solid csg_export
	facet normal -1 0 0
		outer loop
			vertex 5.4667000770569 2.5220000743866 0
			vertex 5.4667000770569 2.5220000743866 0.51999998092651
			vertex 5.4667000770569 17.653699874878 0
		endloop
	endfacet
	facet normal -0 0 1
		outer loop
			vertex 5.4667000770569 2.5220000743866 0.51999998092651
			vertex 7.4200000762939 2.4792189598083 0.51999998092651
			vertex 7.4200000762939 15.064697265625 0.51999998092651
		endloop
	endfacet
	facet normal 0 0 -1
		outer loop
			vertex 5.4667000770569 2.5220000743866 0
			vertex 6.1500477790833 17.653699874878 0
			vertex 10.250052452087 2.5220000743866 0
		endloop
	endfacet
	facet normal -1 0 0
		outer loop
			vertex 5.4667000770569 2.5220000743866 0.51999998092651
			vertex 5.4667000770569 16.075700759888 0.51999998092651
			vertex 5.4667000770569 17.653699874878 0
		endloop
	endfacet
	facet normal 0 0 1
		outer loop
			vertex 5.4667000770569 2.5220000743866 0.51999998092651
			vertex 5.9867000579834 16.075700759888 0.51999998092651
			vertex 5.4667000770569 16.075700759888 0.51999998092651
		endloop
	endfacet
	facet normal 0 0 1
		outer loop
			vertex 5.4667000770569 2.5220000743866 0.51999998092651
			vertex 6.1214914321899 17.759092330933 0.51999998092651
			vertex 5.9867000579834 16.075700759888 0.51999998092651
		endloop
	endfacet
	facet normal 0 0 -1
		outer loop
			vertex 5.4667000770569 2.5220000743866 0
			vertex 5.4667000770569 17.653699874878 0
			vertex 6.1500477790833 17.653699874878 0
		endloop
	endfacet
	facet normal 0 0 1
		outer loop
			vertex 5.4667000770569 2.5220000743866 0.51999998092651
			vertex 7.4200000762939 15.064697265625 0.51999998092651
			vertex 6.1214914321899 17.759092330933 0.51999998092651
		endloop
	endfacet
	facet normal -1 0 0
		outer loop
			vertex 5.4667000770569 16.075700759888 0.51999998092651
			vertex 5.4667000770569 17.653699874878 0.51999998092651
			vertex 5.4667000770569 17.653699874878 0
		endloop
	endfacet
	facet normal 0 0 1
		outer loop
			vertex 5.9867000579834 16.075700759888 0.51999998092651
			vertex 6.1214914321899 17.759092330933 0.51999998092651
			vertex 5.9867000579834 17.756771087646 0.51999998092651
		endloop
	endfacet
	facet normal 0 -0 1
		outer loop
			vertex 7.4200000762939 15.064697265625 0.51999998092651
			vertex 7.9400000572205 15.064697265625 0.51999998092651
			vertex 5.9867000579834 18.256559371948 0.51999998092651
		endloop
	endfacet
	facet normal 0 0 1
		outer loop
			vertex 7.4200000762939 15.064697265625 0.51999998092651
			vertex 5.9867000579834 18.256559371948 0.51999998092651
			vertex 6.1214914321899 17.759092330933 0.51999998092651
		endloop
	endfacet
	facet normal 0 -0 1
		outer loop
			vertex 7.9400000572205 15.064697265625 0.51999998092651
			vertex 10.41339969635 16.075700759888 0.51999998092651
			vertex 5.9867000579834 18.256559371948 0.51999998092651
		endloop
	endfacet
	facet normal 0 0 1
		outer loop
			vertex 5.9867000579834 18.256559371948 0.51999998092651
			vertex 10.41339969635 19.968040466309 0.51999998092651
			vertex 5.9867000579834 19.799884796143 0.51999998092651
		endloop
	endfacet
	facet normal 0 0 -1
		outer loop
			vertex 5.4667000770569 2.5220000743866 0
			vertex 10.250052452087 2.5220000743866 0
			vertex 10.256706237793 2.4974429607391 0
		endloop
	endfacet
	facet normal -0 -0 1
		outer loop
			vertex 10.703084945679 0.85001164674759 0.51999998092651
			vertex 10.933400154114 0.60627061128616 0.51999998092651
			vertex 10.43397808075 1.84319460392 0.51999998092651
		endloop
	endfacet
	facet normal 0 -0 1
		outer loop
			vertex 10.785744667053 0.54494547843933 0.51999998092651
			vertex 10.933400154114 0.60627061128616 0.51999998092651
			vertex 10.76949596405 0.60491275787354 0.51999998092651
		endloop
	endfacet
	facet normal 0 0 1
		outer loop
			vertex 10.785744667053 0.54494547843933 0.51999998092651
			vertex 10.933400154114 0.55278360843658 0.51999998092651
			vertex 10.933400154114 0.60627061128616 0.51999998092651
		endloop
	endfacet
	facet normal 0 0 1
		outer loop
			vertex 10.703084945679 0.85001164674759 0.51999998092651
			vertex 10.76949596405 0.60491275787354 0.51999998092651
			vertex 10.933400154114 0.60627061128616 0.51999998092651
		endloop
	endfacet
	facet normal 0 0 1
		outer loop
			vertex 10.933400154114 0.60627061128616 0.51999998092651
			vertex 10.278608322144 2.4166100025177 0.51999998092651
			vertex 10.43397808075 1.84319460392 0.51999998092651
		endloop
	endfacet
	facet normal -0 0 1
		outer loop
			vertex 7.9400000572205 2.4678299427032 0.51999998092651
			vertex 10.278608322144 2.4166100025177 0.51999998092651
			vertex 7.9400000572205 15.064697265625 0.51999998092651
		endloop
	endfacet
	facet normal 0 0 1
		outer loop
			vertex 7.9400000572205 15.064697265625 0.51999998092651
			vertex 10.278608322144 2.4166100025177 0.51999998092651
			vertex 10.933400154114 0.60627061128616 0.51999998092651
		endloop
	endfacet
	facet normal 0 0 1
		outer loop
			vertex 7.9400000572205 15.064697265625 0.51999998092651
			vertex 10.933400154114 0.60627061128616 0.51999998092651
			vertex 10.933400154114 0.81219565868378 0.51999998092651
		endloop
	endfacet
	facet normal 0 0 1
		outer loop
			vertex 7.9400000572205 15.064697265625 0.51999998092651
			vertex 10.933400154114 0.81219565868378 0.51999998092651
			vertex 10.933400154114 1.8175696134567 0.51999998092651
		endloop
	endfacet
	facet normal 0 0 1
		outer loop
			vertex 7.9400000572205 15.064697265625 0.51999998092651
			vertex 10.933400154114 1.8175696134567 0.51999998092651
			vertex 10.933400154114 2.5220000743866 0.51999998092651
		endloop
	endfacet
	facet normal 1 0 0
		outer loop
			vertex 10.933400154114 2.5220000743866 0
			vertex 10.933400154114 16.075700759888 0.51999998092651
			vertex 10.933400154114 2.5220000743866 0.51999998092651
		endloop
	endfacet
	facet normal 0 0 -1
		outer loop
			vertex 10.250052452087 2.5220000743866 0
			vertex 10.933400154114 17.653699874878 0
			vertex 10.933400154114 2.5220000743866 0
		endloop
	endfacet
	facet normal 0 0 -1
		outer loop
			vertex 6.1500477790833 17.653699874878 0
			vertex 10.933400154114 17.653699874878 0
			vertex 10.250052452087 2.5220000743866 0
		endloop
	endfacet
	facet normal -0 0 1
		outer loop
			vertex 7.9400000572205 15.064697265625 0.51999998092651
			vertex 10.933400154114 2.5220000743866 0.51999998092651
			vertex 10.933400154114 16.075700759888 0.51999998092651
		endloop
	endfacet
	facet normal 1 0 0
		outer loop
			vertex 10.933400154114 2.5220000743866 0
			vertex 10.933400154114 17.653699874878 0.51999998092651
			vertex 10.933400154114 16.075700759888 0.51999998092651
		endloop
	endfacet
	facet normal 1 0 0
		outer loop
			vertex 10.933400154114 2.5220000743866 0
			vertex 10.933400154114 17.653699874878 0
			vertex 10.933400154114 17.653699874878 0.51999998092651
		endloop
	endfacet
	facet normal 0 0 1
		outer loop
			vertex 7.9400000572205 15.064697265625 0.51999998092651
			vertex 10.933400154114 16.075700759888 0.51999998092651
			vertex 10.41339969635 16.075700759888 0.51999998092651
		endloop
	endfacet
	facet normal -0 0 1
		outer loop
			vertex 5.9867000579834 18.256559371948 0.51999998092651
			vertex 10.41339969635 16.075700759888 0.51999998092651
			vertex 10.41339969635 19.968040466309 0.51999998092651
		endloop
	endfacet
	facet normal 0 0 -1
		outer loop
			vertex 0.51999998092651 0.51999998092651 0
			vertex 0.51999998092651 0.95065480470657 0
			vertex 0.52020001411438 0.95061498880386 0
		endloop
	endfacet
	facet normal 0 0 -1
		outer loop
			vertex 0.51999998092651 0.51999998092651 0
			vertex 0.52020001411438 0.95061498880386 0
			vertex 0.89806002378464 0.95061498880386 0
		endloop
	endfacet
	facet normal 0 0 -1
		outer loop
			vertex 0.51999998092651 0.51999998092651 0
			vertex 0.89806002378464 0.95061498880386 0
			vertex 0.91355293989182 0.95369672775269 0
		endloop
	endfacet
	facet normal 0 0 -1
		outer loop
			vertex 0.56068497896194 1.0315849781036 0
			vertex 0.88129055500031 1.4904149770737 0
			vertex 0.88129055500031 1.0315849781036 0
		endloop
	endfacet
	facet normal 0 0 -1
		outer loop
			vertex 0.88129055500031 1.0315849781036 0
			vertex 1.0195150375366 1.3521906137466 0
			vertex 1.0195150375366 1.16980946064 0
		endloop
	endfacet
	facet normal 0 0 -1
		outer loop
			vertex 0.56068497896194 1.0315849781036 0
			vertex 0.56068497896194 1.4904149770737 0
			vertex 0.88129055500031 1.4904149770737 0
		endloop
	endfacet
	facet normal 0 0 -1
		outer loop
			vertex 0.51999998092651 1.5713452100754 0
			vertex 0.51999998092651 2.4585218429565 0
			vertex 0.52020001411438 1.5713850259781 0
		endloop
	endfacet
	facet normal 0 0 -1
		outer loop
			vertex 0.52020001411438 1.5713850259781 0
			vertex 0.51999998092651 2.4585218429565 0
			vertex 0.89806002378464 1.5713850259781 0
		endloop
	endfacet
	facet normal 0 0 -1
		outer loop
			vertex 0.88129055500031 1.0315849781036 0
			vertex 0.88129055500031 1.4904149770737 0
			vertex 1.0195150375366 1.3521906137466 0
		endloop
	endfacet
	facet normal 0 0 -1
		outer loop
			vertex 0.91355293989182 1.5683032274246 0
			vertex 1.1393327713013 1.4515671730042 0
			vertex 0.92668724060059 1.5595271587372 0
		endloop
	endfacet
	facet normal 0 0 -1
		outer loop
			vertex 0.89806002378464 1.5713850259781 0
			vertex 1.2472927570343 1.5595271587372 0
			vertex 0.91355293989182 1.5683032274246 0
		endloop
	endfacet
	facet normal 0 0 -1
		outer loop
			vertex 0.89806002378464 1.5713850259781 0
			vertex 0.51999998092651 2.4585218429565 0
			vertex 1.2759200334549 1.5713850259781 0
		endloop
	endfacet
	facet normal 0 0 -1
		outer loop
			vertex 0.92668724060059 0.96247279644012 0
			vertex 1.0886272192001 1.1244127750397 0
			vertex 1.1274750232697 1.0990600585938 0
		endloop
	endfacet
	facet normal 0 0 -1
		outer loop
			vertex 0.92668724060059 0.96247279644012 0
			vertex 1.1305567026138 1.0835670232773 0
			vertex 1.1393327713013 1.0704327821732 0
		endloop
	endfacet
	facet normal 0 0 -1
		outer loop
			vertex 0.92668724060059 0.96247279644012 0
			vertex 1.1274750232697 1.0990600585938 0
			vertex 1.1305567026138 1.0835670232773 0
		endloop
	endfacet
	facet normal 0 0 -1
		outer loop
			vertex 0.92668724060059 0.96247279644012 0
			vertex 1.1393327713013 1.0704327821732 0
			vertex 1.2472927570343 0.96247279644012 0
		endloop
	endfacet
	facet normal 0 0 -1
		outer loop
			vertex 0.92668724060059 0.96247279644012 0
			vertex 1.2472927570343 0.96247279644012 0
			vertex 1.2604271173477 0.95369672775269 0
		endloop
	endfacet
	facet normal 0 0 -1
		outer loop
			vertex 1.1274750232697 1.0990600585938 0
			vertex 1.0886272192001 1.1244127750397 0
			vertex 1.0974032878876 1.1375470161438 0
		endloop
	endfacet
	facet normal 0 0 -1
		outer loop
			vertex 1.1274750232697 1.0990600585938 0
			vertex 1.0974032878876 1.1375470161438 0
			vertex 1.1004849672318 1.1530400514603 0
		endloop
	endfacet
	facet normal 0 0 -1
		outer loop
			vertex 1.1274750232697 1.0990600585938 0
			vertex 1.1004849672318 1.1530400514603 0
			vertex 1.1004849672318 1.3689600229263 0
		endloop
	endfacet
	facet normal 0 0 -1
		outer loop
			vertex 0.92668724060059 0.96247279644012 0
			vertex 1.2604271173477 0.95369672775269 0
			vertex 1.2759200334549 0.95061498880386 0
		endloop
	endfacet
	facet normal 0 0 -1
		outer loop
			vertex 1.2084449529648 1.1158294677734 0
			vertex 1.5830305814743 1.4904149770737 0
			vertex 1.2926894426346 1.0315849781036 0
		endloop
	endfacet
	facet normal 0 0 -1
		outer loop
			vertex 1.2926894426346 1.0315849781036 0
			vertex 1.5830305814743 1.4904149770737 0
			vertex 1.5830305814743 1.0315849781036 0
		endloop
	endfacet
	facet normal 0 0 1
		outer loop
			vertex 0.51999998092651 0 0.51999998092651
			vertex 4.0999999046326 0.51999998092651 0.51999998092651
			vertex 0.51999998092651 0.51999998092651 0.51999998092651
		endloop
	endfacet
	facet normal 0 0 -1
		outer loop
			vertex 1.5830305814743 1.0315849781036 0
			vertex 1.6791328191757 1.3943127393723 0
			vertex 1.6791328191757 1.1276872158051 0
		endloop
	endfacet
	facet normal 0 0 -1
		outer loop
			vertex 1.599799990654 0.95061498880386 0
			vertex 1.6152929067612 0.95369672775269 0
			vertex 1.9236799478531 0.95061498880386 0
		endloop
	endfacet
	facet normal 0 0 -1
		outer loop
			vertex 1.6152929067612 0.95369672775269 0
			vertex 1.6284272670746 0.96247279644012 0
			vertex 1.9081870317459 0.95369672775269 0
		endloop
	endfacet
	facet normal 0 0 -1
		outer loop
			vertex 1.6284272670746 0.96247279644012 0
			vertex 1.7363872528076 1.0704327821732 0
			vertex 1.8950527906418 0.96247279644012 0
		endloop
	endfacet
	facet normal 0 -0 -1
		outer loop
			vertex 1.7451633214951 1.0835670232773 0
			vertex 1.7870928049088 1.0704327821732 0
			vertex 1.7363872528076 1.0704327821732 0
		endloop
	endfacet
	facet normal 0 0 -1
		outer loop
			vertex 1.7451633214951 1.0835670232773 0
			vertex 1.7482450008392 1.0990600585938 0
			vertex 1.7783167362213 1.0835670232773 0
		endloop
	endfacet
	facet normal 0 0 -1
		outer loop
			vertex 1.7451633214951 1.0835670232773 0
			vertex 1.7783167362213 1.0835670232773 0
			vertex 1.7870928049088 1.0704327821732 0
		endloop
	endfacet
	facet normal 0 0 -1
		outer loop
			vertex 1.7482450008392 1.0990600585938 0
			vertex 1.7752350568771 1.0990600585938 0
			vertex 1.7783167362213 1.0835670232773 0
		endloop
	endfacet
	facet normal 0 0 -1
		outer loop
			vertex 1.6791328191757 1.1276872158051 0
			vertex 1.6922670602798 1.3855367898941 0
			vertex 1.6922670602798 1.1364632844925 0
		endloop
	endfacet
	facet normal 0 0 -1
		outer loop
			vertex 1.6922670602798 1.1364632844925 0
			vertex 1.6922670602798 1.3855367898941 0
			vertex 1.707759976387 1.1395449638367 0
		endloop
	endfacet
	facet normal 0 0 -1
		outer loop
			vertex 1.707759976387 1.1395449638367 0
			vertex 1.6922670602798 1.3855367898941 0
			vertex 1.7232528924942 1.1364632844925 0
		endloop
	endfacet
	facet normal 0 0 -1
		outer loop
			vertex 1.7232528924942 1.1364632844925 0
			vertex 1.6922670602798 1.3855367898941 0
			vertex 1.7363872528076 1.1276872158051 0
		endloop
	endfacet
	facet normal 0 0 -1
		outer loop
			vertex 1.7752350568771 1.0990600585938 0
			vertex 1.7451633214951 1.1145529747009 0
			vertex 1.7363872528076 1.1276872158051 0
		endloop
	endfacet
	facet normal 0 0 -1
		outer loop
			vertex 1.7482450008392 1.0990600585938 0
			vertex 1.7451633214951 1.1145529747009 0
			vertex 1.7752350568771 1.0990600585938 0
		endloop
	endfacet
	facet normal 0 0 -1
		outer loop
			vertex 1.7752350568771 1.0990600585938 0
			vertex 1.7363872528076 1.1276872158051 0
			vertex 1.6922670602798 1.3855367898941 0
		endloop
	endfacet
	facet normal 0 0 -1
		outer loop
			vertex 1.6284272670746 0.96247279644012 0
			vertex 1.8950527906418 0.96247279644012 0
			vertex 1.9081870317459 0.95369672775269 0
		endloop
	endfacet
	facet normal 0 0 -1
		outer loop
			vertex 1.6152929067612 0.95369672775269 0
			vertex 1.9081870317459 0.95369672775269 0
			vertex 1.9236799478531 0.95061498880386 0
		endloop
	endfacet
	facet normal 0 0 -1
		outer loop
			vertex 1.7363872528076 1.0704327821732 0
			vertex 1.7870928049088 1.0704327821732 0
			vertex 1.8950527906418 0.96247279644012 0
		endloop
	endfacet
	facet normal 0 0 -1
		outer loop
			vertex 1.1274750232697 1.0990600585938 0
			vertex 1.1004849672318 1.3689600229263 0
			vertex 1.1274750232697 1.4229400157928 0
		endloop
	endfacet
	facet normal 0 0 -1
		outer loop
			vertex 1.0886272192001 1.3975871801376 0
			vertex 1.1274750232697 1.4229400157928 0
			vertex 1.0974032878876 1.3844529390335 0
		endloop
	endfacet
	facet normal 0 0 -1
		outer loop
			vertex 1.1004849672318 1.3689600229263 0
			vertex 1.0974032878876 1.3844529390335 0
			vertex 1.1274750232697 1.4229400157928 0
		endloop
	endfacet
	facet normal 0 0 -1
		outer loop
			vertex 0.92668724060059 1.5595271587372 0
			vertex 1.1274750232697 1.4229400157928 0
			vertex 1.0886272192001 1.3975871801376 0
		endloop
	endfacet
	facet normal 0 0 -1
		outer loop
			vertex 0.92668724060059 1.5595271587372 0
			vertex 1.1305567026138 1.4384329319 0
			vertex 1.1274750232697 1.4229400157928 0
		endloop
	endfacet
	facet normal 0 0 -1
		outer loop
			vertex 0.92668724060059 1.5595271587372 0
			vertex 1.1393327713013 1.4515671730042 0
			vertex 1.1305567026138 1.4384329319 0
		endloop
	endfacet
	facet normal 0 0 -1
		outer loop
			vertex 0.91355293989182 1.5683032274246 0
			vertex 1.2472927570343 1.5595271587372 0
			vertex 1.1393327713013 1.4515671730042 0
		endloop
	endfacet
	facet normal 0 0 -1
		outer loop
			vertex 0.89806002378464 1.5713850259781 0
			vertex 1.2604271173477 1.5683032274246 0
			vertex 1.2472927570343 1.5595271587372 0
		endloop
	endfacet
	facet normal 0 0 -1
		outer loop
			vertex 0.89806002378464 1.5713850259781 0
			vertex 1.2759200334549 1.5713850259781 0
			vertex 1.2604271173477 1.5683032274246 0
		endloop
	endfacet
	facet normal 0 0 -1
		outer loop
			vertex 1.2084449529648 1.1158294677734 0
			vertex 1.2084449529648 1.4061706066132 0
			vertex 1.5830305814743 1.4904149770737 0
		endloop
	endfacet
	facet normal 0 0 -1
		outer loop
			vertex 1.2084449529648 1.4061706066132 0
			vertex 1.2926894426346 1.4904149770737 0
			vertex 1.5830305814743 1.4904149770737 0
		endloop
	endfacet
	facet normal 0 0 -1
		outer loop
			vertex 0.51999998092651 2.4585218429565 0
			vertex 2.0270926952362 2.2745463848114 0
			vertex 1.2759200334549 1.5713850259781 0
		endloop
	endfacet
	facet normal 0 0 -1
		outer loop
			vertex 1.5830305814743 1.0315849781036 0
			vertex 1.5830305814743 1.4904149770737 0
			vertex 1.6791328191757 1.3943127393723 0
		endloop
	endfacet
	facet normal 0 0 -1
		outer loop
			vertex 1.6791328191757 1.1276872158051 0
			vertex 1.6791328191757 1.3943127393723 0
			vertex 1.6922670602798 1.3855367898941 0
		endloop
	endfacet
	facet normal 0 0 -1
		outer loop
			vertex 1.7752350568771 1.0990600585938 0
			vertex 1.6922670602798 1.3855367898941 0
			vertex 1.707759976387 1.3824549913406 0
		endloop
	endfacet
	facet normal 0 0 -1
		outer loop
			vertex 1.7752350568771 1.0990600585938 0
			vertex 1.7232528924942 1.3855367898941 0
			vertex 1.7363872528076 1.3943127393723 0
		endloop
	endfacet
	facet normal 0 0 -1
		outer loop
			vertex 1.7752350568771 1.0990600585938 0
			vertex 1.707759976387 1.3824549913406 0
			vertex 1.7232528924942 1.3855367898941 0
		endloop
	endfacet
	facet normal 0 0 -1
		outer loop
			vertex 1.7752350568771 1.0990600585938 0
			vertex 1.7363872528076 1.3943127393723 0
			vertex 1.7451633214951 1.4074470996857 0
		endloop
	endfacet
	facet normal 0 0 -1
		outer loop
			vertex 1.7752350568771 1.0990600585938 0
			vertex 1.7451633214951 1.4074470996857 0
			vertex 1.7482450008392 1.4229400157928 0
		endloop
	endfacet
	facet normal 0 0 -1
		outer loop
			vertex 1.7752350568771 1.0990600585938 0
			vertex 1.7482450008392 1.4229400157928 0
			vertex 1.7752350568771 1.4229400157928 0
		endloop
	endfacet
	facet normal 0 0 -1
		outer loop
			vertex 1.7451633214951 1.4384329319 0
			vertex 1.7752350568771 1.4229400157928 0
			vertex 1.7482450008392 1.4229400157928 0
		endloop
	endfacet
	facet normal 0 0 -1
		outer loop
			vertex 1.7363872528076 1.4515671730042 0
			vertex 1.7783167362213 1.4384329319 0
			vertex 1.7451633214951 1.4384329319 0
		endloop
	endfacet
	facet normal 0 0 -1
		outer loop
			vertex 1.7451633214951 1.4384329319 0
			vertex 1.7783167362213 1.4384329319 0
			vertex 1.7752350568771 1.4229400157928 0
		endloop
	endfacet
	facet normal 0 0 -1
		outer loop
			vertex 1.2759200334549 1.5713850259781 0
			vertex 2.0279903411865 2.2743990421295 0
			vertex 1.599799990654 1.5713850259781 0
		endloop
	endfacet
	facet normal 0 0 -1
		outer loop
			vertex 1.599799990654 1.5713850259781 0
			vertex 2.0279903411865 2.2743990421295 0
			vertex 1.6152929067612 1.5683032274246 0
		endloop
	endfacet
	facet normal 0 0 -1
		outer loop
			vertex 1.6152929067612 1.5683032274246 0
			vertex 2.0279903411865 2.2743990421295 0
			vertex 1.6284272670746 1.5595271587372 0
		endloop
	endfacet
	facet normal 0 0 -1
		outer loop
			vertex 1.8562049865723 1.1158294677734 0
			vertex 1.8562049865723 1.4061706066132 0
			vertex 2.4229950904846 1.3689600229263 0
		endloop
	endfacet
	facet normal 0 0 -1
		outer loop
			vertex 1.8562049865723 1.4061706066132 0
			vertex 1.9404494762421 1.4904149770737 0
			vertex 2.2307906150818 1.4904149770737 0
		endloop
	endfacet
	facet normal 0 0 -1
		outer loop
			vertex 1.7363872528076 1.4515671730042 0
			vertex 2.0279903411865 2.2743990421295 0
			vertex 1.7783167362213 1.4384329319 0
		endloop
	endfacet
	facet normal -0 0 -1
		outer loop
			vertex 1.7870928049088 1.4515671730042 0
			vertex 1.7783167362213 1.4384329319 0
			vertex 2.0279903411865 2.2743990421295 0
		endloop
	endfacet
	facet normal 0 0 -1
		outer loop
			vertex 1.6284272670746 1.5595271587372 0
			vertex 2.0279903411865 2.2743990421295 0
			vertex 1.7363872528076 1.4515671730042 0
		endloop
	endfacet
	facet normal 0 0 -1
		outer loop
			vertex 1.7870928049088 1.4515671730042 0
			vertex 2.0279903411865 2.2743990421295 0
			vertex 1.8950527906418 1.5595271587372 0
		endloop
	endfacet
	facet normal 0 0 -1
		outer loop
			vertex 1.8950527906418 1.5595271587372 0
			vertex 2.0279903411865 2.2743990421295 0
			vertex 1.9081870317459 1.5683032274246 0
		endloop
	endfacet
	facet normal 0 0 -1
		outer loop
			vertex 1.9081870317459 1.5683032274246 0
			vertex 2.0279903411865 2.2743990421295 0
			vertex 1.9236799478531 1.5713850259781 0
		endloop
	endfacet
	facet normal 0 0 -1
		outer loop
			vertex 1.2759200334549 1.5713850259781 0
			vertex 2.0270926952362 2.2745463848114 0
			vertex 2.0279903411865 2.2743990421295 0
		endloop
	endfacet
	facet normal 0 0 -1
		outer loop
			vertex 1.8562049865723 1.1158294677734 0
			vertex 2.4348528385162 1.3403327465057 0
			vertex 1.9404494762421 1.0315849781036 0
		endloop
	endfacet
	facet normal 0 0 -1
		outer loop
			vertex 1.9404494762421 1.0315849781036 0
			vertex 2.4348528385162 1.3403327465057 0
			vertex 2.2307906150818 1.0315849781036 0
		endloop
	endfacet
	facet normal 0 0 -1
		outer loop
			vertex 2.2307906150818 1.0315849781036 0
			vertex 2.4348528385162 1.3403327465057 0
			vertex 2.3268928527832 1.1276872158051 0
		endloop
	endfacet
	facet normal 0 0 -1
		outer loop
			vertex 2.3268928527832 1.1276872158051 0
			vertex 2.4348528385162 1.3403327465057 0
			vertex 2.3400270938873 1.1364632844925 0
		endloop
	endfacet
	facet normal 0 0 -1
		outer loop
			vertex 2.3400270938873 1.1364632844925 0
			vertex 2.4348528385162 1.3403327465057 0
			vertex 2.3555200099945 1.1395449638367 0
		endloop
	endfacet
	facet normal 0 0 -1
		outer loop
			vertex 2.3555200099945 1.1395449638367 0
			vertex 2.4348528385162 1.3403327465057 0
			vertex 2.3710129261017 1.1364632844925 0
		endloop
	endfacet
	facet normal 0 0 -1
		outer loop
			vertex 2.2630529403687 0.95369672775269 0
			vertex 2.2761871814728 0.96247279644012 0
			vertex 2.8258471488953 0.95369672775269 0
		endloop
	endfacet
	facet normal 0 0 -1
		outer loop
			vertex 2.2475600242615 0.95061498880386 0
			vertex 2.2630529403687 0.95369672775269 0
			vertex 2.8413400650024 0.95061498880386 0
		endloop
	endfacet
	facet normal 0 0 -1
		outer loop
			vertex 2.2761871814728 0.96247279644012 0
			vertex 2.3841471672058 1.0704327821732 0
			vertex 2.8127126693726 0.96247279644012 0
		endloop
	endfacet
	facet normal 0 0 -1
		outer loop
			vertex 2.3841471672058 1.0704327821732 0
			vertex 2.3929233551025 1.0835670232773 0
			vertex 2.8127126693726 0.96247279644012 0
		endloop
	endfacet
	facet normal 0 0 -1
		outer loop
			vertex 2.3710129261017 1.1364632844925 0
			vertex 2.8127126693726 0.96247279644012 0
			vertex 2.3841471672058 1.1276872158051 0
		endloop
	endfacet
	facet normal 0 0 -1
		outer loop
			vertex 2.3841471672058 1.1276872158051 0
			vertex 2.8127126693726 0.96247279644012 0
			vertex 2.3929233551025 1.1145529747009 0
		endloop
	endfacet
	facet normal 0 0 -1
		outer loop
			vertex 2.3960049152374 1.0990600585938 0
			vertex 2.3929233551025 1.1145529747009 0
			vertex 2.8127126693726 0.96247279644012 0
		endloop
	endfacet
	facet normal 0 0 -1
		outer loop
			vertex 2.3929233551025 1.0835670232773 0
			vertex 2.3960049152374 1.0990600585938 0
			vertex 2.8127126693726 0.96247279644012 0
		endloop
	endfacet
	facet normal 0 0 -1
		outer loop
			vertex 2.3710129261017 1.1364632844925 0
			vertex 2.4348528385162 1.3403327465057 0
			vertex 2.8127126693726 0.96247279644012 0
		endloop
	endfacet
	facet normal 0 0 1
		outer loop
			vertex 0.51999998092651 0 0.51999998092651
			vertex 4.0999999046326 0 0.51999998092651
			vertex 4.0999999046326 0.51999998092651 0.51999998092651
		endloop
	endfacet
	facet normal 0 0 -1
		outer loop
			vertex 2.2761871814728 0.96247279644012 0
			vertex 2.8127126693726 0.96247279644012 0
			vertex 2.8258471488953 0.95369672775269 0
		endloop
	endfacet
	facet normal 0 0 -1
		outer loop
			vertex 2.2630529403687 0.95369672775269 0
			vertex 2.8258471488953 0.95369672775269 0
			vertex 2.8413400650024 0.95061498880386 0
		endloop
	endfacet
	facet normal 0 0 -1
		outer loop
			vertex 2.8008549213409 1.0888394117355 0
			vertex 2.5612194538116 1.3284749984741 0
			vertex 2.8008549213409 1.3284749984741 0
		endloop
	endfacet
	facet normal 0 0 -1
		outer loop
			vertex 2.8568329811096 0.95369672775269 0
			vertex 2.8699672222137 0.96247279644012 0
			vertex 3.0957469940186 0.95369672775269 0
		endloop
	endfacet
	facet normal 0 0 -1
		outer loop
			vertex 2.8413400650024 0.95061498880386 0
			vertex 2.8568329811096 0.95369672775269 0
			vertex 3.1112399101257 0.95061498880386 0
		endloop
	endfacet
	facet normal 0 0 -1
		outer loop
			vertex 2.8787431716919 0.97560703754425 0
			vertex 2.8818249702454 0.99110001325607 0
			vertex 3.0738368034363 0.97560703754425 0
		endloop
	endfacet
	facet normal 0 0 -1
		outer loop
			vertex 2.8699672222137 0.96247279644012 0
			vertex 2.8787431716919 0.97560703754425 0
			vertex 3.0826127529144 0.96247279644012 0
		endloop
	endfacet
	facet normal 0 0 -1
		outer loop
			vertex 2.8818249702454 0.99110001325607 0
			vertex 2.8818249702454 1.3284749984741 0
			vertex 3.0032799243927 1.3284749984741 0
		endloop
	endfacet
	facet normal 0 0 -1
		outer loop
			vertex 2.8818249702454 0.99110001325607 0
			vertex 3.0707550048828 0.99110001325607 0
			vertex 3.0738368034363 0.97560703754425 0
		endloop
	endfacet
	facet normal 0 0 -1
		outer loop
			vertex 2.8699672222137 0.96247279644012 0
			vertex 3.0826127529144 0.96247279644012 0
			vertex 3.0957469940186 0.95369672775269 0
		endloop
	endfacet
	facet normal 0 0 -1
		outer loop
			vertex 2.8568329811096 0.95369672775269 0
			vertex 3.0957469940186 0.95369672775269 0
			vertex 3.1112399101257 0.95061498880386 0
		endloop
	endfacet
	facet normal 0 0 -1
		outer loop
			vertex 2.8787431716919 0.97560703754425 0
			vertex 3.0738368034363 0.97560703754425 0
			vertex 3.0826127529144 0.96247279644012 0
		endloop
	endfacet
	facet normal 0 0 -1
		outer loop
			vertex 2.8818249702454 0.99110001325607 0
			vertex 3.0319073200226 1.3403327465057 0
			vertex 3.0707550048828 0.99110001325607 0
		endloop
	endfacet
	facet normal 0 0 -1
		outer loop
			vertex 2.8818249702454 0.99110001325607 0
			vertex 3.0032799243927 1.3284749984741 0
			vertex 3.0187728404999 1.3315566778183 0
		endloop
	endfacet
	facet normal 0 0 -1
		outer loop
			vertex 2.8818249702454 0.99110001325607 0
			vertex 3.0187728404999 1.3315566778183 0
			vertex 3.0319073200226 1.3403327465057 0
		endloop
	endfacet
	facet normal 0 0 -1
		outer loop
			vertex 3.0707550048828 0.99110001325607 0
			vertex 3.0406832695007 1.3534671068192 0
			vertex 3.0437650680542 1.3689600229263 0
		endloop
	endfacet
	facet normal 0 0 -1
		outer loop
			vertex 3.0707550048828 0.99110001325607 0
			vertex 3.0319073200226 1.3403327465057 0
			vertex 3.0406832695007 1.3534671068192 0
		endloop
	endfacet
	facet normal 0 0 -1
		outer loop
			vertex 1.8562049865723 1.4061706066132 0
			vertex 2.3268928527832 1.3943127393723 0
			vertex 2.3400270938873 1.3855367898941 0
		endloop
	endfacet
	facet normal 0 0 -1
		outer loop
			vertex 1.8562049865723 1.4061706066132 0
			vertex 2.2307906150818 1.4904149770737 0
			vertex 2.3268928527832 1.3943127393723 0
		endloop
	endfacet
	facet normal 0 0 -1
		outer loop
			vertex 1.8562049865723 1.1158294677734 0
			vertex 2.4229950904846 1.3689600229263 0
			vertex 2.4260766506195 1.3534671068192 0
		endloop
	endfacet
	facet normal 0 0 -1
		outer loop
			vertex 1.8562049865723 1.1158294677734 0
			vertex 2.4260766506195 1.3534671068192 0
			vertex 2.4348528385162 1.3403327465057 0
		endloop
	endfacet
	facet normal 0 0 -1
		outer loop
			vertex 1.8562049865723 1.4061706066132 0
			vertex 2.3400270938873 1.3855367898941 0
			vertex 2.4229950904846 1.3689600229263 0
		endloop
	endfacet
	facet normal 0 0 -1
		outer loop
			vertex 1.9236799478531 1.5713850259781 0
			vertex 2.0279903411865 2.2743990421295 0
			vertex 2.2475600242615 1.5713850259781 0
		endloop
	endfacet
	facet normal 0 0 -1
		outer loop
			vertex 2.0279903411865 2.2743990421295 0
			vertex 2.2630529403687 1.5683032274246 0
			vertex 2.2475600242615 1.5713850259781 0
		endloop
	endfacet
	facet normal 0 0 -1
		outer loop
			vertex 2.0279903411865 2.2743990421295 0
			vertex 2.2761871814728 1.5595271587372 0
			vertex 2.2630529403687 1.5683032274246 0
		endloop
	endfacet
	facet normal 0 0 -1
		outer loop
			vertex 2.3400270938873 1.3855367898941 0
			vertex 2.3555200099945 1.3824549913406 0
			vertex 2.4229950904846 1.3689600229263 0
		endloop
	endfacet
	facet normal 0 0 -1
		outer loop
			vertex 2.3555200099945 1.3824549913406 0
			vertex 2.3710129261017 1.3855367898941 0
			vertex 2.4229950904846 1.3689600229263 0
		endloop
	endfacet
	facet normal 0 -0 -1
		outer loop
			vertex 2.3841471672058 1.3943127393723 0
			vertex 2.4229950904846 1.3689600229263 0
			vertex 2.3710129261017 1.3855367898941 0
		endloop
	endfacet
	facet normal 0 0 -1
		outer loop
			vertex 2.3841471672058 1.3943127393723 0
			vertex 2.3929233551025 1.4074470996857 0
			vertex 2.4229950904846 1.3689600229263 0
		endloop
	endfacet
	facet normal 0 0 -1
		outer loop
			vertex 2.3929233551025 1.4074470996857 0
			vertex 2.4260766506195 1.3844529390335 0
			vertex 2.4229950904846 1.3689600229263 0
		endloop
	endfacet
	facet normal 0 0 -1
		outer loop
			vertex 2.3929233551025 1.4074470996857 0
			vertex 2.3960049152374 1.4229400157928 0
			vertex 2.4260766506195 1.3844529390335 0
		endloop
	endfacet
	facet normal 0 0 -1
		outer loop
			vertex 2.4260766506195 1.3844529390335 0
			vertex 2.3960049152374 1.4229400157928 0
			vertex 2.4348528385162 1.3975871801376 0
		endloop
	endfacet
	facet normal 0 0 -1
		outer loop
			vertex 2.3929233551025 1.4384329319 0
			vertex 2.4479870796204 1.4063632488251 0
			vertex 2.4348528385162 1.3975871801376 0
		endloop
	endfacet
	facet normal 0 0 -1
		outer loop
			vertex 2.3960049152374 1.4229400157928 0
			vertex 2.3929233551025 1.4384329319 0
			vertex 2.4348528385162 1.3975871801376 0
		endloop
	endfacet
	facet normal 0 0 -1
		outer loop
			vertex 2.3929233551025 1.4384329319 0
			vertex 2.4634799957275 1.4094450473785 0
			vertex 2.4479870796204 1.4063632488251 0
		endloop
	endfacet
	facet normal 0 0 -1
		outer loop
			vertex 2.2761871814728 1.5595271587372 0
			vertex 2.8127126693726 1.5595271587372 0
			vertex 2.3841471672058 1.4515671730042 0
		endloop
	endfacet
	facet normal 0 0 -1
		outer loop
			vertex 2.3841471672058 1.4515671730042 0
			vertex 2.8127126693726 1.5595271587372 0
			vertex 2.3929233551025 1.4384329319 0
		endloop
	endfacet
	facet normal 0 0 -1
		outer loop
			vertex 2.3929233551025 1.4384329319 0
			vertex 2.8127126693726 1.5595271587372 0
			vertex 2.4634799957275 1.4094450473785 0
		endloop
	endfacet
	facet normal 0 0 -1
		outer loop
			vertex 2.0279903411865 2.2743990421295 0
			vertex 2.8127126693726 1.5595271587372 0
			vertex 2.2761871814728 1.5595271587372 0
		endloop
	endfacet
	facet normal 0 0 -1
		outer loop
			vertex 2.0279903411865 2.2743990421295 0
			vertex 2.8258471488953 1.5683032274246 0
			vertex 2.8127126693726 1.5595271587372 0
		endloop
	endfacet
	facet normal 0 0 -1
		outer loop
			vertex 2.4634799957275 1.4094450473785 0
			vertex 2.8008549213409 1.5309000015259 0
			vertex 2.8008549213409 1.4094450473785 0
		endloop
	endfacet
	facet normal 0 0 -1
		outer loop
			vertex 2.4634799957275 1.4094450473785 0
			vertex 2.8039367198944 1.5463929176331 0
			vertex 2.8008549213409 1.5309000015259 0
		endloop
	endfacet
	facet normal 0 0 -1
		outer loop
			vertex 2.4634799957275 1.4094450473785 0
			vertex 2.8127126693726 1.5595271587372 0
			vertex 2.8039367198944 1.5463929176331 0
		endloop
	endfacet
	facet normal 0 0 -1
		outer loop
			vertex 2.0279903411865 2.2743990421295 0
			vertex 2.8413400650024 1.5713850259781 0
			vertex 2.8258471488953 1.5683032274246 0
		endloop
	endfacet
	facet normal 0 0 -1
		outer loop
			vertex 2.0279903411865 2.2743990421295 0
			vertex 2.8568329811096 1.5683032274246 0
			vertex 2.8413400650024 1.5713850259781 0
		endloop
	endfacet
	facet normal 0 0 -1
		outer loop
			vertex 2.0279903411865 2.2743990421295 0
			vertex 3.0957469940186 1.5683032274246 0
			vertex 2.8568329811096 1.5683032274246 0
		endloop
	endfacet
	facet normal 0 0 -1
		outer loop
			vertex 2.0279903411865 2.2743990421295 0
			vertex 3.1112399101257 1.5713850259781 0
			vertex 3.0957469940186 1.5683032274246 0
		endloop
	endfacet
	facet normal 0 0 -1
		outer loop
			vertex 2.8818249702454 1.4094450473785 0
			vertex 2.8818249702454 1.5309000015259 0
			vertex 3.0707550048828 1.5309000015259 0
		endloop
	endfacet
	facet normal 0 0 -1
		outer loop
			vertex 2.8818249702454 1.5309000015259 0
			vertex 2.8787431716919 1.5463929176331 0
			vertex 3.0707550048828 1.5309000015259 0
		endloop
	endfacet
	facet normal 0 0 -1
		outer loop
			vertex 2.8787431716919 1.5463929176331 0
			vertex 2.8699672222137 1.5595271587372 0
			vertex 3.0738368034363 1.5463929176331 0
		endloop
	endfacet
	facet normal 0 0 -1
		outer loop
			vertex 2.8568329811096 1.5683032274246 0
			vertex 3.0826127529144 1.5595271587372 0
			vertex 2.8699672222137 1.5595271587372 0
		endloop
	endfacet
	facet normal 0 0 -1
		outer loop
			vertex 3.0707550048828 0.99110001325607 0
			vertex 3.0437650680542 1.3689600229263 0
			vertex 3.0707550048828 1.5309000015259 0
		endloop
	endfacet
	facet normal 0 0 -1
		outer loop
			vertex 2.8818249702454 1.4094450473785 0
			vertex 3.0707550048828 1.5309000015259 0
			vertex 3.0032799243927 1.4094450473785 0
		endloop
	endfacet
	facet normal 0 0 -1
		outer loop
			vertex 2.8787431716919 1.5463929176331 0
			vertex 3.0738368034363 1.5463929176331 0
			vertex 3.0707550048828 1.5309000015259 0
		endloop
	endfacet
	facet normal 0 0 -1
		outer loop
			vertex 2.8699672222137 1.5595271587372 0
			vertex 3.0826127529144 1.5595271587372 0
			vertex 3.0738368034363 1.5463929176331 0
		endloop
	endfacet
	facet normal 0 0 -1
		outer loop
			vertex 3.0032799243927 1.4094450473785 0
			vertex 3.0707550048828 1.5309000015259 0
			vertex 3.0187728404999 1.4063632488251 0
		endloop
	endfacet
	facet normal 0 0 -1
		outer loop
			vertex 3.0187728404999 1.4063632488251 0
			vertex 3.0707550048828 1.5309000015259 0
			vertex 3.0319073200226 1.3975871801376 0
		endloop
	endfacet
	facet normal 0 0 -1
		outer loop
			vertex 3.0319073200226 1.3975871801376 0
			vertex 3.0707550048828 1.5309000015259 0
			vertex 3.0406832695007 1.3844529390335 0
		endloop
	endfacet
	facet normal 0 0 -1
		outer loop
			vertex 3.0406832695007 1.3844529390335 0
			vertex 3.0707550048828 1.5309000015259 0
			vertex 3.0437650680542 1.3689600229263 0
		endloop
	endfacet
	facet normal 0 0 -1
		outer loop
			vertex 2.8568329811096 1.5683032274246 0
			vertex 3.0957469940186 1.5683032274246 0
			vertex 3.0826127529144 1.5595271587372 0
		endloop
	endfacet
	facet normal 0 0 -1
		outer loop
			vertex 2.0279903411865 2.2743990421295 0
			vertex 3.4890999794006 1.5713850259781 0
			vertex 3.1112399101257 1.5713850259781 0
		endloop
	endfacet
	facet normal 0 0 -1
		outer loop
			vertex 2.0279903411865 2.2743990421295 0
			vertex 3.5045928955078 1.5683032274246 0
			vertex 3.4890999794006 1.5713850259781 0
		endloop
	endfacet
	facet normal 0 0 -1
		outer loop
			vertex 3.1517250537872 1.0315849781036 0
			vertex 3.1517250537872 1.2205150127411 0
			vertex 3.4825301170349 1.2205150127411 0
		endloop
	endfacet
	facet normal 0 0 -1
		outer loop
			vertex 3.1517250537872 1.0315849781036 0
			vertex 3.4825301170349 1.2205150127411 0
			vertex 3.4768421649933 1.0315849781036 0
		endloop
	endfacet
	facet normal 0 0 -1
		outer loop
			vertex 3.5045928955078 0.95369672775269 0
			vertex 3.5111255645752 0.95806169509888 0
			vertex 3.5115571022034 0.95741444826126 0
		endloop
	endfacet
	facet normal 0 0 -1
		outer loop
			vertex 3.4768421649933 1.0315849781036 0
			vertex 3.4825301170349 1.2205150127411 0
			vertex 3.610554933548 1.1778401136398 0
		endloop
	endfacet
	facet normal 0 0 -1
		outer loop
			vertex 3.4768421649933 1.0315849781036 0
			vertex 3.610554933548 1.1778401136398 0
			vertex 3.610554933548 1.1207269430161 0
		endloop
	endfacet
	facet normal 0 0 1
		outer loop
			vertex 0.51999998092651 0.51999998092651 0.51999998092651
			vertex 4.0999999046326 0.51999998092651 0.51999998092651
			vertex 7.4200000762939 0.57716357707977 0.51999998092651
		endloop
	endfacet
	facet normal 0 0 -1
		outer loop
			vertex 3.5045928955078 0.95369672775269 0
			vertex 3.5115571022034 0.95741444826126 0
			vertex 4.1213669776917 0.95369672775269 0
		endloop
	endfacet
	facet normal 0 0 -1
		outer loop
			vertex 3.4890999794006 0.95061498880386 0
			vertex 3.5045928955078 0.95369672775269 0
			vertex 4.1368598937988 0.95061498880386 0
		endloop
	endfacet
	facet normal 0 0 -1
		outer loop
			vertex 3.673065662384 1.0660216808319 0
			vertex 3.6796672344208 1.0704327821732 0
			vertex 3.6734969615936 1.0653744935989 0
		endloop
	endfacet
	facet normal 0 -0 -1
		outer loop
			vertex 3.6638424396515 1.2454274892807 0
			vertex 3.6665329933167 1.2444232702255 0
			vertex 3.6636958122253 1.2449876070023 0
		endloop
	endfacet
	facet normal 0 0 -1
		outer loop
			vertex 3.6638424396515 1.2454274892807 0
			vertex 3.6638424396515 1.2765725851059 0
			vertex 3.6665329933167 1.2444232702255 0
		endloop
	endfacet
	facet normal 0 0 -1
		outer loop
			vertex 3.5115571022034 0.95741444826126 0
			vertex 3.6734969615936 1.0653744935989 0
			vertex 4.1213669776917 0.95369672775269 0
		endloop
	endfacet
	facet normal 0 0 -1
		outer loop
			vertex 3.6796672344208 1.0704327821732 0
			vertex 3.6884431838989 1.0835670232773 0
			vertex 4.1082329750061 0.96247279644012 0
		endloop
	endfacet
	facet normal 0 0 -1
		outer loop
			vertex 3.6734969615936 1.0653744935989 0
			vertex 3.6796672344208 1.0704327821732 0
			vertex 4.1082329750061 0.96247279644012 0
		endloop
	endfacet
	facet normal 0 0 -1
		outer loop
			vertex 3.6884431838989 1.0835670232773 0
			vertex 3.6915249824524 1.0990600585938 0
			vertex 4.1082329750061 0.96247279644012 0
		endloop
	endfacet
	facet normal 0 0 -1
		outer loop
			vertex 3.6915249824524 1.0990600585938 0
			vertex 3.6915249824524 1.2070200443268 0
			vertex 4.1082329750061 0.96247279644012 0
		endloop
	endfacet
	facet normal 0 0 -1
		outer loop
			vertex 3.6796672344208 1.2356472015381 0
			vertex 4.1082329750061 0.96247279644012 0
			vertex 3.6884431838989 1.222512960434 0
		endloop
	endfacet
	facet normal 0 0 -1
		outer loop
			vertex 3.6915249824524 1.2070200443268 0
			vertex 3.6884431838989 1.222512960434 0
			vertex 4.1082329750061 0.96247279644012 0
		endloop
	endfacet
	facet normal 0 0 -1
		outer loop
			vertex 3.6665329933167 1.2444232702255 0
			vertex 3.6665329933167 1.2775766849518 0
			vertex 4.1082329750061 0.96247279644012 0
		endloop
	endfacet
	facet normal 0 0 -1
		outer loop
			vertex 3.6665329933167 1.2444232702255 0
			vertex 4.1082329750061 0.96247279644012 0
			vertex 3.6796672344208 1.2356472015381 0
		endloop
	endfacet
	facet normal 0 0 -1
		outer loop
			vertex 3.6665329933167 1.2775766849518 0
			vertex 3.6796672344208 1.2863527536392 0
			vertex 4.1082329750061 0.96247279644012 0
		endloop
	endfacet
	facet normal 0 0 -1
		outer loop
			vertex 3.6796672344208 1.2863527536392 0
			vertex 3.6884431838989 1.2994871139526 0
			vertex 4.1082329750061 0.96247279644012 0
		endloop
	endfacet
	facet normal 0 0 -1
		outer loop
			vertex 3.6884431838989 1.2994871139526 0
			vertex 3.6915249824524 1.3149800300598 0
			vertex 4.1082329750061 0.96247279644012 0
		endloop
	endfacet
	facet normal 0 0 -1
		outer loop
			vertex 3.6915249824524 1.3149800300598 0
			vertex 3.7303726673126 1.3403327465057 0
			vertex 4.1082329750061 0.96247279644012 0
		endloop
	endfacet
	facet normal 0 0 -1
		outer loop
			vertex 3.5045928955078 0.95369672775269 0
			vertex 4.1213669776917 0.95369672775269 0
			vertex 4.1368598937988 0.95061498880386 0
		endloop
	endfacet
	facet normal 0 0 -1
		outer loop
			vertex 3.6734969615936 1.0653744935989 0
			vertex 4.1082329750061 0.96247279644012 0
			vertex 4.1213669776917 0.95369672775269 0
		endloop
	endfacet
	facet normal 0 0 -1
		outer loop
			vertex 4.0963749885559 1.0888394117355 0
			vertex 3.8567395210266 1.3284749984741 0
			vertex 4.0963749885559 1.3284749984741 0
		endloop
	endfacet
	facet normal 0 0 -1
		outer loop
			vertex 3.1517250537872 1.3014849424362 0
			vertex 3.1517250537872 1.4904149770737 0
			vertex 3.4768421649933 1.4904149770737 0
		endloop
	endfacet
	facet normal 0 0 -1
		outer loop
			vertex 2.0279903411865 2.2743990421295 0
			vertex 4.1213669776917 1.5683032274246 0
			vertex 3.5045928955078 1.5683032274246 0
		endloop
	endfacet
	facet normal 0 0 -1
		outer loop
			vertex 3.1517250537872 1.3014849424362 0
			vertex 3.4768421649933 1.4904149770737 0
			vertex 3.4825301170349 1.3014849424362 0
		endloop
	endfacet
	facet normal 0 0 -1
		outer loop
			vertex 3.4825301170349 1.3014849424362 0
			vertex 3.4768421649933 1.4904149770737 0
			vertex 3.610554933548 1.4012731313705 0
		endloop
	endfacet
	facet normal 0 0 -1
		outer loop
			vertex 3.4825301170349 1.3014849424362 0
			vertex 3.610554933548 1.4012731313705 0
			vertex 3.610554933548 1.3441599607468 0
		endloop
	endfacet
	facet normal 0 0 -1
		outer loop
			vertex 3.5045928955078 1.5683032274246 0
			vertex 3.5115571022034 1.5645855665207 0
			vertex 3.5111255645752 1.5639382600784 0
		endloop
	endfacet
	facet normal 0 0 -1
		outer loop
			vertex 2.0279903411865 2.2743990421295 0
			vertex 4.1368598937988 1.5713850259781 0
			vertex 4.1213669776917 1.5683032274246 0
		endloop
	endfacet
	facet normal 0 0 -1
		outer loop
			vertex 2.0279903411865 2.2743990421295 0
			vertex 4.3912672996521 1.5683032274246 0
			vertex 4.1368598937988 1.5713850259781 0
		endloop
	endfacet
	facet normal 0 0 -1
		outer loop
			vertex 3.6638424396515 1.2454274892807 0
			vertex 3.6171247959137 1.2610000371933 0
			vertex 3.6638424396515 1.2765725851059 0
		endloop
	endfacet
	facet normal 0 0 -1
		outer loop
			vertex 3.6638424396515 1.2765725851059 0
			vertex 3.6636958122253 1.2770124673843 0
			vertex 3.6665329933167 1.2775766849518 0
		endloop
	endfacet
	facet normal 0 0 -1
		outer loop
			vertex 3.6665329933167 1.2444232702255 0
			vertex 3.6638424396515 1.2765725851059 0
			vertex 3.6665329933167 1.2775766849518 0
		endloop
	endfacet
	facet normal 0 0 -1
		outer loop
			vertex 3.6915249824524 1.3149800300598 0
			vertex 3.7215967178345 1.3534671068192 0
			vertex 3.7303726673126 1.3403327465057 0
		endloop
	endfacet
	facet normal 0 0 -1
		outer loop
			vertex 3.6915249824524 1.3149800300598 0
			vertex 3.718514919281 1.3689600229263 0
			vertex 3.7215967178345 1.3534671068192 0
		endloop
	endfacet
	facet normal 0 0 -1
		outer loop
			vertex 3.6915249824524 1.3149800300598 0
			vertex 3.6915249824524 1.4229400157928 0
			vertex 3.718514919281 1.3689600229263 0
		endloop
	endfacet
	facet normal 0 0 -1
		outer loop
			vertex 3.6915249824524 1.4229400157928 0
			vertex 3.7215967178345 1.3844529390335 0
			vertex 3.718514919281 1.3689600229263 0
		endloop
	endfacet
	facet normal 0 0 -1
		outer loop
			vertex 3.6915249824524 1.4229400157928 0
			vertex 3.7303726673126 1.3975871801376 0
			vertex 3.7215967178345 1.3844529390335 0
		endloop
	endfacet
	facet normal 0 -0 -1
		outer loop
			vertex 3.6734969615936 1.4566255807877 0
			vertex 3.6796672344208 1.4515671730042 0
			vertex 3.673065662384 1.4559782743454 0
		endloop
	endfacet
	facet normal 0 0 -1
		outer loop
			vertex 3.6915249824524 1.4229400157928 0
			vertex 3.6884431838989 1.4384329319 0
			vertex 3.7303726673126 1.3975871801376 0
		endloop
	endfacet
	facet normal 0 0 -1
		outer loop
			vertex 3.5045928955078 1.5683032274246 0
			vertex 4.1213669776917 1.5683032274246 0
			vertex 3.5115571022034 1.5645855665207 0
		endloop
	endfacet
	facet normal 0 0 -1
		outer loop
			vertex 3.6884431838989 1.4384329319 0
			vertex 3.7435071468353 1.4063632488251 0
			vertex 3.7303726673126 1.3975871801376 0
		endloop
	endfacet
	facet normal 0 0 -1
		outer loop
			vertex 3.6884431838989 1.4384329319 0
			vertex 3.7590000629425 1.4094450473785 0
			vertex 3.7435071468353 1.4063632488251 0
		endloop
	endfacet
	facet normal 0 0 -1
		outer loop
			vertex 3.5115571022034 1.5645855665207 0
			vertex 4.0994567871094 1.5463929176331 0
			vertex 3.6734969615936 1.4566255807877 0
		endloop
	endfacet
	facet normal 0 0 -1
		outer loop
			vertex 3.6796672344208 1.4515671730042 0
			vertex 4.0994567871094 1.5463929176331 0
			vertex 3.6884431838989 1.4384329319 0
		endloop
	endfacet
	facet normal 0 0 -1
		outer loop
			vertex 3.6734969615936 1.4566255807877 0
			vertex 4.0994567871094 1.5463929176331 0
			vertex 3.6796672344208 1.4515671730042 0
		endloop
	endfacet
	facet normal 0 0 -1
		outer loop
			vertex 2.0279903411865 2.2743990421295 0
			vertex 4.4067602157593 1.5713850259781 0
			vertex 4.3912672996521 1.5683032274246 0
		endloop
	endfacet
	facet normal 0 0 -1
		outer loop
			vertex 3.6884431838989 1.4384329319 0
			vertex 4.0994567871094 1.5463929176331 0
			vertex 3.7590000629425 1.4094450473785 0
		endloop
	endfacet
	facet normal 0 0 -1
		outer loop
			vertex 3.5115571022034 1.5645855665207 0
			vertex 4.1082329750061 1.5595271587372 0
			vertex 4.0994567871094 1.5463929176331 0
		endloop
	endfacet
	facet normal 0 0 -1
		outer loop
			vertex 3.5115571022034 1.5645855665207 0
			vertex 4.1213669776917 1.5683032274246 0
			vertex 4.1082329750061 1.5595271587372 0
		endloop
	endfacet
	facet normal 0 0 -1
		outer loop
			vertex 3.7590000629425 1.4094450473785 0
			vertex 4.0963749885559 1.5309000015259 0
			vertex 4.0963749885559 1.4094450473785 0
		endloop
	endfacet
	facet normal 0 0 -1
		outer loop
			vertex 3.7590000629425 1.4094450473785 0
			vertex 4.0994567871094 1.5463929176331 0
			vertex 4.0963749885559 1.5309000015259 0
		endloop
	endfacet
	facet normal 0 0 -1
		outer loop
			vertex 4.1773447990417 0.99110001325607 0
			vertex 4.1773447990417 1.3284749984741 0
			vertex 4.2987999916077 1.3284749984741 0
		endloop
	endfacet
	facet normal 0 0 -1
		outer loop
			vertex 4.152352809906 0.95369672775269 0
			vertex 4.1654872894287 0.96247279644012 0
			vertex 4.3912672996521 0.95369672775269 0
		endloop
	endfacet
	facet normal 0 0 -1
		outer loop
			vertex 4.1368598937988 0.95061498880386 0
			vertex 4.152352809906 0.95369672775269 0
			vertex 4.4067602157593 0.95061498880386 0
		endloop
	endfacet
	facet normal 0 0 -1
		outer loop
			vertex 4.1742634773254 0.97560703754425 0
			vertex 4.1773447990417 0.99110001325607 0
			vertex 4.3693566322327 0.97560703754425 0
		endloop
	endfacet
	facet normal 0 0 -1
		outer loop
			vertex 4.1654872894287 0.96247279644012 0
			vertex 4.1742634773254 0.97560703754425 0
			vertex 4.3781328201294 0.96247279644012 0
		endloop
	endfacet
	facet normal 0 0 -1
		outer loop
			vertex 4.1742634773254 0.97560703754425 0
			vertex 4.3693566322327 0.97560703754425 0
			vertex 4.3781328201294 0.96247279644012 0
		endloop
	endfacet
	facet normal 0 0 -1
		outer loop
			vertex 4.1654872894287 0.96247279644012 0
			vertex 4.3781328201294 0.96247279644012 0
			vertex 4.3912672996521 0.95369672775269 0
		endloop
	endfacet
	facet normal 0 0 -1
		outer loop
			vertex 4.152352809906 0.95369672775269 0
			vertex 4.3912672996521 0.95369672775269 0
			vertex 4.4067602157593 0.95061498880386 0
		endloop
	endfacet
	facet normal 0 0 -1
		outer loop
			vertex 4.1773447990417 0.99110001325607 0
			vertex 4.3662748336792 0.99110001325607 0
			vertex 4.3693566322327 0.97560703754425 0
		endloop
	endfacet
	facet normal 0 0 -1
		outer loop
			vertex 4.1773447990417 0.99110001325607 0
			vertex 4.3274273872375 1.3403327465057 0
			vertex 4.3662748336792 0.99110001325607 0
		endloop
	endfacet
	facet normal 0 0 -1
		outer loop
			vertex 4.1773447990417 0.99110001325607 0
			vertex 4.2987999916077 1.3284749984741 0
			vertex 4.3142929077148 1.3315566778183 0
		endloop
	endfacet
	facet normal 0 0 -1
		outer loop
			vertex 4.1773447990417 0.99110001325607 0
			vertex 4.3142929077148 1.3315566778183 0
			vertex 4.3274273872375 1.3403327465057 0
		endloop
	endfacet
	facet normal 0 0 -1
		outer loop
			vertex 4.3662748336792 0.99110001325607 0
			vertex 4.3362030982971 1.3534671068192 0
			vertex 4.3392848968506 1.3689600229263 0
		endloop
	endfacet
	facet normal 0 0 -1
		outer loop
			vertex 4.3662748336792 0.99110001325607 0
			vertex 4.3274273872375 1.3403327465057 0
			vertex 4.3362030982971 1.3534671068192 0
		endloop
	endfacet
	facet normal 0 0 -1
		outer loop
			vertex 4.4472451210022 1.0315849781036 0
			vertex 4.4472451210022 1.2205150127411 0
			vertex 4.784619808197 1.2205150127411 0
		endloop
	endfacet
	facet normal 0 0 -1
		outer loop
			vertex 4.4472451210022 1.0315849781036 0
			vertex 4.784619808197 1.2205150127411 0
			vertex 4.9465599060059 1.0315849781036 0
		endloop
	endfacet
	facet normal 0 0 -1
		outer loop
			vertex 4.784619808197 1.2205150127411 0
			vertex 4.8001127243042 1.2235966920853 0
			vertex 4.9465599060059 1.0315849781036 0
		endloop
	endfacet
	facet normal 0 0 -1
		outer loop
			vertex 4.8001127243042 1.2235966920853 0
			vertex 4.8132472038269 1.2323727607727 0
			vertex 4.9465599060059 1.0315849781036 0
		endloop
	endfacet
	facet normal 0 0 -1
		outer loop
			vertex 4.8132472038269 1.2323727607727 0
			vertex 4.8220233917236 1.2455070018768 0
			vertex 4.9465599060059 1.0315849781036 0
		endloop
	endfacet
	facet normal 0 0 -1
		outer loop
			vertex 4.8220233917236 1.2455070018768 0
			vertex 4.962052822113 1.0285032987595 0
			vertex 4.9465599060059 1.0315849781036 0
		endloop
	endfacet
	facet normal 0 0 -1
		outer loop
			vertex 4.9751873016357 1.019727230072 0
			vertex 4.962052822113 1.0285032987595 0
			vertex 4.8251051902771 1.2610000371933 0
		endloop
	endfacet
	facet normal 0 0 -1
		outer loop
			vertex 4.8220233917236 1.2455070018768 0
			vertex 4.8251051902771 1.2610000371933 0
			vertex 4.962052822113 1.0285032987595 0
		endloop
	endfacet
	facet normal 0 0 -1
		outer loop
			vertex 4.9751873016357 1.019727230072 0
			vertex 4.8251051902771 1.2610000371933 0
			vertex 4.8220233917236 1.2764929533005 0
		endloop
	endfacet
	facet normal 0 0 -1
		outer loop
			vertex 4.1368598937988 1.5713850259781 0
			vertex 4.3912672996521 1.5683032274246 0
			vertex 4.152352809906 1.5683032274246 0
		endloop
	endfacet
	facet normal 0 0 -1
		outer loop
			vertex 4.1773447990417 1.4094450473785 0
			vertex 4.1773447990417 1.5309000015259 0
			vertex 4.3662748336792 1.5309000015259 0
		endloop
	endfacet
	facet normal 0 0 -1
		outer loop
			vertex 4.1773447990417 1.4094450473785 0
			vertex 4.3662748336792 1.5309000015259 0
			vertex 4.2987999916077 1.4094450473785 0
		endloop
	endfacet
	facet normal 0 0 -1
		outer loop
			vertex 4.1773447990417 1.5309000015259 0
			vertex 4.1742634773254 1.5463929176331 0
			vertex 4.3662748336792 1.5309000015259 0
		endloop
	endfacet
	facet normal 0 0 -1
		outer loop
			vertex 4.1742634773254 1.5463929176331 0
			vertex 4.1654872894287 1.5595271587372 0
			vertex 4.3693566322327 1.5463929176331 0
		endloop
	endfacet
	facet normal 0 0 -1
		outer loop
			vertex 4.152352809906 1.5683032274246 0
			vertex 4.3781328201294 1.5595271587372 0
			vertex 4.1654872894287 1.5595271587372 0
		endloop
	endfacet
	facet normal 0 0 -1
		outer loop
			vertex 4.2987999916077 1.4094450473785 0
			vertex 4.3662748336792 1.5309000015259 0
			vertex 4.3142929077148 1.4063632488251 0
		endloop
	endfacet
	facet normal 0 0 -1
		outer loop
			vertex 4.3142929077148 1.4063632488251 0
			vertex 4.3662748336792 1.5309000015259 0
			vertex 4.3274273872375 1.3975871801376 0
		endloop
	endfacet
	facet normal 0 0 -1
		outer loop
			vertex 4.3274273872375 1.3975871801376 0
			vertex 4.3662748336792 1.5309000015259 0
			vertex 4.3362030982971 1.3844529390335 0
		endloop
	endfacet
	facet normal 0 0 -1
		outer loop
			vertex 4.3392848968506 1.3689600229263 0
			vertex 4.3362030982971 1.3844529390335 0
			vertex 4.3662748336792 1.5309000015259 0
		endloop
	endfacet
	facet normal 0 0 -1
		outer loop
			vertex 4.1742634773254 1.5463929176331 0
			vertex 4.3693566322327 1.5463929176331 0
			vertex 4.3662748336792 1.5309000015259 0
		endloop
	endfacet
	facet normal 0 0 -1
		outer loop
			vertex 4.1654872894287 1.5595271587372 0
			vertex 4.3781328201294 1.5595271587372 0
			vertex 4.3693566322327 1.5463929176331 0
		endloop
	endfacet
	facet normal 0 0 -1
		outer loop
			vertex 4.152352809906 1.5683032274246 0
			vertex 4.3912672996521 1.5683032274246 0
			vertex 4.3781328201294 1.5595271587372 0
		endloop
	endfacet
	facet normal 0 0 -1
		outer loop
			vertex 4.3662748336792 0.99110001325607 0
			vertex 4.3392848968506 1.3689600229263 0
			vertex 4.3662748336792 1.5309000015259 0
		endloop
	endfacet
	facet normal 0 0 -1
		outer loop
			vertex 4.4472451210022 1.3014849424362 0
			vertex 4.4472451210022 1.5309000015259 0
			vertex 4.784619808197 1.3014849424362 0
		endloop
	endfacet
	facet normal 0 0 -1
		outer loop
			vertex 4.4472451210022 1.5309000015259 0
			vertex 4.4441633224487 1.5463929176331 0
			vertex 4.784619808197 1.3014849424362 0
		endloop
	endfacet
	facet normal 0 0 -1
		outer loop
			vertex 4.435387134552 1.5595271587372 0
			vertex 4.8001127243042 1.298403263092 0
			vertex 4.4441633224487 1.5463929176331 0
		endloop
	endfacet
	facet normal 0 0 -1
		outer loop
			vertex 4.4441633224487 1.5463929176331 0
			vertex 4.8001127243042 1.298403263092 0
			vertex 4.784619808197 1.3014849424362 0
		endloop
	endfacet
	facet normal 0 -1 0
		outer loop
			vertex 0.51999998092651 0 0
			vertex 15.880000114441 0 0
			vertex 0.51999998092651 0 0.51999998092651
		endloop
	endfacet
	facet normal 0 0 -1
		outer loop
			vertex 0.51999998092651 0 0
			vertex 0.51999998092651 0.51999998092651 0
			vertex 15.880000114441 0 0
		endloop
	endfacet
	facet normal 0 0 -1
		outer loop
			vertex 0.51999998092651 0.51999998092651 0
			vertex 0.91355293989182 0.95369672775269 0
			vertex 15.731686592102 0.024352040141821 0
		endloop
	endfacet
	facet normal 0 -0 -1
		outer loop
			vertex 0.92668724060059 0.96247279644012 0
			vertex 15.731686592102 0.024352040141821 0
			vertex 0.91355293989182 0.95369672775269 0
		endloop
	endfacet
	facet normal 0 0 -1
		outer loop
			vertex 0.92668724060059 0.96247279644012 0
			vertex 1.2759200334549 0.95061498880386 0
			vertex 15.731686592102 0.024352040141821 0
		endloop
	endfacet
	facet normal 0 0 1
		outer loop
			vertex 2.0270926952362 2.2745463848114 0.51999998092651
			vertex 7.4200000762939 1.3890702724457 0.51999998092651
			vertex 7.4200000762939 1.9978398084641 0.51999998092651
		endloop
	endfacet
	facet normal 0 0 1
		outer loop
			vertex 4.0999999046326 0.51999998092651 0.51999998092651
			vertex 7.4200000762939 0.51999998092651 0.51999998092651
			vertex 7.4200000762939 0.57716357707977 0.51999998092651
		endloop
	endfacet
	facet normal 0 0 -1
		outer loop
			vertex 1.2759200334549 0.95061498880386 0
			vertex 1.599799990654 0.95061498880386 0
			vertex 15.731686592102 0.024352040141821 0
		endloop
	endfacet
	facet normal 0 0 -1
		outer loop
			vertex 1.599799990654 0.95061498880386 0
			vertex 1.9236799478531 0.95061498880386 0
			vertex 15.731686592102 0.024352040141821 0
		endloop
	endfacet
	facet normal 0 0 -1
		outer loop
			vertex 1.9236799478531 0.95061498880386 0
			vertex 2.2475600242615 0.95061498880386 0
			vertex 15.731686592102 0.024352040141821 0
		endloop
	endfacet
	facet normal 0 -1 0
		outer loop
			vertex 0.51999998092651 0 0.51999998092651
			vertex 15.880000114441 0 0
			vertex 4.0999999046326 0 0.51999998092651
		endloop
	endfacet
	facet normal 0 0 -1
		outer loop
			vertex 2.2475600242615 0.95061498880386 0
			vertex 2.8413400650024 0.95061498880386 0
			vertex 15.731686592102 0.024352040141821 0
		endloop
	endfacet
	facet normal 0 0 -1
		outer loop
			vertex 2.8413400650024 0.95061498880386 0
			vertex 3.1112399101257 0.95061498880386 0
			vertex 15.731686592102 0.024352040141821 0
		endloop
	endfacet
	facet normal 0 0 -1
		outer loop
			vertex 3.1112399101257 0.95061498880386 0
			vertex 3.4890999794006 0.95061498880386 0
			vertex 15.731686592102 0.024352040141821 0
		endloop
	endfacet
	facet normal 0 0 -1
		outer loop
			vertex 3.4890999794006 0.95061498880386 0
			vertex 4.1368598937988 0.95061498880386 0
			vertex 15.731686592102 0.024352040141821 0
		endloop
	endfacet
	facet normal 0 0 -1
		outer loop
			vertex 4.1368598937988 0.95061498880386 0
			vertex 4.4067602157593 0.95061498880386 0
			vertex 15.731686592102 0.024352040141821 0
		endloop
	endfacet
	facet normal 0 0 -1
		outer loop
			vertex 4.4067602157593 1.5713850259781 0
			vertex 15.731686592102 0.024352040141821 0
			vertex 4.4222531318665 1.5683032274246 0
		endloop
	endfacet
	facet normal 0 0 -1
		outer loop
			vertex 4.4222531318665 1.5683032274246 0
			vertex 15.731686592102 0.024352040141821 0
			vertex 4.435387134552 1.5595271587372 0
		endloop
	endfacet
	facet normal 0 0 -1
		outer loop
			vertex 2.0279903411865 2.2743990421295 0
			vertex 15.731686592102 0.024352040141821 0
			vertex 4.4067602157593 1.5713850259781 0
		endloop
	endfacet
	facet normal 0 0 -1
		outer loop
			vertex 4.4067602157593 0.95061498880386 0
			vertex 4.9465599060059 0.95061498880386 0
			vertex 15.731686592102 0.024352040141821 0
		endloop
	endfacet
	facet normal 0 0 -1
		outer loop
			vertex 4.8132472038269 1.2896271944046 0
			vertex 15.731686592102 0.024352040141821 0
			vertex 4.8220233917236 1.2764929533005 0
		endloop
	endfacet
	facet normal 0 0 -1
		outer loop
			vertex 4.8001127243042 1.298403263092 0
			vertex 15.731686592102 0.024352040141821 0
			vertex 4.8132472038269 1.2896271944046 0
		endloop
	endfacet
	facet normal 0 0 -1
		outer loop
			vertex 4.435387134552 1.5595271587372 0
			vertex 15.731686592102 0.024352040141821 0
			vertex 4.8001127243042 1.298403263092 0
		endloop
	endfacet
	facet normal 0 0 -1
		outer loop
			vertex 4.9751873016357 1.019727230072 0
			vertex 4.8220233917236 1.2764929533005 0
			vertex 15.731686592102 0.024352040141821 0
		endloop
	endfacet
	facet normal 0 0 -1
		outer loop
			vertex 4.9465599060059 0.95061498880386 0
			vertex 4.962052822113 0.95369672775269 0
			vertex 15.731686592102 0.024352040141821 0
		endloop
	endfacet
	facet normal 0 0 -1
		outer loop
			vertex 4.962052822113 0.95369672775269 0
			vertex 4.9751873016357 0.96247279644012 0
			vertex 15.731686592102 0.024352040141821 0
		endloop
	endfacet
	facet normal 0 0 -1
		outer loop
			vertex 4.9839634895325 0.97560703754425 0
			vertex 4.9870448112488 0.99110001325607 0
			vertex 15.731686592102 0.024352040141821 0
		endloop
	endfacet
	facet normal 0 0 -1
		outer loop
			vertex 4.9751873016357 0.96247279644012 0
			vertex 4.9839634895325 0.97560703754425 0
			vertex 15.731686592102 0.024352040141821 0
		endloop
	endfacet
	facet normal 0 0 -1
		outer loop
			vertex 4.9751873016357 1.019727230072 0
			vertex 15.731686592102 0.024352040141821 0
			vertex 4.9839634895325 1.0065929889679 0
		endloop
	endfacet
	facet normal 0 0 -1
		outer loop
			vertex 4.9870448112488 0.99110001325607 0
			vertex 4.9839634895325 1.0065929889679 0
			vertex 15.731686592102 0.024352040141821 0
		endloop
	endfacet
	facet normal 0 0 1
		outer loop
			vertex 7.9400000572205 0.51999998092651 0.51999998092651
			vertex 10.76949596405 0.60491275787354 0.51999998092651
			vertex 7.9400000572205 0.58147156238556 0.51999998092651
		endloop
	endfacet
	facet normal 0 0 -1
		outer loop
			vertex 2.0279903411865 2.2743990421295 0
			vertex 12.150904655457 0.99230128526688 0
			vertex 12.180732727051 0.96247279644012 0
		endloop
	endfacet
	facet normal 0 0 -1
		outer loop
			vertex 2.0279903411865 2.2743990421295 0
			vertex 12.180732727051 0.96247279644012 0
			vertex 12.193866729736 0.95369672775269 0
		endloop
	endfacet
	facet normal 0 0 1
		outer loop
			vertex 7.9400000572205 1.3036900758743 0.51999998092651
			vertex 10.43397808075 1.84319460392 0.51999998092651
			vertex 7.9400000572205 1.9711589813232 0.51999998092651
		endloop
	endfacet
	facet normal 0 0 1
		outer loop
			vertex 7.9400000572205 0.51999998092651 0.51999998092651
			vertex 10.785744667053 0.54494547843933 0.51999998092651
			vertex 10.76949596405 0.60491275787354 0.51999998092651
		endloop
	endfacet
	facet normal 0 0 -1
		outer loop
			vertex 2.0279903411865 2.2743990421295 0
			vertex 12.193866729736 0.95369672775269 0
			vertex 15.880000114441 0.17301177978516 0
		endloop
	endfacet
	facet normal -0 0 1
		outer loop
			vertex 7.9400000572205 1.3036900758743 0.51999998092651
			vertex 10.703084945679 0.85001164674759 0.51999998092651
			vertex 10.43397808075 1.84319460392 0.51999998092651
		endloop
	endfacet
	facet normal 0 0 1
		outer loop
			vertex 7.9400000572205 0.51999998092651 0.51999998092651
			vertex 12.300000190735 0.51999998092651 0.51999998092651
			vertex 10.785744667053 0.54494547843933 0.51999998092651
		endloop
	endfacet
	facet normal 0 0 -1
		outer loop
			vertex 0.51999998092651 0.51999998092651 0
			vertex 15.731686592102 0.024352040141821 0
			vertex 15.880000114441 0 0
		endloop
	endfacet
	facet normal 0 -1 0
		outer loop
			vertex 4.0999999046326 0 0.51999998092651
			vertex 15.880000114441 0 0
			vertex 12.300000190735 0 0.51999998092651
		endloop
	endfacet
	facet normal 0 0 -1
		outer loop
			vertex 2.0279903411865 2.2743990421295 0
			vertex 15.880000114441 0.17301177978516 0
			vertex 15.731686592102 0.024352040141821 0
		endloop
	endfacet
	facet normal 0 0 1
		outer loop
			vertex 10.933400154114 0.55278360843658 0.51999998092651
			vertex 12.127325057983 0.61616176366806 0.51999998092651
			vertex 10.933400154114 0.60627061128616 0.51999998092651
		endloop
	endfacet
	facet normal -0 0 1
		outer loop
			vertex 10.785744667053 0.54494547843933 0.51999998092651
			vertex 12.300000190735 0.51999998092651 0.51999998092651
			vertex 10.933400154114 0.55278360843658 0.51999998092651
		endloop
	endfacet
	facet normal -0 0 1
		outer loop
			vertex 10.933400154114 0.55278360843658 0.51999998092651
			vertex 12.300000190735 0.51999998092651 0.51999998092651
			vertex 12.127325057983 0.61616176366806 0.51999998092651
		endloop
	endfacet
	facet normal -0 0 1
		outer loop
			vertex 10.933400154114 0.81219565868378 0.51999998092651
			vertex 12.127325057983 0.61616176366806 0.51999998092651
			vertex 10.933400154114 1.8175696134567 0.51999998092651
		endloop
	endfacet
	facet normal 0 0 1
		outer loop
			vertex 10.933400154114 1.8175696134567 0.51999998092651
			vertex 12.127325057983 0.61616176366806 0.51999998092651
			vertex 15.880000114441 1.5637629032135 0.51999998092651
		endloop
	endfacet
	facet normal 0 0 1
		outer loop
			vertex 12.300000190735 0 0.51999998092651
			vertex 15.880000114441 0 0.51999998092651
			vertex 12.300000190735 0.51999998092651 0.51999998092651
		endloop
	endfacet
	facet normal 0 0 1
		outer loop
			vertex 12.127325057983 0.61616176366806 0.51999998092651
			vertex 12.300000190735 0.51999998092651 0.51999998092651
			vertex 15.880000114441 0 0.51999998092651
		endloop
	endfacet
	facet normal 0 0 -1
		outer loop
			vertex 15.880000114441 0.17301177978516 0
			vertex 12.193866729736 0.95369672775269 0
			vertex 12.209360122681 0.95061498880386 0
		endloop
	endfacet
	facet normal 0 0 -1
		outer loop
			vertex 15.880000114441 0.17301177978516 0
			vertex 12.209360122681 0.95061498880386 0
			vertex 12.480041503906 0.95061498880386 0
		endloop
	endfacet
	facet normal 0 -1 0
		outer loop
			vertex 12.300000190735 0 0.51999998092651
			vertex 15.880000114441 0 0
			vertex 15.880000114441 0 0.51999998092651
		endloop
	endfacet
	facet normal 0 0 -1
		outer loop
			vertex 15.880000114441 0.17301177978516 0
			vertex 12.480041503906 0.95061498880386 0
			vertex 15.880000114441 0.51999998092651 0
		endloop
	endfacet
	facet normal 0 0 1
		outer loop
			vertex 12.127325057983 0.61616176366806 0.51999998092651
			vertex 15.880000114441 0 0.51999998092651
			vertex 15.880000114441 0.58347803354263 0.51999998092651
		endloop
	endfacet
	facet normal -0 0 1
		outer loop
			vertex 12.127325057983 0.61616176366806 0.51999998092651
			vertex 15.880000114441 0.58347803354263 0.51999998092651
			vertex 15.880000114441 1.5637629032135 0.51999998092651
		endloop
	endfacet
	facet normal 0 0 -1
		outer loop
			vertex 0 0.51999998092651 0
			vertex 0 2.5220000743866 0
			vertex 0.51999998092651 0.51999998092651 0
		endloop
	endfacet
	facet normal -1 0 0
		outer loop
			vertex 0 0.51999998092651 0
			vertex 0 0.51999998092651 0.51999998092651
			vertex 0 2.5220000743866 0.51999998092651
		endloop
	endfacet
	facet normal 0 0 -1
		outer loop
			vertex 0.49157276749611 0.96247279644012 0
			vertex 0.50470703840256 0.95369672775269 0
			vertex 0.51999998092651 0.51999998092651 0
		endloop
	endfacet
	facet normal -0 -0 -1
		outer loop
			vertex 0.49157276749611 0.96247279644012 0
			vertex 0.51999998092651 0.51999998092651 0
			vertex 0.48279672861099 0.97560703754425 0
		endloop
	endfacet
	facet normal 0 0 -1
		outer loop
			vertex 0.50470703840256 0.95369672775269 0
			vertex 0.51999998092651 0.95065480470657 0
			vertex 0.51999998092651 0.51999998092651 0
		endloop
	endfacet
	facet normal 0 0 1
		outer loop
			vertex 0 0.51999998092651 0.51999998092651
			vertex 0.51999998092651 0.51999998092651 0.51999998092651
			vertex 2.0270926952362 2.2745463848114 0.51999998092651
		endloop
	endfacet
	facet normal -1 0 0
		outer loop
			vertex 0 0.51999998092651 0
			vertex 0 2.5220000743866 0.51999998092651
			vertex 0 2.5220000743866 0
		endloop
	endfacet
	facet normal -0 -0 -1
		outer loop
			vertex 0.48279672861099 0.97560703754425 0
			vertex 0.51999998092651 0.51999998092651 0
			vertex 0 2.5220000743866 0
		endloop
	endfacet
	facet normal -0 -0 -1
		outer loop
			vertex 0.47971498966217 0.99110001325607 0
			vertex 0.48279672861099 0.97560703754425 0
			vertex 0 2.5220000743866 0
		endloop
	endfacet
	facet normal 0 0 -1
		outer loop
			vertex 0.47971498966217 0.99110001325607 0
			vertex 0 2.5220000743866 0
			vertex 0.47971498966217 1.5309000015259 0
		endloop
	endfacet
	facet normal 0 0 -1
		outer loop
			vertex 0.47971498966217 1.5309000015259 0
			vertex 0 2.5220000743866 0
			vertex 0.48279672861099 1.5463929176331 0
		endloop
	endfacet
	facet normal 0 0 -1
		outer loop
			vertex 0.49157276749611 1.5595271587372 0
			vertex 0 2.5220000743866 0
			vertex 0.50470703840256 1.5683032274246 0
		endloop
	endfacet
	facet normal 0 0 -1
		outer loop
			vertex 0.48279672861099 1.5463929176331 0
			vertex 0 2.5220000743866 0
			vertex 0.49157276749611 1.5595271587372 0
		endloop
	endfacet
	facet normal 0 0 -1
		outer loop
			vertex 0.50470703840256 1.5683032274246 0
			vertex 0 2.5220000743866 0
			vertex 0.51999998092651 1.5713452100754 0
		endloop
	endfacet
	facet normal 0 0 -1
		outer loop
			vertex 0.51999998092651 1.5713452100754 0
			vertex 0 2.5220000743866 0
			vertex 0.51999998092651 2.4585218429565 0
		endloop
	endfacet
	facet normal 0 0 1
		outer loop
			vertex 0 0.51999998092651 0.51999998092651
			vertex 2.0270926952362 2.2745463848114 0.51999998092651
			vertex 0 2.5220000743866 0.51999998092651
		endloop
	endfacet
	facet normal 0 0 -1
		outer loop
			vertex 0.51999998092651 2.4585218429565 0
			vertex 0 2.5220000743866 0
			vertex 5.4667000770569 2.5220000743866 0
		endloop
	endfacet
	facet normal 0 1 0
		outer loop
			vertex 0 2.5220000743866 0
			vertex 0 2.5220000743866 0.51999998092651
			vertex 5.4667000770569 2.5220000743866 0.51999998092651
		endloop
	endfacet
	facet normal 0 -0 1
		outer loop
			vertex 2.0270926952362 2.2745463848114 0.51999998092651
			vertex 5.4667000770569 2.5220000743866 0.51999998092651
			vertex 0 2.5220000743866 0.51999998092651
		endloop
	endfacet
	facet normal 0 0 1
		outer loop
			vertex 0.51999998092651 0.51999998092651 0.51999998092651
			vertex 7.4200000762939 0.57716357707977 0.51999998092651
			vertex 2.0270926952362 2.2745463848114 0.51999998092651
		endloop
	endfacet
	facet normal 0 1 0
		outer loop
			vertex 0 2.5220000743866 0
			vertex 5.4667000770569 2.5220000743866 0.51999998092651
			vertex 5.4667000770569 2.5220000743866 0
		endloop
	endfacet
	facet normal 0 0 -1
		outer loop
			vertex 0.51999998092651 2.4585218429565 0
			vertex 10.256706237793 2.4974429607391 0
			vertex 2.0270926952362 2.2745463848114 0
		endloop
	endfacet
	facet normal 0 0 1
		outer loop
			vertex 2.0270926952362 2.2745463848114 0.51999998092651
			vertex 7.4200000762939 2.4792189598083 0.51999998092651
			vertex 5.4667000770569 2.5220000743866 0.51999998092651
		endloop
	endfacet
	facet normal 0 0 1
		outer loop
			vertex 2.0270926952362 2.2745463848114 0.51999998092651
			vertex 7.4200000762939 0.57716357707977 0.51999998092651
			vertex 7.4200000762939 1.3890702724457 0.51999998092651
		endloop
	endfacet
	facet normal 0 0 -1
		outer loop
			vertex 2.0279903411865 2.2743990421295 0
			vertex 2.0270926952362 2.2745463848114 0
			vertex 12.150904655457 0.99230128526688 0
		endloop
	endfacet
	facet normal 0 0 -1
		outer loop
			vertex 0.51999998092651 2.4585218429565 0
			vertex 5.4667000770569 2.5220000743866 0
			vertex 10.256706237793 2.4974429607391 0
		endloop
	endfacet
	facet normal -0 0 1
		outer loop
			vertex 2.0270926952362 2.2745463848114 0.51999998092651
			vertex 7.4200000762939 1.9978398084641 0.51999998092651
			vertex 7.4200000762939 2.4792189598083 0.51999998092651
		endloop
	endfacet
	facet normal 0 0 1
		outer loop
			vertex 7.9400000572205 0.58147156238556 0.51999998092651
			vertex 10.703084945679 0.85001164674759 0.51999998092651
			vertex 7.9400000572205 1.3036900758743 0.51999998092651
		endloop
	endfacet
	facet normal 0 0 -1
		outer loop
			vertex 2.0270926952362 2.2745463848114 0
			vertex 12.063996315002 1.0835670232773 0
			vertex 12.072772979736 1.0704327821732 0
		endloop
	endfacet
	facet normal 0 0 -1
		outer loop
			vertex 2.0270926952362 2.2745463848114 0
			vertex 12.060914993286 1.0990600585938 0
			vertex 12.063996315002 1.0835670232773 0
		endloop
	endfacet
	facet normal 0 0 -1
		outer loop
			vertex 2.0270926952362 2.2745463848114 0
			vertex 12.072772979736 1.0704327821732 0
			vertex 12.150904655457 0.99230128526688 0
		endloop
	endfacet
	facet normal 0 0 -1
		outer loop
			vertex 2.0270926952362 2.2745463848114 0
			vertex 12.060914993286 1.4229400157928 0
			vertex 12.060914993286 1.0990600585938 0
		endloop
	endfacet
	facet normal 0 0 -1
		outer loop
			vertex 2.0270926952362 2.2745463848114 0
			vertex 12.063996315002 1.4384329319 0
			vertex 12.060914993286 1.4229400157928 0
		endloop
	endfacet
	facet normal 0 0 -1
		outer loop
			vertex 2.0270926952362 2.2745463848114 0
			vertex 12.072772979736 1.4515671730042 0
			vertex 12.063996315002 1.4384329319 0
		endloop
	endfacet
	facet normal 0 0 -1
		outer loop
			vertex 2.0270926952362 2.2745463848114 0
			vertex 12.180732727051 1.5595271587372 0
			vertex 12.072772979736 1.4515671730042 0
		endloop
	endfacet
	facet normal 0 0 -1
		outer loop
			vertex 2.0270926952362 2.2745463848114 0
			vertex 12.193866729736 1.5683032274246 0
			vertex 12.180732727051 1.5595271587372 0
		endloop
	endfacet
	facet normal 0 0 1
		outer loop
			vertex 7.9400000572205 1.9711589813232 0.51999998092651
			vertex 10.278608322144 2.4166100025177 0.51999998092651
			vertex 7.9400000572205 2.4678299427032 0.51999998092651
		endloop
	endfacet
	facet normal 0 0 1
		outer loop
			vertex 7.9400000572205 0.58147156238556 0.51999998092651
			vertex 10.76949596405 0.60491275787354 0.51999998092651
			vertex 10.703084945679 0.85001164674759 0.51999998092651
		endloop
	endfacet
	facet normal -0 0 1
		outer loop
			vertex 7.9400000572205 1.9711589813232 0.51999998092651
			vertex 10.43397808075 1.84319460392 0.51999998092651
			vertex 10.278608322144 2.4166100025177 0.51999998092651
		endloop
	endfacet
	facet normal 0 0 -1
		outer loop
			vertex 2.0270926952362 2.2745463848114 0
			vertex 10.256706237793 2.4974429607391 0
			vertex 16.39999961853 2.5220000743866 0
		endloop
	endfacet
	facet normal 0 0 -1
		outer loop
			vertex 2.0270926952362 2.2745463848114 0
			vertex 16.39999961853 2.5220000743866 0
			vertex 12.193866729736 1.5683032274246 0
		endloop
	endfacet
	facet normal 0 0 -1
		outer loop
			vertex 10.256706237793 2.4974429607391 0
			vertex 10.250052452087 2.5220000743866 0
			vertex 10.933400154114 2.5220000743866 0
		endloop
	endfacet
	facet normal 0 0 1
		outer loop
			vertex 10.933400154114 0.60627061128616 0.51999998092651
			vertex 12.127325057983 0.61616176366806 0.51999998092651
			vertex 10.933400154114 0.81219565868378 0.51999998092651
		endloop
	endfacet
	facet normal 0 0 -1
		outer loop
			vertex 12.396653175354 1.2323727607727 0
			vertex 12.22612953186 1.0315849781036 0
			vertex 12.141884803772 1.1158294677734 0
		endloop
	endfacet
	facet normal -0 0 -1
		outer loop
			vertex 12.38787651062 1.2764929533005 0
			vertex 12.141884803772 1.1158294677734 0
			vertex 12.141884803772 1.4061706066132 0
		endloop
	endfacet
	facet normal 0 0 -1
		outer loop
			vertex 12.38787651062 1.2764929533005 0
			vertex 12.141884803772 1.4061706066132 0
			vertex 12.22612953186 1.4904149770737 0
		endloop
	endfacet
	facet normal 0 -0 -1
		outer loop
			vertex 12.40978717804 1.2235966920853 0
			vertex 12.516470909119 1.0315849781036 0
			vertex 12.22612953186 1.0315849781036 0
		endloop
	endfacet
	facet normal 0 -0 -1
		outer loop
			vertex 12.396653175354 1.2323727607727 0
			vertex 12.40978717804 1.2235966920853 0
			vertex 12.22612953186 1.0315849781036 0
		endloop
	endfacet
	facet normal 0 -0 -1
		outer loop
			vertex 12.38787651062 1.2455070018768 0
			vertex 12.396653175354 1.2323727607727 0
			vertex 12.141884803772 1.1158294677734 0
		endloop
	endfacet
	facet normal 0 0 -1
		outer loop
			vertex 12.38787651062 1.2764929533005 0
			vertex 12.384795188904 1.2610000371933 0
			vertex 12.141884803772 1.1158294677734 0
		endloop
	endfacet
	facet normal 0 -0 -1
		outer loop
			vertex 12.384795188904 1.2610000371933 0
			vertex 12.38787651062 1.2455070018768 0
			vertex 12.141884803772 1.1158294677734 0
		endloop
	endfacet
	facet normal 0 0 -1
		outer loop
			vertex 12.40978717804 1.2235966920853 0
			vertex 12.42527961731 1.2205150127411 0
			vertex 12.516470909119 1.0315849781036 0
		endloop
	endfacet
	facet normal 0 0 -1
		outer loop
			vertex 12.42527961731 1.2205150127411 0
			vertex 12.641200065613 1.2205150127411 0
			vertex 12.516470909119 1.0315849781036 0
		endloop
	endfacet
	facet normal -0 0 -1
		outer loop
			vertex 12.612572669983 1.1276872158051 0
			vertex 12.516470909119 1.0315849781036 0
			vertex 12.641200065613 1.2205150127411 0
		endloop
	endfacet
	facet normal 0 0 -1
		outer loop
			vertex 12.641200065613 1.2205150127411 0
			vertex 12.625706672668 1.1364632844925 0
			vertex 12.612572669983 1.1276872158051 0
		endloop
	endfacet
	facet normal 0 -0 -1
		outer loop
			vertex 12.641200065613 1.2205150127411 0
			vertex 12.641200065613 1.1395449638367 0
			vertex 12.625706672668 1.1364632844925 0
		endloop
	endfacet
	facet normal 0 -0 -1
		outer loop
			vertex 12.656692504883 1.2235966920853 0
			vertex 12.656692504883 1.1364632844925 0
			vertex 12.641200065613 1.1395449638367 0
		endloop
	endfacet
	facet normal 0 -0 -1
		outer loop
			vertex 12.669827461243 1.2323727607727 0
			vertex 12.669827461243 1.1276872158051 0
			vertex 12.656692504883 1.1364632844925 0
		endloop
	endfacet
	facet normal 0 0 -1
		outer loop
			vertex 12.669827461243 1.2323727607727 0
			vertex 12.711756706238 1.1145529747009 0
			vertex 12.669827461243 1.1276872158051 0
		endloop
	endfacet
	facet normal 0 0 -1
		outer loop
			vertex 12.641200065613 1.2205150127411 0
			vertex 12.656692504883 1.2235966920853 0
			vertex 12.641200065613 1.1395449638367 0
		endloop
	endfacet
	facet normal 0 0 -1
		outer loop
			vertex 12.656692504883 1.2235966920853 0
			vertex 12.669827461243 1.2323727607727 0
			vertex 12.656692504883 1.1364632844925 0
		endloop
	endfacet
	facet normal 0 0 -1
		outer loop
			vertex 12.561866760254 0.96247279644012 0
			vertex 12.669827461243 1.0704327821732 0
			vertex 12.828493118286 0.96247279644012 0
		endloop
	endfacet
	facet normal 0 0 -1
		outer loop
			vertex 12.561866760254 0.96247279644012 0
			vertex 12.828493118286 0.96247279644012 0
			vertex 12.841627120972 0.95369672775269 0
		endloop
	endfacet
	facet normal 0 0 -1
		outer loop
			vertex 12.669827461243 1.0704327821732 0
			vertex 12.678603172302 1.0835670232773 0
			vertex 12.720532417297 1.0704327821732 0
		endloop
	endfacet
	facet normal 0 0 -1
		outer loop
			vertex 12.711756706238 1.0835670232773 0
			vertex 12.678603172302 1.0835670232773 0
			vertex 12.681685447693 1.0990600585938 0
		endloop
	endfacet
	facet normal -0 -0 -1
		outer loop
			vertex 12.711756706238 1.0835670232773 0
			vertex 12.720532417297 1.0704327821732 0
			vertex 12.678603172302 1.0835670232773 0
		endloop
	endfacet
	facet normal 0 0 -1
		outer loop
			vertex 12.681685447693 1.0990600585938 0
			vertex 12.708675384521 1.0990600585938 0
			vertex 12.711756706238 1.0835670232773 0
		endloop
	endfacet
	facet normal 0 0 -1
		outer loop
			vertex 12.669827461243 1.0704327821732 0
			vertex 12.720532417297 1.0704327821732 0
			vertex 12.828493118286 0.96247279644012 0
		endloop
	endfacet
	facet normal 0 0 -1
		outer loop
			vertex 12.561866760254 0.96247279644012 0
			vertex 12.841627120972 0.95369672775269 0
			vertex 12.857119560242 0.95061498880386 0
		endloop
	endfacet
	facet normal 0 0 -1
		outer loop
			vertex 12.681685447693 1.0990600585938 0
			vertex 12.678603172302 1.1145529747009 0
			vertex 12.708675384521 1.0990600585938 0
		endloop
	endfacet
	facet normal 0 0 -1
		outer loop
			vertex 12.678603172302 1.1145529747009 0
			vertex 12.711756706238 1.1145529747009 0
			vertex 12.708675384521 1.0990600585938 0
		endloop
	endfacet
	facet normal 0 0 -1
		outer loop
			vertex 12.678603172302 1.1145529747009 0
			vertex 12.669827461243 1.1276872158051 0
			vertex 12.711756706238 1.1145529747009 0
		endloop
	endfacet
	facet normal 0 0 -1
		outer loop
			vertex 12.669827461243 1.2323727607727 0
			vertex 12.720532417297 1.1276872158051 0
			vertex 12.711756706238 1.1145529747009 0
		endloop
	endfacet
	facet normal 0 0 -1
		outer loop
			vertex 12.669827461243 1.2323727607727 0
			vertex 12.733667373657 1.1364632844925 0
			vertex 12.720532417297 1.1276872158051 0
		endloop
	endfacet
	facet normal 0 0 -1
		outer loop
			vertex 12.678603172302 1.2455070018768 0
			vertex 12.749159812927 1.1395449638367 0
			vertex 12.733667373657 1.1364632844925 0
		endloop
	endfacet
	facet normal 0 0 -1
		outer loop
			vertex 12.681685447693 1.2610000371933 0
			vertex 12.764653205872 1.1364632844925 0
			vertex 12.749159812927 1.1395449638367 0
		endloop
	endfacet
	facet normal 0 0 -1
		outer loop
			vertex 12.669827461243 1.2323727607727 0
			vertex 12.678603172302 1.2455070018768 0
			vertex 12.733667373657 1.1364632844925 0
		endloop
	endfacet
	facet normal 0 0 -1
		outer loop
			vertex 12.678603172302 1.2455070018768 0
			vertex 12.681685447693 1.2610000371933 0
			vertex 12.749159812927 1.1395449638367 0
		endloop
	endfacet
	facet normal 0 0 -1
		outer loop
			vertex 13.248475074768 1.1840977668762 0
			vertex 12.777787208557 1.1276872158051 0
			vertex 12.764653205872 1.1364632844925 0
		endloop
	endfacet
	facet normal -0 0 -1
		outer loop
			vertex 13.248475074768 1.1840977668762 0
			vertex 12.764653205872 1.1364632844925 0
			vertex 12.681685447693 1.2610000371933 0
		endloop
	endfacet
	facet normal 0 0 -1
		outer loop
			vertex 13.248475074768 1.1840977668762 0
			vertex 12.873888969421 1.0315849781036 0
			vertex 12.777787208557 1.1276872158051 0
		endloop
	endfacet
	facet normal 0 0 -1
		outer loop
			vertex 13.248475074768 1.1840977668762 0
			vertex 13.16423034668 1.0315849781036 0
			vertex 12.873888969421 1.0315849781036 0
		endloop
	endfacet
	facet normal 0 -0 -1
		outer loop
			vertex 13.356434822083 0.99110001325607 0
			vertex 13.359517097473 0.97560703754425 0
			vertex 13.209627151489 0.96247279644012 0
		endloop
	endfacet
	facet normal -0 -0 -1
		outer loop
			vertex 13.368292808533 0.96247279644012 0
			vertex 13.381426811218 0.95369672775269 0
			vertex 13.209627151489 0.96247279644012 0
		endloop
	endfacet
	facet normal 0 -0 -1
		outer loop
			vertex 13.359517097473 0.97560703754425 0
			vertex 13.368292808533 0.96247279644012 0
			vertex 13.209627151489 0.96247279644012 0
		endloop
	endfacet
	facet normal -0 0 -1
		outer loop
			vertex 13.356434822083 0.99110001325607 0
			vertex 13.209627151489 0.96247279644012 0
			vertex 13.317586898804 1.0704327821732 0
		endloop
	endfacet
	facet normal 0 -0 -1
		outer loop
			vertex 13.248475074768 1.1840977668762 0
			vertex 13.248475074768 1.1158294677734 0
			vertex 13.16423034668 1.0315849781036 0
		endloop
	endfacet
	facet normal 0 -0 -1
		outer loop
			vertex 13.309789657593 1.2417355775833 0
			vertex 13.317586898804 1.2356472015381 0
			vertex 13.309412956238 1.2411088943481 0
		endloop
	endfacet
	facet normal 0 0 -1
		outer loop
			vertex 12.22612953186 1.4904149770737 0
			vertex 12.40978717804 1.298403263092 0
			vertex 12.396653175354 1.2896271944046 0
		endloop
	endfacet
	facet normal -0 0 -1
		outer loop
			vertex 12.396653175354 1.2896271944046 0
			vertex 12.38787651062 1.2764929533005 0
			vertex 12.22612953186 1.4904149770737 0
		endloop
	endfacet
	facet normal 0 0 -1
		outer loop
			vertex 12.22612953186 1.4904149770737 0
			vertex 12.42527961731 1.3014849424362 0
			vertex 12.40978717804 1.298403263092 0
		endloop
	endfacet
	facet normal 0 0 -1
		outer loop
			vertex 12.22612953186 1.4904149770737 0
			vertex 12.516470909119 1.4904149770737 0
			vertex 12.42527961731 1.3014849424362 0
		endloop
	endfacet
	facet normal 0 -0 -1
		outer loop
			vertex 12.600714683533 1.4061706066132 0
			vertex 12.600714683533 1.3014849424362 0
			vertex 12.42527961731 1.3014849424362 0
		endloop
	endfacet
	facet normal 0 0 -1
		outer loop
			vertex 12.42527961731 1.3014849424362 0
			vertex 12.516470909119 1.4904149770737 0
			vertex 12.600714683533 1.4061706066132 0
		endloop
	endfacet
	facet normal 0 0 -1
		outer loop
			vertex 12.561866760254 1.5595271587372 0
			vertex 12.548732757568 1.5683032274246 0
			vertex 12.720532417297 1.5595271587372 0
		endloop
	endfacet
	facet normal -0 0 -1
		outer loop
			vertex 12.720532417297 1.5022727251053 0
			vertex 12.669827461243 1.4515671730042 0
			vertex 12.561866760254 1.5595271587372 0
		endloop
	endfacet
	facet normal 0 0 -1
		outer loop
			vertex 12.561866760254 1.5595271587372 0
			vertex 12.711756706238 1.5154070854187 0
			vertex 12.720532417297 1.5022727251053 0
		endloop
	endfacet
	facet normal 0 0 -1
		outer loop
			vertex 12.561866760254 1.5595271587372 0
			vertex 12.708675384521 1.5309000015259 0
			vertex 12.711756706238 1.5154070854187 0
		endloop
	endfacet
	facet normal 0 0 -1
		outer loop
			vertex 12.561866760254 1.5595271587372 0
			vertex 12.711756706238 1.5463929176331 0
			vertex 12.708675384521 1.5309000015259 0
		endloop
	endfacet
	facet normal 0 0 -1
		outer loop
			vertex 12.561866760254 1.5595271587372 0
			vertex 12.720532417297 1.5595271587372 0
			vertex 12.711756706238 1.5463929176331 0
		endloop
	endfacet
	facet normal 0 0 -1
		outer loop
			vertex 12.548732757568 1.5683032274246 0
			vertex 12.733667373657 1.5683032274246 0
			vertex 12.720532417297 1.5595271587372 0
		endloop
	endfacet
	facet normal 0 0 -1
		outer loop
			vertex 12.728330612183 1.4961843490601 0
			vertex 12.678603172302 1.4384329319 0
			vertex 12.669827461243 1.4515671730042 0
		endloop
	endfacet
	facet normal 0 -0 -1
		outer loop
			vertex 12.720532417297 1.5022727251053 0
			vertex 12.728330612183 1.4961843490601 0
			vertex 12.669827461243 1.4515671730042 0
		endloop
	endfacet
	facet normal 0 0 -1
		outer loop
			vertex 12.720532417297 1.5022727251053 0
			vertex 12.728706359863 1.4968111515045 0
			vertex 12.728330612183 1.4961843490601 0
		endloop
	endfacet
	facet normal 0 0 -1
		outer loop
			vertex 10.256706237793 2.4974429607391 0
			vertex 10.933400154114 2.5220000743866 0
			vertex 16.39999961853 2.5220000743866 0
		endloop
	endfacet
	facet normal -0 0 1
		outer loop
			vertex 10.933400154114 1.8175696134567 0.51999998092651
			vertex 15.880000114441 1.5637629032135 0.51999998092651
			vertex 10.933400154114 2.5220000743866 0.51999998092651
		endloop
	endfacet
	facet normal 0 0 -1
		outer loop
			vertex 12.681685447693 1.4229400157928 0
			vertex 13.248475074768 1.1840977668762 0
			vertex 12.681685447693 1.2610000371933 0
		endloop
	endfacet
	facet normal 0 0 -1
		outer loop
			vertex 12.681685447693 1.4229400157928 0
			vertex 12.678603172302 1.4384329319 0
			vertex 13.248475074768 1.1840977668762 0
		endloop
	endfacet
	facet normal 0 -0 -1
		outer loop
			vertex 12.728330612183 1.4961843490601 0
			vertex 13.248475074768 1.1840977668762 0
			vertex 12.678603172302 1.4384329319 0
		endloop
	endfacet
	facet normal -0 -0 -1
		outer loop
			vertex 13.288960456848 1.4904149770737 0
			vertex 13.309789657593 1.2417355775833 0
			vertex 12.895323753357 1.4904149770737 0
		endloop
	endfacet
	facet normal 0 -0 -1
		outer loop
			vertex 13.317586898804 1.5022727251053 0
			vertex 13.317586898804 1.2356472015381 0
			vertex 13.309789657593 1.2417355775833 0
		endloop
	endfacet
	facet normal 0 0 -1
		outer loop
			vertex 13.309789657593 1.2417355775833 0
			vertex 13.288960456848 1.4904149770737 0
			vertex 13.304452896118 1.4934967756271 0
		endloop
	endfacet
	facet normal 0 0 -1
		outer loop
			vertex 13.304452896118 1.4934967756271 0
			vertex 13.317586898804 1.5022727251053 0
			vertex 13.309789657593 1.2417355775833 0
		endloop
	endfacet
	facet normal -0 -0 -1
		outer loop
			vertex 13.381426811218 0.95369672775269 0
			vertex 13.396920204163 0.95061498880386 0
			vertex 13.209627151489 0.96247279644012 0
		endloop
	endfacet
	facet normal 0 0 -1
		outer loop
			vertex 13.356434822083 0.99110001325607 0
			vertex 13.326363563538 1.0835670232773 0
			vertex 13.329444885254 1.0990600585938 0
		endloop
	endfacet
	facet normal 0 0 -1
		outer loop
			vertex 13.356434822083 0.99110001325607 0
			vertex 13.317586898804 1.0704327821732 0
			vertex 13.326363563538 1.0835670232773 0
		endloop
	endfacet
	facet normal 0 0 -1
		outer loop
			vertex 13.356434822083 0.99110001325607 0
			vertex 13.329444885254 1.0990600585938 0
			vertex 13.329444885254 1.2070200443268 0
		endloop
	endfacet
	facet normal 0 -0 -1
		outer loop
			vertex 13.356434822083 1.5309000015259 0
			vertex 13.356434822083 0.99110001325607 0
			vertex 13.329444885254 1.2070200443268 0
		endloop
	endfacet
	facet normal 0 0 -1
		outer loop
			vertex 15.880000114441 0.51999998092651 0
			vertex 12.480041503906 0.95061498880386 0
			vertex 12.533240318298 0.95061498880386 0
		endloop
	endfacet
	facet normal 0 0 -1
		outer loop
			vertex 15.880000114441 0.51999998092651 0
			vertex 12.533240318298 0.95061498880386 0
			vertex 12.548732757568 0.95369672775269 0
		endloop
	endfacet
	facet normal 0 0 -1
		outer loop
			vertex 15.880000114441 0.51999998092651 0
			vertex 12.548732757568 0.95369672775269 0
			vertex 12.561866760254 0.96247279644012 0
		endloop
	endfacet
	facet normal 0 0 -1
		outer loop
			vertex 15.880000114441 0.51999998092651 0
			vertex 12.561866760254 0.96247279644012 0
			vertex 12.857119560242 0.95061498880386 0
		endloop
	endfacet
	facet normal 0 0 -1
		outer loop
			vertex 13.425547599792 0.96247279644012 0
			vertex 13.434323310852 0.97560703754425 0
			vertex 13.918614387512 0.95488911867142 0
		endloop
	endfacet
	facet normal 0 0 -1
		outer loop
			vertex 13.412412643433 0.95369672775269 0
			vertex 13.425547599792 0.96247279644012 0
			vertex 13.918614387512 0.95488911867142 0
		endloop
	endfacet
	facet normal 0 0 -1
		outer loop
			vertex 13.396920204163 0.95061498880386 0
			vertex 13.412412643433 0.95369672775269 0
			vertex 13.936719894409 0.95061498880386 0
		endloop
	endfacet
	facet normal 0 0 -1
		outer loop
			vertex 13.434323310852 0.97560703754425 0
			vertex 13.437404632568 0.99110001325607 0
			vertex 13.918614387512 0.95488911867142 0
		endloop
	endfacet
	facet normal 0 0 -1
		outer loop
			vertex 13.437404632568 1.1954939365387 0
			vertex 13.918614387512 0.95488911867142 0
			vertex 13.437404632568 0.99110001325607 0
		endloop
	endfacet
	facet normal 0 0 -1
		outer loop
			vertex 13.412412643433 0.95369672775269 0
			vertex 13.918614387512 0.95488911867142 0
			vertex 13.921227455139 0.95369672775269 0
		endloop
	endfacet
	facet normal 0 0 -1
		outer loop
			vertex 13.412412643433 0.95369672775269 0
			vertex 13.921227455139 0.95369672775269 0
			vertex 13.936719894409 0.95061498880386 0
		endloop
	endfacet
	facet normal 0 0 -1
		outer loop
			vertex 13.487446784973 1.2610000371933 0
			vertex 14.007276535034 1.0835670232773 0
			vertex 13.954825401306 1.0273108482361 0
		endloop
	endfacet
	facet normal 0 0 -1
		outer loop
			vertex 13.487446784973 1.2610000371933 0
			vertex 14.004195213318 1.0990600585938 0
			vertex 14.007276535034 1.0835670232773 0
		endloop
	endfacet
	facet normal 0 0 -1
		outer loop
			vertex 15.880000114441 0.51999998092651 0
			vertex 12.857119560242 0.95061498880386 0
			vertex 13.180999755859 0.95061498880386 0
		endloop
	endfacet
	facet normal 0 0 -1
		outer loop
			vertex 13.918614387512 0.95488911867142 0
			vertex 13.918822288513 0.95530378818512 0
			vertex 13.921227455139 0.95369672775269 0
		endloop
	endfacet
	facet normal 0 0 -1
		outer loop
			vertex 13.952213287354 0.95369672775269 0
			vertex 13.965347290039 0.96247279644012 0
			vertex 14.137146949768 0.95369672775269 0
		endloop
	endfacet
	facet normal 0 0 -1
		outer loop
			vertex 13.936719894409 0.95061498880386 0
			vertex 13.952213287354 0.95369672775269 0
			vertex 14.152640342712 0.95061498880386 0
		endloop
	endfacet
	facet normal 0 0 -1
		outer loop
			vertex 13.974123001099 0.97560703754425 0
			vertex 13.977205276489 0.99110001325607 0
			vertex 14.124012947083 0.96247279644012 0
		endloop
	endfacet
	facet normal 0 0 -1
		outer loop
			vertex 13.965347290039 0.96247279644012 0
			vertex 13.974123001099 0.97560703754425 0
			vertex 14.124012947083 0.96247279644012 0
		endloop
	endfacet
	facet normal 0 -0 -1
		outer loop
			vertex 13.954825401306 1.0273108482361 0
			vertex 14.124012947083 0.96247279644012 0
			vertex 13.954618453979 1.026896238327 0
		endloop
	endfacet
	facet normal 0 0 -1
		outer loop
			vertex 13.954618453979 1.026896238327 0
			vertex 14.124012947083 0.96247279644012 0
			vertex 13.965347290039 1.019727230072 0
		endloop
	endfacet
	facet normal 0 0 -1
		outer loop
			vertex 13.974123001099 1.0065929889679 0
			vertex 13.965347290039 1.019727230072 0
			vertex 14.124012947083 0.96247279644012 0
		endloop
	endfacet
	facet normal 0 0 -1
		outer loop
			vertex 13.977205276489 0.99110001325607 0
			vertex 13.974123001099 1.0065929889679 0
			vertex 14.124012947083 0.96247279644012 0
		endloop
	endfacet
	facet normal 0 0 -1
		outer loop
			vertex 13.954825401306 1.0273108482361 0
			vertex 14.007276535034 1.0835670232773 0
			vertex 14.016053199768 1.0704327821732 0
		endloop
	endfacet
	facet normal 0 0 -1
		outer loop
			vertex 13.954825401306 1.0273108482361 0
			vertex 14.016053199768 1.0704327821732 0
			vertex 14.124012947083 0.96247279644012 0
		endloop
	endfacet
	facet normal 0 0 -1
		outer loop
			vertex 13.965347290039 0.96247279644012 0
			vertex 14.124012947083 0.96247279644012 0
			vertex 14.137146949768 0.95369672775269 0
		endloop
	endfacet
	facet normal -0 -0 -1
		outer loop
			vertex 14.137146949768 0.95369672775269 0
			vertex 14.152640342712 0.95061498880386 0
			vertex 13.952213287354 0.95369672775269 0
		endloop
	endfacet
	facet normal 0 0 -1
		outer loop
			vertex 16.397495269775 0.52030569314957 0
			vertex 13.180999755859 0.95061498880386 0
			vertex 13.196493148804 0.95369672775269 0
		endloop
	endfacet
	facet normal 0 0 -1
		outer loop
			vertex 16.397495269775 0.52030569314957 0
			vertex 13.196493148804 0.95369672775269 0
			vertex 13.209627151489 0.96247279644012 0
		endloop
	endfacet
	facet normal 0 0 -1
		outer loop
			vertex 16.397495269775 0.52030569314957 0
			vertex 13.209627151489 0.96247279644012 0
			vertex 13.396920204163 0.95061498880386 0
		endloop
	endfacet
	facet normal 0 0 -1
		outer loop
			vertex 14.459750175476 1.4904149770737 0
			vertex 14.169409751892 1.0315849781036 0
			vertex 14.085165023804 1.1158294677734 0
		endloop
	endfacet
	facet normal 0 0 -1
		outer loop
			vertex 13.356434822083 1.5309000015259 0
			vertex 13.326363563538 1.222512960434 0
			vertex 13.317586898804 1.2356472015381 0
		endloop
	endfacet
	facet normal 0 0 -1
		outer loop
			vertex 13.356434822083 1.5309000015259 0
			vertex 13.329444885254 1.2070200443268 0
			vertex 13.326363563538 1.222512960434 0
		endloop
	endfacet
	facet normal 0 0 -1
		outer loop
			vertex 13.317586898804 1.5022727251053 0
			vertex 13.356434822083 1.5309000015259 0
			vertex 13.317586898804 1.2356472015381 0
		endloop
	endfacet
	facet normal 0 0 -1
		outer loop
			vertex 13.317586898804 1.5022727251053 0
			vertex 13.326363563538 1.5154070854187 0
			vertex 13.356434822083 1.5309000015259 0
		endloop
	endfacet
	facet normal 0 0 -1
		outer loop
			vertex 13.326363563538 1.5154070854187 0
			vertex 13.329444885254 1.5309000015259 0
			vertex 13.356434822083 1.5309000015259 0
		endloop
	endfacet
	facet normal 0 0 -1
		outer loop
			vertex 13.329444885254 1.5309000015259 0
			vertex 13.326363563538 1.5463929176331 0
			vertex 13.356434822083 1.5309000015259 0
		endloop
	endfacet
	facet normal 0 0 -1
		outer loop
			vertex 13.326363563538 1.5463929176331 0
			vertex 13.317586898804 1.5595271587372 0
			vertex 13.359517097473 1.5463929176331 0
		endloop
	endfacet
	facet normal 0 0 -1
		outer loop
			vertex 13.317586898804 1.5595271587372 0
			vertex 13.304452896118 1.5683032274246 0
			vertex 13.368292808533 1.5595271587372 0
		endloop
	endfacet
	facet normal -0 0 -1
		outer loop
			vertex 13.359517097473 1.5463929176331 0
			vertex 13.356434822083 1.5309000015259 0
			vertex 13.326363563538 1.5463929176331 0
		endloop
	endfacet
	facet normal 0 0 -1
		outer loop
			vertex 13.317586898804 1.5595271587372 0
			vertex 13.368292808533 1.5595271587372 0
			vertex 13.359517097473 1.5463929176331 0
		endloop
	endfacet
	facet normal 0 0 -1
		outer loop
			vertex 13.304452896118 1.5683032274246 0
			vertex 13.381426811218 1.5683032274246 0
			vertex 13.368292808533 1.5595271587372 0
		endloop
	endfacet
	facet normal 0 0 -1
		outer loop
			vertex 13.437404632568 1.5309000015259 0
			vertex 13.918614387512 1.5671108961105 0
			vertex 13.437404632568 1.3265061378479 0
		endloop
	endfacet
	facet normal 0 0 -1
		outer loop
			vertex 13.918614387512 1.5671108961105 0
			vertex 13.437404632568 1.5309000015259 0
			vertex 13.434323310852 1.5463929176331 0
		endloop
	endfacet
	facet normal 0 0 -1
		outer loop
			vertex 13.434323310852 1.5463929176331 0
			vertex 13.425547599792 1.5595271587372 0
			vertex 13.918614387512 1.5671108961105 0
		endloop
	endfacet
	facet normal 0 0 -1
		outer loop
			vertex 13.425547599792 1.5595271587372 0
			vertex 13.412412643433 1.5683032274246 0
			vertex 13.918614387512 1.5671108961105 0
		endloop
	endfacet
	facet normal 0 -0 -1
		outer loop
			vertex 14.004195213318 1.4229400157928 0
			vertex 14.004195213318 1.0990600585938 0
			vertex 13.487446784973 1.2610000371933 0
		endloop
	endfacet
	facet normal -0 0 -1
		outer loop
			vertex 14.004195213318 1.4229400157928 0
			vertex 13.487446784973 1.2610000371933 0
			vertex 13.954825401306 1.4946891069412 0
		endloop
	endfacet
	facet normal 0 0 -1
		outer loop
			vertex 13.412412643433 1.5683032274246 0
			vertex 13.921227455139 1.5683032274246 0
			vertex 13.918614387512 1.5671108961105 0
		endloop
	endfacet
	facet normal 0 0 -1
		outer loop
			vertex 16.39999961853 2.5220000743866 0
			vertex 12.209360122681 1.5713850259781 0
			vertex 12.193866729736 1.5683032274246 0
		endloop
	endfacet
	facet normal 0 0 -1
		outer loop
			vertex 16.39999961853 2.5220000743866 0
			vertex 12.533240318298 1.5713850259781 0
			vertex 12.209360122681 1.5713850259781 0
		endloop
	endfacet
	facet normal 0 0 -1
		outer loop
			vertex 16.39999961853 2.5220000743866 0
			vertex 12.548732757568 1.5683032274246 0
			vertex 12.533240318298 1.5713850259781 0
		endloop
	endfacet
	facet normal 0 0 -1
		outer loop
			vertex 13.965347290039 1.5022727251053 0
			vertex 13.954825401306 1.4946891069412 0
			vertex 13.954618453979 1.4951038360596 0
		endloop
	endfacet
	facet normal 0 0 -1
		outer loop
			vertex 13.921227455139 1.5683032274246 0
			vertex 13.918822288513 1.5666961669922 0
			vertex 13.918614387512 1.5671108961105 0
		endloop
	endfacet
	facet normal -0 0 -1
		outer loop
			vertex 14.007276535034 1.4384329319 0
			vertex 14.004195213318 1.4229400157928 0
			vertex 13.954825401306 1.4946891069412 0
		endloop
	endfacet
	facet normal 0 -0 -1
		outer loop
			vertex 13.965347290039 1.5022727251053 0
			vertex 14.007276535034 1.4384329319 0
			vertex 13.954825401306 1.4946891069412 0
		endloop
	endfacet
	facet normal 0 0 -1
		outer loop
			vertex 13.965347290039 1.5022727251053 0
			vertex 14.016053199768 1.4515671730042 0
			vertex 14.007276535034 1.4384329319 0
		endloop
	endfacet
	facet normal 0 0 -1
		outer loop
			vertex 14.016053199768 1.4515671730042 0
			vertex 13.965347290039 1.5022727251053 0
			vertex 13.974123001099 1.5154070854187 0
		endloop
	endfacet
	facet normal 0 0 -1
		outer loop
			vertex 13.974123001099 1.5154070854187 0
			vertex 13.977205276489 1.5309000015259 0
			vertex 14.124012947083 1.5595271587372 0
		endloop
	endfacet
	facet normal 0 0 -1
		outer loop
			vertex 13.977205276489 1.5309000015259 0
			vertex 13.974123001099 1.5463929176331 0
			vertex 14.124012947083 1.5595271587372 0
		endloop
	endfacet
	facet normal 0 0 -1
		outer loop
			vertex 13.974123001099 1.5463929176331 0
			vertex 13.965347290039 1.5595271587372 0
			vertex 14.124012947083 1.5595271587372 0
		endloop
	endfacet
	facet normal 0 0 -1
		outer loop
			vertex 13.965347290039 1.5595271587372 0
			vertex 13.952213287354 1.5683032274246 0
			vertex 14.124012947083 1.5595271587372 0
		endloop
	endfacet
	facet normal 0 0 -1
		outer loop
			vertex 13.974123001099 1.5154070854187 0
			vertex 14.124012947083 1.5595271587372 0
			vertex 14.016053199768 1.4515671730042 0
		endloop
	endfacet
	facet normal 0 0 -1
		outer loop
			vertex 13.952213287354 1.5683032274246 0
			vertex 14.137146949768 1.5683032274246 0
			vertex 14.124012947083 1.5595271587372 0
		endloop
	endfacet
	facet normal 0 0 -1
		outer loop
			vertex 16.39999961853 2.5220000743866 0
			vertex 12.733667373657 1.5683032274246 0
			vertex 12.548732757568 1.5683032274246 0
		endloop
	endfacet
	facet normal 0 0 -1
		outer loop
			vertex 16.39999961853 2.5220000743866 0
			vertex 12.749159812927 1.5713850259781 0
			vertex 12.733667373657 1.5683032274246 0
		endloop
	endfacet
	facet normal 0 0 -1
		outer loop
			vertex 14.459750175476 1.4904149770737 0
			vertex 14.085165023804 1.1158294677734 0
			vertex 14.085165023804 1.4061706066132 0
		endloop
	endfacet
	facet normal 0 -0 -1
		outer loop
			vertex 14.169409751892 1.4904149770737 0
			vertex 14.459750175476 1.4904149770737 0
			vertex 14.085165023804 1.4061706066132 0
		endloop
	endfacet
	facet normal 0 0 -1
		outer loop
			vertex 16.39999961853 2.5220000743866 0
			vertex 13.288960456848 1.5713850259781 0
			vertex 12.749159812927 1.5713850259781 0
		endloop
	endfacet
	facet normal 0 0 -1
		outer loop
			vertex 16.39999961853 2.5220000743866 0
			vertex 13.304452896118 1.5683032274246 0
			vertex 13.288960456848 1.5713850259781 0
		endloop
	endfacet
	facet normal 0 1 0
		outer loop
			vertex 10.933400154114 2.5220000743866 0
			vertex 10.933400154114 2.5220000743866 0.51999998092651
			vertex 16.39999961853 2.5220000743866 0.51999998092651
		endloop
	endfacet
	facet normal 0 0 -1
		outer loop
			vertex 16.397495269775 0.52030569314957 0
			vertex 13.396920204163 0.95061498880386 0
			vertex 13.936719894409 0.95061498880386 0
		endloop
	endfacet
	facet normal 0 0 -1
		outer loop
			vertex 14.169409751892 1.0315849781036 0
			vertex 14.543994903564 1.1158294677734 0
			vertex 14.459750175476 1.0315849781036 0
		endloop
	endfacet
	facet normal 0 -0 -1
		outer loop
			vertex 14.543994903564 1.4061706066132 0
			vertex 14.543994903564 1.1158294677734 0
			vertex 14.169409751892 1.0315849781036 0
		endloop
	endfacet
	facet normal 0 0 -1
		outer loop
			vertex 16.397495269775 0.52030569314957 0
			vertex 13.936719894409 0.95061498880386 0
			vertex 14.152640342712 0.95061498880386 0
		endloop
	endfacet
	facet normal 0 0 -1
		outer loop
			vertex 14.4920129776 0.95369672775269 0
			vertex 14.505146980286 0.96247279644012 0
			vertex 14.939883232117 0.95741444826126 0
		endloop
	endfacet
	facet normal 0 0 -1
		outer loop
			vertex 14.613107681274 1.0704327821732 0
			vertex 14.621883392334 1.0835670232773 0
			vertex 14.771772384644 1.0704327821732 0
		endloop
	endfacet
	facet normal 0 0 -1
		outer loop
			vertex 14.621883392334 1.0835670232773 0
			vertex 14.62496471405 1.0990600585938 0
			vertex 14.762996673584 1.0835670232773 0
		endloop
	endfacet
	facet normal 0 0 -1
		outer loop
			vertex 14.505146980286 0.96247279644012 0
			vertex 14.613107681274 1.0704327821732 0
			vertex 14.939883232117 0.95741444826126 0
		endloop
	endfacet
	facet normal -0 -0 -1
		outer loop
			vertex 14.759915351868 1.0990600585938 0
			vertex 14.762996673584 1.0835670232773 0
			vertex 14.62496471405 1.0990600585938 0
		endloop
	endfacet
	facet normal -0 -0 -1
		outer loop
			vertex 14.762996673584 1.0835670232773 0
			vertex 14.771772384644 1.0704327821732 0
			vertex 14.621883392334 1.0835670232773 0
		endloop
	endfacet
	facet normal -0 -0 -1
		outer loop
			vertex 14.771772384644 1.0704327821732 0
			vertex 14.778374671936 1.0660216808319 0
			vertex 14.613107681274 1.0704327821732 0
		endloop
	endfacet
	facet normal -0 0 -1
		outer loop
			vertex 14.778374671936 1.0660216808319 0
			vertex 14.777942657471 1.0653744935989 0
			vertex 14.613107681274 1.0704327821732 0
		endloop
	endfacet
	facet normal 0 0 -1
		outer loop
			vertex 14.62496471405 1.4229400157928 0
			vertex 14.759915351868 1.0990600585938 0
			vertex 14.62496471405 1.0990600585938 0
		endloop
	endfacet
	facet normal 0 0 -1
		outer loop
			vertex 14.62496471405 1.4229400157928 0
			vertex 14.762996673584 1.1145529747009 0
			vertex 14.759915351868 1.0990600585938 0
		endloop
	endfacet
	facet normal 0 0 -1
		outer loop
			vertex 14.62496471405 1.4229400157928 0
			vertex 14.784907341003 1.1364632844925 0
			vertex 14.771772384644 1.1276872158051 0
		endloop
	endfacet
	facet normal 0 0 -1
		outer loop
			vertex 14.62496471405 1.4229400157928 0
			vertex 14.771772384644 1.1276872158051 0
			vertex 14.762996673584 1.1145529747009 0
		endloop
	endfacet
	facet normal 0 0 -1
		outer loop
			vertex 14.4920129776 0.95369672775269 0
			vertex 14.939883232117 0.95741444826126 0
			vertex 14.946846961975 0.95369672775269 0
		endloop
	endfacet
	facet normal 0 0 -1
		outer loop
			vertex 14.613107681274 1.0704327821732 0
			vertex 14.777942657471 1.0653744935989 0
			vertex 14.939883232117 0.95741444826126 0
		endloop
	endfacet
	facet normal -0 -0 -1
		outer loop
			vertex 14.946846961975 0.95369672775269 0
			vertex 14.962340354919 0.95061498880386 0
			vertex 14.4920129776 0.95369672775269 0
		endloop
	endfacet
	facet normal 0 0 -1
		outer loop
			vertex 14.784907341003 1.4934967756271 0
			vertex 14.800399780273 1.1395449638367 0
			vertex 14.784907341003 1.1364632844925 0
		endloop
	endfacet
	facet normal 0 0 -1
		outer loop
			vertex 14.822425842285 1.1320983171463 0
			vertex 14.815893173218 1.1364632844925 0
			vertex 14.822856903076 1.1327455043793 0
		endloop
	endfacet
	facet normal 0 0 -1
		outer loop
			vertex 14.784907341003 1.4934967756271 0
			vertex 14.822856903076 1.1327455043793 0
			vertex 14.815893173218 1.1364632844925 0
		endloop
	endfacet
	facet normal 0 0 -1
		outer loop
			vertex 14.784907341003 1.4934967756271 0
			vertex 14.815893173218 1.1364632844925 0
			vertex 14.800399780273 1.1395449638367 0
		endloop
	endfacet
	facet normal 0 0 -1
		outer loop
			vertex 14.800399780273 1.4904149770737 0
			vertex 14.921854972839 1.0667469501495 0
			vertex 14.822856903076 1.1327455043793 0
		endloop
	endfacet
	facet normal 0 0 -1
		outer loop
			vertex 16.397495269775 0.52030569314957 0
			vertex 14.152640342712 0.95061498880386 0
			vertex 14.476519584656 0.95061498880386 0
		endloop
	endfacet
	facet normal 0 0 -1
		outer loop
			vertex 14.939883232117 0.95741444826126 0
			vertex 14.940314292908 0.95806169509888 0
			vertex 14.946846961975 0.95369672775269 0
		endloop
	endfacet
	facet normal 0 0 -1
		outer loop
			vertex 15.880000114441 0.51999998092651 0
			vertex 13.180999755859 0.95061498880386 0
			vertex 16.397495269775 0.51999998092651 0
		endloop
	endfacet
	facet normal 0 0 -1
		outer loop
			vertex 16.397495269775 0.52030569314957 0
			vertex 14.476519584656 0.95061498880386 0
			vertex 14.4920129776 0.95369672775269 0
		endloop
	endfacet
	facet normal 0 0 -1
		outer loop
			vertex 16.397495269775 0.51999998092651 0
			vertex 13.180999755859 0.95061498880386 0
			vertex 16.397495269775 0.52030569314957 0
		endloop
	endfacet
	facet normal 0 0 -1
		outer loop
			vertex 16.397495269775 0.52030569314957 0
			vertex 14.4920129776 0.95369672775269 0
			vertex 14.962340354919 0.95061498880386 0
		endloop
	endfacet
	facet normal 0 -0 -1
		outer loop
			vertex 14.459750175476 1.4904149770737 0
			vertex 14.543994903564 1.4061706066132 0
			vertex 14.169409751892 1.0315849781036 0
		endloop
	endfacet
	facet normal 0 0 -1
		outer loop
			vertex 14.505146980286 1.5595271587372 0
			vertex 14.4920129776 1.5683032274246 0
			vertex 14.771772384644 1.5595271587372 0
		endloop
	endfacet
	facet normal 0 0 -1
		outer loop
			vertex 16.39999961853 2.5220000743866 0
			vertex 13.381426811218 1.5683032274246 0
			vertex 13.304452896118 1.5683032274246 0
		endloop
	endfacet
	facet normal 0 0 -1
		outer loop
			vertex 16.39999961853 2.5220000743866 0
			vertex 13.396920204163 1.5713850259781 0
			vertex 13.381426811218 1.5683032274246 0
		endloop
	endfacet
	facet normal 0 0 -1
		outer loop
			vertex 16.39999961853 2.5220000743866 0
			vertex 13.412412643433 1.5683032274246 0
			vertex 13.396920204163 1.5713850259781 0
		endloop
	endfacet
	facet normal 0 0 -1
		outer loop
			vertex 16.39999961853 2.5220000743866 0
			vertex 13.921227455139 1.5683032274246 0
			vertex 13.412412643433 1.5683032274246 0
		endloop
	endfacet
	facet normal 0 -0 -1
		outer loop
			vertex 14.784907341003 1.4934967756271 0
			vertex 14.784907341003 1.1364632844925 0
			vertex 14.62496471405 1.4229400157928 0
		endloop
	endfacet
	facet normal 0 0 -1
		outer loop
			vertex 14.762996673584 1.5154070854187 0
			vertex 14.621883392334 1.4384329319 0
			vertex 14.613107681274 1.4515671730042 0
		endloop
	endfacet
	facet normal 0 0 -1
		outer loop
			vertex 14.613107681274 1.4515671730042 0
			vertex 14.505146980286 1.5595271587372 0
			vertex 14.762996673584 1.5154070854187 0
		endloop
	endfacet
	facet normal 0 0 -1
		outer loop
			vertex 14.771772384644 1.5022727251053 0
			vertex 14.62496471405 1.4229400157928 0
			vertex 14.621883392334 1.4384329319 0
		endloop
	endfacet
	facet normal 0 -0 -1
		outer loop
			vertex 14.771772384644 1.5022727251053 0
			vertex 14.784907341003 1.4934967756271 0
			vertex 14.62496471405 1.4229400157928 0
		endloop
	endfacet
	facet normal 0 -0 -1
		outer loop
			vertex 14.762996673584 1.5154070854187 0
			vertex 14.771772384644 1.5022727251053 0
			vertex 14.621883392334 1.4384329319 0
		endloop
	endfacet
	facet normal -0 -0 -1
		outer loop
			vertex 14.759915351868 1.5309000015259 0
			vertex 14.762996673584 1.5154070854187 0
			vertex 14.505146980286 1.5595271587372 0
		endloop
	endfacet
	facet normal 0 0 -1
		outer loop
			vertex 14.505146980286 1.5595271587372 0
			vertex 14.762996673584 1.5463929176331 0
			vertex 14.759915351868 1.5309000015259 0
		endloop
	endfacet
	facet normal 0 0 -1
		outer loop
			vertex 14.505146980286 1.5595271587372 0
			vertex 14.771772384644 1.5595271587372 0
			vertex 14.762996673584 1.5463929176331 0
		endloop
	endfacet
	facet normal 0 0 -1
		outer loop
			vertex 14.4920129776 1.5683032274246 0
			vertex 14.784907341003 1.5683032274246 0
			vertex 14.771772384644 1.5595271587372 0
		endloop
	endfacet
	facet normal 0 0 -1
		outer loop
			vertex 14.784907341003 1.4934967756271 0
			vertex 14.800399780273 1.4904149770737 0
			vertex 14.822856903076 1.1327455043793 0
		endloop
	endfacet
	facet normal 0 0 -1
		outer loop
			vertex 16.39999961853 2.5220000743866 0
			vertex 13.936719894409 1.5713850259781 0
			vertex 13.921227455139 1.5683032274246 0
		endloop
	endfacet
	facet normal 0 0 -1
		outer loop
			vertex 16.39999961853 2.5220000743866 0
			vertex 13.952213287354 1.5683032274246 0
			vertex 13.936719894409 1.5713850259781 0
		endloop
	endfacet
	facet normal 0 0 -1
		outer loop
			vertex 16.39999961853 2.5220000743866 0
			vertex 14.137146949768 1.5683032274246 0
			vertex 13.952213287354 1.5683032274246 0
		endloop
	endfacet
	facet normal -0 0 1
		outer loop
			vertex 10.933400154114 2.5220000743866 0.51999998092651
			vertex 15.880000114441 1.5637629032135 0.51999998092651
			vertex 16.39999961853 2.5220000743866 0.51999998092651
		endloop
	endfacet
	facet normal 0 0 -1
		outer loop
			vertex 14.800399780273 1.4904149770737 0
			vertex 14.921854972839 1.4904149770737 0
			vertex 14.921854972839 1.0667469501495 0
		endloop
	endfacet
	facet normal -0 0 -1
		outer loop
			vertex 15.124279975891 1.4904149770737 0
			vertex 15.002824783325 0.99110001325607 0
			vertex 15.002824783325 1.4904149770737 0
		endloop
	endfacet
	facet normal 0 0 -1
		outer loop
			vertex 15.002824783325 0.99110001325607 0
			vertex 15.124279975891 1.4904149770737 0
			vertex 15.139773368835 1.4934967756271 0
		endloop
	endfacet
	facet normal 0 -0 -1
		outer loop
			vertex 15.139773368835 1.4934967756271 0
			vertex 15.152907371521 1.5022727251053 0
			vertex 15.002824783325 0.99110001325607 0
		endloop
	endfacet
	facet normal 0 0 -1
		outer loop
			vertex 16.39999961853 2.5220000743866 0
			vertex 14.151895523071 1.5712368488312 0
			vertex 14.137146949768 1.5683032274246 0
		endloop
	endfacet
	facet normal 0 0 -1
		outer loop
			vertex 16.39999961853 2.5220000743866 0
			vertex 14.152640342712 1.5713850259781 0
			vertex 14.151895523071 1.5712368488312 0
		endloop
	endfacet
	facet normal 0 0 -1
		outer loop
			vertex 16.39999961853 2.5220000743866 0
			vertex 14.476519584656 1.5713850259781 0
			vertex 14.152640342712 1.5713850259781 0
		endloop
	endfacet
	facet normal 0 0 -1
		outer loop
			vertex 16.39999961853 2.5220000743866 0
			vertex 14.4920129776 1.5683032274246 0
			vertex 14.476519584656 1.5713850259781 0
		endloop
	endfacet
	facet normal 0 0 -1
		outer loop
			vertex 16.39999961853 2.5220000743866 0
			vertex 14.784907341003 1.5683032274246 0
			vertex 14.4920129776 1.5683032274246 0
		endloop
	endfacet
	facet normal 0 0 -1
		outer loop
			vertex 16.39999961853 2.5220000743866 0
			vertex 14.800399780273 1.5713850259781 0
			vertex 14.784907341003 1.5683032274246 0
		endloop
	endfacet
	facet normal 0 0 -1
		outer loop
			vertex 16.397495269775 0.52030569314957 0
			vertex 14.962340354919 0.95061498880386 0
			vertex 14.977832794189 0.95369672775269 0
		endloop
	endfacet
	facet normal 0 0 -1
		outer loop
			vertex 16.397495269775 0.52030569314957 0
			vertex 14.990966796875 0.96247279644012 0
			vertex 14.999743461609 0.97560703754425 0
		endloop
	endfacet
	facet normal 0 0 -1
		outer loop
			vertex 16.397495269775 0.52030569314957 0
			vertex 14.977832794189 0.95369672775269 0
			vertex 14.990966796875 0.96247279644012 0
		endloop
	endfacet
	facet normal 0 0 -1
		outer loop
			vertex 16.397495269775 0.52030569314957 0
			vertex 14.999743461609 0.97560703754425 0
			vertex 15.002824783325 0.99110001325607 0
		endloop
	endfacet
	facet normal 0 0 -1
		outer loop
			vertex 16.397495269775 0.52030569314957 0
			vertex 15.002824783325 0.99110001325607 0
			vertex 15.152907371521 1.5022727251053 0
		endloop
	endfacet
	facet normal 0 0 -1
		outer loop
			vertex 16.397495269775 0.52030569314957 0
			vertex 15.152907371521 1.5022727251053 0
			vertex 15.161683082581 1.5154070854187 0
		endloop
	endfacet
	facet normal 0 0 -1
		outer loop
			vertex 16.397495269775 0.52030569314957 0
			vertex 15.164765357971 1.5309000015259 0
			vertex 15.161683082581 1.5463929176331 0
		endloop
	endfacet
	facet normal 0 0 -1
		outer loop
			vertex 16.397495269775 0.52030569314957 0
			vertex 15.161683082581 1.5154070854187 0
			vertex 15.164765357971 1.5309000015259 0
		endloop
	endfacet
	facet normal 0 0 -1
		outer loop
			vertex 16.397495269775 0.52030569314957 0
			vertex 15.161683082581 1.5463929176331 0
			vertex 15.152907371521 1.5595271587372 0
		endloop
	endfacet
	facet normal -0 0 1
		outer loop
			vertex 15.880000114441 0.58347803354263 0.51999998092651
			vertex 16.39999961853 0.51999998092651 0.51999998092651
			vertex 15.880000114441 1.5637629032135 0.51999998092651
		endloop
	endfacet
	facet normal 0 0 -1
		outer loop
			vertex 16.39999961853 0.51999998092651 0
			vertex 16.397495269775 0.52030569314957 0
			vertex 16.39999961853 2.5220000743866 0
		endloop
	endfacet
	facet normal 1 0 0
		outer loop
			vertex 16.39999961853 0.51999998092651 0
			vertex 16.39999961853 2.5220000743866 0
			vertex 16.39999961853 0.51999998092651 0.51999998092651
		endloop
	endfacet
	facet normal 0 0 -1
		outer loop
			vertex 16.39999961853 2.5220000743866 0
			vertex 15.124279975891 1.5713850259781 0
			vertex 14.800399780273 1.5713850259781 0
		endloop
	endfacet
	facet normal 0 0 -1
		outer loop
			vertex 16.39999961853 2.5220000743866 0
			vertex 15.139773368835 1.5683032274246 0
			vertex 15.124279975891 1.5713850259781 0
		endloop
	endfacet
	facet normal 0 0 -1
		outer loop
			vertex 16.39999961853 2.5220000743866 0
			vertex 15.152907371521 1.5595271587372 0
			vertex 15.139773368835 1.5683032274246 0
		endloop
	endfacet
	facet normal 0 0 -1
		outer loop
			vertex 16.397495269775 0.52030569314957 0
			vertex 15.152907371521 1.5595271587372 0
			vertex 16.39999961853 2.5220000743866 0
		endloop
	endfacet
	facet normal 0 -0 1
		outer loop
			vertex 16.39999961853 0.51999998092651 0.51999998092651
			vertex 16.39999961853 2.5220000743866 0.51999998092651
			vertex 15.880000114441 1.5637629032135 0.51999998092651
		endloop
	endfacet
	facet normal 1 -0 0
		outer loop
			vertex 16.39999961853 0.51999998092651 0.51999998092651
			vertex 16.39999961853 2.5220000743866 0
			vertex 16.39999961853 2.5220000743866 0.51999998092651
		endloop
	endfacet
	facet normal 0 1 0
		outer loop
			vertex 10.933400154114 2.5220000743866 0
			vertex 16.39999961853 2.5220000743866 0.51999998092651
			vertex 16.39999961853 2.5220000743866 0
		endloop
	endfacet
	facet normal -0.90398932307871 -0.42755503009519 0
		outer loop
			vertex 0.061400942504406 0.27487370371819 0
			vertex 0.039582643657923 0.32100462913513 0.51999998092651
			vertex 0.039582643657923 0.32100462913513 0
		endloop
	endfacet
	facet normal -0.80320749887889 -0.59569934845081 0
		outer loop
			vertex 0.087635800242424 0.23110347986221 0
			vertex 0.11803456395864 0.19011549651623 0
			vertex 0.087635800242424 0.23110347986221 0.51999998092651
		endloop
	endfacet
	facet normal -0.85772865167947 -0.51410267465567 0
		outer loop
			vertex 0.061400942504406 0.27487370371819 0
			vertex 0.087635800242424 0.23110347986221 0
			vertex 0.061400942504406 0.27487370371819 0.51999998092651
		endloop
	endfacet
	facet normal 0 0 -1
		outer loop
			vertex 0.087635800242424 0.23110347986221 0
			vertex 0.51999998092651 0 0
			vertex 0.11803456395864 0.19011549651623 0
		endloop
	endfacet
	facet normal -0.6715588497192 -0.74095122063725 0
		outer loop
			vertex 0.15230447053909 0.15230447053909 0
			vertex 0.19011549651623 0.11803456395864 0
			vertex 0.15230447053909 0.15230447053909 0.51999998092651
		endloop
	endfacet
	facet normal -0.59569934845081 -0.80320749887889 0
		outer loop
			vertex 0.19011549651623 0.11803456395864 0
			vertex 0.23110347986221 0.087635800242424 0
			vertex 0.19011549651623 0.11803456395864 0.51999998092651
		endloop
	endfacet
	facet normal -0.51410267465567 -0.85772865167947 0
		outer loop
			vertex 0.23110347986221 0.087635800242424 0
			vertex 0.27487370371819 0.061400942504406 0
			vertex 0.23110347986221 0.087635800242424 0.51999998092651
		endloop
	endfacet
	facet normal 0 0 -1
		outer loop
			vertex 0.022391024976969 0.3690519630909 0
			vertex 0.0099916541948915 0.41855302453041 0
			vertex 0.51999998092651 0 0
		endloop
	endfacet
	facet normal 0 0 -1
		outer loop
			vertex 0.0099916541948915 0.41855302453041 0
			vertex 0.002503942232579 0.46903109550476 0
			vertex 0.51999998092651 0 0
		endloop
	endfacet
	facet normal 0 0 -1
		outer loop
			vertex 0.061400942504406 0.27487370371819 0
			vertex 0.51999998092651 0 0
			vertex 0.087635800242424 0.23110347986221 0
		endloop
	endfacet
	facet normal 0 0 -1
		outer loop
			vertex 0.061400942504406 0.27487370371819 0
			vertex 0.039582643657923 0.32100462913513 0
			vertex 0.51999998092651 0 0
		endloop
	endfacet
	facet normal 0 0 -1
		outer loop
			vertex 0.022391024976969 0.3690519630909 0
			vertex 0.51999998092651 0 0
			vertex 0.039582643657923 0.32100462913513 0
		endloop
	endfacet
	facet normal -0.74095122063725 -0.6715588497192 0
		outer loop
			vertex 0.11803456395864 0.19011549651623 0
			vertex 0.15230447053909 0.15230447053909 0
			vertex 0.11803456395864 0.19011549651623 0.51999998092651
		endloop
	endfacet
	facet normal -0.90398932307871 -0.42755503009519 0
		outer loop
			vertex 0.061400942504406 0.27487370371819 0
			vertex 0.061400942504406 0.27487370371819 0.51999998092651
			vertex 0.039582643657923 0.32100462913513 0.51999998092651
		endloop
	endfacet
	facet normal -0.80320749887889 -0.59569934845081 0
		outer loop
			vertex 0.11803456395864 0.19011549651623 0
			vertex 0.11803456395864 0.19011549651623 0.51999998092651
			vertex 0.087635800242424 0.23110347986221 0.51999998092651
		endloop
	endfacet
	facet normal -0.85772865167947 -0.51410267465567 0
		outer loop
			vertex 0.087635800242424 0.23110347986221 0
			vertex 0.087635800242424 0.23110347986221 0.51999998092651
			vertex 0.061400942504406 0.27487370371819 0.51999998092651
		endloop
	endfacet
	facet normal -0 -0 1
		outer loop
			vertex 0.087635800242424 0.23110347986221 0.51999998092651
			vertex 0.11803456395864 0.19011549651623 0.51999998092651
			vertex 0 0.51999998092651 0.51999998092651
		endloop
	endfacet
	facet normal -0 -0 1
		outer loop
			vertex 0.11803456395864 0.19011549651623 0.51999998092651
			vertex 0.15230447053909 0.15230447053909 0.51999998092651
			vertex 0 0.51999998092651 0.51999998092651
		endloop
	endfacet
	facet normal -0 -0 1
		outer loop
			vertex 0.15230447053909 0.15230447053909 0.51999998092651
			vertex 0.19011549651623 0.11803456395864 0.51999998092651
			vertex 0 0.51999998092651 0.51999998092651
		endloop
	endfacet
	facet normal -0.6715588497192 -0.74095122063725 0
		outer loop
			vertex 0.19011549651623 0.11803456395864 0
			vertex 0.19011549651623 0.11803456395864 0.51999998092651
			vertex 0.15230447053909 0.15230447053909 0.51999998092651
		endloop
	endfacet
	facet normal -0.59569934845081 -0.80320749887889 0
		outer loop
			vertex 0.23110347986221 0.087635800242424 0
			vertex 0.23110347986221 0.087635800242424 0.51999998092651
			vertex 0.19011549651623 0.11803456395864 0.51999998092651
		endloop
	endfacet
	facet normal -0.74095122063725 -0.6715588497192 0
		outer loop
			vertex 0.15230447053909 0.15230447053909 0
			vertex 0.15230447053909 0.15230447053909 0.51999998092651
			vertex 0.11803456395864 0.19011549651623 0.51999998092651
		endloop
	endfacet
	facet normal -0 -0 1
		outer loop
			vertex 0.23110347986221 0.087635800242424 0.51999998092651
			vertex 0.27487370371819 0.061400942504406 0.51999998092651
			vertex 0 0.51999998092651 0.51999998092651
		endloop
	endfacet
	facet normal -0 -0 1
		outer loop
			vertex 0.19011549651623 0.11803456395864 0.51999998092651
			vertex 0.23110347986221 0.087635800242424 0.51999998092651
			vertex 0 0.51999998092651 0.51999998092651
		endloop
	endfacet
	facet normal 0 0 1
		outer loop
			vertex 0 0.51999998092651 0.51999998092651
			vertex 0.27487370371819 0.061400942504406 0.51999998092651
			vertex 0.32100462913513 0.039582643657923 0.51999998092651
		endloop
	endfacet
	facet normal 0 0 1
		outer loop
			vertex 0 0.51999998092651 0.51999998092651
			vertex 0.32100462913513 0.039582643657923 0.51999998092651
			vertex 0.3690519630909 0.022391024976969 0.51999998092651
		endloop
	endfacet
	facet normal -0.94154401733551 -0.33688998711704 0
		outer loop
			vertex 0.022391024976969 0.3690519630909 0
			vertex 0.039582643657923 0.32100462913513 0
			vertex 0.022391024976969 0.3690519630909 0.51999998092651
		endloop
	endfacet
	facet normal -0.97003125145857 -0.24298018683365 0
		outer loop
			vertex 0.022391024976969 0.3690519630909 0
			vertex 0.0099916541948915 0.41855302453041 0.51999998092651
			vertex 0.0099916541948915 0.41855302453041 0
		endloop
	endfacet
	facet normal -0.9891765172025 -0.14673042566265 0
		outer loop
			vertex 0.0099916541948915 0.41855302453041 0
			vertex 0.002503942232579 0.46903109550476 0.51999998092651
			vertex 0.002503942232579 0.46903109550476 0
		endloop
	endfacet
	facet normal -0.99879545480729 -0.049067702781912 0
		outer loop
			vertex 0.002503942232579 0.46903109550476 0
			vertex 0 0.51999998092651 0.51999998092651
			vertex 0 0.51999998092651 0
		endloop
	endfacet
	facet normal 0 0 -1
		outer loop
			vertex 0.002503942232579 0.46903109550476 0
			vertex 0 0.51999998092651 0
			vertex 0.51999998092651 0.51999998092651 0
		endloop
	endfacet
	facet normal -0.97003125145857 -0.24298018683365 0
		outer loop
			vertex 0.022391024976969 0.3690519630909 0
			vertex 0.022391024976969 0.3690519630909 0.51999998092651
			vertex 0.0099916541948915 0.41855302453041 0.51999998092651
		endloop
	endfacet
	facet normal -0.94154401733551 -0.33688998711704 0
		outer loop
			vertex 0.039582643657923 0.32100462913513 0
			vertex 0.039582643657923 0.32100462913513 0.51999998092651
			vertex 0.022391024976969 0.3690519630909 0.51999998092651
		endloop
	endfacet
	facet normal -0.9891765172025 -0.14673042566265 0
		outer loop
			vertex 0.0099916541948915 0.41855302453041 0
			vertex 0.0099916541948915 0.41855302453041 0.51999998092651
			vertex 0.002503942232579 0.46903109550476 0.51999998092651
		endloop
	endfacet
	facet normal -0 -0 1
		outer loop
			vertex 0.061400942504406 0.27487370371819 0.51999998092651
			vertex 0.087635800242424 0.23110347986221 0.51999998092651
			vertex 0 0.51999998092651 0.51999998092651
		endloop
	endfacet
	facet normal 0 0 1
		outer loop
			vertex 0.061400942504406 0.27487370371819 0.51999998092651
			vertex 0 0.51999998092651 0.51999998092651
			vertex 0.039582643657923 0.32100462913513 0.51999998092651
		endloop
	endfacet
	facet normal -0 -0 1
		outer loop
			vertex 0.022391024976969 0.3690519630909 0.51999998092651
			vertex 0.039582643657923 0.32100462913513 0.51999998092651
			vertex 0 0.51999998092651 0.51999998092651
		endloop
	endfacet
	facet normal 0 0 1
		outer loop
			vertex 0.022391024976969 0.3690519630909 0.51999998092651
			vertex 0 0.51999998092651 0.51999998092651
			vertex 0.0099916541948915 0.41855302453041 0.51999998092651
		endloop
	endfacet
	facet normal 0 0 1
		outer loop
			vertex 0.0099916541948915 0.41855302453041 0.51999998092651
			vertex 0 0.51999998092651 0.51999998092651
			vertex 0.002503942232579 0.46903109550476 0.51999998092651
		endloop
	endfacet
	facet normal -0.99879545480729 -0.049067702781912 0
		outer loop
			vertex 0.002503942232579 0.46903109550476 0
			vertex 0.002503942232579 0.46903109550476 0.51999998092651
			vertex 0 0.51999998092651 0.51999998092651
		endloop
	endfacet
	facet normal 0 0 -1
		outer loop
			vertex 0.19011549651623 0.11803456395864 0
			vertex 0.51999998092651 0 0
			vertex 0.23110347986221 0.087635800242424 0
		endloop
	endfacet
	facet normal 0 0 -1
		outer loop
			vertex 0.11803456395864 0.19011549651623 0
			vertex 0.51999998092651 0 0
			vertex 0.15230447053909 0.15230447053909 0
		endloop
	endfacet
	facet normal 0 0 -1
		outer loop
			vertex 0.15230447053909 0.15230447053909 0
			vertex 0.51999998092651 0 0
			vertex 0.19011549651623 0.11803456395864 0
		endloop
	endfacet
	facet normal 0 0 -1
		outer loop
			vertex 0.23110347986221 0.087635800242424 0
			vertex 0.51999998092651 0 0
			vertex 0.27487370371819 0.061400942504406 0
		endloop
	endfacet
	facet normal 0 0 -1
		outer loop
			vertex 0.27487370371819 0.061400942504406 0
			vertex 0.51999998092651 0 0
			vertex 0.32100462913513 0.039582643657923 0
		endloop
	endfacet
	facet normal -0.42755503009519 -0.90398932307871 0
		outer loop
			vertex 0.27487370371819 0.061400942504406 0
			vertex 0.32100462913513 0.039582643657923 0
			vertex 0.27487370371819 0.061400942504406 0.51999998092651
		endloop
	endfacet
	facet normal -0.33688998711704 -0.94154401733551 0
		outer loop
			vertex 0.32100462913513 0.039582643657923 0
			vertex 0.3690519630909 0.022391024976969 0
			vertex 0.32100462913513 0.039582643657923 0.51999998092651
		endloop
	endfacet
	facet normal 0 0 -1
		outer loop
			vertex 0.32100462913513 0.039582643657923 0
			vertex 0.51999998092651 0 0
			vertex 0.3690519630909 0.022391024976969 0
		endloop
	endfacet
	facet normal 0 0 -1
		outer loop
			vertex 0.3690519630909 0.022391024976969 0
			vertex 0.51999998092651 0 0
			vertex 0.41855302453041 0.0099916541948915 0
		endloop
	endfacet
	facet normal 0 0 -1
		outer loop
			vertex 0.41855302453041 0.0099916541948915 0
			vertex 0.51999998092651 0 0
			vertex 0.46903109550476 0.002503942232579 0
		endloop
	endfacet
	facet normal -0.24298018683365 -0.97003125145857 0
		outer loop
			vertex 0.3690519630909 0.022391024976969 0
			vertex 0.41855302453041 0.0099916541948915 0
			vertex 0.3690519630909 0.022391024976969 0.51999998092651
		endloop
	endfacet
	facet normal -0.14673042566265 -0.9891765172025 0
		outer loop
			vertex 0.41855302453041 0.0099916541948915 0
			vertex 0.46903109550476 0.002503942232579 0
			vertex 0.41855302453041 0.0099916541948915 0.51999998092651
		endloop
	endfacet
	facet normal -0.049067702781912 -0.99879545480729 0
		outer loop
			vertex 0.46903109550476 0.002503942232579 0
			vertex 0.51999998092651 0 0
			vertex 0.46903109550476 0.002503942232579 0.51999998092651
		endloop
	endfacet
	facet normal -0.51410267465567 -0.85772865167947 0
		outer loop
			vertex 0.23110347986221 0.087635800242424 0.51999998092651
			vertex 0.27487370371819 0.061400942504406 0
			vertex 0.27487370371819 0.061400942504406 0.51999998092651
		endloop
	endfacet
	facet normal -0.42755503009519 -0.90398932307871 0
		outer loop
			vertex 0.32100462913513 0.039582643657923 0
			vertex 0.32100462913513 0.039582643657923 0.51999998092651
			vertex 0.27487370371819 0.061400942504406 0.51999998092651
		endloop
	endfacet
	facet normal -0.33688998711704 -0.94154401733551 0
		outer loop
			vertex 0.3690519630909 0.022391024976969 0
			vertex 0.3690519630909 0.022391024976969 0.51999998092651
			vertex 0.32100462913513 0.039582643657923 0.51999998092651
		endloop
	endfacet
	facet normal 0 0 1
		outer loop
			vertex 0 0.51999998092651 0.51999998092651
			vertex 0.3690519630909 0.022391024976969 0.51999998092651
			vertex 0.41855302453041 0.0099916541948915 0.51999998092651
		endloop
	endfacet
	facet normal 0 0 1
		outer loop
			vertex 0 0.51999998092651 0.51999998092651
			vertex 0.41855302453041 0.0099916541948915 0.51999998092651
			vertex 0.46903109550476 0.002503942232579 0.51999998092651
		endloop
	endfacet
	facet normal 0 0 1
		outer loop
			vertex 0 0.51999998092651 0.51999998092651
			vertex 0.46903109550476 0.002503942232579 0.51999998092651
			vertex 0.51999998092651 0 0.51999998092651
		endloop
	endfacet
	facet normal -0.24298018683365 -0.97003125145857 0
		outer loop
			vertex 0.41855302453041 0.0099916541948915 0
			vertex 0.41855302453041 0.0099916541948915 0.51999998092651
			vertex 0.3690519630909 0.022391024976969 0.51999998092651
		endloop
	endfacet
	facet normal -0.14673042566265 -0.9891765172025 0
		outer loop
			vertex 0.46903109550476 0.002503942232579 0
			vertex 0.46903109550476 0.002503942232579 0.51999998092651
			vertex 0.41855302453041 0.0099916541948915 0.51999998092651
		endloop
	endfacet
	facet normal -0.049067702781912 -0.99879545480729 0
		outer loop
			vertex 0.46903109550476 0.002503942232579 0.51999998092651
			vertex 0.51999998092651 0 0
			vertex 0.51999998092651 0 0.51999998092651
		endloop
	endfacet
	facet normal 0 0 -1
		outer loop
			vertex 0.002503942232579 0.46903109550476 0
			vertex 0.51999998092651 0.51999998092651 0
			vertex 0.51999998092651 0 0
		endloop
	endfacet
	facet normal -0 0 1
		outer loop
			vertex 0 0.51999998092651 0.51999998092651
			vertex 0.51999998092651 0 0.51999998092651
			vertex 0.51999998092651 0.51999998092651 0.51999998092651
		endloop
	endfacet
	facet normal 0.04906747381023 -0.99879546605593 0
		outer loop
			vertex 15.880000114441 0 0
			vertex 15.930969238281 0.002503942232579 0
			vertex 15.880000114441 0 0.51999998092651
		endloop
	endfacet
	facet normal 0.14673067995724 -0.98917647948143 0
		outer loop
			vertex 15.930969238281 0.002503942232579 0
			vertex 15.981447219849 0.0099916541948915 0
			vertex 15.930969238281 0.002503942232579 0.51999998092651
		endloop
	endfacet
	facet normal 0.24297853503808 -0.97003166521034 0
		outer loop
			vertex 15.981447219849 0.0099916541948915 0
			vertex 16.030948638916 0.022391024976969 0
			vertex 15.981447219849 0.0099916541948915 0.51999998092651
		endloop
	endfacet
	facet normal 0 0 -1
		outer loop
			vertex 15.731686592102 0.024352040141821 0
			vertex 16.397495269775 0.51999998092651 0
			vertex 15.880000114441 0 0
		endloop
	endfacet
	facet normal 0 0 -1
		outer loop
			vertex 15.731686592102 0.024352040141821 0
			vertex 15.880000114441 0.17301177978516 0
			vertex 16.397495269775 0.51999998092651 0
		endloop
	endfacet
	facet normal 0.33689758238664 -0.94154129966881 0
		outer loop
			vertex 16.030948638916 0.022391024976969 0
			vertex 16.078994750977 0.039582643657923 0
			vertex 16.030948638916 0.022391024976969 0.51999998092651
		endloop
	endfacet
	facet normal 0.42755345003664 -0.90399007038892 0
		outer loop
			vertex 16.078994750977 0.039582643657923 0
			vertex 16.12512588501 0.061400942504406 0
			vertex 16.078994750977 0.039582643657923 0.51999998092651
		endloop
	endfacet
	facet normal 0.51410602251123 -0.85772664504356 0
		outer loop
			vertex 16.12512588501 0.061400942504406 0
			vertex 16.168895721436 0.087635800242424 0
			vertex 16.12512588501 0.061400942504406 0.51999998092651
		endloop
	endfacet
	facet normal 0 0 -1
		outer loop
			vertex 15.880000114441 0 0
			vertex 16.397495269775 0.51999998092651 0
			vertex 15.930969238281 0.002503942232579 0
		endloop
	endfacet
	facet normal 0 0 -1
		outer loop
			vertex 15.930969238281 0.002503942232579 0
			vertex 16.397495269775 0.51999998092651 0
			vertex 15.981447219849 0.0099916541948915 0
		endloop
	endfacet
	facet normal 0 0 -1
		outer loop
			vertex 15.981447219849 0.0099916541948915 0
			vertex 16.397495269775 0.51999998092651 0
			vertex 16.030948638916 0.022391024976969 0
		endloop
	endfacet
	facet normal 0.04906747381023 -0.99879546605593 0
		outer loop
			vertex 15.880000114441 0 0.51999998092651
			vertex 15.930969238281 0.002503942232579 0
			vertex 15.930969238281 0.002503942232579 0.51999998092651
		endloop
	endfacet
	facet normal 0.14673067995724 -0.98917647948143 0
		outer loop
			vertex 15.981447219849 0.0099916541948915 0
			vertex 15.981447219849 0.0099916541948915 0.51999998092651
			vertex 15.930969238281 0.002503942232579 0.51999998092651
		endloop
	endfacet
	facet normal 0.24297853503808 -0.97003166521034 0
		outer loop
			vertex 16.030948638916 0.022391024976969 0
			vertex 16.030948638916 0.022391024976969 0.51999998092651
			vertex 15.981447219849 0.0099916541948915 0.51999998092651
		endloop
	endfacet
	facet normal 0 0 1
		outer loop
			vertex 15.880000114441 0 0.51999998092651
			vertex 15.930969238281 0.002503942232579 0.51999998092651
			vertex 15.981447219849 0.0099916541948915 0.51999998092651
		endloop
	endfacet
	facet normal 0 0 1
		outer loop
			vertex 15.880000114441 0 0.51999998092651
			vertex 15.981447219849 0.0099916541948915 0.51999998092651
			vertex 16.030948638916 0.022391024976969 0.51999998092651
		endloop
	endfacet
	facet normal 0 0 1
		outer loop
			vertex 15.880000114441 0 0.51999998092651
			vertex 16.030948638916 0.022391024976969 0.51999998092651
			vertex 16.078994750977 0.039582643657923 0.51999998092651
		endloop
	endfacet
	facet normal 0.33689758238664 -0.94154129966881 0
		outer loop
			vertex 16.078994750977 0.039582643657923 0
			vertex 16.078994750977 0.039582643657923 0.51999998092651
			vertex 16.030948638916 0.022391024976969 0.51999998092651
		endloop
	endfacet
	facet normal 0.42755345003664 -0.90399007038892 0
		outer loop
			vertex 16.12512588501 0.061400942504406 0
			vertex 16.12512588501 0.061400942504406 0.51999998092651
			vertex 16.078994750977 0.039582643657923 0.51999998092651
		endloop
	endfacet
	facet normal 0 0 1
		outer loop
			vertex 15.880000114441 0 0.51999998092651
			vertex 16.078994750977 0.039582643657923 0.51999998092651
			vertex 16.12512588501 0.061400942504406 0.51999998092651
		endloop
	endfacet
	facet normal 0 0 1
		outer loop
			vertex 15.880000114441 0 0.51999998092651
			vertex 16.12512588501 0.061400942504406 0.51999998092651
			vertex 16.168895721436 0.087635800242424 0.51999998092651
		endloop
	endfacet
	facet normal 0 0 1
		outer loop
			vertex 15.880000114441 0 0.51999998092651
			vertex 16.168895721436 0.087635800242424 0.51999998092651
			vertex 16.209884643555 0.11803456395864 0.51999998092651
		endloop
	endfacet
	facet normal 0 0 1
		outer loop
			vertex 15.880000114441 0 0.51999998092651
			vertex 16.209884643555 0.11803456395864 0.51999998092651
			vertex 16.247695922852 0.15230447053909 0.51999998092651
		endloop
	endfacet
	facet normal 0 0 1
		outer loop
			vertex 15.880000114441 0 0.51999998092651
			vertex 16.247695922852 0.15230447053909 0.51999998092651
			vertex 16.281965255737 0.19011549651623 0.51999998092651
		endloop
	endfacet
	facet normal 0 0 -1
		outer loop
			vertex 15.880000114441 0.17301177978516 0
			vertex 15.880000114441 0.51999998092651 0
			vertex 16.397495269775 0.51999998092651 0
		endloop
	endfacet
	facet normal 0 0 1
		outer loop
			vertex 15.880000114441 0 0.51999998092651
			vertex 16.39999961853 0.51999998092651 0.51999998092651
			vertex 15.880000114441 0.58347803354263 0.51999998092651
		endloop
	endfacet
	facet normal 0.59569054643604 -0.80321402682394 0
		outer loop
			vertex 16.168895721436 0.087635800242424 0
			vertex 16.209884643555 0.11803456395864 0
			vertex 16.168895721436 0.087635800242424 0.51999998092651
		endloop
	endfacet
	facet normal 0.67155637962826 -0.74095345938904 0
		outer loop
			vertex 16.209884643555 0.11803456395864 0
			vertex 16.247695922852 0.15230447053909 0
			vertex 16.209884643555 0.11803456395864 0.51999998092651
		endloop
	endfacet
	facet normal 0 0 -1
		outer loop
			vertex 16.030948638916 0.022391024976969 0
			vertex 16.397495269775 0.51999998092651 0
			vertex 16.078994750977 0.039582643657923 0
		endloop
	endfacet
	facet normal 0 0 -1
		outer loop
			vertex 16.078994750977 0.039582643657923 0
			vertex 16.397495269775 0.51999998092651 0
			vertex 16.12512588501 0.061400942504406 0
		endloop
	endfacet
	facet normal 0 0 -1
		outer loop
			vertex 16.12512588501 0.061400942504406 0
			vertex 16.397495269775 0.51999998092651 0
			vertex 16.168895721436 0.087635800242424 0
		endloop
	endfacet
	facet normal 0 0 -1
		outer loop
			vertex 16.168895721436 0.087635800242424 0
			vertex 16.397495269775 0.51999998092651 0
			vertex 16.209884643555 0.11803456395864 0
		endloop
	endfacet
	facet normal 0.74095681469538 -0.67155267757375 0
		outer loop
			vertex 16.247695922852 0.15230447053909 0
			vertex 16.281965255737 0.19011549651623 0
			vertex 16.247695922852 0.15230447053909 0.51999998092651
		endloop
	endfacet
	facet normal 0 0 -1
		outer loop
			vertex 16.209884643555 0.11803456395864 0
			vertex 16.397495269775 0.51999998092651 0
			vertex 16.247695922852 0.15230447053909 0
		endloop
	endfacet
	facet normal 0 0 -1
		outer loop
			vertex 16.247695922852 0.15230447053909 0
			vertex 16.397495269775 0.51999998092651 0
			vertex 16.281965255737 0.19011549651623 0
		endloop
	endfacet
	facet normal 0 0 -1
		outer loop
			vertex 16.281965255737 0.19011549651623 0
			vertex 16.397495269775 0.51999998092651 0
			vertex 16.312364578247 0.23110347986221 0
		endloop
	endfacet
	facet normal 0.80320225953137 -0.59570641282741 0
		outer loop
			vertex 16.281965255737 0.19011549651623 0
			vertex 16.312364578247 0.23110347986221 0
			vertex 16.281965255737 0.19011549651623 0.51999998092651
		endloop
	endfacet
	facet normal 0.85773888828908 -0.51408559551558 0
		outer loop
			vertex 16.312364578247 0.23110347986221 0
			vertex 16.338598251343 0.27487370371819 0
			vertex 16.312364578247 0.23110347986221 0.51999998092651
		endloop
	endfacet
	facet normal 0.9039903670479 -0.42755282280042 0
		outer loop
			vertex 16.338598251343 0.27487370371819 0
			vertex 16.360416412354 0.32100462913513 0
			vertex 16.338598251343 0.27487370371819 0.51999998092651
		endloop
	endfacet
	facet normal 0.51410602251123 -0.85772664504356 0
		outer loop
			vertex 16.12512588501 0.061400942504406 0.51999998092651
			vertex 16.168895721436 0.087635800242424 0
			vertex 16.168895721436 0.087635800242424 0.51999998092651
		endloop
	endfacet
	facet normal 0.59569054643604 -0.80321402682394 0
		outer loop
			vertex 16.209884643555 0.11803456395864 0
			vertex 16.209884643555 0.11803456395864 0.51999998092651
			vertex 16.168895721436 0.087635800242424 0.51999998092651
		endloop
	endfacet
	facet normal 0.67155637962826 -0.74095345938904 0
		outer loop
			vertex 16.247695922852 0.15230447053909 0
			vertex 16.247695922852 0.15230447053909 0.51999998092651
			vertex 16.209884643555 0.11803456395864 0.51999998092651
		endloop
	endfacet
	facet normal 0 0 1
		outer loop
			vertex 15.880000114441 0 0.51999998092651
			vertex 16.281965255737 0.19011549651623 0.51999998092651
			vertex 16.312364578247 0.23110347986221 0.51999998092651
		endloop
	endfacet
	facet normal 0.74095681469538 -0.67155267757375 0
		outer loop
			vertex 16.281965255737 0.19011549651623 0
			vertex 16.281965255737 0.19011549651623 0.51999998092651
			vertex 16.247695922852 0.15230447053909 0.51999998092651
		endloop
	endfacet
	facet normal 0 0 1
		outer loop
			vertex 15.880000114441 0 0.51999998092651
			vertex 16.312364578247 0.23110347986221 0.51999998092651
			vertex 16.338598251343 0.27487370371819 0.51999998092651
		endloop
	endfacet
	facet normal 0 0 1
		outer loop
			vertex 15.880000114441 0 0.51999998092651
			vertex 16.338598251343 0.27487370371819 0.51999998092651
			vertex 16.360416412354 0.32100462913513 0.51999998092651
		endloop
	endfacet
	facet normal 0 0 1
		outer loop
			vertex 15.880000114441 0 0.51999998092651
			vertex 16.360416412354 0.32100462913513 0.51999998092651
			vertex 16.37760925293 0.3690519630909 0.51999998092651
		endloop
	endfacet
	facet normal 0 0 1
		outer loop
			vertex 15.880000114441 0 0.51999998092651
			vertex 16.37760925293 0.3690519630909 0.51999998092651
			vertex 16.390008926392 0.41855302453041 0.51999998092651
		endloop
	endfacet
	facet normal 0 0 1
		outer loop
			vertex 15.880000114441 0 0.51999998092651
			vertex 16.390008926392 0.41855302453041 0.51999998092651
			vertex 16.397495269775 0.46903109550476 0.51999998092651
		endloop
	endfacet
	facet normal 0.80320225953137 -0.59570641282741 0
		outer loop
			vertex 16.312364578247 0.23110347986221 0
			vertex 16.312364578247 0.23110347986221 0.51999998092651
			vertex 16.281965255737 0.19011549651623 0.51999998092651
		endloop
	endfacet
	facet normal 0.85773888828908 -0.51408559551558 0
		outer loop
			vertex 16.338598251343 0.27487370371819 0
			vertex 16.338598251343 0.27487370371819 0.51999998092651
			vertex 16.312364578247 0.23110347986221 0.51999998092651
		endloop
	endfacet
	facet normal 0.9039903670479 -0.42755282280042 0
		outer loop
			vertex 16.338598251343 0.27487370371819 0.51999998092651
			vertex 16.360416412354 0.32100462913513 0
			vertex 16.360416412354 0.32100462913513 0.51999998092651
		endloop
	endfacet
	facet normal 0 0 -1
		outer loop
			vertex 16.312364578247 0.23110347986221 0
			vertex 16.397495269775 0.51999998092651 0
			vertex 16.338598251343 0.27487370371819 0
		endloop
	endfacet
	facet normal 0 0 -1
		outer loop
			vertex 16.338598251343 0.27487370371819 0
			vertex 16.397495269775 0.51999998092651 0
			vertex 16.360416412354 0.32100462913513 0
		endloop
	endfacet
	facet normal 0 0 -1
		outer loop
			vertex 16.360416412354 0.32100462913513 0
			vertex 16.397495269775 0.51999998092651 0
			vertex 16.37760925293 0.3690519630909 0
		endloop
	endfacet
	facet normal 0 0 -1
		outer loop
			vertex 16.37760925293 0.3690519630909 0
			vertex 16.397495269775 0.51999998092651 0
			vertex 16.390008926392 0.41855302453041 0
		endloop
	endfacet
	facet normal 0 0 -1
		outer loop
			vertex 16.390008926392 0.41855302453041 0
			vertex 16.397495269775 0.51999998092651 0
			vertex 16.397495269775 0.46903109550476 0
		endloop
	endfacet
	facet normal 0.94153642204816 -0.33691121375926 0
		outer loop
			vertex 16.360416412354 0.32100462913513 0
			vertex 16.37760925293 0.3690519630909 0
			vertex 16.360416412354 0.32100462913513 0.51999998092651
		endloop
	endfacet
	facet normal 0.97002985343126 -0.24298576800324 0
		outer loop
			vertex 16.37760925293 0.3690519630909 0
			vertex 16.390008926392 0.41855302453041 0
			vertex 16.37760925293 0.3690519630909 0.51999998092651
		endloop
	endfacet
	facet normal 0.98918040942461 -0.14670418402543 0
		outer loop
			vertex 16.390008926392 0.41855302453041 0
			vertex 16.397495269775 0.46903109550476 0
			vertex 16.390008926392 0.41855302453041 0.51999998092651
		endloop
	endfacet
	facet normal 0 0 -1
		outer loop
			vertex 16.397495269775 0.46903109550476 0
			vertex 16.397495269775 0.51999998092651 0
			vertex 16.39999961853 0.51999998092651 0
		endloop
	endfacet
	facet normal 0 0 -1
		outer loop
			vertex 16.39999961853 0.51999998092651 0
			vertex 16.397495269775 0.51999998092651 0
			vertex 16.397495269775 0.52030569314957 0
		endloop
	endfacet
	facet normal 0.9987950643594 -0.049075649881565 0
		outer loop
			vertex 16.397495269775 0.46903109550476 0
			vertex 16.39999961853 0.51999998092651 0
			vertex 16.397495269775 0.46903109550476 0.51999998092651
		endloop
	endfacet
	facet normal 0 0 1
		outer loop
			vertex 15.880000114441 0 0.51999998092651
			vertex 16.397495269775 0.46903109550476 0.51999998092651
			vertex 16.39999961853 0.51999998092651 0.51999998092651
		endloop
	endfacet
	facet normal 0.94153642204816 -0.33691121375926 0
		outer loop
			vertex 16.37760925293 0.3690519630909 0
			vertex 16.37760925293 0.3690519630909 0.51999998092651
			vertex 16.360416412354 0.32100462913513 0.51999998092651
		endloop
	endfacet
	facet normal 0.97002985343126 -0.24298576800324 0
		outer loop
			vertex 16.390008926392 0.41855302453041 0
			vertex 16.390008926392 0.41855302453041 0.51999998092651
			vertex 16.37760925293 0.3690519630909 0.51999998092651
		endloop
	endfacet
	facet normal 0.98918040942461 -0.14670418402543 0
		outer loop
			vertex 16.397495269775 0.46903109550476 0
			vertex 16.397495269775 0.46903109550476 0.51999998092651
			vertex 16.390008926392 0.41855302453041 0.51999998092651
		endloop
	endfacet
	facet normal 0.9987950643594 -0.049075649881565 0
		outer loop
			vertex 16.39999961853 0.51999998092651 0
			vertex 16.39999961853 0.51999998092651 0.51999998092651
			vertex 16.397495269775 0.46903109550476 0.51999998092651
		endloop
	endfacet
	facet normal 0 0 1
		outer loop
			vertex 0.51999998092651 18.606758117676 0.51999998092651
			vertex 4.275710105896 19.55904006958 0.51999998092651
			vertex 0.51999998092651 19.592222213745 0.51999998092651
		endloop
	endfacet
	facet normal 0 0 1
		outer loop
			vertex 0.51999998092651 19.592222213745 0.51999998092651
			vertex 5.4667000770569 20.175699234009 0.51999998092651
			vertex 0.51999998092651 20.175699234009 0.51999998092651
		endloop
	endfacet
	facet normal 0 1 0
		outer loop
			vertex 0.51999998092651 20.175699234009 0
			vertex 0.51999998092651 20.175699234009 0.51999998092651
			vertex 5.4667000770569 20.175699234009 0.51999998092651
		endloop
	endfacet
	facet normal -0 0 1
		outer loop
			vertex 0.51999998092651 18.606758117676 0.51999998092651
			vertex 5.4667000770569 18.354795455933 0.51999998092651
			vertex 4.275710105896 19.55904006958 0.51999998092651
		endloop
	endfacet
	facet normal -0 0 1
		outer loop
			vertex 0.51999998092651 19.592222213745 0.51999998092651
			vertex 4.275710105896 19.55904006958 0.51999998092651
			vertex 5.4667000770569 20.175699234009 0.51999998092651
		endloop
	endfacet
	facet normal 0 1 0
		outer loop
			vertex 0.51999998092651 20.175699234009 0
			vertex 5.4667000770569 20.175699234009 0.51999998092651
			vertex 5.9867000579834 20.175699234009 0.51999998092651
		endloop
	endfacet
	facet normal 0 0 1
		outer loop
			vertex 4.275710105896 19.55904006958 0.51999998092651
			vertex 5.4667000770569 18.354795455933 0.51999998092651
			vertex 5.4667000770569 19.363487243652 0.51999998092651
		endloop
	endfacet
	facet normal 0 0 -1
		outer loop
			vertex 0.51999998092651 20.126796722412 0
			vertex 0.56551092863083 20.168228149414 0
			vertex 13.878000259399 17.982414245605 0
		endloop
	endfacet
	facet normal 0 0 1
		outer loop
			vertex 4.275710105896 19.55904006958 0.51999998092651
			vertex 5.4667000770569 19.568960189819 0.51999998092651
			vertex 5.4667000770569 20.175699234009 0.51999998092651
		endloop
	endfacet
	facet normal 0 0 -1
		outer loop
			vertex 0.51999998092651 19.592222213745 0
			vertex 0.51999998092651 19.655700683594 0
			vertex 14.37290763855 17.901153564453 0
		endloop
	endfacet
	facet normal 0 0 -1
		outer loop
			vertex 0.51999998092651 19.655700683594 0
			vertex 0.51999998092651 20.126796722412 0
			vertex 14.37290763855 17.901153564453 0
		endloop
	endfacet
	facet normal 0 0 -1
		outer loop
			vertex 0.51999998092651 20.175699234009 0
			vertex 15.880000114441 20.175699234009 0
			vertex 0.56551092863083 20.168228149414 0
		endloop
	endfacet
	facet normal 0 1 0
		outer loop
			vertex 0.51999998092651 20.175699234009 0
			vertex 5.9867000579834 20.175699234009 0.51999998092651
			vertex 10.41339969635 20.175699234009 0.51999998092651
		endloop
	endfacet
	facet normal 0 1 0
		outer loop
			vertex 0.51999998092651 20.175699234009 0
			vertex 10.41339969635 20.175699234009 0.51999998092651
			vertex 10.933400154114 20.175699234009 0.51999998092651
		endloop
	endfacet
	facet normal 0 0 1
		outer loop
			vertex 5.9867000579834 19.799884796143 0.51999998092651
			vertex 10.41339969635 20.175699234009 0.51999998092651
			vertex 5.9867000579834 20.175699234009 0.51999998092651
		endloop
	endfacet
	facet normal 0 0 1
		outer loop
			vertex 5.9867000579834 19.799884796143 0.51999998092651
			vertex 10.41339969635 19.968040466309 0.51999998092651
			vertex 10.41339969635 20.175699234009 0.51999998092651
		endloop
	endfacet
	facet normal 0 1 0
		outer loop
			vertex 0.51999998092651 20.175699234009 0
			vertex 10.933400154114 20.175699234009 0.51999998092651
			vertex 15.880000114441 20.175699234009 0.51999998092651
		endloop
	endfacet
	facet normal 0 0 -1
		outer loop
			vertex 0.51999998092651 20.126796722412 0
			vertex 13.878000259399 17.982414245605 0
			vertex 14.37290763855 17.901153564453 0
		endloop
	endfacet
	facet normal 0 0 -1
		outer loop
			vertex 0.56551092863083 20.168228149414 0
			vertex 15.880000114441 20.175699234009 0
			vertex 13.878000259399 17.982414245605 0
		endloop
	endfacet
	facet normal 0 1 0
		outer loop
			vertex 0.51999998092651 20.175699234009 0
			vertex 15.880000114441 20.175699234009 0.51999998092651
			vertex 15.880000114441 20.175699234009 0
		endloop
	endfacet
	facet normal -0 0 1
		outer loop
			vertex 10.933400154114 18.076347351074 0.51999998092651
			vertex 14.37290763855 17.901153564453 0.51999998092651
			vertex 10.933400154114 18.465894699097 0.51999998092651
		endloop
	endfacet
	facet normal 0 0 1
		outer loop
			vertex 10.933400154114 19.614496231079 0.51999998092651
			vertex 15.880000114441 20.175699234009 0.51999998092651
			vertex 10.933400154114 20.175699234009 0.51999998092651
		endloop
	endfacet
	facet normal 0 0 1
		outer loop
			vertex 10.933400154114 19.614496231079 0.51999998092651
			vertex 15.880000114441 19.655700683594 0.51999998092651
			vertex 15.880000114441 20.175699234009 0.51999998092651
		endloop
	endfacet
	facet normal 0 0 -1
		outer loop
			vertex 13.878000259399 17.982414245605 0
			vertex 15.880000114441 19.655700683594 0
			vertex 15.880000114441 18.654699325562 0
		endloop
	endfacet
	facet normal 0 0 -1
		outer loop
			vertex 13.878000259399 17.982414245605 0
			vertex 15.880000114441 20.175699234009 0
			vertex 15.880000114441 19.655700683594 0
		endloop
	endfacet
	facet normal 0 -1 0
		outer loop
			vertex 0 17.653699874878 0
			vertex 5.4667000770569 17.653699874878 0
			vertex 0 17.653699874878 0.51999998092651
		endloop
	endfacet
	facet normal -1 0 0
		outer loop
			vertex 0 17.653699874878 0
			vertex 0 17.653699874878 0.51999998092651
			vertex 0 19.655700683594 0.51999998092651
		endloop
	endfacet
	facet normal 0 0 1
		outer loop
			vertex 0 17.653699874878 0.51999998092651
			vertex 0.51999998092651 18.606758117676 0.51999998092651
			vertex 0 19.655700683594 0.51999998092651
		endloop
	endfacet
	facet normal 0 0 -1
		outer loop
			vertex 0 17.653699874878 0
			vertex 0 19.655700683594 0
			vertex 0.002503942232579 19.655393600464 0
		endloop
	endfacet
	facet normal -1 0 0
		outer loop
			vertex 0 17.653699874878 0
			vertex 0 19.655700683594 0.51999998092651
			vertex 0 19.655700683594 0
		endloop
	endfacet
	facet normal 0 0 -1
		outer loop
			vertex 0 17.653699874878 0
			vertex 0.002503942232579 19.655393600464 0
			vertex 0.51999998092651 19.592222213745 0
		endloop
	endfacet
	facet normal 0 -0 1
		outer loop
			vertex 0.51999998092651 18.606758117676 0.51999998092651
			vertex 0.51999998092651 19.592222213745 0.51999998092651
			vertex 0 19.655700683594 0.51999998092651
		endloop
	endfacet
	facet normal 0 0 -1
		outer loop
			vertex 0.002503942232579 19.655700683594 0
			vertex 0.51999998092651 19.592222213745 0
			vertex 0.002503942232579 19.655393600464 0
		endloop
	endfacet
	facet normal 0 0 -1
		outer loop
			vertex 0.002503942232579 19.655700683594 0
			vertex 0.51999998092651 19.655700683594 0
			vertex 0.51999998092651 19.592222213745 0
		endloop
	endfacet
	facet normal 0 0 1
		outer loop
			vertex 0 17.653699874878 0.51999998092651
			vertex 5.4667000770569 18.354795455933 0.51999998092651
			vertex 0.51999998092651 18.606758117676 0.51999998092651
		endloop
	endfacet
	facet normal 0 -1 0
		outer loop
			vertex 0 17.653699874878 0.51999998092651
			vertex 5.4667000770569 17.653699874878 0
			vertex 5.4667000770569 17.653699874878 0.51999998092651
		endloop
	endfacet
	facet normal 0 0 1
		outer loop
			vertex 0 17.653699874878 0.51999998092651
			vertex 5.4667000770569 17.653699874878 0.51999998092651
			vertex 5.4667000770569 18.354795455933 0.51999998092651
		endloop
	endfacet
	facet normal 0 0 -1
		outer loop
			vertex 0 17.653699874878 0
			vertex 0.51999998092651 19.592222213745 0
			vertex 14.37290763855 17.901153564453 0
		endloop
	endfacet
	facet normal -0 0 1
		outer loop
			vertex 4.275710105896 19.55904006958 0.51999998092651
			vertex 5.4667000770569 19.363487243652 0.51999998092651
			vertex 5.4667000770569 19.568960189819 0.51999998092651
		endloop
	endfacet
	facet normal 0 0 1
		outer loop
			vertex 5.9867000579834 17.756771087646 0.51999998092651
			vertex 6.1214914321899 17.759092330933 0.51999998092651
			vertex 5.9867000579834 18.256559371948 0.51999998092651
		endloop
	endfacet
	facet normal 0 0 -1
		outer loop
			vertex 0 17.653699874878 0
			vertex 14.37290763855 17.901153564453 0
			vertex 5.4667000770569 17.653699874878 0
		endloop
	endfacet
	facet normal 0 0 -1
		outer loop
			vertex 5.4667000770569 17.653699874878 0
			vertex 14.37290763855 17.901153564453 0
			vertex 6.1500477790833 17.653699874878 0
		endloop
	endfacet
	facet normal 0 0 -1
		outer loop
			vertex 6.1500477790833 17.653699874878 0
			vertex 14.37290763855 17.901153564453 0
			vertex 10.933400154114 17.653699874878 0
		endloop
	endfacet
	facet normal 0 0 1
		outer loop
			vertex 10.933400154114 17.653699874878 0.51999998092651
			vertex 14.37290763855 17.901153564453 0.51999998092651
			vertex 10.933400154114 18.076347351074 0.51999998092651
		endloop
	endfacet
	facet normal -0 0 1
		outer loop
			vertex 10.933400154114 18.465894699097 0.51999998092651
			vertex 14.37290763855 17.901153564453 0.51999998092651
			vertex 10.933400154114 19.614496231079 0.51999998092651
		endloop
	endfacet
	facet normal 0 -1 0
		outer loop
			vertex 10.933400154114 17.653699874878 0
			vertex 16.39999961853 17.653699874878 0
			vertex 10.933400154114 17.653699874878 0.51999998092651
		endloop
	endfacet
	facet normal 0 0 -1
		outer loop
			vertex 10.933400154114 17.653699874878 0
			vertex 14.37290763855 17.901153564453 0
			vertex 16.39999961853 17.653699874878 0
		endloop
	endfacet
	facet normal 0 0 1
		outer loop
			vertex 10.933400154114 17.653699874878 0.51999998092651
			vertex 16.39999961853 17.653699874878 0.51999998092651
			vertex 14.37290763855 17.901153564453 0.51999998092651
		endloop
	endfacet
	facet normal -0 0 1
		outer loop
			vertex 10.933400154114 19.614496231079 0.51999998092651
			vertex 14.37290763855 17.901153564453 0.51999998092651
			vertex 15.880000114441 19.655700683594 0.51999998092651
		endloop
	endfacet
	facet normal 0 -1 0
		outer loop
			vertex 10.933400154114 17.653699874878 0.51999998092651
			vertex 16.39999961853 17.653699874878 0
			vertex 16.39999961853 17.653699874878 0.51999998092651
		endloop
	endfacet
	facet normal 0 0 -1
		outer loop
			vertex 13.878000259399 17.982414245605 0
			vertex 16.39999961853 17.653699874878 0
			vertex 14.37290763855 17.901153564453 0
		endloop
	endfacet
	facet normal 0 0 -1
		outer loop
			vertex 13.878000259399 17.982414245605 0
			vertex 15.880000114441 18.654699325562 0
			vertex 16.39999961853 17.653699874878 0
		endloop
	endfacet
	facet normal 0 -0 1
		outer loop
			vertex 16.39999961853 17.653699874878 0.51999998092651
			vertex 16.39999961853 19.655700683594 0.51999998092651
			vertex 14.37290763855 17.901153564453 0.51999998092651
		endloop
	endfacet
	facet normal 1 0 0
		outer loop
			vertex 16.39999961853 17.653699874878 0
			vertex 16.39999961853 19.655700683594 0
			vertex 16.39999961853 17.653699874878 0.51999998092651
		endloop
	endfacet
	facet normal 0 0 -1
		outer loop
			vertex 16.39999961853 17.653699874878 0
			vertex 15.880000114441 18.654699325562 0
			vertex 16.39999961853 19.655700683594 0
		endloop
	endfacet
	facet normal 0 0 1
		outer loop
			vertex 14.37290763855 17.901153564453 0.51999998092651
			vertex 16.39999961853 19.655700683594 0.51999998092651
			vertex 15.880000114441 19.655700683594 0.51999998092651
		endloop
	endfacet
	facet normal 0 0 -1
		outer loop
			vertex 15.880000114441 18.654699325562 0
			vertex 15.880000114441 19.655700683594 0
			vertex 16.39999961853 19.655700683594 0
		endloop
	endfacet
	facet normal 1 -0 0
		outer loop
			vertex 16.39999961853 17.653699874878 0.51999998092651
			vertex 16.39999961853 19.655700683594 0
			vertex 16.39999961853 19.655700683594 0.51999998092651
		endloop
	endfacet
	facet normal 0 0 -1
		outer loop
			vertex 0 19.655700683594 0
			vertex 0.002503942232579 19.655700683594 0
			vertex 0.002503942232579 19.655393600464 0
		endloop
	endfacet
	facet normal 0 0 -1
		outer loop
			vertex 0 19.655700683594 0
			vertex 0.002503942232579 19.70666885376 0
			vertex 0.002503942232579 19.655700683594 0
		endloop
	endfacet
	facet normal -0.99879542106043 0.049068389709766 0
		outer loop
			vertex 0 19.655700683594 0
			vertex 0.002503942232579 19.70666885376 0.51999998092651
			vertex 0.002503942232579 19.70666885376 0
		endloop
	endfacet
	facet normal 0 0 -1
		outer loop
			vertex 0.002503942232579 19.655700683594 0
			vertex 0.002503942232579 19.70666885376 0
			vertex 0.0099916541948915 19.757146835327 0
		endloop
	endfacet
	facet normal 0 0 -1
		outer loop
			vertex 0.002503942232579 19.655700683594 0
			vertex 0.0099916541948915 19.757146835327 0
			vertex 0.022391024976969 19.806648254395 0
		endloop
	endfacet
	facet normal 0 0 -1
		outer loop
			vertex 0.002503942232579 19.655700683594 0
			vertex 0.022391024976969 19.806648254395 0
			vertex 0.039582643657923 19.854696273804 0
		endloop
	endfacet
	facet normal 0 0 -1
		outer loop
			vertex 0.002503942232579 19.655700683594 0
			vertex 0.039582643657923 19.854696273804 0
			vertex 0.061400942504406 19.900825500488 0
		endloop
	endfacet
	facet normal 0 0 -1
		outer loop
			vertex 0.002503942232579 19.655700683594 0
			vertex 0.061400942504406 19.900825500488 0
			vertex 0.087635800242424 19.944597244263 0
		endloop
	endfacet
	facet normal -0.98917647948143 0.14673067995724 0
		outer loop
			vertex 0.002503942232579 19.70666885376 0
			vertex 0.0099916541948915 19.757146835327 0.51999998092651
			vertex 0.0099916541948915 19.757146835327 0
		endloop
	endfacet
	facet normal -0.97003166521034 0.24297853503808 0
		outer loop
			vertex 0.0099916541948915 19.757146835327 0
			vertex 0.022391024976969 19.806648254395 0.51999998092651
			vertex 0.022391024976969 19.806648254395 0
		endloop
	endfacet
	facet normal -0.94154554179976 0.33688572649638 0
		outer loop
			vertex 0.022391024976969 19.806648254395 0
			vertex 0.039582643657923 19.854696273804 0.51999998092651
			vertex 0.039582643657923 19.854696273804 0
		endloop
	endfacet
	facet normal -0.99879542106043 0.049068389709766 0
		outer loop
			vertex 0 19.655700683594 0
			vertex 0 19.655700683594 0.51999998092651
			vertex 0.002503942232579 19.70666885376 0.51999998092651
		endloop
	endfacet
	facet normal -0.98917647948143 0.14673067995724 0
		outer loop
			vertex 0.002503942232579 19.70666885376 0
			vertex 0.002503942232579 19.70666885376 0.51999998092651
			vertex 0.0099916541948915 19.757146835327 0.51999998092651
		endloop
	endfacet
	facet normal -0.97003166521034 0.24297853503808 0
		outer loop
			vertex 0.0099916541948915 19.757146835327 0
			vertex 0.0099916541948915 19.757146835327 0.51999998092651
			vertex 0.022391024976969 19.806648254395 0.51999998092651
		endloop
	endfacet
	facet normal -0.94154554179976 0.33688572649638 0
		outer loop
			vertex 0.022391024976969 19.806648254395 0
			vertex 0.022391024976969 19.806648254395 0.51999998092651
			vertex 0.039582643657923 19.854696273804 0.51999998092651
		endloop
	endfacet
	facet normal 0 0 1
		outer loop
			vertex 0 19.655700683594 0.51999998092651
			vertex 0.51999998092651 20.175699234009 0.51999998092651
			vertex 0.002503942232579 19.70666885376 0.51999998092651
		endloop
	endfacet
	facet normal 0 0 -1
		outer loop
			vertex 0.002503942232579 19.655700683594 0
			vertex 0.087635800242424 19.944597244263 0
			vertex 0.11803456395864 19.985584259033 0
		endloop
	endfacet
	facet normal 0 0 -1
		outer loop
			vertex 0.002503942232579 19.655700683594 0
			vertex 0.11803456395864 19.985584259033 0
			vertex 0.15230447053909 20.02339553833 0
		endloop
	endfacet
	facet normal 0 0 -1
		outer loop
			vertex 0.002503942232579 19.655700683594 0
			vertex 0.15230447053909 20.02339553833 0
			vertex 0.19011549651623 20.057664871216 0
		endloop
	endfacet
	facet normal -0.90398323753001 0.42756789667229 0
		outer loop
			vertex 0.039582643657923 19.854696273804 0
			vertex 0.061400942504406 19.900825500488 0.51999998092651
			vertex 0.061400942504406 19.900825500488 0
		endloop
	endfacet
	facet normal -0.85773652348794 0.51408954110624 0
		outer loop
			vertex 0.061400942504406 19.900825500488 0
			vertex 0.087635800242424 19.944597244263 0.51999998092651
			vertex 0.087635800242424 19.944597244263 0
		endloop
	endfacet
	facet normal -0.80320076339418 0.59570843009227 0
		outer loop
			vertex 0.087635800242424 19.944597244263 0
			vertex 0.11803456395864 19.985584259033 0.51999998092651
			vertex 0.11803456395864 19.985584259033 0
		endloop
	endfacet
	facet normal 0 0 -1
		outer loop
			vertex 0.002503942232579 19.655700683594 0
			vertex 0.19011549651623 20.057664871216 0
			vertex 0.23110347986221 20.088064193726 0
		endloop
	endfacet
	facet normal 0 0 -1
		outer loop
			vertex 0.002503942232579 19.655700683594 0
			vertex 0.23110347986221 20.088064193726 0
			vertex 0.27487370371819 20.11429977417 0
		endloop
	endfacet
	facet normal 0 0 -1
		outer loop
			vertex 0.002503942232579 19.655700683594 0
			vertex 0.27487370371819 20.11429977417 0
			vertex 0.32100462913513 20.136117935181 0
		endloop
	endfacet
	facet normal 0 0 -1
		outer loop
			vertex 0.002503942232579 19.655700683594 0
			vertex 0.32100462913513 20.136117935181 0
			vertex 0.3690519630909 20.153308868408 0
		endloop
	endfacet
	facet normal -0.74095345938904 0.67155637962826 0
		outer loop
			vertex 0.11803456395864 19.985584259033 0
			vertex 0.15230447053909 20.02339553833 0.51999998092651
			vertex 0.15230447053909 20.02339553833 0
		endloop
	endfacet
	facet normal -0.67155267757375 0.74095681469538 0
		outer loop
			vertex 0.15230447053909 20.02339553833 0
			vertex 0.19011549651623 20.057664871216 0.51999998092651
			vertex 0.19011549651623 20.057664871216 0
		endloop
	endfacet
	facet normal -0.59570641282741 0.80320225953137 0
		outer loop
			vertex 0.19011549651623 20.057664871216 0
			vertex 0.23110347986221 20.088064193726 0.51999998092651
			vertex 0.23110347986221 20.088064193726 0
		endloop
	endfacet
	facet normal -0.90398323753001 0.42756789667229 0
		outer loop
			vertex 0.039582643657923 19.854696273804 0
			vertex 0.039582643657923 19.854696273804 0.51999998092651
			vertex 0.061400942504406 19.900825500488 0.51999998092651
		endloop
	endfacet
	facet normal -0.85773652348794 0.51408954110624 0
		outer loop
			vertex 0.061400942504406 19.900825500488 0
			vertex 0.061400942504406 19.900825500488 0.51999998092651
			vertex 0.087635800242424 19.944597244263 0.51999998092651
		endloop
	endfacet
	facet normal -0.80320076339418 0.59570843009227 0
		outer loop
			vertex 0.087635800242424 19.944597244263 0
			vertex 0.087635800242424 19.944597244263 0.51999998092651
			vertex 0.11803456395864 19.985584259033 0.51999998092651
		endloop
	endfacet
	facet normal -0.74095345938904 0.67155637962826 0
		outer loop
			vertex 0.11803456395864 19.985584259033 0
			vertex 0.11803456395864 19.985584259033 0.51999998092651
			vertex 0.15230447053909 20.02339553833 0.51999998092651
		endloop
	endfacet
	facet normal 0 0 1
		outer loop
			vertex 0.002503942232579 19.70666885376 0.51999998092651
			vertex 0.51999998092651 20.175699234009 0.51999998092651
			vertex 0.0099916541948915 19.757146835327 0.51999998092651
		endloop
	endfacet
	facet normal 0 0 1
		outer loop
			vertex 0.0099916541948915 19.757146835327 0.51999998092651
			vertex 0.51999998092651 20.175699234009 0.51999998092651
			vertex 0.022391024976969 19.806648254395 0.51999998092651
		endloop
	endfacet
	facet normal 0 0 1
		outer loop
			vertex 0.022391024976969 19.806648254395 0.51999998092651
			vertex 0.51999998092651 20.175699234009 0.51999998092651
			vertex 0.039582643657923 19.854696273804 0.51999998092651
		endloop
	endfacet
	facet normal 0 0 1
		outer loop
			vertex 0.039582643657923 19.854696273804 0.51999998092651
			vertex 0.51999998092651 20.175699234009 0.51999998092651
			vertex 0.061400942504406 19.900825500488 0.51999998092651
		endloop
	endfacet
	facet normal 0 0 1
		outer loop
			vertex 0.061400942504406 19.900825500488 0.51999998092651
			vertex 0.51999998092651 20.175699234009 0.51999998092651
			vertex 0.087635800242424 19.944597244263 0.51999998092651
		endloop
	endfacet
	facet normal -0.67155267757375 0.74095681469538 0
		outer loop
			vertex 0.15230447053909 20.02339553833 0
			vertex 0.15230447053909 20.02339553833 0.51999998092651
			vertex 0.19011549651623 20.057664871216 0.51999998092651
		endloop
	endfacet
	facet normal -0.59570641282741 0.80320225953137 0
		outer loop
			vertex 0.19011549651623 20.057664871216 0
			vertex 0.19011549651623 20.057664871216 0.51999998092651
			vertex 0.23110347986221 20.088064193726 0.51999998092651
		endloop
	endfacet
	facet normal -0.51411309370498 0.85772240665678 0
		outer loop
			vertex 0.23110347986221 20.088064193726 0
			vertex 0.23110347986221 20.088064193726 0.51999998092651
			vertex 0.27487370371819 20.11429977417 0.51999998092651
		endloop
	endfacet
	facet normal 0 0 1
		outer loop
			vertex 0.087635800242424 19.944597244263 0.51999998092651
			vertex 0.51999998092651 20.175699234009 0.51999998092651
			vertex 0.11803456395864 19.985584259033 0.51999998092651
		endloop
	endfacet
	facet normal 0 0 -1
		outer loop
			vertex 0.002503942232579 19.655700683594 0
			vertex 0.51999998092651 20.126796722412 0
			vertex 0.51999998092651 19.655700683594 0
		endloop
	endfacet
	facet normal -0 0 1
		outer loop
			vertex 0 19.655700683594 0.51999998092651
			vertex 0.51999998092651 19.592222213745 0.51999998092651
			vertex 0.51999998092651 20.175699234009 0.51999998092651
		endloop
	endfacet
	facet normal 0 0 -1
		outer loop
			vertex 0.002503942232579 19.655700683594 0
			vertex 0.3690519630909 20.153308868408 0
			vertex 0.41855302453041 20.16570854187 0
		endloop
	endfacet
	facet normal 0 0 -1
		outer loop
			vertex 0.002503942232579 19.655700683594 0
			vertex 0.41855302453041 20.16570854187 0
			vertex 0.46903109550476 20.173196792603 0
		endloop
	endfacet
	facet normal 0 0 -1
		outer loop
			vertex 0.002503942232579 19.655700683594 0
			vertex 0.46903109550476 20.173196792603 0
			vertex 0.51999998092651 20.175699234009 0
		endloop
	endfacet
	facet normal 0 0 -1
		outer loop
			vertex 0.002503942232579 19.655700683594 0
			vertex 0.51999998092651 20.175699234009 0
			vertex 0.51999998092651 20.126796722412 0
		endloop
	endfacet
	facet normal -0.51411309370498 0.85772240665678 0
		outer loop
			vertex 0.23110347986221 20.088064193726 0
			vertex 0.27487370371819 20.11429977417 0.51999998092651
			vertex 0.27487370371819 20.11429977417 0
		endloop
	endfacet
	facet normal -0.42755282280042 0.9039903670479 0
		outer loop
			vertex 0.27487370371819 20.11429977417 0
			vertex 0.32100462913513 20.136117935181 0.51999998092651
			vertex 0.32100462913513 20.136117935181 0
		endloop
	endfacet
	facet normal -0.33687807926356 0.94154827795058 0
		outer loop
			vertex 0.32100462913513 20.136117935181 0
			vertex 0.3690519630909 20.153308868408 0.51999998092651
			vertex 0.3690519630909 20.153308868408 0
		endloop
	endfacet
	facet normal -0.24298576800324 0.97002985343126 0
		outer loop
			vertex 0.3690519630909 20.153308868408 0
			vertex 0.41855302453041 20.16570854187 0.51999998092651
			vertex 0.41855302453041 20.16570854187 0
		endloop
	endfacet
	facet normal -0.14674075615755 0.98917498476372 0
		outer loop
			vertex 0.41855302453041 20.16570854187 0
			vertex 0.46903109550476 20.173196792603 0.51999998092651
			vertex 0.46903109550476 20.173196792603 0
		endloop
	endfacet
	facet normal -0.049038363065264 0.99879689574401 0
		outer loop
			vertex 0.46903109550476 20.173196792603 0
			vertex 0.51999998092651 20.175699234009 0.51999998092651
			vertex 0.51999998092651 20.175699234009 0
		endloop
	endfacet
	facet normal -0.42755282280042 0.9039903670479 0
		outer loop
			vertex 0.27487370371819 20.11429977417 0
			vertex 0.27487370371819 20.11429977417 0.51999998092651
			vertex 0.32100462913513 20.136117935181 0.51999998092651
		endloop
	endfacet
	facet normal -0.33687807926356 0.94154827795058 0
		outer loop
			vertex 0.32100462913513 20.136117935181 0
			vertex 0.32100462913513 20.136117935181 0.51999998092651
			vertex 0.3690519630909 20.153308868408 0.51999998092651
		endloop
	endfacet
	facet normal 0 0 1
		outer loop
			vertex 0.11803456395864 19.985584259033 0.51999998092651
			vertex 0.51999998092651 20.175699234009 0.51999998092651
			vertex 0.15230447053909 20.02339553833 0.51999998092651
		endloop
	endfacet
	facet normal 0 0 1
		outer loop
			vertex 0.15230447053909 20.02339553833 0.51999998092651
			vertex 0.51999998092651 20.175699234009 0.51999998092651
			vertex 0.19011549651623 20.057664871216 0.51999998092651
		endloop
	endfacet
	facet normal 0 0 1
		outer loop
			vertex 0.19011549651623 20.057664871216 0.51999998092651
			vertex 0.51999998092651 20.175699234009 0.51999998092651
			vertex 0.23110347986221 20.088064193726 0.51999998092651
		endloop
	endfacet
	facet normal 0 0 1
		outer loop
			vertex 0.23110347986221 20.088064193726 0.51999998092651
			vertex 0.51999998092651 20.175699234009 0.51999998092651
			vertex 0.27487370371819 20.11429977417 0.51999998092651
		endloop
	endfacet
	facet normal 0 0 1
		outer loop
			vertex 0.27487370371819 20.11429977417 0.51999998092651
			vertex 0.51999998092651 20.175699234009 0.51999998092651
			vertex 0.32100462913513 20.136117935181 0.51999998092651
		endloop
	endfacet
	facet normal -0.24298576800324 0.97002985343126 0
		outer loop
			vertex 0.3690519630909 20.153308868408 0
			vertex 0.3690519630909 20.153308868408 0.51999998092651
			vertex 0.41855302453041 20.16570854187 0.51999998092651
		endloop
	endfacet
	facet normal -0.14674075615755 0.98917498476372 0
		outer loop
			vertex 0.41855302453041 20.16570854187 0
			vertex 0.41855302453041 20.16570854187 0.51999998092651
			vertex 0.46903109550476 20.173196792603 0.51999998092651
		endloop
	endfacet
	facet normal -0.049038363065264 0.99879689574401 0
		outer loop
			vertex 0.46903109550476 20.173196792603 0
			vertex 0.46903109550476 20.173196792603 0.51999998092651
			vertex 0.51999998092651 20.175699234009 0.51999998092651
		endloop
	endfacet
	facet normal 0 0 1
		outer loop
			vertex 0.32100462913513 20.136117935181 0.51999998092651
			vertex 0.51999998092651 20.175699234009 0.51999998092651
			vertex 0.3690519630909 20.153308868408 0.51999998092651
		endloop
	endfacet
	facet normal 0 0 1
		outer loop
			vertex 0.3690519630909 20.153308868408 0.51999998092651
			vertex 0.51999998092651 20.175699234009 0.51999998092651
			vertex 0.41855302453041 20.16570854187 0.51999998092651
		endloop
	endfacet
	facet normal 0 0 1
		outer loop
			vertex 0.41855302453041 20.16570854187 0.51999998092651
			vertex 0.51999998092651 20.175699234009 0.51999998092651
			vertex 0.46903109550476 20.173196792603 0.51999998092651
		endloop
	endfacet
	facet normal 0 0 -1
		outer loop
			vertex 0.51999998092651 20.126796722412 0
			vertex 0.51999998092651 20.175699234009 0
			vertex 0.56551092863083 20.168228149414 0
		endloop
	endfacet
	facet normal 0 0 -1
		outer loop
			vertex 15.880000114441 19.655700683594 0
			vertex 15.880000114441 20.175699234009 0
			vertex 16.397495269775 19.70666885376 0
		endloop
	endfacet
	facet normal 0 0 1
		outer loop
			vertex 15.880000114441 19.655700683594 0.51999998092651
			vertex 16.39999961853 19.655700683594 0.51999998092651
			vertex 15.880000114441 20.175699234009 0.51999998092651
		endloop
	endfacet
	facet normal 0 0 -1
		outer loop
			vertex 15.880000114441 20.175699234009 0
			vertex 15.930969238281 20.173196792603 0
			vertex 15.981447219849 20.16570854187 0
		endloop
	endfacet
	facet normal 0 0 -1
		outer loop
			vertex 15.880000114441 20.175699234009 0
			vertex 15.981447219849 20.16570854187 0
			vertex 16.030948638916 20.153308868408 0
		endloop
	endfacet
	facet normal 0 0 -1
		outer loop
			vertex 15.880000114441 20.175699234009 0
			vertex 16.030948638916 20.153308868408 0
			vertex 16.078994750977 20.136117935181 0
		endloop
	endfacet
	facet normal 0.049038134229834 0.99879690697922 0
		outer loop
			vertex 15.880000114441 20.175699234009 0
			vertex 15.930969238281 20.173196792603 0.51999998092651
			vertex 15.930969238281 20.173196792603 0
		endloop
	endfacet
	facet normal 0.14674101046926 0.98917494703741 0
		outer loop
			vertex 15.930969238281 20.173196792603 0
			vertex 15.981447219849 20.16570854187 0.51999998092651
			vertex 15.981447219849 20.16570854187 0
		endloop
	endfacet
	facet normal 0.24298411617449 0.97003026720144 0
		outer loop
			vertex 15.981447219849 20.16570854187 0
			vertex 16.030948638916 20.153308868408 0.51999998092651
			vertex 16.030948638916 20.153308868408 0
		endloop
	endfacet
	facet normal 0 0 -1
		outer loop
			vertex 15.880000114441 20.175699234009 0
			vertex 16.078994750977 20.136117935181 0
			vertex 16.12512588501 20.11429977417 0
		endloop
	endfacet
	facet normal 0 0 -1
		outer loop
			vertex 15.880000114441 20.175699234009 0
			vertex 16.12512588501 20.11429977417 0
			vertex 16.168895721436 20.088064193726 0
		endloop
	endfacet
	facet normal 0 0 -1
		outer loop
			vertex 15.880000114441 20.175699234009 0
			vertex 16.209884643555 20.057664871216 0
			vertex 16.247695922852 20.02339553833 0
		endloop
	endfacet
	facet normal 0 0 -1
		outer loop
			vertex 15.880000114441 20.175699234009 0
			vertex 16.247695922852 20.02339553833 0
			vertex 16.281965255737 19.985584259033 0
		endloop
	endfacet
	facet normal 0 0 -1
		outer loop
			vertex 15.880000114441 20.175699234009 0
			vertex 16.168895721436 20.088064193726 0
			vertex 16.209884643555 20.057664871216 0
		endloop
	endfacet
	facet normal 0.33688567433344 0.9415455604637 0
		outer loop
			vertex 16.030948638916 20.153308868408 0
			vertex 16.078994750977 20.136117935181 0.51999998092651
			vertex 16.078994750977 20.136117935181 0
		endloop
	endfacet
	facet normal 0.42755124274638 0.90399111435126 0
		outer loop
			vertex 16.078994750977 20.136117935181 0
			vertex 16.12512588501 20.11429977417 0.51999998092651
			vertex 16.12512588501 20.11429977417 0
		endloop
	endfacet
	facet normal 0.049038134229834 0.99879690697922 -0
		outer loop
			vertex 15.880000114441 20.175699234009 0
			vertex 15.880000114441 20.175699234009 0.51999998092651
			vertex 15.930969238281 20.173196792603 0.51999998092651
		endloop
	endfacet
	facet normal 0.14674101046926 0.98917494703741 -0
		outer loop
			vertex 15.930969238281 20.173196792603 0
			vertex 15.930969238281 20.173196792603 0.51999998092651
			vertex 15.981447219849 20.16570854187 0.51999998092651
		endloop
	endfacet
	facet normal 0.24298411617449 0.97003026720144 -0
		outer loop
			vertex 15.981447219849 20.16570854187 0
			vertex 15.981447219849 20.16570854187 0.51999998092651
			vertex 16.030948638916 20.153308868408 0.51999998092651
		endloop
	endfacet
	facet normal 0 0 1
		outer loop
			vertex 15.880000114441 20.175699234009 0.51999998092651
			vertex 16.39999961853 19.655700683594 0.51999998092651
			vertex 15.930969238281 20.173196792603 0.51999998092651
		endloop
	endfacet
	facet normal 0 0 1
		outer loop
			vertex 15.930969238281 20.173196792603 0.51999998092651
			vertex 16.39999961853 19.655700683594 0.51999998092651
			vertex 15.981447219849 20.16570854187 0.51999998092651
		endloop
	endfacet
	facet normal 0 0 1
		outer loop
			vertex 15.981447219849 20.16570854187 0.51999998092651
			vertex 16.39999961853 19.655700683594 0.51999998092651
			vertex 16.030948638916 20.153308868408 0.51999998092651
		endloop
	endfacet
	facet normal 0.33688567433344 0.9415455604637 -0
		outer loop
			vertex 16.030948638916 20.153308868408 0
			vertex 16.030948638916 20.153308868408 0.51999998092651
			vertex 16.078994750977 20.136117935181 0.51999998092651
		endloop
	endfacet
	facet normal 0.42755124274638 0.90399111435126 -0
		outer loop
			vertex 16.078994750977 20.136117935181 0
			vertex 16.078994750977 20.136117935181 0.51999998092651
			vertex 16.12512588501 20.11429977417 0.51999998092651
		endloop
	endfacet
	facet normal 0.51411644157963 0.85772039995415 -0
		outer loop
			vertex 16.12512588501 20.11429977417 0
			vertex 16.12512588501 20.11429977417 0.51999998092651
			vertex 16.168895721436 20.088064193726 0.51999998092651
		endloop
	endfacet
	facet normal 0 0 -1
		outer loop
			vertex 15.880000114441 19.655700683594 0
			vertex 16.397495269775 19.70666885376 0
			vertex 16.39999961853 19.655700683594 0
		endloop
	endfacet
	facet normal 0.99879503060162 0.049076336920138 -0
		outer loop
			vertex 16.39999961853 19.655700683594 0
			vertex 16.397495269775 19.70666885376 0
			vertex 16.39999961853 19.655700683594 0.51999998092651
		endloop
	endfacet
	facet normal 0.98918037171689 0.14670443827655 -0
		outer loop
			vertex 16.397495269775 19.70666885376 0
			vertex 16.390008926392 19.757146835327 0
			vertex 16.397495269775 19.70666885376 0.51999998092651
		endloop
	endfacet
	facet normal 0.97003026720144 0.24298411617449 -0
		outer loop
			vertex 16.390008926392 19.757146835327 0
			vertex 16.37760925293 19.806648254395 0
			vertex 16.390008926392 19.757146835327 0.51999998092651
		endloop
	endfacet
	facet normal 0.94153794669223 0.3369069529389 0
		outer loop
			vertex 16.360416412354 19.854696273804 0
			vertex 16.37760925293 19.806648254395 0.51999998092651
			vertex 16.37760925293 19.806648254395 0
		endloop
	endfacet
	facet normal 0.99879503060162 0.049076336920138 -0
		outer loop
			vertex 16.397495269775 19.70666885376 0
			vertex 16.397495269775 19.70666885376 0.51999998092651
			vertex 16.39999961853 19.655700683594 0.51999998092651
		endloop
	endfacet
	facet normal 0.98918037171689 0.14670443827655 -0
		outer loop
			vertex 16.390008926392 19.757146835327 0
			vertex 16.390008926392 19.757146835327 0.51999998092651
			vertex 16.397495269775 19.70666885376 0.51999998092651
		endloop
	endfacet
	facet normal 0.94153794669223 0.3369069529389 -0
		outer loop
			vertex 16.360416412354 19.854696273804 0
			vertex 16.360416412354 19.854696273804 0.51999998092651
			vertex 16.37760925293 19.806648254395 0.51999998092651
		endloop
	endfacet
	facet normal 0.97003026720144 0.24298411617449 -0
		outer loop
			vertex 16.37760925293 19.806648254395 0
			vertex 16.37760925293 19.806648254395 0.51999998092651
			vertex 16.390008926392 19.757146835327 0.51999998092651
		endloop
	endfacet
	facet normal 0 0 1
		outer loop
			vertex 16.39999961853 19.655700683594 0.51999998092651
			vertex 16.397495269775 19.70666885376 0.51999998092651
			vertex 16.390008926392 19.757146835327 0.51999998092651
		endloop
	endfacet
	facet normal 0 0 1
		outer loop
			vertex 16.39999961853 19.655700683594 0.51999998092651
			vertex 16.390008926392 19.757146835327 0.51999998092651
			vertex 16.37760925293 19.806648254395 0.51999998092651
		endloop
	endfacet
	facet normal 0 0 1
		outer loop
			vertex 16.39999961853 19.655700683594 0.51999998092651
			vertex 16.37760925293 19.806648254395 0.51999998092651
			vertex 16.360416412354 19.854696273804 0.51999998092651
		endloop
	endfacet
	facet normal 0 0 1
		outer loop
			vertex 16.39999961853 19.655700683594 0.51999998092651
			vertex 16.360416412354 19.854696273804 0.51999998092651
			vertex 16.338598251343 19.900825500488 0.51999998092651
		endloop
	endfacet
	facet normal 0 0 1
		outer loop
			vertex 16.39999961853 19.655700683594 0.51999998092651
			vertex 16.338598251343 19.900825500488 0.51999998092651
			vertex 16.312364578247 19.944597244263 0.51999998092651
		endloop
	endfacet
	facet normal 0 0 -1
		outer loop
			vertex 15.880000114441 20.175699234009 0
			vertex 16.360416412354 19.854696273804 0
			vertex 16.37760925293 19.806648254395 0
		endloop
	endfacet
	facet normal 0 0 -1
		outer loop
			vertex 15.880000114441 20.175699234009 0
			vertex 16.338598251343 19.900825500488 0
			vertex 16.360416412354 19.854696273804 0
		endloop
	endfacet
	facet normal 0 0 -1
		outer loop
			vertex 15.880000114441 20.175699234009 0
			vertex 16.312364578247 19.944597244263 0
			vertex 16.338598251343 19.900825500488 0
		endloop
	endfacet
	facet normal 0 0 -1
		outer loop
			vertex 15.880000114441 20.175699234009 0
			vertex 16.390008926392 19.757146835327 0
			vertex 16.397495269775 19.70666885376 0
		endloop
	endfacet
	facet normal 0 0 -1
		outer loop
			vertex 15.880000114441 20.175699234009 0
			vertex 16.37760925293 19.806648254395 0
			vertex 16.390008926392 19.757146835327 0
		endloop
	endfacet
	facet normal 0.74095905342293 0.67155020746821 0
		outer loop
			vertex 16.247695922852 20.02339553833 0
			vertex 16.281965255737 19.985584259033 0.51999998092651
			vertex 16.281965255737 19.985584259033 0
		endloop
	endfacet
	facet normal 0 0 -1
		outer loop
			vertex 15.880000114441 20.175699234009 0
			vertex 16.281965255737 19.985584259033 0
			vertex 16.312364578247 19.944597244263 0
		endloop
	endfacet
	facet normal 0.51411644157963 0.85772039995415 0
		outer loop
			vertex 16.12512588501 20.11429977417 0
			vertex 16.168895721436 20.088064193726 0.51999998092651
			vertex 16.168895721436 20.088064193726 0
		endloop
	endfacet
	facet normal 0.59569761082309 0.80320878758867 0
		outer loop
			vertex 16.168895721436 20.088064193726 0
			vertex 16.209884643555 20.057664871216 0.51999998092651
			vertex 16.209884643555 20.057664871216 0
		endloop
	endfacet
	facet normal 0.67155020746821 0.74095905342293 0
		outer loop
			vertex 16.209884643555 20.057664871216 0
			vertex 16.247695922852 20.02339553833 0.51999998092651
			vertex 16.247695922852 20.02339553833 0
		endloop
	endfacet
	facet normal 0.85774675966847 0.51407246208899 0
		outer loop
			vertex 16.312364578247 19.944597244263 0
			vertex 16.338598251343 19.900825500488 0.51999998092651
			vertex 16.338598251343 19.900825500488 0
		endloop
	endfacet
	facet normal 0.80319552393085 0.59571549445809 0
		outer loop
			vertex 16.281965255737 19.985584259033 0
			vertex 16.312364578247 19.944597244263 0.51999998092651
			vertex 16.312364578247 19.944597244263 0
		endloop
	endfacet
	facet normal 0.903984281555 0.42756568934082 -0
		outer loop
			vertex 16.360416412354 19.854696273804 0
			vertex 16.338598251343 19.900825500488 0
			vertex 16.360416412354 19.854696273804 0.51999998092651
		endloop
	endfacet
	facet normal 0.74095905342293 0.67155020746821 -0
		outer loop
			vertex 16.247695922852 20.02339553833 0
			vertex 16.247695922852 20.02339553833 0.51999998092651
			vertex 16.281965255737 19.985584259033 0.51999998092651
		endloop
	endfacet
	facet normal 0 0 1
		outer loop
			vertex 16.030948638916 20.153308868408 0.51999998092651
			vertex 16.39999961853 19.655700683594 0.51999998092651
			vertex 16.078994750977 20.136117935181 0.51999998092651
		endloop
	endfacet
	facet normal 0 0 1
		outer loop
			vertex 16.078994750977 20.136117935181 0.51999998092651
			vertex 16.39999961853 19.655700683594 0.51999998092651
			vertex 16.12512588501 20.11429977417 0.51999998092651
		endloop
	endfacet
	facet normal 0 0 1
		outer loop
			vertex 16.39999961853 19.655700683594 0.51999998092651
			vertex 16.209884643555 20.057664871216 0.51999998092651
			vertex 16.168895721436 20.088064193726 0.51999998092651
		endloop
	endfacet
	facet normal 0 0 1
		outer loop
			vertex 16.12512588501 20.11429977417 0.51999998092651
			vertex 16.39999961853 19.655700683594 0.51999998092651
			vertex 16.168895721436 20.088064193726 0.51999998092651
		endloop
	endfacet
	facet normal 0.59569761082309 0.80320878758867 -0
		outer loop
			vertex 16.168895721436 20.088064193726 0
			vertex 16.168895721436 20.088064193726 0.51999998092651
			vertex 16.209884643555 20.057664871216 0.51999998092651
		endloop
	endfacet
	facet normal 0.67155020746821 0.74095905342293 -0
		outer loop
			vertex 16.209884643555 20.057664871216 0
			vertex 16.209884643555 20.057664871216 0.51999998092651
			vertex 16.247695922852 20.02339553833 0.51999998092651
		endloop
	endfacet
	facet normal 0.85774675966847 0.51407246208899 -0
		outer loop
			vertex 16.312364578247 19.944597244263 0
			vertex 16.312364578247 19.944597244263 0.51999998092651
			vertex 16.338598251343 19.900825500488 0.51999998092651
		endloop
	endfacet
	facet normal 0.80319552393085 0.59571549445809 -0
		outer loop
			vertex 16.281965255737 19.985584259033 0
			vertex 16.281965255737 19.985584259033 0.51999998092651
			vertex 16.312364578247 19.944597244263 0.51999998092651
		endloop
	endfacet
	facet normal 0.903984281555 0.42756568934082 0
		outer loop
			vertex 16.360416412354 19.854696273804 0.51999998092651
			vertex 16.338598251343 19.900825500488 0
			vertex 16.338598251343 19.900825500488 0.51999998092651
		endloop
	endfacet
	facet normal 0 0 1
		outer loop
			vertex 16.39999961853 19.655700683594 0.51999998092651
			vertex 16.247695922852 20.02339553833 0.51999998092651
			vertex 16.209884643555 20.057664871216 0.51999998092651
		endloop
	endfacet
	facet normal 0 0 1
		outer loop
			vertex 16.39999961853 19.655700683594 0.51999998092651
			vertex 16.281965255737 19.985584259033 0.51999998092651
			vertex 16.247695922852 20.02339553833 0.51999998092651
		endloop
	endfacet
	facet normal 0 0 1
		outer loop
			vertex 16.39999961853 19.655700683594 0.51999998092651
			vertex 16.312364578247 19.944597244263 0.51999998092651
			vertex 16.281965255737 19.985584259033 0.51999998092651
		endloop
	endfacet
	facet normal -1 0 0
		outer loop
			vertex 4.0999999046326 0 0.51999998092651
			vertex 4.0999999046326 0.51999998092651 16.324266433716
			vertex 4.0999999046326 0.51999998092651 0.51999998092651
		endloop
	endfacet
	facet normal 0 1 0
		outer loop
			vertex 4.0999999046326 0.51999998092651 0.51999998092651
			vertex 4.0999999046326 0.51999998092651 16.324266433716
			vertex 7.4200000762939 0.51999998092651 0.51999998092651
		endloop
	endfacet
	facet normal 0 -1 0
		outer loop
			vertex 4.0999999046326 0 0.51999998092651
			vertex 12.300000190735 0 0.51999998092651
			vertex 4.0999999046326 0 16.463600158691
		endloop
	endfacet
	facet normal -1 0 0
		outer loop
			vertex 4.0999999046326 0 0.51999998092651
			vertex 4.0999999046326 0 16.463600158691
			vertex 4.0999999046326 0.45033320784569 16.20359992981
		endloop
	endfacet
	facet normal -1 0 0
		outer loop
			vertex 4.0999999046326 0 0.51999998092651
			vertex 4.0999999046326 0.45033320784569 16.20359992981
			vertex 4.0999999046326 0.51999998092651 16.324266433716
		endloop
	endfacet
	facet normal 0 1 -0
		outer loop
			vertex 7.4200000762939 0.51999998092651 0.51999998092651
			vertex 4.0999999046326 0.51999998092651 16.324266433716
			vertex 7.4200000762939 0.51999998092651 15.418600082397
		endloop
	endfacet
	facet normal -0 1 0
		outer loop
			vertex 4.0999999046326 0.51999998092651 16.324266433716
			vertex 12.300000190735 0.51999998092651 16.324266433716
			vertex 7.4200000762939 0.51999998092651 15.418600082397
		endloop
	endfacet
	facet normal 0 1 0
		outer loop
			vertex 7.9400000572205 0.51999998092651 0.51999998092651
			vertex 7.9400000572205 0.51999998092651 15.418600082397
			vertex 12.300000190735 0.51999998092651 0.51999998092651
		endloop
	endfacet
	facet normal 1 0 0
		outer loop
			vertex 12.300000190735 0 0.51999998092651
			vertex 12.300000190735 0.51999998092651 0.51999998092651
			vertex 12.300000190735 0 16.463600158691
		endloop
	endfacet
	facet normal 0 -1 0
		outer loop
			vertex 4.0999999046326 0 16.463600158691
			vertex 12.300000190735 0 0.51999998092651
			vertex 12.300000190735 0 16.463600158691
		endloop
	endfacet
	facet normal -0 1 0
		outer loop
			vertex 7.9400000572205 0.51999998092651 15.418600082397
			vertex 12.300000190735 0.51999998092651 16.324266433716
			vertex 12.300000190735 0.51999998092651 0.51999998092651
		endloop
	endfacet
	facet normal 0 1 0
		outer loop
			vertex 7.4200000762939 0.51999998092651 15.418600082397
			vertex 12.300000190735 0.51999998092651 16.324266433716
			vertex 7.9400000572205 0.51999998092651 15.418600082397
		endloop
	endfacet
	facet normal 1 0 -0
		outer loop
			vertex 12.300000190735 0.51999998092651 0.51999998092651
			vertex 12.300000190735 0.51999998092651 16.324266433716
			vertex 12.300000190735 0 16.463600158691
		endloop
	endfacet
	facet normal 1 0 -0
		outer loop
			vertex 12.300000190735 0.51999998092651 16.324266433716
			vertex 12.300000190735 0.51999998092651 16.463600158691
			vertex 12.300000190735 0 16.463600158691
		endloop
	endfacet
	facet normal -1 0 0
		outer loop
			vertex 4.0999999046326 0.45033320784569 16.20359992981
			vertex 4.0999999046326 0 16.463600158691
			vertex 4.0999999046326 0.51999998092651 16.324266433716
		endloop
	endfacet
	facet normal -1 0 0
		outer loop
			vertex 4.0999999046326 0.51999998092651 16.324266433716
			vertex 4.0999999046326 0 16.463600158691
			vertex 4.0999999046326 1.4029831886292 17.853637695312
		endloop
	endfacet
	facet normal -1 0 0
		outer loop
			vertex 4.0999999046326 0 16.463600158691
			vertex 4.0999999046326 0.95265001058578 18.113637924194
			vertex 4.0999999046326 1.4029831886292 17.853637695312
		endloop
	endfacet
	facet normal -1.9083986560049e-07 -0.86602534412678 0.50000010333004
		outer loop
			vertex 4.0999999046326 0 16.463600158691
			vertex 6.1628456115723 0.79394668340683 17.838756561279
			vertex 4.0999999046326 0.95265001058578 18.113637924194
		endloop
	endfacet
	facet normal -9.9905146750145e-08 0.86602533068358 -0.50000012661437
		outer loop
			vertex 4.0999999046326 0.51999998092651 16.324266433716
			vertex 4.0999999046326 1.4029831886292 17.853637695312
			vertex 6.2553634643555 1.1464734077454 17.409349441528
		endloop
	endfacet
	facet normal 0 0.50000035670203 0.86602519784233
		outer loop
			vertex 4.0999999046326 0.95265001058578 18.113637924194
			vertex 6.0614743232727 1.4029831886292 17.853637695312
			vertex 4.0999999046326 1.4029831886292 17.853637695312
		endloop
	endfacet
	facet normal -1.2656571070461e-08 -0.86602545331523 0.49999991421014
		outer loop
			vertex 4.0999999046326 0 16.463600158691
			vertex 6.8011627197266 0.36361113190651 17.093393325806
			vertex 6.6408295631409 0.43626993894577 17.219242095947
		endloop
	endfacet
	facet normal 3.6741039282877e-07 -0.86602615916613 0.49999869163811
		outer loop
			vertex 4.0999999046326 0 16.463600158691
			vertex 6.9749674797058 0.29915991425514 16.981760025024
			vertex 6.8011627197266 0.36361113190651 17.093393325806
		endloop
	endfacet
	facet normal 2.5525762630795e-07 -0.86602588971578 0.49999915834123
		outer loop
			vertex 4.0999999046326 0 16.463600158691
			vertex 7.1605701446533 0.24353696405888 16.885417938232
			vertex 6.9749674797058 0.29915991425514 16.981760025024
		endloop
	endfacet
	facet normal -2.45985020781e-07 0.86602588982964 -0.49999915814401
		outer loop
			vertex 4.0999999046326 0.51999998092651 16.324266433716
			vertex 6.495512008667 0.96676975488663 17.098094940186
			vertex 6.6408295631409 0.88660311698914 16.959241867065
		endloop
	endfacet
	facet normal 9.5148093633524e-07 0.86602428467045 -0.50000193835638
		outer loop
			vertex 4.0999999046326 0.51999998092651 16.324266433716
			vertex 6.3666095733643 1.0536721944809 17.248613357544
			vertex 6.495512008667 0.96676975488663 17.098094940186
		endloop
	endfacet
	facet normal -3.1309241944583e-08 0.86602551786483 -0.49999980240692
		outer loop
			vertex 4.0999999046326 0.51999998092651 16.324266433716
			vertex 6.6408295631409 0.88660311698914 16.959241867065
			vertex 6.8011627197266 0.8139443397522 16.833393096924
		endloop
	endfacet
	facet normal -3.2337998869157e-07 0.86602618885002 -0.49999864022396
		outer loop
			vertex 4.0999999046326 0.51999998092651 16.324266433716
			vertex 6.8011627197266 0.8139443397522 16.833393096924
			vertex 6.9749674797058 0.74949312210083 16.721759796143
		endloop
	endfacet
	facet normal -2.4825231475798e-07 0.86602595356054 -0.49999904775858
		outer loop
			vertex 4.0999999046326 0.51999998092651 16.324266433716
			vertex 6.9749674797058 0.74949312210083 16.721759796143
			vertex 7.1605701446533 0.69387018680573 16.625417709351
		endloop
	endfacet
	facet normal -4.2352058422293e-07 -0.86602494392682 0.50000079649573
		outer loop
			vertex 4.0999999046326 0 16.463600158691
			vertex 6.3666095733643 0.60333895683289 17.508613586426
			vertex 6.2553634643555 0.696140229702 17.66934967041
		endloop
	endfacet
	facet normal 1.5771769394157e-06 -0.86602649254621 0.49999811420206
		outer loop
			vertex 4.0999999046326 0 16.463600158691
			vertex 6.2553634643555 0.696140229702 17.66934967041
			vertex 6.1628456115723 0.79394668340683 17.838756561279
		endloop
	endfacet
	facet normal 2.489139442613e-07 0.86602503065768 -0.50000064627388
		outer loop
			vertex 4.0999999046326 0.51999998092651 16.324266433716
			vertex 6.2553634643555 1.1464734077454 17.409349441528
			vertex 6.3666095733643 1.0536721944809 17.248613357544
		endloop
	endfacet
	facet normal 0 -0.866023931633 0.50000254983242
		outer loop
			vertex 4.0999999046326 0.95265001058578 18.113637924194
			vertex 6.0899467468262 0.89581626653671 18.015199661255
			vertex 6.0614743232727 0.95265001058578 18.113637924194
		endloop
	endfacet
	facet normal -1.4396195018257e-07 -0.86602519179511 0.5000003671761
		outer loop
			vertex 4.0999999046326 0.95265001058578 18.113637924194
			vertex 6.1628456115723 0.79394668340683 17.838756561279
			vertex 6.0899467468262 0.89581626653671 18.015199661255
		endloop
	endfacet
	facet normal -0 0.50000035670203 0.86602519784233
		outer loop
			vertex 4.0999999046326 0.95265001058578 18.113637924194
			vertex 6.0614743232727 0.95265001058578 18.113637924194
			vertex 6.0614743232727 1.4029831886292 17.853637695312
		endloop
	endfacet
	facet normal -9.628539671251e-07 -0.86602443738638 0.50000167384587
		outer loop
			vertex 4.0999999046326 0 16.463600158691
			vertex 6.495512008667 0.51643657684326 17.358095169067
			vertex 6.3666095733643 0.60333895683289 17.508613586426
		endloop
	endfacet
	facet normal 2.773776032672e-07 -0.8660258756034 0.49999918278461
		outer loop
			vertex 4.0999999046326 0 16.463600158691
			vertex 6.6408295631409 0.43626993894577 17.219242095947
			vertex 6.495512008667 0.51643657684326 17.358095169067
		endloop
	endfacet
	facet normal 7.107516764979e-07 0.86602703359566 -0.49999717707303
		outer loop
			vertex 4.0999999046326 1.4029831886292 17.853637695312
			vertex 6.1628456115723 1.2442798614502 17.578756332397
			vertex 6.2553634643555 1.1464734077454 17.409349441528
		endloop
	endfacet
	facet normal 0 0.866023931633 -0.50000254983242
		outer loop
			vertex 4.0999999046326 1.4029831886292 17.853637695312
			vertex 6.0614743232727 1.4029831886292 17.853637695312
			vertex 6.0899467468262 1.3461494445801 17.755199432373
		endloop
	endfacet
	facet normal 1.4396195018257e-07 0.86602519179511 -0.5000003671761
		outer loop
			vertex 4.0999999046326 1.4029831886292 17.853637695312
			vertex 6.0899467468262 1.3461494445801 17.755199432373
			vertex 6.1628456115723 1.2442798614502 17.578756332397
		endloop
	endfacet
	facet normal -1.4230599974978e-07 0.86602593225057 -0.49999908466867
		outer loop
			vertex 4.0999999046326 0.51999998092651 16.324266433716
			vertex 7.5599222183228 0.61116164922714 16.482162475586
			vertex 7.7698259353638 0.58487260341644 16.436628341675
		endloop
	endfacet
	facet normal 2.1197763960889e-07 0.866020921759 -0.50000776301538
		outer loop
			vertex 4.0999999046326 0.51999998092651 16.324266433716
			vertex 7.7698259353638 0.58487260341644 16.436628341675
			vertex 7.9838724136353 0.56899720430374 16.409132003784
		endloop
	endfacet
	facet normal 4.5278198479263e-07 -0.86602748129785 0.49999640162374
		outer loop
			vertex 4.0999999046326 0 16.463600158691
			vertex 7.5599222183228 0.16082842648029 16.742162704468
			vertex 7.356183052063 0.19727796316147 16.805295944214
		endloop
	endfacet
	facet normal -5.3342233010144e-07 -0.86602341183789 0.50000345013648
		outer loop
			vertex 4.0999999046326 0 16.463600158691
			vertex 7.356183052063 0.19727796316147 16.805295944214
			vertex 7.1605701446533 0.24353696405888 16.885417938232
		endloop
	endfacet
	facet normal 3.5607865167223e-07 0.86602329409704 -0.50000365406783
		outer loop
			vertex 4.0999999046326 0.51999998092651 16.324266433716
			vertex 7.1605701446533 0.69387018680573 16.625417709351
			vertex 7.356183052063 0.64761120080948 16.545295715332
		endloop
	endfacet
	facet normal -3.1633022244463e-07 0.86602758346313 -0.49999622466665
		outer loop
			vertex 4.0999999046326 0.51999998092651 16.324266433716
			vertex 7.356183052063 0.64761120080948 16.545295715332
			vertex 7.5599222183228 0.61116164922714 16.482162475586
		endloop
	endfacet
	facet normal 1.5868361269649e-07 -0.86602589955914 0.49999914129203
		outer loop
			vertex 4.0999999046326 0 16.463600158691
			vertex 7.7698259353638 0.13453938066959 16.696628570557
			vertex 7.5599222183228 0.16082842648029 16.742162704468
		endloop
	endfacet
	facet normal -4.4244978141984e-07 -0.86602180025497 0.50000624144398
		outer loop
			vertex 4.0999999046326 0 16.463600158691
			vertex 7.9838724136353 0.11866398900747 16.669132232666
			vertex 7.7698259353638 0.13453938066959 16.696628570557
		endloop
	endfacet
	facet normal -8.8856652161016e-08 0.86602688336852 -0.49999743727643
		outer loop
			vertex 4.0999999046326 0.51999998092651 16.324266433716
			vertex 7.9838724136353 0.56899720430374 16.409132003784
			vertex 8.1999998092651 0.56368833780289 16.399936676025
		endloop
	endfacet
	facet normal 0 -0.86602542062281 0.49999997083508
		outer loop
			vertex 4.0999999046326 0 16.463600158691
			vertex 12.300000190735 0 16.463600158691
			vertex 7.9838724136353 0.11866398900747 16.669132232666
		endloop
	endfacet
	facet normal 0 0.86602479864559 -0.50000104812976
		outer loop
			vertex 4.0999999046326 0.51999998092651 16.324266433716
			vertex 8.1999998092651 0.56368833780289 16.399936676025
			vertex 12.300000190735 0.51999998092651 16.324266433716
		endloop
	endfacet
	facet normal 8.8856526328063e-08 0.86602688336581 -0.49999743728113
		outer loop
			vertex 8.1999998092651 0.56368833780289 16.399936676025
			vertex 8.4161281585693 0.56899720430374 16.409132003784
			vertex 12.300000190735 0.51999998092651 16.324266433716
		endloop
	endfacet
	facet normal 3.3035939591513e-06 -0.86599537891377 0.50005200098498
		outer loop
			vertex 7.9838724136353 0.11866398900747 16.669132232666
			vertex 12.300000190735 0 16.463600158691
			vertex 8.1999998092651 0.11335515230894 16.659936904907
		endloop
	endfacet
	facet normal -1.9512323969474e-07 -0.86602701721397 0.49999720544763
		outer loop
			vertex 8.1999998092651 0.11335515230894 16.659936904907
			vertex 12.300000190735 0 16.463600158691
			vertex 8.4161281585693 0.11866398900747 16.669132232666
		endloop
	endfacet
	facet normal -2.1197766185086e-07 0.86602092175908 -0.50000776301525
		outer loop
			vertex 8.4161281585693 0.56899720430374 16.409132003784
			vertex 8.6301746368408 0.58487260341644 16.436628341675
			vertex 12.300000190735 0.51999998092651 16.324266433716
		endloop
	endfacet
	facet normal 1.4230609592221e-07 0.86602593225167 -0.49999908466677
		outer loop
			vertex 8.6301746368408 0.58487260341644 16.436628341675
			vertex 8.8400774002075 0.61116164922714 16.482162475586
			vertex 12.300000190735 0.51999998092651 16.324266433716
		endloop
	endfacet
	facet normal 4.4244981989227e-07 -0.8660218002551 0.50000624144376
		outer loop
			vertex 8.4161281585693 0.11866398900747 16.669132232666
			vertex 12.300000190735 0 16.463600158691
			vertex 8.6301746368408 0.13453938066959 16.696628570557
		endloop
	endfacet
	facet normal -1.5868379189745e-07 -0.86602589956022 0.49999914129015
		outer loop
			vertex 8.6301746368408 0.13453938066959 16.696628570557
			vertex 12.300000190735 0 16.463600158691
			vertex 8.8400774002075 0.16082842648029 16.742162704468
		endloop
	endfacet
	facet normal -4.5278193526085e-07 -0.86602748129792 0.49999640162362
		outer loop
			vertex 8.8400774002075 0.16082842648029 16.742162704468
			vertex 12.300000190735 0 16.463600158691
			vertex 9.0438165664673 0.19727796316147 16.805295944214
		endloop
	endfacet
	facet normal 5.3342226791804e-07 -0.86602341183782 0.50000345013659
		outer loop
			vertex 9.0438165664673 0.19727796316147 16.805295944214
			vertex 12.300000190735 0 16.463600158691
			vertex 9.239429473877 0.24353696405888 16.885417938232
		endloop
	endfacet
	facet normal 3.1633018444516e-07 0.86602758346319 -0.49999622466656
		outer loop
			vertex 8.8400774002075 0.61116164922714 16.482162475586
			vertex 9.0438165664673 0.64761120080948 16.545295715332
			vertex 12.300000190735 0.51999998092651 16.324266433716
		endloop
	endfacet
	facet normal -3.5607860694094e-07 0.866023294097 -0.50000365406791
		outer loop
			vertex 9.0438165664673 0.64761120080948 16.545295715332
			vertex 9.239429473877 0.69387018680573 16.625417709351
			vertex 12.300000190735 0.51999998092651 16.324266433716
		endloop
	endfacet
	facet normal -2.5525745729244e-07 -0.86602588971537 0.49999915834193
		outer loop
			vertex 9.239429473877 0.24353696405888 16.885417938232
			vertex 12.300000190735 0 16.463600158691
			vertex 9.4250326156616 0.29915991425514 16.981760025024
		endloop
	endfacet
	facet normal -3.6741061370214e-07 -0.86602615916666 0.49999869163719
		outer loop
			vertex 9.4250326156616 0.29915991425514 16.981760025024
			vertex 12.300000190735 0 16.463600158691
			vertex 9.5988368988037 0.36361113190651 17.093393325806
		endloop
	endfacet
	facet normal 1.2656560727444e-08 -0.86602545331525 0.49999991421011
		outer loop
			vertex 9.5988368988037 0.36361113190651 17.093393325806
			vertex 12.300000190735 0 16.463600158691
			vertex 9.7591705322266 0.43626993894577 17.219242095947
		endloop
	endfacet
	facet normal 2.4825218060879e-07 0.86602595356012 -0.49999904775931
		outer loop
			vertex 9.239429473877 0.69387018680573 16.625417709351
			vertex 9.4250326156616 0.74949312210083 16.721759796143
			vertex 12.300000190735 0.51999998092651 16.324266433716
		endloop
	endfacet
	facet normal 3.2338014584275e-07 0.86602618885051 -0.49999864022311
		outer loop
			vertex 9.4250326156616 0.74949312210083 16.721759796143
			vertex 9.5988368988037 0.8139443397522 16.833393096924
			vertex 12.300000190735 0.51999998092651 16.324266433716
		endloop
	endfacet
	facet normal 3.1309219457571e-08 0.86602551786479 -0.49999980240699
		outer loop
			vertex 9.5988368988037 0.8139443397522 16.833393096924
			vertex 9.7591705322266 0.88660311698914 16.959241867065
			vertex 12.300000190735 0.51999998092651 16.324266433716
		endloop
	endfacet
	facet normal 2.459851881222e-07 0.86602588982993 -0.49999915814351
		outer loop
			vertex 9.7591705322266 0.88660311698914 16.959241867065
			vertex 9.9044876098633 0.96676975488663 17.098094940186
			vertex 12.300000190735 0.51999998092651 16.324266433716
		endloop
	endfacet
	facet normal -9.5148078798001e-07 0.86602428467039 -0.50000193835647
		outer loop
			vertex 9.9044876098633 0.96676975488663 17.098094940186
			vertex 10.033390045166 1.0536721944809 17.248613357544
			vertex 12.300000190735 0.51999998092651 16.324266433716
		endloop
	endfacet
	facet normal -2.773778193116e-07 -0.86602587560372 0.49999918278407
		outer loop
			vertex 9.7591705322266 0.43626993894577 17.219242095947
			vertex 12.300000190735 0 16.463600158691
			vertex 9.9044876098633 0.51643657684326 17.358095169067
		endloop
	endfacet
	facet normal 9.6285382190364e-07 -0.86602443738633 0.50000167384596
		outer loop
			vertex 9.9044876098633 0.51643657684326 17.358095169067
			vertex 12.300000190735 0 16.463600158691
			vertex 10.033390045166 0.60333895683289 17.508613586426
		endloop
	endfacet
	facet normal 4.2352051667802e-07 -0.8660249439268 0.50000079649576
		outer loop
			vertex 10.033390045166 0.60333895683289 17.508613586426
			vertex 12.300000190735 0 16.463600158691
			vertex 10.144636154175 0.696140229702 17.66934967041
		endloop
	endfacet
	facet normal -1.5771766721469e-06 -0.86602649254628 0.49999811420195
		outer loop
			vertex 10.144636154175 0.696140229702 17.66934967041
			vertex 12.300000190735 0 16.463600158691
			vertex 10.237154006958 0.79394668340683 17.838756561279
		endloop
	endfacet
	facet normal 3.6458959749692e-07 -0.86602523126679 0.50000029880908
		outer loop
			vertex 10.237154006958 0.79394668340683 17.838756561279
			vertex 12.300000190735 0 16.463600158691
			vertex 10.310053825378 0.89581626653671 18.015199661255
		endloop
	endfacet
	facet normal 2.2070687379712e-06 -0.86602420805186 0.50000207105899
		outer loop
			vertex 10.310053825378 0.89581626653671 18.015199661255
			vertex 12.300000190735 0 16.463600158691
			vertex 10.338525772095 0.95265001058578 18.113637924194
		endloop
	endfacet
	facet normal -2.4891390342271e-07 0.86602503065767 -0.50000064627391
		outer loop
			vertex 10.033390045166 1.0536721944809 17.248613357544
			vertex 10.144636154175 1.1464734077454 17.409349441528
			vertex 12.300000190735 0.51999998092651 16.324266433716
		endloop
	endfacet
	facet normal 1.4779949527167e-06 0.86602651600089 -0.49999807357747
		outer loop
			vertex 10.144636154175 1.1464734077454 17.409349441528
			vertex 10.237154006958 1.2442798614502 17.578756332397
			vertex 12.300000190735 0.51999998092651 16.324266433716
		endloop
	endfacet
	facet normal -3.3400992738642e-07 0.86602522579594 -0.50000030828488
		outer loop
			vertex 10.237154006958 1.2442798614502 17.578756332397
			vertex 10.310053825378 1.3461494445801 17.755199432373
			vertex 12.300000190735 0.51999998092651 16.324266433716
		endloop
	endfacet
	facet normal -2.0556157959183e-06 0.86602418908365 -0.50000210391335
		outer loop
			vertex 10.310053825378 1.3461494445801 17.755199432373
			vertex 10.338525772095 1.4029831886292 17.853637695312
			vertex 12.300000190735 0.51999998092651 16.324266433716
		endloop
	endfacet
	facet normal 0 0.50000035670203 0.86602519784233
		outer loop
			vertex 10.338525772095 0.95265001058578 18.113637924194
			vertex 12.300000190735 1.4029831886292 17.853637695312
			vertex 10.338525772095 1.4029831886292 17.853637695312
		endloop
	endfacet
	facet normal 0 0.86602533068358 -0.50000012661438
		outer loop
			vertex 10.338525772095 1.4029831886292 17.853637695312
			vertex 12.300000190735 1.4029831886292 17.853637695312
			vertex 12.300000190735 0.51999998092651 16.324266433716
		endloop
	endfacet
	facet normal 0 -0.8660253441268 0.50000010333005
		outer loop
			vertex 10.338525772095 0.95265001058578 18.113637924194
			vertex 12.300000190735 0 16.463600158691
			vertex 12.300000190735 0.95265001058578 18.113637924194
		endloop
	endfacet
	facet normal -0 0.50000035670203 0.86602519784233
		outer loop
			vertex 10.338525772095 0.95265001058578 18.113637924194
			vertex 12.300000190735 0.95265001058578 18.113637924194
			vertex 12.300000190735 1.4029831886292 17.853637695312
		endloop
	endfacet
	facet normal 1 0 0
		outer loop
			vertex 12.300000190735 0.51999998092651 16.324266433716
			vertex 12.300000190735 1.4029831886292 17.853637695312
			vertex 12.300000190735 0.51999998092651 16.463600158691
		endloop
	endfacet
	facet normal 1 0 0
		outer loop
			vertex 12.300000190735 0 16.463600158691
			vertex 12.300000190735 0.51999998092651 16.463600158691
			vertex 12.300000190735 0.95265001058578 18.113637924194
		endloop
	endfacet
	facet normal 1 0 0
		outer loop
			vertex 12.300000190735 0.51999998092651 16.463600158691
			vertex 12.300000190735 1.4029831886292 17.853637695312
			vertex 12.300000190735 0.95265001058578 18.113637924194
		endloop
	endfacet
	facet normal 0.94154423311291 0.16844481219876 0.2917546954809
		outer loop
			vertex 6.0899467468262 0.89581626653671 18.015199661255
			vertex 6.1628456115723 0.79394668340683 17.838756561279
			vertex 6.1628456115723 1.2442798614502 17.578756332397
		endloop
	endfacet
	facet normal 0.94154423311291 0.16844481219876 0.2917546954809
		outer loop
			vertex 6.0899467468262 0.89581626653671 18.015199661255
			vertex 6.1628456115723 1.2442798614502 17.578756332397
			vertex 6.0899467468262 1.3461494445801 17.755199432373
		endloop
	endfacet
	facet normal 0.97003055886963 0.12149156256597 0.21042935889357
		outer loop
			vertex 6.0899467468262 0.89581626653671 18.015199661255
			vertex 6.0614743232727 1.4029831886292 17.853637695312
			vertex 6.0614743232727 0.95265001058578 18.113637924194
		endloop
	endfacet
	facet normal 0.97003055886963 0.12149156256597 0.21042935889357
		outer loop
			vertex 6.0899467468262 0.89581626653671 18.015199661255
			vertex 6.0899467468262 1.3461494445801 17.755199432373
			vertex 6.0614743232727 1.4029831886292 17.853637695312
		endloop
	endfacet
	facet normal 0.59570075949837 0.40160349275861 0.69559703833265
		outer loop
			vertex 6.9749674797058 0.74949312210083 16.721759796143
			vertex 6.8011627197266 0.36361113190651 17.093393325806
			vertex 6.9749674797058 0.29915991425514 16.981760025024
		endloop
	endfacet
	facet normal 0.514103444787 0.4288643797073 0.74281423779867
		outer loop
			vertex 7.1605701446533 0.69387018680573 16.625417709351
			vertex 6.9749674797058 0.74949312210083 16.721759796143
			vertex 6.9749674797058 0.29915991425514 16.981760025024
		endloop
	endfacet
	facet normal 0.51410347011817 0.42886436147274 0.74281423079464
		outer loop
			vertex 7.1605701446533 0.24353696405888 16.885417938232
			vertex 7.1605701446533 0.69387018680573 16.625417709351
			vertex 6.9749674797058 0.29915991425514 16.981760025024
		endloop
	endfacet
	facet normal 0.59570075949837 0.40160349275861 0.69559703833265
		outer loop
			vertex 6.8011627197266 0.8139443397522 16.833393096924
			vertex 6.8011627197266 0.36361113190651 17.093393325806
			vertex 6.9749674797058 0.74949312210083 16.721759796143
		endloop
	endfacet
	facet normal 0.74095194612863 0.33577926417698 0.58158619247448
		outer loop
			vertex 6.6408295631409 0.88660311698914 16.959241867065
			vertex 6.495512008667 0.51643657684326 17.358095169067
			vertex 6.6408295631409 0.43626993894577 17.219242095947
		endloop
	endfacet
	facet normal 0.85772769219133 0.25705229559601 0.44522727160065
		outer loop
			vertex 6.3666095733643 0.60333895683289 17.508613586426
			vertex 6.3666095733643 1.0536721944809 17.248613357544
			vertex 6.2553634643555 0.696140229702 17.66934967041
		endloop
	endfacet
	facet normal 0.85772765578983 0.25705235147897 0.44522730946384
		outer loop
			vertex 6.3666095733643 1.0536721944809 17.248613357544
			vertex 6.2553634643555 1.1464734077454 17.409349441528
			vertex 6.2553634643555 0.696140229702 17.66934967041
		endloop
	endfacet
	facet normal 0.74095194612863 0.33577926417698 0.58158619247448
		outer loop
			vertex 6.6408295631409 0.88660311698914 16.959241867065
			vertex 6.495512008667 0.96676975488663 17.098094940186
			vertex 6.495512008667 0.51643657684326 17.358095169067
		endloop
	endfacet
	facet normal 0.80320613605896 0.29785080548591 0.51589223745724
		outer loop
			vertex 6.3666095733643 0.60333895683289 17.508613586426
			vertex 6.495512008667 0.51643657684326 17.358095169067
			vertex 6.495512008667 0.96676975488663 17.098094940186
		endloop
	endfacet
	facet normal 0.80320618493255 0.29785074296993 0.51589219745831
		outer loop
			vertex 6.3666095733643 0.60333895683289 17.508613586426
			vertex 6.495512008667 0.96676975488663 17.098094940186
			vertex 6.3666095733643 1.0536721944809 17.248613357544
		endloop
	endfacet
	facet normal 0.90399041948523 0.21377650847404 0.37027142193742
		outer loop
			vertex 6.2553634643555 1.1464734077454 17.409349441528
			vertex 6.1628456115723 0.79394668340683 17.838756561279
			vertex 6.2553634643555 0.696140229702 17.66934967041
		endloop
	endfacet
	facet normal 0.90399041948523 0.21377650847404 0.37027142193742
		outer loop
			vertex 6.2553634643555 1.1464734077454 17.409349441528
			vertex 6.1628456115723 1.2442798614502 17.578756332397
			vertex 6.1628456115723 0.79394668340683 17.838756561279
		endloop
	endfacet
	facet normal 0.67155929209919 0.37047565575419 0.64168209082748
		outer loop
			vertex 6.8011627197266 0.8139443397522 16.833393096924
			vertex 6.6408295631409 0.43626993894577 17.219242095947
			vertex 6.8011627197266 0.36361113190651 17.093393325806
		endloop
	endfacet
	facet normal 0.6715592542928 0.37047569127518 0.6416821098861
		outer loop
			vertex 6.6408295631409 0.88660311698914 16.959241867065
			vertex 6.6408295631409 0.43626993894577 17.219242095947
			vertex 6.8011627197266 0.8139443397522 16.833393096924
		endloop
	endfacet
	facet normal 0.42755192229618 0.45199568527967 0.782878824742
		outer loop
			vertex 7.1605701446533 0.24353696405888 16.885417938232
			vertex 7.356183052063 0.64761120080948 16.545295715332
			vertex 7.1605701446533 0.69387018680573 16.625417709351
		endloop
	endfacet
	facet normal 0.3368928272347 0.47077178967788 0.81539999080286
		outer loop
			vertex 7.356183052063 0.19727796316147 16.805295944214
			vertex 7.5599222183228 0.61116164922714 16.482162475586
			vertex 7.356183052063 0.64761120080948 16.545295715332
		endloop
	endfacet
	facet normal 0.42755195043361 0.45199566740859 0.78287881969324
		outer loop
			vertex 7.1605701446533 0.24353696405888 16.885417938232
			vertex 7.356183052063 0.19727796316147 16.805295944214
			vertex 7.356183052063 0.64761120080948 16.545295715332
		endloop
	endfacet
	facet normal 0.33689279671103 0.4707718068218 0.81539999351604
		outer loop
			vertex 7.356183052063 0.19727796316147 16.805295944214
			vertex 7.5599222183228 0.16082842648029 16.742162704468
			vertex 7.5599222183228 0.61116164922714 16.482162475586
		endloop
	endfacet
	facet normal 0.24298059560538 0.48501588443558 0.84007143863152
		outer loop
			vertex 7.5599222183228 0.16082842648029 16.742162704468
			vertex 7.7698259353638 0.58487260341644 16.436628341675
			vertex 7.5599222183228 0.61116164922714 16.482162475586
		endloop
	endfacet
	facet normal 0.24298059560538 0.48501588443558 0.84007143863152
		outer loop
			vertex 7.5599222183228 0.16082842648029 16.742162704468
			vertex 7.7698259353638 0.13453938066959 16.696628570557
			vertex 7.7698259353638 0.58487260341644 16.436628341675
		endloop
	endfacet
	facet normal 0.14672788445466 0.49458876923184 0.85665213317495
		outer loop
			vertex 7.9838724136353 0.56899720430374 16.409132003784
			vertex 7.7698259353638 0.13453938066959 16.696628570557
			vertex 7.9838724136353 0.11866398900747 16.669132232666
		endloop
	endfacet
	facet normal 0.14672790129977 0.49458876184542 0.85665213455426
		outer loop
			vertex 7.9838724136353 0.56899720430374 16.409132003784
			vertex 7.7698259353638 0.58487260341644 16.436628341675
			vertex 7.7698259353638 0.13453938066959 16.696628570557
		endloop
	endfacet
	facet normal 0.049068355200095 0.49939806145351 0.86498200717381
		outer loop
			vertex 7.9838724136353 0.11866398900747 16.669132232666
			vertex 8.1999998092651 0.11335515230894 16.659936904907
			vertex 8.1999998092651 0.56368833780289 16.399936676025
		endloop
	endfacet
	facet normal 0.049068423897491 0.49939803497904 0.86498201856183
		outer loop
			vertex 7.9838724136353 0.56899720430374 16.409132003784
			vertex 7.9838724136353 0.11866398900747 16.669132232666
			vertex 8.1999998092651 0.56368833780289 16.399936676025
		endloop
	endfacet
	facet normal -0.049068139205481 0.49939804197214 0.86498203067423
		outer loop
			vertex 8.4161281585693 0.56899720430374 16.409132003784
			vertex 8.1999998092651 0.11335515230894 16.659936904907
			vertex 8.4161281585693 0.11866398900747 16.669132232666
		endloop
	endfacet
	facet normal -0.049068207902557 0.49939806507169 0.86498201344068
		outer loop
			vertex 8.1999998092651 0.56368833780289 16.399936676025
			vertex 8.1999998092651 0.11335515230894 16.659936904907
			vertex 8.4161281585693 0.56899720430374 16.409132003784
		endloop
	endfacet
	facet normal -0.14672788445465 0.49458876309477 0.8566521367182
		outer loop
			vertex 8.4161281585693 0.11866398900747 16.669132232666
			vertex 8.6301746368408 0.13453938066959 16.696628570557
			vertex 8.6301746368408 0.58487260341644 16.436628341675
		endloop
	endfacet
	facet normal -0.14672790129978 0.4945887679825 0.85665213101102
		outer loop
			vertex 8.4161281585693 0.56899720430374 16.409132003784
			vertex 8.4161281585693 0.11866398900747 16.669132232666
			vertex 8.6301746368408 0.58487260341644 16.436628341675
		endloop
	endfacet
	facet normal -0.24298163438808 0.4850157543342 0.84007121328952
		outer loop
			vertex 8.6301746368408 0.13453938066959 16.696628570557
			vertex 8.8400774002075 0.61116164922714 16.482162475586
			vertex 8.6301746368408 0.58487260341644 16.436628341675
		endloop
	endfacet
	facet normal -0.24298163438808 0.4850157543342 0.84007121328952
		outer loop
			vertex 8.6301746368408 0.13453938066959 16.696628570557
			vertex 8.8400774002075 0.16082842648029 16.742162704468
			vertex 8.8400774002075 0.61116164922714 16.482162475586
		endloop
	endfacet
	facet normal -0.33689282723467 0.47077180136098 0.81539998405762
		outer loop
			vertex 8.8400774002075 0.16082842648029 16.742162704468
			vertex 9.0438165664673 0.64761120080948 16.545295715332
			vertex 8.8400774002075 0.61116164922714 16.482162475586
		endloop
	endfacet
	facet normal -0.33689279671105 0.47077179513871 0.81540000026127
		outer loop
			vertex 8.8400774002075 0.16082842648029 16.742162704468
			vertex 9.0438165664673 0.19727796316147 16.805295944214
			vertex 9.0438165664673 0.64761120080948 16.545295715332
		endloop
	endfacet
	facet normal -0.42755192229615 0.45199567406255 0.78287883121822
		outer loop
			vertex 9.0438165664673 0.19727796316147 16.805295944214
			vertex 9.239429473877 0.69387018680573 16.625417709351
			vertex 9.0438165664673 0.64761120080948 16.545295715332
		endloop
	endfacet
	facet normal -0.42755195043364 0.45199567862571 0.78287881321701
		outer loop
			vertex 9.0438165664673 0.19727796316147 16.805295944214
			vertex 9.239429473877 0.24353696405888 16.885417938232
			vertex 9.239429473877 0.69387018680573 16.625417709351
		endloop
	endfacet
	facet normal -0.51410247308054 0.42886466027379 0.7428147483328
		outer loop
			vertex 9.239429473877 0.24353696405888 16.885417938232
			vertex 9.4250326156616 0.74949312210083 16.721759796143
			vertex 9.239429473877 0.69387018680573 16.625417709351
		endloop
	endfacet
	facet normal -0.51410249841169 0.42886466332543 0.74281472903923
		outer loop
			vertex 9.239429473877 0.24353696405888 16.885417938232
			vertex 9.4250326156616 0.29915991425514 16.981760025024
			vertex 9.4250326156616 0.74949312210083 16.721759796143
		endloop
	endfacet
	facet normal -0.59570181386466 0.40160310177066 0.69559636112226
		outer loop
			vertex 9.5988368988037 0.8139443397522 16.833393096924
			vertex 9.4250326156616 0.29915991425514 16.981760025024
			vertex 9.5988368988037 0.36361113190651 17.093393325806
		endloop
	endfacet
	facet normal -0.59570181386466 0.40160310177066 0.69559636112226
		outer loop
			vertex 9.4250326156616 0.74949312210083 16.721759796143
			vertex 9.4250326156616 0.29915991425514 16.981760025024
			vertex 9.5988368988037 0.8139443397522 16.833393096924
		endloop
	endfacet
	facet normal -0.67155815779069 0.37047616979287 0.64168298116779
		outer loop
			vertex 9.5988368988037 0.8139443397522 16.833393096924
			vertex 9.5988368988037 0.36361113190651 17.093393325806
			vertex 9.7591705322266 0.88660311698914 16.959241867065
		endloop
	endfacet
	facet normal -0.67155819559711 0.37047617104814 0.64168294087646
		outer loop
			vertex 9.7591705322266 0.88660311698914 16.959241867065
			vertex 9.5988368988037 0.36361113190651 17.093393325806
			vertex 9.7591705322266 0.43626993894577 17.219242095947
		endloop
	endfacet
	facet normal -0.74095304263061 0.33577865927231 0.58158514474987
		outer loop
			vertex 9.7591705322266 0.88660311698914 16.959241867065
			vertex 9.7591705322266 0.43626993894577 17.219242095947
			vertex 9.9044876098633 0.96676975488663 17.098094940186
		endloop
	endfacet
	facet normal -0.74095304263061 0.33577865927231 0.58158514474987
		outer loop
			vertex 9.7591705322266 0.43626993894577 17.219242095947
			vertex 9.9044876098633 0.51643657684326 17.358095169067
			vertex 9.9044876098633 0.96676975488663 17.098094940186
		endloop
	endfacet
	facet normal -0.80320618493259 0.29785077253681 0.51589218038778
		outer loop
			vertex 9.9044876098633 0.51643657684326 17.358095169067
			vertex 10.033390045166 1.0536721944809 17.248613357544
			vertex 9.9044876098633 0.96676975488663 17.098094940186
		endloop
	endfacet
	facet normal -0.80320613605892 0.29785077591902 0.51589225452776
		outer loop
			vertex 9.9044876098633 0.51643657684326 17.358095169067
			vertex 10.033390045166 0.60333895683289 17.508613586426
			vertex 10.033390045166 1.0536721944809 17.248613357544
		endloop
	endfacet
	facet normal -0.85772765578983 0.25705232596202 0.44522732419608
		outer loop
			vertex 10.033390045166 0.60333895683289 17.508613586426
			vertex 10.144636154175 1.1464734077454 17.409349441528
			vertex 10.033390045166 1.0536721944809 17.248613357544
		endloop
	endfacet
	facet normal -0.85772769219134 0.25705232111295 0.44522725686841
		outer loop
			vertex 10.033390045166 0.60333895683289 17.508613586426
			vertex 10.144636154175 0.696140229702 17.66934967041
			vertex 10.144636154175 1.1464734077454 17.409349441528
		endloop
	endfacet
	facet normal -0.90399041948523 0.21377650847404 0.37027142193742
		outer loop
			vertex 10.144636154175 0.696140229702 17.66934967041
			vertex 10.237154006958 0.79394668340683 17.838756561279
			vertex 10.237154006958 1.2442798614502 17.578756332397
		endloop
	endfacet
	facet normal -0.90399041948523 0.21377650847404 0.37027142193742
		outer loop
			vertex 10.144636154175 1.1464734077454 17.409349441528
			vertex 10.144636154175 0.696140229702 17.66934967041
			vertex 10.237154006958 1.2442798614502 17.578756332397
		endloop
	endfacet
	facet normal -0.94154283514702 0.16844676571691 0.29175807907037
		outer loop
			vertex 10.237154006958 0.79394668340683 17.838756561279
			vertex 10.310053825378 1.3461494445801 17.755199432373
			vertex 10.237154006958 1.2442798614502 17.578756332397
		endloop
	endfacet
	facet normal -0.94154283514702 0.16844676571691 0.29175807907037
		outer loop
			vertex 10.237154006958 0.79394668340683 17.838756561279
			vertex 10.310053825378 0.89581626653671 18.015199661255
			vertex 10.310053825378 1.3461494445801 17.755199432373
		endloop
	endfacet
	facet normal -0.97003151800451 0.12148964803124 0.2104260428253
		outer loop
			vertex 10.310053825378 0.89581626653671 18.015199661255
			vertex 10.338525772095 0.95265001058578 18.113637924194
			vertex 10.310053825378 1.3461494445801 17.755199432373
		endloop
	endfacet
	facet normal -0.97003151800451 0.12148964803124 0.2104260428253
		outer loop
			vertex 10.338525772095 0.95265001058578 18.113637924194
			vertex 10.338525772095 1.4029831886292 17.853637695312
			vertex 10.310053825378 1.3461494445801 17.755199432373
		endloop
	endfacet
	facet normal 0 -0.86602548956081 0.49999985143093
		outer loop
			vertex 5.4667000770569 16.075700759888 0.51999998092651
			vertex 5.9867000579834 16.075700759888 0.51999998092651
			vertex 5.9867000579834 20.175699234009 7.6214084625244
		endloop
	endfacet
	facet normal -1 0 0
		outer loop
			vertex 5.4667000770569 16.075700759888 0.51999998092651
			vertex 5.4667000770569 20.175699234009 7.6214084625244
			vertex 5.4667000770569 17.653699874878 0.51999998092651
		endloop
	endfacet
	facet normal -1 0 0
		outer loop
			vertex 5.4667000770569 17.653699874878 0.51999998092651
			vertex 5.4667000770569 20.175699234009 7.6214084625244
			vertex 5.4667000770569 18.354795455933 0.51999998092651
		endloop
	endfacet
	facet normal 1 0 0
		outer loop
			vertex 5.9867000579834 16.075700759888 0.51999998092651
			vertex 5.9867000579834 17.756771087646 0.51999998092651
			vertex 5.9867000579834 20.175699234009 7.6214084625244
		endloop
	endfacet
	facet normal 1 0 0
		outer loop
			vertex 5.9867000579834 17.756771087646 0.51999998092651
			vertex 5.9867000579834 18.256559371948 0.51999998092651
			vertex 5.9867000579834 20.175699234009 7.6214084625244
		endloop
	endfacet
	facet normal -1 0 0
		outer loop
			vertex 5.4667000770569 18.354795455933 0.51999998092651
			vertex 5.4667000770569 20.175699234009 7.6214084625244
			vertex 5.4667000770569 19.363487243652 0.51999998092651
		endloop
	endfacet
	facet normal -1 0 0
		outer loop
			vertex 5.4667000770569 19.363487243652 0.51999998092651
			vertex 5.4667000770569 20.175699234009 7.6214084625244
			vertex 5.4667000770569 19.568960189819 0.51999998092651
		endloop
	endfacet
	facet normal -1 0 0
		outer loop
			vertex 5.4667000770569 19.568960189819 0.51999998092651
			vertex 5.4667000770569 20.175699234009 7.6214084625244
			vertex 5.4667000770569 20.175699234009 0.51999998092651
		endloop
	endfacet
	facet normal 1 0 0
		outer loop
			vertex 5.9867000579834 18.256559371948 0.51999998092651
			vertex 5.9867000579834 19.799884796143 0.51999998092651
			vertex 5.9867000579834 20.175699234009 7.6214084625244
		endloop
	endfacet
	facet normal 0 1 0
		outer loop
			vertex 5.4667000770569 20.175699234009 0.51999998092651
			vertex 5.4667000770569 20.175699234009 7.6214084625244
			vertex 5.9867000579834 20.175699234009 0.51999998092651
		endloop
	endfacet
	facet normal 1 0 0
		outer loop
			vertex 5.9867000579834 19.799884796143 0.51999998092651
			vertex 5.9867000579834 20.175699234009 0.51999998092651
			vertex 5.9867000579834 20.175699234009 7.6214084625244
		endloop
	endfacet
	facet normal 0 -0.86602548956081 0.49999985143093
		outer loop
			vertex 5.4667000770569 16.075700759888 0.51999998092651
			vertex 5.9867000579834 20.175699234009 7.6214084625244
			vertex 5.4667000770569 20.175699234009 7.6214084625244
		endloop
	endfacet
	facet normal 0 1 -0
		outer loop
			vertex 5.9867000579834 20.175699234009 0.51999998092651
			vertex 5.4667000770569 20.175699234009 7.6214084625244
			vertex 5.9867000579834 20.175699234009 7.6214084625244
		endloop
	endfacet
	facet normal 0 -0.86602548956081 0.49999985143093
		outer loop
			vertex 10.41339969635 16.075700759888 0.51999998092651
			vertex 10.933400154114 16.075700759888 0.51999998092651
			vertex 10.933400154114 20.175699234009 7.6214084625244
		endloop
	endfacet
	facet normal -1 0 0
		outer loop
			vertex 10.41339969635 16.075700759888 0.51999998092651
			vertex 10.41339969635 20.175699234009 7.6214084625244
			vertex 10.41339969635 19.968040466309 0.51999998092651
		endloop
	endfacet
	facet normal 1 0 0
		outer loop
			vertex 10.933400154114 16.075700759888 0.51999998092651
			vertex 10.933400154114 17.653699874878 0.51999998092651
			vertex 10.933400154114 20.175699234009 7.6214084625244
		endloop
	endfacet
	facet normal 1 0 0
		outer loop
			vertex 10.933400154114 17.653699874878 0.51999998092651
			vertex 10.933400154114 18.076347351074 0.51999998092651
			vertex 10.933400154114 20.175699234009 7.6214084625244
		endloop
	endfacet
	facet normal 1 0 0
		outer loop
			vertex 10.933400154114 18.076347351074 0.51999998092651
			vertex 10.933400154114 18.465894699097 0.51999998092651
			vertex 10.933400154114 20.175699234009 7.6214084625244
		endloop
	endfacet
	facet normal -1 0 0
		outer loop
			vertex 10.41339969635 19.968040466309 0.51999998092651
			vertex 10.41339969635 20.175699234009 7.6214084625244
			vertex 10.41339969635 20.175699234009 0.51999998092651
		endloop
	endfacet
	facet normal 0 1 0
		outer loop
			vertex 10.41339969635 20.175699234009 0.51999998092651
			vertex 10.41339969635 20.175699234009 7.6214084625244
			vertex 10.933400154114 20.175699234009 0.51999998092651
		endloop
	endfacet
	facet normal 1 0 0
		outer loop
			vertex 10.933400154114 18.465894699097 0.51999998092651
			vertex 10.933400154114 19.614496231079 0.51999998092651
			vertex 10.933400154114 20.175699234009 7.6214084625244
		endloop
	endfacet
	facet normal 1 0 0
		outer loop
			vertex 10.933400154114 19.614496231079 0.51999998092651
			vertex 10.933400154114 20.175699234009 0.51999998092651
			vertex 10.933400154114 20.175699234009 7.6214084625244
		endloop
	endfacet
	facet normal 0 -0.86602548956081 0.49999985143093
		outer loop
			vertex 10.41339969635 16.075700759888 0.51999998092651
			vertex 10.933400154114 20.175699234009 7.6214084625244
			vertex 10.41339969635 20.175699234009 7.6214084625244
		endloop
	endfacet
	facet normal 0 1 -0
		outer loop
			vertex 10.933400154114 20.175699234009 0.51999998092651
			vertex 10.41339969635 20.175699234009 7.6214084625244
			vertex 10.933400154114 20.175699234009 7.6214084625244
		endloop
	endfacet
	facet normal -1 0 0
		outer loop
			vertex 7.4200000762939 0.51999998092651 0.51999998092651
			vertex 7.4200000762939 0.51999998092651 15.418600082397
			vertex 7.4200000762939 0.57716357707977 0.51999998092651
		endloop
	endfacet
	facet normal -1 0 0
		outer loop
			vertex 7.4200000762939 0.57716357707977 0.51999998092651
			vertex 7.4200000762939 0.51999998092651 15.418600082397
			vertex 7.4200000762939 1.3890702724457 0.51999998092651
		endloop
	endfacet
	facet normal 1 0 0
		outer loop
			vertex 7.9400000572205 0.51999998092651 0.51999998092651
			vertex 7.9400000572205 0.58147156238556 0.51999998092651
			vertex 7.9400000572205 0.51999998092651 15.418600082397
		endloop
	endfacet
	facet normal 1 0 -0
		outer loop
			vertex 7.9400000572205 0.58147156238556 0.51999998092651
			vertex 7.9400000572205 1.3036900758743 0.51999998092651
			vertex 7.9400000572205 0.51999998092651 15.418600082397
		endloop
	endfacet
	facet normal -1 0 0
		outer loop
			vertex 7.4200000762939 1.3890702724457 0.51999998092651
			vertex 7.4200000762939 0.51999998092651 15.418600082397
			vertex 7.4200000762939 1.9978398084641 0.51999998092651
		endloop
	endfacet
	facet normal -1 0 0
		outer loop
			vertex 7.4200000762939 1.9978398084641 0.51999998092651
			vertex 7.4200000762939 0.51999998092651 15.418600082397
			vertex 7.4200000762939 2.4792189598083 0.51999998092651
		endloop
	endfacet
	facet normal 1 0 -0
		outer loop
			vertex 7.9400000572205 1.3036900758743 0.51999998092651
			vertex 7.9400000572205 1.9711589813232 0.51999998092651
			vertex 7.9400000572205 0.51999998092651 15.418600082397
		endloop
	endfacet
	facet normal 1 0 -0
		outer loop
			vertex 7.9400000572205 1.9711589813232 0.51999998092651
			vertex 7.9400000572205 2.4678299427032 0.51999998092651
			vertex 7.9400000572205 0.51999998092651 15.418600082397
		endloop
	endfacet
	facet normal -1 0 0
		outer loop
			vertex 7.4200000762939 2.4792189598083 0.51999998092651
			vertex 7.4200000762939 0.51999998092651 15.418600082397
			vertex 7.4200000762939 15.064697265625 0.51999998092651
		endloop
	endfacet
	facet normal 1 0 -0
		outer loop
			vertex 7.9400000572205 2.4678299427032 0.51999998092651
			vertex 7.9400000572205 15.064697265625 0.51999998092651
			vertex 7.9400000572205 0.51999998092651 15.418600082397
		endloop
	endfacet
	facet normal -0 0.71555438149605 0.69855703211821
		outer loop
			vertex 7.4200000762939 0.51999998092651 15.418600082397
			vertex 7.9400000572205 0.51999998092651 15.418600082397
			vertex 7.9400000572205 15.064697265625 0.51999998092651
		endloop
	endfacet
	facet normal 0 0.71555438149605 0.69855703211821
		outer loop
			vertex 7.4200000762939 0.51999998092651 15.418600082397
			vertex 7.9400000572205 15.064697265625 0.51999998092651
			vertex 7.4200000762939 15.064697265625 0.51999998092651
		endloop
	endfacet
	facet normal 1 0 0
		outer loop
			vertex 0.47971498966217 0.99110001325607 0
			vertex 0.47971498966217 1.5309000015259 0.19799999892712
			vertex 0.47971498966217 0.99110001325607 0.19799999892712
		endloop
	endfacet
	facet normal 0 0 -1
		outer loop
			vertex 0.47971498966217 0.99110001325607 0.19799999892712
			vertex 0.47971498966217 1.5309000015259 0.19799999892712
			vertex 0.51214700937271 0.99110001325607 0.19799999892712
		endloop
	endfacet
	facet normal 0 0 -1
		outer loop
			vertex 0.51214700937271 0.99110001325607 0.19799999892712
			vertex 0.47971498966217 1.5309000015259 0.19799999892712
			vertex 0.51720827817917 1.0309898853302 0.19799999892712
		endloop
	endfacet
	facet normal 0 0 -1
		outer loop
			vertex 0.52020001411438 0.99110001325607 0.19799999892712
			vertex 0.51720827817917 1.0309898853302 0.19799999892712
			vertex 0.53878396749496 1.0129635334015 0.19799999892712
		endloop
	endfacet
	facet normal 0 0 -1
		outer loop
			vertex 0.53878396749496 1.0129635334015 0.19799999892712
			vertex 0.51720827817917 1.0309898853302 0.19799999892712
			vertex 0.55461227893829 1.0315849781036 0.19799999892712
		endloop
	endfacet
	facet normal -1 0 0
		outer loop
			vertex 0.56068497896194 1.0315849781036 0
			vertex 0.56068497896194 1.0315849781036 0.19799999892712
			vertex 0.56068497896194 1.4904149770737 0
		endloop
	endfacet
	facet normal 0 0 -1
		outer loop
			vertex 0.51720827817917 1.0309898853302 0.19799999892712
			vertex 0.47971498966217 1.5309000015259 0.19799999892712
			vertex 0.55461227893829 1.0315849781036 0.19799999892712
		endloop
	endfacet
	facet normal 0 0 -1
		outer loop
			vertex 0.55461227893829 1.0315849781036 0.19799999892712
			vertex 0.56068497896194 1.4904149770737 0.19799999892712
			vertex 0.56068497896194 1.0315849781036 0.19799999892712
		endloop
	endfacet
	facet normal 1 0 0
		outer loop
			vertex 0.47971498966217 0.99110001325607 0
			vertex 0.47971498966217 1.5309000015259 0
			vertex 0.47971498966217 1.5309000015259 0.19799999892712
		endloop
	endfacet
	facet normal 0 0 -1
		outer loop
			vertex 0.55461227893829 1.0315849781036 0.19799999892712
			vertex 0.47971498966217 1.5309000015259 0.19799999892712
			vertex 0.48587846755981 1.5309000015259 0.19799999892712
		endloop
	endfacet
	facet normal 0 0 -1
		outer loop
			vertex 0.55461227893829 1.0315849781036 0.19799999892712
			vertex 0.48587846755981 1.5309000015259 0.19799999892712
			vertex 0.49157276749611 1.5309000015259 0.19799999892712
		endloop
	endfacet
	facet normal 0 0 -1
		outer loop
			vertex 0.49726709723473 1.5309000015259 0.19799999892712
			vertex 0.50470703840256 1.5309000015259 0.19799999892712
			vertex 0.52295243740082 1.4909625053406 0.19799999892712
		endloop
	endfacet
	facet normal -1 0 0
		outer loop
			vertex 0.56068497896194 1.0315849781036 0.19799999892712
			vertex 0.56068497896194 1.4904149770737 0.19799999892712
			vertex 0.56068497896194 1.4904149770737 0
		endloop
	endfacet
	facet normal 0 0 -1
		outer loop
			vertex 0.55461227893829 1.0315849781036 0.19799999892712
			vertex 0.49726709723473 1.5309000015259 0.19799999892712
			vertex 0.52295243740082 1.4909625053406 0.19799999892712
		endloop
	endfacet
	facet normal 0 0 -1
		outer loop
			vertex 0.55461227893829 1.0315849781036 0.19799999892712
			vertex 0.49157276749611 1.5309000015259 0.19799999892712
			vertex 0.49726709723473 1.5309000015259 0.19799999892712
		endloop
	endfacet
	facet normal 0 0 -1
		outer loop
			vertex 0.55461227893829 1.0315849781036 0.19799999892712
			vertex 0.52295243740082 1.4909625053406 0.19799999892712
			vertex 0.56068497896194 1.4990903139114 0.19799999892712
		endloop
	endfacet
	facet normal 0 0 -1
		outer loop
			vertex 0.55461227893829 1.0315849781036 0.19799999892712
			vertex 0.56068497896194 1.4990903139114 0.19799999892712
			vertex 0.56068497896194 1.4904149770737 0.19799999892712
		endloop
	endfacet
	facet normal 0 0 -1
		outer loop
			vertex 0.50470703840256 1.5309000015259 0.19799999892712
			vertex 0.51214700937271 1.5309000015259 0.19799999892712
			vertex 0.52295243740082 1.4909625053406 0.19799999892712
		endloop
	endfacet
	facet normal 0 0 -1
		outer loop
			vertex 0.51214700937271 1.5309000015259 0.19799999892712
			vertex 0.52020001411438 1.5309000015259 0.19799999892712
			vertex 0.52295243740082 1.4909625053406 0.19799999892712
		endloop
	endfacet
	facet normal 0 0 -1
		outer loop
			vertex 0.52295243740082 1.4909625053406 0.19799999892712
			vertex 0.5297446846962 1.5234005451202 0.19799999892712
			vertex 0.53569293022156 1.5187269449234 0.19799999892712
		endloop
	endfacet
	facet normal 0 0 -1
		outer loop
			vertex 0.52295243740082 1.4909625053406 0.19799999892712
			vertex 0.53569293022156 1.5187269449234 0.19799999892712
			vertex 0.5473809838295 1.5095435380936 0.19799999892712
		endloop
	endfacet
	facet normal 0 0 -1
		outer loop
			vertex 0.52295243740082 1.4909625053406 0.19799999892712
			vertex 0.5473809838295 1.5095435380936 0.19799999892712
			vertex 0.54882723093033 1.5084072351456 0.19799999892712
		endloop
	endfacet
	facet normal 0 0 -1
		outer loop
			vertex 0.52295243740082 1.4909625053406 0.19799999892712
			vertex 0.54882723093033 1.5084072351456 0.19799999892712
			vertex 0.55151498317719 1.5062953233719 0.19799999892712
		endloop
	endfacet
	facet normal 0 0 -1
		outer loop
			vertex 0.52295243740082 1.4909625053406 0.19799999892712
			vertex 0.55151498317719 1.5062953233719 0.19799999892712
			vertex 0.56068497896194 1.4990903139114 0.19799999892712
		endloop
	endfacet
	facet normal 0 0 -1
		outer loop
			vertex 0.53569293022156 0.95393490791321 0.19799999892712
			vertex 0.54268246889114 0.99336463212967 0.19799999892712
			vertex 0.54882723093033 0.99398356676102 0.19799999892712
		endloop
	endfacet
	facet normal 0 0 -1
		outer loop
			vertex 0.53878396749496 1.0129635334015 0.19799999892712
			vertex 0.55461227893829 1.0315849781036 0.19799999892712
			vertex 0.54882723093033 0.99398356676102 0.19799999892712
		endloop
	endfacet
	facet normal 0 1 0
		outer loop
			vertex 0.52020001411438 0.95061498880386 0
			vertex 0.52020001411438 0.95061498880386 0.19799999892712
			vertex 0.89806002378464 0.95061498880386 0
		endloop
	endfacet
	facet normal 0 -1 0
		outer loop
			vertex 0.56068497896194 1.0315849781036 0
			vertex 0.88129055500031 1.0315849781036 0.19799999892712
			vertex 0.56068497896194 1.0315849781036 0.19799999892712
		endloop
	endfacet
	facet normal 0 0 -1
		outer loop
			vertex 0.52020001411438 0.95061498880386 0.19799999892712
			vertex 0.53569293022156 0.95393490791321 0.19799999892712
			vertex 0.87728613615036 1.0249747037888 0.19799999892712
		endloop
	endfacet
	facet normal 0 0 -1
		outer loop
			vertex 0.53569293022156 0.95393490791321 0.19799999892712
			vertex 0.54882723093033 0.99398356676102 0.19799999892712
			vertex 0.87671709060669 1.02701151371 0.19799999892712
		endloop
	endfacet
	facet normal 0 0 -1
		outer loop
			vertex 0.54882723093033 0.99398356676102 0.19799999892712
			vertex 0.55461227893829 1.0315849781036 0.19799999892712
			vertex 0.87671709060669 1.02701151371 0.19799999892712
		endloop
	endfacet
	facet normal 0 0 -1
		outer loop
			vertex 0.55461227893829 1.0315849781036 0.19799999892712
			vertex 0.56068497896194 1.0315849781036 0.19799999892712
			vertex 0.87671709060669 1.02701151371 0.19799999892712
		endloop
	endfacet
	facet normal 0 0 -1
		outer loop
			vertex 0.52020001411438 0.95061498880386 0.19799999892712
			vertex 0.87728613615036 1.0249747037888 0.19799999892712
			vertex 0.89806002378464 0.95061498880386 0.19799999892712
		endloop
	endfacet
	facet normal 0 0 -1
		outer loop
			vertex 0.53569293022156 0.95393490791321 0.19799999892712
			vertex 0.87671709060669 1.02701151371 0.19799999892712
			vertex 0.87728613615036 1.0249747037888 0.19799999892712
		endloop
	endfacet
	facet normal -0 1 0
		outer loop
			vertex 0.52020001411438 0.95061498880386 0.19799999892712
			vertex 0.89806002378464 0.95061498880386 0.19799999892712
			vertex 0.89806002378464 0.95061498880386 0
		endloop
	endfacet
	facet normal 0 -1 0
		outer loop
			vertex 0.56068497896194 1.0315849781036 0
			vertex 0.88129055500031 1.0315849781036 0
			vertex 0.88129055500031 1.0315849781036 0.19799999892712
		endloop
	endfacet
	facet normal 0 0 -1
		outer loop
			vertex 0.56068497896194 1.0315849781036 0.19799999892712
			vertex 0.88129055500031 1.0315849781036 0.19799999892712
			vertex 0.87671709060669 1.02701151371 0.19799999892712
		endloop
	endfacet
	facet normal 0 0 -1
		outer loop
			vertex 0.87671709060669 1.02701151371 0.19799999892712
			vertex 0.87774527072906 1.0252814292908 0.19799999892712
			vertex 0.87728613615036 1.0249747037888 0.19799999892712
		endloop
	endfacet
	facet normal 0 0 -1
		outer loop
			vertex 0.87671709060669 1.02701151371 0.19799999892712
			vertex 0.88129055500031 1.0315849781036 0.19799999892712
			vertex 0.88256704807281 1.0285032987595 0.19799999892712
		endloop
	endfacet
	facet normal 0 0 -1
		outer loop
			vertex 0.87671709060669 1.02701151371 0.19799999892712
			vertex 0.88256704807281 1.0285032987595 0.19799999892712
			vertex 0.87774527072906 1.0252814292908 0.19799999892712
		endloop
	endfacet
	facet normal 0 0 -1
		outer loop
			vertex 0.88129055500031 1.0315849781036 0.19799999892712
			vertex 0.91609698534012 1.0157134532928 0.19799999892712
			vertex 0.88256704807281 1.0285032987595 0.19799999892712
		endloop
	endfacet
	facet normal 0.70710678118655 -0.70710678118655 0
		outer loop
			vertex 0.88129055500031 1.0315849781036 0
			vertex 1.0195150375366 1.16980946064 0.19799999892712
			vertex 0.88129055500031 1.0315849781036 0.19799999892712
		endloop
	endfacet
	facet normal -0.70710678118655 0.70710678118655 0
		outer loop
			vertex 0.92668724060059 0.96247279644012 0
			vertex 0.92668724060059 0.96247279644012 0.19799999892712
			vertex 1.0886272192001 1.1244127750397 0.19799999892712
		endloop
	endfacet
	facet normal 0 0 -1
		outer loop
			vertex 0.88256704807281 1.0285032987595 0.19799999892712
			vertex 0.91609698534012 1.0157134532928 0.19799999892712
			vertex 0.89806002378464 0.99110001325607 0.19799999892712
		endloop
	endfacet
	facet normal 0 0 -1
		outer loop
			vertex 0.92668724060059 0.96247279644012 0.19799999892712
			vertex 0.91609698534012 1.0157134532928 0.19799999892712
			vertex 1.0372339487076 1.1204965114594 0.19799999892712
		endloop
	endfacet
	facet normal 0 0 -1
		outer loop
			vertex 0.88129055500031 1.0315849781036 0.19799999892712
			vertex 1.0195150375366 1.1568390130997 0.19799999892712
			vertex 0.91609698534012 1.0157134532928 0.19799999892712
		endloop
	endfacet
	facet normal 0 0 -1
		outer loop
			vertex 0.91609698534012 1.0157134532928 0.19799999892712
			vertex 1.0195150375366 1.1568390130997 0.19799999892712
			vertex 1.0372339487076 1.1204965114594 0.19799999892712
		endloop
	endfacet
	facet normal 0 0 -1
		outer loop
			vertex 0.92668724060059 0.96247279644012 0.19799999892712
			vertex 1.0372339487076 1.1204965114594 0.19799999892712
			vertex 1.0886272192001 1.1244127750397 0.19799999892712
		endloop
	endfacet
	facet normal 0.70710678118655 -0.70710678118655 0
		outer loop
			vertex 0.88129055500031 1.0315849781036 0
			vertex 1.0195150375366 1.16980946064 0
			vertex 1.0195150375366 1.16980946064 0.19799999892712
		endloop
	endfacet
	facet normal 0 0 -1
		outer loop
			vertex 0.88129055500031 1.0315849781036 0.19799999892712
			vertex 1.0195150375366 1.16980946064 0.19799999892712
			vertex 1.0195150375366 1.1568390130997 0.19799999892712
		endloop
	endfacet
	facet normal -0.70710678118655 0.70710678118655 0
		outer loop
			vertex 0.92668724060059 0.96247279644012 0
			vertex 1.0886272192001 1.1244127750397 0.19799999892712
			vertex 1.0886272192001 1.1244127750397 0
		endloop
	endfacet
	facet normal 0 0 -1
		outer loop
			vertex 1.0195150375366 1.1568390130997 0.19799999892712
			vertex 1.0313727855682 1.155726313591 0.19799999892712
			vertex 1.0372339487076 1.1204965114594 0.19799999892712
		endloop
	endfacet
	facet normal 0 0 -1
		outer loop
			vertex 1.0372339487076 1.1204965114594 0.19799999892712
			vertex 1.0599999427795 1.1530400514603 0.19799999892712
			vertex 1.0886272192001 1.1244127750397 0.19799999892712
		endloop
	endfacet
	facet normal 1 0 0
		outer loop
			vertex 1.0195150375366 1.16980946064 0
			vertex 1.0195150375366 1.3521906137466 0.19799999892712
			vertex 1.0195150375366 1.16980946064 0.19799999892712
		endloop
	endfacet
	facet normal 0 0 -1
		outer loop
			vertex 1.0195150375366 1.1568390130997 0.19799999892712
			vertex 1.0195150375366 1.16980946064 0.19799999892712
			vertex 1.0295766592026 1.3421288728714 0.19799999892712
		endloop
	endfacet
	facet normal 1 0 0
		outer loop
			vertex 1.0195150375366 1.16980946064 0
			vertex 1.0195150375366 1.3521906137466 0
			vertex 1.0195150375366 1.3521906137466 0.19799999892712
		endloop
	endfacet
	facet normal 0 0 -1
		outer loop
			vertex 1.0195150375366 1.16980946064 0.19799999892712
			vertex 1.0195150375366 1.3521906137466 0.19799999892712
			vertex 1.0295766592026 1.3421288728714 0.19799999892712
		endloop
	endfacet
	facet normal -1 0 0
		outer loop
			vertex 1.1004849672318 1.1530400514603 0
			vertex 1.1004849672318 1.1530400514603 0.19799999892712
			vertex 1.1004849672318 1.3689600229263 0
		endloop
	endfacet
	facet normal 0 0 -1
		outer loop
			vertex 1.0195150375366 1.1568390130997 0.19799999892712
			vertex 1.0295766592026 1.3421288728714 0.19799999892712
			vertex 1.0313727855682 1.155726313591 0.19799999892712
		endloop
	endfacet
	facet normal 0 0 -1
		outer loop
			vertex 1.0313727855682 1.155726313591 0.19799999892712
			vertex 1.0295766592026 1.3421288728714 0.19799999892712
			vertex 1.0599999427795 1.1530400514603 0.19799999892712
		endloop
	endfacet
	facet normal 0 0 -1
		outer loop
			vertex 1.0599999427795 1.1530400514603 0.19799999892712
			vertex 1.0295766592026 1.3421288728714 0.19799999892712
			vertex 1.0943214893341 1.1530400514603 0.19799999892712
		endloop
	endfacet
	facet normal -0 0 -1
		outer loop
			vertex 1.0974032878876 1.161257982254 0.19799999892712
			vertex 1.0943214893341 1.1530400514603 0.19799999892712
			vertex 1.0295766592026 1.3421288728714 0.19799999892712
		endloop
	endfacet
	facet normal 0 0 -1
		outer loop
			vertex 1.0974032878876 1.161257982254 0.19799999892712
			vertex 1.1004849672318 1.3689600229263 0.19799999892712
			vertex 1.1004849672318 1.1530400514603 0.19799999892712
		endloop
	endfacet
	facet normal -1 0 0
		outer loop
			vertex 1.1004849672318 1.1530400514603 0.19799999892712
			vertex 1.1004849672318 1.3689600229263 0.19799999892712
			vertex 1.1004849672318 1.3689600229263 0
		endloop
	endfacet
	facet normal 0 0 -1
		outer loop
			vertex 1.0974032878876 1.161257982254 0.19799999892712
			vertex 1.0295766592026 1.3421288728714 0.19799999892712
			vertex 1.0300524234772 1.3423088788986 0.19799999892712
		endloop
	endfacet
	facet normal 0 0 -1
		outer loop
			vertex 1.0974032878876 1.161257982254 0.19799999892712
			vertex 1.0300524234772 1.3423088788986 0.19799999892712
			vertex 1.1004849672318 1.3689600229263 0.19799999892712
		endloop
	endfacet
	facet normal 0 -0 -1
		outer loop
			vertex 1.0299516916275 1.3424596786499 0.19799999892712
			vertex 1.0300524234772 1.3423088788986 0.19799999892712
			vertex 1.0295766592026 1.3421288728714 0.19799999892712
		endloop
	endfacet
	facet normal 0.70710647627041 0.70710708610256 0
		outer loop
			vertex 0.88129055500031 1.4904149770737 0.19799999892712
			vertex 1.0195150375366 1.3521906137466 0.19799999892712
			vertex 1.0195150375366 1.3521906137466 0
		endloop
	endfacet
	facet normal 0 0 -1
		outer loop
			vertex 0.89426106214523 1.4904149770737 0.19799999892712
			vertex 1.0225967168808 1.3534671068192 0.19799999892712
			vertex 1.0195150375366 1.3521906137466 0.19799999892712
		endloop
	endfacet
	facet normal 0 0 -1
		outer loop
			vertex 0.89426106214523 1.4904149770737 0.19799999892712
			vertex 1.0313727855682 1.3899382352829 0.19799999892712
			vertex 1.0225967168808 1.3534671068192 0.19799999892712
		endloop
	endfacet
	facet normal 0 -0 -1
		outer loop
			vertex 1.0225967168808 1.3534671068192 0.19799999892712
			vertex 1.0295766592026 1.3421288728714 0.19799999892712
			vertex 1.0195150375366 1.3521906137466 0.19799999892712
		endloop
	endfacet
	facet normal 0.70710647627041 0.70710708610256 -0
		outer loop
			vertex 0.88129055500031 1.4904149770737 0
			vertex 0.88129055500031 1.4904149770737 0.19799999892712
			vertex 1.0195150375366 1.3521906137466 0
		endloop
	endfacet
	facet normal -0.70710678118655 -0.70710678118655 0
		outer loop
			vertex 0.92668724060059 1.5595271587372 0
			vertex 1.0886272192001 1.3975871801376 0.19799999892712
			vertex 0.92668724060059 1.5595271587372 0.19799999892712
		endloop
	endfacet
	facet normal 0 0 -1
		outer loop
			vertex 0.88129055500031 1.4904149770737 0.19799999892712
			vertex 0.89426106214523 1.4904149770737 0.19799999892712
			vertex 1.0195150375366 1.3521906137466 0.19799999892712
		endloop
	endfacet
	facet normal 0 -0 -1
		outer loop
			vertex 0.89433062076569 1.4911568164825 0.19799999892712
			vertex 1.075492978096 1.4038600921631 0.19799999892712
			vertex 0.89426106214523 1.4904149770737 0.19799999892712
		endloop
	endfacet
	facet normal 0 0 -1
		outer loop
			vertex 0.89433062076569 1.4911568164825 0.19799999892712
			vertex 0.89806002378464 1.5309000015259 0.19799999892712
			vertex 0.92668724060059 1.5108735561371 0.19799999892712
		endloop
	endfacet
	facet normal 0 0 -1
		outer loop
			vertex 0.89433062076569 1.4911568164825 0.19799999892712
			vertex 0.92668724060059 1.5108735561371 0.19799999892712
			vertex 1.075492978096 1.4038600921631 0.19799999892712
		endloop
	endfacet
	facet normal 0 0 -1
		outer loop
			vertex 0.92668724060059 1.5108735561371 0.19799999892712
			vertex 0.92668724060059 1.5595271587372 0.19799999892712
			vertex 1.0886272192001 1.3975871801376 0.19799999892712
		endloop
	endfacet
	facet normal 0 0 -1
		outer loop
			vertex 0.89426106214523 1.4904149770737 0.19799999892712
			vertex 1.075492978096 1.4038600921631 0.19799999892712
			vertex 1.0313727855682 1.3899382352829 0.19799999892712
		endloop
	endfacet
	facet normal 0 0 -1
		outer loop
			vertex 1.0225967168808 1.3534671068192 0.19799999892712
			vertex 1.0299516916275 1.3424596786499 0.19799999892712
			vertex 1.0295766592026 1.3421288728714 0.19799999892712
		endloop
	endfacet
	facet normal 0 0 -1
		outer loop
			vertex 1.0225967168808 1.3534671068192 0.19799999892712
			vertex 1.0313727855682 1.3899382352829 0.19799999892712
			vertex 1.0282909870148 1.3558256626129 0.19799999892712
		endloop
	endfacet
	facet normal 0 0 -1
		outer loop
			vertex 1.0313727855682 1.3899382352829 0.19799999892712
			vertex 1.075492978096 1.4038600921631 0.19799999892712
			vertex 1.0599999427795 1.3689600229263 0.19799999892712
		endloop
	endfacet
	facet normal -0 0 -1
		outer loop
			vertex 1.0667169094086 1.3756768703461 0.19799999892712
			vertex 1.0599999427795 1.3689600229263 0.19799999892712
			vertex 1.075492978096 1.4038600921631 0.19799999892712
		endloop
	endfacet
	facet normal -0.70710678118655 -0.70710678118655 0
		outer loop
			vertex 0.92668724060059 1.5595271587372 0
			vertex 1.0886272192001 1.3975871801376 0
			vertex 1.0886272192001 1.3975871801376 0.19799999892712
		endloop
	endfacet
	facet normal 0 0 -1
		outer loop
			vertex 0.92668724060059 1.5108735561371 0.19799999892712
			vertex 1.0886272192001 1.3975871801376 0.19799999892712
			vertex 1.075492978096 1.4038600921631 0.19799999892712
		endloop
	endfacet
	facet normal 0 0 -1
		outer loop
			vertex 0.52020001411438 1.5309000015259 0.19799999892712
			vertex 0.53569293022156 1.5437190532684 0.19799999892712
			vertex 0.5297446846962 1.5234005451202 0.19799999892712
		endloop
	endfacet
	facet normal 0 0 -1
		outer loop
			vertex 0.52020001411438 1.5309000015259 0.19799999892712
			vertex 0.52020001411438 1.5713850259781 0.19799999892712
			vertex 0.53569293022156 1.5437190532684 0.19799999892712
		endloop
	endfacet
	facet normal 0 -0 -1
		outer loop
			vertex 0.5543087720871 1.5104764699936 0.19799999892712
			vertex 0.56068497896194 1.4990903139114 0.19799999892712
			vertex 0.55151498317719 1.5062953233719 0.19799999892712
		endloop
	endfacet
	facet normal 0 1 0
		outer loop
			vertex 0.56068497896194 1.4904149770737 0
			vertex 0.56068497896194 1.4904149770737 0.19799999892712
			vertex 0.88129055500031 1.4904149770737 0
		endloop
	endfacet
	facet normal 0 -1 0
		outer loop
			vertex 0.52020001411438 1.5713850259781 0
			vertex 0.89806002378464 1.5713850259781 0.19799999892712
			vertex 0.52020001411438 1.5713850259781 0.19799999892712
		endloop
	endfacet
	facet normal 0 0 -1
		outer loop
			vertex 0.56068497896194 1.4904149770737 0.19799999892712
			vertex 0.56068497896194 1.4990903139114 0.19799999892712
			vertex 0.88129055500031 1.4904149770737 0.19799999892712
		endloop
	endfacet
	facet normal 0 0 -1
		outer loop
			vertex 0.5543087720871 1.5104764699936 0.19799999892712
			vertex 0.54882723093033 1.5202649831772 0.19799999892712
			vertex 0.88261252641678 1.5680748224258 0.19799999892712
		endloop
	endfacet
	facet normal 0 0 -1
		outer loop
			vertex 0.5543087720871 1.5104764699936 0.19799999892712
			vertex 0.88256704807281 1.5680650472641 0.19799999892712
			vertex 0.56068497896194 1.4990903139114 0.19799999892712
		endloop
	endfacet
	facet normal 0 0 -1
		outer loop
			vertex 0.54327684640884 1.530176281929 0.19799999892712
			vertex 0.53569293022156 1.5437190532684 0.19799999892712
			vertex 0.88261252641678 1.5680748224258 0.19799999892712
		endloop
	endfacet
	facet normal 0 0 -1
		outer loop
			vertex 0.52020001411438 1.5713850259781 0.19799999892712
			vertex 0.89806002378464 1.5713850259781 0.19799999892712
			vertex 0.53569293022156 1.5437190532684 0.19799999892712
		endloop
	endfacet
	facet normal 0 0 -1
		outer loop
			vertex 0.54327684640884 1.530176281929 0.19799999892712
			vertex 0.88261252641678 1.5680748224258 0.19799999892712
			vertex 0.54882723093033 1.5202649831772 0.19799999892712
		endloop
	endfacet
	facet normal -0 1 0
		outer loop
			vertex 0.56068497896194 1.4904149770737 0.19799999892712
			vertex 0.88129055500031 1.4904149770737 0.19799999892712
			vertex 0.88129055500031 1.4904149770737 0
		endloop
	endfacet
	facet normal 0 -1 0
		outer loop
			vertex 0.52020001411438 1.5713850259781 0
			vertex 0.89806002378464 1.5713850259781 0
			vertex 0.89806002378464 1.5713850259781 0.19799999892712
		endloop
	endfacet
	facet normal 0 0 -1
		outer loop
			vertex 0.56068497896194 1.4990903139114 0.19799999892712
			vertex 0.89426106214523 1.4904149770737 0.19799999892712
			vertex 0.88129055500031 1.4904149770737 0.19799999892712
		endloop
	endfacet
	facet normal 0 0 -1
		outer loop
			vertex 0.56068497896194 1.4990903139114 0.19799999892712
			vertex 0.89433062076569 1.4911568164825 0.19799999892712
			vertex 0.89426106214523 1.4904149770737 0.19799999892712
		endloop
	endfacet
	facet normal 0 0 -1
		outer loop
			vertex 0.56068497896194 1.4990903139114 0.19799999892712
			vertex 0.87554925680161 1.5287775993347 0.19799999892712
			vertex 0.89433062076569 1.4911568164825 0.19799999892712
		endloop
	endfacet
	facet normal 0 0 -1
		outer loop
			vertex 0.56068497896194 1.4990903139114 0.19799999892712
			vertex 0.88256704807281 1.5680650472641 0.19799999892712
			vertex 0.87554925680161 1.5287775993347 0.19799999892712
		endloop
	endfacet
	facet normal 0 0 -1
		outer loop
			vertex 0.5543087720871 1.5104764699936 0.19799999892712
			vertex 0.88261252641678 1.5680748224258 0.19799999892712
			vertex 0.88256704807281 1.5680650472641 0.19799999892712
		endloop
	endfacet
	facet normal 0 0 -1
		outer loop
			vertex 0.53569293022156 1.5437190532684 0.19799999892712
			vertex 0.89806002378464 1.5713850259781 0.19799999892712
			vertex 0.88261252641678 1.5680748224258 0.19799999892712
		endloop
	endfacet
	facet normal 0 0 -1
		outer loop
			vertex 0.89433062076569 1.4911568164825 0.19799999892712
			vertex 0.87554925680161 1.5287775993347 0.19799999892712
			vertex 0.88256704807281 1.5294392108917 0.19799999892712
		endloop
	endfacet
	facet normal 0 0 -1
		outer loop
			vertex 0.88261252641678 1.5680748224258 0.19799999892712
			vertex 0.89806002378464 1.5713850259781 0.19799999892712
			vertex 0.89806002378464 1.5309000015259 0.19799999892712
		endloop
	endfacet
	facet normal 0 0 -1
		outer loop
			vertex 0.48587846755981 1.5309000015259 0.19799999892712
			vertex 0.48279672861099 1.5463929176331 0.19799999892712
			vertex 0.49157276749611 1.5309000015259 0.19799999892712
		endloop
	endfacet
	facet normal 0 0 -1
		outer loop
			vertex 0.49157276749611 1.5309000015259 0.19799999892712
			vertex 0.48279672861099 1.5463929176331 0.19799999892712
			vertex 0.49157276749611 1.5595271587372 0.19799999892712
		endloop
	endfacet
	facet normal 0 0 -1
		outer loop
			vertex 0.50470703840256 1.5309000015259 0.19799999892712
			vertex 0.49157276749611 1.5595271587372 0.19799999892712
			vertex 0.50470703840256 1.5683032274246 0.19799999892712
		endloop
	endfacet
	facet normal 0 0 -1
		outer loop
			vertex 0.49726709723473 1.5309000015259 0.19799999892712
			vertex 0.49157276749611 1.5595271587372 0.19799999892712
			vertex 0.50470703840256 1.5309000015259 0.19799999892712
		endloop
	endfacet
	facet normal 0 0 -1
		outer loop
			vertex 0.51214700937271 1.5309000015259 0.19799999892712
			vertex 0.50470703840256 1.5683032274246 0.19799999892712
			vertex 0.52020001411438 1.5713850259781 0.19799999892712
		endloop
	endfacet
	facet normal 0 0 -1
		outer loop
			vertex 0.5297446846962 1.5234005451202 0.19799999892712
			vertex 0.53569293022156 1.5437190532684 0.19799999892712
			vertex 0.53569293022156 1.5187269449234 0.19799999892712
		endloop
	endfacet
	facet normal 0 0 -1
		outer loop
			vertex 0.51214700937271 1.5309000015259 0.19799999892712
			vertex 0.52020001411438 1.5713850259781 0.19799999892712
			vertex 0.52020001411438 1.5309000015259 0.19799999892712
		endloop
	endfacet
	facet normal 0 0 -1
		outer loop
			vertex 0.5473809838295 1.5095435380936 0.19799999892712
			vertex 0.54882723093033 1.5202649831772 0.19799999892712
			vertex 0.54882723093033 1.5084072351456 0.19799999892712
		endloop
	endfacet
	facet normal 0 0 -1
		outer loop
			vertex 0.54327684640884 1.530176281929 0.19799999892712
			vertex 0.54882723093033 1.5202649831772 0.19799999892712
			vertex 0.5473809838295 1.5095435380936 0.19799999892712
		endloop
	endfacet
	facet normal 0.55557152161362 0.8314687512901 -0
		outer loop
			vertex 0.49157276749611 0.96247279644012 0
			vertex 0.49157276749611 0.96247279644012 0.19799999892712
			vertex 0.50470703840256 0.95369672775269 0
		endloop
	endfacet
	facet normal 0.83146904047683 0.55557108881631 0
		outer loop
			vertex 0.49157276749611 0.96247279644012 0
			vertex 0.48279672861099 0.97560703754425 0
			vertex 0.48279672861099 0.97560703754425 0.19799999892712
		endloop
	endfacet
	facet normal 0.19508832592883 0.98078567744757 -0
		outer loop
			vertex 0.50470703840256 0.95369672775269 0
			vertex 0.50470703840256 0.95369672775269 0.19799999892712
			vertex 0.51999998092651 0.95065480470657 0
		endloop
	endfacet
	facet normal 0.98078534736063 0.19508998539827 -0
		outer loop
			vertex 0.47971498966217 0.99110001325607 0
			vertex 0.47971498966217 0.99110001325607 0.19799999892712
			vertex 0.48279672861099 0.97560703754425 0
		endloop
	endfacet
	facet normal 0.98078534736063 0.19508998539827 -0
		outer loop
			vertex 0.48279672861099 0.97560703754425 0
			vertex 0.47971498966217 0.99110001325607 0.19799999892712
			vertex 0.48279672861099 0.97560703754425 0.19799999892712
		endloop
	endfacet
	facet normal 0.83146904047683 0.55557108881631 -0
		outer loop
			vertex 0.49157276749611 0.96247279644012 0
			vertex 0.48279672861099 0.97560703754425 0.19799999892712
			vertex 0.49157276749611 0.96247279644012 0.19799999892712
		endloop
	endfacet
	facet normal 0.55557152161362 0.8314687512901 -0
		outer loop
			vertex 0.50470703840256 0.95369672775269 0
			vertex 0.49157276749611 0.96247279644012 0.19799999892712
			vertex 0.50470703840256 0.95369672775269 0.19799999892712
		endloop
	endfacet
	facet normal 0 0 -1
		outer loop
			vertex 0.49157276749611 0.96247279644012 0.19799999892712
			vertex 0.48279672861099 0.97560703754425 0.19799999892712
			vertex 0.51214700937271 0.99110001325607 0.19799999892712
		endloop
	endfacet
	facet normal 0 0 -1
		outer loop
			vertex 0.50470703840256 0.95369672775269 0.19799999892712
			vertex 0.51214700937271 0.99110001325607 0.19799999892712
			vertex 0.52020001411438 0.95061498880386 0.19799999892712
		endloop
	endfacet
	facet normal 0 0 -1
		outer loop
			vertex 0.49157276749611 0.96247279644012 0.19799999892712
			vertex 0.51214700937271 0.99110001325607 0.19799999892712
			vertex 0.50470703840256 0.95369672775269 0.19799999892712
		endloop
	endfacet
	facet normal 0 0 -1
		outer loop
			vertex 0.47971498966217 0.99110001325607 0.19799999892712
			vertex 0.51214700937271 0.99110001325607 0.19799999892712
			vertex 0.48279672861099 0.97560703754425 0.19799999892712
		endloop
	endfacet
	facet normal 0.19521685023802 0.98076010389042 0
		outer loop
			vertex 0.51999998092651 0.95065480470657 0
			vertex 0.52020001411438 0.95061498880386 0.19799999892712
			vertex 0.52020001411438 0.95061498880386 0
		endloop
	endfacet
	facet normal 0.19508998539827 0.98078534736062 1.3324378798363e-07
		outer loop
			vertex 0.50470703840256 0.95369672775269 0.19799999892712
			vertex 0.52020001411438 0.95061498880386 0.19799999892712
			vertex 0.51999998092651 0.95065480470657 0
		endloop
	endfacet
	facet normal 0 0 -1
		outer loop
			vertex 0.52020001411438 0.95061498880386 0.19799999892712
			vertex 0.52020001411438 0.99110001325607 0.19799999892712
			vertex 0.53878396749496 1.0129635334015 0.19799999892712
		endloop
	endfacet
	facet normal 0 0 -1
		outer loop
			vertex 0.51214700937271 0.99110001325607 0.19799999892712
			vertex 0.52020001411438 0.99110001325607 0.19799999892712
			vertex 0.52020001411438 0.95061498880386 0.19799999892712
		endloop
	endfacet
	facet normal 0 0 -1
		outer loop
			vertex 0.52020001411438 0.95061498880386 0.19799999892712
			vertex 0.53878396749496 1.0129635334015 0.19799999892712
			vertex 0.53569293022156 0.95393490791321 0.19799999892712
		endloop
	endfacet
	facet normal 0 0 -1
		outer loop
			vertex 0.51214700937271 0.99110001325607 0.19799999892712
			vertex 0.51720827817917 1.0309898853302 0.19799999892712
			vertex 0.52020001411438 0.99110001325607 0.19799999892712
		endloop
	endfacet
	facet normal 0 0 -1
		outer loop
			vertex 0.54268246889114 0.99336463212967 0.19799999892712
			vertex 0.53878396749496 1.0129635334015 0.19799999892712
			vertex 0.54882723093033 0.99398356676102 0.19799999892712
		endloop
	endfacet
	facet normal 0 0 -1
		outer loop
			vertex 0.53569293022156 0.95393490791321 0.19799999892712
			vertex 0.53878396749496 1.0129635334015 0.19799999892712
			vertex 0.54268246889114 0.99336463212967 0.19799999892712
		endloop
	endfacet
	facet normal 0 -0 -1
		outer loop
			vertex 0.87774527072906 1.0252814292908 0.19799999892712
			vertex 0.89806002378464 0.95061498880386 0.19799999892712
			vertex 0.87728613615036 1.0249747037888 0.19799999892712
		endloop
	endfacet
	facet normal 0 0 -1
		outer loop
			vertex 0.87774527072906 1.0252814292908 0.19799999892712
			vertex 0.88256704807281 1.0285032987595 0.19799999892712
			vertex 0.89806002378464 0.95061498880386 0.19799999892712
		endloop
	endfacet
	facet normal 0 0 -1
		outer loop
			vertex 0.88256704807281 1.0285032987595 0.19799999892712
			vertex 0.89806002378464 0.99110001325607 0.19799999892712
			vertex 0.89806002378464 0.95061498880386 0.19799999892712
		endloop
	endfacet
	facet normal -0.19509070738589 0.98078520374834 0
		outer loop
			vertex 0.89806002378464 0.95061498880386 0
			vertex 0.89806002378464 0.95061498880386 0.19799999892712
			vertex 0.91355293989182 0.95369672775269 0
		endloop
	endfacet
	facet normal -0.55557065009745 0.83146933361988 0
		outer loop
			vertex 0.92668724060059 0.96247279644012 0
			vertex 0.91355293989182 0.95369672775269 0
			vertex 0.91355293989182 0.95369672775269 0.19799999892712
		endloop
	endfacet
	facet normal -0.19509070738589 0.98078520374834 0
		outer loop
			vertex 0.91355293989182 0.95369672775269 0
			vertex 0.89806002378464 0.95061498880386 0.19799999892712
			vertex 0.91355293989182 0.95369672775269 0.19799999892712
		endloop
	endfacet
	facet normal -0.55557065009745 0.83146933361988 0
		outer loop
			vertex 0.92668724060059 0.96247279644012 0
			vertex 0.91355293989182 0.95369672775269 0.19799999892712
			vertex 0.92668724060059 0.96247279644012 0.19799999892712
		endloop
	endfacet
	facet normal 0 0 -1
		outer loop
			vertex 0.89806002378464 0.95061498880386 0.19799999892712
			vertex 0.89806002378464 0.99110001325607 0.19799999892712
			vertex 0.91355293989182 0.95369672775269 0.19799999892712
		endloop
	endfacet
	facet normal -0 0 -1
		outer loop
			vertex 0.92668724060059 0.96247279644012 0.19799999892712
			vertex 0.91355293989182 0.95369672775269 0.19799999892712
			vertex 0.91609698534012 1.0157134532928 0.19799999892712
		endloop
	endfacet
	facet normal 0 0 -1
		outer loop
			vertex 0.91355293989182 0.95369672775269 0.19799999892712
			vertex 0.89806002378464 0.99110001325607 0.19799999892712
			vertex 0.91609698534012 1.0157134532928 0.19799999892712
		endloop
	endfacet
	facet normal -0.9807862129449 0.195085633754 0
		outer loop
			vertex 1.0974032878876 1.1375470161438 0
			vertex 1.0974032878876 1.1375470161438 0.19799999892712
			vertex 1.1004849672318 1.1530400514603 0
		endloop
	endfacet
	facet normal -0.83146816895758 0.55557239313192 0
		outer loop
			vertex 1.0886272192001 1.1244127750397 0
			vertex 1.0886272192001 1.1244127750397 0.19799999892712
			vertex 1.0974032878876 1.1375470161438 0
		endloop
	endfacet
	facet normal -0.83146816895758 0.55557239313192 0
		outer loop
			vertex 1.0974032878876 1.1375470161438 0
			vertex 1.0886272192001 1.1244127750397 0.19799999892712
			vertex 1.0974032878876 1.1375470161438 0.19799999892712
		endloop
	endfacet
	facet normal -0.9807862129449 0.195085633754 0
		outer loop
			vertex 1.1004849672318 1.1530400514603 0
			vertex 1.0974032878876 1.1375470161438 0.19799999892712
			vertex 1.1004849672318 1.1530400514603 0.19799999892712
		endloop
	endfacet
	facet normal 0 0 -1
		outer loop
			vertex 1.0372339487076 1.1204965114594 0.19799999892712
			vertex 1.0313727855682 1.155726313591 0.19799999892712
			vertex 1.0599999427795 1.1530400514603 0.19799999892712
		endloop
	endfacet
	facet normal 0 0 -1
		outer loop
			vertex 1.0886272192001 1.1244127750397 0.19799999892712
			vertex 1.0599999427795 1.1530400514603 0.19799999892712
			vertex 1.0943214893341 1.1530400514603 0.19799999892712
		endloop
	endfacet
	facet normal 0 0 -1
		outer loop
			vertex 1.0886272192001 1.1244127750397 0.19799999892712
			vertex 1.0943214893341 1.1530400514603 0.19799999892712
			vertex 1.0974032878876 1.1375470161438 0.19799999892712
		endloop
	endfacet
	facet normal 0 0 -1
		outer loop
			vertex 1.0974032878876 1.1375470161438 0.19799999892712
			vertex 1.0943214893341 1.1530400514603 0.19799999892712
			vertex 1.0974032878876 1.161257982254 0.19799999892712
		endloop
	endfacet
	facet normal 0 0 -1
		outer loop
			vertex 1.0974032878876 1.1375470161438 0.19799999892712
			vertex 1.0974032878876 1.161257982254 0.19799999892712
			vertex 1.1004849672318 1.1530400514603 0.19799999892712
		endloop
	endfacet
	facet normal -0.9807859257324 -0.19508707769927 0
		outer loop
			vertex 1.1004849672318 1.3689600229263 0
			vertex 1.1004849672318 1.3689600229263 0.19799999892712
			vertex 1.0974032878876 1.3844529390335 0
		endloop
	endfacet
	facet normal -0.83146816895758 -0.55557239313192 0
		outer loop
			vertex 1.0886272192001 1.3975871801376 0
			vertex 1.0974032878876 1.3844529390335 0
			vertex 1.0974032878876 1.3844529390335 0.19799999892712
		endloop
	endfacet
	facet normal -0.83146816895758 -0.55557239313192 0
		outer loop
			vertex 1.0886272192001 1.3975871801376 0
			vertex 1.0974032878876 1.3844529390335 0.19799999892712
			vertex 1.0886272192001 1.3975871801376 0.19799999892712
		endloop
	endfacet
	facet normal -0.9807859257324 -0.19508707769927 0
		outer loop
			vertex 1.0974032878876 1.3844529390335 0
			vertex 1.1004849672318 1.3689600229263 0.19799999892712
			vertex 1.0974032878876 1.3844529390335 0.19799999892712
		endloop
	endfacet
	facet normal 0 0 -1
		outer loop
			vertex 1.0225967168808 1.3534671068192 0.19799999892712
			vertex 1.0282909870148 1.3558256626129 0.19799999892712
			vertex 1.0299516916275 1.3424596786499 0.19799999892712
		endloop
	endfacet
	facet normal 0 0 -1
		outer loop
			vertex 1.0282909870148 1.3558256626129 0.19799999892712
			vertex 1.0300524234772 1.3423088788986 0.19799999892712
			vertex 1.0299516916275 1.3424596786499 0.19799999892712
		endloop
	endfacet
	facet normal 0 0 -1
		outer loop
			vertex 1.0300524234772 1.3423088788986 0.19799999892712
			vertex 1.0313727855682 1.3899382352829 0.19799999892712
			vertex 1.0599999427795 1.3689600229263 0.19799999892712
		endloop
	endfacet
	facet normal 0 0 -1
		outer loop
			vertex 1.0282909870148 1.3558256626129 0.19799999892712
			vertex 1.0313727855682 1.3899382352829 0.19799999892712
			vertex 1.0300524234772 1.3423088788986 0.19799999892712
		endloop
	endfacet
	facet normal 0 0 -1
		outer loop
			vertex 1.0300524234772 1.3423088788986 0.19799999892712
			vertex 1.0599999427795 1.3689600229263 0.19799999892712
			vertex 1.1004849672318 1.3689600229263 0.19799999892712
		endloop
	endfacet
	facet normal 0 -0 -1
		outer loop
			vertex 1.0667169094086 1.3756768703461 0.19799999892712
			vertex 1.1004849672318 1.3689600229263 0.19799999892712
			vertex 1.0599999427795 1.3689600229263 0.19799999892712
		endloop
	endfacet
	facet normal -0 -0 -1
		outer loop
			vertex 1.0886272192001 1.3975871801376 0.19799999892712
			vertex 1.1004849672318 1.3689600229263 0.19799999892712
			vertex 1.075492978096 1.4038600921631 0.19799999892712
		endloop
	endfacet
	facet normal 0 0 -1
		outer loop
			vertex 1.0667169094086 1.3756768703461 0.19799999892712
			vertex 1.075492978096 1.4038600921631 0.19799999892712
			vertex 1.1004849672318 1.3689600229263 0.19799999892712
		endloop
	endfacet
	facet normal 0 0 -1
		outer loop
			vertex 1.0886272192001 1.3975871801376 0.19799999892712
			vertex 1.0974032878876 1.3844529390335 0.19799999892712
			vertex 1.1004849672318 1.3689600229263 0.19799999892712
		endloop
	endfacet
	facet normal 0 0 -1
		outer loop
			vertex 0.89433062076569 1.4911568164825 0.19799999892712
			vertex 0.88256704807281 1.5294392108917 0.19799999892712
			vertex 0.88261252641678 1.5680748224258 0.19799999892712
		endloop
	endfacet
	facet normal 0 0 -1
		outer loop
			vertex 0.89433062076569 1.4911568164825 0.19799999892712
			vertex 0.88261252641678 1.5680748224258 0.19799999892712
			vertex 0.89806002378464 1.5309000015259 0.19799999892712
		endloop
	endfacet
	facet normal 0 0 -1
		outer loop
			vertex 0.87554925680161 1.5287775993347 0.19799999892712
			vertex 0.88256704807281 1.5680650472641 0.19799999892712
			vertex 0.88256704807281 1.5294392108917 0.19799999892712
		endloop
	endfacet
	facet normal 0 0 -1
		outer loop
			vertex 0.88256704807281 1.5294392108917 0.19799999892712
			vertex 0.88256704807281 1.5680650472641 0.19799999892712
			vertex 0.88261252641678 1.5680748224258 0.19799999892712
		endloop
	endfacet
	facet normal -0.1950943370645 -0.98078448175191 0
		outer loop
			vertex 0.89806002378464 1.5713850259781 0
			vertex 0.91355293989182 1.5683032274246 0
			vertex 0.91355293989182 1.5683032274246 0.19799999892712
		endloop
	endfacet
	facet normal -0.55557065009745 -0.83146933361988 0
		outer loop
			vertex 0.91355293989182 1.5683032274246 0
			vertex 0.92668724060059 1.5595271587372 0
			vertex 0.92668724060059 1.5595271587372 0.19799999892712
		endloop
	endfacet
	facet normal -0.1950943370645 -0.98078448175191 0
		outer loop
			vertex 0.89806002378464 1.5713850259781 0
			vertex 0.91355293989182 1.5683032274246 0.19799999892712
			vertex 0.89806002378464 1.5713850259781 0.19799999892712
		endloop
	endfacet
	facet normal -0.55557065009745 -0.83146933361988 0
		outer loop
			vertex 0.91355293989182 1.5683032274246 0
			vertex 0.92668724060059 1.5595271587372 0.19799999892712
			vertex 0.91355293989182 1.5683032274246 0.19799999892712
		endloop
	endfacet
	facet normal 0 0 -1
		outer loop
			vertex 0.89806002378464 1.5309000015259 0.19799999892712
			vertex 0.92668724060059 1.5595271587372 0.19799999892712
			vertex 0.92668724060059 1.5108735561371 0.19799999892712
		endloop
	endfacet
	facet normal 0 0 -1
		outer loop
			vertex 0.89806002378464 1.5309000015259 0.19799999892712
			vertex 0.91355293989182 1.5683032274246 0.19799999892712
			vertex 0.92668724060059 1.5595271587372 0.19799999892712
		endloop
	endfacet
	facet normal 0 0 -1
		outer loop
			vertex 0.89806002378464 1.5309000015259 0.19799999892712
			vertex 0.89806002378464 1.5713850259781 0.19799999892712
			vertex 0.91355293989182 1.5683032274246 0.19799999892712
		endloop
	endfacet
	facet normal 0.83146904047683 -0.55557108881631 0
		outer loop
			vertex 0.48279672861099 1.5463929176331 0
			vertex 0.49157276749611 1.5595271587372 0
			vertex 0.49157276749611 1.5595271587372 0.19799999892712
		endloop
	endfacet
	facet normal 0.98078520374834 -0.19509070738589 0
		outer loop
			vertex 0.47971498966217 1.5309000015259 0
			vertex 0.48279672861099 1.5463929176331 0
			vertex 0.48279672861099 1.5463929176331 0.19799999892712
		endloop
	endfacet
	facet normal 0.55557152161362 -0.8314687512901 0
		outer loop
			vertex 0.49157276749611 1.5595271587372 0
			vertex 0.50470703840256 1.5683032274246 0
			vertex 0.50470703840256 1.5683032274246 0.19799999892712
		endloop
	endfacet
	facet normal 0.98078520374834 -0.19509070738589 0
		outer loop
			vertex 0.47971498966217 1.5309000015259 0
			vertex 0.48279672861099 1.5463929176331 0.19799999892712
			vertex 0.47971498966217 1.5309000015259 0.19799999892712
		endloop
	endfacet
	facet normal 0.83146904047683 -0.55557108881631 0
		outer loop
			vertex 0.48279672861099 1.5463929176331 0
			vertex 0.49157276749611 1.5595271587372 0.19799999892712
			vertex 0.48279672861099 1.5463929176331 0.19799999892712
		endloop
	endfacet
	facet normal 0.55557152161362 -0.8314687512901 0
		outer loop
			vertex 0.49157276749611 1.5595271587372 0
			vertex 0.50470703840256 1.5683032274246 0.19799999892712
			vertex 0.49157276749611 1.5595271587372 0.19799999892712
		endloop
	endfacet
	facet normal 0.1950936150645 -0.98078462536944 0
		outer loop
			vertex 0.50470703840256 1.5683032274246 0
			vertex 0.52020001411438 1.5713850259781 0.19799999892712
			vertex 0.50470703840256 1.5683032274246 0.19799999892712
		endloop
	endfacet
	facet normal 0 0 -1
		outer loop
			vertex 0.47971498966217 1.5309000015259 0.19799999892712
			vertex 0.48279672861099 1.5463929176331 0.19799999892712
			vertex 0.48587846755981 1.5309000015259 0.19799999892712
		endloop
	endfacet
	facet normal 0 0 -1
		outer loop
			vertex 0.49157276749611 1.5309000015259 0.19799999892712
			vertex 0.49157276749611 1.5595271587372 0.19799999892712
			vertex 0.49726709723473 1.5309000015259 0.19799999892712
		endloop
	endfacet
	facet normal 0 0 -1
		outer loop
			vertex 0.50470703840256 1.5309000015259 0.19799999892712
			vertex 0.50470703840256 1.5683032274246 0.19799999892712
			vertex 0.51214700937271 1.5309000015259 0.19799999892712
		endloop
	endfacet
	facet normal 0.19521685023802 -0.98076010389042 0
		outer loop
			vertex 0.51999998092651 1.5713452100754 0
			vertex 0.52020001411438 1.5713850259781 0
			vertex 0.52020001411438 1.5713850259781 0.19799999892712
		endloop
	endfacet
	facet normal 0.19509200307511 -0.9807849460183 1.3112468626722e-07
		outer loop
			vertex 0.50470703840256 1.5683032274246 0
			vertex 0.51999998092651 1.5713452100754 0
			vertex 0.52020001411438 1.5713850259781 0.19799999892712
		endloop
	endfacet
	facet normal 0 0 -1
		outer loop
			vertex 0.52295243740082 1.4909625053406 0.19799999892712
			vertex 0.52020001411438 1.5309000015259 0.19799999892712
			vertex 0.5297446846962 1.5234005451202 0.19799999892712
		endloop
	endfacet
	facet normal -0 0 -1
		outer loop
			vertex 0.54327684640884 1.530176281929 0.19799999892712
			vertex 0.53569293022156 1.5187269449234 0.19799999892712
			vertex 0.53569293022156 1.5437190532684 0.19799999892712
		endloop
	endfacet
	facet normal 0 -0 -1
		outer loop
			vertex 0.54327684640884 1.530176281929 0.19799999892712
			vertex 0.5473809838295 1.5095435380936 0.19799999892712
			vertex 0.53569293022156 1.5187269449234 0.19799999892712
		endloop
	endfacet
	facet normal 0 0 -1
		outer loop
			vertex 0.54882723093033 1.5084072351456 0.19799999892712
			vertex 0.54882723093033 1.5202649831772 0.19799999892712
			vertex 0.5543087720871 1.5104764699936 0.19799999892712
		endloop
	endfacet
	facet normal 0 0 -1
		outer loop
			vertex 0.54882723093033 1.5084072351456 0.19799999892712
			vertex 0.5543087720871 1.5104764699936 0.19799999892712
			vertex 0.55151498317719 1.5062953233719 0.19799999892712
		endloop
	endfacet
	facet normal 0.70710678118655 0.70710678118655 -0
		outer loop
			vertex 1.5830305814743 1.4904149770737 0
			vertex 1.5830305814743 1.4904149770737 0.19799999892712
			vertex 1.6791328191757 1.3943127393723 0
		endloop
	endfacet
	facet normal 0.70710678118655 0.70710678118655 0
		outer loop
			vertex 1.5830305814743 1.4904149770737 0.19799999892712
			vertex 1.6791328191757 1.3943127393723 0.19799999892712
			vertex 1.6791328191757 1.3943127393723 0
		endloop
	endfacet
	facet normal -0.70710678118655 -0.70710678118655 0
		outer loop
			vertex 1.6284272670746 1.5595271587372 0
			vertex 1.7363872528076 1.4515671730042 0.19799999892712
			vertex 1.6284272670746 1.5595271587372 0.19799999892712
		endloop
	endfacet
	facet normal 0 0 -1
		outer loop
			vertex 1.577440738678 1.49600481987 0.19799999892712
			vertex 1.599799990654 1.4934868812561 0.19799999892712
			vertex 1.5830305814743 1.4904149770737 0.19799999892712
		endloop
	endfacet
	facet normal 0 0 -1
		outer loop
			vertex 1.5830305814743 1.4904149770737 0.19799999892712
			vertex 1.599799990654 1.4934868812561 0.19799999892712
			vertex 1.6791328191757 1.3943127393723 0.19799999892712
		endloop
	endfacet
	facet normal 0 0 -1
		outer loop
			vertex 1.599799990654 1.4934868812561 0.19799999892712
			vertex 1.7010431289673 1.4162230491638 0.19799999892712
			vertex 1.6791328191757 1.3943127393723 0.19799999892712
		endloop
	endfacet
	facet normal 0 0 -1
		outer loop
			vertex 1.599799990654 1.4934868812561 0.19799999892712
			vertex 1.6065168380737 1.5376168489456 0.19799999892712
			vertex 1.707759976387 1.4603531360626 0.19799999892712
		endloop
	endfacet
	facet normal 0 0 -1
		outer loop
			vertex 1.6065168380737 1.5376168489456 0.19799999892712
			vertex 1.6284272670746 1.5595271587372 0.19799999892712
			vertex 1.707759976387 1.4603531360626 0.19799999892712
		endloop
	endfacet
	facet normal -0.70710678118655 -0.70710678118655 0
		outer loop
			vertex 1.6284272670746 1.5595271587372 0
			vertex 1.7363872528076 1.4515671730042 0
			vertex 1.7363872528076 1.4515671730042 0.19799999892712
		endloop
	endfacet
	facet normal 0 0 -1
		outer loop
			vertex 1.599799990654 1.4934868812561 0.19799999892712
			vertex 1.707759976387 1.4603531360626 0.19799999892712
			vertex 1.7010431289673 1.4162230491638 0.19799999892712
		endloop
	endfacet
	facet normal 0 0 -1
		outer loop
			vertex 1.6284272670746 1.5595271587372 0.19799999892712
			vertex 1.7363872528076 1.4515671730042 0.19799999892712
			vertex 1.707759976387 1.4603531360626 0.19799999892712
		endloop
	endfacet
	facet normal 0 1 0
		outer loop
			vertex 1.2926894426346 1.4904149770737 0
			vertex 1.2926894426346 1.4904149770737 0.19799999892712
			vertex 1.5830305814743 1.4904149770737 0
		endloop
	endfacet
	facet normal 0 -1 0
		outer loop
			vertex 1.2759200334549 1.5713850259781 0
			vertex 1.599799990654 1.5713850259781 0.19799999892712
			vertex 1.2759200334549 1.5713850259781 0.19799999892712
		endloop
	endfacet
	facet normal 0 -0 -1
		outer loop
			vertex 1.2964987754822 1.4942243099213 0.19799999892712
			vertex 1.5830305814743 1.4904149770737 0.19799999892712
			vertex 1.2926894426346 1.4904149770737 0.19799999892712
		endloop
	endfacet
	facet normal 0 0 -1
		outer loop
			vertex 1.2964987754822 1.4942243099213 0.19799999892712
			vertex 1.2861016988754 1.5207183361053 0.19799999892712
			vertex 1.577440738678 1.49600481987 0.19799999892712
		endloop
	endfacet
	facet normal 0 0 -1
		outer loop
			vertex 1.2759200334549 1.5713850259781 0.19799999892712
			vertex 1.577440738678 1.49600481987 0.19799999892712
			vertex 1.2861016988754 1.5207183361053 0.19799999892712
		endloop
	endfacet
	facet normal -0 1 0
		outer loop
			vertex 1.2926894426346 1.4904149770737 0.19799999892712
			vertex 1.5830305814743 1.4904149770737 0.19799999892712
			vertex 1.5830305814743 1.4904149770737 0
		endloop
	endfacet
	facet normal 0 -1 0
		outer loop
			vertex 1.2759200334549 1.5713850259781 0
			vertex 1.599799990654 1.5713850259781 0
			vertex 1.599799990654 1.5713850259781 0.19799999892712
		endloop
	endfacet
	facet normal 0 0 -1
		outer loop
			vertex 1.2964987754822 1.4942243099213 0.19799999892712
			vertex 1.577440738678 1.49600481987 0.19799999892712
			vertex 1.5830305814743 1.4904149770737 0.19799999892712
		endloop
	endfacet
	facet normal 0 0 -1
		outer loop
			vertex 1.2759200334549 1.5713850259781 0.19799999892712
			vertex 1.599799990654 1.5713850259781 0.19799999892712
			vertex 1.577440738678 1.49600481987 0.19799999892712
		endloop
	endfacet
	facet normal 0 0 -1
		outer loop
			vertex 1.577440738678 1.49600481987 0.19799999892712
			vertex 1.599799990654 1.5713850259781 0.19799999892712
			vertex 1.599799990654 1.4934868812561 0.19799999892712
		endloop
	endfacet
	facet normal 0 0 -1
		outer loop
			vertex 1.208277463913 1.4060029983521 0.19799999892712
			vertex 1.2053731679916 1.4229400157928 0.19799999892712
			vertex 1.2084449529648 1.4061706066132 0.19799999892712
		endloop
	endfacet
	facet normal 0.70710678118655 -0.70710678118655 0
		outer loop
			vertex 1.1393327713013 1.4515671730042 0
			vertex 1.2472927570343 1.5595271587372 0.19799999892712
			vertex 1.1393327713013 1.4515671730042 0.19799999892712
		endloop
	endfacet
	facet normal 0.70710678118655 -0.70710678118655 0
		outer loop
			vertex 1.1393327713013 1.4515671730042 0
			vertex 1.2472927570343 1.5595271587372 0
			vertex 1.2472927570343 1.5595271587372 0.19799999892712
		endloop
	endfacet
	facet normal -0.70710628089397 0.70710728147878 0
		outer loop
			vertex 1.2084449529648 1.4061706066132 0
			vertex 1.2084449529648 1.4061706066132 0.19799999892712
			vertex 1.2926894426346 1.4904149770737 0
		endloop
	endfacet
	facet normal -0.70710628089397 0.70710728147878 0
		outer loop
			vertex 1.2084449529648 1.4061706066132 0.19799999892712
			vertex 1.2926894426346 1.4904149770737 0.19799999892712
			vertex 1.2926894426346 1.4904149770737 0
		endloop
	endfacet
	facet normal 0 0 -1
		outer loop
			vertex 1.1393327713013 1.4515671730042 0.19799999892712
			vertex 1.2053731679916 1.4229400157928 0.19799999892712
			vertex 1.1618633270264 1.4290367364883 0.19799999892712
		endloop
	endfacet
	facet normal 0 0 -1
		outer loop
			vertex 1.1393327713013 1.4515671730042 0.19799999892712
			vertex 1.2472927570343 1.5595271587372 0.19799999892712
			vertex 1.2053731679916 1.4229400157928 0.19799999892712
		endloop
	endfacet
	facet normal 0 0 -1
		outer loop
			vertex 1.2084449529648 1.4061706066132 0.19799999892712
			vertex 1.2053731679916 1.4229400157928 0.19799999892712
			vertex 1.2926894426346 1.4904149770737 0.19799999892712
		endloop
	endfacet
	facet normal 0 0 -1
		outer loop
			vertex 1.2053731679916 1.4229400157928 0.19799999892712
			vertex 1.2861016988754 1.5207183361053 0.19799999892712
			vertex 1.2926894426346 1.4904149770737 0.19799999892712
		endloop
	endfacet
	facet normal 0 0 -1
		outer loop
			vertex 1.2053731679916 1.4229400157928 0.19799999892712
			vertex 1.2472927570343 1.5595271587372 0.19799999892712
			vertex 1.2861016988754 1.5207183361053 0.19799999892712
		endloop
	endfacet
	facet normal -0 0 -1
		outer loop
			vertex 1.2964987754822 1.4942243099213 0.19799999892712
			vertex 1.2926894426346 1.4904149770737 0.19799999892712
			vertex 1.2861016988754 1.5207183361053 0.19799999892712
		endloop
	endfacet
	facet normal 1 0 0
		outer loop
			vertex 1.1274750232697 1.0990600585938 0
			vertex 1.1274750232697 1.4229400157928 0
			vertex 1.1274750232697 1.0990600585938 0.19799999892712
		endloop
	endfacet
	facet normal 0 0 -1
		outer loop
			vertex 1.1274750232697 1.0990600585938 0.19799999892712
			vertex 1.1305567026138 1.4106130599976 0.19799999892712
			vertex 1.1958587169647 1.1269587278366 0.19799999892712
		endloop
	endfacet
	facet normal -1 0 0
		outer loop
			vertex 1.2084449529648 1.1158294677734 0
			vertex 1.2084449529648 1.1158294677734 0.19799999892712
			vertex 1.2084449529648 1.4061706066132 0
		endloop
	endfacet
	facet normal 0 0 -1
		outer loop
			vertex 1.1274750232697 1.0990600585938 0.19799999892712
			vertex 1.1958587169647 1.1269587278366 0.19799999892712
			vertex 1.1679600477219 1.0990600585938 0.19799999892712
		endloop
	endfacet
	facet normal 0 0 -1
		outer loop
			vertex 1.1958587169647 1.1269587278366 0.19799999892712
			vertex 1.1305567026138 1.4106130599976 0.19799999892712
			vertex 1.2028552293777 1.1214191913605 0.19799999892712
		endloop
	endfacet
	facet normal 0 0 -1
		outer loop
			vertex 1.2028552293777 1.1214191913605 0.19799999892712
			vertex 1.2084449529648 1.4061706066132 0.19799999892712
			vertex 1.2084449529648 1.1158294677734 0.19799999892712
		endloop
	endfacet
	facet normal 1 -0 0
		outer loop
			vertex 1.1274750232697 1.0990600585938 0.19799999892712
			vertex 1.1274750232697 1.4229400157928 0
			vertex 1.1274750232697 1.4229400157928 0.19799999892712
		endloop
	endfacet
	facet normal 0 0 -1
		outer loop
			vertex 1.1274750232697 1.0990600585938 0.19799999892712
			vertex 1.1274750232697 1.4229400157928 0.19799999892712
			vertex 1.1305567026138 1.4106130599976 0.19799999892712
		endloop
	endfacet
	facet normal -1 0 0
		outer loop
			vertex 1.2084449529648 1.1158294677734 0.19799999892712
			vertex 1.2084449529648 1.4061706066132 0.19799999892712
			vertex 1.2084449529648 1.4061706066132 0
		endloop
	endfacet
	facet normal 0 0 -1
		outer loop
			vertex 1.2028552293777 1.1214191913605 0.19799999892712
			vertex 1.1305567026138 1.4106130599976 0.19799999892712
			vertex 1.1336385011673 1.4229400157928 0.19799999892712
		endloop
	endfacet
	facet normal 0 0 -1
		outer loop
			vertex 1.2028552293777 1.1214191913605 0.19799999892712
			vertex 1.1336385011673 1.4229400157928 0.19799999892712
			vertex 1.208277463913 1.4060029983521 0.19799999892712
		endloop
	endfacet
	facet normal 0 0 -1
		outer loop
			vertex 1.2028552293777 1.1214191913605 0.19799999892712
			vertex 1.208277463913 1.4060029983521 0.19799999892712
			vertex 1.2084449529648 1.4061706066132 0.19799999892712
		endloop
	endfacet
	facet normal 0 0 -1
		outer loop
			vertex 1.1336385011673 1.4229400157928 0.19799999892712
			vertex 1.2053731679916 1.4229400157928 0.19799999892712
			vertex 1.208277463913 1.4060029983521 0.19799999892712
		endloop
	endfacet
	facet normal 0.70710678118655 0.70710678118655 0
		outer loop
			vertex 1.1393327713013 1.0704327821732 0.19799999892712
			vertex 1.2472927570343 0.96247279644012 0.19799999892712
			vertex 1.2472927570343 0.96247279644012 0
		endloop
	endfacet
	facet normal 0.70710678118655 0.70710678118655 -0
		outer loop
			vertex 1.1393327713013 1.0704327821732 0
			vertex 1.1393327713013 1.0704327821732 0.19799999892712
			vertex 1.2472927570343 0.96247279644012 0
		endloop
	endfacet
	facet normal -0.70710678118655 -0.70710678118655 0
		outer loop
			vertex 1.2084449529648 1.1158294677734 0
			vertex 1.2926894426346 1.0315849781036 0
			vertex 1.2926894426346 1.0315849781036 0.19799999892712
		endloop
	endfacet
	facet normal -0.70710678118655 -0.70710678118655 0
		outer loop
			vertex 1.2084449529648 1.1158294677734 0
			vertex 1.2926894426346 1.0315849781036 0.19799999892712
			vertex 1.2084449529648 1.1158294677734 0.19799999892712
		endloop
	endfacet
	facet normal 0 0 -1
		outer loop
			vertex 1.1393327713013 1.0704327821732 0.19799999892712
			vertex 1.1679600477219 1.0990600585938 0.19799999892712
			vertex 1.2084449529648 1.1158294677734 0.19799999892712
		endloop
	endfacet
	facet normal 0 0 -1
		outer loop
			vertex 1.1393327713013 1.0704327821732 0.19799999892712
			vertex 1.2084449529648 1.1158294677734 0.19799999892712
			vertex 1.2472927570343 0.96247279644012 0.19799999892712
		endloop
	endfacet
	facet normal 0 0 -1
		outer loop
			vertex 1.2472927570343 0.96247279644012 0.19799999892712
			vertex 1.2084449529648 1.1158294677734 0.19799999892712
			vertex 1.2692030668259 0.98438310623169 0.19799999892712
		endloop
	endfacet
	facet normal 0 0 -1
		outer loop
			vertex 1.2692030668259 0.98438310623169 0.19799999892712
			vertex 1.2084449529648 1.1158294677734 0.19799999892712
			vertex 1.2759200334549 1.0285130739212 0.19799999892712
		endloop
	endfacet
	facet normal 0 0 -1
		outer loop
			vertex 1.2759200334549 1.0285130739212 0.19799999892712
			vertex 1.2084449529648 1.1158294677734 0.19799999892712
			vertex 1.2765778303146 1.028311252594 0.19799999892712
		endloop
	endfacet
	facet normal 0 0 -1
		outer loop
			vertex 1.2765778303146 1.028311252594 0.19799999892712
			vertex 1.2084449529648 1.1158294677734 0.19799999892712
			vertex 1.2926894426346 1.0315849781036 0.19799999892712
		endloop
	endfacet
	facet normal 0 0 -1
		outer loop
			vertex 1.1679600477219 1.0990600585938 0.19799999892712
			vertex 1.1958587169647 1.1269587278366 0.19799999892712
			vertex 1.2028552293777 1.1214191913605 0.19799999892712
		endloop
	endfacet
	facet normal 0 0 -1
		outer loop
			vertex 1.1679600477219 1.0990600585938 0.19799999892712
			vertex 1.2028552293777 1.1214191913605 0.19799999892712
			vertex 1.2084449529648 1.1158294677734 0.19799999892712
		endloop
	endfacet
	facet normal 0 0 -1
		outer loop
			vertex 1.2765778303146 1.028311252594 0.19799999892712
			vertex 1.2926894426346 1.0315849781036 0.19799999892712
			vertex 1.2982792854309 1.0259951353073 0.19799999892712
		endloop
	endfacet
	facet normal 0 1 0
		outer loop
			vertex 1.2759200334549 0.95061498880386 0
			vertex 1.2759200334549 0.95061498880386 0.19799999892712
			vertex 1.599799990654 0.95061498880386 0
		endloop
	endfacet
	facet normal 0 -1 0
		outer loop
			vertex 1.2926894426346 1.0315849781036 0
			vertex 1.5830305814743 1.0315849781036 0.19799999892712
			vertex 1.2926894426346 1.0315849781036 0.19799999892712
		endloop
	endfacet
	facet normal 0 0 -1
		outer loop
			vertex 1.2765778303146 1.028311252594 0.19799999892712
			vertex 1.2982792854309 1.0259951353073 0.19799999892712
			vertex 1.2914129495621 0.95448821783066 0.19799999892712
		endloop
	endfacet
	facet normal 0 0 -1
		outer loop
			vertex 1.2759200334549 0.95061498880386 0.19799999892712
			vertex 1.2914129495621 0.95448821783066 0.19799999892712
			vertex 1.599799990654 0.95061498880386 0.19799999892712
		endloop
	endfacet
	facet normal 0 0 -1
		outer loop
			vertex 1.2914129495621 0.95448821783066 0.19799999892712
			vertex 1.2982792854309 1.0259951353073 0.19799999892712
			vertex 1.599799990654 0.95061498880386 0.19799999892712
		endloop
	endfacet
	facet normal 0 0 -1
		outer loop
			vertex 1.2926894426346 1.0315849781036 0.19799999892712
			vertex 1.5830305814743 1.0315849781036 0.19799999892712
			vertex 1.2982792854309 1.0259951353073 0.19799999892712
		endloop
	endfacet
	facet normal -0 1 0
		outer loop
			vertex 1.2759200334549 0.95061498880386 0.19799999892712
			vertex 1.599799990654 0.95061498880386 0.19799999892712
			vertex 1.599799990654 0.95061498880386 0
		endloop
	endfacet
	facet normal 0 -1 0
		outer loop
			vertex 1.2926894426346 1.0315849781036 0
			vertex 1.5830305814743 1.0315849781036 0
			vertex 1.5830305814743 1.0315849781036 0.19799999892712
		endloop
	endfacet
	facet normal 0 0 -1
		outer loop
			vertex 1.2982792854309 1.0259951353073 0.19799999892712
			vertex 1.599799990654 0.99110001325607 0.19799999892712
			vertex 1.599799990654 0.95061498880386 0.19799999892712
		endloop
	endfacet
	facet normal 0 0 -1
		outer loop
			vertex 1.2982792854309 1.0259951353073 0.19799999892712
			vertex 1.5830305814743 1.0315849781036 0.19799999892712
			vertex 1.599799990654 0.99110001325607 0.19799999892712
		endloop
	endfacet
	facet normal -0.70710678118655 0.70710678118655 0
		outer loop
			vertex 1.6284272670746 0.96247279644012 0
			vertex 1.6284272670746 0.96247279644012 0.19799999892712
			vertex 1.7363872528076 1.0704327821732 0
		endloop
	endfacet
	facet normal 0.70710678118655 -0.70710678118655 0
		outer loop
			vertex 1.5830305814743 1.0315849781036 0
			vertex 1.6791328191757 1.1276872158051 0
			vertex 1.6791328191757 1.1276872158051 0.19799999892712
		endloop
	endfacet
	facet normal 0.70710678118655 -0.70710678118655 0
		outer loop
			vertex 1.5830305814743 1.0315849781036 0
			vertex 1.6791328191757 1.1276872158051 0.19799999892712
			vertex 1.5830305814743 1.0315849781036 0.19799999892712
		endloop
	endfacet
	facet normal 0 0 -1
		outer loop
			vertex 1.599799990654 0.99110001325607 0.19799999892712
			vertex 1.5830305814743 1.0315849781036 0.19799999892712
			vertex 1.6791328191757 1.1276872158051 0.19799999892712
		endloop
	endfacet
	facet normal 0 0 -1
		outer loop
			vertex 1.599799990654 0.99110001325607 0.19799999892712
			vertex 1.6791328191757 1.1276872158051 0.19799999892712
			vertex 1.6284272670746 0.96247279644012 0.19799999892712
		endloop
	endfacet
	facet normal -0.70710678118655 0.70710678118655 0
		outer loop
			vertex 1.6284272670746 0.96247279644012 0.19799999892712
			vertex 1.7363872528076 1.0704327821732 0.19799999892712
			vertex 1.7363872528076 1.0704327821732 0
		endloop
	endfacet
	facet normal 0 0 -1
		outer loop
			vertex 1.6284272670746 0.96247279644012 0.19799999892712
			vertex 1.6791328191757 1.1276872158051 0.19799999892712
			vertex 1.7363872528076 1.0704327821732 0.19799999892712
		endloop
	endfacet
	facet normal 0.55556717584489 0.83147165503325 -0
		outer loop
			vertex 1.6791328191757 1.3943127393723 0
			vertex 1.6791328191757 1.3943127393723 0.19799999892712
			vertex 1.6922670602798 1.3855367898941 0
		endloop
	endfacet
	facet normal 0.1950943370645 0.98078448175191 -0
		outer loop
			vertex 1.6922670602798 1.3855367898941 0
			vertex 1.6922670602798 1.3855367898941 0.19799999892712
			vertex 1.707759976387 1.3824549913406 0
		endloop
	endfacet
	facet normal -0.1950943370645 0.98078448175191 0
		outer loop
			vertex 1.707759976387 1.3824549913406 0
			vertex 1.707759976387 1.3824549913406 0.19799999892712
			vertex 1.7232528924942 1.3855367898941 0
		endloop
	endfacet
	facet normal -0.55556368978796 0.83147398431291 0
		outer loop
			vertex 1.7232528924942 1.3855367898941 0
			vertex 1.7232528924942 1.3855367898941 0.19799999892712
			vertex 1.7363872528076 1.3943127393723 0
		endloop
	endfacet
	facet normal 0.55556717584489 0.83147165503325 -0
		outer loop
			vertex 1.6922670602798 1.3855367898941 0
			vertex 1.6791328191757 1.3943127393723 0.19799999892712
			vertex 1.6922670602798 1.3855367898941 0.19799999892712
		endloop
	endfacet
	facet normal 0.1950943370645 0.98078448175191 -0
		outer loop
			vertex 1.707759976387 1.3824549913406 0
			vertex 1.6922670602798 1.3855367898941 0.19799999892712
			vertex 1.707759976387 1.3824549913406 0.19799999892712
		endloop
	endfacet
	facet normal -0.1950943370645 0.98078448175191 0
		outer loop
			vertex 1.7232528924942 1.3855367898941 0
			vertex 1.707759976387 1.3824549913406 0.19799999892712
			vertex 1.7232528924942 1.3855367898941 0.19799999892712
		endloop
	endfacet
	facet normal -0.83147049827122 0.55556890707149 0
		outer loop
			vertex 1.7363872528076 1.3943127393723 0
			vertex 1.7363872528076 1.3943127393723 0.19799999892712
			vertex 1.7451633214951 1.4074470996857 0
		endloop
	endfacet
	facet normal -0.9807859257324 0.19508707769927 0
		outer loop
			vertex 1.7451633214951 1.4074470996857 0
			vertex 1.7451633214951 1.4074470996857 0.19799999892712
			vertex 1.7482450008392 1.4229400157928 0
		endloop
	endfacet
	facet normal -0.55556368978796 0.83147398431291 0
		outer loop
			vertex 1.7363872528076 1.3943127393723 0
			vertex 1.7232528924942 1.3855367898941 0.19799999892712
			vertex 1.7363872528076 1.3943127393723 0.19799999892712
		endloop
	endfacet
	facet normal -0.83147049827122 0.55556890707149 0
		outer loop
			vertex 1.7451633214951 1.4074470996857 0
			vertex 1.7363872528076 1.3943127393723 0.19799999892712
			vertex 1.7451633214951 1.4074470996857 0.19799999892712
		endloop
	endfacet
	facet normal -0.9807859257324 0.19508707769927 0
		outer loop
			vertex 1.7451633214951 1.4074470996857 0.19799999892712
			vertex 1.7482450008392 1.4229400157928 0.19799999892712
			vertex 1.7482450008392 1.4229400157928 0
		endloop
	endfacet
	facet normal 0 0 -1
		outer loop
			vertex 1.6791328191757 1.3943127393723 0.19799999892712
			vertex 1.7010431289673 1.4162230491638 0.19799999892712
			vertex 1.6922670602798 1.3855367898941 0.19799999892712
		endloop
	endfacet
	facet normal 0 0 -1
		outer loop
			vertex 1.6922670602798 1.3855367898941 0.19799999892712
			vertex 1.7010431289673 1.4162230491638 0.19799999892712
			vertex 1.707759976387 1.3824549913406 0.19799999892712
		endloop
	endfacet
	facet normal 0 0 -1
		outer loop
			vertex 1.707759976387 1.3824549913406 0.19799999892712
			vertex 1.707759976387 1.4603531360626 0.19799999892712
			vertex 1.7232528924942 1.3855367898941 0.19799999892712
		endloop
	endfacet
	facet normal 0 0 -1
		outer loop
			vertex 1.7363872528076 1.3943127393723 0.19799999892712
			vertex 1.7363872528076 1.4515671730042 0.19799999892712
			vertex 1.7451633214951 1.4074470996857 0.19799999892712
		endloop
	endfacet
	facet normal 0 0 -1
		outer loop
			vertex 1.7232528924942 1.3855367898941 0.19799999892712
			vertex 1.7363872528076 1.4515671730042 0.19799999892712
			vertex 1.7363872528076 1.3943127393723 0.19799999892712
		endloop
	endfacet
	facet normal -0.83146816895758 -0.55557239313192 0
		outer loop
			vertex 1.7363872528076 1.4515671730042 0
			vertex 1.7451633214951 1.4384329319 0
			vertex 1.7451633214951 1.4384329319 0.19799999892712
		endloop
	endfacet
	facet normal -0.9807859257324 -0.19508707769927 0
		outer loop
			vertex 1.7451633214951 1.4384329319 0
			vertex 1.7482450008392 1.4229400157928 0
			vertex 1.7482450008392 1.4229400157928 0.19799999892712
		endloop
	endfacet
	facet normal -0.83146816895758 -0.55557239313192 0
		outer loop
			vertex 1.7363872528076 1.4515671730042 0
			vertex 1.7451633214951 1.4384329319 0.19799999892712
			vertex 1.7363872528076 1.4515671730042 0.19799999892712
		endloop
	endfacet
	facet normal -0.9807859257324 -0.19508707769927 0
		outer loop
			vertex 1.7451633214951 1.4384329319 0
			vertex 1.7482450008392 1.4229400157928 0.19799999892712
			vertex 1.7451633214951 1.4384329319 0.19799999892712
		endloop
	endfacet
	facet normal 0 0 -1
		outer loop
			vertex 1.707759976387 1.3824549913406 0.19799999892712
			vertex 1.7010431289673 1.4162230491638 0.19799999892712
			vertex 1.707759976387 1.4603531360626 0.19799999892712
		endloop
	endfacet
	facet normal 0 0 -1
		outer loop
			vertex 1.7232528924942 1.3855367898941 0.19799999892712
			vertex 1.707759976387 1.4603531360626 0.19799999892712
			vertex 1.7363872528076 1.4515671730042 0.19799999892712
		endloop
	endfacet
	facet normal 0 0 -1
		outer loop
			vertex 1.7451633214951 1.4074470996857 0.19799999892712
			vertex 1.7363872528076 1.4515671730042 0.19799999892712
			vertex 1.7451633214951 1.4384329319 0.19799999892712
		endloop
	endfacet
	facet normal 0 0 -1
		outer loop
			vertex 1.7451633214951 1.4074470996857 0.19799999892712
			vertex 1.7451633214951 1.4384329319 0.19799999892712
			vertex 1.7482450008392 1.4229400157928 0.19799999892712
		endloop
	endfacet
	facet normal -0.1950943370645 -0.98078448175191 0
		outer loop
			vertex 1.599799990654 1.5713850259781 0
			vertex 1.6152929067612 1.5683032274246 0
			vertex 1.6152929067612 1.5683032274246 0.19799999892712
		endloop
	endfacet
	facet normal -0.55556890707149 -0.83147049827122 0
		outer loop
			vertex 1.6152929067612 1.5683032274246 0
			vertex 1.6284272670746 1.5595271587372 0
			vertex 1.6284272670746 1.5595271587372 0.19799999892712
		endloop
	endfacet
	facet normal -0.1950943370645 -0.98078448175191 0
		outer loop
			vertex 1.599799990654 1.5713850259781 0
			vertex 1.6152929067612 1.5683032274246 0.19799999892712
			vertex 1.599799990654 1.5713850259781 0.19799999892712
		endloop
	endfacet
	facet normal -0.55556890707149 -0.83147049827122 0
		outer loop
			vertex 1.6152929067612 1.5683032274246 0
			vertex 1.6284272670746 1.5595271587372 0.19799999892712
			vertex 1.6152929067612 1.5683032274246 0.19799999892712
		endloop
	endfacet
	facet normal 0 0 -1
		outer loop
			vertex 1.599799990654 1.4934868812561 0.19799999892712
			vertex 1.599799990654 1.5713850259781 0.19799999892712
			vertex 1.6065168380737 1.5376168489456 0.19799999892712
		endloop
	endfacet
	facet normal 0 0 -1
		outer loop
			vertex 1.6065168380737 1.5376168489456 0.19799999892712
			vertex 1.6152929067612 1.5683032274246 0.19799999892712
			vertex 1.6284272670746 1.5595271587372 0.19799999892712
		endloop
	endfacet
	facet normal 0 0 -1
		outer loop
			vertex 1.599799990654 1.5713850259781 0.19799999892712
			vertex 1.6152929067612 1.5683032274246 0.19799999892712
			vertex 1.6065168380737 1.5376168489456 0.19799999892712
		endloop
	endfacet
	facet normal 0.55556890707149 -0.83147049827122 0
		outer loop
			vertex 1.2472927570343 1.5595271587372 0
			vertex 1.2604271173477 1.5683032274246 0
			vertex 1.2604271173477 1.5683032274246 0.19799999892712
		endloop
	endfacet
	facet normal 0.1950943370645 -0.98078448175191 0
		outer loop
			vertex 1.2604271173477 1.5683032274246 0
			vertex 1.2759200334549 1.5713850259781 0
			vertex 1.2759200334549 1.5713850259781 0.19799999892712
		endloop
	endfacet
	facet normal 0.55556890707149 -0.83147049827122 0
		outer loop
			vertex 1.2472927570343 1.5595271587372 0
			vertex 1.2604271173477 1.5683032274246 0.19799999892712
			vertex 1.2472927570343 1.5595271587372 0.19799999892712
		endloop
	endfacet
	facet normal 0.1950943370645 -0.98078448175191 0
		outer loop
			vertex 1.2604271173477 1.5683032274246 0
			vertex 1.2759200334549 1.5713850259781 0.19799999892712
			vertex 1.2604271173477 1.5683032274246 0.19799999892712
		endloop
	endfacet
	facet normal 0 0 -1
		outer loop
			vertex 1.2472927570343 1.5595271587372 0.19799999892712
			vertex 1.2604271173477 1.5683032274246 0.19799999892712
			vertex 1.2759200334549 1.5713850259781 0.19799999892712
		endloop
	endfacet
	facet normal 0 0 -1
		outer loop
			vertex 1.2472927570343 1.5595271587372 0.19799999892712
			vertex 1.2759200334549 1.5713850259781 0.19799999892712
			vertex 1.2861016988754 1.5207183361053 0.19799999892712
		endloop
	endfacet
	facet normal 0.9807859257324 -0.19508707769927 0
		outer loop
			vertex 1.1274750232697 1.4229400157928 0
			vertex 1.1305567026138 1.4384329319 0
			vertex 1.1305567026138 1.4384329319 0.19799999892712
		endloop
	endfacet
	facet normal 0.83146816895758 -0.55557239313192 0
		outer loop
			vertex 1.1305567026138 1.4384329319 0
			vertex 1.1393327713013 1.4515671730042 0
			vertex 1.1393327713013 1.4515671730042 0.19799999892712
		endloop
	endfacet
	facet normal 0.9807859257324 -0.19508707769927 0
		outer loop
			vertex 1.1274750232697 1.4229400157928 0
			vertex 1.1305567026138 1.4384329319 0.19799999892712
			vertex 1.1274750232697 1.4229400157928 0.19799999892712
		endloop
	endfacet
	facet normal 0.83146816895758 -0.55557239313192 0
		outer loop
			vertex 1.1305567026138 1.4384329319 0
			vertex 1.1393327713013 1.4515671730042 0.19799999892712
			vertex 1.1305567026138 1.4384329319 0.19799999892712
		endloop
	endfacet
	facet normal 0 0 -1
		outer loop
			vertex 1.1336385011673 1.4229400157928 0.19799999892712
			vertex 1.1305567026138 1.4384329319 0.19799999892712
			vertex 1.1393327713013 1.4515671730042 0.19799999892712
		endloop
	endfacet
	facet normal 0 0 -1
		outer loop
			vertex 1.1305567026138 1.4106130599976 0.19799999892712
			vertex 1.1274750232697 1.4229400157928 0.19799999892712
			vertex 1.1305567026138 1.4384329319 0.19799999892712
		endloop
	endfacet
	facet normal 0 0 -1
		outer loop
			vertex 1.1305567026138 1.4106130599976 0.19799999892712
			vertex 1.1305567026138 1.4384329319 0.19799999892712
			vertex 1.1336385011673 1.4229400157928 0.19799999892712
		endloop
	endfacet
	facet normal 0 0 -1
		outer loop
			vertex 1.1336385011673 1.4229400157928 0.19799999892712
			vertex 1.1393327713013 1.4515671730042 0.19799999892712
			vertex 1.1618633270264 1.4290367364883 0.19799999892712
		endloop
	endfacet
	facet normal 0 0 -1
		outer loop
			vertex 1.1336385011673 1.4229400157928 0.19799999892712
			vertex 1.1618633270264 1.4290367364883 0.19799999892712
			vertex 1.2053731679916 1.4229400157928 0.19799999892712
		endloop
	endfacet
	facet normal 0.83146816895758 0.55557239313192 -0
		outer loop
			vertex 1.1305567026138 1.0835670232773 0
			vertex 1.1305567026138 1.0835670232773 0.19799999892712
			vertex 1.1393327713013 1.0704327821732 0
		endloop
	endfacet
	facet normal 0.9807862129449 0.195085633754 0
		outer loop
			vertex 1.1305567026138 1.0835670232773 0
			vertex 1.1274750232697 1.0990600585938 0
			vertex 1.1274750232697 1.0990600585938 0.19799999892712
		endloop
	endfacet
	facet normal 0.83146816895758 0.55557239313192 -0
		outer loop
			vertex 1.1393327713013 1.0704327821732 0
			vertex 1.1305567026138 1.0835670232773 0.19799999892712
			vertex 1.1393327713013 1.0704327821732 0.19799999892712
		endloop
	endfacet
	facet normal 0.9807862129449 0.195085633754 -0
		outer loop
			vertex 1.1305567026138 1.0835670232773 0
			vertex 1.1274750232697 1.0990600585938 0.19799999892712
			vertex 1.1305567026138 1.0835670232773 0.19799999892712
		endloop
	endfacet
	facet normal 0 0 -1
		outer loop
			vertex 1.1305567026138 1.0835670232773 0.19799999892712
			vertex 1.1274750232697 1.0990600585938 0.19799999892712
			vertex 1.1393327713013 1.0704327821732 0.19799999892712
		endloop
	endfacet
	facet normal 0 0 -1
		outer loop
			vertex 1.1274750232697 1.0990600585938 0.19799999892712
			vertex 1.1679600477219 1.0990600585938 0.19799999892712
			vertex 1.1393327713013 1.0704327821732 0.19799999892712
		endloop
	endfacet
	facet normal 0.55556890707149 0.83147049827122 -0
		outer loop
			vertex 1.2472927570343 0.96247279644012 0
			vertex 1.2472927570343 0.96247279644012 0.19799999892712
			vertex 1.2604271173477 0.95369672775269 0
		endloop
	endfacet
	facet normal 0.19509070738589 0.98078520374834 -0
		outer loop
			vertex 1.2604271173477 0.95369672775269 0
			vertex 1.2604271173477 0.95369672775269 0.19799999892712
			vertex 1.2759200334549 0.95061498880386 0
		endloop
	endfacet
	facet normal 0.55556890707149 0.83147049827122 -0
		outer loop
			vertex 1.2604271173477 0.95369672775269 0
			vertex 1.2472927570343 0.96247279644012 0.19799999892712
			vertex 1.2604271173477 0.95369672775269 0.19799999892712
		endloop
	endfacet
	facet normal 0.19509070738589 0.98078520374834 -0
		outer loop
			vertex 1.2759200334549 0.95061498880386 0
			vertex 1.2604271173477 0.95369672775269 0.19799999892712
			vertex 1.2759200334549 0.95061498880386 0.19799999892712
		endloop
	endfacet
	facet normal 0 0 -1
		outer loop
			vertex 1.2472927570343 0.96247279644012 0.19799999892712
			vertex 1.2692030668259 0.98438310623169 0.19799999892712
			vertex 1.2604271173477 0.95369672775269 0.19799999892712
		endloop
	endfacet
	facet normal 0 0 -1
		outer loop
			vertex 1.2604271173477 0.95369672775269 0.19799999892712
			vertex 1.2692030668259 0.98438310623169 0.19799999892712
			vertex 1.2759200334549 0.95061498880386 0.19799999892712
		endloop
	endfacet
	facet normal 0 0 -1
		outer loop
			vertex 1.2759200334549 0.95061498880386 0.19799999892712
			vertex 1.2759200334549 1.0285130739212 0.19799999892712
			vertex 1.2914129495621 0.95448821783066 0.19799999892712
		endloop
	endfacet
	facet normal 0 0 -1
		outer loop
			vertex 1.2759200334549 0.95061498880386 0.19799999892712
			vertex 1.2692030668259 0.98438310623169 0.19799999892712
			vertex 1.2759200334549 1.0285130739212 0.19799999892712
		endloop
	endfacet
	facet normal 0 0 -1
		outer loop
			vertex 1.2759200334549 1.0285130739212 0.19799999892712
			vertex 1.2765778303146 1.028311252594 0.19799999892712
			vertex 1.2914129495621 0.95448821783066 0.19799999892712
		endloop
	endfacet
	facet normal -0.19509070738589 0.98078520374834 0
		outer loop
			vertex 1.599799990654 0.95061498880386 0
			vertex 1.599799990654 0.95061498880386 0.19799999892712
			vertex 1.6152929067612 0.95369672775269 0
		endloop
	endfacet
	facet normal -0.55556890707149 0.83147049827122 0
		outer loop
			vertex 1.6152929067612 0.95369672775269 0
			vertex 1.6152929067612 0.95369672775269 0.19799999892712
			vertex 1.6284272670746 0.96247279644012 0
		endloop
	endfacet
	facet normal -0.19509070738589 0.98078520374834 0
		outer loop
			vertex 1.6152929067612 0.95369672775269 0
			vertex 1.599799990654 0.95061498880386 0.19799999892712
			vertex 1.6152929067612 0.95369672775269 0.19799999892712
		endloop
	endfacet
	facet normal -0.55556890707149 0.83147049827122 0
		outer loop
			vertex 1.6284272670746 0.96247279644012 0
			vertex 1.6152929067612 0.95369672775269 0.19799999892712
			vertex 1.6284272670746 0.96247279644012 0.19799999892712
		endloop
	endfacet
	facet normal 0 0 -1
		outer loop
			vertex 1.599799990654 0.95061498880386 0.19799999892712
			vertex 1.6284272670746 0.96247279644012 0.19799999892712
			vertex 1.6152929067612 0.95369672775269 0.19799999892712
		endloop
	endfacet
	facet normal 0 0 -1
		outer loop
			vertex 1.599799990654 0.95061498880386 0.19799999892712
			vertex 1.599799990654 0.99110001325607 0.19799999892712
			vertex 1.6284272670746 0.96247279644012 0.19799999892712
		endloop
	endfacet
	facet normal -0.83146816895758 0.55557239313192 0
		outer loop
			vertex 1.7451633214951 1.0835670232773 0
			vertex 1.7363872528076 1.0704327821732 0
			vertex 1.7363872528076 1.0704327821732 0.19799999892712
		endloop
	endfacet
	facet normal -0.9807862129449 0.195085633754 0
		outer loop
			vertex 1.7451633214951 1.0835670232773 0
			vertex 1.7451633214951 1.0835670232773 0.19799999892712
			vertex 1.7482450008392 1.0990600585938 0
		endloop
	endfacet
	facet normal -0.83146816895758 0.55557239313192 0
		outer loop
			vertex 1.7451633214951 1.0835670232773 0
			vertex 1.7363872528076 1.0704327821732 0.19799999892712
			vertex 1.7451633214951 1.0835670232773 0.19799999892712
		endloop
	endfacet
	facet normal -0.9807862129449 0.195085633754 0
		outer loop
			vertex 1.7482450008392 1.0990600585938 0
			vertex 1.7451633214951 1.0835670232773 0.19799999892712
			vertex 1.7482450008392 1.0990600585938 0.19799999892712
		endloop
	endfacet
	facet normal -0 0 -1
		outer loop
			vertex 1.7451633214951 1.0835670232773 0.19799999892712
			vertex 1.7363872528076 1.0704327821732 0.19799999892712
			vertex 1.7363872528076 1.1276872158051 0.19799999892712
		endloop
	endfacet
	facet normal 0 0 -1
		outer loop
			vertex 1.7451633214951 1.0835670232773 0.19799999892712
			vertex 1.7451633214951 1.1145529747009 0.19799999892712
			vertex 1.7482450008392 1.0990600585938 0.19799999892712
		endloop
	endfacet
	facet normal 0.55557239313192 -0.83146816895758 0
		outer loop
			vertex 1.6791328191757 1.1276872158051 0
			vertex 1.6922670602798 1.1364632844925 0
			vertex 1.6922670602798 1.1364632844925 0.19799999892712
		endloop
	endfacet
	facet normal 0.19508707769927 -0.9807859257324 0
		outer loop
			vertex 1.6922670602798 1.1364632844925 0
			vertex 1.707759976387 1.1395449638367 0
			vertex 1.707759976387 1.1395449638367 0.19799999892712
		endloop
	endfacet
	facet normal -0.19508707769927 -0.9807859257324 0
		outer loop
			vertex 1.707759976387 1.1395449638367 0
			vertex 1.7232528924942 1.1364632844925 0
			vertex 1.7232528924942 1.1364632844925 0.19799999892712
		endloop
	endfacet
	facet normal 0.19508707769927 -0.9807859257324 0
		outer loop
			vertex 1.6922670602798 1.1364632844925 0
			vertex 1.707759976387 1.1395449638367 0.19799999892712
			vertex 1.6922670602798 1.1364632844925 0.19799999892712
		endloop
	endfacet
	facet normal 0.55557239313192 -0.83146816895758 0
		outer loop
			vertex 1.6791328191757 1.1276872158051 0
			vertex 1.6922670602798 1.1364632844925 0.19799999892712
			vertex 1.6791328191757 1.1276872158051 0.19799999892712
		endloop
	endfacet
	facet normal -0.19508707769927 -0.9807859257324 0
		outer loop
			vertex 1.707759976387 1.1395449638367 0
			vertex 1.7232528924942 1.1364632844925 0.19799999892712
			vertex 1.707759976387 1.1395449638367 0.19799999892712
		endloop
	endfacet
	facet normal -0.55556890707149 -0.83147049827122 0
		outer loop
			vertex 1.7232528924942 1.1364632844925 0
			vertex 1.7363872528076 1.1276872158051 0.19799999892712
			vertex 1.7232528924942 1.1364632844925 0.19799999892712
		endloop
	endfacet
	facet normal -0.83146816895758 -0.55557239313192 0
		outer loop
			vertex 1.7451633214951 1.1145529747009 0
			vertex 1.7451633214951 1.1145529747009 0.19799999892712
			vertex 1.7363872528076 1.1276872158051 0
		endloop
	endfacet
	facet normal -0.55556890707149 -0.83147049827122 0
		outer loop
			vertex 1.7232528924942 1.1364632844925 0
			vertex 1.7363872528076 1.1276872158051 0
			vertex 1.7363872528076 1.1276872158051 0.19799999892712
		endloop
	endfacet
	facet normal -0.9807859257324 -0.19508707769927 0
		outer loop
			vertex 1.7482450008392 1.0990600585938 0
			vertex 1.7482450008392 1.0990600585938 0.19799999892712
			vertex 1.7451633214951 1.1145529747009 0
		endloop
	endfacet
	facet normal -0.83146816895758 -0.55557239313192 0
		outer loop
			vertex 1.7363872528076 1.1276872158051 0
			vertex 1.7451633214951 1.1145529747009 0.19799999892712
			vertex 1.7363872528076 1.1276872158051 0.19799999892712
		endloop
	endfacet
	facet normal -0.9807859257324 -0.19508707769927 0
		outer loop
			vertex 1.7482450008392 1.0990600585938 0.19799999892712
			vertex 1.7451633214951 1.1145529747009 0.19799999892712
			vertex 1.7451633214951 1.1145529747009 0
		endloop
	endfacet
	facet normal 0 0 -1
		outer loop
			vertex 1.6791328191757 1.1276872158051 0.19799999892712
			vertex 1.6922670602798 1.1364632844925 0.19799999892712
			vertex 1.707759976387 1.1395449638367 0.19799999892712
		endloop
	endfacet
	facet normal 0 0 -1
		outer loop
			vertex 1.7363872528076 1.0704327821732 0.19799999892712
			vertex 1.6791328191757 1.1276872158051 0.19799999892712
			vertex 1.7232528924942 1.1364632844925 0.19799999892712
		endloop
	endfacet
	facet normal 0 0 -1
		outer loop
			vertex 1.6791328191757 1.1276872158051 0.19799999892712
			vertex 1.707759976387 1.1395449638367 0.19799999892712
			vertex 1.7232528924942 1.1364632844925 0.19799999892712
		endloop
	endfacet
	facet normal 0 0 -1
		outer loop
			vertex 1.7363872528076 1.0704327821732 0.19799999892712
			vertex 1.7232528924942 1.1364632844925 0.19799999892712
			vertex 1.7363872528076 1.1276872158051 0.19799999892712
		endloop
	endfacet
	facet normal 0 0 -1
		outer loop
			vertex 1.7451633214951 1.0835670232773 0.19799999892712
			vertex 1.7363872528076 1.1276872158051 0.19799999892712
			vertex 1.7451633214951 1.1145529747009 0.19799999892712
		endloop
	endfacet
	facet normal 0.70710678118655 0.70710678118655 -0
		outer loop
			vertex 2.2307906150818 1.4904149770737 0
			vertex 2.2307906150818 1.4904149770737 0.19799999892712
			vertex 2.3268928527832 1.3943127393723 0
		endloop
	endfacet
	facet normal 0.70710678118655 0.70710678118655 0
		outer loop
			vertex 2.2307906150818 1.4904149770737 0.19799999892712
			vertex 2.3268928527832 1.3943127393723 0.19799999892712
			vertex 2.3268928527832 1.3943127393723 0
		endloop
	endfacet
	facet normal 0 0 -1
		outer loop
			vertex 2.2252006530762 1.49600481987 0.19799999892712
			vertex 2.2475600242615 1.4934868812561 0.19799999892712
			vertex 2.2307906150818 1.4904149770737 0.19799999892712
		endloop
	endfacet
	facet normal 0 0 -1
		outer loop
			vertex 2.2307906150818 1.4904149770737 0.19799999892712
			vertex 2.2475600242615 1.4934868812561 0.19799999892712
			vertex 2.3268928527832 1.3943127393723 0.19799999892712
		endloop
	endfacet
	facet normal 0 0 -1
		outer loop
			vertex 2.2475600242615 1.4934868812561 0.19799999892712
			vertex 2.2542769908905 1.5376168489456 0.19799999892712
			vertex 2.3555200099945 1.4603531360626 0.19799999892712
		endloop
	endfacet
	facet normal 0 0 -1
		outer loop
			vertex 2.2542769908905 1.5376168489456 0.19799999892712
			vertex 2.2761871814728 1.5595271587372 0.19799999892712
			vertex 2.3555200099945 1.4603531360626 0.19799999892712
		endloop
	endfacet
	facet normal -0.70710678118655 -0.70710678118655 0
		outer loop
			vertex 2.2761871814728 1.5595271587372 0
			vertex 2.3841471672058 1.4515671730042 0
			vertex 2.3841471672058 1.4515671730042 0.19799999892712
		endloop
	endfacet
	facet normal -0.70710678118655 -0.70710678118655 0
		outer loop
			vertex 2.2761871814728 1.5595271587372 0
			vertex 2.3841471672058 1.4515671730042 0.19799999892712
			vertex 2.2761871814728 1.5595271587372 0.19799999892712
		endloop
	endfacet
	facet normal 0 0 -1
		outer loop
			vertex 2.2475600242615 1.4934868812561 0.19799999892712
			vertex 2.3488030433655 1.4162230491638 0.19799999892712
			vertex 2.3268928527832 1.3943127393723 0.19799999892712
		endloop
	endfacet
	facet normal 0 0 -1
		outer loop
			vertex 2.2475600242615 1.4934868812561 0.19799999892712
			vertex 2.3555200099945 1.4603531360626 0.19799999892712
			vertex 2.3488030433655 1.4162230491638 0.19799999892712
		endloop
	endfacet
	facet normal 0 0 -1
		outer loop
			vertex 2.2761871814728 1.5595271587372 0.19799999892712
			vertex 2.3841471672058 1.4515671730042 0.19799999892712
			vertex 2.3555200099945 1.4603531360626 0.19799999892712
		endloop
	endfacet
	facet normal 0 1 0
		outer loop
			vertex 1.9404494762421 1.4904149770737 0
			vertex 1.9404494762421 1.4904149770737 0.19799999892712
			vertex 2.2307906150818 1.4904149770737 0
		endloop
	endfacet
	facet normal 0 -1 0
		outer loop
			vertex 1.9236799478531 1.5713850259781 0
			vertex 2.2475600242615 1.5713850259781 0.19799999892712
			vertex 1.9236799478531 1.5713850259781 0.19799999892712
		endloop
	endfacet
	facet normal 0 0 -1
		outer loop
			vertex 1.9404494762421 1.4904149770737 0.19799999892712
			vertex 1.9236799478531 1.5309000015259 0.19799999892712
			vertex 2.2252006530762 1.49600481987 0.19799999892712
		endloop
	endfacet
	facet normal 0 0 -1
		outer loop
			vertex 1.9236799478531 1.5309000015259 0.19799999892712
			vertex 1.9236799478531 1.5713850259781 0.19799999892712
			vertex 2.2252006530762 1.49600481987 0.19799999892712
		endloop
	endfacet
	facet normal -0 1 0
		outer loop
			vertex 1.9404494762421 1.4904149770737 0.19799999892712
			vertex 2.2307906150818 1.4904149770737 0.19799999892712
			vertex 2.2307906150818 1.4904149770737 0
		endloop
	endfacet
	facet normal 0 -1 0
		outer loop
			vertex 1.9236799478531 1.5713850259781 0
			vertex 2.2475600242615 1.5713850259781 0
			vertex 2.2475600242615 1.5713850259781 0.19799999892712
		endloop
	endfacet
	facet normal 0 0 -1
		outer loop
			vertex 1.9404494762421 1.4904149770737 0.19799999892712
			vertex 2.2252006530762 1.49600481987 0.19799999892712
			vertex 2.2307906150818 1.4904149770737 0.19799999892712
		endloop
	endfacet
	facet normal 0 0 -1
		outer loop
			vertex 1.9236799478531 1.5713850259781 0.19799999892712
			vertex 2.2475600242615 1.5713850259781 0.19799999892712
			vertex 2.2252006530762 1.49600481987 0.19799999892712
		endloop
	endfacet
	facet normal 0 0 -1
		outer loop
			vertex 2.2252006530762 1.49600481987 0.19799999892712
			vertex 2.2475600242615 1.5713850259781 0.19799999892712
			vertex 2.2475600242615 1.4934868812561 0.19799999892712
		endloop
	endfacet
	facet normal 0 0 -1
		outer loop
			vertex 1.8560374975204 1.4060029983521 0.19799999892712
			vertex 1.8531330823898 1.4229400157928 0.19799999892712
			vertex 1.8562049865723 1.4061706066132 0.19799999892712
		endloop
	endfacet
	facet normal 0.70710678118655 -0.70710678118655 0
		outer loop
			vertex 1.7870928049088 1.4515671730042 0
			vertex 1.8950527906418 1.5595271587372 0.19799999892712
			vertex 1.7870928049088 1.4515671730042 0.19799999892712
		endloop
	endfacet
	facet normal -0.70710628089397 0.70710728147878 0
		outer loop
			vertex 1.8562049865723 1.4061706066132 0
			vertex 1.8562049865723 1.4061706066132 0.19799999892712
			vertex 1.9404494762421 1.4904149770737 0
		endloop
	endfacet
	facet normal -0.70710628089397 0.70710728147878 0
		outer loop
			vertex 1.8562049865723 1.4061706066132 0.19799999892712
			vertex 1.9404494762421 1.4904149770737 0.19799999892712
			vertex 1.9404494762421 1.4904149770737 0
		endloop
	endfacet
	facet normal 0.70710678118655 -0.70710678118655 0
		outer loop
			vertex 1.7870928049088 1.4515671730042 0
			vertex 1.8950527906418 1.5595271587372 0
			vertex 1.8950527906418 1.5595271587372 0.19799999892712
		endloop
	endfacet
	facet normal 0 0 -1
		outer loop
			vertex 1.7870928049088 1.4515671730042 0.19799999892712
			vertex 1.8531330823898 1.4229400157928 0.19799999892712
			vertex 1.8096232414246 1.4290367364883 0.19799999892712
		endloop
	endfacet
	facet normal 0 0 -1
		outer loop
			vertex 1.7870928049088 1.4515671730042 0.19799999892712
			vertex 1.8950527906418 1.5595271587372 0.19799999892712
			vertex 1.8531330823898 1.4229400157928 0.19799999892712
		endloop
	endfacet
	facet normal 0 0 -1
		outer loop
			vertex 1.8562049865723 1.4061706066132 0.19799999892712
			vertex 1.8531330823898 1.4229400157928 0.19799999892712
			vertex 1.9404494762421 1.4904149770737 0.19799999892712
		endloop
	endfacet
	facet normal 0 0 -1
		outer loop
			vertex 1.8531330823898 1.4229400157928 0.19799999892712
			vertex 1.9236799478531 1.5309000015259 0.19799999892712
			vertex 1.9404494762421 1.4904149770737 0.19799999892712
		endloop
	endfacet
	facet normal 0 0 -1
		outer loop
			vertex 1.8531330823898 1.4229400157928 0.19799999892712
			vertex 1.8950527906418 1.5595271587372 0.19799999892712
			vertex 1.9236799478531 1.5309000015259 0.19799999892712
		endloop
	endfacet
	facet normal 1 0 0
		outer loop
			vertex 1.7752350568771 1.0990600585938 0
			vertex 1.7752350568771 1.4229400157928 0.19799999892712
			vertex 1.7752350568771 1.0990600585938 0.19799999892712
		endloop
	endfacet
	facet normal -1 0 0
		outer loop
			vertex 1.8562049865723 1.1158294677734 0
			vertex 1.8562049865723 1.1158294677734 0.19799999892712
			vertex 1.8562049865723 1.4061706066132 0
		endloop
	endfacet
	facet normal 0 0 -1
		outer loop
			vertex 1.7752350568771 1.0990600585938 0.19799999892712
			vertex 1.8436187505722 1.1269587278366 0.19799999892712
			vertex 1.8157199621201 1.0990600585938 0.19799999892712
		endloop
	endfacet
	facet normal 0 0 -1
		outer loop
			vertex 1.7752350568771 1.0990600585938 0.19799999892712
			vertex 1.7783167362213 1.4106130599976 0.19799999892712
			vertex 1.8436187505722 1.1269587278366 0.19799999892712
		endloop
	endfacet
	facet normal 0 0 -1
		outer loop
			vertex 1.8506151437759 1.1214191913605 0.19799999892712
			vertex 1.8436187505722 1.1269587278366 0.19799999892712
			vertex 1.7783167362213 1.4106130599976 0.19799999892712
		endloop
	endfacet
	facet normal 0 0 -1
		outer loop
			vertex 1.8506151437759 1.1214191913605 0.19799999892712
			vertex 1.8562049865723 1.4061706066132 0.19799999892712
			vertex 1.8562049865723 1.1158294677734 0.19799999892712
		endloop
	endfacet
	facet normal 1 0 0
		outer loop
			vertex 1.7752350568771 1.0990600585938 0
			vertex 1.7752350568771 1.4229400157928 0
			vertex 1.7752350568771 1.4229400157928 0.19799999892712
		endloop
	endfacet
	facet normal 0 0 -1
		outer loop
			vertex 1.7752350568771 1.0990600585938 0.19799999892712
			vertex 1.7752350568771 1.4229400157928 0.19799999892712
			vertex 1.7783167362213 1.4106130599976 0.19799999892712
		endloop
	endfacet
	facet normal -1 0 0
		outer loop
			vertex 1.8562049865723 1.1158294677734 0.19799999892712
			vertex 1.8562049865723 1.4061706066132 0.19799999892712
			vertex 1.8562049865723 1.4061706066132 0
		endloop
	endfacet
	facet normal 0 0 -1
		outer loop
			vertex 1.8506151437759 1.1214191913605 0.19799999892712
			vertex 1.7783167362213 1.4106130599976 0.19799999892712
			vertex 1.7813984155655 1.4229400157928 0.19799999892712
		endloop
	endfacet
	facet normal 0 0 -1
		outer loop
			vertex 1.8506151437759 1.1214191913605 0.19799999892712
			vertex 1.7813984155655 1.4229400157928 0.19799999892712
			vertex 1.8560374975204 1.4060029983521 0.19799999892712
		endloop
	endfacet
	facet normal 0 0 -1
		outer loop
			vertex 1.8506151437759 1.1214191913605 0.19799999892712
			vertex 1.8560374975204 1.4060029983521 0.19799999892712
			vertex 1.8562049865723 1.4061706066132 0.19799999892712
		endloop
	endfacet
	facet normal 0 0 -1
		outer loop
			vertex 1.7813984155655 1.4229400157928 0.19799999892712
			vertex 1.8531330823898 1.4229400157928 0.19799999892712
			vertex 1.8560374975204 1.4060029983521 0.19799999892712
		endloop
	endfacet
	facet normal 0.70710678118655 0.70710678118655 -0
		outer loop
			vertex 1.7870928049088 1.0704327821732 0
			vertex 1.7870928049088 1.0704327821732 0.19799999892712
			vertex 1.8950527906418 0.96247279644012 0
		endloop
	endfacet
	facet normal 0.70710678118655 0.70710678118655 0
		outer loop
			vertex 1.7870928049088 1.0704327821732 0.19799999892712
			vertex 1.8950527906418 0.96247279644012 0.19799999892712
			vertex 1.8950527906418 0.96247279644012 0
		endloop
	endfacet
	facet normal -0.70710678118655 -0.70710678118655 0
		outer loop
			vertex 1.8562049865723 1.1158294677734 0
			vertex 1.9404494762421 1.0315849781036 0
			vertex 1.9404494762421 1.0315849781036 0.19799999892712
		endloop
	endfacet
	facet normal -0.70710678118655 -0.70710678118655 0
		outer loop
			vertex 1.8562049865723 1.1158294677734 0
			vertex 1.9404494762421 1.0315849781036 0.19799999892712
			vertex 1.8562049865723 1.1158294677734 0.19799999892712
		endloop
	endfacet
	facet normal 0 0 -1
		outer loop
			vertex 1.7870928049088 1.0704327821732 0.19799999892712
			vertex 1.8157199621201 1.0990600585938 0.19799999892712
			vertex 1.8562049865723 1.1158294677734 0.19799999892712
		endloop
	endfacet
	facet normal 0 0 -1
		outer loop
			vertex 1.7870928049088 1.0704327821732 0.19799999892712
			vertex 1.8562049865723 1.1158294677734 0.19799999892712
			vertex 1.8950527906418 0.96247279644012 0.19799999892712
		endloop
	endfacet
	facet normal 0 0 -1
		outer loop
			vertex 1.8950527906418 0.96247279644012 0.19799999892712
			vertex 1.8562049865723 1.1158294677734 0.19799999892712
			vertex 1.9169631004333 0.98438310623169 0.19799999892712
		endloop
	endfacet
	facet normal 0 0 -1
		outer loop
			vertex 1.9169631004333 0.98438310623169 0.19799999892712
			vertex 1.8562049865723 1.1158294677734 0.19799999892712
			vertex 1.9236799478531 1.0285130739212 0.19799999892712
		endloop
	endfacet
	facet normal 0 0 -1
		outer loop
			vertex 1.8562049865723 1.1158294677734 0.19799999892712
			vertex 1.9404494762421 1.0315849781036 0.19799999892712
			vertex 1.9236799478531 1.0285130739212 0.19799999892712
		endloop
	endfacet
	facet normal 0 0 -1
		outer loop
			vertex 1.8157199621201 1.0990600585938 0.19799999892712
			vertex 1.8436187505722 1.1269587278366 0.19799999892712
			vertex 1.8506151437759 1.1214191913605 0.19799999892712
		endloop
	endfacet
	facet normal 0 0 -1
		outer loop
			vertex 1.8157199621201 1.0990600585938 0.19799999892712
			vertex 1.8506151437759 1.1214191913605 0.19799999892712
			vertex 1.8562049865723 1.1158294677734 0.19799999892712
		endloop
	endfacet
	facet normal 0 0 -1
		outer loop
			vertex 1.9236799478531 1.0285130739212 0.19799999892712
			vertex 1.9404494762421 1.0315849781036 0.19799999892712
			vertex 1.9460391998291 1.0259951353073 0.19799999892712
		endloop
	endfacet
	facet normal 0 1 0
		outer loop
			vertex 1.9236799478531 0.95061498880386 0
			vertex 1.9236799478531 0.95061498880386 0.19799999892712
			vertex 2.2475600242615 0.95061498880386 0
		endloop
	endfacet
	facet normal 0 -1 0
		outer loop
			vertex 1.9404494762421 1.0315849781036 0
			vertex 2.2307906150818 1.0315849781036 0.19799999892712
			vertex 1.9404494762421 1.0315849781036 0.19799999892712
		endloop
	endfacet
	facet normal 0 0 -1
		outer loop
			vertex 1.9236799478531 0.95061498880386 0.19799999892712
			vertex 1.9236799478531 1.0285130739212 0.19799999892712
			vertex 1.9460391998291 1.0259951353073 0.19799999892712
		endloop
	endfacet
	facet normal 0 0 -1
		outer loop
			vertex 1.9236799478531 0.95061498880386 0.19799999892712
			vertex 1.9460391998291 1.0259951353073 0.19799999892712
			vertex 2.2475600242615 0.95061498880386 0.19799999892712
		endloop
	endfacet
	facet normal 0 0 -1
		outer loop
			vertex 1.9404494762421 1.0315849781036 0.19799999892712
			vertex 2.2307906150818 1.0315849781036 0.19799999892712
			vertex 1.9460391998291 1.0259951353073 0.19799999892712
		endloop
	endfacet
	facet normal -0 1 0
		outer loop
			vertex 1.9236799478531 0.95061498880386 0.19799999892712
			vertex 2.2475600242615 0.95061498880386 0.19799999892712
			vertex 2.2475600242615 0.95061498880386 0
		endloop
	endfacet
	facet normal 0 -1 0
		outer loop
			vertex 1.9404494762421 1.0315849781036 0
			vertex 2.2307906150818 1.0315849781036 0
			vertex 2.2307906150818 1.0315849781036 0.19799999892712
		endloop
	endfacet
	facet normal 0 0 -1
		outer loop
			vertex 1.9460391998291 1.0259951353073 0.19799999892712
			vertex 2.2307906150818 1.0315849781036 0.19799999892712
			vertex 2.2475600242615 0.99110001325607 0.19799999892712
		endloop
	endfacet
	facet normal 0 0 -1
		outer loop
			vertex 1.9460391998291 1.0259951353073 0.19799999892712
			vertex 2.2475600242615 0.99110001325607 0.19799999892712
			vertex 2.2475600242615 0.95061498880386 0.19799999892712
		endloop
	endfacet
	facet normal 0.70710678118655 -0.70710678118655 0
		outer loop
			vertex 2.2307906150818 1.0315849781036 0
			vertex 2.3268928527832 1.1276872158051 0
			vertex 2.3268928527832 1.1276872158051 0.19799999892712
		endloop
	endfacet
	facet normal 0.70710678118655 -0.70710678118655 0
		outer loop
			vertex 2.2307906150818 1.0315849781036 0
			vertex 2.3268928527832 1.1276872158051 0.19799999892712
			vertex 2.2307906150818 1.0315849781036 0.19799999892712
		endloop
	endfacet
	facet normal 0 0 -1
		outer loop
			vertex 2.2307906150818 1.0315849781036 0.19799999892712
			vertex 2.3268928527832 1.1276872158051 0.19799999892712
			vertex 2.2475600242615 0.99110001325607 0.19799999892712
		endloop
	endfacet
	facet normal 0 0 -1
		outer loop
			vertex 2.2475600242615 0.99110001325607 0.19799999892712
			vertex 2.3268928527832 1.1276872158051 0.19799999892712
			vertex 2.2761871814728 0.96247279644012 0.19799999892712
		endloop
	endfacet
	facet normal -0.70710678118655 0.70710678118655 0
		outer loop
			vertex 2.2761871814728 0.96247279644012 0
			vertex 2.2761871814728 0.96247279644012 0.19799999892712
			vertex 2.3841471672058 1.0704327821732 0
		endloop
	endfacet
	facet normal -0.70710678118655 0.70710678118655 0
		outer loop
			vertex 2.2761871814728 0.96247279644012 0.19799999892712
			vertex 2.3841471672058 1.0704327821732 0.19799999892712
			vertex 2.3841471672058 1.0704327821732 0
		endloop
	endfacet
	facet normal 0 0 -1
		outer loop
			vertex 2.2761871814728 0.96247279644012 0.19799999892712
			vertex 2.3268928527832 1.1276872158051 0.19799999892712
			vertex 2.3841471672058 1.0704327821732 0.19799999892712
		endloop
	endfacet
	facet normal 0.55556717584489 0.83147165503325 -0
		outer loop
			vertex 2.3268928527832 1.3943127393723 0
			vertex 2.3268928527832 1.3943127393723 0.19799999892712
			vertex 2.3400270938873 1.3855367898941 0
		endloop
	endfacet
	facet normal 0.1950943370645 0.98078448175191 -0
		outer loop
			vertex 2.3400270938873 1.3855367898941 0
			vertex 2.3400270938873 1.3855367898941 0.19799999892712
			vertex 2.3555200099945 1.3824549913406 0
		endloop
	endfacet
	facet normal -0.1950943370645 0.98078448175191 0
		outer loop
			vertex 2.3555200099945 1.3824549913406 0
			vertex 2.3555200099945 1.3824549913406 0.19799999892712
			vertex 2.3710129261017 1.3855367898941 0
		endloop
	endfacet
	facet normal 0.55556717584489 0.83147165503325 -0
		outer loop
			vertex 2.3400270938873 1.3855367898941 0
			vertex 2.3268928527832 1.3943127393723 0.19799999892712
			vertex 2.3400270938873 1.3855367898941 0.19799999892712
		endloop
	endfacet
	facet normal 0.1950943370645 0.98078448175191 -0
		outer loop
			vertex 2.3555200099945 1.3824549913406 0
			vertex 2.3400270938873 1.3855367898941 0.19799999892712
			vertex 2.3555200099945 1.3824549913406 0.19799999892712
		endloop
	endfacet
	facet normal -0.1950943370645 0.98078448175191 0
		outer loop
			vertex 2.3710129261017 1.3855367898941 0
			vertex 2.3555200099945 1.3824549913406 0.19799999892712
			vertex 2.3710129261017 1.3855367898941 0.19799999892712
		endloop
	endfacet
	facet normal -0.55556717584489 0.83147165503325 0
		outer loop
			vertex 2.3841471672058 1.3943127393723 0
			vertex 2.3710129261017 1.3855367898941 0
			vertex 2.3710129261017 1.3855367898941 0.19799999892712
		endloop
	endfacet
	facet normal -0.83146701222603 0.55557412428939 0
		outer loop
			vertex 2.3841471672058 1.3943127393723 0
			vertex 2.3841471672058 1.3943127393723 0.19799999892712
			vertex 2.3929233551025 1.4074470996857 0
		endloop
	endfacet
	facet normal -0.98078736966341 0.19507981830198 0
		outer loop
			vertex 2.3929233551025 1.4074470996857 0
			vertex 2.3929233551025 1.4074470996857 0.19799999892712
			vertex 2.3960049152374 1.4229400157928 0
		endloop
	endfacet
	facet normal -0.55556717584489 0.83147165503325 0
		outer loop
			vertex 2.3841471672058 1.3943127393723 0
			vertex 2.3710129261017 1.3855367898941 0.19799999892712
			vertex 2.3841471672058 1.3943127393723 0.19799999892712
		endloop
	endfacet
	facet normal -0.98078736966341 0.19507981830198 0
		outer loop
			vertex 2.3929233551025 1.4074470996857 0.19799999892712
			vertex 2.3960049152374 1.4229400157928 0.19799999892712
			vertex 2.3960049152374 1.4229400157928 0
		endloop
	endfacet
	facet normal -0.83146701222603 0.55557412428939 0
		outer loop
			vertex 2.3929233551025 1.4074470996857 0
			vertex 2.3841471672058 1.3943127393723 0.19799999892712
			vertex 2.3929233551025 1.4074470996857 0.19799999892712
		endloop
	endfacet
	facet normal 0 0 -1
		outer loop
			vertex 2.3268928527832 1.3943127393723 0.19799999892712
			vertex 2.3488030433655 1.4162230491638 0.19799999892712
			vertex 2.3400270938873 1.3855367898941 0.19799999892712
		endloop
	endfacet
	facet normal 0 0 -1
		outer loop
			vertex 2.3400270938873 1.3855367898941 0.19799999892712
			vertex 2.3488030433655 1.4162230491638 0.19799999892712
			vertex 2.3555200099945 1.3824549913406 0.19799999892712
		endloop
	endfacet
	facet normal 0 0 -1
		outer loop
			vertex 2.3555200099945 1.3824549913406 0.19799999892712
			vertex 2.3555200099945 1.4603531360626 0.19799999892712
			vertex 2.3710129261017 1.3855367898941 0.19799999892712
		endloop
	endfacet
	facet normal 0 0 -1
		outer loop
			vertex 2.3710129261017 1.3855367898941 0.19799999892712
			vertex 2.3841471672058 1.4515671730042 0.19799999892712
			vertex 2.3841471672058 1.3943127393723 0.19799999892712
		endloop
	endfacet
	facet normal 0 0 -1
		outer loop
			vertex 2.3841471672058 1.3943127393723 0.19799999892712
			vertex 2.3841471672058 1.4515671730042 0.19799999892712
			vertex 2.3929233551025 1.4074470996857 0.19799999892712
		endloop
	endfacet
	facet normal -0.98078736966341 -0.19507981830198 0
		outer loop
			vertex 2.3960049152374 1.4229400157928 0
			vertex 2.3960049152374 1.4229400157928 0.19799999892712
			vertex 2.3929233551025 1.4384329319 0
		endloop
	endfacet
	facet normal -0.83146468287841 -0.55557761035332 0
		outer loop
			vertex 2.3841471672058 1.4515671730042 0
			vertex 2.3929233551025 1.4384329319 0
			vertex 2.3929233551025 1.4384329319 0.19799999892712
		endloop
	endfacet
	facet normal -0.98078736966341 -0.19507981830198 0
		outer loop
			vertex 2.3929233551025 1.4384329319 0
			vertex 2.3960049152374 1.4229400157928 0.19799999892712
			vertex 2.3929233551025 1.4384329319 0.19799999892712
		endloop
	endfacet
	facet normal -0.83146468287841 -0.55557761035332 0
		outer loop
			vertex 2.3841471672058 1.4515671730042 0
			vertex 2.3929233551025 1.4384329319 0.19799999892712
			vertex 2.3841471672058 1.4515671730042 0.19799999892712
		endloop
	endfacet
	facet normal 0 0 -1
		outer loop
			vertex 2.3488030433655 1.4162230491638 0.19799999892712
			vertex 2.3555200099945 1.4603531360626 0.19799999892712
			vertex 2.3555200099945 1.3824549913406 0.19799999892712
		endloop
	endfacet
	facet normal 0 0 -1
		outer loop
			vertex 2.3710129261017 1.3855367898941 0.19799999892712
			vertex 2.3555200099945 1.4603531360626 0.19799999892712
			vertex 2.3841471672058 1.4515671730042 0.19799999892712
		endloop
	endfacet
	facet normal 0 0 -1
		outer loop
			vertex 2.3929233551025 1.4074470996857 0.19799999892712
			vertex 2.3841471672058 1.4515671730042 0.19799999892712
			vertex 2.3929233551025 1.4384329319 0.19799999892712
		endloop
	endfacet
	facet normal 0 0 -1
		outer loop
			vertex 2.3929233551025 1.4074470996857 0.19799999892712
			vertex 2.3929233551025 1.4384329319 0.19799999892712
			vertex 2.3960049152374 1.4229400157928 0.19799999892712
		endloop
	endfacet
	facet normal -0.1950943370645 -0.98078448175191 0
		outer loop
			vertex 2.2475600242615 1.5713850259781 0
			vertex 2.2630529403687 1.5683032274246 0
			vertex 2.2630529403687 1.5683032274246 0.19799999892712
		endloop
	endfacet
	facet normal -0.55557239313192 -0.83146816895758 0
		outer loop
			vertex 2.2630529403687 1.5683032274246 0
			vertex 2.2761871814728 1.5595271587372 0
			vertex 2.2761871814728 1.5595271587372 0.19799999892712
		endloop
	endfacet
	facet normal -0.1950943370645 -0.98078448175191 0
		outer loop
			vertex 2.2475600242615 1.5713850259781 0
			vertex 2.2630529403687 1.5683032274246 0.19799999892712
			vertex 2.2475600242615 1.5713850259781 0.19799999892712
		endloop
	endfacet
	facet normal -0.55557239313192 -0.83146816895758 0
		outer loop
			vertex 2.2630529403687 1.5683032274246 0
			vertex 2.2761871814728 1.5595271587372 0.19799999892712
			vertex 2.2630529403687 1.5683032274246 0.19799999892712
		endloop
	endfacet
	facet normal 0 0 -1
		outer loop
			vertex 2.2475600242615 1.4934868812561 0.19799999892712
			vertex 2.2475600242615 1.5713850259781 0.19799999892712
			vertex 2.2542769908905 1.5376168489456 0.19799999892712
		endloop
	endfacet
	facet normal 0 0 -1
		outer loop
			vertex 2.2542769908905 1.5376168489456 0.19799999892712
			vertex 2.2475600242615 1.5713850259781 0.19799999892712
			vertex 2.2630529403687 1.5683032274246 0.19799999892712
		endloop
	endfacet
	facet normal 0 0 -1
		outer loop
			vertex 2.2542769908905 1.5376168489456 0.19799999892712
			vertex 2.2630529403687 1.5683032274246 0.19799999892712
			vertex 2.2761871814728 1.5595271587372 0.19799999892712
		endloop
	endfacet
	facet normal 0.55557239313192 -0.83146816895758 0
		outer loop
			vertex 1.8950527906418 1.5595271587372 0
			vertex 1.9081870317459 1.5683032274246 0
			vertex 1.9081870317459 1.5683032274246 0.19799999892712
		endloop
	endfacet
	facet normal 0.1950943370645 -0.98078448175191 0
		outer loop
			vertex 1.9081870317459 1.5683032274246 0
			vertex 1.9236799478531 1.5713850259781 0
			vertex 1.9236799478531 1.5713850259781 0.19799999892712
		endloop
	endfacet
	facet normal 0.55557239313192 -0.83146816895758 0
		outer loop
			vertex 1.8950527906418 1.5595271587372 0
			vertex 1.9081870317459 1.5683032274246 0.19799999892712
			vertex 1.8950527906418 1.5595271587372 0.19799999892712
		endloop
	endfacet
	facet normal 0.1950943370645 -0.98078448175191 0
		outer loop
			vertex 1.9081870317459 1.5683032274246 0
			vertex 1.9236799478531 1.5713850259781 0.19799999892712
			vertex 1.9081870317459 1.5683032274246 0.19799999892712
		endloop
	endfacet
	facet normal 0 0 -1
		outer loop
			vertex 1.8950527906418 1.5595271587372 0.19799999892712
			vertex 1.9236799478531 1.5713850259781 0.19799999892712
			vertex 1.9236799478531 1.5309000015259 0.19799999892712
		endloop
	endfacet
	facet normal 0 0 -1
		outer loop
			vertex 1.8950527906418 1.5595271587372 0.19799999892712
			vertex 1.9081870317459 1.5683032274246 0.19799999892712
			vertex 1.9236799478531 1.5713850259781 0.19799999892712
		endloop
	endfacet
	facet normal 0.9807859257324 -0.19508707769927 0
		outer loop
			vertex 1.7752350568771 1.4229400157928 0
			vertex 1.7783167362213 1.4384329319 0
			vertex 1.7783167362213 1.4384329319 0.19799999892712
		endloop
	endfacet
	facet normal 0.83146816895758 -0.55557239313192 0
		outer loop
			vertex 1.7870928049088 1.4515671730042 0
			vertex 1.7870928049088 1.4515671730042 0.19799999892712
			vertex 1.7783167362213 1.4384329319 0
		endloop
	endfacet
	facet normal 0.9807859257324 -0.19508707769927 0
		outer loop
			vertex 1.7752350568771 1.4229400157928 0
			vertex 1.7783167362213 1.4384329319 0.19799999892712
			vertex 1.7752350568771 1.4229400157928 0.19799999892712
		endloop
	endfacet
	facet normal 0.83146816895758 -0.55557239313192 0
		outer loop
			vertex 1.7783167362213 1.4384329319 0
			vertex 1.7870928049088 1.4515671730042 0.19799999892712
			vertex 1.7783167362213 1.4384329319 0.19799999892712
		endloop
	endfacet
	facet normal 0 0 -1
		outer loop
			vertex 1.7783167362213 1.4106130599976 0.19799999892712
			vertex 1.7752350568771 1.4229400157928 0.19799999892712
			vertex 1.7783167362213 1.4384329319 0.19799999892712
		endloop
	endfacet
	facet normal 0 0 -1
		outer loop
			vertex 1.7813984155655 1.4229400157928 0.19799999892712
			vertex 1.7783167362213 1.4384329319 0.19799999892712
			vertex 1.7870928049088 1.4515671730042 0.19799999892712
		endloop
	endfacet
	facet normal 0 0 -1
		outer loop
			vertex 1.7813984155655 1.4229400157928 0.19799999892712
			vertex 1.7870928049088 1.4515671730042 0.19799999892712
			vertex 1.8096232414246 1.4290367364883 0.19799999892712
		endloop
	endfacet
	facet normal 0 0 -1
		outer loop
			vertex 1.7783167362213 1.4106130599976 0.19799999892712
			vertex 1.7783167362213 1.4384329319 0.19799999892712
			vertex 1.7813984155655 1.4229400157928 0.19799999892712
		endloop
	endfacet
	facet normal 0 0 -1
		outer loop
			vertex 1.7813984155655 1.4229400157928 0.19799999892712
			vertex 1.8096232414246 1.4290367364883 0.19799999892712
			vertex 1.8531330823898 1.4229400157928 0.19799999892712
		endloop
	endfacet
	facet normal 0.9807862129449 0.195085633754 -0
		outer loop
			vertex 1.7752350568771 1.0990600585938 0
			vertex 1.7752350568771 1.0990600585938 0.19799999892712
			vertex 1.7783167362213 1.0835670232773 0
		endloop
	endfacet
	facet normal 0.83146816895758 0.55557239313192 -0
		outer loop
			vertex 1.7783167362213 1.0835670232773 0
			vertex 1.7783167362213 1.0835670232773 0.19799999892712
			vertex 1.7870928049088 1.0704327821732 0
		endloop
	endfacet
	facet normal 0.9807862129449 0.195085633754 -0
		outer loop
			vertex 1.7783167362213 1.0835670232773 0
			vertex 1.7752350568771 1.0990600585938 0.19799999892712
			vertex 1.7783167362213 1.0835670232773 0.19799999892712
		endloop
	endfacet
	facet normal 0.83146816895758 0.55557239313192 -0
		outer loop
			vertex 1.7870928049088 1.0704327821732 0
			vertex 1.7783167362213 1.0835670232773 0.19799999892712
			vertex 1.7870928049088 1.0704327821732 0.19799999892712
		endloop
	endfacet
	facet normal 0 0 -1
		outer loop
			vertex 1.7752350568771 1.0990600585938 0.19799999892712
			vertex 1.8157199621201 1.0990600585938 0.19799999892712
			vertex 1.7870928049088 1.0704327821732 0.19799999892712
		endloop
	endfacet
	facet normal 0 0 -1
		outer loop
			vertex 1.7752350568771 1.0990600585938 0.19799999892712
			vertex 1.7870928049088 1.0704327821732 0.19799999892712
			vertex 1.7783167362213 1.0835670232773 0.19799999892712
		endloop
	endfacet
	facet normal 0.55557239313192 0.83146816895758 -0
		outer loop
			vertex 1.8950527906418 0.96247279644012 0
			vertex 1.8950527906418 0.96247279644012 0.19799999892712
			vertex 1.9081870317459 0.95369672775269 0
		endloop
	endfacet
	facet normal 0.19509070738589 0.98078520374834 -0
		outer loop
			vertex 1.9081870317459 0.95369672775269 0
			vertex 1.9081870317459 0.95369672775269 0.19799999892712
			vertex 1.9236799478531 0.95061498880386 0
		endloop
	endfacet
	facet normal 0.55557239313192 0.83146816895758 -0
		outer loop
			vertex 1.9081870317459 0.95369672775269 0
			vertex 1.8950527906418 0.96247279644012 0.19799999892712
			vertex 1.9081870317459 0.95369672775269 0.19799999892712
		endloop
	endfacet
	facet normal 0.19509070738589 0.98078520374834 0
		outer loop
			vertex 1.9081870317459 0.95369672775269 0.19799999892712
			vertex 1.9236799478531 0.95061498880386 0.19799999892712
			vertex 1.9236799478531 0.95061498880386 0
		endloop
	endfacet
	facet normal 0 0 -1
		outer loop
			vertex 1.9081870317459 0.95369672775269 0.19799999892712
			vertex 1.9169631004333 0.98438310623169 0.19799999892712
			vertex 1.9236799478531 0.95061498880386 0.19799999892712
		endloop
	endfacet
	facet normal 0 0 -1
		outer loop
			vertex 1.8950527906418 0.96247279644012 0.19799999892712
			vertex 1.9169631004333 0.98438310623169 0.19799999892712
			vertex 1.9081870317459 0.95369672775269 0.19799999892712
		endloop
	endfacet
	facet normal 0 0 -1
		outer loop
			vertex 1.9169631004333 0.98438310623169 0.19799999892712
			vertex 1.9236799478531 1.0285130739212 0.19799999892712
			vertex 1.9236799478531 0.95061498880386 0.19799999892712
		endloop
	endfacet
	facet normal -0.19509070738589 0.98078520374834 0
		outer loop
			vertex 2.2475600242615 0.95061498880386 0
			vertex 2.2475600242615 0.95061498880386 0.19799999892712
			vertex 2.2630529403687 0.95369672775269 0
		endloop
	endfacet
	facet normal -0.55557239313192 0.83146816895758 0
		outer loop
			vertex 2.2630529403687 0.95369672775269 0
			vertex 2.2630529403687 0.95369672775269 0.19799999892712
			vertex 2.2761871814728 0.96247279644012 0
		endloop
	endfacet
	facet normal -0.19509070738589 0.98078520374834 0
		outer loop
			vertex 2.2630529403687 0.95369672775269 0
			vertex 2.2475600242615 0.95061498880386 0.19799999892712
			vertex 2.2630529403687 0.95369672775269 0.19799999892712
		endloop
	endfacet
	facet normal -0.55557239313192 0.83146816895758 0
		outer loop
			vertex 2.2761871814728 0.96247279644012 0
			vertex 2.2630529403687 0.95369672775269 0.19799999892712
			vertex 2.2761871814728 0.96247279644012 0.19799999892712
		endloop
	endfacet
	facet normal 0 0 -1
		outer loop
			vertex 2.2475600242615 0.95061498880386 0.19799999892712
			vertex 2.2475600242615 0.99110001325607 0.19799999892712
			vertex 2.2761871814728 0.96247279644012 0.19799999892712
		endloop
	endfacet
	facet normal 0 0 -1
		outer loop
			vertex 2.2475600242615 0.95061498880386 0.19799999892712
			vertex 2.2761871814728 0.96247279644012 0.19799999892712
			vertex 2.2630529403687 0.95369672775269 0.19799999892712
		endloop
	endfacet
	facet normal -0.83146468287841 0.55557761035332 0
		outer loop
			vertex 2.3841471672058 1.0704327821732 0
			vertex 2.3841471672058 1.0704327821732 0.19799999892712
			vertex 2.3929233551025 1.0835670232773 0
		endloop
	endfacet
	facet normal -0.98078765685496 0.19507837440619 0
		outer loop
			vertex 2.3929233551025 1.0835670232773 0
			vertex 2.3929233551025 1.0835670232773 0.19799999892712
			vertex 2.3960049152374 1.0990600585938 0
		endloop
	endfacet
	facet normal -0.83146468287841 0.55557761035332 0
		outer loop
			vertex 2.3929233551025 1.0835670232773 0
			vertex 2.3841471672058 1.0704327821732 0.19799999892712
			vertex 2.3929233551025 1.0835670232773 0.19799999892712
		endloop
	endfacet
	facet normal -0.98078765685496 0.19507837440619 0
		outer loop
			vertex 2.3960049152374 1.0990600585938 0
			vertex 2.3929233551025 1.0835670232773 0.19799999892712
			vertex 2.3960049152374 1.0990600585938 0.19799999892712
		endloop
	endfacet
	facet normal 0 0 -1
		outer loop
			vertex 2.3929233551025 1.0835670232773 0.19799999892712
			vertex 2.3929233551025 1.1145529747009 0.19799999892712
			vertex 2.3960049152374 1.0990600585938 0.19799999892712
		endloop
	endfacet
	facet normal 0 0 -1
		outer loop
			vertex 2.3841471672058 1.0704327821732 0.19799999892712
			vertex 2.3841471672058 1.1276872158051 0.19799999892712
			vertex 2.3929233551025 1.0835670232773 0.19799999892712
		endloop
	endfacet
	facet normal 0.55557239313192 -0.83146816895758 0
		outer loop
			vertex 2.3268928527832 1.1276872158051 0
			vertex 2.3400270938873 1.1364632844925 0
			vertex 2.3400270938873 1.1364632844925 0.19799999892712
		endloop
	endfacet
	facet normal 0.19508707769927 -0.9807859257324 0
		outer loop
			vertex 2.3400270938873 1.1364632844925 0
			vertex 2.3555200099945 1.1395449638367 0
			vertex 2.3555200099945 1.1395449638367 0.19799999892712
		endloop
	endfacet
	facet normal -0.19508707769927 -0.9807859257324 0
		outer loop
			vertex 2.3555200099945 1.1395449638367 0
			vertex 2.3710129261017 1.1364632844925 0
			vertex 2.3710129261017 1.1364632844925 0.19799999892712
		endloop
	endfacet
	facet normal 0.55557239313192 -0.83146816895758 0
		outer loop
			vertex 2.3268928527832 1.1276872158051 0
			vertex 2.3400270938873 1.1364632844925 0.19799999892712
			vertex 2.3268928527832 1.1276872158051 0.19799999892712
		endloop
	endfacet
	facet normal 0.19508707769927 -0.9807859257324 0
		outer loop
			vertex 2.3400270938873 1.1364632844925 0
			vertex 2.3555200099945 1.1395449638367 0.19799999892712
			vertex 2.3400270938873 1.1364632844925 0.19799999892712
		endloop
	endfacet
	facet normal -0.19508707769927 -0.9807859257324 0
		outer loop
			vertex 2.3555200099945 1.1395449638367 0
			vertex 2.3710129261017 1.1364632844925 0.19799999892712
			vertex 2.3555200099945 1.1395449638367 0.19799999892712
		endloop
	endfacet
	facet normal -0.55557239313192 -0.83146816895758 0
		outer loop
			vertex 2.3710129261017 1.1364632844925 0
			vertex 2.3841471672058 1.1276872158051 0
			vertex 2.3841471672058 1.1276872158051 0.19799999892712
		endloop
	endfacet
	facet normal -0.83146468287841 -0.55557761035332 0
		outer loop
			vertex 2.3841471672058 1.1276872158051 0
			vertex 2.3929233551025 1.1145529747009 0
			vertex 2.3929233551025 1.1145529747009 0.19799999892712
		endloop
	endfacet
	facet normal -0.98078736966341 -0.19507981830198 0
		outer loop
			vertex 2.3960049152374 1.0990600585938 0
			vertex 2.3960049152374 1.0990600585938 0.19799999892712
			vertex 2.3929233551025 1.1145529747009 0
		endloop
	endfacet
	facet normal -0.55557239313192 -0.83146816895758 0
		outer loop
			vertex 2.3710129261017 1.1364632844925 0
			vertex 2.3841471672058 1.1276872158051 0.19799999892712
			vertex 2.3710129261017 1.1364632844925 0.19799999892712
		endloop
	endfacet
	facet normal -0.98078736966341 -0.19507981830198 0
		outer loop
			vertex 2.3960049152374 1.0990600585938 0.19799999892712
			vertex 2.3929233551025 1.1145529747009 0.19799999892712
			vertex 2.3929233551025 1.1145529747009 0
		endloop
	endfacet
	facet normal -0.83146468287841 -0.55557761035332 0
		outer loop
			vertex 2.3841471672058 1.1276872158051 0
			vertex 2.3929233551025 1.1145529747009 0.19799999892712
			vertex 2.3841471672058 1.1276872158051 0.19799999892712
		endloop
	endfacet
	facet normal 0 0 -1
		outer loop
			vertex 2.3268928527832 1.1276872158051 0.19799999892712
			vertex 2.3400270938873 1.1364632844925 0.19799999892712
			vertex 2.3555200099945 1.1395449638367 0.19799999892712
		endloop
	endfacet
	facet normal 0 0 -1
		outer loop
			vertex 2.3268928527832 1.1276872158051 0.19799999892712
			vertex 2.3555200099945 1.1395449638367 0.19799999892712
			vertex 2.3710129261017 1.1364632844925 0.19799999892712
		endloop
	endfacet
	facet normal 0 0 -1
		outer loop
			vertex 2.3841471672058 1.0704327821732 0.19799999892712
			vertex 2.3268928527832 1.1276872158051 0.19799999892712
			vertex 2.3710129261017 1.1364632844925 0.19799999892712
		endloop
	endfacet
	facet normal 0 0 -1
		outer loop
			vertex 2.3841471672058 1.0704327821732 0.19799999892712
			vertex 2.3710129261017 1.1364632844925 0.19799999892712
			vertex 2.3841471672058 1.1276872158051 0.19799999892712
		endloop
	endfacet
	facet normal 0 0 -1
		outer loop
			vertex 2.3929233551025 1.0835670232773 0.19799999892712
			vertex 2.3841471672058 1.1276872158051 0.19799999892712
			vertex 2.3929233551025 1.1145529747009 0.19799999892712
		endloop
	endfacet
	facet normal 1 0 0
		outer loop
			vertex 2.8008549213409 1.0888394117355 0
			vertex 2.8008549213409 1.3284749984741 0.19799999892712
			vertex 2.8008549213409 1.0888394117355 0.19799999892712
		endloop
	endfacet
	facet normal 1 0 0
		outer loop
			vertex 2.8008549213409 1.0888394117355 0
			vertex 2.8008549213409 1.3284749984741 0
			vertex 2.8008549213409 1.3284749984741 0.19799999892712
		endloop
	endfacet
	facet normal 0 0 -1
		outer loop
			vertex 2.8008549213409 1.0706511735916 0.19799999892712
			vertex 2.8818249702454 0.99110001325607 0.19799999892712
			vertex 2.8413400650024 0.99110001325607 0.19799999892712
		endloop
	endfacet
	facet normal 0 0 -1
		outer loop
			vertex 2.8008549213409 1.0706511735916 0.19799999892712
			vertex 2.8008549213409 1.0888394117355 0.19799999892712
			vertex 2.8818249702454 0.99110001325607 0.19799999892712
		endloop
	endfacet
	facet normal -1 0 0
		outer loop
			vertex 2.8818249702454 0.99110001325607 0
			vertex 2.8818249702454 0.99110001325607 0.19799999892712
			vertex 2.8818249702454 1.3284749984741 0
		endloop
	endfacet
	facet normal -1 0 0
		outer loop
			vertex 2.8818249702454 0.99110001325607 0.19799999892712
			vertex 2.8818249702454 1.3284749984741 0.19799999892712
			vertex 2.8818249702454 1.3284749984741 0
		endloop
	endfacet
	facet normal 0 0 -1
		outer loop
			vertex 2.8008549213409 1.0888394117355 0.19799999892712
			vertex 2.8008549213409 1.3284749984741 0.19799999892712
			vertex 2.8818249702454 0.99110001325607 0.19799999892712
		endloop
	endfacet
	facet normal 0 0 -1
		outer loop
			vertex 2.8818249702454 0.99110001325607 0.19799999892712
			vertex 2.8008549213409 1.3284749984741 0.19799999892712
			vertex 2.8008549213409 1.3790812492371 0.19799999892712
		endloop
	endfacet
	facet normal 0 0 -1
		outer loop
			vertex 2.8818249702454 0.99110001325607 0.19799999892712
			vertex 2.8008549213409 1.3790812492371 0.19799999892712
			vertex 2.8008549213409 1.4094450473785 0.19799999892712
		endloop
	endfacet
	facet normal 1 0 0
		outer loop
			vertex 2.8008549213409 1.4094450473785 0
			vertex 2.8008549213409 1.5309000015259 0
			vertex 2.8008549213409 1.5309000015259 0.19799999892712
		endloop
	endfacet
	facet normal 1 0 0
		outer loop
			vertex 2.8008549213409 1.4094450473785 0
			vertex 2.8008549213409 1.5309000015259 0.19799999892712
			vertex 2.8008549213409 1.4094450473785 0.19799999892712
		endloop
	endfacet
	facet normal 0 0 -1
		outer loop
			vertex 2.8818249702454 0.99110001325607 0.19799999892712
			vertex 2.8008549213409 1.4094450473785 0.19799999892712
			vertex 2.8008549213409 1.5309000015259 0.19799999892712
		endloop
	endfacet
	facet normal 0 0 -1
		outer loop
			vertex 2.8818249702454 0.99110001325607 0.19799999892712
			vertex 2.8039367198944 1.5231956243515 0.19799999892712
			vertex 2.8818249702454 1.3284749984741 0.19799999892712
		endloop
	endfacet
	facet normal 0 0 -1
		outer loop
			vertex 2.8818249702454 0.99110001325607 0.19799999892712
			vertex 2.8008549213409 1.5309000015259 0.19799999892712
			vertex 2.8039367198944 1.5231956243515 0.19799999892712
		endloop
	endfacet
	facet normal 0 0 -1
		outer loop
			vertex 2.8039367198944 1.5231956243515 0.19799999892712
			vertex 2.8818249702454 1.3912267684937 0.19799999892712
			vertex 2.8818249702454 1.3284749984741 0.19799999892712
		endloop
	endfacet
	facet normal -1 0 0
		outer loop
			vertex 2.8818249702454 1.4094450473785 0
			vertex 2.8818249702454 1.4094450473785 0.19799999892712
			vertex 2.8818249702454 1.5309000015259 0
		endloop
	endfacet
	facet normal -1 0 0
		outer loop
			vertex 2.8818249702454 1.4094450473785 0.19799999892712
			vertex 2.8818249702454 1.5309000015259 0.19799999892712
			vertex 2.8818249702454 1.5309000015259 0
		endloop
	endfacet
	facet normal 0 0 -1
		outer loop
			vertex 2.8039367198944 1.5309000015259 0.19799999892712
			vertex 2.8818249702454 1.3912267684937 0.19799999892712
			vertex 2.8039367198944 1.5231956243515 0.19799999892712
		endloop
	endfacet
	facet normal 0 0 -1
		outer loop
			vertex 2.8039367198944 1.5309000015259 0.19799999892712
			vertex 2.8818249702454 1.4094450473785 0.19799999892712
			vertex 2.8818249702454 1.3912267684937 0.19799999892712
		endloop
	endfacet
	facet normal 0 0 -1
		outer loop
			vertex 2.8039367198944 1.5309000015259 0.19799999892712
			vertex 2.8818249702454 1.5309000015259 0.19799999892712
			vertex 2.8818249702454 1.4094450473785 0.19799999892712
		endloop
	endfacet
	facet normal 0.70710689272748 0.7071066696456 0
		outer loop
			vertex 2.8127126693726 0.96247279644012 0.19799999892712
			vertex 2.4348528385162 1.3403327465057 0
			vertex 2.4348528385162 1.3403327465057 0.19799999892712
		endloop
	endfacet
	facet normal 0.70710689272748 0.7071066696456 -0
		outer loop
			vertex 2.8127126693726 0.96247279644012 0
			vertex 2.4348528385162 1.3403327465057 0
			vertex 2.8127126693726 0.96247279644012 0.19799999892712
		endloop
	endfacet
	facet normal -0.70710695706549 -0.70710660530756 0
		outer loop
			vertex 2.8008549213409 1.0888394117355 0.19799999892712
			vertex 2.5612194538116 1.3284749984741 0.19799999892712
			vertex 2.5612194538116 1.3284749984741 0
		endloop
	endfacet
	facet normal 0 0 -1
		outer loop
			vertex 2.8008549213409 1.0706511735916 0.19799999892712
			vertex 2.4348528385162 1.3403327465057 0.19799999892712
			vertex 2.5484707355499 1.3412235975266 0.19799999892712
		endloop
	endfacet
	facet normal 0 0 -1
		outer loop
			vertex 2.8127126693726 0.96247279644012 0.19799999892712
			vertex 2.4348528385162 1.3403327465057 0.19799999892712
			vertex 2.8008549213409 1.0706511735916 0.19799999892712
		endloop
	endfacet
	facet normal 0 0 -1
		outer loop
			vertex 2.8008549213409 1.0706511735916 0.19799999892712
			vertex 2.5484707355499 1.3412235975266 0.19799999892712
			vertex 2.5612194538116 1.3284749984741 0.19799999892712
		endloop
	endfacet
	facet normal 0 0 -1
		outer loop
			vertex 2.8127126693726 0.96247279644012 0.19799999892712
			vertex 2.8008549213409 1.0706511735916 0.19799999892712
			vertex 2.8413400650024 0.99110001325607 0.19799999892712
		endloop
	endfacet
	facet normal -0.70710695706549 -0.70710660530756 0
		outer loop
			vertex 2.8008549213409 1.0888394117355 0
			vertex 2.8008549213409 1.0888394117355 0.19799999892712
			vertex 2.5612194538116 1.3284749984741 0
		endloop
	endfacet
	facet normal 0 0 -1
		outer loop
			vertex 2.8008549213409 1.0706511735916 0.19799999892712
			vertex 2.5612194538116 1.3284749984741 0.19799999892712
			vertex 2.8008549213409 1.0888394117355 0.19799999892712
		endloop
	endfacet
	facet normal 0 0 -1
		outer loop
			vertex 2.4348528385162 1.3403327465057 0.19799999892712
			vertex 2.4634799957275 1.3689600229263 0.19799999892712
			vertex 2.5484707355499 1.3412235975266 0.19799999892712
		endloop
	endfacet
	facet normal 0 0 -1
		outer loop
			vertex 2.4634799957275 1.3689600229263 0.19799999892712
			vertex 2.4634799957275 1.4094450473785 0.19799999892712
			vertex 2.5484707355499 1.3412235975266 0.19799999892712
		endloop
	endfacet
	facet normal 0 -1 0
		outer loop
			vertex 2.4634799957275 1.4094450473785 0
			vertex 2.8008549213409 1.4094450473785 0.19799999892712
			vertex 2.4634799957275 1.4094450473785 0.19799999892712
		endloop
	endfacet
	facet normal 0 1 0
		outer loop
			vertex 2.5612194538116 1.3284749984741 0
			vertex 2.5612194538116 1.3284749984741 0.19799999892712
			vertex 2.8008549213409 1.3284749984741 0
		endloop
	endfacet
	facet normal 0 -1 0
		outer loop
			vertex 2.4634799957275 1.4094450473785 0
			vertex 2.8008549213409 1.4094450473785 0
			vertex 2.8008549213409 1.4094450473785 0.19799999892712
		endloop
	endfacet
	facet normal 0 0 -1
		outer loop
			vertex 2.4634799957275 1.4094450473785 0.19799999892712
			vertex 2.8008549213409 1.3790812492371 0.19799999892712
			vertex 2.5484707355499 1.3412235975266 0.19799999892712
		endloop
	endfacet
	facet normal 0 0 -1
		outer loop
			vertex 2.5612194538116 1.3284749984741 0.19799999892712
			vertex 2.5484707355499 1.3412235975266 0.19799999892712
			vertex 2.8008549213409 1.3790812492371 0.19799999892712
		endloop
	endfacet
	facet normal 0 0 -1
		outer loop
			vertex 2.4634799957275 1.4094450473785 0.19799999892712
			vertex 2.8008549213409 1.4094450473785 0.19799999892712
			vertex 2.8008549213409 1.3790812492371 0.19799999892712
		endloop
	endfacet
	facet normal -0 1 0
		outer loop
			vertex 2.5612194538116 1.3284749984741 0.19799999892712
			vertex 2.8008549213409 1.3284749984741 0.19799999892712
			vertex 2.8008549213409 1.3284749984741 0
		endloop
	endfacet
	facet normal 0 0 -1
		outer loop
			vertex 2.5612194538116 1.3284749984741 0.19799999892712
			vertex 2.8008549213409 1.3790812492371 0.19799999892712
			vertex 2.8008549213409 1.3284749984741 0.19799999892712
		endloop
	endfacet
	facet normal 0 1 0
		outer loop
			vertex 2.8818249702454 1.3284749984741 0
			vertex 2.8818249702454 1.3284749984741 0.19799999892712
			vertex 3.0032799243927 1.3284749984741 0
		endloop
	endfacet
	facet normal 0 -1 0
		outer loop
			vertex 2.8818249702454 1.4094450473785 0
			vertex 3.0032799243927 1.4094450473785 0.19799999892712
			vertex 2.8818249702454 1.4094450473785 0.19799999892712
		endloop
	endfacet
	facet normal 0 0 -1
		outer loop
			vertex 2.8818249702454 1.3284749984741 0.19799999892712
			vertex 2.8818249702454 1.3912267684937 0.19799999892712
			vertex 3.0032799243927 1.3284749984741 0.19799999892712
		endloop
	endfacet
	facet normal 0 0 -1
		outer loop
			vertex 2.8818249702454 1.3912267684937 0.19799999892712
			vertex 2.8818249702454 1.4094450473785 0.19799999892712
			vertex 3.0032799243927 1.4094450473785 0.19799999892712
		endloop
	endfacet
	facet normal -0 1 0
		outer loop
			vertex 2.8818249702454 1.3284749984741 0.19799999892712
			vertex 3.0032799243927 1.3284749984741 0.19799999892712
			vertex 3.0032799243927 1.3284749984741 0
		endloop
	endfacet
	facet normal 0 -1 0
		outer loop
			vertex 2.8818249702454 1.4094450473785 0
			vertex 3.0032799243927 1.4094450473785 0
			vertex 3.0032799243927 1.4094450473785 0.19799999892712
		endloop
	endfacet
	facet normal 0 0 -1
		outer loop
			vertex 2.8818249702454 1.3912267684937 0.19799999892712
			vertex 3.0032799243927 1.4094450473785 0.19799999892712
			vertex 3.0032799243927 1.3284749984741 0.19799999892712
		endloop
	endfacet
	facet normal 0.83147165503325 -0.55556717584489 0
		outer loop
			vertex 2.8039367198944 1.5463929176331 0
			vertex 2.8127126693726 1.5595271587372 0
			vertex 2.8127126693726 1.5595271587372 0.19799999892712
		endloop
	endfacet
	facet normal 0.98078448175191 -0.1950943370645 0
		outer loop
			vertex 2.8008549213409 1.5309000015259 0
			vertex 2.8039367198944 1.5463929176331 0
			vertex 2.8039367198944 1.5463929176331 0.19799999892712
		endloop
	endfacet
	facet normal 0.98078448175191 -0.1950943370645 0
		outer loop
			vertex 2.8008549213409 1.5309000015259 0
			vertex 2.8039367198944 1.5463929176331 0.19799999892712
			vertex 2.8008549213409 1.5309000015259 0.19799999892712
		endloop
	endfacet
	facet normal 0.83147165503325 -0.55556717584489 0
		outer loop
			vertex 2.8039367198944 1.5463929176331 0
			vertex 2.8127126693726 1.5595271587372 0.19799999892712
			vertex 2.8039367198944 1.5463929176331 0.19799999892712
		endloop
	endfacet
	facet normal 0.55556542104504 -0.83147282754102 0
		outer loop
			vertex 2.8127126693726 1.5595271587372 0
			vertex 2.8258471488953 1.5683032274246 0.19799999892712
			vertex 2.8127126693726 1.5595271587372 0.19799999892712
		endloop
	endfacet
	facet normal 0 0 -1
		outer loop
			vertex 2.8008549213409 1.5309000015259 0.19799999892712
			vertex 2.8039367198944 1.5463929176331 0.19799999892712
			vertex 2.8039367198944 1.5309000015259 0.19799999892712
		endloop
	endfacet
	facet normal 0 0 -1
		outer loop
			vertex 2.8008549213409 1.5309000015259 0.19799999892712
			vertex 2.8039367198944 1.5309000015259 0.19799999892712
			vertex 2.8039367198944 1.5231956243515 0.19799999892712
		endloop
	endfacet
	facet normal 0.55556542104504 -0.83147282754102 0
		outer loop
			vertex 2.8127126693726 1.5595271587372 0
			vertex 2.8258471488953 1.5683032274246 0
			vertex 2.8258471488953 1.5683032274246 0.19799999892712
		endloop
	endfacet
	facet normal 0.1950943370645 -0.98078448175191 0
		outer loop
			vertex 2.8258471488953 1.5683032274246 0
			vertex 2.8413400650024 1.5713850259781 0
			vertex 2.8413400650024 1.5713850259781 0.19799999892712
		endloop
	endfacet
	facet normal -0.98078448175191 -0.1950943370645 0
		outer loop
			vertex 2.8818249702454 1.5309000015259 0
			vertex 2.8818249702454 1.5309000015259 0.19799999892712
			vertex 2.8787431716919 1.5463929176331 0
		endloop
	endfacet
	facet normal -0.1950943370645 -0.98078448175191 0
		outer loop
			vertex 2.8413400650024 1.5713850259781 0
			vertex 2.8568329811096 1.5683032274246 0
			vertex 2.8568329811096 1.5683032274246 0.19799999892712
		endloop
	endfacet
	facet normal -0.55557239313192 -0.83146816895758 0
		outer loop
			vertex 2.8568329811096 1.5683032274246 0
			vertex 2.8699672222137 1.5595271587372 0
			vertex 2.8699672222137 1.5595271587372 0.19799999892712
		endloop
	endfacet
	facet normal -0.83147165503325 -0.55556717584489 0
		outer loop
			vertex 2.8787431716919 1.5463929176331 0
			vertex 2.8787431716919 1.5463929176331 0.19799999892712
			vertex 2.8699672222137 1.5595271587372 0
		endloop
	endfacet
	facet normal 0.1950943370645 -0.98078448175191 0
		outer loop
			vertex 2.8258471488953 1.5683032274246 0
			vertex 2.8413400650024 1.5713850259781 0.19799999892712
			vertex 2.8258471488953 1.5683032274246 0.19799999892712
		endloop
	endfacet
	facet normal -0.1950943370645 -0.98078448175191 0
		outer loop
			vertex 2.8413400650024 1.5713850259781 0
			vertex 2.8568329811096 1.5683032274246 0.19799999892712
			vertex 2.8413400650024 1.5713850259781 0.19799999892712
		endloop
	endfacet
	facet normal -0.55557239313192 -0.83146816895758 0
		outer loop
			vertex 2.8568329811096 1.5683032274246 0
			vertex 2.8699672222137 1.5595271587372 0.19799999892712
			vertex 2.8568329811096 1.5683032274246 0.19799999892712
		endloop
	endfacet
	facet normal -0.83147165503325 -0.55556717584489 0
		outer loop
			vertex 2.8699672222137 1.5595271587372 0
			vertex 2.8787431716919 1.5463929176331 0.19799999892712
			vertex 2.8699672222137 1.5595271587372 0.19799999892712
		endloop
	endfacet
	facet normal -0.98078448175191 -0.1950943370645 0
		outer loop
			vertex 2.8787431716919 1.5463929176331 0
			vertex 2.8818249702454 1.5309000015259 0.19799999892712
			vertex 2.8787431716919 1.5463929176331 0.19799999892712
		endloop
	endfacet
	facet normal 0 0 -1
		outer loop
			vertex 2.8039367198944 1.5309000015259 0.19799999892712
			vertex 2.8039367198944 1.5463929176331 0.19799999892712
			vertex 2.8818249702454 1.5309000015259 0.19799999892712
		endloop
	endfacet
	facet normal 0 0 -1
		outer loop
			vertex 2.8039367198944 1.5463929176331 0.19799999892712
			vertex 2.8127126693726 1.5595271587372 0.19799999892712
			vertex 2.8818249702454 1.5309000015259 0.19799999892712
		endloop
	endfacet
	facet normal 0 0 -1
		outer loop
			vertex 2.8127126693726 1.5595271587372 0.19799999892712
			vertex 2.8258471488953 1.5683032274246 0.19799999892712
			vertex 2.8818249702454 1.5309000015259 0.19799999892712
		endloop
	endfacet
	facet normal 0 0 -1
		outer loop
			vertex 2.8258471488953 1.5683032274246 0.19799999892712
			vertex 2.8413400650024 1.5713850259781 0.19799999892712
			vertex 2.8818249702454 1.5309000015259 0.19799999892712
		endloop
	endfacet
	facet normal 0 0 -1
		outer loop
			vertex 2.8413400650024 1.5713850259781 0.19799999892712
			vertex 2.8568329811096 1.5683032274246 0.19799999892712
			vertex 2.8818249702454 1.5309000015259 0.19799999892712
		endloop
	endfacet
	facet normal 0 0 -1
		outer loop
			vertex 2.8818249702454 1.5309000015259 0.19799999892712
			vertex 2.8568329811096 1.5683032274246 0.19799999892712
			vertex 2.8699672222137 1.5595271587372 0.19799999892712
		endloop
	endfacet
	facet normal 0 0 -1
		outer loop
			vertex 2.8818249702454 1.5309000015259 0.19799999892712
			vertex 2.8699672222137 1.5595271587372 0.19799999892712
			vertex 2.8787431716919 1.5463929176331 0.19799999892712
		endloop
	endfacet
	facet normal 0.55556542104504 0.83147282754102 -0
		outer loop
			vertex 2.8127126693726 0.96247279644012 0
			vertex 2.8127126693726 0.96247279644012 0.19799999892712
			vertex 2.8258471488953 0.95369672775269 0
		endloop
	endfacet
	facet normal 0.19509070738589 0.98078520374834 -0
		outer loop
			vertex 2.8258471488953 0.95369672775269 0
			vertex 2.8258471488953 0.95369672775269 0.19799999892712
			vertex 2.8413400650024 0.95061498880386 0
		endloop
	endfacet
	facet normal -0.19509070738589 0.98078520374834 0
		outer loop
			vertex 2.8413400650024 0.95061498880386 0
			vertex 2.8413400650024 0.95061498880386 0.19799999892712
			vertex 2.8568329811096 0.95369672775269 0
		endloop
	endfacet
	facet normal -0.55557239313192 0.83146816895758 0
		outer loop
			vertex 2.8568329811096 0.95369672775269 0
			vertex 2.8568329811096 0.95369672775269 0.19799999892712
			vertex 2.8699672222137 0.96247279644012 0
		endloop
	endfacet
	facet normal -0.83147165503325 0.55556717584489 0
		outer loop
			vertex 2.8699672222137 0.96247279644012 0
			vertex 2.8699672222137 0.96247279644012 0.19799999892712
			vertex 2.8787431716919 0.97560703754425 0
		endloop
	endfacet
	facet normal -0.98078462536944 0.1950936150645 0
		outer loop
			vertex 2.8787431716919 0.97560703754425 0
			vertex 2.8787431716919 0.97560703754425 0.19799999892712
			vertex 2.8818249702454 0.99110001325607 0
		endloop
	endfacet
	facet normal 0.55556542104504 0.83147282754102 0
		outer loop
			vertex 2.8127126693726 0.96247279644012 0.19799999892712
			vertex 2.8258471488953 0.95369672775269 0.19799999892712
			vertex 2.8258471488953 0.95369672775269 0
		endloop
	endfacet
	facet normal 0.19509070738589 0.98078520374834 -0
		outer loop
			vertex 2.8413400650024 0.95061498880386 0
			vertex 2.8258471488953 0.95369672775269 0.19799999892712
			vertex 2.8413400650024 0.95061498880386 0.19799999892712
		endloop
	endfacet
	facet normal -0.55557239313192 0.83146816895758 0
		outer loop
			vertex 2.8699672222137 0.96247279644012 0
			vertex 2.8568329811096 0.95369672775269 0.19799999892712
			vertex 2.8699672222137 0.96247279644012 0.19799999892712
		endloop
	endfacet
	facet normal -0.19509070738589 0.98078520374834 0
		outer loop
			vertex 2.8568329811096 0.95369672775269 0
			vertex 2.8413400650024 0.95061498880386 0.19799999892712
			vertex 2.8568329811096 0.95369672775269 0.19799999892712
		endloop
	endfacet
	facet normal -0.83147165503325 0.55556717584489 0
		outer loop
			vertex 2.8787431716919 0.97560703754425 0
			vertex 2.8699672222137 0.96247279644012 0.19799999892712
			vertex 2.8787431716919 0.97560703754425 0.19799999892712
		endloop
	endfacet
	facet normal -0.98078462536944 0.1950936150645 0
		outer loop
			vertex 2.8818249702454 0.99110001325607 0
			vertex 2.8787431716919 0.97560703754425 0.19799999892712
			vertex 2.8818249702454 0.99110001325607 0.19799999892712
		endloop
	endfacet
	facet normal 0 0 -1
		outer loop
			vertex 2.8127126693726 0.96247279644012 0.19799999892712
			vertex 2.8413400650024 0.99110001325607 0.19799999892712
			vertex 2.8258471488953 0.95369672775269 0.19799999892712
		endloop
	endfacet
	facet normal 0 0 -1
		outer loop
			vertex 2.8258471488953 0.95369672775269 0.19799999892712
			vertex 2.8413400650024 0.99110001325607 0.19799999892712
			vertex 2.8413400650024 0.95061498880386 0.19799999892712
		endloop
	endfacet
	facet normal 0 0 -1
		outer loop
			vertex 2.8413400650024 0.95061498880386 0.19799999892712
			vertex 2.8413400650024 0.99110001325607 0.19799999892712
			vertex 2.8568329811096 0.95369672775269 0.19799999892712
		endloop
	endfacet
	facet normal 0 0 -1
		outer loop
			vertex 2.8413400650024 0.99110001325607 0.19799999892712
			vertex 2.8787431716919 0.97560703754425 0.19799999892712
			vertex 2.8699672222137 0.96247279644012 0.19799999892712
		endloop
	endfacet
	facet normal 0 0 -1
		outer loop
			vertex 2.8413400650024 0.99110001325607 0.19799999892712
			vertex 2.8699672222137 0.96247279644012 0.19799999892712
			vertex 2.8568329811096 0.95369672775269 0.19799999892712
		endloop
	endfacet
	facet normal 0 0 -1
		outer loop
			vertex 2.8413400650024 0.99110001325607 0.19799999892712
			vertex 2.8818249702454 0.99110001325607 0.19799999892712
			vertex 2.8787431716919 0.97560703754425 0.19799999892712
		endloop
	endfacet
	facet normal 0.83146701222603 0.55557412428939 -0
		outer loop
			vertex 2.4260766506195 1.3534671068192 0
			vertex 2.4260766506195 1.3534671068192 0.19799999892712
			vertex 2.4348528385162 1.3403327465057 0
		endloop
	endfacet
	facet normal 0.98078736966341 0.19507981830198 0
		outer loop
			vertex 2.4260766506195 1.3534671068192 0
			vertex 2.4229950904846 1.3689600229263 0
			vertex 2.4229950904846 1.3689600229263 0.19799999892712
		endloop
	endfacet
	facet normal 0.83146468287841 -0.55557761035332 0
		outer loop
			vertex 2.4260766506195 1.3844529390335 0
			vertex 2.4348528385162 1.3975871801376 0
			vertex 2.4348528385162 1.3975871801376 0.19799999892712
		endloop
	endfacet
	facet normal 0.98078736966341 -0.19507981830198 0
		outer loop
			vertex 2.4229950904846 1.3689600229263 0
			vertex 2.4260766506195 1.3844529390335 0
			vertex 2.4260766506195 1.3844529390335 0.19799999892712
		endloop
	endfacet
	facet normal 0.98078736966341 0.19507981830198 -0
		outer loop
			vertex 2.4260766506195 1.3534671068192 0
			vertex 2.4229950904846 1.3689600229263 0.19799999892712
			vertex 2.4260766506195 1.3534671068192 0.19799999892712
		endloop
	endfacet
	facet normal 0.83146701222603 0.55557412428939 0
		outer loop
			vertex 2.4260766506195 1.3534671068192 0.19799999892712
			vertex 2.4348528385162 1.3403327465057 0.19799999892712
			vertex 2.4348528385162 1.3403327465057 0
		endloop
	endfacet
	facet normal 0.98078736966341 -0.19507981830198 0
		outer loop
			vertex 2.4229950904846 1.3689600229263 0
			vertex 2.4260766506195 1.3844529390335 0.19799999892712
			vertex 2.4229950904846 1.3689600229263 0.19799999892712
		endloop
	endfacet
	facet normal 0.83146468287841 -0.55557761035332 0
		outer loop
			vertex 2.4260766506195 1.3844529390335 0
			vertex 2.4348528385162 1.3975871801376 0.19799999892712
			vertex 2.4260766506195 1.3844529390335 0.19799999892712
		endloop
	endfacet
	facet normal 0 0 -1
		outer loop
			vertex 2.4260766506195 1.3534671068192 0.19799999892712
			vertex 2.4260766506195 1.3844529390335 0.19799999892712
			vertex 2.4348528385162 1.3403327465057 0.19799999892712
		endloop
	endfacet
	facet normal 0 0 -1
		outer loop
			vertex 2.4260766506195 1.3844529390335 0.19799999892712
			vertex 2.4348528385162 1.3975871801376 0.19799999892712
			vertex 2.4348528385162 1.3403327465057 0.19799999892712
		endloop
	endfacet
	facet normal 0 0 -1
		outer loop
			vertex 2.4260766506195 1.3534671068192 0.19799999892712
			vertex 2.4229950904846 1.3689600229263 0.19799999892712
			vertex 2.4260766506195 1.3844529390335 0.19799999892712
		endloop
	endfacet
	facet normal 0.55557239313192 -0.83146816895758 0
		outer loop
			vertex 2.4348528385162 1.3975871801376 0
			vertex 2.4479870796204 1.4063632488251 0
			vertex 2.4479870796204 1.4063632488251 0.19799999892712
		endloop
	endfacet
	facet normal 0.1950943370645 -0.98078448175191 0
		outer loop
			vertex 2.4479870796204 1.4063632488251 0
			vertex 2.4634799957275 1.4094450473785 0
			vertex 2.4634799957275 1.4094450473785 0.19799999892712
		endloop
	endfacet
	facet normal 0.55557239313192 -0.83146816895758 0
		outer loop
			vertex 2.4348528385162 1.3975871801376 0
			vertex 2.4479870796204 1.4063632488251 0.19799999892712
			vertex 2.4348528385162 1.3975871801376 0.19799999892712
		endloop
	endfacet
	facet normal 0.1950943370645 -0.98078448175191 0
		outer loop
			vertex 2.4479870796204 1.4063632488251 0
			vertex 2.4634799957275 1.4094450473785 0.19799999892712
			vertex 2.4479870796204 1.4063632488251 0.19799999892712
		endloop
	endfacet
	facet normal 0 0 -1
		outer loop
			vertex 2.4348528385162 1.3403327465057 0.19799999892712
			vertex 2.4479870796204 1.4063632488251 0.19799999892712
			vertex 2.4634799957275 1.3689600229263 0.19799999892712
		endloop
	endfacet
	facet normal 0 0 -1
		outer loop
			vertex 2.4348528385162 1.3403327465057 0.19799999892712
			vertex 2.4348528385162 1.3975871801376 0.19799999892712
			vertex 2.4479870796204 1.4063632488251 0.19799999892712
		endloop
	endfacet
	facet normal 0 0 -1
		outer loop
			vertex 2.4634799957275 1.3689600229263 0.19799999892712
			vertex 2.4479870796204 1.4063632488251 0.19799999892712
			vertex 2.4634799957275 1.4094450473785 0.19799999892712
		endloop
	endfacet
	facet normal -0.19508707769927 0.9807859257324 0
		outer loop
			vertex 3.0032799243927 1.3284749984741 0
			vertex 3.0032799243927 1.3284749984741 0.19799999892712
			vertex 3.0187728404999 1.3315566778183 0
		endloop
	endfacet
	facet normal -0.1950943370645 -0.98078448175191 0
		outer loop
			vertex 3.0032799243927 1.4094450473785 0
			vertex 3.0187728404999 1.4063632488251 0.19799999892712
			vertex 3.0032799243927 1.4094450473785 0.19799999892712
		endloop
	endfacet
	facet normal -0.55556542104504 0.83147282754102 0
		outer loop
			vertex 3.0187728404999 1.3315566778183 0
			vertex 3.0187728404999 1.3315566778183 0.19799999892712
			vertex 3.0319073200226 1.3403327465057 0
		endloop
	endfacet
	facet normal -0.19508707769927 0.9807859257324 0
		outer loop
			vertex 3.0187728404999 1.3315566778183 0
			vertex 3.0032799243927 1.3284749984741 0.19799999892712
			vertex 3.0187728404999 1.3315566778183 0.19799999892712
		endloop
	endfacet
	facet normal -0.55556542104504 0.83147282754102 0
		outer loop
			vertex 3.0319073200226 1.3403327465057 0
			vertex 3.0187728404999 1.3315566778183 0.19799999892712
			vertex 3.0319073200226 1.3403327465057 0.19799999892712
		endloop
	endfacet
	facet normal -0.98078448175191 0.1950943370645 0
		outer loop
			vertex 3.0406832695007 1.3534671068192 0
			vertex 3.0406832695007 1.3534671068192 0.19799999892712
			vertex 3.0437650680542 1.3689600229263 0
		endloop
	endfacet
	facet normal -0.83147398431291 0.55556368978796 0
		outer loop
			vertex 3.0406832695007 1.3534671068192 0
			vertex 3.0319073200226 1.3403327465057 0
			vertex 3.0319073200226 1.3403327465057 0.19799999892712
		endloop
	endfacet
	facet normal -0.98078448175191 -0.1950943370645 0
		outer loop
			vertex 3.0406832695007 1.3844529390335 0
			vertex 3.0437650680542 1.3689600229263 0
			vertex 3.0437650680542 1.3689600229263 0.19799999892712
		endloop
	endfacet
	facet normal -0.1950943370645 -0.98078448175191 0
		outer loop
			vertex 3.0032799243927 1.4094450473785 0
			vertex 3.0187728404999 1.4063632488251 0
			vertex 3.0187728404999 1.4063632488251 0.19799999892712
		endloop
	endfacet
	facet normal -0.83147165503325 -0.55556717584489 0
		outer loop
			vertex 3.0319073200226 1.3975871801376 0
			vertex 3.0406832695007 1.3844529390335 0
			vertex 3.0406832695007 1.3844529390335 0.19799999892712
		endloop
	endfacet
	facet normal -0.55556542104504 -0.83147282754102 0
		outer loop
			vertex 3.0187728404999 1.4063632488251 0
			vertex 3.0319073200226 1.3975871801376 0
			vertex 3.0319073200226 1.3975871801376 0.19799999892712
		endloop
	endfacet
	facet normal -0.83147398431291 0.55556368978796 0
		outer loop
			vertex 3.0406832695007 1.3534671068192 0
			vertex 3.0319073200226 1.3403327465057 0.19799999892712
			vertex 3.0406832695007 1.3534671068192 0.19799999892712
		endloop
	endfacet
	facet normal -0.98078448175191 0.1950943370645 0
		outer loop
			vertex 3.0437650680542 1.3689600229263 0
			vertex 3.0406832695007 1.3534671068192 0.19799999892712
			vertex 3.0437650680542 1.3689600229263 0.19799999892712
		endloop
	endfacet
	facet normal -0.55556542104504 -0.83147282754102 0
		outer loop
			vertex 3.0187728404999 1.4063632488251 0
			vertex 3.0319073200226 1.3975871801376 0.19799999892712
			vertex 3.0187728404999 1.4063632488251 0.19799999892712
		endloop
	endfacet
	facet normal -0.83147165503325 -0.55556717584489 0
		outer loop
			vertex 3.0319073200226 1.3975871801376 0
			vertex 3.0406832695007 1.3844529390335 0.19799999892712
			vertex 3.0319073200226 1.3975871801376 0.19799999892712
		endloop
	endfacet
	facet normal -0.98078448175191 -0.1950943370645 0
		outer loop
			vertex 3.0406832695007 1.3844529390335 0
			vertex 3.0437650680542 1.3689600229263 0.19799999892712
			vertex 3.0406832695007 1.3844529390335 0.19799999892712
		endloop
	endfacet
	facet normal 0 0 -1
		outer loop
			vertex 3.0032799243927 1.3284749984741 0.19799999892712
			vertex 3.0032799243927 1.4094450473785 0.19799999892712
			vertex 3.0187728404999 1.3315566778183 0.19799999892712
		endloop
	endfacet
	facet normal 0 0 -1
		outer loop
			vertex 3.0187728404999 1.3315566778183 0.19799999892712
			vertex 3.0187728404999 1.4063632488251 0.19799999892712
			vertex 3.0319073200226 1.3403327465057 0.19799999892712
		endloop
	endfacet
	facet normal 0 0 -1
		outer loop
			vertex 3.0406832695007 1.3534671068192 0.19799999892712
			vertex 3.0319073200226 1.3975871801376 0.19799999892712
			vertex 3.0406832695007 1.3844529390335 0.19799999892712
		endloop
	endfacet
	facet normal 0 0 -1
		outer loop
			vertex 3.0406832695007 1.3534671068192 0.19799999892712
			vertex 3.0406832695007 1.3844529390335 0.19799999892712
			vertex 3.0437650680542 1.3689600229263 0.19799999892712
		endloop
	endfacet
	facet normal -0 0 -1
		outer loop
			vertex 3.0406832695007 1.3534671068192 0.19799999892712
			vertex 3.0319073200226 1.3403327465057 0.19799999892712
			vertex 3.0319073200226 1.3975871801376 0.19799999892712
		endloop
	endfacet
	facet normal 0 0 -1
		outer loop
			vertex 3.0032799243927 1.4094450473785 0.19799999892712
			vertex 3.0187728404999 1.4063632488251 0.19799999892712
			vertex 3.0187728404999 1.3315566778183 0.19799999892712
		endloop
	endfacet
	facet normal 0 0 -1
		outer loop
			vertex 3.0319073200226 1.3403327465057 0.19799999892712
			vertex 3.0187728404999 1.4063632488251 0.19799999892712
			vertex 3.0319073200226 1.3975871801376 0.19799999892712
		endloop
	endfacet
	facet normal 1 0 0
		outer loop
			vertex 3.0707550048828 0.99110001325607 0
			vertex 3.0707550048828 1.5309000015259 0.19799999892712
			vertex 3.0707550048828 0.99110001325607 0.19799999892712
		endloop
	endfacet
	facet normal 1 0 0
		outer loop
			vertex 3.0707550048828 0.99110001325607 0
			vertex 3.0707550048828 1.5309000015259 0
			vertex 3.0707550048828 1.5309000015259 0.19799999892712
		endloop
	endfacet
	facet normal -1 0 0
		outer loop
			vertex 3.1517250537872 1.0315849781036 0
			vertex 3.1517250537872 1.0315849781036 0.19799999892712
			vertex 3.1517250537872 1.2205150127411 0
		endloop
	endfacet
	facet normal 0 0 -1
		outer loop
			vertex 3.0707550048828 0.99110001325607 0.19799999892712
			vertex 3.117312669754 1.2205150127411 0.19799999892712
			vertex 3.1112399101257 0.99110001325607 0.19799999892712
		endloop
	endfacet
	facet normal 0 0 -1
		outer loop
			vertex 3.1112399101257 0.99110001325607 0.19799999892712
			vertex 3.117312669754 1.2205150127411 0.19799999892712
			vertex 3.1467950344086 1.0239660739899 0.19799999892712
		endloop
	endfacet
	facet normal 0 0 -1
		outer loop
			vertex 3.1467950344086 1.0239660739899 0.19799999892712
			vertex 3.117312669754 1.2205150127411 0.19799999892712
			vertex 3.1517250537872 1.0315849781036 0.19799999892712
		endloop
	endfacet
	facet normal -1 0 0
		outer loop
			vertex 3.1517250537872 1.0315849781036 0.19799999892712
			vertex 3.1517250537872 1.2205150127411 0.19799999892712
			vertex 3.1517250537872 1.2205150127411 0
		endloop
	endfacet
	facet normal 0 0 -1
		outer loop
			vertex 3.0707550048828 0.99110001325607 0.19799999892712
			vertex 3.1112399101257 1.2610000371933 0.19799999892712
			vertex 3.117312669754 1.2205150127411 0.19799999892712
		endloop
	endfacet
	facet normal 0 0 -1
		outer loop
			vertex 3.1517250537872 1.0315849781036 0.19799999892712
			vertex 3.117312669754 1.2205150127411 0.19799999892712
			vertex 3.1517250537872 1.2205150127411 0.19799999892712
		endloop
	endfacet
	facet normal -1 0 0
		outer loop
			vertex 3.1517250537872 1.3014849424362 0
			vertex 3.1517250537872 1.3014849424362 0.19799999892712
			vertex 3.1517250537872 1.4904149770737 0
		endloop
	endfacet
	facet normal 0 0 -1
		outer loop
			vertex 3.0707550048828 0.99110001325607 0.19799999892712
			vertex 3.0707550048828 1.5309000015259 0.19799999892712
			vertex 3.1112399101257 1.2610000371933 0.19799999892712
		endloop
	endfacet
	facet normal 0 0 -1
		outer loop
			vertex 3.1517250537872 1.2928096055984 0.19799999892712
			vertex 3.1112399101257 1.5309000015259 0.19799999892712
			vertex 3.1517250537872 1.3014849424362 0.19799999892712
		endloop
	endfacet
	facet normal 0 0 -1
		outer loop
			vertex 3.1112399101257 1.2610000371933 0.19799999892712
			vertex 3.1112399101257 1.5309000015259 0.19799999892712
			vertex 3.1517250537872 1.2928096055984 0.19799999892712
		endloop
	endfacet
	facet normal -1 0 0
		outer loop
			vertex 3.1517250537872 1.3014849424362 0.19799999892712
			vertex 3.1517250537872 1.4904149770737 0.19799999892712
			vertex 3.1517250537872 1.4904149770737 0
		endloop
	endfacet
	facet normal 0 0 -1
		outer loop
			vertex 3.0707550048828 1.5309000015259 0.19799999892712
			vertex 3.0738368034363 1.5309000015259 0.19799999892712
			vertex 3.1112399101257 1.2610000371933 0.19799999892712
		endloop
	endfacet
	facet normal 0 0 -1
		outer loop
			vertex 3.0738368034363 1.5309000015259 0.19799999892712
			vertex 3.0769183635712 1.5309000015259 0.19799999892712
			vertex 3.1112399101257 1.2610000371933 0.19799999892712
		endloop
	endfacet
	facet normal 0 0 -1
		outer loop
			vertex 3.1112399101257 1.2610000371933 0.19799999892712
			vertex 3.0769183635712 1.5309000015259 0.19799999892712
			vertex 3.1112399101257 1.5309000015259 0.19799999892712
		endloop
	endfacet
	facet normal 0 0 -1
		outer loop
			vertex 3.1517250537872 1.3014849424362 0.19799999892712
			vertex 3.1112399101257 1.5309000015259 0.19799999892712
			vertex 3.1517250537872 1.4904149770737 0.19799999892712
		endloop
	endfacet
	facet normal 0 0 -1
		outer loop
			vertex 3.1112399101257 1.5309000015259 0.19799999892712
			vertex 3.1517250537872 1.4990903139114 0.19799999892712
			vertex 3.1517250537872 1.4904149770737 0.19799999892712
		endloop
	endfacet
	facet normal 0 0 -1
		outer loop
			vertex 3.1112399101257 0.95061498880386 0.19799999892712
			vertex 3.1112399101257 0.99110001325607 0.19799999892712
			vertex 3.1467950344086 1.0239660739899 0.19799999892712
		endloop
	endfacet
	facet normal 0 1 0
		outer loop
			vertex 3.1112399101257 0.95061498880386 0
			vertex 3.1112399101257 0.95061498880386 0.19799999892712
			vertex 3.4890999794006 0.95061498880386 0
		endloop
	endfacet
	facet normal 0 -1 0
		outer loop
			vertex 3.1517250537872 1.0315849781036 0
			vertex 3.4768421649933 1.0315849781036 0.19799999892712
			vertex 3.1517250537872 1.0315849781036 0.19799999892712
		endloop
	endfacet
	facet normal 0 0 -1
		outer loop
			vertex 3.1112399101257 0.95061498880386 0.19799999892712
			vertex 3.1467950344086 1.0239660739899 0.19799999892712
			vertex 3.4890999794006 0.95061498880386 0.19799999892712
		endloop
	endfacet
	facet normal 0 0 -1
		outer loop
			vertex 3.1467950344086 1.0239660739899 0.19799999892712
			vertex 3.1517250537872 1.0315849781036 0.19799999892712
			vertex 3.4768421649933 1.0315849781036 0.19799999892712
		endloop
	endfacet
	facet normal -0 1 0
		outer loop
			vertex 3.1112399101257 0.95061498880386 0.19799999892712
			vertex 3.4890999794006 0.95061498880386 0.19799999892712
			vertex 3.4890999794006 0.95061498880386 0
		endloop
	endfacet
	facet normal 0 -1 0
		outer loop
			vertex 3.1517250537872 1.0315849781036 0
			vertex 3.4768421649933 1.0315849781036 0
			vertex 3.4768421649933 1.0315849781036 0.19799999892712
		endloop
	endfacet
	facet normal 0 0 -1
		outer loop
			vertex 3.1467950344086 1.0239660739899 0.19799999892712
			vertex 3.4890999794006 0.99110001325607 0.19799999892712
			vertex 3.4890999794006 0.95061498880386 0.19799999892712
		endloop
	endfacet
	facet normal 0 0 -1
		outer loop
			vertex 3.1467950344086 1.0239660739899 0.19799999892712
			vertex 3.4768421649933 1.0315849781036 0.19799999892712
			vertex 3.4890999794006 0.99110001325607 0.19799999892712
		endloop
	endfacet
	facet normal 0.83202671791446 0.55473555923204 0
		outer loop
			vertex 3.5115571022034 0.95741444826126 0
			vertex 3.5111255645752 0.95806169509888 0
			vertex 3.5111255645752 0.95806169509888 0.19799999892712
		endloop
	endfacet
	facet normal 0.83202671791446 0.55473555923204 -0
		outer loop
			vertex 3.5115571022034 0.95741444826126 0
			vertex 3.5111255645752 0.95806169509888 0.19799999892712
			vertex 3.5115571022034 0.95741444826126 0.19799999892712
		endloop
	endfacet
	facet normal 0.55470070977872 -0.83204995196862 0
		outer loop
			vertex 3.4768421649933 1.0315849781036 0
			vertex 3.610554933548 1.1207269430161 0.19799999892712
			vertex 3.4768421649933 1.0315849781036 0.19799999892712
		endloop
	endfacet
	facet normal -0.55470069093628 0.83204996453027 0
		outer loop
			vertex 3.5115571022034 0.95741444826126 0
			vertex 3.5115571022034 0.95741444826126 0.19799999892712
			vertex 3.6734969615936 1.0653744935989 0
		endloop
	endfacet
	facet normal 0.55470070977872 -0.83204995196862 0
		outer loop
			vertex 3.4768421649933 1.0315849781036 0
			vertex 3.610554933548 1.1207269430161 0
			vertex 3.610554933548 1.1207269430161 0.19799999892712
		endloop
	endfacet
	facet normal 0 0 -1
		outer loop
			vertex 3.4890999794006 0.99110001325607 0.19799999892712
			vertex 3.610554933548 1.1057356595993 0.19799999892712
			vertex 3.5111255645752 0.95806169509888 0.19799999892712
		endloop
	endfacet
	facet normal 0 0 -1
		outer loop
			vertex 3.5111255645752 0.95806169509888 0.19799999892712
			vertex 3.610554933548 1.1057356595993 0.19799999892712
			vertex 3.5115571022034 0.95741444826126 0.19799999892712
		endloop
	endfacet
	facet normal 0 0 -1
		outer loop
			vertex 3.4890999794006 0.99110001325607 0.19799999892712
			vertex 3.4768421649933 1.0315849781036 0.19799999892712
			vertex 3.610554933548 1.1057356595993 0.19799999892712
		endloop
	endfacet
	facet normal 0 0 -1
		outer loop
			vertex 3.4768421649933 1.0315849781036 0.19799999892712
			vertex 3.610554933548 1.1207269430161 0.19799999892712
			vertex 3.610554933548 1.1057356595993 0.19799999892712
		endloop
	endfacet
	facet normal -0.55470069093628 0.83204996453027 0
		outer loop
			vertex 3.5115571022034 0.95741444826126 0.19799999892712
			vertex 3.6734969615936 1.0653744935989 0.19799999892712
			vertex 3.6734969615936 1.0653744935989 0
		endloop
	endfacet
	facet normal -0.83214460704365 -0.55455870110221 0
		outer loop
			vertex 3.673065662384 1.0660216808319 0
			vertex 3.6734969615936 1.0653744935989 0
			vertex 3.6734969615936 1.0653744935989 0.19799999892712
		endloop
	endfacet
	facet normal -0.83214460704365 -0.55455870110221 0
		outer loop
			vertex 3.673065662384 1.0660216808319 0
			vertex 3.6734969615936 1.0653744935989 0.19799999892712
			vertex 3.673065662384 1.0660216808319 0.19799999892712
		endloop
	endfacet
	facet normal 0 0 -1
		outer loop
			vertex 3.5115571022034 0.95741444826126 0.19799999892712
			vertex 3.610554933548 1.1057356595993 0.19799999892712
			vertex 3.6510400772095 1.0990600585938 0.19799999892712
		endloop
	endfacet
	facet normal 0 0 -1
		outer loop
			vertex 3.5115571022034 0.95741444826126 0.19799999892712
			vertex 3.6510400772095 1.0990600585938 0.19799999892712
			vertex 3.673065662384 1.0660216808319 0.19799999892712
		endloop
	endfacet
	facet normal 0 0 -1
		outer loop
			vertex 3.5115571022034 0.95741444826126 0.19799999892712
			vertex 3.673065662384 1.0660216808319 0.19799999892712
			vertex 3.6734969615936 1.0653744935989 0.19799999892712
		endloop
	endfacet
	facet normal 0 0 -1
		outer loop
			vertex 3.6510400772095 1.0990600585938 0.19799999892712
			vertex 3.610554933548 1.1057356595993 0.19799999892712
			vertex 3.6150405406952 1.112456202507 0.19799999892712
		endloop
	endfacet
	facet normal 1 0 0
		outer loop
			vertex 3.610554933548 1.1207269430161 0
			vertex 3.610554933548 1.1778401136398 0
			vertex 3.610554933548 1.1778401136398 0.19799999892712
		endloop
	endfacet
	facet normal 1 0 0
		outer loop
			vertex 3.610554933548 1.1207269430161 0
			vertex 3.610554933548 1.1778401136398 0.19799999892712
			vertex 3.610554933548 1.1207269430161 0.19799999892712
		endloop
	endfacet
	facet normal -1 0 0
		outer loop
			vertex 3.6915249824524 1.0990600585938 0
			vertex 3.6915249824524 1.0990600585938 0.19799999892712
			vertex 3.6915249824524 1.2070200443268 0
		endloop
	endfacet
	facet normal -1 0 0
		outer loop
			vertex 3.6915249824524 1.0990600585938 0.19799999892712
			vertex 3.6915249824524 1.2070200443268 0.19799999892712
			vertex 3.6915249824524 1.2070200443268 0
		endloop
	endfacet
	facet normal 0 0 -1
		outer loop
			vertex 3.610554933548 1.1207269430161 0.19799999892712
			vertex 3.6150405406952 1.112456202507 0.19799999892712
			vertex 3.610554933548 1.1057356595993 0.19799999892712
		endloop
	endfacet
	facet normal 0 0 -1
		outer loop
			vertex 3.610554933548 1.1207269430161 0.19799999892712
			vertex 3.610554933548 1.1778401136398 0.19799999892712
			vertex 3.6150405406952 1.112456202507 0.19799999892712
		endloop
	endfacet
	facet normal 0 0 -1
		outer loop
			vertex 3.610554933548 1.1806260347366 0.19799999892712
			vertex 3.6369788646698 1.1691588163376 0.19799999892712
			vertex 3.610554933548 1.1778401136398 0.19799999892712
		endloop
	endfacet
	facet normal 0 0 -1
		outer loop
			vertex 3.6510400772095 1.0990600585938 0.19799999892712
			vertex 3.6150405406952 1.112456202507 0.19799999892712
			vertex 3.6369788646698 1.1691588163376 0.19799999892712
		endloop
	endfacet
	facet normal 0 0 -1
		outer loop
			vertex 3.6510400772095 1.0990600585938 0.19799999892712
			vertex 3.6369788646698 1.1691588163376 0.19799999892712
			vertex 3.6590929031372 1.0990600585938 0.19799999892712
		endloop
	endfacet
	facet normal 0 0 -1
		outer loop
			vertex 3.6150405406952 1.112456202507 0.19799999892712
			vertex 3.610554933548 1.1778401136398 0.19799999892712
			vertex 3.6369788646698 1.1691588163376 0.19799999892712
		endloop
	endfacet
	facet normal 0 -0 -1
		outer loop
			vertex 3.6385831832886 1.1696492433548 0.19799999892712
			vertex 3.6665329933167 1.1323827505112 0.19799999892712
			vertex 3.6369788646698 1.1691588163376 0.19799999892712
		endloop
	endfacet
	facet normal 0 0 -1
		outer loop
			vertex 3.6590929031372 1.0990600585938 0.19799999892712
			vertex 3.6369788646698 1.1691588163376 0.19799999892712
			vertex 3.6665329933167 1.1323827505112 0.19799999892712
		endloop
	endfacet
	facet normal 0 0 -1
		outer loop
			vertex 3.6385831832886 1.1696492433548 0.19799999892712
			vertex 3.6510400772095 1.2070200443268 0.19799999892712
			vertex 3.6665329933167 1.1323827505112 0.19799999892712
		endloop
	endfacet
	facet normal 0 0 -1
		outer loop
			vertex 3.6915249824524 1.0990600585938 0.19799999892712
			vertex 3.6665329933167 1.1323827505112 0.19799999892712
			vertex 3.6915249824524 1.2070200443268 0.19799999892712
		endloop
	endfacet
	facet normal 0 0 -1
		outer loop
			vertex 3.6510400772095 1.2070200443268 0.19799999892712
			vertex 3.6915249824524 1.2070200443268 0.19799999892712
			vertex 3.6665329933167 1.1323827505112 0.19799999892712
		endloop
	endfacet
	facet normal 0.31622750100913 0.94868338638638 -0
		outer loop
			vertex 3.4825301170349 1.2205150127411 0
			vertex 3.4825301170349 1.2205150127411 0.19799999892712
			vertex 3.610554933548 1.1778401136398 0
		endloop
	endfacet
	facet normal 0.31622750100913 0.94868338638638 0
		outer loop
			vertex 3.4825301170349 1.2205150127411 0.19799999892712
			vertex 3.610554933548 1.1778401136398 0.19799999892712
			vertex 3.610554933548 1.1778401136398 0
		endloop
	endfacet
	facet normal 0 0 -1
		outer loop
			vertex 3.4825301170349 1.2205150127411 0.19799999892712
			vertex 3.4787590503693 1.2225719690323 0.19799999892712
			vertex 3.4883937835693 1.2240653038025 0.19799999892712
		endloop
	endfacet
	facet normal 0 0 -1
		outer loop
			vertex 3.4825301170349 1.2205150127411 0.19799999892712
			vertex 3.4883937835693 1.2240653038025 0.19799999892712
			vertex 3.4890999794006 1.2241513729095 0.19799999892712
		endloop
	endfacet
	facet normal 0 0 -1
		outer loop
			vertex 3.4825301170349 1.2205150127411 0.19799999892712
			vertex 3.4890999794006 1.2241513729095 0.19799999892712
			vertex 3.4953672885895 1.2217615842819 0.19799999892712
		endloop
	endfacet
	facet normal 0 -0 -1
		outer loop
			vertex 3.5041189193726 1.2259800434113 0.19799999892712
			vertex 3.610554933548 1.1778401136398 0.19799999892712
			vertex 3.4953672885895 1.2217615842819 0.19799999892712
		endloop
	endfacet
	facet normal 0 0 -1
		outer loop
			vertex 3.4825301170349 1.2205150127411 0.19799999892712
			vertex 3.4953672885895 1.2217615842819 0.19799999892712
			vertex 3.610554933548 1.1778401136398 0.19799999892712
		endloop
	endfacet
	facet normal 0 0 -1
		outer loop
			vertex 3.5041189193726 1.2259800434113 0.19799999892712
			vertex 3.5045928955078 1.2260377407074 0.19799999892712
			vertex 3.610554933548 1.1778401136398 0.19799999892712
		endloop
	endfacet
	facet normal 0 0 -1
		outer loop
			vertex 3.5045928955078 1.2260377407074 0.19799999892712
			vertex 3.5073277950287 1.2254241704941 0.19799999892712
			vertex 3.610554933548 1.1778401136398 0.19799999892712
		endloop
	endfacet
	facet normal 0 -0 -1
		outer loop
			vertex 3.5109016895294 1.2278120517731 0.19799999892712
			vertex 3.6171247959137 1.2610000371933 0.19799999892712
			vertex 3.5085191726685 1.2262201309204 0.19799999892712
		endloop
	endfacet
	facet normal 0 0 -1
		outer loop
			vertex 3.5073277950287 1.2254241704941 0.19799999892712
			vertex 3.5085191726685 1.2262201309204 0.19799999892712
			vertex 3.6171247959137 1.2610000371933 0.19799999892712
		endloop
	endfacet
	facet normal 0 0 -1
		outer loop
			vertex 3.5168249607086 1.2369086742401 0.19799999892712
			vertex 3.5263886451721 1.2460836172104 0.19799999892712
			vertex 3.6171247959137 1.2610000371933 0.19799999892712
		endloop
	endfacet
	facet normal 0 -0 -1
		outer loop
			vertex 3.5168249607086 1.2369086742401 0.19799999892712
			vertex 3.6171247959137 1.2610000371933 0.19799999892712
			vertex 3.5109016895294 1.2278120517731 0.19799999892712
		endloop
	endfacet
	facet normal 0 0 -1
		outer loop
			vertex 3.5073277950287 1.2254241704941 0.19799999892712
			vertex 3.610554933548 1.1806260347366 0.19799999892712
			vertex 3.610554933548 1.1778401136398 0.19799999892712
		endloop
	endfacet
	facet normal 0 -0 -1
		outer loop
			vertex 3.5265033245087 1.2461936473846 0.19799999892712
			vertex 3.6171247959137 1.2610000371933 0.19799999892712
			vertex 3.5263886451721 1.2460836172104 0.19799999892712
		endloop
	endfacet
	facet normal -0.31622776601684 -0.94868329805051 0
		outer loop
			vertex 3.6638424396515 1.2454274892807 0
			vertex 3.6638424396515 1.2454274892807 0.19799999892712
			vertex 3.6171247959137 1.2610000371933 0
		endloop
	endfacet
	facet normal -0.31622776601684 -0.94868329805051 0
		outer loop
			vertex 3.6638424396515 1.2454274892807 0.19799999892712
			vertex 3.6171247959137 1.2610000371933 0.19799999892712
			vertex 3.6171247959137 1.2610000371933 0
		endloop
	endfacet
	facet normal -0.94868329805051 0.31622776601684 0
		outer loop
			vertex 3.6638424396515 1.2454274892807 0
			vertex 3.6636958122253 1.2449876070023 0
			vertex 3.6636958122253 1.2449876070023 0.19799999892712
		endloop
	endfacet
	facet normal -0.94868329805051 0.31622776601684 0
		outer loop
			vertex 3.6638424396515 1.2454274892807 0
			vertex 3.6636958122253 1.2449876070023 0.19799999892712
			vertex 3.6638424396515 1.2454274892807 0.19799999892712
		endloop
	endfacet
	facet normal -0 0 -1
		outer loop
			vertex 3.6385831832886 1.1696492433548 0.19799999892712
			vertex 3.6369788646698 1.1691588163376 0.19799999892712
			vertex 3.6510400772095 1.2070200443268 0.19799999892712
		endloop
	endfacet
	facet normal 0 0 -1
		outer loop
			vertex 3.5073277950287 1.2254241704941 0.19799999892712
			vertex 3.6636958122253 1.2449876070023 0.19799999892712
			vertex 3.610554933548 1.1806260347366 0.19799999892712
		endloop
	endfacet
	facet normal 0 0 -1
		outer loop
			vertex 3.5073277950287 1.2254241704941 0.19799999892712
			vertex 3.6171247959137 1.2610000371933 0.19799999892712
			vertex 3.6638424396515 1.2454274892807 0.19799999892712
		endloop
	endfacet
	facet normal 0 0 -1
		outer loop
			vertex 3.5073277950287 1.2254241704941 0.19799999892712
			vertex 3.6638424396515 1.2454274892807 0.19799999892712
			vertex 3.6636958122253 1.2449876070023 0.19799999892712
		endloop
	endfacet
	facet normal 0 0 -1
		outer loop
			vertex 3.610554933548 1.1806260347366 0.19799999892712
			vertex 3.6510400772095 1.2070200443268 0.19799999892712
			vertex 3.6369788646698 1.1691588163376 0.19799999892712
		endloop
	endfacet
	facet normal 0 0 -1
		outer loop
			vertex 3.610554933548 1.1806260347366 0.19799999892712
			vertex 3.6636958122253 1.2449876070023 0.19799999892712
			vertex 3.6510400772095 1.2070200443268 0.19799999892712
		endloop
	endfacet
	facet normal 0 0 -1
		outer loop
			vertex 3.5265033245087 1.2461936473846 0.19799999892712
			vertex 3.561324596405 1.2796000242233 0.19799999892712
			vertex 3.6171247959137 1.2610000371933 0.19799999892712
		endloop
	endfacet
	facet normal 0 0 -1
		outer loop
			vertex 3.117312669754 1.2205150127411 0.19799999892712
			vertex 3.1112399101257 1.2610000371933 0.19799999892712
			vertex 3.1517250537872 1.2205150127411 0.19799999892712
		endloop
	endfacet
	facet normal 0 0 -1
		outer loop
			vertex 3.1517250537872 1.2205150127411 0.19799999892712
			vertex 3.1112399101257 1.2610000371933 0.19799999892712
			vertex 3.1517250537872 1.2928096055984 0.19799999892712
		endloop
	endfacet
	facet normal 0 1 0
		outer loop
			vertex 3.1517250537872 1.2205150127411 0
			vertex 3.1517250537872 1.2205150127411 0.19799999892712
			vertex 3.4825301170349 1.2205150127411 0
		endloop
	endfacet
	facet normal 0 0 -1
		outer loop
			vertex 3.1517250537872 1.2205150127411 0.19799999892712
			vertex 3.1517250537872 1.2928096055984 0.19799999892712
			vertex 3.4736070632935 1.2238348722458 0.19799999892712
		endloop
	endfacet
	facet normal -0 1 0
		outer loop
			vertex 3.1517250537872 1.2205150127411 0.19799999892712
			vertex 3.4825301170349 1.2205150127411 0.19799999892712
			vertex 3.4825301170349 1.2205150127411 0
		endloop
	endfacet
	facet normal 0 0 -1
		outer loop
			vertex 3.1517250537872 1.2205150127411 0.19799999892712
			vertex 3.4774713516235 1.2228280305862 0.19799999892712
			vertex 3.4825301170349 1.2205150127411 0.19799999892712
		endloop
	endfacet
	facet normal 0 0 -1
		outer loop
			vertex 3.1517250537872 1.2205150127411 0.19799999892712
			vertex 3.4736070632935 1.2238348722458 0.19799999892712
			vertex 3.4774713516235 1.2228280305862 0.19799999892712
		endloop
	endfacet
	facet normal 0 0 -1
		outer loop
			vertex 3.4890999794006 1.2241513729095 0.19799999892712
			vertex 3.1517250537872 1.2928096055984 0.19799999892712
			vertex 3.4890999794006 1.2610000371933 0.19799999892712
		endloop
	endfacet
	facet normal 0 0 -1
		outer loop
			vertex 3.4736070632935 1.2238348722458 0.19799999892712
			vertex 3.1517250537872 1.2928096055984 0.19799999892712
			vertex 3.4883937835693 1.2240653038025 0.19799999892712
		endloop
	endfacet
	facet normal 0 0 -1
		outer loop
			vertex 3.4883937835693 1.2240653038025 0.19799999892712
			vertex 3.1517250537872 1.2928096055984 0.19799999892712
			vertex 3.4890999794006 1.2241513729095 0.19799999892712
		endloop
	endfacet
	facet normal 0 0 -1
		outer loop
			vertex 3.4825301170349 1.2205150127411 0.19799999892712
			vertex 3.4774713516235 1.2228280305862 0.19799999892712
			vertex 3.4787590503693 1.2225719690323 0.19799999892712
		endloop
	endfacet
	facet normal 0 -1 0
		outer loop
			vertex 3.1517250537872 1.3014849424362 0
			vertex 3.4825301170349 1.3014849424362 0.19799999892712
			vertex 3.1517250537872 1.3014849424362 0.19799999892712
		endloop
	endfacet
	facet normal 0 0 -1
		outer loop
			vertex 3.1517250537872 1.2928096055984 0.19799999892712
			vertex 3.1517250537872 1.3014849424362 0.19799999892712
			vertex 3.4825301170349 1.3014849424362 0.19799999892712
		endloop
	endfacet
	facet normal 0 -1 0
		outer loop
			vertex 3.1517250537872 1.3014849424362 0
			vertex 3.4825301170349 1.3014849424362 0
			vertex 3.4825301170349 1.3014849424362 0.19799999892712
		endloop
	endfacet
	facet normal 0 0 -1
		outer loop
			vertex 3.1517250537872 1.2928096055984 0.19799999892712
			vertex 3.4825301170349 1.3014849424362 0.19799999892712
			vertex 3.4864690303802 1.3014849424362 0.19799999892712
		endloop
	endfacet
	facet normal 0 0 -1
		outer loop
			vertex 3.1517250537872 1.2928096055984 0.19799999892712
			vertex 3.4864690303802 1.3014849424362 0.19799999892712
			vertex 3.4890999794006 1.2610000371933 0.19799999892712
		endloop
	endfacet
	facet normal 0.98078448175191 -0.1950943370645 0
		outer loop
			vertex 3.0707550048828 1.5309000015259 0
			vertex 3.0738368034363 1.5463929176331 0
			vertex 3.0738368034363 1.5463929176331 0.19799999892712
		endloop
	endfacet
	facet normal 0.98078448175191 -0.1950943370645 0
		outer loop
			vertex 3.0707550048828 1.5309000015259 0
			vertex 3.0738368034363 1.5463929176331 0.19799999892712
			vertex 3.0707550048828 1.5309000015259 0.19799999892712
		endloop
	endfacet
	facet normal 0 0 -1
		outer loop
			vertex 3.0707550048828 1.5309000015259 0.19799999892712
			vertex 3.0738368034363 1.5463929176331 0.19799999892712
			vertex 3.0738368034363 1.5309000015259 0.19799999892712
		endloop
	endfacet
	facet normal 0 0 -1
		outer loop
			vertex 3.0738368034363 1.5463929176331 0.19799999892712
			vertex 3.0856945514679 1.54403424263 0.19799999892712
			vertex 3.0769183635712 1.5309000015259 0.19799999892712
		endloop
	endfacet
	facet normal 0 0 -1
		outer loop
			vertex 3.0769183635712 1.5309000015259 0.19799999892712
			vertex 3.0957469940186 1.55408680439 0.19799999892712
			vertex 3.098828792572 1.5528103113174 0.19799999892712
		endloop
	endfacet
	facet normal 0 0 -1
		outer loop
			vertex 3.0769183635712 1.5309000015259 0.19799999892712
			vertex 3.0856945514679 1.54403424263 0.19799999892712
			vertex 3.0957469940186 1.55408680439 0.19799999892712
		endloop
	endfacet
	facet normal 0 0 -1
		outer loop
			vertex 3.0769183635712 1.5309000015259 0.19799999892712
			vertex 3.098828792572 1.5528103113174 0.19799999892712
			vertex 3.1112399101257 1.5579512119293 0.19799999892712
		endloop
	endfacet
	facet normal 0 0 -1
		outer loop
			vertex 3.0769183635712 1.5309000015259 0.19799999892712
			vertex 3.1112399101257 1.5579512119293 0.19799999892712
			vertex 3.1112399101257 1.5309000015259 0.19799999892712
		endloop
	endfacet
	facet normal 0.98078462536944 0.1950936150645 0
		outer loop
			vertex 3.0738368034363 0.97560703754425 0
			vertex 3.0707550048828 0.99110001325607 0
			vertex 3.0707550048828 0.99110001325607 0.19799999892712
		endloop
	endfacet
	facet normal 0.98078462536944 0.1950936150645 -0
		outer loop
			vertex 3.0738368034363 0.97560703754425 0
			vertex 3.0707550048828 0.99110001325607 0.19799999892712
			vertex 3.0738368034363 0.97560703754425 0.19799999892712
		endloop
	endfacet
	facet normal 0.55557239313192 0.83146816895758 -0
		outer loop
			vertex 3.0826127529144 0.96247279644012 0
			vertex 3.0826127529144 0.96247279644012 0.19799999892712
			vertex 3.0957469940186 0.95369672775269 0
		endloop
	endfacet
	facet normal 0.83147165503325 0.55556717584489 -0
		outer loop
			vertex 3.0738368034363 0.97560703754425 0
			vertex 3.0738368034363 0.97560703754425 0.19799999892712
			vertex 3.0826127529144 0.96247279644012 0
		endloop
	endfacet
	facet normal 0.19509070738589 0.98078520374834 -0
		outer loop
			vertex 3.0957469940186 0.95369672775269 0
			vertex 3.0957469940186 0.95369672775269 0.19799999892712
			vertex 3.1112399101257 0.95061498880386 0
		endloop
	endfacet
	facet normal 0.83147165503325 0.55556717584489 0
		outer loop
			vertex 3.0738368034363 0.97560703754425 0.19799999892712
			vertex 3.0826127529144 0.96247279644012 0.19799999892712
			vertex 3.0826127529144 0.96247279644012 0
		endloop
	endfacet
	facet normal 0.55557239313192 0.83146816895758 -0
		outer loop
			vertex 3.0957469940186 0.95369672775269 0
			vertex 3.0826127529144 0.96247279644012 0.19799999892712
			vertex 3.0957469940186 0.95369672775269 0.19799999892712
		endloop
	endfacet
	facet normal 0.19509070738589 0.98078520374834 -0
		outer loop
			vertex 3.1112399101257 0.95061498880386 0
			vertex 3.0957469940186 0.95369672775269 0.19799999892712
			vertex 3.1112399101257 0.95061498880386 0.19799999892712
		endloop
	endfacet
	facet normal 0 0 -1
		outer loop
			vertex 3.0738368034363 0.97560703754425 0.19799999892712
			vertex 3.1112399101257 0.99110001325607 0.19799999892712
			vertex 3.0826127529144 0.96247279644012 0.19799999892712
		endloop
	endfacet
	facet normal 0 0 -1
		outer loop
			vertex 3.0957469940186 0.95369672775269 0.19799999892712
			vertex 3.1112399101257 0.99110001325607 0.19799999892712
			vertex 3.1112399101257 0.95061498880386 0.19799999892712
		endloop
	endfacet
	facet normal 0 0 -1
		outer loop
			vertex 3.0826127529144 0.96247279644012 0.19799999892712
			vertex 3.1112399101257 0.99110001325607 0.19799999892712
			vertex 3.0957469940186 0.95369672775269 0.19799999892712
		endloop
	endfacet
	facet normal 0 0 -1
		outer loop
			vertex 3.0738368034363 0.97560703754425 0.19799999892712
			vertex 3.0707550048828 0.99110001325607 0.19799999892712
			vertex 3.1112399101257 0.99110001325607 0.19799999892712
		endloop
	endfacet
	facet normal -0.55556824672696 0.83147093949742 0
		outer loop
			vertex 3.5045928955078 0.95369672775269 0
			vertex 3.5045928955078 0.95369672775269 0.19799999892712
			vertex 3.5111255645752 0.95806169509888 0
		endloop
	endfacet
	facet normal -0.19509070738589 0.98078520374834 0
		outer loop
			vertex 3.4890999794006 0.95061498880386 0
			vertex 3.4890999794006 0.95061498880386 0.19799999892712
			vertex 3.5045928955078 0.95369672775269 0
		endloop
	endfacet
	facet normal -0.19509070738589 0.98078520374834 0
		outer loop
			vertex 3.5045928955078 0.95369672775269 0
			vertex 3.4890999794006 0.95061498880386 0.19799999892712
			vertex 3.5045928955078 0.95369672775269 0.19799999892712
		endloop
	endfacet
	facet normal -0.55556824672696 0.83147093949742 0
		outer loop
			vertex 3.5111255645752 0.95806169509888 0
			vertex 3.5045928955078 0.95369672775269 0.19799999892712
			vertex 3.5111255645752 0.95806169509888 0.19799999892712
		endloop
	endfacet
	facet normal 0 0 -1
		outer loop
			vertex 3.4890999794006 0.95061498880386 0.19799999892712
			vertex 3.5111255645752 0.95806169509888 0.19799999892712
			vertex 3.5045928955078 0.95369672775269 0.19799999892712
		endloop
	endfacet
	facet normal 0 0 -1
		outer loop
			vertex 3.4890999794006 0.95061498880386 0.19799999892712
			vertex 3.4890999794006 0.99110001325607 0.19799999892712
			vertex 3.5111255645752 0.95806169509888 0.19799999892712
		endloop
	endfacet
	facet normal -0.55557649621855 0.83146542733268 0
		outer loop
			vertex 3.673065662384 1.0660216808319 0
			vertex 3.673065662384 1.0660216808319 0.19799999892712
			vertex 3.6796672344208 1.0704327821732 0
		endloop
	endfacet
	facet normal -0.83147165503325 0.55556717584489 0
		outer loop
			vertex 3.6796672344208 1.0704327821732 0
			vertex 3.6796672344208 1.0704327821732 0.19799999892712
			vertex 3.6884431838989 1.0835670232773 0
		endloop
	endfacet
	facet normal -0.98078476898537 0.19509289306975 0
		outer loop
			vertex 3.6884431838989 1.0835670232773 0
			vertex 3.6884431838989 1.0835670232773 0.19799999892712
			vertex 3.6915249824524 1.0990600585938 0
		endloop
	endfacet
	facet normal -0.55557649621855 0.83146542733268 0
		outer loop
			vertex 3.6796672344208 1.0704327821732 0
			vertex 3.673065662384 1.0660216808319 0.19799999892712
			vertex 3.6796672344208 1.0704327821732 0.19799999892712
		endloop
	endfacet
	facet normal -0.83147165503325 0.55556717584489 0
		outer loop
			vertex 3.6884431838989 1.0835670232773 0
			vertex 3.6796672344208 1.0704327821732 0.19799999892712
			vertex 3.6884431838989 1.0835670232773 0.19799999892712
		endloop
	endfacet
	facet normal -0.98078476898537 0.19509289306975 0
		outer loop
			vertex 3.6915249824524 1.0990600585938 0
			vertex 3.6884431838989 1.0835670232773 0.19799999892712
			vertex 3.6915249824524 1.0990600585938 0.19799999892712
		endloop
	endfacet
	facet normal 0 0 -1
		outer loop
			vertex 3.6590929031372 1.0990600585938 0.19799999892712
			vertex 3.6665329933167 1.1323827505112 0.19799999892712
			vertex 3.673065662384 1.0660216808319 0.19799999892712
		endloop
	endfacet
	facet normal 0 0 -1
		outer loop
			vertex 3.6510400772095 1.0990600585938 0.19799999892712
			vertex 3.6590929031372 1.0990600585938 0.19799999892712
			vertex 3.673065662384 1.0660216808319 0.19799999892712
		endloop
	endfacet
	facet normal 0 0 -1
		outer loop
			vertex 3.6796672344208 1.0704327821732 0.19799999892712
			vertex 3.6665329933167 1.1323827505112 0.19799999892712
			vertex 3.6915249824524 1.0990600585938 0.19799999892712
		endloop
	endfacet
	facet normal -0 0 -1
		outer loop
			vertex 3.6796672344208 1.0704327821732 0.19799999892712
			vertex 3.673065662384 1.0660216808319 0.19799999892712
			vertex 3.6665329933167 1.1323827505112 0.19799999892712
		endloop
	endfacet
	facet normal 0 0 -1
		outer loop
			vertex 3.6796672344208 1.0704327821732 0.19799999892712
			vertex 3.6915249824524 1.0990600585938 0.19799999892712
			vertex 3.6884431838989 1.0835670232773 0.19799999892712
		endloop
	endfacet
	facet normal -0.1950857893111 -0.98078618200343 0
		outer loop
			vertex 3.6665329933167 1.2444232702255 0
			vertex 3.6665329933167 1.2444232702255 0.19799999892712
			vertex 3.6636958122253 1.2449876070023 0
		endloop
	endfacet
	facet normal -0.55557239313192 -0.83146816895758 0
		outer loop
			vertex 3.6665329933167 1.2444232702255 0
			vertex 3.6796672344208 1.2356472015381 0
			vertex 3.6796672344208 1.2356472015381 0.19799999892712
		endloop
	endfacet
	facet normal -0.98078448175191 -0.1950943370645 0
		outer loop
			vertex 3.6915249824524 1.2070200443268 0
			vertex 3.6915249824524 1.2070200443268 0.19799999892712
			vertex 3.6884431838989 1.222512960434 0
		endloop
	endfacet
	facet normal -0.83147165503325 -0.55556717584489 0
		outer loop
			vertex 3.6796672344208 1.2356472015381 0
			vertex 3.6884431838989 1.222512960434 0
			vertex 3.6884431838989 1.222512960434 0.19799999892712
		endloop
	endfacet
	facet normal -0.1950857893111 -0.98078618200343 0
		outer loop
			vertex 3.6636958122253 1.2449876070023 0
			vertex 3.6665329933167 1.2444232702255 0.19799999892712
			vertex 3.6636958122253 1.2449876070023 0.19799999892712
		endloop
	endfacet
	facet normal -0.83147165503325 -0.55556717584489 0
		outer loop
			vertex 3.6796672344208 1.2356472015381 0
			vertex 3.6884431838989 1.222512960434 0.19799999892712
			vertex 3.6796672344208 1.2356472015381 0.19799999892712
		endloop
	endfacet
	facet normal -0.55557239313192 -0.83146816895758 0
		outer loop
			vertex 3.6665329933167 1.2444232702255 0
			vertex 3.6796672344208 1.2356472015381 0.19799999892712
			vertex 3.6665329933167 1.2444232702255 0.19799999892712
		endloop
	endfacet
	facet normal -0.98078448175191 -0.1950943370645 0
		outer loop
			vertex 3.6884431838989 1.222512960434 0
			vertex 3.6915249824524 1.2070200443268 0.19799999892712
			vertex 3.6884431838989 1.222512960434 0.19799999892712
		endloop
	endfacet
	facet normal 0 0 -1
		outer loop
			vertex 3.6510400772095 1.2070200443268 0.19799999892712
			vertex 3.6636958122253 1.2449876070023 0.19799999892712
			vertex 3.6915249824524 1.2070200443268 0.19799999892712
		endloop
	endfacet
	facet normal 0 0 -1
		outer loop
			vertex 3.6636958122253 1.2449876070023 0.19799999892712
			vertex 3.6796672344208 1.2356472015381 0.19799999892712
			vertex 3.6884431838989 1.222512960434 0.19799999892712
		endloop
	endfacet
	facet normal 0 0 -1
		outer loop
			vertex 3.6636958122253 1.2449876070023 0.19799999892712
			vertex 3.6884431838989 1.222512960434 0.19799999892712
			vertex 3.6915249824524 1.2070200443268 0.19799999892712
		endloop
	endfacet
	facet normal 0 0 -1
		outer loop
			vertex 3.6636958122253 1.2449876070023 0.19799999892712
			vertex 3.6665329933167 1.2444232702255 0.19799999892712
			vertex 3.6796672344208 1.2356472015381 0.19799999892712
		endloop
	endfacet
	facet normal 0 0 -1
		outer loop
			vertex 3.5041189193726 1.2259800434113 0.19799999892712
			vertex 3.4963693618774 1.2649400234222 0.19799999892712
			vertex 3.5045928955078 1.2260377407074 0.19799999892712
		endloop
	endfacet
	facet normal 0 0 -1
		outer loop
			vertex 3.5045928955078 1.2260377407074 0.19799999892712
			vertex 3.4963693618774 1.2649400234222 0.19799999892712
			vertex 3.520081281662 1.2777922153473 0.19799999892712
		endloop
	endfacet
	facet normal 0 0 -1
		outer loop
			vertex 3.5073277950287 1.2254241704941 0.19799999892712
			vertex 3.514613866806 1.248024225235 0.19799999892712
			vertex 3.5085191726685 1.2262201309204 0.19799999892712
		endloop
	endfacet
	facet normal 0 0 -1
		outer loop
			vertex 3.5168249607086 1.2369086742401 0.19799999892712
			vertex 3.514613866806 1.248024225235 0.19799999892712
			vertex 3.520081281662 1.2777922153473 0.19799999892712
		endloop
	endfacet
	facet normal 0 0 -1
		outer loop
			vertex 3.5168249607086 1.2369086742401 0.19799999892712
			vertex 3.520081281662 1.2777922153473 0.19799999892712
			vertex 3.5263886451721 1.2460836172104 0.19799999892712
		endloop
	endfacet
	facet normal 0 0 -1
		outer loop
			vertex 3.5073277950287 1.2254241704941 0.19799999892712
			vertex 3.520081281662 1.2777922153473 0.19799999892712
			vertex 3.514613866806 1.248024225235 0.19799999892712
		endloop
	endfacet
	facet normal 0 0 -1
		outer loop
			vertex 3.5045928955078 1.2260377407074 0.19799999892712
			vertex 3.520081281662 1.2777922153473 0.19799999892712
			vertex 3.5073277950287 1.2254241704941 0.19799999892712
		endloop
	endfacet
	facet normal 0.31622829603203 -0.94868312137862 0
		outer loop
			vertex 3.4825301170349 1.3014849424362 0
			vertex 3.610554933548 1.3441599607468 0
			vertex 3.610554933548 1.3441599607468 0.19799999892712
		endloop
	endfacet
	facet normal 0.31622829603203 -0.94868312137862 0
		outer loop
			vertex 3.4825301170349 1.3014849424362 0
			vertex 3.610554933548 1.3441599607468 0.19799999892712
			vertex 3.4825301170349 1.3014849424362 0.19799999892712
		endloop
	endfacet
	facet normal 0 0 -1
		outer loop
			vertex 3.4890999794006 1.2610000371933 0.19799999892712
			vertex 3.4864690303802 1.3014849424362 0.19799999892712
			vertex 3.4963693618774 1.2649400234222 0.19799999892712
		endloop
	endfacet
	facet normal 0 0 -1
		outer loop
			vertex 3.4864690303802 1.3014849424362 0.19799999892712
			vertex 3.520081281662 1.2777922153473 0.19799999892712
			vertex 3.4963693618774 1.2649400234222 0.19799999892712
		endloop
	endfacet
	facet normal 0 0 -1
		outer loop
			vertex 3.4864690303802 1.3014849424362 0.19799999892712
			vertex 3.5241584777832 1.280002117157 0.19799999892712
			vertex 3.520081281662 1.2777922153473 0.19799999892712
		endloop
	endfacet
	facet normal 0 0 -1
		outer loop
			vertex 3.5241584777832 1.280002117157 0.19799999892712
			vertex 3.561324596405 1.2796000242233 0.19799999892712
			vertex 3.5254771709442 1.2780287265778 0.19799999892712
		endloop
	endfacet
	facet normal 0 0 -1
		outer loop
			vertex 3.5254771709442 1.2780287265778 0.19799999892712
			vertex 3.561324596405 1.2796000242233 0.19799999892712
			vertex 3.5265033245087 1.2706325054169 0.19799999892712
		endloop
	endfacet
	facet normal 0 0 -1
		outer loop
			vertex 3.5265033245087 1.2461936473846 0.19799999892712
			vertex 3.5265033245087 1.2706325054169 0.19799999892712
			vertex 3.561324596405 1.2796000242233 0.19799999892712
		endloop
	endfacet
	facet normal 0 0 -1
		outer loop
			vertex 3.4825301170349 1.3014849424362 0.19799999892712
			vertex 3.610554933548 1.3441599607468 0.19799999892712
			vertex 3.4864690303802 1.3014849424362 0.19799999892712
		endloop
	endfacet
	facet normal 0 0 -1
		outer loop
			vertex 3.4864690303802 1.3014849424362 0.19799999892712
			vertex 3.610554933548 1.326829791069 0.19799999892712
			vertex 3.5241584777832 1.280002117157 0.19799999892712
		endloop
	endfacet
	facet normal 0 0 -1
		outer loop
			vertex 3.5241584777832 1.280002117157 0.19799999892712
			vertex 3.610554933548 1.326829791069 0.19799999892712
			vertex 3.561324596405 1.2796000242233 0.19799999892712
		endloop
	endfacet
	facet normal 0 0 -1
		outer loop
			vertex 3.4864690303802 1.3014849424362 0.19799999892712
			vertex 3.610554933548 1.3441599607468 0.19799999892712
			vertex 3.610554933548 1.326829791069 0.19799999892712
		endloop
	endfacet
	facet normal -0.31622776601684 0.94868329805051 0
		outer loop
			vertex 3.6171247959137 1.2610000371933 0
			vertex 3.6171247959137 1.2610000371933 0.19799999892712
			vertex 3.6638424396515 1.2765725851059 0
		endloop
	endfacet
	facet normal -0.31622776601684 0.94868329805051 0
		outer loop
			vertex 3.6638424396515 1.2765725851059 0
			vertex 3.6171247959137 1.2610000371933 0.19799999892712
			vertex 3.6638424396515 1.2765725851059 0.19799999892712
		endloop
	endfacet
	facet normal -0.94868329805051 -0.31622776601684 0
		outer loop
			vertex 3.6638424396515 1.2765725851059 0
			vertex 3.6638424396515 1.2765725851059 0.19799999892712
			vertex 3.6636958122253 1.2770124673843 0
		endloop
	endfacet
	facet normal -0.94868329805051 -0.31622776601684 0
		outer loop
			vertex 3.6636958122253 1.2770124673843 0
			vertex 3.6638424396515 1.2765725851059 0.19799999892712
			vertex 3.6636958122253 1.2770124673843 0.19799999892712
		endloop
	endfacet
	facet normal 0 0 -1
		outer loop
			vertex 3.561324596405 1.2796000242233 0.19799999892712
			vertex 3.610554933548 1.326829791069 0.19799999892712
			vertex 3.6171247959137 1.2610000371933 0.19799999892712
		endloop
	endfacet
	facet normal 0 0 -1
		outer loop
			vertex 3.6171247959137 1.2610000371933 0.19799999892712
			vertex 3.610554933548 1.326829791069 0.19799999892712
			vertex 3.6299073696136 1.2813450098038 0.19799999892712
		endloop
	endfacet
	facet normal 0 0 -1
		outer loop
			vertex 3.610554933548 1.326829791069 0.19799999892712
			vertex 3.6145966053009 1.3256468772888 0.19799999892712
			vertex 3.6299073696136 1.2813450098038 0.19799999892712
		endloop
	endfacet
	facet normal 0 0 -1
		outer loop
			vertex 3.6171247959137 1.2610000371933 0.19799999892712
			vertex 3.6299073696136 1.2813450098038 0.19799999892712
			vertex 3.6638424396515 1.2765725851059 0.19799999892712
		endloop
	endfacet
	facet normal 0 0 -1
		outer loop
			vertex 3.6299073696136 1.2813450098038 0.19799999892712
			vertex 3.6510400772095 1.3149800300598 0.19799999892712
			vertex 3.6636958122253 1.2770124673843 0.19799999892712
		endloop
	endfacet
	facet normal 0 0 -1
		outer loop
			vertex 3.6145966053009 1.3256468772888 0.19799999892712
			vertex 3.6224126815796 1.323359131813 0.19799999892712
			vertex 3.6299073696136 1.2813450098038 0.19799999892712
		endloop
	endfacet
	facet normal 0 0 -1
		outer loop
			vertex 3.6299073696136 1.2813450098038 0.19799999892712
			vertex 3.6636958122253 1.2770124673843 0.19799999892712
			vertex 3.6638424396515 1.2765725851059 0.19799999892712
		endloop
	endfacet
	facet normal 1 0 0
		outer loop
			vertex 3.610554933548 1.3441599607468 0
			vertex 3.610554933548 1.4012731313705 0
			vertex 3.610554933548 1.4012731313705 0.19799999892712
		endloop
	endfacet
	facet normal 1 0 0
		outer loop
			vertex 3.610554933548 1.3441599607468 0
			vertex 3.610554933548 1.4012731313705 0.19799999892712
			vertex 3.610554933548 1.3441599607468 0.19799999892712
		endloop
	endfacet
	facet normal -1 0 0
		outer loop
			vertex 3.6915249824524 1.3149800300598 0
			vertex 3.6915249824524 1.4229400157928 0.19799999892712
			vertex 3.6915249824524 1.4229400157928 0
		endloop
	endfacet
	facet normal -1 0 0
		outer loop
			vertex 3.6915249824524 1.3149800300598 0
			vertex 3.6915249824524 1.3149800300598 0.19799999892712
			vertex 3.6915249824524 1.4229400157928 0.19799999892712
		endloop
	endfacet
	facet normal 0 0 -1
		outer loop
			vertex 3.610554933548 1.326829791069 0.19799999892712
			vertex 3.610554933548 1.3441599607468 0.19799999892712
			vertex 3.6145966053009 1.3256468772888 0.19799999892712
		endloop
	endfacet
	facet normal 0 0 -1
		outer loop
			vertex 3.6145966053009 1.3256468772888 0.19799999892712
			vertex 3.610554933548 1.3441599607468 0.19799999892712
			vertex 3.6224126815796 1.3356133699417 0.19799999892712
		endloop
	endfacet
	facet normal 0 0 -1
		outer loop
			vertex 3.6224126815796 1.3356133699417 0.19799999892712
			vertex 3.610554933548 1.3441599607468 0.19799999892712
			vertex 3.6211051940918 1.3948059082031 0.19799999892712
		endloop
	endfacet
	facet normal 0 0 -1
		outer loop
			vertex 3.610554933548 1.3441599607468 0.19799999892712
			vertex 3.610554933548 1.4012731313705 0.19799999892712
			vertex 3.6211051940918 1.3948059082031 0.19799999892712
		endloop
	endfacet
	facet normal 0 0 -1
		outer loop
			vertex 3.6224126815796 1.3356133699417 0.19799999892712
			vertex 3.6211051940918 1.3948059082031 0.19799999892712
			vertex 3.6510400772095 1.3149800300598 0.19799999892712
		endloop
	endfacet
	facet normal 0 0 -1
		outer loop
			vertex 3.6510400772095 1.3149800300598 0.19799999892712
			vertex 3.6211051940918 1.3948059082031 0.19799999892712
			vertex 3.631988286972 1.3943623304367 0.19799999892712
		endloop
	endfacet
	facet normal 0 0 -1
		outer loop
			vertex 3.6510400772095 1.3149800300598 0.19799999892712
			vertex 3.631988286972 1.3943623304367 0.19799999892712
			vertex 3.6460552215576 1.4229400157928 0.19799999892712
		endloop
	endfacet
	facet normal 0 0 -1
		outer loop
			vertex 3.620632648468 1.3960665464401 0.19799999892712
			vertex 3.631988286972 1.3943623304367 0.19799999892712
			vertex 3.6211051940918 1.3948059082031 0.19799999892712
		endloop
	endfacet
	facet normal 0 0 -1
		outer loop
			vertex 3.631988286972 1.3943623304367 0.19799999892712
			vertex 3.6265366077423 1.4229400157928 0.19799999892712
			vertex 3.6460552215576 1.4229400157928 0.19799999892712
		endloop
	endfacet
	facet normal 0 0 -1
		outer loop
			vertex 3.6510400772095 1.3149800300598 0.19799999892712
			vertex 3.6665329933167 1.3483027219772 0.19799999892712
			vertex 3.6590929031372 1.3149800300598 0.19799999892712
		endloop
	endfacet
	facet normal 0 0 -1
		outer loop
			vertex 3.6510400772095 1.3149800300598 0.19799999892712
			vertex 3.6460552215576 1.4229400157928 0.19799999892712
			vertex 3.6665329933167 1.3483027219772 0.19799999892712
		endloop
	endfacet
	facet normal 0 0 -1
		outer loop
			vertex 3.6915249824524 1.3149800300598 0.19799999892712
			vertex 3.6665329933167 1.3483027219772 0.19799999892712
			vertex 3.6915249824524 1.4229400157928 0.19799999892712
		endloop
	endfacet
	facet normal 0 0 -1
		outer loop
			vertex 3.6665329933167 1.3483027219772 0.19799999892712
			vertex 3.6460552215576 1.4229400157928 0.19799999892712
			vertex 3.6915249824524 1.4229400157928 0.19799999892712
		endloop
	endfacet
	facet normal 0.55470019622523 0.83205029433784 -0
		outer loop
			vertex 3.4768421649933 1.4904149770737 0
			vertex 3.4768421649933 1.4904149770737 0.19799999892712
			vertex 3.610554933548 1.4012731313705 0
		endloop
	endfacet
	facet normal 0.83205029433784 -0.55470019622523 0
		outer loop
			vertex 3.5115571022034 1.5645855665207 0
			vertex 3.5115571022034 1.5645855665207 0.19799999892712
			vertex 3.5111255645752 1.5639382600784 0
		endloop
	endfacet
	facet normal 0.83205029433784 -0.55470019622523 0
		outer loop
			vertex 3.5111255645752 1.5639382600784 0
			vertex 3.5115571022034 1.5645855665207 0.19799999892712
			vertex 3.5111255645752 1.5639382600784 0.19799999892712
		endloop
	endfacet
	facet normal 0.55470019622523 0.83205029433784 0
		outer loop
			vertex 3.4768421649933 1.4904149770737 0.19799999892712
			vertex 3.610554933548 1.4012731313705 0.19799999892712
			vertex 3.610554933548 1.4012731313705 0
		endloop
	endfacet
	facet normal -0.55470047891733 -0.83205010587637 0
		outer loop
			vertex 3.5115571022034 1.5645855665207 0
			vertex 3.6734969615936 1.4566255807877 0.19799999892712
			vertex 3.5115571022034 1.5645855665207 0.19799999892712
		endloop
	endfacet
	facet normal 0 -0 -1
		outer loop
			vertex 3.4890999794006 1.4928079843521 0.19799999892712
			vertex 3.610554933548 1.4012731313705 0.19799999892712
			vertex 3.4768421649933 1.4904149770737 0.19799999892712
		endloop
	endfacet
	facet normal 0 0 -1
		outer loop
			vertex 3.4890999794006 1.4928079843521 0.19799999892712
			vertex 3.491641998291 1.4909206628799 0.19799999892712
			vertex 3.610554933548 1.4012731313705 0.19799999892712
		endloop
	endfacet
	facet normal 0 -0 -1
		outer loop
			vertex 3.4951560497284 1.4916195869446 0.19799999892712
			vertex 3.620632648468 1.3960665464401 0.19799999892712
			vertex 3.491641998291 1.4909206628799 0.19799999892712
		endloop
	endfacet
	facet normal 0 0 -1
		outer loop
			vertex 3.4951560497284 1.4916195869446 0.19799999892712
			vertex 3.4979088306427 1.5270994901657 0.19799999892712
			vertex 3.6510400772095 1.4610320329666 0.19799999892712
		endloop
	endfacet
	facet normal 0 0 -1
		outer loop
			vertex 3.491641998291 1.4909206628799 0.19799999892712
			vertex 3.6211051940918 1.3948059082031 0.19799999892712
			vertex 3.610554933548 1.4012731313705 0.19799999892712
		endloop
	endfacet
	facet normal 0 0 -1
		outer loop
			vertex 3.491641998291 1.4909206628799 0.19799999892712
			vertex 3.620632648468 1.3960665464401 0.19799999892712
			vertex 3.6211051940918 1.3948059082031 0.19799999892712
		endloop
	endfacet
	facet normal 0 0 -1
		outer loop
			vertex 3.4951560497284 1.4916195869446 0.19799999892712
			vertex 3.6265366077423 1.4229400157928 0.19799999892712
			vertex 3.620632648468 1.3960665464401 0.19799999892712
		endloop
	endfacet
	facet normal 0 0 -1
		outer loop
			vertex 3.4979088306427 1.5270994901657 0.19799999892712
			vertex 3.495302438736 1.5402035713196 0.19799999892712
			vertex 3.6510400772095 1.4610320329666 0.19799999892712
		endloop
	endfacet
	facet normal 0 0 -1
		outer loop
			vertex 3.495302438736 1.5402035713196 0.19799999892712
			vertex 3.5067629814148 1.5573942661285 0.19799999892712
			vertex 3.6510400772095 1.4610320329666 0.19799999892712
		endloop
	endfacet
	facet normal 0 -0 -1
		outer loop
			vertex 3.5115571022034 1.5645855665207 0.19799999892712
			vertex 3.6510400772095 1.4610320329666 0.19799999892712
			vertex 3.5111255645752 1.5639382600784 0.19799999892712
		endloop
	endfacet
	facet normal 0 0 -1
		outer loop
			vertex 3.5067629814148 1.5573942661285 0.19799999892712
			vertex 3.5111255645752 1.5639382600784 0.19799999892712
			vertex 3.6510400772095 1.4610320329666 0.19799999892712
		endloop
	endfacet
	facet normal 0 0 -1
		outer loop
			vertex 3.620632648468 1.3960665464401 0.19799999892712
			vertex 3.6265366077423 1.4229400157928 0.19799999892712
			vertex 3.631988286972 1.3943623304367 0.19799999892712
		endloop
	endfacet
	facet normal -0.55470047891733 -0.83205010587637 0
		outer loop
			vertex 3.5115571022034 1.5645855665207 0
			vertex 3.6734969615936 1.4566255807877 0
			vertex 3.6734969615936 1.4566255807877 0.19799999892712
		endloop
	endfacet
	facet normal -0.83219173633641 0.55448797459763 0
		outer loop
			vertex 3.6734969615936 1.4566255807877 0
			vertex 3.673065662384 1.4559782743454 0
			vertex 3.673065662384 1.4559782743454 0.19799999892712
		endloop
	endfacet
	facet normal -0.83219173633641 0.55448797459763 0
		outer loop
			vertex 3.6734969615936 1.4566255807877 0
			vertex 3.673065662384 1.4559782743454 0.19799999892712
			vertex 3.6734969615936 1.4566255807877 0.19799999892712
		endloop
	endfacet
	facet normal 0 0 -1
		outer loop
			vertex 3.4951560497284 1.4916195869446 0.19799999892712
			vertex 3.6510400772095 1.4610320329666 0.19799999892712
			vertex 3.6265366077423 1.4229400157928 0.19799999892712
		endloop
	endfacet
	facet normal 0 0 -1
		outer loop
			vertex 3.5115571022034 1.5645855665207 0.19799999892712
			vertex 3.671514749527 1.4570145606995 0.19799999892712
			vertex 3.6510400772095 1.4610320329666 0.19799999892712
		endloop
	endfacet
	facet normal 0 0 -1
		outer loop
			vertex 3.5115571022034 1.5645855665207 0.19799999892712
			vertex 3.6734969615936 1.4566255807877 0.19799999892712
			vertex 3.671514749527 1.4570145606995 0.19799999892712
		endloop
	endfacet
	facet normal 0 0 -1
		outer loop
			vertex 3.6265366077423 1.4229400157928 0.19799999892712
			vertex 3.6510400772095 1.4610320329666 0.19799999892712
			vertex 3.6460552215576 1.4229400157928 0.19799999892712
		endloop
	endfacet
	facet normal 0 0 -1
		outer loop
			vertex 3.671514749527 1.4570145606995 0.19799999892712
			vertex 3.6734969615936 1.4566255807877 0.19799999892712
			vertex 3.673065662384 1.4559782743454 0.19799999892712
		endloop
	endfacet
	facet normal 0 1 0
		outer loop
			vertex 3.1517250537872 1.4904149770737 0
			vertex 3.1517250537872 1.4904149770737 0.19799999892712
			vertex 3.4768421649933 1.4904149770737 0
		endloop
	endfacet
	facet normal 0 -1 0
		outer loop
			vertex 3.1112399101257 1.5713850259781 0
			vertex 3.4890999794006 1.5713850259781 0.19799999892712
			vertex 3.1112399101257 1.5713850259781 0.19799999892712
		endloop
	endfacet
	facet normal 0 0 -1
		outer loop
			vertex 3.1517250537872 1.4904149770737 0.19799999892712
			vertex 3.1517250537872 1.4990903139114 0.19799999892712
			vertex 3.4768421649933 1.4904149770737 0.19799999892712
		endloop
	endfacet
	facet normal 0 0 -1
		outer loop
			vertex 3.1112399101257 1.5309000015259 0.19799999892712
			vertex 3.4890999794006 1.5713850259781 0.19799999892712
			vertex 3.1517250537872 1.4990903139114 0.19799999892712
		endloop
	endfacet
	facet normal 0 0 -1
		outer loop
			vertex 3.1112399101257 1.5309000015259 0.19799999892712
			vertex 3.1112399101257 1.5579512119293 0.19799999892712
			vertex 3.4890999794006 1.5713850259781 0.19799999892712
		endloop
	endfacet
	facet normal 0 0 -1
		outer loop
			vertex 3.1112399101257 1.5713850259781 0.19799999892712
			vertex 3.4890999794006 1.5713850259781 0.19799999892712
			vertex 3.1112399101257 1.5579512119293 0.19799999892712
		endloop
	endfacet
	facet normal -0 1 0
		outer loop
			vertex 3.1517250537872 1.4904149770737 0.19799999892712
			vertex 3.4768421649933 1.4904149770737 0.19799999892712
			vertex 3.4768421649933 1.4904149770737 0
		endloop
	endfacet
	facet normal 0 -1 0
		outer loop
			vertex 3.1112399101257 1.5713850259781 0
			vertex 3.4890999794006 1.5713850259781 0
			vertex 3.4890999794006 1.5713850259781 0.19799999892712
		endloop
	endfacet
	facet normal 0 0 -1
		outer loop
			vertex 3.1517250537872 1.4990903139114 0.19799999892712
			vertex 3.4890999794006 1.4928079843521 0.19799999892712
			vertex 3.4768421649933 1.4904149770737 0.19799999892712
		endloop
	endfacet
	facet normal 0 0 -1
		outer loop
			vertex 3.1517250537872 1.4990903139114 0.19799999892712
			vertex 3.4890999794006 1.5713850259781 0.19799999892712
			vertex 3.4890999794006 1.4928079843521 0.19799999892712
		endloop
	endfacet
	facet normal 0 0 -1
		outer loop
			vertex 3.4736070632935 1.2238348722458 0.19799999892712
			vertex 3.4883937835693 1.2240653038025 0.19799999892712
			vertex 3.4787590503693 1.2225719690323 0.19799999892712
		endloop
	endfacet
	facet normal 0 0 -1
		outer loop
			vertex 3.4736070632935 1.2238348722458 0.19799999892712
			vertex 3.4787590503693 1.2225719690323 0.19799999892712
			vertex 3.4774713516235 1.2228280305862 0.19799999892712
		endloop
	endfacet
	facet normal 0 0 -1
		outer loop
			vertex 3.4890999794006 1.2241513729095 0.19799999892712
			vertex 3.4963693618774 1.2649400234222 0.19799999892712
			vertex 3.4953672885895 1.2217615842819 0.19799999892712
		endloop
	endfacet
	facet normal -0 0 -1
		outer loop
			vertex 3.5041189193726 1.2259800434113 0.19799999892712
			vertex 3.4953672885895 1.2217615842819 0.19799999892712
			vertex 3.4963693618774 1.2649400234222 0.19799999892712
		endloop
	endfacet
	facet normal 0 0 -1
		outer loop
			vertex 3.4890999794006 1.2241513729095 0.19799999892712
			vertex 3.4890999794006 1.2610000371933 0.19799999892712
			vertex 3.4963693618774 1.2649400234222 0.19799999892712
		endloop
	endfacet
	facet normal -0 0 -1
		outer loop
			vertex 3.5168249607086 1.2369086742401 0.19799999892712
			vertex 3.5085191726685 1.2262201309204 0.19799999892712
			vertex 3.514613866806 1.248024225235 0.19799999892712
		endloop
	endfacet
	facet normal 0 0 -1
		outer loop
			vertex 3.5168249607086 1.2369086742401 0.19799999892712
			vertex 3.5109016895294 1.2278120517731 0.19799999892712
			vertex 3.5085191726685 1.2262201309204 0.19799999892712
		endloop
	endfacet
	facet normal -0 0 -1
		outer loop
			vertex 3.5265033245087 1.2461936473846 0.19799999892712
			vertex 3.5263886451721 1.2460836172104 0.19799999892712
			vertex 3.5265033245087 1.2706325054169 0.19799999892712
		endloop
	endfacet
	facet normal 0 0 -1
		outer loop
			vertex 3.520081281662 1.2777922153473 0.19799999892712
			vertex 3.5241584777832 1.280002117157 0.19799999892712
			vertex 3.5254771709442 1.2780287265778 0.19799999892712
		endloop
	endfacet
	facet normal 0 0 -1
		outer loop
			vertex 3.520081281662 1.2777922153473 0.19799999892712
			vertex 3.5254771709442 1.2780287265778 0.19799999892712
			vertex 3.5265033245087 1.2706325054169 0.19799999892712
		endloop
	endfacet
	facet normal 0 0 -1
		outer loop
			vertex 3.5263886451721 1.2460836172104 0.19799999892712
			vertex 3.520081281662 1.2777922153473 0.19799999892712
			vertex 3.5265033245087 1.2706325054169 0.19799999892712
		endloop
	endfacet
	facet normal -0.1950461477001 0.98079406618686 0
		outer loop
			vertex 3.6636958122253 1.2770124673843 0
			vertex 3.6636958122253 1.2770124673843 0.19799999892712
			vertex 3.6665329933167 1.2775766849518 0
		endloop
	endfacet
	facet normal -0.55557239313192 0.83146816895758 0
		outer loop
			vertex 3.6665329933167 1.2775766849518 0
			vertex 3.6665329933167 1.2775766849518 0.19799999892712
			vertex 3.6796672344208 1.2863527536392 0
		endloop
	endfacet
	facet normal -0.83147398431291 0.55556368978796 0
		outer loop
			vertex 3.6796672344208 1.2863527536392 0
			vertex 3.6796672344208 1.2863527536392 0.19799999892712
			vertex 3.6884431838989 1.2994871139526 0
		endloop
	endfacet
	facet normal -0.98078448175191 0.1950943370645 0
		outer loop
			vertex 3.6884431838989 1.2994871139526 0
			vertex 3.6884431838989 1.2994871139526 0.19799999892712
			vertex 3.6915249824524 1.3149800300598 0
		endloop
	endfacet
	facet normal -0.1950461477001 0.98079406618686 0
		outer loop
			vertex 3.6665329933167 1.2775766849518 0
			vertex 3.6636958122253 1.2770124673843 0.19799999892712
			vertex 3.6665329933167 1.2775766849518 0.19799999892712
		endloop
	endfacet
	facet normal -0.55557239313192 0.83146816895758 0
		outer loop
			vertex 3.6796672344208 1.2863527536392 0
			vertex 3.6665329933167 1.2775766849518 0.19799999892712
			vertex 3.6796672344208 1.2863527536392 0.19799999892712
		endloop
	endfacet
	facet normal -0.83147398431291 0.55556368978796 0
		outer loop
			vertex 3.6884431838989 1.2994871139526 0
			vertex 3.6796672344208 1.2863527536392 0.19799999892712
			vertex 3.6884431838989 1.2994871139526 0.19799999892712
		endloop
	endfacet
	facet normal -0.98078448175191 0.1950943370645 0
		outer loop
			vertex 3.6915249824524 1.3149800300598 0
			vertex 3.6884431838989 1.2994871139526 0.19799999892712
			vertex 3.6915249824524 1.3149800300598 0.19799999892712
		endloop
	endfacet
	facet normal 0 0 -1
		outer loop
			vertex 3.6299073696136 1.2813450098038 0.19799999892712
			vertex 3.6224126815796 1.323359131813 0.19799999892712
			vertex 3.6510400772095 1.3149800300598 0.19799999892712
		endloop
	endfacet
	facet normal 0 0 -1
		outer loop
			vertex 3.6145966053009 1.3256468772888 0.19799999892712
			vertex 3.6224126815796 1.3356133699417 0.19799999892712
			vertex 3.6224126815796 1.323359131813 0.19799999892712
		endloop
	endfacet
	facet normal 0 0 -1
		outer loop
			vertex 3.6224126815796 1.3356133699417 0.19799999892712
			vertex 3.6510400772095 1.3149800300598 0.19799999892712
			vertex 3.6224126815796 1.323359131813 0.19799999892712
		endloop
	endfacet
	facet normal -0 0 -1
		outer loop
			vertex 3.6665329933167 1.2775766849518 0.19799999892712
			vertex 3.6636958122253 1.2770124673843 0.19799999892712
			vertex 3.6590929031372 1.3149800300598 0.19799999892712
		endloop
	endfacet
	facet normal 0 0 -1
		outer loop
			vertex 3.6665329933167 1.2775766849518 0.19799999892712
			vertex 3.6590929031372 1.3149800300598 0.19799999892712
			vertex 3.6665329933167 1.3483027219772 0.19799999892712
		endloop
	endfacet
	facet normal 0 0 -1
		outer loop
			vertex 3.6510400772095 1.3149800300598 0.19799999892712
			vertex 3.6590929031372 1.3149800300598 0.19799999892712
			vertex 3.6636958122253 1.2770124673843 0.19799999892712
		endloop
	endfacet
	facet normal 0 0 -1
		outer loop
			vertex 3.6796672344208 1.2863527536392 0.19799999892712
			vertex 3.6665329933167 1.3483027219772 0.19799999892712
			vertex 3.6915249824524 1.3149800300598 0.19799999892712
		endloop
	endfacet
	facet normal 0 0 -1
		outer loop
			vertex 3.6665329933167 1.2775766849518 0.19799999892712
			vertex 3.6665329933167 1.3483027219772 0.19799999892712
			vertex 3.6796672344208 1.2863527536392 0.19799999892712
		endloop
	endfacet
	facet normal 0 0 -1
		outer loop
			vertex 3.6796672344208 1.2863527536392 0.19799999892712
			vertex 3.6915249824524 1.3149800300598 0.19799999892712
			vertex 3.6884431838989 1.2994871139526 0.19799999892712
		endloop
	endfacet
	facet normal -0.55557649621855 -0.83146542733268 0
		outer loop
			vertex 3.6796672344208 1.4515671730042 0
			vertex 3.6796672344208 1.4515671730042 0.19799999892712
			vertex 3.673065662384 1.4559782743454 0
		endloop
	endfacet
	facet normal -0.98078448175191 -0.1950943370645 0
		outer loop
			vertex 3.6915249824524 1.4229400157928 0
			vertex 3.6915249824524 1.4229400157928 0.19799999892712
			vertex 3.6884431838989 1.4384329319 0
		endloop
	endfacet
	facet normal -0.83147165503325 -0.55556717584489 0
		outer loop
			vertex 3.6796672344208 1.4515671730042 0
			vertex 3.6884431838989 1.4384329319 0
			vertex 3.6884431838989 1.4384329319 0.19799999892712
		endloop
	endfacet
	facet normal -0.55557649621855 -0.83146542733268 0
		outer loop
			vertex 3.673065662384 1.4559782743454 0
			vertex 3.6796672344208 1.4515671730042 0.19799999892712
			vertex 3.673065662384 1.4559782743454 0.19799999892712
		endloop
	endfacet
	facet normal -0.83147165503325 -0.55556717584489 0
		outer loop
			vertex 3.6796672344208 1.4515671730042 0
			vertex 3.6884431838989 1.4384329319 0.19799999892712
			vertex 3.6796672344208 1.4515671730042 0.19799999892712
		endloop
	endfacet
	facet normal -0.98078448175191 -0.1950943370645 0
		outer loop
			vertex 3.6884431838989 1.4384329319 0
			vertex 3.6915249824524 1.4229400157928 0.19799999892712
			vertex 3.6884431838989 1.4384329319 0.19799999892712
		endloop
	endfacet
	facet normal 0 0 -1
		outer loop
			vertex 3.6460552215576 1.4229400157928 0.19799999892712
			vertex 3.6510400772095 1.4610320329666 0.19799999892712
			vertex 3.671514749527 1.4570145606995 0.19799999892712
		endloop
	endfacet
	facet normal 0 0 -1
		outer loop
			vertex 3.6460552215576 1.4229400157928 0.19799999892712
			vertex 3.671514749527 1.4570145606995 0.19799999892712
			vertex 3.673065662384 1.4559782743454 0.19799999892712
		endloop
	endfacet
	facet normal 0 0 -1
		outer loop
			vertex 3.6460552215576 1.4229400157928 0.19799999892712
			vertex 3.673065662384 1.4559782743454 0.19799999892712
			vertex 3.6796672344208 1.4515671730042 0.19799999892712
		endloop
	endfacet
	facet normal 0 0 -1
		outer loop
			vertex 3.6460552215576 1.4229400157928 0.19799999892712
			vertex 3.6796672344208 1.4515671730042 0.19799999892712
			vertex 3.6884431838989 1.4384329319 0.19799999892712
		endloop
	endfacet
	facet normal 0 0 -1
		outer loop
			vertex 3.6460552215576 1.4229400157928 0.19799999892712
			vertex 3.6884431838989 1.4384329319 0.19799999892712
			vertex 3.6915249824524 1.4229400157928 0.19799999892712
		endloop
	endfacet
	facet normal -0.1950943370645 -0.98078448175191 0
		outer loop
			vertex 3.4890999794006 1.5713850259781 0
			vertex 3.5045928955078 1.5683032274246 0
			vertex 3.5045928955078 1.5683032274246 0.19799999892712
		endloop
	endfacet
	facet normal -0.55556824672696 -0.83147093949742 0
		outer loop
			vertex 3.5045928955078 1.5683032274246 0
			vertex 3.5111255645752 1.5639382600784 0
			vertex 3.5111255645752 1.5639382600784 0.19799999892712
		endloop
	endfacet
	facet normal -0.1950943370645 -0.98078448175191 0
		outer loop
			vertex 3.4890999794006 1.5713850259781 0
			vertex 3.5045928955078 1.5683032274246 0.19799999892712
			vertex 3.4890999794006 1.5713850259781 0.19799999892712
		endloop
	endfacet
	facet normal -0.55556824672696 -0.83147093949742 0
		outer loop
			vertex 3.5045928955078 1.5683032274246 0
			vertex 3.5111255645752 1.5639382600784 0.19799999892712
			vertex 3.5045928955078 1.5683032274246 0.19799999892712
		endloop
	endfacet
	facet normal 0 0 -1
		outer loop
			vertex 3.4890999794006 1.4928079843521 0.19799999892712
			vertex 3.4951560497284 1.4916195869446 0.19799999892712
			vertex 3.491641998291 1.4909206628799 0.19799999892712
		endloop
	endfacet
	facet normal 0 0 -1
		outer loop
			vertex 3.4890999794006 1.4928079843521 0.19799999892712
			vertex 3.4890999794006 1.5713850259781 0.19799999892712
			vertex 3.495302438736 1.5402035713196 0.19799999892712
		endloop
	endfacet
	facet normal 0 0 -1
		outer loop
			vertex 3.4890999794006 1.4928079843521 0.19799999892712
			vertex 3.4979088306427 1.5270994901657 0.19799999892712
			vertex 3.4951560497284 1.4916195869446 0.19799999892712
		endloop
	endfacet
	facet normal 0 0 -1
		outer loop
			vertex 3.4890999794006 1.4928079843521 0.19799999892712
			vertex 3.495302438736 1.5402035713196 0.19799999892712
			vertex 3.4979088306427 1.5270994901657 0.19799999892712
		endloop
	endfacet
	facet normal 0 0 -1
		outer loop
			vertex 3.4890999794006 1.5713850259781 0.19799999892712
			vertex 3.5067629814148 1.5573942661285 0.19799999892712
			vertex 3.495302438736 1.5402035713196 0.19799999892712
		endloop
	endfacet
	facet normal 0 0 -1
		outer loop
			vertex 3.4890999794006 1.5713850259781 0.19799999892712
			vertex 3.5045928955078 1.5683032274246 0.19799999892712
			vertex 3.5067629814148 1.5573942661285 0.19799999892712
		endloop
	endfacet
	facet normal 0 0 -1
		outer loop
			vertex 3.5045928955078 1.5683032274246 0.19799999892712
			vertex 3.5111255645752 1.5639382600784 0.19799999892712
			vertex 3.5067629814148 1.5573942661285 0.19799999892712
		endloop
	endfacet
	facet normal 0 0 -1
		outer loop
			vertex 3.0738368034363 1.5309000015259 0.19799999892712
			vertex 3.0738368034363 1.5463929176331 0.19799999892712
			vertex 3.0769183635712 1.5309000015259 0.19799999892712
		endloop
	endfacet
	facet normal 0.83147165503325 -0.55556717584489 0
		outer loop
			vertex 3.0738368034363 1.5463929176331 0
			vertex 3.0826127529144 1.5595271587372 0
			vertex 3.0826127529144 1.5595271587372 0.19799999892712
		endloop
	endfacet
	facet normal 0.1950943370645 -0.98078448175191 0
		outer loop
			vertex 3.0957469940186 1.5683032274246 0
			vertex 3.1112399101257 1.5713850259781 0
			vertex 3.1112399101257 1.5713850259781 0.19799999892712
		endloop
	endfacet
	facet normal 0.55557239313192 -0.83146816895758 0
		outer loop
			vertex 3.0826127529144 1.5595271587372 0
			vertex 3.0957469940186 1.5683032274246 0
			vertex 3.0957469940186 1.5683032274246 0.19799999892712
		endloop
	endfacet
	facet normal 0.83147165503325 -0.55556717584489 0
		outer loop
			vertex 3.0738368034363 1.5463929176331 0
			vertex 3.0826127529144 1.5595271587372 0.19799999892712
			vertex 3.0738368034363 1.5463929176331 0.19799999892712
		endloop
	endfacet
	facet normal 0.55557239313192 -0.83146816895758 0
		outer loop
			vertex 3.0826127529144 1.5595271587372 0
			vertex 3.0957469940186 1.5683032274246 0.19799999892712
			vertex 3.0826127529144 1.5595271587372 0.19799999892712
		endloop
	endfacet
	facet normal 0.1950943370645 -0.98078448175191 0
		outer loop
			vertex 3.0957469940186 1.5683032274246 0
			vertex 3.1112399101257 1.5713850259781 0.19799999892712
			vertex 3.0957469940186 1.5683032274246 0.19799999892712
		endloop
	endfacet
	facet normal 0 0 -1
		outer loop
			vertex 3.0856945514679 1.54403424263 0.19799999892712
			vertex 3.0826127529144 1.5595271587372 0.19799999892712
			vertex 3.0957469940186 1.55408680439 0.19799999892712
		endloop
	endfacet
	facet normal 0 0 -1
		outer loop
			vertex 3.0738368034363 1.5463929176331 0.19799999892712
			vertex 3.0826127529144 1.5595271587372 0.19799999892712
			vertex 3.0856945514679 1.54403424263 0.19799999892712
		endloop
	endfacet
	facet normal 0 0 -1
		outer loop
			vertex 3.0957469940186 1.5683032274246 0.19799999892712
			vertex 3.1112399101257 1.5713850259781 0.19799999892712
			vertex 3.1112399101257 1.5579512119293 0.19799999892712
		endloop
	endfacet
	facet normal 0 0 -1
		outer loop
			vertex 3.0826127529144 1.5595271587372 0.19799999892712
			vertex 3.0957469940186 1.5683032274246 0.19799999892712
			vertex 3.0957469940186 1.55408680439 0.19799999892712
		endloop
	endfacet
	facet normal 0 0 -1
		outer loop
			vertex 3.098828792572 1.5528103113174 0.19799999892712
			vertex 3.0957469940186 1.5683032274246 0.19799999892712
			vertex 3.1112399101257 1.5579512119293 0.19799999892712
		endloop
	endfacet
	facet normal 0 0 -1
		outer loop
			vertex 3.0957469940186 1.55408680439 0.19799999892712
			vertex 3.0957469940186 1.5683032274246 0.19799999892712
			vertex 3.098828792572 1.5528103113174 0.19799999892712
		endloop
	endfacet
	facet normal 1 0 0
		outer loop
			vertex 4.0963749885559 1.0888394117355 0
			vertex 4.0963749885559 1.3284749984741 0.19799999892712
			vertex 4.0963749885559 1.0888394117355 0.19799999892712
		endloop
	endfacet
	facet normal 1 0 0
		outer loop
			vertex 4.0963749885559 1.0888394117355 0
			vertex 4.0963749885559 1.3284749984741 0
			vertex 4.0963749885559 1.3284749984741 0.19799999892712
		endloop
	endfacet
	facet normal 1 0 0
		outer loop
			vertex 4.0963749885559 1.4094450473785 0
			vertex 4.0963749885559 1.5309000015259 0
			vertex 4.0963749885559 1.5309000015259 0.19799999892712
		endloop
	endfacet
	facet normal 1 0 0
		outer loop
			vertex 4.0963749885559 1.4094450473785 0
			vertex 4.0963749885559 1.5309000015259 0.19799999892712
			vertex 4.0963749885559 1.4094450473785 0.19799999892712
		endloop
	endfacet
	facet normal 0 0 -1
		outer loop
			vertex 4.0963749885559 1.0706511735916 0.19799999892712
			vertex 4.1773447990417 0.99110001325607 0.19799999892712
			vertex 4.1368598937988 0.99110001325607 0.19799999892712
		endloop
	endfacet
	facet normal 0 0 -1
		outer loop
			vertex 4.0963749885559 1.0706511735916 0.19799999892712
			vertex 4.0963749885559 1.0888394117355 0.19799999892712
			vertex 4.1773447990417 0.99110001325607 0.19799999892712
		endloop
	endfacet
	facet normal -1 0 0
		outer loop
			vertex 4.1773447990417 0.99110001325607 0
			vertex 4.1773447990417 0.99110001325607 0.19799999892712
			vertex 4.1773447990417 1.3284749984741 0
		endloop
	endfacet
	facet normal -1 0 0
		outer loop
			vertex 4.1773447990417 0.99110001325607 0.19799999892712
			vertex 4.1773447990417 1.3284749984741 0.19799999892712
			vertex 4.1773447990417 1.3284749984741 0
		endloop
	endfacet
	facet normal 0 0 -1
		outer loop
			vertex 4.0963749885559 1.0888394117355 0.19799999892712
			vertex 4.0963749885559 1.3284749984741 0.19799999892712
			vertex 4.1773447990417 0.99110001325607 0.19799999892712
		endloop
	endfacet
	facet normal 0 0 -1
		outer loop
			vertex 4.0963749885559 1.3284749984741 0.19799999892712
			vertex 4.0963749885559 1.3790812492371 0.19799999892712
			vertex 4.1773447990417 0.99110001325607 0.19799999892712
		endloop
	endfacet
	facet normal 0 0 -1
		outer loop
			vertex 4.0963749885559 1.3790812492371 0.19799999892712
			vertex 4.0963749885559 1.4094450473785 0.19799999892712
			vertex 4.1773447990417 0.99110001325607 0.19799999892712
		endloop
	endfacet
	facet normal 0 0 -1
		outer loop
			vertex 4.0963749885559 1.4094450473785 0.19799999892712
			vertex 4.0963749885559 1.5309000015259 0.19799999892712
			vertex 4.1773447990417 0.99110001325607 0.19799999892712
		endloop
	endfacet
	facet normal 0 0 -1
		outer loop
			vertex 4.0994567871094 1.5231956243515 0.19799999892712
			vertex 4.1773447990417 1.3284749984741 0.19799999892712
			vertex 4.1773447990417 0.99110001325607 0.19799999892712
		endloop
	endfacet
	facet normal 0 0 -1
		outer loop
			vertex 4.0963749885559 1.5309000015259 0.19799999892712
			vertex 4.0994567871094 1.5231956243515 0.19799999892712
			vertex 4.1773447990417 0.99110001325607 0.19799999892712
		endloop
	endfacet
	facet normal 0 0 -1
		outer loop
			vertex 4.0994567871094 1.5231956243515 0.19799999892712
			vertex 4.1773447990417 1.3912267684937 0.19799999892712
			vertex 4.1773447990417 1.3284749984741 0.19799999892712
		endloop
	endfacet
	facet normal -1 0 0
		outer loop
			vertex 4.1773447990417 1.4094450473785 0
			vertex 4.1773447990417 1.4094450473785 0.19799999892712
			vertex 4.1773447990417 1.5309000015259 0
		endloop
	endfacet
	facet normal -1 0 0
		outer loop
			vertex 4.1773447990417 1.4094450473785 0.19799999892712
			vertex 4.1773447990417 1.5309000015259 0.19799999892712
			vertex 4.1773447990417 1.5309000015259 0
		endloop
	endfacet
	facet normal 0 0 -1
		outer loop
			vertex 4.0994567871094 1.5309000015259 0.19799999892712
			vertex 4.1773447990417 1.3912267684937 0.19799999892712
			vertex 4.0994567871094 1.5231956243515 0.19799999892712
		endloop
	endfacet
	facet normal 0 0 -1
		outer loop
			vertex 4.0994567871094 1.5309000015259 0.19799999892712
			vertex 4.1773447990417 1.4094450473785 0.19799999892712
			vertex 4.1773447990417 1.3912267684937 0.19799999892712
		endloop
	endfacet
	facet normal 0 0 -1
		outer loop
			vertex 4.0994567871094 1.5309000015259 0.19799999892712
			vertex 4.1773447990417 1.5309000015259 0.19799999892712
			vertex 4.1773447990417 1.4094450473785 0.19799999892712
		endloop
	endfacet
	facet normal 0.70710644656385 0.70710711580909 -0
		outer loop
			vertex 3.7303726673126 1.3403327465057 0
			vertex 3.7303726673126 1.3403327465057 0.19799999892712
			vertex 4.1082329750061 0.96247279644012 0
		endloop
	endfacet
	facet normal -0.70710695706549 -0.70710660530756 0
		outer loop
			vertex 4.0963749885559 1.0888394117355 0.19799999892712
			vertex 3.8567395210266 1.3284749984741 0.19799999892712
			vertex 3.8567395210266 1.3284749984741 0
		endloop
	endfacet
	facet normal 0 0 -1
		outer loop
			vertex 4.0963749885559 1.0706511735916 0.19799999892712
			vertex 3.7303726673126 1.3403327465057 0.19799999892712
			vertex 3.8439908027649 1.3412235975266 0.19799999892712
		endloop
	endfacet
	facet normal 0 0 -1
		outer loop
			vertex 4.0963749885559 1.0706511735916 0.19799999892712
			vertex 3.8439908027649 1.3412235975266 0.19799999892712
			vertex 3.8567395210266 1.3284749984741 0.19799999892712
		endloop
	endfacet
	facet normal 0.70710644656385 0.70710711580909 0
		outer loop
			vertex 3.7303726673126 1.3403327465057 0.19799999892712
			vertex 4.1082329750061 0.96247279644012 0.19799999892712
			vertex 4.1082329750061 0.96247279644012 0
		endloop
	endfacet
	facet normal -0.70710695706549 -0.70710660530756 0
		outer loop
			vertex 4.0963749885559 1.0888394117355 0
			vertex 4.0963749885559 1.0888394117355 0.19799999892712
			vertex 3.8567395210266 1.3284749984741 0
		endloop
	endfacet
	facet normal -0 -0 -1
		outer loop
			vertex 4.0963749885559 1.0706511735916 0.19799999892712
			vertex 4.1082329750061 0.96247279644012 0.19799999892712
			vertex 3.7303726673126 1.3403327465057 0.19799999892712
		endloop
	endfacet
	facet normal 0 0 -1
		outer loop
			vertex 4.0963749885559 1.0706511735916 0.19799999892712
			vertex 3.8567395210266 1.3284749984741 0.19799999892712
			vertex 4.0963749885559 1.0888394117355 0.19799999892712
		endloop
	endfacet
	facet normal 0 0 -1
		outer loop
			vertex 3.7303726673126 1.3403327465057 0.19799999892712
			vertex 3.7590000629425 1.3689600229263 0.19799999892712
			vertex 3.8439908027649 1.3412235975266 0.19799999892712
		endloop
	endfacet
	facet normal 0 0 -1
		outer loop
			vertex 4.0963749885559 1.0706511735916 0.19799999892712
			vertex 4.1368598937988 0.99110001325607 0.19799999892712
			vertex 4.1082329750061 0.96247279644012 0.19799999892712
		endloop
	endfacet
	facet normal 0 0 -1
		outer loop
			vertex 3.7590000629425 1.3689600229263 0.19799999892712
			vertex 3.7590000629425 1.4094450473785 0.19799999892712
			vertex 3.8439908027649 1.3412235975266 0.19799999892712
		endloop
	endfacet
	facet normal 0 -1 0
		outer loop
			vertex 3.7590000629425 1.4094450473785 0
			vertex 4.0963749885559 1.4094450473785 0.19799999892712
			vertex 3.7590000629425 1.4094450473785 0.19799999892712
		endloop
	endfacet
	facet normal 0 1 0
		outer loop
			vertex 3.8567395210266 1.3284749984741 0
			vertex 3.8567395210266 1.3284749984741 0.19799999892712
			vertex 4.0963749885559 1.3284749984741 0
		endloop
	endfacet
	facet normal 0 0 -1
		outer loop
			vertex 3.7590000629425 1.4094450473785 0.19799999892712
			vertex 4.0963749885559 1.3790812492371 0.19799999892712
			vertex 3.8439908027649 1.3412235975266 0.19799999892712
		endloop
	endfacet
	facet normal 0 0 -1
		outer loop
			vertex 3.8567395210266 1.3284749984741 0.19799999892712
			vertex 3.8439908027649 1.3412235975266 0.19799999892712
			vertex 4.0963749885559 1.3790812492371 0.19799999892712
		endloop
	endfacet
	facet normal -0 1 0
		outer loop
			vertex 3.8567395210266 1.3284749984741 0.19799999892712
			vertex 4.0963749885559 1.3284749984741 0.19799999892712
			vertex 4.0963749885559 1.3284749984741 0
		endloop
	endfacet
	facet normal 0 -1 0
		outer loop
			vertex 3.7590000629425 1.4094450473785 0
			vertex 4.0963749885559 1.4094450473785 0
			vertex 4.0963749885559 1.4094450473785 0.19799999892712
		endloop
	endfacet
	facet normal 0 0 -1
		outer loop
			vertex 3.7590000629425 1.4094450473785 0.19799999892712
			vertex 4.0963749885559 1.4094450473785 0.19799999892712
			vertex 4.0963749885559 1.3790812492371 0.19799999892712
		endloop
	endfacet
	facet normal 0 0 -1
		outer loop
			vertex 3.8567395210266 1.3284749984741 0.19799999892712
			vertex 4.0963749885559 1.3790812492371 0.19799999892712
			vertex 4.0963749885559 1.3284749984741 0.19799999892712
		endloop
	endfacet
	facet normal 0 1 0
		outer loop
			vertex 4.1773447990417 1.3284749984741 0
			vertex 4.1773447990417 1.3284749984741 0.19799999892712
			vertex 4.2987999916077 1.3284749984741 0
		endloop
	endfacet
	facet normal 0 -1 0
		outer loop
			vertex 4.1773447990417 1.4094450473785 0
			vertex 4.2987999916077 1.4094450473785 0.19799999892712
			vertex 4.1773447990417 1.4094450473785 0.19799999892712
		endloop
	endfacet
	facet normal 0 0 -1
		outer loop
			vertex 4.1773447990417 1.3284749984741 0.19799999892712
			vertex 4.1773447990417 1.3912267684937 0.19799999892712
			vertex 4.2987999916077 1.3284749984741 0.19799999892712
		endloop
	endfacet
	facet normal 0 0 -1
		outer loop
			vertex 4.1773447990417 1.3912267684937 0.19799999892712
			vertex 4.1773447990417 1.4094450473785 0.19799999892712
			vertex 4.2987999916077 1.4094450473785 0.19799999892712
		endloop
	endfacet
	facet normal -0 1 0
		outer loop
			vertex 4.1773447990417 1.3284749984741 0.19799999892712
			vertex 4.2987999916077 1.3284749984741 0.19799999892712
			vertex 4.2987999916077 1.3284749984741 0
		endloop
	endfacet
	facet normal 0 -1 0
		outer loop
			vertex 4.1773447990417 1.4094450473785 0
			vertex 4.2987999916077 1.4094450473785 0
			vertex 4.2987999916077 1.4094450473785 0.19799999892712
		endloop
	endfacet
	facet normal 0 0 -1
		outer loop
			vertex 4.1773447990417 1.3912267684937 0.19799999892712
			vertex 4.2987999916077 1.4094450473785 0.19799999892712
			vertex 4.2987999916077 1.3284749984741 0.19799999892712
		endloop
	endfacet
	facet normal 0.98078448175191 -0.1950943370645 0
		outer loop
			vertex 4.0963749885559 1.5309000015259 0
			vertex 4.0994567871094 1.5463929176331 0
			vertex 4.0994567871094 1.5463929176331 0.19799999892712
		endloop
	endfacet
	facet normal 0.98078448175191 -0.1950943370645 0
		outer loop
			vertex 4.0963749885559 1.5309000015259 0
			vertex 4.0994567871094 1.5463929176331 0.19799999892712
			vertex 4.0963749885559 1.5309000015259 0.19799999892712
		endloop
	endfacet
	facet normal 0 0 -1
		outer loop
			vertex 4.0963749885559 1.5309000015259 0.19799999892712
			vertex 4.0994567871094 1.5463929176331 0.19799999892712
			vertex 4.0994567871094 1.5309000015259 0.19799999892712
		endloop
	endfacet
	facet normal 0 0 -1
		outer loop
			vertex 4.0963749885559 1.5309000015259 0.19799999892712
			vertex 4.0994567871094 1.5309000015259 0.19799999892712
			vertex 4.0994567871094 1.5231956243515 0.19799999892712
		endloop
	endfacet
	facet normal 0.83146468287841 -0.55557761035332 0
		outer loop
			vertex 4.0994567871094 1.5463929176331 0
			vertex 4.1082329750061 1.5595271587372 0
			vertex 4.1082329750061 1.5595271587372 0.19799999892712
		endloop
	endfacet
	facet normal 0.1950943370645 -0.98078448175191 0
		outer loop
			vertex 4.1213669776917 1.5683032274246 0
			vertex 4.1368598937988 1.5713850259781 0
			vertex 4.1368598937988 1.5713850259781 0.19799999892712
		endloop
	endfacet
	facet normal 0.55557936535473 -0.83146351019876 0
		outer loop
			vertex 4.1082329750061 1.5595271587372 0
			vertex 4.1213669776917 1.5683032274246 0
			vertex 4.1213669776917 1.5683032274246 0.19799999892712
		endloop
	endfacet
	facet normal -0.1950943370645 -0.98078448175191 0
		outer loop
			vertex 4.1368598937988 1.5713850259781 0
			vertex 4.152352809906 1.5683032274246 0
			vertex 4.152352809906 1.5683032274246 0.19799999892712
		endloop
	endfacet
	facet normal -0.55556542104504 -0.83147282754102 0
		outer loop
			vertex 4.152352809906 1.5683032274246 0
			vertex 4.1654872894287 1.5595271587372 0
			vertex 4.1654872894287 1.5595271587372 0.19799999892712
		endloop
	endfacet
	facet normal 0.83146468287841 -0.55557761035332 0
		outer loop
			vertex 4.0994567871094 1.5463929176331 0
			vertex 4.1082329750061 1.5595271587372 0.19799999892712
			vertex 4.0994567871094 1.5463929176331 0.19799999892712
		endloop
	endfacet
	facet normal 0.55557936535473 -0.83146351019876 0
		outer loop
			vertex 4.1082329750061 1.5595271587372 0
			vertex 4.1213669776917 1.5683032274246 0.19799999892712
			vertex 4.1082329750061 1.5595271587372 0.19799999892712
		endloop
	endfacet
	facet normal 0.1950943370645 -0.98078448175191 0
		outer loop
			vertex 4.1213669776917 1.5683032274246 0
			vertex 4.1368598937988 1.5713850259781 0.19799999892712
			vertex 4.1213669776917 1.5683032274246 0.19799999892712
		endloop
	endfacet
	facet normal -0.1950943370645 -0.98078448175191 0
		outer loop
			vertex 4.1368598937988 1.5713850259781 0
			vertex 4.152352809906 1.5683032274246 0.19799999892712
			vertex 4.1368598937988 1.5713850259781 0.19799999892712
		endloop
	endfacet
	facet normal -0.55556542104504 -0.83147282754102 0
		outer loop
			vertex 4.152352809906 1.5683032274246 0
			vertex 4.1654872894287 1.5595271587372 0.19799999892712
			vertex 4.152352809906 1.5683032274246 0.19799999892712
		endloop
	endfacet
	facet normal -0.98079025737698 -0.19506529941122 0
		outer loop
			vertex 4.1773447990417 1.5309000015259 0
			vertex 4.1773447990417 1.5309000015259 0.19799999892712
			vertex 4.1742634773254 1.5463929176331 0
		endloop
	endfacet
	facet normal -0.83146468287841 -0.55557761035332 0
		outer loop
			vertex 4.1742634773254 1.5463929176331 0
			vertex 4.1742634773254 1.5463929176331 0.19799999892712
			vertex 4.1654872894287 1.5595271587372 0
		endloop
	endfacet
	facet normal -0.83146468287841 -0.55557761035332 0
		outer loop
			vertex 4.1654872894287 1.5595271587372 0
			vertex 4.1742634773254 1.5463929176331 0.19799999892712
			vertex 4.1654872894287 1.5595271587372 0.19799999892712
		endloop
	endfacet
	facet normal -0.98079025737698 -0.19506529941122 0
		outer loop
			vertex 4.1742634773254 1.5463929176331 0
			vertex 4.1773447990417 1.5309000015259 0.19799999892712
			vertex 4.1742634773254 1.5463929176331 0.19799999892712
		endloop
	endfacet
	facet normal 0 0 -1
		outer loop
			vertex 4.0994567871094 1.5309000015259 0.19799999892712
			vertex 4.0994567871094 1.5463929176331 0.19799999892712
			vertex 4.1773447990417 1.5309000015259 0.19799999892712
		endloop
	endfacet
	facet normal 0 0 -1
		outer loop
			vertex 4.0994567871094 1.5463929176331 0.19799999892712
			vertex 4.1082329750061 1.5595271587372 0.19799999892712
			vertex 4.1773447990417 1.5309000015259 0.19799999892712
		endloop
	endfacet
	facet normal 0 0 -1
		outer loop
			vertex 4.1082329750061 1.5595271587372 0.19799999892712
			vertex 4.1213669776917 1.5683032274246 0.19799999892712
			vertex 4.1773447990417 1.5309000015259 0.19799999892712
		endloop
	endfacet
	facet normal 0 0 -1
		outer loop
			vertex 4.1213669776917 1.5683032274246 0.19799999892712
			vertex 4.1368598937988 1.5713850259781 0.19799999892712
			vertex 4.1773447990417 1.5309000015259 0.19799999892712
		endloop
	endfacet
	facet normal 0 0 -1
		outer loop
			vertex 4.1368598937988 1.5713850259781 0.19799999892712
			vertex 4.152352809906 1.5683032274246 0.19799999892712
			vertex 4.1773447990417 1.5309000015259 0.19799999892712
		endloop
	endfacet
	facet normal 0 0 -1
		outer loop
			vertex 4.152352809906 1.5683032274246 0.19799999892712
			vertex 4.1654872894287 1.5595271587372 0.19799999892712
			vertex 4.1773447990417 1.5309000015259 0.19799999892712
		endloop
	endfacet
	facet normal 0 0 -1
		outer loop
			vertex 4.1773447990417 1.5309000015259 0.19799999892712
			vertex 4.1654872894287 1.5595271587372 0.19799999892712
			vertex 4.1742634773254 1.5463929176331 0.19799999892712
		endloop
	endfacet
	facet normal 0.55557936535473 0.83146351019876 -0
		outer loop
			vertex 4.1082329750061 0.96247279644012 0
			vertex 4.1082329750061 0.96247279644012 0.19799999892712
			vertex 4.1213669776917 0.95369672775269 0
		endloop
	endfacet
	facet normal 0.19509070738589 0.98078520374834 -0
		outer loop
			vertex 4.1213669776917 0.95369672775269 0
			vertex 4.1213669776917 0.95369672775269 0.19799999892712
			vertex 4.1368598937988 0.95061498880386 0
		endloop
	endfacet
	facet normal -0.19509070738589 0.98078520374834 0
		outer loop
			vertex 4.1368598937988 0.95061498880386 0
			vertex 4.1368598937988 0.95061498880386 0.19799999892712
			vertex 4.152352809906 0.95369672775269 0
		endloop
	endfacet
	facet normal -0.55556542104504 0.83147282754102 0
		outer loop
			vertex 4.152352809906 0.95369672775269 0
			vertex 4.152352809906 0.95369672775269 0.19799999892712
			vertex 4.1654872894287 0.96247279644012 0
		endloop
	endfacet
	facet normal 0.55557936535473 0.83146351019876 -0
		outer loop
			vertex 4.1213669776917 0.95369672775269 0
			vertex 4.1082329750061 0.96247279644012 0.19799999892712
			vertex 4.1213669776917 0.95369672775269 0.19799999892712
		endloop
	endfacet
	facet normal 0.19509070738589 0.98078520374834 -0
		outer loop
			vertex 4.1368598937988 0.95061498880386 0
			vertex 4.1213669776917 0.95369672775269 0.19799999892712
			vertex 4.1368598937988 0.95061498880386 0.19799999892712
		endloop
	endfacet
	facet normal -0.19509070738589 0.98078520374834 0
		outer loop
			vertex 4.152352809906 0.95369672775269 0
			vertex 4.1368598937988 0.95061498880386 0.19799999892712
			vertex 4.152352809906 0.95369672775269 0.19799999892712
		endloop
	endfacet
	facet normal -0.55556542104504 0.83147282754102 0
		outer loop
			vertex 4.1654872894287 0.96247279644012 0
			vertex 4.152352809906 0.95369672775269 0.19799999892712
			vertex 4.1654872894287 0.96247279644012 0.19799999892712
		endloop
	endfacet
	facet normal -0.9807904009526 0.19506457751019 0
		outer loop
			vertex 4.1742634773254 0.97560703754425 0
			vertex 4.1742634773254 0.97560703754425 0.19799999892712
			vertex 4.1773447990417 0.99110001325607 0
		endloop
	endfacet
	facet normal -0.83146468287841 0.55557761035332 0
		outer loop
			vertex 4.1654872894287 0.96247279644012 0
			vertex 4.1654872894287 0.96247279644012 0.19799999892712
			vertex 4.1742634773254 0.97560703754425 0
		endloop
	endfacet
	facet normal -0.83146468287841 0.55557761035332 0
		outer loop
			vertex 4.1742634773254 0.97560703754425 0
			vertex 4.1654872894287 0.96247279644012 0.19799999892712
			vertex 4.1742634773254 0.97560703754425 0.19799999892712
		endloop
	endfacet
	facet normal -0.9807904009526 0.19506457751019 0
		outer loop
			vertex 4.1773447990417 0.99110001325607 0
			vertex 4.1742634773254 0.97560703754425 0.19799999892712
			vertex 4.1773447990417 0.99110001325607 0.19799999892712
		endloop
	endfacet
	facet normal 0 0 -1
		outer loop
			vertex 4.1213669776917 0.95369672775269 0.19799999892712
			vertex 4.1368598937988 0.99110001325607 0.19799999892712
			vertex 4.1368598937988 0.95061498880386 0.19799999892712
		endloop
	endfacet
	facet normal 0 0 -1
		outer loop
			vertex 4.1082329750061 0.96247279644012 0.19799999892712
			vertex 4.1368598937988 0.99110001325607 0.19799999892712
			vertex 4.1213669776917 0.95369672775269 0.19799999892712
		endloop
	endfacet
	facet normal 0 0 -1
		outer loop
			vertex 4.1368598937988 0.95061498880386 0.19799999892712
			vertex 4.1368598937988 0.99110001325607 0.19799999892712
			vertex 4.152352809906 0.95369672775269 0.19799999892712
		endloop
	endfacet
	facet normal 0 0 -1
		outer loop
			vertex 4.1368598937988 0.99110001325607 0.19799999892712
			vertex 4.1742634773254 0.97560703754425 0.19799999892712
			vertex 4.1654872894287 0.96247279644012 0.19799999892712
		endloop
	endfacet
	facet normal 0 0 -1
		outer loop
			vertex 4.152352809906 0.95369672775269 0.19799999892712
			vertex 4.1368598937988 0.99110001325607 0.19799999892712
			vertex 4.1654872894287 0.96247279644012 0.19799999892712
		endloop
	endfacet
	facet normal 0 0 -1
		outer loop
			vertex 4.1368598937988 0.99110001325607 0.19799999892712
			vertex 4.1773447990417 0.99110001325607 0.19799999892712
			vertex 4.1742634773254 0.97560703754425 0.19799999892712
		endloop
	endfacet
	facet normal 0.83147398431291 0.55556368978796 -0
		outer loop
			vertex 3.7215967178345 1.3534671068192 0
			vertex 3.7215967178345 1.3534671068192 0.19799999892712
			vertex 3.7303726673126 1.3403327465057 0
		endloop
	endfacet
	facet normal 0.98078448175191 0.1950943370645 0
		outer loop
			vertex 3.7215967178345 1.3534671068192 0
			vertex 3.718514919281 1.3689600229263 0
			vertex 3.718514919281 1.3689600229263 0.19799999892712
		endloop
	endfacet
	facet normal 0.83147165503325 -0.55556717584489 0
		outer loop
			vertex 3.7303726673126 1.3975871801376 0
			vertex 3.7303726673126 1.3975871801376 0.19799999892712
			vertex 3.7215967178345 1.3844529390335 0
		endloop
	endfacet
	facet normal 0.98078448175191 -0.1950943370645 0
		outer loop
			vertex 3.718514919281 1.3689600229263 0
			vertex 3.7215967178345 1.3844529390335 0
			vertex 3.7215967178345 1.3844529390335 0.19799999892712
		endloop
	endfacet
	facet normal 0.55556542104504 -0.83147282754102 0
		outer loop
			vertex 3.7303726673126 1.3975871801376 0
			vertex 3.7435071468353 1.4063632488251 0
			vertex 3.7435071468353 1.4063632488251 0.19799999892712
		endloop
	endfacet
	facet normal 0.1950943370645 -0.98078448175191 0
		outer loop
			vertex 3.7435071468353 1.4063632488251 0
			vertex 3.7590000629425 1.4094450473785 0
			vertex 3.7590000629425 1.4094450473785 0.19799999892712
		endloop
	endfacet
	facet normal 0.98078448175191 0.1950943370645 -0
		outer loop
			vertex 3.7215967178345 1.3534671068192 0
			vertex 3.718514919281 1.3689600229263 0.19799999892712
			vertex 3.7215967178345 1.3534671068192 0.19799999892712
		endloop
	endfacet
	facet normal 0.83147398431291 0.55556368978796 -0
		outer loop
			vertex 3.7303726673126 1.3403327465057 0
			vertex 3.7215967178345 1.3534671068192 0.19799999892712
			vertex 3.7303726673126 1.3403327465057 0.19799999892712
		endloop
	endfacet
	facet normal 0.98078448175191 -0.1950943370645 0
		outer loop
			vertex 3.718514919281 1.3689600229263 0
			vertex 3.7215967178345 1.3844529390335 0.19799999892712
			vertex 3.718514919281 1.3689600229263 0.19799999892712
		endloop
	endfacet
	facet normal 0.83147165503325 -0.55556717584489 0
		outer loop
			vertex 3.7215967178345 1.3844529390335 0
			vertex 3.7303726673126 1.3975871801376 0.19799999892712
			vertex 3.7215967178345 1.3844529390335 0.19799999892712
		endloop
	endfacet
	facet normal 0.55556542104504 -0.83147282754102 0
		outer loop
			vertex 3.7303726673126 1.3975871801376 0
			vertex 3.7435071468353 1.4063632488251 0.19799999892712
			vertex 3.7303726673126 1.3975871801376 0.19799999892712
		endloop
	endfacet
	facet normal 0.1950943370645 -0.98078448175191 0
		outer loop
			vertex 3.7435071468353 1.4063632488251 0
			vertex 3.7590000629425 1.4094450473785 0.19799999892712
			vertex 3.7435071468353 1.4063632488251 0.19799999892712
		endloop
	endfacet
	facet normal 0 0 -1
		outer loop
			vertex 3.7215967178345 1.3534671068192 0.19799999892712
			vertex 3.7215967178345 1.3844529390335 0.19799999892712
			vertex 3.7303726673126 1.3403327465057 0.19799999892712
		endloop
	endfacet
	facet normal 0 0 -1
		outer loop
			vertex 3.7303726673126 1.3403327465057 0.19799999892712
			vertex 3.7215967178345 1.3844529390335 0.19799999892712
			vertex 3.7303726673126 1.3975871801376 0.19799999892712
		endloop
	endfacet
	facet normal 0 0 -1
		outer loop
			vertex 3.7215967178345 1.3534671068192 0.19799999892712
			vertex 3.718514919281 1.3689600229263 0.19799999892712
			vertex 3.7215967178345 1.3844529390335 0.19799999892712
		endloop
	endfacet
	facet normal 0 0 -1
		outer loop
			vertex 3.7303726673126 1.3403327465057 0.19799999892712
			vertex 3.7435071468353 1.4063632488251 0.19799999892712
			vertex 3.7590000629425 1.3689600229263 0.19799999892712
		endloop
	endfacet
	facet normal 0 0 -1
		outer loop
			vertex 3.7303726673126 1.3403327465057 0.19799999892712
			vertex 3.7303726673126 1.3975871801376 0.19799999892712
			vertex 3.7435071468353 1.4063632488251 0.19799999892712
		endloop
	endfacet
	facet normal 0 0 -1
		outer loop
			vertex 3.7435071468353 1.4063632488251 0.19799999892712
			vertex 3.7590000629425 1.4094450473785 0.19799999892712
			vertex 3.7590000629425 1.3689600229263 0.19799999892712
		endloop
	endfacet
	facet normal -0.19508707769927 0.9807859257324 0
		outer loop
			vertex 4.2987999916077 1.3284749984741 0
			vertex 4.2987999916077 1.3284749984741 0.19799999892712
			vertex 4.3142929077148 1.3315566778183 0
		endloop
	endfacet
	facet normal -0.55556542104504 0.83147282754102 0
		outer loop
			vertex 4.3142929077148 1.3315566778183 0
			vertex 4.3142929077148 1.3315566778183 0.19799999892712
			vertex 4.3274273872375 1.3403327465057 0
		endloop
	endfacet
	facet normal -0.19508707769927 0.9807859257324 0
		outer loop
			vertex 4.3142929077148 1.3315566778183 0
			vertex 4.2987999916077 1.3284749984741 0.19799999892712
			vertex 4.3142929077148 1.3315566778183 0.19799999892712
		endloop
	endfacet
	facet normal -0.55556542104504 0.83147282754102 0
		outer loop
			vertex 4.3274273872375 1.3403327465057 0
			vertex 4.3142929077148 1.3315566778183 0.19799999892712
			vertex 4.3274273872375 1.3403327465057 0.19799999892712
		endloop
	endfacet
	facet normal -0.1950943370645 -0.98078448175191 0
		outer loop
			vertex 4.2987999916077 1.4094450473785 0
			vertex 4.3142929077148 1.4063632488251 0
			vertex 4.3142929077148 1.4063632488251 0.19799999892712
		endloop
	endfacet
	facet normal -0.55556542104504 -0.83147282754102 0
		outer loop
			vertex 4.3142929077148 1.4063632488251 0
			vertex 4.3274273872375 1.3975871801376 0
			vertex 4.3274273872375 1.3975871801376 0.19799999892712
		endloop
	endfacet
	facet normal -0.98078448175191 0.1950943370645 0
		outer loop
			vertex 4.3362030982971 1.3534671068192 0
			vertex 4.3362030982971 1.3534671068192 0.19799999892712
			vertex 4.3392848968506 1.3689600229263 0
		endloop
	endfacet
	facet normal -0.83148095638576 0.55555325502405 0
		outer loop
			vertex 4.3362030982971 1.3534671068192 0
			vertex 4.3274273872375 1.3403327465057 0
			vertex 4.3274273872375 1.3403327465057 0.19799999892712
		endloop
	endfacet
	facet normal -0.98078448175191 -0.1950943370645 0
		outer loop
			vertex 4.3392848968506 1.3689600229263 0
			vertex 4.3392848968506 1.3689600229263 0.19799999892712
			vertex 4.3362030982971 1.3844529390335 0
		endloop
	endfacet
	facet normal -0.83147862717407 -0.55555674107396 0
		outer loop
			vertex 4.3274273872375 1.3975871801376 0
			vertex 4.3362030982971 1.3844529390335 0
			vertex 4.3362030982971 1.3844529390335 0.19799999892712
		endloop
	endfacet
	facet normal -0.1950943370645 -0.98078448175191 0
		outer loop
			vertex 4.2987999916077 1.4094450473785 0
			vertex 4.3142929077148 1.4063632488251 0.19799999892712
			vertex 4.2987999916077 1.4094450473785 0.19799999892712
		endloop
	endfacet
	facet normal -0.55556542104504 -0.83147282754102 0
		outer loop
			vertex 4.3142929077148 1.4063632488251 0
			vertex 4.3274273872375 1.3975871801376 0.19799999892712
			vertex 4.3142929077148 1.4063632488251 0.19799999892712
		endloop
	endfacet
	facet normal -0.83148095638576 0.55555325502405 0
		outer loop
			vertex 4.3362030982971 1.3534671068192 0
			vertex 4.3274273872375 1.3403327465057 0.19799999892712
			vertex 4.3362030982971 1.3534671068192 0.19799999892712
		endloop
	endfacet
	facet normal -0.98078448175191 0.1950943370645 0
		outer loop
			vertex 4.3392848968506 1.3689600229263 0
			vertex 4.3362030982971 1.3534671068192 0.19799999892712
			vertex 4.3392848968506 1.3689600229263 0.19799999892712
		endloop
	endfacet
	facet normal -0.83147862717407 -0.55555674107396 0
		outer loop
			vertex 4.3274273872375 1.3975871801376 0
			vertex 4.3362030982971 1.3844529390335 0.19799999892712
			vertex 4.3274273872375 1.3975871801376 0.19799999892712
		endloop
	endfacet
	facet normal -0.98078448175191 -0.1950943370645 0
		outer loop
			vertex 4.3362030982971 1.3844529390335 0
			vertex 4.3392848968506 1.3689600229263 0.19799999892712
			vertex 4.3362030982971 1.3844529390335 0.19799999892712
		endloop
	endfacet
	facet normal 0 0 -1
		outer loop
			vertex 4.2987999916077 1.3284749984741 0.19799999892712
			vertex 4.2987999916077 1.4094450473785 0.19799999892712
			vertex 4.3142929077148 1.3315566778183 0.19799999892712
		endloop
	endfacet
	facet normal 0 0 -1
		outer loop
			vertex 4.3142929077148 1.3315566778183 0.19799999892712
			vertex 4.3142929077148 1.4063632488251 0.19799999892712
			vertex 4.3274273872375 1.3403327465057 0.19799999892712
		endloop
	endfacet
	facet normal 0 0 -1
		outer loop
			vertex 4.3142929077148 1.3315566778183 0.19799999892712
			vertex 4.2987999916077 1.4094450473785 0.19799999892712
			vertex 4.3142929077148 1.4063632488251 0.19799999892712
		endloop
	endfacet
	facet normal 0 0 -1
		outer loop
			vertex 4.3142929077148 1.4063632488251 0.19799999892712
			vertex 4.3274273872375 1.3975871801376 0.19799999892712
			vertex 4.3274273872375 1.3403327465057 0.19799999892712
		endloop
	endfacet
	facet normal 0 0 -1
		outer loop
			vertex 4.3362030982971 1.3534671068192 0.19799999892712
			vertex 4.3274273872375 1.3975871801376 0.19799999892712
			vertex 4.3362030982971 1.3844529390335 0.19799999892712
		endloop
	endfacet
	facet normal 0 0 -1
		outer loop
			vertex 4.3362030982971 1.3534671068192 0.19799999892712
			vertex 4.3362030982971 1.3844529390335 0.19799999892712
			vertex 4.3392848968506 1.3689600229263 0.19799999892712
		endloop
	endfacet
	facet normal -0 0 -1
		outer loop
			vertex 4.3362030982971 1.3534671068192 0.19799999892712
			vertex 4.3274273872375 1.3403327465057 0.19799999892712
			vertex 4.3274273872375 1.3975871801376 0.19799999892712
		endloop
	endfacet
	facet normal -1 0 0
		outer loop
			vertex 4.4472451210022 1.0315849781036 0
			vertex 4.4472451210022 1.0315849781036 0.19799999892712
			vertex 4.4472451210022 1.2205150127411 0
		endloop
	endfacet
	facet normal 0 0 -1
		outer loop
			vertex 4.4411721229553 1.0315849781036 0.19799999892712
			vertex 4.4472451210022 1.2205150127411 0.19799999892712
			vertex 4.4472451210022 1.0315849781036 0.19799999892712
		endloop
	endfacet
	facet normal 1 0 0
		outer loop
			vertex 4.3662748336792 0.99110001325607 0
			vertex 4.3662748336792 1.5309000015259 0.19799999892712
			vertex 4.3662748336792 0.99110001325607 0.19799999892712
		endloop
	endfacet
	facet normal -1 0 0
		outer loop
			vertex 4.4472451210022 1.0315849781036 0.19799999892712
			vertex 4.4472451210022 1.2205150127411 0.19799999892712
			vertex 4.4472451210022 1.2205150127411 0
		endloop
	endfacet
	facet normal 0 0 -1
		outer loop
			vertex 4.3662748336792 0.99110001325607 0.19799999892712
			vertex 4.3662748336792 1.5309000015259 0.19799999892712
			vertex 4.4067602157593 0.99110001325607 0.19799999892712
		endloop
	endfacet
	facet normal 0 0 -1
		outer loop
			vertex 4.4067602157593 0.99110001325607 0.19799999892712
			vertex 4.3662748336792 1.5309000015259 0.19799999892712
			vertex 4.4411721229553 1.0315849781036 0.19799999892712
		endloop
	endfacet
	facet normal 0 0 -1
		outer loop
			vertex 4.4411721229553 1.0315849781036 0.19799999892712
			vertex 4.4472451210022 1.2291903495789 0.19799999892712
			vertex 4.4472451210022 1.2205150127411 0.19799999892712
		endloop
	endfacet
	facet normal 1 0 0
		outer loop
			vertex 4.3662748336792 0.99110001325607 0
			vertex 4.3662748336792 1.5309000015259 0
			vertex 4.3662748336792 1.5309000015259 0.19799999892712
		endloop
	endfacet
	facet normal -1 0 0
		outer loop
			vertex 4.4472451210022 1.3014849424362 0
			vertex 4.4472451210022 1.3014849424362 0.19799999892712
			vertex 4.4472451210022 1.5309000015259 0
		endloop
	endfacet
	facet normal 0 0 -1
		outer loop
			vertex 4.4411721229553 1.0315849781036 0.19799999892712
			vertex 4.3662748336792 1.5309000015259 0.19799999892712
			vertex 4.4472451210022 1.2291903495789 0.19799999892712
		endloop
	endfacet
	facet normal 0 0 -1
		outer loop
			vertex 4.4472451210022 1.2291903495789 0.19799999892712
			vertex 4.3662748336792 1.5309000015259 0.19799999892712
			vertex 4.4472451210022 1.3014849424362 0.19799999892712
		endloop
	endfacet
	facet normal -1 0 0
		outer loop
			vertex 4.4472451210022 1.3014849424362 0.19799999892712
			vertex 4.4472451210022 1.5309000015259 0.19799999892712
			vertex 4.4472451210022 1.5309000015259 0
		endloop
	endfacet
	facet normal 0 0 -1
		outer loop
			vertex 4.4472451210022 1.3014849424362 0.19799999892712
			vertex 4.3662748336792 1.5309000015259 0.19799999892712
			vertex 4.4472451210022 1.5309000015259 0.19799999892712
		endloop
	endfacet
	facet normal 0 0 -1
		outer loop
			vertex 4.4067602157593 0.99110001325607 0.19799999892712
			vertex 4.4411721229553 1.0315849781036 0.19799999892712
			vertex 4.4472451210022 1.0315849781036 0.19799999892712
		endloop
	endfacet
	facet normal 0 1 0
		outer loop
			vertex 4.4067602157593 0.95061498880386 0
			vertex 4.4067602157593 0.95061498880386 0.19799999892712
			vertex 4.9465599060059 0.95061498880386 0
		endloop
	endfacet
	facet normal 0 0 -1
		outer loop
			vertex 4.4067602157593 0.95061498880386 0.19799999892712
			vertex 4.4067602157593 0.99110001325607 0.19799999892712
			vertex 4.9465599060059 1.0315849781036 0.19799999892712
		endloop
	endfacet
	facet normal 0 0 -1
		outer loop
			vertex 4.4067602157593 0.99110001325607 0.19799999892712
			vertex 4.4472451210022 1.0315849781036 0.19799999892712
			vertex 4.9465599060059 1.0315849781036 0.19799999892712
		endloop
	endfacet
	facet normal 0 -1 0
		outer loop
			vertex 4.4472451210022 1.0315849781036 0
			vertex 4.9465599060059 1.0315849781036 0
			vertex 4.4472451210022 1.0315849781036 0.19799999892712
		endloop
	endfacet
	facet normal -0 1 0
		outer loop
			vertex 4.4067602157593 0.95061498880386 0.19799999892712
			vertex 4.9465599060059 0.95061498880386 0.19799999892712
			vertex 4.9465599060059 0.95061498880386 0
		endloop
	endfacet
	facet normal 0 -1 0
		outer loop
			vertex 4.4472451210022 1.0315849781036 0.19799999892712
			vertex 4.9465599060059 1.0315849781036 0
			vertex 4.9465599060059 1.0315849781036 0.19799999892712
		endloop
	endfacet
	facet normal 0 0 -1
		outer loop
			vertex 4.4067602157593 0.95061498880386 0.19799999892712
			vertex 4.9465599060059 1.0315849781036 0.19799999892712
			vertex 4.9465599060059 0.95061498880386 0.19799999892712
		endloop
	endfacet
	facet normal 0.98078448175191 -0.1950943370645 0
		outer loop
			vertex 4.3662748336792 1.5309000015259 0
			vertex 4.3693566322327 1.5463929176331 0
			vertex 4.3693566322327 1.5463929176331 0.19799999892712
		endloop
	endfacet
	facet normal 0.83146468287841 -0.55557761035332 0
		outer loop
			vertex 4.3693566322327 1.5463929176331 0
			vertex 4.3781328201294 1.5595271587372 0
			vertex 4.3781328201294 1.5595271587372 0.19799999892712
		endloop
	endfacet
	facet normal 0.55556542104504 -0.83147282754102 0
		outer loop
			vertex 4.3781328201294 1.5595271587372 0
			vertex 4.3912672996521 1.5683032274246 0
			vertex 4.3912672996521 1.5683032274246 0.19799999892712
		endloop
	endfacet
	facet normal 0.1950943370645 -0.98078448175191 0
		outer loop
			vertex 4.3912672996521 1.5683032274246 0
			vertex 4.4067602157593 1.5713850259781 0
			vertex 4.4067602157593 1.5713850259781 0.19799999892712
		endloop
	endfacet
	facet normal -0.1950943370645 -0.98078448175191 0
		outer loop
			vertex 4.4067602157593 1.5713850259781 0
			vertex 4.4222531318665 1.5683032274246 0
			vertex 4.4222531318665 1.5683032274246 0.19799999892712
		endloop
	endfacet
	facet normal 0.98078448175191 -0.1950943370645 0
		outer loop
			vertex 4.3662748336792 1.5309000015259 0
			vertex 4.3693566322327 1.5463929176331 0.19799999892712
			vertex 4.3662748336792 1.5309000015259 0.19799999892712
		endloop
	endfacet
	facet normal 0.83146468287841 -0.55557761035332 0
		outer loop
			vertex 4.3693566322327 1.5463929176331 0
			vertex 4.3781328201294 1.5595271587372 0.19799999892712
			vertex 4.3693566322327 1.5463929176331 0.19799999892712
		endloop
	endfacet
	facet normal 0.55556542104504 -0.83147282754102 0
		outer loop
			vertex 4.3781328201294 1.5595271587372 0
			vertex 4.3912672996521 1.5683032274246 0.19799999892712
			vertex 4.3781328201294 1.5595271587372 0.19799999892712
		endloop
	endfacet
	facet normal 0.1950943370645 -0.98078448175191 0
		outer loop
			vertex 4.3912672996521 1.5683032274246 0
			vertex 4.4067602157593 1.5713850259781 0.19799999892712
			vertex 4.3912672996521 1.5683032274246 0.19799999892712
		endloop
	endfacet
	facet normal -0.1950943370645 -0.98078448175191 0
		outer loop
			vertex 4.4067602157593 1.5713850259781 0
			vertex 4.4222531318665 1.5683032274246 0.19799999892712
			vertex 4.4067602157593 1.5713850259781 0.19799999892712
		endloop
	endfacet
	facet normal -0.98078448175191 -0.1950943370645 0
		outer loop
			vertex 4.4472451210022 1.5309000015259 0
			vertex 4.4472451210022 1.5309000015259 0.19799999892712
			vertex 4.4441633224487 1.5463929176331 0
		endloop
	endfacet
	facet normal -0.55557936535473 -0.83146351019876 0
		outer loop
			vertex 4.4222531318665 1.5683032274246 0
			vertex 4.435387134552 1.5595271587372 0
			vertex 4.435387134552 1.5595271587372 0.19799999892712
		endloop
	endfacet
	facet normal -0.83146468287841 -0.55557761035332 0
		outer loop
			vertex 4.435387134552 1.5595271587372 0
			vertex 4.4441633224487 1.5463929176331 0
			vertex 4.4441633224487 1.5463929176331 0.19799999892712
		endloop
	endfacet
	facet normal -0.55557936535473 -0.83146351019876 0
		outer loop
			vertex 4.4222531318665 1.5683032274246 0
			vertex 4.435387134552 1.5595271587372 0.19799999892712
			vertex 4.4222531318665 1.5683032274246 0.19799999892712
		endloop
	endfacet
	facet normal -0.83146468287841 -0.55557761035332 0
		outer loop
			vertex 4.435387134552 1.5595271587372 0
			vertex 4.4441633224487 1.5463929176331 0.19799999892712
			vertex 4.435387134552 1.5595271587372 0.19799999892712
		endloop
	endfacet
	facet normal -0.98078448175191 -0.1950943370645 0
		outer loop
			vertex 4.4441633224487 1.5463929176331 0
			vertex 4.4472451210022 1.5309000015259 0.19799999892712
			vertex 4.4441633224487 1.5463929176331 0.19799999892712
		endloop
	endfacet
	facet normal 0 0 -1
		outer loop
			vertex 4.3662748336792 1.5309000015259 0.19799999892712
			vertex 4.3693566322327 1.5463929176331 0.19799999892712
			vertex 4.4472451210022 1.5309000015259 0.19799999892712
		endloop
	endfacet
	facet normal 0 0 -1
		outer loop
			vertex 4.3693566322327 1.5463929176331 0.19799999892712
			vertex 4.3781328201294 1.5595271587372 0.19799999892712
			vertex 4.4472451210022 1.5309000015259 0.19799999892712
		endloop
	endfacet
	facet normal 0 0 -1
		outer loop
			vertex 4.3781328201294 1.5595271587372 0.19799999892712
			vertex 4.3912672996521 1.5683032274246 0.19799999892712
			vertex 4.4472451210022 1.5309000015259 0.19799999892712
		endloop
	endfacet
	facet normal 0 0 -1
		outer loop
			vertex 4.3912672996521 1.5683032274246 0.19799999892712
			vertex 4.4067602157593 1.5713850259781 0.19799999892712
			vertex 4.4472451210022 1.5309000015259 0.19799999892712
		endloop
	endfacet
	facet normal 0 0 -1
		outer loop
			vertex 4.4472451210022 1.5309000015259 0.19799999892712
			vertex 4.4222531318665 1.5683032274246 0.19799999892712
			vertex 4.435387134552 1.5595271587372 0.19799999892712
		endloop
	endfacet
	facet normal 0 0 -1
		outer loop
			vertex 4.4067602157593 1.5713850259781 0.19799999892712
			vertex 4.4222531318665 1.5683032274246 0.19799999892712
			vertex 4.4472451210022 1.5309000015259 0.19799999892712
		endloop
	endfacet
	facet normal 0 0 -1
		outer loop
			vertex 4.4472451210022 1.5309000015259 0.19799999892712
			vertex 4.435387134552 1.5595271587372 0.19799999892712
			vertex 4.4441633224487 1.5463929176331 0.19799999892712
		endloop
	endfacet
	facet normal 0.55556542104504 0.83147282754102 -0
		outer loop
			vertex 4.3781328201294 0.96247279644012 0
			vertex 4.3781328201294 0.96247279644012 0.19799999892712
			vertex 4.3912672996521 0.95369672775269 0
		endloop
	endfacet
	facet normal 0.83146468287841 0.55557761035332 -0
		outer loop
			vertex 4.3693566322327 0.97560703754425 0
			vertex 4.3693566322327 0.97560703754425 0.19799999892712
			vertex 4.3781328201294 0.96247279644012 0
		endloop
	endfacet
	facet normal 0.98078462536944 0.1950936150645 0
		outer loop
			vertex 4.3693566322327 0.97560703754425 0
			vertex 4.3662748336792 0.99110001325607 0
			vertex 4.3662748336792 0.99110001325607 0.19799999892712
		endloop
	endfacet
	facet normal 0.19509070738589 0.98078520374834 -0
		outer loop
			vertex 4.3912672996521 0.95369672775269 0
			vertex 4.3912672996521 0.95369672775269 0.19799999892712
			vertex 4.4067602157593 0.95061498880386 0
		endloop
	endfacet
	facet normal 0.98078462536944 0.1950936150645 -0
		outer loop
			vertex 4.3693566322327 0.97560703754425 0
			vertex 4.3662748336792 0.99110001325607 0.19799999892712
			vertex 4.3693566322327 0.97560703754425 0.19799999892712
		endloop
	endfacet
	facet normal 0.55556542104504 0.83147282754102 -0
		outer loop
			vertex 4.3912672996521 0.95369672775269 0
			vertex 4.3781328201294 0.96247279644012 0.19799999892712
			vertex 4.3912672996521 0.95369672775269 0.19799999892712
		endloop
	endfacet
	facet normal 0.83146468287841 0.55557761035332 -0
		outer loop
			vertex 4.3781328201294 0.96247279644012 0
			vertex 4.3693566322327 0.97560703754425 0.19799999892712
			vertex 4.3781328201294 0.96247279644012 0.19799999892712
		endloop
	endfacet
	facet normal 0.19509070738589 0.98078520374834 -0
		outer loop
			vertex 4.4067602157593 0.95061498880386 0
			vertex 4.3912672996521 0.95369672775269 0.19799999892712
			vertex 4.4067602157593 0.95061498880386 0.19799999892712
		endloop
	endfacet
	facet normal 0 0 -1
		outer loop
			vertex 4.3693566322327 0.97560703754425 0.19799999892712
			vertex 4.3662748336792 0.99110001325607 0.19799999892712
			vertex 4.3781328201294 0.96247279644012 0.19799999892712
		endloop
	endfacet
	facet normal 0 0 -1
		outer loop
			vertex 4.3662748336792 0.99110001325607 0.19799999892712
			vertex 4.4067602157593 0.95061498880386 0.19799999892712
			vertex 4.3912672996521 0.95369672775269 0.19799999892712
		endloop
	endfacet
	facet normal 0 0 -1
		outer loop
			vertex 4.3781328201294 0.96247279644012 0.19799999892712
			vertex 4.3662748336792 0.99110001325607 0.19799999892712
			vertex 4.3912672996521 0.95369672775269 0.19799999892712
		endloop
	endfacet
	facet normal 0 0 -1
		outer loop
			vertex 4.3662748336792 0.99110001325607 0.19799999892712
			vertex 4.4067602157593 0.99110001325607 0.19799999892712
			vertex 4.4067602157593 0.95061498880386 0.19799999892712
		endloop
	endfacet
	facet normal -0.19509070738589 0.98078520374834 0
		outer loop
			vertex 4.9465599060059 0.95061498880386 0
			vertex 4.9465599060059 0.95061498880386 0.19799999892712
			vertex 4.962052822113 0.95369672775269 0
		endloop
	endfacet
	facet normal -0.55556542104504 0.83147282754102 0
		outer loop
			vertex 4.962052822113 0.95369672775269 0
			vertex 4.962052822113 0.95369672775269 0.19799999892712
			vertex 4.9751873016357 0.96247279644012 0
		endloop
	endfacet
	facet normal -0.83146468287841 0.55557761035332 0
		outer loop
			vertex 4.9751873016357 0.96247279644012 0
			vertex 4.9751873016357 0.96247279644012 0.19799999892712
			vertex 4.9839634895325 0.97560703754425 0
		endloop
	endfacet
	facet normal -0.9807904009526 0.19506457751019 0
		outer loop
			vertex 4.9839634895325 0.97560703754425 0
			vertex 4.9839634895325 0.97560703754425 0.19799999892712
			vertex 4.9870448112488 0.99110001325607 0
		endloop
	endfacet
	facet normal -0.55556542104504 -0.83147282754102 0
		outer loop
			vertex 4.9751873016357 1.019727230072 0
			vertex 4.9751873016357 1.019727230072 0.19799999892712
			vertex 4.962052822113 1.0285032987595 0
		endloop
	endfacet
	facet normal -0.9807904009526 -0.19506457751019 0
		outer loop
			vertex 4.9870448112488 0.99110001325607 0
			vertex 4.9870448112488 0.99110001325607 0.19799999892712
			vertex 4.9839634895325 1.0065929889679 0
		endloop
	endfacet
	facet normal -0.83146468287841 -0.55557761035332 0
		outer loop
			vertex 4.9751873016357 1.019727230072 0
			vertex 4.9839634895325 1.0065929889679 0
			vertex 4.9839634895325 1.0065929889679 0.19799999892712
		endloop
	endfacet
	facet normal -0.19509070738589 0.98078520374834 0
		outer loop
			vertex 4.962052822113 0.95369672775269 0
			vertex 4.9465599060059 0.95061498880386 0.19799999892712
			vertex 4.962052822113 0.95369672775269 0.19799999892712
		endloop
	endfacet
	facet normal -0.55556542104504 0.83147282754102 0
		outer loop
			vertex 4.9751873016357 0.96247279644012 0
			vertex 4.962052822113 0.95369672775269 0.19799999892712
			vertex 4.9751873016357 0.96247279644012 0.19799999892712
		endloop
	endfacet
	facet normal -0.83146468287841 0.55557761035332 0
		outer loop
			vertex 4.9839634895325 0.97560703754425 0
			vertex 4.9751873016357 0.96247279644012 0.19799999892712
			vertex 4.9839634895325 0.97560703754425 0.19799999892712
		endloop
	endfacet
	facet normal -0.83146468287841 -0.55557761035332 0
		outer loop
			vertex 4.9751873016357 1.019727230072 0
			vertex 4.9839634895325 1.0065929889679 0.19799999892712
			vertex 4.9751873016357 1.019727230072 0.19799999892712
		endloop
	endfacet
	facet normal -0.9807904009526 -0.19506457751019 0
		outer loop
			vertex 4.9839634895325 1.0065929889679 0
			vertex 4.9870448112488 0.99110001325607 0.19799999892712
			vertex 4.9839634895325 1.0065929889679 0.19799999892712
		endloop
	endfacet
	facet normal -0.9807904009526 0.19506457751019 0
		outer loop
			vertex 4.9870448112488 0.99110001325607 0
			vertex 4.9839634895325 0.97560703754425 0.19799999892712
			vertex 4.9870448112488 0.99110001325607 0.19799999892712
		endloop
	endfacet
	facet normal -0.19508707769927 -0.9807859257324 0
		outer loop
			vertex 4.9465599060059 1.0315849781036 0
			vertex 4.962052822113 1.0285032987595 0
			vertex 4.962052822113 1.0285032987595 0.19799999892712
		endloop
	endfacet
	facet normal -0.19508707769927 -0.9807859257324 0
		outer loop
			vertex 4.9465599060059 1.0315849781036 0
			vertex 4.962052822113 1.0285032987595 0.19799999892712
			vertex 4.9465599060059 1.0315849781036 0.19799999892712
		endloop
	endfacet
	facet normal -0.55556542104504 -0.83147282754102 0
		outer loop
			vertex 4.962052822113 1.0285032987595 0
			vertex 4.9751873016357 1.019727230072 0.19799999892712
			vertex 4.962052822113 1.0285032987595 0.19799999892712
		endloop
	endfacet
	facet normal 0 0 -1
		outer loop
			vertex 4.9465599060059 0.95061498880386 0.19799999892712
			vertex 4.9465599060059 1.0315849781036 0.19799999892712
			vertex 4.962052822113 0.95369672775269 0.19799999892712
		endloop
	endfacet
	facet normal 0 0 -1
		outer loop
			vertex 4.962052822113 0.95369672775269 0.19799999892712
			vertex 4.9465599060059 1.0315849781036 0.19799999892712
			vertex 4.962052822113 1.0285032987595 0.19799999892712
		endloop
	endfacet
	facet normal 0 0 -1
		outer loop
			vertex 4.962052822113 0.95369672775269 0.19799999892712
			vertex 4.962052822113 1.0285032987595 0.19799999892712
			vertex 4.9751873016357 0.96247279644012 0.19799999892712
		endloop
	endfacet
	facet normal 0 0 -1
		outer loop
			vertex 4.9751873016357 0.96247279644012 0.19799999892712
			vertex 4.962052822113 1.0285032987595 0.19799999892712
			vertex 4.9751873016357 1.019727230072 0.19799999892712
		endloop
	endfacet
	facet normal 0 0 -1
		outer loop
			vertex 4.9751873016357 0.96247279644012 0.19799999892712
			vertex 4.9751873016357 1.019727230072 0.19799999892712
			vertex 4.9839634895325 0.97560703754425 0.19799999892712
		endloop
	endfacet
	facet normal 0 0 -1
		outer loop
			vertex 4.9839634895325 0.97560703754425 0.19799999892712
			vertex 4.9751873016357 1.019727230072 0.19799999892712
			vertex 4.9839634895325 1.0065929889679 0.19799999892712
		endloop
	endfacet
	facet normal 0 0 -1
		outer loop
			vertex 4.9839634895325 0.97560703754425 0.19799999892712
			vertex 4.9839634895325 1.0065929889679 0.19799999892712
			vertex 4.9870448112488 0.99110001325607 0.19799999892712
		endloop
	endfacet
	facet normal 0 1 0
		outer loop
			vertex 4.4472451210022 1.2205150127411 0
			vertex 4.4472451210022 1.2205150127411 0.19799999892712
			vertex 4.784619808197 1.2205150127411 0
		endloop
	endfacet
	facet normal 0 0 -1
		outer loop
			vertex 4.4472451210022 1.2205150127411 0.19799999892712
			vertex 4.4472451210022 1.2291903495789 0.19799999892712
			vertex 4.784619808197 1.2205150127411 0.19799999892712
		endloop
	endfacet
	facet normal 0 0 -1
		outer loop
			vertex 4.4472451210022 1.2291903495789 0.19799999892712
			vertex 4.4472451210022 1.3014849424362 0.19799999892712
			vertex 4.784619808197 1.2205150127411 0.19799999892712
		endloop
	endfacet
	facet normal -0 1 0
		outer loop
			vertex 4.4472451210022 1.2205150127411 0.19799999892712
			vertex 4.784619808197 1.2205150127411 0.19799999892712
			vertex 4.784619808197 1.2205150127411 0
		endloop
	endfacet
	facet normal 0 -1 0
		outer loop
			vertex 4.4472451210022 1.3014849424362 0
			vertex 4.784619808197 1.3014849424362 0
			vertex 4.4472451210022 1.3014849424362 0.19799999892712
		endloop
	endfacet
	facet normal 0 -1 0
		outer loop
			vertex 4.4472451210022 1.3014849424362 0.19799999892712
			vertex 4.784619808197 1.3014849424362 0
			vertex 4.784619808197 1.3014849424362 0.19799999892712
		endloop
	endfacet
	facet normal 0 0 -1
		outer loop
			vertex 4.784619808197 1.2205150127411 0.19799999892712
			vertex 4.4472451210022 1.3014849424362 0.19799999892712
			vertex 4.784619808197 1.3014849424362 0.19799999892712
		endloop
	endfacet
	facet normal -0.19508707769927 0.9807859257324 0
		outer loop
			vertex 4.784619808197 1.2205150127411 0
			vertex 4.784619808197 1.2205150127411 0.19799999892712
			vertex 4.8001127243042 1.2235966920853 0
		endloop
	endfacet
	facet normal -0.55556542104504 0.83147282754102 0
		outer loop
			vertex 4.8001127243042 1.2235966920853 0
			vertex 4.8001127243042 1.2235966920853 0.19799999892712
			vertex 4.8132472038269 1.2323727607727 0
		endloop
	endfacet
	facet normal -0.19508707769927 0.9807859257324 0
		outer loop
			vertex 4.8001127243042 1.2235966920853 0
			vertex 4.784619808197 1.2205150127411 0.19799999892712
			vertex 4.8001127243042 1.2235966920853 0.19799999892712
		endloop
	endfacet
	facet normal -0.83146468287841 0.55557761035332 0
		outer loop
			vertex 4.8132472038269 1.2323727607727 0
			vertex 4.8132472038269 1.2323727607727 0.19799999892712
			vertex 4.8220233917236 1.2455070018768 0
		endloop
	endfacet
	facet normal -0.98078476898537 0.19509289306975 0
		outer loop
			vertex 4.8220233917236 1.2455070018768 0
			vertex 4.8220233917236 1.2455070018768 0.19799999892712
			vertex 4.8251051902771 1.2610000371933 0
		endloop
	endfacet
	facet normal -0.83146468287841 0.55557761035332 0
		outer loop
			vertex 4.8220233917236 1.2455070018768 0
			vertex 4.8132472038269 1.2323727607727 0.19799999892712
			vertex 4.8220233917236 1.2455070018768 0.19799999892712
		endloop
	endfacet
	facet normal -0.55556542104504 0.83147282754102 0
		outer loop
			vertex 4.8132472038269 1.2323727607727 0
			vertex 4.8001127243042 1.2235966920853 0.19799999892712
			vertex 4.8132472038269 1.2323727607727 0.19799999892712
		endloop
	endfacet
	facet normal -0.98078476898537 0.19509289306975 0
		outer loop
			vertex 4.8220233917236 1.2455070018768 0.19799999892712
			vertex 4.8251051902771 1.2610000371933 0.19799999892712
			vertex 4.8251051902771 1.2610000371933 0
		endloop
	endfacet
	facet normal 0 0 -1
		outer loop
			vertex 4.8001127243042 1.2235966920853 0.19799999892712
			vertex 4.8001127243042 1.298403263092 0.19799999892712
			vertex 4.8132472038269 1.2323727607727 0.19799999892712
		endloop
	endfacet
	facet normal 0 0 -1
		outer loop
			vertex 4.784619808197 1.2205150127411 0.19799999892712
			vertex 4.784619808197 1.3014849424362 0.19799999892712
			vertex 4.8001127243042 1.2235966920853 0.19799999892712
		endloop
	endfacet
	facet normal 0 0 -1
		outer loop
			vertex 4.8132472038269 1.2323727607727 0.19799999892712
			vertex 4.8132472038269 1.2896271944046 0.19799999892712
			vertex 4.8220233917236 1.2455070018768 0.19799999892712
		endloop
	endfacet
	facet normal -0.19508707769927 -0.9807859257324 0
		outer loop
			vertex 4.8001127243042 1.298403263092 0
			vertex 4.8001127243042 1.298403263092 0.19799999892712
			vertex 4.784619808197 1.3014849424362 0
		endloop
	endfacet
	facet normal -0.55556542104504 -0.83147282754102 0
		outer loop
			vertex 4.8001127243042 1.298403263092 0
			vertex 4.8132472038269 1.2896271944046 0.19799999892712
			vertex 4.8001127243042 1.298403263092 0.19799999892712
		endloop
	endfacet
	facet normal -0.19508707769927 -0.9807859257324 0
		outer loop
			vertex 4.784619808197 1.3014849424362 0
			vertex 4.8001127243042 1.298403263092 0.19799999892712
			vertex 4.784619808197 1.3014849424362 0.19799999892712
		endloop
	endfacet
	facet normal -0.55556542104504 -0.83147282754102 0
		outer loop
			vertex 4.8001127243042 1.298403263092 0
			vertex 4.8132472038269 1.2896271944046 0
			vertex 4.8132472038269 1.2896271944046 0.19799999892712
		endloop
	endfacet
	facet normal -0.83146468287841 -0.55557761035332 0
		outer loop
			vertex 4.8132472038269 1.2896271944046 0
			vertex 4.8220233917236 1.2764929533005 0
			vertex 4.8220233917236 1.2764929533005 0.19799999892712
		endloop
	endfacet
	facet normal -0.98078448175191 -0.1950943370645 0
		outer loop
			vertex 4.8220233917236 1.2764929533005 0
			vertex 4.8251051902771 1.2610000371933 0
			vertex 4.8251051902771 1.2610000371933 0.19799999892712
		endloop
	endfacet
	facet normal -0.83146468287841 -0.55557761035332 0
		outer loop
			vertex 4.8132472038269 1.2896271944046 0
			vertex 4.8220233917236 1.2764929533005 0.19799999892712
			vertex 4.8132472038269 1.2896271944046 0.19799999892712
		endloop
	endfacet
	facet normal -0.98078448175191 -0.1950943370645 0
		outer loop
			vertex 4.8220233917236 1.2764929533005 0
			vertex 4.8251051902771 1.2610000371933 0.19799999892712
			vertex 4.8220233917236 1.2764929533005 0.19799999892712
		endloop
	endfacet
	facet normal 0 0 -1
		outer loop
			vertex 4.8001127243042 1.2235966920853 0.19799999892712
			vertex 4.784619808197 1.3014849424362 0.19799999892712
			vertex 4.8001127243042 1.298403263092 0.19799999892712
		endloop
	endfacet
	facet normal 0 0 -1
		outer loop
			vertex 4.8132472038269 1.2323727607727 0.19799999892712
			vertex 4.8001127243042 1.298403263092 0.19799999892712
			vertex 4.8132472038269 1.2896271944046 0.19799999892712
		endloop
	endfacet
	facet normal 0 0 -1
		outer loop
			vertex 4.8220233917236 1.2455070018768 0.19799999892712
			vertex 4.8132472038269 1.2896271944046 0.19799999892712
			vertex 4.8220233917236 1.2764929533005 0.19799999892712
		endloop
	endfacet
	facet normal 0 0 -1
		outer loop
			vertex 4.8220233917236 1.2455070018768 0.19799999892712
			vertex 4.8220233917236 1.2764929533005 0.19799999892712
			vertex 4.8251051902771 1.2610000371933 0.19799999892712
		endloop
	endfacet
	facet normal 0.70710853543918 -0.70710502692957 0
		outer loop
			vertex 12.612572669983 1.1276872158051 0.19799999892712
			vertex 12.516470909119 1.0315849781036 0.19799999892712
			vertex 12.516470909119 1.0315849781036 0
		endloop
	endfacet
	facet normal 0 0 -1
		outer loop
			vertex 12.612572669983 1.1276872158051 0.19799999892712
			vertex 12.533240318298 0.99110001325607 0.19799999892712
			vertex 12.516470909119 1.0315849781036 0.19799999892712
		endloop
	endfacet
	facet normal -0.70710443883099 0.70710912353434 0
		outer loop
			vertex 12.669827461243 1.0704327821732 0.19799999892712
			vertex 12.561866760254 0.96247279644012 0
			vertex 12.561866760254 0.96247279644012 0.19799999892712
		endloop
	endfacet
	facet normal 0.70710853543918 -0.70710502692957 0
		outer loop
			vertex 12.612572669983 1.1276872158051 0.19799999892712
			vertex 12.516470909119 1.0315849781036 0
			vertex 12.612572669983 1.1276872158051 0
		endloop
	endfacet
	facet normal -0.70710443883099 0.70710912353434 0
		outer loop
			vertex 12.669827461243 1.0704327821732 0.19799999892712
			vertex 12.669827461243 1.0704327821732 0
			vertex 12.561866760254 0.96247279644012 0
		endloop
	endfacet
	facet normal 0 0 -1
		outer loop
			vertex 12.612572669983 1.1276872158051 0.19799999892712
			vertex 12.561866760254 0.96247279644012 0.19799999892712
			vertex 12.533240318298 0.99110001325607 0.19799999892712
		endloop
	endfacet
	facet normal 0 -0 -1
		outer loop
			vertex 12.612572669983 1.1276872158051 0.19799999892712
			vertex 12.669827461243 1.0704327821732 0.19799999892712
			vertex 12.561866760254 0.96247279644012 0.19799999892712
		endloop
	endfacet
	facet normal 0 1 0
		outer loop
			vertex 12.209360122681 0.95061498880386 0.19799999892712
			vertex 12.480041503906 0.95061498880386 0
			vertex 12.209360122681 0.95061498880386 0
		endloop
	endfacet
	facet normal 0 0 -1
		outer loop
			vertex 12.210018157959 1.028311252594 0.19799999892712
			vertex 12.231719017029 1.0259951353073 0.19799999892712
			vertex 12.224852561951 0.95448821783066 0.19799999892712
		endloop
	endfacet
	facet normal 0 -1 0
		outer loop
			vertex 12.22612953186 1.0315849781036 0.19799999892712
			vertex 12.22612953186 1.0315849781036 0
			vertex 12.516470909119 1.0315849781036 0.19799999892712
		endloop
	endfacet
	facet normal -0 1 0
		outer loop
			vertex 12.209360122681 0.95061498880386 0.19799999892712
			vertex 12.533240318298 0.95061498880386 0.19799999892712
			vertex 12.480041503906 0.95061498880386 0
		endloop
	endfacet
	facet normal 0 -1 -0
		outer loop
			vertex 12.516470909119 1.0315849781036 0.19799999892712
			vertex 12.22612953186 1.0315849781036 0
			vertex 12.516470909119 1.0315849781036 0
		endloop
	endfacet
	facet normal 0 0 -1
		outer loop
			vertex 12.209360122681 0.95061498880386 0.19799999892712
			vertex 12.224852561951 0.95448821783066 0.19799999892712
			vertex 12.533240318298 0.95061498880386 0.19799999892712
		endloop
	endfacet
	facet normal 0 -0 -1
		outer loop
			vertex 12.231719017029 1.0259951353073 0.19799999892712
			vertex 12.533240318298 0.95061498880386 0.19799999892712
			vertex 12.224852561951 0.95448821783066 0.19799999892712
		endloop
	endfacet
	facet normal 0 0 -1
		outer loop
			vertex 12.22612953186 1.0315849781036 0.19799999892712
			vertex 12.516470909119 1.0315849781036 0.19799999892712
			vertex 12.231719017029 1.0259951353073 0.19799999892712
		endloop
	endfacet
	facet normal 0 0 -1
		outer loop
			vertex 12.231719017029 1.0259951353073 0.19799999892712
			vertex 12.516470909119 1.0315849781036 0.19799999892712
			vertex 12.533240318298 0.99110001325607 0.19799999892712
		endloop
	endfacet
	facet normal 0 1 0
		outer loop
			vertex 12.533240318298 0.95061498880386 0.19799999892712
			vertex 12.533240318298 0.95061498880386 0
			vertex 12.480041503906 0.95061498880386 0
		endloop
	endfacet
	facet normal 0 0 -1
		outer loop
			vertex 12.231719017029 1.0259951353073 0.19799999892712
			vertex 12.533240318298 0.99110001325607 0.19799999892712
			vertex 12.533240318298 0.95061498880386 0.19799999892712
		endloop
	endfacet
	facet normal 0.70710597203481 0.70710759033736 0
		outer loop
			vertex 12.072772979736 1.0704327821732 0.19799999892712
			vertex 12.150904655457 0.99230128526688 0
			vertex 12.072772979736 1.0704327821732 0
		endloop
	endfacet
	facet normal 0.70711172660924 0.70710183572926 0
		outer loop
			vertex 12.180732727051 0.96247279644012 0.19799999892712
			vertex 12.180732727051 0.96247279644012 0
			vertex 12.150904655457 0.99230128526688 0
		endloop
	endfacet
	facet normal 0.7071075619729 0.70710600039822 1.2547921908631e-06
		outer loop
			vertex 12.072772979736 1.0704327821732 0.19799999892712
			vertex 12.180732727051 0.96247279644012 0.19799999892712
			vertex 12.150904655457 0.99230128526688 0
		endloop
	endfacet
	facet normal -0.70710578060315 -0.70710778176853 -0
		outer loop
			vertex 12.141884803772 1.1158294677734 0.19799999892712
			vertex 12.141884803772 1.1158294677734 0
			vertex 12.22612953186 1.0315849781036 0.19799999892712
		endloop
	endfacet
	facet normal 0 0 -1
		outer loop
			vertex 12.141884803772 1.1158294677734 0.19799999892712
			vertex 12.072772979736 1.0704327821732 0.19799999892712
			vertex 12.101400375366 1.0990600585938 0.19799999892712
		endloop
	endfacet
	facet normal 0 -0 -1
		outer loop
			vertex 12.141884803772 1.1158294677734 0.19799999892712
			vertex 12.180732727051 0.96247279644012 0.19799999892712
			vertex 12.072772979736 1.0704327821732 0.19799999892712
		endloop
	endfacet
	facet normal 0 -0 -1
		outer loop
			vertex 12.129299163818 1.1269587278366 0.19799999892712
			vertex 12.136295318604 1.1214191913605 0.19799999892712
			vertex 12.101400375366 1.0990600585938 0.19799999892712
		endloop
	endfacet
	facet normal 0 -0 -1
		outer loop
			vertex 12.136295318604 1.1214191913605 0.19799999892712
			vertex 12.141884803772 1.1158294677734 0.19799999892712
			vertex 12.101400375366 1.0990600585938 0.19799999892712
		endloop
	endfacet
	facet normal -0.70710578060315 -0.70710778176853 -0
		outer loop
			vertex 12.22612953186 1.0315849781036 0.19799999892712
			vertex 12.141884803772 1.1158294677734 0
			vertex 12.22612953186 1.0315849781036 0
		endloop
	endfacet
	facet normal 0 0 -1
		outer loop
			vertex 12.141884803772 1.1158294677734 0.19799999892712
			vertex 12.20264339447 0.98438310623169 0.19799999892712
			vertex 12.180732727051 0.96247279644012 0.19799999892712
		endloop
	endfacet
	facet normal 0 0 -1
		outer loop
			vertex 12.141884803772 1.1158294677734 0.19799999892712
			vertex 12.209360122681 1.0285130739212 0.19799999892712
			vertex 12.20264339447 0.98438310623169 0.19799999892712
		endloop
	endfacet
	facet normal 0 0 -1
		outer loop
			vertex 12.141884803772 1.1158294677734 0.19799999892712
			vertex 12.210018157959 1.028311252594 0.19799999892712
			vertex 12.209360122681 1.0285130739212 0.19799999892712
		endloop
	endfacet
	facet normal 0 0 -1
		outer loop
			vertex 12.141884803772 1.1158294677734 0.19799999892712
			vertex 12.22612953186 1.0315849781036 0.19799999892712
			vertex 12.210018157959 1.028311252594 0.19799999892712
		endloop
	endfacet
	facet normal 0 0 -1
		outer loop
			vertex 12.210018157959 1.028311252594 0.19799999892712
			vertex 12.22612953186 1.0315849781036 0.19799999892712
			vertex 12.231719017029 1.0259951353073 0.19799999892712
		endloop
	endfacet
	facet normal 1 0 0
		outer loop
			vertex 12.060914993286 1.4229400157928 0.19799999892712
			vertex 12.060914993286 1.0990600585938 0.19799999892712
			vertex 12.060914993286 1.0990600585938 0
		endloop
	endfacet
	facet normal -1 0 0
		outer loop
			vertex 12.141884803772 1.1158294677734 0.19799999892712
			vertex 12.141884803772 1.4061706066132 0
			vertex 12.141884803772 1.1158294677734 0
		endloop
	endfacet
	facet normal 0 0 -1
		outer loop
			vertex 12.129299163818 1.1269587278366 0.19799999892712
			vertex 12.101400375366 1.0990600585938 0.19799999892712
			vertex 12.060914993286 1.0990600585938 0.19799999892712
		endloop
	endfacet
	facet normal 0 -0 -1
		outer loop
			vertex 12.063996315002 1.4106130599976 0.19799999892712
			vertex 12.129299163818 1.1269587278366 0.19799999892712
			vertex 12.060914993286 1.0990600585938 0.19799999892712
		endloop
	endfacet
	facet normal 0 0 -1
		outer loop
			vertex 12.063996315002 1.4106130599976 0.19799999892712
			vertex 12.136295318604 1.1214191913605 0.19799999892712
			vertex 12.129299163818 1.1269587278366 0.19799999892712
		endloop
	endfacet
	facet normal 0 -0 -1
		outer loop
			vertex 12.141884803772 1.4061706066132 0.19799999892712
			vertex 12.141884803772 1.1158294677734 0.19799999892712
			vertex 12.136295318604 1.1214191913605 0.19799999892712
		endloop
	endfacet
	facet normal 1 0 0
		outer loop
			vertex 12.060914993286 1.4229400157928 0.19799999892712
			vertex 12.060914993286 1.0990600585938 0
			vertex 12.060914993286 1.4229400157928 0
		endloop
	endfacet
	facet normal -1 -0 -0
		outer loop
			vertex 12.141884803772 1.4061706066132 0.19799999892712
			vertex 12.141884803772 1.4061706066132 0
			vertex 12.141884803772 1.1158294677734 0.19799999892712
		endloop
	endfacet
	facet normal 0 0 -1
		outer loop
			vertex 12.060914993286 1.4229400157928 0.19799999892712
			vertex 12.063996315002 1.4106130599976 0.19799999892712
			vertex 12.060914993286 1.0990600585938 0.19799999892712
		endloop
	endfacet
	facet normal 0 -0 -1
		outer loop
			vertex 12.067078590393 1.4229400157928 0.19799999892712
			vertex 12.136295318604 1.1214191913605 0.19799999892712
			vertex 12.063996315002 1.4106130599976 0.19799999892712
		endloop
	endfacet
	facet normal 0 0 -1
		outer loop
			vertex 12.067078590393 1.4229400157928 0.19799999892712
			vertex 12.141717910767 1.4060029983521 0.19799999892712
			vertex 12.136295318604 1.1214191913605 0.19799999892712
		endloop
	endfacet
	facet normal 0 -0 -1
		outer loop
			vertex 12.141717910767 1.4060029983521 0.19799999892712
			vertex 12.141884803772 1.4061706066132 0.19799999892712
			vertex 12.136295318604 1.1214191913605 0.19799999892712
		endloop
	endfacet
	facet normal 0 0 -1
		outer loop
			vertex 12.067078590393 1.4229400157928 0.19799999892712
			vertex 12.138813018799 1.4229400157928 0.19799999892712
			vertex 12.141717910767 1.4060029983521 0.19799999892712
		endloop
	endfacet
	facet normal 0 0 -1
		outer loop
			vertex 12.138813018799 1.4229400157928 0.19799999892712
			vertex 12.141884803772 1.4061706066132 0.19799999892712
			vertex 12.141717910767 1.4060029983521 0.19799999892712
		endloop
	endfacet
	facet normal -0.70710528030986 0.70710828206005 0
		outer loop
			vertex 12.141884803772 1.4061706066132 0.19799999892712
			vertex 12.22612953186 1.4904149770737 0
			vertex 12.141884803772 1.4061706066132 0
		endloop
	endfacet
	facet normal 0.70710756197346 -0.70710600039878 0
		outer loop
			vertex 12.180732727051 1.5595271587372 0.19799999892712
			vertex 12.072772979736 1.4515671730042 0.19799999892712
			vertex 12.072772979736 1.4515671730042 0
		endloop
	endfacet
	facet normal 0.70710756197346 -0.70710600039878 0
		outer loop
			vertex 12.180732727051 1.5595271587372 0.19799999892712
			vertex 12.072772979736 1.4515671730042 0
			vertex 12.180732727051 1.5595271587372 0
		endloop
	endfacet
	facet normal 0 0 -1
		outer loop
			vertex 12.072772979736 1.4515671730042 0.19799999892712
			vertex 12.138813018799 1.4229400157928 0.19799999892712
			vertex 12.095303535461 1.4290367364883 0.19799999892712
		endloop
	endfacet
	facet normal 0 0 -1
		outer loop
			vertex 12.180732727051 1.5595271587372 0.19799999892712
			vertex 12.138813018799 1.4229400157928 0.19799999892712
			vertex 12.072772979736 1.4515671730042 0.19799999892712
		endloop
	endfacet
	facet normal 0 0 -1
		outer loop
			vertex 12.22612953186 1.4904149770737 0.19799999892712
			vertex 12.141884803772 1.4061706066132 0.19799999892712
			vertex 12.138813018799 1.4229400157928 0.19799999892712
		endloop
	endfacet
	facet normal -0.70710528030986 0.70710828206005 0
		outer loop
			vertex 12.22612953186 1.4904149770737 0.19799999892712
			vertex 12.22612953186 1.4904149770737 0
			vertex 12.141884803772 1.4061706066132 0.19799999892712
		endloop
	endfacet
	facet normal 0 -0 -1
		outer loop
			vertex 12.219541549683 1.5207183361053 0.19799999892712
			vertex 12.22612953186 1.4904149770737 0.19799999892712
			vertex 12.138813018799 1.4229400157928 0.19799999892712
		endloop
	endfacet
	facet normal 0 -0 -1
		outer loop
			vertex 12.180732727051 1.5595271587372 0.19799999892712
			vertex 12.219541549683 1.5207183361053 0.19799999892712
			vertex 12.138813018799 1.4229400157928 0.19799999892712
		endloop
	endfacet
	facet normal 0 0 -1
		outer loop
			vertex 12.219541549683 1.5207183361053 0.19799999892712
			vertex 12.22993850708 1.4942243099213 0.19799999892712
			vertex 12.22612953186 1.4904149770737 0.19799999892712
		endloop
	endfacet
	facet normal 0 1 0
		outer loop
			vertex 12.22612953186 1.4904149770737 0.19799999892712
			vertex 12.516470909119 1.4904149770737 0
			vertex 12.22612953186 1.4904149770737 0
		endloop
	endfacet
	facet normal 0 -1 0
		outer loop
			vertex 12.209360122681 1.5713850259781 0.19799999892712
			vertex 12.209360122681 1.5713850259781 0
			vertex 12.533240318298 1.5713850259781 0.19799999892712
		endloop
	endfacet
	facet normal -0 1 0
		outer loop
			vertex 12.22612953186 1.4904149770737 0.19799999892712
			vertex 12.516470909119 1.4904149770737 0.19799999892712
			vertex 12.516470909119 1.4904149770737 0
		endloop
	endfacet
	facet normal 0 -1 -0
		outer loop
			vertex 12.533240318298 1.5713850259781 0.19799999892712
			vertex 12.209360122681 1.5713850259781 0
			vertex 12.533240318298 1.5713850259781 0
		endloop
	endfacet
	facet normal 0 -0 -1
		outer loop
			vertex 12.22993850708 1.4942243099213 0.19799999892712
			vertex 12.516470909119 1.4904149770737 0.19799999892712
			vertex 12.22612953186 1.4904149770737 0.19799999892712
		endloop
	endfacet
	facet normal 0 0 -1
		outer loop
			vertex 12.209360122681 1.5713850259781 0.19799999892712
			vertex 12.510880470276 1.49600481987 0.19799999892712
			vertex 12.219541549683 1.5207183361053 0.19799999892712
		endloop
	endfacet
	facet normal 0 0 -1
		outer loop
			vertex 12.219541549683 1.5207183361053 0.19799999892712
			vertex 12.510880470276 1.49600481987 0.19799999892712
			vertex 12.22993850708 1.4942243099213 0.19799999892712
		endloop
	endfacet
	facet normal 0 0 -1
		outer loop
			vertex 12.22993850708 1.4942243099213 0.19799999892712
			vertex 12.510880470276 1.49600481987 0.19799999892712
			vertex 12.516470909119 1.4904149770737 0.19799999892712
		endloop
	endfacet
	facet normal 0 0 -1
		outer loop
			vertex 12.209360122681 1.5713850259781 0.19799999892712
			vertex 12.533240318298 1.5713850259781 0.19799999892712
			vertex 12.510880470276 1.49600481987 0.19799999892712
		endloop
	endfacet
	facet normal 0 -0 -1
		outer loop
			vertex 12.533240318298 1.5713850259781 0.19799999892712
			vertex 12.533240318298 1.4934868812561 0.19799999892712
			vertex 12.510880470276 1.49600481987 0.19799999892712
		endloop
	endfacet
	facet normal 0.70710928265477 0.70710427970948 0
		outer loop
			vertex 12.516470909119 1.4904149770737 0.19799999892712
			vertex 12.600714683533 1.4061706066132 0
			vertex 12.516470909119 1.4904149770737 0
		endloop
	endfacet
	facet normal 0 0 -1
		outer loop
			vertex 12.510880470276 1.49600481987 0.19799999892712
			vertex 12.533240318298 1.4934868812561 0.19799999892712
			vertex 12.516470909119 1.4904149770737 0.19799999892712
		endloop
	endfacet
	facet normal 0 0 -1
		outer loop
			vertex 12.516470909119 1.4904149770737 0.19799999892712
			vertex 12.533240318298 1.4934868812561 0.19799999892712
			vertex 12.600714683533 1.4061706066132 0.19799999892712
		endloop
	endfacet
	facet normal 0 -0 -1
		outer loop
			vertex 12.539957046509 1.5376168489456 0.19799999892712
			vertex 12.561866760254 1.5595271587372 0.19799999892712
			vertex 12.533240318298 1.4934868812561 0.19799999892712
		endloop
	endfacet
	facet normal 0 0 -1
		outer loop
			vertex 12.600714683533 1.4061706066132 0.19799999892712
			vertex 12.613906860352 1.3956471681595 0.19799999892712
			vertex 12.612184524536 1.394700884819 0.19799999892712
		endloop
	endfacet
	facet normal 0 0 -1
		outer loop
			vertex 12.641200065613 1.4229400157928 0.19799999892712
			vertex 12.613906860352 1.3956471681595 0.19799999892712
			vertex 12.600714683533 1.4061706066132 0.19799999892712
		endloop
	endfacet
	facet normal 0.70710928265477 0.70710427970948 0
		outer loop
			vertex 12.516470909119 1.4904149770737 0.19799999892712
			vertex 12.600714683533 1.4061706066132 0.19799999892712
			vertex 12.600714683533 1.4061706066132 0
		endloop
	endfacet
	facet normal -0.70710443883099 -0.70710912353434 -0
		outer loop
			vertex 12.561866760254 1.5595271587372 0.19799999892712
			vertex 12.561866760254 1.5595271587372 0
			vertex 12.669827461243 1.4515671730042 0.19799999892712
		endloop
	endfacet
	facet normal -0.70710443883099 -0.70710912353434 -0
		outer loop
			vertex 12.669827461243 1.4515671730042 0.19799999892712
			vertex 12.561866760254 1.5595271587372 0
			vertex 12.669827461243 1.4515671730042 0
		endloop
	endfacet
	facet normal 0 0 -1
		outer loop
			vertex 12.533240318298 1.4934868812561 0.19799999892712
			vertex 12.641200065613 1.4229400157928 0.19799999892712
			vertex 12.600714683533 1.4061706066132 0.19799999892712
		endloop
	endfacet
	facet normal 0 0 -1
		outer loop
			vertex 12.533240318298 1.4934868812561 0.19799999892712
			vertex 12.669827461243 1.4515671730042 0.19799999892712
			vertex 12.641200065613 1.4229400157928 0.19799999892712
		endloop
	endfacet
	facet normal 0 -0 -1
		outer loop
			vertex 12.561866760254 1.5595271587372 0.19799999892712
			vertex 12.669827461243 1.4515671730042 0.19799999892712
			vertex 12.533240318298 1.4934868812561 0.19799999892712
		endloop
	endfacet
	facet normal 1 0 0
		outer loop
			vertex 12.600714683533 1.4061706066132 0.19799999892712
			vertex 12.600714683533 1.3014849424362 0.19799999892712
			vertex 12.600714683533 1.3014849424362 0
		endloop
	endfacet
	facet normal 1 0 0
		outer loop
			vertex 12.600714683533 1.4061706066132 0.19799999892712
			vertex 12.600714683533 1.3014849424362 0
			vertex 12.600714683533 1.4061706066132 0
		endloop
	endfacet
	facet normal -1 0 0
		outer loop
			vertex 12.681685447693 1.2610000371933 0.19799999892712
			vertex 12.681685447693 1.4229400157928 0
			vertex 12.681685447693 1.2610000371933 0
		endloop
	endfacet
	facet normal -1 -0 -0
		outer loop
			vertex 12.681685447693 1.4229400157928 0.19799999892712
			vertex 12.681685447693 1.4229400157928 0
			vertex 12.681685447693 1.2610000371933 0.19799999892712
		endloop
	endfacet
	facet normal 0 -0 -1
		outer loop
			vertex 12.612184524536 1.394700884819 0.19799999892712
			vertex 12.641200065613 1.2610000371933 0.19799999892712
			vertex 12.602957725525 1.2871441841125 0.19799999892712
		endloop
	endfacet
	facet normal 0 0 -1
		outer loop
			vertex 12.612184524536 1.394700884819 0.19799999892712
			vertex 12.600714683533 1.2863031625748 0.19799999892712
			vertex 12.600714683533 1.3014849424362 0.19799999892712
		endloop
	endfacet
	facet normal 0 0 -1
		outer loop
			vertex 12.612184524536 1.394700884819 0.19799999892712
			vertex 12.602957725525 1.2871441841125 0.19799999892712
			vertex 12.600714683533 1.2863031625748 0.19799999892712
		endloop
	endfacet
	facet normal 0 0 -1
		outer loop
			vertex 12.600714683533 1.4061706066132 0.19799999892712
			vertex 12.612184524536 1.394700884819 0.19799999892712
			vertex 12.600714683533 1.3014849424362 0.19799999892712
		endloop
	endfacet
	facet normal 0 0 -1
		outer loop
			vertex 12.612184524536 1.394700884819 0.19799999892712
			vertex 12.664133071899 1.2610000371933 0.19799999892712
			vertex 12.641200065613 1.2610000371933 0.19799999892712
		endloop
	endfacet
	facet normal 0 0 -1
		outer loop
			vertex 12.613906860352 1.3956471681595 0.19799999892712
			vertex 12.669827461243 1.2847155332565 0.19799999892712
			vertex 12.664133071899 1.2610000371933 0.19799999892712
		endloop
	endfacet
	facet normal 0 -0 -1
		outer loop
			vertex 12.681685447693 1.4229400157928 0.19799999892712
			vertex 12.681685447693 1.2610000371933 0.19799999892712
			vertex 12.669827461243 1.2847155332565 0.19799999892712
		endloop
	endfacet
	facet normal 0 0 -1
		outer loop
			vertex 12.612184524536 1.394700884819 0.19799999892712
			vertex 12.613906860352 1.3956471681595 0.19799999892712
			vertex 12.664133071899 1.2610000371933 0.19799999892712
		endloop
	endfacet
	facet normal 0 -0 -1
		outer loop
			vertex 12.641200065613 1.4229400157928 0.19799999892712
			vertex 12.669827461243 1.2847155332565 0.19799999892712
			vertex 12.613906860352 1.3956471681595 0.19799999892712
		endloop
	endfacet
	facet normal 0 0 -1
		outer loop
			vertex 12.641200065613 1.4229400157928 0.19799999892712
			vertex 12.681685447693 1.4229400157928 0.19799999892712
			vertex 12.669827461243 1.2847155332565 0.19799999892712
		endloop
	endfacet
	facet normal 0 1 0
		outer loop
			vertex 12.42527961731 1.2205150127411 0.19799999892712
			vertex 12.641200065613 1.2205150127411 0
			vertex 12.42527961731 1.2205150127411 0
		endloop
	endfacet
	facet normal 0 0 -1
		outer loop
			vertex 12.42527961731 1.3014849424362 0.19799999892712
			vertex 12.641200065613 1.2205150127411 0.19799999892712
			vertex 12.42527961731 1.2205150127411 0.19799999892712
		endloop
	endfacet
	facet normal -0 1 0
		outer loop
			vertex 12.42527961731 1.2205150127411 0.19799999892712
			vertex 12.641200065613 1.2205150127411 0.19799999892712
			vertex 12.641200065613 1.2205150127411 0
		endloop
	endfacet
	facet normal 0 -1 0
		outer loop
			vertex 12.42527961731 1.3014849424362 0.19799999892712
			vertex 12.42527961731 1.3014849424362 0
			vertex 12.600714683533 1.3014849424362 0.19799999892712
		endloop
	endfacet
	facet normal 0 -1 -0
		outer loop
			vertex 12.600714683533 1.3014849424362 0.19799999892712
			vertex 12.42527961731 1.3014849424362 0
			vertex 12.600714683533 1.3014849424362 0
		endloop
	endfacet
	facet normal 0 0 -1
		outer loop
			vertex 12.42527961731 1.3014849424362 0.19799999892712
			vertex 12.600714683533 1.3014849424362 0.19799999892712
			vertex 12.600714683533 1.2863031625748 0.19799999892712
		endloop
	endfacet
	facet normal 0 0 -1
		outer loop
			vertex 12.42527961731 1.3014849424362 0.19799999892712
			vertex 12.600714683533 1.2863031625748 0.19799999892712
			vertex 12.641200065613 1.2610000371933 0.19799999892712
		endloop
	endfacet
	facet normal 0 0 -1
		outer loop
			vertex 12.42527961731 1.3014849424362 0.19799999892712
			vertex 12.641200065613 1.2610000371933 0.19799999892712
			vertex 12.641200065613 1.2205150127411 0.19799999892712
		endloop
	endfacet
	facet normal 0 -0 -1
		outer loop
			vertex 12.602957725525 1.2871441841125 0.19799999892712
			vertex 12.641200065613 1.2610000371933 0.19799999892712
			vertex 12.600714683533 1.2863031625748 0.19799999892712
		endloop
	endfacet
	facet normal -0.83147862717407 0.55555674107396 0
		outer loop
			vertex 12.669827461243 1.0704327821732 0.19799999892712
			vertex 12.678603172302 1.0835670232773 0
			vertex 12.669827461243 1.0704327821732 0
		endloop
	endfacet
	facet normal -0.98077899265245 0.19512193001209 0
		outer loop
			vertex 12.678603172302 1.0835670232773 0.19799999892712
			vertex 12.681685447693 1.0990600585938 0
			vertex 12.678603172302 1.0835670232773 0
		endloop
	endfacet
	facet normal -0.83147862717407 0.55555674107396 0
		outer loop
			vertex 12.678603172302 1.0835670232773 0.19799999892712
			vertex 12.678603172302 1.0835670232773 0
			vertex 12.669827461243 1.0704327821732 0.19799999892712
		endloop
	endfacet
	facet normal -0.98077899265245 0.19512193001209 0
		outer loop
			vertex 12.681685447693 1.0990600585938 0.19799999892712
			vertex 12.681685447693 1.0990600585938 0
			vertex 12.678603172302 1.0835670232773 0.19799999892712
		endloop
	endfacet
	facet normal 0 0 -1
		outer loop
			vertex 12.678603172302 1.1145529747009 0.19799999892712
			vertex 12.681685447693 1.0990600585938 0.19799999892712
			vertex 12.678603172302 1.0835670232773 0.19799999892712
		endloop
	endfacet
	facet normal 0 0 -1
		outer loop
			vertex 12.669827461243 1.1276872158051 0.19799999892712
			vertex 12.678603172302 1.0835670232773 0.19799999892712
			vertex 12.669827461243 1.0704327821732 0.19799999892712
		endloop
	endfacet
	facet normal 0.55557936535473 -0.83146351019876 0
		outer loop
			vertex 12.625706672668 1.1364632844925 0.19799999892712
			vertex 12.612572669983 1.1276872158051 0.19799999892712
			vertex 12.612572669983 1.1276872158051 0
		endloop
	endfacet
	facet normal 0.19508130204389 -0.98078707454414 0
		outer loop
			vertex 12.641200065613 1.1395449638367 0.19799999892712
			vertex 12.625706672668 1.1364632844925 0
			vertex 12.641200065613 1.1395449638367 0
		endloop
	endfacet
	facet normal 0.55557936535473 -0.83146351019876 0
		outer loop
			vertex 12.625706672668 1.1364632844925 0.19799999892712
			vertex 12.612572669983 1.1276872158051 0
			vertex 12.625706672668 1.1364632844925 0
		endloop
	endfacet
	facet normal -0.19509285368989 -0.98078477681861 -0
		outer loop
			vertex 12.656692504883 1.1364632844925 0.19799999892712
			vertex 12.641200065613 1.1395449638367 0
			vertex 12.656692504883 1.1364632844925 0
		endloop
	endfacet
	facet normal -0.55555147727905 -0.83148214418174 -0
		outer loop
			vertex 12.669827461243 1.1276872158051 0.19799999892712
			vertex 12.656692504883 1.1364632844925 0
			vertex 12.669827461243 1.1276872158051 0
		endloop
	endfacet
	facet normal -0.83147862717407 -0.55555674107396 -0
		outer loop
			vertex 12.678603172302 1.1145529747009 0.19799999892712
			vertex 12.669827461243 1.1276872158051 0
			vertex 12.678603172302 1.1145529747009 0
		endloop
	endfacet
	facet normal -0.98077870533518 -0.19512337420475 -0
		outer loop
			vertex 12.681685447693 1.0990600585938 0.19799999892712
			vertex 12.678603172302 1.1145529747009 0
			vertex 12.681685447693 1.0990600585938 0
		endloop
	endfacet
	facet normal 0.19508130204389 -0.98078707454414 0
		outer loop
			vertex 12.625706672668 1.1364632844925 0.19799999892712
			vertex 12.625706672668 1.1364632844925 0
			vertex 12.641200065613 1.1395449638367 0.19799999892712
		endloop
	endfacet
	facet normal -0.19509285368989 -0.98078477681861 -0
		outer loop
			vertex 12.641200065613 1.1395449638367 0.19799999892712
			vertex 12.641200065613 1.1395449638367 0
			vertex 12.656692504883 1.1364632844925 0.19799999892712
		endloop
	endfacet
	facet normal -0.55555147727905 -0.83148214418174 -0
		outer loop
			vertex 12.656692504883 1.1364632844925 0.19799999892712
			vertex 12.656692504883 1.1364632844925 0
			vertex 12.669827461243 1.1276872158051 0.19799999892712
		endloop
	endfacet
	facet normal -0.98077870533518 -0.19512337420475 -0
		outer loop
			vertex 12.678603172302 1.1145529747009 0.19799999892712
			vertex 12.678603172302 1.1145529747009 0
			vertex 12.681685447693 1.0990600585938 0.19799999892712
		endloop
	endfacet
	facet normal -0.83147862717407 -0.55555674107396 -0
		outer loop
			vertex 12.669827461243 1.1276872158051 0.19799999892712
			vertex 12.669827461243 1.1276872158051 0
			vertex 12.678603172302 1.1145529747009 0.19799999892712
		endloop
	endfacet
	facet normal 0 -0 -1
		outer loop
			vertex 12.625706672668 1.1364632844925 0.19799999892712
			vertex 12.641200065613 1.1395449638367 0.19799999892712
			vertex 12.612572669983 1.1276872158051 0.19799999892712
		endloop
	endfacet
	facet normal 0 0 -1
		outer loop
			vertex 12.612572669983 1.1276872158051 0.19799999892712
			vertex 12.656692504883 1.1364632844925 0.19799999892712
			vertex 12.669827461243 1.0704327821732 0.19799999892712
		endloop
	endfacet
	facet normal 0 -0 -1
		outer loop
			vertex 12.641200065613 1.1395449638367 0.19799999892712
			vertex 12.656692504883 1.1364632844925 0.19799999892712
			vertex 12.612572669983 1.1276872158051 0.19799999892712
		endloop
	endfacet
	facet normal 0 0 -1
		outer loop
			vertex 12.656692504883 1.1364632844925 0.19799999892712
			vertex 12.669827461243 1.1276872158051 0.19799999892712
			vertex 12.669827461243 1.0704327821732 0.19799999892712
		endloop
	endfacet
	facet normal 0 0 -1
		outer loop
			vertex 12.669827461243 1.1276872158051 0.19799999892712
			vertex 12.678603172302 1.1145529747009 0.19799999892712
			vertex 12.678603172302 1.0835670232773 0.19799999892712
		endloop
	endfacet
	facet normal -0.19509648347547 0.98078405479265 0
		outer loop
			vertex 12.533240318298 0.95061498880386 0.19799999892712
			vertex 12.548732757568 0.95369672775269 0
			vertex 12.533240318298 0.95061498880386 0
		endloop
	endfacet
	facet normal -0.55557936535473 0.83146351019876 0
		outer loop
			vertex 12.548732757568 0.95369672775269 0.19799999892712
			vertex 12.561866760254 0.96247279644012 0
			vertex 12.548732757568 0.95369672775269 0
		endloop
	endfacet
	facet normal -0.19509648347547 0.98078405479265 0
		outer loop
			vertex 12.533240318298 0.95061498880386 0.19799999892712
			vertex 12.548732757568 0.95369672775269 0.19799999892712
			vertex 12.548732757568 0.95369672775269 0
		endloop
	endfacet
	facet normal 0 0 -1
		outer loop
			vertex 12.533240318298 0.95061498880386 0.19799999892712
			vertex 12.561866760254 0.96247279644012 0.19799999892712
			vertex 12.548732757568 0.95369672775269 0.19799999892712
		endloop
	endfacet
	facet normal 0 0 -1
		outer loop
			vertex 12.533240318298 0.99110001325607 0.19799999892712
			vertex 12.561866760254 0.96247279644012 0.19799999892712
			vertex 12.533240318298 0.95061498880386 0.19799999892712
		endloop
	endfacet
	facet normal -0.55557936535473 0.83146351019876 0
		outer loop
			vertex 12.561866760254 0.96247279644012 0.19799999892712
			vertex 12.561866760254 0.96247279644012 0
			vertex 12.548732757568 0.95369672775269 0.19799999892712
		endloop
	endfacet
	facet normal 0.55557936535473 0.83146351019876 0
		outer loop
			vertex 12.180732727051 0.96247279644012 0.19799999892712
			vertex 12.193866729736 0.95369672775269 0
			vertex 12.180732727051 0.96247279644012 0
		endloop
	endfacet
	facet normal 0.19508493163156 0.98078635260199 0
		outer loop
			vertex 12.193866729736 0.95369672775269 0.19799999892712
			vertex 12.209360122681 0.95061498880386 0
			vertex 12.193866729736 0.95369672775269 0
		endloop
	endfacet
	facet normal 0.55557936535473 0.83146351019876 0
		outer loop
			vertex 12.180732727051 0.96247279644012 0.19799999892712
			vertex 12.193866729736 0.95369672775269 0.19799999892712
			vertex 12.193866729736 0.95369672775269 0
		endloop
	endfacet
	facet normal 0.19508493163156 0.98078635260199 0
		outer loop
			vertex 12.193866729736 0.95369672775269 0.19799999892712
			vertex 12.209360122681 0.95061498880386 0.19799999892712
			vertex 12.209360122681 0.95061498880386 0
		endloop
	endfacet
	facet normal 0 -0 -1
		outer loop
			vertex 12.20264339447 0.98438310623169 0.19799999892712
			vertex 12.209360122681 0.95061498880386 0.19799999892712
			vertex 12.193866729736 0.95369672775269 0.19799999892712
		endloop
	endfacet
	facet normal 0 0 -1
		outer loop
			vertex 12.20264339447 0.98438310623169 0.19799999892712
			vertex 12.193866729736 0.95369672775269 0.19799999892712
			vertex 12.180732727051 0.96247279644012 0.19799999892712
		endloop
	endfacet
	facet normal 0 0 -1
		outer loop
			vertex 12.209360122681 1.0285130739212 0.19799999892712
			vertex 12.224852561951 0.95448821783066 0.19799999892712
			vertex 12.209360122681 0.95061498880386 0.19799999892712
		endloop
	endfacet
	facet normal 0 0 -1
		outer loop
			vertex 12.209360122681 1.0285130739212 0.19799999892712
			vertex 12.210018157959 1.028311252594 0.19799999892712
			vertex 12.224852561951 0.95448821783066 0.19799999892712
		endloop
	endfacet
	facet normal 0 -0 -1
		outer loop
			vertex 12.209360122681 1.0285130739212 0.19799999892712
			vertex 12.209360122681 0.95061498880386 0.19799999892712
			vertex 12.20264339447 0.98438310623169 0.19799999892712
		endloop
	endfacet
	facet normal 0.83145073852668 0.55559847858273 0
		outer loop
			vertex 12.063996315002 1.0835670232773 0.19799999892712
			vertex 12.072772979736 1.0704327821732 0
			vertex 12.063996315002 1.0835670232773 0
		endloop
	endfacet
	facet normal 0.98079054452663 0.19506385561439 0
		outer loop
			vertex 12.060914993286 1.0990600585938 0.19799999892712
			vertex 12.063996315002 1.0835670232773 0
			vertex 12.060914993286 1.0990600585938 0
		endloop
	endfacet
	facet normal 0.83145073852668 0.55559847858273 0
		outer loop
			vertex 12.063996315002 1.0835670232773 0.19799999892712
			vertex 12.072772979736 1.0704327821732 0.19799999892712
			vertex 12.072772979736 1.0704327821732 0
		endloop
	endfacet
	facet normal 0.98079054452663 0.19506385561439 0
		outer loop
			vertex 12.060914993286 1.0990600585938 0.19799999892712
			vertex 12.063996315002 1.0835670232773 0.19799999892712
			vertex 12.063996315002 1.0835670232773 0
		endloop
	endfacet
	facet normal 0 0 -1
		outer loop
			vertex 12.060914993286 1.0990600585938 0.19799999892712
			vertex 12.072772979736 1.0704327821732 0.19799999892712
			vertex 12.063996315002 1.0835670232773 0.19799999892712
		endloop
	endfacet
	facet normal 0 0 -1
		outer loop
			vertex 12.060914993286 1.0990600585938 0.19799999892712
			vertex 12.101400375366 1.0990600585938 0.19799999892712
			vertex 12.072772979736 1.0704327821732 0.19799999892712
		endloop
	endfacet
	facet normal 0.98079025737698 -0.19506529941122 0
		outer loop
			vertex 12.063996315002 1.4384329319 0.19799999892712
			vertex 12.060914993286 1.4229400157928 0
			vertex 12.063996315002 1.4384329319 0
		endloop
	endfacet
	facet normal 0.83145073852668 -0.55559847858273 0
		outer loop
			vertex 12.072772979736 1.4515671730042 0.19799999892712
			vertex 12.063996315002 1.4384329319 0
			vertex 12.072772979736 1.4515671730042 0
		endloop
	endfacet
	facet normal 0.98079025737698 -0.19506529941122 0
		outer loop
			vertex 12.063996315002 1.4384329319 0.19799999892712
			vertex 12.060914993286 1.4229400157928 0.19799999892712
			vertex 12.060914993286 1.4229400157928 0
		endloop
	endfacet
	facet normal 0.83145073852668 -0.55559847858273 0
		outer loop
			vertex 12.072772979736 1.4515671730042 0.19799999892712
			vertex 12.063996315002 1.4384329319 0.19799999892712
			vertex 12.063996315002 1.4384329319 0
		endloop
	endfacet
	facet normal 0 0 -1
		outer loop
			vertex 12.072772979736 1.4515671730042 0.19799999892712
			vertex 12.067078590393 1.4229400157928 0.19799999892712
			vertex 12.063996315002 1.4384329319 0.19799999892712
		endloop
	endfacet
	facet normal 0 -0 -1
		outer loop
			vertex 12.063996315002 1.4384329319 0.19799999892712
			vertex 12.063996315002 1.4106130599976 0.19799999892712
			vertex 12.060914993286 1.4229400157928 0.19799999892712
		endloop
	endfacet
	facet normal 0 0 -1
		outer loop
			vertex 12.063996315002 1.4384329319 0.19799999892712
			vertex 12.067078590393 1.4229400157928 0.19799999892712
			vertex 12.063996315002 1.4106130599976 0.19799999892712
		endloop
	endfacet
	facet normal 0 -0 -1
		outer loop
			vertex 12.072772979736 1.4515671730042 0.19799999892712
			vertex 12.095303535461 1.4290367364883 0.19799999892712
			vertex 12.067078590393 1.4229400157928 0.19799999892712
		endloop
	endfacet
	facet normal 0 -0 -1
		outer loop
			vertex 12.095303535461 1.4290367364883 0.19799999892712
			vertex 12.138813018799 1.4229400157928 0.19799999892712
			vertex 12.067078590393 1.4229400157928 0.19799999892712
		endloop
	endfacet
	facet normal 0.55557936535473 -0.83146351019876 0
		outer loop
			vertex 12.193866729736 1.5683032274246 0.19799999892712
			vertex 12.180732727051 1.5595271587372 0
			vertex 12.193866729736 1.5683032274246 0
		endloop
	endfacet
	facet normal 0.19508856121121 -0.98078563064746 0
		outer loop
			vertex 12.209360122681 1.5713850259781 0.19799999892712
			vertex 12.193866729736 1.5683032274246 0
			vertex 12.209360122681 1.5713850259781 0
		endloop
	endfacet
	facet normal 0.55557936535473 -0.83146351019876 0
		outer loop
			vertex 12.193866729736 1.5683032274246 0.19799999892712
			vertex 12.180732727051 1.5595271587372 0.19799999892712
			vertex 12.180732727051 1.5595271587372 0
		endloop
	endfacet
	facet normal 0.19508856121121 -0.98078563064746 0
		outer loop
			vertex 12.193866729736 1.5683032274246 0.19799999892712
			vertex 12.193866729736 1.5683032274246 0
			vertex 12.209360122681 1.5713850259781 0.19799999892712
		endloop
	endfacet
	facet normal 0 0 -1
		outer loop
			vertex 12.180732727051 1.5595271587372 0.19799999892712
			vertex 12.209360122681 1.5713850259781 0.19799999892712
			vertex 12.219541549683 1.5207183361053 0.19799999892712
		endloop
	endfacet
	facet normal 0 -0 -1
		outer loop
			vertex 12.193866729736 1.5683032274246 0.19799999892712
			vertex 12.209360122681 1.5713850259781 0.19799999892712
			vertex 12.180732727051 1.5595271587372 0.19799999892712
		endloop
	endfacet
	facet normal -0.19510011325304 -0.98078333275431 -0
		outer loop
			vertex 12.548732757568 1.5683032274246 0.19799999892712
			vertex 12.533240318298 1.5713850259781 0
			vertex 12.548732757568 1.5683032274246 0
		endloop
	endfacet
	facet normal -0.19510011325304 -0.98078333275431 -0
		outer loop
			vertex 12.533240318298 1.5713850259781 0.19799999892712
			vertex 12.533240318298 1.5713850259781 0
			vertex 12.548732757568 1.5683032274246 0.19799999892712
		endloop
	endfacet
	facet normal -0.55557936535473 -0.83146351019876 -0
		outer loop
			vertex 12.548732757568 1.5683032274246 0.19799999892712
			vertex 12.548732757568 1.5683032274246 0
			vertex 12.561866760254 1.5595271587372 0.19799999892712
		endloop
	endfacet
	facet normal 0 0 -1
		outer loop
			vertex 12.533240318298 1.5713850259781 0.19799999892712
			vertex 12.539957046509 1.5376168489456 0.19799999892712
			vertex 12.533240318298 1.4934868812561 0.19799999892712
		endloop
	endfacet
	facet normal 0 0 -1
		outer loop
			vertex 12.539957046509 1.5376168489456 0.19799999892712
			vertex 12.548732757568 1.5683032274246 0.19799999892712
			vertex 12.561866760254 1.5595271587372 0.19799999892712
		endloop
	endfacet
	facet normal 0 0 -1
		outer loop
			vertex 12.533240318298 1.5713850259781 0.19799999892712
			vertex 12.548732757568 1.5683032274246 0.19799999892712
			vertex 12.539957046509 1.5376168489456 0.19799999892712
		endloop
	endfacet
	facet normal -0.55557936535473 -0.83146351019876 -0
		outer loop
			vertex 12.561866760254 1.5595271587372 0.19799999892712
			vertex 12.548732757568 1.5683032274246 0
			vertex 12.561866760254 1.5595271587372 0
		endloop
	endfacet
	facet normal -0.98077870533518 -0.19512337420475 -0
		outer loop
			vertex 12.681685447693 1.4229400157928 0.19799999892712
			vertex 12.678603172302 1.4384329319 0
			vertex 12.681685447693 1.4229400157928 0
		endloop
	endfacet
	facet normal -0.83147862717407 -0.55555674107396 -0
		outer loop
			vertex 12.678603172302 1.4384329319 0.19799999892712
			vertex 12.669827461243 1.4515671730042 0
			vertex 12.678603172302 1.4384329319 0
		endloop
	endfacet
	facet normal -0.98077870533518 -0.19512337420475 -0
		outer loop
			vertex 12.678603172302 1.4384329319 0.19799999892712
			vertex 12.678603172302 1.4384329319 0
			vertex 12.681685447693 1.4229400157928 0.19799999892712
		endloop
	endfacet
	facet normal -0.83147862717407 -0.55555674107396 -0
		outer loop
			vertex 12.669827461243 1.4515671730042 0.19799999892712
			vertex 12.669827461243 1.4515671730042 0
			vertex 12.678603172302 1.4384329319 0.19799999892712
		endloop
	endfacet
	facet normal 0 0 -1
		outer loop
			vertex 12.641200065613 1.4229400157928 0.19799999892712
			vertex 12.669827461243 1.4515671730042 0.19799999892712
			vertex 12.681685447693 1.4229400157928 0.19799999892712
		endloop
	endfacet
	facet normal 0 0 -1
		outer loop
			vertex 12.669827461243 1.4515671730042 0.19799999892712
			vertex 12.678603172302 1.4384329319 0.19799999892712
			vertex 12.681685447693 1.4229400157928 0.19799999892712
		endloop
	endfacet
	facet normal -0.19509285368989 0.98078477681861 0
		outer loop
			vertex 12.641200065613 1.2205150127411 0.19799999892712
			vertex 12.656692504883 1.2235966920853 0
			vertex 12.641200065613 1.2205150127411 0
		endloop
	endfacet
	facet normal -0.55555147727905 0.83148214418174 0
		outer loop
			vertex 12.656692504883 1.2235966920853 0.19799999892712
			vertex 12.669827461243 1.2323727607727 0
			vertex 12.656692504883 1.2235966920853 0
		endloop
	endfacet
	facet normal -0.83147862717407 0.55555674107396 0
		outer loop
			vertex 12.669827461243 1.2323727607727 0.19799999892712
			vertex 12.678603172302 1.2455070018768 0
			vertex 12.669827461243 1.2323727607727 0
		endloop
	endfacet
	facet normal -0.98077899265245 0.19512193001209 0
		outer loop
			vertex 12.678603172302 1.2455070018768 0.19799999892712
			vertex 12.681685447693 1.2610000371933 0
			vertex 12.678603172302 1.2455070018768 0
		endloop
	endfacet
	facet normal -0.19509285368989 0.98078477681861 0
		outer loop
			vertex 12.641200065613 1.2205150127411 0.19799999892712
			vertex 12.656692504883 1.2235966920853 0.19799999892712
			vertex 12.656692504883 1.2235966920853 0
		endloop
	endfacet
	facet normal -0.55555147727905 0.83148214418174 0
		outer loop
			vertex 12.669827461243 1.2323727607727 0.19799999892712
			vertex 12.669827461243 1.2323727607727 0
			vertex 12.656692504883 1.2235966920853 0.19799999892712
		endloop
	endfacet
	facet normal -0.83147862717407 0.55555674107396 0
		outer loop
			vertex 12.678603172302 1.2455070018768 0.19799999892712
			vertex 12.678603172302 1.2455070018768 0
			vertex 12.669827461243 1.2323727607727 0.19799999892712
		endloop
	endfacet
	facet normal -0.98077899265245 0.19512193001209 0
		outer loop
			vertex 12.681685447693 1.2610000371933 0.19799999892712
			vertex 12.681685447693 1.2610000371933 0
			vertex 12.678603172302 1.2455070018768 0.19799999892712
		endloop
	endfacet
	facet normal 0 0 -1
		outer loop
			vertex 12.641200065613 1.2610000371933 0.19799999892712
			vertex 12.664133071899 1.2610000371933 0.19799999892712
			vertex 12.641200065613 1.2205150127411 0.19799999892712
		endloop
	endfacet
	facet normal 0 -0 -1
		outer loop
			vertex 12.664133071899 1.2610000371933 0.19799999892712
			vertex 12.669827461243 1.2323727607727 0.19799999892712
			vertex 12.656692504883 1.2235966920853 0.19799999892712
		endloop
	endfacet
	facet normal 0 0 -1
		outer loop
			vertex 12.641200065613 1.2205150127411 0.19799999892712
			vertex 12.664133071899 1.2610000371933 0.19799999892712
			vertex 12.656692504883 1.2235966920853 0.19799999892712
		endloop
	endfacet
	facet normal 0 -0 -1
		outer loop
			vertex 12.669827461243 1.2847155332565 0.19799999892712
			vertex 12.669827461243 1.2323727607727 0.19799999892712
			vertex 12.664133071899 1.2610000371933 0.19799999892712
		endloop
	endfacet
	facet normal 0 0 -1
		outer loop
			vertex 12.669827461243 1.2847155332565 0.19799999892712
			vertex 12.678603172302 1.2455070018768 0.19799999892712
			vertex 12.669827461243 1.2323727607727 0.19799999892712
		endloop
	endfacet
	facet normal 0 0 -1
		outer loop
			vertex 12.669827461243 1.2847155332565 0.19799999892712
			vertex 12.681685447693 1.2610000371933 0.19799999892712
			vertex 12.678603172302 1.2455070018768 0.19799999892712
		endloop
	endfacet
	facet normal 0.83145073852668 0.55559847858273 0
		outer loop
			vertex 12.38787651062 1.2455070018768 0.19799999892712
			vertex 12.396653175354 1.2323727607727 0
			vertex 12.38787651062 1.2455070018768 0
		endloop
	endfacet
	facet normal 0.98079054452663 0.19506385561439 0
		outer loop
			vertex 12.384795188904 1.2610000371933 0.19799999892712
			vertex 12.38787651062 1.2455070018768 0
			vertex 12.384795188904 1.2610000371933 0
		endloop
	endfacet
	facet normal 0.55557936535473 0.83146351019876 0
		outer loop
			vertex 12.396653175354 1.2323727607727 0.19799999892712
			vertex 12.40978717804 1.2235966920853 0
			vertex 12.396653175354 1.2323727607727 0
		endloop
	endfacet
	facet normal 0.19509285368989 0.98078477681861 0
		outer loop
			vertex 12.40978717804 1.2235966920853 0.19799999892712
			vertex 12.42527961731 1.2205150127411 0
			vertex 12.40978717804 1.2235966920853 0
		endloop
	endfacet
	facet normal 0.83145073852668 0.55559847858273 0
		outer loop
			vertex 12.38787651062 1.2455070018768 0.19799999892712
			vertex 12.396653175354 1.2323727607727 0.19799999892712
			vertex 12.396653175354 1.2323727607727 0
		endloop
	endfacet
	facet normal 0.98079054452663 0.19506385561439 0
		outer loop
			vertex 12.384795188904 1.2610000371933 0.19799999892712
			vertex 12.38787651062 1.2455070018768 0.19799999892712
			vertex 12.38787651062 1.2455070018768 0
		endloop
	endfacet
	facet normal 0.19509285368989 0.98078477681861 0
		outer loop
			vertex 12.40978717804 1.2235966920853 0.19799999892712
			vertex 12.42527961731 1.2205150127411 0.19799999892712
			vertex 12.42527961731 1.2205150127411 0
		endloop
	endfacet
	facet normal 0.55557936535473 0.83146351019876 0
		outer loop
			vertex 12.396653175354 1.2323727607727 0.19799999892712
			vertex 12.40978717804 1.2235966920853 0.19799999892712
			vertex 12.40978717804 1.2235966920853 0
		endloop
	endfacet
	facet normal 0 0 -1
		outer loop
			vertex 12.38787651062 1.2764929533005 0.19799999892712
			vertex 12.396653175354 1.2323727607727 0.19799999892712
			vertex 12.38787651062 1.2455070018768 0.19799999892712
		endloop
	endfacet
	facet normal 0 0 -1
		outer loop
			vertex 12.396653175354 1.2896271944046 0.19799999892712
			vertex 12.40978717804 1.2235966920853 0.19799999892712
			vertex 12.396653175354 1.2323727607727 0.19799999892712
		endloop
	endfacet
	facet normal 0 0 -1
		outer loop
			vertex 12.40978717804 1.298403263092 0.19799999892712
			vertex 12.42527961731 1.2205150127411 0.19799999892712
			vertex 12.40978717804 1.2235966920853 0.19799999892712
		endloop
	endfacet
	facet normal 0.98079025737698 -0.19506529941122 0
		outer loop
			vertex 12.38787651062 1.2764929533005 0.19799999892712
			vertex 12.384795188904 1.2610000371933 0
			vertex 12.38787651062 1.2764929533005 0
		endloop
	endfacet
	facet normal 0.83145073852668 -0.55559847858273 0
		outer loop
			vertex 12.396653175354 1.2896271944046 0.19799999892712
			vertex 12.38787651062 1.2764929533005 0
			vertex 12.396653175354 1.2896271944046 0
		endloop
	endfacet
	facet normal 0.55557936535473 -0.83146351019876 0
		outer loop
			vertex 12.40978717804 1.298403263092 0.19799999892712
			vertex 12.396653175354 1.2896271944046 0
			vertex 12.40978717804 1.298403263092 0
		endloop
	endfacet
	facet normal 0.19509285368989 -0.98078477681861 0
		outer loop
			vertex 12.42527961731 1.3014849424362 0.19799999892712
			vertex 12.40978717804 1.298403263092 0
			vertex 12.42527961731 1.3014849424362 0
		endloop
	endfacet
	facet normal 0.98079025737698 -0.19506529941122 0
		outer loop
			vertex 12.38787651062 1.2764929533005 0.19799999892712
			vertex 12.384795188904 1.2610000371933 0.19799999892712
			vertex 12.384795188904 1.2610000371933 0
		endloop
	endfacet
	facet normal 0.83145073852668 -0.55559847858273 0
		outer loop
			vertex 12.396653175354 1.2896271944046 0.19799999892712
			vertex 12.38787651062 1.2764929533005 0.19799999892712
			vertex 12.38787651062 1.2764929533005 0
		endloop
	endfacet
	facet normal 0.55557936535473 -0.83146351019876 0
		outer loop
			vertex 12.396653175354 1.2896271944046 0.19799999892712
			vertex 12.396653175354 1.2896271944046 0
			vertex 12.40978717804 1.298403263092 0.19799999892712
		endloop
	endfacet
	facet normal 0.19509285368989 -0.98078477681861 0
		outer loop
			vertex 12.42527961731 1.3014849424362 0.19799999892712
			vertex 12.40978717804 1.298403263092 0.19799999892712
			vertex 12.40978717804 1.298403263092 0
		endloop
	endfacet
	facet normal 0 -0 -1
		outer loop
			vertex 12.396653175354 1.2896271944046 0.19799999892712
			vertex 12.396653175354 1.2323727607727 0.19799999892712
			vertex 12.38787651062 1.2764929533005 0.19799999892712
		endloop
	endfacet
	facet normal 0 -0 -1
		outer loop
			vertex 12.38787651062 1.2764929533005 0.19799999892712
			vertex 12.38787651062 1.2455070018768 0.19799999892712
			vertex 12.384795188904 1.2610000371933 0.19799999892712
		endloop
	endfacet
	facet normal 0 0 -1
		outer loop
			vertex 12.396653175354 1.2896271944046 0.19799999892712
			vertex 12.40978717804 1.298403263092 0.19799999892712
			vertex 12.40978717804 1.2235966920853 0.19799999892712
		endloop
	endfacet
	facet normal 0 -0 -1
		outer loop
			vertex 12.42527961731 1.3014849424362 0.19799999892712
			vertex 12.42527961731 1.2205150127411 0.19799999892712
			vertex 12.40978717804 1.298403263092 0.19799999892712
		endloop
	endfacet
	facet normal 0.70710443883099 0.70710912353434 0
		outer loop
			vertex 12.720532417297 1.0704327821732 0.19799999892712
			vertex 12.828493118286 0.96247279644012 0.19799999892712
			vertex 12.828493118286 0.96247279644012 0
		endloop
	endfacet
	facet normal 0.70710443883099 0.70710912353434 0
		outer loop
			vertex 12.720532417297 1.0704327821732 0.19799999892712
			vertex 12.828493118286 0.96247279644012 0
			vertex 12.720532417297 1.0704327821732 0
		endloop
	endfacet
	facet normal -0.70710853543918 -0.70710502692957 -0
		outer loop
			vertex 12.777787208557 1.1276872158051 0.19799999892712
			vertex 12.777787208557 1.1276872158051 0
			vertex 12.873888969421 1.0315849781036 0.19799999892712
		endloop
	endfacet
	facet normal 0 0 -1
		outer loop
			vertex 12.749159812927 1.0616468191147 0.19799999892712
			vertex 12.850402832031 0.98438310623169 0.19799999892712
			vertex 12.828493118286 0.96247279644012 0.19799999892712
		endloop
	endfacet
	facet normal 0 0 -1
		outer loop
			vertex 12.720532417297 1.0704327821732 0.19799999892712
			vertex 12.749159812927 1.0616468191147 0.19799999892712
			vertex 12.828493118286 0.96247279644012 0.19799999892712
		endloop
	endfacet
	facet normal 0 -0 -1
		outer loop
			vertex 12.755876541138 1.1057769060135 0.19799999892712
			vertex 12.857119560242 1.0285130739212 0.19799999892712
			vertex 12.749159812927 1.0616468191147 0.19799999892712
		endloop
	endfacet
	facet normal 0 -0 -1
		outer loop
			vertex 12.777787208557 1.1276872158051 0.19799999892712
			vertex 12.857119560242 1.0285130739212 0.19799999892712
			vertex 12.755876541138 1.1057769060135 0.19799999892712
		endloop
	endfacet
	facet normal -0.70710853543918 -0.70710502692957 -0
		outer loop
			vertex 12.873888969421 1.0315849781036 0.19799999892712
			vertex 12.777787208557 1.1276872158051 0
			vertex 12.873888969421 1.0315849781036 0
		endloop
	endfacet
	facet normal 0 0 -1
		outer loop
			vertex 12.749159812927 1.0616468191147 0.19799999892712
			vertex 12.857119560242 1.0285130739212 0.19799999892712
			vertex 12.850402832031 0.98438310623169 0.19799999892712
		endloop
	endfacet
	facet normal 0 0 -1
		outer loop
			vertex 12.777787208557 1.1276872158051 0.19799999892712
			vertex 12.873888969421 1.0315849781036 0.19799999892712
			vertex 12.85777759552 1.028311252594 0.19799999892712
		endloop
	endfacet
	facet normal 0 0 -1
		outer loop
			vertex 12.777787208557 1.1276872158051 0.19799999892712
			vertex 12.85777759552 1.028311252594 0.19799999892712
			vertex 12.857119560242 1.0285130739212 0.19799999892712
		endloop
	endfacet
	facet normal 0 0 -1
		outer loop
			vertex 12.85777759552 1.028311252594 0.19799999892712
			vertex 12.873888969421 1.0315849781036 0.19799999892712
			vertex 12.879479408264 1.0259951353073 0.19799999892712
		endloop
	endfacet
	facet normal 0 0 -1
		outer loop
			vertex 12.85777759552 1.028311252594 0.19799999892712
			vertex 12.879479408264 1.0259951353073 0.19799999892712
			vertex 12.872612953186 0.95448821783066 0.19799999892712
		endloop
	endfacet
	facet normal 0 1 0
		outer loop
			vertex 12.857119560242 0.95061498880386 0.19799999892712
			vertex 13.180999755859 0.95061498880386 0
			vertex 12.857119560242 0.95061498880386 0
		endloop
	endfacet
	facet normal 0 -1 0
		outer loop
			vertex 12.873888969421 1.0315849781036 0.19799999892712
			vertex 12.873888969421 1.0315849781036 0
			vertex 13.16423034668 1.0315849781036 0.19799999892712
		endloop
	endfacet
	facet normal 0 -1 -0
		outer loop
			vertex 13.16423034668 1.0315849781036 0.19799999892712
			vertex 12.873888969421 1.0315849781036 0
			vertex 13.16423034668 1.0315849781036 0
		endloop
	endfacet
	facet normal 0 0 -1
		outer loop
			vertex 12.857119560242 0.95061498880386 0.19799999892712
			vertex 12.872612953186 0.95448821783066 0.19799999892712
			vertex 13.180999755859 0.95061498880386 0.19799999892712
		endloop
	endfacet
	facet normal 0 -0 -1
		outer loop
			vertex 12.879479408264 1.0259951353073 0.19799999892712
			vertex 13.180999755859 0.95061498880386 0.19799999892712
			vertex 12.872612953186 0.95448821783066 0.19799999892712
		endloop
	endfacet
	facet normal 0 0 -1
		outer loop
			vertex 12.873888969421 1.0315849781036 0.19799999892712
			vertex 13.16423034668 1.0315849781036 0.19799999892712
			vertex 12.879479408264 1.0259951353073 0.19799999892712
		endloop
	endfacet
	facet normal -0 1 0
		outer loop
			vertex 12.857119560242 0.95061498880386 0.19799999892712
			vertex 13.180999755859 0.95061498880386 0.19799999892712
			vertex 13.180999755859 0.95061498880386 0
		endloop
	endfacet
	facet normal 0 0 -1
		outer loop
			vertex 12.879479408264 1.0259951353073 0.19799999892712
			vertex 13.180999755859 0.99110001325607 0.19799999892712
			vertex 13.180999755859 0.95061498880386 0.19799999892712
		endloop
	endfacet
	facet normal 0 -0 -1
		outer loop
			vertex 13.16423034668 1.0315849781036 0.19799999892712
			vertex 13.180999755859 0.99110001325607 0.19799999892712
			vertex 12.879479408264 1.0259951353073 0.19799999892712
		endloop
	endfacet
	facet normal 0.70710578060315 -0.70710778176853 0
		outer loop
			vertex 13.248475074768 1.1158294677734 0.19799999892712
			vertex 13.16423034668 1.0315849781036 0.19799999892712
			vertex 13.16423034668 1.0315849781036 0
		endloop
	endfacet
	facet normal -0.70710756197346 0.70710600039878 0
		outer loop
			vertex 13.209627151489 0.96247279644012 0.19799999892712
			vertex 13.317586898804 1.0704327821732 0.19799999892712
			vertex 13.209627151489 0.96247279644012 0
		endloop
	endfacet
	facet normal 0.70710578060315 -0.70710778176853 0
		outer loop
			vertex 13.248475074768 1.1158294677734 0.19799999892712
			vertex 13.16423034668 1.0315849781036 0
			vertex 13.248475074768 1.1158294677734 0
		endloop
	endfacet
	facet normal -0.70710756197346 0.70710600039878 0
		outer loop
			vertex 13.317586898804 1.0704327821732 0.19799999892712
			vertex 13.317586898804 1.0704327821732 0
			vertex 13.209627151489 0.96247279644012 0
		endloop
	endfacet
	facet normal 0 0 -1
		outer loop
			vertex 13.180999755859 0.99110001325607 0.19799999892712
			vertex 13.249683380127 1.0929869413376 0.19799999892712
			vertex 13.209627151489 0.96247279644012 0.19799999892712
		endloop
	endfacet
	facet normal 0 0 -1
		outer loop
			vertex 13.16423034668 1.0315849781036 0.19799999892712
			vertex 13.249683380127 1.0929869413376 0.19799999892712
			vertex 13.180999755859 0.99110001325607 0.19799999892712
		endloop
	endfacet
	facet normal 0 -0 -1
		outer loop
			vertex 13.248475074768 1.1158294677734 0.19799999892712
			vertex 13.251546859741 1.0990600585938 0.19799999892712
			vertex 13.16423034668 1.0315849781036 0.19799999892712
		endloop
	endfacet
	facet normal 0 0 -1
		outer loop
			vertex 13.16423034668 1.0315849781036 0.19799999892712
			vertex 13.251546859741 1.0990600585938 0.19799999892712
			vertex 13.249683380127 1.0929869413376 0.19799999892712
		endloop
	endfacet
	facet normal 0 0 -1
		outer loop
			vertex 13.209627151489 0.96247279644012 0.19799999892712
			vertex 13.249683380127 1.0929869413376 0.19799999892712
			vertex 13.291007041931 1.0970129966736 0.19799999892712
		endloop
	endfacet
	facet normal 0 0 -1
		outer loop
			vertex 13.209627151489 0.96247279644012 0.19799999892712
			vertex 13.291007041931 1.0970129966736 0.19799999892712
			vertex 13.317586898804 1.0704327821732 0.19799999892712
		endloop
	endfacet
	facet normal 0 0 -1
		outer loop
			vertex 13.248475074768 1.1158294677734 0.19799999892712
			vertex 13.256916999817 1.1242713928223 0.19799999892712
			vertex 13.251546859741 1.0990600585938 0.19799999892712
		endloop
	endfacet
	facet normal 1 0 0
		outer loop
			vertex 13.248475074768 1.1840977668762 0.19799999892712
			vertex 13.248475074768 1.1158294677734 0
			vertex 13.248475074768 1.1840977668762 0
		endloop
	endfacet
	facet normal 1 0 0
		outer loop
			vertex 13.248475074768 1.1840977668762 0.19799999892712
			vertex 13.248475074768 1.1158294677734 0.19799999892712
			vertex 13.248475074768 1.1158294677734 0
		endloop
	endfacet
	facet normal 0 0 -1
		outer loop
			vertex 13.248475074768 1.1840977668762 0.19799999892712
			vertex 13.256916999817 1.1242713928223 0.19799999892712
			vertex 13.248475074768 1.1158294677734 0.19799999892712
		endloop
	endfacet
	facet normal 0 0 -1
		outer loop
			vertex 13.248475074768 1.1840977668762 0.19799999892712
			vertex 13.270966529846 1.1770311594009 0.19799999892712
			vertex 13.256916999817 1.1242713928223 0.19799999892712
		endloop
	endfacet
	facet normal 0 -0 -1
		outer loop
			vertex 13.256916999817 1.1242713928223 0.19799999892712
			vertex 13.297013282776 1.0990600585938 0.19799999892712
			vertex 13.251546859741 1.0990600585938 0.19799999892712
		endloop
	endfacet
	facet normal 0 -0 -1
		outer loop
			vertex 13.273467063904 1.1736972332001 0.19799999892712
			vertex 13.297013282776 1.0990600585938 0.19799999892712
			vertex 13.256916999817 1.1242713928223 0.19799999892712
		endloop
	endfacet
	facet normal 0 0 -1
		outer loop
			vertex 13.273467063904 1.1736972332001 0.19799999892712
			vertex 13.304452896118 1.1323827505112 0.19799999892712
			vertex 13.297013282776 1.0990600585938 0.19799999892712
		endloop
	endfacet
	facet normal 0 -0 -1
		outer loop
			vertex 13.270966529846 1.1770311594009 0.19799999892712
			vertex 13.273467063904 1.1736972332001 0.19799999892712
			vertex 13.256916999817 1.1242713928223 0.19799999892712
		endloop
	endfacet
	facet normal 0 -0 -1
		outer loop
			vertex 13.288960456848 1.2070200443268 0.19799999892712
			vertex 13.304452896118 1.1323827505112 0.19799999892712
			vertex 13.273467063904 1.1736972332001 0.19799999892712
		endloop
	endfacet
	facet normal 0 0 -1
		outer loop
			vertex 13.288960456848 1.2070200443268 0.19799999892712
			vertex 13.329444885254 1.2070200443268 0.19799999892712
			vertex 13.304452896118 1.1323827505112 0.19799999892712
		endloop
	endfacet
	facet normal 0 -0 -1
		outer loop
			vertex 13.329444885254 1.2070200443268 0.19799999892712
			vertex 13.329444885254 1.0990600585938 0.19799999892712
			vertex 13.304452896118 1.1323827505112 0.19799999892712
		endloop
	endfacet
	facet normal 0 0 -1
		outer loop
			vertex 13.288960456848 1.2070200443268 0.19799999892712
			vertex 13.273467063904 1.1736972332001 0.19799999892712
			vertex 13.276134490967 1.185644030571 0.19799999892712
		endloop
	endfacet
	facet normal -1 0 0
		outer loop
			vertex 13.329444885254 1.0990600585938 0.19799999892712
			vertex 13.329444885254 1.2070200443268 0
			vertex 13.329444885254 1.0990600585938 0
		endloop
	endfacet
	facet normal -1 -0 -0
		outer loop
			vertex 13.329444885254 1.2070200443268 0.19799999892712
			vertex 13.329444885254 1.2070200443268 0
			vertex 13.329444885254 1.0990600585938 0.19799999892712
		endloop
	endfacet
	facet normal -0.85707546579913 0.51519088299891 0
		outer loop
			vertex 13.309412956238 1.2411088943481 0.19799999892712
			vertex 13.309789657593 1.2417355775833 0
			vertex 13.309412956238 1.2411088943481 0
		endloop
	endfacet
	facet normal -0.85707546579913 0.51519088299891 0
		outer loop
			vertex 13.309789657593 1.2417355775833 0.19799999892712
			vertex 13.309789657593 1.2417355775833 0
			vertex 13.309412956238 1.2411088943481 0.19799999892712
		endloop
	endfacet
	facet normal 0 0 -1
		outer loop
			vertex 13.248475074768 1.1840977668762 0.19799999892712
			vertex 13.276134490967 1.185644030571 0.19799999892712
			vertex 13.270966529846 1.1770311594009 0.19799999892712
		endloop
	endfacet
	facet normal 0 0 -1
		outer loop
			vertex 13.305981636047 1.2434020042419 0.19799999892712
			vertex 13.309789657593 1.2417355775833 0.19799999892712
			vertex 13.309412956238 1.2411088943481 0.19799999892712
		endloop
	endfacet
	facet normal 0.85769436333216 -0.51415987699182 0
		outer loop
			vertex 12.728706359863 1.4968111515045 0.19799999892712
			vertex 12.728330612183 1.4961843490601 0
			vertex 12.728706359863 1.4968111515045 0
		endloop
	endfacet
	facet normal 0.85769436333216 -0.51415987699182 0
		outer loop
			vertex 12.728706359863 1.4968111515045 0.19799999892712
			vertex 12.728330612183 1.4961843490601 0.19799999892712
			vertex 12.728330612183 1.4961843490601 0
		endloop
	endfacet
	facet normal 0 -0 -1
		outer loop
			vertex 12.728706359863 1.4968111515045 0.19799999892712
			vertex 12.732138633728 1.4945180416107 0.19799999892712
			vertex 12.728330612183 1.4961843490601 0.19799999892712
		endloop
	endfacet
	facet normal 0 0 -1
		outer loop
			vertex 12.733667373657 1.493849158287 0.19799999892712
			vertex 12.743111610413 1.5208201408386 0.19799999892712
			vertex 12.866090774536 1.5079545974731 0.19799999892712
		endloop
	endfacet
	facet normal 0 -0 -1
		outer loop
			vertex 12.749159812927 1.5309000015259 0.19799999892712
			vertex 12.866090774536 1.5079545974731 0.19799999892712
			vertex 12.743111610413 1.5208201408386 0.19799999892712
		endloop
	endfacet
	facet normal 0.51449563982487 0.85749299507412 0
		outer loop
			vertex 12.728330612183 1.4961843490601 0.19799999892712
			vertex 13.248475074768 1.1840977668762 0
			vertex 12.728330612183 1.4961843490601 0
		endloop
	endfacet
	facet normal 0 0 -1
		outer loop
			vertex 12.728330612183 1.4961843490601 0.19799999892712
			vertex 12.732138633728 1.4945180416107 0.19799999892712
			vertex 13.248475074768 1.1840977668762 0.19799999892712
		endloop
	endfacet
	facet normal 0 0 -1
		outer loop
			vertex 12.732138633728 1.4945180416107 0.19799999892712
			vertex 12.733667373657 1.493849158287 0.19799999892712
			vertex 13.248475074768 1.1840977668762 0.19799999892712
		endloop
	endfacet
	facet normal 0 0 -1
		outer loop
			vertex 12.733667373657 1.493849158287 0.19799999892712
			vertex 12.866090774536 1.5079545974731 0.19799999892712
			vertex 12.895323753357 1.4904149770737 0.19799999892712
		endloop
	endfacet
	facet normal -0.5144955378098 -0.85749305628314 -0
		outer loop
			vertex 12.895323753357 1.4904149770737 0.19799999892712
			vertex 12.895323753357 1.4904149770737 0
			vertex 13.309789657593 1.2417355775833 0
		endloop
	endfacet
	facet normal 0 0 -1
		outer loop
			vertex 12.733667373657 1.493849158287 0.19799999892712
			vertex 12.895323753357 1.4904149770737 0.19799999892712
			vertex 13.296051979065 1.2188398838043 0.19799999892712
		endloop
	endfacet
	facet normal 0.51449563982487 0.85749299507412 0
		outer loop
			vertex 12.728330612183 1.4961843490601 0.19799999892712
			vertex 13.248475074768 1.1840977668762 0.19799999892712
			vertex 13.248475074768 1.1840977668762 0
		endloop
	endfacet
	facet normal -0.5144955378098 -0.85749305628314 0
		outer loop
			vertex 12.895323753357 1.4904149770737 0.19799999892712
			vertex 13.309789657593 1.2417355775833 0
			vertex 13.309789657593 1.2417355775833 0.19799999892712
		endloop
	endfacet
	facet normal 0 0 -1
		outer loop
			vertex 12.733667373657 1.493849158287 0.19799999892712
			vertex 13.288960456848 1.2070200443268 0.19799999892712
			vertex 13.276134490967 1.185644030571 0.19799999892712
		endloop
	endfacet
	facet normal 0 0 -1
		outer loop
			vertex 12.733667373657 1.493849158287 0.19799999892712
			vertex 13.276134490967 1.185644030571 0.19799999892712
			vertex 13.248475074768 1.1840977668762 0.19799999892712
		endloop
	endfacet
	facet normal 0 0 -1
		outer loop
			vertex 12.733667373657 1.493849158287 0.19799999892712
			vertex 13.296051979065 1.2188398838043 0.19799999892712
			vertex 13.288960456848 1.2070200443268 0.19799999892712
		endloop
	endfacet
	facet normal 0 0 -1
		outer loop
			vertex 12.895323753357 1.4904149770737 0.19799999892712
			vertex 13.305981636047 1.2434020042419 0.19799999892712
			vertex 13.296051979065 1.2188398838043 0.19799999892712
		endloop
	endfacet
	facet normal 0 0 -1
		outer loop
			vertex 12.895323753357 1.4904149770737 0.19799999892712
			vertex 13.309789657593 1.2417355775833 0.19799999892712
			vertex 13.305981636047 1.2434020042419 0.19799999892712
		endloop
	endfacet
	facet normal 0 0 -1
		outer loop
			vertex 12.749159812927 1.5713850259781 0.19799999892712
			vertex 12.866090774536 1.5079545974731 0.19799999892712
			vertex 12.749159812927 1.5309000015259 0.19799999892712
		endloop
	endfacet
	facet normal 0 -1 0
		outer loop
			vertex 12.749159812927 1.5713850259781 0.19799999892712
			vertex 12.749159812927 1.5713850259781 0
			vertex 13.288960456848 1.5713850259781 0.19799999892712
		endloop
	endfacet
	facet normal 0 1 0
		outer loop
			vertex 12.895323753357 1.4904149770737 0.19799999892712
			vertex 13.288960456848 1.4904149770737 0
			vertex 12.895323753357 1.4904149770737 0
		endloop
	endfacet
	facet normal 0 0 -1
		outer loop
			vertex 12.749159812927 1.5713850259781 0.19799999892712
			vertex 13.288960456848 1.5713850259781 0.19799999892712
			vertex 12.866090774536 1.5079545974731 0.19799999892712
		endloop
	endfacet
	facet normal 0 0 -1
		outer loop
			vertex 12.866090774536 1.5079545974731 0.19799999892712
			vertex 13.288960456848 1.5713850259781 0.19799999892712
			vertex 12.895323753357 1.4904149770737 0.19799999892712
		endloop
	endfacet
	facet normal 0 -1 -0
		outer loop
			vertex 13.288960456848 1.5713850259781 0.19799999892712
			vertex 12.749159812927 1.5713850259781 0
			vertex 13.288960456848 1.5713850259781 0
		endloop
	endfacet
	facet normal -0 1 0
		outer loop
			vertex 12.895323753357 1.4904149770737 0.19799999892712
			vertex 13.288960456848 1.4904149770737 0.19799999892712
			vertex 13.288960456848 1.4904149770737 0
		endloop
	endfacet
	facet normal 0 0 -1
		outer loop
			vertex 12.895323753357 1.4904149770737 0.19799999892712
			vertex 13.288960456848 1.5713850259781 0.19799999892712
			vertex 13.288960456848 1.4904149770737 0.19799999892712
		endloop
	endfacet
	facet normal 0.83147862717407 0.55555674107396 0
		outer loop
			vertex 12.711756706238 1.0835670232773 0.19799999892712
			vertex 12.720532417297 1.0704327821732 0
			vertex 12.711756706238 1.0835670232773 0
		endloop
	endfacet
	facet normal 0.98079054452663 0.19506385561439 0
		outer loop
			vertex 12.708675384521 1.0990600585938 0.19799999892712
			vertex 12.711756706238 1.0835670232773 0
			vertex 12.708675384521 1.0990600585938 0
		endloop
	endfacet
	facet normal 0.98079054452663 0.19506385561439 0
		outer loop
			vertex 12.708675384521 1.0990600585938 0.19799999892712
			vertex 12.711756706238 1.0835670232773 0.19799999892712
			vertex 12.711756706238 1.0835670232773 0
		endloop
	endfacet
	facet normal 0.83147862717407 0.55555674107396 0
		outer loop
			vertex 12.711756706238 1.0835670232773 0.19799999892712
			vertex 12.720532417297 1.0704327821732 0.19799999892712
			vertex 12.720532417297 1.0704327821732 0
		endloop
	endfacet
	facet normal 0 -0 -1
		outer loop
			vertex 12.711756706238 1.1145529747009 0.19799999892712
			vertex 12.711756706238 1.0835670232773 0.19799999892712
			vertex 12.708675384521 1.0990600585938 0.19799999892712
		endloop
	endfacet
	facet normal 0 0 -1
		outer loop
			vertex 12.711756706238 1.1145529747009 0.19799999892712
			vertex 12.720532417297 1.0704327821732 0.19799999892712
			vertex 12.711756706238 1.0835670232773 0.19799999892712
		endloop
	endfacet
	facet normal 0 -0 -1
		outer loop
			vertex 12.733667373657 1.1364632844925 0.19799999892712
			vertex 12.749159812927 1.0616468191147 0.19799999892712
			vertex 12.720532417297 1.0704327821732 0.19799999892712
		endloop
	endfacet
	facet normal 0 0 -1
		outer loop
			vertex 12.749159812927 1.1395449638367 0.19799999892712
			vertex 12.755876541138 1.1057769060135 0.19799999892712
			vertex 12.749159812927 1.0616468191147 0.19799999892712
		endloop
	endfacet
	facet normal 0.98079025737698 -0.19506529941122 0
		outer loop
			vertex 12.711756706238 1.1145529747009 0.19799999892712
			vertex 12.708675384521 1.0990600585938 0
			vertex 12.711756706238 1.1145529747009 0
		endloop
	endfacet
	facet normal 0.55555147727905 -0.83148214418174 0
		outer loop
			vertex 12.733667373657 1.1364632844925 0.19799999892712
			vertex 12.720532417297 1.1276872158051 0
			vertex 12.733667373657 1.1364632844925 0
		endloop
	endfacet
	facet normal 0.83147862717407 -0.55555674107396 0
		outer loop
			vertex 12.720532417297 1.1276872158051 0.19799999892712
			vertex 12.711756706238 1.1145529747009 0
			vertex 12.720532417297 1.1276872158051 0
		endloop
	endfacet
	facet normal 0.19509285368989 -0.98078477681861 0
		outer loop
			vertex 12.749159812927 1.1395449638367 0.19799999892712
			vertex 12.733667373657 1.1364632844925 0
			vertex 12.749159812927 1.1395449638367 0
		endloop
	endfacet
	facet normal 0.83147862717407 -0.55555674107396 0
		outer loop
			vertex 12.720532417297 1.1276872158051 0.19799999892712
			vertex 12.711756706238 1.1145529747009 0.19799999892712
			vertex 12.711756706238 1.1145529747009 0
		endloop
	endfacet
	facet normal 0.98079025737698 -0.19506529941122 0
		outer loop
			vertex 12.711756706238 1.1145529747009 0.19799999892712
			vertex 12.708675384521 1.0990600585938 0.19799999892712
			vertex 12.708675384521 1.0990600585938 0
		endloop
	endfacet
	facet normal 0.55555147727905 -0.83148214418174 0
		outer loop
			vertex 12.733667373657 1.1364632844925 0.19799999892712
			vertex 12.720532417297 1.1276872158051 0.19799999892712
			vertex 12.720532417297 1.1276872158051 0
		endloop
	endfacet
	facet normal 0.19509285368989 -0.98078477681861 0
		outer loop
			vertex 12.733667373657 1.1364632844925 0.19799999892712
			vertex 12.733667373657 1.1364632844925 0
			vertex 12.749159812927 1.1395449638367 0.19799999892712
		endloop
	endfacet
	facet normal -0.19508130204389 -0.98078707454414 -0
		outer loop
			vertex 12.764653205872 1.1364632844925 0.19799999892712
			vertex 12.749159812927 1.1395449638367 0
			vertex 12.764653205872 1.1364632844925 0
		endloop
	endfacet
	facet normal -0.55557936535473 -0.83146351019876 -0
		outer loop
			vertex 12.777787208557 1.1276872158051 0.19799999892712
			vertex 12.764653205872 1.1364632844925 0
			vertex 12.777787208557 1.1276872158051 0
		endloop
	endfacet
	facet normal -0.19508130204389 -0.98078707454414 -0
		outer loop
			vertex 12.749159812927 1.1395449638367 0.19799999892712
			vertex 12.749159812927 1.1395449638367 0
			vertex 12.764653205872 1.1364632844925 0.19799999892712
		endloop
	endfacet
	facet normal -0.55557936535473 -0.83146351019876 -0
		outer loop
			vertex 12.764653205872 1.1364632844925 0.19799999892712
			vertex 12.764653205872 1.1364632844925 0
			vertex 12.777787208557 1.1276872158051 0.19799999892712
		endloop
	endfacet
	facet normal 0 0 -1
		outer loop
			vertex 12.733667373657 1.1364632844925 0.19799999892712
			vertex 12.720532417297 1.0704327821732 0.19799999892712
			vertex 12.720532417297 1.1276872158051 0.19799999892712
		endloop
	endfacet
	facet normal 0 -0 -1
		outer loop
			vertex 12.720532417297 1.1276872158051 0.19799999892712
			vertex 12.720532417297 1.0704327821732 0.19799999892712
			vertex 12.711756706238 1.1145529747009 0.19799999892712
		endloop
	endfacet
	facet normal 0 0 -1
		outer loop
			vertex 12.733667373657 1.1364632844925 0.19799999892712
			vertex 12.749159812927 1.1395449638367 0.19799999892712
			vertex 12.749159812927 1.0616468191147 0.19799999892712
		endloop
	endfacet
	facet normal 0 0 -1
		outer loop
			vertex 12.749159812927 1.1395449638367 0.19799999892712
			vertex 12.764653205872 1.1364632844925 0.19799999892712
			vertex 12.755876541138 1.1057769060135 0.19799999892712
		endloop
	endfacet
	facet normal 0 -0 -1
		outer loop
			vertex 12.764653205872 1.1364632844925 0.19799999892712
			vertex 12.777787208557 1.1276872158051 0.19799999892712
			vertex 12.755876541138 1.1057769060135 0.19799999892712
		endloop
	endfacet
	facet normal 0.55557936535473 0.83146351019876 0
		outer loop
			vertex 12.828493118286 0.96247279644012 0.19799999892712
			vertex 12.841627120972 0.95369672775269 0
			vertex 12.828493118286 0.96247279644012 0
		endloop
	endfacet
	facet normal 0.19509648347547 0.98078405479265 0
		outer loop
			vertex 12.841627120972 0.95369672775269 0.19799999892712
			vertex 12.857119560242 0.95061498880386 0
			vertex 12.841627120972 0.95369672775269 0
		endloop
	endfacet
	facet normal 0.55557936535473 0.83146351019876 0
		outer loop
			vertex 12.828493118286 0.96247279644012 0.19799999892712
			vertex 12.841627120972 0.95369672775269 0.19799999892712
			vertex 12.841627120972 0.95369672775269 0
		endloop
	endfacet
	facet normal 0.19509648347547 0.98078405479265 0
		outer loop
			vertex 12.841627120972 0.95369672775269 0.19799999892712
			vertex 12.857119560242 0.95061498880386 0.19799999892712
			vertex 12.857119560242 0.95061498880386 0
		endloop
	endfacet
	facet normal 0 0 -1
		outer loop
			vertex 12.828493118286 0.96247279644012 0.19799999892712
			vertex 12.850402832031 0.98438310623169 0.19799999892712
			vertex 12.841627120972 0.95369672775269 0.19799999892712
		endloop
	endfacet
	facet normal 0 -0 -1
		outer loop
			vertex 12.850402832031 0.98438310623169 0.19799999892712
			vertex 12.857119560242 0.95061498880386 0.19799999892712
			vertex 12.841627120972 0.95369672775269 0.19799999892712
		endloop
	endfacet
	facet normal 0 0 -1
		outer loop
			vertex 12.857119560242 1.0285130739212 0.19799999892712
			vertex 12.872612953186 0.95448821783066 0.19799999892712
			vertex 12.857119560242 0.95061498880386 0.19799999892712
		endloop
	endfacet
	facet normal 0 -0 -1
		outer loop
			vertex 12.857119560242 1.0285130739212 0.19799999892712
			vertex 12.857119560242 0.95061498880386 0.19799999892712
			vertex 12.850402832031 0.98438310623169 0.19799999892712
		endloop
	endfacet
	facet normal 0 0 -1
		outer loop
			vertex 12.857119560242 1.0285130739212 0.19799999892712
			vertex 12.85777759552 1.028311252594 0.19799999892712
			vertex 12.872612953186 0.95448821783066 0.19799999892712
		endloop
	endfacet
	facet normal -0.19508493163156 0.98078635260199 0
		outer loop
			vertex 13.180999755859 0.95061498880386 0.19799999892712
			vertex 13.196493148804 0.95369672775269 0
			vertex 13.180999755859 0.95061498880386 0
		endloop
	endfacet
	facet normal -0.19508493163156 0.98078635260199 0
		outer loop
			vertex 13.180999755859 0.95061498880386 0.19799999892712
			vertex 13.196493148804 0.95369672775269 0.19799999892712
			vertex 13.196493148804 0.95369672775269 0
		endloop
	endfacet
	facet normal 0 0 -1
		outer loop
			vertex 13.209627151489 0.96247279644012 0.19799999892712
			vertex 13.196493148804 0.95369672775269 0.19799999892712
			vertex 13.180999755859 0.95061498880386 0.19799999892712
		endloop
	endfacet
	facet normal 0 0 -1
		outer loop
			vertex 13.180999755859 0.99110001325607 0.19799999892712
			vertex 13.209627151489 0.96247279644012 0.19799999892712
			vertex 13.180999755859 0.95061498880386 0.19799999892712
		endloop
	endfacet
	facet normal -0.55557936535473 0.83146351019876 0
		outer loop
			vertex 13.196493148804 0.95369672775269 0.19799999892712
			vertex 13.209627151489 0.96247279644012 0
			vertex 13.196493148804 0.95369672775269 0
		endloop
	endfacet
	facet normal -0.55557936535473 0.83146351019876 0
		outer loop
			vertex 13.209627151489 0.96247279644012 0.19799999892712
			vertex 13.209627151489 0.96247279644012 0
			vertex 13.196493148804 0.95369672775269 0.19799999892712
		endloop
	endfacet
	facet normal -0.83145073852668 0.55559847858273 0
		outer loop
			vertex 13.317586898804 1.0704327821732 0.19799999892712
			vertex 13.326363563538 1.0835670232773 0
			vertex 13.317586898804 1.0704327821732 0
		endloop
	endfacet
	facet normal -0.83145073852668 0.55559847858273 0
		outer loop
			vertex 13.317586898804 1.0704327821732 0.19799999892712
			vertex 13.326363563538 1.0835670232773 0.19799999892712
			vertex 13.326363563538 1.0835670232773 0
		endloop
	endfacet
	facet normal 0 -0 -1
		outer loop
			vertex 13.251546859741 1.0990600585938 0.19799999892712
			vertex 13.291007041931 1.0970129966736 0.19799999892712
			vertex 13.249683380127 1.0929869413376 0.19799999892712
		endloop
	endfacet
	facet normal 0 0 -1
		outer loop
			vertex 13.251546859741 1.0990600585938 0.19799999892712
			vertex 13.297013282776 1.0990600585938 0.19799999892712
			vertex 13.291007041931 1.0970129966736 0.19799999892712
		endloop
	endfacet
	facet normal 0 -0 -1
		outer loop
			vertex 13.304452896118 1.1323827505112 0.19799999892712
			vertex 13.317586898804 1.0704327821732 0.19799999892712
			vertex 13.297013282776 1.0990600585938 0.19799999892712
		endloop
	endfacet
	facet normal 0 -0 -1
		outer loop
			vertex 13.297013282776 1.0990600585938 0.19799999892712
			vertex 13.317586898804 1.0704327821732 0.19799999892712
			vertex 13.291007041931 1.0970129966736 0.19799999892712
		endloop
	endfacet
	facet normal 0 0 -1
		outer loop
			vertex 13.304452896118 1.1323827505112 0.19799999892712
			vertex 13.329444885254 1.0990600585938 0.19799999892712
			vertex 13.317586898804 1.0704327821732 0.19799999892712
		endloop
	endfacet
	facet normal 0 0 -1
		outer loop
			vertex 13.317586898804 1.0704327821732 0.19799999892712
			vertex 13.329444885254 1.0990600585938 0.19799999892712
			vertex 13.326363563538 1.0835670232773 0.19799999892712
		endloop
	endfacet
	facet normal -0.98079054452663 0.19506385561439 0
		outer loop
			vertex 13.326363563538 1.0835670232773 0.19799999892712
			vertex 13.329444885254 1.0990600585938 0
			vertex 13.326363563538 1.0835670232773 0
		endloop
	endfacet
	facet normal -0.98079054452663 0.19506385561439 0
		outer loop
			vertex 13.329444885254 1.0990600585938 0.19799999892712
			vertex 13.329444885254 1.0990600585938 0
			vertex 13.326363563538 1.0835670232773 0.19799999892712
		endloop
	endfacet
	facet normal -0.55557297566707 -0.83146777971755 -0
		outer loop
			vertex 13.317586898804 1.2356472015381 0.19799999892712
			vertex 13.309412956238 1.2411088943481 0
			vertex 13.317586898804 1.2356472015381 0
		endloop
	endfacet
	facet normal -0.83145073852668 -0.55559847858273 -0
		outer loop
			vertex 13.326363563538 1.222512960434 0.19799999892712
			vertex 13.317586898804 1.2356472015381 0
			vertex 13.326363563538 1.222512960434 0
		endloop
	endfacet
	facet normal -0.55557297566707 -0.83146777971755 -0
		outer loop
			vertex 13.309412956238 1.2411088943481 0.19799999892712
			vertex 13.309412956238 1.2411088943481 0
			vertex 13.317586898804 1.2356472015381 0.19799999892712
		endloop
	endfacet
	facet normal -0.83145073852668 -0.55559847858273 -0
		outer loop
			vertex 13.317586898804 1.2356472015381 0.19799999892712
			vertex 13.317586898804 1.2356472015381 0
			vertex 13.326363563538 1.222512960434 0.19799999892712
		endloop
	endfacet
	facet normal 0 0 -1
		outer loop
			vertex 13.276134490967 1.185644030571 0.19799999892712
			vertex 13.273467063904 1.1736972332001 0.19799999892712
			vertex 13.270966529846 1.1770311594009 0.19799999892712
		endloop
	endfacet
	facet normal 0 -0 -1
		outer loop
			vertex 13.296051979065 1.2188398838043 0.19799999892712
			vertex 13.329444885254 1.2070200443268 0.19799999892712
			vertex 13.288960456848 1.2070200443268 0.19799999892712
		endloop
	endfacet
	facet normal 0 -0 -1
		outer loop
			vertex 13.326363563538 1.222512960434 0.19799999892712
			vertex 13.329444885254 1.2070200443268 0.19799999892712
			vertex 13.296051979065 1.2188398838043 0.19799999892712
		endloop
	endfacet
	facet normal 0 -0 -1
		outer loop
			vertex 13.305981636047 1.2434020042419 0.19799999892712
			vertex 13.309412956238 1.2411088943481 0.19799999892712
			vertex 13.296051979065 1.2188398838043 0.19799999892712
		endloop
	endfacet
	facet normal 0 -0 -1
		outer loop
			vertex 13.309412956238 1.2411088943481 0.19799999892712
			vertex 13.317586898804 1.2356472015381 0.19799999892712
			vertex 13.296051979065 1.2188398838043 0.19799999892712
		endloop
	endfacet
	facet normal 0 -0 -1
		outer loop
			vertex 13.317586898804 1.2356472015381 0.19799999892712
			vertex 13.326363563538 1.222512960434 0.19799999892712
			vertex 13.296051979065 1.2188398838043 0.19799999892712
		endloop
	endfacet
	facet normal -0.98079025737698 -0.19506529941122 -0
		outer loop
			vertex 13.329444885254 1.2070200443268 0.19799999892712
			vertex 13.326363563538 1.222512960434 0
			vertex 13.329444885254 1.2070200443268 0
		endloop
	endfacet
	facet normal -0.98079025737698 -0.19506529941122 -0
		outer loop
			vertex 13.326363563538 1.222512960434 0.19799999892712
			vertex 13.326363563538 1.222512960434 0
			vertex 13.329444885254 1.2070200443268 0.19799999892712
		endloop
	endfacet
	facet normal 0.83148095638576 0.55555325502405 0
		outer loop
			vertex 12.711756706238 1.5154070854187 0.19799999892712
			vertex 12.720532417297 1.5022727251053 0
			vertex 12.711756706238 1.5154070854187 0
		endloop
	endfacet
	facet normal 0.98079025737698 0.19506529941122 0
		outer loop
			vertex 12.708675384521 1.5309000015259 0.19799999892712
			vertex 12.711756706238 1.5154070854187 0
			vertex 12.708675384521 1.5309000015259 0
		endloop
	endfacet
	facet normal 0.98079025737698 -0.19506529941122 0
		outer loop
			vertex 12.711756706238 1.5463929176331 0.19799999892712
			vertex 12.708675384521 1.5309000015259 0
			vertex 12.711756706238 1.5463929176331 0
		endloop
	endfacet
	facet normal 0.55556459228653 0.83147338129221 0
		outer loop
			vertex 12.720532417297 1.5022727251053 0.19799999892712
			vertex 12.728706359863 1.4968111515045 0
			vertex 12.720532417297 1.5022727251053 0
		endloop
	endfacet
	facet normal 0.83147862717407 -0.55555674107396 0
		outer loop
			vertex 12.720532417297 1.5595271587372 0.19799999892712
			vertex 12.711756706238 1.5463929176331 0
			vertex 12.720532417297 1.5595271587372 0
		endloop
	endfacet
	facet normal 0.55555147727905 -0.83148214418174 0
		outer loop
			vertex 12.733667373657 1.5683032274246 0.19799999892712
			vertex 12.720532417297 1.5595271587372 0
			vertex 12.733667373657 1.5683032274246 0
		endloop
	endfacet
	facet normal 0.19510011325304 -0.98078333275431 0
		outer loop
			vertex 12.749159812927 1.5713850259781 0.19799999892712
			vertex 12.733667373657 1.5683032274246 0
			vertex 12.749159812927 1.5713850259781 0
		endloop
	endfacet
	facet normal 0.98079025737698 -0.19506529941122 0
		outer loop
			vertex 12.711756706238 1.5463929176331 0.19799999892712
			vertex 12.708675384521 1.5309000015259 0.19799999892712
			vertex 12.708675384521 1.5309000015259 0
		endloop
	endfacet
	facet normal 0.98079025737698 0.19506529941122 0
		outer loop
			vertex 12.708675384521 1.5309000015259 0.19799999892712
			vertex 12.711756706238 1.5154070854187 0.19799999892712
			vertex 12.711756706238 1.5154070854187 0
		endloop
	endfacet
	facet normal 0.83147862717407 -0.55555674107396 0
		outer loop
			vertex 12.720532417297 1.5595271587372 0.19799999892712
			vertex 12.711756706238 1.5463929176331 0.19799999892712
			vertex 12.711756706238 1.5463929176331 0
		endloop
	endfacet
	facet normal 0.83148095638576 0.55555325502405 0
		outer loop
			vertex 12.711756706238 1.5154070854187 0.19799999892712
			vertex 12.720532417297 1.5022727251053 0.19799999892712
			vertex 12.720532417297 1.5022727251053 0
		endloop
	endfacet
	facet normal 0.55556459228653 0.83147338129221 0
		outer loop
			vertex 12.720532417297 1.5022727251053 0.19799999892712
			vertex 12.728706359863 1.4968111515045 0.19799999892712
			vertex 12.728706359863 1.4968111515045 0
		endloop
	endfacet
	facet normal 0.55555147727905 -0.83148214418174 0
		outer loop
			vertex 12.733667373657 1.5683032274246 0.19799999892712
			vertex 12.720532417297 1.5595271587372 0.19799999892712
			vertex 12.720532417297 1.5595271587372 0
		endloop
	endfacet
	facet normal 0.19510011325304 -0.98078333275431 0
		outer loop
			vertex 12.733667373657 1.5683032274246 0.19799999892712
			vertex 12.733667373657 1.5683032274246 0
			vertex 12.749159812927 1.5713850259781 0.19799999892712
		endloop
	endfacet
	facet normal 0 -0 -1
		outer loop
			vertex 12.711756706238 1.5463929176331 0.19799999892712
			vertex 12.711756706238 1.5154070854187 0.19799999892712
			vertex 12.708675384521 1.5309000015259 0.19799999892712
		endloop
	endfacet
	facet normal 0 0 -1
		outer loop
			vertex 12.711756706238 1.5463929176331 0.19799999892712
			vertex 12.720532417297 1.5022727251053 0.19799999892712
			vertex 12.711756706238 1.5154070854187 0.19799999892712
		endloop
	endfacet
	facet normal 0 0 -1
		outer loop
			vertex 12.720532417297 1.5595271587372 0.19799999892712
			vertex 12.732138633728 1.4945180416107 0.19799999892712
			vertex 12.728706359863 1.4968111515045 0.19799999892712
		endloop
	endfacet
	facet normal 0 0 -1
		outer loop
			vertex 12.720532417297 1.5595271587372 0.19799999892712
			vertex 12.733667373657 1.493849158287 0.19799999892712
			vertex 12.732138633728 1.4945180416107 0.19799999892712
		endloop
	endfacet
	facet normal 0 -0 -1
		outer loop
			vertex 12.720532417297 1.5595271587372 0.19799999892712
			vertex 12.720532417297 1.5022727251053 0.19799999892712
			vertex 12.711756706238 1.5463929176331 0.19799999892712
		endloop
	endfacet
	facet normal 0 0 -1
		outer loop
			vertex 12.720532417297 1.5595271587372 0.19799999892712
			vertex 12.728706359863 1.4968111515045 0.19799999892712
			vertex 12.720532417297 1.5022727251053 0.19799999892712
		endloop
	endfacet
	facet normal 0 0 -1
		outer loop
			vertex 12.733667373657 1.5683032274246 0.19799999892712
			vertex 12.743111610413 1.5208201408386 0.19799999892712
			vertex 12.733667373657 1.493849158287 0.19799999892712
		endloop
	endfacet
	facet normal 0 -0 -1
		outer loop
			vertex 12.733667373657 1.5683032274246 0.19799999892712
			vertex 12.733667373657 1.493849158287 0.19799999892712
			vertex 12.720532417297 1.5595271587372 0.19799999892712
		endloop
	endfacet
	facet normal 0 0 -1
		outer loop
			vertex 12.733667373657 1.5683032274246 0.19799999892712
			vertex 12.749159812927 1.5309000015259 0.19799999892712
			vertex 12.743111610413 1.5208201408386 0.19799999892712
		endloop
	endfacet
	facet normal 0 0 -1
		outer loop
			vertex 12.733667373657 1.5683032274246 0.19799999892712
			vertex 12.749159812927 1.5713850259781 0.19799999892712
			vertex 12.749159812927 1.5309000015259 0.19799999892712
		endloop
	endfacet
	facet normal -0.55557414806069 0.83146699634239 0
		outer loop
			vertex 13.304452896118 1.4934967756271 0.19799999892712
			vertex 13.317586898804 1.5022727251053 0
			vertex 13.304452896118 1.4934967756271 0
		endloop
	endfacet
	facet normal -0.19510011325304 0.98078333275431 0
		outer loop
			vertex 13.288960456848 1.4904149770737 0.19799999892712
			vertex 13.304452896118 1.4934967756271 0
			vertex 13.288960456848 1.4904149770737 0
		endloop
	endfacet
	facet normal -0.19510011325304 0.98078333275431 0
		outer loop
			vertex 13.288960456848 1.4904149770737 0.19799999892712
			vertex 13.304452896118 1.4934967756271 0.19799999892712
			vertex 13.304452896118 1.4934967756271 0
		endloop
	endfacet
	facet normal -0.83145306801022 0.55559499250478 0
		outer loop
			vertex 13.317586898804 1.5022727251053 0.19799999892712
			vertex 13.326363563538 1.5154070854187 0
			vertex 13.317586898804 1.5022727251053 0
		endloop
	endfacet
	facet normal -0.19510011325304 -0.98078333275431 -0
		outer loop
			vertex 13.304452896118 1.5683032274246 0.19799999892712
			vertex 13.288960456848 1.5713850259781 0
			vertex 13.304452896118 1.5683032274246 0
		endloop
	endfacet
	facet normal -0.83145073852668 -0.55559847858273 -0
		outer loop
			vertex 13.326363563538 1.5463929176331 0.19799999892712
			vertex 13.317586898804 1.5595271587372 0
			vertex 13.326363563538 1.5463929176331 0
		endloop
	endfacet
	facet normal -0.55557936535473 -0.83146351019876 -0
		outer loop
			vertex 13.317586898804 1.5595271587372 0.19799999892712
			vertex 13.304452896118 1.5683032274246 0
			vertex 13.317586898804 1.5595271587372 0
		endloop
	endfacet
	facet normal -0.83145306801022 0.55559499250478 0
		outer loop
			vertex 13.317586898804 1.5022727251053 0.19799999892712
			vertex 13.326363563538 1.5154070854187 0.19799999892712
			vertex 13.326363563538 1.5154070854187 0
		endloop
	endfacet
	facet normal -0.55557414806069 0.83146699634239 0
		outer loop
			vertex 13.317586898804 1.5022727251053 0.19799999892712
			vertex 13.317586898804 1.5022727251053 0
			vertex 13.304452896118 1.4934967756271 0.19799999892712
		endloop
	endfacet
	facet normal -0.19510011325304 -0.98078333275431 -0
		outer loop
			vertex 13.288960456848 1.5713850259781 0.19799999892712
			vertex 13.288960456848 1.5713850259781 0
			vertex 13.304452896118 1.5683032274246 0.19799999892712
		endloop
	endfacet
	facet normal -0.55557936535473 -0.83146351019876 -0
		outer loop
			vertex 13.304452896118 1.5683032274246 0.19799999892712
			vertex 13.304452896118 1.5683032274246 0
			vertex 13.317586898804 1.5595271587372 0.19799999892712
		endloop
	endfacet
	facet normal -0.83145073852668 -0.55559847858273 -0
		outer loop
			vertex 13.317586898804 1.5595271587372 0.19799999892712
			vertex 13.317586898804 1.5595271587372 0
			vertex 13.326363563538 1.5463929176331 0.19799999892712
		endloop
	endfacet
	facet normal 0 0 -1
		outer loop
			vertex 13.288960456848 1.5713850259781 0.19799999892712
			vertex 13.304452896118 1.4934967756271 0.19799999892712
			vertex 13.288960456848 1.4904149770737 0.19799999892712
		endloop
	endfacet
	facet normal 0 0 -1
		outer loop
			vertex 13.304452896118 1.5683032274246 0.19799999892712
			vertex 13.317586898804 1.5022727251053 0.19799999892712
			vertex 13.304452896118 1.4934967756271 0.19799999892712
		endloop
	endfacet
	facet normal 0 0 -1
		outer loop
			vertex 13.317586898804 1.5595271587372 0.19799999892712
			vertex 13.326363563538 1.5154070854187 0.19799999892712
			vertex 13.317586898804 1.5022727251053 0.19799999892712
		endloop
	endfacet
	facet normal 0 0 -1
		outer loop
			vertex 13.288960456848 1.5713850259781 0.19799999892712
			vertex 13.304452896118 1.5683032274246 0.19799999892712
			vertex 13.304452896118 1.4934967756271 0.19799999892712
		endloop
	endfacet
	facet normal 0 0 -1
		outer loop
			vertex 13.304452896118 1.5683032274246 0.19799999892712
			vertex 13.317586898804 1.5595271587372 0.19799999892712
			vertex 13.317586898804 1.5022727251053 0.19799999892712
		endloop
	endfacet
	facet normal 0 0 -1
		outer loop
			vertex 13.317586898804 1.5595271587372 0.19799999892712
			vertex 13.326363563538 1.5463929176331 0.19799999892712
			vertex 13.326363563538 1.5154070854187 0.19799999892712
		endloop
	endfacet
	facet normal -0.98079025737698 -0.19506529941122 -0
		outer loop
			vertex 13.329444885254 1.5309000015259 0.19799999892712
			vertex 13.326363563538 1.5463929176331 0
			vertex 13.329444885254 1.5309000015259 0
		endloop
	endfacet
	facet normal -0.98079025737698 0.19506529941122 0
		outer loop
			vertex 13.326363563538 1.5154070854187 0.19799999892712
			vertex 13.329444885254 1.5309000015259 0
			vertex 13.326363563538 1.5154070854187 0
		endloop
	endfacet
	facet normal -0.98079025737698 0.19506529941122 0
		outer loop
			vertex 13.329444885254 1.5309000015259 0.19799999892712
			vertex 13.329444885254 1.5309000015259 0
			vertex 13.326363563538 1.5154070854187 0.19799999892712
		endloop
	endfacet
	facet normal -0.98079025737698 -0.19506529941122 -0
		outer loop
			vertex 13.326363563538 1.5463929176331 0.19799999892712
			vertex 13.326363563538 1.5463929176331 0
			vertex 13.329444885254 1.5309000015259 0.19799999892712
		endloop
	endfacet
	facet normal 0 0 -1
		outer loop
			vertex 13.326363563538 1.5463929176331 0.19799999892712
			vertex 13.329444885254 1.5309000015259 0.19799999892712
			vertex 13.326363563538 1.5154070854187 0.19799999892712
		endloop
	endfacet
	facet normal -1 0 0
		outer loop
			vertex 13.437404632568 0.99110001325607 0.19799999892712
			vertex 13.437404632568 1.1954939365387 0
			vertex 13.437404632568 0.99110001325607 0
		endloop
	endfacet
	facet normal 0 -0 -1
		outer loop
			vertex 13.390674591064 1.3026338815689 0.19799999892712
			vertex 13.437404632568 0.99110001325607 0.19799999892712
			vertex 13.356434822083 0.99110001325607 0.19799999892712
		endloop
	endfacet
	facet normal 1 0 0
		outer loop
			vertex 13.356434822083 0.99110001325607 0.19799999892712
			vertex 13.356434822083 0.99110001325607 0
			vertex 13.356434822083 1.5309000015259 0
		endloop
	endfacet
	facet normal -1 -0 -0
		outer loop
			vertex 13.437404632568 1.1954939365387 0.19799999892712
			vertex 13.437404632568 1.1954939365387 0
			vertex 13.437404632568 0.99110001325607 0.19799999892712
		endloop
	endfacet
	facet normal 0 0 -1
		outer loop
			vertex 13.390674591064 1.3026338815689 0.19799999892712
			vertex 13.437404632568 1.1954939365387 0.19799999892712
			vertex 13.437404632568 0.99110001325607 0.19799999892712
		endloop
	endfacet
	facet normal 0 0 -1
		outer loop
			vertex 13.390674591064 1.3026338815689 0.19799999892712
			vertex 13.437404632568 1.2047021389008 0.19799999892712
			vertex 13.437404632568 1.1954939365387 0.19799999892712
		endloop
	endfacet
	facet normal 1 0 0
		outer loop
			vertex 13.356434822083 1.5309000015259 0.19799999892712
			vertex 13.356434822083 0.99110001325607 0.19799999892712
			vertex 13.356434822083 1.5309000015259 0
		endloop
	endfacet
	facet normal -1 0 0
		outer loop
			vertex 13.437404632568 1.3265061378479 0.19799999892712
			vertex 13.437404632568 1.5309000015259 0
			vertex 13.437404632568 1.3265061378479 0
		endloop
	endfacet
	facet normal 0 0 -1
		outer loop
			vertex 13.356434822083 1.5309000015259 0.19799999892712
			vertex 13.390674591064 1.3026338815689 0.19799999892712
			vertex 13.356434822083 0.99110001325607 0.19799999892712
		endloop
	endfacet
	facet normal 0 0 -1
		outer loop
			vertex 13.390674591064 1.3026338815689 0.19799999892712
			vertex 13.406933784485 1.2810271978378 0.19799999892712
			vertex 13.406471252441 1.2801023721695 0.19799999892712
		endloop
	endfacet
	facet normal 0 0 -1
		outer loop
			vertex 13.390674591064 1.3026338815689 0.19799999892712
			vertex 13.406471252441 1.2801023721695 0.19799999892712
			vertex 13.437404632568 1.2047021389008 0.19799999892712
		endloop
	endfacet
	facet normal 0 0 -1
		outer loop
			vertex 13.356434822083 1.5309000015259 0.19799999892712
			vertex 13.437404632568 1.326043844223 0.19799999892712
			vertex 13.390674591064 1.3026338815689 0.19799999892712
		endloop
	endfacet
	facet normal 0 0 -1
		outer loop
			vertex 13.356434822083 1.5309000015259 0.19799999892712
			vertex 13.437404632568 1.3265061378479 0.19799999892712
			vertex 13.437404632568 1.326043844223 0.19799999892712
		endloop
	endfacet
	facet normal -1 -0 -0
		outer loop
			vertex 13.437404632568 1.5309000015259 0.19799999892712
			vertex 13.437404632568 1.5309000015259 0
			vertex 13.437404632568 1.3265061378479 0.19799999892712
		endloop
	endfacet
	facet normal 0 0 -1
		outer loop
			vertex 13.356434822083 1.5309000015259 0.19799999892712
			vertex 13.437404632568 1.5309000015259 0.19799999892712
			vertex 13.437404632568 1.3265061378479 0.19799999892712
		endloop
	endfacet
	facet normal 0.83147862717407 -0.55555674107396 0
		outer loop
			vertex 13.368292808533 1.5595271587372 0.19799999892712
			vertex 13.359517097473 1.5463929176331 0
			vertex 13.368292808533 1.5595271587372 0
		endloop
	endfacet
	facet normal 0.98077870533518 -0.19512337420475 0
		outer loop
			vertex 13.359517097473 1.5463929176331 0.19799999892712
			vertex 13.356434822083 1.5309000015259 0
			vertex 13.359517097473 1.5463929176331 0
		endloop
	endfacet
	facet normal 0.55557936535473 -0.83146351019876 0
		outer loop
			vertex 13.381426811218 1.5683032274246 0.19799999892712
			vertex 13.368292808533 1.5595271587372 0
			vertex 13.381426811218 1.5683032274246 0
		endloop
	endfacet
	facet normal 0.98077870533518 -0.19512337420475 0
		outer loop
			vertex 13.359517097473 1.5463929176331 0.19799999892712
			vertex 13.356434822083 1.5309000015259 0.19799999892712
			vertex 13.356434822083 1.5309000015259 0
		endloop
	endfacet
	facet normal 0.83147862717407 -0.55555674107396 0
		outer loop
			vertex 13.368292808533 1.5595271587372 0.19799999892712
			vertex 13.359517097473 1.5463929176331 0.19799999892712
			vertex 13.359517097473 1.5463929176331 0
		endloop
	endfacet
	facet normal 0.55557936535473 -0.83146351019876 0
		outer loop
			vertex 13.368292808533 1.5595271587372 0.19799999892712
			vertex 13.368292808533 1.5595271587372 0
			vertex 13.381426811218 1.5683032274246 0.19799999892712
		endloop
	endfacet
	facet normal 0.19508856121121 -0.98078563064746 0
		outer loop
			vertex 13.381426811218 1.5683032274246 0.19799999892712
			vertex 13.381426811218 1.5683032274246 0
			vertex 13.396920204163 1.5713850259781 0.19799999892712
		endloop
	endfacet
	facet normal 0.19508856121121 -0.98078563064746 0
		outer loop
			vertex 13.396920204163 1.5713850259781 0.19799999892712
			vertex 13.381426811218 1.5683032274246 0
			vertex 13.396920204163 1.5713850259781 0
		endloop
	endfacet
	facet normal -0.19510011325304 -0.98078333275431 -0
		outer loop
			vertex 13.412412643433 1.5683032274246 0.19799999892712
			vertex 13.396920204163 1.5713850259781 0
			vertex 13.412412643433 1.5683032274246 0
		endloop
	endfacet
	facet normal -0.98079025737698 -0.19506529941122 -0
		outer loop
			vertex 13.437404632568 1.5309000015259 0.19799999892712
			vertex 13.434323310852 1.5463929176331 0
			vertex 13.437404632568 1.5309000015259 0
		endloop
	endfacet
	facet normal -0.83147862717407 -0.55555674107396 -0
		outer loop
			vertex 13.434323310852 1.5463929176331 0.19799999892712
			vertex 13.425547599792 1.5595271587372 0
			vertex 13.434323310852 1.5463929176331 0
		endloop
	endfacet
	facet normal -0.55555147727905 -0.83148214418174 -0
		outer loop
			vertex 13.425547599792 1.5595271587372 0.19799999892712
			vertex 13.412412643433 1.5683032274246 0
			vertex 13.425547599792 1.5595271587372 0
		endloop
	endfacet
	facet normal -0.19510011325304 -0.98078333275431 -0
		outer loop
			vertex 13.396920204163 1.5713850259781 0.19799999892712
			vertex 13.396920204163 1.5713850259781 0
			vertex 13.412412643433 1.5683032274246 0.19799999892712
		endloop
	endfacet
	facet normal -0.55555147727905 -0.83148214418174 -0
		outer loop
			vertex 13.412412643433 1.5683032274246 0.19799999892712
			vertex 13.412412643433 1.5683032274246 0
			vertex 13.425547599792 1.5595271587372 0.19799999892712
		endloop
	endfacet
	facet normal -0.83147862717407 -0.55555674107396 -0
		outer loop
			vertex 13.425547599792 1.5595271587372 0.19799999892712
			vertex 13.425547599792 1.5595271587372 0
			vertex 13.434323310852 1.5463929176331 0.19799999892712
		endloop
	endfacet
	facet normal -0.98079025737698 -0.19506529941122 -0
		outer loop
			vertex 13.434323310852 1.5463929176331 0.19799999892712
			vertex 13.434323310852 1.5463929176331 0
			vertex 13.437404632568 1.5309000015259 0.19799999892712
		endloop
	endfacet
	facet normal 0 -0 -1
		outer loop
			vertex 13.368292808533 1.5595271587372 0.19799999892712
			vertex 13.381426811218 1.5683032274246 0.19799999892712
			vertex 13.356434822083 1.5309000015259 0.19799999892712
		endloop
	endfacet
	facet normal 0 0 -1
		outer loop
			vertex 13.368292808533 1.5595271587372 0.19799999892712
			vertex 13.356434822083 1.5309000015259 0.19799999892712
			vertex 13.359517097473 1.5463929176331 0.19799999892712
		endloop
	endfacet
	facet normal 0 -0 -1
		outer loop
			vertex 13.381426811218 1.5683032274246 0.19799999892712
			vertex 13.396920204163 1.5713850259781 0.19799999892712
			vertex 13.356434822083 1.5309000015259 0.19799999892712
		endloop
	endfacet
	facet normal 0 -0 -1
		outer loop
			vertex 13.396920204163 1.5713850259781 0.19799999892712
			vertex 13.412412643433 1.5683032274246 0.19799999892712
			vertex 13.356434822083 1.5309000015259 0.19799999892712
		endloop
	endfacet
	facet normal 0 0 -1
		outer loop
			vertex 13.356434822083 1.5309000015259 0.19799999892712
			vertex 13.434323310852 1.5463929176331 0.19799999892712
			vertex 13.437404632568 1.5309000015259 0.19799999892712
		endloop
	endfacet
	facet normal 0 -0 -1
		outer loop
			vertex 13.412412643433 1.5683032274246 0.19799999892712
			vertex 13.425547599792 1.5595271587372 0.19799999892712
			vertex 13.356434822083 1.5309000015259 0.19799999892712
		endloop
	endfacet
	facet normal 0 0 -1
		outer loop
			vertex 13.356434822083 1.5309000015259 0.19799999892712
			vertex 13.425547599792 1.5595271587372 0.19799999892712
			vertex 13.434323310852 1.5463929176331 0.19799999892712
		endloop
	endfacet
	facet normal 0.55557936535473 0.83146351019876 0
		outer loop
			vertex 13.368292808533 0.96247279644012 0.19799999892712
			vertex 13.381426811218 0.95369672775269 0
			vertex 13.368292808533 0.96247279644012 0
		endloop
	endfacet
	facet normal 0.83147862717407 0.55555674107396 0
		outer loop
			vertex 13.359517097473 0.97560703754425 0.19799999892712
			vertex 13.368292808533 0.96247279644012 0
			vertex 13.359517097473 0.97560703754425 0
		endloop
	endfacet
	facet normal 0.19508493163156 0.98078635260199 0
		outer loop
			vertex 13.381426811218 0.95369672775269 0.19799999892712
			vertex 13.396920204163 0.95061498880386 0
			vertex 13.381426811218 0.95369672775269 0
		endloop
	endfacet
	facet normal 0.98077884899461 0.1951226521058 0
		outer loop
			vertex 13.356434822083 0.99110001325607 0.19799999892712
			vertex 13.359517097473 0.97560703754425 0
			vertex 13.356434822083 0.99110001325607 0
		endloop
	endfacet
	facet normal 0.98077884899461 0.1951226521058 0
		outer loop
			vertex 13.356434822083 0.99110001325607 0.19799999892712
			vertex 13.359517097473 0.97560703754425 0.19799999892712
			vertex 13.359517097473 0.97560703754425 0
		endloop
	endfacet
	facet normal 0.83147862717407 0.55555674107396 0
		outer loop
			vertex 13.359517097473 0.97560703754425 0.19799999892712
			vertex 13.368292808533 0.96247279644012 0.19799999892712
			vertex 13.368292808533 0.96247279644012 0
		endloop
	endfacet
	facet normal 0.55557936535473 0.83146351019876 0
		outer loop
			vertex 13.368292808533 0.96247279644012 0.19799999892712
			vertex 13.381426811218 0.95369672775269 0.19799999892712
			vertex 13.381426811218 0.95369672775269 0
		endloop
	endfacet
	facet normal -0.19509648347547 0.98078405479265 0
		outer loop
			vertex 13.396920204163 0.95061498880386 0.19799999892712
			vertex 13.412412643433 0.95369672775269 0
			vertex 13.396920204163 0.95061498880386 0
		endloop
	endfacet
	facet normal -0.55555147727905 0.83148214418174 0
		outer loop
			vertex 13.412412643433 0.95369672775269 0.19799999892712
			vertex 13.425547599792 0.96247279644012 0
			vertex 13.412412643433 0.95369672775269 0
		endloop
	endfacet
	facet normal -0.9807904009526 0.19506457751019 0
		outer loop
			vertex 13.434323310852 0.97560703754425 0.19799999892712
			vertex 13.437404632568 0.99110001325607 0
			vertex 13.434323310852 0.97560703754425 0
		endloop
	endfacet
	facet normal -0.83147862717407 0.55555674107396 0
		outer loop
			vertex 13.425547599792 0.96247279644012 0.19799999892712
			vertex 13.434323310852 0.97560703754425 0
			vertex 13.425547599792 0.96247279644012 0
		endloop
	endfacet
	facet normal 0.19508493163156 0.98078635260199 0
		outer loop
			vertex 13.381426811218 0.95369672775269 0.19799999892712
			vertex 13.396920204163 0.95061498880386 0.19799999892712
			vertex 13.396920204163 0.95061498880386 0
		endloop
	endfacet
	facet normal -0.19509648347547 0.98078405479265 0
		outer loop
			vertex 13.396920204163 0.95061498880386 0.19799999892712
			vertex 13.412412643433 0.95369672775269 0.19799999892712
			vertex 13.412412643433 0.95369672775269 0
		endloop
	endfacet
	facet normal -0.55555147727905 0.83148214418174 0
		outer loop
			vertex 13.412412643433 0.95369672775269 0.19799999892712
			vertex 13.425547599792 0.96247279644012 0.19799999892712
			vertex 13.425547599792 0.96247279644012 0
		endloop
	endfacet
	facet normal -0.83147862717407 0.55555674107396 0
		outer loop
			vertex 13.434323310852 0.97560703754425 0.19799999892712
			vertex 13.434323310852 0.97560703754425 0
			vertex 13.425547599792 0.96247279644012 0.19799999892712
		endloop
	endfacet
	facet normal -0.9807904009526 0.19506457751019 0
		outer loop
			vertex 13.437404632568 0.99110001325607 0.19799999892712
			vertex 13.437404632568 0.99110001325607 0
			vertex 13.434323310852 0.97560703754425 0.19799999892712
		endloop
	endfacet
	facet normal 0 0 -1
		outer loop
			vertex 13.359517097473 0.97560703754425 0.19799999892712
			vertex 13.437404632568 0.99110001325607 0.19799999892712
			vertex 13.368292808533 0.96247279644012 0.19799999892712
		endloop
	endfacet
	facet normal 0 0 -1
		outer loop
			vertex 13.356434822083 0.99110001325607 0.19799999892712
			vertex 13.437404632568 0.99110001325607 0.19799999892712
			vertex 13.359517097473 0.97560703754425 0.19799999892712
		endloop
	endfacet
	facet normal 0 0 -1
		outer loop
			vertex 13.368292808533 0.96247279644012 0.19799999892712
			vertex 13.437404632568 0.99110001325607 0.19799999892712
			vertex 13.381426811218 0.95369672775269 0.19799999892712
		endloop
	endfacet
	facet normal 0 0 -1
		outer loop
			vertex 13.381426811218 0.95369672775269 0.19799999892712
			vertex 13.437404632568 0.99110001325607 0.19799999892712
			vertex 13.396920204163 0.95061498880386 0.19799999892712
		endloop
	endfacet
	facet normal 0 0 -1
		outer loop
			vertex 13.396920204163 0.95061498880386 0.19799999892712
			vertex 13.437404632568 0.99110001325607 0.19799999892712
			vertex 13.412412643433 0.95369672775269 0.19799999892712
		endloop
	endfacet
	facet normal 0 0 -1
		outer loop
			vertex 13.437404632568 0.99110001325607 0.19799999892712
			vertex 13.434323310852 0.97560703754425 0.19799999892712
			vertex 13.425547599792 0.96247279644012 0.19799999892712
		endloop
	endfacet
	facet normal 0 0 -1
		outer loop
			vertex 13.412412643433 0.95369672775269 0.19799999892712
			vertex 13.437404632568 0.99110001325607 0.19799999892712
			vertex 13.425547599792 0.96247279644012 0.19799999892712
		endloop
	endfacet
	facet normal 0 -0 -1
		outer loop
			vertex 13.406933784485 1.2810271978378 0.19799999892712
			vertex 13.437404632568 1.2047021389008 0.19799999892712
			vertex 13.406471252441 1.2801023721695 0.19799999892712
		endloop
	endfacet
	facet normal 0 0 -1
		outer loop
			vertex 13.406933784485 1.2810271978378 0.19799999892712
			vertex 13.437404632568 1.2860211133957 0.19799999892712
			vertex 13.437404632568 1.2047021389008 0.19799999892712
		endloop
	endfacet
	facet normal 0 0 -1
		outer loop
			vertex 13.437404632568 1.2860211133957 0.19799999892712
			vertex 13.487446784973 1.2610000371933 0.19799999892712
			vertex 13.437404632568 1.2047021389008 0.19799999892712
		endloop
	endfacet
	facet normal 0.44721350686997 0.8944272353149 0
		outer loop
			vertex 13.437404632568 1.1954939365387 0.19799999892712
			vertex 13.918614387512 0.95488911867142 0
			vertex 13.437404632568 1.1954939365387 0
		endloop
	endfacet
	facet normal -0.44721341299431 -0.89442728225272 -0
		outer loop
			vertex 13.487446784973 1.2610000371933 0.19799999892712
			vertex 13.487446784973 1.2610000371933 0
			vertex 13.954825401306 1.0273108482361 0.19799999892712
		endloop
	endfacet
	facet normal 0 0 -1
		outer loop
			vertex 13.437404632568 1.2047021389008 0.19799999892712
			vertex 13.952213287354 1.0282065868378 0.19799999892712
			vertex 13.437404632568 1.1954939365387 0.19799999892712
		endloop
	endfacet
	facet normal 0 -0 -1
		outer loop
			vertex 13.487446784973 1.2610000371933 0.19799999892712
			vertex 13.952213287354 1.0282065868378 0.19799999892712
			vertex 13.437404632568 1.2047021389008 0.19799999892712
		endloop
	endfacet
	facet normal 0.44721350686997 0.8944272353149 0
		outer loop
			vertex 13.437404632568 1.1954939365387 0.19799999892712
			vertex 13.918614387512 0.95488911867142 0.19799999892712
			vertex 13.918614387512 0.95488911867142 0
		endloop
	endfacet
	facet normal 0 0 -1
		outer loop
			vertex 13.437404632568 1.1954939365387 0.19799999892712
			vertex 13.918822288513 0.95530378818512 0.19799999892712
			vertex 13.918614387512 0.95488911867142 0.19799999892712
		endloop
	endfacet
	facet normal 0 0 -1
		outer loop
			vertex 13.437404632568 1.1954939365387 0.19799999892712
			vertex 13.942481040955 1.002622127533 0.19799999892712
			vertex 13.918822288513 0.95530378818512 0.19799999892712
		endloop
	endfacet
	facet normal 0 0 -1
		outer loop
			vertex 13.437404632568 1.1954939365387 0.19799999892712
			vertex 13.952213287354 1.0282065868378 0.19799999892712
			vertex 13.942481040955 1.002622127533 0.19799999892712
		endloop
	endfacet
	facet normal -0.44721341299431 -0.89442728225272 -0
		outer loop
			vertex 13.954825401306 1.0273108482361 0.19799999892712
			vertex 13.487446784973 1.2610000371933 0
			vertex 13.954825401306 1.0273108482361 0
		endloop
	endfacet
	facet normal 0 0 -1
		outer loop
			vertex 13.487446784973 1.2610000371933 0.19799999892712
			vertex 13.952276229858 1.0281848907471 0.19799999892712
			vertex 13.952213287354 1.0282065868378 0.19799999892712
		endloop
	endfacet
	facet normal 0 0 -1
		outer loop
			vertex 13.487446784973 1.2610000371933 0.19799999892712
			vertex 13.954825401306 1.0273108482361 0.19799999892712
			vertex 13.952276229858 1.0281848907471 0.19799999892712
		endloop
	endfacet
	facet normal -0.89393837761225 0.44818988947988 0
		outer loop
			vertex 13.918614387512 0.95488911867142 0.19799999892712
			vertex 13.918822288513 0.95530378818512 0
			vertex 13.918614387512 0.95488911867142 0
		endloop
	endfacet
	facet normal -0.89393837761225 0.44818988947988 0
		outer loop
			vertex 13.918614387512 0.95488911867142 0.19799999892712
			vertex 13.918822288513 0.95530378818512 0.19799999892712
			vertex 13.918822288513 0.95530378818512 0
		endloop
	endfacet
	facet normal -0.89473568486694 0.44659607502271 0
		outer loop
			vertex 13.954618453979 1.026896238327 0.19799999892712
			vertex 13.954825401306 1.0273108482361 0
			vertex 13.954618453979 1.026896238327 0
		endloop
	endfacet
	facet normal -0.89473568486694 0.44659607502271 0
		outer loop
			vertex 13.954825401306 1.0273108482361 0.19799999892712
			vertex 13.954825401306 1.0273108482361 0
			vertex 13.954618453979 1.026896238327 0.19799999892712
		endloop
	endfacet
	facet normal 0 0 -1
		outer loop
			vertex 13.952276229858 1.0281848907471 0.19799999892712
			vertex 13.954825401306 1.0273108482361 0.19799999892712
			vertex 13.954618453979 1.026896238327 0.19799999892712
		endloop
	endfacet
	facet normal 0.55556532691943 0.83147289043294 0
		outer loop
			vertex 13.918822288513 0.95530378818512 0.19799999892712
			vertex 13.921227455139 0.95369672775269 0
			vertex 13.918822288513 0.95530378818512 0
		endloop
	endfacet
	facet normal 0.19509648347547 0.98078405479265 0
		outer loop
			vertex 13.921227455139 0.95369672775269 0.19799999892712
			vertex 13.936719894409 0.95061498880386 0
			vertex 13.921227455139 0.95369672775269 0
		endloop
	endfacet
	facet normal -0.19508493163156 0.98078635260199 0
		outer loop
			vertex 13.936719894409 0.95061498880386 0.19799999892712
			vertex 13.952213287354 0.95369672775269 0
			vertex 13.936719894409 0.95061498880386 0
		endloop
	endfacet
	facet normal -0.55557936535473 0.83146351019876 0
		outer loop
			vertex 13.952213287354 0.95369672775269 0.19799999892712
			vertex 13.965347290039 0.96247279644012 0
			vertex 13.952213287354 0.95369672775269 0
		endloop
	endfacet
	facet normal -0.55558251239476 -0.83146140735522 -0
		outer loop
			vertex 13.965347290039 1.019727230072 0.19799999892712
			vertex 13.954618453979 1.026896238327 0
			vertex 13.965347290039 1.019727230072 0
		endloop
	endfacet
	facet normal 0.55556532691943 0.83147289043294 0
		outer loop
			vertex 13.918822288513 0.95530378818512 0.19799999892712
			vertex 13.921227455139 0.95369672775269 0.19799999892712
			vertex 13.921227455139 0.95369672775269 0
		endloop
	endfacet
	facet normal 0.19509648347547 0.98078405479265 0
		outer loop
			vertex 13.921227455139 0.95369672775269 0.19799999892712
			vertex 13.936719894409 0.95061498880386 0.19799999892712
			vertex 13.936719894409 0.95061498880386 0
		endloop
	endfacet
	facet normal -0.19508493163156 0.98078635260199 0
		outer loop
			vertex 13.936719894409 0.95061498880386 0.19799999892712
			vertex 13.952213287354 0.95369672775269 0.19799999892712
			vertex 13.952213287354 0.95369672775269 0
		endloop
	endfacet
	facet normal -0.55557936535473 0.83146351019876 0
		outer loop
			vertex 13.952213287354 0.95369672775269 0.19799999892712
			vertex 13.965347290039 0.96247279644012 0.19799999892712
			vertex 13.965347290039 0.96247279644012 0
		endloop
	endfacet
	facet normal -0.55558251239476 -0.83146140735522 -0
		outer loop
			vertex 13.954618453979 1.026896238327 0.19799999892712
			vertex 13.954618453979 1.026896238327 0
			vertex 13.965347290039 1.019727230072 0.19799999892712
		endloop
	endfacet
	facet normal 0 0 -1
		outer loop
			vertex 13.942481040955 1.002622127533 0.19799999892712
			vertex 13.921227455139 0.95369672775269 0.19799999892712
			vertex 13.918822288513 0.95530378818512 0.19799999892712
		endloop
	endfacet
	facet normal 0 0 -1
		outer loop
			vertex 13.942481040955 1.002622127533 0.19799999892712
			vertex 13.936719894409 0.95061498880386 0.19799999892712
			vertex 13.921227455139 0.95369672775269 0.19799999892712
		endloop
	endfacet
	facet normal 0 -0 -1
		outer loop
			vertex 13.942481040955 1.002622127533 0.19799999892712
			vertex 13.952213287354 0.95369672775269 0.19799999892712
			vertex 13.936719894409 0.95061498880386 0.19799999892712
		endloop
	endfacet
	facet normal 0 0 -1
		outer loop
			vertex 13.952213287354 1.0282065868378 0.19799999892712
			vertex 13.965347290039 0.96247279644012 0.19799999892712
			vertex 13.952213287354 0.95369672775269 0.19799999892712
		endloop
	endfacet
	facet normal 0 -0 -1
		outer loop
			vertex 13.952213287354 1.0282065868378 0.19799999892712
			vertex 13.952213287354 0.95369672775269 0.19799999892712
			vertex 13.942481040955 1.002622127533 0.19799999892712
		endloop
	endfacet
	facet normal 0 0 -1
		outer loop
			vertex 13.954618453979 1.026896238327 0.19799999892712
			vertex 13.965347290039 1.019727230072 0.19799999892712
			vertex 13.965347290039 0.96247279644012 0.19799999892712
		endloop
	endfacet
	facet normal 0 0 -1
		outer loop
			vertex 13.952213287354 1.0282065868378 0.19799999892712
			vertex 13.952276229858 1.0281848907471 0.19799999892712
			vertex 13.965347290039 0.96247279644012 0.19799999892712
		endloop
	endfacet
	facet normal 0 0 -1
		outer loop
			vertex 13.952276229858 1.0281848907471 0.19799999892712
			vertex 13.954618453979 1.026896238327 0.19799999892712
			vertex 13.965347290039 0.96247279644012 0.19799999892712
		endloop
	endfacet
	facet normal -0.98077884899461 0.1951226521058 0
		outer loop
			vertex 13.974123001099 0.97560703754425 0.19799999892712
			vertex 13.977205276489 0.99110001325607 0
			vertex 13.974123001099 0.97560703754425 0
		endloop
	endfacet
	facet normal -0.83147862717407 0.55555674107396 0
		outer loop
			vertex 13.965347290039 0.96247279644012 0.19799999892712
			vertex 13.974123001099 0.97560703754425 0
			vertex 13.965347290039 0.96247279644012 0
		endloop
	endfacet
	facet normal -0.98077884899461 -0.1951226521058 -0
		outer loop
			vertex 13.977205276489 0.99110001325607 0.19799999892712
			vertex 13.974123001099 1.0065929889679 0
			vertex 13.977205276489 0.99110001325607 0
		endloop
	endfacet
	facet normal -0.83147862717407 -0.55555674107396 -0
		outer loop
			vertex 13.974123001099 1.0065929889679 0.19799999892712
			vertex 13.965347290039 1.019727230072 0
			vertex 13.974123001099 1.0065929889679 0
		endloop
	endfacet
	facet normal -0.83147862717407 0.55555674107396 0
		outer loop
			vertex 13.974123001099 0.97560703754425 0.19799999892712
			vertex 13.974123001099 0.97560703754425 0
			vertex 13.965347290039 0.96247279644012 0.19799999892712
		endloop
	endfacet
	facet normal -0.98077884899461 -0.1951226521058 -0
		outer loop
			vertex 13.974123001099 1.0065929889679 0.19799999892712
			vertex 13.974123001099 1.0065929889679 0
			vertex 13.977205276489 0.99110001325607 0.19799999892712
		endloop
	endfacet
	facet normal -0.98077884899461 0.1951226521058 0
		outer loop
			vertex 13.977205276489 0.99110001325607 0.19799999892712
			vertex 13.977205276489 0.99110001325607 0
			vertex 13.974123001099 0.97560703754425 0.19799999892712
		endloop
	endfacet
	facet normal -0.83147862717407 -0.55555674107396 -0
		outer loop
			vertex 13.965347290039 1.019727230072 0.19799999892712
			vertex 13.965347290039 1.019727230072 0
			vertex 13.974123001099 1.0065929889679 0.19799999892712
		endloop
	endfacet
	facet normal 0 0 -1
		outer loop
			vertex 13.965347290039 1.019727230072 0.19799999892712
			vertex 13.974123001099 1.0065929889679 0.19799999892712
			vertex 13.974123001099 0.97560703754425 0.19799999892712
		endloop
	endfacet
	facet normal 0 0 -1
		outer loop
			vertex 13.974123001099 1.0065929889679 0.19799999892712
			vertex 13.977205276489 0.99110001325607 0.19799999892712
			vertex 13.974123001099 0.97560703754425 0.19799999892712
		endloop
	endfacet
	facet normal 0 0 -1
		outer loop
			vertex 13.965347290039 1.019727230072 0.19799999892712
			vertex 13.974123001099 0.97560703754425 0.19799999892712
			vertex 13.965347290039 0.96247279644012 0.19799999892712
		endloop
	endfacet
	facet normal 0 0 -1
		outer loop
			vertex 13.390674591064 1.3026338815689 0.19799999892712
			vertex 13.437404632568 1.2860211133957 0.19799999892712
			vertex 13.406933784485 1.2810271978378 0.19799999892712
		endloop
	endfacet
	facet normal 0 0 -1
		outer loop
			vertex 13.390674591064 1.3026338815689 0.19799999892712
			vertex 13.437404632568 1.326043844223 0.19799999892712
			vertex 13.437404632568 1.2860211133957 0.19799999892712
		endloop
	endfacet
	facet normal -0.44721323048861 0.8944273735055 0
		outer loop
			vertex 13.487446784973 1.2610000371933 0.19799999892712
			vertex 13.954825401306 1.4946891069412 0
			vertex 13.487446784973 1.2610000371933 0
		endloop
	endfacet
	facet normal 0.44721341823997 -0.89442727962989 0
		outer loop
			vertex 13.437404632568 1.3265061378479 0.19799999892712
			vertex 13.437404632568 1.3265061378479 0
			vertex 13.918614387512 1.5671108961105 0
		endloop
	endfacet
	facet normal 0 0 -1
		outer loop
			vertex 13.437404632568 1.326043844223 0.19799999892712
			vertex 13.918614387512 1.5671108961105 0.19799999892712
			vertex 13.437404632568 1.2860211133957 0.19799999892712
		endloop
	endfacet
	facet normal 0 0 -1
		outer loop
			vertex 13.437404632568 1.3265061378479 0.19799999892712
			vertex 13.918614387512 1.5671108961105 0.19799999892712
			vertex 13.437404632568 1.326043844223 0.19799999892712
		endloop
	endfacet
	facet normal 0 0 -1
		outer loop
			vertex 13.437404632568 1.2860211133957 0.19799999892712
			vertex 13.954618453979 1.4951038360596 0.19799999892712
			vertex 13.487446784973 1.2610000371933 0.19799999892712
		endloop
	endfacet
	facet normal -0.44721323048861 0.8944273735055 0
		outer loop
			vertex 13.487446784973 1.2610000371933 0.19799999892712
			vertex 13.954825401306 1.4946891069412 0.19799999892712
			vertex 13.954825401306 1.4946891069412 0
		endloop
	endfacet
	facet normal 0 0 -1
		outer loop
			vertex 13.487446784973 1.2610000371933 0.19799999892712
			vertex 13.954618453979 1.4951038360596 0.19799999892712
			vertex 13.954825401306 1.4946891069412 0.19799999892712
		endloop
	endfacet
	facet normal 0.44721341823997 -0.89442727962989 0
		outer loop
			vertex 13.437404632568 1.3265061378479 0.19799999892712
			vertex 13.918614387512 1.5671108961105 0
			vertex 13.918614387512 1.5671108961105 0.19799999892712
		endloop
	endfacet
	facet normal 0 0 -1
		outer loop
			vertex 13.437404632568 1.2860211133957 0.19799999892712
			vertex 13.918822288513 1.5666961669922 0.19799999892712
			vertex 13.954618453979 1.4951038360596 0.19799999892712
		endloop
	endfacet
	facet normal 0 0 -1
		outer loop
			vertex 13.437404632568 1.2860211133957 0.19799999892712
			vertex 13.918614387512 1.5671108961105 0.19799999892712
			vertex 13.918822288513 1.5666961669922 0.19799999892712
		endloop
	endfacet
	facet normal -0.89478697632629 -0.44649330005819 -0
		outer loop
			vertex 13.954825401306 1.4946891069412 0.19799999892712
			vertex 13.954618453979 1.4951038360596 0
			vertex 13.954825401306 1.4946891069412 0
		endloop
	endfacet
	facet normal -0.89478697632629 -0.44649330005819 -0
		outer loop
			vertex 13.954618453979 1.4951038360596 0.19799999892712
			vertex 13.954618453979 1.4951038360596 0
			vertex 13.954825401306 1.4946891069412 0.19799999892712
		endloop
	endfacet
	facet normal -0.89396418445437 -0.44813841267273 -0
		outer loop
			vertex 13.918822288513 1.5666961669922 0.19799999892712
			vertex 13.918614387512 1.5671108961105 0
			vertex 13.918822288513 1.5666961669922 0
		endloop
	endfacet
	facet normal -0.89396418445437 -0.44813841267273 -0
		outer loop
			vertex 13.918614387512 1.5671108961105 0.19799999892712
			vertex 13.918614387512 1.5671108961105 0
			vertex 13.918822288513 1.5666961669922 0.19799999892712
		endloop
	endfacet
	facet normal 0.55556532691943 -0.83147289043294 0
		outer loop
			vertex 13.921227455139 1.5683032274246 0.19799999892712
			vertex 13.918822288513 1.5666961669922 0
			vertex 13.921227455139 1.5683032274246 0
		endloop
	endfacet
	facet normal 0.19510011325304 -0.98078333275431 0
		outer loop
			vertex 13.936719894409 1.5713850259781 0.19799999892712
			vertex 13.921227455139 1.5683032274246 0
			vertex 13.936719894409 1.5713850259781 0
		endloop
	endfacet
	facet normal -0.55557612553879 0.8314656750169 0
		outer loop
			vertex 13.954618453979 1.4951038360596 0.19799999892712
			vertex 13.965347290039 1.5022727251053 0
			vertex 13.954618453979 1.4951038360596 0
		endloop
	endfacet
	facet normal -0.19508856121121 -0.98078563064746 -0
		outer loop
			vertex 13.952213287354 1.5683032274246 0.19799999892712
			vertex 13.936719894409 1.5713850259781 0
			vertex 13.952213287354 1.5683032274246 0
		endloop
	endfacet
	facet normal -0.55557936535473 -0.83146351019876 -0
		outer loop
			vertex 13.965347290039 1.5595271587372 0.19799999892712
			vertex 13.952213287354 1.5683032274246 0
			vertex 13.965347290039 1.5595271587372 0
		endloop
	endfacet
	facet normal 0.55556532691943 -0.83147289043294 0
		outer loop
			vertex 13.921227455139 1.5683032274246 0.19799999892712
			vertex 13.918822288513 1.5666961669922 0.19799999892712
			vertex 13.918822288513 1.5666961669922 0
		endloop
	endfacet
	facet normal 0.19510011325304 -0.98078333275431 0
		outer loop
			vertex 13.921227455139 1.5683032274246 0.19799999892712
			vertex 13.921227455139 1.5683032274246 0
			vertex 13.936719894409 1.5713850259781 0.19799999892712
		endloop
	endfacet
	facet normal -0.55557612553879 0.8314656750169 0
		outer loop
			vertex 13.965347290039 1.5022727251053 0.19799999892712
			vertex 13.965347290039 1.5022727251053 0
			vertex 13.954618453979 1.4951038360596 0.19799999892712
		endloop
	endfacet
	facet normal -0.19508856121121 -0.98078563064746 -0
		outer loop
			vertex 13.936719894409 1.5713850259781 0.19799999892712
			vertex 13.936719894409 1.5713850259781 0
			vertex 13.952213287354 1.5683032274246 0.19799999892712
		endloop
	endfacet
	facet normal -0.55557936535473 -0.83146351019876 -0
		outer loop
			vertex 13.952213287354 1.5683032274246 0.19799999892712
			vertex 13.952213287354 1.5683032274246 0
			vertex 13.965347290039 1.5595271587372 0.19799999892712
		endloop
	endfacet
	facet normal 0 -0 -1
		outer loop
			vertex 13.921227455139 1.5683032274246 0.19799999892712
			vertex 13.936719894409 1.5713850259781 0.19799999892712
			vertex 13.918822288513 1.5666961669922 0.19799999892712
		endloop
	endfacet
	facet normal 0 0 -1
		outer loop
			vertex 13.918822288513 1.5666961669922 0.19799999892712
			vertex 13.965347290039 1.5022727251053 0.19799999892712
			vertex 13.954618453979 1.4951038360596 0.19799999892712
		endloop
	endfacet
	facet normal 0 0 -1
		outer loop
			vertex 13.918822288513 1.5666961669922 0.19799999892712
			vertex 13.952213287354 1.5683032274246 0.19799999892712
			vertex 13.965347290039 1.5022727251053 0.19799999892712
		endloop
	endfacet
	facet normal 0 0 -1
		outer loop
			vertex 13.918822288513 1.5666961669922 0.19799999892712
			vertex 13.936719894409 1.5713850259781 0.19799999892712
			vertex 13.952213287354 1.5683032274246 0.19799999892712
		endloop
	endfacet
	facet normal 0 0 -1
		outer loop
			vertex 13.952213287354 1.5683032274246 0.19799999892712
			vertex 13.965347290039 1.5595271587372 0.19799999892712
			vertex 13.965347290039 1.5022727251053 0.19799999892712
		endloop
	endfacet
	facet normal -0.83148095638576 0.55555325502405 0
		outer loop
			vertex 13.965347290039 1.5022727251053 0.19799999892712
			vertex 13.974123001099 1.5154070854187 0
			vertex 13.965347290039 1.5022727251053 0
		endloop
	endfacet
	facet normal -0.98077870533518 -0.19512337420475 -0
		outer loop
			vertex 13.977205276489 1.5309000015259 0.19799999892712
			vertex 13.974123001099 1.5463929176331 0
			vertex 13.977205276489 1.5309000015259 0
		endloop
	endfacet
	facet normal -0.98077870533518 0.19512337420475 0
		outer loop
			vertex 13.974123001099 1.5154070854187 0.19799999892712
			vertex 13.977205276489 1.5309000015259 0
			vertex 13.974123001099 1.5154070854187 0
		endloop
	endfacet
	facet normal -0.83147862717407 -0.55555674107396 -0
		outer loop
			vertex 13.974123001099 1.5463929176331 0.19799999892712
			vertex 13.965347290039 1.5595271587372 0
			vertex 13.974123001099 1.5463929176331 0
		endloop
	endfacet
	facet normal -0.83148095638576 0.55555325502405 0
		outer loop
			vertex 13.974123001099 1.5154070854187 0.19799999892712
			vertex 13.974123001099 1.5154070854187 0
			vertex 13.965347290039 1.5022727251053 0.19799999892712
		endloop
	endfacet
	facet normal -0.98077870533518 0.19512337420475 0
		outer loop
			vertex 13.977205276489 1.5309000015259 0.19799999892712
			vertex 13.977205276489 1.5309000015259 0
			vertex 13.974123001099 1.5154070854187 0.19799999892712
		endloop
	endfacet
	facet normal -0.83147862717407 -0.55555674107396 -0
		outer loop
			vertex 13.965347290039 1.5595271587372 0.19799999892712
			vertex 13.965347290039 1.5595271587372 0
			vertex 13.974123001099 1.5463929176331 0.19799999892712
		endloop
	endfacet
	facet normal -0.98077870533518 -0.19512337420475 -0
		outer loop
			vertex 13.974123001099 1.5463929176331 0.19799999892712
			vertex 13.974123001099 1.5463929176331 0
			vertex 13.977205276489 1.5309000015259 0.19799999892712
		endloop
	endfacet
	facet normal 0 0 -1
		outer loop
			vertex 13.974123001099 1.5463929176331 0.19799999892712
			vertex 13.977205276489 1.5309000015259 0.19799999892712
			vertex 13.974123001099 1.5154070854187 0.19799999892712
		endloop
	endfacet
	facet normal 0 0 -1
		outer loop
			vertex 13.965347290039 1.5595271587372 0.19799999892712
			vertex 13.974123001099 1.5154070854187 0.19799999892712
			vertex 13.965347290039 1.5022727251053 0.19799999892712
		endloop
	endfacet
	facet normal 0 0 -1
		outer loop
			vertex 13.965347290039 1.5595271587372 0.19799999892712
			vertex 13.974123001099 1.5463929176331 0.19799999892712
			vertex 13.974123001099 1.5154070854187 0.19799999892712
		endloop
	endfacet
	facet normal 0 -0 -1
		outer loop
			vertex 14.084755897522 1.4249975681305 0.19799999892712
			vertex 14.085165023804 1.4061706066132 0.19799999892712
			vertex 14.083565711975 1.4149004220963 0.19799999892712
		endloop
	endfacet
	facet normal 0.70710756197346 -0.70710600039878 0
		outer loop
			vertex 14.016053199768 1.4515671730042 0.19799999892712
			vertex 14.016053199768 1.4515671730042 0
			vertex 14.124012947083 1.5595271587372 0
		endloop
	endfacet
	facet normal 0.70710756197346 -0.70710600039878 0
		outer loop
			vertex 14.124012947083 1.5595271587372 0.19799999892712
			vertex 14.016053199768 1.4515671730042 0.19799999892712
			vertex 14.124012947083 1.5595271587372 0
		endloop
	endfacet
	facet normal 0 0 -1
		outer loop
			vertex 14.016053199768 1.4515671730042 0.19799999892712
			vertex 14.061762809753 1.4523512125015 0.19799999892712
			vertex 14.044679641724 1.4229400157928 0.19799999892712
		endloop
	endfacet
	facet normal 0 0 -1
		outer loop
			vertex 14.061762809753 1.4523512125015 0.19799999892712
			vertex 14.079001426697 1.4229400157928 0.19799999892712
			vertex 14.073307037354 1.4229400157928 0.19799999892712
		endloop
	endfacet
	facet normal 0 0 -1
		outer loop
			vertex 14.061762809753 1.4523512125015 0.19799999892712
			vertex 14.083956718445 1.4290130138397 0.19799999892712
			vertex 14.079001426697 1.4229400157928 0.19799999892712
		endloop
	endfacet
	facet normal 0 0 -1
		outer loop
			vertex 14.083956718445 1.4290130138397 0.19799999892712
			vertex 14.082083702087 1.4229400157928 0.19799999892712
			vertex 14.079001426697 1.4229400157928 0.19799999892712
		endloop
	endfacet
	facet normal 0 0 -1
		outer loop
			vertex 14.115236282349 1.5444175004959 0.19799999892712
			vertex 14.061762809753 1.4523512125015 0.19799999892712
			vertex 14.016053199768 1.4515671730042 0.19799999892712
		endloop
	endfacet
	facet normal 0 0 -1
		outer loop
			vertex 14.113363265991 1.524827003479 0.19799999892712
			vertex 14.083956718445 1.4290130138397 0.19799999892712
			vertex 14.061762809753 1.4523512125015 0.19799999892712
		endloop
	endfacet
	facet normal 0 0 -1
		outer loop
			vertex 14.124012947083 1.5595271587372 0.19799999892712
			vertex 14.115236282349 1.5444175004959 0.19799999892712
			vertex 14.016053199768 1.4515671730042 0.19799999892712
		endloop
	endfacet
	facet normal -0.70710528030986 0.70710828206005 0
		outer loop
			vertex 14.085165023804 1.4061706066132 0.19799999892712
			vertex 14.169409751892 1.4904149770737 0
			vertex 14.085165023804 1.4061706066132 0
		endloop
	endfacet
	facet normal -0.70710528030986 0.70710828206005 0
		outer loop
			vertex 14.169409751892 1.4904149770737 0.19799999892712
			vertex 14.169409751892 1.4904149770737 0
			vertex 14.085165023804 1.4061706066132 0.19799999892712
		endloop
	endfacet
	facet normal 0 0 -1
		outer loop
			vertex 14.130918502808 1.4976586103439 0.19799999892712
			vertex 14.084755897522 1.4249975681305 0.19799999892712
			vertex 14.083956718445 1.4290130138397 0.19799999892712
		endloop
	endfacet
	facet normal 0 0 -1
		outer loop
			vertex 14.169409751892 1.4904149770737 0.19799999892712
			vertex 14.085165023804 1.4061706066132 0.19799999892712
			vertex 14.084755897522 1.4249975681305 0.19799999892712
		endloop
	endfacet
	facet normal 0 -0 -1
		outer loop
			vertex 14.113363265991 1.524827003479 0.19799999892712
			vertex 14.130918502808 1.4976586103439 0.19799999892712
			vertex 14.083956718445 1.4290130138397 0.19799999892712
		endloop
	endfacet
	facet normal 0 -0 -1
		outer loop
			vertex 14.130918502808 1.4976586103439 0.19799999892712
			vertex 14.168132781982 1.4934967756271 0.19799999892712
			vertex 14.084755897522 1.4249975681305 0.19799999892712
		endloop
	endfacet
	facet normal 0 -0 -1
		outer loop
			vertex 14.168132781982 1.4934967756271 0.19799999892712
			vertex 14.169409751892 1.4904149770737 0.19799999892712
			vertex 14.084755897522 1.4249975681305 0.19799999892712
		endloop
	endfacet
	facet normal 0 0 -1
		outer loop
			vertex 14.115236282349 1.5444175004959 0.19799999892712
			vertex 14.113363265991 1.524827003479 0.19799999892712
			vertex 14.061762809753 1.4523512125015 0.19799999892712
		endloop
	endfacet
	facet normal 0 -0 -1
		outer loop
			vertex 14.124012947083 1.5595271587372 0.19799999892712
			vertex 14.130918502808 1.4976586103439 0.19799999892712
			vertex 14.115236282349 1.5309321880341 0.19799999892712
		endloop
	endfacet
	facet normal 0 -0 -1
		outer loop
			vertex 14.115236282349 1.5309321880341 0.19799999892712
			vertex 14.130918502808 1.4976586103439 0.19799999892712
			vertex 14.113363265991 1.524827003479 0.19799999892712
		endloop
	endfacet
	facet normal 0 -0 -1
		outer loop
			vertex 14.152640342712 1.5309000015259 0.19799999892712
			vertex 14.168132781982 1.4934967756271 0.19799999892712
			vertex 14.146466255188 1.5214521884918 0.19799999892712
		endloop
	endfacet
	facet normal 0 -0 -1
		outer loop
			vertex 14.146466255188 1.5214521884918 0.19799999892712
			vertex 14.168132781982 1.4934967756271 0.19799999892712
			vertex 14.130918502808 1.4976586103439 0.19799999892712
		endloop
	endfacet
	facet normal 0 -0 -1
		outer loop
			vertex 14.174066543579 1.4974611997604 0.19799999892712
			vertex 14.174999237061 1.49600481987 0.19799999892712
			vertex 14.168132781982 1.4934967756271 0.19799999892712
		endloop
	endfacet
	facet normal 0 0 -1
		outer loop
			vertex 14.174999237061 1.49600481987 0.19799999892712
			vertex 14.169409751892 1.4904149770737 0.19799999892712
			vertex 14.168132781982 1.4934967756271 0.19799999892712
		endloop
	endfacet
	facet normal 1 0 0
		outer loop
			vertex 14.004195213318 1.4229400157928 0.19799999892712
			vertex 14.004195213318 1.0990600585938 0.19799999892712
			vertex 14.004195213318 1.0990600585938 0
		endloop
	endfacet
	facet normal -1 0 0
		outer loop
			vertex 14.085165023804 1.1158294677734 0.19799999892712
			vertex 14.085165023804 1.4061706066132 0
			vertex 14.085165023804 1.1158294677734 0
		endloop
	endfacet
	facet normal 0 -0 -1
		outer loop
			vertex 14.007276535034 1.4106130599976 0.19799999892712
			vertex 14.074833869934 1.1200128793716 0.19799999892712
			vertex 14.004195213318 1.0990600585938 0.19799999892712
		endloop
	endfacet
	facet normal 0 0 -1
		outer loop
			vertex 14.079575538635 1.1214191913605 0.19799999892712
			vertex 14.075121879578 1.1185655593872 0.19799999892712
			vertex 14.074833869934 1.1200128793716 0.19799999892712
		endloop
	endfacet
	facet normal 0 0 -1
		outer loop
			vertex 14.007276535034 1.4106130599976 0.19799999892712
			vertex 14.079575538635 1.1214191913605 0.19799999892712
			vertex 14.074833869934 1.1200128793716 0.19799999892712
		endloop
	endfacet
	facet normal 0 -0 -1
		outer loop
			vertex 14.085165023804 1.4061706066132 0.19799999892712
			vertex 14.085165023804 1.1158294677734 0.19799999892712
			vertex 14.079575538635 1.1214191913605 0.19799999892712
		endloop
	endfacet
	facet normal 1 0 0
		outer loop
			vertex 14.004195213318 1.4229400157928 0.19799999892712
			vertex 14.004195213318 1.0990600585938 0
			vertex 14.004195213318 1.4229400157928 0
		endloop
	endfacet
	facet normal -1 -0 -0
		outer loop
			vertex 14.085165023804 1.4061706066132 0.19799999892712
			vertex 14.085165023804 1.4061706066132 0
			vertex 14.085165023804 1.1158294677734 0.19799999892712
		endloop
	endfacet
	facet normal 0 0 -1
		outer loop
			vertex 14.004195213318 1.4229400157928 0.19799999892712
			vertex 14.007276535034 1.4106130599976 0.19799999892712
			vertex 14.004195213318 1.0990600585938 0.19799999892712
		endloop
	endfacet
	facet normal 0 -0 -1
		outer loop
			vertex 14.010358810425 1.4229400157928 0.19799999892712
			vertex 14.079575538635 1.1214191913605 0.19799999892712
			vertex 14.007276535034 1.4106130599976 0.19799999892712
		endloop
	endfacet
	facet normal 0 0 -1
		outer loop
			vertex 14.010358810425 1.4229400157928 0.19799999892712
			vertex 14.044679641724 1.4229400157928 0.19799999892712
			vertex 14.079575538635 1.1214191913605 0.19799999892712
		endloop
	endfacet
	facet normal 0 0 -1
		outer loop
			vertex 14.044679641724 1.4229400157928 0.19799999892712
			vertex 14.073307037354 1.4110822677612 0.19799999892712
			vertex 14.079575538635 1.1214191913605 0.19799999892712
		endloop
	endfacet
	facet normal 0 0 -1
		outer loop
			vertex 14.073307037354 1.4110822677612 0.19799999892712
			vertex 14.085165023804 1.4061706066132 0.19799999892712
			vertex 14.079575538635 1.1214191913605 0.19799999892712
		endloop
	endfacet
	facet normal 0 -0 -1
		outer loop
			vertex 14.079001426697 1.4229400157928 0.19799999892712
			vertex 14.083565711975 1.4149004220963 0.19799999892712
			vertex 14.073307037354 1.4110822677612 0.19799999892712
		endloop
	endfacet
	facet normal 0 0 -1
		outer loop
			vertex 14.073307037354 1.4110822677612 0.19799999892712
			vertex 14.083565711975 1.4149004220963 0.19799999892712
			vertex 14.085165023804 1.4061706066132 0.19799999892712
		endloop
	endfacet
	facet normal 0 0 -1
		outer loop
			vertex 14.079001426697 1.4229400157928 0.19799999892712
			vertex 14.082083702087 1.4229400157928 0.19799999892712
			vertex 14.083565711975 1.4149004220963 0.19799999892712
		endloop
	endfacet
	facet normal 0.70710756197346 0.70710600039878 0
		outer loop
			vertex 14.016053199768 1.0704327821732 0.19799999892712
			vertex 14.124012947083 0.96247279644012 0.19799999892712
			vertex 14.124012947083 0.96247279644012 0
		endloop
	endfacet
	facet normal 0.70710756197346 0.70710600039878 0
		outer loop
			vertex 14.016053199768 1.0704327821732 0.19799999892712
			vertex 14.124012947083 0.96247279644012 0
			vertex 14.016053199768 1.0704327821732 0
		endloop
	endfacet
	facet normal 0 0 -1
		outer loop
			vertex 14.029187202454 1.0628041028976 0.19799999892712
			vertex 14.124012947083 1.007727265358 0.19799999892712
			vertex 14.124012947083 0.96247279644012 0.19799999892712
		endloop
	endfacet
	facet normal 0 0 -1
		outer loop
			vertex 14.016053199768 1.0704327821732 0.19799999892712
			vertex 14.029187202454 1.0628041028976 0.19799999892712
			vertex 14.124012947083 0.96247279644012 0.19799999892712
		endloop
	endfacet
	facet normal 0 -0 -1
		outer loop
			vertex 14.053936004639 1.0930116176605 0.19799999892712
			vertex 14.073307037354 1.0803533792496 0.19799999892712
			vertex 14.044679641724 1.0616468191147 0.19799999892712
		endloop
	endfacet
	facet normal 0 0 -1
		outer loop
			vertex 14.029187202454 1.0628041028976 0.19799999892712
			vertex 14.04402923584 1.061846613884 0.19799999892712
			vertex 14.124012947083 1.007727265358 0.19799999892712
		endloop
	endfacet
	facet normal 0 0 -1
		outer loop
			vertex 14.04402923584 1.061846613884 0.19799999892712
			vertex 14.044679641724 1.0616468191147 0.19799999892712
			vertex 14.124012947083 1.007727265358 0.19799999892712
		endloop
	endfacet
	facet normal 0 -0 -1
		outer loop
			vertex 14.073307037354 1.0803533792496 0.19799999892712
			vertex 14.152640342712 1.0285130739212 0.19799999892712
			vertex 14.044679641724 1.0616468191147 0.19799999892712
		endloop
	endfacet
	facet normal 0 0 -1
		outer loop
			vertex 14.085165023804 1.1158294677734 0.19799999892712
			vertex 14.073307037354 1.0803533792496 0.19799999892712
			vertex 14.076389312744 1.1121942996979 0.19799999892712
		endloop
	endfacet
	facet normal 0 0 -1
		outer loop
			vertex 14.079575538635 1.1214191913605 0.19799999892712
			vertex 14.076389312744 1.1121942996979 0.19799999892712
			vertex 14.075121879578 1.1185655593872 0.19799999892712
		endloop
	endfacet
	facet normal 0 -0 -1
		outer loop
			vertex 14.079575538635 1.1214191913605 0.19799999892712
			vertex 14.085165023804 1.1158294677734 0.19799999892712
			vertex 14.076389312744 1.1121942996979 0.19799999892712
		endloop
	endfacet
	facet normal -0.70710578060315 -0.70710778176853 -0
		outer loop
			vertex 14.169409751892 1.0315849781036 0.19799999892712
			vertex 14.085165023804 1.1158294677734 0
			vertex 14.169409751892 1.0315849781036 0
		endloop
	endfacet
	facet normal -0.70710578060315 -0.70710778176853 -0
		outer loop
			vertex 14.085165023804 1.1158294677734 0.19799999892712
			vertex 14.085165023804 1.1158294677734 0
			vertex 14.169409751892 1.0315849781036 0.19799999892712
		endloop
	endfacet
	facet normal 0 0 -1
		outer loop
			vertex 14.152640342712 1.0285130739212 0.19799999892712
			vertex 14.143534660339 0.99638831615448 0.19799999892712
			vertex 14.124012947083 1.007727265358 0.19799999892712
		endloop
	endfacet
	facet normal 0 0 -1
		outer loop
			vertex 14.044679641724 1.0616468191147 0.19799999892712
			vertex 14.152640342712 1.0285130739212 0.19799999892712
			vertex 14.124012947083 1.007727265358 0.19799999892712
		endloop
	endfacet
	facet normal 0 -0 -1
		outer loop
			vertex 14.085165023804 1.1158294677734 0.19799999892712
			vertex 14.152640342712 1.0285130739212 0.19799999892712
			vertex 14.073307037354 1.0803533792496 0.19799999892712
		endloop
	endfacet
	facet normal 0 0 -1
		outer loop
			vertex 14.085165023804 1.1158294677734 0.19799999892712
			vertex 14.15322971344 1.0286210775375 0.19799999892712
			vertex 14.152640342712 1.0285130739212 0.19799999892712
		endloop
	endfacet
	facet normal 0 0 -1
		outer loop
			vertex 14.085165023804 1.1158294677734 0.19799999892712
			vertex 14.169409751892 1.0315849781036 0.19799999892712
			vertex 14.15322971344 1.0286210775375 0.19799999892712
		endloop
	endfacet
	facet normal 0 0 -1
		outer loop
			vertex 14.181266784668 0.99441301822662 0.19799999892712
			vertex 14.168132781982 0.95448821783066 0.19799999892712
			vertex 14.17505645752 0.99369430541992 0.19799999892712
		endloop
	endfacet
	facet normal 0 -0 -1
		outer loop
			vertex 14.169409751892 1.0315849781036 0.19799999892712
			vertex 14.181266784668 0.99441301822662 0.19799999892712
			vertex 14.168132781982 1.0285032987595 0.19799999892712
		endloop
	endfacet
	facet normal 0 0 -1
		outer loop
			vertex 14.15322971344 1.0286210775375 0.19799999892712
			vertex 14.169409751892 1.0315849781036 0.19799999892712
			vertex 14.168132781982 1.0285032987595 0.19799999892712
		endloop
	endfacet
	facet normal 0 1 0
		outer loop
			vertex 14.152640342712 0.95061498880386 0.19799999892712
			vertex 14.476519584656 0.95061498880386 0
			vertex 14.152640342712 0.95061498880386 0
		endloop
	endfacet
	facet normal 0 -1 0
		outer loop
			vertex 14.169409751892 1.0315849781036 0.19799999892712
			vertex 14.169409751892 1.0315849781036 0
			vertex 14.459750175476 1.0315849781036 0.19799999892712
		endloop
	endfacet
	facet normal 0 0 -1
		outer loop
			vertex 14.152640342712 0.95061498880386 0.19799999892712
			vertex 14.168132781982 0.95448821783066 0.19799999892712
			vertex 14.454675674438 1.0242593288422 0.19799999892712
		endloop
	endfacet
	facet normal 0 -0 -1
		outer loop
			vertex 14.181266784668 0.99441301822662 0.19799999892712
			vertex 14.454160690308 1.0259951353073 0.19799999892712
			vertex 14.168132781982 0.95448821783066 0.19799999892712
		endloop
	endfacet
	facet normal 0 0 -1
		outer loop
			vertex 14.169409751892 1.0315849781036 0.19799999892712
			vertex 14.454160690308 1.0259951353073 0.19799999892712
			vertex 14.181266784668 0.99441301822662 0.19799999892712
		endloop
	endfacet
	facet normal -0 1 0
		outer loop
			vertex 14.152640342712 0.95061498880386 0.19799999892712
			vertex 14.476519584656 0.95061498880386 0.19799999892712
			vertex 14.476519584656 0.95061498880386 0
		endloop
	endfacet
	facet normal 0 -1 -0
		outer loop
			vertex 14.459750175476 1.0315849781036 0.19799999892712
			vertex 14.169409751892 1.0315849781036 0
			vertex 14.459750175476 1.0315849781036 0
		endloop
	endfacet
	facet normal 0 0 -1
		outer loop
			vertex 14.152640342712 0.95061498880386 0.19799999892712
			vertex 14.454675674438 1.0242593288422 0.19799999892712
			vertex 14.476519584656 0.95061498880386 0.19799999892712
		endloop
	endfacet
	facet normal 0 0 -1
		outer loop
			vertex 14.168132781982 0.95448821783066 0.19799999892712
			vertex 14.454160690308 1.0259951353073 0.19799999892712
			vertex 14.454675674438 1.0242593288422 0.19799999892712
		endloop
	endfacet
	facet normal 0 0 -1
		outer loop
			vertex 14.169409751892 1.0315849781036 0.19799999892712
			vertex 14.459750175476 1.0315849781036 0.19799999892712
			vertex 14.454160690308 1.0259951353073 0.19799999892712
		endloop
	endfacet
	facet normal 0 0 -1
		outer loop
			vertex 14.454160690308 1.0259951353073 0.19799999892712
			vertex 14.455094337463 1.0245388746262 0.19799999892712
			vertex 14.454675674438 1.0242593288422 0.19799999892712
		endloop
	endfacet
	facet normal 0 -0 -1
		outer loop
			vertex 14.459750175476 1.0315849781036 0.19799999892712
			vertex 14.476519584656 0.99110001325607 0.19799999892712
			vertex 14.455094337463 1.0245388746262 0.19799999892712
		endloop
	endfacet
	facet normal 0 0 -1
		outer loop
			vertex 14.459750175476 1.0315849781036 0.19799999892712
			vertex 14.494101524353 1.0180050134659 0.19799999892712
			vertex 14.476519584656 0.99110001325607 0.19799999892712
		endloop
	endfacet
	facet normal 0 0 -1
		outer loop
			vertex 14.459750175476 1.0315849781036 0.19799999892712
			vertex 14.455094337463 1.0245388746262 0.19799999892712
			vertex 14.454160690308 1.0259951353073 0.19799999892712
		endloop
	endfacet
	facet normal -0.70710443883099 0.70710912353434 0
		outer loop
			vertex 14.505146980286 0.96247279644012 0.19799999892712
			vertex 14.613107681274 1.0704327821732 0
			vertex 14.505146980286 0.96247279644012 0
		endloop
	endfacet
	facet normal 0.70710578060315 -0.70710778176853 0
		outer loop
			vertex 14.543994903564 1.1158294677734 0.19799999892712
			vertex 14.459750175476 1.0315849781036 0
			vertex 14.543994903564 1.1158294677734 0
		endloop
	endfacet
	facet normal 0.70710578060315 -0.70710778176853 0
		outer loop
			vertex 14.543994903564 1.1158294677734 0.19799999892712
			vertex 14.459750175476 1.0315849781036 0.19799999892712
			vertex 14.459750175476 1.0315849781036 0
		endloop
	endfacet
	facet normal -0.70710443883099 0.70710912353434 0
		outer loop
			vertex 14.613107681274 1.0704327821732 0.19799999892712
			vertex 14.613107681274 1.0704327821732 0
			vertex 14.505146980286 0.96247279644012 0.19799999892712
		endloop
	endfacet
	facet normal 0 0 -1
		outer loop
			vertex 14.494101524353 1.0180050134659 0.19799999892712
			vertex 14.51392364502 0.99106782674789 0.19799999892712
			vertex 14.505146980286 0.96247279644012 0.19799999892712
		endloop
	endfacet
	facet normal 0 0 -1
		outer loop
			vertex 14.564497947693 1.064656496048 0.19799999892712
			vertex 14.51392364502 0.97758251428604 0.19799999892712
			vertex 14.51392364502 0.99106782674789 0.19799999892712
		endloop
	endfacet
	facet normal 0 0 -1
		outer loop
			vertex 14.544404029846 1.0970023870468 0.19799999892712
			vertex 14.494101524353 1.0180050134659 0.19799999892712
			vertex 14.459750175476 1.0315849781036 0.19799999892712
		endloop
	endfacet
	facet normal 0 0 -1
		outer loop
			vertex 14.545203208923 1.0929869413376 0.19799999892712
			vertex 14.51392364502 0.99106782674789 0.19799999892712
			vertex 14.494101524353 1.0180050134659 0.19799999892712
		endloop
	endfacet
	facet normal 0 -0 -1
		outer loop
			vertex 14.545203208923 1.0929869413376 0.19799999892712
			vertex 14.564497947693 1.064656496048 0.19799999892712
			vertex 14.51392364502 0.99106782674789 0.19799999892712
		endloop
	endfacet
	facet normal 0 -0 -1
		outer loop
			vertex 14.543994903564 1.1158294677734 0.19799999892712
			vertex 14.544404029846 1.0970023870468 0.19799999892712
			vertex 14.459750175476 1.0315849781036 0.19799999892712
		endloop
	endfacet
	facet normal 0 -0 -1
		outer loop
			vertex 14.544404029846 1.0970023870468 0.19799999892712
			vertex 14.545203208923 1.0929869413376 0.19799999892712
			vertex 14.494101524353 1.0180050134659 0.19799999892712
		endloop
	endfacet
	facet normal 0 0 -1
		outer loop
			vertex 14.613107681274 1.0704327821732 0.19799999892712
			vertex 14.505146980286 0.96247279644012 0.19799999892712
			vertex 14.51392364502 0.97758251428604 0.19799999892712
		endloop
	endfacet
	facet normal 0 -0 -1
		outer loop
			vertex 14.564497947693 1.064656496048 0.19799999892712
			vertex 14.613107681274 1.0704327821732 0.19799999892712
			vertex 14.51392364502 0.97758251428604 0.19799999892712
		endloop
	endfacet
	facet normal 0 -0 -1
		outer loop
			vertex 14.547077178955 1.0990600585938 0.19799999892712
			vertex 14.550158500671 1.0990600585938 0.19799999892712
			vertex 14.545203208923 1.0929869413376 0.19799999892712
		endloop
	endfacet
	facet normal 0 0 -1
		outer loop
			vertex 14.550158500671 1.0990600585938 0.19799999892712
			vertex 14.555852890015 1.0990600585938 0.19799999892712
			vertex 14.564497947693 1.064656496048 0.19799999892712
		endloop
	endfacet
	facet normal 0 -0 -1
		outer loop
			vertex 14.550158500671 1.0990600585938 0.19799999892712
			vertex 14.564497947693 1.064656496048 0.19799999892712
			vertex 14.545203208923 1.0929869413376 0.19799999892712
		endloop
	endfacet
	facet normal 0 0 -1
		outer loop
			vertex 14.564497947693 1.064656496048 0.19799999892712
			vertex 14.584480285645 1.0990600585938 0.19799999892712
			vertex 14.613107681274 1.0704327821732 0.19799999892712
		endloop
	endfacet
	facet normal 0 0 -1
		outer loop
			vertex 14.543994903564 1.1158294677734 0.19799999892712
			vertex 14.545594215393 1.1070995330811 0.19799999892712
			vertex 14.544404029846 1.0970023870468 0.19799999892712
		endloop
	endfacet
	facet normal 0 0 -1
		outer loop
			vertex 14.545594215393 1.1070995330811 0.19799999892712
			vertex 14.550158500671 1.0990600585938 0.19799999892712
			vertex 14.547077178955 1.0990600585938 0.19799999892712
		endloop
	endfacet
	facet normal 1 0 0
		outer loop
			vertex 14.543994903564 1.4061706066132 0.19799999892712
			vertex 14.543994903564 1.1158294677734 0.19799999892712
			vertex 14.543994903564 1.1158294677734 0
		endloop
	endfacet
	facet normal 0 0 -1
		outer loop
			vertex 14.543994903564 1.1158294677734 0.19799999892712
			vertex 14.555852890015 1.1109178066254 0.19799999892712
			vertex 14.545594215393 1.1070995330811 0.19799999892712
		endloop
	endfacet
	facet normal 0 0 -1
		outer loop
			vertex 14.555852890015 1.1109178066254 0.19799999892712
			vertex 14.550158500671 1.0990600585938 0.19799999892712
			vertex 14.545594215393 1.1070995330811 0.19799999892712
		endloop
	endfacet
	facet normal 0 -0 -1
		outer loop
			vertex 14.549584388733 1.4005807638168 0.19799999892712
			vertex 14.555852890015 1.1109178066254 0.19799999892712
			vertex 14.543994903564 1.1158294677734 0.19799999892712
		endloop
	endfacet
	facet normal 0 0 -1
		outer loop
			vertex 14.549584388733 1.4005807638168 0.19799999892712
			vertex 14.584480285645 1.0990600585938 0.19799999892712
			vertex 14.555852890015 1.1109178066254 0.19799999892712
		endloop
	endfacet
	facet normal 0 0 -1
		outer loop
			vertex 14.549584388733 1.4005807638168 0.19799999892712
			vertex 14.618801116943 1.0990600585938 0.19799999892712
			vertex 14.584480285645 1.0990600585938 0.19799999892712
		endloop
	endfacet
	facet normal 0 0 -1
		outer loop
			vertex 14.549584388733 1.4005807638168 0.19799999892712
			vertex 14.621883392334 1.1113868951797 0.19799999892712
			vertex 14.618801116943 1.0990600585938 0.19799999892712
		endloop
	endfacet
	facet normal -1 0 0
		outer loop
			vertex 14.62496471405 1.0990600585938 0.19799999892712
			vertex 14.62496471405 1.4229400157928 0
			vertex 14.62496471405 1.0990600585938 0
		endloop
	endfacet
	facet normal 0 -0 -1
		outer loop
			vertex 14.62496471405 1.4229400157928 0.19799999892712
			vertex 14.62496471405 1.0990600585938 0.19799999892712
			vertex 14.621883392334 1.1113868951797 0.19799999892712
		endloop
	endfacet
	facet normal 1 0 0
		outer loop
			vertex 14.543994903564 1.4061706066132 0.19799999892712
			vertex 14.543994903564 1.1158294677734 0
			vertex 14.543994903564 1.4061706066132 0
		endloop
	endfacet
	facet normal 0 0 -1
		outer loop
			vertex 14.543994903564 1.4061706066132 0.19799999892712
			vertex 14.549584388733 1.4005807638168 0.19799999892712
			vertex 14.543994903564 1.1158294677734 0.19799999892712
		endloop
	endfacet
	facet normal 0 -0 -1
		outer loop
			vertex 14.551321029663 1.4010956287384 0.19799999892712
			vertex 14.621883392334 1.1113868951797 0.19799999892712
			vertex 14.549584388733 1.4005807638168 0.19799999892712
		endloop
	endfacet
	facet normal 0 -0 -1
		outer loop
			vertex 14.579131126404 1.409344792366 0.19799999892712
			vertex 14.621883392334 1.1113868951797 0.19799999892712
			vertex 14.551321029663 1.4010956287384 0.19799999892712
		endloop
	endfacet
	facet normal 0 -0 -1
		outer loop
			vertex 14.551041603088 1.4015139341354 0.19799999892712
			vertex 14.551321029663 1.4010956287384 0.19799999892712
			vertex 14.549584388733 1.4005807638168 0.19799999892712
		endloop
	endfacet
	facet normal -1 -0 -0
		outer loop
			vertex 14.62496471405 1.4229400157928 0.19799999892712
			vertex 14.62496471405 1.4229400157928 0
			vertex 14.62496471405 1.0990600585938 0.19799999892712
		endloop
	endfacet
	facet normal 0 0 -1
		outer loop
			vertex 14.62496471405 1.4229400157928 0.19799999892712
			vertex 14.621883392334 1.1113868951797 0.19799999892712
			vertex 14.579131126404 1.409344792366 0.19799999892712
		endloop
	endfacet
	facet normal 0 0 -1
		outer loop
			vertex 14.468480110168 1.492014169693 0.19799999892712
			vertex 14.476519584656 1.4934868812561 0.19799999892712
			vertex 14.478577613831 1.4908242225647 0.19799999892712
		endloop
	endfacet
	facet normal 0 -0 -1
		outer loop
			vertex 14.547077178955 1.4074470996857 0.19799999892712
			vertex 14.549584388733 1.4005807638168 0.19799999892712
			vertex 14.543994903564 1.4061706066132 0.19799999892712
		endloop
	endfacet
	facet normal 0 0 -1
		outer loop
			vertex 14.547077178955 1.4074470996857 0.19799999892712
			vertex 14.551041603088 1.4015139341354 0.19799999892712
			vertex 14.549584388733 1.4005807638168 0.19799999892712
		endloop
	endfacet
	facet normal 0.70710528030986 0.70710828206005 0
		outer loop
			vertex 14.459750175476 1.4904149770737 0.19799999892712
			vertex 14.543994903564 1.4061706066132 0
			vertex 14.459750175476 1.4904149770737 0
		endloop
	endfacet
	facet normal 0.70710528030986 0.70710828206005 0
		outer loop
			vertex 14.459750175476 1.4904149770737 0.19799999892712
			vertex 14.543994903564 1.4061706066132 0.19799999892712
			vertex 14.543994903564 1.4061706066132 0
		endloop
	endfacet
	facet normal -0.70710443883099 -0.70710912353434 -0
		outer loop
			vertex 14.505146980286 1.5595271587372 0.19799999892712
			vertex 14.505146980286 1.5595271587372 0
			vertex 14.613107681274 1.4515671730042 0.19799999892712
		endloop
	endfacet
	facet normal -0.70710443883099 -0.70710912353434 -0
		outer loop
			vertex 14.613107681274 1.4515671730042 0.19799999892712
			vertex 14.505146980286 1.5595271587372 0
			vertex 14.613107681274 1.4515671730042 0
		endloop
	endfacet
	facet normal 0 0 -1
		outer loop
			vertex 14.459750175476 1.4904149770737 0.19799999892712
			vertex 14.468480110168 1.492014169693 0.19799999892712
			vertex 14.543994903564 1.4061706066132 0.19799999892712
		endloop
	endfacet
	facet normal 0 -0 -1
		outer loop
			vertex 14.482592582703 1.491623044014 0.19799999892712
			vertex 14.555852890015 1.4416465759277 0.19799999892712
			vertex 14.478577613831 1.4908242225647 0.19799999892712
		endloop
	endfacet
	facet normal 0 0 -1
		outer loop
			vertex 14.468480110168 1.492014169693 0.19799999892712
			vertex 14.478577613831 1.4908242225647 0.19799999892712
			vertex 14.543994903564 1.4061706066132 0.19799999892712
		endloop
	endfacet
	facet normal 0 0 -1
		outer loop
			vertex 14.478577613831 1.4908242225647 0.19799999892712
			vertex 14.547077178955 1.4074470996857 0.19799999892712
			vertex 14.543994903564 1.4061706066132 0.19799999892712
		endloop
	endfacet
	facet normal 0 0 -1
		outer loop
			vertex 14.478577613831 1.4908242225647 0.19799999892712
			vertex 14.555852890015 1.4416465759277 0.19799999892712
			vertex 14.547077178955 1.4074470996857 0.19799999892712
		endloop
	endfacet
	facet normal 0 -0 -1
		outer loop
			vertex 14.505146980286 1.5142726898193 0.19799999892712
			vertex 14.584480285645 1.4603531360626 0.19799999892712
			vertex 14.482592582703 1.491623044014 0.19799999892712
		endloop
	endfacet
	facet normal 0 0 -1
		outer loop
			vertex 14.482592582703 1.491623044014 0.19799999892712
			vertex 14.584480285645 1.4603531360626 0.19799999892712
			vertex 14.555852890015 1.4416465759277 0.19799999892712
		endloop
	endfacet
	facet normal 0 -0 -1
		outer loop
			vertex 14.485625267029 1.5256116390228 0.19799999892712
			vertex 14.505146980286 1.5142726898193 0.19799999892712
			vertex 14.482592582703 1.491623044014 0.19799999892712
		endloop
	endfacet
	facet normal 0 0 -1
		outer loop
			vertex 14.505146980286 1.5595271587372 0.19799999892712
			vertex 14.599972724915 1.4591958522797 0.19799999892712
			vertex 14.505146980286 1.5142726898193 0.19799999892712
		endloop
	endfacet
	facet normal 0 0 -1
		outer loop
			vertex 14.555852890015 1.4416465759277 0.19799999892712
			vertex 14.552770614624 1.4098057746887 0.19799999892712
			vertex 14.547077178955 1.4074470996857 0.19799999892712
		endloop
	endfacet
	facet normal 0 0 -1
		outer loop
			vertex 14.555852890015 1.4416465759277 0.19799999892712
			vertex 14.584480285645 1.4603531360626 0.19799999892712
			vertex 14.575223922729 1.4289884567261 0.19799999892712
		endloop
	endfacet
	facet normal 0 0 -1
		outer loop
			vertex 14.505146980286 1.5595271587372 0.19799999892712
			vertex 14.600231170654 1.4590460062027 0.19799999892712
			vertex 14.599972724915 1.4591958522797 0.19799999892712
		endloop
	endfacet
	facet normal 0 0 -1
		outer loop
			vertex 14.505146980286 1.5595271587372 0.19799999892712
			vertex 14.613107681274 1.4515671730042 0.19799999892712
			vertex 14.600231170654 1.4590460062027 0.19799999892712
		endloop
	endfacet
	facet normal 0 0 -1
		outer loop
			vertex 14.505146980286 1.5142726898193 0.19799999892712
			vertex 14.585130691528 1.4601534605026 0.19799999892712
			vertex 14.584480285645 1.4603531360626 0.19799999892712
		endloop
	endfacet
	facet normal 0 0 -1
		outer loop
			vertex 14.505146980286 1.5142726898193 0.19799999892712
			vertex 14.599972724915 1.4591958522797 0.19799999892712
			vertex 14.585130691528 1.4601534605026 0.19799999892712
		endloop
	endfacet
	facet normal 0 0 -1
		outer loop
			vertex 14.600231170654 1.4590460062027 0.19799999892712
			vertex 14.613107681274 1.4515671730042 0.19799999892712
			vertex 14.600977897644 1.455289721489 0.19799999892712
		endloop
	endfacet
	facet normal 0 0 -1
		outer loop
			vertex 14.152640342712 1.5713850259781 0.19799999892712
			vertex 14.168132781982 1.5191533565521 0.19799999892712
			vertex 14.152640342712 1.5309000015259 0.19799999892712
		endloop
	endfacet
	facet normal 0 -0 -1
		outer loop
			vertex 14.17448425293 1.4977406263351 0.19799999892712
			vertex 14.174999237061 1.49600481987 0.19799999892712
			vertex 14.174066543579 1.4974611997604 0.19799999892712
		endloop
	endfacet
	facet normal 0 0 -1
		outer loop
			vertex 14.152640342712 1.5309000015259 0.19799999892712
			vertex 14.168132781982 1.5191533565521 0.19799999892712
			vertex 14.164318084717 1.5126740932465 0.19799999892712
		endloop
	endfacet
	facet normal 0 1 0
		outer loop
			vertex 14.169409751892 1.4904149770737 0.19799999892712
			vertex 14.459750175476 1.4904149770737 0
			vertex 14.169409751892 1.4904149770737 0
		endloop
	endfacet
	facet normal 0 -1 0
		outer loop
			vertex 14.152640342712 1.5713850259781 0.19799999892712
			vertex 14.152640342712 1.5713850259781 0
			vertex 14.476519584656 1.5713850259781 0.19799999892712
		endloop
	endfacet
	facet normal 0 -0 -1
		outer loop
			vertex 14.174999237061 1.49600481987 0.19799999892712
			vertex 14.459750175476 1.4904149770737 0.19799999892712
			vertex 14.169409751892 1.4904149770737 0.19799999892712
		endloop
	endfacet
	facet normal 0 0 -1
		outer loop
			vertex 14.168132781982 1.5191533565521 0.19799999892712
			vertex 14.461027145386 1.5675117969513 0.19799999892712
			vertex 14.17448425293 1.4977406263351 0.19799999892712
		endloop
	endfacet
	facet normal 0 0 -1
		outer loop
			vertex 14.17448425293 1.4977406263351 0.19799999892712
			vertex 14.461027145386 1.5675117969513 0.19799999892712
			vertex 14.174999237061 1.49600481987 0.19799999892712
		endloop
	endfacet
	facet normal 0 0 -1
		outer loop
			vertex 14.152640342712 1.5713850259781 0.19799999892712
			vertex 14.461176872253 1.5675492286682 0.19799999892712
			vertex 14.168132781982 1.5191533565521 0.19799999892712
		endloop
	endfacet
	facet normal -0 1 0
		outer loop
			vertex 14.169409751892 1.4904149770737 0.19799999892712
			vertex 14.459750175476 1.4904149770737 0.19799999892712
			vertex 14.459750175476 1.4904149770737 0
		endloop
	endfacet
	facet normal 0 -1 -0
		outer loop
			vertex 14.476519584656 1.5713850259781 0.19799999892712
			vertex 14.152640342712 1.5713850259781 0
			vertex 14.476519584656 1.5713850259781 0
		endloop
	endfacet
	facet normal 0 0 -1
		outer loop
			vertex 14.174999237061 1.49600481987 0.19799999892712
			vertex 14.461027145386 1.4934967756271 0.19799999892712
			vertex 14.459750175476 1.4904149770737 0.19799999892712
		endloop
	endfacet
	facet normal 0 0 -1
		outer loop
			vertex 14.174999237061 1.49600481987 0.19799999892712
			vertex 14.454103469849 1.5283056497574 0.19799999892712
			vertex 14.461027145386 1.4934967756271 0.19799999892712
		endloop
	endfacet
	facet normal 0 0 -1
		outer loop
			vertex 14.174999237061 1.49600481987 0.19799999892712
			vertex 14.461027145386 1.5675117969513 0.19799999892712
			vertex 14.454103469849 1.5283056497574 0.19799999892712
		endloop
	endfacet
	facet normal 0 0 -1
		outer loop
			vertex 14.168132781982 1.5191533565521 0.19799999892712
			vertex 14.461176872253 1.5675492286682 0.19799999892712
			vertex 14.461027145386 1.5675117969513 0.19799999892712
		endloop
	endfacet
	facet normal 0 0 -1
		outer loop
			vertex 14.152640342712 1.5713850259781 0.19799999892712
			vertex 14.476519584656 1.5713850259781 0.19799999892712
			vertex 14.461176872253 1.5675492286682 0.19799999892712
		endloop
	endfacet
	facet normal 0 -0 -1
		outer loop
			vertex 14.461027145386 1.4934967756271 0.19799999892712
			vertex 14.468480110168 1.492014169693 0.19799999892712
			vertex 14.459750175476 1.4904149770737 0.19799999892712
		endloop
	endfacet
	facet normal 0 0 -1
		outer loop
			vertex 14.454103469849 1.5283056497574 0.19799999892712
			vertex 14.461027145386 1.5291069746017 0.19799999892712
			vertex 14.461027145386 1.4934967756271 0.19799999892712
		endloop
	endfacet
	facet normal 0 0 -1
		outer loop
			vertex 14.461176872253 1.5675492286682 0.19799999892712
			vertex 14.476519584656 1.5713850259781 0.19799999892712
			vertex 14.476519584656 1.5309000015259 0.19799999892712
		endloop
	endfacet
	facet normal 0.19511984683305 -0.98077940709002 0
		outer loop
			vertex 14.152640342712 1.5713850259781 0.19799999892712
			vertex 14.151895523071 1.5712368488312 0
			vertex 14.152640342712 1.5713850259781 0
		endloop
	endfacet
	facet normal 0.19508856121121 -0.98078563064746 1.2234512499685e-07
		outer loop
			vertex 14.137146949768 1.5683032274246 0.19799999892712
			vertex 14.151895523071 1.5712368488312 0
			vertex 14.152640342712 1.5713850259781 0.19799999892712
		endloop
	endfacet
	facet normal 0 0 -1
		outer loop
			vertex 14.124012947083 1.5595271587372 0.19799999892712
			vertex 14.115236282349 1.5309321880341 0.19799999892712
			vertex 14.115236282349 1.5444175004959 0.19799999892712
		endloop
	endfacet
	facet normal 0 0 -1
		outer loop
			vertex 14.137146949768 1.5683032274246 0.19799999892712
			vertex 14.152640342712 1.5309000015259 0.19799999892712
			vertex 14.146466255188 1.5214521884918 0.19799999892712
		endloop
	endfacet
	facet normal 0 0 -1
		outer loop
			vertex 14.137146949768 1.5683032274246 0.19799999892712
			vertex 14.152640342712 1.5713850259781 0.19799999892712
			vertex 14.152640342712 1.5309000015259 0.19799999892712
		endloop
	endfacet
	facet normal 0 0 -1
		outer loop
			vertex 14.152640342712 1.5309000015259 0.19799999892712
			vertex 14.164318084717 1.5126740932465 0.19799999892712
			vertex 14.168132781982 1.4934967756271 0.19799999892712
		endloop
	endfacet
	facet normal 0 -0 -1
		outer loop
			vertex 14.168132781982 1.5191533565521 0.19799999892712
			vertex 14.168132781982 1.4934967756271 0.19799999892712
			vertex 14.164318084717 1.5126740932465 0.19799999892712
		endloop
	endfacet
	facet normal 0.98079025737698 -0.19506529941122 0
		outer loop
			vertex 14.007276535034 1.4384329319 0.19799999892712
			vertex 14.004195213318 1.4229400157928 0
			vertex 14.007276535034 1.4384329319 0
		endloop
	endfacet
	facet normal 0.83145073852668 -0.55559847858273 0
		outer loop
			vertex 14.016053199768 1.4515671730042 0.19799999892712
			vertex 14.007276535034 1.4384329319 0
			vertex 14.016053199768 1.4515671730042 0
		endloop
	endfacet
	facet normal 0.98079025737698 -0.19506529941122 0
		outer loop
			vertex 14.007276535034 1.4384329319 0.19799999892712
			vertex 14.004195213318 1.4229400157928 0.19799999892712
			vertex 14.004195213318 1.4229400157928 0
		endloop
	endfacet
	facet normal 0.83145073852668 -0.55559847858273 0
		outer loop
			vertex 14.016053199768 1.4515671730042 0.19799999892712
			vertex 14.007276535034 1.4384329319 0.19799999892712
			vertex 14.007276535034 1.4384329319 0
		endloop
	endfacet
	facet normal 0 0 -1
		outer loop
			vertex 14.016053199768 1.4515671730042 0.19799999892712
			vertex 14.010358810425 1.4229400157928 0.19799999892712
			vertex 14.007276535034 1.4384329319 0.19799999892712
		endloop
	endfacet
	facet normal 0 -0 -1
		outer loop
			vertex 14.007276535034 1.4384329319 0.19799999892712
			vertex 14.007276535034 1.4106130599976 0.19799999892712
			vertex 14.004195213318 1.4229400157928 0.19799999892712
		endloop
	endfacet
	facet normal 0 0 -1
		outer loop
			vertex 14.007276535034 1.4384329319 0.19799999892712
			vertex 14.010358810425 1.4229400157928 0.19799999892712
			vertex 14.007276535034 1.4106130599976 0.19799999892712
		endloop
	endfacet
	facet normal 0 -0 -1
		outer loop
			vertex 14.016053199768 1.4515671730042 0.19799999892712
			vertex 14.044679641724 1.4229400157928 0.19799999892712
			vertex 14.010358810425 1.4229400157928 0.19799999892712
		endloop
	endfacet
	facet normal 0 -0 -1
		outer loop
			vertex 14.061762809753 1.4523512125015 0.19799999892712
			vertex 14.073307037354 1.4229400157928 0.19799999892712
			vertex 14.044679641724 1.4229400157928 0.19799999892712
		endloop
	endfacet
	facet normal 0 0 -1
		outer loop
			vertex 14.044679641724 1.4229400157928 0.19799999892712
			vertex 14.073307037354 1.4229400157928 0.19799999892712
			vertex 14.073307037354 1.4110822677612 0.19799999892712
		endloop
	endfacet
	facet normal 0 0 -1
		outer loop
			vertex 14.073307037354 1.4229400157928 0.19799999892712
			vertex 14.079001426697 1.4229400157928 0.19799999892712
			vertex 14.073307037354 1.4110822677612 0.19799999892712
		endloop
	endfacet
	facet normal 0 -0 -1
		outer loop
			vertex 14.083956718445 1.4290130138397 0.19799999892712
			vertex 14.084755897522 1.4249975681305 0.19799999892712
			vertex 14.082083702087 1.4229400157928 0.19799999892712
		endloop
	endfacet
	facet normal 0 0 -1
		outer loop
			vertex 14.084755897522 1.4249975681305 0.19799999892712
			vertex 14.083565711975 1.4149004220963 0.19799999892712
			vertex 14.082083702087 1.4229400157928 0.19799999892712
		endloop
	endfacet
	facet normal 0.83145073852668 0.55559847858273 0
		outer loop
			vertex 14.007276535034 1.0835670232773 0.19799999892712
			vertex 14.016053199768 1.0704327821732 0
			vertex 14.007276535034 1.0835670232773 0
		endloop
	endfacet
	facet normal 0.98079054452663 0.19506385561439 0
		outer loop
			vertex 14.004195213318 1.0990600585938 0.19799999892712
			vertex 14.007276535034 1.0835670232773 0
			vertex 14.004195213318 1.0990600585938 0
		endloop
	endfacet
	facet normal 0.83145073852668 0.55559847858273 0
		outer loop
			vertex 14.007276535034 1.0835670232773 0.19799999892712
			vertex 14.016053199768 1.0704327821732 0.19799999892712
			vertex 14.016053199768 1.0704327821732 0
		endloop
	endfacet
	facet normal 0.98079054452663 0.19506385561439 0
		outer loop
			vertex 14.004195213318 1.0990600585938 0.19799999892712
			vertex 14.007276535034 1.0835670232773 0.19799999892712
			vertex 14.007276535034 1.0835670232773 0
		endloop
	endfacet
	facet normal 0 0 -1
		outer loop
			vertex 14.004195213318 1.0990600585938 0.19799999892712
			vertex 14.016053199768 1.0704327821732 0.19799999892712
			vertex 14.007276535034 1.0835670232773 0.19799999892712
		endloop
	endfacet
	facet normal 0 0 -1
		outer loop
			vertex 14.004195213318 1.0990600585938 0.19799999892712
			vertex 14.029187202454 1.0628041028976 0.19799999892712
			vertex 14.016053199768 1.0704327821732 0.19799999892712
		endloop
	endfacet
	facet normal 0 0 -1
		outer loop
			vertex 14.004195213318 1.0990600585938 0.19799999892712
			vertex 14.04402923584 1.061846613884 0.19799999892712
			vertex 14.029187202454 1.0628041028976 0.19799999892712
		endloop
	endfacet
	facet normal 0 0 -1
		outer loop
			vertex 14.004195213318 1.0990600585938 0.19799999892712
			vertex 14.044679641724 1.0616468191147 0.19799999892712
			vertex 14.04402923584 1.061846613884 0.19799999892712
		endloop
	endfacet
	facet normal 0 0 -1
		outer loop
			vertex 14.004195213318 1.0990600585938 0.19799999892712
			vertex 14.053936004639 1.0930116176605 0.19799999892712
			vertex 14.044679641724 1.0616468191147 0.19799999892712
		endloop
	endfacet
	facet normal 0 0 -1
		outer loop
			vertex 14.074833869934 1.1200128793716 0.19799999892712
			vertex 14.073307037354 1.0803533792496 0.19799999892712
			vertex 14.053936004639 1.0930116176605 0.19799999892712
		endloop
	endfacet
	facet normal 0 0 -1
		outer loop
			vertex 14.074833869934 1.1200128793716 0.19799999892712
			vertex 14.053936004639 1.0930116176605 0.19799999892712
			vertex 14.004195213318 1.0990600585938 0.19799999892712
		endloop
	endfacet
	facet normal 0 -0 -1
		outer loop
			vertex 14.074833869934 1.1200128793716 0.19799999892712
			vertex 14.075121879578 1.1185655593872 0.19799999892712
			vertex 14.073307037354 1.0803533792496 0.19799999892712
		endloop
	endfacet
	facet normal 0 -0 -1
		outer loop
			vertex 14.075121879578 1.1185655593872 0.19799999892712
			vertex 14.076389312744 1.1121942996979 0.19799999892712
			vertex 14.073307037354 1.0803533792496 0.19799999892712
		endloop
	endfacet
	facet normal 0.55557936535473 0.83146351019876 0
		outer loop
			vertex 14.124012947083 0.96247279644012 0.19799999892712
			vertex 14.137146949768 0.95369672775269 0
			vertex 14.124012947083 0.96247279644012 0
		endloop
	endfacet
	facet normal 0.19508493163156 0.98078635260199 0
		outer loop
			vertex 14.137146949768 0.95369672775269 0.19799999892712
			vertex 14.152640342712 0.95061498880386 0
			vertex 14.137146949768 0.95369672775269 0
		endloop
	endfacet
	facet normal 0.55557936535473 0.83146351019876 0
		outer loop
			vertex 14.124012947083 0.96247279644012 0.19799999892712
			vertex 14.137146949768 0.95369672775269 0.19799999892712
			vertex 14.137146949768 0.95369672775269 0
		endloop
	endfacet
	facet normal 0.19508493163156 0.98078635260199 0
		outer loop
			vertex 14.137146949768 0.95369672775269 0.19799999892712
			vertex 14.152640342712 0.95061498880386 0.19799999892712
			vertex 14.152640342712 0.95061498880386 0
		endloop
	endfacet
	facet normal 0 0 -1
		outer loop
			vertex 14.143534660339 0.99638831615448 0.19799999892712
			vertex 14.137146949768 0.95369672775269 0.19799999892712
			vertex 14.124012947083 0.96247279644012 0.19799999892712
		endloop
	endfacet
	facet normal 0 -0 -1
		outer loop
			vertex 14.143534660339 0.99638831615448 0.19799999892712
			vertex 14.152640342712 0.95061498880386 0.19799999892712
			vertex 14.137146949768 0.95369672775269 0.19799999892712
		endloop
	endfacet
	facet normal 0 0 -1
		outer loop
			vertex 14.124012947083 1.007727265358 0.19799999892712
			vertex 14.143534660339 0.99638831615448 0.19799999892712
			vertex 14.124012947083 0.96247279644012 0.19799999892712
		endloop
	endfacet
	facet normal 0 0 -1
		outer loop
			vertex 14.152640342712 1.0285130739212 0.19799999892712
			vertex 14.15322971344 1.0286210775375 0.19799999892712
			vertex 14.152640342712 0.95061498880386 0.19799999892712
		endloop
	endfacet
	facet normal 0 -0 -1
		outer loop
			vertex 14.152640342712 1.0285130739212 0.19799999892712
			vertex 14.152640342712 0.95061498880386 0.19799999892712
			vertex 14.143534660339 0.99638831615448 0.19799999892712
		endloop
	endfacet
	facet normal 0 -0 -1
		outer loop
			vertex 14.168132781982 1.0285032987595 0.19799999892712
			vertex 14.168132781982 0.95448821783066 0.19799999892712
			vertex 14.152640342712 0.95061498880386 0.19799999892712
		endloop
	endfacet
	facet normal 0 -0 -1
		outer loop
			vertex 14.15322971344 1.0286210775375 0.19799999892712
			vertex 14.168132781982 1.0285032987595 0.19799999892712
			vertex 14.152640342712 0.95061498880386 0.19799999892712
		endloop
	endfacet
	facet normal 0 0 -1
		outer loop
			vertex 14.168132781982 1.0285032987595 0.19799999892712
			vertex 14.17505645752 0.99369430541992 0.19799999892712
			vertex 14.168132781982 0.95448821783066 0.19799999892712
		endloop
	endfacet
	facet normal 0 0 -1
		outer loop
			vertex 14.168132781982 1.0285032987595 0.19799999892712
			vertex 14.181266784668 0.99441301822662 0.19799999892712
			vertex 14.17505645752 0.99369430541992 0.19799999892712
		endloop
	endfacet
	facet normal 0 0 -1
		outer loop
			vertex 14.454675674438 1.0242593288422 0.19799999892712
			vertex 14.455094337463 1.0245388746262 0.19799999892712
			vertex 14.476519584656 0.99110001325607 0.19799999892712
		endloop
	endfacet
	facet normal 0 0 -1
		outer loop
			vertex 14.454675674438 1.0242593288422 0.19799999892712
			vertex 14.476519584656 0.99110001325607 0.19799999892712
			vertex 14.476519584656 0.95061498880386 0.19799999892712
		endloop
	endfacet
	facet normal -0.19508493163156 0.98078635260199 0
		outer loop
			vertex 14.476519584656 0.95061498880386 0.19799999892712
			vertex 14.4920129776 0.95369672775269 0
			vertex 14.476519584656 0.95061498880386 0
		endloop
	endfacet
	facet normal -0.55557936535473 0.83146351019876 0
		outer loop
			vertex 14.4920129776 0.95369672775269 0.19799999892712
			vertex 14.505146980286 0.96247279644012 0
			vertex 14.4920129776 0.95369672775269 0
		endloop
	endfacet
	facet normal -0.19508493163156 0.98078635260199 0
		outer loop
			vertex 14.476519584656 0.95061498880386 0.19799999892712
			vertex 14.4920129776 0.95369672775269 0.19799999892712
			vertex 14.4920129776 0.95369672775269 0
		endloop
	endfacet
	facet normal -0.55557936535473 0.83146351019876 0
		outer loop
			vertex 14.505146980286 0.96247279644012 0.19799999892712
			vertex 14.505146980286 0.96247279644012 0
			vertex 14.4920129776 0.95369672775269 0.19799999892712
		endloop
	endfacet
	facet normal 0 0 -1
		outer loop
			vertex 14.476519584656 0.99110001325607 0.19799999892712
			vertex 14.4920129776 0.95369672775269 0.19799999892712
			vertex 14.476519584656 0.95061498880386 0.19799999892712
		endloop
	endfacet
	facet normal 0 -0 -1
		outer loop
			vertex 14.494101524353 1.0180050134659 0.19799999892712
			vertex 14.505146980286 0.96247279644012 0.19799999892712
			vertex 14.4920129776 0.95369672775269 0.19799999892712
		endloop
	endfacet
	facet normal 0 0 -1
		outer loop
			vertex 14.476519584656 0.99110001325607 0.19799999892712
			vertex 14.494101524353 1.0180050134659 0.19799999892712
			vertex 14.4920129776 0.95369672775269 0.19799999892712
		endloop
	endfacet
	facet normal 0 -0 -1
		outer loop
			vertex 14.51392364502 0.99106782674789 0.19799999892712
			vertex 14.51392364502 0.97758251428604 0.19799999892712
			vertex 14.505146980286 0.96247279644012 0.19799999892712
		endloop
	endfacet
	facet normal 0 -0 -1
		outer loop
			vertex 14.545594215393 1.1070995330811 0.19799999892712
			vertex 14.547077178955 1.0990600585938 0.19799999892712
			vertex 14.544404029846 1.0970023870468 0.19799999892712
		endloop
	endfacet
	facet normal 0 -0 -1
		outer loop
			vertex 14.555852890015 1.1109178066254 0.19799999892712
			vertex 14.555852890015 1.0990600585938 0.19799999892712
			vertex 14.550158500671 1.0990600585938 0.19799999892712
		endloop
	endfacet
	facet normal 0 0 -1
		outer loop
			vertex 14.544404029846 1.0970023870468 0.19799999892712
			vertex 14.547077178955 1.0990600585938 0.19799999892712
			vertex 14.545203208923 1.0929869413376 0.19799999892712
		endloop
	endfacet
	facet normal 0 0 -1
		outer loop
			vertex 14.555852890015 1.1109178066254 0.19799999892712
			vertex 14.584480285645 1.0990600585938 0.19799999892712
			vertex 14.555852890015 1.0990600585938 0.19799999892712
		endloop
	endfacet
	facet normal 0 0 -1
		outer loop
			vertex 14.555852890015 1.0990600585938 0.19799999892712
			vertex 14.584480285645 1.0990600585938 0.19799999892712
			vertex 14.564497947693 1.064656496048 0.19799999892712
		endloop
	endfacet
	facet normal 0 0 -1
		outer loop
			vertex 14.584480285645 1.0990600585938 0.19799999892712
			vertex 14.618801116943 1.0990600585938 0.19799999892712
			vertex 14.613107681274 1.0704327821732 0.19799999892712
		endloop
	endfacet
	facet normal -0.83147862717407 0.55555674107396 0
		outer loop
			vertex 14.613107681274 1.0704327821732 0.19799999892712
			vertex 14.621883392334 1.0835670232773 0
			vertex 14.613107681274 1.0704327821732 0
		endloop
	endfacet
	facet normal -0.98079054452663 0.19506385561439 0
		outer loop
			vertex 14.621883392334 1.0835670232773 0.19799999892712
			vertex 14.62496471405 1.0990600585938 0
			vertex 14.621883392334 1.0835670232773 0
		endloop
	endfacet
	facet normal -0.83147862717407 0.55555674107396 0
		outer loop
			vertex 14.621883392334 1.0835670232773 0.19799999892712
			vertex 14.621883392334 1.0835670232773 0
			vertex 14.613107681274 1.0704327821732 0.19799999892712
		endloop
	endfacet
	facet normal -0.98079054452663 0.19506385561439 0
		outer loop
			vertex 14.62496471405 1.0990600585938 0.19799999892712
			vertex 14.62496471405 1.0990600585938 0
			vertex 14.621883392334 1.0835670232773 0.19799999892712
		endloop
	endfacet
	facet normal 0 -0 -1
		outer loop
			vertex 14.621883392334 1.1113868951797 0.19799999892712
			vertex 14.621883392334 1.0835670232773 0.19799999892712
			vertex 14.618801116943 1.0990600585938 0.19799999892712
		endloop
	endfacet
	facet normal 0 -0 -1
		outer loop
			vertex 14.618801116943 1.0990600585938 0.19799999892712
			vertex 14.621883392334 1.0835670232773 0.19799999892712
			vertex 14.613107681274 1.0704327821732 0.19799999892712
		endloop
	endfacet
	facet normal 0 0 -1
		outer loop
			vertex 14.621883392334 1.1113868951797 0.19799999892712
			vertex 14.62496471405 1.0990600585938 0.19799999892712
			vertex 14.621883392334 1.0835670232773 0.19799999892712
		endloop
	endfacet
	facet normal 0 0 -1
		outer loop
			vertex 14.552770614624 1.4098057746887 0.19799999892712
			vertex 14.551041603088 1.4015139341354 0.19799999892712
			vertex 14.547077178955 1.4074470996857 0.19799999892712
		endloop
	endfacet
	facet normal 0 0 -1
		outer loop
			vertex 14.552770614624 1.4098057746887 0.19799999892712
			vertex 14.551321029663 1.4010956287384 0.19799999892712
			vertex 14.551041603088 1.4015139341354 0.19799999892712
		endloop
	endfacet
	facet normal 0 -0 -1
		outer loop
			vertex 14.552770614624 1.4098057746887 0.19799999892712
			vertex 14.579131126404 1.409344792366 0.19799999892712
			vertex 14.551321029663 1.4010956287384 0.19799999892712
		endloop
	endfacet
	facet normal 0 0 -1
		outer loop
			vertex 14.555852890015 1.4416465759277 0.19799999892712
			vertex 14.575223922729 1.4289884567261 0.19799999892712
			vertex 14.579131126404 1.409344792366 0.19799999892712
		endloop
	endfacet
	facet normal 0 -0 -1
		outer loop
			vertex 14.555852890015 1.4416465759277 0.19799999892712
			vertex 14.579131126404 1.409344792366 0.19799999892712
			vertex 14.552770614624 1.4098057746887 0.19799999892712
		endloop
	endfacet
	facet normal 0 0 -1
		outer loop
			vertex 14.575223922729 1.4289884567261 0.19799999892712
			vertex 14.584480285645 1.4603531360626 0.19799999892712
			vertex 14.579131126404 1.409344792366 0.19799999892712
		endloop
	endfacet
	facet normal 0 -0 -1
		outer loop
			vertex 14.584480285645 1.4603531360626 0.19799999892712
			vertex 14.585130691528 1.4601534605026 0.19799999892712
			vertex 14.579131126404 1.409344792366 0.19799999892712
		endloop
	endfacet
	facet normal 0 -0 -1
		outer loop
			vertex 14.585130691528 1.4601534605026 0.19799999892712
			vertex 14.599972724915 1.4591958522797 0.19799999892712
			vertex 14.579131126404 1.409344792366 0.19799999892712
		endloop
	endfacet
	facet normal 0 -0 -1
		outer loop
			vertex 14.613107681274 1.4515671730042 0.19799999892712
			vertex 14.621883392334 1.4384329319 0.19799999892712
			vertex 14.579131126404 1.409344792366 0.19799999892712
		endloop
	endfacet
	facet normal 0 -0 -1
		outer loop
			vertex 14.599972724915 1.4591958522797 0.19799999892712
			vertex 14.600231170654 1.4590460062027 0.19799999892712
			vertex 14.579131126404 1.409344792366 0.19799999892712
		endloop
	endfacet
	facet normal 0 -0 -1
		outer loop
			vertex 14.600231170654 1.4590460062027 0.19799999892712
			vertex 14.600977897644 1.455289721489 0.19799999892712
			vertex 14.579131126404 1.409344792366 0.19799999892712
		endloop
	endfacet
	facet normal 0 -0 -1
		outer loop
			vertex 14.600977897644 1.455289721489 0.19799999892712
			vertex 14.613107681274 1.4515671730042 0.19799999892712
			vertex 14.579131126404 1.409344792366 0.19799999892712
		endloop
	endfacet
	facet normal -0.83147862717407 -0.55555674107396 -0
		outer loop
			vertex 14.621883392334 1.4384329319 0.19799999892712
			vertex 14.613107681274 1.4515671730042 0
			vertex 14.621883392334 1.4384329319 0
		endloop
	endfacet
	facet normal -0.98079025737698 -0.19506529941122 -0
		outer loop
			vertex 14.62496471405 1.4229400157928 0.19799999892712
			vertex 14.621883392334 1.4384329319 0
			vertex 14.62496471405 1.4229400157928 0
		endloop
	endfacet
	facet normal -0.83147862717407 -0.55555674107396 -0
		outer loop
			vertex 14.613107681274 1.4515671730042 0.19799999892712
			vertex 14.613107681274 1.4515671730042 0
			vertex 14.621883392334 1.4384329319 0.19799999892712
		endloop
	endfacet
	facet normal -0.98079025737698 -0.19506529941122 -0
		outer loop
			vertex 14.621883392334 1.4384329319 0.19799999892712
			vertex 14.621883392334 1.4384329319 0
			vertex 14.62496471405 1.4229400157928 0.19799999892712
		endloop
	endfacet
	facet normal 0 -0 -1
		outer loop
			vertex 14.621883392334 1.4384329319 0.19799999892712
			vertex 14.62496471405 1.4229400157928 0.19799999892712
			vertex 14.579131126404 1.409344792366 0.19799999892712
		endloop
	endfacet
	facet normal 0 0 -1
		outer loop
			vertex 14.461027145386 1.5291069746017 0.19799999892712
			vertex 14.468480110168 1.492014169693 0.19799999892712
			vertex 14.461027145386 1.4934967756271 0.19799999892712
		endloop
	endfacet
	facet normal 0 -0 -1
		outer loop
			vertex 14.476519584656 1.5309000015259 0.19799999892712
			vertex 14.476519584656 1.4934868812561 0.19799999892712
			vertex 14.468480110168 1.492014169693 0.19799999892712
		endloop
	endfacet
	facet normal 0 -0 -1
		outer loop
			vertex 14.461176872253 1.5675492286682 0.19799999892712
			vertex 14.468480110168 1.492014169693 0.19799999892712
			vertex 14.461027145386 1.5291069746017 0.19799999892712
		endloop
	endfacet
	facet normal 0 0 -1
		outer loop
			vertex 14.461176872253 1.5675492286682 0.19799999892712
			vertex 14.476519584656 1.5309000015259 0.19799999892712
			vertex 14.468480110168 1.492014169693 0.19799999892712
		endloop
	endfacet
	facet normal 0 0 -1
		outer loop
			vertex 14.461027145386 1.5675117969513 0.19799999892712
			vertex 14.461176872253 1.5675492286682 0.19799999892712
			vertex 14.461027145386 1.5291069746017 0.19799999892712
		endloop
	endfacet
	facet normal 0 -0 -1
		outer loop
			vertex 14.461027145386 1.5675117969513 0.19799999892712
			vertex 14.461027145386 1.5291069746017 0.19799999892712
			vertex 14.454103469849 1.5283056497574 0.19799999892712
		endloop
	endfacet
	facet normal -0.19508856121121 -0.98078563064746 -0
		outer loop
			vertex 14.4920129776 1.5683032274246 0.19799999892712
			vertex 14.476519584656 1.5713850259781 0
			vertex 14.4920129776 1.5683032274246 0
		endloop
	endfacet
	facet normal -0.55557936535473 -0.83146351019876 -0
		outer loop
			vertex 14.505146980286 1.5595271587372 0.19799999892712
			vertex 14.4920129776 1.5683032274246 0
			vertex 14.505146980286 1.5595271587372 0
		endloop
	endfacet
	facet normal -0.19508856121121 -0.98078563064746 -0
		outer loop
			vertex 14.476519584656 1.5713850259781 0.19799999892712
			vertex 14.476519584656 1.5713850259781 0
			vertex 14.4920129776 1.5683032274246 0.19799999892712
		endloop
	endfacet
	facet normal -0.55557936535473 -0.83146351019876 -0
		outer loop
			vertex 14.4920129776 1.5683032274246 0.19799999892712
			vertex 14.4920129776 1.5683032274246 0
			vertex 14.505146980286 1.5595271587372 0.19799999892712
		endloop
	endfacet
	facet normal 0 0 -1
		outer loop
			vertex 14.476519584656 1.5309000015259 0.19799999892712
			vertex 14.485625267029 1.5256116390228 0.19799999892712
			vertex 14.476519584656 1.4934868812561 0.19799999892712
		endloop
	endfacet
	facet normal 0 0 -1
		outer loop
			vertex 14.485625267029 1.5256116390228 0.19799999892712
			vertex 14.478577613831 1.4908242225647 0.19799999892712
			vertex 14.476519584656 1.4934868812561 0.19799999892712
		endloop
	endfacet
	facet normal 0 0 -1
		outer loop
			vertex 14.485625267029 1.5256116390228 0.19799999892712
			vertex 14.482592582703 1.491623044014 0.19799999892712
			vertex 14.478577613831 1.4908242225647 0.19799999892712
		endloop
	endfacet
	facet normal 0 -0 -1
		outer loop
			vertex 14.505146980286 1.5595271587372 0.19799999892712
			vertex 14.505146980286 1.5142726898193 0.19799999892712
			vertex 14.485625267029 1.5256116390228 0.19799999892712
		endloop
	endfacet
	facet normal 0 0 -1
		outer loop
			vertex 14.476519584656 1.5713850259781 0.19799999892712
			vertex 14.4920129776 1.5683032274246 0.19799999892712
			vertex 14.485625267029 1.5256116390228 0.19799999892712
		endloop
	endfacet
	facet normal 0 0 -1
		outer loop
			vertex 14.476519584656 1.5713850259781 0.19799999892712
			vertex 14.485625267029 1.5256116390228 0.19799999892712
			vertex 14.476519584656 1.5309000015259 0.19799999892712
		endloop
	endfacet
	facet normal 0 -0 -1
		outer loop
			vertex 14.4920129776 1.5683032274246 0.19799999892712
			vertex 14.505146980286 1.5595271587372 0.19799999892712
			vertex 14.485625267029 1.5256116390228 0.19799999892712
		endloop
	endfacet
	facet normal 0.55557936535473 -0.83146351019876 0
		outer loop
			vertex 14.137146949768 1.5683032274246 0.19799999892712
			vertex 14.124012947083 1.5595271587372 0
			vertex 14.137146949768 1.5683032274246 0
		endloop
	endfacet
	facet normal 0.1950869812361 -0.98078594491978 0
		outer loop
			vertex 14.137146949768 1.5683032274246 0.19799999892712
			vertex 14.137146949768 1.5683032274246 0
			vertex 14.151895523071 1.5712368488312 0
		endloop
	endfacet
	facet normal 0.55557936535473 -0.83146351019876 0
		outer loop
			vertex 14.137146949768 1.5683032274246 0.19799999892712
			vertex 14.124012947083 1.5595271587372 0.19799999892712
			vertex 14.124012947083 1.5595271587372 0
		endloop
	endfacet
	facet normal 0 -0 -1
		outer loop
			vertex 14.115236282349 1.5444175004959 0.19799999892712
			vertex 14.115236282349 1.5309321880341 0.19799999892712
			vertex 14.113363265991 1.524827003479 0.19799999892712
		endloop
	endfacet
	facet normal 0 -0 -1
		outer loop
			vertex 14.137146949768 1.5683032274246 0.19799999892712
			vertex 14.146466255188 1.5214521884918 0.19799999892712
			vertex 14.130918502808 1.4976586103439 0.19799999892712
		endloop
	endfacet
	facet normal 0 0 -1
		outer loop
			vertex 14.137146949768 1.5683032274246 0.19799999892712
			vertex 14.130918502808 1.4976586103439 0.19799999892712
			vertex 14.124012947083 1.5595271587372 0.19799999892712
		endloop
	endfacet
	facet normal 0 0 -1
		outer loop
			vertex 14.168132781982 1.5191533565521 0.19799999892712
			vertex 14.17448425293 1.4977406263351 0.19799999892712
			vertex 14.174066543579 1.4974611997604 0.19799999892712
		endloop
	endfacet
	facet normal 0 0 -1
		outer loop
			vertex 14.168132781982 1.5191533565521 0.19799999892712
			vertex 14.174066543579 1.4974611997604 0.19799999892712
			vertex 14.168132781982 1.4934967756271 0.19799999892712
		endloop
	endfacet
	facet normal 0.8317201789336 -0.55519505036938 0
		outer loop
			vertex 14.778374671936 1.0660216808319 0.19799999892712
			vertex 14.777942657471 1.0653744935989 0
			vertex 14.778374671936 1.0660216808319 0
		endloop
	endfacet
	facet normal 0.8317201789336 -0.55519505036938 0
		outer loop
			vertex 14.778374671936 1.0660216808319 0.19799999892712
			vertex 14.777942657471 1.0653744935989 0.19799999892712
			vertex 14.777942657471 1.0653744935989 0
		endloop
	endfacet
	facet normal 0.55469899478697 0.83205109529543 0
		outer loop
			vertex 14.777942657471 1.0653744935989 0.19799999892712
			vertex 14.939883232117 0.95741444826126 0
			vertex 14.777942657471 1.0653744935989 0
		endloop
	endfacet
	facet normal 0 -0 -1
		outer loop
			vertex 14.782736778259 1.0725656747818 0.19799999892712
			vertex 14.921854972839 1.0366257429123 0.19799999892712
			vertex 14.778374671936 1.0660216808319 0.19799999892712
		endloop
	endfacet
	facet normal 0 -0 -1
		outer loop
			vertex 14.778374671936 1.0660216808319 0.19799999892712
			vertex 14.921854972839 1.0366257429123 0.19799999892712
			vertex 14.777942657471 1.0653744935989 0.19799999892712
		endloop
	endfacet
	facet normal 0 -0 -1
		outer loop
			vertex 14.822425842285 1.1320983171463 0.19799999892712
			vertex 14.921854972839 1.0366257429123 0.19799999892712
			vertex 14.782736778259 1.0725656747818 0.19799999892712
		endloop
	endfacet
	facet normal 0.83228607105333 -0.55434636819466 0
		outer loop
			vertex 14.822856903076 1.1327455043793 0.19799999892712
			vertex 14.822425842285 1.1320983171463 0
			vertex 14.822856903076 1.1327455043793 0
		endloop
	endfacet
	facet normal 0.83228607105333 -0.55434636819466 0
		outer loop
			vertex 14.822856903076 1.1327455043793 0.19799999892712
			vertex 14.822425842285 1.1320983171463 0.19799999892712
			vertex 14.822425842285 1.1320983171463 0
		endloop
	endfacet
	facet normal -0.55469927137517 -0.83205091090381 -0
		outer loop
			vertex 14.822856903076 1.1327455043793 0.19799999892712
			vertex 14.822856903076 1.1327455043793 0
			vertex 14.921854972839 1.0667469501495 0.19799999892712
		endloop
	endfacet
	facet normal 0 -0 -1
		outer loop
			vertex 14.822856903076 1.1327455043793 0.19799999892712
			vertex 14.921854972839 1.0667469501495 0.19799999892712
			vertex 14.822425842285 1.1320983171463 0.19799999892712
		endloop
	endfacet
	facet normal 0.55469899478697 0.83205109529543 0
		outer loop
			vertex 14.777942657471 1.0653744935989 0.19799999892712
			vertex 14.939883232117 0.95741444826126 0.19799999892712
			vertex 14.939883232117 0.95741444826126 0
		endloop
	endfacet
	facet normal -0.55469927137517 -0.83205091090381 -0
		outer loop
			vertex 14.921854972839 1.0667469501495 0.19799999892712
			vertex 14.822856903076 1.1327455043793 0
			vertex 14.921854972839 1.0667469501495 0
		endloop
	endfacet
	facet normal -0.83230962391296 0.55431100470932 0
		outer loop
			vertex 14.939883232117 0.95741444826126 0.19799999892712
			vertex 14.940314292908 0.95806169509888 0
			vertex 14.939883232117 0.95741444826126 0
		endloop
	endfacet
	facet normal -0.83230962391296 0.55431100470932 0
		outer loop
			vertex 14.940314292908 0.95806169509888 0.19799999892712
			vertex 14.940314292908 0.95806169509888 0
			vertex 14.939883232117 0.95741444826126 0.19799999892712
		endloop
	endfacet
	facet normal 0 0 -1
		outer loop
			vertex 14.777942657471 1.0653744935989 0.19799999892712
			vertex 14.944677352905 0.96460568904877 0.19799999892712
			vertex 14.940314292908 0.95806169509888 0.19799999892712
		endloop
	endfacet
	facet normal 0 0 -1
		outer loop
			vertex 14.777942657471 1.0653744935989 0.19799999892712
			vertex 14.940314292908 0.95806169509888 0.19799999892712
			vertex 14.939883232117 0.95741444826126 0.19799999892712
		endloop
	endfacet
	facet normal 0 0 -1
		outer loop
			vertex 14.777942657471 1.0653744935989 0.19799999892712
			vertex 14.921854972839 1.0366257429123 0.19799999892712
			vertex 14.944677352905 0.96460568904877 0.19799999892712
		endloop
	endfacet
	facet normal 0 0 -1
		outer loop
			vertex 14.822425842285 1.1320983171463 0.19799999892712
			vertex 14.921854972839 1.0667469501495 0.19799999892712
			vertex 14.921854972839 1.0366257429123 0.19799999892712
		endloop
	endfacet
	facet normal 0 0 -1
		outer loop
			vertex 14.921854972839 1.0366257429123 0.19799999892712
			vertex 14.962340354919 0.99110001325607 0.19799999892712
			vertex 14.944677352905 0.96460568904877 0.19799999892712
		endloop
	endfacet
	facet normal 0 0 -1
		outer loop
			vertex 14.921854972839 1.0366257429123 0.19799999892712
			vertex 15.002824783325 0.99110001325607 0.19799999892712
			vertex 14.962340354919 0.99110001325607 0.19799999892712
		endloop
	endfacet
	facet normal 0 0 -1
		outer loop
			vertex 14.921854972839 1.0667469501495 0.19799999892712
			vertex 15.002824783325 0.99110001325607 0.19799999892712
			vertex 14.921854972839 1.0366257429123 0.19799999892712
		endloop
	endfacet
	facet normal 1 0 0
		outer loop
			vertex 14.921854972839 1.4904149770737 0.19799999892712
			vertex 14.921854972839 1.0667469501495 0.19799999892712
			vertex 14.921854972839 1.0667469501495 0
		endloop
	endfacet
	facet normal 0 -0 -1
		outer loop
			vertex 14.927927970886 1.4904149770737 0.19799999892712
			vertex 15.002824783325 0.99110001325607 0.19799999892712
			vertex 14.921854972839 1.0667469501495 0.19799999892712
		endloop
	endfacet
	facet normal -1 -0 0
		outer loop
			vertex 15.002824783325 1.4904149770737 0.19799999892712
			vertex 15.002824783325 0.99110001325607 0
			vertex 15.002824783325 0.99110001325607 0.19799999892712
		endloop
	endfacet
	facet normal 1 0 0
		outer loop
			vertex 14.921854972839 1.4904149770737 0.19799999892712
			vertex 14.921854972839 1.0667469501495 0
			vertex 14.921854972839 1.4904149770737 0
		endloop
	endfacet
	facet normal 0 0 -1
		outer loop
			vertex 14.921854972839 1.4904149770737 0.19799999892712
			vertex 14.927927970886 1.4904149770737 0.19799999892712
			vertex 14.921854972839 1.0667469501495 0.19799999892712
		endloop
	endfacet
	facet normal 0 0 -1
		outer loop
			vertex 14.927927970886 1.4904149770737 0.19799999892712
			vertex 15.002824783325 1.4904149770737 0.19799999892712
			vertex 15.002824783325 0.99110001325607 0.19799999892712
		endloop
	endfacet
	facet normal -1 0 -0
		outer loop
			vertex 15.002824783325 1.4904149770737 0.19799999892712
			vertex 15.002824783325 1.4904149770737 0
			vertex 15.002824783325 0.99110001325607 0
		endloop
	endfacet
	facet normal 0.83147862717407 0.55555674107396 0
		outer loop
			vertex 14.762996673584 1.0835670232773 0.19799999892712
			vertex 14.771772384644 1.0704327821732 0
			vertex 14.762996673584 1.0835670232773 0
		endloop
	endfacet
	facet normal 0.98079054452663 0.19506385561439 0
		outer loop
			vertex 14.759915351868 1.0990600585938 0.19799999892712
			vertex 14.762996673584 1.0835670232773 0
			vertex 14.759915351868 1.0990600585938 0
		endloop
	endfacet
	facet normal 0.55553488399036 0.8314932306819 0
		outer loop
			vertex 14.771772384644 1.0704327821732 0.19799999892712
			vertex 14.778374671936 1.0660216808319 0
			vertex 14.771772384644 1.0704327821732 0
		endloop
	endfacet
	facet normal 0.98079054452663 0.19506385561439 0
		outer loop
			vertex 14.759915351868 1.0990600585938 0.19799999892712
			vertex 14.762996673584 1.0835670232773 0.19799999892712
			vertex 14.762996673584 1.0835670232773 0
		endloop
	endfacet
	facet normal 0.83147862717407 0.55555674107396 0
		outer loop
			vertex 14.762996673584 1.0835670232773 0.19799999892712
			vertex 14.771772384644 1.0704327821732 0.19799999892712
			vertex 14.771772384644 1.0704327821732 0
		endloop
	endfacet
	facet normal 0.55553488399036 0.8314932306819 0
		outer loop
			vertex 14.771772384644 1.0704327821732 0.19799999892712
			vertex 14.778374671936 1.0660216808319 0.19799999892712
			vertex 14.778374671936 1.0660216808319 0
		endloop
	endfacet
	facet normal 0 -0 -1
		outer loop
			vertex 14.762996673584 1.1145529747009 0.19799999892712
			vertex 14.762996673584 1.0835670232773 0.19799999892712
			vertex 14.759915351868 1.0990600585938 0.19799999892712
		endloop
	endfacet
	facet normal 0 0 -1
		outer loop
			vertex 14.762996673584 1.1145529747009 0.19799999892712
			vertex 14.771772384644 1.0704327821732 0.19799999892712
			vertex 14.762996673584 1.0835670232773 0.19799999892712
		endloop
	endfacet
	facet normal 0 0 -1
		outer loop
			vertex 14.771772384644 1.0704327821732 0.19799999892712
			vertex 14.782736778259 1.0725656747818 0.19799999892712
			vertex 14.778374671936 1.0660216808319 0.19799999892712
		endloop
	endfacet
	facet normal 0 0 -1
		outer loop
			vertex 14.771772384644 1.1276872158051 0.19799999892712
			vertex 14.782736778259 1.0725656747818 0.19799999892712
			vertex 14.771772384644 1.0704327821732 0.19799999892712
		endloop
	endfacet
	facet normal 0.98079025737698 -0.19506529941122 0
		outer loop
			vertex 14.762996673584 1.1145529747009 0.19799999892712
			vertex 14.759915351868 1.0990600585938 0
			vertex 14.762996673584 1.1145529747009 0
		endloop
	endfacet
	facet normal 0.83147862717407 -0.55555674107396 0
		outer loop
			vertex 14.771772384644 1.1276872158051 0.19799999892712
			vertex 14.762996673584 1.1145529747009 0
			vertex 14.771772384644 1.1276872158051 0
		endloop
	endfacet
	facet normal 0.55555147727905 -0.83148214418174 0
		outer loop
			vertex 14.784907341003 1.1364632844925 0.19799999892712
			vertex 14.771772384644 1.1276872158051 0
			vertex 14.784907341003 1.1364632844925 0
		endloop
	endfacet
	facet normal 0.19509285368989 -0.98078477681861 0
		outer loop
			vertex 14.800399780273 1.1395449638367 0.19799999892712
			vertex 14.784907341003 1.1364632844925 0
			vertex 14.800399780273 1.1395449638367 0
		endloop
	endfacet
	facet normal 0.83147862717407 -0.55555674107396 0
		outer loop
			vertex 14.771772384644 1.1276872158051 0.19799999892712
			vertex 14.762996673584 1.1145529747009 0.19799999892712
			vertex 14.762996673584 1.1145529747009 0
		endloop
	endfacet
	facet normal 0.98079025737698 -0.19506529941122 0
		outer loop
			vertex 14.762996673584 1.1145529747009 0.19799999892712
			vertex 14.759915351868 1.0990600585938 0.19799999892712
			vertex 14.759915351868 1.0990600585938 0
		endloop
	endfacet
	facet normal 0.55555147727905 -0.83148214418174 0
		outer loop
			vertex 14.771772384644 1.1276872158051 0.19799999892712
			vertex 14.771772384644 1.1276872158051 0
			vertex 14.784907341003 1.1364632844925 0.19799999892712
		endloop
	endfacet
	facet normal 0.19509285368989 -0.98078477681861 0
		outer loop
			vertex 14.784907341003 1.1364632844925 0.19799999892712
			vertex 14.784907341003 1.1364632844925 0
			vertex 14.800399780273 1.1395449638367 0.19799999892712
		endloop
	endfacet
	facet normal -0.19508130204389 -0.98078707454414 -0
		outer loop
			vertex 14.815893173218 1.1364632844925 0.19799999892712
			vertex 14.800399780273 1.1395449638367 0
			vertex 14.815893173218 1.1364632844925 0
		endloop
	endfacet
	facet normal -0.55556824672696 -0.83147093949742 -0
		outer loop
			vertex 14.822425842285 1.1320983171463 0.19799999892712
			vertex 14.815893173218 1.1364632844925 0
			vertex 14.822425842285 1.1320983171463 0
		endloop
	endfacet
	facet normal -0.19508130204389 -0.98078707454414 -0
		outer loop
			vertex 14.800399780273 1.1395449638367 0.19799999892712
			vertex 14.800399780273 1.1395449638367 0
			vertex 14.815893173218 1.1364632844925 0.19799999892712
		endloop
	endfacet
	facet normal -0.55556824672696 -0.83147093949742 -0
		outer loop
			vertex 14.815893173218 1.1364632844925 0.19799999892712
			vertex 14.815893173218 1.1364632844925 0
			vertex 14.822425842285 1.1320983171463 0.19799999892712
		endloop
	endfacet
	facet normal 0 -0 -1
		outer loop
			vertex 14.771772384644 1.1276872158051 0.19799999892712
			vertex 14.771772384644 1.0704327821732 0.19799999892712
			vertex 14.762996673584 1.1145529747009 0.19799999892712
		endloop
	endfacet
	facet normal 0 0 -1
		outer loop
			vertex 14.771772384644 1.1276872158051 0.19799999892712
			vertex 14.822425842285 1.1320983171463 0.19799999892712
			vertex 14.782736778259 1.0725656747818 0.19799999892712
		endloop
	endfacet
	facet normal 0 0 -1
		outer loop
			vertex 14.771772384644 1.1276872158051 0.19799999892712
			vertex 14.784907341003 1.1364632844925 0.19799999892712
			vertex 14.822425842285 1.1320983171463 0.19799999892712
		endloop
	endfacet
	facet normal 0 0 -1
		outer loop
			vertex 14.784907341003 1.1364632844925 0.19799999892712
			vertex 14.800399780273 1.1395449638367 0.19799999892712
			vertex 14.822425842285 1.1320983171463 0.19799999892712
		endloop
	endfacet
	facet normal 0 0 -1
		outer loop
			vertex 14.800399780273 1.1395449638367 0.19799999892712
			vertex 14.815893173218 1.1364632844925 0.19799999892712
			vertex 14.822425842285 1.1320983171463 0.19799999892712
		endloop
	endfacet
	facet normal 0.55556824672696 0.83147093949742 0
		outer loop
			vertex 14.940314292908 0.95806169509888 0.19799999892712
			vertex 14.946846961975 0.95369672775269 0
			vertex 14.940314292908 0.95806169509888 0
		endloop
	endfacet
	facet normal 0.19508493163156 0.98078635260199 0
		outer loop
			vertex 14.946846961975 0.95369672775269 0.19799999892712
			vertex 14.962340354919 0.95061498880386 0
			vertex 14.946846961975 0.95369672775269 0
		endloop
	endfacet
	facet normal -0.19509648347547 0.98078405479265 0
		outer loop
			vertex 14.962340354919 0.95061498880386 0.19799999892712
			vertex 14.977832794189 0.95369672775269 0
			vertex 14.962340354919 0.95061498880386 0
		endloop
	endfacet
	facet normal -0.55557936535473 0.83146351019876 0
		outer loop
			vertex 14.977832794189 0.95369672775269 0.19799999892712
			vertex 14.990966796875 0.96247279644012 0
			vertex 14.977832794189 0.95369672775269 0
		endloop
	endfacet
	facet normal 0.55556824672696 0.83147093949742 0
		outer loop
			vertex 14.940314292908 0.95806169509888 0.19799999892712
			vertex 14.946846961975 0.95369672775269 0.19799999892712
			vertex 14.946846961975 0.95369672775269 0
		endloop
	endfacet
	facet normal 0.19508493163156 0.98078635260199 0
		outer loop
			vertex 14.946846961975 0.95369672775269 0.19799999892712
			vertex 14.962340354919 0.95061498880386 0.19799999892712
			vertex 14.962340354919 0.95061498880386 0
		endloop
	endfacet
	facet normal -0.19509648347547 0.98078405479265 0
		outer loop
			vertex 14.962340354919 0.95061498880386 0.19799999892712
			vertex 14.977832794189 0.95369672775269 0.19799999892712
			vertex 14.977832794189 0.95369672775269 0
		endloop
	endfacet
	facet normal -0.55557936535473 0.83146351019876 0
		outer loop
			vertex 14.990966796875 0.96247279644012 0.19799999892712
			vertex 14.990966796875 0.96247279644012 0
			vertex 14.977832794189 0.95369672775269 0.19799999892712
		endloop
	endfacet
	facet normal 0 -0 -1
		outer loop
			vertex 14.944677352905 0.96460568904877 0.19799999892712
			vertex 14.946846961975 0.95369672775269 0.19799999892712
			vertex 14.940314292908 0.95806169509888 0.19799999892712
		endloop
	endfacet
	facet normal 0 0 -1
		outer loop
			vertex 14.944677352905 0.96460568904877 0.19799999892712
			vertex 14.962340354919 0.95061498880386 0.19799999892712
			vertex 14.946846961975 0.95369672775269 0.19799999892712
		endloop
	endfacet
	facet normal 0 0 -1
		outer loop
			vertex 14.944677352905 0.96460568904877 0.19799999892712
			vertex 14.977832794189 0.95369672775269 0.19799999892712
			vertex 14.962340354919 0.95061498880386 0.19799999892712
		endloop
	endfacet
	facet normal 0 0 -1
		outer loop
			vertex 14.944677352905 0.96460568904877 0.19799999892712
			vertex 14.990966796875 0.96247279644012 0.19799999892712
			vertex 14.977832794189 0.95369672775269 0.19799999892712
		endloop
	endfacet
	facet normal 0 -0 -1
		outer loop
			vertex 14.962340354919 0.99110001325607 0.19799999892712
			vertex 15.002824783325 0.99110001325607 0.19799999892712
			vertex 14.944677352905 0.96460568904877 0.19799999892712
		endloop
	endfacet
	facet normal 0 0 -1
		outer loop
			vertex 14.944677352905 0.96460568904877 0.19799999892712
			vertex 15.002824783325 0.99110001325607 0.19799999892712
			vertex 14.990966796875 0.96247279644012 0.19799999892712
		endloop
	endfacet
	facet normal -0.9807904009526 0.19506457751019 0
		outer loop
			vertex 14.999743461609 0.97560703754425 0.19799999892712
			vertex 15.002824783325 0.99110001325607 0
			vertex 14.999743461609 0.97560703754425 0
		endloop
	endfacet
	facet normal -0.83145073852668 0.55559847858273 0
		outer loop
			vertex 14.990966796875 0.96247279644012 0.19799999892712
			vertex 14.999743461609 0.97560703754425 0
			vertex 14.990966796875 0.96247279644012 0
		endloop
	endfacet
	facet normal -0.83145073852668 0.55559847858273 0
		outer loop
			vertex 14.999743461609 0.97560703754425 0.19799999892712
			vertex 14.999743461609 0.97560703754425 0
			vertex 14.990966796875 0.96247279644012 0.19799999892712
		endloop
	endfacet
	facet normal -0.9807904009526 0.19506457751019 0
		outer loop
			vertex 15.002824783325 0.99110001325607 0.19799999892712
			vertex 15.002824783325 0.99110001325607 0
			vertex 14.999743461609 0.97560703754425 0.19799999892712
		endloop
	endfacet
	facet normal 0 0 -1
		outer loop
			vertex 15.002824783325 0.99110001325607 0.19799999892712
			vertex 14.999743461609 0.97560703754425 0.19799999892712
			vertex 14.990966796875 0.96247279644012 0.19799999892712
		endloop
	endfacet
	facet normal 0 1 0
		outer loop
			vertex 14.800399780273 1.4904149770737 0.19799999892712
			vertex 14.921854972839 1.4904149770737 0
			vertex 14.800399780273 1.4904149770737 0
		endloop
	endfacet
	facet normal 0 0 -1
		outer loop
			vertex 14.800399780273 1.5713850259781 0.19799999892712
			vertex 14.921854972839 1.4904149770737 0.19799999892712
			vertex 14.800399780273 1.4904149770737 0.19799999892712
		endloop
	endfacet
	facet normal -0 1 0
		outer loop
			vertex 14.800399780273 1.4904149770737 0.19799999892712
			vertex 14.921854972839 1.4904149770737 0.19799999892712
			vertex 14.921854972839 1.4904149770737 0
		endloop
	endfacet
	facet normal 0 -1 0
		outer loop
			vertex 14.800399780273 1.5713850259781 0.19799999892712
			vertex 14.800399780273 1.5713850259781 0
			vertex 15.124279975891 1.5713850259781 0.19799999892712
		endloop
	endfacet
	facet normal 0 0 -1
		outer loop
			vertex 14.800399780273 1.5713850259781 0.19799999892712
			vertex 14.927927970886 1.4904149770737 0.19799999892712
			vertex 14.921854972839 1.4904149770737 0.19799999892712
		endloop
	endfacet
	facet normal 0 0 -1
		outer loop
			vertex 14.800399780273 1.5713850259781 0.19799999892712
			vertex 15.002824783325 1.4904149770737 0.19799999892712
			vertex 14.927927970886 1.4904149770737 0.19799999892712
		endloop
	endfacet
	facet normal 0 0 -1
		outer loop
			vertex 14.800399780273 1.5713850259781 0.19799999892712
			vertex 15.124279975891 1.4904149770737 0.19799999892712
			vertex 15.002824783325 1.4904149770737 0.19799999892712
		endloop
	endfacet
	facet normal 0 1 0
		outer loop
			vertex 15.002824783325 1.4904149770737 0.19799999892712
			vertex 15.124279975891 1.4904149770737 0
			vertex 15.002824783325 1.4904149770737 0
		endloop
	endfacet
	facet normal 0 -1 -0
		outer loop
			vertex 15.124279975891 1.5713850259781 0.19799999892712
			vertex 14.800399780273 1.5713850259781 0
			vertex 15.124279975891 1.5713850259781 0
		endloop
	endfacet
	facet normal -0 1 0
		outer loop
			vertex 15.002824783325 1.4904149770737 0.19799999892712
			vertex 15.124279975891 1.4904149770737 0.19799999892712
			vertex 15.124279975891 1.4904149770737 0
		endloop
	endfacet
	facet normal 0 0 -1
		outer loop
			vertex 14.800399780273 1.5713850259781 0.19799999892712
			vertex 15.124279975891 1.5713850259781 0.19799999892712
			vertex 15.124279975891 1.4904149770737 0.19799999892712
		endloop
	endfacet
	facet normal 0.19510011325304 0.98078333275431 0
		outer loop
			vertex 14.784907341003 1.4934967756271 0.19799999892712
			vertex 14.800399780273 1.4904149770737 0
			vertex 14.784907341003 1.4934967756271 0
		endloop
	endfacet
	facet normal 0.55554626001307 0.83148563005352 0
		outer loop
			vertex 14.771772384644 1.5022727251053 0.19799999892712
			vertex 14.784907341003 1.4934967756271 0.19799999892712
			vertex 14.784907341003 1.4934967756271 0
		endloop
	endfacet
	facet normal 0.19510011325304 0.98078333275431 0
		outer loop
			vertex 14.784907341003 1.4934967756271 0.19799999892712
			vertex 14.800399780273 1.4904149770737 0.19799999892712
			vertex 14.800399780273 1.4904149770737 0
		endloop
	endfacet
	facet normal 0.83148095638576 0.55555325502405 0
		outer loop
			vertex 14.762996673584 1.5154070854187 0.19799999892712
			vertex 14.771772384644 1.5022727251053 0
			vertex 14.762996673584 1.5154070854187 0
		endloop
	endfacet
	facet normal 0.98079025737698 0.19506529941122 0
		outer loop
			vertex 14.759915351868 1.5309000015259 0.19799999892712
			vertex 14.762996673584 1.5154070854187 0
			vertex 14.759915351868 1.5309000015259 0
		endloop
	endfacet
	facet normal 0.98079025737698 -0.19506529941122 0
		outer loop
			vertex 14.762996673584 1.5463929176331 0.19799999892712
			vertex 14.759915351868 1.5309000015259 0
			vertex 14.762996673584 1.5463929176331 0
		endloop
	endfacet
	facet normal 0.55554626001307 0.83148563005352 0
		outer loop
			vertex 14.771772384644 1.5022727251053 0.19799999892712
			vertex 14.784907341003 1.4934967756271 0
			vertex 14.771772384644 1.5022727251053 0
		endloop
	endfacet
	facet normal 0.83147862717407 -0.55555674107396 0
		outer loop
			vertex 14.771772384644 1.5595271587372 0.19799999892712
			vertex 14.762996673584 1.5463929176331 0
			vertex 14.771772384644 1.5595271587372 0
		endloop
	endfacet
	facet normal 0.55555147727905 -0.83148214418174 0
		outer loop
			vertex 14.784907341003 1.5683032274246 0.19799999892712
			vertex 14.771772384644 1.5595271587372 0
			vertex 14.784907341003 1.5683032274246 0
		endloop
	endfacet
	facet normal 0.19510011325304 -0.98078333275431 0
		outer loop
			vertex 14.800399780273 1.5713850259781 0.19799999892712
			vertex 14.784907341003 1.5683032274246 0
			vertex 14.800399780273 1.5713850259781 0
		endloop
	endfacet
	facet normal 0.98079025737698 -0.19506529941122 0
		outer loop
			vertex 14.762996673584 1.5463929176331 0.19799999892712
			vertex 14.759915351868 1.5309000015259 0.19799999892712
			vertex 14.759915351868 1.5309000015259 0
		endloop
	endfacet
	facet normal 0.98079025737698 0.19506529941122 0
		outer loop
			vertex 14.759915351868 1.5309000015259 0.19799999892712
			vertex 14.762996673584 1.5154070854187 0.19799999892712
			vertex 14.762996673584 1.5154070854187 0
		endloop
	endfacet
	facet normal 0.83147862717407 -0.55555674107396 0
		outer loop
			vertex 14.771772384644 1.5595271587372 0.19799999892712
			vertex 14.762996673584 1.5463929176331 0.19799999892712
			vertex 14.762996673584 1.5463929176331 0
		endloop
	endfacet
	facet normal 0.83148095638576 0.55555325502405 0
		outer loop
			vertex 14.762996673584 1.5154070854187 0.19799999892712
			vertex 14.771772384644 1.5022727251053 0.19799999892712
			vertex 14.771772384644 1.5022727251053 0
		endloop
	endfacet
	facet normal 0.55555147727905 -0.83148214418174 0
		outer loop
			vertex 14.771772384644 1.5595271587372 0.19799999892712
			vertex 14.771772384644 1.5595271587372 0
			vertex 14.784907341003 1.5683032274246 0.19799999892712
		endloop
	endfacet
	facet normal 0.19510011325304 -0.98078333275431 0
		outer loop
			vertex 14.784907341003 1.5683032274246 0.19799999892712
			vertex 14.784907341003 1.5683032274246 0
			vertex 14.800399780273 1.5713850259781 0.19799999892712
		endloop
	endfacet
	facet normal 0 -0 -1
		outer loop
			vertex 14.762996673584 1.5463929176331 0.19799999892712
			vertex 14.762996673584 1.5154070854187 0.19799999892712
			vertex 14.759915351868 1.5309000015259 0.19799999892712
		endloop
	endfacet
	facet normal 0 0 -1
		outer loop
			vertex 14.762996673584 1.5463929176331 0.19799999892712
			vertex 14.771772384644 1.5022727251053 0.19799999892712
			vertex 14.762996673584 1.5154070854187 0.19799999892712
		endloop
	endfacet
	facet normal 0 -0 -1
		outer loop
			vertex 14.771772384644 1.5595271587372 0.19799999892712
			vertex 14.771772384644 1.5022727251053 0.19799999892712
			vertex 14.762996673584 1.5463929176331 0.19799999892712
		endloop
	endfacet
	facet normal 0 0 -1
		outer loop
			vertex 14.771772384644 1.5595271587372 0.19799999892712
			vertex 14.784907341003 1.4934967756271 0.19799999892712
			vertex 14.771772384644 1.5022727251053 0.19799999892712
		endloop
	endfacet
	facet normal 0 0 -1
		outer loop
			vertex 14.784907341003 1.5683032274246 0.19799999892712
			vertex 14.800399780273 1.4904149770737 0.19799999892712
			vertex 14.784907341003 1.4934967756271 0.19799999892712
		endloop
	endfacet
	facet normal 0 0 -1
		outer loop
			vertex 14.771772384644 1.5595271587372 0.19799999892712
			vertex 14.784907341003 1.5683032274246 0.19799999892712
			vertex 14.784907341003 1.4934967756271 0.19799999892712
		endloop
	endfacet
	facet normal 0 0 -1
		outer loop
			vertex 14.784907341003 1.5683032274246 0.19799999892712
			vertex 14.800399780273 1.5713850259781 0.19799999892712
			vertex 14.800399780273 1.4904149770737 0.19799999892712
		endloop
	endfacet
	facet normal -0.19508856121121 0.98078563064746 0
		outer loop
			vertex 15.124279975891 1.4904149770737 0.19799999892712
			vertex 15.139773368835 1.4934967756271 0
			vertex 15.124279975891 1.4904149770737 0
		endloop
	endfacet
	facet normal -0.55557414806069 0.83146699634239 0
		outer loop
			vertex 15.139773368835 1.4934967756271 0.19799999892712
			vertex 15.152907371521 1.5022727251053 0
			vertex 15.139773368835 1.4934967756271 0
		endloop
	endfacet
	facet normal -0.19508856121121 0.98078563064746 0
		outer loop
			vertex 15.124279975891 1.4904149770737 0.19799999892712
			vertex 15.139773368835 1.4934967756271 0.19799999892712
			vertex 15.139773368835 1.4934967756271 0
		endloop
	endfacet
	facet normal -0.19508856121121 -0.98078563064746 -0
		outer loop
			vertex 15.139773368835 1.5683032274246 0.19799999892712
			vertex 15.124279975891 1.5713850259781 0
			vertex 15.139773368835 1.5683032274246 0
		endloop
	endfacet
	facet normal -0.55557936535473 -0.83146351019876 -0
		outer loop
			vertex 15.152907371521 1.5595271587372 0.19799999892712
			vertex 15.139773368835 1.5683032274246 0
			vertex 15.152907371521 1.5595271587372 0
		endloop
	endfacet
	facet normal -0.83148095638576 0.55555325502405 0
		outer loop
			vertex 15.152907371521 1.5022727251053 0.19799999892712
			vertex 15.161683082581 1.5154070854187 0
			vertex 15.152907371521 1.5022727251053 0
		endloop
	endfacet
	facet normal -0.98077870533518 -0.19512337420475 -0
		outer loop
			vertex 15.164765357971 1.5309000015259 0.19799999892712
			vertex 15.161683082581 1.5463929176331 0
			vertex 15.164765357971 1.5309000015259 0
		endloop
	endfacet
	facet normal -0.98077870533518 0.19512337420475 0
		outer loop
			vertex 15.161683082581 1.5154070854187 0.19799999892712
			vertex 15.164765357971 1.5309000015259 0
			vertex 15.161683082581 1.5154070854187 0
		endloop
	endfacet
	facet normal -0.83147862717407 -0.55555674107396 -0
		outer loop
			vertex 15.161683082581 1.5463929176331 0.19799999892712
			vertex 15.152907371521 1.5595271587372 0
			vertex 15.161683082581 1.5463929176331 0
		endloop
	endfacet
	facet normal -0.55557414806069 0.83146699634239 0
		outer loop
			vertex 15.152907371521 1.5022727251053 0.19799999892712
			vertex 15.152907371521 1.5022727251053 0
			vertex 15.139773368835 1.4934967756271 0.19799999892712
		endloop
	endfacet
	facet normal -0.19508856121121 -0.98078563064746 -0
		outer loop
			vertex 15.124279975891 1.5713850259781 0.19799999892712
			vertex 15.124279975891 1.5713850259781 0
			vertex 15.139773368835 1.5683032274246 0.19799999892712
		endloop
	endfacet
	facet normal -0.55557936535473 -0.83146351019876 -0
		outer loop
			vertex 15.139773368835 1.5683032274246 0.19799999892712
			vertex 15.139773368835 1.5683032274246 0
			vertex 15.152907371521 1.5595271587372 0.19799999892712
		endloop
	endfacet
	facet normal -0.83148095638576 0.55555325502405 0
		outer loop
			vertex 15.161683082581 1.5154070854187 0.19799999892712
			vertex 15.161683082581 1.5154070854187 0
			vertex 15.152907371521 1.5022727251053 0.19799999892712
		endloop
	endfacet
	facet normal -0.98077870533518 0.19512337420475 0
		outer loop
			vertex 15.164765357971 1.5309000015259 0.19799999892712
			vertex 15.164765357971 1.5309000015259 0
			vertex 15.161683082581 1.5154070854187 0.19799999892712
		endloop
	endfacet
	facet normal -0.83147862717407 -0.55555674107396 -0
		outer loop
			vertex 15.152907371521 1.5595271587372 0.19799999892712
			vertex 15.152907371521 1.5595271587372 0
			vertex 15.161683082581 1.5463929176331 0.19799999892712
		endloop
	endfacet
	facet normal -0.98077870533518 -0.19512337420475 -0
		outer loop
			vertex 15.161683082581 1.5463929176331 0.19799999892712
			vertex 15.161683082581 1.5463929176331 0
			vertex 15.164765357971 1.5309000015259 0.19799999892712
		endloop
	endfacet
	facet normal 0 0 -1
		outer loop
			vertex 15.124279975891 1.5713850259781 0.19799999892712
			vertex 15.139773368835 1.4934967756271 0.19799999892712
			vertex 15.124279975891 1.4904149770737 0.19799999892712
		endloop
	endfacet
	facet normal 0 0 -1
		outer loop
			vertex 15.139773368835 1.5683032274246 0.19799999892712
			vertex 15.152907371521 1.5022727251053 0.19799999892712
			vertex 15.139773368835 1.4934967756271 0.19799999892712
		endloop
	endfacet
	facet normal 0 0 -1
		outer loop
			vertex 15.124279975891 1.5713850259781 0.19799999892712
			vertex 15.139773368835 1.5683032274246 0.19799999892712
			vertex 15.139773368835 1.4934967756271 0.19799999892712
		endloop
	endfacet
	facet normal 0 0 -1
		outer loop
			vertex 15.139773368835 1.5683032274246 0.19799999892712
			vertex 15.152907371521 1.5595271587372 0.19799999892712
			vertex 15.152907371521 1.5022727251053 0.19799999892712
		endloop
	endfacet
	facet normal 0 0 -1
		outer loop
			vertex 15.161683082581 1.5463929176331 0.19799999892712
			vertex 15.164765357971 1.5309000015259 0.19799999892712
			vertex 15.161683082581 1.5154070854187 0.19799999892712
		endloop
	endfacet
	facet normal 0 0 -1
		outer loop
			vertex 15.152907371521 1.5595271587372 0.19799999892712
			vertex 15.161683082581 1.5154070854187 0.19799999892712
			vertex 15.152907371521 1.5022727251053 0.19799999892712
		endloop
	endfacet
	facet normal 0 0 -1
		outer loop
			vertex 15.152907371521 1.5595271587372 0.19799999892712
			vertex 15.161683082581 1.5463929176331 0.19799999892712
			vertex 15.161683082581 1.5154070854187 0.19799999892712
		endloop
	endfacet
endsolid