solid csg_export
	facet normal 0 0 1
		outer loop
			vertex 5.4667000770569 1.6813281774521 0.51999998092651
			vertex 7.4200000762939 15.064697265625 0.51999998092651
			vertex 5.4667000770569 2.5220000743866 0.51999998092651
		endloop
	endfacet
	facet normal -1 0 0
		outer loop
			vertex 5.4667000770569 2.5220000743866 0
			vertex 5.4667000770569 2.5220000743866 0.51999998092651
			vertex 5.4667000770569 17.653699874878 0
		endloop
	endfacet
	facet normal -0 0 1
		outer loop
			vertex 5.4667000770569 1.6813281774521 0.51999998092651
			vertex 7.4200000762939 1.3809487819672 0.51999998092651
			vertex 7.4200000762939 15.064697265625 0.51999998092651
		endloop
	endfacet
	facet normal 0 0 -1
		outer loop
			vertex 5.4667000770569 2.5220000743866 0
			vertex 6.1500477790833 17.653699874878 0
			vertex 10.250052452087 2.5220000743866 0
		endloop
	endfacet
	facet normal 0 0 1
		outer loop
			vertex 5.4667000770569 2.5220000743866 0.51999998092651
			vertex 7.4200000762939 15.064697265625 0.51999998092651
			vertex 5.4667000770569 16.075700759888 0.51999998092651
		endloop
	endfacet
	facet normal -1 0 0
		outer loop
			vertex 5.4667000770569 2.5220000743866 0.51999998092651
			vertex 5.4667000770569 16.075700759888 0.51999998092651
			vertex 5.4667000770569 17.653699874878 0
		endloop
	endfacet
	facet normal 0 0 -1
		outer loop
			vertex 5.4667000770569 2.5220000743866 0
			vertex 5.4667000770569 17.653699874878 0
			vertex 6.1500477790833 17.653699874878 0
		endloop
	endfacet
	facet normal 0 0 1
		outer loop
			vertex 7.4200000762939 15.064697265625 0.51999998092651
			vertex 5.9867000579834 16.075700759888 0.51999998092651
			vertex 5.4667000770569 16.075700759888 0.51999998092651
		endloop
	endfacet
	facet normal 0 -0 1
		outer loop
			vertex 7.4200000762939 15.064697265625 0.51999998092651
			vertex 7.9400000572205 15.064697265625 0.51999998092651
			vertex 5.9867000579834 16.075700759888 0.51999998092651
		endloop
	endfacet
	facet normal 0 -0 1
		outer loop
			vertex 7.9400000572205 15.064697265625 0.51999998092651
			vertex 10.41339969635 16.075700759888 0.51999998092651
			vertex 5.9867000579834 16.075700759888 0.51999998092651
		endloop
	endfacet
	facet normal -1 0 0
		outer loop
			vertex 5.4667000770569 16.075700759888 0.51999998092651
			vertex 5.4667000770569 17.653699874878 0.51999998092651
			vertex 5.4667000770569 17.653699874878 0
		endloop
	endfacet
	facet normal 0 0 1
		outer loop
			vertex 5.9867000579834 16.075700759888 0.51999998092651
			vertex 10.41339969635 18.574321746826 0.51999998092651
			vertex 5.9867000579834 19.255062103271 0.51999998092651
		endloop
	endfacet
	facet normal -0 0 1
		outer loop
			vertex 7.9400000572205 1.3009829521179 0.51999998092651
			vertex 10.933400154114 0.84065639972687 0.51999998092651
			vertex 10.933400154114 2.5220000743866 0.51999998092651
		endloop
	endfacet
	facet normal 0 0 1
		outer loop
			vertex 7.9400000572205 1.3009829521179 0.51999998092651
			vertex 10.933400154114 2.5220000743866 0.51999998092651
			vertex 10.933400154114 16.075700759888 0.51999998092651
		endloop
	endfacet
	facet normal 0 0 -1
		outer loop
			vertex 10.250052452087 2.5220000743866 0
			vertex 10.933400154114 17.653699874878 0
			vertex 10.933400154114 2.5220000743866 0
		endloop
	endfacet
	facet normal 1 0 0
		outer loop
			vertex 10.933400154114 2.5220000743866 0
			vertex 10.933400154114 16.075700759888 0.51999998092651
			vertex 10.933400154114 2.5220000743866 0.51999998092651
		endloop
	endfacet
	facet normal 0 0 1
		outer loop
			vertex 7.9400000572205 1.3009829521179 0.51999998092651
			vertex 10.41339969635 16.075700759888 0.51999998092651
			vertex 7.9400000572205 15.064697265625 0.51999998092651
		endloop
	endfacet
	facet normal 0 0 -1
		outer loop
			vertex 6.1500477790833 17.653699874878 0
			vertex 10.933400154114 17.653699874878 0
			vertex 10.250052452087 2.5220000743866 0
		endloop
	endfacet
	facet normal 0 0 1
		outer loop
			vertex 7.9400000572205 1.3009829521179 0.51999998092651
			vertex 10.933400154114 16.075700759888 0.51999998092651
			vertex 10.41339969635 16.075700759888 0.51999998092651
		endloop
	endfacet
	facet normal 1 0 0
		outer loop
			vertex 10.933400154114 2.5220000743866 0
			vertex 10.933400154114 17.653699874878 0.51999998092651
			vertex 10.933400154114 16.075700759888 0.51999998092651
		endloop
	endfacet
	facet normal 1 0 0
		outer loop
			vertex 10.933400154114 2.5220000743866 0
			vertex 10.933400154114 17.653699874878 0
			vertex 10.933400154114 17.653699874878 0.51999998092651
		endloop
	endfacet
	facet normal 0 0 1
		outer loop
			vertex 5.9867000579834 16.075700759888 0.51999998092651
			vertex 10.41339969635 16.075700759888 0.51999998092651
			vertex 10.41339969635 18.574321746826 0.51999998092651
		endloop
	endfacet
	facet normal 0 0 -1
		outer loop
			vertex 0 0 0
			vertex 0.59953278303146 0.96247279644012 0
			vertex 0.61266708374023 0.95369672775269 0
		endloop
	endfacet
	facet normal 0 0 -1
		outer loop
			vertex 0 0 0
			vertex 0.61266708374023 0.95369672775269 0
			vertex 0.62815999984741 0.95061498880386 0
		endloop
	endfacet
	facet normal -1 0 0
		outer loop
			vertex 0 0 0
			vertex 0 0 0.51999998092651
			vertex 0 2.5220000743866 0.51999998092651
		endloop
	endfacet
	facet normal 0 0 -1
		outer loop
			vertex 0 0 0
			vertex 0 2.5220000743866 0
			vertex 0.47971498966217 1.4229400157928 0
		endloop
	endfacet
	facet normal 0 0 -1
		outer loop
			vertex 0 0 0
			vertex 0.47971498966217 1.4229400157928 0
			vertex 0.47971498966217 1.0990600585938 0
		endloop
	endfacet
	facet normal 0 0 -1
		outer loop
			vertex 0 0 0
			vertex 0.47971498966217 1.0990600585938 0
			vertex 0.48279672861099 1.0835670232773 0
		endloop
	endfacet
	facet normal 0 0 -1
		outer loop
			vertex 0 0 0
			vertex 0.48279672861099 1.0835670232773 0
			vertex 0.49157276749611 1.0704327821732 0
		endloop
	endfacet
	facet normal 0 0 -1
		outer loop
			vertex 0 0 0
			vertex 0.49157276749611 1.0704327821732 0
			vertex 0.59953278303146 0.96247279644012 0
		endloop
	endfacet
	facet normal 0 0 -1
		outer loop
			vertex 0 0 0
			vertex 0.62815999984741 0.95061498880386 0
			vertex 0.95204001665115 0.95061498880386 0
		endloop
	endfacet
	facet normal 0 0 -1
		outer loop
			vertex 0.56068497896194 1.1158294677734 0
			vertex 0.93527054786682 1.4904149770737 0
			vertex 0.6449294090271 1.0315849781036 0
		endloop
	endfacet
	facet normal 0 0 -1
		outer loop
			vertex 0.56068497896194 1.1158294677734 0
			vertex 0.56068497896194 1.4061706066132 0
			vertex 0.93527054786682 1.4904149770737 0
		endloop
	endfacet
	facet normal 0 0 -1
		outer loop
			vertex 0.56068497896194 1.4061706066132 0
			vertex 0.6449294090271 1.4904149770737 0
			vertex 0.93527054786682 1.4904149770737 0
		endloop
	endfacet
	facet normal 0 0 -1
		outer loop
			vertex 0.6449294090271 1.0315849781036 0
			vertex 1.0313727855682 1.3943127393723 0
			vertex 0.93527054786682 1.0315849781036 0
		endloop
	endfacet
	facet normal 0 0 -1
		outer loop
			vertex 0.6449294090271 1.0315849781036 0
			vertex 0.93527054786682 1.4904149770737 0
			vertex 1.0313727855682 1.3943127393723 0
		endloop
	endfacet
	facet normal 0 0 -1
		outer loop
			vertex 0.93527054786682 1.0315849781036 0
			vertex 1.0313727855682 1.3943127393723 0
			vertex 1.0313727855682 1.1276872158051 0
		endloop
	endfacet
	facet normal -1 0 0
		outer loop
			vertex 0 0 0
			vertex 0 2.5220000743866 0.51999998092651
			vertex 0 2.5220000743866 0
		endloop
	endfacet
	facet normal 0 0 -1
		outer loop
			vertex 0.47971498966217 1.4229400157928 0
			vertex 0 2.5220000743866 0
			vertex 0.48279672861099 1.4384329319 0
		endloop
	endfacet
	facet normal -0 0 -1
		outer loop
			vertex 0.49157276749611 1.4515671730042 0
			vertex 0.48279672861099 1.4384329319 0
			vertex 0 2.5220000743866 0
		endloop
	endfacet
	facet normal 0 0 -1
		outer loop
			vertex 0.49157276749611 1.4515671730042 0
			vertex 0 2.5220000743866 0
			vertex 0.59953278303146 1.5595271587372 0
		endloop
	endfacet
	facet normal 0 0 -1
		outer loop
			vertex 0.59953278303146 1.5595271587372 0
			vertex 0 2.5220000743866 0
			vertex 0.61266708374023 1.5683032274246 0
		endloop
	endfacet
	facet normal 0 0 -1
		outer loop
			vertex 0.61266708374023 1.5683032274246 0
			vertex 0 2.5220000743866 0
			vertex 0.62815999984741 1.5713850259781 0
		endloop
	endfacet
	facet normal 0 0 -1
		outer loop
			vertex 0.62815999984741 1.5713850259781 0
			vertex 0 2.5220000743866 0
			vertex 0.95204001665115 1.5713850259781 0
		endloop
	endfacet
	facet normal 0 0 -1
		outer loop
			vertex 0.95204001665115 1.5713850259781 0
			vertex 0 2.5220000743866 0
			vertex 0.96753293275833 1.5683032274246 0
		endloop
	endfacet
	facet normal 0 0 -1
		outer loop
			vertex 0.96753293275833 1.5683032274246 0
			vertex 0 2.5220000743866 0
			vertex 1.2604271173477 1.5683032274246 0
		endloop
	endfacet
	facet normal 0 0 -1
		outer loop
			vertex 1.2604271173477 1.5683032274246 0
			vertex 0 2.5220000743866 0
			vertex 1.2759200334549 1.5713850259781 0
		endloop
	endfacet
	facet normal 0 0 -1
		outer loop
			vertex 1.2759200334549 1.5713850259781 0
			vertex 0 2.5220000743866 0
			vertex 1.599799990654 1.5713850259781 0
		endloop
	endfacet
	facet normal 0 0 -1
		outer loop
			vertex 0.9806672334671 0.96247279644012 0
			vertex 1.0886272192001 1.0704327821732 0
			vertex 1.2472927570343 0.96247279644012 0
		endloop
	endfacet
	facet normal 0 0 -1
		outer loop
			vertex 1.0886272192001 1.0704327821732 0
			vertex 1.0974032878876 1.0835670232773 0
			vertex 1.1393327713013 1.0704327821732 0
		endloop
	endfacet
	facet normal 0 0 -1
		outer loop
			vertex 1.1004849672318 1.0990600585938 0
			vertex 1.1274750232697 1.0990600585938 0
			vertex 1.1305567026138 1.0835670232773 0
		endloop
	endfacet
	facet normal 0 0 -1
		outer loop
			vertex 1.0974032878876 1.0835670232773 0
			vertex 1.1004849672318 1.0990600585938 0
			vertex 1.1305567026138 1.0835670232773 0
		endloop
	endfacet
	facet normal 0 0 -1
		outer loop
			vertex 1.0974032878876 1.0835670232773 0
			vertex 1.1305567026138 1.0835670232773 0
			vertex 1.1393327713013 1.0704327821732 0
		endloop
	endfacet
	facet normal 0 0 -1
		outer loop
			vertex 0.9806672334671 0.96247279644012 0
			vertex 1.2472927570343 0.96247279644012 0
			vertex 1.2604271173477 0.95369672775269 0
		endloop
	endfacet
	facet normal 0 0 -1
		outer loop
			vertex 0.9806672334671 0.96247279644012 0
			vertex 1.2604271173477 0.95369672775269 0
			vertex 1.2759200334549 0.95061498880386 0
		endloop
	endfacet
	facet normal 0 0 -1
		outer loop
			vertex 1.0886272192001 1.0704327821732 0
			vertex 1.1393327713013 1.0704327821732 0
			vertex 1.2472927570343 0.96247279644012 0
		endloop
	endfacet
	facet normal 0 0 -1
		outer loop
			vertex 1.0445070266724 1.1364632844925 0
			vertex 1.1274750232697 1.2174007892609 0
			vertex 1.0599999427795 1.1395449638367 0
		endloop
	endfacet
	facet normal 0 0 -1
		outer loop
			vertex 1.0599999427795 1.1395449638367 0
			vertex 1.1274750232697 1.2174007892609 0
			vertex 1.075492978096 1.1364632844925 0
		endloop
	endfacet
	facet normal 0 0 -1
		outer loop
			vertex 1.0313727855682 1.1276872158051 0
			vertex 1.0445070266724 1.3855367898941 0
			vertex 1.0445070266724 1.1364632844925 0
		endloop
	endfacet
	facet normal 0 0 -1
		outer loop
			vertex 1.0313727855682 1.1276872158051 0
			vertex 1.0313727855682 1.3943127393723 0
			vertex 1.0445070266724 1.3855367898941 0
		endloop
	endfacet
	facet normal 0 0 -1
		outer loop
			vertex 1.0445070266724 1.1364632844925 0
			vertex 1.0445070266724 1.3855367898941 0
			vertex 1.1274750232697 1.2174007892609 0
		endloop
	endfacet
	facet normal 0 0 -1
		outer loop
			vertex 1.1274750232697 1.0990600585938 0
			vertex 1.0974032878876 1.1145529747009 0
			vertex 1.0886272192001 1.1276872158051 0
		endloop
	endfacet
	facet normal 0 0 -1
		outer loop
			vertex 1.1004849672318 1.0990600585938 0
			vertex 1.0974032878876 1.1145529747009 0
			vertex 1.1274750232697 1.0990600585938 0
		endloop
	endfacet
	facet normal 0 0 -1
		outer loop
			vertex 1.075492978096 1.1364632844925 0
			vertex 1.1274750232697 1.2174007892609 0
			vertex 1.0886272192001 1.1276872158051 0
		endloop
	endfacet
	facet normal 0 0 -1
		outer loop
			vertex 1.1274750232697 1.0990600585938 0
			vertex 1.0886272192001 1.1276872158051 0
			vertex 1.1274750232697 1.2174007892609 0
		endloop
	endfacet
	facet normal 0 0 -1
		outer loop
			vertex 1.1274750232697 1.2174007892609 0
			vertex 1.0599999427795 1.3824549913406 0
			vertex 1.075492978096 1.3855367898941 0
		endloop
	endfacet
	facet normal 0 0 -1
		outer loop
			vertex 1.1274750232697 1.2174007892609 0
			vertex 1.0445070266724 1.3855367898941 0
			vertex 1.0599999427795 1.3824549913406 0
		endloop
	endfacet
	facet normal 0 0 -1
		outer loop
			vertex 0.9806672334671 1.5595271587372 0
			vertex 1.1393327713013 1.4515671730042 0
			vertex 1.0886272192001 1.4515671730042 0
		endloop
	endfacet
	facet normal 0 0 -1
		outer loop
			vertex 1.1274750232697 1.2174007892609 0
			vertex 1.0886272192001 1.3943127393723 0
			vertex 1.0974032878876 1.4074470996857 0
		endloop
	endfacet
	facet normal 0 0 -1
		outer loop
			vertex 1.1274750232697 1.2174007892609 0
			vertex 1.075492978096 1.3855367898941 0
			vertex 1.0886272192001 1.3943127393723 0
		endloop
	endfacet
	facet normal 0 0 -1
		outer loop
			vertex 1.1274750232697 1.2174007892609 0
			vertex 1.1004849672318 1.4229400157928 0
			vertex 1.1274750232697 1.4229400157928 0
		endloop
	endfacet
	facet normal 0 0 -1
		outer loop
			vertex 1.1274750232697 1.2174007892609 0
			vertex 1.0974032878876 1.4074470996857 0
			vertex 1.1004849672318 1.4229400157928 0
		endloop
	endfacet
	facet normal 0 0 -1
		outer loop
			vertex 1.1004849672318 1.4229400157928 0
			vertex 1.0974032878876 1.4384329319 0
			vertex 1.1274750232697 1.4229400157928 0
		endloop
	endfacet
	facet normal 0 0 -1
		outer loop
			vertex 1.0974032878876 1.4384329319 0
			vertex 1.1305567026138 1.4384329319 0
			vertex 1.1274750232697 1.4229400157928 0
		endloop
	endfacet
	facet normal 0 0 -1
		outer loop
			vertex 1.0886272192001 1.4515671730042 0
			vertex 1.1305567026138 1.4384329319 0
			vertex 1.0974032878876 1.4384329319 0
		endloop
	endfacet
	facet normal 0 0 -1
		outer loop
			vertex 1.0886272192001 1.4515671730042 0
			vertex 1.1393327713013 1.4515671730042 0
			vertex 1.1305567026138 1.4384329319 0
		endloop
	endfacet
	facet normal 0 0 -1
		outer loop
			vertex 1.2926894426346 1.0315849781036 0
			vertex 1.599799990654 1.1665350198746 0
			vertex 1.5830305814743 1.0315849781036 0
		endloop
	endfacet
	facet normal 0 0 -1
		outer loop
			vertex 1.2084449529648 1.1158294677734 0
			vertex 1.2084449529648 1.1665350198746 0
			vertex 1.599799990654 1.1665350198746 0
		endloop
	endfacet
	facet normal 0 0 -1
		outer loop
			vertex 1.2084449529648 1.2475049495697 0
			vertex 1.2084449529648 1.4061706066132 0
			vertex 1.5830305814743 1.2475049495697 0
		endloop
	endfacet
	facet normal 0 0 -1
		outer loop
			vertex 1.2084449529648 1.1158294677734 0
			vertex 1.599799990654 1.1665350198746 0
			vertex 1.2926894426346 1.0315849781036 0
		endloop
	endfacet
	facet normal 0 0 -1
		outer loop
			vertex 1.5830305814743 1.2475049495697 0
			vertex 1.2084449529648 1.4061706066132 0
			vertex 1.2926894426346 1.4904149770737 0
		endloop
	endfacet
	facet normal 0 0 -1
		outer loop
			vertex 1.5830305814743 1.2475049495697 0
			vertex 1.2926894426346 1.4904149770737 0
			vertex 1.5830305814743 1.4904149770737 0
		endloop
	endfacet
	facet normal 0 0 -1
		outer loop
			vertex 1.6152929067612 0.95369672775269 0
			vertex 1.6284272670746 0.96247279644012 0
			vertex 1.8002270460129 0.95369672775269 0
		endloop
	endfacet
	facet normal 0 0 -1
		outer loop
			vertex 1.599799990654 0.95061498880386 0
			vertex 1.6152929067612 0.95369672775269 0
			vertex 1.8157199621201 0.95061498880386 0
		endloop
	endfacet
	facet normal 0 0 -1
		outer loop
			vertex 1.6284272670746 0.96247279644012 0
			vertex 1.7752350568771 0.99110001325607 0
			vertex 1.7783167362213 0.97560703754425 0
		endloop
	endfacet
	facet normal 0 0 -1
		outer loop
			vertex 1.6284272670746 0.96247279644012 0
			vertex 1.7363872528076 1.0704327821732 0
			vertex 1.7752350568771 0.99110001325607 0
		endloop
	endfacet
	facet normal 0 0 -1
		outer loop
			vertex 1.6284272670746 0.96247279644012 0
			vertex 1.7870928049088 0.96247279644012 0
			vertex 1.8002270460129 0.95369672775269 0
		endloop
	endfacet
	facet normal 0 0 -1
		outer loop
			vertex 1.6152929067612 0.95369672775269 0
			vertex 1.8002270460129 0.95369672775269 0
			vertex 1.8157199621201 0.95061498880386 0
		endloop
	endfacet
	facet normal 0 0 -1
		outer loop
			vertex 1.6284272670746 0.96247279644012 0
			vertex 1.7783167362213 0.97560703754425 0
			vertex 1.7870928049088 0.96247279644012 0
		endloop
	endfacet
	facet normal 0 0 -1
		outer loop
			vertex 1.7752350568771 0.99110001325607 0
			vertex 1.7451633214951 1.0835670232773 0
			vertex 1.7482450008392 1.0990600585938 0
		endloop
	endfacet
	facet normal 0 0 -1
		outer loop
			vertex 1.7752350568771 0.99110001325607 0
			vertex 1.7363872528076 1.0704327821732 0
			vertex 1.7451633214951 1.0835670232773 0
		endloop
	endfacet
	facet normal 0 0 -1
		outer loop
			vertex 1.7752350568771 0.99110001325607 0
			vertex 1.7482450008392 1.0990600585938 0
			vertex 1.7451633214951 1.1145529747009 0
		endloop
	endfacet
	facet normal 0 0 -1
		outer loop
			vertex 1.5830305814743 1.0315849781036 0
			vertex 1.599799990654 1.1665350198746 0
			vertex 1.6152929067612 1.1696166992188 0
		endloop
	endfacet
	facet normal 0 0 -1
		outer loop
			vertex 1.5830305814743 1.0315849781036 0
			vertex 1.6152929067612 1.1696166992188 0
			vertex 1.6284272670746 1.1783927679062 0
		endloop
	endfacet
	facet normal 0 0 -1
		outer loop
			vertex 1.5830305814743 1.0315849781036 0
			vertex 1.6284272670746 1.1783927679062 0
			vertex 1.6791328191757 1.1276872158051 0
		endloop
	endfacet
	facet normal 0 0 -1
		outer loop
			vertex 1.5830305814743 1.2475049495697 0
			vertex 1.5830305814743 1.4904149770737 0
			vertex 1.6672749519348 1.4061706066132 0
		endloop
	endfacet
	facet normal 0 0 -1
		outer loop
			vertex 1.5830305814743 1.2475049495697 0
			vertex 1.6672749519348 1.4061706066132 0
			vertex 1.6672749519348 1.3317494392395 0
		endloop
	endfacet
	facet normal 0 0 -1
		outer loop
			vertex 1.6284272670746 1.1783927679062 0
			vertex 1.7363872528076 1.2863527536392 0
			vertex 1.6791328191757 1.1276872158051 0
		endloop
	endfacet
	facet normal 0 0 -1
		outer loop
			vertex 1.6791328191757 1.1276872158051 0
			vertex 1.7363872528076 1.2863527536392 0
			vertex 1.6922670602798 1.1364632844925 0
		endloop
	endfacet
	facet normal 0 0 -1
		outer loop
			vertex 1.6922670602798 1.1364632844925 0
			vertex 1.7363872528076 1.2863527536392 0
			vertex 1.707759976387 1.1395449638367 0
		endloop
	endfacet
	facet normal 0 0 -1
		outer loop
			vertex 1.707759976387 1.1395449638367 0
			vertex 1.7363872528076 1.2863527536392 0
			vertex 1.7232528924942 1.1364632844925 0
		endloop
	endfacet
	facet normal 0 0 -1
		outer loop
			vertex 1.7752350568771 0.99110001325607 0
			vertex 1.7451633214951 1.1145529747009 0
			vertex 1.7451633214951 1.2994871139526 0
		endloop
	endfacet
	facet normal 0 0 -1
		outer loop
			vertex 1.7451633214951 1.1145529747009 0
			vertex 1.7363872528076 1.1276872158051 0
			vertex 1.7451633214951 1.2994871139526 0
		endloop
	endfacet
	facet normal 0 0 -1
		outer loop
			vertex 1.7232528924942 1.1364632844925 0
			vertex 1.7363872528076 1.2863527536392 0
			vertex 1.7363872528076 1.1276872158051 0
		endloop
	endfacet
	facet normal 0 0 -1
		outer loop
			vertex 1.7363872528076 1.1276872158051 0
			vertex 1.7363872528076 1.2863527536392 0
			vertex 1.7451633214951 1.2994871139526 0
		endloop
	endfacet
	facet normal 0 0 -1
		outer loop
			vertex 1.7752350568771 0.99110001325607 0
			vertex 1.7451633214951 1.2994871139526 0
			vertex 1.7482450008392 1.3149800300598 0
		endloop
	endfacet
	facet normal 0 0 -1
		outer loop
			vertex 1.7752350568771 0.99110001325607 0
			vertex 1.7482450008392 1.3149800300598 0
			vertex 1.7482450008392 1.4229400157928 0
		endloop
	endfacet
	facet normal 0 0 -1
		outer loop
			vertex 1.7752350568771 0.99110001325607 0
			vertex 1.7482450008392 1.4229400157928 0
			vertex 1.7752350568771 1.5309000015259 0
		endloop
	endfacet
	facet normal 0 0 -1
		outer loop
			vertex 1.7363872528076 1.4515671730042 0
			vertex 1.7752350568771 1.5309000015259 0
			vertex 1.7451633214951 1.4384329319 0
		endloop
	endfacet
	facet normal 0 0 -1
		outer loop
			vertex 1.7451633214951 1.4384329319 0
			vertex 1.7752350568771 1.5309000015259 0
			vertex 1.7482450008392 1.4229400157928 0
		endloop
	endfacet
	facet normal 0 0 -1
		outer loop
			vertex 1.8562049865723 1.0315849781036 0
			vertex 1.8562049865723 1.4904149770737 0
			vertex 2.176810503006 1.4904149770737 0
		endloop
	endfacet
	facet normal 0 0 1
		outer loop
			vertex 0 0 0.51999998092651
			vertex 5.4667000770569 1.6813281774521 0.51999998092651
			vertex 0 2.5220000743866 0.51999998092651
		endloop
	endfacet
	facet normal 0 0 -1
		outer loop
			vertex 0.96753293275833 1.5683032274246 0
			vertex 1.2472927570343 1.5595271587372 0
			vertex 0.9806672334671 1.5595271587372 0
		endloop
	endfacet
	facet normal 0 0 -1
		outer loop
			vertex 0.9806672334671 1.5595271587372 0
			vertex 1.2472927570343 1.5595271587372 0
			vertex 1.1393327713013 1.4515671730042 0
		endloop
	endfacet
	facet normal 0 0 -1
		outer loop
			vertex 1.599799990654 1.5713850259781 0
			vertex 0 2.5220000743866 0
			vertex 1.6152929067612 1.5683032274246 0
		endloop
	endfacet
	facet normal 0 0 -1
		outer loop
			vertex 1.6152929067612 1.5683032274246 0
			vertex 0 2.5220000743866 0
			vertex 1.8002270460129 1.5683032274246 0
		endloop
	endfacet
	facet normal 0 0 -1
		outer loop
			vertex 0.96753293275833 1.5683032274246 0
			vertex 1.2604271173477 1.5683032274246 0
			vertex 1.2472927570343 1.5595271587372 0
		endloop
	endfacet
	facet normal 0 0 -1
		outer loop
			vertex 1.8002270460129 1.5683032274246 0
			vertex 0 2.5220000743866 0
			vertex 1.8157199621201 1.5713850259781 0
		endloop
	endfacet
	facet normal 0 0 -1
		outer loop
			vertex 1.8157199621201 1.5713850259781 0
			vertex 0 2.5220000743866 0
			vertex 2.1935799121857 1.5713850259781 0
		endloop
	endfacet
	facet normal 0 0 -1
		outer loop
			vertex 0 2.5220000743866 0
			vertex 2.2090728282928 1.5683032274246 0
			vertex 2.1935799121857 1.5713850259781 0
		endloop
	endfacet
	facet normal 0 0 -1
		outer loop
			vertex 0 2.5220000743866 0
			vertex 2.4479870796204 1.5683032274246 0
			vertex 2.2090728282928 1.5683032274246 0
		endloop
	endfacet
	facet normal 0 0 -1
		outer loop
			vertex 0 2.5220000743866 0
			vertex 2.4634799957275 1.5713850259781 0
			vertex 2.4479870796204 1.5683032274246 0
		endloop
	endfacet
	facet normal 0 0 -1
		outer loop
			vertex 1.6152929067612 1.5683032274246 0
			vertex 1.7870928049088 1.5595271587372 0
			vertex 1.6284272670746 1.5595271587372 0
		endloop
	endfacet
	facet normal 0 0 -1
		outer loop
			vertex 1.6284272670746 1.5595271587372 0
			vertex 1.7752350568771 1.5309000015259 0
			vertex 1.7363872528076 1.4515671730042 0
		endloop
	endfacet
	facet normal 0 0 -1
		outer loop
			vertex 1.6284272670746 1.5595271587372 0
			vertex 1.7783167362213 1.5463929176331 0
			vertex 1.7752350568771 1.5309000015259 0
		endloop
	endfacet
	facet normal 0 0 -1
		outer loop
			vertex 1.6284272670746 1.5595271587372 0
			vertex 1.7870928049088 1.5595271587372 0
			vertex 1.7783167362213 1.5463929176331 0
		endloop
	endfacet
	facet normal 0 0 -1
		outer loop
			vertex 1.6152929067612 1.5683032274246 0
			vertex 1.8002270460129 1.5683032274246 0
			vertex 1.7870928049088 1.5595271587372 0
		endloop
	endfacet
	facet normal 0 0 -1
		outer loop
			vertex 0 2.5220000743866 0
			vertex 2.8413400650024 1.5713850259781 0
			vertex 2.4634799957275 1.5713850259781 0
		endloop
	endfacet
	facet normal 0 0 -1
		outer loop
			vertex 0 2.5220000743866 0
			vertex 3.0957469940186 1.5683032274246 0
			vertex 2.8413400650024 1.5713850259781 0
		endloop
	endfacet
	facet normal 0 1 0
		outer loop
			vertex 0 2.5220000743866 0
			vertex 0 2.5220000743866 0.51999998092651
			vertex 5.4667000770569 2.5220000743866 0.51999998092651
		endloop
	endfacet
	facet normal 0 0 -1
		outer loop
			vertex 2.1935799121857 0.95061498880386 0
			vertex 2.2090728282928 0.95369672775269 0
			vertex 2.4634799957275 0.95061498880386 0
		endloop
	endfacet
	facet normal 0 0 -1
		outer loop
			vertex 2.2090728282928 0.95369672775269 0
			vertex 2.2222073078156 0.96247279644012 0
			vertex 2.4479870796204 0.95369672775269 0
		endloop
	endfacet
	facet normal 0 0 -1
		outer loop
			vertex 1.8562049865723 1.0315849781036 0
			vertex 2.176810503006 1.4904149770737 0
			vertex 2.176810503006 1.0315849781036 0
		endloop
	endfacet
	facet normal 0 0 -1
		outer loop
			vertex 2.176810503006 1.0315849781036 0
			vertex 2.176810503006 1.4904149770737 0
			vertex 2.3150351047516 1.3521906137466 0
		endloop
	endfacet
	facet normal 0 0 -1
		outer loop
			vertex 2.176810503006 1.0315849781036 0
			vertex 2.3150351047516 1.3521906137466 0
			vertex 2.3150351047516 1.16980946064 0
		endloop
	endfacet
	facet normal 0 0 -1
		outer loop
			vertex 2.2222073078156 0.96247279644012 0
			vertex 2.4348528385162 0.96247279644012 0
			vertex 2.4479870796204 0.95369672775269 0
		endloop
	endfacet
	facet normal 0 0 -1
		outer loop
			vertex 2.2222073078156 0.96247279644012 0
			vertex 2.4229950904846 0.99110001325607 0
			vertex 2.4260766506195 0.97560703754425 0
		endloop
	endfacet
	facet normal 0 0 -1
		outer loop
			vertex 2.2222073078156 0.96247279644012 0
			vertex 2.4260766506195 0.97560703754425 0
			vertex 2.4348528385162 0.96247279644012 0
		endloop
	endfacet
	facet normal 0 0 -1
		outer loop
			vertex 2.2222073078156 0.96247279644012 0
			vertex 2.3841471672058 1.1244127750397 0
			vertex 2.4229950904846 0.99110001325607 0
		endloop
	endfacet
	facet normal 0 0 -1
		outer loop
			vertex 2.2090728282928 0.95369672775269 0
			vertex 2.4479870796204 0.95369672775269 0
			vertex 2.4634799957275 0.95061498880386 0
		endloop
	endfacet
	facet normal 0 0 -1
		outer loop
			vertex 2.4229950904846 0.99110001325607 0
			vertex 2.3841471672058 1.1244127750397 0
			vertex 2.3929233551025 1.1375470161438 0
		endloop
	endfacet
	facet normal 0 0 -1
		outer loop
			vertex 2.4229950904846 0.99110001325607 0
			vertex 2.3929233551025 1.1375470161438 0
			vertex 2.3960049152374 1.1530400514603 0
		endloop
	endfacet
	facet normal 0 0 -1
		outer loop
			vertex 2.4229950904846 0.99110001325607 0
			vertex 2.3960049152374 1.1530400514603 0
			vertex 2.3960049152374 1.3689600229263 0
		endloop
	endfacet
	facet normal 0 0 -1
		outer loop
			vertex 2.4229950904846 0.99110001325607 0
			vertex 2.3960049152374 1.3689600229263 0
			vertex 2.4229950904846 1.5309000015259 0
		endloop
	endfacet
	facet normal 0 0 -1
		outer loop
			vertex 2.2222073078156 1.5595271587372 0
			vertex 2.4229950904846 1.5309000015259 0
			vertex 2.3841471672058 1.3975871801376 0
		endloop
	endfacet
	facet normal 0 0 -1
		outer loop
			vertex 2.3841471672058 1.3975871801376 0
			vertex 2.4229950904846 1.5309000015259 0
			vertex 2.3929233551025 1.3844529390335 0
		endloop
	endfacet
	facet normal 0 0 -1
		outer loop
			vertex 2.3960049152374 1.3689600229263 0
			vertex 2.3929233551025 1.3844529390335 0
			vertex 2.4229950904846 1.5309000015259 0
		endloop
	endfacet
	facet normal 0 0 1
		outer loop
			vertex 0 0 0.51999998092651
			vertex 4.0999999046326 0 0.51999998092651
			vertex 4.0999999046326 0.51999998092651 0.51999998092651
		endloop
	endfacet
	facet normal 0 0 -1
		outer loop
			vertex 2.5039649009705 1.0315849781036 0
			vertex 2.5039649009705 1.4904149770737 0
			vertex 2.8245706558228 1.4904149770737 0
		endloop
	endfacet
	facet normal 0 0 -1
		outer loop
			vertex 2.5039649009705 1.0315849781036 0
			vertex 2.8245706558228 1.4904149770737 0
			vertex 2.8245706558228 1.0315849781036 0
		endloop
	endfacet
	facet normal 0 0 -1
		outer loop
			vertex 2.8568329811096 0.95369672775269 0
			vertex 2.8699672222137 0.96247279644012 0
			vertex 3.2037069797516 0.95369672775269 0
		endloop
	endfacet
	facet normal 0 0 -1
		outer loop
			vertex 2.8413400650024 0.95061498880386 0
			vertex 2.8568329811096 0.95369672775269 0
			vertex 3.2191998958588 0.95061498880386 0
		endloop
	endfacet
	facet normal 0 0 -1
		outer loop
			vertex 2.8699672222137 0.96247279644012 0
			vertex 3.0738368034363 1.0835670232773 0
			vertex 3.0826127529144 1.0704327821732 0
		endloop
	endfacet
	facet normal 0 0 -1
		outer loop
			vertex 2.8699672222137 0.96247279644012 0
			vertex 3.0319073200226 1.1244127750397 0
			vertex 3.0707550048828 1.0990600585938 0
		endloop
	endfacet
	facet normal 0 0 -1
		outer loop
			vertex 2.8699672222137 0.96247279644012 0
			vertex 3.0707550048828 1.0990600585938 0
			vertex 3.0738368034363 1.0835670232773 0
		endloop
	endfacet
	facet normal 0 0 -1
		outer loop
			vertex 2.8699672222137 0.96247279644012 0
			vertex 3.0826127529144 1.0704327821732 0
			vertex 3.1905727386475 0.96247279644012 0
		endloop
	endfacet
	facet normal 0 0 -1
		outer loop
			vertex 2.8245706558228 1.0315849781036 0
			vertex 2.8245706558228 1.4904149770737 0
			vertex 2.9627950191498 1.3521906137466 0
		endloop
	endfacet
	facet normal 0 0 -1
		outer loop
			vertex 2.8245706558228 1.0315849781036 0
			vertex 2.9627950191498 1.3521906137466 0
			vertex 2.9627950191498 1.16980946064 0
		endloop
	endfacet
	facet normal 0 0 -1
		outer loop
			vertex 3.0707550048828 1.0990600585938 0
			vertex 3.0319073200226 1.1244127750397 0
			vertex 3.0406832695007 1.1375470161438 0
		endloop
	endfacet
	facet normal 0 0 -1
		outer loop
			vertex 3.0406832695007 1.1375470161438 0
			vertex 3.0437650680542 1.1530400514603 0
			vertex 3.0738368034363 1.1145529747009 0
		endloop
	endfacet
	facet normal 0 0 -1
		outer loop
			vertex 3.0707550048828 1.0990600585938 0
			vertex 3.0406832695007 1.1375470161438 0
			vertex 3.0738368034363 1.1145529747009 0
		endloop
	endfacet
	facet normal 0 0 -1
		outer loop
			vertex 3.0738368034363 1.1145529747009 0
			vertex 3.0437650680542 1.1530400514603 0
			vertex 3.0826127529144 1.1276872158051 0
		endloop
	endfacet
	facet normal 0 0 -1
		outer loop
			vertex 3.0437650680542 1.1530400514603 0
			vertex 3.0437650680542 1.3689600229263 0
			vertex 3.0826127529144 1.1276872158051 0
		endloop
	endfacet
	facet normal 0 0 -1
		outer loop
			vertex 3.0437650680542 1.3689600229263 0
			vertex 3.0957469940186 1.1364632844925 0
			vertex 3.0826127529144 1.1276872158051 0
		endloop
	endfacet
	facet normal 0 0 -1
		outer loop
			vertex 0 2.5220000743866 0
			vertex 3.1112399101257 1.5713850259781 0
			vertex 3.0957469940186 1.5683032274246 0
		endloop
	endfacet
	facet normal 0 0 -1
		outer loop
			vertex 2.2090728282928 1.5683032274246 0
			vertex 2.4348528385162 1.5595271587372 0
			vertex 2.2222073078156 1.5595271587372 0
		endloop
	endfacet
	facet normal 0 0 -1
		outer loop
			vertex 0 2.5220000743866 0
			vertex 3.6510400772095 1.5713850259781 0
			vertex 3.1112399101257 1.5713850259781 0
		endloop
	endfacet
	facet normal 0 0 -1
		outer loop
			vertex 2.2222073078156 1.5595271587372 0
			vertex 2.4260766506195 1.5463929176331 0
			vertex 2.4229950904846 1.5309000015259 0
		endloop
	endfacet
	facet normal 0 0 -1
		outer loop
			vertex 2.2222073078156 1.5595271587372 0
			vertex 2.4348528385162 1.5595271587372 0
			vertex 2.4260766506195 1.5463929176331 0
		endloop
	endfacet
	facet normal 0 0 -1
		outer loop
			vertex 2.2090728282928 1.5683032274246 0
			vertex 2.4479870796204 1.5683032274246 0
			vertex 2.4348528385162 1.5595271587372 0
		endloop
	endfacet
	facet normal 0 0 -1
		outer loop
			vertex 0 2.5220000743866 0
			vertex 3.8514671325684 1.5683032274246 0
			vertex 3.6510400772095 1.5713850259781 0
		endloop
	endfacet
	facet normal 0 0 -1
		outer loop
			vertex 0 2.5220000743866 0
			vertex 3.8669600486755 1.5713850259781 0
			vertex 3.8514671325684 1.5683032274246 0
		endloop
	endfacet
	facet normal 0 0 -1
		outer loop
			vertex 0 2.5220000743866 0
			vertex 4.1908397674561 1.5713850259781 0
			vertex 3.8669600486755 1.5713850259781 0
		endloop
	endfacet
	facet normal 0 0 -1
		outer loop
			vertex 2.8568329811096 1.5683032274246 0
			vertex 3.0826127529144 1.5595271587372 0
			vertex 2.8699672222137 1.5595271587372 0
		endloop
	endfacet
	facet normal 0 0 -1
		outer loop
			vertex 2.8413400650024 1.5713850259781 0
			vertex 3.0957469940186 1.5683032274246 0
			vertex 2.8568329811096 1.5683032274246 0
		endloop
	endfacet
	facet normal 0 0 -1
		outer loop
			vertex 0 2.5220000743866 0
			vertex 4.4067602157593 1.5713850259781 0
			vertex 4.1908397674561 1.5713850259781 0
		endloop
	endfacet
	facet normal 0 0 -1
		outer loop
			vertex 2.8699672222137 1.5595271587372 0
			vertex 3.0707550048828 1.5309000015259 0
			vertex 3.0738368034363 1.5154070854187 0
		endloop
	endfacet
	facet normal 0 0 -1
		outer loop
			vertex 2.8699672222137 1.5595271587372 0
			vertex 3.0738368034363 1.5154070854187 0
			vertex 3.0826127529144 1.5022727251053 0
		endloop
	endfacet
	facet normal 0 0 -1
		outer loop
			vertex 2.8699672222137 1.5595271587372 0
			vertex 3.0738368034363 1.5463929176331 0
			vertex 3.0707550048828 1.5309000015259 0
		endloop
	endfacet
	facet normal 0 0 -1
		outer loop
			vertex 2.8699672222137 1.5595271587372 0
			vertex 3.0826127529144 1.5595271587372 0
			vertex 3.0738368034363 1.5463929176331 0
		endloop
	endfacet
	facet normal 0 0 -1
		outer loop
			vertex 2.8699672222137 1.5595271587372 0
			vertex 3.0826127529144 1.5022727251053 0
			vertex 3.0907866954803 1.4968111515045 0
		endloop
	endfacet
	facet normal 0 0 -1
		outer loop
			vertex 2.8699672222137 1.5595271587372 0
			vertex 3.0907866954803 1.4968111515045 0
			vertex 3.0904107093811 1.4961843490601 0
		endloop
	endfacet
	facet normal 0 0 -1
		outer loop
			vertex 2.8568329811096 1.5683032274246 0
			vertex 3.0957469940186 1.5683032274246 0
			vertex 3.0826127529144 1.5595271587372 0
		endloop
	endfacet
	facet normal 0 0 -1
		outer loop
			vertex 0 2.5220000743866 0
			vertex 4.784619808197 1.5713850259781 0
			vertex 4.4067602157593 1.5713850259781 0
		endloop
	endfacet
	facet normal 0 0 -1
		outer loop
			vertex 2.8699672222137 0.96247279644012 0
			vertex 3.1905727386475 0.96247279644012 0
			vertex 3.2037069797516 0.95369672775269 0
		endloop
	endfacet
	facet normal 0 0 -1
		outer loop
			vertex 2.8568329811096 0.95369672775269 0
			vertex 3.2037069797516 0.95369672775269 0
			vertex 3.2191998958588 0.95061498880386 0
		endloop
	endfacet
	facet normal 0 0 -1
		outer loop
			vertex 3.1398673057556 1.1276872158051 0
			vertex 3.5263106822968 1.0315849781036 0
			vertex 3.235969543457 1.0315849781036 0
		endloop
	endfacet
	facet normal 0 0 1
		outer loop
			vertex 0 0 0.51999998092651
			vertex 4.0999999046326 0.51999998092651 0.51999998092651
			vertex 5.4667000770569 1.6813281774521 0.51999998092651
		endloop
	endfacet
	facet normal 0 0 -1
		outer loop
			vertex 3.0437650680542 1.3689600229263 0
			vertex 3.1112399101257 1.1395449638367 0
			vertex 3.0957469940186 1.1364632844925 0
		endloop
	endfacet
	facet normal 0 0 -1
		outer loop
			vertex 3.0437650680542 1.3689600229263 0
			vertex 3.1398673057556 1.1276872158051 0
			vertex 3.1267328262329 1.1364632844925 0
		endloop
	endfacet
	facet normal 0 0 -1
		outer loop
			vertex 3.0437650680542 1.3689600229263 0
			vertex 3.1267328262329 1.1364632844925 0
			vertex 3.1112399101257 1.1395449638367 0
		endloop
	endfacet
	facet normal 0 0 -1
		outer loop
			vertex 2.8699672222137 1.5595271587372 0
			vertex 3.610554933548 1.1840977668762 0
			vertex 3.0319073200226 1.3975871801376 0
		endloop
	endfacet
	facet normal 0 0 -1
		outer loop
			vertex 2.8699672222137 1.5595271587372 0
			vertex 3.0904107093811 1.4961843490601 0
			vertex 3.610554933548 1.1840977668762 0
		endloop
	endfacet
	facet normal 0 0 -1
		outer loop
			vertex 3.0437650680542 1.3689600229263 0
			vertex 3.5263106822968 1.0315849781036 0
			vertex 3.1398673057556 1.1276872158051 0
		endloop
	endfacet
	facet normal 0 0 -1
		outer loop
			vertex 3.0406832695007 1.3844529390335 0
			vertex 3.610554933548 1.1840977668762 0
			vertex 3.0437650680542 1.3689600229263 0
		endloop
	endfacet
	facet normal 0 0 -1
		outer loop
			vertex 3.0319073200226 1.3975871801376 0
			vertex 3.610554933548 1.1840977668762 0
			vertex 3.0406832695007 1.3844529390335 0
		endloop
	endfacet
	facet normal 0 0 -1
		outer loop
			vertex 3.0437650680542 1.3689600229263 0
			vertex 3.610554933548 1.1158294677734 0
			vertex 3.5263106822968 1.0315849781036 0
		endloop
	endfacet
	facet normal 0 0 -1
		outer loop
			vertex 3.0437650680542 1.3689600229263 0
			vertex 3.610554933548 1.1840977668762 0
			vertex 3.610554933548 1.1158294677734 0
		endloop
	endfacet
	facet normal 0 0 -1
		outer loop
			vertex 3.6718692779541 1.2417355775833 0
			vertex 3.2574036121368 1.4904149770737 0
			vertex 3.7435071468353 1.3855367898941 0
		endloop
	endfacet
	facet normal 0 0 -1
		outer loop
			vertex 3.2574036121368 1.4904149770737 0
			vertex 3.6510400772095 1.4904149770737 0
			vertex 3.718514919281 1.4229400157928 0
		endloop
	endfacet
	facet normal 0 0 -1
		outer loop
			vertex 3.2574036121368 1.4904149770737 0
			vertex 3.7215967178345 1.4074470996857 0
			vertex 3.7303726673126 1.3943127393723 0
		endloop
	endfacet
	facet normal 0 0 -1
		outer loop
			vertex 3.2574036121368 1.4904149770737 0
			vertex 3.718514919281 1.4229400157928 0
			vertex 3.7215967178345 1.4074470996857 0
		endloop
	endfacet
	facet normal 0 0 -1
		outer loop
			vertex 3.2574036121368 1.4904149770737 0
			vertex 3.7303726673126 1.3943127393723 0
			vertex 3.7435071468353 1.3855367898941 0
		endloop
	endfacet
	facet normal 0 0 -1
		outer loop
			vertex 3.5585730075836 0.95369672775269 0
			vertex 3.5717072486877 0.96247279644012 0
			vertex 3.8514671325684 0.95369672775269 0
		endloop
	endfacet
	facet normal 0 0 -1
		outer loop
			vertex 3.5430800914764 0.95061498880386 0
			vertex 3.5585730075836 0.95369672775269 0
			vertex 3.8669600486755 0.95061498880386 0
		endloop
	endfacet
	facet normal 0 0 -1
		outer loop
			vertex 3.5717072486877 0.96247279644012 0
			vertex 3.6796672344208 1.0704327821732 0
			vertex 3.8383328914642 0.96247279644012 0
		endloop
	endfacet
	facet normal 0 0 -1
		outer loop
			vertex 3.6796672344208 1.0704327821732 0
			vertex 3.6884431838989 1.0835670232773 0
			vertex 3.7303726673126 1.0704327821732 0
		endloop
	endfacet
	facet normal 0 0 -1
		outer loop
			vertex 3.6884431838989 1.0835670232773 0
			vertex 3.7215967178345 1.0835670232773 0
			vertex 3.7303726673126 1.0704327821732 0
		endloop
	endfacet
	facet normal 0 0 -1
		outer loop
			vertex 3.6915249824524 1.0990600585938 0
			vertex 3.718514919281 1.0990600585938 0
			vertex 3.7215967178345 1.0835670232773 0
		endloop
	endfacet
	facet normal 0 0 -1
		outer loop
			vertex 3.6884431838989 1.0835670232773 0
			vertex 3.6915249824524 1.0990600585938 0
			vertex 3.7215967178345 1.0835670232773 0
		endloop
	endfacet
	facet normal 0 0 -1
		outer loop
			vertex 3.5717072486877 0.96247279644012 0
			vertex 3.8383328914642 0.96247279644012 0
			vertex 3.8514671325684 0.95369672775269 0
		endloop
	endfacet
	facet normal 0 0 -1
		outer loop
			vertex 3.5585730075836 0.95369672775269 0
			vertex 3.8514671325684 0.95369672775269 0
			vertex 3.8669600486755 0.95061498880386 0
		endloop
	endfacet
	facet normal 0 0 -1
		outer loop
			vertex 3.6796672344208 1.0704327821732 0
			vertex 3.7303726673126 1.0704327821732 0
			vertex 3.8383328914642 0.96247279644012 0
		endloop
	endfacet
	facet normal 0 0 -1
		outer loop
			vertex 3.6915249824524 1.0990600585938 0
			vertex 3.6915249824524 1.2070200443268 0
			vertex 3.718514919281 1.0990600585938 0
		endloop
	endfacet
	facet normal 0 0 -1
		outer loop
			vertex 3.6915249824524 1.2070200443268 0
			vertex 3.718514919281 1.2070200443268 0
			vertex 3.718514919281 1.0990600585938 0
		endloop
	endfacet
	facet normal 0 0 -1
		outer loop
			vertex 3.6915249824524 1.2070200443268 0
			vertex 3.6884431838989 1.222512960434 0
			vertex 3.718514919281 1.2070200443268 0
		endloop
	endfacet
	facet normal 0 0 -1
		outer loop
			vertex 3.6714932918549 1.2411088943481 0
			vertex 3.6718692779541 1.2417355775833 0
			vertex 3.7215967178345 1.222512960434 0
		endloop
	endfacet
	facet normal 0 0 -1
		outer loop
			vertex 3.6796672344208 1.2356472015381 0
			vertex 3.6714932918549 1.2411088943481 0
			vertex 3.7215967178345 1.222512960434 0
		endloop
	endfacet
	facet normal 0 0 -1
		outer loop
			vertex 3.6796672344208 1.2356472015381 0
			vertex 3.7215967178345 1.222512960434 0
			vertex 3.6884431838989 1.222512960434 0
		endloop
	endfacet
	facet normal 0 0 -1
		outer loop
			vertex 3.6884431838989 1.222512960434 0
			vertex 3.7215967178345 1.222512960434 0
			vertex 3.718514919281 1.2070200443268 0
		endloop
	endfacet
	facet normal 0 0 -1
		outer loop
			vertex 3.6718692779541 1.2417355775833 0
			vertex 3.7303726673126 1.2356472015381 0
			vertex 3.7215967178345 1.222512960434 0
		endloop
	endfacet
	facet normal 0 0 -1
		outer loop
			vertex 3.6510400772095 1.4904149770737 0
			vertex 3.6665329933167 1.4934967756271 0
			vertex 3.718514919281 1.4229400157928 0
		endloop
	endfacet
	facet normal 0 0 -1
		outer loop
			vertex 3.6665329933167 1.4934967756271 0
			vertex 3.7215967178345 1.4384329319 0
			vertex 3.718514919281 1.4229400157928 0
		endloop
	endfacet
	facet normal 0 0 -1
		outer loop
			vertex 3.6665329933167 1.4934967756271 0
			vertex 3.6796672344208 1.5022727251053 0
			vertex 3.7215967178345 1.4384329319 0
		endloop
	endfacet
	facet normal 0 0 -1
		outer loop
			vertex 3.6796672344208 1.5022727251053 0
			vertex 3.6884431838989 1.5154070854187 0
			vertex 3.7303726673126 1.4515671730042 0
		endloop
	endfacet
	facet normal 0 0 -1
		outer loop
			vertex 3.6796672344208 1.5022727251053 0
			vertex 3.7303726673126 1.4515671730042 0
			vertex 3.7215967178345 1.4384329319 0
		endloop
	endfacet
	facet normal 0 0 -1
		outer loop
			vertex 3.6718692779541 1.2417355775833 0
			vertex 3.7590000629425 1.3824549913406 0
			vertex 3.7303726673126 1.2356472015381 0
		endloop
	endfacet
	facet normal 0 0 -1
		outer loop
			vertex 3.7994849681854 1.1158294677734 0
			vertex 3.7994849681854 1.1902505159378 0
			vertex 3.8837294578552 1.2744950056076 0
		endloop
	endfacet
	facet normal 0 0 -1
		outer loop
			vertex 3.6718692779541 1.2417355775833 0
			vertex 3.7435071468353 1.3855367898941 0
			vertex 3.7590000629425 1.3824549913406 0
		endloop
	endfacet
	facet normal 0 0 -1
		outer loop
			vertex 3.7303726673126 1.2356472015381 0
			vertex 3.7590000629425 1.3824549913406 0
			vertex 3.7744929790497 1.3855367898941 0
		endloop
	endfacet
	facet normal 0 0 -1
		outer loop
			vertex 3.7303726673126 1.2356472015381 0
			vertex 3.7744929790497 1.3855367898941 0
			vertex 3.7876272201538 1.3943127393723 0
		endloop
	endfacet
	facet normal 0 0 -1
		outer loop
			vertex 3.6884431838989 1.5154070854187 0
			vertex 3.8383328914642 1.5595271587372 0
			vertex 3.7303726673126 1.4515671730042 0
		endloop
	endfacet
	facet normal 0 0 -1
		outer loop
			vertex 3.7303726673126 1.2356472015381 0
			vertex 3.7876272201538 1.3943127393723 0
			vertex 3.8383328914642 1.3436071872711 0
		endloop
	endfacet
	facet normal 0 0 -1
		outer loop
			vertex 3.7876272201538 1.3943127393723 0
			vertex 3.8837294578552 1.4904149770737 0
			vertex 3.8383328914642 1.3436071872711 0
		endloop
	endfacet
	facet normal 0 0 -1
		outer loop
			vertex 3.7994849681854 1.1158294677734 0
			vertex 3.8837294578552 1.2744950056076 0
			vertex 3.8837294578552 1.0315849781036 0
		endloop
	endfacet
	facet normal 0 0 -1
		outer loop
			vertex 3.8383328914642 1.3436071872711 0
			vertex 3.8837294578552 1.4904149770737 0
			vertex 3.8514671325684 1.3523832559586 0
		endloop
	endfacet
	facet normal 0 0 -1
		outer loop
			vertex 3.8514671325684 1.3523832559586 0
			vertex 3.8837294578552 1.4904149770737 0
			vertex 3.8669600486755 1.355465054512 0
		endloop
	endfacet
	facet normal 0 0 -1
		outer loop
			vertex 3.8837294578552 1.0315849781036 0
			vertex 3.8837294578552 1.2744950056076 0
			vertex 4.1740703582764 1.0315849781036 0
		endloop
	endfacet
	facet normal 0 0 -1
		outer loop
			vertex 3.8669600486755 1.355465054512 0
			vertex 3.8837294578552 1.4904149770737 0
			vertex 4.1740703582764 1.4904149770737 0
		endloop
	endfacet
	facet normal 0 0 -1
		outer loop
			vertex 3.8669600486755 1.355465054512 0
			vertex 4.1740703582764 1.4904149770737 0
			vertex 4.2583150863647 1.4061706066132 0
		endloop
	endfacet
	facet normal 0 0 -1
		outer loop
			vertex 3.6665329933167 1.5683032274246 0
			vertex 3.8383328914642 1.5595271587372 0
			vertex 3.6796672344208 1.5595271587372 0
		endloop
	endfacet
	facet normal 0 0 -1
		outer loop
			vertex 3.6884431838989 1.5154070854187 0
			vertex 3.6915249824524 1.5309000015259 0
			vertex 3.8383328914642 1.5595271587372 0
		endloop
	endfacet
	facet normal 0 0 -1
		outer loop
			vertex 3.6915249824524 1.5309000015259 0
			vertex 3.6884431838989 1.5463929176331 0
			vertex 3.8383328914642 1.5595271587372 0
		endloop
	endfacet
	facet normal 0 0 -1
		outer loop
			vertex 3.6796672344208 1.5595271587372 0
			vertex 3.8383328914642 1.5595271587372 0
			vertex 3.6884431838989 1.5463929176331 0
		endloop
	endfacet
	facet normal 0 0 -1
		outer loop
			vertex 3.6510400772095 1.5713850259781 0
			vertex 3.8514671325684 1.5683032274246 0
			vertex 3.6665329933167 1.5683032274246 0
		endloop
	endfacet
	facet normal 0 0 -1
		outer loop
			vertex 3.6665329933167 1.5683032274246 0
			vertex 3.8514671325684 1.5683032274246 0
			vertex 3.8383328914642 1.5595271587372 0
		endloop
	endfacet
	facet normal -0 0 1
		outer loop
			vertex 0 2.5220000743866 0.51999998092651
			vertex 5.4667000770569 1.6813281774521 0.51999998092651
			vertex 5.4667000770569 2.5220000743866 0.51999998092651
		endloop
	endfacet
	facet normal 0 1 0
		outer loop
			vertex 0 2.5220000743866 0
			vertex 5.4667000770569 2.5220000743866 0.51999998092651
			vertex 5.4667000770569 2.5220000743866 0
		endloop
	endfacet
	facet normal 0 0 -1
		outer loop
			vertex 4.2063331604004 0.95369672775269 0
			vertex 4.2194671630859 0.96247279644012 0
			vertex 4.3912672996521 0.95369672775269 0
		endloop
	endfacet
	facet normal 0 0 -1
		outer loop
			vertex 4.1908397674561 0.95061498880386 0
			vertex 4.2063331604004 0.95369672775269 0
			vertex 4.4067602157593 0.95061498880386 0
		endloop
	endfacet
	facet normal 0 0 -1
		outer loop
			vertex 4.2194671630859 0.96247279644012 0
			vertex 4.3662748336792 0.99110001325607 0
			vertex 4.3693566322327 0.97560703754425 0
		endloop
	endfacet
	facet normal 0 0 -1
		outer loop
			vertex 4.2194671630859 0.96247279644012 0
			vertex 4.3693566322327 0.97560703754425 0
			vertex 4.3781328201294 0.96247279644012 0
		endloop
	endfacet
	facet normal 0 0 -1
		outer loop
			vertex 4.2194671630859 0.96247279644012 0
			vertex 4.3781328201294 0.96247279644012 0
			vertex 4.3912672996521 0.95369672775269 0
		endloop
	endfacet
	facet normal 0 0 -1
		outer loop
			vertex 4.2063331604004 0.95369672775269 0
			vertex 4.3912672996521 0.95369672775269 0
			vertex 4.4067602157593 0.95061498880386 0
		endloop
	endfacet
	facet normal 0 0 -1
		outer loop
			vertex 4.2194671630859 0.96247279644012 0
			vertex 4.3274273872375 1.0704327821732 0
			vertex 4.3662748336792 0.99110001325607 0
		endloop
	endfacet
	facet normal 0 0 -1
		outer loop
			vertex 4.3362030982971 1.0835670232773 0
			vertex 4.3392848968506 1.0990600585938 0
			vertex 4.3662748336792 0.99110001325607 0
		endloop
	endfacet
	facet normal 0 -0 -1
		outer loop
			vertex 4.3362030982971 1.0835670232773 0
			vertex 4.3662748336792 0.99110001325607 0
			vertex 4.3274273872375 1.0704327821732 0
		endloop
	endfacet
	facet normal 0 0 -1
		outer loop
			vertex 3.8837294578552 1.2744950056076 0
			vertex 4.2583150863647 1.1158294677734 0
			vertex 4.1740703582764 1.0315849781036 0
		endloop
	endfacet
	facet normal 0 0 -1
		outer loop
			vertex 3.8837294578552 1.2744950056076 0
			vertex 4.2583150863647 1.2744950056076 0
			vertex 4.2583150863647 1.1158294677734 0
		endloop
	endfacet
	facet normal 0 0 -1
		outer loop
			vertex 3.8669600486755 1.355465054512 0
			vertex 4.2583150863647 1.4061706066132 0
			vertex 4.2583150863647 1.355465054512 0
		endloop
	endfacet
	facet normal 0 0 -1
		outer loop
			vertex 4.3392848968506 1.0990600585938 0
			vertex 4.3392848968506 1.4229400157928 0
			vertex 4.3662748336792 0.99110001325607 0
		endloop
	endfacet
	facet normal 0 0 -1
		outer loop
			vertex 4.3274273872375 1.4515671730042 0
			vertex 4.3662748336792 1.5309000015259 0
			vertex 4.3362030982971 1.4384329319 0
		endloop
	endfacet
	facet normal 0 0 -1
		outer loop
			vertex 4.3392848968506 1.4229400157928 0
			vertex 4.3362030982971 1.4384329319 0
			vertex 4.3662748336792 1.5309000015259 0
		endloop
	endfacet
	facet normal 0 0 -1
		outer loop
			vertex 4.3662748336792 0.99110001325607 0
			vertex 4.3392848968506 1.4229400157928 0
			vertex 4.3662748336792 1.5309000015259 0
		endloop
	endfacet
	facet normal 0 0 -1
		outer loop
			vertex 4.4472451210022 1.0315849781036 0
			vertex 4.4472451210022 1.2205150127411 0
			vertex 4.7780504226685 1.2205150127411 0
		endloop
	endfacet
	facet normal 0 0 -1
		outer loop
			vertex 4.4472451210022 1.3014849424362 0
			vertex 4.4472451210022 1.4904149770737 0
			vertex 4.7723622322083 1.4904149770737 0
		endloop
	endfacet
	facet normal 0 0 -1
		outer loop
			vertex 4.4472451210022 1.0315849781036 0
			vertex 4.7780504226685 1.2205150127411 0
			vertex 4.7723622322083 1.0315849781036 0
		endloop
	endfacet
	facet normal 0 0 -1
		outer loop
			vertex 4.8001127243042 0.95369672775269 0
			vertex 4.8066453933716 0.95806169509888 0
			vertex 4.8070769309998 0.95741444826126 0
		endloop
	endfacet
	facet normal 0 0 -1
		outer loop
			vertex 4.4472451210022 1.3014849424362 0
			vertex 4.7723622322083 1.4904149770737 0
			vertex 4.7780504226685 1.3014849424362 0
		endloop
	endfacet
	facet normal 0 0 -1
		outer loop
			vertex 4.7723622322083 1.0315849781036 0
			vertex 4.7780504226685 1.2205150127411 0
			vertex 4.9060750007629 1.1778401136398 0
		endloop
	endfacet
	facet normal 0 0 -1
		outer loop
			vertex 4.7723622322083 1.0315849781036 0
			vertex 4.9060750007629 1.1778401136398 0
			vertex 4.9060750007629 1.1207269430161 0
		endloop
	endfacet
	facet normal 0 0 -1
		outer loop
			vertex 4.7780504226685 1.3014849424362 0
			vertex 4.7723622322083 1.4904149770737 0
			vertex 4.9060750007629 1.4012731313705 0
		endloop
	endfacet
	facet normal 0 0 -1
		outer loop
			vertex 4.7780504226685 1.3014849424362 0
			vertex 4.9060750007629 1.4012731313705 0
			vertex 4.9060750007629 1.3441599607468 0
		endloop
	endfacet
	facet normal 0 0 -1
		outer loop
			vertex 4.9685854911804 1.0660216808319 0
			vertex 4.9751873016357 1.0704327821732 0
			vertex 4.9690170288086 1.0653744935989 0
		endloop
	endfacet
	facet normal 0 -0 -1
		outer loop
			vertex 4.9593625068665 1.2454274892807 0
			vertex 4.962052822113 1.2444232702255 0
			vertex 4.9592156410217 1.2449876070023 0
		endloop
	endfacet
	facet normal 0 0 -1
		outer loop
			vertex 4.9593625068665 1.2454274892807 0
			vertex 4.9126448631287 1.2610000371933 0
			vertex 4.9593625068665 1.2765725851059 0
		endloop
	endfacet
	facet normal 0 0 -1
		outer loop
			vertex 4.9593625068665 1.2454274892807 0
			vertex 4.9593625068665 1.2765725851059 0
			vertex 4.962052822113 1.2444232702255 0
		endloop
	endfacet
	facet normal 0 0 -1
		outer loop
			vertex 4.9593625068665 1.2765725851059 0
			vertex 4.9592156410217 1.2770124673843 0
			vertex 4.962052822113 1.2775766849518 0
		endloop
	endfacet
	facet normal 0 0 -1
		outer loop
			vertex 4.962052822113 1.2444232702255 0
			vertex 4.9593625068665 1.2765725851059 0
			vertex 4.962052822113 1.2775766849518 0
		endloop
	endfacet
	facet normal 0 0 -1
		outer loop
			vertex 4.9870448112488 1.2070200443268 0
			vertex 4.9839634895325 1.222512960434 0
			vertex 4.9870448112488 1.3149800300598 0
		endloop
	endfacet
	facet normal 0 0 -1
		outer loop
			vertex 4.962052822113 1.2444232702255 0
			vertex 4.9751873016357 1.2863527536392 0
			vertex 4.9751873016357 1.2356472015381 0
		endloop
	endfacet
	facet normal 0 0 -1
		outer loop
			vertex 4.962052822113 1.2444232702255 0
			vertex 4.962052822113 1.2775766849518 0
			vertex 4.9751873016357 1.2863527536392 0
		endloop
	endfacet
	facet normal 0 0 -1
		outer loop
			vertex 4.9751873016357 1.2356472015381 0
			vertex 4.9751873016357 1.2863527536392 0
			vertex 4.9839634895325 1.2994871139526 0
		endloop
	endfacet
	facet normal 0 0 -1
		outer loop
			vertex 4.9751873016357 1.2356472015381 0
			vertex 4.9839634895325 1.2994871139526 0
			vertex 4.9839634895325 1.222512960434 0
		endloop
	endfacet
	facet normal 0 0 -1
		outer loop
			vertex 4.9839634895325 1.222512960434 0
			vertex 4.9839634895325 1.2994871139526 0
			vertex 4.9870448112488 1.3149800300598 0
		endloop
	endfacet
	facet normal 0 -0 -1
		outer loop
			vertex 4.9690170288086 1.4566255807877 0
			vertex 4.9751873016357 1.4515671730042 0
			vertex 4.9685854911804 1.4559782743454 0
		endloop
	endfacet
	facet normal 0 0 -1
		outer loop
			vertex 4.2063331604004 1.5683032274246 0
			vertex 4.3781328201294 1.5595271587372 0
			vertex 4.2194671630859 1.5595271587372 0
		endloop
	endfacet
	facet normal 0 0 -1
		outer loop
			vertex 4.1908397674561 1.5713850259781 0
			vertex 4.3912672996521 1.5683032274246 0
			vertex 4.2063331604004 1.5683032274246 0
		endloop
	endfacet
	facet normal 0 0 -1
		outer loop
			vertex 4.2194671630859 1.5595271587372 0
			vertex 4.3662748336792 1.5309000015259 0
			vertex 4.3274273872375 1.4515671730042 0
		endloop
	endfacet
	facet normal 0 0 -1
		outer loop
			vertex 4.2194671630859 1.5595271587372 0
			vertex 4.3693566322327 1.5463929176331 0
			vertex 4.3662748336792 1.5309000015259 0
		endloop
	endfacet
	facet normal 0 0 -1
		outer loop
			vertex 4.2194671630859 1.5595271587372 0
			vertex 4.3781328201294 1.5595271587372 0
			vertex 4.3693566322327 1.5463929176331 0
		endloop
	endfacet
	facet normal 0 0 -1
		outer loop
			vertex 4.2063331604004 1.5683032274246 0
			vertex 4.3912672996521 1.5683032274246 0
			vertex 4.3781328201294 1.5595271587372 0
		endloop
	endfacet
	facet normal 0 0 -1
		outer loop
			vertex 4.1908397674561 1.5713850259781 0
			vertex 4.4067602157593 1.5713850259781 0
			vertex 4.3912672996521 1.5683032274246 0
		endloop
	endfacet
	facet normal 0 0 -1
		outer loop
			vertex 4.8001127243042 1.5683032274246 0
			vertex 4.8070769309998 1.5645855665207 0
			vertex 4.8066453933716 1.5639382600784 0
		endloop
	endfacet
	facet normal 0 -1 0
		outer loop
			vertex 0 0 0
			vertex 16.39999961853 0 0
			vertex 0 0 0.51999998092651
		endloop
	endfacet
	facet normal 0 0 -1
		outer loop
			vertex 0 0 0
			vertex 0.95204001665115 0.95061498880386 0
			vertex 16.39999961853 0 0
		endloop
	endfacet
	facet normal 0 0 -1
		outer loop
			vertex 0.95204001665115 0.95061498880386 0
			vertex 0.96753293275833 0.95369672775269 0
			vertex 16.39999961853 0 0
		endloop
	endfacet
	facet normal 0 0 -1
		outer loop
			vertex 0.96753293275833 0.95369672775269 0
			vertex 0.9806672334671 0.96247279644012 0
			vertex 16.39999961853 0 0
		endloop
	endfacet
	facet normal 0 0 1
		outer loop
			vertex 4.0999999046326 0.51999998092651 0.51999998092651
			vertex 7.4200000762939 1.3809487819672 0.51999998092651
			vertex 5.4667000770569 1.6813281774521 0.51999998092651
		endloop
	endfacet
	facet normal 0 0 -1
		outer loop
			vertex 0 2.5220000743866 0
			vertex 5.4667000770569 2.5220000743866 0
			vertex 12.193866729736 0.95369672775269 0
		endloop
	endfacet
	facet normal 0 0 -1
		outer loop
			vertex 0.9806672334671 0.96247279644012 0
			vertex 1.2759200334549 0.95061498880386 0
			vertex 16.39999961853 0 0
		endloop
	endfacet
	facet normal 0 0 -1
		outer loop
			vertex 1.2759200334549 0.95061498880386 0
			vertex 1.599799990654 0.95061498880386 0
			vertex 16.39999961853 0 0
		endloop
	endfacet
	facet normal 0 0 -1
		outer loop
			vertex 1.599799990654 0.95061498880386 0
			vertex 1.8157199621201 0.95061498880386 0
			vertex 16.39999961853 0 0
		endloop
	endfacet
	facet normal 0 0 1
		outer loop
			vertex 4.0999999046326 0.51999998092651 0.51999998092651
			vertex 7.4200000762939 0.51999998092651 0.51999998092651
			vertex 7.4200000762939 1.3809487819672 0.51999998092651
		endloop
	endfacet
	facet normal 0 -1 0
		outer loop
			vertex 0 0 0.51999998092651
			vertex 16.39999961853 0 0
			vertex 4.0999999046326 0 0.51999998092651
		endloop
	endfacet
	facet normal 0 0 -1
		outer loop
			vertex 1.8157199621201 0.95061498880386 0
			vertex 2.1935799121857 0.95061498880386 0
			vertex 16.39999961853 0 0
		endloop
	endfacet
	facet normal 0 0 -1
		outer loop
			vertex 2.1935799121857 0.95061498880386 0
			vertex 2.4634799957275 0.95061498880386 0
			vertex 16.39999961853 0 0
		endloop
	endfacet
	facet normal 0 0 -1
		outer loop
			vertex 0 2.5220000743866 0
			vertex 16.39999961853 0 0
			vertex 4.784619808197 1.5713850259781 0
		endloop
	endfacet
	facet normal 0 0 -1
		outer loop
			vertex 2.4634799957275 0.95061498880386 0
			vertex 2.8413400650024 0.95061498880386 0
			vertex 16.39999961853 0 0
		endloop
	endfacet
	facet normal 0 0 -1
		outer loop
			vertex 2.8413400650024 0.95061498880386 0
			vertex 3.2191998958588 0.95061498880386 0
			vertex 16.39999961853 0 0
		endloop
	endfacet
	facet normal 0 0 -1
		outer loop
			vertex 3.2191998958588 0.95061498880386 0
			vertex 3.5430800914764 0.95061498880386 0
			vertex 16.39999961853 0 0
		endloop
	endfacet
	facet normal 0 0 -1
		outer loop
			vertex 3.5430800914764 0.95061498880386 0
			vertex 3.8669600486755 0.95061498880386 0
			vertex 16.39999961853 0 0
		endloop
	endfacet
	facet normal 0 0 -1
		outer loop
			vertex 3.8669600486755 0.95061498880386 0
			vertex 4.1908397674561 0.95061498880386 0
			vertex 16.39999961853 0 0
		endloop
	endfacet
	facet normal 0 0 -1
		outer loop
			vertex 4.1908397674561 0.95061498880386 0
			vertex 4.4067602157593 0.95061498880386 0
			vertex 16.39999961853 0 0
		endloop
	endfacet
	facet normal 0 0 -1
		outer loop
			vertex 4.4067602157593 0.95061498880386 0
			vertex 4.784619808197 0.95061498880386 0
			vertex 16.39999961853 0 0
		endloop
	endfacet
	facet normal 0 0 -1
		outer loop
			vertex 4.784619808197 0.95061498880386 0
			vertex 4.8001127243042 0.95369672775269 0
			vertex 16.39999961853 0 0
		endloop
	endfacet
	facet normal 0 0 -1
		outer loop
			vertex 4.8001127243042 0.95369672775269 0
			vertex 4.8070769309998 0.95741444826126 0
			vertex 16.39999961853 0 0
		endloop
	endfacet
	facet normal 0 0 -1
		outer loop
			vertex 4.784619808197 1.5713850259781 0
			vertex 16.39999961853 0 0
			vertex 4.8001127243042 1.5683032274246 0
		endloop
	endfacet
	facet normal 0 0 -1
		outer loop
			vertex 4.8001127243042 1.5683032274246 0
			vertex 16.39999961853 0 0
			vertex 4.8070769309998 1.5645855665207 0
		endloop
	endfacet
	facet normal 0 0 -1
		outer loop
			vertex 4.8070769309998 0.95741444826126 0
			vertex 4.9690170288086 1.0653744935989 0
			vertex 16.39999961853 0 0
		endloop
	endfacet
	facet normal 0 0 -1
		outer loop
			vertex 4.9839634895325 1.0835670232773 0
			vertex 4.9870448112488 1.0990600585938 0
			vertex 16.39999961853 0 0
		endloop
	endfacet
	facet normal 0 0 -1
		outer loop
			vertex 4.9751873016357 1.0704327821732 0
			vertex 4.9839634895325 1.0835670232773 0
			vertex 16.39999961853 0 0
		endloop
	endfacet
	facet normal 0 0 -1
		outer loop
			vertex 4.9690170288086 1.0653744935989 0
			vertex 4.9751873016357 1.0704327821732 0
			vertex 16.39999961853 0 0
		endloop
	endfacet
	facet normal 0 0 -1
		outer loop
			vertex 4.9870448112488 1.0990600585938 0
			vertex 4.9870448112488 1.2070200443268 0
			vertex 16.39999961853 0 0
		endloop
	endfacet
	facet normal 0 0 -1
		outer loop
			vertex 4.9870448112488 1.2070200443268 0
			vertex 4.9870448112488 1.3149800300598 0
			vertex 16.39999961853 0 0
		endloop
	endfacet
	facet normal 0 0 -1
		outer loop
			vertex 4.8070769309998 1.5645855665207 0
			vertex 16.39999961853 0 0
			vertex 4.9690170288086 1.4566255807877 0
		endloop
	endfacet
	facet normal 0 0 -1
		outer loop
			vertex 4.9870448112488 1.3149800300598 0
			vertex 4.9870448112488 1.4229400157928 0
			vertex 16.39999961853 0 0
		endloop
	endfacet
	facet normal 0 0 -1
		outer loop
			vertex 4.9751873016357 1.4515671730042 0
			vertex 16.39999961853 0 0
			vertex 4.9839634895325 1.4384329319 0
		endloop
	endfacet
	facet normal 0 0 -1
		outer loop
			vertex 4.9870448112488 1.4229400157928 0
			vertex 4.9839634895325 1.4384329319 0
			vertex 16.39999961853 0 0
		endloop
	endfacet
	facet normal 0 0 -1
		outer loop
			vertex 4.9690170288086 1.4566255807877 0
			vertex 16.39999961853 0 0
			vertex 4.9751873016357 1.4515671730042 0
		endloop
	endfacet
	facet normal 0 0 1
		outer loop
			vertex 7.9400000572205 0.51999998092651 0.51999998092651
			vertex 10.933400154114 0.84065639972687 0.51999998092651
			vertex 7.9400000572205 1.3009829521179 0.51999998092651
		endloop
	endfacet
	facet normal 0 0 -1
		outer loop
			vertex 0 2.5220000743866 0
			vertex 12.193866729736 0.95369672775269 0
			vertex 16.39999961853 0 0
		endloop
	endfacet
	facet normal 0 0 -1
		outer loop
			vertex 5.4667000770569 2.5220000743866 0
			vertex 12.180732727051 0.96247279644012 0
			vertex 12.193866729736 0.95369672775269 0
		endloop
	endfacet
	facet normal 0 0 -1
		outer loop
			vertex 5.4667000770569 2.5220000743866 0
			vertex 10.250052452087 2.5220000743866 0
			vertex 12.180732727051 0.96247279644012 0
		endloop
	endfacet
	facet normal 0 0 1
		outer loop
			vertex 7.9400000572205 0.51999998092651 0.51999998092651
			vertex 12.300000190735 0.51999998092651 0.51999998092651
			vertex 10.933400154114 0.84065639972687 0.51999998092651
		endloop
	endfacet
	facet normal 0 -1 0
		outer loop
			vertex 4.0999999046326 0 0.51999998092651
			vertex 16.39999961853 0 0
			vertex 12.300000190735 0 0.51999998092651
		endloop
	endfacet
	facet normal 0 0 -1
		outer loop
			vertex 12.141884803772 1.1158294677734 0
			vertex 12.141884803772 1.4061706066132 0
			vertex 12.38787651062 1.2764929533005 0
		endloop
	endfacet
	facet normal 0 0 -1
		outer loop
			vertex 12.141884803772 1.1158294677734 0
			vertex 12.396653175354 1.2323727607727 0
			vertex 12.22612953186 1.0315849781036 0
		endloop
	endfacet
	facet normal 0 0 -1
		outer loop
			vertex 12.141884803772 1.4061706066132 0
			vertex 12.22612953186 1.4904149770737 0
			vertex 12.38787651062 1.2764929533005 0
		endloop
	endfacet
	facet normal -0 -0 -1
		outer loop
			vertex 12.063996315002 1.0835670232773 0
			vertex 12.072772979736 1.0704327821732 0
			vertex 10.250052452087 2.5220000743866 0
		endloop
	endfacet
	facet normal 0 0 -1
		outer loop
			vertex 12.063996315002 1.0835670232773 0
			vertex 10.250052452087 2.5220000743866 0
			vertex 12.060914993286 1.0990600585938 0
		endloop
	endfacet
	facet normal 0 0 -1
		outer loop
			vertex 12.060914993286 1.0990600585938 0
			vertex 10.250052452087 2.5220000743866 0
			vertex 12.060914993286 1.4229400157928 0
		endloop
	endfacet
	facet normal -0 -0 -1
		outer loop
			vertex 12.072772979736 1.0704327821732 0
			vertex 12.180732727051 0.96247279644012 0
			vertex 10.250052452087 2.5220000743866 0
		endloop
	endfacet
	facet normal 0 0 -1
		outer loop
			vertex 12.060914993286 1.4229400157928 0
			vertex 10.250052452087 2.5220000743866 0
			vertex 12.063996315002 1.4384329319 0
		endloop
	endfacet
	facet normal -0 0 -1
		outer loop
			vertex 12.072772979736 1.4515671730042 0
			vertex 12.063996315002 1.4384329319 0
			vertex 10.250052452087 2.5220000743866 0
		endloop
	endfacet
	facet normal 0 0 -1
		outer loop
			vertex 12.072772979736 1.4515671730042 0
			vertex 10.250052452087 2.5220000743866 0
			vertex 12.180732727051 1.5595271587372 0
		endloop
	endfacet
	facet normal 0 0 -1
		outer loop
			vertex 10.250052452087 2.5220000743866 0
			vertex 10.933400154114 2.5220000743866 0
			vertex 12.720532417297 1.5022727251053 0
		endloop
	endfacet
	facet normal 0 0 -1
		outer loop
			vertex 12.180732727051 1.5595271587372 0
			vertex 10.250052452087 2.5220000743866 0
			vertex 12.193866729736 1.5683032274246 0
		endloop
	endfacet
	facet normal 0 0 -1
		outer loop
			vertex 12.193866729736 1.5683032274246 0
			vertex 10.250052452087 2.5220000743866 0
			vertex 12.209360122681 1.5713850259781 0
		endloop
	endfacet
	facet normal 0 0 -1
		outer loop
			vertex 12.209360122681 1.5713850259781 0
			vertex 10.250052452087 2.5220000743866 0
			vertex 12.533240318298 1.5713850259781 0
		endloop
	endfacet
	facet normal 0 0 -1
		outer loop
			vertex 10.250052452087 2.5220000743866 0
			vertex 12.548732757568 1.5683032274246 0
			vertex 12.533240318298 1.5713850259781 0
		endloop
	endfacet
	facet normal 0 0 -1
		outer loop
			vertex 10.250052452087 2.5220000743866 0
			vertex 12.720532417297 1.5022727251053 0
			vertex 12.548732757568 1.5683032274246 0
		endloop
	endfacet
	facet normal 0 0 -1
		outer loop
			vertex 10.933400154114 2.5220000743866 0
			vertex 12.711756706238 1.5154070854187 0
			vertex 12.720532417297 1.5022727251053 0
		endloop
	endfacet
	facet normal 0 0 -1
		outer loop
			vertex 10.933400154114 2.5220000743866 0
			vertex 12.708675384521 1.5309000015259 0
			vertex 12.711756706238 1.5154070854187 0
		endloop
	endfacet
	facet normal 0 0 -1
		outer loop
			vertex 10.933400154114 2.5220000743866 0
			vertex 12.711756706238 1.5463929176331 0
			vertex 12.708675384521 1.5309000015259 0
		endloop
	endfacet
	facet normal 0 0 -1
		outer loop
			vertex 10.933400154114 2.5220000743866 0
			vertex 12.720532417297 1.5595271587372 0
			vertex 12.711756706238 1.5463929176331 0
		endloop
	endfacet
	facet normal 0 0 -1
		outer loop
			vertex 10.933400154114 2.5220000743866 0
			vertex 12.749159812927 1.5713850259781 0
			vertex 12.733667373657 1.5683032274246 0
		endloop
	endfacet
	facet normal 0 0 -1
		outer loop
			vertex 10.933400154114 2.5220000743866 0
			vertex 12.733667373657 1.5683032274246 0
			vertex 12.720532417297 1.5595271587372 0
		endloop
	endfacet
	facet normal 0 0 -1
		outer loop
			vertex 12.141884803772 1.1158294677734 0
			vertex 12.38787651062 1.2455070018768 0
			vertex 12.396653175354 1.2323727607727 0
		endloop
	endfacet
	facet normal 0 0 -1
		outer loop
			vertex 12.22612953186 1.0315849781036 0
			vertex 12.396653175354 1.2323727607727 0
			vertex 12.40978717804 1.2235966920853 0
		endloop
	endfacet
	facet normal 0 0 -1
		outer loop
			vertex 12.141884803772 1.1158294677734 0
			vertex 12.38787651062 1.2764929533005 0
			vertex 12.384795188904 1.2610000371933 0
		endloop
	endfacet
	facet normal 0 0 -1
		outer loop
			vertex 12.141884803772 1.1158294677734 0
			vertex 12.384795188904 1.2610000371933 0
			vertex 12.38787651062 1.2455070018768 0
		endloop
	endfacet
	facet normal 0 0 -1
		outer loop
			vertex 12.22612953186 1.0315849781036 0
			vertex 12.40978717804 1.2235966920853 0
			vertex 12.516470909119 1.0315849781036 0
		endloop
	endfacet
	facet normal 0 0 -1
		outer loop
			vertex 12.22612953186 1.4904149770737 0
			vertex 12.396653175354 1.2896271944046 0
			vertex 12.38787651062 1.2764929533005 0
		endloop
	endfacet
	facet normal 0 0 -1
		outer loop
			vertex 12.22612953186 1.4904149770737 0
			vertex 12.40978717804 1.298403263092 0
			vertex 12.396653175354 1.2896271944046 0
		endloop
	endfacet
	facet normal 0 0 -1
		outer loop
			vertex 12.22612953186 1.4904149770737 0
			vertex 12.42527961731 1.3014849424362 0
			vertex 12.40978717804 1.298403263092 0
		endloop
	endfacet
	facet normal 0 0 -1
		outer loop
			vertex 12.22612953186 1.4904149770737 0
			vertex 12.516470909119 1.4904149770737 0
			vertex 12.42527961731 1.3014849424362 0
		endloop
	endfacet
	facet normal -0 -0 -1
		outer loop
			vertex 12.42527961731 1.2205150127411 0
			vertex 12.516470909119 1.0315849781036 0
			vertex 12.40978717804 1.2235966920853 0
		endloop
	endfacet
	facet normal 0 0 -1
		outer loop
			vertex 12.42527961731 1.2205150127411 0
			vertex 12.641200065613 1.2205150127411 0
			vertex 12.516470909119 1.0315849781036 0
		endloop
	endfacet
	facet normal 0 0 -1
		outer loop
			vertex 12.42527961731 1.3014849424362 0
			vertex 12.516470909119 1.4904149770737 0
			vertex 12.600714683533 1.4061706066132 0
		endloop
	endfacet
	facet normal 0 0 -1
		outer loop
			vertex 12.42527961731 1.3014849424362 0
			vertex 12.600714683533 1.4061706066132 0
			vertex 12.600714683533 1.3014849424362 0
		endloop
	endfacet
	facet normal 0 0 -1
		outer loop
			vertex 12.561866760254 0.96247279644012 0
			vertex 12.828493118286 0.96247279644012 0
			vertex 12.841627120972 0.95369672775269 0
		endloop
	endfacet
	facet normal 0 0 -1
		outer loop
			vertex 12.561866760254 0.96247279644012 0
			vertex 12.669827461243 1.0704327821732 0
			vertex 12.828493118286 0.96247279644012 0
		endloop
	endfacet
	facet normal 0 0 -1
		outer loop
			vertex 12.669827461243 1.0704327821732 0
			vertex 12.678603172302 1.0835670232773 0
			vertex 12.720532417297 1.0704327821732 0
		endloop
	endfacet
	facet normal 0 0 -1
		outer loop
			vertex 12.678603172302 1.0835670232773 0
			vertex 12.681685447693 1.0990600585938 0
			vertex 12.711756706238 1.0835670232773 0
		endloop
	endfacet
	facet normal 0 0 -1
		outer loop
			vertex 12.678603172302 1.0835670232773 0
			vertex 12.711756706238 1.0835670232773 0
			vertex 12.720532417297 1.0704327821732 0
		endloop
	endfacet
	facet normal 0 0 -1
		outer loop
			vertex 12.681685447693 1.0990600585938 0
			vertex 12.708675384521 1.0990600585938 0
			vertex 12.711756706238 1.0835670232773 0
		endloop
	endfacet
	facet normal 0 0 -1
		outer loop
			vertex 12.669827461243 1.0704327821732 0
			vertex 12.720532417297 1.0704327821732 0
			vertex 12.828493118286 0.96247279644012 0
		endloop
	endfacet
	facet normal 0 0 -1
		outer loop
			vertex 12.516470909119 1.0315849781036 0
			vertex 12.641200065613 1.2205150127411 0
			vertex 12.612572669983 1.1276872158051 0
		endloop
	endfacet
	facet normal 0 0 -1
		outer loop
			vertex 12.612572669983 1.1276872158051 0
			vertex 12.641200065613 1.2205150127411 0
			vertex 12.625706672668 1.1364632844925 0
		endloop
	endfacet
	facet normal 0 0 -1
		outer loop
			vertex 12.625706672668 1.1364632844925 0
			vertex 12.641200065613 1.2205150127411 0
			vertex 12.641200065613 1.1395449638367 0
		endloop
	endfacet
	facet normal 0 0 -1
		outer loop
			vertex 12.641200065613 1.1395449638367 0
			vertex 12.656692504883 1.2235966920853 0
			vertex 12.656692504883 1.1364632844925 0
		endloop
	endfacet
	facet normal 0 0 -1
		outer loop
			vertex 12.641200065613 1.1395449638367 0
			vertex 12.641200065613 1.2205150127411 0
			vertex 12.656692504883 1.2235966920853 0
		endloop
	endfacet
	facet normal 0 0 -1
		outer loop
			vertex 12.656692504883 1.1364632844925 0
			vertex 12.669827461243 1.2323727607727 0
			vertex 12.669827461243 1.1276872158051 0
		endloop
	endfacet
	facet normal 0 0 -1
		outer loop
			vertex 12.656692504883 1.1364632844925 0
			vertex 12.656692504883 1.2235966920853 0
			vertex 12.669827461243 1.2323727607727 0
		endloop
	endfacet
	facet normal 0 0 -1
		outer loop
			vertex 12.678603172302 1.1145529747009 0
			vertex 12.669827461243 1.1276872158051 0
			vertex 12.678603172302 1.2455070018768 0
		endloop
	endfacet
	facet normal 0 0 -1
		outer loop
			vertex 12.669827461243 1.1276872158051 0
			vertex 12.669827461243 1.2323727607727 0
			vertex 12.678603172302 1.2455070018768 0
		endloop
	endfacet
	facet normal 0 0 -1
		outer loop
			vertex 12.561866760254 1.5595271587372 0
			vertex 12.720532417297 1.5022727251053 0
			vertex 12.669827461243 1.4515671730042 0
		endloop
	endfacet
	facet normal 0 0 -1
		outer loop
			vertex 12.678603172302 1.1145529747009 0
			vertex 12.711756706238 1.1145529747009 0
			vertex 12.708675384521 1.0990600585938 0
		endloop
	endfacet
	facet normal 0 0 -1
		outer loop
			vertex 12.681685447693 1.0990600585938 0
			vertex 12.678603172302 1.1145529747009 0
			vertex 12.708675384521 1.0990600585938 0
		endloop
	endfacet
	facet normal 0 0 -1
		outer loop
			vertex 12.678603172302 1.1145529747009 0
			vertex 12.678603172302 1.2455070018768 0
			vertex 12.711756706238 1.1145529747009 0
		endloop
	endfacet
	facet normal 0 0 -1
		outer loop
			vertex 12.678603172302 1.2455070018768 0
			vertex 12.681685447693 1.2610000371933 0
			vertex 12.711756706238 1.1145529747009 0
		endloop
	endfacet
	facet normal 0 0 -1
		outer loop
			vertex 12.711756706238 1.1145529747009 0
			vertex 12.681685447693 1.2610000371933 0
			vertex 12.681685447693 1.4229400157928 0
		endloop
	endfacet
	facet normal 0 0 -1
		outer loop
			vertex 12.711756706238 1.1145529747009 0
			vertex 12.720532417297 1.5022727251053 0
			vertex 12.720532417297 1.1276872158051 0
		endloop
	endfacet
	facet normal 0 0 -1
		outer loop
			vertex 12.720532417297 1.1276872158051 0
			vertex 12.728330612183 1.4961843490601 0
			vertex 12.733667373657 1.1364632844925 0
		endloop
	endfacet
	facet normal 0 0 -1
		outer loop
			vertex 12.749159812927 1.1395449638367 0
			vertex 12.728330612183 1.4961843490601 0
			vertex 12.764653205872 1.1364632844925 0
		endloop
	endfacet
	facet normal 0 0 -1
		outer loop
			vertex 12.733667373657 1.1364632844925 0
			vertex 12.728330612183 1.4961843490601 0
			vertex 12.749159812927 1.1395449638367 0
		endloop
	endfacet
	facet normal 0 0 -1
		outer loop
			vertex 12.764653205872 1.1364632844925 0
			vertex 12.728330612183 1.4961843490601 0
			vertex 12.777787208557 1.1276872158051 0
		endloop
	endfacet
	facet normal 0 0 -1
		outer loop
			vertex 12.777787208557 1.1276872158051 0
			vertex 12.728330612183 1.4961843490601 0
			vertex 12.873888969421 1.0315849781036 0
		endloop
	endfacet
	facet normal 0 0 -1
		outer loop
			vertex 12.711756706238 1.1145529747009 0
			vertex 12.681685447693 1.4229400157928 0
			vertex 12.720532417297 1.5022727251053 0
		endloop
	endfacet
	facet normal 0 0 -1
		outer loop
			vertex 12.720532417297 1.1276872158051 0
			vertex 12.720532417297 1.5022727251053 0
			vertex 12.728330612183 1.4961843490601 0
		endloop
	endfacet
	facet normal 0 0 -1
		outer loop
			vertex 12.681685447693 1.4229400157928 0
			vertex 12.678603172302 1.4384329319 0
			vertex 12.720532417297 1.5022727251053 0
		endloop
	endfacet
	facet normal 0 0 -1
		outer loop
			vertex 12.669827461243 1.4515671730042 0
			vertex 12.720532417297 1.5022727251053 0
			vertex 12.678603172302 1.4384329319 0
		endloop
	endfacet
	facet normal 0 0 -1
		outer loop
			vertex 12.728330612183 1.4961843490601 0
			vertex 12.720532417297 1.5022727251053 0
			vertex 12.728706359863 1.4968111515045 0
		endloop
	endfacet
	facet normal 0 0 1
		outer loop
			vertex 10.933400154114 0.84065639972687 0.51999998092651
			vertex 12.300000190735 0.51999998092651 0.51999998092651
			vertex 16.39999961853 0 0.51999998092651
		endloop
	endfacet
	facet normal 0 0 -1
		outer loop
			vertex 12.873888969421 1.0315849781036 0
			vertex 12.728330612183 1.4961843490601 0
			vertex 13.16423034668 1.0315849781036 0
		endloop
	endfacet
	facet normal 0 0 -1
		outer loop
			vertex 13.16423034668 1.0315849781036 0
			vertex 12.728330612183 1.4961843490601 0
			vertex 13.248475074768 1.1158294677734 0
		endloop
	endfacet
	facet normal 0 0 -1
		outer loop
			vertex 13.196493148804 0.95369672775269 0
			vertex 13.209627151489 0.96247279644012 0
			vertex 13.381426811218 0.95369672775269 0
		endloop
	endfacet
	facet normal 0 0 -1
		outer loop
			vertex 13.209627151489 0.96247279644012 0
			vertex 13.356434822083 0.99110001325607 0
			vertex 13.359517097473 0.97560703754425 0
		endloop
	endfacet
	facet normal 0 0 -1
		outer loop
			vertex 13.209627151489 0.96247279644012 0
			vertex 13.368292808533 0.96247279644012 0
			vertex 13.381426811218 0.95369672775269 0
		endloop
	endfacet
	facet normal 0 0 -1
		outer loop
			vertex 13.209627151489 0.96247279644012 0
			vertex 13.359517097473 0.97560703754425 0
			vertex 13.368292808533 0.96247279644012 0
		endloop
	endfacet
	facet normal 0 0 -1
		outer loop
			vertex 13.209627151489 0.96247279644012 0
			vertex 13.317586898804 1.0704327821732 0
			vertex 13.356434822083 0.99110001325607 0
		endloop
	endfacet
	facet normal 0 0 -1
		outer loop
			vertex 13.248475074768 1.1158294677734 0
			vertex 12.728330612183 1.4961843490601 0
			vertex 13.248475074768 1.1840977668762 0
		endloop
	endfacet
	facet normal 0 0 -1
		outer loop
			vertex 13.309789657593 1.2417355775833 0
			vertex 12.895323753357 1.4904149770737 0
			vertex 13.356434822083 1.2481197118759 0
		endloop
	endfacet
	facet normal 0 0 -1
		outer loop
			vertex 12.895323753357 1.4904149770737 0
			vertex 13.288960456848 1.4904149770737 0
			vertex 13.356434822083 1.2481197118759 0
		endloop
	endfacet
	facet normal 0 0 -1
		outer loop
			vertex 13.317586898804 1.2356472015381 0
			vertex 13.309412956238 1.2411088943481 0
			vertex 13.309789657593 1.2417355775833 0
		endloop
	endfacet
	facet normal 0 0 -1
		outer loop
			vertex 13.288960456848 1.4904149770737 0
			vertex 13.304452896118 1.4934967756271 0
			vertex 13.356434822083 1.2481197118759 0
		endloop
	endfacet
	facet normal 0 0 -1
		outer loop
			vertex 12.548732757568 1.5683032274246 0
			vertex 12.720532417297 1.5022727251053 0
			vertex 12.561866760254 1.5595271587372 0
		endloop
	endfacet
	facet normal 0 0 1
		outer loop
			vertex 10.933400154114 0.84065639972687 0.51999998092651
			vertex 16.39999961853 2.5220000743866 0.51999998092651
			vertex 10.933400154114 2.5220000743866 0.51999998092651
		endloop
	endfacet
	facet normal 0 1 0
		outer loop
			vertex 10.933400154114 2.5220000743866 0
			vertex 10.933400154114 2.5220000743866 0.51999998092651
			vertex 16.39999961853 2.5220000743866 0.51999998092651
		endloop
	endfacet
	facet normal 0 0 1
		outer loop
			vertex 12.300000190735 0 0.51999998092651
			vertex 16.39999961853 0 0.51999998092651
			vertex 12.300000190735 0.51999998092651 0.51999998092651
		endloop
	endfacet
	facet normal 0 0 -1
		outer loop
			vertex 12.193866729736 0.95369672775269 0
			vertex 12.209360122681 0.95061498880386 0
			vertex 16.39999961853 0 0
		endloop
	endfacet
	facet normal 0 0 -1
		outer loop
			vertex 12.209360122681 0.95061498880386 0
			vertex 12.533240318298 0.95061498880386 0
			vertex 16.39999961853 0 0
		endloop
	endfacet
	facet normal 0 0 -1
		outer loop
			vertex 12.533240318298 0.95061498880386 0
			vertex 12.548732757568 0.95369672775269 0
			vertex 16.39999961853 0 0
		endloop
	endfacet
	facet normal 0 0 -1
		outer loop
			vertex 12.548732757568 0.95369672775269 0
			vertex 12.561866760254 0.96247279644012 0
			vertex 16.39999961853 0 0
		endloop
	endfacet
	facet normal 0 0 -1
		outer loop
			vertex 13.356434822083 0.99110001325607 0
			vertex 13.326363563538 1.0835670232773 0
			vertex 13.329444885254 1.0990600585938 0
		endloop
	endfacet
	facet normal 0 0 -1
		outer loop
			vertex 13.317586898804 1.0704327821732 0
			vertex 13.326363563538 1.0835670232773 0
			vertex 13.356434822083 0.99110001325607 0
		endloop
	endfacet
	facet normal 0 0 -1
		outer loop
			vertex 13.356434822083 0.99110001325607 0
			vertex 13.329444885254 1.0990600585938 0
			vertex 13.329444885254 1.2070200443268 0
		endloop
	endfacet
	facet normal 0 0 -1
		outer loop
			vertex 13.356434822083 0.99110001325607 0
			vertex 13.329444885254 1.2070200443268 0
			vertex 13.356434822083 1.2481197118759 0
		endloop
	endfacet
	facet normal 0 0 -1
		outer loop
			vertex 13.329444885254 1.2070200443268 0
			vertex 13.326363563538 1.222512960434 0
			vertex 13.356434822083 1.2481197118759 0
		endloop
	endfacet
	facet normal 0 0 -1
		outer loop
			vertex 13.317586898804 1.2356472015381 0
			vertex 13.356434822083 1.2481197118759 0
			vertex 13.326363563538 1.222512960434 0
		endloop
	endfacet
	facet normal 0 0 -1
		outer loop
			vertex 13.317586898804 1.2356472015381 0
			vertex 13.309789657593 1.2417355775833 0
			vertex 13.356434822083 1.2481197118759 0
		endloop
	endfacet
	facet normal 0 0 -1
		outer loop
			vertex 13.304452896118 1.4934967756271 0
			vertex 13.317586898804 1.5022727251053 0
			vertex 13.356434822083 1.2481197118759 0
		endloop
	endfacet
	facet normal 0 0 -1
		outer loop
			vertex 13.317586898804 1.5022727251053 0
			vertex 13.326363563538 1.5154070854187 0
			vertex 13.356434822083 1.2481197118759 0
		endloop
	endfacet
	facet normal 0 0 -1
		outer loop
			vertex 13.356434822083 1.2481197118759 0
			vertex 13.326363563538 1.5154070854187 0
			vertex 13.329444885254 1.5309000015259 0
		endloop
	endfacet
	facet normal 0 0 -1
		outer loop
			vertex 13.356434822083 1.2481197118759 0
			vertex 13.329444885254 1.5309000015259 0
			vertex 13.356434822083 1.5309000015259 0
		endloop
	endfacet
	facet normal 0 0 -1
		outer loop
			vertex 13.425547599792 0.96247279644012 0
			vertex 13.434323310852 0.97560703754425 0
			vertex 13.918614387512 0.95488911867142 0
		endloop
	endfacet
	facet normal 0 0 -1
		outer loop
			vertex 13.412412643433 0.95369672775269 0
			vertex 13.425547599792 0.96247279644012 0
			vertex 13.918614387512 0.95488911867142 0
		endloop
	endfacet
	facet normal 0 0 -1
		outer loop
			vertex 13.396920204163 0.95061498880386 0
			vertex 13.412412643433 0.95369672775269 0
			vertex 13.936719894409 0.95061498880386 0
		endloop
	endfacet
	facet normal 0 0 -1
		outer loop
			vertex 13.434323310852 0.97560703754425 0
			vertex 13.437404632568 0.99110001325607 0
			vertex 13.918614387512 0.95488911867142 0
		endloop
	endfacet
	facet normal 0 0 -1
		outer loop
			vertex 13.437404632568 0.99110001325607 0
			vertex 13.437404632568 1.1954939365387 0
			vertex 13.918614387512 0.95488911867142 0
		endloop
	endfacet
	facet normal 0 0 -1
		outer loop
			vertex 13.412412643433 0.95369672775269 0
			vertex 13.918614387512 0.95488911867142 0
			vertex 13.921227455139 0.95369672775269 0
		endloop
	endfacet
	facet normal 0 0 -1
		outer loop
			vertex 13.412412643433 0.95369672775269 0
			vertex 13.921227455139 0.95369672775269 0
			vertex 13.936719894409 0.95061498880386 0
		endloop
	endfacet
	facet normal 0 0 -1
		outer loop
			vertex 13.437404632568 1.3265061378479 0
			vertex 13.437404632568 1.5309000015259 0
			vertex 13.918614387512 1.5671108961105 0
		endloop
	endfacet
	facet normal 0 0 -1
		outer loop
			vertex 13.954825401306 1.0273108482361 0
			vertex 13.487446784973 1.2610000371933 0
			vertex 14.007276535034 1.0835670232773 0
		endloop
	endfacet
	facet normal 0 0 -1
		outer loop
			vertex 14.007276535034 1.0835670232773 0
			vertex 13.487446784973 1.2610000371933 0
			vertex 14.004195213318 1.0990600585938 0
		endloop
	endfacet
	facet normal 0 0 -1
		outer loop
			vertex 14.004195213318 1.0990600585938 0
			vertex 13.487446784973 1.2610000371933 0
			vertex 13.954825401306 1.4946891069412 0
		endloop
	endfacet
	facet normal 0 0 -1
		outer loop
			vertex 12.561866760254 0.96247279644012 0
			vertex 12.841627120972 0.95369672775269 0
			vertex 16.39999961853 0 0
		endloop
	endfacet
	facet normal 0 0 -1
		outer loop
			vertex 12.841627120972 0.95369672775269 0
			vertex 12.857119560242 0.95061498880386 0
			vertex 16.39999961853 0 0
		endloop
	endfacet
	facet normal 0 0 -1
		outer loop
			vertex 12.857119560242 0.95061498880386 0
			vertex 13.180999755859 0.95061498880386 0
			vertex 16.39999961853 0 0
		endloop
	endfacet
	facet normal 0 0 -1
		outer loop
			vertex 13.180999755859 0.95061498880386 0
			vertex 13.196493148804 0.95369672775269 0
			vertex 16.39999961853 0 0
		endloop
	endfacet
	facet normal 0 0 -1
		outer loop
			vertex 13.196493148804 0.95369672775269 0
			vertex 13.381426811218 0.95369672775269 0
			vertex 16.39999961853 0 0
		endloop
	endfacet
	facet normal 0 0 -1
		outer loop
			vertex 13.918614387512 0.95488911867142 0
			vertex 13.918822288513 0.95530378818512 0
			vertex 13.921227455139 0.95369672775269 0
		endloop
	endfacet
	facet normal 0 0 -1
		outer loop
			vertex 13.954825401306 1.0273108482361 0
			vertex 14.007276535034 1.0835670232773 0
			vertex 14.016053199768 1.0704327821732 0
		endloop
	endfacet
	facet normal 0 -0 -1
		outer loop
			vertex 13.954825401306 1.0273108482361 0
			vertex 14.124012947083 0.96247279644012 0
			vertex 13.954618453979 1.026896238327 0
		endloop
	endfacet
	facet normal 0 0 -1
		outer loop
			vertex 13.965347290039 1.019727230072 0
			vertex 13.954618453979 1.026896238327 0
			vertex 14.124012947083 0.96247279644012 0
		endloop
	endfacet
	facet normal 0 0 -1
		outer loop
			vertex 13.965347290039 1.019727230072 0
			vertex 14.124012947083 0.96247279644012 0
			vertex 13.974123001099 1.0065929889679 0
		endloop
	endfacet
	facet normal 0 0 -1
		outer loop
			vertex 13.974123001099 1.0065929889679 0
			vertex 14.124012947083 0.96247279644012 0
			vertex 14.137146949768 0.95369672775269 0
		endloop
	endfacet
	facet normal 0 0 -1
		outer loop
			vertex 13.954825401306 1.0273108482361 0
			vertex 14.016053199768 1.0704327821732 0
			vertex 14.124012947083 0.96247279644012 0
		endloop
	endfacet
	facet normal 0 0 -1
		outer loop
			vertex 13.954618453979 1.4951038360596 0
			vertex 13.965347290039 1.5022727251053 0
			vertex 13.954825401306 1.4946891069412 0
		endloop
	endfacet
	facet normal 0 0 -1
		outer loop
			vertex 14.004195213318 1.0990600585938 0
			vertex 13.954825401306 1.4946891069412 0
			vertex 14.004195213318 1.4229400157928 0
		endloop
	endfacet
	facet normal 0 0 -1
		outer loop
			vertex 13.954825401306 1.4946891069412 0
			vertex 14.007276535034 1.4384329319 0
			vertex 14.004195213318 1.4229400157928 0
		endloop
	endfacet
	facet normal 0 0 -1
		outer loop
			vertex 13.954825401306 1.4946891069412 0
			vertex 13.965347290039 1.5022727251053 0
			vertex 14.007276535034 1.4384329319 0
		endloop
	endfacet
	facet normal 0 0 -1
		outer loop
			vertex 13.965347290039 1.5022727251053 0
			vertex 14.016053199768 1.4515671730042 0
			vertex 14.007276535034 1.4384329319 0
		endloop
	endfacet
	facet normal 0 0 -1
		outer loop
			vertex 13.965347290039 1.5022727251053 0
			vertex 13.974123001099 1.5154070854187 0
			vertex 14.016053199768 1.4515671730042 0
		endloop
	endfacet
	facet normal 0 0 -1
		outer loop
			vertex 14.016053199768 1.4515671730042 0
			vertex 13.974123001099 1.5154070854187 0
			vertex 14.124012947083 1.5595271587372 0
		endloop
	endfacet
	facet normal 0 0 -1
		outer loop
			vertex 14.085165023804 1.1158294677734 0
			vertex 14.085165023804 1.4061706066132 0
			vertex 14.459750175476 1.4904149770737 0
		endloop
	endfacet
	facet normal 0 0 -1
		outer loop
			vertex 14.085165023804 1.1158294677734 0
			vertex 14.459750175476 1.4904149770737 0
			vertex 14.169409751892 1.0315849781036 0
		endloop
	endfacet
	facet normal 0 0 -1
		outer loop
			vertex 14.085165023804 1.4061706066132 0
			vertex 14.169409751892 1.4904149770737 0
			vertex 14.459750175476 1.4904149770737 0
		endloop
	endfacet
	facet normal 0 0 -1
		outer loop
			vertex 13.329444885254 1.5309000015259 0
			vertex 13.326363563538 1.5463929176331 0
			vertex 13.356434822083 1.5309000015259 0
		endloop
	endfacet
	facet normal 0 0 -1
		outer loop
			vertex 13.317586898804 1.5595271587372 0
			vertex 13.359517097473 1.5463929176331 0
			vertex 13.326363563538 1.5463929176331 0
		endloop
	endfacet
	facet normal 0 0 -1
		outer loop
			vertex 13.304452896118 1.5683032274246 0
			vertex 13.368292808533 1.5595271587372 0
			vertex 13.317586898804 1.5595271587372 0
		endloop
	endfacet
	facet normal 0 0 -1
		outer loop
			vertex 13.356434822083 1.5309000015259 0
			vertex 13.326363563538 1.5463929176331 0
			vertex 13.359517097473 1.5463929176331 0
		endloop
	endfacet
	facet normal 0 0 -1
		outer loop
			vertex 13.317586898804 1.5595271587372 0
			vertex 13.368292808533 1.5595271587372 0
			vertex 13.359517097473 1.5463929176331 0
		endloop
	endfacet
	facet normal 0 0 -1
		outer loop
			vertex 13.304452896118 1.5683032274246 0
			vertex 13.381426811218 1.5683032274246 0
			vertex 13.368292808533 1.5595271587372 0
		endloop
	endfacet
	facet normal 0 0 -1
		outer loop
			vertex 10.933400154114 2.5220000743866 0
			vertex 16.39999961853 2.5220000743866 0
			vertex 12.749159812927 1.5713850259781 0
		endloop
	endfacet
	facet normal 0 0 -1
		outer loop
			vertex 13.437404632568 1.5309000015259 0
			vertex 13.434323310852 1.5463929176331 0
			vertex 13.918614387512 1.5671108961105 0
		endloop
	endfacet
	facet normal 0 0 -1
		outer loop
			vertex 13.434323310852 1.5463929176331 0
			vertex 13.425547599792 1.5595271587372 0
			vertex 13.918614387512 1.5671108961105 0
		endloop
	endfacet
	facet normal 0 0 -1
		outer loop
			vertex 13.412412643433 1.5683032274246 0
			vertex 13.918614387512 1.5671108961105 0
			vertex 13.425547599792 1.5595271587372 0
		endloop
	endfacet
	facet normal 0 0 -1
		outer loop
			vertex 13.412412643433 1.5683032274246 0
			vertex 13.921227455139 1.5683032274246 0
			vertex 13.918614387512 1.5671108961105 0
		endloop
	endfacet
	facet normal 0 0 -1
		outer loop
			vertex 13.921227455139 1.5683032274246 0
			vertex 13.918822288513 1.5666961669922 0
			vertex 13.918614387512 1.5671108961105 0
		endloop
	endfacet
	facet normal 0 0 -1
		outer loop
			vertex 13.974123001099 1.5154070854187 0
			vertex 13.977205276489 1.5309000015259 0
			vertex 14.124012947083 1.5595271587372 0
		endloop
	endfacet
	facet normal 0 0 -1
		outer loop
			vertex 13.977205276489 1.5309000015259 0
			vertex 13.974123001099 1.5463929176331 0
			vertex 14.124012947083 1.5595271587372 0
		endloop
	endfacet
	facet normal 0 0 -1
		outer loop
			vertex 13.965347290039 1.5595271587372 0
			vertex 14.124012947083 1.5595271587372 0
			vertex 13.974123001099 1.5463929176331 0
		endloop
	endfacet
	facet normal 0 0 -1
		outer loop
			vertex 13.952213287354 1.5683032274246 0
			vertex 14.124012947083 1.5595271587372 0
			vertex 13.965347290039 1.5595271587372 0
		endloop
	endfacet
	facet normal 0 0 -1
		outer loop
			vertex 13.952213287354 1.5683032274246 0
			vertex 14.137146949768 1.5683032274246 0
			vertex 14.124012947083 1.5595271587372 0
		endloop
	endfacet
	facet normal 0 0 -1
		outer loop
			vertex 12.749159812927 1.5713850259781 0
			vertex 16.39999961853 2.5220000743866 0
			vertex 13.288960456848 1.5713850259781 0
		endloop
	endfacet
	facet normal 0 0 -1
		outer loop
			vertex 13.288960456848 1.5713850259781 0
			vertex 16.39999961853 2.5220000743866 0
			vertex 13.304452896118 1.5683032274246 0
		endloop
	endfacet
	facet normal 0 0 -1
		outer loop
			vertex 13.381426811218 0.95369672775269 0
			vertex 13.396920204163 0.95061498880386 0
			vertex 16.39999961853 0 0
		endloop
	endfacet
	facet normal 0 0 -1
		outer loop
			vertex 13.396920204163 0.95061498880386 0
			vertex 13.936719894409 0.95061498880386 0
			vertex 16.39999961853 0 0
		endloop
	endfacet
	facet normal 0 0 -1
		outer loop
			vertex 13.936719894409 0.95061498880386 0
			vertex 13.952213287354 0.95369672775269 0
			vertex 16.39999961853 0 0
		endloop
	endfacet
	facet normal 0 0 -1
		outer loop
			vertex 13.965347290039 0.96247279644012 0
			vertex 13.974123001099 0.97560703754425 0
			vertex 16.39999961853 0 0
		endloop
	endfacet
	facet normal 0 0 -1
		outer loop
			vertex 13.952213287354 0.95369672775269 0
			vertex 13.965347290039 0.96247279644012 0
			vertex 16.39999961853 0 0
		endloop
	endfacet
	facet normal 0 0 -1
		outer loop
			vertex 13.977205276489 0.99110001325607 0
			vertex 13.974123001099 1.0065929889679 0
			vertex 16.39999961853 0 0
		endloop
	endfacet
	facet normal 0 0 -1
		outer loop
			vertex 13.974123001099 0.97560703754425 0
			vertex 13.977205276489 0.99110001325607 0
			vertex 16.39999961853 0 0
		endloop
	endfacet
	facet normal 0 0 -1
		outer loop
			vertex 13.974123001099 1.0065929889679 0
			vertex 14.137146949768 0.95369672775269 0
			vertex 16.39999961853 0 0
		endloop
	endfacet
	facet normal 0 0 -1
		outer loop
			vertex 14.169409751892 1.0315849781036 0
			vertex 14.543994903564 1.1158294677734 0
			vertex 14.459750175476 1.0315849781036 0
		endloop
	endfacet
	facet normal 0 0 -1
		outer loop
			vertex 14.169409751892 1.0315849781036 0
			vertex 14.543994903564 1.4061706066132 0
			vertex 14.543994903564 1.1158294677734 0
		endloop
	endfacet
	facet normal 0 0 -1
		outer loop
			vertex 14.169409751892 1.0315849781036 0
			vertex 14.459750175476 1.4904149770737 0
			vertex 14.543994903564 1.4061706066132 0
		endloop
	endfacet
	facet normal -0 0 1
		outer loop
			vertex 10.933400154114 0.84065639972687 0.51999998092651
			vertex 16.39999961853 0 0.51999998092651
			vertex 16.39999961853 2.5220000743866 0.51999998092651
		endloop
	endfacet
	facet normal 0 0 -1
		outer loop
			vertex 14.613107681274 1.0704327821732 0
			vertex 14.621883392334 1.0835670232773 0
			vertex 14.771772384644 1.0704327821732 0
		endloop
	endfacet
	facet normal 0 0 -1
		outer loop
			vertex 14.621883392334 1.0835670232773 0
			vertex 14.62496471405 1.0990600585938 0
			vertex 14.762996673584 1.0835670232773 0
		endloop
	endfacet
	facet normal 0 0 -1
		outer loop
			vertex 14.62496471405 1.0990600585938 0
			vertex 14.759915351868 1.0990600585938 0
			vertex 14.762996673584 1.0835670232773 0
		endloop
	endfacet
	facet normal 0 0 -1
		outer loop
			vertex 14.613107681274 1.0704327821732 0
			vertex 14.771772384644 1.0704327821732 0
			vertex 14.778374671936 1.0660216808319 0
		endloop
	endfacet
	facet normal 0 0 -1
		outer loop
			vertex 14.613107681274 1.0704327821732 0
			vertex 14.778374671936 1.0660216808319 0
			vertex 14.777942657471 1.0653744935989 0
		endloop
	endfacet
	facet normal 0 0 -1
		outer loop
			vertex 14.621883392334 1.0835670232773 0
			vertex 14.762996673584 1.0835670232773 0
			vertex 14.771772384644 1.0704327821732 0
		endloop
	endfacet
	facet normal 0 0 -1
		outer loop
			vertex 14.613107681274 1.0704327821732 0
			vertex 14.777942657471 1.0653744935989 0
			vertex 14.939883232117 0.95741444826126 0
		endloop
	endfacet
	facet normal 0 0 -1
		outer loop
			vertex 14.62496471405 1.0990600585938 0
			vertex 14.62496471405 1.4229400157928 0
			vertex 14.759915351868 1.0990600585938 0
		endloop
	endfacet
	facet normal 0 0 -1
		outer loop
			vertex 14.759915351868 1.0990600585938 0
			vertex 14.62496471405 1.4229400157928 0
			vertex 14.762996673584 1.1145529747009 0
		endloop
	endfacet
	facet normal 0 0 -1
		outer loop
			vertex 14.762996673584 1.1145529747009 0
			vertex 14.62496471405 1.4229400157928 0
			vertex 14.771772384644 1.1276872158051 0
		endloop
	endfacet
	facet normal 0 0 -1
		outer loop
			vertex 14.771772384644 1.1276872158051 0
			vertex 14.62496471405 1.4229400157928 0
			vertex 14.784907341003 1.1364632844925 0
		endloop
	endfacet
	facet normal 0 0 -1
		outer loop
			vertex 14.505146980286 1.5595271587372 0
			vertex 14.762996673584 1.5154070854187 0
			vertex 14.613107681274 1.4515671730042 0
		endloop
	endfacet
	facet normal 0 0 -1
		outer loop
			vertex 14.613107681274 1.4515671730042 0
			vertex 14.762996673584 1.5154070854187 0
			vertex 14.621883392334 1.4384329319 0
		endloop
	endfacet
	facet normal 0 0 -1
		outer loop
			vertex 14.784907341003 1.1364632844925 0
			vertex 14.62496471405 1.4229400157928 0
			vertex 14.784907341003 1.4934967756271 0
		endloop
	endfacet
	facet normal 0 0 -1
		outer loop
			vertex 14.621883392334 1.4384329319 0
			vertex 14.771772384644 1.5022727251053 0
			vertex 14.62496471405 1.4229400157928 0
		endloop
	endfacet
	facet normal 0 0 -1
		outer loop
			vertex 14.62496471405 1.4229400157928 0
			vertex 14.771772384644 1.5022727251053 0
			vertex 14.784907341003 1.4934967756271 0
		endloop
	endfacet
	facet normal 0 0 -1
		outer loop
			vertex 14.621883392334 1.4384329319 0
			vertex 14.762996673584 1.5154070854187 0
			vertex 14.771772384644 1.5022727251053 0
		endloop
	endfacet
	facet normal 0 0 -1
		outer loop
			vertex 14.784907341003 1.1364632844925 0
			vertex 14.784907341003 1.4934967756271 0
			vertex 14.800399780273 1.1395449638367 0
		endloop
	endfacet
	facet normal 0 0 -1
		outer loop
			vertex 14.815893173218 1.1364632844925 0
			vertex 14.822856903076 1.1327455043793 0
			vertex 14.822425842285 1.1320983171463 0
		endloop
	endfacet
	facet normal 0 0 -1
		outer loop
			vertex 14.815893173218 1.1364632844925 0
			vertex 14.784907341003 1.4934967756271 0
			vertex 14.822856903076 1.1327455043793 0
		endloop
	endfacet
	facet normal 0 0 -1
		outer loop
			vertex 14.800399780273 1.1395449638367 0
			vertex 14.784907341003 1.4934967756271 0
			vertex 14.815893173218 1.1364632844925 0
		endloop
	endfacet
	facet normal 0 0 -1
		outer loop
			vertex 14.822856903076 1.1327455043793 0
			vertex 14.800399780273 1.4904149770737 0
			vertex 14.921854972839 1.0667469501495 0
		endloop
	endfacet
	facet normal 0 0 -1
		outer loop
			vertex 14.822856903076 1.1327455043793 0
			vertex 14.784907341003 1.4934967756271 0
			vertex 14.800399780273 1.4904149770737 0
		endloop
	endfacet
	facet normal 0 -1 0
		outer loop
			vertex 12.300000190735 0 0.51999998092651
			vertex 16.39999961853 0 0
			vertex 16.39999961853 0 0.51999998092651
		endloop
	endfacet
	facet normal 0 0 -1
		outer loop
			vertex 14.137146949768 0.95369672775269 0
			vertex 14.152640342712 0.95061498880386 0
			vertex 16.39999961853 0 0
		endloop
	endfacet
	facet normal 0 0 -1
		outer loop
			vertex 14.152640342712 0.95061498880386 0
			vertex 14.476519584656 0.95061498880386 0
			vertex 16.39999961853 0 0
		endloop
	endfacet
	facet normal 0 0 -1
		outer loop
			vertex 14.476519584656 0.95061498880386 0
			vertex 14.4920129776 0.95369672775269 0
			vertex 16.39999961853 0 0
		endloop
	endfacet
	facet normal 0 0 -1
		outer loop
			vertex 14.4920129776 0.95369672775269 0
			vertex 14.505146980286 0.96247279644012 0
			vertex 16.39999961853 0 0
		endloop
	endfacet
	facet normal 0 0 -1
		outer loop
			vertex 14.613107681274 1.0704327821732 0
			vertex 14.939883232117 0.95741444826126 0
			vertex 16.39999961853 0 0
		endloop
	endfacet
	facet normal 0 0 -1
		outer loop
			vertex 14.939883232117 0.95741444826126 0
			vertex 14.940314292908 0.95806169509888 0
			vertex 14.946846961975 0.95369672775269 0
		endloop
	endfacet
	facet normal 0 0 -1
		outer loop
			vertex 14.921854972839 1.0667469501495 0
			vertex 14.800399780273 1.4904149770737 0
			vertex 14.921854972839 1.4904149770737 0
		endloop
	endfacet
	facet normal 0 0 -1
		outer loop
			vertex 15.002824783325 0.99110001325607 0
			vertex 15.002824783325 1.4904149770737 0
			vertex 15.124279975891 1.4904149770737 0
		endloop
	endfacet
	facet normal 0 0 -1
		outer loop
			vertex 15.002824783325 0.99110001325607 0
			vertex 15.124279975891 1.4904149770737 0
			vertex 15.139773368835 1.4934967756271 0
		endloop
	endfacet
	facet normal 0 0 -1
		outer loop
			vertex 15.002824783325 0.99110001325607 0
			vertex 15.139773368835 1.4934967756271 0
			vertex 15.152907371521 1.5022727251053 0
		endloop
	endfacet
	facet normal 0 0 -1
		outer loop
			vertex 14.505146980286 0.96247279644012 0
			vertex 14.613107681274 1.0704327821732 0
			vertex 16.39999961853 0 0
		endloop
	endfacet
	facet normal 0 0 -1
		outer loop
			vertex 13.304452896118 1.5683032274246 0
			vertex 16.39999961853 2.5220000743866 0
			vertex 13.381426811218 1.5683032274246 0
		endloop
	endfacet
	facet normal 0 0 -1
		outer loop
			vertex 13.381426811218 1.5683032274246 0
			vertex 16.39999961853 2.5220000743866 0
			vertex 13.396920204163 1.5713850259781 0
		endloop
	endfacet
	facet normal 0 0 -1
		outer loop
			vertex 13.396920204163 1.5713850259781 0
			vertex 16.39999961853 2.5220000743866 0
			vertex 13.412412643433 1.5683032274246 0
		endloop
	endfacet
	facet normal 0 0 -1
		outer loop
			vertex 14.4920129776 1.5683032274246 0
			vertex 14.771772384644 1.5595271587372 0
			vertex 14.505146980286 1.5595271587372 0
		endloop
	endfacet
	facet normal 0 0 -1
		outer loop
			vertex 14.476519584656 1.5713850259781 0
			vertex 14.784907341003 1.5683032274246 0
			vertex 14.4920129776 1.5683032274246 0
		endloop
	endfacet
	facet normal 0 0 -1
		outer loop
			vertex 13.412412643433 1.5683032274246 0
			vertex 16.39999961853 2.5220000743866 0
			vertex 13.921227455139 1.5683032274246 0
		endloop
	endfacet
	facet normal 0 0 -1
		outer loop
			vertex 14.505146980286 1.5595271587372 0
			vertex 14.759915351868 1.5309000015259 0
			vertex 14.762996673584 1.5154070854187 0
		endloop
	endfacet
	facet normal 0 0 -1
		outer loop
			vertex 14.505146980286 1.5595271587372 0
			vertex 14.762996673584 1.5463929176331 0
			vertex 14.759915351868 1.5309000015259 0
		endloop
	endfacet
	facet normal 0 0 -1
		outer loop
			vertex 14.505146980286 1.5595271587372 0
			vertex 14.771772384644 1.5595271587372 0
			vertex 14.762996673584 1.5463929176331 0
		endloop
	endfacet
	facet normal 0 0 -1
		outer loop
			vertex 14.4920129776 1.5683032274246 0
			vertex 14.784907341003 1.5683032274246 0
			vertex 14.771772384644 1.5595271587372 0
		endloop
	endfacet
	facet normal 0 0 -1
		outer loop
			vertex 14.476519584656 1.5713850259781 0
			vertex 14.800399780273 1.5713850259781 0
			vertex 14.784907341003 1.5683032274246 0
		endloop
	endfacet
	facet normal 0 0 -1
		outer loop
			vertex 13.921227455139 1.5683032274246 0
			vertex 16.39999961853 2.5220000743866 0
			vertex 13.936719894409 1.5713850259781 0
		endloop
	endfacet
	facet normal 0 0 -1
		outer loop
			vertex 13.936719894409 1.5713850259781 0
			vertex 16.39999961853 2.5220000743866 0
			vertex 13.952213287354 1.5683032274246 0
		endloop
	endfacet
	facet normal 0 0 -1
		outer loop
			vertex 13.952213287354 1.5683032274246 0
			vertex 16.39999961853 2.5220000743866 0
			vertex 14.137146949768 1.5683032274246 0
		endloop
	endfacet
	facet normal 0 1 0
		outer loop
			vertex 10.933400154114 2.5220000743866 0
			vertex 16.39999961853 2.5220000743866 0.51999998092651
			vertex 16.39999961853 2.5220000743866 0
		endloop
	endfacet
	facet normal 0 0 -1
		outer loop
			vertex 14.137146949768 1.5683032274246 0
			vertex 16.39999961853 2.5220000743866 0
			vertex 14.151895523071 1.5712368488312 0
		endloop
	endfacet
	facet normal -0 0 -1
		outer loop
			vertex 14.152640342712 1.5713850259781 0
			vertex 14.151895523071 1.5712368488312 0
			vertex 16.39999961853 2.5220000743866 0
		endloop
	endfacet
	facet normal 0 0 -1
		outer loop
			vertex 14.152640342712 1.5713850259781 0
			vertex 16.39999961853 2.5220000743866 0
			vertex 14.476519584656 1.5713850259781 0
		endloop
	endfacet
	facet normal 0 0 -1
		outer loop
			vertex 14.476519584656 1.5713850259781 0
			vertex 16.39999961853 2.5220000743866 0
			vertex 14.800399780273 1.5713850259781 0
		endloop
	endfacet
	facet normal 0 0 -1
		outer loop
			vertex 14.939883232117 0.95741444826126 0
			vertex 14.946846961975 0.95369672775269 0
			vertex 16.39999961853 0 0
		endloop
	endfacet
	facet normal 0 0 -1
		outer loop
			vertex 14.946846961975 0.95369672775269 0
			vertex 14.962340354919 0.95061498880386 0
			vertex 16.39999961853 0 0
		endloop
	endfacet
	facet normal 0 0 -1
		outer loop
			vertex 14.962340354919 0.95061498880386 0
			vertex 14.977832794189 0.95369672775269 0
			vertex 16.39999961853 0 0
		endloop
	endfacet
	facet normal 0 0 -1
		outer loop
			vertex 14.977832794189 0.95369672775269 0
			vertex 14.990966796875 0.96247279644012 0
			vertex 16.39999961853 0 0
		endloop
	endfacet
	facet normal 0 0 -1
		outer loop
			vertex 14.990966796875 0.96247279644012 0
			vertex 14.999743461609 0.97560703754425 0
			vertex 16.39999961853 0 0
		endloop
	endfacet
	facet normal 0 0 -1
		outer loop
			vertex 14.999743461609 0.97560703754425 0
			vertex 15.002824783325 0.99110001325607 0
			vertex 16.39999961853 0 0
		endloop
	endfacet
	facet normal 0 0 -1
		outer loop
			vertex 15.002824783325 0.99110001325607 0
			vertex 15.152907371521 1.5022727251053 0
			vertex 16.39999961853 0 0
		endloop
	endfacet
	facet normal 0 0 -1
		outer loop
			vertex 15.152907371521 1.5022727251053 0
			vertex 16.39999961853 2.5220000743866 0
			vertex 16.39999961853 0 0
		endloop
	endfacet
	facet normal 1 0 0
		outer loop
			vertex 16.39999961853 0 0
			vertex 16.39999961853 2.5220000743866 0
			vertex 16.39999961853 0 0.51999998092651
		endloop
	endfacet
	facet normal 0 0 -1
		outer loop
			vertex 14.800399780273 1.5713850259781 0
			vertex 16.39999961853 2.5220000743866 0
			vertex 15.124279975891 1.5713850259781 0
		endloop
	endfacet
	facet normal 0 0 -1
		outer loop
			vertex 15.139773368835 1.5683032274246 0
			vertex 16.39999961853 2.5220000743866 0
			vertex 15.152907371521 1.5595271587372 0
		endloop
	endfacet
	facet normal 0 0 -1
		outer loop
			vertex 15.124279975891 1.5713850259781 0
			vertex 16.39999961853 2.5220000743866 0
			vertex 15.139773368835 1.5683032274246 0
		endloop
	endfacet
	facet normal 0 -0 -1
		outer loop
			vertex 15.161683082581 1.5154070854187 0
			vertex 16.39999961853 2.5220000743866 0
			vertex 15.152907371521 1.5022727251053 0
		endloop
	endfacet
	facet normal 0 0 -1
		outer loop
			vertex 15.161683082581 1.5154070854187 0
			vertex 15.164765357971 1.5309000015259 0
			vertex 16.39999961853 2.5220000743866 0
		endloop
	endfacet
	facet normal 0 0 -1
		outer loop
			vertex 15.164765357971 1.5309000015259 0
			vertex 15.161683082581 1.5463929176331 0
			vertex 16.39999961853 2.5220000743866 0
		endloop
	endfacet
	facet normal 0 0 -1
		outer loop
			vertex 15.161683082581 1.5463929176331 0
			vertex 15.152907371521 1.5595271587372 0
			vertex 16.39999961853 2.5220000743866 0
		endloop
	endfacet
	facet normal 1 -0 0
		outer loop
			vertex 16.39999961853 0 0.51999998092651
			vertex 16.39999961853 2.5220000743866 0
			vertex 16.39999961853 2.5220000743866 0.51999998092651
		endloop
	endfacet
	facet normal -1 0 0
		outer loop
			vertex 0 17.653699874878 0
			vertex 0 17.653699874878 0.51999998092651
			vertex 0 20.175699234009 0.51999998092651
		endloop
	endfacet
	facet normal -1 0 0
		outer loop
			vertex 0 17.653699874878 0
			vertex 0 20.175699234009 0.51999998092651
			vertex 0 20.175699234009 0
		endloop
	endfacet
	facet normal 0 -1 0
		outer loop
			vertex 0 17.653699874878 0
			vertex 5.4667000770569 17.653699874878 0
			vertex 0 17.653699874878 0.51999998092651
		endloop
	endfacet
	facet normal 0 0 -1
		outer loop
			vertex 0 17.653699874878 0
			vertex 0 20.175699234009 0
			vertex 5.4667000770569 17.653699874878 0
		endloop
	endfacet
	facet normal 0 0 1
		outer loop
			vertex 0 17.653699874878 0.51999998092651
			vertex 5.4667000770569 20.175699234009 0.51999998092651
			vertex 0 20.175699234009 0.51999998092651
		endloop
	endfacet
	facet normal 0 1 0
		outer loop
			vertex 0 20.175699234009 0
			vertex 0 20.175699234009 0.51999998092651
			vertex 5.4667000770569 20.175699234009 0.51999998092651
		endloop
	endfacet
	facet normal 0 -1 0
		outer loop
			vertex 0 17.653699874878 0.51999998092651
			vertex 5.4667000770569 17.653699874878 0
			vertex 5.4667000770569 17.653699874878 0.51999998092651
		endloop
	endfacet
	facet normal 0 0 1
		outer loop
			vertex 0 17.653699874878 0.51999998092651
			vertex 5.4667000770569 17.653699874878 0.51999998092651
			vertex 5.4667000770569 20.175699234009 0.51999998092651
		endloop
	endfacet
	facet normal 0 0 -1
		outer loop
			vertex 0 20.175699234009 0
			vertex 6.1500477790833 17.653699874878 0
			vertex 5.4667000770569 17.653699874878 0
		endloop
	endfacet
	facet normal 0 1 0
		outer loop
			vertex 0 20.175699234009 0
			vertex 5.4667000770569 20.175699234009 0.51999998092651
			vertex 5.9867000579834 20.175699234009 0.51999998092651
		endloop
	endfacet
	facet normal 0 0 -1
		outer loop
			vertex 0 20.175699234009 0
			vertex 10.933400154114 17.653699874878 0
			vertex 6.1500477790833 17.653699874878 0
		endloop
	endfacet
	facet normal 0 1 0
		outer loop
			vertex 0 20.175699234009 0
			vertex 5.9867000579834 20.175699234009 0.51999998092651
			vertex 10.41339969635 20.175699234009 0.51999998092651
		endloop
	endfacet
	facet normal 0 0 1
		outer loop
			vertex 5.9867000579834 19.255062103271 0.51999998092651
			vertex 10.41339969635 20.175699234009 0.51999998092651
			vertex 5.9867000579834 20.175699234009 0.51999998092651
		endloop
	endfacet
	facet normal 0 1 0
		outer loop
			vertex 0 20.175699234009 0
			vertex 10.41339969635 20.175699234009 0.51999998092651
			vertex 10.933400154114 20.175699234009 0.51999998092651
		endloop
	endfacet
	facet normal 0 0 -1
		outer loop
			vertex 0 20.175699234009 0
			vertex 16.39999961853 17.653699874878 0
			vertex 10.933400154114 17.653699874878 0
		endloop
	endfacet
	facet normal -0 0 1
		outer loop
			vertex 5.9867000579834 19.255062103271 0.51999998092651
			vertex 10.41339969635 18.574321746826 0.51999998092651
			vertex 10.41339969635 20.175699234009 0.51999998092651
		endloop
	endfacet
	facet normal 0 1 0
		outer loop
			vertex 0 20.175699234009 0
			vertex 10.933400154114 20.175699234009 0.51999998092651
			vertex 16.39999961853 20.175699234009 0.51999998092651
		endloop
	endfacet
	facet normal 0 0 -1
		outer loop
			vertex 0 20.175699234009 0
			vertex 16.39999961853 20.175699234009 0
			vertex 16.39999961853 17.653699874878 0
		endloop
	endfacet
	facet normal 0 1 0
		outer loop
			vertex 0 20.175699234009 0
			vertex 16.39999961853 20.175699234009 0.51999998092651
			vertex 16.39999961853 20.175699234009 0
		endloop
	endfacet
	facet normal 0 -1 0
		outer loop
			vertex 10.933400154114 17.653699874878 0
			vertex 16.39999961853 17.653699874878 0
			vertex 10.933400154114 17.653699874878 0.51999998092651
		endloop
	endfacet
	facet normal 0 0 1
		outer loop
			vertex 10.933400154114 17.653699874878 0.51999998092651
			vertex 16.39999961853 20.175699234009 0.51999998092651
			vertex 10.933400154114 20.175699234009 0.51999998092651
		endloop
	endfacet
	facet normal 0 -1 0
		outer loop
			vertex 10.933400154114 17.653699874878 0.51999998092651
			vertex 16.39999961853 17.653699874878 0
			vertex 16.39999961853 17.653699874878 0.51999998092651
		endloop
	endfacet
	facet normal 0 0 1
		outer loop
			vertex 10.933400154114 17.653699874878 0.51999998092651
			vertex 16.39999961853 17.653699874878 0.51999998092651
			vertex 16.39999961853 20.175699234009 0.51999998092651
		endloop
	endfacet
	facet normal 1 0 0
		outer loop
			vertex 16.39999961853 17.653699874878 0
			vertex 16.39999961853 20.175699234009 0
			vertex 16.39999961853 17.653699874878 0.51999998092651
		endloop
	endfacet
	facet normal 1 -0 0
		outer loop
			vertex 16.39999961853 17.653699874878 0.51999998092651
			vertex 16.39999961853 20.175699234009 0
			vertex 16.39999961853 20.175699234009 0.51999998092651
		endloop
	endfacet
	facet normal -1 0 0
		outer loop
			vertex 4.0999999046326 0 0.51999998092651
			vertex 4.0999999046326 0.51999998092651 16.324266433716
			vertex 4.0999999046326 0.51999998092651 0.51999998092651
		endloop
	endfacet
	facet normal 0 1 0
		outer loop
			vertex 4.0999999046326 0.51999998092651 0.51999998092651
			vertex 4.0999999046326 0.51999998092651 16.324266433716
			vertex 7.4200000762939 0.51999998092651 0.51999998092651
		endloop
	endfacet
	facet normal -1 0 0
		outer loop
			vertex 4.0999999046326 0 0.51999998092651
			vertex 4.0999999046326 0 16.463600158691
			vertex 4.0999999046326 0.45033320784569 16.20359992981
		endloop
	endfacet
	facet normal -1 0 0
		outer loop
			vertex 4.0999999046326 0 0.51999998092651
			vertex 4.0999999046326 0.45033320784569 16.20359992981
			vertex 4.0999999046326 0.51999998092651 16.324266433716
		endloop
	endfacet
	facet normal 0 -1 0
		outer loop
			vertex 4.0999999046326 0 0.51999998092651
			vertex 12.300000190735 0 0.51999998092651
			vertex 4.0999999046326 0 16.463600158691
		endloop
	endfacet
	facet normal 0 1 -0
		outer loop
			vertex 7.4200000762939 0.51999998092651 0.51999998092651
			vertex 4.0999999046326 0.51999998092651 16.324266433716
			vertex 7.4200000762939 0.51999998092651 15.418600082397
		endloop
	endfacet
	facet normal -0 1 0
		outer loop
			vertex 4.0999999046326 0.51999998092651 16.324266433716
			vertex 12.300000190735 0.51999998092651 16.324266433716
			vertex 7.4200000762939 0.51999998092651 15.418600082397
		endloop
	endfacet
	facet normal 0 1 0
		outer loop
			vertex 7.9400000572205 0.51999998092651 0.51999998092651
			vertex 7.9400000572205 0.51999998092651 15.418600082397
			vertex 12.300000190735 0.51999998092651 0.51999998092651
		endloop
	endfacet
	facet normal 0 -1 0
		outer loop
			vertex 4.0999999046326 0 16.463600158691
			vertex 12.300000190735 0 0.51999998092651
			vertex 12.300000190735 0 16.463600158691
		endloop
	endfacet
	facet normal -0 1 0
		outer loop
			vertex 7.9400000572205 0.51999998092651 15.418600082397
			vertex 12.300000190735 0.51999998092651 16.324266433716
			vertex 12.300000190735 0.51999998092651 0.51999998092651
		endloop
	endfacet
	facet normal 1 0 0
		outer loop
			vertex 12.300000190735 0 0.51999998092651
			vertex 12.300000190735 0.51999998092651 0.51999998092651
			vertex 12.300000190735 0 16.463600158691
		endloop
	endfacet
	facet normal 1 0 -0
		outer loop
			vertex 12.300000190735 0.51999998092651 0.51999998092651
			vertex 12.300000190735 0.51999998092651 16.324266433716
			vertex 12.300000190735 0 16.463600158691
		endloop
	endfacet
	facet normal 0 1 0
		outer loop
			vertex 7.4200000762939 0.51999998092651 15.418600082397
			vertex 12.300000190735 0.51999998092651 16.324266433716
			vertex 7.9400000572205 0.51999998092651 15.418600082397
		endloop
	endfacet
	facet normal 1 0 -0
		outer loop
			vertex 12.300000190735 0.51999998092651 16.324266433716
			vertex 12.300000190735 0.51999998092651 16.463600158691
			vertex 12.300000190735 0 16.463600158691
		endloop
	endfacet
	facet normal -1 0 0
		outer loop
			vertex 4.0999999046326 0.45033320784569 16.20359992981
			vertex 4.0999999046326 0 16.463600158691
			vertex 4.0999999046326 0.51999998092651 16.324266433716
		endloop
	endfacet
	facet normal -1 0 0
		outer loop
			vertex 4.0999999046326 0.51999998092651 16.324266433716
			vertex 4.0999999046326 0 16.463600158691
			vertex 4.0999999046326 1.4029831886292 17.853637695312
		endloop
	endfacet
	facet normal 9.4208901202603e-07 0.86602456057547 -0.50000146047703
		outer loop
			vertex 4.0999999046326 0.51999998092651 16.324266433716
			vertex 6.1270756721497 1.2368717193604 17.565923690796
			vertex 6.3344173431396 1.0429171323776 17.229986190796
		endloop
	endfacet
	facet normal 2.0632252879975e-07 -0.86602577214767 0.49999936197559
		outer loop
			vertex 4.0999999046326 0 16.463600158691
			vertex 6.9749674797058 0.29915991425514 16.981760025024
			vertex 6.6408295631409 0.43626993894577 17.219242095947
		endloop
	endfacet
	facet normal -1.9520297766077e-07 -0.86602480746814 0.50000103284866
		outer loop
			vertex 4.0999999046326 0 16.463600158691
			vertex 7.356183052063 0.19727796316147 16.805295944214
			vertex 6.9749674797058 0.29915991425514 16.981760025024
		endloop
	endfacet
	facet normal 3.0415734510825e-07 0.86602383223448 -0.50000272199441
		outer loop
			vertex 4.0999999046326 0.51999998092651 16.324266433716
			vertex 6.9534573554993 0.73339706659317 16.693880081177
			vertex 7.3413667678833 0.62972623109818 16.514318466187
		endloop
	endfacet
	facet normal -1.7677482596001e-07 0.86602543994832 -0.49999993736228
		outer loop
			vertex 4.0999999046326 0.51999998092651 16.324266433716
			vertex 6.6134524345398 0.8729145526886 16.935531616211
			vertex 6.9534573554993 0.73339706659317 16.693880081177
		endloop
	endfacet
	facet normal -6.2022767094143e-07 0.86602622951396 -0.49999856979141
		outer loop
			vertex 4.0999999046326 0.51999998092651 16.324266433716
			vertex 6.3344173431396 1.0429171323776 17.229986190796
			vertex 6.6134524345398 0.8729145526886 16.935531616211
		endloop
	endfacet
	facet normal 2.391487609512e-08 0.86602590185828 -0.49999913730981
		outer loop
			vertex 4.0999999046326 0.51999998092651 16.324266433716
			vertex 7.3413667678833 0.62972623109818 16.514318466187
			vertex 7.7622723579407 0.5658860206604 16.403743743896
		endloop
	endfacet
	facet normal 2.9540852380225e-07 -0.86602683191806 0.49999752639176
		outer loop
			vertex 4.0999999046326 0 16.463600158691
			vertex 7.7698259353638 0.13453938066959 16.696628570557
			vertex 7.356183052063 0.19727796316147 16.805295944214
		endloop
	endfacet
	facet normal -1.958431526969e-07 -0.86602348194467 0.50000332870931
		outer loop
			vertex 4.0999999046326 0 16.463600158691
			vertex 8.1999998092651 0.11335515230894 16.659936904907
			vertex 7.7698259353638 0.13453938066959 16.696628570557
		endloop
	endfacet
	facet normal 5.7892009551767e-08 0.86602522391226 -0.50000031154761
		outer loop
			vertex 4.0999999046326 0.51999998092651 16.324266433716
			vertex 7.7622723579407 0.5658860206604 16.403743743896
			vertex 8.1999998092651 0.54432982206345 16.366407394409
		endloop
	endfacet
	facet normal -1 0 0
		outer loop
			vertex 4.0999999046326 0 16.463600158691
			vertex 4.0999999046326 0.95265001058578 18.113637924194
			vertex 4.0999999046326 1.4029831886292 17.853637695312
		endloop
	endfacet
	facet normal -1.9083986560049e-07 -0.86602534412678 0.50000010333004
		outer loop
			vertex 4.0999999046326 0 16.463600158691
			vertex 6.1628456115723 0.79394668340683 17.838756561279
			vertex 4.0999999046326 0.95265001058578 18.113637924194
		endloop
	endfacet
	facet normal -1.4729749483875e-07 0.86602533068357 -0.50000012661437
		outer loop
			vertex 4.0999999046326 0.51999998092651 16.324266433716
			vertex 4.0999999046326 1.4029831886292 17.853637695312
			vertex 6.1270756721497 1.2368717193604 17.565923690796
		endloop
	endfacet
	facet normal -2.7766354234284e-07 0.50000035670201 0.86602519784229
		outer loop
			vertex 4.0999999046326 0.95265001058578 18.113637924194
			vertex 6.0665612220764 1.3003969192505 17.912866592407
			vertex 4.0999999046326 1.4029831886292 17.853637695312
		endloop
	endfacet
	facet normal 4.3637652253931e-07 -0.86602575153748 0.49999939767339
		outer loop
			vertex 4.0999999046326 0 16.463600158691
			vertex 6.3666095733643 0.60333895683289 17.508613586426
			vertex 6.1628456115723 0.79394668340683 17.838756561279
		endloop
	endfacet
	facet normal 0 0.86602578005447 -0.49999934828061
		outer loop
			vertex 4.0999999046326 1.4029831886292 17.853637695312
			vertex 6.0262970924377 1.4029831886292 17.853637695312
			vertex 6.1270756721497 1.2368717193604 17.565923690796
		endloop
	endfacet
	facet normal 0 -0.86602472398443 0.50000117744631
		outer loop
			vertex 4.0999999046326 0.95265001058578 18.113637924194
			vertex 6.1628456115723 0.79394668340683 17.838756561279
			vertex 6.0665612220764 0.95265001058578 18.113637924194
		endloop
	endfacet
	facet normal -0 0.49999917902924 0.86602587777161
		outer loop
			vertex 4.0999999046326 0.95265001058578 18.113637924194
			vertex 6.0665612220764 0.95265001058578 18.113637924194
			vertex 6.0665612220764 1.3003969192505 17.912866592407
		endloop
	endfacet
	facet normal -0 0.50000434875632 0.86602289301425
		outer loop
			vertex 4.0999999046326 1.4029831886292 17.853637695312
			vertex 6.0665612220764 1.3003969192505 17.912866592407
			vertex 6.0262970924377 1.4029831886292 17.853637695312
		endloop
	endfacet
	facet normal -2.5163959753606e-07 -0.86602510535674 0.50000051689152
		outer loop
			vertex 4.0999999046326 0 16.463600158691
			vertex 6.6408295631409 0.43626993894577 17.219242095947
			vertex 6.3666095733643 0.60333895683289 17.508613586426
		endloop
	endfacet
	facet normal 0 0.86602766283614 -0.49999608718727
		outer loop
			vertex 4.0999999046326 0.51999998092651 16.324266433716
			vertex 8.1999998092651 0.54432982206345 16.366407394409
			vertex 12.300000190735 0.51999998092651 16.324266433716
		endloop
	endfacet
	facet normal 0 -0.86602525283951 0.50000026144419
		outer loop
			vertex 4.0999999046326 0 16.463600158691
			vertex 12.300000190735 0 16.463600158691
			vertex 8.1999998092651 0.11335515230894 16.659936904907
		endloop
	endfacet
	facet normal 1.9584298199797e-07 -0.86602348194601 0.50000332870699
		outer loop
			vertex 8.1999998092651 0.11335515230894 16.659936904907
			vertex 12.300000190735 0 16.463600158691
			vertex 8.6301746368408 0.13453938066959 16.696628570557
		endloop
	endfacet
	facet normal -5.7891996760809e-08 0.86602522391252 -0.50000031154717
		outer loop
			vertex 12.300000190735 0.51999998092651 16.324266433716
			vertex 8.1999998092651 0.54432982206345 16.366407394409
			vertex 8.6377277374268 0.5658860206604 16.403743743896
		endloop
	endfacet
	facet normal -2.954086872917e-07 -0.86602683191892 0.49999752639028
		outer loop
			vertex 8.6301746368408 0.13453938066959 16.696628570557
			vertex 12.300000190735 0 16.463600158691
			vertex 9.0438165664673 0.19727796316147 16.805295944214
		endloop
	endfacet
	facet normal -2.391487402782e-08 0.86602590185832 -0.49999913730974
		outer loop
			vertex 12.300000190735 0.51999998092651 16.324266433716
			vertex 8.6377277374268 0.5658860206604 16.403743743896
			vertex 9.0586338043213 0.62972623109818 16.514318466187
		endloop
	endfacet
	facet normal 1.9520290923533e-07 -0.86602480746831 0.50000103284837
		outer loop
			vertex 9.0438165664673 0.19727796316147 16.805295944214
			vertex 12.300000190735 0 16.463600158691
			vertex 9.4250326156616 0.29915991425514 16.981760025024
		endloop
	endfacet
	facet normal -2.0632252879975e-07 -0.86602577214767 0.49999936197559
		outer loop
			vertex 9.4250326156616 0.29915991425514 16.981760025024
			vertex 12.300000190735 0 16.463600158691
			vertex 9.7591705322266 0.43626993894577 17.219242095947
		endloop
	endfacet
	facet normal -3.041574268566e-07 0.8660238322342 -0.50000272199488
		outer loop
			vertex 12.300000190735 0.51999998092651 16.324266433716
			vertex 9.0586338043213 0.62972623109818 16.514318466187
			vertex 9.4465427398682 0.73339706659317 16.693880081177
		endloop
	endfacet
	facet normal 1.7677482596001e-07 0.86602543994832 -0.49999993736228
		outer loop
			vertex 12.300000190735 0.51999998092651 16.324266433716
			vertex 9.4465427398682 0.73339706659317 16.693880081177
			vertex 9.7865476608276 0.8729145526886 16.935531616211
		endloop
	endfacet
	facet normal 6.202278694569e-07 0.86602622951431 -0.4999985697908
		outer loop
			vertex 12.300000190735 0.51999998092651 16.324266433716
			vertex 9.7865476608276 0.8729145526886 16.935531616211
			vertex 10.065582275391 1.0429171323776 17.229986190796
		endloop
	endfacet
	facet normal -9.4208841764246e-07 0.8660245605759 -0.50000146047631
		outer loop
			vertex 12.300000190735 0.51999998092651 16.324266433716
			vertex 10.065582275391 1.0429171323776 17.229986190796
			vertex 10.272924423218 1.2368717193604 17.565923690796
		endloop
	endfacet
	facet normal 2.516396937425e-07 -0.8660251053566 0.50000051689176
		outer loop
			vertex 9.7591705322266 0.43626993894577 17.219242095947
			vertex 12.300000190735 0 16.463600158691
			vertex 10.033390045166 0.60333895683289 17.508613586426
		endloop
	endfacet
	facet normal 1.7562205069886e-05 0.49999917895213 0.86602587763806
		outer loop
			vertex 10.333438873291 0.95265001058578 18.113637924194
			vertex 10.37370300293 1.4029831886292 17.853637695312
			vertex 10.333438873291 1.3003969192505 17.912866592407
		endloop
	endfacet
	facet normal -4.3637645107307e-07 -0.8660257515375 0.49999939767336
		outer loop
			vertex 10.033390045166 0.60333895683289 17.508613586426
			vertex 12.300000190735 0 16.463600158691
			vertex 10.237154006958 0.79394668340683 17.838756561279
		endloop
	endfacet
	facet normal 9.2870138867671e-07 -0.86602486484482 0.50000093346878
		outer loop
			vertex 10.237154006958 0.79394668340683 17.838756561279
			vertex 12.300000190735 0 16.463600158691
			vertex 10.333438873291 0.95265001058578 18.113637924194
		endloop
	endfacet
	facet normal 0 0.86602578005447 -0.49999934828061
		outer loop
			vertex 12.300000190735 1.4029831886292 17.853637695312
			vertex 10.272924423218 1.2368717193604 17.565923690796
			vertex 10.37370300293 1.4029831886292 17.853637695312
		endloop
	endfacet
	facet normal 0 0.50000035670203 0.86602519784233
		outer loop
			vertex 10.333438873291 0.95265001058578 18.113637924194
			vertex 12.300000190735 1.4029831886292 17.853637695312
			vertex 10.37370300293 1.4029831886292 17.853637695312
		endloop
	endfacet
	facet normal 0 -0.8660253441268 0.50000010333005
		outer loop
			vertex 10.333438873291 0.95265001058578 18.113637924194
			vertex 12.300000190735 0 16.463600158691
			vertex 12.300000190735 0.95265001058578 18.113637924194
		endloop
	endfacet
	facet normal 1.4729749483875e-07 0.86602533068357 -0.50000012661437
		outer loop
			vertex 12.300000190735 0.51999998092651 16.324266433716
			vertex 10.272924423218 1.2368717193604 17.565923690796
			vertex 12.300000190735 1.4029831886292 17.853637695312
		endloop
	endfacet
	facet normal -0 0.50000035670203 0.86602519784233
		outer loop
			vertex 10.333438873291 0.95265001058578 18.113637924194
			vertex 12.300000190735 0.95265001058578 18.113637924194
			vertex 12.300000190735 1.4029831886292 17.853637695312
		endloop
	endfacet
	facet normal 1 0 0
		outer loop
			vertex 12.300000190735 0 16.463600158691
			vertex 12.300000190735 0.51999998092651 16.463600158691
			vertex 12.300000190735 0.95265001058578 18.113637924194
		endloop
	endfacet
	facet normal 1 0 0
		outer loop
			vertex 12.300000190735 0.51999998092651 16.324266433716
			vertex 12.300000190735 1.4029831886292 17.853637695312
			vertex 12.300000190735 0.51999998092651 16.463600158691
		endloop
	endfacet
	facet normal 1 0 0
		outer loop
			vertex 12.300000190735 0.51999998092651 16.463600158691
			vertex 12.300000190735 1.4029831886292 17.853637695312
			vertex 12.300000190735 0.95265001058578 18.113637924194
		endloop
	endfacet
	facet normal 0.63439411701101 0.38650429999836 0.66944643578452
		outer loop
			vertex 6.6408295631409 0.43626993894577 17.219242095947
			vertex 6.9749674797058 0.64690679311752 16.780988693237
			vertex 6.6408295631409 0.78401678800583 17.01847076416
		endloop
	endfacet
	facet normal 0.63439413761013 0.38650426670279 0.66944643548715
		outer loop
			vertex 6.6408295631409 0.43626993894577 17.219242095947
			vertex 6.9749674797058 0.29915991425514 16.981760025024
			vertex 6.9749674797058 0.64690679311752 16.780988693237
		endloop
	endfacet
	facet normal 0.47139565479996 0.44096022566233 0.76376712158848
		outer loop
			vertex 6.9749674797058 0.29915991425514 16.981760025024
			vertex 7.356183052063 0.54502481222153 16.604524612427
			vertex 6.9749674797058 0.64690679311752 16.780988693237
		endloop
	endfacet
	facet normal 0.47139562798738 0.44096026117125 0.76376711763611
		outer loop
			vertex 6.9749674797058 0.29915991425514 16.981760025024
			vertex 7.356183052063 0.19727796316147 16.805295944214
			vertex 7.356183052063 0.54502481222153 16.604524612427
		endloop
	endfacet
	facet normal 0.29028635743416 0.47846918891534 0.82873461732107
		outer loop
			vertex 7.356183052063 0.19727796316147 16.805295944214
			vertex 7.7698259353638 0.48228624463081 16.49585723877
			vertex 7.356183052063 0.54502481222153 16.604524612427
		endloop
	endfacet
	facet normal 0.2902863732182 0.47846917114428 0.8287346220524
		outer loop
			vertex 7.356183052063 0.19727796316147 16.805295944214
			vertex 7.7698259353638 0.13453938066959 16.696628570557
			vertex 7.7698259353638 0.48228624463081 16.49585723877
		endloop
	endfacet
	facet normal 0.098016232860913 0.49759163898195 0.86185577616618
		outer loop
			vertex 7.7698259353638 0.13453938066959 16.696628570557
			vertex 8.1999998092651 0.46110200881958 16.45916557312
			vertex 7.7698259353638 0.48228624463081 16.49585723877
		endloop
	endfacet
	facet normal 0.098016224325465 0.49759164739808 0.86185577227785
		outer loop
			vertex 7.7698259353638 0.13453938066959 16.696628570557
			vertex 8.1999998092651 0.11335515230894 16.659936904907
			vertex 8.1999998092651 0.46110200881958 16.45916557312
		endloop
	endfacet
	facet normal 0.95694003400127 0.1451436691137 0.25139428522116
		outer loop
			vertex 6.0665612220764 0.95265001058578 18.113637924194
			vertex 6.1628456115723 0.79394668340683 17.838756561279
			vertex 6.1628456115723 1.1416934728622 17.637983322144
		endloop
	endfacet
	facet normal 0.95694046878541 0.14514188100337 0.25139366256842
		outer loop
			vertex 6.0665612220764 0.95265001058578 18.113637924194
			vertex 6.1628456115723 1.1416934728622 17.637983322144
			vertex 6.0665612220764 1.3003969192505 17.912866592407
		endloop
	endfacet
	facet normal 0.77301003112666 0.31719641928717 0.54940142279481
		outer loop
			vertex 6.3666095733643 0.60333895683289 17.508613586426
			vertex 6.6408295631409 0.43626993894577 17.219242095947
			vertex 6.6408295631409 0.78401678800583 17.01847076416
		endloop
	endfacet
	facet normal 0.88192066040192 0.23570028632605 0.40824174674091
		outer loop
			vertex 6.1628456115723 0.79394668340683 17.838756561279
			vertex 6.3666095733643 0.95108580589294 17.307842254639
			vertex 6.1628456115723 1.1416934728622 17.637983322144
		endloop
	endfacet
	facet normal 0.88192152489164 0.2356977679886 0.40824133315724
		outer loop
			vertex 6.3666095733643 0.60333895683289 17.508613586426
			vertex 6.3666095733643 0.95108580589294 17.307842254639
			vertex 6.1628456115723 0.79394668340683 17.838756561279
		endloop
	endfacet
	facet normal 0.77301003112666 0.31719641928717 0.54940142279481
		outer loop
			vertex 6.3666095733643 0.60333895683289 17.508613586426
			vertex 6.6408295631409 0.78401678800583 17.01847076416
			vertex 6.3666095733643 0.95108580589294 17.307842254639
		endloop
	endfacet
	facet normal -0.098016017651837 0.49759165757574 0.86185578990612
		outer loop
			vertex 8.1999998092651 0.11335515230894 16.659936904907
			vertex 8.6301746368408 0.48228624463081 16.49585723877
			vertex 8.1999998092651 0.46110200881958 16.45916557312
		endloop
	endfacet
	facet normal -0.098016009116395 0.49759165000027 0.86185579525052
		outer loop
			vertex 8.1999998092651 0.11335515230894 16.659936904907
			vertex 8.6301746368408 0.13453938066959 16.696628570557
			vertex 8.6301746368408 0.48228624463081 16.49585723877
		endloop
	endfacet
	facet normal -0.2902869703083 0.47846908058109 0.82873446519203
		outer loop
			vertex 8.6301746368408 0.13453938066959 16.696628570557
			vertex 9.0438165664673 0.54502481222153 16.604524612427
			vertex 8.6301746368408 0.48228624463081 16.49585723877
		endloop
	endfacet
	facet normal -0.29028698609234 0.47846909356408 0.82873445216751
		outer loop
			vertex 8.6301746368408 0.13453938066959 16.696628570557
			vertex 9.0438165664673 0.19727796316147 16.805295944214
			vertex 9.0438165664673 0.54502481222153 16.604524612427
		endloop
	endfacet
	facet normal -0.47139519618857 0.4409603765713 0.76376731751525
		outer loop
			vertex 9.0438165664673 0.19727796316147 16.805295944214
			vertex 9.4250326156616 0.64690679311752 16.780988693237
			vertex 9.0438165664673 0.54502481222153 16.604524612427
		endloop
	endfacet
	facet normal -0.47139516937593 0.44096035539393 0.76376734629067
		outer loop
			vertex 9.0438165664673 0.19727796316147 16.805295944214
			vertex 9.4250326156616 0.29915991425514 16.981760025024
			vertex 9.4250326156616 0.64690679311752 16.780988693237
		endloop
	endfacet
	facet normal -0.63439411701101 0.38650427515542 0.66944645012757
		outer loop
			vertex 9.4250326156616 0.29915991425514 16.981760025024
			vertex 9.7591705322266 0.78401678800583 17.01847076416
			vertex 9.4250326156616 0.64690679311752 16.780988693237
		endloop
	endfacet
	facet normal -0.63439413761013 0.38650429154572 0.6694464211441
		outer loop
			vertex 9.4250326156616 0.29915991425514 16.981760025024
			vertex 9.7591705322266 0.43626993894577 17.219242095947
			vertex 9.7591705322266 0.78401678800583 17.01847076416
		endloop
	endfacet
	facet normal -0.77301057209773 0.31719608970025 0.54940085193236
		outer loop
			vertex 9.7591705322266 0.43626993894577 17.219242095947
			vertex 10.033390045166 0.60333895683289 17.508613586426
			vertex 10.033390045166 0.95108580589294 17.307842254639
		endloop
	endfacet
	facet normal -0.77301057209773 0.31719608970025 0.54940085193236
		outer loop
			vertex 9.7591705322266 0.43626993894577 17.219242095947
			vertex 10.033390045166 0.95108580589294 17.307842254639
			vertex 9.7591705322266 0.78401678800583 17.01847076416
		endloop
	endfacet
	facet normal -0.88192066040174 0.23569857666009 0.40824273382017
		outer loop
			vertex 10.033390045166 0.60333895683289 17.508613586426
			vertex 10.237154006958 1.1416934728622 17.637983322144
			vertex 10.033390045166 0.95108580589294 17.307842254639
		endloop
	endfacet
	facet normal -0.88192152488988 0.23569947765051 0.4082403460845
		outer loop
			vertex 10.033390045166 0.60333895683289 17.508613586426
			vertex 10.237154006958 0.79394668340683 17.838756561279
			vertex 10.237154006958 1.1416934728622 17.637983322144
		endloop
	endfacet
	facet normal -0.95694006944084 0.14514361069926 0.25139418404517
		outer loop
			vertex 10.237154006958 0.79394668340683 17.838756561279
			vertex 10.333438873291 1.3003969192505 17.912866592407
			vertex 10.237154006958 1.1416934728622 17.637983322144
		endloop
	endfacet
	facet normal -0.95693963465374 0.14514325587807 0.25139604392647
		outer loop
			vertex 10.237154006958 0.79394668340683 17.838756561279
			vertex 10.333438873291 0.95265001058578 18.113637924194
			vertex 10.333438873291 1.3003969192505 17.912866592407
		endloop
	endfacet
	facet normal -1 0 0
		outer loop
			vertex 5.4667000770569 16.075700759888 0.51999998092651
			vertex 5.4667000770569 20.175699234009 7.6214084625244
			vertex 5.4667000770569 17.653699874878 0.51999998092651
		endloop
	endfacet
	facet normal 0 -0.86602548956081 0.49999985143093
		outer loop
			vertex 5.4667000770569 16.075700759888 0.51999998092651
			vertex 5.9867000579834 16.075700759888 0.51999998092651
			vertex 5.9867000579834 20.175699234009 7.6214084625244
		endloop
	endfacet
	facet normal -1 0 0
		outer loop
			vertex 5.4667000770569 17.653699874878 0.51999998092651
			vertex 5.4667000770569 20.175699234009 7.6214084625244
			vertex 5.4667000770569 20.175699234009 0.51999998092651
		endloop
	endfacet
	facet normal 1 0 0
		outer loop
			vertex 5.9867000579834 16.075700759888 0.51999998092651
			vertex 5.9867000579834 19.255062103271 0.51999998092651
			vertex 5.9867000579834 20.175699234009 7.6214084625244
		endloop
	endfacet
	facet normal 1 0 0
		outer loop
			vertex 5.9867000579834 19.255062103271 0.51999998092651
			vertex 5.9867000579834 20.175699234009 0.51999998092651
			vertex 5.9867000579834 20.175699234009 7.6214084625244
		endloop
	endfacet
	facet normal 0 -0.86602548956081 0.49999985143093
		outer loop
			vertex 5.4667000770569 16.075700759888 0.51999998092651
			vertex 5.9867000579834 20.175699234009 7.6214084625244
			vertex 5.4667000770569 20.175699234009 7.6214084625244
		endloop
	endfacet
	facet normal 0 1 0
		outer loop
			vertex 5.4667000770569 20.175699234009 0.51999998092651
			vertex 5.4667000770569 20.175699234009 7.6214084625244
			vertex 5.9867000579834 20.175699234009 0.51999998092651
		endloop
	endfacet
	facet normal 0 1 -0
		outer loop
			vertex 5.9867000579834 20.175699234009 0.51999998092651
			vertex 5.4667000770569 20.175699234009 7.6214084625244
			vertex 5.9867000579834 20.175699234009 7.6214084625244
		endloop
	endfacet
	facet normal 0 -0.86602548956081 0.49999985143093
		outer loop
			vertex 10.41339969635 16.075700759888 0.51999998092651
			vertex 10.933400154114 16.075700759888 0.51999998092651
			vertex 10.933400154114 20.175699234009 7.6214084625244
		endloop
	endfacet
	facet normal 1 0 0
		outer loop
			vertex 10.933400154114 16.075700759888 0.51999998092651
			vertex 10.933400154114 17.653699874878 0.51999998092651
			vertex 10.933400154114 20.175699234009 7.6214084625244
		endloop
	endfacet
	facet normal -1 0 0
		outer loop
			vertex 10.41339969635 16.075700759888 0.51999998092651
			vertex 10.41339969635 20.175699234009 7.6214084625244
			vertex 10.41339969635 18.574321746826 0.51999998092651
		endloop
	endfacet
	facet normal -1 0 0
		outer loop
			vertex 10.41339969635 18.574321746826 0.51999998092651
			vertex 10.41339969635 20.175699234009 7.6214084625244
			vertex 10.41339969635 20.175699234009 0.51999998092651
		endloop
	endfacet
	facet normal 1 0 0
		outer loop
			vertex 10.933400154114 17.653699874878 0.51999998092651
			vertex 10.933400154114 20.175699234009 0.51999998092651
			vertex 10.933400154114 20.175699234009 7.6214084625244
		endloop
	endfacet
	facet normal 0 -0.86602548956081 0.49999985143093
		outer loop
			vertex 10.41339969635 16.075700759888 0.51999998092651
			vertex 10.933400154114 20.175699234009 7.6214084625244
			vertex 10.41339969635 20.175699234009 7.6214084625244
		endloop
	endfacet
	facet normal 0 1 0
		outer loop
			vertex 10.41339969635 20.175699234009 0.51999998092651
			vertex 10.41339969635 20.175699234009 7.6214084625244
			vertex 10.933400154114 20.175699234009 0.51999998092651
		endloop
	endfacet
	facet normal 0 1 -0
		outer loop
			vertex 10.933400154114 20.175699234009 0.51999998092651
			vertex 10.41339969635 20.175699234009 7.6214084625244
			vertex 10.933400154114 20.175699234009 7.6214084625244
		endloop
	endfacet
	facet normal -1 0 0
		outer loop
			vertex 7.4200000762939 0.51999998092651 0.51999998092651
			vertex 7.4200000762939 0.51999998092651 15.418600082397
			vertex 7.4200000762939 1.3809487819672 0.51999998092651
		endloop
	endfacet
	facet normal 1 0 0
		outer loop
			vertex 7.9400000572205 0.51999998092651 0.51999998092651
			vertex 7.9400000572205 1.3009829521179 0.51999998092651
			vertex 7.9400000572205 0.51999998092651 15.418600082397
		endloop
	endfacet
	facet normal -1 0 0
		outer loop
			vertex 7.4200000762939 1.3809487819672 0.51999998092651
			vertex 7.4200000762939 12.543558120728 3.1024839878082
			vertex 7.4200000762939 12.939343452454 2.6613774299622
		endloop
	endfacet
	facet normal -1 0 0
		outer loop
			vertex 7.4200000762939 1.3809487819672 0.51999998092651
			vertex 7.4200000762939 12.939343452454 2.6613774299622
			vertex 7.4200000762939 13.181554794312 2.4489636421204
		endloop
	endfacet
	facet normal 1 0 0
		outer loop
			vertex 7.9400000572205 1.3009829521179 0.51999998092651
			vertex 7.9400000572205 12.913735389709 2.6170234680176
			vertex 7.9400000572205 11.73522567749 3.9304852485657
		endloop
	endfacet
	facet normal 1 0 0
		outer loop
			vertex 7.9400000572205 1.3009829521179 0.51999998092651
			vertex 7.9400000572205 13.634956359863 1.98452937603
			vertex 7.9400000572205 12.913735389709 2.6170234680176
		endloop
	endfacet
	facet normal -1 0 0
		outer loop
			vertex 7.4200000762939 1.3809487819672 0.51999998092651
			vertex 7.4200000762939 0.51999998092651 15.418600082397
			vertex 7.4200000762939 12.543558120728 3.1024839878082
		endloop
	endfacet
	facet normal 1 0 -0
		outer loop
			vertex 7.9400000572205 1.3009829521179 0.51999998092651
			vertex 7.9400000572205 11.73522567749 3.9304852485657
			vertex 7.9400000572205 0.51999998092651 15.418600082397
		endloop
	endfacet
	facet normal -5.6809813710829e-07 0.71555437330386 0.69855704050951
		outer loop
			vertex 7.4200000762939 0.51999998092651 15.418600082397
			vertex 7.9400000572205 11.73522567749 3.9304852485657
			vertex 7.4200000762939 12.543558120728 3.1024839878082
		endloop
	endfacet
	facet normal -0 0.71555436045044 0.69855705367591
		outer loop
			vertex 7.4200000762939 0.51999998092651 15.418600082397
			vertex 7.9400000572205 0.51999998092651 15.418600082397
			vertex 7.9400000572205 11.73522567749 3.9304852485657
		endloop
	endfacet
	facet normal -1 0 0
		outer loop
			vertex 7.4200000762939 1.3809487819672 0.51999998092651
			vertex 7.4200000762939 13.181554794312 2.4489636421204
			vertex 7.4200000762939 15.064697265625 0.51999998092651
		endloop
	endfacet
	facet normal 1 0 0
		outer loop
			vertex 7.9400000572205 1.3009829521179 0.51999998092651
			vertex 7.9400000572205 15.064697265625 0.51999998092651
			vertex 7.9400000572205 13.634956359863 1.98452937603
		endloop
	endfacet
	facet normal -0 0.71555445506296 0.69855695676126
		outer loop
			vertex 7.4200000762939 15.064697265625 0.51999998092651
			vertex 7.4200000762939 13.181554794312 2.4489636421204
			vertex 7.9400000572205 15.064697265625 0.51999998092651
		endloop
	endfacet
	facet normal 7.0256456155079e-07 0.71555436039329 0.6985570537341
		outer loop
			vertex 7.9400000572205 15.064697265625 0.51999998092651
			vertex 7.4200000762939 13.181554794312 2.4489636421204
			vertex 7.9400000572205 13.634956359863 1.98452937603
		endloop
	endfacet
	facet normal 0.70710678118655 0.70710678118655 -0
		outer loop
			vertex 0.93527054786682 1.4904149770737 0
			vertex 0.93527054786682 1.4904149770737 0.19799999892712
			vertex 1.0313727855682 1.3943127393723 0
		endloop
	endfacet
	facet normal 0.70710678118655 0.70710678118655 0
		outer loop
			vertex 0.93527054786682 1.4904149770737 0.19799999892712
			vertex 1.0313727855682 1.3943127393723 0.19799999892712
			vertex 1.0313727855682 1.3943127393723 0
		endloop
	endfacet
	facet normal 0 0 -1
		outer loop
			vertex 0.92968076467514 1.49600481987 0.19799999892712
			vertex 0.95204001665115 1.4934868812561 0.19799999892712
			vertex 0.93527054786682 1.4904149770737 0.19799999892712
		endloop
	endfacet
	facet normal 0 0 -1
		outer loop
			vertex 0.93527054786682 1.4904149770737 0.19799999892712
			vertex 0.95204001665115 1.4934868812561 0.19799999892712
			vertex 1.0313727855682 1.3943127393723 0.19799999892712
		endloop
	endfacet
	facet normal 0 0 -1
		outer loop
			vertex 0.95204001665115 1.4934868812561 0.19799999892712
			vertex 0.95875692367554 1.5376168489456 0.19799999892712
			vertex 1.0599999427795 1.4603531360626 0.19799999892712
		endloop
	endfacet
	facet normal 0 0 -1
		outer loop
			vertex 0.95204001665115 1.4934868812561 0.19799999892712
			vertex 1.0532830953598 1.4162230491638 0.19799999892712
			vertex 1.0313727855682 1.3943127393723 0.19799999892712
		endloop
	endfacet
	facet normal 0 0 -1
		outer loop
			vertex 0.95204001665115 1.4934868812561 0.19799999892712
			vertex 1.0599999427795 1.4603531360626 0.19799999892712
			vertex 1.0532830953598 1.4162230491638 0.19799999892712
		endloop
	endfacet
	facet normal -0.70710678118655 -0.70710678118655 0
		outer loop
			vertex 0.9806672334671 1.5595271587372 0
			vertex 1.0886272192001 1.4515671730042 0.19799999892712
			vertex 0.9806672334671 1.5595271587372 0.19799999892712
		endloop
	endfacet
	facet normal 0 0 -1
		outer loop
			vertex 0.95875692367554 1.5376168489456 0.19799999892712
			vertex 0.9806672334671 1.5595271587372 0.19799999892712
			vertex 1.0599999427795 1.4603531360626 0.19799999892712
		endloop
	endfacet
	facet normal -0.70710678118655 -0.70710678118655 0
		outer loop
			vertex 0.9806672334671 1.5595271587372 0
			vertex 1.0886272192001 1.4515671730042 0
			vertex 1.0886272192001 1.4515671730042 0.19799999892712
		endloop
	endfacet
	facet normal 0 0 -1
		outer loop
			vertex 0.9806672334671 1.5595271587372 0.19799999892712
			vertex 1.0886272192001 1.4515671730042 0.19799999892712
			vertex 1.0599999427795 1.4603531360626 0.19799999892712
		endloop
	endfacet
	facet normal 0 1 0
		outer loop
			vertex 0.6449294090271 1.4904149770737 0
			vertex 0.6449294090271 1.4904149770737 0.19799999892712
			vertex 0.93527054786682 1.4904149770737 0
		endloop
	endfacet
	facet normal 0 -0 -1
		outer loop
			vertex 0.64873880147934 1.4942243099213 0.19799999892712
			vertex 0.93527054786682 1.4904149770737 0.19799999892712
			vertex 0.6449294090271 1.4904149770737 0.19799999892712
		endloop
	endfacet
	facet normal 0 0 -1
		outer loop
			vertex 0.63834172487259 1.5207183361053 0.19799999892712
			vertex 0.92968076467514 1.49600481987 0.19799999892712
			vertex 0.64873880147934 1.4942243099213 0.19799999892712
		endloop
	endfacet
	facet normal -0 1 0
		outer loop
			vertex 0.6449294090271 1.4904149770737 0.19799999892712
			vertex 0.93527054786682 1.4904149770737 0.19799999892712
			vertex 0.93527054786682 1.4904149770737 0
		endloop
	endfacet
	facet normal 0 0 -1
		outer loop
			vertex 0.64873880147934 1.4942243099213 0.19799999892712
			vertex 0.92968076467514 1.49600481987 0.19799999892712
			vertex 0.93527054786682 1.4904149770737 0.19799999892712
		endloop
	endfacet
	facet normal 0 -1 0
		outer loop
			vertex 0.62815999984741 1.5713850259781 0
			vertex 0.95204001665115 1.5713850259781 0.19799999892712
			vertex 0.62815999984741 1.5713850259781 0.19799999892712
		endloop
	endfacet
	facet normal 0 0 -1
		outer loop
			vertex 0.63834172487259 1.5207183361053 0.19799999892712
			vertex 0.62815999984741 1.5713850259781 0.19799999892712
			vertex 0.92968076467514 1.49600481987 0.19799999892712
		endloop
	endfacet
	facet normal 0 -1 0
		outer loop
			vertex 0.62815999984741 1.5713850259781 0
			vertex 0.95204001665115 1.5713850259781 0
			vertex 0.95204001665115 1.5713850259781 0.19799999892712
		endloop
	endfacet
	facet normal 0 0 -1
		outer loop
			vertex 0.62815999984741 1.5713850259781 0.19799999892712
			vertex 0.95204001665115 1.5713850259781 0.19799999892712
			vertex 0.92968076467514 1.49600481987 0.19799999892712
		endloop
	endfacet
	facet normal 0 0 -1
		outer loop
			vertex 0.92968076467514 1.49600481987 0.19799999892712
			vertex 0.95204001665115 1.5713850259781 0.19799999892712
			vertex 0.95204001665115 1.4934868812561 0.19799999892712
		endloop
	endfacet
	facet normal 0.70710668358824 -0.70710687878484 0
		outer loop
			vertex 0.49157276749611 1.4515671730042 0
			vertex 0.59953278303146 1.5595271587372 0.19799999892712
			vertex 0.49157276749611 1.4515671730042 0.19799999892712
		endloop
	endfacet
	facet normal -0.70710653104021 0.70710703133279 0
		outer loop
			vertex 0.56068497896194 1.4061706066132 0
			vertex 0.56068497896194 1.4061706066132 0.19799999892712
			vertex 0.6449294090271 1.4904149770737 0
		endloop
	endfacet
	facet normal -0.70710653104021 0.70710703133279 0
		outer loop
			vertex 0.56068497896194 1.4061706066132 0.19799999892712
			vertex 0.6449294090271 1.4904149770737 0.19799999892712
			vertex 0.6449294090271 1.4904149770737 0
		endloop
	endfacet
	facet normal 0 0 -1
		outer loop
			vertex 0.49157276749611 1.4515671730042 0.19799999892712
			vertex 0.55761313438416 1.4229400157928 0.19799999892712
			vertex 0.51410329341888 1.4290367364883 0.19799999892712
		endloop
	endfacet
	facet normal 0 0 -1
		outer loop
			vertex 0.56051748991013 1.4060029983521 0.19799999892712
			vertex 0.55761313438416 1.4229400157928 0.19799999892712
			vertex 0.56068497896194 1.4061706066132 0.19799999892712
		endloop
	endfacet
	facet normal 0 0 -1
		outer loop
			vertex 0.49157276749611 1.4515671730042 0.19799999892712
			vertex 0.59953278303146 1.5595271587372 0.19799999892712
			vertex 0.55761313438416 1.4229400157928 0.19799999892712
		endloop
	endfacet
	facet normal 0 0 -1
		outer loop
			vertex 0.56068497896194 1.4061706066132 0.19799999892712
			vertex 0.55761313438416 1.4229400157928 0.19799999892712
			vertex 0.6449294090271 1.4904149770737 0.19799999892712
		endloop
	endfacet
	facet normal 0 0 -1
		outer loop
			vertex 0.55761313438416 1.4229400157928 0.19799999892712
			vertex 0.59953278303146 1.5595271587372 0.19799999892712
			vertex 0.63834172487259 1.5207183361053 0.19799999892712
		endloop
	endfacet
	facet normal 0 0 -1
		outer loop
			vertex 0.55761313438416 1.4229400157928 0.19799999892712
			vertex 0.63834172487259 1.5207183361053 0.19799999892712
			vertex 0.6449294090271 1.4904149770737 0.19799999892712
		endloop
	endfacet
	facet normal 0 0 -1
		outer loop
			vertex 0.63834172487259 1.5207183361053 0.19799999892712
			vertex 0.64873880147934 1.4942243099213 0.19799999892712
			vertex 0.6449294090271 1.4904149770737 0.19799999892712
		endloop
	endfacet
	facet normal 0.70710668358824 -0.70710687878484 0
		outer loop
			vertex 0.49157276749611 1.4515671730042 0
			vertex 0.59953278303146 1.5595271587372 0
			vertex 0.59953278303146 1.5595271587372 0.19799999892712
		endloop
	endfacet
	facet normal 1 0 0
		outer loop
			vertex 0.47971498966217 1.0990600585938 0
			vertex 0.47971498966217 1.4229400157928 0.19799999892712
			vertex 0.47971498966217 1.0990600585938 0.19799999892712
		endloop
	endfacet
	facet normal 0 0 -1
		outer loop
			vertex 0.47971498966217 1.0990600585938 0.19799999892712
			vertex 0.48279672861099 1.4106130599976 0.19799999892712
			vertex 0.54809874296188 1.1269587278366 0.19799999892712
		endloop
	endfacet
	facet normal 1 0 0
		outer loop
			vertex 0.47971498966217 1.0990600585938 0
			vertex 0.47971498966217 1.4229400157928 0
			vertex 0.47971498966217 1.4229400157928 0.19799999892712
		endloop
	endfacet
	facet normal 0 0 -1
		outer loop
			vertex 0.47971498966217 1.0990600585938 0.19799999892712
			vertex 0.47971498966217 1.4229400157928 0.19799999892712
			vertex 0.48279672861099 1.4106130599976 0.19799999892712
		endloop
	endfacet
	facet normal 0 0 -1
		outer loop
			vertex 0.55509519577026 1.1214191913605 0.19799999892712
			vertex 0.48279672861099 1.4106130599976 0.19799999892712
			vertex 0.48587846755981 1.4229400157928 0.19799999892712
		endloop
	endfacet
	facet normal -1 0 0
		outer loop
			vertex 0.56068497896194 1.1158294677734 0
			vertex 0.56068497896194 1.1158294677734 0.19799999892712
			vertex 0.56068497896194 1.4061706066132 0
		endloop
	endfacet
	facet normal 0 0 -1
		outer loop
			vertex 0.47971498966217 1.0990600585938 0.19799999892712
			vertex 0.54809874296188 1.1269587278366 0.19799999892712
			vertex 0.52020001411438 1.0990600585938 0.19799999892712
		endloop
	endfacet
	facet normal 0 0 -1
		outer loop
			vertex 0.55509519577026 1.1214191913605 0.19799999892712
			vertex 0.54809874296188 1.1269587278366 0.19799999892712
			vertex 0.48279672861099 1.4106130599976 0.19799999892712
		endloop
	endfacet
	facet normal 0 0 -1
		outer loop
			vertex 0.55509519577026 1.1214191913605 0.19799999892712
			vertex 0.56068497896194 1.4061706066132 0.19799999892712
			vertex 0.56068497896194 1.1158294677734 0.19799999892712
		endloop
	endfacet
	facet normal -1 0 0
		outer loop
			vertex 0.56068497896194 1.1158294677734 0.19799999892712
			vertex 0.56068497896194 1.4061706066132 0.19799999892712
			vertex 0.56068497896194 1.4061706066132 0
		endloop
	endfacet
	facet normal 0 0 -1
		outer loop
			vertex 0.55509519577026 1.1214191913605 0.19799999892712
			vertex 0.48587846755981 1.4229400157928 0.19799999892712
			vertex 0.56051748991013 1.4060029983521 0.19799999892712
		endloop
	endfacet
	facet normal 0 0 -1
		outer loop
			vertex 0.55509519577026 1.1214191913605 0.19799999892712
			vertex 0.56051748991013 1.4060029983521 0.19799999892712
			vertex 0.56068497896194 1.4061706066132 0.19799999892712
		endloop
	endfacet
	facet normal 0 0 -1
		outer loop
			vertex 0.48587846755981 1.4229400157928 0.19799999892712
			vertex 0.55761313438416 1.4229400157928 0.19799999892712
			vertex 0.56051748991013 1.4060029983521 0.19799999892712
		endloop
	endfacet
	facet normal 0.70710668358824 0.70710687878484 -0
		outer loop
			vertex 0.49157276749611 1.0704327821732 0
			vertex 0.49157276749611 1.0704327821732 0.19799999892712
			vertex 0.59953278303146 0.96247279644012 0
		endloop
	endfacet
	facet normal 0.70710668358824 0.70710687878484 0
		outer loop
			vertex 0.49157276749611 1.0704327821732 0.19799999892712
			vertex 0.59953278303146 0.96247279644012 0.19799999892712
			vertex 0.59953278303146 0.96247279644012 0
		endloop
	endfacet
	facet normal -0.70710703133262 -0.70710653104039 0
		outer loop
			vertex 0.56068497896194 1.1158294677734 0
			vertex 0.6449294090271 1.0315849781036 0
			vertex 0.6449294090271 1.0315849781036 0.19799999892712
		endloop
	endfacet
	facet normal -0.70710703133262 -0.70710653104039 0
		outer loop
			vertex 0.56068497896194 1.1158294677734 0
			vertex 0.6449294090271 1.0315849781036 0.19799999892712
			vertex 0.56068497896194 1.1158294677734 0.19799999892712
		endloop
	endfacet
	facet normal 0 0 -1
		outer loop
			vertex 0.49157276749611 1.0704327821732 0.19799999892712
			vertex 0.52020001411438 1.0990600585938 0.19799999892712
			vertex 0.56068497896194 1.1158294677734 0.19799999892712
		endloop
	endfacet
	facet normal 0 0 -1
		outer loop
			vertex 0.49157276749611 1.0704327821732 0.19799999892712
			vertex 0.56068497896194 1.1158294677734 0.19799999892712
			vertex 0.59953278303146 0.96247279644012 0.19799999892712
		endloop
	endfacet
	facet normal 0 0 -1
		outer loop
			vertex 0.59953278303146 0.96247279644012 0.19799999892712
			vertex 0.56068497896194 1.1158294677734 0.19799999892712
			vertex 0.62144309282303 0.98438310623169 0.19799999892712
		endloop
	endfacet
	facet normal 0 0 -1
		outer loop
			vertex 0.62144309282303 0.98438310623169 0.19799999892712
			vertex 0.56068497896194 1.1158294677734 0.19799999892712
			vertex 0.62815999984741 1.0285130739212 0.19799999892712
		endloop
	endfacet
	facet normal 0 0 -1
		outer loop
			vertex 0.62815999984741 1.0285130739212 0.19799999892712
			vertex 0.56068497896194 1.1158294677734 0.19799999892712
			vertex 0.6288178563118 1.028311252594 0.19799999892712
		endloop
	endfacet
	facet normal 0 0 -1
		outer loop
			vertex 0.6288178563118 1.028311252594 0.19799999892712
			vertex 0.56068497896194 1.1158294677734 0.19799999892712
			vertex 0.6449294090271 1.0315849781036 0.19799999892712
		endloop
	endfacet
	facet normal 0 0 -1
		outer loop
			vertex 0.6288178563118 1.028311252594 0.19799999892712
			vertex 0.6449294090271 1.0315849781036 0.19799999892712
			vertex 0.65051925182343 1.0259951353073 0.19799999892712
		endloop
	endfacet
	facet normal 0 0 -1
		outer loop
			vertex 0.52020001411438 1.0990600585938 0.19799999892712
			vertex 0.54809874296188 1.1269587278366 0.19799999892712
			vertex 0.55509519577026 1.1214191913605 0.19799999892712
		endloop
	endfacet
	facet normal 0 0 -1
		outer loop
			vertex 0.52020001411438 1.0990600585938 0.19799999892712
			vertex 0.55509519577026 1.1214191913605 0.19799999892712
			vertex 0.56068497896194 1.1158294677734 0.19799999892712
		endloop
	endfacet
	facet normal 0 1 0
		outer loop
			vertex 0.62815999984741 0.95061498880386 0
			vertex 0.62815999984741 0.95061498880386 0.19799999892712
			vertex 0.95204001665115 0.95061498880386 0
		endloop
	endfacet
	facet normal 0 -1 0
		outer loop
			vertex 0.6449294090271 1.0315849781036 0
			vertex 0.93527054786682 1.0315849781036 0.19799999892712
			vertex 0.6449294090271 1.0315849781036 0.19799999892712
		endloop
	endfacet
	facet normal 0 0 -1
		outer loop
			vertex 0.6288178563118 1.028311252594 0.19799999892712
			vertex 0.65051925182343 1.0259951353073 0.19799999892712
			vertex 0.64365291595459 0.95448821783066 0.19799999892712
		endloop
	endfacet
	facet normal 0 0 -1
		outer loop
			vertex 0.62815999984741 0.95061498880386 0.19799999892712
			vertex 0.64365291595459 0.95448821783066 0.19799999892712
			vertex 0.95204001665115 0.95061498880386 0.19799999892712
		endloop
	endfacet
	facet normal 0 0 -1
		outer loop
			vertex 0.64365291595459 0.95448821783066 0.19799999892712
			vertex 0.65051925182343 1.0259951353073 0.19799999892712
			vertex 0.95204001665115 0.95061498880386 0.19799999892712
		endloop
	endfacet
	facet normal 0 0 -1
		outer loop
			vertex 0.6449294090271 1.0315849781036 0.19799999892712
			vertex 0.93527054786682 1.0315849781036 0.19799999892712
			vertex 0.65051925182343 1.0259951353073 0.19799999892712
		endloop
	endfacet
	facet normal -0 1 0
		outer loop
			vertex 0.62815999984741 0.95061498880386 0.19799999892712
			vertex 0.95204001665115 0.95061498880386 0.19799999892712
			vertex 0.95204001665115 0.95061498880386 0
		endloop
	endfacet
	facet normal 0 -1 0
		outer loop
			vertex 0.6449294090271 1.0315849781036 0
			vertex 0.93527054786682 1.0315849781036 0
			vertex 0.93527054786682 1.0315849781036 0.19799999892712
		endloop
	endfacet
	facet normal 0 0 -1
		outer loop
			vertex 0.65051925182343 1.0259951353073 0.19799999892712
			vertex 0.95204001665115 0.99110001325607 0.19799999892712
			vertex 0.95204001665115 0.95061498880386 0.19799999892712
		endloop
	endfacet
	facet normal 0 0 -1
		outer loop
			vertex 0.65051925182343 1.0259951353073 0.19799999892712
			vertex 0.93527054786682 1.0315849781036 0.19799999892712
			vertex 0.95204001665115 0.99110001325607 0.19799999892712
		endloop
	endfacet
	facet normal -0.70710678118655 0.70710678118655 0
		outer loop
			vertex 0.9806672334671 0.96247279644012 0
			vertex 0.9806672334671 0.96247279644012 0.19799999892712
			vertex 1.0886272192001 1.0704327821732 0
		endloop
	endfacet
	facet normal 0.70710678118655 -0.70710678118655 0
		outer loop
			vertex 0.93527054786682 1.0315849781036 0
			vertex 1.0313727855682 1.1276872158051 0.19799999892712
			vertex 0.93527054786682 1.0315849781036 0.19799999892712
		endloop
	endfacet
	facet normal 0 0 -1
		outer loop
			vertex 0.95204001665115 0.99110001325607 0.19799999892712
			vertex 1.0313727855682 1.1276872158051 0.19799999892712
			vertex 0.9806672334671 0.96247279644012 0.19799999892712
		endloop
	endfacet
	facet normal 0 0 -1
		outer loop
			vertex 0.95204001665115 0.99110001325607 0.19799999892712
			vertex 0.93527054786682 1.0315849781036 0.19799999892712
			vertex 1.0313727855682 1.1276872158051 0.19799999892712
		endloop
	endfacet
	facet normal 0.70710678118655 -0.70710678118655 0
		outer loop
			vertex 0.93527054786682 1.0315849781036 0
			vertex 1.0313727855682 1.1276872158051 0
			vertex 1.0313727855682 1.1276872158051 0.19799999892712
		endloop
	endfacet
	facet normal -0.70710678118655 0.70710678118655 0
		outer loop
			vertex 0.9806672334671 0.96247279644012 0.19799999892712
			vertex 1.0886272192001 1.0704327821732 0.19799999892712
			vertex 1.0886272192001 1.0704327821732 0
		endloop
	endfacet
	facet normal 0 0 -1
		outer loop
			vertex 0.9806672334671 0.96247279644012 0.19799999892712
			vertex 1.0313727855682 1.1276872158051 0.19799999892712
			vertex 1.0886272192001 1.0704327821732 0.19799999892712
		endloop
	endfacet
	facet normal 0.55556717584489 0.83147165503325 -0
		outer loop
			vertex 1.0313727855682 1.3943127393723 0
			vertex 1.0313727855682 1.3943127393723 0.19799999892712
			vertex 1.0445070266724 1.3855367898941 0
		endloop
	endfacet
	facet normal 0.1950943370645 0.98078448175191 -0
		outer loop
			vertex 1.0445070266724 1.3855367898941 0
			vertex 1.0445070266724 1.3855367898941 0.19799999892712
			vertex 1.0599999427795 1.3824549913406 0
		endloop
	endfacet
	facet normal -0.19509289306975 0.98078476898537 0
		outer loop
			vertex 1.0599999427795 1.3824549913406 0
			vertex 1.0599999427795 1.3824549913406 0.19799999892712
			vertex 1.075492978096 1.3855367898941 0
		endloop
	endfacet
	facet normal -0.55556717584489 0.83147165503325 0
		outer loop
			vertex 1.0886272192001 1.3943127393723 0
			vertex 1.075492978096 1.3855367898941 0
			vertex 1.075492978096 1.3855367898941 0.19799999892712
		endloop
	endfacet
	facet normal 0.55556717584489 0.83147165503325 -0
		outer loop
			vertex 1.0445070266724 1.3855367898941 0
			vertex 1.0313727855682 1.3943127393723 0.19799999892712
			vertex 1.0445070266724 1.3855367898941 0.19799999892712
		endloop
	endfacet
	facet normal 0.1950943370645 0.98078448175191 -0
		outer loop
			vertex 1.0599999427795 1.3824549913406 0
			vertex 1.0445070266724 1.3855367898941 0.19799999892712
			vertex 1.0599999427795 1.3824549913406 0.19799999892712
		endloop
	endfacet
	facet normal -0.19509289306975 0.98078476898537 0
		outer loop
			vertex 1.075492978096 1.3855367898941 0
			vertex 1.0599999427795 1.3824549913406 0.19799999892712
			vertex 1.075492978096 1.3855367898941 0.19799999892712
		endloop
	endfacet
	facet normal -0.55556717584489 0.83147165503325 0
		outer loop
			vertex 1.0886272192001 1.3943127393723 0
			vertex 1.075492978096 1.3855367898941 0.19799999892712
			vertex 1.0886272192001 1.3943127393723 0.19799999892712
		endloop
	endfacet
	facet normal -0.83147049827122 0.55556890707149 0
		outer loop
			vertex 1.0886272192001 1.3943127393723 0
			vertex 1.0886272192001 1.3943127393723 0.19799999892712
			vertex 1.0974032878876 1.4074470996857 0
		endloop
	endfacet
	facet normal -0.83147049827122 0.55556890707149 0
		outer loop
			vertex 1.0974032878876 1.4074470996857 0
			vertex 1.0886272192001 1.3943127393723 0.19799999892712
			vertex 1.0974032878876 1.4074470996857 0.19799999892712
		endloop
	endfacet
	facet normal -0.9807859257324 0.19508707769927 0
		outer loop
			vertex 1.0974032878876 1.4074470996857 0
			vertex 1.0974032878876 1.4074470996857 0.19799999892712
			vertex 1.1004849672318 1.4229400157928 0
		endloop
	endfacet
	facet normal -0.9807859257324 -0.19508707769927 0
		outer loop
			vertex 1.1004849672318 1.4229400157928 0
			vertex 1.1004849672318 1.4229400157928 0.19799999892712
			vertex 1.0974032878876 1.4384329319 0
		endloop
	endfacet
	facet normal -0.83146816895758 -0.55557239313192 0
		outer loop
			vertex 1.0886272192001 1.4515671730042 0
			vertex 1.0974032878876 1.4384329319 0
			vertex 1.0974032878876 1.4384329319 0.19799999892712
		endloop
	endfacet
	facet normal -0.9807859257324 0.19508707769927 0
		outer loop
			vertex 1.0974032878876 1.4074470996857 0.19799999892712
			vertex 1.1004849672318 1.4229400157928 0.19799999892712
			vertex 1.1004849672318 1.4229400157928 0
		endloop
	endfacet
	facet normal -0.9807859257324 -0.19508707769927 0
		outer loop
			vertex 1.0974032878876 1.4384329319 0
			vertex 1.1004849672318 1.4229400157928 0.19799999892712
			vertex 1.0974032878876 1.4384329319 0.19799999892712
		endloop
	endfacet
	facet normal -0.83146816895758 -0.55557239313192 0
		outer loop
			vertex 1.0886272192001 1.4515671730042 0
			vertex 1.0974032878876 1.4384329319 0.19799999892712
			vertex 1.0886272192001 1.4515671730042 0.19799999892712
		endloop
	endfacet
	facet normal 0 0 -1
		outer loop
			vertex 1.0313727855682 1.3943127393723 0.19799999892712
			vertex 1.0532830953598 1.4162230491638 0.19799999892712
			vertex 1.0445070266724 1.3855367898941 0.19799999892712
		endloop
	endfacet
	facet normal 0 0 -1
		outer loop
			vertex 1.0445070266724 1.3855367898941 0.19799999892712
			vertex 1.0532830953598 1.4162230491638 0.19799999892712
			vertex 1.0599999427795 1.3824549913406 0.19799999892712
		endloop
	endfacet
	facet normal 0 0 -1
		outer loop
			vertex 1.0599999427795 1.3824549913406 0.19799999892712
			vertex 1.0599999427795 1.4603531360626 0.19799999892712
			vertex 1.075492978096 1.3855367898941 0.19799999892712
		endloop
	endfacet
	facet normal 0 0 -1
		outer loop
			vertex 1.0532830953598 1.4162230491638 0.19799999892712
			vertex 1.0599999427795 1.4603531360626 0.19799999892712
			vertex 1.0599999427795 1.3824549913406 0.19799999892712
		endloop
	endfacet
	facet normal -0 0 -1
		outer loop
			vertex 1.0886272192001 1.3943127393723 0.19799999892712
			vertex 1.075492978096 1.3855367898941 0.19799999892712
			vertex 1.0886272192001 1.4515671730042 0.19799999892712
		endloop
	endfacet
	facet normal 0 0 -1
		outer loop
			vertex 1.075492978096 1.3855367898941 0.19799999892712
			vertex 1.0599999427795 1.4603531360626 0.19799999892712
			vertex 1.0886272192001 1.4515671730042 0.19799999892712
		endloop
	endfacet
	facet normal 0 0 -1
		outer loop
			vertex 1.0886272192001 1.3943127393723 0.19799999892712
			vertex 1.0886272192001 1.4515671730042 0.19799999892712
			vertex 1.0974032878876 1.4074470996857 0.19799999892712
		endloop
	endfacet
	facet normal 0 0 -1
		outer loop
			vertex 1.0974032878876 1.4074470996857 0.19799999892712
			vertex 1.0886272192001 1.4515671730042 0.19799999892712
			vertex 1.0974032878876 1.4384329319 0.19799999892712
		endloop
	endfacet
	facet normal 0 0 -1
		outer loop
			vertex 1.0974032878876 1.4074470996857 0.19799999892712
			vertex 1.0974032878876 1.4384329319 0.19799999892712
			vertex 1.1004849672318 1.4229400157928 0.19799999892712
		endloop
	endfacet
	facet normal -0.1950943370645 -0.98078448175191 0
		outer loop
			vertex 0.95204001665115 1.5713850259781 0
			vertex 0.96753293275833 1.5683032274246 0.19799999892712
			vertex 0.95204001665115 1.5713850259781 0.19799999892712
		endloop
	endfacet
	facet normal -0.55557065009745 -0.83146933361988 0
		outer loop
			vertex 0.96753293275833 1.5683032274246 0
			vertex 0.9806672334671 1.5595271587372 0
			vertex 0.9806672334671 1.5595271587372 0.19799999892712
		endloop
	endfacet
	facet normal -0.1950943370645 -0.98078448175191 0
		outer loop
			vertex 0.95204001665115 1.5713850259781 0
			vertex 0.96753293275833 1.5683032274246 0
			vertex 0.96753293275833 1.5683032274246 0.19799999892712
		endloop
	endfacet
	facet normal -0.55557065009745 -0.83146933361988 0
		outer loop
			vertex 0.96753293275833 1.5683032274246 0
			vertex 0.9806672334671 1.5595271587372 0.19799999892712
			vertex 0.96753293275833 1.5683032274246 0.19799999892712
		endloop
	endfacet
	facet normal 0 0 -1
		outer loop
			vertex 0.95204001665115 1.4934868812561 0.19799999892712
			vertex 0.95204001665115 1.5713850259781 0.19799999892712
			vertex 0.95875692367554 1.5376168489456 0.19799999892712
		endloop
	endfacet
	facet normal 0 0 -1
		outer loop
			vertex 0.95875692367554 1.5376168489456 0.19799999892712
			vertex 0.95204001665115 1.5713850259781 0.19799999892712
			vertex 0.96753293275833 1.5683032274246 0.19799999892712
		endloop
	endfacet
	facet normal 0 0 -1
		outer loop
			vertex 0.95875692367554 1.5376168489456 0.19799999892712
			vertex 0.96753293275833 1.5683032274246 0.19799999892712
			vertex 0.9806672334671 1.5595271587372 0.19799999892712
		endloop
	endfacet
	facet normal 0.55557065009745 -0.83146933361988 0
		outer loop
			vertex 0.59953278303146 1.5595271587372 0
			vertex 0.61266708374023 1.5683032274246 0
			vertex 0.61266708374023 1.5683032274246 0.19799999892712
		endloop
	endfacet
	facet normal 0.1950943370645 -0.98078448175191 0
		outer loop
			vertex 0.61266708374023 1.5683032274246 0
			vertex 0.62815999984741 1.5713850259781 0
			vertex 0.62815999984741 1.5713850259781 0.19799999892712
		endloop
	endfacet
	facet normal 0.55557065009745 -0.83146933361988 0
		outer loop
			vertex 0.59953278303146 1.5595271587372 0
			vertex 0.61266708374023 1.5683032274246 0.19799999892712
			vertex 0.59953278303146 1.5595271587372 0.19799999892712
		endloop
	endfacet
	facet normal 0.1950943370645 -0.98078448175191 0
		outer loop
			vertex 0.61266708374023 1.5683032274246 0
			vertex 0.62815999984741 1.5713850259781 0.19799999892712
			vertex 0.61266708374023 1.5683032274246 0.19799999892712
		endloop
	endfacet
	facet normal 0 0 -1
		outer loop
			vertex 0.59953278303146 1.5595271587372 0.19799999892712
			vertex 0.62815999984741 1.5713850259781 0.19799999892712
			vertex 0.63834172487259 1.5207183361053 0.19799999892712
		endloop
	endfacet
	facet normal 0 0 -1
		outer loop
			vertex 0.59953278303146 1.5595271587372 0.19799999892712
			vertex 0.61266708374023 1.5683032274246 0.19799999892712
			vertex 0.62815999984741 1.5713850259781 0.19799999892712
		endloop
	endfacet
	facet normal 0.98078520374834 -0.19509070738589 0
		outer loop
			vertex 0.47971498966217 1.4229400157928 0
			vertex 0.48279672861099 1.4384329319 0
			vertex 0.48279672861099 1.4384329319 0.19799999892712
		endloop
	endfacet
	facet normal 0.83146904047683 -0.55557108881631 0
		outer loop
			vertex 0.49157276749611 1.4515671730042 0
			vertex 0.49157276749611 1.4515671730042 0.19799999892712
			vertex 0.48279672861099 1.4384329319 0
		endloop
	endfacet
	facet normal 0.98078520374834 -0.19509070738589 0
		outer loop
			vertex 0.47971498966217 1.4229400157928 0
			vertex 0.48279672861099 1.4384329319 0.19799999892712
			vertex 0.47971498966217 1.4229400157928 0.19799999892712
		endloop
	endfacet
	facet normal 0.83146904047683 -0.55557108881631 0
		outer loop
			vertex 0.48279672861099 1.4384329319 0
			vertex 0.49157276749611 1.4515671730042 0.19799999892712
			vertex 0.48279672861099 1.4384329319 0.19799999892712
		endloop
	endfacet
	facet normal 0 0 -1
		outer loop
			vertex 0.48279672861099 1.4106130599976 0.19799999892712
			vertex 0.47971498966217 1.4229400157928 0.19799999892712
			vertex 0.48279672861099 1.4384329319 0.19799999892712
		endloop
	endfacet
	facet normal 0 0 -1
		outer loop
			vertex 0.48279672861099 1.4106130599976 0.19799999892712
			vertex 0.48279672861099 1.4384329319 0.19799999892712
			vertex 0.48587846755981 1.4229400157928 0.19799999892712
		endloop
	endfacet
	facet normal 0 0 -1
		outer loop
			vertex 0.48587846755981 1.4229400157928 0.19799999892712
			vertex 0.48279672861099 1.4384329319 0.19799999892712
			vertex 0.49157276749611 1.4515671730042 0.19799999892712
		endloop
	endfacet
	facet normal 0 0 -1
		outer loop
			vertex 0.48587846755981 1.4229400157928 0.19799999892712
			vertex 0.49157276749611 1.4515671730042 0.19799999892712
			vertex 0.51410329341888 1.4290367364883 0.19799999892712
		endloop
	endfacet
	facet normal 0 0 -1
		outer loop
			vertex 0.48587846755981 1.4229400157928 0.19799999892712
			vertex 0.51410329341888 1.4290367364883 0.19799999892712
			vertex 0.55761313438416 1.4229400157928 0.19799999892712
		endloop
	endfacet
	facet normal 0.83146904047683 0.55557108881631 -0
		outer loop
			vertex 0.48279672861099 1.0835670232773 0
			vertex 0.48279672861099 1.0835670232773 0.19799999892712
			vertex 0.49157276749611 1.0704327821732 0
		endloop
	endfacet
	facet normal 0.98078549097132 0.19508926341588 -0
		outer loop
			vertex 0.47971498966217 1.0990600585938 0
			vertex 0.47971498966217 1.0990600585938 0.19799999892712
			vertex 0.48279672861099 1.0835670232773 0
		endloop
	endfacet
	facet normal 0.83146904047683 0.55557108881631 -0
		outer loop
			vertex 0.49157276749611 1.0704327821732 0
			vertex 0.48279672861099 1.0835670232773 0.19799999892712
			vertex 0.49157276749611 1.0704327821732 0.19799999892712
		endloop
	endfacet
	facet normal 0.98078549097132 0.19508926341588 -0
		outer loop
			vertex 0.48279672861099 1.0835670232773 0
			vertex 0.47971498966217 1.0990600585938 0.19799999892712
			vertex 0.48279672861099 1.0835670232773 0.19799999892712
		endloop
	endfacet
	facet normal 0 0 -1
		outer loop
			vertex 0.47971498966217 1.0990600585938 0.19799999892712
			vertex 0.49157276749611 1.0704327821732 0.19799999892712
			vertex 0.48279672861099 1.0835670232773 0.19799999892712
		endloop
	endfacet
	facet normal 0 0 -1
		outer loop
			vertex 0.47971498966217 1.0990600585938 0.19799999892712
			vertex 0.52020001411438 1.0990600585938 0.19799999892712
			vertex 0.49157276749611 1.0704327821732 0.19799999892712
		endloop
	endfacet
	facet normal 0.55557065009745 0.83146933361988 -0
		outer loop
			vertex 0.59953278303146 0.96247279644012 0
			vertex 0.59953278303146 0.96247279644012 0.19799999892712
			vertex 0.61266708374023 0.95369672775269 0
		endloop
	endfacet
	facet normal 0.19509070738589 0.98078520374834 -0
		outer loop
			vertex 0.61266708374023 0.95369672775269 0
			vertex 0.61266708374023 0.95369672775269 0.19799999892712
			vertex 0.62815999984741 0.95061498880386 0
		endloop
	endfacet
	facet normal 0.55557065009745 0.83146933361988 -0
		outer loop
			vertex 0.61266708374023 0.95369672775269 0
			vertex 0.59953278303146 0.96247279644012 0.19799999892712
			vertex 0.61266708374023 0.95369672775269 0.19799999892712
		endloop
	endfacet
	facet normal 0.19509070738589 0.98078520374834 -0
		outer loop
			vertex 0.62815999984741 0.95061498880386 0
			vertex 0.61266708374023 0.95369672775269 0.19799999892712
			vertex 0.62815999984741 0.95061498880386 0.19799999892712
		endloop
	endfacet
	facet normal 0 0 -1
		outer loop
			vertex 0.61266708374023 0.95369672775269 0.19799999892712
			vertex 0.62144309282303 0.98438310623169 0.19799999892712
			vertex 0.62815999984741 0.95061498880386 0.19799999892712
		endloop
	endfacet
	facet normal 0 0 -1
		outer loop
			vertex 0.59953278303146 0.96247279644012 0.19799999892712
			vertex 0.62144309282303 0.98438310623169 0.19799999892712
			vertex 0.61266708374023 0.95369672775269 0.19799999892712
		endloop
	endfacet
	facet normal 0 0 -1
		outer loop
			vertex 0.62815999984741 0.95061498880386 0.19799999892712
			vertex 0.62815999984741 1.0285130739212 0.19799999892712
			vertex 0.64365291595459 0.95448821783066 0.19799999892712
		endloop
	endfacet
	facet normal 0 0 -1
		outer loop
			vertex 0.62144309282303 0.98438310623169 0.19799999892712
			vertex 0.62815999984741 1.0285130739212 0.19799999892712
			vertex 0.62815999984741 0.95061498880386 0.19799999892712
		endloop
	endfacet
	facet normal 0 0 -1
		outer loop
			vertex 0.62815999984741 1.0285130739212 0.19799999892712
			vertex 0.6288178563118 1.028311252594 0.19799999892712
			vertex 0.64365291595459 0.95448821783066 0.19799999892712
		endloop
	endfacet
	facet normal -0.19509070738589 0.98078520374834 0
		outer loop
			vertex 0.95204001665115 0.95061498880386 0
			vertex 0.95204001665115 0.95061498880386 0.19799999892712
			vertex 0.96753293275833 0.95369672775269 0
		endloop
	endfacet
	facet normal -0.55557065009745 0.83146933361988 0
		outer loop
			vertex 0.96753293275833 0.95369672775269 0
			vertex 0.96753293275833 0.95369672775269 0.19799999892712
			vertex 0.9806672334671 0.96247279644012 0
		endloop
	endfacet
	facet normal -0.55557065009745 0.83146933361988 0
		outer loop
			vertex 0.9806672334671 0.96247279644012 0
			vertex 0.96753293275833 0.95369672775269 0.19799999892712
			vertex 0.9806672334671 0.96247279644012 0.19799999892712
		endloop
	endfacet
	facet normal -0.19509070738589 0.98078520374834 0
		outer loop
			vertex 0.96753293275833 0.95369672775269 0
			vertex 0.95204001665115 0.95061498880386 0.19799999892712
			vertex 0.96753293275833 0.95369672775269 0.19799999892712
		endloop
	endfacet
	facet normal 0 0 -1
		outer loop
			vertex 0.95204001665115 0.95061498880386 0.19799999892712
			vertex 0.9806672334671 0.96247279644012 0.19799999892712
			vertex 0.96753293275833 0.95369672775269 0.19799999892712
		endloop
	endfacet
	facet normal 0 0 -1
		outer loop
			vertex 0.95204001665115 0.95061498880386 0.19799999892712
			vertex 0.95204001665115 0.99110001325607 0.19799999892712
			vertex 0.9806672334671 0.96247279644012 0.19799999892712
		endloop
	endfacet
	facet normal -0.83146816895758 0.55557239313192 0
		outer loop
			vertex 1.0886272192001 1.0704327821732 0
			vertex 1.0886272192001 1.0704327821732 0.19799999892712
			vertex 1.0974032878876 1.0835670232773 0
		endloop
	endfacet
	facet normal -0.9807862129449 0.195085633754 0
		outer loop
			vertex 1.0974032878876 1.0835670232773 0
			vertex 1.0974032878876 1.0835670232773 0.19799999892712
			vertex 1.1004849672318 1.0990600585938 0
		endloop
	endfacet
	facet normal -0.83146816895758 0.55557239313192 0
		outer loop
			vertex 1.0974032878876 1.0835670232773 0
			vertex 1.0886272192001 1.0704327821732 0.19799999892712
			vertex 1.0974032878876 1.0835670232773 0.19799999892712
		endloop
	endfacet
	facet normal -0.9807862129449 0.195085633754 0
		outer loop
			vertex 1.1004849672318 1.0990600585938 0
			vertex 1.0974032878876 1.0835670232773 0.19799999892712
			vertex 1.1004849672318 1.0990600585938 0.19799999892712
		endloop
	endfacet
	facet normal 0 0 -1
		outer loop
			vertex 1.0886272192001 1.0704327821732 0.19799999892712
			vertex 1.0886272192001 1.1276872158051 0.19799999892712
			vertex 1.0974032878876 1.0835670232773 0.19799999892712
		endloop
	endfacet
	facet normal 0.55557239313192 -0.83146816895758 0
		outer loop
			vertex 1.0313727855682 1.1276872158051 0
			vertex 1.0445070266724 1.1364632844925 0
			vertex 1.0445070266724 1.1364632844925 0.19799999892712
		endloop
	endfacet
	facet normal 0.19508707769927 -0.9807859257324 0
		outer loop
			vertex 1.0445070266724 1.1364632844925 0
			vertex 1.0599999427795 1.1395449638367 0
			vertex 1.0599999427795 1.1395449638367 0.19799999892712
		endloop
	endfacet
	facet normal -0.195085633754 -0.9807862129449 0
		outer loop
			vertex 1.0599999427795 1.1395449638367 0
			vertex 1.075492978096 1.1364632844925 0
			vertex 1.075492978096 1.1364632844925 0.19799999892712
		endloop
	endfacet
	facet normal -0.55557239313192 -0.83146816895758 0
		outer loop
			vertex 1.075492978096 1.1364632844925 0
			vertex 1.0886272192001 1.1276872158051 0
			vertex 1.0886272192001 1.1276872158051 0.19799999892712
		endloop
	endfacet
	facet normal 0.55557239313192 -0.83146816895758 0
		outer loop
			vertex 1.0313727855682 1.1276872158051 0
			vertex 1.0445070266724 1.1364632844925 0.19799999892712
			vertex 1.0313727855682 1.1276872158051 0.19799999892712
		endloop
	endfacet
	facet normal 0.19508707769927 -0.9807859257324 0
		outer loop
			vertex 1.0445070266724 1.1364632844925 0
			vertex 1.0599999427795 1.1395449638367 0.19799999892712
			vertex 1.0445070266724 1.1364632844925 0.19799999892712
		endloop
	endfacet
	facet normal -0.195085633754 -0.9807862129449 0
		outer loop
			vertex 1.0599999427795 1.1395449638367 0
			vertex 1.075492978096 1.1364632844925 0.19799999892712
			vertex 1.0599999427795 1.1395449638367 0.19799999892712
		endloop
	endfacet
	facet normal -0.55557239313192 -0.83146816895758 0
		outer loop
			vertex 1.075492978096 1.1364632844925 0
			vertex 1.0886272192001 1.1276872158051 0.19799999892712
			vertex 1.075492978096 1.1364632844925 0.19799999892712
		endloop
	endfacet
	facet normal -0.83146816895758 -0.55557239313192 0
		outer loop
			vertex 1.0886272192001 1.1276872158051 0
			vertex 1.0974032878876 1.1145529747009 0
			vertex 1.0974032878876 1.1145529747009 0.19799999892712
		endloop
	endfacet
	facet normal -0.9807859257324 -0.19508707769927 0
		outer loop
			vertex 1.1004849672318 1.0990600585938 0
			vertex 1.1004849672318 1.0990600585938 0.19799999892712
			vertex 1.0974032878876 1.1145529747009 0
		endloop
	endfacet
	facet normal -0.9807859257324 -0.19508707769927 0
		outer loop
			vertex 1.1004849672318 1.0990600585938 0.19799999892712
			vertex 1.0974032878876 1.1145529747009 0.19799999892712
			vertex 1.0974032878876 1.1145529747009 0
		endloop
	endfacet
	facet normal -0.83146816895758 -0.55557239313192 0
		outer loop
			vertex 1.0886272192001 1.1276872158051 0
			vertex 1.0974032878876 1.1145529747009 0.19799999892712
			vertex 1.0886272192001 1.1276872158051 0.19799999892712
		endloop
	endfacet
	facet normal 0 0 -1
		outer loop
			vertex 1.0313727855682 1.1276872158051 0.19799999892712
			vertex 1.0445070266724 1.1364632844925 0.19799999892712
			vertex 1.0599999427795 1.1395449638367 0.19799999892712
		endloop
	endfacet
	facet normal 0 0 -1
		outer loop
			vertex 1.0313727855682 1.1276872158051 0.19799999892712
			vertex 1.0599999427795 1.1395449638367 0.19799999892712
			vertex 1.075492978096 1.1364632844925 0.19799999892712
		endloop
	endfacet
	facet normal 0 0 -1
		outer loop
			vertex 1.0886272192001 1.0704327821732 0.19799999892712
			vertex 1.0313727855682 1.1276872158051 0.19799999892712
			vertex 1.075492978096 1.1364632844925 0.19799999892712
		endloop
	endfacet
	facet normal 0 0 -1
		outer loop
			vertex 1.0886272192001 1.0704327821732 0.19799999892712
			vertex 1.075492978096 1.1364632844925 0.19799999892712
			vertex 1.0886272192001 1.1276872158051 0.19799999892712
		endloop
	endfacet
	facet normal 0 0 -1
		outer loop
			vertex 1.0974032878876 1.0835670232773 0.19799999892712
			vertex 1.0974032878876 1.1145529747009 0.19799999892712
			vertex 1.1004849672318 1.0990600585938 0.19799999892712
		endloop
	endfacet
	facet normal 0 0 -1
		outer loop
			vertex 1.0974032878876 1.0835670232773 0.19799999892712
			vertex 1.0886272192001 1.1276872158051 0.19799999892712
			vertex 1.0974032878876 1.1145529747009 0.19799999892712
		endloop
	endfacet
	facet normal 0.70710678118655 -0.70710678118655 0
		outer loop
			vertex 1.5830305814743 1.0315849781036 0
			vertex 1.6791328191757 1.1276872158051 0.19799999892712
			vertex 1.5830305814743 1.0315849781036 0.19799999892712
		endloop
	endfacet
	facet normal -0.70710678118655 0.70710678118655 0
		outer loop
			vertex 1.6284272670746 0.96247279644012 0
			vertex 1.6284272670746 0.96247279644012 0.19799999892712
			vertex 1.7363872528076 1.0704327821732 0.19799999892712
		endloop
	endfacet
	facet normal 0 0 -1
		outer loop
			vertex 1.599799990654 0.99110001325607 0.19799999892712
			vertex 1.5830305814743 1.0315849781036 0.19799999892712
			vertex 1.6791328191757 1.1276872158051 0.19799999892712
		endloop
	endfacet
	facet normal 0 0 -1
		outer loop
			vertex 1.599799990654 0.99110001325607 0.19799999892712
			vertex 1.6791328191757 1.1276872158051 0.19799999892712
			vertex 1.6284272670746 0.96247279644012 0.19799999892712
		endloop
	endfacet
	facet normal -0.70710678118655 0.70710678118655 0
		outer loop
			vertex 1.6284272670746 0.96247279644012 0
			vertex 1.7363872528076 1.0704327821732 0.19799999892712
			vertex 1.7363872528076 1.0704327821732 0
		endloop
	endfacet
	facet normal 0 0 -1
		outer loop
			vertex 1.6284272670746 0.96247279644012 0.19799999892712
			vertex 1.6791328191757 1.1276872158051 0.19799999892712
			vertex 1.7363872528076 1.0704327821732 0.19799999892712
		endloop
	endfacet
	facet normal 0.70710678118655 -0.70710678118655 0
		outer loop
			vertex 1.5830305814743 1.0315849781036 0
			vertex 1.6791328191757 1.1276872158051 0
			vertex 1.6791328191757 1.1276872158051 0.19799999892712
		endloop
	endfacet
	facet normal 0 1 0
		outer loop
			vertex 1.2759200334549 0.95061498880386 0
			vertex 1.2759200334549 0.95061498880386 0.19799999892712
			vertex 1.599799990654 0.95061498880386 0
		endloop
	endfacet
	facet normal 0 -1 0
		outer loop
			vertex 1.2926894426346 1.0315849781036 0
			vertex 1.5830305814743 1.0315849781036 0.19799999892712
			vertex 1.2926894426346 1.0315849781036 0.19799999892712
		endloop
	endfacet
	facet normal 0 0 -1
		outer loop
			vertex 1.2765778303146 1.028311252594 0.19799999892712
			vertex 1.2982792854309 1.0259951353073 0.19799999892712
			vertex 1.2914129495621 0.95448821783066 0.19799999892712
		endloop
	endfacet
	facet normal 0 0 -1
		outer loop
			vertex 1.2759200334549 0.95061498880386 0.19799999892712
			vertex 1.2914129495621 0.95448821783066 0.19799999892712
			vertex 1.599799990654 0.95061498880386 0.19799999892712
		endloop
	endfacet
	facet normal 0 0 -1
		outer loop
			vertex 1.2914129495621 0.95448821783066 0.19799999892712
			vertex 1.2982792854309 1.0259951353073 0.19799999892712
			vertex 1.599799990654 0.95061498880386 0.19799999892712
		endloop
	endfacet
	facet normal 0 0 -1
		outer loop
			vertex 1.2926894426346 1.0315849781036 0.19799999892712
			vertex 1.5830305814743 1.0315849781036 0.19799999892712
			vertex 1.2982792854309 1.0259951353073 0.19799999892712
		endloop
	endfacet
	facet normal -0 1 0
		outer loop
			vertex 1.2759200334549 0.95061498880386 0.19799999892712
			vertex 1.599799990654 0.95061498880386 0.19799999892712
			vertex 1.599799990654 0.95061498880386 0
		endloop
	endfacet
	facet normal 0 -1 0
		outer loop
			vertex 1.2926894426346 1.0315849781036 0
			vertex 1.5830305814743 1.0315849781036 0
			vertex 1.5830305814743 1.0315849781036 0.19799999892712
		endloop
	endfacet
	facet normal 0 0 -1
		outer loop
			vertex 1.2982792854309 1.0259951353073 0.19799999892712
			vertex 1.599799990654 0.99110001325607 0.19799999892712
			vertex 1.599799990654 0.95061498880386 0.19799999892712
		endloop
	endfacet
	facet normal 0 0 -1
		outer loop
			vertex 1.2982792854309 1.0259951353073 0.19799999892712
			vertex 1.5830305814743 1.0315849781036 0.19799999892712
			vertex 1.599799990654 0.99110001325607 0.19799999892712
		endloop
	endfacet
	facet normal 0.70710678118655 0.70710678118655 -0
		outer loop
			vertex 1.1393327713013 1.0704327821732 0
			vertex 1.1393327713013 1.0704327821732 0.19799999892712
			vertex 1.2472927570343 0.96247279644012 0
		endloop
	endfacet
	facet normal 0.70710678118655 0.70710678118655 0
		outer loop
			vertex 1.1393327713013 1.0704327821732 0.19799999892712
			vertex 1.2472927570343 0.96247279644012 0.19799999892712
			vertex 1.2472927570343 0.96247279644012 0
		endloop
	endfacet
	facet normal -0.70710678118655 -0.70710678118655 0
		outer loop
			vertex 1.2084449529648 1.1158294677734 0
			vertex 1.2926894426346 1.0315849781036 0
			vertex 1.2926894426346 1.0315849781036 0.19799999892712
		endloop
	endfacet
	facet normal -0.70710678118655 -0.70710678118655 0
		outer loop
			vertex 1.2084449529648 1.1158294677734 0
			vertex 1.2926894426346 1.0315849781036 0.19799999892712
			vertex 1.2084449529648 1.1158294677734 0.19799999892712
		endloop
	endfacet
	facet normal 0 0 -1
		outer loop
			vertex 1.1393327713013 1.0704327821732 0.19799999892712
			vertex 1.1679600477219 1.0990600585938 0.19799999892712
			vertex 1.2084449529648 1.1158294677734 0.19799999892712
		endloop
	endfacet
	facet normal 0 0 -1
		outer loop
			vertex 1.1393327713013 1.0704327821732 0.19799999892712
			vertex 1.2084449529648 1.1158294677734 0.19799999892712
			vertex 1.2472927570343 0.96247279644012 0.19799999892712
		endloop
	endfacet
	facet normal 0 0 -1
		outer loop
			vertex 1.2472927570343 0.96247279644012 0.19799999892712
			vertex 1.2084449529648 1.1158294677734 0.19799999892712
			vertex 1.2692030668259 0.98438310623169 0.19799999892712
		endloop
	endfacet
	facet normal 0 0 -1
		outer loop
			vertex 1.2692030668259 0.98438310623169 0.19799999892712
			vertex 1.2084449529648 1.1158294677734 0.19799999892712
			vertex 1.2759200334549 1.0285130739212 0.19799999892712
		endloop
	endfacet
	facet normal 0 0 -1
		outer loop
			vertex 1.2759200334549 1.0285130739212 0.19799999892712
			vertex 1.2084449529648 1.1158294677734 0.19799999892712
			vertex 1.2765778303146 1.028311252594 0.19799999892712
		endloop
	endfacet
	facet normal 0 0 -1
		outer loop
			vertex 1.2765778303146 1.028311252594 0.19799999892712
			vertex 1.2084449529648 1.1158294677734 0.19799999892712
			vertex 1.2926894426346 1.0315849781036 0.19799999892712
		endloop
	endfacet
	facet normal 0 0 -1
		outer loop
			vertex 1.1679600477219 1.0990600585938 0.19799999892712
			vertex 1.1963605880737 1.1274605989456 0.19799999892712
			vertex 1.1979570388794 1.1263175010681 0.19799999892712
		endloop
	endfacet
	facet normal 0 0 -1
		outer loop
			vertex 1.1679600477219 1.0990600585938 0.19799999892712
			vertex 1.1979570388794 1.1263175010681 0.19799999892712
			vertex 1.2084449529648 1.1158294677734 0.19799999892712
		endloop
	endfacet
	facet normal 0 0 -1
		outer loop
			vertex 1.2765778303146 1.028311252594 0.19799999892712
			vertex 1.2926894426346 1.0315849781036 0.19799999892712
			vertex 1.2982792854309 1.0259951353073 0.19799999892712
		endloop
	endfacet
	facet normal 1 0 0
		outer loop
			vertex 1.1274750232697 1.0990600585938 0
			vertex 1.1274750232697 1.2174007892609 0
			vertex 1.1274750232697 1.4229400157928 0.19799999892712
		endloop
	endfacet
	facet normal 1 0 0
		outer loop
			vertex 1.1274750232697 1.0990600585938 0
			vertex 1.1274750232697 1.4229400157928 0.19799999892712
			vertex 1.1274750232697 1.0990600585938 0.19799999892712
		endloop
	endfacet
	facet normal 0 0 -1
		outer loop
			vertex 1.1274750232697 1.0990600585938 0.19799999892712
			vertex 1.1274750232697 1.4229400157928 0.19799999892712
			vertex 1.1679600477219 1.0990600585938 0.19799999892712
		endloop
	endfacet
	facet normal 1 0 0
		outer loop
			vertex 1.1274750232697 1.2174007892609 0
			vertex 1.1274750232697 1.4229400157928 0
			vertex 1.1274750232697 1.4229400157928 0.19799999892712
		endloop
	endfacet
	facet normal 0 0 -1
		outer loop
			vertex 1.1679600477219 1.0990600585938 0.19799999892712
			vertex 1.1274750232697 1.4229400157928 0.19799999892712
			vertex 1.1305567026138 1.4106130599976 0.19799999892712
		endloop
	endfacet
	facet normal 0 0 -1
		outer loop
			vertex 1.1713337898254 1.2475049495697 0.19799999892712
			vertex 1.1305567026138 1.4106130599976 0.19799999892712
			vertex 1.1336385011673 1.4229400157928 0.19799999892712
		endloop
	endfacet
	facet normal -1 0 0
		outer loop
			vertex 1.2084449529648 1.1158294677734 0
			vertex 1.2084449529648 1.1158294677734 0.19799999892712
			vertex 1.2084449529648 1.1665350198746 0
		endloop
	endfacet
	facet normal -1 0 0
		outer loop
			vertex 1.2084449529648 1.1665350198746 0
			vertex 1.2084449529648 1.1158294677734 0.19799999892712
			vertex 1.2084449529648 1.1665350198746 0.19799999892712
		endloop
	endfacet
	facet normal -1 0 0
		outer loop
			vertex 1.2084449529648 1.2475049495697 0
			vertex 1.2084449529648 1.2475049495697 0.19799999892712
			vertex 1.2084449529648 1.4061706066132 0
		endloop
	endfacet
	facet normal 0 0 -1
		outer loop
			vertex 1.1679600477219 1.0990600585938 0.19799999892712
			vertex 1.1713337898254 1.2475049495697 0.19799999892712
			vertex 1.1963605880737 1.1274605989456 0.19799999892712
		endloop
	endfacet
	facet normal 0 0 -1
		outer loop
			vertex 1.1963605880737 1.1274605989456 0.19799999892712
			vertex 1.1915762424469 1.1665350198746 0.19799999892712
			vertex 1.1979570388794 1.1263175010681 0.19799999892712
		endloop
	endfacet
	facet normal 0 0 -1
		outer loop
			vertex 1.1979570388794 1.1263175010681 0.19799999892712
			vertex 1.2084449529648 1.1665350198746 0.19799999892712
			vertex 1.2084449529648 1.1158294677734 0.19799999892712
		endloop
	endfacet
	facet normal 0 0 -1
		outer loop
			vertex 1.1979570388794 1.1263175010681 0.19799999892712
			vertex 1.1915762424469 1.1665350198746 0.19799999892712
			vertex 1.2084449529648 1.1665350198746 0.19799999892712
		endloop
	endfacet
	facet normal 0 0 -1
		outer loop
			vertex 1.1963605880737 1.1274605989456 0.19799999892712
			vertex 1.1713337898254 1.2475049495697 0.19799999892712
			vertex 1.1915762424469 1.1665350198746 0.19799999892712
		endloop
	endfacet
	facet normal 0 0 -1
		outer loop
			vertex 1.1679600477219 1.0990600585938 0.19799999892712
			vertex 1.1305567026138 1.4106130599976 0.19799999892712
			vertex 1.1713337898254 1.2475049495697 0.19799999892712
		endloop
	endfacet
	facet normal -1 0 0
		outer loop
			vertex 1.2084449529648 1.2475049495697 0.19799999892712
			vertex 1.2084449529648 1.4061706066132 0.19799999892712
			vertex 1.2084449529648 1.4061706066132 0
		endloop
	endfacet
	facet normal 0 0 -1
		outer loop
			vertex 1.1713337898254 1.2475049495697 0.19799999892712
			vertex 1.1336385011673 1.4229400157928 0.19799999892712
			vertex 1.2084449529648 1.2475049495697 0.19799999892712
		endloop
	endfacet
	facet normal 0 0 -1
		outer loop
			vertex 1.2084449529648 1.2475049495697 0.19799999892712
			vertex 1.1336385011673 1.4229400157928 0.19799999892712
			vertex 1.2084449529648 1.4061706066132 0.19799999892712
		endloop
	endfacet
	facet normal 0 0 -1
		outer loop
			vertex 1.1336385011673 1.4229400157928 0.19799999892712
			vertex 1.2053731679916 1.4229400157928 0.19799999892712
			vertex 1.2084449529648 1.4061706066132 0.19799999892712
		endloop
	endfacet
	facet normal 0.70710678118655 -0.70710678118655 0
		outer loop
			vertex 1.1393327713013 1.4515671730042 0
			vertex 1.2472927570343 1.5595271587372 0.19799999892712
			vertex 1.1393327713013 1.4515671730042 0.19799999892712
		endloop
	endfacet
	facet normal -0.70710628089397 0.70710728147878 0
		outer loop
			vertex 1.2084449529648 1.4061706066132 0
			vertex 1.2084449529648 1.4061706066132 0.19799999892712
			vertex 1.2926894426346 1.4904149770737 0
		endloop
	endfacet
	facet normal -0.70710628089397 0.70710728147878 0
		outer loop
			vertex 1.2084449529648 1.4061706066132 0.19799999892712
			vertex 1.2926894426346 1.4904149770737 0.19799999892712
			vertex 1.2926894426346 1.4904149770737 0
		endloop
	endfacet
	facet normal 0 0 -1
		outer loop
			vertex 1.1393327713013 1.4515671730042 0.19799999892712
			vertex 1.2053731679916 1.4229400157928 0.19799999892712
			vertex 1.1618633270264 1.4290367364883 0.19799999892712
		endloop
	endfacet
	facet normal 0 0 -1
		outer loop
			vertex 1.1393327713013 1.4515671730042 0.19799999892712
			vertex 1.2472927570343 1.5595271587372 0.19799999892712
			vertex 1.2053731679916 1.4229400157928 0.19799999892712
		endloop
	endfacet
	facet normal 0 0 -1
		outer loop
			vertex 1.2084449529648 1.4061706066132 0.19799999892712
			vertex 1.2053731679916 1.4229400157928 0.19799999892712
			vertex 1.2926894426346 1.4904149770737 0.19799999892712
		endloop
	endfacet
	facet normal 0 0 -1
		outer loop
			vertex 1.2053731679916 1.4229400157928 0.19799999892712
			vertex 1.2472927570343 1.5595271587372 0.19799999892712
			vertex 1.2861016988754 1.5207183361053 0.19799999892712
		endloop
	endfacet
	facet normal 0 0 -1
		outer loop
			vertex 1.2053731679916 1.4229400157928 0.19799999892712
			vertex 1.2861016988754 1.5207183361053 0.19799999892712
			vertex 1.2926894426346 1.4904149770737 0.19799999892712
		endloop
	endfacet
	facet normal -0 0 -1
		outer loop
			vertex 1.2964987754822 1.4942243099213 0.19799999892712
			vertex 1.2926894426346 1.4904149770737 0.19799999892712
			vertex 1.2861016988754 1.5207183361053 0.19799999892712
		endloop
	endfacet
	facet normal 0.70710678118655 -0.70710678118655 0
		outer loop
			vertex 1.1393327713013 1.4515671730042 0
			vertex 1.2472927570343 1.5595271587372 0
			vertex 1.2472927570343 1.5595271587372 0.19799999892712
		endloop
	endfacet
	facet normal 0 1 0
		outer loop
			vertex 1.2926894426346 1.4904149770737 0
			vertex 1.2926894426346 1.4904149770737 0.19799999892712
			vertex 1.5830305814743 1.4904149770737 0
		endloop
	endfacet
	facet normal 0 -0 -1
		outer loop
			vertex 1.2964987754822 1.4942243099213 0.19799999892712
			vertex 1.5830305814743 1.4904149770737 0.19799999892712
			vertex 1.2926894426346 1.4904149770737 0.19799999892712
		endloop
	endfacet
	facet normal 0 0 -1
		outer loop
			vertex 1.2964987754822 1.4942243099213 0.19799999892712
			vertex 1.2861016988754 1.5207183361053 0.19799999892712
			vertex 1.577440738678 1.49600481987 0.19799999892712
		endloop
	endfacet
	facet normal -0 1 0
		outer loop
			vertex 1.2926894426346 1.4904149770737 0.19799999892712
			vertex 1.5830305814743 1.4904149770737 0.19799999892712
			vertex 1.5830305814743 1.4904149770737 0
		endloop
	endfacet
	facet normal 0 0 -1
		outer loop
			vertex 1.2964987754822 1.4942243099213 0.19799999892712
			vertex 1.577440738678 1.49600481987 0.19799999892712
			vertex 1.5830305814743 1.4904149770737 0.19799999892712
		endloop
	endfacet
	facet normal 0 -1 0
		outer loop
			vertex 1.2759200334549 1.5713850259781 0
			vertex 1.599799990654 1.5713850259781 0.19799999892712
			vertex 1.2759200334549 1.5713850259781 0.19799999892712
		endloop
	endfacet
	facet normal 0 0 -1
		outer loop
			vertex 1.2759200334549 1.5713850259781 0.19799999892712
			vertex 1.577440738678 1.49600481987 0.19799999892712
			vertex 1.2861016988754 1.5207183361053 0.19799999892712
		endloop
	endfacet
	facet normal 0 -1 0
		outer loop
			vertex 1.2759200334549 1.5713850259781 0
			vertex 1.599799990654 1.5713850259781 0
			vertex 1.599799990654 1.5713850259781 0.19799999892712
		endloop
	endfacet
	facet normal 0 0 -1
		outer loop
			vertex 1.2759200334549 1.5713850259781 0.19799999892712
			vertex 1.599799990654 1.5713850259781 0.19799999892712
			vertex 1.577440738678 1.49600481987 0.19799999892712
		endloop
	endfacet
	facet normal 0 0 -1
		outer loop
			vertex 1.577440738678 1.49600481987 0.19799999892712
			vertex 1.599799990654 1.5713850259781 0.19799999892712
			vertex 1.599799990654 1.4934868812561 0.19799999892712
		endloop
	endfacet
	facet normal 0.70710678118655 0.70710678118655 -0
		outer loop
			vertex 1.5830305814743 1.4904149770737 0
			vertex 1.5830305814743 1.4904149770737 0.19799999892712
			vertex 1.6672749519348 1.4061706066132 0
		endloop
	endfacet
	facet normal 0.70710678118655 0.70710678118655 0
		outer loop
			vertex 1.5830305814743 1.4904149770737 0.19799999892712
			vertex 1.6672749519348 1.4061706066132 0.19799999892712
			vertex 1.6672749519348 1.4061706066132 0
		endloop
	endfacet
	facet normal 0 0 -1
		outer loop
			vertex 1.577440738678 1.49600481987 0.19799999892712
			vertex 1.599799990654 1.4934868812561 0.19799999892712
			vertex 1.5830305814743 1.4904149770737 0.19799999892712
		endloop
	endfacet
	facet normal 0 0 -1
		outer loop
			vertex 1.5830305814743 1.4904149770737 0.19799999892712
			vertex 1.599799990654 1.4934868812561 0.19799999892712
			vertex 1.6672749519348 1.4061706066132 0.19799999892712
		endloop
	endfacet
	facet normal 0 0 -1
		outer loop
			vertex 1.599799990654 1.4934868812561 0.19799999892712
			vertex 1.6973922252655 1.4125722646713 0.19799999892712
			vertex 1.6672749519348 1.4061706066132 0.19799999892712
		endloop
	endfacet
	facet normal 0 0 -1
		outer loop
			vertex 1.599799990654 1.4934868812561 0.19799999892712
			vertex 1.6284272670746 1.5595271587372 0.19799999892712
			vertex 1.7363872528076 1.4515671730042 0.19799999892712
		endloop
	endfacet
	facet normal -0.70710678118655 -0.70710678118655 0
		outer loop
			vertex 1.6284272670746 1.5595271587372 0
			vertex 1.7363872528076 1.4515671730042 0
			vertex 1.7363872528076 1.4515671730042 0.19799999892712
		endloop
	endfacet
	facet normal 0 0 -1
		outer loop
			vertex 1.6672749519348 1.4061706066132 0.19799999892712
			vertex 1.6973922252655 1.4125722646713 0.19799999892712
			vertex 1.6846257448196 1.3998056650162 0.19799999892712
		endloop
	endfacet
	facet normal 0 0 -1
		outer loop
			vertex 1.599799990654 1.4934868812561 0.19799999892712
			vertex 1.7363872528076 1.4515671730042 0.19799999892712
			vertex 1.707759976387 1.4229400157928 0.19799999892712
		endloop
	endfacet
	facet normal 0 0 -1
		outer loop
			vertex 1.599799990654 1.4934868812561 0.19799999892712
			vertex 1.707759976387 1.4229400157928 0.19799999892712
			vertex 1.6973922252655 1.4125722646713 0.19799999892712
		endloop
	endfacet
	facet normal -0.70710678118655 -0.70710678118655 0
		outer loop
			vertex 1.6284272670746 1.5595271587372 0
			vertex 1.7363872528076 1.4515671730042 0.19799999892712
			vertex 1.6284272670746 1.5595271587372 0.19799999892712
		endloop
	endfacet
	facet normal 0 0 -1
		outer loop
			vertex 1.599799990654 1.4934868812561 0.19799999892712
			vertex 1.6065168380737 1.5376168489456 0.19799999892712
			vertex 1.6284272670746 1.5595271587372 0.19799999892712
		endloop
	endfacet
	facet normal 1 0 0
		outer loop
			vertex 1.6672749519348 1.3317494392395 0
			vertex 1.6672749519348 1.4061706066132 0
			vertex 1.6672749519348 1.4061706066132 0.19799999892712
		endloop
	endfacet
	facet normal 1 0 0
		outer loop
			vertex 1.6672749519348 1.3317494392395 0
			vertex 1.6672749519348 1.4061706066132 0.19799999892712
			vertex 1.6672749519348 1.3317494392395 0.19799999892712
		endloop
	endfacet
	facet normal -1 0 0
		outer loop
			vertex 1.7482450008392 1.3149800300598 0
			vertex 1.7482450008392 1.3149800300598 0.19799999892712
			vertex 1.7482450008392 1.4229400157928 0
		endloop
	endfacet
	facet normal -1 0 0
		outer loop
			vertex 1.7482450008392 1.3149800300598 0.19799999892712
			vertex 1.7482450008392 1.4229400157928 0.19799999892712
			vertex 1.7482450008392 1.4229400157928 0
		endloop
	endfacet
	facet normal 0 0 -1
		outer loop
			vertex 1.6703468561172 1.3149800300598 0.19799999892712
			vertex 1.6757169961929 1.3401913642883 0.19799999892712
			vertex 1.715812921524 1.3149800300598 0.19799999892712
		endloop
	endfacet
	facet normal 0 0 -1
		outer loop
			vertex 1.715812921524 1.3149800300598 0.19799999892712
			vertex 1.6757169961929 1.3401913642883 0.19799999892712
			vertex 1.6922670602798 1.3896172046661 0.19799999892712
		endloop
	endfacet
	facet normal 0 0 -1
		outer loop
			vertex 1.6672749519348 1.3317494392395 0.19799999892712
			vertex 1.6672749519348 1.4061706066132 0.19799999892712
			vertex 1.6757169961929 1.3401913642883 0.19799999892712
		endloop
	endfacet
	facet normal 0 0 -1
		outer loop
			vertex 1.6757169961929 1.3401913642883 0.19799999892712
			vertex 1.6672749519348 1.4061706066132 0.19799999892712
			vertex 1.6846257448196 1.3998056650162 0.19799999892712
		endloop
	endfacet
	facet normal 0 0 -1
		outer loop
			vertex 1.6757169961929 1.3401913642883 0.19799999892712
			vertex 1.6846257448196 1.3998056650162 0.19799999892712
			vertex 1.6922670602798 1.3896172046661 0.19799999892712
		endloop
	endfacet
	facet normal 0 0 -1
		outer loop
			vertex 1.715812921524 1.3149800300598 0.19799999892712
			vertex 1.6922670602798 1.3896172046661 0.19799999892712
			vertex 1.7232528924942 1.3483027219772 0.19799999892712
		endloop
	endfacet
	facet normal 0 0 -1
		outer loop
			vertex 1.6922670602798 1.3896172046661 0.19799999892712
			vertex 1.707759976387 1.4229400157928 0.19799999892712
			vertex 1.7232528924942 1.3483027219772 0.19799999892712
		endloop
	endfacet
	facet normal 0 0 -1
		outer loop
			vertex 1.6922670602798 1.3896172046661 0.19799999892712
			vertex 1.6973922252655 1.4125722646713 0.19799999892712
			vertex 1.707759976387 1.4229400157928 0.19799999892712
		endloop
	endfacet
	facet normal 0 0 -1
		outer loop
			vertex 1.7232528924942 1.3483027219772 0.19799999892712
			vertex 1.707759976387 1.4229400157928 0.19799999892712
			vertex 1.7482450008392 1.4229400157928 0.19799999892712
		endloop
	endfacet
	facet normal 0 0 -1
		outer loop
			vertex 1.7232528924942 1.3483027219772 0.19799999892712
			vertex 1.7482450008392 1.4229400157928 0.19799999892712
			vertex 1.7482450008392 1.3149800300598 0.19799999892712
		endloop
	endfacet
	facet normal -0.70710678118655 0.70710678118655 0
		outer loop
			vertex 1.6284272670746 1.1783927679062 0
			vertex 1.6284272670746 1.1783927679062 0.19799999892712
			vertex 1.7363872528076 1.2863527536392 0
		endloop
	endfacet
	facet normal 0.70710728147878 -0.70710628089397 0
		outer loop
			vertex 1.5830305814743 1.2475049495697 0
			vertex 1.6672749519348 1.3317494392395 0
			vertex 1.6672749519348 1.3317494392395 0.19799999892712
		endloop
	endfacet
	facet normal 0.70710728147878 -0.70710628089397 0
		outer loop
			vertex 1.5830305814743 1.2475049495697 0
			vertex 1.6672749519348 1.3317494392395 0.19799999892712
			vertex 1.5830305814743 1.2475049495697 0.19799999892712
		endloop
	endfacet
	facet normal 0 0 -1
		outer loop
			vertex 1.599799990654 1.2070200443268 0.19799999892712
			vertex 1.5786559581757 1.2431303262711 0.19799999892712
			vertex 1.5830305814743 1.2475049495697 0.19799999892712
		endloop
	endfacet
	facet normal 0 0 -1
		outer loop
			vertex 1.599799990654 1.2070200443268 0.19799999892712
			vertex 1.5830305814743 1.2475049495697 0.19799999892712
			vertex 1.6684830188751 1.3089069128036 0.19799999892712
		endloop
	endfacet
	facet normal 0 0 -1
		outer loop
			vertex 1.599799990654 1.2070200443268 0.19799999892712
			vertex 1.7098070383072 1.3129329681396 0.19799999892712
			vertex 1.6284272670746 1.1783927679062 0.19799999892712
		endloop
	endfacet
	facet normal 0 0 -1
		outer loop
			vertex 1.5830305814743 1.2475049495697 0.19799999892712
			vertex 1.6672749519348 1.3317494392395 0.19799999892712
			vertex 1.6703468561172 1.3149800300598 0.19799999892712
		endloop
	endfacet
	facet normal 0 0 -1
		outer loop
			vertex 1.5830305814743 1.2475049495697 0.19799999892712
			vertex 1.6703468561172 1.3149800300598 0.19799999892712
			vertex 1.6684830188751 1.3089069128036 0.19799999892712
		endloop
	endfacet
	facet normal 0 0 -1
		outer loop
			vertex 1.599799990654 1.2070200443268 0.19799999892712
			vertex 1.6684830188751 1.3089069128036 0.19799999892712
			vertex 1.7098070383072 1.3129329681396 0.19799999892712
		endloop
	endfacet
	facet normal -0.70710678118655 0.70710678118655 0
		outer loop
			vertex 1.6284272670746 1.1783927679062 0.19799999892712
			vertex 1.7363872528076 1.2863527536392 0.19799999892712
			vertex 1.7363872528076 1.2863527536392 0
		endloop
	endfacet
	facet normal 0 0 -1
		outer loop
			vertex 1.6284272670746 1.1783927679062 0.19799999892712
			vertex 1.7098070383072 1.3129329681396 0.19799999892712
			vertex 1.7363872528076 1.2863527536392 0.19799999892712
		endloop
	endfacet
	facet normal 0 0 -1
		outer loop
			vertex 1.6703468561172 1.3149800300598 0.19799999892712
			vertex 1.6672749519348 1.3317494392395 0.19799999892712
			vertex 1.6757169961929 1.3401913642883 0.19799999892712
		endloop
	endfacet
	facet normal 0 0 -1
		outer loop
			vertex 1.1915762424469 1.1665350198746 0.19799999892712
			vertex 1.1713337898254 1.2475049495697 0.19799999892712
			vertex 1.2084449529648 1.2475049495697 0.19799999892712
		endloop
	endfacet
	facet normal 0 1 0
		outer loop
			vertex 1.2084449529648 1.1665350198746 0
			vertex 1.2084449529648 1.1665350198746 0.19799999892712
			vertex 1.599799990654 1.1665350198746 0
		endloop
	endfacet
	facet normal 0 -1 0
		outer loop
			vertex 1.2084449529648 1.2475049495697 0
			vertex 1.5830305814743 1.2475049495697 0.19799999892712
			vertex 1.2084449529648 1.2475049495697 0.19799999892712
		endloop
	endfacet
	facet normal 0 0 -1
		outer loop
			vertex 1.1915762424469 1.1665350198746 0.19799999892712
			vertex 1.5786559581757 1.2431303262711 0.19799999892712
			vertex 1.2084449529648 1.1665350198746 0.19799999892712
		endloop
	endfacet
	facet normal 0 0 -1
		outer loop
			vertex 1.1915762424469 1.1665350198746 0.19799999892712
			vertex 1.2084449529648 1.2475049495697 0.19799999892712
			vertex 1.5786559581757 1.2431303262711 0.19799999892712
		endloop
	endfacet
	facet normal -0 1 0
		outer loop
			vertex 1.2084449529648 1.1665350198746 0.19799999892712
			vertex 1.599799990654 1.1665350198746 0.19799999892712
			vertex 1.599799990654 1.1665350198746 0
		endloop
	endfacet
	facet normal 0 -1 0
		outer loop
			vertex 1.2084449529648 1.2475049495697 0
			vertex 1.5830305814743 1.2475049495697 0
			vertex 1.5830305814743 1.2475049495697 0.19799999892712
		endloop
	endfacet
	facet normal 0 0 -1
		outer loop
			vertex 1.2084449529648 1.1665350198746 0.19799999892712
			vertex 1.5786559581757 1.2431303262711 0.19799999892712
			vertex 1.599799990654 1.1665350198746 0.19799999892712
		endloop
	endfacet
	facet normal 0 0 -1
		outer loop
			vertex 1.2084449529648 1.2475049495697 0.19799999892712
			vertex 1.5830305814743 1.2475049495697 0.19799999892712
			vertex 1.5786559581757 1.2431303262711 0.19799999892712
		endloop
	endfacet
	facet normal 0 0 -1
		outer loop
			vertex 1.599799990654 1.1665350198746 0.19799999892712
			vertex 1.5786559581757 1.2431303262711 0.19799999892712
			vertex 1.599799990654 1.2070200443268 0.19799999892712
		endloop
	endfacet
	facet normal -0.83146816895758 0.55557239313192 0
		outer loop
			vertex 1.7451633214951 1.0835670232773 0
			vertex 1.7363872528076 1.0704327821732 0
			vertex 1.7363872528076 1.0704327821732 0.19799999892712
		endloop
	endfacet
	facet normal -0.9807862129449 0.195085633754 0
		outer loop
			vertex 1.7451633214951 1.0835670232773 0
			vertex 1.7451633214951 1.0835670232773 0.19799999892712
			vertex 1.7482450008392 1.0990600585938 0
		endloop
	endfacet
	facet normal -0.83146816895758 0.55557239313192 0
		outer loop
			vertex 1.7451633214951 1.0835670232773 0
			vertex 1.7363872528076 1.0704327821732 0.19799999892712
			vertex 1.7451633214951 1.0835670232773 0.19799999892712
		endloop
	endfacet
	facet normal -0.9807862129449 0.195085633754 0
		outer loop
			vertex 1.7482450008392 1.0990600585938 0
			vertex 1.7451633214951 1.0835670232773 0.19799999892712
			vertex 1.7482450008392 1.0990600585938 0.19799999892712
		endloop
	endfacet
	facet normal -0 0 -1
		outer loop
			vertex 1.7451633214951 1.0835670232773 0.19799999892712
			vertex 1.7363872528076 1.0704327821732 0.19799999892712
			vertex 1.7363872528076 1.1276872158051 0.19799999892712
		endloop
	endfacet
	facet normal 0.55557239313192 -0.83146816895758 0
		outer loop
			vertex 1.6791328191757 1.1276872158051 0
			vertex 1.6922670602798 1.1364632844925 0
			vertex 1.6922670602798 1.1364632844925 0.19799999892712
		endloop
	endfacet
	facet normal 0.19508707769927 -0.9807859257324 0
		outer loop
			vertex 1.6922670602798 1.1364632844925 0
			vertex 1.707759976387 1.1395449638367 0
			vertex 1.707759976387 1.1395449638367 0.19799999892712
		endloop
	endfacet
	facet normal -0.19508707769927 -0.9807859257324 0
		outer loop
			vertex 1.707759976387 1.1395449638367 0
			vertex 1.7232528924942 1.1364632844925 0
			vertex 1.7232528924942 1.1364632844925 0.19799999892712
		endloop
	endfacet
	facet normal 0.19508707769927 -0.9807859257324 0
		outer loop
			vertex 1.6922670602798 1.1364632844925 0
			vertex 1.707759976387 1.1395449638367 0.19799999892712
			vertex 1.6922670602798 1.1364632844925 0.19799999892712
		endloop
	endfacet
	facet normal 0.55557239313192 -0.83146816895758 0
		outer loop
			vertex 1.6791328191757 1.1276872158051 0
			vertex 1.6922670602798 1.1364632844925 0.19799999892712
			vertex 1.6791328191757 1.1276872158051 0.19799999892712
		endloop
	endfacet
	facet normal -0.19508707769927 -0.9807859257324 0
		outer loop
			vertex 1.707759976387 1.1395449638367 0
			vertex 1.7232528924942 1.1364632844925 0.19799999892712
			vertex 1.707759976387 1.1395449638367 0.19799999892712
		endloop
	endfacet
	facet normal -0.55556890707149 -0.83147049827122 0
		outer loop
			vertex 1.7232528924942 1.1364632844925 0
			vertex 1.7363872528076 1.1276872158051 0.19799999892712
			vertex 1.7232528924942 1.1364632844925 0.19799999892712
		endloop
	endfacet
	facet normal -0.83146816895758 -0.55557239313192 0
		outer loop
			vertex 1.7451633214951 1.1145529747009 0
			vertex 1.7451633214951 1.1145529747009 0.19799999892712
			vertex 1.7363872528076 1.1276872158051 0
		endloop
	endfacet
	facet normal -0.55556890707149 -0.83147049827122 0
		outer loop
			vertex 1.7232528924942 1.1364632844925 0
			vertex 1.7363872528076 1.1276872158051 0
			vertex 1.7363872528076 1.1276872158051 0.19799999892712
		endloop
	endfacet
	facet normal -0.9807859257324 -0.19508707769927 0
		outer loop
			vertex 1.7482450008392 1.0990600585938 0
			vertex 1.7482450008392 1.0990600585938 0.19799999892712
			vertex 1.7451633214951 1.1145529747009 0
		endloop
	endfacet
	facet normal -0.83146816895758 -0.55557239313192 0
		outer loop
			vertex 1.7363872528076 1.1276872158051 0
			vertex 1.7451633214951 1.1145529747009 0.19799999892712
			vertex 1.7363872528076 1.1276872158051 0.19799999892712
		endloop
	endfacet
	facet normal -0.9807859257324 -0.19508707769927 0
		outer loop
			vertex 1.7482450008392 1.0990600585938 0.19799999892712
			vertex 1.7451633214951 1.1145529747009 0.19799999892712
			vertex 1.7451633214951 1.1145529747009 0
		endloop
	endfacet
	facet normal 0 0 -1
		outer loop
			vertex 1.6791328191757 1.1276872158051 0.19799999892712
			vertex 1.6922670602798 1.1364632844925 0.19799999892712
			vertex 1.707759976387 1.1395449638367 0.19799999892712
		endloop
	endfacet
	facet normal 0 0 -1
		outer loop
			vertex 1.7363872528076 1.0704327821732 0.19799999892712
			vertex 1.6791328191757 1.1276872158051 0.19799999892712
			vertex 1.7232528924942 1.1364632844925 0.19799999892712
		endloop
	endfacet
	facet normal 0 0 -1
		outer loop
			vertex 1.6791328191757 1.1276872158051 0.19799999892712
			vertex 1.707759976387 1.1395449638367 0.19799999892712
			vertex 1.7232528924942 1.1364632844925 0.19799999892712
		endloop
	endfacet
	facet normal 0 0 -1
		outer loop
			vertex 1.7363872528076 1.0704327821732 0.19799999892712
			vertex 1.7232528924942 1.1364632844925 0.19799999892712
			vertex 1.7363872528076 1.1276872158051 0.19799999892712
		endloop
	endfacet
	facet normal 0 0 -1
		outer loop
			vertex 1.7451633214951 1.0835670232773 0.19799999892712
			vertex 1.7363872528076 1.1276872158051 0.19799999892712
			vertex 1.7451633214951 1.1145529747009 0.19799999892712
		endloop
	endfacet
	facet normal 0 0 -1
		outer loop
			vertex 1.7451633214951 1.0835670232773 0.19799999892712
			vertex 1.7451633214951 1.1145529747009 0.19799999892712
			vertex 1.7482450008392 1.0990600585938 0.19799999892712
		endloop
	endfacet
	facet normal -0.19509070738589 0.98078520374834 0
		outer loop
			vertex 1.599799990654 0.95061498880386 0
			vertex 1.599799990654 0.95061498880386 0.19799999892712
			vertex 1.6152929067612 0.95369672775269 0
		endloop
	endfacet
	facet normal -0.55556890707149 0.83147049827122 0
		outer loop
			vertex 1.6152929067612 0.95369672775269 0
			vertex 1.6152929067612 0.95369672775269 0.19799999892712
			vertex 1.6284272670746 0.96247279644012 0
		endloop
	endfacet
	facet normal -0.19509070738589 0.98078520374834 0
		outer loop
			vertex 1.6152929067612 0.95369672775269 0
			vertex 1.599799990654 0.95061498880386 0.19799999892712
			vertex 1.6152929067612 0.95369672775269 0.19799999892712
		endloop
	endfacet
	facet normal -0.55556890707149 0.83147049827122 0
		outer loop
			vertex 1.6284272670746 0.96247279644012 0
			vertex 1.6152929067612 0.95369672775269 0.19799999892712
			vertex 1.6284272670746 0.96247279644012 0.19799999892712
		endloop
	endfacet
	facet normal 0 0 -1
		outer loop
			vertex 1.599799990654 0.95061498880386 0.19799999892712
			vertex 1.6284272670746 0.96247279644012 0.19799999892712
			vertex 1.6152929067612 0.95369672775269 0.19799999892712
		endloop
	endfacet
	facet normal 0 0 -1
		outer loop
			vertex 1.599799990654 0.95061498880386 0.19799999892712
			vertex 1.599799990654 0.99110001325607 0.19799999892712
			vertex 1.6284272670746 0.96247279644012 0.19799999892712
		endloop
	endfacet
	facet normal 0.55556890707149 0.83147049827122 -0
		outer loop
			vertex 1.2472927570343 0.96247279644012 0
			vertex 1.2472927570343 0.96247279644012 0.19799999892712
			vertex 1.2604271173477 0.95369672775269 0
		endloop
	endfacet
	facet normal 0.19509070738589 0.98078520374834 -0
		outer loop
			vertex 1.2604271173477 0.95369672775269 0
			vertex 1.2604271173477 0.95369672775269 0.19799999892712
			vertex 1.2759200334549 0.95061498880386 0
		endloop
	endfacet
	facet normal 0.55556890707149 0.83147049827122 -0
		outer loop
			vertex 1.2604271173477 0.95369672775269 0
			vertex 1.2472927570343 0.96247279644012 0.19799999892712
			vertex 1.2604271173477 0.95369672775269 0.19799999892712
		endloop
	endfacet
	facet normal 0.19509070738589 0.98078520374834 -0
		outer loop
			vertex 1.2759200334549 0.95061498880386 0
			vertex 1.2604271173477 0.95369672775269 0.19799999892712
			vertex 1.2759200334549 0.95061498880386 0.19799999892712
		endloop
	endfacet
	facet normal 0 0 -1
		outer loop
			vertex 1.2472927570343 0.96247279644012 0.19799999892712
			vertex 1.2692030668259 0.98438310623169 0.19799999892712
			vertex 1.2604271173477 0.95369672775269 0.19799999892712
		endloop
	endfacet
	facet normal 0 0 -1
		outer loop
			vertex 1.2604271173477 0.95369672775269 0.19799999892712
			vertex 1.2692030668259 0.98438310623169 0.19799999892712
			vertex 1.2759200334549 0.95061498880386 0.19799999892712
		endloop
	endfacet
	facet normal 0 0 -1
		outer loop
			vertex 1.2759200334549 0.95061498880386 0.19799999892712
			vertex 1.2759200334549 1.0285130739212 0.19799999892712
			vertex 1.2914129495621 0.95448821783066 0.19799999892712
		endloop
	endfacet
	facet normal 0 0 -1
		outer loop
			vertex 1.2759200334549 0.95061498880386 0.19799999892712
			vertex 1.2692030668259 0.98438310623169 0.19799999892712
			vertex 1.2759200334549 1.0285130739212 0.19799999892712
		endloop
	endfacet
	facet normal 0 0 -1
		outer loop
			vertex 1.2759200334549 1.0285130739212 0.19799999892712
			vertex 1.2765778303146 1.028311252594 0.19799999892712
			vertex 1.2914129495621 0.95448821783066 0.19799999892712
		endloop
	endfacet
	facet normal 0.83146816895758 0.55557239313192 -0
		outer loop
			vertex 1.1305567026138 1.0835670232773 0
			vertex 1.1305567026138 1.0835670232773 0.19799999892712
			vertex 1.1393327713013 1.0704327821732 0
		endloop
	endfacet
	facet normal 0.9807862129449 0.195085633754 0
		outer loop
			vertex 1.1305567026138 1.0835670232773 0
			vertex 1.1274750232697 1.0990600585938 0
			vertex 1.1274750232697 1.0990600585938 0.19799999892712
		endloop
	endfacet
	facet normal 0.83146816895758 0.55557239313192 -0
		outer loop
			vertex 1.1393327713013 1.0704327821732 0
			vertex 1.1305567026138 1.0835670232773 0.19799999892712
			vertex 1.1393327713013 1.0704327821732 0.19799999892712
		endloop
	endfacet
	facet normal 0.9807862129449 0.195085633754 -0
		outer loop
			vertex 1.1305567026138 1.0835670232773 0
			vertex 1.1274750232697 1.0990600585938 0.19799999892712
			vertex 1.1305567026138 1.0835670232773 0.19799999892712
		endloop
	endfacet
	facet normal 0 0 -1
		outer loop
			vertex 1.1305567026138 1.0835670232773 0.19799999892712
			vertex 1.1274750232697 1.0990600585938 0.19799999892712
			vertex 1.1393327713013 1.0704327821732 0.19799999892712
		endloop
	endfacet
	facet normal 0 0 -1
		outer loop
			vertex 1.1274750232697 1.0990600585938 0.19799999892712
			vertex 1.1679600477219 1.0990600585938 0.19799999892712
			vertex 1.1393327713013 1.0704327821732 0.19799999892712
		endloop
	endfacet
	facet normal 0.9807859257324 -0.19508707769927 0
		outer loop
			vertex 1.1274750232697 1.4229400157928 0
			vertex 1.1305567026138 1.4384329319 0
			vertex 1.1305567026138 1.4384329319 0.19799999892712
		endloop
	endfacet
	facet normal 0.83146816895758 -0.55557239313192 0
		outer loop
			vertex 1.1305567026138 1.4384329319 0
			vertex 1.1393327713013 1.4515671730042 0
			vertex 1.1393327713013 1.4515671730042 0.19799999892712
		endloop
	endfacet
	facet normal 0.9807859257324 -0.19508707769927 0
		outer loop
			vertex 1.1274750232697 1.4229400157928 0
			vertex 1.1305567026138 1.4384329319 0.19799999892712
			vertex 1.1274750232697 1.4229400157928 0.19799999892712
		endloop
	endfacet
	facet normal 0.83146816895758 -0.55557239313192 0
		outer loop
			vertex 1.1305567026138 1.4384329319 0
			vertex 1.1393327713013 1.4515671730042 0.19799999892712
			vertex 1.1305567026138 1.4384329319 0.19799999892712
		endloop
	endfacet
	facet normal 0 0 -1
		outer loop
			vertex 1.1305567026138 1.4106130599976 0.19799999892712
			vertex 1.1274750232697 1.4229400157928 0.19799999892712
			vertex 1.1305567026138 1.4384329319 0.19799999892712
		endloop
	endfacet
	facet normal 0 0 -1
		outer loop
			vertex 1.1305567026138 1.4106130599976 0.19799999892712
			vertex 1.1305567026138 1.4384329319 0.19799999892712
			vertex 1.1336385011673 1.4229400157928 0.19799999892712
		endloop
	endfacet
	facet normal 0 0 -1
		outer loop
			vertex 1.1336385011673 1.4229400157928 0.19799999892712
			vertex 1.1305567026138 1.4384329319 0.19799999892712
			vertex 1.1393327713013 1.4515671730042 0.19799999892712
		endloop
	endfacet
	facet normal 0 0 -1
		outer loop
			vertex 1.1336385011673 1.4229400157928 0.19799999892712
			vertex 1.1393327713013 1.4515671730042 0.19799999892712
			vertex 1.1618633270264 1.4290367364883 0.19799999892712
		endloop
	endfacet
	facet normal 0 0 -1
		outer loop
			vertex 1.1336385011673 1.4229400157928 0.19799999892712
			vertex 1.1618633270264 1.4290367364883 0.19799999892712
			vertex 1.2053731679916 1.4229400157928 0.19799999892712
		endloop
	endfacet
	facet normal 0.55556890707149 -0.83147049827122 0
		outer loop
			vertex 1.2472927570343 1.5595271587372 0
			vertex 1.2604271173477 1.5683032274246 0
			vertex 1.2604271173477 1.5683032274246 0.19799999892712
		endloop
	endfacet
	facet normal 0.1950943370645 -0.98078448175191 0
		outer loop
			vertex 1.2604271173477 1.5683032274246 0
			vertex 1.2759200334549 1.5713850259781 0
			vertex 1.2759200334549 1.5713850259781 0.19799999892712
		endloop
	endfacet
	facet normal 0.55556890707149 -0.83147049827122 0
		outer loop
			vertex 1.2472927570343 1.5595271587372 0
			vertex 1.2604271173477 1.5683032274246 0.19799999892712
			vertex 1.2472927570343 1.5595271587372 0.19799999892712
		endloop
	endfacet
	facet normal 0.1950943370645 -0.98078448175191 0
		outer loop
			vertex 1.2604271173477 1.5683032274246 0
			vertex 1.2759200334549 1.5713850259781 0.19799999892712
			vertex 1.2604271173477 1.5683032274246 0.19799999892712
		endloop
	endfacet
	facet normal 0 0 -1
		outer loop
			vertex 1.2472927570343 1.5595271587372 0.19799999892712
			vertex 1.2759200334549 1.5713850259781 0.19799999892712
			vertex 1.2861016988754 1.5207183361053 0.19799999892712
		endloop
	endfacet
	facet normal 0 0 -1
		outer loop
			vertex 1.2472927570343 1.5595271587372 0.19799999892712
			vertex 1.2604271173477 1.5683032274246 0.19799999892712
			vertex 1.2759200334549 1.5713850259781 0.19799999892712
		endloop
	endfacet
	facet normal -0.55556890707149 -0.83147049827122 0
		outer loop
			vertex 1.6152929067612 1.5683032274246 0
			vertex 1.6284272670746 1.5595271587372 0
			vertex 1.6284272670746 1.5595271587372 0.19799999892712
		endloop
	endfacet
	facet normal -0.1950943370645 -0.98078448175191 0
		outer loop
			vertex 1.599799990654 1.5713850259781 0
			vertex 1.6152929067612 1.5683032274246 0
			vertex 1.6152929067612 1.5683032274246 0.19799999892712
		endloop
	endfacet
	facet normal -0.55556890707149 -0.83147049827122 0
		outer loop
			vertex 1.6152929067612 1.5683032274246 0
			vertex 1.6284272670746 1.5595271587372 0.19799999892712
			vertex 1.6152929067612 1.5683032274246 0.19799999892712
		endloop
	endfacet
	facet normal -0.1950943370645 -0.98078448175191 0
		outer loop
			vertex 1.599799990654 1.5713850259781 0
			vertex 1.6152929067612 1.5683032274246 0.19799999892712
			vertex 1.599799990654 1.5713850259781 0.19799999892712
		endloop
	endfacet
	facet normal 0 0 -1
		outer loop
			vertex 1.599799990654 1.4934868812561 0.19799999892712
			vertex 1.599799990654 1.5713850259781 0.19799999892712
			vertex 1.6065168380737 1.5376168489456 0.19799999892712
		endloop
	endfacet
	facet normal 0 0 -1
		outer loop
			vertex 1.6065168380737 1.5376168489456 0.19799999892712
			vertex 1.6152929067612 1.5683032274246 0.19799999892712
			vertex 1.6284272670746 1.5595271587372 0.19799999892712
		endloop
	endfacet
	facet normal 0 0 -1
		outer loop
			vertex 1.599799990654 1.5713850259781 0.19799999892712
			vertex 1.6152929067612 1.5683032274246 0.19799999892712
			vertex 1.6065168380737 1.5376168489456 0.19799999892712
		endloop
	endfacet
	facet normal -0.83146816895758 -0.55557239313192 0
		outer loop
			vertex 1.7363872528076 1.4515671730042 0
			vertex 1.7451633214951 1.4384329319 0
			vertex 1.7451633214951 1.4384329319 0.19799999892712
		endloop
	endfacet
	facet normal -0.9807859257324 -0.19508707769927 0
		outer loop
			vertex 1.7451633214951 1.4384329319 0
			vertex 1.7482450008392 1.4229400157928 0
			vertex 1.7482450008392 1.4229400157928 0.19799999892712
		endloop
	endfacet
	facet normal -0.83146816895758 -0.55557239313192 0
		outer loop
			vertex 1.7363872528076 1.4515671730042 0
			vertex 1.7451633214951 1.4384329319 0.19799999892712
			vertex 1.7363872528076 1.4515671730042 0.19799999892712
		endloop
	endfacet
	facet normal -0.9807859257324 -0.19508707769927 0
		outer loop
			vertex 1.7451633214951 1.4384329319 0
			vertex 1.7482450008392 1.4229400157928 0.19799999892712
			vertex 1.7451633214951 1.4384329319 0.19799999892712
		endloop
	endfacet
	facet normal 0 0 -1
		outer loop
			vertex 1.6922670602798 1.3896172046661 0.19799999892712
			vertex 1.6846257448196 1.3998056650162 0.19799999892712
			vertex 1.6973922252655 1.4125722646713 0.19799999892712
		endloop
	endfacet
	facet normal 0 0 -1
		outer loop
			vertex 1.707759976387 1.4229400157928 0.19799999892712
			vertex 1.7363872528076 1.4515671730042 0.19799999892712
			vertex 1.7482450008392 1.4229400157928 0.19799999892712
		endloop
	endfacet
	facet normal 0 0 -1
		outer loop
			vertex 1.7363872528076 1.4515671730042 0.19799999892712
			vertex 1.7451633214951 1.4384329319 0.19799999892712
			vertex 1.7482450008392 1.4229400157928 0.19799999892712
		endloop
	endfacet
	facet normal -0.83147049827122 0.55556890707149 0
		outer loop
			vertex 1.7451633214951 1.2994871139526 0
			vertex 1.7363872528076 1.2863527536392 0
			vertex 1.7363872528076 1.2863527536392 0.19799999892712
		endloop
	endfacet
	facet normal -0.83147049827122 0.55556890707149 0
		outer loop
			vertex 1.7451633214951 1.2994871139526 0
			vertex 1.7363872528076 1.2863527536392 0.19799999892712
			vertex 1.7451633214951 1.2994871139526 0.19799999892712
		endloop
	endfacet
	facet normal -0 0 -1
		outer loop
			vertex 1.7451633214951 1.2994871139526 0.19799999892712
			vertex 1.7363872528076 1.2863527536392 0.19799999892712
			vertex 1.7482450008392 1.3149800300598 0.19799999892712
		endloop
	endfacet
	facet normal -0.9807859257324 0.19508707769927 0
		outer loop
			vertex 1.7451633214951 1.2994871139526 0
			vertex 1.7451633214951 1.2994871139526 0.19799999892712
			vertex 1.7482450008392 1.3149800300598 0
		endloop
	endfacet
	facet normal -0.9807859257324 0.19508707769927 0
		outer loop
			vertex 1.7482450008392 1.3149800300598 0
			vertex 1.7451633214951 1.2994871139526 0.19799999892712
			vertex 1.7482450008392 1.3149800300598 0.19799999892712
		endloop
	endfacet
	facet normal 0 -0 -1
		outer loop
			vertex 1.6703468561172 1.3149800300598 0.19799999892712
			vertex 1.7098070383072 1.3129329681396 0.19799999892712
			vertex 1.6684830188751 1.3089069128036 0.19799999892712
		endloop
	endfacet
	facet normal 0 0 -1
		outer loop
			vertex 1.6703468561172 1.3149800300598 0.19799999892712
			vertex 1.715812921524 1.3149800300598 0.19799999892712
			vertex 1.7098070383072 1.3129329681396 0.19799999892712
		endloop
	endfacet
	facet normal 0 0 -1
		outer loop
			vertex 1.715812921524 1.3149800300598 0.19799999892712
			vertex 1.7232528924942 1.3483027219772 0.19799999892712
			vertex 1.7363872528076 1.2863527536392 0.19799999892712
		endloop
	endfacet
	facet normal 0 0 -1
		outer loop
			vertex 1.7098070383072 1.3129329681396 0.19799999892712
			vertex 1.715812921524 1.3149800300598 0.19799999892712
			vertex 1.7363872528076 1.2863527536392 0.19799999892712
		endloop
	endfacet
	facet normal 0 0 -1
		outer loop
			vertex 1.7232528924942 1.3483027219772 0.19799999892712
			vertex 1.7482450008392 1.3149800300598 0.19799999892712
			vertex 1.7363872528076 1.2863527536392 0.19799999892712
		endloop
	endfacet
	facet normal -0.19508707769927 0.9807859257324 0
		outer loop
			vertex 1.599799990654 1.1665350198746 0
			vertex 1.599799990654 1.1665350198746 0.19799999892712
			vertex 1.6152929067612 1.1696166992188 0
		endloop
	endfacet
	facet normal -0.55556890707149 0.83147049827122 0
		outer loop
			vertex 1.6152929067612 1.1696166992188 0
			vertex 1.6152929067612 1.1696166992188 0.19799999892712
			vertex 1.6284272670746 1.1783927679062 0
		endloop
	endfacet
	facet normal -0.19508707769927 0.9807859257324 0
		outer loop
			vertex 1.6152929067612 1.1696166992188 0
			vertex 1.599799990654 1.1665350198746 0.19799999892712
			vertex 1.6152929067612 1.1696166992188 0.19799999892712
		endloop
	endfacet
	facet normal -0.55556890707149 0.83147049827122 0
		outer loop
			vertex 1.6284272670746 1.1783927679062 0
			vertex 1.6152929067612 1.1696166992188 0.19799999892712
			vertex 1.6284272670746 1.1783927679062 0.19799999892712
		endloop
	endfacet
	facet normal 0 0 -1
		outer loop
			vertex 1.599799990654 1.1665350198746 0.19799999892712
			vertex 1.6284272670746 1.1783927679062 0.19799999892712
			vertex 1.6152929067612 1.1696166992188 0.19799999892712
		endloop
	endfacet
	facet normal 0 0 -1
		outer loop
			vertex 1.599799990654 1.1665350198746 0.19799999892712
			vertex 1.599799990654 1.2070200443268 0.19799999892712
			vertex 1.6284272670746 1.1783927679062 0.19799999892712
		endloop
	endfacet
	facet normal 1 0 0
		outer loop
			vertex 1.7752350568771 0.99110001325607 0
			vertex 1.7752350568771 1.5309000015259 0
			vertex 1.7752350568771 0.99110001325607 0.19799999892712
		endloop
	endfacet
	facet normal 0 0 -1
		outer loop
			vertex 1.7752350568771 0.99110001325607 0.19799999892712
			vertex 1.7752350568771 1.5309000015259 0.19799999892712
			vertex 1.807667016983 0.99110001325607 0.19799999892712
		endloop
	endfacet
	facet normal 1 -0 0
		outer loop
			vertex 1.7752350568771 0.99110001325607 0.19799999892712
			vertex 1.7752350568771 1.5309000015259 0
			vertex 1.7752350568771 1.5309000015259 0.19799999892712
		endloop
	endfacet
	facet normal 0 0 -1
		outer loop
			vertex 1.8157199621201 0.99110001325607 0.19799999892712
			vertex 1.8127282857895 1.0309898853302 0.19799999892712
			vertex 1.8343039751053 1.0129635334015 0.19799999892712
		endloop
	endfacet
	facet normal 0 0 -1
		outer loop
			vertex 1.8343039751053 1.0129635334015 0.19799999892712
			vertex 1.8127282857895 1.0309898853302 0.19799999892712
			vertex 1.850132226944 1.0315849781036 0.19799999892712
		endloop
	endfacet
	facet normal -1 0 0
		outer loop
			vertex 1.8562049865723 1.0315849781036 0
			vertex 1.8562049865723 1.0315849781036 0.19799999892712
			vertex 1.8562049865723 1.4904149770737 0
		endloop
	endfacet
	facet normal 0 0 -1
		outer loop
			vertex 1.807667016983 0.99110001325607 0.19799999892712
			vertex 1.7752350568771 1.5309000015259 0.19799999892712
			vertex 1.8127282857895 1.0309898853302 0.19799999892712
		endloop
	endfacet
	facet normal 0 0 -1
		outer loop
			vertex 1.8127282857895 1.0309898853302 0.19799999892712
			vertex 1.7752350568771 1.5309000015259 0.19799999892712
			vertex 1.850132226944 1.0315849781036 0.19799999892712
		endloop
	endfacet
	facet normal 0 0 -1
		outer loop
			vertex 1.850132226944 1.0315849781036 0.19799999892712
			vertex 1.8562049865723 1.4904149770737 0.19799999892712
			vertex 1.8562049865723 1.0315849781036 0.19799999892712
		endloop
	endfacet
	facet normal -1 0 0
		outer loop
			vertex 1.8562049865723 1.0315849781036 0.19799999892712
			vertex 1.8562049865723 1.4904149770737 0.19799999892712
			vertex 1.8562049865723 1.4904149770737 0
		endloop
	endfacet
	facet normal 0 0 -1
		outer loop
			vertex 1.850132226944 1.0315849781036 0.19799999892712
			vertex 1.7927870750427 1.5309000015259 0.19799999892712
			vertex 1.8184725046158 1.4909625053406 0.19799999892712
		endloop
	endfacet
	facet normal 0 0 -1
		outer loop
			vertex 1.850132226944 1.0315849781036 0.19799999892712
			vertex 1.7752350568771 1.5309000015259 0.19799999892712
			vertex 1.7783167362213 1.5309000015259 0.19799999892712
		endloop
	endfacet
	facet normal 0 0 -1
		outer loop
			vertex 1.850132226944 1.0315849781036 0.19799999892712
			vertex 1.7783167362213 1.5309000015259 0.19799999892712
			vertex 1.7870928049088 1.5309000015259 0.19799999892712
		endloop
	endfacet
	facet normal 0 0 -1
		outer loop
			vertex 1.850132226944 1.0315849781036 0.19799999892712
			vertex 1.7870928049088 1.5309000015259 0.19799999892712
			vertex 1.7927870750427 1.5309000015259 0.19799999892712
		endloop
	endfacet
	facet normal 0 0 -1
		outer loop
			vertex 1.850132226944 1.0315849781036 0.19799999892712
			vertex 1.8184725046158 1.4909625053406 0.19799999892712
			vertex 1.8562049865723 1.4990903139114 0.19799999892712
		endloop
	endfacet
	facet normal 0 0 -1
		outer loop
			vertex 1.850132226944 1.0315849781036 0.19799999892712
			vertex 1.8562049865723 1.4990903139114 0.19799999892712
			vertex 1.8562049865723 1.4904149770737 0.19799999892712
		endloop
	endfacet
	facet normal 0 0 -1
		outer loop
			vertex 1.8184725046158 1.4909625053406 0.19799999892712
			vertex 1.8252646923065 1.5234005451202 0.19799999892712
			vertex 1.8429009914398 1.5095435380936 0.19799999892712
		endloop
	endfacet
	facet normal 0 0 -1
		outer loop
			vertex 1.8184725046158 1.4909625053406 0.19799999892712
			vertex 1.8429009914398 1.5095435380936 0.19799999892712
			vertex 1.8443472385406 1.5084072351456 0.19799999892712
		endloop
	endfacet
	facet normal 0 0 -1
		outer loop
			vertex 1.8184725046158 1.4909625053406 0.19799999892712
			vertex 1.8443472385406 1.5084072351456 0.19799999892712
			vertex 1.8562049865723 1.4990903139114 0.19799999892712
		endloop
	endfacet
	facet normal 0 0 -1
		outer loop
			vertex 1.7927870750427 1.5309000015259 0.19799999892712
			vertex 1.8002270460129 1.5309000015259 0.19799999892712
			vertex 1.8184725046158 1.4909625053406 0.19799999892712
		endloop
	endfacet
	facet normal 0 0 -1
		outer loop
			vertex 1.8184725046158 1.4909625053406 0.19799999892712
			vertex 1.8002270460129 1.5309000015259 0.19799999892712
			vertex 1.8157199621201 1.5309000015259 0.19799999892712
		endloop
	endfacet
	facet normal 0 0 -1
		outer loop
			vertex 1.8312129974365 0.95393490791321 0.19799999892712
			vertex 1.8382024765015 0.99336463212967 0.19799999892712
			vertex 1.8443472385406 0.99398356676102 0.19799999892712
		endloop
	endfacet
	facet normal 0 0 -1
		outer loop
			vertex 1.8343039751053 1.0129635334015 0.19799999892712
			vertex 1.850132226944 1.0315849781036 0.19799999892712
			vertex 1.8443472385406 0.99398356676102 0.19799999892712
		endloop
	endfacet
	facet normal 0 1 0
		outer loop
			vertex 1.8157199621201 0.95061498880386 0
			vertex 1.8157199621201 0.95061498880386 0.19799999892712
			vertex 2.1935799121857 0.95061498880386 0
		endloop
	endfacet
	facet normal 0 -1 0
		outer loop
			vertex 1.8562049865723 1.0315849781036 0
			vertex 2.176810503006 1.0315849781036 0.19799999892712
			vertex 1.8562049865723 1.0315849781036 0.19799999892712
		endloop
	endfacet
	facet normal 0 0 -1
		outer loop
			vertex 1.8157199621201 0.95061498880386 0.19799999892712
			vertex 1.8312129974365 0.95393490791321 0.19799999892712
			vertex 2.1728060245514 1.0249747037888 0.19799999892712
		endloop
	endfacet
	facet normal 0 0 -1
		outer loop
			vertex 1.8312129974365 0.95393490791321 0.19799999892712
			vertex 1.8443472385406 0.99398356676102 0.19799999892712
			vertex 2.1722371578217 1.02701151371 0.19799999892712
		endloop
	endfacet
	facet normal 0 0 -1
		outer loop
			vertex 1.8443472385406 0.99398356676102 0.19799999892712
			vertex 1.850132226944 1.0315849781036 0.19799999892712
			vertex 2.1722371578217 1.02701151371 0.19799999892712
		endloop
	endfacet
	facet normal 0 0 -1
		outer loop
			vertex 1.850132226944 1.0315849781036 0.19799999892712
			vertex 1.8562049865723 1.0315849781036 0.19799999892712
			vertex 2.1722371578217 1.02701151371 0.19799999892712
		endloop
	endfacet
	facet normal -0 1 0
		outer loop
			vertex 1.8157199621201 0.95061498880386 0.19799999892712
			vertex 2.1935799121857 0.95061498880386 0.19799999892712
			vertex 2.1935799121857 0.95061498880386 0
		endloop
	endfacet
	facet normal 0 -1 0
		outer loop
			vertex 1.8562049865723 1.0315849781036 0
			vertex 2.176810503006 1.0315849781036 0
			vertex 2.176810503006 1.0315849781036 0.19799999892712
		endloop
	endfacet
	facet normal 0 0 -1
		outer loop
			vertex 1.8157199621201 0.95061498880386 0.19799999892712
			vertex 2.1728060245514 1.0249747037888 0.19799999892712
			vertex 2.1935799121857 0.95061498880386 0.19799999892712
		endloop
	endfacet
	facet normal 0 0 -1
		outer loop
			vertex 1.8312129974365 0.95393490791321 0.19799999892712
			vertex 2.1722371578217 1.02701151371 0.19799999892712
			vertex 2.1728060245514 1.0249747037888 0.19799999892712
		endloop
	endfacet
	facet normal 0 0 -1
		outer loop
			vertex 1.8562049865723 1.0315849781036 0.19799999892712
			vertex 2.176810503006 1.0315849781036 0.19799999892712
			vertex 2.1722371578217 1.02701151371 0.19799999892712
		endloop
	endfacet
	facet normal 0 0 -1
		outer loop
			vertex 2.1722371578217 1.02701151371 0.19799999892712
			vertex 2.1732652187347 1.0252814292908 0.19799999892712
			vertex 2.1728060245514 1.0249747037888 0.19799999892712
		endloop
	endfacet
	facet normal 0 -0 -1
		outer loop
			vertex 2.176810503006 1.0315849781036 0.19799999892712
			vertex 2.1780869960785 1.0285032987595 0.19799999892712
			vertex 2.1722371578217 1.02701151371 0.19799999892712
		endloop
	endfacet
	facet normal 0 0 -1
		outer loop
			vertex 2.1780869960785 1.0285032987595 0.19799999892712
			vertex 2.1732652187347 1.0252814292908 0.19799999892712
			vertex 2.1722371578217 1.02701151371 0.19799999892712
		endloop
	endfacet
	facet normal 0.70710647627067 -0.70710708610229 0
		outer loop
			vertex 2.176810503006 1.0315849781036 0
			vertex 2.3150351047516 1.16980946064 0.19799999892712
			vertex 2.176810503006 1.0315849781036 0.19799999892712
		endloop
	endfacet
	facet normal -0.70710704144875 0.70710652092424 0
		outer loop
			vertex 2.2222073078156 0.96247279644012 0
			vertex 2.2222073078156 0.96247279644012 0.19799999892712
			vertex 2.3841471672058 1.1244127750397 0.19799999892712
		endloop
	endfacet
	facet normal 0 0 -1
		outer loop
			vertex 2.176810503006 1.0315849781036 0.19799999892712
			vertex 2.2116169929504 1.0157134532928 0.19799999892712
			vertex 2.1780869960785 1.0285032987595 0.19799999892712
		endloop
	endfacet
	facet normal 0 0 -1
		outer loop
			vertex 2.1780869960785 1.0285032987595 0.19799999892712
			vertex 2.2116169929504 1.0157134532928 0.19799999892712
			vertex 2.1935799121857 0.99110001325607 0.19799999892712
		endloop
	endfacet
	facet normal 0 0 -1
		outer loop
			vertex 2.176810503006 1.0315849781036 0.19799999892712
			vertex 2.3150351047516 1.1568390130997 0.19799999892712
			vertex 2.2116169929504 1.0157134532928 0.19799999892712
		endloop
	endfacet
	facet normal 0 0 -1
		outer loop
			vertex 2.2222073078156 0.96247279644012 0.19799999892712
			vertex 2.2116169929504 1.0157134532928 0.19799999892712
			vertex 2.3327538967133 1.1204965114594 0.19799999892712
		endloop
	endfacet
	facet normal 0.70710647627067 -0.70710708610229 0
		outer loop
			vertex 2.176810503006 1.0315849781036 0
			vertex 2.3150351047516 1.16980946064 0
			vertex 2.3150351047516 1.16980946064 0.19799999892712
		endloop
	endfacet
	facet normal 0 0 -1
		outer loop
			vertex 2.176810503006 1.0315849781036 0.19799999892712
			vertex 2.3150351047516 1.16980946064 0.19799999892712
			vertex 2.3150351047516 1.1568390130997 0.19799999892712
		endloop
	endfacet
	facet normal 0 0 -1
		outer loop
			vertex 2.2116169929504 1.0157134532928 0.19799999892712
			vertex 2.3150351047516 1.1568390130997 0.19799999892712
			vertex 2.3327538967133 1.1204965114594 0.19799999892712
		endloop
	endfacet
	facet normal -0.70710704144875 0.70710652092424 0
		outer loop
			vertex 2.2222073078156 0.96247279644012 0
			vertex 2.3841471672058 1.1244127750397 0.19799999892712
			vertex 2.3841471672058 1.1244127750397 0
		endloop
	endfacet
	facet normal 0 0 -1
		outer loop
			vertex 2.2222073078156 0.96247279644012 0.19799999892712
			vertex 2.3327538967133 1.1204965114594 0.19799999892712
			vertex 2.3841471672058 1.1244127750397 0.19799999892712
		endloop
	endfacet
	facet normal 0 0 -1
		outer loop
			vertex 2.3327538967133 1.1204965114594 0.19799999892712
			vertex 2.3150351047516 1.1568390130997 0.19799999892712
			vertex 2.3268928527832 1.155726313591 0.19799999892712
		endloop
	endfacet
	facet normal 0 0 -1
		outer loop
			vertex 2.3327538967133 1.1204965114594 0.19799999892712
			vertex 2.3555200099945 1.1530400514603 0.19799999892712
			vertex 2.3841471672058 1.1244127750397 0.19799999892712
		endloop
	endfacet
	facet normal 1 0 0
		outer loop
			vertex 2.3150351047516 1.16980946064 0
			vertex 2.3150351047516 1.3521906137466 0
			vertex 2.3150351047516 1.3521906137466 0.19799999892712
		endloop
	endfacet
	facet normal 1 0 0
		outer loop
			vertex 2.3150351047516 1.16980946064 0
			vertex 2.3150351047516 1.3521906137466 0.19799999892712
			vertex 2.3150351047516 1.16980946064 0.19799999892712
		endloop
	endfacet
	facet normal -1 0 0
		outer loop
			vertex 2.3960049152374 1.1530400514603 0
			vertex 2.3960049152374 1.1530400514603 0.19799999892712
			vertex 2.3960049152374 1.3689600229263 0
		endloop
	endfacet
	facet normal -1 0 0
		outer loop
			vertex 2.3960049152374 1.1530400514603 0.19799999892712
			vertex 2.3960049152374 1.3689600229263 0.19799999892712
			vertex 2.3960049152374 1.3689600229263 0
		endloop
	endfacet
	facet normal 0 0 -1
		outer loop
			vertex 2.3150351047516 1.1568390130997 0.19799999892712
			vertex 2.3492081165314 1.1922694444656 0.19799999892712
			vertex 2.3268928527832 1.155726313591 0.19799999892712
		endloop
	endfacet
	facet normal 0 0 -1
		outer loop
			vertex 2.3268928527832 1.155726313591 0.19799999892712
			vertex 2.3492081165314 1.1922694444656 0.19799999892712
			vertex 2.3473138809204 1.1538100242615 0.19799999892712
		endloop
	endfacet
	facet normal 0 0 -1
		outer loop
			vertex 2.3555200099945 1.1530400514603 0.19799999892712
			vertex 2.3492081165314 1.1922694444656 0.19799999892712
			vertex 2.3898415565491 1.1530400514603 0.19799999892712
		endloop
	endfacet
	facet normal 0 0 -1
		outer loop
			vertex 2.3150351047516 1.1568390130997 0.19799999892712
			vertex 2.3150351047516 1.16980946064 0.19799999892712
			vertex 2.3250966072083 1.3421288728714 0.19799999892712
		endloop
	endfacet
	facet normal 0 0 -1
		outer loop
			vertex 2.3150351047516 1.1568390130997 0.19799999892712
			vertex 2.3250966072083 1.3421288728714 0.19799999892712
			vertex 2.3492081165314 1.1922694444656 0.19799999892712
		endloop
	endfacet
	facet normal 0 0 -1
		outer loop
			vertex 2.3150351047516 1.16980946064 0.19799999892712
			vertex 2.3150351047516 1.3521906137466 0.19799999892712
			vertex 2.3250966072083 1.3421288728714 0.19799999892712
		endloop
	endfacet
	facet normal 0 0 -1
		outer loop
			vertex 2.3492081165314 1.1922694444656 0.19799999892712
			vertex 2.3250966072083 1.3421288728714 0.19799999892712
			vertex 2.3929233551025 1.161257982254 0.19799999892712
		endloop
	endfacet
	facet normal 0 0 -1
		outer loop
			vertex 2.3929233551025 1.161257982254 0.19799999892712
			vertex 2.3250966072083 1.3421288728714 0.19799999892712
			vertex 2.3255724906921 1.3423088788986 0.19799999892712
		endloop
	endfacet
	facet normal 0 0 -1
		outer loop
			vertex 2.3492081165314 1.1922694444656 0.19799999892712
			vertex 2.3929233551025 1.161257982254 0.19799999892712
			vertex 2.3898415565491 1.1530400514603 0.19799999892712
		endloop
	endfacet
	facet normal 0 0 -1
		outer loop
			vertex 2.3929233551025 1.161257982254 0.19799999892712
			vertex 2.3960049152374 1.3689600229263 0.19799999892712
			vertex 2.3960049152374 1.1530400514603 0.19799999892712
		endloop
	endfacet
	facet normal 0 0 -1
		outer loop
			vertex 2.3929233551025 1.161257982254 0.19799999892712
			vertex 2.3255724906921 1.3423088788986 0.19799999892712
			vertex 2.3960049152374 1.3689600229263 0.19799999892712
		endloop
	endfacet
	facet normal 0 -0 -1
		outer loop
			vertex 2.3254716396332 1.3424596786499 0.19799999892712
			vertex 2.3255724906921 1.3423088788986 0.19799999892712
			vertex 2.3250966072083 1.3421288728714 0.19799999892712
		endloop
	endfacet
	facet normal 0.7071061713544 0.70710739101817 -0
		outer loop
			vertex 2.176810503006 1.4904149770737 0
			vertex 2.176810503006 1.4904149770737 0.19799999892712
			vertex 2.3150351047516 1.3521906137466 0
		endloop
	endfacet
	facet normal 0.7071061713544 0.70710739101817 0
		outer loop
			vertex 2.176810503006 1.4904149770737 0.19799999892712
			vertex 2.3150351047516 1.3521906137466 0.19799999892712
			vertex 2.3150351047516 1.3521906137466 0
		endloop
	endfacet
	facet normal -0.70710704144875 -0.70710652092424 0
		outer loop
			vertex 2.2222073078156 1.5595271587372 0
			vertex 2.3841471672058 1.3975871801376 0.19799999892712
			vertex 2.2222073078156 1.5595271587372 0.19799999892712
		endloop
	endfacet
	facet normal 0 0 -1
		outer loop
			vertex 2.1898505687714 1.4911568164825 0.19799999892712
			vertex 2.1935799121857 1.5309000015259 0.19799999892712
			vertex 2.2222073078156 1.5108735561371 0.19799999892712
		endloop
	endfacet
	facet normal 0 0 -1
		outer loop
			vertex 2.176810503006 1.4904149770737 0.19799999892712
			vertex 2.1897809505463 1.4904149770737 0.19799999892712
			vertex 2.3150351047516 1.3521906137466 0.19799999892712
		endloop
	endfacet
	facet normal 0 0 -1
		outer loop
			vertex 2.1897809505463 1.4904149770737 0.19799999892712
			vertex 2.3181166648865 1.3534671068192 0.19799999892712
			vertex 2.3150351047516 1.3521906137466 0.19799999892712
		endloop
	endfacet
	facet normal 0 -0 -1
		outer loop
			vertex 2.1898505687714 1.4911568164825 0.19799999892712
			vertex 2.3710129261017 1.4038600921631 0.19799999892712
			vertex 2.1897809505463 1.4904149770737 0.19799999892712
		endloop
	endfacet
	facet normal 0 0 -1
		outer loop
			vertex 2.1898505687714 1.4911568164825 0.19799999892712
			vertex 2.2222073078156 1.5108735561371 0.19799999892712
			vertex 2.3710129261017 1.4038600921631 0.19799999892712
		endloop
	endfacet
	facet normal 0 0 -1
		outer loop
			vertex 2.1897809505463 1.4904149770737 0.19799999892712
			vertex 2.3268928527832 1.3899382352829 0.19799999892712
			vertex 2.3181166648865 1.3534671068192 0.19799999892712
		endloop
	endfacet
	facet normal 0 0 -1
		outer loop
			vertex 2.1897809505463 1.4904149770737 0.19799999892712
			vertex 2.3710129261017 1.4038600921631 0.19799999892712
			vertex 2.3268928527832 1.3899382352829 0.19799999892712
		endloop
	endfacet
	facet normal 0 0 -1
		outer loop
			vertex 2.2222073078156 1.5108735561371 0.19799999892712
			vertex 2.2222073078156 1.5595271587372 0.19799999892712
			vertex 2.3841471672058 1.3975871801376 0.19799999892712
		endloop
	endfacet
	facet normal -0.70710704144875 -0.70710652092424 0
		outer loop
			vertex 2.2222073078156 1.5595271587372 0
			vertex 2.3841471672058 1.3975871801376 0
			vertex 2.3841471672058 1.3975871801376 0.19799999892712
		endloop
	endfacet
	facet normal 0 -0 -1
		outer loop
			vertex 2.3181166648865 1.3534671068192 0.19799999892712
			vertex 2.3250966072083 1.3421288728714 0.19799999892712
			vertex 2.3150351047516 1.3521906137466 0.19799999892712
		endloop
	endfacet
	facet normal 0 0 -1
		outer loop
			vertex 2.3181166648865 1.3534671068192 0.19799999892712
			vertex 2.3254716396332 1.3424596786499 0.19799999892712
			vertex 2.3250966072083 1.3421288728714 0.19799999892712
		endloop
	endfacet
	facet normal 0 0 -1
		outer loop
			vertex 2.3181166648865 1.3534671068192 0.19799999892712
			vertex 2.3268928527832 1.3899382352829 0.19799999892712
			vertex 2.3238110542297 1.3558256626129 0.19799999892712
		endloop
	endfacet
	facet normal 0 0 -1
		outer loop
			vertex 2.3268928527832 1.3899382352829 0.19799999892712
			vertex 2.3710129261017 1.4038600921631 0.19799999892712
			vertex 2.3555200099945 1.3689600229263 0.19799999892712
		endloop
	endfacet
	facet normal -0 0 -1
		outer loop
			vertex 2.3622369766235 1.3756768703461 0.19799999892712
			vertex 2.3555200099945 1.3689600229263 0.19799999892712
			vertex 2.3710129261017 1.4038600921631 0.19799999892712
		endloop
	endfacet
	facet normal 0 0 -1
		outer loop
			vertex 2.2222073078156 1.5108735561371 0.19799999892712
			vertex 2.3841471672058 1.3975871801376 0.19799999892712
			vertex 2.3710129261017 1.4038600921631 0.19799999892712
		endloop
	endfacet
	facet normal 0 0 -1
		outer loop
			vertex 1.8443472385406 1.5084072351456 0.19799999892712
			vertex 1.8443472385406 1.5202649831772 0.19799999892712
			vertex 1.8562049865723 1.4990903139114 0.19799999892712
		endloop
	endfacet
	facet normal 0 1 0
		outer loop
			vertex 1.8562049865723 1.4904149770737 0
			vertex 1.8562049865723 1.4904149770737 0.19799999892712
			vertex 2.176810503006 1.4904149770737 0
		endloop
	endfacet
	facet normal 0 0 -1
		outer loop
			vertex 1.8562049865723 1.4904149770737 0.19799999892712
			vertex 1.8562049865723 1.4990903139114 0.19799999892712
			vertex 2.176810503006 1.4904149770737 0.19799999892712
		endloop
	endfacet
	facet normal 0 0 -1
		outer loop
			vertex 1.8157199621201 1.5309000015259 0.19799999892712
			vertex 1.8157199621201 1.5713850259781 0.19799999892712
			vertex 1.8252646923065 1.5234005451202 0.19799999892712
		endloop
	endfacet
	facet normal 0 -1 0
		outer loop
			vertex 1.8157199621201 1.5713850259781 0
			vertex 2.1935799121857 1.5713850259781 0.19799999892712
			vertex 1.8157199621201 1.5713850259781 0.19799999892712
		endloop
	endfacet
	facet normal 0 0 -1
		outer loop
			vertex 1.8387968540192 1.530176281929 0.19799999892712
			vertex 2.1781325340271 1.5680748224258 0.19799999892712
			vertex 1.8443472385406 1.5202649831772 0.19799999892712
		endloop
	endfacet
	facet normal 0 0 -1
		outer loop
			vertex 1.8157199621201 1.5713850259781 0.19799999892712
			vertex 2.1935799121857 1.5713850259781 0.19799999892712
			vertex 1.8387968540192 1.530176281929 0.19799999892712
		endloop
	endfacet
	facet normal 0 0 -1
		outer loop
			vertex 1.8562049865723 1.4990903139114 0.19799999892712
			vertex 1.8443472385406 1.5202649831772 0.19799999892712
			vertex 2.1780869960785 1.5680650472641 0.19799999892712
		endloop
	endfacet
	facet normal -0 1 0
		outer loop
			vertex 1.8562049865723 1.4904149770737 0.19799999892712
			vertex 2.176810503006 1.4904149770737 0.19799999892712
			vertex 2.176810503006 1.4904149770737 0
		endloop
	endfacet
	facet normal 0 0 -1
		outer loop
			vertex 1.8562049865723 1.4990903139114 0.19799999892712
			vertex 2.1897809505463 1.4904149770737 0.19799999892712
			vertex 2.176810503006 1.4904149770737 0.19799999892712
		endloop
	endfacet
	facet normal 0 0 -1
		outer loop
			vertex 1.8562049865723 1.4990903139114 0.19799999892712
			vertex 2.1898505687714 1.4911568164825 0.19799999892712
			vertex 2.1897809505463 1.4904149770737 0.19799999892712
		endloop
	endfacet
	facet normal 0 0 -1
		outer loop
			vertex 1.8562049865723 1.4990903139114 0.19799999892712
			vertex 2.1710693836212 1.5287775993347 0.19799999892712
			vertex 2.1898505687714 1.4911568164825 0.19799999892712
		endloop
	endfacet
	facet normal 0 -1 0
		outer loop
			vertex 1.8157199621201 1.5713850259781 0
			vertex 2.1935799121857 1.5713850259781 0
			vertex 2.1935799121857 1.5713850259781 0.19799999892712
		endloop
	endfacet
	facet normal 0 0 -1
		outer loop
			vertex 1.8562049865723 1.4990903139114 0.19799999892712
			vertex 2.1780869960785 1.5680650472641 0.19799999892712
			vertex 2.1710693836212 1.5287775993347 0.19799999892712
		endloop
	endfacet
	facet normal 0 0 -1
		outer loop
			vertex 1.8443472385406 1.5202649831772 0.19799999892712
			vertex 2.1781325340271 1.5680748224258 0.19799999892712
			vertex 2.1780869960785 1.5680650472641 0.19799999892712
		endloop
	endfacet
	facet normal 0 0 -1
		outer loop
			vertex 1.8387968540192 1.530176281929 0.19799999892712
			vertex 2.1935799121857 1.5713850259781 0.19799999892712
			vertex 2.1781325340271 1.5680748224258 0.19799999892712
		endloop
	endfacet
	facet normal 0 -0 -1
		outer loop
			vertex 2.1780869960785 1.5294392108917 0.19799999892712
			vertex 2.1898505687714 1.4911568164825 0.19799999892712
			vertex 2.1710693836212 1.5287775993347 0.19799999892712
		endloop
	endfacet
	facet normal 0 0 -1
		outer loop
			vertex 2.1935799121857 1.5309000015259 0.19799999892712
			vertex 2.1781325340271 1.5680748224258 0.19799999892712
			vertex 2.1935799121857 1.5713850259781 0.19799999892712
		endloop
	endfacet
	facet normal 0 0 -1
		outer loop
			vertex 1.8429009914398 1.5095435380936 0.19799999892712
			vertex 1.8443472385406 1.5202649831772 0.19799999892712
			vertex 1.8443472385406 1.5084072351456 0.19799999892712
		endloop
	endfacet
	facet normal 0.83146816895758 -0.55557239313192 0
		outer loop
			vertex 1.7783167362213 1.5463929176331 0
			vertex 1.7870928049088 1.5595271587372 0
			vertex 1.7870928049088 1.5595271587372 0.19799999892712
		endloop
	endfacet
	facet normal 0.83146816895758 -0.55557239313192 0
		outer loop
			vertex 1.7783167362213 1.5463929176331 0
			vertex 1.7870928049088 1.5595271587372 0.19799999892712
			vertex 1.7783167362213 1.5463929176331 0.19799999892712
		endloop
	endfacet
	facet normal 0 0 -1
		outer loop
			vertex 1.7783167362213 1.5309000015259 0.19799999892712
			vertex 1.7783167362213 1.5463929176331 0.19799999892712
			vertex 1.7870928049088 1.5309000015259 0.19799999892712
		endloop
	endfacet
	facet normal 0 0 -1
		outer loop
			vertex 1.7870928049088 1.5309000015259 0.19799999892712
			vertex 1.7783167362213 1.5463929176331 0.19799999892712
			vertex 1.7870928049088 1.5595271587372 0.19799999892712
		endloop
	endfacet
	facet normal 0 0 -1
		outer loop
			vertex 1.7927870750427 1.5309000015259 0.19799999892712
			vertex 1.7870928049088 1.5595271587372 0.19799999892712
			vertex 1.8002270460129 1.5309000015259 0.19799999892712
		endloop
	endfacet
	facet normal 0 0 -1
		outer loop
			vertex 1.7870928049088 1.5595271587372 0.19799999892712
			vertex 1.8002270460129 1.5683032274246 0.19799999892712
			vertex 1.8002270460129 1.5309000015259 0.19799999892712
		endloop
	endfacet
	facet normal 0 0 -1
		outer loop
			vertex 1.8387968540192 1.530176281929 0.19799999892712
			vertex 1.8443472385406 1.5202649831772 0.19799999892712
			vertex 1.8429009914398 1.5095435380936 0.19799999892712
		endloop
	endfacet
	facet normal 0.98078606933945 0.19508635572402 0
		outer loop
			vertex 1.7783167362213 0.97560703754425 0
			vertex 1.7752350568771 0.99110001325607 0
			vertex 1.7752350568771 0.99110001325607 0.19799999892712
		endloop
	endfacet
	facet normal 0.55557239313192 0.83146816895758 -0
		outer loop
			vertex 1.7870928049088 0.96247279644012 0
			vertex 1.7870928049088 0.96247279644012 0.19799999892712
			vertex 1.8002270460129 0.95369672775269 0
		endloop
	endfacet
	facet normal 0.83146816895758 0.55557239313192 0
		outer loop
			vertex 1.7870928049088 0.96247279644012 0
			vertex 1.7783167362213 0.97560703754425 0
			vertex 1.7783167362213 0.97560703754425 0.19799999892712
		endloop
	endfacet
	facet normal 0.98078606933945 0.19508635572402 -0
		outer loop
			vertex 1.7783167362213 0.97560703754425 0
			vertex 1.7752350568771 0.99110001325607 0.19799999892712
			vertex 1.7783167362213 0.97560703754425 0.19799999892712
		endloop
	endfacet
	facet normal 0.83146816895758 0.55557239313192 -0
		outer loop
			vertex 1.7870928049088 0.96247279644012 0
			vertex 1.7783167362213 0.97560703754425 0.19799999892712
			vertex 1.7870928049088 0.96247279644012 0.19799999892712
		endloop
	endfacet
	facet normal 0 0 -1
		outer loop
			vertex 1.7870928049088 0.96247279644012 0.19799999892712
			vertex 1.7783167362213 0.97560703754425 0.19799999892712
			vertex 1.807667016983 0.99110001325607 0.19799999892712
		endloop
	endfacet
	facet normal 0 0 -1
		outer loop
			vertex 1.7783167362213 0.97560703754425 0.19799999892712
			vertex 1.7752350568771 0.99110001325607 0.19799999892712
			vertex 1.807667016983 0.99110001325607 0.19799999892712
		endloop
	endfacet
	facet normal 0.19509070738589 0.98078520374834 -0
		outer loop
			vertex 1.8002270460129 0.95369672775269 0
			vertex 1.8002270460129 0.95369672775269 0.19799999892712
			vertex 1.8157199621201 0.95061498880386 0
		endloop
	endfacet
	facet normal 0.55557239313192 0.83146816895758 0
		outer loop
			vertex 1.7870928049088 0.96247279644012 0.19799999892712
			vertex 1.8002270460129 0.95369672775269 0.19799999892712
			vertex 1.8002270460129 0.95369672775269 0
		endloop
	endfacet
	facet normal 0.19509070738589 0.98078520374834 -0
		outer loop
			vertex 1.8157199621201 0.95061498880386 0
			vertex 1.8002270460129 0.95369672775269 0.19799999892712
			vertex 1.8157199621201 0.95061498880386 0.19799999892712
		endloop
	endfacet
	facet normal 0 0 -1
		outer loop
			vertex 1.8002270460129 0.95369672775269 0.19799999892712
			vertex 1.807667016983 0.99110001325607 0.19799999892712
			vertex 1.8157199621201 0.95061498880386 0.19799999892712
		endloop
	endfacet
	facet normal 0 0 -1
		outer loop
			vertex 1.7870928049088 0.96247279644012 0.19799999892712
			vertex 1.807667016983 0.99110001325607 0.19799999892712
			vertex 1.8002270460129 0.95369672775269 0.19799999892712
		endloop
	endfacet
	facet normal 0 0 -1
		outer loop
			vertex 1.8157199621201 0.95061498880386 0.19799999892712
			vertex 1.807667016983 0.99110001325607 0.19799999892712
			vertex 1.8157199621201 0.99110001325607 0.19799999892712
		endloop
	endfacet
	facet normal 0 0 -1
		outer loop
			vertex 1.8157199621201 0.95061498880386 0.19799999892712
			vertex 1.8157199621201 0.99110001325607 0.19799999892712
			vertex 1.8343039751053 1.0129635334015 0.19799999892712
		endloop
	endfacet
	facet normal 0 0 -1
		outer loop
			vertex 1.8157199621201 0.95061498880386 0.19799999892712
			vertex 1.8343039751053 1.0129635334015 0.19799999892712
			vertex 1.8312129974365 0.95393490791321 0.19799999892712
		endloop
	endfacet
	facet normal 0 0 -1
		outer loop
			vertex 1.8312129974365 0.95393490791321 0.19799999892712
			vertex 1.8343039751053 1.0129635334015 0.19799999892712
			vertex 1.8382024765015 0.99336463212967 0.19799999892712
		endloop
	endfacet
	facet normal 0 0 -1
		outer loop
			vertex 1.807667016983 0.99110001325607 0.19799999892712
			vertex 1.8127282857895 1.0309898853302 0.19799999892712
			vertex 1.8157199621201 0.99110001325607 0.19799999892712
		endloop
	endfacet
	facet normal 0 0 -1
		outer loop
			vertex 1.8382024765015 0.99336463212967 0.19799999892712
			vertex 1.8343039751053 1.0129635334015 0.19799999892712
			vertex 1.8443472385406 0.99398356676102 0.19799999892712
		endloop
	endfacet
	facet normal -0.19509070738589 0.98078520374834 0
		outer loop
			vertex 2.1935799121857 0.95061498880386 0
			vertex 2.1935799121857 0.95061498880386 0.19799999892712
			vertex 2.2090728282928 0.95369672775269 0
		endloop
	endfacet
	facet normal -0.55556542104504 0.83147282754102 0
		outer loop
			vertex 2.2090728282928 0.95369672775269 0
			vertex 2.2090728282928 0.95369672775269 0.19799999892712
			vertex 2.2222073078156 0.96247279644012 0
		endloop
	endfacet
	facet normal -0.19509070738589 0.98078520374834 0
		outer loop
			vertex 2.2090728282928 0.95369672775269 0
			vertex 2.1935799121857 0.95061498880386 0.19799999892712
			vertex 2.2090728282928 0.95369672775269 0.19799999892712
		endloop
	endfacet
	facet normal -0.55556542104504 0.83147282754102 0
		outer loop
			vertex 2.2222073078156 0.96247279644012 0
			vertex 2.2090728282928 0.95369672775269 0.19799999892712
			vertex 2.2222073078156 0.96247279644012 0.19799999892712
		endloop
	endfacet
	facet normal 0 0 -1
		outer loop
			vertex 2.1780869960785 1.0285032987595 0.19799999892712
			vertex 2.1935799121857 0.99110001325607 0.19799999892712
			vertex 2.1935799121857 0.95061498880386 0.19799999892712
		endloop
	endfacet
	facet normal 0 0 -1
		outer loop
			vertex 2.1935799121857 0.95061498880386 0.19799999892712
			vertex 2.1935799121857 0.99110001325607 0.19799999892712
			vertex 2.2090728282928 0.95369672775269 0.19799999892712
		endloop
	endfacet
	facet normal 0 0 -1
		outer loop
			vertex 2.2090728282928 0.95369672775269 0.19799999892712
			vertex 2.1935799121857 0.99110001325607 0.19799999892712
			vertex 2.2116169929504 1.0157134532928 0.19799999892712
		endloop
	endfacet
	facet normal 0 0 -1
		outer loop
			vertex 2.2090728282928 0.95369672775269 0.19799999892712
			vertex 2.2116169929504 1.0157134532928 0.19799999892712
			vertex 2.2222073078156 0.96247279644012 0.19799999892712
		endloop
	endfacet
	facet normal 0 -0 -1
		outer loop
			vertex 2.1780869960785 1.0285032987595 0.19799999892712
			vertex 2.1935799121857 0.95061498880386 0.19799999892712
			vertex 2.1732652187347 1.0252814292908 0.19799999892712
		endloop
	endfacet
	facet normal 0 -0 -1
		outer loop
			vertex 2.1732652187347 1.0252814292908 0.19799999892712
			vertex 2.1935799121857 0.95061498880386 0.19799999892712
			vertex 2.1728060245514 1.0249747037888 0.19799999892712
		endloop
	endfacet
	facet normal -0.98078765685496 0.19507837440619 0
		outer loop
			vertex 2.3929233551025 1.1375470161438 0
			vertex 2.3929233551025 1.1375470161438 0.19799999892712
			vertex 2.3960049152374 1.1530400514603 0
		endloop
	endfacet
	facet normal -0.83146468287841 0.55557761035332 0
		outer loop
			vertex 2.3841471672058 1.1244127750397 0
			vertex 2.3841471672058 1.1244127750397 0.19799999892712
			vertex 2.3929233551025 1.1375470161438 0
		endloop
	endfacet
	facet normal -0.83146468287841 0.55557761035332 0
		outer loop
			vertex 2.3929233551025 1.1375470161438 0
			vertex 2.3841471672058 1.1244127750397 0.19799999892712
			vertex 2.3929233551025 1.1375470161438 0.19799999892712
		endloop
	endfacet
	facet normal -0.98078765685496 0.19507837440619 0
		outer loop
			vertex 2.3960049152374 1.1530400514603 0
			vertex 2.3929233551025 1.1375470161438 0.19799999892712
			vertex 2.3960049152374 1.1530400514603 0.19799999892712
		endloop
	endfacet
	facet normal 0 0 -1
		outer loop
			vertex 2.3327538967133 1.1204965114594 0.19799999892712
			vertex 2.3268928527832 1.155726313591 0.19799999892712
			vertex 2.3473138809204 1.1538100242615 0.19799999892712
		endloop
	endfacet
	facet normal 0 0 -1
		outer loop
			vertex 2.3327538967133 1.1204965114594 0.19799999892712
			vertex 2.3473138809204 1.1538100242615 0.19799999892712
			vertex 2.3555200099945 1.1530400514603 0.19799999892712
		endloop
	endfacet
	facet normal 0 0 -1
		outer loop
			vertex 2.3473138809204 1.1538100242615 0.19799999892712
			vertex 2.3492081165314 1.1922694444656 0.19799999892712
			vertex 2.3555200099945 1.1530400514603 0.19799999892712
		endloop
	endfacet
	facet normal 0 0 -1
		outer loop
			vertex 2.3555200099945 1.1530400514603 0.19799999892712
			vertex 2.3898415565491 1.1530400514603 0.19799999892712
			vertex 2.3841471672058 1.1244127750397 0.19799999892712
		endloop
	endfacet
	facet normal 0 0 -1
		outer loop
			vertex 2.3841471672058 1.1244127750397 0.19799999892712
			vertex 2.3898415565491 1.1530400514603 0.19799999892712
			vertex 2.3929233551025 1.1375470161438 0.19799999892712
		endloop
	endfacet
	facet normal 0 0 -1
		outer loop
			vertex 2.3929233551025 1.1375470161438 0.19799999892712
			vertex 2.3898415565491 1.1530400514603 0.19799999892712
			vertex 2.3929233551025 1.161257982254 0.19799999892712
		endloop
	endfacet
	facet normal 0 0 -1
		outer loop
			vertex 2.3929233551025 1.1375470161438 0.19799999892712
			vertex 2.3929233551025 1.161257982254 0.19799999892712
			vertex 2.3960049152374 1.1530400514603 0.19799999892712
		endloop
	endfacet
	facet normal -0.98078736966341 -0.19507981830198 0
		outer loop
			vertex 2.3960049152374 1.3689600229263 0
			vertex 2.3960049152374 1.3689600229263 0.19799999892712
			vertex 2.3929233551025 1.3844529390335 0
		endloop
	endfacet
	facet normal -0.83146468287841 -0.55557761035332 0
		outer loop
			vertex 2.3841471672058 1.3975871801376 0
			vertex 2.3929233551025 1.3844529390335 0
			vertex 2.3929233551025 1.3844529390335 0.19799999892712
		endloop
	endfacet
	facet normal -0.98078736966341 -0.19507981830198 0
		outer loop
			vertex 2.3929233551025 1.3844529390335 0
			vertex 2.3960049152374 1.3689600229263 0.19799999892712
			vertex 2.3929233551025 1.3844529390335 0.19799999892712
		endloop
	endfacet
	facet normal -0.83146468287841 -0.55557761035332 0
		outer loop
			vertex 2.3841471672058 1.3975871801376 0
			vertex 2.3929233551025 1.3844529390335 0.19799999892712
			vertex 2.3841471672058 1.3975871801376 0.19799999892712
		endloop
	endfacet
	facet normal 0 0 -1
		outer loop
			vertex 2.3181166648865 1.3534671068192 0.19799999892712
			vertex 2.3238110542297 1.3558256626129 0.19799999892712
			vertex 2.3254716396332 1.3424596786499 0.19799999892712
		endloop
	endfacet
	facet normal 0 0 -1
		outer loop
			vertex 2.3238110542297 1.3558256626129 0.19799999892712
			vertex 2.3255724906921 1.3423088788986 0.19799999892712
			vertex 2.3254716396332 1.3424596786499 0.19799999892712
		endloop
	endfacet
	facet normal 0 0 -1
		outer loop
			vertex 2.3255724906921 1.3423088788986 0.19799999892712
			vertex 2.3268928527832 1.3899382352829 0.19799999892712
			vertex 2.3555200099945 1.3689600229263 0.19799999892712
		endloop
	endfacet
	facet normal 0 0 -1
		outer loop
			vertex 2.3238110542297 1.3558256626129 0.19799999892712
			vertex 2.3268928527832 1.3899382352829 0.19799999892712
			vertex 2.3255724906921 1.3423088788986 0.19799999892712
		endloop
	endfacet
	facet normal 0 0 -1
		outer loop
			vertex 2.3255724906921 1.3423088788986 0.19799999892712
			vertex 2.3555200099945 1.3689600229263 0.19799999892712
			vertex 2.3960049152374 1.3689600229263 0.19799999892712
		endloop
	endfacet
	facet normal 0 -0 -1
		outer loop
			vertex 2.3622369766235 1.3756768703461 0.19799999892712
			vertex 2.3960049152374 1.3689600229263 0.19799999892712
			vertex 2.3555200099945 1.3689600229263 0.19799999892712
		endloop
	endfacet
	facet normal 0 0 -1
		outer loop
			vertex 2.3622369766235 1.3756768703461 0.19799999892712
			vertex 2.3710129261017 1.4038600921631 0.19799999892712
			vertex 2.3960049152374 1.3689600229263 0.19799999892712
		endloop
	endfacet
	facet normal 0 0 -1
		outer loop
			vertex 2.3960049152374 1.3689600229263 0.19799999892712
			vertex 2.3710129261017 1.4038600921631 0.19799999892712
			vertex 2.3841471672058 1.3975871801376 0.19799999892712
		endloop
	endfacet
	facet normal 0 0 -1
		outer loop
			vertex 2.3960049152374 1.3689600229263 0.19799999892712
			vertex 2.3841471672058 1.3975871801376 0.19799999892712
			vertex 2.3929233551025 1.3844529390335 0.19799999892712
		endloop
	endfacet
	facet normal 0 0 -1
		outer loop
			vertex 2.1780869960785 1.5294392108917 0.19799999892712
			vertex 2.1780869960785 1.5680650472641 0.19799999892712
			vertex 2.1781325340271 1.5680748224258 0.19799999892712
		endloop
	endfacet
	facet normal -0 0 -1
		outer loop
			vertex 2.1780869960785 1.5294392108917 0.19799999892712
			vertex 2.1710693836212 1.5287775993347 0.19799999892712
			vertex 2.1780869960785 1.5680650472641 0.19799999892712
		endloop
	endfacet
	facet normal -0.1950943370645 -0.98078448175191 0
		outer loop
			vertex 2.1935799121857 1.5713850259781 0
			vertex 2.2090728282928 1.5683032274246 0
			vertex 2.2090728282928 1.5683032274246 0.19799999892712
		endloop
	endfacet
	facet normal -0.55556542104504 -0.83147282754102 0
		outer loop
			vertex 2.2090728282928 1.5683032274246 0
			vertex 2.2222073078156 1.5595271587372 0
			vertex 2.2222073078156 1.5595271587372 0.19799999892712
		endloop
	endfacet
	facet normal -0.1950943370645 -0.98078448175191 0
		outer loop
			vertex 2.1935799121857 1.5713850259781 0
			vertex 2.2090728282928 1.5683032274246 0.19799999892712
			vertex 2.1935799121857 1.5713850259781 0.19799999892712
		endloop
	endfacet
	facet normal -0.55556542104504 -0.83147282754102 0
		outer loop
			vertex 2.2090728282928 1.5683032274246 0
			vertex 2.2222073078156 1.5595271587372 0.19799999892712
			vertex 2.2090728282928 1.5683032274246 0.19799999892712
		endloop
	endfacet
	facet normal 0 0 -1
		outer loop
			vertex 2.1780869960785 1.5294392108917 0.19799999892712
			vertex 2.1781325340271 1.5680748224258 0.19799999892712
			vertex 2.1898505687714 1.4911568164825 0.19799999892712
		endloop
	endfacet
	facet normal 0 0 -1
		outer loop
			vertex 2.1898505687714 1.4911568164825 0.19799999892712
			vertex 2.1781325340271 1.5680748224258 0.19799999892712
			vertex 2.1935799121857 1.5309000015259 0.19799999892712
		endloop
	endfacet
	facet normal 0 0 -1
		outer loop
			vertex 2.1935799121857 1.5309000015259 0.19799999892712
			vertex 2.2090728282928 1.5683032274246 0.19799999892712
			vertex 2.2222073078156 1.5595271587372 0.19799999892712
		endloop
	endfacet
	facet normal 0 0 -1
		outer loop
			vertex 2.1935799121857 1.5309000015259 0.19799999892712
			vertex 2.1935799121857 1.5713850259781 0.19799999892712
			vertex 2.2090728282928 1.5683032274246 0.19799999892712
		endloop
	endfacet
	facet normal 0 0 -1
		outer loop
			vertex 2.1935799121857 1.5309000015259 0.19799999892712
			vertex 2.2222073078156 1.5595271587372 0.19799999892712
			vertex 2.2222073078156 1.5108735561371 0.19799999892712
		endloop
	endfacet
	facet normal 0.9807859257324 -0.19508707769927 0
		outer loop
			vertex 1.7752350568771 1.5309000015259 0
			vertex 1.7783167362213 1.5463929176331 0
			vertex 1.7783167362213 1.5463929176331 0.19799999892712
		endloop
	endfacet
	facet normal 0.9807859257324 -0.19508707769927 0
		outer loop
			vertex 1.7752350568771 1.5309000015259 0
			vertex 1.7783167362213 1.5463929176331 0.19799999892712
			vertex 1.7752350568771 1.5309000015259 0.19799999892712
		endloop
	endfacet
	facet normal 0.55557239313192 -0.83146816895758 0
		outer loop
			vertex 1.7870928049088 1.5595271587372 0
			vertex 1.8002270460129 1.5683032274246 0.19799999892712
			vertex 1.7870928049088 1.5595271587372 0.19799999892712
		endloop
	endfacet
	facet normal 0 0 -1
		outer loop
			vertex 1.7752350568771 1.5309000015259 0.19799999892712
			vertex 1.7783167362213 1.5463929176331 0.19799999892712
			vertex 1.7783167362213 1.5309000015259 0.19799999892712
		endloop
	endfacet
	facet normal 0 0 -1
		outer loop
			vertex 1.7870928049088 1.5309000015259 0.19799999892712
			vertex 1.7870928049088 1.5595271587372 0.19799999892712
			vertex 1.7927870750427 1.5309000015259 0.19799999892712
		endloop
	endfacet
	facet normal 0.55557239313192 -0.83146816895758 0
		outer loop
			vertex 1.7870928049088 1.5595271587372 0
			vertex 1.8002270460129 1.5683032274246 0
			vertex 1.8002270460129 1.5683032274246 0.19799999892712
		endloop
	endfacet
	facet normal 0.1950943370645 -0.98078448175191 0
		outer loop
			vertex 1.8002270460129 1.5683032274246 0
			vertex 1.8157199621201 1.5713850259781 0
			vertex 1.8157199621201 1.5713850259781 0.19799999892712
		endloop
	endfacet
	facet normal 0.1950943370645 -0.98078448175191 0
		outer loop
			vertex 1.8002270460129 1.5683032274246 0
			vertex 1.8157199621201 1.5713850259781 0.19799999892712
			vertex 1.8002270460129 1.5683032274246 0.19799999892712
		endloop
	endfacet
	facet normal 0 0 -1
		outer loop
			vertex 1.8002270460129 1.5309000015259 0.19799999892712
			vertex 1.8002270460129 1.5683032274246 0.19799999892712
			vertex 1.8157199621201 1.5713850259781 0.19799999892712
		endloop
	endfacet
	facet normal 0 0 -1
		outer loop
			vertex 1.8184725046158 1.4909625053406 0.19799999892712
			vertex 1.8157199621201 1.5309000015259 0.19799999892712
			vertex 1.8252646923065 1.5234005451202 0.19799999892712
		endloop
	endfacet
	facet normal 0 0 -1
		outer loop
			vertex 1.8002270460129 1.5309000015259 0.19799999892712
			vertex 1.8157199621201 1.5713850259781 0.19799999892712
			vertex 1.8157199621201 1.5309000015259 0.19799999892712
		endloop
	endfacet
	facet normal 0 0 -1
		outer loop
			vertex 1.8252646923065 1.5234005451202 0.19799999892712
			vertex 1.8387968540192 1.530176281929 0.19799999892712
			vertex 1.8429009914398 1.5095435380936 0.19799999892712
		endloop
	endfacet
	facet normal 0 0 -1
		outer loop
			vertex 1.8252646923065 1.5234005451202 0.19799999892712
			vertex 1.8157199621201 1.5713850259781 0.19799999892712
			vertex 1.8387968540192 1.530176281929 0.19799999892712
		endloop
	endfacet
	facet normal 0 0 -1
		outer loop
			vertex 2.4634799957275 0.99110001325607 0.19799999892712
			vertex 2.460488319397 1.0309898853302 0.19799999892712
			vertex 2.4820640087128 1.0129635334015 0.19799999892712
		endloop
	endfacet
	facet normal 0 0 -1
		outer loop
			vertex 2.4820640087128 1.0129635334015 0.19799999892712
			vertex 2.460488319397 1.0309898853302 0.19799999892712
			vertex 2.4978921413422 1.0315849781036 0.19799999892712
		endloop
	endfacet
	facet normal 1 0 0
		outer loop
			vertex 2.4229950904846 0.99110001325607 0
			vertex 2.4229950904846 1.5309000015259 0
			vertex 2.4229950904846 0.99110001325607 0.19799999892712
		endloop
	endfacet
	facet normal 0 0 -1
		outer loop
			vertex 2.4229950904846 0.99110001325607 0.19799999892712
			vertex 2.4229950904846 1.5309000015259 0.19799999892712
			vertex 2.4554269313812 0.99110001325607 0.19799999892712
		endloop
	endfacet
	facet normal 1 -0 0
		outer loop
			vertex 2.4229950904846 0.99110001325607 0.19799999892712
			vertex 2.4229950904846 1.5309000015259 0
			vertex 2.4229950904846 1.5309000015259 0.19799999892712
		endloop
	endfacet
	facet normal -1 0 0
		outer loop
			vertex 2.5039649009705 1.0315849781036 0
			vertex 2.5039649009705 1.0315849781036 0.19799999892712
			vertex 2.5039649009705 1.4904149770737 0
		endloop
	endfacet
	facet normal 0 0 -1
		outer loop
			vertex 2.4554269313812 0.99110001325607 0.19799999892712
			vertex 2.4229950904846 1.5309000015259 0.19799999892712
			vertex 2.460488319397 1.0309898853302 0.19799999892712
		endloop
	endfacet
	facet normal 0 0 -1
		outer loop
			vertex 2.460488319397 1.0309898853302 0.19799999892712
			vertex 2.4229950904846 1.5309000015259 0.19799999892712
			vertex 2.4978921413422 1.0315849781036 0.19799999892712
		endloop
	endfacet
	facet normal 0 0 -1
		outer loop
			vertex 2.4978921413422 1.0315849781036 0.19799999892712
			vertex 2.5039649009705 1.4904149770737 0.19799999892712
			vertex 2.5039649009705 1.0315849781036 0.19799999892712
		endloop
	endfacet
	facet normal -1 0 0
		outer loop
			vertex 2.5039649009705 1.0315849781036 0.19799999892712
			vertex 2.5039649009705 1.4904149770737 0.19799999892712
			vertex 2.5039649009705 1.4904149770737 0
		endloop
	endfacet
	facet normal 0 0 -1
		outer loop
			vertex 2.4978921413422 1.0315849781036 0.19799999892712
			vertex 2.4229950904846 1.5309000015259 0.19799999892712
			vertex 2.4260766506195 1.5309000015259 0.19799999892712
		endloop
	endfacet
	facet normal 0 0 -1
		outer loop
			vertex 2.4978921413422 1.0315849781036 0.19799999892712
			vertex 2.4260766506195 1.5309000015259 0.19799999892712
			vertex 2.4348528385162 1.5309000015259 0.19799999892712
		endloop
	endfacet
	facet normal 0 0 -1
		outer loop
			vertex 2.4978921413422 1.0315849781036 0.19799999892712
			vertex 2.4348528385162 1.5309000015259 0.19799999892712
			vertex 2.4405469894409 1.5309000015259 0.19799999892712
		endloop
	endfacet
	facet normal 0 0 -1
		outer loop
			vertex 2.4978921413422 1.0315849781036 0.19799999892712
			vertex 2.4405469894409 1.5309000015259 0.19799999892712
			vertex 2.4662325382233 1.4909625053406 0.19799999892712
		endloop
	endfacet
	facet normal 0 0 -1
		outer loop
			vertex 2.4978921413422 1.0315849781036 0.19799999892712
			vertex 2.4662325382233 1.4909625053406 0.19799999892712
			vertex 2.5039649009705 1.4990903139114 0.19799999892712
		endloop
	endfacet
	facet normal 0 0 -1
		outer loop
			vertex 2.4662325382233 1.4909625053406 0.19799999892712
			vertex 2.4730246067047 1.5234005451202 0.19799999892712
			vertex 2.490660905838 1.5095435380936 0.19799999892712
		endloop
	endfacet
	facet normal 0 0 -1
		outer loop
			vertex 2.4662325382233 1.4909625053406 0.19799999892712
			vertex 2.490660905838 1.5095435380936 0.19799999892712
			vertex 2.4921071529388 1.5084072351456 0.19799999892712
		endloop
	endfacet
	facet normal 0 0 -1
		outer loop
			vertex 2.4662325382233 1.4909625053406 0.19799999892712
			vertex 2.4921071529388 1.5084072351456 0.19799999892712
			vertex 2.5039649009705 1.4990903139114 0.19799999892712
		endloop
	endfacet
	facet normal 0 0 -1
		outer loop
			vertex 2.4978921413422 1.0315849781036 0.19799999892712
			vertex 2.5039649009705 1.4990903139114 0.19799999892712
			vertex 2.5039649009705 1.4904149770737 0.19799999892712
		endloop
	endfacet
	facet normal 0 0 -1
		outer loop
			vertex 2.4662325382233 1.4909625053406 0.19799999892712
			vertex 2.4405469894409 1.5309000015259 0.19799999892712
			vertex 2.4479870796204 1.5309000015259 0.19799999892712
		endloop
	endfacet
	facet normal 0 0 -1
		outer loop
			vertex 2.4662325382233 1.4909625053406 0.19799999892712
			vertex 2.4479870796204 1.5309000015259 0.19799999892712
			vertex 2.4634799957275 1.5309000015259 0.19799999892712
		endloop
	endfacet
	facet normal 0 0 -1
		outer loop
			vertex 2.4789729118347 0.95393490791321 0.19799999892712
			vertex 2.4859623908997 0.99336463212967 0.19799999892712
			vertex 2.4921071529388 0.99398356676102 0.19799999892712
		endloop
	endfacet
	facet normal 0 0 -1
		outer loop
			vertex 2.4820640087128 1.0129635334015 0.19799999892712
			vertex 2.4978921413422 1.0315849781036 0.19799999892712
			vertex 2.4921071529388 0.99398356676102 0.19799999892712
		endloop
	endfacet
	facet normal 0 1 0
		outer loop
			vertex 2.4634799957275 0.95061498880386 0
			vertex 2.4634799957275 0.95061498880386 0.19799999892712
			vertex 2.8413400650024 0.95061498880386 0
		endloop
	endfacet
	facet normal 0 -1 0
		outer loop
			vertex 2.5039649009705 1.0315849781036 0
			vertex 2.8245706558228 1.0315849781036 0.19799999892712
			vertex 2.5039649009705 1.0315849781036 0.19799999892712
		endloop
	endfacet
	facet normal 0 0 -1
		outer loop
			vertex 2.4634799957275 0.95061498880386 0.19799999892712
			vertex 2.4789729118347 0.95393490791321 0.19799999892712
			vertex 2.8205661773682 1.0249747037888 0.19799999892712
		endloop
	endfacet
	facet normal 0 0 -1
		outer loop
			vertex 2.4789729118347 0.95393490791321 0.19799999892712
			vertex 2.4921071529388 0.99398356676102 0.19799999892712
			vertex 2.8199970722198 1.02701151371 0.19799999892712
		endloop
	endfacet
	facet normal 0 0 -1
		outer loop
			vertex 2.4921071529388 0.99398356676102 0.19799999892712
			vertex 2.4978921413422 1.0315849781036 0.19799999892712
			vertex 2.8199970722198 1.02701151371 0.19799999892712
		endloop
	endfacet
	facet normal 0 0 -1
		outer loop
			vertex 2.4978921413422 1.0315849781036 0.19799999892712
			vertex 2.5039649009705 1.0315849781036 0.19799999892712
			vertex 2.8199970722198 1.02701151371 0.19799999892712
		endloop
	endfacet
	facet normal -0 1 0
		outer loop
			vertex 2.4634799957275 0.95061498880386 0.19799999892712
			vertex 2.8413400650024 0.95061498880386 0.19799999892712
			vertex 2.8413400650024 0.95061498880386 0
		endloop
	endfacet
	facet normal 0 -1 0
		outer loop
			vertex 2.5039649009705 1.0315849781036 0
			vertex 2.8245706558228 1.0315849781036 0
			vertex 2.8245706558228 1.0315849781036 0.19799999892712
		endloop
	endfacet
	facet normal 0 0 -1
		outer loop
			vertex 2.4634799957275 0.95061498880386 0.19799999892712
			vertex 2.8205661773682 1.0249747037888 0.19799999892712
			vertex 2.8413400650024 0.95061498880386 0.19799999892712
		endloop
	endfacet
	facet normal 0 0 -1
		outer loop
			vertex 2.4789729118347 0.95393490791321 0.19799999892712
			vertex 2.8199970722198 1.02701151371 0.19799999892712
			vertex 2.8205661773682 1.0249747037888 0.19799999892712
		endloop
	endfacet
	facet normal 0 0 -1
		outer loop
			vertex 2.5039649009705 1.0315849781036 0.19799999892712
			vertex 2.8245706558228 1.0315849781036 0.19799999892712
			vertex 2.8199970722198 1.02701151371 0.19799999892712
		endloop
	endfacet
	facet normal 0 0 -1
		outer loop
			vertex 2.8199970722198 1.02701151371 0.19799999892712
			vertex 2.8210253715515 1.0252814292908 0.19799999892712
			vertex 2.8205661773682 1.0249747037888 0.19799999892712
		endloop
	endfacet
	facet normal 0.70710708610256 -0.70710647627041 0
		outer loop
			vertex 2.8245706558228 1.0315849781036 0
			vertex 2.9627950191498 1.16980946064 0.19799999892712
			vertex 2.8245706558228 1.0315849781036 0.19799999892712
		endloop
	endfacet
	facet normal -0.70710652092444 0.70710704144856 0
		outer loop
			vertex 2.8699672222137 0.96247279644012 0
			vertex 2.8699672222137 0.96247279644012 0.19799999892712
			vertex 3.0319073200226 1.1244127750397 0.19799999892712
		endloop
	endfacet
	facet normal 0 -0 -1
		outer loop
			vertex 2.8245706558228 1.0315849781036 0.19799999892712
			vertex 2.8258471488953 1.0285032987595 0.19799999892712
			vertex 2.8199970722198 1.02701151371 0.19799999892712
		endloop
	endfacet
	facet normal 0 0 -1
		outer loop
			vertex 2.8258471488953 1.0285032987595 0.19799999892712
			vertex 2.8210253715515 1.0252814292908 0.19799999892712
			vertex 2.8199970722198 1.02701151371 0.19799999892712
		endloop
	endfacet
	facet normal 0 0 -1
		outer loop
			vertex 2.8413400650024 0.99110001325607 0.19799999892712
			vertex 2.8258471488953 1.0285032987595 0.19799999892712
			vertex 2.8593769073486 1.0157134532928 0.19799999892712
		endloop
	endfacet
	facet normal 0 0 -1
		outer loop
			vertex 2.8593769073486 1.0157134532928 0.19799999892712
			vertex 2.8258471488953 1.0285032987595 0.19799999892712
			vertex 2.8245706558228 1.0315849781036 0.19799999892712
		endloop
	endfacet
	facet normal 0 0 -1
		outer loop
			vertex 2.8593769073486 1.0157134532928 0.19799999892712
			vertex 2.8245706558228 1.0315849781036 0.19799999892712
			vertex 2.9627950191498 1.1568390130997 0.19799999892712
		endloop
	endfacet
	facet normal 0 0 -1
		outer loop
			vertex 2.8699672222137 0.96247279644012 0.19799999892712
			vertex 2.8593769073486 1.0157134532928 0.19799999892712
			vertex 2.98051404953 1.1204965114594 0.19799999892712
		endloop
	endfacet
	facet normal -0.70710652092444 0.70710704144856 0
		outer loop
			vertex 2.8699672222137 0.96247279644012 0
			vertex 3.0319073200226 1.1244127750397 0.19799999892712
			vertex 3.0319073200226 1.1244127750397 0
		endloop
	endfacet
	facet normal 0 0 -1
		outer loop
			vertex 2.8699672222137 0.96247279644012 0.19799999892712
			vertex 2.98051404953 1.1204965114594 0.19799999892712
			vertex 3.0319073200226 1.1244127750397 0.19799999892712
		endloop
	endfacet
	facet normal 0.70710708610256 -0.70710647627041 0
		outer loop
			vertex 2.8245706558228 1.0315849781036 0
			vertex 2.9627950191498 1.16980946064 0
			vertex 2.9627950191498 1.16980946064 0.19799999892712
		endloop
	endfacet
	facet normal 0 0 -1
		outer loop
			vertex 2.8245706558228 1.0315849781036 0.19799999892712
			vertex 2.9627950191498 1.16980946064 0.19799999892712
			vertex 2.9627950191498 1.1568390130997 0.19799999892712
		endloop
	endfacet
	facet normal 0 0 -1
		outer loop
			vertex 2.8593769073486 1.0157134532928 0.19799999892712
			vertex 2.9627950191498 1.1568390130997 0.19799999892712
			vertex 2.98051404953 1.1204965114594 0.19799999892712
		endloop
	endfacet
	facet normal 0 0 -1
		outer loop
			vertex 2.9627950191498 1.1568390130997 0.19799999892712
			vertex 2.9746527671814 1.155726313591 0.19799999892712
			vertex 2.98051404953 1.1204965114594 0.19799999892712
		endloop
	endfacet
	facet normal 0 0 -1
		outer loop
			vertex 2.98051404953 1.1204965114594 0.19799999892712
			vertex 3.0032799243927 1.1530400514603 0.19799999892712
			vertex 3.0319073200226 1.1244127750397 0.19799999892712
		endloop
	endfacet
	facet normal 1 0 0
		outer loop
			vertex 2.9627950191498 1.16980946064 0
			vertex 2.9627950191498 1.3521906137466 0
			vertex 2.9627950191498 1.3521906137466 0.19799999892712
		endloop
	endfacet
	facet normal 1 0 0
		outer loop
			vertex 2.9627950191498 1.16980946064 0
			vertex 2.9627950191498 1.3521906137466 0.19799999892712
			vertex 2.9627950191498 1.16980946064 0.19799999892712
		endloop
	endfacet
	facet normal -1 0 0
		outer loop
			vertex 3.0437650680542 1.1530400514603 0
			vertex 3.0437650680542 1.1530400514603 0.19799999892712
			vertex 3.0437650680542 1.3689600229263 0
		endloop
	endfacet
	facet normal -1 0 0
		outer loop
			vertex 3.0437650680542 1.1530400514603 0.19799999892712
			vertex 3.0437650680542 1.3689600229263 0.19799999892712
			vertex 3.0437650680542 1.3689600229263 0
		endloop
	endfacet
	facet normal 0 0 -1
		outer loop
			vertex 2.9627950191498 1.1568390130997 0.19799999892712
			vertex 2.9969682693481 1.1922694444656 0.19799999892712
			vertex 2.9746527671814 1.155726313591 0.19799999892712
		endloop
	endfacet
	facet normal 0 0 -1
		outer loop
			vertex 2.9746527671814 1.155726313591 0.19799999892712
			vertex 2.9969682693481 1.1922694444656 0.19799999892712
			vertex 2.9950737953186 1.1538100242615 0.19799999892712
		endloop
	endfacet
	facet normal 0 0 -1
		outer loop
			vertex 2.9627950191498 1.1568390130997 0.19799999892712
			vertex 2.9627950191498 1.16980946064 0.19799999892712
			vertex 2.972856760025 1.3421288728714 0.19799999892712
		endloop
	endfacet
	facet normal 0 0 -1
		outer loop
			vertex 2.9627950191498 1.1568390130997 0.19799999892712
			vertex 2.972856760025 1.3421288728714 0.19799999892712
			vertex 2.9969682693481 1.1922694444656 0.19799999892712
		endloop
	endfacet
	facet normal 0 0 -1
		outer loop
			vertex 2.9627950191498 1.16980946064 0.19799999892712
			vertex 2.9627950191498 1.3521906137466 0.19799999892712
			vertex 2.972856760025 1.3421288728714 0.19799999892712
		endloop
	endfacet
	facet normal 0 0 -1
		outer loop
			vertex 2.9969682693481 1.1922694444656 0.19799999892712
			vertex 2.972856760025 1.3421288728714 0.19799999892712
			vertex 3.0406832695007 1.161257982254 0.19799999892712
		endloop
	endfacet
	facet normal 0 0 -1
		outer loop
			vertex 3.0406832695007 1.161257982254 0.19799999892712
			vertex 2.972856760025 1.3421288728714 0.19799999892712
			vertex 2.9733324050903 1.3423088788986 0.19799999892712
		endloop
	endfacet
	facet normal 0 0 -1
		outer loop
			vertex 3.0032799243927 1.1530400514603 0.19799999892712
			vertex 2.9969682693481 1.1922694444656 0.19799999892712
			vertex 3.0376014709473 1.1530400514603 0.19799999892712
		endloop
	endfacet
	facet normal 0 0 -1
		outer loop
			vertex 2.9969682693481 1.1922694444656 0.19799999892712
			vertex 3.0406832695007 1.161257982254 0.19799999892712
			vertex 3.0376014709473 1.1530400514603 0.19799999892712
		endloop
	endfacet
	facet normal 0 0 -1
		outer loop
			vertex 3.0406832695007 1.161257982254 0.19799999892712
			vertex 3.0437650680542 1.3689600229263 0.19799999892712
			vertex 3.0437650680542 1.1530400514603 0.19799999892712
		endloop
	endfacet
	facet normal 0 0 -1
		outer loop
			vertex 3.0406832695007 1.161257982254 0.19799999892712
			vertex 2.9733324050903 1.3423088788986 0.19799999892712
			vertex 3.0437650680542 1.3689600229263 0.19799999892712
		endloop
	endfacet
	facet normal 0 -0 -1
		outer loop
			vertex 2.9732315540314 1.3424596786499 0.19799999892712
			vertex 2.9733324050903 1.3423088788986 0.19799999892712
			vertex 2.972856760025 1.3421288728714 0.19799999892712
		endloop
	endfacet
	facet normal 0.70710678118655 0.70710678118655 -0
		outer loop
			vertex 2.8245706558228 1.4904149770737 0
			vertex 2.8245706558228 1.4904149770737 0.19799999892712
			vertex 2.9627950191498 1.3521906137466 0
		endloop
	endfacet
	facet normal 0.70710678118655 0.70710678118655 0
		outer loop
			vertex 2.8245706558228 1.4904149770737 0.19799999892712
			vertex 2.9627950191498 1.3521906137466 0.19799999892712
			vertex 2.9627950191498 1.3521906137466 0
		endloop
	endfacet
	facet normal -0.70710652092444 -0.70710704144856 0
		outer loop
			vertex 2.8699672222137 1.5595271587372 0
			vertex 3.0319073200226 1.3975871801376 0.19799999892712
			vertex 2.8699672222137 1.5595271587372 0.19799999892712
		endloop
	endfacet
	facet normal 0 0 -1
		outer loop
			vertex 2.8376107215881 1.4911568164825 0.19799999892712
			vertex 2.8413400650024 1.5309000015259 0.19799999892712
			vertex 2.8699672222137 1.5108735561371 0.19799999892712
		endloop
	endfacet
	facet normal 0 0 -1
		outer loop
			vertex 2.8245706558228 1.4904149770737 0.19799999892712
			vertex 2.837541103363 1.4904149770737 0.19799999892712
			vertex 2.9627950191498 1.3521906137466 0.19799999892712
		endloop
	endfacet
	facet normal 0 0 -1
		outer loop
			vertex 2.837541103363 1.4904149770737 0.19799999892712
			vertex 2.9658768177032 1.3534671068192 0.19799999892712
			vertex 2.9627950191498 1.3521906137466 0.19799999892712
		endloop
	endfacet
	facet normal 0 -0 -1
		outer loop
			vertex 2.8376107215881 1.4911568164825 0.19799999892712
			vertex 3.0187728404999 1.4038600921631 0.19799999892712
			vertex 2.837541103363 1.4904149770737 0.19799999892712
		endloop
	endfacet
	facet normal 0 0 -1
		outer loop
			vertex 2.8376107215881 1.4911568164825 0.19799999892712
			vertex 2.8699672222137 1.5108735561371 0.19799999892712
			vertex 3.0187728404999 1.4038600921631 0.19799999892712
		endloop
	endfacet
	facet normal 0 0 -1
		outer loop
			vertex 2.837541103363 1.4904149770737 0.19799999892712
			vertex 2.9746527671814 1.3899382352829 0.19799999892712
			vertex 2.9658768177032 1.3534671068192 0.19799999892712
		endloop
	endfacet
	facet normal 0 0 -1
		outer loop
			vertex 2.837541103363 1.4904149770737 0.19799999892712
			vertex 3.0187728404999 1.4038600921631 0.19799999892712
			vertex 2.9746527671814 1.3899382352829 0.19799999892712
		endloop
	endfacet
	facet normal 0 0 -1
		outer loop
			vertex 2.8699672222137 1.5108735561371 0.19799999892712
			vertex 2.8699672222137 1.5595271587372 0.19799999892712
			vertex 3.0319073200226 1.3975871801376 0.19799999892712
		endloop
	endfacet
	facet normal -0.70710652092444 -0.70710704144856 0
		outer loop
			vertex 2.8699672222137 1.5595271587372 0
			vertex 3.0319073200226 1.3975871801376 0
			vertex 3.0319073200226 1.3975871801376 0.19799999892712
		endloop
	endfacet
	facet normal 0 0 -1
		outer loop
			vertex 2.9627950191498 1.3521906137466 0.19799999892712
			vertex 2.9658768177032 1.3534671068192 0.19799999892712
			vertex 2.972856760025 1.3421288728714 0.19799999892712
		endloop
	endfacet
	facet normal 0 0 -1
		outer loop
			vertex 2.9658768177032 1.3534671068192 0.19799999892712
			vertex 2.9732315540314 1.3424596786499 0.19799999892712
			vertex 2.972856760025 1.3421288728714 0.19799999892712
		endloop
	endfacet
	facet normal -0 0 -1
		outer loop
			vertex 2.9715709686279 1.3558256626129 0.19799999892712
			vertex 2.9658768177032 1.3534671068192 0.19799999892712
			vertex 2.9746527671814 1.3899382352829 0.19799999892712
		endloop
	endfacet
	facet normal 0 0 -1
		outer loop
			vertex 2.9746527671814 1.3899382352829 0.19799999892712
			vertex 3.0187728404999 1.4038600921631 0.19799999892712
			vertex 3.0032799243927 1.3689600229263 0.19799999892712
		endloop
	endfacet
	facet normal -0 0 -1
		outer loop
			vertex 3.0099968910217 1.3756768703461 0.19799999892712
			vertex 3.0032799243927 1.3689600229263 0.19799999892712
			vertex 3.0187728404999 1.4038600921631 0.19799999892712
		endloop
	endfacet
	facet normal 0 0 -1
		outer loop
			vertex 2.8699672222137 1.5108735561371 0.19799999892712
			vertex 3.0319073200226 1.3975871801376 0.19799999892712
			vertex 3.0187728404999 1.4038600921631 0.19799999892712
		endloop
	endfacet
	facet normal 0 0 -1
		outer loop
			vertex 2.4921071529388 1.5084072351456 0.19799999892712
			vertex 2.4921071529388 1.5202649831772 0.19799999892712
			vertex 2.5039649009705 1.4990903139114 0.19799999892712
		endloop
	endfacet
	facet normal 0 1 0
		outer loop
			vertex 2.5039649009705 1.4904149770737 0
			vertex 2.5039649009705 1.4904149770737 0.19799999892712
			vertex 2.8245706558228 1.4904149770737 0
		endloop
	endfacet
	facet normal 0 0 -1
		outer loop
			vertex 2.5039649009705 1.4904149770737 0.19799999892712
			vertex 2.5039649009705 1.4990903139114 0.19799999892712
			vertex 2.8245706558228 1.4904149770737 0.19799999892712
		endloop
	endfacet
	facet normal -0 1 0
		outer loop
			vertex 2.5039649009705 1.4904149770737 0.19799999892712
			vertex 2.8245706558228 1.4904149770737 0.19799999892712
			vertex 2.8245706558228 1.4904149770737 0
		endloop
	endfacet
	facet normal 0 0 -1
		outer loop
			vertex 2.5039649009705 1.4990903139114 0.19799999892712
			vertex 2.837541103363 1.4904149770737 0.19799999892712
			vertex 2.8245706558228 1.4904149770737 0.19799999892712
		endloop
	endfacet
	facet normal 0 0 -1
		outer loop
			vertex 2.5039649009705 1.4990903139114 0.19799999892712
			vertex 2.8188292980194 1.5287775993347 0.19799999892712
			vertex 2.8376107215881 1.4911568164825 0.19799999892712
		endloop
	endfacet
	facet normal 0 0 -1
		outer loop
			vertex 2.5039649009705 1.4990903139114 0.19799999892712
			vertex 2.8376107215881 1.4911568164825 0.19799999892712
			vertex 2.837541103363 1.4904149770737 0.19799999892712
		endloop
	endfacet
	facet normal 0 0 -1
		outer loop
			vertex 2.4634799957275 1.5309000015259 0.19799999892712
			vertex 2.4634799957275 1.5713850259781 0.19799999892712
			vertex 2.4730246067047 1.5234005451202 0.19799999892712
		endloop
	endfacet
	facet normal 0 -1 0
		outer loop
			vertex 2.4634799957275 1.5713850259781 0
			vertex 2.8413400650024 1.5713850259781 0.19799999892712
			vertex 2.4634799957275 1.5713850259781 0.19799999892712
		endloop
	endfacet
	facet normal 0 0 -1
		outer loop
			vertex 2.4921071529388 1.5202649831772 0.19799999892712
			vertex 2.8258471488953 1.5680650472641 0.19799999892712
			vertex 2.5039649009705 1.4990903139114 0.19799999892712
		endloop
	endfacet
	facet normal 0 0 -1
		outer loop
			vertex 2.4865567684174 1.530176281929 0.19799999892712
			vertex 2.8258924484253 1.5680748224258 0.19799999892712
			vertex 2.4921071529388 1.5202649831772 0.19799999892712
		endloop
	endfacet
	facet normal 0 0 -1
		outer loop
			vertex 2.4634799957275 1.5713850259781 0.19799999892712
			vertex 2.8413400650024 1.5713850259781 0.19799999892712
			vertex 2.4865567684174 1.530176281929 0.19799999892712
		endloop
	endfacet
	facet normal 0 -1 0
		outer loop
			vertex 2.4634799957275 1.5713850259781 0
			vertex 2.8413400650024 1.5713850259781 0
			vertex 2.8413400650024 1.5713850259781 0.19799999892712
		endloop
	endfacet
	facet normal 0 0 -1
		outer loop
			vertex 2.5039649009705 1.4990903139114 0.19799999892712
			vertex 2.8258471488953 1.5680650472641 0.19799999892712
			vertex 2.8188292980194 1.5287775993347 0.19799999892712
		endloop
	endfacet
	facet normal 0 0 -1
		outer loop
			vertex 2.4921071529388 1.5202649831772 0.19799999892712
			vertex 2.8258924484253 1.5680748224258 0.19799999892712
			vertex 2.8258471488953 1.5680650472641 0.19799999892712
		endloop
	endfacet
	facet normal 0 0 -1
		outer loop
			vertex 2.4865567684174 1.530176281929 0.19799999892712
			vertex 2.8413400650024 1.5713850259781 0.19799999892712
			vertex 2.8258924484253 1.5680748224258 0.19799999892712
		endloop
	endfacet
	facet normal 0 0 -1
		outer loop
			vertex 2.8376107215881 1.4911568164825 0.19799999892712
			vertex 2.8188292980194 1.5287775993347 0.19799999892712
			vertex 2.8258471488953 1.5294392108917 0.19799999892712
		endloop
	endfacet
	facet normal 0 0 -1
		outer loop
			vertex 2.8413400650024 1.5309000015259 0.19799999892712
			vertex 2.8258924484253 1.5680748224258 0.19799999892712
			vertex 2.8413400650024 1.5713850259781 0.19799999892712
		endloop
	endfacet
	facet normal 0 0 -1
		outer loop
			vertex 2.490660905838 1.5095435380936 0.19799999892712
			vertex 2.4921071529388 1.5202649831772 0.19799999892712
			vertex 2.4921071529388 1.5084072351456 0.19799999892712
		endloop
	endfacet
	facet normal 0.83146468287841 -0.55557761035332 0
		outer loop
			vertex 2.4260766506195 1.5463929176331 0
			vertex 2.4348528385162 1.5595271587372 0
			vertex 2.4348528385162 1.5595271587372 0.19799999892712
		endloop
	endfacet
	facet normal 0.83146468287841 -0.55557761035332 0
		outer loop
			vertex 2.4260766506195 1.5463929176331 0
			vertex 2.4348528385162 1.5595271587372 0.19799999892712
			vertex 2.4260766506195 1.5463929176331 0.19799999892712
		endloop
	endfacet
	facet normal 0 0 -1
		outer loop
			vertex 2.4260766506195 1.5309000015259 0.19799999892712
			vertex 2.4260766506195 1.5463929176331 0.19799999892712
			vertex 2.4348528385162 1.5309000015259 0.19799999892712
		endloop
	endfacet
	facet normal 0 0 -1
		outer loop
			vertex 2.4260766506195 1.5463929176331 0.19799999892712
			vertex 2.4348528385162 1.5595271587372 0.19799999892712
			vertex 2.4348528385162 1.5309000015259 0.19799999892712
		endloop
	endfacet
	facet normal 0 0 -1
		outer loop
			vertex 2.4479870796204 1.5309000015259 0.19799999892712
			vertex 2.4348528385162 1.5595271587372 0.19799999892712
			vertex 2.4479870796204 1.5683032274246 0.19799999892712
		endloop
	endfacet
	facet normal 0 0 -1
		outer loop
			vertex 2.4405469894409 1.5309000015259 0.19799999892712
			vertex 2.4348528385162 1.5595271587372 0.19799999892712
			vertex 2.4479870796204 1.5309000015259 0.19799999892712
		endloop
	endfacet
	facet normal 0 0 -1
		outer loop
			vertex 2.490660905838 1.5095435380936 0.19799999892712
			vertex 2.4865567684174 1.530176281929 0.19799999892712
			vertex 2.4921071529388 1.5202649831772 0.19799999892712
		endloop
	endfacet
	facet normal 0.83146468287841 0.55557761035332 -0
		outer loop
			vertex 2.4260766506195 0.97560703754425 0
			vertex 2.4260766506195 0.97560703754425 0.19799999892712
			vertex 2.4348528385162 0.96247279644012 0
		endloop
	endfacet
	facet normal 0.98078751325998 0.19507909635147 0
		outer loop
			vertex 2.4260766506195 0.97560703754425 0
			vertex 2.4229950904846 0.99110001325607 0
			vertex 2.4229950904846 0.99110001325607 0.19799999892712
		endloop
	endfacet
	facet normal 0.98078751325998 0.19507909635147 -0
		outer loop
			vertex 2.4260766506195 0.97560703754425 0
			vertex 2.4229950904846 0.99110001325607 0.19799999892712
			vertex 2.4260766506195 0.97560703754425 0.19799999892712
		endloop
	endfacet
	facet normal 0.83146468287841 0.55557761035332 0
		outer loop
			vertex 2.4260766506195 0.97560703754425 0.19799999892712
			vertex 2.4348528385162 0.96247279644012 0.19799999892712
			vertex 2.4348528385162 0.96247279644012 0
		endloop
	endfacet
	facet normal 0.55557239313192 0.83146816895758 -0
		outer loop
			vertex 2.4348528385162 0.96247279644012 0
			vertex 2.4348528385162 0.96247279644012 0.19799999892712
			vertex 2.4479870796204 0.95369672775269 0
		endloop
	endfacet
	facet normal 0.19509070738589 0.98078520374834 -0
		outer loop
			vertex 2.4479870796204 0.95369672775269 0
			vertex 2.4479870796204 0.95369672775269 0.19799999892712
			vertex 2.4634799957275 0.95061498880386 0
		endloop
	endfacet
	facet normal 0.55557239313192 0.83146816895758 -0
		outer loop
			vertex 2.4479870796204 0.95369672775269 0
			vertex 2.4348528385162 0.96247279644012 0.19799999892712
			vertex 2.4479870796204 0.95369672775269 0.19799999892712
		endloop
	endfacet
	facet normal 0.19509070738589 0.98078520374834 -0
		outer loop
			vertex 2.4634799957275 0.95061498880386 0
			vertex 2.4479870796204 0.95369672775269 0.19799999892712
			vertex 2.4634799957275 0.95061498880386 0.19799999892712
		endloop
	endfacet
	facet normal 0 0 -1
		outer loop
			vertex 2.4260766506195 0.97560703754425 0.19799999892712
			vertex 2.4554269313812 0.99110001325607 0.19799999892712
			vertex 2.4348528385162 0.96247279644012 0.19799999892712
		endloop
	endfacet
	facet normal 0 0 -1
		outer loop
			vertex 2.4348528385162 0.96247279644012 0.19799999892712
			vertex 2.4554269313812 0.99110001325607 0.19799999892712
			vertex 2.4479870796204 0.95369672775269 0.19799999892712
		endloop
	endfacet
	facet normal 0 0 -1
		outer loop
			vertex 2.4260766506195 0.97560703754425 0.19799999892712
			vertex 2.4229950904846 0.99110001325607 0.19799999892712
			vertex 2.4554269313812 0.99110001325607 0.19799999892712
		endloop
	endfacet
	facet normal 0 0 -1
		outer loop
			vertex 2.4479870796204 0.95369672775269 0.19799999892712
			vertex 2.4554269313812 0.99110001325607 0.19799999892712
			vertex 2.4634799957275 0.95061498880386 0.19799999892712
		endloop
	endfacet
	facet normal 0 0 -1
		outer loop
			vertex 2.4634799957275 0.95061498880386 0.19799999892712
			vertex 2.4554269313812 0.99110001325607 0.19799999892712
			vertex 2.4634799957275 0.99110001325607 0.19799999892712
		endloop
	endfacet
	facet normal 0 0 -1
		outer loop
			vertex 2.4634799957275 0.95061498880386 0.19799999892712
			vertex 2.4634799957275 0.99110001325607 0.19799999892712
			vertex 2.4820640087128 1.0129635334015 0.19799999892712
		endloop
	endfacet
	facet normal 0 0 -1
		outer loop
			vertex 2.4634799957275 0.95061498880386 0.19799999892712
			vertex 2.4820640087128 1.0129635334015 0.19799999892712
			vertex 2.4789729118347 0.95393490791321 0.19799999892712
		endloop
	endfacet
	facet normal 0 0 -1
		outer loop
			vertex 2.4789729118347 0.95393490791321 0.19799999892712
			vertex 2.4820640087128 1.0129635334015 0.19799999892712
			vertex 2.4859623908997 0.99336463212967 0.19799999892712
		endloop
	endfacet
	facet normal 0 0 -1
		outer loop
			vertex 2.4554269313812 0.99110001325607 0.19799999892712
			vertex 2.460488319397 1.0309898853302 0.19799999892712
			vertex 2.4634799957275 0.99110001325607 0.19799999892712
		endloop
	endfacet
	facet normal 0 0 -1
		outer loop
			vertex 2.4820640087128 1.0129635334015 0.19799999892712
			vertex 2.4921071529388 0.99398356676102 0.19799999892712
			vertex 2.4859623908997 0.99336463212967 0.19799999892712
		endloop
	endfacet
	facet normal -0.19509070738589 0.98078520374834 0
		outer loop
			vertex 2.8413400650024 0.95061498880386 0
			vertex 2.8413400650024 0.95061498880386 0.19799999892712
			vertex 2.8568329811096 0.95369672775269 0
		endloop
	endfacet
	facet normal -0.55557239313192 0.83146816895758 0
		outer loop
			vertex 2.8568329811096 0.95369672775269 0
			vertex 2.8568329811096 0.95369672775269 0.19799999892712
			vertex 2.8699672222137 0.96247279644012 0
		endloop
	endfacet
	facet normal -0.55557239313192 0.83146816895758 0
		outer loop
			vertex 2.8699672222137 0.96247279644012 0
			vertex 2.8568329811096 0.95369672775269 0.19799999892712
			vertex 2.8699672222137 0.96247279644012 0.19799999892712
		endloop
	endfacet
	facet normal -0.19509070738589 0.98078520374834 0
		outer loop
			vertex 2.8568329811096 0.95369672775269 0
			vertex 2.8413400650024 0.95061498880386 0.19799999892712
			vertex 2.8568329811096 0.95369672775269 0.19799999892712
		endloop
	endfacet
	facet normal 0 0 -1
		outer loop
			vertex 2.8413400650024 0.95061498880386 0.19799999892712
			vertex 2.8413400650024 0.99110001325607 0.19799999892712
			vertex 2.8568329811096 0.95369672775269 0.19799999892712
		endloop
	endfacet
	facet normal 0 0 -1
		outer loop
			vertex 2.8413400650024 0.95061498880386 0.19799999892712
			vertex 2.8258471488953 1.0285032987595 0.19799999892712
			vertex 2.8413400650024 0.99110001325607 0.19799999892712
		endloop
	endfacet
	facet normal 0 0 -1
		outer loop
			vertex 2.8568329811096 0.95369672775269 0.19799999892712
			vertex 2.8593769073486 1.0157134532928 0.19799999892712
			vertex 2.8699672222137 0.96247279644012 0.19799999892712
		endloop
	endfacet
	facet normal 0 0 -1
		outer loop
			vertex 2.8413400650024 0.99110001325607 0.19799999892712
			vertex 2.8593769073486 1.0157134532928 0.19799999892712
			vertex 2.8568329811096 0.95369672775269 0.19799999892712
		endloop
	endfacet
	facet normal 0 0 -1
		outer loop
			vertex 2.8413400650024 0.95061498880386 0.19799999892712
			vertex 2.8210253715515 1.0252814292908 0.19799999892712
			vertex 2.8258471488953 1.0285032987595 0.19799999892712
		endloop
	endfacet
	facet normal 0 0 -1
		outer loop
			vertex 2.8413400650024 0.95061498880386 0.19799999892712
			vertex 2.8205661773682 1.0249747037888 0.19799999892712
			vertex 2.8210253715515 1.0252814292908 0.19799999892712
		endloop
	endfacet
	facet normal -0.98078476898537 0.19509289306975 0
		outer loop
			vertex 3.0406832695007 1.1375470161438 0
			vertex 3.0406832695007 1.1375470161438 0.19799999892712
			vertex 3.0437650680542 1.1530400514603 0
		endloop
	endfacet
	facet normal -0.83147165503325 0.55556717584489 0
		outer loop
			vertex 3.0406832695007 1.1375470161438 0
			vertex 3.0319073200226 1.1244127750397 0
			vertex 3.0319073200226 1.1244127750397 0.19799999892712
		endloop
	endfacet
	facet normal -0.83147165503325 0.55556717584489 0
		outer loop
			vertex 3.0406832695007 1.1375470161438 0
			vertex 3.0319073200226 1.1244127750397 0.19799999892712
			vertex 3.0406832695007 1.1375470161438 0.19799999892712
		endloop
	endfacet
	facet normal -0.98078476898537 0.19509289306975 0
		outer loop
			vertex 3.0437650680542 1.1530400514603 0
			vertex 3.0406832695007 1.1375470161438 0.19799999892712
			vertex 3.0437650680542 1.1530400514603 0.19799999892712
		endloop
	endfacet
	facet normal 0 0 -1
		outer loop
			vertex 2.98051404953 1.1204965114594 0.19799999892712
			vertex 2.9950737953186 1.1538100242615 0.19799999892712
			vertex 3.0032799243927 1.1530400514603 0.19799999892712
		endloop
	endfacet
	facet normal 0 0 -1
		outer loop
			vertex 2.9746527671814 1.155726313591 0.19799999892712
			vertex 2.9950737953186 1.1538100242615 0.19799999892712
			vertex 2.98051404953 1.1204965114594 0.19799999892712
		endloop
	endfacet
	facet normal 0 0 -1
		outer loop
			vertex 2.9950737953186 1.1538100242615 0.19799999892712
			vertex 2.9969682693481 1.1922694444656 0.19799999892712
			vertex 3.0032799243927 1.1530400514603 0.19799999892712
		endloop
	endfacet
	facet normal 0 0 -1
		outer loop
			vertex 3.0032799243927 1.1530400514603 0.19799999892712
			vertex 3.0376014709473 1.1530400514603 0.19799999892712
			vertex 3.0319073200226 1.1244127750397 0.19799999892712
		endloop
	endfacet
	facet normal -0 0 -1
		outer loop
			vertex 3.0406832695007 1.1375470161438 0.19799999892712
			vertex 3.0319073200226 1.1244127750397 0.19799999892712
			vertex 3.0376014709473 1.1530400514603 0.19799999892712
		endloop
	endfacet
	facet normal 0 0 -1
		outer loop
			vertex 3.0406832695007 1.1375470161438 0.19799999892712
			vertex 3.0376014709473 1.1530400514603 0.19799999892712
			vertex 3.0406832695007 1.161257982254 0.19799999892712
		endloop
	endfacet
	facet normal 0 0 -1
		outer loop
			vertex 3.0406832695007 1.1375470161438 0.19799999892712
			vertex 3.0406832695007 1.161257982254 0.19799999892712
			vertex 3.0437650680542 1.1530400514603 0.19799999892712
		endloop
	endfacet
	facet normal -0.98078448175191 -0.1950943370645 0
		outer loop
			vertex 3.0406832695007 1.3844529390335 0
			vertex 3.0437650680542 1.3689600229263 0
			vertex 3.0437650680542 1.3689600229263 0.19799999892712
		endloop
	endfacet
	facet normal -0.83147165503325 -0.55556717584489 0
		outer loop
			vertex 3.0319073200226 1.3975871801376 0
			vertex 3.0406832695007 1.3844529390335 0
			vertex 3.0406832695007 1.3844529390335 0.19799999892712
		endloop
	endfacet
	facet normal -0.98078448175191 -0.1950943370645 0
		outer loop
			vertex 3.0406832695007 1.3844529390335 0
			vertex 3.0437650680542 1.3689600229263 0.19799999892712
			vertex 3.0406832695007 1.3844529390335 0.19799999892712
		endloop
	endfacet
	facet normal -0.83147165503325 -0.55556717584489 0
		outer loop
			vertex 3.0319073200226 1.3975871801376 0
			vertex 3.0406832695007 1.3844529390335 0.19799999892712
			vertex 3.0319073200226 1.3975871801376 0.19799999892712
		endloop
	endfacet
	facet normal 0 -0 -1
		outer loop
			vertex 2.9715709686279 1.3558256626129 0.19799999892712
			vertex 2.9732315540314 1.3424596786499 0.19799999892712
			vertex 2.9658768177032 1.3534671068192 0.19799999892712
		endloop
	endfacet
	facet normal 0 0 -1
		outer loop
			vertex 2.9715709686279 1.3558256626129 0.19799999892712
			vertex 2.9733324050903 1.3423088788986 0.19799999892712
			vertex 2.9732315540314 1.3424596786499 0.19799999892712
		endloop
	endfacet
	facet normal 0 0 -1
		outer loop
			vertex 2.9715709686279 1.3558256626129 0.19799999892712
			vertex 2.9746527671814 1.3899382352829 0.19799999892712
			vertex 2.9733324050903 1.3423088788986 0.19799999892712
		endloop
	endfacet
	facet normal 0 0 -1
		outer loop
			vertex 2.9733324050903 1.3423088788986 0.19799999892712
			vertex 2.9746527671814 1.3899382352829 0.19799999892712
			vertex 3.0032799243927 1.3689600229263 0.19799999892712
		endloop
	endfacet
	facet normal 0 0 -1
		outer loop
			vertex 2.9733324050903 1.3423088788986 0.19799999892712
			vertex 3.0032799243927 1.3689600229263 0.19799999892712
			vertex 3.0437650680542 1.3689600229263 0.19799999892712
		endloop
	endfacet
	facet normal 0 -0 -1
		outer loop
			vertex 3.0099968910217 1.3756768703461 0.19799999892712
			vertex 3.0437650680542 1.3689600229263 0.19799999892712
			vertex 3.0032799243927 1.3689600229263 0.19799999892712
		endloop
	endfacet
	facet normal 0 0 -1
		outer loop
			vertex 3.0099968910217 1.3756768703461 0.19799999892712
			vertex 3.0187728404999 1.4038600921631 0.19799999892712
			vertex 3.0437650680542 1.3689600229263 0.19799999892712
		endloop
	endfacet
	facet normal 0 0 -1
		outer loop
			vertex 3.0187728404999 1.4038600921631 0.19799999892712
			vertex 3.0319073200226 1.3975871801376 0.19799999892712
			vertex 3.0437650680542 1.3689600229263 0.19799999892712
		endloop
	endfacet
	facet normal 0 0 -1
		outer loop
			vertex 3.0319073200226 1.3975871801376 0.19799999892712
			vertex 3.0406832695007 1.3844529390335 0.19799999892712
			vertex 3.0437650680542 1.3689600229263 0.19799999892712
		endloop
	endfacet
	facet normal -0.55557239313192 -0.83146816895758 0
		outer loop
			vertex 2.8568329811096 1.5683032274246 0
			vertex 2.8699672222137 1.5595271587372 0
			vertex 2.8699672222137 1.5595271587372 0.19799999892712
		endloop
	endfacet
	facet normal -0.1950943370645 -0.98078448175191 0
		outer loop
			vertex 2.8413400650024 1.5713850259781 0
			vertex 2.8568329811096 1.5683032274246 0
			vertex 2.8568329811096 1.5683032274246 0.19799999892712
		endloop
	endfacet
	facet normal -0.1950943370645 -0.98078448175191 0
		outer loop
			vertex 2.8413400650024 1.5713850259781 0
			vertex 2.8568329811096 1.5683032274246 0.19799999892712
			vertex 2.8413400650024 1.5713850259781 0.19799999892712
		endloop
	endfacet
	facet normal -0.55557239313192 -0.83146816895758 0
		outer loop
			vertex 2.8568329811096 1.5683032274246 0
			vertex 2.8699672222137 1.5595271587372 0.19799999892712
			vertex 2.8568329811096 1.5683032274246 0.19799999892712
		endloop
	endfacet
	facet normal 0 0 -1
		outer loop
			vertex 2.8376107215881 1.4911568164825 0.19799999892712
			vertex 2.8258471488953 1.5294392108917 0.19799999892712
			vertex 2.8258924484253 1.5680748224258 0.19799999892712
		endloop
	endfacet
	facet normal 0 0 -1
		outer loop
			vertex 2.8258471488953 1.5294392108917 0.19799999892712
			vertex 2.8258471488953 1.5680650472641 0.19799999892712
			vertex 2.8258924484253 1.5680748224258 0.19799999892712
		endloop
	endfacet
	facet normal 0 0 -1
		outer loop
			vertex 2.8188292980194 1.5287775993347 0.19799999892712
			vertex 2.8258471488953 1.5680650472641 0.19799999892712
			vertex 2.8258471488953 1.5294392108917 0.19799999892712
		endloop
	endfacet
	facet normal 0 0 -1
		outer loop
			vertex 2.8376107215881 1.4911568164825 0.19799999892712
			vertex 2.8258924484253 1.5680748224258 0.19799999892712
			vertex 2.8413400650024 1.5309000015259 0.19799999892712
		endloop
	endfacet
	facet normal 0 0 -1
		outer loop
			vertex 2.8413400650024 1.5309000015259 0.19799999892712
			vertex 2.8413400650024 1.5713850259781 0.19799999892712
			vertex 2.8568329811096 1.5683032274246 0.19799999892712
		endloop
	endfacet
	facet normal 0 0 -1
		outer loop
			vertex 2.8413400650024 1.5309000015259 0.19799999892712
			vertex 2.8699672222137 1.5595271587372 0.19799999892712
			vertex 2.8699672222137 1.5108735561371 0.19799999892712
		endloop
	endfacet
	facet normal 0 0 -1
		outer loop
			vertex 2.8413400650024 1.5309000015259 0.19799999892712
			vertex 2.8568329811096 1.5683032274246 0.19799999892712
			vertex 2.8699672222137 1.5595271587372 0.19799999892712
		endloop
	endfacet
	facet normal 0.98078736966341 -0.19507981830198 0
		outer loop
			vertex 2.4229950904846 1.5309000015259 0
			vertex 2.4260766506195 1.5463929176331 0
			vertex 2.4260766506195 1.5463929176331 0.19799999892712
		endloop
	endfacet
	facet normal 0.98078736966341 -0.19507981830198 0
		outer loop
			vertex 2.4229950904846 1.5309000015259 0
			vertex 2.4260766506195 1.5463929176331 0.19799999892712
			vertex 2.4229950904846 1.5309000015259 0.19799999892712
		endloop
	endfacet
	facet normal 0 0 -1
		outer loop
			vertex 2.4229950904846 1.5309000015259 0.19799999892712
			vertex 2.4260766506195 1.5463929176331 0.19799999892712
			vertex 2.4260766506195 1.5309000015259 0.19799999892712
		endloop
	endfacet
	facet normal 0.55557239313192 -0.83146816895758 0
		outer loop
			vertex 2.4348528385162 1.5595271587372 0
			vertex 2.4479870796204 1.5683032274246 0
			vertex 2.4479870796204 1.5683032274246 0.19799999892712
		endloop
	endfacet
	facet normal 0.1950943370645 -0.98078448175191 0
		outer loop
			vertex 2.4479870796204 1.5683032274246 0
			vertex 2.4634799957275 1.5713850259781 0
			vertex 2.4634799957275 1.5713850259781 0.19799999892712
		endloop
	endfacet
	facet normal 0.55557239313192 -0.83146816895758 0
		outer loop
			vertex 2.4348528385162 1.5595271587372 0
			vertex 2.4479870796204 1.5683032274246 0.19799999892712
			vertex 2.4348528385162 1.5595271587372 0.19799999892712
		endloop
	endfacet
	facet normal 0.1950943370645 -0.98078448175191 0
		outer loop
			vertex 2.4479870796204 1.5683032274246 0
			vertex 2.4634799957275 1.5713850259781 0.19799999892712
			vertex 2.4479870796204 1.5683032274246 0.19799999892712
		endloop
	endfacet
	facet normal 0 0 -1
		outer loop
			vertex 2.4348528385162 1.5309000015259 0.19799999892712
			vertex 2.4348528385162 1.5595271587372 0.19799999892712
			vertex 2.4405469894409 1.5309000015259 0.19799999892712
		endloop
	endfacet
	facet normal 0 0 -1
		outer loop
			vertex 2.4479870796204 1.5309000015259 0.19799999892712
			vertex 2.4634799957275 1.5713850259781 0.19799999892712
			vertex 2.4634799957275 1.5309000015259 0.19799999892712
		endloop
	endfacet
	facet normal 0 0 -1
		outer loop
			vertex 2.4479870796204 1.5309000015259 0.19799999892712
			vertex 2.4479870796204 1.5683032274246 0.19799999892712
			vertex 2.4634799957275 1.5713850259781 0.19799999892712
		endloop
	endfacet
	facet normal 0 0 -1
		outer loop
			vertex 2.4662325382233 1.4909625053406 0.19799999892712
			vertex 2.4634799957275 1.5309000015259 0.19799999892712
			vertex 2.4730246067047 1.5234005451202 0.19799999892712
		endloop
	endfacet
	facet normal 0 0 -1
		outer loop
			vertex 2.4634799957275 1.5713850259781 0.19799999892712
			vertex 2.4865567684174 1.530176281929 0.19799999892712
			vertex 2.4730246067047 1.5234005451202 0.19799999892712
		endloop
	endfacet
	facet normal 0 0 -1
		outer loop
			vertex 2.4730246067047 1.5234005451202 0.19799999892712
			vertex 2.4865567684174 1.530176281929 0.19799999892712
			vertex 2.490660905838 1.5095435380936 0.19799999892712
		endloop
	endfacet
	facet normal 0.70710678118655 0.70710678118655 -0
		outer loop
			vertex 3.0826127529144 1.0704327821732 0
			vertex 3.0826127529144 1.0704327821732 0.19799999892712
			vertex 3.1905727386475 0.96247279644012 0
		endloop
	endfacet
	facet normal 0.70710678118655 0.70710678118655 -0
		outer loop
			vertex 3.1905727386475 0.96247279644012 0
			vertex 3.0826127529144 1.0704327821732 0.19799999892712
			vertex 3.1905727386475 0.96247279644012 0.19799999892712
		endloop
	endfacet
	facet normal 0 0 -1
		outer loop
			vertex 3.0826127529144 1.0704327821732 0.19799999892712
			vertex 3.1112399101257 1.0616468191147 0.19799999892712
			vertex 3.1905727386475 0.96247279644012 0.19799999892712
		endloop
	endfacet
	facet normal 0 0 -1
		outer loop
			vertex 3.1112399101257 1.0616468191147 0.19799999892712
			vertex 3.1179568767548 1.1057769060135 0.19799999892712
			vertex 3.2191998958588 1.0285130739212 0.19799999892712
		endloop
	endfacet
	facet normal 0 0 -1
		outer loop
			vertex 3.1179568767548 1.1057769060135 0.19799999892712
			vertex 3.1398673057556 1.1276872158051 0.19799999892712
			vertex 3.2191998958588 1.0285130739212 0.19799999892712
		endloop
	endfacet
	facet normal 0 0 -1
		outer loop
			vertex 3.1112399101257 1.0616468191147 0.19799999892712
			vertex 3.2124831676483 0.98438310623169 0.19799999892712
			vertex 3.1905727386475 0.96247279644012 0.19799999892712
		endloop
	endfacet
	facet normal 0 0 -1
		outer loop
			vertex 3.1112399101257 1.0616468191147 0.19799999892712
			vertex 3.2191998958588 1.0285130739212 0.19799999892712
			vertex 3.2124831676483 0.98438310623169 0.19799999892712
		endloop
	endfacet
	facet normal 0 0 -1
		outer loop
			vertex 3.1398673057556 1.1276872158051 0.19799999892712
			vertex 3.235969543457 1.0315849781036 0.19799999892712
			vertex 3.2191998958588 1.0285130739212 0.19799999892712
		endloop
	endfacet
	facet normal -0.70710678118655 -0.70710678118655 0
		outer loop
			vertex 3.1398673057556 1.1276872158051 0
			vertex 3.235969543457 1.0315849781036 0
			vertex 3.235969543457 1.0315849781036 0.19799999892712
		endloop
	endfacet
	facet normal 0 0 -1
		outer loop
			vertex 3.2191998958588 1.0285130739212 0.19799999892712
			vertex 3.235969543457 1.0315849781036 0.19799999892712
			vertex 3.2415592670441 1.0259951353073 0.19799999892712
		endloop
	endfacet
	facet normal -0.70710678118655 -0.70710678118655 0
		outer loop
			vertex 3.1398673057556 1.1276872158051 0
			vertex 3.235969543457 1.0315849781036 0.19799999892712
			vertex 3.1398673057556 1.1276872158051 0.19799999892712
		endloop
	endfacet
	facet normal 0 1 0
		outer loop
			vertex 3.2191998958588 0.95061498880386 0
			vertex 3.2191998958588 0.95061498880386 0.19799999892712
			vertex 3.5430800914764 0.95061498880386 0
		endloop
	endfacet
	facet normal 0 0 -1
		outer loop
			vertex 3.2191998958588 0.95061498880386 0.19799999892712
			vertex 3.2191998958588 1.0285130739212 0.19799999892712
			vertex 3.2415592670441 1.0259951353073 0.19799999892712
		endloop
	endfacet
	facet normal 0 -1 0
		outer loop
			vertex 3.235969543457 1.0315849781036 0
			vertex 3.5263106822968 1.0315849781036 0.19799999892712
			vertex 3.235969543457 1.0315849781036 0.19799999892712
		endloop
	endfacet
	facet normal -0 1 0
		outer loop
			vertex 3.2191998958588 0.95061498880386 0.19799999892712
			vertex 3.5430800914764 0.95061498880386 0.19799999892712
			vertex 3.5430800914764 0.95061498880386 0
		endloop
	endfacet
	facet normal 0 -1 0
		outer loop
			vertex 3.235969543457 1.0315849781036 0
			vertex 3.5263106822968 1.0315849781036 0
			vertex 3.5263106822968 1.0315849781036 0.19799999892712
		endloop
	endfacet
	facet normal 0 0 -1
		outer loop
			vertex 3.2191998958588 0.95061498880386 0.19799999892712
			vertex 3.2415592670441 1.0259951353073 0.19799999892712
			vertex 3.5430800914764 0.95061498880386 0.19799999892712
		endloop
	endfacet
	facet normal 0 0 -1
		outer loop
			vertex 3.235969543457 1.0315849781036 0.19799999892712
			vertex 3.5263106822968 1.0315849781036 0.19799999892712
			vertex 3.2415592670441 1.0259951353073 0.19799999892712
		endloop
	endfacet
	facet normal 0 0 -1
		outer loop
			vertex 3.2415592670441 1.0259951353073 0.19799999892712
			vertex 3.5430800914764 0.99110001325607 0.19799999892712
			vertex 3.5430800914764 0.95061498880386 0.19799999892712
		endloop
	endfacet
	facet normal 0 0 -1
		outer loop
			vertex 3.2415592670441 1.0259951353073 0.19799999892712
			vertex 3.5263106822968 1.0315849781036 0.19799999892712
			vertex 3.5430800914764 0.99110001325607 0.19799999892712
		endloop
	endfacet
	facet normal 0.70710778177136 -0.70710578060032 0
		outer loop
			vertex 3.5263106822968 1.0315849781036 0
			vertex 3.610554933548 1.1158294677734 0
			vertex 3.610554933548 1.1158294677734 0.19799999892712
		endloop
	endfacet
	facet normal 0.70710778177136 -0.70710578060032 0
		outer loop
			vertex 3.5263106822968 1.0315849781036 0
			vertex 3.610554933548 1.1158294677734 0.19799999892712
			vertex 3.5263106822968 1.0315849781036 0.19799999892712
		endloop
	endfacet
	facet normal 0 0 -1
		outer loop
			vertex 3.5430800914764 0.99110001325607 0.19799999892712
			vertex 3.5263106822968 1.0315849781036 0.19799999892712
			vertex 3.6117630004883 1.0929869413376 0.19799999892712
		endloop
	endfacet
	facet normal 0 0 -1
		outer loop
			vertex 3.5430800914764 0.99110001325607 0.19799999892712
			vertex 3.6117630004883 1.0929869413376 0.19799999892712
			vertex 3.5717072486877 0.96247279644012 0.19799999892712
		endloop
	endfacet
	facet normal 0 0 -1
		outer loop
			vertex 3.5263106822968 1.0315849781036 0.19799999892712
			vertex 3.610554933548 1.1158294677734 0.19799999892712
			vertex 3.6136269569397 1.0990600585938 0.19799999892712
		endloop
	endfacet
	facet normal 0 0 -1
		outer loop
			vertex 3.5263106822968 1.0315849781036 0.19799999892712
			vertex 3.6136269569397 1.0990600585938 0.19799999892712
			vertex 3.6117630004883 1.0929869413376 0.19799999892712
		endloop
	endfacet
	facet normal -0.70710678118655 0.70710678118655 0
		outer loop
			vertex 3.5717072486877 0.96247279644012 0
			vertex 3.5717072486877 0.96247279644012 0.19799999892712
			vertex 3.6796672344208 1.0704327821732 0
		endloop
	endfacet
	facet normal -0.70710678118655 0.70710678118655 0
		outer loop
			vertex 3.5717072486877 0.96247279644012 0.19799999892712
			vertex 3.6796672344208 1.0704327821732 0.19799999892712
			vertex 3.6796672344208 1.0704327821732 0
		endloop
	endfacet
	facet normal 0 0 -1
		outer loop
			vertex 3.5717072486877 0.96247279644012 0.19799999892712
			vertex 3.6117630004883 1.0929869413376 0.19799999892712
			vertex 3.6530869007111 1.0970129966736 0.19799999892712
		endloop
	endfacet
	facet normal 0 0 -1
		outer loop
			vertex 3.5717072486877 0.96247279644012 0.19799999892712
			vertex 3.6530869007111 1.0970129966736 0.19799999892712
			vertex 3.6796672344208 1.0704327821732 0.19799999892712
		endloop
	endfacet
	facet normal 0 0 -1
		outer loop
			vertex 3.6136269569397 1.0990600585938 0.19799999892712
			vertex 3.610554933548 1.1158294677734 0.19799999892712
			vertex 3.6189968585968 1.1242713928223 0.19799999892712
		endloop
	endfacet
	facet normal 1 0 0
		outer loop
			vertex 3.610554933548 1.1158294677734 0
			vertex 3.610554933548 1.1840977668762 0
			vertex 3.610554933548 1.1840977668762 0.19799999892712
		endloop
	endfacet
	facet normal 1 0 0
		outer loop
			vertex 3.610554933548 1.1158294677734 0
			vertex 3.610554933548 1.1840977668762 0.19799999892712
			vertex 3.610554933548 1.1158294677734 0.19799999892712
		endloop
	endfacet
	facet normal -1 0 0
		outer loop
			vertex 3.6915249824524 1.0990600585938 0
			vertex 3.6915249824524 1.0990600585938 0.19799999892712
			vertex 3.6915249824524 1.2070200443268 0
		endloop
	endfacet
	facet normal -1 0 0
		outer loop
			vertex 3.6915249824524 1.0990600585938 0.19799999892712
			vertex 3.6915249824524 1.2070200443268 0.19799999892712
			vertex 3.6915249824524 1.2070200443268 0
		endloop
	endfacet
	facet normal 0 0 -1
		outer loop
			vertex 3.610554933548 1.1158294677734 0.19799999892712
			vertex 3.610554933548 1.1840977668762 0.19799999892712
			vertex 3.6189968585968 1.1242713928223 0.19799999892712
		endloop
	endfacet
	facet normal 0 0 -1
		outer loop
			vertex 3.6136269569397 1.0990600585938 0.19799999892712
			vertex 3.6189968585968 1.1242713928223 0.19799999892712
			vertex 3.6590929031372 1.0990600585938 0.19799999892712
		endloop
	endfacet
	facet normal 0 0 -1
		outer loop
			vertex 3.6590929031372 1.0990600585938 0.19799999892712
			vertex 3.6189968585968 1.1242713928223 0.19799999892712
			vertex 3.6355471611023 1.1736972332001 0.19799999892712
		endloop
	endfacet
	facet normal 0 0 -1
		outer loop
			vertex 3.6189968585968 1.1242713928223 0.19799999892712
			vertex 3.610554933548 1.1840977668762 0.19799999892712
			vertex 3.6330466270447 1.1770311594009 0.19799999892712
		endloop
	endfacet
	facet normal 0 0 -1
		outer loop
			vertex 3.6189968585968 1.1242713928223 0.19799999892712
			vertex 3.6330466270447 1.1770311594009 0.19799999892712
			vertex 3.6355471611023 1.1736972332001 0.19799999892712
		endloop
	endfacet
	facet normal 0 0 -1
		outer loop
			vertex 3.6355471611023 1.1736972332001 0.19799999892712
			vertex 3.6510400772095 1.2070200443268 0.19799999892712
			vertex 3.6665329933167 1.1323827505112 0.19799999892712
		endloop
	endfacet
	facet normal 0 0 -1
		outer loop
			vertex 3.6355471611023 1.1736972332001 0.19799999892712
			vertex 3.6382143497467 1.185644030571 0.19799999892712
			vertex 3.6510400772095 1.2070200443268 0.19799999892712
		endloop
	endfacet
	facet normal 0 0 -1
		outer loop
			vertex 3.6590929031372 1.0990600585938 0.19799999892712
			vertex 3.6355471611023 1.1736972332001 0.19799999892712
			vertex 3.6665329933167 1.1323827505112 0.19799999892712
		endloop
	endfacet
	facet normal 0 0 -1
		outer loop
			vertex 3.6915249824524 1.0990600585938 0.19799999892712
			vertex 3.6665329933167 1.1323827505112 0.19799999892712
			vertex 3.6915249824524 1.2070200443268 0.19799999892712
		endloop
	endfacet
	facet normal 0 0 -1
		outer loop
			vertex 3.6510400772095 1.2070200443268 0.19799999892712
			vertex 3.6915249824524 1.2070200443268 0.19799999892712
			vertex 3.6665329933167 1.1323827505112 0.19799999892712
		endloop
	endfacet
	facet normal 0.85755048308369 -0.51439981431075 0
		outer loop
			vertex 3.0904107093811 1.4961843490601 0
			vertex 3.0907866954803 1.4968111515045 0
			vertex 3.0907866954803 1.4968111515045 0.19799999892712
		endloop
	endfacet
	facet normal 0.85755048308369 -0.51439981431075 0
		outer loop
			vertex 3.0904107093811 1.4961843490601 0
			vertex 3.0907866954803 1.4968111515045 0.19799999892712
			vertex 3.0904107093811 1.4961843490601 0.19799999892712
		endloop
	endfacet
	facet normal 0 -0 -1
		outer loop
			vertex 3.0907866954803 1.4968111515045 0.19799999892712
			vertex 3.0942187309265 1.4945180416107 0.19799999892712
			vertex 3.0904107093811 1.4961843490601 0.19799999892712
		endloop
	endfacet
	facet normal 0 0 -1
		outer loop
			vertex 3.0957469940186 1.493849158287 0.19799999892712
			vertex 3.1051919460297 1.5208201408386 0.19799999892712
			vertex 3.2281708717346 1.5079545974731 0.19799999892712
		endloop
	endfacet
	facet normal 0 0 -1
		outer loop
			vertex 3.0957469940186 1.493849158287 0.19799999892712
			vertex 3.2281708717346 1.5079545974731 0.19799999892712
			vertex 3.2574036121368 1.4904149770737 0.19799999892712
		endloop
	endfacet
	facet normal 0.51449581322887 0.85749289103174 0
		outer loop
			vertex 3.610554933548 1.1840977668762 0
			vertex 3.0904107093811 1.4961843490601 0
			vertex 3.0904107093811 1.4961843490601 0.19799999892712
		endloop
	endfacet
	facet normal 0 0 -1
		outer loop
			vertex 3.610554933548 1.1840977668762 0.19799999892712
			vertex 3.0904107093811 1.4961843490601 0.19799999892712
			vertex 3.0942187309265 1.4945180416107 0.19799999892712
		endloop
	endfacet
	facet normal 0 0 -1
		outer loop
			vertex 3.610554933548 1.1840977668762 0.19799999892712
			vertex 3.0942187309265 1.4945180416107 0.19799999892712
			vertex 3.0957469940186 1.493849158287 0.19799999892712
		endloop
	endfacet
	facet normal 0.51449581322887 0.85749289103174 -0
		outer loop
			vertex 3.610554933548 1.1840977668762 0
			vertex 3.0904107093811 1.4961843490601 0.19799999892712
			vertex 3.610554933548 1.1840977668762 0.19799999892712
		endloop
	endfacet
	facet normal 0 0 -1
		outer loop
			vertex 3.610554933548 1.1840977668762 0.19799999892712
			vertex 3.0957469940186 1.493849158287 0.19799999892712
			vertex 3.6382143497467 1.185644030571 0.19799999892712
		endloop
	endfacet
	facet normal -0.51449575542753 -0.85749292571254 0
		outer loop
			vertex 3.6718692779541 1.2417355775833 0.19799999892712
			vertex 3.2574036121368 1.4904149770737 0.19799999892712
			vertex 3.2574036121368 1.4904149770737 0
		endloop
	endfacet
	facet normal 0 0 -1
		outer loop
			vertex 3.6581318378448 1.2188398838043 0.19799999892712
			vertex 3.0957469940186 1.493849158287 0.19799999892712
			vertex 3.2574036121368 1.4904149770737 0.19799999892712
		endloop
	endfacet
	facet normal 0 0 -1
		outer loop
			vertex 3.6382143497467 1.185644030571 0.19799999892712
			vertex 3.0957469940186 1.493849158287 0.19799999892712
			vertex 3.6510400772095 1.2070200443268 0.19799999892712
		endloop
	endfacet
	facet normal -0.51449575542753 -0.85749292571254 0
		outer loop
			vertex 3.6718692779541 1.2417355775833 0
			vertex 3.6718692779541 1.2417355775833 0.19799999892712
			vertex 3.2574036121368 1.4904149770737 0
		endloop
	endfacet
	facet normal 0 0 -1
		outer loop
			vertex 3.6510400772095 1.2070200443268 0.19799999892712
			vertex 3.0957469940186 1.493849158287 0.19799999892712
			vertex 3.6581318378448 1.2188398838043 0.19799999892712
		endloop
	endfacet
	facet normal 0 0 -1
		outer loop
			vertex 3.6581318378448 1.2188398838043 0.19799999892712
			vertex 3.2574036121368 1.4904149770737 0.19799999892712
			vertex 3.6680614948273 1.2434020042419 0.19799999892712
		endloop
	endfacet
	facet normal 0 0 -1
		outer loop
			vertex 3.6680614948273 1.2434020042419 0.19799999892712
			vertex 3.2574036121368 1.4904149770737 0.19799999892712
			vertex 3.6718692779541 1.2417355775833 0.19799999892712
		endloop
	endfacet
	facet normal -0.85750731807446 0.51447176739715 0
		outer loop
			vertex 3.6714932918549 1.2411088943481 0
			vertex 3.6714932918549 1.2411088943481 0.19799999892712
			vertex 3.6718692779541 1.2417355775833 0
		endloop
	endfacet
	facet normal -0.85750731807446 0.51447176739715 0
		outer loop
			vertex 3.6718692779541 1.2417355775833 0
			vertex 3.6714932918549 1.2411088943481 0.19799999892712
			vertex 3.6718692779541 1.2417355775833 0.19799999892712
		endloop
	endfacet
	facet normal 0 0 -1
		outer loop
			vertex 3.6330466270447 1.1770311594009 0.19799999892712
			vertex 3.610554933548 1.1840977668762 0.19799999892712
			vertex 3.6382143497467 1.185644030571 0.19799999892712
		endloop
	endfacet
	facet normal 0 0 -1
		outer loop
			vertex 3.6714932918549 1.2411088943481 0.19799999892712
			vertex 3.6680614948273 1.2434020042419 0.19799999892712
			vertex 3.6718692779541 1.2417355775833 0.19799999892712
		endloop
	endfacet
	facet normal 0 0 -1
		outer loop
			vertex 3.1051919460297 1.5208201408386 0.19799999892712
			vertex 3.1112399101257 1.5309000015259 0.19799999892712
			vertex 3.2281708717346 1.5079545974731 0.19799999892712
		endloop
	endfacet
	facet normal 0 1 0
		outer loop
			vertex 3.2574036121368 1.4904149770737 0
			vertex 3.2574036121368 1.4904149770737 0.19799999892712
			vertex 3.6510400772095 1.4904149770737 0
		endloop
	endfacet
	facet normal -0 1 0
		outer loop
			vertex 3.2574036121368 1.4904149770737 0.19799999892712
			vertex 3.6510400772095 1.4904149770737 0.19799999892712
			vertex 3.6510400772095 1.4904149770737 0
		endloop
	endfacet
	facet normal 0 0 -1
		outer loop
			vertex 3.1112399101257 1.5309000015259 0.19799999892712
			vertex 3.1112399101257 1.5713850259781 0.19799999892712
			vertex 3.2281708717346 1.5079545974731 0.19799999892712
		endloop
	endfacet
	facet normal 0 -1 0
		outer loop
			vertex 3.1112399101257 1.5713850259781 0
			vertex 3.6510400772095 1.5713850259781 0.19799999892712
			vertex 3.1112399101257 1.5713850259781 0.19799999892712
		endloop
	endfacet
	facet normal 0 0 -1
		outer loop
			vertex 3.1112399101257 1.5713850259781 0.19799999892712
			vertex 3.6510400772095 1.5713850259781 0.19799999892712
			vertex 3.2281708717346 1.5079545974731 0.19799999892712
		endloop
	endfacet
	facet normal 0 0 -1
		outer loop
			vertex 3.2574036121368 1.4904149770737 0.19799999892712
			vertex 3.2281708717346 1.5079545974731 0.19799999892712
			vertex 3.6510400772095 1.5713850259781 0.19799999892712
		endloop
	endfacet
	facet normal 0 -1 0
		outer loop
			vertex 3.1112399101257 1.5713850259781 0
			vertex 3.6510400772095 1.5713850259781 0
			vertex 3.6510400772095 1.5713850259781 0.19799999892712
		endloop
	endfacet
	facet normal 0 0 -1
		outer loop
			vertex 3.2574036121368 1.4904149770737 0.19799999892712
			vertex 3.6510400772095 1.5713850259781 0.19799999892712
			vertex 3.6510400772095 1.4904149770737 0.19799999892712
		endloop
	endfacet
	facet normal 0.98078476898537 0.19509289306975 0
		outer loop
			vertex 3.0738368034363 1.0835670232773 0
			vertex 3.0707550048828 1.0990600585938 0
			vertex 3.0707550048828 1.0990600585938 0.19799999892712
		endloop
	endfacet
	facet normal 0.98078476898537 0.19509289306975 -0
		outer loop
			vertex 3.0738368034363 1.0835670232773 0
			vertex 3.0707550048828 1.0990600585938 0.19799999892712
			vertex 3.0738368034363 1.0835670232773 0.19799999892712
		endloop
	endfacet
	facet normal 0.98078448175191 -0.1950943370645 0
		outer loop
			vertex 3.0707550048828 1.0990600585938 0
			vertex 3.0738368034363 1.1145529747009 0
			vertex 3.0738368034363 1.1145529747009 0.19799999892712
		endloop
	endfacet
	facet normal 0.98078448175191 -0.1950943370645 0
		outer loop
			vertex 3.0707550048828 1.0990600585938 0
			vertex 3.0738368034363 1.1145529747009 0.19799999892712
			vertex 3.0707550048828 1.0990600585938 0.19799999892712
		endloop
	endfacet
	facet normal 0 0 -1
		outer loop
			vertex 3.0738368034363 1.0835670232773 0.19799999892712
			vertex 3.0707550048828 1.0990600585938 0.19799999892712
			vertex 3.0738368034363 1.1145529747009 0.19799999892712
		endloop
	endfacet
	facet normal 0.83147165503325 0.55556717584489 -0
		outer loop
			vertex 3.0738368034363 1.0835670232773 0
			vertex 3.0738368034363 1.0835670232773 0.19799999892712
			vertex 3.0826127529144 1.0704327821732 0
		endloop
	endfacet
	facet normal 0.83147165503325 0.55556717584489 0
		outer loop
			vertex 3.0738368034363 1.0835670232773 0.19799999892712
			vertex 3.0826127529144 1.0704327821732 0.19799999892712
			vertex 3.0826127529144 1.0704327821732 0
		endloop
	endfacet
	facet normal 0 0 -1
		outer loop
			vertex 3.0738368034363 1.0835670232773 0.19799999892712
			vertex 3.0738368034363 1.1145529747009 0.19799999892712
			vertex 3.0826127529144 1.0704327821732 0.19799999892712
		endloop
	endfacet
	facet normal 0 0 -1
		outer loop
			vertex 3.0826127529144 1.0704327821732 0.19799999892712
			vertex 3.0957469940186 1.1364632844925 0.19799999892712
			vertex 3.1112399101257 1.0616468191147 0.19799999892712
		endloop
	endfacet
	facet normal 0.83147165503325 -0.55556717584489 0
		outer loop
			vertex 3.0738368034363 1.1145529747009 0
			vertex 3.0826127529144 1.1276872158051 0
			vertex 3.0826127529144 1.1276872158051 0.19799999892712
		endloop
	endfacet
	facet normal 0.19508707769927 -0.9807859257324 0
		outer loop
			vertex 3.0957469940186 1.1364632844925 0
			vertex 3.1112399101257 1.1395449638367 0
			vertex 3.1112399101257 1.1395449638367 0.19799999892712
		endloop
	endfacet
	facet normal 0.55557239313192 -0.83146816895758 0
		outer loop
			vertex 3.0826127529144 1.1276872158051 0
			vertex 3.0957469940186 1.1364632844925 0
			vertex 3.0957469940186 1.1364632844925 0.19799999892712
		endloop
	endfacet
	facet normal -0.19508707769927 -0.9807859257324 0
		outer loop
			vertex 3.1112399101257 1.1395449638367 0
			vertex 3.1267328262329 1.1364632844925 0
			vertex 3.1267328262329 1.1364632844925 0.19799999892712
		endloop
	endfacet
	facet normal -0.55556542104504 -0.83147282754102 0
		outer loop
			vertex 3.1267328262329 1.1364632844925 0
			vertex 3.1398673057556 1.1276872158051 0
			vertex 3.1398673057556 1.1276872158051 0.19799999892712
		endloop
	endfacet
	facet normal 0.83147165503325 -0.55556717584489 0
		outer loop
			vertex 3.0738368034363 1.1145529747009 0
			vertex 3.0826127529144 1.1276872158051 0.19799999892712
			vertex 3.0738368034363 1.1145529747009 0.19799999892712
		endloop
	endfacet
	facet normal 0.55557239313192 -0.83146816895758 0
		outer loop
			vertex 3.0826127529144 1.1276872158051 0
			vertex 3.0957469940186 1.1364632844925 0.19799999892712
			vertex 3.0826127529144 1.1276872158051 0.19799999892712
		endloop
	endfacet
	facet normal 0.19508707769927 -0.9807859257324 0
		outer loop
			vertex 3.0957469940186 1.1364632844925 0
			vertex 3.1112399101257 1.1395449638367 0.19799999892712
			vertex 3.0957469940186 1.1364632844925 0.19799999892712
		endloop
	endfacet
	facet normal -0.19508707769927 -0.9807859257324 0
		outer loop
			vertex 3.1112399101257 1.1395449638367 0
			vertex 3.1267328262329 1.1364632844925 0.19799999892712
			vertex 3.1112399101257 1.1395449638367 0.19799999892712
		endloop
	endfacet
	facet normal -0.55556542104504 -0.83147282754102 0
		outer loop
			vertex 3.1267328262329 1.1364632844925 0
			vertex 3.1398673057556 1.1276872158051 0.19799999892712
			vertex 3.1267328262329 1.1364632844925 0.19799999892712
		endloop
	endfacet
	facet normal 0 0 -1
		outer loop
			vertex 3.0826127529144 1.0704327821732 0.19799999892712
			vertex 3.0826127529144 1.1276872158051 0.19799999892712
			vertex 3.0957469940186 1.1364632844925 0.19799999892712
		endloop
	endfacet
	facet normal 0 0 -1
		outer loop
			vertex 3.0738368034363 1.1145529747009 0.19799999892712
			vertex 3.0826127529144 1.1276872158051 0.19799999892712
			vertex 3.0826127529144 1.0704327821732 0.19799999892712
		endloop
	endfacet
	facet normal 0 0 -1
		outer loop
			vertex 3.1112399101257 1.0616468191147 0.19799999892712
			vertex 3.0957469940186 1.1364632844925 0.19799999892712
			vertex 3.1112399101257 1.1395449638367 0.19799999892712
		endloop
	endfacet
	facet normal 0 0 -1
		outer loop
			vertex 3.1112399101257 1.0616468191147 0.19799999892712
			vertex 3.1112399101257 1.1395449638367 0.19799999892712
			vertex 3.1179568767548 1.1057769060135 0.19799999892712
		endloop
	endfacet
	facet normal 0 0 -1
		outer loop
			vertex 3.1179568767548 1.1057769060135 0.19799999892712
			vertex 3.1112399101257 1.1395449638367 0.19799999892712
			vertex 3.1267328262329 1.1364632844925 0.19799999892712
		endloop
	endfacet
	facet normal 0 0 -1
		outer loop
			vertex 3.1179568767548 1.1057769060135 0.19799999892712
			vertex 3.1267328262329 1.1364632844925 0.19799999892712
			vertex 3.1398673057556 1.1276872158051 0.19799999892712
		endloop
	endfacet
	facet normal 0.55557239313192 0.83146816895758 -0
		outer loop
			vertex 3.1905727386475 0.96247279644012 0
			vertex 3.1905727386475 0.96247279644012 0.19799999892712
			vertex 3.2037069797516 0.95369672775269 0
		endloop
	endfacet
	facet normal 0.55557239313192 0.83146816895758 0
		outer loop
			vertex 3.1905727386475 0.96247279644012 0.19799999892712
			vertex 3.2037069797516 0.95369672775269 0.19799999892712
			vertex 3.2037069797516 0.95369672775269 0
		endloop
	endfacet
	facet normal 0 0 -1
		outer loop
			vertex 3.1905727386475 0.96247279644012 0.19799999892712
			vertex 3.2124831676483 0.98438310623169 0.19799999892712
			vertex 3.2037069797516 0.95369672775269 0.19799999892712
		endloop
	endfacet
	facet normal 0.19509070738589 0.98078520374834 -0
		outer loop
			vertex 3.2037069797516 0.95369672775269 0
			vertex 3.2037069797516 0.95369672775269 0.19799999892712
			vertex 3.2191998958588 0.95061498880386 0
		endloop
	endfacet
	facet normal 0.19509070738589 0.98078520374834 -0
		outer loop
			vertex 3.2191998958588 0.95061498880386 0
			vertex 3.2037069797516 0.95369672775269 0.19799999892712
			vertex 3.2191998958588 0.95061498880386 0.19799999892712
		endloop
	endfacet
	facet normal 0 0 -1
		outer loop
			vertex 3.2037069797516 0.95369672775269 0.19799999892712
			vertex 3.2124831676483 0.98438310623169 0.19799999892712
			vertex 3.2191998958588 0.95061498880386 0.19799999892712
		endloop
	endfacet
	facet normal 0 0 -1
		outer loop
			vertex 3.2124831676483 0.98438310623169 0.19799999892712
			vertex 3.2191998958588 1.0285130739212 0.19799999892712
			vertex 3.2191998958588 0.95061498880386 0.19799999892712
		endloop
	endfacet
	facet normal -0.19509070738589 0.98078520374834 0
		outer loop
			vertex 3.5430800914764 0.95061498880386 0
			vertex 3.5430800914764 0.95061498880386 0.19799999892712
			vertex 3.5585730075836 0.95369672775269 0
		endloop
	endfacet
	facet normal -0.55557239313192 0.83146816895758 0
		outer loop
			vertex 3.5585730075836 0.95369672775269 0
			vertex 3.5585730075836 0.95369672775269 0.19799999892712
			vertex 3.5717072486877 0.96247279644012 0
		endloop
	endfacet
	facet normal -0.19509070738589 0.98078520374834 0
		outer loop
			vertex 3.5585730075836 0.95369672775269 0
			vertex 3.5430800914764 0.95061498880386 0.19799999892712
			vertex 3.5585730075836 0.95369672775269 0.19799999892712
		endloop
	endfacet
	facet normal -0.55557239313192 0.83146816895758 0
		outer loop
			vertex 3.5717072486877 0.96247279644012 0
			vertex 3.5585730075836 0.95369672775269 0.19799999892712
			vertex 3.5717072486877 0.96247279644012 0.19799999892712
		endloop
	endfacet
	facet normal 0 0 -1
		outer loop
			vertex 3.5430800914764 0.95061498880386 0.19799999892712
			vertex 3.5430800914764 0.99110001325607 0.19799999892712
			vertex 3.5717072486877 0.96247279644012 0.19799999892712
		endloop
	endfacet
	facet normal 0 0 -1
		outer loop
			vertex 3.5430800914764 0.95061498880386 0.19799999892712
			vertex 3.5717072486877 0.96247279644012 0.19799999892712
			vertex 3.5585730075836 0.95369672775269 0.19799999892712
		endloop
	endfacet
	facet normal -0.83147165503325 0.55556717584489 0
		outer loop
			vertex 3.6796672344208 1.0704327821732 0
			vertex 3.6796672344208 1.0704327821732 0.19799999892712
			vertex 3.6884431838989 1.0835670232773 0
		endloop
	endfacet
	facet normal -0.98078476898537 0.19509289306975 0
		outer loop
			vertex 3.6884431838989 1.0835670232773 0
			vertex 3.6884431838989 1.0835670232773 0.19799999892712
			vertex 3.6915249824524 1.0990600585938 0
		endloop
	endfacet
	facet normal -0.83147165503325 0.55556717584489 0
		outer loop
			vertex 3.6884431838989 1.0835670232773 0
			vertex 3.6796672344208 1.0704327821732 0.19799999892712
			vertex 3.6884431838989 1.0835670232773 0.19799999892712
		endloop
	endfacet
	facet normal -0.98078476898537 0.19509289306975 0
		outer loop
			vertex 3.6915249824524 1.0990600585938 0
			vertex 3.6884431838989 1.0835670232773 0.19799999892712
			vertex 3.6915249824524 1.0990600585938 0.19799999892712
		endloop
	endfacet
	facet normal 0 -0 -1
		outer loop
			vertex 3.6590929031372 1.0990600585938 0.19799999892712
			vertex 3.6796672344208 1.0704327821732 0.19799999892712
			vertex 3.6530869007111 1.0970129966736 0.19799999892712
		endloop
	endfacet
	facet normal 0 0 -1
		outer loop
			vertex 3.6796672344208 1.0704327821732 0.19799999892712
			vertex 3.6915249824524 1.0990600585938 0.19799999892712
			vertex 3.6884431838989 1.0835670232773 0.19799999892712
		endloop
	endfacet
	facet normal 0 -0 -1
		outer loop
			vertex 3.6136269569397 1.0990600585938 0.19799999892712
			vertex 3.6530869007111 1.0970129966736 0.19799999892712
			vertex 3.6117630004883 1.0929869413376 0.19799999892712
		endloop
	endfacet
	facet normal 0 0 -1
		outer loop
			vertex 3.6136269569397 1.0990600585938 0.19799999892712
			vertex 3.6590929031372 1.0990600585938 0.19799999892712
			vertex 3.6530869007111 1.0970129966736 0.19799999892712
		endloop
	endfacet
	facet normal 0 0 -1
		outer loop
			vertex 3.6590929031372 1.0990600585938 0.19799999892712
			vertex 3.6665329933167 1.1323827505112 0.19799999892712
			vertex 3.6796672344208 1.0704327821732 0.19799999892712
		endloop
	endfacet
	facet normal 0 0 -1
		outer loop
			vertex 3.6796672344208 1.0704327821732 0.19799999892712
			vertex 3.6665329933167 1.1323827505112 0.19799999892712
			vertex 3.6915249824524 1.0990600585938 0.19799999892712
		endloop
	endfacet
	facet normal -0.55557297566707 -0.83146777971755 0
		outer loop
			vertex 3.6796672344208 1.2356472015381 0
			vertex 3.6796672344208 1.2356472015381 0.19799999892712
			vertex 3.6714932918549 1.2411088943481 0
		endloop
	endfacet
	facet normal -0.98078448175191 -0.1950943370645 0
		outer loop
			vertex 3.6915249824524 1.2070200443268 0
			vertex 3.6915249824524 1.2070200443268 0.19799999892712
			vertex 3.6884431838989 1.222512960434 0
		endloop
	endfacet
	facet normal -0.83147165503325 -0.55556717584489 0
		outer loop
			vertex 3.6796672344208 1.2356472015381 0
			vertex 3.6884431838989 1.222512960434 0
			vertex 3.6884431838989 1.222512960434 0.19799999892712
		endloop
	endfacet
	facet normal -0.55557297566707 -0.83146777971755 0
		outer loop
			vertex 3.6714932918549 1.2411088943481 0
			vertex 3.6796672344208 1.2356472015381 0.19799999892712
			vertex 3.6714932918549 1.2411088943481 0.19799999892712
		endloop
	endfacet
	facet normal -0.83147165503325 -0.55556717584489 0
		outer loop
			vertex 3.6796672344208 1.2356472015381 0
			vertex 3.6884431838989 1.222512960434 0.19799999892712
			vertex 3.6796672344208 1.2356472015381 0.19799999892712
		endloop
	endfacet
	facet normal -0.98078448175191 -0.1950943370645 0
		outer loop
			vertex 3.6884431838989 1.222512960434 0
			vertex 3.6915249824524 1.2070200443268 0.19799999892712
			vertex 3.6884431838989 1.222512960434 0.19799999892712
		endloop
	endfacet
	facet normal 0 0 -1
		outer loop
			vertex 3.6330466270447 1.1770311594009 0.19799999892712
			vertex 3.6382143497467 1.185644030571 0.19799999892712
			vertex 3.6355471611023 1.1736972332001 0.19799999892712
		endloop
	endfacet
	facet normal 0 0 -1
		outer loop
			vertex 3.6510400772095 1.2070200443268 0.19799999892712
			vertex 3.6581318378448 1.2188398838043 0.19799999892712
			vertex 3.6915249824524 1.2070200443268 0.19799999892712
		endloop
	endfacet
	facet normal 0 0 -1
		outer loop
			vertex 3.6581318378448 1.2188398838043 0.19799999892712
			vertex 3.6680614948273 1.2434020042419 0.19799999892712
			vertex 3.6714932918549 1.2411088943481 0.19799999892712
		endloop
	endfacet
	facet normal 0 0 -1
		outer loop
			vertex 3.6581318378448 1.2188398838043 0.19799999892712
			vertex 3.6884431838989 1.222512960434 0.19799999892712
			vertex 3.6915249824524 1.2070200443268 0.19799999892712
		endloop
	endfacet
	facet normal 0 0 -1
		outer loop
			vertex 3.6581318378448 1.2188398838043 0.19799999892712
			vertex 3.6796672344208 1.2356472015381 0.19799999892712
			vertex 3.6884431838989 1.222512960434 0.19799999892712
		endloop
	endfacet
	facet normal 0 0 -1
		outer loop
			vertex 3.6581318378448 1.2188398838043 0.19799999892712
			vertex 3.6714932918549 1.2411088943481 0.19799999892712
			vertex 3.6796672344208 1.2356472015381 0.19799999892712
		endloop
	endfacet
	facet normal 0.98078448175191 0.1950943370645 0
		outer loop
			vertex 3.0738368034363 1.5154070854187 0
			vertex 3.0707550048828 1.5309000015259 0
			vertex 3.0707550048828 1.5309000015259 0.19799999892712
		endloop
	endfacet
	facet normal 0.98078448175191 -0.1950943370645 0
		outer loop
			vertex 3.0707550048828 1.5309000015259 0
			vertex 3.0738368034363 1.5463929176331 0
			vertex 3.0738368034363 1.5463929176331 0.19799999892712
		endloop
	endfacet
	facet normal 0.98078448175191 -0.1950943370645 0
		outer loop
			vertex 3.0707550048828 1.5309000015259 0
			vertex 3.0738368034363 1.5463929176331 0.19799999892712
			vertex 3.0707550048828 1.5309000015259 0.19799999892712
		endloop
	endfacet
	facet normal 0.98078448175191 0.1950943370645 -0
		outer loop
			vertex 3.0738368034363 1.5154070854187 0
			vertex 3.0707550048828 1.5309000015259 0.19799999892712
			vertex 3.0738368034363 1.5154070854187 0.19799999892712
		endloop
	endfacet
	facet normal 0 0 -1
		outer loop
			vertex 3.0738368034363 1.5154070854187 0.19799999892712
			vertex 3.0707550048828 1.5309000015259 0.19799999892712
			vertex 3.0738368034363 1.5463929176331 0.19799999892712
		endloop
	endfacet
	facet normal 0.55556459228653 0.83147338129221 0
		outer loop
			vertex 3.0907866954803 1.4968111515045 0
			vertex 3.0826127529144 1.5022727251053 0
			vertex 3.0826127529144 1.5022727251053 0.19799999892712
		endloop
	endfacet
	facet normal 0.83147398431291 0.55556368978796 -0
		outer loop
			vertex 3.0738368034363 1.5154070854187 0
			vertex 3.0738368034363 1.5154070854187 0.19799999892712
			vertex 3.0826127529144 1.5022727251053 0
		endloop
	endfacet
	facet normal 0.83147398431291 0.55556368978796 0
		outer loop
			vertex 3.0738368034363 1.5154070854187 0.19799999892712
			vertex 3.0826127529144 1.5022727251053 0.19799999892712
			vertex 3.0826127529144 1.5022727251053 0
		endloop
	endfacet
	facet normal 0.55556459228653 0.83147338129221 -0
		outer loop
			vertex 3.0907866954803 1.4968111515045 0
			vertex 3.0826127529144 1.5022727251053 0.19799999892712
			vertex 3.0907866954803 1.4968111515045 0.19799999892712
		endloop
	endfacet
	facet normal 0.83147165503325 -0.55556717584489 0
		outer loop
			vertex 3.0738368034363 1.5463929176331 0
			vertex 3.0826127529144 1.5595271587372 0
			vertex 3.0826127529144 1.5595271587372 0.19799999892712
		endloop
	endfacet
	facet normal 0.55557239313192 -0.83146816895758 0
		outer loop
			vertex 3.0826127529144 1.5595271587372 0
			vertex 3.0957469940186 1.5683032274246 0
			vertex 3.0957469940186 1.5683032274246 0.19799999892712
		endloop
	endfacet
	facet normal 0.1950943370645 -0.98078448175191 0
		outer loop
			vertex 3.0957469940186 1.5683032274246 0
			vertex 3.1112399101257 1.5713850259781 0
			vertex 3.1112399101257 1.5713850259781 0.19799999892712
		endloop
	endfacet
	facet normal 0.83147165503325 -0.55556717584489 0
		outer loop
			vertex 3.0738368034363 1.5463929176331 0
			vertex 3.0826127529144 1.5595271587372 0.19799999892712
			vertex 3.0738368034363 1.5463929176331 0.19799999892712
		endloop
	endfacet
	facet normal 0.55557239313192 -0.83146816895758 0
		outer loop
			vertex 3.0826127529144 1.5595271587372 0
			vertex 3.0957469940186 1.5683032274246 0.19799999892712
			vertex 3.0826127529144 1.5595271587372 0.19799999892712
		endloop
	endfacet
	facet normal 0.1950943370645 -0.98078448175191 0
		outer loop
			vertex 3.0957469940186 1.5683032274246 0
			vertex 3.1112399101257 1.5713850259781 0.19799999892712
			vertex 3.0957469940186 1.5683032274246 0.19799999892712
		endloop
	endfacet
	facet normal 0 0 -1
		outer loop
			vertex 3.0907866954803 1.4968111515045 0.19799999892712
			vertex 3.0826127529144 1.5595271587372 0.19799999892712
			vertex 3.0942187309265 1.4945180416107 0.19799999892712
		endloop
	endfacet
	facet normal 0 0 -1
		outer loop
			vertex 3.0942187309265 1.4945180416107 0.19799999892712
			vertex 3.0826127529144 1.5595271587372 0.19799999892712
			vertex 3.0957469940186 1.493849158287 0.19799999892712
		endloop
	endfacet
	facet normal 0 0 -1
		outer loop
			vertex 3.0738368034363 1.5463929176331 0.19799999892712
			vertex 3.0826127529144 1.5595271587372 0.19799999892712
			vertex 3.0826127529144 1.5022727251053 0.19799999892712
		endloop
	endfacet
	facet normal 0 0 -1
		outer loop
			vertex 3.0738368034363 1.5154070854187 0.19799999892712
			vertex 3.0738368034363 1.5463929176331 0.19799999892712
			vertex 3.0826127529144 1.5022727251053 0.19799999892712
		endloop
	endfacet
	facet normal 0 0 -1
		outer loop
			vertex 3.0907866954803 1.4968111515045 0.19799999892712
			vertex 3.0826127529144 1.5022727251053 0.19799999892712
			vertex 3.0826127529144 1.5595271587372 0.19799999892712
		endloop
	endfacet
	facet normal 0 0 -1
		outer loop
			vertex 3.0957469940186 1.493849158287 0.19799999892712
			vertex 3.0957469940186 1.5683032274246 0.19799999892712
			vertex 3.1051919460297 1.5208201408386 0.19799999892712
		endloop
	endfacet
	facet normal 0 0 -1
		outer loop
			vertex 3.0957469940186 1.493849158287 0.19799999892712
			vertex 3.0826127529144 1.5595271587372 0.19799999892712
			vertex 3.0957469940186 1.5683032274246 0.19799999892712
		endloop
	endfacet
	facet normal 0 0 -1
		outer loop
			vertex 3.1051919460297 1.5208201408386 0.19799999892712
			vertex 3.0957469940186 1.5683032274246 0.19799999892712
			vertex 3.1112399101257 1.5309000015259 0.19799999892712
		endloop
	endfacet
	facet normal 0 0 -1
		outer loop
			vertex 3.0957469940186 1.5683032274246 0.19799999892712
			vertex 3.1112399101257 1.5713850259781 0.19799999892712
			vertex 3.1112399101257 1.5309000015259 0.19799999892712
		endloop
	endfacet
	facet normal -0.1950943370645 0.98078448175191 0
		outer loop
			vertex 3.6510400772095 1.4904149770737 0
			vertex 3.6510400772095 1.4904149770737 0.19799999892712
			vertex 3.6665329933167 1.4934967756271 0
		endloop
	endfacet
	facet normal -0.55556717584489 0.83147165503325 0
		outer loop
			vertex 3.6665329933167 1.4934967756271 0
			vertex 3.6665329933167 1.4934967756271 0.19799999892712
			vertex 3.6796672344208 1.5022727251053 0
		endloop
	endfacet
	facet normal -0.83147398431291 0.55556368978796 0
		outer loop
			vertex 3.6796672344208 1.5022727251053 0
			vertex 3.6796672344208 1.5022727251053 0.19799999892712
			vertex 3.6884431838989 1.5154070854187 0
		endloop
	endfacet
	facet normal -0.1950943370645 0.98078448175191 0
		outer loop
			vertex 3.6665329933167 1.4934967756271 0
			vertex 3.6510400772095 1.4904149770737 0.19799999892712
			vertex 3.6665329933167 1.4934967756271 0.19799999892712
		endloop
	endfacet
	facet normal -0.55556717584489 0.83147165503325 0
		outer loop
			vertex 3.6796672344208 1.5022727251053 0
			vertex 3.6665329933167 1.4934967756271 0.19799999892712
			vertex 3.6796672344208 1.5022727251053 0.19799999892712
		endloop
	endfacet
	facet normal -0.83147398431291 0.55556368978796 0
		outer loop
			vertex 3.6884431838989 1.5154070854187 0
			vertex 3.6796672344208 1.5022727251053 0.19799999892712
			vertex 3.6884431838989 1.5154070854187 0.19799999892712
		endloop
	endfacet
	facet normal -0.55557239313192 -0.83146816895758 0
		outer loop
			vertex 3.6665329933167 1.5683032274246 0
			vertex 3.6796672344208 1.5595271587372 0
			vertex 3.6796672344208 1.5595271587372 0.19799999892712
		endloop
	endfacet
	facet normal -0.1950943370645 -0.98078448175191 0
		outer loop
			vertex 3.6510400772095 1.5713850259781 0
			vertex 3.6665329933167 1.5683032274246 0
			vertex 3.6665329933167 1.5683032274246 0.19799999892712
		endloop
	endfacet
	facet normal -0.98078448175191 -0.1950943370645 0
		outer loop
			vertex 3.6915249824524 1.5309000015259 0
			vertex 3.6915249824524 1.5309000015259 0.19799999892712
			vertex 3.6884431838989 1.5463929176331 0
		endloop
	endfacet
	facet normal -0.98078448175191 0.1950943370645 0
		outer loop
			vertex 3.6884431838989 1.5154070854187 0
			vertex 3.6884431838989 1.5154070854187 0.19799999892712
			vertex 3.6915249824524 1.5309000015259 0
		endloop
	endfacet
	facet normal -0.83147165503325 -0.55556717584489 0
		outer loop
			vertex 3.6796672344208 1.5595271587372 0
			vertex 3.6884431838989 1.5463929176331 0
			vertex 3.6884431838989 1.5463929176331 0.19799999892712
		endloop
	endfacet
	facet normal -0.83147165503325 -0.55556717584489 0
		outer loop
			vertex 3.6796672344208 1.5595271587372 0
			vertex 3.6884431838989 1.5463929176331 0.19799999892712
			vertex 3.6796672344208 1.5595271587372 0.19799999892712
		endloop
	endfacet
	facet normal -0.55557239313192 -0.83146816895758 0
		outer loop
			vertex 3.6665329933167 1.5683032274246 0
			vertex 3.6796672344208 1.5595271587372 0.19799999892712
			vertex 3.6665329933167 1.5683032274246 0.19799999892712
		endloop
	endfacet
	facet normal -0.1950943370645 -0.98078448175191 0
		outer loop
			vertex 3.6510400772095 1.5713850259781 0
			vertex 3.6665329933167 1.5683032274246 0.19799999892712
			vertex 3.6510400772095 1.5713850259781 0.19799999892712
		endloop
	endfacet
	facet normal -0.98078448175191 0.1950943370645 0
		outer loop
			vertex 3.6915249824524 1.5309000015259 0
			vertex 3.6884431838989 1.5154070854187 0.19799999892712
			vertex 3.6915249824524 1.5309000015259 0.19799999892712
		endloop
	endfacet
	facet normal -0.98078448175191 -0.1950943370645 0
		outer loop
			vertex 3.6884431838989 1.5463929176331 0
			vertex 3.6915249824524 1.5309000015259 0.19799999892712
			vertex 3.6884431838989 1.5463929176331 0.19799999892712
		endloop
	endfacet
	facet normal 0 0 -1
		outer loop
			vertex 3.6510400772095 1.4904149770737 0.19799999892712
			vertex 3.6510400772095 1.5713850259781 0.19799999892712
			vertex 3.6665329933167 1.4934967756271 0.19799999892712
		endloop
	endfacet
	facet normal 0 0 -1
		outer loop
			vertex 3.6510400772095 1.5713850259781 0.19799999892712
			vertex 3.6665329933167 1.5683032274246 0.19799999892712
			vertex 3.6665329933167 1.4934967756271 0.19799999892712
		endloop
	endfacet
	facet normal 0 0 -1
		outer loop
			vertex 3.6796672344208 1.5022727251053 0.19799999892712
			vertex 3.6796672344208 1.5595271587372 0.19799999892712
			vertex 3.6884431838989 1.5154070854187 0.19799999892712
		endloop
	endfacet
	facet normal 0 0 -1
		outer loop
			vertex 3.6665329933167 1.4934967756271 0.19799999892712
			vertex 3.6665329933167 1.5683032274246 0.19799999892712
			vertex 3.6796672344208 1.5022727251053 0.19799999892712
		endloop
	endfacet
	facet normal 0 0 -1
		outer loop
			vertex 3.6796672344208 1.5022727251053 0.19799999892712
			vertex 3.6665329933167 1.5683032274246 0.19799999892712
			vertex 3.6796672344208 1.5595271587372 0.19799999892712
		endloop
	endfacet
	facet normal 0 0 -1
		outer loop
			vertex 3.6884431838989 1.5154070854187 0.19799999892712
			vertex 3.6884431838989 1.5463929176331 0.19799999892712
			vertex 3.6915249824524 1.5309000015259 0.19799999892712
		endloop
	endfacet
	facet normal 0 0 -1
		outer loop
			vertex 3.6796672344208 1.5595271587372 0.19799999892712
			vertex 3.6884431838989 1.5463929176331 0.19799999892712
			vertex 3.6884431838989 1.5154070854187 0.19799999892712
		endloop
	endfacet
	facet normal 0.7071060004005 -0.70710756197173 0
		outer loop
			vertex 3.7303726673126 1.4515671730042 0
			vertex 3.8383328914642 1.5595271587372 0
			vertex 3.7303726673126 1.4515671730042 0.19799999892712
		endloop
	endfacet
	facet normal -0.70710678118655 0.70710678118655 0
		outer loop
			vertex 3.7876272201538 1.3943127393723 0
			vertex 3.7876272201538 1.3943127393723 0.19799999892712
			vertex 3.8837294578552 1.4904149770737 0
		endloop
	endfacet
	facet normal 0 0 -1
		outer loop
			vertex 3.7876272201538 1.3943127393723 0.19799999892712
			vertex 3.7303726673126 1.4515671730042 0.19799999892712
			vertex 3.8837294578552 1.4904149770737 0.19799999892712
		endloop
	endfacet
	facet normal 0 0 -1
		outer loop
			vertex 3.7303726673126 1.4515671730042 0.19799999892712
			vertex 3.8383328914642 1.5595271587372 0.19799999892712
			vertex 3.8837294578552 1.4904149770737 0.19799999892712
		endloop
	endfacet
	facet normal -0.70710678118655 0.70710678118655 0
		outer loop
			vertex 3.7876272201538 1.3943127393723 0.19799999892712
			vertex 3.8837294578552 1.4904149770737 0.19799999892712
			vertex 3.8837294578552 1.4904149770737 0
		endloop
	endfacet
	facet normal 0.7071060004005 -0.70710756197173 0
		outer loop
			vertex 3.8383328914642 1.5595271587372 0
			vertex 3.8383328914642 1.5595271587372 0.19799999892712
			vertex 3.7303726673126 1.4515671730042 0.19799999892712
		endloop
	endfacet
	facet normal 0 0 -1
		outer loop
			vertex 3.8383328914642 1.5595271587372 0.19799999892712
			vertex 3.8669600486755 1.5309000015259 0.19799999892712
			vertex 3.8837294578552 1.4904149770737 0.19799999892712
		endloop
	endfacet
	facet normal 0 1 0
		outer loop
			vertex 3.8837294578552 1.4904149770737 0
			vertex 3.8837294578552 1.4904149770737 0.19799999892712
			vertex 4.1740703582764 1.4904149770737 0
		endloop
	endfacet
	facet normal -0 1 0
		outer loop
			vertex 3.8837294578552 1.4904149770737 0.19799999892712
			vertex 4.1740703582764 1.4904149770737 0.19799999892712
			vertex 4.1740703582764 1.4904149770737 0
		endloop
	endfacet
	facet normal 0 0 -1
		outer loop
			vertex 3.8837294578552 1.4904149770737 0.19799999892712
			vertex 3.8669600486755 1.5309000015259 0.19799999892712
			vertex 4.1684808731079 1.49600481987 0.19799999892712
		endloop
	endfacet
	facet normal 0 0 -1
		outer loop
			vertex 3.8837294578552 1.4904149770737 0.19799999892712
			vertex 4.1684808731079 1.49600481987 0.19799999892712
			vertex 4.1740703582764 1.4904149770737 0.19799999892712
		endloop
	endfacet
	facet normal 0 0 -1
		outer loop
			vertex 3.8669600486755 1.5309000015259 0.19799999892712
			vertex 3.8669600486755 1.5713850259781 0.19799999892712
			vertex 4.1684808731079 1.49600481987 0.19799999892712
		endloop
	endfacet
	facet normal 0 -1 0
		outer loop
			vertex 3.8669600486755 1.5713850259781 0
			vertex 4.1908397674561 1.5713850259781 0.19799999892712
			vertex 3.8669600486755 1.5713850259781 0.19799999892712
		endloop
	endfacet
	facet normal 0 -1 0
		outer loop
			vertex 3.8669600486755 1.5713850259781 0
			vertex 4.1908397674561 1.5713850259781 0
			vertex 4.1908397674561 1.5713850259781 0.19799999892712
		endloop
	endfacet
	facet normal 0 0 -1
		outer loop
			vertex 3.8669600486755 1.5713850259781 0.19799999892712
			vertex 4.1908397674561 1.5713850259781 0.19799999892712
			vertex 4.1684808731079 1.49600481987 0.19799999892712
		endloop
	endfacet
	facet normal 0 0 -1
		outer loop
			vertex 4.1684808731079 1.49600481987 0.19799999892712
			vertex 4.1908397674561 1.5713850259781 0.19799999892712
			vertex 4.1908397674561 1.4934868812561 0.19799999892712
		endloop
	endfacet
	facet normal 0.70710528030986 0.70710828206005 -0
		outer loop
			vertex 4.1740703582764 1.4904149770737 0
			vertex 4.1740703582764 1.4904149770737 0.19799999892712
			vertex 4.2583150863647 1.4061706066132 0
		endloop
	endfacet
	facet normal 0 0 -1
		outer loop
			vertex 4.1684808731079 1.49600481987 0.19799999892712
			vertex 4.1908397674561 1.4934868812561 0.19799999892712
			vertex 4.1740703582764 1.4904149770737 0.19799999892712
		endloop
	endfacet
	facet normal 0 0 -1
		outer loop
			vertex 4.1740703582764 1.4904149770737 0.19799999892712
			vertex 4.1908397674561 1.4934868812561 0.19799999892712
			vertex 4.2583150863647 1.4061706066132 0.19799999892712
		endloop
	endfacet
	facet normal -0.7071060004005 -0.70710756197173 0
		outer loop
			vertex 4.2194671630859 1.5595271587372 0
			vertex 4.3274273872375 1.4515671730042 0
			vertex 4.3274273872375 1.4515671730042 0.19799999892712
		endloop
	endfacet
	facet normal 0.70710528030986 0.70710828206005 0
		outer loop
			vertex 4.1740703582764 1.4904149770737 0.19799999892712
			vertex 4.2583150863647 1.4061706066132 0.19799999892712
			vertex 4.2583150863647 1.4061706066132 0
		endloop
	endfacet
	facet normal 0 0 -1
		outer loop
			vertex 4.2583150863647 1.4061706066132 0.19799999892712
			vertex 4.2987999916077 1.4229400157928 0.19799999892712
			vertex 4.2688031196594 1.3956825733185 0.19799999892712
		endloop
	endfacet
	facet normal 0 0 -1
		outer loop
			vertex 4.2688031196594 1.3956825733185 0.19799999892712
			vertex 4.2987999916077 1.4229400157928 0.19799999892712
			vertex 4.2703995704651 1.394539475441 0.19799999892712
		endloop
	endfacet
	facet normal 0 0 -1
		outer loop
			vertex 4.1908397674561 1.4934868812561 0.19799999892712
			vertex 4.2987999916077 1.4229400157928 0.19799999892712
			vertex 4.2583150863647 1.4061706066132 0.19799999892712
		endloop
	endfacet
	facet normal 0 0 -1
		outer loop
			vertex 4.1908397674561 1.4934868812561 0.19799999892712
			vertex 4.2194671630859 1.5595271587372 0.19799999892712
			vertex 4.3274273872375 1.4515671730042 0.19799999892712
		endloop
	endfacet
	facet normal 0 0 -1
		outer loop
			vertex 4.1908397674561 1.4934868812561 0.19799999892712
			vertex 4.3274273872375 1.4515671730042 0.19799999892712
			vertex 4.2987999916077 1.4229400157928 0.19799999892712
		endloop
	endfacet
	facet normal 0 0 -1
		outer loop
			vertex 4.1908397674561 1.4934868812561 0.19799999892712
			vertex 4.1975569725037 1.5376168489456 0.19799999892712
			vertex 4.2194671630859 1.5595271587372 0.19799999892712
		endloop
	endfacet
	facet normal -0.7071060004005 -0.70710756197173 0
		outer loop
			vertex 4.2194671630859 1.5595271587372 0
			vertex 4.3274273872375 1.4515671730042 0.19799999892712
			vertex 4.2194671630859 1.5595271587372 0.19799999892712
		endloop
	endfacet
	facet normal 1 0 0
		outer loop
			vertex 4.2583150863647 1.1158294677734 0
			vertex 4.2583150863647 1.2744950056076 0.19799999892712
			vertex 4.2583150863647 1.1158294677734 0.19799999892712
		endloop
	endfacet
	facet normal 1 0 0
		outer loop
			vertex 4.2583150863647 1.1158294677734 0
			vertex 4.2583150863647 1.2744950056076 0
			vertex 4.2583150863647 1.2744950056076 0.19799999892712
		endloop
	endfacet
	facet normal -1 0 0
		outer loop
			vertex 4.3392848968506 1.0990600585938 0
			vertex 4.3392848968506 1.0990600585938 0.19799999892712
			vertex 4.3392848968506 1.4229400157928 0
		endloop
	endfacet
	facet normal 0 0 -1
		outer loop
			vertex 4.2613868713379 1.0990600585938 0.19799999892712
			vertex 4.2583150863647 1.1158294677734 0.19799999892712
			vertex 4.3331212997437 1.0990600585938 0.19799999892712
		endloop
	endfacet
	facet normal 0 0 -1
		outer loop
			vertex 4.3331212997437 1.0990600585938 0.19799999892712
			vertex 4.2583150863647 1.1158294677734 0.19799999892712
			vertex 4.2583150863647 1.2744950056076 0.19799999892712
		endloop
	endfacet
	facet normal 0 0 -1
		outer loop
			vertex 4.3331212997437 1.0990600585938 0.19799999892712
			vertex 4.2954263687134 1.2744950056076 0.19799999892712
			vertex 4.3362030982971 1.1113868951797 0.19799999892712
		endloop
	endfacet
	facet normal 0 0 -1
		outer loop
			vertex 4.3331212997437 1.0990600585938 0.19799999892712
			vertex 4.2583150863647 1.2744950056076 0.19799999892712
			vertex 4.2954263687134 1.2744950056076 0.19799999892712
		endloop
	endfacet
	facet normal 0 0 -1
		outer loop
			vertex 4.3362030982971 1.1113868951797 0.19799999892712
			vertex 4.2954263687134 1.2744950056076 0.19799999892712
			vertex 4.2987999916077 1.4229400157928 0.19799999892712
		endloop
	endfacet
	facet normal 0 0 -1
		outer loop
			vertex 4.3392848968506 1.0990600585938 0.19799999892712
			vertex 4.3362030982971 1.1113868951797 0.19799999892712
			vertex 4.2987999916077 1.4229400157928 0.19799999892712
		endloop
	endfacet
	facet normal 1 0 0
		outer loop
			vertex 4.2583150863647 1.355465054512 0
			vertex 4.2583150863647 1.4061706066132 0
			vertex 4.2583150863647 1.4061706066132 0.19799999892712
		endloop
	endfacet
	facet normal 1 0 0
		outer loop
			vertex 4.2583150863647 1.355465054512 0
			vertex 4.2583150863647 1.4061706066132 0.19799999892712
			vertex 4.2583150863647 1.355465054512 0.19799999892712
		endloop
	endfacet
	facet normal -1 0 0
		outer loop
			vertex 4.3392848968506 1.0990600585938 0.19799999892712
			vertex 4.3392848968506 1.4229400157928 0.19799999892712
			vertex 4.3392848968506 1.4229400157928 0
		endloop
	endfacet
	facet normal 0 0 -1
		outer loop
			vertex 4.2751836776733 1.355465054512 0.19799999892712
			vertex 4.2703995704651 1.394539475441 0.19799999892712
			vertex 4.2954263687134 1.2744950056076 0.19799999892712
		endloop
	endfacet
	facet normal 0 0 -1
		outer loop
			vertex 4.2583150863647 1.355465054512 0.19799999892712
			vertex 4.2688031196594 1.3956825733185 0.19799999892712
			vertex 4.2751836776733 1.355465054512 0.19799999892712
		endloop
	endfacet
	facet normal 0 0 -1
		outer loop
			vertex 4.2751836776733 1.355465054512 0.19799999892712
			vertex 4.2688031196594 1.3956825733185 0.19799999892712
			vertex 4.2703995704651 1.394539475441 0.19799999892712
		endloop
	endfacet
	facet normal 0 0 -1
		outer loop
			vertex 4.2583150863647 1.355465054512 0.19799999892712
			vertex 4.2583150863647 1.4061706066132 0.19799999892712
			vertex 4.2688031196594 1.3956825733185 0.19799999892712
		endloop
	endfacet
	facet normal 0 0 -1
		outer loop
			vertex 4.2703995704651 1.394539475441 0.19799999892712
			vertex 4.2987999916077 1.4229400157928 0.19799999892712
			vertex 4.2954263687134 1.2744950056076 0.19799999892712
		endloop
	endfacet
	facet normal 0 0 -1
		outer loop
			vertex 4.3392848968506 1.0990600585938 0.19799999892712
			vertex 4.2987999916077 1.4229400157928 0.19799999892712
			vertex 4.3392848968506 1.4229400157928 0.19799999892712
		endloop
	endfacet
	facet normal 0.70710578060315 -0.70710778176853 0
		outer loop
			vertex 4.1740703582764 1.0315849781036 0
			vertex 4.2583150863647 1.1158294677734 0.19799999892712
			vertex 4.1740703582764 1.0315849781036 0.19799999892712
		endloop
	endfacet
	facet normal 0 0 -1
		outer loop
			vertex 4.1908397674561 0.99110001325607 0.19799999892712
			vertex 4.1740703582764 1.0315849781036 0.19799999892712
			vertex 4.2595229148865 1.0929869413376 0.19799999892712
		endloop
	endfacet
	facet normal 0 0 -1
		outer loop
			vertex 4.1908397674561 0.99110001325607 0.19799999892712
			vertex 4.2595229148865 1.0929869413376 0.19799999892712
			vertex 4.2194671630859 0.96247279644012 0.19799999892712
		endloop
	endfacet
	facet normal 0.70710578060315 -0.70710778176853 0
		outer loop
			vertex 4.1740703582764 1.0315849781036 0
			vertex 4.2583150863647 1.1158294677734 0
			vertex 4.2583150863647 1.1158294677734 0.19799999892712
		endloop
	endfacet
	facet normal -0.7071060004005 0.70710756197173 0
		outer loop
			vertex 4.2194671630859 0.96247279644012 0
			vertex 4.3274273872375 1.0704327821732 0.19799999892712
			vertex 4.3274273872375 1.0704327821732 0
		endloop
	endfacet
	facet normal -0.7071060004005 0.70710756197173 0
		outer loop
			vertex 4.2194671630859 0.96247279644012 0
			vertex 4.2194671630859 0.96247279644012 0.19799999892712
			vertex 4.3274273872375 1.0704327821732 0.19799999892712
		endloop
	endfacet
	facet normal 0 0 -1
		outer loop
			vertex 4.1740703582764 1.0315849781036 0.19799999892712
			vertex 4.2583150863647 1.1158294677734 0.19799999892712
			vertex 4.2613868713379 1.0990600585938 0.19799999892712
		endloop
	endfacet
	facet normal 0 0 -1
		outer loop
			vertex 4.1740703582764 1.0315849781036 0.19799999892712
			vertex 4.2613868713379 1.0990600585938 0.19799999892712
			vertex 4.2595229148865 1.0929869413376 0.19799999892712
		endloop
	endfacet
	facet normal 0 0 -1
		outer loop
			vertex 4.2194671630859 0.96247279644012 0.19799999892712
			vertex 4.3048968315125 1.0929633378983 0.19799999892712
			vertex 4.3274273872375 1.0704327821732 0.19799999892712
		endloop
	endfacet
	facet normal 0 0 -1
		outer loop
			vertex 4.2194671630859 0.96247279644012 0.19799999892712
			vertex 4.2595229148865 1.0929869413376 0.19799999892712
			vertex 4.3048968315125 1.0929633378983 0.19799999892712
		endloop
	endfacet
	facet normal 0 0 -1
		outer loop
			vertex 3.8669600486755 0.95061498880386 0.19799999892712
			vertex 3.8669600486755 1.0285130739212 0.19799999892712
			vertex 3.8893191814423 1.0259951353073 0.19799999892712
		endloop
	endfacet
	facet normal 0 1 0
		outer loop
			vertex 3.8669600486755 0.95061498880386 0
			vertex 3.8669600486755 0.95061498880386 0.19799999892712
			vertex 4.1908397674561 0.95061498880386 0
		endloop
	endfacet
	facet normal 0 -1 0
		outer loop
			vertex 3.8837294578552 1.0315849781036 0
			vertex 4.1740703582764 1.0315849781036 0.19799999892712
			vertex 3.8837294578552 1.0315849781036 0.19799999892712
		endloop
	endfacet
	facet normal -0 1 0
		outer loop
			vertex 3.8669600486755 0.95061498880386 0.19799999892712
			vertex 4.1908397674561 0.95061498880386 0.19799999892712
			vertex 4.1908397674561 0.95061498880386 0
		endloop
	endfacet
	facet normal 0 -1 0
		outer loop
			vertex 3.8837294578552 1.0315849781036 0
			vertex 4.1740703582764 1.0315849781036 0
			vertex 4.1740703582764 1.0315849781036 0.19799999892712
		endloop
	endfacet
	facet normal 0 0 -1
		outer loop
			vertex 3.8669600486755 0.95061498880386 0.19799999892712
			vertex 3.8893191814423 1.0259951353073 0.19799999892712
			vertex 4.1908397674561 0.95061498880386 0.19799999892712
		endloop
	endfacet
	facet normal 0 0 -1
		outer loop
			vertex 3.8837294578552 1.0315849781036 0.19799999892712
			vertex 4.1740703582764 1.0315849781036 0.19799999892712
			vertex 3.8893191814423 1.0259951353073 0.19799999892712
		endloop
	endfacet
	facet normal 0 0 -1
		outer loop
			vertex 3.8893191814423 1.0259951353073 0.19799999892712
			vertex 4.1908397674561 0.99110001325607 0.19799999892712
			vertex 4.1908397674561 0.95061498880386 0.19799999892712
		endloop
	endfacet
	facet normal 0 0 -1
		outer loop
			vertex 3.8893191814423 1.0259951353073 0.19799999892712
			vertex 4.1740703582764 1.0315849781036 0.19799999892712
			vertex 4.1908397674561 0.99110001325607 0.19799999892712
		endloop
	endfacet
	facet normal 0.7071060004005 0.70710756197173 -0
		outer loop
			vertex 3.7303726673126 1.0704327821732 0
			vertex 3.7303726673126 1.0704327821732 0.19799999892712
			vertex 3.8383328914642 0.96247279644012 0
		endloop
	endfacet
	facet normal 0.7071060004005 0.70710756197173 -0
		outer loop
			vertex 3.8383328914642 0.96247279644012 0
			vertex 3.7303726673126 1.0704327821732 0.19799999892712
			vertex 3.8383328914642 0.96247279644012 0.19799999892712
		endloop
	endfacet
	facet normal -0.70710678118655 -0.70710678118655 0
		outer loop
			vertex 3.7994849681854 1.1158294677734 0
			vertex 3.8837294578552 1.0315849781036 0.19799999892712
			vertex 3.7994849681854 1.1158294677734 0.19799999892712
		endloop
	endfacet
	facet normal 0 0 -1
		outer loop
			vertex 3.7303726673126 1.0704327821732 0.19799999892712
			vertex 3.7590000629425 1.0990600585938 0.19799999892712
			vertex 3.7994849681854 1.1158294677734 0.19799999892712
		endloop
	endfacet
	facet normal 0 0 -1
		outer loop
			vertex 3.7303726673126 1.0704327821732 0.19799999892712
			vertex 3.7994849681854 1.1158294677734 0.19799999892712
			vertex 3.8383328914642 0.96247279644012 0.19799999892712
		endloop
	endfacet
	facet normal 0 0 -1
		outer loop
			vertex 3.8383328914642 0.96247279644012 0.19799999892712
			vertex 3.7994849681854 1.1158294677734 0.19799999892712
			vertex 3.8602430820465 0.98438310623169 0.19799999892712
		endloop
	endfacet
	facet normal 0 0 -1
		outer loop
			vertex 3.7994849681854 1.1158294677734 0.19799999892712
			vertex 3.8669600486755 1.0285130739212 0.19799999892712
			vertex 3.8602430820465 0.98438310623169 0.19799999892712
		endloop
	endfacet
	facet normal 0 0 -1
		outer loop
			vertex 3.7590000629425 1.0990600585938 0.19799999892712
			vertex 3.7693676948547 1.1094278097153 0.19799999892712
			vertex 3.7994849681854 1.1158294677734 0.19799999892712
		endloop
	endfacet
	facet normal 0 0 -1
		outer loop
			vertex 3.7693676948547 1.1094278097153 0.19799999892712
			vertex 3.7821342945099 1.1221942901611 0.19799999892712
			vertex 3.7994849681854 1.1158294677734 0.19799999892712
		endloop
	endfacet
	facet normal -0.70710678118655 -0.70710678118655 0
		outer loop
			vertex 3.7994849681854 1.1158294677734 0
			vertex 3.8837294578552 1.0315849781036 0
			vertex 3.8837294578552 1.0315849781036 0.19799999892712
		endloop
	endfacet
	facet normal 0 0 -1
		outer loop
			vertex 3.7994849681854 1.1158294677734 0.19799999892712
			vertex 3.8837294578552 1.0315849781036 0.19799999892712
			vertex 3.8669600486755 1.0285130739212 0.19799999892712
		endloop
	endfacet
	facet normal 0 0 -1
		outer loop
			vertex 3.8669600486755 1.0285130739212 0.19799999892712
			vertex 3.8837294578552 1.0315849781036 0.19799999892712
			vertex 3.8893191814423 1.0259951353073 0.19799999892712
		endloop
	endfacet
	facet normal 1 0 0
		outer loop
			vertex 3.718514919281 1.0990600585938 0
			vertex 3.718514919281 1.2070200443268 0
			vertex 3.718514919281 1.2070200443268 0.19799999892712
		endloop
	endfacet
	facet normal 1 0 0
		outer loop
			vertex 3.718514919281 1.0990600585938 0
			vertex 3.718514919281 1.2070200443268 0.19799999892712
			vertex 3.718514919281 1.0990600585938 0.19799999892712
		endloop
	endfacet
	facet normal -1 0 0
		outer loop
			vertex 3.7994849681854 1.1158294677734 0
			vertex 3.7994849681854 1.1158294677734 0.19799999892712
			vertex 3.7994849681854 1.1902505159378 0
		endloop
	endfacet
	facet normal -1 0 0
		outer loop
			vertex 3.7994849681854 1.1902505159378 0
			vertex 3.7994849681854 1.1158294677734 0.19799999892712
			vertex 3.7994849681854 1.1902505159378 0.19799999892712
		endloop
	endfacet
	facet normal 0 0 -1
		outer loop
			vertex 3.718514919281 1.0990600585938 0.19799999892712
			vertex 3.7435071468353 1.1736972332001 0.19799999892712
			vertex 3.7590000629425 1.0990600585938 0.19799999892712
		endloop
	endfacet
	facet normal 0 0 -1
		outer loop
			vertex 3.718514919281 1.0990600585938 0.19799999892712
			vertex 3.718514919281 1.2070200443268 0.19799999892712
			vertex 3.7435071468353 1.1736972332001 0.19799999892712
		endloop
	endfacet
	facet normal 0 0 -1
		outer loop
			vertex 3.7590000629425 1.0990600585938 0.19799999892712
			vertex 3.7435071468353 1.1736972332001 0.19799999892712
			vertex 3.7744929790497 1.1323827505112 0.19799999892712
		endloop
	endfacet
	facet normal 0 0 -1
		outer loop
			vertex 3.7590000629425 1.0990600585938 0.19799999892712
			vertex 3.7744929790497 1.1323827505112 0.19799999892712
			vertex 3.7693676948547 1.1094278097153 0.19799999892712
		endloop
	endfacet
	facet normal 0 0 -1
		outer loop
			vertex 3.7435071468353 1.1736972332001 0.19799999892712
			vertex 3.7509469985962 1.2070200443268 0.19799999892712
			vertex 3.7744929790497 1.1323827505112 0.19799999892712
		endloop
	endfacet
	facet normal 0 0 -1
		outer loop
			vertex 3.7744929790497 1.1323827505112 0.19799999892712
			vertex 3.7509469985962 1.2070200443268 0.19799999892712
			vertex 3.7910430431366 1.181808590889 0.19799999892712
		endloop
	endfacet
	facet normal 0 0 -1
		outer loop
			vertex 3.7509469985962 1.2070200443268 0.19799999892712
			vertex 3.7964131832123 1.2070200443268 0.19799999892712
			vertex 3.7910430431366 1.181808590889 0.19799999892712
		endloop
	endfacet
	facet normal 0 0 -1
		outer loop
			vertex 3.7821342945099 1.1221942901611 0.19799999892712
			vertex 3.7910430431366 1.181808590889 0.19799999892712
			vertex 3.7994849681854 1.1158294677734 0.19799999892712
		endloop
	endfacet
	facet normal 0 0 -1
		outer loop
			vertex 3.7744929790497 1.1323827505112 0.19799999892712
			vertex 3.7910430431366 1.181808590889 0.19799999892712
			vertex 3.7821342945099 1.1221942901611 0.19799999892712
		endloop
	endfacet
	facet normal 0 0 -1
		outer loop
			vertex 3.7994849681854 1.1158294677734 0.19799999892712
			vertex 3.7910430431366 1.181808590889 0.19799999892712
			vertex 3.7994849681854 1.1902505159378 0.19799999892712
		endloop
	endfacet
	facet normal 0.7071060004005 -0.70710756197173 0
		outer loop
			vertex 3.7303726673126 1.2356472015381 0
			vertex 3.8383328914642 1.3436071872711 0.19799999892712
			vertex 3.7303726673126 1.2356472015381 0.19799999892712
		endloop
	endfacet
	facet normal -0.70710678118655 0.70710678118655 0
		outer loop
			vertex 3.7994849681854 1.1902505159378 0
			vertex 3.7994849681854 1.1902505159378 0.19799999892712
			vertex 3.8837294578552 1.2744950056076 0
		endloop
	endfacet
	facet normal 0 0 -1
		outer loop
			vertex 3.7910430431366 1.181808590889 0.19799999892712
			vertex 3.7964131832123 1.2070200443268 0.19799999892712
			vertex 3.7994849681854 1.1902505159378 0.19799999892712
		endloop
	endfacet
	facet normal 0 0 -1
		outer loop
			vertex 3.7303726673126 1.2356472015381 0.19799999892712
			vertex 3.8837294578552 1.2744950056076 0.19799999892712
			vertex 3.7569530010223 1.2090669870377 0.19799999892712
		endloop
	endfacet
	facet normal 0 0 -1
		outer loop
			vertex 3.7994849681854 1.1902505159378 0.19799999892712
			vertex 3.7964131832123 1.2070200443268 0.19799999892712
			vertex 3.8837294578552 1.2744950056076 0.19799999892712
		endloop
	endfacet
	facet normal 0 0 -1
		outer loop
			vertex 3.7569530010223 1.2090669870377 0.19799999892712
			vertex 3.8837294578552 1.2744950056076 0.19799999892712
			vertex 3.7964131832123 1.2070200443268 0.19799999892712
		endloop
	endfacet
	facet normal 0 0 -1
		outer loop
			vertex 3.7303726673126 1.2356472015381 0.19799999892712
			vertex 3.8383328914642 1.3436071872711 0.19799999892712
			vertex 3.8837294578552 1.2744950056076 0.19799999892712
		endloop
	endfacet
	facet normal 0.7071060004005 -0.70710756197173 0
		outer loop
			vertex 3.7303726673126 1.2356472015381 0
			vertex 3.8383328914642 1.3436071872711 0
			vertex 3.8383328914642 1.3436071872711 0.19799999892712
		endloop
	endfacet
	facet normal -0.70710678118655 0.70710678118655 0
		outer loop
			vertex 3.7994849681854 1.1902505159378 0.19799999892712
			vertex 3.8837294578552 1.2744950056076 0.19799999892712
			vertex 3.8837294578552 1.2744950056076 0
		endloop
	endfacet
	facet normal 0 0 -1
		outer loop
			vertex 3.8669600486755 1.3149800300598 0.19799999892712
			vertex 3.8881039619446 1.2788696289062 0.19799999892712
			vertex 3.8837294578552 1.2744950056076 0.19799999892712
		endloop
	endfacet
	facet normal 0 0 -1
		outer loop
			vertex 3.8383328914642 1.3436071872711 0.19799999892712
			vertex 3.8669600486755 1.3149800300598 0.19799999892712
			vertex 3.8837294578552 1.2744950056076 0.19799999892712
		endloop
	endfacet
	facet normal 0 0 -1
		outer loop
			vertex 3.8669600486755 1.3149800300598 0.19799999892712
			vertex 3.8669600486755 1.355465054512 0.19799999892712
			vertex 3.8881039619446 1.2788696289062 0.19799999892712
		endloop
	endfacet
	facet normal 0 1 0
		outer loop
			vertex 3.8837294578552 1.2744950056076 0
			vertex 3.8837294578552 1.2744950056076 0.19799999892712
			vertex 4.2583150863647 1.2744950056076 0
		endloop
	endfacet
	facet normal 0 -0 -1
		outer loop
			vertex 3.8881039619446 1.2788696289062 0.19799999892712
			vertex 4.2583150863647 1.2744950056076 0.19799999892712
			vertex 3.8837294578552 1.2744950056076 0.19799999892712
		endloop
	endfacet
	facet normal 0 -1 0
		outer loop
			vertex 3.8669600486755 1.355465054512 0
			vertex 4.2583150863647 1.355465054512 0.19799999892712
			vertex 3.8669600486755 1.355465054512 0.19799999892712
		endloop
	endfacet
	facet normal 0 0 -1
		outer loop
			vertex 3.8881039619446 1.2788696289062 0.19799999892712
			vertex 3.8669600486755 1.355465054512 0.19799999892712
			vertex 4.2583150863647 1.355465054512 0.19799999892712
		endloop
	endfacet
	facet normal -0 1 0
		outer loop
			vertex 3.8837294578552 1.2744950056076 0.19799999892712
			vertex 4.2583150863647 1.2744950056076 0.19799999892712
			vertex 4.2583150863647 1.2744950056076 0
		endloop
	endfacet
	facet normal 0 0 -1
		outer loop
			vertex 3.8881039619446 1.2788696289062 0.19799999892712
			vertex 4.2751836776733 1.355465054512 0.19799999892712
			vertex 4.2583150863647 1.2744950056076 0.19799999892712
		endloop
	endfacet
	facet normal 0 -1 0
		outer loop
			vertex 3.8669600486755 1.355465054512 0
			vertex 4.2583150863647 1.355465054512 0
			vertex 4.2583150863647 1.355465054512 0.19799999892712
		endloop
	endfacet
	facet normal 0 0 -1
		outer loop
			vertex 3.8881039619446 1.2788696289062 0.19799999892712
			vertex 4.2583150863647 1.355465054512 0.19799999892712
			vertex 4.2751836776733 1.355465054512 0.19799999892712
		endloop
	endfacet
	facet normal 0 0 -1
		outer loop
			vertex 4.2583150863647 1.2744950056076 0.19799999892712
			vertex 4.2751836776733 1.355465054512 0.19799999892712
			vertex 4.2954263687134 1.2744950056076 0.19799999892712
		endloop
	endfacet
	facet normal 0.83147398431291 0.55556368978796 0
		outer loop
			vertex 3.7303726673126 1.3943127393723 0
			vertex 3.7215967178345 1.4074470996857 0
			vertex 3.7215967178345 1.4074470996857 0.19799999892712
		endloop
	endfacet
	facet normal 0.55556020376502 0.83147631354872 -0
		outer loop
			vertex 3.7303726673126 1.3943127393723 0
			vertex 3.7303726673126 1.3943127393723 0.19799999892712
			vertex 3.7435071468353 1.3855367898941 0
		endloop
	endfacet
	facet normal 0.1950943370645 0.98078448175191 -0
		outer loop
			vertex 3.7435071468353 1.3855367898941 0
			vertex 3.7435071468353 1.3855367898941 0.19799999892712
			vertex 3.7590000629425 1.3824549913406 0
		endloop
	endfacet
	facet normal -0.55556717584489 0.83147165503325 0
		outer loop
			vertex 3.7744929790497 1.3855367898941 0
			vertex 3.7744929790497 1.3855367898941 0.19799999892712
			vertex 3.7876272201538 1.3943127393723 0
		endloop
	endfacet
	facet normal -0.1950943370645 0.98078448175191 0
		outer loop
			vertex 3.7590000629425 1.3824549913406 0
			vertex 3.7590000629425 1.3824549913406 0.19799999892712
			vertex 3.7744929790497 1.3855367898941 0
		endloop
	endfacet
	facet normal 0.83147398431291 0.55556368978796 -0
		outer loop
			vertex 3.7303726673126 1.3943127393723 0
			vertex 3.7215967178345 1.4074470996857 0.19799999892712
			vertex 3.7303726673126 1.3943127393723 0.19799999892712
		endloop
	endfacet
	facet normal 0.55556020376502 0.83147631354872 -0
		outer loop
			vertex 3.7435071468353 1.3855367898941 0
			vertex 3.7303726673126 1.3943127393723 0.19799999892712
			vertex 3.7435071468353 1.3855367898941 0.19799999892712
		endloop
	endfacet
	facet normal 0.1950943370645 0.98078448175191 -0
		outer loop
			vertex 3.7590000629425 1.3824549913406 0
			vertex 3.7435071468353 1.3855367898941 0.19799999892712
			vertex 3.7590000629425 1.3824549913406 0.19799999892712
		endloop
	endfacet
	facet normal -0.1950943370645 0.98078448175191 0
		outer loop
			vertex 3.7744929790497 1.3855367898941 0
			vertex 3.7590000629425 1.3824549913406 0.19799999892712
			vertex 3.7744929790497 1.3855367898941 0.19799999892712
		endloop
	endfacet
	facet normal 0.98078448175191 0.1950943370645 0
		outer loop
			vertex 3.7215967178345 1.4074470996857 0
			vertex 3.718514919281 1.4229400157928 0
			vertex 3.718514919281 1.4229400157928 0.19799999892712
		endloop
	endfacet
	facet normal 0.98078448175191 -0.1950943370645 0
		outer loop
			vertex 3.718514919281 1.4229400157928 0
			vertex 3.7215967178345 1.4384329319 0
			vertex 3.7215967178345 1.4384329319 0.19799999892712
		endloop
	endfacet
	facet normal 0.83147165503325 -0.55556717584489 0
		outer loop
			vertex 3.7303726673126 1.4515671730042 0
			vertex 3.7303726673126 1.4515671730042 0.19799999892712
			vertex 3.7215967178345 1.4384329319 0
		endloop
	endfacet
	facet normal 0.98078448175191 0.1950943370645 -0
		outer loop
			vertex 3.7215967178345 1.4074470996857 0
			vertex 3.718514919281 1.4229400157928 0.19799999892712
			vertex 3.7215967178345 1.4074470996857 0.19799999892712
		endloop
	endfacet
	facet normal 0.98078448175191 -0.1950943370645 0
		outer loop
			vertex 3.718514919281 1.4229400157928 0
			vertex 3.7215967178345 1.4384329319 0.19799999892712
			vertex 3.718514919281 1.4229400157928 0.19799999892712
		endloop
	endfacet
	facet normal 0.83147165503325 -0.55556717584489 0
		outer loop
			vertex 3.7215967178345 1.4384329319 0
			vertex 3.7303726673126 1.4515671730042 0.19799999892712
			vertex 3.7215967178345 1.4384329319 0.19799999892712
		endloop
	endfacet
	facet normal -0.55556717584489 0.83147165503325 0
		outer loop
			vertex 3.7876272201538 1.3943127393723 0
			vertex 3.7744929790497 1.3855367898941 0.19799999892712
			vertex 3.7876272201538 1.3943127393723 0.19799999892712
		endloop
	endfacet
	facet normal 0 0 -1
		outer loop
			vertex 3.7435071468353 1.3855367898941 0.19799999892712
			vertex 3.7876272201538 1.3943127393723 0.19799999892712
			vertex 3.7590000629425 1.3824549913406 0.19799999892712
		endloop
	endfacet
	facet normal 0 0 -1
		outer loop
			vertex 3.7590000629425 1.3824549913406 0.19799999892712
			vertex 3.7876272201538 1.3943127393723 0.19799999892712
			vertex 3.7744929790497 1.3855367898941 0.19799999892712
		endloop
	endfacet
	facet normal 0 0 -1
		outer loop
			vertex 3.7303726673126 1.3943127393723 0.19799999892712
			vertex 3.7215967178345 1.4074470996857 0.19799999892712
			vertex 3.7215967178345 1.4384329319 0.19799999892712
		endloop
	endfacet
	facet normal 0 0 -1
		outer loop
			vertex 3.7303726673126 1.3943127393723 0.19799999892712
			vertex 3.7215967178345 1.4384329319 0.19799999892712
			vertex 3.7303726673126 1.4515671730042 0.19799999892712
		endloop
	endfacet
	facet normal 0 0 -1
		outer loop
			vertex 3.7215967178345 1.4074470996857 0.19799999892712
			vertex 3.718514919281 1.4229400157928 0.19799999892712
			vertex 3.7215967178345 1.4384329319 0.19799999892712
		endloop
	endfacet
	facet normal 0 0 -1
		outer loop
			vertex 3.7303726673126 1.3943127393723 0.19799999892712
			vertex 3.7303726673126 1.4515671730042 0.19799999892712
			vertex 3.7435071468353 1.3855367898941 0.19799999892712
		endloop
	endfacet
	facet normal 0 0 -1
		outer loop
			vertex 3.7435071468353 1.3855367898941 0.19799999892712
			vertex 3.7303726673126 1.4515671730042 0.19799999892712
			vertex 3.7876272201538 1.3943127393723 0.19799999892712
		endloop
	endfacet
	facet normal 0.55557239313192 -0.83146816895758 0
		outer loop
			vertex 3.8383328914642 1.5595271587372 0
			vertex 3.8514671325684 1.5683032274246 0.19799999892712
			vertex 3.8383328914642 1.5595271587372 0.19799999892712
		endloop
	endfacet
	facet normal 0.55557239313192 -0.83146816895758 0
		outer loop
			vertex 3.8383328914642 1.5595271587372 0
			vertex 3.8514671325684 1.5683032274246 0
			vertex 3.8514671325684 1.5683032274246 0.19799999892712
		endloop
	endfacet
	facet normal 0.1950943370645 -0.98078448175191 0
		outer loop
			vertex 3.8514671325684 1.5683032274246 0
			vertex 3.8669600486755 1.5713850259781 0
			vertex 3.8669600486755 1.5713850259781 0.19799999892712
		endloop
	endfacet
	facet normal 0.1950943370645 -0.98078448175191 0
		outer loop
			vertex 3.8514671325684 1.5683032274246 0
			vertex 3.8669600486755 1.5713850259781 0.19799999892712
			vertex 3.8514671325684 1.5683032274246 0.19799999892712
		endloop
	endfacet
	facet normal 0 0 -1
		outer loop
			vertex 3.8383328914642 1.5595271587372 0.19799999892712
			vertex 3.8669600486755 1.5713850259781 0.19799999892712
			vertex 3.8669600486755 1.5309000015259 0.19799999892712
		endloop
	endfacet
	facet normal 0 0 -1
		outer loop
			vertex 3.8383328914642 1.5595271587372 0.19799999892712
			vertex 3.8514671325684 1.5683032274246 0.19799999892712
			vertex 3.8669600486755 1.5713850259781 0.19799999892712
		endloop
	endfacet
	facet normal -0.55557936535473 -0.83146351019876 0
		outer loop
			vertex 4.2063331604004 1.5683032274246 0
			vertex 4.2194671630859 1.5595271587372 0
			vertex 4.2194671630859 1.5595271587372 0.19799999892712
		endloop
	endfacet
	facet normal -0.19508856121121 -0.98078563064746 0
		outer loop
			vertex 4.1908397674561 1.5713850259781 0
			vertex 4.2063331604004 1.5683032274246 0
			vertex 4.2063331604004 1.5683032274246 0.19799999892712
		endloop
	endfacet
	facet normal -0.19508856121121 -0.98078563064746 0
		outer loop
			vertex 4.1908397674561 1.5713850259781 0
			vertex 4.2063331604004 1.5683032274246 0.19799999892712
			vertex 4.1908397674561 1.5713850259781 0.19799999892712
		endloop
	endfacet
	facet normal -0.55557936535473 -0.83146351019876 0
		outer loop
			vertex 4.2063331604004 1.5683032274246 0
			vertex 4.2194671630859 1.5595271587372 0.19799999892712
			vertex 4.2063331604004 1.5683032274246 0.19799999892712
		endloop
	endfacet
	facet normal 0 0 -1
		outer loop
			vertex 4.1908397674561 1.4934868812561 0.19799999892712
			vertex 4.1908397674561 1.5713850259781 0.19799999892712
			vertex 4.1975569725037 1.5376168489456 0.19799999892712
		endloop
	endfacet
	facet normal 0 0 -1
		outer loop
			vertex 4.1975569725037 1.5376168489456 0.19799999892712
			vertex 4.2063331604004 1.5683032274246 0.19799999892712
			vertex 4.2194671630859 1.5595271587372 0.19799999892712
		endloop
	endfacet
	facet normal 0 0 -1
		outer loop
			vertex 4.1908397674561 1.5713850259781 0.19799999892712
			vertex 4.2063331604004 1.5683032274246 0.19799999892712
			vertex 4.1975569725037 1.5376168489456 0.19799999892712
		endloop
	endfacet
	facet normal -0.98078448175191 -0.1950943370645 0
		outer loop
			vertex 4.3392848968506 1.4229400157928 0
			vertex 4.3392848968506 1.4229400157928 0.19799999892712
			vertex 4.3362030982971 1.4384329319 0
		endloop
	endfacet
	facet normal -0.83147862717407 -0.55555674107396 0
		outer loop
			vertex 4.3274273872375 1.4515671730042 0
			vertex 4.3362030982971 1.4384329319 0
			vertex 4.3362030982971 1.4384329319 0.19799999892712
		endloop
	endfacet
	facet normal -0.98078448175191 -0.1950943370645 0
		outer loop
			vertex 4.3362030982971 1.4384329319 0
			vertex 4.3392848968506 1.4229400157928 0.19799999892712
			vertex 4.3362030982971 1.4384329319 0.19799999892712
		endloop
	endfacet
	facet normal -0.83147862717407 -0.55555674107396 0
		outer loop
			vertex 4.3274273872375 1.4515671730042 0
			vertex 4.3362030982971 1.4384329319 0.19799999892712
			vertex 4.3274273872375 1.4515671730042 0.19799999892712
		endloop
	endfacet
	facet normal 0 0 -1
		outer loop
			vertex 4.2987999916077 1.4229400157928 0.19799999892712
			vertex 4.3274273872375 1.4515671730042 0.19799999892712
			vertex 4.3392848968506 1.4229400157928 0.19799999892712
		endloop
	endfacet
	facet normal 0 0 -1
		outer loop
			vertex 4.3392848968506 1.4229400157928 0.19799999892712
			vertex 4.3274273872375 1.4515671730042 0.19799999892712
			vertex 4.3362030982971 1.4384329319 0.19799999892712
		endloop
	endfacet
	facet normal -0.83147862717407 0.55555674107396 0
		outer loop
			vertex 4.3362030982971 1.0835670232773 0
			vertex 4.3274273872375 1.0704327821732 0
			vertex 4.3274273872375 1.0704327821732 0.19799999892712
		endloop
	endfacet
	facet normal -0.98078476898537 0.19509289306975 0
		outer loop
			vertex 4.3362030982971 1.0835670232773 0
			vertex 4.3362030982971 1.0835670232773 0.19799999892712
			vertex 4.3392848968506 1.0990600585938 0
		endloop
	endfacet
	facet normal -0.83147862717407 0.55555674107396 0
		outer loop
			vertex 4.3362030982971 1.0835670232773 0
			vertex 4.3274273872375 1.0704327821732 0.19799999892712
			vertex 4.3362030982971 1.0835670232773 0.19799999892712
		endloop
	endfacet
	facet normal -0.98078476898537 0.19509289306975 0
		outer loop
			vertex 4.3392848968506 1.0990600585938 0
			vertex 4.3362030982971 1.0835670232773 0.19799999892712
			vertex 4.3392848968506 1.0990600585938 0.19799999892712
		endloop
	endfacet
	facet normal 0 0 -1
		outer loop
			vertex 4.2595229148865 1.0929869413376 0.19799999892712
			vertex 4.2613868713379 1.0990600585938 0.19799999892712
			vertex 4.3048968315125 1.0929633378983 0.19799999892712
		endloop
	endfacet
	facet normal 0 0 -1
		outer loop
			vertex 4.3048968315125 1.0929633378983 0.19799999892712
			vertex 4.3331212997437 1.0990600585938 0.19799999892712
			vertex 4.3274273872375 1.0704327821732 0.19799999892712
		endloop
	endfacet
	facet normal -0 0 -1
		outer loop
			vertex 4.3362030982971 1.0835670232773 0.19799999892712
			vertex 4.3274273872375 1.0704327821732 0.19799999892712
			vertex 4.3331212997437 1.0990600585938 0.19799999892712
		endloop
	endfacet
	facet normal 0 0 -1
		outer loop
			vertex 4.2613868713379 1.0990600585938 0.19799999892712
			vertex 4.3331212997437 1.0990600585938 0.19799999892712
			vertex 4.3048968315125 1.0929633378983 0.19799999892712
		endloop
	endfacet
	facet normal 0 0 -1
		outer loop
			vertex 4.3362030982971 1.0835670232773 0.19799999892712
			vertex 4.3331212997437 1.0990600585938 0.19799999892712
			vertex 4.3362030982971 1.1113868951797 0.19799999892712
		endloop
	endfacet
	facet normal 0 0 -1
		outer loop
			vertex 4.3362030982971 1.0835670232773 0.19799999892712
			vertex 4.3362030982971 1.1113868951797 0.19799999892712
			vertex 4.3392848968506 1.0990600585938 0.19799999892712
		endloop
	endfacet
	facet normal -0.19508493163156 0.98078635260199 0
		outer loop
			vertex 4.1908397674561 0.95061498880386 0
			vertex 4.1908397674561 0.95061498880386 0.19799999892712
			vertex 4.2063331604004 0.95369672775269 0
		endloop
	endfacet
	facet normal -0.55557936535473 0.83146351019876 0
		outer loop
			vertex 4.2063331604004 0.95369672775269 0
			vertex 4.2063331604004 0.95369672775269 0.19799999892712
			vertex 4.2194671630859 0.96247279644012 0
		endloop
	endfacet
	facet normal -0.19508493163156 0.98078635260199 0
		outer loop
			vertex 4.2063331604004 0.95369672775269 0
			vertex 4.1908397674561 0.95061498880386 0.19799999892712
			vertex 4.2063331604004 0.95369672775269 0.19799999892712
		endloop
	endfacet
	facet normal -0.55557936535473 0.83146351019876 0
		outer loop
			vertex 4.2194671630859 0.96247279644012 0
			vertex 4.2063331604004 0.95369672775269 0.19799999892712
			vertex 4.2194671630859 0.96247279644012 0.19799999892712
		endloop
	endfacet
	facet normal 0 0 -1
		outer loop
			vertex 4.1908397674561 0.95061498880386 0.19799999892712
			vertex 4.2194671630859 0.96247279644012 0.19799999892712
			vertex 4.2063331604004 0.95369672775269 0.19799999892712
		endloop
	endfacet
	facet normal 0 0 -1
		outer loop
			vertex 4.1908397674561 0.95061498880386 0.19799999892712
			vertex 4.1908397674561 0.99110001325607 0.19799999892712
			vertex 4.2194671630859 0.96247279644012 0.19799999892712
		endloop
	endfacet
	facet normal 0.55557239313192 0.83146816895758 -0
		outer loop
			vertex 3.8383328914642 0.96247279644012 0
			vertex 3.8383328914642 0.96247279644012 0.19799999892712
			vertex 3.8514671325684 0.95369672775269 0
		endloop
	endfacet
	facet normal 0.19509070738589 0.98078520374834 -0
		outer loop
			vertex 3.8514671325684 0.95369672775269 0
			vertex 3.8514671325684 0.95369672775269 0.19799999892712
			vertex 3.8669600486755 0.95061498880386 0
		endloop
	endfacet
	facet normal 0.55557239313192 0.83146816895758 0
		outer loop
			vertex 3.8383328914642 0.96247279644012 0.19799999892712
			vertex 3.8514671325684 0.95369672775269 0.19799999892712
			vertex 3.8514671325684 0.95369672775269 0
		endloop
	endfacet
	facet normal 0.19509070738589 0.98078520374834 -0
		outer loop
			vertex 3.8669600486755 0.95061498880386 0
			vertex 3.8514671325684 0.95369672775269 0.19799999892712
			vertex 3.8669600486755 0.95061498880386 0.19799999892712
		endloop
	endfacet
	facet normal 0 0 -1
		outer loop
			vertex 3.8514671325684 0.95369672775269 0.19799999892712
			vertex 3.8602430820465 0.98438310623169 0.19799999892712
			vertex 3.8669600486755 0.95061498880386 0.19799999892712
		endloop
	endfacet
	facet normal 0 0 -1
		outer loop
			vertex 3.8383328914642 0.96247279644012 0.19799999892712
			vertex 3.8602430820465 0.98438310623169 0.19799999892712
			vertex 3.8514671325684 0.95369672775269 0.19799999892712
		endloop
	endfacet
	facet normal 0 0 -1
		outer loop
			vertex 3.8669600486755 0.95061498880386 0.19799999892712
			vertex 3.8602430820465 0.98438310623169 0.19799999892712
			vertex 3.8669600486755 1.0285130739212 0.19799999892712
		endloop
	endfacet
	facet normal 0.83147165503325 0.55556717584489 -0
		outer loop
			vertex 3.7215967178345 1.0835670232773 0
			vertex 3.7215967178345 1.0835670232773 0.19799999892712
			vertex 3.7303726673126 1.0704327821732 0
		endloop
	endfacet
	facet normal 0.98078476898537 0.19509289306975 0
		outer loop
			vertex 3.7215967178345 1.0835670232773 0
			vertex 3.718514919281 1.0990600585938 0
			vertex 3.718514919281 1.0990600585938 0.19799999892712
		endloop
	endfacet
	facet normal 0.83147165503325 0.55556717584489 -0
		outer loop
			vertex 3.7303726673126 1.0704327821732 0
			vertex 3.7215967178345 1.0835670232773 0.19799999892712
			vertex 3.7303726673126 1.0704327821732 0.19799999892712
		endloop
	endfacet
	facet normal 0.98078476898537 0.19509289306975 -0
		outer loop
			vertex 3.7215967178345 1.0835670232773 0
			vertex 3.718514919281 1.0990600585938 0.19799999892712
			vertex 3.7215967178345 1.0835670232773 0.19799999892712
		endloop
	endfacet
	facet normal 0 0 -1
		outer loop
			vertex 3.7215967178345 1.0835670232773 0.19799999892712
			vertex 3.718514919281 1.0990600585938 0.19799999892712
			vertex 3.7303726673126 1.0704327821732 0.19799999892712
		endloop
	endfacet
	facet normal 0 0 -1
		outer loop
			vertex 3.7303726673126 1.0704327821732 0.19799999892712
			vertex 3.718514919281 1.0990600585938 0.19799999892712
			vertex 3.7590000629425 1.0990600585938 0.19799999892712
		endloop
	endfacet
	facet normal 0 0 -1
		outer loop
			vertex 3.7693676948547 1.1094278097153 0.19799999892712
			vertex 3.7744929790497 1.1323827505112 0.19799999892712
			vertex 3.7821342945099 1.1221942901611 0.19799999892712
		endloop
	endfacet
	facet normal 0.98078448175191 -0.1950943370645 0
		outer loop
			vertex 3.718514919281 1.2070200443268 0
			vertex 3.7215967178345 1.222512960434 0
			vertex 3.7215967178345 1.222512960434 0.19799999892712
		endloop
	endfacet
	facet normal 0.83147165503325 -0.55556717584489 0
		outer loop
			vertex 3.7303726673126 1.2356472015381 0
			vertex 3.7303726673126 1.2356472015381 0.19799999892712
			vertex 3.7215967178345 1.222512960434 0
		endloop
	endfacet
	facet normal 0.98078448175191 -0.1950943370645 0
		outer loop
			vertex 3.718514919281 1.2070200443268 0
			vertex 3.7215967178345 1.222512960434 0.19799999892712
			vertex 3.718514919281 1.2070200443268 0.19799999892712
		endloop
	endfacet
	facet normal 0.83147165503325 -0.55556717584489 0
		outer loop
			vertex 3.7215967178345 1.222512960434 0
			vertex 3.7303726673126 1.2356472015381 0.19799999892712
			vertex 3.7215967178345 1.222512960434 0.19799999892712
		endloop
	endfacet
	facet normal 0 0 -1
		outer loop
			vertex 3.7435071468353 1.1736972332001 0.19799999892712
			vertex 3.718514919281 1.2070200443268 0.19799999892712
			vertex 3.7303726673126 1.2356472015381 0.19799999892712
		endloop
	endfacet
	facet normal 0 0 -1
		outer loop
			vertex 3.718514919281 1.2070200443268 0.19799999892712
			vertex 3.7215967178345 1.222512960434 0.19799999892712
			vertex 3.7303726673126 1.2356472015381 0.19799999892712
		endloop
	endfacet
	facet normal 0 0 -1
		outer loop
			vertex 3.7303726673126 1.2356472015381 0.19799999892712
			vertex 3.7569530010223 1.2090669870377 0.19799999892712
			vertex 3.7509469985962 1.2070200443268 0.19799999892712
		endloop
	endfacet
	facet normal 0 0 -1
		outer loop
			vertex 3.7435071468353 1.1736972332001 0.19799999892712
			vertex 3.7303726673126 1.2356472015381 0.19799999892712
			vertex 3.7509469985962 1.2070200443268 0.19799999892712
		endloop
	endfacet
	facet normal 0 0 -1
		outer loop
			vertex 3.7509469985962 1.2070200443268 0.19799999892712
			vertex 3.7569530010223 1.2090669870377 0.19799999892712
			vertex 3.7964131832123 1.2070200443268 0.19799999892712
		endloop
	endfacet
	facet normal 0.55557239313192 -0.83146816895758 0
		outer loop
			vertex 3.8383328914642 1.3436071872711 0
			vertex 3.8514671325684 1.3523832559586 0.19799999892712
			vertex 3.8383328914642 1.3436071872711 0.19799999892712
		endloop
	endfacet
	facet normal 0.55557239313192 -0.83146816895758 0
		outer loop
			vertex 3.8383328914642 1.3436071872711 0
			vertex 3.8514671325684 1.3523832559586 0
			vertex 3.8514671325684 1.3523832559586 0.19799999892712
		endloop
	endfacet
	facet normal 0.1950943370645 -0.98078448175191 0
		outer loop
			vertex 3.8514671325684 1.3523832559586 0
			vertex 3.8669600486755 1.355465054512 0
			vertex 3.8669600486755 1.355465054512 0.19799999892712
		endloop
	endfacet
	facet normal 0.1950943370645 -0.98078448175191 0
		outer loop
			vertex 3.8514671325684 1.3523832559586 0
			vertex 3.8669600486755 1.355465054512 0.19799999892712
			vertex 3.8514671325684 1.3523832559586 0.19799999892712
		endloop
	endfacet
	facet normal 0 0 -1
		outer loop
			vertex 3.8383328914642 1.3436071872711 0.19799999892712
			vertex 3.8669600486755 1.355465054512 0.19799999892712
			vertex 3.8669600486755 1.3149800300598 0.19799999892712
		endloop
	endfacet
	facet normal 0 0 -1
		outer loop
			vertex 3.8383328914642 1.3436071872711 0.19799999892712
			vertex 3.8514671325684 1.3523832559586 0.19799999892712
			vertex 3.8669600486755 1.355465054512 0.19799999892712
		endloop
	endfacet
	facet normal -1 0 0
		outer loop
			vertex 4.4472451210022 1.0315849781036 0
			vertex 4.4472451210022 1.0315849781036 0.19799999892712
			vertex 4.4472451210022 1.2205150127411 0
		endloop
	endfacet
	facet normal 0 0 -1
		outer loop
			vertex 4.3662748336792 0.99110001325607 0.19799999892712
			vertex 4.412832736969 1.2205150127411 0.19799999892712
			vertex 4.4067602157593 0.99110001325607 0.19799999892712
		endloop
	endfacet
	facet normal 0 0 -1
		outer loop
			vertex 4.4067602157593 0.99110001325607 0.19799999892712
			vertex 4.412832736969 1.2205150127411 0.19799999892712
			vertex 4.4423151016235 1.0239660739899 0.19799999892712
		endloop
	endfacet
	facet normal 0 0 -1
		outer loop
			vertex 4.4423151016235 1.0239660739899 0.19799999892712
			vertex 4.412832736969 1.2205150127411 0.19799999892712
			vertex 4.4472451210022 1.0315849781036 0.19799999892712
		endloop
	endfacet
	facet normal 1 0 0
		outer loop
			vertex 4.3662748336792 0.99110001325607 0
			vertex 4.3662748336792 1.5309000015259 0.19799999892712
			vertex 4.3662748336792 0.99110001325607 0.19799999892712
		endloop
	endfacet
	facet normal -1 0 0
		outer loop
			vertex 4.4472451210022 1.0315849781036 0.19799999892712
			vertex 4.4472451210022 1.2205150127411 0.19799999892712
			vertex 4.4472451210022 1.2205150127411 0
		endloop
	endfacet
	facet normal 0 0 -1
		outer loop
			vertex 4.3662748336792 0.99110001325607 0.19799999892712
			vertex 4.4067602157593 1.2610000371933 0.19799999892712
			vertex 4.412832736969 1.2205150127411 0.19799999892712
		endloop
	endfacet
	facet normal 0 0 -1
		outer loop
			vertex 4.3662748336792 0.99110001325607 0.19799999892712
			vertex 4.3662748336792 1.5309000015259 0.19799999892712
			vertex 4.4067602157593 1.2610000371933 0.19799999892712
		endloop
	endfacet
	facet normal 0 0 -1
		outer loop
			vertex 4.4472451210022 1.0315849781036 0.19799999892712
			vertex 4.412832736969 1.2205150127411 0.19799999892712
			vertex 4.4472451210022 1.2205150127411 0.19799999892712
		endloop
	endfacet
	facet normal 1 0 0
		outer loop
			vertex 4.3662748336792 0.99110001325607 0
			vertex 4.3662748336792 1.5309000015259 0
			vertex 4.3662748336792 1.5309000015259 0.19799999892712
		endloop
	endfacet
	facet normal -1 0 0
		outer loop
			vertex 4.4472451210022 1.3014849424362 0
			vertex 4.4472451210022 1.3014849424362 0.19799999892712
			vertex 4.4472451210022 1.4904149770737 0
		endloop
	endfacet
	facet normal -1 0 0
		outer loop
			vertex 4.4472451210022 1.3014849424362 0.19799999892712
			vertex 4.4472451210022 1.4904149770737 0.19799999892712
			vertex 4.4472451210022 1.4904149770737 0
		endloop
	endfacet
	facet normal 0 0 -1
		outer loop
			vertex 4.4067602157593 1.2610000371933 0.19799999892712
			vertex 4.4067602157593 1.5309000015259 0.19799999892712
			vertex 4.4472451210022 1.2928096055984 0.19799999892712
		endloop
	endfacet
	facet normal 0 0 -1
		outer loop
			vertex 4.4067602157593 1.2610000371933 0.19799999892712
			vertex 4.3662748336792 1.5309000015259 0.19799999892712
			vertex 4.3693566322327 1.5309000015259 0.19799999892712
		endloop
	endfacet
	facet normal 0 0 -1
		outer loop
			vertex 4.4067602157593 1.2610000371933 0.19799999892712
			vertex 4.3693566322327 1.5309000015259 0.19799999892712
			vertex 4.3724384307861 1.5309000015259 0.19799999892712
		endloop
	endfacet
	facet normal 0 0 -1
		outer loop
			vertex 4.4067602157593 1.2610000371933 0.19799999892712
			vertex 4.3724384307861 1.5309000015259 0.19799999892712
			vertex 4.4067602157593 1.5309000015259 0.19799999892712
		endloop
	endfacet
	facet normal 0 0 -1
		outer loop
			vertex 4.4472451210022 1.2928096055984 0.19799999892712
			vertex 4.4067602157593 1.5309000015259 0.19799999892712
			vertex 4.4472451210022 1.3014849424362 0.19799999892712
		endloop
	endfacet
	facet normal 0 0 -1
		outer loop
			vertex 4.4472451210022 1.3014849424362 0.19799999892712
			vertex 4.4067602157593 1.5309000015259 0.19799999892712
			vertex 4.4472451210022 1.4904149770737 0.19799999892712
		endloop
	endfacet
	facet normal 0 0 -1
		outer loop
			vertex 4.4067602157593 1.5309000015259 0.19799999892712
			vertex 4.4472451210022 1.4990903139114 0.19799999892712
			vertex 4.4472451210022 1.4904149770737 0.19799999892712
		endloop
	endfacet
	facet normal 0 0 -1
		outer loop
			vertex 4.4067602157593 0.95061498880386 0.19799999892712
			vertex 4.4067602157593 0.99110001325607 0.19799999892712
			vertex 4.4423151016235 1.0239660739899 0.19799999892712
		endloop
	endfacet
	facet normal 0 1 0
		outer loop
			vertex 4.4067602157593 0.95061498880386 0
			vertex 4.4067602157593 0.95061498880386 0.19799999892712
			vertex 4.784619808197 0.95061498880386 0
		endloop
	endfacet
	facet normal 0 -1 0
		outer loop
			vertex 4.4472451210022 1.0315849781036 0
			vertex 4.7723622322083 1.0315849781036 0.19799999892712
			vertex 4.4472451210022 1.0315849781036 0.19799999892712
		endloop
	endfacet
	facet normal 0 0 -1
		outer loop
			vertex 4.4067602157593 0.95061498880386 0.19799999892712
			vertex 4.4423151016235 1.0239660739899 0.19799999892712
			vertex 4.784619808197 0.95061498880386 0.19799999892712
		endloop
	endfacet
	facet normal 0 0 -1
		outer loop
			vertex 4.4423151016235 1.0239660739899 0.19799999892712
			vertex 4.4472451210022 1.0315849781036 0.19799999892712
			vertex 4.7723622322083 1.0315849781036 0.19799999892712
		endloop
	endfacet
	facet normal -0 1 0
		outer loop
			vertex 4.4067602157593 0.95061498880386 0.19799999892712
			vertex 4.784619808197 0.95061498880386 0.19799999892712
			vertex 4.784619808197 0.95061498880386 0
		endloop
	endfacet
	facet normal 0 -1 0
		outer loop
			vertex 4.4472451210022 1.0315849781036 0
			vertex 4.7723622322083 1.0315849781036 0
			vertex 4.7723622322083 1.0315849781036 0.19799999892712
		endloop
	endfacet
	facet normal 0 0 -1
		outer loop
			vertex 4.4423151016235 1.0239660739899 0.19799999892712
			vertex 4.784619808197 0.99110001325607 0.19799999892712
			vertex 4.784619808197 0.95061498880386 0.19799999892712
		endloop
	endfacet
	facet normal 0 0 -1
		outer loop
			vertex 4.4423151016235 1.0239660739899 0.19799999892712
			vertex 4.7723622322083 1.0315849781036 0.19799999892712
			vertex 4.784619808197 0.99110001325607 0.19799999892712
		endloop
	endfacet
	facet normal 0.83202671791446 0.55473555923204 0
		outer loop
			vertex 4.8070769309998 0.95741444826126 0
			vertex 4.8066453933716 0.95806169509888 0
			vertex 4.8066453933716 0.95806169509888 0.19799999892712
		endloop
	endfacet
	facet normal 0.83202671791446 0.55473555923204 -0
		outer loop
			vertex 4.8070769309998 0.95741444826126 0
			vertex 4.8066453933716 0.95806169509888 0.19799999892712
			vertex 4.8070769309998 0.95741444826126 0.19799999892712
		endloop
	endfacet
	facet normal -0.55470012555228 0.83205034145314 0
		outer loop
			vertex 4.8070769309998 0.95741444826126 0
			vertex 4.8070769309998 0.95741444826126 0.19799999892712
			vertex 4.9690170288086 1.0653744935989 0
		endloop
	endfacet
	facet normal 0.55470070977872 -0.83204995196862 0
		outer loop
			vertex 4.7723622322083 1.0315849781036 0
			vertex 4.9060750007629 1.1207269430161 0
			vertex 4.9060750007629 1.1207269430161 0.19799999892712
		endloop
	endfacet
	facet normal 0.55470070977872 -0.83204995196862 0
		outer loop
			vertex 4.7723622322083 1.0315849781036 0
			vertex 4.9060750007629 1.1207269430161 0.19799999892712
			vertex 4.7723622322083 1.0315849781036 0.19799999892712
		endloop
	endfacet
	facet normal 0 0 -1
		outer loop
			vertex 4.784619808197 0.99110001325607 0.19799999892712
			vertex 4.9060750007629 1.1057356595993 0.19799999892712
			vertex 4.8066453933716 0.95806169509888 0.19799999892712
		endloop
	endfacet
	facet normal 0 0 -1
		outer loop
			vertex 4.784619808197 0.99110001325607 0.19799999892712
			vertex 4.7723622322083 1.0315849781036 0.19799999892712
			vertex 4.9060750007629 1.1057356595993 0.19799999892712
		endloop
	endfacet
	facet normal 0 0 -1
		outer loop
			vertex 4.8066453933716 0.95806169509888 0.19799999892712
			vertex 4.9060750007629 1.1057356595993 0.19799999892712
			vertex 4.8070769309998 0.95741444826126 0.19799999892712
		endloop
	endfacet
	facet normal 0 0 -1
		outer loop
			vertex 4.7723622322083 1.0315849781036 0.19799999892712
			vertex 4.9060750007629 1.1207269430161 0.19799999892712
			vertex 4.9060750007629 1.1057356595993 0.19799999892712
		endloop
	endfacet
	facet normal -0.55470012555228 0.83205034145314 0
		outer loop
			vertex 4.8070769309998 0.95741444826126 0.19799999892712
			vertex 4.9690170288086 1.0653744935989 0.19799999892712
			vertex 4.9690170288086 1.0653744935989 0
		endloop
	endfacet
	facet normal -0.83200313698162 -0.55477092574571 0
		outer loop
			vertex 4.9685854911804 1.0660216808319 0
			vertex 4.9690170288086 1.0653744935989 0
			vertex 4.9690170288086 1.0653744935989 0.19799999892712
		endloop
	endfacet
	facet normal -0.83200313698162 -0.55477092574571 0
		outer loop
			vertex 4.9685854911804 1.0660216808319 0
			vertex 4.9690170288086 1.0653744935989 0.19799999892712
			vertex 4.9685854911804 1.0660216808319 0.19799999892712
		endloop
	endfacet
	facet normal 0 0 -1
		outer loop
			vertex 4.8070769309998 0.95741444826126 0.19799999892712
			vertex 4.9060750007629 1.1057356595993 0.19799999892712
			vertex 4.9465599060059 1.0990600585938 0.19799999892712
		endloop
	endfacet
	facet normal 0 0 -1
		outer loop
			vertex 4.8070769309998 0.95741444826126 0.19799999892712
			vertex 4.9465599060059 1.0990600585938 0.19799999892712
			vertex 4.9685854911804 1.0660216808319 0.19799999892712
		endloop
	endfacet
	facet normal 0 0 -1
		outer loop
			vertex 4.8070769309998 0.95741444826126 0.19799999892712
			vertex 4.9685854911804 1.0660216808319 0.19799999892712
			vertex 4.9690170288086 1.0653744935989 0.19799999892712
		endloop
	endfacet
	facet normal 0 0 -1
		outer loop
			vertex 4.9465599060059 1.0990600585938 0.19799999892712
			vertex 4.9060750007629 1.1057356595993 0.19799999892712
			vertex 4.9105606079102 1.112456202507 0.19799999892712
		endloop
	endfacet
	facet normal 1 0 0
		outer loop
			vertex 4.9060750007629 1.1207269430161 0
			vertex 4.9060750007629 1.1778401136398 0
			vertex 4.9060750007629 1.1778401136398 0.19799999892712
		endloop
	endfacet
	facet normal 1 0 0
		outer loop
			vertex 4.9060750007629 1.1207269430161 0
			vertex 4.9060750007629 1.1778401136398 0.19799999892712
			vertex 4.9060750007629 1.1207269430161 0.19799999892712
		endloop
	endfacet
	facet normal -1 0 0
		outer loop
			vertex 4.9870448112488 1.0990600585938 0
			vertex 4.9870448112488 1.0990600585938 0.19799999892712
			vertex 4.9870448112488 1.2070200443268 0
		endloop
	endfacet
	facet normal -1 0 0
		outer loop
			vertex 4.9870448112488 1.0990600585938 0.19799999892712
			vertex 4.9870448112488 1.2070200443268 0.19799999892712
			vertex 4.9870448112488 1.2070200443268 0
		endloop
	endfacet
	facet normal 0 0 -1
		outer loop
			vertex 4.9060750007629 1.1207269430161 0.19799999892712
			vertex 4.9105606079102 1.112456202507 0.19799999892712
			vertex 4.9060750007629 1.1057356595993 0.19799999892712
		endloop
	endfacet
	facet normal 0 0 -1
		outer loop
			vertex 4.9060750007629 1.1207269430161 0.19799999892712
			vertex 4.9060750007629 1.1778401136398 0.19799999892712
			vertex 4.9105606079102 1.112456202507 0.19799999892712
		endloop
	endfacet
	facet normal 0 0 -1
		outer loop
			vertex 4.9465599060059 1.0990600585938 0.19799999892712
			vertex 4.9105606079102 1.112456202507 0.19799999892712
			vertex 4.9324989318848 1.1691588163376 0.19799999892712
		endloop
	endfacet
	facet normal 0 0 -1
		outer loop
			vertex 4.9105606079102 1.112456202507 0.19799999892712
			vertex 4.9060750007629 1.1778401136398 0.19799999892712
			vertex 4.9324989318848 1.1691588163376 0.19799999892712
		endloop
	endfacet
	facet normal 0 0 -1
		outer loop
			vertex 4.9060750007629 1.1806260347366 0.19799999892712
			vertex 4.9324989318848 1.1691588163376 0.19799999892712
			vertex 4.9060750007629 1.1778401136398 0.19799999892712
		endloop
	endfacet
	facet normal 0 0 -1
		outer loop
			vertex 4.9465599060059 1.0990600585938 0.19799999892712
			vertex 4.9324989318848 1.1691588163376 0.19799999892712
			vertex 4.9546127319336 1.0990600585938 0.19799999892712
		endloop
	endfacet
	facet normal 0 0 -1
		outer loop
			vertex 4.9546127319336 1.0990600585938 0.19799999892712
			vertex 4.9324989318848 1.1691588163376 0.19799999892712
			vertex 4.962052822113 1.1323827505112 0.19799999892712
		endloop
	endfacet
	facet normal 0 0 -1
		outer loop
			vertex 4.9324989318848 1.1691588163376 0.19799999892712
			vertex 4.934103012085 1.1696492433548 0.19799999892712
			vertex 4.962052822113 1.1323827505112 0.19799999892712
		endloop
	endfacet
	facet normal 0 0 -1
		outer loop
			vertex 4.962052822113 1.1323827505112 0.19799999892712
			vertex 4.934103012085 1.1696492433548 0.19799999892712
			vertex 4.9465599060059 1.2070200443268 0.19799999892712
		endloop
	endfacet
	facet normal 0 0 -1
		outer loop
			vertex 4.9870448112488 1.0990600585938 0.19799999892712
			vertex 4.962052822113 1.1323827505112 0.19799999892712
			vertex 4.9870448112488 1.2070200443268 0.19799999892712
		endloop
	endfacet
	facet normal 0 0 -1
		outer loop
			vertex 4.962052822113 1.1323827505112 0.19799999892712
			vertex 4.9465599060059 1.2070200443268 0.19799999892712
			vertex 4.9870448112488 1.2070200443268 0.19799999892712
		endloop
	endfacet
	facet normal 0.31622803102497 0.94868320971443 0
		outer loop
			vertex 4.7780504226685 1.2205150127411 0.19799999892712
			vertex 4.9060750007629 1.1778401136398 0.19799999892712
			vertex 4.9060750007629 1.1778401136398 0
		endloop
	endfacet
	facet normal 0.31622803102497 0.94868320971443 -0
		outer loop
			vertex 4.7780504226685 1.2205150127411 0
			vertex 4.7780504226685 1.2205150127411 0.19799999892712
			vertex 4.9060750007629 1.1778401136398 0
		endloop
	endfacet
	facet normal 0 0 -1
		outer loop
			vertex 4.7780504226685 1.2205150127411 0.19799999892712
			vertex 4.7742791175842 1.2225719690323 0.19799999892712
			vertex 4.7839136123657 1.2240653038025 0.19799999892712
		endloop
	endfacet
	facet normal 0 0 -1
		outer loop
			vertex 4.7780504226685 1.2205150127411 0.19799999892712
			vertex 4.7839136123657 1.2240653038025 0.19799999892712
			vertex 4.784619808197 1.2241513729095 0.19799999892712
		endloop
	endfacet
	facet normal 0 0 -1
		outer loop
			vertex 4.7780504226685 1.2205150127411 0.19799999892712
			vertex 4.784619808197 1.2241513729095 0.19799999892712
			vertex 4.7908873558044 1.2217615842819 0.19799999892712
		endloop
	endfacet
	facet normal 0 0 -1
		outer loop
			vertex 4.7996387481689 1.2259800434113 0.19799999892712
			vertex 4.8001127243042 1.2260377407074 0.19799999892712
			vertex 4.9060750007629 1.1778401136398 0.19799999892712
		endloop
	endfacet
	facet normal 0 0 -1
		outer loop
			vertex 4.8001127243042 1.2260377407074 0.19799999892712
			vertex 4.8028478622437 1.2254241704941 0.19799999892712
			vertex 4.9060750007629 1.1778401136398 0.19799999892712
		endloop
	endfacet
	facet normal 0 -0 -1
		outer loop
			vertex 4.7996387481689 1.2259800434113 0.19799999892712
			vertex 4.9060750007629 1.1778401136398 0.19799999892712
			vertex 4.7908873558044 1.2217615842819 0.19799999892712
		endloop
	endfacet
	facet normal 0 0 -1
		outer loop
			vertex 4.7780504226685 1.2205150127411 0.19799999892712
			vertex 4.7908873558044 1.2217615842819 0.19799999892712
			vertex 4.9060750007629 1.1778401136398 0.19799999892712
		endloop
	endfacet
	facet normal 0 0 -1
		outer loop
			vertex 4.8028478622437 1.2254241704941 0.19799999892712
			vertex 4.8064217567444 1.2278120517731 0.19799999892712
			vertex 4.9126448631287 1.2610000371933 0.19799999892712
		endloop
	endfacet
	facet normal 0 -0 -1
		outer loop
			vertex 4.8123450279236 1.2369086742401 0.19799999892712
			vertex 4.9126448631287 1.2610000371933 0.19799999892712
			vertex 4.8064217567444 1.2278120517731 0.19799999892712
		endloop
	endfacet
	facet normal 0 -0 -1
		outer loop
			vertex 4.8220233917236 1.2461936473846 0.19799999892712
			vertex 4.9126448631287 1.2610000371933 0.19799999892712
			vertex 4.8219084739685 1.2460836172104 0.19799999892712
		endloop
	endfacet
	facet normal 0 0 -1
		outer loop
			vertex 4.8123450279236 1.2369086742401 0.19799999892712
			vertex 4.8219084739685 1.2460836172104 0.19799999892712
			vertex 4.9126448631287 1.2610000371933 0.19799999892712
		endloop
	endfacet
	facet normal 0 0 -1
		outer loop
			vertex 4.8220233917236 1.2461936473846 0.19799999892712
			vertex 4.8568449020386 1.2796000242233 0.19799999892712
			vertex 4.9126448631287 1.2610000371933 0.19799999892712
		endloop
	endfacet
	facet normal -0.31622776601684 -0.94868329805051 0
		outer loop
			vertex 4.9593625068665 1.2454274892807 0.19799999892712
			vertex 4.9126448631287 1.2610000371933 0.19799999892712
			vertex 4.9126448631287 1.2610000371933 0
		endloop
	endfacet
	facet normal -0.31622776601684 -0.94868329805051 0
		outer loop
			vertex 4.9593625068665 1.2454274892807 0
			vertex 4.9593625068665 1.2454274892807 0.19799999892712
			vertex 4.9126448631287 1.2610000371933 0
		endloop
	endfacet
	facet normal -0.94852895286587 0.31669042545549 0
		outer loop
			vertex 4.9593625068665 1.2454274892807 0
			vertex 4.9592156410217 1.2449876070023 0
			vertex 4.9592156410217 1.2449876070023 0.19799999892712
		endloop
	endfacet
	facet normal -0.94852895286587 0.31669042545549 0
		outer loop
			vertex 4.9593625068665 1.2454274892807 0
			vertex 4.9592156410217 1.2449876070023 0.19799999892712
			vertex 4.9593625068665 1.2454274892807 0.19799999892712
		endloop
	endfacet
	facet normal 0 0 -1
		outer loop
			vertex 4.8028478622437 1.2254241704941 0.19799999892712
			vertex 4.9060750007629 1.1806260347366 0.19799999892712
			vertex 4.9060750007629 1.1778401136398 0.19799999892712
		endloop
	endfacet
	facet normal 0 0 -1
		outer loop
			vertex 4.9060750007629 1.1806260347366 0.19799999892712
			vertex 4.9465599060059 1.2070200443268 0.19799999892712
			vertex 4.9324989318848 1.1691588163376 0.19799999892712
		endloop
	endfacet
	facet normal 0 0 -1
		outer loop
			vertex 4.8028478622437 1.2254241704941 0.19799999892712
			vertex 4.9592156410217 1.2449876070023 0.19799999892712
			vertex 4.9060750007629 1.1806260347366 0.19799999892712
		endloop
	endfacet
	facet normal 0 0 -1
		outer loop
			vertex 4.8028478622437 1.2254241704941 0.19799999892712
			vertex 4.9126448631287 1.2610000371933 0.19799999892712
			vertex 4.9593625068665 1.2454274892807 0.19799999892712
		endloop
	endfacet
	facet normal 0 0 -1
		outer loop
			vertex 4.8028478622437 1.2254241704941 0.19799999892712
			vertex 4.9593625068665 1.2454274892807 0.19799999892712
			vertex 4.9592156410217 1.2449876070023 0.19799999892712
		endloop
	endfacet
	facet normal 0 0 -1
		outer loop
			vertex 4.9324989318848 1.1691588163376 0.19799999892712
			vertex 4.9465599060059 1.2070200443268 0.19799999892712
			vertex 4.934103012085 1.1696492433548 0.19799999892712
		endloop
	endfacet
	facet normal 0 0 -1
		outer loop
			vertex 4.9060750007629 1.1806260347366 0.19799999892712
			vertex 4.9592156410217 1.2449876070023 0.19799999892712
			vertex 4.9465599060059 1.2070200443268 0.19799999892712
		endloop
	endfacet
	facet normal 0 0 -1
		outer loop
			vertex 4.412832736969 1.2205150127411 0.19799999892712
			vertex 4.4067602157593 1.2610000371933 0.19799999892712
			vertex 4.4472451210022 1.2205150127411 0.19799999892712
		endloop
	endfacet
	facet normal 0 0 -1
		outer loop
			vertex 4.4472451210022 1.2205150127411 0.19799999892712
			vertex 4.4067602157593 1.2610000371933 0.19799999892712
			vertex 4.4472451210022 1.2928096055984 0.19799999892712
		endloop
	endfacet
	facet normal 0 1 0
		outer loop
			vertex 4.4472451210022 1.2205150127411 0
			vertex 4.4472451210022 1.2205150127411 0.19799999892712
			vertex 4.7780504226685 1.2205150127411 0
		endloop
	endfacet
	facet normal 0 -1 0
		outer loop
			vertex 4.4472451210022 1.3014849424362 0
			vertex 4.7780504226685 1.3014849424362 0.19799999892712
			vertex 4.4472451210022 1.3014849424362 0.19799999892712
		endloop
	endfacet
	facet normal 0 0 -1
		outer loop
			vertex 4.4472451210022 1.2205150127411 0.19799999892712
			vertex 4.4472451210022 1.2928096055984 0.19799999892712
			vertex 4.7691268920898 1.2238348722458 0.19799999892712
		endloop
	endfacet
	facet normal 0 0 -1
		outer loop
			vertex 4.4472451210022 1.2928096055984 0.19799999892712
			vertex 4.4472451210022 1.3014849424362 0.19799999892712
			vertex 4.7780504226685 1.3014849424362 0.19799999892712
		endloop
	endfacet
	facet normal 0 -1 0
		outer loop
			vertex 4.4472451210022 1.3014849424362 0
			vertex 4.7780504226685 1.3014849424362 0
			vertex 4.7780504226685 1.3014849424362 0.19799999892712
		endloop
	endfacet
	facet normal -0 1 0
		outer loop
			vertex 4.4472451210022 1.2205150127411 0.19799999892712
			vertex 4.7780504226685 1.2205150127411 0.19799999892712
			vertex 4.7780504226685 1.2205150127411 0
		endloop
	endfacet
	facet normal 0 0 -1
		outer loop
			vertex 4.4472451210022 1.2205150127411 0.19799999892712
			vertex 4.7729911804199 1.2228280305862 0.19799999892712
			vertex 4.7780504226685 1.2205150127411 0.19799999892712
		endloop
	endfacet
	facet normal 0 0 -1
		outer loop
			vertex 4.4472451210022 1.2205150127411 0.19799999892712
			vertex 4.7691268920898 1.2238348722458 0.19799999892712
			vertex 4.7729911804199 1.2228280305862 0.19799999892712
		endloop
	endfacet
	facet normal 0 0 -1
		outer loop
			vertex 4.7691268920898 1.2238348722458 0.19799999892712
			vertex 4.4472451210022 1.2928096055984 0.19799999892712
			vertex 4.7839136123657 1.2240653038025 0.19799999892712
		endloop
	endfacet
	facet normal 0 0 -1
		outer loop
			vertex 4.7839136123657 1.2240653038025 0.19799999892712
			vertex 4.4472451210022 1.2928096055984 0.19799999892712
			vertex 4.784619808197 1.2241513729095 0.19799999892712
		endloop
	endfacet
	facet normal 0 0 -1
		outer loop
			vertex 4.784619808197 1.2241513729095 0.19799999892712
			vertex 4.4472451210022 1.2928096055984 0.19799999892712
			vertex 4.784619808197 1.2610000371933 0.19799999892712
		endloop
	endfacet
	facet normal 0 0 -1
		outer loop
			vertex 4.4472451210022 1.2928096055984 0.19799999892712
			vertex 4.7780504226685 1.3014849424362 0.19799999892712
			vertex 4.7819890975952 1.3014849424362 0.19799999892712
		endloop
	endfacet
	facet normal 0 0 -1
		outer loop
			vertex 4.4472451210022 1.2928096055984 0.19799999892712
			vertex 4.7819890975952 1.3014849424362 0.19799999892712
			vertex 4.784619808197 1.2610000371933 0.19799999892712
		endloop
	endfacet
	facet normal 0 0 -1
		outer loop
			vertex 4.7780504226685 1.2205150127411 0.19799999892712
			vertex 4.7729911804199 1.2228280305862 0.19799999892712
			vertex 4.7742791175842 1.2225719690323 0.19799999892712
		endloop
	endfacet
	facet normal 0.98078448175191 -0.1950943370645 0
		outer loop
			vertex 4.3662748336792 1.5309000015259 0
			vertex 4.3693566322327 1.5463929176331 0
			vertex 4.3693566322327 1.5463929176331 0.19799999892712
		endloop
	endfacet
	facet normal 0.98078448175191 -0.1950943370645 0
		outer loop
			vertex 4.3662748336792 1.5309000015259 0
			vertex 4.3693566322327 1.5463929176331 0.19799999892712
			vertex 4.3662748336792 1.5309000015259 0.19799999892712
		endloop
	endfacet
	facet normal 0 0 -1
		outer loop
			vertex 4.3662748336792 1.5309000015259 0.19799999892712
			vertex 4.3693566322327 1.5463929176331 0.19799999892712
			vertex 4.3693566322327 1.5309000015259 0.19799999892712
		endloop
	endfacet
	facet normal 0 0 -1
		outer loop
			vertex 4.3724384307861 1.5309000015259 0.19799999892712
			vertex 4.3912672996521 1.55408680439 0.19799999892712
			vertex 4.3943486213684 1.5528103113174 0.19799999892712
		endloop
	endfacet
	facet normal 0 0 -1
		outer loop
			vertex 4.3724384307861 1.5309000015259 0.19799999892712
			vertex 4.3812146186829 1.54403424263 0.19799999892712
			vertex 4.3912672996521 1.55408680439 0.19799999892712
		endloop
	endfacet
	facet normal 0 0 -1
		outer loop
			vertex 4.3724384307861 1.5309000015259 0.19799999892712
			vertex 4.3693566322327 1.5463929176331 0.19799999892712
			vertex 4.3812146186829 1.54403424263 0.19799999892712
		endloop
	endfacet
	facet normal 0 0 -1
		outer loop
			vertex 4.3724384307861 1.5309000015259 0.19799999892712
			vertex 4.3943486213684 1.5528103113174 0.19799999892712
			vertex 4.4067602157593 1.5579512119293 0.19799999892712
		endloop
	endfacet
	facet normal 0 0 -1
		outer loop
			vertex 4.3724384307861 1.5309000015259 0.19799999892712
			vertex 4.4067602157593 1.5579512119293 0.19799999892712
			vertex 4.4067602157593 1.5309000015259 0.19799999892712
		endloop
	endfacet
	facet normal 0.98078462536944 0.1950936150645 0
		outer loop
			vertex 4.3693566322327 0.97560703754425 0
			vertex 4.3662748336792 0.99110001325607 0
			vertex 4.3662748336792 0.99110001325607 0.19799999892712
		endloop
	endfacet
	facet normal 0.55556542104504 0.83147282754102 -0
		outer loop
			vertex 4.3781328201294 0.96247279644012 0
			vertex 4.3781328201294 0.96247279644012 0.19799999892712
			vertex 4.3912672996521 0.95369672775269 0
		endloop
	endfacet
	facet normal 0.83146468287841 0.55557761035332 -0
		outer loop
			vertex 4.3693566322327 0.97560703754425 0
			vertex 4.3693566322327 0.97560703754425 0.19799999892712
			vertex 4.3781328201294 0.96247279644012 0
		endloop
	endfacet
	facet normal 0.19509070738589 0.98078520374834 -0
		outer loop
			vertex 4.3912672996521 0.95369672775269 0
			vertex 4.3912672996521 0.95369672775269 0.19799999892712
			vertex 4.4067602157593 0.95061498880386 0
		endloop
	endfacet
	facet normal 0.98078462536944 0.1950936150645 -0
		outer loop
			vertex 4.3693566322327 0.97560703754425 0
			vertex 4.3662748336792 0.99110001325607 0.19799999892712
			vertex 4.3693566322327 0.97560703754425 0.19799999892712
		endloop
	endfacet
	facet normal 0.55556542104504 0.83147282754102 -0
		outer loop
			vertex 4.3912672996521 0.95369672775269 0
			vertex 4.3781328201294 0.96247279644012 0.19799999892712
			vertex 4.3912672996521 0.95369672775269 0.19799999892712
		endloop
	endfacet
	facet normal 0.83146468287841 0.55557761035332 -0
		outer loop
			vertex 4.3781328201294 0.96247279644012 0
			vertex 4.3693566322327 0.97560703754425 0.19799999892712
			vertex 4.3781328201294 0.96247279644012 0.19799999892712
		endloop
	endfacet
	facet normal 0.19509070738589 0.98078520374834 -0
		outer loop
			vertex 4.4067602157593 0.95061498880386 0
			vertex 4.3912672996521 0.95369672775269 0.19799999892712
			vertex 4.4067602157593 0.95061498880386 0.19799999892712
		endloop
	endfacet
	facet normal 0 0 -1
		outer loop
			vertex 4.3693566322327 0.97560703754425 0.19799999892712
			vertex 4.4067602157593 0.99110001325607 0.19799999892712
			vertex 4.3781328201294 0.96247279644012 0.19799999892712
		endloop
	endfacet
	facet normal 0 0 -1
		outer loop
			vertex 4.3693566322327 0.97560703754425 0.19799999892712
			vertex 4.3662748336792 0.99110001325607 0.19799999892712
			vertex 4.4067602157593 0.99110001325607 0.19799999892712
		endloop
	endfacet
	facet normal 0 0 -1
		outer loop
			vertex 4.3912672996521 0.95369672775269 0.19799999892712
			vertex 4.4067602157593 0.99110001325607 0.19799999892712
			vertex 4.4067602157593 0.95061498880386 0.19799999892712
		endloop
	endfacet
	facet normal 0 0 -1
		outer loop
			vertex 4.3781328201294 0.96247279644012 0.19799999892712
			vertex 4.4067602157593 0.99110001325607 0.19799999892712
			vertex 4.3912672996521 0.95369672775269 0.19799999892712
		endloop
	endfacet
	facet normal -0.55556824672696 0.83147093949742 0
		outer loop
			vertex 4.8001127243042 0.95369672775269 0
			vertex 4.8001127243042 0.95369672775269 0.19799999892712
			vertex 4.8066453933716 0.95806169509888 0
		endloop
	endfacet
	facet normal -0.19509070738589 0.98078520374834 0
		outer loop
			vertex 4.784619808197 0.95061498880386 0
			vertex 4.784619808197 0.95061498880386 0.19799999892712
			vertex 4.8001127243042 0.95369672775269 0
		endloop
	endfacet
	facet normal -0.55556824672696 0.83147093949742 0
		outer loop
			vertex 4.8066453933716 0.95806169509888 0
			vertex 4.8001127243042 0.95369672775269 0.19799999892712
			vertex 4.8066453933716 0.95806169509888 0.19799999892712
		endloop
	endfacet
	facet normal -0.19509070738589 0.98078520374834 0
		outer loop
			vertex 4.8001127243042 0.95369672775269 0
			vertex 4.784619808197 0.95061498880386 0.19799999892712
			vertex 4.8001127243042 0.95369672775269 0.19799999892712
		endloop
	endfacet
	facet normal 0 0 -1
		outer loop
			vertex 4.784619808197 0.95061498880386 0.19799999892712
			vertex 4.8066453933716 0.95806169509888 0.19799999892712
			vertex 4.8001127243042 0.95369672775269 0.19799999892712
		endloop
	endfacet
	facet normal 0 0 -1
		outer loop
			vertex 4.784619808197 0.95061498880386 0.19799999892712
			vertex 4.784619808197 0.99110001325607 0.19799999892712
			vertex 4.8066453933716 0.95806169509888 0.19799999892712
		endloop
	endfacet
	facet normal -0.55556262493779 0.83147469580994 0
		outer loop
			vertex 4.9685854911804 1.0660216808319 0
			vertex 4.9685854911804 1.0660216808319 0.19799999892712
			vertex 4.9751873016357 1.0704327821732 0
		endloop
	endfacet
	facet normal -0.83146468287841 0.55557761035332 0
		outer loop
			vertex 4.9751873016357 1.0704327821732 0
			vertex 4.9751873016357 1.0704327821732 0.19799999892712
			vertex 4.9839634895325 1.0835670232773 0
		endloop
	endfacet
	facet normal -0.98079054452663 0.19506385561439 0
		outer loop
			vertex 4.9839634895325 1.0835670232773 0
			vertex 4.9839634895325 1.0835670232773 0.19799999892712
			vertex 4.9870448112488 1.0990600585938 0
		endloop
	endfacet
	facet normal -0.55556262493779 0.83147469580994 0
		outer loop
			vertex 4.9751873016357 1.0704327821732 0
			vertex 4.9685854911804 1.0660216808319 0.19799999892712
			vertex 4.9751873016357 1.0704327821732 0.19799999892712
		endloop
	endfacet
	facet normal -0.83146468287841 0.55557761035332 0
		outer loop
			vertex 4.9839634895325 1.0835670232773 0
			vertex 4.9751873016357 1.0704327821732 0.19799999892712
			vertex 4.9839634895325 1.0835670232773 0.19799999892712
		endloop
	endfacet
	facet normal -0.98079054452663 0.19506385561439 0
		outer loop
			vertex 4.9870448112488 1.0990600585938 0
			vertex 4.9839634895325 1.0835670232773 0.19799999892712
			vertex 4.9870448112488 1.0990600585938 0.19799999892712
		endloop
	endfacet
	facet normal 0 0 -1
		outer loop
			vertex 4.9465599060059 1.0990600585938 0.19799999892712
			vertex 4.9546127319336 1.0990600585938 0.19799999892712
			vertex 4.9685854911804 1.0660216808319 0.19799999892712
		endloop
	endfacet
	facet normal -0 0 -1
		outer loop
			vertex 4.9751873016357 1.0704327821732 0.19799999892712
			vertex 4.9685854911804 1.0660216808319 0.19799999892712
			vertex 4.962052822113 1.1323827505112 0.19799999892712
		endloop
	endfacet
	facet normal 0 0 -1
		outer loop
			vertex 4.9751873016357 1.0704327821732 0.19799999892712
			vertex 4.9870448112488 1.0990600585938 0.19799999892712
			vertex 4.9839634895325 1.0835670232773 0.19799999892712
		endloop
	endfacet
	facet normal 0 0 -1
		outer loop
			vertex 4.9546127319336 1.0990600585938 0.19799999892712
			vertex 4.962052822113 1.1323827505112 0.19799999892712
			vertex 4.9685854911804 1.0660216808319 0.19799999892712
		endloop
	endfacet
	facet normal 0 0 -1
		outer loop
			vertex 4.9751873016357 1.0704327821732 0.19799999892712
			vertex 4.962052822113 1.1323827505112 0.19799999892712
			vertex 4.9870448112488 1.0990600585938 0.19799999892712
		endloop
	endfacet
	facet normal -0.1950857893111 -0.98078618200343 0
		outer loop
			vertex 4.962052822113 1.2444232702255 0
			vertex 4.962052822113 1.2444232702255 0.19799999892712
			vertex 4.9592156410217 1.2449876070023 0
		endloop
	endfacet
	facet normal -0.55556542104504 -0.83147282754102 0
		outer loop
			vertex 4.962052822113 1.2444232702255 0
			vertex 4.9751873016357 1.2356472015381 0
			vertex 4.9751873016357 1.2356472015381 0.19799999892712
		endloop
	endfacet
	facet normal -0.98079025737698 -0.19506529941122 0
		outer loop
			vertex 4.9870448112488 1.2070200443268 0
			vertex 4.9870448112488 1.2070200443268 0.19799999892712
			vertex 4.9839634895325 1.222512960434 0
		endloop
	endfacet
	facet normal -0.83146468287841 -0.55557761035332 0
		outer loop
			vertex 4.9751873016357 1.2356472015381 0
			vertex 4.9839634895325 1.222512960434 0
			vertex 4.9839634895325 1.222512960434 0.19799999892712
		endloop
	endfacet
	facet normal -0.1950857893111 -0.98078618200343 0
		outer loop
			vertex 4.9592156410217 1.2449876070023 0
			vertex 4.962052822113 1.2444232702255 0.19799999892712
			vertex 4.9592156410217 1.2449876070023 0.19799999892712
		endloop
	endfacet
	facet normal -0.83146468287841 -0.55557761035332 0
		outer loop
			vertex 4.9751873016357 1.2356472015381 0
			vertex 4.9839634895325 1.222512960434 0.19799999892712
			vertex 4.9751873016357 1.2356472015381 0.19799999892712
		endloop
	endfacet
	facet normal -0.55556542104504 -0.83147282754102 0
		outer loop
			vertex 4.962052822113 1.2444232702255 0
			vertex 4.9751873016357 1.2356472015381 0.19799999892712
			vertex 4.962052822113 1.2444232702255 0.19799999892712
		endloop
	endfacet
	facet normal -0.98079025737698 -0.19506529941122 0
		outer loop
			vertex 4.9839634895325 1.222512960434 0
			vertex 4.9870448112488 1.2070200443268 0.19799999892712
			vertex 4.9839634895325 1.222512960434 0.19799999892712
		endloop
	endfacet
	facet normal 0 0 -1
		outer loop
			vertex 4.9465599060059 1.2070200443268 0.19799999892712
			vertex 4.9592156410217 1.2449876070023 0.19799999892712
			vertex 4.9870448112488 1.2070200443268 0.19799999892712
		endloop
	endfacet
	facet normal 0 0 -1
		outer loop
			vertex 4.9592156410217 1.2449876070023 0.19799999892712
			vertex 4.9839634895325 1.222512960434 0.19799999892712
			vertex 4.9870448112488 1.2070200443268 0.19799999892712
		endloop
	endfacet
	facet normal 0 0 -1
		outer loop
			vertex 4.9592156410217 1.2449876070023 0.19799999892712
			vertex 4.9751873016357 1.2356472015381 0.19799999892712
			vertex 4.9839634895325 1.222512960434 0.19799999892712
		endloop
	endfacet
	facet normal 0 0 -1
		outer loop
			vertex 4.9592156410217 1.2449876070023 0.19799999892712
			vertex 4.962052822113 1.2444232702255 0.19799999892712
			vertex 4.9751873016357 1.2356472015381 0.19799999892712
		endloop
	endfacet
	facet normal 0 0 -1
		outer loop
			vertex 4.7996387481689 1.2259800434113 0.19799999892712
			vertex 4.7918891906738 1.2649400234222 0.19799999892712
			vertex 4.8001127243042 1.2260377407074 0.19799999892712
		endloop
	endfacet
	facet normal 0 0 -1
		outer loop
			vertex 4.8001127243042 1.2260377407074 0.19799999892712
			vertex 4.7918891906738 1.2649400234222 0.19799999892712
			vertex 4.8132472038269 1.2482362985611 0.19799999892712
		endloop
	endfacet
	facet normal -0 0 -1
		outer loop
			vertex 4.8123450279236 1.2369086742401 0.19799999892712
			vertex 4.8064217567444 1.2278120517731 0.19799999892712
			vertex 4.8132472038269 1.2482362985611 0.19799999892712
		endloop
	endfacet
	facet normal 0 0 -1
		outer loop
			vertex 4.8001127243042 1.2260377407074 0.19799999892712
			vertex 4.8132472038269 1.2482362985611 0.19799999892712
			vertex 4.8028478622437 1.2254241704941 0.19799999892712
		endloop
	endfacet
	facet normal 0 0 -1
		outer loop
			vertex 4.8028478622437 1.2254241704941 0.19799999892712
			vertex 4.8132472038269 1.2482362985611 0.19799999892712
			vertex 4.8064217567444 1.2278120517731 0.19799999892712
		endloop
	endfacet
	facet normal 0 0 -1
		outer loop
			vertex 4.8123450279236 1.2369086742401 0.19799999892712
			vertex 4.8132472038269 1.2482362985611 0.19799999892712
			vertex 4.8219084739685 1.2460836172104 0.19799999892712
		endloop
	endfacet
	facet normal 0 0 -1
		outer loop
			vertex 4.8132472038269 1.2482362985611 0.19799999892712
			vertex 4.815601348877 1.2777922153473 0.19799999892712
			vertex 4.8219084739685 1.2460836172104 0.19799999892712
		endloop
	endfacet
	facet normal 0 0 -1
		outer loop
			vertex 4.8132472038269 1.2482362985611 0.19799999892712
			vertex 4.7918891906738 1.2649400234222 0.19799999892712
			vertex 4.8132472038269 1.2765161991119 0.19799999892712
		endloop
	endfacet
	facet normal 0 0 -1
		outer loop
			vertex 4.784619808197 1.2610000371933 0.19799999892712
			vertex 4.7819890975952 1.3014849424362 0.19799999892712
			vertex 4.7918891906738 1.2649400234222 0.19799999892712
		endloop
	endfacet
	facet normal 0 0 -1
		outer loop
			vertex 4.7819890975952 1.3014849424362 0.19799999892712
			vertex 4.8132472038269 1.2794516086578 0.19799999892712
			vertex 4.8132472038269 1.2765161991119 0.19799999892712
		endloop
	endfacet
	facet normal 0 0 -1
		outer loop
			vertex 4.7918891906738 1.2649400234222 0.19799999892712
			vertex 4.7819890975952 1.3014849424362 0.19799999892712
			vertex 4.8132472038269 1.2765161991119 0.19799999892712
		endloop
	endfacet
	facet normal 0 0 -1
		outer loop
			vertex 4.815601348877 1.2777922153473 0.19799999892712
			vertex 4.8568449020386 1.2796000242233 0.19799999892712
			vertex 4.8220233917236 1.2706325054169 0.19799999892712
		endloop
	endfacet
	facet normal 0 0 -1
		outer loop
			vertex 4.8220233917236 1.2461936473846 0.19799999892712
			vertex 4.8220233917236 1.2706325054169 0.19799999892712
			vertex 4.8568449020386 1.2796000242233 0.19799999892712
		endloop
	endfacet
	facet normal 0 0 -1
		outer loop
			vertex 4.7819890975952 1.3014849424362 0.19799999892712
			vertex 4.9060750007629 1.326829791069 0.19799999892712
			vertex 4.8132472038269 1.2794516086578 0.19799999892712
		endloop
	endfacet
	facet normal 0 0 -1
		outer loop
			vertex 4.8132472038269 1.2794516086578 0.19799999892712
			vertex 4.9060750007629 1.326829791069 0.19799999892712
			vertex 4.815601348877 1.2777922153473 0.19799999892712
		endloop
	endfacet
	facet normal 0 0 -1
		outer loop
			vertex 4.815601348877 1.2777922153473 0.19799999892712
			vertex 4.9060750007629 1.326829791069 0.19799999892712
			vertex 4.8568449020386 1.2796000242233 0.19799999892712
		endloop
	endfacet
	facet normal 0.31622882604891 -0.94868294470583 0
		outer loop
			vertex 4.7780504226685 1.3014849424362 0
			vertex 4.9060750007629 1.3441599607468 0
			vertex 4.9060750007629 1.3441599607468 0.19799999892712
		endloop
	endfacet
	facet normal 0.31622882604891 -0.94868294470583 0
		outer loop
			vertex 4.7780504226685 1.3014849424362 0
			vertex 4.9060750007629 1.3441599607468 0.19799999892712
			vertex 4.7780504226685 1.3014849424362 0.19799999892712
		endloop
	endfacet
	facet normal 0 0 -1
		outer loop
			vertex 4.7780504226685 1.3014849424362 0.19799999892712
			vertex 4.9060750007629 1.3441599607468 0.19799999892712
			vertex 4.7819890975952 1.3014849424362 0.19799999892712
		endloop
	endfacet
	facet normal 0 0 -1
		outer loop
			vertex 4.7819890975952 1.3014849424362 0.19799999892712
			vertex 4.9060750007629 1.3441599607468 0.19799999892712
			vertex 4.9060750007629 1.326829791069 0.19799999892712
		endloop
	endfacet
	facet normal -0.31622776601684 0.94868329805051 0
		outer loop
			vertex 4.9126448631287 1.2610000371933 0
			vertex 4.9126448631287 1.2610000371933 0.19799999892712
			vertex 4.9593625068665 1.2765725851059 0
		endloop
	endfacet
	facet normal -0.94852895286587 -0.31669042545549 0
		outer loop
			vertex 4.9593625068665 1.2765725851059 0
			vertex 4.9593625068665 1.2765725851059 0.19799999892712
			vertex 4.9592156410217 1.2770124673843 0
		endloop
	endfacet
	facet normal -0.31622776601684 0.94868329805051 0
		outer loop
			vertex 4.9593625068665 1.2765725851059 0
			vertex 4.9126448631287 1.2610000371933 0.19799999892712
			vertex 4.9593625068665 1.2765725851059 0.19799999892712
		endloop
	endfacet
	facet normal -0.94852895286587 -0.31669042545549 0
		outer loop
			vertex 4.9592156410217 1.2770124673843 0
			vertex 4.9593625068665 1.2765725851059 0.19799999892712
			vertex 4.9592156410217 1.2770124673843 0.19799999892712
		endloop
	endfacet
	facet normal 0 0 -1
		outer loop
			vertex 4.8568449020386 1.2796000242233 0.19799999892712
			vertex 4.9060750007629 1.326829791069 0.19799999892712
			vertex 4.9126448631287 1.2610000371933 0.19799999892712
		endloop
	endfacet
	facet normal 0 0 -1
		outer loop
			vertex 4.9126448631287 1.2610000371933 0.19799999892712
			vertex 4.9060750007629 1.326829791069 0.19799999892712
			vertex 4.9254274368286 1.2813450098038 0.19799999892712
		endloop
	endfacet
	facet normal 0 0 -1
		outer loop
			vertex 4.9126448631287 1.2610000371933 0.19799999892712
			vertex 4.9254274368286 1.2813450098038 0.19799999892712
			vertex 4.9593625068665 1.2765725851059 0.19799999892712
		endloop
	endfacet
	facet normal 0 0 -1
		outer loop
			vertex 4.9254274368286 1.2813450098038 0.19799999892712
			vertex 4.9592156410217 1.2770124673843 0.19799999892712
			vertex 4.9593625068665 1.2765725851059 0.19799999892712
		endloop
	endfacet
	facet normal 0 0 -1
		outer loop
			vertex 4.9254274368286 1.2813450098038 0.19799999892712
			vertex 4.9465599060059 1.3149800300598 0.19799999892712
			vertex 4.9592156410217 1.2770124673843 0.19799999892712
		endloop
	endfacet
	facet normal 0 0 -1
		outer loop
			vertex 4.9254274368286 1.2813450098038 0.19799999892712
			vertex 4.9060750007629 1.326829791069 0.19799999892712
			vertex 4.9101166725159 1.3256468772888 0.19799999892712
		endloop
	endfacet
	facet normal 0 0 -1
		outer loop
			vertex 4.9254274368286 1.2813450098038 0.19799999892712
			vertex 4.9101166725159 1.3256468772888 0.19799999892712
			vertex 4.9179329872131 1.323359131813 0.19799999892712
		endloop
	endfacet
	facet normal 1 0 0
		outer loop
			vertex 4.9060750007629 1.3441599607468 0
			vertex 4.9060750007629 1.4012731313705 0
			vertex 4.9060750007629 1.4012731313705 0.19799999892712
		endloop
	endfacet
	facet normal 1 0 0
		outer loop
			vertex 4.9060750007629 1.3441599607468 0
			vertex 4.9060750007629 1.4012731313705 0.19799999892712
			vertex 4.9060750007629 1.3441599607468 0.19799999892712
		endloop
	endfacet
	facet normal -1 0 0
		outer loop
			vertex 4.9870448112488 1.3149800300598 0
			vertex 4.9870448112488 1.3149800300598 0.19799999892712
			vertex 4.9870448112488 1.4229400157928 0
		endloop
	endfacet
	facet normal -1 0 0
		outer loop
			vertex 4.9870448112488 1.3149800300598 0.19799999892712
			vertex 4.9870448112488 1.4229400157928 0.19799999892712
			vertex 4.9870448112488 1.4229400157928 0
		endloop
	endfacet
	facet normal 0 0 -1
		outer loop
			vertex 4.9101166725159 1.3256468772888 0.19799999892712
			vertex 4.9060750007629 1.3441599607468 0.19799999892712
			vertex 4.9179329872131 1.3356133699417 0.19799999892712
		endloop
	endfacet
	facet normal 0 0 -1
		outer loop
			vertex 4.9060750007629 1.326829791069 0.19799999892712
			vertex 4.9060750007629 1.3441599607468 0.19799999892712
			vertex 4.9101166725159 1.3256468772888 0.19799999892712
		endloop
	endfacet
	facet normal 0 0 -1
		outer loop
			vertex 4.9179329872131 1.3356133699417 0.19799999892712
			vertex 4.9166254997253 1.3948059082031 0.19799999892712
			vertex 4.9465599060059 1.3149800300598 0.19799999892712
		endloop
	endfacet
	facet normal 0 0 -1
		outer loop
			vertex 4.9179329872131 1.3356133699417 0.19799999892712
			vertex 4.9060750007629 1.3441599607468 0.19799999892712
			vertex 4.9166254997253 1.3948059082031 0.19799999892712
		endloop
	endfacet
	facet normal 0 0 -1
		outer loop
			vertex 4.9060750007629 1.3441599607468 0.19799999892712
			vertex 4.9060750007629 1.4012731313705 0.19799999892712
			vertex 4.9166254997253 1.3948059082031 0.19799999892712
		endloop
	endfacet
	facet normal 0 0 -1
		outer loop
			vertex 4.9166254997253 1.3948059082031 0.19799999892712
			vertex 4.927508354187 1.3943623304367 0.19799999892712
			vertex 4.9465599060059 1.3149800300598 0.19799999892712
		endloop
	endfacet
	facet normal 0 0 -1
		outer loop
			vertex 4.9161524772644 1.3960665464401 0.19799999892712
			vertex 4.927508354187 1.3943623304367 0.19799999892712
			vertex 4.9166254997253 1.3948059082031 0.19799999892712
		endloop
	endfacet
	facet normal 0 0 -1
		outer loop
			vertex 4.927508354187 1.3943623304367 0.19799999892712
			vertex 4.9220566749573 1.4229400157928 0.19799999892712
			vertex 4.941575050354 1.4229400157928 0.19799999892712
		endloop
	endfacet
	facet normal 0 0 -1
		outer loop
			vertex 4.9465599060059 1.3149800300598 0.19799999892712
			vertex 4.962052822113 1.3483027219772 0.19799999892712
			vertex 4.9546127319336 1.3149800300598 0.19799999892712
		endloop
	endfacet
	facet normal 0 0 -1
		outer loop
			vertex 4.927508354187 1.3943623304367 0.19799999892712
			vertex 4.941575050354 1.4229400157928 0.19799999892712
			vertex 4.9465599060059 1.3149800300598 0.19799999892712
		endloop
	endfacet
	facet normal 0 0 -1
		outer loop
			vertex 4.9465599060059 1.3149800300598 0.19799999892712
			vertex 4.941575050354 1.4229400157928 0.19799999892712
			vertex 4.962052822113 1.3483027219772 0.19799999892712
		endloop
	endfacet
	facet normal 0 0 -1
		outer loop
			vertex 4.962052822113 1.3483027219772 0.19799999892712
			vertex 4.941575050354 1.4229400157928 0.19799999892712
			vertex 4.9870448112488 1.4229400157928 0.19799999892712
		endloop
	endfacet
	facet normal 0 0 -1
		outer loop
			vertex 4.9870448112488 1.3149800300598 0.19799999892712
			vertex 4.962052822113 1.3483027219772 0.19799999892712
			vertex 4.9870448112488 1.4229400157928 0.19799999892712
		endloop
	endfacet
	facet normal 0.55470019622523 0.83205029433784 -0
		outer loop
			vertex 4.7723622322083 1.4904149770737 0
			vertex 4.7723622322083 1.4904149770737 0.19799999892712
			vertex 4.9060750007629 1.4012731313705 0
		endloop
	endfacet
	facet normal 0.55470019622523 0.83205029433784 0
		outer loop
			vertex 4.7723622322083 1.4904149770737 0.19799999892712
			vertex 4.9060750007629 1.4012731313705 0.19799999892712
			vertex 4.9060750007629 1.4012731313705 0
		endloop
	endfacet
	facet normal 0 0 -1
		outer loop
			vertex 4.7871623039246 1.4909206628799 0.19799999892712
			vertex 4.7906761169434 1.4916195869446 0.19799999892712
			vertex 4.9161524772644 1.3960665464401 0.19799999892712
		endloop
	endfacet
	facet normal 0 0 -1
		outer loop
			vertex 4.7723622322083 1.4904149770737 0.19799999892712
			vertex 4.784619808197 1.4928079843521 0.19799999892712
			vertex 4.9060750007629 1.4012731313705 0.19799999892712
		endloop
	endfacet
	facet normal 0 0 -1
		outer loop
			vertex 4.784619808197 1.4928079843521 0.19799999892712
			vertex 4.7871623039246 1.4909206628799 0.19799999892712
			vertex 4.9060750007629 1.4012731313705 0.19799999892712
		endloop
	endfacet
	facet normal 0 0 -1
		outer loop
			vertex 4.7906761169434 1.4916195869446 0.19799999892712
			vertex 4.7934288978577 1.5270994901657 0.19799999892712
			vertex 4.9465599060059 1.4610320329666 0.19799999892712
		endloop
	endfacet
	facet normal 0 0 -1
		outer loop
			vertex 4.7934288978577 1.5270994901657 0.19799999892712
			vertex 4.7908225059509 1.5402035713196 0.19799999892712
			vertex 4.9465599060059 1.4610320329666 0.19799999892712
		endloop
	endfacet
	facet normal -0.55469991353335 -0.83205048279902 0
		outer loop
			vertex 4.8070769309998 1.5645855665207 0
			vertex 4.9690170288086 1.4566255807877 0
			vertex 4.9690170288086 1.4566255807877 0.19799999892712
		endloop
	endfacet
	facet normal -0.83205029433784 0.55470019622523 0
		outer loop
			vertex 4.9690170288086 1.4566255807877 0
			vertex 4.9685854911804 1.4559782743454 0
			vertex 4.9685854911804 1.4559782743454 0.19799999892712
		endloop
	endfacet
	facet normal -0.83205029433784 0.55470019622523 0
		outer loop
			vertex 4.9690170288086 1.4566255807877 0
			vertex 4.9685854911804 1.4559782743454 0.19799999892712
			vertex 4.9690170288086 1.4566255807877 0.19799999892712
		endloop
	endfacet
	facet normal 0 0 -1
		outer loop
			vertex 4.9161524772644 1.3960665464401 0.19799999892712
			vertex 4.9220566749573 1.4229400157928 0.19799999892712
			vertex 4.927508354187 1.3943623304367 0.19799999892712
		endloop
	endfacet
	facet normal 0 0 -1
		outer loop
			vertex 4.7871623039246 1.4909206628799 0.19799999892712
			vertex 4.9166254997253 1.3948059082031 0.19799999892712
			vertex 4.9060750007629 1.4012731313705 0.19799999892712
		endloop
	endfacet
	facet normal 0 0 -1
		outer loop
			vertex 4.7871623039246 1.4909206628799 0.19799999892712
			vertex 4.9161524772644 1.3960665464401 0.19799999892712
			vertex 4.9166254997253 1.3948059082031 0.19799999892712
		endloop
	endfacet
	facet normal 0 0 -1
		outer loop
			vertex 4.7906761169434 1.4916195869446 0.19799999892712
			vertex 4.9220566749573 1.4229400157928 0.19799999892712
			vertex 4.9161524772644 1.3960665464401 0.19799999892712
		endloop
	endfacet
	facet normal 0 0 -1
		outer loop
			vertex 4.7906761169434 1.4916195869446 0.19799999892712
			vertex 4.9465599060059 1.4610320329666 0.19799999892712
			vertex 4.9220566749573 1.4229400157928 0.19799999892712
		endloop
	endfacet
	facet normal 0 0 -1
		outer loop
			vertex 4.8070769309998 1.5645855665207 0.19799999892712
			vertex 4.9670348167419 1.4570145606995 0.19799999892712
			vertex 4.9465599060059 1.4610320329666 0.19799999892712
		endloop
	endfacet
	facet normal 0 0 -1
		outer loop
			vertex 4.8070769309998 1.5645855665207 0.19799999892712
			vertex 4.9690170288086 1.4566255807877 0.19799999892712
			vertex 4.9670348167419 1.4570145606995 0.19799999892712
		endloop
	endfacet
	facet normal 0 0 -1
		outer loop
			vertex 4.9220566749573 1.4229400157928 0.19799999892712
			vertex 4.9465599060059 1.4610320329666 0.19799999892712
			vertex 4.941575050354 1.4229400157928 0.19799999892712
		endloop
	endfacet
	facet normal 0 0 -1
		outer loop
			vertex 4.9670348167419 1.4570145606995 0.19799999892712
			vertex 4.9690170288086 1.4566255807877 0.19799999892712
			vertex 4.9685854911804 1.4559782743454 0.19799999892712
		endloop
	endfacet
	facet normal 0.83205029433784 -0.55470019622523 0
		outer loop
			vertex 4.8070769309998 1.5645855665207 0
			vertex 4.8070769309998 1.5645855665207 0.19799999892712
			vertex 4.8066453933716 1.5639382600784 0
		endloop
	endfacet
	facet normal 0.83205029433784 -0.55470019622523 0
		outer loop
			vertex 4.8066453933716 1.5639382600784 0
			vertex 4.8070769309998 1.5645855665207 0.19799999892712
			vertex 4.8066453933716 1.5639382600784 0.19799999892712
		endloop
	endfacet
	facet normal -0.55469991353335 -0.83205048279902 0
		outer loop
			vertex 4.8070769309998 1.5645855665207 0
			vertex 4.9690170288086 1.4566255807877 0.19799999892712
			vertex 4.8070769309998 1.5645855665207 0.19799999892712
		endloop
	endfacet
	facet normal 0 0 -1
		outer loop
			vertex 4.8022828102112 1.5573942661285 0.19799999892712
			vertex 4.8066453933716 1.5639382600784 0.19799999892712
			vertex 4.9465599060059 1.4610320329666 0.19799999892712
		endloop
	endfacet
	facet normal 0 0 -1
		outer loop
			vertex 4.7908225059509 1.5402035713196 0.19799999892712
			vertex 4.8022828102112 1.5573942661285 0.19799999892712
			vertex 4.9465599060059 1.4610320329666 0.19799999892712
		endloop
	endfacet
	facet normal 0 -0 -1
		outer loop
			vertex 4.8070769309998 1.5645855665207 0.19799999892712
			vertex 4.9465599060059 1.4610320329666 0.19799999892712
			vertex 4.8066453933716 1.5639382600784 0.19799999892712
		endloop
	endfacet
	facet normal 0 1 0
		outer loop
			vertex 4.4472451210022 1.4904149770737 0
			vertex 4.4472451210022 1.4904149770737 0.19799999892712
			vertex 4.7723622322083 1.4904149770737 0
		endloop
	endfacet
	facet normal 0 0 -1
		outer loop
			vertex 4.4472451210022 1.4904149770737 0.19799999892712
			vertex 4.4472451210022 1.4990903139114 0.19799999892712
			vertex 4.7723622322083 1.4904149770737 0.19799999892712
		endloop
	endfacet
	facet normal -0 1 0
		outer loop
			vertex 4.4472451210022 1.4904149770737 0.19799999892712
			vertex 4.7723622322083 1.4904149770737 0.19799999892712
			vertex 4.7723622322083 1.4904149770737 0
		endloop
	endfacet
	facet normal 0 0 -1
		outer loop
			vertex 4.4472451210022 1.4990903139114 0.19799999892712
			vertex 4.784619808197 1.4928079843521 0.19799999892712
			vertex 4.7723622322083 1.4904149770737 0.19799999892712
		endloop
	endfacet
	facet normal 0 -1 0
		outer loop
			vertex 4.4067602157593 1.5713850259781 0
			vertex 4.784619808197 1.5713850259781 0.19799999892712
			vertex 4.4067602157593 1.5713850259781 0.19799999892712
		endloop
	endfacet
	facet normal 0 0 -1
		outer loop
			vertex 4.4067602157593 1.5309000015259 0.19799999892712
			vertex 4.784619808197 1.5713850259781 0.19799999892712
			vertex 4.4472451210022 1.4990903139114 0.19799999892712
		endloop
	endfacet
	facet normal 0 0 -1
		outer loop
			vertex 4.4067602157593 1.5309000015259 0.19799999892712
			vertex 4.4067602157593 1.5579512119293 0.19799999892712
			vertex 4.784619808197 1.5713850259781 0.19799999892712
		endloop
	endfacet
	facet normal 0 0 -1
		outer loop
			vertex 4.4067602157593 1.5713850259781 0.19799999892712
			vertex 4.784619808197 1.5713850259781 0.19799999892712
			vertex 4.4067602157593 1.5579512119293 0.19799999892712
		endloop
	endfacet
	facet normal 0 -1 0
		outer loop
			vertex 4.4067602157593 1.5713850259781 0
			vertex 4.784619808197 1.5713850259781 0
			vertex 4.784619808197 1.5713850259781 0.19799999892712
		endloop
	endfacet
	facet normal 0 0 -1
		outer loop
			vertex 4.4472451210022 1.4990903139114 0.19799999892712
			vertex 4.784619808197 1.5713850259781 0.19799999892712
			vertex 4.784619808197 1.4928079843521 0.19799999892712
		endloop
	endfacet
	facet normal 0 0 -1
		outer loop
			vertex 4.7691268920898 1.2238348722458 0.19799999892712
			vertex 4.7742791175842 1.2225719690323 0.19799999892712
			vertex 4.7729911804199 1.2228280305862 0.19799999892712
		endloop
	endfacet
	facet normal 0 0 -1
		outer loop
			vertex 4.7691268920898 1.2238348722458 0.19799999892712
			vertex 4.7839136123657 1.2240653038025 0.19799999892712
			vertex 4.7742791175842 1.2225719690323 0.19799999892712
		endloop
	endfacet
	facet normal 0 0 -1
		outer loop
			vertex 4.784619808197 1.2241513729095 0.19799999892712
			vertex 4.784619808197 1.2610000371933 0.19799999892712
			vertex 4.7918891906738 1.2649400234222 0.19799999892712
		endloop
	endfacet
	facet normal 0 0 -1
		outer loop
			vertex 4.784619808197 1.2241513729095 0.19799999892712
			vertex 4.7918891906738 1.2649400234222 0.19799999892712
			vertex 4.7908873558044 1.2217615842819 0.19799999892712
		endloop
	endfacet
	facet normal -0 0 -1
		outer loop
			vertex 4.7996387481689 1.2259800434113 0.19799999892712
			vertex 4.7908873558044 1.2217615842819 0.19799999892712
			vertex 4.7918891906738 1.2649400234222 0.19799999892712
		endloop
	endfacet
	facet normal 0 0 -1
		outer loop
			vertex 4.8132472038269 1.2794516086578 0.19799999892712
			vertex 4.815601348877 1.2777922153473 0.19799999892712
			vertex 4.8132472038269 1.2765161991119 0.19799999892712
		endloop
	endfacet
	facet normal 0 0 -1
		outer loop
			vertex 4.8132472038269 1.2482362985611 0.19799999892712
			vertex 4.8132472038269 1.2765161991119 0.19799999892712
			vertex 4.815601348877 1.2777922153473 0.19799999892712
		endloop
	endfacet
	facet normal 0 0 -1
		outer loop
			vertex 4.8219084739685 1.2460836172104 0.19799999892712
			vertex 4.815601348877 1.2777922153473 0.19799999892712
			vertex 4.8220233917236 1.2706325054169 0.19799999892712
		endloop
	endfacet
	facet normal -0 0 -1
		outer loop
			vertex 4.8220233917236 1.2461936473846 0.19799999892712
			vertex 4.8219084739685 1.2460836172104 0.19799999892712
			vertex 4.8220233917236 1.2706325054169 0.19799999892712
		endloop
	endfacet
	facet normal -0.1950461477001 0.98079406618686 0
		outer loop
			vertex 4.9592156410217 1.2770124673843 0
			vertex 4.9592156410217 1.2770124673843 0.19799999892712
			vertex 4.962052822113 1.2775766849518 0
		endloop
	endfacet
	facet normal -0.55556542104504 0.83147282754102 0
		outer loop
			vertex 4.962052822113 1.2775766849518 0
			vertex 4.962052822113 1.2775766849518 0.19799999892712
			vertex 4.9751873016357 1.2863527536392 0
		endloop
	endfacet
	facet normal -0.83146701222603 0.55557412428939 0
		outer loop
			vertex 4.9751873016357 1.2863527536392 0
			vertex 4.9751873016357 1.2863527536392 0.19799999892712
			vertex 4.9839634895325 1.2994871139526 0
		endloop
	endfacet
	facet normal -0.1950461477001 0.98079406618686 0
		outer loop
			vertex 4.962052822113 1.2775766849518 0
			vertex 4.9592156410217 1.2770124673843 0.19799999892712
			vertex 4.962052822113 1.2775766849518 0.19799999892712
		endloop
	endfacet
	facet normal -0.55556542104504 0.83147282754102 0
		outer loop
			vertex 4.9751873016357 1.2863527536392 0
			vertex 4.962052822113 1.2775766849518 0.19799999892712
			vertex 4.9751873016357 1.2863527536392 0.19799999892712
		endloop
	endfacet
	facet normal -0.83146701222603 0.55557412428939 0
		outer loop
			vertex 4.9839634895325 1.2994871139526 0
			vertex 4.9751873016357 1.2863527536392 0.19799999892712
			vertex 4.9839634895325 1.2994871139526 0.19799999892712
		endloop
	endfacet
	facet normal 0 0 -1
		outer loop
			vertex 4.9592156410217 1.2770124673843 0.19799999892712
			vertex 4.9546127319336 1.3149800300598 0.19799999892712
			vertex 4.962052822113 1.2775766849518 0.19799999892712
		endloop
	endfacet
	facet normal 0 0 -1
		outer loop
			vertex 4.9592156410217 1.2770124673843 0.19799999892712
			vertex 4.9465599060059 1.3149800300598 0.19799999892712
			vertex 4.9546127319336 1.3149800300598 0.19799999892712
		endloop
	endfacet
	facet normal 0 0 -1
		outer loop
			vertex 4.962052822113 1.2775766849518 0.19799999892712
			vertex 4.962052822113 1.3483027219772 0.19799999892712
			vertex 4.9751873016357 1.2863527536392 0.19799999892712
		endloop
	endfacet
	facet normal 0 0 -1
		outer loop
			vertex 4.9751873016357 1.2863527536392 0.19799999892712
			vertex 4.9870448112488 1.3149800300598 0.19799999892712
			vertex 4.9839634895325 1.2994871139526 0.19799999892712
		endloop
	endfacet
	facet normal -0.98079025737698 0.19506529941122 0
		outer loop
			vertex 4.9839634895325 1.2994871139526 0
			vertex 4.9839634895325 1.2994871139526 0.19799999892712
			vertex 4.9870448112488 1.3149800300598 0
		endloop
	endfacet
	facet normal -0.98079025737698 0.19506529941122 0
		outer loop
			vertex 4.9870448112488 1.3149800300598 0
			vertex 4.9839634895325 1.2994871139526 0.19799999892712
			vertex 4.9870448112488 1.3149800300598 0.19799999892712
		endloop
	endfacet
	facet normal 0 0 -1
		outer loop
			vertex 4.9101166725159 1.3256468772888 0.19799999892712
			vertex 4.9179329872131 1.3356133699417 0.19799999892712
			vertex 4.9179329872131 1.323359131813 0.19799999892712
		endloop
	endfacet
	facet normal 0 0 -1
		outer loop
			vertex 4.9254274368286 1.2813450098038 0.19799999892712
			vertex 4.9179329872131 1.323359131813 0.19799999892712
			vertex 4.9465599060059 1.3149800300598 0.19799999892712
		endloop
	endfacet
	facet normal 0 0 -1
		outer loop
			vertex 4.9179329872131 1.3356133699417 0.19799999892712
			vertex 4.9465599060059 1.3149800300598 0.19799999892712
			vertex 4.9179329872131 1.323359131813 0.19799999892712
		endloop
	endfacet
	facet normal 0 0 -1
		outer loop
			vertex 4.962052822113 1.2775766849518 0.19799999892712
			vertex 4.9546127319336 1.3149800300598 0.19799999892712
			vertex 4.962052822113 1.3483027219772 0.19799999892712
		endloop
	endfacet
	facet normal 0 0 -1
		outer loop
			vertex 4.9751873016357 1.2863527536392 0.19799999892712
			vertex 4.962052822113 1.3483027219772 0.19799999892712
			vertex 4.9870448112488 1.3149800300598 0.19799999892712
		endloop
	endfacet
	facet normal -0.55556262493779 -0.83147469580994 0
		outer loop
			vertex 4.9751873016357 1.4515671730042 0
			vertex 4.9751873016357 1.4515671730042 0.19799999892712
			vertex 4.9685854911804 1.4559782743454 0
		endloop
	endfacet
	facet normal -0.98079025737698 -0.19506529941122 0
		outer loop
			vertex 4.9870448112488 1.4229400157928 0
			vertex 4.9870448112488 1.4229400157928 0.19799999892712
			vertex 4.9839634895325 1.4384329319 0
		endloop
	endfacet
	facet normal -0.83146468287841 -0.55557761035332 0
		outer loop
			vertex 4.9751873016357 1.4515671730042 0
			vertex 4.9839634895325 1.4384329319 0
			vertex 4.9839634895325 1.4384329319 0.19799999892712
		endloop
	endfacet
	facet normal -0.55556262493779 -0.83147469580994 0
		outer loop
			vertex 4.9685854911804 1.4559782743454 0
			vertex 4.9751873016357 1.4515671730042 0.19799999892712
			vertex 4.9685854911804 1.4559782743454 0.19799999892712
		endloop
	endfacet
	facet normal -0.83146468287841 -0.55557761035332 0
		outer loop
			vertex 4.9751873016357 1.4515671730042 0
			vertex 4.9839634895325 1.4384329319 0.19799999892712
			vertex 4.9751873016357 1.4515671730042 0.19799999892712
		endloop
	endfacet
	facet normal -0.98079025737698 -0.19506529941122 0
		outer loop
			vertex 4.9839634895325 1.4384329319 0
			vertex 4.9870448112488 1.4229400157928 0.19799999892712
			vertex 4.9839634895325 1.4384329319 0.19799999892712
		endloop
	endfacet
	facet normal 0 0 -1
		outer loop
			vertex 4.941575050354 1.4229400157928 0.19799999892712
			vertex 4.9465599060059 1.4610320329666 0.19799999892712
			vertex 4.9670348167419 1.4570145606995 0.19799999892712
		endloop
	endfacet
	facet normal 0 0 -1
		outer loop
			vertex 4.941575050354 1.4229400157928 0.19799999892712
			vertex 4.9670348167419 1.4570145606995 0.19799999892712
			vertex 4.9685854911804 1.4559782743454 0.19799999892712
		endloop
	endfacet
	facet normal 0 0 -1
		outer loop
			vertex 4.941575050354 1.4229400157928 0.19799999892712
			vertex 4.9685854911804 1.4559782743454 0.19799999892712
			vertex 4.9751873016357 1.4515671730042 0.19799999892712
		endloop
	endfacet
	facet normal 0 0 -1
		outer loop
			vertex 4.941575050354 1.4229400157928 0.19799999892712
			vertex 4.9839634895325 1.4384329319 0.19799999892712
			vertex 4.9870448112488 1.4229400157928 0.19799999892712
		endloop
	endfacet
	facet normal 0 0 -1
		outer loop
			vertex 4.941575050354 1.4229400157928 0.19799999892712
			vertex 4.9751873016357 1.4515671730042 0.19799999892712
			vertex 4.9839634895325 1.4384329319 0.19799999892712
		endloop
	endfacet
	facet normal 0 0 -1
		outer loop
			vertex 4.784619808197 1.4928079843521 0.19799999892712
			vertex 4.7906761169434 1.4916195869446 0.19799999892712
			vertex 4.7871623039246 1.4909206628799 0.19799999892712
		endloop
	endfacet
	facet normal 0 0 -1
		outer loop
			vertex 4.784619808197 1.4928079843521 0.19799999892712
			vertex 4.7934288978577 1.5270994901657 0.19799999892712
			vertex 4.7906761169434 1.4916195869446 0.19799999892712
		endloop
	endfacet
	facet normal -0.55556824672696 -0.83147093949742 0
		outer loop
			vertex 4.8001127243042 1.5683032274246 0
			vertex 4.8066453933716 1.5639382600784 0
			vertex 4.8066453933716 1.5639382600784 0.19799999892712
		endloop
	endfacet
	facet normal -0.1950943370645 -0.98078448175191 0
		outer loop
			vertex 4.784619808197 1.5713850259781 0
			vertex 4.8001127243042 1.5683032274246 0
			vertex 4.8001127243042 1.5683032274246 0.19799999892712
		endloop
	endfacet
	facet normal -0.1950943370645 -0.98078448175191 0
		outer loop
			vertex 4.784619808197 1.5713850259781 0
			vertex 4.8001127243042 1.5683032274246 0.19799999892712
			vertex 4.784619808197 1.5713850259781 0.19799999892712
		endloop
	endfacet
	facet normal -0.55556824672696 -0.83147093949742 0
		outer loop
			vertex 4.8001127243042 1.5683032274246 0
			vertex 4.8066453933716 1.5639382600784 0.19799999892712
			vertex 4.8001127243042 1.5683032274246 0.19799999892712
		endloop
	endfacet
	facet normal 0 0 -1
		outer loop
			vertex 4.784619808197 1.4928079843521 0.19799999892712
			vertex 4.784619808197 1.5713850259781 0.19799999892712
			vertex 4.7908225059509 1.5402035713196 0.19799999892712
		endloop
	endfacet
	facet normal 0 0 -1
		outer loop
			vertex 4.784619808197 1.4928079843521 0.19799999892712
			vertex 4.7908225059509 1.5402035713196 0.19799999892712
			vertex 4.7934288978577 1.5270994901657 0.19799999892712
		endloop
	endfacet
	facet normal 0 0 -1
		outer loop
			vertex 4.784619808197 1.5713850259781 0.19799999892712
			vertex 4.8022828102112 1.5573942661285 0.19799999892712
			vertex 4.7908225059509 1.5402035713196 0.19799999892712
		endloop
	endfacet
	facet normal 0 0 -1
		outer loop
			vertex 4.8001127243042 1.5683032274246 0.19799999892712
			vertex 4.8066453933716 1.5639382600784 0.19799999892712
			vertex 4.8022828102112 1.5573942661285 0.19799999892712
		endloop
	endfacet
	facet normal 0 0 -1
		outer loop
			vertex 4.784619808197 1.5713850259781 0.19799999892712
			vertex 4.8001127243042 1.5683032274246 0.19799999892712
			vertex 4.8022828102112 1.5573942661285 0.19799999892712
		endloop
	endfacet
	facet normal 0.83146468287841 -0.55557761035332 0
		outer loop
			vertex 4.3693566322327 1.5463929176331 0
			vertex 4.3781328201294 1.5595271587372 0
			vertex 4.3781328201294 1.5595271587372 0.19799999892712
		endloop
	endfacet
	facet normal 0.55556542104504 -0.83147282754102 0
		outer loop
			vertex 4.3781328201294 1.5595271587372 0
			vertex 4.3912672996521 1.5683032274246 0
			vertex 4.3912672996521 1.5683032274246 0.19799999892712
		endloop
	endfacet
	facet normal 0.1950943370645 -0.98078448175191 0
		outer loop
			vertex 4.3912672996521 1.5683032274246 0
			vertex 4.4067602157593 1.5713850259781 0
			vertex 4.4067602157593 1.5713850259781 0.19799999892712
		endloop
	endfacet
	facet normal 0.83146468287841 -0.55557761035332 0
		outer loop
			vertex 4.3693566322327 1.5463929176331 0
			vertex 4.3781328201294 1.5595271587372 0.19799999892712
			vertex 4.3693566322327 1.5463929176331 0.19799999892712
		endloop
	endfacet
	facet normal 0.55556542104504 -0.83147282754102 0
		outer loop
			vertex 4.3781328201294 1.5595271587372 0
			vertex 4.3912672996521 1.5683032274246 0.19799999892712
			vertex 4.3781328201294 1.5595271587372 0.19799999892712
		endloop
	endfacet
	facet normal 0.1950943370645 -0.98078448175191 0
		outer loop
			vertex 4.3912672996521 1.5683032274246 0
			vertex 4.4067602157593 1.5713850259781 0.19799999892712
			vertex 4.3912672996521 1.5683032274246 0.19799999892712
		endloop
	endfacet
	facet normal 0 0 -1
		outer loop
			vertex 4.3693566322327 1.5309000015259 0.19799999892712
			vertex 4.3693566322327 1.5463929176331 0.19799999892712
			vertex 4.3724384307861 1.5309000015259 0.19799999892712
		endloop
	endfacet
	facet normal 0 0 -1
		outer loop
			vertex 4.3812146186829 1.54403424263 0.19799999892712
			vertex 4.3781328201294 1.5595271587372 0.19799999892712
			vertex 4.3912672996521 1.55408680439 0.19799999892712
		endloop
	endfacet
	facet normal 0 0 -1
		outer loop
			vertex 4.3693566322327 1.5463929176331 0.19799999892712
			vertex 4.3781328201294 1.5595271587372 0.19799999892712
			vertex 4.3812146186829 1.54403424263 0.19799999892712
		endloop
	endfacet
	facet normal 0 0 -1
		outer loop
			vertex 4.3781328201294 1.5595271587372 0.19799999892712
			vertex 4.3912672996521 1.5683032274246 0.19799999892712
			vertex 4.3912672996521 1.55408680439 0.19799999892712
		endloop
	endfacet
	facet normal 0 0 -1
		outer loop
			vertex 4.3943486213684 1.5528103113174 0.19799999892712
			vertex 4.3912672996521 1.5683032274246 0.19799999892712
			vertex 4.4067602157593 1.5579512119293 0.19799999892712
		endloop
	endfacet
	facet normal 0 0 -1
		outer loop
			vertex 4.3912672996521 1.55408680439 0.19799999892712
			vertex 4.3912672996521 1.5683032274246 0.19799999892712
			vertex 4.3943486213684 1.5528103113174 0.19799999892712
		endloop
	endfacet
	facet normal 0 0 -1
		outer loop
			vertex 4.3912672996521 1.5683032274246 0.19799999892712
			vertex 4.4067602157593 1.5713850259781 0.19799999892712
			vertex 4.4067602157593 1.5579512119293 0.19799999892712
		endloop
	endfacet
	facet normal 0.70710853543918 -0.70710502692957 0
		outer loop
			vertex 12.516470909119 1.0315849781036 0
			vertex 12.612572669983 1.1276872158051 0.19799999892712
			vertex 12.516470909119 1.0315849781036 0.19799999892712
		endloop
	endfacet
	facet normal 0 0 -1
		outer loop
			vertex 12.533240318298 0.99110001325607 0.19799999892712
			vertex 12.516470909119 1.0315849781036 0.19799999892712
			vertex 12.612572669983 1.1276872158051 0.19799999892712
		endloop
	endfacet
	facet normal -0.70710443883099 0.70710912353434 0
		outer loop
			vertex 12.561866760254 0.96247279644012 0
			vertex 12.561866760254 0.96247279644012 0.19799999892712
			vertex 12.669827461243 1.0704327821732 0.19799999892712
		endloop
	endfacet
	facet normal -0.70710443883099 0.70710912353434 0
		outer loop
			vertex 12.561866760254 0.96247279644012 0
			vertex 12.669827461243 1.0704327821732 0.19799999892712
			vertex 12.669827461243 1.0704327821732 0
		endloop
	endfacet
	facet normal 0 0 -1
		outer loop
			vertex 12.533240318298 0.99110001325607 0.19799999892712
			vertex 12.612572669983 1.1276872158051 0.19799999892712
			vertex 12.561866760254 0.96247279644012 0.19799999892712
		endloop
	endfacet
	facet normal 0 0 -1
		outer loop
			vertex 12.561866760254 0.96247279644012 0.19799999892712
			vertex 12.612572669983 1.1276872158051 0.19799999892712
			vertex 12.669827461243 1.0704327821732 0.19799999892712
		endloop
	endfacet
	facet normal 0.70710853543918 -0.70710502692957 0
		outer loop
			vertex 12.516470909119 1.0315849781036 0
			vertex 12.612572669983 1.1276872158051 0
			vertex 12.612572669983 1.1276872158051 0.19799999892712
		endloop
	endfacet
	facet normal 0 0 -1
		outer loop
			vertex 12.224852561951 0.95448821783066 0.19799999892712
			vertex 12.210018157959 1.028311252594 0.19799999892712
			vertex 12.231719017029 1.0259951353073 0.19799999892712
		endloop
	endfacet
	facet normal 0 1 0
		outer loop
			vertex 12.209360122681 0.95061498880386 0
			vertex 12.209360122681 0.95061498880386 0.19799999892712
			vertex 12.533240318298 0.95061498880386 0
		endloop
	endfacet
	facet normal 0 -1 0
		outer loop
			vertex 12.22612953186 1.0315849781036 0
			vertex 12.516470909119 1.0315849781036 0.19799999892712
			vertex 12.22612953186 1.0315849781036 0.19799999892712
		endloop
	endfacet
	facet normal -0 1 0
		outer loop
			vertex 12.209360122681 0.95061498880386 0.19799999892712
			vertex 12.533240318298 0.95061498880386 0.19799999892712
			vertex 12.533240318298 0.95061498880386 0
		endloop
	endfacet
	facet normal 0 -1 0
		outer loop
			vertex 12.22612953186 1.0315849781036 0
			vertex 12.516470909119 1.0315849781036 0
			vertex 12.516470909119 1.0315849781036 0.19799999892712
		endloop
	endfacet
	facet normal 0 0 -1
		outer loop
			vertex 12.209360122681 0.95061498880386 0.19799999892712
			vertex 12.224852561951 0.95448821783066 0.19799999892712
			vertex 12.533240318298 0.95061498880386 0.19799999892712
		endloop
	endfacet
	facet normal 0 0 -1
		outer loop
			vertex 12.224852561951 0.95448821783066 0.19799999892712
			vertex 12.231719017029 1.0259951353073 0.19799999892712
			vertex 12.533240318298 0.95061498880386 0.19799999892712
		endloop
	endfacet
	facet normal 0 0 -1
		outer loop
			vertex 12.22612953186 1.0315849781036 0.19799999892712
			vertex 12.516470909119 1.0315849781036 0.19799999892712
			vertex 12.231719017029 1.0259951353073 0.19799999892712
		endloop
	endfacet
	facet normal 0 0 -1
		outer loop
			vertex 12.231719017029 1.0259951353073 0.19799999892712
			vertex 12.516470909119 1.0315849781036 0.19799999892712
			vertex 12.533240318298 0.99110001325607 0.19799999892712
		endloop
	endfacet
	facet normal 0 0 -1
		outer loop
			vertex 12.231719017029 1.0259951353073 0.19799999892712
			vertex 12.533240318298 0.99110001325607 0.19799999892712
			vertex 12.533240318298 0.95061498880386 0.19799999892712
		endloop
	endfacet
	facet normal 0.70710756197346 0.70710600039878 -0
		outer loop
			vertex 12.072772979736 1.0704327821732 0
			vertex 12.072772979736 1.0704327821732 0.19799999892712
			vertex 12.180732727051 0.96247279644012 0
		endloop
	endfacet
	facet normal 0.70710756197346 0.70710600039878 0
		outer loop
			vertex 12.072772979736 1.0704327821732 0.19799999892712
			vertex 12.180732727051 0.96247279644012 0.19799999892712
			vertex 12.180732727051 0.96247279644012 0
		endloop
	endfacet
	facet normal -0.70710578060315 -0.70710778176853 0
		outer loop
			vertex 12.141884803772 1.1158294677734 0
			vertex 12.22612953186 1.0315849781036 0.19799999892712
			vertex 12.141884803772 1.1158294677734 0.19799999892712
		endloop
	endfacet
	facet normal 0 0 -1
		outer loop
			vertex 12.072772979736 1.0704327821732 0.19799999892712
			vertex 12.101400375366 1.0990600585938 0.19799999892712
			vertex 12.141884803772 1.1158294677734 0.19799999892712
		endloop
	endfacet
	facet normal 0 0 -1
		outer loop
			vertex 12.072772979736 1.0704327821732 0.19799999892712
			vertex 12.141884803772 1.1158294677734 0.19799999892712
			vertex 12.180732727051 0.96247279644012 0.19799999892712
		endloop
	endfacet
	facet normal -0.70710578060315 -0.70710778176853 0
		outer loop
			vertex 12.141884803772 1.1158294677734 0
			vertex 12.22612953186 1.0315849781036 0
			vertex 12.22612953186 1.0315849781036 0.19799999892712
		endloop
	endfacet
	facet normal 0 0 -1
		outer loop
			vertex 12.141884803772 1.1158294677734 0.19799999892712
			vertex 12.20264339447 0.98438310623169 0.19799999892712
			vertex 12.180732727051 0.96247279644012 0.19799999892712
		endloop
	endfacet
	facet normal 0 0 -1
		outer loop
			vertex 12.141884803772 1.1158294677734 0.19799999892712
			vertex 12.209360122681 1.0285130739212 0.19799999892712
			vertex 12.20264339447 0.98438310623169 0.19799999892712
		endloop
	endfacet
	facet normal 0 0 -1
		outer loop
			vertex 12.141884803772 1.1158294677734 0.19799999892712
			vertex 12.210018157959 1.028311252594 0.19799999892712
			vertex 12.209360122681 1.0285130739212 0.19799999892712
		endloop
	endfacet
	facet normal 0 0 -1
		outer loop
			vertex 12.141884803772 1.1158294677734 0.19799999892712
			vertex 12.22612953186 1.0315849781036 0.19799999892712
			vertex 12.210018157959 1.028311252594 0.19799999892712
		endloop
	endfacet
	facet normal 0 0 -1
		outer loop
			vertex 12.210018157959 1.028311252594 0.19799999892712
			vertex 12.22612953186 1.0315849781036 0.19799999892712
			vertex 12.231719017029 1.0259951353073 0.19799999892712
		endloop
	endfacet
	facet normal 0 0 -1
		outer loop
			vertex 12.101400375366 1.0990600585938 0.19799999892712
			vertex 12.129299163818 1.1269587278366 0.19799999892712
			vertex 12.136295318604 1.1214191913605 0.19799999892712
		endloop
	endfacet
	facet normal 0 0 -1
		outer loop
			vertex 12.101400375366 1.0990600585938 0.19799999892712
			vertex 12.136295318604 1.1214191913605 0.19799999892712
			vertex 12.141884803772 1.1158294677734 0.19799999892712
		endloop
	endfacet
	facet normal 1 0 0
		outer loop
			vertex 12.060914993286 1.0990600585938 0
			vertex 12.060914993286 1.4229400157928 0.19799999892712
			vertex 12.060914993286 1.0990600585938 0.19799999892712
		endloop
	endfacet
	facet normal -1 0 0
		outer loop
			vertex 12.141884803772 1.1158294677734 0
			vertex 12.141884803772 1.1158294677734 0.19799999892712
			vertex 12.141884803772 1.4061706066132 0
		endloop
	endfacet
	facet normal 0 0 -1
		outer loop
			vertex 12.060914993286 1.0990600585938 0.19799999892712
			vertex 12.129299163818 1.1269587278366 0.19799999892712
			vertex 12.101400375366 1.0990600585938 0.19799999892712
		endloop
	endfacet
	facet normal 0 0 -1
		outer loop
			vertex 12.060914993286 1.0990600585938 0.19799999892712
			vertex 12.063996315002 1.4106130599976 0.19799999892712
			vertex 12.129299163818 1.1269587278366 0.19799999892712
		endloop
	endfacet
	facet normal 0 0 -1
		outer loop
			vertex 12.136295318604 1.1214191913605 0.19799999892712
			vertex 12.129299163818 1.1269587278366 0.19799999892712
			vertex 12.063996315002 1.4106130599976 0.19799999892712
		endloop
	endfacet
	facet normal 0 0 -1
		outer loop
			vertex 12.136295318604 1.1214191913605 0.19799999892712
			vertex 12.141884803772 1.4061706066132 0.19799999892712
			vertex 12.141884803772 1.1158294677734 0.19799999892712
		endloop
	endfacet
	facet normal 1 0 0
		outer loop
			vertex 12.060914993286 1.0990600585938 0
			vertex 12.060914993286 1.4229400157928 0
			vertex 12.060914993286 1.4229400157928 0.19799999892712
		endloop
	endfacet
	facet normal -1 0 0
		outer loop
			vertex 12.141884803772 1.1158294677734 0.19799999892712
			vertex 12.141884803772 1.4061706066132 0.19799999892712
			vertex 12.141884803772 1.4061706066132 0
		endloop
	endfacet
	facet normal 0 0 -1
		outer loop
			vertex 12.060914993286 1.0990600585938 0.19799999892712
			vertex 12.060914993286 1.4229400157928 0.19799999892712
			vertex 12.063996315002 1.4106130599976 0.19799999892712
		endloop
	endfacet
	facet normal 0 0 -1
		outer loop
			vertex 12.136295318604 1.1214191913605 0.19799999892712
			vertex 12.063996315002 1.4106130599976 0.19799999892712
			vertex 12.067078590393 1.4229400157928 0.19799999892712
		endloop
	endfacet
	facet normal 0 0 -1
		outer loop
			vertex 12.136295318604 1.1214191913605 0.19799999892712
			vertex 12.067078590393 1.4229400157928 0.19799999892712
			vertex 12.141717910767 1.4060029983521 0.19799999892712
		endloop
	endfacet
	facet normal 0 0 -1
		outer loop
			vertex 12.136295318604 1.1214191913605 0.19799999892712
			vertex 12.141717910767 1.4060029983521 0.19799999892712
			vertex 12.141884803772 1.4061706066132 0.19799999892712
		endloop
	endfacet
	facet normal 0 0 -1
		outer loop
			vertex 12.141717910767 1.4060029983521 0.19799999892712
			vertex 12.067078590393 1.4229400157928 0.19799999892712
			vertex 12.138813018799 1.4229400157928 0.19799999892712
		endloop
	endfacet
	facet normal -0.70710528030986 0.70710828206005 0
		outer loop
			vertex 12.141884803772 1.4061706066132 0
			vertex 12.141884803772 1.4061706066132 0.19799999892712
			vertex 12.22612953186 1.4904149770737 0
		endloop
	endfacet
	facet normal 0.70710756197346 -0.70710600039878 0
		outer loop
			vertex 12.072772979736 1.4515671730042 0
			vertex 12.180732727051 1.5595271587372 0.19799999892712
			vertex 12.072772979736 1.4515671730042 0.19799999892712
		endloop
	endfacet
	facet normal 0 0 -1
		outer loop
			vertex 12.072772979736 1.4515671730042 0.19799999892712
			vertex 12.138813018799 1.4229400157928 0.19799999892712
			vertex 12.095303535461 1.4290367364883 0.19799999892712
		endloop
	endfacet
	facet normal 0 0 -1
		outer loop
			vertex 12.072772979736 1.4515671730042 0.19799999892712
			vertex 12.180732727051 1.5595271587372 0.19799999892712
			vertex 12.138813018799 1.4229400157928 0.19799999892712
		endloop
	endfacet
	facet normal 0 0 -1
		outer loop
			vertex 12.141717910767 1.4060029983521 0.19799999892712
			vertex 12.138813018799 1.4229400157928 0.19799999892712
			vertex 12.141884803772 1.4061706066132 0.19799999892712
		endloop
	endfacet
	facet normal 0 0 -1
		outer loop
			vertex 12.141884803772 1.4061706066132 0.19799999892712
			vertex 12.138813018799 1.4229400157928 0.19799999892712
			vertex 12.22612953186 1.4904149770737 0.19799999892712
		endloop
	endfacet
	facet normal -0.70710528030986 0.70710828206005 0
		outer loop
			vertex 12.141884803772 1.4061706066132 0.19799999892712
			vertex 12.22612953186 1.4904149770737 0.19799999892712
			vertex 12.22612953186 1.4904149770737 0
		endloop
	endfacet
	facet normal 0 0 -1
		outer loop
			vertex 12.138813018799 1.4229400157928 0.19799999892712
			vertex 12.180732727051 1.5595271587372 0.19799999892712
			vertex 12.219541549683 1.5207183361053 0.19799999892712
		endloop
	endfacet
	facet normal 0 0 -1
		outer loop
			vertex 12.138813018799 1.4229400157928 0.19799999892712
			vertex 12.219541549683 1.5207183361053 0.19799999892712
			vertex 12.22612953186 1.4904149770737 0.19799999892712
		endloop
	endfacet
	facet normal -0 0 -1
		outer loop
			vertex 12.22993850708 1.4942243099213 0.19799999892712
			vertex 12.22612953186 1.4904149770737 0.19799999892712
			vertex 12.219541549683 1.5207183361053 0.19799999892712
		endloop
	endfacet
	facet normal 0.70710756197346 -0.70710600039878 0
		outer loop
			vertex 12.072772979736 1.4515671730042 0
			vertex 12.180732727051 1.5595271587372 0
			vertex 12.180732727051 1.5595271587372 0.19799999892712
		endloop
	endfacet
	facet normal 0 1 0
		outer loop
			vertex 12.22612953186 1.4904149770737 0
			vertex 12.22612953186 1.4904149770737 0.19799999892712
			vertex 12.516470909119 1.4904149770737 0
		endloop
	endfacet
	facet normal -0 1 0
		outer loop
			vertex 12.22612953186 1.4904149770737 0.19799999892712
			vertex 12.516470909119 1.4904149770737 0.19799999892712
			vertex 12.516470909119 1.4904149770737 0
		endloop
	endfacet
	facet normal 0 -0 -1
		outer loop
			vertex 12.22993850708 1.4942243099213 0.19799999892712
			vertex 12.516470909119 1.4904149770737 0.19799999892712
			vertex 12.22612953186 1.4904149770737 0.19799999892712
		endloop
	endfacet
	facet normal 0 0 -1
		outer loop
			vertex 12.22993850708 1.4942243099213 0.19799999892712
			vertex 12.219541549683 1.5207183361053 0.19799999892712
			vertex 12.510880470276 1.49600481987 0.19799999892712
		endloop
	endfacet
	facet normal 0 0 -1
		outer loop
			vertex 12.22993850708 1.4942243099213 0.19799999892712
			vertex 12.510880470276 1.49600481987 0.19799999892712
			vertex 12.516470909119 1.4904149770737 0.19799999892712
		endloop
	endfacet
	facet normal 0 -1 0
		outer loop
			vertex 12.209360122681 1.5713850259781 0
			vertex 12.533240318298 1.5713850259781 0.19799999892712
			vertex 12.209360122681 1.5713850259781 0.19799999892712
		endloop
	endfacet
	facet normal 0 -1 0
		outer loop
			vertex 12.209360122681 1.5713850259781 0
			vertex 12.533240318298 1.5713850259781 0
			vertex 12.533240318298 1.5713850259781 0.19799999892712
		endloop
	endfacet
	facet normal 0 0 -1
		outer loop
			vertex 12.219541549683 1.5207183361053 0.19799999892712
			vertex 12.209360122681 1.5713850259781 0.19799999892712
			vertex 12.510880470276 1.49600481987 0.19799999892712
		endloop
	endfacet
	facet normal 0 0 -1
		outer loop
			vertex 12.209360122681 1.5713850259781 0.19799999892712
			vertex 12.533240318298 1.5713850259781 0.19799999892712
			vertex 12.510880470276 1.49600481987 0.19799999892712
		endloop
	endfacet
	facet normal 0 0 -1
		outer loop
			vertex 12.510880470276 1.49600481987 0.19799999892712
			vertex 12.533240318298 1.5713850259781 0.19799999892712
			vertex 12.533240318298 1.4934868812561 0.19799999892712
		endloop
	endfacet
	facet normal 0.70710928265477 0.70710427970948 -0
		outer loop
			vertex 12.516470909119 1.4904149770737 0
			vertex 12.516470909119 1.4904149770737 0.19799999892712
			vertex 12.600714683533 1.4061706066132 0
		endloop
	endfacet
	facet normal 0 0 -1
		outer loop
			vertex 12.510880470276 1.49600481987 0.19799999892712
			vertex 12.533240318298 1.4934868812561 0.19799999892712
			vertex 12.516470909119 1.4904149770737 0.19799999892712
		endloop
	endfacet
	facet normal 0 0 -1
		outer loop
			vertex 12.516470909119 1.4904149770737 0.19799999892712
			vertex 12.533240318298 1.4934868812561 0.19799999892712
			vertex 12.600714683533 1.4061706066132 0.19799999892712
		endloop
	endfacet
	facet normal 0.70710928265477 0.70710427970948 0
		outer loop
			vertex 12.516470909119 1.4904149770737 0.19799999892712
			vertex 12.600714683533 1.4061706066132 0.19799999892712
			vertex 12.600714683533 1.4061706066132 0
		endloop
	endfacet
	facet normal -0.70710443883099 -0.70710912353434 0
		outer loop
			vertex 12.561866760254 1.5595271587372 0
			vertex 12.669827461243 1.4515671730042 0
			vertex 12.669827461243 1.4515671730042 0.19799999892712
		endloop
	endfacet
	facet normal 0 0 -1
		outer loop
			vertex 12.600714683533 1.4061706066132 0.19799999892712
			vertex 12.613906860352 1.3956471681595 0.19799999892712
			vertex 12.612184524536 1.394700884819 0.19799999892712
		endloop
	endfacet
	facet normal 0 0 -1
		outer loop
			vertex 12.600714683533 1.4061706066132 0.19799999892712
			vertex 12.641200065613 1.4229400157928 0.19799999892712
			vertex 12.613906860352 1.3956471681595 0.19799999892712
		endloop
	endfacet
	facet normal 0 0 -1
		outer loop
			vertex 12.533240318298 1.4934868812561 0.19799999892712
			vertex 12.641200065613 1.4229400157928 0.19799999892712
			vertex 12.600714683533 1.4061706066132 0.19799999892712
		endloop
	endfacet
	facet normal 0 0 -1
		outer loop
			vertex 12.533240318298 1.4934868812561 0.19799999892712
			vertex 12.669827461243 1.4515671730042 0.19799999892712
			vertex 12.641200065613 1.4229400157928 0.19799999892712
		endloop
	endfacet
	facet normal 0 0 -1
		outer loop
			vertex 12.533240318298 1.4934868812561 0.19799999892712
			vertex 12.561866760254 1.5595271587372 0.19799999892712
			vertex 12.669827461243 1.4515671730042 0.19799999892712
		endloop
	endfacet
	facet normal 0 0 -1
		outer loop
			vertex 12.533240318298 1.4934868812561 0.19799999892712
			vertex 12.539957046509 1.5376168489456 0.19799999892712
			vertex 12.561866760254 1.5595271587372 0.19799999892712
		endloop
	endfacet
	facet normal -0.70710443883099 -0.70710912353434 0
		outer loop
			vertex 12.561866760254 1.5595271587372 0
			vertex 12.669827461243 1.4515671730042 0.19799999892712
			vertex 12.561866760254 1.5595271587372 0.19799999892712
		endloop
	endfacet
	facet normal 1 0 0
		outer loop
			vertex 12.600714683533 1.3014849424362 0
			vertex 12.600714683533 1.4061706066132 0
			vertex 12.600714683533 1.4061706066132 0.19799999892712
		endloop
	endfacet
	facet normal 1 0 0
		outer loop
			vertex 12.600714683533 1.3014849424362 0
			vertex 12.600714683533 1.4061706066132 0.19799999892712
			vertex 12.600714683533 1.3014849424362 0.19799999892712
		endloop
	endfacet
	facet normal -1 0 0
		outer loop
			vertex 12.681685447693 1.2610000371933 0
			vertex 12.681685447693 1.2610000371933 0.19799999892712
			vertex 12.681685447693 1.4229400157928 0
		endloop
	endfacet
	facet normal -1 0 0
		outer loop
			vertex 12.681685447693 1.2610000371933 0.19799999892712
			vertex 12.681685447693 1.4229400157928 0.19799999892712
			vertex 12.681685447693 1.4229400157928 0
		endloop
	endfacet
	facet normal 0 0 -1
		outer loop
			vertex 12.602957725525 1.2871441841125 0.19799999892712
			vertex 12.612184524536 1.394700884819 0.19799999892712
			vertex 12.641200065613 1.2610000371933 0.19799999892712
		endloop
	endfacet
	facet normal 0 0 -1
		outer loop
			vertex 12.600714683533 1.2863031625748 0.19799999892712
			vertex 12.600714683533 1.3014849424362 0.19799999892712
			vertex 12.612184524536 1.394700884819 0.19799999892712
		endloop
	endfacet
	facet normal -0 0 -1
		outer loop
			vertex 12.602957725525 1.2871441841125 0.19799999892712
			vertex 12.600714683533 1.2863031625748 0.19799999892712
			vertex 12.612184524536 1.394700884819 0.19799999892712
		endloop
	endfacet
	facet normal 0 0 -1
		outer loop
			vertex 12.600714683533 1.3014849424362 0.19799999892712
			vertex 12.600714683533 1.4061706066132 0.19799999892712
			vertex 12.612184524536 1.394700884819 0.19799999892712
		endloop
	endfacet
	facet normal 0 0 -1
		outer loop
			vertex 12.612184524536 1.394700884819 0.19799999892712
			vertex 12.613906860352 1.3956471681595 0.19799999892712
			vertex 12.664133071899 1.2610000371933 0.19799999892712
		endloop
	endfacet
	facet normal 0 0 -1
		outer loop
			vertex 12.612184524536 1.394700884819 0.19799999892712
			vertex 12.664133071899 1.2610000371933 0.19799999892712
			vertex 12.641200065613 1.2610000371933 0.19799999892712
		endloop
	endfacet
	facet normal 0 0 -1
		outer loop
			vertex 12.613906860352 1.3956471681595 0.19799999892712
			vertex 12.669827461243 1.2847155332565 0.19799999892712
			vertex 12.664133071899 1.2610000371933 0.19799999892712
		endloop
	endfacet
	facet normal 0 0 -1
		outer loop
			vertex 12.613906860352 1.3956471681595 0.19799999892712
			vertex 12.641200065613 1.4229400157928 0.19799999892712
			vertex 12.669827461243 1.2847155332565 0.19799999892712
		endloop
	endfacet
	facet normal 0 0 -1
		outer loop
			vertex 12.681685447693 1.2610000371933 0.19799999892712
			vertex 12.669827461243 1.2847155332565 0.19799999892712
			vertex 12.681685447693 1.4229400157928 0.19799999892712
		endloop
	endfacet
	facet normal 0 0 -1
		outer loop
			vertex 12.669827461243 1.2847155332565 0.19799999892712
			vertex 12.641200065613 1.4229400157928 0.19799999892712
			vertex 12.681685447693 1.4229400157928 0.19799999892712
		endloop
	endfacet
	facet normal 0 -1 0
		outer loop
			vertex 12.42527961731 1.3014849424362 0
			vertex 12.600714683533 1.3014849424362 0.19799999892712
			vertex 12.42527961731 1.3014849424362 0.19799999892712
		endloop
	endfacet
	facet normal 0 1 0
		outer loop
			vertex 12.42527961731 1.2205150127411 0
			vertex 12.42527961731 1.2205150127411 0.19799999892712
			vertex 12.641200065613 1.2205150127411 0
		endloop
	endfacet
	facet normal 0 -1 0
		outer loop
			vertex 12.42527961731 1.3014849424362 0
			vertex 12.600714683533 1.3014849424362 0
			vertex 12.600714683533 1.3014849424362 0.19799999892712
		endloop
	endfacet
	facet normal 0 0 -1
		outer loop
			vertex 12.42527961731 1.2205150127411 0.19799999892712
			vertex 12.42527961731 1.3014849424362 0.19799999892712
			vertex 12.641200065613 1.2205150127411 0.19799999892712
		endloop
	endfacet
	facet normal 0 0 -1
		outer loop
			vertex 12.42527961731 1.3014849424362 0.19799999892712
			vertex 12.600714683533 1.3014849424362 0.19799999892712
			vertex 12.600714683533 1.2863031625748 0.19799999892712
		endloop
	endfacet
	facet normal 0 0 -1
		outer loop
			vertex 12.42527961731 1.3014849424362 0.19799999892712
			vertex 12.600714683533 1.2863031625748 0.19799999892712
			vertex 12.641200065613 1.2610000371933 0.19799999892712
		endloop
	endfacet
	facet normal -0 1 0
		outer loop
			vertex 12.42527961731 1.2205150127411 0.19799999892712
			vertex 12.641200065613 1.2205150127411 0.19799999892712
			vertex 12.641200065613 1.2205150127411 0
		endloop
	endfacet
	facet normal 0 0 -1
		outer loop
			vertex 12.641200065613 1.2205150127411 0.19799999892712
			vertex 12.42527961731 1.3014849424362 0.19799999892712
			vertex 12.641200065613 1.2610000371933 0.19799999892712
		endloop
	endfacet
	facet normal 0 -0 -1
		outer loop
			vertex 12.602957725525 1.2871441841125 0.19799999892712
			vertex 12.641200065613 1.2610000371933 0.19799999892712
			vertex 12.600714683533 1.2863031625748 0.19799999892712
		endloop
	endfacet
	facet normal -0.83147862717407 0.55555674107396 0
		outer loop
			vertex 12.669827461243 1.0704327821732 0
			vertex 12.669827461243 1.0704327821732 0.19799999892712
			vertex 12.678603172302 1.0835670232773 0
		endloop
	endfacet
	facet normal -0.98077899265245 0.19512193001209 0
		outer loop
			vertex 12.678603172302 1.0835670232773 0
			vertex 12.678603172302 1.0835670232773 0.19799999892712
			vertex 12.681685447693 1.0990600585938 0
		endloop
	endfacet
	facet normal -0.83147862717407 0.55555674107396 0
		outer loop
			vertex 12.678603172302 1.0835670232773 0
			vertex 12.669827461243 1.0704327821732 0.19799999892712
			vertex 12.678603172302 1.0835670232773 0.19799999892712
		endloop
	endfacet
	facet normal -0.98077899265245 0.19512193001209 0
		outer loop
			vertex 12.681685447693 1.0990600585938 0
			vertex 12.678603172302 1.0835670232773 0.19799999892712
			vertex 12.681685447693 1.0990600585938 0.19799999892712
		endloop
	endfacet
	facet normal -0 0 -1
		outer loop
			vertex 12.678603172302 1.0835670232773 0.19799999892712
			vertex 12.669827461243 1.0704327821732 0.19799999892712
			vertex 12.669827461243 1.1276872158051 0.19799999892712
		endloop
	endfacet
	facet normal 0.55557936535473 -0.83146351019876 0
		outer loop
			vertex 12.612572669983 1.1276872158051 0
			vertex 12.625706672668 1.1364632844925 0.19799999892712
			vertex 12.612572669983 1.1276872158051 0.19799999892712
		endloop
	endfacet
	facet normal 0.19508130204389 -0.98078707454414 0
		outer loop
			vertex 12.625706672668 1.1364632844925 0
			vertex 12.641200065613 1.1395449638367 0
			vertex 12.641200065613 1.1395449638367 0.19799999892712
		endloop
	endfacet
	facet normal 0.55557936535473 -0.83146351019876 0
		outer loop
			vertex 12.612572669983 1.1276872158051 0
			vertex 12.625706672668 1.1364632844925 0
			vertex 12.625706672668 1.1364632844925 0.19799999892712
		endloop
	endfacet
	facet normal -0.19509285368989 -0.98078477681861 0
		outer loop
			vertex 12.641200065613 1.1395449638367 0
			vertex 12.656692504883 1.1364632844925 0
			vertex 12.656692504883 1.1364632844925 0.19799999892712
		endloop
	endfacet
	facet normal -0.55555147727905 -0.83148214418174 0
		outer loop
			vertex 12.656692504883 1.1364632844925 0
			vertex 12.669827461243 1.1276872158051 0
			vertex 12.669827461243 1.1276872158051 0.19799999892712
		endloop
	endfacet
	facet normal -0.83147862717407 -0.55555674107396 0
		outer loop
			vertex 12.678603172302 1.1145529747009 0
			vertex 12.678603172302 1.1145529747009 0.19799999892712
			vertex 12.669827461243 1.1276872158051 0
		endloop
	endfacet
	facet normal -0.98077870533518 -0.19512337420475 0
		outer loop
			vertex 12.681685447693 1.0990600585938 0
			vertex 12.681685447693 1.0990600585938 0.19799999892712
			vertex 12.678603172302 1.1145529747009 0
		endloop
	endfacet
	facet normal 0.19508130204389 -0.98078707454414 0
		outer loop
			vertex 12.625706672668 1.1364632844925 0
			vertex 12.641200065613 1.1395449638367 0.19799999892712
			vertex 12.625706672668 1.1364632844925 0.19799999892712
		endloop
	endfacet
	facet normal -0.19509285368989 -0.98078477681861 0
		outer loop
			vertex 12.641200065613 1.1395449638367 0
			vertex 12.656692504883 1.1364632844925 0.19799999892712
			vertex 12.641200065613 1.1395449638367 0.19799999892712
		endloop
	endfacet
	facet normal -0.55555147727905 -0.83148214418174 0
		outer loop
			vertex 12.656692504883 1.1364632844925 0
			vertex 12.669827461243 1.1276872158051 0.19799999892712
			vertex 12.656692504883 1.1364632844925 0.19799999892712
		endloop
	endfacet
	facet normal -0.98077870533518 -0.19512337420475 0
		outer loop
			vertex 12.681685447693 1.0990600585938 0.19799999892712
			vertex 12.678603172302 1.1145529747009 0.19799999892712
			vertex 12.678603172302 1.1145529747009 0
		endloop
	endfacet
	facet normal -0.83147862717407 -0.55555674107396 0
		outer loop
			vertex 12.669827461243 1.1276872158051 0
			vertex 12.678603172302 1.1145529747009 0.19799999892712
			vertex 12.669827461243 1.1276872158051 0.19799999892712
		endloop
	endfacet
	facet normal 0 0 -1
		outer loop
			vertex 12.612572669983 1.1276872158051 0.19799999892712
			vertex 12.625706672668 1.1364632844925 0.19799999892712
			vertex 12.641200065613 1.1395449638367 0.19799999892712
		endloop
	endfacet
	facet normal 0 0 -1
		outer loop
			vertex 12.669827461243 1.0704327821732 0.19799999892712
			vertex 12.612572669983 1.1276872158051 0.19799999892712
			vertex 12.656692504883 1.1364632844925 0.19799999892712
		endloop
	endfacet
	facet normal 0 0 -1
		outer loop
			vertex 12.612572669983 1.1276872158051 0.19799999892712
			vertex 12.641200065613 1.1395449638367 0.19799999892712
			vertex 12.656692504883 1.1364632844925 0.19799999892712
		endloop
	endfacet
	facet normal 0 0 -1
		outer loop
			vertex 12.669827461243 1.0704327821732 0.19799999892712
			vertex 12.656692504883 1.1364632844925 0.19799999892712
			vertex 12.669827461243 1.1276872158051 0.19799999892712
		endloop
	endfacet
	facet normal 0 0 -1
		outer loop
			vertex 12.678603172302 1.0835670232773 0.19799999892712
			vertex 12.678603172302 1.1145529747009 0.19799999892712
			vertex 12.681685447693 1.0990600585938 0.19799999892712
		endloop
	endfacet
	facet normal 0 0 -1
		outer loop
			vertex 12.678603172302 1.0835670232773 0.19799999892712
			vertex 12.669827461243 1.1276872158051 0.19799999892712
			vertex 12.678603172302 1.1145529747009 0.19799999892712
		endloop
	endfacet
	facet normal -0.19509648347547 0.98078405479265 0
		outer loop
			vertex 12.533240318298 0.95061498880386 0
			vertex 12.533240318298 0.95061498880386 0.19799999892712
			vertex 12.548732757568 0.95369672775269 0
		endloop
	endfacet
	facet normal -0.55557936535473 0.83146351019876 0
		outer loop
			vertex 12.548732757568 0.95369672775269 0
			vertex 12.548732757568 0.95369672775269 0.19799999892712
			vertex 12.561866760254 0.96247279644012 0
		endloop
	endfacet
	facet normal -0.19509648347547 0.98078405479265 0
		outer loop
			vertex 12.548732757568 0.95369672775269 0
			vertex 12.533240318298 0.95061498880386 0.19799999892712
			vertex 12.548732757568 0.95369672775269 0.19799999892712
		endloop
	endfacet
	facet normal 0 0 -1
		outer loop
			vertex 12.533240318298 0.95061498880386 0.19799999892712
			vertex 12.561866760254 0.96247279644012 0.19799999892712
			vertex 12.548732757568 0.95369672775269 0.19799999892712
		endloop
	endfacet
	facet normal 0 0 -1
		outer loop
			vertex 12.533240318298 0.95061498880386 0.19799999892712
			vertex 12.533240318298 0.99110001325607 0.19799999892712
			vertex 12.561866760254 0.96247279644012 0.19799999892712
		endloop
	endfacet
	facet normal -0.55557936535473 0.83146351019876 0
		outer loop
			vertex 12.548732757568 0.95369672775269 0.19799999892712
			vertex 12.561866760254 0.96247279644012 0.19799999892712
			vertex 12.561866760254 0.96247279644012 0
		endloop
	endfacet
	facet normal 0.55557936535473 0.83146351019876 -0
		outer loop
			vertex 12.180732727051 0.96247279644012 0
			vertex 12.180732727051 0.96247279644012 0.19799999892712
			vertex 12.193866729736 0.95369672775269 0
		endloop
	endfacet
	facet normal 0.19508493163156 0.98078635260199 -0
		outer loop
			vertex 12.193866729736 0.95369672775269 0
			vertex 12.193866729736 0.95369672775269 0.19799999892712
			vertex 12.209360122681 0.95061498880386 0
		endloop
	endfacet
	facet normal 0.55557936535473 0.83146351019876 -0
		outer loop
			vertex 12.193866729736 0.95369672775269 0
			vertex 12.180732727051 0.96247279644012 0.19799999892712
			vertex 12.193866729736 0.95369672775269 0.19799999892712
		endloop
	endfacet
	facet normal 0.19508493163156 0.98078635260199 -0
		outer loop
			vertex 12.209360122681 0.95061498880386 0
			vertex 12.193866729736 0.95369672775269 0.19799999892712
			vertex 12.209360122681 0.95061498880386 0.19799999892712
		endloop
	endfacet
	facet normal 0 0 -1
		outer loop
			vertex 12.193866729736 0.95369672775269 0.19799999892712
			vertex 12.20264339447 0.98438310623169 0.19799999892712
			vertex 12.209360122681 0.95061498880386 0.19799999892712
		endloop
	endfacet
	facet normal 0 0 -1
		outer loop
			vertex 12.180732727051 0.96247279644012 0.19799999892712
			vertex 12.20264339447 0.98438310623169 0.19799999892712
			vertex 12.193866729736 0.95369672775269 0.19799999892712
		endloop
	endfacet
	facet normal 0 0 -1
		outer loop
			vertex 12.209360122681 0.95061498880386 0.19799999892712
			vertex 12.209360122681 1.0285130739212 0.19799999892712
			vertex 12.224852561951 0.95448821783066 0.19799999892712
		endloop
	endfacet
	facet normal 0 0 -1
		outer loop
			vertex 12.20264339447 0.98438310623169 0.19799999892712
			vertex 12.209360122681 1.0285130739212 0.19799999892712
			vertex 12.209360122681 0.95061498880386 0.19799999892712
		endloop
	endfacet
	facet normal 0 0 -1
		outer loop
			vertex 12.224852561951 0.95448821783066 0.19799999892712
			vertex 12.209360122681 1.0285130739212 0.19799999892712
			vertex 12.210018157959 1.028311252594 0.19799999892712
		endloop
	endfacet
	facet normal 0.83145073852668 0.55559847858273 -0
		outer loop
			vertex 12.063996315002 1.0835670232773 0
			vertex 12.063996315002 1.0835670232773 0.19799999892712
			vertex 12.072772979736 1.0704327821732 0
		endloop
	endfacet
	facet normal 0.98079054452663 0.19506385561439 0
		outer loop
			vertex 12.063996315002 1.0835670232773 0
			vertex 12.060914993286 1.0990600585938 0
			vertex 12.060914993286 1.0990600585938 0.19799999892712
		endloop
	endfacet
	facet normal 0.83145073852668 0.55559847858273 -0
		outer loop
			vertex 12.072772979736 1.0704327821732 0
			vertex 12.063996315002 1.0835670232773 0.19799999892712
			vertex 12.072772979736 1.0704327821732 0.19799999892712
		endloop
	endfacet
	facet normal 0.98079054452663 0.19506385561439 -0
		outer loop
			vertex 12.063996315002 1.0835670232773 0
			vertex 12.060914993286 1.0990600585938 0.19799999892712
			vertex 12.063996315002 1.0835670232773 0.19799999892712
		endloop
	endfacet
	facet normal 0 0 -1
		outer loop
			vertex 12.063996315002 1.0835670232773 0.19799999892712
			vertex 12.060914993286 1.0990600585938 0.19799999892712
			vertex 12.072772979736 1.0704327821732 0.19799999892712
		endloop
	endfacet
	facet normal 0 0 -1
		outer loop
			vertex 12.072772979736 1.0704327821732 0.19799999892712
			vertex 12.060914993286 1.0990600585938 0.19799999892712
			vertex 12.101400375366 1.0990600585938 0.19799999892712
		endloop
	endfacet
	facet normal 0.98079025737698 -0.19506529941122 0
		outer loop
			vertex 12.060914993286 1.4229400157928 0
			vertex 12.063996315002 1.4384329319 0
			vertex 12.063996315002 1.4384329319 0.19799999892712
		endloop
	endfacet
	facet normal 0.83145073852668 -0.55559847858273 0
		outer loop
			vertex 12.072772979736 1.4515671730042 0
			vertex 12.072772979736 1.4515671730042 0.19799999892712
			vertex 12.063996315002 1.4384329319 0
		endloop
	endfacet
	facet normal 0.98079025737698 -0.19506529941122 0
		outer loop
			vertex 12.060914993286 1.4229400157928 0
			vertex 12.063996315002 1.4384329319 0.19799999892712
			vertex 12.060914993286 1.4229400157928 0.19799999892712
		endloop
	endfacet
	facet normal 0.83145073852668 -0.55559847858273 0
		outer loop
			vertex 12.063996315002 1.4384329319 0
			vertex 12.072772979736 1.4515671730042 0.19799999892712
			vertex 12.063996315002 1.4384329319 0.19799999892712
		endloop
	endfacet
	facet normal 0 0 -1
		outer loop
			vertex 12.063996315002 1.4106130599976 0.19799999892712
			vertex 12.060914993286 1.4229400157928 0.19799999892712
			vertex 12.063996315002 1.4384329319 0.19799999892712
		endloop
	endfacet
	facet normal 0 0 -1
		outer loop
			vertex 12.063996315002 1.4106130599976 0.19799999892712
			vertex 12.063996315002 1.4384329319 0.19799999892712
			vertex 12.067078590393 1.4229400157928 0.19799999892712
		endloop
	endfacet
	facet normal 0 0 -1
		outer loop
			vertex 12.067078590393 1.4229400157928 0.19799999892712
			vertex 12.063996315002 1.4384329319 0.19799999892712
			vertex 12.072772979736 1.4515671730042 0.19799999892712
		endloop
	endfacet
	facet normal 0 0 -1
		outer loop
			vertex 12.067078590393 1.4229400157928 0.19799999892712
			vertex 12.072772979736 1.4515671730042 0.19799999892712
			vertex 12.095303535461 1.4290367364883 0.19799999892712
		endloop
	endfacet
	facet normal 0 0 -1
		outer loop
			vertex 12.067078590393 1.4229400157928 0.19799999892712
			vertex 12.095303535461 1.4290367364883 0.19799999892712
			vertex 12.138813018799 1.4229400157928 0.19799999892712
		endloop
	endfacet
	facet normal 0.55557936535473 -0.83146351019876 0
		outer loop
			vertex 12.180732727051 1.5595271587372 0
			vertex 12.193866729736 1.5683032274246 0
			vertex 12.193866729736 1.5683032274246 0.19799999892712
		endloop
	endfacet
	facet normal 0.19508856121121 -0.98078563064746 0
		outer loop
			vertex 12.193866729736 1.5683032274246 0
			vertex 12.209360122681 1.5713850259781 0
			vertex 12.209360122681 1.5713850259781 0.19799999892712
		endloop
	endfacet
	facet normal 0.55557936535473 -0.83146351019876 0
		outer loop
			vertex 12.180732727051 1.5595271587372 0
			vertex 12.193866729736 1.5683032274246 0.19799999892712
			vertex 12.180732727051 1.5595271587372 0.19799999892712
		endloop
	endfacet
	facet normal 0.19508856121121 -0.98078563064746 0
		outer loop
			vertex 12.193866729736 1.5683032274246 0
			vertex 12.209360122681 1.5713850259781 0.19799999892712
			vertex 12.193866729736 1.5683032274246 0.19799999892712
		endloop
	endfacet
	facet normal 0 0 -1
		outer loop
			vertex 12.180732727051 1.5595271587372 0.19799999892712
			vertex 12.209360122681 1.5713850259781 0.19799999892712
			vertex 12.219541549683 1.5207183361053 0.19799999892712
		endloop
	endfacet
	facet normal 0 0 -1
		outer loop
			vertex 12.180732727051 1.5595271587372 0.19799999892712
			vertex 12.193866729736 1.5683032274246 0.19799999892712
			vertex 12.209360122681 1.5713850259781 0.19799999892712
		endloop
	endfacet
	facet normal -0.19510011325304 -0.98078333275431 0
		outer loop
			vertex 12.533240318298 1.5713850259781 0
			vertex 12.548732757568 1.5683032274246 0
			vertex 12.548732757568 1.5683032274246 0.19799999892712
		endloop
	endfacet
	facet normal -0.55557936535473 -0.83146351019876 0
		outer loop
			vertex 12.548732757568 1.5683032274246 0
			vertex 12.561866760254 1.5595271587372 0.19799999892712
			vertex 12.548732757568 1.5683032274246 0.19799999892712
		endloop
	endfacet
	facet normal -0.19510011325304 -0.98078333275431 0
		outer loop
			vertex 12.533240318298 1.5713850259781 0
			vertex 12.548732757568 1.5683032274246 0.19799999892712
			vertex 12.533240318298 1.5713850259781 0.19799999892712
		endloop
	endfacet
	facet normal 0 0 -1
		outer loop
			vertex 12.533240318298 1.4934868812561 0.19799999892712
			vertex 12.533240318298 1.5713850259781 0.19799999892712
			vertex 12.539957046509 1.5376168489456 0.19799999892712
		endloop
	endfacet
	facet normal 0 0 -1
		outer loop
			vertex 12.539957046509 1.5376168489456 0.19799999892712
			vertex 12.548732757568 1.5683032274246 0.19799999892712
			vertex 12.561866760254 1.5595271587372 0.19799999892712
		endloop
	endfacet
	facet normal 0 0 -1
		outer loop
			vertex 12.539957046509 1.5376168489456 0.19799999892712
			vertex 12.533240318298 1.5713850259781 0.19799999892712
			vertex 12.548732757568 1.5683032274246 0.19799999892712
		endloop
	endfacet
	facet normal -0.55557936535473 -0.83146351019876 0
		outer loop
			vertex 12.548732757568 1.5683032274246 0
			vertex 12.561866760254 1.5595271587372 0
			vertex 12.561866760254 1.5595271587372 0.19799999892712
		endloop
	endfacet
	facet normal -0.98077870533518 -0.19512337420475 0
		outer loop
			vertex 12.681685447693 1.4229400157928 0
			vertex 12.681685447693 1.4229400157928 0.19799999892712
			vertex 12.678603172302 1.4384329319 0
		endloop
	endfacet
	facet normal -0.83147862717407 -0.55555674107396 0
		outer loop
			vertex 12.669827461243 1.4515671730042 0
			vertex 12.678603172302 1.4384329319 0
			vertex 12.678603172302 1.4384329319 0.19799999892712
		endloop
	endfacet
	facet normal -0.98077870533518 -0.19512337420475 0
		outer loop
			vertex 12.678603172302 1.4384329319 0
			vertex 12.681685447693 1.4229400157928 0.19799999892712
			vertex 12.678603172302 1.4384329319 0.19799999892712
		endloop
	endfacet
	facet normal -0.83147862717407 -0.55555674107396 0
		outer loop
			vertex 12.669827461243 1.4515671730042 0
			vertex 12.678603172302 1.4384329319 0.19799999892712
			vertex 12.669827461243 1.4515671730042 0.19799999892712
		endloop
	endfacet
	facet normal 0 0 -1
		outer loop
			vertex 12.641200065613 1.4229400157928 0.19799999892712
			vertex 12.669827461243 1.4515671730042 0.19799999892712
			vertex 12.681685447693 1.4229400157928 0.19799999892712
		endloop
	endfacet
	facet normal 0 0 -1
		outer loop
			vertex 12.681685447693 1.4229400157928 0.19799999892712
			vertex 12.669827461243 1.4515671730042 0.19799999892712
			vertex 12.678603172302 1.4384329319 0.19799999892712
		endloop
	endfacet
	facet normal -0.19509285368989 0.98078477681861 0
		outer loop
			vertex 12.641200065613 1.2205150127411 0
			vertex 12.641200065613 1.2205150127411 0.19799999892712
			vertex 12.656692504883 1.2235966920853 0
		endloop
	endfacet
	facet normal -0.55555147727905 0.83148214418174 0
		outer loop
			vertex 12.656692504883 1.2235966920853 0
			vertex 12.656692504883 1.2235966920853 0.19799999892712
			vertex 12.669827461243 1.2323727607727 0
		endloop
	endfacet
	facet normal -0.83147862717407 0.55555674107396 0
		outer loop
			vertex 12.669827461243 1.2323727607727 0
			vertex 12.669827461243 1.2323727607727 0.19799999892712
			vertex 12.678603172302 1.2455070018768 0
		endloop
	endfacet
	facet normal -0.98077899265245 0.19512193001209 0
		outer loop
			vertex 12.678603172302 1.2455070018768 0
			vertex 12.678603172302 1.2455070018768 0.19799999892712
			vertex 12.681685447693 1.2610000371933 0
		endloop
	endfacet
	facet normal -0.19509285368989 0.98078477681861 0
		outer loop
			vertex 12.656692504883 1.2235966920853 0
			vertex 12.641200065613 1.2205150127411 0.19799999892712
			vertex 12.656692504883 1.2235966920853 0.19799999892712
		endloop
	endfacet
	facet normal -0.55555147727905 0.83148214418174 0
		outer loop
			vertex 12.669827461243 1.2323727607727 0
			vertex 12.656692504883 1.2235966920853 0.19799999892712
			vertex 12.669827461243 1.2323727607727 0.19799999892712
		endloop
	endfacet
	facet normal -0.83147862717407 0.55555674107396 0
		outer loop
			vertex 12.678603172302 1.2455070018768 0
			vertex 12.669827461243 1.2323727607727 0.19799999892712
			vertex 12.678603172302 1.2455070018768 0.19799999892712
		endloop
	endfacet
	facet normal -0.98077899265245 0.19512193001209 0
		outer loop
			vertex 12.678603172302 1.2455070018768 0.19799999892712
			vertex 12.681685447693 1.2610000371933 0.19799999892712
			vertex 12.681685447693 1.2610000371933 0
		endloop
	endfacet
	facet normal 0 0 -1
		outer loop
			vertex 12.641200065613 1.2205150127411 0.19799999892712
			vertex 12.641200065613 1.2610000371933 0.19799999892712
			vertex 12.664133071899 1.2610000371933 0.19799999892712
		endloop
	endfacet
	facet normal 0 0 -1
		outer loop
			vertex 12.656692504883 1.2235966920853 0.19799999892712
			vertex 12.664133071899 1.2610000371933 0.19799999892712
			vertex 12.669827461243 1.2323727607727 0.19799999892712
		endloop
	endfacet
	facet normal 0 0 -1
		outer loop
			vertex 12.641200065613 1.2205150127411 0.19799999892712
			vertex 12.664133071899 1.2610000371933 0.19799999892712
			vertex 12.656692504883 1.2235966920853 0.19799999892712
		endloop
	endfacet
	facet normal 0 0 -1
		outer loop
			vertex 12.669827461243 1.2323727607727 0.19799999892712
			vertex 12.664133071899 1.2610000371933 0.19799999892712
			vertex 12.669827461243 1.2847155332565 0.19799999892712
		endloop
	endfacet
	facet normal 0 0 -1
		outer loop
			vertex 12.669827461243 1.2323727607727 0.19799999892712
			vertex 12.669827461243 1.2847155332565 0.19799999892712
			vertex 12.678603172302 1.2455070018768 0.19799999892712
		endloop
	endfacet
	facet normal 0 0 -1
		outer loop
			vertex 12.678603172302 1.2455070018768 0.19799999892712
			vertex 12.669827461243 1.2847155332565 0.19799999892712
			vertex 12.681685447693 1.2610000371933 0.19799999892712
		endloop
	endfacet
	facet normal 0.83145073852668 0.55559847858273 -0
		outer loop
			vertex 12.38787651062 1.2455070018768 0
			vertex 12.38787651062 1.2455070018768 0.19799999892712
			vertex 12.396653175354 1.2323727607727 0
		endloop
	endfacet
	facet normal 0.98079054452663 0.19506385561439 0
		outer loop
			vertex 12.38787651062 1.2455070018768 0
			vertex 12.384795188904 1.2610000371933 0
			vertex 12.384795188904 1.2610000371933 0.19799999892712
		endloop
	endfacet
	facet normal 0.98079025737698 -0.19506529941122 0
		outer loop
			vertex 12.38787651062 1.2764929533005 0
			vertex 12.38787651062 1.2764929533005 0.19799999892712
			vertex 12.384795188904 1.2610000371933 0
		endloop
	endfacet
	facet normal 0.83145073852668 -0.55559847858273 0
		outer loop
			vertex 12.38787651062 1.2764929533005 0
			vertex 12.396653175354 1.2896271944046 0
			vertex 12.396653175354 1.2896271944046 0.19799999892712
		endloop
	endfacet
	facet normal 0.55557936535473 0.83146351019876 -0
		outer loop
			vertex 12.396653175354 1.2323727607727 0
			vertex 12.396653175354 1.2323727607727 0.19799999892712
			vertex 12.40978717804 1.2235966920853 0
		endloop
	endfacet
	facet normal 0.19509285368989 0.98078477681861 0
		outer loop
			vertex 12.42527961731 1.2205150127411 0
			vertex 12.40978717804 1.2235966920853 0
			vertex 12.40978717804 1.2235966920853 0.19799999892712
		endloop
	endfacet
	facet normal 0.55557936535473 -0.83146351019876 0
		outer loop
			vertex 12.40978717804 1.298403263092 0
			vertex 12.40978717804 1.298403263092 0.19799999892712
			vertex 12.396653175354 1.2896271944046 0
		endloop
	endfacet
	facet normal 0.19509285368989 -0.98078477681861 0
		outer loop
			vertex 12.40978717804 1.298403263092 0
			vertex 12.42527961731 1.3014849424362 0
			vertex 12.42527961731 1.3014849424362 0.19799999892712
		endloop
	endfacet
	facet normal 0.83145073852668 0.55559847858273 -0
		outer loop
			vertex 12.396653175354 1.2323727607727 0
			vertex 12.38787651062 1.2455070018768 0.19799999892712
			vertex 12.396653175354 1.2323727607727 0.19799999892712
		endloop
	endfacet
	facet normal 0.98079054452663 0.19506385561439 -0
		outer loop
			vertex 12.38787651062 1.2455070018768 0
			vertex 12.384795188904 1.2610000371933 0.19799999892712
			vertex 12.38787651062 1.2455070018768 0.19799999892712
		endloop
	endfacet
	facet normal 0.98079025737698 -0.19506529941122 0
		outer loop
			vertex 12.384795188904 1.2610000371933 0
			vertex 12.38787651062 1.2764929533005 0.19799999892712
			vertex 12.384795188904 1.2610000371933 0.19799999892712
		endloop
	endfacet
	facet normal 0.83145073852668 -0.55559847858273 0
		outer loop
			vertex 12.38787651062 1.2764929533005 0
			vertex 12.396653175354 1.2896271944046 0.19799999892712
			vertex 12.38787651062 1.2764929533005 0.19799999892712
		endloop
	endfacet
	facet normal 0.55557936535473 0.83146351019876 -0
		outer loop
			vertex 12.40978717804 1.2235966920853 0
			vertex 12.396653175354 1.2323727607727 0.19799999892712
			vertex 12.40978717804 1.2235966920853 0.19799999892712
		endloop
	endfacet
	facet normal 0.19509285368989 0.98078477681861 -0
		outer loop
			vertex 12.42527961731 1.2205150127411 0
			vertex 12.40978717804 1.2235966920853 0.19799999892712
			vertex 12.42527961731 1.2205150127411 0.19799999892712
		endloop
	endfacet
	facet normal 0.55557936535473 -0.83146351019876 0
		outer loop
			vertex 12.396653175354 1.2896271944046 0
			vertex 12.40978717804 1.298403263092 0.19799999892712
			vertex 12.396653175354 1.2896271944046 0.19799999892712
		endloop
	endfacet
	facet normal 0.19509285368989 -0.98078477681861 0
		outer loop
			vertex 12.40978717804 1.298403263092 0
			vertex 12.42527961731 1.3014849424362 0.19799999892712
			vertex 12.40978717804 1.298403263092 0.19799999892712
		endloop
	endfacet
	facet normal 0 0 -1
		outer loop
			vertex 12.38787651062 1.2455070018768 0.19799999892712
			vertex 12.38787651062 1.2764929533005 0.19799999892712
			vertex 12.396653175354 1.2323727607727 0.19799999892712
		endloop
	endfacet
	facet normal 0 0 -1
		outer loop
			vertex 12.396653175354 1.2323727607727 0.19799999892712
			vertex 12.38787651062 1.2764929533005 0.19799999892712
			vertex 12.396653175354 1.2896271944046 0.19799999892712
		endloop
	endfacet
	facet normal 0 0 -1
		outer loop
			vertex 12.38787651062 1.2455070018768 0.19799999892712
			vertex 12.384795188904 1.2610000371933 0.19799999892712
			vertex 12.38787651062 1.2764929533005 0.19799999892712
		endloop
	endfacet
	facet normal 0 0 -1
		outer loop
			vertex 12.396653175354 1.2323727607727 0.19799999892712
			vertex 12.396653175354 1.2896271944046 0.19799999892712
			vertex 12.40978717804 1.2235966920853 0.19799999892712
		endloop
	endfacet
	facet normal 0 0 -1
		outer loop
			vertex 12.42527961731 1.2205150127411 0.19799999892712
			vertex 12.40978717804 1.2235966920853 0.19799999892712
			vertex 12.40978717804 1.298403263092 0.19799999892712
		endloop
	endfacet
	facet normal 0 0 -1
		outer loop
			vertex 12.40978717804 1.2235966920853 0.19799999892712
			vertex 12.396653175354 1.2896271944046 0.19799999892712
			vertex 12.40978717804 1.298403263092 0.19799999892712
		endloop
	endfacet
	facet normal 0 0 -1
		outer loop
			vertex 12.42527961731 1.2205150127411 0.19799999892712
			vertex 12.40978717804 1.298403263092 0.19799999892712
			vertex 12.42527961731 1.3014849424362 0.19799999892712
		endloop
	endfacet
	facet normal 0.70710443883099 0.70710912353434 -0
		outer loop
			vertex 12.720532417297 1.0704327821732 0
			vertex 12.720532417297 1.0704327821732 0.19799999892712
			vertex 12.828493118286 0.96247279644012 0
		endloop
	endfacet
	facet normal 0.70710443883099 0.70710912353434 0
		outer loop
			vertex 12.720532417297 1.0704327821732 0.19799999892712
			vertex 12.828493118286 0.96247279644012 0.19799999892712
			vertex 12.828493118286 0.96247279644012 0
		endloop
	endfacet
	facet normal 0 0 -1
		outer loop
			vertex 12.720532417297 1.0704327821732 0.19799999892712
			vertex 12.749159812927 1.0616468191147 0.19799999892712
			vertex 12.828493118286 0.96247279644012 0.19799999892712
		endloop
	endfacet
	facet normal 0 0 -1
		outer loop
			vertex 12.749159812927 1.0616468191147 0.19799999892712
			vertex 12.850402832031 0.98438310623169 0.19799999892712
			vertex 12.828493118286 0.96247279644012 0.19799999892712
		endloop
	endfacet
	facet normal 0 0 -1
		outer loop
			vertex 12.749159812927 1.0616468191147 0.19799999892712
			vertex 12.755876541138 1.1057769060135 0.19799999892712
			vertex 12.857119560242 1.0285130739212 0.19799999892712
		endloop
	endfacet
	facet normal 0 0 -1
		outer loop
			vertex 12.755876541138 1.1057769060135 0.19799999892712
			vertex 12.777787208557 1.1276872158051 0.19799999892712
			vertex 12.857119560242 1.0285130739212 0.19799999892712
		endloop
	endfacet
	facet normal -0.70710853543918 -0.70710502692957 0
		outer loop
			vertex 12.777787208557 1.1276872158051 0
			vertex 12.873888969421 1.0315849781036 0.19799999892712
			vertex 12.777787208557 1.1276872158051 0.19799999892712
		endloop
	endfacet
	facet normal -0.70710853543918 -0.70710502692957 0
		outer loop
			vertex 12.777787208557 1.1276872158051 0
			vertex 12.873888969421 1.0315849781036 0
			vertex 12.873888969421 1.0315849781036 0.19799999892712
		endloop
	endfacet
	facet normal 0 0 -1
		outer loop
			vertex 12.749159812927 1.0616468191147 0.19799999892712
			vertex 12.857119560242 1.0285130739212 0.19799999892712
			vertex 12.850402832031 0.98438310623169 0.19799999892712
		endloop
	endfacet
	facet normal 0 0 -1
		outer loop
			vertex 12.777787208557 1.1276872158051 0.19799999892712
			vertex 12.873888969421 1.0315849781036 0.19799999892712
			vertex 12.85777759552 1.028311252594 0.19799999892712
		endloop
	endfacet
	facet normal 0 0 -1
		outer loop
			vertex 12.777787208557 1.1276872158051 0.19799999892712
			vertex 12.85777759552 1.028311252594 0.19799999892712
			vertex 12.857119560242 1.0285130739212 0.19799999892712
		endloop
	endfacet
	facet normal 0 0 -1
		outer loop
			vertex 12.85777759552 1.028311252594 0.19799999892712
			vertex 12.873888969421 1.0315849781036 0.19799999892712
			vertex 12.879479408264 1.0259951353073 0.19799999892712
		endloop
	endfacet
	facet normal 0 0 -1
		outer loop
			vertex 12.872612953186 0.95448821783066 0.19799999892712
			vertex 12.85777759552 1.028311252594 0.19799999892712
			vertex 12.879479408264 1.0259951353073 0.19799999892712
		endloop
	endfacet
	facet normal 0 1 0
		outer loop
			vertex 12.857119560242 0.95061498880386 0
			vertex 12.857119560242 0.95061498880386 0.19799999892712
			vertex 13.180999755859 0.95061498880386 0
		endloop
	endfacet
	facet normal 0 -1 0
		outer loop
			vertex 12.873888969421 1.0315849781036 0
			vertex 13.16423034668 1.0315849781036 0.19799999892712
			vertex 12.873888969421 1.0315849781036 0.19799999892712
		endloop
	endfacet
	facet normal 0 -1 0
		outer loop
			vertex 12.873888969421 1.0315849781036 0
			vertex 13.16423034668 1.0315849781036 0
			vertex 13.16423034668 1.0315849781036 0.19799999892712
		endloop
	endfacet
	facet normal 0 0 -1
		outer loop
			vertex 12.857119560242 0.95061498880386 0.19799999892712
			vertex 12.872612953186 0.95448821783066 0.19799999892712
			vertex 13.180999755859 0.95061498880386 0.19799999892712
		endloop
	endfacet
	facet normal 0 0 -1
		outer loop
			vertex 12.872612953186 0.95448821783066 0.19799999892712
			vertex 12.879479408264 1.0259951353073 0.19799999892712
			vertex 13.180999755859 0.95061498880386 0.19799999892712
		endloop
	endfacet
	facet normal 0 0 -1
		outer loop
			vertex 12.873888969421 1.0315849781036 0.19799999892712
			vertex 13.16423034668 1.0315849781036 0.19799999892712
			vertex 12.879479408264 1.0259951353073 0.19799999892712
		endloop
	endfacet
	facet normal -0 1 0
		outer loop
			vertex 12.857119560242 0.95061498880386 0.19799999892712
			vertex 13.180999755859 0.95061498880386 0.19799999892712
			vertex 13.180999755859 0.95061498880386 0
		endloop
	endfacet
	facet normal 0 0 -1
		outer loop
			vertex 12.879479408264 1.0259951353073 0.19799999892712
			vertex 13.180999755859 0.99110001325607 0.19799999892712
			vertex 13.180999755859 0.95061498880386 0.19799999892712
		endloop
	endfacet
	facet normal 0 0 -1
		outer loop
			vertex 12.879479408264 1.0259951353073 0.19799999892712
			vertex 13.16423034668 1.0315849781036 0.19799999892712
			vertex 13.180999755859 0.99110001325607 0.19799999892712
		endloop
	endfacet
	facet normal 0.70710578060315 -0.70710778176853 0
		outer loop
			vertex 13.16423034668 1.0315849781036 0
			vertex 13.248475074768 1.1158294677734 0.19799999892712
			vertex 13.16423034668 1.0315849781036 0.19799999892712
		endloop
	endfacet
	facet normal 0.70710578060315 -0.70710778176853 0
		outer loop
			vertex 13.16423034668 1.0315849781036 0
			vertex 13.248475074768 1.1158294677734 0
			vertex 13.248475074768 1.1158294677734 0.19799999892712
		endloop
	endfacet
	facet normal -0.70710756197346 0.70710600039878 0
		outer loop
			vertex 13.209627151489 0.96247279644012 0
			vertex 13.209627151489 0.96247279644012 0.19799999892712
			vertex 13.317586898804 1.0704327821732 0.19799999892712
		endloop
	endfacet
	facet normal -0.70710756197346 0.70710600039878 0
		outer loop
			vertex 13.209627151489 0.96247279644012 0
			vertex 13.317586898804 1.0704327821732 0.19799999892712
			vertex 13.317586898804 1.0704327821732 0
		endloop
	endfacet
	facet normal 0 0 -1
		outer loop
			vertex 13.180999755859 0.99110001325607 0.19799999892712
			vertex 13.16423034668 1.0315849781036 0.19799999892712
			vertex 13.249683380127 1.0929869413376 0.19799999892712
		endloop
	endfacet
	facet normal 0 0 -1
		outer loop
			vertex 13.180999755859 0.99110001325607 0.19799999892712
			vertex 13.249683380127 1.0929869413376 0.19799999892712
			vertex 13.209627151489 0.96247279644012 0.19799999892712
		endloop
	endfacet
	facet normal 0 0 -1
		outer loop
			vertex 13.16423034668 1.0315849781036 0.19799999892712
			vertex 13.248475074768 1.1158294677734 0.19799999892712
			vertex 13.251546859741 1.0990600585938 0.19799999892712
		endloop
	endfacet
	facet normal 0 0 -1
		outer loop
			vertex 13.16423034668 1.0315849781036 0.19799999892712
			vertex 13.251546859741 1.0990600585938 0.19799999892712
			vertex 13.249683380127 1.0929869413376 0.19799999892712
		endloop
	endfacet
	facet normal 0 0 -1
		outer loop
			vertex 13.209627151489 0.96247279644012 0.19799999892712
			vertex 13.249683380127 1.0929869413376 0.19799999892712
			vertex 13.291007041931 1.0970129966736 0.19799999892712
		endloop
	endfacet
	facet normal 0 0 -1
		outer loop
			vertex 13.209627151489 0.96247279644012 0.19799999892712
			vertex 13.291007041931 1.0970129966736 0.19799999892712
			vertex 13.317586898804 1.0704327821732 0.19799999892712
		endloop
	endfacet
	facet normal 0 0 -1
		outer loop
			vertex 13.251546859741 1.0990600585938 0.19799999892712
			vertex 13.248475074768 1.1158294677734 0.19799999892712
			vertex 13.256916999817 1.1242713928223 0.19799999892712
		endloop
	endfacet
	facet normal 1 0 0
		outer loop
			vertex 13.248475074768 1.1158294677734 0
			vertex 13.248475074768 1.1840977668762 0
			vertex 13.248475074768 1.1840977668762 0.19799999892712
		endloop
	endfacet
	facet normal 1 0 0
		outer loop
			vertex 13.248475074768 1.1158294677734 0
			vertex 13.248475074768 1.1840977668762 0.19799999892712
			vertex 13.248475074768 1.1158294677734 0.19799999892712
		endloop
	endfacet
	facet normal 0 0 -1
		outer loop
			vertex 13.248475074768 1.1158294677734 0.19799999892712
			vertex 13.248475074768 1.1840977668762 0.19799999892712
			vertex 13.256916999817 1.1242713928223 0.19799999892712
		endloop
	endfacet
	facet normal 0 0 -1
		outer loop
			vertex 13.256916999817 1.1242713928223 0.19799999892712
			vertex 13.248475074768 1.1840977668762 0.19799999892712
			vertex 13.270966529846 1.1770311594009 0.19799999892712
		endloop
	endfacet
	facet normal 0 0 -1
		outer loop
			vertex 13.251546859741 1.0990600585938 0.19799999892712
			vertex 13.256916999817 1.1242713928223 0.19799999892712
			vertex 13.297013282776 1.0990600585938 0.19799999892712
		endloop
	endfacet
	facet normal 0 0 -1
		outer loop
			vertex 13.297013282776 1.0990600585938 0.19799999892712
			vertex 13.256916999817 1.1242713928223 0.19799999892712
			vertex 13.273467063904 1.1736972332001 0.19799999892712
		endloop
	endfacet
	facet normal 0 0 -1
		outer loop
			vertex 13.297013282776 1.0990600585938 0.19799999892712
			vertex 13.273467063904 1.1736972332001 0.19799999892712
			vertex 13.304452896118 1.1323827505112 0.19799999892712
		endloop
	endfacet
	facet normal 0 0 -1
		outer loop
			vertex 13.256916999817 1.1242713928223 0.19799999892712
			vertex 13.270966529846 1.1770311594009 0.19799999892712
			vertex 13.273467063904 1.1736972332001 0.19799999892712
		endloop
	endfacet
	facet normal 0 0 -1
		outer loop
			vertex 13.273467063904 1.1736972332001 0.19799999892712
			vertex 13.288960456848 1.2070200443268 0.19799999892712
			vertex 13.304452896118 1.1323827505112 0.19799999892712
		endloop
	endfacet
	facet normal 0 0 -1
		outer loop
			vertex 13.273467063904 1.1736972332001 0.19799999892712
			vertex 13.276134490967 1.185644030571 0.19799999892712
			vertex 13.288960456848 1.2070200443268 0.19799999892712
		endloop
	endfacet
	facet normal 0 0 -1
		outer loop
			vertex 13.304452896118 1.1323827505112 0.19799999892712
			vertex 13.329444885254 1.2070200443268 0.19799999892712
			vertex 13.329444885254 1.0990600585938 0.19799999892712
		endloop
	endfacet
	facet normal 0 0 -1
		outer loop
			vertex 13.304452896118 1.1323827505112 0.19799999892712
			vertex 13.288960456848 1.2070200443268 0.19799999892712
			vertex 13.329444885254 1.2070200443268 0.19799999892712
		endloop
	endfacet
	facet normal -1 0 0
		outer loop
			vertex 13.329444885254 1.0990600585938 0
			vertex 13.329444885254 1.0990600585938 0.19799999892712
			vertex 13.329444885254 1.2070200443268 0
		endloop
	endfacet
	facet normal -1 0 0
		outer loop
			vertex 13.329444885254 1.0990600585938 0.19799999892712
			vertex 13.329444885254 1.2070200443268 0.19799999892712
			vertex 13.329444885254 1.2070200443268 0
		endloop
	endfacet
	facet normal 0.85769436333216 -0.51415987699182 0
		outer loop
			vertex 12.728330612183 1.4961843490601 0
			vertex 12.728706359863 1.4968111515045 0
			vertex 12.728706359863 1.4968111515045 0.19799999892712
		endloop
	endfacet
	facet normal 0.85769436333216 -0.51415987699182 0
		outer loop
			vertex 12.728330612183 1.4961843490601 0
			vertex 12.728706359863 1.4968111515045 0.19799999892712
			vertex 12.728330612183 1.4961843490601 0.19799999892712
		endloop
	endfacet
	facet normal 0 -0 -1
		outer loop
			vertex 12.728706359863 1.4968111515045 0.19799999892712
			vertex 12.732138633728 1.4945180416107 0.19799999892712
			vertex 12.728330612183 1.4961843490601 0.19799999892712
		endloop
	endfacet
	facet normal 0 0 -1
		outer loop
			vertex 12.733667373657 1.493849158287 0.19799999892712
			vertex 12.743111610413 1.5208201408386 0.19799999892712
			vertex 12.866090774536 1.5079545974731 0.19799999892712
		endloop
	endfacet
	facet normal 0.51449563982487 0.85749299507412 0
		outer loop
			vertex 13.248475074768 1.1840977668762 0.19799999892712
			vertex 12.728330612183 1.4961843490601 0
			vertex 12.728330612183 1.4961843490601 0.19799999892712
		endloop
	endfacet
	facet normal 0 0 -1
		outer loop
			vertex 12.733667373657 1.493849158287 0.19799999892712
			vertex 12.866090774536 1.5079545974731 0.19799999892712
			vertex 12.895323753357 1.4904149770737 0.19799999892712
		endloop
	endfacet
	facet normal 0 0 -1
		outer loop
			vertex 13.248475074768 1.1840977668762 0.19799999892712
			vertex 12.728330612183 1.4961843490601 0.19799999892712
			vertex 12.732138633728 1.4945180416107 0.19799999892712
		endloop
	endfacet
	facet normal 0 0 -1
		outer loop
			vertex 13.248475074768 1.1840977668762 0.19799999892712
			vertex 12.732138633728 1.4945180416107 0.19799999892712
			vertex 12.733667373657 1.493849158287 0.19799999892712
		endloop
	endfacet
	facet normal -0.5144955378098 -0.85749305628314 0
		outer loop
			vertex 13.309789657593 1.2417355775833 0.19799999892712
			vertex 12.895323753357 1.4904149770737 0.19799999892712
			vertex 12.895323753357 1.4904149770737 0
		endloop
	endfacet
	facet normal 0 0 -1
		outer loop
			vertex 13.296051979065 1.2188398838043 0.19799999892712
			vertex 12.733667373657 1.493849158287 0.19799999892712
			vertex 12.895323753357 1.4904149770737 0.19799999892712
		endloop
	endfacet
	facet normal 0.51449563982487 0.85749299507412 -0
		outer loop
			vertex 13.248475074768 1.1840977668762 0
			vertex 12.728330612183 1.4961843490601 0
			vertex 13.248475074768 1.1840977668762 0.19799999892712
		endloop
	endfacet
	facet normal 0 0 -1
		outer loop
			vertex 13.276134490967 1.185644030571 0.19799999892712
			vertex 12.733667373657 1.493849158287 0.19799999892712
			vertex 13.288960456848 1.2070200443268 0.19799999892712
		endloop
	endfacet
	facet normal 0 0 -1
		outer loop
			vertex 13.248475074768 1.1840977668762 0.19799999892712
			vertex 12.733667373657 1.493849158287 0.19799999892712
			vertex 13.276134490967 1.185644030571 0.19799999892712
		endloop
	endfacet
	facet normal -0.5144955378098 -0.85749305628314 0
		outer loop
			vertex 13.309789657593 1.2417355775833 0
			vertex 13.309789657593 1.2417355775833 0.19799999892712
			vertex 12.895323753357 1.4904149770737 0
		endloop
	endfacet
	facet normal 0 0 -1
		outer loop
			vertex 13.288960456848 1.2070200443268 0.19799999892712
			vertex 12.733667373657 1.493849158287 0.19799999892712
			vertex 13.296051979065 1.2188398838043 0.19799999892712
		endloop
	endfacet
	facet normal 0 0 -1
		outer loop
			vertex 13.296051979065 1.2188398838043 0.19799999892712
			vertex 12.895323753357 1.4904149770737 0.19799999892712
			vertex 13.305981636047 1.2434020042419 0.19799999892712
		endloop
	endfacet
	facet normal 0 0 -1
		outer loop
			vertex 13.305981636047 1.2434020042419 0.19799999892712
			vertex 12.895323753357 1.4904149770737 0.19799999892712
			vertex 13.309789657593 1.2417355775833 0.19799999892712
		endloop
	endfacet
	facet normal -0.85707546579913 0.51519088299891 0
		outer loop
			vertex 13.309412956238 1.2411088943481 0
			vertex 13.309412956238 1.2411088943481 0.19799999892712
			vertex 13.309789657593 1.2417355775833 0
		endloop
	endfacet
	facet normal -0.85707546579913 0.51519088299891 0
		outer loop
			vertex 13.309789657593 1.2417355775833 0
			vertex 13.309412956238 1.2411088943481 0.19799999892712
			vertex 13.309789657593 1.2417355775833 0.19799999892712
		endloop
	endfacet
	facet normal 0 0 -1
		outer loop
			vertex 13.248475074768 1.1840977668762 0.19799999892712
			vertex 13.276134490967 1.185644030571 0.19799999892712
			vertex 13.270966529846 1.1770311594009 0.19799999892712
		endloop
	endfacet
	facet normal 0 0 -1
		outer loop
			vertex 13.305981636047 1.2434020042419 0.19799999892712
			vertex 13.309789657593 1.2417355775833 0.19799999892712
			vertex 13.309412956238 1.2411088943481 0.19799999892712
		endloop
	endfacet
	facet normal 0 0 -1
		outer loop
			vertex 12.743111610413 1.5208201408386 0.19799999892712
			vertex 12.749159812927 1.5309000015259 0.19799999892712
			vertex 12.866090774536 1.5079545974731 0.19799999892712
		endloop
	endfacet
	facet normal 0 1 0
		outer loop
			vertex 12.895323753357 1.4904149770737 0
			vertex 12.895323753357 1.4904149770737 0.19799999892712
			vertex 13.288960456848 1.4904149770737 0
		endloop
	endfacet
	facet normal -0 1 0
		outer loop
			vertex 12.895323753357 1.4904149770737 0.19799999892712
			vertex 13.288960456848 1.4904149770737 0.19799999892712
			vertex 13.288960456848 1.4904149770737 0
		endloop
	endfacet
	facet normal 0 0 -1
		outer loop
			vertex 12.749159812927 1.5309000015259 0.19799999892712
			vertex 12.749159812927 1.5713850259781 0.19799999892712
			vertex 12.866090774536 1.5079545974731 0.19799999892712
		endloop
	endfacet
	facet normal 0 -1 0
		outer loop
			vertex 12.749159812927 1.5713850259781 0
			vertex 13.288960456848 1.5713850259781 0.19799999892712
			vertex 12.749159812927 1.5713850259781 0.19799999892712
		endloop
	endfacet
	facet normal 0 0 -1
		outer loop
			vertex 12.749159812927 1.5713850259781 0.19799999892712
			vertex 13.288960456848 1.5713850259781 0.19799999892712
			vertex 12.866090774536 1.5079545974731 0.19799999892712
		endloop
	endfacet
	facet normal 0 0 -1
		outer loop
			vertex 12.866090774536 1.5079545974731 0.19799999892712
			vertex 13.288960456848 1.5713850259781 0.19799999892712
			vertex 12.895323753357 1.4904149770737 0.19799999892712
		endloop
	endfacet
	facet normal 0 -1 0
		outer loop
			vertex 12.749159812927 1.5713850259781 0
			vertex 13.288960456848 1.5713850259781 0
			vertex 13.288960456848 1.5713850259781 0.19799999892712
		endloop
	endfacet
	facet normal 0 0 -1
		outer loop
			vertex 12.895323753357 1.4904149770737 0.19799999892712
			vertex 13.288960456848 1.5713850259781 0.19799999892712
			vertex 13.288960456848 1.4904149770737 0.19799999892712
		endloop
	endfacet
	facet normal 0.83147862717407 0.55555674107396 -0
		outer loop
			vertex 12.711756706238 1.0835670232773 0
			vertex 12.711756706238 1.0835670232773 0.19799999892712
			vertex 12.720532417297 1.0704327821732 0
		endloop
	endfacet
	facet normal 0.98079054452663 0.19506385561439 0
		outer loop
			vertex 12.711756706238 1.0835670232773 0
			vertex 12.708675384521 1.0990600585938 0
			vertex 12.708675384521 1.0990600585938 0.19799999892712
		endloop
	endfacet
	facet normal 0.98079054452663 0.19506385561439 -0
		outer loop
			vertex 12.711756706238 1.0835670232773 0
			vertex 12.708675384521 1.0990600585938 0.19799999892712
			vertex 12.711756706238 1.0835670232773 0.19799999892712
		endloop
	endfacet
	facet normal 0.83147862717407 0.55555674107396 -0
		outer loop
			vertex 12.720532417297 1.0704327821732 0
			vertex 12.711756706238 1.0835670232773 0.19799999892712
			vertex 12.720532417297 1.0704327821732 0.19799999892712
		endloop
	endfacet
	facet normal 0 0 -1
		outer loop
			vertex 12.711756706238 1.0835670232773 0.19799999892712
			vertex 12.711756706238 1.1145529747009 0.19799999892712
			vertex 12.720532417297 1.0704327821732 0.19799999892712
		endloop
	endfacet
	facet normal 0 0 -1
		outer loop
			vertex 12.720532417297 1.0704327821732 0.19799999892712
			vertex 12.733667373657 1.1364632844925 0.19799999892712
			vertex 12.749159812927 1.0616468191147 0.19799999892712
		endloop
	endfacet
	facet normal 0.98079025737698 -0.19506529941122 0
		outer loop
			vertex 12.708675384521 1.0990600585938 0
			vertex 12.711756706238 1.1145529747009 0
			vertex 12.711756706238 1.1145529747009 0.19799999892712
		endloop
	endfacet
	facet normal 0.55555147727905 -0.83148214418174 0
		outer loop
			vertex 12.720532417297 1.1276872158051 0
			vertex 12.733667373657 1.1364632844925 0
			vertex 12.733667373657 1.1364632844925 0.19799999892712
		endloop
	endfacet
	facet normal 0.83147862717407 -0.55555674107396 0
		outer loop
			vertex 12.711756706238 1.1145529747009 0
			vertex 12.720532417297 1.1276872158051 0
			vertex 12.720532417297 1.1276872158051 0.19799999892712
		endloop
	endfacet
	facet normal 0.19509285368989 -0.98078477681861 0
		outer loop
			vertex 12.733667373657 1.1364632844925 0
			vertex 12.749159812927 1.1395449638367 0
			vertex 12.749159812927 1.1395449638367 0.19799999892712
		endloop
	endfacet
	facet normal 0.83147862717407 -0.55555674107396 0
		outer loop
			vertex 12.711756706238 1.1145529747009 0
			vertex 12.720532417297 1.1276872158051 0.19799999892712
			vertex 12.711756706238 1.1145529747009 0.19799999892712
		endloop
	endfacet
	facet normal 0.98079025737698 -0.19506529941122 0
		outer loop
			vertex 12.708675384521 1.0990600585938 0
			vertex 12.711756706238 1.1145529747009 0.19799999892712
			vertex 12.708675384521 1.0990600585938 0.19799999892712
		endloop
	endfacet
	facet normal 0.55555147727905 -0.83148214418174 0
		outer loop
			vertex 12.720532417297 1.1276872158051 0
			vertex 12.733667373657 1.1364632844925 0.19799999892712
			vertex 12.720532417297 1.1276872158051 0.19799999892712
		endloop
	endfacet
	facet normal 0.19509285368989 -0.98078477681861 0
		outer loop
			vertex 12.733667373657 1.1364632844925 0
			vertex 12.749159812927 1.1395449638367 0.19799999892712
			vertex 12.733667373657 1.1364632844925 0.19799999892712
		endloop
	endfacet
	facet normal -0.19508130204389 -0.98078707454414 0
		outer loop
			vertex 12.749159812927 1.1395449638367 0
			vertex 12.764653205872 1.1364632844925 0
			vertex 12.764653205872 1.1364632844925 0.19799999892712
		endloop
	endfacet
	facet normal -0.55557936535473 -0.83146351019876 0
		outer loop
			vertex 12.764653205872 1.1364632844925 0
			vertex 12.777787208557 1.1276872158051 0
			vertex 12.777787208557 1.1276872158051 0.19799999892712
		endloop
	endfacet
	facet normal -0.19508130204389 -0.98078707454414 0
		outer loop
			vertex 12.749159812927 1.1395449638367 0
			vertex 12.764653205872 1.1364632844925 0.19799999892712
			vertex 12.749159812927 1.1395449638367 0.19799999892712
		endloop
	endfacet
	facet normal -0.55557936535473 -0.83146351019876 0
		outer loop
			vertex 12.764653205872 1.1364632844925 0
			vertex 12.777787208557 1.1276872158051 0.19799999892712
			vertex 12.764653205872 1.1364632844925 0.19799999892712
		endloop
	endfacet
	facet normal 0 0 -1
		outer loop
			vertex 12.711756706238 1.0835670232773 0.19799999892712
			vertex 12.708675384521 1.0990600585938 0.19799999892712
			vertex 12.711756706238 1.1145529747009 0.19799999892712
		endloop
	endfacet
	facet normal 0 0 -1
		outer loop
			vertex 12.720532417297 1.0704327821732 0.19799999892712
			vertex 12.720532417297 1.1276872158051 0.19799999892712
			vertex 12.733667373657 1.1364632844925 0.19799999892712
		endloop
	endfacet
	facet normal 0 0 -1
		outer loop
			vertex 12.720532417297 1.0704327821732 0.19799999892712
			vertex 12.711756706238 1.1145529747009 0.19799999892712
			vertex 12.720532417297 1.1276872158051 0.19799999892712
		endloop
	endfacet
	facet normal 0 0 -1
		outer loop
			vertex 12.749159812927 1.0616468191147 0.19799999892712
			vertex 12.733667373657 1.1364632844925 0.19799999892712
			vertex 12.749159812927 1.1395449638367 0.19799999892712
		endloop
	endfacet
	facet normal 0 0 -1
		outer loop
			vertex 12.749159812927 1.0616468191147 0.19799999892712
			vertex 12.749159812927 1.1395449638367 0.19799999892712
			vertex 12.755876541138 1.1057769060135 0.19799999892712
		endloop
	endfacet
	facet normal 0 0 -1
		outer loop
			vertex 12.755876541138 1.1057769060135 0.19799999892712
			vertex 12.749159812927 1.1395449638367 0.19799999892712
			vertex 12.764653205872 1.1364632844925 0.19799999892712
		endloop
	endfacet
	facet normal 0 0 -1
		outer loop
			vertex 12.755876541138 1.1057769060135 0.19799999892712
			vertex 12.764653205872 1.1364632844925 0.19799999892712
			vertex 12.777787208557 1.1276872158051 0.19799999892712
		endloop
	endfacet
	facet normal 0.55557936535473 0.83146351019876 -0
		outer loop
			vertex 12.828493118286 0.96247279644012 0
			vertex 12.828493118286 0.96247279644012 0.19799999892712
			vertex 12.841627120972 0.95369672775269 0
		endloop
	endfacet
	facet normal 0.19509648347547 0.98078405479265 -0
		outer loop
			vertex 12.841627120972 0.95369672775269 0
			vertex 12.841627120972 0.95369672775269 0.19799999892712
			vertex 12.857119560242 0.95061498880386 0
		endloop
	endfacet
	facet normal 0.55557936535473 0.83146351019876 -0
		outer loop
			vertex 12.841627120972 0.95369672775269 0
			vertex 12.828493118286 0.96247279644012 0.19799999892712
			vertex 12.841627120972 0.95369672775269 0.19799999892712
		endloop
	endfacet
	facet normal 0.19509648347547 0.98078405479265 -0
		outer loop
			vertex 12.857119560242 0.95061498880386 0
			vertex 12.841627120972 0.95369672775269 0.19799999892712
			vertex 12.857119560242 0.95061498880386 0.19799999892712
		endloop
	endfacet
	facet normal 0 0 -1
		outer loop
			vertex 12.828493118286 0.96247279644012 0.19799999892712
			vertex 12.850402832031 0.98438310623169 0.19799999892712
			vertex 12.841627120972 0.95369672775269 0.19799999892712
		endloop
	endfacet
	facet normal 0 0 -1
		outer loop
			vertex 12.841627120972 0.95369672775269 0.19799999892712
			vertex 12.850402832031 0.98438310623169 0.19799999892712
			vertex 12.857119560242 0.95061498880386 0.19799999892712
		endloop
	endfacet
	facet normal 0 0 -1
		outer loop
			vertex 12.857119560242 0.95061498880386 0.19799999892712
			vertex 12.850402832031 0.98438310623169 0.19799999892712
			vertex 12.857119560242 1.0285130739212 0.19799999892712
		endloop
	endfacet
	facet normal 0 0 -1
		outer loop
			vertex 12.857119560242 0.95061498880386 0.19799999892712
			vertex 12.857119560242 1.0285130739212 0.19799999892712
			vertex 12.872612953186 0.95448821783066 0.19799999892712
		endloop
	endfacet
	facet normal 0 0 -1
		outer loop
			vertex 12.872612953186 0.95448821783066 0.19799999892712
			vertex 12.857119560242 1.0285130739212 0.19799999892712
			vertex 12.85777759552 1.028311252594 0.19799999892712
		endloop
	endfacet
	facet normal -0.19508493163156 0.98078635260199 0
		outer loop
			vertex 13.180999755859 0.95061498880386 0
			vertex 13.180999755859 0.95061498880386 0.19799999892712
			vertex 13.196493148804 0.95369672775269 0
		endloop
	endfacet
	facet normal -0.19508493163156 0.98078635260199 0
		outer loop
			vertex 13.196493148804 0.95369672775269 0
			vertex 13.180999755859 0.95061498880386 0.19799999892712
			vertex 13.196493148804 0.95369672775269 0.19799999892712
		endloop
	endfacet
	facet normal 0 0 -1
		outer loop
			vertex 13.180999755859 0.95061498880386 0.19799999892712
			vertex 13.209627151489 0.96247279644012 0.19799999892712
			vertex 13.196493148804 0.95369672775269 0.19799999892712
		endloop
	endfacet
	facet normal 0 0 -1
		outer loop
			vertex 13.180999755859 0.95061498880386 0.19799999892712
			vertex 13.180999755859 0.99110001325607 0.19799999892712
			vertex 13.209627151489 0.96247279644012 0.19799999892712
		endloop
	endfacet
	facet normal -0.55557936535473 0.83146351019876 0
		outer loop
			vertex 13.196493148804 0.95369672775269 0
			vertex 13.196493148804 0.95369672775269 0.19799999892712
			vertex 13.209627151489 0.96247279644012 0
		endloop
	endfacet
	facet normal -0.55557936535473 0.83146351019876 0
		outer loop
			vertex 13.196493148804 0.95369672775269 0.19799999892712
			vertex 13.209627151489 0.96247279644012 0.19799999892712
			vertex 13.209627151489 0.96247279644012 0
		endloop
	endfacet
	facet normal -0.83145073852668 0.55559847858273 0
		outer loop
			vertex 13.317586898804 1.0704327821732 0
			vertex 13.317586898804 1.0704327821732 0.19799999892712
			vertex 13.326363563538 1.0835670232773 0
		endloop
	endfacet
	facet normal -0.83145073852668 0.55559847858273 0
		outer loop
			vertex 13.317586898804 1.0704327821732 0.19799999892712
			vertex 13.326363563538 1.0835670232773 0.19799999892712
			vertex 13.326363563538 1.0835670232773 0
		endloop
	endfacet
	facet normal 0 0 -1
		outer loop
			vertex 13.291007041931 1.0970129966736 0.19799999892712
			vertex 13.297013282776 1.0990600585938 0.19799999892712
			vertex 13.317586898804 1.0704327821732 0.19799999892712
		endloop
	endfacet
	facet normal 0 0 -1
		outer loop
			vertex 13.317586898804 1.0704327821732 0.19799999892712
			vertex 13.329444885254 1.0990600585938 0.19799999892712
			vertex 13.326363563538 1.0835670232773 0.19799999892712
		endloop
	endfacet
	facet normal 0 -0 -1
		outer loop
			vertex 13.251546859741 1.0990600585938 0.19799999892712
			vertex 13.291007041931 1.0970129966736 0.19799999892712
			vertex 13.249683380127 1.0929869413376 0.19799999892712
		endloop
	endfacet
	facet normal 0 0 -1
		outer loop
			vertex 13.251546859741 1.0990600585938 0.19799999892712
			vertex 13.297013282776 1.0990600585938 0.19799999892712
			vertex 13.291007041931 1.0970129966736 0.19799999892712
		endloop
	endfacet
	facet normal 0 0 -1
		outer loop
			vertex 13.297013282776 1.0990600585938 0.19799999892712
			vertex 13.304452896118 1.1323827505112 0.19799999892712
			vertex 13.317586898804 1.0704327821732 0.19799999892712
		endloop
	endfacet
	facet normal 0 0 -1
		outer loop
			vertex 13.317586898804 1.0704327821732 0.19799999892712
			vertex 13.304452896118 1.1323827505112 0.19799999892712
			vertex 13.329444885254 1.0990600585938 0.19799999892712
		endloop
	endfacet
	facet normal -0.98079054452663 0.19506385561439 0
		outer loop
			vertex 13.326363563538 1.0835670232773 0
			vertex 13.326363563538 1.0835670232773 0.19799999892712
			vertex 13.329444885254 1.0990600585938 0
		endloop
	endfacet
	facet normal -0.98079054452663 0.19506385561439 0
		outer loop
			vertex 13.329444885254 1.0990600585938 0
			vertex 13.326363563538 1.0835670232773 0.19799999892712
			vertex 13.329444885254 1.0990600585938 0.19799999892712
		endloop
	endfacet
	facet normal -0.55557297566707 -0.83146777971755 0
		outer loop
			vertex 13.317586898804 1.2356472015381 0
			vertex 13.317586898804 1.2356472015381 0.19799999892712
			vertex 13.309412956238 1.2411088943481 0
		endloop
	endfacet
	facet normal -0.83145073852668 -0.55559847858273 0
		outer loop
			vertex 13.317586898804 1.2356472015381 0
			vertex 13.326363563538 1.222512960434 0
			vertex 13.326363563538 1.222512960434 0.19799999892712
		endloop
	endfacet
	facet normal -0.55557297566707 -0.83146777971755 0
		outer loop
			vertex 13.309412956238 1.2411088943481 0
			vertex 13.317586898804 1.2356472015381 0.19799999892712
			vertex 13.309412956238 1.2411088943481 0.19799999892712
		endloop
	endfacet
	facet normal -0.83145073852668 -0.55559847858273 0
		outer loop
			vertex 13.317586898804 1.2356472015381 0
			vertex 13.326363563538 1.222512960434 0.19799999892712
			vertex 13.317586898804 1.2356472015381 0.19799999892712
		endloop
	endfacet
	facet normal 0 0 -1
		outer loop
			vertex 13.270966529846 1.1770311594009 0.19799999892712
			vertex 13.276134490967 1.185644030571 0.19799999892712
			vertex 13.273467063904 1.1736972332001 0.19799999892712
		endloop
	endfacet
	facet normal 0 0 -1
		outer loop
			vertex 13.288960456848 1.2070200443268 0.19799999892712
			vertex 13.296051979065 1.2188398838043 0.19799999892712
			vertex 13.329444885254 1.2070200443268 0.19799999892712
		endloop
	endfacet
	facet normal 0 0 -1
		outer loop
			vertex 13.296051979065 1.2188398838043 0.19799999892712
			vertex 13.305981636047 1.2434020042419 0.19799999892712
			vertex 13.309412956238 1.2411088943481 0.19799999892712
		endloop
	endfacet
	facet normal 0 0 -1
		outer loop
			vertex 13.296051979065 1.2188398838043 0.19799999892712
			vertex 13.309412956238 1.2411088943481 0.19799999892712
			vertex 13.317586898804 1.2356472015381 0.19799999892712
		endloop
	endfacet
	facet normal 0 0 -1
		outer loop
			vertex 13.296051979065 1.2188398838043 0.19799999892712
			vertex 13.326363563538 1.222512960434 0.19799999892712
			vertex 13.329444885254 1.2070200443268 0.19799999892712
		endloop
	endfacet
	facet normal 0 0 -1
		outer loop
			vertex 13.296051979065 1.2188398838043 0.19799999892712
			vertex 13.317586898804 1.2356472015381 0.19799999892712
			vertex 13.326363563538 1.222512960434 0.19799999892712
		endloop
	endfacet
	facet normal -0.98079025737698 -0.19506529941122 0
		outer loop
			vertex 13.329444885254 1.2070200443268 0
			vertex 13.329444885254 1.2070200443268 0.19799999892712
			vertex 13.326363563538 1.222512960434 0
		endloop
	endfacet
	facet normal -0.98079025737698 -0.19506529941122 0
		outer loop
			vertex 13.326363563538 1.222512960434 0
			vertex 13.329444885254 1.2070200443268 0.19799999892712
			vertex 13.326363563538 1.222512960434 0.19799999892712
		endloop
	endfacet
	facet normal 0.83148095638576 0.55555325502405 -0
		outer loop
			vertex 12.711756706238 1.5154070854187 0
			vertex 12.711756706238 1.5154070854187 0.19799999892712
			vertex 12.720532417297 1.5022727251053 0
		endloop
	endfacet
	facet normal 0.55556459228653 0.83147338129221 0
		outer loop
			vertex 12.728706359863 1.4968111515045 0
			vertex 12.720532417297 1.5022727251053 0
			vertex 12.720532417297 1.5022727251053 0.19799999892712
		endloop
	endfacet
	facet normal 0.83148095638576 0.55555325502405 -0
		outer loop
			vertex 12.720532417297 1.5022727251053 0
			vertex 12.711756706238 1.5154070854187 0.19799999892712
			vertex 12.720532417297 1.5022727251053 0.19799999892712
		endloop
	endfacet
	facet normal 0.55556459228653 0.83147338129221 -0
		outer loop
			vertex 12.728706359863 1.4968111515045 0
			vertex 12.720532417297 1.5022727251053 0.19799999892712
			vertex 12.728706359863 1.4968111515045 0.19799999892712
		endloop
	endfacet
	facet normal 0.98079025737698 0.19506529941122 0
		outer loop
			vertex 12.711756706238 1.5154070854187 0
			vertex 12.708675384521 1.5309000015259 0
			vertex 12.708675384521 1.5309000015259 0.19799999892712
		endloop
	endfacet
	facet normal 0.98079025737698 -0.19506529941122 0
		outer loop
			vertex 12.708675384521 1.5309000015259 0
			vertex 12.711756706238 1.5463929176331 0
			vertex 12.711756706238 1.5463929176331 0.19799999892712
		endloop
	endfacet
	facet normal 0.83147862717407 -0.55555674107396 0
		outer loop
			vertex 12.711756706238 1.5463929176331 0
			vertex 12.720532417297 1.5595271587372 0
			vertex 12.720532417297 1.5595271587372 0.19799999892712
		endloop
	endfacet
	facet normal 0.55555147727905 -0.83148214418174 0
		outer loop
			vertex 12.720532417297 1.5595271587372 0
			vertex 12.733667373657 1.5683032274246 0
			vertex 12.733667373657 1.5683032274246 0.19799999892712
		endloop
	endfacet
	facet normal 0.19510011325304 -0.98078333275431 0
		outer loop
			vertex 12.733667373657 1.5683032274246 0
			vertex 12.749159812927 1.5713850259781 0
			vertex 12.749159812927 1.5713850259781 0.19799999892712
		endloop
	endfacet
	facet normal 0.98079025737698 -0.19506529941122 0
		outer loop
			vertex 12.708675384521 1.5309000015259 0
			vertex 12.711756706238 1.5463929176331 0.19799999892712
			vertex 12.708675384521 1.5309000015259 0.19799999892712
		endloop
	endfacet
	facet normal 0.98079025737698 0.19506529941122 -0
		outer loop
			vertex 12.711756706238 1.5154070854187 0
			vertex 12.708675384521 1.5309000015259 0.19799999892712
			vertex 12.711756706238 1.5154070854187 0.19799999892712
		endloop
	endfacet
	facet normal 0.83147862717407 -0.55555674107396 0
		outer loop
			vertex 12.711756706238 1.5463929176331 0
			vertex 12.720532417297 1.5595271587372 0.19799999892712
			vertex 12.711756706238 1.5463929176331 0.19799999892712
		endloop
	endfacet
	facet normal 0.55555147727905 -0.83148214418174 0
		outer loop
			vertex 12.720532417297 1.5595271587372 0
			vertex 12.733667373657 1.5683032274246 0.19799999892712
			vertex 12.720532417297 1.5595271587372 0.19799999892712
		endloop
	endfacet
	facet normal 0.19510011325304 -0.98078333275431 0
		outer loop
			vertex 12.733667373657 1.5683032274246 0
			vertex 12.749159812927 1.5713850259781 0.19799999892712
			vertex 12.733667373657 1.5683032274246 0.19799999892712
		endloop
	endfacet
	facet normal 0 0 -1
		outer loop
			vertex 12.711756706238 1.5154070854187 0.19799999892712
			vertex 12.708675384521 1.5309000015259 0.19799999892712
			vertex 12.711756706238 1.5463929176331 0.19799999892712
		endloop
	endfacet
	facet normal 0 0 -1
		outer loop
			vertex 12.711756706238 1.5154070854187 0.19799999892712
			vertex 12.711756706238 1.5463929176331 0.19799999892712
			vertex 12.720532417297 1.5022727251053 0.19799999892712
		endloop
	endfacet
	facet normal 0 0 -1
		outer loop
			vertex 12.728706359863 1.4968111515045 0.19799999892712
			vertex 12.720532417297 1.5595271587372 0.19799999892712
			vertex 12.732138633728 1.4945180416107 0.19799999892712
		endloop
	endfacet
	facet normal 0 0 -1
		outer loop
			vertex 12.732138633728 1.4945180416107 0.19799999892712
			vertex 12.720532417297 1.5595271587372 0.19799999892712
			vertex 12.733667373657 1.493849158287 0.19799999892712
		endloop
	endfacet
	facet normal 0 0 -1
		outer loop
			vertex 12.711756706238 1.5463929176331 0.19799999892712
			vertex 12.720532417297 1.5595271587372 0.19799999892712
			vertex 12.720532417297 1.5022727251053 0.19799999892712
		endloop
	endfacet
	facet normal 0 0 -1
		outer loop
			vertex 12.728706359863 1.4968111515045 0.19799999892712
			vertex 12.720532417297 1.5022727251053 0.19799999892712
			vertex 12.720532417297 1.5595271587372 0.19799999892712
		endloop
	endfacet
	facet normal 0 0 -1
		outer loop
			vertex 12.733667373657 1.493849158287 0.19799999892712
			vertex 12.720532417297 1.5595271587372 0.19799999892712
			vertex 12.733667373657 1.5683032274246 0.19799999892712
		endloop
	endfacet
	facet normal 0 0 -1
		outer loop
			vertex 12.733667373657 1.493849158287 0.19799999892712
			vertex 12.733667373657 1.5683032274246 0.19799999892712
			vertex 12.743111610413 1.5208201408386 0.19799999892712
		endloop
	endfacet
	facet normal 0 0 -1
		outer loop
			vertex 12.743111610413 1.5208201408386 0.19799999892712
			vertex 12.733667373657 1.5683032274246 0.19799999892712
			vertex 12.749159812927 1.5309000015259 0.19799999892712
		endloop
	endfacet
	facet normal 0 0 -1
		outer loop
			vertex 12.733667373657 1.5683032274246 0.19799999892712
			vertex 12.749159812927 1.5713850259781 0.19799999892712
			vertex 12.749159812927 1.5309000015259 0.19799999892712
		endloop
	endfacet
	facet normal -0.55557414806069 0.83146699634239 0
		outer loop
			vertex 13.304452896118 1.4934967756271 0
			vertex 13.304452896118 1.4934967756271 0.19799999892712
			vertex 13.317586898804 1.5022727251053 0
		endloop
	endfacet
	facet normal -0.19510011325304 0.98078333275431 0
		outer loop
			vertex 13.288960456848 1.4904149770737 0
			vertex 13.288960456848 1.4904149770737 0.19799999892712
			vertex 13.304452896118 1.4934967756271 0
		endloop
	endfacet
	facet normal -0.83145306801022 0.55559499250478 0
		outer loop
			vertex 13.317586898804 1.5022727251053 0
			vertex 13.317586898804 1.5022727251053 0.19799999892712
			vertex 13.326363563538 1.5154070854187 0
		endloop
	endfacet
	facet normal -0.19510011325304 0.98078333275431 0
		outer loop
			vertex 13.304452896118 1.4934967756271 0
			vertex 13.288960456848 1.4904149770737 0.19799999892712
			vertex 13.304452896118 1.4934967756271 0.19799999892712
		endloop
	endfacet
	facet normal -0.83145306801022 0.55559499250478 0
		outer loop
			vertex 13.317586898804 1.5022727251053 0.19799999892712
			vertex 13.326363563538 1.5154070854187 0.19799999892712
			vertex 13.326363563538 1.5154070854187 0
		endloop
	endfacet
	facet normal -0.55557414806069 0.83146699634239 0
		outer loop
			vertex 13.317586898804 1.5022727251053 0
			vertex 13.304452896118 1.4934967756271 0.19799999892712
			vertex 13.317586898804 1.5022727251053 0.19799999892712
		endloop
	endfacet
	facet normal -0.83145073852668 -0.55559847858273 0
		outer loop
			vertex 13.317586898804 1.5595271587372 0
			vertex 13.326363563538 1.5463929176331 0
			vertex 13.326363563538 1.5463929176331 0.19799999892712
		endloop
	endfacet
	facet normal -0.55557936535473 -0.83146351019876 0
		outer loop
			vertex 13.304452896118 1.5683032274246 0
			vertex 13.317586898804 1.5595271587372 0
			vertex 13.317586898804 1.5595271587372 0.19799999892712
		endloop
	endfacet
	facet normal -0.19510011325304 -0.98078333275431 0
		outer loop
			vertex 13.288960456848 1.5713850259781 0
			vertex 13.304452896118 1.5683032274246 0
			vertex 13.304452896118 1.5683032274246 0.19799999892712
		endloop
	endfacet
	facet normal -0.55557936535473 -0.83146351019876 0
		outer loop
			vertex 13.304452896118 1.5683032274246 0
			vertex 13.317586898804 1.5595271587372 0.19799999892712
			vertex 13.304452896118 1.5683032274246 0.19799999892712
		endloop
	endfacet
	facet normal -0.83145073852668 -0.55559847858273 0
		outer loop
			vertex 13.317586898804 1.5595271587372 0
			vertex 13.326363563538 1.5463929176331 0.19799999892712
			vertex 13.317586898804 1.5595271587372 0.19799999892712
		endloop
	endfacet
	facet normal -0.19510011325304 -0.98078333275431 0
		outer loop
			vertex 13.288960456848 1.5713850259781 0
			vertex 13.304452896118 1.5683032274246 0.19799999892712
			vertex 13.288960456848 1.5713850259781 0.19799999892712
		endloop
	endfacet
	facet normal 0 0 -1
		outer loop
			vertex 13.288960456848 1.4904149770737 0.19799999892712
			vertex 13.288960456848 1.5713850259781 0.19799999892712
			vertex 13.304452896118 1.4934967756271 0.19799999892712
		endloop
	endfacet
	facet normal 0 0 -1
		outer loop
			vertex 13.304452896118 1.4934967756271 0.19799999892712
			vertex 13.304452896118 1.5683032274246 0.19799999892712
			vertex 13.317586898804 1.5022727251053 0.19799999892712
		endloop
	endfacet
	facet normal 0 0 -1
		outer loop
			vertex 13.304452896118 1.4934967756271 0.19799999892712
			vertex 13.288960456848 1.5713850259781 0.19799999892712
			vertex 13.304452896118 1.5683032274246 0.19799999892712
		endloop
	endfacet
	facet normal 0 0 -1
		outer loop
			vertex 13.317586898804 1.5022727251053 0.19799999892712
			vertex 13.317586898804 1.5595271587372 0.19799999892712
			vertex 13.326363563538 1.5154070854187 0.19799999892712
		endloop
	endfacet
	facet normal 0 0 -1
		outer loop
			vertex 13.317586898804 1.5022727251053 0.19799999892712
			vertex 13.304452896118 1.5683032274246 0.19799999892712
			vertex 13.317586898804 1.5595271587372 0.19799999892712
		endloop
	endfacet
	facet normal 0 0 -1
		outer loop
			vertex 13.317586898804 1.5595271587372 0.19799999892712
			vertex 13.326363563538 1.5463929176331 0.19799999892712
			vertex 13.326363563538 1.5154070854187 0.19799999892712
		endloop
	endfacet
	facet normal -0.98079025737698 -0.19506529941122 0
		outer loop
			vertex 13.329444885254 1.5309000015259 0
			vertex 13.329444885254 1.5309000015259 0.19799999892712
			vertex 13.326363563538 1.5463929176331 0
		endloop
	endfacet
	facet normal -0.98079025737698 0.19506529941122 0
		outer loop
			vertex 13.326363563538 1.5154070854187 0
			vertex 13.326363563538 1.5154070854187 0.19799999892712
			vertex 13.329444885254 1.5309000015259 0
		endloop
	endfacet
	facet normal -0.98079025737698 0.19506529941122 0
		outer loop
			vertex 13.329444885254 1.5309000015259 0
			vertex 13.326363563538 1.5154070854187 0.19799999892712
			vertex 13.329444885254 1.5309000015259 0.19799999892712
		endloop
	endfacet
	facet normal -0.98079025737698 -0.19506529941122 0
		outer loop
			vertex 13.326363563538 1.5463929176331 0
			vertex 13.329444885254 1.5309000015259 0.19799999892712
			vertex 13.326363563538 1.5463929176331 0.19799999892712
		endloop
	endfacet
	facet normal 0 0 -1
		outer loop
			vertex 13.326363563538 1.5154070854187 0.19799999892712
			vertex 13.326363563538 1.5463929176331 0.19799999892712
			vertex 13.329444885254 1.5309000015259 0.19799999892712
		endloop
	endfacet
	facet normal 1 0 0
		outer loop
			vertex 13.356434822083 0.99110001325607 0
			vertex 13.356434822083 1.2481197118759 0
			vertex 13.356434822083 0.99110001325607 0.19799999892712
		endloop
	endfacet
	facet normal -1 0 0
		outer loop
			vertex 13.437404632568 0.99110001325607 0
			vertex 13.437404632568 0.99110001325607 0.19799999892712
			vertex 13.437404632568 1.1954939365387 0
		endloop
	endfacet
	facet normal 0 0 -1
		outer loop
			vertex 13.356434822083 0.99110001325607 0.19799999892712
			vertex 13.390674591064 1.3026338815689 0.19799999892712
			vertex 13.437404632568 0.99110001325607 0.19799999892712
		endloop
	endfacet
	facet normal 1 -0 0
		outer loop
			vertex 13.356434822083 0.99110001325607 0.19799999892712
			vertex 13.356434822083 1.2481197118759 0
			vertex 13.356434822083 1.5309000015259 0.19799999892712
		endloop
	endfacet
	facet normal -1 0 0
		outer loop
			vertex 13.437404632568 0.99110001325607 0.19799999892712
			vertex 13.437404632568 1.1954939365387 0.19799999892712
			vertex 13.437404632568 1.1954939365387 0
		endloop
	endfacet
	facet normal 0 0 -1
		outer loop
			vertex 13.356434822083 0.99110001325607 0.19799999892712
			vertex 13.356434822083 1.5309000015259 0.19799999892712
			vertex 13.390674591064 1.3026338815689 0.19799999892712
		endloop
	endfacet
	facet normal 0 0 -1
		outer loop
			vertex 13.437404632568 0.99110001325607 0.19799999892712
			vertex 13.390674591064 1.3026338815689 0.19799999892712
			vertex 13.437404632568 1.1954939365387 0.19799999892712
		endloop
	endfacet
	facet normal 0 0 -1
		outer loop
			vertex 13.406471252441 1.2801023721695 0.19799999892712
			vertex 13.390674591064 1.3026338815689 0.19799999892712
			vertex 13.406933784485 1.2810271978378 0.19799999892712
		endloop
	endfacet
	facet normal 0 0 -1
		outer loop
			vertex 13.437404632568 1.2047021389008 0.19799999892712
			vertex 13.390674591064 1.3026338815689 0.19799999892712
			vertex 13.406471252441 1.2801023721695 0.19799999892712
		endloop
	endfacet
	facet normal 0 0 -1
		outer loop
			vertex 13.437404632568 1.1954939365387 0.19799999892712
			vertex 13.390674591064 1.3026338815689 0.19799999892712
			vertex 13.437404632568 1.2047021389008 0.19799999892712
		endloop
	endfacet
	facet normal 1 0 0
		outer loop
			vertex 13.356434822083 1.2481197118759 0
			vertex 13.356434822083 1.5309000015259 0
			vertex 13.356434822083 1.5309000015259 0.19799999892712
		endloop
	endfacet
	facet normal -1 0 0
		outer loop
			vertex 13.437404632568 1.3265061378479 0
			vertex 13.437404632568 1.3265061378479 0.19799999892712
			vertex 13.437404632568 1.5309000015259 0
		endloop
	endfacet
	facet normal -1 0 0
		outer loop
			vertex 13.437404632568 1.3265061378479 0.19799999892712
			vertex 13.437404632568 1.5309000015259 0.19799999892712
			vertex 13.437404632568 1.5309000015259 0
		endloop
	endfacet
	facet normal 0 0 -1
		outer loop
			vertex 13.390674591064 1.3026338815689 0.19799999892712
			vertex 13.356434822083 1.5309000015259 0.19799999892712
			vertex 13.437404632568 1.326043844223 0.19799999892712
		endloop
	endfacet
	facet normal -0 -0 -1
		outer loop
			vertex 13.437404632568 1.3265061378479 0.19799999892712
			vertex 13.437404632568 1.326043844223 0.19799999892712
			vertex 13.356434822083 1.5309000015259 0.19799999892712
		endloop
	endfacet
	facet normal 0 0 -1
		outer loop
			vertex 13.437404632568 1.3265061378479 0.19799999892712
			vertex 13.356434822083 1.5309000015259 0.19799999892712
			vertex 13.437404632568 1.5309000015259 0.19799999892712
		endloop
	endfacet
	facet normal 0.83147862717407 -0.55555674107396 0
		outer loop
			vertex 13.359517097473 1.5463929176331 0
			vertex 13.368292808533 1.5595271587372 0
			vertex 13.368292808533 1.5595271587372 0.19799999892712
		endloop
	endfacet
	facet normal 0.98077870533518 -0.19512337420475 0
		outer loop
			vertex 13.356434822083 1.5309000015259 0
			vertex 13.359517097473 1.5463929176331 0
			vertex 13.359517097473 1.5463929176331 0.19799999892712
		endloop
	endfacet
	facet normal 0.55557936535473 -0.83146351019876 0
		outer loop
			vertex 13.368292808533 1.5595271587372 0
			vertex 13.381426811218 1.5683032274246 0
			vertex 13.381426811218 1.5683032274246 0.19799999892712
		endloop
	endfacet
	facet normal 0.98077870533518 -0.19512337420475 0
		outer loop
			vertex 13.356434822083 1.5309000015259 0
			vertex 13.359517097473 1.5463929176331 0.19799999892712
			vertex 13.356434822083 1.5309000015259 0.19799999892712
		endloop
	endfacet
	facet normal 0.83147862717407 -0.55555674107396 0
		outer loop
			vertex 13.359517097473 1.5463929176331 0
			vertex 13.368292808533 1.5595271587372 0.19799999892712
			vertex 13.359517097473 1.5463929176331 0.19799999892712
		endloop
	endfacet
	facet normal 0.55557936535473 -0.83146351019876 0
		outer loop
			vertex 13.368292808533 1.5595271587372 0
			vertex 13.381426811218 1.5683032274246 0.19799999892712
			vertex 13.368292808533 1.5595271587372 0.19799999892712
		endloop
	endfacet
	facet normal 0.19508856121121 -0.98078563064746 0
		outer loop
			vertex 13.381426811218 1.5683032274246 0
			vertex 13.396920204163 1.5713850259781 0.19799999892712
			vertex 13.381426811218 1.5683032274246 0.19799999892712
		endloop
	endfacet
	facet normal 0.19508856121121 -0.98078563064746 0
		outer loop
			vertex 13.381426811218 1.5683032274246 0
			vertex 13.396920204163 1.5713850259781 0
			vertex 13.396920204163 1.5713850259781 0.19799999892712
		endloop
	endfacet
	facet normal -0.19510011325304 -0.98078333275431 0
		outer loop
			vertex 13.396920204163 1.5713850259781 0
			vertex 13.412412643433 1.5683032274246 0
			vertex 13.412412643433 1.5683032274246 0.19799999892712
		endloop
	endfacet
	facet normal -0.98079025737698 -0.19506529941122 0
		outer loop
			vertex 13.437404632568 1.5309000015259 0
			vertex 13.437404632568 1.5309000015259 0.19799999892712
			vertex 13.434323310852 1.5463929176331 0
		endloop
	endfacet
	facet normal -0.83147862717407 -0.55555674107396 0
		outer loop
			vertex 13.434323310852 1.5463929176331 0
			vertex 13.434323310852 1.5463929176331 0.19799999892712
			vertex 13.425547599792 1.5595271587372 0
		endloop
	endfacet
	facet normal -0.55555147727905 -0.83148214418174 0
		outer loop
			vertex 13.412412643433 1.5683032274246 0
			vertex 13.425547599792 1.5595271587372 0
			vertex 13.425547599792 1.5595271587372 0.19799999892712
		endloop
	endfacet
	facet normal -0.55555147727905 -0.83148214418174 0
		outer loop
			vertex 13.412412643433 1.5683032274246 0
			vertex 13.425547599792 1.5595271587372 0.19799999892712
			vertex 13.412412643433 1.5683032274246 0.19799999892712
		endloop
	endfacet
	facet normal -0.19510011325304 -0.98078333275431 0
		outer loop
			vertex 13.396920204163 1.5713850259781 0
			vertex 13.412412643433 1.5683032274246 0.19799999892712
			vertex 13.396920204163 1.5713850259781 0.19799999892712
		endloop
	endfacet
	facet normal -0.83147862717407 -0.55555674107396 0
		outer loop
			vertex 13.425547599792 1.5595271587372 0
			vertex 13.434323310852 1.5463929176331 0.19799999892712
			vertex 13.425547599792 1.5595271587372 0.19799999892712
		endloop
	endfacet
	facet normal -0.98079025737698 -0.19506529941122 0
		outer loop
			vertex 13.434323310852 1.5463929176331 0
			vertex 13.437404632568 1.5309000015259 0.19799999892712
			vertex 13.434323310852 1.5463929176331 0.19799999892712
		endloop
	endfacet
	facet normal 0 0 -1
		outer loop
			vertex 13.356434822083 1.5309000015259 0.19799999892712
			vertex 13.368292808533 1.5595271587372 0.19799999892712
			vertex 13.381426811218 1.5683032274246 0.19799999892712
		endloop
	endfacet
	facet normal 0 0 -1
		outer loop
			vertex 13.356434822083 1.5309000015259 0.19799999892712
			vertex 13.359517097473 1.5463929176331 0.19799999892712
			vertex 13.368292808533 1.5595271587372 0.19799999892712
		endloop
	endfacet
	facet normal 0 0 -1
		outer loop
			vertex 13.356434822083 1.5309000015259 0.19799999892712
			vertex 13.381426811218 1.5683032274246 0.19799999892712
			vertex 13.396920204163 1.5713850259781 0.19799999892712
		endloop
	endfacet
	facet normal 0 0 -1
		outer loop
			vertex 13.356434822083 1.5309000015259 0.19799999892712
			vertex 13.396920204163 1.5713850259781 0.19799999892712
			vertex 13.412412643433 1.5683032274246 0.19799999892712
		endloop
	endfacet
	facet normal 0 0 -1
		outer loop
			vertex 13.356434822083 1.5309000015259 0.19799999892712
			vertex 13.412412643433 1.5683032274246 0.19799999892712
			vertex 13.425547599792 1.5595271587372 0.19799999892712
		endloop
	endfacet
	facet normal 0 0 -1
		outer loop
			vertex 13.356434822083 1.5309000015259 0.19799999892712
			vertex 13.434323310852 1.5463929176331 0.19799999892712
			vertex 13.437404632568 1.5309000015259 0.19799999892712
		endloop
	endfacet
	facet normal 0 0 -1
		outer loop
			vertex 13.356434822083 1.5309000015259 0.19799999892712
			vertex 13.425547599792 1.5595271587372 0.19799999892712
			vertex 13.434323310852 1.5463929176331 0.19799999892712
		endloop
	endfacet
	facet normal 0.55557936535473 0.83146351019876 -0
		outer loop
			vertex 13.368292808533 0.96247279644012 0
			vertex 13.368292808533 0.96247279644012 0.19799999892712
			vertex 13.381426811218 0.95369672775269 0
		endloop
	endfacet
	facet normal 0.83147862717407 0.55555674107396 0
		outer loop
			vertex 13.368292808533 0.96247279644012 0
			vertex 13.359517097473 0.97560703754425 0
			vertex 13.359517097473 0.97560703754425 0.19799999892712
		endloop
	endfacet
	facet normal 0.98077884899461 0.1951226521058 -0
		outer loop
			vertex 13.356434822083 0.99110001325607 0
			vertex 13.356434822083 0.99110001325607 0.19799999892712
			vertex 13.359517097473 0.97560703754425 0
		endloop
	endfacet
	facet normal 0.19508493163156 0.98078635260199 -0
		outer loop
			vertex 13.381426811218 0.95369672775269 0
			vertex 13.381426811218 0.95369672775269 0.19799999892712
			vertex 13.396920204163 0.95061498880386 0
		endloop
	endfacet
	facet normal 0.98077884899461 0.1951226521058 -0
		outer loop
			vertex 13.359517097473 0.97560703754425 0
			vertex 13.356434822083 0.99110001325607 0.19799999892712
			vertex 13.359517097473 0.97560703754425 0.19799999892712
		endloop
	endfacet
	facet normal 0.83147862717407 0.55555674107396 -0
		outer loop
			vertex 13.368292808533 0.96247279644012 0
			vertex 13.359517097473 0.97560703754425 0.19799999892712
			vertex 13.368292808533 0.96247279644012 0.19799999892712
		endloop
	endfacet
	facet normal 0.55557936535473 0.83146351019876 -0
		outer loop
			vertex 13.381426811218 0.95369672775269 0
			vertex 13.368292808533 0.96247279644012 0.19799999892712
			vertex 13.381426811218 0.95369672775269 0.19799999892712
		endloop
	endfacet
	facet normal -0.19509648347547 0.98078405479265 0
		outer loop
			vertex 13.396920204163 0.95061498880386 0
			vertex 13.396920204163 0.95061498880386 0.19799999892712
			vertex 13.412412643433 0.95369672775269 0
		endloop
	endfacet
	facet normal -0.55555147727905 0.83148214418174 0
		outer loop
			vertex 13.412412643433 0.95369672775269 0
			vertex 13.412412643433 0.95369672775269 0.19799999892712
			vertex 13.425547599792 0.96247279644012 0
		endloop
	endfacet
	facet normal -0.9807904009526 0.19506457751019 0
		outer loop
			vertex 13.434323310852 0.97560703754425 0
			vertex 13.434323310852 0.97560703754425 0.19799999892712
			vertex 13.437404632568 0.99110001325607 0
		endloop
	endfacet
	facet normal -0.83147862717407 0.55555674107396 0
		outer loop
			vertex 13.425547599792 0.96247279644012 0
			vertex 13.425547599792 0.96247279644012 0.19799999892712
			vertex 13.434323310852 0.97560703754425 0
		endloop
	endfacet
	facet normal 0.19508493163156 0.98078635260199 -0
		outer loop
			vertex 13.396920204163 0.95061498880386 0
			vertex 13.381426811218 0.95369672775269 0.19799999892712
			vertex 13.396920204163 0.95061498880386 0.19799999892712
		endloop
	endfacet
	facet normal -0.19509648347547 0.98078405479265 0
		outer loop
			vertex 13.412412643433 0.95369672775269 0
			vertex 13.396920204163 0.95061498880386 0.19799999892712
			vertex 13.412412643433 0.95369672775269 0.19799999892712
		endloop
	endfacet
	facet normal -0.55555147727905 0.83148214418174 0
		outer loop
			vertex 13.425547599792 0.96247279644012 0
			vertex 13.412412643433 0.95369672775269 0.19799999892712
			vertex 13.425547599792 0.96247279644012 0.19799999892712
		endloop
	endfacet
	facet normal -0.83147862717407 0.55555674107396 0
		outer loop
			vertex 13.434323310852 0.97560703754425 0
			vertex 13.425547599792 0.96247279644012 0.19799999892712
			vertex 13.434323310852 0.97560703754425 0.19799999892712
		endloop
	endfacet
	facet normal -0.9807904009526 0.19506457751019 0
		outer loop
			vertex 13.437404632568 0.99110001325607 0
			vertex 13.434323310852 0.97560703754425 0.19799999892712
			vertex 13.437404632568 0.99110001325607 0.19799999892712
		endloop
	endfacet
	facet normal 0 0 -1
		outer loop
			vertex 13.368292808533 0.96247279644012 0.19799999892712
			vertex 13.359517097473 0.97560703754425 0.19799999892712
			vertex 13.437404632568 0.99110001325607 0.19799999892712
		endloop
	endfacet
	facet normal 0 0 -1
		outer loop
			vertex 13.356434822083 0.99110001325607 0.19799999892712
			vertex 13.437404632568 0.99110001325607 0.19799999892712
			vertex 13.359517097473 0.97560703754425 0.19799999892712
		endloop
	endfacet
	facet normal 0 0 -1
		outer loop
			vertex 13.368292808533 0.96247279644012 0.19799999892712
			vertex 13.437404632568 0.99110001325607 0.19799999892712
			vertex 13.381426811218 0.95369672775269 0.19799999892712
		endloop
	endfacet
	facet normal 0 0 -1
		outer loop
			vertex 13.381426811218 0.95369672775269 0.19799999892712
			vertex 13.437404632568 0.99110001325607 0.19799999892712
			vertex 13.396920204163 0.95061498880386 0.19799999892712
		endloop
	endfacet
	facet normal 0 0 -1
		outer loop
			vertex 13.396920204163 0.95061498880386 0.19799999892712
			vertex 13.437404632568 0.99110001325607 0.19799999892712
			vertex 13.412412643433 0.95369672775269 0.19799999892712
		endloop
	endfacet
	facet normal 0 0 -1
		outer loop
			vertex 13.425547599792 0.96247279644012 0.19799999892712
			vertex 13.437404632568 0.99110001325607 0.19799999892712
			vertex 13.434323310852 0.97560703754425 0.19799999892712
		endloop
	endfacet
	facet normal 0 0 -1
		outer loop
			vertex 13.412412643433 0.95369672775269 0.19799999892712
			vertex 13.437404632568 0.99110001325607 0.19799999892712
			vertex 13.425547599792 0.96247279644012 0.19799999892712
		endloop
	endfacet
	facet normal 0 0 -1
		outer loop
			vertex 13.437404632568 1.2047021389008 0.19799999892712
			vertex 13.406471252441 1.2801023721695 0.19799999892712
			vertex 13.406933784485 1.2810271978378 0.19799999892712
		endloop
	endfacet
	facet normal 0 0 -1
		outer loop
			vertex 13.437404632568 1.2047021389008 0.19799999892712
			vertex 13.406933784485 1.2810271978378 0.19799999892712
			vertex 13.437404632568 1.2860211133957 0.19799999892712
		endloop
	endfacet
	facet normal 0 0 -1
		outer loop
			vertex 13.437404632568 1.2047021389008 0.19799999892712
			vertex 13.437404632568 1.2860211133957 0.19799999892712
			vertex 13.487446784973 1.2610000371933 0.19799999892712
		endloop
	endfacet
	facet normal 0.44721350686997 0.8944272353149 0
		outer loop
			vertex 13.437404632568 1.1954939365387 0.19799999892712
			vertex 13.918614387512 0.95488911867142 0.19799999892712
			vertex 13.918614387512 0.95488911867142 0
		endloop
	endfacet
	facet normal 0 0 -1
		outer loop
			vertex 13.437404632568 1.1954939365387 0.19799999892712
			vertex 13.918822288513 0.95530378818512 0.19799999892712
			vertex 13.918614387512 0.95488911867142 0.19799999892712
		endloop
	endfacet
	facet normal 0 0 -1
		outer loop
			vertex 13.437404632568 1.1954939365387 0.19799999892712
			vertex 13.942481040955 1.002622127533 0.19799999892712
			vertex 13.918822288513 0.95530378818512 0.19799999892712
		endloop
	endfacet
	facet normal 0 0 -1
		outer loop
			vertex 13.437404632568 1.1954939365387 0.19799999892712
			vertex 13.952213287354 1.0282065868378 0.19799999892712
			vertex 13.942481040955 1.002622127533 0.19799999892712
		endloop
	endfacet
	facet normal 0.44721350686997 0.8944272353149 -0
		outer loop
			vertex 13.437404632568 1.1954939365387 0
			vertex 13.437404632568 1.1954939365387 0.19799999892712
			vertex 13.918614387512 0.95488911867142 0
		endloop
	endfacet
	facet normal -0.44721341299431 -0.89442728225272 0
		outer loop
			vertex 13.954825401306 1.0273108482361 0.19799999892712
			vertex 13.487446784973 1.2610000371933 0.19799999892712
			vertex 13.487446784973 1.2610000371933 0
		endloop
	endfacet
	facet normal 0 0 -1
		outer loop
			vertex 13.437404632568 1.1954939365387 0.19799999892712
			vertex 13.437404632568 1.2047021389008 0.19799999892712
			vertex 13.952213287354 1.0282065868378 0.19799999892712
		endloop
	endfacet
	facet normal 0 0 -1
		outer loop
			vertex 13.437404632568 1.2047021389008 0.19799999892712
			vertex 13.487446784973 1.2610000371933 0.19799999892712
			vertex 13.952213287354 1.0282065868378 0.19799999892712
		endloop
	endfacet
	facet normal -0.44721341299431 -0.89442728225272 0
		outer loop
			vertex 13.954825401306 1.0273108482361 0
			vertex 13.954825401306 1.0273108482361 0.19799999892712
			vertex 13.487446784973 1.2610000371933 0
		endloop
	endfacet
	facet normal 0 0 -1
		outer loop
			vertex 13.952213287354 1.0282065868378 0.19799999892712
			vertex 13.487446784973 1.2610000371933 0.19799999892712
			vertex 13.952276229858 1.0281848907471 0.19799999892712
		endloop
	endfacet
	facet normal 0 0 -1
		outer loop
			vertex 13.952276229858 1.0281848907471 0.19799999892712
			vertex 13.487446784973 1.2610000371933 0.19799999892712
			vertex 13.954825401306 1.0273108482361 0.19799999892712
		endloop
	endfacet
	facet normal -0.89393837761225 0.44818988947988 0
		outer loop
			vertex 13.918614387512 0.95488911867142 0
			vertex 13.918614387512 0.95488911867142 0.19799999892712
			vertex 13.918822288513 0.95530378818512 0
		endloop
	endfacet
	facet normal -0.89393837761225 0.44818988947988 0
		outer loop
			vertex 13.918822288513 0.95530378818512 0
			vertex 13.918614387512 0.95488911867142 0.19799999892712
			vertex 13.918822288513 0.95530378818512 0.19799999892712
		endloop
	endfacet
	facet normal -0.89473568486694 0.44659607502271 0
		outer loop
			vertex 13.954825401306 1.0273108482361 0
			vertex 13.954618453979 1.026896238327 0
			vertex 13.954618453979 1.026896238327 0.19799999892712
		endloop
	endfacet
	facet normal -0.89473568486694 0.44659607502271 0
		outer loop
			vertex 13.954825401306 1.0273108482361 0
			vertex 13.954618453979 1.026896238327 0.19799999892712
			vertex 13.954825401306 1.0273108482361 0.19799999892712
		endloop
	endfacet
	facet normal 0 0 -1
		outer loop
			vertex 13.952276229858 1.0281848907471 0.19799999892712
			vertex 13.954825401306 1.0273108482361 0.19799999892712
			vertex 13.954618453979 1.026896238327 0.19799999892712
		endloop
	endfacet
	facet normal 0.55556532691943 0.83147289043294 -0
		outer loop
			vertex 13.918822288513 0.95530378818512 0
			vertex 13.918822288513 0.95530378818512 0.19799999892712
			vertex 13.921227455139 0.95369672775269 0
		endloop
	endfacet
	facet normal 0.19509648347547 0.98078405479265 -0
		outer loop
			vertex 13.921227455139 0.95369672775269 0
			vertex 13.921227455139 0.95369672775269 0.19799999892712
			vertex 13.936719894409 0.95061498880386 0
		endloop
	endfacet
	facet normal -0.19508493163156 0.98078635260199 0
		outer loop
			vertex 13.936719894409 0.95061498880386 0
			vertex 13.936719894409 0.95061498880386 0.19799999892712
			vertex 13.952213287354 0.95369672775269 0
		endloop
	endfacet
	facet normal -0.55557936535473 0.83146351019876 0
		outer loop
			vertex 13.952213287354 0.95369672775269 0
			vertex 13.952213287354 0.95369672775269 0.19799999892712
			vertex 13.965347290039 0.96247279644012 0
		endloop
	endfacet
	facet normal 0.55556532691943 0.83147289043294 -0
		outer loop
			vertex 13.921227455139 0.95369672775269 0
			vertex 13.918822288513 0.95530378818512 0.19799999892712
			vertex 13.921227455139 0.95369672775269 0.19799999892712
		endloop
	endfacet
	facet normal 0.19509648347547 0.98078405479265 -0
		outer loop
			vertex 13.936719894409 0.95061498880386 0
			vertex 13.921227455139 0.95369672775269 0.19799999892712
			vertex 13.936719894409 0.95061498880386 0.19799999892712
		endloop
	endfacet
	facet normal -0.19508493163156 0.98078635260199 0
		outer loop
			vertex 13.952213287354 0.95369672775269 0
			vertex 13.936719894409 0.95061498880386 0.19799999892712
			vertex 13.952213287354 0.95369672775269 0.19799999892712
		endloop
	endfacet
	facet normal -0.55557936535473 0.83146351019876 0
		outer loop
			vertex 13.965347290039 0.96247279644012 0
			vertex 13.952213287354 0.95369672775269 0.19799999892712
			vertex 13.965347290039 0.96247279644012 0.19799999892712
		endloop
	endfacet
	facet normal -0.55558251239476 -0.83146140735522 0
		outer loop
			vertex 13.965347290039 1.019727230072 0
			vertex 13.965347290039 1.019727230072 0.19799999892712
			vertex 13.954618453979 1.026896238327 0
		endloop
	endfacet
	facet normal -0.55558251239476 -0.83146140735522 0
		outer loop
			vertex 13.954618453979 1.026896238327 0
			vertex 13.965347290039 1.019727230072 0.19799999892712
			vertex 13.954618453979 1.026896238327 0.19799999892712
		endloop
	endfacet
	facet normal 0 0 -1
		outer loop
			vertex 13.918822288513 0.95530378818512 0.19799999892712
			vertex 13.942481040955 1.002622127533 0.19799999892712
			vertex 13.921227455139 0.95369672775269 0.19799999892712
		endloop
	endfacet
	facet normal 0 0 -1
		outer loop
			vertex 13.921227455139 0.95369672775269 0.19799999892712
			vertex 13.942481040955 1.002622127533 0.19799999892712
			vertex 13.936719894409 0.95061498880386 0.19799999892712
		endloop
	endfacet
	facet normal 0 0 -1
		outer loop
			vertex 13.936719894409 0.95061498880386 0.19799999892712
			vertex 13.942481040955 1.002622127533 0.19799999892712
			vertex 13.952213287354 0.95369672775269 0.19799999892712
		endloop
	endfacet
	facet normal 0 0 -1
		outer loop
			vertex 13.952213287354 0.95369672775269 0.19799999892712
			vertex 13.952213287354 1.0282065868378 0.19799999892712
			vertex 13.965347290039 0.96247279644012 0.19799999892712
		endloop
	endfacet
	facet normal 0 0 -1
		outer loop
			vertex 13.952213287354 0.95369672775269 0.19799999892712
			vertex 13.942481040955 1.002622127533 0.19799999892712
			vertex 13.952213287354 1.0282065868378 0.19799999892712
		endloop
	endfacet
	facet normal 0 0 -1
		outer loop
			vertex 13.965347290039 0.96247279644012 0.19799999892712
			vertex 13.954618453979 1.026896238327 0.19799999892712
			vertex 13.965347290039 1.019727230072 0.19799999892712
		endloop
	endfacet
	facet normal 0 0 -1
		outer loop
			vertex 13.965347290039 0.96247279644012 0.19799999892712
			vertex 13.952213287354 1.0282065868378 0.19799999892712
			vertex 13.952276229858 1.0281848907471 0.19799999892712
		endloop
	endfacet
	facet normal 0 0 -1
		outer loop
			vertex 13.965347290039 0.96247279644012 0.19799999892712
			vertex 13.952276229858 1.0281848907471 0.19799999892712
			vertex 13.954618453979 1.026896238327 0.19799999892712
		endloop
	endfacet
	facet normal -0.98077884899461 0.1951226521058 0
		outer loop
			vertex 13.974123001099 0.97560703754425 0
			vertex 13.974123001099 0.97560703754425 0.19799999892712
			vertex 13.977205276489 0.99110001325607 0
		endloop
	endfacet
	facet normal -0.83147862717407 0.55555674107396 0
		outer loop
			vertex 13.965347290039 0.96247279644012 0
			vertex 13.965347290039 0.96247279644012 0.19799999892712
			vertex 13.974123001099 0.97560703754425 0
		endloop
	endfacet
	facet normal -0.83147862717407 0.55555674107396 0
		outer loop
			vertex 13.965347290039 0.96247279644012 0.19799999892712
			vertex 13.974123001099 0.97560703754425 0.19799999892712
			vertex 13.974123001099 0.97560703754425 0
		endloop
	endfacet
	facet normal -0.98077884899461 0.1951226521058 0
		outer loop
			vertex 13.977205276489 0.99110001325607 0
			vertex 13.974123001099 0.97560703754425 0.19799999892712
			vertex 13.977205276489 0.99110001325607 0.19799999892712
		endloop
	endfacet
	facet normal -0.98077884899461 -0.1951226521058 0
		outer loop
			vertex 13.977205276489 0.99110001325607 0
			vertex 13.977205276489 0.99110001325607 0.19799999892712
			vertex 13.974123001099 1.0065929889679 0
		endloop
	endfacet
	facet normal -0.83147862717407 -0.55555674107396 0
		outer loop
			vertex 13.965347290039 1.019727230072 0
			vertex 13.974123001099 1.0065929889679 0
			vertex 13.974123001099 1.0065929889679 0.19799999892712
		endloop
	endfacet
	facet normal -0.98077884899461 -0.1951226521058 0
		outer loop
			vertex 13.974123001099 1.0065929889679 0
			vertex 13.977205276489 0.99110001325607 0.19799999892712
			vertex 13.974123001099 1.0065929889679 0.19799999892712
		endloop
	endfacet
	facet normal -0.83147862717407 -0.55555674107396 0
		outer loop
			vertex 13.965347290039 1.019727230072 0
			vertex 13.974123001099 1.0065929889679 0.19799999892712
			vertex 13.965347290039 1.019727230072 0.19799999892712
		endloop
	endfacet
	facet normal 0 0 -1
		outer loop
			vertex 13.965347290039 0.96247279644012 0.19799999892712
			vertex 13.965347290039 1.019727230072 0.19799999892712
			vertex 13.974123001099 0.97560703754425 0.19799999892712
		endloop
	endfacet
	facet normal 0 0 -1
		outer loop
			vertex 13.965347290039 1.019727230072 0.19799999892712
			vertex 13.974123001099 1.0065929889679 0.19799999892712
			vertex 13.974123001099 0.97560703754425 0.19799999892712
		endloop
	endfacet
	facet normal 0 0 -1
		outer loop
			vertex 13.974123001099 0.97560703754425 0.19799999892712
			vertex 13.974123001099 1.0065929889679 0.19799999892712
			vertex 13.977205276489 0.99110001325607 0.19799999892712
		endloop
	endfacet
	facet normal 0 0 -1
		outer loop
			vertex 13.406933784485 1.2810271978378 0.19799999892712
			vertex 13.390674591064 1.3026338815689 0.19799999892712
			vertex 13.437404632568 1.2860211133957 0.19799999892712
		endloop
	endfacet
	facet normal 0 0 -1
		outer loop
			vertex 13.390674591064 1.3026338815689 0.19799999892712
			vertex 13.437404632568 1.326043844223 0.19799999892712
			vertex 13.437404632568 1.2860211133957 0.19799999892712
		endloop
	endfacet
	facet normal 0.44721341823997 -0.89442727962989 0
		outer loop
			vertex 13.437404632568 1.3265061378479 0
			vertex 13.918614387512 1.5671108961105 0
			vertex 13.437404632568 1.3265061378479 0.19799999892712
		endloop
	endfacet
	facet normal -0.44721323048861 0.8944273735055 0
		outer loop
			vertex 13.487446784973 1.2610000371933 0
			vertex 13.487446784973 1.2610000371933 0.19799999892712
			vertex 13.954825401306 1.4946891069412 0
		endloop
	endfacet
	facet normal 0 0 -1
		outer loop
			vertex 13.437404632568 1.2860211133957 0.19799999892712
			vertex 13.437404632568 1.326043844223 0.19799999892712
			vertex 13.918614387512 1.5671108961105 0.19799999892712
		endloop
	endfacet
	facet normal 0 0 -1
		outer loop
			vertex 13.437404632568 1.3265061378479 0.19799999892712
			vertex 13.918614387512 1.5671108961105 0.19799999892712
			vertex 13.437404632568 1.326043844223 0.19799999892712
		endloop
	endfacet
	facet normal 0 0 -1
		outer loop
			vertex 13.437404632568 1.2860211133957 0.19799999892712
			vertex 13.954618453979 1.4951038360596 0.19799999892712
			vertex 13.487446784973 1.2610000371933 0.19799999892712
		endloop
	endfacet
	facet normal 0.44721341823997 -0.89442727962989 0
		outer loop
			vertex 13.437404632568 1.3265061378479 0.19799999892712
			vertex 13.918614387512 1.5671108961105 0
			vertex 13.918614387512 1.5671108961105 0.19799999892712
		endloop
	endfacet
	facet normal -0.44721323048861 0.8944273735055 0
		outer loop
			vertex 13.487446784973 1.2610000371933 0.19799999892712
			vertex 13.954825401306 1.4946891069412 0.19799999892712
			vertex 13.954825401306 1.4946891069412 0
		endloop
	endfacet
	facet normal 0 0 -1
		outer loop
			vertex 13.437404632568 1.2860211133957 0.19799999892712
			vertex 13.918822288513 1.5666961669922 0.19799999892712
			vertex 13.954618453979 1.4951038360596 0.19799999892712
		endloop
	endfacet
	facet normal 0 0 -1
		outer loop
			vertex 13.437404632568 1.2860211133957 0.19799999892712
			vertex 13.918614387512 1.5671108961105 0.19799999892712
			vertex 13.918822288513 1.5666961669922 0.19799999892712
		endloop
	endfacet
	facet normal 0 0 -1
		outer loop
			vertex 13.487446784973 1.2610000371933 0.19799999892712
			vertex 13.954618453979 1.4951038360596 0.19799999892712
			vertex 13.954825401306 1.4946891069412 0.19799999892712
		endloop
	endfacet
	facet normal -0.89478697632629 -0.44649330005819 0
		outer loop
			vertex 13.954618453979 1.4951038360596 0
			vertex 13.954825401306 1.4946891069412 0
			vertex 13.954825401306 1.4946891069412 0.19799999892712
		endloop
	endfacet
	facet normal -0.89478697632629 -0.44649330005819 0
		outer loop
			vertex 13.954618453979 1.4951038360596 0
			vertex 13.954825401306 1.4946891069412 0.19799999892712
			vertex 13.954618453979 1.4951038360596 0.19799999892712
		endloop
	endfacet
	facet normal -0.89396418445437 -0.44813841267273 0
		outer loop
			vertex 13.918614387512 1.5671108961105 0
			vertex 13.918822288513 1.5666961669922 0
			vertex 13.918822288513 1.5666961669922 0.19799999892712
		endloop
	endfacet
	facet normal -0.89396418445437 -0.44813841267273 0
		outer loop
			vertex 13.918614387512 1.5671108961105 0
			vertex 13.918822288513 1.5666961669922 0.19799999892712
			vertex 13.918614387512 1.5671108961105 0.19799999892712
		endloop
	endfacet
	facet normal -0.55557612553879 0.8314656750169 0
		outer loop
			vertex 13.954618453979 1.4951038360596 0
			vertex 13.954618453979 1.4951038360596 0.19799999892712
			vertex 13.965347290039 1.5022727251053 0
		endloop
	endfacet
	facet normal -0.55557612553879 0.8314656750169 0
		outer loop
			vertex 13.965347290039 1.5022727251053 0
			vertex 13.954618453979 1.4951038360596 0.19799999892712
			vertex 13.965347290039 1.5022727251053 0.19799999892712
		endloop
	endfacet
	facet normal -0.83148095638576 0.55555325502405 0
		outer loop
			vertex 13.965347290039 1.5022727251053 0
			vertex 13.965347290039 1.5022727251053 0.19799999892712
			vertex 13.974123001099 1.5154070854187 0
		endloop
	endfacet
	facet normal -0.83148095638576 0.55555325502405 0
		outer loop
			vertex 13.965347290039 1.5022727251053 0.19799999892712
			vertex 13.974123001099 1.5154070854187 0.19799999892712
			vertex 13.974123001099 1.5154070854187 0
		endloop
	endfacet
	facet normal 0.55556532691943 -0.83147289043294 0
		outer loop
			vertex 13.921227455139 1.5683032274246 0
			vertex 13.921227455139 1.5683032274246 0.19799999892712
			vertex 13.918822288513 1.5666961669922 0
		endloop
	endfacet
	facet normal 0.19510011325304 -0.98078333275431 0
		outer loop
			vertex 13.921227455139 1.5683032274246 0
			vertex 13.936719894409 1.5713850259781 0
			vertex 13.936719894409 1.5713850259781 0.19799999892712
		endloop
	endfacet
	facet normal -0.55557936535473 -0.83146351019876 0
		outer loop
			vertex 13.952213287354 1.5683032274246 0
			vertex 13.965347290039 1.5595271587372 0
			vertex 13.965347290039 1.5595271587372 0.19799999892712
		endloop
	endfacet
	facet normal -0.19508856121121 -0.98078563064746 0
		outer loop
			vertex 13.936719894409 1.5713850259781 0
			vertex 13.952213287354 1.5683032274246 0
			vertex 13.952213287354 1.5683032274246 0.19799999892712
		endloop
	endfacet
	facet normal 0.55556532691943 -0.83147289043294 0
		outer loop
			vertex 13.918822288513 1.5666961669922 0
			vertex 13.921227455139 1.5683032274246 0.19799999892712
			vertex 13.918822288513 1.5666961669922 0.19799999892712
		endloop
	endfacet
	facet normal 0.19510011325304 -0.98078333275431 0
		outer loop
			vertex 13.921227455139 1.5683032274246 0
			vertex 13.936719894409 1.5713850259781 0.19799999892712
			vertex 13.921227455139 1.5683032274246 0.19799999892712
		endloop
	endfacet
	facet normal -0.55557936535473 -0.83146351019876 0
		outer loop
			vertex 13.952213287354 1.5683032274246 0
			vertex 13.965347290039 1.5595271587372 0.19799999892712
			vertex 13.952213287354 1.5683032274246 0.19799999892712
		endloop
	endfacet
	facet normal -0.19508856121121 -0.98078563064746 0
		outer loop
			vertex 13.936719894409 1.5713850259781 0
			vertex 13.952213287354 1.5683032274246 0.19799999892712
			vertex 13.936719894409 1.5713850259781 0.19799999892712
		endloop
	endfacet
	facet normal 0 -0 -1
		outer loop
			vertex 13.921227455139 1.5683032274246 0.19799999892712
			vertex 13.936719894409 1.5713850259781 0.19799999892712
			vertex 13.918822288513 1.5666961669922 0.19799999892712
		endloop
	endfacet
	facet normal 0 0 -1
		outer loop
			vertex 13.954618453979 1.4951038360596 0.19799999892712
			vertex 13.918822288513 1.5666961669922 0.19799999892712
			vertex 13.965347290039 1.5022727251053 0.19799999892712
		endloop
	endfacet
	facet normal 0 0 -1
		outer loop
			vertex 13.918822288513 1.5666961669922 0.19799999892712
			vertex 13.952213287354 1.5683032274246 0.19799999892712
			vertex 13.965347290039 1.5022727251053 0.19799999892712
		endloop
	endfacet
	facet normal 0 0 -1
		outer loop
			vertex 13.965347290039 1.5022727251053 0.19799999892712
			vertex 13.952213287354 1.5683032274246 0.19799999892712
			vertex 13.965347290039 1.5595271587372 0.19799999892712
		endloop
	endfacet
	facet normal 0 0 -1
		outer loop
			vertex 13.918822288513 1.5666961669922 0.19799999892712
			vertex 13.936719894409 1.5713850259781 0.19799999892712
			vertex 13.952213287354 1.5683032274246 0.19799999892712
		endloop
	endfacet
	facet normal -0.98077870533518 -0.19512337420475 0
		outer loop
			vertex 13.977205276489 1.5309000015259 0
			vertex 13.977205276489 1.5309000015259 0.19799999892712
			vertex 13.974123001099 1.5463929176331 0
		endloop
	endfacet
	facet normal -0.98077870533518 0.19512337420475 0
		outer loop
			vertex 13.974123001099 1.5154070854187 0
			vertex 13.974123001099 1.5154070854187 0.19799999892712
			vertex 13.977205276489 1.5309000015259 0
		endloop
	endfacet
	facet normal -0.83147862717407 -0.55555674107396 0
		outer loop
			vertex 13.965347290039 1.5595271587372 0
			vertex 13.974123001099 1.5463929176331 0
			vertex 13.974123001099 1.5463929176331 0.19799999892712
		endloop
	endfacet
	facet normal -0.98077870533518 0.19512337420475 0
		outer loop
			vertex 13.977205276489 1.5309000015259 0
			vertex 13.974123001099 1.5154070854187 0.19799999892712
			vertex 13.977205276489 1.5309000015259 0.19799999892712
		endloop
	endfacet
	facet normal -0.83147862717407 -0.55555674107396 0
		outer loop
			vertex 13.965347290039 1.5595271587372 0
			vertex 13.974123001099 1.5463929176331 0.19799999892712
			vertex 13.965347290039 1.5595271587372 0.19799999892712
		endloop
	endfacet
	facet normal -0.98077870533518 -0.19512337420475 0
		outer loop
			vertex 13.974123001099 1.5463929176331 0
			vertex 13.977205276489 1.5309000015259 0.19799999892712
			vertex 13.974123001099 1.5463929176331 0.19799999892712
		endloop
	endfacet
	facet normal 0 0 -1
		outer loop
			vertex 13.974123001099 1.5154070854187 0.19799999892712
			vertex 13.974123001099 1.5463929176331 0.19799999892712
			vertex 13.977205276489 1.5309000015259 0.19799999892712
		endloop
	endfacet
	facet normal 0 0 -1
		outer loop
			vertex 13.965347290039 1.5022727251053 0.19799999892712
			vertex 13.965347290039 1.5595271587372 0.19799999892712
			vertex 13.974123001099 1.5154070854187 0.19799999892712
		endloop
	endfacet
	facet normal 0 0 -1
		outer loop
			vertex 13.965347290039 1.5595271587372 0.19799999892712
			vertex 13.974123001099 1.5463929176331 0.19799999892712
			vertex 13.974123001099 1.5154070854187 0.19799999892712
		endloop
	endfacet
	facet normal 0.70710756197346 -0.70710600039878 0
		outer loop
			vertex 14.016053199768 1.4515671730042 0
			vertex 14.124012947083 1.5595271587372 0
			vertex 14.016053199768 1.4515671730042 0.19799999892712
		endloop
	endfacet
	facet normal 0 0 -1
		outer loop
			vertex 14.016053199768 1.4515671730042 0.19799999892712
			vertex 14.061762809753 1.4523512125015 0.19799999892712
			vertex 14.044679641724 1.4229400157928 0.19799999892712
		endloop
	endfacet
	facet normal 0 0 -1
		outer loop
			vertex 14.073307037354 1.4229400157928 0.19799999892712
			vertex 14.061762809753 1.4523512125015 0.19799999892712
			vertex 14.079001426697 1.4229400157928 0.19799999892712
		endloop
	endfacet
	facet normal 0 0 -1
		outer loop
			vertex 14.061762809753 1.4523512125015 0.19799999892712
			vertex 14.083956718445 1.4290130138397 0.19799999892712
			vertex 14.079001426697 1.4229400157928 0.19799999892712
		endloop
	endfacet
	facet normal 0 0 -1
		outer loop
			vertex 14.083565711975 1.4149004220963 0.19799999892712
			vertex 14.084755897522 1.4249975681305 0.19799999892712
			vertex 14.085165023804 1.4061706066132 0.19799999892712
		endloop
	endfacet
	facet normal 0 0 -1
		outer loop
			vertex 14.083956718445 1.4290130138397 0.19799999892712
			vertex 14.082083702087 1.4229400157928 0.19799999892712
			vertex 14.079001426697 1.4229400157928 0.19799999892712
		endloop
	endfacet
	facet normal 0 0 -1
		outer loop
			vertex 14.016053199768 1.4515671730042 0.19799999892712
			vertex 14.115236282349 1.5444175004959 0.19799999892712
			vertex 14.061762809753 1.4523512125015 0.19799999892712
		endloop
	endfacet
	facet normal 0 0 -1
		outer loop
			vertex 14.061762809753 1.4523512125015 0.19799999892712
			vertex 14.113363265991 1.524827003479 0.19799999892712
			vertex 14.083956718445 1.4290130138397 0.19799999892712
		endloop
	endfacet
	facet normal -0.70710528030986 0.70710828206005 0
		outer loop
			vertex 14.085165023804 1.4061706066132 0
			vertex 14.085165023804 1.4061706066132 0.19799999892712
			vertex 14.169409751892 1.4904149770737 0
		endloop
	endfacet
	facet normal -0.70710528030986 0.70710828206005 0
		outer loop
			vertex 14.085165023804 1.4061706066132 0.19799999892712
			vertex 14.169409751892 1.4904149770737 0.19799999892712
			vertex 14.169409751892 1.4904149770737 0
		endloop
	endfacet
	facet normal 0 0 -1
		outer loop
			vertex 14.083956718445 1.4290130138397 0.19799999892712
			vertex 14.130918502808 1.4976586103439 0.19799999892712
			vertex 14.084755897522 1.4249975681305 0.19799999892712
		endloop
	endfacet
	facet normal 0 0 -1
		outer loop
			vertex 14.085165023804 1.4061706066132 0.19799999892712
			vertex 14.084755897522 1.4249975681305 0.19799999892712
			vertex 14.169409751892 1.4904149770737 0.19799999892712
		endloop
	endfacet
	facet normal 0 0 -1
		outer loop
			vertex 14.083956718445 1.4290130138397 0.19799999892712
			vertex 14.113363265991 1.524827003479 0.19799999892712
			vertex 14.130918502808 1.4976586103439 0.19799999892712
		endloop
	endfacet
	facet normal 0 0 -1
		outer loop
			vertex 14.061762809753 1.4523512125015 0.19799999892712
			vertex 14.115236282349 1.5444175004959 0.19799999892712
			vertex 14.113363265991 1.524827003479 0.19799999892712
		endloop
	endfacet
	facet normal 0 0 -1
		outer loop
			vertex 14.084755897522 1.4249975681305 0.19799999892712
			vertex 14.130918502808 1.4976586103439 0.19799999892712
			vertex 14.168132781982 1.4934967756271 0.19799999892712
		endloop
	endfacet
	facet normal 0 0 -1
		outer loop
			vertex 14.084755897522 1.4249975681305 0.19799999892712
			vertex 14.168132781982 1.4934967756271 0.19799999892712
			vertex 14.169409751892 1.4904149770737 0.19799999892712
		endloop
	endfacet
	facet normal 0 0 -1
		outer loop
			vertex 14.130918502808 1.4976586103439 0.19799999892712
			vertex 14.146466255188 1.5214521884918 0.19799999892712
			vertex 14.168132781982 1.4934967756271 0.19799999892712
		endloop
	endfacet
	facet normal 0 0 -1
		outer loop
			vertex 14.168132781982 1.4934967756271 0.19799999892712
			vertex 14.174066543579 1.4974611997604 0.19799999892712
			vertex 14.174999237061 1.49600481987 0.19799999892712
		endloop
	endfacet
	facet normal 0 0 -1
		outer loop
			vertex 14.168132781982 1.4934967756271 0.19799999892712
			vertex 14.174999237061 1.49600481987 0.19799999892712
			vertex 14.169409751892 1.4904149770737 0.19799999892712
		endloop
	endfacet
	facet normal 0.70710756197346 -0.70710600039878 0
		outer loop
			vertex 14.016053199768 1.4515671730042 0.19799999892712
			vertex 14.124012947083 1.5595271587372 0
			vertex 14.124012947083 1.5595271587372 0.19799999892712
		endloop
	endfacet
	facet normal 0 0 -1
		outer loop
			vertex 14.016053199768 1.4515671730042 0.19799999892712
			vertex 14.124012947083 1.5595271587372 0.19799999892712
			vertex 14.115236282349 1.5444175004959 0.19799999892712
		endloop
	endfacet
	facet normal 0 0 -1
		outer loop
			vertex 14.115236282349 1.5309321880341 0.19799999892712
			vertex 14.124012947083 1.5595271587372 0.19799999892712
			vertex 14.130918502808 1.4976586103439 0.19799999892712
		endloop
	endfacet
	facet normal 0 -0 -1
		outer loop
			vertex 14.115236282349 1.5309321880341 0.19799999892712
			vertex 14.130918502808 1.4976586103439 0.19799999892712
			vertex 14.113363265991 1.524827003479 0.19799999892712
		endloop
	endfacet
	facet normal 0 -0 -1
		outer loop
			vertex 14.152640342712 1.5309000015259 0.19799999892712
			vertex 14.168132781982 1.4934967756271 0.19799999892712
			vertex 14.146466255188 1.5214521884918 0.19799999892712
		endloop
	endfacet
	facet normal 1 0 0
		outer loop
			vertex 14.004195213318 1.0990600585938 0
			vertex 14.004195213318 1.4229400157928 0.19799999892712
			vertex 14.004195213318 1.0990600585938 0.19799999892712
		endloop
	endfacet
	facet normal -1 0 0
		outer loop
			vertex 14.085165023804 1.1158294677734 0
			vertex 14.085165023804 1.1158294677734 0.19799999892712
			vertex 14.085165023804 1.4061706066132 0
		endloop
	endfacet
	facet normal 0 0 -1
		outer loop
			vertex 14.004195213318 1.0990600585938 0.19799999892712
			vertex 14.007276535034 1.4106130599976 0.19799999892712
			vertex 14.074833869934 1.1200128793716 0.19799999892712
		endloop
	endfacet
	facet normal 0 0 -1
		outer loop
			vertex 14.074833869934 1.1200128793716 0.19799999892712
			vertex 14.079575538635 1.1214191913605 0.19799999892712
			vertex 14.075121879578 1.1185655593872 0.19799999892712
		endloop
	endfacet
	facet normal 0 0 -1
		outer loop
			vertex 14.074833869934 1.1200128793716 0.19799999892712
			vertex 14.007276535034 1.4106130599976 0.19799999892712
			vertex 14.079575538635 1.1214191913605 0.19799999892712
		endloop
	endfacet
	facet normal 0 0 -1
		outer loop
			vertex 14.079575538635 1.1214191913605 0.19799999892712
			vertex 14.085165023804 1.4061706066132 0.19799999892712
			vertex 14.085165023804 1.1158294677734 0.19799999892712
		endloop
	endfacet
	facet normal 1 0 0
		outer loop
			vertex 14.004195213318 1.0990600585938 0
			vertex 14.004195213318 1.4229400157928 0
			vertex 14.004195213318 1.4229400157928 0.19799999892712
		endloop
	endfacet
	facet normal -1 0 0
		outer loop
			vertex 14.085165023804 1.1158294677734 0.19799999892712
			vertex 14.085165023804 1.4061706066132 0.19799999892712
			vertex 14.085165023804 1.4061706066132 0
		endloop
	endfacet
	facet normal 0 0 -1
		outer loop
			vertex 14.004195213318 1.0990600585938 0.19799999892712
			vertex 14.004195213318 1.4229400157928 0.19799999892712
			vertex 14.007276535034 1.4106130599976 0.19799999892712
		endloop
	endfacet
	facet normal 0 0 -1
		outer loop
			vertex 14.079575538635 1.1214191913605 0.19799999892712
			vertex 14.007276535034 1.4106130599976 0.19799999892712
			vertex 14.010358810425 1.4229400157928 0.19799999892712
		endloop
	endfacet
	facet normal 0 0 -1
		outer loop
			vertex 14.079575538635 1.1214191913605 0.19799999892712
			vertex 14.010358810425 1.4229400157928 0.19799999892712
			vertex 14.044679641724 1.4229400157928 0.19799999892712
		endloop
	endfacet
	facet normal 0 0 -1
		outer loop
			vertex 14.079575538635 1.1214191913605 0.19799999892712
			vertex 14.044679641724 1.4229400157928 0.19799999892712
			vertex 14.073307037354 1.4110822677612 0.19799999892712
		endloop
	endfacet
	facet normal 0 0 -1
		outer loop
			vertex 14.079575538635 1.1214191913605 0.19799999892712
			vertex 14.073307037354 1.4110822677612 0.19799999892712
			vertex 14.085165023804 1.4061706066132 0.19799999892712
		endloop
	endfacet
	facet normal 0 0 -1
		outer loop
			vertex 14.073307037354 1.4110822677612 0.19799999892712
			vertex 14.079001426697 1.4229400157928 0.19799999892712
			vertex 14.083565711975 1.4149004220963 0.19799999892712
		endloop
	endfacet
	facet normal 0 0 -1
		outer loop
			vertex 14.073307037354 1.4110822677612 0.19799999892712
			vertex 14.083565711975 1.4149004220963 0.19799999892712
			vertex 14.085165023804 1.4061706066132 0.19799999892712
		endloop
	endfacet
	facet normal 0 0 -1
		outer loop
			vertex 14.083565711975 1.4149004220963 0.19799999892712
			vertex 14.079001426697 1.4229400157928 0.19799999892712
			vertex 14.082083702087 1.4229400157928 0.19799999892712
		endloop
	endfacet
	facet normal 0.70710756197346 0.70710600039878 -0
		outer loop
			vertex 14.016053199768 1.0704327821732 0
			vertex 14.016053199768 1.0704327821732 0.19799999892712
			vertex 14.124012947083 0.96247279644012 0
		endloop
	endfacet
	facet normal 0.70710756197346 0.70710600039878 0
		outer loop
			vertex 14.016053199768 1.0704327821732 0.19799999892712
			vertex 14.124012947083 0.96247279644012 0.19799999892712
			vertex 14.124012947083 0.96247279644012 0
		endloop
	endfacet
	facet normal -0 -0 -1
		outer loop
			vertex 14.029187202454 1.0628041028976 0.19799999892712
			vertex 14.124012947083 0.96247279644012 0.19799999892712
			vertex 14.016053199768 1.0704327821732 0.19799999892712
		endloop
	endfacet
	facet normal 0 0 -1
		outer loop
			vertex 14.044679641724 1.0616468191147 0.19799999892712
			vertex 14.053936004639 1.0930116176605 0.19799999892712
			vertex 14.073307037354 1.0803533792496 0.19799999892712
		endloop
	endfacet
	facet normal 0 0 -1
		outer loop
			vertex 14.029187202454 1.0628041028976 0.19799999892712
			vertex 14.124012947083 1.007727265358 0.19799999892712
			vertex 14.124012947083 0.96247279644012 0.19799999892712
		endloop
	endfacet
	facet normal 0 0 -1
		outer loop
			vertex 14.029187202454 1.0628041028976 0.19799999892712
			vertex 14.04402923584 1.061846613884 0.19799999892712
			vertex 14.124012947083 1.007727265358 0.19799999892712
		endloop
	endfacet
	facet normal 0 0 -1
		outer loop
			vertex 14.04402923584 1.061846613884 0.19799999892712
			vertex 14.044679641724 1.0616468191147 0.19799999892712
			vertex 14.124012947083 1.007727265358 0.19799999892712
		endloop
	endfacet
	facet normal 0 0 -1
		outer loop
			vertex 14.044679641724 1.0616468191147 0.19799999892712
			vertex 14.073307037354 1.0803533792496 0.19799999892712
			vertex 14.152640342712 1.0285130739212 0.19799999892712
		endloop
	endfacet
	facet normal 0 0 -1
		outer loop
			vertex 14.075121879578 1.1185655593872 0.19799999892712
			vertex 14.079575538635 1.1214191913605 0.19799999892712
			vertex 14.076389312744 1.1121942996979 0.19799999892712
		endloop
	endfacet
	facet normal 0 0 -1
		outer loop
			vertex 14.073307037354 1.0803533792496 0.19799999892712
			vertex 14.076389312744 1.1121942996979 0.19799999892712
			vertex 14.085165023804 1.1158294677734 0.19799999892712
		endloop
	endfacet
	facet normal 0 0 -1
		outer loop
			vertex 14.076389312744 1.1121942996979 0.19799999892712
			vertex 14.079575538635 1.1214191913605 0.19799999892712
			vertex 14.085165023804 1.1158294677734 0.19799999892712
		endloop
	endfacet
	facet normal -0.70710578060315 -0.70710778176853 0
		outer loop
			vertex 14.085165023804 1.1158294677734 0
			vertex 14.169409751892 1.0315849781036 0
			vertex 14.169409751892 1.0315849781036 0.19799999892712
		endloop
	endfacet
	facet normal -0.70710578060315 -0.70710778176853 0
		outer loop
			vertex 14.085165023804 1.1158294677734 0
			vertex 14.169409751892 1.0315849781036 0.19799999892712
			vertex 14.085165023804 1.1158294677734 0.19799999892712
		endloop
	endfacet
	facet normal 0 0 -1
		outer loop
			vertex 14.044679641724 1.0616468191147 0.19799999892712
			vertex 14.152640342712 1.0285130739212 0.19799999892712
			vertex 14.124012947083 1.007727265358 0.19799999892712
		endloop
	endfacet
	facet normal 0 0 -1
		outer loop
			vertex 14.073307037354 1.0803533792496 0.19799999892712
			vertex 14.085165023804 1.1158294677734 0.19799999892712
			vertex 14.152640342712 1.0285130739212 0.19799999892712
		endloop
	endfacet
	facet normal 0 0 -1
		outer loop
			vertex 14.124012947083 1.007727265358 0.19799999892712
			vertex 14.152640342712 1.0285130739212 0.19799999892712
			vertex 14.143534660339 0.99638831615448 0.19799999892712
		endloop
	endfacet
	facet normal 0 0 -1
		outer loop
			vertex 14.085165023804 1.1158294677734 0.19799999892712
			vertex 14.15322971344 1.0286210775375 0.19799999892712
			vertex 14.152640342712 1.0285130739212 0.19799999892712
		endloop
	endfacet
	facet normal 0 0 -1
		outer loop
			vertex 14.085165023804 1.1158294677734 0.19799999892712
			vertex 14.169409751892 1.0315849781036 0.19799999892712
			vertex 14.15322971344 1.0286210775375 0.19799999892712
		endloop
	endfacet
	facet normal 0 0 -1
		outer loop
			vertex 14.168132781982 0.95448821783066 0.19799999892712
			vertex 14.17505645752 0.99369430541992 0.19799999892712
			vertex 14.181266784668 0.99441301822662 0.19799999892712
		endloop
	endfacet
	facet normal 0 0 -1
		outer loop
			vertex 14.181266784668 0.99441301822662 0.19799999892712
			vertex 14.168132781982 1.0285032987595 0.19799999892712
			vertex 14.169409751892 1.0315849781036 0.19799999892712
		endloop
	endfacet
	facet normal 0 0 -1
		outer loop
			vertex 14.15322971344 1.0286210775375 0.19799999892712
			vertex 14.169409751892 1.0315849781036 0.19799999892712
			vertex 14.168132781982 1.0285032987595 0.19799999892712
		endloop
	endfacet
	facet normal 0 1 0
		outer loop
			vertex 14.152640342712 0.95061498880386 0
			vertex 14.152640342712 0.95061498880386 0.19799999892712
			vertex 14.476519584656 0.95061498880386 0
		endloop
	endfacet
	facet normal 0 -1 0
		outer loop
			vertex 14.169409751892 1.0315849781036 0
			vertex 14.459750175476 1.0315849781036 0.19799999892712
			vertex 14.169409751892 1.0315849781036 0.19799999892712
		endloop
	endfacet
	facet normal 0 0 -1
		outer loop
			vertex 14.152640342712 0.95061498880386 0.19799999892712
			vertex 14.168132781982 0.95448821783066 0.19799999892712
			vertex 14.454675674438 1.0242593288422 0.19799999892712
		endloop
	endfacet
	facet normal 0 0 -1
		outer loop
			vertex 14.168132781982 0.95448821783066 0.19799999892712
			vertex 14.181266784668 0.99441301822662 0.19799999892712
			vertex 14.454160690308 1.0259951353073 0.19799999892712
		endloop
	endfacet
	facet normal 0 0 -1
		outer loop
			vertex 14.181266784668 0.99441301822662 0.19799999892712
			vertex 14.169409751892 1.0315849781036 0.19799999892712
			vertex 14.454160690308 1.0259951353073 0.19799999892712
		endloop
	endfacet
	facet normal -0 1 0
		outer loop
			vertex 14.152640342712 0.95061498880386 0.19799999892712
			vertex 14.476519584656 0.95061498880386 0.19799999892712
			vertex 14.476519584656 0.95061498880386 0
		endloop
	endfacet
	facet normal 0 -1 0
		outer loop
			vertex 14.169409751892 1.0315849781036 0
			vertex 14.459750175476 1.0315849781036 0
			vertex 14.459750175476 1.0315849781036 0.19799999892712
		endloop
	endfacet
	facet normal 0 0 -1
		outer loop
			vertex 14.152640342712 0.95061498880386 0.19799999892712
			vertex 14.454675674438 1.0242593288422 0.19799999892712
			vertex 14.476519584656 0.95061498880386 0.19799999892712
		endloop
	endfacet
	facet normal 0 0 -1
		outer loop
			vertex 14.168132781982 0.95448821783066 0.19799999892712
			vertex 14.454160690308 1.0259951353073 0.19799999892712
			vertex 14.454675674438 1.0242593288422 0.19799999892712
		endloop
	endfacet
	facet normal 0 0 -1
		outer loop
			vertex 14.169409751892 1.0315849781036 0.19799999892712
			vertex 14.459750175476 1.0315849781036 0.19799999892712
			vertex 14.454160690308 1.0259951353073 0.19799999892712
		endloop
	endfacet
	facet normal 0 0 -1
		outer loop
			vertex 14.454675674438 1.0242593288422 0.19799999892712
			vertex 14.454160690308 1.0259951353073 0.19799999892712
			vertex 14.455094337463 1.0245388746262 0.19799999892712
		endloop
	endfacet
	facet normal 0 0 -1
		outer loop
			vertex 14.455094337463 1.0245388746262 0.19799999892712
			vertex 14.454160690308 1.0259951353073 0.19799999892712
			vertex 14.459750175476 1.0315849781036 0.19799999892712
		endloop
	endfacet
	facet normal 0 0 -1
		outer loop
			vertex 14.455094337463 1.0245388746262 0.19799999892712
			vertex 14.459750175476 1.0315849781036 0.19799999892712
			vertex 14.476519584656 0.99110001325607 0.19799999892712
		endloop
	endfacet
	facet normal 0 0 -1
		outer loop
			vertex 14.476519584656 0.99110001325607 0.19799999892712
			vertex 14.459750175476 1.0315849781036 0.19799999892712
			vertex 14.494101524353 1.0180050134659 0.19799999892712
		endloop
	endfacet
	facet normal -0.70710443883099 0.70710912353434 0
		outer loop
			vertex 14.505146980286 0.96247279644012 0
			vertex 14.505146980286 0.96247279644012 0.19799999892712
			vertex 14.613107681274 1.0704327821732 0
		endloop
	endfacet
	facet normal 0.70710578060315 -0.70710778176853 0
		outer loop
			vertex 14.459750175476 1.0315849781036 0
			vertex 14.543994903564 1.1158294677734 0
			vertex 14.543994903564 1.1158294677734 0.19799999892712
		endloop
	endfacet
	facet normal 0.70710578060315 -0.70710778176853 0
		outer loop
			vertex 14.459750175476 1.0315849781036 0
			vertex 14.543994903564 1.1158294677734 0.19799999892712
			vertex 14.459750175476 1.0315849781036 0.19799999892712
		endloop
	endfacet
	facet normal -0.70710443883099 0.70710912353434 0
		outer loop
			vertex 14.505146980286 0.96247279644012 0.19799999892712
			vertex 14.613107681274 1.0704327821732 0.19799999892712
			vertex 14.613107681274 1.0704327821732 0
		endloop
	endfacet
	facet normal 0 0 -1
		outer loop
			vertex 14.505146980286 0.96247279644012 0.19799999892712
			vertex 14.494101524353 1.0180050134659 0.19799999892712
			vertex 14.51392364502 0.99106782674789 0.19799999892712
		endloop
	endfacet
	facet normal 0 0 -1
		outer loop
			vertex 14.459750175476 1.0315849781036 0.19799999892712
			vertex 14.544404029846 1.0970023870468 0.19799999892712
			vertex 14.494101524353 1.0180050134659 0.19799999892712
		endloop
	endfacet
	facet normal 0 0 -1
		outer loop
			vertex 14.494101524353 1.0180050134659 0.19799999892712
			vertex 14.545203208923 1.0929869413376 0.19799999892712
			vertex 14.51392364502 0.99106782674789 0.19799999892712
		endloop
	endfacet
	facet normal 0 0 -1
		outer loop
			vertex 14.51392364502 0.97758251428604 0.19799999892712
			vertex 14.51392364502 0.99106782674789 0.19799999892712
			vertex 14.564497947693 1.064656496048 0.19799999892712
		endloop
	endfacet
	facet normal 0 0 -1
		outer loop
			vertex 14.459750175476 1.0315849781036 0.19799999892712
			vertex 14.543994903564 1.1158294677734 0.19799999892712
			vertex 14.544404029846 1.0970023870468 0.19799999892712
		endloop
	endfacet
	facet normal 0 0 -1
		outer loop
			vertex 14.51392364502 0.99106782674789 0.19799999892712
			vertex 14.545203208923 1.0929869413376 0.19799999892712
			vertex 14.564497947693 1.064656496048 0.19799999892712
		endloop
	endfacet
	facet normal 0 0 -1
		outer loop
			vertex 14.494101524353 1.0180050134659 0.19799999892712
			vertex 14.544404029846 1.0970023870468 0.19799999892712
			vertex 14.545203208923 1.0929869413376 0.19799999892712
		endloop
	endfacet
	facet normal 0 0 -1
		outer loop
			vertex 14.505146980286 0.96247279644012 0.19799999892712
			vertex 14.51392364502 0.97758251428604 0.19799999892712
			vertex 14.613107681274 1.0704327821732 0.19799999892712
		endloop
	endfacet
	facet normal 0 0 -1
		outer loop
			vertex 14.51392364502 0.97758251428604 0.19799999892712
			vertex 14.564497947693 1.064656496048 0.19799999892712
			vertex 14.613107681274 1.0704327821732 0.19799999892712
		endloop
	endfacet
	facet normal 0 0 -1
		outer loop
			vertex 14.550158500671 1.0990600585938 0.19799999892712
			vertex 14.555852890015 1.0990600585938 0.19799999892712
			vertex 14.564497947693 1.064656496048 0.19799999892712
		endloop
	endfacet
	facet normal 0 -0 -1
		outer loop
			vertex 14.550158500671 1.0990600585938 0.19799999892712
			vertex 14.564497947693 1.064656496048 0.19799999892712
			vertex 14.545203208923 1.0929869413376 0.19799999892712
		endloop
	endfacet
	facet normal 0 0 -1
		outer loop
			vertex 14.564497947693 1.064656496048 0.19799999892712
			vertex 14.584480285645 1.0990600585938 0.19799999892712
			vertex 14.613107681274 1.0704327821732 0.19799999892712
		endloop
	endfacet
	facet normal 0 -0 -1
		outer loop
			vertex 14.547077178955 1.0990600585938 0.19799999892712
			vertex 14.550158500671 1.0990600585938 0.19799999892712
			vertex 14.545203208923 1.0929869413376 0.19799999892712
		endloop
	endfacet
	facet normal 0 0 -1
		outer loop
			vertex 14.544404029846 1.0970023870468 0.19799999892712
			vertex 14.543994903564 1.1158294677734 0.19799999892712
			vertex 14.545594215393 1.1070995330811 0.19799999892712
		endloop
	endfacet
	facet normal 1 0 0
		outer loop
			vertex 14.543994903564 1.1158294677734 0
			vertex 14.543994903564 1.4061706066132 0.19799999892712
			vertex 14.543994903564 1.1158294677734 0.19799999892712
		endloop
	endfacet
	facet normal 0 0 -1
		outer loop
			vertex 14.547077178955 1.0990600585938 0.19799999892712
			vertex 14.545594215393 1.1070995330811 0.19799999892712
			vertex 14.550158500671 1.0990600585938 0.19799999892712
		endloop
	endfacet
	facet normal 0 0 -1
		outer loop
			vertex 14.543994903564 1.1158294677734 0.19799999892712
			vertex 14.555852890015 1.1109178066254 0.19799999892712
			vertex 14.545594215393 1.1070995330811 0.19799999892712
		endloop
	endfacet
	facet normal 0 0 -1
		outer loop
			vertex 14.550158500671 1.0990600585938 0.19799999892712
			vertex 14.545594215393 1.1070995330811 0.19799999892712
			vertex 14.555852890015 1.1109178066254 0.19799999892712
		endloop
	endfacet
	facet normal 0 0 -1
		outer loop
			vertex 14.584480285645 1.0990600585938 0.19799999892712
			vertex 14.549584388733 1.4005807638168 0.19799999892712
			vertex 14.618801116943 1.0990600585938 0.19799999892712
		endloop
	endfacet
	facet normal 0 0 -1
		outer loop
			vertex 14.543994903564 1.1158294677734 0.19799999892712
			vertex 14.549584388733 1.4005807638168 0.19799999892712
			vertex 14.555852890015 1.1109178066254 0.19799999892712
		endloop
	endfacet
	facet normal 0 0 -1
		outer loop
			vertex 14.584480285645 1.0990600585938 0.19799999892712
			vertex 14.555852890015 1.1109178066254 0.19799999892712
			vertex 14.549584388733 1.4005807638168 0.19799999892712
		endloop
	endfacet
	facet normal 0 0 -1
		outer loop
			vertex 14.618801116943 1.0990600585938 0.19799999892712
			vertex 14.549584388733 1.4005807638168 0.19799999892712
			vertex 14.621883392334 1.1113868951797 0.19799999892712
		endloop
	endfacet
	facet normal 1 0 0
		outer loop
			vertex 14.543994903564 1.1158294677734 0
			vertex 14.543994903564 1.4061706066132 0
			vertex 14.543994903564 1.4061706066132 0.19799999892712
		endloop
	endfacet
	facet normal 0 0 -1
		outer loop
			vertex 14.543994903564 1.1158294677734 0.19799999892712
			vertex 14.543994903564 1.4061706066132 0.19799999892712
			vertex 14.549584388733 1.4005807638168 0.19799999892712
		endloop
	endfacet
	facet normal 0 -0 -1
		outer loop
			vertex 14.551041603088 1.4015139341354 0.19799999892712
			vertex 14.551321029663 1.4010956287384 0.19799999892712
			vertex 14.549584388733 1.4005807638168 0.19799999892712
		endloop
	endfacet
	facet normal 0 0 -1
		outer loop
			vertex 14.621883392334 1.1113868951797 0.19799999892712
			vertex 14.549584388733 1.4005807638168 0.19799999892712
			vertex 14.551321029663 1.4010956287384 0.19799999892712
		endloop
	endfacet
	facet normal 0 0 -1
		outer loop
			vertex 14.621883392334 1.1113868951797 0.19799999892712
			vertex 14.551321029663 1.4010956287384 0.19799999892712
			vertex 14.579131126404 1.409344792366 0.19799999892712
		endloop
	endfacet
	facet normal -1 0 0
		outer loop
			vertex 14.62496471405 1.0990600585938 0
			vertex 14.62496471405 1.0990600585938 0.19799999892712
			vertex 14.62496471405 1.4229400157928 0
		endloop
	endfacet
	facet normal 0 0 -1
		outer loop
			vertex 14.62496471405 1.0990600585938 0.19799999892712
			vertex 14.621883392334 1.1113868951797 0.19799999892712
			vertex 14.62496471405 1.4229400157928 0.19799999892712
		endloop
	endfacet
	facet normal -1 0 0
		outer loop
			vertex 14.62496471405 1.0990600585938 0.19799999892712
			vertex 14.62496471405 1.4229400157928 0.19799999892712
			vertex 14.62496471405 1.4229400157928 0
		endloop
	endfacet
	facet normal 0 0 -1
		outer loop
			vertex 14.621883392334 1.1113868951797 0.19799999892712
			vertex 14.579131126404 1.409344792366 0.19799999892712
			vertex 14.62496471405 1.4229400157928 0.19799999892712
		endloop
	endfacet
	facet normal 0 0 -1
		outer loop
			vertex 14.468480110168 1.492014169693 0.19799999892712
			vertex 14.476519584656 1.4934868812561 0.19799999892712
			vertex 14.478577613831 1.4908242225647 0.19799999892712
		endloop
	endfacet
	facet normal 0.70710528030986 0.70710828206005 -0
		outer loop
			vertex 14.459750175476 1.4904149770737 0
			vertex 14.459750175476 1.4904149770737 0.19799999892712
			vertex 14.543994903564 1.4061706066132 0
		endloop
	endfacet
	facet normal 0.70710528030986 0.70710828206005 0
		outer loop
			vertex 14.459750175476 1.4904149770737 0.19799999892712
			vertex 14.543994903564 1.4061706066132 0.19799999892712
			vertex 14.543994903564 1.4061706066132 0
		endloop
	endfacet
	facet normal -0.70710443883099 -0.70710912353434 0
		outer loop
			vertex 14.505146980286 1.5595271587372 0
			vertex 14.613107681274 1.4515671730042 0
			vertex 14.613107681274 1.4515671730042 0.19799999892712
		endloop
	endfacet
	facet normal 0 0 -1
		outer loop
			vertex 14.459750175476 1.4904149770737 0.19799999892712
			vertex 14.468480110168 1.492014169693 0.19799999892712
			vertex 14.543994903564 1.4061706066132 0.19799999892712
		endloop
	endfacet
	facet normal 0 0 -1
		outer loop
			vertex 14.482592582703 1.491623044014 0.19799999892712
			vertex 14.485625267029 1.5256116390228 0.19799999892712
			vertex 14.505146980286 1.5142726898193 0.19799999892712
		endloop
	endfacet
	facet normal 0 -0 -1
		outer loop
			vertex 14.482592582703 1.491623044014 0.19799999892712
			vertex 14.555852890015 1.4416465759277 0.19799999892712
			vertex 14.478577613831 1.4908242225647 0.19799999892712
		endloop
	endfacet
	facet normal 0 0 -1
		outer loop
			vertex 14.468480110168 1.492014169693 0.19799999892712
			vertex 14.478577613831 1.4908242225647 0.19799999892712
			vertex 14.543994903564 1.4061706066132 0.19799999892712
		endloop
	endfacet
	facet normal -0 0 -1
		outer loop
			vertex 14.547077178955 1.4074470996857 0.19799999892712
			vertex 14.543994903564 1.4061706066132 0.19799999892712
			vertex 14.478577613831 1.4908242225647 0.19799999892712
		endloop
	endfacet
	facet normal 0 0 -1
		outer loop
			vertex 14.547077178955 1.4074470996857 0.19799999892712
			vertex 14.478577613831 1.4908242225647 0.19799999892712
			vertex 14.555852890015 1.4416465759277 0.19799999892712
		endloop
	endfacet
	facet normal 0 0 -1
		outer loop
			vertex 14.482592582703 1.491623044014 0.19799999892712
			vertex 14.505146980286 1.5142726898193 0.19799999892712
			vertex 14.584480285645 1.4603531360626 0.19799999892712
		endloop
	endfacet
	facet normal 0 0 -1
		outer loop
			vertex 14.482592582703 1.491623044014 0.19799999892712
			vertex 14.584480285645 1.4603531360626 0.19799999892712
			vertex 14.555852890015 1.4416465759277 0.19799999892712
		endloop
	endfacet
	facet normal 0 0 -1
		outer loop
			vertex 14.505146980286 1.5142726898193 0.19799999892712
			vertex 14.505146980286 1.5595271587372 0.19799999892712
			vertex 14.599972724915 1.4591958522797 0.19799999892712
		endloop
	endfacet
	facet normal 0 -0 -1
		outer loop
			vertex 14.547077178955 1.4074470996857 0.19799999892712
			vertex 14.549584388733 1.4005807638168 0.19799999892712
			vertex 14.543994903564 1.4061706066132 0.19799999892712
		endloop
	endfacet
	facet normal 0 0 -1
		outer loop
			vertex 14.547077178955 1.4074470996857 0.19799999892712
			vertex 14.551041603088 1.4015139341354 0.19799999892712
			vertex 14.549584388733 1.4005807638168 0.19799999892712
		endloop
	endfacet
	facet normal -0 0 -1
		outer loop
			vertex 14.552770614624 1.4098057746887 0.19799999892712
			vertex 14.547077178955 1.4074470996857 0.19799999892712
			vertex 14.555852890015 1.4416465759277 0.19799999892712
		endloop
	endfacet
	facet normal 0 0 -1
		outer loop
			vertex 14.555852890015 1.4416465759277 0.19799999892712
			vertex 14.584480285645 1.4603531360626 0.19799999892712
			vertex 14.575223922729 1.4289884567261 0.19799999892712
		endloop
	endfacet
	facet normal 0 0 -1
		outer loop
			vertex 14.505146980286 1.5142726898193 0.19799999892712
			vertex 14.585130691528 1.4601534605026 0.19799999892712
			vertex 14.584480285645 1.4603531360626 0.19799999892712
		endloop
	endfacet
	facet normal 0 0 -1
		outer loop
			vertex 14.505146980286 1.5142726898193 0.19799999892712
			vertex 14.599972724915 1.4591958522797 0.19799999892712
			vertex 14.585130691528 1.4601534605026 0.19799999892712
		endloop
	endfacet
	facet normal 0 0 -1
		outer loop
			vertex 14.505146980286 1.5595271587372 0.19799999892712
			vertex 14.600231170654 1.4590460062027 0.19799999892712
			vertex 14.599972724915 1.4591958522797 0.19799999892712
		endloop
	endfacet
	facet normal 0 0 -1
		outer loop
			vertex 14.505146980286 1.5595271587372 0.19799999892712
			vertex 14.613107681274 1.4515671730042 0.19799999892712
			vertex 14.600231170654 1.4590460062027 0.19799999892712
		endloop
	endfacet
	facet normal 0 0 -1
		outer loop
			vertex 14.600977897644 1.455289721489 0.19799999892712
			vertex 14.600231170654 1.4590460062027 0.19799999892712
			vertex 14.613107681274 1.4515671730042 0.19799999892712
		endloop
	endfacet
	facet normal -0.70710443883099 -0.70710912353434 0
		outer loop
			vertex 14.505146980286 1.5595271587372 0
			vertex 14.613107681274 1.4515671730042 0.19799999892712
			vertex 14.505146980286 1.5595271587372 0.19799999892712
		endloop
	endfacet
	facet normal 0 0 -1
		outer loop
			vertex 14.174999237061 1.49600481987 0.19799999892712
			vertex 14.174066543579 1.4974611997604 0.19799999892712
			vertex 14.17448425293 1.4977406263351 0.19799999892712
		endloop
	endfacet
	facet normal 0 1 0
		outer loop
			vertex 14.169409751892 1.4904149770737 0
			vertex 14.169409751892 1.4904149770737 0.19799999892712
			vertex 14.459750175476 1.4904149770737 0
		endloop
	endfacet
	facet normal 0 0 -1
		outer loop
			vertex 14.169409751892 1.4904149770737 0.19799999892712
			vertex 14.174999237061 1.49600481987 0.19799999892712
			vertex 14.459750175476 1.4904149770737 0.19799999892712
		endloop
	endfacet
	facet normal 0 0 -1
		outer loop
			vertex 14.152640342712 1.5309000015259 0.19799999892712
			vertex 14.152640342712 1.5713850259781 0.19799999892712
			vertex 14.168132781982 1.5191533565521 0.19799999892712
		endloop
	endfacet
	facet normal 0 0 -1
		outer loop
			vertex 14.152640342712 1.5309000015259 0.19799999892712
			vertex 14.168132781982 1.5191533565521 0.19799999892712
			vertex 14.164318084717 1.5126740932465 0.19799999892712
		endloop
	endfacet
	facet normal 0 -1 0
		outer loop
			vertex 14.152640342712 1.5713850259781 0
			vertex 14.476519584656 1.5713850259781 0.19799999892712
			vertex 14.152640342712 1.5713850259781 0.19799999892712
		endloop
	endfacet
	facet normal 0 0 -1
		outer loop
			vertex 14.168132781982 1.5191533565521 0.19799999892712
			vertex 14.461027145386 1.5675117969513 0.19799999892712
			vertex 14.17448425293 1.4977406263351 0.19799999892712
		endloop
	endfacet
	facet normal 0 0 -1
		outer loop
			vertex 14.152640342712 1.5713850259781 0.19799999892712
			vertex 14.461176872253 1.5675492286682 0.19799999892712
			vertex 14.168132781982 1.5191533565521 0.19799999892712
		endloop
	endfacet
	facet normal 0 0 -1
		outer loop
			vertex 14.174999237061 1.49600481987 0.19799999892712
			vertex 14.17448425293 1.4977406263351 0.19799999892712
			vertex 14.461027145386 1.5675117969513 0.19799999892712
		endloop
	endfacet
	facet normal -0 1 0
		outer loop
			vertex 14.169409751892 1.4904149770737 0.19799999892712
			vertex 14.459750175476 1.4904149770737 0.19799999892712
			vertex 14.459750175476 1.4904149770737 0
		endloop
	endfacet
	facet normal 0 0 -1
		outer loop
			vertex 14.174999237061 1.49600481987 0.19799999892712
			vertex 14.461027145386 1.4934967756271 0.19799999892712
			vertex 14.459750175476 1.4904149770737 0.19799999892712
		endloop
	endfacet
	facet normal 0 0 -1
		outer loop
			vertex 14.174999237061 1.49600481987 0.19799999892712
			vertex 14.454103469849 1.5283056497574 0.19799999892712
			vertex 14.461027145386 1.4934967756271 0.19799999892712
		endloop
	endfacet
	facet normal 0 -0 -1
		outer loop
			vertex 14.461027145386 1.4934967756271 0.19799999892712
			vertex 14.468480110168 1.492014169693 0.19799999892712
			vertex 14.459750175476 1.4904149770737 0.19799999892712
		endloop
	endfacet
	facet normal 0 -1 0
		outer loop
			vertex 14.152640342712 1.5713850259781 0
			vertex 14.476519584656 1.5713850259781 0
			vertex 14.476519584656 1.5713850259781 0.19799999892712
		endloop
	endfacet
	facet normal 0 0 -1
		outer loop
			vertex 14.174999237061 1.49600481987 0.19799999892712
			vertex 14.461027145386 1.5675117969513 0.19799999892712
			vertex 14.454103469849 1.5283056497574 0.19799999892712
		endloop
	endfacet
	facet normal 0 0 -1
		outer loop
			vertex 14.168132781982 1.5191533565521 0.19799999892712
			vertex 14.461176872253 1.5675492286682 0.19799999892712
			vertex 14.461027145386 1.5675117969513 0.19799999892712
		endloop
	endfacet
	facet normal 0 0 -1
		outer loop
			vertex 14.152640342712 1.5713850259781 0.19799999892712
			vertex 14.476519584656 1.5713850259781 0.19799999892712
			vertex 14.461176872253 1.5675492286682 0.19799999892712
		endloop
	endfacet
	facet normal 0 0 -1
		outer loop
			vertex 14.461027145386 1.4934967756271 0.19799999892712
			vertex 14.454103469849 1.5283056497574 0.19799999892712
			vertex 14.461027145386 1.5291069746017 0.19799999892712
		endloop
	endfacet
	facet normal 0 0 -1
		outer loop
			vertex 14.476519584656 1.5309000015259 0.19799999892712
			vertex 14.461176872253 1.5675492286682 0.19799999892712
			vertex 14.476519584656 1.5713850259781 0.19799999892712
		endloop
	endfacet
	facet normal 0 0 -1
		outer loop
			vertex 14.152640342712 1.5309000015259 0.19799999892712
			vertex 14.164318084717 1.5126740932465 0.19799999892712
			vertex 14.168132781982 1.4934967756271 0.19799999892712
		endloop
	endfacet
	facet normal 0 0 -1
		outer loop
			vertex 14.168132781982 1.4934967756271 0.19799999892712
			vertex 14.164318084717 1.5126740932465 0.19799999892712
			vertex 14.168132781982 1.5191533565521 0.19799999892712
		endloop
	endfacet
	facet normal 0.19511984683305 -0.98077940709002 0
		outer loop
			vertex 14.152640342712 1.5713850259781 0
			vertex 14.152640342712 1.5713850259781 0.19799999892712
			vertex 14.151895523071 1.5712368488312 0
		endloop
	endfacet
	facet normal 0.19508856121121 -0.98078563064746 1.2234512499685e-07
		outer loop
			vertex 14.151895523071 1.5712368488312 0
			vertex 14.152640342712 1.5713850259781 0.19799999892712
			vertex 14.137146949768 1.5683032274246 0.19799999892712
		endloop
	endfacet
	facet normal 0 0 -1
		outer loop
			vertex 14.115236282349 1.5309321880341 0.19799999892712
			vertex 14.115236282349 1.5444175004959 0.19799999892712
			vertex 14.124012947083 1.5595271587372 0.19799999892712
		endloop
	endfacet
	facet normal -0 0 -1
		outer loop
			vertex 14.152640342712 1.5309000015259 0.19799999892712
			vertex 14.146466255188 1.5214521884918 0.19799999892712
			vertex 14.137146949768 1.5683032274246 0.19799999892712
		endloop
	endfacet
	facet normal 0 0 -1
		outer loop
			vertex 14.152640342712 1.5309000015259 0.19799999892712
			vertex 14.137146949768 1.5683032274246 0.19799999892712
			vertex 14.152640342712 1.5713850259781 0.19799999892712
		endloop
	endfacet
	facet normal 0.98079025737698 -0.19506529941122 0
		outer loop
			vertex 14.004195213318 1.4229400157928 0
			vertex 14.007276535034 1.4384329319 0
			vertex 14.007276535034 1.4384329319 0.19799999892712
		endloop
	endfacet
	facet normal 0.83145073852668 -0.55559847858273 0
		outer loop
			vertex 14.007276535034 1.4384329319 0
			vertex 14.016053199768 1.4515671730042 0
			vertex 14.016053199768 1.4515671730042 0.19799999892712
		endloop
	endfacet
	facet normal 0.98079025737698 -0.19506529941122 0
		outer loop
			vertex 14.004195213318 1.4229400157928 0
			vertex 14.007276535034 1.4384329319 0.19799999892712
			vertex 14.004195213318 1.4229400157928 0.19799999892712
		endloop
	endfacet
	facet normal 0.83145073852668 -0.55559847858273 0
		outer loop
			vertex 14.007276535034 1.4384329319 0
			vertex 14.016053199768 1.4515671730042 0.19799999892712
			vertex 14.007276535034 1.4384329319 0.19799999892712
		endloop
	endfacet
	facet normal 0 0 -1
		outer loop
			vertex 14.007276535034 1.4106130599976 0.19799999892712
			vertex 14.004195213318 1.4229400157928 0.19799999892712
			vertex 14.007276535034 1.4384329319 0.19799999892712
		endloop
	endfacet
	facet normal 0 0 -1
		outer loop
			vertex 14.007276535034 1.4106130599976 0.19799999892712
			vertex 14.007276535034 1.4384329319 0.19799999892712
			vertex 14.010358810425 1.4229400157928 0.19799999892712
		endloop
	endfacet
	facet normal 0 0 -1
		outer loop
			vertex 14.010358810425 1.4229400157928 0.19799999892712
			vertex 14.007276535034 1.4384329319 0.19799999892712
			vertex 14.016053199768 1.4515671730042 0.19799999892712
		endloop
	endfacet
	facet normal 0 0 -1
		outer loop
			vertex 14.010358810425 1.4229400157928 0.19799999892712
			vertex 14.016053199768 1.4515671730042 0.19799999892712
			vertex 14.044679641724 1.4229400157928 0.19799999892712
		endloop
	endfacet
	facet normal 0 0 -1
		outer loop
			vertex 14.044679641724 1.4229400157928 0.19799999892712
			vertex 14.061762809753 1.4523512125015 0.19799999892712
			vertex 14.073307037354 1.4229400157928 0.19799999892712
		endloop
	endfacet
	facet normal 0 0 -1
		outer loop
			vertex 14.073307037354 1.4110822677612 0.19799999892712
			vertex 14.044679641724 1.4229400157928 0.19799999892712
			vertex 14.073307037354 1.4229400157928 0.19799999892712
		endloop
	endfacet
	facet normal 0 0 -1
		outer loop
			vertex 14.073307037354 1.4110822677612 0.19799999892712
			vertex 14.073307037354 1.4229400157928 0.19799999892712
			vertex 14.079001426697 1.4229400157928 0.19799999892712
		endloop
	endfacet
	facet normal 0 -0 -1
		outer loop
			vertex 14.083956718445 1.4290130138397 0.19799999892712
			vertex 14.084755897522 1.4249975681305 0.19799999892712
			vertex 14.082083702087 1.4229400157928 0.19799999892712
		endloop
	endfacet
	facet normal 0 0 -1
		outer loop
			vertex 14.083565711975 1.4149004220963 0.19799999892712
			vertex 14.082083702087 1.4229400157928 0.19799999892712
			vertex 14.084755897522 1.4249975681305 0.19799999892712
		endloop
	endfacet
	facet normal 0.83145073852668 0.55559847858273 -0
		outer loop
			vertex 14.007276535034 1.0835670232773 0
			vertex 14.007276535034 1.0835670232773 0.19799999892712
			vertex 14.016053199768 1.0704327821732 0
		endloop
	endfacet
	facet normal 0.98079054452663 0.19506385561439 0
		outer loop
			vertex 14.007276535034 1.0835670232773 0
			vertex 14.004195213318 1.0990600585938 0
			vertex 14.004195213318 1.0990600585938 0.19799999892712
		endloop
	endfacet
	facet normal 0.83145073852668 0.55559847858273 -0
		outer loop
			vertex 14.016053199768 1.0704327821732 0
			vertex 14.007276535034 1.0835670232773 0.19799999892712
			vertex 14.016053199768 1.0704327821732 0.19799999892712
		endloop
	endfacet
	facet normal 0.98079054452663 0.19506385561439 -0
		outer loop
			vertex 14.007276535034 1.0835670232773 0
			vertex 14.004195213318 1.0990600585938 0.19799999892712
			vertex 14.007276535034 1.0835670232773 0.19799999892712
		endloop
	endfacet
	facet normal 0 0 -1
		outer loop
			vertex 14.007276535034 1.0835670232773 0.19799999892712
			vertex 14.004195213318 1.0990600585938 0.19799999892712
			vertex 14.016053199768 1.0704327821732 0.19799999892712
		endloop
	endfacet
	facet normal 0 0 -1
		outer loop
			vertex 14.029187202454 1.0628041028976 0.19799999892712
			vertex 14.016053199768 1.0704327821732 0.19799999892712
			vertex 14.004195213318 1.0990600585938 0.19799999892712
		endloop
	endfacet
	facet normal 0 0 -1
		outer loop
			vertex 14.029187202454 1.0628041028976 0.19799999892712
			vertex 14.004195213318 1.0990600585938 0.19799999892712
			vertex 14.04402923584 1.061846613884 0.19799999892712
		endloop
	endfacet
	facet normal 0 0 -1
		outer loop
			vertex 14.004195213318 1.0990600585938 0.19799999892712
			vertex 14.044679641724 1.0616468191147 0.19799999892712
			vertex 14.04402923584 1.061846613884 0.19799999892712
		endloop
	endfacet
	facet normal 0 0 -1
		outer loop
			vertex 14.004195213318 1.0990600585938 0.19799999892712
			vertex 14.053936004639 1.0930116176605 0.19799999892712
			vertex 14.044679641724 1.0616468191147 0.19799999892712
		endloop
	endfacet
	facet normal 0 0 -1
		outer loop
			vertex 14.004195213318 1.0990600585938 0.19799999892712
			vertex 14.074833869934 1.1200128793716 0.19799999892712
			vertex 14.053936004639 1.0930116176605 0.19799999892712
		endloop
	endfacet
	facet normal 0 0 -1
		outer loop
			vertex 14.053936004639 1.0930116176605 0.19799999892712
			vertex 14.074833869934 1.1200128793716 0.19799999892712
			vertex 14.073307037354 1.0803533792496 0.19799999892712
		endloop
	endfacet
	facet normal 0 0 -1
		outer loop
			vertex 14.073307037354 1.0803533792496 0.19799999892712
			vertex 14.074833869934 1.1200128793716 0.19799999892712
			vertex 14.075121879578 1.1185655593872 0.19799999892712
		endloop
	endfacet
	facet normal 0 0 -1
		outer loop
			vertex 14.073307037354 1.0803533792496 0.19799999892712
			vertex 14.075121879578 1.1185655593872 0.19799999892712
			vertex 14.076389312744 1.1121942996979 0.19799999892712
		endloop
	endfacet
	facet normal 0.55557936535473 0.83146351019876 -0
		outer loop
			vertex 14.124012947083 0.96247279644012 0
			vertex 14.124012947083 0.96247279644012 0.19799999892712
			vertex 14.137146949768 0.95369672775269 0
		endloop
	endfacet
	facet normal 0.19508493163156 0.98078635260199 -0
		outer loop
			vertex 14.137146949768 0.95369672775269 0
			vertex 14.137146949768 0.95369672775269 0.19799999892712
			vertex 14.152640342712 0.95061498880386 0
		endloop
	endfacet
	facet normal 0.55557936535473 0.83146351019876 -0
		outer loop
			vertex 14.137146949768 0.95369672775269 0
			vertex 14.124012947083 0.96247279644012 0.19799999892712
			vertex 14.137146949768 0.95369672775269 0.19799999892712
		endloop
	endfacet
	facet normal 0.19508493163156 0.98078635260199 -0
		outer loop
			vertex 14.152640342712 0.95061498880386 0
			vertex 14.137146949768 0.95369672775269 0.19799999892712
			vertex 14.152640342712 0.95061498880386 0.19799999892712
		endloop
	endfacet
	facet normal 0 0 -1
		outer loop
			vertex 14.124012947083 0.96247279644012 0.19799999892712
			vertex 14.143534660339 0.99638831615448 0.19799999892712
			vertex 14.137146949768 0.95369672775269 0.19799999892712
		endloop
	endfacet
	facet normal 0 0 -1
		outer loop
			vertex 14.124012947083 0.96247279644012 0.19799999892712
			vertex 14.124012947083 1.007727265358 0.19799999892712
			vertex 14.143534660339 0.99638831615448 0.19799999892712
		endloop
	endfacet
	facet normal 0 0 -1
		outer loop
			vertex 14.137146949768 0.95369672775269 0.19799999892712
			vertex 14.143534660339 0.99638831615448 0.19799999892712
			vertex 14.152640342712 0.95061498880386 0.19799999892712
		endloop
	endfacet
	facet normal 0 0 -1
		outer loop
			vertex 14.152640342712 0.95061498880386 0.19799999892712
			vertex 14.152640342712 1.0285130739212 0.19799999892712
			vertex 14.15322971344 1.0286210775375 0.19799999892712
		endloop
	endfacet
	facet normal 0 0 -1
		outer loop
			vertex 14.152640342712 0.95061498880386 0.19799999892712
			vertex 14.143534660339 0.99638831615448 0.19799999892712
			vertex 14.152640342712 1.0285130739212 0.19799999892712
		endloop
	endfacet
	facet normal 0 0 -1
		outer loop
			vertex 14.152640342712 0.95061498880386 0.19799999892712
			vertex 14.168132781982 1.0285032987595 0.19799999892712
			vertex 14.168132781982 0.95448821783066 0.19799999892712
		endloop
	endfacet
	facet normal 0 0 -1
		outer loop
			vertex 14.152640342712 0.95061498880386 0.19799999892712
			vertex 14.15322971344 1.0286210775375 0.19799999892712
			vertex 14.168132781982 1.0285032987595 0.19799999892712
		endloop
	endfacet
	facet normal 0 0 -1
		outer loop
			vertex 14.168132781982 0.95448821783066 0.19799999892712
			vertex 14.168132781982 1.0285032987595 0.19799999892712
			vertex 14.17505645752 0.99369430541992 0.19799999892712
		endloop
	endfacet
	facet normal -0 0 -1
		outer loop
			vertex 14.181266784668 0.99441301822662 0.19799999892712
			vertex 14.17505645752 0.99369430541992 0.19799999892712
			vertex 14.168132781982 1.0285032987595 0.19799999892712
		endloop
	endfacet
	facet normal 0 0 -1
		outer loop
			vertex 14.476519584656 0.95061498880386 0.19799999892712
			vertex 14.454675674438 1.0242593288422 0.19799999892712
			vertex 14.476519584656 0.99110001325607 0.19799999892712
		endloop
	endfacet
	facet normal 0 0 -1
		outer loop
			vertex 14.454675674438 1.0242593288422 0.19799999892712
			vertex 14.455094337463 1.0245388746262 0.19799999892712
			vertex 14.476519584656 0.99110001325607 0.19799999892712
		endloop
	endfacet
	facet normal -0.19508493163156 0.98078635260199 0
		outer loop
			vertex 14.476519584656 0.95061498880386 0
			vertex 14.476519584656 0.95061498880386 0.19799999892712
			vertex 14.4920129776 0.95369672775269 0
		endloop
	endfacet
	facet normal -0.55557936535473 0.83146351019876 0
		outer loop
			vertex 14.4920129776 0.95369672775269 0
			vertex 14.4920129776 0.95369672775269 0.19799999892712
			vertex 14.505146980286 0.96247279644012 0
		endloop
	endfacet
	facet normal -0.19508493163156 0.98078635260199 0
		outer loop
			vertex 14.476519584656 0.95061498880386 0.19799999892712
			vertex 14.4920129776 0.95369672775269 0.19799999892712
			vertex 14.4920129776 0.95369672775269 0
		endloop
	endfacet
	facet normal -0.55557936535473 0.83146351019876 0
		outer loop
			vertex 14.505146980286 0.96247279644012 0
			vertex 14.4920129776 0.95369672775269 0.19799999892712
			vertex 14.505146980286 0.96247279644012 0.19799999892712
		endloop
	endfacet
	facet normal 0 0 -1
		outer loop
			vertex 14.476519584656 0.95061498880386 0.19799999892712
			vertex 14.476519584656 0.99110001325607 0.19799999892712
			vertex 14.4920129776 0.95369672775269 0.19799999892712
		endloop
	endfacet
	facet normal 0 0 -1
		outer loop
			vertex 14.476519584656 0.99110001325607 0.19799999892712
			vertex 14.494101524353 1.0180050134659 0.19799999892712
			vertex 14.4920129776 0.95369672775269 0.19799999892712
		endloop
	endfacet
	facet normal 0 0 -1
		outer loop
			vertex 14.4920129776 0.95369672775269 0.19799999892712
			vertex 14.494101524353 1.0180050134659 0.19799999892712
			vertex 14.505146980286 0.96247279644012 0.19799999892712
		endloop
	endfacet
	facet normal 0 0 -1
		outer loop
			vertex 14.505146980286 0.96247279644012 0.19799999892712
			vertex 14.51392364502 0.99106782674789 0.19799999892712
			vertex 14.51392364502 0.97758251428604 0.19799999892712
		endloop
	endfacet
	facet normal 0 0 -1
		outer loop
			vertex 14.555852890015 1.0990600585938 0.19799999892712
			vertex 14.584480285645 1.0990600585938 0.19799999892712
			vertex 14.564497947693 1.064656496048 0.19799999892712
		endloop
	endfacet
	facet normal 0 0 -1
		outer loop
			vertex 14.584480285645 1.0990600585938 0.19799999892712
			vertex 14.618801116943 1.0990600585938 0.19799999892712
			vertex 14.613107681274 1.0704327821732 0.19799999892712
		endloop
	endfacet
	facet normal 0 0 -1
		outer loop
			vertex 14.544404029846 1.0970023870468 0.19799999892712
			vertex 14.545594215393 1.1070995330811 0.19799999892712
			vertex 14.547077178955 1.0990600585938 0.19799999892712
		endloop
	endfacet
	facet normal 0 0 -1
		outer loop
			vertex 14.550158500671 1.0990600585938 0.19799999892712
			vertex 14.555852890015 1.1109178066254 0.19799999892712
			vertex 14.555852890015 1.0990600585938 0.19799999892712
		endloop
	endfacet
	facet normal 0 0 -1
		outer loop
			vertex 14.544404029846 1.0970023870468 0.19799999892712
			vertex 14.547077178955 1.0990600585938 0.19799999892712
			vertex 14.545203208923 1.0929869413376 0.19799999892712
		endloop
	endfacet
	facet normal 0 0 -1
		outer loop
			vertex 14.555852890015 1.0990600585938 0.19799999892712
			vertex 14.555852890015 1.1109178066254 0.19799999892712
			vertex 14.584480285645 1.0990600585938 0.19799999892712
		endloop
	endfacet
	facet normal -0.83147862717407 0.55555674107396 0
		outer loop
			vertex 14.613107681274 1.0704327821732 0
			vertex 14.613107681274 1.0704327821732 0.19799999892712
			vertex 14.621883392334 1.0835670232773 0
		endloop
	endfacet
	facet normal -0.98079054452663 0.19506385561439 0
		outer loop
			vertex 14.621883392334 1.0835670232773 0
			vertex 14.621883392334 1.0835670232773 0.19799999892712
			vertex 14.62496471405 1.0990600585938 0
		endloop
	endfacet
	facet normal -0.83147862717407 0.55555674107396 0
		outer loop
			vertex 14.621883392334 1.0835670232773 0
			vertex 14.613107681274 1.0704327821732 0.19799999892712
			vertex 14.621883392334 1.0835670232773 0.19799999892712
		endloop
	endfacet
	facet normal -0.98079054452663 0.19506385561439 0
		outer loop
			vertex 14.62496471405 1.0990600585938 0
			vertex 14.621883392334 1.0835670232773 0.19799999892712
			vertex 14.62496471405 1.0990600585938 0.19799999892712
		endloop
	endfacet
	facet normal -0 0 -1
		outer loop
			vertex 14.621883392334 1.0835670232773 0.19799999892712
			vertex 14.613107681274 1.0704327821732 0.19799999892712
			vertex 14.618801116943 1.0990600585938 0.19799999892712
		endloop
	endfacet
	facet normal 0 0 -1
		outer loop
			vertex 14.621883392334 1.0835670232773 0.19799999892712
			vertex 14.618801116943 1.0990600585938 0.19799999892712
			vertex 14.621883392334 1.1113868951797 0.19799999892712
		endloop
	endfacet
	facet normal 0 0 -1
		outer loop
			vertex 14.621883392334 1.0835670232773 0.19799999892712
			vertex 14.621883392334 1.1113868951797 0.19799999892712
			vertex 14.62496471405 1.0990600585938 0.19799999892712
		endloop
	endfacet
	facet normal 0 0 -1
		outer loop
			vertex 14.552770614624 1.4098057746887 0.19799999892712
			vertex 14.551041603088 1.4015139341354 0.19799999892712
			vertex 14.547077178955 1.4074470996857 0.19799999892712
		endloop
	endfacet
	facet normal 0 0 -1
		outer loop
			vertex 14.552770614624 1.4098057746887 0.19799999892712
			vertex 14.551321029663 1.4010956287384 0.19799999892712
			vertex 14.551041603088 1.4015139341354 0.19799999892712
		endloop
	endfacet
	facet normal 0 -0 -1
		outer loop
			vertex 14.552770614624 1.4098057746887 0.19799999892712
			vertex 14.579131126404 1.409344792366 0.19799999892712
			vertex 14.551321029663 1.4010956287384 0.19799999892712
		endloop
	endfacet
	facet normal 0 0 -1
		outer loop
			vertex 14.579131126404 1.409344792366 0.19799999892712
			vertex 14.555852890015 1.4416465759277 0.19799999892712
			vertex 14.575223922729 1.4289884567261 0.19799999892712
		endloop
	endfacet
	facet normal 0 0 -1
		outer loop
			vertex 14.552770614624 1.4098057746887 0.19799999892712
			vertex 14.555852890015 1.4416465759277 0.19799999892712
			vertex 14.579131126404 1.409344792366 0.19799999892712
		endloop
	endfacet
	facet normal 0 0 -1
		outer loop
			vertex 14.579131126404 1.409344792366 0.19799999892712
			vertex 14.575223922729 1.4289884567261 0.19799999892712
			vertex 14.584480285645 1.4603531360626 0.19799999892712
		endloop
	endfacet
	facet normal 0 0 -1
		outer loop
			vertex 14.579131126404 1.409344792366 0.19799999892712
			vertex 14.584480285645 1.4603531360626 0.19799999892712
			vertex 14.585130691528 1.4601534605026 0.19799999892712
		endloop
	endfacet
	facet normal 0 0 -1
		outer loop
			vertex 14.579131126404 1.409344792366 0.19799999892712
			vertex 14.585130691528 1.4601534605026 0.19799999892712
			vertex 14.599972724915 1.4591958522797 0.19799999892712
		endloop
	endfacet
	facet normal 0 0 -1
		outer loop
			vertex 14.579131126404 1.409344792366 0.19799999892712
			vertex 14.613107681274 1.4515671730042 0.19799999892712
			vertex 14.621883392334 1.4384329319 0.19799999892712
		endloop
	endfacet
	facet normal 0 0 -1
		outer loop
			vertex 14.579131126404 1.409344792366 0.19799999892712
			vertex 14.599972724915 1.4591958522797 0.19799999892712
			vertex 14.600231170654 1.4590460062027 0.19799999892712
		endloop
	endfacet
	facet normal 0 0 -1
		outer loop
			vertex 14.579131126404 1.409344792366 0.19799999892712
			vertex 14.600231170654 1.4590460062027 0.19799999892712
			vertex 14.600977897644 1.455289721489 0.19799999892712
		endloop
	endfacet
	facet normal 0 0 -1
		outer loop
			vertex 14.579131126404 1.409344792366 0.19799999892712
			vertex 14.600977897644 1.455289721489 0.19799999892712
			vertex 14.613107681274 1.4515671730042 0.19799999892712
		endloop
	endfacet
	facet normal -0.83147862717407 -0.55555674107396 0
		outer loop
			vertex 14.613107681274 1.4515671730042 0
			vertex 14.621883392334 1.4384329319 0
			vertex 14.621883392334 1.4384329319 0.19799999892712
		endloop
	endfacet
	facet normal -0.98079025737698 -0.19506529941122 0
		outer loop
			vertex 14.621883392334 1.4384329319 0
			vertex 14.62496471405 1.4229400157928 0
			vertex 14.62496471405 1.4229400157928 0.19799999892712
		endloop
	endfacet
	facet normal -0.83147862717407 -0.55555674107396 0
		outer loop
			vertex 14.613107681274 1.4515671730042 0
			vertex 14.621883392334 1.4384329319 0.19799999892712
			vertex 14.613107681274 1.4515671730042 0.19799999892712
		endloop
	endfacet
	facet normal -0.98079025737698 -0.19506529941122 0
		outer loop
			vertex 14.621883392334 1.4384329319 0
			vertex 14.62496471405 1.4229400157928 0.19799999892712
			vertex 14.621883392334 1.4384329319 0.19799999892712
		endloop
	endfacet
	facet normal 0 0 -1
		outer loop
			vertex 14.579131126404 1.409344792366 0.19799999892712
			vertex 14.621883392334 1.4384329319 0.19799999892712
			vertex 14.62496471405 1.4229400157928 0.19799999892712
		endloop
	endfacet
	facet normal 0 0 -1
		outer loop
			vertex 14.461027145386 1.4934967756271 0.19799999892712
			vertex 14.461027145386 1.5291069746017 0.19799999892712
			vertex 14.468480110168 1.492014169693 0.19799999892712
		endloop
	endfacet
	facet normal 0 0 -1
		outer loop
			vertex 14.468480110168 1.492014169693 0.19799999892712
			vertex 14.476519584656 1.5309000015259 0.19799999892712
			vertex 14.476519584656 1.4934868812561 0.19799999892712
		endloop
	endfacet
	facet normal 0 0 -1
		outer loop
			vertex 14.476519584656 1.4934868812561 0.19799999892712
			vertex 14.485625267029 1.5256116390228 0.19799999892712
			vertex 14.478577613831 1.4908242225647 0.19799999892712
		endloop
	endfacet
	facet normal -0 0 -1
		outer loop
			vertex 14.482592582703 1.491623044014 0.19799999892712
			vertex 14.478577613831 1.4908242225647 0.19799999892712
			vertex 14.485625267029 1.5256116390228 0.19799999892712
		endloop
	endfacet
	facet normal 0 0 -1
		outer loop
			vertex 14.461027145386 1.5291069746017 0.19799999892712
			vertex 14.461027145386 1.5675117969513 0.19799999892712
			vertex 14.461176872253 1.5675492286682 0.19799999892712
		endloop
	endfacet
	facet normal 0 0 -1
		outer loop
			vertex 14.454103469849 1.5283056497574 0.19799999892712
			vertex 14.461027145386 1.5675117969513 0.19799999892712
			vertex 14.461027145386 1.5291069746017 0.19799999892712
		endloop
	endfacet
	facet normal 0 0 -1
		outer loop
			vertex 14.468480110168 1.492014169693 0.19799999892712
			vertex 14.461027145386 1.5291069746017 0.19799999892712
			vertex 14.461176872253 1.5675492286682 0.19799999892712
		endloop
	endfacet
	facet normal 0 0 -1
		outer loop
			vertex 14.468480110168 1.492014169693 0.19799999892712
			vertex 14.461176872253 1.5675492286682 0.19799999892712
			vertex 14.476519584656 1.5309000015259 0.19799999892712
		endloop
	endfacet
	facet normal -0.55557936535473 -0.83146351019876 0
		outer loop
			vertex 14.4920129776 1.5683032274246 0
			vertex 14.505146980286 1.5595271587372 0
			vertex 14.505146980286 1.5595271587372 0.19799999892712
		endloop
	endfacet
	facet normal -0.19508856121121 -0.98078563064746 0
		outer loop
			vertex 14.476519584656 1.5713850259781 0
			vertex 14.4920129776 1.5683032274246 0
			vertex 14.4920129776 1.5683032274246 0.19799999892712
		endloop
	endfacet
	facet normal -0.55557936535473 -0.83146351019876 0
		outer loop
			vertex 14.4920129776 1.5683032274246 0
			vertex 14.505146980286 1.5595271587372 0.19799999892712
			vertex 14.4920129776 1.5683032274246 0.19799999892712
		endloop
	endfacet
	facet normal -0.19508856121121 -0.98078563064746 0
		outer loop
			vertex 14.476519584656 1.5713850259781 0
			vertex 14.4920129776 1.5683032274246 0.19799999892712
			vertex 14.476519584656 1.5713850259781 0.19799999892712
		endloop
	endfacet
	facet normal 0 0 -1
		outer loop
			vertex 14.476519584656 1.4934868812561 0.19799999892712
			vertex 14.476519584656 1.5309000015259 0.19799999892712
			vertex 14.485625267029 1.5256116390228 0.19799999892712
		endloop
	endfacet
	facet normal 0 0 -1
		outer loop
			vertex 14.476519584656 1.5713850259781 0.19799999892712
			vertex 14.4920129776 1.5683032274246 0.19799999892712
			vertex 14.485625267029 1.5256116390228 0.19799999892712
		endloop
	endfacet
	facet normal 0 0 -1
		outer loop
			vertex 14.476519584656 1.5309000015259 0.19799999892712
			vertex 14.476519584656 1.5713850259781 0.19799999892712
			vertex 14.485625267029 1.5256116390228 0.19799999892712
		endloop
	endfacet
	facet normal 0 0 -1
		outer loop
			vertex 14.485625267029 1.5256116390228 0.19799999892712
			vertex 14.505146980286 1.5595271587372 0.19799999892712
			vertex 14.505146980286 1.5142726898193 0.19799999892712
		endloop
	endfacet
	facet normal 0 0 -1
		outer loop
			vertex 14.485625267029 1.5256116390228 0.19799999892712
			vertex 14.4920129776 1.5683032274246 0.19799999892712
			vertex 14.505146980286 1.5595271587372 0.19799999892712
		endloop
	endfacet
	facet normal 0 0 -1
		outer loop
			vertex 14.168132781982 1.5191533565521 0.19799999892712
			vertex 14.17448425293 1.4977406263351 0.19799999892712
			vertex 14.174066543579 1.4974611997604 0.19799999892712
		endloop
	endfacet
	facet normal 0 0 -1
		outer loop
			vertex 14.168132781982 1.4934967756271 0.19799999892712
			vertex 14.168132781982 1.5191533565521 0.19799999892712
			vertex 14.174066543579 1.4974611997604 0.19799999892712
		endloop
	endfacet
	facet normal 0.55557936535473 -0.83146351019876 0
		outer loop
			vertex 14.124012947083 1.5595271587372 0
			vertex 14.137146949768 1.5683032274246 0
			vertex 14.137146949768 1.5683032274246 0.19799999892712
		endloop
	endfacet
	facet normal 0.1950869812361 -0.98078594491978 0
		outer loop
			vertex 14.137146949768 1.5683032274246 0
			vertex 14.151895523071 1.5712368488312 0
			vertex 14.137146949768 1.5683032274246 0.19799999892712
		endloop
	endfacet
	facet normal 0.55557936535473 -0.83146351019876 0
		outer loop
			vertex 14.124012947083 1.5595271587372 0
			vertex 14.137146949768 1.5683032274246 0.19799999892712
			vertex 14.124012947083 1.5595271587372 0.19799999892712
		endloop
	endfacet
	facet normal -0 0 -1
		outer loop
			vertex 14.115236282349 1.5309321880341 0.19799999892712
			vertex 14.113363265991 1.524827003479 0.19799999892712
			vertex 14.115236282349 1.5444175004959 0.19799999892712
		endloop
	endfacet
	facet normal 0 0 -1
		outer loop
			vertex 14.130918502808 1.4976586103439 0.19799999892712
			vertex 14.137146949768 1.5683032274246 0.19799999892712
			vertex 14.146466255188 1.5214521884918 0.19799999892712
		endloop
	endfacet
	facet normal 0 0 -1
		outer loop
			vertex 14.124012947083 1.5595271587372 0.19799999892712
			vertex 14.137146949768 1.5683032274246 0.19799999892712
			vertex 14.130918502808 1.4976586103439 0.19799999892712
		endloop
	endfacet
	facet normal 0.8317201789336 -0.55519505036938 0
		outer loop
			vertex 14.778374671936 1.0660216808319 0
			vertex 14.778374671936 1.0660216808319 0.19799999892712
			vertex 14.777942657471 1.0653744935989 0
		endloop
	endfacet
	facet normal 0.8317201789336 -0.55519505036938 0
		outer loop
			vertex 14.777942657471 1.0653744935989 0
			vertex 14.778374671936 1.0660216808319 0.19799999892712
			vertex 14.777942657471 1.0653744935989 0.19799999892712
		endloop
	endfacet
	facet normal 0.55469899478697 0.83205109529543 -0
		outer loop
			vertex 14.777942657471 1.0653744935989 0
			vertex 14.777942657471 1.0653744935989 0.19799999892712
			vertex 14.939883232117 0.95741444826126 0
		endloop
	endfacet
	facet normal 0 0 -1
		outer loop
			vertex 14.778374671936 1.0660216808319 0.19799999892712
			vertex 14.782736778259 1.0725656747818 0.19799999892712
			vertex 14.921854972839 1.0366257429123 0.19799999892712
		endloop
	endfacet
	facet normal 0 -0 -1
		outer loop
			vertex 14.778374671936 1.0660216808319 0.19799999892712
			vertex 14.921854972839 1.0366257429123 0.19799999892712
			vertex 14.777942657471 1.0653744935989 0.19799999892712
		endloop
	endfacet
	facet normal 0 0 -1
		outer loop
			vertex 14.782736778259 1.0725656747818 0.19799999892712
			vertex 14.822425842285 1.1320983171463 0.19799999892712
			vertex 14.921854972839 1.0366257429123 0.19799999892712
		endloop
	endfacet
	facet normal 0.83228607105333 -0.55434636819466 0
		outer loop
			vertex 14.822425842285 1.1320983171463 0
			vertex 14.822856903076 1.1327455043793 0
			vertex 14.822856903076 1.1327455043793 0.19799999892712
		endloop
	endfacet
	facet normal 0.83228607105333 -0.55434636819466 0
		outer loop
			vertex 14.822425842285 1.1320983171463 0
			vertex 14.822856903076 1.1327455043793 0.19799999892712
			vertex 14.822425842285 1.1320983171463 0.19799999892712
		endloop
	endfacet
	facet normal -0.55469927137517 -0.83205091090381 0
		outer loop
			vertex 14.822856903076 1.1327455043793 0
			vertex 14.921854972839 1.0667469501495 0.19799999892712
			vertex 14.822856903076 1.1327455043793 0.19799999892712
		endloop
	endfacet
	facet normal 0 -0 -1
		outer loop
			vertex 14.822856903076 1.1327455043793 0.19799999892712
			vertex 14.921854972839 1.0667469501495 0.19799999892712
			vertex 14.822425842285 1.1320983171463 0.19799999892712
		endloop
	endfacet
	facet normal -0.55469927137517 -0.83205091090381 0
		outer loop
			vertex 14.822856903076 1.1327455043793 0
			vertex 14.921854972839 1.0667469501495 0
			vertex 14.921854972839 1.0667469501495 0.19799999892712
		endloop
	endfacet
	facet normal 0.55469899478697 0.83205109529543 0
		outer loop
			vertex 14.777942657471 1.0653744935989 0.19799999892712
			vertex 14.939883232117 0.95741444826126 0.19799999892712
			vertex 14.939883232117 0.95741444826126 0
		endloop
	endfacet
	facet normal -0.83230962391296 0.55431100470932 0
		outer loop
			vertex 14.939883232117 0.95741444826126 0
			vertex 14.939883232117 0.95741444826126 0.19799999892712
			vertex 14.940314292908 0.95806169509888 0
		endloop
	endfacet
	facet normal -0.83230962391296 0.55431100470932 0
		outer loop
			vertex 14.940314292908 0.95806169509888 0
			vertex 14.939883232117 0.95741444826126 0.19799999892712
			vertex 14.940314292908 0.95806169509888 0.19799999892712
		endloop
	endfacet
	facet normal 0 0 -1
		outer loop
			vertex 14.777942657471 1.0653744935989 0.19799999892712
			vertex 14.944677352905 0.96460568904877 0.19799999892712
			vertex 14.940314292908 0.95806169509888 0.19799999892712
		endloop
	endfacet
	facet normal 0 0 -1
		outer loop
			vertex 14.777942657471 1.0653744935989 0.19799999892712
			vertex 14.940314292908 0.95806169509888 0.19799999892712
			vertex 14.939883232117 0.95741444826126 0.19799999892712
		endloop
	endfacet
	facet normal 0 0 -1
		outer loop
			vertex 14.777942657471 1.0653744935989 0.19799999892712
			vertex 14.921854972839 1.0366257429123 0.19799999892712
			vertex 14.944677352905 0.96460568904877 0.19799999892712
		endloop
	endfacet
	facet normal 0 0 -1
		outer loop
			vertex 14.822425842285 1.1320983171463 0.19799999892712
			vertex 14.921854972839 1.0667469501495 0.19799999892712
			vertex 14.921854972839 1.0366257429123 0.19799999892712
		endloop
	endfacet
	facet normal 0 0 -1
		outer loop
			vertex 14.921854972839 1.0366257429123 0.19799999892712
			vertex 14.962340354919 0.99110001325607 0.19799999892712
			vertex 14.944677352905 0.96460568904877 0.19799999892712
		endloop
	endfacet
	facet normal 0 0 -1
		outer loop
			vertex 14.921854972839 1.0366257429123 0.19799999892712
			vertex 14.921854972839 1.0667469501495 0.19799999892712
			vertex 15.002824783325 0.99110001325607 0.19799999892712
		endloop
	endfacet
	facet normal 0 0 -1
		outer loop
			vertex 14.921854972839 1.0366257429123 0.19799999892712
			vertex 15.002824783325 0.99110001325607 0.19799999892712
			vertex 14.962340354919 0.99110001325607 0.19799999892712
		endloop
	endfacet
	facet normal 1 0 0
		outer loop
			vertex 14.921854972839 1.0667469501495 0
			vertex 14.921854972839 1.4904149770737 0.19799999892712
			vertex 14.921854972839 1.0667469501495 0.19799999892712
		endloop
	endfacet
	facet normal 0 0 -1
		outer loop
			vertex 14.921854972839 1.0667469501495 0.19799999892712
			vertex 14.927927970886 1.4904149770737 0.19799999892712
			vertex 15.002824783325 0.99110001325607 0.19799999892712
		endloop
	endfacet
	facet normal 1 0 0
		outer loop
			vertex 14.921854972839 1.0667469501495 0
			vertex 14.921854972839 1.4904149770737 0
			vertex 14.921854972839 1.4904149770737 0.19799999892712
		endloop
	endfacet
	facet normal 0 0 -1
		outer loop
			vertex 14.921854972839 1.0667469501495 0.19799999892712
			vertex 14.921854972839 1.4904149770737 0.19799999892712
			vertex 14.927927970886 1.4904149770737 0.19799999892712
		endloop
	endfacet
	facet normal 0 0 -1
		outer loop
			vertex 15.002824783325 0.99110001325607 0.19799999892712
			vertex 14.927927970886 1.4904149770737 0.19799999892712
			vertex 15.002824783325 1.4904149770737 0.19799999892712
		endloop
	endfacet
	facet normal -1 0 0
		outer loop
			vertex 15.002824783325 0.99110001325607 0
			vertex 15.002824783325 0.99110001325607 0.19799999892712
			vertex 15.002824783325 1.4904149770737 0.19799999892712
		endloop
	endfacet
	facet normal -1 0 0
		outer loop
			vertex 15.002824783325 0.99110001325607 0
			vertex 15.002824783325 1.4904149770737 0.19799999892712
			vertex 15.002824783325 1.4904149770737 0
		endloop
	endfacet
	facet normal 0.83147862717407 0.55555674107396 -0
		outer loop
			vertex 14.762996673584 1.0835670232773 0
			vertex 14.762996673584 1.0835670232773 0.19799999892712
			vertex 14.771772384644 1.0704327821732 0
		endloop
	endfacet
	facet normal 0.98079054452663 0.19506385561439 0
		outer loop
			vertex 14.762996673584 1.0835670232773 0
			vertex 14.759915351868 1.0990600585938 0
			vertex 14.759915351868 1.0990600585938 0.19799999892712
		endloop
	endfacet
	facet normal 0.55553488399036 0.8314932306819 -0
		outer loop
			vertex 14.771772384644 1.0704327821732 0
			vertex 14.771772384644 1.0704327821732 0.19799999892712
			vertex 14.778374671936 1.0660216808319 0
		endloop
	endfacet
	facet normal 0.98079054452663 0.19506385561439 -0
		outer loop
			vertex 14.762996673584 1.0835670232773 0
			vertex 14.759915351868 1.0990600585938 0.19799999892712
			vertex 14.762996673584 1.0835670232773 0.19799999892712
		endloop
	endfacet
	facet normal 0.55553488399036 0.8314932306819 -0
		outer loop
			vertex 14.778374671936 1.0660216808319 0
			vertex 14.771772384644 1.0704327821732 0.19799999892712
			vertex 14.778374671936 1.0660216808319 0.19799999892712
		endloop
	endfacet
	facet normal 0.83147862717407 0.55555674107396 -0
		outer loop
			vertex 14.771772384644 1.0704327821732 0
			vertex 14.762996673584 1.0835670232773 0.19799999892712
			vertex 14.771772384644 1.0704327821732 0.19799999892712
		endloop
	endfacet
	facet normal 0 0 -1
		outer loop
			vertex 14.762996673584 1.0835670232773 0.19799999892712
			vertex 14.762996673584 1.1145529747009 0.19799999892712
			vertex 14.771772384644 1.0704327821732 0.19799999892712
		endloop
	endfacet
	facet normal 0 0 -1
		outer loop
			vertex 14.771772384644 1.0704327821732 0.19799999892712
			vertex 14.782736778259 1.0725656747818 0.19799999892712
			vertex 14.778374671936 1.0660216808319 0.19799999892712
		endloop
	endfacet
	facet normal 0 0 -1
		outer loop
			vertex 14.771772384644 1.0704327821732 0.19799999892712
			vertex 14.771772384644 1.1276872158051 0.19799999892712
			vertex 14.782736778259 1.0725656747818 0.19799999892712
		endloop
	endfacet
	facet normal 0.98079025737698 -0.19506529941122 0
		outer loop
			vertex 14.759915351868 1.0990600585938 0
			vertex 14.762996673584 1.1145529747009 0
			vertex 14.762996673584 1.1145529747009 0.19799999892712
		endloop
	endfacet
	facet normal 0.83147862717407 -0.55555674107396 0
		outer loop
			vertex 14.762996673584 1.1145529747009 0
			vertex 14.771772384644 1.1276872158051 0
			vertex 14.771772384644 1.1276872158051 0.19799999892712
		endloop
	endfacet
	facet normal 0.55555147727905 -0.83148214418174 0
		outer loop
			vertex 14.771772384644 1.1276872158051 0
			vertex 14.784907341003 1.1364632844925 0
			vertex 14.784907341003 1.1364632844925 0.19799999892712
		endloop
	endfacet
	facet normal 0.19509285368989 -0.98078477681861 0
		outer loop
			vertex 14.784907341003 1.1364632844925 0
			vertex 14.800399780273 1.1395449638367 0
			vertex 14.800399780273 1.1395449638367 0.19799999892712
		endloop
	endfacet
	facet normal 0.83147862717407 -0.55555674107396 0
		outer loop
			vertex 14.762996673584 1.1145529747009 0
			vertex 14.771772384644 1.1276872158051 0.19799999892712
			vertex 14.762996673584 1.1145529747009 0.19799999892712
		endloop
	endfacet
	facet normal 0.98079025737698 -0.19506529941122 0
		outer loop
			vertex 14.759915351868 1.0990600585938 0
			vertex 14.762996673584 1.1145529747009 0.19799999892712
			vertex 14.759915351868 1.0990600585938 0.19799999892712
		endloop
	endfacet
	facet normal 0.55555147727905 -0.83148214418174 0
		outer loop
			vertex 14.771772384644 1.1276872158051 0
			vertex 14.784907341003 1.1364632844925 0.19799999892712
			vertex 14.771772384644 1.1276872158051 0.19799999892712
		endloop
	endfacet
	facet normal 0.19509285368989 -0.98078477681861 0
		outer loop
			vertex 14.784907341003 1.1364632844925 0
			vertex 14.800399780273 1.1395449638367 0.19799999892712
			vertex 14.784907341003 1.1364632844925 0.19799999892712
		endloop
	endfacet
	facet normal -0.19508130204389 -0.98078707454414 0
		outer loop
			vertex 14.800399780273 1.1395449638367 0
			vertex 14.815893173218 1.1364632844925 0
			vertex 14.815893173218 1.1364632844925 0.19799999892712
		endloop
	endfacet
	facet normal -0.55556824672696 -0.83147093949742 0
		outer loop
			vertex 14.815893173218 1.1364632844925 0
			vertex 14.822425842285 1.1320983171463 0
			vertex 14.822425842285 1.1320983171463 0.19799999892712
		endloop
	endfacet
	facet normal -0.19508130204389 -0.98078707454414 0
		outer loop
			vertex 14.800399780273 1.1395449638367 0
			vertex 14.815893173218 1.1364632844925 0.19799999892712
			vertex 14.800399780273 1.1395449638367 0.19799999892712
		endloop
	endfacet
	facet normal -0.55556824672696 -0.83147093949742 0
		outer loop
			vertex 14.815893173218 1.1364632844925 0
			vertex 14.822425842285 1.1320983171463 0.19799999892712
			vertex 14.815893173218 1.1364632844925 0.19799999892712
		endloop
	endfacet
	facet normal 0 0 -1
		outer loop
			vertex 14.762996673584 1.0835670232773 0.19799999892712
			vertex 14.759915351868 1.0990600585938 0.19799999892712
			vertex 14.762996673584 1.1145529747009 0.19799999892712
		endloop
	endfacet
	facet normal 0 0 -1
		outer loop
			vertex 14.771772384644 1.0704327821732 0.19799999892712
			vertex 14.762996673584 1.1145529747009 0.19799999892712
			vertex 14.771772384644 1.1276872158051 0.19799999892712
		endloop
	endfacet
	facet normal 0 0 -1
		outer loop
			vertex 14.782736778259 1.0725656747818 0.19799999892712
			vertex 14.771772384644 1.1276872158051 0.19799999892712
			vertex 14.822425842285 1.1320983171463 0.19799999892712
		endloop
	endfacet
	facet normal 0 0 -1
		outer loop
			vertex 14.771772384644 1.1276872158051 0.19799999892712
			vertex 14.784907341003 1.1364632844925 0.19799999892712
			vertex 14.822425842285 1.1320983171463 0.19799999892712
		endloop
	endfacet
	facet normal 0 0 -1
		outer loop
			vertex 14.784907341003 1.1364632844925 0.19799999892712
			vertex 14.800399780273 1.1395449638367 0.19799999892712
			vertex 14.822425842285 1.1320983171463 0.19799999892712
		endloop
	endfacet
	facet normal 0 0 -1
		outer loop
			vertex 14.800399780273 1.1395449638367 0.19799999892712
			vertex 14.815893173218 1.1364632844925 0.19799999892712
			vertex 14.822425842285 1.1320983171463 0.19799999892712
		endloop
	endfacet
	facet normal 0.55556824672696 0.83147093949742 -0
		outer loop
			vertex 14.940314292908 0.95806169509888 0
			vertex 14.940314292908 0.95806169509888 0.19799999892712
			vertex 14.946846961975 0.95369672775269 0
		endloop
	endfacet
	facet normal 0.19508493163156 0.98078635260199 -0
		outer loop
			vertex 14.946846961975 0.95369672775269 0
			vertex 14.946846961975 0.95369672775269 0.19799999892712
			vertex 14.962340354919 0.95061498880386 0
		endloop
	endfacet
	facet normal -0.19509648347547 0.98078405479265 0
		outer loop
			vertex 14.962340354919 0.95061498880386 0
			vertex 14.962340354919 0.95061498880386 0.19799999892712
			vertex 14.977832794189 0.95369672775269 0
		endloop
	endfacet
	facet normal -0.55557936535473 0.83146351019876 0
		outer loop
			vertex 14.977832794189 0.95369672775269 0
			vertex 14.977832794189 0.95369672775269 0.19799999892712
			vertex 14.990966796875 0.96247279644012 0
		endloop
	endfacet
	facet normal 0.55556824672696 0.83147093949742 -0
		outer loop
			vertex 14.946846961975 0.95369672775269 0
			vertex 14.940314292908 0.95806169509888 0.19799999892712
			vertex 14.946846961975 0.95369672775269 0.19799999892712
		endloop
	endfacet
	facet normal 0.19508493163156 0.98078635260199 -0
		outer loop
			vertex 14.962340354919 0.95061498880386 0
			vertex 14.946846961975 0.95369672775269 0.19799999892712
			vertex 14.962340354919 0.95061498880386 0.19799999892712
		endloop
	endfacet
	facet normal -0.19509648347547 0.98078405479265 0
		outer loop
			vertex 14.977832794189 0.95369672775269 0
			vertex 14.962340354919 0.95061498880386 0.19799999892712
			vertex 14.977832794189 0.95369672775269 0.19799999892712
		endloop
	endfacet
	facet normal -0.55557936535473 0.83146351019876 0
		outer loop
			vertex 14.977832794189 0.95369672775269 0.19799999892712
			vertex 14.990966796875 0.96247279644012 0.19799999892712
			vertex 14.990966796875 0.96247279644012 0
		endloop
	endfacet
	facet normal 0 0 -1
		outer loop
			vertex 14.940314292908 0.95806169509888 0.19799999892712
			vertex 14.944677352905 0.96460568904877 0.19799999892712
			vertex 14.946846961975 0.95369672775269 0.19799999892712
		endloop
	endfacet
	facet normal 0 0 -1
		outer loop
			vertex 14.944677352905 0.96460568904877 0.19799999892712
			vertex 14.962340354919 0.95061498880386 0.19799999892712
			vertex 14.946846961975 0.95369672775269 0.19799999892712
		endloop
	endfacet
	facet normal 0 0 -1
		outer loop
			vertex 14.944677352905 0.96460568904877 0.19799999892712
			vertex 14.977832794189 0.95369672775269 0.19799999892712
			vertex 14.962340354919 0.95061498880386 0.19799999892712
		endloop
	endfacet
	facet normal 0 0 -1
		outer loop
			vertex 14.944677352905 0.96460568904877 0.19799999892712
			vertex 14.990966796875 0.96247279644012 0.19799999892712
			vertex 14.977832794189 0.95369672775269 0.19799999892712
		endloop
	endfacet
	facet normal 0 0 -1
		outer loop
			vertex 14.944677352905 0.96460568904877 0.19799999892712
			vertex 14.962340354919 0.99110001325607 0.19799999892712
			vertex 15.002824783325 0.99110001325607 0.19799999892712
		endloop
	endfacet
	facet normal 0 0 -1
		outer loop
			vertex 14.944677352905 0.96460568904877 0.19799999892712
			vertex 15.002824783325 0.99110001325607 0.19799999892712
			vertex 14.990966796875 0.96247279644012 0.19799999892712
		endloop
	endfacet
	facet normal -0.9807904009526 0.19506457751019 0
		outer loop
			vertex 14.999743461609 0.97560703754425 0
			vertex 14.999743461609 0.97560703754425 0.19799999892712
			vertex 15.002824783325 0.99110001325607 0
		endloop
	endfacet
	facet normal -0.83145073852668 0.55559847858273 0
		outer loop
			vertex 14.990966796875 0.96247279644012 0
			vertex 14.990966796875 0.96247279644012 0.19799999892712
			vertex 14.999743461609 0.97560703754425 0
		endloop
	endfacet
	facet normal -0.83145073852668 0.55559847858273 0
		outer loop
			vertex 14.999743461609 0.97560703754425 0
			vertex 14.990966796875 0.96247279644012 0.19799999892712
			vertex 14.999743461609 0.97560703754425 0.19799999892712
		endloop
	endfacet
	facet normal -0.9807904009526 0.19506457751019 0
		outer loop
			vertex 15.002824783325 0.99110001325607 0
			vertex 14.999743461609 0.97560703754425 0.19799999892712
			vertex 15.002824783325 0.99110001325607 0.19799999892712
		endloop
	endfacet
	facet normal 0 0 -1
		outer loop
			vertex 14.990966796875 0.96247279644012 0.19799999892712
			vertex 15.002824783325 0.99110001325607 0.19799999892712
			vertex 14.999743461609 0.97560703754425 0.19799999892712
		endloop
	endfacet
	facet normal 0 1 0
		outer loop
			vertex 14.800399780273 1.4904149770737 0
			vertex 14.800399780273 1.4904149770737 0.19799999892712
			vertex 14.921854972839 1.4904149770737 0
		endloop
	endfacet
	facet normal -0 1 0
		outer loop
			vertex 14.800399780273 1.4904149770737 0.19799999892712
			vertex 14.921854972839 1.4904149770737 0.19799999892712
			vertex 14.921854972839 1.4904149770737 0
		endloop
	endfacet
	facet normal 0 1 0
		outer loop
			vertex 15.002824783325 1.4904149770737 0
			vertex 15.002824783325 1.4904149770737 0.19799999892712
			vertex 15.124279975891 1.4904149770737 0
		endloop
	endfacet
	facet normal -0 1 0
		outer loop
			vertex 15.002824783325 1.4904149770737 0.19799999892712
			vertex 15.124279975891 1.4904149770737 0.19799999892712
			vertex 15.124279975891 1.4904149770737 0
		endloop
	endfacet
	facet normal 0 0 -1
		outer loop
			vertex 14.800399780273 1.4904149770737 0.19799999892712
			vertex 14.800399780273 1.5713850259781 0.19799999892712
			vertex 14.921854972839 1.4904149770737 0.19799999892712
		endloop
	endfacet
	facet normal 0 -1 0
		outer loop
			vertex 14.800399780273 1.5713850259781 0
			vertex 15.124279975891 1.5713850259781 0.19799999892712
			vertex 14.800399780273 1.5713850259781 0.19799999892712
		endloop
	endfacet
	facet normal 0 0 -1
		outer loop
			vertex 14.800399780273 1.5713850259781 0.19799999892712
			vertex 14.927927970886 1.4904149770737 0.19799999892712
			vertex 14.921854972839 1.4904149770737 0.19799999892712
		endloop
	endfacet
	facet normal 0 0 -1
		outer loop
			vertex 14.800399780273 1.5713850259781 0.19799999892712
			vertex 15.002824783325 1.4904149770737 0.19799999892712
			vertex 14.927927970886 1.4904149770737 0.19799999892712
		endloop
	endfacet
	facet normal 0 0 -1
		outer loop
			vertex 14.800399780273 1.5713850259781 0.19799999892712
			vertex 15.124279975891 1.4904149770737 0.19799999892712
			vertex 15.002824783325 1.4904149770737 0.19799999892712
		endloop
	endfacet
	facet normal 0 -1 0
		outer loop
			vertex 14.800399780273 1.5713850259781 0
			vertex 15.124279975891 1.5713850259781 0
			vertex 15.124279975891 1.5713850259781 0.19799999892712
		endloop
	endfacet
	facet normal 0 0 -1
		outer loop
			vertex 14.800399780273 1.5713850259781 0.19799999892712
			vertex 15.124279975891 1.5713850259781 0.19799999892712
			vertex 15.124279975891 1.4904149770737 0.19799999892712
		endloop
	endfacet
	facet normal 0.83148095638576 0.55555325502405 -0
		outer loop
			vertex 14.762996673584 1.5154070854187 0
			vertex 14.762996673584 1.5154070854187 0.19799999892712
			vertex 14.771772384644 1.5022727251053 0
		endloop
	endfacet
	facet normal 0.55554626001307 0.83148563005352 0
		outer loop
			vertex 14.784907341003 1.4934967756271 0
			vertex 14.771772384644 1.5022727251053 0
			vertex 14.771772384644 1.5022727251053 0.19799999892712
		endloop
	endfacet
	facet normal 0.19510011325304 0.98078333275431 -0
		outer loop
			vertex 14.784907341003 1.4934967756271 0
			vertex 14.784907341003 1.4934967756271 0.19799999892712
			vertex 14.800399780273 1.4904149770737 0
		endloop
	endfacet
	facet normal 0.55554626001307 0.83148563005352 -0
		outer loop
			vertex 14.784907341003 1.4934967756271 0
			vertex 14.771772384644 1.5022727251053 0.19799999892712
			vertex 14.784907341003 1.4934967756271 0.19799999892712
		endloop
	endfacet
	facet normal 0.83148095638576 0.55555325502405 -0
		outer loop
			vertex 14.771772384644 1.5022727251053 0
			vertex 14.762996673584 1.5154070854187 0.19799999892712
			vertex 14.771772384644 1.5022727251053 0.19799999892712
		endloop
	endfacet
	facet normal 0.19510011325304 0.98078333275431 -0
		outer loop
			vertex 14.800399780273 1.4904149770737 0
			vertex 14.784907341003 1.4934967756271 0.19799999892712
			vertex 14.800399780273 1.4904149770737 0.19799999892712
		endloop
	endfacet
	facet normal 0.98079025737698 0.19506529941122 0
		outer loop
			vertex 14.762996673584 1.5154070854187 0
			vertex 14.759915351868 1.5309000015259 0
			vertex 14.759915351868 1.5309000015259 0.19799999892712
		endloop
	endfacet
	facet normal 0.98079025737698 -0.19506529941122 0
		outer loop
			vertex 14.759915351868 1.5309000015259 0
			vertex 14.762996673584 1.5463929176331 0
			vertex 14.762996673584 1.5463929176331 0.19799999892712
		endloop
	endfacet
	facet normal 0.83147862717407 -0.55555674107396 0
		outer loop
			vertex 14.762996673584 1.5463929176331 0
			vertex 14.771772384644 1.5595271587372 0
			vertex 14.771772384644 1.5595271587372 0.19799999892712
		endloop
	endfacet
	facet normal 0.55555147727905 -0.83148214418174 0
		outer loop
			vertex 14.771772384644 1.5595271587372 0
			vertex 14.784907341003 1.5683032274246 0
			vertex 14.784907341003 1.5683032274246 0.19799999892712
		endloop
	endfacet
	facet normal 0.19510011325304 -0.98078333275431 0
		outer loop
			vertex 14.784907341003 1.5683032274246 0
			vertex 14.800399780273 1.5713850259781 0
			vertex 14.800399780273 1.5713850259781 0.19799999892712
		endloop
	endfacet
	facet normal 0.98079025737698 -0.19506529941122 0
		outer loop
			vertex 14.759915351868 1.5309000015259 0
			vertex 14.762996673584 1.5463929176331 0.19799999892712
			vertex 14.759915351868 1.5309000015259 0.19799999892712
		endloop
	endfacet
	facet normal 0.98079025737698 0.19506529941122 -0
		outer loop
			vertex 14.762996673584 1.5154070854187 0
			vertex 14.759915351868 1.5309000015259 0.19799999892712
			vertex 14.762996673584 1.5154070854187 0.19799999892712
		endloop
	endfacet
	facet normal 0.83147862717407 -0.55555674107396 0
		outer loop
			vertex 14.762996673584 1.5463929176331 0
			vertex 14.771772384644 1.5595271587372 0.19799999892712
			vertex 14.762996673584 1.5463929176331 0.19799999892712
		endloop
	endfacet
	facet normal 0.55555147727905 -0.83148214418174 0
		outer loop
			vertex 14.771772384644 1.5595271587372 0
			vertex 14.784907341003 1.5683032274246 0.19799999892712
			vertex 14.771772384644 1.5595271587372 0.19799999892712
		endloop
	endfacet
	facet normal 0.19510011325304 -0.98078333275431 0
		outer loop
			vertex 14.784907341003 1.5683032274246 0
			vertex 14.800399780273 1.5713850259781 0.19799999892712
			vertex 14.784907341003 1.5683032274246 0.19799999892712
		endloop
	endfacet
	facet normal 0 0 -1
		outer loop
			vertex 14.762996673584 1.5154070854187 0.19799999892712
			vertex 14.759915351868 1.5309000015259 0.19799999892712
			vertex 14.762996673584 1.5463929176331 0.19799999892712
		endloop
	endfacet
	facet normal 0 0 -1
		outer loop
			vertex 14.762996673584 1.5154070854187 0.19799999892712
			vertex 14.762996673584 1.5463929176331 0.19799999892712
			vertex 14.771772384644 1.5022727251053 0.19799999892712
		endloop
	endfacet
	facet normal 0 0 -1
		outer loop
			vertex 14.762996673584 1.5463929176331 0.19799999892712
			vertex 14.771772384644 1.5595271587372 0.19799999892712
			vertex 14.771772384644 1.5022727251053 0.19799999892712
		endloop
	endfacet
	facet normal 0 0 -1
		outer loop
			vertex 14.784907341003 1.4934967756271 0.19799999892712
			vertex 14.771772384644 1.5022727251053 0.19799999892712
			vertex 14.771772384644 1.5595271587372 0.19799999892712
		endloop
	endfacet
	facet normal 0 0 -1
		outer loop
			vertex 14.784907341003 1.4934967756271 0.19799999892712
			vertex 14.771772384644 1.5595271587372 0.19799999892712
			vertex 14.784907341003 1.5683032274246 0.19799999892712
		endloop
	endfacet
	facet normal 0 0 -1
		outer loop
			vertex 14.784907341003 1.4934967756271 0.19799999892712
			vertex 14.784907341003 1.5683032274246 0.19799999892712
			vertex 14.800399780273 1.4904149770737 0.19799999892712
		endloop
	endfacet
	facet normal 0 0 -1
		outer loop
			vertex 14.784907341003 1.5683032274246 0.19799999892712
			vertex 14.800399780273 1.5713850259781 0.19799999892712
			vertex 14.800399780273 1.4904149770737 0.19799999892712
		endloop
	endfacet
	facet normal -0.19508856121121 0.98078563064746 0
		outer loop
			vertex 15.124279975891 1.4904149770737 0
			vertex 15.124279975891 1.4904149770737 0.19799999892712
			vertex 15.139773368835 1.4934967756271 0
		endloop
	endfacet
	facet normal -0.55557414806069 0.83146699634239 0
		outer loop
			vertex 15.139773368835 1.4934967756271 0
			vertex 15.139773368835 1.4934967756271 0.19799999892712
			vertex 15.152907371521 1.5022727251053 0
		endloop
	endfacet
	facet normal -0.83148095638576 0.55555325502405 0
		outer loop
			vertex 15.161683082581 1.5154070854187 0
			vertex 15.152907371521 1.5022727251053 0
			vertex 15.152907371521 1.5022727251053 0.19799999892712
		endloop
	endfacet
	facet normal -0.19508856121121 0.98078563064746 0
		outer loop
			vertex 15.139773368835 1.4934967756271 0
			vertex 15.124279975891 1.4904149770737 0.19799999892712
			vertex 15.139773368835 1.4934967756271 0.19799999892712
		endloop
	endfacet
	facet normal -0.55557414806069 0.83146699634239 0
		outer loop
			vertex 15.152907371521 1.5022727251053 0
			vertex 15.139773368835 1.4934967756271 0.19799999892712
			vertex 15.152907371521 1.5022727251053 0.19799999892712
		endloop
	endfacet
	facet normal -0.83148095638576 0.55555325502405 0
		outer loop
			vertex 15.161683082581 1.5154070854187 0
			vertex 15.152907371521 1.5022727251053 0.19799999892712
			vertex 15.161683082581 1.5154070854187 0.19799999892712
		endloop
	endfacet
	facet normal -0.55557936535473 -0.83146351019876 0
		outer loop
			vertex 15.139773368835 1.5683032274246 0
			vertex 15.152907371521 1.5595271587372 0
			vertex 15.152907371521 1.5595271587372 0.19799999892712
		endloop
	endfacet
	facet normal -0.19508856121121 -0.98078563064746 0
		outer loop
			vertex 15.124279975891 1.5713850259781 0
			vertex 15.139773368835 1.5683032274246 0
			vertex 15.139773368835 1.5683032274246 0.19799999892712
		endloop
	endfacet
	facet normal -0.98077870533518 -0.19512337420475 0
		outer loop
			vertex 15.164765357971 1.5309000015259 0
			vertex 15.164765357971 1.5309000015259 0.19799999892712
			vertex 15.161683082581 1.5463929176331 0
		endloop
	endfacet
	facet normal -0.98077870533518 0.19512337420475 0
		outer loop
			vertex 15.161683082581 1.5154070854187 0
			vertex 15.161683082581 1.5154070854187 0.19799999892712
			vertex 15.164765357971 1.5309000015259 0
		endloop
	endfacet
	facet normal -0.83147862717407 -0.55555674107396 0
		outer loop
			vertex 15.161683082581 1.5463929176331 0
			vertex 15.161683082581 1.5463929176331 0.19799999892712
			vertex 15.152907371521 1.5595271587372 0
		endloop
	endfacet
	facet normal -0.55557936535473 -0.83146351019876 0
		outer loop
			vertex 15.139773368835 1.5683032274246 0
			vertex 15.152907371521 1.5595271587372 0.19799999892712
			vertex 15.139773368835 1.5683032274246 0.19799999892712
		endloop
	endfacet
	facet normal -0.19508856121121 -0.98078563064746 0
		outer loop
			vertex 15.124279975891 1.5713850259781 0
			vertex 15.139773368835 1.5683032274246 0.19799999892712
			vertex 15.124279975891 1.5713850259781 0.19799999892712
		endloop
	endfacet
	facet normal -0.98077870533518 0.19512337420475 0
		outer loop
			vertex 15.164765357971 1.5309000015259 0
			vertex 15.161683082581 1.5154070854187 0.19799999892712
			vertex 15.164765357971 1.5309000015259 0.19799999892712
		endloop
	endfacet
	facet normal -0.83147862717407 -0.55555674107396 0
		outer loop
			vertex 15.152907371521 1.5595271587372 0
			vertex 15.161683082581 1.5463929176331 0.19799999892712
			vertex 15.152907371521 1.5595271587372 0.19799999892712
		endloop
	endfacet
	facet normal -0.98077870533518 -0.19512337420475 0
		outer loop
			vertex 15.161683082581 1.5463929176331 0
			vertex 15.164765357971 1.5309000015259 0.19799999892712
			vertex 15.161683082581 1.5463929176331 0.19799999892712
		endloop
	endfacet
	facet normal 0 0 -1
		outer loop
			vertex 15.124279975891 1.4904149770737 0.19799999892712
			vertex 15.124279975891 1.5713850259781 0.19799999892712
			vertex 15.139773368835 1.4934967756271 0.19799999892712
		endloop
	endfacet
	facet normal 0 0 -1
		outer loop
			vertex 15.139773368835 1.4934967756271 0.19799999892712
			vertex 15.124279975891 1.5713850259781 0.19799999892712
			vertex 15.139773368835 1.5683032274246 0.19799999892712
		endloop
	endfacet
	facet normal 0 0 -1
		outer loop
			vertex 15.139773368835 1.4934967756271 0.19799999892712
			vertex 15.139773368835 1.5683032274246 0.19799999892712
			vertex 15.152907371521 1.5022727251053 0.19799999892712
		endloop
	endfacet
	facet normal 0 0 -1
		outer loop
			vertex 15.139773368835 1.5683032274246 0.19799999892712
			vertex 15.152907371521 1.5595271587372 0.19799999892712
			vertex 15.152907371521 1.5022727251053 0.19799999892712
		endloop
	endfacet
	facet normal 0 0 -1
		outer loop
			vertex 15.161683082581 1.5154070854187 0.19799999892712
			vertex 15.161683082581 1.5463929176331 0.19799999892712
			vertex 15.164765357971 1.5309000015259 0.19799999892712
		endloop
	endfacet
	facet normal -0 0 -1
		outer loop
			vertex 15.161683082581 1.5154070854187 0.19799999892712
			vertex 15.152907371521 1.5022727251053 0.19799999892712
			vertex 15.152907371521 1.5595271587372 0.19799999892712
		endloop
	endfacet
	facet normal 0 0 -1
		outer loop
			vertex 15.161683082581 1.5154070854187 0.19799999892712
			vertex 15.152907371521 1.5595271587372 0.19799999892712
			vertex 15.161683082581 1.5463929176331 0.19799999892712
		endloop
	endfacet
	facet normal -0.60328126705105 -0.63542962646095 -0.48195529112251
		outer loop
			vertex 3.7599174976349 13.574373245239 3.7612826824188
			vertex 6.6134524345398 0.8729145526886 16.935531616211
			vertex 2.5488469600677 14.071323394775 4.62202501297
		endloop
	endfacet
	facet normal -0.44827825410787 -0.6872144557673 -0.57164927943491
		outer loop
			vertex 3.7599174976349 13.574373245239 3.7612826824188
			vertex 5.1416177749634 13.205106735229 3.1216931343079
			vertex 6.9534573554993 0.73339706659317 16.693880081177
		endloop
	endfacet
	facet normal -0.27604864642983 -0.72288440833503 -0.63343135144257
		outer loop
			vertex 5.1416177749634 13.205106735229 3.1216931343079
			vertex 6.6408505439758 12.977712631226 2.727835893631
			vertex 7.3413667678833 0.62972623109818 16.514318466187
		endloop
	endfacet
	facet normal -0.093209931509909 -0.74106884118808 -0.66492772636436
		outer loop
			vertex 6.6408505439758 12.977712631226 2.727835893631
			vertex 7.4200000762939 12.543558120728 3.1024839878082
			vertex 7.7622723579407 0.5658860206604 16.403743743896
		endloop
	endfacet
	facet normal -0.093209590359341 -0.74106886056473 -0.66492775259147
		outer loop
			vertex 7.7622723579407 0.5658860206604 16.403743743896
			vertex 7.4200000762939 12.543558120728 3.1024839878082
			vertex 7.9400000572205 11.73522567749 3.9304852485657
		endloop
	endfacet
	facet normal -0.093212175389174 -0.74106866195117 -0.66492761157371
		outer loop
			vertex 8.1999998092651 12.900931358337 2.5948464870453
			vertex 7.7622723579407 0.5658860206604 16.403743743896
			vertex 7.9400000572205 11.73522567749 3.9304852485657
		endloop
	endfacet
	facet normal -0.44827529622199 -0.68722552404574 -0.57163829288908
		outer loop
			vertex 6.9777455329895 0.63573724031448 16.792238235474
			vertex 6.9749674797058 0.64690679311752 16.780988693237
			vertex 7.356183052063 0.54502481222153 16.604524612427
		endloop
	endfacet
	facet normal -0.60328604958359 -0.63541444415077 -0.48196932116307
		outer loop
			vertex 6.6443653106689 0.77253633737564 17.029180526733
			vertex 6.6408295631409 0.78401678800583 17.01847076416
			vertex 6.9749674797058 0.64690679311752 16.780988693237
		endloop
	endfacet
	facet normal -0.60327764925386 -0.63544116558396 -0.48194460572978
		outer loop
			vertex 6.6443653106689 0.77253633737564 17.029180526733
			vertex 6.9749674797058 0.64690679311752 16.780988693237
			vertex 6.9777455329895 0.63573724031448 16.792238235474
		endloop
	endfacet
	facet normal -0.44828477048928 -0.68718861962615 -0.57167522738325
		outer loop
			vertex 6.9777455329895 0.63573724031448 16.792238235474
			vertex 7.356183052063 0.54502481222153 16.604524612427
			vertex 7.3580965995789 0.53408634662628 16.616172790527
		endloop
	endfacet
	facet normal -0.27605360773785 -0.72285516798339 -0.63346255751593
		outer loop
			vertex 7.3580965995789 0.53408634662628 16.616172790527
			vertex 7.356183052063 0.54502481222153 16.604524612427
			vertex 7.7698259353638 0.48228624463081 16.49585723877
		endloop
	endfacet
	facet normal -0.27604721044164 -0.72288989704085 -0.63342571337423
		outer loop
			vertex 7.7708010673523 0.471489995718 16.507753372192
			vertex 7.3580965995789 0.53408634662628 16.616172790527
			vertex 7.7698259353638 0.48228624463081 16.49585723877
		endloop
	endfacet
	facet normal -0.093209112526097 -0.74107706539167 -0.66491867509686
		outer loop
			vertex 7.7708010673523 0.471489995718 16.507753372192
			vertex 7.7698259353638 0.48228624463081 16.49585723877
			vertex 8.1999998092651 0.46110200881958 16.45916557312
		endloop
	endfacet
	facet normal -0.093212186240951 -0.74104644166623 -0.66495237395622
		outer loop
			vertex 7.7708010673523 0.471489995718 16.507753372192
			vertex 8.1999998092651 0.46110200881958 16.45916557312
			vertex 8.1999998092651 0.45035383105278 16.471143722534
		endloop
	endfacet
	facet normal -0.9100060680635 -0.4059138080139 -0.084397491380163
		outer loop
			vertex 6.1674652099609 1.1294020414352 17.647289276123
			vertex 6.0665612220764 1.3003969192505 17.912866592407
			vertex 6.1628456115723 1.1416934728622 17.637983322144
		endloop
	endfacet
	facet normal -0.91000446049065 -0.4059181156002 -0.08439410710881
		outer loop
			vertex 6.042272567749 1.3357545137405 18.004703521729
			vertex 6.0665612220764 1.3003969192505 17.912866592407
			vertex 6.1674652099609 1.1294020414352 17.647289276123
		endloop
	endfacet
	facet normal -0.91001128358913 -0.40590107997407 -0.084402470439846
		outer loop
			vertex 6.042272567749 1.3357545137405 18.004703521729
			vertex 6.0262970924377 1.4029831886292 17.853637695312
			vertex 6.0665612220764 1.3003969192505 17.912866592407
		endloop
	endfacet
	facet normal -0.83866606900855 -0.49202858874781 -0.23355318997732
		outer loop
			vertex 6.1674652099609 1.1294020414352 17.647289276123
			vertex 6.1628456115723 1.1416934728622 17.637983322144
			vertex 6.3666095733643 0.95108580589294 17.307842254639
		endloop
	endfacet
	facet normal -0.83867754882241 -0.49199826039504 -0.23357585677782
		outer loop
			vertex 6.3707666397095 0.93922656774521 17.317895889282
			vertex 6.1674652099609 1.1294020414352 17.647289276123
			vertex 6.3666095733643 0.95108580589294 17.307842254639
		endloop
	endfacet
	facet normal -0.73510780517998 -0.56949677024584 -0.36781781284085
		outer loop
			vertex 6.3707666397095 0.93922656774521 17.317895889282
			vertex 6.3666095733643 0.95108580589294 17.307842254639
			vertex 6.6408295631409 0.78401678800583 17.01847076416
		endloop
	endfacet
	facet normal -0.73510261378909 -0.56951138947193 -0.36780555251681
		outer loop
			vertex 6.6443653106689 0.77253633737564 17.029180526733
			vertex 6.3707666397095 0.93922656774521 17.317895889282
			vertex 6.6408295631409 0.78401678800583 17.01847076416
		endloop
	endfacet
	facet normal -0.83866958813241 -0.4920190073064 -0.23356073811973
		outer loop
			vertex 1.5549468994141 14.676858901978 5.6708431243896
			vertex 6.3344173431396 1.0429171323776 17.229986190796
			vertex 6.1270756721497 1.2368717193604 17.565923690796
		endloop
	endfacet
	facet normal -0.60328158859103 -0.63542948064256 -0.48195508089179
		outer loop
			vertex 3.7599174976349 13.574373245239 3.7612826824188
			vertex 6.9534573554993 0.73339706659317 16.693880081177
			vertex 6.6134524345398 0.8729145526886 16.935531616211
		endloop
	endfacet
	facet normal -0.73510105810636 -0.56951963405311 -0.36779589557107
		outer loop
			vertex 2.5488469600677 14.071323394775 4.62202501297
			vertex 6.6134524345398 0.8729145526886 16.935531616211
			vertex 6.3344173431396 1.0429171323776 17.229986190796
		endloop
	endfacet
	facet normal -0.91001003845638 -0.40590349535211 -0.084404279331969
		outer loop
			vertex 0.36162543296814 16.117324829102 8.1658039093018
			vertex 6.1270756721497 1.2368717193604 17.565923690796
			vertex 6.0262970924377 1.4029831886292 17.853637695312
		endloop
	endfacet
	facet normal -0.91001031107379 -0.40590305605183 -0.084403452696974
		outer loop
			vertex 0.36162543296814 16.117324829102 8.1658039093018
			vertex 6.0262970924377 1.4029831886292 17.853637695312
			vertex 6.042272567749 1.3357545137405 18.004703521729
		endloop
	endfacet
	facet normal -0.94637865766651 -0.31448476848472 0.073937586547319
		outer loop
			vertex 0.36162543296814 16.117324829102 8.1658039093018
			vertex 6.042272567749 1.3357545137405 18.004703521729
			vertex 6 1.5503537654877 18.376399993896
		endloop
	endfacet
	facet normal -0.94637862890999 -0.22127406027785 0.23538326404101
		outer loop
			vertex 0.36162543296814 17.676475524902 10.86633014679
			vertex 6 1.5503537654877 18.376399993896
			vertex 6.042272567749 1.7649531364441 18.748096466064
		endloop
	endfacet
	facet normal -0.91001024819454 -0.12985585735536 0.3937242747043
		outer loop
			vertex 0.36162543296814 17.676475524902 10.86633014679
			vertex 6.042272567749 1.7649531364441 18.748096466064
			vertex 6.1674652099609 1.9713056087494 19.10551071167
		endloop
	endfacet
	facet normal -0.83867016096958 -0.043740491689032 0.54288040164115
		outer loop
			vertex 0.81641262769699 18.426090240479 12.164704322815
			vertex 6.1674652099609 1.9713056087494 19.10551071167
			vertex 6.3707666397095 2.1614811420441 19.434904098511
		endloop
	endfacet
	facet normal -0.44827625225515 -0.68721506987786 -0.57165011099173
		outer loop
			vertex 5.1416177749634 13.205106735229 3.1216931343079
			vertex 7.3413667678833 0.62972623109818 16.514318466187
			vertex 6.9534573554993 0.73339706659317 16.693880081177
		endloop
	endfacet
	facet normal -0.27604901842264 -0.72288433802524 -0.63343126956735
		outer loop
			vertex 6.6408505439758 12.977712631226 2.727835893631
			vertex 7.7622723579407 0.5658860206604 16.403743743896
			vertex 7.3413667678833 0.62972623109818 16.514318466187
		endloop
	endfacet
	facet normal -0.093210056325551 -0.74106884335934 -0.66492770644773
		outer loop
			vertex 8.1999998092651 12.900931358337 2.5948464870453
			vertex 8.1999998092651 0.54432982206345 16.366407394409
			vertex 7.7622723579407 0.5658860206604 16.403743743896
		endloop
	endfacet
	facet normal -0.7350993092797 0.033761735300007 0.67711826937843
		outer loop
			vertex 2.5488469600677 19.722476959229 14.410109519958
			vertex 6.3707666397095 2.1614811420441 19.434904098511
			vertex 6.6443653106689 2.3281712532043 19.72361946106
		endloop
	endfacet
	facet normal -0.60328043200439 0.099671073729883 0.79127643552815
		outer loop
			vertex 2.5488469600677 19.722476959229 14.410109519958
			vertex 6.6443653106689 2.3281712532043 19.72361946106
			vertex 6.9777455329895 2.4649703502655 19.960561752319
		endloop
	endfacet
	facet normal -0.44827994217729 0.15145500419485 0.88096905459038
		outer loop
			vertex 3.7599174976349 20.219427108765 15.270852088928
			vertex 6.9777455329895 2.4649703502655 19.960561752319
			vertex 7.3580965995789 2.5666213035583 20.136627197266
		endloop
	endfacet
	facet normal -0.27604747929362 0.18712568852911 0.94275222930956
		outer loop
			vertex 5.1416177749634 20.588693618774 15.910441398621
			vertex 7.3580965995789 2.5666213035583 20.136627197266
			vertex 7.7708010673523 2.6292176246643 20.245046615601
		endloop
	endfacet
	facet normal -0.093211761144288 0.20530987646714 0.97424813174541
		outer loop
			vertex 7.7708010673523 2.6292176246643 20.245046615601
			vertex 8.1999998092651 2.6503539085388 20.281656265259
			vertex 8.1999998092651 20.892868041992 16.437288284302
		endloop
	endfacet
	facet normal -0.75829599168509 -0.47932892094808 -0.44184949308229
		outer loop
			vertex 1.3819491863251 15.524926185608 5.0477356910706
			vertex 2.5488469600677 14.071323394775 4.62202501297
			vertex 1.5549468994141 14.676858901978 5.6708431243896
		endloop
	endfacet
	facet normal -0.86513356109953 -0.06304151246558 -0.49756375387009
		outer loop
			vertex 1.3819491863251 15.524926185608 5.0477356910706
			vertex 0.81641262769699 17.17943572998 5.8214292526245
			vertex 1.5549468994141 16.488586425781 4.6248416900635
		endloop
	endfacet
	facet normal -0.75829598109459 -0.14298841166194 -0.63603578451702
		outer loop
			vertex 1.3819491863251 15.524926185608 5.0477356910706
			vertex 1.5549468994141 16.488586425781 4.6248416900635
			vertex 2.4017243385315 14.903626441956 3.9716126918793
		endloop
	endfacet
	facet normal -0.62231740600592 -0.54731811943094 -0.55961050948373
		outer loop
			vertex 3.7599174976349 13.574373245239 3.7612826824188
			vertex 2.5488469600677 14.071323394775 4.62202501297
			vertex 2.4017243385315 14.903626441956 3.9716126918793
		endloop
	endfacet
	facet normal -0.75829597303684 -0.47932888526988 -0.44184956379071
		outer loop
			vertex 1.3819491863251 15.524926185608 5.0477356910706
			vertex 2.4017243385315 14.903626441956 3.9716126918793
			vertex 2.5488469600677 14.071323394775 4.62202501297
		endloop
	endfacet
	facet normal -0.75829589209108 -0.14298831105633 -0.6360359132463
		outer loop
			vertex 1.5549468994141 16.488586425781 4.6248416900635
			vertex 2.5488469600677 15.883050918579 3.5760238170624
			vertex 2.4017243385315 14.903626441956 3.9716126918793
		endloop
	endfacet
	facet normal -0.64368982321635 0.21540118369969 -0.73434715329228
		outer loop
			vertex 1.5549468994141 16.488586425781 4.6248416900635
			vertex 2.9678163528442 16.86049079895 3.4954833984375
			vertex 2.5488469600677 15.883050918579 3.5760238170624
		endloop
	endfacet
	facet normal -0.62231740721816 -0.21097760271909 -0.75379672049179
		outer loop
			vertex 3.7599174976349 15.386100769043 2.7152812480927
			vertex 2.4017243385315 14.903626441956 3.9716126918793
			vertex 2.5488469600677 15.883050918579 3.5760238170624
		endloop
	endfacet
	facet normal -0.62231743587194 -0.5473181617519 -0.55961043487975
		outer loop
			vertex 3.6443240642548 14.393738746643 3.0884613990784
			vertex 3.7599174976349 13.574373245239 3.7612826824188
			vertex 2.4017243385315 14.903626441956 3.9716126918793
		endloop
	endfacet
	facet normal -0.62231740439451 -0.21097761082809 -0.75379672055333
		outer loop
			vertex 3.6443240642548 14.393738746643 3.0884613990784
			vertex 2.4017243385315 14.903626441956 3.9716126918793
			vertex 3.7599174976349 15.386100769043 2.7152812480927
		endloop
	endfacet
	facet normal -0.52826257698924 0.15768762183029 -0.83431005248301
		outer loop
			vertex 4.089099407196 16.400382995605 2.6985552310944
			vertex 2.5488469600677 15.883050918579 3.5760238170624
			vertex 2.9678163528442 16.86049079895 3.4954833984375
		endloop
	endfacet
	facet normal -0.52826258534735 0.15768767166787 -0.83431003777139
		outer loop
			vertex 4.089099407196 16.400382995605 2.6985552310944
			vertex 3.7599174976349 15.386100769043 2.7152812480927
			vertex 2.5488469600677 15.883050918579 3.5760238170624
		endloop
	endfacet
	facet normal -0.86513372737248 -0.39938174566241 -0.30337741345435
		outer loop
			vertex 1.3819491863251 15.524926185608 5.0477356910706
			vertex 0.81641262769699 15.367709159851 6.8674306869507
			vertex 0.62418782711029 16.233762741089 6.2754755020142
		endloop
	endfacet
	facet normal -0.86513363994095 -0.063041609253866 -0.49756360452228
		outer loop
			vertex 1.3819491863251 15.524926185608 5.0477356910706
			vertex 0.62418782711029 16.233762741089 6.2754755020142
			vertex 0.81641262769699 17.17943572998 5.8214292526245
		endloop
	endfacet
	facet normal -0.93872465216294 -0.31054970341909 -0.14951558155554
		outer loop
			vertex 0.62418782711029 16.233762741089 6.2754755020142
			vertex 0.81641262769699 15.367709159851 6.8674306869507
			vertex 0.36162543296814 16.117324829102 8.1658039093018
		endloop
	endfacet
	facet normal -0.93872461302581 -0.31054982085662 -0.14951558335324
		outer loop
			vertex 0.62418782711029 16.233762741089 6.2754755020142
			vertex 0.36162543296814 16.117324829102 8.1658039093018
			vertex 0.15756070613861 17.002893447876 7.6076507568359
		endloop
	endfacet
	facet normal -0.86513359497212 -0.39938204413413 -0.30337739809331
		outer loop
			vertex 1.3819491863251 15.524926185608 5.0477356910706
			vertex 1.5549468994141 14.676858901978 5.6708431243896
			vertex 0.81641262769699 15.367709159851 6.8674306869507
		endloop
	endfacet
	facet normal -0.91000985710067 -0.40590378384552 -0.084404847251324
		outer loop
			vertex 0.81641262769699 15.367709159851 6.8674306869507
			vertex 6.1270756721497 1.2368717193604 17.565923690796
			vertex 0.36162543296814 16.117324829102 8.1658039093018
		endloop
	endfacet
	facet normal -0.83866992916617 -0.49201866943878 -0.23356022528699
		outer loop
			vertex 1.5549468994141 14.676858901978 5.6708431243896
			vertex 6.1270756721497 1.2368717193604 17.565923690796
			vertex 0.81641262769699 15.367709159851 6.8674306869507
		endloop
	endfacet
	facet normal -0.73510038491868 -0.56952007690044 -0.36779655531249
		outer loop
			vertex 1.5549468994141 14.676858901978 5.6708431243896
			vertex 2.5488469600677 14.071323394775 4.62202501297
			vertex 6.3344173431396 1.0429171323776 17.229986190796
		endloop
	endfacet
	facet normal -0.73438039810311 0.28326556004555 -0.61680309124874
		outer loop
			vertex 1.5549468994141 16.488586425781 4.6248416900635
			vertex 0.81641262769699 17.17943572998 5.8214292526245
			vertex 1.3638224601746 18.060762405396 5.574417591095
		endloop
	endfacet
	facet normal -0.73438031359521 0.28326561566321 -0.61680316632354
		outer loop
			vertex 2.047602891922 17.421131134033 4.4665431976318
			vertex 1.5549468994141 16.488586425781 4.6248416900635
			vertex 1.3638224601746 18.060762405396 5.574417591095
		endloop
	endfacet
	facet normal -0.49160452971634 0.58761427022065 -0.64267756752155
		outer loop
			vertex 2.047602891922 17.421131134033 4.4665431976318
			vertex 1.3638224601746 18.060762405396 5.574417591095
			vertex 2.1830792427063 18.743566513062 5.5720448493958
		endloop
	endfacet
	facet normal -0.64368983031455 0.21540160340713 -0.73434702396024
		outer loop
			vertex 2.047602891922 17.421131134033 4.4665431976318
			vertex 2.9678163528442 16.86049079895 3.4954833984375
			vertex 1.5549468994141 16.488586425781 4.6248416900635
		endloop
	endfacet
	facet normal -0.4308952755004 0.54218520986129 -0.72136291820352
		outer loop
			vertex 2.047602891922 17.421131134033 4.4665431976318
			vertex 2.7849144935608 18.180589675903 4.5969395637512
			vertex 2.9678163528442 16.86049079895 3.4954833984375
		endloop
	endfacet
	facet normal -0.49160467808436 0.58761422506219 -0.64267749531949
		outer loop
			vertex 2.047602891922 17.421131134033 4.4665431976318
			vertex 2.1830792427063 18.743566513062 5.5720448493958
			vertex 2.7849144935608 18.180589675903 4.5969395637512
		endloop
	endfacet
	facet normal -0.17285618774746 0.80303137403909 -0.57031688618372
		outer loop
			vertex 2.7849144935608 18.180589675903 4.5969395637512
			vertex 2.1830792427063 18.743566513062 5.5720448493958
			vertex 3.1494586467743 19.123899459839 5.8146724700928
		endloop
	endfacet
	facet normal -0.43089445429689 0.54218553132818 -0.72136316711804
		outer loop
			vertex 2.9678163528442 16.86049079895 3.4954833984375
			vertex 2.7849144935608 18.180589675903 4.5969395637512
			vertex 3.5948481559753 17.687135696411 3.7422528266907
		endloop
	endfacet
	facet normal -0.15150833626183 0.78705826937278 -0.59798369932223
		outer loop
			vertex 3.5948481559753 17.687135696411 3.7422528266907
			vertex 2.7849144935608 18.180589675903 4.5969395637512
			vertex 4.3344831466675 18.237140655518 4.2787642478943
		endloop
	endfacet
	facet normal -0.35362608533655 0.50355128769802 -0.78827957757842
		outer loop
			vertex 2.9678163528442 16.86049079895 3.4954833984375
			vertex 3.5948481559753 17.687135696411 3.7422528266907
			vertex 4.5817556381226 17.282169342041 3.0408296585083
		endloop
	endfacet
	facet normal -0.35362604408257 0.50355071628989 -0.78827996109913
		outer loop
			vertex 4.089099407196 16.400382995605 2.6985552310944
			vertex 2.9678163528442 16.86049079895 3.4954833984375
			vertex 4.5817556381226 17.282169342041 3.0408296585083
		endloop
	endfacet
	facet normal -0.17285408956623 0.80303137761794 -0.57031751707384
		outer loop
			vertex 2.7849144935608 18.180589675903 4.5969395637512
			vertex 3.1494586467743 19.123899459839 5.8146724700928
			vertex 3.654632806778 18.651340484619 4.9961791038513
		endloop
	endfacet
	facet normal -0.15150833722469 0.78705826503947 -0.59798370478172
		outer loop
			vertex 2.7849144935608 18.180589675903 4.5969395637512
			vertex 3.654632806778 18.651340484619 4.9961791038513
			vertex 4.3344831466675 18.237140655518 4.2787642478943
		endloop
	endfacet
	facet normal -4.5378946438983e-06 0.86602345340791 -0.50000337811544
		outer loop
			vertex 3.1494586467743 19.123899459839 5.8146724700928
			vertex 4.3344831466675 18.237140655518 4.2787642478943
			vertex 3.654632806778 18.651340484619 4.9961791038513
		endloop
	endfacet
	facet normal -0.93872464186273 0.02579088139448 -0.34370172707827
		outer loop
			vertex 0.62418782711029 16.233762741089 6.2754755020142
			vertex 0.15756070613861 17.002893447876 7.6076507568359
			vertex 0.36162543296814 17.929052352905 7.1198029518127
		endloop
	endfacet
	facet normal -0.93872466461975 0.025790848156535 -0.34370166741799
		outer loop
			vertex 0.62418782711029 16.233762741089 6.2754755020142
			vertex 0.36162543296814 17.929052352905 7.1198029518127
			vertex 0.81641262769699 17.17943572998 5.8214292526245
		endloop
	endfacet
	facet normal -0.79684940696676 0.35867152478069 -0.48619518706813
		outer loop
			vertex 0.81641262769699 17.17943572998 5.8214292526245
			vertex 0.36162543296814 17.929052352905 7.1198029518127
			vertex 0.94275265932083 18.754804611206 6.7765312194824
		endloop
	endfacet
	facet normal -0.97624105663825 -0.21624593451229 0.013823716603475
		outer loop
			vertex 0.15756070613861 17.002893447876 7.6076507568359
			vertex 0.36162543296814 16.117324829102 8.1658039093018
			vertex 0.20806260406971 16.896900177002 9.5160675048828
		endloop
	endfacet
	facet normal -0.97624103242409 0.12009474690882 -0.18036268565434
		outer loop
			vertex 0.36162543296814 17.929052352905 7.1198029518127
			vertex 0.15756070613861 17.002893447876 7.6076507568359
			vertex 0 17.802762985229 8.9930667877197
		endloop
	endfacet
	facet normal -0.97624105134031 0.12009456971534 -0.18036270125184
		outer loop
			vertex 0.36162543296814 17.929052352905 7.1198029518127
			vertex 0 17.802762985229 8.9930667877197
			vertex 0.20806260406971 18.708627700806 8.4700660705566
		endloop
	endfacet
	facet normal -0.82869536587266 0.43872300886623 -0.34754296435481
		outer loop
			vertex 0.36162543296814 17.929052352905 7.1198029518127
			vertex 0.20806260406971 18.708627700806 8.4700660705566
			vertex 0.8005747795105 19.476581573486 8.0266876220703
		endloop
	endfacet
	facet normal -0.82869582098115 0.43872271753475 -0.34754224693883
		outer loop
			vertex 0.94275265932083 18.754804611206 6.7765312194824
			vertex 0.36162543296814 17.929052352905 7.1198029518127
			vertex 0.8005747795105 19.476581573486 8.0266876220703
		endloop
	endfacet
	facet normal -0.79684902168338 0.35867176795693 -0.48619563913398
		outer loop
			vertex 0.81641262769699 17.17943572998 5.8214292526245
			vertex 0.94275265932083 18.754804611206 6.7765312194824
			vertex 1.3638224601746 18.060762405396 5.574417591095
		endloop
	endfacet
	facet normal -0.53342138989346 0.63809230795795 -0.555247536986
		outer loop
			vertex 1.3638224601746 18.060762405396 5.574417591095
			vertex 0.94275265932083 18.754804611206 6.7765312194824
			vertex 1.8124710321426 19.354433059692 6.6300954818726
		endloop
	endfacet
	facet normal -0.55473986349754 0.69168004355231 -0.46243096911669
		outer loop
			vertex 0.94275265932083 18.754804611206 6.7765312194824
			vertex 1.6873319149017 19.989711761475 7.7304310798645
			vertex 1.8124710321426 19.354433059692 6.6300954818726
		endloop
	endfacet
	facet normal -0.53342181689709 0.63809221162848 -0.55524723746929
		outer loop
			vertex 1.3638224601746 18.060762405396 5.574417591095
			vertex 1.8124710321426 19.354433059692 6.6300954818726
			vertex 2.1830792427063 18.743566513062 5.5720448493958
		endloop
	endfacet
	facet normal -0.55474032527517 0.69167997420227 -0.46243051889029
		outer loop
			vertex 0.94275265932083 18.754804611206 6.7765312194824
			vertex 0.8005747795105 19.476581573486 8.0266876220703
			vertex 1.6873319149017 19.989711761475 7.7304310798645
		endloop
	endfacet
	facet normal -0.55474026898005 0.74631667498786 -0.36779702908942
		outer loop
			vertex 0.8005747795105 19.476581573486 8.0266876220703
			vertex 0.94275265932083 20.198360443115 9.2768440246582
			vertex 1.6873319149017 19.989711761475 7.7304310798645
		endloop
	endfacet
	facet normal -0.97624098628605 -0.21624625336774 0.013823697032566
		outer loop
			vertex 0.15756070613861 17.002893447876 7.6076507568359
			vertex 0.20806260406971 16.896900177002 9.5160675048828
			vertex 0 17.802762985229 8.9930667877197
		endloop
	endfacet
	facet normal -0.97624100579485 -0.12009473228923 0.18036283952367
		outer loop
			vertex 0 17.802762985229 8.9930667877197
			vertex 0.20806260406971 16.896900177002 9.5160675048828
			vertex 0.15756070613861 18.602634429932 10.378482818604
		endloop
	endfacet
	facet normal -0.9762410011068 -0.12009474178356 0.18036285857663
		outer loop
			vertex 0.15756070613861 18.602634429932 10.378482818604
			vertex 0.20806260406971 16.896900177002 9.5160675048828
			vertex 0.36162543296814 17.676475524902 10.86633014679
		endloop
	endfacet
	facet normal -0.97624107903792 0.2162458365436 -0.013823667257219
		outer loop
			vertex 0.20806260406971 18.708627700806 8.4700660705566
			vertex 0 17.802762985229 8.9930667877197
			vertex 0.36162543296814 19.488203048706 9.8203287124634
		endloop
	endfacet
	facet normal -0.97624106657085 0.21624588603229 -0.013823773533871
		outer loop
			vertex 0 17.802762985229 8.9930667877197
			vertex 0.15756070613861 18.602634429932 10.378482818604
			vertex 0.36162543296814 19.488203048706 9.8203287124634
		endloop
	endfacet
	facet normal -0.82869538860257 0.52034235716971 -0.20617415998111
		outer loop
			vertex 0.8005747795105 19.476581573486 8.0266876220703
			vertex 0.20806260406971 18.708627700806 8.4700660705566
			vertex 0.36162543296814 19.488203048706 9.8203287124634
		endloop
	endfacet
	facet normal -0.82869540003269 0.52034233790723 -0.20617416265354
		outer loop
			vertex 0.8005747795105 19.476581573486 8.0266876220703
			vertex 0.36162543296814 19.488203048706 9.8203287124634
			vertex 0.94275265932083 20.198360443115 9.2768440246582
		endloop
	endfacet
	facet normal -0.93872461330152 -0.025791016300622 0.34370179496199
		outer loop
			vertex 0.15756070613861 18.602634429932 10.378482818604
			vertex 0.36162543296814 17.676475524902 10.86633014679
			vertex 0.62418782711029 19.371765136719 11.710658073425
		endloop
	endfacet
	facet normal -0.93872458817668 0.31054993069113 0.14951551123632
		outer loop
			vertex 0.36162543296814 19.488203048706 9.8203287124634
			vertex 0.15756070613861 18.602634429932 10.378482818604
			vertex 0.62418782711029 19.371765136719 11.710658073425
		endloop
	endfacet
	facet normal -0.93872457174689 0.31054997999146 0.149515511991
		outer loop
			vertex 0.36162543296814 19.488203048706 9.8203287124634
			vertex 0.62418782711029 19.371765136719 11.710658073425
			vertex 0.81641262769699 20.237817764282 11.118702888489
		endloop
	endfacet
	facet normal -0.79684908777528 0.6003935435015 -0.067521287261271
		outer loop
			vertex 0.94275265932083 20.198360443115 9.2768440246582
			vertex 0.36162543296814 19.488203048706 9.8203287124634
			vertex 1.3638224601746 20.892400741577 10.478957176208
		endloop
	endfacet
	facet normal -0.79684932920381 0.60039331836875 -0.067520439909724
		outer loop
			vertex 0.36162543296814 19.488203048706 9.8203287124634
			vertex 0.81641262769699 20.237817764282 11.118702888489
			vertex 1.3638224601746 20.892400741577 10.478957176208
		endloop
	endfacet
	facet normal -0.5547405316736 0.74631643345361 -0.36779712298437
		outer loop
			vertex 0.94275265932083 20.198360443115 9.2768440246582
			vertex 1.8124710321426 20.624992370605 8.8307676315308
			vertex 1.6873319149017 19.989711761475 7.7304310798645
		endloop
	endfacet
	facet normal -0.53342206818872 0.79990410814737 -0.27498057192869
		outer loop
			vertex 0.94275265932083 20.198360443115 9.2768440246582
			vertex 1.3638224601746 20.892400741577 10.478957176208
			vertex 1.8124710321426 20.624992370605 8.8307676315308
		endloop
	endfacet
	facet normal -0.53342134958301 0.79990462573083 -0.27498046029391
		outer loop
			vertex 1.8124710321426 20.624992370605 8.8307676315308
			vertex 1.3638224601746 20.892400741577 10.478957176208
			vertex 2.1830792427063 21.235857009888 9.8888177871704
		endloop
	endfacet
	facet normal -0.73438091828753 0.67579933631288 0.063086638000685
		outer loop
			vertex 0.81641262769699 20.237817764282 11.118702888489
			vertex 1.5549468994141 20.92866897583 12.31529045105
			vertex 1.3638224601746 20.892400741577 10.478957176208
		endloop
	endfacet
	facet normal -0.18755961500959 0.82077994888994 -0.53957545006948
		outer loop
			vertex 1.8124710321426 19.354433059692 6.6300954818726
			vertex 3.1494586467743 19.123899459839 5.8146724700928
			vertex 2.1830792427063 18.743566513062 5.5720448493958
		endloop
	endfacet
	facet normal -0.19505507715853 0.83962240216182 -0.50693958087991
		outer loop
			vertex 1.8124710321426 19.354433059692 6.6300954818726
			vertex 2.7333333492279 20.169900894165 7.6263999938965
			vertex 2.8383738994598 19.636653900146 6.7027893066406
		endloop
	endfacet
	facet normal -0.18755923614855 0.82078036626006 -0.53957494687705
		outer loop
			vertex 1.8124710321426 19.354433059692 6.6300954818726
			vertex 2.8383738994598 19.636653900146 6.7027893066406
			vertex 3.1494586467743 19.123899459839 5.8146724700928
		endloop
	endfacet
	facet normal -6.8029655601478e-07 0.86602532354815 -0.50000013897283
		outer loop
			vertex 3.1494586467743 19.123899459839 5.8146724700928
			vertex 2.8383738994598 19.636653900146 6.7027893066406
			vertex 2.7333333492279 20.169900894165 7.6263999938965
		endloop
	endfacet
	facet normal -0.19505546180095 0.83962248601573 -0.5069392939972
		outer loop
			vertex 1.8124710321426 19.354433059692 6.6300954818726
			vertex 1.6873319149017 19.989711761475 7.7304310798645
			vertex 2.7333333492279 20.169900894165 7.6263999938965
		endloop
	endfacet
	facet normal -0.19505549896787 0.85883332135956 -0.47366515434946
		outer loop
			vertex 1.6873319149017 19.989711761475 7.7304310798645
			vertex 1.8124710321426 20.624992370605 8.8307676315308
			vertex 2.7333333492279 20.169900894165 7.6263999938965
		endloop
	endfacet
	facet normal -0.19505298644617 0.8588346703701 -0.47366374301682
		outer loop
			vertex 1.8124710321426 20.624992370605 8.8307676315308
			vertex 2.8383738994598 20.703145980835 8.5500106811523
			vertex 2.7333333492279 20.169900894165 7.6263999938965
		endloop
	endfacet
	facet normal 2.8162800596976e-08 0.86602539400904 -0.50000001693148
		outer loop
			vertex 3.1494586467743 19.123899459839 5.8146724700928
			vertex 2.7333333492279 20.169900894165 7.6263999938965
			vertex 3.654632806778 21.688459396362 10.256620407104
		endloop
	endfacet
	facet normal -0.18755935943701 0.87767611186837 -0.44102849039853
		outer loop
			vertex 1.8124710321426 20.624992370605 8.8307676315308
			vertex 2.1830792427063 21.235857009888 9.8888177871704
			vertex 3.1494586467743 21.215902328491 9.4381275177002
		endloop
	endfacet
	facet normal -1.4743059359316e-05 0.86602685739897 -0.49999748203996
		outer loop
			vertex 2.7333333492279 20.169900894165 7.6263999938965
			vertex 2.8383738994598 20.703145980835 8.5500106811523
			vertex 3.1494586467743 21.215902328491 9.4381275177002
		endloop
	endfacet
	facet normal -0.18755774512494 0.87767514423401 -0.44103110257379
		outer loop
			vertex 1.8124710321426 20.624992370605 8.8307676315308
			vertex 3.1494586467743 21.215902328491 9.4381275177002
			vertex 2.8383738994598 20.703145980835 8.5500106811523
		endloop
	endfacet
	facet normal -0.49160399123842 0.85038255248868 -0.18755007390373
		outer loop
			vertex 1.3638224601746 20.892400741577 10.478957176208
			vertex 2.7849144935608 21.798833847046 10.863923072815
			vertex 2.1830792427063 21.235857009888 9.8888177871704
		endloop
	endfacet
	facet normal -0.49160391095588 0.85038254001534 -0.18755034089527
		outer loop
			vertex 1.3638224601746 20.892400741577 10.478957176208
			vertex 2.047602891922 21.532032012939 11.586831092834
			vertex 2.7849144935608 21.798833847046 10.863923072815
		endloop
	endfacet
	facet normal -0.17285582184424 0.89542486427526 -0.41028670133479
		outer loop
			vertex 2.1830792427063 21.235857009888 9.8888177871704
			vertex 2.7849144935608 21.798833847046 10.863923072815
			vertex 3.1494586467743 21.215902328491 9.4381275177002
		endloop
	endfacet
	facet normal 1.3544421034205e-07 0.8660253777373 -0.50000004511495
		outer loop
			vertex 2.7333333492279 20.169900894165 7.6263999938965
			vertex 3.1494586467743 21.215902328491 9.4381275177002
			vertex 3.654632806778 21.688459396362 10.256620407104
		endloop
	endfacet
	facet normal -0.1728562297174 0.89542475771676 -0.4102867620528
		outer loop
			vertex 2.7849144935608 21.798833847046 10.863923072815
			vertex 3.654632806778 21.688459396362 10.256620407104
			vertex 3.1494586467743 21.215902328491 9.4381275177002
		endloop
	endfacet
	facet normal -0.15150993632489 0.91139826468408 -0.38261984047572
		outer loop
			vertex 2.7849144935608 21.798833847046 10.863923072815
			vertex 3.5948481559753 22.292287826538 11.718609809875
			vertex 3.654632806778 21.688459396362 10.256620407104
		endloop
	endfacet
	facet normal -0.1515091132692 0.91139839333106 -0.38261985995233
		outer loop
			vertex 3.654632806778 21.688459396362 10.256620407104
			vertex 3.5948481559753 22.292287826538 11.718609809875
			vertex 4.3344831466675 22.102659225464 10.974036216736
		endloop
	endfacet
	facet normal -0.4624234398171 -0.26439668614367 -0.84632083435537
		outer loop
			vertex 3.6443240642548 14.393738746643 3.0884613990784
			vertex 5.1416177749634 15.016834259033 2.0756916999817
			vertex 5.0619959831238 14.01485824585 2.4322209358215
		endloop
	endfacet
	facet normal -0.46242353810845 -0.26439647159952 -0.8463208476748
		outer loop
			vertex 3.6443240642548 14.393738746643 3.0884613990784
			vertex 3.7599174976349 15.386100769043 2.7152812480927
			vertex 5.1416177749634 15.016834259033 2.0756916999817
		endloop
	endfacet
	facet normal -0.39253453378622 0.11234241653662 -0.91285038271994
		outer loop
			vertex 4.089099407196 16.400382995605 2.6985552310944
			vertex 5.3683624267578 16.058492660522 2.1063840389252
			vertex 3.7599174976349 15.386100769043 2.7152812480927
		endloop
	endfacet
	facet normal -0.39253459834893 0.1123426186437 -0.91285033008447
		outer loop
			vertex 3.7599174976349 15.386100769043 2.7152812480927
			vertex 5.3683624267578 16.058492660522 2.1063840389252
			vertex 5.1416177749634 15.016834259033 2.0756916999817
		endloop
	endfacet
	facet normal -0.2847591498352 -0.63753252118548 -0.71586626615313
		outer loop
			vertex 5.0619959831238 14.01485824585 2.4322209358215
			vertex 6.6408505439758 12.977712631226 2.727835893631
			vertex 5.1416177749634 13.205106735229 3.1216931343079
		endloop
	endfacet
	facet normal -0.28475904388732 -0.30119214278372 -0.91005251499555
		outer loop
			vertex 5.0619959831238 14.01485824585 2.4322209358215
			vertex 5.1416177749634 15.016834259033 2.0756916999817
			vertex 6.6408505439758 14.789440155029 1.6818344593048
		endloop
	endfacet
	facet normal -0.28475903803057 -0.63753239555147 -0.71586642251353
		outer loop
			vertex 5.0619959831238 14.01485824585 2.4322209358215
			vertex 6.6002593040466 13.781544685364 2.0281100273132
			vertex 6.6408505439758 12.977712631226 2.727835893631
		endloop
	endfacet
	facet normal -0.28475902614684 -0.30119217423753 -0.91005251013662
		outer loop
			vertex 5.0619959831238 14.01485824585 2.4322209358215
			vertex 6.6408505439758 14.789440155029 1.6818344593048
			vertex 6.6002593040466 13.781544685364 2.0281100273132
		endloop
	endfacet
	facet normal -0.24172145115274 0.081108165359249 -0.96694994987573
		outer loop
			vertex 5.1416177749634 15.016834259033 2.0756916999817
			vertex 5.3683624267578 16.058492660522 2.1063840389252
			vertex 6.6408505439758 14.789440155029 1.6818344593048
		endloop
	endfacet
	facet normal -0.4624234239846 -0.60073701854865 -0.65213465748696
		outer loop
			vertex 3.6443240642548 14.393738746643 3.0884613990784
			vertex 5.1416177749634 13.205106735229 3.1216931343079
			vertex 3.7599174976349 13.574373245239 3.7612826824188
		endloop
	endfacet
	facet normal -0.46242341904789 -0.60073701258153 -0.65213466648437
		outer loop
			vertex 3.6443240642548 14.393738746643 3.0884613990784
			vertex 5.0619959831238 14.01485824585 2.4322209358215
			vertex 5.1416177749634 13.205106735229 3.1216931343079
		endloop
	endfacet
	facet normal -0.093209691501314 -0.74106863642465 -0.66492798821973
		outer loop
			vertex 6.6408505439758 12.977712631226 2.727835893631
			vertex 7.4200000762939 12.939343452454 2.6613774299622
			vertex 7.4200000762939 12.543558120728 3.1024839878082
		endloop
	endfacet
	facet normal -0.096150930051319 -0.65629115951838 -0.74835614020885
		outer loop
			vertex 6.6408505439758 12.977712631226 2.727835893631
			vertex 7.4200000762939 13.181554794312 2.4489636421204
			vertex 7.4200000762939 12.939343452454 2.6613774299622
		endloop
	endfacet
	facet normal -0.096151825828137 -0.65629101673191 -0.7483561503368
		outer loop
			vertex 8.1999998092651 12.900931358337 2.5948464870453
			vertex 7.9400000572205 12.913735389709 2.6170234680176
			vertex 7.9400000572205 13.634956359863 1.98452937603
		endloop
	endfacet
	facet normal -0.093210685154241 -0.7410689130477 -0.66492754062933
		outer loop
			vertex 8.1999998092651 12.900931358337 2.5948464870453
			vertex 7.9400000572205 11.73522567749 3.9304852485657
			vertex 7.9400000572205 12.913735389709 2.6170234680176
		endloop
	endfacet
	facet normal -0.096151261231033 -0.6562905575985 -0.74835662552738
		outer loop
			vertex 6.6002593040466 13.781544685364 2.0281100273132
			vertex 7.4200000762939 13.181554794312 2.4489636421204
			vertex 6.6408505439758 12.977712631226 2.727835893631
		endloop
	endfacet
	facet normal -0.096151605525281 -0.31995041170976 -0.94254262651705
		outer loop
			vertex 6.6408505439758 14.789440155029 1.6818344593048
			vertex 8.1999998092651 13.702763557434 1.8916583061218
			vertex 6.6002593040466 13.781544685364 2.0281100273132
		endloop
	endfacet
	facet normal -0.24172153698902 0.08110807465736 -0.96694993602618
		outer loop
			vertex 5.3683624267578 16.058492660522 2.1063840389252
			vertex 6.756443977356 15.847958564758 1.7417268753052
			vertex 6.6408505439758 14.789440155029 1.6818344593048
		endloop
	endfacet
	facet normal -0.16181198461362 0.45228729865856 -0.87707073894159
		outer loop
			vertex 5.3683624267578 16.058492660522 2.1063840389252
			vertex 6.9294414520264 16.795948028564 2.1986689567566
			vertex 6.756443977356 15.847958564758 1.7417268753052
		endloop
	endfacet
	facet normal -0.096151747943698 -0.65629069529075 -0.74835644224003
		outer loop
			vertex 6.6002593040466 13.781544685364 2.0281100273132
			vertex 8.1999998092651 13.702763557434 1.8916583061218
			vertex 7.9400000572205 13.634956359863 1.98452937603
		endloop
	endfacet
	facet normal -0.096151769180468 -0.65629095893301 -0.74835620830341
		outer loop
			vertex 6.6002593040466 13.781544685364 2.0281100273132
			vertex 7.9400000572205 13.634956359863 1.98452937603
			vertex 7.4200000762939 13.181554794312 2.4489636421204
		endloop
	endfacet
	facet normal -0.096151322637329 -0.31995003602225 -0.94254278290402
		outer loop
			vertex 6.6408505439758 14.789440155029 1.6818344593048
			vertex 8.1999998092651 14.712658882141 1.5488451719284
			vertex 8.1999998092651 13.702763557434 1.8916583061218
		endloop
	endfacet
	facet normal -0.096151590032295 -0.65629098299828 -0.74835621021638
		outer loop
			vertex 8.1999998092651 13.702763557434 1.8916583061218
			vertex 8.1999998092651 12.900931358337 2.5948464870453
			vertex 7.9400000572205 13.634956359863 1.98452937603
		endloop
	endfacet
	facet normal -0.081619413799258 0.065184932346337 -0.99452963549915
		outer loop
			vertex 6.756443977356 15.847958564758 1.7417268753052
			vertex 8.1999998092651 15.77686882019 1.6185971498489
			vertex 6.6408505439758 14.789440155029 1.6818344593048
		endloop
	endfacet
	facet normal -0.081619388221754 0.065184891654234 -0.99452964026535
		outer loop
			vertex 6.6408505439758 14.789440155029 1.6818344593048
			vertex 8.1999998092651 15.77686882019 1.6185971498489
			vertex 8.1999998092651 14.712658882141 1.5488451719284
		endloop
	endfacet
	facet normal -0.054636964102529 0.44162810154702 -0.89553303795987
		outer loop
			vertex 6.756443977356 15.847958564758 1.7417268753052
			vertex 6.9294414520264 16.795948028564 2.1986689567566
			vertex 8.1999998092651 15.77686882019 1.6185971498489
		endloop
	endfacet
	facet normal -0.054637519556494 0.44162754574823 -0.89553327816062
		outer loop
			vertex 6.9294414520264 16.795948028564 2.1986689567566
			vertex 8.1999998092651 16.733379364014 2.0902953147888
			vertex 8.1999998092651 15.77686882019 1.6185971498489
		endloop
	endfacet
	facet normal -0.26276805532849 0.47319598972747 -0.8408558166563
		outer loop
			vertex 4.089099407196 16.400382995605 2.6985552310944
			vertex 4.5817556381226 17.282169342041 3.0408296585083
			vertex 5.3683624267578 16.058492660522 2.1063840389252
		endloop
	endfacet
	facet normal -0.26276856113779 0.47319567788731 -0.84085583407999
		outer loop
			vertex 5.3683624267578 16.058492660522 2.1063840389252
			vertex 4.5817556381226 17.282169342041 3.0408296585083
			vertex 5.7077097892761 16.981252670288 2.5196251869202
		endloop
	endfacet
	facet normal -0.16181175990287 0.45228685668966 -0.87707100831285
		outer loop
			vertex 5.3683624267578 16.058492660522 2.1063840389252
			vertex 5.7077097892761 16.981252670288 2.5196251869202
			vertex 6.9294414520264 16.795948028564 2.1986689567566
		endloop
	endfacet
	facet normal -0.12433998393525 0.77347409425793 -0.62151218323285
		outer loop
			vertex 3.5948481559753 17.687135696411 3.7422528266907
			vertex 4.3344831466675 18.237140655518 4.2787642478943
			vertex 4.5817556381226 17.282169342041 3.0408296585083
		endloop
	endfacet
	facet normal -0.12434113108138 0.77347386675089 -0.62151223686653
		outer loop
			vertex 4.5817556381226 17.282169342041 3.0408296585083
			vertex 4.3344831466675 18.237140655518 4.2787642478943
			vertex 5.1628828048706 17.897216796875 3.6899964809418
		endloop
	endfacet
	facet normal -1.1580518874741e-06 0.86602458259075 -0.50000142234516
		outer loop
			vertex 3.1494586467743 19.123899459839 5.8146724700928
			vertex 6.10799741745 17.64462852478 3.2525029182434
			vertex 4.3344831466675 18.237140655518 4.2787642478943
		endloop
	endfacet
	facet normal -0.092392906061206 0.76280144315126 -0.6399980540876
		outer loop
			vertex 4.5817556381226 17.282169342041 3.0408296585083
			vertex 6.10799741745 17.64462852478 3.2525029182434
			vertex 5.7077097892761 16.981252670288 2.5196251869202
		endloop
	endfacet
	facet normal -0.092392368174347 0.76280013447073 -0.63999969152694
		outer loop
			vertex 4.5817556381226 17.282169342041 3.0408296585083
			vertex 5.1628828048706 17.897216796875 3.6899964809418
			vertex 6.10799741745 17.64462852478 3.2525029182434
		endloop
	endfacet
	facet normal 5.9493831962284e-06 0.86602990105585 -0.49999221038113
		outer loop
			vertex 5.1628828048706 17.897216796875 3.6899964809418
			vertex 4.3344831466675 18.237140655518 4.2787642478943
			vertex 6.10799741745 17.64462852478 3.2525029182434
		endloop
	endfacet
	facet normal -0.056894724276172 0.75544952146596 -0.65273195943388
		outer loop
			vertex 5.7077097892761 16.981252670288 2.5196251869202
			vertex 6.10799741745 17.64462852478 3.2525029182434
			vertex 6.9294414520264 16.795948028564 2.1986689567566
		endloop
	endfacet
	facet normal -0.056895241264809 0.75544929318455 -0.65273217857586
		outer loop
			vertex 6.10799741745 17.64462852478 3.2525029182434
			vertex 7.1335062980652 17.489086151123 2.983095407486
			vertex 6.9294414520264 16.795948028564 2.1986689567566
		endloop
	endfacet
	facet normal -0.019212056884749 0.75170147857071 -0.65922362213809
		outer loop
			vertex 6.9294414520264 16.795948028564 2.1986689567566
			vertex 7.1335062980652 17.489086151123 2.983095407486
			vertex 8.1999998092651 17.436567306519 2.8921277523041
		endloop
	endfacet
	facet normal -0.019211686294186 0.75170115484498 -0.65922400207703
		outer loop
			vertex 6.9294414520264 16.795948028564 2.1986689567566
			vertex 8.1999998092651 17.436567306519 2.8921277523041
			vertex 8.1999998092651 16.733379364014 2.0902953147888
		endloop
	endfacet
	facet normal 0 0.86602516161822 -0.50000041944397
		outer loop
			vertex 3.1494586467743 19.123899459839 5.8146724700928
			vertex 10.292002677917 17.64462852478 3.2525029182434
			vertex 6.10799741745 17.64462852478 3.2525029182434
		endloop
	endfacet
	facet normal -1.579195954144e-06 0.86602297509102 -0.50000420659431
		outer loop
			vertex 6.10799741745 17.64462852478 3.2525029182434
			vertex 8.1999998092651 17.436567306519 2.8921277523041
			vertex 7.1335062980652 17.489086151123 2.983095407486
		endloop
	endfacet
	facet normal 1.8607650697792e-07 0.86602538623246 -0.50000003040089
		outer loop
			vertex 3.1494586467743 19.123899459839 5.8146724700928
			vertex 3.654632806778 21.688459396362 10.256620407104
			vertex 10.292002677917 17.64462852478 3.2525029182434
		endloop
	endfacet
	facet normal 2.0617305497933e-06 0.86602475729626 -0.50000111974445
		outer loop
			vertex 3.654632806778 21.688459396362 10.256620407104
			vertex 4.3344831466675 22.102659225464 10.974036216736
			vertex 5.1628828048706 22.442583084106 11.562803268433
		endloop
	endfacet
	facet normal 2.7819913905274e-07 0.86602542403398 -0.49999996492669
		outer loop
			vertex 3.654632806778 21.688459396362 10.256620407104
			vertex 8.1999998092651 22.903232574463 12.36067199707
			vertex 10.292002677917 17.64462852478 3.2525029182434
		endloop
	endfacet
	facet normal -0.94637871303424 -0.31448450695767 0.073937990230012
		outer loop
			vertex 0.36162543296814 16.117324829102 8.1658039093018
			vertex 6 1.5503537654877 18.376399993896
			vertex 0.20806260406971 16.896900177002 9.5160675048828
		endloop
	endfacet
	facet normal -0.94637869074819 -0.22127430468726 0.23538278565543
		outer loop
			vertex 0.20806260406971 16.896900177002 9.5160675048828
			vertex 6 1.5503537654877 18.376399993896
			vertex 0.36162543296814 17.676475524902 10.86633014679
		endloop
	endfacet
	facet normal -0.91000999618419 -0.12985537519518 0.39372501619502
		outer loop
			vertex 0.36162543296814 17.676475524902 10.86633014679
			vertex 6.1674652099609 1.9713056087494 19.10551071167
			vertex 0.81641262769699 18.426090240479 12.164704322815
		endloop
	endfacet
	facet normal -0.83866990100539 -0.043740213371941 0.54288082567152
		outer loop
			vertex 0.81641262769699 18.426090240479 12.164704322815
			vertex 6.3707666397095 2.1614811420441 19.434904098511
			vertex 1.5549468994141 19.116941452026 13.361291885376
		endloop
	endfacet
	facet normal -0.73510024416242 0.033761248374086 0.67711727871955
		outer loop
			vertex 1.5549468994141 19.116941452026 13.361291885376
			vertex 6.3707666397095 2.1614811420441 19.434904098511
			vertex 2.5488469600677 19.722476959229 14.410109519958
		endloop
	endfacet
	facet normal -0.93872471315669 -0.025790870456277 0.34370153317959
		outer loop
			vertex 0.36162543296814 17.676475524902 10.86633014679
			vertex 0.81641262769699 18.426090240479 12.164704322815
			vertex 0.62418782711029 19.371765136719 11.710658073425
		endloop
	endfacet
	facet normal -0.86513360574105 0.06304152286204 0.4975636749329
		outer loop
			vertex 0.62418782711029 19.371765136719 11.710658073425
			vertex 0.81641262769699 18.426090240479 12.164704322815
			vertex 1.5549468994141 19.116941452026 13.361291885376
		endloop
	endfacet
	facet normal -0.8651335887697 0.063041661892122 0.49756368682646
		outer loop
			vertex 0.62418782711029 19.371765136719 11.710658073425
			vertex 1.5549468994141 19.116941452026 13.361291885376
			vertex 1.3819491863251 20.080602645874 12.938397407532
		endloop
	endfacet
	facet normal -0.75829587794258 0.14298863530075 0.63603585722042
		outer loop
			vertex 1.3819491863251 20.080602645874 12.938397407532
			vertex 1.5549468994141 19.116941452026 13.361291885376
			vertex 2.5488469600677 19.722476959229 14.410109519958
		endloop
	endfacet
	facet normal -0.86513369466894 0.39938200688563 0.3033771628262
		outer loop
			vertex 0.81641262769699 20.237817764282 11.118702888489
			vertex 0.62418782711029 19.371765136719 11.710658073425
			vertex 1.5549468994141 20.92866897583 12.31529045105
		endloop
	endfacet
	facet normal -0.86513371331663 0.39938207194939 0.30337702399553
		outer loop
			vertex 0.62418782711029 19.371765136719 11.710658073425
			vertex 1.3819491863251 20.080602645874 12.938397407532
			vertex 1.5549468994141 20.92866897583 12.31529045105
		endloop
	endfacet
	facet normal -0.73438021904504 0.67580010437821 0.063086550054392
		outer loop
			vertex 1.3638224601746 20.892400741577 10.478957176208
			vertex 1.5549468994141 20.92866897583 12.31529045105
			vertex 2.047602891922 21.532032012939 11.586831092834
		endloop
	endfacet
	facet normal -0.7582958720658 0.47932915300193 0.4418494466336
		outer loop
			vertex 1.3819491863251 20.080602645874 12.938397407532
			vertex 2.5488469600677 21.534204483032 13.364108085632
			vertex 1.5549468994141 20.92866897583 12.31529045105
		endloop
	endfacet
	facet normal -0.64368970630013 0.74366407755915 0.18063029023769
		outer loop
			vertex 2.047602891922 21.532032012939 11.586831092834
			vertex 1.5549468994141 20.92866897583 12.31529045105
			vertex 2.5488469600677 21.534204483032 13.364108085632
		endloop
	endfacet
	facet normal -0.75829599913114 0.14298812142373 0.63603582826238
		outer loop
			vertex 1.3819491863251 20.080602645874 12.938397407532
			vertex 2.5488469600677 19.722476959229 14.410109519958
			vertex 2.4017243385315 20.701902389526 14.014520645142
		endloop
	endfacet
	facet normal -0.75829593561789 0.47932927459125 0.44184920566321
		outer loop
			vertex 1.3819491863251 20.080602645874 12.938397407532
			vertex 2.4017243385315 20.701902389526 14.014520645142
			vertex 2.5488469600677 21.534204483032 13.364108085632
		endloop
	endfacet
	facet normal -0.62231730535785 0.54731860523975 0.55961014627199
		outer loop
			vertex 2.5488469600677 21.534204483032 13.364108085632
			vertex 2.4017243385315 20.701902389526 14.014520645142
			vertex 3.6443240642548 21.211790084839 14.897671699524
		endloop
	endfacet
	facet normal -0.64369017615475 0.74366363855241 0.18063042328706
		outer loop
			vertex 2.047602891922 21.532032012939 11.586831092834
			vertex 2.5488469600677 21.534204483032 13.364108085632
			vertex 2.9678163528442 22.092674255371 12.557891845703
		endloop
	endfacet
	facet normal -0.43089467721605 0.89581144841373 -0.10886517366806
		outer loop
			vertex 2.7849144935608 21.798833847046 10.863923072815
			vertex 2.047602891922 21.532032012939 11.586831092834
			vertex 3.5948481559753 22.292287826538 11.718609809875
		endloop
	endfacet
	facet normal -0.43089468248861 0.89581145134542 -0.10886512867512
		outer loop
			vertex 2.047602891922 21.532032012939 11.586831092834
			vertex 2.9678163528442 22.092674255371 12.557891845703
			vertex 3.5948481559753 22.292287826538 11.718609809875
		endloop
	endfacet
	facet normal -0.35362560524394 0.9344459730713 -0.041948238660135
		outer loop
			vertex 2.9678163528442 22.092674255371 12.557891845703
			vertex 4.089099407196 22.552780151367 13.354819297791
			vertex 3.5948481559753 22.292287826538 11.718609809875
		endloop
	endfacet
	facet normal -0.35362755606192 0.93444526631866 -0.041947536856439
		outer loop
			vertex 3.5948481559753 22.292287826538 11.718609809875
			vertex 4.089099407196 22.552780151367 13.354819297791
			vertex 4.5817556381226 22.697256088257 12.420033454895
		endloop
	endfacet
	facet normal -0.52826229704108 0.80137754989081 0.28059395584347
		outer loop
			vertex 2.9678163528442 22.092674255371 12.557891845703
			vertex 2.5488469600677 21.534204483032 13.364108085632
			vertex 4.089099407196 22.552780151367 13.354819297791
		endloop
	endfacet
	facet normal -0.62231741774207 0.54731843250404 0.55961019023617
		outer loop
			vertex 2.5488469600677 21.534204483032 13.364108085632
			vertex 3.6443240642548 21.211790084839 14.897671699524
			vertex 3.7599174976349 22.031154632568 14.224850654602
		endloop
	endfacet
	facet normal -0.52826246430003 0.80137779359469 0.28059294493085
		outer loop
			vertex 2.5488469600677 21.534204483032 13.364108085632
			vertex 3.7599174976349 22.031154632568 14.224850654602
			vertex 4.089099407196 22.552780151367 13.354819297791
		endloop
	endfacet
	facet normal -0.62231729412196 0.21097746729777 0.75379685176401
		outer loop
			vertex 2.4017243385315 20.701902389526 14.014520645142
			vertex 2.5488469600677 19.722476959229 14.410109519958
			vertex 3.6443240642548 21.211790084839 14.897671699524
		endloop
	endfacet
	facet normal -0.62231740562532 0.21097759076423 0.7537967251528
		outer loop
			vertex 2.5488469600677 19.722476959229 14.410109519958
			vertex 3.7599174976349 20.219427108765 15.270852088928
			vertex 3.6443240642548 21.211790084839 14.897671699524
		endloop
	endfacet
	facet normal -0.60328126413615 0.099670672385651 0.79127585165256
		outer loop
			vertex 2.5488469600677 19.722476959229 14.410109519958
			vertex 6.9777455329895 2.4649703502655 19.960561752319
			vertex 3.7599174976349 20.219427108765 15.270852088928
		endloop
	endfacet
	facet normal -0.4482783408541 0.1514555302619 0.88096977897893
		outer loop
			vertex 3.7599174976349 20.219427108765 15.270852088928
			vertex 7.3580965995789 2.5666213035583 20.136627197266
			vertex 5.1416177749634 20.588693618774 15.910441398621
		endloop
	endfacet
	facet normal -0.2760483413142 0.18712550996745 0.94275201234317
		outer loop
			vertex 5.1416177749634 20.588693618774 15.910441398621
			vertex 7.7708010673523 2.6292176246643 20.245046615601
			vertex 6.6408505439758 20.816087722778 16.304298400879
		endloop
	endfacet
	facet normal -0.093210396013499 0.20530987182088 0.97424826333327
		outer loop
			vertex 6.6408505439758 20.816087722778 16.304298400879
			vertex 7.7708010673523 2.6292176246643 20.245046615601
			vertex 8.1999998092651 20.892868041992 16.437288284302
		endloop
	endfacet
	facet normal -0.12433986590441 0.92498300875953 -0.3590905613533
		outer loop
			vertex 3.5948481559753 22.292287826538 11.718609809875
			vertex 5.1628828048706 22.442583084106 11.562803268433
			vertex 4.3344831466675 22.102659225464 10.974036216736
		endloop
	endfacet
	facet normal -0.12434001268821 0.92498206040317 -0.35909295339369
		outer loop
			vertex 3.5948481559753 22.292287826538 11.718609809875
			vertex 4.5817556381226 22.697256088257 12.420033454895
			vertex 5.1628828048706 22.442583084106 11.562803268433
		endloop
	endfacet
	facet normal -0.3925340579881 0.84672321798725 0.3591334089732
		outer loop
			vertex 4.089099407196 22.552780151367 13.354819297791
			vertex 3.7599174976349 22.031154632568 14.224850654602
			vertex 5.1416177749634 22.400421142578 14.864439964294
		endloop
	endfacet
	facet normal -0.26276857272304 0.96480034260583 0.010629021439799
		outer loop
			vertex 4.089099407196 22.552780151367 13.354819297791
			vertex 5.3683624267578 22.89467048645 13.946990966797
			vertex 4.5817556381226 22.697256088257 12.420033454895
		endloop
	endfacet
	facet normal -0.39253475747416 0.84672270866335 0.35913384525621
		outer loop
			vertex 4.089099407196 22.552780151367 13.354819297791
			vertex 5.1416177749634 22.400421142578 14.864439964294
			vertex 5.3683624267578 22.89467048645 13.946990966797
		endloop
	endfacet
	facet normal -0.092392006661145 0.93565554301316 -0.3406059628572
		outer loop
			vertex 4.5817556381226 22.697256088257 12.420033454895
			vertex 5.7077097892761 22.99817276001 12.941237449646
			vertex 5.1628828048706 22.442583084106 11.562803268433
		endloop
	endfacet
	facet normal -2.3859735418323e-07 0.86602590746278 -0.49999912760245
		outer loop
			vertex 3.654632806778 21.688459396362 10.256620407104
			vertex 5.1628828048706 22.442583084106 11.562803268433
			vertex 8.1999998092651 22.903232574463 12.36067199707
		endloop
	endfacet
	facet normal -0.09239385472374 0.9356556157542 -0.34060526172818
		outer loop
			vertex 5.1628828048706 22.442583084106 11.562803268433
			vertex 5.7077097892761 22.99817276001 12.941237449646
			vertex 6.10799741745 22.695171356201 12.000297546387
		endloop
	endfacet
	facet normal -0.26276752249628 0.96480063501677 0.010628442614501
		outer loop
			vertex 4.5817556381226 22.697256088257 12.420033454895
			vertex 5.3683624267578 22.89467048645 13.946990966797
			vertex 5.7077097892761 22.99817276001 12.941237449646
		endloop
	endfacet
	facet normal -0.16181185948981 0.985709204824 0.046843202854803
		outer loop
			vertex 5.7077097892761 22.99817276001 12.941237449646
			vertex 5.3683624267578 22.89467048645 13.946990966797
			vertex 6.756443977356 23.105205535889 14.311648368835
		endloop
	endfacet
	facet normal -0.46242327970153 0.26439650062757 0.84632097979784
		outer loop
			vertex 3.6443240642548 21.211790084839 14.897671699524
			vertex 3.7599174976349 20.219427108765 15.270852088928
			vertex 5.0619959831238 21.590669631958 15.553912162781
		endloop
	endfacet
	facet normal -0.46242344248813 0.2643966854853 0.84632083310161
		outer loop
			vertex 3.7599174976349 20.219427108765 15.270852088928
			vertex 5.1416177749634 20.588693618774 15.910441398621
			vertex 5.0619959831238 21.590669631958 15.553912162781
		endloop
	endfacet
	facet normal -0.46242330080012 0.60073733954017 0.65213444914322
		outer loop
			vertex 3.7599174976349 22.031154632568 14.224850654602
			vertex 3.6443240642548 21.211790084839 14.897671699524
			vertex 5.1416177749634 22.400421142578 14.864439964294
		endloop
	endfacet
	facet normal -0.46242310410643 0.60073710179174 0.65213480762756
		outer loop
			vertex 3.6443240642548 21.211790084839 14.897671699524
			vertex 5.0619959831238 21.590669631958 15.553912162781
			vertex 5.1416177749634 22.400421142578 14.864439964294
		endloop
	endfacet
	facet normal -0.28475891150876 0.30119216538094 0.91005254893851
		outer loop
			vertex 5.0619959831238 21.590669631958 15.553912162781
			vertex 5.1416177749634 20.588693618774 15.910441398621
			vertex 6.6408505439758 20.816087722778 16.304298400879
		endloop
	endfacet
	facet normal -0.28475917067903 0.30119170587265 0.91005261992245
		outer loop
			vertex 5.0619959831238 21.590669631958 15.553912162781
			vertex 6.6408505439758 20.816087722778 16.304298400879
			vertex 6.6002593040466 21.823984146118 15.958023071289
		endloop
	endfacet
	facet normal -0.28475946223033 0.63753247847932 0.71586617992074
		outer loop
			vertex 5.0619959831238 21.590669631958 15.553912162781
			vertex 6.6408505439758 22.627815246582 15.258297920227
			vertex 5.1416177749634 22.400421142578 14.864439964294
		endloop
	endfacet
	facet normal -0.28475939530888 0.63753240328016 0.71586627351143
		outer loop
			vertex 5.0619959831238 21.590669631958 15.553912162781
			vertex 6.6002593040466 21.823984146118 15.958023071289
			vertex 6.6408505439758 22.627815246582 15.258297920227
		endloop
	endfacet
	facet normal -0.24172198474967 0.87795709248932 0.4132333793831
		outer loop
			vertex 5.3683624267578 22.89467048645 13.946990966797
			vertex 5.1416177749634 22.400421142578 14.864439964294
			vertex 6.6408505439758 22.627815246582 15.258297920227
		endloop
	endfacet
	facet normal 1.1564458907195e-06 0.86602360803635 -0.50000311031269
		outer loop
			vertex 5.1628828048706 22.442583084106 11.562803268433
			vertex 6.10799741745 22.695171356201 12.000297546387
			vertex 8.1999998092651 22.903232574463 12.36067199707
		endloop
	endfacet
	facet normal -0.056895728333779 0.94300754657238 -0.32787138210725
		outer loop
			vertex 6.10799741745 22.695171356201 12.000297546387
			vertex 5.7077097892761 22.99817276001 12.941237449646
			vertex 6.9294414520264 23.183477401733 13.26219367981
		endloop
	endfacet
	facet normal -0.056895280645112 0.94300748107045 -0.32787164818794
		outer loop
			vertex 6.10799741745 22.695171356201 12.000297546387
			vertex 6.9294414520264 23.183477401733 13.26219367981
			vertex 7.1335062980652 22.850713729858 12.269704818726
		endloop
	endfacet
	facet normal 1.3040478462265e-06 0.86602323701009 -0.50000375294278
		outer loop
			vertex 6.10799741745 22.695171356201 12.000297546387
			vertex 7.1335062980652 22.850713729858 12.269704818726
			vertex 8.1999998092651 22.903232574463 12.36067199707
		endloop
	endfacet
	facet normal -0.1618122925607 0.98570911765868 0.046843541078753
		outer loop
			vertex 5.7077097892761 22.99817276001 12.941237449646
			vertex 6.756443977356 23.105205535889 14.311648368835
			vertex 6.9294414520264 23.183477401733 13.26219367981
		endloop
	endfacet
	facet normal -0.019210134608526 0.9467554846207 -0.32137987346587
		outer loop
			vertex 7.1335062980652 22.850713729858 12.269704818726
			vertex 6.9294414520264 23.183477401733 13.26219367981
			vertex 8.1999998092651 22.903232574463 12.36067199707
		endloop
	endfacet
	facet normal -0.0546365172077 0.99636839776003 0.065305948676351
		outer loop
			vertex 6.9294414520264 23.183477401733 13.26219367981
			vertex 6.756443977356 23.105205535889 14.311648368835
			vertex 8.1999998092651 23.246046066284 13.370567321777
		endloop
	endfacet
	facet normal -0.019210497977989 0.94675532070504 -0.3213803346257
		outer loop
			vertex 6.9294414520264 23.183477401733 13.26219367981
			vertex 8.1999998092651 23.246046066284 13.370567321777
			vertex 8.1999998092651 22.903232574463 12.36067199707
		endloop
	endfacet
	facet normal -0.05463701504519 0.99636842029199 0.065305188398794
		outer loop
			vertex 6.756443977356 23.105205535889 14.311648368835
			vertex 8.1999998092651 23.176294326782 14.434777259827
			vertex 8.1999998092651 23.246046066284 13.370567321777
		endloop
	endfacet
	facet normal -0.096151218398407 0.31994996703154 0.94254281695688
		outer loop
			vertex 6.6002593040466 21.823984146118 15.958023071289
			vertex 6.6408505439758 20.816087722778 16.304298400879
			vertex 8.1999998092651 21.902763366699 16.09447479248
		endloop
	endfacet
	facet normal -0.24172159521014 0.87795735273071 0.41323305433514
		outer loop
			vertex 5.3683624267578 22.89467048645 13.946990966797
			vertex 6.6408505439758 22.627815246582 15.258297920227
			vertex 6.756443977356 23.105205535889 14.311648368835
		endloop
	endfacet
	facet normal -0.09615073696266 0.65629063976833 0.74835662082594
		outer loop
			vertex 6.6408505439758 22.627815246582 15.258297920227
			vertex 6.6002593040466 21.823984146118 15.958023071289
			vertex 8.1999998092651 22.704595565796 15.391286849976
		endloop
	endfacet
	facet normal -0.096151491754613 0.31995033006082 0.94254266583924
		outer loop
			vertex 6.6408505439758 20.816087722778 16.304298400879
			vertex 8.1999998092651 20.892868041992 16.437288284302
			vertex 8.1999998092651 21.902763366699 16.09447479248
		endloop
	endfacet
	facet normal -0.081618654106627 0.89388053367817 0.44081287051656
		outer loop
			vertex 6.756443977356 23.105205535889 14.311648368835
			vertex 6.6408505439758 22.627815246582 15.258297920227
			vertex 8.1999998092651 22.704595565796 15.391286849976
		endloop
	endfacet
	facet normal -0.081619099105968 0.89388025129771 0.4408133607334
		outer loop
			vertex 6.756443977356 23.105205535889 14.311648368835
			vertex 8.1999998092651 22.704595565796 15.391286849976
			vertex 8.1999998092651 23.176294326782 14.434777259827
		endloop
	endfacet
	facet normal -0.096150968845908 0.65629089678175 0.74835636563832
		outer loop
			vertex 6.6002593040466 21.823984146118 15.958023071289
			vertex 8.1999998092651 21.902763366699 16.09447479248
			vertex 8.1999998092651 22.704595565796 15.391286849976
		endloop
	endfacet
	facet normal 0.093210129385784 -0.74106883826846 -0.66492770187992
		outer loop
			vertex 8.1999998092651 12.900931358337 2.5948464870453
			vertex 9.7591495513916 12.977712631226 2.727835893631
			vertex 8.1999998092651 0.54432982206345 16.366407394409
		endloop
	endfacet
	facet normal 0.27604872788568 -0.72288438819724 -0.63343133892586
		outer loop
			vertex 9.7591495513916 12.977712631226 2.727835893631
			vertex 11.258381843567 13.205106735229 3.1216931343079
			vertex 8.6377277374268 0.5658860206604 16.403743743896
		endloop
	endfacet
	facet normal 0.44827818921018 -0.68721449415629 -0.57164928417689
		outer loop
			vertex 11.258381843567 13.205106735229 3.1216931343079
			vertex 12.640082359314 13.574373245239 3.7612826824188
			vertex 9.0586338043213 0.62972623109818 16.514318466187
		endloop
	endfacet
	facet normal 0.60328112745888 -0.63542967629556 -0.48195540015116
		outer loop
			vertex 12.640082359314 13.574373245239 3.7612826824188
			vertex 13.851153373718 14.071323394775 4.62202501297
			vertex 9.4465427398682 0.73339706659317 16.693880081177
		endloop
	endfacet
	facet normal 0.093210288768363 -0.74104657388071 -0.66495249259431
		outer loop
			vertex 8.1999998092651 0.45035383105278 16.471143722534
			vertex 8.1999998092651 0.46110200881958 16.45916557312
			vertex 8.6301746368408 0.48228624463081 16.49585723877
		endloop
	endfacet
	facet normal 0.093210615679342 -0.74107886981452 -0.66491645327749
		outer loop
			vertex 8.1999998092651 0.45035383105278 16.471143722534
			vertex 8.6301746368408 0.48228624463081 16.49585723877
			vertex 8.6291990280151 0.471489995718 16.507753372192
		endloop
	endfacet
	facet normal 0.27604888356976 -0.72289500881666 -0.63341915041136
		outer loop
			vertex 8.6291990280151 0.471489995718 16.507753372192
			vertex 8.6301746368408 0.48228624463081 16.49585723877
			vertex 9.0438165664673 0.54502481222153 16.604524612427
		endloop
	endfacet
	facet normal 0.27605252927469 -0.72284987619968 -0.6334690659844
		outer loop
			vertex 8.6291990280151 0.471489995718 16.507753372192
			vertex 9.0438165664673 0.54502481222153 16.604524612427
			vertex 9.0419034957886 0.53408634662628 16.616172790527
		endloop
	endfacet
	facet normal 0.44828451834469 -0.68718012173134 -0.57168563993664
		outer loop
			vertex 9.0419034957886 0.53408634662628 16.616172790527
			vertex 9.0438165664673 0.54502481222153 16.604524612427
			vertex 9.4250326156616 0.64690679311752 16.780988693237
		endloop
	endfacet
	facet normal 0.44827702976438 -0.68722509976219 -0.57163744352734
		outer loop
			vertex 9.0419034957886 0.53408634662628 16.616172790527
			vertex 9.4250326156616 0.64690679311752 16.780988693237
			vertex 9.4222545623779 0.63573724031448 16.792238235474
		endloop
	endfacet
	facet normal 0.60327873265494 -0.63544069460492 -0.48194387055576
		outer loop
			vertex 9.4222545623779 0.63573724031448 16.792238235474
			vertex 9.4250326156616 0.64690679311752 16.780988693237
			vertex 9.7591705322266 0.78401678800583 17.01847076416
		endloop
	endfacet
	facet normal 0.60328798004371 -0.6354024625787 -0.48198270060625
		outer loop
			vertex 9.4222545623779 0.63573724031448 16.792238235474
			vertex 9.7591705322266 0.78401678800583 17.01847076416
			vertex 9.7556352615356 0.77253633737564 17.029180526733
		endloop
	endfacet
	facet normal 0.73510881645878 -0.56949494926431 -0.3678186111754
		outer loop
			vertex 9.7556352615356 0.77253633737564 17.029180526733
			vertex 9.7591705322266 0.78401678800583 17.01847076416
			vertex 10.033390045166 0.95108580589294 17.307842254639
		endloop
	endfacet
	facet normal 0.7351083628989 -0.56949644617787 -0.36781719996063
		outer loop
			vertex 9.7556352615356 0.77253633737564 17.029180526733
			vertex 10.033390045166 0.95108580589294 17.307842254639
			vertex 10.029232978821 0.93922656774521 17.317895889282
		endloop
	endfacet
	facet normal 0.83867684218723 -0.49199894361883 -0.23357695489242
		outer loop
			vertex 10.029232978821 0.93922656774521 17.317895889282
			vertex 10.033390045166 0.95108580589294 17.307842254639
			vertex 10.237154006958 1.1416934728622 17.637983322144
		endloop
	endfacet
	facet normal 0.83867945522465 -0.49199142585839 -0.23358340751412
		outer loop
			vertex 10.029232978821 0.93922656774521 17.317895889282
			vertex 10.237154006958 1.1416934728622 17.637983322144
			vertex 10.232535362244 1.1294020414352 17.647289276123
		endloop
	endfacet
	facet normal 0.91002164490866 -0.40587245658636 -0.084428400330054
		outer loop
			vertex 10.232535362244 1.1294020414352 17.647289276123
			vertex 10.237154006958 1.1416934728622 17.637983322144
			vertex 10.333438873291 1.3003969192505 17.912866592407
		endloop
	endfacet
	facet normal 0.91001244503343 -0.40589711194822 -0.084409030301118
		outer loop
			vertex 10.232535362244 1.1294020414352 17.647289276123
			vertex 10.333438873291 1.3003969192505 17.912866592407
			vertex 10.357728004456 1.3357545137405 18.004703521729
		endloop
	endfacet
	facet normal 0.91001016226828 -0.40590281170125 -0.084406232124608
		outer loop
			vertex 10.357728004456 1.3357545137405 18.004703521729
			vertex 10.333438873291 1.3003969192505 17.912866592407
			vertex 10.37370300293 1.4029831886292 17.853637695312
		endloop
	endfacet
	facet normal 0.093209956117643 -0.74106884048005 -0.66492772370394
		outer loop
			vertex 9.7591495513916 12.977712631226 2.727835893631
			vertex 8.6377277374268 0.5658860206604 16.403743743896
			vertex 8.1999998092651 0.54432982206345 16.366407394409
		endloop
	endfacet
	facet normal 0.2760487311988 -0.72288438781968 -0.63343133791287
		outer loop
			vertex 11.258381843567 13.205106735229 3.1216931343079
			vertex 9.0586338043213 0.62972623109818 16.514318466187
			vertex 8.6377277374268 0.5658860206604 16.403743743896
		endloop
	endfacet
	facet normal 0.44827670732239 -0.68721483057824 -0.57165004181362
		outer loop
			vertex 12.640082359314 13.574373245239 3.7612826824188
			vertex 9.4465427398682 0.73339706659317 16.693880081177
			vertex 9.0586338043213 0.62972623109818 16.514318466187
		endloop
	endfacet
	facet normal 0.6032815802441 -0.63542951058804 -0.4819550518586
		outer loop
			vertex 13.851153373718 14.071323394775 4.62202501297
			vertex 9.7865476608276 0.8729145526886 16.935531616211
			vertex 9.4465427398682 0.73339706659317 16.693880081177
		endloop
	endfacet
	facet normal 0.73510153679877 -0.56951940755658 -0.36779528954634
		outer loop
			vertex 14.845052719116 14.676858901978 5.6708431243896
			vertex 10.065582275391 1.0429171323776 17.229986190796
			vertex 9.7865476608276 0.8729145526886 16.935531616211
		endloop
	endfacet
	facet normal 0.83866918108922 -0.49201934891972 -0.23356148008555
		outer loop
			vertex 15.583587646484 15.367709159851 6.8674306869507
			vertex 10.272924423218 1.2368717193604 17.565923690796
			vertex 10.065582275391 1.0429171323776 17.229986190796
		endloop
	endfacet
	facet normal 0.91001004887412 -0.40590346794733 -0.084404298803153
		outer loop
			vertex 16.038373947144 16.117324829102 8.1658039093018
			vertex 10.37370300293 1.4029831886292 17.853637695312
			vertex 10.272924423218 1.2368717193604 17.565923690796
		endloop
	endfacet
	facet normal 0.91000903618373 -0.4059050997981 -0.084407369475936
		outer loop
			vertex 16.038373947144 16.117324829102 8.1658039093018
			vertex 10.357728004456 1.3357545137405 18.004703521729
			vertex 10.37370300293 1.4029831886292 17.853637695312
		endloop
	endfacet
	facet normal 0.9100102753568 -0.12985577766286 0.39372423820819
		outer loop
			vertex 15.583587646484 18.426090240479 12.164704322815
			vertex 10.232535362244 1.9713056087494 19.10551071167
			vertex 10.357728004456 1.7649531364441 18.748096466064
		endloop
	endfacet
	facet normal 0.093211655185961 0.20530977204089 0.97424816388947
		outer loop
			vertex 9.7591495513916 20.816087722778 16.304298400879
			vertex 8.1999998092651 2.6503539085388 20.281656265259
			vertex 8.6291990280151 2.6292176246643 20.245046615601
		endloop
	endfacet
	facet normal 0.27604747245886 0.18712561457619 0.94275224598966
		outer loop
			vertex 9.7591495513916 20.816087722778 16.304298400879
			vertex 8.6291990280151 2.6292176246643 20.245046615601
			vertex 9.0419034957886 2.5666213035583 20.136627197266
		endloop
	endfacet
	facet normal 0.44827996630812 0.1514551630596 0.88096901499961
		outer loop
			vertex 11.258381843567 20.588693618774 15.910441398621
			vertex 9.0419034957886 2.5666213035583 20.136627197266
			vertex 9.4222545623779 2.4649703502655 19.960561752319
		endloop
	endfacet
	facet normal 0.60327989591735 0.099671186885618 0.79127682999489
		outer loop
			vertex 12.640082359314 20.219427108765 15.270852088928
			vertex 9.4222545623779 2.4649703502655 19.960561752319
			vertex 9.7556352615356 2.3281712532043 19.72361946106
		endloop
	endfacet
	facet normal 0.83866928438474 -0.04373968166346 0.54288182109697
		outer loop
			vertex 14.845052719116 19.116941452026 13.361291885376
			vertex 10.029232978821 2.1614811420441 19.434904098511
			vertex 10.232535362244 1.9713056087494 19.10551071167
		endloop
	endfacet
	facet normal 0.73510035769624 0.0337611733164 0.67711715920596
		outer loop
			vertex 14.845052719116 19.116941452026 13.361291885376
			vertex 9.7556352615356 2.3281712532043 19.72361946106
			vertex 10.029232978821 2.1614811420441 19.434904098511
		endloop
	endfacet
	facet normal 0.94637886382792 -0.31448372443121 0.073939388472256
		outer loop
			vertex 10.357728004456 1.3357545137405 18.004703521729
			vertex 16.19193649292 16.896900177002 9.5160675048828
			vertex 10.39999961853 1.5503537654877 18.376399993896
		endloop
	endfacet
	facet normal 0.94637883653423 -0.22127509477976 0.23538145676822
		outer loop
			vertex 16.19193649292 16.896900177002 9.5160675048828
			vertex 10.357728004456 1.7649531364441 18.748096466064
			vertex 10.39999961853 1.5503537654877 18.376399993896
		endloop
	endfacet
	facet normal 0.09615171251841 -0.65629097519685 -0.74835620132056
		outer loop
			vertex 8.1999998092651 13.702763557434 1.8916583061218
			vertex 9.7997407913208 13.781544685364 2.0281100273132
			vertex 8.1999998092651 12.900931358337 2.5948464870453
		endloop
	endfacet
	facet normal 0.096151293503084 -0.31995003692689 -0.942542785569
		outer loop
			vertex 8.1999998092651 14.712658882141 1.5488451719284
			vertex 9.7591495513916 14.789440155029 1.6818344593048
			vertex 8.1999998092651 13.702763557434 1.8916583061218
		endloop
	endfacet
	facet normal 0.054637519556494 0.44162754574823 -0.89553327816062
		outer loop
			vertex 8.1999998092651 15.77686882019 1.6185971498489
			vertex 8.1999998092651 16.733379364014 2.0902953147888
			vertex 9.4705581665039 16.795948028564 2.1986689567566
		endloop
	endfacet
	facet normal 0.081619363426259 0.065184891787039 -0.99452964229157
		outer loop
			vertex 8.1999998092651 15.77686882019 1.6185971498489
			vertex 9.7591495513916 14.789440155029 1.6818344593048
			vertex 8.1999998092651 14.712658882141 1.5488451719284
		endloop
	endfacet
	facet normal 0.081619362538468 0.065184890374622 -0.99452964245701
		outer loop
			vertex 8.1999998092651 15.77686882019 1.6185971498489
			vertex 9.6435565948486 15.847958564758 1.7417268753052
			vertex 9.7591495513916 14.789440155029 1.6818344593048
		endloop
	endfacet
	facet normal 0.054636924603746 0.44162814107031 -0.89553302087898
		outer loop
			vertex 8.1999998092651 15.77686882019 1.6185971498489
			vertex 9.4705581665039 16.795948028564 2.1986689567566
			vertex 9.6435565948486 15.847958564758 1.7417268753052
		endloop
	endfacet
	facet normal 0.096151333483461 -0.65629055508495 -0.74835661844848
		outer loop
			vertex 9.7997407913208 13.781544685364 2.0281100273132
			vertex 9.7591495513916 12.977712631226 2.727835893631
			vertex 8.1999998092651 12.900931358337 2.5948464870453
		endloop
	endfacet
	facet normal 0.096151577150962 -0.31995041362373 -0.9425426287619
		outer loop
			vertex 8.1999998092651 13.702763557434 1.8916583061218
			vertex 9.7591495513916 14.789440155029 1.6818344593048
			vertex 9.7997407913208 13.781544685364 2.0281100273132
		endloop
	endfacet
	facet normal 0.24172155546116 0.081107968029594 -0.96694994035242
		outer loop
			vertex 9.6435565948486 15.847958564758 1.7417268753052
			vertex 11.258381843567 15.016834259033 2.0756916999817
			vertex 9.7591495513916 14.789440155029 1.6818344593048
		endloop
	endfacet
	facet normal 0.16181155180128 0.45228739660083 -0.87707076828481
		outer loop
			vertex 9.6435565948486 15.847958564758 1.7417268753052
			vertex 9.4705581665039 16.795948028564 2.1986689567566
			vertex 10.692290306091 16.981252670288 2.5196251869202
		endloop
	endfacet
	facet normal 0.28475903803057 -0.63753239555147 -0.71586642251353
		outer loop
			vertex 9.7997407913208 13.781544685364 2.0281100273132
			vertex 11.338004112244 14.01485824585 2.4322209358215
			vertex 9.7591495513916 12.977712631226 2.727835893631
		endloop
	endfacet
	facet normal 0.28475902614684 -0.30119217423753 -0.91005251013662
		outer loop
			vertex 9.7591495513916 14.789440155029 1.6818344593048
			vertex 11.338004112244 14.01485824585 2.4322209358215
			vertex 9.7997407913208 13.781544685364 2.0281100273132
		endloop
	endfacet
	facet normal 0.2847592255007 -0.63753260621022 -0.71586616033379
		outer loop
			vertex 9.7591495513916 12.977712631226 2.727835893631
			vertex 11.338004112244 14.01485824585 2.4322209358215
			vertex 11.258381843567 13.205106735229 3.1216931343079
		endloop
	endfacet
	facet normal 0.28475911955272 -0.30119200862916 -0.9100525357195
		outer loop
			vertex 9.7591495513916 14.789440155029 1.6818344593048
			vertex 11.258381843567 15.016834259033 2.0756916999817
			vertex 11.338004112244 14.01485824585 2.4322209358215
		endloop
	endfacet
	facet normal 0.24172167054118 0.081108211385266 -0.96694989117154
		outer loop
			vertex 9.6435565948486 15.847958564758 1.7417268753052
			vertex 11.031637191772 16.058492660522 2.1063840389252
			vertex 11.258381843567 15.016834259033 2.0756916999817
		endloop
	endfacet
	facet normal 0.16181220223218 0.45228689122059 -0.87707090890007
		outer loop
			vertex 9.6435565948486 15.847958564758 1.7417268753052
			vertex 10.692290306091 16.981252670288 2.5196251869202
			vertex 11.031637191772 16.058492660522 2.1063840389252
		endloop
	endfacet
	facet normal 0.46242336028042 -0.26439650769828 -0.84632093356121
		outer loop
			vertex 11.258381843567 15.016834259033 2.0756916999817
			vertex 12.755676269531 14.393738746643 3.0884613990784
			vertex 11.338004112244 14.01485824585 2.4322209358215
		endloop
	endfacet
	facet normal 0.26276819431433 0.47319550269047 -0.84085604730554
		outer loop
			vertex 11.031637191772 16.058492660522 2.1063840389252
			vertex 10.692290306091 16.981252670288 2.5196251869202
			vertex 12.310900688171 16.400382995605 2.6985552310944
		endloop
	endfacet
	facet normal 0.39253436973804 0.11234257194634 -0.9128504341363
		outer loop
			vertex 11.258381843567 15.016834259033 2.0756916999817
			vertex 11.031637191772 16.058492660522 2.1063840389252
			vertex 12.310900688171 16.400382995605 2.6985552310944
		endloop
	endfacet
	facet normal 0.46242345724032 -0.26439629606021 -0.84632094670021
		outer loop
			vertex 11.258381843567 15.016834259033 2.0756916999817
			vertex 12.640082359314 15.386100769043 2.7152812480927
			vertex 12.755676269531 14.393738746643 3.0884613990784
		endloop
	endfacet
	facet normal 0.39253461427709 0.11234235082735 -0.91285035619477
		outer loop
			vertex 11.258381843567 15.016834259033 2.0756916999817
			vertex 12.310900688171 16.400382995605 2.6985552310944
			vertex 12.640082359314 15.386100769043 2.7152812480927
		endloop
	endfacet
	facet normal 0.46242334378359 -0.60073718650878 -0.65213455963437
		outer loop
			vertex 11.338004112244 14.01485824585 2.4322209358215
			vertex 12.640082359314 13.574373245239 3.7612826824188
			vertex 11.258381843567 13.205106735229 3.1216931343079
		endloop
	endfacet
	facet normal 0.46242333886093 -0.60073719314558 -0.65213455701126
		outer loop
			vertex 11.338004112244 14.01485824585 2.4322209358215
			vertex 12.755676269531 14.393738746643 3.0884613990784
			vertex 12.640082359314 13.574373245239 3.7612826824188
		endloop
	endfacet
	facet normal 0.019211686294186 0.75170115484498 -0.65922400207703
		outer loop
			vertex 8.1999998092651 16.733379364014 2.0902953147888
			vertex 8.1999998092651 17.436567306519 2.8921277523041
			vertex 9.4705581665039 16.795948028564 2.1986689567566
		endloop
	endfacet
	facet normal 0.019212049286237 0.75170147193311 -0.65922362992829
		outer loop
			vertex 9.4705581665039 16.795948028564 2.1986689567566
			vertex 8.1999998092651 17.436567306519 2.8921277523041
			vertex 9.2664937973022 17.489086151123 2.983095407486
		endloop
	endfacet
	facet normal 0.05689524853963 0.75544927685566 -0.65273219684023
		outer loop
			vertex 9.4705581665039 16.795948028564 2.1986689567566
			vertex 9.2664937973022 17.489086151123 2.983095407486
			vertex 10.292002677917 17.64462852478 3.2525029182434
		endloop
	endfacet
	facet normal 0.056894704525766 0.75544951707045 -0.65273196624262
		outer loop
			vertex 9.4705581665039 16.795948028564 2.1986689567566
			vertex 10.292002677917 17.64462852478 3.2525029182434
			vertex 10.692290306091 16.981252670288 2.5196251869202
		endloop
	endfacet
	facet normal 0 0.86602694467998 -0.49999733108114
		outer loop
			vertex 6.10799741745 17.64462852478 3.2525029182434
			vertex 10.292002677917 17.64462852478 3.2525029182434
			vertex 8.1999998092651 17.436567306519 2.8921277523041
		endloop
	endfacet
	facet normal 1.5791949086101e-06 0.86602297509274 -0.50000420659133
		outer loop
			vertex 8.1999998092651 17.436567306519 2.8921277523041
			vertex 10.292002677917 17.64462852478 3.2525029182434
			vertex 9.2664937973022 17.489086151123 2.983095407486
		endloop
	endfacet
	facet normal 0.2627683286703 0.47319597123246 -0.84085574164489
		outer loop
			vertex 10.692290306091 16.981252670288 2.5196251869202
			vertex 11.818244934082 17.282169342041 3.0408296585083
			vertex 12.310900688171 16.400382995605 2.6985552310944
		endloop
	endfacet
	facet normal 0.092392874087418 0.76280143702466 -0.63999806600566
		outer loop
			vertex 10.692290306091 16.981252670288 2.5196251869202
			vertex 10.292002677917 17.64462852478 3.2525029182434
			vertex 11.818244934082 17.282169342041 3.0408296585083
		endloop
	endfacet
	facet normal 0.092392364226621 0.76280019653128 -0.63999961812837
		outer loop
			vertex 10.292002677917 17.64462852478 3.2525029182434
			vertex 11.23711681366 17.897216796875 3.6899964809418
			vertex 11.818244934082 17.282169342041 3.0408296585083
		endloop
	endfacet
	facet normal -3.244569467142e-06 0.86602737092009 -0.49999659279511
		outer loop
			vertex 10.292002677917 17.64462852478 3.2525029182434
			vertex 12.745367050171 18.651340484619 4.9961791038513
			vertex 11.23711681366 17.897216796875 3.6899964809418
		endloop
	endfacet
	facet normal 0.12434044619804 0.77347373288981 -0.62151254047587
		outer loop
			vertex 11.23711681366 17.897216796875 3.6899964809418
			vertex 12.805151939392 17.687135696411 3.7422528266907
			vertex 11.818244934082 17.282169342041 3.0408296585083
		endloop
	endfacet
	facet normal 0.12434049953173 0.77347431329584 -0.62151180748858
		outer loop
			vertex 11.23711681366 17.897216796875 3.6899964809418
			vertex 12.065517425537 18.237140655518 4.2787642478943
			vertex 12.805151939392 17.687135696411 3.7422528266907
		endloop
	endfacet
	facet normal 4.8309001244295e-06 0.86602333317618 -0.50000358635821
		outer loop
			vertex 11.23711681366 17.897216796875 3.6899964809418
			vertex 12.745367050171 18.651340484619 4.9961791038513
			vertex 12.065517425537 18.237140655518 4.2787642478943
		endloop
	endfacet
	facet normal 4.9953725292842e-07 0.86602508982716 -0.50000054378931
		outer loop
			vertex 10.292002677917 17.64462852478 3.2525029182434
			vertex 13.666666984558 20.169900894165 7.6263999938965
			vertex 12.745367050171 18.651340484619 4.9961791038513
		endloop
	endfacet
	facet normal -3.2210665299443e-07 0.86602536432984 -0.50000006833726
		outer loop
			vertex 10.292002677917 17.64462852478 3.2525029182434
			vertex 8.1999998092651 22.903232574463 12.36067199707
			vertex 13.666666984558 20.169900894165 7.6263999938965
		endloop
	endfacet
	facet normal -2.839404081079e-07 0.86602538341298 -0.50000003528432
		outer loop
			vertex 12.065517425537 22.102659225464 10.974036216736
			vertex 13.666666984558 20.169900894165 7.6263999938965
			vertex 8.1999998092651 22.903232574463 12.36067199707
		endloop
	endfacet
	facet normal 0.6223174731559 -0.54731834664158 -0.55961021258943
		outer loop
			vertex 12.755676269531 14.393738746643 3.0884613990784
			vertex 13.998275756836 14.903626441956 3.9716126918793
			vertex 12.640082359314 13.574373245239 3.7612826824188
		endloop
	endfacet
	facet normal 0.62231722696382 -0.21097740881525 -0.75379692357668
		outer loop
			vertex 12.755676269531 14.393738746643 3.0884613990784
			vertex 12.640082359314 15.386100769043 2.7152812480927
			vertex 13.851153373718 15.883050918579 3.5760238170624
		endloop
	endfacet
	facet normal 0.52826249952688 0.15768751826682 -0.83431012110394
		outer loop
			vertex 12.310900688171 16.400382995605 2.6985552310944
			vertex 13.851153373718 15.883050918579 3.5760238170624
			vertex 12.640082359314 15.386100769043 2.7152812480927
		endloop
	endfacet
	facet normal 0.52826258326421 0.15768801757438 -0.8343099737127
		outer loop
			vertex 12.310900688171 16.400382995605 2.6985552310944
			vertex 13.432183265686 16.86049079895 3.4954833984375
			vertex 13.851153373718 15.883050918579 3.5760238170624
		endloop
	endfacet
	facet normal 0.62231727717947 -0.54731806893755 -0.55961070212997
		outer loop
			vertex 12.640082359314 13.574373245239 3.7612826824188
			vertex 13.998275756836 14.903626441956 3.9716126918793
			vertex 13.851153373718 14.071323394775 4.62202501297
		endloop
	endfacet
	facet normal 0.75829624801948 -0.47932859442947 -0.44184940737976
		outer loop
			vertex 13.998275756836 14.903626441956 3.9716126918793
			vertex 14.845052719116 14.676858901978 5.6708431243896
			vertex 13.851153373718 14.071323394775 4.62202501297
		endloop
	endfacet
	facet normal 0.62231749180145 -0.21097770206733 -0.75379662285549
		outer loop
			vertex 12.755676269531 14.393738746643 3.0884613990784
			vertex 13.851153373718 15.883050918579 3.5760238170624
			vertex 13.998275756836 14.903626441956 3.9716126918793
		endloop
	endfacet
	facet normal 0.75829591198956 -0.14298846875597 -0.63603585407015
		outer loop
			vertex 13.851153373718 15.883050918579 3.5760238170624
			vertex 15.018051147461 15.524926185608 5.0477356910706
			vertex 13.998275756836 14.903626441956 3.9716126918793
		endloop
	endfacet
	facet normal 0.6436898314513 0.21540167062239 -0.73434700324798
		outer loop
			vertex 13.432183265686 16.86049079895 3.4954833984375
			vertex 14.845052719116 16.488586425781 4.6248416900635
			vertex 13.851153373718 15.883050918579 3.5760238170624
		endloop
	endfacet
	facet normal 0.75829581564949 -0.47932938036736 -0.44184929680279
		outer loop
			vertex 13.998275756836 14.903626441956 3.9716126918793
			vertex 15.018051147461 15.524926185608 5.0477356910706
			vertex 14.845052719116 14.676858901978 5.6708431243896
		endloop
	endfacet
	facet normal 0.75829605784481 -0.14298785028322 -0.63603581921807
		outer loop
			vertex 13.851153373718 15.883050918579 3.5760238170624
			vertex 14.845052719116 16.488586425781 4.6248416900635
			vertex 15.018051147461 15.524926185608 5.0477356910706
		endloop
	endfacet
	facet normal 0.86513328985966 -0.063041146353192 -0.49756427187157
		outer loop
			vertex 14.845052719116 16.488586425781 4.6248416900635
			vertex 15.583587646484 17.17943572998 5.8214292526245
			vertex 15.018051147461 15.524926185608 5.0477356910706
		endloop
	endfacet
	facet normal 0.73510060391435 -0.56951992870479 -0.36779634709013
		outer loop
			vertex 13.851153373718 14.071323394775 4.62202501297
			vertex 14.845052719116 14.676858901978 5.6708431243896
			vertex 9.7865476608276 0.8729145526886 16.935531616211
		endloop
	endfacet
	facet normal 0.83866975624849 -0.49201884475515 -0.2335604768789
		outer loop
			vertex 14.845052719116 14.676858901978 5.6708431243896
			vertex 15.583587646484 15.367709159851 6.8674306869507
			vertex 10.065582275391 1.0429171323776 17.229986190796
		endloop
	endfacet
	facet normal 0.9100100099294 -0.4059035298991 -0.084404420759485
		outer loop
			vertex 15.583587646484 15.367709159851 6.8674306869507
			vertex 16.038373947144 16.117324829102 8.1658039093018
			vertex 10.272924423218 1.2368717193604 17.565923690796
		endloop
	endfacet
	facet normal 0.86513332373221 -0.39938267579277 -0.30337734003162
		outer loop
			vertex 15.018051147461 15.524926185608 5.0477356910706
			vertex 15.583587646484 15.367709159851 6.8674306869507
			vertex 14.845052719116 14.676858901978 5.6708431243896
		endloop
	endfacet
	facet normal 0.86513385888254 -0.39938146939758 -0.3033774021196
		outer loop
			vertex 15.018051147461 15.524926185608 5.0477356910706
			vertex 15.775812149048 16.233762741089 6.2754755020142
			vertex 15.583587646484 15.367709159851 6.8674306869507
		endloop
	endfacet
	facet normal 0.86513377145119 -0.063041737570354 -0.49756335960232
		outer loop
			vertex 15.018051147461 15.524926185608 5.0477356910706
			vertex 15.583587646484 17.17943572998 5.8214292526245
			vertex 15.775812149048 16.233762741089 6.2754755020142
		endloop
	endfacet
	facet normal 0.93872485832788 -0.31054922318838 -0.14951528461797
		outer loop
			vertex 15.775812149048 16.233762741089 6.2754755020142
			vertex 16.038373947144 16.117324829102 8.1658039093018
			vertex 15.583587646484 15.367709159851 6.8674306869507
		endloop
	endfacet
	facet normal 0.93872451551706 -0.31055025185009 -0.14951530036454
		outer loop
			vertex 15.775812149048 16.233762741089 6.2754755020142
			vertex 16.24243927002 17.002893447876 7.6076507568359
			vertex 16.038373947144 16.117324829102 8.1658039093018
		endloop
	endfacet
	facet normal 0.35362658130974 0.50355072860954 -0.78827971222656
		outer loop
			vertex 11.818244934082 17.282169342041 3.0408296585083
			vertex 12.805151939392 17.687135696411 3.7422528266907
			vertex 12.310900688171 16.400382995605 2.6985552310944
		endloop
	endfacet
	facet normal 0.35362594436047 0.50355104243041 -0.78827979749732
		outer loop
			vertex 12.310900688171 16.400382995605 2.6985552310944
			vertex 12.805151939392 17.687135696411 3.7422528266907
			vertex 13.432183265686 16.86049079895 3.4954833984375
		endloop
	endfacet
	facet normal 0.43089457835162 0.54218538710968 -0.72136320141237
		outer loop
			vertex 12.805151939392 17.687135696411 3.7422528266907
			vertex 13.615085601807 18.180589675903 4.5969395637512
			vertex 13.432183265686 16.86049079895 3.4954833984375
		endloop
	endfacet
	facet normal 0.15150845606411 0.78705826943643 -0.59798366888469
		outer loop
			vertex 12.065517425537 18.237140655518 4.2787642478943
			vertex 12.745367050171 18.651340484619 4.9961791038513
			vertex 12.805151939392 17.687135696411 3.7422528266907
		endloop
	endfacet
	facet normal 0.15150831407913 0.78705828344248 -0.59798368642421
		outer loop
			vertex 12.805151939392 17.687135696411 3.7422528266907
			vertex 12.745367050171 18.651340484619 4.9961791038513
			vertex 13.615085601807 18.180589675903 4.5969395637512
		endloop
	endfacet
	facet normal 0.17285401331219 0.80303136224277 -0.57031756183409
		outer loop
			vertex 12.745367050171 18.651340484619 4.9961791038513
			vertex 13.250541687012 19.123899459839 5.8146724700928
			vertex 13.615085601807 18.180589675903 4.5969395637512
		endloop
	endfacet
	facet normal 0.430895296314 0.54218510605717 -0.72136298379127
		outer loop
			vertex 13.432183265686 16.86049079895 3.4954833984375
			vertex 13.615085601807 18.180589675903 4.5969395637512
			vertex 14.352396965027 17.421131134033 4.4665431976318
		endloop
	endfacet
	facet normal 0.64368982734976 0.21540142810241 -0.73434707798007
		outer loop
			vertex 13.432183265686 16.86049079895 3.4954833984375
			vertex 14.352396965027 17.421131134033 4.4665431976318
			vertex 14.845052719116 16.488586425781 4.6248416900635
		endloop
	endfacet
	facet normal 0.49160466001837 0.5876140785634 -0.64267764308579
		outer loop
			vertex 14.352396965027 17.421131134033 4.4665431976318
			vertex 13.615085601807 18.180589675903 4.5969395637512
			vertex 15.036177635193 18.060762405396 5.574417591095
		endloop
	endfacet
	facet normal 0.17285622132169 0.80303135847645 -0.57031689792066
		outer loop
			vertex 13.250541687012 19.123899459839 5.8146724700928
			vertex 14.216920852661 18.743566513062 5.5720448493958
			vertex 13.615085601807 18.180589675903 4.5969395637512
		endloop
	endfacet
	facet normal 0.49160457299749 0.5876143224321 -0.64267748667634
		outer loop
			vertex 13.615085601807 18.180589675903 4.5969395637512
			vertex 14.216920852661 18.743566513062 5.5720448493958
			vertex 15.036177635193 18.060762405396 5.574417591095
		endloop
	endfacet
	facet normal 0.73438033377056 0.2832654280159 -0.61680322847891
		outer loop
			vertex 14.352396965027 17.421131134033 4.4665431976318
			vertex 15.036177635193 18.060762405396 5.574417591095
			vertex 14.845052719116 16.488586425781 4.6248416900635
		endloop
	endfacet
	facet normal 0.73438020119399 0.28326551526928 -0.61680334625673
		outer loop
			vertex 14.845052719116 16.488586425781 4.6248416900635
			vertex 15.036177635193 18.060762405396 5.574417591095
			vertex 15.583587646484 17.17943572998 5.8214292526245
		endloop
	endfacet
	facet normal -4.3206888998045e-06 0.866025820919 -0.49999927748239
		outer loop
			vertex 12.745367050171 18.651340484619 4.9961791038513
			vertex 13.666666984558 20.169900894165 7.6263999938965
			vertex 13.250541687012 19.123899459839 5.8146724700928
		endloop
	endfacet
	facet normal 0.187559255913 0.8207803596872 -0.5395749500052
		outer loop
			vertex 13.250541687012 19.123899459839 5.8146724700928
			vertex 13.561626434326 19.636653900146 6.7027893066406
			vertex 14.587529182434 19.354433059692 6.6300954818726
		endloop
	endfacet
	facet normal 6.8029655601478e-07 0.86602532354815 -0.50000013897283
		outer loop
			vertex 13.250541687012 19.123899459839 5.8146724700928
			vertex 13.666666984558 20.169900894165 7.6263999938965
			vertex 13.561626434326 19.636653900146 6.7027893066406
		endloop
	endfacet
	facet normal 0.18755964786764 0.82077992789261 -0.5395754705881
		outer loop
			vertex 13.250541687012 19.123899459839 5.8146724700928
			vertex 14.587529182434 19.354433059692 6.6300954818726
			vertex 14.216920852661 18.743566513062 5.5720448493958
		endloop
	endfacet
	facet normal 0.19505509853434 0.83962239739115 -0.5069395805566
		outer loop
			vertex 13.561626434326 19.636653900146 6.7027893066406
			vertex 13.666666984558 20.169900894165 7.6263999938965
			vertex 14.587529182434 19.354433059692 6.6300954818726
		endloop
	endfacet
	facet normal 0.19505546173235 0.83962247657006 -0.50693930966807
		outer loop
			vertex 14.587529182434 19.354433059692 6.6300954818726
			vertex 13.666666984558 20.169900894165 7.6263999938965
			vertex 14.712668418884 19.989711761475 7.7304310798645
		endloop
	endfacet
	facet normal 0.19505300782176 0.85883466770483 -0.47366373904703
		outer loop
			vertex 13.666666984558 20.169900894165 7.6263999938965
			vertex 13.561626434326 20.703145980835 8.5500106811523
			vertex 14.587529182434 20.624992370605 8.8307676315308
		endloop
	endfacet
	facet normal 0.19505549889931 0.85883333020808 -0.47366513833386
		outer loop
			vertex 13.666666984558 20.169900894165 7.6263999938965
			vertex 14.587529182434 20.624992370605 8.8307676315308
			vertex 14.712668418884 19.989711761475 7.7304310798645
		endloop
	endfacet
	facet normal -4.7385646305062e-07 0.86602534408001 -0.50000010341087
		outer loop
			vertex 12.065517425537 22.102659225464 10.974036216736
			vertex 13.250541687012 21.215902328491 9.4381275177002
			vertex 13.666666984558 20.169900894165 7.6263999938965
		endloop
	endfacet
	facet normal 0.17285615346243 0.89542478879326 -0.41028672635697
		outer loop
			vertex 12.745367050171 21.688459396362 10.256620407104
			vertex 13.615085601807 21.798833847046 10.863923072815
			vertex 13.250541687012 21.215902328491 9.4381275177002
		endloop
	endfacet
	facet normal -1.3235141130626e-06 0.86602506021765 -0.50000059507292
		outer loop
			vertex 12.065517425537 22.102659225464 10.974036216736
			vertex 12.745367050171 21.688459396362 10.256620407104
			vertex 13.250541687012 21.215902328491 9.4381275177002
		endloop
	endfacet
	facet normal 0.15150965367599 0.91139844302673 -0.38261952758769
		outer loop
			vertex 12.065517425537 22.102659225464 10.974036216736
			vertex 13.615085601807 21.798833847046 10.863923072815
			vertex 12.745367050171 21.688459396362 10.256620407104
		endloop
	endfacet
	facet normal 0.15150956028325 0.91139819458527 -0.38262015635548
		outer loop
			vertex 12.065517425537 22.102659225464 10.974036216736
			vertex 12.805151939392 22.292287826538 11.718609809875
			vertex 13.615085601807 21.798833847046 10.863923072815
		endloop
	endfacet
	facet normal 1.4743059359316e-05 0.86602685739897 -0.49999748203996
		outer loop
			vertex 13.666666984558 20.169900894165 7.6263999938965
			vertex 13.250541687012 21.215902328491 9.4381275177002
			vertex 13.561626434326 20.703145980835 8.5500106811523
		endloop
	endfacet
	facet normal 0.18755776488925 0.87767514365668 -0.44103109531753
		outer loop
			vertex 13.561626434326 20.703145980835 8.5500106811523
			vertex 13.250541687012 21.215902328491 9.4381275177002
			vertex 14.587529182434 20.624992370605 8.8307676315308
		endloop
	endfacet
	facet normal 0.18755939229505 0.87767611913936 -0.44102846195499
		outer loop
			vertex 13.250541687012 21.215902328491 9.4381275177002
			vertex 14.216920852661 21.235857009888 9.8888177871704
			vertex 14.587529182434 20.624992370605 8.8307676315308
		endloop
	endfacet
	facet normal 0.17285585541843 0.89542486665842 -0.41028668198871
		outer loop
			vertex 13.250541687012 21.215902328491 9.4381275177002
			vertex 13.615085601807 21.798833847046 10.863923072815
			vertex 14.216920852661 21.235857009888 9.8888177871704
		endloop
	endfacet
	facet normal 0.49160390054057 0.8503825880471 -0.18755015041212
		outer loop
			vertex 14.216920852661 21.235857009888 9.8888177871704
			vertex 13.615085601807 21.798833847046 10.863923072815
			vertex 14.352396965027 21.532032012939 11.586831092834
		endloop
	endfacet
	facet normal 0.5334217992032 0.63809219025419 -0.5552472790311
		outer loop
			vertex 14.216920852661 18.743566513062 5.5720448493958
			vertex 14.587529182434 19.354433059692 6.6300954818726
			vertex 15.036177635193 18.060762405396 5.574417591095
		endloop
	endfacet
	facet normal 0.5334212939072 0.63809230424593 -0.555247633465
		outer loop
			vertex 15.036177635193 18.060762405396 5.574417591095
			vertex 14.587529182434 19.354433059692 6.6300954818726
			vertex 15.45724773407 18.754804611206 6.7765312194824
		endloop
	endfacet
	facet normal 0.55473977781636 0.69168006884246 -0.46243103407357
		outer loop
			vertex 14.587529182434 19.354433059692 6.6300954818726
			vertex 14.712668418884 19.989711761475 7.7304310798645
			vertex 15.45724773407 18.754804611206 6.7765312194824
		endloop
	endfacet
	facet normal 0.5547404315526 0.69167997066396 -0.46243039669029
		outer loop
			vertex 15.45724773407 18.754804611206 6.7765312194824
			vertex 14.712668418884 19.989711761475 7.7304310798645
			vertex 15.599425315857 19.476581573486 8.0266876220703
		endloop
	endfacet
	facet normal 0.55474037525757 0.74631656739041 -0.36779708712507
		outer loop
			vertex 14.712668418884 19.989711761475 7.7304310798645
			vertex 15.45724773407 20.198360443115 9.2768440246582
			vertex 15.599425315857 19.476581573486 8.0266876220703
		endloop
	endfacet
	facet normal 0.93872487078461 0.025790865196276 -0.34370110305735
		outer loop
			vertex 15.775812149048 16.233762741089 6.2754755020142
			vertex 15.583587646484 17.17943572998 5.8214292526245
			vertex 16.038373947144 17.929052352905 7.1198029518127
		endloop
	endfacet
	facet normal 0.7968492140694 0.35867223382113 -0.48619498014968
		outer loop
			vertex 15.036177635193 18.060762405396 5.574417591095
			vertex 16.038373947144 17.929052352905 7.1198029518127
			vertex 15.583587646484 17.17943572998 5.8214292526245
		endloop
	endfacet
	facet normal 0.93872454435402 0.025791341967088 -0.34370195883481
		outer loop
			vertex 15.775812149048 16.233762741089 6.2754755020142
			vertex 16.038373947144 17.929052352905 7.1198029518127
			vertex 16.24243927002 17.002893447876 7.6076507568359
		endloop
	endfacet
	facet normal 0.97624095471624 -0.21624637505858 0.013824022885538
		outer loop
			vertex 16.24243927002 17.002893447876 7.6076507568359
			vertex 16.39999961853 17.802762985229 8.9930667877197
			vertex 16.038373947144 16.117324829102 8.1658039093018
		endloop
	endfacet
	facet normal 0.97624094905682 0.12009532020545 -0.18036275516135
		outer loop
			vertex 16.038373947144 17.929052352905 7.1198029518127
			vertex 16.39999961853 17.802762985229 8.9930667877197
			vertex 16.24243927002 17.002893447876 7.6076507568359
		endloop
	endfacet
	facet normal 0.97624097570438 0.12009507059153 -0.18036277713371
		outer loop
			vertex 16.038373947144 17.929052352905 7.1198029518127
			vertex 16.19193649292 18.708627700806 8.4700660705566
			vertex 16.39999961853 17.802762985229 8.9930667877197
		endloop
	endfacet
	facet normal 0.79684966918214 0.35867063829776 -0.4861954112776
		outer loop
			vertex 15.036177635193 18.060762405396 5.574417591095
			vertex 15.45724773407 18.754804611206 6.7765312194824
			vertex 16.038373947144 17.929052352905 7.1198029518127
		endloop
	endfacet
	facet normal 0.82869584076926 0.43872279804625 -0.34754209812079
		outer loop
			vertex 15.45724773407 18.754804611206 6.7765312194824
			vertex 15.599425315857 19.476581573486 8.0266876220703
			vertex 16.19193649292 18.708627700806 8.4700660705566
		endloop
	endfacet
	facet normal 0.82869620833783 0.4387219593172 -0.34754228044855
		outer loop
			vertex 15.45724773407 18.754804611206 6.7765312194824
			vertex 16.19193649292 18.708627700806 8.4700660705566
			vertex 16.038373947144 17.929052352905 7.1198029518127
		endloop
	endfacet
	facet normal 0.9762409278562 -0.21624648168034 0.013824251854669
		outer loop
			vertex 16.038373947144 16.117324829102 8.1658039093018
			vertex 16.39999961853 17.802762985229 8.9930667877197
			vertex 16.19193649292 16.896900177002 9.5160675048828
		endloop
	endfacet
	facet normal 0.97624092901208 -0.12009522691763 0.18036292577255
		outer loop
			vertex 16.39999961853 17.802762985229 8.9930667877197
			vertex 16.038373947144 17.676475524902 10.86633014679
			vertex 16.19193649292 16.896900177002 9.5160675048828
		endloop
	endfacet
	facet normal 0.97624091897587 -0.12009532092893 0.18036291749726
		outer loop
			vertex 16.39999961853 17.802762985229 8.9930667877197
			vertex 16.24243927002 18.602634429932 10.378482818604
			vertex 16.038373947144 17.676475524902 10.86633014679
		endloop
	endfacet
	facet normal 0.82869585635005 0.52034169950648 -0.20617393972799
		outer loop
			vertex 15.599425315857 19.476581573486 8.0266876220703
			vertex 15.45724773407 20.198360443115 9.2768440246582
			vertex 16.038373947144 19.488203048706 9.8203287124634
		endloop
	endfacet
	facet normal 0.97624100340201 0.21624615269727 -0.013824063088236
		outer loop
			vertex 16.19193649292 18.708627700806 8.4700660705566
			vertex 16.038373947144 19.488203048706 9.8203287124634
			vertex 16.39999961853 17.802762985229 8.9930667877197
		endloop
	endfacet
	facet normal 0.97624098320372 0.21624623287502 -0.013824235269513
		outer loop
			vertex 16.39999961853 17.802762985229 8.9930667877197
			vertex 16.038373947144 19.488203048706 9.8203287124634
			vertex 16.24243927002 18.602634429932 10.378482818604
		endloop
	endfacet
	facet normal 0.82869582690302 0.52034174913179 -0.20617393284311
		outer loop
			vertex 15.599425315857 19.476581573486 8.0266876220703
			vertex 16.038373947144 19.488203048706 9.8203287124634
			vertex 16.19193649292 18.708627700806 8.4700660705566
		endloop
	endfacet
	facet normal 0.93872477791205 0.31054949976043 0.14951521505361
		outer loop
			vertex 16.038373947144 19.488203048706 9.8203287124634
			vertex 15.583587646484 20.237817764282 11.118702888489
			vertex 15.775812149048 19.371765136719 11.710658073425
		endloop
	endfacet
	facet normal 0.93872451579271 -0.025791476873305 0.34370202671854
		outer loop
			vertex 16.24243927002 18.602634429932 10.378482818604
			vertex 15.775812149048 19.371765136719 11.710658073425
			vertex 16.038373947144 17.676475524902 10.86633014679
		endloop
	endfacet
	facet normal 0.93872449066792 0.31055036168435 0.14951522824776
		outer loop
			vertex 16.038373947144 19.488203048706 9.8203287124634
			vertex 15.775812149048 19.371765136719 11.710658073425
			vertex 16.24243927002 18.602634429932 10.378482818604
		endloop
	endfacet
	facet normal 0.5334213318891 0.79990465103726 -0.27498042100233
		outer loop
			vertex 14.216920852661 21.235857009888 9.8888177871704
			vertex 15.036177635193 20.892400741577 10.478957176208
			vertex 14.587529182434 20.624992370605 8.8307676315308
		endloop
	endfacet
	facet normal 0.55474044599241 0.74631650235308 -0.36779711240793
		outer loop
			vertex 14.712668418884 19.989711761475 7.7304310798645
			vertex 14.587529182434 20.624992370605 8.8307676315308
			vertex 15.45724773407 20.198360443115 9.2768440246582
		endloop
	endfacet
	facet normal 0.5334219722024 0.79990418984484 -0.27498052047442
		outer loop
			vertex 14.587529182434 20.624992370605 8.8307676315308
			vertex 15.036177635193 20.892400741577 10.478957176208
			vertex 15.45724773407 20.198360443115 9.2768440246582
		endloop
	endfacet
	facet normal 0.49160402859329 0.8503825145926 -0.18755014781655
		outer loop
			vertex 14.216920852661 21.235857009888 9.8888177871704
			vertex 14.352396965027 21.532032012939 11.586831092834
			vertex 15.036177635193 20.892400741577 10.478957176208
		endloop
	endfacet
	facet normal 0.73438072137857 0.67579953476822 0.063086804282198
		outer loop
			vertex 15.036177635193 20.892400741577 10.478957176208
			vertex 14.845052719116 20.92866897583 12.31529045105
			vertex 15.583587646484 20.237817764282 11.118702888489
		endloop
	endfacet
	facet normal 0.79684944673925 0.60039313026858 -0.067520725393335
		outer loop
			vertex 15.45724773407 20.198360443115 9.2768440246582
			vertex 15.036177635193 20.892400741577 10.478957176208
			vertex 16.038373947144 19.488203048706 9.8203287124634
		endloop
	endfacet
	facet normal 0.79684940345055 0.60039317063546 -0.067520877325512
		outer loop
			vertex 16.038373947144 19.488203048706 9.8203287124634
			vertex 15.036177635193 20.892400741577 10.478957176208
			vertex 15.583587646484 20.237817764282 11.118702888489
		endloop
	endfacet
	facet normal 0.44827827564762 0.15145551314111 0.8809698151024
		outer loop
			vertex 11.258381843567 20.588693618774 15.910441398621
			vertex 9.4222545623779 2.4649703502655 19.960561752319
			vertex 12.640082359314 20.219427108765 15.270852088928
		endloop
	endfacet
	facet normal 0.60328112976928 0.099670767003201 0.79127594217776
		outer loop
			vertex 13.851153373718 19.722476959229 14.410109519958
			vertex 12.640082359314 20.219427108765 15.270852088928
			vertex 9.7556352615356 2.3281712532043 19.72361946106
		endloop
	endfacet
	facet normal 0.093210368715435 0.20530990334781 0.97424825930111
		outer loop
			vertex 8.1999998092651 20.892868041992 16.437288284302
			vertex 8.1999998092651 2.6503539085388 20.281656265259
			vertex 9.7591495513916 20.816087722778 16.304298400879
		endloop
	endfacet
	facet normal 0.27604842400008 0.18712552250647 0.94275198564296
		outer loop
			vertex 9.7591495513916 20.816087722778 16.304298400879
			vertex 9.0419034957886 2.5666213035583 20.136627197266
			vertex 11.258381843567 20.588693618774 15.910441398621
		endloop
	endfacet
	facet normal 0.019210127010773 0.94675548804804 -0.3213798638234
		outer loop
			vertex 8.1999998092651 22.903232574463 12.36067199707
			vertex 9.4705581665039 23.183477401733 13.26219367981
			vertex 9.2664937973022 22.850713729858 12.269704818726
		endloop
	endfacet
	facet normal 0.019210497977989 0.94675532070504 -0.3213803346257
		outer loop
			vertex 8.1999998092651 22.903232574463 12.36067199707
			vertex 8.1999998092651 23.246046066284 13.370567321777
			vertex 9.4705581665039 23.183477401733 13.26219367981
		endloop
	endfacet
	facet normal 0.054636979057433 0.99636842225698 0.065305188527585
		outer loop
			vertex 8.1999998092651 23.246046066284 13.370567321777
			vertex 8.1999998092651 23.176294326782 14.434777259827
			vertex 9.6435565948486 23.105205535889 14.311648368835
		endloop
	endfacet
	facet normal 0.054636513218635 0.99636840117325 0.065305899938484
		outer loop
			vertex 8.1999998092651 23.246046066284 13.370567321777
			vertex 9.6435565948486 23.105205535889 14.311648368835
			vertex 9.4705581665039 23.183477401733 13.26219367981
		endloop
	endfacet
	facet normal -1.3040469828605e-06 0.86602323701151 -0.50000375294032
		outer loop
			vertex 8.1999998092651 22.903232574463 12.36067199707
			vertex 9.2664937973022 22.850713729858 12.269704818726
			vertex 10.292002677917 22.695171356201 12.000297546387
		endloop
	endfacet
	facet normal 0.056895287919932 0.94300748872341 -0.3278716249145
		outer loop
			vertex 9.2664937973022 22.850713729858 12.269704818726
			vertex 9.4705581665039 23.183477401733 13.26219367981
			vertex 10.292002677917 22.695171356201 12.000297546387
		endloop
	endfacet
	facet normal -6.0372891633734e-07 0.86602499739337 -0.50000070388895
		outer loop
			vertex 12.065517425537 22.102659225464 10.974036216736
			vertex 8.1999998092651 22.903232574463 12.36067199707
			vertex 10.292002677917 22.695171356201 12.000297546387
		endloop
	endfacet
	facet normal 0.056895708583025 0.94300755027123 -0.32787137489613
		outer loop
			vertex 9.4705581665039 23.183477401733 13.26219367981
			vertex 10.692290306091 22.99817276001 12.941237449646
			vertex 10.292002677917 22.695171356201 12.000297546387
		endloop
	endfacet
	facet normal 0.16181219854861 0.98570913926639 0.046843411143645
		outer loop
			vertex 9.4705581665039 23.183477401733 13.26219367981
			vertex 9.6435565948486 23.105205535889 14.311648368835
			vertex 10.692290306091 22.99817276001 12.941237449646
		endloop
	endfacet
	facet normal 0.096151462620318 0.31995033096546 0.94254266850422
		outer loop
			vertex 8.1999998092651 21.902763366699 16.09447479248
			vertex 8.1999998092651 20.892868041992 16.437288284302
			vertex 9.7591495513916 20.816087722778 16.304298400879
		endloop
	endfacet
	facet normal 0.081619014702328 0.89388050846311 0.44081285488148
		outer loop
			vertex 8.1999998092651 23.176294326782 14.434777259827
			vertex 9.7591495513916 22.627815246582 15.258297920227
			vertex 9.6435565948486 23.105205535889 14.311648368835
		endloop
	endfacet
	facet normal 0.081618659997476 0.89388028354881 0.4408133766379
		outer loop
			vertex 8.1999998092651 23.176294326782 14.434777259827
			vertex 8.1999998092651 22.704595565796 15.391286849976
			vertex 9.7591495513916 22.627815246582 15.258297920227
		endloop
	endfacet
	facet normal 0.096150940451007 0.65629089859027 0.74835636770055
		outer loop
			vertex 8.1999998092651 22.704595565796 15.391286849976
			vertex 8.1999998092651 21.902763366699 16.09447479248
			vertex 9.7997407913208 21.823984146118 15.958023071289
		endloop
	endfacet
	facet normal 0.096151190024199 0.3199499689455 0.94254281920171
		outer loop
			vertex 8.1999998092651 21.902763366699 16.09447479248
			vertex 9.7591495513916 20.816087722778 16.304298400879
			vertex 9.7997407913208 21.823984146118 15.958023071289
		endloop
	endfacet
	facet normal 0.096150707849896 0.6562906407811 0.74835662367824
		outer loop
			vertex 8.1999998092651 22.704595565796 15.391286849976
			vertex 9.7997407913208 21.823984146118 15.958023071289
			vertex 9.7591495513916 22.627815246582 15.258297920227
		endloop
	endfacet
	facet normal 0.24172176608011 0.87795727633223 0.41323311670097
		outer loop
			vertex 9.6435565948486 23.105205535889 14.311648368835
			vertex 9.7591495513916 22.627815246582 15.258297920227
			vertex 11.031637191772 22.89467048645 13.946990966797
		endloop
	endfacet
	facet normal 4.0578810383093e-06 0.86602848566704 -0.49999466196829
		outer loop
			vertex 12.065517425537 22.102659225464 10.974036216736
			vertex 10.292002677917 22.695171356201 12.000297546387
			vertex 11.23711681366 22.442583084106 11.562803268433
		endloop
	endfacet
	facet normal 0.092393113335388 0.93565516418019 -0.34060670332678
		outer loop
			vertex 10.292002677917 22.695171356201 12.000297546387
			vertex 11.818244934082 22.697256088257 12.420033454895
			vertex 11.23711681366 22.442583084106 11.562803268433
		endloop
	endfacet
	facet normal 0.092392593686775 0.93565590200874 -0.34060481744692
		outer loop
			vertex 10.292002677917 22.695171356201 12.000297546387
			vertex 10.692290306091 22.99817276001 12.941237449646
			vertex 11.818244934082 22.697256088257 12.420033454895
		endloop
	endfacet
	facet normal 0.16181197669151 0.98570918392014 0.046843237875589
		outer loop
			vertex 9.6435565948486 23.105205535889 14.311648368835
			vertex 11.031637191772 22.89467048645 13.946990966797
			vertex 10.692290306091 22.99817276001 12.941237449646
		endloop
	endfacet
	facet normal 0.12433982176291 0.9249830577821 -0.35909045036042
		outer loop
			vertex 12.065517425537 22.102659225464 10.974036216736
			vertex 11.23711681366 22.442583084106 11.562803268433
			vertex 12.805151939392 22.292287826538 11.718609809875
		endloop
	endfacet
	facet normal 0.12433998188702 0.92498202323495 -0.35909305979999
		outer loop
			vertex 11.23711681366 22.442583084106 11.562803268433
			vertex 11.818244934082 22.697256088257 12.420033454895
			vertex 12.805151939392 22.292287826538 11.718609809875
		endloop
	endfacet
	facet normal 0.26276818320427 0.96480045635585 0.01062832588243
		outer loop
			vertex 10.692290306091 22.99817276001 12.941237449646
			vertex 11.031637191772 22.89467048645 13.946990966797
			vertex 12.310900688171 22.552780151367 13.354819297791
		endloop
	endfacet
	facet normal 0.26276789049369 0.96480052266988 0.010629542860789
		outer loop
			vertex 10.692290306091 22.99817276001 12.941237449646
			vertex 12.310900688171 22.552780151367 13.354819297791
			vertex 11.818244934082 22.697256088257 12.420033454895
		endloop
	endfacet
	facet normal 0.39253464183586 0.84672274243403 0.35913389202884
		outer loop
			vertex 11.031637191772 22.89467048645 13.946990966797
			vertex 11.258381843567 22.400421142578 14.864439964294
			vertex 12.310900688171 22.552780151367 13.354819297791
		endloop
	endfacet
	facet normal 0.39253402909553 0.84672318859494 0.35913350985064
		outer loop
			vertex 11.258381843567 22.400421142578 14.864439964294
			vertex 12.640082359314 22.031154632568 14.224850654602
			vertex 12.310900688171 22.552780151367 13.354819297791
		endloop
	endfacet
	facet normal 0.28475917067903 0.30119170587265 0.91005261992245
		outer loop
			vertex 9.7997407913208 21.823984146118 15.958023071289
			vertex 9.7591495513916 20.816087722778 16.304298400879
			vertex 11.338004112244 21.590669631958 15.553912162781
		endloop
	endfacet
	facet normal 0.28475898717412 0.30119203122645 0.91005256966246
		outer loop
			vertex 9.7591495513916 20.816087722778 16.304298400879
			vertex 11.258381843567 20.588693618774 15.910441398621
			vertex 11.338004112244 21.590669631958 15.553912162781
		endloop
	endfacet
	facet normal 0.28475955177477 0.6375323772117 0.71586623448786
		outer loop
			vertex 9.7591495513916 22.627815246582 15.258297920227
			vertex 9.7997407913208 21.823984146118 15.958023071289
			vertex 11.258381843567 22.400421142578 14.864439964294
		endloop
	endfacet
	facet normal 0.24172205450707 0.87795708364156 0.4132333573763
		outer loop
			vertex 9.7591495513916 22.627815246582 15.258297920227
			vertex 11.258381843567 22.400421142578 14.864439964294
			vertex 11.031637191772 22.89467048645 13.946990966797
		endloop
	endfacet
	facet normal 0.28475938178223 0.63753258484571 0.71586611719437
		outer loop
			vertex 9.7997407913208 21.823984146118 15.958023071289
			vertex 11.338004112244 21.590669631958 15.553912162781
			vertex 11.258381843567 22.400421142578 14.864439964294
		endloop
	endfacet
	facet normal 0.46242336137363 0.26439650742882 0.84632093304807
		outer loop
			vertex 11.338004112244 21.590669631958 15.553912162781
			vertex 11.258381843567 20.588693618774 15.910441398621
			vertex 12.640082359314 20.219427108765 15.270852088928
		endloop
	endfacet
	facet normal 0.46242320040511 0.26439632463571 0.84632107810584
		outer loop
			vertex 11.338004112244 21.590669631958 15.553912162781
			vertex 12.640082359314 20.219427108765 15.270852088928
			vertex 12.755676269531 21.211790084839 14.897671699524
		endloop
	endfacet
	facet normal 0.46242302456969 0.60073727692908 0.65213470269236
		outer loop
			vertex 11.258381843567 22.400421142578 14.864439964294
			vertex 11.338004112244 21.590669631958 15.553912162781
			vertex 12.755676269531 21.211790084839 14.897671699524
		endloop
	endfacet
	facet normal 0.46242321993189 0.60073751306822 0.65213434663452
		outer loop
			vertex 11.258381843567 22.400421142578 14.864439964294
			vertex 12.755676269531 21.211790084839 14.897671699524
			vertex 12.640082359314 22.031154632568 14.224850654602
		endloop
	endfacet
	facet normal 0.94637874659349 -0.31448437774975 0.07393811025098
		outer loop
			vertex 16.038373947144 16.117324829102 8.1658039093018
			vertex 16.19193649292 16.896900177002 9.5160675048828
			vertex 10.357728004456 1.3357545137405 18.004703521729
		endloop
	endfacet
	facet normal 0.94637872390497 -0.2212743451213 0.23538261433494
		outer loop
			vertex 16.19193649292 16.896900177002 9.5160675048828
			vertex 16.038373947144 17.676475524902 10.86633014679
			vertex 10.357728004456 1.7649531364441 18.748096466064
		endloop
	endfacet
	facet normal 0.91001015319143 -0.12985560531451 0.39372457741029
		outer loop
			vertex 16.038373947144 17.676475524902 10.86633014679
			vertex 15.583587646484 18.426090240479 12.164704322815
			vertex 10.357728004456 1.7649531364441 18.748096466064
		endloop
	endfacet
	facet normal 0.83866973853821 -0.043740048802988 0.54288108991837
		outer loop
			vertex 15.583587646484 18.426090240479 12.164704322815
			vertex 14.845052719116 19.116941452026 13.361291885376
			vertex 10.232535362244 1.9713056087494 19.10551071167
		endloop
	endfacet
	facet normal 0.73510045376578 0.03376110594209 0.67711705826903
		outer loop
			vertex 13.851153373718 19.722476959229 14.410109519958
			vertex 9.7556352615356 2.3281712532043 19.72361946106
			vertex 14.845052719116 19.116941452026 13.361291885376
		endloop
	endfacet
	facet normal 0.35362774739921 0.9344451969997 -0.041947468023108
		outer loop
			vertex 11.818244934082 22.697256088257 12.420033454895
			vertex 12.310900688171 22.552780151367 13.354819297791
			vertex 12.805151939392 22.292287826538 11.718609809875
		endloop
	endfacet
	facet normal 0.35362577365049 0.93444591206029 -0.041948178076179
		outer loop
			vertex 12.805151939392 22.292287826538 11.718609809875
			vertex 12.310900688171 22.552780151367 13.354819297791
			vertex 13.432183265686 22.092674255371 12.557891845703
		endloop
	endfacet
	facet normal 0.52826230331627 0.80137767954596 0.28059357373349
		outer loop
			vertex 13.432183265686 22.092674255371 12.557891845703
			vertex 12.310900688171 22.552780151367 13.354819297791
			vertex 13.851153373718 21.534204483032 13.364108085632
		endloop
	endfacet
	facet normal 0.5282623784796 0.80137778906236 0.2805931194463
		outer loop
			vertex 13.851153373718 21.534204483032 13.364108085632
			vertex 12.310900688171 22.552780151367 13.354819297791
			vertex 12.640082359314 22.031154632568 14.224850654602
		endloop
	endfacet
	facet normal 0.62231723659843 0.54731871092365 0.55961011937363
		outer loop
			vertex 13.851153373718 21.534204483032 13.364108085632
			vertex 12.640082359314 22.031154632568 14.224850654602
			vertex 12.755676269531 21.211790084839 14.897671699524
		endloop
	endfacet
	facet normal 0.64368994755345 0.74366389410507 0.18063018580268
		outer loop
			vertex 13.851153373718 21.534204483032 13.364108085632
			vertex 14.845052719116 20.92866897583 12.31529045105
			vertex 14.352396965027 21.532032012939 11.586831092834
		endloop
	endfacet
	facet normal 0.62231739363156 0.54731846956215 0.55961018080425
		outer loop
			vertex 13.851153373718 21.534204483032 13.364108085632
			vertex 12.755676269531 21.211790084839 14.897671699524
			vertex 13.998275756836 20.701902389526 14.014520645142
		endloop
	endfacet
	facet normal 0.75829595290961 0.14298831741745 0.63603583930706
		outer loop
			vertex 13.998275756836 20.701902389526 14.014520645142
			vertex 13.851153373718 19.722476959229 14.410109519958
			vertex 15.018051147461 20.080602645874 12.938397407532
		endloop
	endfacet
	facet normal 0.75829588939643 0.47932918615928 0.4418493809211
		outer loop
			vertex 13.851153373718 21.534204483032 13.364108085632
			vertex 13.998275756836 20.701902389526 14.014520645142
			vertex 15.018051147461 20.080602645874 12.938397407532
		endloop
	endfacet
	facet normal 0.43089475789618 0.89581143758048 -0.10886494347395
		outer loop
			vertex 12.805151939392 22.292287826538 11.718609809875
			vertex 13.432183265686 22.092674255371 12.557891845703
			vertex 14.352396965027 21.532032012939 11.586831092834
		endloop
	endfacet
	facet normal 0.43089473924338 0.89581142720901 -0.10886510264605
		outer loop
			vertex 13.615085601807 21.798833847046 10.863923072815
			vertex 12.805151939392 22.292287826538 11.718609809875
			vertex 14.352396965027 21.532032012939 11.586831092834
		endloop
	endfacet
	facet normal 0.64368992151245 0.74366391843638 0.18063017842863
		outer loop
			vertex 13.432183265686 22.092674255371 12.557891845703
			vertex 13.851153373718 21.534204483032 13.364108085632
			vertex 14.352396965027 21.532032012939 11.586831092834
		endloop
	endfacet
	facet normal 0.62231735250893 0.2109773407307 0.75379683898546
		outer loop
			vertex 13.998275756836 20.701902389526 14.014520645142
			vertex 12.755676269531 21.211790084839 14.897671699524
			vertex 12.640082359314 20.219427108765 15.270852088928
		endloop
	endfacet
	facet normal 0.62231725514648 0.21097762033711 0.75379684110763
		outer loop
			vertex 13.998275756836 20.701902389526 14.014520645142
			vertex 12.640082359314 20.219427108765 15.270852088928
			vertex 13.851153373718 19.722476959229 14.410109519958
		endloop
	endfacet
	facet normal 0.86513358074729 0.06304106075196 0.49756377693984
		outer loop
			vertex 15.775812149048 19.371765136719 11.710658073425
			vertex 15.018051147461 20.080602645874 12.938397407532
			vertex 14.845052719116 19.116941452026 13.361291885376
		endloop
	endfacet
	facet normal 0.7582960202172 0.14298803201224 0.63603582322384
		outer loop
			vertex 13.851153373718 19.722476959229 14.410109519958
			vertex 14.845052719116 19.116941452026 13.361291885376
			vertex 15.018051147461 20.080602645874 12.938397407532
		endloop
	endfacet
	facet normal 0.93872491932144 -0.025790887495921 0.343700968819
		outer loop
			vertex 16.038373947144 17.676475524902 10.86633014679
			vertex 15.775812149048 19.371765136719 11.710658073425
			vertex 15.583587646484 18.426090240479 12.164704322815
		endloop
	endfacet
	facet normal 0.86513347766623 0.063041905197443 0.49756384917939
		outer loop
			vertex 15.775812149048 19.371765136719 11.710658073425
			vertex 14.845052719116 19.116941452026 13.361291885376
			vertex 15.583587646484 18.426090240479 12.164704322815
		endloop
	endfacet
	facet normal 0.86513386650014 0.39938169396311 0.30337708476691
		outer loop
			vertex 15.583587646484 20.237817764282 11.118702888489
			vertex 15.018051147461 20.080602645874 12.938397407532
			vertex 15.775812149048 19.371765136719 11.710658073425
		endloop
	endfacet
	facet normal 0.73438023922025 0.67580006438281 0.063086743639255
		outer loop
			vertex 15.036177635193 20.892400741577 10.478957176208
			vertex 14.352396965027 21.532032012939 11.586831092834
			vertex 14.845052719116 20.92866897583 12.31529045105
		endloop
	endfacet
	facet normal 0.86513340119136 0.39938274291419 0.30337703078085
		outer loop
			vertex 15.583587646484 20.237817764282 11.118702888489
			vertex 14.845052719116 20.92866897583 12.31529045105
			vertex 15.018051147461 20.080602645874 12.938397407532
		endloop
	endfacet
	facet normal 0.75829601434025 0.47932942520478 0.44184890717138
		outer loop
			vertex 13.851153373718 21.534204483032 13.364108085632
			vertex 15.018051147461 20.080602645874 12.938397407532
			vertex 14.845052719116 20.92866897583 12.31529045105
		endloop
	endfacet
	facet normal -0.95694025138917 -0.14514255784788 -0.2513940993194
		outer loop
			vertex 6.042272567749 -1.799257516861 19.814702987671
			vertex 6.1674652099609 1.1294020414352 17.647289276123
			vertex 6.1674652099609 -2.0056099891663 19.457290649414
		endloop
	endfacet
	facet normal -0.99518467520845 -0.049008819770953 -0.084885792774266
		outer loop
			vertex 6.042272567749 1.3357545137405 18.004703521729
			vertex 6.042272567749 -1.799257516861 19.814702987671
			vertex 6 -1.5846581459045 20.186399459839
		endloop
	endfacet
	facet normal -0.99518471200547 0.049008634366101 0.084885468415758
		outer loop
			vertex 6 1.5503537654877 18.376399993896
			vertex 6 -1.5846581459045 20.186399459839
			vertex 6.042272567749 -1.3700587749481 20.558097839355
		endloop
	endfacet
	facet normal 3.665065917559e-06 -0.86602562283679 0.49999962057657
		outer loop
			vertex 6.042272567749 -2.5613598823547 20.254703521729
			vertex 6.1674652099609 -2.76771235466 19.897289276123
			vertex 6.1674652099609 -1.9258086681366 21.35551071167
		endloop
	endfacet
	facet normal 0 -0.86602508831185 0.50000054641416
		outer loop
			vertex 6.042272567749 -2.5613598823547 20.254703521729
			vertex 6.042272567749 -2.1321611404419 20.998096466064
			vertex 6 -2.3467605113983 20.626399993896
		endloop
	endfacet
	facet normal -7.1892993141269e-06 -0.86602508828946 0.50000054640124
		outer loop
			vertex 6.042272567749 -2.5613598823547 20.254703521729
			vertex 6.1674652099609 -1.9258086681366 21.35551071167
			vertex 6.042272567749 -2.1321611404419 20.998096466064
		endloop
	endfacet
	facet normal -0.95694023974321 0.14514258118296 0.25139413017761
		outer loop
			vertex 6.042272567749 1.7649531364441 18.748096466064
			vertex 6.042272567749 -1.3700587749481 20.558097839355
			vertex 6.1674652099609 -1.1637064218521 20.915510177612
		endloop
	endfacet
	facet normal -0.9569405741294 -0.14514191116995 -0.25139324415511
		outer loop
			vertex 6.042272567749 1.3357545137405 18.004703521729
			vertex 6.1674652099609 1.1294020414352 17.647289276123
			vertex 6.042272567749 -1.799257516861 19.814702987671
		endloop
	endfacet
	facet normal -0.99518467388064 -0.049008827909308 -0.08488580364252
		outer loop
			vertex 6.042272567749 1.3357545137405 18.004703521729
			vertex 6 -1.5846581459045 20.186399459839
			vertex 6 1.5503537654877 18.376399993896
		endloop
	endfacet
	facet normal -0.99518467520845 0.049008859902143 0.084885769604479
		outer loop
			vertex 6 1.5503537654877 18.376399993896
			vertex 6.042272567749 -1.3700587749481 20.558097839355
			vertex 6.042272567749 1.7649531364441 18.748096466064
		endloop
	endfacet
	facet normal -0.9569405741294 0.14514191116995 0.25139324415511
		outer loop
			vertex 6.042272567749 1.7649531364441 18.748096466064
			vertex 6.1674652099609 -1.1637064218521 20.915510177612
			vertex 6.1674652099609 1.9713056087494 19.10551071167
		endloop
	endfacet
	facet normal -0.77301112512561 -0.31719616190934 -0.54940003212779
		outer loop
			vertex 6.6443653106689 0.77253633737564 17.029180526733
			vertex 6.6443653106689 -2.3624756336212 18.839179992676
			vertex 6.3707666397095 -2.1957852840424 19.127897262573
		endloop
	endfacet
	facet normal -0.77300952807784 -0.31719739465191 -0.54940156745946
		outer loop
			vertex 6.6443653106689 0.77253633737564 17.029180526733
			vertex 6.3707666397095 -2.1957852840424 19.127897262573
			vertex 6.3707666397095 0.93922656774521 17.317895889282
		endloop
	endfacet
	facet normal -0.63439261114419 -0.38650541645627 -0.66944721821486
		outer loop
			vertex 6.9777455329895 0.63573724031448 16.792238235474
			vertex 6.9777455329895 -2.4992747306824 18.602237701416
			vertex 6.6443653106689 -2.3624756336212 18.839179992676
		endloop
	endfacet
	facet normal -0.63439261114419 -0.38650541645627 -0.66944721821486
		outer loop
			vertex 6.6443653106689 0.77253633737564 17.029180526733
			vertex 6.9777455329895 0.63573724031448 16.792238235474
			vertex 6.6443653106689 -2.3624756336212 18.839179992676
		endloop
	endfacet
	facet normal -0.47139802491094 -0.44096018936278 -0.76376567971284
		outer loop
			vertex 6.9777455329895 0.63573724031448 16.792238235474
			vertex 7.3580965995789 0.53408634662628 16.616172790527
			vertex 6.9777455329895 -2.4992747306824 18.602237701416
		endloop
	endfacet
	facet normal -0.88192150409073 -0.23569828446964 -0.40824107990305
		outer loop
			vertex 6.3707666397095 0.93922656774521 17.317895889282
			vertex 6.3707666397095 -2.1957852840424 19.127897262573
			vertex 6.1674652099609 -2.0056099891663 19.457290649414
		endloop
	endfacet
	facet normal -0.29028382683383 -0.47847018649357 -0.82873492777577
		outer loop
			vertex 7.7708010673523 0.471489995718 16.507753372192
			vertex 7.7708010673523 -2.6635220050812 18.317752838135
			vertex 7.3580965995789 -2.6009256839752 18.42617225647
		endloop
	endfacet
	facet normal -0.47139807865789 -0.44096016871072 -0.76376565846356
		outer loop
			vertex 7.3580965995789 0.53408634662628 16.616172790527
			vertex 7.3580965995789 -2.6009256839752 18.42617225647
			vertex 6.9777455329895 -2.4992747306824 18.602237701416
		endloop
	endfacet
	facet normal -0.29028385847378 -0.47847017828329 -0.82873492143335
		outer loop
			vertex 7.7708010673523 0.471489995718 16.507753372192
			vertex 7.3580965995789 -2.6009256839752 18.42617225647
			vertex 7.3580965995789 0.53408634662628 16.616172790527
		endloop
	endfacet
	facet normal -0.098018341235683 -0.4975922036181 -0.86185521039203
		outer loop
			vertex 7.7708010673523 -2.6635220050812 18.317752838135
			vertex 8.1999998092651 0.45035383105278 16.471143722534
			vertex 8.1999998092651 -2.6846580505371 18.281143188477
		endloop
	endfacet
	facet normal -0.09801847811334 -0.49759218268661 -0.86185520690979
		outer loop
			vertex 7.7708010673523 0.471489995718 16.507753372192
			vertex 8.1999998092651 0.45035383105278 16.471143722534
			vertex 7.7708010673523 -2.6635220050812 18.317752838135
		endloop
	endfacet
	facet normal -2.928438220516e-07 -0.86602555682875 0.49999973491929
		outer loop
			vertex 6.3707666397095 -2.9578876495361 19.567895889282
			vertex 6.3707666397095 -1.7356332540512 21.684904098511
			vertex 6.1674652099609 -2.76771235466 19.897289276123
		endloop
	endfacet
	facet normal -1.4707447843644e-06 -0.86602541333301 0.49999998345922
		outer loop
			vertex 6.6443653106689 -3.124577999115 19.279180526733
			vertex 6.6443653106689 -1.5689430236816 21.97361946106
			vertex 6.3707666397095 -2.9578876495361 19.567895889282
		endloop
	endfacet
	facet normal 1.047659643023e-06 -0.86602562284214 0.49999962057965
		outer loop
			vertex 6.1674652099609 -2.76771235466 19.897289276123
			vertex 6.3707666397095 -1.7356332540512 21.684904098511
			vertex 6.1674652099609 -1.9258086681366 21.35551071167
		endloop
	endfacet
	facet normal 1.4431070715789e-06 -0.86602555682789 0.49999973491879
		outer loop
			vertex 6.3707666397095 -2.9578876495361 19.567895889282
			vertex 6.6443653106689 -1.5689430236816 21.97361946106
			vertex 6.3707666397095 -1.7356332540512 21.684904098511
		endloop
	endfacet
	facet normal -9.0013551406062e-07 -0.86602531688186 0.50000015051885
		outer loop
			vertex 6.6443653106689 -3.124577999115 19.279180526733
			vertex 6.9777455329895 -3.2613770961761 19.042238235474
			vertex 6.9777455329895 -1.4321439266205 22.210561752319
		endloop
	endfacet
	facet normal 1.0584470105594e-06 -0.86602541333347 0.49999998345948
		outer loop
			vertex 6.6443653106689 -3.124577999115 19.279180526733
			vertex 6.9777455329895 -1.4321439266205 22.210561752319
			vertex 6.6443653106689 -1.5689430236816 21.97361946106
		endloop
	endfacet
	facet normal -1.1829532531008e-06 -0.8660253168816 0.5000001505187
		outer loop
			vertex 6.9777455329895 -3.2613770961761 19.042238235474
			vertex 7.3580965995789 -1.3304929733276 22.386627197266
			vertex 6.9777455329895 -1.4321439266205 22.210561752319
		endloop
	endfacet
	facet normal -6.8712930740303e-07 -0.86602535780534 0.50000007963766
		outer loop
			vertex 7.7708010673523 -3.425624370575 18.757753372192
			vertex 7.7708010673523 -1.2678966522217 22.495046615601
			vertex 7.3580965995789 -3.363028049469 18.866172790527
		endloop
	endfacet
	facet normal 1.0646293509645e-06 -0.86602542756555 0.49999995880877
		outer loop
			vertex 6.9777455329895 -3.2613770961761 19.042238235474
			vertex 7.3580965995789 -3.363028049469 18.866172790527
			vertex 7.3580965995789 -1.3304929733276 22.386627197266
		endloop
	endfacet
	facet normal 7.294524024651e-07 -0.86602542756581 0.49999995880892
		outer loop
			vertex 7.3580965995789 -3.363028049469 18.866172790527
			vertex 7.7708010673523 -1.2678966522217 22.495046615601
			vertex 7.3580965995789 -1.3304929733276 22.386627197266
		endloop
	endfacet
	facet normal 1.0909947880498e-06 -0.86602545434976 0.49999991241709
		outer loop
			vertex 7.7708010673523 -3.425624370575 18.757753372192
			vertex 8.1999998092651 -3.4467604160309 18.721143722534
			vertex 8.1999998092651 -1.2467604875565 22.531656265259
		endloop
	endfacet
	facet normal -8.6947546755398e-07 -0.86602535780521 0.50000007963759
		outer loop
			vertex 7.7708010673523 -3.425624370575 18.757753372192
			vertex 8.1999998092651 -1.2467604875565 22.531656265259
			vertex 7.7708010673523 -1.2678966522217 22.495046615601
		endloop
	endfacet
	facet normal -0.88192155015769 -0.23569823129419 -0.40824101108567
		outer loop
			vertex 6.3707666397095 0.93922656774521 17.317895889282
			vertex 6.1674652099609 -2.0056099891663 19.457290649414
			vertex 6.1674652099609 1.1294020414352 17.647289276123
		endloop
	endfacet
	facet normal -0.88192156551331 0.2356980306489 0.40824109375561
		outer loop
			vertex 6.1674652099609 1.9713056087494 19.10551071167
			vertex 6.1674652099609 -1.1637064218521 20.915510177612
			vertex 6.3707666397095 -0.97353088855743 21.244903564453
		endloop
	endfacet
	facet normal -0.77300952807773 0.31719713038991 0.5494017200314
		outer loop
			vertex 6.3707666397095 2.1614811420441 19.434904098511
			vertex 6.3707666397095 -0.97353088855743 21.244903564453
			vertex 6.6443653106689 -0.80684065818787 21.533618927002
		endloop
	endfacet
	facet normal -0.88192156551331 0.2356980306489 0.40824109375561
		outer loop
			vertex 6.1674652099609 1.9713056087494 19.10551071167
			vertex 6.3707666397095 -0.97353088855743 21.244903564453
			vertex 6.3707666397095 2.1614811420441 19.434904098511
		endloop
	endfacet
	facet normal -0.77300947245604 0.31719717332351 0.54940177350351
		outer loop
			vertex 6.3707666397095 2.1614811420441 19.434904098511
			vertex 6.6443653106689 -0.80684065818787 21.533618927002
			vertex 6.6443653106689 2.3281712532043 19.72361946106
		endloop
	endfacet
	facet normal -0.63439489977828 0.38650448284991 0.66944558843286
		outer loop
			vertex 6.6443653106689 2.3281712532043 19.72361946106
			vertex 6.6443653106689 -0.80684065818787 21.533618927002
			vertex 6.9777455329895 -0.67004156112671 21.77056312561
		endloop
	endfacet
	facet normal -0.47139504594421 0.44096134030363 0.76376685383491
		outer loop
			vertex 6.9777455329895 2.4649703502655 19.960561752319
			vertex 6.9777455329895 -0.67004156112671 21.77056312561
			vertex 7.3580965995789 -0.56839066743851 21.946626663208
		endloop
	endfacet
	facet normal -0.6343926111444 0.3865057274374 0.66944703866959
		outer loop
			vertex 6.6443653106689 2.3281712532043 19.72361946106
			vertex 6.9777455329895 -0.67004156112671 21.77056312561
			vertex 6.9777455329895 2.4649703502655 19.960561752319
		endloop
	endfacet
	facet normal -0.47139807865788 0.44096017499856 0.76376565483327
		outer loop
			vertex 6.9777455329895 2.4649703502655 19.960561752319
			vertex 7.3580965995789 -0.56839066743851 21.946626663208
			vertex 7.3580965995789 2.5666213035583 20.136627197266
		endloop
	endfacet
	facet normal -0.29028382683384 0.47847018990492 0.82873492580623
		outer loop
			vertex 7.3580965995789 2.5666213035583 20.136627197266
			vertex 7.3580965995789 -0.56839066743851 21.946626663208
			vertex 7.7708010673523 -0.50579434633255 22.055046081543
		endloop
	endfacet
	facet normal -0.098018512332746 0.49759218454912 0.86185520194271
		outer loop
			vertex 7.7708010673523 2.6292176246643 20.245046615601
			vertex 7.7708010673523 -0.50579434633255 22.055046081543
			vertex 8.1999998092651 -0.48465815186501 22.091655731201
		endloop
	endfacet
	facet normal -0.29028382683384 0.47847018990492 0.82873492580623
		outer loop
			vertex 7.3580965995789 2.5666213035583 20.136627197266
			vertex 7.7708010673523 -0.50579434633255 22.055046081543
			vertex 7.7708010673523 2.6292176246643 20.245046615601
		endloop
	endfacet
	facet normal -0.098018614990979 0.4975921688505 0.86185519933102
		outer loop
			vertex 7.7708010673523 2.6292176246643 20.245046615601
			vertex 8.1999998092651 -0.48465815186501 22.091655731201
			vertex 8.1999998092651 2.6503539085388 20.281656265259
		endloop
	endfacet
	facet normal 0.098018233384292 -0.49759219473861 -0.86185522778448
		outer loop
			vertex 8.6291990280151 0.471489995718 16.507753372192
			vertex 8.6291990280151 -2.6635220050812 18.317752838135
			vertex 8.1999998092651 -2.6846580505371 18.281143188477
		endloop
	endfacet
	facet normal 0.09801837026177 -0.49759220218867 -0.86185520791619
		outer loop
			vertex 8.1999998092651 0.45035383105278 16.471143722534
			vertex 8.6291990280151 0.471489995718 16.507753372192
			vertex 8.1999998092651 -2.6846580505371 18.281143188477
		endloop
	endfacet
	facet normal 0.29028382683383 -0.47847018308221 -0.82873492974532
		outer loop
			vertex 8.6291990280151 -2.6635220050812 18.317752838135
			vertex 9.0419034957886 0.53408634662628 16.616172790527
			vertex 9.0419034957886 -2.6009256839752 18.42617225647
		endloop
	endfacet
	facet normal 0.29028385847378 -0.47847018169465 -0.8287349194638
		outer loop
			vertex 8.6291990280151 0.471489995718 16.507753372192
			vertex 9.0419034957886 0.53408634662628 16.616172790527
			vertex 8.6291990280151 -2.6635220050812 18.317752838135
		endloop
	endfacet
	facet normal 0.47139802491094 -0.44096018307494 -0.76376568334312
		outer loop
			vertex 9.0419034957886 0.53408634662628 16.616172790527
			vertex 9.4222545623779 0.63573724031448 16.792238235474
			vertex 9.0419034957886 -2.6009256839752 18.42617225647
		endloop
	endfacet
	facet normal 0.47139807865788 -0.44096017499856 -0.76376565483327
		outer loop
			vertex 9.4222545623779 0.63573724031448 16.792238235474
			vertex 9.4222545623779 -2.4992747306824 18.602237701416
			vertex 9.0419034957886 -2.6009256839752 18.42617225647
		endloop
	endfacet
	facet normal 0.63439206894423 -0.38650563894167 -0.669447603571
		outer loop
			vertex 9.7556352615356 0.77253633737564 17.029180526733
			vertex 9.7556352615356 -2.3624756336212 18.839179992676
			vertex 9.4222545623779 -2.4992747306824 18.602237701416
		endloop
	endfacet
	facet normal 0.63439206894423 -0.38650563894167 -0.669447603571
		outer loop
			vertex 9.4222545623779 0.63573724031448 16.792238235474
			vertex 9.7556352615356 0.77253633737564 17.029180526733
			vertex 9.4222545623779 -2.4992747306824 18.602237701416
		endloop
	endfacet
	facet normal 0.77301220952167 -0.31719576097437 -0.54939873784921
		outer loop
			vertex 10.029232978821 0.93922656774521 17.317895889282
			vertex 10.029232978821 -2.1957852840424 19.127897262573
			vertex 9.7556352615356 -2.3624756336212 18.839179992676
		endloop
	endfacet
	facet normal 0.77301061247847 -0.31719647424086 -0.54940057310202
		outer loop
			vertex 9.7556352615356 0.77253633737564 17.029180526733
			vertex 10.029232978821 0.93922656774521 17.317895889282
			vertex 9.7556352615356 -2.3624756336212 18.839179992676
		endloop
	endfacet
	facet normal 0.88192058478019 -0.23569913434092 -0.40824257520733
		outer loop
			vertex 10.232535362244 1.1294020414352 17.647289276123
			vertex 10.232535362244 -2.0056099891663 19.457290649414
			vertex 10.029232978821 -2.1957852840424 19.127897262573
		endloop
	endfacet
	facet normal -1.1100114436894e-06 -0.86602535780501 0.50000007963747
		outer loop
			vertex 8.1999998092651 -3.4467604160309 18.721143722534
			vertex 8.6291990280151 -3.425624370575 18.757753372192
			vertex 8.6291990280151 -1.2678966522217 22.495046615601
		endloop
	endfacet
	facet normal 8.5045660703129e-07 -0.86602545434997 0.4999999124172
		outer loop
			vertex 8.1999998092651 -3.4467604160309 18.721143722534
			vertex 8.6291990280151 -1.2678966522217 22.495046615601
			vertex 8.1999998092651 -1.2467604875565 22.531656265259
		endloop
	endfacet
	facet normal 7.294524024651e-07 -0.86602542756581 0.49999995880892
		outer loop
			vertex 8.6291990280151 -3.425624370575 18.757753372192
			vertex 9.0419034957886 -3.363028049469 18.866172790527
			vertex 9.0419034957886 -1.3304929733276 22.386627197266
		endloop
	endfacet
	facet normal -6.8712930740303e-07 -0.86602535780534 0.50000007963766
		outer loop
			vertex 8.6291990280151 -3.425624370575 18.757753372192
			vertex 9.0419034957886 -1.3304929733276 22.386627197266
			vertex 8.6291990280151 -1.2678966522217 22.495046615601
		endloop
	endfacet
	facet normal 1.0646293509645e-06 -0.86602542756555 0.49999995880877
		outer loop
			vertex 9.0419034957886 -3.363028049469 18.866172790527
			vertex 9.4222545623779 -1.4321439266205 22.210561752319
			vertex 9.0419034957886 -1.3304929733276 22.386627197266
		endloop
	endfacet
	facet normal -1.1829532531008e-06 -0.8660253168816 0.5000001505187
		outer loop
			vertex 9.0419034957886 -3.363028049469 18.866172790527
			vertex 9.4222545623779 -3.2613770961761 19.042238235474
			vertex 9.4222545623779 -1.4321439266205 22.210561752319
		endloop
	endfacet
	facet normal 1.0584454966539e-06 -0.86602541333347 0.49999998345948
		outer loop
			vertex 9.4222545623779 -3.2613770961761 19.042238235474
			vertex 9.7556352615356 -3.124577999115 19.279180526733
			vertex 9.7556352615356 -1.5689430236816 21.97361946106
		endloop
	endfacet
	facet normal -9.0013422658938e-07 -0.86602531688186 0.50000015051885
		outer loop
			vertex 9.4222545623779 -3.2613770961761 19.042238235474
			vertex 9.7556352615356 -1.5689430236816 21.97361946106
			vertex 9.4222545623779 -1.4321439266205 22.210561752319
		endloop
	endfacet
	facet normal 1.8204481862656e-06 -0.86602555682736 0.49999973491848
		outer loop
			vertex 9.7556352615356 -3.124577999115 19.279180526733
			vertex 10.029232978821 -2.9578876495361 19.567895889282
			vertex 10.029232978821 -1.7356332540512 21.684904098511
		endloop
	endfacet
	facet normal 5.3984809345006e-07 -0.86602562284248 0.49999962057985
		outer loop
			vertex 10.029232978821 -2.9578876495361 19.567895889282
			vertex 10.232535362244 -2.76771235466 19.897289276123
			vertex 10.232535362244 -1.9258086681366 21.35551071167
		endloop
	endfacet
	facet normal -1.0934138889568e-06 -0.86602541333343 0.49999998345946
		outer loop
			vertex 9.7556352615356 -3.124577999115 19.279180526733
			vertex 10.029232978821 -1.7356332540512 21.684904098511
			vertex 9.7556352615356 -1.5689430236816 21.97361946106
		endloop
	endfacet
	facet normal -8.0064904472807e-07 -0.86602555682851 0.49999973491915
		outer loop
			vertex 10.029232978821 -2.9578876495361 19.567895889282
			vertex 10.232535362244 -1.9258086681366 21.35551071167
			vertex 10.029232978821 -1.7356332540512 21.684904098511
		endloop
	endfacet
	facet normal 0.88192063084743 -0.23569910133096 -0.40824249474723
		outer loop
			vertex 10.029232978821 0.93922656774521 17.317895889282
			vertex 10.232535362244 1.1294020414352 17.647289276123
			vertex 10.029232978821 -2.1957852840424 19.127897262573
		endloop
	endfacet
	facet normal 0.88192064620315 0.23569889060218 0.40824258323885
		outer loop
			vertex 10.232535362244 1.9713056087494 19.10551071167
			vertex 10.029232978821 2.1614811420441 19.434904098511
			vertex 10.232535362244 -1.1637064218521 20.915510177612
		endloop
	endfacet
	facet normal 0.47139504594382 0.44096098550771 0.76376705867672
		outer loop
			vertex 9.0419034957886 2.5666213035583 20.136627197266
			vertex 9.0419034957886 -0.56839066743851 21.946626663208
			vertex 9.4222545623779 -0.67004156112671 21.77056312561
		endloop
	endfacet
	facet normal 0.098018404481162 0.49759217921735 0.86185521728693
		outer loop
			vertex 8.1999998092651 2.6503539085388 20.281656265259
			vertex 8.1999998092651 -0.48465815186501 22.091655731201
			vertex 8.6291990280151 -0.50579434633255 22.055046081543
		endloop
	endfacet
	facet normal 0.29028382683384 0.47847018990492 0.82873492580623
		outer loop
			vertex 9.0419034957886 -0.56839066743851 21.946626663208
			vertex 8.6291990280151 2.6292176246643 20.245046615601
			vertex 8.6291990280151 -0.50579434633255 22.055046081543
		endloop
	endfacet
	facet normal 0.098018507139267 0.49759218480488 0.8618552023857
		outer loop
			vertex 8.1999998092651 2.6503539085388 20.281656265259
			vertex 8.6291990280151 -0.50579434633255 22.055046081543
			vertex 8.6291990280151 2.6292176246643 20.245046615601
		endloop
	endfacet
	facet normal 0.29028382683384 0.47847018990492 0.82873492580623
		outer loop
			vertex 9.0419034957886 2.5666213035583 20.136627197266
			vertex 8.6291990280151 2.6292176246643 20.245046615601
			vertex 9.0419034957886 -0.56839066743851 21.946626663208
		endloop
	endfacet
	facet normal 0.6343943575786 0.38650501080585 0.6694457974283
		outer loop
			vertex 9.4222545623779 2.4649703502655 19.960561752319
			vertex 9.4222545623779 -0.67004156112671 21.77056312561
			vertex 9.7556352615356 -0.80684065818787 21.533618927002
		endloop
	endfacet
	facet normal 0.63439206894424 0.38650564445302 0.66944760038902
		outer loop
			vertex 9.4222545623779 2.4649703502655 19.960561752319
			vertex 9.7556352615356 -0.80684065818787 21.533618927002
			vertex 9.7556352615356 2.3281712532043 19.72361946106
		endloop
	endfacet
	facet normal 0.47139807865752 0.44096052979403 0.76376544999219
		outer loop
			vertex 9.0419034957886 2.5666213035583 20.136627197266
			vertex 9.4222545623779 -0.67004156112671 21.77056312561
			vertex 9.4222545623779 2.4649703502655 19.960561752319
		endloop
	endfacet
	facet normal 0.88192064620315 0.23569889060218 0.40824258323885
		outer loop
			vertex 10.029232978821 2.1614811420441 19.434904098511
			vertex 10.029232978821 -0.97353088855743 21.244903564453
			vertex 10.232535362244 -1.1637064218521 20.915510177612
		endloop
	endfacet
	facet normal 0.77301061247847 0.3171964787639 0.54940057049064
		outer loop
			vertex 9.7556352615356 2.3281712532043 19.72361946106
			vertex 9.7556352615356 -0.80684065818787 21.533618927002
			vertex 10.029232978821 -0.97353088855743 21.244903564453
		endloop
	endfacet
	facet normal 0.77301055685693 0.31719650360534 0.54940063440833
		outer loop
			vertex 10.029232978821 2.1614811420441 19.434904098511
			vertex 9.7556352615356 2.3281712532043 19.72361946106
			vertex 10.029232978821 -0.97353088855743 21.244903564453
		endloop
	endfacet
	facet normal 0.95694025138914 -0.14514244313635 -0.25139416554824
		outer loop
			vertex 10.232535362244 -2.0056099891663 19.457290649414
			vertex 10.357728004456 1.3357545137405 18.004703521729
			vertex 10.357728004456 -1.799257516861 19.814702987671
		endloop
	endfacet
	facet normal 0.99518489090791 -0.049007726145694 -0.084883895331431
		outer loop
			vertex 10.357728004456 -1.799257516861 19.814702987671
			vertex 10.39999961853 1.5503537654877 18.376399993896
			vertex 10.39999961853 -1.5846581459045 20.186399459839
		endloop
	endfacet
	facet normal 0.99518492770329 0.049007578079812 0.084883549424794
		outer loop
			vertex 10.357728004456 1.7649531364441 18.748096466064
			vertex 10.357728004456 -1.3700587749481 20.558097839355
			vertex 10.39999961853 -1.5846581459045 20.186399459839
		endloop
	endfacet
	facet normal -7.1892993141269e-06 -0.86602508828946 0.50000054640124
		outer loop
			vertex 10.232535362244 -2.76771235466 19.897289276123
			vertex 10.357728004456 -2.5613598823547 20.254703521729
			vertex 10.357728004456 -2.1321611404419 20.998096466064
		endloop
	endfacet
	facet normal 3.665065917559e-06 -0.86602562283679 0.49999962057657
		outer loop
			vertex 10.232535362244 -2.76771235466 19.897289276123
			vertex 10.357728004456 -2.1321611404419 20.998096466064
			vertex 10.232535362244 -1.9258086681366 21.35551071167
		endloop
	endfacet
	facet normal 0 -0.86602508831185 0.50000054641416
		outer loop
			vertex 10.357728004456 -2.5613598823547 20.254703521729
			vertex 10.39999961853 -2.3467605113983 20.626399993896
			vertex 10.357728004456 -2.1321611404419 20.998096466064
		endloop
	endfacet
	facet normal 0.95694023974319 0.1451424623321 0.25139419879626
		outer loop
			vertex 10.232535362244 1.9713056087494 19.10551071167
			vertex 10.232535362244 -1.1637064218521 20.915510177612
			vertex 10.357728004456 -1.3700587749481 20.558097839355
		endloop
	endfacet
	facet normal 0.95694057412934 -0.1451420258812 -0.25139317792676
		outer loop
			vertex 10.232535362244 1.1294020414352 17.647289276123
			vertex 10.357728004456 1.3357545137405 18.004703521729
			vertex 10.232535362244 -2.0056099891663 19.457290649414
		endloop
	endfacet
	facet normal 0.99518488958016 -0.049007731488582 -0.08488390781331
		outer loop
			vertex 10.357728004456 1.3357545137405 18.004703521729
			vertex 10.39999961853 1.5503537654877 18.376399993896
			vertex 10.357728004456 -1.799257516861 19.814702987671
		endloop
	endfacet
	facet normal 0.99518489090791 0.049007726145694 0.084883895331431
		outer loop
			vertex 10.39999961853 1.5503537654877 18.376399993896
			vertex 10.357728004456 1.7649531364441 18.748096466064
			vertex 10.39999961853 -1.5846581459045 20.186399459839
		endloop
	endfacet
	facet normal 0.95694057412934 0.14514203002048 0.25139317553695
		outer loop
			vertex 10.232535362244 1.9713056087494 19.10551071167
			vertex 10.357728004456 -1.3700587749481 20.558097839355
			vertex 10.357728004456 1.7649531364441 18.748096466064
		endloop
	endfacet
	facet normal -0.75829474869508 -0.14298613628669 -0.63603776533416
		outer loop
			vertex 6.0049200057983 -2.6990621089935 19.136196136475
			vertex 6.0327687263489 -2.543936252594 19.068120956421
			vertex 6.3332381248474 -2.8990902900696 18.789737701416
		endloop
	endfacet
	facet normal -0.7582957096855 -0.47933115101146 -0.44184755780993
		outer loop
			vertex 6.0049200057983 -2.6990621089935 19.136196136475
			vertex 6.3569211959839 -3.03307056427 18.894437789917
			vertex 6.0327687263489 -2.8355801105499 19.236501693726
		endloop
	endfacet
	facet normal -0.86513319715565 -0.39938415492882 -0.3033757537626
		outer loop
			vertex 6.0049200057983 -2.6990621089935 19.136196136475
			vertex 6.0327687263489 -2.8355801105499 19.236501693726
			vertex 5.7609581947327 -2.4708514213562 19.531467437744
		endloop
	endfacet
	facet normal -0.73438018869626 -0.67580014714408 -0.063086445219974
		outer loop
			vertex 6.0327687263489 -2.8355801105499 19.236501693726
			vertex 6.1120743751526 -2.9327068328857 19.353765487671
			vertex 5.7919015884399 -2.6102647781372 19.626758575439
		endloop
	endfacet
	facet normal -0.49160513683854 -0.85038206167545 0.18754929649182
		outer loop
			vertex 6.1120743751526 -2.9327068328857 19.353765487671
			vertex 6.2307634353638 -2.9756555557251 19.470136642456
			vertex 5.8800210952759 -2.7156364917755 19.729742050171
		endloop
	endfacet
	facet normal -0.73438045749288 -0.67579978577328 -0.063087187299223
		outer loop
			vertex 6.1120743751526 -2.9327068328857 19.353765487671
			vertex 5.8800210952759 -2.7156364917755 19.729742050171
			vertex 5.7919015884399 -2.6102647781372 19.626758575439
		endloop
	endfacet
	facet normal -0.4916046722395 -0.85038216827418 0.18755003096133
		outer loop
			vertex 5.8800210952759 -2.7156364917755 19.729742050171
			vertex 6.2307634353638 -2.9756555557251 19.470136642456
			vertex 6.0119013786316 -2.7709248065948 19.824739456177
		endloop
	endfacet
	facet normal -0.73437994777268 0.28326525285242 -0.61680376850003
		outer loop
			vertex 6.0327687263489 -2.543936252594 19.068120956421
			vertex 5.8800210952759 -2.176748752594 19.418615341187
			vertex 6.1120743751526 -2.3938190937042 19.042638778687
		endloop
	endfacet
	facet normal -0.49160526433599 0.58761372425783 -0.64267750477279
		outer loop
			vertex 6.1120743751526 -2.3938190937042 19.042638778687
			vertex 6.0119013786316 -2.0668339729309 19.41823387146
			vertex 6.2307634353638 -2.2715649604797 19.063629150391
		endloop
	endfacet
	facet normal -0.86513322226588 -0.39938296986649 -0.30337724224547
		outer loop
			vertex 6.0327687263489 -2.8355801105499 19.236501693726
			vertex 5.7919015884399 -2.6102647781372 19.626758575439
			vertex 5.7609581947327 -2.4708514213562 19.531467437744
		endloop
	endfacet
	facet normal -0.86513316933778 -0.063040199892956 -0.4975646013424
		outer loop
			vertex 6.0049200057983 -2.6990621089935 19.136196136475
			vertex 5.7609581947327 -2.4708514213562 19.531467437744
			vertex 5.7919015884399 -2.3186209201813 19.458377838135
		endloop
	endfacet
	facet normal -0.93872457830211 -0.3105500048007 -0.14951541930457
		outer loop
			vertex 5.6107268333435 -2.2232284545898 19.960363388062
			vertex 5.7609581947327 -2.4708514213562 19.531467437744
			vertex 5.7919015884399 -2.6102647781372 19.626758575439
		endloop
	endfacet
	facet normal -0.9387243871712 0.0257914744933 -0.34370237819009
		outer loop
			vertex 5.7609581947327 -2.4708514213562 19.531467437744
			vertex 5.6435761451721 -2.0741395950317 19.881832122803
			vertex 5.7919015884399 -2.3186209201813 19.458377838135
		endloop
	endfacet
	facet normal -0.93872463959948 -0.31054954874987 -0.14951598168786
		outer loop
			vertex 5.6107268333435 -2.2232284545898 19.960363388062
			vertex 5.7919015884399 -2.6102647781372 19.626758575439
			vertex 5.6435761451721 -2.3657834529877 20.050212860107
		endloop
	endfacet
	facet normal -0.93872463926971 0.025790834236865 -0.343701737699
		outer loop
			vertex 5.6107268333435 -2.2232284545898 19.960363388062
			vertex 5.6435761451721 -2.0741395950317 19.881832122803
			vertex 5.7609581947327 -2.4708514213562 19.531467437744
		endloop
	endfacet
	facet normal -0.79684937106774 -0.60039324167391 0.067520627820252
		outer loop
			vertex 5.7919015884399 -2.6102647781372 19.626758575439
			vertex 5.8800210952759 -2.7156364917755 19.729742050171
			vertex 5.6435761451721 -2.3657834529877 20.050212860107
		endloop
	endfacet
	facet normal -0.53342164025466 -0.79990443832436 0.27498044158997
		outer loop
			vertex 5.8800210952759 -2.7156364917755 19.729742050171
			vertex 6.0119013786316 -2.7709248065948 19.824739456177
			vertex 5.7371234893799 -2.4801015853882 20.137701034546
		endloop
	endfacet
	facet normal -0.79684828551814 0.35867304869016 -0.48619590085695
		outer loop
			vertex 5.7919015884399 -2.3186209201813 19.458377838135
			vertex 5.6435761451721 -2.0741395950317 19.881832122803
			vertex 5.7371234893799 -1.9412137269974 19.826574325562
		endloop
	endfacet
	facet normal -0.79684906314113 0.35867226004181 -0.48619520817014
		outer loop
			vertex 5.8800210952759 -2.176748752594 19.418615341187
			vertex 5.7919015884399 -2.3186209201813 19.458377838135
			vertex 5.7371234893799 -1.9412137269974 19.826574325562
		endloop
	endfacet
	facet normal -0.53342224501511 0.63809235948152 -0.5552466562658
		outer loop
			vertex 5.8800210952759 -2.176748752594 19.418615341187
			vertex 5.7371234893799 -1.9412137269974 19.826574325562
			vertex 5.8771271705627 -1.8446880578995 19.803001403809
		endloop
	endfacet
	facet normal -0.86513275115859 -0.063039247837541 -0.4975654490666
		outer loop
			vertex 6.0049200057983 -2.6990621089935 19.136196136475
			vertex 5.7919015884399 -2.3186209201813 19.458377838135
			vertex 6.0327687263489 -2.543936252594 19.068120956421
		endloop
	endfacet
	facet normal -0.73437963000664 0.2832655958295 -0.61680398932778
		outer loop
			vertex 6.0327687263489 -2.543936252594 19.068120956421
			vertex 5.7919015884399 -2.3186209201813 19.458377838135
			vertex 5.8800210952759 -2.176748752594 19.418615341187
		endloop
	endfacet
	facet normal -0.49160298033933 0.58761504436067 -0.64267804487356
		outer loop
			vertex 6.1120743751526 -2.3938190937042 19.042638778687
			vertex 5.8800210952759 -2.176748752594 19.418615341187
			vertex 6.0119013786316 -2.0668339729309 19.41823387146
		endloop
	endfacet
	facet normal -0.53342069860161 0.63809310325293 -0.55524728714728
		outer loop
			vertex 6.0119013786316 -2.0668339729309 19.41823387146
			vertex 5.8800210952759 -2.176748752594 19.418615341187
			vertex 5.8771271705627 -1.8446880578995 19.803001403809
		endloop
	endfacet
	facet normal -0.17285551913573 0.80303167449622 -0.57031666577448
		outer loop
			vertex 6.0119013786316 -2.0668339729309 19.41823387146
			vertex 6.1674652099609 -2.0056099891663 19.457290649414
			vertex 6.2307634353638 -2.2715649604797 19.063629150391
		endloop
	endfacet
	facet normal -0.18755952108911 0.82077998393236 -0.5395754294117
		outer loop
			vertex 6.0119013786316 -2.0668339729309 19.41823387146
			vertex 5.8771271705627 -1.8446880578995 19.803001403809
			vertex 6.042272567749 -1.799257516861 19.814702987671
		endloop
	endfacet
	facet normal -0.18755866034714 0.82078009015075 -0.53957556703478
		outer loop
			vertex 6.0119013786316 -2.0668339729309 19.41823387146
			vertex 6.042272567749 -1.799257516861 19.814702987671
			vertex 6.1674652099609 -2.0056099891663 19.457290649414
		endloop
	endfacet
	facet normal -0.97624120044842 -0.21624532354077 0.013823118091811
		outer loop
			vertex 5.6107268333435 -2.2232284545898 19.960363388062
			vertex 5.6435761451721 -2.3657834529877 20.050212860107
			vertex 5.5599999427795 -1.9657093286514 20.406400680542
		endloop
	endfacet
	facet normal -0.97624113225723 0.12009467504181 -0.18036219314404
		outer loop
			vertex 5.6107268333435 -2.2232284545898 19.960363388062
			vertex 5.5934929847717 -1.8198873996735 20.32221031189
			vertex 5.6435761451721 -2.0741395950317 19.881832122803
		endloop
	endfacet
	facet normal -0.97624101644924 0.12009503018703 -0.18036258349925
		outer loop
			vertex 5.6107268333435 -2.2232284545898 19.960363388062
			vertex 5.5599999427795 -1.9657093286514 20.406400680542
			vertex 5.5934929847717 -1.8198873996735 20.32221031189
		endloop
	endfacet
	facet normal -0.97624100852322 -0.21624612925631 0.01382406811396
		outer loop
			vertex 5.6435761451721 -2.3657834529877 20.050212860107
			vertex 5.5934929847717 -2.1115312576294 20.490591049194
			vertex 5.5599999427795 -1.9657093286514 20.406400680542
		endloop
	endfacet
	facet normal -0.97624095114256 -0.12009467428449 0.1803631739596
		outer loop
			vertex 5.5599999427795 -1.9657093286514 20.406400680542
			vertex 5.5934929847717 -2.1115312576294 20.490591049194
			vertex 5.6107268333435 -1.7081900835037 20.852436065674
		endloop
	endfacet
	facet normal -0.97624109886348 -0.12009422127455 0.18036267603437
		outer loop
			vertex 5.5934929847717 -2.1115312576294 20.490591049194
			vertex 5.6435761451721 -1.8572791814804 20.930967330933
			vertex 5.6107268333435 -1.7081900835037 20.852436065674
		endloop
	endfacet
	facet normal -0.18755697371961 -0.87767636547007 0.4410290002986
		outer loop
			vertex 6.0119013786316 -2.7709248065948 19.824739456177
			vertex 6.1674652099609 -2.76771235466 19.897289276123
			vertex 5.8771271705627 -2.5487787723541 20.209508895874
		endloop
	endfacet
	facet normal -0.79684923836211 -0.60039338873619 0.067520886276731
		outer loop
			vertex 5.8800210952759 -2.7156364917755 19.729742050171
			vertex 5.7371234893799 -2.4801015853882 20.137701034546
			vertex 5.6435761451721 -2.3657834529877 20.050212860107
		endloop
	endfacet
	facet normal -0.82869573174137 -0.52034199869735 0.20617368548212
		outer loop
			vertex 5.6435761451721 -2.3657834529877 20.050212860107
			vertex 5.7371234893799 -2.4801015853882 20.137701034546
			vertex 5.5934929847717 -2.1115312576294 20.490591049194
		endloop
	endfacet
	facet normal -0.53342143579448 -0.79990449488925 0.27498067366803
		outer loop
			vertex 6.0119013786316 -2.7709248065948 19.824739456177
			vertex 5.8771271705627 -2.5487787723541 20.209508895874
			vertex 5.7371234893799 -2.4801015853882 20.137701034546
		endloop
	endfacet
	facet normal -0.82869592147383 -0.52034180661692 0.20617340764338
		outer loop
			vertex 5.7371234893799 -2.4801015853882 20.137701034546
			vertex 5.6888728141785 -2.2351531982422 20.561964035034
			vertex 5.5934929847717 -2.1115312576294 20.490591049194
		endloop
	endfacet
	facet normal -0.55474004853712 -0.74631697182893 0.36779675924229
		outer loop
			vertex 5.7371234893799 -2.4801015853882 20.137701034546
			vertex 5.8771271705627 -2.5487787723541 20.209508895874
			vertex 5.6888728141785 -2.2351531982422 20.561964035034
		endloop
	endfacet
	facet normal -0.55473902696539 -0.746317312758 0.36779760825644
		outer loop
			vertex 5.8771271705627 -2.5487787723541 20.209508895874
			vertex 5.8316192626953 -2.3177547454834 20.6096534729
			vertex 5.6888728141785 -2.2351531982422 20.561964035034
		endloop
	endfacet
	facet normal -0.82869488488135 0.43872375014594 -0.34754317548957
		outer loop
			vertex 5.7371234893799 -1.9412137269974 19.826574325562
			vertex 5.6435761451721 -2.0741395950317 19.881832122803
			vertex 5.6888728141785 -1.6962654590607 20.25083732605
		endloop
	endfacet
	facet normal -0.82869588505752 0.43872276077638 -0.34754203956571
		outer loop
			vertex 5.6435761451721 -2.0741395950317 19.881832122803
			vertex 5.5934929847717 -1.8198873996735 20.32221031189
			vertex 5.6888728141785 -1.6962654590607 20.25083732605
		endloop
	endfacet
	facet normal -0.18755754010871 -0.87767647167401 0.44102854807624
		outer loop
			vertex 5.8771271705627 -2.5487787723541 20.209508895874
			vertex 6.1674652099609 -2.76771235466 19.897289276123
			vertex 6.042272567749 -2.5613598823547 20.254703521729
		endloop
	endfacet
	facet normal -0.19505366951773 -0.85883352668487 0.47366553542526
		outer loop
			vertex 5.8771271705627 -2.5487787723541 20.209508895874
			vertex 6.042272567749 -2.5613598823547 20.254703521729
			vertex 5.8316192626953 -2.3177547454834 20.6096534729
		endloop
	endfacet
	facet normal -0.1950542019842 -0.85883356538765 0.47366524598269
		outer loop
			vertex 6.042272567749 -2.5613598823547 20.254703521729
			vertex 6 -2.3467605113983 20.626399993896
			vertex 5.8316192626953 -2.3177547454834 20.6096534729
		endloop
	endfacet
	facet normal -0.82869580384111 -0.43872211740654 0.34754304538353
		outer loop
			vertex 5.5934929847717 -2.1115312576294 20.490591049194
			vertex 5.6888728141785 -2.2351531982422 20.561964035034
			vertex 5.6435761451721 -1.8572791814804 20.930967330933
		endloop
	endfacet
	facet normal -0.55473874682393 -0.69168069284778 0.46243133751275
		outer loop
			vertex 5.6888728141785 -2.2351531982422 20.561964035034
			vertex 5.8316192626953 -2.3177547454834 20.6096534729
			vertex 5.7371234893799 -1.9902049303055 20.986227035522
		endloop
	endfacet
	facet normal -0.82869684762177 -0.43872108490255 0.34754185993011
		outer loop
			vertex 5.6888728141785 -2.2351531982422 20.561964035034
			vertex 5.7371234893799 -1.9902049303055 20.986227035522
			vertex 5.6435761451721 -1.8572791814804 20.930967330933
		endloop
	endfacet
	facet normal -0.55473632630815 -0.69168166355877 0.46243278924694
		outer loop
			vertex 5.8316192626953 -2.3177547454834 20.6096534729
			vertex 5.8771271705627 -2.0867307186127 21.009798049927
			vertex 5.7371234893799 -1.9902049303055 20.986227035522
		endloop
	endfacet
	facet normal -0.53341719613478 -0.63809468950425 0.55524882898948
		outer loop
			vertex 5.7371234893799 -1.9902049303055 20.986227035522
			vertex 5.8771271705627 -2.0867307186127 21.009798049927
			vertex 5.8800210952759 -1.7546699047089 21.394184112549
		endloop
	endfacet
	facet normal -0.19505420313976 -0.83962218021537 0.50694028477514
		outer loop
			vertex 5.8316192626953 -2.3177547454834 20.6096534729
			vertex 6 -2.3467605113983 20.626399993896
			vertex 5.8771271705627 -2.0867307186127 21.009798049927
		endloop
	endfacet
	facet normal -0.19505470624673 -0.83962216636133 0.50694011414141
		outer loop
			vertex 5.8771271705627 -2.0867307186127 21.009798049927
			vertex 6 -2.3467605113983 20.626399993896
			vertex 6.042272567749 -2.1321611404419 20.998096466064
		endloop
	endfacet
	facet normal -0.18755938427903 -0.82078118284121 0.53957365323249
		outer loop
			vertex 5.8771271705627 -2.0867307186127 21.009798049927
			vertex 6.042272567749 -2.1321611404419 20.998096466064
			vertex 6.0119013786316 -1.8645846843719 21.394567489624
		endloop
	endfacet
	facet normal -0.53342636802412 -0.63809027813977 0.55524508718232
		outer loop
			vertex 5.8771271705627 -2.0867307186127 21.009798049927
			vertex 6.0119013786316 -1.8645846843719 21.394567489624
			vertex 5.8800210952759 -1.7546699047089 21.394184112549
		endloop
	endfacet
	facet normal -0.18755956932004 -0.82078116000639 0.53957362364653
		outer loop
			vertex 6.042272567749 -2.1321611404419 20.998096466064
			vertex 6.1674652099609 -1.9258086681366 21.35551071167
			vertex 6.0119013786316 -1.8645846843719 21.394567489624
		endloop
	endfacet
	facet normal -0.97624101339047 0.21624610440804 -0.013824113088729
		outer loop
			vertex 5.5599999427795 -1.9657093286514 20.406400680542
			vertex 5.6435761451721 -1.5656352043152 20.762586593628
			vertex 5.5934929847717 -1.8198873996735 20.32221031189
		endloop
	endfacet
	facet normal -0.97624118167392 0.21624539794294 -0.013823280088643
		outer loop
			vertex 5.5599999427795 -1.9657093286514 20.406400680542
			vertex 5.6107268333435 -1.7081900835037 20.852436065674
			vertex 5.6435761451721 -1.5656352043152 20.762586593628
		endloop
	endfacet
	facet normal -0.55474300580409 0.69167799470035 -0.4624302641034
		outer loop
			vertex 5.7371234893799 -1.9412137269974 19.826574325562
			vertex 5.6888728141785 -1.6962654590607 20.25083732605
			vertex 5.8316192626953 -1.6136639118195 20.203145980835
		endloop
	endfacet
	facet normal -0.55474015776036 0.691679136876 -0.46243197227104
		outer loop
			vertex 5.8771271705627 -1.8446880578995 19.803001403809
			vertex 5.7371234893799 -1.9412137269974 19.826574325562
			vertex 5.8316192626953 -1.6136639118195 20.203145980835
		endloop
	endfacet
	facet normal -0.82869591290975 0.52034186454821 -0.20617329585852
		outer loop
			vertex 5.5934929847717 -1.8198873996735 20.32221031189
			vertex 5.7371234893799 -1.451317191124 20.675100326538
			vertex 5.6888728141785 -1.6962654590607 20.25083732605
		endloop
	endfacet
	facet normal -0.82869436679892 0.52034342978687 -0.20617555993226
		outer loop
			vertex 5.5934929847717 -1.8198873996735 20.32221031189
			vertex 5.6435761451721 -1.5656352043152 20.762586593628
			vertex 5.7371234893799 -1.451317191124 20.675100326538
		endloop
	endfacet
	facet normal -0.55474236834131 0.74631619763431 -0.36779483127926
		outer loop
			vertex 5.8316192626953 -1.6136639118195 20.203145980835
			vertex 5.6888728141785 -1.6962654590607 20.25083732605
			vertex 5.8771271705627 -1.3826398849487 20.60329246521
		endloop
	endfacet
	facet normal -0.55474044820964 0.74631683844577 -0.36779642707955
		outer loop
			vertex 5.8771271705627 -1.3826398849487 20.60329246521
			vertex 5.6888728141785 -1.6962654590607 20.25083732605
			vertex 5.7371234893799 -1.451317191124 20.675100326538
		endloop
	endfacet
	facet normal -0.19505420232802 0.83962206840878 -0.5069404702676
		outer loop
			vertex 5.8771271705627 -1.8446880578995 19.803001403809
			vertex 5.8316192626953 -1.6136639118195 20.203145980835
			vertex 6 -1.5846581459045 20.186399459839
		endloop
	endfacet
	facet normal -0.19505527784238 0.83962203879215 -0.50694010549605
		outer loop
			vertex 5.8771271705627 -1.8446880578995 19.803001403809
			vertex 6 -1.5846581459045 20.186399459839
			vertex 6.042272567749 -1.799257516861 19.814702987671
		endloop
	endfacet
	facet normal -0.19505419409591 0.85883458313214 -0.47366340388703
		outer loop
			vertex 5.8316192626953 -1.6136639118195 20.203145980835
			vertex 6.042272567749 -1.3700587749481 20.558097839355
			vertex 6 -1.5846581459045 20.186399459839
		endloop
	endfacet
	facet normal -0.1950532953876 0.85883451781043 -0.47366389241292
		outer loop
			vertex 5.8316192626953 -1.6136639118195 20.203145980835
			vertex 5.8771271705627 -1.3826398849487 20.60329246521
			vertex 6.042272567749 -1.3700587749481 20.558097839355
		endloop
	endfacet
	facet normal -0.93872459952164 0.31054972589653 0.14951586537397
		outer loop
			vertex 5.6107268333435 -1.7081900835037 20.852436065674
			vertex 5.7919015884399 -1.3211538791656 21.186040878296
			vertex 5.6435761451721 -1.5656352043152 20.762586593628
		endloop
	endfacet
	facet normal -0.93872464762997 -0.025790805735933 0.34370171700397
		outer loop
			vertex 5.6107268333435 -1.7081900835037 20.852436065674
			vertex 5.6435761451721 -1.8572791814804 20.930967330933
			vertex 5.7609581947327 -1.4605672359467 21.281332015991
		endloop
	endfacet
	facet normal -0.79685099789592 -0.35866886903162 0.48619453878037
		outer loop
			vertex 5.6435761451721 -1.8572791814804 20.930967330933
			vertex 5.7371234893799 -1.9902049303055 20.986227035522
			vertex 5.7919015884399 -1.6127977371216 21.354421615601
		endloop
	endfacet
	facet normal -0.9387243854031 -0.025791471715274 0.3437023832276
		outer loop
			vertex 5.6435761451721 -1.8572791814804 20.930967330933
			vertex 5.7919015884399 -1.6127977371216 21.354421615601
			vertex 5.7609581947327 -1.4605672359467 21.281332015991
		endloop
	endfacet
	facet normal -0.93872455728293 0.31055004015094 0.14951547784832
		outer loop
			vertex 5.6107268333435 -1.7081900835037 20.852436065674
			vertex 5.7609581947327 -1.4605672359467 21.281332015991
			vertex 5.7919015884399 -1.3211538791656 21.186040878296
		endloop
	endfacet
	facet normal -0.79684846185345 -0.35867144103451 0.48619679783809
		outer loop
			vertex 5.7371234893799 -1.9902049303055 20.986227035522
			vertex 5.8800210952759 -1.7546699047089 21.394184112549
			vertex 5.7919015884399 -1.6127977371216 21.354421615601
		endloop
	endfacet
	facet normal -0.79684876344141 0.6003938926641 -0.067522010141472
		outer loop
			vertex 5.7371234893799 -1.451317191124 20.675100326538
			vertex 5.6435761451721 -1.5656352043152 20.762586593628
			vertex 5.8800210952759 -1.2157820463181 21.083057403564
		endloop
	endfacet
	facet normal -0.53342213308123 0.7999037859678 -0.27498138324884
		outer loop
			vertex 5.8771271705627 -1.3826398849487 20.60329246521
			vertex 5.7371234893799 -1.451317191124 20.675100326538
			vertex 6.0119013786316 -1.160493850708 20.988059997559
		endloop
	endfacet
	facet normal -0.53342171362942 0.79990390201013 -0.27498185936099
		outer loop
			vertex 5.7371234893799 -1.451317191124 20.675100326538
			vertex 5.8800210952759 -1.2157820463181 21.083057403564
			vertex 6.0119013786316 -1.160493850708 20.988059997559
		endloop
	endfacet
	facet normal -0.79684959229778 0.60039297413999 -0.067520395868192
		outer loop
			vertex 5.6435761451721 -1.5656352043152 20.762586593628
			vertex 5.7919015884399 -1.3211538791656 21.186040878296
			vertex 5.8800210952759 -1.2157820463181 21.083057403564
		endloop
	endfacet
	facet normal -0.18755708932288 0.87767551055661 -0.44103065246525
		outer loop
			vertex 5.8771271705627 -1.3826398849487 20.60329246521
			vertex 6.0119013786316 -1.160493850708 20.988059997559
			vertex 6.1674652099609 -1.1637064218521 20.915510177612
		endloop
	endfacet
	facet normal -0.18755788109351 0.8776756590242 -0.44103002028905
		outer loop
			vertex 5.8771271705627 -1.3826398849487 20.60329246521
			vertex 6.1674652099609 -1.1637064218521 20.915510177612
			vertex 6.042272567749 -1.3700587749481 20.558097839355
		endloop
	endfacet
	facet normal -0.73438075931122 0.67579944173518 0.06308735930356
		outer loop
			vertex 5.8800210952759 -1.2157820463181 21.083057403564
			vertex 5.7919015884399 -1.3211538791656 21.186040878296
			vertex 6.1120743751526 -0.99871176481247 21.459035873413
		endloop
	endfacet
	facet normal -0.49160396630293 0.85038261443289 -0.18754985839904
		outer loop
			vertex 6.0119013786316 -1.160493850708 20.988059997559
			vertex 5.8800210952759 -1.2157820463181 21.083057403564
			vertex 6.2307634353638 -0.95576304197311 21.342664718628
		endloop
	endfacet
	facet normal -0.49160469607169 0.85038244699148 -0.18754870473836
		outer loop
			vertex 5.8800210952759 -1.2157820463181 21.083057403564
			vertex 6.1120743751526 -0.99871176481247 21.459035873413
			vertex 6.2307634353638 -0.95576304197311 21.342664718628
		endloop
	endfacet
	facet normal -0.86513316254024 0.063040206544691 0.49756461231876
		outer loop
			vertex 5.7609581947327 -1.4605672359467 21.281332015991
			vertex 5.7919015884399 -1.6127977371216 21.354421615601
			vertex 6.0049200057983 -1.2323566675186 21.676603317261
		endloop
	endfacet
	facet normal -0.86513375239333 0.39938248790343 0.30337636497575
		outer loop
			vertex 5.7609581947327 -1.4605672359467 21.281332015991
			vertex 6.0327687263489 -1.0958385467529 21.576299667358
			vertex 5.7919015884399 -1.3211538791656 21.186040878296
		endloop
	endfacet
	facet normal -0.49160919192477 -0.58761134968981 0.64267667153149
		outer loop
			vertex 5.8800210952759 -1.7546699047089 21.394184112549
			vertex 6.0119013786316 -1.8645846843719 21.394567489624
			vertex 6.1120743751526 -1.5375994443893 21.770162582397
		endloop
	endfacet
	facet normal -0.73438065404656 -0.28326671804216 0.61680225470711
		outer loop
			vertex 5.7919015884399 -1.6127977371216 21.354421615601
			vertex 5.8800210952759 -1.7546699047089 21.394184112549
			vertex 6.0327687263489 -1.3874824047089 21.744680404663
		endloop
	endfacet
	facet normal -0.73438100764139 -0.2832663363924 0.61680200898055
		outer loop
			vertex 5.8800210952759 -1.7546699047089 21.394184112549
			vertex 6.1120743751526 -1.5375994443893 21.770162582397
			vertex 6.0327687263489 -1.3874824047089 21.744680404663
		endloop
	endfacet
	facet normal -0.17285559910894 -0.80303177339894 0.57031650227611
		outer loop
			vertex 6.0119013786316 -1.8645846843719 21.394567489624
			vertex 6.1674652099609 -1.9258086681366 21.35551071167
			vertex 6.2307634353638 -1.6598538160324 21.749172210693
		endloop
	endfacet
	facet normal -0.49160594398877 -0.58761322694299 0.64267743958891
		outer loop
			vertex 6.0119013786316 -1.8645846843719 21.394567489624
			vertex 6.2307634353638 -1.6598538160324 21.749172210693
			vertex 6.1120743751526 -1.5375994443893 21.770162582397
		endloop
	endfacet
	facet normal -0.86513458713865 0.063043449909938 0.49756172437186
		outer loop
			vertex 5.7919015884399 -1.6127977371216 21.354421615601
			vertex 6.0327687263489 -1.3874824047089 21.744680404663
			vertex 6.0049200057983 -1.2323566675186 21.676603317261
		endloop
	endfacet
	facet normal -0.86513377831888 0.39938126436102 0.30337790178108
		outer loop
			vertex 5.7609581947327 -1.4605672359467 21.281332015991
			vertex 6.0049200057983 -1.2323566675186 21.676603317261
			vertex 6.0327687263489 -1.0958385467529 21.576299667358
		endloop
	endfacet
	facet normal -0.73438042072494 0.67579989693116 0.063086424559441
		outer loop
			vertex 5.7919015884399 -1.3211538791656 21.186040878296
			vertex 6.0327687263489 -1.0958385467529 21.576299667358
			vertex 6.1120743751526 -0.99871176481247 21.459035873413
		endloop
	endfacet
	facet normal -0.75829732564836 0.14299170614497 0.63603344085692
		outer loop
			vertex 6.0049200057983 -1.2323566675186 21.676603317261
			vertex 6.0327687263489 -1.3874824047089 21.744680404663
			vertex 6.3332381248474 -1.0323283672333 22.023063659668
		endloop
	endfacet
	facet normal -0.75829656728405 0.47932697850196 0.44185061245335
		outer loop
			vertex 6.0049200057983 -1.2323566675186 21.676603317261
			vertex 6.3569211959839 -0.89834797382355 21.918363571167
			vertex 6.0327687263489 -1.0958385467529 21.576299667358
		endloop
	endfacet
	facet normal -0.4624231873158 -0.26440122367811 -0.84631955474881
		outer loop
			vertex 6.7332944869995 -3.0632491111755 18.505405426025
			vertex 6.7519021034241 -2.9035029411316 18.445331573486
			vertex 7.1897158622742 -3.185230255127 18.294128417969
		endloop
	endfacet
	facet normal -0.46242355450378 -0.60073197689527 -0.65213920919968
		outer loop
			vertex 6.7332944869995 -3.0632491111755 18.505405426025
			vertex 7.1897158622742 -3.185230255127 18.294128417969
			vertex 7.2025327682495 -3.3155806064606 18.405115127563
		endloop
	endfacet
	facet normal -0.39253292127672 0.1123492180005 -0.91285023904726
		outer loop
			vertex 6.7519021034241 -2.9035029411316 18.445331573486
			vertex 6.804892539978 -2.7402284145355 18.442640304565
			vertex 7.2025327682495 -3.0239365100861 18.236734390259
		endloop
	endfacet
	facet normal -0.26276885730952 0.47319510472993 -0.84085606407273
		outer loop
			vertex 6.804892539978 -2.7402284145355 18.442640304565
			vertex 6.8841981887817 -2.5982823371887 18.497737884521
			vertex 7.2390332221985 -2.8562548160553 18.241676330566
		endloop
	endfacet
	facet normal -0.46242452208619 -0.26440418609628 -0.84631789993366
		outer loop
			vertex 6.7519021034241 -2.9035029411316 18.445331573486
			vertex 7.2025327682495 -3.0239365100861 18.236734390259
			vertex 7.1897158622742 -3.185230255127 18.294128417969
		endloop
	endfacet
	facet normal -0.39253300816372 0.11234908131437 -0.91285021850781
		outer loop
			vertex 6.804892539978 -2.7402284145355 18.442640304565
			vertex 7.2390332221985 -2.8562548160553 18.241676330566
			vertex 7.2025327682495 -3.0239365100861 18.236734390259
		endloop
	endfacet
	facet normal -0.26277147310018 0.47319227565763 -0.84085683869652
		outer loop
			vertex 7.2936601638794 -2.7077131271362 18.308197021484
			vertex 7.2390332221985 -2.8562548160553 18.241676330566
			vertex 6.8841981887817 -2.5982823371887 18.497737884521
		endloop
	endfacet
	facet normal -0.092394653945215 0.76280047009928 -0.63999896151374
		outer loop
			vertex 7.2936601638794 -2.7077131271362 18.308197021484
			vertex 6.8841981887817 -2.5982823371887 18.497737884521
			vertex 6.9777455329895 -2.4992747306824 18.602237701416
		endloop
	endfacet
	facet normal -0.75829547081373 -0.47932859755043 -0.44185073782186
		outer loop
			vertex 6.0049200057983 -2.6990621089935 19.136196136475
			vertex 6.3332381248474 -2.8990902900696 18.789737701416
			vertex 6.3569211959839 -3.03307056427 18.894437789917
		endloop
	endfacet
	facet normal -0.6436906120413 -0.74366296480075 -0.18063164383257
		outer loop
			vertex 6.0327687263489 -2.8355801105499 19.236501693726
			vertex 6.3569211959839 -3.03307056427 18.894437789917
			vertex 6.4243650436401 -3.1229705810547 19.024217605591
		endloop
	endfacet
	facet normal -0.75829653602716 -0.14298999943911 -0.63603476595985
		outer loop
			vertex 6.0327687263489 -2.543936252594 19.068120956421
			vertex 6.3569211959839 -2.7414267063141 18.726057052612
			vertex 6.3332381248474 -2.8990902900696 18.789737701416
		endloop
	endfacet
	facet normal -0.43089539209879 -0.89581128340915 0.1088637018702
		outer loop
			vertex 6.1120743751526 -2.9327068328857 19.353765487671
			vertex 6.4243650436401 -3.1229705810547 19.024217605591
			vertex 6.5253019332886 -3.1551036834717 19.159322738647
		endloop
	endfacet
	facet normal -0.5282627391312 -0.80137815955722 -0.28059138231651
		outer loop
			vertex 6.7519021034241 -3.1951470375061 18.613712310791
			vertex 6.804892539978 -3.279116153717 18.75376701355
			vertex 6.3569211959839 -3.03307056427 18.894437789917
		endloop
	endfacet
	facet normal -0.52826312248845 -0.80137640464394 -0.28059567263004
		outer loop
			vertex 6.804892539978 -3.279116153717 18.75376701355
			vertex 6.4243650436401 -3.1229705810547 19.024217605591
			vertex 6.3569211959839 -3.03307056427 18.894437789917
		endloop
	endfacet
	facet normal -0.35362654882265 -0.93444564793245 0.041947527077059
		outer loop
			vertex 6.4243650436401 -3.1229705810547 19.024217605591
			vertex 6.8841981887817 -3.3023729324341 18.904245376587
			vertex 6.5253019332886 -3.1551036834717 19.159322738647
		endloop
	endfacet
	facet normal -0.62231877579272 -0.54731684395286 -0.55961023366387
		outer loop
			vertex 6.7519021034241 -3.1951470375061 18.613712310791
			vertex 6.3569211959839 -3.03307056427 18.894437789917
			vertex 6.3332381248474 -2.8990902900696 18.789737701416
		endloop
	endfacet
	facet normal -0.62231848247964 -0.21097936849025 -0.7537953385606
		outer loop
			vertex 6.7332944869995 -3.0632491111755 18.505405426025
			vertex 6.3332381248474 -2.8990902900696 18.789737701416
			vertex 6.3569211959839 -2.7414267063141 18.726057052612
		endloop
	endfacet
	facet normal -0.52826598461093 0.15768338970979 -0.83430869473635
		outer loop
			vertex 6.7519021034241 -2.9035029411316 18.445331573486
			vertex 6.3569211959839 -2.7414267063141 18.726057052612
			vertex 6.4243650436401 -2.5840828418732 18.713090896606
		endloop
	endfacet
	facet normal -0.62231842721728 -0.54731511536837 -0.55961231190452
		outer loop
			vertex 6.7332944869995 -3.0632491111755 18.505405426025
			vertex 6.7519021034241 -3.1951470375061 18.613712310791
			vertex 6.3332381248474 -2.8990902900696 18.789737701416
		endloop
	endfacet
	facet normal -0.6223193325496 -0.2109811941844 -0.75379412576349
		outer loop
			vertex 6.7332944869995 -3.0632491111755 18.505405426025
			vertex 6.3569211959839 -2.7414267063141 18.726057052612
			vertex 6.7519021034241 -2.9035029411316 18.445331573486
		endloop
	endfacet
	facet normal -0.52825861197736 0.15769329369866 -0.83431149098776
		outer loop
			vertex 6.7519021034241 -2.9035029411316 18.445331573486
			vertex 6.4243650436401 -2.5840828418732 18.713090896606
			vertex 6.804892539978 -2.7402284145355 18.442640304565
		endloop
	endfacet
	facet normal -0.64369022633814 -0.74366371970571 -0.18062991034215
		outer loop
			vertex 6.0327687263489 -2.8355801105499 19.236501693726
			vertex 6.4243650436401 -3.1229705810547 19.024217605591
			vertex 6.1120743751526 -2.9327068328857 19.353765487671
		endloop
	endfacet
	facet normal -0.43089533238979 -0.8958112950861 0.10886384211879
		outer loop
			vertex 6.1120743751526 -2.9327068328857 19.353765487671
			vertex 6.5253019332886 -3.1551036834717 19.159322738647
			vertex 6.2307634353638 -2.9756555557251 19.470136642456
		endloop
	endfacet
	facet normal -0.17285211516414 -0.89542398412489 0.41029018381773
		outer loop
			vertex 6.0119013786316 -2.7709248065948 19.824739456177
			vertex 6.2307634353638 -2.9756555557251 19.470136642456
			vertex 6.3707666397095 -2.9578876495361 19.567895889282
		endloop
	endfacet
	facet normal -0.17285392608207 -0.89542459137433 0.41028809561104
		outer loop
			vertex 6.0119013786316 -2.7709248065948 19.824739456177
			vertex 6.3707666397095 -2.9578876495361 19.567895889282
			vertex 6.1674652099609 -2.76771235466 19.897289276123
		endloop
	endfacet
	facet normal -0.15150772956069 -0.91139824810499 0.38262075379481
		outer loop
			vertex 6.5253019332886 -3.1551036834717 19.159322738647
			vertex 6.6443653106689 -3.124577999115 19.279180526733
			vertex 6.2307634353638 -2.9756555557251 19.470136642456
		endloop
	endfacet
	facet normal -0.15150619519021 -0.91139738917668 0.38262340730923
		outer loop
			vertex 6.6443653106689 -3.124577999115 19.279180526733
			vertex 6.3707666397095 -2.9578876495361 19.567895889282
			vertex 6.2307634353638 -2.9756555557251 19.470136642456
		endloop
	endfacet
	facet normal -0.64369339720521 0.21539783369407 -0.73434500313838
		outer loop
			vertex 6.1120743751526 -2.3938190937042 19.042638778687
			vertex 6.4243650436401 -2.5840828418732 18.713090896606
			vertex 6.3569211959839 -2.7414267063141 18.726057052612
		endloop
	endfacet
	facet normal -0.64369006714539 0.215401782781 -0.73434676375207
		outer loop
			vertex 6.0327687263489 -2.543936252594 19.068120956421
			vertex 6.1120743751526 -2.3938190937042 19.042638778687
			vertex 6.3569211959839 -2.7414267063141 18.726057052612
		endloop
	endfacet
	facet normal -0.43089685912941 0.54218532802263 -0.72136188343258
		outer loop
			vertex 6.1120743751526 -2.3938190937042 19.042638778687
			vertex 6.2307634353638 -2.2715649604797 19.063629150391
			vertex 6.4243650436401 -2.5840828418732 18.713090896606
		endloop
	endfacet
	facet normal -0.43089464502332 0.54218687712658 -0.72136204166976
		outer loop
			vertex 6.5253019332886 -2.4510128498077 18.752815246582
			vertex 6.4243650436401 -2.5840828418732 18.713090896606
			vertex 6.2307634353638 -2.2715649604797 19.063629150391
		endloop
	endfacet
	facet normal -0.1515095169088 0.78705865044587 -0.59798289862202
		outer loop
			vertex 6.5253019332886 -2.4510128498077 18.752815246582
			vertex 6.2307634353638 -2.2715649604797 19.063629150391
			vertex 6.3707666397095 -2.1957852840424 19.127897262573
		endloop
	endfacet
	facet normal -0.3536237373746 0.50355160299856 -0.78828042946834
		outer loop
			vertex 6.804892539978 -2.7402284145355 18.442640304565
			vertex 6.4243650436401 -2.5840828418732 18.713090896606
			vertex 6.5253019332886 -2.4510128498077 18.752815246582
		endloop
	endfacet
	facet normal -0.15151016035462 0.78705843602091 -0.59798301781709
		outer loop
			vertex 6.5253019332886 -2.4510128498077 18.752815246582
			vertex 6.3707666397095 -2.1957852840424 19.127897262573
			vertex 6.6443653106689 -2.3624756336212 18.839179992676
		endloop
	endfacet
	facet normal -0.17285538227555 0.80303170496539 -0.57031666435301
		outer loop
			vertex 6.2307634353638 -2.2715649604797 19.063629150391
			vertex 6.1674652099609 -2.0056099891663 19.457290649414
			vertex 6.3707666397095 -2.1957852840424 19.127897262573
		endloop
	endfacet
	facet normal -0.46242410666134 -0.60073384226723 -0.65213709933825
		outer loop
			vertex 6.7332944869995 -3.0632491111755 18.505405426025
			vertex 7.2025327682495 -3.3155806064606 18.405115127563
			vertex 6.7519021034241 -3.1951470375061 18.613712310791
		endloop
	endfacet
	facet normal -0.35362627609245 -0.93444570067661 0.041948651277319
		outer loop
			vertex 6.804892539978 -3.279116153717 18.75376701355
			vertex 6.8841981887817 -3.3023729324341 18.904245376587
			vertex 6.4243650436401 -3.1229705810547 19.024217605591
		endloop
	endfacet
	facet normal -0.12433997825842 -0.92498217940609 0.35909265877744
		outer loop
			vertex 6.5253019332886 -3.1551036834717 19.159322738647
			vertex 6.9777455329895 -3.2613770961761 19.042238235474
			vertex 6.6443653106689 -3.124577999115 19.279180526733
		endloop
	endfacet
	facet normal -0.12434021801672 -0.92498242153419 0.35909195206283
		outer loop
			vertex 6.5253019332886 -3.1551036834717 19.159322738647
			vertex 6.8841981887817 -3.3023729324341 18.904245376587
			vertex 6.9777455329895 -3.2613770961761 19.042238235474
		endloop
	endfacet
	facet normal -0.26276781609899 -0.96480056745964 -0.010627316318066
		outer loop
			vertex 6.804892539978 -3.279116153717 18.75376701355
			vertex 7.2936601638794 -3.4118039608002 18.71470451355
			vertex 6.8841981887817 -3.3023729324341 18.904245376587
		endloop
	endfacet
	facet normal -0.39253385529834 -0.84672392768088 -0.35913195727656
		outer loop
			vertex 6.7519021034241 -3.1951470375061 18.613712310791
			vertex 7.2390332221985 -3.3951425552368 18.552803039551
			vertex 6.804892539978 -3.279116153717 18.75376701355
		endloop
	endfacet
	facet normal -0.39253388004718 -0.84672417069567 -0.35913135727034
		outer loop
			vertex 6.7519021034241 -3.1951470375061 18.613712310791
			vertex 7.2025327682495 -3.3155806064606 18.405115127563
			vertex 7.2390332221985 -3.3951425552368 18.552803039551
		endloop
	endfacet
	facet normal -0.26276788208054 -0.96480053934289 -0.010628237416268
		outer loop
			vertex 6.804892539978 -3.279116153717 18.75376701355
			vertex 7.2390332221985 -3.3951425552368 18.552803039551
			vertex 7.2936601638794 -3.4118039608002 18.71470451355
		endloop
	endfacet
	facet normal -0.092392381758795 -0.9356558599962 0.34060499034469
		outer loop
			vertex 6.8841981887817 -3.3023729324341 18.904245376587
			vertex 7.3580965995789 -3.363028049469 18.866172790527
			vertex 6.9777455329895 -3.2613770961761 19.042238235474
		endloop
	endfacet
	facet normal -0.35362601443134 0.50354964654542 -0.78828065774912
		outer loop
			vertex 6.804892539978 -2.7402284145355 18.442640304565
			vertex 6.5253019332886 -2.4510128498077 18.752815246582
			vertex 6.8841981887817 -2.5982823371887 18.497737884521
		endloop
	endfacet
	facet normal -0.12433965543171 0.7734730933054 -0.62151349464006
		outer loop
			vertex 6.5253019332886 -2.4510128498077 18.752815246582
			vertex 6.6443653106689 -2.3624756336212 18.839179992676
			vertex 6.8841981887817 -2.5982823371887 18.497737884521
		endloop
	endfacet
	facet normal -0.12433981553222 0.77347301864018 -0.62151355553122
		outer loop
			vertex 6.6443653106689 -2.3624756336212 18.839179992676
			vertex 6.9777455329895 -2.4992747306824 18.602237701416
			vertex 6.8841981887817 -2.5982823371887 18.497737884521
		endloop
	endfacet
	facet normal -0.28475756535384 -0.63752743443717 -0.71587142652414
		outer loop
			vertex 7.1897158622742 -3.185230255127 18.294128417969
			vertex 7.6914958953857 -3.3897430896759 18.276662826538
			vertex 7.2025327682495 -3.3155806064606 18.405115127563
		endloop
	endfacet
	facet normal -0.24172076741887 -0.8779586703795 -0.41323073905979
		outer loop
			vertex 7.2025327682495 -3.3155806064606 18.405115127563
			vertex 7.7101035118103 -3.4665913581848 18.429050445557
			vertex 7.2390332221985 -3.3951425552368 18.552803039551
		endloop
	endfacet
	facet normal -0.28475981546527 -0.30120000204246 -0.91004967241674
		outer loop
			vertex 7.6849613189697 -3.2603459358215 18.164024353027
			vertex 7.1897158622742 -3.185230255127 18.294128417969
			vertex 7.2025327682495 -3.0239365100861 18.236734390259
		endloop
	endfacet
	facet normal -0.24171822644993 0.081114610134586 -0.96695021538061
		outer loop
			vertex 7.2390332221985 -2.8562548160553 18.241676330566
			vertex 7.6914958953857 -3.09809923172 18.108282089233
			vertex 7.2025327682495 -3.0239365100861 18.236734390259
		endloop
	endfacet
	facet normal -0.16181240532795 0.45228261700994 -0.87707307553739
		outer loop
			vertex 7.2936601638794 -2.7077131271362 18.308197021484
			vertex 7.7101035118103 -2.9277036190033 18.117923736572
			vertex 7.2390332221985 -2.8562548160553 18.241676330566
		endloop
	endfacet
	facet normal -0.24172028374062 -0.87795748775691 -0.41323353460233
		outer loop
			vertex 7.2025327682495 -3.3155806064606 18.405115127563
			vertex 7.6914958953857 -3.3897430896759 18.276662826538
			vertex 7.7101035118103 -3.4665913581848 18.429050445557
		endloop
	endfacet
	facet normal -0.28475939152253 -0.63753235097726 -0.71586632159722
		outer loop
			vertex 7.6849613189697 -3.2603459358215 18.164024353027
			vertex 7.6914958953857 -3.3897430896759 18.276662826538
			vertex 7.1897158622742 -3.185230255127 18.294128417969
		endloop
	endfacet
	facet normal -0.28475703162675 -0.30119337914031 -0.91005273545063
		outer loop
			vertex 7.6849613189697 -3.2603459358215 18.164024353027
			vertex 7.2025327682495 -3.0239365100861 18.236734390259
			vertex 7.6914958953857 -3.09809923172 18.108282089233
		endloop
	endfacet
	facet normal -0.24172048996455 0.081110264337469 -0.96695001409091
		outer loop
			vertex 7.2390332221985 -2.8562548160553 18.241676330566
			vertex 7.7101035118103 -2.9277036190033 18.117923736572
			vertex 7.6914958953857 -3.09809923172 18.108282089233
		endloop
	endfacet
	facet normal -0.056895449330188 0.75544876515502 -0.6527327715622
		outer loop
			vertex 7.2936601638794 -2.7077131271362 18.308197021484
			vertex 7.3580965995789 -2.6009256839752 18.42617225647
			vertex 7.7379517555237 -2.7751004695892 18.191478729248
		endloop
	endfacet
	facet normal -0.16181400974702 0.45228033957916 -0.87707395393989
		outer loop
			vertex 7.2936601638794 -2.7077131271362 18.308197021484
			vertex 7.7379517555237 -2.7751004695892 18.191478729248
			vertex 7.7101035118103 -2.9277036190033 18.117923736572
		endloop
	endfacet
	facet normal -0.056893821824074 0.75545022659224 -0.65273122200488
		outer loop
			vertex 7.7379517555237 -2.7751004695892 18.191478729248
			vertex 7.3580965995789 -2.6009256839752 18.42617225647
			vertex 7.7708010673523 -2.6635220050812 18.317752838135
		endloop
	endfacet
	facet normal -0.092394177287256 0.76280077573081 -0.63999866605164
		outer loop
			vertex 7.2936601638794 -2.7077131271362 18.308197021484
			vertex 6.9777455329895 -2.4992747306824 18.602237701416
			vertex 7.3580965995789 -2.6009256839752 18.42617225647
		endloop
	endfacet
	facet normal -0.096151209372621 -0.65629023268572 -0.74835691713079
		outer loop
			vertex 7.6849613189697 -3.2603459358215 18.164024353027
			vertex 8.1999998092651 -3.4147849082947 18.233289718628
			vertex 7.6914958953857 -3.3897430896759 18.276662826538
		endloop
	endfacet
	facet normal -0.081619436621106 -0.89388046524454 -0.44081286439924
		outer loop
			vertex 7.6914958953857 -3.3897430896759 18.276662826538
			vertex 8.1999998092651 -3.4907166957855 18.387264251709
			vertex 7.7101035118103 -3.4665913581848 18.429050445557
		endloop
	endfacet
	facet normal -0.096153580426907 -0.31995165805774 -0.94254200196977
		outer loop
			vertex 7.6849613189697 -3.2603459358215 18.164024353027
			vertex 7.6914958953857 -3.09809923172 18.108282089233
			vertex 8.1999998092651 -3.2857093811035 18.120092391968
		endloop
	endfacet
	facet normal -0.081618729489822 0.065187318390664 -0.99452953526655
		outer loop
			vertex 7.7101035118103 -2.9277036190033 18.117923736572
			vertex 8.1999998092651 -3.1231408119202 18.064908981323
			vertex 7.6914958953857 -3.09809923172 18.108282089233
		endloop
	endfacet
	facet normal -0.054637703150605 0.44162094150355 -0.89553652377776
		outer loop
			vertex 7.7379517555237 -2.7751004695892 18.191478729248
			vertex 8.1999998092651 -2.951828956604 18.076137542725
			vertex 7.7101035118103 -2.9277036190033 18.117923736572
		endloop
	endfacet
	facet normal -0.019209496565881 0.7517022879851 -0.65922277378718
		outer loop
			vertex 7.7379517555237 -2.7751004695892 18.191478729248
			vertex 7.7708010673523 -2.6635220050812 18.317752838135
			vertex 8.1999998092651 -2.7978541851044 18.152069091797
		endloop
	endfacet
	facet normal -0.096150695578887 -0.31994402061324 -0.94254488880558
		outer loop
			vertex 7.6914958953857 -3.09809923172 18.108282089233
			vertex 8.1999998092651 -3.1231408119202 18.064908981323
			vertex 8.1999998092651 -3.2857093811035 18.120092391968
		endloop
	endfacet
	facet normal -0.081619458625029 -0.89388049826047 -0.44081279337535
		outer loop
			vertex 7.6914958953857 -3.3897430896759 18.276662826538
			vertex 8.1999998092651 -3.4147849082947 18.233289718628
			vertex 8.1999998092651 -3.4907166957855 18.387264251709
		endloop
	endfacet
	facet normal -0.096153012397721 -0.65629447363366 -0.74835296624304
		outer loop
			vertex 7.6849613189697 -3.2603459358215 18.164024353027
			vertex 8.1999998092651 -3.2857093811035 18.120092391968
			vertex 8.1999998092651 -3.4147849082947 18.233289718628
		endloop
	endfacet
	facet normal -0.054637217732241 -0.99636842358453 -0.065304968587118
		outer loop
			vertex 7.7101035118103 -3.4665913581848 18.429050445557
			vertex 8.1999998092651 -3.4907166957855 18.387264251709
			vertex 8.1999998092651 -3.5019450187683 18.558576583862
		endloop
	endfacet
	facet normal -0.081619255785426 0.065186010676668 -0.99452957778896
		outer loop
			vertex 7.7101035118103 -2.9277036190033 18.117923736572
			vertex 8.1999998092651 -2.951828956604 18.076137542725
			vertex 8.1999998092651 -3.1231408119202 18.064908981323
		endloop
	endfacet
	facet normal -0.05463509097467 0.44162618675994 -0.89553409650446
		outer loop
			vertex 7.7379517555237 -2.7751004695892 18.191478729248
			vertex 8.1999998092651 -2.7978541851044 18.152069091797
			vertex 8.1999998092651 -2.951828956604 18.076137542725
		endloop
	endfacet
	facet normal -0.019212993321563 0.75169759300927 -0.65922802545985
		outer loop
			vertex 7.7708010673523 -2.6635220050812 18.317752838135
			vertex 8.1999998092651 -2.6846580505371 18.281143188477
			vertex 8.1999998092651 -2.7978541851044 18.152069091797
		endloop
	endfacet
	facet normal -0.092392344861558 -0.93565575648449 0.34060528470418
		outer loop
			vertex 7.2936601638794 -3.4118039608002 18.71470451355
			vertex 7.3580965995789 -3.363028049469 18.866172790527
			vertex 6.8841981887817 -3.3023729324341 18.904245376587
		endloop
	endfacet
	facet normal -0.16181169772386 -0.98570921983899 -0.04684344569013
		outer loop
			vertex 7.2390332221985 -3.3951425552368 18.552803039551
			vertex 7.7379517555237 -3.4791910648346 18.597986221313
			vertex 7.2936601638794 -3.4118039608002 18.71470451355
		endloop
	endfacet
	facet normal -0.056895690236172 -0.94300735326469 0.32787194469988
		outer loop
			vertex 7.2936601638794 -3.4118039608002 18.71470451355
			vertex 7.7708010673523 -3.425624370575 18.757753372192
			vertex 7.3580965995789 -3.363028049469 18.866172790527
		endloop
	endfacet
	facet normal -0.16181173134373 -0.98570923097738 -0.046843095174476
		outer loop
			vertex 7.2390332221985 -3.3951425552368 18.552803039551
			vertex 7.7101035118103 -3.4665913581848 18.429050445557
			vertex 7.7379517555237 -3.4791910648346 18.597986221313
		endloop
	endfacet
	facet normal -0.056895510408575 -0.94300814554246 0.32786969719069
		outer loop
			vertex 7.2936601638794 -3.4118039608002 18.71470451355
			vertex 7.7379517555237 -3.4791910648346 18.597986221313
			vertex 7.7708010673523 -3.425624370575 18.757753372192
		endloop
	endfacet
	facet normal -0.054637128822482 -0.99636840672109 -0.065305300260537
		outer loop
			vertex 7.7101035118103 -3.4665913581848 18.429050445557
			vertex 8.1999998092651 -3.5019450187683 18.558576583862
			vertex 7.7379517555237 -3.4791910648346 18.597986221313
		endloop
	endfacet
	facet normal -0.01921055014782 -0.94675610997804 0.32137800637607
		outer loop
			vertex 7.7379517555237 -3.4791910648346 18.597986221313
			vertex 8.1999998092651 -3.4467604160309 18.721143722534
			vertex 7.7708010673523 -3.425624370575 18.757753372192
		endloop
	endfacet
	facet normal -0.019211922050705 -0.94675448062893 0.32138272427148
		outer loop
			vertex 7.7379517555237 -3.4791910648346 18.597986221313
			vertex 8.1999998092651 -3.5019450187683 18.558576583862
			vertex 8.1999998092651 -3.4467604160309 18.721143722534
		endloop
	endfacet
	facet normal -0.17285357787476 0.89542433181263 -0.41028880878449
		outer loop
			vertex 6.0119013786316 -1.160493850708 20.988059997559
			vertex 6.3707666397095 -0.97353088855743 21.244903564453
			vertex 6.1674652099609 -1.1637064218521 20.915510177612
		endloop
	endfacet
	facet normal -0.17285547415146 0.89542496767986 -0.41028662214529
		outer loop
			vertex 6.0119013786316 -1.160493850708 20.988059997559
			vertex 6.2307634353638 -0.95576304197311 21.342664718628
			vertex 6.3707666397095 -0.97353088855743 21.244903564453
		endloop
	endfacet
	facet normal -0.17285429016591 -0.80303206480831 0.57031648868058
		outer loop
			vertex 6.1674652099609 -1.9258086681366 21.35551071167
			vertex 6.3707666397095 -1.7356332540512 21.684904098511
			vertex 6.2307634353638 -1.6598538160324 21.749172210693
		endloop
	endfacet
	facet normal -0.43089571751431 -0.54218351357219 0.72136392912201
		outer loop
			vertex 6.1120743751526 -1.5375994443893 21.770162582397
			vertex 6.2307634353638 -1.6598538160324 21.749172210693
			vertex 6.4243650436401 -1.3473356962204 22.099708557129
		endloop
	endfacet
	facet normal -0.15150707909873 -0.78705793985523 0.59798445154854
		outer loop
			vertex 6.3707666397095 -1.7356332540512 21.684904098511
			vertex 6.5253019332886 -1.4804056882858 22.059984207153
			vertex 6.2307634353638 -1.6598538160324 21.749172210693
		endloop
	endfacet
	facet normal -0.43089241825449 -0.54218582190216 0.72136416491192
		outer loop
			vertex 6.2307634353638 -1.6598538160324 21.749172210693
			vertex 6.5253019332886 -1.4804056882858 22.059984207153
			vertex 6.4243650436401 -1.3473356962204 22.099708557129
		endloop
	endfacet
	facet normal -0.6436900030305 -0.21540191711074 0.73434678054964
		outer loop
			vertex 6.1120743751526 -1.5375994443893 21.770162582397
			vertex 6.3569211959839 -1.1899919509888 22.086744308472
			vertex 6.0327687263489 -1.3874824047089 21.744680404663
		endloop
	endfacet
	facet normal -0.75829653602716 0.14298999943911 0.63603476595985
		outer loop
			vertex 6.0327687263489 -1.3874824047089 21.744680404663
			vertex 6.3569211959839 -1.1899919509888 22.086744308472
			vertex 6.3332381248474 -1.0323283672333 22.023063659668
		endloop
	endfacet
	facet normal -0.75829662888307 0.47932763697594 0.44184979241325
		outer loop
			vertex 6.0049200057983 -1.2323566675186 21.676603317261
			vertex 6.3332381248474 -1.0323283672333 22.023063659668
			vertex 6.3569211959839 -0.89834797382355 21.918363571167
		endloop
	endfacet
	facet normal -0.64368796434919 -0.21540433474972 0.73434785839072
		outer loop
			vertex 6.1120743751526 -1.5375994443893 21.770162582397
			vertex 6.4243650436401 -1.3473356962204 22.099708557129
			vertex 6.3569211959839 -1.1899919509888 22.086744308472
		endloop
	endfacet
	facet normal -0.15150885914543 -0.78705734666501 0.59798478129555
		outer loop
			vertex 6.3707666397095 -1.7356332540512 21.684904098511
			vertex 6.6443653106689 -1.5689430236816 21.97361946106
			vertex 6.5253019332886 -1.4804056882858 22.059984207153
		endloop
	endfacet
	facet normal -0.5282603097599 -0.15769101300365 0.83431084707695
		outer loop
			vertex 6.3569211959839 -1.1899919509888 22.086744308472
			vertex 6.4243650436401 -1.3473356962204 22.099708557129
			vertex 6.7519021034241 -1.027915596962 22.367467880249
		endloop
	endfacet
	facet normal -0.6223163789748 0.21098028254996 0.75379681933186
		outer loop
			vertex 6.3332381248474 -1.0323283672333 22.023063659668
			vertex 6.3569211959839 -1.1899919509888 22.086744308472
			vertex 6.7332944869995 -0.86816942691803 22.30739402771
		endloop
	endfacet
	facet normal -0.35362614485362 -0.50355286589677 0.78827854272657
		outer loop
			vertex 6.4243650436401 -1.3473356962204 22.099708557129
			vertex 6.5253019332886 -1.4804056882858 22.059984207153
			vertex 6.804892539978 -1.1911903619766 22.370161056519
		endloop
	endfacet
	facet normal -0.52826457116656 -0.15768528846368 0.83430923083251
		outer loop
			vertex 6.4243650436401 -1.3473356962204 22.099708557129
			vertex 6.804892539978 -1.1911903619766 22.370161056519
			vertex 6.7519021034241 -1.027915596962 22.367467880249
		endloop
	endfacet
	facet normal -0.6223171889946 0.21098202221697 0.75379566368022
		outer loop
			vertex 6.3569211959839 -1.1899919509888 22.086744308472
			vertex 6.7519021034241 -1.027915596962 22.367467880249
			vertex 6.7332944869995 -0.86816942691803 22.30739402771
		endloop
	endfacet
	facet normal -0.64368990935769 0.74366382833548 0.18063059269268
		outer loop
			vertex 6.1120743751526 -0.99871176481247 21.459035873413
			vertex 6.0327687263489 -1.0958385467529 21.576299667358
			vertex 6.4243650436401 -0.80844801664352 21.788581848145
		endloop
	endfacet
	facet normal -0.43089559264054 0.89581113025245 -0.10886416838788
		outer loop
			vertex 6.1120743751526 -0.99871176481247 21.459035873413
			vertex 6.5253019332886 -0.77631491422653 21.653476715088
			vertex 6.2307634353638 -0.95576304197311 21.342664718628
		endloop
	endfacet
	facet normal -0.43089568182647 0.89581111281112 -0.10886395890008
		outer loop
			vertex 6.1120743751526 -0.99871176481247 21.459035873413
			vertex 6.4243650436401 -0.80844801664352 21.788581848145
			vertex 6.5253019332886 -0.77631491422653 21.653476715088
		endloop
	endfacet
	facet normal -0.64368975523586 0.7436641299864 0.18062990000543
		outer loop
			vertex 6.0327687263489 -1.0958385467529 21.576299667358
			vertex 6.3569211959839 -0.89834797382355 21.918363571167
			vertex 6.4243650436401 -0.80844801664352 21.788581848145
		endloop
	endfacet
	facet normal -0.15150953205101 0.91139813838416 -0.38262030140541
		outer loop
			vertex 6.3707666397095 -0.97353088855743 21.244903564453
			vertex 6.2307634353638 -0.95576304197311 21.342664718628
			vertex 6.6443653106689 -0.80684065818787 21.533618927002
		endloop
	endfacet
	facet normal -0.15150860084509 0.91139761710034 -0.38262191183175
		outer loop
			vertex 6.2307634353638 -0.95576304197311 21.342664718628
			vertex 6.5253019332886 -0.77631491422653 21.653476715088
			vertex 6.6443653106689 -0.80684065818787 21.533618927002
		endloop
	endfacet
	facet normal -0.5282617816328 0.80137818541158 0.28059311112815
		outer loop
			vertex 6.3569211959839 -0.89834797382355 21.918363571167
			vertex 6.804892539978 -0.65230256319046 22.059032440186
			vertex 6.4243650436401 -0.80844801664352 21.788581848145
		endloop
	endfacet
	facet normal -0.35362642303376 0.93444570031319 -0.041947420642206
		outer loop
			vertex 6.5253019332886 -0.77631491422653 21.653476715088
			vertex 6.4243650436401 -0.80844801664352 21.788581848145
			vertex 6.8841981887817 -0.62904566526413 21.908555984497
		endloop
	endfacet
	facet normal -0.62231706516309 0.54731723913867 0.55961174947316
		outer loop
			vertex 6.3332381248474 -1.0323283672333 22.023063659668
			vertex 6.7519021034241 -0.7362716794014 22.199087142944
			vertex 6.3569211959839 -0.89834797382355 21.918363571167
		endloop
	endfacet
	facet normal -0.62231685558143 0.547316199845 0.55961299899706
		outer loop
			vertex 6.3332381248474 -1.0323283672333 22.023063659668
			vertex 6.7332944869995 -0.86816942691803 22.30739402771
			vertex 6.7519021034241 -0.7362716794014 22.199087142944
		endloop
	endfacet
	facet normal -0.5282616872516 0.80137861747236 0.28059205484151
		outer loop
			vertex 6.3569211959839 -0.89834797382355 21.918363571167
			vertex 6.7519021034241 -0.7362716794014 22.199087142944
			vertex 6.804892539978 -0.65230256319046 22.059032440186
		endloop
	endfacet
	facet normal -0.124340274266 -0.77347294425303 0.62151355633164
		outer loop
			vertex 6.5253019332886 -1.4804056882858 22.059984207153
			vertex 6.6443653106689 -1.5689430236816 21.97361946106
			vertex 6.8841981887817 -1.3331364393234 22.315061569214
		endloop
	endfacet
	facet normal -0.12433947986789 -0.77347331473235 0.62151325419748
		outer loop
			vertex 6.6443653106689 -1.5689430236816 21.97361946106
			vertex 6.9777455329895 -1.4321439266205 22.210561752319
			vertex 6.8841981887817 -1.3331364393234 22.315061569214
		endloop
	endfacet
	facet normal -0.35362159743795 -0.50355677303066 0.78827808681986
		outer loop
			vertex 6.5253019332886 -1.4804056882858 22.059984207153
			vertex 6.8841981887817 -1.3331364393234 22.315061569214
			vertex 6.804892539978 -1.1911903619766 22.370161056519
		endloop
	endfacet
	facet normal -0.092394243979433 -0.76280073296803 0.63999870739159
		outer loop
			vertex 6.8841981887817 -1.3331364393234 22.315061569214
			vertex 6.9777455329895 -1.4321439266205 22.210561752319
			vertex 7.2936601638794 -1.2237055301666 22.504602432251
		endloop
	endfacet
	facet normal -0.26276499423009 -0.47320299098622 0.84085283321694
		outer loop
			vertex 6.8841981887817 -1.3331364393234 22.315061569214
			vertex 7.2390332221985 -1.0751637220383 22.571125030518
			vertex 6.804892539978 -1.1911903619766 22.370161056519
		endloop
	endfacet
	facet normal -0.39253562456426 -0.11233926649841 0.91285030133672
		outer loop
			vertex 6.7519021034241 -1.027915596962 22.367467880249
			vertex 6.804892539978 -1.1911903619766 22.370161056519
			vertex 7.2025327682495 -0.90748208761215 22.576065063477
		endloop
	endfacet
	facet normal -0.26276782279235 -0.4731999318276 0.84085367087462
		outer loop
			vertex 6.8841981887817 -1.3331364393234 22.315061569214
			vertex 7.2936601638794 -1.2237055301666 22.504602432251
			vertex 7.2390332221985 -1.0751637220383 22.571125030518
		endloop
	endfacet
	facet normal -0.39253560033914 -0.11233930460838 0.91285030706381
		outer loop
			vertex 6.804892539978 -1.1911903619766 22.370161056519
			vertex 7.2390332221985 -1.0751637220383 22.571125030518
			vertex 7.2025327682495 -0.90748208761215 22.576065063477
		endloop
	endfacet
	facet normal -0.12433864534202 0.92498264773127 -0.35909191395876
		outer loop
			vertex 6.5253019332886 -0.77631491422653 21.653476715088
			vertex 6.9777455329895 -0.67004156112671 21.77056312561
			vertex 6.6443653106689 -0.80684065818787 21.533618927002
		endloop
	endfacet
	facet normal -0.35362618802679 0.93444574576273 -0.041948389332202
		outer loop
			vertex 6.4243650436401 -0.80844801664352 21.788581848145
			vertex 6.804892539978 -0.65230256319046 22.059032440186
			vertex 6.8841981887817 -0.62904566526413 21.908555984497
		endloop
	endfacet
	facet normal -0.12433878832912 0.92498279212962 -0.35909149249312
		outer loop
			vertex 6.5253019332886 -0.77631491422653 21.653476715088
			vertex 6.8841981887817 -0.62904566526413 21.908555984497
			vertex 6.9777455329895 -0.67004156112671 21.77056312561
		endloop
	endfacet
	facet normal -0.26276798314773 0.9648005131222 0.010628118912447
		outer loop
			vertex 6.8841981887817 -0.62904566526413 21.908555984497
			vertex 6.804892539978 -0.65230256319046 22.059032440186
			vertex 7.2936601638794 -0.51961469650269 22.098094940186
		endloop
	endfacet
	facet normal -0.092393383861814 0.93565541477167 -0.34060594156154
		outer loop
			vertex 6.8841981887817 -0.62904566526413 21.908555984497
			vertex 7.3580965995789 -0.56839066743851 21.946626663208
			vertex 6.9777455329895 -0.67004156112671 21.77056312561
		endloop
	endfacet
	facet normal -0.46242404937601 0.6007343203362 0.65213669957218
		outer loop
			vertex 6.7519021034241 -0.7362716794014 22.199087142944
			vertex 6.7332944869995 -0.86816942691803 22.30739402771
			vertex 7.2025327682495 -0.61583811044693 22.407684326172
		endloop
	endfacet
	facet normal -0.46242590584286 0.26440044044318 0.84631831405143
		outer loop
			vertex 6.7332944869995 -0.86816942691803 22.30739402771
			vertex 6.7519021034241 -1.027915596962 22.367467880249
			vertex 7.1897158622742 -0.74618834257126 22.518672943115
		endloop
	endfacet
	facet normal -0.39253403321396 0.84672388468546 0.35913186418355
		outer loop
			vertex 6.7519021034241 -0.7362716794014 22.199087142944
			vertex 7.2390332221985 -0.5362760424614 22.259996414185
			vertex 6.804892539978 -0.65230256319046 22.059032440186
		endloop
	endfacet
	facet normal -0.39253403373966 0.84672388984744 0.35913185143858
		outer loop
			vertex 6.7519021034241 -0.7362716794014 22.199087142944
			vertex 7.2025327682495 -0.61583811044693 22.407684326172
			vertex 7.2390332221985 -0.5362760424614 22.259996414185
		endloop
	endfacet
	facet normal -0.46242491568889 0.60073724705117 0.65213338923529
		outer loop
			vertex 6.7332944869995 -0.86816942691803 22.30739402771
			vertex 7.1897158622742 -0.74618834257126 22.518672943115
			vertex 7.2025327682495 -0.61583811044693 22.407684326172
		endloop
	endfacet
	facet normal -0.46242363399272 0.26439539824475 0.84632113060704
		outer loop
			vertex 6.7519021034241 -1.027915596962 22.367467880249
			vertex 7.2025327682495 -0.90748208761215 22.576065063477
			vertex 7.1897158622742 -0.74618834257126 22.518672943115
		endloop
	endfacet
	facet normal -0.26276796407748 0.96480052124868 0.010627852692722
		outer loop
			vertex 6.804892539978 -0.65230256319046 22.059032440186
			vertex 7.2390332221985 -0.5362760424614 22.259996414185
			vertex 7.2936601638794 -0.51961469650269 22.098094940186
		endloop
	endfacet
	facet normal -0.092394177287256 -0.76280077573081 0.63999866605164
		outer loop
			vertex 6.9777455329895 -1.4321439266205 22.210561752319
			vertex 7.3580965995789 -1.3304929733276 22.386627197266
			vertex 7.2936601638794 -1.2237055301666 22.504602432251
		endloop
	endfacet
	facet normal -0.16181022771194 -0.45229096685645 0.87706917144993
		outer loop
			vertex 7.2936601638794 -1.2237055301666 22.504602432251
			vertex 7.7101035118103 -1.0037150382996 22.694877624512
			vertex 7.2390332221985 -1.0751637220383 22.571125030518
		endloop
	endfacet
	facet normal -0.056895449330188 -0.75544876515502 0.6527327715622
		outer loop
			vertex 7.3580965995789 -1.3304929733276 22.386627197266
			vertex 7.7379517555237 -1.1563181877136 22.621320724487
			vertex 7.2936601638794 -1.2237055301666 22.504602432251
		endloop
	endfacet
	facet normal -0.056893821824074 -0.75545022659224 0.65273122200488
		outer loop
			vertex 7.3580965995789 -1.3304929733276 22.386627197266
			vertex 7.7708010673523 -1.2678966522217 22.495046615601
			vertex 7.7379517555237 -1.1563181877136 22.621320724487
		endloop
	endfacet
	facet normal -0.16181165352486 -0.4522889429731 0.87706995208354
		outer loop
			vertex 7.2936601638794 -1.2237055301666 22.504602432251
			vertex 7.7379517555237 -1.1563181877136 22.621320724487
			vertex 7.7101035118103 -1.0037150382996 22.694877624512
		endloop
	endfacet
	facet normal -0.09239337920943 0.93565540171939 -0.34060597867859
		outer loop
			vertex 6.8841981887817 -0.62904566526413 21.908555984497
			vertex 7.2936601638794 -0.51961469650269 22.098094940186
			vertex 7.3580965995789 -0.56839066743851 21.946626663208
		endloop
	endfacet
	facet normal -0.056895596607291 0.94300725476857 -0.32787224423629
		outer loop
			vertex 7.3580965995789 -0.56839066743851 21.946626663208
			vertex 7.2936601638794 -0.51961469650269 22.098094940186
			vertex 7.7708010673523 -0.50579434633255 22.055046081543
		endloop
	endfacet
	facet normal -0.24171996020025 -0.081104030854926 0.96695066938281
		outer loop
			vertex 7.2025327682495 -0.90748208761215 22.576065063477
			vertex 7.2390332221985 -1.0751637220383 22.571125030518
			vertex 7.6914958953857 -0.83331942558289 22.704517364502
		endloop
	endfacet
	facet normal -0.28475723418366 0.63753376879315 0.71586591707419
		outer loop
			vertex 7.2025327682495 -0.61583811044693 22.407684326172
			vertex 7.1897158622742 -0.74618834257126 22.518672943115
			vertex 7.6914958953857 -0.54167550802231 22.536136627197
		endloop
	endfacet
	facet normal -0.28475921228403 0.30119047720499 0.91005301354394
		outer loop
			vertex 7.1897158622742 -0.74618834257126 22.518672943115
			vertex 7.2025327682495 -0.90748208761215 22.576065063477
			vertex 7.6849613189697 -0.67107272148132 22.648777008057
		endloop
	endfacet
	facet normal -0.16181185217615 0.98570921423394 0.046843030107181
		outer loop
			vertex 7.2936601638794 -0.51961469650269 22.098094940186
			vertex 7.2390332221985 -0.5362760424614 22.259996414185
			vertex 7.7379517555237 -0.45222747325897 22.214813232422
		endloop
	endfacet
	facet normal -0.24172233328983 0.87795820568882 0.41323081038639
		outer loop
			vertex 7.2390332221985 -0.5362760424614 22.259996414185
			vertex 7.2025327682495 -0.61583811044693 22.407684326172
			vertex 7.7101035118103 -0.46482726931572 22.383750915527
		endloop
	endfacet
	facet normal -0.24172223823 -0.081099657161829 0.96695046675273
		outer loop
			vertex 7.2390332221985 -1.0751637220383 22.571125030518
			vertex 7.7101035118103 -1.0037150382996 22.694877624512
			vertex 7.6914958953857 -0.83331942558289 22.704517364502
		endloop
	endfacet
	facet normal -0.28475642791321 0.30118385303534 0.91005607708146
		outer loop
			vertex 7.2025327682495 -0.90748208761215 22.576065063477
			vertex 7.6914958953857 -0.83331942558289 22.704517364502
			vertex 7.6849613189697 -0.67107272148132 22.648777008057
		endloop
	endfacet
	facet normal -0.28475888525287 0.63753821387805 0.71586130159042
		outer loop
			vertex 7.1897158622742 -0.74618834257126 22.518672943115
			vertex 7.6849613189697 -0.67107272148132 22.648777008057
			vertex 7.6914958953857 -0.54167550802231 22.536136627197
		endloop
	endfacet
	facet normal -0.056895467878763 0.94300782191698 -0.3278706353705
		outer loop
			vertex 7.2936601638794 -0.51961469650269 22.098094940186
			vertex 7.7379517555237 -0.45222747325897 22.214813232422
			vertex 7.7708010673523 -0.50579434633255 22.055046081543
		endloop
	endfacet
	facet normal -0.16181184860837 0.98570921305193 0.046843067304366
		outer loop
			vertex 7.2390332221985 -0.5362760424614 22.259996414185
			vertex 7.7101035118103 -0.46482726931572 22.383750915527
			vertex 7.7379517555237 -0.45222747325897 22.214813232422
		endloop
	endfacet
	facet normal -0.24172119604071 0.8779554249807 0.41323738351172
		outer loop
			vertex 7.2025327682495 -0.61583811044693 22.407684326172
			vertex 7.6914958953857 -0.54167550802231 22.536136627197
			vertex 7.7101035118103 -0.46482726931572 22.383750915527
		endloop
	endfacet
	facet normal -0.019211976287411 -0.75170257101145 0.6592223787933
		outer loop
			vertex 7.7708010673523 -1.2678966522217 22.495046615601
			vertex 8.1999998092651 -1.1335643529892 22.660732269287
			vertex 7.7379517555237 -1.1563181877136 22.621320724487
		endloop
	endfacet
	facet normal -0.054636890805413 -0.44162988447925 0.89553216318453
		outer loop
			vertex 7.7379517555237 -1.1563181877136 22.621320724487
			vertex 8.1999998092651 -0.97958970069885 22.736663818359
			vertex 7.7101035118103 -1.0037150382996 22.694877624512
		endloop
	endfacet
	facet normal -0.019212077381369 -0.75170243527751 0.65922253062267
		outer loop
			vertex 7.7708010673523 -1.2678966522217 22.495046615601
			vertex 8.1999998092651 -1.2467604875565 22.531656265259
			vertex 8.1999998092651 -1.1335643529892 22.660732269287
		endloop
	endfacet
	facet normal -0.054638638093071 -0.44162637594374 0.89553378679876
		outer loop
			vertex 7.7379517555237 -1.1563181877136 22.621320724487
			vertex 8.1999998092651 -1.1335643529892 22.660732269287
			vertex 8.1999998092651 -0.97958970069885 22.736663818359
		endloop
	endfacet
	facet normal -0.081623006069235 -0.06517667260601 0.99452988201875
		outer loop
			vertex 7.6914958953857 -0.83331942558289 22.704517364502
			vertex 7.7101035118103 -1.0037150382996 22.694877624512
			vertex 8.1999998092651 -0.80827778577805 22.747892379761
		endloop
	endfacet
	facet normal -0.096149888683747 0.3199419839313 0.94254566246109
		outer loop
			vertex 7.6849613189697 -0.67107272148132 22.648777008057
			vertex 7.6914958953857 -0.83331942558289 22.704517364502
			vertex 8.1999998092651 -0.64570933580399 22.692707061768
		endloop
	endfacet
	facet normal -0.096153605959857 0.65629623334515 0.74835134673352
		outer loop
			vertex 7.6849613189697 -0.67107272148132 22.648777008057
			vertex 8.1999998092651 -0.51663386821747 22.579511642456
			vertex 7.6914958953857 -0.54167550802231 22.536136627197
		endloop
	endfacet
	facet normal -0.019210777431083 0.94675576865757 -0.32137899829345
		outer loop
			vertex 7.7708010673523 -0.50579434633255 22.055046081543
			vertex 7.7379517555237 -0.45222747325897 22.214813232422
			vertex 8.1999998092651 -0.48465815186501 22.091655731201
		endloop
	endfacet
	facet normal -0.054637250710278 0.99636841507765 0.065305070786763
		outer loop
			vertex 7.7379517555237 -0.45222747325897 22.214813232422
			vertex 7.7101035118103 -0.46482726931572 22.383750915527
			vertex 8.1999998092651 -0.4294735789299 22.254224777222
		endloop
	endfacet
	facet normal -0.081619640687734 0.8938783501847 0.44081711550832
		outer loop
			vertex 7.7101035118103 -0.46482726931572 22.383750915527
			vertex 7.6914958953857 -0.54167550802231 22.536136627197
			vertex 8.1999998092651 -0.44070196151733 22.425537109375
		endloop
	endfacet
	facet normal -0.081619257015559 -0.065185988086896 0.99452957916865
		outer loop
			vertex 7.7101035118103 -1.0037150382996 22.694877624512
			vertex 8.1999998092651 -0.97958970069885 22.736663818359
			vertex 8.1999998092651 -0.80827778577805 22.747892379761
		endloop
	endfacet
	facet normal -0.096154439010469 0.3199540306242 0.9425411089952
		outer loop
			vertex 7.6914958953857 -0.83331942558289 22.704517364502
			vertex 8.1999998092651 -0.80827778577805 22.747892379761
			vertex 8.1999998092651 -0.64570933580399 22.692707061768
		endloop
	endfacet
	facet normal -0.096150345318308 0.65628856389083 0.74835849163438
		outer loop
			vertex 7.6849613189697 -0.67107272148132 22.648777008057
			vertex 8.1999998092651 -0.64570933580399 22.692707061768
			vertex 8.1999998092651 -0.51663386821747 22.579511642456
		endloop
	endfacet
	facet normal -0.019210834432828 0.94675570095939 -0.32137919431925
		outer loop
			vertex 7.7379517555237 -0.45222747325897 22.214813232422
			vertex 8.1999998092651 -0.4294735789299 22.254224777222
			vertex 8.1999998092651 -0.48465815186501 22.091655731201
		endloop
	endfacet
	facet normal -0.054637185544195 0.99636840271765 0.065305313885579
		outer loop
			vertex 7.7101035118103 -0.46482726931572 22.383750915527
			vertex 8.1999998092651 -0.44070196151733 22.425537109375
			vertex 8.1999998092651 -0.4294735789299 22.254224777222
		endloop
	endfacet
	facet normal -0.081620822558031 0.89388012356033 0.44081330064861
		outer loop
			vertex 7.6914958953857 -0.54167550802231 22.536136627197
			vertex 8.1999998092651 -0.51663386821747 22.579511642456
			vertex 8.1999998092651 -0.44070196151733 22.425537109375
		endloop
	endfacet
	facet normal 0.096153425087136 -0.31994393586108 -0.94254463912842
		outer loop
			vertex 8.1999998092651 -3.2857093811035 18.120092391968
			vertex 8.1999998092651 -3.1231408119202 18.064908981323
			vertex 8.7150382995605 -3.2603459358215 18.164024353027
		endloop
	endfacet
	facet normal 0.096150920424239 -0.65629460687744 -0.74835311817695
		outer loop
			vertex 8.1999998092651 -3.2857093811035 18.120092391968
			vertex 8.7085046768188 -3.3897430896759 18.276662826538
			vertex 8.1999998092651 -3.4147849082947 18.233289718628
		endloop
	endfacet
	facet normal 0.08161935345066 -0.89388050598524 -0.44081279718478
		outer loop
			vertex 8.1999998092651 -3.4147849082947 18.233289718628
			vertex 8.6898965835571 -3.4665913581848 18.429050445557
			vertex 8.1999998092651 -3.4907166957855 18.387264251709
		endloop
	endfacet
	facet normal 0.081618648516691 0.065186013929257 -0.99452962741304
		outer loop
			vertex 8.1999998092651 -3.1231408119202 18.064908981323
			vertex 8.1999998092651 -2.951828956604 18.076137542725
			vertex 8.7085046768188 -3.09809923172 18.108282089233
		endloop
	endfacet
	facet normal 0.054637178376414 0.44162613624275 -0.8955339940652
		outer loop
			vertex 8.1999998092651 -2.7978541851044 18.152069091797
			vertex 8.6898965835571 -2.9277036190033 18.117923736572
			vertex 8.1999998092651 -2.951828956604 18.076137542725
		endloop
	endfacet
	facet normal 0.019210156926613 0.75169763398561 -0.65922806139551
		outer loop
			vertex 8.1999998092651 -2.7978541851044 18.152069091797
			vertex 8.1999998092651 -2.6846580505371 18.281143188477
			vertex 8.6620483398438 -2.7751004695892 18.191478729248
		endloop
	endfacet
	facet normal 0.09615068456128 -0.31995235954147 -0.94254205926433
		outer loop
			vertex 8.1999998092651 -3.1231408119202 18.064908981323
			vertex 8.7085046768188 -3.09809923172 18.108282089233
			vertex 8.7150382995605 -3.2603459358215 18.164024353027
		endloop
	endfacet
	facet normal 0.096153131468718 -0.65628976394772 -0.74835708124278
		outer loop
			vertex 8.1999998092651 -3.2857093811035 18.120092391968
			vertex 8.7150382995605 -3.2603459358215 18.164024353027
			vertex 8.7085046768188 -3.3897430896759 18.276662826538
		endloop
	endfacet
	facet normal 0.054637190985948 -0.99636840399723 -0.065305289810038
		outer loop
			vertex 8.1999998092651 -3.4907166957855 18.387264251709
			vertex 8.6898965835571 -3.4665913581848 18.429050445557
			vertex 8.6620483398438 -3.4791910648346 18.597986221313
		endloop
	endfacet
	facet normal 0.081619299251996 -0.89388056952834 -0.44081267836724
		outer loop
			vertex 8.1999998092651 -3.4147849082947 18.233289718628
			vertex 8.7085046768188 -3.3897430896759 18.276662826538
			vertex 8.6898965835571 -3.4665913581848 18.429050445557
		endloop
	endfacet
	facet normal 0.081619091238282 0.065187583634728 -0.99452948819294
		outer loop
			vertex 8.1999998092651 -2.951828956604 18.076137542725
			vertex 8.6898965835571 -2.9277036190033 18.117923736572
			vertex 8.7085046768188 -3.09809923172 18.108282089233
		endloop
	endfacet
	facet normal 0.054635535681423 0.4416206734251 -0.89553678821384
		outer loop
			vertex 8.1999998092651 -2.7978541851044 18.152069091797
			vertex 8.6620483398438 -2.7751004695892 18.191478729248
			vertex 8.6898965835571 -2.9277036190033 18.117923736572
		endloop
	endfacet
	facet normal 0.019212240118329 0.75170260112387 -0.65922233676753
		outer loop
			vertex 8.1999998092651 -2.6846580505371 18.281143188477
			vertex 8.6291990280151 -2.6635220050812 18.317752838135
			vertex 8.6620483398438 -2.7751004695892 18.191478729248
		endloop
	endfacet
	facet normal 0.2847577698756 -0.63753143893895 -0.71586777889489
		outer loop
			vertex 8.7085046768188 -3.3897430896759 18.276662826538
			vertex 8.7150382995605 -3.2603459358215 18.164024353027
			vertex 9.1974668502808 -3.3155806064606 18.405115127563
		endloop
	endfacet
	facet normal 0.24172113556259 -0.87795762549951 -0.41323274368036
		outer loop
			vertex 8.7085046768188 -3.3897430896759 18.276662826538
			vertex 9.1609668731689 -3.3951425552368 18.552803039551
			vertex 8.6898965835571 -3.4665913581848 18.429050445557
		endloop
	endfacet
	facet normal 0.28475923837662 -0.30119458922913 -0.91005164445666
		outer loop
			vertex 8.7085046768188 -3.09809923172 18.108282089233
			vertex 9.2102842330933 -3.185230255127 18.294128417969
			vertex 8.7150382995605 -3.2603459358215 18.164024353027
		endloop
	endfacet
	facet normal 0.16181304876805 0.4522802675667 -0.87707416836787
		outer loop
			vertex 8.6620483398438 -2.7751004695892 18.191478729248
			vertex 9.1609668731689 -2.8562548160553 18.241676330566
			vertex 8.6898965835571 -2.9277036190033 18.117923736572
		endloop
	endfacet
	facet normal 0.056894705181449 0.75545030145922 -0.65273105835978
		outer loop
			vertex 8.6620483398438 -2.7751004695892 18.191478729248
			vertex 8.6291990280151 -2.6635220050812 18.317752838135
			vertex 9.1063404083252 -2.7077131271362 18.308197021484
		endloop
	endfacet
	facet normal 0.24171928606164 0.081110823672824 -0.96695026812601
		outer loop
			vertex 8.6898965835571 -2.9277036190033 18.117923736572
			vertex 9.1974668502808 -3.0239365100861 18.236734390259
			vertex 8.7085046768188 -3.09809923172 18.108282089233
		endloop
	endfacet
	facet normal 0.24172036079586 -0.87795842892362 -0.41323148991659
		outer loop
			vertex 8.7085046768188 -3.3897430896759 18.276662826538
			vertex 9.1974668502808 -3.3155806064606 18.405115127563
			vertex 9.1609668731689 -3.3951425552368 18.552803039551
		endloop
	endfacet
	facet normal 0.28475948497944 -0.63752776446572 -0.71587036902611
		outer loop
			vertex 8.7150382995605 -3.2603459358215 18.164024353027
			vertex 9.2102842330933 -3.185230255127 18.294128417969
			vertex 9.1974668502808 -3.3155806064606 18.405115127563
		endloop
	endfacet
	facet normal 0.28475791530939 -0.30119957326309 -0.91005040889765
		outer loop
			vertex 8.7085046768188 -3.09809923172 18.108282089233
			vertex 9.1974668502808 -3.0239365100861 18.236734390259
			vertex 9.2102842330933 -3.185230255127 18.294128417969
		endloop
	endfacet
	facet normal 0.2417198382282 0.081114262586468 -0.96694984162157
		outer loop
			vertex 8.6898965835571 -2.9277036190033 18.117923736572
			vertex 9.1609668731689 -2.8562548160553 18.241676330566
			vertex 9.1974668502808 -3.0239365100861 18.236734390259
		endloop
	endfacet
	facet normal 0.16181328044194 0.45228239773277 -0.8770730271612
		outer loop
			vertex 8.6620483398438 -2.7751004695892 18.191478729248
			vertex 9.1063404083252 -2.7077131271362 18.308197021484
			vertex 9.1609668731689 -2.8562548160553 18.241676330566
		endloop
	endfacet
	facet normal 0.056894515807185 0.75544866889035 -0.65273296434519
		outer loop
			vertex 8.6291990280151 -2.6635220050812 18.317752838135
			vertex 9.0419034957886 -2.6009256839752 18.42617225647
			vertex 9.1063404083252 -2.7077131271362 18.308197021484
		endloop
	endfacet
	facet normal 0.092394444953142 0.76280100509953 -0.63999835402987
		outer loop
			vertex 9.1063404083252 -2.7077131271362 18.308197021484
			vertex 9.0419034957886 -2.6009256839752 18.42617225647
			vertex 9.5158014297485 -2.5982823371887 18.497737884521
		endloop
	endfacet
	facet normal 0.054637045493249 -0.99636843298907 -0.06530496920352
		outer loop
			vertex 8.1999998092651 -3.4907166957855 18.387264251709
			vertex 8.6620483398438 -3.4791910648346 18.597986221313
			vertex 8.1999998092651 -3.5019450187683 18.558576583862
		endloop
	endfacet
	facet normal 0.019210046834538 -0.94675451474812 0.32138273585349
		outer loop
			vertex 8.1999998092651 -3.5019450187683 18.558576583862
			vertex 8.6291990280151 -3.425624370575 18.757753372192
			vertex 8.1999998092651 -3.4467604160309 18.721143722534
		endloop
	endfacet
	facet normal 0.019212350291905 -0.94675596438135 0.32137832768343
		outer loop
			vertex 8.1999998092651 -3.5019450187683 18.558576583862
			vertex 8.6620483398438 -3.4791910648346 18.597986221313
			vertex 8.6291990280151 -3.425624370575 18.757753372192
		endloop
	endfacet
	facet normal 0.16181145313611 -0.98570927431423 -0.046843144267838
		outer loop
			vertex 8.6898965835571 -3.4665913581848 18.429050445557
			vertex 9.1063404083252 -3.4118039608002 18.71470451355
			vertex 8.6620483398438 -3.4791910648346 18.597986221313
		endloop
	endfacet
	facet normal 0.056896349229198 -0.9430080465123 0.32786983645562
		outer loop
			vertex 8.6620483398438 -3.4791910648346 18.597986221313
			vertex 9.0419034957886 -3.363028049469 18.866172790527
			vertex 8.6291990280151 -3.425624370575 18.757753372192
		endloop
	endfacet
	facet normal 0.056894798761861 -0.94300746421263 0.32787178029393
		outer loop
			vertex 8.6620483398438 -3.4791910648346 18.597986221313
			vertex 9.1063404083252 -3.4118039608002 18.71470451355
			vertex 9.0419034957886 -3.363028049469 18.866172790527
		endloop
	endfacet
	facet normal 0.16181191762296 -0.9857091648875 -0.046843842412585
		outer loop
			vertex 8.6898965835571 -3.4665913581848 18.429050445557
			vertex 9.1609668731689 -3.3951425552368 18.552803039551
			vertex 9.1063404083252 -3.4118039608002 18.71470451355
		endloop
	endfacet
	facet normal 0.092392121885794 -0.935655712328 0.34060546648786
		outer loop
			vertex 9.1063404083252 -3.4118039608002 18.71470451355
			vertex 9.4222545623779 -3.2613770961761 19.042238235474
			vertex 9.0419034957886 -3.363028049469 18.866172790527
		endloop
	endfacet
	facet normal 0.46242385850577 -0.60073283881525 -0.65213819965834
		outer loop
			vertex 9.2102842330933 -3.185230255127 18.294128417969
			vertex 9.6480979919434 -3.1951470375061 18.613712310791
			vertex 9.1974668502808 -3.3155806064606 18.405115127563
		endloop
	endfacet
	facet normal 0.46242376081045 -0.26440314343701 -0.84631864163478
		outer loop
			vertex 9.2102842330933 -3.185230255127 18.294128417969
			vertex 9.1974668502808 -3.0239365100861 18.236734390259
			vertex 9.6667051315308 -3.0632491111755 18.505405426025
		endloop
	endfacet
	facet normal 0.39253291757816 0.11234795059785 -0.9128503966226
		outer loop
			vertex 9.1609668731689 -2.8562548160553 18.241676330566
			vertex 9.6480979919434 -2.9035029411316 18.445331573486
			vertex 9.1974668502808 -3.0239365100861 18.236734390259
		endloop
	endfacet
	facet normal 0.2627707823904 0.47319147624457 -0.84085750441524
		outer loop
			vertex 9.1063404083252 -2.7077131271362 18.308197021484
			vertex 9.5951070785522 -2.7402284145355 18.442640304565
			vertex 9.1609668731689 -2.8562548160553 18.241676330566
		endloop
	endfacet
	facet normal 0.26277044124199 0.47319567333936 -0.84085524910201
		outer loop
			vertex 9.1063404083252 -2.7077131271362 18.308197021484
			vertex 9.5158014297485 -2.5982823371887 18.497737884521
			vertex 9.5951070785522 -2.7402284145355 18.442640304565
		endloop
	endfacet
	facet normal 0.39253301200223 0.11235039685786 -0.91285005494568
		outer loop
			vertex 9.1609668731689 -2.8562548160553 18.241676330566
			vertex 9.5951070785522 -2.7402284145355 18.442640304565
			vertex 9.6480979919434 -2.9035029411316 18.445331573486
		endloop
	endfacet
	facet normal 0.46242379951273 -0.60073296762031 -0.65213812283772
		outer loop
			vertex 9.2102842330933 -3.185230255127 18.294128417969
			vertex 9.6667051315308 -3.0632491111755 18.505405426025
			vertex 9.6480979919434 -3.1951470375061 18.613712310791
		endloop
	endfacet
	facet normal 0.46242394122461 -0.26440224167174 -0.84631882478251
		outer loop
			vertex 9.1974668502808 -3.0239365100861 18.236734390259
			vertex 9.6480979919434 -2.9035029411316 18.445331573486
			vertex 9.6667051315308 -3.0632491111755 18.505405426025
		endloop
	endfacet
	facet normal 0.39253431805446 -0.84672360521631 -0.35913221175357
		outer loop
			vertex 9.1974668502808 -3.3155806064606 18.405115127563
			vertex 9.5951070785522 -3.279116153717 18.75376701355
			vertex 9.1609668731689 -3.3951425552368 18.552803039551
		endloop
	endfacet
	facet normal 0.26276894638139 -0.96480024523879 -0.010628621960695
		outer loop
			vertex 9.1609668731689 -3.3951425552368 18.552803039551
			vertex 9.5158014297485 -3.3023729324341 18.904245376587
			vertex 9.1063404083252 -3.4118039608002 18.71470451355
		endloop
	endfacet
	facet normal 0.26276776792406 -0.96480058027881 -0.010627343688624
		outer loop
			vertex 9.1609668731689 -3.3951425552368 18.552803039551
			vertex 9.5951070785522 -3.279116153717 18.75376701355
			vertex 9.5158014297485 -3.3023729324341 18.904245376587
		endloop
	endfacet
	facet normal 0.39253343422608 -0.84672448135817 -0.35913111210729
		outer loop
			vertex 9.1974668502808 -3.3155806064606 18.405115127563
			vertex 9.6480979919434 -3.1951470375061 18.613712310791
			vertex 9.5951070785522 -3.279116153717 18.75376701355
		endloop
	endfacet
	facet normal 0.092392753631726 -0.93565584892332 0.34060491988803
		outer loop
			vertex 9.1063404083252 -3.4118039608002 18.71470451355
			vertex 9.5158014297485 -3.3023729324341 18.904245376587
			vertex 9.4222545623779 -3.2613770961761 19.042238235474
		endloop
	endfacet
	facet normal 0.12434055237169 -0.92498245189374 0.35909175808496
		outer loop
			vertex 9.4222545623779 -3.2613770961761 19.042238235474
			vertex 9.5158014297485 -3.3023729324341 18.904245376587
			vertex 9.7556352615356 -3.124577999115 19.279180526733
		endloop
	endfacet
	facet normal 0.35362595775493 -0.93444582957215 0.04194846358483
		outer loop
			vertex 9.5951070785522 -3.279116153717 18.75376701355
			vertex 9.8746976852417 -3.1551036834717 19.159322738647
			vertex 9.5158014297485 -3.3023729324341 18.904245376587
		endloop
	endfacet
	facet normal 0.12434021050749 -0.9249824190081 0.35909196116995
		outer loop
			vertex 9.5158014297485 -3.3023729324341 18.904245376587
			vertex 9.8746976852417 -3.1551036834717 19.159322738647
			vertex 9.7556352615356 -3.124577999115 19.279180526733
		endloop
	endfacet
	facet normal 0.09239458246099 0.76280024793871 -0.63999923662181
		outer loop
			vertex 9.0419034957886 -2.6009256839752 18.42617225647
			vertex 9.4222545623779 -2.4992747306824 18.602237701416
			vertex 9.5158014297485 -2.5982823371887 18.497737884521
		endloop
	endfacet
	facet normal 0.1243399758692 0.77347281064497 -0.621513782304
		outer loop
			vertex 9.4222545623779 -2.4992747306824 18.602237701416
			vertex 9.8746976852417 -2.4510128498077 18.752815246582
			vertex 9.5158014297485 -2.5982823371887 18.497737884521
		endloop
	endfacet
	facet normal 0.35362518677163 0.50354939149115 -0.78828119196745
		outer loop
			vertex 9.5951070785522 -2.7402284145355 18.442640304565
			vertex 9.5158014297485 -2.5982823371887 18.497737884521
			vertex 9.9756345748901 -2.5840828418732 18.713090896606
		endloop
	endfacet
	facet normal 0.12434003659747 0.77347268628751 -0.62151392491732
		outer loop
			vertex 9.4222545623779 -2.4992747306824 18.602237701416
			vertex 9.7556352615356 -2.3624756336212 18.839179992676
			vertex 9.8746976852417 -2.4510128498077 18.752815246582
		endloop
	endfacet
	facet normal 0.5282610314653 -0.80137942343063 -0.28059098762649
		outer loop
			vertex 9.5951070785522 -3.279116153717 18.75376701355
			vertex 9.6480979919434 -3.1951470375061 18.613712310791
			vertex 9.9756345748901 -3.1229705810547 19.024217605591
		endloop
	endfacet
	facet normal 0.62231975957712 -0.54731329710979 -0.55961260854871
		outer loop
			vertex 9.6667051315308 -3.0632491111755 18.505405426025
			vertex 10.043078422546 -3.03307056427 18.894437789917
			vertex 9.6480979919434 -3.1951470375061 18.613712310791
		endloop
	endfacet
	facet normal 0.35362683356005 -0.9344455293626 0.041947768004433
		outer loop
			vertex 9.5951070785522 -3.279116153717 18.75376701355
			vertex 9.9756345748901 -3.1229705810547 19.024217605591
			vertex 9.8746976852417 -3.1551036834717 19.159322738647
		endloop
	endfacet
	facet normal 0.52826462800308 -0.8013758264093 -0.28059448969569
		outer loop
			vertex 9.6480979919434 -3.1951470375061 18.613712310791
			vertex 10.043078422546 -3.03307056427 18.894437789917
			vertex 9.9756345748901 -3.1229705810547 19.024217605591
		endloop
	endfacet
	facet normal 0.6223185238092 -0.21098318728938 -0.75379423558764
		outer loop
			vertex 9.6667051315308 -3.0632491111755 18.505405426025
			vertex 9.6480979919434 -2.9035029411316 18.445331573486
			vertex 10.06676197052 -2.8990902900696 18.789737701416
		endloop
	endfacet
	facet normal 0.52826172936425 0.15769588882933 -0.83430902664146
		outer loop
			vertex 9.5951070785522 -2.7402284145355 18.442640304565
			vertex 10.043078422546 -2.7414267063141 18.726057052612
			vertex 9.6480979919434 -2.9035029411316 18.445331573486
		endloop
	endfacet
	facet normal 0.62231745591108 -0.54731861720494 -0.55960996714608
		outer loop
			vertex 9.6667051315308 -3.0632491111755 18.505405426025
			vertex 10.06676197052 -2.8990902900696 18.789737701416
			vertex 10.043078422546 -3.03307056427 18.894437789917
		endloop
	endfacet
	facet normal 0.62231929068502 -0.21097732631126 -0.75379524290343
		outer loop
			vertex 9.6480979919434 -2.9035029411316 18.445331573486
			vertex 10.043078422546 -2.7414267063141 18.726057052612
			vertex 10.06676197052 -2.8990902900696 18.789737701416
		endloop
	endfacet
	facet normal 0.52826289843905 0.15768188234743 -0.83431093371245
		outer loop
			vertex 9.5951070785522 -2.7402284145355 18.442640304565
			vertex 9.9756345748901 -2.5840828418732 18.713090896606
			vertex 10.043078422546 -2.7414267063141 18.726057052612
		endloop
	endfacet
	facet normal 0.64369061237526 -0.7436629645894 -0.18063164351261
		outer loop
			vertex 9.9756345748901 -3.1229705810547 19.024217605591
			vertex 10.043078422546 -3.03307056427 18.894437789917
			vertex 10.287925720215 -2.9327068328857 19.353765487671
		endloop
	endfacet
	facet normal 0.75829552792242 -0.47933002214413 -0.44184909437971
		outer loop
			vertex 10.06676197052 -2.8990902900696 18.789737701416
			vertex 10.367231369019 -2.8355801105499 19.236501693726
			vertex 10.043078422546 -3.03307056427 18.894437789917
		endloop
	endfacet
	facet normal 0.64368947797649 -0.74366415662859 -0.18063077835256
		outer loop
			vertex 10.043078422546 -3.03307056427 18.894437789917
			vertex 10.367231369019 -2.8355801105499 19.236501693726
			vertex 10.287925720215 -2.9327068328857 19.353765487671
		endloop
	endfacet
	facet normal 0.75829561442482 -0.14298843072212 -0.63603621738365
		outer loop
			vertex 10.043078422546 -2.7414267063141 18.726057052612
			vertex 10.395079612732 -2.6990621089935 19.136196136475
			vertex 10.06676197052 -2.8990902900696 18.789737701416
		endloop
	endfacet
	facet normal 0.15150941067209 -0.91139781948433 0.38262110908444
		outer loop
			vertex 9.7556352615356 -3.124577999115 19.279180526733
			vertex 9.8746976852417 -3.1551036834717 19.159322738647
			vertex 10.029232978821 -2.9578876495361 19.567895889282
		endloop
	endfacet
	facet normal 0.43089542747069 -0.89581126258141 0.10886373325013
		outer loop
			vertex 9.8746976852417 -3.1551036834717 19.159322738647
			vertex 9.9756345748901 -3.1229705810547 19.024217605591
			vertex 10.169236183167 -2.9756555557251 19.470136642456
		endloop
	endfacet
	facet normal 0.15150555826653 -0.91139784334132 0.38262257770176
		outer loop
			vertex 9.8746976852417 -3.1551036834717 19.159322738647
			vertex 10.169236183167 -2.9756555557251 19.470136642456
			vertex 10.029232978821 -2.9578876495361 19.567895889282
		endloop
	endfacet
	facet normal 0.43089428889671 -0.89581173135415 0.10886438244202
		outer loop
			vertex 9.9756345748901 -3.1229705810547 19.024217605591
			vertex 10.287925720215 -2.9327068328857 19.353765487671
			vertex 10.169236183167 -2.9756555557251 19.470136642456
		endloop
	endfacet
	facet normal 0.17285134314201 -0.89542458935888 0.41028918818984
		outer loop
			vertex 10.169236183167 -2.9756555557251 19.470136642456
			vertex 10.232535362244 -2.76771235466 19.897289276123
			vertex 10.029232978821 -2.9578876495361 19.567895889282
		endloop
	endfacet
	facet normal 0.35362447767696 0.50355199134148 -0.78827984929448
		outer loop
			vertex 9.5158014297485 -2.5982823371887 18.497737884521
			vertex 9.8746976852417 -2.4510128498077 18.752815246582
			vertex 9.9756345748901 -2.5840828418732 18.713090896606
		endloop
	endfacet
	facet normal 0.15151062756439 0.78705794599542 -0.59798354440613
		outer loop
			vertex 9.7556352615356 -2.3624756336212 18.839179992676
			vertex 10.169236183167 -2.2715649604797 19.063629150391
			vertex 9.8746976852417 -2.4510128498077 18.752815246582
		endloop
	endfacet
	facet normal 0.15150984270857 0.78705890179076 -0.59798248525718
		outer loop
			vertex 9.7556352615356 -2.3624756336212 18.839179992676
			vertex 10.029232978821 -2.1957852840424 19.127897262573
			vertex 10.169236183167 -2.2715649604797 19.063629150391
		endloop
	endfacet
	facet normal 0.43089498462557 0.54218703805747 -0.72136171785519
		outer loop
			vertex 9.8746976852417 -2.4510128498077 18.752815246582
			vertex 10.287925720215 -2.3938190937042 19.042638778687
			vertex 9.9756345748901 -2.5840828418732 18.713090896606
		endloop
	endfacet
	facet normal 0.64369184129568 0.21539703507662 -0.73434660122423
		outer loop
			vertex 9.9756345748901 -2.5840828418732 18.713090896606
			vertex 10.367231369019 -2.543936252594 19.068120956421
			vertex 10.043078422546 -2.7414267063141 18.726057052612
		endloop
	endfacet
	facet normal 0.43089555789112 0.54218581588199 -0.72136229402851
		outer loop
			vertex 9.8746976852417 -2.4510128498077 18.752815246582
			vertex 10.169236183167 -2.2715649604797 19.063629150391
			vertex 10.287925720215 -2.3938190937042 19.042638778687
		endloop
	endfacet
	facet normal 0.64369076456614 0.21540227973811 -0.7343460066589
		outer loop
			vertex 9.9756345748901 -2.5840828418732 18.713090896606
			vertex 10.287925720215 -2.3938190937042 19.042638778687
			vertex 10.367231369019 -2.543936252594 19.068120956421
		endloop
	endfacet
	facet normal 0.17285531150349 0.80303165366538 -0.5703167580358
		outer loop
			vertex 10.169236183167 -2.2715649604797 19.063629150391
			vertex 10.029232978821 -2.1957852840424 19.127897262573
			vertex 10.388098716736 -2.0668339729309 19.41823387146
		endloop
	endfacet
	facet normal 0.17285576862089 0.80303127381276 -0.57031715433883
		outer loop
			vertex 10.029232978821 -2.1957852840424 19.127897262573
			vertex 10.232535362244 -2.0056099891663 19.457290649414
			vertex 10.388098716736 -2.0668339729309 19.41823387146
		endloop
	endfacet
	facet normal 0.019211976132853 -0.75170243674025 0.65922253190545
		outer loop
			vertex 8.1999998092651 -1.2467604875565 22.531656265259
			vertex 8.6620483398438 -1.1563181877136 22.621320724487
			vertex 8.1999998092651 -1.1335643529892 22.660732269287
		endloop
	endfacet
	facet normal 0.054637153338825 -0.44162641187744 0.89553385966544
		outer loop
			vertex 8.1999998092651 -1.1335643529892 22.660732269287
			vertex 8.6898965835571 -1.0037150382996 22.694877624512
			vertex 8.1999998092651 -0.97958970069885 22.736663818359
		endloop
	endfacet
	facet normal 0.019212035269017 -0.75170257774334 0.6592223693981
		outer loop
			vertex 8.1999998092651 -1.2467604875565 22.531656265259
			vertex 8.6291990280151 -1.2678966522217 22.495046615601
			vertex 8.6620483398438 -1.1563181877136 22.621320724487
		endloop
	endfacet
	facet normal 0.054638248044939 -0.44163005234307 0.89553199759586
		outer loop
			vertex 8.1999998092651 -1.1335643529892 22.660732269287
			vertex 8.6620483398438 -1.1563181877136 22.621320724487
			vertex 8.6898965835571 -1.0037150382996 22.694877624512
		endloop
	endfacet
	facet normal 0.081622347681666 -0.065185971532624 0.99452932660343
		outer loop
			vertex 8.1999998092651 -0.97958970069885 22.736663818359
			vertex 8.7085046768188 -0.83331942558289 22.704517364502
			vertex 8.1999998092651 -0.80827778577805 22.747892379761
		endloop
	endfacet
	facet normal 0.096150133718081 0.31995416430954 0.94254150281405
		outer loop
			vertex 8.1999998092651 -0.64570933580399 22.692707061768
			vertex 8.1999998092651 -0.80827778577805 22.747892379761
			vertex 8.7150382995605 -0.67107272148132 22.648777008057
		endloop
	endfacet
	facet normal 0.019210736070002 0.94675570274907 -0.32137919492676
		outer loop
			vertex 8.1999998092651 -0.48465815186501 22.091655731201
			vertex 8.1999998092651 -0.4294735789299 22.254224777222
			vertex 8.6291990280151 -0.50579434633255 22.055046081543
		endloop
	endfacet
	facet normal 0.054637214365001 0.99636840114398 0.065305313782435
		outer loop
			vertex 8.1999998092651 -0.4294735789299 22.254224777222
			vertex 8.1999998092651 -0.44070196151733 22.425537109375
			vertex 8.6620483398438 -0.45222747325897 22.214813232422
		endloop
	endfacet
	facet normal 0.081619333171567 0.89388023295259 0.44081335459495
		outer loop
			vertex 8.1999998092651 -0.44070196151733 22.425537109375
			vertex 8.1999998092651 -0.51663386821747 22.579511642456
			vertex 8.6898965835571 -0.46482726931572 22.383750915527
		endloop
	endfacet
	facet normal 0.096153626774092 0.65628835488741 0.74835825331012
		outer loop
			vertex 8.7085046768188 -0.54167550802231 22.536136627197
			vertex 8.1999998092651 -0.51663386821747 22.579511642456
			vertex 8.1999998092651 -0.64570933580399 22.692707061768
		endloop
	endfacet
	facet normal 0.081619691806505 -0.065176554910247 0.9945301617344
		outer loop
			vertex 8.1999998092651 -0.97958970069885 22.736663818359
			vertex 8.6898965835571 -1.0037150382996 22.694877624512
			vertex 8.7085046768188 -0.83331942558289 22.704517364502
		endloop
	endfacet
	facet normal 0.096154022479218 0.31994221124167 0.94254516360059
		outer loop
			vertex 8.7085046768188 -0.83331942558289 22.704517364502
			vertex 8.7150382995605 -0.67107272148132 22.648777008057
			vertex 8.1999998092651 -0.80827778577805 22.747892379761
		endloop
	endfacet
	facet normal 0.096150158568513 0.65629595141832 0.7483520369179
		outer loop
			vertex 8.7085046768188 -0.54167550802231 22.536136627197
			vertex 8.1999998092651 -0.64570933580399 22.692707061768
			vertex 8.7150382995605 -0.67107272148132 22.648777008057
		endloop
	endfacet
	facet normal 0.019210833582907 0.94675576411601 -0.32137900831598
		outer loop
			vertex 8.1999998092651 -0.4294735789299 22.254224777222
			vertex 8.6620483398438 -0.45222747325897 22.214813232422
			vertex 8.6291990280151 -0.50579434633255 22.055046081543
		endloop
	endfacet
	facet normal 0.054637114484191 0.99636842104678 0.065305093687912
		outer loop
			vertex 8.6620483398438 -0.45222747325897 22.214813232422
			vertex 8.1999998092651 -0.44070196151733 22.425537109375
			vertex 8.6898965835571 -0.46482726931572 22.383750915527
		endloop
	endfacet
	facet normal 0.08162087932919 0.89387842021004 0.44081674416964
		outer loop
			vertex 8.6898965835571 -0.46482726931572 22.383750915527
			vertex 8.1999998092651 -0.51663386821747 22.579511642456
			vertex 8.7085046768188 -0.54167550802231 22.536136627197
		endloop
	endfacet
	facet normal 0.056894705181449 -0.75545030145922 0.65273105835978
		outer loop
			vertex 8.6291990280151 -1.2678966522217 22.495046615601
			vertex 9.1063404083252 -1.2237055301666 22.504602432251
			vertex 8.6620483398438 -1.1563181877136 22.621320724487
		endloop
	endfacet
	facet normal 0.16181079952331 -0.45228887897878 0.87707014263954
		outer loop
			vertex 8.6620483398438 -1.1563181877136 22.621320724487
			vertex 9.1609668731689 -1.0751637220383 22.571125030518
			vertex 8.6898965835571 -1.0037150382996 22.694877624512
		endloop
	endfacet
	facet normal 0.056894515807185 -0.75544866889035 0.65273296434519
		outer loop
			vertex 9.0419034957886 -1.3304929733276 22.386627197266
			vertex 9.1063404083252 -1.2237055301666 22.504602432251
			vertex 8.6291990280151 -1.2678966522217 22.495046615601
		endloop
	endfacet
	facet normal 0.16181100016619 -0.45229072380646 0.87706915427681
		outer loop
			vertex 8.6620483398438 -1.1563181877136 22.621320724487
			vertex 9.1063404083252 -1.2237055301666 22.504602432251
			vertex 9.1609668731689 -1.0751637220383 22.571125030518
		endloop
	endfacet
	facet normal 0.24172158162875 -0.08110368533035 0.96695029303513
		outer loop
			vertex 8.6898965835571 -1.0037150382996 22.694877624512
			vertex 9.1609668731689 -1.0751637220383 22.571125030518
			vertex 9.1974668502808 -0.90748208761215 22.576065063477
		endloop
	endfacet
	facet normal 0.092394263479321 -0.76280097032661 0.63999842167375
		outer loop
			vertex 9.0419034957886 -1.3304929733276 22.386627197266
			vertex 9.5158014297485 -1.3331364393234 22.315061569214
			vertex 9.1063404083252 -1.2237055301666 22.504602432251
		endloop
	endfacet
	facet normal 0.092393246945232 0.93565533697035 -0.34060619242435
		outer loop
			vertex 9.0419034957886 -0.56839066743851 21.946626663208
			vertex 9.1063404083252 -0.51961469650269 22.098094940186
			vertex 9.4222545623779 -0.67004156112671 21.77056312561
		endloop
	endfacet
	facet normal 0.24172102450224 -0.081100215570116 0.96695072332982
		outer loop
			vertex 8.7085046768188 -0.83331942558289 22.704517364502
			vertex 8.6898965835571 -1.0037150382996 22.694877624512
			vertex 9.1974668502808 -0.90748208761215 22.576065063477
		endloop
	endfacet
	facet normal 0.28475747645526 0.63753726639929 0.71586270579976
		outer loop
			vertex 8.7085046768188 -0.54167550802231 22.536136627197
			vertex 8.7150382995605 -0.67107272148132 22.648777008057
			vertex 9.1974668502808 -0.61583811044693 22.407684326172
		endloop
	endfacet
	facet normal 0.28475863510244 0.30118506307979 0.91005498598284
		outer loop
			vertex 8.7085046768188 -0.83331942558289 22.704517364502
			vertex 9.2102842330933 -0.74618834257126 22.518672943115
			vertex 8.7150382995605 -0.67107272148132 22.648777008057
		endloop
	endfacet
	facet normal 0.056896068343627 0.94300775102682 -0.32787073506242
		outer loop
			vertex 9.0419034957886 -0.56839066743851 21.946626663208
			vertex 8.6291990280151 -0.50579434633255 22.055046081543
			vertex 8.6620483398438 -0.45222747325897 22.214813232422
		endloop
	endfacet
	facet normal 0.16181169860201 0.98570923641871 0.046843093774661
		outer loop
			vertex 8.6620483398438 -0.45222747325897 22.214813232422
			vertex 8.6898965835571 -0.46482726931572 22.383750915527
			vertex 9.1063404083252 -0.51961469650269 22.098094940186
		endloop
	endfacet
	facet normal 0.056894930176083 0.94300732357118 -0.32787216199516
		outer loop
			vertex 9.0419034957886 -0.56839066743851 21.946626663208
			vertex 8.6620483398438 -0.45222747325897 22.214813232422
			vertex 9.1063404083252 -0.51961469650269 22.098094940186
		endloop
	endfacet
	facet normal 0.24172334495703 0.87795533436562 0.41323631902548
		outer loop
			vertex 8.6898965835571 -0.46482726931572 22.383750915527
			vertex 8.7085046768188 -0.54167550802231 22.536136627197
			vertex 9.1609668731689 -0.5362760424614 22.259996414185
		endloop
	endfacet
	facet normal 0.28475731169176 0.30119004849123 0.91005375013124
		outer loop
			vertex 8.7085046768188 -0.83331942558289 22.704517364502
			vertex 9.1974668502808 -0.90748208761215 22.576065063477
			vertex 9.2102842330933 -0.74618834257126 22.518672943115
		endloop
	endfacet
	facet normal 0.28475894144048 0.63753412783934 0.71586491820023
		outer loop
			vertex 9.1974668502808 -0.61583811044693 22.407684326172
			vertex 8.7150382995605 -0.67107272148132 22.648777008057
			vertex 9.2102842330933 -0.74618834257126 22.518672943115
		endloop
	endfacet
	facet normal 0.16181194904944 0.98570917741689 0.046843470205935
		outer loop
			vertex 8.6898965835571 -0.46482726931572 22.383750915527
			vertex 9.1609668731689 -0.5362760424614 22.259996414185
			vertex 9.1063404083252 -0.51961469650269 22.098094940186
		endloop
	endfacet
	facet normal 0.24172065314422 0.87795812576214 0.41323196300838
		outer loop
			vertex 8.7085046768188 -0.54167550802231 22.536136627197
			vertex 9.1974668502808 -0.61583811044693 22.407684326172
			vertex 9.1609668731689 -0.5362760424614 22.259996414185
		endloop
	endfacet
	facet normal 0.17285568252653 -0.80303116734029 0.57031733035073
		outer loop
			vertex 10.232535362244 -1.9258086681366 21.35551071167
			vertex 10.388098716736 -1.8645846843719 21.394567489624
			vertex 10.029232978821 -1.7356332540512 21.684904098511
		endloop
	endfacet
	facet normal 0.17285584835963 0.89542467431981 -0.41028710472928
		outer loop
			vertex 10.232535362244 -1.1637064218521 20.915510177612
			vertex 10.029232978821 -0.97353088855743 21.244903564453
			vertex 10.169236183167 -0.95576304197311 21.342664718628
		endloop
	endfacet
	facet normal 0.092394336480376 -0.76280056836091 0.63999889022922
		outer loop
			vertex 9.0419034957886 -1.3304929733276 22.386627197266
			vertex 9.4222545623779 -1.4321439266205 22.210561752319
			vertex 9.5158014297485 -1.3331364393234 22.315061569214
		endloop
	endfacet
	facet normal 0.2627670336605 -0.47319911452606 0.84085437742395
		outer loop
			vertex 9.1063404083252 -1.2237055301666 22.504602432251
			vertex 9.5951070785522 -1.1911903619766 22.370161056519
			vertex 9.1609668731689 -1.0751637220383 22.571125030518
		endloop
	endfacet
	facet normal 0.39253557025446 -0.11233818623997 0.91285045763111
		outer loop
			vertex 9.1974668502808 -0.90748208761215 22.576065063477
			vertex 9.1609668731689 -1.0751637220383 22.571125030518
			vertex 9.6480979919434 -1.027915596962 22.367467880249
		endloop
	endfacet
	facet normal 0.26276666968099 -0.47320359243953 0.84085197116204
		outer loop
			vertex 9.5158014297485 -1.3331364393234 22.315061569214
			vertex 9.5951070785522 -1.1911903619766 22.370161056519
			vertex 9.1063404083252 -1.2237055301666 22.504602432251
		endloop
	endfacet
	facet normal 0.39253565671126 -0.1123404258972 0.91285014483183
		outer loop
			vertex 9.1609668731689 -1.0751637220383 22.571125030518
			vertex 9.5951070785522 -1.1911903619766 22.370161056519
			vertex 9.6480979919434 -1.027915596962 22.367467880249
		endloop
	endfacet
	facet normal 0.12433997110345 -0.77347321167524 0.62151328417563
		outer loop
			vertex 9.4222545623779 -1.4321439266205 22.210561752319
			vertex 9.8746976852417 -1.4804056882858 22.059984207153
			vertex 9.5158014297485 -1.3331364393234 22.315061569214
		endloop
	endfacet
	facet normal 0.12434037226254 -0.77347239019381 0.6215142262519
		outer loop
			vertex 9.4222545623779 -1.4321439266205 22.210561752319
			vertex 9.7556352615356 -1.5689430236816 21.97361946106
			vertex 9.8746976852417 -1.4804056882858 22.059984207153
		endloop
	endfacet
	facet normal 0.35362325032239 -0.50355728237648 0.78827701996001
		outer loop
			vertex 9.5158014297485 -1.3331364393234 22.315061569214
			vertex 9.9756345748901 -1.3473356962204 22.099708557129
			vertex 9.5951070785522 -1.1911903619766 22.370161056519
		endloop
	endfacet
	facet normal 0.092393673766679 0.93565542925773 -0.3406058231276
		outer loop
			vertex 9.4222545623779 -0.67004156112671 21.77056312561
			vertex 9.1063404083252 -0.51961469650269 22.098094940186
			vertex 9.5158014297485 -0.62904566526413 21.908555984497
		endloop
	endfacet
	facet normal 0.12433902862086 0.92498285601977 -0.35909124471522
		outer loop
			vertex 9.4222545623779 -0.67004156112671 21.77056312561
			vertex 9.5158014297485 -0.62904566526413 21.908555984497
			vertex 9.7556352615356 -0.80684065818787 21.533618927002
		endloop
	endfacet
	facet normal 0.12433895808394 0.92498284923448 -0.35909128661758
		outer loop
			vertex 9.5158014297485 -0.62904566526413 21.908555984497
			vertex 9.8746976852417 -0.77631491422653 21.653476715088
			vertex 9.7556352615356 -0.80684065818787 21.533618927002
		endloop
	endfacet
	facet normal 0.35362591372562 0.93444585682789 -0.041948227601495
		outer loop
			vertex 9.5158014297485 -0.62904566526413 21.908555984497
			vertex 9.5951070785522 -0.65230256319046 22.059032440186
			vertex 9.8746976852417 -0.77631491422653 21.653476715088
		endloop
	endfacet
	facet normal 0.46242315698241 0.60073869324211 0.65213330410905
		outer loop
			vertex 9.1974668502808 -0.61583811044693 22.407684326172
			vertex 9.2102842330933 -0.74618834257126 22.518672943115
			vertex 9.6480979919434 -0.7362716794014 22.199087142944
		endloop
	endfacet
	facet normal 0.39253465550035 0.84672327070423 0.35913263159889
		outer loop
			vertex 9.1609668731689 -0.5362760424614 22.259996414185
			vertex 9.1974668502808 -0.61583811044693 22.407684326172
			vertex 9.5951070785522 -0.65230256319046 22.059032440186
		endloop
	endfacet
	facet normal 0.26276827592737 0.96480043521465 0.010627952567708
		outer loop
			vertex 9.5158014297485 -0.62904566526413 21.908555984497
			vertex 9.1609668731689 -0.5362760424614 22.259996414185
			vertex 9.5951070785522 -0.65230256319046 22.059032440186
		endloop
	endfacet
	facet normal 0.39253343422608 0.84672448135817 0.35913111210729
		outer loop
			vertex 9.1974668502808 -0.61583811044693 22.407684326172
			vertex 9.6480979919434 -0.7362716794014 22.199087142944
			vertex 9.5951070785522 -0.65230256319046 22.059032440186
		endloop
	endfacet
	facet normal 0.46242562931292 0.26439367611259 0.84632057837809
		outer loop
			vertex 9.2102842330933 -0.74618834257126 22.518672943115
			vertex 9.1974668502808 -0.90748208761215 22.576065063477
			vertex 9.6667051315308 -0.86816942691803 22.30739402771
		endloop
	endfacet
	facet normal 0.26276866174487 0.96480032552508 0.010628371066062
		outer loop
			vertex 9.5158014297485 -0.62904566526413 21.908555984497
			vertex 9.1063404083252 -0.51961469650269 22.098094940186
			vertex 9.1609668731689 -0.5362760424614 22.259996414185
		endloop
	endfacet
	facet normal 0.46242579676732 0.60073292961145 0.65213674161525
		outer loop
			vertex 9.2102842330933 -0.74618834257126 22.518672943115
			vertex 9.6667051315308 -0.86816942691803 22.30739402771
			vertex 9.6480979919434 -0.7362716794014 22.199087142944
		endloop
	endfacet
	facet normal 0.46242391407767 0.26440224949296 0.84631883717199
		outer loop
			vertex 9.1974668502808 -0.90748208761215 22.576065063477
			vertex 9.6480979919434 -1.027915596962 22.367467880249
			vertex 9.6667051315308 -0.86816942691803 22.30739402771
		endloop
	endfacet
	facet normal 0.151507648286 -0.78705837896877 0.59798372938225
		outer loop
			vertex 10.029232978821 -1.7356332540512 21.684904098511
			vertex 10.169236183167 -1.6598538160324 21.749172210693
			vertex 9.7556352615356 -1.5689430236816 21.97361946106
		endloop
	endfacet
	facet normal 0.15150901945593 -0.78705670915118 0.59798557976226
		outer loop
			vertex 10.169236183167 -1.6598538160324 21.749172210693
			vertex 9.8746976852417 -1.4804056882858 22.059984207153
			vertex 9.7556352615356 -1.5689430236816 21.97361946106
		endloop
	endfacet
	facet normal 0.17285445698678 -0.80303218573071 0.57031626785527
		outer loop
			vertex 10.029232978821 -1.7356332540512 21.684904098511
			vertex 10.388098716736 -1.8645846843719 21.394567489624
			vertex 10.169236183167 -1.6598538160324 21.749172210693
		endloop
	endfacet
	facet normal 0.43089306481367 -0.54218612829493 0.72136354841373
		outer loop
			vertex 9.8746976852417 -1.4804056882858 22.059984207153
			vertex 10.287925720215 -1.5375994443893 21.770162582397
			vertex 9.9756345748901 -1.3473356962204 22.099708557129
		endloop
	endfacet
	facet normal 0.43089415622729 -0.54218380143857 0.72136464536793
		outer loop
			vertex 10.169236183167 -1.6598538160324 21.749172210693
			vertex 10.287925720215 -1.5375994443893 21.770162582397
			vertex 9.8746976852417 -1.4804056882858 22.059984207153
		endloop
	endfacet
	facet normal 0.64368896182198 -0.21540117518274 0.73434791084229
		outer loop
			vertex 9.9756345748901 -1.3473356962204 22.099708557129
			vertex 10.287925720215 -1.5375994443893 21.770162582397
			vertex 10.367231369019 -1.3874824047089 21.744680404663
		endloop
	endfacet
	facet normal 0.64368969466953 0.74366395367872 0.18063084170534
		outer loop
			vertex 10.043078422546 -0.89834797382355 21.918363571167
			vertex 10.367231369019 -1.0958385467529 21.576299667358
			vertex 10.287925720215 -0.99871176481247 21.459035873413
		endloop
	endfacet
	facet normal 0.64368827990367 -0.21540449671357 0.73434753428484
		outer loop
			vertex 9.9756345748901 -1.3473356962204 22.099708557129
			vertex 10.367231369019 -1.3874824047089 21.744680404663
			vertex 10.043078422546 -1.1899919509888 22.086744308472
		endloop
	endfacet
	facet normal 0.75829564915724 0.47932971493452 0.4418492195874
		outer loop
			vertex 10.043078422546 -0.89834797382355 21.918363571167
			vertex 10.06676197052 -1.0323283672333 22.023063659668
			vertex 10.367231369019 -1.0958385467529 21.576299667358
		endloop
	endfacet
	facet normal 0.75829712921982 0.14298755340163 0.63603460864106
		outer loop
			vertex 10.06676197052 -1.0323283672333 22.023063659668
			vertex 10.043078422546 -1.1899919509888 22.086744308472
			vertex 10.395079612732 -1.2323566675186 21.676603317261
		endloop
	endfacet
	facet normal 0.35362466642855 -0.50355209035548 0.78827970136996
		outer loop
			vertex 9.5158014297485 -1.3331364393234 22.315061569214
			vertex 9.8746976852417 -1.4804056882858 22.059984207153
			vertex 9.9756345748901 -1.3473356962204 22.099708557129
		endloop
	endfacet
	facet normal 0.52826257104062 -0.15768616393632 0.83431033179543
		outer loop
			vertex 10.043078422546 -1.1899919509888 22.086744308472
			vertex 9.6480979919434 -1.027915596962 22.367467880249
			vertex 9.5951070785522 -1.1911903619766 22.370161056519
		endloop
	endfacet
	facet normal 0.52826209358533 -0.1576918842528 0.83430955293682
		outer loop
			vertex 9.9756345748901 -1.3473356962204 22.099708557129
			vertex 10.043078422546 -1.1899919509888 22.086744308472
			vertex 9.5951070785522 -1.1911903619766 22.370161056519
		endloop
	endfacet
	facet normal 0.62231716015296 0.21097825212299 0.75379674270342
		outer loop
			vertex 10.06676197052 -1.0323283672333 22.023063659668
			vertex 9.6480979919434 -1.027915596962 22.367467880249
			vertex 10.043078422546 -1.1899919509888 22.086744308472
		endloop
	endfacet
	facet normal 0.15150899143953 0.91139786849457 -0.38262115834926
		outer loop
			vertex 10.029232978821 -0.97353088855743 21.244903564453
			vertex 9.7556352615356 -0.80684065818787 21.533618927002
			vertex 9.8746976852417 -0.77631491422653 21.653476715088
		endloop
	endfacet
	facet normal 0.35362666838129 0.93444559814607 -0.041947628240266
		outer loop
			vertex 9.8746976852417 -0.77631491422653 21.653476715088
			vertex 9.5951070785522 -0.65230256319046 22.059032440186
			vertex 9.9756345748901 -0.80844801664352 21.788581848145
		endloop
	endfacet
	facet normal 0.52826087773289 0.80137949035466 0.28059108591646
		outer loop
			vertex 9.9756345748901 -0.80844801664352 21.788581848145
			vertex 9.5951070785522 -0.65230256319046 22.059032440186
			vertex 9.6480979919434 -0.7362716794014 22.199087142944
		endloop
	endfacet
	facet normal 0.52826243243316 0.80137793545201 0.28059259977853
		outer loop
			vertex 9.9756345748901 -0.80844801664352 21.788581848145
			vertex 9.6480979919434 -0.7362716794014 22.199087142944
			vertex 10.043078422546 -0.89834797382355 21.918363571167
		endloop
	endfacet
	facet normal 0.15150991860608 0.91139786275091 -0.38262080489311
		outer loop
			vertex 10.029232978821 -0.97353088855743 21.244903564453
			vertex 9.8746976852417 -0.77631491422653 21.653476715088
			vertex 10.169236183167 -0.95576304197311 21.342664718628
		endloop
	endfacet
	facet normal 0.43089573466106 0.89581108170093 -0.10886400577192
		outer loop
			vertex 10.169236183167 -0.95576304197311 21.342664718628
			vertex 9.8746976852417 -0.77631491422653 21.653476715088
			vertex 9.9756345748901 -0.80844801664352 21.788581848145
		endloop
	endfacet
	facet normal 0.43089453435383 0.89581157589033 -0.10886469016575
		outer loop
			vertex 10.169236183167 -0.95576304197311 21.342664718628
			vertex 9.9756345748901 -0.80844801664352 21.788581848145
			vertex 10.287925720215 -0.99871176481247 21.459035873413
		endloop
	endfacet
	facet normal 0.6436891811187 0.74366449332256 0.18063045004109
		outer loop
			vertex 9.9756345748901 -0.80844801664352 21.788581848145
			vertex 10.043078422546 -0.89834797382355 21.918363571167
			vertex 10.287925720215 -0.99871176481247 21.459035873413
		endloop
	endfacet
	facet normal 0.62231792113292 0.54731449583773 0.55961348061201
		outer loop
			vertex 10.043078422546 -0.89834797382355 21.918363571167
			vertex 9.6480979919434 -0.7362716794014 22.199087142944
			vertex 9.6667051315308 -0.86816942691803 22.30739402771
		endloop
	endfacet
	facet normal 0.62231640744669 0.21098400481051 0.75379575399227
		outer loop
			vertex 10.06676197052 -1.0323283672333 22.023063659668
			vertex 9.6667051315308 -0.86816942691803 22.30739402771
			vertex 9.6480979919434 -1.027915596962 22.367467880249
		endloop
	endfacet
	facet normal 0.62231601047054 0.54731890833268 0.5596112898196
		outer loop
			vertex 10.043078422546 -0.89834797382355 21.918363571167
			vertex 9.6667051315308 -0.86816942691803 22.30739402771
			vertex 10.06676197052 -1.0323283672333 22.023063659668
		endloop
	endfacet
	facet normal 0.7582956502744 -0.47932971210363 -0.44184922074117
		outer loop
			vertex 10.06676197052 -2.8990902900696 18.789737701416
			vertex 10.395079612732 -2.6990621089935 19.136196136475
			vertex 10.367231369019 -2.8355801105499 19.236501693726
		endloop
	endfacet
	facet normal 0.86513370600717 -0.39938212969827 -0.30337696881599
		outer loop
			vertex 10.395079612732 -2.6990621089935 19.136196136475
			vertex 10.60809803009 -2.6102647781372 19.626758575439
			vertex 10.367231369019 -2.8355801105499 19.236501693726
		endloop
	endfacet
	facet normal 0.73438040317077 -0.67579994337422 -0.063086131393032
		outer loop
			vertex 10.367231369019 -2.8355801105499 19.236501693726
			vertex 10.519978523254 -2.7156364917755 19.729742050171
			vertex 10.287925720215 -2.9327068328857 19.353765487671
		endloop
	endfacet
	facet normal 0.73438088715656 -0.67579939090174 -0.063086415621604
		outer loop
			vertex 10.367231369019 -2.8355801105499 19.236501693726
			vertex 10.60809803009 -2.6102647781372 19.626758575439
			vertex 10.519978523254 -2.7156364917755 19.729742050171
		endloop
	endfacet
	facet normal 0.49160402220703 -0.85038255244998 0.1875499929046
		outer loop
			vertex 10.169236183167 -2.9756555557251 19.470136642456
			vertex 10.287925720215 -2.9327068328857 19.353765487671
			vertex 10.388098716736 -2.7709248065948 19.824739456177
		endloop
	endfacet
	facet normal 0.17285466571858 -0.89542424940417 0.41028853032748
		outer loop
			vertex 10.169236183167 -2.9756555557251 19.470136642456
			vertex 10.388098716736 -2.7709248065948 19.824739456177
			vertex 10.232535362244 -2.76771235466 19.897289276123
		endloop
	endfacet
	facet normal 0.49160574992636 -0.85038169933443 0.18754933238066
		outer loop
			vertex 10.287925720215 -2.9327068328857 19.353765487671
			vertex 10.519978523254 -2.7156364917755 19.729742050171
			vertex 10.388098716736 -2.7709248065948 19.824739456177
		endloop
	endfacet
	facet normal 0.75829565918035 -0.1429876755263 -0.63603633380164
		outer loop
			vertex 10.043078422546 -2.7414267063141 18.726057052612
			vertex 10.367231369019 -2.543936252594 19.068120956421
			vertex 10.395079612732 -2.6990621089935 19.136196136475
		endloop
	endfacet
	facet normal 0.49160403233375 0.58761448759577 -0.64267774923422
		outer loop
			vertex 10.169236183167 -2.2715649604797 19.063629150391
			vertex 10.519978523254 -2.176748752594 19.418615341187
			vertex 10.287925720215 -2.3938190937042 19.042638778687
		endloop
	endfacet
	facet normal 0.73438020580964 0.28326545725681 -0.61680336740332
		outer loop
			vertex 10.367231369019 -2.543936252594 19.068120956421
			vertex 10.287925720215 -2.3938190937042 19.042638778687
			vertex 10.60809803009 -2.3186209201813 19.458377838135
		endloop
	endfacet
	facet normal 0.86513298601241 -0.063041557375767 -0.49756474810509
		outer loop
			vertex 10.367231369019 -2.543936252594 19.068120956421
			vertex 10.639041900635 -2.4708514213562 19.531467437744
			vertex 10.395079612732 -2.6990621089935 19.136196136475
		endloop
	endfacet
	facet normal 0.73438002076799 0.28326602405206 -0.61680332741851
		outer loop
			vertex 10.287925720215 -2.3938190937042 19.042638778687
			vertex 10.519978523254 -2.176748752594 19.418615341187
			vertex 10.60809803009 -2.3186209201813 19.458377838135
		endloop
	endfacet
	facet normal 0.4916041489375 0.58761431458065 -0.64267781823193
		outer loop
			vertex 10.169236183167 -2.2715649604797 19.063629150391
			vertex 10.388098716736 -2.0668339729309 19.41823387146
			vertex 10.519978523254 -2.176748752594 19.418615341187
		endloop
	endfacet
	facet normal 0.18755994969804 0.8207796613642 -0.53957577110183
		outer loop
			vertex 10.232535362244 -2.0056099891663 19.457290649414
			vertex 10.357728004456 -1.799257516861 19.814702987671
			vertex 10.522872924805 -1.8446880578995 19.803001403809
		endloop
	endfacet
	facet normal 0.18755927072346 0.82078006719389 -0.53957538978616
		outer loop
			vertex 10.232535362244 -2.0056099891663 19.457290649414
			vertex 10.522872924805 -1.8446880578995 19.803001403809
			vertex 10.388098716736 -2.0668339729309 19.41823387146
		endloop
	endfacet
	facet normal 0.86513271955117 -0.39938498443332 -0.30337602372499
		outer loop
			vertex 10.395079612732 -2.6990621089935 19.136196136475
			vertex 10.639041900635 -2.4708514213562 19.531467437744
			vertex 10.60809803009 -2.6102647781372 19.626758575439
		endloop
	endfacet
	facet normal 0.8651329368365 -0.063037872908479 -0.49756530041777
		outer loop
			vertex 10.367231369019 -2.543936252594 19.068120956421
			vertex 10.60809803009 -2.3186209201813 19.458377838135
			vertex 10.639041900635 -2.4708514213562 19.531467437744
		endloop
	endfacet
	facet normal 0.79684940467917 -0.60039318760881 0.06752071189933
		outer loop
			vertex 10.60809803009 -2.6102647781372 19.626758575439
			vertex 10.66287612915 -2.4801015853882 20.137701034546
			vertex 10.519978523254 -2.7156364917755 19.729742050171
		endloop
	endfacet
	facet normal 0.93872376869754 -0.3105526933106 -0.14951491818482
		outer loop
			vertex 10.639041900635 -2.4708514213562 19.531467437744
			vertex 10.756423950195 -2.3657834529877 20.050212860107
			vertex 10.60809803009 -2.6102647781372 19.626758575439
		endloop
	endfacet
	facet normal 0.93872399003366 0.025793900814338 -0.34370328077581
		outer loop
			vertex 10.60809803009 -2.3186209201813 19.458377838135
			vertex 10.789273262024 -2.2232284545898 19.960363388062
			vertex 10.639041900635 -2.4708514213562 19.531467437744
		endloop
	endfacet
	facet normal 0.93872470556669 -0.31054944228379 -0.14951578865111
		outer loop
			vertex 10.639041900635 -2.4708514213562 19.531467437744
			vertex 10.789273262024 -2.2232284545898 19.960363388062
			vertex 10.756423950195 -2.3657834529877 20.050212860107
		endloop
	endfacet
	facet normal 0.53342209839381 0.63809247081066 -0.55524666918397
		outer loop
			vertex 10.388098716736 -2.0668339729309 19.41823387146
			vertex 10.66287612915 -1.9412137269974 19.826574325562
			vertex 10.519978523254 -2.176748752594 19.418615341187
		endloop
	endfacet
	facet normal 0.7968486909513 0.35867175308585 -0.48619619215654
		outer loop
			vertex 10.519978523254 -2.176748752594 19.418615341187
			vertex 10.756423950195 -2.0741395950317 19.881832122803
			vertex 10.60809803009 -2.3186209201813 19.458377838135
		endloop
	endfacet
	facet normal 0.5334232872566 0.63809113769583 -0.55524705907047
		outer loop
			vertex 10.388098716736 -2.0668339729309 19.41823387146
			vertex 10.522872924805 -1.8446880578995 19.803001403809
			vertex 10.66287612915 -1.9412137269974 19.826574325562
		endloop
	endfacet
	facet normal 0.79684722145882 0.35867504584526 -0.48619617145887
		outer loop
			vertex 10.519978523254 -2.176748752594 19.418615341187
			vertex 10.66287612915 -1.9412137269974 19.826574325562
			vertex 10.756423950195 -2.0741395950317 19.881832122803
		endloop
	endfacet
	facet normal 0.93872430274437 0.025790252974347 -0.34370270043836
		outer loop
			vertex 10.60809803009 -2.3186209201813 19.458377838135
			vertex 10.756423950195 -2.0741395950317 19.881832122803
			vertex 10.789273262024 -2.2232284545898 19.960363388062
		endloop
	endfacet
	facet normal 0.18755736534681 -0.87767647677917 0.44102861223811
		outer loop
			vertex 10.232535362244 -2.76771235466 19.897289276123
			vertex 10.388098716736 -2.7709248065948 19.824739456177
			vertex 10.357728004456 -2.5613598823547 20.254703521729
		endloop
	endfacet
	facet normal 0.53342285889067 -0.79990384602642 0.27497980057643
		outer loop
			vertex 10.388098716736 -2.7709248065948 19.824739456177
			vertex 10.519978523254 -2.7156364917755 19.729742050171
			vertex 10.522872924805 -2.5487787723541 20.209508895874
		endloop
	endfacet
	facet normal 0.18755808336738 -0.8776763330547 0.44102859290438
		outer loop
			vertex 10.388098716736 -2.7709248065948 19.824739456177
			vertex 10.522872924805 -2.5487787723541 20.209508895874
			vertex 10.357728004456 -2.5613598823547 20.254703521729
		endloop
	endfacet
	facet normal 0.19505424197034 -0.85883335105067 0.47366561814475
		outer loop
			vertex 10.357728004456 -2.5613598823547 20.254703521729
			vertex 10.522872924805 -2.5487787723541 20.209508895874
			vertex 10.39999961853 -2.3467605113983 20.626399993896
		endloop
	endfacet
	facet normal 0.19505420355381 -0.85883336286338 0.47366561254621
		outer loop
			vertex 10.522872924805 -2.5487787723541 20.209508895874
			vertex 10.568380355835 -2.3177547454834 20.6096534729
			vertex 10.39999961853 -2.3467605113983 20.626399993896
		endloop
	endfacet
	facet normal 0.53342259293345 -0.79990400394967 0.27497985710493
		outer loop
			vertex 10.519978523254 -2.7156364917755 19.729742050171
			vertex 10.66287612915 -2.4801015853882 20.137701034546
			vertex 10.522872924805 -2.5487787723541 20.209508895874
		endloop
	endfacet
	facet normal 0.79684784198508 -0.60039518554904 0.06752138841326
		outer loop
			vertex 10.60809803009 -2.6102647781372 19.626758575439
			vertex 10.756423950195 -2.3657834529877 20.050212860107
			vertex 10.66287612915 -2.4801015853882 20.137701034546
		endloop
	endfacet
	facet normal 0.82869434266264 -0.52034409534445 0.20617397721124
		outer loop
			vertex 10.756423950195 -2.3657834529877 20.050212860107
			vertex 10.711127281189 -2.2351531982422 20.561964035034
			vertex 10.66287612915 -2.4801015853882 20.137701034546
		endloop
	endfacet
	facet normal 0.55474149665408 -0.7463157377877 0.36779707913522
		outer loop
			vertex 10.522872924805 -2.5487787723541 20.209508895874
			vertex 10.66287612915 -2.4801015853882 20.137701034546
			vertex 10.568380355835 -2.3177547454834 20.6096534729
		endloop
	endfacet
	facet normal 0.55473771924716 -0.74631845725873 0.36779725828153
		outer loop
			vertex 10.66287612915 -2.4801015853882 20.137701034546
			vertex 10.711127281189 -2.2351531982422 20.561964035034
			vertex 10.568380355835 -2.3177547454834 20.6096534729
		endloop
	endfacet
	facet normal 0.82869368953532 0.43872574210577 -0.3475435111437
		outer loop
			vertex 10.66287612915 -1.9412137269974 19.826574325562
			vertex 10.806507110596 -1.8198873996735 20.32221031189
			vertex 10.756423950195 -2.0741395950317 19.881832122803
		endloop
	endfacet
	facet normal 0.82869592998857 -0.52034174901928 0.2061735187844
		outer loop
			vertex 10.756423950195 -2.3657834529877 20.050212860107
			vertex 10.806507110596 -2.1115312576294 20.490591049194
			vertex 10.711127281189 -2.2351531982422 20.561964035034
		endloop
	endfacet
	facet normal 0.19505420547727 -0.83962250218106 0.5069397506182
		outer loop
			vertex 10.39999961853 -2.3467605113983 20.626399993896
			vertex 10.568380355835 -2.3177547454834 20.6096534729
			vertex 10.357728004456 -2.1321611404419 20.998096466064
		endloop
	endfacet
	facet normal 0.19505523948926 -0.83962205298724 0.50694009674249
		outer loop
			vertex 10.357728004456 -2.1321611404419 20.998096466064
			vertex 10.568380355835 -2.3177547454834 20.6096534729
			vertex 10.522872924805 -2.0867307186127 21.009798049927
		endloop
	endfacet
	facet normal 0.18755988883586 -0.82078105374842 0.53957367421652
		outer loop
			vertex 10.232535362244 -1.9258086681366 21.35551071167
			vertex 10.357728004456 -2.1321611404419 20.998096466064
			vertex 10.522872924805 -2.0867307186127 21.009798049927
		endloop
	endfacet
	facet normal 0.1875600348003 -0.82078096650449 0.53957375619063
		outer loop
			vertex 10.232535362244 -1.9258086681366 21.35551071167
			vertex 10.522872924805 -2.0867307186127 21.009798049927
			vertex 10.388098716736 -1.8645846843719 21.394567489624
		endloop
	endfacet
	facet normal 0.55473745626869 -0.69168126658893 0.46243202750511
		outer loop
			vertex 10.568380355835 -2.3177547454834 20.6096534729
			vertex 10.711127281189 -2.2351531982422 20.561964035034
			vertex 10.522872924805 -2.0867307186127 21.009798049927
		endloop
	endfacet
	facet normal 0.55473768110122 -0.69168106725159 0.46243205595217
		outer loop
			vertex 10.711127281189 -2.2351531982422 20.561964035034
			vertex 10.66287612915 -1.9902049303055 20.986227035522
			vertex 10.522872924805 -2.0867307186127 21.009798049927
		endloop
	endfacet
	facet normal 0.82869579075841 -0.43872201377052 0.34754320740367
		outer loop
			vertex 10.711127281189 -2.2351531982422 20.561964035034
			vertex 10.806507110596 -2.1115312576294 20.490591049194
			vertex 10.66287612915 -1.9902049303055 20.986227035522
		endloop
	endfacet
	facet normal 0.82869549924682 -0.43872253102038 0.34754324954333
		outer loop
			vertex 10.756423950195 -1.8572791814804 20.930967330933
			vertex 10.66287612915 -1.9902049303055 20.986227035522
			vertex 10.806507110596 -2.1115312576294 20.490591049194
		endloop
	endfacet
	facet normal 0.53341920018674 -0.63809572065771 0.55524571871421
		outer loop
			vertex 10.522872924805 -2.0867307186127 21.009798049927
			vertex 10.66287612915 -1.9902049303055 20.986227035522
			vertex 10.388098716736 -1.8645846843719 21.394567489624
		endloop
	endfacet
	facet normal 0.53342625142979 -0.63808781384328 0.55524803116289
		outer loop
			vertex 10.66287612915 -1.9902049303055 20.986227035522
			vertex 10.519978523254 -1.7546699047089 21.394184112549
			vertex 10.388098716736 -1.8645846843719 21.394567489624
		endloop
	endfacet
	facet normal 0.79684946331262 -0.35866992618095 0.48619627402083
		outer loop
			vertex 10.756423950195 -1.8572791814804 20.930967330933
			vertex 10.519978523254 -1.7546699047089 21.394184112549
			vertex 10.66287612915 -1.9902049303055 20.986227035522
		endloop
	endfacet
	facet normal 0.9762412410374 -0.21624511856364 0.013823458147614
		outer loop
			vertex 10.756423950195 -2.3657834529877 20.050212860107
			vertex 10.789273262024 -2.2232284545898 19.960363388062
			vertex 10.806507110596 -2.1115312576294 20.490591049194
		endloop
	endfacet
	facet normal 0.9762411148578 0.12009459273254 -0.18036234212719
		outer loop
			vertex 10.756423950195 -2.0741395950317 19.881832122803
			vertex 10.840000152588 -1.9657093286514 20.406400680542
			vertex 10.789273262024 -2.2232284545898 19.960363388062
		endloop
	endfacet
	facet normal 0.97624103258407 0.12009511811753 -0.18036243761806
		outer loop
			vertex 10.756423950195 -2.0741395950317 19.881832122803
			vertex 10.806507110596 -1.8198873996735 20.32221031189
			vertex 10.840000152588 -1.9657093286514 20.406400680542
		endloop
	endfacet
	facet normal 0.97624097088414 -0.21624632141089 0.013823720318858
		outer loop
			vertex 10.789273262024 -2.2232284545898 19.960363388062
			vertex 10.840000152588 -1.9657093286514 20.406400680542
			vertex 10.806507110596 -2.1115312576294 20.490591049194
		endloop
	endfacet
	facet normal 0.97624097172381 -0.12009478644608 0.18036298787786
		outer loop
			vertex 10.756423950195 -1.8572791814804 20.930967330933
			vertex 10.806507110596 -2.1115312576294 20.490591049194
			vertex 10.840000152588 -1.9657093286514 20.406400680542
		endloop
	endfacet
	facet normal 0.97624098038775 0.21624627289327 -0.013823808134572
		outer loop
			vertex 10.806507110596 -1.8198873996735 20.32221031189
			vertex 10.789273262024 -1.7081900835037 20.852436065674
			vertex 10.840000152588 -1.9657093286514 20.406400680542
		endloop
	endfacet
	facet normal 0.97624107666913 -0.12009411628348 0.18036286607276
		outer loop
			vertex 10.756423950195 -1.8572791814804 20.930967330933
			vertex 10.840000152588 -1.9657093286514 20.406400680542
			vertex 10.789273262024 -1.7081900835037 20.852436065674
		endloop
	endfacet
	facet normal 0.19505420547727 0.83962250218106 -0.5069397506182
		outer loop
			vertex 10.357728004456 -1.799257516861 19.814702987671
			vertex 10.39999961853 -1.5846581459045 20.186399459839
			vertex 10.568380355835 -1.6136639118195 20.203145980835
		endloop
	endfacet
	facet normal 0.19505576963711 0.83962182268076 -0.50694027420349
		outer loop
			vertex 10.357728004456 -1.799257516861 19.814702987671
			vertex 10.568380355835 -1.6136639118195 20.203145980835
			vertex 10.522872924805 -1.8446880578995 19.803001403809
		endloop
	endfacet
	facet normal 0.19505419622652 0.85883430825348 -0.47366390141238
		outer loop
			vertex 10.39999961853 -1.5846581459045 20.186399459839
			vertex 10.522872924805 -1.3826398849487 20.60329246521
			vertex 10.568380355835 -1.6136639118195 20.203145980835
		endloop
	endfacet
	facet normal 0.19505383920465 0.85883441803383 -0.47366384938267
		outer loop
			vertex 10.39999961853 -1.5846581459045 20.186399459839
			vertex 10.357728004456 -1.3700587749481 20.558097839355
			vertex 10.522872924805 -1.3826398849487 20.60329246521
		endloop
	endfacet
	facet normal 0.55474154195669 0.69167862132901 -0.46243108289118
		outer loop
			vertex 10.522872924805 -1.8446880578995 19.803001403809
			vertex 10.711127281189 -1.6962654590607 20.25083732605
			vertex 10.66287612915 -1.9412137269974 19.826574325562
		endloop
	endfacet
	facet normal 0.55474170984194 0.69167847248017 -0.46243110413243
		outer loop
			vertex 10.522872924805 -1.8446880578995 19.803001403809
			vertex 10.568380355835 -1.6136639118195 20.203145980835
			vertex 10.711127281189 -1.6962654590607 20.25083732605
		endloop
	endfacet
	facet normal 0.82869579075841 0.43872201377052 -0.34754320740367
		outer loop
			vertex 10.66287612915 -1.9412137269974 19.826574325562
			vertex 10.711127281189 -1.6962654590607 20.25083732605
			vertex 10.806507110596 -1.8198873996735 20.32221031189
		endloop
	endfacet
	facet normal 0.55474167606675 0.74631631440284 -0.36779563848802
		outer loop
			vertex 10.568380355835 -1.6136639118195 20.203145980835
			vertex 10.522872924805 -1.3826398849487 20.60329246521
			vertex 10.66287612915 -1.451317191124 20.675100326538
		endloop
	endfacet
	facet normal 0.8286959822947 0.52034139519424 -0.20617420152854
		outer loop
			vertex 10.711127281189 -1.6962654590607 20.25083732605
			vertex 10.756423950195 -1.5656352043152 20.762586593628
			vertex 10.806507110596 -1.8198873996735 20.32221031189
		endloop
	endfacet
	facet normal 0.55474110113684 0.74631672831409 -0.36779566575482
		outer loop
			vertex 10.568380355835 -1.6136639118195 20.203145980835
			vertex 10.66287612915 -1.451317191124 20.675100326538
			vertex 10.711127281189 -1.6962654590607 20.25083732605
		endloop
	endfacet
	facet normal 0.82869286301649 0.52034600598057 -0.20617510239018
		outer loop
			vertex 10.711127281189 -1.6962654590607 20.25083732605
			vertex 10.66287612915 -1.451317191124 20.675100326538
			vertex 10.756423950195 -1.5656352043152 20.762586593628
		endloop
	endfacet
	facet normal 0.18755744136184 0.87767567186921 -0.44103018173218
		outer loop
			vertex 10.232535362244 -1.1637064218521 20.915510177612
			vertex 10.388098716736 -1.160493850708 20.988059997559
			vertex 10.357728004456 -1.3700587749481 20.558097839355
		endloop
	endfacet
	facet normal 0.18755844510289 0.87767547095249 -0.44103015470477
		outer loop
			vertex 10.357728004456 -1.3700587749481 20.558097839355
			vertex 10.388098716736 -1.160493850708 20.988059997559
			vertex 10.522872924805 -1.3826398849487 20.60329246521
		endloop
	endfacet
	facet normal 0.5334228174482 0.79990347393026 -0.27498096337734
		outer loop
			vertex 10.522872924805 -1.3826398849487 20.60329246521
			vertex 10.388098716736 -1.160493850708 20.988059997559
			vertex 10.519978523254 -1.2157820463181 21.083057403564
		endloop
	endfacet
	facet normal 0.17285351633153 0.89542491292984 -0.41028756646577
		outer loop
			vertex 10.232535362244 -1.1637064218521 20.915510177612
			vertex 10.169236183167 -0.95576304197311 21.342664718628
			vertex 10.388098716736 -1.160493850708 20.988059997559
		endloop
	endfacet
	facet normal 0.49160367087249 0.85038285958492 -0.18754952121737
		outer loop
			vertex 10.169236183167 -0.95576304197311 21.342664718628
			vertex 10.287925720215 -0.99871176481247 21.459035873413
			vertex 10.388098716736 -1.160493850708 20.988059997559
		endloop
	endfacet
	facet normal 0.73438122138892 0.67579901707414 0.06308652940952
		outer loop
			vertex 10.519978523254 -1.2157820463181 21.083057403564
			vertex 10.367231369019 -1.0958385467529 21.576299667358
			vertex 10.60809803009 -1.3211538791656 21.186040878296
		endloop
	endfacet
	facet normal 0.4916049747146 0.8503822157725 -0.18754902274792
		outer loop
			vertex 10.388098716736 -1.160493850708 20.988059997559
			vertex 10.287925720215 -0.99871176481247 21.459035873413
			vertex 10.519978523254 -1.2157820463181 21.083057403564
		endloop
	endfacet
	facet normal 0.7968472226695 0.60039593448253 -0.067522037741452
		outer loop
			vertex 10.66287612915 -1.451317191124 20.675100326538
			vertex 10.60809803009 -1.3211538791656 21.186040878296
			vertex 10.756423950195 -1.5656352043152 20.762586593628
		endloop
	endfacet
	facet normal 0.93872464497818 0.3105496525331 0.1495157323567
		outer loop
			vertex 10.756423950195 -1.5656352043152 20.762586593628
			vertex 10.639041900635 -1.4605672359467 21.281332015991
			vertex 10.789273262024 -1.7081900835037 20.852436065674
		endloop
	endfacet
	facet normal 0.79684866424232 -0.35867171670586 0.48619626276897
		outer loop
			vertex 10.756423950195 -1.8572791814804 20.930967330933
			vertex 10.60809803009 -1.6127977371216 21.354421615601
			vertex 10.519978523254 -1.7546699047089 21.394184112549
		endloop
	endfacet
	facet normal 0.93872430767584 -0.02579021855204 0.34370268955239
		outer loop
			vertex 10.756423950195 -1.8572791814804 20.930967330933
			vertex 10.789273262024 -1.7081900835037 20.852436065674
			vertex 10.60809803009 -1.6127977371216 21.354421615601
		endloop
	endfacet
	facet normal 0.93872376869754 0.3105526933106 0.14951491818482
		outer loop
			vertex 10.756423950195 -1.5656352043152 20.762586593628
			vertex 10.60809803009 -1.3211538791656 21.186040878296
			vertex 10.639041900635 -1.4605672359467 21.281332015991
		endloop
	endfacet
	facet normal 0.93872399177949 -0.02579390355738 0.34370327580175
		outer loop
			vertex 10.639041900635 -1.4605672359467 21.281332015991
			vertex 10.60809803009 -1.6127977371216 21.354421615601
			vertex 10.789273262024 -1.7081900835037 20.852436065674
		endloop
	endfacet
	facet normal 0.53342336304468 0.79990314995933 -0.27498084741167
		outer loop
			vertex 10.522872924805 -1.3826398849487 20.60329246521
			vertex 10.519978523254 -1.2157820463181 21.083057403564
			vertex 10.66287612915 -1.451317191124 20.675100326538
		endloop
	endfacet
	facet normal 0.79684980222704 0.60039263646135 -0.067520921007586
		outer loop
			vertex 10.66287612915 -1.451317191124 20.675100326538
			vertex 10.519978523254 -1.2157820463181 21.083057403564
			vertex 10.60809803009 -1.3211538791656 21.186040878296
		endloop
	endfacet
	facet normal 0.97624121726322 0.21624521821444 -0.013823578256883
		outer loop
			vertex 10.756423950195 -1.5656352043152 20.762586593628
			vertex 10.789273262024 -1.7081900835037 20.852436065674
			vertex 10.806507110596 -1.8198873996735 20.32221031189
		endloop
	endfacet
	facet normal 0.4916094564335 -0.58760952923654 0.64267813366846
		outer loop
			vertex 10.169236183167 -1.6598538160324 21.749172210693
			vertex 10.388098716736 -1.8645846843719 21.394567489624
			vertex 10.519978523254 -1.7546699047089 21.394184112549
		endloop
	endfacet
	facet normal 0.4916058791549 -0.58761483717804 0.64267601690787
		outer loop
			vertex 10.169236183167 -1.6598538160324 21.749172210693
			vertex 10.519978523254 -1.7546699047089 21.394184112549
			vertex 10.287925720215 -1.5375994443893 21.770162582397
		endloop
	endfacet
	facet normal 0.73438105319132 -0.2832671554529 0.61680157859334
		outer loop
			vertex 10.60809803009 -1.6127977371216 21.354421615601
			vertex 10.287925720215 -1.5375994443893 21.770162582397
			vertex 10.519978523254 -1.7546699047089 21.394184112549
		endloop
	endfacet
	facet normal 0.73438125628726 -0.28326653335813 0.6168016224794
		outer loop
			vertex 10.60809803009 -1.6127977371216 21.354421615601
			vertex 10.367231369019 -1.3874824047089 21.744680404663
			vertex 10.287925720215 -1.5375994443893 21.770162582397
		endloop
	endfacet
	facet normal 0.86513486837994 0.39937868035954 0.30337819497699
		outer loop
			vertex 10.60809803009 -1.3211538791656 21.186040878296
			vertex 10.367231369019 -1.0958385467529 21.576299667358
			vertex 10.395079612732 -1.2323566675186 21.676603317261
		endloop
	endfacet
	facet normal 0.86513393347309 0.063046552812402 0.49756246776848
		outer loop
			vertex 10.639041900635 -1.4605672359467 21.281332015991
			vertex 10.395079612732 -1.2323566675186 21.676603317261
			vertex 10.367231369019 -1.3874824047089 21.744680404663
		endloop
	endfacet
	facet normal 0.73438059890137 0.67579972764761 0.063086163845001
		outer loop
			vertex 10.519978523254 -1.2157820463181 21.083057403564
			vertex 10.287925720215 -0.99871176481247 21.459035873413
			vertex 10.367231369019 -1.0958385467529 21.576299667358
		endloop
	endfacet
	facet normal 0.7582967349736 0.14299420554493 0.63603358316126
		outer loop
			vertex 10.043078422546 -1.1899919509888 22.086744308472
			vertex 10.367231369019 -1.3874824047089 21.744680404663
			vertex 10.395079612732 -1.2323566675186 21.676603317261
		endloop
	endfacet
	facet normal 0.7582975353596 0.47932493525008 0.44185116760632
		outer loop
			vertex 10.06676197052 -1.0323283672333 22.023063659668
			vertex 10.395079612732 -1.2323566675186 21.676603317261
			vertex 10.367231369019 -1.0958385467529 21.576299667358
		endloop
	endfacet
	facet normal 0.86513380629036 0.063037022099159 0.49756389645795
		outer loop
			vertex 10.639041900635 -1.4605672359467 21.281332015991
			vertex 10.367231369019 -1.3874824047089 21.744680404663
			vertex 10.60809803009 -1.6127977371216 21.354421615601
		endloop
	endfacet
	facet normal 0.86513267648604 0.39938502358564 0.30337609499036
		outer loop
			vertex 10.60809803009 -1.3211538791656 21.186040878296
			vertex 10.395079612732 -1.2323566675186 21.676603317261
			vertex 10.639041900635 -1.4605672359467 21.281332015991
		endloop
	endfacet
endsolid