solid csg_export
	facet normal -1 0 0
		outer loop
			vertex 5.4667000770569 2.5220000743866 0
			vertex 5.4667000770569 2.5220000743866 0.51999998092651
			vertex 5.4667000770569 17.653699874878 0
		endloop
	endfacet
	facet normal 0 0 -1
		outer loop
			vertex 5.4667000770569 2.5220000743866 0
			vertex 6.1500477790833 17.653699874878 0
			vertex 10.250052452087 2.5220000743866 0
		endloop
	endfacet
	facet normal 0 0 -1
		outer loop
			vertex 10.250052452087 2.5220000743866 0
			vertex 10.933400154114 17.653699874878 0
			vertex 10.933400154114 2.5220000743866 0
		endloop
	endfacet
	facet normal 1 0 0
		outer loop
			vertex 10.933400154114 2.5220000743866 0
			vertex 10.933400154114 17.653699874878 0.51999998092651
			vertex 10.933400154114 2.5220000743866 0.51999998092651
		endloop
	endfacet
	facet normal 0 0 1
		outer loop
			vertex 5.4667000770569 1.6813281774521 0.51999998092651
			vertex 7.951000213623 2.5220000743866 0.51999998092651
			vertex 5.4667000770569 2.5220000743866 0.51999998092651
		endloop
	endfacet
	facet normal -0 0 1
		outer loop
			vertex 5.4667000770569 1.6813281774521 0.51999998092651
			vertex 7.951000213623 1.2992913722992 0.51999998092651
			vertex 7.951000213623 2.5220000743866 0.51999998092651
		endloop
	endfacet
	facet normal -0 0 1
		outer loop
			vertex 8.4490003585815 1.2227087020874 0.51999998092651
			vertex 10.933400154114 0.84065639972687 0.51999998092651
			vertex 8.4490003585815 2.5220000743866 0.51999998092651
		endloop
	endfacet
	facet normal -0 0 1
		outer loop
			vertex 8.4490003585815 2.5220000743866 0.51999998092651
			vertex 10.933400154114 0.84065639972687 0.51999998092651
			vertex 10.933400154114 2.5220000743866 0.51999998092651
		endloop
	endfacet
	facet normal 0 0 1
		outer loop
			vertex 5.4667000770569 2.5220000743866 0.51999998092651
			vertex 7.951000213623 2.5220000743866 0.51999998092651
			vertex 5.4667000770569 16.075700759888 0.51999998092651
		endloop
	endfacet
	facet normal 0 0 1
		outer loop
			vertex 8.4490003585815 2.5220000743866 0.51999998092651
			vertex 10.933400154114 2.5220000743866 0.51999998092651
			vertex 10.294400215149 16.075700759888 0.51999998092651
		endloop
	endfacet
	facet normal 0 0 -1
		outer loop
			vertex 5.4667000770569 2.5220000743866 0
			vertex 5.4667000770569 17.653699874878 0
			vertex 6.1500477790833 17.653699874878 0
		endloop
	endfacet
	facet normal -1 0 0
		outer loop
			vertex 5.4667000770569 2.5220000743866 0.51999998092651
			vertex 5.4667000770569 16.075700759888 0.24500000476837
			vertex 5.4667000770569 17.653699874878 0
		endloop
	endfacet
	facet normal -1 0 0
		outer loop
			vertex 5.4667000770569 17.653699874878 0
			vertex 5.4667000770569 16.075700759888 0.24500000476837
			vertex 5.4667000770569 17.653699874878 0.24500000476837
		endloop
	endfacet
	facet normal 0 0 -1
		outer loop
			vertex 6.1500477790833 17.653699874878 0
			vertex 10.933400154114 17.653699874878 0
			vertex 10.250052452087 2.5220000743866 0
		endloop
	endfacet
	facet normal 1 0 0
		outer loop
			vertex 10.933400154114 2.5220000743866 0
			vertex 10.933400154114 17.653699874878 0
			vertex 10.933400154114 17.653699874878 0.24500000476837
		endloop
	endfacet
	facet normal 1 0 0
		outer loop
			vertex 10.933400154114 2.5220000743866 0
			vertex 10.933400154114 16.075700759888 0.24500000476837
			vertex 10.933400154114 16.075700759888 0.27144229412079
		endloop
	endfacet
	facet normal 1 0 0
		outer loop
			vertex 10.933400154114 2.5220000743866 0
			vertex 10.933400154114 17.653699874878 0.24500000476837
			vertex 10.933400154114 16.075700759888 0.24500000476837
		endloop
	endfacet
	facet normal 1 0 0
		outer loop
			vertex 10.933400154114 2.5220000743866 0
			vertex 10.933400154114 16.075700759888 0.27144229412079
			vertex 10.933400154114 17.653699874878 0.51999998092651
		endloop
	endfacet
	facet normal 1 0 0
		outer loop
			vertex 10.933400154114 16.075700759888 0.27144229412079
			vertex 10.933400154114 17.653699874878 0.27144229412079
			vertex 10.933400154114 17.653699874878 0.51999998092651
		endloop
	endfacet
	facet normal -1 0 0
		outer loop
			vertex 5.4667000770569 2.5220000743866 0.51999998092651
			vertex 5.4667000770569 16.075700759888 0.51999998092651
			vertex 5.4667000770569 16.075700759888 0.24500000476837
		endloop
	endfacet
	facet normal 0 -0 1
		outer loop
			vertex 7.951000213623 2.5220000743866 0.51999998092651
			vertex 7.951000213623 15.064700126648 0.51999998092651
			vertex 5.4667000770569 16.075700759888 0.51999998092651
		endloop
	endfacet
	facet normal 0 0 1
		outer loop
			vertex 8.4490003585815 2.5220000743866 0.51999998092651
			vertex 10.294400215149 16.075700759888 0.51999998092651
			vertex 8.4490003585815 15.064700126648 0.51999998092651
		endloop
	endfacet
	facet normal 0 0 1
		outer loop
			vertex 10.933400154114 2.5220000743866 0.51999998092651
			vertex 10.792400360107 16.075700759888 0.51999998092651
			vertex 10.294400215149 16.075700759888 0.51999998092651
		endloop
	endfacet
	facet normal 0 -0 1
		outer loop
			vertex 10.933400154114 2.5220000743866 0.51999998092651
			vertex 10.933400154114 17.653699874878 0.51999998092651
			vertex 10.792400360107 16.075700759888 0.51999998092651
		endloop
	endfacet
	facet normal 0 0 1
		outer loop
			vertex 7.951000213623 15.064700126648 0.51999998092651
			vertex 5.8456997871399 16.075700759888 0.51999998092651
			vertex 5.4667000770569 16.075700759888 0.51999998092651
		endloop
	endfacet
	facet normal 0 0 1
		outer loop
			vertex 7.951000213623 15.064700126648 0.51999998092651
			vertex 8.4490003585815 15.064700126648 0.51999998092651
			vertex 10.294400215149 18.592622756958 0.51999998092651
		endloop
	endfacet
	facet normal 0 -0 1
		outer loop
			vertex 7.951000213623 15.064700126648 0.51999998092651
			vertex 10.294400215149 18.592622756958 0.51999998092651
			vertex 5.8456997871399 16.075700759888 0.51999998092651
		endloop
	endfacet
	facet normal 0 0 1
		outer loop
			vertex 5.8456997871399 16.075700759888 0.51999998092651
			vertex 10.294400215149 18.592622756958 0.51999998092651
			vertex 5.8456997871399 19.276744842529 0.51999998092651
		endloop
	endfacet
	facet normal 0 0 1
		outer loop
			vertex 8.4490003585815 15.064700126648 0.51999998092651
			vertex 10.294400215149 16.075700759888 0.51999998092651
			vertex 10.294400215149 18.592622756958 0.51999998092651
		endloop
	endfacet
	facet normal 0 0 1
		outer loop
			vertex 10.792400360107 16.075700759888 0.51999998092651
			vertex 10.933400154114 17.653699874878 0.51999998092651
			vertex 10.933400154114 18.494356155396 0.51999998092651
		endloop
	endfacet
	facet normal 0 0 1
		outer loop
			vertex 10.792400360107 16.075700759888 0.51999998092651
			vertex 10.933400154114 18.494356155396 0.51999998092651
			vertex 10.792400360107 18.516038894653 0.51999998092651
		endloop
	endfacet
	facet normal 0 0 -1
		outer loop
			vertex 0 0 0
			vertex 0.49157276749611 1.0704327821732 0
			vertex 0.59953278303146 0.96247279644012 0
		endloop
	endfacet
	facet normal 0 0 -1
		outer loop
			vertex 0 0 0
			vertex 0.47971498966217 1.0990600585938 0
			vertex 0.48279672861099 1.0835670232773 0
		endloop
	endfacet
	facet normal 0 0 -1
		outer loop
			vertex 0 0 0
			vertex 0.48279672861099 1.0835670232773 0
			vertex 0.49157276749611 1.0704327821732 0
		endloop
	endfacet
	facet normal 0 0 -1
		outer loop
			vertex 0 0 0
			vertex 0.47971498966217 1.4229400157928 0
			vertex 0.47971498966217 1.0990600585938 0
		endloop
	endfacet
	facet normal 0 0 -1
		outer loop
			vertex 0 0 0
			vertex 0.59953278303146 0.96247279644012 0
			vertex 0.61266708374023 0.95369672775269 0
		endloop
	endfacet
	facet normal 0 0 -1
		outer loop
			vertex 0 0 0
			vertex 0.61266708374023 0.95369672775269 0
			vertex 0.62815999984741 0.95061498880386 0
		endloop
	endfacet
	facet normal 0 0 -1
		outer loop
			vertex 0 0 0
			vertex 0.62815999984741 0.95061498880386 0
			vertex 0.95204001665115 0.95061498880386 0
		endloop
	endfacet
	facet normal 0 0 -1
		outer loop
			vertex 0 0 0
			vertex 0.95204001665115 0.95061498880386 0
			vertex 0.96753293275833 0.95369672775269 0
		endloop
	endfacet
	facet normal 0 0 -1
		outer loop
			vertex 0 0 0
			vertex 0.96753293275833 0.95369672775269 0
			vertex 1.1498545408249 0.95488911867142 0
		endloop
	endfacet
	facet normal 0 0 -1
		outer loop
			vertex 0.56068497896194 1.1158294677734 0
			vertex 0.93527054786682 1.4904149770737 0
			vertex 0.6449294090271 1.0315849781036 0
		endloop
	endfacet
	facet normal 0 0 -1
		outer loop
			vertex 0 0 0
			vertex 1.1498545408249 0.95488911867142 0
			vertex 1.2578145265579 0.9009091258049 0
		endloop
	endfacet
	facet normal 0 0 -1
		outer loop
			vertex 0 0 0
			vertex 1.2578145265579 0.9009091258049 0
			vertex 1.2604271173477 0.89971673488617 0
		endloop
	endfacet
	facet normal 0 0 -1
		outer loop
			vertex 0 0 0
			vertex 1.2604271173477 0.89971673488617 0
			vertex 1.2759200334549 0.89663499593735 0
		endloop
	endfacet
	facet normal 0 0 -1
		outer loop
			vertex 0.6449294090271 1.0315849781036 0
			vertex 1.0313727855682 1.3943127393723 0
			vertex 0.93527054786682 1.0315849781036 0
		endloop
	endfacet
	facet normal 0 0 -1
		outer loop
			vertex 0.96753293275833 0.95369672775269 0
			vertex 0.9806672334671 0.96247279644012 0
			vertex 1.1498545408249 0.95488911867142 0
		endloop
	endfacet
	facet normal 0 0 -1
		outer loop
			vertex 0.9806672334671 0.96247279644012 0
			vertex 1.1274750232697 0.99110001325607 0
			vertex 1.1305567026138 0.97560703754425 0
		endloop
	endfacet
	facet normal 0 0 -1
		outer loop
			vertex 0.9806672334671 0.96247279644012 0
			vertex 1.0886272192001 1.0704327821732 0
			vertex 1.1274750232697 0.99110001325607 0
		endloop
	endfacet
	facet normal 0 0 -1
		outer loop
			vertex 0.9806672334671 0.96247279644012 0
			vertex 1.1393327713013 0.96247279644012 0
			vertex 1.1498545408249 0.95488911867142 0
		endloop
	endfacet
	facet normal 0 0 -1
		outer loop
			vertex 0.9806672334671 0.96247279644012 0
			vertex 1.1305567026138 0.97560703754425 0
			vertex 1.1393327713013 0.96247279644012 0
		endloop
	endfacet
	facet normal 0 0 -1
		outer loop
			vertex 1.0886272192001 1.0704327821732 0
			vertex 1.0974032878876 1.0835670232773 0
			vertex 1.1274750232697 0.99110001325607 0
		endloop
	endfacet
	facet normal 0 0 -1
		outer loop
			vertex 1.1274750232697 0.99110001325607 0
			vertex 1.1004849672318 1.0990600585938 0
			vertex 1.1274750232697 1.0990600585938 0
		endloop
	endfacet
	facet normal 0 0 -1
		outer loop
			vertex 1.1274750232697 0.99110001325607 0
			vertex 1.0974032878876 1.0835670232773 0
			vertex 1.1004849672318 1.0990600585938 0
		endloop
	endfacet
	facet normal 0 0 -1
		outer loop
			vertex 0.93527054786682 1.0315849781036 0
			vertex 1.0599999427795 1.3824549913406 0
			vertex 1.0313727855682 1.1276872158051 0
		endloop
	endfacet
	facet normal 0 0 -1
		outer loop
			vertex 1.0886272192001 1.1276872158051 0
			vertex 1.1305567026138 1.1145529747009 0
			vertex 1.0974032878876 1.1145529747009 0
		endloop
	endfacet
	facet normal 0 0 -1
		outer loop
			vertex 1.1274750232697 1.0990600585938 0
			vertex 1.0974032878876 1.1145529747009 0
			vertex 1.1305567026138 1.1145529747009 0
		endloop
	endfacet
	facet normal 0 0 -1
		outer loop
			vertex 1.1004849672318 1.0990600585938 0
			vertex 1.0974032878876 1.1145529747009 0
			vertex 1.1274750232697 1.0990600585938 0
		endloop
	endfacet
	facet normal 0 0 -1
		outer loop
			vertex 1.0886272192001 1.1276872158051 0
			vertex 1.1393327713013 1.1276872158051 0
			vertex 1.1305567026138 1.1145529747009 0
		endloop
	endfacet
	facet normal 0 0 -1
		outer loop
			vertex 1.0599999427795 1.1395449638367 0
			vertex 1.218665599823 1.2070200443268 0
			vertex 1.075492978096 1.1364632844925 0
		endloop
	endfacet
	facet normal 0 0 -1
		outer loop
			vertex 1.075492978096 1.1364632844925 0
			vertex 1.218665599823 1.2070200443268 0
			vertex 1.0886272192001 1.1276872158051 0
		endloop
	endfacet
	facet normal 0 0 -1
		outer loop
			vertex 1.0313727855682 1.1276872158051 0
			vertex 1.0599999427795 1.3824549913406 0
			vertex 1.0445070266724 1.1364632844925 0
		endloop
	endfacet
	facet normal 0 0 -1
		outer loop
			vertex 1.0445070266724 1.1364632844925 0
			vertex 1.1393327713013 1.2863527536392 0
			vertex 1.0599999427795 1.1395449638367 0
		endloop
	endfacet
	facet normal 0 0 -1
		outer loop
			vertex 1.0445070266724 1.1364632844925 0
			vertex 1.1274750232697 1.3149800300598 0
			vertex 1.1305567026138 1.2994871139526 0
		endloop
	endfacet
	facet normal 0 0 -1
		outer loop
			vertex 1.0445070266724 1.1364632844925 0
			vertex 1.1305567026138 1.2994871139526 0
			vertex 1.1393327713013 1.2863527536392 0
		endloop
	endfacet
	facet normal 0 0 -1
		outer loop
			vertex 1.2578145265579 0.9009091258049 0
			vertex 1.2580219507217 0.9013237953186 0
			vertex 1.2604271173477 0.89971673488617 0
		endloop
	endfacet
	facet normal 0 0 -1
		outer loop
			vertex 1.1393327713013 0.96247279644012 0
			vertex 1.1500619649887 0.95530378818512 0
			vertex 1.1498545408249 0.95488911867142 0
		endloop
	endfacet
	facet normal 0 0 -1
		outer loop
			vertex 1.2084449529648 1.0161211490631 0
			vertex 1.2926894426346 1.1665350198746 0
			vertex 1.2854771614075 0.97760498523712 0
		endloop
	endfacet
	facet normal 0 0 -1
		outer loop
			vertex 1.2084449529648 1.0161211490631 0
			vertex 1.2084449529648 1.0822905302048 0
			vertex 1.2926894426346 1.1665350198746 0
		endloop
	endfacet
	facet normal 0 0 -1
		outer loop
			vertex 1.0886272192001 1.1276872158051 0
			vertex 1.218665599823 1.2070200443268 0
			vertex 1.1393327713013 1.1276872158051 0
		endloop
	endfacet
	facet normal 0 0 -1
		outer loop
			vertex 1.0599999427795 1.1395449638367 0
			vertex 1.1393327713013 1.2863527536392 0
			vertex 1.218665599823 1.2070200443268 0
		endloop
	endfacet
	facet normal 0 0 -1
		outer loop
			vertex 1.2854771614075 0.97760498523712 0
			vertex 1.2926894426346 1.1665350198746 0
			vertex 1.5902427434921 0.97760498523712 0
		endloop
	endfacet
	facet normal 0 0 -1
		outer loop
			vertex 1.2926894426346 1.1665350198746 0
			vertex 1.5830305814743 1.1665350198746 0
			vertex 1.5902427434921 0.97760498523712 0
		endloop
	endfacet
	facet normal 0 0 -1
		outer loop
			vertex 0 0 0
			vertex 0 2.5220000743866 0
			vertex 0.47971498966217 1.4229400157928 0
		endloop
	endfacet
	facet normal 0 0 -1
		outer loop
			vertex 0.47971498966217 1.4229400157928 0
			vertex 0 2.5220000743866 0
			vertex 0.48279672861099 1.4384329319 0
		endloop
	endfacet
	facet normal -0 0 -1
		outer loop
			vertex 0.49157276749611 1.4515671730042 0
			vertex 0.48279672861099 1.4384329319 0
			vertex 0 2.5220000743866 0
		endloop
	endfacet
	facet normal 0 0 -1
		outer loop
			vertex 0.49157276749611 1.4515671730042 0
			vertex 0 2.5220000743866 0
			vertex 0.59953278303146 1.5595271587372 0
		endloop
	endfacet
	facet normal 0 0 -1
		outer loop
			vertex 0.56068497896194 1.1158294677734 0
			vertex 0.56068497896194 1.4061706066132 0
			vertex 0.93527054786682 1.4904149770737 0
		endloop
	endfacet
	facet normal 0 0 -1
		outer loop
			vertex 0.56068497896194 1.4061706066132 0
			vertex 0.6449294090271 1.4904149770737 0
			vertex 0.93527054786682 1.4904149770737 0
		endloop
	endfacet
	facet normal 0 0 -1
		outer loop
			vertex 0.59953278303146 1.5595271587372 0
			vertex 0 2.5220000743866 0
			vertex 0.61266708374023 1.5683032274246 0
		endloop
	endfacet
	facet normal 0 0 -1
		outer loop
			vertex 0.61266708374023 1.5683032274246 0
			vertex 0 2.5220000743866 0
			vertex 0.62815999984741 1.5713850259781 0
		endloop
	endfacet
	facet normal 0 0 -1
		outer loop
			vertex 0.62815999984741 1.5713850259781 0
			vertex 0 2.5220000743866 0
			vertex 0.95204001665115 1.5713850259781 0
		endloop
	endfacet
	facet normal 0 0 -1
		outer loop
			vertex 0.95204001665115 1.5713850259781 0
			vertex 0 2.5220000743866 0
			vertex 0.96753293275833 1.5683032274246 0
		endloop
	endfacet
	facet normal 0 0 -1
		outer loop
			vertex 0.96753293275833 1.5683032274246 0
			vertex 0 2.5220000743866 0
			vertex 1.2604271173477 1.5683032274246 0
		endloop
	endfacet
	facet normal 0 0 -1
		outer loop
			vertex 0.6449294090271 1.0315849781036 0
			vertex 0.93527054786682 1.4904149770737 0
			vertex 1.0313727855682 1.3943127393723 0
		endloop
	endfacet
	facet normal 0 0 -1
		outer loop
			vertex 0.93527054786682 1.0315849781036 0
			vertex 1.0313727855682 1.3943127393723 0
			vertex 1.0445070266724 1.3855367898941 0
		endloop
	endfacet
	facet normal 0 0 -1
		outer loop
			vertex 0.93527054786682 1.0315849781036 0
			vertex 1.0445070266724 1.3855367898941 0
			vertex 1.0599999427795 1.3824549913406 0
		endloop
	endfacet
	facet normal 0 0 -1
		outer loop
			vertex 1.0445070266724 1.1364632844925 0
			vertex 1.0599999427795 1.3824549913406 0
			vertex 1.1274750232697 1.3149800300598 0
		endloop
	endfacet
	facet normal 0 0 -1
		outer loop
			vertex 1.0599999427795 1.3824549913406 0
			vertex 1.075492978096 1.3855367898941 0
			vertex 1.1274750232697 1.3149800300598 0
		endloop
	endfacet
	facet normal 0 0 -1
		outer loop
			vertex 1.075492978096 1.3855367898941 0
			vertex 1.0886272192001 1.3943127393723 0
			vertex 1.1274750232697 1.3149800300598 0
		endloop
	endfacet
	facet normal 0 0 -1
		outer loop
			vertex 1.0886272192001 1.3943127393723 0
			vertex 1.0974032878876 1.4074470996857 0
			vertex 1.1274750232697 1.3149800300598 0
		endloop
	endfacet
	facet normal 0 0 -1
		outer loop
			vertex 1.1274750232697 1.3149800300598 0
			vertex 1.1004849672318 1.4229400157928 0
			vertex 1.1274750232697 1.4229400157928 0
		endloop
	endfacet
	facet normal 0 0 -1
		outer loop
			vertex 1.1274750232697 1.3149800300598 0
			vertex 1.0974032878876 1.4074470996857 0
			vertex 1.1004849672318 1.4229400157928 0
		endloop
	endfacet
	facet normal 0 0 -1
		outer loop
			vertex 0.9806672334671 1.5595271587372 0
			vertex 1.1393327713013 1.4515671730042 0
			vertex 1.0886272192001 1.4515671730042 0
		endloop
	endfacet
	facet normal 0 0 -1
		outer loop
			vertex 1.1004849672318 1.4229400157928 0
			vertex 1.0974032878876 1.4384329319 0
			vertex 1.1274750232697 1.4229400157928 0
		endloop
	endfacet
	facet normal 0 0 -1
		outer loop
			vertex 1.0974032878876 1.4384329319 0
			vertex 1.1305567026138 1.4384329319 0
			vertex 1.1274750232697 1.4229400157928 0
		endloop
	endfacet
	facet normal 0 0 -1
		outer loop
			vertex 1.0886272192001 1.4515671730042 0
			vertex 1.1305567026138 1.4384329319 0
			vertex 1.0974032878876 1.4384329319 0
		endloop
	endfacet
	facet normal 0 0 -1
		outer loop
			vertex 1.0886272192001 1.4515671730042 0
			vertex 1.1393327713013 1.4515671730042 0
			vertex 1.1305567026138 1.4384329319 0
		endloop
	endfacet
	facet normal 0 0 -1
		outer loop
			vertex 0.96753293275833 1.5683032274246 0
			vertex 1.2472927570343 1.5595271587372 0
			vertex 0.9806672334671 1.5595271587372 0
		endloop
	endfacet
	facet normal 0 0 -1
		outer loop
			vertex 0.9806672334671 1.5595271587372 0
			vertex 1.2472927570343 1.5595271587372 0
			vertex 1.1393327713013 1.4515671730042 0
		endloop
	endfacet
	facet normal 0 0 -1
		outer loop
			vertex 1.2604271173477 1.5683032274246 0
			vertex 0 2.5220000743866 0
			vertex 1.2759200334549 1.5713850259781 0
		endloop
	endfacet
	facet normal 0 0 -1
		outer loop
			vertex 1.2759200334549 1.5713850259781 0
			vertex 0 2.5220000743866 0
			vertex 1.599799990654 1.5713850259781 0
		endloop
	endfacet
	facet normal 0 0 -1
		outer loop
			vertex 1.599799990654 1.5713850259781 0
			vertex 0 2.5220000743866 0
			vertex 1.6152929067612 1.5683032274246 0
		endloop
	endfacet
	facet normal 0 0 -1
		outer loop
			vertex 1.2868546247482 1.2533397674561 0
			vertex 1.2084449529648 1.3317494392395 0
			vertex 1.2084449529648 1.4061706066132 0
		endloop
	endfacet
	facet normal 0 0 -1
		outer loop
			vertex 1.2868546247482 1.2533397674561 0
			vertex 1.2084449529648 1.4061706066132 0
			vertex 1.2926894426346 1.4904149770737 0
		endloop
	endfacet
	facet normal 0 0 -1
		outer loop
			vertex 0.96753293275833 1.5683032274246 0
			vertex 1.2604271173477 1.5683032274246 0
			vertex 1.2472927570343 1.5595271587372 0
		endloop
	endfacet
	facet normal 0 0 -1
		outer loop
			vertex 1.2868546247482 1.2533397674561 0
			vertex 1.2926894426346 1.4904149770737 0
			vertex 1.5830305814743 1.4904149770737 0
		endloop
	endfacet
	facet normal 0 0 -1
		outer loop
			vertex 1.2868546247482 1.2533397674561 0
			vertex 1.5830305814743 1.4904149770737 0
			vertex 1.5779308080673 1.3503651618958 0
		endloop
	endfacet
	facet normal 0 0 -1
		outer loop
			vertex 1.6152929067612 1.5683032274246 0
			vertex 0 2.5220000743866 0
			vertex 1.8002270460129 1.5683032274246 0
		endloop
	endfacet
	facet normal 0 0 -1
		outer loop
			vertex 1.8002270460129 1.5683032274246 0
			vertex 0 2.5220000743866 0
			vertex 1.8157199621201 1.5713850259781 0
		endloop
	endfacet
	facet normal 0 0 -1
		outer loop
			vertex 1.8157199621201 1.5713850259781 0
			vertex 0 2.5220000743866 0
			vertex 2.1935799121857 1.5713850259781 0
		endloop
	endfacet
	facet normal 0 0 -1
		outer loop
			vertex 0 2.5220000743866 0
			vertex 2.2090728282928 1.5683032274246 0
			vertex 2.1935799121857 1.5713850259781 0
		endloop
	endfacet
	facet normal 0 0 -1
		outer loop
			vertex 1.6152929067612 0.89971673488617 0
			vertex 1.6176980733871 0.9013237953186 0
			vertex 1.617905497551 0.9009091258049 0
		endloop
	endfacet
	facet normal 0 0 -1
		outer loop
			vertex 1.617905497551 0.9009091258049 0
			vertex 1.725865483284 0.95488911867142 0
			vertex 1.8002270460129 0.95369672775269 0
		endloop
	endfacet
	facet normal 0 0 -1
		outer loop
			vertex 1.617905497551 0.9009091258049 0
			vertex 1.8002270460129 0.95369672775269 0
			vertex 1.8157199621201 0.95061498880386 0
		endloop
	endfacet
	facet normal 0 0 -1
		outer loop
			vertex 1.617905497551 0.9009091258049 0
			vertex 1.8157199621201 0.95061498880386 0
			vertex 2.1935799121857 0.95061498880386 0
		endloop
	endfacet
	facet normal 0 0 -1
		outer loop
			vertex 1.5902427434921 0.97760498523712 0
			vertex 1.6672749519348 1.0822905302048 0
			vertex 1.6672749519348 1.0161211490631 0
		endloop
	endfacet
	facet normal 0 0 -1
		outer loop
			vertex 1.5902427434921 0.97760498523712 0
			vertex 1.5830305814743 1.1665350198746 0
			vertex 1.6672749519348 1.0822905302048 0
		endloop
	endfacet
	facet normal 0 0 -1
		outer loop
			vertex 1.5253998041153 1.2475049495697 0
			vertex 1.6126024723053 1.2765725851059 0
			vertex 1.599799990654 1.2475049495697 0
		endloop
	endfacet
	facet normal 0 0 -1
		outer loop
			vertex 1.599799990654 1.2475049495697 0
			vertex 1.6126024723053 1.2765725851059 0
			vertex 1.6152929067612 1.2444232702255 0
		endloop
	endfacet
	facet normal 0 0 -1
		outer loop
			vertex 1.6152929067612 1.2444232702255 0
			vertex 1.6284272670746 1.2863527536392 0
			vertex 1.6284272670746 1.2356472015381 0
		endloop
	endfacet
	facet normal 0 0 -1
		outer loop
			vertex 1.7256580591202 0.95530378818512 0
			vertex 1.7363872528076 0.96247279644012 0
			vertex 1.725865483284 0.95488911867142 0
		endloop
	endfacet
	facet normal 0 0 -1
		outer loop
			vertex 1.725865483284 0.95488911867142 0
			vertex 1.7363872528076 0.96247279644012 0
			vertex 1.7870928049088 0.96247279644012 0
		endloop
	endfacet
	facet normal 0 0 -1
		outer loop
			vertex 1.7451633214951 0.97560703754425 0
			vertex 1.7482450008392 0.99110001325607 0
			vertex 1.7783167362213 0.97560703754425 0
		endloop
	endfacet
	facet normal 0 0 -1
		outer loop
			vertex 1.7363872528076 0.96247279644012 0
			vertex 1.7451633214951 0.97560703754425 0
			vertex 1.7870928049088 0.96247279644012 0
		endloop
	endfacet
	facet normal 0 0 -1
		outer loop
			vertex 1.725865483284 0.95488911867142 0
			vertex 1.7870928049088 0.96247279644012 0
			vertex 1.8002270460129 0.95369672775269 0
		endloop
	endfacet
	facet normal 0 0 -1
		outer loop
			vertex 1.7451633214951 0.97560703754425 0
			vertex 1.7783167362213 0.97560703754425 0
			vertex 1.7870928049088 0.96247279644012 0
		endloop
	endfacet
	facet normal 0 0 -1
		outer loop
			vertex 1.7482450008392 0.99110001325607 0
			vertex 1.7752350568771 0.99110001325607 0
			vertex 1.7783167362213 0.97560703754425 0
		endloop
	endfacet
	facet normal 0 0 -1
		outer loop
			vertex 1.7482450008392 0.99110001325607 0
			vertex 1.7482450008392 1.0990600585938 0
			vertex 1.7752350568771 0.99110001325607 0
		endloop
	endfacet
	facet normal 0 0 -1
		outer loop
			vertex 1.7752350568771 0.99110001325607 0
			vertex 1.7482450008392 1.0990600585938 0
			vertex 1.7451633214951 1.1145529747009 0
		endloop
	endfacet
	facet normal 0 0 -1
		outer loop
			vertex 1.7752350568771 0.99110001325607 0
			vertex 1.7451633214951 1.1145529747009 0
			vertex 1.7451633214951 1.4074470996857 0
		endloop
	endfacet
	facet normal 0 0 -1
		outer loop
			vertex 1.6284272670746 1.2356472015381 0
			vertex 1.7363872528076 1.3943127393723 0
			vertex 1.7363872528076 1.1276872158051 0
		endloop
	endfacet
	facet normal 0 0 -1
		outer loop
			vertex 1.7451633214951 1.1145529747009 0
			vertex 1.7363872528076 1.1276872158051 0
			vertex 1.7451633214951 1.4074470996857 0
		endloop
	endfacet
	facet normal 0 0 -1
		outer loop
			vertex 1.617905497551 0.9009091258049 0
			vertex 2.1935799121857 0.95061498880386 0
			vertex 2.5559470653534 0.89971673488617 0
		endloop
	endfacet
	facet normal 0 0 -1
		outer loop
			vertex 1.617905497551 0.9009091258049 0
			vertex 2.5559470653534 0.89971673488617 0
			vertex 2.5714399814606 0.89663499593735 0
		endloop
	endfacet
	facet normal 0 0 -1
		outer loop
			vertex 1.8562049865723 1.0315849781036 0
			vertex 1.8562049865723 1.2205150127411 0
			vertex 2.1870102882385 1.2205150127411 0
		endloop
	endfacet
	facet normal 0 0 -1
		outer loop
			vertex 1.8562049865723 1.0315849781036 0
			vertex 2.1870102882385 1.2205150127411 0
			vertex 2.1813220977783 1.0315849781036 0
		endloop
	endfacet
	facet normal 0 0 -1
		outer loop
			vertex 2.2090728282928 0.95369672775269 0
			vertex 2.2156054973602 0.95806169509888 0
			vertex 2.2160370349884 0.95741444826126 0
		endloop
	endfacet
	facet normal 0 0 -1
		outer loop
			vertex 2.1813220977783 1.0315849781036 0
			vertex 2.1870102882385 1.2205150127411 0
			vertex 2.3150351047516 1.1778401136398 0
		endloop
	endfacet
	facet normal 0 0 -1
		outer loop
			vertex 2.1935799121857 0.95061498880386 0
			vertex 2.2090728282928 0.95369672775269 0
			vertex 2.5533344745636 0.9009091258049 0
		endloop
	endfacet
	facet normal 0 0 -1
		outer loop
			vertex 2.2090728282928 0.95369672775269 0
			vertex 2.4453744888306 0.95488911867142 0
			vertex 2.5533344745636 0.9009091258049 0
		endloop
	endfacet
	facet normal 0 0 -1
		outer loop
			vertex 2.1935799121857 0.95061498880386 0
			vertex 2.5533344745636 0.9009091258049 0
			vertex 2.5559470653534 0.89971673488617 0
		endloop
	endfacet
	facet normal 0 0 -1
		outer loop
			vertex 2.5533344745636 0.9009091258049 0
			vertex 2.5535418987274 0.9013237953186 0
			vertex 2.5559470653534 0.89971673488617 0
		endloop
	endfacet
	facet normal 0 0 -1
		outer loop
			vertex 2.2090728282928 0.95369672775269 0
			vertex 2.2160370349884 0.95741444826126 0
			vertex 2.4453744888306 0.95488911867142 0
		endloop
	endfacet
	facet normal 0 0 -1
		outer loop
			vertex 2.2160370349884 0.95741444826126 0
			vertex 2.3779771327972 1.0653744935989 0
			vertex 2.4229950904846 0.99110001325607 0
		endloop
	endfacet
	facet normal 0 0 -1
		outer loop
			vertex 2.2160370349884 0.95741444826126 0
			vertex 2.4260766506195 0.97560703754425 0
			vertex 2.4348528385162 0.96247279644012 0
		endloop
	endfacet
	facet normal 0 0 -1
		outer loop
			vertex 2.2160370349884 0.95741444826126 0
			vertex 2.4348528385162 0.96247279644012 0
			vertex 2.4453744888306 0.95488911867142 0
		endloop
	endfacet
	facet normal 0 0 -1
		outer loop
			vertex 2.2160370349884 0.95741444826126 0
			vertex 2.4229950904846 0.99110001325607 0
			vertex 2.4260766506195 0.97560703754425 0
		endloop
	endfacet
	facet normal 0 0 -1
		outer loop
			vertex 2.4348528385162 0.96247279644012 0
			vertex 2.4455819129944 0.95530378818512 0
			vertex 2.4453744888306 0.95488911867142 0
		endloop
	endfacet
	facet normal 0 0 -1
		outer loop
			vertex 2.4229950904846 0.99110001325607 0
			vertex 2.3779771327972 1.0653744935989 0
			vertex 2.3841471672058 1.0704327821732 0
		endloop
	endfacet
	facet normal 0 0 -1
		outer loop
			vertex 2.3775455951691 1.0660216808319 0
			vertex 2.3841471672058 1.0704327821732 0
			vertex 2.3779771327972 1.0653744935989 0
		endloop
	endfacet
	facet normal 0 0 -1
		outer loop
			vertex 2.4229950904846 0.99110001325607 0
			vertex 2.3841471672058 1.0704327821732 0
			vertex 2.3929233551025 1.0835670232773 0
		endloop
	endfacet
	facet normal 0 0 -1
		outer loop
			vertex 2.4229950904846 0.99110001325607 0
			vertex 2.3960049152374 1.0990600585938 0
			vertex 2.4229950904846 1.0990600585938 0
		endloop
	endfacet
	facet normal 0 0 -1
		outer loop
			vertex 2.4229950904846 0.99110001325607 0
			vertex 2.3929233551025 1.0835670232773 0
			vertex 2.3960049152374 1.0990600585938 0
		endloop
	endfacet
	facet normal 0 0 -1
		outer loop
			vertex 2.1813220977783 1.0315849781036 0
			vertex 2.3150351047516 1.1778401136398 0
			vertex 2.3150351047516 1.1207269430161 0
		endloop
	endfacet
	facet normal 0 0 -1
		outer loop
			vertex 2.4229950904846 1.0990600585938 0
			vertex 2.3960049152374 1.2070200443268 0
			vertex 2.4260766506195 1.1145529747009 0
		endloop
	endfacet
	facet normal 0 0 -1
		outer loop
			vertex 2.3960049152374 1.0990600585938 0
			vertex 2.3960049152374 1.2070200443268 0
			vertex 2.4229950904846 1.0990600585938 0
		endloop
	endfacet
	facet normal 0 0 -1
		outer loop
			vertex 2.4260766506195 1.1145529747009 0
			vertex 2.3960049152374 1.2070200443268 0
			vertex 2.4348528385162 1.1276872158051 0
		endloop
	endfacet
	facet normal 0 -0 -1
		outer loop
			vertex 2.3683223724365 1.2454274892807 0
			vertex 2.3710129261017 1.2444232702255 0
			vertex 2.3681757450104 1.2449876070023 0
		endloop
	endfacet
	facet normal 0 0 -1
		outer loop
			vertex 2.3683223724365 1.2454274892807 0
			vertex 2.3683223724365 1.2765725851059 0
			vertex 2.3710129261017 1.2444232702255 0
		endloop
	endfacet
	facet normal 0 0 -1
		outer loop
			vertex 2.3841471672058 1.2356472015381 0
			vertex 2.3710129261017 1.2444232702255 0
			vertex 2.3841471672058 1.2863527536392 0
		endloop
	endfacet
	facet normal 0 0 -1
		outer loop
			vertex 2.3960049152374 1.2070200443268 0
			vertex 2.3929233551025 1.222512960434 0
			vertex 2.514185667038 1.2070200443268 0
		endloop
	endfacet
	facet normal 0 0 -1
		outer loop
			vertex 2.3841471672058 1.2356472015381 0
			vertex 2.514185667038 1.2070200443268 0
			vertex 2.3929233551025 1.222512960434 0
		endloop
	endfacet
	facet normal 0 0 -1
		outer loop
			vertex 2.5039649009705 1.0161211490631 0
			vertex 2.5039649009705 1.0822905302048 0
			vertex 2.5882093906403 1.1665350198746 0
		endloop
	endfacet
	facet normal 0 0 -1
		outer loop
			vertex 2.3960049152374 1.2070200443268 0
			vertex 2.514185667038 1.2070200443268 0
			vertex 2.4348528385162 1.1276872158051 0
		endloop
	endfacet
	facet normal 0 0 -1
		outer loop
			vertex 2.3841471672058 1.2356472015381 0
			vertex 2.4348528385162 1.2863527536392 0
			vertex 2.514185667038 1.2070200443268 0
		endloop
	endfacet
	facet normal 0 0 -1
		outer loop
			vertex 2.9108128547668 0.89971673488617 0
			vertex 2.9132180213928 0.9013237953186 0
			vertex 2.9134254455566 0.9009091258049 0
		endloop
	endfacet
	facet normal 0 0 -1
		outer loop
			vertex 2.5039649009705 1.0161211490631 0
			vertex 2.87855052948 1.1665350198746 0
			vertex 2.5809972286224 0.97760498523712 0
		endloop
	endfacet
	facet normal 0 0 -1
		outer loop
			vertex 2.5809972286224 0.97760498523712 0
			vertex 2.87855052948 1.1665350198746 0
			vertex 2.8857626914978 0.97760498523712 0
		endloop
	endfacet
	facet normal 0 0 -1
		outer loop
			vertex 2.5039649009705 1.0161211490631 0
			vertex 2.5882093906403 1.1665350198746 0
			vertex 2.87855052948 1.1665350198746 0
		endloop
	endfacet
	facet normal 0 0 -1
		outer loop
			vertex 2.8857626914978 0.97760498523712 0
			vertex 2.87855052948 1.1665350198746 0
			vertex 2.9627950191498 1.0822905302048 0
		endloop
	endfacet
	facet normal 0 0 -1
		outer loop
			vertex 2.8857626914978 0.97760498523712 0
			vertex 2.9627950191498 1.0822905302048 0
			vertex 2.9627950191498 1.0161211490631 0
		endloop
	endfacet
	facet normal 0 0 -1
		outer loop
			vertex 2.820919752121 1.2475049495697 0
			vertex 2.9081225395203 1.2765725851059 0
			vertex 2.8953199386597 1.2475049495697 0
		endloop
	endfacet
	facet normal 0 0 -1
		outer loop
			vertex 2.8953199386597 1.2475049495697 0
			vertex 2.9081225395203 1.2765725851059 0
			vertex 2.9108128547668 1.2444232702255 0
		endloop
	endfacet
	facet normal 0 0 -1
		outer loop
			vertex 2.9108128547668 1.2444232702255 0
			vertex 2.9239473342896 1.2863527536392 0
			vertex 2.9239473342896 1.2356472015381 0
		endloop
	endfacet
	facet normal 0 0 -1
		outer loop
			vertex 2.9239473342896 1.2356472015381 0
			vertex 2.9239473342896 1.2863527536392 0
			vertex 3.0707550048828 1.2070200443268 0
		endloop
	endfacet
	facet normal 0 0 -1
		outer loop
			vertex 1.6126024723053 1.2765725851059 0
			vertex 1.6124558448792 1.2770124673843 0
			vertex 1.6152929067612 1.2775766849518 0
		endloop
	endfacet
	facet normal 0 0 -1
		outer loop
			vertex 1.6152929067612 1.2444232702255 0
			vertex 1.6126024723053 1.2765725851059 0
			vertex 1.6152929067612 1.2775766849518 0
		endloop
	endfacet
	facet normal 0 0 -1
		outer loop
			vertex 1.6152929067612 1.2444232702255 0
			vertex 1.6152929067612 1.2775766849518 0
			vertex 1.6284272670746 1.2863527536392 0
		endloop
	endfacet
	facet normal 0 0 -1
		outer loop
			vertex 1.6284272670746 1.2356472015381 0
			vertex 1.6284272670746 1.2863527536392 0
			vertex 1.7363872528076 1.3943127393723 0
		endloop
	endfacet
	facet normal 0 0 -1
		outer loop
			vertex 1.5779308080673 1.3503651618958 0
			vertex 1.5830305814743 1.4904149770737 0
			vertex 1.6505055427551 1.4229400157928 0
		endloop
	endfacet
	facet normal 0 0 -1
		outer loop
			vertex 1.6152929067612 1.5683032274246 0
			vertex 1.7870928049088 1.5595271587372 0
			vertex 1.6284272670746 1.5595271587372 0
		endloop
	endfacet
	facet normal 0 0 -1
		outer loop
			vertex 1.7752350568771 0.99110001325607 0
			vertex 1.7451633214951 1.4074470996857 0
			vertex 1.7482450008392 1.4229400157928 0
		endloop
	endfacet
	facet normal 0 0 -1
		outer loop
			vertex 1.7363872528076 1.1276872158051 0
			vertex 1.7363872528076 1.3943127393723 0
			vertex 1.7451633214951 1.4074470996857 0
		endloop
	endfacet
	facet normal 0 0 -1
		outer loop
			vertex 1.7752350568771 0.99110001325607 0
			vertex 1.7482450008392 1.4229400157928 0
			vertex 1.7752350568771 1.5309000015259 0
		endloop
	endfacet
	facet normal 0 0 -1
		outer loop
			vertex 1.7363872528076 1.4515671730042 0
			vertex 1.7752350568771 1.5309000015259 0
			vertex 1.7451633214951 1.4384329319 0
		endloop
	endfacet
	facet normal 0 0 -1
		outer loop
			vertex 1.7451633214951 1.4384329319 0
			vertex 1.7752350568771 1.5309000015259 0
			vertex 1.7482450008392 1.4229400157928 0
		endloop
	endfacet
	facet normal 0 0 -1
		outer loop
			vertex 1.6284272670746 1.5595271587372 0
			vertex 1.7752350568771 1.5309000015259 0
			vertex 1.7363872528076 1.4515671730042 0
		endloop
	endfacet
	facet normal 0 0 -1
		outer loop
			vertex 1.6284272670746 1.5595271587372 0
			vertex 1.7783167362213 1.5463929176331 0
			vertex 1.7752350568771 1.5309000015259 0
		endloop
	endfacet
	facet normal 0 0 -1
		outer loop
			vertex 1.6284272670746 1.5595271587372 0
			vertex 1.7870928049088 1.5595271587372 0
			vertex 1.7783167362213 1.5463929176331 0
		endloop
	endfacet
	facet normal 0 0 -1
		outer loop
			vertex 1.6152929067612 1.5683032274246 0
			vertex 1.8002270460129 1.5683032274246 0
			vertex 1.7870928049088 1.5595271587372 0
		endloop
	endfacet
	facet normal 0 0 -1
		outer loop
			vertex 0 2.5220000743866 0
			vertex 2.5559470653534 1.5683032274246 0
			vertex 2.2090728282928 1.5683032274246 0
		endloop
	endfacet
	facet normal 0 0 -1
		outer loop
			vertex 0 2.5220000743866 0
			vertex 2.5714399814606 1.5713850259781 0
			vertex 2.5559470653534 1.5683032274246 0
		endloop
	endfacet
	facet normal 0 0 -1
		outer loop
			vertex 0 2.5220000743866 0
			vertex 2.8953199386597 1.5713850259781 0
			vertex 2.5714399814606 1.5713850259781 0
		endloop
	endfacet
	facet normal 0 0 -1
		outer loop
			vertex 1.8562049865723 1.3014849424362 0
			vertex 1.8562049865723 1.4904149770737 0
			vertex 2.1813220977783 1.4904149770737 0
		endloop
	endfacet
	facet normal 0 0 -1
		outer loop
			vertex 1.8562049865723 1.3014849424362 0
			vertex 2.1813220977783 1.4904149770737 0
			vertex 2.1870102882385 1.3014849424362 0
		endloop
	endfacet
	facet normal 0 0 -1
		outer loop
			vertex 2.1870102882385 1.3014849424362 0
			vertex 2.1813220977783 1.4904149770737 0
			vertex 2.3150351047516 1.4012731313705 0
		endloop
	endfacet
	facet normal 0 0 -1
		outer loop
			vertex 2.2090728282928 1.5683032274246 0
			vertex 2.2160370349884 1.5645855665207 0
			vertex 2.2156054973602 1.5639382600784 0
		endloop
	endfacet
	facet normal 0 0 -1
		outer loop
			vertex 0 2.5220000743866 0
			vertex 3.2037069797516 1.5683032274246 0
			vertex 2.8953199386597 1.5713850259781 0
		endloop
	endfacet
	facet normal 0 0 -1
		outer loop
			vertex 0 2.5220000743866 0
			vertex 3.2191998958588 1.5713850259781 0
			vertex 3.2037069797516 1.5683032274246 0
		endloop
	endfacet
	facet normal 0 0 -1
		outer loop
			vertex 0 2.5220000743866 0
			vertex 3.5430800914764 1.5713850259781 0
			vertex 3.2191998958588 1.5713850259781 0
		endloop
	endfacet
	facet normal 0 0 -1
		outer loop
			vertex 2.1870102882385 1.3014849424362 0
			vertex 2.3150351047516 1.4012731313705 0
			vertex 2.3150351047516 1.3441599607468 0
		endloop
	endfacet
	facet normal 0 0 -1
		outer loop
			vertex 2.3683223724365 1.2454274892807 0
			vertex 2.3216047286987 1.2610000371933 0
			vertex 2.3683223724365 1.2765725851059 0
		endloop
	endfacet
	facet normal 0 0 -1
		outer loop
			vertex 2.3681757450104 1.2770124673843 0
			vertex 2.3710129261017 1.2775766849518 0
			vertex 2.3683223724365 1.2765725851059 0
		endloop
	endfacet
	facet normal 0 0 -1
		outer loop
			vertex 2.3710129261017 1.2444232702255 0
			vertex 2.3683223724365 1.2765725851059 0
			vertex 2.3710129261017 1.2775766849518 0
		endloop
	endfacet
	facet normal 0 0 -1
		outer loop
			vertex 2.3710129261017 1.2444232702255 0
			vertex 2.3710129261017 1.2775766849518 0
			vertex 2.3841471672058 1.2863527536392 0
		endloop
	endfacet
	facet normal 0 0 -1
		outer loop
			vertex 2.3841471672058 1.2356472015381 0
			vertex 2.3841471672058 1.2863527536392 0
			vertex 2.4348528385162 1.2863527536392 0
		endloop
	endfacet
	facet normal 0 0 -1
		outer loop
			vertex 2.3929233551025 1.2994871139526 0
			vertex 2.4260766506195 1.2994871139526 0
			vertex 2.4348528385162 1.2863527536392 0
		endloop
	endfacet
	facet normal 0 0 -1
		outer loop
			vertex 2.3841471672058 1.2863527536392 0
			vertex 2.3929233551025 1.2994871139526 0
			vertex 2.4348528385162 1.2863527536392 0
		endloop
	endfacet
	facet normal 0 0 -1
		outer loop
			vertex 2.3960049152374 1.3149800300598 0
			vertex 2.4229950904846 1.3149800300598 0
			vertex 2.4260766506195 1.2994871139526 0
		endloop
	endfacet
	facet normal 0 0 -1
		outer loop
			vertex 2.3929233551025 1.2994871139526 0
			vertex 2.3960049152374 1.3149800300598 0
			vertex 2.4260766506195 1.2994871139526 0
		endloop
	endfacet
	facet normal 0 0 -1
		outer loop
			vertex 2.3960049152374 1.3149800300598 0
			vertex 2.3960049152374 1.4229400157928 0
			vertex 2.4229950904846 1.3149800300598 0
		endloop
	endfacet
	facet normal 0 0 -1
		outer loop
			vertex 2.4229950904846 1.3149800300598 0
			vertex 2.3960049152374 1.4229400157928 0
			vertex 2.4229950904846 1.4229400157928 0
		endloop
	endfacet
	facet normal 0 0 -1
		outer loop
			vertex 2.2160370349884 1.5645855665207 0
			vertex 2.4348528385162 1.4515671730042 0
			vertex 2.3779771327972 1.4566255807877 0
		endloop
	endfacet
	facet normal 0 0 -1
		outer loop
			vertex 2.2090728282928 1.5683032274246 0
			vertex 2.5559470653534 1.5683032274246 0
			vertex 2.2160370349884 1.5645855665207 0
		endloop
	endfacet
	facet normal 0 -0 -1
		outer loop
			vertex 2.3779771327972 1.4566255807877 0
			vertex 2.3841471672058 1.4515671730042 0
			vertex 2.3775455951691 1.4559782743454 0
		endloop
	endfacet
	facet normal 0 0 -1
		outer loop
			vertex 2.3960049152374 1.4229400157928 0
			vertex 2.3929233551025 1.4384329319 0
			vertex 2.4229950904846 1.4229400157928 0
		endloop
	endfacet
	facet normal 0 0 -1
		outer loop
			vertex 2.3929233551025 1.4384329319 0
			vertex 2.4260766506195 1.4384329319 0
			vertex 2.4229950904846 1.4229400157928 0
		endloop
	endfacet
	facet normal 0 0 -1
		outer loop
			vertex 2.3841471672058 1.4515671730042 0
			vertex 2.4260766506195 1.4384329319 0
			vertex 2.3929233551025 1.4384329319 0
		endloop
	endfacet
	facet normal 0 0 -1
		outer loop
			vertex 2.3779771327972 1.4566255807877 0
			vertex 2.4348528385162 1.4515671730042 0
			vertex 2.3841471672058 1.4515671730042 0
		endloop
	endfacet
	facet normal 0 0 -1
		outer loop
			vertex 2.3841471672058 1.4515671730042 0
			vertex 2.4348528385162 1.4515671730042 0
			vertex 2.4260766506195 1.4384329319 0
		endloop
	endfacet
	facet normal 0 0 -1
		outer loop
			vertex 2.2160370349884 1.5645855665207 0
			vertex 2.5428128242493 1.5595271587372 0
			vertex 2.4348528385162 1.4515671730042 0
		endloop
	endfacet
	facet normal 0 0 -1
		outer loop
			vertex 2.2160370349884 1.5645855665207 0
			vertex 2.5559470653534 1.5683032274246 0
			vertex 2.5428128242493 1.5595271587372 0
		endloop
	endfacet
	facet normal 0 0 -1
		outer loop
			vertex 2.5823745727539 1.2533397674561 0
			vertex 2.5039649009705 1.3317494392395 0
			vertex 2.5039649009705 1.4061706066132 0
		endloop
	endfacet
	facet normal 0 0 -1
		outer loop
			vertex 2.5823745727539 1.2533397674561 0
			vertex 2.5039649009705 1.4061706066132 0
			vertex 2.5882093906403 1.4904149770737 0
		endloop
	endfacet
	facet normal 0 0 -1
		outer loop
			vertex 0 2.5220000743866 0
			vertex 3.7590000629425 1.5713850259781 0
			vertex 3.5430800914764 1.5713850259781 0
		endloop
	endfacet
	facet normal 0 0 -1
		outer loop
			vertex 2.5823745727539 1.2533397674561 0
			vertex 2.5882093906403 1.4904149770737 0
			vertex 2.87855052948 1.4904149770737 0
		endloop
	endfacet
	facet normal 0 0 -1
		outer loop
			vertex 2.5823745727539 1.2533397674561 0
			vertex 2.87855052948 1.4904149770737 0
			vertex 2.873450756073 1.3503651618958 0
		endloop
	endfacet
	facet normal 0 0 -1
		outer loop
			vertex 2.9079759120941 1.2770124673843 0
			vertex 2.9108128547668 1.2775766849518 0
			vertex 2.9081225395203 1.2765725851059 0
		endloop
	endfacet
	facet normal 0 0 -1
		outer loop
			vertex 2.9108128547668 1.2444232702255 0
			vertex 2.9081225395203 1.2765725851059 0
			vertex 2.9108128547668 1.2775766849518 0
		endloop
	endfacet
	facet normal 0 0 -1
		outer loop
			vertex 2.9108128547668 1.2444232702255 0
			vertex 2.9108128547668 1.2775766849518 0
			vertex 2.9239473342896 1.2863527536392 0
		endloop
	endfacet
	facet normal 0 0 -1
		outer loop
			vertex 2.873450756073 1.3503651618958 0
			vertex 2.87855052948 1.4904149770737 0
			vertex 2.9460256099701 1.4229400157928 0
		endloop
	endfacet
	facet normal 0 0 -1
		outer loop
			vertex 2.8953199386597 1.5713850259781 0
			vertex 3.2037069797516 1.5683032274246 0
			vertex 2.9108128547668 1.5683032274246 0
		endloop
	endfacet
	facet normal 0 0 -1
		outer loop
			vertex 0 2.5220000743866 0
			vertex 4.2833070755005 1.5683032274246 0
			vertex 3.7590000629425 1.5713850259781 0
		endloop
	endfacet
	facet normal 0 0 -1
		outer loop
			vertex 0 2.5220000743866 0
			vertex 4.2987999916077 1.5713850259781 0
			vertex 4.2833070755005 1.5683032274246 0
		endloop
	endfacet
	facet normal 0 0 -1
		outer loop
			vertex 0 2.5220000743866 0
			vertex 4.5147199630737 1.5713850259781 0
			vertex 4.2987999916077 1.5713850259781 0
		endloop
	endfacet
	facet normal -1 0 0
		outer loop
			vertex 0 0 0
			vertex 0 2.5220000743866 0.51999998092651
			vertex 0 2.5220000743866 0
		endloop
	endfacet
	facet normal 0 0 -1
		outer loop
			vertex 2.9108128547668 0.89971673488617 0
			vertex 2.9134254455566 0.9009091258049 0
			vertex 3.2191998958588 0.95061498880386 0
		endloop
	endfacet
	facet normal 0 0 -1
		outer loop
			vertex 2.9134254455566 0.9009091258049 0
			vertex 3.0213854312897 0.95488911867142 0
			vertex 3.2191998958588 0.95061498880386 0
		endloop
	endfacet
	facet normal 0 0 -1
		outer loop
			vertex 3.0213854312897 0.95488911867142 0
			vertex 3.0211780071259 0.95530378818512 0
			vertex 3.0319073200226 0.96247279644012 0
		endloop
	endfacet
	facet normal 0 0 -1
		outer loop
			vertex 3.0213854312897 0.95488911867142 0
			vertex 3.0319073200226 0.96247279644012 0
			vertex 3.1905727386475 0.96247279644012 0
		endloop
	endfacet
	facet normal 0 0 -1
		outer loop
			vertex 3.0319073200226 0.96247279644012 0
			vertex 3.0406832695007 0.97560703754425 0
			vertex 3.1905727386475 0.96247279644012 0
		endloop
	endfacet
	facet normal 0 0 -1
		outer loop
			vertex 3.0406832695007 0.97560703754425 0
			vertex 3.0437650680542 0.99110001325607 0
			vertex 3.1905727386475 0.96247279644012 0
		endloop
	endfacet
	facet normal 0 0 -1
		outer loop
			vertex 3.0437650680542 0.99110001325607 0
			vertex 3.0437650680542 1.0990600585938 0
			vertex 3.1905727386475 0.96247279644012 0
		endloop
	endfacet
	facet normal 0 0 -1
		outer loop
			vertex 3.0437650680542 1.0990600585938 0
			vertex 3.0707550048828 1.0990600585938 0
			vertex 3.0738368034363 1.0835670232773 0
		endloop
	endfacet
	facet normal 0 0 -1
		outer loop
			vertex 3.0437650680542 1.0990600585938 0
			vertex 3.0738368034363 1.0835670232773 0
			vertex 3.0826127529144 1.0704327821732 0
		endloop
	endfacet
	facet normal 0 0 -1
		outer loop
			vertex 3.0213854312897 0.95488911867142 0
			vertex 3.1905727386475 0.96247279644012 0
			vertex 3.2037069797516 0.95369672775269 0
		endloop
	endfacet
	facet normal 0 0 -1
		outer loop
			vertex 3.0213854312897 0.95488911867142 0
			vertex 3.2037069797516 0.95369672775269 0
			vertex 3.2191998958588 0.95061498880386 0
		endloop
	endfacet
	facet normal 0 0 -1
		outer loop
			vertex 3.0437650680542 1.0990600585938 0
			vertex 3.0826127529144 1.0704327821732 0
			vertex 3.1905727386475 0.96247279644012 0
		endloop
	endfacet
	facet normal 0 0 -1
		outer loop
			vertex 3.0707550048828 1.0990600585938 0
			vertex 3.0406832695007 1.1145529747009 0
			vertex 3.0319073200226 1.1276872158051 0
		endloop
	endfacet
	facet normal 0 0 -1
		outer loop
			vertex 3.0437650680542 1.0990600585938 0
			vertex 3.0406832695007 1.1145529747009 0
			vertex 3.0707550048828 1.0990600585938 0
		endloop
	endfacet
	facet normal 0 0 -1
		outer loop
			vertex 2.9239473342896 1.2356472015381 0
			vertex 3.0707550048828 1.0990600585938 0
			vertex 3.0319073200226 1.1276872158051 0
		endloop
	endfacet
	facet normal 0 0 -1
		outer loop
			vertex 2.9239473342896 1.2356472015381 0
			vertex 3.0707550048828 1.2070200443268 0
			vertex 3.0707550048828 1.0990600585938 0
		endloop
	endfacet
	facet normal 0 0 -1
		outer loop
			vertex 3.1517250537872 1.1158294677734 0
			vertex 3.1517250537872 1.1902505159378 0
			vertex 3.235969543457 1.2744950056076 0
		endloop
	endfacet
	facet normal 0 0 -1
		outer loop
			vertex 3.1517250537872 1.1158294677734 0
			vertex 3.235969543457 1.2744950056076 0
			vertex 3.235969543457 1.0315849781036 0
		endloop
	endfacet
	facet normal 0 0 -1
		outer loop
			vertex 3.235969543457 1.0315849781036 0
			vertex 3.235969543457 1.2744950056076 0
			vertex 3.5263106822968 1.0315849781036 0
		endloop
	endfacet
	facet normal 0 0 -1
		outer loop
			vertex 3.5263106822968 1.0315849781036 0
			vertex 3.235969543457 1.2744950056076 0
			vertex 3.610554933548 1.1158294677734 0
		endloop
	endfacet
	facet normal 0 0 -1
		outer loop
			vertex 3.610554933548 1.1158294677734 0
			vertex 3.235969543457 1.2744950056076 0
			vertex 3.610554933548 1.2744950056076 0
		endloop
	endfacet
	facet normal 0 0 -1
		outer loop
			vertex 3.5430800914764 0.95061498880386 0
			vertex 3.5585730075836 0.95369672775269 0
			vertex 4.0289001464844 0.95061498880386 0
		endloop
	endfacet
	facet normal 0 0 -1
		outer loop
			vertex 3.5585730075836 0.95369672775269 0
			vertex 3.5717072486877 0.96247279644012 0
			vertex 4.0134072303772 0.95369672775269 0
		endloop
	endfacet
	facet normal 0 0 -1
		outer loop
			vertex 3.5717072486877 0.96247279644012 0
			vertex 3.6796672344208 1.0704327821732 0
			vertex 3.9926891326904 0.97299456596375 0
		endloop
	endfacet
	facet normal 0 0 -1
		outer loop
			vertex 3.5430800914764 0.95061498880386 0
			vertex 4.0289001464844 0.95061498880386 0
			vertex 4.4992270469666 0.89971673488617 0
		endloop
	endfacet
	facet normal 0 0 -1
		outer loop
			vertex 3.6796672344208 1.0704327821732 0
			vertex 3.6884431838989 1.0835670232773 0
			vertex 3.9926891326904 0.97299456596375 0
		endloop
	endfacet
	facet normal 0 0 -1
		outer loop
			vertex 3.6884431838989 1.0835670232773 0
			vertex 3.6915249824524 1.0990600585938 0
			vertex 3.9926891326904 0.97299456596375 0
		endloop
	endfacet
	facet normal 0 0 -1
		outer loop
			vertex 3.5717072486877 0.96247279644012 0
			vertex 4.0002727508545 0.96247279644012 0
			vertex 4.0134072303772 0.95369672775269 0
		endloop
	endfacet
	facet normal 0 0 -1
		outer loop
			vertex 3.5585730075836 0.95369672775269 0
			vertex 4.0134072303772 0.95369672775269 0
			vertex 4.0289001464844 0.95061498880386 0
		endloop
	endfacet
	facet normal 0 0 -1
		outer loop
			vertex 3.5717072486877 0.96247279644012 0
			vertex 3.9926891326904 0.97299456596375 0
			vertex 4.0002727508545 0.96247279644012 0
		endloop
	endfacet
	facet normal 0 0 -1
		outer loop
			vertex 3.6915249824524 1.0990600585938 0
			vertex 3.6915249824524 1.4229400157928 0
			vertex 3.9926891326904 0.97299456596375 0
		endloop
	endfacet
	facet normal 0 0 -1
		outer loop
			vertex 4.0002727508545 0.96247279644012 0
			vertex 3.9926891326904 0.97299456596375 0
			vertex 3.9931037425995 0.97320193052292 0
		endloop
	endfacet
	facet normal 0 0 -1
		outer loop
			vertex 4.0575270652771 0.96247279644012 0
			vertex 4.0646963119507 0.97320193052292 0
			vertex 4.0651106834412 0.97299456596375 0
		endloop
	endfacet
	facet normal 0 0 -1
		outer loop
			vertex 3.959456205368 1.2205150127411 0
			vertex 4.0983438491821 1.2205150127411 0
			vertex 4.0289001464844 1.0816272497177 0
		endloop
	endfacet
	facet normal 0 0 -1
		outer loop
			vertex 3.5430800914764 0.95061498880386 0
			vertex 4.4992270469666 0.89971673488617 0
			vertex 4.5147199630737 0.89663499593735 0
		endloop
	endfacet
	facet normal 0 0 -1
		outer loop
			vertex 4.0289001464844 0.95061498880386 0
			vertex 4.0443930625916 0.95369672775269 0
			vertex 4.4992270469666 0.89971673488617 0
		endloop
	endfacet
	facet normal 0 0 -1
		outer loop
			vertex 4.0443930625916 0.95369672775269 0
			vertex 4.3886547088623 0.95488911867142 0
			vertex 4.4966144561768 0.9009091258049 0
		endloop
	endfacet
	facet normal 0 0 -1
		outer loop
			vertex 4.0443930625916 0.95369672775269 0
			vertex 4.4966144561768 0.9009091258049 0
			vertex 4.4992270469666 0.89971673488617 0
		endloop
	endfacet
	facet normal 0 0 -1
		outer loop
			vertex 4.4966144561768 0.9009091258049 0
			vertex 4.4968218803406 0.9013237953186 0
			vertex 4.4992270469666 0.89971673488617 0
		endloop
	endfacet
	facet normal 0 0 -1
		outer loop
			vertex 4.0443930625916 0.95369672775269 0
			vertex 4.0575270652771 0.96247279644012 0
			vertex 4.3886547088623 0.95488911867142 0
		endloop
	endfacet
	facet normal 0 0 -1
		outer loop
			vertex 4.0575270652771 0.96247279644012 0
			vertex 4.0651106834412 0.97299456596375 0
			vertex 4.3781328201294 0.96247279644012 0
		endloop
	endfacet
	facet normal 0 0 -1
		outer loop
			vertex 4.0575270652771 0.96247279644012 0
			vertex 4.3781328201294 0.96247279644012 0
			vertex 4.3886547088623 0.95488911867142 0
		endloop
	endfacet
	facet normal 0 0 -1
		outer loop
			vertex 4.0651106834412 0.97299456596375 0
			vertex 4.3662748336792 0.99110001325607 0
			vertex 4.3693566322327 0.97560703754425 0
		endloop
	endfacet
	facet normal 0 0 -1
		outer loop
			vertex 4.0651106834412 0.97299456596375 0
			vertex 4.3693566322327 0.97560703754425 0
			vertex 4.3781328201294 0.96247279644012 0
		endloop
	endfacet
	facet normal 0 0 -1
		outer loop
			vertex 4.0651106834412 0.97299456596375 0
			vertex 4.3662748336792 1.0990600585938 0
			vertex 4.3662748336792 0.99110001325607 0
		endloop
	endfacet
	facet normal 0 0 -1
		outer loop
			vertex 4.0651106834412 0.97299456596375 0
			vertex 4.3693566322327 1.1145529747009 0
			vertex 4.3662748336792 1.0990600585938 0
		endloop
	endfacet
	facet normal 0 0 -1
		outer loop
			vertex 4.0651106834412 0.97299456596375 0
			vertex 4.3781328201294 1.1276872158051 0
			vertex 4.3693566322327 1.1145529747009 0
		endloop
	endfacet
	facet normal 0 0 -1
		outer loop
			vertex 4.0651106834412 0.97299456596375 0
			vertex 4.3781328201294 1.2863527536392 0
			vertex 4.3781328201294 1.1276872158051 0
		endloop
	endfacet
	facet normal 0 0 -1
		outer loop
			vertex 4.0651106834412 0.97299456596375 0
			vertex 4.3662748336792 1.3149800300598 0
			vertex 4.3693566322327 1.2994871139526 0
		endloop
	endfacet
	facet normal 0 0 -1
		outer loop
			vertex 4.0651106834412 0.97299456596375 0
			vertex 4.3693566322327 1.2994871139526 0
			vertex 4.3781328201294 1.2863527536392 0
		endloop
	endfacet
	facet normal 0 0 -1
		outer loop
			vertex 4.0651106834412 0.97299456596375 0
			vertex 4.3662748336792 1.4229400157928 0
			vertex 4.3662748336792 1.3149800300598 0
		endloop
	endfacet
	facet normal 0 0 -1
		outer loop
			vertex 4.3781328201294 0.96247279644012 0
			vertex 4.3888621330261 0.95530378818512 0
			vertex 4.3886547088623 0.95488911867142 0
		endloop
	endfacet
	facet normal 0 0 -1
		outer loop
			vertex 4.4472451210022 1.0161211490631 0
			vertex 4.4472451210022 1.0822905302048 0
			vertex 4.5242772102356 0.97760498523712 0
		endloop
	endfacet
	facet normal 0 0 -1
		outer loop
			vertex 4.4472451210022 1.0822905302048 0
			vertex 4.5314893722534 1.1665350198746 0
			vertex 4.5242772102356 0.97760498523712 0
		endloop
	endfacet
	facet normal 0 0 -1
		outer loop
			vertex 4.3781328201294 1.1276872158051 0
			vertex 4.3781328201294 1.2863527536392 0
			vertex 4.4574656486511 1.2070200443268 0
		endloop
	endfacet
	facet normal 0 0 -1
		outer loop
			vertex 3.0707550048828 1.2070200443268 0
			vertex 2.9239473342896 1.2863527536392 0
			vertex 3.0319073200226 1.3943127393723 0
		endloop
	endfacet
	facet normal 0 0 -1
		outer loop
			vertex 3.0707550048828 1.2070200443268 0
			vertex 3.0319073200226 1.3943127393723 0
			vertex 3.0738368034363 1.222512960434 0
		endloop
	endfacet
	facet normal 0 0 -1
		outer loop
			vertex 3.0738368034363 1.222512960434 0
			vertex 3.0319073200226 1.3943127393723 0
			vertex 3.0826127529144 1.2356472015381 0
		endloop
	endfacet
	facet normal 0 0 -1
		outer loop
			vertex 3.0826127529144 1.2356472015381 0
			vertex 3.0826127529144 1.3943127393723 0
			vertex 3.0957469940186 1.3855367898941 0
		endloop
	endfacet
	facet normal 0 0 -1
		outer loop
			vertex 3.0826127529144 1.2356472015381 0
			vertex 3.0957469940186 1.3855367898941 0
			vertex 3.1112399101257 1.3824549913406 0
		endloop
	endfacet
	facet normal 0 0 -1
		outer loop
			vertex 3.0319073200226 1.3943127393723 0
			vertex 3.0406832695007 1.4074470996857 0
			vertex 3.0826127529144 1.2356472015381 0
		endloop
	endfacet
	facet normal 0 0 -1
		outer loop
			vertex 3.0406832695007 1.4074470996857 0
			vertex 3.0437650680542 1.4229400157928 0
			vertex 3.0738368034363 1.4074470996857 0
		endloop
	endfacet
	facet normal 0 0 -1
		outer loop
			vertex 3.0406832695007 1.4074470996857 0
			vertex 3.0826127529144 1.3943127393723 0
			vertex 3.0826127529144 1.2356472015381 0
		endloop
	endfacet
	facet normal 0 0 -1
		outer loop
			vertex 3.0738368034363 1.4074470996857 0
			vertex 3.0437650680542 1.4229400157928 0
			vertex 3.0707550048828 1.4229400157928 0
		endloop
	endfacet
	facet normal 0 0 -1
		outer loop
			vertex 3.0406832695007 1.4074470996857 0
			vertex 3.0738368034363 1.4074470996857 0
			vertex 3.0826127529144 1.3943127393723 0
		endloop
	endfacet
	facet normal 0 0 -1
		outer loop
			vertex 3.0826127529144 1.2356472015381 0
			vertex 3.1112399101257 1.3824549913406 0
			vertex 3.1267328262329 1.3855367898941 0
		endloop
	endfacet
	facet normal 0 0 -1
		outer loop
			vertex 3.0826127529144 1.2356472015381 0
			vertex 3.1267328262329 1.3855367898941 0
			vertex 3.1398673057556 1.3943127393723 0
		endloop
	endfacet
	facet normal 0 0 -1
		outer loop
			vertex 3.0826127529144 1.2356472015381 0
			vertex 3.1398673057556 1.3943127393723 0
			vertex 3.1905727386475 1.3436071872711 0
		endloop
	endfacet
	facet normal 0 0 -1
		outer loop
			vertex 3.1398673057556 1.3943127393723 0
			vertex 3.235969543457 1.4904149770737 0
			vertex 3.1905727386475 1.3436071872711 0
		endloop
	endfacet
	facet normal 0 0 -1
		outer loop
			vertex 3.0406832695007 1.4384329319 0
			vertex 3.0707550048828 1.4229400157928 0
			vertex 3.0437650680542 1.4229400157928 0
		endloop
	endfacet
	facet normal 0 0 -1
		outer loop
			vertex 3.0319073200226 1.4515671730042 0
			vertex 3.0738368034363 1.4384329319 0
			vertex 3.0406832695007 1.4384329319 0
		endloop
	endfacet
	facet normal 0 0 -1
		outer loop
			vertex 2.9239473342896 1.5595271587372 0
			vertex 3.0826127529144 1.4515671730042 0
			vertex 3.0319073200226 1.4515671730042 0
		endloop
	endfacet
	facet normal 0 0 -1
		outer loop
			vertex 3.0406832695007 1.4384329319 0
			vertex 3.0738368034363 1.4384329319 0
			vertex 3.0707550048828 1.4229400157928 0
		endloop
	endfacet
	facet normal 0 0 -1
		outer loop
			vertex 3.0319073200226 1.4515671730042 0
			vertex 3.0826127529144 1.4515671730042 0
			vertex 3.0738368034363 1.4384329319 0
		endloop
	endfacet
	facet normal 0 0 -1
		outer loop
			vertex 2.9108128547668 1.5683032274246 0
			vertex 3.1905727386475 1.5595271587372 0
			vertex 2.9239473342896 1.5595271587372 0
		endloop
	endfacet
	facet normal 0 0 -1
		outer loop
			vertex 2.9239473342896 1.5595271587372 0
			vertex 3.1905727386475 1.5595271587372 0
			vertex 3.0826127529144 1.4515671730042 0
		endloop
	endfacet
	facet normal 0 0 -1
		outer loop
			vertex 2.9108128547668 1.5683032274246 0
			vertex 3.2037069797516 1.5683032274246 0
			vertex 3.1905727386475 1.5595271587372 0
		endloop
	endfacet
	facet normal 0 0 -1
		outer loop
			vertex 3.1905727386475 1.3436071872711 0
			vertex 3.235969543457 1.4904149770737 0
			vertex 3.2037069797516 1.3523832559586 0
		endloop
	endfacet
	facet normal 0 0 -1
		outer loop
			vertex 3.2037069797516 1.3523832559586 0
			vertex 3.235969543457 1.4904149770737 0
			vertex 3.2191998958588 1.355465054512 0
		endloop
	endfacet
	facet normal 0 0 -1
		outer loop
			vertex 3.2191998958588 1.355465054512 0
			vertex 3.235969543457 1.4904149770737 0
			vertex 3.5263106822968 1.4904149770737 0
		endloop
	endfacet
	facet normal 0 0 -1
		outer loop
			vertex 0 2.5220000743866 0
			vertex 4.8386001586914 1.5713850259781 0
			vertex 4.5147199630737 1.5713850259781 0
		endloop
	endfacet
	facet normal 0 0 -1
		outer loop
			vertex 3.2191998958588 1.355465054512 0
			vertex 3.5263106822968 1.4904149770737 0
			vertex 3.610554933548 1.4061706066132 0
		endloop
	endfacet
	facet normal 0 0 -1
		outer loop
			vertex 3.2191998958588 1.355465054512 0
			vertex 3.610554933548 1.4061706066132 0
			vertex 3.610554933548 1.355465054512 0
		endloop
	endfacet
	facet normal 0 0 -1
		outer loop
			vertex 3.5430800914764 1.5713850259781 0
			vertex 3.7435071468353 1.5683032274246 0
			vertex 3.5585730075836 1.5683032274246 0
		endloop
	endfacet
	facet normal 0 0 -1
		outer loop
			vertex 3.5717072486877 1.5595271587372 0
			vertex 3.7227890491486 1.5127946138382 0
			vertex 3.6796672344208 1.4515671730042 0
		endloop
	endfacet
	facet normal 0 0 -1
		outer loop
			vertex 3.5585730075836 1.5683032274246 0
			vertex 3.7303726673126 1.5595271587372 0
			vertex 3.5717072486877 1.5595271587372 0
		endloop
	endfacet
	facet normal 0 0 -1
		outer loop
			vertex 3.6796672344208 1.4515671730042 0
			vertex 3.7227890491486 1.5127946138382 0
			vertex 3.6884431838989 1.4384329319 0
		endloop
	endfacet
	facet normal 0 0 -1
		outer loop
			vertex 3.5717072486877 1.5595271587372 0
			vertex 3.718514919281 1.5309000015259 0
			vertex 3.7215967178345 1.5154070854187 0
		endloop
	endfacet
	facet normal 0 0 -1
		outer loop
			vertex 3.5717072486877 1.5595271587372 0
			vertex 3.7215967178345 1.5154070854187 0
			vertex 3.7227890491486 1.5127946138382 0
		endloop
	endfacet
	facet normal 0 0 -1
		outer loop
			vertex 3.5717072486877 1.5595271587372 0
			vertex 3.7215967178345 1.5463929176331 0
			vertex 3.718514919281 1.5309000015259 0
		endloop
	endfacet
	facet normal 0 0 -1
		outer loop
			vertex 3.5717072486877 1.5595271587372 0
			vertex 3.7303726673126 1.5595271587372 0
			vertex 3.7215967178345 1.5463929176331 0
		endloop
	endfacet
	facet normal 0 0 -1
		outer loop
			vertex 3.5585730075836 1.5683032274246 0
			vertex 3.7435071468353 1.5683032274246 0
			vertex 3.7303726673126 1.5595271587372 0
		endloop
	endfacet
	facet normal 0 0 -1
		outer loop
			vertex 3.5430800914764 1.5713850259781 0
			vertex 3.7590000629425 1.5713850259781 0
			vertex 3.7435071468353 1.5683032274246 0
		endloop
	endfacet
	facet normal 0 0 -1
		outer loop
			vertex 3.7215967178345 1.5154070854187 0
			vertex 3.7232038974762 1.5130019187927 0
			vertex 3.7227890491486 1.5127946138382 0
		endloop
	endfacet
	facet normal 0 0 -1
		outer loop
			vertex 3.9926891326904 0.97299456596375 0
			vertex 3.6915249824524 1.4229400157928 0
			vertex 3.6884431838989 1.4384329319 0
		endloop
	endfacet
	facet normal 0 0 -1
		outer loop
			vertex 3.9926891326904 0.97299456596375 0
			vertex 3.6884431838989 1.4384329319 0
			vertex 3.7227890491486 1.5127946138382 0
		endloop
	endfacet
	facet normal 0 0 -1
		outer loop
			vertex 3.7947962284088 1.548798084259 0
			vertex 3.7876272201538 1.5595271587372 0
			vertex 3.7952108383179 1.5490053892136 0
		endloop
	endfacet
	facet normal 0 0 -1
		outer loop
			vertex 3.7590000629425 1.5713850259781 0
			vertex 4.2833070755005 1.5683032274246 0
			vertex 3.7744929790497 1.5683032274246 0
		endloop
	endfacet
	facet normal 0 0 -1
		outer loop
			vertex 3.7744929790497 1.5683032274246 0
			vertex 4.2701725959778 1.5595271587372 0
			vertex 3.7876272201538 1.5595271587372 0
		endloop
	endfacet
	facet normal 0 0 -1
		outer loop
			vertex 3.7952108383179 1.5490053892136 0
			vertex 4.138828754425 1.3014849424362 0
			vertex 3.9189710617065 1.3014849424362 0
		endloop
	endfacet
	facet normal 0 0 -1
		outer loop
			vertex 3.7952108383179 1.5490053892136 0
			vertex 3.7876272201538 1.5595271587372 0
			vertex 4.2625889778137 1.5490053892136 0
		endloop
	endfacet
	facet normal 0 0 -1
		outer loop
			vertex 3.7952108383179 1.5490053892136 0
			vertex 4.2625889778137 1.5490053892136 0
			vertex 4.138828754425 1.3014849424362 0
		endloop
	endfacet
	facet normal 0 0 -1
		outer loop
			vertex 3.7876272201538 1.5595271587372 0
			vertex 4.2701725959778 1.5595271587372 0
			vertex 4.2625889778137 1.5490053892136 0
		endloop
	endfacet
	facet normal 0 0 -1
		outer loop
			vertex 3.7744929790497 1.5683032274246 0
			vertex 4.2833070755005 1.5683032274246 0
			vertex 4.2701725959778 1.5595271587372 0
		endloop
	endfacet
	facet normal 0 0 -1
		outer loop
			vertex 4.0651106834412 0.97299456596375 0
			vertex 4.3350110054016 1.5127946138382 0
			vertex 4.3662748336792 1.4229400157928 0
		endloop
	endfacet
	facet normal 0 0 -1
		outer loop
			vertex 4.2630038261414 1.548798084259 0
			vertex 4.2625889778137 1.5490053892136 0
			vertex 4.2701725959778 1.5595271587372 0
		endloop
	endfacet
	facet normal 0 0 -1
		outer loop
			vertex 4.5256547927856 1.2533397674561 0
			vertex 4.4472451210022 1.3317494392395 0
			vertex 4.4472451210022 1.4061706066132 0
		endloop
	endfacet
	facet normal 0 0 -1
		outer loop
			vertex 4.5256547927856 1.2533397674561 0
			vertex 4.4472451210022 1.4061706066132 0
			vertex 4.5314893722534 1.4904149770737 0
		endloop
	endfacet
	facet normal 0 0 -1
		outer loop
			vertex 4.3350110054016 1.5127946138382 0
			vertex 4.3693566322327 1.4384329319 0
			vertex 4.3662748336792 1.4229400157928 0
		endloop
	endfacet
	facet normal 0 0 -1
		outer loop
			vertex 4.3350110054016 1.5127946138382 0
			vertex 4.3781328201294 1.4515671730042 0
			vertex 4.3693566322327 1.4384329319 0
		endloop
	endfacet
	facet normal 0 0 -1
		outer loop
			vertex 4.3362030982971 1.5154070854187 0
			vertex 4.3350110054016 1.5127946138382 0
			vertex 4.334596157074 1.5130019187927 0
		endloop
	endfacet
	facet normal 0 -0 -1
		outer loop
			vertex 4.3362030982971 1.5154070854187 0
			vertex 4.4860925674438 1.5595271587372 0
			vertex 4.3350110054016 1.5127946138382 0
		endloop
	endfacet
	facet normal 0 0 -1
		outer loop
			vertex 4.3362030982971 1.5154070854187 0
			vertex 4.3392848968506 1.5309000015259 0
			vertex 4.4860925674438 1.5595271587372 0
		endloop
	endfacet
	facet normal 0 0 -1
		outer loop
			vertex 4.3350110054016 1.5127946138382 0
			vertex 4.4860925674438 1.5595271587372 0
			vertex 4.3781328201294 1.4515671730042 0
		endloop
	endfacet
	facet normal 0 0 -1
		outer loop
			vertex 4.3392848968506 1.5309000015259 0
			vertex 4.3362030982971 1.5463929176331 0
			vertex 4.4860925674438 1.5595271587372 0
		endloop
	endfacet
	facet normal 0 0 -1
		outer loop
			vertex 4.3362030982971 1.5463929176331 0
			vertex 4.3274273872375 1.5595271587372 0
			vertex 4.4860925674438 1.5595271587372 0
		endloop
	endfacet
	facet normal 0 0 -1
		outer loop
			vertex 4.2987999916077 1.5713850259781 0
			vertex 4.4992270469666 1.5683032274246 0
			vertex 4.3142929077148 1.5683032274246 0
		endloop
	endfacet
	facet normal 0 0 -1
		outer loop
			vertex 4.3142929077148 1.5683032274246 0
			vertex 4.4860925674438 1.5595271587372 0
			vertex 4.3274273872375 1.5595271587372 0
		endloop
	endfacet
	facet normal 0 0 -1
		outer loop
			vertex 4.3142929077148 1.5683032274246 0
			vertex 4.4992270469666 1.5683032274246 0
			vertex 4.4860925674438 1.5595271587372 0
		endloop
	endfacet
	facet normal 0 0 -1
		outer loop
			vertex 4.2987999916077 1.5713850259781 0
			vertex 4.5147199630737 1.5713850259781 0
			vertex 4.4992270469666 1.5683032274246 0
		endloop
	endfacet
	facet normal -0 0 -1
		outer loop
			vertex 4.8567056655884 0.9009091258049 0
			vertex 4.8540930747986 0.89971673488617 0
			vertex 4.8564982414246 0.9013237953186 0
		endloop
	endfacet
	facet normal 0 0 -1
		outer loop
			vertex 4.5242772102356 0.97760498523712 0
			vertex 4.5314893722534 1.1665350198746 0
			vertex 4.8218307495117 1.1665350198746 0
		endloop
	endfacet
	facet normal 0 0 -1
		outer loop
			vertex 4.5242772102356 0.97760498523712 0
			vertex 4.9060750007629 1.0822905302048 0
			vertex 4.8290429115295 0.97760498523712 0
		endloop
	endfacet
	facet normal 0 0 -1
		outer loop
			vertex 4.5242772102356 0.97760498523712 0
			vertex 4.8218307495117 1.1665350198746 0
			vertex 4.9060750007629 1.0822905302048 0
		endloop
	endfacet
	facet normal 0 0 -1
		outer loop
			vertex 4.8290429115295 0.97760498523712 0
			vertex 4.9060750007629 1.0822905302048 0
			vertex 4.9060750007629 1.0161211490631 0
		endloop
	endfacet
	facet normal 0 0 -1
		outer loop
			vertex 4.7641997337341 1.2475049495697 0
			vertex 4.8514022827148 1.2765725851059 0
			vertex 4.8386001586914 1.2475049495697 0
		endloop
	endfacet
	facet normal 0 0 -1
		outer loop
			vertex 4.8386001586914 1.2475049495697 0
			vertex 4.8514022827148 1.2765725851059 0
			vertex 4.8540930747986 1.2444232702255 0
		endloop
	endfacet
	facet normal 0 0 -1
		outer loop
			vertex 4.8672270774841 1.2356472015381 0
			vertex 4.8540930747986 1.2444232702255 0
			vertex 4.8672270774841 1.2863527536392 0
		endloop
	endfacet
	facet normal 0 0 -1
		outer loop
			vertex 4.964457988739 0.95530378818512 0
			vertex 4.9751873016357 0.96247279644012 0
			vertex 4.9646654129028 0.95488911867142 0
		endloop
	endfacet
	facet normal 0 0 -1
		outer loop
			vertex 4.9751873016357 1.1276872158051 0
			vertex 4.9839634895325 1.4074470996857 0
			vertex 4.9839634895325 1.1145529747009 0
		endloop
	endfacet
	facet normal 0 0 -1
		outer loop
			vertex 4.8672270774841 1.2356472015381 0
			vertex 4.9751873016357 1.3943127393723 0
			vertex 4.9751873016357 1.1276872158051 0
		endloop
	endfacet
	facet normal 0 0 -1
		outer loop
			vertex 4.9870448112488 1.0990600585938 0
			vertex 4.9839634895325 1.1145529747009 0
			vertex 4.9870448112488 1.4229400157928 0
		endloop
	endfacet
	facet normal 0 0 -1
		outer loop
			vertex 0 0 0
			vertex 1.2759200334549 0.89663499593735 0
			vertex 16.39999961853 0 0
		endloop
	endfacet
	facet normal 0 0 -1
		outer loop
			vertex 4.5256547927856 1.2533397674561 0
			vertex 4.5314893722534 1.4904149770737 0
			vertex 4.8218307495117 1.4904149770737 0
		endloop
	endfacet
	facet normal 0 0 -1
		outer loop
			vertex 4.5256547927856 1.2533397674561 0
			vertex 4.8218307495117 1.4904149770737 0
			vertex 4.8167309761047 1.3503651618958 0
		endloop
	endfacet
	facet normal 0 0 -1
		outer loop
			vertex 4.8512558937073 1.2770124673843 0
			vertex 4.8540930747986 1.2775766849518 0
			vertex 4.8514022827148 1.2765725851059 0
		endloop
	endfacet
	facet normal 0 0 -1
		outer loop
			vertex 4.8540930747986 1.2444232702255 0
			vertex 4.8514022827148 1.2765725851059 0
			vertex 4.8540930747986 1.2775766849518 0
		endloop
	endfacet
	facet normal 0 0 -1
		outer loop
			vertex 4.8540930747986 1.2444232702255 0
			vertex 4.8540930747986 1.2775766849518 0
			vertex 4.8672270774841 1.2863527536392 0
		endloop
	endfacet
	facet normal 0 0 -1
		outer loop
			vertex 4.8167309761047 1.3503651618958 0
			vertex 4.8218307495117 1.4904149770737 0
			vertex 4.8893055915833 1.4229400157928 0
		endloop
	endfacet
	facet normal 0 0 -1
		outer loop
			vertex 4.8672270774841 1.2356472015381 0
			vertex 4.8672270774841 1.2863527536392 0
			vertex 4.9751873016357 1.3943127393723 0
		endloop
	endfacet
	facet normal 0 0 -1
		outer loop
			vertex 4.9751873016357 1.1276872158051 0
			vertex 4.9751873016357 1.3943127393723 0
			vertex 4.9839634895325 1.4074470996857 0
		endloop
	endfacet
	facet normal 0 0 -1
		outer loop
			vertex 4.9839634895325 1.1145529747009 0
			vertex 4.9839634895325 1.4074470996857 0
			vertex 4.9870448112488 1.4229400157928 0
		endloop
	endfacet
	facet normal 0 0 -1
		outer loop
			vertex 0 2.5220000743866 0
			vertex 5.4667000770569 2.5220000743866 0
			vertex 12.193866729736 0.95369672775269 0
		endloop
	endfacet
	facet normal 0 -1 0
		outer loop
			vertex 0 0 0
			vertex 8.6049995422363 0 0.24500000476837
			vertex 7.7950000762939 0 0.24500000476837
		endloop
	endfacet
	facet normal 0 1 0
		outer loop
			vertex 0 2.5220000743866 0
			vertex 5.4667000770569 2.5220000743866 0.51999998092651
			vertex 5.4667000770569 2.5220000743866 0
		endloop
	endfacet
	facet normal 0 -1 0
		outer loop
			vertex 0 0 0
			vertex 7.7950000762939 0 0.24500000476837
			vertex 0 0 0.51999998092651
		endloop
	endfacet
	facet normal -1 0 0
		outer loop
			vertex 0 0 0
			vertex 0 0 0.51999998092651
			vertex 0 2.5220000743866 0.51999998092651
		endloop
	endfacet
	facet normal 0 1 0
		outer loop
			vertex 0 2.5220000743866 0
			vertex 0 2.5220000743866 0.51999998092651
			vertex 5.4667000770569 2.5220000743866 0.51999998092651
		endloop
	endfacet
	facet normal 0 0 -1
		outer loop
			vertex 1.2759200334549 0.89663499593735 0
			vertex 1.599799990654 0.89663499593735 0
			vertex 16.39999961853 0 0
		endloop
	endfacet
	facet normal 0 0 -1
		outer loop
			vertex 1.599799990654 0.89663499593735 0
			vertex 1.6152929067612 0.89971673488617 0
			vertex 16.39999961853 0 0
		endloop
	endfacet
	facet normal 0 0 -1
		outer loop
			vertex 1.6152929067612 0.89971673488617 0
			vertex 1.617905497551 0.9009091258049 0
			vertex 16.39999961853 0 0
		endloop
	endfacet
	facet normal 0 0 -1
		outer loop
			vertex 1.617905497551 0.9009091258049 0
			vertex 2.5714399814606 0.89663499593735 0
			vertex 16.39999961853 0 0
		endloop
	endfacet
	facet normal 0 0 -1
		outer loop
			vertex 2.5714399814606 0.89663499593735 0
			vertex 2.8953199386597 0.89663499593735 0
			vertex 16.39999961853 0 0
		endloop
	endfacet
	facet normal 0 0 -1
		outer loop
			vertex 2.8953199386597 0.89663499593735 0
			vertex 2.9108128547668 0.89971673488617 0
			vertex 16.39999961853 0 0
		endloop
	endfacet
	facet normal 0 0 -1
		outer loop
			vertex 2.9108128547668 0.89971673488617 0
			vertex 3.2191998958588 0.95061498880386 0
			vertex 16.39999961853 0 0
		endloop
	endfacet
	facet normal 0 0 -1
		outer loop
			vertex 0 2.5220000743866 0
			vertex 16.39999961853 0 0
			vertex 4.8386001586914 1.5713850259781 0
		endloop
	endfacet
	facet normal 0 0 -1
		outer loop
			vertex 3.5430800914764 0.95061498880386 0
			vertex 4.5147199630737 0.89663499593735 0
			vertex 16.39999961853 0 0
		endloop
	endfacet
	facet normal 0 0 -1
		outer loop
			vertex 3.2191998958588 0.95061498880386 0
			vertex 3.5430800914764 0.95061498880386 0
			vertex 16.39999961853 0 0
		endloop
	endfacet
	facet normal 0 0 -1
		outer loop
			vertex 4.5147199630737 0.89663499593735 0
			vertex 4.8386001586914 0.89663499593735 0
			vertex 16.39999961853 0 0
		endloop
	endfacet
	facet normal 0 -0 -1
		outer loop
			vertex 4.8567056655884 0.9009091258049 0
			vertex 16.39999961853 0 0
			vertex 4.8540930747986 0.89971673488617 0
		endloop
	endfacet
	facet normal 0 0 -1
		outer loop
			vertex 4.8386001586914 0.89663499593735 0
			vertex 4.8540930747986 0.89971673488617 0
			vertex 16.39999961853 0 0
		endloop
	endfacet
	facet normal 0 0 -1
		outer loop
			vertex 4.8567056655884 0.9009091258049 0
			vertex 4.9646654129028 0.95488911867142 0
			vertex 16.39999961853 0 0
		endloop
	endfacet
	facet normal 0 0 -1
		outer loop
			vertex 4.9751873016357 0.96247279644012 0
			vertex 4.9839634895325 0.97560703754425 0
			vertex 16.39999961853 0 0
		endloop
	endfacet
	facet normal 0 0 -1
		outer loop
			vertex 4.9646654129028 0.95488911867142 0
			vertex 4.9751873016357 0.96247279644012 0
			vertex 16.39999961853 0 0
		endloop
	endfacet
	facet normal 0 0 -1
		outer loop
			vertex 4.9839634895325 0.97560703754425 0
			vertex 4.9870448112488 0.99110001325607 0
			vertex 16.39999961853 0 0
		endloop
	endfacet
	facet normal 0 0 -1
		outer loop
			vertex 4.9870448112488 0.99110001325607 0
			vertex 4.9870448112488 1.0990600585938 0
			vertex 16.39999961853 0 0
		endloop
	endfacet
	facet normal 0 0 -1
		outer loop
			vertex 4.9870448112488 1.0990600585938 0
			vertex 4.9870448112488 1.4229400157928 0
			vertex 16.39999961853 0 0
		endloop
	endfacet
	facet normal 0 0 -1
		outer loop
			vertex 4.8540930747986 1.5683032274246 0
			vertex 16.39999961853 0 0
			vertex 4.8672270774841 1.5595271587372 0
		endloop
	endfacet
	facet normal 0 0 -1
		outer loop
			vertex 4.8386001586914 1.5713850259781 0
			vertex 16.39999961853 0 0
			vertex 4.8540930747986 1.5683032274246 0
		endloop
	endfacet
	facet normal 0 0 -1
		outer loop
			vertex 4.9751873016357 1.4515671730042 0
			vertex 16.39999961853 0 0
			vertex 4.9839634895325 1.4384329319 0
		endloop
	endfacet
	facet normal 0 0 -1
		outer loop
			vertex 4.8672270774841 1.5595271587372 0
			vertex 16.39999961853 0 0
			vertex 4.9751873016357 1.4515671730042 0
		endloop
	endfacet
	facet normal 0 0 -1
		outer loop
			vertex 4.9870448112488 1.4229400157928 0
			vertex 4.9839634895325 1.4384329319 0
			vertex 16.39999961853 0 0
		endloop
	endfacet
	facet normal 0 -1 0
		outer loop
			vertex 0 0 0
			vertex 16.39999961853 0 0
			vertex 8.6049995422363 0 0.24500000476837
		endloop
	endfacet
	facet normal 0 0 -1
		outer loop
			vertex 0 2.5220000743866 0
			vertex 12.193866729736 0.95369672775269 0
			vertex 16.39999961853 0 0
		endloop
	endfacet
	facet normal 0 0 -1
		outer loop
			vertex 5.4667000770569 2.5220000743866 0
			vertex 10.250052452087 2.5220000743866 0
			vertex 12.180732727051 0.96247279644012 0
		endloop
	endfacet
	facet normal 0 0 -1
		outer loop
			vertex 5.4667000770569 2.5220000743866 0
			vertex 12.180732727051 0.96247279644012 0
			vertex 12.193866729736 0.95369672775269 0
		endloop
	endfacet
	facet normal 0 0 -1
		outer loop
			vertex 10.250052452087 2.5220000743866 0
			vertex 12.063996315002 1.0835670232773 0
			vertex 12.072772979736 1.0704327821732 0
		endloop
	endfacet
	facet normal 0 0 -1
		outer loop
			vertex 10.250052452087 2.5220000743866 0
			vertex 12.060914993286 1.0990600585938 0
			vertex 12.063996315002 1.0835670232773 0
		endloop
	endfacet
	facet normal 0 0 -1
		outer loop
			vertex 10.250052452087 2.5220000743866 0
			vertex 12.072772979736 1.0704327821732 0
			vertex 12.180732727051 0.96247279644012 0
		endloop
	endfacet
	facet normal 0 0 -1
		outer loop
			vertex 10.250052452087 2.5220000743866 0
			vertex 12.060914993286 1.4229400157928 0
			vertex 12.060914993286 1.0990600585938 0
		endloop
	endfacet
	facet normal 0 0 -1
		outer loop
			vertex 10.250052452087 2.5220000743866 0
			vertex 12.063996315002 1.4384329319 0
			vertex 12.060914993286 1.4229400157928 0
		endloop
	endfacet
	facet normal 0 0 -1
		outer loop
			vertex 10.250052452087 2.5220000743866 0
			vertex 12.072772979736 1.4515671730042 0
			vertex 12.063996315002 1.4384329319 0
		endloop
	endfacet
	facet normal 0 0 -1
		outer loop
			vertex 10.250052452087 2.5220000743866 0
			vertex 12.180732727051 1.5595271587372 0
			vertex 12.072772979736 1.4515671730042 0
		endloop
	endfacet
	facet normal 0 0 -1
		outer loop
			vertex 10.250052452087 2.5220000743866 0
			vertex 12.193866729736 1.5683032274246 0
			vertex 12.180732727051 1.5595271587372 0
		endloop
	endfacet
	facet normal 0 0 -1
		outer loop
			vertex 10.250052452087 2.5220000743866 0
			vertex 12.209360122681 1.5713850259781 0
			vertex 12.193866729736 1.5683032274246 0
		endloop
	endfacet
	facet normal 0 0 -1
		outer loop
			vertex 10.250052452087 2.5220000743866 0
			vertex 12.533240318298 1.5713850259781 0
			vertex 12.209360122681 1.5713850259781 0
		endloop
	endfacet
	facet normal 0 0 -1
		outer loop
			vertex 10.250052452087 2.5220000743866 0
			vertex 12.548732757568 1.5683032274246 0
			vertex 12.533240318298 1.5713850259781 0
		endloop
	endfacet
	facet normal 0 0 -1
		outer loop
			vertex 10.250052452087 2.5220000743866 0
			vertex 12.720532417297 1.5022727251053 0
			vertex 12.548732757568 1.5683032274246 0
		endloop
	endfacet
	facet normal 0 0 -1
		outer loop
			vertex 10.250052452087 2.5220000743866 0
			vertex 10.933400154114 2.5220000743866 0
			vertex 12.720532417297 1.5022727251053 0
		endloop
	endfacet
	facet normal 0 0 1
		outer loop
			vertex 0 0 0.51999998092651
			vertex 5.4667000770569 1.6813281774521 0.51999998092651
			vertex 0 2.5220000743866 0.51999998092651
		endloop
	endfacet
	facet normal 0 -1 0
		outer loop
			vertex 7.7950000762939 0 0.24500000476837
			vertex 7.951000213623 0 0.51999998092651
			vertex 0 0 0.51999998092651
		endloop
	endfacet
	facet normal 0 0 1
		outer loop
			vertex 0 0 0.51999998092651
			vertex 7.951000213623 1.2992913722992 0.51999998092651
			vertex 5.4667000770569 1.6813281774521 0.51999998092651
		endloop
	endfacet
	facet normal -0 0 1
		outer loop
			vertex 0 2.5220000743866 0.51999998092651
			vertex 5.4667000770569 1.6813281774521 0.51999998092651
			vertex 5.4667000770569 2.5220000743866 0.51999998092651
		endloop
	endfacet
	facet normal 0 0 1
		outer loop
			vertex 0 0 0.51999998092651
			vertex 7.951000213623 0 0.51999998092651
			vertex 7.951000213623 1.2992913722992 0.51999998092651
		endloop
	endfacet
	facet normal 0 -1 0
		outer loop
			vertex 8.6049995422363 0 0.24500000476837
			vertex 16.39999961853 0 0.51999998092651
			vertex 8.4490003585815 0 0.51999998092651
		endloop
	endfacet
	facet normal 0 0 1
		outer loop
			vertex 8.4490003585815 0 0.51999998092651
			vertex 10.933400154114 0.84065639972687 0.51999998092651
			vertex 8.4490003585815 1.2227087020874 0.51999998092651
		endloop
	endfacet
	facet normal 0 0 1
		outer loop
			vertex 8.4490003585815 0 0.51999998092651
			vertex 16.39999961853 0 0.51999998092651
			vertex 10.933400154114 0.84065639972687 0.51999998092651
		endloop
	endfacet
	facet normal 0 -0 -1
		outer loop
			vertex 12.40978717804 1.2235966920853 0
			vertex 12.516470909119 1.0315849781036 0
			vertex 12.22612953186 1.0315849781036 0
		endloop
	endfacet
	facet normal 0 0 -1
		outer loop
			vertex 12.396653175354 1.2323727607727 0
			vertex 12.22612953186 1.0315849781036 0
			vertex 12.141884803772 1.1158294677734 0
		endloop
	endfacet
	facet normal 0 -0 -1
		outer loop
			vertex 12.38787651062 1.2455070018768 0
			vertex 12.396653175354 1.2323727607727 0
			vertex 12.141884803772 1.1158294677734 0
		endloop
	endfacet
	facet normal 0 0 -1
		outer loop
			vertex 12.38787651062 1.2764929533005 0
			vertex 12.384795188904 1.2610000371933 0
			vertex 12.141884803772 1.1158294677734 0
		endloop
	endfacet
	facet normal 0 -0 -1
		outer loop
			vertex 12.384795188904 1.2610000371933 0
			vertex 12.38787651062 1.2455070018768 0
			vertex 12.141884803772 1.1158294677734 0
		endloop
	endfacet
	facet normal 0 -0 -1
		outer loop
			vertex 12.396653175354 1.2323727607727 0
			vertex 12.40978717804 1.2235966920853 0
			vertex 12.22612953186 1.0315849781036 0
		endloop
	endfacet
	facet normal 0 0 -1
		outer loop
			vertex 12.40978717804 1.2235966920853 0
			vertex 12.42527961731 1.2205150127411 0
			vertex 12.516470909119 1.0315849781036 0
		endloop
	endfacet
	facet normal 0 0 -1
		outer loop
			vertex 12.42527961731 1.2205150127411 0
			vertex 12.641200065613 1.2205150127411 0
			vertex 12.516470909119 1.0315849781036 0
		endloop
	endfacet
	facet normal -0 0 -1
		outer loop
			vertex 12.612572669983 1.1276872158051 0
			vertex 12.516470909119 1.0315849781036 0
			vertex 12.641200065613 1.2205150127411 0
		endloop
	endfacet
	facet normal 0 -0 -1
		outer loop
			vertex 12.669827461243 1.0704327821732 0
			vertex 12.828493118286 0.96247279644012 0
			vertex 12.561866760254 0.96247279644012 0
		endloop
	endfacet
	facet normal -0 -0 -1
		outer loop
			vertex 12.828493118286 0.96247279644012 0
			vertex 12.841627120972 0.95369672775269 0
			vertex 12.561866760254 0.96247279644012 0
		endloop
	endfacet
	facet normal 0 0 -1
		outer loop
			vertex 12.669827461243 1.0704327821732 0
			vertex 12.678603172302 1.0835670232773 0
			vertex 12.720532417297 1.0704327821732 0
		endloop
	endfacet
	facet normal -0 -0 -1
		outer loop
			vertex 12.711756706238 1.0835670232773 0
			vertex 12.720532417297 1.0704327821732 0
			vertex 12.678603172302 1.0835670232773 0
		endloop
	endfacet
	facet normal 0 0 -1
		outer loop
			vertex 12.711756706238 1.0835670232773 0
			vertex 12.678603172302 1.0835670232773 0
			vertex 12.681685447693 1.0990600585938 0
		endloop
	endfacet
	facet normal -0 -0 -1
		outer loop
			vertex 12.708675384521 1.0990600585938 0
			vertex 12.711756706238 1.0835670232773 0
			vertex 12.681685447693 1.0990600585938 0
		endloop
	endfacet
	facet normal 0 0 -1
		outer loop
			vertex 12.669827461243 1.0704327821732 0
			vertex 12.720532417297 1.0704327821732 0
			vertex 12.828493118286 0.96247279644012 0
		endloop
	endfacet
	facet normal 0 0 -1
		outer loop
			vertex 12.641200065613 1.2205150127411 0
			vertex 12.625706672668 1.1364632844925 0
			vertex 12.612572669983 1.1276872158051 0
		endloop
	endfacet
	facet normal 0 -0 -1
		outer loop
			vertex 12.641200065613 1.2205150127411 0
			vertex 12.641200065613 1.1395449638367 0
			vertex 12.625706672668 1.1364632844925 0
		endloop
	endfacet
	facet normal 0 -0 -1
		outer loop
			vertex 12.656692504883 1.2235966920853 0
			vertex 12.656692504883 1.1364632844925 0
			vertex 12.641200065613 1.1395449638367 0
		endloop
	endfacet
	facet normal 0 -0 -1
		outer loop
			vertex 12.669827461243 1.2323727607727 0
			vertex 12.669827461243 1.1276872158051 0
			vertex 12.656692504883 1.1364632844925 0
		endloop
	endfacet
	facet normal 0 -0 -1
		outer loop
			vertex 12.678603172302 1.2455070018768 0
			vertex 12.678603172302 1.1145529747009 0
			vertex 12.669827461243 1.1276872158051 0
		endloop
	endfacet
	facet normal 0 0 -1
		outer loop
			vertex 12.641200065613 1.2205150127411 0
			vertex 12.656692504883 1.2235966920853 0
			vertex 12.641200065613 1.1395449638367 0
		endloop
	endfacet
	facet normal 0 0 -1
		outer loop
			vertex 12.656692504883 1.2235966920853 0
			vertex 12.669827461243 1.2323727607727 0
			vertex 12.656692504883 1.1364632844925 0
		endloop
	endfacet
	facet normal 0 0 -1
		outer loop
			vertex 12.669827461243 1.2323727607727 0
			vertex 12.678603172302 1.2455070018768 0
			vertex 12.669827461243 1.1276872158051 0
		endloop
	endfacet
	facet normal 0 0 -1
		outer loop
			vertex 12.678603172302 1.1145529747009 0
			vertex 12.711756706238 1.1145529747009 0
			vertex 12.708675384521 1.0990600585938 0
		endloop
	endfacet
	facet normal 0 0 -1
		outer loop
			vertex 12.681685447693 1.0990600585938 0
			vertex 12.678603172302 1.1145529747009 0
			vertex 12.708675384521 1.0990600585938 0
		endloop
	endfacet
	facet normal 0 0 -1
		outer loop
			vertex 12.678603172302 1.2455070018768 0
			vertex 12.711756706238 1.1145529747009 0
			vertex 12.678603172302 1.1145529747009 0
		endloop
	endfacet
	facet normal 0 0 -1
		outer loop
			vertex 12.678603172302 1.2455070018768 0
			vertex 12.681685447693 1.2610000371933 0
			vertex 12.711756706238 1.1145529747009 0
		endloop
	endfacet
	facet normal 0 -0 -1
		outer loop
			vertex 12.728330612183 1.4961843490601 0
			vertex 12.733667373657 1.1364632844925 0
			vertex 12.720532417297 1.1276872158051 0
		endloop
	endfacet
	facet normal 0 -0 -1
		outer loop
			vertex 12.720532417297 1.5022727251053 0
			vertex 12.720532417297 1.1276872158051 0
			vertex 12.711756706238 1.1145529747009 0
		endloop
	endfacet
	facet normal 0 0 -1
		outer loop
			vertex 12.728330612183 1.4961843490601 0
			vertex 12.764653205872 1.1364632844925 0
			vertex 12.749159812927 1.1395449638367 0
		endloop
	endfacet
	facet normal 0 0 -1
		outer loop
			vertex 12.728330612183 1.4961843490601 0
			vertex 12.749159812927 1.1395449638367 0
			vertex 12.733667373657 1.1364632844925 0
		endloop
	endfacet
	facet normal 0 0 -1
		outer loop
			vertex 12.728330612183 1.4961843490601 0
			vertex 12.777787208557 1.1276872158051 0
			vertex 12.764653205872 1.1364632844925 0
		endloop
	endfacet
	facet normal 0 0 -1
		outer loop
			vertex 12.728330612183 1.4961843490601 0
			vertex 12.873888969421 1.0315849781036 0
			vertex 12.777787208557 1.1276872158051 0
		endloop
	endfacet
	facet normal 0 0 -1
		outer loop
			vertex 12.728330612183 1.4961843490601 0
			vertex 13.16423034668 1.0315849781036 0
			vertex 12.873888969421 1.0315849781036 0
		endloop
	endfacet
	facet normal 0 0 -1
		outer loop
			vertex 12.728330612183 1.4961843490601 0
			vertex 13.248475074768 1.1158294677734 0
			vertex 13.16423034668 1.0315849781036 0
		endloop
	endfacet
	facet normal 0 0 -1
		outer loop
			vertex 13.196493148804 0.95369672775269 0
			vertex 13.209627151489 0.96247279644012 0
			vertex 13.381426811218 0.95369672775269 0
		endloop
	endfacet
	facet normal -0 0 -1
		outer loop
			vertex 13.356434822083 0.99110001325607 0
			vertex 13.209627151489 0.96247279644012 0
			vertex 13.317586898804 1.0704327821732 0
		endloop
	endfacet
	facet normal 0 0 -1
		outer loop
			vertex 13.209627151489 0.96247279644012 0
			vertex 13.368292808533 0.96247279644012 0
			vertex 13.381426811218 0.95369672775269 0
		endloop
	endfacet
	facet normal 0 -0 -1
		outer loop
			vertex 13.356434822083 0.99110001325607 0
			vertex 13.359517097473 0.97560703754425 0
			vertex 13.209627151489 0.96247279644012 0
		endloop
	endfacet
	facet normal 0 -0 -1
		outer loop
			vertex 13.359517097473 0.97560703754425 0
			vertex 13.368292808533 0.96247279644012 0
			vertex 13.209627151489 0.96247279644012 0
		endloop
	endfacet
	facet normal 0 0 -1
		outer loop
			vertex 13.356434822083 0.99110001325607 0
			vertex 13.326363563538 1.0835670232773 0
			vertex 13.329444885254 1.0990600585938 0
		endloop
	endfacet
	facet normal 0 0 -1
		outer loop
			vertex 13.356434822083 0.99110001325607 0
			vertex 13.317586898804 1.0704327821732 0
			vertex 13.326363563538 1.0835670232773 0
		endloop
	endfacet
	facet normal 0 0 -1
		outer loop
			vertex 13.356434822083 0.99110001325607 0
			vertex 13.329444885254 1.0990600585938 0
			vertex 13.329444885254 1.2070200443268 0
		endloop
	endfacet
	facet normal 0 -0 -1
		outer loop
			vertex 13.309789657593 1.2417355775833 0
			vertex 13.317586898804 1.2356472015381 0
			vertex 13.309412956238 1.2411088943481 0
		endloop
	endfacet
	facet normal 0 0 -1
		outer loop
			vertex 13.356434822083 1.2481197118759 0
			vertex 13.326363563538 1.222512960434 0
			vertex 13.317586898804 1.2356472015381 0
		endloop
	endfacet
	facet normal 0 0 -1
		outer loop
			vertex 13.356434822083 1.2481197118759 0
			vertex 13.329444885254 1.2070200443268 0
			vertex 13.326363563538 1.222512960434 0
		endloop
	endfacet
	facet normal 0 0 -1
		outer loop
			vertex 13.356434822083 1.2481197118759 0
			vertex 13.317586898804 1.2356472015381 0
			vertex 13.309789657593 1.2417355775833 0
		endloop
	endfacet
	facet normal 0 -0 -1
		outer loop
			vertex 13.356434822083 1.2481197118759 0
			vertex 13.356434822083 0.99110001325607 0
			vertex 13.329444885254 1.2070200443268 0
		endloop
	endfacet
	facet normal -0 0 -1
		outer loop
			vertex 12.38787651062 1.2764929533005 0
			vertex 12.141884803772 1.1158294677734 0
			vertex 12.141884803772 1.4061706066132 0
		endloop
	endfacet
	facet normal 0 0 -1
		outer loop
			vertex 12.38787651062 1.2764929533005 0
			vertex 12.141884803772 1.4061706066132 0
			vertex 12.22612953186 1.4904149770737 0
		endloop
	endfacet
	facet normal 0 0 -1
		outer loop
			vertex 12.22612953186 1.4904149770737 0
			vertex 12.40978717804 1.298403263092 0
			vertex 12.396653175354 1.2896271944046 0
		endloop
	endfacet
	facet normal -0 0 -1
		outer loop
			vertex 12.396653175354 1.2896271944046 0
			vertex 12.38787651062 1.2764929533005 0
			vertex 12.22612953186 1.4904149770737 0
		endloop
	endfacet
	facet normal 0 0 -1
		outer loop
			vertex 12.22612953186 1.4904149770737 0
			vertex 12.42527961731 1.3014849424362 0
			vertex 12.40978717804 1.298403263092 0
		endloop
	endfacet
	facet normal 0 0 -1
		outer loop
			vertex 12.22612953186 1.4904149770737 0
			vertex 12.516470909119 1.4904149770737 0
			vertex 12.42527961731 1.3014849424362 0
		endloop
	endfacet
	facet normal 0 0 -1
		outer loop
			vertex 10.933400154114 2.5220000743866 0
			vertex 12.711756706238 1.5154070854187 0
			vertex 12.720532417297 1.5022727251053 0
		endloop
	endfacet
	facet normal 0 0 -1
		outer loop
			vertex 10.933400154114 2.5220000743866 0
			vertex 12.708675384521 1.5309000015259 0
			vertex 12.711756706238 1.5154070854187 0
		endloop
	endfacet
	facet normal 0 0 -1
		outer loop
			vertex 10.933400154114 2.5220000743866 0
			vertex 12.711756706238 1.5463929176331 0
			vertex 12.708675384521 1.5309000015259 0
		endloop
	endfacet
	facet normal 0 0 -1
		outer loop
			vertex 10.933400154114 2.5220000743866 0
			vertex 12.720532417297 1.5595271587372 0
			vertex 12.711756706238 1.5463929176331 0
		endloop
	endfacet
	facet normal 0 0 -1
		outer loop
			vertex 10.933400154114 2.5220000743866 0
			vertex 12.749159812927 1.5713850259781 0
			vertex 12.733667373657 1.5683032274246 0
		endloop
	endfacet
	facet normal 0 0 -1
		outer loop
			vertex 10.933400154114 2.5220000743866 0
			vertex 12.733667373657 1.5683032274246 0
			vertex 12.720532417297 1.5595271587372 0
		endloop
	endfacet
	facet normal 0 -0 -1
		outer loop
			vertex 12.600714683533 1.4061706066132 0
			vertex 12.600714683533 1.3014849424362 0
			vertex 12.42527961731 1.3014849424362 0
		endloop
	endfacet
	facet normal 0 0 -1
		outer loop
			vertex 12.42527961731 1.3014849424362 0
			vertex 12.516470909119 1.4904149770737 0
			vertex 12.600714683533 1.4061706066132 0
		endloop
	endfacet
	facet normal 0 0 -1
		outer loop
			vertex 12.681685447693 1.4229400157928 0
			vertex 12.711756706238 1.1145529747009 0
			vertex 12.681685447693 1.2610000371933 0
		endloop
	endfacet
	facet normal 0 0 -1
		outer loop
			vertex 12.720532417297 1.5022727251053 0
			vertex 12.711756706238 1.1145529747009 0
			vertex 12.681685447693 1.4229400157928 0
		endloop
	endfacet
	facet normal 0 0 -1
		outer loop
			vertex 12.720532417297 1.5022727251053 0
			vertex 12.728330612183 1.4961843490601 0
			vertex 12.720532417297 1.1276872158051 0
		endloop
	endfacet
	facet normal 0 0 -1
		outer loop
			vertex 12.561866760254 1.5595271587372 0
			vertex 12.548732757568 1.5683032274246 0
			vertex 12.720532417297 1.5022727251053 0
		endloop
	endfacet
	facet normal -0 0 -1
		outer loop
			vertex 12.720532417297 1.5022727251053 0
			vertex 12.669827461243 1.4515671730042 0
			vertex 12.561866760254 1.5595271587372 0
		endloop
	endfacet
	facet normal 0 0 -1
		outer loop
			vertex 12.720532417297 1.5022727251053 0
			vertex 12.681685447693 1.4229400157928 0
			vertex 12.678603172302 1.4384329319 0
		endloop
	endfacet
	facet normal 0 0 -1
		outer loop
			vertex 12.720532417297 1.5022727251053 0
			vertex 12.678603172302 1.4384329319 0
			vertex 12.669827461243 1.4515671730042 0
		endloop
	endfacet
	facet normal 0 0 -1
		outer loop
			vertex 12.720532417297 1.5022727251053 0
			vertex 12.728706359863 1.4968111515045 0
			vertex 12.728330612183 1.4961843490601 0
		endloop
	endfacet
	facet normal -0 -0 -1
		outer loop
			vertex 13.248475074768 1.1840977668762 0
			vertex 13.248475074768 1.1158294677734 0
			vertex 12.728330612183 1.4961843490601 0
		endloop
	endfacet
	facet normal -0 0 -1
		outer loop
			vertex 13.356434822083 1.2481197118759 0
			vertex 13.309789657593 1.2417355775833 0
			vertex 12.895323753357 1.4904149770737 0
		endloop
	endfacet
	facet normal 0 0 -1
		outer loop
			vertex 12.895323753357 1.4904149770737 0
			vertex 13.288960456848 1.4904149770737 0
			vertex 13.356434822083 1.2481197118759 0
		endloop
	endfacet
	facet normal 0 0 -1
		outer loop
			vertex 13.356434822083 1.2481197118759 0
			vertex 13.288960456848 1.4904149770737 0
			vertex 13.304452896118 1.4934967756271 0
		endloop
	endfacet
	facet normal 0 0 -1
		outer loop
			vertex 13.356434822083 1.2481197118759 0
			vertex 13.304452896118 1.4934967756271 0
			vertex 13.317586898804 1.5022727251053 0
		endloop
	endfacet
	facet normal 0 0 -1
		outer loop
			vertex 13.317586898804 1.5022727251053 0
			vertex 13.326363563538 1.5154070854187 0
			vertex 13.356434822083 1.2481197118759 0
		endloop
	endfacet
	facet normal 0 0 -1
		outer loop
			vertex 13.326363563538 1.5154070854187 0
			vertex 13.329444885254 1.5309000015259 0
			vertex 13.356434822083 1.2481197118759 0
		endloop
	endfacet
	facet normal 0 0 -1
		outer loop
			vertex 13.329444885254 1.5309000015259 0
			vertex 13.326363563538 1.5463929176331 0
			vertex 13.356434822083 1.5309000015259 0
		endloop
	endfacet
	facet normal 0 0 -1
		outer loop
			vertex 13.326363563538 1.5463929176331 0
			vertex 13.317586898804 1.5595271587372 0
			vertex 13.359517097473 1.5463929176331 0
		endloop
	endfacet
	facet normal 0 0 -1
		outer loop
			vertex 13.317586898804 1.5595271587372 0
			vertex 13.304452896118 1.5683032274246 0
			vertex 13.368292808533 1.5595271587372 0
		endloop
	endfacet
	facet normal -0 -0 -1
		outer loop
			vertex 13.356434822083 1.5309000015259 0
			vertex 13.356434822083 1.2481197118759 0
			vertex 13.329444885254 1.5309000015259 0
		endloop
	endfacet
	facet normal -0 0 -1
		outer loop
			vertex 13.359517097473 1.5463929176331 0
			vertex 13.356434822083 1.5309000015259 0
			vertex 13.326363563538 1.5463929176331 0
		endloop
	endfacet
	facet normal 0 0 -1
		outer loop
			vertex 13.317586898804 1.5595271587372 0
			vertex 13.368292808533 1.5595271587372 0
			vertex 13.359517097473 1.5463929176331 0
		endloop
	endfacet
	facet normal 0 0 -1
		outer loop
			vertex 13.304452896118 1.5683032274246 0
			vertex 13.381426811218 1.5683032274246 0
			vertex 13.368292808533 1.5595271587372 0
		endloop
	endfacet
	facet normal 0 0 -1
		outer loop
			vertex 10.933400154114 2.5220000743866 0
			vertex 16.39999961853 2.5220000743866 0
			vertex 12.749159812927 1.5713850259781 0
		endloop
	endfacet
	facet normal 0 0 -1
		outer loop
			vertex 16.39999961853 0 0
			vertex 12.193866729736 0.95369672775269 0
			vertex 12.209360122681 0.95061498880386 0
		endloop
	endfacet
	facet normal 0 0 -1
		outer loop
			vertex 16.39999961853 0 0
			vertex 12.209360122681 0.95061498880386 0
			vertex 12.533240318298 0.95061498880386 0
		endloop
	endfacet
	facet normal 0 0 -1
		outer loop
			vertex 16.39999961853 0 0
			vertex 12.533240318298 0.95061498880386 0
			vertex 12.548732757568 0.95369672775269 0
		endloop
	endfacet
	facet normal 0 0 -1
		outer loop
			vertex 16.39999961853 0 0
			vertex 12.548732757568 0.95369672775269 0
			vertex 12.561866760254 0.96247279644012 0
		endloop
	endfacet
	facet normal 0 0 -1
		outer loop
			vertex 13.425547599792 0.96247279644012 0
			vertex 13.434323310852 0.97560703754425 0
			vertex 13.918614387512 0.95488911867142 0
		endloop
	endfacet
	facet normal 0 0 -1
		outer loop
			vertex 13.412412643433 0.95369672775269 0
			vertex 13.425547599792 0.96247279644012 0
			vertex 13.918614387512 0.95488911867142 0
		endloop
	endfacet
	facet normal 0 0 -1
		outer loop
			vertex 13.396920204163 0.95061498880386 0
			vertex 13.412412643433 0.95369672775269 0
			vertex 13.936719894409 0.95061498880386 0
		endloop
	endfacet
	facet normal 0 0 -1
		outer loop
			vertex 13.434323310852 0.97560703754425 0
			vertex 13.437404632568 0.99110001325607 0
			vertex 13.918614387512 0.95488911867142 0
		endloop
	endfacet
	facet normal 0 0 -1
		outer loop
			vertex 13.437404632568 1.1954939365387 0
			vertex 13.918614387512 0.95488911867142 0
			vertex 13.437404632568 0.99110001325607 0
		endloop
	endfacet
	facet normal 0 0 -1
		outer loop
			vertex 13.412412643433 0.95369672775269 0
			vertex 13.918614387512 0.95488911867142 0
			vertex 13.921227455139 0.95369672775269 0
		endloop
	endfacet
	facet normal 0 0 -1
		outer loop
			vertex 13.412412643433 0.95369672775269 0
			vertex 13.921227455139 0.95369672775269 0
			vertex 13.936719894409 0.95061498880386 0
		endloop
	endfacet
	facet normal 0 0 -1
		outer loop
			vertex 13.487446784973 1.2610000371933 0
			vertex 14.007276535034 1.0835670232773 0
			vertex 13.954825401306 1.0273108482361 0
		endloop
	endfacet
	facet normal 0 0 -1
		outer loop
			vertex 13.487446784973 1.2610000371933 0
			vertex 14.004195213318 1.0990600585938 0
			vertex 14.007276535034 1.0835670232773 0
		endloop
	endfacet
	facet normal 0 0 -1
		outer loop
			vertex 16.39999961853 0 0
			vertex 12.561866760254 0.96247279644012 0
			vertex 12.841627120972 0.95369672775269 0
		endloop
	endfacet
	facet normal 0 0 -1
		outer loop
			vertex 16.39999961853 0 0
			vertex 12.841627120972 0.95369672775269 0
			vertex 12.857119560242 0.95061498880386 0
		endloop
	endfacet
	facet normal 0 0 -1
		outer loop
			vertex 16.39999961853 0 0
			vertex 12.857119560242 0.95061498880386 0
			vertex 13.180999755859 0.95061498880386 0
		endloop
	endfacet
	facet normal 0 0 -1
		outer loop
			vertex 16.39999961853 0 0
			vertex 13.180999755859 0.95061498880386 0
			vertex 13.196493148804 0.95369672775269 0
		endloop
	endfacet
	facet normal 0 0 -1
		outer loop
			vertex 13.918614387512 0.95488911867142 0
			vertex 13.918822288513 0.95530378818512 0
			vertex 13.921227455139 0.95369672775269 0
		endloop
	endfacet
	facet normal 0 0 -1
		outer loop
			vertex 13.954825401306 1.0273108482361 0
			vertex 14.007276535034 1.0835670232773 0
			vertex 14.016053199768 1.0704327821732 0
		endloop
	endfacet
	facet normal 0 0 -1
		outer loop
			vertex 13.954618453979 1.026896238327 0
			vertex 14.124012947083 0.96247279644012 0
			vertex 13.965347290039 1.019727230072 0
		endloop
	endfacet
	facet normal 0 0 -1
		outer loop
			vertex 13.974123001099 1.0065929889679 0
			vertex 13.965347290039 1.019727230072 0
			vertex 14.124012947083 0.96247279644012 0
		endloop
	endfacet
	facet normal 0 -0 -1
		outer loop
			vertex 13.954825401306 1.0273108482361 0
			vertex 14.124012947083 0.96247279644012 0
			vertex 13.954618453979 1.026896238327 0
		endloop
	endfacet
	facet normal 0 0 -1
		outer loop
			vertex 13.954825401306 1.0273108482361 0
			vertex 14.016053199768 1.0704327821732 0
			vertex 14.124012947083 0.96247279644012 0
		endloop
	endfacet
	facet normal 0 0 -1
		outer loop
			vertex 13.974123001099 1.0065929889679 0
			vertex 14.124012947083 0.96247279644012 0
			vertex 14.137146949768 0.95369672775269 0
		endloop
	endfacet
	facet normal 0 0 -1
		outer loop
			vertex 14.459750175476 1.4904149770737 0
			vertex 14.169409751892 1.0315849781036 0
			vertex 14.085165023804 1.1158294677734 0
		endloop
	endfacet
	facet normal 0 0 -1
		outer loop
			vertex 16.39999961853 0 0
			vertex 13.196493148804 0.95369672775269 0
			vertex 13.381426811218 0.95369672775269 0
		endloop
	endfacet
	facet normal 0 0 -1
		outer loop
			vertex 16.39999961853 0 0
			vertex 13.381426811218 0.95369672775269 0
			vertex 13.396920204163 0.95061498880386 0
		endloop
	endfacet
	facet normal 0 0 -1
		outer loop
			vertex 16.39999961853 0 0
			vertex 13.396920204163 0.95061498880386 0
			vertex 13.936719894409 0.95061498880386 0
		endloop
	endfacet
	facet normal 0 0 -1
		outer loop
			vertex 14.169409751892 1.0315849781036 0
			vertex 14.543994903564 1.1158294677734 0
			vertex 14.459750175476 1.0315849781036 0
		endloop
	endfacet
	facet normal 0 -0 -1
		outer loop
			vertex 14.543994903564 1.4061706066132 0
			vertex 14.543994903564 1.1158294677734 0
			vertex 14.169409751892 1.0315849781036 0
		endloop
	endfacet
	facet normal 0 0 -1
		outer loop
			vertex 16.39999961853 0 0
			vertex 13.936719894409 0.95061498880386 0
			vertex 13.952213287354 0.95369672775269 0
		endloop
	endfacet
	facet normal 0 0 -1
		outer loop
			vertex 16.39999961853 0 0
			vertex 13.965347290039 0.96247279644012 0
			vertex 13.974123001099 0.97560703754425 0
		endloop
	endfacet
	facet normal 0 0 -1
		outer loop
			vertex 16.39999961853 0 0
			vertex 13.952213287354 0.95369672775269 0
			vertex 13.965347290039 0.96247279644012 0
		endloop
	endfacet
	facet normal 0 0 -1
		outer loop
			vertex 16.39999961853 0 0
			vertex 13.977205276489 0.99110001325607 0
			vertex 13.974123001099 1.0065929889679 0
		endloop
	endfacet
	facet normal 0 0 -1
		outer loop
			vertex 16.39999961853 0 0
			vertex 13.974123001099 0.97560703754425 0
			vertex 13.977205276489 0.99110001325607 0
		endloop
	endfacet
	facet normal 0 0 -1
		outer loop
			vertex 16.39999961853 0 0
			vertex 13.974123001099 1.0065929889679 0
			vertex 14.137146949768 0.95369672775269 0
		endloop
	endfacet
	facet normal 0 0 -1
		outer loop
			vertex 16.39999961853 0 0
			vertex 14.137146949768 0.95369672775269 0
			vertex 14.152640342712 0.95061498880386 0
		endloop
	endfacet
	facet normal 0 0 -1
		outer loop
			vertex 16.39999961853 0 0
			vertex 14.152640342712 0.95061498880386 0
			vertex 14.476519584656 0.95061498880386 0
		endloop
	endfacet
	facet normal 0 0 -1
		outer loop
			vertex 14.613107681274 1.0704327821732 0
			vertex 14.621883392334 1.0835670232773 0
			vertex 14.771772384644 1.0704327821732 0
		endloop
	endfacet
	facet normal 0 0 -1
		outer loop
			vertex 14.621883392334 1.0835670232773 0
			vertex 14.62496471405 1.0990600585938 0
			vertex 14.762996673584 1.0835670232773 0
		endloop
	endfacet
	facet normal -0 -0 -1
		outer loop
			vertex 14.762996673584 1.0835670232773 0
			vertex 14.771772384644 1.0704327821732 0
			vertex 14.621883392334 1.0835670232773 0
		endloop
	endfacet
	facet normal 0 0 -1
		outer loop
			vertex 14.613107681274 1.0704327821732 0
			vertex 14.771772384644 1.0704327821732 0
			vertex 14.778374671936 1.0660216808319 0
		endloop
	endfacet
	facet normal 0 0 -1
		outer loop
			vertex 14.613107681274 1.0704327821732 0
			vertex 14.778374671936 1.0660216808319 0
			vertex 14.777942657471 1.0653744935989 0
		endloop
	endfacet
	facet normal -0 -0 -1
		outer loop
			vertex 14.759915351868 1.0990600585938 0
			vertex 14.762996673584 1.0835670232773 0
			vertex 14.62496471405 1.0990600585938 0
		endloop
	endfacet
	facet normal 0 0 -1
		outer loop
			vertex 14.613107681274 1.0704327821732 0
			vertex 14.777942657471 1.0653744935989 0
			vertex 14.939883232117 0.95741444826126 0
		endloop
	endfacet
	facet normal 0 0 -1
		outer loop
			vertex 14.62496471405 1.4229400157928 0
			vertex 14.759915351868 1.0990600585938 0
			vertex 14.62496471405 1.0990600585938 0
		endloop
	endfacet
	facet normal 0 0 -1
		outer loop
			vertex 14.62496471405 1.4229400157928 0
			vertex 14.762996673584 1.1145529747009 0
			vertex 14.759915351868 1.0990600585938 0
		endloop
	endfacet
	facet normal 0 0 -1
		outer loop
			vertex 14.62496471405 1.4229400157928 0
			vertex 14.784907341003 1.1364632844925 0
			vertex 14.771772384644 1.1276872158051 0
		endloop
	endfacet
	facet normal 0 0 -1
		outer loop
			vertex 14.62496471405 1.4229400157928 0
			vertex 14.771772384644 1.1276872158051 0
			vertex 14.762996673584 1.1145529747009 0
		endloop
	endfacet
	facet normal 0 0 -1
		outer loop
			vertex 14.822425842285 1.1320983171463 0
			vertex 14.815893173218 1.1364632844925 0
			vertex 14.822856903076 1.1327455043793 0
		endloop
	endfacet
	facet normal 0 0 -1
		outer loop
			vertex 14.784907341003 1.4934967756271 0
			vertex 14.800399780273 1.1395449638367 0
			vertex 14.784907341003 1.1364632844925 0
		endloop
	endfacet
	facet normal 0 0 -1
		outer loop
			vertex 14.784907341003 1.4934967756271 0
			vertex 14.815893173218 1.1364632844925 0
			vertex 14.800399780273 1.1395449638367 0
		endloop
	endfacet
	facet normal 0 0 -1
		outer loop
			vertex 14.784907341003 1.4934967756271 0
			vertex 14.822856903076 1.1327455043793 0
			vertex 14.815893173218 1.1364632844925 0
		endloop
	endfacet
	facet normal 0 0 -1
		outer loop
			vertex 14.800399780273 1.4904149770737 0
			vertex 14.921854972839 1.0667469501495 0
			vertex 14.822856903076 1.1327455043793 0
		endloop
	endfacet
	facet normal 0 0 -1
		outer loop
			vertex 14.939883232117 0.95741444826126 0
			vertex 14.940314292908 0.95806169509888 0
			vertex 14.946846961975 0.95369672775269 0
		endloop
	endfacet
	facet normal 0 0 -1
		outer loop
			vertex 13.437404632568 1.3265061378479 0
			vertex 13.437404632568 1.5309000015259 0
			vertex 13.918614387512 1.5671108961105 0
		endloop
	endfacet
	facet normal 0 0 -1
		outer loop
			vertex 13.918614387512 1.5671108961105 0
			vertex 13.437404632568 1.5309000015259 0
			vertex 13.434323310852 1.5463929176331 0
		endloop
	endfacet
	facet normal 0 0 -1
		outer loop
			vertex 13.434323310852 1.5463929176331 0
			vertex 13.425547599792 1.5595271587372 0
			vertex 13.918614387512 1.5671108961105 0
		endloop
	endfacet
	facet normal 0 0 -1
		outer loop
			vertex 13.425547599792 1.5595271587372 0
			vertex 13.412412643433 1.5683032274246 0
			vertex 13.918614387512 1.5671108961105 0
		endloop
	endfacet
	facet normal 0 -0 -1
		outer loop
			vertex 13.954825401306 1.4946891069412 0
			vertex 14.004195213318 1.0990600585938 0
			vertex 13.487446784973 1.2610000371933 0
		endloop
	endfacet
	facet normal 0 0 -1
		outer loop
			vertex 13.412412643433 1.5683032274246 0
			vertex 13.921227455139 1.5683032274246 0
			vertex 13.918614387512 1.5671108961105 0
		endloop
	endfacet
	facet normal 0 0 -1
		outer loop
			vertex 13.954825401306 1.4946891069412 0
			vertex 14.004195213318 1.4229400157928 0
			vertex 14.004195213318 1.0990600585938 0
		endloop
	endfacet
	facet normal -0 0 -1
		outer loop
			vertex 14.007276535034 1.4384329319 0
			vertex 14.004195213318 1.4229400157928 0
			vertex 13.954825401306 1.4946891069412 0
		endloop
	endfacet
	facet normal 0 0 -1
		outer loop
			vertex 13.965347290039 1.5022727251053 0
			vertex 13.954825401306 1.4946891069412 0
			vertex 13.954618453979 1.4951038360596 0
		endloop
	endfacet
	facet normal 0 -0 -1
		outer loop
			vertex 13.965347290039 1.5022727251053 0
			vertex 14.007276535034 1.4384329319 0
			vertex 13.954825401306 1.4946891069412 0
		endloop
	endfacet
	facet normal 0 0 -1
		outer loop
			vertex 13.965347290039 1.5022727251053 0
			vertex 14.016053199768 1.4515671730042 0
			vertex 14.007276535034 1.4384329319 0
		endloop
	endfacet
	facet normal 0 0 -1
		outer loop
			vertex 14.016053199768 1.4515671730042 0
			vertex 13.965347290039 1.5022727251053 0
			vertex 13.974123001099 1.5154070854187 0
		endloop
	endfacet
	facet normal 0 0 -1
		outer loop
			vertex 13.921227455139 1.5683032274246 0
			vertex 13.918822288513 1.5666961669922 0
			vertex 13.918614387512 1.5671108961105 0
		endloop
	endfacet
	facet normal 0 0 -1
		outer loop
			vertex 13.974123001099 1.5154070854187 0
			vertex 13.977205276489 1.5309000015259 0
			vertex 14.124012947083 1.5595271587372 0
		endloop
	endfacet
	facet normal 0 0 -1
		outer loop
			vertex 13.974123001099 1.5154070854187 0
			vertex 14.124012947083 1.5595271587372 0
			vertex 14.016053199768 1.4515671730042 0
		endloop
	endfacet
	facet normal 0 0 -1
		outer loop
			vertex 13.977205276489 1.5309000015259 0
			vertex 13.974123001099 1.5463929176331 0
			vertex 14.124012947083 1.5595271587372 0
		endloop
	endfacet
	facet normal 0 0 -1
		outer loop
			vertex 13.974123001099 1.5463929176331 0
			vertex 13.965347290039 1.5595271587372 0
			vertex 14.124012947083 1.5595271587372 0
		endloop
	endfacet
	facet normal 0 0 -1
		outer loop
			vertex 13.965347290039 1.5595271587372 0
			vertex 13.952213287354 1.5683032274246 0
			vertex 14.124012947083 1.5595271587372 0
		endloop
	endfacet
	facet normal 0 0 -1
		outer loop
			vertex 13.952213287354 1.5683032274246 0
			vertex 14.137146949768 1.5683032274246 0
			vertex 14.124012947083 1.5595271587372 0
		endloop
	endfacet
	facet normal 0 0 -1
		outer loop
			vertex 14.459750175476 1.4904149770737 0
			vertex 14.085165023804 1.1158294677734 0
			vertex 14.085165023804 1.4061706066132 0
		endloop
	endfacet
	facet normal 0 -0 -1
		outer loop
			vertex 14.169409751892 1.4904149770737 0
			vertex 14.459750175476 1.4904149770737 0
			vertex 14.085165023804 1.4061706066132 0
		endloop
	endfacet
	facet normal 0 0 -1
		outer loop
			vertex 16.39999961853 2.5220000743866 0
			vertex 13.288960456848 1.5713850259781 0
			vertex 12.749159812927 1.5713850259781 0
		endloop
	endfacet
	facet normal 0 -0 -1
		outer loop
			vertex 14.459750175476 1.4904149770737 0
			vertex 14.543994903564 1.4061706066132 0
			vertex 14.169409751892 1.0315849781036 0
		endloop
	endfacet
	facet normal 0 0 -1
		outer loop
			vertex 14.505146980286 1.5595271587372 0
			vertex 14.4920129776 1.5683032274246 0
			vertex 14.771772384644 1.5595271587372 0
		endloop
	endfacet
	facet normal 0 0 -1
		outer loop
			vertex 14.4920129776 1.5683032274246 0
			vertex 14.476519584656 1.5713850259781 0
			vertex 14.784907341003 1.5683032274246 0
		endloop
	endfacet
	facet normal 0 0 -1
		outer loop
			vertex 14.613107681274 1.4515671730042 0
			vertex 14.505146980286 1.5595271587372 0
			vertex 14.762996673584 1.5154070854187 0
		endloop
	endfacet
	facet normal 0 0 -1
		outer loop
			vertex 16.39999961853 2.5220000743866 0
			vertex 13.304452896118 1.5683032274246 0
			vertex 13.288960456848 1.5713850259781 0
		endloop
	endfacet
	facet normal 0 0 -1
		outer loop
			vertex 16.39999961853 2.5220000743866 0
			vertex 13.381426811218 1.5683032274246 0
			vertex 13.304452896118 1.5683032274246 0
		endloop
	endfacet
	facet normal 0 0 -1
		outer loop
			vertex 16.39999961853 2.5220000743866 0
			vertex 13.396920204163 1.5713850259781 0
			vertex 13.381426811218 1.5683032274246 0
		endloop
	endfacet
	facet normal 0 0 -1
		outer loop
			vertex 16.39999961853 2.5220000743866 0
			vertex 13.412412643433 1.5683032274246 0
			vertex 13.396920204163 1.5713850259781 0
		endloop
	endfacet
	facet normal 0 0 -1
		outer loop
			vertex 16.39999961853 2.5220000743866 0
			vertex 13.921227455139 1.5683032274246 0
			vertex 13.412412643433 1.5683032274246 0
		endloop
	endfacet
	facet normal 0 -0 -1
		outer loop
			vertex 14.784907341003 1.4934967756271 0
			vertex 14.784907341003 1.1364632844925 0
			vertex 14.62496471405 1.4229400157928 0
		endloop
	endfacet
	facet normal 0 0 -1
		outer loop
			vertex 14.784907341003 1.4934967756271 0
			vertex 14.800399780273 1.4904149770737 0
			vertex 14.822856903076 1.1327455043793 0
		endloop
	endfacet
	facet normal 0 0 -1
		outer loop
			vertex 14.771772384644 1.5022727251053 0
			vertex 14.62496471405 1.4229400157928 0
			vertex 14.621883392334 1.4384329319 0
		endloop
	endfacet
	facet normal 0 0 -1
		outer loop
			vertex 14.762996673584 1.5154070854187 0
			vertex 14.621883392334 1.4384329319 0
			vertex 14.613107681274 1.4515671730042 0
		endloop
	endfacet
	facet normal 0 -0 -1
		outer loop
			vertex 14.771772384644 1.5022727251053 0
			vertex 14.784907341003 1.4934967756271 0
			vertex 14.62496471405 1.4229400157928 0
		endloop
	endfacet
	facet normal 0 -0 -1
		outer loop
			vertex 14.762996673584 1.5154070854187 0
			vertex 14.771772384644 1.5022727251053 0
			vertex 14.621883392334 1.4384329319 0
		endloop
	endfacet
	facet normal -0 -0 -1
		outer loop
			vertex 14.759915351868 1.5309000015259 0
			vertex 14.762996673584 1.5154070854187 0
			vertex 14.505146980286 1.5595271587372 0
		endloop
	endfacet
	facet normal 0 0 -1
		outer loop
			vertex 14.505146980286 1.5595271587372 0
			vertex 14.762996673584 1.5463929176331 0
			vertex 14.759915351868 1.5309000015259 0
		endloop
	endfacet
	facet normal 0 0 -1
		outer loop
			vertex 14.505146980286 1.5595271587372 0
			vertex 14.771772384644 1.5595271587372 0
			vertex 14.762996673584 1.5463929176331 0
		endloop
	endfacet
	facet normal 0 0 -1
		outer loop
			vertex 14.4920129776 1.5683032274246 0
			vertex 14.784907341003 1.5683032274246 0
			vertex 14.771772384644 1.5595271587372 0
		endloop
	endfacet
	facet normal 0 0 -1
		outer loop
			vertex 14.476519584656 1.5713850259781 0
			vertex 14.800399780273 1.5713850259781 0
			vertex 14.784907341003 1.5683032274246 0
		endloop
	endfacet
	facet normal 0 0 -1
		outer loop
			vertex 14.800399780273 1.4904149770737 0
			vertex 14.921854972839 1.4904149770737 0
			vertex 14.921854972839 1.0667469501495 0
		endloop
	endfacet
	facet normal 0 0 -1
		outer loop
			vertex 16.39999961853 2.5220000743866 0
			vertex 13.936719894409 1.5713850259781 0
			vertex 13.921227455139 1.5683032274246 0
		endloop
	endfacet
	facet normal 0 0 -1
		outer loop
			vertex 16.39999961853 2.5220000743866 0
			vertex 13.952213287354 1.5683032274246 0
			vertex 13.936719894409 1.5713850259781 0
		endloop
	endfacet
	facet normal 0 0 -1
		outer loop
			vertex 16.39999961853 2.5220000743866 0
			vertex 14.137146949768 1.5683032274246 0
			vertex 13.952213287354 1.5683032274246 0
		endloop
	endfacet
	facet normal 0 0 -1
		outer loop
			vertex 16.39999961853 2.5220000743866 0
			vertex 14.151895523071 1.5712368488312 0
			vertex 14.137146949768 1.5683032274246 0
		endloop
	endfacet
	facet normal 0 0 -1
		outer loop
			vertex 16.39999961853 2.5220000743866 0
			vertex 14.152640342712 1.5713850259781 0
			vertex 14.151895523071 1.5712368488312 0
		endloop
	endfacet
	facet normal 0 0 -1
		outer loop
			vertex 16.39999961853 2.5220000743866 0
			vertex 14.476519584656 1.5713850259781 0
			vertex 14.152640342712 1.5713850259781 0
		endloop
	endfacet
	facet normal 0 1 0
		outer loop
			vertex 10.933400154114 2.5220000743866 0
			vertex 16.39999961853 2.5220000743866 0.51999998092651
			vertex 16.39999961853 2.5220000743866 0
		endloop
	endfacet
	facet normal 0 0 -1
		outer loop
			vertex 16.39999961853 0 0
			vertex 14.476519584656 0.95061498880386 0
			vertex 14.4920129776 0.95369672775269 0
		endloop
	endfacet
	facet normal 0 0 -1
		outer loop
			vertex 16.39999961853 0 0
			vertex 14.4920129776 0.95369672775269 0
			vertex 14.505146980286 0.96247279644012 0
		endloop
	endfacet
	facet normal 0 0 -1
		outer loop
			vertex 16.39999961853 0 0
			vertex 14.505146980286 0.96247279644012 0
			vertex 14.613107681274 1.0704327821732 0
		endloop
	endfacet
	facet normal 0 0 -1
		outer loop
			vertex 16.39999961853 0 0
			vertex 14.613107681274 1.0704327821732 0
			vertex 14.939883232117 0.95741444826126 0
		endloop
	endfacet
	facet normal 0 0 -1
		outer loop
			vertex 16.39999961853 0 0
			vertex 14.939883232117 0.95741444826126 0
			vertex 14.946846961975 0.95369672775269 0
		endloop
	endfacet
	facet normal 0 0 -1
		outer loop
			vertex 16.39999961853 0 0
			vertex 14.946846961975 0.95369672775269 0
			vertex 14.962340354919 0.95061498880386 0
		endloop
	endfacet
	facet normal 0 0 -1
		outer loop
			vertex 16.39999961853 0 0
			vertex 14.962340354919 0.95061498880386 0
			vertex 14.977832794189 0.95369672775269 0
		endloop
	endfacet
	facet normal 0 0 -1
		outer loop
			vertex 16.39999961853 0 0
			vertex 14.977832794189 0.95369672775269 0
			vertex 14.990966796875 0.96247279644012 0
		endloop
	endfacet
	facet normal 0 0 -1
		outer loop
			vertex 16.39999961853 0 0
			vertex 14.990966796875 0.96247279644012 0
			vertex 14.999743461609 0.97560703754425 0
		endloop
	endfacet
	facet normal 0 0 -1
		outer loop
			vertex 16.39999961853 0 0
			vertex 14.999743461609 0.97560703754425 0
			vertex 15.002824783325 0.99110001325607 0
		endloop
	endfacet
	facet normal 0 0 -1
		outer loop
			vertex 16.39999961853 0 0
			vertex 15.002824783325 0.99110001325607 0
			vertex 15.152907371521 1.5022727251053 0
		endloop
	endfacet
	facet normal -0 0 -1
		outer loop
			vertex 15.124279975891 1.4904149770737 0
			vertex 15.002824783325 0.99110001325607 0
			vertex 15.002824783325 1.4904149770737 0
		endloop
	endfacet
	facet normal 0 0 -1
		outer loop
			vertex 15.002824783325 0.99110001325607 0
			vertex 15.124279975891 1.4904149770737 0
			vertex 15.139773368835 1.4934967756271 0
		endloop
	endfacet
	facet normal 0 -0 -1
		outer loop
			vertex 15.139773368835 1.4934967756271 0
			vertex 15.152907371521 1.5022727251053 0
			vertex 15.002824783325 0.99110001325607 0
		endloop
	endfacet
	facet normal 0 0 -1
		outer loop
			vertex 16.39999961853 2.5220000743866 0
			vertex 14.800399780273 1.5713850259781 0
			vertex 14.476519584656 1.5713850259781 0
		endloop
	endfacet
	facet normal 0 0 -1
		outer loop
			vertex 16.39999961853 2.5220000743866 0
			vertex 15.124279975891 1.5713850259781 0
			vertex 14.800399780273 1.5713850259781 0
		endloop
	endfacet
	facet normal 0 0 -1
		outer loop
			vertex 16.39999961853 2.5220000743866 0
			vertex 15.139773368835 1.5683032274246 0
			vertex 15.124279975891 1.5713850259781 0
		endloop
	endfacet
	facet normal 0 0 -1
		outer loop
			vertex 16.39999961853 2.5220000743866 0
			vertex 15.152907371521 1.5022727251053 0
			vertex 15.161683082581 1.5154070854187 0
		endloop
	endfacet
	facet normal 0 0 -1
		outer loop
			vertex 16.39999961853 2.5220000743866 0
			vertex 15.161683082581 1.5154070854187 0
			vertex 15.164765357971 1.5309000015259 0
		endloop
	endfacet
	facet normal 0 0 -1
		outer loop
			vertex 16.39999961853 2.5220000743866 0
			vertex 15.164765357971 1.5309000015259 0
			vertex 15.161683082581 1.5463929176331 0
		endloop
	endfacet
	facet normal 0 0 -1
		outer loop
			vertex 16.39999961853 2.5220000743866 0
			vertex 15.152907371521 1.5595271587372 0
			vertex 15.139773368835 1.5683032274246 0
		endloop
	endfacet
	facet normal 0 0 -1
		outer loop
			vertex 16.39999961853 2.5220000743866 0
			vertex 15.161683082581 1.5463929176331 0
			vertex 15.152907371521 1.5595271587372 0
		endloop
	endfacet
	facet normal 0 0 -1
		outer loop
			vertex 16.39999961853 0 0
			vertex 15.152907371521 1.5022727251053 0
			vertex 16.39999961853 2.5220000743866 0
		endloop
	endfacet
	facet normal 1 0 0
		outer loop
			vertex 16.39999961853 0 0
			vertex 16.39999961853 2.5220000743866 0
			vertex 16.39999961853 0 0.51999998092651
		endloop
	endfacet
	facet normal 0 -1 0
		outer loop
			vertex 8.6049995422363 0 0.24500000476837
			vertex 16.39999961853 0 0
			vertex 16.39999961853 0 0.51999998092651
		endloop
	endfacet
	facet normal 0 1 0
		outer loop
			vertex 10.933400154114 2.5220000743866 0
			vertex 10.933400154114 2.5220000743866 0.51999998092651
			vertex 16.39999961853 2.5220000743866 0.51999998092651
		endloop
	endfacet
	facet normal 1 0 -0
		outer loop
			vertex 16.39999961853 2.5220000743866 0
			vertex 16.39999961853 2.5220000743866 0.51999998092651
			vertex 16.39999961853 0 0.51999998092651
		endloop
	endfacet
	facet normal 0 0 1
		outer loop
			vertex 10.933400154114 0.84065639972687 0.51999998092651
			vertex 16.39999961853 2.5220000743866 0.51999998092651
			vertex 10.933400154114 2.5220000743866 0.51999998092651
		endloop
	endfacet
	facet normal -0 0 1
		outer loop
			vertex 10.933400154114 0.84065639972687 0.51999998092651
			vertex 16.39999961853 0 0.51999998092651
			vertex 16.39999961853 2.5220000743866 0.51999998092651
		endloop
	endfacet
	facet normal 0 -1 0
		outer loop
			vertex 0 17.653699874878 0
			vertex 5.4667000770569 17.653699874878 0
			vertex 0 17.653699874878 0.51999998092651
		endloop
	endfacet
	facet normal 0 0 -1
		outer loop
			vertex 0 17.653699874878 0
			vertex 0 20.175699234009 0
			vertex 5.4667000770569 17.653699874878 0
		endloop
	endfacet
	facet normal -1 0 0
		outer loop
			vertex 0 17.653699874878 0
			vertex 0 20.175699234009 0.51999998092651
			vertex 0 20.175699234009 0
		endloop
	endfacet
	facet normal 0 -1 0
		outer loop
			vertex 5.4667000770569 17.653699874878 0
			vertex 5.4667000770569 17.653699874878 0.24500000476837
			vertex 5.1916999816895 17.653699874878 0.24500000476837
		endloop
	endfacet
	facet normal 0 0 -1
		outer loop
			vertex 0 20.175699234009 0
			vertex 6.1500477790833 17.653699874878 0
			vertex 5.4667000770569 17.653699874878 0
		endloop
	endfacet
	facet normal 0 0 -1
		outer loop
			vertex 0 20.175699234009 0
			vertex 10.933400154114 17.653699874878 0
			vertex 6.1500477790833 17.653699874878 0
		endloop
	endfacet
	facet normal 0 1 0
		outer loop
			vertex 0 20.175699234009 0
			vertex 5.1916999816895 20.175699234009 0.24500000476837
			vertex 6.001699924469 20.175699234009 0.24500000476837
		endloop
	endfacet
	facet normal 0 1 0
		outer loop
			vertex 0 20.175699234009 0
			vertex 6.001699924469 20.175699234009 0.24500000476837
			vertex 10.13840007782 20.175699234009 0.24500000476837
		endloop
	endfacet
	facet normal 0 1 0
		outer loop
			vertex 0 20.175699234009 0
			vertex 0 20.175699234009 0.51999998092651
			vertex 5.1916999816895 20.175699234009 0.24500000476837
		endloop
	endfacet
	facet normal -1 0 0
		outer loop
			vertex 0 17.653699874878 0
			vertex 0 17.653699874878 0.51999998092651
			vertex 0 20.175699234009 0.51999998092651
		endloop
	endfacet
	facet normal 0 -1 0
		outer loop
			vertex 5.4667000770569 17.653699874878 0
			vertex 5.1916999816895 17.653699874878 0.24500000476837
			vertex 0 17.653699874878 0.51999998092651
		endloop
	endfacet
	facet normal 0 1 0
		outer loop
			vertex 0 20.175699234009 0
			vertex 10.13840007782 20.175699234009 0.24500000476837
			vertex 10.948399543762 20.175699234009 0.24500000476837
		endloop
	endfacet
	facet normal 0 -1 0
		outer loop
			vertex 10.933400154114 17.653699874878 0
			vertex 10.948399543762 17.653699874878 0.24500000476837
			vertex 10.933400154114 17.653699874878 0.24500000476837
		endloop
	endfacet
	facet normal 0 0 -1
		outer loop
			vertex 0 20.175699234009 0
			vertex 16.39999961853 17.653699874878 0
			vertex 10.933400154114 17.653699874878 0
		endloop
	endfacet
	facet normal 0 1 0
		outer loop
			vertex 0 20.175699234009 0
			vertex 10.948399543762 20.175699234009 0.24500000476837
			vertex 16.39999961853 20.175699234009 0
		endloop
	endfacet
	facet normal 0 0 -1
		outer loop
			vertex 0 20.175699234009 0
			vertex 16.39999961853 20.175699234009 0
			vertex 16.39999961853 17.653699874878 0
		endloop
	endfacet
	facet normal 0 1 0
		outer loop
			vertex 6.001699924469 20.175699234009 0.24500000476837
			vertex 10.294400215149 20.175699234009 0.51999998092651
			vertex 10.13840007782 20.175699234009 0.24500000476837
		endloop
	endfacet
	facet normal 0 0 1
		outer loop
			vertex 0 17.653699874878 0.51999998092651
			vertex 5.3477001190186 20.175699234009 0.51999998092651
			vertex 0 20.175699234009 0.51999998092651
		endloop
	endfacet
	facet normal 0 -1 0
		outer loop
			vertex 5.1916999816895 17.653699874878 0.24500000476837
			vertex 5.3477001190186 17.653699874878 0.51999998092651
			vertex 0 17.653699874878 0.51999998092651
		endloop
	endfacet
	facet normal 0 1 -0
		outer loop
			vertex 5.1916999816895 20.175699234009 0.24500000476837
			vertex 0 20.175699234009 0.51999998092651
			vertex 5.3477001190186 20.175699234009 0.51999998092651
		endloop
	endfacet
	facet normal 0 0 1
		outer loop
			vertex 0 17.653699874878 0.51999998092651
			vertex 5.3477001190186 17.653699874878 0.51999998092651
			vertex 5.3477001190186 20.175699234009 0.51999998092651
		endloop
	endfacet
	facet normal 0 1 -0
		outer loop
			vertex 6.001699924469 20.175699234009 0.24500000476837
			vertex 5.8456997871399 20.175699234009 0.51999998092651
			vertex 10.294400215149 20.175699234009 0.51999998092651
		endloop
	endfacet
	facet normal 0 0 1
		outer loop
			vertex 5.8456997871399 19.276744842529 0.51999998092651
			vertex 10.294400215149 20.175699234009 0.51999998092651
			vertex 5.8456997871399 20.175699234009 0.51999998092651
		endloop
	endfacet
	facet normal -0 0 1
		outer loop
			vertex 5.8456997871399 19.276744842529 0.51999998092651
			vertex 10.294400215149 18.592622756958 0.51999998092651
			vertex 10.294400215149 20.175699234009 0.51999998092651
		endloop
	endfacet
	facet normal 0 -1 0
		outer loop
			vertex 10.933400154114 17.653699874878 0
			vertex 16.39999961853 17.653699874878 0
			vertex 10.948399543762 17.653699874878 0.24500000476837
		endloop
	endfacet
	facet normal 0 -1 0
		outer loop
			vertex 10.948399543762 17.653699874878 0.24500000476837
			vertex 16.39999961853 17.653699874878 0
			vertex 10.933400154114 17.653699874878 0.27144229412079
		endloop
	endfacet
	facet normal 1 0 0
		outer loop
			vertex 16.39999961853 17.653699874878 0
			vertex 16.39999961853 20.175699234009 0
			vertex 16.39999961853 17.653699874878 0.51999998092651
		endloop
	endfacet
	facet normal 0 -1 0
		outer loop
			vertex 16.39999961853 17.653699874878 0
			vertex 10.933400154114 17.653699874878 0.51999998092651
			vertex 10.933400154114 17.653699874878 0.27144229412079
		endloop
	endfacet
	facet normal 0 -1 0
		outer loop
			vertex 16.39999961853 17.653699874878 0
			vertex 16.39999961853 17.653699874878 0.51999998092651
			vertex 10.933400154114 17.653699874878 0.51999998092651
		endloop
	endfacet
	facet normal -0 1 0
		outer loop
			vertex 10.948399543762 20.175699234009 0.24500000476837
			vertex 16.39999961853 20.175699234009 0.51999998092651
			vertex 16.39999961853 20.175699234009 0
		endloop
	endfacet
	facet normal 1 0 -0
		outer loop
			vertex 16.39999961853 20.175699234009 0
			vertex 16.39999961853 20.175699234009 0.51999998092651
			vertex 16.39999961853 17.653699874878 0.51999998092651
		endloop
	endfacet
	facet normal 0 1 -0
		outer loop
			vertex 10.948399543762 20.175699234009 0.24500000476837
			vertex 10.792400360107 20.175699234009 0.51999998092651
			vertex 16.39999961853 20.175699234009 0.51999998092651
		endloop
	endfacet
	facet normal 0 0 1
		outer loop
			vertex 10.933400154114 17.653699874878 0.51999998092651
			vertex 16.39999961853 17.653699874878 0.51999998092651
			vertex 10.933400154114 18.494356155396 0.51999998092651
		endloop
	endfacet
	facet normal -0 0 1
		outer loop
			vertex 10.792400360107 18.516038894653 0.51999998092651
			vertex 10.933400154114 18.494356155396 0.51999998092651
			vertex 16.39999961853 20.175699234009 0.51999998092651
		endloop
	endfacet
	facet normal 0 0 1
		outer loop
			vertex 10.792400360107 18.516038894653 0.51999998092651
			vertex 16.39999961853 20.175699234009 0.51999998092651
			vertex 10.792400360107 20.175699234009 0.51999998092651
		endloop
	endfacet
	facet normal -0 0 1
		outer loop
			vertex 10.933400154114 18.494356155396 0.51999998092651
			vertex 16.39999961853 17.653699874878 0.51999998092651
			vertex 16.39999961853 20.175699234009 0.51999998092651
		endloop
	endfacet
	facet normal 0 0 1
		outer loop
			vertex 7.7950000762939 0 0.24500000476837
			vertex 8.6049995422363 0 0.24500000476837
			vertex 8.6049995422363 2.5220000743866 0.24500000476837
		endloop
	endfacet
	facet normal 0 0 1
		outer loop
			vertex 7.7950000762939 0 0.24500000476837
			vertex 8.6049995422363 2.5220000743866 0.24500000476837
			vertex 7.7950000762939 2.5220000743866 0.24500000476837
		endloop
	endfacet
	facet normal 0.86979577853241 0 -0.4934119005934
		outer loop
			vertex 7.7950000762939 0 0.24500000476837
			vertex 7.7950000762939 2.5220000743866 0.24500000476837
			vertex 7.951000213623 0 0.51999998092651
		endloop
	endfacet
	facet normal -0.86979707305992 0 -0.49340961856899
		outer loop
			vertex 8.6049995422363 0 0.24500000476837
			vertex 8.4490003585815 2.5220000743866 0.51999998092651
			vertex 8.6049995422363 2.5220000743866 0.24500000476837
		endloop
	endfacet
	facet normal -0.86979707305992 0 -0.49340961856899
		outer loop
			vertex 8.6049995422363 0 0.24500000476837
			vertex 8.4490003585815 0 0.51999998092651
			vertex 8.4490003585815 1.2227087020874 0.51999998092651
		endloop
	endfacet
	facet normal -0.86979707305992 0 -0.49340961856899
		outer loop
			vertex 8.6049995422363 0 0.24500000476837
			vertex 8.4490003585815 1.2227087020874 0.51999998092651
			vertex 8.4490003585815 2.5220000743866 0.51999998092651
		endloop
	endfacet
	facet normal 0.86979577853241 0 -0.4934119005934
		outer loop
			vertex 7.7950000762939 2.5220000743866 0.24500000476837
			vertex 7.951000213623 1.2992913722992 0.51999998092651
			vertex 7.951000213623 0 0.51999998092651
		endloop
	endfacet
	facet normal 0.86979577853241 0 -0.4934119005934
		outer loop
			vertex 7.7950000762939 2.5220000743866 0.24500000476837
			vertex 7.951000213623 2.5220000743866 0.51999998092651
			vertex 7.951000213623 1.2992913722992 0.51999998092651
		endloop
	endfacet
	facet normal 0 0 1
		outer loop
			vertex 7.7950000762939 2.5220000743866 0.24500000476837
			vertex 8.6049995422363 2.5220000743866 0.24500000476837
			vertex 8.6049995422363 15.064700126648 0.24500000476837
		endloop
	endfacet
	facet normal 0.86979577853241 0 -0.4934119005934
		outer loop
			vertex 7.7950000762939 2.5220000743866 0.24500000476837
			vertex 7.7950000762939 15.064700126648 0.24500000476837
			vertex 7.951000213623 2.5220000743866 0.51999998092651
		endloop
	endfacet
	facet normal -0.86979707305992 0 -0.49340961856899
		outer loop
			vertex 8.6049995422363 2.5220000743866 0.24500000476837
			vertex 8.4490003585815 2.5220000743866 0.51999998092651
			vertex 8.4490003585815 15.064700126648 0.51999998092651
		endloop
	endfacet
	facet normal 0 0 1
		outer loop
			vertex 7.7950000762939 2.5220000743866 0.24500000476837
			vertex 8.6049995422363 15.064700126648 0.24500000476837
			vertex 7.7950000762939 15.064700126648 0.24500000476837
		endloop
	endfacet
	facet normal -0.86979707305992 0 -0.49340961856899
		outer loop
			vertex 8.6049995422363 2.5220000743866 0.24500000476837
			vertex 8.4490003585815 15.064700126648 0.51999998092651
			vertex 8.6049995422363 15.064700126648 0.24500000476837
		endloop
	endfacet
	facet normal 0 -1 0
		outer loop
			vertex 7.7950000762939 15.064700126648 0.24500000476837
			vertex 8.6049995422363 15.064700126648 0.24500000476837
			vertex 8.4490003585815 15.064700126648 0.51999998092651
		endloop
	endfacet
	facet normal 0.86979577853241 0 -0.4934119005934
		outer loop
			vertex 7.951000213623 2.5220000743866 0.51999998092651
			vertex 7.7950000762939 15.064700126648 0.24500000476837
			vertex 7.951000213623 15.064700126648 0.51999998092651
		endloop
	endfacet
	facet normal 0 -1 0
		outer loop
			vertex 7.7950000762939 15.064700126648 0.24500000476837
			vertex 8.4490003585815 15.064700126648 0.51999998092651
			vertex 7.951000213623 15.064700126648 0.51999998092651
		endloop
	endfacet
	facet normal 0 0 1
		outer loop
			vertex 5.4667000770569 16.075700759888 0.24500000476837
			vertex 6.001699924469 16.075700759888 0.24500000476837
			vertex 5.4667000770569 17.653699874878 0.24500000476837
		endloop
	endfacet
	facet normal 0 1 0
		outer loop
			vertex 5.4667000770569 16.075700759888 0.24500000476837
			vertex 5.8456997871399 16.075700759888 0.51999998092651
			vertex 6.001699924469 16.075700759888 0.24500000476837
		endloop
	endfacet
	facet normal 0 -0 1
		outer loop
			vertex 6.001699924469 16.075700759888 0.24500000476837
			vertex 6.001699924469 20.175699234009 0.24500000476837
			vertex 5.4667000770569 17.653699874878 0.24500000476837
		endloop
	endfacet
	facet normal 0 0 1
		outer loop
			vertex 5.1916999816895 17.653699874878 0.24500000476837
			vertex 5.4667000770569 17.653699874878 0.24500000476837
			vertex 5.1916999816895 20.175699234009 0.24500000476837
		endloop
	endfacet
	facet normal 0 -0 1
		outer loop
			vertex 5.4667000770569 17.653699874878 0.24500000476837
			vertex 6.001699924469 20.175699234009 0.24500000476837
			vertex 5.1916999816895 20.175699234009 0.24500000476837
		endloop
	endfacet
	facet normal 0.86979577853241 0 -0.4934119005934
		outer loop
			vertex 5.1916999816895 17.653699874878 0.24500000476837
			vertex 5.1916999816895 20.175699234009 0.24500000476837
			vertex 5.3477001190186 17.653699874878 0.51999998092651
		endloop
	endfacet
	facet normal -0.86979577853241 0 -0.4934119005934
		outer loop
			vertex 6.001699924469 16.075700759888 0.24500000476837
			vertex 5.8456997871399 20.175699234009 0.51999998092651
			vertex 6.001699924469 20.175699234009 0.24500000476837
		endloop
	endfacet
	facet normal 0 1 0
		outer loop
			vertex 5.4667000770569 16.075700759888 0.24500000476837
			vertex 5.4667000770569 16.075700759888 0.51999998092651
			vertex 5.8456997871399 16.075700759888 0.51999998092651
		endloop
	endfacet
	facet normal -0.86979577853241 0 -0.4934119005934
		outer loop
			vertex 6.001699924469 16.075700759888 0.24500000476837
			vertex 5.8456997871399 16.075700759888 0.51999998092651
			vertex 5.8456997871399 19.276744842529 0.51999998092651
		endloop
	endfacet
	facet normal -0.86979577853241 0 -0.4934119005934
		outer loop
			vertex 6.001699924469 16.075700759888 0.24500000476837
			vertex 5.8456997871399 19.276744842529 0.51999998092651
			vertex 5.8456997871399 20.175699234009 0.51999998092651
		endloop
	endfacet
	facet normal 0.86979577853241 0 -0.4934119005934
		outer loop
			vertex 5.1916999816895 20.175699234009 0.24500000476837
			vertex 5.3477001190186 20.175699234009 0.51999998092651
			vertex 5.3477001190186 17.653699874878 0.51999998092651
		endloop
	endfacet
	facet normal 0 1 0
		outer loop
			vertex 10.13840007782 16.075700759888 0.24500000476837
			vertex 10.933400154114 16.075700759888 0.27144229412079
			vertex 10.933400154114 16.075700759888 0.24500000476837
		endloop
	endfacet
	facet normal 0 0 1
		outer loop
			vertex 10.13840007782 16.075700759888 0.24500000476837
			vertex 10.933400154114 16.075700759888 0.24500000476837
			vertex 10.933400154114 17.653699874878 0.24500000476837
		endloop
	endfacet
	facet normal 0.86979577853241 0 -0.4934119005934
		outer loop
			vertex 10.13840007782 16.075700759888 0.24500000476837
			vertex 10.13840007782 20.175699234009 0.24500000476837
			vertex 10.294400215149 16.075700759888 0.51999998092651
		endloop
	endfacet
	facet normal 0 1 0
		outer loop
			vertex 10.13840007782 16.075700759888 0.24500000476837
			vertex 10.792400360107 16.075700759888 0.51999998092651
			vertex 10.933400154114 16.075700759888 0.27144229412079
		endloop
	endfacet
	facet normal -0.86979628798055 0 -0.49341100252756
		outer loop
			vertex 10.933400154114 16.075700759888 0.27144229412079
			vertex 10.792400360107 16.075700759888 0.51999998092651
			vertex 10.933400154114 17.653699874878 0.27144229412079
		endloop
	endfacet
	facet normal 0 0 1
		outer loop
			vertex 10.13840007782 16.075700759888 0.24500000476837
			vertex 10.948399543762 20.175699234009 0.24500000476837
			vertex 10.13840007782 20.175699234009 0.24500000476837
		endloop
	endfacet
	facet normal 0 0 1
		outer loop
			vertex 10.13840007782 16.075700759888 0.24500000476837
			vertex 10.933400154114 17.653699874878 0.24500000476837
			vertex 10.948399543762 20.175699234009 0.24500000476837
		endloop
	endfacet
	facet normal 0 0 1
		outer loop
			vertex 10.933400154114 17.653699874878 0.24500000476837
			vertex 10.948399543762 17.653699874878 0.24500000476837
			vertex 10.948399543762 20.175699234009 0.24500000476837
		endloop
	endfacet
	facet normal -0.86980445277258 0 -0.4933966091665
		outer loop
			vertex 10.948399543762 17.653699874878 0.24500000476837
			vertex 10.933400154114 17.653699874878 0.27144229412079
			vertex 10.948399543762 20.175699234009 0.24500000476837
		endloop
	endfacet
	facet normal -0.86979707305991 -1.8028932837478e-07 -0.49340961856898
		outer loop
			vertex 10.948399543762 20.175699234009 0.24500000476837
			vertex 10.933400154114 17.653699874878 0.27144229412079
			vertex 10.792400360107 20.175699234009 0.51999998092651
		endloop
	endfacet
	facet normal 0 1 0
		outer loop
			vertex 10.13840007782 16.075700759888 0.24500000476837
			vertex 10.294400215149 16.075700759888 0.51999998092651
			vertex 10.792400360107 16.075700759888 0.51999998092651
		endloop
	endfacet
	facet normal -0.86979628798055 0 -0.49341100252756
		outer loop
			vertex 10.933400154114 17.653699874878 0.27144229412079
			vertex 10.792400360107 16.075700759888 0.51999998092651
			vertex 10.792400360107 18.516038894653 0.51999998092651
		endloop
	endfacet
	facet normal 0.86979577853241 0 -0.4934119005934
		outer loop
			vertex 10.13840007782 20.175699234009 0.24500000476837
			vertex 10.294400215149 18.592622756958 0.51999998092651
			vertex 10.294400215149 16.075700759888 0.51999998092651
		endloop
	endfacet
	facet normal 0.86979577853241 0 -0.4934119005934
		outer loop
			vertex 10.13840007782 20.175699234009 0.24500000476837
			vertex 10.294400215149 20.175699234009 0.51999998092651
			vertex 10.294400215149 18.592622756958 0.51999998092651
		endloop
	endfacet
	facet normal -0.86979628798055 0 -0.49341100252756
		outer loop
			vertex 10.933400154114 17.653699874878 0.27144229412079
			vertex 10.792400360107 18.516038894653 0.51999998092651
			vertex 10.792400360107 20.175699234009 0.51999998092651
		endloop
	endfacet
	facet normal 0.70710678118655 0.70710678118655 -0
		outer loop
			vertex 0.93527054786682 1.4904149770737 0
			vertex 0.93527054786682 1.4904149770737 0.19799999892712
			vertex 1.0313727855682 1.3943127393723 0
		endloop
	endfacet
	facet normal -0.70710678118655 -0.70710678118655 0
		outer loop
			vertex 0.9806672334671 1.5595271587372 0
			vertex 1.0886272192001 1.4515671730042 0
			vertex 1.0886272192001 1.4515671730042 0.19799999892712
		endloop
	endfacet
	facet normal 0.70710678118655 0.70710678118655 -0
		outer loop
			vertex 1.0313727855682 1.3943127393723 0
			vertex 0.93527054786682 1.4904149770737 0.19799999892712
			vertex 1.0313727855682 1.3943127393723 0.19799999892712
		endloop
	endfacet
	facet normal -0.70710678118655 -0.70710678118655 0
		outer loop
			vertex 0.9806672334671 1.5595271587372 0
			vertex 1.0886272192001 1.4515671730042 0.19799999892712
			vertex 0.9806672334671 1.5595271587372 0.19799999892712
		endloop
	endfacet
	facet normal 0 0 -1
		outer loop
			vertex 0.92968076467514 1.49600481987 0.19799999892712
			vertex 0.95204001665115 1.4934868812561 0.19799999892712
			vertex 0.93527054786682 1.4904149770737 0.19799999892712
		endloop
	endfacet
	facet normal 0 0 -1
		outer loop
			vertex 0.93527054786682 1.4904149770737 0.19799999892712
			vertex 0.95204001665115 1.4934868812561 0.19799999892712
			vertex 1.0313727855682 1.3943127393723 0.19799999892712
		endloop
	endfacet
	facet normal 0 0 -1
		outer loop
			vertex 0.95204001665115 1.4934868812561 0.19799999892712
			vertex 1.0532830953598 1.4162230491638 0.19799999892712
			vertex 1.0313727855682 1.3943127393723 0.19799999892712
		endloop
	endfacet
	facet normal 0 0 -1
		outer loop
			vertex 0.95204001665115 1.4934868812561 0.19799999892712
			vertex 1.0599999427795 1.4603531360626 0.19799999892712
			vertex 1.0532830953598 1.4162230491638 0.19799999892712
		endloop
	endfacet
	facet normal 0 0 -1
		outer loop
			vertex 0.95204001665115 1.4934868812561 0.19799999892712
			vertex 0.95875692367554 1.5376168489456 0.19799999892712
			vertex 1.0599999427795 1.4603531360626 0.19799999892712
		endloop
	endfacet
	facet normal 0 0 -1
		outer loop
			vertex 0.95875692367554 1.5376168489456 0.19799999892712
			vertex 0.9806672334671 1.5595271587372 0.19799999892712
			vertex 1.0599999427795 1.4603531360626 0.19799999892712
		endloop
	endfacet
	facet normal 0 0 -1
		outer loop
			vertex 0.9806672334671 1.5595271587372 0.19799999892712
			vertex 1.0886272192001 1.4515671730042 0.19799999892712
			vertex 1.0599999427795 1.4603531360626 0.19799999892712
		endloop
	endfacet
	facet normal 0 1 0
		outer loop
			vertex 0.6449294090271 1.4904149770737 0
			vertex 0.6449294090271 1.4904149770737 0.19799999892712
			vertex 0.93527054786682 1.4904149770737 0
		endloop
	endfacet
	facet normal 0 -1 0
		outer loop
			vertex 0.62815999984741 1.5713850259781 0
			vertex 0.95204001665115 1.5713850259781 0
			vertex 0.95204001665115 1.5713850259781 0.19799999892712
		endloop
	endfacet
	facet normal 0 -1 0
		outer loop
			vertex 0.62815999984741 1.5713850259781 0
			vertex 0.95204001665115 1.5713850259781 0.19799999892712
			vertex 0.62815999984741 1.5713850259781 0.19799999892712
		endloop
	endfacet
	facet normal 0 1 -0
		outer loop
			vertex 0.93527054786682 1.4904149770737 0
			vertex 0.6449294090271 1.4904149770737 0.19799999892712
			vertex 0.93527054786682 1.4904149770737 0.19799999892712
		endloop
	endfacet
	facet normal 0 -0 -1
		outer loop
			vertex 0.64873880147934 1.4942243099213 0.19799999892712
			vertex 0.93527054786682 1.4904149770737 0.19799999892712
			vertex 0.6449294090271 1.4904149770737 0.19799999892712
		endloop
	endfacet
	facet normal 0 0 -1
		outer loop
			vertex 0.63834172487259 1.5207183361053 0.19799999892712
			vertex 0.92968076467514 1.49600481987 0.19799999892712
			vertex 0.64873880147934 1.4942243099213 0.19799999892712
		endloop
	endfacet
	facet normal 0 0 -1
		outer loop
			vertex 0.63834172487259 1.5207183361053 0.19799999892712
			vertex 0.62815999984741 1.5713850259781 0.19799999892712
			vertex 0.92968076467514 1.49600481987 0.19799999892712
		endloop
	endfacet
	facet normal 0 0 -1
		outer loop
			vertex 0.64873880147934 1.4942243099213 0.19799999892712
			vertex 0.92968076467514 1.49600481987 0.19799999892712
			vertex 0.93527054786682 1.4904149770737 0.19799999892712
		endloop
	endfacet
	facet normal 0 0 -1
		outer loop
			vertex 0.62815999984741 1.5713850259781 0.19799999892712
			vertex 0.95204001665115 1.5713850259781 0.19799999892712
			vertex 0.92968076467514 1.49600481987 0.19799999892712
		endloop
	endfacet
	facet normal 0 0 -1
		outer loop
			vertex 0.92968076467514 1.49600481987 0.19799999892712
			vertex 0.95204001665115 1.5713850259781 0.19799999892712
			vertex 0.95204001665115 1.4934868812561 0.19799999892712
		endloop
	endfacet
	facet normal 0.70710668358824 -0.70710687878484 0
		outer loop
			vertex 0.49157276749611 1.4515671730042 0
			vertex 0.59953278303146 1.5595271587372 0
			vertex 0.59953278303146 1.5595271587372 0.19799999892712
		endloop
	endfacet
	facet normal -0.70710653104021 0.70710703133279 0
		outer loop
			vertex 0.56068497896194 1.4061706066132 0
			vertex 0.56068497896194 1.4061706066132 0.19799999892712
			vertex 0.6449294090271 1.4904149770737 0
		endloop
	endfacet
	facet normal 0.70710668358824 -0.70710687878484 0
		outer loop
			vertex 0.49157276749611 1.4515671730042 0
			vertex 0.59953278303146 1.5595271587372 0.19799999892712
			vertex 0.49157276749611 1.4515671730042 0.19799999892712
		endloop
	endfacet
	facet normal -0.70710653104021 0.70710703133279 0
		outer loop
			vertex 0.6449294090271 1.4904149770737 0
			vertex 0.56068497896194 1.4061706066132 0.19799999892712
			vertex 0.6449294090271 1.4904149770737 0.19799999892712
		endloop
	endfacet
	facet normal 0 0 -1
		outer loop
			vertex 0.56051748991013 1.4060029983521 0.19799999892712
			vertex 0.55761313438416 1.4229400157928 0.19799999892712
			vertex 0.56068497896194 1.4061706066132 0.19799999892712
		endloop
	endfacet
	facet normal 0 0 -1
		outer loop
			vertex 0.49157276749611 1.4515671730042 0.19799999892712
			vertex 0.55761313438416 1.4229400157928 0.19799999892712
			vertex 0.51410329341888 1.4290367364883 0.19799999892712
		endloop
	endfacet
	facet normal 0 0 -1
		outer loop
			vertex 0.49157276749611 1.4515671730042 0.19799999892712
			vertex 0.59953278303146 1.5595271587372 0.19799999892712
			vertex 0.55761313438416 1.4229400157928 0.19799999892712
		endloop
	endfacet
	facet normal 0 0 -1
		outer loop
			vertex 0.56068497896194 1.4061706066132 0.19799999892712
			vertex 0.55761313438416 1.4229400157928 0.19799999892712
			vertex 0.6449294090271 1.4904149770737 0.19799999892712
		endloop
	endfacet
	facet normal 0 0 -1
		outer loop
			vertex 0.55761313438416 1.4229400157928 0.19799999892712
			vertex 0.63834172487259 1.5207183361053 0.19799999892712
			vertex 0.6449294090271 1.4904149770737 0.19799999892712
		endloop
	endfacet
	facet normal 0 0 -1
		outer loop
			vertex 0.55761313438416 1.4229400157928 0.19799999892712
			vertex 0.59953278303146 1.5595271587372 0.19799999892712
			vertex 0.63834172487259 1.5207183361053 0.19799999892712
		endloop
	endfacet
	facet normal 0 0 -1
		outer loop
			vertex 0.63834172487259 1.5207183361053 0.19799999892712
			vertex 0.64873880147934 1.4942243099213 0.19799999892712
			vertex 0.6449294090271 1.4904149770737 0.19799999892712
		endloop
	endfacet
	facet normal -1 0 0
		outer loop
			vertex 0.56068497896194 1.1158294677734 0
			vertex 0.56068497896194 1.1158294677734 0.19799999892712
			vertex 0.56068497896194 1.4061706066132 0
		endloop
	endfacet
	facet normal 1 0 0
		outer loop
			vertex 0.47971498966217 1.0990600585938 0
			vertex 0.47971498966217 1.4229400157928 0
			vertex 0.47971498966217 1.4229400157928 0.19799999892712
		endloop
	endfacet
	facet normal 1 0 0
		outer loop
			vertex 0.47971498966217 1.0990600585938 0
			vertex 0.47971498966217 1.4229400157928 0.19799999892712
			vertex 0.47971498966217 1.0990600585938 0.19799999892712
		endloop
	endfacet
	facet normal -1 0 0
		outer loop
			vertex 0.56068497896194 1.4061706066132 0
			vertex 0.56068497896194 1.1158294677734 0.19799999892712
			vertex 0.56068497896194 1.4061706066132 0.19799999892712
		endloop
	endfacet
	facet normal 0 0 -1
		outer loop
			vertex 0.47971498966217 1.0990600585938 0.19799999892712
			vertex 0.54809874296188 1.1269587278366 0.19799999892712
			vertex 0.52020001411438 1.0990600585938 0.19799999892712
		endloop
	endfacet
	facet normal 0 0 -1
		outer loop
			vertex 0.47971498966217 1.0990600585938 0.19799999892712
			vertex 0.48279672861099 1.4106130599976 0.19799999892712
			vertex 0.54809874296188 1.1269587278366 0.19799999892712
		endloop
	endfacet
	facet normal 0 0 -1
		outer loop
			vertex 0.55509519577026 1.1214191913605 0.19799999892712
			vertex 0.54809874296188 1.1269587278366 0.19799999892712
			vertex 0.48279672861099 1.4106130599976 0.19799999892712
		endloop
	endfacet
	facet normal 0 0 -1
		outer loop
			vertex 0.55509519577026 1.1214191913605 0.19799999892712
			vertex 0.56068497896194 1.4061706066132 0.19799999892712
			vertex 0.56068497896194 1.1158294677734 0.19799999892712
		endloop
	endfacet
	facet normal 0 0 -1
		outer loop
			vertex 0.47971498966217 1.0990600585938 0.19799999892712
			vertex 0.47971498966217 1.4229400157928 0.19799999892712
			vertex 0.48279672861099 1.4106130599976 0.19799999892712
		endloop
	endfacet
	facet normal 0 0 -1
		outer loop
			vertex 0.55509519577026 1.1214191913605 0.19799999892712
			vertex 0.48279672861099 1.4106130599976 0.19799999892712
			vertex 0.48587846755981 1.4229400157928 0.19799999892712
		endloop
	endfacet
	facet normal 0 0 -1
		outer loop
			vertex 0.55509519577026 1.1214191913605 0.19799999892712
			vertex 0.48587846755981 1.4229400157928 0.19799999892712
			vertex 0.56051748991013 1.4060029983521 0.19799999892712
		endloop
	endfacet
	facet normal 0 0 -1
		outer loop
			vertex 0.55509519577026 1.1214191913605 0.19799999892712
			vertex 0.56051748991013 1.4060029983521 0.19799999892712
			vertex 0.56068497896194 1.4061706066132 0.19799999892712
		endloop
	endfacet
	facet normal 0 0 -1
		outer loop
			vertex 0.48587846755981 1.4229400157928 0.19799999892712
			vertex 0.55761313438416 1.4229400157928 0.19799999892712
			vertex 0.56051748991013 1.4060029983521 0.19799999892712
		endloop
	endfacet
	facet normal 0.70710668358824 0.70710687878484 -0
		outer loop
			vertex 0.49157276749611 1.0704327821732 0
			vertex 0.49157276749611 1.0704327821732 0.19799999892712
			vertex 0.59953278303146 0.96247279644012 0
		endloop
	endfacet
	facet normal -0.70710703133262 -0.70710653104039 0
		outer loop
			vertex 0.56068497896194 1.1158294677734 0
			vertex 0.6449294090271 1.0315849781036 0
			vertex 0.6449294090271 1.0315849781036 0.19799999892712
		endloop
	endfacet
	facet normal 0.70710668358824 0.70710687878484 -0
		outer loop
			vertex 0.59953278303146 0.96247279644012 0
			vertex 0.49157276749611 1.0704327821732 0.19799999892712
			vertex 0.59953278303146 0.96247279644012 0.19799999892712
		endloop
	endfacet
	facet normal -0.70710703133262 -0.70710653104039 0
		outer loop
			vertex 0.56068497896194 1.1158294677734 0
			vertex 0.6449294090271 1.0315849781036 0.19799999892712
			vertex 0.56068497896194 1.1158294677734 0.19799999892712
		endloop
	endfacet
	facet normal 0 0 -1
		outer loop
			vertex 0.49157276749611 1.0704327821732 0.19799999892712
			vertex 0.56068497896194 1.1158294677734 0.19799999892712
			vertex 0.59953278303146 0.96247279644012 0.19799999892712
		endloop
	endfacet
	facet normal 0 0 -1
		outer loop
			vertex 0.49157276749611 1.0704327821732 0.19799999892712
			vertex 0.52020001411438 1.0990600585938 0.19799999892712
			vertex 0.56068497896194 1.1158294677734 0.19799999892712
		endloop
	endfacet
	facet normal 0 0 -1
		outer loop
			vertex 0.52020001411438 1.0990600585938 0.19799999892712
			vertex 0.54809874296188 1.1269587278366 0.19799999892712
			vertex 0.55509519577026 1.1214191913605 0.19799999892712
		endloop
	endfacet
	facet normal 0 0 -1
		outer loop
			vertex 0.52020001411438 1.0990600585938 0.19799999892712
			vertex 0.55509519577026 1.1214191913605 0.19799999892712
			vertex 0.56068497896194 1.1158294677734 0.19799999892712
		endloop
	endfacet
	facet normal 0 0 -1
		outer loop
			vertex 0.59953278303146 0.96247279644012 0.19799999892712
			vertex 0.56068497896194 1.1158294677734 0.19799999892712
			vertex 0.62144309282303 0.98438310623169 0.19799999892712
		endloop
	endfacet
	facet normal 0 0 -1
		outer loop
			vertex 0.62144309282303 0.98438310623169 0.19799999892712
			vertex 0.56068497896194 1.1158294677734 0.19799999892712
			vertex 0.62815999984741 1.0285130739212 0.19799999892712
		endloop
	endfacet
	facet normal 0 0 -1
		outer loop
			vertex 0.62815999984741 1.0285130739212 0.19799999892712
			vertex 0.56068497896194 1.1158294677734 0.19799999892712
			vertex 0.6288178563118 1.028311252594 0.19799999892712
		endloop
	endfacet
	facet normal 0 0 -1
		outer loop
			vertex 0.6288178563118 1.028311252594 0.19799999892712
			vertex 0.56068497896194 1.1158294677734 0.19799999892712
			vertex 0.6449294090271 1.0315849781036 0.19799999892712
		endloop
	endfacet
	facet normal 0 0 -1
		outer loop
			vertex 0.6288178563118 1.028311252594 0.19799999892712
			vertex 0.6449294090271 1.0315849781036 0.19799999892712
			vertex 0.65051925182343 1.0259951353073 0.19799999892712
		endloop
	endfacet
	facet normal 0 1 0
		outer loop
			vertex 0.62815999984741 0.95061498880386 0
			vertex 0.62815999984741 0.95061498880386 0.19799999892712
			vertex 0.95204001665115 0.95061498880386 0
		endloop
	endfacet
	facet normal 0 -1 0
		outer loop
			vertex 0.6449294090271 1.0315849781036 0
			vertex 0.93527054786682 1.0315849781036 0
			vertex 0.93527054786682 1.0315849781036 0.19799999892712
		endloop
	endfacet
	facet normal 0 -1 0
		outer loop
			vertex 0.6449294090271 1.0315849781036 0
			vertex 0.93527054786682 1.0315849781036 0.19799999892712
			vertex 0.6449294090271 1.0315849781036 0.19799999892712
		endloop
	endfacet
	facet normal 0 1 -0
		outer loop
			vertex 0.95204001665115 0.95061498880386 0
			vertex 0.62815999984741 0.95061498880386 0.19799999892712
			vertex 0.95204001665115 0.95061498880386 0.19799999892712
		endloop
	endfacet
	facet normal 0 0 -1
		outer loop
			vertex 0.6288178563118 1.028311252594 0.19799999892712
			vertex 0.65051925182343 1.0259951353073 0.19799999892712
			vertex 0.64365291595459 0.95448821783066 0.19799999892712
		endloop
	endfacet
	facet normal 0 0 -1
		outer loop
			vertex 0.62815999984741 0.95061498880386 0.19799999892712
			vertex 0.64365291595459 0.95448821783066 0.19799999892712
			vertex 0.95204001665115 0.95061498880386 0.19799999892712
		endloop
	endfacet
	facet normal 0 0 -1
		outer loop
			vertex 0.64365291595459 0.95448821783066 0.19799999892712
			vertex 0.65051925182343 1.0259951353073 0.19799999892712
			vertex 0.95204001665115 0.95061498880386 0.19799999892712
		endloop
	endfacet
	facet normal 0 0 -1
		outer loop
			vertex 0.6449294090271 1.0315849781036 0.19799999892712
			vertex 0.93527054786682 1.0315849781036 0.19799999892712
			vertex 0.65051925182343 1.0259951353073 0.19799999892712
		endloop
	endfacet
	facet normal 0 0 -1
		outer loop
			vertex 0.65051925182343 1.0259951353073 0.19799999892712
			vertex 0.95204001665115 0.99110001325607 0.19799999892712
			vertex 0.95204001665115 0.95061498880386 0.19799999892712
		endloop
	endfacet
	facet normal 0 0 -1
		outer loop
			vertex 0.65051925182343 1.0259951353073 0.19799999892712
			vertex 0.93527054786682 1.0315849781036 0.19799999892712
			vertex 0.95204001665115 0.99110001325607 0.19799999892712
		endloop
	endfacet
	facet normal 0.70710678118655 -0.70710678118655 0
		outer loop
			vertex 0.93527054786682 1.0315849781036 0
			vertex 1.0313727855682 1.1276872158051 0
			vertex 1.0313727855682 1.1276872158051 0.19799999892712
		endloop
	endfacet
	facet normal -0.70710678118655 0.70710678118655 0
		outer loop
			vertex 0.9806672334671 0.96247279644012 0
			vertex 1.0886272192001 1.0704327821732 0.19799999892712
			vertex 1.0886272192001 1.0704327821732 0
		endloop
	endfacet
	facet normal -0.70710678118655 0.70710678118655 0
		outer loop
			vertex 0.9806672334671 0.96247279644012 0
			vertex 0.9806672334671 0.96247279644012 0.19799999892712
			vertex 1.0886272192001 1.0704327821732 0.19799999892712
		endloop
	endfacet
	facet normal 0.70710678118655 -0.70710678118655 0
		outer loop
			vertex 0.93527054786682 1.0315849781036 0
			vertex 1.0313727855682 1.1276872158051 0.19799999892712
			vertex 0.93527054786682 1.0315849781036 0.19799999892712
		endloop
	endfacet
	facet normal 0 0 -1
		outer loop
			vertex 0.95204001665115 0.99110001325607 0.19799999892712
			vertex 0.93527054786682 1.0315849781036 0.19799999892712
			vertex 1.0313727855682 1.1276872158051 0.19799999892712
		endloop
	endfacet
	facet normal 0 0 -1
		outer loop
			vertex 0.95204001665115 0.99110001325607 0.19799999892712
			vertex 1.0313727855682 1.1276872158051 0.19799999892712
			vertex 0.9806672334671 0.96247279644012 0.19799999892712
		endloop
	endfacet
	facet normal 0 0 -1
		outer loop
			vertex 0.9806672334671 0.96247279644012 0.19799999892712
			vertex 1.0313727855682 1.1276872158051 0.19799999892712
			vertex 1.0886272192001 1.0704327821732 0.19799999892712
		endloop
	endfacet
	facet normal 0.55556717584489 0.83147165503325 -0
		outer loop
			vertex 1.0313727855682 1.3943127393723 0
			vertex 1.0313727855682 1.3943127393723 0.19799999892712
			vertex 1.0445070266724 1.3855367898941 0
		endloop
	endfacet
	facet normal 0.1950943370645 0.98078448175191 -0
		outer loop
			vertex 1.0445070266724 1.3855367898941 0
			vertex 1.0445070266724 1.3855367898941 0.19799999892712
			vertex 1.0599999427795 1.3824549913406 0
		endloop
	endfacet
	facet normal -0.19509289306975 0.98078476898537 0
		outer loop
			vertex 1.0599999427795 1.3824549913406 0
			vertex 1.0599999427795 1.3824549913406 0.19799999892712
			vertex 1.075492978096 1.3855367898941 0
		endloop
	endfacet
	facet normal -0.55556717584489 0.83147165503325 0
		outer loop
			vertex 1.075492978096 1.3855367898941 0
			vertex 1.075492978096 1.3855367898941 0.19799999892712
			vertex 1.0886272192001 1.3943127393723 0
		endloop
	endfacet
	facet normal -0.83147049827122 0.55556890707149 0
		outer loop
			vertex 1.0886272192001 1.3943127393723 0
			vertex 1.0886272192001 1.3943127393723 0.19799999892712
			vertex 1.0974032878876 1.4074470996857 0
		endloop
	endfacet
	facet normal -0.9807859257324 0.19508707769927 0
		outer loop
			vertex 1.0974032878876 1.4074470996857 0
			vertex 1.0974032878876 1.4074470996857 0.19799999892712
			vertex 1.1004849672318 1.4229400157928 0
		endloop
	endfacet
	facet normal -0.9807859257324 -0.19508707769927 0
		outer loop
			vertex 1.1004849672318 1.4229400157928 0
			vertex 1.1004849672318 1.4229400157928 0.19799999892712
			vertex 1.0974032878876 1.4384329319 0
		endloop
	endfacet
	facet normal -0.83146816895758 -0.55557239313192 0
		outer loop
			vertex 1.0886272192001 1.4515671730042 0
			vertex 1.0974032878876 1.4384329319 0
			vertex 1.0974032878876 1.4384329319 0.19799999892712
		endloop
	endfacet
	facet normal 0.55556717584489 0.83147165503325 -0
		outer loop
			vertex 1.0445070266724 1.3855367898941 0
			vertex 1.0313727855682 1.3943127393723 0.19799999892712
			vertex 1.0445070266724 1.3855367898941 0.19799999892712
		endloop
	endfacet
	facet normal 0.1950943370645 0.98078448175191 -0
		outer loop
			vertex 1.0599999427795 1.3824549913406 0
			vertex 1.0445070266724 1.3855367898941 0.19799999892712
			vertex 1.0599999427795 1.3824549913406 0.19799999892712
		endloop
	endfacet
	facet normal -0.19509289306975 0.98078476898537 0
		outer loop
			vertex 1.075492978096 1.3855367898941 0
			vertex 1.0599999427795 1.3824549913406 0.19799999892712
			vertex 1.075492978096 1.3855367898941 0.19799999892712
		endloop
	endfacet
	facet normal -0.55556717584489 0.83147165503325 0
		outer loop
			vertex 1.0886272192001 1.3943127393723 0
			vertex 1.075492978096 1.3855367898941 0.19799999892712
			vertex 1.0886272192001 1.3943127393723 0.19799999892712
		endloop
	endfacet
	facet normal -0.9807859257324 0.19508707769927 0
		outer loop
			vertex 1.1004849672318 1.4229400157928 0
			vertex 1.0974032878876 1.4074470996857 0.19799999892712
			vertex 1.1004849672318 1.4229400157928 0.19799999892712
		endloop
	endfacet
	facet normal -0.83147049827122 0.55556890707149 0
		outer loop
			vertex 1.0974032878876 1.4074470996857 0
			vertex 1.0886272192001 1.3943127393723 0.19799999892712
			vertex 1.0974032878876 1.4074470996857 0.19799999892712
		endloop
	endfacet
	facet normal -0.9807859257324 -0.19508707769927 0
		outer loop
			vertex 1.0974032878876 1.4384329319 0
			vertex 1.1004849672318 1.4229400157928 0.19799999892712
			vertex 1.0974032878876 1.4384329319 0.19799999892712
		endloop
	endfacet
	facet normal -0.83146816895758 -0.55557239313192 0
		outer loop
			vertex 1.0886272192001 1.4515671730042 0
			vertex 1.0974032878876 1.4384329319 0.19799999892712
			vertex 1.0886272192001 1.4515671730042 0.19799999892712
		endloop
	endfacet
	facet normal 0 0 -1
		outer loop
			vertex 1.0313727855682 1.3943127393723 0.19799999892712
			vertex 1.0532830953598 1.4162230491638 0.19799999892712
			vertex 1.0445070266724 1.3855367898941 0.19799999892712
		endloop
	endfacet
	facet normal 0 0 -1
		outer loop
			vertex 1.0445070266724 1.3855367898941 0.19799999892712
			vertex 1.0532830953598 1.4162230491638 0.19799999892712
			vertex 1.0599999427795 1.3824549913406 0.19799999892712
		endloop
	endfacet
	facet normal 0 0 -1
		outer loop
			vertex 1.0599999427795 1.3824549913406 0.19799999892712
			vertex 1.0599999427795 1.4603531360626 0.19799999892712
			vertex 1.075492978096 1.3855367898941 0.19799999892712
		endloop
	endfacet
	facet normal -0 0 -1
		outer loop
			vertex 1.0886272192001 1.3943127393723 0.19799999892712
			vertex 1.075492978096 1.3855367898941 0.19799999892712
			vertex 1.0886272192001 1.4515671730042 0.19799999892712
		endloop
	endfacet
	facet normal 0 0 -1
		outer loop
			vertex 1.0886272192001 1.3943127393723 0.19799999892712
			vertex 1.0886272192001 1.4515671730042 0.19799999892712
			vertex 1.0974032878876 1.4074470996857 0.19799999892712
		endloop
	endfacet
	facet normal 0 0 -1
		outer loop
			vertex 1.0532830953598 1.4162230491638 0.19799999892712
			vertex 1.0599999427795 1.4603531360626 0.19799999892712
			vertex 1.0599999427795 1.3824549913406 0.19799999892712
		endloop
	endfacet
	facet normal 0 0 -1
		outer loop
			vertex 1.075492978096 1.3855367898941 0.19799999892712
			vertex 1.0599999427795 1.4603531360626 0.19799999892712
			vertex 1.0886272192001 1.4515671730042 0.19799999892712
		endloop
	endfacet
	facet normal 0 0 -1
		outer loop
			vertex 1.0974032878876 1.4074470996857 0.19799999892712
			vertex 1.0886272192001 1.4515671730042 0.19799999892712
			vertex 1.0974032878876 1.4384329319 0.19799999892712
		endloop
	endfacet
	facet normal 0 0 -1
		outer loop
			vertex 1.0974032878876 1.4074470996857 0.19799999892712
			vertex 1.0974032878876 1.4384329319 0.19799999892712
			vertex 1.1004849672318 1.4229400157928 0.19799999892712
		endloop
	endfacet
	facet normal -0.1950943370645 -0.98078448175191 0
		outer loop
			vertex 0.95204001665115 1.5713850259781 0
			vertex 0.96753293275833 1.5683032274246 0
			vertex 0.96753293275833 1.5683032274246 0.19799999892712
		endloop
	endfacet
	facet normal -0.55557065009745 -0.83146933361988 0
		outer loop
			vertex 0.96753293275833 1.5683032274246 0
			vertex 0.9806672334671 1.5595271587372 0
			vertex 0.9806672334671 1.5595271587372 0.19799999892712
		endloop
	endfacet
	facet normal -0.1950943370645 -0.98078448175191 0
		outer loop
			vertex 0.95204001665115 1.5713850259781 0
			vertex 0.96753293275833 1.5683032274246 0.19799999892712
			vertex 0.95204001665115 1.5713850259781 0.19799999892712
		endloop
	endfacet
	facet normal -0.55557065009745 -0.83146933361988 0
		outer loop
			vertex 0.96753293275833 1.5683032274246 0
			vertex 0.9806672334671 1.5595271587372 0.19799999892712
			vertex 0.96753293275833 1.5683032274246 0.19799999892712
		endloop
	endfacet
	facet normal 0 0 -1
		outer loop
			vertex 0.95204001665115 1.4934868812561 0.19799999892712
			vertex 0.95204001665115 1.5713850259781 0.19799999892712
			vertex 0.95875692367554 1.5376168489456 0.19799999892712
		endloop
	endfacet
	facet normal 0 0 -1
		outer loop
			vertex 0.95875692367554 1.5376168489456 0.19799999892712
			vertex 0.95204001665115 1.5713850259781 0.19799999892712
			vertex 0.96753293275833 1.5683032274246 0.19799999892712
		endloop
	endfacet
	facet normal 0 0 -1
		outer loop
			vertex 0.95875692367554 1.5376168489456 0.19799999892712
			vertex 0.96753293275833 1.5683032274246 0.19799999892712
			vertex 0.9806672334671 1.5595271587372 0.19799999892712
		endloop
	endfacet
	facet normal 0.55557065009745 -0.83146933361988 0
		outer loop
			vertex 0.59953278303146 1.5595271587372 0
			vertex 0.61266708374023 1.5683032274246 0
			vertex 0.61266708374023 1.5683032274246 0.19799999892712
		endloop
	endfacet
	facet normal 0.1950943370645 -0.98078448175191 0
		outer loop
			vertex 0.61266708374023 1.5683032274246 0
			vertex 0.62815999984741 1.5713850259781 0
			vertex 0.62815999984741 1.5713850259781 0.19799999892712
		endloop
	endfacet
	facet normal 0.55557065009745 -0.83146933361988 0
		outer loop
			vertex 0.59953278303146 1.5595271587372 0
			vertex 0.61266708374023 1.5683032274246 0.19799999892712
			vertex 0.59953278303146 1.5595271587372 0.19799999892712
		endloop
	endfacet
	facet normal 0.1950943370645 -0.98078448175191 0
		outer loop
			vertex 0.61266708374023 1.5683032274246 0
			vertex 0.62815999984741 1.5713850259781 0.19799999892712
			vertex 0.61266708374023 1.5683032274246 0.19799999892712
		endloop
	endfacet
	facet normal 0 0 -1
		outer loop
			vertex 0.59953278303146 1.5595271587372 0.19799999892712
			vertex 0.62815999984741 1.5713850259781 0.19799999892712
			vertex 0.63834172487259 1.5207183361053 0.19799999892712
		endloop
	endfacet
	facet normal 0 0 -1
		outer loop
			vertex 0.59953278303146 1.5595271587372 0.19799999892712
			vertex 0.61266708374023 1.5683032274246 0.19799999892712
			vertex 0.62815999984741 1.5713850259781 0.19799999892712
		endloop
	endfacet
	facet normal 0.98078520374834 -0.19509070738589 0
		outer loop
			vertex 0.47971498966217 1.4229400157928 0
			vertex 0.48279672861099 1.4384329319 0
			vertex 0.48279672861099 1.4384329319 0.19799999892712
		endloop
	endfacet
	facet normal 0.83146904047683 -0.55557108881631 0
		outer loop
			vertex 0.49157276749611 1.4515671730042 0
			vertex 0.49157276749611 1.4515671730042 0.19799999892712
			vertex 0.48279672861099 1.4384329319 0
		endloop
	endfacet
	facet normal 0.98078520374834 -0.19509070738589 0
		outer loop
			vertex 0.47971498966217 1.4229400157928 0
			vertex 0.48279672861099 1.4384329319 0.19799999892712
			vertex 0.47971498966217 1.4229400157928 0.19799999892712
		endloop
	endfacet
	facet normal 0.83146904047683 -0.55557108881631 0
		outer loop
			vertex 0.48279672861099 1.4384329319 0
			vertex 0.49157276749611 1.4515671730042 0.19799999892712
			vertex 0.48279672861099 1.4384329319 0.19799999892712
		endloop
	endfacet
	facet normal 0 0 -1
		outer loop
			vertex 0.48587846755981 1.4229400157928 0.19799999892712
			vertex 0.48279672861099 1.4384329319 0.19799999892712
			vertex 0.49157276749611 1.4515671730042 0.19799999892712
		endloop
	endfacet
	facet normal 0 0 -1
		outer loop
			vertex 0.48279672861099 1.4106130599976 0.19799999892712
			vertex 0.47971498966217 1.4229400157928 0.19799999892712
			vertex 0.48279672861099 1.4384329319 0.19799999892712
		endloop
	endfacet
	facet normal 0 0 -1
		outer loop
			vertex 0.48279672861099 1.4106130599976 0.19799999892712
			vertex 0.48279672861099 1.4384329319 0.19799999892712
			vertex 0.48587846755981 1.4229400157928 0.19799999892712
		endloop
	endfacet
	facet normal 0 0 -1
		outer loop
			vertex 0.48587846755981 1.4229400157928 0.19799999892712
			vertex 0.49157276749611 1.4515671730042 0.19799999892712
			vertex 0.51410329341888 1.4290367364883 0.19799999892712
		endloop
	endfacet
	facet normal 0 0 -1
		outer loop
			vertex 0.48587846755981 1.4229400157928 0.19799999892712
			vertex 0.51410329341888 1.4290367364883 0.19799999892712
			vertex 0.55761313438416 1.4229400157928 0.19799999892712
		endloop
	endfacet
	facet normal 0.83146904047683 0.55557108881631 -0
		outer loop
			vertex 0.48279672861099 1.0835670232773 0
			vertex 0.48279672861099 1.0835670232773 0.19799999892712
			vertex 0.49157276749611 1.0704327821732 0
		endloop
	endfacet
	facet normal 0.98078549097132 0.19508926341588 -0
		outer loop
			vertex 0.47971498966217 1.0990600585938 0
			vertex 0.47971498966217 1.0990600585938 0.19799999892712
			vertex 0.48279672861099 1.0835670232773 0
		endloop
	endfacet
	facet normal 0.83146904047683 0.55557108881631 -0
		outer loop
			vertex 0.49157276749611 1.0704327821732 0
			vertex 0.48279672861099 1.0835670232773 0.19799999892712
			vertex 0.49157276749611 1.0704327821732 0.19799999892712
		endloop
	endfacet
	facet normal 0.98078549097132 0.19508926341588 -0
		outer loop
			vertex 0.48279672861099 1.0835670232773 0
			vertex 0.47971498966217 1.0990600585938 0.19799999892712
			vertex 0.48279672861099 1.0835670232773 0.19799999892712
		endloop
	endfacet
	facet normal 0 0 -1
		outer loop
			vertex 0.47971498966217 1.0990600585938 0.19799999892712
			vertex 0.49157276749611 1.0704327821732 0.19799999892712
			vertex 0.48279672861099 1.0835670232773 0.19799999892712
		endloop
	endfacet
	facet normal 0 0 -1
		outer loop
			vertex 0.47971498966217 1.0990600585938 0.19799999892712
			vertex 0.52020001411438 1.0990600585938 0.19799999892712
			vertex 0.49157276749611 1.0704327821732 0.19799999892712
		endloop
	endfacet
	facet normal 0.55557065009745 0.83146933361988 -0
		outer loop
			vertex 0.59953278303146 0.96247279644012 0
			vertex 0.59953278303146 0.96247279644012 0.19799999892712
			vertex 0.61266708374023 0.95369672775269 0
		endloop
	endfacet
	facet normal 0.19509070738589 0.98078520374834 -0
		outer loop
			vertex 0.61266708374023 0.95369672775269 0
			vertex 0.61266708374023 0.95369672775269 0.19799999892712
			vertex 0.62815999984741 0.95061498880386 0
		endloop
	endfacet
	facet normal 0.55557065009745 0.83146933361988 -0
		outer loop
			vertex 0.61266708374023 0.95369672775269 0
			vertex 0.59953278303146 0.96247279644012 0.19799999892712
			vertex 0.61266708374023 0.95369672775269 0.19799999892712
		endloop
	endfacet
	facet normal 0.19509070738589 0.98078520374834 -0
		outer loop
			vertex 0.62815999984741 0.95061498880386 0
			vertex 0.61266708374023 0.95369672775269 0.19799999892712
			vertex 0.62815999984741 0.95061498880386 0.19799999892712
		endloop
	endfacet
	facet normal 0 0 -1
		outer loop
			vertex 0.61266708374023 0.95369672775269 0.19799999892712
			vertex 0.62144309282303 0.98438310623169 0.19799999892712
			vertex 0.62815999984741 0.95061498880386 0.19799999892712
		endloop
	endfacet
	facet normal 0 0 -1
		outer loop
			vertex 0.59953278303146 0.96247279644012 0.19799999892712
			vertex 0.62144309282303 0.98438310623169 0.19799999892712
			vertex 0.61266708374023 0.95369672775269 0.19799999892712
		endloop
	endfacet
	facet normal 0 0 -1
		outer loop
			vertex 0.62815999984741 0.95061498880386 0.19799999892712
			vertex 0.62815999984741 1.0285130739212 0.19799999892712
			vertex 0.64365291595459 0.95448821783066 0.19799999892712
		endloop
	endfacet
	facet normal 0 0 -1
		outer loop
			vertex 0.62815999984741 1.0285130739212 0.19799999892712
			vertex 0.6288178563118 1.028311252594 0.19799999892712
			vertex 0.64365291595459 0.95448821783066 0.19799999892712
		endloop
	endfacet
	facet normal 0 0 -1
		outer loop
			vertex 0.62144309282303 0.98438310623169 0.19799999892712
			vertex 0.62815999984741 1.0285130739212 0.19799999892712
			vertex 0.62815999984741 0.95061498880386 0.19799999892712
		endloop
	endfacet
	facet normal -0.19509070738589 0.98078520374834 0
		outer loop
			vertex 0.95204001665115 0.95061498880386 0
			vertex 0.95204001665115 0.95061498880386 0.19799999892712
			vertex 0.96753293275833 0.95369672775269 0
		endloop
	endfacet
	facet normal -0.55557065009745 0.83146933361988 0
		outer loop
			vertex 0.96753293275833 0.95369672775269 0
			vertex 0.96753293275833 0.95369672775269 0.19799999892712
			vertex 0.9806672334671 0.96247279644012 0
		endloop
	endfacet
	facet normal -0.19509070738589 0.98078520374834 0
		outer loop
			vertex 0.96753293275833 0.95369672775269 0
			vertex 0.95204001665115 0.95061498880386 0.19799999892712
			vertex 0.96753293275833 0.95369672775269 0.19799999892712
		endloop
	endfacet
	facet normal -0.55557065009745 0.83146933361988 0
		outer loop
			vertex 0.9806672334671 0.96247279644012 0
			vertex 0.96753293275833 0.95369672775269 0.19799999892712
			vertex 0.9806672334671 0.96247279644012 0.19799999892712
		endloop
	endfacet
	facet normal 0 0 -1
		outer loop
			vertex 0.95204001665115 0.95061498880386 0.19799999892712
			vertex 0.95204001665115 0.99110001325607 0.19799999892712
			vertex 0.9806672334671 0.96247279644012 0.19799999892712
		endloop
	endfacet
	facet normal 0 0 -1
		outer loop
			vertex 0.95204001665115 0.95061498880386 0.19799999892712
			vertex 0.9806672334671 0.96247279644012 0.19799999892712
			vertex 0.96753293275833 0.95369672775269 0.19799999892712
		endloop
	endfacet
	facet normal -0.83146816895758 0.55557239313192 0
		outer loop
			vertex 1.0886272192001 1.0704327821732 0
			vertex 1.0886272192001 1.0704327821732 0.19799999892712
			vertex 1.0974032878876 1.0835670232773 0
		endloop
	endfacet
	facet normal -0.9807862129449 0.195085633754 0
		outer loop
			vertex 1.0974032878876 1.0835670232773 0
			vertex 1.0974032878876 1.0835670232773 0.19799999892712
			vertex 1.1004849672318 1.0990600585938 0
		endloop
	endfacet
	facet normal 0.55557239313192 -0.83146816895758 0
		outer loop
			vertex 1.0313727855682 1.1276872158051 0
			vertex 1.0445070266724 1.1364632844925 0
			vertex 1.0445070266724 1.1364632844925 0.19799999892712
		endloop
	endfacet
	facet normal 0.19508707769927 -0.9807859257324 0
		outer loop
			vertex 1.0445070266724 1.1364632844925 0
			vertex 1.0599999427795 1.1395449638367 0
			vertex 1.0599999427795 1.1395449638367 0.19799999892712
		endloop
	endfacet
	facet normal -0.195085633754 -0.9807862129449 0
		outer loop
			vertex 1.0599999427795 1.1395449638367 0
			vertex 1.075492978096 1.1364632844925 0
			vertex 1.075492978096 1.1364632844925 0.19799999892712
		endloop
	endfacet
	facet normal -0.83146816895758 -0.55557239313192 0
		outer loop
			vertex 1.0886272192001 1.1276872158051 0
			vertex 1.0974032878876 1.1145529747009 0
			vertex 1.0974032878876 1.1145529747009 0.19799999892712
		endloop
	endfacet
	facet normal -0.9807859257324 -0.19508707769927 0
		outer loop
			vertex 1.1004849672318 1.0990600585938 0
			vertex 1.1004849672318 1.0990600585938 0.19799999892712
			vertex 1.0974032878876 1.1145529747009 0
		endloop
	endfacet
	facet normal -0.55557239313192 -0.83146816895758 0
		outer loop
			vertex 1.075492978096 1.1364632844925 0
			vertex 1.0886272192001 1.1276872158051 0
			vertex 1.0886272192001 1.1276872158051 0.19799999892712
		endloop
	endfacet
	facet normal -0.83146816895758 0.55557239313192 0
		outer loop
			vertex 1.0974032878876 1.0835670232773 0
			vertex 1.0886272192001 1.0704327821732 0.19799999892712
			vertex 1.0974032878876 1.0835670232773 0.19799999892712
		endloop
	endfacet
	facet normal -0.9807862129449 0.195085633754 0
		outer loop
			vertex 1.1004849672318 1.0990600585938 0
			vertex 1.0974032878876 1.0835670232773 0.19799999892712
			vertex 1.1004849672318 1.0990600585938 0.19799999892712
		endloop
	endfacet
	facet normal 0.55557239313192 -0.83146816895758 0
		outer loop
			vertex 1.0313727855682 1.1276872158051 0
			vertex 1.0445070266724 1.1364632844925 0.19799999892712
			vertex 1.0313727855682 1.1276872158051 0.19799999892712
		endloop
	endfacet
	facet normal 0.19508707769927 -0.9807859257324 0
		outer loop
			vertex 1.0445070266724 1.1364632844925 0
			vertex 1.0599999427795 1.1395449638367 0.19799999892712
			vertex 1.0445070266724 1.1364632844925 0.19799999892712
		endloop
	endfacet
	facet normal -0.195085633754 -0.9807862129449 0
		outer loop
			vertex 1.0599999427795 1.1395449638367 0
			vertex 1.075492978096 1.1364632844925 0.19799999892712
			vertex 1.0599999427795 1.1395449638367 0.19799999892712
		endloop
	endfacet
	facet normal -0.55557239313192 -0.83146816895758 0
		outer loop
			vertex 1.075492978096 1.1364632844925 0
			vertex 1.0886272192001 1.1276872158051 0.19799999892712
			vertex 1.075492978096 1.1364632844925 0.19799999892712
		endloop
	endfacet
	facet normal -0.9807859257324 -0.19508707769927 0
		outer loop
			vertex 1.0974032878876 1.1145529747009 0
			vertex 1.1004849672318 1.0990600585938 0.19799999892712
			vertex 1.0974032878876 1.1145529747009 0.19799999892712
		endloop
	endfacet
	facet normal -0.83146816895758 -0.55557239313192 0
		outer loop
			vertex 1.0886272192001 1.1276872158051 0
			vertex 1.0974032878876 1.1145529747009 0.19799999892712
			vertex 1.0886272192001 1.1276872158051 0.19799999892712
		endloop
	endfacet
	facet normal 0 0 -1
		outer loop
			vertex 1.0974032878876 1.0835670232773 0.19799999892712
			vertex 1.0974032878876 1.1145529747009 0.19799999892712
			vertex 1.1004849672318 1.0990600585938 0.19799999892712
		endloop
	endfacet
	facet normal 0 0 -1
		outer loop
			vertex 1.0886272192001 1.0704327821732 0.19799999892712
			vertex 1.0886272192001 1.1276872158051 0.19799999892712
			vertex 1.0974032878876 1.0835670232773 0.19799999892712
		endloop
	endfacet
	facet normal 0 0 -1
		outer loop
			vertex 1.0313727855682 1.1276872158051 0.19799999892712
			vertex 1.0445070266724 1.1364632844925 0.19799999892712
			vertex 1.0599999427795 1.1395449638367 0.19799999892712
		endloop
	endfacet
	facet normal 0 0 -1
		outer loop
			vertex 1.0313727855682 1.1276872158051 0.19799999892712
			vertex 1.0599999427795 1.1395449638367 0.19799999892712
			vertex 1.075492978096 1.1364632844925 0.19799999892712
		endloop
	endfacet
	facet normal 0 0 -1
		outer loop
			vertex 1.0886272192001 1.0704327821732 0.19799999892712
			vertex 1.0313727855682 1.1276872158051 0.19799999892712
			vertex 1.075492978096 1.1364632844925 0.19799999892712
		endloop
	endfacet
	facet normal 0 0 -1
		outer loop
			vertex 1.0886272192001 1.0704327821732 0.19799999892712
			vertex 1.075492978096 1.1364632844925 0.19799999892712
			vertex 1.0886272192001 1.1276872158051 0.19799999892712
		endloop
	endfacet
	facet normal 0 0 -1
		outer loop
			vertex 1.0974032878876 1.0835670232773 0.19799999892712
			vertex 1.0886272192001 1.1276872158051 0.19799999892712
			vertex 1.0974032878876 1.1145529747009 0.19799999892712
		endloop
	endfacet
	facet normal 0.70710678118655 -0.70710678118655 0
		outer loop
			vertex 1.1393327713013 1.4515671730042 0
			vertex 1.2472927570343 1.5595271587372 0
			vertex 1.2472927570343 1.5595271587372 0.19799999892712
		endloop
	endfacet
	facet normal -0.70710628089397 0.70710728147878 0
		outer loop
			vertex 1.2084449529648 1.4061706066132 0
			vertex 1.2084449529648 1.4061706066132 0.19799999892712
			vertex 1.2926894426346 1.4904149770737 0
		endloop
	endfacet
	facet normal 0.70710678118655 -0.70710678118655 0
		outer loop
			vertex 1.1393327713013 1.4515671730042 0
			vertex 1.2472927570343 1.5595271587372 0.19799999892712
			vertex 1.1393327713013 1.4515671730042 0.19799999892712
		endloop
	endfacet
	facet normal -0.70710628089397 0.70710728147878 0
		outer loop
			vertex 1.2926894426346 1.4904149770737 0
			vertex 1.2084449529648 1.4061706066132 0.19799999892712
			vertex 1.2926894426346 1.4904149770737 0.19799999892712
		endloop
	endfacet
	facet normal 0 0 -1
		outer loop
			vertex 1.200003027916 1.397728562355 0.19799999892712
			vertex 1.2053731679916 1.4229400157928 0.19799999892712
			vertex 1.2084449529648 1.4061706066132 0.19799999892712
		endloop
	endfacet
	facet normal 0 0 -1
		outer loop
			vertex 1.1393327713013 1.4515671730042 0.19799999892712
			vertex 1.2053731679916 1.4229400157928 0.19799999892712
			vertex 1.1659129858017 1.424987077713 0.19799999892712
		endloop
	endfacet
	facet normal 0 0 -1
		outer loop
			vertex 1.1393327713013 1.4515671730042 0.19799999892712
			vertex 1.2759200334549 1.5309000015259 0.19799999892712
			vertex 1.2053731679916 1.4229400157928 0.19799999892712
		endloop
	endfacet
	facet normal 0 0 -1
		outer loop
			vertex 1.1393327713013 1.4515671730042 0.19799999892712
			vertex 1.2472927570343 1.5595271587372 0.19799999892712
			vertex 1.2604271173477 1.5463929176331 0.19799999892712
		endloop
	endfacet
	facet normal 0 0 -1
		outer loop
			vertex 1.2084449529648 1.4061706066132 0.19799999892712
			vertex 1.2053731679916 1.4229400157928 0.19799999892712
			vertex 1.2926894426346 1.4904149770737 0.19799999892712
		endloop
	endfacet
	facet normal 0 0 -1
		outer loop
			vertex 1.2053731679916 1.4229400157928 0.19799999892712
			vertex 1.2759200334549 1.5309000015259 0.19799999892712
			vertex 1.2926894426346 1.4904149770737 0.19799999892712
		endloop
	endfacet
	facet normal 0 0 -1
		outer loop
			vertex 1.1393327713013 1.4515671730042 0.19799999892712
			vertex 1.2604271173477 1.5463929176331 0.19799999892712
			vertex 1.2658674716949 1.5409525632858 0.19799999892712
		endloop
	endfacet
	facet normal 0 0 -1
		outer loop
			vertex 1.1393327713013 1.4515671730042 0.19799999892712
			vertex 1.2658674716949 1.5409525632858 0.19799999892712
			vertex 1.2759200334549 1.5309000015259 0.19799999892712
		endloop
	endfacet
	facet normal 0 0 -1
		outer loop
			vertex 1.2759200334549 1.5309000015259 0.19799999892712
			vertex 1.2982792854309 1.49600481987 0.19799999892712
			vertex 1.2926894426346 1.4904149770737 0.19799999892712
		endloop
	endfacet
	facet normal 1 0 0
		outer loop
			vertex 1.1274750232697 1.3149800300598 0
			vertex 1.1274750232697 1.4229400157928 0
			vertex 1.1274750232697 1.4229400157928 0.19799999892712
		endloop
	endfacet
	facet normal -1 0 0
		outer loop
			vertex 1.2084449529648 1.3317494392395 0
			vertex 1.2084449529648 1.3317494392395 0.19799999892712
			vertex 1.2084449529648 1.4061706066132 0
		endloop
	endfacet
	facet normal 1 0 0
		outer loop
			vertex 1.1274750232697 1.3149800300598 0
			vertex 1.1274750232697 1.4229400157928 0.19799999892712
			vertex 1.1274750232697 1.3149800300598 0.19799999892712
		endloop
	endfacet
	facet normal -1 0 0
		outer loop
			vertex 1.2084449529648 1.4061706066132 0
			vertex 1.2084449529648 1.3317494392395 0.19799999892712
			vertex 1.2084449529648 1.4061706066132 0.19799999892712
		endloop
	endfacet
	facet normal 0 0 -1
		outer loop
			vertex 1.1679600477219 1.3149800300598 0.19799999892712
			vertex 1.183452963829 1.3483027219772 0.19799999892712
			vertex 1.1783277988434 1.3253477811813 0.19799999892712
		endloop
	endfacet
	facet normal 0 0 -1
		outer loop
			vertex 1.1910942792892 1.3381142616272 0.19799999892712
			vertex 1.2084449529648 1.3317494392395 0.19799999892712
			vertex 1.2084449529648 1.3274912834167 0.19799999892712
		endloop
	endfacet
	facet normal 0 0 -1
		outer loop
			vertex 1.1274750232697 1.3149800300598 0.19799999892712
			vertex 1.1524670124054 1.3896172046661 0.19799999892712
			vertex 1.1679600477219 1.3149800300598 0.19799999892712
		endloop
	endfacet
	facet normal 0 0 -1
		outer loop
			vertex 1.1274750232697 1.3149800300598 0.19799999892712
			vertex 1.1274750232697 1.4229400157928 0.19799999892712
			vertex 1.1524670124054 1.3896172046661 0.19799999892712
		endloop
	endfacet
	facet normal 0 0 -1
		outer loop
			vertex 1.1524670124054 1.3896172046661 0.19799999892712
			vertex 1.183452963829 1.3483027219772 0.19799999892712
			vertex 1.1679600477219 1.3149800300598 0.19799999892712
		endloop
	endfacet
	facet normal 0 0 -1
		outer loop
			vertex 1.1524670124054 1.3896172046661 0.19799999892712
			vertex 1.1599069833755 1.4229400157928 0.19799999892712
			vertex 1.183452963829 1.3483027219772 0.19799999892712
		endloop
	endfacet
	facet normal 0 0 -1
		outer loop
			vertex 1.1910942792892 1.3381142616272 0.19799999892712
			vertex 1.183452963829 1.3483027219772 0.19799999892712
			vertex 1.200003027916 1.397728562355 0.19799999892712
		endloop
	endfacet
	facet normal 0 0 -1
		outer loop
			vertex 1.1910942792892 1.3381142616272 0.19799999892712
			vertex 1.2084449529648 1.4061706066132 0.19799999892712
			vertex 1.2084449529648 1.3317494392395 0.19799999892712
		endloop
	endfacet
	facet normal 0 0 -1
		outer loop
			vertex 1.183452963829 1.3483027219772 0.19799999892712
			vertex 1.1599069833755 1.4229400157928 0.19799999892712
			vertex 1.200003027916 1.397728562355 0.19799999892712
		endloop
	endfacet
	facet normal 0 0 -1
		outer loop
			vertex 1.200003027916 1.397728562355 0.19799999892712
			vertex 1.1599069833755 1.4229400157928 0.19799999892712
			vertex 1.2053731679916 1.4229400157928 0.19799999892712
		endloop
	endfacet
	facet normal 0 0 -1
		outer loop
			vertex 1.1910942792892 1.3381142616272 0.19799999892712
			vertex 1.200003027916 1.397728562355 0.19799999892712
			vertex 1.2084449529648 1.4061706066132 0.19799999892712
		endloop
	endfacet
	facet normal 0.70710624991977 0.70710731245292 0
		outer loop
			vertex 1.218665599823 1.2070200443268 0
			vertex 1.1393327713013 1.2863527536392 0
			vertex 1.1393327713013 1.2863527536392 0.19799999892712
		endloop
	endfacet
	facet normal -0.70710678118655 -0.70710678118655 0
		outer loop
			vertex 1.2868546247482 1.2533397674561 0
			vertex 1.2868546247482 1.2533397674561 0.19799999892712
			vertex 1.2084449529648 1.3317494392395 0
		endloop
	endfacet
	facet normal 0.70710624991977 0.70710731245292 -0
		outer loop
			vertex 1.218665599823 1.2070200443268 0
			vertex 1.1393327713013 1.2863527536392 0.19799999892712
			vertex 1.218665599823 1.2070200443268 0.19799999892712
		endloop
	endfacet
	facet normal -0.70710678118655 -0.70710678118655 0
		outer loop
			vertex 1.2084449529648 1.3317494392395 0
			vertex 1.2868546247482 1.2533397674561 0.19799999892712
			vertex 1.2084449529648 1.3317494392395 0.19799999892712
		endloop
	endfacet
	facet normal 0 0 -1
		outer loop
			vertex 1.218665599823 1.2070200443268 0.19799999892712
			vertex 1.1393327713013 1.2863527536392 0.19799999892712
			vertex 1.2486726045609 1.2287101745605 0.19799999892712
		endloop
	endfacet
	facet normal 0 0 -1
		outer loop
			vertex 1.2486726045609 1.2287101745605 0.19799999892712
			vertex 1.1393327713013 1.2863527536392 0.19799999892712
			vertex 1.2677015066147 1.2469553947449 0.19799999892712
		endloop
	endfacet
	facet normal 0 0 -1
		outer loop
			vertex 1.218665599823 1.2070200443268 0.19799999892712
			vertex 1.2486726045609 1.2287101745605 0.19799999892712
			vertex 1.251869559288 1.2126383781433 0.19799999892712
		endloop
	endfacet
	facet normal 0 0 -1
		outer loop
			vertex 1.218665599823 1.2070200443268 0.19799999892712
			vertex 1.251869559288 1.2126383781433 0.19799999892712
			vertex 1.2338473796844 1.191838145256 0.19799999892712
		endloop
	endfacet
	facet normal 0 0 -1
		outer loop
			vertex 1.2759200334549 1.2070200443268 0.19799999892712
			vertex 1.2604271173477 1.222512960434 0.19799999892712
			vertex 1.2604271173477 1.2225171327591 0.19799999892712
		endloop
	endfacet
	facet normal 0 0 -1
		outer loop
			vertex 1.2486726045609 1.2287101745605 0.19799999892712
			vertex 1.2677015066147 1.2469553947449 0.19799999892712
			vertex 1.2604271173477 1.2225171327591 0.19799999892712
		endloop
	endfacet
	facet normal 0 0 -1
		outer loop
			vertex 1.2759200334549 1.2070200443268 0.19799999892712
			vertex 1.2604271173477 1.2225171327591 0.19799999892712
			vertex 1.2677015066147 1.2469553947449 0.19799999892712
		endloop
	endfacet
	facet normal 0 0 -1
		outer loop
			vertex 1.2677015066147 1.2469553947449 0.19799999892712
			vertex 1.1393327713013 1.2863527536392 0.19799999892712
			vertex 1.1679600477219 1.3149800300598 0.19799999892712
		endloop
	endfacet
	facet normal 0 0 -1
		outer loop
			vertex 1.2677015066147 1.2469553947449 0.19799999892712
			vertex 1.1679600477219 1.3149800300598 0.19799999892712
			vertex 1.1783277988434 1.3253477811813 0.19799999892712
		endloop
	endfacet
	facet normal 0 0 -1
		outer loop
			vertex 1.2677015066147 1.2469553947449 0.19799999892712
			vertex 1.1783277988434 1.3253477811813 0.19799999892712
			vertex 1.2084449529648 1.3274912834167 0.19799999892712
		endloop
	endfacet
	facet normal 0 0 -1
		outer loop
			vertex 1.1783277988434 1.3253477811813 0.19799999892712
			vertex 1.1910942792892 1.3381142616272 0.19799999892712
			vertex 1.2084449529648 1.3274912834167 0.19799999892712
		endloop
	endfacet
	facet normal 0 0 -1
		outer loop
			vertex 1.2677015066147 1.2469553947449 0.19799999892712
			vertex 1.2084449529648 1.3317494392395 0.19799999892712
			vertex 1.2868546247482 1.2533397674561 0.19799999892712
		endloop
	endfacet
	facet normal 0 0 -1
		outer loop
			vertex 1.2677015066147 1.2469553947449 0.19799999892712
			vertex 1.2084449529648 1.3274912834167 0.19799999892712
			vertex 1.2084449529648 1.3317494392395 0.19799999892712
		endloop
	endfacet
	facet normal 0 1 0
		outer loop
			vertex 1.2926894426346 1.1665350198746 0
			vertex 1.2926894426346 1.1665350198746 0.19799999892712
			vertex 1.5830305814743 1.1665350198746 0
		endloop
	endfacet
	facet normal 0 -1 0
		outer loop
			vertex 1.5253998041153 1.2475049495697 0
			vertex 1.599799990654 1.2475049495697 0
			vertex 1.599799990654 1.2475049495697 0.19799999892712
		endloop
	endfacet
	facet normal 0 1 -0
		outer loop
			vertex 1.5830305814743 1.1665350198746 0
			vertex 1.2926894426346 1.1665350198746 0.19799999892712
			vertex 1.5830305814743 1.1665350198746 0.19799999892712
		endloop
	endfacet
	facet normal 0 -1 0
		outer loop
			vertex 1.5253998041153 1.2475049495697 0
			vertex 1.599799990654 1.2475049495697 0.19799999892712
			vertex 1.5253998041153 1.2475049495697 0.19799999892712
		endloop
	endfacet
	facet normal 0 0 -1
		outer loop
			vertex 1.2977945804596 1.1728811264038 0.19799999892712
			vertex 1.2875983715057 1.1887941360474 0.19799999892712
			vertex 1.2837775945663 1.2080022096634 0.19799999892712
		endloop
	endfacet
	facet normal 0 0 -1
		outer loop
			vertex 1.2977945804596 1.1728811264038 0.19799999892712
			vertex 1.5806349515915 1.1689306497574 0.19799999892712
			vertex 1.2992075681686 1.1721075773239 0.19799999892712
		endloop
	endfacet
	facet normal 0 0 -1
		outer loop
			vertex 1.2977892160416 1.1716347932816 0.19799999892712
			vertex 1.2992075681686 1.1721075773239 0.19799999892712
			vertex 1.5830305814743 1.1665350198746 0.19799999892712
		endloop
	endfacet
	facet normal 0 0 -1
		outer loop
			vertex 1.2926894426346 1.1665350198746 0.19799999892712
			vertex 1.2977892160416 1.1716347932816 0.19799999892712
			vertex 1.5830305814743 1.1665350198746 0.19799999892712
		endloop
	endfacet
	facet normal 0 0 -1
		outer loop
			vertex 1.2977945804596 1.1728811264038 0.19799999892712
			vertex 1.2837775945663 1.2080022096634 0.19799999892712
			vertex 1.5806349515915 1.1689306497574 0.19799999892712
		endloop
	endfacet
	facet normal 0 0 -1
		outer loop
			vertex 1.2992075681686 1.1721075773239 0.19799999892712
			vertex 1.5806349515915 1.1689306497574 0.19799999892712
			vertex 1.5830305814743 1.1665350198746 0.19799999892712
		endloop
	endfacet
	facet normal 0 0 -1
		outer loop
			vertex 1.2837775945663 1.2080022096634 0.19799999892712
			vertex 1.4045132398605 1.2230941057205 0.19799999892712
			vertex 1.5806349515915 1.1689306497574 0.19799999892712
		endloop
	endfacet
	facet normal 0 0 -1
		outer loop
			vertex 1.4045132398605 1.2230941057205 0.19799999892712
			vertex 1.599799990654 1.2475049495697 0.19799999892712
			vertex 1.5806349515915 1.1689306497574 0.19799999892712
		endloop
	endfacet
	facet normal 0 0 -1
		outer loop
			vertex 1.4045132398605 1.2230941057205 0.19799999892712
			vertex 1.5253998041153 1.2475049495697 0.19799999892712
			vertex 1.599799990654 1.2475049495697 0.19799999892712
		endloop
	endfacet
	facet normal 0 0 -1
		outer loop
			vertex 1.5806349515915 1.1689306497574 0.19799999892712
			vertex 1.599799990654 1.2475049495697 0.19799999892712
			vertex 1.599799990654 1.169606924057 0.19799999892712
		endloop
	endfacet
	facet normal 0.70710728147878 0.70710628089397 -0
		outer loop
			vertex 1.5830305814743 1.1665350198746 0
			vertex 1.5830305814743 1.1665350198746 0.19799999892712
			vertex 1.6672749519348 1.0822905302048 0
		endloop
	endfacet
	facet normal -0.70710678118655 -0.70710678118655 0
		outer loop
			vertex 1.6284272670746 1.2356472015381 0
			vertex 1.7363872528076 1.1276872158051 0
			vertex 1.7363872528076 1.1276872158051 0.19799999892712
		endloop
	endfacet
	facet normal 0.70710728147878 0.70710628089397 -0
		outer loop
			vertex 1.6672749519348 1.0822905302048 0
			vertex 1.5830305814743 1.1665350198746 0.19799999892712
			vertex 1.6672749519348 1.0822905302048 0.19799999892712
		endloop
	endfacet
	facet normal -0.70710678118655 -0.70710678118655 0
		outer loop
			vertex 1.6284272670746 1.2356472015381 0
			vertex 1.7363872528076 1.1276872158051 0.19799999892712
			vertex 1.6284272670746 1.2356472015381 0.19799999892712
		endloop
	endfacet
	facet normal 0 0 -1
		outer loop
			vertex 1.6672749519348 1.0822905302048 0.19799999892712
			vertex 1.6973922252655 1.0886921882629 0.19799999892712
			vertex 1.6846257448196 1.0759257078171 0.19799999892712
		endloop
	endfacet
	facet normal 0 0 -1
		outer loop
			vertex 1.5806349515915 1.1689306497574 0.19799999892712
			vertex 1.599799990654 1.169606924057 0.19799999892712
			vertex 1.5830305814743 1.1665350198746 0.19799999892712
		endloop
	endfacet
	facet normal 0 0 -1
		outer loop
			vertex 1.5830305814743 1.1665350198746 0.19799999892712
			vertex 1.599799990654 1.169606924057 0.19799999892712
			vertex 1.6672749519348 1.0822905302048 0.19799999892712
		endloop
	endfacet
	facet normal 0 0 -1
		outer loop
			vertex 1.599799990654 1.169606924057 0.19799999892712
			vertex 1.6973922252655 1.0886921882629 0.19799999892712
			vertex 1.6672749519348 1.0822905302048 0.19799999892712
		endloop
	endfacet
	facet normal 0 0 -1
		outer loop
			vertex 1.599799990654 1.169606924057 0.19799999892712
			vertex 1.707759976387 1.0990600585938 0.19799999892712
			vertex 1.6973922252655 1.0886921882629 0.19799999892712
		endloop
	endfacet
	facet normal 0 0 -1
		outer loop
			vertex 1.599799990654 1.169606924057 0.19799999892712
			vertex 1.7363872528076 1.1276872158051 0.19799999892712
			vertex 1.707759976387 1.0990600585938 0.19799999892712
		endloop
	endfacet
	facet normal 0 0 -1
		outer loop
			vertex 1.599799990654 1.169606924057 0.19799999892712
			vertex 1.6284272670746 1.2356472015381 0.19799999892712
			vertex 1.7363872528076 1.1276872158051 0.19799999892712
		endloop
	endfacet
	facet normal 0 0 -1
		outer loop
			vertex 1.599799990654 1.169606924057 0.19799999892712
			vertex 1.6065168380737 1.2137368917465 0.19799999892712
			vertex 1.6284272670746 1.2356472015381 0.19799999892712
		endloop
	endfacet
	facet normal 1 0 0
		outer loop
			vertex 1.6672749519348 1.0161211490631 0
			vertex 1.6672749519348 1.0822905302048 0
			vertex 1.6672749519348 1.0822905302048 0.19799999892712
		endloop
	endfacet
	facet normal -1 0 0
		outer loop
			vertex 1.7482450008392 0.99110001325607 0
			vertex 1.7482450008392 0.99110001325607 0.19799999892712
			vertex 1.7482450008392 1.0990600585938 0
		endloop
	endfacet
	facet normal 1 0 0
		outer loop
			vertex 1.6672749519348 1.0161211490631 0
			vertex 1.6672749519348 1.0822905302048 0.19799999892712
			vertex 1.6672749519348 1.0161211490631 0.19799999892712
		endloop
	endfacet
	facet normal -1 0 0
		outer loop
			vertex 1.7482450008392 1.0990600585938 0
			vertex 1.7482450008392 0.99110001325607 0.19799999892712
			vertex 1.7482450008392 1.0990600585938 0.19799999892712
		endloop
	endfacet
	facet normal 0 0 -1
		outer loop
			vertex 1.6691002845764 0.99110001325607 0.19799999892712
			vertex 1.6773380041122 1.0211526155472 0.19799999892712
			vertex 1.715812921524 0.99110001325607 0.19799999892712
		endloop
	endfacet
	facet normal 0 0 -1
		outer loop
			vertex 1.6672749519348 1.0161211490631 0.19799999892712
			vertex 1.6846257448196 1.0759257078171 0.19799999892712
			vertex 1.6773380041122 1.0211526155472 0.19799999892712
		endloop
	endfacet
	facet normal 0 0 -1
		outer loop
			vertex 1.6672749519348 1.0161211490631 0.19799999892712
			vertex 1.6672749519348 1.0822905302048 0.19799999892712
			vertex 1.6846257448196 1.0759257078171 0.19799999892712
		endloop
	endfacet
	facet normal 0 0 -1
		outer loop
			vertex 1.6773380041122 1.0211526155472 0.19799999892712
			vertex 1.6846257448196 1.0759257078171 0.19799999892712
			vertex 1.6922670602798 1.065737247467 0.19799999892712
		endloop
	endfacet
	facet normal 0 0 -1
		outer loop
			vertex 1.6773380041122 1.0211526155472 0.19799999892712
			vertex 1.6922670602798 1.065737247467 0.19799999892712
			vertex 1.715812921524 0.99110001325607 0.19799999892712
		endloop
	endfacet
	facet normal 0 0 -1
		outer loop
			vertex 1.715812921524 0.99110001325607 0.19799999892712
			vertex 1.6922670602798 1.065737247467 0.19799999892712
			vertex 1.7232528924942 1.0244227647781 0.19799999892712
		endloop
	endfacet
	facet normal 0 0 -1
		outer loop
			vertex 1.7232528924942 1.0244227647781 0.19799999892712
			vertex 1.6922670602798 1.065737247467 0.19799999892712
			vertex 1.707759976387 1.0990600585938 0.19799999892712
		endloop
	endfacet
	facet normal 0 0 -1
		outer loop
			vertex 1.6922670602798 1.065737247467 0.19799999892712
			vertex 1.6973922252655 1.0886921882629 0.19799999892712
			vertex 1.707759976387 1.0990600585938 0.19799999892712
		endloop
	endfacet
	facet normal 0 0 -1
		outer loop
			vertex 1.7232528924942 1.0244227647781 0.19799999892712
			vertex 1.707759976387 1.0990600585938 0.19799999892712
			vertex 1.7482450008392 1.0990600585938 0.19799999892712
		endloop
	endfacet
	facet normal 0 0 -1
		outer loop
			vertex 1.7232528924942 1.0244227647781 0.19799999892712
			vertex 1.7482450008392 1.0990600585938 0.19799999892712
			vertex 1.7482450008392 0.99110001325607 0.19799999892712
		endloop
	endfacet
	facet normal 0.89435004530808 0.44736785362543 0
		outer loop
			vertex 1.617905497551 0.9009091258049 0
			vertex 1.6176980733871 0.9013237953186 0
			vertex 1.6176980733871 0.9013237953186 0.19799999892712
		endloop
	endfacet
	facet normal -0.44721359549996 0.89442719099992 0
		outer loop
			vertex 1.617905497551 0.9009091258049 0
			vertex 1.725865483284 0.95488911867142 0.19799999892712
			vertex 1.725865483284 0.95488911867142 0
		endloop
	endfacet
	facet normal 0.44721414915917 -0.89442691417009 0
		outer loop
			vertex 1.5902427434921 0.97760498523712 0
			vertex 1.6672749519348 1.0161211490631 0
			vertex 1.6672749519348 1.0161211490631 0.19799999892712
		endloop
	endfacet
	facet normal -0.89435004530808 -0.44736785362543 0
		outer loop
			vertex 1.7256580591202 0.95530378818512 0
			vertex 1.725865483284 0.95488911867142 0
			vertex 1.725865483284 0.95488911867142 0.19799999892712
		endloop
	endfacet
	facet normal 0.89435004530808 0.44736785362543 -0
		outer loop
			vertex 1.617905497551 0.9009091258049 0
			vertex 1.6176980733871 0.9013237953186 0.19799999892712
			vertex 1.617905497551 0.9009091258049 0.19799999892712
		endloop
	endfacet
	facet normal -0.44721359549996 0.89442719099992 0
		outer loop
			vertex 1.617905497551 0.9009091258049 0
			vertex 1.617905497551 0.9009091258049 0.19799999892712
			vertex 1.725865483284 0.95488911867142 0.19799999892712
		endloop
	endfacet
	facet normal 0.44721414915917 -0.89442691417009 0
		outer loop
			vertex 1.5902427434921 0.97760498523712 0
			vertex 1.6672749519348 1.0161211490631 0.19799999892712
			vertex 1.5902427434921 0.97760498523712 0.19799999892712
		endloop
	endfacet
	facet normal -0.89435004530808 -0.44736785362543 0
		outer loop
			vertex 1.7256580591202 0.95530378818512 0
			vertex 1.725865483284 0.95488911867142 0.19799999892712
			vertex 1.7256580591202 0.95530378818512 0.19799999892712
		endloop
	endfacet
	facet normal 0 0 -1
		outer loop
			vertex 1.6176980733871 0.9013237953186 0.19799999892712
			vertex 1.6184113025665 0.90180039405823 0.19799999892712
			vertex 1.617905497551 0.9009091258049 0.19799999892712
		endloop
	endfacet
	facet normal 0 0 -1
		outer loop
			vertex 1.599799990654 0.93712002038956 0.19799999892712
			vertex 1.6268138885498 0.91660332679749 0.19799999892712
			vertex 1.6152929067612 0.90613412857056 0.19799999892712
		endloop
	endfacet
	facet normal 0 0 -1
		outer loop
			vertex 1.599799990654 0.93712002038956 0.19799999892712
			vertex 1.5902427434921 0.97760498523712 0.19799999892712
			vertex 1.6268138885498 0.91660332679749 0.19799999892712
		endloop
	endfacet
	facet normal 0 0 -1
		outer loop
			vertex 1.6184113025665 0.90180039405823 0.19799999892712
			vertex 1.6268138885498 0.91660332679749 0.19799999892712
			vertex 1.725865483284 0.95488911867142 0.19799999892712
		endloop
	endfacet
	facet normal 0 -0 -1
		outer loop
			vertex 1.6184113025665 0.90180039405823 0.19799999892712
			vertex 1.725865483284 0.95488911867142 0.19799999892712
			vertex 1.617905497551 0.9009091258049 0.19799999892712
		endloop
	endfacet
	facet normal 0 0 -1
		outer loop
			vertex 1.6268138885498 0.91660332679749 0.19799999892712
			vertex 1.7256580591202 0.95530378818512 0.19799999892712
			vertex 1.725865483284 0.95488911867142 0.19799999892712
		endloop
	endfacet
	facet normal 0 0 -1
		outer loop
			vertex 1.6268138885498 0.91660332679749 0.19799999892712
			vertex 1.5902427434921 0.97760498523712 0.19799999892712
			vertex 1.6677486896515 0.9887188076973 0.19799999892712
		endloop
	endfacet
	facet normal 0 0 -1
		outer loop
			vertex 1.5902427434921 0.97760498523712 0.19799999892712
			vertex 1.6672749519348 1.0161211490631 0.19799999892712
			vertex 1.6691002845764 0.99110001325607 0.19799999892712
		endloop
	endfacet
	facet normal 0 0 -1
		outer loop
			vertex 1.5902427434921 0.97760498523712 0.19799999892712
			vertex 1.6691002845764 0.99110001325607 0.19799999892712
			vertex 1.6677486896515 0.9887188076973 0.19799999892712
		endloop
	endfacet
	facet normal 0 0 -1
		outer loop
			vertex 1.6268138885498 0.91660332679749 0.19799999892712
			vertex 1.6677486896515 0.9887188076973 0.19799999892712
			vertex 1.708932518959 0.98875492811203 0.19799999892712
		endloop
	endfacet
	facet normal 0 0 -1
		outer loop
			vertex 1.6268138885498 0.91660332679749 0.19799999892712
			vertex 1.708932518959 0.98875492811203 0.19799999892712
			vertex 1.7256580591202 0.95530378818512 0.19799999892712
		endloop
	endfacet
	facet normal 0 0 -1
		outer loop
			vertex 1.6691002845764 0.99110001325607 0.19799999892712
			vertex 1.6672749519348 1.0161211490631 0.19799999892712
			vertex 1.6773380041122 1.0211526155472 0.19799999892712
		endloop
	endfacet
	facet normal 0 1 0
		outer loop
			vertex 1.2759200334549 0.89663499593735 0
			vertex 1.2759200334549 0.89663499593735 0.19799999892712
			vertex 1.599799990654 0.89663499593735 0
		endloop
	endfacet
	facet normal 0 -1 0
		outer loop
			vertex 1.2854771614075 0.97760498523712 0
			vertex 1.5902427434921 0.97760498523712 0
			vertex 1.5902427434921 0.97760498523712 0.19799999892712
		endloop
	endfacet
	facet normal 0 1 -0
		outer loop
			vertex 1.599799990654 0.89663499593735 0
			vertex 1.2759200334549 0.89663499593735 0.19799999892712
			vertex 1.599799990654 0.89663499593735 0.19799999892712
		endloop
	endfacet
	facet normal 0 -1 0
		outer loop
			vertex 1.2854771614075 0.97760498523712 0
			vertex 1.5902427434921 0.97760498523712 0.19799999892712
			vertex 1.2854771614075 0.97760498523712 0.19799999892712
		endloop
	endfacet
	facet normal 0 0 -1
		outer loop
			vertex 1.2759200334549 0.89663499593735 0.19799999892712
			vertex 1.2914129495621 0.90050822496414 0.19799999892712
			vertex 1.599799990654 0.89663499593735 0.19799999892712
		endloop
	endfacet
	facet normal 0 0 -1
		outer loop
			vertex 1.2914129495621 0.90050822496414 0.19799999892712
			vertex 1.2933579683304 0.97324550151825 0.19799999892712
			vertex 1.599799990654 0.89663499593735 0.19799999892712
		endloop
	endfacet
	facet normal 0 0 -1
		outer loop
			vertex 1.2933579683304 0.97324550151825 0.19799999892712
			vertex 1.599799990654 0.93712002038956 0.19799999892712
			vertex 1.599799990654 0.89663499593735 0.19799999892712
		endloop
	endfacet
	facet normal 0 0 -1
		outer loop
			vertex 1.2772110700607 0.97118008136749 0.19799999892712
			vertex 1.2933579683304 0.97324550151825 0.19799999892712
			vertex 1.2914129495621 0.90050822496414 0.19799999892712
		endloop
	endfacet
	facet normal 0 0 -1
		outer loop
			vertex 1.2854771614075 0.97760498523712 0.19799999892712
			vertex 1.5902427434921 0.97760498523712 0.19799999892712
			vertex 1.2933579683304 0.97324550151825 0.19799999892712
		endloop
	endfacet
	facet normal 0 0 -1
		outer loop
			vertex 1.2933579683304 0.97324550151825 0.19799999892712
			vertex 1.5902427434921 0.97760498523712 0.19799999892712
			vertex 1.599799990654 0.93712002038956 0.19799999892712
		endloop
	endfacet
	facet normal 0.44721359549996 0.89442719099992 0
		outer loop
			vertex 1.2578145265579 0.9009091258049 0
			vertex 1.1498545408249 0.95488911867142 0
			vertex 1.1498545408249 0.95488911867142 0.19799999892712
		endloop
	endfacet
	facet normal -0.89435004530808 0.44736785362543 0
		outer loop
			vertex 1.2578145265579 0.9009091258049 0
			vertex 1.2578145265579 0.9009091258049 0.19799999892712
			vertex 1.2580219507217 0.9013237953186 0
		endloop
	endfacet
	facet normal 0.89435004530808 -0.44736785362543 0
		outer loop
			vertex 1.1498545408249 0.95488911867142 0
			vertex 1.1500619649887 0.95530378818512 0
			vertex 1.1500619649887 0.95530378818512 0.19799999892712
		endloop
	endfacet
	facet normal -0.44721414915917 -0.89442691417009 0
		outer loop
			vertex 1.2084449529648 1.0161211490631 0
			vertex 1.2854771614075 0.97760498523712 0
			vertex 1.2854771614075 0.97760498523712 0.19799999892712
		endloop
	endfacet
	facet normal 0.44721359549996 0.89442719099992 -0
		outer loop
			vertex 1.2578145265579 0.9009091258049 0
			vertex 1.1498545408249 0.95488911867142 0.19799999892712
			vertex 1.2578145265579 0.9009091258049 0.19799999892712
		endloop
	endfacet
	facet normal -0.89435004530808 0.44736785362543 0
		outer loop
			vertex 1.2580219507217 0.9013237953186 0
			vertex 1.2578145265579 0.9009091258049 0.19799999892712
			vertex 1.2580219507217 0.9013237953186 0.19799999892712
		endloop
	endfacet
	facet normal 0.89435004530808 -0.44736785362543 0
		outer loop
			vertex 1.1498545408249 0.95488911867142 0
			vertex 1.1500619649887 0.95530378818512 0.19799999892712
			vertex 1.1498545408249 0.95488911867142 0.19799999892712
		endloop
	endfacet
	facet normal -0.44721414915917 -0.89442691417009 0
		outer loop
			vertex 1.2084449529648 1.0161211490631 0
			vertex 1.2854771614075 0.97760498523712 0.19799999892712
			vertex 1.2084449529648 1.0161211490631 0.19799999892712
		endloop
	endfacet
	facet normal 0 0 -1
		outer loop
			vertex 1.2578145265579 0.9009091258049 0.19799999892712
			vertex 1.1498545408249 0.95488911867142 0.19799999892712
			vertex 1.150549530983 0.95497798919678 0.19799999892712
		endloop
	endfacet
	facet normal 0 0 -1
		outer loop
			vertex 1.2578145265579 0.9009091258049 0.19799999892712
			vertex 1.150549530983 0.95497798919678 0.19799999892712
			vertex 1.1535122394562 0.9553570151329 0.19799999892712
		endloop
	endfacet
	facet normal 0 0 -1
		outer loop
			vertex 1.2578145265579 0.9009091258049 0.19799999892712
			vertex 1.1535122394562 0.9553570151329 0.19799999892712
			vertex 1.1823879480362 0.95905065536499 0.19799999892712
		endloop
	endfacet
	facet normal 0 0 -1
		outer loop
			vertex 1.2578145265579 0.9009091258049 0.19799999892712
			vertex 1.1823879480362 0.95905065536499 0.19799999892712
			vertex 1.1936149597168 0.96048676967621 0.19799999892712
		endloop
	endfacet
	facet normal -0 0 -1
		outer loop
			vertex 1.2580219507217 0.9013237953186 0.19799999892712
			vertex 1.2578145265579 0.9009091258049 0.19799999892712
			vertex 1.1936149597168 0.96048676967621 0.19799999892712
		endloop
	endfacet
	facet normal -0 0 -1
		outer loop
			vertex 1.2595138549805 0.90430772304535 0.19799999892712
			vertex 1.2580219507217 0.9013237953186 0.19799999892712
			vertex 1.1936149597168 0.96048676967621 0.19799999892712
		endloop
	endfacet
	facet normal 0 0 -1
		outer loop
			vertex 1.2595138549805 0.90430772304535 0.19799999892712
			vertex 1.1936149597168 0.96048676967621 0.19799999892712
			vertex 1.2604271173477 0.96903312206268 0.19799999892712
		endloop
	endfacet
	facet normal 0 -0 -1
		outer loop
			vertex 1.1500619649887 0.95530378818512 0.19799999892712
			vertex 1.150549530983 0.95497798919678 0.19799999892712
			vertex 1.1498545408249 0.95488911867142 0.19799999892712
		endloop
	endfacet
	facet normal 0 0 -1
		outer loop
			vertex 1.1535122394562 0.9553570151329 0.19799999892712
			vertex 1.1628065109253 0.98079293966293 0.19799999892712
			vertex 1.1823879480362 0.95905065536499 0.19799999892712
		endloop
	endfacet
	facet normal 0 0 -1
		outer loop
			vertex 1.1628065109253 0.98079293966293 0.19799999892712
			vertex 1.1679600477219 0.99110001325607 0.19799999892712
			vertex 1.1823879480362 0.95905065536499 0.19799999892712
		endloop
	endfacet
	facet normal 0 0 -1
		outer loop
			vertex 1.1936149597168 0.96048676967621 0.19799999892712
			vertex 1.2084449529648 1.0161211490631 0.19799999892712
			vertex 1.2604271173477 0.96903312206268 0.19799999892712
		endloop
	endfacet
	facet normal 0 0 -1
		outer loop
			vertex 1.1823879480362 0.95905065536499 0.19799999892712
			vertex 1.1679600477219 0.99110001325607 0.19799999892712
			vertex 1.1825102567673 1.0202004909515 0.19799999892712
		endloop
	endfacet
	facet normal 0 0 -1
		outer loop
			vertex 1.1838008165359 1.0227817296982 0.19799999892712
			vertex 1.2084449529648 1.0161211490631 0.19799999892712
			vertex 1.1936149597168 0.96048676967621 0.19799999892712
		endloop
	endfacet
	facet normal 0 -0 -1
		outer loop
			vertex 1.1841540336609 1.0234880447388 0.19799999892712
			vertex 1.2084449529648 1.0161211490631 0.19799999892712
			vertex 1.1838008165359 1.0227817296982 0.19799999892712
		endloop
	endfacet
	facet normal 0 0 -1
		outer loop
			vertex 1.2084449529648 1.0161211490631 0.19799999892712
			vertex 1.2772110700607 0.97118008136749 0.19799999892712
			vertex 1.2604271173477 0.96903312206268 0.19799999892712
		endloop
	endfacet
	facet normal 0 0 -1
		outer loop
			vertex 1.2084449529648 1.0161211490631 0.19799999892712
			vertex 1.2854771614075 0.97760498523712 0.19799999892712
			vertex 1.2772110700607 0.97118008136749 0.19799999892712
		endloop
	endfacet
	facet normal 0 0 -1
		outer loop
			vertex 1.2772110700607 0.97118008136749 0.19799999892712
			vertex 1.2854771614075 0.97760498523712 0.19799999892712
			vertex 1.2933579683304 0.97324550151825 0.19799999892712
		endloop
	endfacet
	facet normal 1 0 0
		outer loop
			vertex 1.1274750232697 0.99110001325607 0
			vertex 1.1274750232697 1.0990600585938 0
			vertex 1.1274750232697 1.0990600585938 0.19799999892712
		endloop
	endfacet
	facet normal -1 0 0
		outer loop
			vertex 1.2084449529648 1.0161211490631 0
			vertex 1.2084449529648 1.0161211490631 0.19799999892712
			vertex 1.2084449529648 1.0822905302048 0
		endloop
	endfacet
	facet normal 1 0 0
		outer loop
			vertex 1.1274750232697 0.99110001325607 0
			vertex 1.1274750232697 1.0990600585938 0.19799999892712
			vertex 1.1274750232697 0.99110001325607 0.19799999892712
		endloop
	endfacet
	facet normal -1 0 0
		outer loop
			vertex 1.2084449529648 1.0822905302048 0
			vertex 1.2084449529648 1.0161211490631 0.19799999892712
			vertex 1.2084449529648 1.0822905302048 0.19799999892712
		endloop
	endfacet
	facet normal 0 0 -1
		outer loop
			vertex 1.183452963829 1.0244227647781 0.19799999892712
			vertex 1.2084449529648 1.0161211490631 0.19799999892712
			vertex 1.1841540336609 1.0234880447388 0.19799999892712
		endloop
	endfacet
	facet normal 0 0 -1
		outer loop
			vertex 1.1274750232697 0.99110001325607 0.19799999892712
			vertex 1.1305567026138 1.0922055244446 0.19799999892712
			vertex 1.1679600477219 0.99110001325607 0.19799999892712
		endloop
	endfacet
	facet normal 0 0 -1
		outer loop
			vertex 1.1274750232697 0.99110001325607 0.19799999892712
			vertex 1.1274750232697 1.0990600585938 0.19799999892712
			vertex 1.1305567026138 1.0922055244446 0.19799999892712
		endloop
	endfacet
	facet normal 0 0 -1
		outer loop
			vertex 1.1305567026138 1.0922055244446 0.19799999892712
			vertex 1.1825102567673 1.0202004909515 0.19799999892712
			vertex 1.1679600477219 0.99110001325607 0.19799999892712
		endloop
	endfacet
	facet normal 0 0 -1
		outer loop
			vertex 1.1305567026138 1.0922055244446 0.19799999892712
			vertex 1.1524670124054 1.065737247467 0.19799999892712
			vertex 1.183452963829 1.0244227647781 0.19799999892712
		endloop
	endfacet
	facet normal 0 0 -1
		outer loop
			vertex 1.1524670124054 1.065737247467 0.19799999892712
			vertex 1.1679600477219 1.0990600585938 0.19799999892712
			vertex 1.183452963829 1.0244227647781 0.19799999892712
		endloop
	endfacet
	facet normal 0 0 -1
		outer loop
			vertex 1.1305567026138 1.0922055244446 0.19799999892712
			vertex 1.183452963829 1.0244227647781 0.19799999892712
			vertex 1.1825102567673 1.0202004909515 0.19799999892712
		endloop
	endfacet
	facet normal 0 0 -1
		outer loop
			vertex 1.1305567026138 1.0949510335922 0.19799999892712
			vertex 1.1524670124054 1.065737247467 0.19799999892712
			vertex 1.1305567026138 1.0922055244446 0.19799999892712
		endloop
	endfacet
	facet normal 0 0 -1
		outer loop
			vertex 1.1524670124054 1.065737247467 0.19799999892712
			vertex 1.1599069833755 1.0990600585938 0.19799999892712
			vertex 1.1679600477219 1.0990600585938 0.19799999892712
		endloop
	endfacet
	facet normal 0 0 -1
		outer loop
			vertex 1.183452963829 1.0244227647781 0.19799999892712
			vertex 1.2084449529648 1.0822905302048 0.19799999892712
			vertex 1.2084449529648 1.0161211490631 0.19799999892712
		endloop
	endfacet
	facet normal 0 0 -1
		outer loop
			vertex 1.183452963829 1.0244227647781 0.19799999892712
			vertex 1.1679600477219 1.0990600585938 0.19799999892712
			vertex 1.2084449529648 1.0822905302048 0.19799999892712
		endloop
	endfacet
	facet normal 0 0 -1
		outer loop
			vertex 1.1679600477219 1.0990600585938 0.19799999892712
			vertex 1.2053632736206 1.0990600585938 0.19799999892712
			vertex 1.2068458795547 1.0910204648972 0.19799999892712
		endloop
	endfacet
	facet normal 0 0 -1
		outer loop
			vertex 1.1679600477219 1.0990600585938 0.19799999892712
			vertex 1.2068458795547 1.0910204648972 0.19799999892712
			vertex 1.2084449529648 1.0822905302048 0.19799999892712
		endloop
	endfacet
	facet normal 0.70710678118655 -0.70710678118655 0
		outer loop
			vertex 1.1393327713013 1.1276872158051 0
			vertex 1.218665599823 1.2070200443268 0
			vertex 1.218665599823 1.2070200443268 0.19799999892712
		endloop
	endfacet
	facet normal -0.70710678118655 0.70710678118655 0
		outer loop
			vertex 1.2084449529648 1.0822905302048 0
			vertex 1.2084449529648 1.0822905302048 0.19799999892712
			vertex 1.2926894426346 1.1665350198746 0
		endloop
	endfacet
	facet normal 0.70710678118655 -0.70710678118655 0
		outer loop
			vertex 1.1393327713013 1.1276872158051 0
			vertex 1.218665599823 1.2070200443268 0.19799999892712
			vertex 1.1393327713013 1.1276872158051 0.19799999892712
		endloop
	endfacet
	facet normal -0.70710678118655 0.70710678118655 0
		outer loop
			vertex 1.2926894426346 1.1665350198746 0
			vertex 1.2084449529648 1.0822905302048 0.19799999892712
			vertex 1.2926894426346 1.1665350198746 0.19799999892712
		endloop
	endfacet
	facet normal 0 0 -1
		outer loop
			vertex 1.1679600477219 1.0990600585938 0.19799999892712
			vertex 1.2053632736206 1.0990642309189 0.19799999892712
			vertex 1.2053632736206 1.0990600585938 0.19799999892712
		endloop
	endfacet
	facet normal 0 0 -1
		outer loop
			vertex 1.2084449529648 1.0822905302048 0.19799999892712
			vertex 1.2068458795547 1.0910204648972 0.19799999892712
			vertex 1.2080357074738 1.1011176109314 0.19799999892712
		endloop
	endfacet
	facet normal 0 0 -1
		outer loop
			vertex 1.1393327713013 1.1276872158051 0.19799999892712
			vertex 1.2053632736206 1.0990642309189 0.19799999892712
			vertex 1.1679600477219 1.0990600585938 0.19799999892712
		endloop
	endfacet
	facet normal 0 0 -1
		outer loop
			vertex 1.1393327713013 1.1276872158051 0.19799999892712
			vertex 1.2072370052338 1.1051330566406 0.19799999892712
			vertex 1.2053632736206 1.0990642309189 0.19799999892712
		endloop
	endfacet
	facet normal 0 0 -1
		outer loop
			vertex 1.1393327713013 1.1276872158051 0.19799999892712
			vertex 1.2338473796844 1.191838145256 0.19799999892712
			vertex 1.2072370052338 1.1051330566406 0.19799999892712
		endloop
	endfacet
	facet normal 0 0 -1
		outer loop
			vertex 1.1393327713013 1.1276872158051 0.19799999892712
			vertex 1.218665599823 1.2070200443268 0.19799999892712
			vertex 1.2338473796844 1.191838145256 0.19799999892712
		endloop
	endfacet
	facet normal 0 0 -1
		outer loop
			vertex 1.2084449529648 1.0822905302048 0.19799999892712
			vertex 1.2080357074738 1.1011176109314 0.19799999892712
			vertex 1.2926894426346 1.1665350198746 0.19799999892712
		endloop
	endfacet
	facet normal 0 0 -1
		outer loop
			vertex 1.2080357074738 1.1011176109314 0.19799999892712
			vertex 1.2072370052338 1.1051330566406 0.19799999892712
			vertex 1.2926894426346 1.1665350198746 0.19799999892712
		endloop
	endfacet
	facet normal 0 0 -1
		outer loop
			vertex 1.2072370052338 1.1051330566406 0.19799999892712
			vertex 1.2338473796844 1.191838145256 0.19799999892712
			vertex 1.2759200334549 1.2070200443268 0.19799999892712
		endloop
	endfacet
	facet normal 0 0 -1
		outer loop
			vertex 1.2072370052338 1.1051330566406 0.19799999892712
			vertex 1.2875983715057 1.1887941360474 0.19799999892712
			vertex 1.2977945804596 1.1728811264038 0.19799999892712
		endloop
	endfacet
	facet normal 0 0 -1
		outer loop
			vertex 1.2072370052338 1.1051330566406 0.19799999892712
			vertex 1.2977945804596 1.1728811264038 0.19799999892712
			vertex 1.2975583076477 1.1715577840805 0.19799999892712
		endloop
	endfacet
	facet normal 0 0 -1
		outer loop
			vertex 1.2072370052338 1.1051330566406 0.19799999892712
			vertex 1.2975583076477 1.1715577840805 0.19799999892712
			vertex 1.2926894426346 1.1665350198746 0.19799999892712
		endloop
	endfacet
	facet normal 0 0 -1
		outer loop
			vertex 1.2072370052338 1.1051330566406 0.19799999892712
			vertex 1.2759200334549 1.2070200443268 0.19799999892712
			vertex 1.2875983715057 1.1887941360474 0.19799999892712
		endloop
	endfacet
	facet normal 0 0 -1
		outer loop
			vertex 1.2926894426346 1.1665350198746 0.19799999892712
			vertex 1.2975583076477 1.1715577840805 0.19799999892712
			vertex 1.2977892160416 1.1716347932816 0.19799999892712
		endloop
	endfacet
	facet normal 0 0 -1
		outer loop
			vertex 1.251869559288 1.2126383781433 0.19799999892712
			vertex 1.2604271173477 1.222512960434 0.19799999892712
			vertex 1.2759200334549 1.2070200443268 0.19799999892712
		endloop
	endfacet
	facet normal 0 0 -1
		outer loop
			vertex 1.2338473796844 1.191838145256 0.19799999892712
			vertex 1.251869559288 1.2126383781433 0.19799999892712
			vertex 1.2759200334549 1.2070200443268 0.19799999892712
		endloop
	endfacet
	facet normal 0.31622776601684 -0.94868329805051 0
		outer loop
			vertex 1.2868546247482 1.2533397674561 0
			vertex 1.5779308080673 1.3503651618958 0
			vertex 1.5779308080673 1.3503651618958 0.19799999892712
		endloop
	endfacet
	facet normal -0.31622854414772 0.9486830386732 0
		outer loop
			vertex 1.5253998041153 1.2475049495697 0
			vertex 1.5253998041153 1.2475049495697 0.19799999892712
			vertex 1.6126024723053 1.2765725851059 0
		endloop
	endfacet
	facet normal -0.94868329805051 -0.31622776601684 0
		outer loop
			vertex 1.6126024723053 1.2765725851059 0
			vertex 1.6126024723053 1.2765725851059 0.19799999892712
			vertex 1.6124558448792 1.2770124673843 0
		endloop
	endfacet
	facet normal 0.31622776601684 -0.94868329805051 0
		outer loop
			vertex 1.2868546247482 1.2533397674561 0
			vertex 1.5779308080673 1.3503651618958 0.19799999892712
			vertex 1.2868546247482 1.2533397674561 0.19799999892712
		endloop
	endfacet
	facet normal -0.31622854414772 0.9486830386732 0
		outer loop
			vertex 1.6126024723053 1.2765725851059 0
			vertex 1.5253998041153 1.2475049495697 0.19799999892712
			vertex 1.6126024723053 1.2765725851059 0.19799999892712
		endloop
	endfacet
	facet normal -0.94868329805051 -0.31622776601684 0
		outer loop
			vertex 1.6124558448792 1.2770124673843 0
			vertex 1.6126024723053 1.2765725851059 0.19799999892712
			vertex 1.6124558448792 1.2770124673843 0.19799999892712
		endloop
	endfacet
	facet normal 0 -0 -1
		outer loop
			vertex 1.2977945804596 1.1728811264038 0.19799999892712
			vertex 1.2992075681686 1.1721075773239 0.19799999892712
			vertex 1.2977892160416 1.1716347932816 0.19799999892712
		endloop
	endfacet
	facet normal 0 0 -1
		outer loop
			vertex 1.2977945804596 1.1728811264038 0.19799999892712
			vertex 1.2977892160416 1.1716347932816 0.19799999892712
			vertex 1.2975583076477 1.1715577840805 0.19799999892712
		endloop
	endfacet
	facet normal 0 0 -1
		outer loop
			vertex 1.2759200334549 1.2070200443268 0.19799999892712
			vertex 1.2677015066147 1.2469553947449 0.19799999892712
			vertex 1.2802903652191 1.2255333662033 0.19799999892712
		endloop
	endfacet
	facet normal 0 0 -1
		outer loop
			vertex 1.2802903652191 1.2255333662033 0.19799999892712
			vertex 1.2677015066147 1.2469553947449 0.19799999892712
			vertex 1.2868546247482 1.2533397674561 0.19799999892712
		endloop
	endfacet
	facet normal 0 0 -1
		outer loop
			vertex 1.2802903652191 1.2255333662033 0.19799999892712
			vertex 1.4045132398605 1.2230941057205 0.19799999892712
			vertex 1.2837775945663 1.2080022096634 0.19799999892712
		endloop
	endfacet
	facet normal 0 0 -1
		outer loop
			vertex 1.4045132398605 1.2230941057205 0.19799999892712
			vertex 1.568415760994 1.3002132177353 0.19799999892712
			vertex 1.5253998041153 1.2475049495697 0.19799999892712
		endloop
	endfacet
	facet normal 0 0 -1
		outer loop
			vertex 1.2802903652191 1.2255333662033 0.19799999892712
			vertex 1.2868546247482 1.2533397674561 0.19799999892712
			vertex 1.5711569786072 1.3435835838318 0.19799999892712
		endloop
	endfacet
	facet normal 0 0 -1
		outer loop
			vertex 1.2802903652191 1.2255333662033 0.19799999892712
			vertex 1.5711569786072 1.3435835838318 0.19799999892712
			vertex 1.4045132398605 1.2230941057205 0.19799999892712
		endloop
	endfacet
	facet normal 0 0 -1
		outer loop
			vertex 1.2868546247482 1.2533397674561 0.19799999892712
			vertex 1.5779308080673 1.3503651618958 0.19799999892712
			vertex 1.5712569952011 1.3436634540558 0.19799999892712
		endloop
	endfacet
	facet normal 0 0 -1
		outer loop
			vertex 1.2868546247482 1.2533397674561 0.19799999892712
			vertex 1.5712569952011 1.3436634540558 0.19799999892712
			vertex 1.5711569786072 1.3435835838318 0.19799999892712
		endloop
	endfacet
	facet normal 0 0 -1
		outer loop
			vertex 1.4045132398605 1.2230941057205 0.19799999892712
			vertex 1.5711467266083 1.3435682058334 0.19799999892712
			vertex 1.568415760994 1.3002132177353 0.19799999892712
		endloop
	endfacet
	facet normal 0 0 -1
		outer loop
			vertex 1.4045132398605 1.2230941057205 0.19799999892712
			vertex 1.5711569786072 1.3435835838318 0.19799999892712
			vertex 1.5711467266083 1.3435682058334 0.19799999892712
		endloop
	endfacet
	facet normal 0 0 -1
		outer loop
			vertex 1.5253998041153 1.2475049495697 0.19799999892712
			vertex 1.568415760994 1.3002132177353 0.19799999892712
			vertex 1.6124558448792 1.2770124673843 0.19799999892712
		endloop
	endfacet
	facet normal 0 0 -1
		outer loop
			vertex 1.5253998041153 1.2475049495697 0.19799999892712
			vertex 1.6124558448792 1.2770124673843 0.19799999892712
			vertex 1.6126024723053 1.2765725851059 0.19799999892712
		endloop
	endfacet
	facet normal 0 0 -1
		outer loop
			vertex 1.568415760994 1.3002132177353 0.19799999892712
			vertex 1.599799990654 1.3149800300598 0.19799999892712
			vertex 1.6124558448792 1.2770124673843 0.19799999892712
		endloop
	endfacet
	facet normal -0 0 -1
		outer loop
			vertex 1.5711762905121 1.3435897827148 0.19799999892712
			vertex 1.5711569786072 1.3435835838318 0.19799999892712
			vertex 1.5712569952011 1.3436634540558 0.19799999892712
		endloop
	endfacet
	facet normal -0.70710678118655 0.70710678118655 0
		outer loop
			vertex 1.6284272670746 1.2863527536392 0
			vertex 1.6284272670746 1.2863527536392 0.19799999892712
			vertex 1.7363872528076 1.3943127393723 0
		endloop
	endfacet
	facet normal 0.70710736192304 -0.70710620044958 0
		outer loop
			vertex 1.5779308080673 1.3503651618958 0
			vertex 1.6505055427551 1.4229400157928 0
			vertex 1.6505055427551 1.4229400157928 0.19799999892712
		endloop
	endfacet
	facet normal 0.70710736192304 -0.70710620044958 0
		outer loop
			vertex 1.5779308080673 1.3503651618958 0
			vertex 1.6505055427551 1.4229400157928 0.19799999892712
			vertex 1.5779308080673 1.3503651618958 0.19799999892712
		endloop
	endfacet
	facet normal -0.70710678118655 0.70710678118655 0
		outer loop
			vertex 1.7363872528076 1.3943127393723 0
			vertex 1.6284272670746 1.2863527536392 0.19799999892712
			vertex 1.7363872528076 1.3943127393723 0.19799999892712
		endloop
	endfacet
	facet normal 0 -0 -1
		outer loop
			vertex 1.5779308080673 1.3503651618958 0.19799999892712
			vertex 1.5843070745468 1.3400480747223 0.19799999892712
			vertex 1.5712569952011 1.3436634540558 0.19799999892712
		endloop
	endfacet
	facet normal 0 0 -1
		outer loop
			vertex 1.5779308080673 1.3503651618958 0.19799999892712
			vertex 1.6168826818466 1.3443912267685 0.19799999892712
			vertex 1.5843070745468 1.3400480747223 0.19799999892712
		endloop
	endfacet
	facet normal 0 0 -1
		outer loop
			vertex 1.599799990654 1.3149800300598 0.19799999892712
			vertex 1.5843070745468 1.3400480747223 0.19799999892712
			vertex 1.6168826818466 1.3443912267685 0.19799999892712
		endloop
	endfacet
	facet normal 0 0 -1
		outer loop
			vertex 1.5779308080673 1.3503651618958 0.19799999892712
			vertex 1.6505055427551 1.4229400157928 0.19799999892712
			vertex 1.6168826818466 1.3443912267685 0.19799999892712
		endloop
	endfacet
	facet normal 0 0 -1
		outer loop
			vertex 1.6168826818466 1.3443912267685 0.19799999892712
			vertex 1.6505055427551 1.4229400157928 0.19799999892712
			vertex 1.6598669290543 1.4183970689774 0.19799999892712
		endloop
	endfacet
	facet normal 0 0 -1
		outer loop
			vertex 1.6284272670746 1.2863527536392 0.19799999892712
			vertex 1.6168826818466 1.3443912267685 0.19799999892712
			vertex 1.7363872528076 1.3943127393723 0.19799999892712
		endloop
	endfacet
	facet normal 0 0 -1
		outer loop
			vertex 1.6168826818466 1.3443912267685 0.19799999892712
			vertex 1.6598669290543 1.4183970689774 0.19799999892712
			vertex 1.6664333343506 1.4101884365082 0.19799999892712
		endloop
	endfacet
	facet normal 0 0 -1
		outer loop
			vertex 1.6168826818466 1.3443912267685 0.19799999892712
			vertex 1.6664333343506 1.4101884365082 0.19799999892712
			vertex 1.7028176784515 1.4278823137283 0.19799999892712
		endloop
	endfacet
	facet normal 0 0 -1
		outer loop
			vertex 1.6168826818466 1.3443912267685 0.19799999892712
			vertex 1.7028176784515 1.4278823137283 0.19799999892712
			vertex 1.7363872528076 1.3943127393723 0.19799999892712
		endloop
	endfacet
	facet normal 0 0 -1
		outer loop
			vertex 1.6664333343506 1.4101884365082 0.19799999892712
			vertex 1.6745017766953 1.43647813797 0.19799999892712
			vertex 1.7028176784515 1.4278823137283 0.19799999892712
		endloop
	endfacet
	facet normal 0.70710678118655 0.70710678118655 -0
		outer loop
			vertex 1.5830305814743 1.4904149770737 0
			vertex 1.5830305814743 1.4904149770737 0.19799999892712
			vertex 1.6505055427551 1.4229400157928 0
		endloop
	endfacet
	facet normal -0.70710678118655 -0.70710678118655 0
		outer loop
			vertex 1.6284272670746 1.5595271587372 0
			vertex 1.7363872528076 1.4515671730042 0
			vertex 1.7363872528076 1.4515671730042 0.19799999892712
		endloop
	endfacet
	facet normal 0.70710678118655 0.70710678118655 -0
		outer loop
			vertex 1.6505055427551 1.4229400157928 0
			vertex 1.5830305814743 1.4904149770737 0.19799999892712
			vertex 1.6505055427551 1.4229400157928 0.19799999892712
		endloop
	endfacet
	facet normal -0.70710678118655 -0.70710678118655 0
		outer loop
			vertex 1.6284272670746 1.5595271587372 0
			vertex 1.7363872528076 1.4515671730042 0.19799999892712
			vertex 1.6284272670746 1.5595271587372 0.19799999892712
		endloop
	endfacet
	facet normal 0 0 -1
		outer loop
			vertex 1.6598669290543 1.4183970689774 0.19799999892712
			vertex 1.6505055427551 1.4229400157928 0.19799999892712
			vertex 1.6019200086594 1.4908367395401 0.19799999892712
		endloop
	endfacet
	facet normal 0 0 -1
		outer loop
			vertex 1.5830305814743 1.4904149770737 0.19799999892712
			vertex 1.599799990654 1.4934868812561 0.19799999892712
			vertex 1.6505055427551 1.4229400157928 0.19799999892712
		endloop
	endfacet
	facet normal 0 0 -1
		outer loop
			vertex 1.599799990654 1.4934868812561 0.19799999892712
			vertex 1.6019200086594 1.4908367395401 0.19799999892712
			vertex 1.6505055427551 1.4229400157928 0.19799999892712
		endloop
	endfacet
	facet normal 0 -0 -1
		outer loop
			vertex 1.6058731079102 1.491623044014 0.19799999892712
			vertex 1.6745017766953 1.43647813797 0.19799999892712
			vertex 1.6019200086594 1.4908367395401 0.19799999892712
		endloop
	endfacet
	facet normal 0 0 -1
		outer loop
			vertex 1.6058731079102 1.491623044014 0.19799999892712
			vertex 1.6090561151505 1.5248515605927 0.19799999892712
			vertex 1.707759976387 1.4603531360626 0.19799999892712
		endloop
	endfacet
	facet normal 0 0 -1
		outer loop
			vertex 1.6598669290543 1.4183970689774 0.19799999892712
			vertex 1.6745017766953 1.43647813797 0.19799999892712
			vertex 1.6664333343506 1.4101884365082 0.19799999892712
		endloop
	endfacet
	facet normal 0 0 -1
		outer loop
			vertex 1.6598669290543 1.4183970689774 0.19799999892712
			vertex 1.6019200086594 1.4908367395401 0.19799999892712
			vertex 1.6745017766953 1.43647813797 0.19799999892712
		endloop
	endfacet
	facet normal 0 0 -1
		outer loop
			vertex 1.6058731079102 1.491623044014 0.19799999892712
			vertex 1.707759976387 1.4603531360626 0.19799999892712
			vertex 1.6745017766953 1.43647813797 0.19799999892712
		endloop
	endfacet
	facet normal 0 0 -1
		outer loop
			vertex 1.6284272670746 1.5595271587372 0.19799999892712
			vertex 1.7363872528076 1.4515671730042 0.19799999892712
			vertex 1.707759976387 1.4603531360626 0.19799999892712
		endloop
	endfacet
	facet normal 0 0 -1
		outer loop
			vertex 1.6090561151505 1.5248515605927 0.19799999892712
			vertex 1.6065168380737 1.5376168489456 0.19799999892712
			vertex 1.707759976387 1.4603531360626 0.19799999892712
		endloop
	endfacet
	facet normal 0 0 -1
		outer loop
			vertex 1.6065168380737 1.5376168489456 0.19799999892712
			vertex 1.6284272670746 1.5595271587372 0.19799999892712
			vertex 1.707759976387 1.4603531360626 0.19799999892712
		endloop
	endfacet
	facet normal 0 0 -1
		outer loop
			vertex 1.6745017766953 1.43647813797 0.19799999892712
			vertex 1.707759976387 1.4603531360626 0.19799999892712
			vertex 1.7028176784515 1.4278823137283 0.19799999892712
		endloop
	endfacet
	facet normal 0 1 0
		outer loop
			vertex 1.2926894426346 1.4904149770737 0
			vertex 1.2926894426346 1.4904149770737 0.19799999892712
			vertex 1.5830305814743 1.4904149770737 0
		endloop
	endfacet
	facet normal 0 -1 0
		outer loop
			vertex 1.2759200334549 1.5713850259781 0
			vertex 1.599799990654 1.5713850259781 0
			vertex 1.599799990654 1.5713850259781 0.19799999892712
		endloop
	endfacet
	facet normal 0 -1 0
		outer loop
			vertex 1.2759200334549 1.5713850259781 0
			vertex 1.599799990654 1.5713850259781 0.19799999892712
			vertex 1.2759200334549 1.5713850259781 0.19799999892712
		endloop
	endfacet
	facet normal 0 1 -0
		outer loop
			vertex 1.5830305814743 1.4904149770737 0
			vertex 1.2926894426346 1.4904149770737 0.19799999892712
			vertex 1.5830305814743 1.4904149770737 0.19799999892712
		endloop
	endfacet
	facet normal 0 0 -1
		outer loop
			vertex 1.2926894426346 1.4904149770737 0.19799999892712
			vertex 1.2982792854309 1.49600481987 0.19799999892712
			vertex 1.5830305814743 1.4904149770737 0.19799999892712
		endloop
	endfacet
	facet normal 0 0 -1
		outer loop
			vertex 1.2759200334549 1.5309000015259 0.19799999892712
			vertex 1.599799990654 1.5713850259781 0.19799999892712
			vertex 1.2982792854309 1.49600481987 0.19799999892712
		endloop
	endfacet
	facet normal 0 0 -1
		outer loop
			vertex 1.2759200334549 1.5309000015259 0.19799999892712
			vertex 1.2759200334549 1.5451164245605 0.19799999892712
			vertex 1.599799990654 1.5713850259781 0.19799999892712
		endloop
	endfacet
	facet normal 0 0 -1
		outer loop
			vertex 1.2759200334549 1.5451164245605 0.19799999892712
			vertex 1.2759200334549 1.5713850259781 0.19799999892712
			vertex 1.599799990654 1.5713850259781 0.19799999892712
		endloop
	endfacet
	facet normal 0 0 -1
		outer loop
			vertex 1.2982792854309 1.49600481987 0.19799999892712
			vertex 1.599799990654 1.4934868812561 0.19799999892712
			vertex 1.5830305814743 1.4904149770737 0.19799999892712
		endloop
	endfacet
	facet normal 0 0 -1
		outer loop
			vertex 1.2982792854309 1.49600481987 0.19799999892712
			vertex 1.599799990654 1.5713850259781 0.19799999892712
			vertex 1.599799990654 1.4934868812561 0.19799999892712
		endloop
	endfacet
	facet normal 0.55556890707149 -0.83147049827122 0
		outer loop
			vertex 1.2472927570343 1.5595271587372 0
			vertex 1.2604271173477 1.5683032274246 0
			vertex 1.2604271173477 1.5683032274246 0.19799999892712
		endloop
	endfacet
	facet normal 0.55556890707149 -0.83147049827122 0
		outer loop
			vertex 1.2472927570343 1.5595271587372 0
			vertex 1.2604271173477 1.5683032274246 0.19799999892712
			vertex 1.2472927570343 1.5595271587372 0.19799999892712
		endloop
	endfacet
	facet normal 0 0 -1
		outer loop
			vertex 1.2472927570343 1.5595271587372 0.19799999892712
			vertex 1.2604271173477 1.5683032274246 0.19799999892712
			vertex 1.2604271173477 1.5463929176331 0.19799999892712
		endloop
	endfacet
	facet normal 0 0 -1
		outer loop
			vertex 1.2759200334549 1.5309000015259 0.19799999892712
			vertex 1.2658674716949 1.5409525632858 0.19799999892712
			vertex 1.2759200334549 1.5451164245605 0.19799999892712
		endloop
	endfacet
	facet normal 0.9807859257324 -0.19508707769927 0
		outer loop
			vertex 1.1274750232697 1.4229400157928 0
			vertex 1.1305567026138 1.4384329319 0
			vertex 1.1305567026138 1.4384329319 0.19799999892712
		endloop
	endfacet
	facet normal 0.83146816895758 -0.55557239313192 0
		outer loop
			vertex 1.1305567026138 1.4384329319 0
			vertex 1.1393327713013 1.4515671730042 0
			vertex 1.1393327713013 1.4515671730042 0.19799999892712
		endloop
	endfacet
	facet normal 0.9807859257324 -0.19508707769927 0
		outer loop
			vertex 1.1274750232697 1.4229400157928 0
			vertex 1.1305567026138 1.4384329319 0.19799999892712
			vertex 1.1274750232697 1.4229400157928 0.19799999892712
		endloop
	endfacet
	facet normal 0.83146816895758 -0.55557239313192 0
		outer loop
			vertex 1.1305567026138 1.4384329319 0
			vertex 1.1393327713013 1.4515671730042 0.19799999892712
			vertex 1.1305567026138 1.4384329319 0.19799999892712
		endloop
	endfacet
	facet normal 0 0 -1
		outer loop
			vertex 1.1274750232697 1.4229400157928 0.19799999892712
			vertex 1.1305567026138 1.4384329319 0.19799999892712
			vertex 1.1393327713013 1.4515671730042 0.19799999892712
		endloop
	endfacet
	facet normal 0 0 -1
		outer loop
			vertex 1.1524670124054 1.3896172046661 0.19799999892712
			vertex 1.1274750232697 1.4229400157928 0.19799999892712
			vertex 1.1393327713013 1.4515671730042 0.19799999892712
		endloop
	endfacet
	facet normal 0 0 -1
		outer loop
			vertex 1.1524670124054 1.3896172046661 0.19799999892712
			vertex 1.1393327713013 1.4515671730042 0.19799999892712
			vertex 1.1599069833755 1.4229400157928 0.19799999892712
		endloop
	endfacet
	facet normal 0 0 -1
		outer loop
			vertex 1.1393327713013 1.4515671730042 0.19799999892712
			vertex 1.1659129858017 1.424987077713 0.19799999892712
			vertex 1.1599069833755 1.4229400157928 0.19799999892712
		endloop
	endfacet
	facet normal 0 -0 -1
		outer loop
			vertex 1.1659129858017 1.424987077713 0.19799999892712
			vertex 1.2053731679916 1.4229400157928 0.19799999892712
			vertex 1.1599069833755 1.4229400157928 0.19799999892712
		endloop
	endfacet
	facet normal 0.83147049827122 0.55556890707149 -0
		outer loop
			vertex 1.1305567026138 1.2994871139526 0
			vertex 1.1305567026138 1.2994871139526 0.19799999892712
			vertex 1.1393327713013 1.2863527536392 0
		endloop
	endfacet
	facet normal 0.9807859257324 0.19508707769927 0
		outer loop
			vertex 1.1305567026138 1.2994871139526 0
			vertex 1.1274750232697 1.3149800300598 0
			vertex 1.1274750232697 1.3149800300598 0.19799999892712
		endloop
	endfacet
	facet normal 0.83147049827122 0.55556890707149 -0
		outer loop
			vertex 1.1393327713013 1.2863527536392 0
			vertex 1.1305567026138 1.2994871139526 0.19799999892712
			vertex 1.1393327713013 1.2863527536392 0.19799999892712
		endloop
	endfacet
	facet normal 0.9807859257324 0.19508707769927 -0
		outer loop
			vertex 1.1305567026138 1.2994871139526 0
			vertex 1.1274750232697 1.3149800300598 0.19799999892712
			vertex 1.1305567026138 1.2994871139526 0.19799999892712
		endloop
	endfacet
	facet normal 0 0 -1
		outer loop
			vertex 1.1305567026138 1.2994871139526 0.19799999892712
			vertex 1.1274750232697 1.3149800300598 0.19799999892712
			vertex 1.1393327713013 1.2863527536392 0.19799999892712
		endloop
	endfacet
	facet normal 0 0 -1
		outer loop
			vertex 1.1393327713013 1.2863527536392 0.19799999892712
			vertex 1.1274750232697 1.3149800300598 0.19799999892712
			vertex 1.1679600477219 1.3149800300598 0.19799999892712
		endloop
	endfacet
	facet normal 0 0 -1
		outer loop
			vertex 1.1783277988434 1.3253477811813 0.19799999892712
			vertex 1.183452963829 1.3483027219772 0.19799999892712
			vertex 1.1910942792892 1.3381142616272 0.19799999892712
		endloop
	endfacet
	facet normal 0 0 -1
		outer loop
			vertex 1.2759200334549 1.2070200443268 0.19799999892712
			vertex 1.2837775945663 1.2080022096634 0.19799999892712
			vertex 1.2875983715057 1.1887941360474 0.19799999892712
		endloop
	endfacet
	facet normal 0 0 -1
		outer loop
			vertex 1.2759200334549 1.2070200443268 0.19799999892712
			vertex 1.2802903652191 1.2255333662033 0.19799999892712
			vertex 1.2837775945663 1.2080022096634 0.19799999892712
		endloop
	endfacet
	facet normal -0.19508707769927 -0.9807859257324 0
		outer loop
			vertex 1.599799990654 1.2475049495697 0
			vertex 1.6152929067612 1.2444232702255 0
			vertex 1.6152929067612 1.2444232702255 0.19799999892712
		endloop
	endfacet
	facet normal -0.55556890707149 -0.83147049827122 0
		outer loop
			vertex 1.6152929067612 1.2444232702255 0
			vertex 1.6284272670746 1.2356472015381 0
			vertex 1.6284272670746 1.2356472015381 0.19799999892712
		endloop
	endfacet
	facet normal -0.19508707769927 -0.9807859257324 0
		outer loop
			vertex 1.599799990654 1.2475049495697 0
			vertex 1.6152929067612 1.2444232702255 0.19799999892712
			vertex 1.599799990654 1.2475049495697 0.19799999892712
		endloop
	endfacet
	facet normal -0.55556890707149 -0.83147049827122 0
		outer loop
			vertex 1.6152929067612 1.2444232702255 0
			vertex 1.6284272670746 1.2356472015381 0.19799999892712
			vertex 1.6152929067612 1.2444232702255 0.19799999892712
		endloop
	endfacet
	facet normal 0 0 -1
		outer loop
			vertex 1.599799990654 1.169606924057 0.19799999892712
			vertex 1.599799990654 1.2475049495697 0.19799999892712
			vertex 1.6065168380737 1.2137368917465 0.19799999892712
		endloop
	endfacet
	facet normal 0 0 -1
		outer loop
			vertex 1.599799990654 1.2475049495697 0.19799999892712
			vertex 1.6152929067612 1.2444232702255 0.19799999892712
			vertex 1.6065168380737 1.2137368917465 0.19799999892712
		endloop
	endfacet
	facet normal 0 0 -1
		outer loop
			vertex 1.6065168380737 1.2137368917465 0.19799999892712
			vertex 1.6152929067612 1.2444232702255 0.19799999892712
			vertex 1.6284272670746 1.2356472015381 0.19799999892712
		endloop
	endfacet
	facet normal -0.83146816895758 -0.55557239313192 0
		outer loop
			vertex 1.7451633214951 1.1145529747009 0
			vertex 1.7451633214951 1.1145529747009 0.19799999892712
			vertex 1.7363872528076 1.1276872158051 0
		endloop
	endfacet
	facet normal -0.9807859257324 -0.19508707769927 0
		outer loop
			vertex 1.7482450008392 1.0990600585938 0
			vertex 1.7482450008392 1.0990600585938 0.19799999892712
			vertex 1.7451633214951 1.1145529747009 0
		endloop
	endfacet
	facet normal -0.9807859257324 -0.19508707769927 0
		outer loop
			vertex 1.7451633214951 1.1145529747009 0
			vertex 1.7482450008392 1.0990600585938 0.19799999892712
			vertex 1.7451633214951 1.1145529747009 0.19799999892712
		endloop
	endfacet
	facet normal -0.83146816895758 -0.55557239313192 0
		outer loop
			vertex 1.7363872528076 1.1276872158051 0
			vertex 1.7451633214951 1.1145529747009 0.19799999892712
			vertex 1.7363872528076 1.1276872158051 0.19799999892712
		endloop
	endfacet
	facet normal 0 0 -1
		outer loop
			vertex 1.6846257448196 1.0759257078171 0.19799999892712
			vertex 1.6973922252655 1.0886921882629 0.19799999892712
			vertex 1.6922670602798 1.065737247467 0.19799999892712
		endloop
	endfacet
	facet normal 0 0 -1
		outer loop
			vertex 1.707759976387 1.0990600585938 0.19799999892712
			vertex 1.7363872528076 1.1276872158051 0.19799999892712
			vertex 1.7482450008392 1.0990600585938 0.19799999892712
		endloop
	endfacet
	facet normal 0 0 -1
		outer loop
			vertex 1.7482450008392 1.0990600585938 0.19799999892712
			vertex 1.7363872528076 1.1276872158051 0.19799999892712
			vertex 1.7451633214951 1.1145529747009 0.19799999892712
		endloop
	endfacet
	facet normal -0.55556970963102 0.83146996201937 0
		outer loop
			vertex 1.7256580591202 0.95530378818512 0
			vertex 1.7256580591202 0.95530378818512 0.19799999892712
			vertex 1.7363872528076 0.96247279644012 0
		endloop
	endfacet
	facet normal -0.83146816895758 0.55557239313192 0
		outer loop
			vertex 1.7363872528076 0.96247279644012 0
			vertex 1.7363872528076 0.96247279644012 0.19799999892712
			vertex 1.7451633214951 0.97560703754425 0
		endloop
	endfacet
	facet normal -0.98078606933945 0.19508635572402 0
		outer loop
			vertex 1.7451633214951 0.97560703754425 0
			vertex 1.7451633214951 0.97560703754425 0.19799999892712
			vertex 1.7482450008392 0.99110001325607 0
		endloop
	endfacet
	facet normal -0.55556970963102 0.83146996201937 0
		outer loop
			vertex 1.7363872528076 0.96247279644012 0
			vertex 1.7256580591202 0.95530378818512 0.19799999892712
			vertex 1.7363872528076 0.96247279644012 0.19799999892712
		endloop
	endfacet
	facet normal -0.83146816895758 0.55557239313192 0
		outer loop
			vertex 1.7451633214951 0.97560703754425 0
			vertex 1.7363872528076 0.96247279644012 0.19799999892712
			vertex 1.7451633214951 0.97560703754425 0.19799999892712
		endloop
	endfacet
	facet normal -0.98078606933945 0.19508635572402 0
		outer loop
			vertex 1.7482450008392 0.99110001325607 0
			vertex 1.7451633214951 0.97560703754425 0.19799999892712
			vertex 1.7482450008392 0.99110001325607 0.19799999892712
		endloop
	endfacet
	facet normal 0 -0 -1
		outer loop
			vertex 1.6691002845764 0.99110001325607 0.19799999892712
			vertex 1.708932518959 0.98875492811203 0.19799999892712
			vertex 1.6677486896515 0.9887188076973 0.19799999892712
		endloop
	endfacet
	facet normal 0 0 -1
		outer loop
			vertex 1.7256580591202 0.95530378818512 0.19799999892712
			vertex 1.708932518959 0.98875492811203 0.19799999892712
			vertex 1.715812921524 0.99110001325607 0.19799999892712
		endloop
	endfacet
	facet normal 0 0 -1
		outer loop
			vertex 1.7256580591202 0.95530378818512 0.19799999892712
			vertex 1.7232528924942 1.0244227647781 0.19799999892712
			vertex 1.7363872528076 0.96247279644012 0.19799999892712
		endloop
	endfacet
	facet normal 0 0 -1
		outer loop
			vertex 1.6691002845764 0.99110001325607 0.19799999892712
			vertex 1.715812921524 0.99110001325607 0.19799999892712
			vertex 1.708932518959 0.98875492811203 0.19799999892712
		endloop
	endfacet
	facet normal 0 0 -1
		outer loop
			vertex 1.7256580591202 0.95530378818512 0.19799999892712
			vertex 1.715812921524 0.99110001325607 0.19799999892712
			vertex 1.7232528924942 1.0244227647781 0.19799999892712
		endloop
	endfacet
	facet normal 0 0 -1
		outer loop
			vertex 1.7232528924942 1.0244227647781 0.19799999892712
			vertex 1.7482450008392 0.99110001325607 0.19799999892712
			vertex 1.7363872528076 0.96247279644012 0.19799999892712
		endloop
	endfacet
	facet normal 0 0 -1
		outer loop
			vertex 1.7363872528076 0.96247279644012 0.19799999892712
			vertex 1.7482450008392 0.99110001325607 0.19799999892712
			vertex 1.7451633214951 0.97560703754425 0.19799999892712
		endloop
	endfacet
	facet normal -0.55556532691943 0.83147289043294 0
		outer loop
			vertex 1.6152929067612 0.89971673488617 0
			vertex 1.6152929067612 0.89971673488617 0.19799999892712
			vertex 1.6176980733871 0.9013237953186 0
		endloop
	endfacet
	facet normal -0.19509070738589 0.98078520374834 0
		outer loop
			vertex 1.599799990654 0.89663499593735 0
			vertex 1.599799990654 0.89663499593735 0.19799999892712
			vertex 1.6152929067612 0.89971673488617 0
		endloop
	endfacet
	facet normal -0.19509070738589 0.98078520374834 0
		outer loop
			vertex 1.6152929067612 0.89971673488617 0
			vertex 1.599799990654 0.89663499593735 0.19799999892712
			vertex 1.6152929067612 0.89971673488617 0.19799999892712
		endloop
	endfacet
	facet normal -0.55556532691943 0.83147289043294 0
		outer loop
			vertex 1.6176980733871 0.9013237953186 0
			vertex 1.6152929067612 0.89971673488617 0.19799999892712
			vertex 1.6176980733871 0.9013237953186 0.19799999892712
		endloop
	endfacet
	facet normal 0 0 -1
		outer loop
			vertex 1.6152929067612 0.90613412857056 0.19799999892712
			vertex 1.6184113025665 0.90180039405823 0.19799999892712
			vertex 1.6176980733871 0.9013237953186 0.19799999892712
		endloop
	endfacet
	facet normal 0 0 -1
		outer loop
			vertex 1.6152929067612 0.90613412857056 0.19799999892712
			vertex 1.6176980733871 0.9013237953186 0.19799999892712
			vertex 1.6152929067612 0.89971673488617 0.19799999892712
		endloop
	endfacet
	facet normal 0 0 -1
		outer loop
			vertex 1.599799990654 0.89663499593735 0.19799999892712
			vertex 1.6152929067612 0.90613412857056 0.19799999892712
			vertex 1.6152929067612 0.89971673488617 0.19799999892712
		endloop
	endfacet
	facet normal 0 0 -1
		outer loop
			vertex 1.599799990654 0.89663499593735 0.19799999892712
			vertex 1.599799990654 0.93712002038956 0.19799999892712
			vertex 1.6152929067612 0.90613412857056 0.19799999892712
		endloop
	endfacet
	facet normal 0 0 -1
		outer loop
			vertex 1.6152929067612 0.90613412857056 0.19799999892712
			vertex 1.6268138885498 0.91660332679749 0.19799999892712
			vertex 1.6184113025665 0.90180039405823 0.19799999892712
		endloop
	endfacet
	facet normal 0.55556532691943 0.83147289043294 -0
		outer loop
			vertex 1.2580219507217 0.9013237953186 0
			vertex 1.2580219507217 0.9013237953186 0.19799999892712
			vertex 1.2604271173477 0.89971673488617 0
		endloop
	endfacet
	facet normal 0.19509070738589 0.98078520374834 -0
		outer loop
			vertex 1.2604271173477 0.89971673488617 0
			vertex 1.2604271173477 0.89971673488617 0.19799999892712
			vertex 1.2759200334549 0.89663499593735 0
		endloop
	endfacet
	facet normal 0.55556532691943 0.83147289043294 -0
		outer loop
			vertex 1.2604271173477 0.89971673488617 0
			vertex 1.2580219507217 0.9013237953186 0.19799999892712
			vertex 1.2604271173477 0.89971673488617 0.19799999892712
		endloop
	endfacet
	facet normal 0.19509070738589 0.98078520374834 -0
		outer loop
			vertex 1.2759200334549 0.89663499593735 0
			vertex 1.2604271173477 0.89971673488617 0.19799999892712
			vertex 1.2759200334549 0.89663499593735 0.19799999892712
		endloop
	endfacet
	facet normal 0 -0 -1
		outer loop
			vertex 1.2595138549805 0.90430772304535 0.19799999892712
			vertex 1.2604271173477 0.89971673488617 0.19799999892712
			vertex 1.2580219507217 0.9013237953186 0.19799999892712
		endloop
	endfacet
	facet normal 0 0 -1
		outer loop
			vertex 1.2595138549805 0.90430772304535 0.19799999892712
			vertex 1.2604271173477 0.96903312206268 0.19799999892712
			vertex 1.2604271173477 0.89971673488617 0.19799999892712
		endloop
	endfacet
	facet normal 0 0 -1
		outer loop
			vertex 1.2604271173477 0.89971673488617 0.19799999892712
			vertex 1.2772110700607 0.97118008136749 0.19799999892712
			vertex 1.2759200334549 0.89663499593735 0.19799999892712
		endloop
	endfacet
	facet normal 0 0 -1
		outer loop
			vertex 1.2759200334549 0.89663499593735 0.19799999892712
			vertex 1.2772110700607 0.97118008136749 0.19799999892712
			vertex 1.2914129495621 0.90050822496414 0.19799999892712
		endloop
	endfacet
	facet normal 0 0 -1
		outer loop
			vertex 1.2604271173477 0.89971673488617 0.19799999892712
			vertex 1.2604271173477 0.96903312206268 0.19799999892712
			vertex 1.2772110700607 0.97118008136749 0.19799999892712
		endloop
	endfacet
	facet normal 0.55556970963102 0.83146996201937 -0
		outer loop
			vertex 1.1393327713013 0.96247279644012 0
			vertex 1.1393327713013 0.96247279644012 0.19799999892712
			vertex 1.1500619649887 0.95530378818512 0
		endloop
	endfacet
	facet normal 0.83146816895758 0.55557239313192 -0
		outer loop
			vertex 1.1305567026138 0.97560703754425 0
			vertex 1.1305567026138 0.97560703754425 0.19799999892712
			vertex 1.1393327713013 0.96247279644012 0
		endloop
	endfacet
	facet normal 0.98078606933945 0.19508635572402 0
		outer loop
			vertex 1.1305567026138 0.97560703754425 0
			vertex 1.1274750232697 0.99110001325607 0
			vertex 1.1274750232697 0.99110001325607 0.19799999892712
		endloop
	endfacet
	facet normal 0.55556970963102 0.83146996201937 -0
		outer loop
			vertex 1.1500619649887 0.95530378818512 0
			vertex 1.1393327713013 0.96247279644012 0.19799999892712
			vertex 1.1500619649887 0.95530378818512 0.19799999892712
		endloop
	endfacet
	facet normal 0.98078606933945 0.19508635572402 -0
		outer loop
			vertex 1.1305567026138 0.97560703754425 0
			vertex 1.1274750232697 0.99110001325607 0.19799999892712
			vertex 1.1305567026138 0.97560703754425 0.19799999892712
		endloop
	endfacet
	facet normal 0.83146816895758 0.55557239313192 -0
		outer loop
			vertex 1.1393327713013 0.96247279644012 0
			vertex 1.1305567026138 0.97560703754425 0.19799999892712
			vertex 1.1393327713013 0.96247279644012 0.19799999892712
		endloop
	endfacet
	facet normal 0 0 -1
		outer loop
			vertex 1.1305567026138 0.97560703754425 0.19799999892712
			vertex 1.1274750232697 0.99110001325607 0.19799999892712
			vertex 1.1628065109253 0.98079293966293 0.19799999892712
		endloop
	endfacet
	facet normal 0 0 -1
		outer loop
			vertex 1.1305567026138 0.97560703754425 0.19799999892712
			vertex 1.1628065109253 0.98079293966293 0.19799999892712
			vertex 1.1393327713013 0.96247279644012 0.19799999892712
		endloop
	endfacet
	facet normal 0 0 -1
		outer loop
			vertex 1.1393327713013 0.96247279644012 0.19799999892712
			vertex 1.1628065109253 0.98079293966293 0.19799999892712
			vertex 1.1500619649887 0.95530378818512 0.19799999892712
		endloop
	endfacet
	facet normal 0 0 -1
		outer loop
			vertex 1.1500619649887 0.95530378818512 0.19799999892712
			vertex 1.1628065109253 0.98079293966293 0.19799999892712
			vertex 1.150549530983 0.95497798919678 0.19799999892712
		endloop
	endfacet
	facet normal 0 0 -1
		outer loop
			vertex 1.150549530983 0.95497798919678 0.19799999892712
			vertex 1.1628065109253 0.98079293966293 0.19799999892712
			vertex 1.1535122394562 0.9553570151329 0.19799999892712
		endloop
	endfacet
	facet normal 0 0 -1
		outer loop
			vertex 1.1274750232697 0.99110001325607 0.19799999892712
			vertex 1.1679600477219 0.99110001325607 0.19799999892712
			vertex 1.1628065109253 0.98079293966293 0.19799999892712
		endloop
	endfacet
	facet normal 0 0 -1
		outer loop
			vertex 1.1823879480362 0.95905065536499 0.19799999892712
			vertex 1.1838008165359 1.0227817296982 0.19799999892712
			vertex 1.1936149597168 0.96048676967621 0.19799999892712
		endloop
	endfacet
	facet normal 0 0 -1
		outer loop
			vertex 1.1823879480362 0.95905065536499 0.19799999892712
			vertex 1.183452963829 1.0244227647781 0.19799999892712
			vertex 1.1838008165359 1.0227817296982 0.19799999892712
		endloop
	endfacet
	facet normal 0 0 -1
		outer loop
			vertex 1.1823879480362 0.95905065536499 0.19799999892712
			vertex 1.1825102567673 1.0202004909515 0.19799999892712
			vertex 1.183452963829 1.0244227647781 0.19799999892712
		endloop
	endfacet
	facet normal 0 0 -1
		outer loop
			vertex 1.183452963829 1.0244227647781 0.19799999892712
			vertex 1.1841540336609 1.0234880447388 0.19799999892712
			vertex 1.1838008165359 1.0227817296982 0.19799999892712
		endloop
	endfacet
	facet normal 0.9807859257324 -0.19508707769927 0
		outer loop
			vertex 1.1274750232697 1.0990600585938 0
			vertex 1.1305567026138 1.1145529747009 0
			vertex 1.1305567026138 1.1145529747009 0.19799999892712
		endloop
	endfacet
	facet normal 0.83146816895758 -0.55557239313192 0
		outer loop
			vertex 1.1305567026138 1.1145529747009 0
			vertex 1.1393327713013 1.1276872158051 0
			vertex 1.1393327713013 1.1276872158051 0.19799999892712
		endloop
	endfacet
	facet normal 0.83146816895758 -0.55557239313192 0
		outer loop
			vertex 1.1305567026138 1.1145529747009 0
			vertex 1.1393327713013 1.1276872158051 0.19799999892712
			vertex 1.1305567026138 1.1145529747009 0.19799999892712
		endloop
	endfacet
	facet normal 0.9807859257324 -0.19508707769927 0
		outer loop
			vertex 1.1274750232697 1.0990600585938 0
			vertex 1.1305567026138 1.1145529747009 0.19799999892712
			vertex 1.1274750232697 1.0990600585938 0.19799999892712
		endloop
	endfacet
	facet normal 0 0 -1
		outer loop
			vertex 1.1274750232697 1.0990600585938 0.19799999892712
			vertex 1.1305567026138 1.1145529747009 0.19799999892712
			vertex 1.1305567026138 1.0949510335922 0.19799999892712
		endloop
	endfacet
	facet normal 0 0 -1
		outer loop
			vertex 1.1274750232697 1.0990600585938 0.19799999892712
			vertex 1.1305567026138 1.0949510335922 0.19799999892712
			vertex 1.1305567026138 1.0922055244446 0.19799999892712
		endloop
	endfacet
	facet normal 0 0 -1
		outer loop
			vertex 1.1524670124054 1.065737247467 0.19799999892712
			vertex 1.1305567026138 1.1145529747009 0.19799999892712
			vertex 1.1393327713013 1.1276872158051 0.19799999892712
		endloop
	endfacet
	facet normal 0 0 -1
		outer loop
			vertex 1.1524670124054 1.065737247467 0.19799999892712
			vertex 1.1393327713013 1.1276872158051 0.19799999892712
			vertex 1.1599069833755 1.0990600585938 0.19799999892712
		endloop
	endfacet
	facet normal 0 0 -1
		outer loop
			vertex 1.1305567026138 1.0949510335922 0.19799999892712
			vertex 1.1305567026138 1.1145529747009 0.19799999892712
			vertex 1.1524670124054 1.065737247467 0.19799999892712
		endloop
	endfacet
	facet normal -0 0 -1
		outer loop
			vertex 1.2080357074738 1.1011176109314 0.19799999892712
			vertex 1.2053632736206 1.0990642309189 0.19799999892712
			vertex 1.2072370052338 1.1051330566406 0.19799999892712
		endloop
	endfacet
	facet normal 0 0 -1
		outer loop
			vertex 1.2080357074738 1.1011176109314 0.19799999892712
			vertex 1.2053632736206 1.0990600585938 0.19799999892712
			vertex 1.2053632736206 1.0990642309189 0.19799999892712
		endloop
	endfacet
	facet normal 0 0 -1
		outer loop
			vertex 1.2080357074738 1.1011176109314 0.19799999892712
			vertex 1.2068458795547 1.0910204648972 0.19799999892712
			vertex 1.2053632736206 1.0990600585938 0.19799999892712
		endloop
	endfacet
	facet normal 0 0 -1
		outer loop
			vertex 1.1393327713013 1.1276872158051 0.19799999892712
			vertex 1.1679600477219 1.0990600585938 0.19799999892712
			vertex 1.1599069833755 1.0990600585938 0.19799999892712
		endloop
	endfacet
	facet normal 0 0 -1
		outer loop
			vertex 1.2486726045609 1.2287101745605 0.19799999892712
			vertex 1.2604271173477 1.2225171327591 0.19799999892712
			vertex 1.251869559288 1.2126383781433 0.19799999892712
		endloop
	endfacet
	facet normal 0 0 -1
		outer loop
			vertex 1.251869559288 1.2126383781433 0.19799999892712
			vertex 1.2604271173477 1.2225171327591 0.19799999892712
			vertex 1.2604271173477 1.222512960434 0.19799999892712
		endloop
	endfacet
	facet normal -0.19505403145813 0.98079249834607 0
		outer loop
			vertex 1.6124558448792 1.2770124673843 0
			vertex 1.6124558448792 1.2770124673843 0.19799999892712
			vertex 1.6152929067612 1.2775766849518 0
		endloop
	endfacet
	facet normal -0.55556890707149 0.83147049827122 0
		outer loop
			vertex 1.6152929067612 1.2775766849518 0
			vertex 1.6152929067612 1.2775766849518 0.19799999892712
			vertex 1.6284272670746 1.2863527536392 0
		endloop
	endfacet
	facet normal -0.19505403145813 0.98079249834607 0
		outer loop
			vertex 1.6152929067612 1.2775766849518 0
			vertex 1.6124558448792 1.2770124673843 0.19799999892712
			vertex 1.6152929067612 1.2775766849518 0.19799999892712
		endloop
	endfacet
	facet normal -0.55556890707149 0.83147049827122 0
		outer loop
			vertex 1.6284272670746 1.2863527536392 0
			vertex 1.6152929067612 1.2775766849518 0.19799999892712
			vertex 1.6284272670746 1.2863527536392 0.19799999892712
		endloop
	endfacet
	facet normal 0 0 -1
		outer loop
			vertex 1.568415760994 1.3002132177353 0.19799999892712
			vertex 1.5711569786072 1.3435835838318 0.19799999892712
			vertex 1.5711762905121 1.3435897827148 0.19799999892712
		endloop
	endfacet
	facet normal 0 0 -1
		outer loop
			vertex 1.568415760994 1.3002132177353 0.19799999892712
			vertex 1.5711467266083 1.3435682058334 0.19799999892712
			vertex 1.5711569786072 1.3435835838318 0.19799999892712
		endloop
	endfacet
	facet normal 0 0 -1
		outer loop
			vertex 1.568415760994 1.3002132177353 0.19799999892712
			vertex 1.5711762905121 1.3435897827148 0.19799999892712
			vertex 1.5712569952011 1.3436634540558 0.19799999892712
		endloop
	endfacet
	facet normal 0 0 -1
		outer loop
			vertex 1.568415760994 1.3002132177353 0.19799999892712
			vertex 1.5843070745468 1.3400480747223 0.19799999892712
			vertex 1.599799990654 1.3149800300598 0.19799999892712
		endloop
	endfacet
	facet normal 0 0 -1
		outer loop
			vertex 1.568415760994 1.3002132177353 0.19799999892712
			vertex 1.5712569952011 1.3436634540558 0.19799999892712
			vertex 1.5843070745468 1.3400480747223 0.19799999892712
		endloop
	endfacet
	facet normal 0 0 -1
		outer loop
			vertex 1.599799990654 1.3149800300598 0.19799999892712
			vertex 1.6152929067612 1.2775766849518 0.19799999892712
			vertex 1.6124558448792 1.2770124673843 0.19799999892712
		endloop
	endfacet
	facet normal 0 0 -1
		outer loop
			vertex 1.599799990654 1.3149800300598 0.19799999892712
			vertex 1.6168826818466 1.3443912267685 0.19799999892712
			vertex 1.6152929067612 1.2775766849518 0.19799999892712
		endloop
	endfacet
	facet normal 0 0 -1
		outer loop
			vertex 1.6152929067612 1.2775766849518 0.19799999892712
			vertex 1.6168826818466 1.3443912267685 0.19799999892712
			vertex 1.6284272670746 1.2863527536392 0.19799999892712
		endloop
	endfacet
	facet normal -0.83147049827122 0.55556890707149 0
		outer loop
			vertex 1.7363872528076 1.3943127393723 0
			vertex 1.7363872528076 1.3943127393723 0.19799999892712
			vertex 1.7451633214951 1.4074470996857 0
		endloop
	endfacet
	facet normal -0.9807859257324 0.19508707769927 0
		outer loop
			vertex 1.7451633214951 1.4074470996857 0
			vertex 1.7451633214951 1.4074470996857 0.19799999892712
			vertex 1.7482450008392 1.4229400157928 0
		endloop
	endfacet
	facet normal -0.9807859257324 -0.19508707769927 0
		outer loop
			vertex 1.7451633214951 1.4384329319 0
			vertex 1.7482450008392 1.4229400157928 0
			vertex 1.7482450008392 1.4229400157928 0.19799999892712
		endloop
	endfacet
	facet normal -0.83146816895758 -0.55557239313192 0
		outer loop
			vertex 1.7363872528076 1.4515671730042 0
			vertex 1.7451633214951 1.4384329319 0
			vertex 1.7451633214951 1.4384329319 0.19799999892712
		endloop
	endfacet
	facet normal -0.83147049827122 0.55556890707149 0
		outer loop
			vertex 1.7451633214951 1.4074470996857 0
			vertex 1.7363872528076 1.3943127393723 0.19799999892712
			vertex 1.7451633214951 1.4074470996857 0.19799999892712
		endloop
	endfacet
	facet normal -0.9807859257324 0.19508707769927 0
		outer loop
			vertex 1.7482450008392 1.4229400157928 0
			vertex 1.7451633214951 1.4074470996857 0.19799999892712
			vertex 1.7482450008392 1.4229400157928 0.19799999892712
		endloop
	endfacet
	facet normal -0.9807859257324 -0.19508707769927 0
		outer loop
			vertex 1.7451633214951 1.4384329319 0
			vertex 1.7482450008392 1.4229400157928 0.19799999892712
			vertex 1.7451633214951 1.4384329319 0.19799999892712
		endloop
	endfacet
	facet normal -0.83146816895758 -0.55557239313192 0
		outer loop
			vertex 1.7363872528076 1.4515671730042 0
			vertex 1.7451633214951 1.4384329319 0.19799999892712
			vertex 1.7363872528076 1.4515671730042 0.19799999892712
		endloop
	endfacet
	facet normal 0 0 -1
		outer loop
			vertex 1.7363872528076 1.3943127393723 0.19799999892712
			vertex 1.7363872528076 1.4515671730042 0.19799999892712
			vertex 1.7451633214951 1.4074470996857 0.19799999892712
		endloop
	endfacet
	facet normal 0 0 -1
		outer loop
			vertex 1.7363872528076 1.3943127393723 0.19799999892712
			vertex 1.7028176784515 1.4278823137283 0.19799999892712
			vertex 1.7363872528076 1.4515671730042 0.19799999892712
		endloop
	endfacet
	facet normal 0 0 -1
		outer loop
			vertex 1.7028176784515 1.4278823137283 0.19799999892712
			vertex 1.707759976387 1.4603531360626 0.19799999892712
			vertex 1.7363872528076 1.4515671730042 0.19799999892712
		endloop
	endfacet
	facet normal 0 0 -1
		outer loop
			vertex 1.7451633214951 1.4074470996857 0.19799999892712
			vertex 1.7363872528076 1.4515671730042 0.19799999892712
			vertex 1.7451633214951 1.4384329319 0.19799999892712
		endloop
	endfacet
	facet normal 0 0 -1
		outer loop
			vertex 1.7451633214951 1.4074470996857 0.19799999892712
			vertex 1.7451633214951 1.4384329319 0.19799999892712
			vertex 1.7482450008392 1.4229400157928 0.19799999892712
		endloop
	endfacet
	facet normal -0.1950943370645 -0.98078448175191 0
		outer loop
			vertex 1.599799990654 1.5713850259781 0
			vertex 1.6152929067612 1.5683032274246 0
			vertex 1.6152929067612 1.5683032274246 0.19799999892712
		endloop
	endfacet
	facet normal -0.55556890707149 -0.83147049827122 0
		outer loop
			vertex 1.6152929067612 1.5683032274246 0
			vertex 1.6284272670746 1.5595271587372 0
			vertex 1.6284272670746 1.5595271587372 0.19799999892712
		endloop
	endfacet
	facet normal -0.1950943370645 -0.98078448175191 0
		outer loop
			vertex 1.599799990654 1.5713850259781 0
			vertex 1.6152929067612 1.5683032274246 0.19799999892712
			vertex 1.599799990654 1.5713850259781 0.19799999892712
		endloop
	endfacet
	facet normal -0.55556890707149 -0.83147049827122 0
		outer loop
			vertex 1.6152929067612 1.5683032274246 0
			vertex 1.6284272670746 1.5595271587372 0.19799999892712
			vertex 1.6152929067612 1.5683032274246 0.19799999892712
		endloop
	endfacet
	facet normal 0 0 -1
		outer loop
			vertex 1.599799990654 1.4934868812561 0.19799999892712
			vertex 1.6090561151505 1.5248515605927 0.19799999892712
			vertex 1.6019200086594 1.4908367395401 0.19799999892712
		endloop
	endfacet
	facet normal -0 0 -1
		outer loop
			vertex 1.6058731079102 1.491623044014 0.19799999892712
			vertex 1.6019200086594 1.4908367395401 0.19799999892712
			vertex 1.6090561151505 1.5248515605927 0.19799999892712
		endloop
	endfacet
	facet normal 0 0 -1
		outer loop
			vertex 1.599799990654 1.4934868812561 0.19799999892712
			vertex 1.599799990654 1.5713850259781 0.19799999892712
			vertex 1.6065168380737 1.5376168489456 0.19799999892712
		endloop
	endfacet
	facet normal 0 0 -1
		outer loop
			vertex 1.599799990654 1.4934868812561 0.19799999892712
			vertex 1.6065168380737 1.5376168489456 0.19799999892712
			vertex 1.6090561151505 1.5248515605927 0.19799999892712
		endloop
	endfacet
	facet normal 0 0 -1
		outer loop
			vertex 1.599799990654 1.5713850259781 0.19799999892712
			vertex 1.6284272670746 1.5595271587372 0.19799999892712
			vertex 1.6065168380737 1.5376168489456 0.19799999892712
		endloop
	endfacet
	facet normal 0 0 -1
		outer loop
			vertex 1.599799990654 1.5713850259781 0.19799999892712
			vertex 1.6152929067612 1.5683032274246 0.19799999892712
			vertex 1.6284272670746 1.5595271587372 0.19799999892712
		endloop
	endfacet
	facet normal 0.1950943370645 -0.98078448175191 0
		outer loop
			vertex 1.2604271173477 1.5683032274246 0
			vertex 1.2759200334549 1.5713850259781 0
			vertex 1.2759200334549 1.5713850259781 0.19799999892712
		endloop
	endfacet
	facet normal 0.1950943370645 -0.98078448175191 0
		outer loop
			vertex 1.2604271173477 1.5683032274246 0
			vertex 1.2759200334549 1.5713850259781 0.19799999892712
			vertex 1.2604271173477 1.5683032274246 0.19799999892712
		endloop
	endfacet
	facet normal 0 0 -1
		outer loop
			vertex 1.2604271173477 1.5463929176331 0.19799999892712
			vertex 1.2604271173477 1.5683032274246 0.19799999892712
			vertex 1.2759200334549 1.5451164245605 0.19799999892712
		endloop
	endfacet
	facet normal 0 0 -1
		outer loop
			vertex 1.2604271173477 1.5463929176331 0.19799999892712
			vertex 1.2759200334549 1.5451164245605 0.19799999892712
			vertex 1.2658674716949 1.5409525632858 0.19799999892712
		endloop
	endfacet
	facet normal 0 0 -1
		outer loop
			vertex 1.2604271173477 1.5683032274246 0.19799999892712
			vertex 1.2759200334549 1.5713850259781 0.19799999892712
			vertex 1.2759200334549 1.5451164245605 0.19799999892712
		endloop
	endfacet
	facet normal -1 0 0
		outer loop
			vertex 1.8562049865723 1.0315849781036 0
			vertex 1.8562049865723 1.0315849781036 0.19799999892712
			vertex 1.8562049865723 1.2205150127411 0
		endloop
	endfacet
	facet normal 1 0 0
		outer loop
			vertex 1.7752350568771 0.99110001325607 0
			vertex 1.7752350568771 1.5309000015259 0
			vertex 1.7752350568771 1.5309000015259 0.19799999892712
		endloop
	endfacet
	facet normal -1 0 0
		outer loop
			vertex 1.8562049865723 1.3014849424362 0
			vertex 1.8562049865723 1.3014849424362 0.19799999892712
			vertex 1.8562049865723 1.4904149770737 0
		endloop
	endfacet
	facet normal 1 0 0
		outer loop
			vertex 1.7752350568771 0.99110001325607 0
			vertex 1.7752350568771 1.5309000015259 0.19799999892712
			vertex 1.7752350568771 0.99110001325607 0.19799999892712
		endloop
	endfacet
	facet normal -1 0 0
		outer loop
			vertex 1.8562049865723 1.2205150127411 0
			vertex 1.8562049865723 1.0315849781036 0.19799999892712
			vertex 1.8562049865723 1.2205150127411 0.19799999892712
		endloop
	endfacet
	facet normal -1 0 0
		outer loop
			vertex 1.8562049865723 1.4904149770737 0
			vertex 1.8562049865723 1.3014849424362 0.19799999892712
			vertex 1.8562049865723 1.4904149770737 0.19799999892712
		endloop
	endfacet
	facet normal 0 0 -1
		outer loop
			vertex 1.7752350568771 0.99110001325607 0.19799999892712
			vertex 1.8217927217484 1.2205150127411 0.19799999892712
			vertex 1.8157199621201 0.99110001325607 0.19799999892712
		endloop
	endfacet
	facet normal 0 0 -1
		outer loop
			vertex 1.8157199621201 0.99110001325607 0.19799999892712
			vertex 1.8217927217484 1.2205150127411 0.19799999892712
			vertex 1.8512750864029 1.0239660739899 0.19799999892712
		endloop
	endfacet
	facet normal 0 0 -1
		outer loop
			vertex 1.8512750864029 1.0239660739899 0.19799999892712
			vertex 1.8217927217484 1.2205150127411 0.19799999892712
			vertex 1.8562049865723 1.0315849781036 0.19799999892712
		endloop
	endfacet
	facet normal 0 0 -1
		outer loop
			vertex 1.7752350568771 0.99110001325607 0.19799999892712
			vertex 1.8157199621201 1.2610000371933 0.19799999892712
			vertex 1.8217927217484 1.2205150127411 0.19799999892712
		endloop
	endfacet
	facet normal 0 0 -1
		outer loop
			vertex 1.8562049865723 1.0315849781036 0.19799999892712
			vertex 1.8217927217484 1.2205150127411 0.19799999892712
			vertex 1.8562049865723 1.2205150127411 0.19799999892712
		endloop
	endfacet
	facet normal 0 0 -1
		outer loop
			vertex 1.7752350568771 0.99110001325607 0.19799999892712
			vertex 1.7752350568771 1.5309000015259 0.19799999892712
			vertex 1.8157199621201 1.2610000371933 0.19799999892712
		endloop
	endfacet
	facet normal 0 0 -1
		outer loop
			vertex 1.8157199621201 1.2610000371933 0.19799999892712
			vertex 1.8157199621201 1.5309000015259 0.19799999892712
			vertex 1.8562049865723 1.2928096055984 0.19799999892712
		endloop
	endfacet
	facet normal 0 0 -1
		outer loop
			vertex 1.8562049865723 1.2928096055984 0.19799999892712
			vertex 1.8157199621201 1.5309000015259 0.19799999892712
			vertex 1.8562049865723 1.3014849424362 0.19799999892712
		endloop
	endfacet
	facet normal 0 0 -1
		outer loop
			vertex 1.7752350568771 1.5309000015259 0.19799999892712
			vertex 1.7783167362213 1.5309000015259 0.19799999892712
			vertex 1.8157199621201 1.2610000371933 0.19799999892712
		endloop
	endfacet
	facet normal 0 0 -1
		outer loop
			vertex 1.7783167362213 1.5309000015259 0.19799999892712
			vertex 1.7813984155655 1.5309000015259 0.19799999892712
			vertex 1.8157199621201 1.2610000371933 0.19799999892712
		endloop
	endfacet
	facet normal 0 0 -1
		outer loop
			vertex 1.7813984155655 1.5309000015259 0.19799999892712
			vertex 1.8157199621201 1.5309000015259 0.19799999892712
			vertex 1.8157199621201 1.2610000371933 0.19799999892712
		endloop
	endfacet
	facet normal 0 0 -1
		outer loop
			vertex 1.8562049865723 1.3014849424362 0.19799999892712
			vertex 1.8157199621201 1.5309000015259 0.19799999892712
			vertex 1.8562049865723 1.4904149770737 0.19799999892712
		endloop
	endfacet
	facet normal 0 0 -1
		outer loop
			vertex 1.8562049865723 1.4904149770737 0.19799999892712
			vertex 1.8157199621201 1.5309000015259 0.19799999892712
			vertex 1.8562049865723 1.4990903139114 0.19799999892712
		endloop
	endfacet
	facet normal 0 1 0
		outer loop
			vertex 1.8157199621201 0.95061498880386 0
			vertex 1.8157199621201 0.95061498880386 0.19799999892712
			vertex 2.1935799121857 0.95061498880386 0
		endloop
	endfacet
	facet normal 0 -1 0
		outer loop
			vertex 1.8562049865723 1.0315849781036 0
			vertex 2.1813220977783 1.0315849781036 0
			vertex 2.1813220977783 1.0315849781036 0.19799999892712
		endloop
	endfacet
	facet normal 0 -1 0
		outer loop
			vertex 1.8562049865723 1.0315849781036 0
			vertex 2.1813220977783 1.0315849781036 0.19799999892712
			vertex 1.8562049865723 1.0315849781036 0.19799999892712
		endloop
	endfacet
	facet normal 0 1 -0
		outer loop
			vertex 2.1935799121857 0.95061498880386 0
			vertex 1.8157199621201 0.95061498880386 0.19799999892712
			vertex 2.1935799121857 0.95061498880386 0.19799999892712
		endloop
	endfacet
	facet normal 0 0 -1
		outer loop
			vertex 1.8157199621201 0.95061498880386 0.19799999892712
			vertex 1.8157199621201 0.99110001325607 0.19799999892712
			vertex 1.8512750864029 1.0239660739899 0.19799999892712
		endloop
	endfacet
	facet normal 0 0 -1
		outer loop
			vertex 1.8157199621201 0.95061498880386 0.19799999892712
			vertex 1.8512750864029 1.0239660739899 0.19799999892712
			vertex 2.1935799121857 0.95061498880386 0.19799999892712
		endloop
	endfacet
	facet normal 0 0 -1
		outer loop
			vertex 1.8512750864029 1.0239660739899 0.19799999892712
			vertex 1.8562049865723 1.0315849781036 0.19799999892712
			vertex 2.1813220977783 1.0315849781036 0.19799999892712
		endloop
	endfacet
	facet normal 0 0 -1
		outer loop
			vertex 1.8512750864029 1.0239660739899 0.19799999892712
			vertex 2.1935799121857 0.99110001325607 0.19799999892712
			vertex 2.1935799121857 0.95061498880386 0.19799999892712
		endloop
	endfacet
	facet normal 0 0 -1
		outer loop
			vertex 1.8512750864029 1.0239660739899 0.19799999892712
			vertex 2.1813220977783 1.0315849781036 0.19799999892712
			vertex 2.1935799121857 0.99110001325607 0.19799999892712
		endloop
	endfacet
	facet normal 0.83202671791446 0.55473555923204 0
		outer loop
			vertex 2.2160370349884 0.95741444826126 0
			vertex 2.2156054973602 0.95806169509888 0
			vertex 2.2156054973602 0.95806169509888 0.19799999892712
		endloop
	endfacet
	facet normal 0.5547000250409 -0.83205040846071 0
		outer loop
			vertex 2.1813220977783 1.0315849781036 0
			vertex 2.3150351047516 1.1207269430161 0
			vertex 2.3150351047516 1.1207269430161 0.19799999892712
		endloop
	endfacet
	facet normal -0.55470012555228 0.83205034145314 0
		outer loop
			vertex 2.2160370349884 0.95741444826126 0
			vertex 2.3779771327972 1.0653744935989 0.19799999892712
			vertex 2.3779771327972 1.0653744935989 0
		endloop
	endfacet
	facet normal -0.83200313698162 -0.55477092574571 0
		outer loop
			vertex 2.3775455951691 1.0660216808319 0
			vertex 2.3779771327972 1.0653744935989 0
			vertex 2.3779771327972 1.0653744935989 0.19799999892712
		endloop
	endfacet
	facet normal 0.83202671791446 0.55473555923204 -0
		outer loop
			vertex 2.2160370349884 0.95741444826126 0
			vertex 2.2156054973602 0.95806169509888 0.19799999892712
			vertex 2.2160370349884 0.95741444826126 0.19799999892712
		endloop
	endfacet
	facet normal 0.5547000250409 -0.83205040846071 0
		outer loop
			vertex 2.1813220977783 1.0315849781036 0
			vertex 2.3150351047516 1.1207269430161 0.19799999892712
			vertex 2.1813220977783 1.0315849781036 0.19799999892712
		endloop
	endfacet
	facet normal -0.55470012555228 0.83205034145314 0
		outer loop
			vertex 2.2160370349884 0.95741444826126 0
			vertex 2.2160370349884 0.95741444826126 0.19799999892712
			vertex 2.3779771327972 1.0653744935989 0.19799999892712
		endloop
	endfacet
	facet normal -0.83200313698162 -0.55477092574571 0
		outer loop
			vertex 2.3775455951691 1.0660216808319 0
			vertex 2.3779771327972 1.0653744935989 0.19799999892712
			vertex 2.3775455951691 1.0660216808319 0.19799999892712
		endloop
	endfacet
	facet normal 0 0 -1
		outer loop
			vertex 2.1935799121857 0.99110001325607 0.19799999892712
			vertex 2.3150351047516 1.1057356595993 0.19799999892712
			vertex 2.2156054973602 0.95806169509888 0.19799999892712
		endloop
	endfacet
	facet normal 0 0 -1
		outer loop
			vertex 2.2156054973602 0.95806169509888 0.19799999892712
			vertex 2.3150351047516 1.1057356595993 0.19799999892712
			vertex 2.2160370349884 0.95741444826126 0.19799999892712
		endloop
	endfacet
	facet normal 0 0 -1
		outer loop
			vertex 2.1935799121857 0.99110001325607 0.19799999892712
			vertex 2.1813220977783 1.0315849781036 0.19799999892712
			vertex 2.3150351047516 1.1057356595993 0.19799999892712
		endloop
	endfacet
	facet normal 0 0 -1
		outer loop
			vertex 2.2160370349884 0.95741444826126 0.19799999892712
			vertex 2.3150351047516 1.1057356595993 0.19799999892712
			vertex 2.3555200099945 1.0990600585938 0.19799999892712
		endloop
	endfacet
	facet normal 0 0 -1
		outer loop
			vertex 2.1813220977783 1.0315849781036 0.19799999892712
			vertex 2.3150351047516 1.1207269430161 0.19799999892712
			vertex 2.3150351047516 1.1057356595993 0.19799999892712
		endloop
	endfacet
	facet normal 0 0 -1
		outer loop
			vertex 2.2160370349884 0.95741444826126 0.19799999892712
			vertex 2.3555200099945 1.0990600585938 0.19799999892712
			vertex 2.3775455951691 1.0660216808319 0.19799999892712
		endloop
	endfacet
	facet normal 0 0 -1
		outer loop
			vertex 2.2160370349884 0.95741444826126 0.19799999892712
			vertex 2.3775455951691 1.0660216808319 0.19799999892712
			vertex 2.3779771327972 1.0653744935989 0.19799999892712
		endloop
	endfacet
	facet normal 0 0 -1
		outer loop
			vertex 2.3555200099945 1.0990600585938 0.19799999892712
			vertex 2.3150351047516 1.1057356595993 0.19799999892712
			vertex 2.3195207118988 1.112456202507 0.19799999892712
		endloop
	endfacet
	facet normal 1 0 0
		outer loop
			vertex 2.3150351047516 1.1207269430161 0
			vertex 2.3150351047516 1.1778401136398 0
			vertex 2.3150351047516 1.1778401136398 0.19799999892712
		endloop
	endfacet
	facet normal -1 0 0
		outer loop
			vertex 2.3960049152374 1.0990600585938 0
			vertex 2.3960049152374 1.0990600585938 0.19799999892712
			vertex 2.3960049152374 1.2070200443268 0
		endloop
	endfacet
	facet normal 1 0 0
		outer loop
			vertex 2.3150351047516 1.1207269430161 0
			vertex 2.3150351047516 1.1778401136398 0.19799999892712
			vertex 2.3150351047516 1.1207269430161 0.19799999892712
		endloop
	endfacet
	facet normal -1 0 0
		outer loop
			vertex 2.3960049152374 1.2070200443268 0
			vertex 2.3960049152374 1.0990600585938 0.19799999892712
			vertex 2.3960049152374 1.2070200443268 0.19799999892712
		endloop
	endfacet
	facet normal 0 0 -1
		outer loop
			vertex 2.3150351047516 1.1207269430161 0.19799999892712
			vertex 2.3195207118988 1.112456202507 0.19799999892712
			vertex 2.3150351047516 1.1057356595993 0.19799999892712
		endloop
	endfacet
	facet normal 0 0 -1
		outer loop
			vertex 2.3150351047516 1.1207269430161 0.19799999892712
			vertex 2.3150351047516 1.1778401136398 0.19799999892712
			vertex 2.3195207118988 1.112456202507 0.19799999892712
		endloop
	endfacet
	facet normal 0 0 -1
		outer loop
			vertex 2.3555200099945 1.0990600585938 0.19799999892712
			vertex 2.3195207118988 1.112456202507 0.19799999892712
			vertex 2.3414587974548 1.1691588163376 0.19799999892712
		endloop
	endfacet
	facet normal 0 0 -1
		outer loop
			vertex 2.3195207118988 1.112456202507 0.19799999892712
			vertex 2.3150351047516 1.1778401136398 0.19799999892712
			vertex 2.3414587974548 1.1691588163376 0.19799999892712
		endloop
	endfacet
	facet normal 0 0 -1
		outer loop
			vertex 2.3150351047516 1.1806260347366 0.19799999892712
			vertex 2.3414587974548 1.1691588163376 0.19799999892712
			vertex 2.3150351047516 1.1778401136398 0.19799999892712
		endloop
	endfacet
	facet normal 0 0 -1
		outer loop
			vertex 2.3555200099945 1.0990600585938 0.19799999892712
			vertex 2.3414587974548 1.1691588163376 0.19799999892712
			vertex 2.3635730743408 1.0990600585938 0.19799999892712
		endloop
	endfacet
	facet normal 0 0 -1
		outer loop
			vertex 2.3635730743408 1.0990600585938 0.19799999892712
			vertex 2.3414587974548 1.1691588163376 0.19799999892712
			vertex 2.3710129261017 1.1323827505112 0.19799999892712
		endloop
	endfacet
	facet normal 0 -0 -1
		outer loop
			vertex 2.3430631160736 1.1696492433548 0.19799999892712
			vertex 2.3710129261017 1.1323827505112 0.19799999892712
			vertex 2.3414587974548 1.1691588163376 0.19799999892712
		endloop
	endfacet
	facet normal 0 0 -1
		outer loop
			vertex 2.3430631160736 1.1696492433548 0.19799999892712
			vertex 2.3555200099945 1.2070200443268 0.19799999892712
			vertex 2.3710129261017 1.1323827505112 0.19799999892712
		endloop
	endfacet
	facet normal 0 0 -1
		outer loop
			vertex 2.3960049152374 1.0990600585938 0.19799999892712
			vertex 2.3710129261017 1.1323827505112 0.19799999892712
			vertex 2.3960049152374 1.2070200443268 0.19799999892712
		endloop
	endfacet
	facet normal 0 0 -1
		outer loop
			vertex 2.3555200099945 1.2070200443268 0.19799999892712
			vertex 2.3960049152374 1.2070200443268 0.19799999892712
			vertex 2.3710129261017 1.1323827505112 0.19799999892712
		endloop
	endfacet
	facet normal 0.31622750100913 0.94868338638638 -0
		outer loop
			vertex 2.1870102882385 1.2205150127411 0
			vertex 2.1870102882385 1.2205150127411 0.19799999892712
			vertex 2.3150351047516 1.1778401136398 0
		endloop
	endfacet
	facet normal -0.31622776601684 -0.94868329805051 0
		outer loop
			vertex 2.3683223724365 1.2454274892807 0
			vertex 2.3683223724365 1.2454274892807 0.19799999892712
			vertex 2.3216047286987 1.2610000371933 0
		endloop
	endfacet
	facet normal -0.94868329805051 0.31622776601684 0
		outer loop
			vertex 2.3683223724365 1.2454274892807 0
			vertex 2.3681757450104 1.2449876070023 0
			vertex 2.3681757450104 1.2449876070023 0.19799999892712
		endloop
	endfacet
	facet normal 0.31622750100913 0.94868338638638 -0
		outer loop
			vertex 2.3150351047516 1.1778401136398 0
			vertex 2.1870102882385 1.2205150127411 0.19799999892712
			vertex 2.3150351047516 1.1778401136398 0.19799999892712
		endloop
	endfacet
	facet normal -0.31622776601684 -0.94868329805051 0
		outer loop
			vertex 2.3216047286987 1.2610000371933 0
			vertex 2.3683223724365 1.2454274892807 0.19799999892712
			vertex 2.3216047286987 1.2610000371933 0.19799999892712
		endloop
	endfacet
	facet normal -0.94868329805051 0.31622776601684 0
		outer loop
			vertex 2.3683223724365 1.2454274892807 0
			vertex 2.3681757450104 1.2449876070023 0.19799999892712
			vertex 2.3683223724365 1.2454274892807 0.19799999892712
		endloop
	endfacet
	facet normal 0 0 -1
		outer loop
			vertex 2.1870102882385 1.2205150127411 0.19799999892712
			vertex 2.1928737163544 1.2240653038025 0.19799999892712
			vertex 2.1935799121857 1.2241513729095 0.19799999892712
		endloop
	endfacet
	facet normal 0 0 -1
		outer loop
			vertex 2.1870102882385 1.2205150127411 0.19799999892712
			vertex 2.1832389831543 1.2225719690323 0.19799999892712
			vertex 2.1928737163544 1.2240653038025 0.19799999892712
		endloop
	endfacet
	facet normal 0 0 -1
		outer loop
			vertex 2.1870102882385 1.2205150127411 0.19799999892712
			vertex 2.1935799121857 1.2241513729095 0.19799999892712
			vertex 2.1998472213745 1.2217615842819 0.19799999892712
		endloop
	endfacet
	facet normal 0 0 -1
		outer loop
			vertex 2.1870102882385 1.2205150127411 0.19799999892712
			vertex 2.1998472213745 1.2217615842819 0.19799999892712
			vertex 2.3150351047516 1.1778401136398 0.19799999892712
		endloop
	endfacet
	facet normal 0 -0 -1
		outer loop
			vertex 2.2085988521576 1.2259800434113 0.19799999892712
			vertex 2.3150351047516 1.1778401136398 0.19799999892712
			vertex 2.1998472213745 1.2217615842819 0.19799999892712
		endloop
	endfacet
	facet normal 0 0 -1
		outer loop
			vertex 2.2085988521576 1.2259800434113 0.19799999892712
			vertex 2.2090728282928 1.2260377407074 0.19799999892712
			vertex 2.3150351047516 1.1778401136398 0.19799999892712
		endloop
	endfacet
	facet normal 0 0 -1
		outer loop
			vertex 2.2090728282928 1.2260377407074 0.19799999892712
			vertex 2.2118077278137 1.2254241704941 0.19799999892712
			vertex 2.3150351047516 1.1778401136398 0.19799999892712
		endloop
	endfacet
	facet normal 0 -0 -1
		outer loop
			vertex 2.2153816223145 1.2278120517731 0.19799999892712
			vertex 2.3216047286987 1.2610000371933 0.19799999892712
			vertex 2.2118077278137 1.2254241704941 0.19799999892712
		endloop
	endfacet
	facet normal 0 -0 -1
		outer loop
			vertex 2.2213048934937 1.2369086742401 0.19799999892712
			vertex 2.3216047286987 1.2610000371933 0.19799999892712
			vertex 2.2153816223145 1.2278120517731 0.19799999892712
		endloop
	endfacet
	facet normal -0 0 -1
		outer loop
			vertex 2.3430631160736 1.1696492433548 0.19799999892712
			vertex 2.3414587974548 1.1691588163376 0.19799999892712
			vertex 2.3555200099945 1.2070200443268 0.19799999892712
		endloop
	endfacet
	facet normal 0 0 -1
		outer loop
			vertex 2.2118077278137 1.2254241704941 0.19799999892712
			vertex 2.3150351047516 1.1806260347366 0.19799999892712
			vertex 2.3150351047516 1.1778401136398 0.19799999892712
		endloop
	endfacet
	facet normal 0 0 -1
		outer loop
			vertex 2.2118077278137 1.2254241704941 0.19799999892712
			vertex 2.3681757450104 1.2449876070023 0.19799999892712
			vertex 2.3150351047516 1.1806260347366 0.19799999892712
		endloop
	endfacet
	facet normal 0 0 -1
		outer loop
			vertex 2.2213048934937 1.2369086742401 0.19799999892712
			vertex 2.2308685779572 1.2460836172104 0.19799999892712
			vertex 2.3216047286987 1.2610000371933 0.19799999892712
		endloop
	endfacet
	facet normal 0 -0 -1
		outer loop
			vertex 2.2309832572937 1.2461936473846 0.19799999892712
			vertex 2.3216047286987 1.2610000371933 0.19799999892712
			vertex 2.2308685779572 1.2460836172104 0.19799999892712
		endloop
	endfacet
	facet normal 0 0 -1
		outer loop
			vertex 2.2118077278137 1.2254241704941 0.19799999892712
			vertex 2.3216047286987 1.2610000371933 0.19799999892712
			vertex 2.3683223724365 1.2454274892807 0.19799999892712
		endloop
	endfacet
	facet normal 0 0 -1
		outer loop
			vertex 2.3150351047516 1.1806260347366 0.19799999892712
			vertex 2.3555200099945 1.2070200443268 0.19799999892712
			vertex 2.3414587974548 1.1691588163376 0.19799999892712
		endloop
	endfacet
	facet normal 0 0 -1
		outer loop
			vertex 2.3150351047516 1.1806260347366 0.19799999892712
			vertex 2.3681757450104 1.2449876070023 0.19799999892712
			vertex 2.3555200099945 1.2070200443268 0.19799999892712
		endloop
	endfacet
	facet normal 0 0 -1
		outer loop
			vertex 2.2118077278137 1.2254241704941 0.19799999892712
			vertex 2.3683223724365 1.2454274892807 0.19799999892712
			vertex 2.3681757450104 1.2449876070023 0.19799999892712
		endloop
	endfacet
	facet normal 0 0 -1
		outer loop
			vertex 2.2309832572937 1.2461936473846 0.19799999892712
			vertex 2.2658047676086 1.2796000242233 0.19799999892712
			vertex 2.3216047286987 1.2610000371933 0.19799999892712
		endloop
	endfacet
	facet normal 0 1 0
		outer loop
			vertex 1.8562049865723 1.2205150127411 0
			vertex 1.8562049865723 1.2205150127411 0.19799999892712
			vertex 2.1870102882385 1.2205150127411 0
		endloop
	endfacet
	facet normal 0 -1 0
		outer loop
			vertex 1.8562049865723 1.3014849424362 0
			vertex 2.1870102882385 1.3014849424362 0
			vertex 2.1870102882385 1.3014849424362 0.19799999892712
		endloop
	endfacet
	facet normal 0 1 -0
		outer loop
			vertex 2.1870102882385 1.2205150127411 0
			vertex 1.8562049865723 1.2205150127411 0.19799999892712
			vertex 2.1870102882385 1.2205150127411 0.19799999892712
		endloop
	endfacet
	facet normal 0 -1 0
		outer loop
			vertex 1.8562049865723 1.3014849424362 0
			vertex 2.1870102882385 1.3014849424362 0.19799999892712
			vertex 1.8562049865723 1.3014849424362 0.19799999892712
		endloop
	endfacet
	facet normal 0 0 -1
		outer loop
			vertex 1.8217927217484 1.2205150127411 0.19799999892712
			vertex 1.8157199621201 1.2610000371933 0.19799999892712
			vertex 1.8562049865723 1.2205150127411 0.19799999892712
		endloop
	endfacet
	facet normal 0 0 -1
		outer loop
			vertex 1.8562049865723 1.2205150127411 0.19799999892712
			vertex 1.8157199621201 1.2610000371933 0.19799999892712
			vertex 1.8562049865723 1.2928096055984 0.19799999892712
		endloop
	endfacet
	facet normal 0 0 -1
		outer loop
			vertex 1.8562049865723 1.2205150127411 0.19799999892712
			vertex 1.8562049865723 1.2928096055984 0.19799999892712
			vertex 2.1780869960785 1.2238348722458 0.19799999892712
		endloop
	endfacet
	facet normal 0 0 -1
		outer loop
			vertex 1.8562049865723 1.2205150127411 0.19799999892712
			vertex 2.1819515228271 1.2228280305862 0.19799999892712
			vertex 2.1870102882385 1.2205150127411 0.19799999892712
		endloop
	endfacet
	facet normal 0 0 -1
		outer loop
			vertex 1.8562049865723 1.2205150127411 0.19799999892712
			vertex 2.1780869960785 1.2238348722458 0.19799999892712
			vertex 2.1819515228271 1.2228280305862 0.19799999892712
		endloop
	endfacet
	facet normal 0 0 -1
		outer loop
			vertex 1.8562049865723 1.2928096055984 0.19799999892712
			vertex 2.1935799121857 1.2610000371933 0.19799999892712
			vertex 2.1935799121857 1.2241513729095 0.19799999892712
		endloop
	endfacet
	facet normal 0 0 -1
		outer loop
			vertex 1.8562049865723 1.2928096055984 0.19799999892712
			vertex 2.1928737163544 1.2240653038025 0.19799999892712
			vertex 2.1780869960785 1.2238348722458 0.19799999892712
		endloop
	endfacet
	facet normal 0 0 -1
		outer loop
			vertex 1.8562049865723 1.2928096055984 0.19799999892712
			vertex 2.1935799121857 1.2241513729095 0.19799999892712
			vertex 2.1928737163544 1.2240653038025 0.19799999892712
		endloop
	endfacet
	facet normal 0 0 -1
		outer loop
			vertex 2.1870102882385 1.2205150127411 0.19799999892712
			vertex 2.1819515228271 1.2228280305862 0.19799999892712
			vertex 2.1832389831543 1.2225719690323 0.19799999892712
		endloop
	endfacet
	facet normal 0 0 -1
		outer loop
			vertex 1.8562049865723 1.2928096055984 0.19799999892712
			vertex 1.8562049865723 1.3014849424362 0.19799999892712
			vertex 2.1870102882385 1.3014849424362 0.19799999892712
		endloop
	endfacet
	facet normal 0 0 -1
		outer loop
			vertex 1.8562049865723 1.2928096055984 0.19799999892712
			vertex 2.1870102882385 1.3014849424362 0.19799999892712
			vertex 2.1909489631653 1.3014849424362 0.19799999892712
		endloop
	endfacet
	facet normal 0 0 -1
		outer loop
			vertex 1.8562049865723 1.2928096055984 0.19799999892712
			vertex 2.1909489631653 1.3014849424362 0.19799999892712
			vertex 2.1935799121857 1.2610000371933 0.19799999892712
		endloop
	endfacet
	facet normal 0.9807859257324 -0.19508707769927 0
		outer loop
			vertex 1.7752350568771 1.5309000015259 0
			vertex 1.7783167362213 1.5463929176331 0
			vertex 1.7783167362213 1.5463929176331 0.19799999892712
		endloop
	endfacet
	facet normal 0.9807859257324 -0.19508707769927 0
		outer loop
			vertex 1.7752350568771 1.5309000015259 0
			vertex 1.7783167362213 1.5463929176331 0.19799999892712
			vertex 1.7752350568771 1.5309000015259 0.19799999892712
		endloop
	endfacet
	facet normal 0 0 -1
		outer loop
			vertex 1.7752350568771 1.5309000015259 0.19799999892712
			vertex 1.7783167362213 1.5463929176331 0.19799999892712
			vertex 1.7783167362213 1.5309000015259 0.19799999892712
		endloop
	endfacet
	facet normal 0 0 -1
		outer loop
			vertex 1.7813984155655 1.5309000015259 0.19799999892712
			vertex 1.7783167362213 1.5463929176331 0.19799999892712
			vertex 1.7901744842529 1.54403424263 0.19799999892712
		endloop
	endfacet
	facet normal 0 0 -1
		outer loop
			vertex 1.7813984155655 1.5309000015259 0.19799999892712
			vertex 1.7901744842529 1.54403424263 0.19799999892712
			vertex 1.8002270460129 1.55408680439 0.19799999892712
		endloop
	endfacet
	facet normal 0 0 -1
		outer loop
			vertex 1.7813984155655 1.5309000015259 0.19799999892712
			vertex 1.8002270460129 1.55408680439 0.19799999892712
			vertex 1.8033088445663 1.5528103113174 0.19799999892712
		endloop
	endfacet
	facet normal 0 0 -1
		outer loop
			vertex 1.7813984155655 1.5309000015259 0.19799999892712
			vertex 1.8033088445663 1.5528103113174 0.19799999892712
			vertex 1.8157199621201 1.5309000015259 0.19799999892712
		endloop
	endfacet
	facet normal 0 0 -1
		outer loop
			vertex 1.8157199621201 1.5309000015259 0.19799999892712
			vertex 1.8033088445663 1.5528103113174 0.19799999892712
			vertex 1.8157199621201 1.5579512119293 0.19799999892712
		endloop
	endfacet
	facet normal 0.83146816895758 0.55557239313192 0
		outer loop
			vertex 1.7870928049088 0.96247279644012 0
			vertex 1.7783167362213 0.97560703754425 0
			vertex 1.7783167362213 0.97560703754425 0.19799999892712
		endloop
	endfacet
	facet normal 0.98078606933945 0.19508635572402 0
		outer loop
			vertex 1.7783167362213 0.97560703754425 0
			vertex 1.7752350568771 0.99110001325607 0
			vertex 1.7752350568771 0.99110001325607 0.19799999892712
		endloop
	endfacet
	facet normal 0.55557239313192 0.83146816895758 -0
		outer loop
			vertex 1.7870928049088 0.96247279644012 0
			vertex 1.7870928049088 0.96247279644012 0.19799999892712
			vertex 1.8002270460129 0.95369672775269 0
		endloop
	endfacet
	facet normal 0.19509070738589 0.98078520374834 -0
		outer loop
			vertex 1.8002270460129 0.95369672775269 0
			vertex 1.8002270460129 0.95369672775269 0.19799999892712
			vertex 1.8157199621201 0.95061498880386 0
		endloop
	endfacet
	facet normal 0.98078606933945 0.19508635572402 -0
		outer loop
			vertex 1.7783167362213 0.97560703754425 0
			vertex 1.7752350568771 0.99110001325607 0.19799999892712
			vertex 1.7783167362213 0.97560703754425 0.19799999892712
		endloop
	endfacet
	facet normal 0.83146816895758 0.55557239313192 -0
		outer loop
			vertex 1.7870928049088 0.96247279644012 0
			vertex 1.7783167362213 0.97560703754425 0.19799999892712
			vertex 1.7870928049088 0.96247279644012 0.19799999892712
		endloop
	endfacet
	facet normal 0.55557239313192 0.83146816895758 -0
		outer loop
			vertex 1.8002270460129 0.95369672775269 0
			vertex 1.7870928049088 0.96247279644012 0.19799999892712
			vertex 1.8002270460129 0.95369672775269 0.19799999892712
		endloop
	endfacet
	facet normal 0.19509070738589 0.98078520374834 -0
		outer loop
			vertex 1.8157199621201 0.95061498880386 0
			vertex 1.8002270460129 0.95369672775269 0.19799999892712
			vertex 1.8157199621201 0.95061498880386 0.19799999892712
		endloop
	endfacet
	facet normal 0 0 -1
		outer loop
			vertex 1.7870928049088 0.96247279644012 0.19799999892712
			vertex 1.7783167362213 0.97560703754425 0.19799999892712
			vertex 1.8157199621201 0.99110001325607 0.19799999892712
		endloop
	endfacet
	facet normal 0 0 -1
		outer loop
			vertex 1.7870928049088 0.96247279644012 0.19799999892712
			vertex 1.8157199621201 0.99110001325607 0.19799999892712
			vertex 1.8002270460129 0.95369672775269 0.19799999892712
		endloop
	endfacet
	facet normal 0 0 -1
		outer loop
			vertex 1.8002270460129 0.95369672775269 0.19799999892712
			vertex 1.8157199621201 0.99110001325607 0.19799999892712
			vertex 1.8157199621201 0.95061498880386 0.19799999892712
		endloop
	endfacet
	facet normal 0 0 -1
		outer loop
			vertex 1.7783167362213 0.97560703754425 0.19799999892712
			vertex 1.7752350568771 0.99110001325607 0.19799999892712
			vertex 1.8157199621201 0.99110001325607 0.19799999892712
		endloop
	endfacet
	facet normal -0.19509070738589 0.98078520374834 0
		outer loop
			vertex 2.1935799121857 0.95061498880386 0
			vertex 2.1935799121857 0.95061498880386 0.19799999892712
			vertex 2.2090728282928 0.95369672775269 0
		endloop
	endfacet
	facet normal -0.55556824672696 0.83147093949742 0
		outer loop
			vertex 2.2090728282928 0.95369672775269 0
			vertex 2.2090728282928 0.95369672775269 0.19799999892712
			vertex 2.2156054973602 0.95806169509888 0
		endloop
	endfacet
	facet normal -0.19509070738589 0.98078520374834 0
		outer loop
			vertex 2.2090728282928 0.95369672775269 0
			vertex 2.1935799121857 0.95061498880386 0.19799999892712
			vertex 2.2090728282928 0.95369672775269 0.19799999892712
		endloop
	endfacet
	facet normal -0.55556824672696 0.83147093949742 0
		outer loop
			vertex 2.2156054973602 0.95806169509888 0
			vertex 2.2090728282928 0.95369672775269 0.19799999892712
			vertex 2.2156054973602 0.95806169509888 0.19799999892712
		endloop
	endfacet
	facet normal 0 0 -1
		outer loop
			vertex 2.1935799121857 0.95061498880386 0.19799999892712
			vertex 2.2156054973602 0.95806169509888 0.19799999892712
			vertex 2.2090728282928 0.95369672775269 0.19799999892712
		endloop
	endfacet
	facet normal 0 0 -1
		outer loop
			vertex 2.1935799121857 0.95061498880386 0.19799999892712
			vertex 2.1935799121857 0.99110001325607 0.19799999892712
			vertex 2.2156054973602 0.95806169509888 0.19799999892712
		endloop
	endfacet
	facet normal -0.55557649621855 0.83146542733268 0
		outer loop
			vertex 2.3775455951691 1.0660216808319 0
			vertex 2.3775455951691 1.0660216808319 0.19799999892712
			vertex 2.3841471672058 1.0704327821732 0
		endloop
	endfacet
	facet normal -0.83146468287841 0.55557761035332 0
		outer loop
			vertex 2.3841471672058 1.0704327821732 0
			vertex 2.3841471672058 1.0704327821732 0.19799999892712
			vertex 2.3929233551025 1.0835670232773 0
		endloop
	endfacet
	facet normal -0.98078765685496 0.19507837440619 0
		outer loop
			vertex 2.3929233551025 1.0835670232773 0
			vertex 2.3929233551025 1.0835670232773 0.19799999892712
			vertex 2.3960049152374 1.0990600585938 0
		endloop
	endfacet
	facet normal -0.55557649621855 0.83146542733268 0
		outer loop
			vertex 2.3841471672058 1.0704327821732 0
			vertex 2.3775455951691 1.0660216808319 0.19799999892712
			vertex 2.3841471672058 1.0704327821732 0.19799999892712
		endloop
	endfacet
	facet normal -0.83146468287841 0.55557761035332 0
		outer loop
			vertex 2.3929233551025 1.0835670232773 0
			vertex 2.3841471672058 1.0704327821732 0.19799999892712
			vertex 2.3929233551025 1.0835670232773 0.19799999892712
		endloop
	endfacet
	facet normal -0.98078765685496 0.19507837440619 0
		outer loop
			vertex 2.3960049152374 1.0990600585938 0
			vertex 2.3929233551025 1.0835670232773 0.19799999892712
			vertex 2.3960049152374 1.0990600585938 0.19799999892712
		endloop
	endfacet
	facet normal 0 0 -1
		outer loop
			vertex 2.3555200099945 1.0990600585938 0.19799999892712
			vertex 2.3635730743408 1.0990600585938 0.19799999892712
			vertex 2.3775455951691 1.0660216808319 0.19799999892712
		endloop
	endfacet
	facet normal 0 0 -1
		outer loop
			vertex 2.3635730743408 1.0990600585938 0.19799999892712
			vertex 2.3710129261017 1.1323827505112 0.19799999892712
			vertex 2.3775455951691 1.0660216808319 0.19799999892712
		endloop
	endfacet
	facet normal 0 0 -1
		outer loop
			vertex 2.3775455951691 1.0660216808319 0.19799999892712
			vertex 2.3710129261017 1.1323827505112 0.19799999892712
			vertex 2.3841471672058 1.0704327821732 0.19799999892712
		endloop
	endfacet
	facet normal 0 0 -1
		outer loop
			vertex 2.3841471672058 1.0704327821732 0.19799999892712
			vertex 2.3710129261017 1.1323827505112 0.19799999892712
			vertex 2.3960049152374 1.0990600585938 0.19799999892712
		endloop
	endfacet
	facet normal 0 0 -1
		outer loop
			vertex 2.3841471672058 1.0704327821732 0.19799999892712
			vertex 2.3960049152374 1.0990600585938 0.19799999892712
			vertex 2.3929233551025 1.0835670232773 0.19799999892712
		endloop
	endfacet
	facet normal -0.98078736966341 -0.19507981830198 0
		outer loop
			vertex 2.3960049152374 1.2070200443268 0
			vertex 2.3960049152374 1.2070200443268 0.19799999892712
			vertex 2.3929233551025 1.222512960434 0
		endloop
	endfacet
	facet normal -0.1950857893111 -0.98078618200343 0
		outer loop
			vertex 2.3681757450104 1.2449876070023 0
			vertex 2.3710129261017 1.2444232702255 0
			vertex 2.3710129261017 1.2444232702255 0.19799999892712
		endloop
	endfacet
	facet normal -0.55557239313192 -0.83146816895758 0
		outer loop
			vertex 2.3841471672058 1.2356472015381 0
			vertex 2.3841471672058 1.2356472015381 0.19799999892712
			vertex 2.3710129261017 1.2444232702255 0
		endloop
	endfacet
	facet normal -0.83146468287841 -0.55557761035332 0
		outer loop
			vertex 2.3841471672058 1.2356472015381 0
			vertex 2.3929233551025 1.222512960434 0
			vertex 2.3929233551025 1.222512960434 0.19799999892712
		endloop
	endfacet
	facet normal -0.98078736966341 -0.19507981830198 0
		outer loop
			vertex 2.3929233551025 1.222512960434 0
			vertex 2.3960049152374 1.2070200443268 0.19799999892712
			vertex 2.3929233551025 1.222512960434 0.19799999892712
		endloop
	endfacet
	facet normal -0.1950857893111 -0.98078618200343 0
		outer loop
			vertex 2.3681757450104 1.2449876070023 0
			vertex 2.3710129261017 1.2444232702255 0.19799999892712
			vertex 2.3681757450104 1.2449876070023 0.19799999892712
		endloop
	endfacet
	facet normal -0.83146468287841 -0.55557761035332 0
		outer loop
			vertex 2.3841471672058 1.2356472015381 0
			vertex 2.3929233551025 1.222512960434 0.19799999892712
			vertex 2.3841471672058 1.2356472015381 0.19799999892712
		endloop
	endfacet
	facet normal -0.55557239313192 -0.83146816895758 0
		outer loop
			vertex 2.3710129261017 1.2444232702255 0
			vertex 2.3841471672058 1.2356472015381 0.19799999892712
			vertex 2.3710129261017 1.2444232702255 0.19799999892712
		endloop
	endfacet
	facet normal 0 0 -1
		outer loop
			vertex 2.3555200099945 1.2070200443268 0.19799999892712
			vertex 2.3681757450104 1.2449876070023 0.19799999892712
			vertex 2.3960049152374 1.2070200443268 0.19799999892712
		endloop
	endfacet
	facet normal 0 0 -1
		outer loop
			vertex 2.3681757450104 1.2449876070023 0.19799999892712
			vertex 2.3841471672058 1.2356472015381 0.19799999892712
			vertex 2.3929233551025 1.222512960434 0.19799999892712
		endloop
	endfacet
	facet normal 0 0 -1
		outer loop
			vertex 2.3681757450104 1.2449876070023 0.19799999892712
			vertex 2.3929233551025 1.222512960434 0.19799999892712
			vertex 2.3960049152374 1.2070200443268 0.19799999892712
		endloop
	endfacet
	facet normal 0 0 -1
		outer loop
			vertex 2.3681757450104 1.2449876070023 0.19799999892712
			vertex 2.3710129261017 1.2444232702255 0.19799999892712
			vertex 2.3841471672058 1.2356472015381 0.19799999892712
		endloop
	endfacet
	facet normal 0 0 -1
		outer loop
			vertex 2.2085988521576 1.2259800434113 0.19799999892712
			vertex 2.2008492946625 1.2649400234222 0.19799999892712
			vertex 2.2090728282928 1.2260377407074 0.19799999892712
		endloop
	endfacet
	facet normal 0 0 -1
		outer loop
			vertex 2.2090728282928 1.2260377407074 0.19799999892712
			vertex 2.2008492946625 1.2649400234222 0.19799999892712
			vertex 2.2245614528656 1.2777922153473 0.19799999892712
		endloop
	endfacet
	facet normal 0 0 -1
		outer loop
			vertex 2.2213048934937 1.2369086742401 0.19799999892712
			vertex 2.2182927131653 1.2520521879196 0.19799999892712
			vertex 2.2245614528656 1.2777922153473 0.19799999892712
		endloop
	endfacet
	facet normal 0 0 -1
		outer loop
			vertex 2.2090728282928 1.2260377407074 0.19799999892712
			vertex 2.2245614528656 1.2777922153473 0.19799999892712
			vertex 2.2182927131653 1.2520521879196 0.19799999892712
		endloop
	endfacet
	facet normal 0 0 -1
		outer loop
			vertex 2.2213048934937 1.2369086742401 0.19799999892712
			vertex 2.2245614528656 1.2777922153473 0.19799999892712
			vertex 2.2308685779572 1.2460836172104 0.19799999892712
		endloop
	endfacet
	facet normal 0.31622829603203 -0.94868312137862 0
		outer loop
			vertex 2.1870102882385 1.3014849424362 0
			vertex 2.3150351047516 1.3441599607468 0
			vertex 2.3150351047516 1.3441599607468 0.19799999892712
		endloop
	endfacet
	facet normal -0.31622776601684 0.94868329805051 0
		outer loop
			vertex 2.3216047286987 1.2610000371933 0
			vertex 2.3216047286987 1.2610000371933 0.19799999892712
			vertex 2.3683223724365 1.2765725851059 0
		endloop
	endfacet
	facet normal -0.94868329805051 -0.31622776601684 0
		outer loop
			vertex 2.3681757450104 1.2770124673843 0
			vertex 2.3683223724365 1.2765725851059 0
			vertex 2.3683223724365 1.2765725851059 0.19799999892712
		endloop
	endfacet
	facet normal 0.31622829603203 -0.94868312137862 0
		outer loop
			vertex 2.1870102882385 1.3014849424362 0
			vertex 2.3150351047516 1.3441599607468 0.19799999892712
			vertex 2.1870102882385 1.3014849424362 0.19799999892712
		endloop
	endfacet
	facet normal -0.31622776601684 0.94868329805051 0
		outer loop
			vertex 2.3683223724365 1.2765725851059 0
			vertex 2.3216047286987 1.2610000371933 0.19799999892712
			vertex 2.3683223724365 1.2765725851059 0.19799999892712
		endloop
	endfacet
	facet normal -0.94868329805051 -0.31622776601684 0
		outer loop
			vertex 2.3681757450104 1.2770124673843 0
			vertex 2.3683223724365 1.2765725851059 0.19799999892712
			vertex 2.3681757450104 1.2770124673843 0.19799999892712
		endloop
	endfacet
	facet normal 0 0 -1
		outer loop
			vertex 2.1935799121857 1.2610000371933 0.19799999892712
			vertex 2.1909489631653 1.3014849424362 0.19799999892712
			vertex 2.2008492946625 1.2649400234222 0.19799999892712
		endloop
	endfacet
	facet normal 0 0 -1
		outer loop
			vertex 2.2008492946625 1.2649400234222 0.19799999892712
			vertex 2.1909489631653 1.3014849424362 0.19799999892712
			vertex 2.2245614528656 1.2777922153473 0.19799999892712
		endloop
	endfacet
	facet normal 0 0 -1
		outer loop
			vertex 2.1909489631653 1.3014849424362 0.19799999892712
			vertex 2.2286386489868 1.280002117157 0.19799999892712
			vertex 2.2245614528656 1.2777922153473 0.19799999892712
		endloop
	endfacet
	facet normal 0 0 -1
		outer loop
			vertex 2.2286386489868 1.280002117157 0.19799999892712
			vertex 2.2658047676086 1.2796000242233 0.19799999892712
			vertex 2.2299571037292 1.2780287265778 0.19799999892712
		endloop
	endfacet
	facet normal 0 0 -1
		outer loop
			vertex 2.2299571037292 1.2780287265778 0.19799999892712
			vertex 2.2658047676086 1.2796000242233 0.19799999892712
			vertex 2.2309832572937 1.2706325054169 0.19799999892712
		endloop
	endfacet
	facet normal 0 0 -1
		outer loop
			vertex 2.2309832572937 1.2461936473846 0.19799999892712
			vertex 2.2309832572937 1.2706325054169 0.19799999892712
			vertex 2.2658047676086 1.2796000242233 0.19799999892712
		endloop
	endfacet
	facet normal 0 0 -1
		outer loop
			vertex 2.1870102882385 1.3014849424362 0.19799999892712
			vertex 2.3150351047516 1.3441599607468 0.19799999892712
			vertex 2.1909489631653 1.3014849424362 0.19799999892712
		endloop
	endfacet
	facet normal 0 0 -1
		outer loop
			vertex 2.1909489631653 1.3014849424362 0.19799999892712
			vertex 2.3150351047516 1.326829791069 0.19799999892712
			vertex 2.2286386489868 1.280002117157 0.19799999892712
		endloop
	endfacet
	facet normal 0 0 -1
		outer loop
			vertex 2.2286386489868 1.280002117157 0.19799999892712
			vertex 2.3150351047516 1.326829791069 0.19799999892712
			vertex 2.2658047676086 1.2796000242233 0.19799999892712
		endloop
	endfacet
	facet normal 0 0 -1
		outer loop
			vertex 2.2658047676086 1.2796000242233 0.19799999892712
			vertex 2.3150351047516 1.326829791069 0.19799999892712
			vertex 2.3216047286987 1.2610000371933 0.19799999892712
		endloop
	endfacet
	facet normal 0 0 -1
		outer loop
			vertex 2.1909489631653 1.3014849424362 0.19799999892712
			vertex 2.3150351047516 1.3441599607468 0.19799999892712
			vertex 2.3150351047516 1.326829791069 0.19799999892712
		endloop
	endfacet
	facet normal 0 0 -1
		outer loop
			vertex 2.3216047286987 1.2610000371933 0.19799999892712
			vertex 2.3150351047516 1.326829791069 0.19799999892712
			vertex 2.3343875408173 1.2813450098038 0.19799999892712
		endloop
	endfacet
	facet normal 0 0 -1
		outer loop
			vertex 2.3216047286987 1.2610000371933 0.19799999892712
			vertex 2.3343875408173 1.2813450098038 0.19799999892712
			vertex 2.3683223724365 1.2765725851059 0.19799999892712
		endloop
	endfacet
	facet normal 0 0 -1
		outer loop
			vertex 2.3343875408173 1.2813450098038 0.19799999892712
			vertex 2.3150351047516 1.326829791069 0.19799999892712
			vertex 2.3190767765045 1.3256468772888 0.19799999892712
		endloop
	endfacet
	facet normal 0 0 -1
		outer loop
			vertex 2.3343875408173 1.2813450098038 0.19799999892712
			vertex 2.3190767765045 1.3256468772888 0.19799999892712
			vertex 2.3268928527832 1.323359131813 0.19799999892712
		endloop
	endfacet
	facet normal 0 0 -1
		outer loop
			vertex 2.3343875408173 1.2813450098038 0.19799999892712
			vertex 2.3681757450104 1.2770124673843 0.19799999892712
			vertex 2.3683223724365 1.2765725851059 0.19799999892712
		endloop
	endfacet
	facet normal 0 0 -1
		outer loop
			vertex 2.3343875408173 1.2813450098038 0.19799999892712
			vertex 2.3555200099945 1.3149800300598 0.19799999892712
			vertex 2.3681757450104 1.2770124673843 0.19799999892712
		endloop
	endfacet
	facet normal 1 0 0
		outer loop
			vertex 2.3150351047516 1.3441599607468 0
			vertex 2.3150351047516 1.4012731313705 0
			vertex 2.3150351047516 1.4012731313705 0.19799999892712
		endloop
	endfacet
	facet normal -1 0 0
		outer loop
			vertex 2.3960049152374 1.3149800300598 0
			vertex 2.3960049152374 1.3149800300598 0.19799999892712
			vertex 2.3960049152374 1.4229400157928 0
		endloop
	endfacet
	facet normal 1 0 0
		outer loop
			vertex 2.3150351047516 1.3441599607468 0
			vertex 2.3150351047516 1.4012731313705 0.19799999892712
			vertex 2.3150351047516 1.3441599607468 0.19799999892712
		endloop
	endfacet
	facet normal -1 0 0
		outer loop
			vertex 2.3960049152374 1.4229400157928 0
			vertex 2.3960049152374 1.3149800300598 0.19799999892712
			vertex 2.3960049152374 1.4229400157928 0.19799999892712
		endloop
	endfacet
	facet normal 0 0 -1
		outer loop
			vertex 2.3190767765045 1.3256468772888 0.19799999892712
			vertex 2.3150351047516 1.3441599607468 0.19799999892712
			vertex 2.3268928527832 1.3356133699417 0.19799999892712
		endloop
	endfacet
	facet normal 0 0 -1
		outer loop
			vertex 2.3150351047516 1.326829791069 0.19799999892712
			vertex 2.3150351047516 1.3441599607468 0.19799999892712
			vertex 2.3190767765045 1.3256468772888 0.19799999892712
		endloop
	endfacet
	facet normal 0 0 -1
		outer loop
			vertex 2.3268928527832 1.3356133699417 0.19799999892712
			vertex 2.3413920402527 1.3526548147202 0.19799999892712
			vertex 2.3461191654205 1.3217556476593 0.19799999892712
		endloop
	endfacet
	facet normal 0 0 -1
		outer loop
			vertex 2.3268928527832 1.3356133699417 0.19799999892712
			vertex 2.3150351047516 1.3441599607468 0.19799999892712
			vertex 2.3413920402527 1.3526548147202 0.19799999892712
		endloop
	endfacet
	facet normal 0 0 -1
		outer loop
			vertex 2.3150351047516 1.3441599607468 0.19799999892712
			vertex 2.3255853652954 1.3948059082031 0.19799999892712
			vertex 2.3413920402527 1.3526548147202 0.19799999892712
		endloop
	endfacet
	facet normal 0 0 -1
		outer loop
			vertex 2.3150351047516 1.3441599607468 0.19799999892712
			vertex 2.3150351047516 1.4012731313705 0.19799999892712
			vertex 2.3255853652954 1.3948059082031 0.19799999892712
		endloop
	endfacet
	facet normal 0 0 -1
		outer loop
			vertex 2.3251125812531 1.3960665464401 0.19799999892712
			vertex 2.3364682197571 1.3943623304367 0.19799999892712
			vertex 2.3255853652954 1.3948059082031 0.19799999892712
		endloop
	endfacet
	facet normal 0 0 -1
		outer loop
			vertex 2.3255853652954 1.3948059082031 0.19799999892712
			vertex 2.3364682197571 1.3943623304367 0.19799999892712
			vertex 2.3413920402527 1.3526548147202 0.19799999892712
		endloop
	endfacet
	facet normal 0 0 -1
		outer loop
			vertex 2.3364682197571 1.3943623304367 0.19799999892712
			vertex 2.3505351543427 1.4229400157928 0.19799999892712
			vertex 2.3413920402527 1.3526548147202 0.19799999892712
		endloop
	endfacet
	facet normal 0 0 -1
		outer loop
			vertex 2.3364682197571 1.3943623304367 0.19799999892712
			vertex 2.3310167789459 1.4229400157928 0.19799999892712
			vertex 2.3505351543427 1.4229400157928 0.19799999892712
		endloop
	endfacet
	facet normal 0 0 -1
		outer loop
			vertex 2.3555200099945 1.3149800300598 0.19799999892712
			vertex 2.3413920402527 1.3526548147202 0.19799999892712
			vertex 2.3710129261017 1.3483027219772 0.19799999892712
		endloop
	endfacet
	facet normal 0 0 -1
		outer loop
			vertex 2.3555200099945 1.3149800300598 0.19799999892712
			vertex 2.3710129261017 1.3483027219772 0.19799999892712
			vertex 2.3635730743408 1.3149800300598 0.19799999892712
		endloop
	endfacet
	facet normal 0 0 -1
		outer loop
			vertex 2.3413920402527 1.3526548147202 0.19799999892712
			vertex 2.3505351543427 1.4229400157928 0.19799999892712
			vertex 2.3710129261017 1.3483027219772 0.19799999892712
		endloop
	endfacet
	facet normal 0 0 -1
		outer loop
			vertex 2.3960049152374 1.3149800300598 0.19799999892712
			vertex 2.3710129261017 1.3483027219772 0.19799999892712
			vertex 2.3960049152374 1.4229400157928 0.19799999892712
		endloop
	endfacet
	facet normal 0 0 -1
		outer loop
			vertex 2.3710129261017 1.3483027219772 0.19799999892712
			vertex 2.3505351543427 1.4229400157928 0.19799999892712
			vertex 2.3960049152374 1.4229400157928 0.19799999892712
		endloop
	endfacet
	facet normal 0.55469951148748 0.83205075082927 -0
		outer loop
			vertex 2.1813220977783 1.4904149770737 0
			vertex 2.1813220977783 1.4904149770737 0.19799999892712
			vertex 2.3150351047516 1.4012731313705 0
		endloop
	endfacet
	facet normal 0.83205029433784 -0.55470019622523 0
		outer loop
			vertex 2.2160370349884 1.5645855665207 0
			vertex 2.2160370349884 1.5645855665207 0.19799999892712
			vertex 2.2156054973602 1.5639382600784 0
		endloop
	endfacet
	facet normal -0.55469991353335 -0.83205048279902 0
		outer loop
			vertex 2.2160370349884 1.5645855665207 0
			vertex 2.3779771327972 1.4566255807877 0
			vertex 2.3779771327972 1.4566255807877 0.19799999892712
		endloop
	endfacet
	facet normal -0.83205029433784 0.55470019622523 0
		outer loop
			vertex 2.3779771327972 1.4566255807877 0
			vertex 2.3775455951691 1.4559782743454 0
			vertex 2.3775455951691 1.4559782743454 0.19799999892712
		endloop
	endfacet
	facet normal 0.83205029433784 -0.55470019622523 0
		outer loop
			vertex 2.2156054973602 1.5639382600784 0
			vertex 2.2160370349884 1.5645855665207 0.19799999892712
			vertex 2.2156054973602 1.5639382600784 0.19799999892712
		endloop
	endfacet
	facet normal 0.55469951148748 0.83205075082927 -0
		outer loop
			vertex 2.3150351047516 1.4012731313705 0
			vertex 2.1813220977783 1.4904149770737 0.19799999892712
			vertex 2.3150351047516 1.4012731313705 0.19799999892712
		endloop
	endfacet
	facet normal -0.55469991353335 -0.83205048279902 0
		outer loop
			vertex 2.2160370349884 1.5645855665207 0
			vertex 2.3779771327972 1.4566255807877 0.19799999892712
			vertex 2.2160370349884 1.5645855665207 0.19799999892712
		endloop
	endfacet
	facet normal -0.83205029433784 0.55470019622523 0
		outer loop
			vertex 2.3779771327972 1.4566255807877 0
			vertex 2.3775455951691 1.4559782743454 0.19799999892712
			vertex 2.3779771327972 1.4566255807877 0.19799999892712
		endloop
	endfacet
	facet normal 0 -0 -1
		outer loop
			vertex 2.1935799121857 1.4928079843521 0.19799999892712
			vertex 2.3150351047516 1.4012731313705 0.19799999892712
			vertex 2.1813220977783 1.4904149770737 0.19799999892712
		endloop
	endfacet
	facet normal 0 0 -1
		outer loop
			vertex 2.1935799121857 1.4928079843521 0.19799999892712
			vertex 2.1961221694946 1.4909206628799 0.19799999892712
			vertex 2.3150351047516 1.4012731313705 0.19799999892712
		endloop
	endfacet
	facet normal 0 0 -1
		outer loop
			vertex 2.1961221694946 1.4909206628799 0.19799999892712
			vertex 2.1996359825134 1.4916195869446 0.19799999892712
			vertex 2.3251125812531 1.3960665464401 0.19799999892712
		endloop
	endfacet
	facet normal 0 0 -1
		outer loop
			vertex 2.1996359825134 1.4916195869446 0.19799999892712
			vertex 2.2023890018463 1.5270994901657 0.19799999892712
			vertex 2.3555200099945 1.4610320329666 0.19799999892712
		endloop
	endfacet
	facet normal 0 0 -1
		outer loop
			vertex 2.2023890018463 1.5270994901657 0.19799999892712
			vertex 2.199782371521 1.5402035713196 0.19799999892712
			vertex 2.3555200099945 1.4610320329666 0.19799999892712
		endloop
	endfacet
	facet normal 0 0 -1
		outer loop
			vertex 2.199782371521 1.5402035713196 0.19799999892712
			vertex 2.2112429141998 1.5573942661285 0.19799999892712
			vertex 2.3555200099945 1.4610320329666 0.19799999892712
		endloop
	endfacet
	facet normal 0 0 -1
		outer loop
			vertex 2.3251125812531 1.3960665464401 0.19799999892712
			vertex 2.3310167789459 1.4229400157928 0.19799999892712
			vertex 2.3364682197571 1.3943623304367 0.19799999892712
		endloop
	endfacet
	facet normal 0 0 -1
		outer loop
			vertex 2.1961221694946 1.4909206628799 0.19799999892712
			vertex 2.3255853652954 1.3948059082031 0.19799999892712
			vertex 2.3150351047516 1.4012731313705 0.19799999892712
		endloop
	endfacet
	facet normal 0 0 -1
		outer loop
			vertex 2.1996359825134 1.4916195869446 0.19799999892712
			vertex 2.3310167789459 1.4229400157928 0.19799999892712
			vertex 2.3251125812531 1.3960665464401 0.19799999892712
		endloop
	endfacet
	facet normal 0 0 -1
		outer loop
			vertex 2.1961221694946 1.4909206628799 0.19799999892712
			vertex 2.3251125812531 1.3960665464401 0.19799999892712
			vertex 2.3255853652954 1.3948059082031 0.19799999892712
		endloop
	endfacet
	facet normal 0 0 -1
		outer loop
			vertex 2.1996359825134 1.4916195869446 0.19799999892712
			vertex 2.3555200099945 1.4610320329666 0.19799999892712
			vertex 2.3310167789459 1.4229400157928 0.19799999892712
		endloop
	endfacet
	facet normal 0 0 -1
		outer loop
			vertex 2.3310167789459 1.4229400157928 0.19799999892712
			vertex 2.3555200099945 1.4610320329666 0.19799999892712
			vertex 2.3505351543427 1.4229400157928 0.19799999892712
		endloop
	endfacet
	facet normal 0 0 -1
		outer loop
			vertex 2.2160370349884 1.5645855665207 0.19799999892712
			vertex 2.375994682312 1.4570145606995 0.19799999892712
			vertex 2.3555200099945 1.4610320329666 0.19799999892712
		endloop
	endfacet
	facet normal 0 0 -1
		outer loop
			vertex 2.2160370349884 1.5645855665207 0.19799999892712
			vertex 2.3779771327972 1.4566255807877 0.19799999892712
			vertex 2.375994682312 1.4570145606995 0.19799999892712
		endloop
	endfacet
	facet normal 0 -0 -1
		outer loop
			vertex 2.2160370349884 1.5645855665207 0.19799999892712
			vertex 2.3555200099945 1.4610320329666 0.19799999892712
			vertex 2.2156054973602 1.5639382600784 0.19799999892712
		endloop
	endfacet
	facet normal 0 -0 -1
		outer loop
			vertex 2.2156054973602 1.5639382600784 0.19799999892712
			vertex 2.3555200099945 1.4610320329666 0.19799999892712
			vertex 2.2112429141998 1.5573942661285 0.19799999892712
		endloop
	endfacet
	facet normal 0 0 -1
		outer loop
			vertex 2.375994682312 1.4570145606995 0.19799999892712
			vertex 2.3779771327972 1.4566255807877 0.19799999892712
			vertex 2.3775455951691 1.4559782743454 0.19799999892712
		endloop
	endfacet
	facet normal 0 1 0
		outer loop
			vertex 1.8562049865723 1.4904149770737 0
			vertex 1.8562049865723 1.4904149770737 0.19799999892712
			vertex 2.1813220977783 1.4904149770737 0
		endloop
	endfacet
	facet normal 0 -1 0
		outer loop
			vertex 1.8157199621201 1.5713850259781 0
			vertex 2.1935799121857 1.5713850259781 0
			vertex 2.1935799121857 1.5713850259781 0.19799999892712
		endloop
	endfacet
	facet normal 0 -1 0
		outer loop
			vertex 1.8157199621201 1.5713850259781 0
			vertex 2.1935799121857 1.5713850259781 0.19799999892712
			vertex 1.8157199621201 1.5713850259781 0.19799999892712
		endloop
	endfacet
	facet normal 0 1 -0
		outer loop
			vertex 2.1813220977783 1.4904149770737 0
			vertex 1.8562049865723 1.4904149770737 0.19799999892712
			vertex 2.1813220977783 1.4904149770737 0.19799999892712
		endloop
	endfacet
	facet normal 0 0 -1
		outer loop
			vertex 1.8562049865723 1.4904149770737 0.19799999892712
			vertex 1.8562049865723 1.4990903139114 0.19799999892712
			vertex 2.1813220977783 1.4904149770737 0.19799999892712
		endloop
	endfacet
	facet normal 0 0 -1
		outer loop
			vertex 1.8157199621201 1.5309000015259 0.19799999892712
			vertex 2.1935799121857 1.5713850259781 0.19799999892712
			vertex 1.8562049865723 1.4990903139114 0.19799999892712
		endloop
	endfacet
	facet normal 0 0 -1
		outer loop
			vertex 1.8157199621201 1.5309000015259 0.19799999892712
			vertex 1.8157199621201 1.5579512119293 0.19799999892712
			vertex 2.1935799121857 1.5713850259781 0.19799999892712
		endloop
	endfacet
	facet normal 0 0 -1
		outer loop
			vertex 1.8157199621201 1.5713850259781 0.19799999892712
			vertex 2.1935799121857 1.5713850259781 0.19799999892712
			vertex 1.8157199621201 1.5579512119293 0.19799999892712
		endloop
	endfacet
	facet normal 0 0 -1
		outer loop
			vertex 1.8562049865723 1.4990903139114 0.19799999892712
			vertex 2.1935799121857 1.4928079843521 0.19799999892712
			vertex 2.1813220977783 1.4904149770737 0.19799999892712
		endloop
	endfacet
	facet normal 0 0 -1
		outer loop
			vertex 1.8562049865723 1.4990903139114 0.19799999892712
			vertex 2.1935799121857 1.5713850259781 0.19799999892712
			vertex 2.1935799121857 1.4928079843521 0.19799999892712
		endloop
	endfacet
	facet normal 0 0 -1
		outer loop
			vertex 2.1780869960785 1.2238348722458 0.19799999892712
			vertex 2.1928737163544 1.2240653038025 0.19799999892712
			vertex 2.1832389831543 1.2225719690323 0.19799999892712
		endloop
	endfacet
	facet normal 0 0 -1
		outer loop
			vertex 2.1780869960785 1.2238348722458 0.19799999892712
			vertex 2.1832389831543 1.2225719690323 0.19799999892712
			vertex 2.1819515228271 1.2228280305862 0.19799999892712
		endloop
	endfacet
	facet normal 0 0 -1
		outer loop
			vertex 2.1935799121857 1.2241513729095 0.19799999892712
			vertex 2.2008492946625 1.2649400234222 0.19799999892712
			vertex 2.1998472213745 1.2217615842819 0.19799999892712
		endloop
	endfacet
	facet normal -0 0 -1
		outer loop
			vertex 2.2085988521576 1.2259800434113 0.19799999892712
			vertex 2.1998472213745 1.2217615842819 0.19799999892712
			vertex 2.2008492946625 1.2649400234222 0.19799999892712
		endloop
	endfacet
	facet normal 0 0 -1
		outer loop
			vertex 2.1935799121857 1.2241513729095 0.19799999892712
			vertex 2.1935799121857 1.2610000371933 0.19799999892712
			vertex 2.2008492946625 1.2649400234222 0.19799999892712
		endloop
	endfacet
	facet normal -0 0 -1
		outer loop
			vertex 2.2213048934937 1.2369086742401 0.19799999892712
			vertex 2.2153816223145 1.2278120517731 0.19799999892712
			vertex 2.2182927131653 1.2520521879196 0.19799999892712
		endloop
	endfacet
	facet normal 0 0 -1
		outer loop
			vertex 2.2090728282928 1.2260377407074 0.19799999892712
			vertex 2.2182927131653 1.2520521879196 0.19799999892712
			vertex 2.2153816223145 1.2278120517731 0.19799999892712
		endloop
	endfacet
	facet normal 0 0 -1
		outer loop
			vertex 2.2090728282928 1.2260377407074 0.19799999892712
			vertex 2.2153816223145 1.2278120517731 0.19799999892712
			vertex 2.2118077278137 1.2254241704941 0.19799999892712
		endloop
	endfacet
	facet normal -0 0 -1
		outer loop
			vertex 2.2309832572937 1.2461936473846 0.19799999892712
			vertex 2.2308685779572 1.2460836172104 0.19799999892712
			vertex 2.2309832572937 1.2706325054169 0.19799999892712
		endloop
	endfacet
	facet normal 0 0 -1
		outer loop
			vertex 2.2245614528656 1.2777922153473 0.19799999892712
			vertex 2.2286386489868 1.280002117157 0.19799999892712
			vertex 2.2299571037292 1.2780287265778 0.19799999892712
		endloop
	endfacet
	facet normal 0 0 -1
		outer loop
			vertex 2.2245614528656 1.2777922153473 0.19799999892712
			vertex 2.2299571037292 1.2780287265778 0.19799999892712
			vertex 2.2309832572937 1.2706325054169 0.19799999892712
		endloop
	endfacet
	facet normal 0 0 -1
		outer loop
			vertex 2.2308685779572 1.2460836172104 0.19799999892712
			vertex 2.2245614528656 1.2777922153473 0.19799999892712
			vertex 2.2309832572937 1.2706325054169 0.19799999892712
		endloop
	endfacet
	facet normal -0.1950461477001 0.98079406618686 0
		outer loop
			vertex 2.3681757450104 1.2770124673843 0
			vertex 2.3681757450104 1.2770124673843 0.19799999892712
			vertex 2.3710129261017 1.2775766849518 0
		endloop
	endfacet
	facet normal -0.55557239313192 0.83146816895758 0
		outer loop
			vertex 2.3710129261017 1.2775766849518 0
			vertex 2.3710129261017 1.2775766849518 0.19799999892712
			vertex 2.3841471672058 1.2863527536392 0
		endloop
	endfacet
	facet normal -0.83146701222603 0.55557412428939 0
		outer loop
			vertex 2.3841471672058 1.2863527536392 0
			vertex 2.3841471672058 1.2863527536392 0.19799999892712
			vertex 2.3929233551025 1.2994871139526 0
		endloop
	endfacet
	facet normal -0.98078736966341 0.19507981830198 0
		outer loop
			vertex 2.3929233551025 1.2994871139526 0
			vertex 2.3929233551025 1.2994871139526 0.19799999892712
			vertex 2.3960049152374 1.3149800300598 0
		endloop
	endfacet
	facet normal -0.1950461477001 0.98079406618686 0
		outer loop
			vertex 2.3710129261017 1.2775766849518 0
			vertex 2.3681757450104 1.2770124673843 0.19799999892712
			vertex 2.3710129261017 1.2775766849518 0.19799999892712
		endloop
	endfacet
	facet normal -0.55557239313192 0.83146816895758 0
		outer loop
			vertex 2.3841471672058 1.2863527536392 0
			vertex 2.3710129261017 1.2775766849518 0.19799999892712
			vertex 2.3841471672058 1.2863527536392 0.19799999892712
		endloop
	endfacet
	facet normal -0.83146701222603 0.55557412428939 0
		outer loop
			vertex 2.3929233551025 1.2994871139526 0
			vertex 2.3841471672058 1.2863527536392 0.19799999892712
			vertex 2.3929233551025 1.2994871139526 0.19799999892712
		endloop
	endfacet
	facet normal -0.98078736966341 0.19507981830198 0
		outer loop
			vertex 2.3960049152374 1.3149800300598 0
			vertex 2.3929233551025 1.2994871139526 0.19799999892712
			vertex 2.3960049152374 1.3149800300598 0.19799999892712
		endloop
	endfacet
	facet normal 0 0 -1
		outer loop
			vertex 2.3190767765045 1.3256468772888 0.19799999892712
			vertex 2.3268928527832 1.3356133699417 0.19799999892712
			vertex 2.3268928527832 1.323359131813 0.19799999892712
		endloop
	endfacet
	facet normal 0 0 -1
		outer loop
			vertex 2.3343875408173 1.2813450098038 0.19799999892712
			vertex 2.3268928527832 1.323359131813 0.19799999892712
			vertex 2.3461191654205 1.3217556476593 0.19799999892712
		endloop
	endfacet
	facet normal 0 0 -1
		outer loop
			vertex 2.3343875408173 1.2813450098038 0.19799999892712
			vertex 2.3461191654205 1.3217556476593 0.19799999892712
			vertex 2.3555200099945 1.3149800300598 0.19799999892712
		endloop
	endfacet
	facet normal 0 0 -1
		outer loop
			vertex 2.3268928527832 1.3356133699417 0.19799999892712
			vertex 2.3461191654205 1.3217556476593 0.19799999892712
			vertex 2.3268928527832 1.323359131813 0.19799999892712
		endloop
	endfacet
	facet normal 0 0 -1
		outer loop
			vertex 2.3461191654205 1.3217556476593 0.19799999892712
			vertex 2.3413920402527 1.3526548147202 0.19799999892712
			vertex 2.3555200099945 1.3149800300598 0.19799999892712
		endloop
	endfacet
	facet normal 0 0 -1
		outer loop
			vertex 2.3681757450104 1.2770124673843 0.19799999892712
			vertex 2.3635730743408 1.3149800300598 0.19799999892712
			vertex 2.3710129261017 1.2775766849518 0.19799999892712
		endloop
	endfacet
	facet normal 0 0 -1
		outer loop
			vertex 2.3841471672058 1.2863527536392 0.19799999892712
			vertex 2.3960049152374 1.3149800300598 0.19799999892712
			vertex 2.3929233551025 1.2994871139526 0.19799999892712
		endloop
	endfacet
	facet normal 0 0 -1
		outer loop
			vertex 2.3635730743408 1.3149800300598 0.19799999892712
			vertex 2.3710129261017 1.3483027219772 0.19799999892712
			vertex 2.3710129261017 1.2775766849518 0.19799999892712
		endloop
	endfacet
	facet normal 0 0 -1
		outer loop
			vertex 2.3681757450104 1.2770124673843 0.19799999892712
			vertex 2.3555200099945 1.3149800300598 0.19799999892712
			vertex 2.3635730743408 1.3149800300598 0.19799999892712
		endloop
	endfacet
	facet normal 0 0 -1
		outer loop
			vertex 2.3710129261017 1.2775766849518 0.19799999892712
			vertex 2.3710129261017 1.3483027219772 0.19799999892712
			vertex 2.3841471672058 1.2863527536392 0.19799999892712
		endloop
	endfacet
	facet normal 0 0 -1
		outer loop
			vertex 2.3841471672058 1.2863527536392 0.19799999892712
			vertex 2.3710129261017 1.3483027219772 0.19799999892712
			vertex 2.3960049152374 1.3149800300598 0.19799999892712
		endloop
	endfacet
	facet normal -0.98078736966341 -0.19507981830198 0
		outer loop
			vertex 2.3960049152374 1.4229400157928 0
			vertex 2.3960049152374 1.4229400157928 0.19799999892712
			vertex 2.3929233551025 1.4384329319 0
		endloop
	endfacet
	facet normal -0.55557649621855 -0.83146542733268 0
		outer loop
			vertex 2.3841471672058 1.4515671730042 0
			vertex 2.3841471672058 1.4515671730042 0.19799999892712
			vertex 2.3775455951691 1.4559782743454 0
		endloop
	endfacet
	facet normal -0.83146468287841 -0.55557761035332 0
		outer loop
			vertex 2.3841471672058 1.4515671730042 0
			vertex 2.3929233551025 1.4384329319 0
			vertex 2.3929233551025 1.4384329319 0.19799999892712
		endloop
	endfacet
	facet normal -0.98078736966341 -0.19507981830198 0
		outer loop
			vertex 2.3929233551025 1.4384329319 0
			vertex 2.3960049152374 1.4229400157928 0.19799999892712
			vertex 2.3929233551025 1.4384329319 0.19799999892712
		endloop
	endfacet
	facet normal -0.55557649621855 -0.83146542733268 0
		outer loop
			vertex 2.3775455951691 1.4559782743454 0
			vertex 2.3841471672058 1.4515671730042 0.19799999892712
			vertex 2.3775455951691 1.4559782743454 0.19799999892712
		endloop
	endfacet
	facet normal -0.83146468287841 -0.55557761035332 0
		outer loop
			vertex 2.3841471672058 1.4515671730042 0
			vertex 2.3929233551025 1.4384329319 0.19799999892712
			vertex 2.3841471672058 1.4515671730042 0.19799999892712
		endloop
	endfacet
	facet normal 0 0 -1
		outer loop
			vertex 2.3505351543427 1.4229400157928 0.19799999892712
			vertex 2.3555200099945 1.4610320329666 0.19799999892712
			vertex 2.375994682312 1.4570145606995 0.19799999892712
		endloop
	endfacet
	facet normal 0 0 -1
		outer loop
			vertex 2.3505351543427 1.4229400157928 0.19799999892712
			vertex 2.375994682312 1.4570145606995 0.19799999892712
			vertex 2.3775455951691 1.4559782743454 0.19799999892712
		endloop
	endfacet
	facet normal 0 0 -1
		outer loop
			vertex 2.3505351543427 1.4229400157928 0.19799999892712
			vertex 2.3775455951691 1.4559782743454 0.19799999892712
			vertex 2.3841471672058 1.4515671730042 0.19799999892712
		endloop
	endfacet
	facet normal 0 0 -1
		outer loop
			vertex 2.3505351543427 1.4229400157928 0.19799999892712
			vertex 2.3841471672058 1.4515671730042 0.19799999892712
			vertex 2.3929233551025 1.4384329319 0.19799999892712
		endloop
	endfacet
	facet normal 0 0 -1
		outer loop
			vertex 2.3505351543427 1.4229400157928 0.19799999892712
			vertex 2.3929233551025 1.4384329319 0.19799999892712
			vertex 2.3960049152374 1.4229400157928 0.19799999892712
		endloop
	endfacet
	facet normal -0.1950943370645 -0.98078448175191 0
		outer loop
			vertex 2.1935799121857 1.5713850259781 0
			vertex 2.2090728282928 1.5683032274246 0
			vertex 2.2090728282928 1.5683032274246 0.19799999892712
		endloop
	endfacet
	facet normal -0.55556824672696 -0.83147093949742 0
		outer loop
			vertex 2.2090728282928 1.5683032274246 0
			vertex 2.2156054973602 1.5639382600784 0
			vertex 2.2156054973602 1.5639382600784 0.19799999892712
		endloop
	endfacet
	facet normal -0.1950943370645 -0.98078448175191 0
		outer loop
			vertex 2.1935799121857 1.5713850259781 0
			vertex 2.2090728282928 1.5683032274246 0.19799999892712
			vertex 2.1935799121857 1.5713850259781 0.19799999892712
		endloop
	endfacet
	facet normal -0.55556824672696 -0.83147093949742 0
		outer loop
			vertex 2.2090728282928 1.5683032274246 0
			vertex 2.2156054973602 1.5639382600784 0.19799999892712
			vertex 2.2090728282928 1.5683032274246 0.19799999892712
		endloop
	endfacet
	facet normal 0 0 -1
		outer loop
			vertex 2.1935799121857 1.4928079843521 0.19799999892712
			vertex 2.1996359825134 1.4916195869446 0.19799999892712
			vertex 2.1961221694946 1.4909206628799 0.19799999892712
		endloop
	endfacet
	facet normal 0 0 -1
		outer loop
			vertex 2.1935799121857 1.4928079843521 0.19799999892712
			vertex 2.2023890018463 1.5270994901657 0.19799999892712
			vertex 2.1996359825134 1.4916195869446 0.19799999892712
		endloop
	endfacet
	facet normal 0 0 -1
		outer loop
			vertex 2.1935799121857 1.4928079843521 0.19799999892712
			vertex 2.1935799121857 1.5713850259781 0.19799999892712
			vertex 2.199782371521 1.5402035713196 0.19799999892712
		endloop
	endfacet
	facet normal 0 0 -1
		outer loop
			vertex 2.1935799121857 1.4928079843521 0.19799999892712
			vertex 2.199782371521 1.5402035713196 0.19799999892712
			vertex 2.2023890018463 1.5270994901657 0.19799999892712
		endloop
	endfacet
	facet normal 0 0 -1
		outer loop
			vertex 2.1935799121857 1.5713850259781 0.19799999892712
			vertex 2.2112429141998 1.5573942661285 0.19799999892712
			vertex 2.199782371521 1.5402035713196 0.19799999892712
		endloop
	endfacet
	facet normal 0 0 -1
		outer loop
			vertex 2.1935799121857 1.5713850259781 0.19799999892712
			vertex 2.2090728282928 1.5683032274246 0.19799999892712
			vertex 2.2112429141998 1.5573942661285 0.19799999892712
		endloop
	endfacet
	facet normal 0 0 -1
		outer loop
			vertex 2.2090728282928 1.5683032274246 0.19799999892712
			vertex 2.2156054973602 1.5639382600784 0.19799999892712
			vertex 2.2112429141998 1.5573942661285 0.19799999892712
		endloop
	endfacet
	facet normal 0.83146816895758 -0.55557239313192 0
		outer loop
			vertex 1.7783167362213 1.5463929176331 0
			vertex 1.7870928049088 1.5595271587372 0
			vertex 1.7870928049088 1.5595271587372 0.19799999892712
		endloop
	endfacet
	facet normal 0.55557239313192 -0.83146816895758 0
		outer loop
			vertex 1.7870928049088 1.5595271587372 0
			vertex 1.8002270460129 1.5683032274246 0
			vertex 1.8002270460129 1.5683032274246 0.19799999892712
		endloop
	endfacet
	facet normal 0.1950943370645 -0.98078448175191 0
		outer loop
			vertex 1.8002270460129 1.5683032274246 0
			vertex 1.8157199621201 1.5713850259781 0
			vertex 1.8157199621201 1.5713850259781 0.19799999892712
		endloop
	endfacet
	facet normal 0.83146816895758 -0.55557239313192 0
		outer loop
			vertex 1.7783167362213 1.5463929176331 0
			vertex 1.7870928049088 1.5595271587372 0.19799999892712
			vertex 1.7783167362213 1.5463929176331 0.19799999892712
		endloop
	endfacet
	facet normal 0.55557239313192 -0.83146816895758 0
		outer loop
			vertex 1.7870928049088 1.5595271587372 0
			vertex 1.8002270460129 1.5683032274246 0.19799999892712
			vertex 1.7870928049088 1.5595271587372 0.19799999892712
		endloop
	endfacet
	facet normal 0.1950943370645 -0.98078448175191 0
		outer loop
			vertex 1.8002270460129 1.5683032274246 0
			vertex 1.8157199621201 1.5713850259781 0.19799999892712
			vertex 1.8002270460129 1.5683032274246 0.19799999892712
		endloop
	endfacet
	facet normal 0 0 -1
		outer loop
			vertex 1.7783167362213 1.5309000015259 0.19799999892712
			vertex 1.7783167362213 1.5463929176331 0.19799999892712
			vertex 1.7813984155655 1.5309000015259 0.19799999892712
		endloop
	endfacet
	facet normal 0 0 -1
		outer loop
			vertex 1.7783167362213 1.5463929176331 0.19799999892712
			vertex 1.7870928049088 1.5595271587372 0.19799999892712
			vertex 1.7901744842529 1.54403424263 0.19799999892712
		endloop
	endfacet
	facet normal 0 0 -1
		outer loop
			vertex 1.7901744842529 1.54403424263 0.19799999892712
			vertex 1.7870928049088 1.5595271587372 0.19799999892712
			vertex 1.8002270460129 1.55408680439 0.19799999892712
		endloop
	endfacet
	facet normal 0 0 -1
		outer loop
			vertex 1.7870928049088 1.5595271587372 0.19799999892712
			vertex 1.8002270460129 1.5683032274246 0.19799999892712
			vertex 1.8002270460129 1.55408680439 0.19799999892712
		endloop
	endfacet
	facet normal 0 0 -1
		outer loop
			vertex 1.8033088445663 1.5528103113174 0.19799999892712
			vertex 1.8002270460129 1.5683032274246 0.19799999892712
			vertex 1.8157199621201 1.5579512119293 0.19799999892712
		endloop
	endfacet
	facet normal 0 0 -1
		outer loop
			vertex 1.8002270460129 1.55408680439 0.19799999892712
			vertex 1.8002270460129 1.5683032274246 0.19799999892712
			vertex 1.8033088445663 1.5528103113174 0.19799999892712
		endloop
	endfacet
	facet normal 0 0 -1
		outer loop
			vertex 1.8002270460129 1.5683032274246 0.19799999892712
			vertex 1.8157199621201 1.5713850259781 0.19799999892712
			vertex 1.8157199621201 1.5579512119293 0.19799999892712
		endloop
	endfacet
	facet normal -0.70710628089397 0.70710728147878 0
		outer loop
			vertex 2.5039649009705 1.4061706066132 0
			vertex 2.5039649009705 1.4061706066132 0.19799999892712
			vertex 2.5882093906403 1.4904149770737 0
		endloop
	endfacet
	facet normal 0.70710678118655 -0.70710678118655 0
		outer loop
			vertex 2.4348528385162 1.4515671730042 0
			vertex 2.5428128242493 1.5595271587372 0
			vertex 2.5428128242493 1.5595271587372 0.19799999892712
		endloop
	endfacet
	facet normal 0.70710678118655 -0.70710678118655 0
		outer loop
			vertex 2.4348528385162 1.4515671730042 0
			vertex 2.5428128242493 1.5595271587372 0.19799999892712
			vertex 2.4348528385162 1.4515671730042 0.19799999892712
		endloop
	endfacet
	facet normal -0.70710628089397 0.70710728147878 0
		outer loop
			vertex 2.5882093906403 1.4904149770737 0
			vertex 2.5039649009705 1.4061706066132 0.19799999892712
			vertex 2.5882093906403 1.4904149770737 0.19799999892712
		endloop
	endfacet
	facet normal 0 0 -1
		outer loop
			vertex 2.4955229759216 1.397728562355 0.19799999892712
			vertex 2.5008931159973 1.4229400157928 0.19799999892712
			vertex 2.5039649009705 1.4061706066132 0.19799999892712
		endloop
	endfacet
	facet normal 0 0 -1
		outer loop
			vertex 2.4348528385162 1.4515671730042 0.19799999892712
			vertex 2.5008931159973 1.4229400157928 0.19799999892712
			vertex 2.4614329338074 1.424987077713 0.19799999892712
		endloop
	endfacet
	facet normal 0 0 -1
		outer loop
			vertex 2.5039649009705 1.4061706066132 0.19799999892712
			vertex 2.5008931159973 1.4229400157928 0.19799999892712
			vertex 2.5882093906403 1.4904149770737 0.19799999892712
		endloop
	endfacet
	facet normal 0 0 -1
		outer loop
			vertex 2.4348528385162 1.4515671730042 0.19799999892712
			vertex 2.5714399814606 1.5309000015259 0.19799999892712
			vertex 2.5008931159973 1.4229400157928 0.19799999892712
		endloop
	endfacet
	facet normal 0 0 -1
		outer loop
			vertex 2.4348528385162 1.4515671730042 0.19799999892712
			vertex 2.5428128242493 1.5595271587372 0.19799999892712
			vertex 2.5559470653534 1.5463929176331 0.19799999892712
		endloop
	endfacet
	facet normal 0 0 -1
		outer loop
			vertex 2.4348528385162 1.4515671730042 0.19799999892712
			vertex 2.5559470653534 1.5463929176331 0.19799999892712
			vertex 2.5613875389099 1.5409525632858 0.19799999892712
		endloop
	endfacet
	facet normal 0 0 -1
		outer loop
			vertex 2.4348528385162 1.4515671730042 0.19799999892712
			vertex 2.5613875389099 1.5409525632858 0.19799999892712
			vertex 2.5714399814606 1.5309000015259 0.19799999892712
		endloop
	endfacet
	facet normal 0 0 -1
		outer loop
			vertex 2.5008931159973 1.4229400157928 0.19799999892712
			vertex 2.5714399814606 1.5309000015259 0.19799999892712
			vertex 2.5882093906403 1.4904149770737 0.19799999892712
		endloop
	endfacet
	facet normal 0 0 -1
		outer loop
			vertex 2.5882093906403 1.4904149770737 0.19799999892712
			vertex 2.5714399814606 1.5309000015259 0.19799999892712
			vertex 2.5937993526459 1.49600481987 0.19799999892712
		endloop
	endfacet
	facet normal 1 0 0
		outer loop
			vertex 2.4229950904846 1.3149800300598 0
			vertex 2.4229950904846 1.4229400157928 0
			vertex 2.4229950904846 1.4229400157928 0.19799999892712
		endloop
	endfacet
	facet normal -1 0 0
		outer loop
			vertex 2.5039649009705 1.3317494392395 0
			vertex 2.5039649009705 1.3317494392395 0.19799999892712
			vertex 2.5039649009705 1.4061706066132 0
		endloop
	endfacet
	facet normal 1 0 0
		outer loop
			vertex 2.4229950904846 1.3149800300598 0
			vertex 2.4229950904846 1.4229400157928 0.19799999892712
			vertex 2.4229950904846 1.3149800300598 0.19799999892712
		endloop
	endfacet
	facet normal -1 0 0
		outer loop
			vertex 2.5039649009705 1.4061706066132 0
			vertex 2.5039649009705 1.3317494392395 0.19799999892712
			vertex 2.5039649009705 1.4061706066132 0.19799999892712
		endloop
	endfacet
	facet normal 0 0 -1
		outer loop
			vertex 2.4229950904846 1.3149800300598 0.19799999892712
			vertex 2.4229950904846 1.4229400157928 0.19799999892712
			vertex 2.4479870796204 1.3896172046661 0.19799999892712
		endloop
	endfacet
	facet normal 0 0 -1
		outer loop
			vertex 2.4634799957275 1.3149800300598 0.19799999892712
			vertex 2.4789729118347 1.3483027219772 0.19799999892712
			vertex 2.4738478660583 1.3253477811813 0.19799999892712
		endloop
	endfacet
	facet normal 0 0 -1
		outer loop
			vertex 2.4866142272949 1.3381142616272 0.19799999892712
			vertex 2.5039649009705 1.3317494392395 0.19799999892712
			vertex 2.5039649009705 1.3274912834167 0.19799999892712
		endloop
	endfacet
	facet normal 0 0 -1
		outer loop
			vertex 2.4229950904846 1.3149800300598 0.19799999892712
			vertex 2.4479870796204 1.3896172046661 0.19799999892712
			vertex 2.4634799957275 1.3149800300598 0.19799999892712
		endloop
	endfacet
	facet normal 0 0 -1
		outer loop
			vertex 2.4634799957275 1.3149800300598 0.19799999892712
			vertex 2.4479870796204 1.3896172046661 0.19799999892712
			vertex 2.4789729118347 1.3483027219772 0.19799999892712
		endloop
	endfacet
	facet normal 0 0 -1
		outer loop
			vertex 2.4866142272949 1.3381142616272 0.19799999892712
			vertex 2.4789729118347 1.3483027219772 0.19799999892712
			vertex 2.4955229759216 1.397728562355 0.19799999892712
		endloop
	endfacet
	facet normal 0 0 -1
		outer loop
			vertex 2.4479870796204 1.3896172046661 0.19799999892712
			vertex 2.4554269313812 1.4229400157928 0.19799999892712
			vertex 2.4789729118347 1.3483027219772 0.19799999892712
		endloop
	endfacet
	facet normal 0 0 -1
		outer loop
			vertex 2.4789729118347 1.3483027219772 0.19799999892712
			vertex 2.4554269313812 1.4229400157928 0.19799999892712
			vertex 2.4955229759216 1.397728562355 0.19799999892712
		endloop
	endfacet
	facet normal 0 0 -1
		outer loop
			vertex 2.4955229759216 1.397728562355 0.19799999892712
			vertex 2.4554269313812 1.4229400157928 0.19799999892712
			vertex 2.5008931159973 1.4229400157928 0.19799999892712
		endloop
	endfacet
	facet normal 0 0 -1
		outer loop
			vertex 2.4866142272949 1.3381142616272 0.19799999892712
			vertex 2.5039649009705 1.4061706066132 0.19799999892712
			vertex 2.5039649009705 1.3317494392395 0.19799999892712
		endloop
	endfacet
	facet normal 0 0 -1
		outer loop
			vertex 2.4866142272949 1.3381142616272 0.19799999892712
			vertex 2.4955229759216 1.397728562355 0.19799999892712
			vertex 2.5039649009705 1.4061706066132 0.19799999892712
		endloop
	endfacet
	facet normal 0.70710624991977 0.70710731245292 0
		outer loop
			vertex 2.514185667038 1.2070200443268 0
			vertex 2.4348528385162 1.2863527536392 0
			vertex 2.4348528385162 1.2863527536392 0.19799999892712
		endloop
	endfacet
	facet normal -0.70710678118655 -0.70710678118655 0
		outer loop
			vertex 2.5823745727539 1.2533397674561 0
			vertex 2.5823745727539 1.2533397674561 0.19799999892712
			vertex 2.5039649009705 1.3317494392395 0
		endloop
	endfacet
	facet normal 0.70710624991977 0.70710731245292 -0
		outer loop
			vertex 2.514185667038 1.2070200443268 0
			vertex 2.4348528385162 1.2863527536392 0.19799999892712
			vertex 2.514185667038 1.2070200443268 0.19799999892712
		endloop
	endfacet
	facet normal -0.70710678118655 -0.70710678118655 0
		outer loop
			vertex 2.5039649009705 1.3317494392395 0
			vertex 2.5823745727539 1.2533397674561 0.19799999892712
			vertex 2.5039649009705 1.3317494392395 0.19799999892712
		endloop
	endfacet
	facet normal 0 0 -1
		outer loop
			vertex 2.514185667038 1.2070200443268 0.19799999892712
			vertex 2.5473895072937 1.2126383781433 0.19799999892712
			vertex 2.5293674468994 1.191838145256 0.19799999892712
		endloop
	endfacet
	facet normal 0 0 -1
		outer loop
			vertex 2.514185667038 1.2070200443268 0.19799999892712
			vertex 2.5441925525665 1.2287101745605 0.19799999892712
			vertex 2.5473895072937 1.2126383781433 0.19799999892712
		endloop
	endfacet
	facet normal 0 0 -1
		outer loop
			vertex 2.514185667038 1.2070200443268 0.19799999892712
			vertex 2.4348528385162 1.2863527536392 0.19799999892712
			vertex 2.5441925525665 1.2287101745605 0.19799999892712
		endloop
	endfacet
	facet normal 0 0 -1
		outer loop
			vertex 2.5441925525665 1.2287101745605 0.19799999892712
			vertex 2.4348528385162 1.2863527536392 0.19799999892712
			vertex 2.5632214546204 1.2469553947449 0.19799999892712
		endloop
	endfacet
	facet normal 0 0 -1
		outer loop
			vertex 2.5559470653534 1.2225171327591 0.19799999892712
			vertex 2.5714399814606 1.2070200443268 0.19799999892712
			vertex 2.5559470653534 1.222512960434 0.19799999892712
		endloop
	endfacet
	facet normal 0 0 -1
		outer loop
			vertex 2.5441925525665 1.2287101745605 0.19799999892712
			vertex 2.5632214546204 1.2469553947449 0.19799999892712
			vertex 2.5559470653534 1.2225171327591 0.19799999892712
		endloop
	endfacet
	facet normal 0 0 -1
		outer loop
			vertex 2.5559470653534 1.2225171327591 0.19799999892712
			vertex 2.5632214546204 1.2469553947449 0.19799999892712
			vertex 2.5714399814606 1.2070200443268 0.19799999892712
		endloop
	endfacet
	facet normal 0 0 -1
		outer loop
			vertex 2.5632214546204 1.2469553947449 0.19799999892712
			vertex 2.4348528385162 1.2863527536392 0.19799999892712
			vertex 2.4634799957275 1.3149800300598 0.19799999892712
		endloop
	endfacet
	facet normal 0 0 -1
		outer loop
			vertex 2.4738478660583 1.3253477811813 0.19799999892712
			vertex 2.4866142272949 1.3381142616272 0.19799999892712
			vertex 2.5039649009705 1.3274912834167 0.19799999892712
		endloop
	endfacet
	facet normal 0 0 -1
		outer loop
			vertex 2.5632214546204 1.2469553947449 0.19799999892712
			vertex 2.4738478660583 1.3253477811813 0.19799999892712
			vertex 2.5039649009705 1.3274912834167 0.19799999892712
		endloop
	endfacet
	facet normal 0 0 -1
		outer loop
			vertex 2.5632214546204 1.2469553947449 0.19799999892712
			vertex 2.4634799957275 1.3149800300598 0.19799999892712
			vertex 2.4738478660583 1.3253477811813 0.19799999892712
		endloop
	endfacet
	facet normal 0 0 -1
		outer loop
			vertex 2.5632214546204 1.2469553947449 0.19799999892712
			vertex 2.5039649009705 1.3274912834167 0.19799999892712
			vertex 2.5039649009705 1.3317494392395 0.19799999892712
		endloop
	endfacet
	facet normal 0 0 -1
		outer loop
			vertex 2.5632214546204 1.2469553947449 0.19799999892712
			vertex 2.5039649009705 1.3317494392395 0.19799999892712
			vertex 2.5823745727539 1.2533397674561 0.19799999892712
		endloop
	endfacet
	facet normal 0 1 0
		outer loop
			vertex 2.5882093906403 1.1665350198746 0
			vertex 2.5882093906403 1.1665350198746 0.19799999892712
			vertex 2.87855052948 1.1665350198746 0
		endloop
	endfacet
	facet normal 0 -1 0
		outer loop
			vertex 2.820919752121 1.2475049495697 0
			vertex 2.8953199386597 1.2475049495697 0
			vertex 2.8953199386597 1.2475049495697 0.19799999892712
		endloop
	endfacet
	facet normal 0 1 -0
		outer loop
			vertex 2.87855052948 1.1665350198746 0
			vertex 2.5882093906403 1.1665350198746 0.19799999892712
			vertex 2.87855052948 1.1665350198746 0.19799999892712
		endloop
	endfacet
	facet normal 0 -1 0
		outer loop
			vertex 2.820919752121 1.2475049495697 0
			vertex 2.8953199386597 1.2475049495697 0.19799999892712
			vertex 2.820919752121 1.2475049495697 0.19799999892712
		endloop
	endfacet
	facet normal 0 0 -1
		outer loop
			vertex 2.5933146476746 1.1728811264038 0.19799999892712
			vertex 2.5831184387207 1.1887941360474 0.19799999892712
			vertex 2.579297542572 1.2080022096634 0.19799999892712
		endloop
	endfacet
	facet normal 0 0 -1
		outer loop
			vertex 2.5933146476746 1.1728811264038 0.19799999892712
			vertex 2.8761548995972 1.1689306497574 0.19799999892712
			vertex 2.5947275161743 1.1721075773239 0.19799999892712
		endloop
	endfacet
	facet normal 0 0 -1
		outer loop
			vertex 2.5933091640472 1.1716347932816 0.19799999892712
			vertex 2.5947275161743 1.1721075773239 0.19799999892712
			vertex 2.87855052948 1.1665350198746 0.19799999892712
		endloop
	endfacet
	facet normal 0 0 -1
		outer loop
			vertex 2.5882093906403 1.1665350198746 0.19799999892712
			vertex 2.5933091640472 1.1716347932816 0.19799999892712
			vertex 2.87855052948 1.1665350198746 0.19799999892712
		endloop
	endfacet
	facet normal 0 0 -1
		outer loop
			vertex 2.5933146476746 1.1728811264038 0.19799999892712
			vertex 2.579297542572 1.2080022096634 0.19799999892712
			vertex 2.8761548995972 1.1689306497574 0.19799999892712
		endloop
	endfacet
	facet normal 0 0 -1
		outer loop
			vertex 2.579297542572 1.2080022096634 0.19799999892712
			vertex 2.7000331878662 1.2230941057205 0.19799999892712
			vertex 2.8761548995972 1.1689306497574 0.19799999892712
		endloop
	endfacet
	facet normal 0 0 -1
		outer loop
			vertex 2.5947275161743 1.1721075773239 0.19799999892712
			vertex 2.8761548995972 1.1689306497574 0.19799999892712
			vertex 2.87855052948 1.1665350198746 0.19799999892712
		endloop
	endfacet
	facet normal 0 0 -1
		outer loop
			vertex 2.7000331878662 1.2230941057205 0.19799999892712
			vertex 2.820919752121 1.2475049495697 0.19799999892712
			vertex 2.8953199386597 1.2475049495697 0.19799999892712
		endloop
	endfacet
	facet normal 0 0 -1
		outer loop
			vertex 2.7000331878662 1.2230941057205 0.19799999892712
			vertex 2.8953199386597 1.2475049495697 0.19799999892712
			vertex 2.8761548995972 1.1689306497574 0.19799999892712
		endloop
	endfacet
	facet normal 0 0 -1
		outer loop
			vertex 2.8761548995972 1.1689306497574 0.19799999892712
			vertex 2.8953199386597 1.2475049495697 0.19799999892712
			vertex 2.8953199386597 1.169606924057 0.19799999892712
		endloop
	endfacet
	facet normal 0.70710678118655 0.70710678118655 -0
		outer loop
			vertex 2.87855052948 1.1665350198746 0
			vertex 2.87855052948 1.1665350198746 0.19799999892712
			vertex 2.9627950191498 1.0822905302048 0
		endloop
	endfacet
	facet normal -0.70710678118655 -0.70710678118655 0
		outer loop
			vertex 2.9239473342896 1.2356472015381 0
			vertex 3.0319073200226 1.1276872158051 0
			vertex 3.0319073200226 1.1276872158051 0.19799999892712
		endloop
	endfacet
	facet normal 0.70710678118655 0.70710678118655 -0
		outer loop
			vertex 2.9627950191498 1.0822905302048 0
			vertex 2.87855052948 1.1665350198746 0.19799999892712
			vertex 2.9627950191498 1.0822905302048 0.19799999892712
		endloop
	endfacet
	facet normal -0.70710678118655 -0.70710678118655 0
		outer loop
			vertex 2.9239473342896 1.2356472015381 0
			vertex 3.0319073200226 1.1276872158051 0.19799999892712
			vertex 2.9239473342896 1.2356472015381 0.19799999892712
		endloop
	endfacet
	facet normal 0 0 -1
		outer loop
			vertex 2.9627950191498 1.0822905302048 0.19799999892712
			vertex 2.9929122924805 1.0886921882629 0.19799999892712
			vertex 2.9801456928253 1.0759257078171 0.19799999892712
		endloop
	endfacet
	facet normal 0 0 -1
		outer loop
			vertex 2.87855052948 1.1665350198746 0.19799999892712
			vertex 2.8953199386597 1.169606924057 0.19799999892712
			vertex 2.9627950191498 1.0822905302048 0.19799999892712
		endloop
	endfacet
	facet normal 0 0 -1
		outer loop
			vertex 2.8761548995972 1.1689306497574 0.19799999892712
			vertex 2.8953199386597 1.169606924057 0.19799999892712
			vertex 2.87855052948 1.1665350198746 0.19799999892712
		endloop
	endfacet
	facet normal 0 0 -1
		outer loop
			vertex 2.8953199386597 1.169606924057 0.19799999892712
			vertex 2.9020369052887 1.2137368917465 0.19799999892712
			vertex 2.9239473342896 1.2356472015381 0.19799999892712
		endloop
	endfacet
	facet normal 0 0 -1
		outer loop
			vertex 2.8953199386597 1.169606924057 0.19799999892712
			vertex 2.9929122924805 1.0886921882629 0.19799999892712
			vertex 2.9627950191498 1.0822905302048 0.19799999892712
		endloop
	endfacet
	facet normal 0 0 -1
		outer loop
			vertex 2.8953199386597 1.169606924057 0.19799999892712
			vertex 2.9239473342896 1.2356472015381 0.19799999892712
			vertex 3.0319073200226 1.1276872158051 0.19799999892712
		endloop
	endfacet
	facet normal 0 0 -1
		outer loop
			vertex 2.8953199386597 1.169606924057 0.19799999892712
			vertex 3.0032799243927 1.0990600585938 0.19799999892712
			vertex 2.9929122924805 1.0886921882629 0.19799999892712
		endloop
	endfacet
	facet normal 0 0 -1
		outer loop
			vertex 2.8953199386597 1.169606924057 0.19799999892712
			vertex 3.0319073200226 1.1276872158051 0.19799999892712
			vertex 3.0032799243927 1.0990600585938 0.19799999892712
		endloop
	endfacet
	facet normal 1 0 0
		outer loop
			vertex 2.9627950191498 1.0161211490631 0
			vertex 2.9627950191498 1.0822905302048 0
			vertex 2.9627950191498 1.0822905302048 0.19799999892712
		endloop
	endfacet
	facet normal 1 0 0
		outer loop
			vertex 2.9627950191498 1.0161211490631 0
			vertex 2.9627950191498 1.0822905302048 0.19799999892712
			vertex 2.9627950191498 1.0161211490631 0.19799999892712
		endloop
	endfacet
	facet normal -1 0 0
		outer loop
			vertex 3.0437650680542 0.99110001325607 0
			vertex 3.0437650680542 0.99110001325607 0.19799999892712
			vertex 3.0437650680542 1.0990600585938 0
		endloop
	endfacet
	facet normal -1 0 0
		outer loop
			vertex 3.0437650680542 1.0990600585938 0
			vertex 3.0437650680542 0.99110001325607 0.19799999892712
			vertex 3.0437650680542 1.0990600585938 0.19799999892712
		endloop
	endfacet
	facet normal 0 0 -1
		outer loop
			vertex 2.9646203517914 0.99110001325607 0.19799999892712
			vertex 2.9728579521179 1.0211526155472 0.19799999892712
			vertex 3.011332988739 0.99110001325607 0.19799999892712
		endloop
	endfacet
	facet normal 0 0 -1
		outer loop
			vertex 2.9627950191498 1.0161211490631 0.19799999892712
			vertex 2.9801456928253 1.0759257078171 0.19799999892712
			vertex 2.9728579521179 1.0211526155472 0.19799999892712
		endloop
	endfacet
	facet normal 0 0 -1
		outer loop
			vertex 2.9627950191498 1.0161211490631 0.19799999892712
			vertex 2.9627950191498 1.0822905302048 0.19799999892712
			vertex 2.9801456928253 1.0759257078171 0.19799999892712
		endloop
	endfacet
	facet normal 0 0 -1
		outer loop
			vertex 2.9728579521179 1.0211526155472 0.19799999892712
			vertex 2.9801456928253 1.0759257078171 0.19799999892712
			vertex 2.9877870082855 1.065737247467 0.19799999892712
		endloop
	endfacet
	facet normal 0 0 -1
		outer loop
			vertex 2.9728579521179 1.0211526155472 0.19799999892712
			vertex 2.9877870082855 1.065737247467 0.19799999892712
			vertex 3.011332988739 0.99110001325607 0.19799999892712
		endloop
	endfacet
	facet normal 0 0 -1
		outer loop
			vertex 2.9877870082855 1.065737247467 0.19799999892712
			vertex 3.0187728404999 1.0244227647781 0.19799999892712
			vertex 3.011332988739 0.99110001325607 0.19799999892712
		endloop
	endfacet
	facet normal 0 0 -1
		outer loop
			vertex 2.9877870082855 1.065737247467 0.19799999892712
			vertex 3.0032799243927 1.0990600585938 0.19799999892712
			vertex 3.0187728404999 1.0244227647781 0.19799999892712
		endloop
	endfacet
	facet normal 0 0 -1
		outer loop
			vertex 2.9877870082855 1.065737247467 0.19799999892712
			vertex 2.9929122924805 1.0886921882629 0.19799999892712
			vertex 3.0032799243927 1.0990600585938 0.19799999892712
		endloop
	endfacet
	facet normal 0 0 -1
		outer loop
			vertex 3.0187728404999 1.0244227647781 0.19799999892712
			vertex 3.0437650680542 1.0990600585938 0.19799999892712
			vertex 3.0437650680542 0.99110001325607 0.19799999892712
		endloop
	endfacet
	facet normal 0 0 -1
		outer loop
			vertex 3.0032799243927 1.0990600585938 0.19799999892712
			vertex 3.0437650680542 1.0990600585938 0.19799999892712
			vertex 3.0187728404999 1.0244227647781 0.19799999892712
		endloop
	endfacet
	facet normal 0.89435004530808 0.44736785362543 0
		outer loop
			vertex 2.9134254455566 0.9009091258049 0
			vertex 2.9132180213928 0.9013237953186 0
			vertex 2.9132180213928 0.9013237953186 0.19799999892712
		endloop
	endfacet
	facet normal -0.44721359549996 0.89442719099992 0
		outer loop
			vertex 2.9134254455566 0.9009091258049 0
			vertex 2.9134254455566 0.9009091258049 0.19799999892712
			vertex 3.0213854312897 0.95488911867142 0
		endloop
	endfacet
	facet normal 0.44721359549996 -0.89442719099992 0
		outer loop
			vertex 2.8857626914978 0.97760498523712 0
			vertex 2.9627950191498 1.0161211490631 0
			vertex 2.9627950191498 1.0161211490631 0.19799999892712
		endloop
	endfacet
	facet normal 0.89435004530808 0.44736785362543 -0
		outer loop
			vertex 2.9134254455566 0.9009091258049 0
			vertex 2.9132180213928 0.9013237953186 0.19799999892712
			vertex 2.9134254455566 0.9009091258049 0.19799999892712
		endloop
	endfacet
	facet normal -0.44721359549996 0.89442719099992 0
		outer loop
			vertex 3.0213854312897 0.95488911867142 0
			vertex 2.9134254455566 0.9009091258049 0.19799999892712
			vertex 3.0213854312897 0.95488911867142 0.19799999892712
		endloop
	endfacet
	facet normal 0.44721359549996 -0.89442719099992 0
		outer loop
			vertex 2.8857626914978 0.97760498523712 0
			vertex 2.9627950191498 1.0161211490631 0.19799999892712
			vertex 2.8857626914978 0.97760498523712 0.19799999892712
		endloop
	endfacet
	facet normal -0.89435004530808 -0.44736785362543 0
		outer loop
			vertex 3.0213854312897 0.95488911867142 0
			vertex 3.0213854312897 0.95488911867142 0.19799999892712
			vertex 3.0211780071259 0.95530378818512 0
		endloop
	endfacet
	facet normal -0.89435004530808 -0.44736785362543 0
		outer loop
			vertex 3.0211780071259 0.95530378818512 0
			vertex 3.0213854312897 0.95488911867142 0.19799999892712
			vertex 3.0211780071259 0.95530378818512 0.19799999892712
		endloop
	endfacet
	facet normal 0 0 -1
		outer loop
			vertex 2.9132180213928 0.9013237953186 0.19799999892712
			vertex 2.9139313697815 0.90180039405823 0.19799999892712
			vertex 2.9134254455566 0.9009091258049 0.19799999892712
		endloop
	endfacet
	facet normal 0 0 -1
		outer loop
			vertex 2.9108128547668 0.90613412857056 0.19799999892712
			vertex 2.8953199386597 0.93712002038956 0.19799999892712
			vertex 2.9223339557648 0.91660332679749 0.19799999892712
		endloop
	endfacet
	facet normal 0 0 -1
		outer loop
			vertex 2.8953199386597 0.93712002038956 0.19799999892712
			vertex 2.8857626914978 0.97760498523712 0.19799999892712
			vertex 2.9223339557648 0.91660332679749 0.19799999892712
		endloop
	endfacet
	facet normal 0 0 -1
		outer loop
			vertex 2.9139313697815 0.90180039405823 0.19799999892712
			vertex 2.9223339557648 0.91660332679749 0.19799999892712
			vertex 3.0213854312897 0.95488911867142 0.19799999892712
		endloop
	endfacet
	facet normal 0 0 -1
		outer loop
			vertex 2.9134254455566 0.9009091258049 0.19799999892712
			vertex 2.9139313697815 0.90180039405823 0.19799999892712
			vertex 3.0213854312897 0.95488911867142 0.19799999892712
		endloop
	endfacet
	facet normal 0 0 -1
		outer loop
			vertex 2.9223339557648 0.91660332679749 0.19799999892712
			vertex 3.0211780071259 0.95530378818512 0.19799999892712
			vertex 3.0213854312897 0.95488911867142 0.19799999892712
		endloop
	endfacet
	facet normal 0 0 -1
		outer loop
			vertex 2.9223339557648 0.91660332679749 0.19799999892712
			vertex 2.8857626914978 0.97760498523712 0.19799999892712
			vertex 2.9632687568665 0.9887188076973 0.19799999892712
		endloop
	endfacet
	facet normal 0 0 -1
		outer loop
			vertex 2.8857626914978 0.97760498523712 0.19799999892712
			vertex 2.9627950191498 1.0161211490631 0.19799999892712
			vertex 2.9646203517914 0.99110001325607 0.19799999892712
		endloop
	endfacet
	facet normal 0 0 -1
		outer loop
			vertex 2.8857626914978 0.97760498523712 0.19799999892712
			vertex 2.9646203517914 0.99110001325607 0.19799999892712
			vertex 2.9632687568665 0.9887188076973 0.19799999892712
		endloop
	endfacet
	facet normal 0 0 -1
		outer loop
			vertex 2.9223339557648 0.91660332679749 0.19799999892712
			vertex 2.9632687568665 0.9887188076973 0.19799999892712
			vertex 3.0044524669647 0.98875492811203 0.19799999892712
		endloop
	endfacet
	facet normal 0 0 -1
		outer loop
			vertex 2.9223339557648 0.91660332679749 0.19799999892712
			vertex 3.0044524669647 0.98875492811203 0.19799999892712
			vertex 3.0211780071259 0.95530378818512 0.19799999892712
		endloop
	endfacet
	facet normal 0 0 -1
		outer loop
			vertex 2.9627950191498 1.0161211490631 0.19799999892712
			vertex 2.9728579521179 1.0211526155472 0.19799999892712
			vertex 2.9646203517914 0.99110001325607 0.19799999892712
		endloop
	endfacet
	facet normal 0 1 0
		outer loop
			vertex 2.5714399814606 0.89663499593735 0
			vertex 2.5714399814606 0.89663499593735 0.19799999892712
			vertex 2.8953199386597 0.89663499593735 0
		endloop
	endfacet
	facet normal 0 -1 0
		outer loop
			vertex 2.5809972286224 0.97760498523712 0
			vertex 2.8857626914978 0.97760498523712 0
			vertex 2.8857626914978 0.97760498523712 0.19799999892712
		endloop
	endfacet
	facet normal 0 1 -0
		outer loop
			vertex 2.8953199386597 0.89663499593735 0
			vertex 2.5714399814606 0.89663499593735 0.19799999892712
			vertex 2.8953199386597 0.89663499593735 0.19799999892712
		endloop
	endfacet
	facet normal 0 -1 0
		outer loop
			vertex 2.5809972286224 0.97760498523712 0
			vertex 2.8857626914978 0.97760498523712 0.19799999892712
			vertex 2.5809972286224 0.97760498523712 0.19799999892712
		endloop
	endfacet
	facet normal 0 0 -1
		outer loop
			vertex 2.5714399814606 0.89663499593735 0.19799999892712
			vertex 2.5714399814606 0.97101491689682 0.19799999892712
			vertex 2.5888779163361 0.97324550151825 0.19799999892712
		endloop
	endfacet
	facet normal 0 0 -1
		outer loop
			vertex 2.5714399814606 0.89663499593735 0.19799999892712
			vertex 2.5888779163361 0.97324550151825 0.19799999892712
			vertex 2.8953199386597 0.89663499593735 0.19799999892712
		endloop
	endfacet
	facet normal 0 0 -1
		outer loop
			vertex 2.5888779163361 0.97324550151825 0.19799999892712
			vertex 2.8953199386597 0.93712002038956 0.19799999892712
			vertex 2.8953199386597 0.89663499593735 0.19799999892712
		endloop
	endfacet
	facet normal 0 0 -1
		outer loop
			vertex 2.5809972286224 0.97760498523712 0.19799999892712
			vertex 2.8857626914978 0.97760498523712 0.19799999892712
			vertex 2.5888779163361 0.97324550151825 0.19799999892712
		endloop
	endfacet
	facet normal 0 0 -1
		outer loop
			vertex 2.5888779163361 0.97324550151825 0.19799999892712
			vertex 2.8857626914978 0.97760498523712 0.19799999892712
			vertex 2.8953199386597 0.93712002038956 0.19799999892712
		endloop
	endfacet
	facet normal 0.44721359549996 0.89442719099992 0
		outer loop
			vertex 2.5533344745636 0.9009091258049 0
			vertex 2.4453744888306 0.95488911867142 0
			vertex 2.4453744888306 0.95488911867142 0.19799999892712
		endloop
	endfacet
	facet normal -0.89435004530808 0.44736785362543 0
		outer loop
			vertex 2.5533344745636 0.9009091258049 0
			vertex 2.5533344745636 0.9009091258049 0.19799999892712
			vertex 2.5535418987274 0.9013237953186 0
		endloop
	endfacet
	facet normal 0.89435004530808 -0.44736785362543 0
		outer loop
			vertex 2.4453744888306 0.95488911867142 0
			vertex 2.4455819129944 0.95530378818512 0
			vertex 2.4455819129944 0.95530378818512 0.19799999892712
		endloop
	endfacet
	facet normal -0.44721359549996 -0.89442719099992 0
		outer loop
			vertex 2.5039649009705 1.0161211490631 0
			vertex 2.5809972286224 0.97760498523712 0
			vertex 2.5809972286224 0.97760498523712 0.19799999892712
		endloop
	endfacet
	facet normal 0.44721359549996 0.89442719099992 -0
		outer loop
			vertex 2.5533344745636 0.9009091258049 0
			vertex 2.4453744888306 0.95488911867142 0.19799999892712
			vertex 2.5533344745636 0.9009091258049 0.19799999892712
		endloop
	endfacet
	facet normal -0.89435004530808 0.44736785362543 0
		outer loop
			vertex 2.5535418987274 0.9013237953186 0
			vertex 2.5533344745636 0.9009091258049 0.19799999892712
			vertex 2.5535418987274 0.9013237953186 0.19799999892712
		endloop
	endfacet
	facet normal 0.89435004530808 -0.44736785362543 0
		outer loop
			vertex 2.4453744888306 0.95488911867142 0
			vertex 2.4455819129944 0.95530378818512 0.19799999892712
			vertex 2.4453744888306 0.95488911867142 0.19799999892712
		endloop
	endfacet
	facet normal -0.44721359549996 -0.89442719099992 0
		outer loop
			vertex 2.5039649009705 1.0161211490631 0
			vertex 2.5809972286224 0.97760498523712 0.19799999892712
			vertex 2.5039649009705 1.0161211490631 0.19799999892712
		endloop
	endfacet
	facet normal 0 0 -1
		outer loop
			vertex 2.5533344745636 0.9009091258049 0.19799999892712
			vertex 2.4453744888306 0.95488911867142 0.19799999892712
			vertex 2.4460694789886 0.95497798919678 0.19799999892712
		endloop
	endfacet
	facet normal 0 0 -1
		outer loop
			vertex 2.5533344745636 0.9009091258049 0.19799999892712
			vertex 2.4460694789886 0.95497798919678 0.19799999892712
			vertex 2.4490323066711 0.9553570151329 0.19799999892712
		endloop
	endfacet
	facet normal 0 0 -1
		outer loop
			vertex 2.5533344745636 0.9009091258049 0.19799999892712
			vertex 2.4490323066711 0.9553570151329 0.19799999892712
			vertex 2.4779078960419 0.95905065536499 0.19799999892712
		endloop
	endfacet
	facet normal 0 0 -1
		outer loop
			vertex 2.5533344745636 0.9009091258049 0.19799999892712
			vertex 2.4779078960419 0.95905065536499 0.19799999892712
			vertex 2.4891350269318 0.96048676967621 0.19799999892712
		endloop
	endfacet
	facet normal -0 0 -1
		outer loop
			vertex 2.5550339221954 0.90430772304535 0.19799999892712
			vertex 2.5535418987274 0.9013237953186 0.19799999892712
			vertex 2.4891350269318 0.96048676967621 0.19799999892712
		endloop
	endfacet
	facet normal -0 0 -1
		outer loop
			vertex 2.5535418987274 0.9013237953186 0.19799999892712
			vertex 2.5533344745636 0.9009091258049 0.19799999892712
			vertex 2.4891350269318 0.96048676967621 0.19799999892712
		endloop
	endfacet
	facet normal 0 0 -1
		outer loop
			vertex 2.5550339221954 0.90430772304535 0.19799999892712
			vertex 2.4891350269318 0.96048676967621 0.19799999892712
			vertex 2.5559470653534 0.96903312206268 0.19799999892712
		endloop
	endfacet
	facet normal 0 -0 -1
		outer loop
			vertex 2.4455819129944 0.95530378818512 0.19799999892712
			vertex 2.4460694789886 0.95497798919678 0.19799999892712
			vertex 2.4453744888306 0.95488911867142 0.19799999892712
		endloop
	endfacet
	facet normal 0 0 -1
		outer loop
			vertex 2.4490323066711 0.9553570151329 0.19799999892712
			vertex 2.4583265781403 0.98079293966293 0.19799999892712
			vertex 2.4779078960419 0.95905065536499 0.19799999892712
		endloop
	endfacet
	facet normal 0 0 -1
		outer loop
			vertex 2.4583265781403 0.98079293966293 0.19799999892712
			vertex 2.4634799957275 0.99110001325607 0.19799999892712
			vertex 2.4779078960419 0.95905065536499 0.19799999892712
		endloop
	endfacet
	facet normal 0 0 -1
		outer loop
			vertex 2.4634799957275 0.99110001325607 0.19799999892712
			vertex 2.4780302047729 1.0202004909515 0.19799999892712
			vertex 2.4779078960419 0.95905065536499 0.19799999892712
		endloop
	endfacet
	facet normal 0 -0 -1
		outer loop
			vertex 2.4796741008759 1.0234880447388 0.19799999892712
			vertex 2.5039649009705 1.0161211490631 0.19799999892712
			vertex 2.4793207645416 1.0227817296982 0.19799999892712
		endloop
	endfacet
	facet normal 0 0 -1
		outer loop
			vertex 2.4891350269318 0.96048676967621 0.19799999892712
			vertex 2.5039649009705 1.0161211490631 0.19799999892712
			vertex 2.5559470653534 0.96903312206268 0.19799999892712
		endloop
	endfacet
	facet normal 0 0 -1
		outer loop
			vertex 2.4891350269318 0.96048676967621 0.19799999892712
			vertex 2.4793207645416 1.0227817296982 0.19799999892712
			vertex 2.5039649009705 1.0161211490631 0.19799999892712
		endloop
	endfacet
	facet normal 0 0 -1
		outer loop
			vertex 2.5714399814606 0.97101491689682 0.19799999892712
			vertex 2.5809972286224 0.97760498523712 0.19799999892712
			vertex 2.5888779163361 0.97324550151825 0.19799999892712
		endloop
	endfacet
	facet normal 0 0 -1
		outer loop
			vertex 2.5039649009705 1.0161211490631 0.19799999892712
			vertex 2.5714399814606 0.97101491689682 0.19799999892712
			vertex 2.5559470653534 0.96903312206268 0.19799999892712
		endloop
	endfacet
	facet normal 0 0 -1
		outer loop
			vertex 2.5039649009705 1.0161211490631 0.19799999892712
			vertex 2.5809972286224 0.97760498523712 0.19799999892712
			vertex 2.5714399814606 0.97101491689682 0.19799999892712
		endloop
	endfacet
	facet normal 1 0 0
		outer loop
			vertex 2.4229950904846 0.99110001325607 0
			vertex 2.4229950904846 1.0990600585938 0
			vertex 2.4229950904846 1.0990600585938 0.19799999892712
		endloop
	endfacet
	facet normal -1 0 0
		outer loop
			vertex 2.5039649009705 1.0161211490631 0
			vertex 2.5039649009705 1.0161211490631 0.19799999892712
			vertex 2.5039649009705 1.0822905302048 0
		endloop
	endfacet
	facet normal 1 0 0
		outer loop
			vertex 2.4229950904846 0.99110001325607 0
			vertex 2.4229950904846 1.0990600585938 0.19799999892712
			vertex 2.4229950904846 0.99110001325607 0.19799999892712
		endloop
	endfacet
	facet normal -1 0 0
		outer loop
			vertex 2.5039649009705 1.0822905302048 0
			vertex 2.5039649009705 1.0161211490631 0.19799999892712
			vertex 2.5039649009705 1.0822905302048 0.19799999892712
		endloop
	endfacet
	facet normal 0 0 -1
		outer loop
			vertex 2.4229950904846 0.99110001325607 0.19799999892712
			vertex 2.4260766506195 1.0922055244446 0.19799999892712
			vertex 2.4634799957275 0.99110001325607 0.19799999892712
		endloop
	endfacet
	facet normal 0 0 -1
		outer loop
			vertex 2.4229950904846 0.99110001325607 0.19799999892712
			vertex 2.4229950904846 1.0990600585938 0.19799999892712
			vertex 2.4260766506195 1.0922055244446 0.19799999892712
		endloop
	endfacet
	facet normal 0 0 -1
		outer loop
			vertex 2.4260766506195 1.0949510335922 0.19799999892712
			vertex 2.4479870796204 1.065737247467 0.19799999892712
			vertex 2.4260766506195 1.0922055244446 0.19799999892712
		endloop
	endfacet
	facet normal 0 0 -1
		outer loop
			vertex 2.4789729118347 1.0244227647781 0.19799999892712
			vertex 2.5039649009705 1.0161211490631 0.19799999892712
			vertex 2.4796741008759 1.0234880447388 0.19799999892712
		endloop
	endfacet
	facet normal 0 0 -1
		outer loop
			vertex 2.4260766506195 1.0922055244446 0.19799999892712
			vertex 2.4780302047729 1.0202004909515 0.19799999892712
			vertex 2.4634799957275 0.99110001325607 0.19799999892712
		endloop
	endfacet
	facet normal 0 0 -1
		outer loop
			vertex 2.4260766506195 1.0922055244446 0.19799999892712
			vertex 2.4479870796204 1.065737247467 0.19799999892712
			vertex 2.4789729118347 1.0244227647781 0.19799999892712
		endloop
	endfacet
	facet normal 0 0 -1
		outer loop
			vertex 2.4789729118347 1.0244227647781 0.19799999892712
			vertex 2.4479870796204 1.065737247467 0.19799999892712
			vertex 2.4634799957275 1.0990600585938 0.19799999892712
		endloop
	endfacet
	facet normal 0 0 -1
		outer loop
			vertex 2.4260766506195 1.0922055244446 0.19799999892712
			vertex 2.4789729118347 1.0244227647781 0.19799999892712
			vertex 2.4780302047729 1.0202004909515 0.19799999892712
		endloop
	endfacet
	facet normal 0 0 -1
		outer loop
			vertex 2.4479870796204 1.065737247467 0.19799999892712
			vertex 2.4554269313812 1.0990600585938 0.19799999892712
			vertex 2.4634799957275 1.0990600585938 0.19799999892712
		endloop
	endfacet
	facet normal 0 0 -1
		outer loop
			vertex 2.4789729118347 1.0244227647781 0.19799999892712
			vertex 2.4634799957275 1.0990600585938 0.19799999892712
			vertex 2.5039649009705 1.0822905302048 0.19799999892712
		endloop
	endfacet
	facet normal 0 0 -1
		outer loop
			vertex 2.4634799957275 1.0990600585938 0.19799999892712
			vertex 2.5008833408356 1.0990600585938 0.19799999892712
			vertex 2.5023658275604 1.0910204648972 0.19799999892712
		endloop
	endfacet
	facet normal 0 0 -1
		outer loop
			vertex 2.4634799957275 1.0990600585938 0.19799999892712
			vertex 2.5023658275604 1.0910204648972 0.19799999892712
			vertex 2.5039649009705 1.0822905302048 0.19799999892712
		endloop
	endfacet
	facet normal 0 0 -1
		outer loop
			vertex 2.4789729118347 1.0244227647781 0.19799999892712
			vertex 2.5039649009705 1.0822905302048 0.19799999892712
			vertex 2.5039649009705 1.0161211490631 0.19799999892712
		endloop
	endfacet
	facet normal 0.70710678118655 -0.70710678118655 0
		outer loop
			vertex 2.4348528385162 1.1276872158051 0
			vertex 2.514185667038 1.2070200443268 0
			vertex 2.514185667038 1.2070200443268 0.19799999892712
		endloop
	endfacet
	facet normal -0.70710678118655 0.70710678118655 0
		outer loop
			vertex 2.5039649009705 1.0822905302048 0
			vertex 2.5039649009705 1.0822905302048 0.19799999892712
			vertex 2.5882093906403 1.1665350198746 0
		endloop
	endfacet
	facet normal 0.70710678118655 -0.70710678118655 0
		outer loop
			vertex 2.4348528385162 1.1276872158051 0
			vertex 2.514185667038 1.2070200443268 0.19799999892712
			vertex 2.4348528385162 1.1276872158051 0.19799999892712
		endloop
	endfacet
	facet normal -0.70710678118655 0.70710678118655 0
		outer loop
			vertex 2.5882093906403 1.1665350198746 0
			vertex 2.5039649009705 1.0822905302048 0.19799999892712
			vertex 2.5882093906403 1.1665350198746 0.19799999892712
		endloop
	endfacet
	facet normal 0 0 -1
		outer loop
			vertex 2.4634799957275 1.0990600585938 0.19799999892712
			vertex 2.5008833408356 1.0990642309189 0.19799999892712
			vertex 2.5008833408356 1.0990600585938 0.19799999892712
		endloop
	endfacet
	facet normal 0 0 -1
		outer loop
			vertex 2.5039649009705 1.0822905302048 0.19799999892712
			vertex 2.5023658275604 1.0910204648972 0.19799999892712
			vertex 2.5035557746887 1.1011176109314 0.19799999892712
		endloop
	endfacet
	facet normal 0 0 -1
		outer loop
			vertex 2.4634799957275 1.0990600585938 0.19799999892712
			vertex 2.4348528385162 1.1276872158051 0.19799999892712
			vertex 2.5008833408356 1.0990642309189 0.19799999892712
		endloop
	endfacet
	facet normal 0 0 -1
		outer loop
			vertex 2.5008833408356 1.0990642309189 0.19799999892712
			vertex 2.4348528385162 1.1276872158051 0.19799999892712
			vertex 2.5027570724487 1.1051330566406 0.19799999892712
		endloop
	endfacet
	facet normal 0 0 -1
		outer loop
			vertex 2.4348528385162 1.1276872158051 0.19799999892712
			vertex 2.5293674468994 1.191838145256 0.19799999892712
			vertex 2.5027570724487 1.1051330566406 0.19799999892712
		endloop
	endfacet
	facet normal 0 0 -1
		outer loop
			vertex 2.5039649009705 1.0822905302048 0.19799999892712
			vertex 2.5035557746887 1.1011176109314 0.19799999892712
			vertex 2.5882093906403 1.1665350198746 0.19799999892712
		endloop
	endfacet
	facet normal 0 0 -1
		outer loop
			vertex 2.5035557746887 1.1011176109314 0.19799999892712
			vertex 2.5027570724487 1.1051330566406 0.19799999892712
			vertex 2.5882093906403 1.1665350198746 0.19799999892712
		endloop
	endfacet
	facet normal 0 0 -1
		outer loop
			vertex 2.4348528385162 1.1276872158051 0.19799999892712
			vertex 2.514185667038 1.2070200443268 0.19799999892712
			vertex 2.5293674468994 1.191838145256 0.19799999892712
		endloop
	endfacet
	facet normal 0 0 -1
		outer loop
			vertex 2.5027570724487 1.1051330566406 0.19799999892712
			vertex 2.5293674468994 1.191838145256 0.19799999892712
			vertex 2.5714399814606 1.2070200443268 0.19799999892712
		endloop
	endfacet
	facet normal 0 0 -1
		outer loop
			vertex 2.5027570724487 1.1051330566406 0.19799999892712
			vertex 2.5831184387207 1.1887941360474 0.19799999892712
			vertex 2.5933146476746 1.1728811264038 0.19799999892712
		endloop
	endfacet
	facet normal 0 0 -1
		outer loop
			vertex 2.5027570724487 1.1051330566406 0.19799999892712
			vertex 2.5714399814606 1.2070200443268 0.19799999892712
			vertex 2.5831184387207 1.1887941360474 0.19799999892712
		endloop
	endfacet
	facet normal 0 0 -1
		outer loop
			vertex 2.5027570724487 1.1051330566406 0.19799999892712
			vertex 2.5930783748627 1.1715577840805 0.19799999892712
			vertex 2.5882093906403 1.1665350198746 0.19799999892712
		endloop
	endfacet
	facet normal 0 0 -1
		outer loop
			vertex 2.5027570724487 1.1051330566406 0.19799999892712
			vertex 2.5933146476746 1.1728811264038 0.19799999892712
			vertex 2.5930783748627 1.1715577840805 0.19799999892712
		endloop
	endfacet
	facet normal 0 0 -1
		outer loop
			vertex 2.5882093906403 1.1665350198746 0.19799999892712
			vertex 2.5930783748627 1.1715577840805 0.19799999892712
			vertex 2.5933091640472 1.1716347932816 0.19799999892712
		endloop
	endfacet
	facet normal 0 0 -1
		outer loop
			vertex 2.5473895072937 1.2126383781433 0.19799999892712
			vertex 2.5559470653534 1.222512960434 0.19799999892712
			vertex 2.5714399814606 1.2070200443268 0.19799999892712
		endloop
	endfacet
	facet normal 0 0 -1
		outer loop
			vertex 2.5293674468994 1.191838145256 0.19799999892712
			vertex 2.5473895072937 1.2126383781433 0.19799999892712
			vertex 2.5714399814606 1.2070200443268 0.19799999892712
		endloop
	endfacet
	facet normal -0.31622815508183 0.94868316836209 0
		outer loop
			vertex 2.820919752121 1.2475049495697 0
			vertex 2.820919752121 1.2475049495697 0.19799999892712
			vertex 2.9081225395203 1.2765725851059 0
		endloop
	endfacet
	facet normal 0.31622776601684 -0.94868329805051 0
		outer loop
			vertex 2.5823745727539 1.2533397674561 0
			vertex 2.873450756073 1.3503651618958 0
			vertex 2.873450756073 1.3503651618958 0.19799999892712
		endloop
	endfacet
	facet normal -0.94868329805051 -0.31622776601684 0
		outer loop
			vertex 2.9079759120941 1.2770124673843 0
			vertex 2.9081225395203 1.2765725851059 0
			vertex 2.9081225395203 1.2765725851059 0.19799999892712
		endloop
	endfacet
	facet normal 0.31622776601684 -0.94868329805051 0
		outer loop
			vertex 2.5823745727539 1.2533397674561 0
			vertex 2.873450756073 1.3503651618958 0.19799999892712
			vertex 2.5823745727539 1.2533397674561 0.19799999892712
		endloop
	endfacet
	facet normal -0.31622815508183 0.94868316836209 0
		outer loop
			vertex 2.9081225395203 1.2765725851059 0
			vertex 2.820919752121 1.2475049495697 0.19799999892712
			vertex 2.9081225395203 1.2765725851059 0.19799999892712
		endloop
	endfacet
	facet normal -0.94868329805051 -0.31622776601684 0
		outer loop
			vertex 2.9079759120941 1.2770124673843 0
			vertex 2.9081225395203 1.2765725851059 0.19799999892712
			vertex 2.9079759120941 1.2770124673843 0.19799999892712
		endloop
	endfacet
	facet normal 0 -0 -1
		outer loop
			vertex 2.5933146476746 1.1728811264038 0.19799999892712
			vertex 2.5947275161743 1.1721075773239 0.19799999892712
			vertex 2.5933091640472 1.1716347932816 0.19799999892712
		endloop
	endfacet
	facet normal 0 0 -1
		outer loop
			vertex 2.5933146476746 1.1728811264038 0.19799999892712
			vertex 2.5933091640472 1.1716347932816 0.19799999892712
			vertex 2.5930783748627 1.1715577840805 0.19799999892712
		endloop
	endfacet
	facet normal 0 0 -1
		outer loop
			vertex 2.5714399814606 1.2070200443268 0.19799999892712
			vertex 2.5632214546204 1.2469553947449 0.19799999892712
			vertex 2.5758104324341 1.2255333662033 0.19799999892712
		endloop
	endfacet
	facet normal 0 0 -1
		outer loop
			vertex 2.5758104324341 1.2255333662033 0.19799999892712
			vertex 2.5632214546204 1.2469553947449 0.19799999892712
			vertex 2.5823745727539 1.2533397674561 0.19799999892712
		endloop
	endfacet
	facet normal 0 0 -1
		outer loop
			vertex 2.579297542572 1.2080022096634 0.19799999892712
			vertex 2.5758104324341 1.2255333662033 0.19799999892712
			vertex 2.7000331878662 1.2230941057205 0.19799999892712
		endloop
	endfacet
	facet normal 0 0 -1
		outer loop
			vertex 2.7000331878662 1.2230941057205 0.19799999892712
			vertex 2.8639357089996 1.3002132177353 0.19799999892712
			vertex 2.820919752121 1.2475049495697 0.19799999892712
		endloop
	endfacet
	facet normal 0 0 -1
		outer loop
			vertex 2.5758104324341 1.2255333662033 0.19799999892712
			vertex 2.5823745727539 1.2533397674561 0.19799999892712
			vertex 2.8666770458221 1.3435835838318 0.19799999892712
		endloop
	endfacet
	facet normal 0 0 -1
		outer loop
			vertex 2.5758104324341 1.2255333662033 0.19799999892712
			vertex 2.8666770458221 1.3435835838318 0.19799999892712
			vertex 2.7000331878662 1.2230941057205 0.19799999892712
		endloop
	endfacet
	facet normal 0 0 -1
		outer loop
			vertex 2.5823745727539 1.2533397674561 0.19799999892712
			vertex 2.8667769432068 1.3436634540558 0.19799999892712
			vertex 2.8666770458221 1.3435835838318 0.19799999892712
		endloop
	endfacet
	facet normal 0 0 -1
		outer loop
			vertex 2.7000331878662 1.2230941057205 0.19799999892712
			vertex 2.8666667938232 1.3435682058334 0.19799999892712
			vertex 2.8639357089996 1.3002132177353 0.19799999892712
		endloop
	endfacet
	facet normal 0 0 -1
		outer loop
			vertex 2.5823745727539 1.2533397674561 0.19799999892712
			vertex 2.873450756073 1.3503651618958 0.19799999892712
			vertex 2.8667769432068 1.3436634540558 0.19799999892712
		endloop
	endfacet
	facet normal 0 0 -1
		outer loop
			vertex 2.7000331878662 1.2230941057205 0.19799999892712
			vertex 2.8666770458221 1.3435835838318 0.19799999892712
			vertex 2.8666667938232 1.3435682058334 0.19799999892712
		endloop
	endfacet
	facet normal 0 0 -1
		outer loop
			vertex 2.820919752121 1.2475049495697 0.19799999892712
			vertex 2.8639357089996 1.3002132177353 0.19799999892712
			vertex 2.9079759120941 1.2770124673843 0.19799999892712
		endloop
	endfacet
	facet normal 0 0 -1
		outer loop
			vertex 2.820919752121 1.2475049495697 0.19799999892712
			vertex 2.9079759120941 1.2770124673843 0.19799999892712
			vertex 2.9081225395203 1.2765725851059 0.19799999892712
		endloop
	endfacet
	facet normal 0 0 -1
		outer loop
			vertex 2.8639357089996 1.3002132177353 0.19799999892712
			vertex 2.8953199386597 1.3149800300598 0.19799999892712
			vertex 2.9079759120941 1.2770124673843 0.19799999892712
		endloop
	endfacet
	facet normal -0 0 -1
		outer loop
			vertex 2.8666963577271 1.3435897827148 0.19799999892712
			vertex 2.8666770458221 1.3435835838318 0.19799999892712
			vertex 2.8667769432068 1.3436634540558 0.19799999892712
		endloop
	endfacet
	facet normal -0.70710678118655 0.70710678118655 0
		outer loop
			vertex 2.9239473342896 1.2863527536392 0
			vertex 2.9239473342896 1.2863527536392 0.19799999892712
			vertex 3.0319073200226 1.3943127393723 0
		endloop
	endfacet
	facet normal 0.70710678118655 -0.70710678118655 0
		outer loop
			vertex 2.873450756073 1.3503651618958 0
			vertex 2.9460256099701 1.4229400157928 0
			vertex 2.9460256099701 1.4229400157928 0.19799999892712
		endloop
	endfacet
	facet normal 0.70710678118655 -0.70710678118655 0
		outer loop
			vertex 2.873450756073 1.3503651618958 0
			vertex 2.9460256099701 1.4229400157928 0.19799999892712
			vertex 2.873450756073 1.3503651618958 0.19799999892712
		endloop
	endfacet
	facet normal -0.70710678118655 0.70710678118655 0
		outer loop
			vertex 3.0319073200226 1.3943127393723 0
			vertex 2.9239473342896 1.2863527536392 0.19799999892712
			vertex 3.0319073200226 1.3943127393723 0.19799999892712
		endloop
	endfacet
	facet normal 0 0 -1
		outer loop
			vertex 2.8798270225525 1.3400480747223 0.19799999892712
			vertex 2.9124026298523 1.3443912267685 0.19799999892712
			vertex 2.8953199386597 1.3149800300598 0.19799999892712
		endloop
	endfacet
	facet normal 0 0 -1
		outer loop
			vertex 2.8667769432068 1.3436634540558 0.19799999892712
			vertex 2.873450756073 1.3503651618958 0.19799999892712
			vertex 2.8798270225525 1.3400480747223 0.19799999892712
		endloop
	endfacet
	facet normal 0 0 -1
		outer loop
			vertex 2.873450756073 1.3503651618958 0.19799999892712
			vertex 2.9124026298523 1.3443912267685 0.19799999892712
			vertex 2.8798270225525 1.3400480747223 0.19799999892712
		endloop
	endfacet
	facet normal 0 0 -1
		outer loop
			vertex 2.873450756073 1.3503651618958 0.19799999892712
			vertex 2.9460256099701 1.4229400157928 0.19799999892712
			vertex 2.9124026298523 1.3443912267685 0.19799999892712
		endloop
	endfacet
	facet normal 0 0 -1
		outer loop
			vertex 2.9239473342896 1.2863527536392 0.19799999892712
			vertex 2.9124026298523 1.3443912267685 0.19799999892712
			vertex 3.0319073200226 1.3943127393723 0.19799999892712
		endloop
	endfacet
	facet normal 0 0 -1
		outer loop
			vertex 2.9124026298523 1.3443912267685 0.19799999892712
			vertex 2.9460256099701 1.4229400157928 0.19799999892712
			vertex 2.9553868770599 1.4183970689774 0.19799999892712
		endloop
	endfacet
	facet normal 0 0 -1
		outer loop
			vertex 2.9124026298523 1.3443912267685 0.19799999892712
			vertex 2.9553868770599 1.4183970689774 0.19799999892712
			vertex 2.9619534015656 1.4101884365082 0.19799999892712
		endloop
	endfacet
	facet normal 0 0 -1
		outer loop
			vertex 2.9124026298523 1.3443912267685 0.19799999892712
			vertex 2.9619534015656 1.4101884365082 0.19799999892712
			vertex 2.9983377456665 1.4278823137283 0.19799999892712
		endloop
	endfacet
	facet normal 0 0 -1
		outer loop
			vertex 2.9124026298523 1.3443912267685 0.19799999892712
			vertex 2.9983377456665 1.4278823137283 0.19799999892712
			vertex 3.0319073200226 1.3943127393723 0.19799999892712
		endloop
	endfacet
	facet normal 0 0 -1
		outer loop
			vertex 2.9619534015656 1.4101884365082 0.19799999892712
			vertex 2.9700217247009 1.43647813797 0.19799999892712
			vertex 2.9983377456665 1.4278823137283 0.19799999892712
		endloop
	endfacet
	facet normal 0.70710615655737 0.70710740581518 -0
		outer loop
			vertex 2.87855052948 1.4904149770737 0
			vertex 2.87855052948 1.4904149770737 0.19799999892712
			vertex 2.9460256099701 1.4229400157928 0
		endloop
	endfacet
	facet normal -0.70710678118655 -0.70710678118655 0
		outer loop
			vertex 2.9239473342896 1.5595271587372 0
			vertex 3.0319073200226 1.4515671730042 0
			vertex 3.0319073200226 1.4515671730042 0.19799999892712
		endloop
	endfacet
	facet normal 0.70710615655737 0.70710740581518 -0
		outer loop
			vertex 2.9460256099701 1.4229400157928 0
			vertex 2.87855052948 1.4904149770737 0.19799999892712
			vertex 2.9460256099701 1.4229400157928 0.19799999892712
		endloop
	endfacet
	facet normal -0.70710678118655 -0.70710678118655 0
		outer loop
			vertex 2.9239473342896 1.5595271587372 0
			vertex 3.0319073200226 1.4515671730042 0.19799999892712
			vertex 2.9239473342896 1.5595271587372 0.19799999892712
		endloop
	endfacet
	facet normal 0 0 -1
		outer loop
			vertex 2.87855052948 1.4904149770737 0.19799999892712
			vertex 2.8953199386597 1.4934868812561 0.19799999892712
			vertex 2.9460256099701 1.4229400157928 0.19799999892712
		endloop
	endfacet
	facet normal 0 0 -1
		outer loop
			vertex 2.8953199386597 1.4934868812561 0.19799999892712
			vertex 2.897439956665 1.4908367395401 0.19799999892712
			vertex 2.9460256099701 1.4229400157928 0.19799999892712
		endloop
	endfacet
	facet normal 0 0 -1
		outer loop
			vertex 2.897439956665 1.4908367395401 0.19799999892712
			vertex 2.9553868770599 1.4183970689774 0.19799999892712
			vertex 2.9460256099701 1.4229400157928 0.19799999892712
		endloop
	endfacet
	facet normal 0 0 -1
		outer loop
			vertex 2.897439956665 1.4908367395401 0.19799999892712
			vertex 2.9700217247009 1.43647813797 0.19799999892712
			vertex 2.9553868770599 1.4183970689774 0.19799999892712
		endloop
	endfacet
	facet normal 0 0 -1
		outer loop
			vertex 2.897439956665 1.4908367395401 0.19799999892712
			vertex 2.9013929367065 1.491623044014 0.19799999892712
			vertex 2.9700217247009 1.43647813797 0.19799999892712
		endloop
	endfacet
	facet normal 0 0 -1
		outer loop
			vertex 2.9013929367065 1.491623044014 0.19799999892712
			vertex 2.9045760631561 1.5248515605927 0.19799999892712
			vertex 3.0032799243927 1.4603531360626 0.19799999892712
		endloop
	endfacet
	facet normal 0 0 -1
		outer loop
			vertex 2.9013929367065 1.491623044014 0.19799999892712
			vertex 3.0032799243927 1.4603531360626 0.19799999892712
			vertex 2.9700217247009 1.43647813797 0.19799999892712
		endloop
	endfacet
	facet normal 0 0 -1
		outer loop
			vertex 2.9553868770599 1.4183970689774 0.19799999892712
			vertex 2.9700217247009 1.43647813797 0.19799999892712
			vertex 2.9619534015656 1.4101884365082 0.19799999892712
		endloop
	endfacet
	facet normal 0 0 -1
		outer loop
			vertex 2.9700217247009 1.43647813797 0.19799999892712
			vertex 3.0032799243927 1.4603531360626 0.19799999892712
			vertex 2.9983377456665 1.4278823137283 0.19799999892712
		endloop
	endfacet
	facet normal 0 0 -1
		outer loop
			vertex 2.9239473342896 1.5595271587372 0.19799999892712
			vertex 3.0319073200226 1.4515671730042 0.19799999892712
			vertex 3.0032799243927 1.4603531360626 0.19799999892712
		endloop
	endfacet
	facet normal 0 0 -1
		outer loop
			vertex 2.9045760631561 1.5248515605927 0.19799999892712
			vertex 2.9020369052887 1.5376168489456 0.19799999892712
			vertex 3.0032799243927 1.4603531360626 0.19799999892712
		endloop
	endfacet
	facet normal 0 0 -1
		outer loop
			vertex 2.9020369052887 1.5376168489456 0.19799999892712
			vertex 2.9239473342896 1.5595271587372 0.19799999892712
			vertex 3.0032799243927 1.4603531360626 0.19799999892712
		endloop
	endfacet
	facet normal 0 1 0
		outer loop
			vertex 2.5882093906403 1.4904149770737 0
			vertex 2.5882093906403 1.4904149770737 0.19799999892712
			vertex 2.87855052948 1.4904149770737 0
		endloop
	endfacet
	facet normal 0 -1 0
		outer loop
			vertex 2.5714399814606 1.5713850259781 0
			vertex 2.8953199386597 1.5713850259781 0
			vertex 2.8953199386597 1.5713850259781 0.19799999892712
		endloop
	endfacet
	facet normal 0 -1 0
		outer loop
			vertex 2.5714399814606 1.5713850259781 0
			vertex 2.8953199386597 1.5713850259781 0.19799999892712
			vertex 2.5714399814606 1.5713850259781 0.19799999892712
		endloop
	endfacet
	facet normal 0 1 -0
		outer loop
			vertex 2.87855052948 1.4904149770737 0
			vertex 2.5882093906403 1.4904149770737 0.19799999892712
			vertex 2.87855052948 1.4904149770737 0.19799999892712
		endloop
	endfacet
	facet normal 0 0 -1
		outer loop
			vertex 2.5882093906403 1.4904149770737 0.19799999892712
			vertex 2.5937993526459 1.49600481987 0.19799999892712
			vertex 2.87855052948 1.4904149770737 0.19799999892712
		endloop
	endfacet
	facet normal 0 0 -1
		outer loop
			vertex 2.5937993526459 1.49600481987 0.19799999892712
			vertex 2.5714399814606 1.5309000015259 0.19799999892712
			vertex 2.8953199386597 1.5713850259781 0.19799999892712
		endloop
	endfacet
	facet normal 0 0 -1
		outer loop
			vertex 2.5714399814606 1.5309000015259 0.19799999892712
			vertex 2.5714399814606 1.5451164245605 0.19799999892712
			vertex 2.8953199386597 1.5713850259781 0.19799999892712
		endloop
	endfacet
	facet normal 0 0 -1
		outer loop
			vertex 2.5714399814606 1.5451164245605 0.19799999892712
			vertex 2.5714399814606 1.5713850259781 0.19799999892712
			vertex 2.8953199386597 1.5713850259781 0.19799999892712
		endloop
	endfacet
	facet normal 0 0 -1
		outer loop
			vertex 2.5937993526459 1.49600481987 0.19799999892712
			vertex 2.8953199386597 1.4934868812561 0.19799999892712
			vertex 2.87855052948 1.4904149770737 0.19799999892712
		endloop
	endfacet
	facet normal 0 0 -1
		outer loop
			vertex 2.5937993526459 1.49600481987 0.19799999892712
			vertex 2.8953199386597 1.5713850259781 0.19799999892712
			vertex 2.8953199386597 1.4934868812561 0.19799999892712
		endloop
	endfacet
	facet normal 0.55557239313192 -0.83146816895758 0
		outer loop
			vertex 2.5428128242493 1.5595271587372 0
			vertex 2.5559470653534 1.5683032274246 0
			vertex 2.5559470653534 1.5683032274246 0.19799999892712
		endloop
	endfacet
	facet normal 0.55557239313192 -0.83146816895758 0
		outer loop
			vertex 2.5428128242493 1.5595271587372 0
			vertex 2.5559470653534 1.5683032274246 0.19799999892712
			vertex 2.5428128242493 1.5595271587372 0.19799999892712
		endloop
	endfacet
	facet normal 0 0 -1
		outer loop
			vertex 2.5428128242493 1.5595271587372 0.19799999892712
			vertex 2.5559470653534 1.5683032274246 0.19799999892712
			vertex 2.5559470653534 1.5463929176331 0.19799999892712
		endloop
	endfacet
	facet normal 0 0 -1
		outer loop
			vertex 2.5613875389099 1.5409525632858 0.19799999892712
			vertex 2.5714399814606 1.5451164245605 0.19799999892712
			vertex 2.5714399814606 1.5309000015259 0.19799999892712
		endloop
	endfacet
	facet normal 0.98078736966341 -0.19507981830198 0
		outer loop
			vertex 2.4229950904846 1.4229400157928 0
			vertex 2.4260766506195 1.4384329319 0
			vertex 2.4260766506195 1.4384329319 0.19799999892712
		endloop
	endfacet
	facet normal 0.83146468287841 -0.55557761035332 0
		outer loop
			vertex 2.4260766506195 1.4384329319 0
			vertex 2.4348528385162 1.4515671730042 0
			vertex 2.4348528385162 1.4515671730042 0.19799999892712
		endloop
	endfacet
	facet normal 0.98078736966341 -0.19507981830198 0
		outer loop
			vertex 2.4229950904846 1.4229400157928 0
			vertex 2.4260766506195 1.4384329319 0.19799999892712
			vertex 2.4229950904846 1.4229400157928 0.19799999892712
		endloop
	endfacet
	facet normal 0.83146468287841 -0.55557761035332 0
		outer loop
			vertex 2.4260766506195 1.4384329319 0
			vertex 2.4348528385162 1.4515671730042 0.19799999892712
			vertex 2.4260766506195 1.4384329319 0.19799999892712
		endloop
	endfacet
	facet normal 0 0 -1
		outer loop
			vertex 2.4229950904846 1.4229400157928 0.19799999892712
			vertex 2.4260766506195 1.4384329319 0.19799999892712
			vertex 2.4348528385162 1.4515671730042 0.19799999892712
		endloop
	endfacet
	facet normal 0 0 -1
		outer loop
			vertex 2.4229950904846 1.4229400157928 0.19799999892712
			vertex 2.4348528385162 1.4515671730042 0.19799999892712
			vertex 2.4479870796204 1.3896172046661 0.19799999892712
		endloop
	endfacet
	facet normal 0 0 -1
		outer loop
			vertex 2.4479870796204 1.3896172046661 0.19799999892712
			vertex 2.4348528385162 1.4515671730042 0.19799999892712
			vertex 2.4554269313812 1.4229400157928 0.19799999892712
		endloop
	endfacet
	facet normal 0 0 -1
		outer loop
			vertex 2.4348528385162 1.4515671730042 0.19799999892712
			vertex 2.4614329338074 1.424987077713 0.19799999892712
			vertex 2.4554269313812 1.4229400157928 0.19799999892712
		endloop
	endfacet
	facet normal 0 -0 -1
		outer loop
			vertex 2.4614329338074 1.424987077713 0.19799999892712
			vertex 2.5008931159973 1.4229400157928 0.19799999892712
			vertex 2.4554269313812 1.4229400157928 0.19799999892712
		endloop
	endfacet
	facet normal 0.83146701222603 0.55557412428939 -0
		outer loop
			vertex 2.4260766506195 1.2994871139526 0
			vertex 2.4260766506195 1.2994871139526 0.19799999892712
			vertex 2.4348528385162 1.2863527536392 0
		endloop
	endfacet
	facet normal 0.98078736966341 0.19507981830198 0
		outer loop
			vertex 2.4260766506195 1.2994871139526 0
			vertex 2.4229950904846 1.3149800300598 0
			vertex 2.4229950904846 1.3149800300598 0.19799999892712
		endloop
	endfacet
	facet normal 0.83146701222603 0.55557412428939 -0
		outer loop
			vertex 2.4348528385162 1.2863527536392 0
			vertex 2.4260766506195 1.2994871139526 0.19799999892712
			vertex 2.4348528385162 1.2863527536392 0.19799999892712
		endloop
	endfacet
	facet normal 0.98078736966341 0.19507981830198 -0
		outer loop
			vertex 2.4260766506195 1.2994871139526 0
			vertex 2.4229950904846 1.3149800300598 0.19799999892712
			vertex 2.4260766506195 1.2994871139526 0.19799999892712
		endloop
	endfacet
	facet normal 0 0 -1
		outer loop
			vertex 2.4260766506195 1.2994871139526 0.19799999892712
			vertex 2.4229950904846 1.3149800300598 0.19799999892712
			vertex 2.4348528385162 1.2863527536392 0.19799999892712
		endloop
	endfacet
	facet normal 0 0 -1
		outer loop
			vertex 2.4229950904846 1.3149800300598 0.19799999892712
			vertex 2.4634799957275 1.3149800300598 0.19799999892712
			vertex 2.4348528385162 1.2863527536392 0.19799999892712
		endloop
	endfacet
	facet normal 0 0 -1
		outer loop
			vertex 2.4738478660583 1.3253477811813 0.19799999892712
			vertex 2.4789729118347 1.3483027219772 0.19799999892712
			vertex 2.4866142272949 1.3381142616272 0.19799999892712
		endloop
	endfacet
	facet normal 0 0 -1
		outer loop
			vertex 2.5714399814606 1.2070200443268 0.19799999892712
			vertex 2.579297542572 1.2080022096634 0.19799999892712
			vertex 2.5831184387207 1.1887941360474 0.19799999892712
		endloop
	endfacet
	facet normal 0 0 -1
		outer loop
			vertex 2.5714399814606 1.2070200443268 0.19799999892712
			vertex 2.5758104324341 1.2255333662033 0.19799999892712
			vertex 2.579297542572 1.2080022096634 0.19799999892712
		endloop
	endfacet
	facet normal -0.19508707769927 -0.9807859257324 0
		outer loop
			vertex 2.8953199386597 1.2475049495697 0
			vertex 2.9108128547668 1.2444232702255 0
			vertex 2.9108128547668 1.2444232702255 0.19799999892712
		endloop
	endfacet
	facet normal -0.55556542104504 -0.83147282754102 0
		outer loop
			vertex 2.9108128547668 1.2444232702255 0
			vertex 2.9239473342896 1.2356472015381 0
			vertex 2.9239473342896 1.2356472015381 0.19799999892712
		endloop
	endfacet
	facet normal -0.19508707769927 -0.9807859257324 0
		outer loop
			vertex 2.8953199386597 1.2475049495697 0
			vertex 2.9108128547668 1.2444232702255 0.19799999892712
			vertex 2.8953199386597 1.2475049495697 0.19799999892712
		endloop
	endfacet
	facet normal -0.55556542104504 -0.83147282754102 0
		outer loop
			vertex 2.9108128547668 1.2444232702255 0
			vertex 2.9239473342896 1.2356472015381 0.19799999892712
			vertex 2.9108128547668 1.2444232702255 0.19799999892712
		endloop
	endfacet
	facet normal 0 0 -1
		outer loop
			vertex 2.8953199386597 1.169606924057 0.19799999892712
			vertex 2.8953199386597 1.2475049495697 0.19799999892712
			vertex 2.9020369052887 1.2137368917465 0.19799999892712
		endloop
	endfacet
	facet normal 0 0 -1
		outer loop
			vertex 2.9020369052887 1.2137368917465 0.19799999892712
			vertex 2.8953199386597 1.2475049495697 0.19799999892712
			vertex 2.9108128547668 1.2444232702255 0.19799999892712
		endloop
	endfacet
	facet normal 0 0 -1
		outer loop
			vertex 2.9020369052887 1.2137368917465 0.19799999892712
			vertex 2.9108128547668 1.2444232702255 0.19799999892712
			vertex 2.9239473342896 1.2356472015381 0.19799999892712
		endloop
	endfacet
	facet normal -0.83147165503325 -0.55556717584489 0
		outer loop
			vertex 3.0406832695007 1.1145529747009 0
			vertex 3.0406832695007 1.1145529747009 0.19799999892712
			vertex 3.0319073200226 1.1276872158051 0
		endloop
	endfacet
	facet normal -0.98078448175191 -0.1950943370645 0
		outer loop
			vertex 3.0437650680542 1.0990600585938 0
			vertex 3.0437650680542 1.0990600585938 0.19799999892712
			vertex 3.0406832695007 1.1145529747009 0
		endloop
	endfacet
	facet normal -0.98078448175191 -0.1950943370645 0
		outer loop
			vertex 3.0406832695007 1.1145529747009 0
			vertex 3.0437650680542 1.0990600585938 0.19799999892712
			vertex 3.0406832695007 1.1145529747009 0.19799999892712
		endloop
	endfacet
	facet normal -0.83147165503325 -0.55556717584489 0
		outer loop
			vertex 3.0319073200226 1.1276872158051 0
			vertex 3.0406832695007 1.1145529747009 0.19799999892712
			vertex 3.0319073200226 1.1276872158051 0.19799999892712
		endloop
	endfacet
	facet normal 0 0 -1
		outer loop
			vertex 2.9801456928253 1.0759257078171 0.19799999892712
			vertex 2.9929122924805 1.0886921882629 0.19799999892712
			vertex 2.9877870082855 1.065737247467 0.19799999892712
		endloop
	endfacet
	facet normal 0 0 -1
		outer loop
			vertex 3.0032799243927 1.0990600585938 0.19799999892712
			vertex 3.0319073200226 1.1276872158051 0.19799999892712
			vertex 3.0437650680542 1.0990600585938 0.19799999892712
		endloop
	endfacet
	facet normal 0 0 -1
		outer loop
			vertex 3.0437650680542 1.0990600585938 0.19799999892712
			vertex 3.0319073200226 1.1276872158051 0.19799999892712
			vertex 3.0406832695007 1.1145529747009 0.19799999892712
		endloop
	endfacet
	facet normal -0.55556544214496 0.83147281344267 0
		outer loop
			vertex 3.0211780071259 0.95530378818512 0
			vertex 3.0211780071259 0.95530378818512 0.19799999892712
			vertex 3.0319073200226 0.96247279644012 0
		endloop
	endfacet
	facet normal -0.98078462536944 0.1950936150645 0
		outer loop
			vertex 3.0406832695007 0.97560703754425 0
			vertex 3.0406832695007 0.97560703754425 0.19799999892712
			vertex 3.0437650680542 0.99110001325607 0
		endloop
	endfacet
	facet normal -0.83147165503325 0.55556717584489 0
		outer loop
			vertex 3.0319073200226 0.96247279644012 0
			vertex 3.0319073200226 0.96247279644012 0.19799999892712
			vertex 3.0406832695007 0.97560703754425 0
		endloop
	endfacet
	facet normal -0.55556544214496 0.83147281344267 0
		outer loop
			vertex 3.0319073200226 0.96247279644012 0
			vertex 3.0211780071259 0.95530378818512 0.19799999892712
			vertex 3.0319073200226 0.96247279644012 0.19799999892712
		endloop
	endfacet
	facet normal -0.83147165503325 0.55556717584489 0
		outer loop
			vertex 3.0406832695007 0.97560703754425 0
			vertex 3.0319073200226 0.96247279644012 0.19799999892712
			vertex 3.0406832695007 0.97560703754425 0.19799999892712
		endloop
	endfacet
	facet normal -0.98078462536944 0.1950936150645 0
		outer loop
			vertex 3.0437650680542 0.99110001325607 0
			vertex 3.0406832695007 0.97560703754425 0.19799999892712
			vertex 3.0437650680542 0.99110001325607 0.19799999892712
		endloop
	endfacet
	facet normal 0 -0 -1
		outer loop
			vertex 2.9646203517914 0.99110001325607 0.19799999892712
			vertex 3.0044524669647 0.98875492811203 0.19799999892712
			vertex 2.9632687568665 0.9887188076973 0.19799999892712
		endloop
	endfacet
	facet normal 0 0 -1
		outer loop
			vertex 2.9646203517914 0.99110001325607 0.19799999892712
			vertex 3.011332988739 0.99110001325607 0.19799999892712
			vertex 3.0044524669647 0.98875492811203 0.19799999892712
		endloop
	endfacet
	facet normal 0 0 -1
		outer loop
			vertex 3.0044524669647 0.98875492811203 0.19799999892712
			vertex 3.011332988739 0.99110001325607 0.19799999892712
			vertex 3.0211780071259 0.95530378818512 0.19799999892712
		endloop
	endfacet
	facet normal 0 0 -1
		outer loop
			vertex 3.0211780071259 0.95530378818512 0.19799999892712
			vertex 3.0187728404999 1.0244227647781 0.19799999892712
			vertex 3.0319073200226 0.96247279644012 0.19799999892712
		endloop
	endfacet
	facet normal 0 0 -1
		outer loop
			vertex 3.0319073200226 0.96247279644012 0.19799999892712
			vertex 3.0437650680542 0.99110001325607 0.19799999892712
			vertex 3.0406832695007 0.97560703754425 0.19799999892712
		endloop
	endfacet
	facet normal 0 0 -1
		outer loop
			vertex 3.0211780071259 0.95530378818512 0.19799999892712
			vertex 3.011332988739 0.99110001325607 0.19799999892712
			vertex 3.0187728404999 1.0244227647781 0.19799999892712
		endloop
	endfacet
	facet normal 0 0 -1
		outer loop
			vertex 3.0319073200226 0.96247279644012 0.19799999892712
			vertex 3.0187728404999 1.0244227647781 0.19799999892712
			vertex 3.0437650680542 0.99110001325607 0.19799999892712
		endloop
	endfacet
	facet normal -0.55556532691943 0.83147289043294 0
		outer loop
			vertex 2.9108128547668 0.89971673488617 0
			vertex 2.9108128547668 0.89971673488617 0.19799999892712
			vertex 2.9132180213928 0.9013237953186 0
		endloop
	endfacet
	facet normal -0.19509070738589 0.98078520374834 0
		outer loop
			vertex 2.8953199386597 0.89663499593735 0
			vertex 2.8953199386597 0.89663499593735 0.19799999892712
			vertex 2.9108128547668 0.89971673488617 0
		endloop
	endfacet
	facet normal -0.19509070738589 0.98078520374834 0
		outer loop
			vertex 2.9108128547668 0.89971673488617 0
			vertex 2.8953199386597 0.89663499593735 0.19799999892712
			vertex 2.9108128547668 0.89971673488617 0.19799999892712
		endloop
	endfacet
	facet normal -0.55556532691943 0.83147289043294 0
		outer loop
			vertex 2.9132180213928 0.9013237953186 0
			vertex 2.9108128547668 0.89971673488617 0.19799999892712
			vertex 2.9132180213928 0.9013237953186 0.19799999892712
		endloop
	endfacet
	facet normal 0 0 -1
		outer loop
			vertex 2.8953199386597 0.89663499593735 0.19799999892712
			vertex 2.9108128547668 0.90613412857056 0.19799999892712
			vertex 2.9108128547668 0.89971673488617 0.19799999892712
		endloop
	endfacet
	facet normal 0 0 -1
		outer loop
			vertex 2.9108128547668 0.90613412857056 0.19799999892712
			vertex 2.9139313697815 0.90180039405823 0.19799999892712
			vertex 2.9132180213928 0.9013237953186 0.19799999892712
		endloop
	endfacet
	facet normal 0 0 -1
		outer loop
			vertex 2.9108128547668 0.90613412857056 0.19799999892712
			vertex 2.9132180213928 0.9013237953186 0.19799999892712
			vertex 2.9108128547668 0.89971673488617 0.19799999892712
		endloop
	endfacet
	facet normal 0 0 -1
		outer loop
			vertex 2.8953199386597 0.89663499593735 0.19799999892712
			vertex 2.8953199386597 0.93712002038956 0.19799999892712
			vertex 2.9108128547668 0.90613412857056 0.19799999892712
		endloop
	endfacet
	facet normal 0 0 -1
		outer loop
			vertex 2.9108128547668 0.90613412857056 0.19799999892712
			vertex 2.9223339557648 0.91660332679749 0.19799999892712
			vertex 2.9139313697815 0.90180039405823 0.19799999892712
		endloop
	endfacet
	facet normal 0.55556532691943 0.83147289043294 -0
		outer loop
			vertex 2.5535418987274 0.9013237953186 0
			vertex 2.5535418987274 0.9013237953186 0.19799999892712
			vertex 2.5559470653534 0.89971673488617 0
		endloop
	endfacet
	facet normal 0.19509070738589 0.98078520374834 -0
		outer loop
			vertex 2.5559470653534 0.89971673488617 0
			vertex 2.5559470653534 0.89971673488617 0.19799999892712
			vertex 2.5714399814606 0.89663499593735 0
		endloop
	endfacet
	facet normal 0.55556532691943 0.83147289043294 -0
		outer loop
			vertex 2.5559470653534 0.89971673488617 0
			vertex 2.5535418987274 0.9013237953186 0.19799999892712
			vertex 2.5559470653534 0.89971673488617 0.19799999892712
		endloop
	endfacet
	facet normal 0.19509070738589 0.98078520374834 -0
		outer loop
			vertex 2.5714399814606 0.89663499593735 0
			vertex 2.5559470653534 0.89971673488617 0.19799999892712
			vertex 2.5714399814606 0.89663499593735 0.19799999892712
		endloop
	endfacet
	facet normal 0 -0 -1
		outer loop
			vertex 2.5550339221954 0.90430772304535 0.19799999892712
			vertex 2.5559470653534 0.89971673488617 0.19799999892712
			vertex 2.5535418987274 0.9013237953186 0.19799999892712
		endloop
	endfacet
	facet normal 0 0 -1
		outer loop
			vertex 2.5550339221954 0.90430772304535 0.19799999892712
			vertex 2.5559470653534 0.96903312206268 0.19799999892712
			vertex 2.5559470653534 0.89971673488617 0.19799999892712
		endloop
	endfacet
	facet normal 0 0 -1
		outer loop
			vertex 2.5559470653534 0.89971673488617 0.19799999892712
			vertex 2.5714399814606 0.97101491689682 0.19799999892712
			vertex 2.5714399814606 0.89663499593735 0.19799999892712
		endloop
	endfacet
	facet normal 0 0 -1
		outer loop
			vertex 2.5559470653534 0.89971673488617 0.19799999892712
			vertex 2.5559470653534 0.96903312206268 0.19799999892712
			vertex 2.5714399814606 0.97101491689682 0.19799999892712
		endloop
	endfacet
	facet normal 0.55557397716801 0.83146711053037 -0
		outer loop
			vertex 2.4348528385162 0.96247279644012 0
			vertex 2.4348528385162 0.96247279644012 0.19799999892712
			vertex 2.4455819129944 0.95530378818512 0
		endloop
	endfacet
	facet normal 0.83146468287841 0.55557761035332 -0
		outer loop
			vertex 2.4260766506195 0.97560703754425 0
			vertex 2.4260766506195 0.97560703754425 0.19799999892712
			vertex 2.4348528385162 0.96247279644012 0
		endloop
	endfacet
	facet normal 0.98078751325998 0.19507909635147 0
		outer loop
			vertex 2.4260766506195 0.97560703754425 0
			vertex 2.4229950904846 0.99110001325607 0
			vertex 2.4229950904846 0.99110001325607 0.19799999892712
		endloop
	endfacet
	facet normal 0.55557397716801 0.83146711053037 -0
		outer loop
			vertex 2.4455819129944 0.95530378818512 0
			vertex 2.4348528385162 0.96247279644012 0.19799999892712
			vertex 2.4455819129944 0.95530378818512 0.19799999892712
		endloop
	endfacet
	facet normal 0.98078751325998 0.19507909635147 -0
		outer loop
			vertex 2.4260766506195 0.97560703754425 0
			vertex 2.4229950904846 0.99110001325607 0.19799999892712
			vertex 2.4260766506195 0.97560703754425 0.19799999892712
		endloop
	endfacet
	facet normal 0.83146468287841 0.55557761035332 -0
		outer loop
			vertex 2.4348528385162 0.96247279644012 0
			vertex 2.4260766506195 0.97560703754425 0.19799999892712
			vertex 2.4348528385162 0.96247279644012 0.19799999892712
		endloop
	endfacet
	facet normal 0 0 -1
		outer loop
			vertex 2.4260766506195 0.97560703754425 0.19799999892712
			vertex 2.4229950904846 0.99110001325607 0.19799999892712
			vertex 2.4583265781403 0.98079293966293 0.19799999892712
		endloop
	endfacet
	facet normal 0 0 -1
		outer loop
			vertex 2.4260766506195 0.97560703754425 0.19799999892712
			vertex 2.4583265781403 0.98079293966293 0.19799999892712
			vertex 2.4348528385162 0.96247279644012 0.19799999892712
		endloop
	endfacet
	facet normal 0 0 -1
		outer loop
			vertex 2.4455819129944 0.95530378818512 0.19799999892712
			vertex 2.4583265781403 0.98079293966293 0.19799999892712
			vertex 2.4460694789886 0.95497798919678 0.19799999892712
		endloop
	endfacet
	facet normal 0 0 -1
		outer loop
			vertex 2.4460694789886 0.95497798919678 0.19799999892712
			vertex 2.4583265781403 0.98079293966293 0.19799999892712
			vertex 2.4490323066711 0.9553570151329 0.19799999892712
		endloop
	endfacet
	facet normal 0 0 -1
		outer loop
			vertex 2.4348528385162 0.96247279644012 0.19799999892712
			vertex 2.4583265781403 0.98079293966293 0.19799999892712
			vertex 2.4455819129944 0.95530378818512 0.19799999892712
		endloop
	endfacet
	facet normal 0 0 -1
		outer loop
			vertex 2.4779078960419 0.95905065536499 0.19799999892712
			vertex 2.4793207645416 1.0227817296982 0.19799999892712
			vertex 2.4891350269318 0.96048676967621 0.19799999892712
		endloop
	endfacet
	facet normal 0 0 -1
		outer loop
			vertex 2.4229950904846 0.99110001325607 0.19799999892712
			vertex 2.4634799957275 0.99110001325607 0.19799999892712
			vertex 2.4583265781403 0.98079293966293 0.19799999892712
		endloop
	endfacet
	facet normal 0 0 -1
		outer loop
			vertex 2.4779078960419 0.95905065536499 0.19799999892712
			vertex 2.4789729118347 1.0244227647781 0.19799999892712
			vertex 2.4793207645416 1.0227817296982 0.19799999892712
		endloop
	endfacet
	facet normal 0 0 -1
		outer loop
			vertex 2.4779078960419 0.95905065536499 0.19799999892712
			vertex 2.4780302047729 1.0202004909515 0.19799999892712
			vertex 2.4789729118347 1.0244227647781 0.19799999892712
		endloop
	endfacet
	facet normal 0 0 -1
		outer loop
			vertex 2.4789729118347 1.0244227647781 0.19799999892712
			vertex 2.4796741008759 1.0234880447388 0.19799999892712
			vertex 2.4793207645416 1.0227817296982 0.19799999892712
		endloop
	endfacet
	facet normal 0.98078736966341 -0.19507981830198 0
		outer loop
			vertex 2.4229950904846 1.0990600585938 0
			vertex 2.4260766506195 1.1145529747009 0
			vertex 2.4260766506195 1.1145529747009 0.19799999892712
		endloop
	endfacet
	facet normal 0.83146468287841 -0.55557761035332 0
		outer loop
			vertex 2.4260766506195 1.1145529747009 0
			vertex 2.4348528385162 1.1276872158051 0
			vertex 2.4348528385162 1.1276872158051 0.19799999892712
		endloop
	endfacet
	facet normal 0.83146468287841 -0.55557761035332 0
		outer loop
			vertex 2.4260766506195 1.1145529747009 0
			vertex 2.4348528385162 1.1276872158051 0.19799999892712
			vertex 2.4260766506195 1.1145529747009 0.19799999892712
		endloop
	endfacet
	facet normal 0.98078736966341 -0.19507981830198 0
		outer loop
			vertex 2.4229950904846 1.0990600585938 0
			vertex 2.4260766506195 1.1145529747009 0.19799999892712
			vertex 2.4229950904846 1.0990600585938 0.19799999892712
		endloop
	endfacet
	facet normal 0 0 -1
		outer loop
			vertex 2.4229950904846 1.0990600585938 0.19799999892712
			vertex 2.4260766506195 1.1145529747009 0.19799999892712
			vertex 2.4260766506195 1.0949510335922 0.19799999892712
		endloop
	endfacet
	facet normal 0 0 -1
		outer loop
			vertex 2.4229950904846 1.0990600585938 0.19799999892712
			vertex 2.4260766506195 1.0949510335922 0.19799999892712
			vertex 2.4260766506195 1.0922055244446 0.19799999892712
		endloop
	endfacet
	facet normal 0 0 -1
		outer loop
			vertex 2.4260766506195 1.0949510335922 0.19799999892712
			vertex 2.4260766506195 1.1145529747009 0.19799999892712
			vertex 2.4479870796204 1.065737247467 0.19799999892712
		endloop
	endfacet
	facet normal 0 0 -1
		outer loop
			vertex 2.4260766506195 1.1145529747009 0.19799999892712
			vertex 2.4348528385162 1.1276872158051 0.19799999892712
			vertex 2.4479870796204 1.065737247467 0.19799999892712
		endloop
	endfacet
	facet normal 0 0 -1
		outer loop
			vertex 2.4479870796204 1.065737247467 0.19799999892712
			vertex 2.4348528385162 1.1276872158051 0.19799999892712
			vertex 2.4554269313812 1.0990600585938 0.19799999892712
		endloop
	endfacet
	facet normal -0 0 -1
		outer loop
			vertex 2.5035557746887 1.1011176109314 0.19799999892712
			vertex 2.5008833408356 1.0990642309189 0.19799999892712
			vertex 2.5027570724487 1.1051330566406 0.19799999892712
		endloop
	endfacet
	facet normal 0 0 -1
		outer loop
			vertex 2.5035557746887 1.1011176109314 0.19799999892712
			vertex 2.5008833408356 1.0990600585938 0.19799999892712
			vertex 2.5008833408356 1.0990642309189 0.19799999892712
		endloop
	endfacet
	facet normal 0 0 -1
		outer loop
			vertex 2.5035557746887 1.1011176109314 0.19799999892712
			vertex 2.5023658275604 1.0910204648972 0.19799999892712
			vertex 2.5008833408356 1.0990600585938 0.19799999892712
		endloop
	endfacet
	facet normal 0 0 -1
		outer loop
			vertex 2.4554269313812 1.0990600585938 0.19799999892712
			vertex 2.4348528385162 1.1276872158051 0.19799999892712
			vertex 2.4634799957275 1.0990600585938 0.19799999892712
		endloop
	endfacet
	facet normal 0 0 -1
		outer loop
			vertex 2.5473895072937 1.2126383781433 0.19799999892712
			vertex 2.5441925525665 1.2287101745605 0.19799999892712
			vertex 2.5559470653534 1.2225171327591 0.19799999892712
		endloop
	endfacet
	facet normal 0 0 -1
		outer loop
			vertex 2.5473895072937 1.2126383781433 0.19799999892712
			vertex 2.5559470653534 1.2225171327591 0.19799999892712
			vertex 2.5559470653534 1.222512960434 0.19799999892712
		endloop
	endfacet
	facet normal -0.1950619158409 0.98079093031516 0
		outer loop
			vertex 2.9079759120941 1.2770124673843 0
			vertex 2.9079759120941 1.2770124673843 0.19799999892712
			vertex 2.9108128547668 1.2775766849518 0
		endloop
	endfacet
	facet normal -0.55556542104504 0.83147282754102 0
		outer loop
			vertex 2.9108128547668 1.2775766849518 0
			vertex 2.9108128547668 1.2775766849518 0.19799999892712
			vertex 2.9239473342896 1.2863527536392 0
		endloop
	endfacet
	facet normal -0.1950619158409 0.98079093031516 0
		outer loop
			vertex 2.9108128547668 1.2775766849518 0
			vertex 2.9079759120941 1.2770124673843 0.19799999892712
			vertex 2.9108128547668 1.2775766849518 0.19799999892712
		endloop
	endfacet
	facet normal -0.55556542104504 0.83147282754102 0
		outer loop
			vertex 2.9239473342896 1.2863527536392 0
			vertex 2.9108128547668 1.2775766849518 0.19799999892712
			vertex 2.9239473342896 1.2863527536392 0.19799999892712
		endloop
	endfacet
	facet normal 0 0 -1
		outer loop
			vertex 2.8639357089996 1.3002132177353 0.19799999892712
			vertex 2.8666770458221 1.3435835838318 0.19799999892712
			vertex 2.8666963577271 1.3435897827148 0.19799999892712
		endloop
	endfacet
	facet normal 0 0 -1
		outer loop
			vertex 2.8639357089996 1.3002132177353 0.19799999892712
			vertex 2.8666667938232 1.3435682058334 0.19799999892712
			vertex 2.8666770458221 1.3435835838318 0.19799999892712
		endloop
	endfacet
	facet normal 0 0 -1
		outer loop
			vertex 2.8639357089996 1.3002132177353 0.19799999892712
			vertex 2.8666963577271 1.3435897827148 0.19799999892712
			vertex 2.8667769432068 1.3436634540558 0.19799999892712
		endloop
	endfacet
	facet normal 0 0 -1
		outer loop
			vertex 2.9079759120941 1.2770124673843 0.19799999892712
			vertex 2.8953199386597 1.3149800300598 0.19799999892712
			vertex 2.9108128547668 1.2775766849518 0.19799999892712
		endloop
	endfacet
	facet normal 0 0 -1
		outer loop
			vertex 2.8639357089996 1.3002132177353 0.19799999892712
			vertex 2.8798270225525 1.3400480747223 0.19799999892712
			vertex 2.8953199386597 1.3149800300598 0.19799999892712
		endloop
	endfacet
	facet normal 0 0 -1
		outer loop
			vertex 2.8639357089996 1.3002132177353 0.19799999892712
			vertex 2.8667769432068 1.3436634540558 0.19799999892712
			vertex 2.8798270225525 1.3400480747223 0.19799999892712
		endloop
	endfacet
	facet normal 0 0 -1
		outer loop
			vertex 2.9108128547668 1.2775766849518 0.19799999892712
			vertex 2.8953199386597 1.3149800300598 0.19799999892712
			vertex 2.9124026298523 1.3443912267685 0.19799999892712
		endloop
	endfacet
	facet normal 0 0 -1
		outer loop
			vertex 2.9108128547668 1.2775766849518 0.19799999892712
			vertex 2.9124026298523 1.3443912267685 0.19799999892712
			vertex 2.9239473342896 1.2863527536392 0.19799999892712
		endloop
	endfacet
	facet normal -0.83147398431291 0.55556368978796 0
		outer loop
			vertex 3.0319073200226 1.3943127393723 0
			vertex 3.0319073200226 1.3943127393723 0.19799999892712
			vertex 3.0406832695007 1.4074470996857 0
		endloop
	endfacet
	facet normal -0.98078448175191 0.1950943370645 0
		outer loop
			vertex 3.0406832695007 1.4074470996857 0
			vertex 3.0406832695007 1.4074470996857 0.19799999892712
			vertex 3.0437650680542 1.4229400157928 0
		endloop
	endfacet
	facet normal -0.98078448175191 -0.1950943370645 0
		outer loop
			vertex 3.0406832695007 1.4384329319 0
			vertex 3.0437650680542 1.4229400157928 0
			vertex 3.0437650680542 1.4229400157928 0.19799999892712
		endloop
	endfacet
	facet normal -0.83147165503325 -0.55556717584489 0
		outer loop
			vertex 3.0319073200226 1.4515671730042 0
			vertex 3.0406832695007 1.4384329319 0
			vertex 3.0406832695007 1.4384329319 0.19799999892712
		endloop
	endfacet
	facet normal -0.98078448175191 0.1950943370645 0
		outer loop
			vertex 3.0437650680542 1.4229400157928 0
			vertex 3.0406832695007 1.4074470996857 0.19799999892712
			vertex 3.0437650680542 1.4229400157928 0.19799999892712
		endloop
	endfacet
	facet normal -0.83147398431291 0.55556368978796 0
		outer loop
			vertex 3.0406832695007 1.4074470996857 0
			vertex 3.0319073200226 1.3943127393723 0.19799999892712
			vertex 3.0406832695007 1.4074470996857 0.19799999892712
		endloop
	endfacet
	facet normal -0.98078448175191 -0.1950943370645 0
		outer loop
			vertex 3.0406832695007 1.4384329319 0
			vertex 3.0437650680542 1.4229400157928 0.19799999892712
			vertex 3.0406832695007 1.4384329319 0.19799999892712
		endloop
	endfacet
	facet normal -0.83147165503325 -0.55556717584489 0
		outer loop
			vertex 3.0319073200226 1.4515671730042 0
			vertex 3.0406832695007 1.4384329319 0.19799999892712
			vertex 3.0319073200226 1.4515671730042 0.19799999892712
		endloop
	endfacet
	facet normal 0 0 -1
		outer loop
			vertex 3.0319073200226 1.3943127393723 0.19799999892712
			vertex 3.0319073200226 1.4515671730042 0.19799999892712
			vertex 3.0406832695007 1.4074470996857 0.19799999892712
		endloop
	endfacet
	facet normal 0 0 -1
		outer loop
			vertex 3.0319073200226 1.3943127393723 0.19799999892712
			vertex 2.9983377456665 1.4278823137283 0.19799999892712
			vertex 3.0319073200226 1.4515671730042 0.19799999892712
		endloop
	endfacet
	facet normal 0 0 -1
		outer loop
			vertex 2.9983377456665 1.4278823137283 0.19799999892712
			vertex 3.0032799243927 1.4603531360626 0.19799999892712
			vertex 3.0319073200226 1.4515671730042 0.19799999892712
		endloop
	endfacet
	facet normal 0 0 -1
		outer loop
			vertex 3.0406832695007 1.4074470996857 0.19799999892712
			vertex 3.0319073200226 1.4515671730042 0.19799999892712
			vertex 3.0406832695007 1.4384329319 0.19799999892712
		endloop
	endfacet
	facet normal 0 0 -1
		outer loop
			vertex 3.0406832695007 1.4074470996857 0.19799999892712
			vertex 3.0406832695007 1.4384329319 0.19799999892712
			vertex 3.0437650680542 1.4229400157928 0.19799999892712
		endloop
	endfacet
	facet normal -0.1950943370645 -0.98078448175191 0
		outer loop
			vertex 2.8953199386597 1.5713850259781 0
			vertex 2.9108128547668 1.5683032274246 0
			vertex 2.9108128547668 1.5683032274246 0.19799999892712
		endloop
	endfacet
	facet normal -0.55556542104504 -0.83147282754102 0
		outer loop
			vertex 2.9108128547668 1.5683032274246 0
			vertex 2.9239473342896 1.5595271587372 0
			vertex 2.9239473342896 1.5595271587372 0.19799999892712
		endloop
	endfacet
	facet normal -0.1950943370645 -0.98078448175191 0
		outer loop
			vertex 2.8953199386597 1.5713850259781 0
			vertex 2.9108128547668 1.5683032274246 0.19799999892712
			vertex 2.8953199386597 1.5713850259781 0.19799999892712
		endloop
	endfacet
	facet normal -0.55556542104504 -0.83147282754102 0
		outer loop
			vertex 2.9108128547668 1.5683032274246 0
			vertex 2.9239473342896 1.5595271587372 0.19799999892712
			vertex 2.9108128547668 1.5683032274246 0.19799999892712
		endloop
	endfacet
	facet normal 0 0 -1
		outer loop
			vertex 2.8953199386597 1.4934868812561 0.19799999892712
			vertex 2.9045760631561 1.5248515605927 0.19799999892712
			vertex 2.897439956665 1.4908367395401 0.19799999892712
		endloop
	endfacet
	facet normal 0 0 -1
		outer loop
			vertex 2.897439956665 1.4908367395401 0.19799999892712
			vertex 2.9045760631561 1.5248515605927 0.19799999892712
			vertex 2.9013929367065 1.491623044014 0.19799999892712
		endloop
	endfacet
	facet normal 0 0 -1
		outer loop
			vertex 2.8953199386597 1.4934868812561 0.19799999892712
			vertex 2.8953199386597 1.5713850259781 0.19799999892712
			vertex 2.9020369052887 1.5376168489456 0.19799999892712
		endloop
	endfacet
	facet normal 0 0 -1
		outer loop
			vertex 2.8953199386597 1.4934868812561 0.19799999892712
			vertex 2.9020369052887 1.5376168489456 0.19799999892712
			vertex 2.9045760631561 1.5248515605927 0.19799999892712
		endloop
	endfacet
	facet normal 0 0 -1
		outer loop
			vertex 2.8953199386597 1.5713850259781 0.19799999892712
			vertex 2.9239473342896 1.5595271587372 0.19799999892712
			vertex 2.9020369052887 1.5376168489456 0.19799999892712
		endloop
	endfacet
	facet normal 0 0 -1
		outer loop
			vertex 2.8953199386597 1.5713850259781 0.19799999892712
			vertex 2.9108128547668 1.5683032274246 0.19799999892712
			vertex 2.9239473342896 1.5595271587372 0.19799999892712
		endloop
	endfacet
	facet normal 0.1950943370645 -0.98078448175191 0
		outer loop
			vertex 2.5559470653534 1.5683032274246 0
			vertex 2.5714399814606 1.5713850259781 0
			vertex 2.5714399814606 1.5713850259781 0.19799999892712
		endloop
	endfacet
	facet normal 0.1950943370645 -0.98078448175191 0
		outer loop
			vertex 2.5559470653534 1.5683032274246 0
			vertex 2.5714399814606 1.5713850259781 0.19799999892712
			vertex 2.5559470653534 1.5683032274246 0.19799999892712
		endloop
	endfacet
	facet normal 0 0 -1
		outer loop
			vertex 2.5559470653534 1.5463929176331 0.19799999892712
			vertex 2.5559470653534 1.5683032274246 0.19799999892712
			vertex 2.5714399814606 1.5451164245605 0.19799999892712
		endloop
	endfacet
	facet normal 0 0 -1
		outer loop
			vertex 2.5559470653534 1.5463929176331 0.19799999892712
			vertex 2.5714399814606 1.5451164245605 0.19799999892712
			vertex 2.5613875389099 1.5409525632858 0.19799999892712
		endloop
	endfacet
	facet normal 0 0 -1
		outer loop
			vertex 2.5559470653534 1.5683032274246 0.19799999892712
			vertex 2.5714399814606 1.5713850259781 0.19799999892712
			vertex 2.5714399814606 1.5451164245605 0.19799999892712
		endloop
	endfacet
	facet normal -0.70710678118655 0.70710678118655 0
		outer loop
			vertex 3.1398673057556 1.3943127393723 0
			vertex 3.1398673057556 1.3943127393723 0.19799999892712
			vertex 3.235969543457 1.4904149770737 0
		endloop
	endfacet
	facet normal 0.70710678118655 -0.70710678118655 0
		outer loop
			vertex 3.0826127529144 1.4515671730042 0
			vertex 3.1905727386475 1.5595271587372 0
			vertex 3.1905727386475 1.5595271587372 0.19799999892712
		endloop
	endfacet
	facet normal 0.70710678118655 -0.70710678118655 0
		outer loop
			vertex 3.0826127529144 1.4515671730042 0
			vertex 3.1905727386475 1.5595271587372 0.19799999892712
			vertex 3.0826127529144 1.4515671730042 0.19799999892712
		endloop
	endfacet
	facet normal -0.70710678118655 0.70710678118655 0
		outer loop
			vertex 3.235969543457 1.4904149770737 0
			vertex 3.1398673057556 1.3943127393723 0.19799999892712
			vertex 3.235969543457 1.4904149770737 0.19799999892712
		endloop
	endfacet
	facet normal 0 0 -1
		outer loop
			vertex 3.1398673057556 1.3943127393723 0.19799999892712
			vertex 3.0826127529144 1.4515671730042 0.19799999892712
			vertex 3.235969543457 1.4904149770737 0.19799999892712
		endloop
	endfacet
	facet normal 0 0 -1
		outer loop
			vertex 3.0826127529144 1.4515671730042 0.19799999892712
			vertex 3.1905727386475 1.5595271587372 0.19799999892712
			vertex 3.235969543457 1.4904149770737 0.19799999892712
		endloop
	endfacet
	facet normal 0 0 -1
		outer loop
			vertex 3.1905727386475 1.5595271587372 0.19799999892712
			vertex 3.2191998958588 1.5309000015259 0.19799999892712
			vertex 3.235969543457 1.4904149770737 0.19799999892712
		endloop
	endfacet
	facet normal 0 1 0
		outer loop
			vertex 3.235969543457 1.4904149770737 0
			vertex 3.235969543457 1.4904149770737 0.19799999892712
			vertex 3.5263106822968 1.4904149770737 0
		endloop
	endfacet
	facet normal 0 -1 0
		outer loop
			vertex 3.2191998958588 1.5713850259781 0
			vertex 3.5430800914764 1.5713850259781 0
			vertex 3.5430800914764 1.5713850259781 0.19799999892712
		endloop
	endfacet
	facet normal 0 -1 0
		outer loop
			vertex 3.2191998958588 1.5713850259781 0
			vertex 3.5430800914764 1.5713850259781 0.19799999892712
			vertex 3.2191998958588 1.5713850259781 0.19799999892712
		endloop
	endfacet
	facet normal 0 1 -0
		outer loop
			vertex 3.5263106822968 1.4904149770737 0
			vertex 3.235969543457 1.4904149770737 0.19799999892712
			vertex 3.5263106822968 1.4904149770737 0.19799999892712
		endloop
	endfacet
	facet normal 0 0 -1
		outer loop
			vertex 3.235969543457 1.4904149770737 0.19799999892712
			vertex 3.2191998958588 1.5309000015259 0.19799999892712
			vertex 3.5207207202911 1.49600481987 0.19799999892712
		endloop
	endfacet
	facet normal 0 0 -1
		outer loop
			vertex 3.2191998958588 1.5309000015259 0.19799999892712
			vertex 3.2191998958588 1.5713850259781 0.19799999892712
			vertex 3.5207207202911 1.49600481987 0.19799999892712
		endloop
	endfacet
	facet normal 0 0 -1
		outer loop
			vertex 3.235969543457 1.4904149770737 0.19799999892712
			vertex 3.5207207202911 1.49600481987 0.19799999892712
			vertex 3.5263106822968 1.4904149770737 0.19799999892712
		endloop
	endfacet
	facet normal 0 0 -1
		outer loop
			vertex 3.2191998958588 1.5713850259781 0.19799999892712
			vertex 3.5430800914764 1.5713850259781 0.19799999892712
			vertex 3.5207207202911 1.49600481987 0.19799999892712
		endloop
	endfacet
	facet normal 0 0 -1
		outer loop
			vertex 3.5207207202911 1.49600481987 0.19799999892712
			vertex 3.5430800914764 1.5713850259781 0.19799999892712
			vertex 3.5430800914764 1.4934868812561 0.19799999892712
		endloop
	endfacet
	facet normal 0.70710728147948 0.70710628089326 -0
		outer loop
			vertex 3.5263106822968 1.4904149770737 0
			vertex 3.5263106822968 1.4904149770737 0.19799999892712
			vertex 3.610554933548 1.4061706066132 0
		endloop
	endfacet
	facet normal -0.70710678118655 -0.70710678118655 0
		outer loop
			vertex 3.5717072486877 1.5595271587372 0
			vertex 3.6796672344208 1.4515671730042 0
			vertex 3.6796672344208 1.4515671730042 0.19799999892712
		endloop
	endfacet
	facet normal 0.70710728147948 0.70710628089326 -0
		outer loop
			vertex 3.610554933548 1.4061706066132 0
			vertex 3.5263106822968 1.4904149770737 0.19799999892712
			vertex 3.610554933548 1.4061706066132 0.19799999892712
		endloop
	endfacet
	facet normal -0.70710678118655 -0.70710678118655 0
		outer loop
			vertex 3.5717072486877 1.5595271587372 0
			vertex 3.6796672344208 1.4515671730042 0.19799999892712
			vertex 3.5717072486877 1.5595271587372 0.19799999892712
		endloop
	endfacet
	facet normal 0 0 -1
		outer loop
			vertex 3.5207207202911 1.49600481987 0.19799999892712
			vertex 3.5430800914764 1.4934868812561 0.19799999892712
			vertex 3.5263106822968 1.4904149770737 0.19799999892712
		endloop
	endfacet
	facet normal 0 0 -1
		outer loop
			vertex 3.5263106822968 1.4904149770737 0.19799999892712
			vertex 3.5430800914764 1.4934868812561 0.19799999892712
			vertex 3.610554933548 1.4061706066132 0.19799999892712
		endloop
	endfacet
	facet normal 0 0 -1
		outer loop
			vertex 3.5430800914764 1.4934868812561 0.19799999892712
			vertex 3.5497968196869 1.5376168489456 0.19799999892712
			vertex 3.5717072486877 1.5595271587372 0.19799999892712
		endloop
	endfacet
	facet normal 0 0 -1
		outer loop
			vertex 3.610554933548 1.4061706066132 0.19799999892712
			vertex 3.6510400772095 1.4229400157928 0.19799999892712
			vertex 3.6210429668427 1.3956825733185 0.19799999892712
		endloop
	endfacet
	facet normal 0 0 -1
		outer loop
			vertex 3.6210429668427 1.3956825733185 0.19799999892712
			vertex 3.6510400772095 1.4229400157928 0.19799999892712
			vertex 3.6226394176483 1.394539475441 0.19799999892712
		endloop
	endfacet
	facet normal 0 0 -1
		outer loop
			vertex 3.5430800914764 1.4934868812561 0.19799999892712
			vertex 3.6510400772095 1.4229400157928 0.19799999892712
			vertex 3.610554933548 1.4061706066132 0.19799999892712
		endloop
	endfacet
	facet normal 0 0 -1
		outer loop
			vertex 3.5430800914764 1.4934868812561 0.19799999892712
			vertex 3.6796672344208 1.4515671730042 0.19799999892712
			vertex 3.6510400772095 1.4229400157928 0.19799999892712
		endloop
	endfacet
	facet normal 0 0 -1
		outer loop
			vertex 3.5430800914764 1.4934868812561 0.19799999892712
			vertex 3.5717072486877 1.5595271587372 0.19799999892712
			vertex 3.6796672344208 1.4515671730042 0.19799999892712
		endloop
	endfacet
	facet normal 1 0 0
		outer loop
			vertex 3.610554933548 1.1158294677734 0
			vertex 3.610554933548 1.2744950056076 0
			vertex 3.610554933548 1.2744950056076 0.19799999892712
		endloop
	endfacet
	facet normal -1 0 0
		outer loop
			vertex 3.6915249824524 1.0990600585938 0
			vertex 3.6915249824524 1.0990600585938 0.19799999892712
			vertex 3.6915249824524 1.4229400157928 0
		endloop
	endfacet
	facet normal 1 0 0
		outer loop
			vertex 3.610554933548 1.355465054512 0
			vertex 3.610554933548 1.4061706066132 0
			vertex 3.610554933548 1.4061706066132 0.19799999892712
		endloop
	endfacet
	facet normal 1 0 0
		outer loop
			vertex 3.610554933548 1.1158294677734 0
			vertex 3.610554933548 1.2744950056076 0.19799999892712
			vertex 3.610554933548 1.1158294677734 0.19799999892712
		endloop
	endfacet
	facet normal 1 0 0
		outer loop
			vertex 3.610554933548 1.355465054512 0
			vertex 3.610554933548 1.4061706066132 0.19799999892712
			vertex 3.610554933548 1.355465054512 0.19799999892712
		endloop
	endfacet
	facet normal -1 0 0
		outer loop
			vertex 3.6915249824524 1.4229400157928 0
			vertex 3.6915249824524 1.0990600585938 0.19799999892712
			vertex 3.6915249824524 1.4229400157928 0.19799999892712
		endloop
	endfacet
	facet normal 0 0 -1
		outer loop
			vertex 3.6136269569397 1.0990600585938 0.19799999892712
			vertex 3.610554933548 1.1158294677734 0.19799999892712
			vertex 3.685361623764 1.0990600585938 0.19799999892712
		endloop
	endfacet
	facet normal 0 0 -1
		outer loop
			vertex 3.685361623764 1.0990600585938 0.19799999892712
			vertex 3.610554933548 1.1158294677734 0.19799999892712
			vertex 3.610554933548 1.2744950056076 0.19799999892712
		endloop
	endfacet
	facet normal 0 0 -1
		outer loop
			vertex 3.685361623764 1.0990600585938 0.19799999892712
			vertex 3.610554933548 1.2744950056076 0.19799999892712
			vertex 3.6476662158966 1.2744950056076 0.19799999892712
		endloop
	endfacet
	facet normal 0 0 -1
		outer loop
			vertex 3.685361623764 1.0990600585938 0.19799999892712
			vertex 3.6476662158966 1.2744950056076 0.19799999892712
			vertex 3.6884431838989 1.1113868951797 0.19799999892712
		endloop
	endfacet
	facet normal 0 0 -1
		outer loop
			vertex 3.6915249824524 1.0990600585938 0.19799999892712
			vertex 3.6884431838989 1.1113868951797 0.19799999892712
			vertex 3.6510400772095 1.4229400157928 0.19799999892712
		endloop
	endfacet
	facet normal 0 0 -1
		outer loop
			vertex 3.6884431838989 1.1113868951797 0.19799999892712
			vertex 3.6476662158966 1.2744950056076 0.19799999892712
			vertex 3.6510400772095 1.4229400157928 0.19799999892712
		endloop
	endfacet
	facet normal 0 0 -1
		outer loop
			vertex 3.610554933548 1.355465054512 0.19799999892712
			vertex 3.610554933548 1.4061706066132 0.19799999892712
			vertex 3.6210429668427 1.3956825733185 0.19799999892712
		endloop
	endfacet
	facet normal 0 0 -1
		outer loop
			vertex 3.6476662158966 1.2744950056076 0.19799999892712
			vertex 3.6274237632751 1.355465054512 0.19799999892712
			vertex 3.6226394176483 1.394539475441 0.19799999892712
		endloop
	endfacet
	facet normal 0 0 -1
		outer loop
			vertex 3.610554933548 1.355465054512 0.19799999892712
			vertex 3.6210429668427 1.3956825733185 0.19799999892712
			vertex 3.6274237632751 1.355465054512 0.19799999892712
		endloop
	endfacet
	facet normal 0 0 -1
		outer loop
			vertex 3.6476662158966 1.2744950056076 0.19799999892712
			vertex 3.6226394176483 1.394539475441 0.19799999892712
			vertex 3.6510400772095 1.4229400157928 0.19799999892712
		endloop
	endfacet
	facet normal 0 0 -1
		outer loop
			vertex 3.6274237632751 1.355465054512 0.19799999892712
			vertex 3.6210429668427 1.3956825733185 0.19799999892712
			vertex 3.6226394176483 1.394539475441 0.19799999892712
		endloop
	endfacet
	facet normal 0 0 -1
		outer loop
			vertex 3.6915249824524 1.0990600585938 0.19799999892712
			vertex 3.6510400772095 1.4229400157928 0.19799999892712
			vertex 3.6915249824524 1.4229400157928 0.19799999892712
		endloop
	endfacet
	facet normal -0.70710678118655 0.70710678118655 0
		outer loop
			vertex 3.5717072486877 0.96247279644012 0
			vertex 3.5717072486877 0.96247279644012 0.19799999892712
			vertex 3.6796672344208 1.0704327821732 0
		endloop
	endfacet
	facet normal 0.70710778177136 -0.70710578060032 0
		outer loop
			vertex 3.5263106822968 1.0315849781036 0
			vertex 3.610554933548 1.1158294677734 0
			vertex 3.610554933548 1.1158294677734 0.19799999892712
		endloop
	endfacet
	facet normal 0.70710778177136 -0.70710578060032 0
		outer loop
			vertex 3.5263106822968 1.0315849781036 0
			vertex 3.610554933548 1.1158294677734 0.19799999892712
			vertex 3.5263106822968 1.0315849781036 0.19799999892712
		endloop
	endfacet
	facet normal -0.70710678118655 0.70710678118655 0
		outer loop
			vertex 3.6796672344208 1.0704327821732 0
			vertex 3.5717072486877 0.96247279644012 0.19799999892712
			vertex 3.6796672344208 1.0704327821732 0.19799999892712
		endloop
	endfacet
	facet normal 0 0 -1
		outer loop
			vertex 3.5430800914764 0.99110001325607 0.19799999892712
			vertex 3.5263106822968 1.0315849781036 0.19799999892712
			vertex 3.6117630004883 1.0929869413376 0.19799999892712
		endloop
	endfacet
	facet normal 0 0 -1
		outer loop
			vertex 3.5430800914764 0.99110001325607 0.19799999892712
			vertex 3.6117630004883 1.0929869413376 0.19799999892712
			vertex 3.5717072486877 0.96247279644012 0.19799999892712
		endloop
	endfacet
	facet normal 0 0 -1
		outer loop
			vertex 3.5717072486877 0.96247279644012 0.19799999892712
			vertex 3.6117630004883 1.0929869413376 0.19799999892712
			vertex 3.6571366786957 1.0929633378983 0.19799999892712
		endloop
	endfacet
	facet normal 0 0 -1
		outer loop
			vertex 3.5263106822968 1.0315849781036 0.19799999892712
			vertex 3.610554933548 1.1158294677734 0.19799999892712
			vertex 3.6136269569397 1.0990600585938 0.19799999892712
		endloop
	endfacet
	facet normal 0 0 -1
		outer loop
			vertex 3.5263106822968 1.0315849781036 0.19799999892712
			vertex 3.6136269569397 1.0990600585938 0.19799999892712
			vertex 3.6117630004883 1.0929869413376 0.19799999892712
		endloop
	endfacet
	facet normal 0 0 -1
		outer loop
			vertex 3.5717072486877 0.96247279644012 0.19799999892712
			vertex 3.6571366786957 1.0929633378983 0.19799999892712
			vertex 3.6796672344208 1.0704327821732 0.19799999892712
		endloop
	endfacet
	facet normal 0 1 0
		outer loop
			vertex 3.2191998958588 0.95061498880386 0
			vertex 3.2191998958588 0.95061498880386 0.19799999892712
			vertex 3.5430800914764 0.95061498880386 0
		endloop
	endfacet
	facet normal 0 -1 0
		outer loop
			vertex 3.235969543457 1.0315849781036 0
			vertex 3.5263106822968 1.0315849781036 0
			vertex 3.5263106822968 1.0315849781036 0.19799999892712
		endloop
	endfacet
	facet normal 0 -1 0
		outer loop
			vertex 3.235969543457 1.0315849781036 0
			vertex 3.5263106822968 1.0315849781036 0.19799999892712
			vertex 3.235969543457 1.0315849781036 0.19799999892712
		endloop
	endfacet
	facet normal 0 1 -0
		outer loop
			vertex 3.5430800914764 0.95061498880386 0
			vertex 3.2191998958588 0.95061498880386 0.19799999892712
			vertex 3.5430800914764 0.95061498880386 0.19799999892712
		endloop
	endfacet
	facet normal 0 0 -1
		outer loop
			vertex 3.2191998958588 0.95061498880386 0.19799999892712
			vertex 3.2191998958588 1.0285130739212 0.19799999892712
			vertex 3.2415592670441 1.0259951353073 0.19799999892712
		endloop
	endfacet
	facet normal 0 0 -1
		outer loop
			vertex 3.2191998958588 0.95061498880386 0.19799999892712
			vertex 3.2415592670441 1.0259951353073 0.19799999892712
			vertex 3.5430800914764 0.95061498880386 0.19799999892712
		endloop
	endfacet
	facet normal 0 0 -1
		outer loop
			vertex 3.235969543457 1.0315849781036 0.19799999892712
			vertex 3.5263106822968 1.0315849781036 0.19799999892712
			vertex 3.2415592670441 1.0259951353073 0.19799999892712
		endloop
	endfacet
	facet normal 0 0 -1
		outer loop
			vertex 3.2415592670441 1.0259951353073 0.19799999892712
			vertex 3.5430800914764 0.99110001325607 0.19799999892712
			vertex 3.5430800914764 0.95061498880386 0.19799999892712
		endloop
	endfacet
	facet normal 0 0 -1
		outer loop
			vertex 3.2415592670441 1.0259951353073 0.19799999892712
			vertex 3.5263106822968 1.0315849781036 0.19799999892712
			vertex 3.5430800914764 0.99110001325607 0.19799999892712
		endloop
	endfacet
	facet normal 0.70710678118655 0.70710678118655 -0
		outer loop
			vertex 3.0826127529144 1.0704327821732 0
			vertex 3.0826127529144 1.0704327821732 0.19799999892712
			vertex 3.1905727386475 0.96247279644012 0
		endloop
	endfacet
	facet normal -0.70710678118655 -0.70710678118655 0
		outer loop
			vertex 3.1517250537872 1.1158294677734 0
			vertex 3.235969543457 1.0315849781036 0
			vertex 3.235969543457 1.0315849781036 0.19799999892712
		endloop
	endfacet
	facet normal 0.70710678118655 0.70710678118655 -0
		outer loop
			vertex 3.1905727386475 0.96247279644012 0
			vertex 3.0826127529144 1.0704327821732 0.19799999892712
			vertex 3.1905727386475 0.96247279644012 0.19799999892712
		endloop
	endfacet
	facet normal -0.70710678118655 -0.70710678118655 0
		outer loop
			vertex 3.1517250537872 1.1158294677734 0
			vertex 3.235969543457 1.0315849781036 0.19799999892712
			vertex 3.1517250537872 1.1158294677734 0.19799999892712
		endloop
	endfacet
	facet normal 0 0 -1
		outer loop
			vertex 3.1905727386475 0.96247279644012 0.19799999892712
			vertex 3.1517250537872 1.1158294677734 0.19799999892712
			vertex 3.2124831676483 0.98438310623169 0.19799999892712
		endloop
	endfacet
	facet normal 0 0 -1
		outer loop
			vertex 3.0826127529144 1.0704327821732 0.19799999892712
			vertex 3.1517250537872 1.1158294677734 0.19799999892712
			vertex 3.1905727386475 0.96247279644012 0.19799999892712
		endloop
	endfacet
	facet normal 0 0 -1
		outer loop
			vertex 3.0826127529144 1.0704327821732 0.19799999892712
			vertex 3.1112399101257 1.0990600585938 0.19799999892712
			vertex 3.1517250537872 1.1158294677734 0.19799999892712
		endloop
	endfacet
	facet normal 0 0 -1
		outer loop
			vertex 3.1517250537872 1.1158294677734 0.19799999892712
			vertex 3.2191998958588 1.0285130739212 0.19799999892712
			vertex 3.2124831676483 0.98438310623169 0.19799999892712
		endloop
	endfacet
	facet normal 0 0 -1
		outer loop
			vertex 3.1216077804565 1.1094278097153 0.19799999892712
			vertex 3.1343743801117 1.1221942901611 0.19799999892712
			vertex 3.1517250537872 1.1158294677734 0.19799999892712
		endloop
	endfacet
	facet normal 0 0 -1
		outer loop
			vertex 3.1112399101257 1.0990600585938 0.19799999892712
			vertex 3.1216077804565 1.1094278097153 0.19799999892712
			vertex 3.1517250537872 1.1158294677734 0.19799999892712
		endloop
	endfacet
	facet normal 0 0 -1
		outer loop
			vertex 3.1517250537872 1.1158294677734 0.19799999892712
			vertex 3.235969543457 1.0315849781036 0.19799999892712
			vertex 3.2191998958588 1.0285130739212 0.19799999892712
		endloop
	endfacet
	facet normal 0 0 -1
		outer loop
			vertex 3.2191998958588 1.0285130739212 0.19799999892712
			vertex 3.235969543457 1.0315849781036 0.19799999892712
			vertex 3.2415592670441 1.0259951353073 0.19799999892712
		endloop
	endfacet
	facet normal 1 0 0
		outer loop
			vertex 3.0707550048828 1.0990600585938 0
			vertex 3.0707550048828 1.2070200443268 0
			vertex 3.0707550048828 1.2070200443268 0.19799999892712
		endloop
	endfacet
	facet normal -1 0 0
		outer loop
			vertex 3.1517250537872 1.1158294677734 0
			vertex 3.1517250537872 1.1158294677734 0.19799999892712
			vertex 3.1517250537872 1.1902505159378 0
		endloop
	endfacet
	facet normal 1 0 0
		outer loop
			vertex 3.0707550048828 1.0990600585938 0
			vertex 3.0707550048828 1.2070200443268 0.19799999892712
			vertex 3.0707550048828 1.0990600585938 0.19799999892712
		endloop
	endfacet
	facet normal -1 0 0
		outer loop
			vertex 3.1517250537872 1.1902505159378 0
			vertex 3.1517250537872 1.1158294677734 0.19799999892712
			vertex 3.1517250537872 1.1902505159378 0.19799999892712
		endloop
	endfacet
	facet normal 0 0 -1
		outer loop
			vertex 3.0707550048828 1.0990600585938 0.19799999892712
			vertex 3.0957469940186 1.1736972332001 0.19799999892712
			vertex 3.1112399101257 1.0990600585938 0.19799999892712
		endloop
	endfacet
	facet normal 0 0 -1
		outer loop
			vertex 3.0707550048828 1.0990600585938 0.19799999892712
			vertex 3.0707550048828 1.2070200443268 0.19799999892712
			vertex 3.0957469940186 1.1736972332001 0.19799999892712
		endloop
	endfacet
	facet normal 0 0 -1
		outer loop
			vertex 3.1112399101257 1.0990600585938 0.19799999892712
			vertex 3.1267328262329 1.1323827505112 0.19799999892712
			vertex 3.1216077804565 1.1094278097153 0.19799999892712
		endloop
	endfacet
	facet normal 0 0 -1
		outer loop
			vertex 3.1112399101257 1.0990600585938 0.19799999892712
			vertex 3.0957469940186 1.1736972332001 0.19799999892712
			vertex 3.1267328262329 1.1323827505112 0.19799999892712
		endloop
	endfacet
	facet normal 0 0 -1
		outer loop
			vertex 3.1343743801117 1.1221942901611 0.19799999892712
			vertex 3.1432831287384 1.181808590889 0.19799999892712
			vertex 3.1517250537872 1.1158294677734 0.19799999892712
		endloop
	endfacet
	facet normal 0 0 -1
		outer loop
			vertex 3.0957469940186 1.1736972332001 0.19799999892712
			vertex 3.103187084198 1.2070200443268 0.19799999892712
			vertex 3.1267328262329 1.1323827505112 0.19799999892712
		endloop
	endfacet
	facet normal 0 0 -1
		outer loop
			vertex 3.1267328262329 1.1323827505112 0.19799999892712
			vertex 3.103187084198 1.2070200443268 0.19799999892712
			vertex 3.1432831287384 1.181808590889 0.19799999892712
		endloop
	endfacet
	facet normal 0 0 -1
		outer loop
			vertex 3.1343743801117 1.1221942901611 0.19799999892712
			vertex 3.1267328262329 1.1323827505112 0.19799999892712
			vertex 3.1432831287384 1.181808590889 0.19799999892712
		endloop
	endfacet
	facet normal 0 0 -1
		outer loop
			vertex 3.1517250537872 1.1158294677734 0.19799999892712
			vertex 3.1432831287384 1.181808590889 0.19799999892712
			vertex 3.1517250537872 1.1902505159378 0.19799999892712
		endloop
	endfacet
	facet normal 0 0 -1
		outer loop
			vertex 3.103187084198 1.2070200443268 0.19799999892712
			vertex 3.1486530303955 1.2070200443268 0.19799999892712
			vertex 3.1432831287384 1.181808590889 0.19799999892712
		endloop
	endfacet
	facet normal -0.70710678118655 0.70710678118655 0
		outer loop
			vertex 3.1517250537872 1.1902505159378 0
			vertex 3.1517250537872 1.1902505159378 0.19799999892712
			vertex 3.235969543457 1.2744950056076 0
		endloop
	endfacet
	facet normal 0.70710678118655 -0.70710678118655 0
		outer loop
			vertex 3.0826127529144 1.2356472015381 0
			vertex 3.1905727386475 1.3436071872711 0
			vertex 3.1905727386475 1.3436071872711 0.19799999892712
		endloop
	endfacet
	facet normal -0.70710678118655 0.70710678118655 0
		outer loop
			vertex 3.235969543457 1.2744950056076 0
			vertex 3.1517250537872 1.1902505159378 0.19799999892712
			vertex 3.235969543457 1.2744950056076 0.19799999892712
		endloop
	endfacet
	facet normal 0.70710678118655 -0.70710678118655 0
		outer loop
			vertex 3.0826127529144 1.2356472015381 0
			vertex 3.1905727386475 1.3436071872711 0.19799999892712
			vertex 3.0826127529144 1.2356472015381 0.19799999892712
		endloop
	endfacet
	facet normal 0 0 -1
		outer loop
			vertex 3.1432831287384 1.181808590889 0.19799999892712
			vertex 3.1486530303955 1.2070200443268 0.19799999892712
			vertex 3.1517250537872 1.1902505159378 0.19799999892712
		endloop
	endfacet
	facet normal 0 0 -1
		outer loop
			vertex 3.0826127529144 1.2356472015381 0.19799999892712
			vertex 3.235969543457 1.2744950056076 0.19799999892712
			vertex 3.1091930866241 1.2090669870377 0.19799999892712
		endloop
	endfacet
	facet normal 0 0 -1
		outer loop
			vertex 3.1091930866241 1.2090669870377 0.19799999892712
			vertex 3.235969543457 1.2744950056076 0.19799999892712
			vertex 3.1486530303955 1.2070200443268 0.19799999892712
		endloop
	endfacet
	facet normal 0 0 -1
		outer loop
			vertex 3.1517250537872 1.1902505159378 0.19799999892712
			vertex 3.1486530303955 1.2070200443268 0.19799999892712
			vertex 3.235969543457 1.2744950056076 0.19799999892712
		endloop
	endfacet
	facet normal 0 0 -1
		outer loop
			vertex 3.0826127529144 1.2356472015381 0.19799999892712
			vertex 3.1905727386475 1.3436071872711 0.19799999892712
			vertex 3.235969543457 1.2744950056076 0.19799999892712
		endloop
	endfacet
	facet normal 0 0 -1
		outer loop
			vertex 3.2191998958588 1.3149800300598 0.19799999892712
			vertex 3.2403440475464 1.2788696289062 0.19799999892712
			vertex 3.235969543457 1.2744950056076 0.19799999892712
		endloop
	endfacet
	facet normal 0 0 -1
		outer loop
			vertex 3.1905727386475 1.3436071872711 0.19799999892712
			vertex 3.2191998958588 1.3149800300598 0.19799999892712
			vertex 3.235969543457 1.2744950056076 0.19799999892712
		endloop
	endfacet
	facet normal 0 1 0
		outer loop
			vertex 3.235969543457 1.2744950056076 0
			vertex 3.235969543457 1.2744950056076 0.19799999892712
			vertex 3.610554933548 1.2744950056076 0
		endloop
	endfacet
	facet normal 0 -1 0
		outer loop
			vertex 3.2191998958588 1.355465054512 0
			vertex 3.610554933548 1.355465054512 0
			vertex 3.610554933548 1.355465054512 0.19799999892712
		endloop
	endfacet
	facet normal 0 -1 0
		outer loop
			vertex 3.2191998958588 1.355465054512 0
			vertex 3.610554933548 1.355465054512 0.19799999892712
			vertex 3.2191998958588 1.355465054512 0.19799999892712
		endloop
	endfacet
	facet normal 0 1 -0
		outer loop
			vertex 3.610554933548 1.2744950056076 0
			vertex 3.235969543457 1.2744950056076 0.19799999892712
			vertex 3.610554933548 1.2744950056076 0.19799999892712
		endloop
	endfacet
	facet normal 0 0 -1
		outer loop
			vertex 3.2191998958588 1.3149800300598 0.19799999892712
			vertex 3.2191998958588 1.355465054512 0.19799999892712
			vertex 3.2403440475464 1.2788696289062 0.19799999892712
		endloop
	endfacet
	facet normal 0 -0 -1
		outer loop
			vertex 3.2403440475464 1.2788696289062 0.19799999892712
			vertex 3.610554933548 1.2744950056076 0.19799999892712
			vertex 3.235969543457 1.2744950056076 0.19799999892712
		endloop
	endfacet
	facet normal 0 0 -1
		outer loop
			vertex 3.2403440475464 1.2788696289062 0.19799999892712
			vertex 3.2191998958588 1.355465054512 0.19799999892712
			vertex 3.610554933548 1.355465054512 0.19799999892712
		endloop
	endfacet
	facet normal 0 0 -1
		outer loop
			vertex 3.2403440475464 1.2788696289062 0.19799999892712
			vertex 3.6274237632751 1.355465054512 0.19799999892712
			vertex 3.610554933548 1.2744950056076 0.19799999892712
		endloop
	endfacet
	facet normal 0 0 -1
		outer loop
			vertex 3.2403440475464 1.2788696289062 0.19799999892712
			vertex 3.610554933548 1.355465054512 0.19799999892712
			vertex 3.6274237632751 1.355465054512 0.19799999892712
		endloop
	endfacet
	facet normal 0 0 -1
		outer loop
			vertex 3.610554933548 1.2744950056076 0.19799999892712
			vertex 3.6274237632751 1.355465054512 0.19799999892712
			vertex 3.6476662158966 1.2744950056076 0.19799999892712
		endloop
	endfacet
	facet normal 0.98078448175191 0.1950943370645 0
		outer loop
			vertex 3.0738368034363 1.4074470996857 0
			vertex 3.0707550048828 1.4229400157928 0
			vertex 3.0707550048828 1.4229400157928 0.19799999892712
		endloop
	endfacet
	facet normal 0.83147398431291 0.55556368978796 -0
		outer loop
			vertex 3.0738368034363 1.4074470996857 0
			vertex 3.0738368034363 1.4074470996857 0.19799999892712
			vertex 3.0826127529144 1.3943127393723 0
		endloop
	endfacet
	facet normal 0.55556717584489 0.83147165503325 -0
		outer loop
			vertex 3.0826127529144 1.3943127393723 0
			vertex 3.0826127529144 1.3943127393723 0.19799999892712
			vertex 3.0957469940186 1.3855367898941 0
		endloop
	endfacet
	facet normal 0.1950943370645 0.98078448175191 -0
		outer loop
			vertex 3.0957469940186 1.3855367898941 0
			vertex 3.0957469940186 1.3855367898941 0.19799999892712
			vertex 3.1112399101257 1.3824549913406 0
		endloop
	endfacet
	facet normal -0.1950943370645 0.98078448175191 0
		outer loop
			vertex 3.1112399101257 1.3824549913406 0
			vertex 3.1112399101257 1.3824549913406 0.19799999892712
			vertex 3.1267328262329 1.3855367898941 0
		endloop
	endfacet
	facet normal -0.55556020376502 0.83147631354872 0
		outer loop
			vertex 3.1267328262329 1.3855367898941 0
			vertex 3.1267328262329 1.3855367898941 0.19799999892712
			vertex 3.1398673057556 1.3943127393723 0
		endloop
	endfacet
	facet normal 0.98078448175191 -0.1950943370645 0
		outer loop
			vertex 3.0707550048828 1.4229400157928 0
			vertex 3.0738368034363 1.4384329319 0
			vertex 3.0738368034363 1.4384329319 0.19799999892712
		endloop
	endfacet
	facet normal 0.83147165503325 -0.55556717584489 0
		outer loop
			vertex 3.0738368034363 1.4384329319 0
			vertex 3.0826127529144 1.4515671730042 0
			vertex 3.0826127529144 1.4515671730042 0.19799999892712
		endloop
	endfacet
	facet normal 0.98078448175191 0.1950943370645 -0
		outer loop
			vertex 3.0738368034363 1.4074470996857 0
			vertex 3.0707550048828 1.4229400157928 0.19799999892712
			vertex 3.0738368034363 1.4074470996857 0.19799999892712
		endloop
	endfacet
	facet normal 0.83147398431291 0.55556368978796 -0
		outer loop
			vertex 3.0826127529144 1.3943127393723 0
			vertex 3.0738368034363 1.4074470996857 0.19799999892712
			vertex 3.0826127529144 1.3943127393723 0.19799999892712
		endloop
	endfacet
	facet normal 0.55556717584489 0.83147165503325 -0
		outer loop
			vertex 3.0957469940186 1.3855367898941 0
			vertex 3.0826127529144 1.3943127393723 0.19799999892712
			vertex 3.0957469940186 1.3855367898941 0.19799999892712
		endloop
	endfacet
	facet normal 0.1950943370645 0.98078448175191 -0
		outer loop
			vertex 3.1112399101257 1.3824549913406 0
			vertex 3.0957469940186 1.3855367898941 0.19799999892712
			vertex 3.1112399101257 1.3824549913406 0.19799999892712
		endloop
	endfacet
	facet normal -0.1950943370645 0.98078448175191 0
		outer loop
			vertex 3.1267328262329 1.3855367898941 0
			vertex 3.1112399101257 1.3824549913406 0.19799999892712
			vertex 3.1267328262329 1.3855367898941 0.19799999892712
		endloop
	endfacet
	facet normal -0.55556020376502 0.83147631354872 0
		outer loop
			vertex 3.1398673057556 1.3943127393723 0
			vertex 3.1267328262329 1.3855367898941 0.19799999892712
			vertex 3.1398673057556 1.3943127393723 0.19799999892712
		endloop
	endfacet
	facet normal 0.98078448175191 -0.1950943370645 0
		outer loop
			vertex 3.0707550048828 1.4229400157928 0
			vertex 3.0738368034363 1.4384329319 0.19799999892712
			vertex 3.0707550048828 1.4229400157928 0.19799999892712
		endloop
	endfacet
	facet normal 0.83147165503325 -0.55556717584489 0
		outer loop
			vertex 3.0738368034363 1.4384329319 0
			vertex 3.0826127529144 1.4515671730042 0.19799999892712
			vertex 3.0738368034363 1.4384329319 0.19799999892712
		endloop
	endfacet
	facet normal 0 0 -1
		outer loop
			vertex 3.0738368034363 1.4074470996857 0.19799999892712
			vertex 3.0738368034363 1.4384329319 0.19799999892712
			vertex 3.0826127529144 1.3943127393723 0.19799999892712
		endloop
	endfacet
	facet normal 0 0 -1
		outer loop
			vertex 3.0826127529144 1.3943127393723 0.19799999892712
			vertex 3.0826127529144 1.4515671730042 0.19799999892712
			vertex 3.0957469940186 1.3855367898941 0.19799999892712
		endloop
	endfacet
	facet normal 0 0 -1
		outer loop
			vertex 3.0957469940186 1.3855367898941 0.19799999892712
			vertex 3.1398673057556 1.3943127393723 0.19799999892712
			vertex 3.1112399101257 1.3824549913406 0.19799999892712
		endloop
	endfacet
	facet normal 0 0 -1
		outer loop
			vertex 3.0957469940186 1.3855367898941 0.19799999892712
			vertex 3.0826127529144 1.4515671730042 0.19799999892712
			vertex 3.1398673057556 1.3943127393723 0.19799999892712
		endloop
	endfacet
	facet normal 0 0 -1
		outer loop
			vertex 3.1112399101257 1.3824549913406 0.19799999892712
			vertex 3.1398673057556 1.3943127393723 0.19799999892712
			vertex 3.1267328262329 1.3855367898941 0.19799999892712
		endloop
	endfacet
	facet normal 0 0 -1
		outer loop
			vertex 3.0738368034363 1.4074470996857 0.19799999892712
			vertex 3.0707550048828 1.4229400157928 0.19799999892712
			vertex 3.0738368034363 1.4384329319 0.19799999892712
		endloop
	endfacet
	facet normal 0 0 -1
		outer loop
			vertex 3.0738368034363 1.4384329319 0.19799999892712
			vertex 3.0826127529144 1.4515671730042 0.19799999892712
			vertex 3.0826127529144 1.3943127393723 0.19799999892712
		endloop
	endfacet
	facet normal 0.55557239313192 -0.83146816895758 0
		outer loop
			vertex 3.1905727386475 1.5595271587372 0
			vertex 3.2037069797516 1.5683032274246 0
			vertex 3.2037069797516 1.5683032274246 0.19799999892712
		endloop
	endfacet
	facet normal 0.1950943370645 -0.98078448175191 0
		outer loop
			vertex 3.2037069797516 1.5683032274246 0
			vertex 3.2191998958588 1.5713850259781 0
			vertex 3.2191998958588 1.5713850259781 0.19799999892712
		endloop
	endfacet
	facet normal 0.55557239313192 -0.83146816895758 0
		outer loop
			vertex 3.1905727386475 1.5595271587372 0
			vertex 3.2037069797516 1.5683032274246 0.19799999892712
			vertex 3.1905727386475 1.5595271587372 0.19799999892712
		endloop
	endfacet
	facet normal 0.1950943370645 -0.98078448175191 0
		outer loop
			vertex 3.2037069797516 1.5683032274246 0
			vertex 3.2191998958588 1.5713850259781 0.19799999892712
			vertex 3.2037069797516 1.5683032274246 0.19799999892712
		endloop
	endfacet
	facet normal 0 0 -1
		outer loop
			vertex 3.1905727386475 1.5595271587372 0.19799999892712
			vertex 3.2191998958588 1.5713850259781 0.19799999892712
			vertex 3.2191998958588 1.5309000015259 0.19799999892712
		endloop
	endfacet
	facet normal 0 0 -1
		outer loop
			vertex 3.1905727386475 1.5595271587372 0.19799999892712
			vertex 3.2037069797516 1.5683032274246 0.19799999892712
			vertex 3.2191998958588 1.5713850259781 0.19799999892712
		endloop
	endfacet
	facet normal -0.1950943370645 -0.98078448175191 0
		outer loop
			vertex 3.5430800914764 1.5713850259781 0
			vertex 3.5585730075836 1.5683032274246 0
			vertex 3.5585730075836 1.5683032274246 0.19799999892712
		endloop
	endfacet
	facet normal -0.55557239313192 -0.83146816895758 0
		outer loop
			vertex 3.5585730075836 1.5683032274246 0
			vertex 3.5717072486877 1.5595271587372 0
			vertex 3.5717072486877 1.5595271587372 0.19799999892712
		endloop
	endfacet
	facet normal -0.1950943370645 -0.98078448175191 0
		outer loop
			vertex 3.5430800914764 1.5713850259781 0
			vertex 3.5585730075836 1.5683032274246 0.19799999892712
			vertex 3.5430800914764 1.5713850259781 0.19799999892712
		endloop
	endfacet
	facet normal -0.55557239313192 -0.83146816895758 0
		outer loop
			vertex 3.5585730075836 1.5683032274246 0
			vertex 3.5717072486877 1.5595271587372 0.19799999892712
			vertex 3.5585730075836 1.5683032274246 0.19799999892712
		endloop
	endfacet
	facet normal 0 0 -1
		outer loop
			vertex 3.5430800914764 1.4934868812561 0.19799999892712
			vertex 3.5430800914764 1.5713850259781 0.19799999892712
			vertex 3.5497968196869 1.5376168489456 0.19799999892712
		endloop
	endfacet
	facet normal 0 0 -1
		outer loop
			vertex 3.5497968196869 1.5376168489456 0.19799999892712
			vertex 3.5585730075836 1.5683032274246 0.19799999892712
			vertex 3.5717072486877 1.5595271587372 0.19799999892712
		endloop
	endfacet
	facet normal 0 0 -1
		outer loop
			vertex 3.5497968196869 1.5376168489456 0.19799999892712
			vertex 3.5430800914764 1.5713850259781 0.19799999892712
			vertex 3.5585730075836 1.5683032274246 0.19799999892712
		endloop
	endfacet
	facet normal -0.83147165503325 -0.55556717584489 0
		outer loop
			vertex 3.6796672344208 1.4515671730042 0
			vertex 3.6884431838989 1.4384329319 0
			vertex 3.6884431838989 1.4384329319 0.19799999892712
		endloop
	endfacet
	facet normal -0.98078448175191 -0.1950943370645 0
		outer loop
			vertex 3.6915249824524 1.4229400157928 0
			vertex 3.6915249824524 1.4229400157928 0.19799999892712
			vertex 3.6884431838989 1.4384329319 0
		endloop
	endfacet
	facet normal -0.83147165503325 -0.55556717584489 0
		outer loop
			vertex 3.6796672344208 1.4515671730042 0
			vertex 3.6884431838989 1.4384329319 0.19799999892712
			vertex 3.6796672344208 1.4515671730042 0.19799999892712
		endloop
	endfacet
	facet normal -0.98078448175191 -0.1950943370645 0
		outer loop
			vertex 3.6884431838989 1.4384329319 0
			vertex 3.6915249824524 1.4229400157928 0.19799999892712
			vertex 3.6884431838989 1.4384329319 0.19799999892712
		endloop
	endfacet
	facet normal 0 0 -1
		outer loop
			vertex 3.6510400772095 1.4229400157928 0.19799999892712
			vertex 3.6796672344208 1.4515671730042 0.19799999892712
			vertex 3.6915249824524 1.4229400157928 0.19799999892712
		endloop
	endfacet
	facet normal 0 0 -1
		outer loop
			vertex 3.6796672344208 1.4515671730042 0.19799999892712
			vertex 3.6884431838989 1.4384329319 0.19799999892712
			vertex 3.6915249824524 1.4229400157928 0.19799999892712
		endloop
	endfacet
	facet normal -0.83147165503325 0.55556717584489 0
		outer loop
			vertex 3.6796672344208 1.0704327821732 0
			vertex 3.6796672344208 1.0704327821732 0.19799999892712
			vertex 3.6884431838989 1.0835670232773 0
		endloop
	endfacet
	facet normal -0.98078476898537 0.19509289306975 0
		outer loop
			vertex 3.6884431838989 1.0835670232773 0
			vertex 3.6884431838989 1.0835670232773 0.19799999892712
			vertex 3.6915249824524 1.0990600585938 0
		endloop
	endfacet
	facet normal -0.83147165503325 0.55556717584489 0
		outer loop
			vertex 3.6884431838989 1.0835670232773 0
			vertex 3.6796672344208 1.0704327821732 0.19799999892712
			vertex 3.6884431838989 1.0835670232773 0.19799999892712
		endloop
	endfacet
	facet normal -0.98078476898537 0.19509289306975 0
		outer loop
			vertex 3.6915249824524 1.0990600585938 0
			vertex 3.6884431838989 1.0835670232773 0.19799999892712
			vertex 3.6915249824524 1.0990600585938 0.19799999892712
		endloop
	endfacet
	facet normal 0 -0 -1
		outer loop
			vertex 3.6136269569397 1.0990600585938 0.19799999892712
			vertex 3.6571366786957 1.0929633378983 0.19799999892712
			vertex 3.6117630004883 1.0929869413376 0.19799999892712
		endloop
	endfacet
	facet normal 0 0 -1
		outer loop
			vertex 3.6136269569397 1.0990600585938 0.19799999892712
			vertex 3.685361623764 1.0990600585938 0.19799999892712
			vertex 3.6571366786957 1.0929633378983 0.19799999892712
		endloop
	endfacet
	facet normal 0 0 -1
		outer loop
			vertex 3.6571366786957 1.0929633378983 0.19799999892712
			vertex 3.685361623764 1.0990600585938 0.19799999892712
			vertex 3.6796672344208 1.0704327821732 0.19799999892712
		endloop
	endfacet
	facet normal 0 0 -1
		outer loop
			vertex 3.6884431838989 1.0835670232773 0.19799999892712
			vertex 3.685361623764 1.0990600585938 0.19799999892712
			vertex 3.6884431838989 1.1113868951797 0.19799999892712
		endloop
	endfacet
	facet normal 0 0 -1
		outer loop
			vertex 3.6796672344208 1.0704327821732 0.19799999892712
			vertex 3.685361623764 1.0990600585938 0.19799999892712
			vertex 3.6884431838989 1.0835670232773 0.19799999892712
		endloop
	endfacet
	facet normal 0 0 -1
		outer loop
			vertex 3.6884431838989 1.0835670232773 0.19799999892712
			vertex 3.6884431838989 1.1113868951797 0.19799999892712
			vertex 3.6915249824524 1.0990600585938 0.19799999892712
		endloop
	endfacet
	facet normal -0.19509070738589 0.98078520374834 0
		outer loop
			vertex 3.5430800914764 0.95061498880386 0
			vertex 3.5430800914764 0.95061498880386 0.19799999892712
			vertex 3.5585730075836 0.95369672775269 0
		endloop
	endfacet
	facet normal -0.55557239313192 0.83146816895758 0
		outer loop
			vertex 3.5585730075836 0.95369672775269 0
			vertex 3.5585730075836 0.95369672775269 0.19799999892712
			vertex 3.5717072486877 0.96247279644012 0
		endloop
	endfacet
	facet normal -0.19509070738589 0.98078520374834 0
		outer loop
			vertex 3.5585730075836 0.95369672775269 0
			vertex 3.5430800914764 0.95061498880386 0.19799999892712
			vertex 3.5585730075836 0.95369672775269 0.19799999892712
		endloop
	endfacet
	facet normal -0.55557239313192 0.83146816895758 0
		outer loop
			vertex 3.5717072486877 0.96247279644012 0
			vertex 3.5585730075836 0.95369672775269 0.19799999892712
			vertex 3.5717072486877 0.96247279644012 0.19799999892712
		endloop
	endfacet
	facet normal 0 0 -1
		outer loop
			vertex 3.5430800914764 0.95061498880386 0.19799999892712
			vertex 3.5717072486877 0.96247279644012 0.19799999892712
			vertex 3.5585730075836 0.95369672775269 0.19799999892712
		endloop
	endfacet
	facet normal 0 0 -1
		outer loop
			vertex 3.5430800914764 0.95061498880386 0.19799999892712
			vertex 3.5430800914764 0.99110001325607 0.19799999892712
			vertex 3.5717072486877 0.96247279644012 0.19799999892712
		endloop
	endfacet
	facet normal 0.55557239313192 0.83146816895758 -0
		outer loop
			vertex 3.1905727386475 0.96247279644012 0
			vertex 3.1905727386475 0.96247279644012 0.19799999892712
			vertex 3.2037069797516 0.95369672775269 0
		endloop
	endfacet
	facet normal 0.19509070738589 0.98078520374834 -0
		outer loop
			vertex 3.2037069797516 0.95369672775269 0
			vertex 3.2037069797516 0.95369672775269 0.19799999892712
			vertex 3.2191998958588 0.95061498880386 0
		endloop
	endfacet
	facet normal 0.55557239313192 0.83146816895758 -0
		outer loop
			vertex 3.2037069797516 0.95369672775269 0
			vertex 3.1905727386475 0.96247279644012 0.19799999892712
			vertex 3.2037069797516 0.95369672775269 0.19799999892712
		endloop
	endfacet
	facet normal 0.19509070738589 0.98078520374834 -0
		outer loop
			vertex 3.2191998958588 0.95061498880386 0
			vertex 3.2037069797516 0.95369672775269 0.19799999892712
			vertex 3.2191998958588 0.95061498880386 0.19799999892712
		endloop
	endfacet
	facet normal 0 0 -1
		outer loop
			vertex 3.2037069797516 0.95369672775269 0.19799999892712
			vertex 3.2124831676483 0.98438310623169 0.19799999892712
			vertex 3.2191998958588 0.95061498880386 0.19799999892712
		endloop
	endfacet
	facet normal 0 0 -1
		outer loop
			vertex 3.1905727386475 0.96247279644012 0.19799999892712
			vertex 3.2124831676483 0.98438310623169 0.19799999892712
			vertex 3.2037069797516 0.95369672775269 0.19799999892712
		endloop
	endfacet
	facet normal 0 0 -1
		outer loop
			vertex 3.2124831676483 0.98438310623169 0.19799999892712
			vertex 3.2191998958588 1.0285130739212 0.19799999892712
			vertex 3.2191998958588 0.95061498880386 0.19799999892712
		endloop
	endfacet
	facet normal 0.83147165503325 0.55556717584489 -0
		outer loop
			vertex 3.0738368034363 1.0835670232773 0
			vertex 3.0738368034363 1.0835670232773 0.19799999892712
			vertex 3.0826127529144 1.0704327821732 0
		endloop
	endfacet
	facet normal 0.98078476898537 0.19509289306975 0
		outer loop
			vertex 3.0738368034363 1.0835670232773 0
			vertex 3.0707550048828 1.0990600585938 0
			vertex 3.0707550048828 1.0990600585938 0.19799999892712
		endloop
	endfacet
	facet normal 0.98078476898537 0.19509289306975 -0
		outer loop
			vertex 3.0738368034363 1.0835670232773 0
			vertex 3.0707550048828 1.0990600585938 0.19799999892712
			vertex 3.0738368034363 1.0835670232773 0.19799999892712
		endloop
	endfacet
	facet normal 0.83147165503325 0.55556717584489 -0
		outer loop
			vertex 3.0826127529144 1.0704327821732 0
			vertex 3.0738368034363 1.0835670232773 0.19799999892712
			vertex 3.0826127529144 1.0704327821732 0.19799999892712
		endloop
	endfacet
	facet normal 0 0 -1
		outer loop
			vertex 3.0738368034363 1.0835670232773 0.19799999892712
			vertex 3.0707550048828 1.0990600585938 0.19799999892712
			vertex 3.0826127529144 1.0704327821732 0.19799999892712
		endloop
	endfacet
	facet normal 0 0 -1
		outer loop
			vertex 3.0707550048828 1.0990600585938 0.19799999892712
			vertex 3.1112399101257 1.0990600585938 0.19799999892712
			vertex 3.0826127529144 1.0704327821732 0.19799999892712
		endloop
	endfacet
	facet normal 0 0 -1
		outer loop
			vertex 3.1216077804565 1.1094278097153 0.19799999892712
			vertex 3.1267328262329 1.1323827505112 0.19799999892712
			vertex 3.1343743801117 1.1221942901611 0.19799999892712
		endloop
	endfacet
	facet normal 0.98078448175191 -0.1950943370645 0
		outer loop
			vertex 3.0707550048828 1.2070200443268 0
			vertex 3.0738368034363 1.222512960434 0
			vertex 3.0738368034363 1.222512960434 0.19799999892712
		endloop
	endfacet
	facet normal 0.83147165503325 -0.55556717584489 0
		outer loop
			vertex 3.0738368034363 1.222512960434 0
			vertex 3.0826127529144 1.2356472015381 0
			vertex 3.0826127529144 1.2356472015381 0.19799999892712
		endloop
	endfacet
	facet normal 0.98078448175191 -0.1950943370645 0
		outer loop
			vertex 3.0707550048828 1.2070200443268 0
			vertex 3.0738368034363 1.222512960434 0.19799999892712
			vertex 3.0707550048828 1.2070200443268 0.19799999892712
		endloop
	endfacet
	facet normal 0.83147165503325 -0.55556717584489 0
		outer loop
			vertex 3.0738368034363 1.222512960434 0
			vertex 3.0826127529144 1.2356472015381 0.19799999892712
			vertex 3.0738368034363 1.222512960434 0.19799999892712
		endloop
	endfacet
	facet normal 0 0 -1
		outer loop
			vertex 3.0707550048828 1.2070200443268 0.19799999892712
			vertex 3.0826127529144 1.2356472015381 0.19799999892712
			vertex 3.0957469940186 1.1736972332001 0.19799999892712
		endloop
	endfacet
	facet normal 0 0 -1
		outer loop
			vertex 3.103187084198 1.2070200443268 0.19799999892712
			vertex 3.0826127529144 1.2356472015381 0.19799999892712
			vertex 3.1091930866241 1.2090669870377 0.19799999892712
		endloop
	endfacet
	facet normal 0 0 -1
		outer loop
			vertex 3.0957469940186 1.1736972332001 0.19799999892712
			vertex 3.0826127529144 1.2356472015381 0.19799999892712
			vertex 3.103187084198 1.2070200443268 0.19799999892712
		endloop
	endfacet
	facet normal 0 0 -1
		outer loop
			vertex 3.0707550048828 1.2070200443268 0.19799999892712
			vertex 3.0738368034363 1.222512960434 0.19799999892712
			vertex 3.0826127529144 1.2356472015381 0.19799999892712
		endloop
	endfacet
	facet normal 0 0 -1
		outer loop
			vertex 3.103187084198 1.2070200443268 0.19799999892712
			vertex 3.1091930866241 1.2090669870377 0.19799999892712
			vertex 3.1486530303955 1.2070200443268 0.19799999892712
		endloop
	endfacet
	facet normal 0.55557239313192 -0.83146816895758 0
		outer loop
			vertex 3.1905727386475 1.3436071872711 0
			vertex 3.2037069797516 1.3523832559586 0
			vertex 3.2037069797516 1.3523832559586 0.19799999892712
		endloop
	endfacet
	facet normal 0.1950943370645 -0.98078448175191 0
		outer loop
			vertex 3.2037069797516 1.3523832559586 0
			vertex 3.2191998958588 1.355465054512 0
			vertex 3.2191998958588 1.355465054512 0.19799999892712
		endloop
	endfacet
	facet normal 0.55557239313192 -0.83146816895758 0
		outer loop
			vertex 3.1905727386475 1.3436071872711 0
			vertex 3.2037069797516 1.3523832559586 0.19799999892712
			vertex 3.1905727386475 1.3436071872711 0.19799999892712
		endloop
	endfacet
	facet normal 0.1950943370645 -0.98078448175191 0
		outer loop
			vertex 3.2037069797516 1.3523832559586 0
			vertex 3.2191998958588 1.355465054512 0.19799999892712
			vertex 3.2037069797516 1.3523832559586 0.19799999892712
		endloop
	endfacet
	facet normal 0 0 -1
		outer loop
			vertex 3.1905727386475 1.3436071872711 0.19799999892712
			vertex 3.2191998958588 1.355465054512 0.19799999892712
			vertex 3.2191998958588 1.3149800300598 0.19799999892712
		endloop
	endfacet
	facet normal 0 0 -1
		outer loop
			vertex 3.1905727386475 1.3436071872711 0.19799999892712
			vertex 3.2037069797516 1.3523832559586 0.19799999892712
			vertex 3.2191998958588 1.355465054512 0.19799999892712
		endloop
	endfacet
	facet normal 0.8944271514949 0.44721367450997 -0
		outer loop
			vertex 3.9926891326904 0.97299456596375 0
			vertex 3.7227890491486 1.5127946138382 0
			vertex 3.9926891326904 0.97299456596375 0.19799999892712
		endloop
	endfacet
	facet normal -0.44731645346901 0.89437575462213 0
		outer loop
			vertex 3.9926891326904 0.97299456596375 0
			vertex 3.9926891326904 0.97299456596375 0.19799999892712
			vertex 3.9931037425995 0.97320193052292 0
		endloop
	endfacet
	facet normal -0.89442703746004 -0.44721390257957 0
		outer loop
			vertex 3.959456205368 1.2205150127411 0
			vertex 4.0289001464844 1.0816272497177 0
			vertex 4.0289001464844 1.0816272497177 0.19799999892712
		endloop
	endfacet
	facet normal 0.44700794460281 -0.89452998689925 0
		outer loop
			vertex 3.7227890491486 1.5127946138382 0
			vertex 3.7232038974762 1.5130019187927 0
			vertex 3.7232038974762 1.5130019187927 0.19799999892712
		endloop
	endfacet
	facet normal -0.89442719099992 -0.44721359549996 0
		outer loop
			vertex 3.7952108383179 1.5490053892136 0
			vertex 3.9189710617065 1.3014849424362 0
			vertex 3.9189710617065 1.3014849424362 0.19799999892712
		endloop
	endfacet
	facet normal 0.44721359549996 -0.89442719099992 0
		outer loop
			vertex 3.7947962284088 1.548798084259 0
			vertex 3.7952108383179 1.5490053892136 0
			vertex 3.7952108383179 1.5490053892136 0.19799999892712
		endloop
	endfacet
	facet normal -0.44731645346901 0.89437575462213 0
		outer loop
			vertex 3.9931037425995 0.97320193052292 0
			vertex 3.9926891326904 0.97299456596375 0.19799999892712
			vertex 3.9931037425995 0.97320193052292 0.19799999892712
		endloop
	endfacet
	facet normal -0.89442703746004 -0.44721390257957 0
		outer loop
			vertex 3.959456205368 1.2205150127411 0
			vertex 4.0289001464844 1.0816272497177 0.19799999892712
			vertex 3.959456205368 1.2205150127411 0.19799999892712
		endloop
	endfacet
	facet normal 0.44700794460281 -0.89452998689925 0
		outer loop
			vertex 3.7227890491486 1.5127946138382 0
			vertex 3.7232038974762 1.5130019187927 0.19799999892712
			vertex 3.7227890491486 1.5127946138382 0.19799999892712
		endloop
	endfacet
	facet normal 0.8944271514949 0.44721367450997 -0
		outer loop
			vertex 3.7227890491486 1.5127946138382 0
			vertex 3.7227890491486 1.5127946138382 0.19799999892712
			vertex 3.9926891326904 0.97299456596375 0.19799999892712
		endloop
	endfacet
	facet normal -0.89442719099992 -0.44721359549996 0
		outer loop
			vertex 3.7952108383179 1.5490053892136 0
			vertex 3.9189710617065 1.3014849424362 0.19799999892712
			vertex 3.7952108383179 1.5490053892136 0.19799999892712
		endloop
	endfacet
	facet normal 0.44721359549996 -0.89442719099992 0
		outer loop
			vertex 3.7947962284088 1.548798084259 0
			vertex 3.7952108383179 1.5490053892136 0.19799999892712
			vertex 3.7947962284088 1.548798084259 0.19799999892712
		endloop
	endfacet
	facet normal 0 0 -1
		outer loop
			vertex 3.9926891326904 0.97299456596375 0.19799999892712
			vertex 3.7227890491486 1.5127946138382 0.19799999892712
			vertex 4.0233826637268 1.070592045784 0.19799999892712
		endloop
	endfacet
	facet normal -0 0 -1
		outer loop
			vertex 4.0289001464844 1.0816272497177 0.19799999892712
			vertex 4.0233826637268 1.070592045784 0.19799999892712
			vertex 3.7227890491486 1.5127946138382 0.19799999892712
		endloop
	endfacet
	facet normal 0 0 -1
		outer loop
			vertex 3.9976832866669 0.97549158334732 0.19799999892712
			vertex 4.0261282920837 1.0310336351395 0.19799999892712
			vertex 4.0215754508972 0.98743772506714 0.19799999892712
		endloop
	endfacet
	facet normal -0 0 -1
		outer loop
			vertex 3.9976832866669 0.97549158334732 0.19799999892712
			vertex 3.9931037425995 0.97320193052292 0.19799999892712
			vertex 4.0261282920837 1.0310336351395 0.19799999892712
		endloop
	endfacet
	facet normal -0 0 -1
		outer loop
			vertex 3.9931037425995 0.97320193052292 0.19799999892712
			vertex 3.9926891326904 0.97299456596375 0.19799999892712
			vertex 4.0261282920837 1.0310336351395 0.19799999892712
		endloop
	endfacet
	facet normal 0 0 -1
		outer loop
			vertex 3.9926891326904 0.97299456596375 0.19799999892712
			vertex 4.0233826637268 1.070592045784 0.19799999892712
			vertex 4.0261282920837 1.0310336351395 0.19799999892712
		endloop
	endfacet
	facet normal 0 0 -1
		outer loop
			vertex 4.0289001464844 1.0816272497177 0.19799999892712
			vertex 3.7227890491486 1.5127946138382 0.19799999892712
			vertex 3.7232038974762 1.5130019187927 0.19799999892712
		endloop
	endfacet
	facet normal 0 0 -1
		outer loop
			vertex 4.0289001464844 1.0816272497177 0.19799999892712
			vertex 3.7232038974762 1.5130019187927 0.19799999892712
			vertex 3.7947962284088 1.548798084259 0.19799999892712
		endloop
	endfacet
	facet normal -0 -0 -1
		outer loop
			vertex 3.959456205368 1.2205150127411 0.19799999892712
			vertex 4.0289001464844 1.0816272497177 0.19799999892712
			vertex 3.7947962284088 1.548798084259 0.19799999892712
		endloop
	endfacet
	facet normal 0 0 -1
		outer loop
			vertex 3.959456205368 1.2205150127411 0.19799999892712
			vertex 3.7947962284088 1.548798084259 0.19799999892712
			vertex 3.9509117603302 1.2376035451889 0.19799999892712
		endloop
	endfacet
	facet normal 0 0 -1
		outer loop
			vertex 3.9509117603302 1.2376035451889 0.19799999892712
			vertex 3.7947962284088 1.548798084259 0.19799999892712
			vertex 3.9189710617065 1.3014849424362 0.19799999892712
		endloop
	endfacet
	facet normal 0 -0 -1
		outer loop
			vertex 3.7952108383179 1.5490053892136 0.19799999892712
			vertex 3.9189710617065 1.3014849424362 0.19799999892712
			vertex 3.7947962284088 1.548798084259 0.19799999892712
		endloop
	endfacet
	facet normal 0.44752229363832 0.89427277533015 -0
		outer loop
			vertex 4.0646963119507 0.97320193052292 0
			vertex 4.0646963119507 0.97320193052292 0.19799999892712
			vertex 4.0651106834412 0.97299456596375 0
		endloop
	endfacet
	facet normal 0.89442765161922 -0.44721267426016 0
		outer loop
			vertex 4.0289001464844 1.0816272497177 0
			vertex 4.0983438491821 1.2205150127411 0
			vertex 4.0983438491821 1.2205150127411 0.19799999892712
		endloop
	endfacet
	facet normal -0.89442699347482 0.44721399054992 0
		outer loop
			vertex 4.0651106834412 0.97299456596375 0
			vertex 4.3350110054016 1.5127946138382 0.19799999892712
			vertex 4.3350110054016 1.5127946138382 0
		endloop
	endfacet
	facet normal 0.89442719099992 -0.44721359549996 0
		outer loop
			vertex 4.138828754425 1.3014849424362 0
			vertex 4.2625889778137 1.5490053892136 0
			vertex 4.2625889778137 1.5490053892136 0.19799999892712
		endloop
	endfacet
	facet normal -0.44700794460281 -0.89452998689925 0
		outer loop
			vertex 4.2630038261414 1.548798084259 0
			vertex 4.2630038261414 1.548798084259 0.19799999892712
			vertex 4.2625889778137 1.5490053892136 0
		endloop
	endfacet
	facet normal -0.44700794460281 -0.89452998689925 0
		outer loop
			vertex 4.3350110054016 1.5127946138382 0
			vertex 4.3350110054016 1.5127946138382 0.19799999892712
			vertex 4.334596157074 1.5130019187927 0
		endloop
	endfacet
	facet normal 0.44752229363832 0.89427277533015 -0
		outer loop
			vertex 4.0651106834412 0.97299456596375 0
			vertex 4.0646963119507 0.97320193052292 0.19799999892712
			vertex 4.0651106834412 0.97299456596375 0.19799999892712
		endloop
	endfacet
	facet normal 0.89442765161922 -0.44721267426016 0
		outer loop
			vertex 4.0289001464844 1.0816272497177 0
			vertex 4.0983438491821 1.2205150127411 0.19799999892712
			vertex 4.0289001464844 1.0816272497177 0.19799999892712
		endloop
	endfacet
	facet normal -0.89442699347482 0.44721399054992 0
		outer loop
			vertex 4.0651106834412 0.97299456596375 0
			vertex 4.0651106834412 0.97299456596375 0.19799999892712
			vertex 4.3350110054016 1.5127946138382 0.19799999892712
		endloop
	endfacet
	facet normal 0.89442719099992 -0.44721359549996 0
		outer loop
			vertex 4.138828754425 1.3014849424362 0
			vertex 4.2625889778137 1.5490053892136 0.19799999892712
			vertex 4.138828754425 1.3014849424362 0.19799999892712
		endloop
	endfacet
	facet normal -0.44700794460281 -0.89452998689925 0
		outer loop
			vertex 4.2625889778137 1.5490053892136 0
			vertex 4.2630038261414 1.548798084259 0.19799999892712
			vertex 4.2625889778137 1.5490053892136 0.19799999892712
		endloop
	endfacet
	facet normal -0.44700794460281 -0.89452998689925 0
		outer loop
			vertex 4.334596157074 1.5130019187927 0
			vertex 4.3350110054016 1.5127946138382 0.19799999892712
			vertex 4.334596157074 1.5130019187927 0.19799999892712
		endloop
	endfacet
	facet normal 0 0 -1
		outer loop
			vertex 4.0289001464844 1.0315849781036 0.19799999892712
			vertex 4.0233826637268 1.070592045784 0.19799999892712
			vertex 4.0289001464844 1.0816272497177 0.19799999892712
		endloop
	endfacet
	facet normal -0 0 -1
		outer loop
			vertex 4.0289001464844 1.0315849781036 0.19799999892712
			vertex 4.0261282920837 1.0310336351395 0.19799999892712
			vertex 4.0233826637268 1.070592045784 0.19799999892712
		endloop
	endfacet
	facet normal 0 0 -1
		outer loop
			vertex 4.0289001464844 1.0315849781036 0.19799999892712
			vertex 4.0289001464844 1.0816272497177 0.19799999892712
			vertex 4.0983438491821 1.2205150127411 0.19799999892712
		endloop
	endfacet
	facet normal 0 0 -1
		outer loop
			vertex 4.0289001464844 0.99110001325607 0.19799999892712
			vertex 4.0289001464844 1.0315849781036 0.19799999892712
			vertex 4.1344132423401 1.2926540374756 0.19799999892712
		endloop
	endfacet
	facet normal 0 0 -1
		outer loop
			vertex 4.0289001464844 0.99110001325607 0.19799999892712
			vertex 4.138828754425 1.3014849424362 0.19799999892712
			vertex 4.0444488525391 1.0282213687897 0.19799999892712
		endloop
	endfacet
	facet normal 0 0 -1
		outer loop
			vertex 4.0289001464844 1.0315849781036 0.19799999892712
			vertex 4.0983438491821 1.2205150127411 0.19799999892712
			vertex 4.1344132423401 1.2926540374756 0.19799999892712
		endloop
	endfacet
	facet normal 0 0 -1
		outer loop
			vertex 4.0575270652771 0.97678637504578 0.19799999892712
			vertex 4.2625889778137 1.5490053892136 0.19799999892712
			vertex 4.0646963119507 0.97320193052292 0.19799999892712
		endloop
	endfacet
	facet normal 0 0 -1
		outer loop
			vertex 4.0646963119507 0.97320193052292 0.19799999892712
			vertex 4.2625889778137 1.5490053892136 0.19799999892712
			vertex 4.0651106834412 0.97299456596375 0.19799999892712
		endloop
	endfacet
	facet normal 0 0 -1
		outer loop
			vertex 4.0289001464844 0.99110001325607 0.19799999892712
			vertex 4.1344132423401 1.2926540374756 0.19799999892712
			vertex 4.138828754425 1.3014849424362 0.19799999892712
		endloop
	endfacet
	facet normal 0 0 -1
		outer loop
			vertex 4.0575270652771 0.97678637504578 0.19799999892712
			vertex 4.0444488525391 1.0282213687897 0.19799999892712
			vertex 4.2625889778137 1.5490053892136 0.19799999892712
		endloop
	endfacet
	facet normal 0 0 -1
		outer loop
			vertex 4.0444488525391 1.0282213687897 0.19799999892712
			vertex 4.138828754425 1.3014849424362 0.19799999892712
			vertex 4.2625889778137 1.5490053892136 0.19799999892712
		endloop
	endfacet
	facet normal 0 0 -1
		outer loop
			vertex 4.0651106834412 0.97299456596375 0.19799999892712
			vertex 4.2625889778137 1.5490053892136 0.19799999892712
			vertex 4.2630038261414 1.548798084259 0.19799999892712
		endloop
	endfacet
	facet normal 0 0 -1
		outer loop
			vertex 4.0651106834412 0.97299456596375 0.19799999892712
			vertex 4.2630038261414 1.548798084259 0.19799999892712
			vertex 4.2701725959778 1.5452135801315 0.19799999892712
		endloop
	endfacet
	facet normal 0 0 -1
		outer loop
			vertex 4.0651106834412 0.97299456596375 0.19799999892712
			vertex 4.2701725959778 1.5452135801315 0.19799999892712
			vertex 4.3274273872375 1.5165864229202 0.19799999892712
		endloop
	endfacet
	facet normal 0 0 -1
		outer loop
			vertex 4.0651106834412 0.97299456596375 0.19799999892712
			vertex 4.3274273872375 1.5165864229202 0.19799999892712
			vertex 4.334596157074 1.5130019187927 0.19799999892712
		endloop
	endfacet
	facet normal 0 0 -1
		outer loop
			vertex 4.0651106834412 0.97299456596375 0.19799999892712
			vertex 4.334596157074 1.5130019187927 0.19799999892712
			vertex 4.3350110054016 1.5127946138382 0.19799999892712
		endloop
	endfacet
	facet normal 0.83145385347966 0.55559381704068 -0
		outer loop
			vertex 3.7215967178345 1.5154070854187 0
			vertex 3.7215967178345 1.5154070854187 0.19799999892712
			vertex 3.7232038974762 1.5130019187927 0
		endloop
	endfacet
	facet normal 0.98078448175191 0.1950943370645 0
		outer loop
			vertex 3.7215967178345 1.5154070854187 0
			vertex 3.718514919281 1.5309000015259 0
			vertex 3.718514919281 1.5309000015259 0.19799999892712
		endloop
	endfacet
	facet normal 0.83147165503325 -0.55556717584489 0
		outer loop
			vertex 3.7215967178345 1.5463929176331 0
			vertex 3.7303726673126 1.5595271587372 0
			vertex 3.7303726673126 1.5595271587372 0.19799999892712
		endloop
	endfacet
	facet normal 0.98078448175191 -0.1950943370645 0
		outer loop
			vertex 3.718514919281 1.5309000015259 0
			vertex 3.7215967178345 1.5463929176331 0
			vertex 3.7215967178345 1.5463929176331 0.19799999892712
		endloop
	endfacet
	facet normal 0.55556542104504 -0.83147282754102 0
		outer loop
			vertex 3.7303726673126 1.5595271587372 0
			vertex 3.7435071468353 1.5683032274246 0
			vertex 3.7435071468353 1.5683032274246 0.19799999892712
		endloop
	endfacet
	facet normal 0.1950943370645 -0.98078448175191 0
		outer loop
			vertex 3.7435071468353 1.5683032274246 0
			vertex 3.7590000629425 1.5713850259781 0
			vertex 3.7590000629425 1.5713850259781 0.19799999892712
		endloop
	endfacet
	facet normal -0.1950943370645 -0.98078448175191 0
		outer loop
			vertex 3.7590000629425 1.5713850259781 0
			vertex 3.7744929790497 1.5683032274246 0
			vertex 3.7744929790497 1.5683032274246 0.19799999892712
		endloop
	endfacet
	facet normal -0.83146711053037 -0.55557397716801 0
		outer loop
			vertex 3.7947962284088 1.548798084259 0
			vertex 3.7947962284088 1.548798084259 0.19799999892712
			vertex 3.7876272201538 1.5595271587372 0
		endloop
	endfacet
	facet normal -0.55557239313192 -0.83146816895758 0
		outer loop
			vertex 3.7744929790497 1.5683032274246 0
			vertex 3.7876272201538 1.5595271587372 0
			vertex 3.7876272201538 1.5595271587372 0.19799999892712
		endloop
	endfacet
	facet normal 0.83145385347966 0.55559381704068 -0
		outer loop
			vertex 3.7232038974762 1.5130019187927 0
			vertex 3.7215967178345 1.5154070854187 0.19799999892712
			vertex 3.7232038974762 1.5130019187927 0.19799999892712
		endloop
	endfacet
	facet normal 0.98078448175191 -0.1950943370645 0
		outer loop
			vertex 3.718514919281 1.5309000015259 0
			vertex 3.7215967178345 1.5463929176331 0.19799999892712
			vertex 3.718514919281 1.5309000015259 0.19799999892712
		endloop
	endfacet
	facet normal 0.98078448175191 0.1950943370645 -0
		outer loop
			vertex 3.7215967178345 1.5154070854187 0
			vertex 3.718514919281 1.5309000015259 0.19799999892712
			vertex 3.7215967178345 1.5154070854187 0.19799999892712
		endloop
	endfacet
	facet normal 0.83147165503325 -0.55556717584489 0
		outer loop
			vertex 3.7215967178345 1.5463929176331 0
			vertex 3.7303726673126 1.5595271587372 0.19799999892712
			vertex 3.7215967178345 1.5463929176331 0.19799999892712
		endloop
	endfacet
	facet normal 0.55556542104504 -0.83147282754102 0
		outer loop
			vertex 3.7303726673126 1.5595271587372 0
			vertex 3.7435071468353 1.5683032274246 0.19799999892712
			vertex 3.7303726673126 1.5595271587372 0.19799999892712
		endloop
	endfacet
	facet normal 0.1950943370645 -0.98078448175191 0
		outer loop
			vertex 3.7435071468353 1.5683032274246 0
			vertex 3.7590000629425 1.5713850259781 0.19799999892712
			vertex 3.7435071468353 1.5683032274246 0.19799999892712
		endloop
	endfacet
	facet normal -0.1950943370645 -0.98078448175191 0
		outer loop
			vertex 3.7590000629425 1.5713850259781 0
			vertex 3.7744929790497 1.5683032274246 0.19799999892712
			vertex 3.7590000629425 1.5713850259781 0.19799999892712
		endloop
	endfacet
	facet normal -0.55557239313192 -0.83146816895758 0
		outer loop
			vertex 3.7744929790497 1.5683032274246 0
			vertex 3.7876272201538 1.5595271587372 0.19799999892712
			vertex 3.7744929790497 1.5683032274246 0.19799999892712
		endloop
	endfacet
	facet normal -0.83146711053037 -0.55557397716801 0
		outer loop
			vertex 3.7876272201538 1.5595271587372 0
			vertex 3.7947962284088 1.548798084259 0.19799999892712
			vertex 3.7876272201538 1.5595271587372 0.19799999892712
		endloop
	endfacet
	facet normal 0 0 -1
		outer loop
			vertex 3.7215967178345 1.5154070854187 0.19799999892712
			vertex 3.718514919281 1.5309000015259 0.19799999892712
			vertex 3.7215967178345 1.5463929176331 0.19799999892712
		endloop
	endfacet
	facet normal 0 0 -1
		outer loop
			vertex 3.7215967178345 1.5154070854187 0.19799999892712
			vertex 3.7215967178345 1.5463929176331 0.19799999892712
			vertex 3.7232038974762 1.5130019187927 0.19799999892712
		endloop
	endfacet
	facet normal 0 0 -1
		outer loop
			vertex 3.7232038974762 1.5130019187927 0.19799999892712
			vertex 3.7215967178345 1.5463929176331 0.19799999892712
			vertex 3.7303726673126 1.5595271587372 0.19799999892712
		endloop
	endfacet
	facet normal 0 0 -1
		outer loop
			vertex 3.7232038974762 1.5130019187927 0.19799999892712
			vertex 3.7303726673126 1.5595271587372 0.19799999892712
			vertex 3.7435071468353 1.5683032274246 0.19799999892712
		endloop
	endfacet
	facet normal 0 0 -1
		outer loop
			vertex 3.7232038974762 1.5130019187927 0.19799999892712
			vertex 3.7435071468353 1.5683032274246 0.19799999892712
			vertex 3.7590000629425 1.5713850259781 0.19799999892712
		endloop
	endfacet
	facet normal 0 0 -1
		outer loop
			vertex 3.7232038974762 1.5130019187927 0.19799999892712
			vertex 3.7590000629425 1.5713850259781 0.19799999892712
			vertex 3.7744929790497 1.5683032274246 0.19799999892712
		endloop
	endfacet
	facet normal 0 0 -1
		outer loop
			vertex 3.7232038974762 1.5130019187927 0.19799999892712
			vertex 3.7744929790497 1.5683032274246 0.19799999892712
			vertex 3.7876272201538 1.5595271587372 0.19799999892712
		endloop
	endfacet
	facet normal 0 0 -1
		outer loop
			vertex 3.7232038974762 1.5130019187927 0.19799999892712
			vertex 3.7876272201538 1.5595271587372 0.19799999892712
			vertex 3.7947962284088 1.548798084259 0.19799999892712
		endloop
	endfacet
	facet normal 0.55556542104504 0.83147282754102 -0
		outer loop
			vertex 4.0002727508545 0.96247279644012 0
			vertex 4.0002727508545 0.96247279644012 0.19799999892712
			vertex 4.0134072303772 0.95369672775269 0
		endloop
	endfacet
	facet normal 0.83146853628308 0.55557184339315 0
		outer loop
			vertex 4.0002727508545 0.96247279644012 0
			vertex 3.9931037425995 0.97320193052292 0
			vertex 3.9931037425995 0.97320193052292 0.19799999892712
		endloop
	endfacet
	facet normal 0.19509070738589 0.98078520374834 -0
		outer loop
			vertex 4.0134072303772 0.95369672775269 0
			vertex 4.0134072303772 0.95369672775269 0.19799999892712
			vertex 4.0289001464844 0.95061498880386 0
		endloop
	endfacet
	facet normal -0.19509070738589 0.98078520374834 0
		outer loop
			vertex 4.0289001464844 0.95061498880386 0
			vertex 4.0289001464844 0.95061498880386 0.19799999892712
			vertex 4.0443930625916 0.95369672775269 0
		endloop
	endfacet
	facet normal -0.55557936535473 0.83146351019876 0
		outer loop
			vertex 4.0443930625916 0.95369672775269 0
			vertex 4.0443930625916 0.95369672775269 0.19799999892712
			vertex 4.0575270652771 0.96247279644012 0
		endloop
	endfacet
	facet normal -0.83146000119861 0.5555846167838 0
		outer loop
			vertex 4.0575270652771 0.96247279644012 0
			vertex 4.0646963119507 0.97320193052292 0.19799999892712
			vertex 4.0646963119507 0.97320193052292 0
		endloop
	endfacet
	facet normal 0.55556542104504 0.83147282754102 -0
		outer loop
			vertex 4.0134072303772 0.95369672775269 0
			vertex 4.0002727508545 0.96247279644012 0.19799999892712
			vertex 4.0134072303772 0.95369672775269 0.19799999892712
		endloop
	endfacet
	facet normal 0.83146853628308 0.55557184339315 -0
		outer loop
			vertex 4.0002727508545 0.96247279644012 0
			vertex 3.9931037425995 0.97320193052292 0.19799999892712
			vertex 4.0002727508545 0.96247279644012 0.19799999892712
		endloop
	endfacet
	facet normal 0.19509070738589 0.98078520374834 -0
		outer loop
			vertex 4.0289001464844 0.95061498880386 0
			vertex 4.0134072303772 0.95369672775269 0.19799999892712
			vertex 4.0289001464844 0.95061498880386 0.19799999892712
		endloop
	endfacet
	facet normal -0.19509070738589 0.98078520374834 0
		outer loop
			vertex 4.0443930625916 0.95369672775269 0
			vertex 4.0289001464844 0.95061498880386 0.19799999892712
			vertex 4.0443930625916 0.95369672775269 0.19799999892712
		endloop
	endfacet
	facet normal -0.55557936535473 0.83146351019876 0
		outer loop
			vertex 4.0575270652771 0.96247279644012 0
			vertex 4.0443930625916 0.95369672775269 0.19799999892712
			vertex 4.0575270652771 0.96247279644012 0.19799999892712
		endloop
	endfacet
	facet normal -0.83146000119861 0.5555846167838 0
		outer loop
			vertex 4.0575270652771 0.96247279644012 0
			vertex 4.0575270652771 0.96247279644012 0.19799999892712
			vertex 4.0646963119507 0.97320193052292 0.19799999892712
		endloop
	endfacet
	facet normal 0 0 -1
		outer loop
			vertex 4.0002727508545 0.96247279644012 0.19799999892712
			vertex 3.9976832866669 0.97549158334732 0.19799999892712
			vertex 4.0134072303772 0.95369672775269 0.19799999892712
		endloop
	endfacet
	facet normal 0 0 -1
		outer loop
			vertex 4.0002727508545 0.96247279644012 0.19799999892712
			vertex 3.9931037425995 0.97320193052292 0.19799999892712
			vertex 3.9976832866669 0.97549158334732 0.19799999892712
		endloop
	endfacet
	facet normal 0 0 -1
		outer loop
			vertex 3.9976832866669 0.97549158334732 0.19799999892712
			vertex 4.0215754508972 0.98743772506714 0.19799999892712
			vertex 4.0134072303772 0.95369672775269 0.19799999892712
		endloop
	endfacet
	facet normal 0 0 -1
		outer loop
			vertex 4.0134072303772 0.95369672775269 0.19799999892712
			vertex 4.0215754508972 0.98743772506714 0.19799999892712
			vertex 4.0289001464844 0.95061498880386 0.19799999892712
		endloop
	endfacet
	facet normal 0 0 -1
		outer loop
			vertex 4.0289001464844 0.95061498880386 0.19799999892712
			vertex 4.0289001464844 0.99110001325607 0.19799999892712
			vertex 4.0443930625916 0.95369672775269 0.19799999892712
		endloop
	endfacet
	facet normal 0 0 -1
		outer loop
			vertex 4.0289001464844 0.95061498880386 0.19799999892712
			vertex 4.0215754508972 0.98743772506714 0.19799999892712
			vertex 4.0289001464844 0.99110001325607 0.19799999892712
		endloop
	endfacet
	facet normal -0 0 -1
		outer loop
			vertex 4.0289001464844 0.99110001325607 0.19799999892712
			vertex 4.0215754508972 0.98743772506714 0.19799999892712
			vertex 4.0261282920837 1.0310336351395 0.19799999892712
		endloop
	endfacet
	facet normal 0 0 -1
		outer loop
			vertex 4.0289001464844 0.99110001325607 0.19799999892712
			vertex 4.0261282920837 1.0310336351395 0.19799999892712
			vertex 4.0289001464844 1.0315849781036 0.19799999892712
		endloop
	endfacet
	facet normal 0 0 -1
		outer loop
			vertex 4.0289001464844 0.99110001325607 0.19799999892712
			vertex 4.0575270652771 0.96247279644012 0.19799999892712
			vertex 4.0443930625916 0.95369672775269 0.19799999892712
		endloop
	endfacet
	facet normal 0 0 -1
		outer loop
			vertex 4.0575270652771 0.96247279644012 0.19799999892712
			vertex 4.0575270652771 0.97678637504578 0.19799999892712
			vertex 4.0646963119507 0.97320193052292 0.19799999892712
		endloop
	endfacet
	facet normal 0 0 -1
		outer loop
			vertex 4.0289001464844 0.99110001325607 0.19799999892712
			vertex 4.0444488525391 1.0282213687897 0.19799999892712
			vertex 4.0575270652771 0.96247279644012 0.19799999892712
		endloop
	endfacet
	facet normal 0 0 -1
		outer loop
			vertex 4.0575270652771 0.96247279644012 0.19799999892712
			vertex 4.0444488525391 1.0282213687897 0.19799999892712
			vertex 4.0575270652771 0.97678637504578 0.19799999892712
		endloop
	endfacet
	facet normal 0.83147564564476 -0.55556120337874 0
		outer loop
			vertex 4.2630038261414 1.548798084259 0
			vertex 4.2701725959778 1.5595271587372 0
			vertex 4.2630038261414 1.548798084259 0.19799999892712
		endloop
	endfacet
	facet normal 0.55556542104504 -0.83147282754102 0
		outer loop
			vertex 4.2701725959778 1.5595271587372 0
			vertex 4.2833070755005 1.5683032274246 0
			vertex 4.2833070755005 1.5683032274246 0.19799999892712
		endloop
	endfacet
	facet normal 0.1950943370645 -0.98078448175191 0
		outer loop
			vertex 4.2833070755005 1.5683032274246 0
			vertex 4.2987999916077 1.5713850259781 0
			vertex 4.2987999916077 1.5713850259781 0.19799999892712
		endloop
	endfacet
	facet normal -0.1950943370645 -0.98078448175191 0
		outer loop
			vertex 4.2987999916077 1.5713850259781 0
			vertex 4.3142929077148 1.5683032274246 0
			vertex 4.3142929077148 1.5683032274246 0.19799999892712
		endloop
	endfacet
	facet normal -0.55556542104504 -0.83147282754102 0
		outer loop
			vertex 4.3142929077148 1.5683032274246 0
			vertex 4.3274273872375 1.5595271587372 0
			vertex 4.3274273872375 1.5595271587372 0.19799999892712
		endloop
	endfacet
	facet normal -0.83149192728166 0.55553683484124 0
		outer loop
			vertex 4.3362030982971 1.5154070854187 0
			vertex 4.334596157074 1.5130019187927 0
			vertex 4.334596157074 1.5130019187927 0.19799999892712
		endloop
	endfacet
	facet normal -0.98078448175191 -0.1950943370645 0
		outer loop
			vertex 4.3392848968506 1.5309000015259 0
			vertex 4.3392848968506 1.5309000015259 0.19799999892712
			vertex 4.3362030982971 1.5463929176331 0
		endloop
	endfacet
	facet normal -0.98078448175191 0.1950943370645 0
		outer loop
			vertex 4.3362030982971 1.5154070854187 0
			vertex 4.3362030982971 1.5154070854187 0.19799999892712
			vertex 4.3392848968506 1.5309000015259 0
		endloop
	endfacet
	facet normal -0.83147862717407 -0.55555674107396 0
		outer loop
			vertex 4.3362030982971 1.5463929176331 0
			vertex 4.3362030982971 1.5463929176331 0.19799999892712
			vertex 4.3274273872375 1.5595271587372 0
		endloop
	endfacet
	facet normal 0.83147564564476 -0.55556120337874 0
		outer loop
			vertex 4.2701725959778 1.5595271587372 0
			vertex 4.2701725959778 1.5595271587372 0.19799999892712
			vertex 4.2630038261414 1.548798084259 0.19799999892712
		endloop
	endfacet
	facet normal 0.55556542104504 -0.83147282754102 0
		outer loop
			vertex 4.2701725959778 1.5595271587372 0
			vertex 4.2833070755005 1.5683032274246 0.19799999892712
			vertex 4.2701725959778 1.5595271587372 0.19799999892712
		endloop
	endfacet
	facet normal 0.1950943370645 -0.98078448175191 0
		outer loop
			vertex 4.2833070755005 1.5683032274246 0
			vertex 4.2987999916077 1.5713850259781 0.19799999892712
			vertex 4.2833070755005 1.5683032274246 0.19799999892712
		endloop
	endfacet
	facet normal -0.1950943370645 -0.98078448175191 0
		outer loop
			vertex 4.2987999916077 1.5713850259781 0
			vertex 4.3142929077148 1.5683032274246 0.19799999892712
			vertex 4.2987999916077 1.5713850259781 0.19799999892712
		endloop
	endfacet
	facet normal -0.55556542104504 -0.83147282754102 0
		outer loop
			vertex 4.3142929077148 1.5683032274246 0
			vertex 4.3274273872375 1.5595271587372 0.19799999892712
			vertex 4.3142929077148 1.5683032274246 0.19799999892712
		endloop
	endfacet
	facet normal -0.83149192728166 0.55553683484124 0
		outer loop
			vertex 4.3362030982971 1.5154070854187 0
			vertex 4.334596157074 1.5130019187927 0.19799999892712
			vertex 4.3362030982971 1.5154070854187 0.19799999892712
		endloop
	endfacet
	facet normal -0.98078448175191 0.1950943370645 0
		outer loop
			vertex 4.3392848968506 1.5309000015259 0
			vertex 4.3362030982971 1.5154070854187 0.19799999892712
			vertex 4.3392848968506 1.5309000015259 0.19799999892712
		endloop
	endfacet
	facet normal -0.83147862717407 -0.55555674107396 0
		outer loop
			vertex 4.3274273872375 1.5595271587372 0
			vertex 4.3362030982971 1.5463929176331 0.19799999892712
			vertex 4.3274273872375 1.5595271587372 0.19799999892712
		endloop
	endfacet
	facet normal -0.98078448175191 -0.1950943370645 0
		outer loop
			vertex 4.3362030982971 1.5463929176331 0
			vertex 4.3392848968506 1.5309000015259 0.19799999892712
			vertex 4.3362030982971 1.5463929176331 0.19799999892712
		endloop
	endfacet
	facet normal 0 0 -1
		outer loop
			vertex 4.2630038261414 1.548798084259 0.19799999892712
			vertex 4.2701725959778 1.5595271587372 0.19799999892712
			vertex 4.2701725959778 1.5452135801315 0.19799999892712
		endloop
	endfacet
	facet normal 0 0 -1
		outer loop
			vertex 4.2701725959778 1.5452135801315 0.19799999892712
			vertex 4.2701725959778 1.5595271587372 0.19799999892712
			vertex 4.3274273872375 1.5165864229202 0.19799999892712
		endloop
	endfacet
	facet normal 0 0 -1
		outer loop
			vertex 4.2701725959778 1.5595271587372 0.19799999892712
			vertex 4.2833070755005 1.5683032274246 0.19799999892712
			vertex 4.3274273872375 1.5165864229202 0.19799999892712
		endloop
	endfacet
	facet normal 0 0 -1
		outer loop
			vertex 4.2833070755005 1.5683032274246 0.19799999892712
			vertex 4.2987999916077 1.5713850259781 0.19799999892712
			vertex 4.3274273872375 1.5165864229202 0.19799999892712
		endloop
	endfacet
	facet normal 0 0 -1
		outer loop
			vertex 4.2987999916077 1.5713850259781 0.19799999892712
			vertex 4.3142929077148 1.5683032274246 0.19799999892712
			vertex 4.3274273872375 1.5165864229202 0.19799999892712
		endloop
	endfacet
	facet normal 0 0 -1
		outer loop
			vertex 4.3142929077148 1.5683032274246 0.19799999892712
			vertex 4.3274273872375 1.5595271587372 0.19799999892712
			vertex 4.3274273872375 1.5165864229202 0.19799999892712
		endloop
	endfacet
	facet normal 0 0 -1
		outer loop
			vertex 4.3274273872375 1.5165864229202 0.19799999892712
			vertex 4.3362030982971 1.5154070854187 0.19799999892712
			vertex 4.334596157074 1.5130019187927 0.19799999892712
		endloop
	endfacet
	facet normal 0 0 -1
		outer loop
			vertex 4.3274273872375 1.5165864229202 0.19799999892712
			vertex 4.3274273872375 1.5595271587372 0.19799999892712
			vertex 4.3362030982971 1.5154070854187 0.19799999892712
		endloop
	endfacet
	facet normal 0 0 -1
		outer loop
			vertex 4.3362030982971 1.5154070854187 0.19799999892712
			vertex 4.3362030982971 1.5463929176331 0.19799999892712
			vertex 4.3392848968506 1.5309000015259 0.19799999892712
		endloop
	endfacet
	facet normal 0 0 -1
		outer loop
			vertex 4.3362030982971 1.5154070854187 0.19799999892712
			vertex 4.3274273872375 1.5595271587372 0.19799999892712
			vertex 4.3362030982971 1.5463929176331 0.19799999892712
		endloop
	endfacet
	facet normal 0 1 0
		outer loop
			vertex 3.959456205368 1.2205150127411 0
			vertex 3.959456205368 1.2205150127411 0.19799999892712
			vertex 4.0983438491821 1.2205150127411 0
		endloop
	endfacet
	facet normal 0 -1 0
		outer loop
			vertex 3.9189710617065 1.3014849424362 0
			vertex 4.138828754425 1.3014849424362 0
			vertex 4.138828754425 1.3014849424362 0.19799999892712
		endloop
	endfacet
	facet normal 0 1 -0
		outer loop
			vertex 4.0983438491821 1.2205150127411 0
			vertex 3.959456205368 1.2205150127411 0.19799999892712
			vertex 4.0983438491821 1.2205150127411 0.19799999892712
		endloop
	endfacet
	facet normal 0 -1 0
		outer loop
			vertex 3.9189710617065 1.3014849424362 0
			vertex 4.138828754425 1.3014849424362 0.19799999892712
			vertex 3.9189710617065 1.3014849424362 0.19799999892712
		endloop
	endfacet
	facet normal 0 0 -1
		outer loop
			vertex 3.959456205368 1.2205150127411 0.19799999892712
			vertex 3.9509117603302 1.2376035451889 0.19799999892712
			vertex 4.0983438491821 1.2205150127411 0.19799999892712
		endloop
	endfacet
	facet normal 0 0 -1
		outer loop
			vertex 3.9509117603302 1.2376035451889 0.19799999892712
			vertex 4.1344132423401 1.2926540374756 0.19799999892712
			vertex 4.0983438491821 1.2205150127411 0.19799999892712
		endloop
	endfacet
	facet normal 0 0 -1
		outer loop
			vertex 3.9509117603302 1.2376035451889 0.19799999892712
			vertex 3.9189710617065 1.3014849424362 0.19799999892712
			vertex 4.138828754425 1.3014849424362 0.19799999892712
		endloop
	endfacet
	facet normal 0 0 -1
		outer loop
			vertex 3.9509117603302 1.2376035451889 0.19799999892712
			vertex 4.138828754425 1.3014849424362 0.19799999892712
			vertex 4.1344132423401 1.2926540374756 0.19799999892712
		endloop
	endfacet
	facet normal 0.70710756197346 -0.70710600039878 0
		outer loop
			vertex 4.3781328201294 1.4515671730042 0
			vertex 4.4860925674438 1.5595271587372 0
			vertex 4.3781328201294 1.4515671730042 0.19799999892712
		endloop
	endfacet
	facet normal -0.70710728147948 0.70710628089326 0
		outer loop
			vertex 4.4472451210022 1.4061706066132 0
			vertex 4.4472451210022 1.4061706066132 0.19799999892712
			vertex 4.5314893722534 1.4904149770737 0
		endloop
	endfacet
	facet normal -0.70710728147948 0.70710628089326 0
		outer loop
			vertex 4.5314893722534 1.4904149770737 0
			vertex 4.4472451210022 1.4061706066132 0.19799999892712
			vertex 4.5314893722534 1.4904149770737 0.19799999892712
		endloop
	endfacet
	facet normal 0.70710756197346 -0.70710600039878 0
		outer loop
			vertex 4.4860925674438 1.5595271587372 0
			vertex 4.4860925674438 1.5595271587372 0.19799999892712
			vertex 4.3781328201294 1.4515671730042 0.19799999892712
		endloop
	endfacet
	facet normal 0 0 -1
		outer loop
			vertex 4.4388031959534 1.397728562355 0.19799999892712
			vertex 4.4441733360291 1.4229400157928 0.19799999892712
			vertex 4.4472451210022 1.4061706066132 0.19799999892712
		endloop
	endfacet
	facet normal 0 0 -1
		outer loop
			vertex 4.3781328201294 1.4515671730042 0.19799999892712
			vertex 4.4441733360291 1.4229400157928 0.19799999892712
			vertex 4.4047131538391 1.424987077713 0.19799999892712
		endloop
	endfacet
	facet normal 0 0 -1
		outer loop
			vertex 4.3781328201294 1.4515671730042 0.19799999892712
			vertex 4.5147199630737 1.5309000015259 0.19799999892712
			vertex 4.4441733360291 1.4229400157928 0.19799999892712
		endloop
	endfacet
	facet normal 0 0 -1
		outer loop
			vertex 4.4472451210022 1.4061706066132 0.19799999892712
			vertex 4.4441733360291 1.4229400157928 0.19799999892712
			vertex 4.5314893722534 1.4904149770737 0.19799999892712
		endloop
	endfacet
	facet normal 0 0 -1
		outer loop
			vertex 4.4441733360291 1.4229400157928 0.19799999892712
			vertex 4.5147199630737 1.5309000015259 0.19799999892712
			vertex 4.5314893722534 1.4904149770737 0.19799999892712
		endloop
	endfacet
	facet normal 0 0 -1
		outer loop
			vertex 4.3781328201294 1.4515671730042 0.19799999892712
			vertex 4.4992270469666 1.5463929176331 0.19799999892712
			vertex 4.5046672821045 1.5409525632858 0.19799999892712
		endloop
	endfacet
	facet normal 0 0 -1
		outer loop
			vertex 4.3781328201294 1.4515671730042 0.19799999892712
			vertex 4.4860925674438 1.5595271587372 0.19799999892712
			vertex 4.4992270469666 1.5463929176331 0.19799999892712
		endloop
	endfacet
	facet normal 0 0 -1
		outer loop
			vertex 4.3781328201294 1.4515671730042 0.19799999892712
			vertex 4.5046672821045 1.5409525632858 0.19799999892712
			vertex 4.5147199630737 1.5309000015259 0.19799999892712
		endloop
	endfacet
	facet normal 0 0 -1
		outer loop
			vertex 4.5314893722534 1.4904149770737 0.19799999892712
			vertex 4.5147199630737 1.5309000015259 0.19799999892712
			vertex 4.537079334259 1.49600481987 0.19799999892712
		endloop
	endfacet
	facet normal 1 0 0
		outer loop
			vertex 4.3662748336792 1.3149800300598 0
			vertex 4.3662748336792 1.4229400157928 0
			vertex 4.3662748336792 1.4229400157928 0.19799999892712
		endloop
	endfacet
	facet normal -1 0 0
		outer loop
			vertex 4.4472451210022 1.3317494392395 0
			vertex 4.4472451210022 1.3317494392395 0.19799999892712
			vertex 4.4472451210022 1.4061706066132 0
		endloop
	endfacet
	facet normal 1 0 0
		outer loop
			vertex 4.3662748336792 1.3149800300598 0
			vertex 4.3662748336792 1.4229400157928 0.19799999892712
			vertex 4.3662748336792 1.3149800300598 0.19799999892712
		endloop
	endfacet
	facet normal -1 0 0
		outer loop
			vertex 4.4472451210022 1.4061706066132 0
			vertex 4.4472451210022 1.3317494392395 0.19799999892712
			vertex 4.4472451210022 1.4061706066132 0.19799999892712
		endloop
	endfacet
	facet normal 0 0 -1
		outer loop
			vertex 4.4067602157593 1.3149800300598 0.19799999892712
			vertex 4.4222531318665 1.3483027219772 0.19799999892712
			vertex 4.4171276092529 1.3253477811813 0.19799999892712
		endloop
	endfacet
	facet normal 0 0 -1
		outer loop
			vertex 4.3662748336792 1.3149800300598 0.19799999892712
			vertex 4.3912672996521 1.3896172046661 0.19799999892712
			vertex 4.4067602157593 1.3149800300598 0.19799999892712
		endloop
	endfacet
	facet normal 0 0 -1
		outer loop
			vertex 4.3662748336792 1.3149800300598 0.19799999892712
			vertex 4.3662748336792 1.4229400157928 0.19799999892712
			vertex 4.3912672996521 1.3896172046661 0.19799999892712
		endloop
	endfacet
	facet normal 0 0 -1
		outer loop
			vertex 4.4067602157593 1.3149800300598 0.19799999892712
			vertex 4.3912672996521 1.3896172046661 0.19799999892712
			vertex 4.4222531318665 1.3483027219772 0.19799999892712
		endloop
	endfacet
	facet normal 0 0 -1
		outer loop
			vertex 4.3912672996521 1.3896172046661 0.19799999892712
			vertex 4.3987069129944 1.4229400157928 0.19799999892712
			vertex 4.4222531318665 1.3483027219772 0.19799999892712
		endloop
	endfacet
	facet normal 0 0 -1
		outer loop
			vertex 4.4298944473267 1.3381142616272 0.19799999892712
			vertex 4.4472451210022 1.3317494392395 0.19799999892712
			vertex 4.4472451210022 1.3274912834167 0.19799999892712
		endloop
	endfacet
	facet normal 0 0 -1
		outer loop
			vertex 4.4298944473267 1.3381142616272 0.19799999892712
			vertex 4.4222531318665 1.3483027219772 0.19799999892712
			vertex 4.4388031959534 1.397728562355 0.19799999892712
		endloop
	endfacet
	facet normal 0 0 -1
		outer loop
			vertex 4.4298944473267 1.3381142616272 0.19799999892712
			vertex 4.4472451210022 1.4061706066132 0.19799999892712
			vertex 4.4472451210022 1.3317494392395 0.19799999892712
		endloop
	endfacet
	facet normal 0 0 -1
		outer loop
			vertex 4.4222531318665 1.3483027219772 0.19799999892712
			vertex 4.3987069129944 1.4229400157928 0.19799999892712
			vertex 4.4388031959534 1.397728562355 0.19799999892712
		endloop
	endfacet
	facet normal 0 0 -1
		outer loop
			vertex 4.4298944473267 1.3381142616272 0.19799999892712
			vertex 4.4388031959534 1.397728562355 0.19799999892712
			vertex 4.4472451210022 1.4061706066132 0.19799999892712
		endloop
	endfacet
	facet normal 0 0 -1
		outer loop
			vertex 4.4388031959534 1.397728562355 0.19799999892712
			vertex 4.3987069129944 1.4229400157928 0.19799999892712
			vertex 4.4441733360291 1.4229400157928 0.19799999892712
		endloop
	endfacet
	facet normal 0.70710624991977 0.70710731245292 0
		outer loop
			vertex 4.4574656486511 1.2070200443268 0
			vertex 4.3781328201294 1.2863527536392 0
			vertex 4.3781328201294 1.2863527536392 0.19799999892712
		endloop
	endfacet
	facet normal -0.70710678118655 -0.70710678118655 0
		outer loop
			vertex 4.5256547927856 1.2533397674561 0
			vertex 4.5256547927856 1.2533397674561 0.19799999892712
			vertex 4.4472451210022 1.3317494392395 0
		endloop
	endfacet
	facet normal 0.70710624991977 0.70710731245292 -0
		outer loop
			vertex 4.4574656486511 1.2070200443268 0
			vertex 4.3781328201294 1.2863527536392 0.19799999892712
			vertex 4.4574656486511 1.2070200443268 0.19799999892712
		endloop
	endfacet
	facet normal -0.70710678118655 -0.70710678118655 0
		outer loop
			vertex 4.4472451210022 1.3317494392395 0
			vertex 4.5256547927856 1.2533397674561 0.19799999892712
			vertex 4.4472451210022 1.3317494392395 0.19799999892712
		endloop
	endfacet
	facet normal 0 0 -1
		outer loop
			vertex 4.4574656486511 1.2070200443268 0.19799999892712
			vertex 4.3781328201294 1.2863527536392 0.19799999892712
			vertex 4.4874725341797 1.2287101745605 0.19799999892712
		endloop
	endfacet
	facet normal 0 0 -1
		outer loop
			vertex 4.4874725341797 1.2287101745605 0.19799999892712
			vertex 4.3781328201294 1.2863527536392 0.19799999892712
			vertex 4.5065016746521 1.2469553947449 0.19799999892712
		endloop
	endfacet
	facet normal 0 0 -1
		outer loop
			vertex 4.4574656486511 1.2070200443268 0.19799999892712
			vertex 4.4874725341797 1.2287101745605 0.19799999892712
			vertex 4.4906697273254 1.2126383781433 0.19799999892712
		endloop
	endfacet
	facet normal 0 0 -1
		outer loop
			vertex 4.4574656486511 1.2070200443268 0.19799999892712
			vertex 4.4906697273254 1.2126383781433 0.19799999892712
			vertex 4.4726476669312 1.191838145256 0.19799999892712
		endloop
	endfacet
	facet normal 0 0 -1
		outer loop
			vertex 4.5147199630737 1.2070200443268 0.19799999892712
			vertex 4.4992270469666 1.222512960434 0.19799999892712
			vertex 4.4992270469666 1.2225171327591 0.19799999892712
		endloop
	endfacet
	facet normal 0 0 -1
		outer loop
			vertex 4.4874725341797 1.2287101745605 0.19799999892712
			vertex 4.5065016746521 1.2469553947449 0.19799999892712
			vertex 4.4992270469666 1.2225171327591 0.19799999892712
		endloop
	endfacet
	facet normal 0 0 -1
		outer loop
			vertex 4.5147199630737 1.2070200443268 0.19799999892712
			vertex 4.4992270469666 1.2225171327591 0.19799999892712
			vertex 4.5065016746521 1.2469553947449 0.19799999892712
		endloop
	endfacet
	facet normal 0 0 -1
		outer loop
			vertex 4.5065016746521 1.2469553947449 0.19799999892712
			vertex 4.3781328201294 1.2863527536392 0.19799999892712
			vertex 4.4067602157593 1.3149800300598 0.19799999892712
		endloop
	endfacet
	facet normal 0 0 -1
		outer loop
			vertex 4.5065016746521 1.2469553947449 0.19799999892712
			vertex 4.4067602157593 1.3149800300598 0.19799999892712
			vertex 4.4171276092529 1.3253477811813 0.19799999892712
		endloop
	endfacet
	facet normal 0 0 -1
		outer loop
			vertex 4.5065016746521 1.2469553947449 0.19799999892712
			vertex 4.4171276092529 1.3253477811813 0.19799999892712
			vertex 4.4472451210022 1.3274912834167 0.19799999892712
		endloop
	endfacet
	facet normal 0 0 -1
		outer loop
			vertex 4.4171276092529 1.3253477811813 0.19799999892712
			vertex 4.4298944473267 1.3381142616272 0.19799999892712
			vertex 4.4472451210022 1.3274912834167 0.19799999892712
		endloop
	endfacet
	facet normal 0 0 -1
		outer loop
			vertex 4.5065016746521 1.2469553947449 0.19799999892712
			vertex 4.4472451210022 1.3317494392395 0.19799999892712
			vertex 4.5256547927856 1.2533397674561 0.19799999892712
		endloop
	endfacet
	facet normal 0 0 -1
		outer loop
			vertex 4.5065016746521 1.2469553947449 0.19799999892712
			vertex 4.4472451210022 1.3274912834167 0.19799999892712
			vertex 4.4472451210022 1.3317494392395 0.19799999892712
		endloop
	endfacet
	facet normal 0 1 0
		outer loop
			vertex 4.5314893722534 1.1665350198746 0
			vertex 4.5314893722534 1.1665350198746 0.19799999892712
			vertex 4.8218307495117 1.1665350198746 0
		endloop
	endfacet
	facet normal 0 -1 0
		outer loop
			vertex 4.7641997337341 1.2475049495697 0
			vertex 4.8386001586914 1.2475049495697 0
			vertex 4.8386001586914 1.2475049495697 0.19799999892712
		endloop
	endfacet
	facet normal 0 1 -0
		outer loop
			vertex 4.8218307495117 1.1665350198746 0
			vertex 4.5314893722534 1.1665350198746 0.19799999892712
			vertex 4.8218307495117 1.1665350198746 0.19799999892712
		endloop
	endfacet
	facet normal 0 -1 0
		outer loop
			vertex 4.7641997337341 1.2475049495697 0
			vertex 4.8386001586914 1.2475049495697 0.19799999892712
			vertex 4.7641997337341 1.2475049495697 0.19799999892712
		endloop
	endfacet
	facet normal 0 0 -1
		outer loop
			vertex 4.5365943908691 1.1728811264038 0.19799999892712
			vertex 4.5263981819153 1.1887941360474 0.19799999892712
			vertex 4.5190906524658 1.2255333662033 0.19799999892712
		endloop
	endfacet
	facet normal 0 0 -1
		outer loop
			vertex 4.5190906524658 1.2255333662033 0.19799999892712
			vertex 4.5242490768433 1.247385263443 0.19799999892712
			vertex 4.6905016899109 1.2452971935272 0.19799999892712
		endloop
	endfacet
	facet normal 0 0 -1
		outer loop
			vertex 4.5365891456604 1.1716347932816 0.19799999892712
			vertex 4.5409994125366 1.173104763031 0.19799999892712
			vertex 4.8218307495117 1.1665350198746 0.19799999892712
		endloop
	endfacet
	facet normal 0 0 -1
		outer loop
			vertex 4.5314893722534 1.1665350198746 0.19799999892712
			vertex 4.5365891456604 1.1716347932816 0.19799999892712
			vertex 4.8218307495117 1.1665350198746 0.19799999892712
		endloop
	endfacet
	facet normal 0 0 -1
		outer loop
			vertex 4.5365943908691 1.1728811264038 0.19799999892712
			vertex 4.5190906524658 1.2255333662033 0.19799999892712
			vertex 4.8231072425842 1.2436317205429 0.19799999892712
		endloop
	endfacet
	facet normal 0 0 -1
		outer loop
			vertex 4.5365943908691 1.1728811264038 0.19799999892712
			vertex 4.8231072425842 1.2436317205429 0.19799999892712
			vertex 4.5409994125366 1.173104763031 0.19799999892712
		endloop
	endfacet
	facet normal 0 0 -1
		outer loop
			vertex 4.5190906524658 1.2255333662033 0.19799999892712
			vertex 4.6905016899109 1.2452971935272 0.19799999892712
			vertex 4.8231072425842 1.2436317205429 0.19799999892712
		endloop
	endfacet
	facet normal 0 0 -1
		outer loop
			vertex 4.5409994125366 1.173104763031 0.19799999892712
			vertex 4.8215136528015 1.1668517589569 0.19799999892712
			vertex 4.8218307495117 1.1665350198746 0.19799999892712
		endloop
	endfacet
	facet normal 0 0 -1
		outer loop
			vertex 4.5409994125366 1.173104763031 0.19799999892712
			vertex 4.8231072425842 1.2436317205429 0.19799999892712
			vertex 4.8215136528015 1.1668517589569 0.19799999892712
		endloop
	endfacet
	facet normal 0 0 -1
		outer loop
			vertex 4.6905016899109 1.2452971935272 0.19799999892712
			vertex 4.7641997337341 1.2475049495697 0.19799999892712
			vertex 4.8231072425842 1.2436317205429 0.19799999892712
		endloop
	endfacet
	facet normal 0 0 -1
		outer loop
			vertex 4.8215136528015 1.1668517589569 0.19799999892712
			vertex 4.8231072425842 1.2436317205429 0.19799999892712
			vertex 4.8379421234131 1.1698087453842 0.19799999892712
		endloop
	endfacet
	facet normal 0 0 -1
		outer loop
			vertex 4.7641997337341 1.2475049495697 0.19799999892712
			vertex 4.8386001586914 1.2475049495697 0.19799999892712
			vertex 4.8231072425842 1.2436317205429 0.19799999892712
		endloop
	endfacet
	facet normal 0.70710778177136 0.70710578060032 -0
		outer loop
			vertex 4.8218307495117 1.1665350198746 0
			vertex 4.8218307495117 1.1665350198746 0.19799999892712
			vertex 4.9060750007629 1.0822905302048 0
		endloop
	endfacet
	facet normal -0.7071060004005 -0.70710756197173 0
		outer loop
			vertex 4.8672270774841 1.2356472015381 0
			vertex 4.9751873016357 1.1276872158051 0
			vertex 4.9751873016357 1.1276872158051 0.19799999892712
		endloop
	endfacet
	facet normal 0.70710778177136 0.70710578060032 -0
		outer loop
			vertex 4.9060750007629 1.0822905302048 0
			vertex 4.8218307495117 1.1665350198746 0.19799999892712
			vertex 4.9060750007629 1.0822905302048 0.19799999892712
		endloop
	endfacet
	facet normal -0.7071060004005 -0.70710756197173 0
		outer loop
			vertex 4.8672270774841 1.2356472015381 0
			vertex 4.9751873016357 1.1276872158051 0.19799999892712
			vertex 4.8672270774841 1.2356472015381 0.19799999892712
		endloop
	endfacet
	facet normal 0 0 -1
		outer loop
			vertex 4.8215136528015 1.1668517589569 0.19799999892712
			vertex 4.8379421234131 1.1698087453842 0.19799999892712
			vertex 4.8218307495117 1.1665350198746 0.19799999892712
		endloop
	endfacet
	facet normal 0 0 -1
		outer loop
			vertex 4.8379421234131 1.1698087453842 0.19799999892712
			vertex 4.8386001586914 1.169606924057 0.19799999892712
			vertex 4.9060750007629 1.0822905302048 0.19799999892712
		endloop
	endfacet
	facet normal 0 0 -1
		outer loop
			vertex 4.8218307495117 1.1665350198746 0.19799999892712
			vertex 4.8379421234131 1.1698087453842 0.19799999892712
			vertex 4.9060750007629 1.0822905302048 0.19799999892712
		endloop
	endfacet
	facet normal 0 0 -1
		outer loop
			vertex 4.8386001586914 1.169606924057 0.19799999892712
			vertex 4.8453168869019 1.2137368917465 0.19799999892712
			vertex 4.8672270774841 1.2356472015381 0.19799999892712
		endloop
	endfacet
	facet normal 0 0 -1
		outer loop
			vertex 4.9060750007629 1.0822905302048 0.19799999892712
			vertex 4.936192035675 1.0886921882629 0.19799999892712
			vertex 4.9234256744385 1.0759257078171 0.19799999892712
		endloop
	endfacet
	facet normal 0 0 -1
		outer loop
			vertex 4.8386001586914 1.169606924057 0.19799999892712
			vertex 4.936192035675 1.0886921882629 0.19799999892712
			vertex 4.9060750007629 1.0822905302048 0.19799999892712
		endloop
	endfacet
	facet normal 0 0 -1
		outer loop
			vertex 4.8386001586914 1.169606924057 0.19799999892712
			vertex 4.9465599060059 1.0990600585938 0.19799999892712
			vertex 4.936192035675 1.0886921882629 0.19799999892712
		endloop
	endfacet
	facet normal 0 0 -1
		outer loop
			vertex 4.8386001586914 1.169606924057 0.19799999892712
			vertex 4.9751873016357 1.1276872158051 0.19799999892712
			vertex 4.9465599060059 1.0990600585938 0.19799999892712
		endloop
	endfacet
	facet normal 0 0 -1
		outer loop
			vertex 4.8386001586914 1.169606924057 0.19799999892712
			vertex 4.8672270774841 1.2356472015381 0.19799999892712
			vertex 4.9751873016357 1.1276872158051 0.19799999892712
		endloop
	endfacet
	facet normal 1 0 0
		outer loop
			vertex 4.9060750007629 1.0161211490631 0
			vertex 4.9060750007629 1.0822905302048 0
			vertex 4.9060750007629 1.0822905302048 0.19799999892712
		endloop
	endfacet
	facet normal -1 0 0
		outer loop
			vertex 4.9870448112488 0.99110001325607 0
			vertex 4.9870448112488 0.99110001325607 0.19799999892712
			vertex 4.9870448112488 1.0990600585938 0
		endloop
	endfacet
	facet normal 1 0 0
		outer loop
			vertex 4.9060750007629 1.0161211490631 0
			vertex 4.9060750007629 1.0822905302048 0.19799999892712
			vertex 4.9060750007629 1.0161211490631 0.19799999892712
		endloop
	endfacet
	facet normal -1 0 0
		outer loop
			vertex 4.9870448112488 1.0990600585938 0
			vertex 4.9870448112488 0.99110001325607 0.19799999892712
			vertex 4.9870448112488 1.0990600585938 0.19799999892712
		endloop
	endfacet
	facet normal 0 0 -1
		outer loop
			vertex 4.9079003334045 0.99110001325607 0.19799999892712
			vertex 4.9161381721497 1.0211526155472 0.19799999892712
			vertex 4.9546127319336 0.99110001325607 0.19799999892712
		endloop
	endfacet
	facet normal -0 0 -1
		outer loop
			vertex 4.9161381721497 1.0211526155472 0.19799999892712
			vertex 4.9060750007629 1.0161211490631 0.19799999892712
			vertex 4.9234256744385 1.0759257078171 0.19799999892712
		endloop
	endfacet
	facet normal 0 0 -1
		outer loop
			vertex 4.9161381721497 1.0211526155472 0.19799999892712
			vertex 4.9310669898987 1.065737247467 0.19799999892712
			vertex 4.9546127319336 0.99110001325607 0.19799999892712
		endloop
	endfacet
	facet normal 0 0 -1
		outer loop
			vertex 4.9060750007629 1.0161211490631 0.19799999892712
			vertex 4.9060750007629 1.0822905302048 0.19799999892712
			vertex 4.9234256744385 1.0759257078171 0.19799999892712
		endloop
	endfacet
	facet normal 0 0 -1
		outer loop
			vertex 4.9161381721497 1.0211526155472 0.19799999892712
			vertex 4.9234256744385 1.0759257078171 0.19799999892712
			vertex 4.9310669898987 1.065737247467 0.19799999892712
		endloop
	endfacet
	facet normal 0 0 -1
		outer loop
			vertex 4.9310669898987 1.065737247467 0.19799999892712
			vertex 4.962052822113 1.0244227647781 0.19799999892712
			vertex 4.9546127319336 0.99110001325607 0.19799999892712
		endloop
	endfacet
	facet normal 0 0 -1
		outer loop
			vertex 4.9310669898987 1.065737247467 0.19799999892712
			vertex 4.9465599060059 1.0990600585938 0.19799999892712
			vertex 4.962052822113 1.0244227647781 0.19799999892712
		endloop
	endfacet
	facet normal 0 0 -1
		outer loop
			vertex 4.962052822113 1.0244227647781 0.19799999892712
			vertex 4.9870448112488 1.0990600585938 0.19799999892712
			vertex 4.9870448112488 0.99110001325607 0.19799999892712
		endloop
	endfacet
	facet normal 0 0 -1
		outer loop
			vertex 4.9310669898987 1.065737247467 0.19799999892712
			vertex 4.936192035675 1.0886921882629 0.19799999892712
			vertex 4.9465599060059 1.0990600585938 0.19799999892712
		endloop
	endfacet
	facet normal 0 0 -1
		outer loop
			vertex 4.962052822113 1.0244227647781 0.19799999892712
			vertex 4.9465599060059 1.0990600585938 0.19799999892712
			vertex 4.9870448112488 1.0990600585938 0.19799999892712
		endloop
	endfacet
	facet normal 0.89435004530808 0.44736785362543 0
		outer loop
			vertex 4.8567056655884 0.9009091258049 0
			vertex 4.8564982414246 0.9013237953186 0
			vertex 4.8564982414246 0.9013237953186 0.19799999892712
		endloop
	endfacet
	facet normal 0.44721470281959 -0.89442663733924 0
		outer loop
			vertex 4.8290429115295 0.97760498523712 0
			vertex 4.9060750007629 1.0161211490631 0
			vertex 4.9060750007629 1.0161211490631 0.19799999892712
		endloop
	endfacet
	facet normal -0.44721438560154 0.89442679594869 0
		outer loop
			vertex 4.8567056655884 0.9009091258049 0
			vertex 4.8567056655884 0.9009091258049 0.19799999892712
			vertex 4.9646654129028 0.95488911867142 0
		endloop
	endfacet
	facet normal -0.89435004530808 -0.44736785362543 0
		outer loop
			vertex 4.964457988739 0.95530378818512 0
			vertex 4.9646654129028 0.95488911867142 0
			vertex 4.9646654129028 0.95488911867142 0.19799999892712
		endloop
	endfacet
	facet normal 0.89435004530808 0.44736785362543 -0
		outer loop
			vertex 4.8567056655884 0.9009091258049 0
			vertex 4.8564982414246 0.9013237953186 0.19799999892712
			vertex 4.8567056655884 0.9009091258049 0.19799999892712
		endloop
	endfacet
	facet normal 0.44721470281959 -0.89442663733924 0
		outer loop
			vertex 4.8290429115295 0.97760498523712 0
			vertex 4.9060750007629 1.0161211490631 0.19799999892712
			vertex 4.8290429115295 0.97760498523712 0.19799999892712
		endloop
	endfacet
	facet normal -0.44721438560154 0.89442679594869 0
		outer loop
			vertex 4.9646654129028 0.95488911867142 0
			vertex 4.8567056655884 0.9009091258049 0.19799999892712
			vertex 4.9646654129028 0.95488911867142 0.19799999892712
		endloop
	endfacet
	facet normal -0.89435004530808 -0.44736785362543 0
		outer loop
			vertex 4.964457988739 0.95530378818512 0
			vertex 4.9646654129028 0.95488911867142 0.19799999892712
			vertex 4.964457988739 0.95530378818512 0.19799999892712
		endloop
	endfacet
	facet normal 0 0 -1
		outer loop
			vertex 4.8564982414246 0.9013237953186 0.19799999892712
			vertex 4.8572115898132 0.90180039405823 0.19799999892712
			vertex 4.8567056655884 0.9009091258049 0.19799999892712
		endloop
	endfacet
	facet normal 0 0 -1
		outer loop
			vertex 4.8540930747986 0.90613412857056 0.19799999892712
			vertex 4.906548500061 0.9887188076973 0.19799999892712
			vertex 4.8656139373779 0.91660332679749 0.19799999892712
		endloop
	endfacet
	facet normal 0 0 -1
		outer loop
			vertex 4.8249974250793 0.96432536840439 0.19799999892712
			vertex 4.8213405609131 0.97375392913818 0.19799999892712
			vertex 4.8290429115295 0.97760498523712 0.19799999892712
		endloop
	endfacet
	facet normal 0 0 -1
		outer loop
			vertex 4.8206067085266 0.97310668230057 0.19799999892712
			vertex 4.8213405609131 0.97375392913818 0.19799999892712
			vertex 4.8249974250793 0.96432536840439 0.19799999892712
		endloop
	endfacet
	facet normal 0 0 -1
		outer loop
			vertex 4.8540930747986 0.90613412857056 0.19799999892712
			vertex 4.8249974250793 0.96432536840439 0.19799999892712
			vertex 4.906548500061 0.9887188076973 0.19799999892712
		endloop
	endfacet
	facet normal 0 0 -1
		outer loop
			vertex 4.8249974250793 0.96432536840439 0.19799999892712
			vertex 4.8290429115295 0.97760498523712 0.19799999892712
			vertex 4.906548500061 0.9887188076973 0.19799999892712
		endloop
	endfacet
	facet normal 0 0 -1
		outer loop
			vertex 4.8290429115295 0.97760498523712 0.19799999892712
			vertex 4.9060750007629 1.0161211490631 0.19799999892712
			vertex 4.9079003334045 0.99110001325607 0.19799999892712
		endloop
	endfacet
	facet normal 0 0 -1
		outer loop
			vertex 4.8290429115295 0.97760498523712 0.19799999892712
			vertex 4.9079003334045 0.99110001325607 0.19799999892712
			vertex 4.906548500061 0.9887188076973 0.19799999892712
		endloop
	endfacet
	facet normal 0 0 -1
		outer loop
			vertex 4.8572115898132 0.90180039405823 0.19799999892712
			vertex 4.8656139373779 0.91660332679749 0.19799999892712
			vertex 4.9646654129028 0.95488911867142 0.19799999892712
		endloop
	endfacet
	facet normal 0 -0 -1
		outer loop
			vertex 4.8572115898132 0.90180039405823 0.19799999892712
			vertex 4.9646654129028 0.95488911867142 0.19799999892712
			vertex 4.8567056655884 0.9009091258049 0.19799999892712
		endloop
	endfacet
	facet normal 0 0 -1
		outer loop
			vertex 4.8656139373779 0.91660332679749 0.19799999892712
			vertex 4.964457988739 0.95530378818512 0.19799999892712
			vertex 4.9646654129028 0.95488911867142 0.19799999892712
		endloop
	endfacet
	facet normal 0 0 -1
		outer loop
			vertex 4.8656139373779 0.91660332679749 0.19799999892712
			vertex 4.906548500061 0.9887188076973 0.19799999892712
			vertex 4.9477324485779 0.98875492811203 0.19799999892712
		endloop
	endfacet
	facet normal 0 0 -1
		outer loop
			vertex 4.8656139373779 0.91660332679749 0.19799999892712
			vertex 4.9477324485779 0.98875492811203 0.19799999892712
			vertex 4.964457988739 0.95530378818512 0.19799999892712
		endloop
	endfacet
	facet normal 0 0 -1
		outer loop
			vertex 4.9079003334045 0.99110001325607 0.19799999892712
			vertex 4.9060750007629 1.0161211490631 0.19799999892712
			vertex 4.9161381721497 1.0211526155472 0.19799999892712
		endloop
	endfacet
	facet normal 0 1 0
		outer loop
			vertex 4.5147199630737 0.89663499593735 0
			vertex 4.5147199630737 0.89663499593735 0.19799999892712
			vertex 4.8386001586914 0.89663499593735 0
		endloop
	endfacet
	facet normal 0 -1 0
		outer loop
			vertex 4.5242772102356 0.97760498523712 0
			vertex 4.8290429115295 0.97760498523712 0
			vertex 4.8290429115295 0.97760498523712 0.19799999892712
		endloop
	endfacet
	facet normal 0 1 -0
		outer loop
			vertex 4.8386001586914 0.89663499593735 0
			vertex 4.5147199630737 0.89663499593735 0.19799999892712
			vertex 4.8386001586914 0.89663499593735 0.19799999892712
		endloop
	endfacet
	facet normal 0 -1 0
		outer loop
			vertex 4.5242772102356 0.97760498523712 0
			vertex 4.8290429115295 0.97760498523712 0.19799999892712
			vertex 4.5242772102356 0.97760498523712 0.19799999892712
		endloop
	endfacet
	facet normal 0 0 -1
		outer loop
			vertex 4.5147199630737 0.89663499593735 0.19799999892712
			vertex 4.8206067085266 0.97310668230057 0.19799999892712
			vertex 4.8386001586914 0.89663499593735 0.19799999892712
		endloop
	endfacet
	facet normal 0 0 -1
		outer loop
			vertex 4.8386001586914 0.89663499593735 0.19799999892712
			vertex 4.8206067085266 0.97310668230057 0.19799999892712
			vertex 4.8249974250793 0.96432536840439 0.19799999892712
		endloop
	endfacet
	facet normal 0 0 -1
		outer loop
			vertex 4.5147199630737 0.89663499593735 0.19799999892712
			vertex 4.5147199630737 0.97101491689682 0.19799999892712
			vertex 4.8206067085266 0.97310668230057 0.19799999892712
		endloop
	endfacet
	facet normal 0 0 -1
		outer loop
			vertex 4.5242772102356 0.97760498523712 0.19799999892712
			vertex 4.8213405609131 0.97375392913818 0.19799999892712
			vertex 4.5245232582092 0.97748184204102 0.19799999892712
		endloop
	endfacet
	facet normal 0 0 -1
		outer loop
			vertex 4.5147199630737 0.97101491689682 0.19799999892712
			vertex 4.5245232582092 0.97748184204102 0.19799999892712
			vertex 4.8206067085266 0.97310668230057 0.19799999892712
		endloop
	endfacet
	facet normal 0 0 -1
		outer loop
			vertex 4.5245232582092 0.97748184204102 0.19799999892712
			vertex 4.8213405609131 0.97375392913818 0.19799999892712
			vertex 4.8206067085266 0.97310668230057 0.19799999892712
		endloop
	endfacet
	facet normal 0 0 -1
		outer loop
			vertex 4.5242772102356 0.97760498523712 0.19799999892712
			vertex 4.8290429115295 0.97760498523712 0.19799999892712
			vertex 4.8213405609131 0.97375392913818 0.19799999892712
		endloop
	endfacet
	facet normal 0.44721438560154 0.89442679594869 0
		outer loop
			vertex 4.4966144561768 0.9009091258049 0
			vertex 4.3886547088623 0.95488911867142 0
			vertex 4.3886547088623 0.95488911867142 0.19799999892712
		endloop
	endfacet
	facet normal -0.89435004530808 0.44736785362543 0
		outer loop
			vertex 4.4966144561768 0.9009091258049 0
			vertex 4.4966144561768 0.9009091258049 0.19799999892712
			vertex 4.4968218803406 0.9013237953186 0
		endloop
	endfacet
	facet normal 0.89435004530808 -0.44736785362543 0
		outer loop
			vertex 4.3886547088623 0.95488911867142 0
			vertex 4.3888621330261 0.95530378818512 0
			vertex 4.3888621330261 0.95530378818512 0.19799999892712
		endloop
	endfacet
	facet normal -0.44721470281959 -0.89442663733924 0
		outer loop
			vertex 4.4472451210022 1.0161211490631 0
			vertex 4.5242772102356 0.97760498523712 0
			vertex 4.5242772102356 0.97760498523712 0.19799999892712
		endloop
	endfacet
	facet normal 0.44721438560154 0.89442679594869 -0
		outer loop
			vertex 4.4966144561768 0.9009091258049 0
			vertex 4.3886547088623 0.95488911867142 0.19799999892712
			vertex 4.4966144561768 0.9009091258049 0.19799999892712
		endloop
	endfacet
	facet normal -0.89435004530808 0.44736785362543 0
		outer loop
			vertex 4.4968218803406 0.9013237953186 0
			vertex 4.4966144561768 0.9009091258049 0.19799999892712
			vertex 4.4968218803406 0.9013237953186 0.19799999892712
		endloop
	endfacet
	facet normal 0.89435004530808 -0.44736785362543 0
		outer loop
			vertex 4.3886547088623 0.95488911867142 0
			vertex 4.3888621330261 0.95530378818512 0.19799999892712
			vertex 4.3886547088623 0.95488911867142 0.19799999892712
		endloop
	endfacet
	facet normal -0.44721470281959 -0.89442663733924 0
		outer loop
			vertex 4.4472451210022 1.0161211490631 0
			vertex 4.5242772102356 0.97760498523712 0.19799999892712
			vertex 4.4472451210022 1.0161211490631 0.19799999892712
		endloop
	endfacet
	facet normal 0 0 -1
		outer loop
			vertex 4.4966144561768 0.9009091258049 0.19799999892712
			vertex 4.3886547088623 0.95488911867142 0.19799999892712
			vertex 4.3893494606018 0.95497798919678 0.19799999892712
		endloop
	endfacet
	facet normal 0 0 -1
		outer loop
			vertex 4.4966144561768 0.9009091258049 0.19799999892712
			vertex 4.3893494606018 0.95497798919678 0.19799999892712
			vertex 4.3923120498657 0.9553570151329 0.19799999892712
		endloop
	endfacet
	facet normal 0 0 -1
		outer loop
			vertex 4.4966144561768 0.9009091258049 0.19799999892712
			vertex 4.3923120498657 0.9553570151329 0.19799999892712
			vertex 4.421187877655 0.95905065536499 0.19799999892712
		endloop
	endfacet
	facet normal 0 0 -1
		outer loop
			vertex 4.4966144561768 0.9009091258049 0.19799999892712
			vertex 4.421187877655 0.95905065536499 0.19799999892712
			vertex 4.4324150085449 0.96048676967621 0.19799999892712
		endloop
	endfacet
	facet normal -0 0 -1
		outer loop
			vertex 4.4983139038086 0.90430772304535 0.19799999892712
			vertex 4.4968218803406 0.9013237953186 0.19799999892712
			vertex 4.4324150085449 0.96048676967621 0.19799999892712
		endloop
	endfacet
	facet normal -0 0 -1
		outer loop
			vertex 4.4968218803406 0.9013237953186 0.19799999892712
			vertex 4.4966144561768 0.9009091258049 0.19799999892712
			vertex 4.4324150085449 0.96048676967621 0.19799999892712
		endloop
	endfacet
	facet normal 0 0 -1
		outer loop
			vertex 4.4983139038086 0.90430772304535 0.19799999892712
			vertex 4.4324150085449 0.96048676967621 0.19799999892712
			vertex 4.4992270469666 0.96903312206268 0.19799999892712
		endloop
	endfacet
	facet normal 0 -0 -1
		outer loop
			vertex 4.3888621330261 0.95530378818512 0.19799999892712
			vertex 4.3893494606018 0.95497798919678 0.19799999892712
			vertex 4.3886547088623 0.95488911867142 0.19799999892712
		endloop
	endfacet
	facet normal 0 0 -1
		outer loop
			vertex 4.3923120498657 0.9553570151329 0.19799999892712
			vertex 4.4016065597534 0.98079293966293 0.19799999892712
			vertex 4.421187877655 0.95905065536499 0.19799999892712
		endloop
	endfacet
	facet normal 0 0 -1
		outer loop
			vertex 4.4016065597534 0.98079293966293 0.19799999892712
			vertex 4.4067602157593 0.99110001325607 0.19799999892712
			vertex 4.421187877655 0.95905065536499 0.19799999892712
		endloop
	endfacet
	facet normal 0 0 -1
		outer loop
			vertex 4.4067602157593 0.99110001325607 0.19799999892712
			vertex 4.4213104248047 1.0202004909515 0.19799999892712
			vertex 4.421187877655 0.95905065536499 0.19799999892712
		endloop
	endfacet
	facet normal 0 0 -1
		outer loop
			vertex 4.4324150085449 0.96048676967621 0.19799999892712
			vertex 4.4472451210022 1.0161211490631 0.19799999892712
			vertex 4.4992270469666 0.96903312206268 0.19799999892712
		endloop
	endfacet
	facet normal 0 0 -1
		outer loop
			vertex 4.4324150085449 0.96048676967621 0.19799999892712
			vertex 4.4226007461548 1.0227817296982 0.19799999892712
			vertex 4.4472451210022 1.0161211490631 0.19799999892712
		endloop
	endfacet
	facet normal 0 -0 -1
		outer loop
			vertex 4.422954082489 1.0234880447388 0.19799999892712
			vertex 4.4472451210022 1.0161211490631 0.19799999892712
			vertex 4.4226007461548 1.0227817296982 0.19799999892712
		endloop
	endfacet
	facet normal 0 0 -1
		outer loop
			vertex 4.4472451210022 1.0161211490631 0.19799999892712
			vertex 4.5147199630737 0.97101491689682 0.19799999892712
			vertex 4.4992270469666 0.96903312206268 0.19799999892712
		endloop
	endfacet
	facet normal 0 0 -1
		outer loop
			vertex 4.4472451210022 1.0161211490631 0.19799999892712
			vertex 4.5242772102356 0.97760498523712 0.19799999892712
			vertex 4.5147199630737 0.97101491689682 0.19799999892712
		endloop
	endfacet
	facet normal 0 0 -1
		outer loop
			vertex 4.5147199630737 0.97101491689682 0.19799999892712
			vertex 4.5242772102356 0.97760498523712 0.19799999892712
			vertex 4.5245232582092 0.97748184204102 0.19799999892712
		endloop
	endfacet
	facet normal 1 0 0
		outer loop
			vertex 4.3662748336792 0.99110001325607 0
			vertex 4.3662748336792 1.0990600585938 0
			vertex 4.3662748336792 1.0990600585938 0.19799999892712
		endloop
	endfacet
	facet normal -1 0 0
		outer loop
			vertex 4.4472451210022 1.0161211490631 0
			vertex 4.4472451210022 1.0161211490631 0.19799999892712
			vertex 4.4472451210022 1.0822905302048 0
		endloop
	endfacet
	facet normal 1 0 0
		outer loop
			vertex 4.3662748336792 0.99110001325607 0
			vertex 4.3662748336792 1.0990600585938 0.19799999892712
			vertex 4.3662748336792 0.99110001325607 0.19799999892712
		endloop
	endfacet
	facet normal -1 0 0
		outer loop
			vertex 4.4472451210022 1.0822905302048 0
			vertex 4.4472451210022 1.0161211490631 0.19799999892712
			vertex 4.4472451210022 1.0822905302048 0.19799999892712
		endloop
	endfacet
	facet normal 0 0 -1
		outer loop
			vertex 4.3662748336792 0.99110001325607 0.19799999892712
			vertex 4.3662748336792 1.0990600585938 0.19799999892712
			vertex 4.3693566322327 1.0922055244446 0.19799999892712
		endloop
	endfacet
	facet normal 0 0 -1
		outer loop
			vertex 4.3662748336792 0.99110001325607 0.19799999892712
			vertex 4.3693566322327 1.0922055244446 0.19799999892712
			vertex 4.4067602157593 0.99110001325607 0.19799999892712
		endloop
	endfacet
	facet normal 0 0 -1
		outer loop
			vertex 4.4067602157593 0.99110001325607 0.19799999892712
			vertex 4.3693566322327 1.0922055244446 0.19799999892712
			vertex 4.4213104248047 1.0202004909515 0.19799999892712
		endloop
	endfacet
	facet normal 0 0 -1
		outer loop
			vertex 4.3693566322327 1.0922055244446 0.19799999892712
			vertex 4.3912672996521 1.065737247467 0.19799999892712
			vertex 4.4222531318665 1.0244227647781 0.19799999892712
		endloop
	endfacet
	facet normal 0 0 -1
		outer loop
			vertex 4.3912672996521 1.065737247467 0.19799999892712
			vertex 4.4067602157593 1.0990600585938 0.19799999892712
			vertex 4.4222531318665 1.0244227647781 0.19799999892712
		endloop
	endfacet
	facet normal 0 0 -1
		outer loop
			vertex 4.3693566322327 1.0922055244446 0.19799999892712
			vertex 4.4222531318665 1.0244227647781 0.19799999892712
			vertex 4.4213104248047 1.0202004909515 0.19799999892712
		endloop
	endfacet
	facet normal 0 0 -1
		outer loop
			vertex 4.3693566322327 1.0949510335922 0.19799999892712
			vertex 4.3912672996521 1.065737247467 0.19799999892712
			vertex 4.3693566322327 1.0922055244446 0.19799999892712
		endloop
	endfacet
	facet normal 0 0 -1
		outer loop
			vertex 4.3912672996521 1.065737247467 0.19799999892712
			vertex 4.3987069129944 1.0990600585938 0.19799999892712
			vertex 4.4067602157593 1.0990600585938 0.19799999892712
		endloop
	endfacet
	facet normal 0 0 -1
		outer loop
			vertex 4.4222531318665 1.0244227647781 0.19799999892712
			vertex 4.4472451210022 1.0161211490631 0.19799999892712
			vertex 4.422954082489 1.0234880447388 0.19799999892712
		endloop
	endfacet
	facet normal 0 0 -1
		outer loop
			vertex 4.4222531318665 1.0244227647781 0.19799999892712
			vertex 4.4472451210022 1.0822905302048 0.19799999892712
			vertex 4.4472451210022 1.0161211490631 0.19799999892712
		endloop
	endfacet
	facet normal 0 0 -1
		outer loop
			vertex 4.4067602157593 1.0990600585938 0.19799999892712
			vertex 4.4472451210022 1.0822905302048 0.19799999892712
			vertex 4.4222531318665 1.0244227647781 0.19799999892712
		endloop
	endfacet
	facet normal 0 0 -1
		outer loop
			vertex 4.4067602157593 1.0990600585938 0.19799999892712
			vertex 4.4441633224487 1.0990600585938 0.19799999892712
			vertex 4.4456458091736 1.0910204648972 0.19799999892712
		endloop
	endfacet
	facet normal 0 0 -1
		outer loop
			vertex 4.4067602157593 1.0990600585938 0.19799999892712
			vertex 4.4456458091736 1.0910204648972 0.19799999892712
			vertex 4.4472451210022 1.0822905302048 0.19799999892712
		endloop
	endfacet
	facet normal 0.70710678118655 -0.70710678118655 0
		outer loop
			vertex 4.3781328201294 1.1276872158051 0
			vertex 4.4574656486511 1.2070200443268 0
			vertex 4.4574656486511 1.2070200443268 0.19799999892712
		endloop
	endfacet
	facet normal -0.70710778177136 0.70710578060032 0
		outer loop
			vertex 4.4472451210022 1.0822905302048 0
			vertex 4.4472451210022 1.0822905302048 0.19799999892712
			vertex 4.5314893722534 1.1665350198746 0
		endloop
	endfacet
	facet normal 0.70710678118655 -0.70710678118655 0
		outer loop
			vertex 4.3781328201294 1.1276872158051 0
			vertex 4.4574656486511 1.2070200443268 0.19799999892712
			vertex 4.3781328201294 1.1276872158051 0.19799999892712
		endloop
	endfacet
	facet normal -0.70710778177136 0.70710578060032 0
		outer loop
			vertex 4.5314893722534 1.1665350198746 0
			vertex 4.4472451210022 1.0822905302048 0.19799999892712
			vertex 4.5314893722534 1.1665350198746 0.19799999892712
		endloop
	endfacet
	facet normal 0 0 -1
		outer loop
			vertex 4.4067602157593 1.0990600585938 0.19799999892712
			vertex 4.4441633224487 1.0990642309189 0.19799999892712
			vertex 4.4441633224487 1.0990600585938 0.19799999892712
		endloop
	endfacet
	facet normal 0 0 -1
		outer loop
			vertex 4.4472451210022 1.0822905302048 0.19799999892712
			vertex 4.4456458091736 1.0910204648972 0.19799999892712
			vertex 4.4468355178833 1.1011176109314 0.19799999892712
		endloop
	endfacet
	facet normal 0 0 -1
		outer loop
			vertex 4.4067602157593 1.0990600585938 0.19799999892712
			vertex 4.3781328201294 1.1276872158051 0.19799999892712
			vertex 4.4441633224487 1.0990642309189 0.19799999892712
		endloop
	endfacet
	facet normal 0 0 -1
		outer loop
			vertex 4.4441633224487 1.0990642309189 0.19799999892712
			vertex 4.3781328201294 1.1276872158051 0.19799999892712
			vertex 4.4460368156433 1.1051330566406 0.19799999892712
		endloop
	endfacet
	facet normal 0 0 -1
		outer loop
			vertex 4.3781328201294 1.1276872158051 0.19799999892712
			vertex 4.4726476669312 1.191838145256 0.19799999892712
			vertex 4.4460368156433 1.1051330566406 0.19799999892712
		endloop
	endfacet
	facet normal 0 0 -1
		outer loop
			vertex 4.3781328201294 1.1276872158051 0.19799999892712
			vertex 4.4574656486511 1.2070200443268 0.19799999892712
			vertex 4.4726476669312 1.191838145256 0.19799999892712
		endloop
	endfacet
	facet normal 0 0 -1
		outer loop
			vertex 4.4472451210022 1.0822905302048 0.19799999892712
			vertex 4.4468355178833 1.1011176109314 0.19799999892712
			vertex 4.5314893722534 1.1665350198746 0.19799999892712
		endloop
	endfacet
	facet normal 0 0 -1
		outer loop
			vertex 4.4468355178833 1.1011176109314 0.19799999892712
			vertex 4.4460368156433 1.1051330566406 0.19799999892712
			vertex 4.5314893722534 1.1665350198746 0.19799999892712
		endloop
	endfacet
	facet normal 0 0 -1
		outer loop
			vertex 4.4460368156433 1.1051330566406 0.19799999892712
			vertex 4.4726476669312 1.191838145256 0.19799999892712
			vertex 4.5147199630737 1.2070200443268 0.19799999892712
		endloop
	endfacet
	facet normal 0 0 -1
		outer loop
			vertex 4.4460368156433 1.1051330566406 0.19799999892712
			vertex 4.5263981819153 1.1887941360474 0.19799999892712
			vertex 4.5365943908691 1.1728811264038 0.19799999892712
		endloop
	endfacet
	facet normal 0 0 -1
		outer loop
			vertex 4.4460368156433 1.1051330566406 0.19799999892712
			vertex 4.5365943908691 1.1728811264038 0.19799999892712
			vertex 4.5363583564758 1.1715577840805 0.19799999892712
		endloop
	endfacet
	facet normal 0 0 -1
		outer loop
			vertex 4.4460368156433 1.1051330566406 0.19799999892712
			vertex 4.5363583564758 1.1715577840805 0.19799999892712
			vertex 4.5314893722534 1.1665350198746 0.19799999892712
		endloop
	endfacet
	facet normal 0 0 -1
		outer loop
			vertex 4.4460368156433 1.1051330566406 0.19799999892712
			vertex 4.5147199630737 1.2070200443268 0.19799999892712
			vertex 4.5263981819153 1.1887941360474 0.19799999892712
		endloop
	endfacet
	facet normal 0 0 -1
		outer loop
			vertex 4.4726476669312 1.191838145256 0.19799999892712
			vertex 4.4906697273254 1.2126383781433 0.19799999892712
			vertex 4.5147199630737 1.2070200443268 0.19799999892712
		endloop
	endfacet
	facet normal 0 0 -1
		outer loop
			vertex 4.4906697273254 1.2126383781433 0.19799999892712
			vertex 4.4992270469666 1.222512960434 0.19799999892712
			vertex 4.5147199630737 1.2070200443268 0.19799999892712
		endloop
	endfacet
	facet normal 0 0 -1
		outer loop
			vertex 4.5314893722534 1.1665350198746 0.19799999892712
			vertex 4.5363583564758 1.1715577840805 0.19799999892712
			vertex 4.5365891456604 1.1716347932816 0.19799999892712
		endloop
	endfacet
	facet normal -0.31622893321452 0.94868290898382 0
		outer loop
			vertex 4.7641997337341 1.2475049495697 0
			vertex 4.7641997337341 1.2475049495697 0.19799999892712
			vertex 4.8514022827148 1.2765725851059 0
		endloop
	endfacet
	facet normal 0.31622776601684 -0.94868329805051 0
		outer loop
			vertex 4.5256547927856 1.2533397674561 0
			vertex 4.8167309761047 1.3503651618958 0
			vertex 4.8167309761047 1.3503651618958 0.19799999892712
		endloop
	endfacet
	facet normal -0.94883746765758 -0.31576488083564 0
		outer loop
			vertex 4.8512558937073 1.2770124673843 0
			vertex 4.8514022827148 1.2765725851059 0
			vertex 4.8514022827148 1.2765725851059 0.19799999892712
		endloop
	endfacet
	facet normal 0.31622776601684 -0.94868329805051 0
		outer loop
			vertex 4.5256547927856 1.2533397674561 0
			vertex 4.8167309761047 1.3503651618958 0.19799999892712
			vertex 4.5256547927856 1.2533397674561 0.19799999892712
		endloop
	endfacet
	facet normal -0.31622893321452 0.94868290898382 0
		outer loop
			vertex 4.8514022827148 1.2765725851059 0
			vertex 4.7641997337341 1.2475049495697 0.19799999892712
			vertex 4.8514022827148 1.2765725851059 0.19799999892712
		endloop
	endfacet
	facet normal -0.94883746765758 -0.31576488083564 0
		outer loop
			vertex 4.8512558937073 1.2770124673843 0
			vertex 4.8514022827148 1.2765725851059 0.19799999892712
			vertex 4.8512558937073 1.2770124673843 0.19799999892712
		endloop
	endfacet
	facet normal 0 -0 -1
		outer loop
			vertex 4.5365943908691 1.1728811264038 0.19799999892712
			vertex 4.5409994125366 1.173104763031 0.19799999892712
			vertex 4.5365891456604 1.1716347932816 0.19799999892712
		endloop
	endfacet
	facet normal 0 0 -1
		outer loop
			vertex 4.5365943908691 1.1728811264038 0.19799999892712
			vertex 4.5365891456604 1.1716347932816 0.19799999892712
			vertex 4.5363583564758 1.1715577840805 0.19799999892712
		endloop
	endfacet
	facet normal 0 0 -1
		outer loop
			vertex 4.5147199630737 1.2070200443268 0.19799999892712
			vertex 4.5065016746521 1.2469553947449 0.19799999892712
			vertex 4.5190906524658 1.2255333662033 0.19799999892712
		endloop
	endfacet
	facet normal 0 0 -1
		outer loop
			vertex 4.5065016746521 1.2469553947449 0.19799999892712
			vertex 4.5242490768433 1.247385263443 0.19799999892712
			vertex 4.5190906524658 1.2255333662033 0.19799999892712
		endloop
	endfacet
	facet normal 0 0 -1
		outer loop
			vertex 4.5065016746521 1.2469553947449 0.19799999892712
			vertex 4.5256547927856 1.2533397674561 0.19799999892712
			vertex 4.5242490768433 1.247385263443 0.19799999892712
		endloop
	endfacet
	facet normal 0 -0 -1
		outer loop
			vertex 4.5256547927856 1.2533397674561 0.19799999892712
			vertex 4.6905016899109 1.2452971935272 0.19799999892712
			vertex 4.5242490768433 1.247385263443 0.19799999892712
		endloop
	endfacet
	facet normal 0 0 -1
		outer loop
			vertex 4.5256547927856 1.2533397674561 0.19799999892712
			vertex 4.8099570274353 1.3435835838318 0.19799999892712
			vertex 4.6905016899109 1.2452971935272 0.19799999892712
		endloop
	endfacet
	facet normal 0 0 -1
		outer loop
			vertex 4.5256547927856 1.2533397674561 0.19799999892712
			vertex 4.8167309761047 1.3503651618958 0.19799999892712
			vertex 4.8100571632385 1.3436634540558 0.19799999892712
		endloop
	endfacet
	facet normal 0 0 -1
		outer loop
			vertex 4.5256547927856 1.2533397674561 0.19799999892712
			vertex 4.8100571632385 1.3436634540558 0.19799999892712
			vertex 4.8099570274353 1.3435835838318 0.19799999892712
		endloop
	endfacet
	facet normal 0 0 -1
		outer loop
			vertex 4.6905016899109 1.2452971935272 0.19799999892712
			vertex 4.8099465370178 1.3435682058334 0.19799999892712
			vertex 4.7641997337341 1.2475049495697 0.19799999892712
		endloop
	endfacet
	facet normal 0 0 -1
		outer loop
			vertex 4.6905016899109 1.2452971935272 0.19799999892712
			vertex 4.8099570274353 1.3435835838318 0.19799999892712
			vertex 4.8099465370178 1.3435682058334 0.19799999892712
		endloop
	endfacet
	facet normal 0 0 -1
		outer loop
			vertex 4.7641997337341 1.2475049495697 0.19799999892712
			vertex 4.8072156906128 1.3002132177353 0.19799999892712
			vertex 4.8512558937073 1.2770124673843 0.19799999892712
		endloop
	endfacet
	facet normal 0 0 -1
		outer loop
			vertex 4.7641997337341 1.2475049495697 0.19799999892712
			vertex 4.8099465370178 1.3435682058334 0.19799999892712
			vertex 4.8072156906128 1.3002132177353 0.19799999892712
		endloop
	endfacet
	facet normal 0 0 -1
		outer loop
			vertex 4.7641997337341 1.2475049495697 0.19799999892712
			vertex 4.8512558937073 1.2770124673843 0.19799999892712
			vertex 4.8514022827148 1.2765725851059 0.19799999892712
		endloop
	endfacet
	facet normal 0 0 -1
		outer loop
			vertex 4.8072156906128 1.3002132177353 0.19799999892712
			vertex 4.8386001586914 1.3149800300598 0.19799999892712
			vertex 4.8512558937073 1.2770124673843 0.19799999892712
		endloop
	endfacet
	facet normal -0 0 -1
		outer loop
			vertex 4.8099761009216 1.3435897827148 0.19799999892712
			vertex 4.8099570274353 1.3435835838318 0.19799999892712
			vertex 4.8100571632385 1.3436634540558 0.19799999892712
		endloop
	endfacet
	facet normal 0.70710794266 -0.70710561971119 0
		outer loop
			vertex 4.8167309761047 1.3503651618958 0
			vertex 4.8893055915833 1.4229400157928 0
			vertex 4.8893055915833 1.4229400157928 0.19799999892712
		endloop
	endfacet
	facet normal -0.7071060004005 0.70710756197173 0
		outer loop
			vertex 4.8672270774841 1.2863527536392 0
			vertex 4.8672270774841 1.2863527536392 0.19799999892712
			vertex 4.9751873016357 1.3943127393723 0
		endloop
	endfacet
	facet normal 0.70710794266 -0.70710561971119 0
		outer loop
			vertex 4.8167309761047 1.3503651618958 0
			vertex 4.8893055915833 1.4229400157928 0.19799999892712
			vertex 4.8167309761047 1.3503651618958 0.19799999892712
		endloop
	endfacet
	facet normal -0.7071060004005 0.70710756197173 0
		outer loop
			vertex 4.9751873016357 1.3943127393723 0
			vertex 4.8672270774841 1.2863527536392 0.19799999892712
			vertex 4.9751873016357 1.3943127393723 0.19799999892712
		endloop
	endfacet
	facet normal 0 0 -1
		outer loop
			vertex 4.8386001586914 1.3149800300598 0.19799999892712
			vertex 4.8231072425842 1.3400480747223 0.19799999892712
			vertex 4.855682849884 1.3443912267685 0.19799999892712
		endloop
	endfacet
	facet normal 0 -0 -1
		outer loop
			vertex 4.8167309761047 1.3503651618958 0.19799999892712
			vertex 4.8231072425842 1.3400480747223 0.19799999892712
			vertex 4.8100571632385 1.3436634540558 0.19799999892712
		endloop
	endfacet
	facet normal 0 0 -1
		outer loop
			vertex 4.8167309761047 1.3503651618958 0.19799999892712
			vertex 4.855682849884 1.3443912267685 0.19799999892712
			vertex 4.8231072425842 1.3400480747223 0.19799999892712
		endloop
	endfacet
	facet normal 0 0 -1
		outer loop
			vertex 4.8167309761047 1.3503651618958 0.19799999892712
			vertex 4.8893055915833 1.4229400157928 0.19799999892712
			vertex 4.855682849884 1.3443912267685 0.19799999892712
		endloop
	endfacet
	facet normal 0 0 -1
		outer loop
			vertex 4.855682849884 1.3443912267685 0.19799999892712
			vertex 4.8893055915833 1.4229400157928 0.19799999892712
			vertex 4.9044876098633 1.4077581167221 0.19799999892712
		endloop
	endfacet
	facet normal 0 0 -1
		outer loop
			vertex 4.8672270774841 1.2863527536392 0.19799999892712
			vertex 4.855682849884 1.3443912267685 0.19799999892712
			vertex 4.9751873016357 1.3943127393723 0.19799999892712
		endloop
	endfacet
	facet normal 0 0 -1
		outer loop
			vertex 4.855682849884 1.3443912267685 0.19799999892712
			vertex 4.9044876098633 1.4077581167221 0.19799999892712
			vertex 4.9416174888611 1.4278823137283 0.19799999892712
		endloop
	endfacet
	facet normal 0 0 -1
		outer loop
			vertex 4.855682849884 1.3443912267685 0.19799999892712
			vertex 4.9416174888611 1.4278823137283 0.19799999892712
			vertex 4.9751873016357 1.3943127393723 0.19799999892712
		endloop
	endfacet
	facet normal 0 0 -1
		outer loop
			vertex 4.9044876098633 1.4077581167221 0.19799999892712
			vertex 4.9133019447327 1.43647813797 0.19799999892712
			vertex 4.9416174888611 1.4278823137283 0.19799999892712
		endloop
	endfacet
	facet normal 0.70710740581628 0.70710615655626 -0
		outer loop
			vertex 4.8218307495117 1.4904149770737 0
			vertex 4.8218307495117 1.4904149770737 0.19799999892712
			vertex 4.8893055915833 1.4229400157928 0
		endloop
	endfacet
	facet normal -0.7071060004005 -0.70710756197173 0
		outer loop
			vertex 4.8672270774841 1.5595271587372 0
			vertex 4.9751873016357 1.4515671730042 0
			vertex 4.9751873016357 1.4515671730042 0.19799999892712
		endloop
	endfacet
	facet normal 0.70710740581628 0.70710615655626 -0
		outer loop
			vertex 4.8893055915833 1.4229400157928 0
			vertex 4.8218307495117 1.4904149770737 0.19799999892712
			vertex 4.8893055915833 1.4229400157928 0.19799999892712
		endloop
	endfacet
	facet normal -0.7071060004005 -0.70710756197173 0
		outer loop
			vertex 4.8672270774841 1.5595271587372 0
			vertex 4.9751873016357 1.4515671730042 0.19799999892712
			vertex 4.8672270774841 1.5595271587372 0.19799999892712
		endloop
	endfacet
	facet normal 0 0 -1
		outer loop
			vertex 4.8386001586914 1.4934868812561 0.19799999892712
			vertex 4.9044876098633 1.4077581167221 0.19799999892712
			vertex 4.8893055915833 1.4229400157928 0.19799999892712
		endloop
	endfacet
	facet normal 0 0 -1
		outer loop
			vertex 4.8386001586914 1.4934868812561 0.19799999892712
			vertex 4.9133019447327 1.43647813797 0.19799999892712
			vertex 4.9044876098633 1.4077581167221 0.19799999892712
		endloop
	endfacet
	facet normal 0 0 -1
		outer loop
			vertex 4.8218307495117 1.4904149770737 0.19799999892712
			vertex 4.8380103111267 1.4933788776398 0.19799999892712
			vertex 4.8893055915833 1.4229400157928 0.19799999892712
		endloop
	endfacet
	facet normal 0 0 -1
		outer loop
			vertex 4.8380103111267 1.4933788776398 0.19799999892712
			vertex 4.8386001586914 1.4934868812561 0.19799999892712
			vertex 4.8893055915833 1.4229400157928 0.19799999892712
		endloop
	endfacet
	facet normal 0 0 -1
		outer loop
			vertex 4.8386001586914 1.4934868812561 0.19799999892712
			vertex 4.8386001586914 1.5309000015259 0.19799999892712
			vertex 4.9465599060059 1.4603531360626 0.19799999892712
		endloop
	endfacet
	facet normal 0 0 -1
		outer loop
			vertex 4.8386001586914 1.5309000015259 0.19799999892712
			vertex 4.8672270774841 1.5595271587372 0.19799999892712
			vertex 4.9465599060059 1.4603531360626 0.19799999892712
		endloop
	endfacet
	facet normal 0 0 -1
		outer loop
			vertex 4.9133019447327 1.43647813797 0.19799999892712
			vertex 4.9465599060059 1.4603531360626 0.19799999892712
			vertex 4.9416174888611 1.4278823137283 0.19799999892712
		endloop
	endfacet
	facet normal 0 0 -1
		outer loop
			vertex 4.8386001586914 1.4934868812561 0.19799999892712
			vertex 4.9465599060059 1.4603531360626 0.19799999892712
			vertex 4.9133019447327 1.43647813797 0.19799999892712
		endloop
	endfacet
	facet normal 0 0 -1
		outer loop
			vertex 4.8672270774841 1.5595271587372 0.19799999892712
			vertex 4.9751873016357 1.4515671730042 0.19799999892712
			vertex 4.9465599060059 1.4603531360626 0.19799999892712
		endloop
	endfacet
	facet normal 0 1 0
		outer loop
			vertex 4.5314893722534 1.4904149770737 0
			vertex 4.5314893722534 1.4904149770737 0.19799999892712
			vertex 4.8218307495117 1.4904149770737 0
		endloop
	endfacet
	facet normal 0 -1 0
		outer loop
			vertex 4.5147199630737 1.5713850259781 0
			vertex 4.8386001586914 1.5713850259781 0
			vertex 4.8386001586914 1.5713850259781 0.19799999892712
		endloop
	endfacet
	facet normal 0 -1 0
		outer loop
			vertex 4.5147199630737 1.5713850259781 0
			vertex 4.8386001586914 1.5713850259781 0.19799999892712
			vertex 4.5147199630737 1.5713850259781 0.19799999892712
		endloop
	endfacet
	facet normal 0 1 -0
		outer loop
			vertex 4.8218307495117 1.4904149770737 0
			vertex 4.5314893722534 1.4904149770737 0.19799999892712
			vertex 4.8218307495117 1.4904149770737 0.19799999892712
		endloop
	endfacet
	facet normal 0 0 -1
		outer loop
			vertex 4.5314893722534 1.4904149770737 0.19799999892712
			vertex 4.537079334259 1.49600481987 0.19799999892712
			vertex 4.8218307495117 1.4904149770737 0.19799999892712
		endloop
	endfacet
	facet normal 0 0 -1
		outer loop
			vertex 4.537079334259 1.49600481987 0.19799999892712
			vertex 4.5147199630737 1.5309000015259 0.19799999892712
			vertex 4.8386001586914 1.5713850259781 0.19799999892712
		endloop
	endfacet
	facet normal 0 0 -1
		outer loop
			vertex 4.5147199630737 1.5309000015259 0.19799999892712
			vertex 4.5147199630737 1.5451164245605 0.19799999892712
			vertex 4.8386001586914 1.5713850259781 0.19799999892712
		endloop
	endfacet
	facet normal 0 0 -1
		outer loop
			vertex 4.5147199630737 1.5451164245605 0.19799999892712
			vertex 4.5147199630737 1.5713850259781 0.19799999892712
			vertex 4.8386001586914 1.5713850259781 0.19799999892712
		endloop
	endfacet
	facet normal 0 0 -1
		outer loop
			vertex 4.537079334259 1.49600481987 0.19799999892712
			vertex 4.8380103111267 1.4933788776398 0.19799999892712
			vertex 4.8218307495117 1.4904149770737 0.19799999892712
		endloop
	endfacet
	facet normal 0 0 -1
		outer loop
			vertex 4.537079334259 1.49600481987 0.19799999892712
			vertex 4.8307423591614 1.5299178361893 0.19799999892712
			vertex 4.8380103111267 1.4933788776398 0.19799999892712
		endloop
	endfacet
	facet normal 0 0 -1
		outer loop
			vertex 4.537079334259 1.49600481987 0.19799999892712
			vertex 4.8386001586914 1.5713850259781 0.19799999892712
			vertex 4.8307423591614 1.5299178361893 0.19799999892712
		endloop
	endfacet
	facet normal 0.55556542104504 -0.83147282754102 0
		outer loop
			vertex 4.4860925674438 1.5595271587372 0
			vertex 4.4992270469666 1.5683032274246 0
			vertex 4.4992270469666 1.5683032274246 0.19799999892712
		endloop
	endfacet
	facet normal 0.55556542104504 -0.83147282754102 0
		outer loop
			vertex 4.4860925674438 1.5595271587372 0
			vertex 4.4992270469666 1.5683032274246 0.19799999892712
			vertex 4.4860925674438 1.5595271587372 0.19799999892712
		endloop
	endfacet
	facet normal 0 0 -1
		outer loop
			vertex 4.5147199630737 1.5309000015259 0.19799999892712
			vertex 4.5046672821045 1.5409525632858 0.19799999892712
			vertex 4.5147199630737 1.5451164245605 0.19799999892712
		endloop
	endfacet
	facet normal 0 0 -1
		outer loop
			vertex 4.4992270469666 1.5463929176331 0.19799999892712
			vertex 4.4860925674438 1.5595271587372 0.19799999892712
			vertex 4.4992270469666 1.5683032274246 0.19799999892712
		endloop
	endfacet
	facet normal 0.98078448175191 -0.1950943370645 0
		outer loop
			vertex 4.3662748336792 1.4229400157928 0
			vertex 4.3693566322327 1.4384329319 0
			vertex 4.3693566322327 1.4384329319 0.19799999892712
		endloop
	endfacet
	facet normal 0.83146468287841 -0.55557761035332 0
		outer loop
			vertex 4.3693566322327 1.4384329319 0
			vertex 4.3781328201294 1.4515671730042 0
			vertex 4.3781328201294 1.4515671730042 0.19799999892712
		endloop
	endfacet
	facet normal 0.98078448175191 -0.1950943370645 0
		outer loop
			vertex 4.3662748336792 1.4229400157928 0
			vertex 4.3693566322327 1.4384329319 0.19799999892712
			vertex 4.3662748336792 1.4229400157928 0.19799999892712
		endloop
	endfacet
	facet normal 0.83146468287841 -0.55557761035332 0
		outer loop
			vertex 4.3693566322327 1.4384329319 0
			vertex 4.3781328201294 1.4515671730042 0.19799999892712
			vertex 4.3693566322327 1.4384329319 0.19799999892712
		endloop
	endfacet
	facet normal 0 0 -1
		outer loop
			vertex 4.3662748336792 1.4229400157928 0.19799999892712
			vertex 4.3693566322327 1.4384329319 0.19799999892712
			vertex 4.3781328201294 1.4515671730042 0.19799999892712
		endloop
	endfacet
	facet normal 0 0 -1
		outer loop
			vertex 4.3912672996521 1.3896172046661 0.19799999892712
			vertex 4.3662748336792 1.4229400157928 0.19799999892712
			vertex 4.3781328201294 1.4515671730042 0.19799999892712
		endloop
	endfacet
	facet normal 0 0 -1
		outer loop
			vertex 4.3781328201294 1.4515671730042 0.19799999892712
			vertex 4.4047131538391 1.424987077713 0.19799999892712
			vertex 4.3987069129944 1.4229400157928 0.19799999892712
		endloop
	endfacet
	facet normal 0 0 -1
		outer loop
			vertex 4.3912672996521 1.3896172046661 0.19799999892712
			vertex 4.3781328201294 1.4515671730042 0.19799999892712
			vertex 4.3987069129944 1.4229400157928 0.19799999892712
		endloop
	endfacet
	facet normal 0 0 -1
		outer loop
			vertex 4.3987069129944 1.4229400157928 0.19799999892712
			vertex 4.4047131538391 1.424987077713 0.19799999892712
			vertex 4.4441733360291 1.4229400157928 0.19799999892712
		endloop
	endfacet
	facet normal 0.98078448175191 0.1950943370645 0
		outer loop
			vertex 4.3693566322327 1.2994871139526 0
			vertex 4.3662748336792 1.3149800300598 0
			vertex 4.3662748336792 1.3149800300598 0.19799999892712
		endloop
	endfacet
	facet normal 0.83146701222603 0.55557412428939 -0
		outer loop
			vertex 4.3693566322327 1.2994871139526 0
			vertex 4.3693566322327 1.2994871139526 0.19799999892712
			vertex 4.3781328201294 1.2863527536392 0
		endloop
	endfacet
	facet normal 0.98078448175191 0.1950943370645 -0
		outer loop
			vertex 4.3693566322327 1.2994871139526 0
			vertex 4.3662748336792 1.3149800300598 0.19799999892712
			vertex 4.3693566322327 1.2994871139526 0.19799999892712
		endloop
	endfacet
	facet normal 0.83146701222603 0.55557412428939 -0
		outer loop
			vertex 4.3781328201294 1.2863527536392 0
			vertex 4.3693566322327 1.2994871139526 0.19799999892712
			vertex 4.3781328201294 1.2863527536392 0.19799999892712
		endloop
	endfacet
	facet normal 0 0 -1
		outer loop
			vertex 4.3693566322327 1.2994871139526 0.19799999892712
			vertex 4.3662748336792 1.3149800300598 0.19799999892712
			vertex 4.3781328201294 1.2863527536392 0.19799999892712
		endloop
	endfacet
	facet normal 0 0 -1
		outer loop
			vertex 4.3781328201294 1.2863527536392 0.19799999892712
			vertex 4.3662748336792 1.3149800300598 0.19799999892712
			vertex 4.4067602157593 1.3149800300598 0.19799999892712
		endloop
	endfacet
	facet normal 0 0 -1
		outer loop
			vertex 4.4171276092529 1.3253477811813 0.19799999892712
			vertex 4.4222531318665 1.3483027219772 0.19799999892712
			vertex 4.4298944473267 1.3381142616272 0.19799999892712
		endloop
	endfacet
	facet normal 0 0 -1
		outer loop
			vertex 4.5147199630737 1.2070200443268 0.19799999892712
			vertex 4.5190906524658 1.2255333662033 0.19799999892712
			vertex 4.5263981819153 1.1887941360474 0.19799999892712
		endloop
	endfacet
	facet normal -0.55557936535473 -0.83146351019876 0
		outer loop
			vertex 4.8672270774841 1.2356472015381 0
			vertex 4.8672270774841 1.2356472015381 0.19799999892712
			vertex 4.8540930747986 1.2444232702255 0
		endloop
	endfacet
	facet normal -0.19508707769927 -0.9807859257324 0
		outer loop
			vertex 4.8386001586914 1.2475049495697 0
			vertex 4.8540930747986 1.2444232702255 0
			vertex 4.8540930747986 1.2444232702255 0.19799999892712
		endloop
	endfacet
	facet normal -0.19508707769927 -0.9807859257324 0
		outer loop
			vertex 4.8386001586914 1.2475049495697 0
			vertex 4.8540930747986 1.2444232702255 0.19799999892712
			vertex 4.8386001586914 1.2475049495697 0.19799999892712
		endloop
	endfacet
	facet normal -0.55557936535473 -0.83146351019876 0
		outer loop
			vertex 4.8540930747986 1.2444232702255 0
			vertex 4.8672270774841 1.2356472015381 0.19799999892712
			vertex 4.8540930747986 1.2444232702255 0.19799999892712
		endloop
	endfacet
	facet normal 0 0 -1
		outer loop
			vertex 4.8379421234131 1.1698087453842 0.19799999892712
			vertex 4.8231072425842 1.2436317205429 0.19799999892712
			vertex 4.8386001586914 1.169606924057 0.19799999892712
		endloop
	endfacet
	facet normal 0 0 -1
		outer loop
			vertex 4.8386001586914 1.169606924057 0.19799999892712
			vertex 4.8231072425842 1.2436317205429 0.19799999892712
			vertex 4.8386001586914 1.2475049495697 0.19799999892712
		endloop
	endfacet
	facet normal 0 0 -1
		outer loop
			vertex 4.8386001586914 1.169606924057 0.19799999892712
			vertex 4.8386001586914 1.2475049495697 0.19799999892712
			vertex 4.8453168869019 1.2137368917465 0.19799999892712
		endloop
	endfacet
	facet normal 0 0 -1
		outer loop
			vertex 4.8453168869019 1.2137368917465 0.19799999892712
			vertex 4.8386001586914 1.2475049495697 0.19799999892712
			vertex 4.8540930747986 1.2444232702255 0.19799999892712
		endloop
	endfacet
	facet normal 0 0 -1
		outer loop
			vertex 4.8453168869019 1.2137368917465 0.19799999892712
			vertex 4.8540930747986 1.2444232702255 0.19799999892712
			vertex 4.8672270774841 1.2356472015381 0.19799999892712
		endloop
	endfacet
	facet normal -0.83146468287841 -0.55557761035332 0
		outer loop
			vertex 4.9751873016357 1.1276872158051 0
			vertex 4.9839634895325 1.1145529747009 0
			vertex 4.9839634895325 1.1145529747009 0.19799999892712
		endloop
	endfacet
	facet normal -0.98079025737698 -0.19506529941122 0
		outer loop
			vertex 4.9870448112488 1.0990600585938 0
			vertex 4.9870448112488 1.0990600585938 0.19799999892712
			vertex 4.9839634895325 1.1145529747009 0
		endloop
	endfacet
	facet normal -0.83146468287841 -0.55557761035332 0
		outer loop
			vertex 4.9751873016357 1.1276872158051 0
			vertex 4.9839634895325 1.1145529747009 0.19799999892712
			vertex 4.9751873016357 1.1276872158051 0.19799999892712
		endloop
	endfacet
	facet normal -0.98079025737698 -0.19506529941122 0
		outer loop
			vertex 4.9839634895325 1.1145529747009 0
			vertex 4.9870448112488 1.0990600585938 0.19799999892712
			vertex 4.9839634895325 1.1145529747009 0.19799999892712
		endloop
	endfacet
	facet normal 0 0 -1
		outer loop
			vertex 4.9234256744385 1.0759257078171 0.19799999892712
			vertex 4.936192035675 1.0886921882629 0.19799999892712
			vertex 4.9310669898987 1.065737247467 0.19799999892712
		endloop
	endfacet
	facet normal 0 0 -1
		outer loop
			vertex 4.9465599060059 1.0990600585938 0.19799999892712
			vertex 4.9751873016357 1.1276872158051 0.19799999892712
			vertex 4.9870448112488 1.0990600585938 0.19799999892712
		endloop
	endfacet
	facet normal 0 0 -1
		outer loop
			vertex 4.9870448112488 1.0990600585938 0.19799999892712
			vertex 4.9751873016357 1.1276872158051 0.19799999892712
			vertex 4.9839634895325 1.1145529747009 0.19799999892712
		endloop
	endfacet
	facet normal -0.55556544214496 0.83147281344267 0
		outer loop
			vertex 4.964457988739 0.95530378818512 0
			vertex 4.964457988739 0.95530378818512 0.19799999892712
			vertex 4.9751873016357 0.96247279644012 0
		endloop
	endfacet
	facet normal -0.83146468287841 0.55557761035332 0
		outer loop
			vertex 4.9751873016357 0.96247279644012 0
			vertex 4.9751873016357 0.96247279644012 0.19799999892712
			vertex 4.9839634895325 0.97560703754425 0
		endloop
	endfacet
	facet normal -0.9807904009526 0.19506457751019 0
		outer loop
			vertex 4.9839634895325 0.97560703754425 0
			vertex 4.9839634895325 0.97560703754425 0.19799999892712
			vertex 4.9870448112488 0.99110001325607 0
		endloop
	endfacet
	facet normal -0.55556544214496 0.83147281344267 0
		outer loop
			vertex 4.9751873016357 0.96247279644012 0
			vertex 4.964457988739 0.95530378818512 0.19799999892712
			vertex 4.9751873016357 0.96247279644012 0.19799999892712
		endloop
	endfacet
	facet normal -0.83146468287841 0.55557761035332 0
		outer loop
			vertex 4.9839634895325 0.97560703754425 0
			vertex 4.9751873016357 0.96247279644012 0.19799999892712
			vertex 4.9839634895325 0.97560703754425 0.19799999892712
		endloop
	endfacet
	facet normal -0.9807904009526 0.19506457751019 0
		outer loop
			vertex 4.9870448112488 0.99110001325607 0
			vertex 4.9839634895325 0.97560703754425 0.19799999892712
			vertex 4.9870448112488 0.99110001325607 0.19799999892712
		endloop
	endfacet
	facet normal 0 -0 -1
		outer loop
			vertex 4.9079003334045 0.99110001325607 0.19799999892712
			vertex 4.9477324485779 0.98875492811203 0.19799999892712
			vertex 4.906548500061 0.9887188076973 0.19799999892712
		endloop
	endfacet
	facet normal 0 0 -1
		outer loop
			vertex 4.964457988739 0.95530378818512 0.19799999892712
			vertex 4.9477324485779 0.98875492811203 0.19799999892712
			vertex 4.9546127319336 0.99110001325607 0.19799999892712
		endloop
	endfacet
	facet normal 0 0 -1
		outer loop
			vertex 4.964457988739 0.95530378818512 0.19799999892712
			vertex 4.962052822113 1.0244227647781 0.19799999892712
			vertex 4.9751873016357 0.96247279644012 0.19799999892712
		endloop
	endfacet
	facet normal 0 0 -1
		outer loop
			vertex 4.9079003334045 0.99110001325607 0.19799999892712
			vertex 4.9546127319336 0.99110001325607 0.19799999892712
			vertex 4.9477324485779 0.98875492811203 0.19799999892712
		endloop
	endfacet
	facet normal 0 0 -1
		outer loop
			vertex 4.964457988739 0.95530378818512 0.19799999892712
			vertex 4.9546127319336 0.99110001325607 0.19799999892712
			vertex 4.962052822113 1.0244227647781 0.19799999892712
		endloop
	endfacet
	facet normal 0 0 -1
		outer loop
			vertex 4.962052822113 1.0244227647781 0.19799999892712
			vertex 4.9870448112488 0.99110001325607 0.19799999892712
			vertex 4.9751873016357 0.96247279644012 0.19799999892712
		endloop
	endfacet
	facet normal 0 0 -1
		outer loop
			vertex 4.9751873016357 0.96247279644012 0.19799999892712
			vertex 4.9870448112488 0.99110001325607 0.19799999892712
			vertex 4.9839634895325 0.97560703754425 0.19799999892712
		endloop
	endfacet
	facet normal -0.19509070738589 0.98078520374834 0
		outer loop
			vertex 4.8386001586914 0.89663499593735 0
			vertex 4.8386001586914 0.89663499593735 0.19799999892712
			vertex 4.8540930747986 0.89971673488617 0
		endloop
	endfacet
	facet normal -0.55556532691943 0.83147289043294 0
		outer loop
			vertex 4.8540930747986 0.89971673488617 0
			vertex 4.8540930747986 0.89971673488617 0.19799999892712
			vertex 4.8564982414246 0.9013237953186 0
		endloop
	endfacet
	facet normal -0.19509070738589 0.98078520374834 0
		outer loop
			vertex 4.8540930747986 0.89971673488617 0
			vertex 4.8386001586914 0.89663499593735 0.19799999892712
			vertex 4.8540930747986 0.89971673488617 0.19799999892712
		endloop
	endfacet
	facet normal -0.55556532691943 0.83147289043294 0
		outer loop
			vertex 4.8564982414246 0.9013237953186 0
			vertex 4.8540930747986 0.89971673488617 0.19799999892712
			vertex 4.8564982414246 0.9013237953186 0.19799999892712
		endloop
	endfacet
	facet normal 0 0 -1
		outer loop
			vertex 4.8386001586914 0.89663499593735 0.19799999892712
			vertex 4.8249974250793 0.96432536840439 0.19799999892712
			vertex 4.8540930747986 0.90613412857056 0.19799999892712
		endloop
	endfacet
	facet normal 0 0 -1
		outer loop
			vertex 4.8386001586914 0.89663499593735 0.19799999892712
			vertex 4.8540930747986 0.90613412857056 0.19799999892712
			vertex 4.8540930747986 0.89971673488617 0.19799999892712
		endloop
	endfacet
	facet normal 0 0 -1
		outer loop
			vertex 4.8540930747986 0.90613412857056 0.19799999892712
			vertex 4.8564982414246 0.9013237953186 0.19799999892712
			vertex 4.8540930747986 0.89971673488617 0.19799999892712
		endloop
	endfacet
	facet normal 0 0 -1
		outer loop
			vertex 4.8540930747986 0.90613412857056 0.19799999892712
			vertex 4.8572115898132 0.90180039405823 0.19799999892712
			vertex 4.8564982414246 0.9013237953186 0.19799999892712
		endloop
	endfacet
	facet normal 0 0 -1
		outer loop
			vertex 4.8540930747986 0.90613412857056 0.19799999892712
			vertex 4.8656139373779 0.91660332679749 0.19799999892712
			vertex 4.8572115898132 0.90180039405823 0.19799999892712
		endloop
	endfacet
	facet normal 0.55556532691943 0.83147289043294 -0
		outer loop
			vertex 4.4968218803406 0.9013237953186 0
			vertex 4.4968218803406 0.9013237953186 0.19799999892712
			vertex 4.4992270469666 0.89971673488617 0
		endloop
	endfacet
	facet normal 0.19509070738589 0.98078520374834 -0
		outer loop
			vertex 4.4992270469666 0.89971673488617 0
			vertex 4.4992270469666 0.89971673488617 0.19799999892712
			vertex 4.5147199630737 0.89663499593735 0
		endloop
	endfacet
	facet normal 0.55556532691943 0.83147289043294 -0
		outer loop
			vertex 4.4992270469666 0.89971673488617 0
			vertex 4.4968218803406 0.9013237953186 0.19799999892712
			vertex 4.4992270469666 0.89971673488617 0.19799999892712
		endloop
	endfacet
	facet normal 0.19509070738589 0.98078520374834 -0
		outer loop
			vertex 4.5147199630737 0.89663499593735 0
			vertex 4.4992270469666 0.89971673488617 0.19799999892712
			vertex 4.5147199630737 0.89663499593735 0.19799999892712
		endloop
	endfacet
	facet normal 0 -0 -1
		outer loop
			vertex 4.4983139038086 0.90430772304535 0.19799999892712
			vertex 4.4992270469666 0.89971673488617 0.19799999892712
			vertex 4.4968218803406 0.9013237953186 0.19799999892712
		endloop
	endfacet
	facet normal 0 0 -1
		outer loop
			vertex 4.4983139038086 0.90430772304535 0.19799999892712
			vertex 4.4992270469666 0.96903312206268 0.19799999892712
			vertex 4.4992270469666 0.89971673488617 0.19799999892712
		endloop
	endfacet
	facet normal 0 0 -1
		outer loop
			vertex 4.4992270469666 0.89971673488617 0.19799999892712
			vertex 4.5147199630737 0.97101491689682 0.19799999892712
			vertex 4.5147199630737 0.89663499593735 0.19799999892712
		endloop
	endfacet
	facet normal 0 0 -1
		outer loop
			vertex 4.4992270469666 0.89971673488617 0.19799999892712
			vertex 4.4992270469666 0.96903312206268 0.19799999892712
			vertex 4.5147199630737 0.97101491689682 0.19799999892712
		endloop
	endfacet
	facet normal 0.98078462536944 0.1950936150645 0
		outer loop
			vertex 4.3693566322327 0.97560703754425 0
			vertex 4.3662748336792 0.99110001325607 0
			vertex 4.3662748336792 0.99110001325607 0.19799999892712
		endloop
	endfacet
	facet normal 0.55556544214496 0.83147281344267 -0
		outer loop
			vertex 4.3781328201294 0.96247279644012 0
			vertex 4.3781328201294 0.96247279644012 0.19799999892712
			vertex 4.3888621330261 0.95530378818512 0
		endloop
	endfacet
	facet normal 0.83146468287841 0.55557761035332 -0
		outer loop
			vertex 4.3693566322327 0.97560703754425 0
			vertex 4.3693566322327 0.97560703754425 0.19799999892712
			vertex 4.3781328201294 0.96247279644012 0
		endloop
	endfacet
	facet normal 0.98078462536944 0.1950936150645 -0
		outer loop
			vertex 4.3693566322327 0.97560703754425 0
			vertex 4.3662748336792 0.99110001325607 0.19799999892712
			vertex 4.3693566322327 0.97560703754425 0.19799999892712
		endloop
	endfacet
	facet normal 0.55556544214496 0.83147281344267 -0
		outer loop
			vertex 4.3888621330261 0.95530378818512 0
			vertex 4.3781328201294 0.96247279644012 0.19799999892712
			vertex 4.3888621330261 0.95530378818512 0.19799999892712
		endloop
	endfacet
	facet normal 0.83146468287841 0.55557761035332 -0
		outer loop
			vertex 4.3781328201294 0.96247279644012 0
			vertex 4.3693566322327 0.97560703754425 0.19799999892712
			vertex 4.3781328201294 0.96247279644012 0.19799999892712
		endloop
	endfacet
	facet normal 0 0 -1
		outer loop
			vertex 4.3888621330261 0.95530378818512 0.19799999892712
			vertex 4.4016065597534 0.98079293966293 0.19799999892712
			vertex 4.3893494606018 0.95497798919678 0.19799999892712
		endloop
	endfacet
	facet normal 0 0 -1
		outer loop
			vertex 4.3693566322327 0.97560703754425 0.19799999892712
			vertex 4.3662748336792 0.99110001325607 0.19799999892712
			vertex 4.4016065597534 0.98079293966293 0.19799999892712
		endloop
	endfacet
	facet normal 0 0 -1
		outer loop
			vertex 4.3693566322327 0.97560703754425 0.19799999892712
			vertex 4.4016065597534 0.98079293966293 0.19799999892712
			vertex 4.3781328201294 0.96247279644012 0.19799999892712
		endloop
	endfacet
	facet normal 0 0 -1
		outer loop
			vertex 4.3781328201294 0.96247279644012 0.19799999892712
			vertex 4.4016065597534 0.98079293966293 0.19799999892712
			vertex 4.3888621330261 0.95530378818512 0.19799999892712
		endloop
	endfacet
	facet normal -0 0 -1
		outer loop
			vertex 4.3923120498657 0.9553570151329 0.19799999892712
			vertex 4.3893494606018 0.95497798919678 0.19799999892712
			vertex 4.4016065597534 0.98079293966293 0.19799999892712
		endloop
	endfacet
	facet normal 0 0 -1
		outer loop
			vertex 4.3662748336792 0.99110001325607 0.19799999892712
			vertex 4.4067602157593 0.99110001325607 0.19799999892712
			vertex 4.4016065597534 0.98079293966293 0.19799999892712
		endloop
	endfacet
	facet normal 0 0 -1
		outer loop
			vertex 4.421187877655 0.95905065536499 0.19799999892712
			vertex 4.4226007461548 1.0227817296982 0.19799999892712
			vertex 4.4324150085449 0.96048676967621 0.19799999892712
		endloop
	endfacet
	facet normal 0 0 -1
		outer loop
			vertex 4.421187877655 0.95905065536499 0.19799999892712
			vertex 4.4222531318665 1.0244227647781 0.19799999892712
			vertex 4.4226007461548 1.0227817296982 0.19799999892712
		endloop
	endfacet
	facet normal 0 0 -1
		outer loop
			vertex 4.421187877655 0.95905065536499 0.19799999892712
			vertex 4.4213104248047 1.0202004909515 0.19799999892712
			vertex 4.4222531318665 1.0244227647781 0.19799999892712
		endloop
	endfacet
	facet normal 0 0 -1
		outer loop
			vertex 4.4222531318665 1.0244227647781 0.19799999892712
			vertex 4.422954082489 1.0234880447388 0.19799999892712
			vertex 4.4226007461548 1.0227817296982 0.19799999892712
		endloop
	endfacet
	facet normal 0.98078448175191 -0.1950943370645 0
		outer loop
			vertex 4.3662748336792 1.0990600585938 0
			vertex 4.3693566322327 1.1145529747009 0
			vertex 4.3693566322327 1.1145529747009 0.19799999892712
		endloop
	endfacet
	facet normal 0.83146468287841 -0.55557761035332 0
		outer loop
			vertex 4.3693566322327 1.1145529747009 0
			vertex 4.3781328201294 1.1276872158051 0
			vertex 4.3781328201294 1.1276872158051 0.19799999892712
		endloop
	endfacet
	facet normal 0.98078448175191 -0.1950943370645 0
		outer loop
			vertex 4.3662748336792 1.0990600585938 0
			vertex 4.3693566322327 1.1145529747009 0.19799999892712
			vertex 4.3662748336792 1.0990600585938 0.19799999892712
		endloop
	endfacet
	facet normal 0.83146468287841 -0.55557761035332 0
		outer loop
			vertex 4.3693566322327 1.1145529747009 0
			vertex 4.3781328201294 1.1276872158051 0.19799999892712
			vertex 4.3693566322327 1.1145529747009 0.19799999892712
		endloop
	endfacet
	facet normal 0 0 -1
		outer loop
			vertex 4.3662748336792 1.0990600585938 0.19799999892712
			vertex 4.3693566322327 1.1145529747009 0.19799999892712
			vertex 4.3693566322327 1.0949510335922 0.19799999892712
		endloop
	endfacet
	facet normal 0 0 -1
		outer loop
			vertex 4.3662748336792 1.0990600585938 0.19799999892712
			vertex 4.3693566322327 1.0949510335922 0.19799999892712
			vertex 4.3693566322327 1.0922055244446 0.19799999892712
		endloop
	endfacet
	facet normal 0 0 -1
		outer loop
			vertex 4.3912672996521 1.065737247467 0.19799999892712
			vertex 4.3693566322327 1.1145529747009 0.19799999892712
			vertex 4.3781328201294 1.1276872158051 0.19799999892712
		endloop
	endfacet
	facet normal 0 0 -1
		outer loop
			vertex 4.3693566322327 1.0949510335922 0.19799999892712
			vertex 4.3693566322327 1.1145529747009 0.19799999892712
			vertex 4.3912672996521 1.065737247467 0.19799999892712
		endloop
	endfacet
	facet normal 0 0 -1
		outer loop
			vertex 4.3912672996521 1.065737247467 0.19799999892712
			vertex 4.3781328201294 1.1276872158051 0.19799999892712
			vertex 4.3987069129944 1.0990600585938 0.19799999892712
		endloop
	endfacet
	facet normal -0 0 -1
		outer loop
			vertex 4.4468355178833 1.1011176109314 0.19799999892712
			vertex 4.4441633224487 1.0990642309189 0.19799999892712
			vertex 4.4460368156433 1.1051330566406 0.19799999892712
		endloop
	endfacet
	facet normal 0 0 -1
		outer loop
			vertex 4.4468355178833 1.1011176109314 0.19799999892712
			vertex 4.4441633224487 1.0990600585938 0.19799999892712
			vertex 4.4441633224487 1.0990642309189 0.19799999892712
		endloop
	endfacet
	facet normal 0 0 -1
		outer loop
			vertex 4.4468355178833 1.1011176109314 0.19799999892712
			vertex 4.4456458091736 1.0910204648972 0.19799999892712
			vertex 4.4441633224487 1.0990600585938 0.19799999892712
		endloop
	endfacet
	facet normal 0 0 -1
		outer loop
			vertex 4.3987069129944 1.0990600585938 0.19799999892712
			vertex 4.3781328201294 1.1276872158051 0.19799999892712
			vertex 4.4067602157593 1.0990600585938 0.19799999892712
		endloop
	endfacet
	facet normal 0 0 -1
		outer loop
			vertex 4.4906697273254 1.2126383781433 0.19799999892712
			vertex 4.4874725341797 1.2287101745605 0.19799999892712
			vertex 4.4992270469666 1.2225171327591 0.19799999892712
		endloop
	endfacet
	facet normal 0 0 -1
		outer loop
			vertex 4.4906697273254 1.2126383781433 0.19799999892712
			vertex 4.4992270469666 1.2225171327591 0.19799999892712
			vertex 4.4992270469666 1.222512960434 0.19799999892712
		endloop
	endfacet
	facet normal -0.1950461477001 0.98079406618686 0
		outer loop
			vertex 4.8512558937073 1.2770124673843 0
			vertex 4.8512558937073 1.2770124673843 0.19799999892712
			vertex 4.8540930747986 1.2775766849518 0
		endloop
	endfacet
	facet normal -0.55557936535473 0.83146351019876 0
		outer loop
			vertex 4.8540930747986 1.2775766849518 0
			vertex 4.8540930747986 1.2775766849518 0.19799999892712
			vertex 4.8672270774841 1.2863527536392 0
		endloop
	endfacet
	facet normal -0.1950461477001 0.98079406618686 0
		outer loop
			vertex 4.8540930747986 1.2775766849518 0
			vertex 4.8512558937073 1.2770124673843 0.19799999892712
			vertex 4.8540930747986 1.2775766849518 0.19799999892712
		endloop
	endfacet
	facet normal -0.55557936535473 0.83146351019876 0
		outer loop
			vertex 4.8672270774841 1.2863527536392 0
			vertex 4.8540930747986 1.2775766849518 0.19799999892712
			vertex 4.8672270774841 1.2863527536392 0.19799999892712
		endloop
	endfacet
	facet normal 0 0 -1
		outer loop
			vertex 4.8072156906128 1.3002132177353 0.19799999892712
			vertex 4.8099570274353 1.3435835838318 0.19799999892712
			vertex 4.8099761009216 1.3435897827148 0.19799999892712
		endloop
	endfacet
	facet normal 0 0 -1
		outer loop
			vertex 4.8072156906128 1.3002132177353 0.19799999892712
			vertex 4.8099465370178 1.3435682058334 0.19799999892712
			vertex 4.8099570274353 1.3435835838318 0.19799999892712
		endloop
	endfacet
	facet normal 0 0 -1
		outer loop
			vertex 4.8072156906128 1.3002132177353 0.19799999892712
			vertex 4.8099761009216 1.3435897827148 0.19799999892712
			vertex 4.8100571632385 1.3436634540558 0.19799999892712
		endloop
	endfacet
	facet normal 0 0 -1
		outer loop
			vertex 4.8072156906128 1.3002132177353 0.19799999892712
			vertex 4.8100571632385 1.3436634540558 0.19799999892712
			vertex 4.8231072425842 1.3400480747223 0.19799999892712
		endloop
	endfacet
	facet normal 0 0 -1
		outer loop
			vertex 4.8072156906128 1.3002132177353 0.19799999892712
			vertex 4.8231072425842 1.3400480747223 0.19799999892712
			vertex 4.8386001586914 1.3149800300598 0.19799999892712
		endloop
	endfacet
	facet normal 0 0 -1
		outer loop
			vertex 4.8512558937073 1.2770124673843 0.19799999892712
			vertex 4.8386001586914 1.3149800300598 0.19799999892712
			vertex 4.8540930747986 1.2775766849518 0.19799999892712
		endloop
	endfacet
	facet normal 0 0 -1
		outer loop
			vertex 4.8540930747986 1.2775766849518 0.19799999892712
			vertex 4.8386001586914 1.3149800300598 0.19799999892712
			vertex 4.855682849884 1.3443912267685 0.19799999892712
		endloop
	endfacet
	facet normal 0 0 -1
		outer loop
			vertex 4.8540930747986 1.2775766849518 0.19799999892712
			vertex 4.855682849884 1.3443912267685 0.19799999892712
			vertex 4.8672270774841 1.2863527536392 0.19799999892712
		endloop
	endfacet
	facet normal -0.83146701222603 0.55557412428939 0
		outer loop
			vertex 4.9751873016357 1.3943127393723 0
			vertex 4.9751873016357 1.3943127393723 0.19799999892712
			vertex 4.9839634895325 1.4074470996857 0
		endloop
	endfacet
	facet normal -0.98079025737698 0.19506529941122 0
		outer loop
			vertex 4.9839634895325 1.4074470996857 0
			vertex 4.9839634895325 1.4074470996857 0.19799999892712
			vertex 4.9870448112488 1.4229400157928 0
		endloop
	endfacet
	facet normal -0.83146468287841 -0.55557761035332 0
		outer loop
			vertex 4.9751873016357 1.4515671730042 0
			vertex 4.9839634895325 1.4384329319 0
			vertex 4.9839634895325 1.4384329319 0.19799999892712
		endloop
	endfacet
	facet normal -0.98079025737698 -0.19506529941122 0
		outer loop
			vertex 4.9870448112488 1.4229400157928 0
			vertex 4.9870448112488 1.4229400157928 0.19799999892712
			vertex 4.9839634895325 1.4384329319 0
		endloop
	endfacet
	facet normal -0.83146701222603 0.55557412428939 0
		outer loop
			vertex 4.9839634895325 1.4074470996857 0
			vertex 4.9751873016357 1.3943127393723 0.19799999892712
			vertex 4.9839634895325 1.4074470996857 0.19799999892712
		endloop
	endfacet
	facet normal -0.98079025737698 0.19506529941122 0
		outer loop
			vertex 4.9870448112488 1.4229400157928 0
			vertex 4.9839634895325 1.4074470996857 0.19799999892712
			vertex 4.9870448112488 1.4229400157928 0.19799999892712
		endloop
	endfacet
	facet normal -0.83146468287841 -0.55557761035332 0
		outer loop
			vertex 4.9751873016357 1.4515671730042 0
			vertex 4.9839634895325 1.4384329319 0.19799999892712
			vertex 4.9751873016357 1.4515671730042 0.19799999892712
		endloop
	endfacet
	facet normal -0.98079025737698 -0.19506529941122 0
		outer loop
			vertex 4.9839634895325 1.4384329319 0
			vertex 4.9870448112488 1.4229400157928 0.19799999892712
			vertex 4.9839634895325 1.4384329319 0.19799999892712
		endloop
	endfacet
	facet normal 0 0 -1
		outer loop
			vertex 4.9751873016357 1.3943127393723 0.19799999892712
			vertex 4.9751873016357 1.4515671730042 0.19799999892712
			vertex 4.9839634895325 1.4074470996857 0.19799999892712
		endloop
	endfacet
	facet normal 0 0 -1
		outer loop
			vertex 4.9416174888611 1.4278823137283 0.19799999892712
			vertex 4.9465599060059 1.4603531360626 0.19799999892712
			vertex 4.9751873016357 1.4515671730042 0.19799999892712
		endloop
	endfacet
	facet normal 0 0 -1
		outer loop
			vertex 4.9751873016357 1.3943127393723 0.19799999892712
			vertex 4.9416174888611 1.4278823137283 0.19799999892712
			vertex 4.9751873016357 1.4515671730042 0.19799999892712
		endloop
	endfacet
	facet normal 0 0 -1
		outer loop
			vertex 4.9839634895325 1.4074470996857 0.19799999892712
			vertex 4.9751873016357 1.4515671730042 0.19799999892712
			vertex 4.9839634895325 1.4384329319 0.19799999892712
		endloop
	endfacet
	facet normal 0 0 -1
		outer loop
			vertex 4.9839634895325 1.4074470996857 0.19799999892712
			vertex 4.9839634895325 1.4384329319 0.19799999892712
			vertex 4.9870448112488 1.4229400157928 0.19799999892712
		endloop
	endfacet
	facet normal -0.1950943370645 -0.98078448175191 0
		outer loop
			vertex 4.8386001586914 1.5713850259781 0
			vertex 4.8540930747986 1.5683032274246 0
			vertex 4.8540930747986 1.5683032274246 0.19799999892712
		endloop
	endfacet
	facet normal -0.55557936535473 -0.83146351019876 0
		outer loop
			vertex 4.8540930747986 1.5683032274246 0
			vertex 4.8672270774841 1.5595271587372 0
			vertex 4.8672270774841 1.5595271587372 0.19799999892712
		endloop
	endfacet
	facet normal -0.1950943370645 -0.98078448175191 0
		outer loop
			vertex 4.8386001586914 1.5713850259781 0
			vertex 4.8540930747986 1.5683032274246 0.19799999892712
			vertex 4.8386001586914 1.5713850259781 0.19799999892712
		endloop
	endfacet
	facet normal -0.55557936535473 -0.83146351019876 0
		outer loop
			vertex 4.8540930747986 1.5683032274246 0
			vertex 4.8672270774841 1.5595271587372 0.19799999892712
			vertex 4.8540930747986 1.5683032274246 0.19799999892712
		endloop
	endfacet
	facet normal 0 0 -1
		outer loop
			vertex 4.8380103111267 1.4933788776398 0.19799999892712
			vertex 4.8386001586914 1.5309000015259 0.19799999892712
			vertex 4.8386001586914 1.4934868812561 0.19799999892712
		endloop
	endfacet
	facet normal 0 0 -1
		outer loop
			vertex 4.8380103111267 1.4933788776398 0.19799999892712
			vertex 4.8307423591614 1.5299178361893 0.19799999892712
			vertex 4.8386001586914 1.5309000015259 0.19799999892712
		endloop
	endfacet
	facet normal 0 0 -1
		outer loop
			vertex 4.8307423591614 1.5299178361893 0.19799999892712
			vertex 4.8386001586914 1.5713850259781 0.19799999892712
			vertex 4.8386001586914 1.5309000015259 0.19799999892712
		endloop
	endfacet
	facet normal 0 0 -1
		outer loop
			vertex 4.8386001586914 1.5309000015259 0.19799999892712
			vertex 4.8386001586914 1.5713850259781 0.19799999892712
			vertex 4.8672270774841 1.5595271587372 0.19799999892712
		endloop
	endfacet
	facet normal 0 0 -1
		outer loop
			vertex 4.8386001586914 1.5713850259781 0.19799999892712
			vertex 4.8540930747986 1.5683032274246 0.19799999892712
			vertex 4.8672270774841 1.5595271587372 0.19799999892712
		endloop
	endfacet
	facet normal 0.1950943370645 -0.98078448175191 0
		outer loop
			vertex 4.4992270469666 1.5683032274246 0
			vertex 4.5147199630737 1.5713850259781 0
			vertex 4.5147199630737 1.5713850259781 0.19799999892712
		endloop
	endfacet
	facet normal 0.1950943370645 -0.98078448175191 0
		outer loop
			vertex 4.4992270469666 1.5683032274246 0
			vertex 4.5147199630737 1.5713850259781 0.19799999892712
			vertex 4.4992270469666 1.5683032274246 0.19799999892712
		endloop
	endfacet
	facet normal 0 0 -1
		outer loop
			vertex 4.4992270469666 1.5463929176331 0.19799999892712
			vertex 4.4992270469666 1.5683032274246 0.19799999892712
			vertex 4.5147199630737 1.5451164245605 0.19799999892712
		endloop
	endfacet
	facet normal 0 0 -1
		outer loop
			vertex 4.4992270469666 1.5463929176331 0.19799999892712
			vertex 4.5147199630737 1.5451164245605 0.19799999892712
			vertex 4.5046672821045 1.5409525632858 0.19799999892712
		endloop
	endfacet
	facet normal 0 0 -1
		outer loop
			vertex 4.4992270469666 1.5683032274246 0.19799999892712
			vertex 4.5147199630737 1.5713850259781 0.19799999892712
			vertex 4.5147199630737 1.5451164245605 0.19799999892712
		endloop
	endfacet
	facet normal 0.70710853543918 -0.70710502692957 0
		outer loop
			vertex 12.612572669983 1.1276872158051 0.19799999892712
			vertex 12.516470909119 1.0315849781036 0
			vertex 12.612572669983 1.1276872158051 0
		endloop
	endfacet
	facet normal -0.70710443883099 0.70710912353434 0
		outer loop
			vertex 12.669827461243 1.0704327821732 0.19799999892712
			vertex 12.669827461243 1.0704327821732 0
			vertex 12.561866760254 0.96247279644012 0
		endloop
	endfacet
	facet normal 0.70710853543918 -0.70710502692957 0
		outer loop
			vertex 12.612572669983 1.1276872158051 0.19799999892712
			vertex 12.516470909119 1.0315849781036 0.19799999892712
			vertex 12.516470909119 1.0315849781036 0
		endloop
	endfacet
	facet normal -0.70710443883099 0.70710912353434 0
		outer loop
			vertex 12.669827461243 1.0704327821732 0.19799999892712
			vertex 12.561866760254 0.96247279644012 0
			vertex 12.561866760254 0.96247279644012 0.19799999892712
		endloop
	endfacet
	facet normal 0 0 -1
		outer loop
			vertex 12.612572669983 1.1276872158051 0.19799999892712
			vertex 12.561866760254 0.96247279644012 0.19799999892712
			vertex 12.533240318298 0.99110001325607 0.19799999892712
		endloop
	endfacet
	facet normal 0 0 -1
		outer loop
			vertex 12.612572669983 1.1276872158051 0.19799999892712
			vertex 12.533240318298 0.99110001325607 0.19799999892712
			vertex 12.516470909119 1.0315849781036 0.19799999892712
		endloop
	endfacet
	facet normal 0 -0 -1
		outer loop
			vertex 12.612572669983 1.1276872158051 0.19799999892712
			vertex 12.669827461243 1.0704327821732 0.19799999892712
			vertex 12.561866760254 0.96247279644012 0.19799999892712
		endloop
	endfacet
	facet normal 0 1 0
		outer loop
			vertex 12.209360122681 0.95061498880386 0.19799999892712
			vertex 12.533240318298 0.95061498880386 0
			vertex 12.209360122681 0.95061498880386 0
		endloop
	endfacet
	facet normal 0 -1 -0
		outer loop
			vertex 12.516470909119 1.0315849781036 0.19799999892712
			vertex 12.22612953186 1.0315849781036 0
			vertex 12.516470909119 1.0315849781036 0
		endloop
	endfacet
	facet normal 0 -1 0
		outer loop
			vertex 12.22612953186 1.0315849781036 0.19799999892712
			vertex 12.22612953186 1.0315849781036 0
			vertex 12.516470909119 1.0315849781036 0.19799999892712
		endloop
	endfacet
	facet normal -0 1 0
		outer loop
			vertex 12.209360122681 0.95061498880386 0.19799999892712
			vertex 12.533240318298 0.95061498880386 0.19799999892712
			vertex 12.533240318298 0.95061498880386 0
		endloop
	endfacet
	facet normal 0 0 -1
		outer loop
			vertex 12.210018157959 1.028311252594 0.19799999892712
			vertex 12.231719017029 1.0259951353073 0.19799999892712
			vertex 12.224852561951 0.95448821783066 0.19799999892712
		endloop
	endfacet
	facet normal 0 0 -1
		outer loop
			vertex 12.209360122681 0.95061498880386 0.19799999892712
			vertex 12.224852561951 0.95448821783066 0.19799999892712
			vertex 12.533240318298 0.95061498880386 0.19799999892712
		endloop
	endfacet
	facet normal 0 -0 -1
		outer loop
			vertex 12.231719017029 1.0259951353073 0.19799999892712
			vertex 12.533240318298 0.95061498880386 0.19799999892712
			vertex 12.224852561951 0.95448821783066 0.19799999892712
		endloop
	endfacet
	facet normal 0 0 -1
		outer loop
			vertex 12.22612953186 1.0315849781036 0.19799999892712
			vertex 12.516470909119 1.0315849781036 0.19799999892712
			vertex 12.231719017029 1.0259951353073 0.19799999892712
		endloop
	endfacet
	facet normal 0 0 -1
		outer loop
			vertex 12.231719017029 1.0259951353073 0.19799999892712
			vertex 12.516470909119 1.0315849781036 0.19799999892712
			vertex 12.533240318298 0.99110001325607 0.19799999892712
		endloop
	endfacet
	facet normal 0 0 -1
		outer loop
			vertex 12.231719017029 1.0259951353073 0.19799999892712
			vertex 12.533240318298 0.99110001325607 0.19799999892712
			vertex 12.533240318298 0.95061498880386 0.19799999892712
		endloop
	endfacet
	facet normal 0.70710756197346 0.70710600039878 0
		outer loop
			vertex 12.072772979736 1.0704327821732 0.19799999892712
			vertex 12.180732727051 0.96247279644012 0
			vertex 12.072772979736 1.0704327821732 0
		endloop
	endfacet
	facet normal -0.70710578060315 -0.70710778176853 -0
		outer loop
			vertex 12.22612953186 1.0315849781036 0.19799999892712
			vertex 12.141884803772 1.1158294677734 0
			vertex 12.22612953186 1.0315849781036 0
		endloop
	endfacet
	facet normal 0.70710756197346 0.70710600039878 0
		outer loop
			vertex 12.072772979736 1.0704327821732 0.19799999892712
			vertex 12.180732727051 0.96247279644012 0.19799999892712
			vertex 12.180732727051 0.96247279644012 0
		endloop
	endfacet
	facet normal -0.70710578060315 -0.70710778176853 -0
		outer loop
			vertex 12.141884803772 1.1158294677734 0.19799999892712
			vertex 12.141884803772 1.1158294677734 0
			vertex 12.22612953186 1.0315849781036 0.19799999892712
		endloop
	endfacet
	facet normal 0 0 -1
		outer loop
			vertex 12.141884803772 1.1158294677734 0.19799999892712
			vertex 12.072772979736 1.0704327821732 0.19799999892712
			vertex 12.101400375366 1.0990600585938 0.19799999892712
		endloop
	endfacet
	facet normal 0 0 -1
		outer loop
			vertex 12.141884803772 1.1158294677734 0.19799999892712
			vertex 12.20264339447 0.98438310623169 0.19799999892712
			vertex 12.180732727051 0.96247279644012 0.19799999892712
		endloop
	endfacet
	facet normal 0 -0 -1
		outer loop
			vertex 12.141884803772 1.1158294677734 0.19799999892712
			vertex 12.180732727051 0.96247279644012 0.19799999892712
			vertex 12.072772979736 1.0704327821732 0.19799999892712
		endloop
	endfacet
	facet normal 0 0 -1
		outer loop
			vertex 12.141884803772 1.1158294677734 0.19799999892712
			vertex 12.209360122681 1.0285130739212 0.19799999892712
			vertex 12.20264339447 0.98438310623169 0.19799999892712
		endloop
	endfacet
	facet normal 0 0 -1
		outer loop
			vertex 12.141884803772 1.1158294677734 0.19799999892712
			vertex 12.210018157959 1.028311252594 0.19799999892712
			vertex 12.209360122681 1.0285130739212 0.19799999892712
		endloop
	endfacet
	facet normal 0 0 -1
		outer loop
			vertex 12.141884803772 1.1158294677734 0.19799999892712
			vertex 12.22612953186 1.0315849781036 0.19799999892712
			vertex 12.210018157959 1.028311252594 0.19799999892712
		endloop
	endfacet
	facet normal 0 -0 -1
		outer loop
			vertex 12.129299163818 1.1269587278366 0.19799999892712
			vertex 12.136295318604 1.1214191913605 0.19799999892712
			vertex 12.101400375366 1.0990600585938 0.19799999892712
		endloop
	endfacet
	facet normal 0 -0 -1
		outer loop
			vertex 12.136295318604 1.1214191913605 0.19799999892712
			vertex 12.141884803772 1.1158294677734 0.19799999892712
			vertex 12.101400375366 1.0990600585938 0.19799999892712
		endloop
	endfacet
	facet normal 0 0 -1
		outer loop
			vertex 12.210018157959 1.028311252594 0.19799999892712
			vertex 12.22612953186 1.0315849781036 0.19799999892712
			vertex 12.231719017029 1.0259951353073 0.19799999892712
		endloop
	endfacet
	facet normal -1 0 0
		outer loop
			vertex 12.141884803772 1.1158294677734 0.19799999892712
			vertex 12.141884803772 1.4061706066132 0
			vertex 12.141884803772 1.1158294677734 0
		endloop
	endfacet
	facet normal 1 0 0
		outer loop
			vertex 12.060914993286 1.4229400157928 0.19799999892712
			vertex 12.060914993286 1.0990600585938 0
			vertex 12.060914993286 1.4229400157928 0
		endloop
	endfacet
	facet normal 1 0 0
		outer loop
			vertex 12.060914993286 1.4229400157928 0.19799999892712
			vertex 12.060914993286 1.0990600585938 0.19799999892712
			vertex 12.060914993286 1.0990600585938 0
		endloop
	endfacet
	facet normal -1 -0 -0
		outer loop
			vertex 12.141884803772 1.4061706066132 0.19799999892712
			vertex 12.141884803772 1.4061706066132 0
			vertex 12.141884803772 1.1158294677734 0.19799999892712
		endloop
	endfacet
	facet normal 0 0 -1
		outer loop
			vertex 12.129299163818 1.1269587278366 0.19799999892712
			vertex 12.101400375366 1.0990600585938 0.19799999892712
			vertex 12.060914993286 1.0990600585938 0.19799999892712
		endloop
	endfacet
	facet normal 0 -0 -1
		outer loop
			vertex 12.063996315002 1.4106130599976 0.19799999892712
			vertex 12.129299163818 1.1269587278366 0.19799999892712
			vertex 12.060914993286 1.0990600585938 0.19799999892712
		endloop
	endfacet
	facet normal 0 0 -1
		outer loop
			vertex 12.063996315002 1.4106130599976 0.19799999892712
			vertex 12.136295318604 1.1214191913605 0.19799999892712
			vertex 12.129299163818 1.1269587278366 0.19799999892712
		endloop
	endfacet
	facet normal 0 -0 -1
		outer loop
			vertex 12.141884803772 1.4061706066132 0.19799999892712
			vertex 12.141884803772 1.1158294677734 0.19799999892712
			vertex 12.136295318604 1.1214191913605 0.19799999892712
		endloop
	endfacet
	facet normal 0 0 -1
		outer loop
			vertex 12.060914993286 1.4229400157928 0.19799999892712
			vertex 12.063996315002 1.4106130599976 0.19799999892712
			vertex 12.060914993286 1.0990600585938 0.19799999892712
		endloop
	endfacet
	facet normal 0 -0 -1
		outer loop
			vertex 12.067078590393 1.4229400157928 0.19799999892712
			vertex 12.136295318604 1.1214191913605 0.19799999892712
			vertex 12.063996315002 1.4106130599976 0.19799999892712
		endloop
	endfacet
	facet normal 0 0 -1
		outer loop
			vertex 12.067078590393 1.4229400157928 0.19799999892712
			vertex 12.141717910767 1.4060029983521 0.19799999892712
			vertex 12.136295318604 1.1214191913605 0.19799999892712
		endloop
	endfacet
	facet normal 0 0 -1
		outer loop
			vertex 12.067078590393 1.4229400157928 0.19799999892712
			vertex 12.138813018799 1.4229400157928 0.19799999892712
			vertex 12.141717910767 1.4060029983521 0.19799999892712
		endloop
	endfacet
	facet normal 0 -0 -1
		outer loop
			vertex 12.141717910767 1.4060029983521 0.19799999892712
			vertex 12.141884803772 1.4061706066132 0.19799999892712
			vertex 12.136295318604 1.1214191913605 0.19799999892712
		endloop
	endfacet
	facet normal -0.70710528030986 0.70710828206005 0
		outer loop
			vertex 12.141884803772 1.4061706066132 0.19799999892712
			vertex 12.22612953186 1.4904149770737 0
			vertex 12.141884803772 1.4061706066132 0
		endloop
	endfacet
	facet normal 0.70710756197346 -0.70710600039878 0
		outer loop
			vertex 12.180732727051 1.5595271587372 0.19799999892712
			vertex 12.072772979736 1.4515671730042 0
			vertex 12.180732727051 1.5595271587372 0
		endloop
	endfacet
	facet normal 0.70710756197346 -0.70710600039878 0
		outer loop
			vertex 12.180732727051 1.5595271587372 0.19799999892712
			vertex 12.072772979736 1.4515671730042 0.19799999892712
			vertex 12.072772979736 1.4515671730042 0
		endloop
	endfacet
	facet normal -0.70710528030986 0.70710828206005 0
		outer loop
			vertex 12.22612953186 1.4904149770737 0.19799999892712
			vertex 12.22612953186 1.4904149770737 0
			vertex 12.141884803772 1.4061706066132 0.19799999892712
		endloop
	endfacet
	facet normal 0 0 -1
		outer loop
			vertex 12.138813018799 1.4229400157928 0.19799999892712
			vertex 12.141884803772 1.4061706066132 0.19799999892712
			vertex 12.141717910767 1.4060029983521 0.19799999892712
		endloop
	endfacet
	facet normal 0 0 -1
		outer loop
			vertex 12.072772979736 1.4515671730042 0.19799999892712
			vertex 12.138813018799 1.4229400157928 0.19799999892712
			vertex 12.095303535461 1.4290367364883 0.19799999892712
		endloop
	endfacet
	facet normal 0 0 -1
		outer loop
			vertex 12.22612953186 1.4904149770737 0.19799999892712
			vertex 12.141884803772 1.4061706066132 0.19799999892712
			vertex 12.138813018799 1.4229400157928 0.19799999892712
		endloop
	endfacet
	facet normal 0 0 -1
		outer loop
			vertex 12.180732727051 1.5595271587372 0.19799999892712
			vertex 12.138813018799 1.4229400157928 0.19799999892712
			vertex 12.072772979736 1.4515671730042 0.19799999892712
		endloop
	endfacet
	facet normal 0 -0 -1
		outer loop
			vertex 12.219541549683 1.5207183361053 0.19799999892712
			vertex 12.22612953186 1.4904149770737 0.19799999892712
			vertex 12.138813018799 1.4229400157928 0.19799999892712
		endloop
	endfacet
	facet normal 0 -0 -1
		outer loop
			vertex 12.180732727051 1.5595271587372 0.19799999892712
			vertex 12.219541549683 1.5207183361053 0.19799999892712
			vertex 12.138813018799 1.4229400157928 0.19799999892712
		endloop
	endfacet
	facet normal 0 0 -1
		outer loop
			vertex 12.219541549683 1.5207183361053 0.19799999892712
			vertex 12.22993850708 1.4942243099213 0.19799999892712
			vertex 12.22612953186 1.4904149770737 0.19799999892712
		endloop
	endfacet
	facet normal 0 1 0
		outer loop
			vertex 12.22612953186 1.4904149770737 0.19799999892712
			vertex 12.516470909119 1.4904149770737 0
			vertex 12.22612953186 1.4904149770737 0
		endloop
	endfacet
	facet normal 0 -1 -0
		outer loop
			vertex 12.533240318298 1.5713850259781 0.19799999892712
			vertex 12.209360122681 1.5713850259781 0
			vertex 12.533240318298 1.5713850259781 0
		endloop
	endfacet
	facet normal 0 -1 0
		outer loop
			vertex 12.209360122681 1.5713850259781 0.19799999892712
			vertex 12.209360122681 1.5713850259781 0
			vertex 12.533240318298 1.5713850259781 0.19799999892712
		endloop
	endfacet
	facet normal -0 1 0
		outer loop
			vertex 12.22612953186 1.4904149770737 0.19799999892712
			vertex 12.516470909119 1.4904149770737 0.19799999892712
			vertex 12.516470909119 1.4904149770737 0
		endloop
	endfacet
	facet normal 0 -0 -1
		outer loop
			vertex 12.22993850708 1.4942243099213 0.19799999892712
			vertex 12.516470909119 1.4904149770737 0.19799999892712
			vertex 12.22612953186 1.4904149770737 0.19799999892712
		endloop
	endfacet
	facet normal 0 0 -1
		outer loop
			vertex 12.219541549683 1.5207183361053 0.19799999892712
			vertex 12.510880470276 1.49600481987 0.19799999892712
			vertex 12.22993850708 1.4942243099213 0.19799999892712
		endloop
	endfacet
	facet normal 0 0 -1
		outer loop
			vertex 12.209360122681 1.5713850259781 0.19799999892712
			vertex 12.510880470276 1.49600481987 0.19799999892712
			vertex 12.219541549683 1.5207183361053 0.19799999892712
		endloop
	endfacet
	facet normal 0 0 -1
		outer loop
			vertex 12.22993850708 1.4942243099213 0.19799999892712
			vertex 12.510880470276 1.49600481987 0.19799999892712
			vertex 12.516470909119 1.4904149770737 0.19799999892712
		endloop
	endfacet
	facet normal 0 0 -1
		outer loop
			vertex 12.209360122681 1.5713850259781 0.19799999892712
			vertex 12.533240318298 1.5713850259781 0.19799999892712
			vertex 12.510880470276 1.49600481987 0.19799999892712
		endloop
	endfacet
	facet normal 0 -0 -1
		outer loop
			vertex 12.533240318298 1.5713850259781 0.19799999892712
			vertex 12.533240318298 1.4934868812561 0.19799999892712
			vertex 12.510880470276 1.49600481987 0.19799999892712
		endloop
	endfacet
	facet normal 0.70710928265477 0.70710427970948 0
		outer loop
			vertex 12.516470909119 1.4904149770737 0.19799999892712
			vertex 12.600714683533 1.4061706066132 0
			vertex 12.516470909119 1.4904149770737 0
		endloop
	endfacet
	facet normal -0.70710443883099 -0.70710912353434 -0
		outer loop
			vertex 12.669827461243 1.4515671730042 0.19799999892712
			vertex 12.561866760254 1.5595271587372 0
			vertex 12.669827461243 1.4515671730042 0
		endloop
	endfacet
	facet normal 0.70710928265477 0.70710427970948 0
		outer loop
			vertex 12.516470909119 1.4904149770737 0.19799999892712
			vertex 12.600714683533 1.4061706066132 0.19799999892712
			vertex 12.600714683533 1.4061706066132 0
		endloop
	endfacet
	facet normal -0.70710443883099 -0.70710912353434 -0
		outer loop
			vertex 12.561866760254 1.5595271587372 0.19799999892712
			vertex 12.561866760254 1.5595271587372 0
			vertex 12.669827461243 1.4515671730042 0.19799999892712
		endloop
	endfacet
	facet normal 0 0 -1
		outer loop
			vertex 12.510880470276 1.49600481987 0.19799999892712
			vertex 12.533240318298 1.4934868812561 0.19799999892712
			vertex 12.516470909119 1.4904149770737 0.19799999892712
		endloop
	endfacet
	facet normal 0 0 -1
		outer loop
			vertex 12.533240318298 1.4934868812561 0.19799999892712
			vertex 12.641200065613 1.4229400157928 0.19799999892712
			vertex 12.600714683533 1.4061706066132 0.19799999892712
		endloop
	endfacet
	facet normal 0 0 -1
		outer loop
			vertex 12.516470909119 1.4904149770737 0.19799999892712
			vertex 12.533240318298 1.4934868812561 0.19799999892712
			vertex 12.600714683533 1.4061706066132 0.19799999892712
		endloop
	endfacet
	facet normal 0 -0 -1
		outer loop
			vertex 12.539957046509 1.5376168489456 0.19799999892712
			vertex 12.561866760254 1.5595271587372 0.19799999892712
			vertex 12.533240318298 1.4934868812561 0.19799999892712
		endloop
	endfacet
	facet normal 0 -0 -1
		outer loop
			vertex 12.561866760254 1.5595271587372 0.19799999892712
			vertex 12.669827461243 1.4515671730042 0.19799999892712
			vertex 12.533240318298 1.4934868812561 0.19799999892712
		endloop
	endfacet
	facet normal 0 0 -1
		outer loop
			vertex 12.600714683533 1.4061706066132 0.19799999892712
			vertex 12.613906860352 1.3956471681595 0.19799999892712
			vertex 12.612184524536 1.394700884819 0.19799999892712
		endloop
	endfacet
	facet normal 0 0 -1
		outer loop
			vertex 12.641200065613 1.4229400157928 0.19799999892712
			vertex 12.613906860352 1.3956471681595 0.19799999892712
			vertex 12.600714683533 1.4061706066132 0.19799999892712
		endloop
	endfacet
	facet normal 0 0 -1
		outer loop
			vertex 12.533240318298 1.4934868812561 0.19799999892712
			vertex 12.669827461243 1.4515671730042 0.19799999892712
			vertex 12.641200065613 1.4229400157928 0.19799999892712
		endloop
	endfacet
	facet normal -1 0 0
		outer loop
			vertex 12.681685447693 1.2610000371933 0.19799999892712
			vertex 12.681685447693 1.4229400157928 0
			vertex 12.681685447693 1.2610000371933 0
		endloop
	endfacet
	facet normal 1 0 0
		outer loop
			vertex 12.600714683533 1.4061706066132 0.19799999892712
			vertex 12.600714683533 1.3014849424362 0
			vertex 12.600714683533 1.4061706066132 0
		endloop
	endfacet
	facet normal 1 0 0
		outer loop
			vertex 12.600714683533 1.4061706066132 0.19799999892712
			vertex 12.600714683533 1.3014849424362 0.19799999892712
			vertex 12.600714683533 1.3014849424362 0
		endloop
	endfacet
	facet normal -1 -0 -0
		outer loop
			vertex 12.681685447693 1.4229400157928 0.19799999892712
			vertex 12.681685447693 1.4229400157928 0
			vertex 12.681685447693 1.2610000371933 0.19799999892712
		endloop
	endfacet
	facet normal 0 0 -1
		outer loop
			vertex 12.612184524536 1.394700884819 0.19799999892712
			vertex 12.600714683533 1.2863031625748 0.19799999892712
			vertex 12.600714683533 1.3014849424362 0.19799999892712
		endloop
	endfacet
	facet normal 0 0 -1
		outer loop
			vertex 12.612184524536 1.394700884819 0.19799999892712
			vertex 12.602957725525 1.2871441841125 0.19799999892712
			vertex 12.600714683533 1.2863031625748 0.19799999892712
		endloop
	endfacet
	facet normal 0 -0 -1
		outer loop
			vertex 12.612184524536 1.394700884819 0.19799999892712
			vertex 12.641200065613 1.2610000371933 0.19799999892712
			vertex 12.602957725525 1.2871441841125 0.19799999892712
		endloop
	endfacet
	facet normal 0 0 -1
		outer loop
			vertex 12.612184524536 1.394700884819 0.19799999892712
			vertex 12.664133071899 1.2610000371933 0.19799999892712
			vertex 12.641200065613 1.2610000371933 0.19799999892712
		endloop
	endfacet
	facet normal 0 0 -1
		outer loop
			vertex 12.613906860352 1.3956471681595 0.19799999892712
			vertex 12.669827461243 1.2847155332565 0.19799999892712
			vertex 12.664133071899 1.2610000371933 0.19799999892712
		endloop
	endfacet
	facet normal 0 -0 -1
		outer loop
			vertex 12.681685447693 1.4229400157928 0.19799999892712
			vertex 12.681685447693 1.2610000371933 0.19799999892712
			vertex 12.669827461243 1.2847155332565 0.19799999892712
		endloop
	endfacet
	facet normal 0 0 -1
		outer loop
			vertex 12.600714683533 1.4061706066132 0.19799999892712
			vertex 12.612184524536 1.394700884819 0.19799999892712
			vertex 12.600714683533 1.3014849424362 0.19799999892712
		endloop
	endfacet
	facet normal 0 0 -1
		outer loop
			vertex 12.612184524536 1.394700884819 0.19799999892712
			vertex 12.613906860352 1.3956471681595 0.19799999892712
			vertex 12.664133071899 1.2610000371933 0.19799999892712
		endloop
	endfacet
	facet normal 0 -0 -1
		outer loop
			vertex 12.641200065613 1.4229400157928 0.19799999892712
			vertex 12.669827461243 1.2847155332565 0.19799999892712
			vertex 12.613906860352 1.3956471681595 0.19799999892712
		endloop
	endfacet
	facet normal 0 0 -1
		outer loop
			vertex 12.641200065613 1.4229400157928 0.19799999892712
			vertex 12.681685447693 1.4229400157928 0.19799999892712
			vertex 12.669827461243 1.2847155332565 0.19799999892712
		endloop
	endfacet
	facet normal 0 1 0
		outer loop
			vertex 12.42527961731 1.2205150127411 0.19799999892712
			vertex 12.641200065613 1.2205150127411 0
			vertex 12.42527961731 1.2205150127411 0
		endloop
	endfacet
	facet normal 0 -1 -0
		outer loop
			vertex 12.600714683533 1.3014849424362 0.19799999892712
			vertex 12.42527961731 1.3014849424362 0
			vertex 12.600714683533 1.3014849424362 0
		endloop
	endfacet
	facet normal -0 1 0
		outer loop
			vertex 12.42527961731 1.2205150127411 0.19799999892712
			vertex 12.641200065613 1.2205150127411 0.19799999892712
			vertex 12.641200065613 1.2205150127411 0
		endloop
	endfacet
	facet normal 0 -1 0
		outer loop
			vertex 12.42527961731 1.3014849424362 0.19799999892712
			vertex 12.42527961731 1.3014849424362 0
			vertex 12.600714683533 1.3014849424362 0.19799999892712
		endloop
	endfacet
	facet normal 0 0 -1
		outer loop
			vertex 12.42527961731 1.3014849424362 0.19799999892712
			vertex 12.641200065613 1.2205150127411 0.19799999892712
			vertex 12.42527961731 1.2205150127411 0.19799999892712
		endloop
	endfacet
	facet normal 0 0 -1
		outer loop
			vertex 12.42527961731 1.3014849424362 0.19799999892712
			vertex 12.600714683533 1.3014849424362 0.19799999892712
			vertex 12.600714683533 1.2863031625748 0.19799999892712
		endloop
	endfacet
	facet normal 0 0 -1
		outer loop
			vertex 12.42527961731 1.3014849424362 0.19799999892712
			vertex 12.641200065613 1.2610000371933 0.19799999892712
			vertex 12.641200065613 1.2205150127411 0.19799999892712
		endloop
	endfacet
	facet normal 0 0 -1
		outer loop
			vertex 12.42527961731 1.3014849424362 0.19799999892712
			vertex 12.600714683533 1.2863031625748 0.19799999892712
			vertex 12.641200065613 1.2610000371933 0.19799999892712
		endloop
	endfacet
	facet normal 0 -0 -1
		outer loop
			vertex 12.602957725525 1.2871441841125 0.19799999892712
			vertex 12.641200065613 1.2610000371933 0.19799999892712
			vertex 12.600714683533 1.2863031625748 0.19799999892712
		endloop
	endfacet
	facet normal -0.83147862717407 0.55555674107396 0
		outer loop
			vertex 12.669827461243 1.0704327821732 0.19799999892712
			vertex 12.678603172302 1.0835670232773 0
			vertex 12.669827461243 1.0704327821732 0
		endloop
	endfacet
	facet normal -0.98077899265245 0.19512193001209 0
		outer loop
			vertex 12.678603172302 1.0835670232773 0.19799999892712
			vertex 12.681685447693 1.0990600585938 0
			vertex 12.678603172302 1.0835670232773 0
		endloop
	endfacet
	facet normal 0.19508130204389 -0.98078707454414 0
		outer loop
			vertex 12.641200065613 1.1395449638367 0.19799999892712
			vertex 12.625706672668 1.1364632844925 0
			vertex 12.641200065613 1.1395449638367 0
		endloop
	endfacet
	facet normal 0.55557936535473 -0.83146351019876 0
		outer loop
			vertex 12.625706672668 1.1364632844925 0.19799999892712
			vertex 12.612572669983 1.1276872158051 0
			vertex 12.625706672668 1.1364632844925 0
		endloop
	endfacet
	facet normal -0.19509285368989 -0.98078477681861 -0
		outer loop
			vertex 12.656692504883 1.1364632844925 0.19799999892712
			vertex 12.641200065613 1.1395449638367 0
			vertex 12.656692504883 1.1364632844925 0
		endloop
	endfacet
	facet normal -0.83147862717407 -0.55555674107396 -0
		outer loop
			vertex 12.678603172302 1.1145529747009 0.19799999892712
			vertex 12.669827461243 1.1276872158051 0
			vertex 12.678603172302 1.1145529747009 0
		endloop
	endfacet
	facet normal -0.98077870533518 -0.19512337420475 -0
		outer loop
			vertex 12.681685447693 1.0990600585938 0.19799999892712
			vertex 12.678603172302 1.1145529747009 0
			vertex 12.681685447693 1.0990600585938 0
		endloop
	endfacet
	facet normal -0.55555147727905 -0.83148214418174 -0
		outer loop
			vertex 12.669827461243 1.1276872158051 0.19799999892712
			vertex 12.656692504883 1.1364632844925 0
			vertex 12.669827461243 1.1276872158051 0
		endloop
	endfacet
	facet normal -0.83147862717407 0.55555674107396 0
		outer loop
			vertex 12.678603172302 1.0835670232773 0.19799999892712
			vertex 12.678603172302 1.0835670232773 0
			vertex 12.669827461243 1.0704327821732 0.19799999892712
		endloop
	endfacet
	facet normal -0.98077899265245 0.19512193001209 0
		outer loop
			vertex 12.681685447693 1.0990600585938 0.19799999892712
			vertex 12.681685447693 1.0990600585938 0
			vertex 12.678603172302 1.0835670232773 0.19799999892712
		endloop
	endfacet
	facet normal 0.55557936535473 -0.83146351019876 0
		outer loop
			vertex 12.625706672668 1.1364632844925 0.19799999892712
			vertex 12.612572669983 1.1276872158051 0.19799999892712
			vertex 12.612572669983 1.1276872158051 0
		endloop
	endfacet
	facet normal 0.19508130204389 -0.98078707454414 0
		outer loop
			vertex 12.625706672668 1.1364632844925 0.19799999892712
			vertex 12.625706672668 1.1364632844925 0
			vertex 12.641200065613 1.1395449638367 0.19799999892712
		endloop
	endfacet
	facet normal -0.19509285368989 -0.98078477681861 -0
		outer loop
			vertex 12.641200065613 1.1395449638367 0.19799999892712
			vertex 12.641200065613 1.1395449638367 0
			vertex 12.656692504883 1.1364632844925 0.19799999892712
		endloop
	endfacet
	facet normal -0.55555147727905 -0.83148214418174 -0
		outer loop
			vertex 12.656692504883 1.1364632844925 0.19799999892712
			vertex 12.656692504883 1.1364632844925 0
			vertex 12.669827461243 1.1276872158051 0.19799999892712
		endloop
	endfacet
	facet normal -0.98077870533518 -0.19512337420475 -0
		outer loop
			vertex 12.678603172302 1.1145529747009 0.19799999892712
			vertex 12.678603172302 1.1145529747009 0
			vertex 12.681685447693 1.0990600585938 0.19799999892712
		endloop
	endfacet
	facet normal -0.83147862717407 -0.55555674107396 -0
		outer loop
			vertex 12.669827461243 1.1276872158051 0.19799999892712
			vertex 12.669827461243 1.1276872158051 0
			vertex 12.678603172302 1.1145529747009 0.19799999892712
		endloop
	endfacet
	facet normal 0 0 -1
		outer loop
			vertex 12.678603172302 1.1145529747009 0.19799999892712
			vertex 12.681685447693 1.0990600585938 0.19799999892712
			vertex 12.678603172302 1.0835670232773 0.19799999892712
		endloop
	endfacet
	facet normal 0 0 -1
		outer loop
			vertex 12.669827461243 1.1276872158051 0.19799999892712
			vertex 12.678603172302 1.0835670232773 0.19799999892712
			vertex 12.669827461243 1.0704327821732 0.19799999892712
		endloop
	endfacet
	facet normal 0 -0 -1
		outer loop
			vertex 12.625706672668 1.1364632844925 0.19799999892712
			vertex 12.641200065613 1.1395449638367 0.19799999892712
			vertex 12.612572669983 1.1276872158051 0.19799999892712
		endloop
	endfacet
	facet normal 0 -0 -1
		outer loop
			vertex 12.641200065613 1.1395449638367 0.19799999892712
			vertex 12.656692504883 1.1364632844925 0.19799999892712
			vertex 12.612572669983 1.1276872158051 0.19799999892712
		endloop
	endfacet
	facet normal 0 0 -1
		outer loop
			vertex 12.612572669983 1.1276872158051 0.19799999892712
			vertex 12.656692504883 1.1364632844925 0.19799999892712
			vertex 12.669827461243 1.0704327821732 0.19799999892712
		endloop
	endfacet
	facet normal 0 0 -1
		outer loop
			vertex 12.656692504883 1.1364632844925 0.19799999892712
			vertex 12.669827461243 1.1276872158051 0.19799999892712
			vertex 12.669827461243 1.0704327821732 0.19799999892712
		endloop
	endfacet
	facet normal 0 0 -1
		outer loop
			vertex 12.669827461243 1.1276872158051 0.19799999892712
			vertex 12.678603172302 1.1145529747009 0.19799999892712
			vertex 12.678603172302 1.0835670232773 0.19799999892712
		endloop
	endfacet
	facet normal -0.19509648347547 0.98078405479265 0
		outer loop
			vertex 12.533240318298 0.95061498880386 0.19799999892712
			vertex 12.548732757568 0.95369672775269 0
			vertex 12.533240318298 0.95061498880386 0
		endloop
	endfacet
	facet normal -0.55557936535473 0.83146351019876 0
		outer loop
			vertex 12.548732757568 0.95369672775269 0.19799999892712
			vertex 12.561866760254 0.96247279644012 0
			vertex 12.548732757568 0.95369672775269 0
		endloop
	endfacet
	facet normal -0.19509648347547 0.98078405479265 0
		outer loop
			vertex 12.533240318298 0.95061498880386 0.19799999892712
			vertex 12.548732757568 0.95369672775269 0.19799999892712
			vertex 12.548732757568 0.95369672775269 0
		endloop
	endfacet
	facet normal -0.55557936535473 0.83146351019876 0
		outer loop
			vertex 12.561866760254 0.96247279644012 0.19799999892712
			vertex 12.561866760254 0.96247279644012 0
			vertex 12.548732757568 0.95369672775269 0.19799999892712
		endloop
	endfacet
	facet normal 0 0 -1
		outer loop
			vertex 12.533240318298 0.99110001325607 0.19799999892712
			vertex 12.561866760254 0.96247279644012 0.19799999892712
			vertex 12.533240318298 0.95061498880386 0.19799999892712
		endloop
	endfacet
	facet normal 0 0 -1
		outer loop
			vertex 12.533240318298 0.95061498880386 0.19799999892712
			vertex 12.561866760254 0.96247279644012 0.19799999892712
			vertex 12.548732757568 0.95369672775269 0.19799999892712
		endloop
	endfacet
	facet normal 0.55557936535473 0.83146351019876 0
		outer loop
			vertex 12.180732727051 0.96247279644012 0.19799999892712
			vertex 12.193866729736 0.95369672775269 0
			vertex 12.180732727051 0.96247279644012 0
		endloop
	endfacet
	facet normal 0.19508493163156 0.98078635260199 0
		outer loop
			vertex 12.193866729736 0.95369672775269 0.19799999892712
			vertex 12.209360122681 0.95061498880386 0
			vertex 12.193866729736 0.95369672775269 0
		endloop
	endfacet
	facet normal 0.55557936535473 0.83146351019876 0
		outer loop
			vertex 12.180732727051 0.96247279644012 0.19799999892712
			vertex 12.193866729736 0.95369672775269 0.19799999892712
			vertex 12.193866729736 0.95369672775269 0
		endloop
	endfacet
	facet normal 0.19508493163156 0.98078635260199 0
		outer loop
			vertex 12.193866729736 0.95369672775269 0.19799999892712
			vertex 12.209360122681 0.95061498880386 0.19799999892712
			vertex 12.209360122681 0.95061498880386 0
		endloop
	endfacet
	facet normal 0 0 -1
		outer loop
			vertex 12.20264339447 0.98438310623169 0.19799999892712
			vertex 12.193866729736 0.95369672775269 0.19799999892712
			vertex 12.180732727051 0.96247279644012 0.19799999892712
		endloop
	endfacet
	facet normal 0 -0 -1
		outer loop
			vertex 12.20264339447 0.98438310623169 0.19799999892712
			vertex 12.209360122681 0.95061498880386 0.19799999892712
			vertex 12.193866729736 0.95369672775269 0.19799999892712
		endloop
	endfacet
	facet normal 0 0 -1
		outer loop
			vertex 12.209360122681 1.0285130739212 0.19799999892712
			vertex 12.224852561951 0.95448821783066 0.19799999892712
			vertex 12.209360122681 0.95061498880386 0.19799999892712
		endloop
	endfacet
	facet normal 0 0 -1
		outer loop
			vertex 12.209360122681 1.0285130739212 0.19799999892712
			vertex 12.210018157959 1.028311252594 0.19799999892712
			vertex 12.224852561951 0.95448821783066 0.19799999892712
		endloop
	endfacet
	facet normal 0 -0 -1
		outer loop
			vertex 12.209360122681 1.0285130739212 0.19799999892712
			vertex 12.209360122681 0.95061498880386 0.19799999892712
			vertex 12.20264339447 0.98438310623169 0.19799999892712
		endloop
	endfacet
	facet normal 0.83145073852668 0.55559847858273 0
		outer loop
			vertex 12.063996315002 1.0835670232773 0.19799999892712
			vertex 12.072772979736 1.0704327821732 0
			vertex 12.063996315002 1.0835670232773 0
		endloop
	endfacet
	facet normal 0.98079054452663 0.19506385561439 0
		outer loop
			vertex 12.060914993286 1.0990600585938 0.19799999892712
			vertex 12.063996315002 1.0835670232773 0
			vertex 12.060914993286 1.0990600585938 0
		endloop
	endfacet
	facet normal 0.83145073852668 0.55559847858273 0
		outer loop
			vertex 12.063996315002 1.0835670232773 0.19799999892712
			vertex 12.072772979736 1.0704327821732 0.19799999892712
			vertex 12.072772979736 1.0704327821732 0
		endloop
	endfacet
	facet normal 0.98079054452663 0.19506385561439 0
		outer loop
			vertex 12.060914993286 1.0990600585938 0.19799999892712
			vertex 12.063996315002 1.0835670232773 0.19799999892712
			vertex 12.063996315002 1.0835670232773 0
		endloop
	endfacet
	facet normal 0 0 -1
		outer loop
			vertex 12.060914993286 1.0990600585938 0.19799999892712
			vertex 12.072772979736 1.0704327821732 0.19799999892712
			vertex 12.063996315002 1.0835670232773 0.19799999892712
		endloop
	endfacet
	facet normal 0 0 -1
		outer loop
			vertex 12.060914993286 1.0990600585938 0.19799999892712
			vertex 12.101400375366 1.0990600585938 0.19799999892712
			vertex 12.072772979736 1.0704327821732 0.19799999892712
		endloop
	endfacet
	facet normal 0.98079025737698 -0.19506529941122 0
		outer loop
			vertex 12.063996315002 1.4384329319 0.19799999892712
			vertex 12.060914993286 1.4229400157928 0
			vertex 12.063996315002 1.4384329319 0
		endloop
	endfacet
	facet normal 0.83145073852668 -0.55559847858273 0
		outer loop
			vertex 12.072772979736 1.4515671730042 0.19799999892712
			vertex 12.063996315002 1.4384329319 0
			vertex 12.072772979736 1.4515671730042 0
		endloop
	endfacet
	facet normal 0.98079025737698 -0.19506529941122 0
		outer loop
			vertex 12.063996315002 1.4384329319 0.19799999892712
			vertex 12.060914993286 1.4229400157928 0.19799999892712
			vertex 12.060914993286 1.4229400157928 0
		endloop
	endfacet
	facet normal 0.83145073852668 -0.55559847858273 0
		outer loop
			vertex 12.072772979736 1.4515671730042 0.19799999892712
			vertex 12.063996315002 1.4384329319 0.19799999892712
			vertex 12.063996315002 1.4384329319 0
		endloop
	endfacet
	facet normal 0 0 -1
		outer loop
			vertex 12.072772979736 1.4515671730042 0.19799999892712
			vertex 12.067078590393 1.4229400157928 0.19799999892712
			vertex 12.063996315002 1.4384329319 0.19799999892712
		endloop
	endfacet
	facet normal 0 -0 -1
		outer loop
			vertex 12.063996315002 1.4384329319 0.19799999892712
			vertex 12.063996315002 1.4106130599976 0.19799999892712
			vertex 12.060914993286 1.4229400157928 0.19799999892712
		endloop
	endfacet
	facet normal 0 0 -1
		outer loop
			vertex 12.063996315002 1.4384329319 0.19799999892712
			vertex 12.067078590393 1.4229400157928 0.19799999892712
			vertex 12.063996315002 1.4106130599976 0.19799999892712
		endloop
	endfacet
	facet normal 0 -0 -1
		outer loop
			vertex 12.072772979736 1.4515671730042 0.19799999892712
			vertex 12.095303535461 1.4290367364883 0.19799999892712
			vertex 12.067078590393 1.4229400157928 0.19799999892712
		endloop
	endfacet
	facet normal 0 -0 -1
		outer loop
			vertex 12.095303535461 1.4290367364883 0.19799999892712
			vertex 12.138813018799 1.4229400157928 0.19799999892712
			vertex 12.067078590393 1.4229400157928 0.19799999892712
		endloop
	endfacet
	facet normal 0.55557936535473 -0.83146351019876 0
		outer loop
			vertex 12.193866729736 1.5683032274246 0.19799999892712
			vertex 12.180732727051 1.5595271587372 0
			vertex 12.193866729736 1.5683032274246 0
		endloop
	endfacet
	facet normal 0.19508856121121 -0.98078563064746 0
		outer loop
			vertex 12.209360122681 1.5713850259781 0.19799999892712
			vertex 12.193866729736 1.5683032274246 0
			vertex 12.209360122681 1.5713850259781 0
		endloop
	endfacet
	facet normal 0.55557936535473 -0.83146351019876 0
		outer loop
			vertex 12.193866729736 1.5683032274246 0.19799999892712
			vertex 12.180732727051 1.5595271587372 0.19799999892712
			vertex 12.180732727051 1.5595271587372 0
		endloop
	endfacet
	facet normal 0.19508856121121 -0.98078563064746 0
		outer loop
			vertex 12.193866729736 1.5683032274246 0.19799999892712
			vertex 12.193866729736 1.5683032274246 0
			vertex 12.209360122681 1.5713850259781 0.19799999892712
		endloop
	endfacet
	facet normal 0 -0 -1
		outer loop
			vertex 12.193866729736 1.5683032274246 0.19799999892712
			vertex 12.209360122681 1.5713850259781 0.19799999892712
			vertex 12.180732727051 1.5595271587372 0.19799999892712
		endloop
	endfacet
	facet normal 0 0 -1
		outer loop
			vertex 12.180732727051 1.5595271587372 0.19799999892712
			vertex 12.209360122681 1.5713850259781 0.19799999892712
			vertex 12.219541549683 1.5207183361053 0.19799999892712
		endloop
	endfacet
	facet normal -0.19510011325304 -0.98078333275431 -0
		outer loop
			vertex 12.548732757568 1.5683032274246 0.19799999892712
			vertex 12.533240318298 1.5713850259781 0
			vertex 12.548732757568 1.5683032274246 0
		endloop
	endfacet
	facet normal -0.55557936535473 -0.83146351019876 -0
		outer loop
			vertex 12.561866760254 1.5595271587372 0.19799999892712
			vertex 12.548732757568 1.5683032274246 0
			vertex 12.561866760254 1.5595271587372 0
		endloop
	endfacet
	facet normal -0.19510011325304 -0.98078333275431 -0
		outer loop
			vertex 12.533240318298 1.5713850259781 0.19799999892712
			vertex 12.533240318298 1.5713850259781 0
			vertex 12.548732757568 1.5683032274246 0.19799999892712
		endloop
	endfacet
	facet normal -0.55557936535473 -0.83146351019876 -0
		outer loop
			vertex 12.548732757568 1.5683032274246 0.19799999892712
			vertex 12.548732757568 1.5683032274246 0
			vertex 12.561866760254 1.5595271587372 0.19799999892712
		endloop
	endfacet
	facet normal 0 0 -1
		outer loop
			vertex 12.533240318298 1.5713850259781 0.19799999892712
			vertex 12.539957046509 1.5376168489456 0.19799999892712
			vertex 12.533240318298 1.4934868812561 0.19799999892712
		endloop
	endfacet
	facet normal 0 0 -1
		outer loop
			vertex 12.533240318298 1.5713850259781 0.19799999892712
			vertex 12.548732757568 1.5683032274246 0.19799999892712
			vertex 12.539957046509 1.5376168489456 0.19799999892712
		endloop
	endfacet
	facet normal 0 0 -1
		outer loop
			vertex 12.539957046509 1.5376168489456 0.19799999892712
			vertex 12.548732757568 1.5683032274246 0.19799999892712
			vertex 12.561866760254 1.5595271587372 0.19799999892712
		endloop
	endfacet
	facet normal -0.98077870533518 -0.19512337420475 -0
		outer loop
			vertex 12.681685447693 1.4229400157928 0.19799999892712
			vertex 12.678603172302 1.4384329319 0
			vertex 12.681685447693 1.4229400157928 0
		endloop
	endfacet
	facet normal -0.83147862717407 -0.55555674107396 -0
		outer loop
			vertex 12.678603172302 1.4384329319 0.19799999892712
			vertex 12.669827461243 1.4515671730042 0
			vertex 12.678603172302 1.4384329319 0
		endloop
	endfacet
	facet normal -0.98077870533518 -0.19512337420475 -0
		outer loop
			vertex 12.678603172302 1.4384329319 0.19799999892712
			vertex 12.678603172302 1.4384329319 0
			vertex 12.681685447693 1.4229400157928 0.19799999892712
		endloop
	endfacet
	facet normal -0.83147862717407 -0.55555674107396 -0
		outer loop
			vertex 12.669827461243 1.4515671730042 0.19799999892712
			vertex 12.669827461243 1.4515671730042 0
			vertex 12.678603172302 1.4384329319 0.19799999892712
		endloop
	endfacet
	facet normal 0 0 -1
		outer loop
			vertex 12.641200065613 1.4229400157928 0.19799999892712
			vertex 12.669827461243 1.4515671730042 0.19799999892712
			vertex 12.681685447693 1.4229400157928 0.19799999892712
		endloop
	endfacet
	facet normal 0 0 -1
		outer loop
			vertex 12.669827461243 1.4515671730042 0.19799999892712
			vertex 12.678603172302 1.4384329319 0.19799999892712
			vertex 12.681685447693 1.4229400157928 0.19799999892712
		endloop
	endfacet
	facet normal -0.19509285368989 0.98078477681861 0
		outer loop
			vertex 12.641200065613 1.2205150127411 0.19799999892712
			vertex 12.656692504883 1.2235966920853 0
			vertex 12.641200065613 1.2205150127411 0
		endloop
	endfacet
	facet normal -0.55555147727905 0.83148214418174 0
		outer loop
			vertex 12.656692504883 1.2235966920853 0.19799999892712
			vertex 12.669827461243 1.2323727607727 0
			vertex 12.656692504883 1.2235966920853 0
		endloop
	endfacet
	facet normal -0.83147862717407 0.55555674107396 0
		outer loop
			vertex 12.669827461243 1.2323727607727 0.19799999892712
			vertex 12.678603172302 1.2455070018768 0
			vertex 12.669827461243 1.2323727607727 0
		endloop
	endfacet
	facet normal -0.98077899265245 0.19512193001209 0
		outer loop
			vertex 12.678603172302 1.2455070018768 0.19799999892712
			vertex 12.681685447693 1.2610000371933 0
			vertex 12.678603172302 1.2455070018768 0
		endloop
	endfacet
	facet normal -0.19509285368989 0.98078477681861 0
		outer loop
			vertex 12.641200065613 1.2205150127411 0.19799999892712
			vertex 12.656692504883 1.2235966920853 0.19799999892712
			vertex 12.656692504883 1.2235966920853 0
		endloop
	endfacet
	facet normal -0.55555147727905 0.83148214418174 0
		outer loop
			vertex 12.669827461243 1.2323727607727 0.19799999892712
			vertex 12.669827461243 1.2323727607727 0
			vertex 12.656692504883 1.2235966920853 0.19799999892712
		endloop
	endfacet
	facet normal -0.83147862717407 0.55555674107396 0
		outer loop
			vertex 12.678603172302 1.2455070018768 0.19799999892712
			vertex 12.678603172302 1.2455070018768 0
			vertex 12.669827461243 1.2323727607727 0.19799999892712
		endloop
	endfacet
	facet normal -0.98077899265245 0.19512193001209 0
		outer loop
			vertex 12.681685447693 1.2610000371933 0.19799999892712
			vertex 12.681685447693 1.2610000371933 0
			vertex 12.678603172302 1.2455070018768 0.19799999892712
		endloop
	endfacet
	facet normal 0 -0 -1
		outer loop
			vertex 12.664133071899 1.2610000371933 0.19799999892712
			vertex 12.669827461243 1.2323727607727 0.19799999892712
			vertex 12.656692504883 1.2235966920853 0.19799999892712
		endloop
	endfacet
	facet normal 0 0 -1
		outer loop
			vertex 12.641200065613 1.2205150127411 0.19799999892712
			vertex 12.664133071899 1.2610000371933 0.19799999892712
			vertex 12.656692504883 1.2235966920853 0.19799999892712
		endloop
	endfacet
	facet normal 0 0 -1
		outer loop
			vertex 12.641200065613 1.2610000371933 0.19799999892712
			vertex 12.664133071899 1.2610000371933 0.19799999892712
			vertex 12.641200065613 1.2205150127411 0.19799999892712
		endloop
	endfacet
	facet normal 0 -0 -1
		outer loop
			vertex 12.669827461243 1.2847155332565 0.19799999892712
			vertex 12.669827461243 1.2323727607727 0.19799999892712
			vertex 12.664133071899 1.2610000371933 0.19799999892712
		endloop
	endfacet
	facet normal 0 0 -1
		outer loop
			vertex 12.669827461243 1.2847155332565 0.19799999892712
			vertex 12.678603172302 1.2455070018768 0.19799999892712
			vertex 12.669827461243 1.2323727607727 0.19799999892712
		endloop
	endfacet
	facet normal 0 0 -1
		outer loop
			vertex 12.669827461243 1.2847155332565 0.19799999892712
			vertex 12.681685447693 1.2610000371933 0.19799999892712
			vertex 12.678603172302 1.2455070018768 0.19799999892712
		endloop
	endfacet
	facet normal 0.83145073852668 0.55559847858273 0
		outer loop
			vertex 12.38787651062 1.2455070018768 0.19799999892712
			vertex 12.396653175354 1.2323727607727 0
			vertex 12.38787651062 1.2455070018768 0
		endloop
	endfacet
	facet normal 0.55557936535473 0.83146351019876 0
		outer loop
			vertex 12.396653175354 1.2323727607727 0.19799999892712
			vertex 12.40978717804 1.2235966920853 0
			vertex 12.396653175354 1.2323727607727 0
		endloop
	endfacet
	facet normal 0.98079054452663 0.19506385561439 0
		outer loop
			vertex 12.384795188904 1.2610000371933 0.19799999892712
			vertex 12.38787651062 1.2455070018768 0
			vertex 12.384795188904 1.2610000371933 0
		endloop
	endfacet
	facet normal 0.19509285368989 0.98078477681861 0
		outer loop
			vertex 12.40978717804 1.2235966920853 0.19799999892712
			vertex 12.42527961731 1.2205150127411 0
			vertex 12.40978717804 1.2235966920853 0
		endloop
	endfacet
	facet normal 0.98079025737698 -0.19506529941122 0
		outer loop
			vertex 12.38787651062 1.2764929533005 0.19799999892712
			vertex 12.384795188904 1.2610000371933 0
			vertex 12.38787651062 1.2764929533005 0
		endloop
	endfacet
	facet normal 0.83145073852668 -0.55559847858273 0
		outer loop
			vertex 12.396653175354 1.2896271944046 0.19799999892712
			vertex 12.38787651062 1.2764929533005 0
			vertex 12.396653175354 1.2896271944046 0
		endloop
	endfacet
	facet normal 0.55557936535473 -0.83146351019876 0
		outer loop
			vertex 12.40978717804 1.298403263092 0.19799999892712
			vertex 12.396653175354 1.2896271944046 0
			vertex 12.40978717804 1.298403263092 0
		endloop
	endfacet
	facet normal 0.19509285368989 -0.98078477681861 0
		outer loop
			vertex 12.42527961731 1.3014849424362 0.19799999892712
			vertex 12.40978717804 1.298403263092 0
			vertex 12.42527961731 1.3014849424362 0
		endloop
	endfacet
	facet normal 0.83145073852668 0.55559847858273 0
		outer loop
			vertex 12.38787651062 1.2455070018768 0.19799999892712
			vertex 12.396653175354 1.2323727607727 0.19799999892712
			vertex 12.396653175354 1.2323727607727 0
		endloop
	endfacet
	facet normal 0.55557936535473 0.83146351019876 0
		outer loop
			vertex 12.396653175354 1.2323727607727 0.19799999892712
			vertex 12.40978717804 1.2235966920853 0.19799999892712
			vertex 12.40978717804 1.2235966920853 0
		endloop
	endfacet
	facet normal 0.98079054452663 0.19506385561439 0
		outer loop
			vertex 12.384795188904 1.2610000371933 0.19799999892712
			vertex 12.38787651062 1.2455070018768 0.19799999892712
			vertex 12.38787651062 1.2455070018768 0
		endloop
	endfacet
	facet normal 0.19509285368989 0.98078477681861 0
		outer loop
			vertex 12.40978717804 1.2235966920853 0.19799999892712
			vertex 12.42527961731 1.2205150127411 0.19799999892712
			vertex 12.42527961731 1.2205150127411 0
		endloop
	endfacet
	facet normal 0.98079025737698 -0.19506529941122 0
		outer loop
			vertex 12.38787651062 1.2764929533005 0.19799999892712
			vertex 12.384795188904 1.2610000371933 0.19799999892712
			vertex 12.384795188904 1.2610000371933 0
		endloop
	endfacet
	facet normal 0.83145073852668 -0.55559847858273 0
		outer loop
			vertex 12.396653175354 1.2896271944046 0.19799999892712
			vertex 12.38787651062 1.2764929533005 0.19799999892712
			vertex 12.38787651062 1.2764929533005 0
		endloop
	endfacet
	facet normal 0.55557936535473 -0.83146351019876 0
		outer loop
			vertex 12.396653175354 1.2896271944046 0.19799999892712
			vertex 12.396653175354 1.2896271944046 0
			vertex 12.40978717804 1.298403263092 0.19799999892712
		endloop
	endfacet
	facet normal 0.19509285368989 -0.98078477681861 0
		outer loop
			vertex 12.42527961731 1.3014849424362 0.19799999892712
			vertex 12.40978717804 1.298403263092 0.19799999892712
			vertex 12.40978717804 1.298403263092 0
		endloop
	endfacet
	facet normal 0 0 -1
		outer loop
			vertex 12.38787651062 1.2764929533005 0.19799999892712
			vertex 12.396653175354 1.2323727607727 0.19799999892712
			vertex 12.38787651062 1.2455070018768 0.19799999892712
		endloop
	endfacet
	facet normal 0 0 -1
		outer loop
			vertex 12.396653175354 1.2896271944046 0.19799999892712
			vertex 12.40978717804 1.2235966920853 0.19799999892712
			vertex 12.396653175354 1.2323727607727 0.19799999892712
		endloop
	endfacet
	facet normal 0 0 -1
		outer loop
			vertex 12.40978717804 1.298403263092 0.19799999892712
			vertex 12.42527961731 1.2205150127411 0.19799999892712
			vertex 12.40978717804 1.2235966920853 0.19799999892712
		endloop
	endfacet
	facet normal 0 -0 -1
		outer loop
			vertex 12.396653175354 1.2896271944046 0.19799999892712
			vertex 12.396653175354 1.2323727607727 0.19799999892712
			vertex 12.38787651062 1.2764929533005 0.19799999892712
		endloop
	endfacet
	facet normal 0 -0 -1
		outer loop
			vertex 12.38787651062 1.2764929533005 0.19799999892712
			vertex 12.38787651062 1.2455070018768 0.19799999892712
			vertex 12.384795188904 1.2610000371933 0.19799999892712
		endloop
	endfacet
	facet normal 0 0 -1
		outer loop
			vertex 12.396653175354 1.2896271944046 0.19799999892712
			vertex 12.40978717804 1.298403263092 0.19799999892712
			vertex 12.40978717804 1.2235966920853 0.19799999892712
		endloop
	endfacet
	facet normal 0 -0 -1
		outer loop
			vertex 12.42527961731 1.3014849424362 0.19799999892712
			vertex 12.42527961731 1.2205150127411 0.19799999892712
			vertex 12.40978717804 1.298403263092 0.19799999892712
		endloop
	endfacet
	facet normal 0.70710443883099 0.70710912353434 0
		outer loop
			vertex 12.720532417297 1.0704327821732 0.19799999892712
			vertex 12.828493118286 0.96247279644012 0
			vertex 12.720532417297 1.0704327821732 0
		endloop
	endfacet
	facet normal -0.70710853543918 -0.70710502692957 -0
		outer loop
			vertex 12.873888969421 1.0315849781036 0.19799999892712
			vertex 12.777787208557 1.1276872158051 0
			vertex 12.873888969421 1.0315849781036 0
		endloop
	endfacet
	facet normal 0.70710443883099 0.70710912353434 0
		outer loop
			vertex 12.720532417297 1.0704327821732 0.19799999892712
			vertex 12.828493118286 0.96247279644012 0.19799999892712
			vertex 12.828493118286 0.96247279644012 0
		endloop
	endfacet
	facet normal -0.70710853543918 -0.70710502692957 -0
		outer loop
			vertex 12.777787208557 1.1276872158051 0.19799999892712
			vertex 12.777787208557 1.1276872158051 0
			vertex 12.873888969421 1.0315849781036 0.19799999892712
		endloop
	endfacet
	facet normal 0 0 -1
		outer loop
			vertex 12.720532417297 1.0704327821732 0.19799999892712
			vertex 12.749159812927 1.0616468191147 0.19799999892712
			vertex 12.828493118286 0.96247279644012 0.19799999892712
		endloop
	endfacet
	facet normal 0 0 -1
		outer loop
			vertex 12.749159812927 1.0616468191147 0.19799999892712
			vertex 12.850402832031 0.98438310623169 0.19799999892712
			vertex 12.828493118286 0.96247279644012 0.19799999892712
		endloop
	endfacet
	facet normal 0 0 -1
		outer loop
			vertex 12.749159812927 1.0616468191147 0.19799999892712
			vertex 12.857119560242 1.0285130739212 0.19799999892712
			vertex 12.850402832031 0.98438310623169 0.19799999892712
		endloop
	endfacet
	facet normal 0 -0 -1
		outer loop
			vertex 12.755876541138 1.1057769060135 0.19799999892712
			vertex 12.857119560242 1.0285130739212 0.19799999892712
			vertex 12.749159812927 1.0616468191147 0.19799999892712
		endloop
	endfacet
	facet normal 0 -0 -1
		outer loop
			vertex 12.777787208557 1.1276872158051 0.19799999892712
			vertex 12.857119560242 1.0285130739212 0.19799999892712
			vertex 12.755876541138 1.1057769060135 0.19799999892712
		endloop
	endfacet
	facet normal 0 0 -1
		outer loop
			vertex 12.777787208557 1.1276872158051 0.19799999892712
			vertex 12.873888969421 1.0315849781036 0.19799999892712
			vertex 12.85777759552 1.028311252594 0.19799999892712
		endloop
	endfacet
	facet normal 0 0 -1
		outer loop
			vertex 12.777787208557 1.1276872158051 0.19799999892712
			vertex 12.85777759552 1.028311252594 0.19799999892712
			vertex 12.857119560242 1.0285130739212 0.19799999892712
		endloop
	endfacet
	facet normal 0 0 -1
		outer loop
			vertex 12.85777759552 1.028311252594 0.19799999892712
			vertex 12.873888969421 1.0315849781036 0.19799999892712
			vertex 12.879479408264 1.0259951353073 0.19799999892712
		endloop
	endfacet
	facet normal 0 1 0
		outer loop
			vertex 12.857119560242 0.95061498880386 0.19799999892712
			vertex 13.180999755859 0.95061498880386 0
			vertex 12.857119560242 0.95061498880386 0
		endloop
	endfacet
	facet normal 0 -1 -0
		outer loop
			vertex 13.16423034668 1.0315849781036 0.19799999892712
			vertex 12.873888969421 1.0315849781036 0
			vertex 13.16423034668 1.0315849781036 0
		endloop
	endfacet
	facet normal 0 -1 0
		outer loop
			vertex 12.873888969421 1.0315849781036 0.19799999892712
			vertex 12.873888969421 1.0315849781036 0
			vertex 13.16423034668 1.0315849781036 0.19799999892712
		endloop
	endfacet
	facet normal -0 1 0
		outer loop
			vertex 12.857119560242 0.95061498880386 0.19799999892712
			vertex 13.180999755859 0.95061498880386 0.19799999892712
			vertex 13.180999755859 0.95061498880386 0
		endloop
	endfacet
	facet normal 0 0 -1
		outer loop
			vertex 12.85777759552 1.028311252594 0.19799999892712
			vertex 12.879479408264 1.0259951353073 0.19799999892712
			vertex 12.872612953186 0.95448821783066 0.19799999892712
		endloop
	endfacet
	facet normal 0 0 -1
		outer loop
			vertex 12.857119560242 0.95061498880386 0.19799999892712
			vertex 12.872612953186 0.95448821783066 0.19799999892712
			vertex 13.180999755859 0.95061498880386 0.19799999892712
		endloop
	endfacet
	facet normal 0 -0 -1
		outer loop
			vertex 12.879479408264 1.0259951353073 0.19799999892712
			vertex 13.180999755859 0.95061498880386 0.19799999892712
			vertex 12.872612953186 0.95448821783066 0.19799999892712
		endloop
	endfacet
	facet normal 0 0 -1
		outer loop
			vertex 12.873888969421 1.0315849781036 0.19799999892712
			vertex 13.16423034668 1.0315849781036 0.19799999892712
			vertex 12.879479408264 1.0259951353073 0.19799999892712
		endloop
	endfacet
	facet normal 0 0 -1
		outer loop
			vertex 12.879479408264 1.0259951353073 0.19799999892712
			vertex 13.180999755859 0.99110001325607 0.19799999892712
			vertex 13.180999755859 0.95061498880386 0.19799999892712
		endloop
	endfacet
	facet normal 0 -0 -1
		outer loop
			vertex 13.16423034668 1.0315849781036 0.19799999892712
			vertex 13.180999755859 0.99110001325607 0.19799999892712
			vertex 12.879479408264 1.0259951353073 0.19799999892712
		endloop
	endfacet
	facet normal 0.70710578060315 -0.70710778176853 0
		outer loop
			vertex 13.248475074768 1.1158294677734 0.19799999892712
			vertex 13.16423034668 1.0315849781036 0
			vertex 13.248475074768 1.1158294677734 0
		endloop
	endfacet
	facet normal -0.70710756197346 0.70710600039878 0
		outer loop
			vertex 13.317586898804 1.0704327821732 0.19799999892712
			vertex 13.317586898804 1.0704327821732 0
			vertex 13.209627151489 0.96247279644012 0
		endloop
	endfacet
	facet normal -0.70710756197346 0.70710600039878 0
		outer loop
			vertex 13.209627151489 0.96247279644012 0.19799999892712
			vertex 13.317586898804 1.0704327821732 0.19799999892712
			vertex 13.209627151489 0.96247279644012 0
		endloop
	endfacet
	facet normal 0.70710578060315 -0.70710778176853 0
		outer loop
			vertex 13.248475074768 1.1158294677734 0.19799999892712
			vertex 13.16423034668 1.0315849781036 0.19799999892712
			vertex 13.16423034668 1.0315849781036 0
		endloop
	endfacet
	facet normal 0 0 -1
		outer loop
			vertex 13.180999755859 0.99110001325607 0.19799999892712
			vertex 13.249683380127 1.0929869413376 0.19799999892712
			vertex 13.209627151489 0.96247279644012 0.19799999892712
		endloop
	endfacet
	facet normal 0 0 -1
		outer loop
			vertex 13.16423034668 1.0315849781036 0.19799999892712
			vertex 13.249683380127 1.0929869413376 0.19799999892712
			vertex 13.180999755859 0.99110001325607 0.19799999892712
		endloop
	endfacet
	facet normal 0 0 -1
		outer loop
			vertex 13.209627151489 0.96247279644012 0.19799999892712
			vertex 13.249683380127 1.0929869413376 0.19799999892712
			vertex 13.291007041931 1.0970129966736 0.19799999892712
		endloop
	endfacet
	facet normal 0 -0 -1
		outer loop
			vertex 13.248475074768 1.1158294677734 0.19799999892712
			vertex 13.251546859741 1.0990600585938 0.19799999892712
			vertex 13.16423034668 1.0315849781036 0.19799999892712
		endloop
	endfacet
	facet normal 0 0 -1
		outer loop
			vertex 13.16423034668 1.0315849781036 0.19799999892712
			vertex 13.251546859741 1.0990600585938 0.19799999892712
			vertex 13.249683380127 1.0929869413376 0.19799999892712
		endloop
	endfacet
	facet normal 0 0 -1
		outer loop
			vertex 13.209627151489 0.96247279644012 0.19799999892712
			vertex 13.291007041931 1.0970129966736 0.19799999892712
			vertex 13.317586898804 1.0704327821732 0.19799999892712
		endloop
	endfacet
	facet normal 0 0 -1
		outer loop
			vertex 13.248475074768 1.1158294677734 0.19799999892712
			vertex 13.256916999817 1.1242713928223 0.19799999892712
			vertex 13.251546859741 1.0990600585938 0.19799999892712
		endloop
	endfacet
	facet normal 1 0 0
		outer loop
			vertex 13.248475074768 1.1840977668762 0.19799999892712
			vertex 13.248475074768 1.1158294677734 0
			vertex 13.248475074768 1.1840977668762 0
		endloop
	endfacet
	facet normal -1 0 0
		outer loop
			vertex 13.329444885254 1.0990600585938 0.19799999892712
			vertex 13.329444885254 1.2070200443268 0
			vertex 13.329444885254 1.0990600585938 0
		endloop
	endfacet
	facet normal 1 0 0
		outer loop
			vertex 13.248475074768 1.1840977668762 0.19799999892712
			vertex 13.248475074768 1.1158294677734 0.19799999892712
			vertex 13.248475074768 1.1158294677734 0
		endloop
	endfacet
	facet normal -1 -0 -0
		outer loop
			vertex 13.329444885254 1.2070200443268 0.19799999892712
			vertex 13.329444885254 1.2070200443268 0
			vertex 13.329444885254 1.0990600585938 0.19799999892712
		endloop
	endfacet
	facet normal 0 0 -1
		outer loop
			vertex 13.248475074768 1.1840977668762 0.19799999892712
			vertex 13.256916999817 1.1242713928223 0.19799999892712
			vertex 13.248475074768 1.1158294677734 0.19799999892712
		endloop
	endfacet
	facet normal 0 -0 -1
		outer loop
			vertex 13.256916999817 1.1242713928223 0.19799999892712
			vertex 13.297013282776 1.0990600585938 0.19799999892712
			vertex 13.251546859741 1.0990600585938 0.19799999892712
		endloop
	endfacet
	facet normal 0 -0 -1
		outer loop
			vertex 13.273467063904 1.1736972332001 0.19799999892712
			vertex 13.297013282776 1.0990600585938 0.19799999892712
			vertex 13.256916999817 1.1242713928223 0.19799999892712
		endloop
	endfacet
	facet normal 0 0 -1
		outer loop
			vertex 13.273467063904 1.1736972332001 0.19799999892712
			vertex 13.304452896118 1.1323827505112 0.19799999892712
			vertex 13.297013282776 1.0990600585938 0.19799999892712
		endloop
	endfacet
	facet normal 0 0 -1
		outer loop
			vertex 13.248475074768 1.1840977668762 0.19799999892712
			vertex 13.270966529846 1.1770311594009 0.19799999892712
			vertex 13.256916999817 1.1242713928223 0.19799999892712
		endloop
	endfacet
	facet normal 0 -0 -1
		outer loop
			vertex 13.270966529846 1.1770311594009 0.19799999892712
			vertex 13.273467063904 1.1736972332001 0.19799999892712
			vertex 13.256916999817 1.1242713928223 0.19799999892712
		endloop
	endfacet
	facet normal 0 -0 -1
		outer loop
			vertex 13.288960456848 1.2070200443268 0.19799999892712
			vertex 13.304452896118 1.1323827505112 0.19799999892712
			vertex 13.273467063904 1.1736972332001 0.19799999892712
		endloop
	endfacet
	facet normal 0 -0 -1
		outer loop
			vertex 13.329444885254 1.2070200443268 0.19799999892712
			vertex 13.329444885254 1.0990600585938 0.19799999892712
			vertex 13.304452896118 1.1323827505112 0.19799999892712
		endloop
	endfacet
	facet normal 0 0 -1
		outer loop
			vertex 13.288960456848 1.2070200443268 0.19799999892712
			vertex 13.329444885254 1.2070200443268 0.19799999892712
			vertex 13.304452896118 1.1323827505112 0.19799999892712
		endloop
	endfacet
	facet normal 0 0 -1
		outer loop
			vertex 13.288960456848 1.2070200443268 0.19799999892712
			vertex 13.273467063904 1.1736972332001 0.19799999892712
			vertex 13.276134490967 1.185644030571 0.19799999892712
		endloop
	endfacet
	facet normal -0.85707546579913 0.51519088299891 0
		outer loop
			vertex 13.309412956238 1.2411088943481 0.19799999892712
			vertex 13.309789657593 1.2417355775833 0
			vertex 13.309412956238 1.2411088943481 0
		endloop
	endfacet
	facet normal 0.85769436333216 -0.51415987699182 0
		outer loop
			vertex 12.728706359863 1.4968111515045 0.19799999892712
			vertex 12.728330612183 1.4961843490601 0
			vertex 12.728706359863 1.4968111515045 0
		endloop
	endfacet
	facet normal 0.51449563982487 0.85749299507412 0
		outer loop
			vertex 13.248475074768 1.1840977668762 0.19799999892712
			vertex 13.248475074768 1.1840977668762 0
			vertex 12.728330612183 1.4961843490601 0
		endloop
	endfacet
	facet normal -0.5144955378098 -0.85749305628314 -0
		outer loop
			vertex 13.309789657593 1.2417355775833 0.19799999892712
			vertex 12.895323753357 1.4904149770737 0
			vertex 13.309789657593 1.2417355775833 0
		endloop
	endfacet
	facet normal -0.85707546579913 0.51519088299891 0
		outer loop
			vertex 13.309789657593 1.2417355775833 0.19799999892712
			vertex 13.309789657593 1.2417355775833 0
			vertex 13.309412956238 1.2411088943481 0.19799999892712
		endloop
	endfacet
	facet normal 0.85769436333216 -0.51415987699182 0
		outer loop
			vertex 12.728706359863 1.4968111515045 0.19799999892712
			vertex 12.728330612183 1.4961843490601 0.19799999892712
			vertex 12.728330612183 1.4961843490601 0
		endloop
	endfacet
	facet normal 0.51449563982487 0.85749299507412 0
		outer loop
			vertex 12.728330612183 1.4961843490601 0.19799999892712
			vertex 13.248475074768 1.1840977668762 0.19799999892712
			vertex 12.728330612183 1.4961843490601 0
		endloop
	endfacet
	facet normal -0.5144955378098 -0.85749305628314 -0
		outer loop
			vertex 12.895323753357 1.4904149770737 0.19799999892712
			vertex 12.895323753357 1.4904149770737 0
			vertex 13.309789657593 1.2417355775833 0.19799999892712
		endloop
	endfacet
	facet normal 0 0 -1
		outer loop
			vertex 13.248475074768 1.1840977668762 0.19799999892712
			vertex 13.276134490967 1.185644030571 0.19799999892712
			vertex 13.270966529846 1.1770311594009 0.19799999892712
		endloop
	endfacet
	facet normal 0 0 -1
		outer loop
			vertex 13.305981636047 1.2434020042419 0.19799999892712
			vertex 13.309789657593 1.2417355775833 0.19799999892712
			vertex 13.309412956238 1.2411088943481 0.19799999892712
		endloop
	endfacet
	facet normal 0 -0 -1
		outer loop
			vertex 12.728706359863 1.4968111515045 0.19799999892712
			vertex 12.732138633728 1.4945180416107 0.19799999892712
			vertex 12.728330612183 1.4961843490601 0.19799999892712
		endloop
	endfacet
	facet normal 0 0 -1
		outer loop
			vertex 12.733667373657 1.493849158287 0.19799999892712
			vertex 12.743111610413 1.5208201408386 0.19799999892712
			vertex 12.866090774536 1.5079545974731 0.19799999892712
		endloop
	endfacet
	facet normal 0 0 -1
		outer loop
			vertex 12.728330612183 1.4961843490601 0.19799999892712
			vertex 12.732138633728 1.4945180416107 0.19799999892712
			vertex 13.248475074768 1.1840977668762 0.19799999892712
		endloop
	endfacet
	facet normal 0 0 -1
		outer loop
			vertex 12.732138633728 1.4945180416107 0.19799999892712
			vertex 12.733667373657 1.493849158287 0.19799999892712
			vertex 13.248475074768 1.1840977668762 0.19799999892712
		endloop
	endfacet
	facet normal 0 0 -1
		outer loop
			vertex 12.733667373657 1.493849158287 0.19799999892712
			vertex 12.866090774536 1.5079545974731 0.19799999892712
			vertex 12.895323753357 1.4904149770737 0.19799999892712
		endloop
	endfacet
	facet normal 0 -0 -1
		outer loop
			vertex 12.749159812927 1.5309000015259 0.19799999892712
			vertex 12.866090774536 1.5079545974731 0.19799999892712
			vertex 12.743111610413 1.5208201408386 0.19799999892712
		endloop
	endfacet
	facet normal 0 0 -1
		outer loop
			vertex 12.733667373657 1.493849158287 0.19799999892712
			vertex 12.895323753357 1.4904149770737 0.19799999892712
			vertex 13.296051979065 1.2188398838043 0.19799999892712
		endloop
	endfacet
	facet normal 0 0 -1
		outer loop
			vertex 12.733667373657 1.493849158287 0.19799999892712
			vertex 13.276134490967 1.185644030571 0.19799999892712
			vertex 13.248475074768 1.1840977668762 0.19799999892712
		endloop
	endfacet
	facet normal 0 0 -1
		outer loop
			vertex 12.733667373657 1.493849158287 0.19799999892712
			vertex 13.288960456848 1.2070200443268 0.19799999892712
			vertex 13.276134490967 1.185644030571 0.19799999892712
		endloop
	endfacet
	facet normal 0 0 -1
		outer loop
			vertex 12.733667373657 1.493849158287 0.19799999892712
			vertex 13.296051979065 1.2188398838043 0.19799999892712
			vertex 13.288960456848 1.2070200443268 0.19799999892712
		endloop
	endfacet
	facet normal 0 0 -1
		outer loop
			vertex 12.895323753357 1.4904149770737 0.19799999892712
			vertex 13.305981636047 1.2434020042419 0.19799999892712
			vertex 13.296051979065 1.2188398838043 0.19799999892712
		endloop
	endfacet
	facet normal 0 0 -1
		outer loop
			vertex 12.895323753357 1.4904149770737 0.19799999892712
			vertex 13.309789657593 1.2417355775833 0.19799999892712
			vertex 13.305981636047 1.2434020042419 0.19799999892712
		endloop
	endfacet
	facet normal 0 1 0
		outer loop
			vertex 12.895323753357 1.4904149770737 0.19799999892712
			vertex 13.288960456848 1.4904149770737 0
			vertex 12.895323753357 1.4904149770737 0
		endloop
	endfacet
	facet normal 0 -1 -0
		outer loop
			vertex 13.288960456848 1.5713850259781 0.19799999892712
			vertex 12.749159812927 1.5713850259781 0
			vertex 13.288960456848 1.5713850259781 0
		endloop
	endfacet
	facet normal 0 -1 0
		outer loop
			vertex 12.749159812927 1.5713850259781 0.19799999892712
			vertex 12.749159812927 1.5713850259781 0
			vertex 13.288960456848 1.5713850259781 0.19799999892712
		endloop
	endfacet
	facet normal -0 1 0
		outer loop
			vertex 12.895323753357 1.4904149770737 0.19799999892712
			vertex 13.288960456848 1.4904149770737 0.19799999892712
			vertex 13.288960456848 1.4904149770737 0
		endloop
	endfacet
	facet normal 0 0 -1
		outer loop
			vertex 12.749159812927 1.5713850259781 0.19799999892712
			vertex 12.866090774536 1.5079545974731 0.19799999892712
			vertex 12.749159812927 1.5309000015259 0.19799999892712
		endloop
	endfacet
	facet normal 0 0 -1
		outer loop
			vertex 12.749159812927 1.5713850259781 0.19799999892712
			vertex 13.288960456848 1.5713850259781 0.19799999892712
			vertex 12.866090774536 1.5079545974731 0.19799999892712
		endloop
	endfacet
	facet normal 0 0 -1
		outer loop
			vertex 12.866090774536 1.5079545974731 0.19799999892712
			vertex 13.288960456848 1.5713850259781 0.19799999892712
			vertex 12.895323753357 1.4904149770737 0.19799999892712
		endloop
	endfacet
	facet normal 0 0 -1
		outer loop
			vertex 12.895323753357 1.4904149770737 0.19799999892712
			vertex 13.288960456848 1.5713850259781 0.19799999892712
			vertex 13.288960456848 1.4904149770737 0.19799999892712
		endloop
	endfacet
	facet normal 0.98079054452663 0.19506385561439 0
		outer loop
			vertex 12.708675384521 1.0990600585938 0.19799999892712
			vertex 12.711756706238 1.0835670232773 0
			vertex 12.708675384521 1.0990600585938 0
		endloop
	endfacet
	facet normal 0.83147862717407 0.55555674107396 0
		outer loop
			vertex 12.711756706238 1.0835670232773 0.19799999892712
			vertex 12.720532417297 1.0704327821732 0
			vertex 12.711756706238 1.0835670232773 0
		endloop
	endfacet
	facet normal 0.98079025737698 -0.19506529941122 0
		outer loop
			vertex 12.711756706238 1.1145529747009 0.19799999892712
			vertex 12.708675384521 1.0990600585938 0
			vertex 12.711756706238 1.1145529747009 0
		endloop
	endfacet
	facet normal 0.55555147727905 -0.83148214418174 0
		outer loop
			vertex 12.733667373657 1.1364632844925 0.19799999892712
			vertex 12.720532417297 1.1276872158051 0
			vertex 12.733667373657 1.1364632844925 0
		endloop
	endfacet
	facet normal 0.83147862717407 -0.55555674107396 0
		outer loop
			vertex 12.720532417297 1.1276872158051 0.19799999892712
			vertex 12.711756706238 1.1145529747009 0
			vertex 12.720532417297 1.1276872158051 0
		endloop
	endfacet
	facet normal 0.19509285368989 -0.98078477681861 0
		outer loop
			vertex 12.749159812927 1.1395449638367 0.19799999892712
			vertex 12.733667373657 1.1364632844925 0
			vertex 12.749159812927 1.1395449638367 0
		endloop
	endfacet
	facet normal -0.19508130204389 -0.98078707454414 -0
		outer loop
			vertex 12.764653205872 1.1364632844925 0.19799999892712
			vertex 12.749159812927 1.1395449638367 0
			vertex 12.764653205872 1.1364632844925 0
		endloop
	endfacet
	facet normal -0.55557936535473 -0.83146351019876 -0
		outer loop
			vertex 12.777787208557 1.1276872158051 0.19799999892712
			vertex 12.764653205872 1.1364632844925 0
			vertex 12.777787208557 1.1276872158051 0
		endloop
	endfacet
	facet normal 0.98079054452663 0.19506385561439 0
		outer loop
			vertex 12.708675384521 1.0990600585938 0.19799999892712
			vertex 12.711756706238 1.0835670232773 0.19799999892712
			vertex 12.711756706238 1.0835670232773 0
		endloop
	endfacet
	facet normal 0.83147862717407 0.55555674107396 0
		outer loop
			vertex 12.711756706238 1.0835670232773 0.19799999892712
			vertex 12.720532417297 1.0704327821732 0.19799999892712
			vertex 12.720532417297 1.0704327821732 0
		endloop
	endfacet
	facet normal 0.98079025737698 -0.19506529941122 0
		outer loop
			vertex 12.711756706238 1.1145529747009 0.19799999892712
			vertex 12.708675384521 1.0990600585938 0.19799999892712
			vertex 12.708675384521 1.0990600585938 0
		endloop
	endfacet
	facet normal 0.83147862717407 -0.55555674107396 0
		outer loop
			vertex 12.720532417297 1.1276872158051 0.19799999892712
			vertex 12.711756706238 1.1145529747009 0.19799999892712
			vertex 12.711756706238 1.1145529747009 0
		endloop
	endfacet
	facet normal 0.55555147727905 -0.83148214418174 0
		outer loop
			vertex 12.733667373657 1.1364632844925 0.19799999892712
			vertex 12.720532417297 1.1276872158051 0.19799999892712
			vertex 12.720532417297 1.1276872158051 0
		endloop
	endfacet
	facet normal 0.19509285368989 -0.98078477681861 0
		outer loop
			vertex 12.733667373657 1.1364632844925 0.19799999892712
			vertex 12.733667373657 1.1364632844925 0
			vertex 12.749159812927 1.1395449638367 0.19799999892712
		endloop
	endfacet
	facet normal -0.19508130204389 -0.98078707454414 -0
		outer loop
			vertex 12.749159812927 1.1395449638367 0.19799999892712
			vertex 12.749159812927 1.1395449638367 0
			vertex 12.764653205872 1.1364632844925 0.19799999892712
		endloop
	endfacet
	facet normal -0.55557936535473 -0.83146351019876 -0
		outer loop
			vertex 12.764653205872 1.1364632844925 0.19799999892712
			vertex 12.764653205872 1.1364632844925 0
			vertex 12.777787208557 1.1276872158051 0.19799999892712
		endloop
	endfacet
	facet normal 0 -0 -1
		outer loop
			vertex 12.711756706238 1.1145529747009 0.19799999892712
			vertex 12.711756706238 1.0835670232773 0.19799999892712
			vertex 12.708675384521 1.0990600585938 0.19799999892712
		endloop
	endfacet
	facet normal 0 0 -1
		outer loop
			vertex 12.711756706238 1.1145529747009 0.19799999892712
			vertex 12.720532417297 1.0704327821732 0.19799999892712
			vertex 12.711756706238 1.0835670232773 0.19799999892712
		endloop
	endfacet
	facet normal 0 -0 -1
		outer loop
			vertex 12.733667373657 1.1364632844925 0.19799999892712
			vertex 12.749159812927 1.0616468191147 0.19799999892712
			vertex 12.720532417297 1.0704327821732 0.19799999892712
		endloop
	endfacet
	facet normal 0 0 -1
		outer loop
			vertex 12.749159812927 1.1395449638367 0.19799999892712
			vertex 12.755876541138 1.1057769060135 0.19799999892712
			vertex 12.749159812927 1.0616468191147 0.19799999892712
		endloop
	endfacet
	facet normal 0 0 -1
		outer loop
			vertex 12.733667373657 1.1364632844925 0.19799999892712
			vertex 12.720532417297 1.0704327821732 0.19799999892712
			vertex 12.720532417297 1.1276872158051 0.19799999892712
		endloop
	endfacet
	facet normal 0 -0 -1
		outer loop
			vertex 12.720532417297 1.1276872158051 0.19799999892712
			vertex 12.720532417297 1.0704327821732 0.19799999892712
			vertex 12.711756706238 1.1145529747009 0.19799999892712
		endloop
	endfacet
	facet normal 0 0 -1
		outer loop
			vertex 12.733667373657 1.1364632844925 0.19799999892712
			vertex 12.749159812927 1.1395449638367 0.19799999892712
			vertex 12.749159812927 1.0616468191147 0.19799999892712
		endloop
	endfacet
	facet normal 0 0 -1
		outer loop
			vertex 12.749159812927 1.1395449638367 0.19799999892712
			vertex 12.764653205872 1.1364632844925 0.19799999892712
			vertex 12.755876541138 1.1057769060135 0.19799999892712
		endloop
	endfacet
	facet normal 0 -0 -1
		outer loop
			vertex 12.764653205872 1.1364632844925 0.19799999892712
			vertex 12.777787208557 1.1276872158051 0.19799999892712
			vertex 12.755876541138 1.1057769060135 0.19799999892712
		endloop
	endfacet
	facet normal 0.55557936535473 0.83146351019876 0
		outer loop
			vertex 12.828493118286 0.96247279644012 0.19799999892712
			vertex 12.841627120972 0.95369672775269 0
			vertex 12.828493118286 0.96247279644012 0
		endloop
	endfacet
	facet normal 0.19509648347547 0.98078405479265 0
		outer loop
			vertex 12.841627120972 0.95369672775269 0.19799999892712
			vertex 12.857119560242 0.95061498880386 0
			vertex 12.841627120972 0.95369672775269 0
		endloop
	endfacet
	facet normal 0.55557936535473 0.83146351019876 0
		outer loop
			vertex 12.828493118286 0.96247279644012 0.19799999892712
			vertex 12.841627120972 0.95369672775269 0.19799999892712
			vertex 12.841627120972 0.95369672775269 0
		endloop
	endfacet
	facet normal 0.19509648347547 0.98078405479265 0
		outer loop
			vertex 12.841627120972 0.95369672775269 0.19799999892712
			vertex 12.857119560242 0.95061498880386 0.19799999892712
			vertex 12.857119560242 0.95061498880386 0
		endloop
	endfacet
	facet normal 0 -0 -1
		outer loop
			vertex 12.850402832031 0.98438310623169 0.19799999892712
			vertex 12.857119560242 0.95061498880386 0.19799999892712
			vertex 12.841627120972 0.95369672775269 0.19799999892712
		endloop
	endfacet
	facet normal 0 0 -1
		outer loop
			vertex 12.828493118286 0.96247279644012 0.19799999892712
			vertex 12.850402832031 0.98438310623169 0.19799999892712
			vertex 12.841627120972 0.95369672775269 0.19799999892712
		endloop
	endfacet
	facet normal 0 0 -1
		outer loop
			vertex 12.857119560242 1.0285130739212 0.19799999892712
			vertex 12.872612953186 0.95448821783066 0.19799999892712
			vertex 12.857119560242 0.95061498880386 0.19799999892712
		endloop
	endfacet
	facet normal 0 -0 -1
		outer loop
			vertex 12.857119560242 1.0285130739212 0.19799999892712
			vertex 12.857119560242 0.95061498880386 0.19799999892712
			vertex 12.850402832031 0.98438310623169 0.19799999892712
		endloop
	endfacet
	facet normal 0 0 -1
		outer loop
			vertex 12.857119560242 1.0285130739212 0.19799999892712
			vertex 12.85777759552 1.028311252594 0.19799999892712
			vertex 12.872612953186 0.95448821783066 0.19799999892712
		endloop
	endfacet
	facet normal -0.19508493163156 0.98078635260199 0
		outer loop
			vertex 13.180999755859 0.95061498880386 0.19799999892712
			vertex 13.196493148804 0.95369672775269 0
			vertex 13.180999755859 0.95061498880386 0
		endloop
	endfacet
	facet normal -0.55557936535473 0.83146351019876 0
		outer loop
			vertex 13.196493148804 0.95369672775269 0.19799999892712
			vertex 13.209627151489 0.96247279644012 0
			vertex 13.196493148804 0.95369672775269 0
		endloop
	endfacet
	facet normal -0.19508493163156 0.98078635260199 0
		outer loop
			vertex 13.180999755859 0.95061498880386 0.19799999892712
			vertex 13.196493148804 0.95369672775269 0.19799999892712
			vertex 13.196493148804 0.95369672775269 0
		endloop
	endfacet
	facet normal -0.55557936535473 0.83146351019876 0
		outer loop
			vertex 13.209627151489 0.96247279644012 0.19799999892712
			vertex 13.209627151489 0.96247279644012 0
			vertex 13.196493148804 0.95369672775269 0.19799999892712
		endloop
	endfacet
	facet normal 0 0 -1
		outer loop
			vertex 13.209627151489 0.96247279644012 0.19799999892712
			vertex 13.196493148804 0.95369672775269 0.19799999892712
			vertex 13.180999755859 0.95061498880386 0.19799999892712
		endloop
	endfacet
	facet normal 0 0 -1
		outer loop
			vertex 13.180999755859 0.99110001325607 0.19799999892712
			vertex 13.209627151489 0.96247279644012 0.19799999892712
			vertex 13.180999755859 0.95061498880386 0.19799999892712
		endloop
	endfacet
	facet normal -0.83145073852668 0.55559847858273 0
		outer loop
			vertex 13.317586898804 1.0704327821732 0.19799999892712
			vertex 13.326363563538 1.0835670232773 0
			vertex 13.317586898804 1.0704327821732 0
		endloop
	endfacet
	facet normal -0.98079054452663 0.19506385561439 0
		outer loop
			vertex 13.326363563538 1.0835670232773 0.19799999892712
			vertex 13.329444885254 1.0990600585938 0
			vertex 13.326363563538 1.0835670232773 0
		endloop
	endfacet
	facet normal -0.83145073852668 0.55559847858273 0
		outer loop
			vertex 13.317586898804 1.0704327821732 0.19799999892712
			vertex 13.326363563538 1.0835670232773 0.19799999892712
			vertex 13.326363563538 1.0835670232773 0
		endloop
	endfacet
	facet normal -0.98079054452663 0.19506385561439 0
		outer loop
			vertex 13.329444885254 1.0990600585938 0.19799999892712
			vertex 13.329444885254 1.0990600585938 0
			vertex 13.326363563538 1.0835670232773 0.19799999892712
		endloop
	endfacet
	facet normal 0 -0 -1
		outer loop
			vertex 13.251546859741 1.0990600585938 0.19799999892712
			vertex 13.291007041931 1.0970129966736 0.19799999892712
			vertex 13.249683380127 1.0929869413376 0.19799999892712
		endloop
	endfacet
	facet normal 0 0 -1
		outer loop
			vertex 13.251546859741 1.0990600585938 0.19799999892712
			vertex 13.297013282776 1.0990600585938 0.19799999892712
			vertex 13.291007041931 1.0970129966736 0.19799999892712
		endloop
	endfacet
	facet normal 0 -0 -1
		outer loop
			vertex 13.304452896118 1.1323827505112 0.19799999892712
			vertex 13.317586898804 1.0704327821732 0.19799999892712
			vertex 13.297013282776 1.0990600585938 0.19799999892712
		endloop
	endfacet
	facet normal 0 -0 -1
		outer loop
			vertex 13.297013282776 1.0990600585938 0.19799999892712
			vertex 13.317586898804 1.0704327821732 0.19799999892712
			vertex 13.291007041931 1.0970129966736 0.19799999892712
		endloop
	endfacet
	facet normal 0 0 -1
		outer loop
			vertex 13.304452896118 1.1323827505112 0.19799999892712
			vertex 13.329444885254 1.0990600585938 0.19799999892712
			vertex 13.317586898804 1.0704327821732 0.19799999892712
		endloop
	endfacet
	facet normal 0 0 -1
		outer loop
			vertex 13.317586898804 1.0704327821732 0.19799999892712
			vertex 13.329444885254 1.0990600585938 0.19799999892712
			vertex 13.326363563538 1.0835670232773 0.19799999892712
		endloop
	endfacet
	facet normal -0.98079025737698 -0.19506529941122 -0
		outer loop
			vertex 13.329444885254 1.2070200443268 0.19799999892712
			vertex 13.326363563538 1.222512960434 0
			vertex 13.329444885254 1.2070200443268 0
		endloop
	endfacet
	facet normal -0.55557297566707 -0.83146777971755 -0
		outer loop
			vertex 13.317586898804 1.2356472015381 0.19799999892712
			vertex 13.309412956238 1.2411088943481 0
			vertex 13.317586898804 1.2356472015381 0
		endloop
	endfacet
	facet normal -0.83145073852668 -0.55559847858273 -0
		outer loop
			vertex 13.326363563538 1.222512960434 0.19799999892712
			vertex 13.317586898804 1.2356472015381 0
			vertex 13.326363563538 1.222512960434 0
		endloop
	endfacet
	facet normal -0.98079025737698 -0.19506529941122 -0
		outer loop
			vertex 13.326363563538 1.222512960434 0.19799999892712
			vertex 13.326363563538 1.222512960434 0
			vertex 13.329444885254 1.2070200443268 0.19799999892712
		endloop
	endfacet
	facet normal -0.55557297566707 -0.83146777971755 -0
		outer loop
			vertex 13.309412956238 1.2411088943481 0.19799999892712
			vertex 13.309412956238 1.2411088943481 0
			vertex 13.317586898804 1.2356472015381 0.19799999892712
		endloop
	endfacet
	facet normal -0.83145073852668 -0.55559847858273 -0
		outer loop
			vertex 13.317586898804 1.2356472015381 0.19799999892712
			vertex 13.317586898804 1.2356472015381 0
			vertex 13.326363563538 1.222512960434 0.19799999892712
		endloop
	endfacet
	facet normal 0 0 -1
		outer loop
			vertex 13.276134490967 1.185644030571 0.19799999892712
			vertex 13.273467063904 1.1736972332001 0.19799999892712
			vertex 13.270966529846 1.1770311594009 0.19799999892712
		endloop
	endfacet
	facet normal 0 -0 -1
		outer loop
			vertex 13.296051979065 1.2188398838043 0.19799999892712
			vertex 13.329444885254 1.2070200443268 0.19799999892712
			vertex 13.288960456848 1.2070200443268 0.19799999892712
		endloop
	endfacet
	facet normal 0 -0 -1
		outer loop
			vertex 13.326363563538 1.222512960434 0.19799999892712
			vertex 13.329444885254 1.2070200443268 0.19799999892712
			vertex 13.296051979065 1.2188398838043 0.19799999892712
		endloop
	endfacet
	facet normal 0 -0 -1
		outer loop
			vertex 13.305981636047 1.2434020042419 0.19799999892712
			vertex 13.309412956238 1.2411088943481 0.19799999892712
			vertex 13.296051979065 1.2188398838043 0.19799999892712
		endloop
	endfacet
	facet normal 0 -0 -1
		outer loop
			vertex 13.309412956238 1.2411088943481 0.19799999892712
			vertex 13.317586898804 1.2356472015381 0.19799999892712
			vertex 13.296051979065 1.2188398838043 0.19799999892712
		endloop
	endfacet
	facet normal 0 -0 -1
		outer loop
			vertex 13.317586898804 1.2356472015381 0.19799999892712
			vertex 13.326363563538 1.222512960434 0.19799999892712
			vertex 13.296051979065 1.2188398838043 0.19799999892712
		endloop
	endfacet
	facet normal 0.98079025737698 0.19506529941122 0
		outer loop
			vertex 12.708675384521 1.5309000015259 0.19799999892712
			vertex 12.711756706238 1.5154070854187 0
			vertex 12.708675384521 1.5309000015259 0
		endloop
	endfacet
	facet normal 0.83148095638576 0.55555325502405 0
		outer loop
			vertex 12.711756706238 1.5154070854187 0.19799999892712
			vertex 12.720532417297 1.5022727251053 0
			vertex 12.711756706238 1.5154070854187 0
		endloop
	endfacet
	facet normal 0.55556459228653 0.83147338129221 0
		outer loop
			vertex 12.720532417297 1.5022727251053 0.19799999892712
			vertex 12.728706359863 1.4968111515045 0
			vertex 12.720532417297 1.5022727251053 0
		endloop
	endfacet
	facet normal 0.98079025737698 -0.19506529941122 0
		outer loop
			vertex 12.711756706238 1.5463929176331 0.19799999892712
			vertex 12.708675384521 1.5309000015259 0
			vertex 12.711756706238 1.5463929176331 0
		endloop
	endfacet
	facet normal 0.83147862717407 -0.55555674107396 0
		outer loop
			vertex 12.720532417297 1.5595271587372 0.19799999892712
			vertex 12.711756706238 1.5463929176331 0
			vertex 12.720532417297 1.5595271587372 0
		endloop
	endfacet
	facet normal 0.55555147727905 -0.83148214418174 0
		outer loop
			vertex 12.733667373657 1.5683032274246 0.19799999892712
			vertex 12.720532417297 1.5595271587372 0
			vertex 12.733667373657 1.5683032274246 0
		endloop
	endfacet
	facet normal 0.19510011325304 -0.98078333275431 0
		outer loop
			vertex 12.749159812927 1.5713850259781 0.19799999892712
			vertex 12.733667373657 1.5683032274246 0
			vertex 12.749159812927 1.5713850259781 0
		endloop
	endfacet
	facet normal 0.98079025737698 -0.19506529941122 0
		outer loop
			vertex 12.711756706238 1.5463929176331 0.19799999892712
			vertex 12.708675384521 1.5309000015259 0.19799999892712
			vertex 12.708675384521 1.5309000015259 0
		endloop
	endfacet
	facet normal 0.98079025737698 0.19506529941122 0
		outer loop
			vertex 12.708675384521 1.5309000015259 0.19799999892712
			vertex 12.711756706238 1.5154070854187 0.19799999892712
			vertex 12.711756706238 1.5154070854187 0
		endloop
	endfacet
	facet normal 0.83148095638576 0.55555325502405 0
		outer loop
			vertex 12.711756706238 1.5154070854187 0.19799999892712
			vertex 12.720532417297 1.5022727251053 0.19799999892712
			vertex 12.720532417297 1.5022727251053 0
		endloop
	endfacet
	facet normal 0.55556459228653 0.83147338129221 0
		outer loop
			vertex 12.720532417297 1.5022727251053 0.19799999892712
			vertex 12.728706359863 1.4968111515045 0.19799999892712
			vertex 12.728706359863 1.4968111515045 0
		endloop
	endfacet
	facet normal 0.83147862717407 -0.55555674107396 0
		outer loop
			vertex 12.720532417297 1.5595271587372 0.19799999892712
			vertex 12.711756706238 1.5463929176331 0.19799999892712
			vertex 12.711756706238 1.5463929176331 0
		endloop
	endfacet
	facet normal 0.55555147727905 -0.83148214418174 0
		outer loop
			vertex 12.733667373657 1.5683032274246 0.19799999892712
			vertex 12.720532417297 1.5595271587372 0.19799999892712
			vertex 12.720532417297 1.5595271587372 0
		endloop
	endfacet
	facet normal 0.19510011325304 -0.98078333275431 0
		outer loop
			vertex 12.733667373657 1.5683032274246 0.19799999892712
			vertex 12.733667373657 1.5683032274246 0
			vertex 12.749159812927 1.5713850259781 0.19799999892712
		endloop
	endfacet
	facet normal 0 -0 -1
		outer loop
			vertex 12.711756706238 1.5463929176331 0.19799999892712
			vertex 12.711756706238 1.5154070854187 0.19799999892712
			vertex 12.708675384521 1.5309000015259 0.19799999892712
		endloop
	endfacet
	facet normal 0 0 -1
		outer loop
			vertex 12.720532417297 1.5595271587372 0.19799999892712
			vertex 12.732138633728 1.4945180416107 0.19799999892712
			vertex 12.728706359863 1.4968111515045 0.19799999892712
		endloop
	endfacet
	facet normal 0 0 -1
		outer loop
			vertex 12.720532417297 1.5595271587372 0.19799999892712
			vertex 12.733667373657 1.493849158287 0.19799999892712
			vertex 12.732138633728 1.4945180416107 0.19799999892712
		endloop
	endfacet
	facet normal 0 0 -1
		outer loop
			vertex 12.711756706238 1.5463929176331 0.19799999892712
			vertex 12.720532417297 1.5022727251053 0.19799999892712
			vertex 12.711756706238 1.5154070854187 0.19799999892712
		endloop
	endfacet
	facet normal 0 -0 -1
		outer loop
			vertex 12.720532417297 1.5595271587372 0.19799999892712
			vertex 12.720532417297 1.5022727251053 0.19799999892712
			vertex 12.711756706238 1.5463929176331 0.19799999892712
		endloop
	endfacet
	facet normal 0 0 -1
		outer loop
			vertex 12.720532417297 1.5595271587372 0.19799999892712
			vertex 12.728706359863 1.4968111515045 0.19799999892712
			vertex 12.720532417297 1.5022727251053 0.19799999892712
		endloop
	endfacet
	facet normal 0 -0 -1
		outer loop
			vertex 12.733667373657 1.5683032274246 0.19799999892712
			vertex 12.733667373657 1.493849158287 0.19799999892712
			vertex 12.720532417297 1.5595271587372 0.19799999892712
		endloop
	endfacet
	facet normal 0 0 -1
		outer loop
			vertex 12.733667373657 1.5683032274246 0.19799999892712
			vertex 12.743111610413 1.5208201408386 0.19799999892712
			vertex 12.733667373657 1.493849158287 0.19799999892712
		endloop
	endfacet
	facet normal 0 0 -1
		outer loop
			vertex 12.733667373657 1.5683032274246 0.19799999892712
			vertex 12.749159812927 1.5309000015259 0.19799999892712
			vertex 12.743111610413 1.5208201408386 0.19799999892712
		endloop
	endfacet
	facet normal 0 0 -1
		outer loop
			vertex 12.733667373657 1.5683032274246 0.19799999892712
			vertex 12.749159812927 1.5713850259781 0.19799999892712
			vertex 12.749159812927 1.5309000015259 0.19799999892712
		endloop
	endfacet
	facet normal -0.19510011325304 0.98078333275431 0
		outer loop
			vertex 13.288960456848 1.4904149770737 0.19799999892712
			vertex 13.304452896118 1.4934967756271 0
			vertex 13.288960456848 1.4904149770737 0
		endloop
	endfacet
	facet normal -0.55557414806069 0.83146699634239 0
		outer loop
			vertex 13.304452896118 1.4934967756271 0.19799999892712
			vertex 13.317586898804 1.5022727251053 0
			vertex 13.304452896118 1.4934967756271 0
		endloop
	endfacet
	facet normal -0.19510011325304 -0.98078333275431 -0
		outer loop
			vertex 13.304452896118 1.5683032274246 0.19799999892712
			vertex 13.288960456848 1.5713850259781 0
			vertex 13.304452896118 1.5683032274246 0
		endloop
	endfacet
	facet normal -0.83145306801022 0.55559499250478 0
		outer loop
			vertex 13.317586898804 1.5022727251053 0.19799999892712
			vertex 13.326363563538 1.5154070854187 0
			vertex 13.317586898804 1.5022727251053 0
		endloop
	endfacet
	facet normal -0.98079025737698 -0.19506529941122 -0
		outer loop
			vertex 13.329444885254 1.5309000015259 0.19799999892712
			vertex 13.326363563538 1.5463929176331 0
			vertex 13.329444885254 1.5309000015259 0
		endloop
	endfacet
	facet normal -0.98079025737698 0.19506529941122 0
		outer loop
			vertex 13.326363563538 1.5154070854187 0.19799999892712
			vertex 13.329444885254 1.5309000015259 0
			vertex 13.326363563538 1.5154070854187 0
		endloop
	endfacet
	facet normal -0.55557936535473 -0.83146351019876 -0
		outer loop
			vertex 13.317586898804 1.5595271587372 0.19799999892712
			vertex 13.304452896118 1.5683032274246 0
			vertex 13.317586898804 1.5595271587372 0
		endloop
	endfacet
	facet normal -0.83145073852668 -0.55559847858273 -0
		outer loop
			vertex 13.326363563538 1.5463929176331 0.19799999892712
			vertex 13.317586898804 1.5595271587372 0
			vertex 13.326363563538 1.5463929176331 0
		endloop
	endfacet
	facet normal -0.19510011325304 0.98078333275431 0
		outer loop
			vertex 13.288960456848 1.4904149770737 0.19799999892712
			vertex 13.304452896118 1.4934967756271 0.19799999892712
			vertex 13.304452896118 1.4934967756271 0
		endloop
	endfacet
	facet normal -0.19510011325304 -0.98078333275431 -0
		outer loop
			vertex 13.288960456848 1.5713850259781 0.19799999892712
			vertex 13.288960456848 1.5713850259781 0
			vertex 13.304452896118 1.5683032274246 0.19799999892712
		endloop
	endfacet
	facet normal -0.55557414806069 0.83146699634239 0
		outer loop
			vertex 13.317586898804 1.5022727251053 0.19799999892712
			vertex 13.317586898804 1.5022727251053 0
			vertex 13.304452896118 1.4934967756271 0.19799999892712
		endloop
	endfacet
	facet normal -0.83145306801022 0.55559499250478 0
		outer loop
			vertex 13.317586898804 1.5022727251053 0.19799999892712
			vertex 13.326363563538 1.5154070854187 0.19799999892712
			vertex 13.326363563538 1.5154070854187 0
		endloop
	endfacet
	facet normal -0.98079025737698 0.19506529941122 0
		outer loop
			vertex 13.329444885254 1.5309000015259 0.19799999892712
			vertex 13.329444885254 1.5309000015259 0
			vertex 13.326363563538 1.5154070854187 0.19799999892712
		endloop
	endfacet
	facet normal -0.83145073852668 -0.55559847858273 -0
		outer loop
			vertex 13.317586898804 1.5595271587372 0.19799999892712
			vertex 13.317586898804 1.5595271587372 0
			vertex 13.326363563538 1.5463929176331 0.19799999892712
		endloop
	endfacet
	facet normal -0.55557936535473 -0.83146351019876 -0
		outer loop
			vertex 13.304452896118 1.5683032274246 0.19799999892712
			vertex 13.304452896118 1.5683032274246 0
			vertex 13.317586898804 1.5595271587372 0.19799999892712
		endloop
	endfacet
	facet normal -0.98079025737698 -0.19506529941122 -0
		outer loop
			vertex 13.326363563538 1.5463929176331 0.19799999892712
			vertex 13.326363563538 1.5463929176331 0
			vertex 13.329444885254 1.5309000015259 0.19799999892712
		endloop
	endfacet
	facet normal 0 0 -1
		outer loop
			vertex 13.288960456848 1.5713850259781 0.19799999892712
			vertex 13.304452896118 1.4934967756271 0.19799999892712
			vertex 13.288960456848 1.4904149770737 0.19799999892712
		endloop
	endfacet
	facet normal 0 0 -1
		outer loop
			vertex 13.288960456848 1.5713850259781 0.19799999892712
			vertex 13.304452896118 1.5683032274246 0.19799999892712
			vertex 13.304452896118 1.4934967756271 0.19799999892712
		endloop
	endfacet
	facet normal 0 0 -1
		outer loop
			vertex 13.304452896118 1.5683032274246 0.19799999892712
			vertex 13.317586898804 1.5022727251053 0.19799999892712
			vertex 13.304452896118 1.4934967756271 0.19799999892712
		endloop
	endfacet
	facet normal 0 0 -1
		outer loop
			vertex 13.317586898804 1.5595271587372 0.19799999892712
			vertex 13.326363563538 1.5154070854187 0.19799999892712
			vertex 13.317586898804 1.5022727251053 0.19799999892712
		endloop
	endfacet
	facet normal 0 0 -1
		outer loop
			vertex 13.326363563538 1.5463929176331 0.19799999892712
			vertex 13.329444885254 1.5309000015259 0.19799999892712
			vertex 13.326363563538 1.5154070854187 0.19799999892712
		endloop
	endfacet
	facet normal 0 0 -1
		outer loop
			vertex 13.304452896118 1.5683032274246 0.19799999892712
			vertex 13.317586898804 1.5595271587372 0.19799999892712
			vertex 13.317586898804 1.5022727251053 0.19799999892712
		endloop
	endfacet
	facet normal 0 0 -1
		outer loop
			vertex 13.317586898804 1.5595271587372 0.19799999892712
			vertex 13.326363563538 1.5463929176331 0.19799999892712
			vertex 13.326363563538 1.5154070854187 0.19799999892712
		endloop
	endfacet
	facet normal 1 0 0
		outer loop
			vertex 13.356434822083 0.99110001325607 0.19799999892712
			vertex 13.356434822083 0.99110001325607 0
			vertex 13.356434822083 1.2481197118759 0
		endloop
	endfacet
	facet normal -1 0 0
		outer loop
			vertex 13.437404632568 0.99110001325607 0.19799999892712
			vertex 13.437404632568 1.1954939365387 0
			vertex 13.437404632568 0.99110001325607 0
		endloop
	endfacet
	facet normal -1 0 0
		outer loop
			vertex 13.437404632568 1.3265061378479 0.19799999892712
			vertex 13.437404632568 1.5309000015259 0
			vertex 13.437404632568 1.3265061378479 0
		endloop
	endfacet
	facet normal 1 0 0
		outer loop
			vertex 13.356434822083 1.5309000015259 0.19799999892712
			vertex 13.356434822083 1.2481197118759 0
			vertex 13.356434822083 1.5309000015259 0
		endloop
	endfacet
	facet normal -1 -0 -0
		outer loop
			vertex 13.437404632568 1.1954939365387 0.19799999892712
			vertex 13.437404632568 1.1954939365387 0
			vertex 13.437404632568 0.99110001325607 0.19799999892712
		endloop
	endfacet
	facet normal 1 0 0
		outer loop
			vertex 13.356434822083 1.5309000015259 0.19799999892712
			vertex 13.356434822083 0.99110001325607 0.19799999892712
			vertex 13.356434822083 1.2481197118759 0
		endloop
	endfacet
	facet normal -1 -0 -0
		outer loop
			vertex 13.437404632568 1.5309000015259 0.19799999892712
			vertex 13.437404632568 1.5309000015259 0
			vertex 13.437404632568 1.3265061378479 0.19799999892712
		endloop
	endfacet
	facet normal 0 -0 -1
		outer loop
			vertex 13.390674591064 1.3026338815689 0.19799999892712
			vertex 13.437404632568 0.99110001325607 0.19799999892712
			vertex 13.356434822083 0.99110001325607 0.19799999892712
		endloop
	endfacet
	facet normal 0 0 -1
		outer loop
			vertex 13.390674591064 1.3026338815689 0.19799999892712
			vertex 13.437404632568 1.1954939365387 0.19799999892712
			vertex 13.437404632568 0.99110001325607 0.19799999892712
		endloop
	endfacet
	facet normal 0 0 -1
		outer loop
			vertex 13.390674591064 1.3026338815689 0.19799999892712
			vertex 13.437404632568 1.2047021389008 0.19799999892712
			vertex 13.437404632568 1.1954939365387 0.19799999892712
		endloop
	endfacet
	facet normal 0 0 -1
		outer loop
			vertex 13.356434822083 1.5309000015259 0.19799999892712
			vertex 13.390674591064 1.3026338815689 0.19799999892712
			vertex 13.356434822083 0.99110001325607 0.19799999892712
		endloop
	endfacet
	facet normal 0 0 -1
		outer loop
			vertex 13.390674591064 1.3026338815689 0.19799999892712
			vertex 13.406471252441 1.2801023721695 0.19799999892712
			vertex 13.437404632568 1.2047021389008 0.19799999892712
		endloop
	endfacet
	facet normal 0 0 -1
		outer loop
			vertex 13.390674591064 1.3026338815689 0.19799999892712
			vertex 13.406933784485 1.2810271978378 0.19799999892712
			vertex 13.406471252441 1.2801023721695 0.19799999892712
		endloop
	endfacet
	facet normal 0 0 -1
		outer loop
			vertex 13.356434822083 1.5309000015259 0.19799999892712
			vertex 13.437404632568 1.326043844223 0.19799999892712
			vertex 13.390674591064 1.3026338815689 0.19799999892712
		endloop
	endfacet
	facet normal 0 0 -1
		outer loop
			vertex 13.356434822083 1.5309000015259 0.19799999892712
			vertex 13.437404632568 1.3265061378479 0.19799999892712
			vertex 13.437404632568 1.326043844223 0.19799999892712
		endloop
	endfacet
	facet normal 0 0 -1
		outer loop
			vertex 13.356434822083 1.5309000015259 0.19799999892712
			vertex 13.437404632568 1.5309000015259 0.19799999892712
			vertex 13.437404632568 1.3265061378479 0.19799999892712
		endloop
	endfacet
	facet normal 0.83147862717407 -0.55555674107396 0
		outer loop
			vertex 13.368292808533 1.5595271587372 0.19799999892712
			vertex 13.359517097473 1.5463929176331 0
			vertex 13.368292808533 1.5595271587372 0
		endloop
	endfacet
	facet normal 0.98077870533518 -0.19512337420475 0
		outer loop
			vertex 13.359517097473 1.5463929176331 0.19799999892712
			vertex 13.356434822083 1.5309000015259 0
			vertex 13.359517097473 1.5463929176331 0
		endloop
	endfacet
	facet normal 0.55557936535473 -0.83146351019876 0
		outer loop
			vertex 13.381426811218 1.5683032274246 0.19799999892712
			vertex 13.368292808533 1.5595271587372 0
			vertex 13.381426811218 1.5683032274246 0
		endloop
	endfacet
	facet normal 0.19508856121121 -0.98078563064746 0
		outer loop
			vertex 13.396920204163 1.5713850259781 0.19799999892712
			vertex 13.381426811218 1.5683032274246 0
			vertex 13.396920204163 1.5713850259781 0
		endloop
	endfacet
	facet normal -0.98079025737698 -0.19506529941122 -0
		outer loop
			vertex 13.437404632568 1.5309000015259 0.19799999892712
			vertex 13.434323310852 1.5463929176331 0
			vertex 13.437404632568 1.5309000015259 0
		endloop
	endfacet
	facet normal -0.19510011325304 -0.98078333275431 -0
		outer loop
			vertex 13.412412643433 1.5683032274246 0.19799999892712
			vertex 13.396920204163 1.5713850259781 0
			vertex 13.412412643433 1.5683032274246 0
		endloop
	endfacet
	facet normal -0.83147862717407 -0.55555674107396 -0
		outer loop
			vertex 13.434323310852 1.5463929176331 0.19799999892712
			vertex 13.425547599792 1.5595271587372 0
			vertex 13.434323310852 1.5463929176331 0
		endloop
	endfacet
	facet normal -0.55555147727905 -0.83148214418174 -0
		outer loop
			vertex 13.425547599792 1.5595271587372 0.19799999892712
			vertex 13.412412643433 1.5683032274246 0
			vertex 13.425547599792 1.5595271587372 0
		endloop
	endfacet
	facet normal 0.98077870533518 -0.19512337420475 0
		outer loop
			vertex 13.359517097473 1.5463929176331 0.19799999892712
			vertex 13.356434822083 1.5309000015259 0.19799999892712
			vertex 13.356434822083 1.5309000015259 0
		endloop
	endfacet
	facet normal 0.83147862717407 -0.55555674107396 0
		outer loop
			vertex 13.368292808533 1.5595271587372 0.19799999892712
			vertex 13.359517097473 1.5463929176331 0.19799999892712
			vertex 13.359517097473 1.5463929176331 0
		endloop
	endfacet
	facet normal 0.55557936535473 -0.83146351019876 0
		outer loop
			vertex 13.368292808533 1.5595271587372 0.19799999892712
			vertex 13.368292808533 1.5595271587372 0
			vertex 13.381426811218 1.5683032274246 0.19799999892712
		endloop
	endfacet
	facet normal 0.19508856121121 -0.98078563064746 0
		outer loop
			vertex 13.381426811218 1.5683032274246 0.19799999892712
			vertex 13.381426811218 1.5683032274246 0
			vertex 13.396920204163 1.5713850259781 0.19799999892712
		endloop
	endfacet
	facet normal -0.19510011325304 -0.98078333275431 -0
		outer loop
			vertex 13.396920204163 1.5713850259781 0.19799999892712
			vertex 13.396920204163 1.5713850259781 0
			vertex 13.412412643433 1.5683032274246 0.19799999892712
		endloop
	endfacet
	facet normal -0.55555147727905 -0.83148214418174 -0
		outer loop
			vertex 13.412412643433 1.5683032274246 0.19799999892712
			vertex 13.412412643433 1.5683032274246 0
			vertex 13.425547599792 1.5595271587372 0.19799999892712
		endloop
	endfacet
	facet normal -0.83147862717407 -0.55555674107396 -0
		outer loop
			vertex 13.425547599792 1.5595271587372 0.19799999892712
			vertex 13.425547599792 1.5595271587372 0
			vertex 13.434323310852 1.5463929176331 0.19799999892712
		endloop
	endfacet
	facet normal -0.98079025737698 -0.19506529941122 -0
		outer loop
			vertex 13.434323310852 1.5463929176331 0.19799999892712
			vertex 13.434323310852 1.5463929176331 0
			vertex 13.437404632568 1.5309000015259 0.19799999892712
		endloop
	endfacet
	facet normal 0 -0 -1
		outer loop
			vertex 13.368292808533 1.5595271587372 0.19799999892712
			vertex 13.381426811218 1.5683032274246 0.19799999892712
			vertex 13.356434822083 1.5309000015259 0.19799999892712
		endloop
	endfacet
	facet normal 0 0 -1
		outer loop
			vertex 13.368292808533 1.5595271587372 0.19799999892712
			vertex 13.356434822083 1.5309000015259 0.19799999892712
			vertex 13.359517097473 1.5463929176331 0.19799999892712
		endloop
	endfacet
	facet normal 0 -0 -1
		outer loop
			vertex 13.381426811218 1.5683032274246 0.19799999892712
			vertex 13.396920204163 1.5713850259781 0.19799999892712
			vertex 13.356434822083 1.5309000015259 0.19799999892712
		endloop
	endfacet
	facet normal 0 -0 -1
		outer loop
			vertex 13.396920204163 1.5713850259781 0.19799999892712
			vertex 13.412412643433 1.5683032274246 0.19799999892712
			vertex 13.356434822083 1.5309000015259 0.19799999892712
		endloop
	endfacet
	facet normal 0 0 -1
		outer loop
			vertex 13.356434822083 1.5309000015259 0.19799999892712
			vertex 13.434323310852 1.5463929176331 0.19799999892712
			vertex 13.437404632568 1.5309000015259 0.19799999892712
		endloop
	endfacet
	facet normal 0 -0 -1
		outer loop
			vertex 13.412412643433 1.5683032274246 0.19799999892712
			vertex 13.425547599792 1.5595271587372 0.19799999892712
			vertex 13.356434822083 1.5309000015259 0.19799999892712
		endloop
	endfacet
	facet normal 0 0 -1
		outer loop
			vertex 13.356434822083 1.5309000015259 0.19799999892712
			vertex 13.425547599792 1.5595271587372 0.19799999892712
			vertex 13.434323310852 1.5463929176331 0.19799999892712
		endloop
	endfacet
	facet normal 0.83147862717407 0.55555674107396 0
		outer loop
			vertex 13.359517097473 0.97560703754425 0.19799999892712
			vertex 13.368292808533 0.96247279644012 0
			vertex 13.359517097473 0.97560703754425 0
		endloop
	endfacet
	facet normal 0.55557936535473 0.83146351019876 0
		outer loop
			vertex 13.368292808533 0.96247279644012 0.19799999892712
			vertex 13.381426811218 0.95369672775269 0
			vertex 13.368292808533 0.96247279644012 0
		endloop
	endfacet
	facet normal 0.19508493163156 0.98078635260199 0
		outer loop
			vertex 13.381426811218 0.95369672775269 0.19799999892712
			vertex 13.396920204163 0.95061498880386 0
			vertex 13.381426811218 0.95369672775269 0
		endloop
	endfacet
	facet normal 0.98077884899461 0.1951226521058 0
		outer loop
			vertex 13.356434822083 0.99110001325607 0.19799999892712
			vertex 13.359517097473 0.97560703754425 0
			vertex 13.356434822083 0.99110001325607 0
		endloop
	endfacet
	facet normal -0.19509648347547 0.98078405479265 0
		outer loop
			vertex 13.396920204163 0.95061498880386 0.19799999892712
			vertex 13.412412643433 0.95369672775269 0
			vertex 13.396920204163 0.95061498880386 0
		endloop
	endfacet
	facet normal -0.55555147727905 0.83148214418174 0
		outer loop
			vertex 13.412412643433 0.95369672775269 0.19799999892712
			vertex 13.425547599792 0.96247279644012 0
			vertex 13.412412643433 0.95369672775269 0
		endloop
	endfacet
	facet normal -0.9807904009526 0.19506457751019 0
		outer loop
			vertex 13.434323310852 0.97560703754425 0.19799999892712
			vertex 13.437404632568 0.99110001325607 0
			vertex 13.434323310852 0.97560703754425 0
		endloop
	endfacet
	facet normal -0.83147862717407 0.55555674107396 0
		outer loop
			vertex 13.425547599792 0.96247279644012 0.19799999892712
			vertex 13.434323310852 0.97560703754425 0
			vertex 13.425547599792 0.96247279644012 0
		endloop
	endfacet
	facet normal 0.98077884899461 0.1951226521058 0
		outer loop
			vertex 13.356434822083 0.99110001325607 0.19799999892712
			vertex 13.359517097473 0.97560703754425 0.19799999892712
			vertex 13.359517097473 0.97560703754425 0
		endloop
	endfacet
	facet normal 0.83147862717407 0.55555674107396 0
		outer loop
			vertex 13.359517097473 0.97560703754425 0.19799999892712
			vertex 13.368292808533 0.96247279644012 0.19799999892712
			vertex 13.368292808533 0.96247279644012 0
		endloop
	endfacet
	facet normal 0.55557936535473 0.83146351019876 0
		outer loop
			vertex 13.368292808533 0.96247279644012 0.19799999892712
			vertex 13.381426811218 0.95369672775269 0.19799999892712
			vertex 13.381426811218 0.95369672775269 0
		endloop
	endfacet
	facet normal 0.19508493163156 0.98078635260199 0
		outer loop
			vertex 13.381426811218 0.95369672775269 0.19799999892712
			vertex 13.396920204163 0.95061498880386 0.19799999892712
			vertex 13.396920204163 0.95061498880386 0
		endloop
	endfacet
	facet normal -0.19509648347547 0.98078405479265 0
		outer loop
			vertex 13.396920204163 0.95061498880386 0.19799999892712
			vertex 13.412412643433 0.95369672775269 0.19799999892712
			vertex 13.412412643433 0.95369672775269 0
		endloop
	endfacet
	facet normal -0.55555147727905 0.83148214418174 0
		outer loop
			vertex 13.412412643433 0.95369672775269 0.19799999892712
			vertex 13.425547599792 0.96247279644012 0.19799999892712
			vertex 13.425547599792 0.96247279644012 0
		endloop
	endfacet
	facet normal -0.83147862717407 0.55555674107396 0
		outer loop
			vertex 13.434323310852 0.97560703754425 0.19799999892712
			vertex 13.434323310852 0.97560703754425 0
			vertex 13.425547599792 0.96247279644012 0.19799999892712
		endloop
	endfacet
	facet normal -0.9807904009526 0.19506457751019 0
		outer loop
			vertex 13.437404632568 0.99110001325607 0.19799999892712
			vertex 13.437404632568 0.99110001325607 0
			vertex 13.434323310852 0.97560703754425 0.19799999892712
		endloop
	endfacet
	facet normal 0 0 -1
		outer loop
			vertex 13.359517097473 0.97560703754425 0.19799999892712
			vertex 13.437404632568 0.99110001325607 0.19799999892712
			vertex 13.368292808533 0.96247279644012 0.19799999892712
		endloop
	endfacet
	facet normal 0 0 -1
		outer loop
			vertex 13.356434822083 0.99110001325607 0.19799999892712
			vertex 13.437404632568 0.99110001325607 0.19799999892712
			vertex 13.359517097473 0.97560703754425 0.19799999892712
		endloop
	endfacet
	facet normal 0 0 -1
		outer loop
			vertex 13.381426811218 0.95369672775269 0.19799999892712
			vertex 13.437404632568 0.99110001325607 0.19799999892712
			vertex 13.396920204163 0.95061498880386 0.19799999892712
		endloop
	endfacet
	facet normal 0 0 -1
		outer loop
			vertex 13.396920204163 0.95061498880386 0.19799999892712
			vertex 13.437404632568 0.99110001325607 0.19799999892712
			vertex 13.412412643433 0.95369672775269 0.19799999892712
		endloop
	endfacet
	facet normal 0 0 -1
		outer loop
			vertex 13.368292808533 0.96247279644012 0.19799999892712
			vertex 13.437404632568 0.99110001325607 0.19799999892712
			vertex 13.381426811218 0.95369672775269 0.19799999892712
		endloop
	endfacet
	facet normal 0 0 -1
		outer loop
			vertex 13.437404632568 0.99110001325607 0.19799999892712
			vertex 13.434323310852 0.97560703754425 0.19799999892712
			vertex 13.425547599792 0.96247279644012 0.19799999892712
		endloop
	endfacet
	facet normal 0 0 -1
		outer loop
			vertex 13.412412643433 0.95369672775269 0.19799999892712
			vertex 13.437404632568 0.99110001325607 0.19799999892712
			vertex 13.425547599792 0.96247279644012 0.19799999892712
		endloop
	endfacet
	facet normal 0.44721350686997 0.8944272353149 0
		outer loop
			vertex 13.437404632568 1.1954939365387 0.19799999892712
			vertex 13.918614387512 0.95488911867142 0
			vertex 13.437404632568 1.1954939365387 0
		endloop
	endfacet
	facet normal -0.44721341299431 -0.89442728225272 -0
		outer loop
			vertex 13.954825401306 1.0273108482361 0.19799999892712
			vertex 13.487446784973 1.2610000371933 0
			vertex 13.954825401306 1.0273108482361 0
		endloop
	endfacet
	facet normal -0.89393837761225 0.44818988947988 0
		outer loop
			vertex 13.918614387512 0.95488911867142 0.19799999892712
			vertex 13.918822288513 0.95530378818512 0
			vertex 13.918614387512 0.95488911867142 0
		endloop
	endfacet
	facet normal -0.89473568486694 0.44659607502271 0
		outer loop
			vertex 13.954618453979 1.026896238327 0.19799999892712
			vertex 13.954825401306 1.0273108482361 0
			vertex 13.954618453979 1.026896238327 0
		endloop
	endfacet
	facet normal -0.44721341299431 -0.89442728225272 -0
		outer loop
			vertex 13.487446784973 1.2610000371933 0.19799999892712
			vertex 13.487446784973 1.2610000371933 0
			vertex 13.954825401306 1.0273108482361 0.19799999892712
		endloop
	endfacet
	facet normal 0.44721350686997 0.8944272353149 0
		outer loop
			vertex 13.437404632568 1.1954939365387 0.19799999892712
			vertex 13.918614387512 0.95488911867142 0.19799999892712
			vertex 13.918614387512 0.95488911867142 0
		endloop
	endfacet
	facet normal -0.89393837761225 0.44818988947988 0
		outer loop
			vertex 13.918614387512 0.95488911867142 0.19799999892712
			vertex 13.918822288513 0.95530378818512 0.19799999892712
			vertex 13.918822288513 0.95530378818512 0
		endloop
	endfacet
	facet normal -0.89473568486694 0.44659607502271 0
		outer loop
			vertex 13.954825401306 1.0273108482361 0.19799999892712
			vertex 13.954825401306 1.0273108482361 0
			vertex 13.954618453979 1.026896238327 0.19799999892712
		endloop
	endfacet
	facet normal 0 -0 -1
		outer loop
			vertex 13.406933784485 1.2810271978378 0.19799999892712
			vertex 13.437404632568 1.2047021389008 0.19799999892712
			vertex 13.406471252441 1.2801023721695 0.19799999892712
		endloop
	endfacet
	facet normal 0 0 -1
		outer loop
			vertex 13.406933784485 1.2810271978378 0.19799999892712
			vertex 13.437404632568 1.2860211133957 0.19799999892712
			vertex 13.437404632568 1.2047021389008 0.19799999892712
		endloop
	endfacet
	facet normal 0 0 -1
		outer loop
			vertex 13.437404632568 1.2860211133957 0.19799999892712
			vertex 13.487446784973 1.2610000371933 0.19799999892712
			vertex 13.437404632568 1.2047021389008 0.19799999892712
		endloop
	endfacet
	facet normal 0 0 -1
		outer loop
			vertex 13.437404632568 1.2047021389008 0.19799999892712
			vertex 13.952213287354 1.0282065868378 0.19799999892712
			vertex 13.437404632568 1.1954939365387 0.19799999892712
		endloop
	endfacet
	facet normal 0 -0 -1
		outer loop
			vertex 13.487446784973 1.2610000371933 0.19799999892712
			vertex 13.952213287354 1.0282065868378 0.19799999892712
			vertex 13.437404632568 1.2047021389008 0.19799999892712
		endloop
	endfacet
	facet normal 0 0 -1
		outer loop
			vertex 13.437404632568 1.1954939365387 0.19799999892712
			vertex 13.918822288513 0.95530378818512 0.19799999892712
			vertex 13.918614387512 0.95488911867142 0.19799999892712
		endloop
	endfacet
	facet normal 0 0 -1
		outer loop
			vertex 13.437404632568 1.1954939365387 0.19799999892712
			vertex 13.942481040955 1.002622127533 0.19799999892712
			vertex 13.918822288513 0.95530378818512 0.19799999892712
		endloop
	endfacet
	facet normal 0 0 -1
		outer loop
			vertex 13.437404632568 1.1954939365387 0.19799999892712
			vertex 13.952213287354 1.0282065868378 0.19799999892712
			vertex 13.942481040955 1.002622127533 0.19799999892712
		endloop
	endfacet
	facet normal 0 0 -1
		outer loop
			vertex 13.487446784973 1.2610000371933 0.19799999892712
			vertex 13.952276229858 1.0281848907471 0.19799999892712
			vertex 13.952213287354 1.0282065868378 0.19799999892712
		endloop
	endfacet
	facet normal 0 0 -1
		outer loop
			vertex 13.487446784973 1.2610000371933 0.19799999892712
			vertex 13.954825401306 1.0273108482361 0.19799999892712
			vertex 13.952276229858 1.0281848907471 0.19799999892712
		endloop
	endfacet
	facet normal 0 0 -1
		outer loop
			vertex 13.952276229858 1.0281848907471 0.19799999892712
			vertex 13.954825401306 1.0273108482361 0.19799999892712
			vertex 13.954618453979 1.026896238327 0.19799999892712
		endloop
	endfacet
	facet normal 0.55556532691943 0.83147289043294 0
		outer loop
			vertex 13.918822288513 0.95530378818512 0.19799999892712
			vertex 13.921227455139 0.95369672775269 0
			vertex 13.918822288513 0.95530378818512 0
		endloop
	endfacet
	facet normal 0.19509648347547 0.98078405479265 0
		outer loop
			vertex 13.921227455139 0.95369672775269 0.19799999892712
			vertex 13.936719894409 0.95061498880386 0
			vertex 13.921227455139 0.95369672775269 0
		endloop
	endfacet
	facet normal -0.19508493163156 0.98078635260199 0
		outer loop
			vertex 13.936719894409 0.95061498880386 0.19799999892712
			vertex 13.952213287354 0.95369672775269 0
			vertex 13.936719894409 0.95061498880386 0
		endloop
	endfacet
	facet normal -0.55557936535473 0.83146351019876 0
		outer loop
			vertex 13.952213287354 0.95369672775269 0.19799999892712
			vertex 13.965347290039 0.96247279644012 0
			vertex 13.952213287354 0.95369672775269 0
		endloop
	endfacet
	facet normal -0.98077884899461 0.1951226521058 0
		outer loop
			vertex 13.974123001099 0.97560703754425 0.19799999892712
			vertex 13.977205276489 0.99110001325607 0
			vertex 13.974123001099 0.97560703754425 0
		endloop
	endfacet
	facet normal -0.83147862717407 0.55555674107396 0
		outer loop
			vertex 13.965347290039 0.96247279644012 0.19799999892712
			vertex 13.974123001099 0.97560703754425 0
			vertex 13.965347290039 0.96247279644012 0
		endloop
	endfacet
	facet normal -0.98077884899461 -0.1951226521058 -0
		outer loop
			vertex 13.977205276489 0.99110001325607 0.19799999892712
			vertex 13.974123001099 1.0065929889679 0
			vertex 13.977205276489 0.99110001325607 0
		endloop
	endfacet
	facet normal -0.55558251239476 -0.83146140735522 -0
		outer loop
			vertex 13.965347290039 1.019727230072 0.19799999892712
			vertex 13.954618453979 1.026896238327 0
			vertex 13.965347290039 1.019727230072 0
		endloop
	endfacet
	facet normal -0.83147862717407 -0.55555674107396 -0
		outer loop
			vertex 13.974123001099 1.0065929889679 0.19799999892712
			vertex 13.965347290039 1.019727230072 0
			vertex 13.974123001099 1.0065929889679 0
		endloop
	endfacet
	facet normal 0.55556532691943 0.83147289043294 0
		outer loop
			vertex 13.918822288513 0.95530378818512 0.19799999892712
			vertex 13.921227455139 0.95369672775269 0.19799999892712
			vertex 13.921227455139 0.95369672775269 0
		endloop
	endfacet
	facet normal 0.19509648347547 0.98078405479265 0
		outer loop
			vertex 13.921227455139 0.95369672775269 0.19799999892712
			vertex 13.936719894409 0.95061498880386 0.19799999892712
			vertex 13.936719894409 0.95061498880386 0
		endloop
	endfacet
	facet normal -0.19508493163156 0.98078635260199 0
		outer loop
			vertex 13.936719894409 0.95061498880386 0.19799999892712
			vertex 13.952213287354 0.95369672775269 0.19799999892712
			vertex 13.952213287354 0.95369672775269 0
		endloop
	endfacet
	facet normal -0.55557936535473 0.83146351019876 0
		outer loop
			vertex 13.952213287354 0.95369672775269 0.19799999892712
			vertex 13.965347290039 0.96247279644012 0.19799999892712
			vertex 13.965347290039 0.96247279644012 0
		endloop
	endfacet
	facet normal -0.83147862717407 0.55555674107396 0
		outer loop
			vertex 13.974123001099 0.97560703754425 0.19799999892712
			vertex 13.974123001099 0.97560703754425 0
			vertex 13.965347290039 0.96247279644012 0.19799999892712
		endloop
	endfacet
	facet normal -0.98077884899461 -0.1951226521058 -0
		outer loop
			vertex 13.974123001099 1.0065929889679 0.19799999892712
			vertex 13.974123001099 1.0065929889679 0
			vertex 13.977205276489 0.99110001325607 0.19799999892712
		endloop
	endfacet
	facet normal -0.98077884899461 0.1951226521058 0
		outer loop
			vertex 13.977205276489 0.99110001325607 0.19799999892712
			vertex 13.977205276489 0.99110001325607 0
			vertex 13.974123001099 0.97560703754425 0.19799999892712
		endloop
	endfacet
	facet normal -0.55558251239476 -0.83146140735522 -0
		outer loop
			vertex 13.954618453979 1.026896238327 0.19799999892712
			vertex 13.954618453979 1.026896238327 0
			vertex 13.965347290039 1.019727230072 0.19799999892712
		endloop
	endfacet
	facet normal -0.83147862717407 -0.55555674107396 -0
		outer loop
			vertex 13.965347290039 1.019727230072 0.19799999892712
			vertex 13.965347290039 1.019727230072 0
			vertex 13.974123001099 1.0065929889679 0.19799999892712
		endloop
	endfacet
	facet normal 0 0 -1
		outer loop
			vertex 13.942481040955 1.002622127533 0.19799999892712
			vertex 13.921227455139 0.95369672775269 0.19799999892712
			vertex 13.918822288513 0.95530378818512 0.19799999892712
		endloop
	endfacet
	facet normal 0 0 -1
		outer loop
			vertex 13.942481040955 1.002622127533 0.19799999892712
			vertex 13.936719894409 0.95061498880386 0.19799999892712
			vertex 13.921227455139 0.95369672775269 0.19799999892712
		endloop
	endfacet
	facet normal 0 -0 -1
		outer loop
			vertex 13.942481040955 1.002622127533 0.19799999892712
			vertex 13.952213287354 0.95369672775269 0.19799999892712
			vertex 13.936719894409 0.95061498880386 0.19799999892712
		endloop
	endfacet
	facet normal 0 0 -1
		outer loop
			vertex 13.952213287354 1.0282065868378 0.19799999892712
			vertex 13.965347290039 0.96247279644012 0.19799999892712
			vertex 13.952213287354 0.95369672775269 0.19799999892712
		endloop
	endfacet
	facet normal 0 -0 -1
		outer loop
			vertex 13.952213287354 1.0282065868378 0.19799999892712
			vertex 13.952213287354 0.95369672775269 0.19799999892712
			vertex 13.942481040955 1.002622127533 0.19799999892712
		endloop
	endfacet
	facet normal 0 0 -1
		outer loop
			vertex 13.952213287354 1.0282065868378 0.19799999892712
			vertex 13.952276229858 1.0281848907471 0.19799999892712
			vertex 13.965347290039 0.96247279644012 0.19799999892712
		endloop
	endfacet
	facet normal 0 0 -1
		outer loop
			vertex 13.952276229858 1.0281848907471 0.19799999892712
			vertex 13.954618453979 1.026896238327 0.19799999892712
			vertex 13.965347290039 0.96247279644012 0.19799999892712
		endloop
	endfacet
	facet normal 0 0 -1
		outer loop
			vertex 13.954618453979 1.026896238327 0.19799999892712
			vertex 13.965347290039 1.019727230072 0.19799999892712
			vertex 13.965347290039 0.96247279644012 0.19799999892712
		endloop
	endfacet
	facet normal 0 0 -1
		outer loop
			vertex 13.965347290039 1.019727230072 0.19799999892712
			vertex 13.974123001099 1.0065929889679 0.19799999892712
			vertex 13.974123001099 0.97560703754425 0.19799999892712
		endloop
	endfacet
	facet normal 0 0 -1
		outer loop
			vertex 13.974123001099 1.0065929889679 0.19799999892712
			vertex 13.977205276489 0.99110001325607 0.19799999892712
			vertex 13.974123001099 0.97560703754425 0.19799999892712
		endloop
	endfacet
	facet normal 0 0 -1
		outer loop
			vertex 13.965347290039 1.019727230072 0.19799999892712
			vertex 13.974123001099 0.97560703754425 0.19799999892712
			vertex 13.965347290039 0.96247279644012 0.19799999892712
		endloop
	endfacet
	facet normal 0.44721341823997 -0.89442727962989 0
		outer loop
			vertex 13.437404632568 1.3265061378479 0.19799999892712
			vertex 13.437404632568 1.3265061378479 0
			vertex 13.918614387512 1.5671108961105 0
		endloop
	endfacet
	facet normal -0.44721323048861 0.8944273735055 0
		outer loop
			vertex 13.487446784973 1.2610000371933 0.19799999892712
			vertex 13.954825401306 1.4946891069412 0
			vertex 13.487446784973 1.2610000371933 0
		endloop
	endfacet
	facet normal -0.89478697632629 -0.44649330005819 -0
		outer loop
			vertex 13.954825401306 1.4946891069412 0.19799999892712
			vertex 13.954618453979 1.4951038360596 0
			vertex 13.954825401306 1.4946891069412 0
		endloop
	endfacet
	facet normal -0.89396418445437 -0.44813841267273 -0
		outer loop
			vertex 13.918822288513 1.5666961669922 0.19799999892712
			vertex 13.918614387512 1.5671108961105 0
			vertex 13.918822288513 1.5666961669922 0
		endloop
	endfacet
	facet normal -0.44721323048861 0.8944273735055 0
		outer loop
			vertex 13.487446784973 1.2610000371933 0.19799999892712
			vertex 13.954825401306 1.4946891069412 0.19799999892712
			vertex 13.954825401306 1.4946891069412 0
		endloop
	endfacet
	facet normal 0.44721341823997 -0.89442727962989 0
		outer loop
			vertex 13.437404632568 1.3265061378479 0.19799999892712
			vertex 13.918614387512 1.5671108961105 0
			vertex 13.918614387512 1.5671108961105 0.19799999892712
		endloop
	endfacet
	facet normal -0.89478697632629 -0.44649330005819 -0
		outer loop
			vertex 13.954618453979 1.4951038360596 0.19799999892712
			vertex 13.954618453979 1.4951038360596 0
			vertex 13.954825401306 1.4946891069412 0.19799999892712
		endloop
	endfacet
	facet normal -0.89396418445437 -0.44813841267273 -0
		outer loop
			vertex 13.918614387512 1.5671108961105 0.19799999892712
			vertex 13.918614387512 1.5671108961105 0
			vertex 13.918822288513 1.5666961669922 0.19799999892712
		endloop
	endfacet
	facet normal 0 0 -1
		outer loop
			vertex 13.390674591064 1.3026338815689 0.19799999892712
			vertex 13.437404632568 1.2860211133957 0.19799999892712
			vertex 13.406933784485 1.2810271978378 0.19799999892712
		endloop
	endfacet
	facet normal 0 0 -1
		outer loop
			vertex 13.390674591064 1.3026338815689 0.19799999892712
			vertex 13.437404632568 1.326043844223 0.19799999892712
			vertex 13.437404632568 1.2860211133957 0.19799999892712
		endloop
	endfacet
	facet normal 0 0 -1
		outer loop
			vertex 13.437404632568 1.2860211133957 0.19799999892712
			vertex 13.954618453979 1.4951038360596 0.19799999892712
			vertex 13.487446784973 1.2610000371933 0.19799999892712
		endloop
	endfacet
	facet normal 0 0 -1
		outer loop
			vertex 13.437404632568 1.326043844223 0.19799999892712
			vertex 13.918614387512 1.5671108961105 0.19799999892712
			vertex 13.437404632568 1.2860211133957 0.19799999892712
		endloop
	endfacet
	facet normal 0 0 -1
		outer loop
			vertex 13.437404632568 1.3265061378479 0.19799999892712
			vertex 13.918614387512 1.5671108961105 0.19799999892712
			vertex 13.437404632568 1.326043844223 0.19799999892712
		endloop
	endfacet
	facet normal 0 0 -1
		outer loop
			vertex 13.487446784973 1.2610000371933 0.19799999892712
			vertex 13.954618453979 1.4951038360596 0.19799999892712
			vertex 13.954825401306 1.4946891069412 0.19799999892712
		endloop
	endfacet
	facet normal 0 0 -1
		outer loop
			vertex 13.437404632568 1.2860211133957 0.19799999892712
			vertex 13.918614387512 1.5671108961105 0.19799999892712
			vertex 13.918822288513 1.5666961669922 0.19799999892712
		endloop
	endfacet
	facet normal 0 0 -1
		outer loop
			vertex 13.437404632568 1.2860211133957 0.19799999892712
			vertex 13.918822288513 1.5666961669922 0.19799999892712
			vertex 13.954618453979 1.4951038360596 0.19799999892712
		endloop
	endfacet
	facet normal 0.55556532691943 -0.83147289043294 0
		outer loop
			vertex 13.921227455139 1.5683032274246 0.19799999892712
			vertex 13.918822288513 1.5666961669922 0
			vertex 13.921227455139 1.5683032274246 0
		endloop
	endfacet
	facet normal 0.19510011325304 -0.98078333275431 0
		outer loop
			vertex 13.936719894409 1.5713850259781 0.19799999892712
			vertex 13.921227455139 1.5683032274246 0
			vertex 13.936719894409 1.5713850259781 0
		endloop
	endfacet
	facet normal -0.19508856121121 -0.98078563064746 -0
		outer loop
			vertex 13.952213287354 1.5683032274246 0.19799999892712
			vertex 13.936719894409 1.5713850259781 0
			vertex 13.952213287354 1.5683032274246 0
		endloop
	endfacet
	facet normal -0.55557612553879 0.8314656750169 0
		outer loop
			vertex 13.954618453979 1.4951038360596 0.19799999892712
			vertex 13.965347290039 1.5022727251053 0
			vertex 13.954618453979 1.4951038360596 0
		endloop
	endfacet
	facet normal -0.83148095638576 0.55555325502405 0
		outer loop
			vertex 13.965347290039 1.5022727251053 0.19799999892712
			vertex 13.974123001099 1.5154070854187 0
			vertex 13.965347290039 1.5022727251053 0
		endloop
	endfacet
	facet normal -0.98077870533518 -0.19512337420475 -0
		outer loop
			vertex 13.977205276489 1.5309000015259 0.19799999892712
			vertex 13.974123001099 1.5463929176331 0
			vertex 13.977205276489 1.5309000015259 0
		endloop
	endfacet
	facet normal -0.98077870533518 0.19512337420475 0
		outer loop
			vertex 13.974123001099 1.5154070854187 0.19799999892712
			vertex 13.977205276489 1.5309000015259 0
			vertex 13.974123001099 1.5154070854187 0
		endloop
	endfacet
	facet normal -0.83147862717407 -0.55555674107396 -0
		outer loop
			vertex 13.974123001099 1.5463929176331 0.19799999892712
			vertex 13.965347290039 1.5595271587372 0
			vertex 13.974123001099 1.5463929176331 0
		endloop
	endfacet
	facet normal -0.55557936535473 -0.83146351019876 -0
		outer loop
			vertex 13.965347290039 1.5595271587372 0.19799999892712
			vertex 13.952213287354 1.5683032274246 0
			vertex 13.965347290039 1.5595271587372 0
		endloop
	endfacet
	facet normal 0.55556532691943 -0.83147289043294 0
		outer loop
			vertex 13.921227455139 1.5683032274246 0.19799999892712
			vertex 13.918822288513 1.5666961669922 0.19799999892712
			vertex 13.918822288513 1.5666961669922 0
		endloop
	endfacet
	facet normal 0.19510011325304 -0.98078333275431 0
		outer loop
			vertex 13.921227455139 1.5683032274246 0.19799999892712
			vertex 13.921227455139 1.5683032274246 0
			vertex 13.936719894409 1.5713850259781 0.19799999892712
		endloop
	endfacet
	facet normal -0.19508856121121 -0.98078563064746 -0
		outer loop
			vertex 13.936719894409 1.5713850259781 0.19799999892712
			vertex 13.936719894409 1.5713850259781 0
			vertex 13.952213287354 1.5683032274246 0.19799999892712
		endloop
	endfacet
	facet normal -0.55557936535473 -0.83146351019876 -0
		outer loop
			vertex 13.952213287354 1.5683032274246 0.19799999892712
			vertex 13.952213287354 1.5683032274246 0
			vertex 13.965347290039 1.5595271587372 0.19799999892712
		endloop
	endfacet
	facet normal -0.55557612553879 0.8314656750169 0
		outer loop
			vertex 13.965347290039 1.5022727251053 0.19799999892712
			vertex 13.965347290039 1.5022727251053 0
			vertex 13.954618453979 1.4951038360596 0.19799999892712
		endloop
	endfacet
	facet normal -0.83148095638576 0.55555325502405 0
		outer loop
			vertex 13.974123001099 1.5154070854187 0.19799999892712
			vertex 13.974123001099 1.5154070854187 0
			vertex 13.965347290039 1.5022727251053 0.19799999892712
		endloop
	endfacet
	facet normal -0.98077870533518 0.19512337420475 0
		outer loop
			vertex 13.977205276489 1.5309000015259 0.19799999892712
			vertex 13.977205276489 1.5309000015259 0
			vertex 13.974123001099 1.5154070854187 0.19799999892712
		endloop
	endfacet
	facet normal -0.83147862717407 -0.55555674107396 -0
		outer loop
			vertex 13.965347290039 1.5595271587372 0.19799999892712
			vertex 13.965347290039 1.5595271587372 0
			vertex 13.974123001099 1.5463929176331 0.19799999892712
		endloop
	endfacet
	facet normal -0.98077870533518 -0.19512337420475 -0
		outer loop
			vertex 13.974123001099 1.5463929176331 0.19799999892712
			vertex 13.974123001099 1.5463929176331 0
			vertex 13.977205276489 1.5309000015259 0.19799999892712
		endloop
	endfacet
	facet normal 0 0 -1
		outer loop
			vertex 13.918822288513 1.5666961669922 0.19799999892712
			vertex 13.965347290039 1.5022727251053 0.19799999892712
			vertex 13.954618453979 1.4951038360596 0.19799999892712
		endloop
	endfacet
	facet normal 0 -0 -1
		outer loop
			vertex 13.921227455139 1.5683032274246 0.19799999892712
			vertex 13.936719894409 1.5713850259781 0.19799999892712
			vertex 13.918822288513 1.5666961669922 0.19799999892712
		endloop
	endfacet
	facet normal 0 0 -1
		outer loop
			vertex 13.918822288513 1.5666961669922 0.19799999892712
			vertex 13.952213287354 1.5683032274246 0.19799999892712
			vertex 13.965347290039 1.5022727251053 0.19799999892712
		endloop
	endfacet
	facet normal 0 0 -1
		outer loop
			vertex 13.918822288513 1.5666961669922 0.19799999892712
			vertex 13.936719894409 1.5713850259781 0.19799999892712
			vertex 13.952213287354 1.5683032274246 0.19799999892712
		endloop
	endfacet
	facet normal 0 0 -1
		outer loop
			vertex 13.974123001099 1.5463929176331 0.19799999892712
			vertex 13.977205276489 1.5309000015259 0.19799999892712
			vertex 13.974123001099 1.5154070854187 0.19799999892712
		endloop
	endfacet
	facet normal 0 0 -1
		outer loop
			vertex 13.965347290039 1.5595271587372 0.19799999892712
			vertex 13.974123001099 1.5154070854187 0.19799999892712
			vertex 13.965347290039 1.5022727251053 0.19799999892712
		endloop
	endfacet
	facet normal 0 0 -1
		outer loop
			vertex 13.952213287354 1.5683032274246 0.19799999892712
			vertex 13.965347290039 1.5595271587372 0.19799999892712
			vertex 13.965347290039 1.5022727251053 0.19799999892712
		endloop
	endfacet
	facet normal 0 0 -1
		outer loop
			vertex 13.965347290039 1.5595271587372 0.19799999892712
			vertex 13.974123001099 1.5463929176331 0.19799999892712
			vertex 13.974123001099 1.5154070854187 0.19799999892712
		endloop
	endfacet
	facet normal 0.70710756197346 -0.70710600039878 0
		outer loop
			vertex 14.016053199768 1.4515671730042 0.19799999892712
			vertex 14.016053199768 1.4515671730042 0
			vertex 14.124012947083 1.5595271587372 0
		endloop
	endfacet
	facet normal -0.70710528030986 0.70710828206005 0
		outer loop
			vertex 14.085165023804 1.4061706066132 0.19799999892712
			vertex 14.169409751892 1.4904149770737 0
			vertex 14.085165023804 1.4061706066132 0
		endloop
	endfacet
	facet normal 0.70710756197346 -0.70710600039878 0
		outer loop
			vertex 14.124012947083 1.5595271587372 0.19799999892712
			vertex 14.016053199768 1.4515671730042 0.19799999892712
			vertex 14.124012947083 1.5595271587372 0
		endloop
	endfacet
	facet normal -0.70710528030986 0.70710828206005 0
		outer loop
			vertex 14.169409751892 1.4904149770737 0.19799999892712
			vertex 14.169409751892 1.4904149770737 0
			vertex 14.085165023804 1.4061706066132 0.19799999892712
		endloop
	endfacet
	facet normal 0 -0 -1
		outer loop
			vertex 14.084755897522 1.4249975681305 0.19799999892712
			vertex 14.085165023804 1.4061706066132 0.19799999892712
			vertex 14.083565711975 1.4149004220963 0.19799999892712
		endloop
	endfacet
	facet normal 0 0 -1
		outer loop
			vertex 14.016053199768 1.4515671730042 0.19799999892712
			vertex 14.061762809753 1.4523512125015 0.19799999892712
			vertex 14.044679641724 1.4229400157928 0.19799999892712
		endloop
	endfacet
	facet normal 0 0 -1
		outer loop
			vertex 14.061762809753 1.4523512125015 0.19799999892712
			vertex 14.079001426697 1.4229400157928 0.19799999892712
			vertex 14.073307037354 1.4229400157928 0.19799999892712
		endloop
	endfacet
	facet normal 0 0 -1
		outer loop
			vertex 14.061762809753 1.4523512125015 0.19799999892712
			vertex 14.083956718445 1.4290130138397 0.19799999892712
			vertex 14.079001426697 1.4229400157928 0.19799999892712
		endloop
	endfacet
	facet normal 0 0 -1
		outer loop
			vertex 14.083956718445 1.4290130138397 0.19799999892712
			vertex 14.082083702087 1.4229400157928 0.19799999892712
			vertex 14.079001426697 1.4229400157928 0.19799999892712
		endloop
	endfacet
	facet normal 0 0 -1
		outer loop
			vertex 14.115236282349 1.5444175004959 0.19799999892712
			vertex 14.061762809753 1.4523512125015 0.19799999892712
			vertex 14.016053199768 1.4515671730042 0.19799999892712
		endloop
	endfacet
	facet normal 0 0 -1
		outer loop
			vertex 14.113363265991 1.524827003479 0.19799999892712
			vertex 14.083956718445 1.4290130138397 0.19799999892712
			vertex 14.061762809753 1.4523512125015 0.19799999892712
		endloop
	endfacet
	facet normal 0 0 -1
		outer loop
			vertex 14.115236282349 1.5444175004959 0.19799999892712
			vertex 14.113363265991 1.524827003479 0.19799999892712
			vertex 14.061762809753 1.4523512125015 0.19799999892712
		endloop
	endfacet
	facet normal 0 0 -1
		outer loop
			vertex 14.124012947083 1.5595271587372 0.19799999892712
			vertex 14.115236282349 1.5444175004959 0.19799999892712
			vertex 14.016053199768 1.4515671730042 0.19799999892712
		endloop
	endfacet
	facet normal 0 0 -1
		outer loop
			vertex 14.130918502808 1.4976586103439 0.19799999892712
			vertex 14.084755897522 1.4249975681305 0.19799999892712
			vertex 14.083956718445 1.4290130138397 0.19799999892712
		endloop
	endfacet
	facet normal 0 0 -1
		outer loop
			vertex 14.169409751892 1.4904149770737 0.19799999892712
			vertex 14.085165023804 1.4061706066132 0.19799999892712
			vertex 14.084755897522 1.4249975681305 0.19799999892712
		endloop
	endfacet
	facet normal 0 -0 -1
		outer loop
			vertex 14.113363265991 1.524827003479 0.19799999892712
			vertex 14.130918502808 1.4976586103439 0.19799999892712
			vertex 14.083956718445 1.4290130138397 0.19799999892712
		endloop
	endfacet
	facet normal 0 -0 -1
		outer loop
			vertex 14.130918502808 1.4976586103439 0.19799999892712
			vertex 14.168132781982 1.4934967756271 0.19799999892712
			vertex 14.084755897522 1.4249975681305 0.19799999892712
		endloop
	endfacet
	facet normal 0 -0 -1
		outer loop
			vertex 14.168132781982 1.4934967756271 0.19799999892712
			vertex 14.169409751892 1.4904149770737 0.19799999892712
			vertex 14.084755897522 1.4249975681305 0.19799999892712
		endloop
	endfacet
	facet normal 0 -0 -1
		outer loop
			vertex 14.174066543579 1.4974611997604 0.19799999892712
			vertex 14.174999237061 1.49600481987 0.19799999892712
			vertex 14.168132781982 1.4934967756271 0.19799999892712
		endloop
	endfacet
	facet normal 0 0 -1
		outer loop
			vertex 14.174999237061 1.49600481987 0.19799999892712
			vertex 14.169409751892 1.4904149770737 0.19799999892712
			vertex 14.168132781982 1.4934967756271 0.19799999892712
		endloop
	endfacet
	facet normal 0 -0 -1
		outer loop
			vertex 14.115236282349 1.5309321880341 0.19799999892712
			vertex 14.130918502808 1.4976586103439 0.19799999892712
			vertex 14.113363265991 1.524827003479 0.19799999892712
		endloop
	endfacet
	facet normal 0 -0 -1
		outer loop
			vertex 14.124012947083 1.5595271587372 0.19799999892712
			vertex 14.130918502808 1.4976586103439 0.19799999892712
			vertex 14.115236282349 1.5309321880341 0.19799999892712
		endloop
	endfacet
	facet normal 0 -0 -1
		outer loop
			vertex 14.152640342712 1.5309000015259 0.19799999892712
			vertex 14.168132781982 1.4934967756271 0.19799999892712
			vertex 14.146466255188 1.5214521884918 0.19799999892712
		endloop
	endfacet
	facet normal 0 -0 -1
		outer loop
			vertex 14.146466255188 1.5214521884918 0.19799999892712
			vertex 14.168132781982 1.4934967756271 0.19799999892712
			vertex 14.130918502808 1.4976586103439 0.19799999892712
		endloop
	endfacet
	facet normal -1 0 0
		outer loop
			vertex 14.085165023804 1.1158294677734 0.19799999892712
			vertex 14.085165023804 1.4061706066132 0
			vertex 14.085165023804 1.1158294677734 0
		endloop
	endfacet
	facet normal 1 0 0
		outer loop
			vertex 14.004195213318 1.4229400157928 0.19799999892712
			vertex 14.004195213318 1.0990600585938 0
			vertex 14.004195213318 1.4229400157928 0
		endloop
	endfacet
	facet normal 1 0 0
		outer loop
			vertex 14.004195213318 1.4229400157928 0.19799999892712
			vertex 14.004195213318 1.0990600585938 0.19799999892712
			vertex 14.004195213318 1.0990600585938 0
		endloop
	endfacet
	facet normal -1 -0 -0
		outer loop
			vertex 14.085165023804 1.4061706066132 0.19799999892712
			vertex 14.085165023804 1.4061706066132 0
			vertex 14.085165023804 1.1158294677734 0.19799999892712
		endloop
	endfacet
	facet normal 0 0 -1
		outer loop
			vertex 14.079575538635 1.1214191913605 0.19799999892712
			vertex 14.075121879578 1.1185655593872 0.19799999892712
			vertex 14.074833869934 1.1200128793716 0.19799999892712
		endloop
	endfacet
	facet normal 0 -0 -1
		outer loop
			vertex 14.007276535034 1.4106130599976 0.19799999892712
			vertex 14.074833869934 1.1200128793716 0.19799999892712
			vertex 14.004195213318 1.0990600585938 0.19799999892712
		endloop
	endfacet
	facet normal 0 0 -1
		outer loop
			vertex 14.007276535034 1.4106130599976 0.19799999892712
			vertex 14.079575538635 1.1214191913605 0.19799999892712
			vertex 14.074833869934 1.1200128793716 0.19799999892712
		endloop
	endfacet
	facet normal 0 -0 -1
		outer loop
			vertex 14.085165023804 1.4061706066132 0.19799999892712
			vertex 14.085165023804 1.1158294677734 0.19799999892712
			vertex 14.079575538635 1.1214191913605 0.19799999892712
		endloop
	endfacet
	facet normal 0 0 -1
		outer loop
			vertex 14.004195213318 1.4229400157928 0.19799999892712
			vertex 14.007276535034 1.4106130599976 0.19799999892712
			vertex 14.004195213318 1.0990600585938 0.19799999892712
		endloop
	endfacet
	facet normal 0 -0 -1
		outer loop
			vertex 14.010358810425 1.4229400157928 0.19799999892712
			vertex 14.079575538635 1.1214191913605 0.19799999892712
			vertex 14.007276535034 1.4106130599976 0.19799999892712
		endloop
	endfacet
	facet normal 0 0 -1
		outer loop
			vertex 14.010358810425 1.4229400157928 0.19799999892712
			vertex 14.044679641724 1.4229400157928 0.19799999892712
			vertex 14.079575538635 1.1214191913605 0.19799999892712
		endloop
	endfacet
	facet normal 0 0 -1
		outer loop
			vertex 14.044679641724 1.4229400157928 0.19799999892712
			vertex 14.073307037354 1.4110822677612 0.19799999892712
			vertex 14.079575538635 1.1214191913605 0.19799999892712
		endloop
	endfacet
	facet normal 0 0 -1
		outer loop
			vertex 14.073307037354 1.4110822677612 0.19799999892712
			vertex 14.085165023804 1.4061706066132 0.19799999892712
			vertex 14.079575538635 1.1214191913605 0.19799999892712
		endloop
	endfacet
	facet normal 0 -0 -1
		outer loop
			vertex 14.079001426697 1.4229400157928 0.19799999892712
			vertex 14.083565711975 1.4149004220963 0.19799999892712
			vertex 14.073307037354 1.4110822677612 0.19799999892712
		endloop
	endfacet
	facet normal 0 0 -1
		outer loop
			vertex 14.073307037354 1.4110822677612 0.19799999892712
			vertex 14.083565711975 1.4149004220963 0.19799999892712
			vertex 14.085165023804 1.4061706066132 0.19799999892712
		endloop
	endfacet
	facet normal 0 0 -1
		outer loop
			vertex 14.079001426697 1.4229400157928 0.19799999892712
			vertex 14.082083702087 1.4229400157928 0.19799999892712
			vertex 14.083565711975 1.4149004220963 0.19799999892712
		endloop
	endfacet
	facet normal 0.70710756197346 0.70710600039878 0
		outer loop
			vertex 14.016053199768 1.0704327821732 0.19799999892712
			vertex 14.124012947083 0.96247279644012 0
			vertex 14.016053199768 1.0704327821732 0
		endloop
	endfacet
	facet normal -0.70710578060315 -0.70710778176853 -0
		outer loop
			vertex 14.169409751892 1.0315849781036 0.19799999892712
			vertex 14.085165023804 1.1158294677734 0
			vertex 14.169409751892 1.0315849781036 0
		endloop
	endfacet
	facet normal 0.70710756197346 0.70710600039878 0
		outer loop
			vertex 14.016053199768 1.0704327821732 0.19799999892712
			vertex 14.124012947083 0.96247279644012 0.19799999892712
			vertex 14.124012947083 0.96247279644012 0
		endloop
	endfacet
	facet normal -0.70710578060315 -0.70710778176853 -0
		outer loop
			vertex 14.085165023804 1.1158294677734 0.19799999892712
			vertex 14.085165023804 1.1158294677734 0
			vertex 14.169409751892 1.0315849781036 0.19799999892712
		endloop
	endfacet
	facet normal 0 0 -1
		outer loop
			vertex 14.029187202454 1.0628041028976 0.19799999892712
			vertex 14.124012947083 1.007727265358 0.19799999892712
			vertex 14.124012947083 0.96247279644012 0.19799999892712
		endloop
	endfacet
	facet normal 0 0 -1
		outer loop
			vertex 14.016053199768 1.0704327821732 0.19799999892712
			vertex 14.029187202454 1.0628041028976 0.19799999892712
			vertex 14.124012947083 0.96247279644012 0.19799999892712
		endloop
	endfacet
	facet normal 0 0 -1
		outer loop
			vertex 14.029187202454 1.0628041028976 0.19799999892712
			vertex 14.04402923584 1.061846613884 0.19799999892712
			vertex 14.124012947083 1.007727265358 0.19799999892712
		endloop
	endfacet
	facet normal 0 0 -1
		outer loop
			vertex 14.04402923584 1.061846613884 0.19799999892712
			vertex 14.044679641724 1.0616468191147 0.19799999892712
			vertex 14.124012947083 1.007727265358 0.19799999892712
		endloop
	endfacet
	facet normal 0 -0 -1
		outer loop
			vertex 14.073307037354 1.0803533792496 0.19799999892712
			vertex 14.152640342712 1.0285130739212 0.19799999892712
			vertex 14.044679641724 1.0616468191147 0.19799999892712
		endloop
	endfacet
	facet normal 0 -0 -1
		outer loop
			vertex 14.053936004639 1.0930116176605 0.19799999892712
			vertex 14.073307037354 1.0803533792496 0.19799999892712
			vertex 14.044679641724 1.0616468191147 0.19799999892712
		endloop
	endfacet
	facet normal 0 0 -1
		outer loop
			vertex 14.085165023804 1.1158294677734 0.19799999892712
			vertex 14.073307037354 1.0803533792496 0.19799999892712
			vertex 14.076389312744 1.1121942996979 0.19799999892712
		endloop
	endfacet
	facet normal 0 0 -1
		outer loop
			vertex 14.079575538635 1.1214191913605 0.19799999892712
			vertex 14.076389312744 1.1121942996979 0.19799999892712
			vertex 14.075121879578 1.1185655593872 0.19799999892712
		endloop
	endfacet
	facet normal 0 -0 -1
		outer loop
			vertex 14.079575538635 1.1214191913605 0.19799999892712
			vertex 14.085165023804 1.1158294677734 0.19799999892712
			vertex 14.076389312744 1.1121942996979 0.19799999892712
		endloop
	endfacet
	facet normal 0 0 -1
		outer loop
			vertex 14.152640342712 1.0285130739212 0.19799999892712
			vertex 14.143534660339 0.99638831615448 0.19799999892712
			vertex 14.124012947083 1.007727265358 0.19799999892712
		endloop
	endfacet
	facet normal 0 0 -1
		outer loop
			vertex 14.044679641724 1.0616468191147 0.19799999892712
			vertex 14.152640342712 1.0285130739212 0.19799999892712
			vertex 14.124012947083 1.007727265358 0.19799999892712
		endloop
	endfacet
	facet normal 0 0 -1
		outer loop
			vertex 14.085165023804 1.1158294677734 0.19799999892712
			vertex 14.15322971344 1.0286210775375 0.19799999892712
			vertex 14.152640342712 1.0285130739212 0.19799999892712
		endloop
	endfacet
	facet normal 0 0 -1
		outer loop
			vertex 14.085165023804 1.1158294677734 0.19799999892712
			vertex 14.169409751892 1.0315849781036 0.19799999892712
			vertex 14.15322971344 1.0286210775375 0.19799999892712
		endloop
	endfacet
	facet normal 0 -0 -1
		outer loop
			vertex 14.085165023804 1.1158294677734 0.19799999892712
			vertex 14.152640342712 1.0285130739212 0.19799999892712
			vertex 14.073307037354 1.0803533792496 0.19799999892712
		endloop
	endfacet
	facet normal 0 1 0
		outer loop
			vertex 14.152640342712 0.95061498880386 0.19799999892712
			vertex 14.476519584656 0.95061498880386 0
			vertex 14.152640342712 0.95061498880386 0
		endloop
	endfacet
	facet normal 0 -1 -0
		outer loop
			vertex 14.459750175476 1.0315849781036 0.19799999892712
			vertex 14.169409751892 1.0315849781036 0
			vertex 14.459750175476 1.0315849781036 0
		endloop
	endfacet
	facet normal 0 -1 0
		outer loop
			vertex 14.169409751892 1.0315849781036 0.19799999892712
			vertex 14.169409751892 1.0315849781036 0
			vertex 14.459750175476 1.0315849781036 0.19799999892712
		endloop
	endfacet
	facet normal -0 1 0
		outer loop
			vertex 14.152640342712 0.95061498880386 0.19799999892712
			vertex 14.476519584656 0.95061498880386 0.19799999892712
			vertex 14.476519584656 0.95061498880386 0
		endloop
	endfacet
	facet normal 0 0 -1
		outer loop
			vertex 14.181266784668 0.99441301822662 0.19799999892712
			vertex 14.168132781982 0.95448821783066 0.19799999892712
			vertex 14.17505645752 0.99369430541992 0.19799999892712
		endloop
	endfacet
	facet normal 0 -0 -1
		outer loop
			vertex 14.169409751892 1.0315849781036 0.19799999892712
			vertex 14.181266784668 0.99441301822662 0.19799999892712
			vertex 14.168132781982 1.0285032987595 0.19799999892712
		endloop
	endfacet
	facet normal 0 0 -1
		outer loop
			vertex 14.15322971344 1.0286210775375 0.19799999892712
			vertex 14.169409751892 1.0315849781036 0.19799999892712
			vertex 14.168132781982 1.0285032987595 0.19799999892712
		endloop
	endfacet
	facet normal 0 0 -1
		outer loop
			vertex 14.152640342712 0.95061498880386 0.19799999892712
			vertex 14.168132781982 0.95448821783066 0.19799999892712
			vertex 14.454675674438 1.0242593288422 0.19799999892712
		endloop
	endfacet
	facet normal 0 -0 -1
		outer loop
			vertex 14.181266784668 0.99441301822662 0.19799999892712
			vertex 14.454160690308 1.0259951353073 0.19799999892712
			vertex 14.168132781982 0.95448821783066 0.19799999892712
		endloop
	endfacet
	facet normal 0 0 -1
		outer loop
			vertex 14.169409751892 1.0315849781036 0.19799999892712
			vertex 14.454160690308 1.0259951353073 0.19799999892712
			vertex 14.181266784668 0.99441301822662 0.19799999892712
		endloop
	endfacet
	facet normal 0 0 -1
		outer loop
			vertex 14.152640342712 0.95061498880386 0.19799999892712
			vertex 14.454675674438 1.0242593288422 0.19799999892712
			vertex 14.476519584656 0.95061498880386 0.19799999892712
		endloop
	endfacet
	facet normal 0 0 -1
		outer loop
			vertex 14.168132781982 0.95448821783066 0.19799999892712
			vertex 14.454160690308 1.0259951353073 0.19799999892712
			vertex 14.454675674438 1.0242593288422 0.19799999892712
		endloop
	endfacet
	facet normal 0 0 -1
		outer loop
			vertex 14.169409751892 1.0315849781036 0.19799999892712
			vertex 14.459750175476 1.0315849781036 0.19799999892712
			vertex 14.454160690308 1.0259951353073 0.19799999892712
		endloop
	endfacet
	facet normal 0 0 -1
		outer loop
			vertex 14.454160690308 1.0259951353073 0.19799999892712
			vertex 14.455094337463 1.0245388746262 0.19799999892712
			vertex 14.454675674438 1.0242593288422 0.19799999892712
		endloop
	endfacet
	facet normal -0.70710443883099 0.70710912353434 0
		outer loop
			vertex 14.505146980286 0.96247279644012 0.19799999892712
			vertex 14.613107681274 1.0704327821732 0
			vertex 14.505146980286 0.96247279644012 0
		endloop
	endfacet
	facet normal 0.70710578060315 -0.70710778176853 0
		outer loop
			vertex 14.543994903564 1.1158294677734 0.19799999892712
			vertex 14.459750175476 1.0315849781036 0
			vertex 14.543994903564 1.1158294677734 0
		endloop
	endfacet
	facet normal 0.70710578060315 -0.70710778176853 0
		outer loop
			vertex 14.543994903564 1.1158294677734 0.19799999892712
			vertex 14.459750175476 1.0315849781036 0.19799999892712
			vertex 14.459750175476 1.0315849781036 0
		endloop
	endfacet
	facet normal -0.70710443883099 0.70710912353434 0
		outer loop
			vertex 14.613107681274 1.0704327821732 0.19799999892712
			vertex 14.613107681274 1.0704327821732 0
			vertex 14.505146980286 0.96247279644012 0.19799999892712
		endloop
	endfacet
	facet normal 0 -0 -1
		outer loop
			vertex 14.459750175476 1.0315849781036 0.19799999892712
			vertex 14.476519584656 0.99110001325607 0.19799999892712
			vertex 14.455094337463 1.0245388746262 0.19799999892712
		endloop
	endfacet
	facet normal 0 0 -1
		outer loop
			vertex 14.459750175476 1.0315849781036 0.19799999892712
			vertex 14.455094337463 1.0245388746262 0.19799999892712
			vertex 14.454160690308 1.0259951353073 0.19799999892712
		endloop
	endfacet
	facet normal 0 0 -1
		outer loop
			vertex 14.459750175476 1.0315849781036 0.19799999892712
			vertex 14.494101524353 1.0180050134659 0.19799999892712
			vertex 14.476519584656 0.99110001325607 0.19799999892712
		endloop
	endfacet
	facet normal 0 0 -1
		outer loop
			vertex 14.494101524353 1.0180050134659 0.19799999892712
			vertex 14.51392364502 0.99106782674789 0.19799999892712
			vertex 14.505146980286 0.96247279644012 0.19799999892712
		endloop
	endfacet
	facet normal 0 0 -1
		outer loop
			vertex 14.613107681274 1.0704327821732 0.19799999892712
			vertex 14.505146980286 0.96247279644012 0.19799999892712
			vertex 14.51392364502 0.97758251428604 0.19799999892712
		endloop
	endfacet
	facet normal 0 0 -1
		outer loop
			vertex 14.564497947693 1.064656496048 0.19799999892712
			vertex 14.51392364502 0.97758251428604 0.19799999892712
			vertex 14.51392364502 0.99106782674789 0.19799999892712
		endloop
	endfacet
	facet normal 0 0 -1
		outer loop
			vertex 14.545203208923 1.0929869413376 0.19799999892712
			vertex 14.51392364502 0.99106782674789 0.19799999892712
			vertex 14.494101524353 1.0180050134659 0.19799999892712
		endloop
	endfacet
	facet normal 0 0 -1
		outer loop
			vertex 14.544404029846 1.0970023870468 0.19799999892712
			vertex 14.494101524353 1.0180050134659 0.19799999892712
			vertex 14.459750175476 1.0315849781036 0.19799999892712
		endloop
	endfacet
	facet normal 0 -0 -1
		outer loop
			vertex 14.543994903564 1.1158294677734 0.19799999892712
			vertex 14.544404029846 1.0970023870468 0.19799999892712
			vertex 14.459750175476 1.0315849781036 0.19799999892712
		endloop
	endfacet
	facet normal 0 -0 -1
		outer loop
			vertex 14.545203208923 1.0929869413376 0.19799999892712
			vertex 14.564497947693 1.064656496048 0.19799999892712
			vertex 14.51392364502 0.99106782674789 0.19799999892712
		endloop
	endfacet
	facet normal 0 -0 -1
		outer loop
			vertex 14.564497947693 1.064656496048 0.19799999892712
			vertex 14.613107681274 1.0704327821732 0.19799999892712
			vertex 14.51392364502 0.97758251428604 0.19799999892712
		endloop
	endfacet
	facet normal 0 -0 -1
		outer loop
			vertex 14.544404029846 1.0970023870468 0.19799999892712
			vertex 14.545203208923 1.0929869413376 0.19799999892712
			vertex 14.494101524353 1.0180050134659 0.19799999892712
		endloop
	endfacet
	facet normal 0 -0 -1
		outer loop
			vertex 14.547077178955 1.0990600585938 0.19799999892712
			vertex 14.550158500671 1.0990600585938 0.19799999892712
			vertex 14.545203208923 1.0929869413376 0.19799999892712
		endloop
	endfacet
	facet normal 0 0 -1
		outer loop
			vertex 14.550158500671 1.0990600585938 0.19799999892712
			vertex 14.555852890015 1.0990600585938 0.19799999892712
			vertex 14.564497947693 1.064656496048 0.19799999892712
		endloop
	endfacet
	facet normal 0 -0 -1
		outer loop
			vertex 14.550158500671 1.0990600585938 0.19799999892712
			vertex 14.564497947693 1.064656496048 0.19799999892712
			vertex 14.545203208923 1.0929869413376 0.19799999892712
		endloop
	endfacet
	facet normal 0 0 -1
		outer loop
			vertex 14.564497947693 1.064656496048 0.19799999892712
			vertex 14.584480285645 1.0990600585938 0.19799999892712
			vertex 14.613107681274 1.0704327821732 0.19799999892712
		endloop
	endfacet
	facet normal 0 0 -1
		outer loop
			vertex 14.543994903564 1.1158294677734 0.19799999892712
			vertex 14.545594215393 1.1070995330811 0.19799999892712
			vertex 14.544404029846 1.0970023870468 0.19799999892712
		endloop
	endfacet
	facet normal -1 0 0
		outer loop
			vertex 14.62496471405 1.0990600585938 0.19799999892712
			vertex 14.62496471405 1.4229400157928 0
			vertex 14.62496471405 1.0990600585938 0
		endloop
	endfacet
	facet normal 1 0 0
		outer loop
			vertex 14.543994903564 1.4061706066132 0.19799999892712
			vertex 14.543994903564 1.1158294677734 0
			vertex 14.543994903564 1.4061706066132 0
		endloop
	endfacet
	facet normal 1 0 0
		outer loop
			vertex 14.543994903564 1.4061706066132 0.19799999892712
			vertex 14.543994903564 1.1158294677734 0.19799999892712
			vertex 14.543994903564 1.1158294677734 0
		endloop
	endfacet
	facet normal -1 -0 -0
		outer loop
			vertex 14.62496471405 1.4229400157928 0.19799999892712
			vertex 14.62496471405 1.4229400157928 0
			vertex 14.62496471405 1.0990600585938 0.19799999892712
		endloop
	endfacet
	facet normal 0 0 -1
		outer loop
			vertex 14.545594215393 1.1070995330811 0.19799999892712
			vertex 14.550158500671 1.0990600585938 0.19799999892712
			vertex 14.547077178955 1.0990600585938 0.19799999892712
		endloop
	endfacet
	facet normal 0 0 -1
		outer loop
			vertex 14.543994903564 1.1158294677734 0.19799999892712
			vertex 14.555852890015 1.1109178066254 0.19799999892712
			vertex 14.545594215393 1.1070995330811 0.19799999892712
		endloop
	endfacet
	facet normal 0 0 -1
		outer loop
			vertex 14.555852890015 1.1109178066254 0.19799999892712
			vertex 14.550158500671 1.0990600585938 0.19799999892712
			vertex 14.545594215393 1.1070995330811 0.19799999892712
		endloop
	endfacet
	facet normal 0 -0 -1
		outer loop
			vertex 14.549584388733 1.4005807638168 0.19799999892712
			vertex 14.555852890015 1.1109178066254 0.19799999892712
			vertex 14.543994903564 1.1158294677734 0.19799999892712
		endloop
	endfacet
	facet normal 0 0 -1
		outer loop
			vertex 14.549584388733 1.4005807638168 0.19799999892712
			vertex 14.584480285645 1.0990600585938 0.19799999892712
			vertex 14.555852890015 1.1109178066254 0.19799999892712
		endloop
	endfacet
	facet normal 0 0 -1
		outer loop
			vertex 14.549584388733 1.4005807638168 0.19799999892712
			vertex 14.618801116943 1.0990600585938 0.19799999892712
			vertex 14.584480285645 1.0990600585938 0.19799999892712
		endloop
	endfacet
	facet normal 0 0 -1
		outer loop
			vertex 14.549584388733 1.4005807638168 0.19799999892712
			vertex 14.621883392334 1.1113868951797 0.19799999892712
			vertex 14.618801116943 1.0990600585938 0.19799999892712
		endloop
	endfacet
	facet normal 0 -0 -1
		outer loop
			vertex 14.62496471405 1.4229400157928 0.19799999892712
			vertex 14.62496471405 1.0990600585938 0.19799999892712
			vertex 14.621883392334 1.1113868951797 0.19799999892712
		endloop
	endfacet
	facet normal 0 0 -1
		outer loop
			vertex 14.543994903564 1.4061706066132 0.19799999892712
			vertex 14.549584388733 1.4005807638168 0.19799999892712
			vertex 14.543994903564 1.1158294677734 0.19799999892712
		endloop
	endfacet
	facet normal 0 -0 -1
		outer loop
			vertex 14.551041603088 1.4015139341354 0.19799999892712
			vertex 14.551321029663 1.4010956287384 0.19799999892712
			vertex 14.549584388733 1.4005807638168 0.19799999892712
		endloop
	endfacet
	facet normal 0 -0 -1
		outer loop
			vertex 14.551321029663 1.4010956287384 0.19799999892712
			vertex 14.621883392334 1.1113868951797 0.19799999892712
			vertex 14.549584388733 1.4005807638168 0.19799999892712
		endloop
	endfacet
	facet normal 0 -0 -1
		outer loop
			vertex 14.579131126404 1.409344792366 0.19799999892712
			vertex 14.621883392334 1.1113868951797 0.19799999892712
			vertex 14.551321029663 1.4010956287384 0.19799999892712
		endloop
	endfacet
	facet normal 0 0 -1
		outer loop
			vertex 14.62496471405 1.4229400157928 0.19799999892712
			vertex 14.621883392334 1.1113868951797 0.19799999892712
			vertex 14.579131126404 1.409344792366 0.19799999892712
		endloop
	endfacet
	facet normal 0.70710528030986 0.70710828206005 0
		outer loop
			vertex 14.459750175476 1.4904149770737 0.19799999892712
			vertex 14.543994903564 1.4061706066132 0
			vertex 14.459750175476 1.4904149770737 0
		endloop
	endfacet
	facet normal -0.70710443883099 -0.70710912353434 -0
		outer loop
			vertex 14.613107681274 1.4515671730042 0.19799999892712
			vertex 14.505146980286 1.5595271587372 0
			vertex 14.613107681274 1.4515671730042 0
		endloop
	endfacet
	facet normal 0.70710528030986 0.70710828206005 0
		outer loop
			vertex 14.459750175476 1.4904149770737 0.19799999892712
			vertex 14.543994903564 1.4061706066132 0.19799999892712
			vertex 14.543994903564 1.4061706066132 0
		endloop
	endfacet
	facet normal -0.70710443883099 -0.70710912353434 -0
		outer loop
			vertex 14.505146980286 1.5595271587372 0.19799999892712
			vertex 14.505146980286 1.5595271587372 0
			vertex 14.613107681274 1.4515671730042 0.19799999892712
		endloop
	endfacet
	facet normal 0 -0 -1
		outer loop
			vertex 14.547077178955 1.4074470996857 0.19799999892712
			vertex 14.549584388733 1.4005807638168 0.19799999892712
			vertex 14.543994903564 1.4061706066132 0.19799999892712
		endloop
	endfacet
	facet normal 0 0 -1
		outer loop
			vertex 14.547077178955 1.4074470996857 0.19799999892712
			vertex 14.551041603088 1.4015139341354 0.19799999892712
			vertex 14.549584388733 1.4005807638168 0.19799999892712
		endloop
	endfacet
	facet normal 0 0 -1
		outer loop
			vertex 14.459750175476 1.4904149770737 0.19799999892712
			vertex 14.468480110168 1.492014169693 0.19799999892712
			vertex 14.543994903564 1.4061706066132 0.19799999892712
		endloop
	endfacet
	facet normal 0 0 -1
		outer loop
			vertex 14.468480110168 1.492014169693 0.19799999892712
			vertex 14.478577613831 1.4908242225647 0.19799999892712
			vertex 14.543994903564 1.4061706066132 0.19799999892712
		endloop
	endfacet
	facet normal 0 0 -1
		outer loop
			vertex 14.468480110168 1.492014169693 0.19799999892712
			vertex 14.476519584656 1.4934868812561 0.19799999892712
			vertex 14.478577613831 1.4908242225647 0.19799999892712
		endloop
	endfacet
	facet normal 0 -0 -1
		outer loop
			vertex 14.482592582703 1.491623044014 0.19799999892712
			vertex 14.555852890015 1.4416465759277 0.19799999892712
			vertex 14.478577613831 1.4908242225647 0.19799999892712
		endloop
	endfacet
	facet normal 0 0 -1
		outer loop
			vertex 14.478577613831 1.4908242225647 0.19799999892712
			vertex 14.547077178955 1.4074470996857 0.19799999892712
			vertex 14.543994903564 1.4061706066132 0.19799999892712
		endloop
	endfacet
	facet normal 0 0 -1
		outer loop
			vertex 14.478577613831 1.4908242225647 0.19799999892712
			vertex 14.555852890015 1.4416465759277 0.19799999892712
			vertex 14.547077178955 1.4074470996857 0.19799999892712
		endloop
	endfacet
	facet normal 0 0 -1
		outer loop
			vertex 14.555852890015 1.4416465759277 0.19799999892712
			vertex 14.552770614624 1.4098057746887 0.19799999892712
			vertex 14.547077178955 1.4074470996857 0.19799999892712
		endloop
	endfacet
	facet normal 0 0 -1
		outer loop
			vertex 14.482592582703 1.491623044014 0.19799999892712
			vertex 14.584480285645 1.4603531360626 0.19799999892712
			vertex 14.555852890015 1.4416465759277 0.19799999892712
		endloop
	endfacet
	facet normal 0 -0 -1
		outer loop
			vertex 14.505146980286 1.5142726898193 0.19799999892712
			vertex 14.584480285645 1.4603531360626 0.19799999892712
			vertex 14.482592582703 1.491623044014 0.19799999892712
		endloop
	endfacet
	facet normal 0 0 -1
		outer loop
			vertex 14.505146980286 1.5142726898193 0.19799999892712
			vertex 14.585130691528 1.4601534605026 0.19799999892712
			vertex 14.584480285645 1.4603531360626 0.19799999892712
		endloop
	endfacet
	facet normal 0 0 -1
		outer loop
			vertex 14.505146980286 1.5142726898193 0.19799999892712
			vertex 14.599972724915 1.4591958522797 0.19799999892712
			vertex 14.585130691528 1.4601534605026 0.19799999892712
		endloop
	endfacet
	facet normal 0 -0 -1
		outer loop
			vertex 14.485625267029 1.5256116390228 0.19799999892712
			vertex 14.505146980286 1.5142726898193 0.19799999892712
			vertex 14.482592582703 1.491623044014 0.19799999892712
		endloop
	endfacet
	facet normal 0 0 -1
		outer loop
			vertex 14.505146980286 1.5595271587372 0.19799999892712
			vertex 14.599972724915 1.4591958522797 0.19799999892712
			vertex 14.505146980286 1.5142726898193 0.19799999892712
		endloop
	endfacet
	facet normal 0 0 -1
		outer loop
			vertex 14.555852890015 1.4416465759277 0.19799999892712
			vertex 14.584480285645 1.4603531360626 0.19799999892712
			vertex 14.575223922729 1.4289884567261 0.19799999892712
		endloop
	endfacet
	facet normal 0 0 -1
		outer loop
			vertex 14.600231170654 1.4590460062027 0.19799999892712
			vertex 14.613107681274 1.4515671730042 0.19799999892712
			vertex 14.600977897644 1.455289721489 0.19799999892712
		endloop
	endfacet
	facet normal 0 0 -1
		outer loop
			vertex 14.505146980286 1.5595271587372 0.19799999892712
			vertex 14.600231170654 1.4590460062027 0.19799999892712
			vertex 14.599972724915 1.4591958522797 0.19799999892712
		endloop
	endfacet
	facet normal 0 0 -1
		outer loop
			vertex 14.505146980286 1.5595271587372 0.19799999892712
			vertex 14.613107681274 1.4515671730042 0.19799999892712
			vertex 14.600231170654 1.4590460062027 0.19799999892712
		endloop
	endfacet
	facet normal 0 1 0
		outer loop
			vertex 14.169409751892 1.4904149770737 0.19799999892712
			vertex 14.459750175476 1.4904149770737 0
			vertex 14.169409751892 1.4904149770737 0
		endloop
	endfacet
	facet normal 0 -1 -0
		outer loop
			vertex 14.476519584656 1.5713850259781 0.19799999892712
			vertex 14.152640342712 1.5713850259781 0
			vertex 14.476519584656 1.5713850259781 0
		endloop
	endfacet
	facet normal 0 -1 0
		outer loop
			vertex 14.152640342712 1.5713850259781 0.19799999892712
			vertex 14.152640342712 1.5713850259781 0
			vertex 14.476519584656 1.5713850259781 0.19799999892712
		endloop
	endfacet
	facet normal -0 1 0
		outer loop
			vertex 14.169409751892 1.4904149770737 0.19799999892712
			vertex 14.459750175476 1.4904149770737 0.19799999892712
			vertex 14.459750175476 1.4904149770737 0
		endloop
	endfacet
	facet normal 0 -0 -1
		outer loop
			vertex 14.17448425293 1.4977406263351 0.19799999892712
			vertex 14.174999237061 1.49600481987 0.19799999892712
			vertex 14.174066543579 1.4974611997604 0.19799999892712
		endloop
	endfacet
	facet normal 0 0 -1
		outer loop
			vertex 14.152640342712 1.5309000015259 0.19799999892712
			vertex 14.168132781982 1.5191533565521 0.19799999892712
			vertex 14.164318084717 1.5126740932465 0.19799999892712
		endloop
	endfacet
	facet normal 0 0 -1
		outer loop
			vertex 14.152640342712 1.5713850259781 0.19799999892712
			vertex 14.168132781982 1.5191533565521 0.19799999892712
			vertex 14.152640342712 1.5309000015259 0.19799999892712
		endloop
	endfacet
	facet normal 0 -0 -1
		outer loop
			vertex 14.174999237061 1.49600481987 0.19799999892712
			vertex 14.459750175476 1.4904149770737 0.19799999892712
			vertex 14.169409751892 1.4904149770737 0.19799999892712
		endloop
	endfacet
	facet normal 0 0 -1
		outer loop
			vertex 14.168132781982 1.5191533565521 0.19799999892712
			vertex 14.461027145386 1.5675117969513 0.19799999892712
			vertex 14.17448425293 1.4977406263351 0.19799999892712
		endloop
	endfacet
	facet normal 0 0 -1
		outer loop
			vertex 14.17448425293 1.4977406263351 0.19799999892712
			vertex 14.461027145386 1.5675117969513 0.19799999892712
			vertex 14.174999237061 1.49600481987 0.19799999892712
		endloop
	endfacet
	facet normal 0 0 -1
		outer loop
			vertex 14.152640342712 1.5713850259781 0.19799999892712
			vertex 14.461176872253 1.5675492286682 0.19799999892712
			vertex 14.168132781982 1.5191533565521 0.19799999892712
		endloop
	endfacet
	facet normal 0 0 -1
		outer loop
			vertex 14.174999237061 1.49600481987 0.19799999892712
			vertex 14.461027145386 1.4934967756271 0.19799999892712
			vertex 14.459750175476 1.4904149770737 0.19799999892712
		endloop
	endfacet
	facet normal 0 0 -1
		outer loop
			vertex 14.174999237061 1.49600481987 0.19799999892712
			vertex 14.454103469849 1.5283056497574 0.19799999892712
			vertex 14.461027145386 1.4934967756271 0.19799999892712
		endloop
	endfacet
	facet normal 0 0 -1
		outer loop
			vertex 14.174999237061 1.49600481987 0.19799999892712
			vertex 14.461027145386 1.5675117969513 0.19799999892712
			vertex 14.454103469849 1.5283056497574 0.19799999892712
		endloop
	endfacet
	facet normal 0 0 -1
		outer loop
			vertex 14.168132781982 1.5191533565521 0.19799999892712
			vertex 14.461176872253 1.5675492286682 0.19799999892712
			vertex 14.461027145386 1.5675117969513 0.19799999892712
		endloop
	endfacet
	facet normal 0 0 -1
		outer loop
			vertex 14.152640342712 1.5713850259781 0.19799999892712
			vertex 14.476519584656 1.5713850259781 0.19799999892712
			vertex 14.461176872253 1.5675492286682 0.19799999892712
		endloop
	endfacet
	facet normal 0 -0 -1
		outer loop
			vertex 14.461027145386 1.4934967756271 0.19799999892712
			vertex 14.468480110168 1.492014169693 0.19799999892712
			vertex 14.459750175476 1.4904149770737 0.19799999892712
		endloop
	endfacet
	facet normal 0 0 -1
		outer loop
			vertex 14.454103469849 1.5283056497574 0.19799999892712
			vertex 14.461027145386 1.5291069746017 0.19799999892712
			vertex 14.461027145386 1.4934967756271 0.19799999892712
		endloop
	endfacet
	facet normal 0 0 -1
		outer loop
			vertex 14.461176872253 1.5675492286682 0.19799999892712
			vertex 14.476519584656 1.5713850259781 0.19799999892712
			vertex 14.476519584656 1.5309000015259 0.19799999892712
		endloop
	endfacet
	facet normal 0.19511984683305 -0.98077940709002 0
		outer loop
			vertex 14.152640342712 1.5713850259781 0.19799999892712
			vertex 14.151895523071 1.5712368488312 0
			vertex 14.152640342712 1.5713850259781 0
		endloop
	endfacet
	facet normal 0.19508856121121 -0.98078563064746 1.2234512499685e-07
		outer loop
			vertex 14.137146949768 1.5683032274246 0.19799999892712
			vertex 14.151895523071 1.5712368488312 0
			vertex 14.152640342712 1.5713850259781 0.19799999892712
		endloop
	endfacet
	facet normal 0 0 -1
		outer loop
			vertex 14.124012947083 1.5595271587372 0.19799999892712
			vertex 14.115236282349 1.5309321880341 0.19799999892712
			vertex 14.115236282349 1.5444175004959 0.19799999892712
		endloop
	endfacet
	facet normal 0 0 -1
		outer loop
			vertex 14.137146949768 1.5683032274246 0.19799999892712
			vertex 14.152640342712 1.5309000015259 0.19799999892712
			vertex 14.146466255188 1.5214521884918 0.19799999892712
		endloop
	endfacet
	facet normal 0 0 -1
		outer loop
			vertex 14.152640342712 1.5309000015259 0.19799999892712
			vertex 14.164318084717 1.5126740932465 0.19799999892712
			vertex 14.168132781982 1.4934967756271 0.19799999892712
		endloop
	endfacet
	facet normal 0 -0 -1
		outer loop
			vertex 14.168132781982 1.5191533565521 0.19799999892712
			vertex 14.168132781982 1.4934967756271 0.19799999892712
			vertex 14.164318084717 1.5126740932465 0.19799999892712
		endloop
	endfacet
	facet normal 0 0 -1
		outer loop
			vertex 14.137146949768 1.5683032274246 0.19799999892712
			vertex 14.152640342712 1.5713850259781 0.19799999892712
			vertex 14.152640342712 1.5309000015259 0.19799999892712
		endloop
	endfacet
	facet normal 0.98079025737698 -0.19506529941122 0
		outer loop
			vertex 14.007276535034 1.4384329319 0.19799999892712
			vertex 14.004195213318 1.4229400157928 0
			vertex 14.007276535034 1.4384329319 0
		endloop
	endfacet
	facet normal 0.83145073852668 -0.55559847858273 0
		outer loop
			vertex 14.016053199768 1.4515671730042 0.19799999892712
			vertex 14.007276535034 1.4384329319 0
			vertex 14.016053199768 1.4515671730042 0
		endloop
	endfacet
	facet normal 0.98079025737698 -0.19506529941122 0
		outer loop
			vertex 14.007276535034 1.4384329319 0.19799999892712
			vertex 14.004195213318 1.4229400157928 0.19799999892712
			vertex 14.004195213318 1.4229400157928 0
		endloop
	endfacet
	facet normal 0.83145073852668 -0.55559847858273 0
		outer loop
			vertex 14.016053199768 1.4515671730042 0.19799999892712
			vertex 14.007276535034 1.4384329319 0.19799999892712
			vertex 14.007276535034 1.4384329319 0
		endloop
	endfacet
	facet normal 0 0 -1
		outer loop
			vertex 14.016053199768 1.4515671730042 0.19799999892712
			vertex 14.010358810425 1.4229400157928 0.19799999892712
			vertex 14.007276535034 1.4384329319 0.19799999892712
		endloop
	endfacet
	facet normal 0 -0 -1
		outer loop
			vertex 14.007276535034 1.4384329319 0.19799999892712
			vertex 14.007276535034 1.4106130599976 0.19799999892712
			vertex 14.004195213318 1.4229400157928 0.19799999892712
		endloop
	endfacet
	facet normal 0 0 -1
		outer loop
			vertex 14.007276535034 1.4384329319 0.19799999892712
			vertex 14.010358810425 1.4229400157928 0.19799999892712
			vertex 14.007276535034 1.4106130599976 0.19799999892712
		endloop
	endfacet
	facet normal 0 -0 -1
		outer loop
			vertex 14.016053199768 1.4515671730042 0.19799999892712
			vertex 14.044679641724 1.4229400157928 0.19799999892712
			vertex 14.010358810425 1.4229400157928 0.19799999892712
		endloop
	endfacet
	facet normal 0 -0 -1
		outer loop
			vertex 14.061762809753 1.4523512125015 0.19799999892712
			vertex 14.073307037354 1.4229400157928 0.19799999892712
			vertex 14.044679641724 1.4229400157928 0.19799999892712
		endloop
	endfacet
	facet normal 0 0 -1
		outer loop
			vertex 14.044679641724 1.4229400157928 0.19799999892712
			vertex 14.073307037354 1.4229400157928 0.19799999892712
			vertex 14.073307037354 1.4110822677612 0.19799999892712
		endloop
	endfacet
	facet normal 0 0 -1
		outer loop
			vertex 14.073307037354 1.4229400157928 0.19799999892712
			vertex 14.079001426697 1.4229400157928 0.19799999892712
			vertex 14.073307037354 1.4110822677612 0.19799999892712
		endloop
	endfacet
	facet normal 0 -0 -1
		outer loop
			vertex 14.083956718445 1.4290130138397 0.19799999892712
			vertex 14.084755897522 1.4249975681305 0.19799999892712
			vertex 14.082083702087 1.4229400157928 0.19799999892712
		endloop
	endfacet
	facet normal 0 0 -1
		outer loop
			vertex 14.084755897522 1.4249975681305 0.19799999892712
			vertex 14.083565711975 1.4149004220963 0.19799999892712
			vertex 14.082083702087 1.4229400157928 0.19799999892712
		endloop
	endfacet
	facet normal 0.83145073852668 0.55559847858273 0
		outer loop
			vertex 14.007276535034 1.0835670232773 0.19799999892712
			vertex 14.016053199768 1.0704327821732 0
			vertex 14.007276535034 1.0835670232773 0
		endloop
	endfacet
	facet normal 0.98079054452663 0.19506385561439 0
		outer loop
			vertex 14.004195213318 1.0990600585938 0.19799999892712
			vertex 14.007276535034 1.0835670232773 0
			vertex 14.004195213318 1.0990600585938 0
		endloop
	endfacet
	facet normal 0.83145073852668 0.55559847858273 0
		outer loop
			vertex 14.007276535034 1.0835670232773 0.19799999892712
			vertex 14.016053199768 1.0704327821732 0.19799999892712
			vertex 14.016053199768 1.0704327821732 0
		endloop
	endfacet
	facet normal 0.98079054452663 0.19506385561439 0
		outer loop
			vertex 14.004195213318 1.0990600585938 0.19799999892712
			vertex 14.007276535034 1.0835670232773 0.19799999892712
			vertex 14.007276535034 1.0835670232773 0
		endloop
	endfacet
	facet normal 0 0 -1
		outer loop
			vertex 14.004195213318 1.0990600585938 0.19799999892712
			vertex 14.029187202454 1.0628041028976 0.19799999892712
			vertex 14.016053199768 1.0704327821732 0.19799999892712
		endloop
	endfacet
	facet normal 0 0 -1
		outer loop
			vertex 14.004195213318 1.0990600585938 0.19799999892712
			vertex 14.04402923584 1.061846613884 0.19799999892712
			vertex 14.029187202454 1.0628041028976 0.19799999892712
		endloop
	endfacet
	facet normal 0 0 -1
		outer loop
			vertex 14.004195213318 1.0990600585938 0.19799999892712
			vertex 14.016053199768 1.0704327821732 0.19799999892712
			vertex 14.007276535034 1.0835670232773 0.19799999892712
		endloop
	endfacet
	facet normal 0 0 -1
		outer loop
			vertex 14.004195213318 1.0990600585938 0.19799999892712
			vertex 14.044679641724 1.0616468191147 0.19799999892712
			vertex 14.04402923584 1.061846613884 0.19799999892712
		endloop
	endfacet
	facet normal 0 0 -1
		outer loop
			vertex 14.004195213318 1.0990600585938 0.19799999892712
			vertex 14.053936004639 1.0930116176605 0.19799999892712
			vertex 14.044679641724 1.0616468191147 0.19799999892712
		endloop
	endfacet
	facet normal 0 0 -1
		outer loop
			vertex 14.074833869934 1.1200128793716 0.19799999892712
			vertex 14.073307037354 1.0803533792496 0.19799999892712
			vertex 14.053936004639 1.0930116176605 0.19799999892712
		endloop
	endfacet
	facet normal 0 0 -1
		outer loop
			vertex 14.074833869934 1.1200128793716 0.19799999892712
			vertex 14.053936004639 1.0930116176605 0.19799999892712
			vertex 14.004195213318 1.0990600585938 0.19799999892712
		endloop
	endfacet
	facet normal 0 -0 -1
		outer loop
			vertex 14.074833869934 1.1200128793716 0.19799999892712
			vertex 14.075121879578 1.1185655593872 0.19799999892712
			vertex 14.073307037354 1.0803533792496 0.19799999892712
		endloop
	endfacet
	facet normal 0 -0 -1
		outer loop
			vertex 14.075121879578 1.1185655593872 0.19799999892712
			vertex 14.076389312744 1.1121942996979 0.19799999892712
			vertex 14.073307037354 1.0803533792496 0.19799999892712
		endloop
	endfacet
	facet normal 0.55557936535473 0.83146351019876 0
		outer loop
			vertex 14.124012947083 0.96247279644012 0.19799999892712
			vertex 14.137146949768 0.95369672775269 0
			vertex 14.124012947083 0.96247279644012 0
		endloop
	endfacet
	facet normal 0.19508493163156 0.98078635260199 0
		outer loop
			vertex 14.137146949768 0.95369672775269 0.19799999892712
			vertex 14.152640342712 0.95061498880386 0
			vertex 14.137146949768 0.95369672775269 0
		endloop
	endfacet
	facet normal 0.55557936535473 0.83146351019876 0
		outer loop
			vertex 14.124012947083 0.96247279644012 0.19799999892712
			vertex 14.137146949768 0.95369672775269 0.19799999892712
			vertex 14.137146949768 0.95369672775269 0
		endloop
	endfacet
	facet normal 0.19508493163156 0.98078635260199 0
		outer loop
			vertex 14.137146949768 0.95369672775269 0.19799999892712
			vertex 14.152640342712 0.95061498880386 0.19799999892712
			vertex 14.152640342712 0.95061498880386 0
		endloop
	endfacet
	facet normal 0 0 -1
		outer loop
			vertex 14.143534660339 0.99638831615448 0.19799999892712
			vertex 14.137146949768 0.95369672775269 0.19799999892712
			vertex 14.124012947083 0.96247279644012 0.19799999892712
		endloop
	endfacet
	facet normal 0 -0 -1
		outer loop
			vertex 14.143534660339 0.99638831615448 0.19799999892712
			vertex 14.152640342712 0.95061498880386 0.19799999892712
			vertex 14.137146949768 0.95369672775269 0.19799999892712
		endloop
	endfacet
	facet normal 0 0 -1
		outer loop
			vertex 14.124012947083 1.007727265358 0.19799999892712
			vertex 14.143534660339 0.99638831615448 0.19799999892712
			vertex 14.124012947083 0.96247279644012 0.19799999892712
		endloop
	endfacet
	facet normal 0 -0 -1
		outer loop
			vertex 14.168132781982 1.0285032987595 0.19799999892712
			vertex 14.168132781982 0.95448821783066 0.19799999892712
			vertex 14.152640342712 0.95061498880386 0.19799999892712
		endloop
	endfacet
	facet normal 0 0 -1
		outer loop
			vertex 14.152640342712 1.0285130739212 0.19799999892712
			vertex 14.15322971344 1.0286210775375 0.19799999892712
			vertex 14.152640342712 0.95061498880386 0.19799999892712
		endloop
	endfacet
	facet normal 0 -0 -1
		outer loop
			vertex 14.152640342712 1.0285130739212 0.19799999892712
			vertex 14.152640342712 0.95061498880386 0.19799999892712
			vertex 14.143534660339 0.99638831615448 0.19799999892712
		endloop
	endfacet
	facet normal 0 -0 -1
		outer loop
			vertex 14.15322971344 1.0286210775375 0.19799999892712
			vertex 14.168132781982 1.0285032987595 0.19799999892712
			vertex 14.152640342712 0.95061498880386 0.19799999892712
		endloop
	endfacet
	facet normal 0 0 -1
		outer loop
			vertex 14.168132781982 1.0285032987595 0.19799999892712
			vertex 14.17505645752 0.99369430541992 0.19799999892712
			vertex 14.168132781982 0.95448821783066 0.19799999892712
		endloop
	endfacet
	facet normal 0 0 -1
		outer loop
			vertex 14.168132781982 1.0285032987595 0.19799999892712
			vertex 14.181266784668 0.99441301822662 0.19799999892712
			vertex 14.17505645752 0.99369430541992 0.19799999892712
		endloop
	endfacet
	facet normal -0.19508493163156 0.98078635260199 0
		outer loop
			vertex 14.476519584656 0.95061498880386 0.19799999892712
			vertex 14.4920129776 0.95369672775269 0
			vertex 14.476519584656 0.95061498880386 0
		endloop
	endfacet
	facet normal -0.55557936535473 0.83146351019876 0
		outer loop
			vertex 14.4920129776 0.95369672775269 0.19799999892712
			vertex 14.505146980286 0.96247279644012 0
			vertex 14.4920129776 0.95369672775269 0
		endloop
	endfacet
	facet normal -0.19508493163156 0.98078635260199 0
		outer loop
			vertex 14.476519584656 0.95061498880386 0.19799999892712
			vertex 14.4920129776 0.95369672775269 0.19799999892712
			vertex 14.4920129776 0.95369672775269 0
		endloop
	endfacet
	facet normal -0.55557936535473 0.83146351019876 0
		outer loop
			vertex 14.505146980286 0.96247279644012 0.19799999892712
			vertex 14.505146980286 0.96247279644012 0
			vertex 14.4920129776 0.95369672775269 0.19799999892712
		endloop
	endfacet
	facet normal 0 0 -1
		outer loop
			vertex 14.454675674438 1.0242593288422 0.19799999892712
			vertex 14.476519584656 0.99110001325607 0.19799999892712
			vertex 14.476519584656 0.95061498880386 0.19799999892712
		endloop
	endfacet
	facet normal 0 0 -1
		outer loop
			vertex 14.454675674438 1.0242593288422 0.19799999892712
			vertex 14.455094337463 1.0245388746262 0.19799999892712
			vertex 14.476519584656 0.99110001325607 0.19799999892712
		endloop
	endfacet
	facet normal 0 0 -1
		outer loop
			vertex 14.476519584656 0.99110001325607 0.19799999892712
			vertex 14.4920129776 0.95369672775269 0.19799999892712
			vertex 14.476519584656 0.95061498880386 0.19799999892712
		endloop
	endfacet
	facet normal 0 -0 -1
		outer loop
			vertex 14.494101524353 1.0180050134659 0.19799999892712
			vertex 14.505146980286 0.96247279644012 0.19799999892712
			vertex 14.4920129776 0.95369672775269 0.19799999892712
		endloop
	endfacet
	facet normal 0 -0 -1
		outer loop
			vertex 14.51392364502 0.99106782674789 0.19799999892712
			vertex 14.51392364502 0.97758251428604 0.19799999892712
			vertex 14.505146980286 0.96247279644012 0.19799999892712
		endloop
	endfacet
	facet normal 0 0 -1
		outer loop
			vertex 14.476519584656 0.99110001325607 0.19799999892712
			vertex 14.494101524353 1.0180050134659 0.19799999892712
			vertex 14.4920129776 0.95369672775269 0.19799999892712
		endloop
	endfacet
	facet normal -0.83147862717407 0.55555674107396 0
		outer loop
			vertex 14.613107681274 1.0704327821732 0.19799999892712
			vertex 14.621883392334 1.0835670232773 0
			vertex 14.613107681274 1.0704327821732 0
		endloop
	endfacet
	facet normal -0.98079054452663 0.19506385561439 0
		outer loop
			vertex 14.621883392334 1.0835670232773 0.19799999892712
			vertex 14.62496471405 1.0990600585938 0
			vertex 14.621883392334 1.0835670232773 0
		endloop
	endfacet
	facet normal -0.83147862717407 0.55555674107396 0
		outer loop
			vertex 14.621883392334 1.0835670232773 0.19799999892712
			vertex 14.621883392334 1.0835670232773 0
			vertex 14.613107681274 1.0704327821732 0.19799999892712
		endloop
	endfacet
	facet normal -0.98079054452663 0.19506385561439 0
		outer loop
			vertex 14.62496471405 1.0990600585938 0.19799999892712
			vertex 14.62496471405 1.0990600585938 0
			vertex 14.621883392334 1.0835670232773 0.19799999892712
		endloop
	endfacet
	facet normal 0 -0 -1
		outer loop
			vertex 14.545594215393 1.1070995330811 0.19799999892712
			vertex 14.547077178955 1.0990600585938 0.19799999892712
			vertex 14.544404029846 1.0970023870468 0.19799999892712
		endloop
	endfacet
	facet normal 0 -0 -1
		outer loop
			vertex 14.555852890015 1.1109178066254 0.19799999892712
			vertex 14.555852890015 1.0990600585938 0.19799999892712
			vertex 14.550158500671 1.0990600585938 0.19799999892712
		endloop
	endfacet
	facet normal 0 0 -1
		outer loop
			vertex 14.544404029846 1.0970023870468 0.19799999892712
			vertex 14.547077178955 1.0990600585938 0.19799999892712
			vertex 14.545203208923 1.0929869413376 0.19799999892712
		endloop
	endfacet
	facet normal 0 0 -1
		outer loop
			vertex 14.555852890015 1.1109178066254 0.19799999892712
			vertex 14.584480285645 1.0990600585938 0.19799999892712
			vertex 14.555852890015 1.0990600585938 0.19799999892712
		endloop
	endfacet
	facet normal 0 0 -1
		outer loop
			vertex 14.555852890015 1.0990600585938 0.19799999892712
			vertex 14.584480285645 1.0990600585938 0.19799999892712
			vertex 14.564497947693 1.064656496048 0.19799999892712
		endloop
	endfacet
	facet normal 0 0 -1
		outer loop
			vertex 14.584480285645 1.0990600585938 0.19799999892712
			vertex 14.618801116943 1.0990600585938 0.19799999892712
			vertex 14.613107681274 1.0704327821732 0.19799999892712
		endloop
	endfacet
	facet normal 0 -0 -1
		outer loop
			vertex 14.621883392334 1.1113868951797 0.19799999892712
			vertex 14.621883392334 1.0835670232773 0.19799999892712
			vertex 14.618801116943 1.0990600585938 0.19799999892712
		endloop
	endfacet
	facet normal 0 -0 -1
		outer loop
			vertex 14.618801116943 1.0990600585938 0.19799999892712
			vertex 14.621883392334 1.0835670232773 0.19799999892712
			vertex 14.613107681274 1.0704327821732 0.19799999892712
		endloop
	endfacet
	facet normal 0 0 -1
		outer loop
			vertex 14.621883392334 1.1113868951797 0.19799999892712
			vertex 14.62496471405 1.0990600585938 0.19799999892712
			vertex 14.621883392334 1.0835670232773 0.19799999892712
		endloop
	endfacet
	facet normal -0.98079025737698 -0.19506529941122 -0
		outer loop
			vertex 14.62496471405 1.4229400157928 0.19799999892712
			vertex 14.621883392334 1.4384329319 0
			vertex 14.62496471405 1.4229400157928 0
		endloop
	endfacet
	facet normal -0.83147862717407 -0.55555674107396 -0
		outer loop
			vertex 14.621883392334 1.4384329319 0.19799999892712
			vertex 14.613107681274 1.4515671730042 0
			vertex 14.621883392334 1.4384329319 0
		endloop
	endfacet
	facet normal -0.98079025737698 -0.19506529941122 -0
		outer loop
			vertex 14.621883392334 1.4384329319 0.19799999892712
			vertex 14.621883392334 1.4384329319 0
			vertex 14.62496471405 1.4229400157928 0.19799999892712
		endloop
	endfacet
	facet normal -0.83147862717407 -0.55555674107396 -0
		outer loop
			vertex 14.613107681274 1.4515671730042 0.19799999892712
			vertex 14.613107681274 1.4515671730042 0
			vertex 14.621883392334 1.4384329319 0.19799999892712
		endloop
	endfacet
	facet normal 0 0 -1
		outer loop
			vertex 14.552770614624 1.4098057746887 0.19799999892712
			vertex 14.551041603088 1.4015139341354 0.19799999892712
			vertex 14.547077178955 1.4074470996857 0.19799999892712
		endloop
	endfacet
	facet normal 0 0 -1
		outer loop
			vertex 14.552770614624 1.4098057746887 0.19799999892712
			vertex 14.551321029663 1.4010956287384 0.19799999892712
			vertex 14.551041603088 1.4015139341354 0.19799999892712
		endloop
	endfacet
	facet normal 0 -0 -1
		outer loop
			vertex 14.552770614624 1.4098057746887 0.19799999892712
			vertex 14.579131126404 1.409344792366 0.19799999892712
			vertex 14.551321029663 1.4010956287384 0.19799999892712
		endloop
	endfacet
	facet normal 0 -0 -1
		outer loop
			vertex 14.555852890015 1.4416465759277 0.19799999892712
			vertex 14.579131126404 1.409344792366 0.19799999892712
			vertex 14.552770614624 1.4098057746887 0.19799999892712
		endloop
	endfacet
	facet normal 0 0 -1
		outer loop
			vertex 14.555852890015 1.4416465759277 0.19799999892712
			vertex 14.575223922729 1.4289884567261 0.19799999892712
			vertex 14.579131126404 1.409344792366 0.19799999892712
		endloop
	endfacet
	facet normal 0 0 -1
		outer loop
			vertex 14.575223922729 1.4289884567261 0.19799999892712
			vertex 14.584480285645 1.4603531360626 0.19799999892712
			vertex 14.579131126404 1.409344792366 0.19799999892712
		endloop
	endfacet
	facet normal 0 -0 -1
		outer loop
			vertex 14.584480285645 1.4603531360626 0.19799999892712
			vertex 14.585130691528 1.4601534605026 0.19799999892712
			vertex 14.579131126404 1.409344792366 0.19799999892712
		endloop
	endfacet
	facet normal 0 -0 -1
		outer loop
			vertex 14.585130691528 1.4601534605026 0.19799999892712
			vertex 14.599972724915 1.4591958522797 0.19799999892712
			vertex 14.579131126404 1.409344792366 0.19799999892712
		endloop
	endfacet
	facet normal 0 -0 -1
		outer loop
			vertex 14.613107681274 1.4515671730042 0.19799999892712
			vertex 14.621883392334 1.4384329319 0.19799999892712
			vertex 14.579131126404 1.409344792366 0.19799999892712
		endloop
	endfacet
	facet normal 0 -0 -1
		outer loop
			vertex 14.621883392334 1.4384329319 0.19799999892712
			vertex 14.62496471405 1.4229400157928 0.19799999892712
			vertex 14.579131126404 1.409344792366 0.19799999892712
		endloop
	endfacet
	facet normal 0 -0 -1
		outer loop
			vertex 14.599972724915 1.4591958522797 0.19799999892712
			vertex 14.600231170654 1.4590460062027 0.19799999892712
			vertex 14.579131126404 1.409344792366 0.19799999892712
		endloop
	endfacet
	facet normal 0 -0 -1
		outer loop
			vertex 14.600231170654 1.4590460062027 0.19799999892712
			vertex 14.600977897644 1.455289721489 0.19799999892712
			vertex 14.579131126404 1.409344792366 0.19799999892712
		endloop
	endfacet
	facet normal 0 -0 -1
		outer loop
			vertex 14.600977897644 1.455289721489 0.19799999892712
			vertex 14.613107681274 1.4515671730042 0.19799999892712
			vertex 14.579131126404 1.409344792366 0.19799999892712
		endloop
	endfacet
	facet normal -0.19508856121121 -0.98078563064746 -0
		outer loop
			vertex 14.4920129776 1.5683032274246 0.19799999892712
			vertex 14.476519584656 1.5713850259781 0
			vertex 14.4920129776 1.5683032274246 0
		endloop
	endfacet
	facet normal -0.55557936535473 -0.83146351019876 -0
		outer loop
			vertex 14.505146980286 1.5595271587372 0.19799999892712
			vertex 14.4920129776 1.5683032274246 0
			vertex 14.505146980286 1.5595271587372 0
		endloop
	endfacet
	facet normal -0.19508856121121 -0.98078563064746 -0
		outer loop
			vertex 14.476519584656 1.5713850259781 0.19799999892712
			vertex 14.476519584656 1.5713850259781 0
			vertex 14.4920129776 1.5683032274246 0.19799999892712
		endloop
	endfacet
	facet normal -0.55557936535473 -0.83146351019876 -0
		outer loop
			vertex 14.4920129776 1.5683032274246 0.19799999892712
			vertex 14.4920129776 1.5683032274246 0
			vertex 14.505146980286 1.5595271587372 0.19799999892712
		endloop
	endfacet
	facet normal 0 0 -1
		outer loop
			vertex 14.461027145386 1.5291069746017 0.19799999892712
			vertex 14.468480110168 1.492014169693 0.19799999892712
			vertex 14.461027145386 1.4934967756271 0.19799999892712
		endloop
	endfacet
	facet normal 0 -0 -1
		outer loop
			vertex 14.476519584656 1.5309000015259 0.19799999892712
			vertex 14.476519584656 1.4934868812561 0.19799999892712
			vertex 14.468480110168 1.492014169693 0.19799999892712
		endloop
	endfacet
	facet normal 0 -0 -1
		outer loop
			vertex 14.461176872253 1.5675492286682 0.19799999892712
			vertex 14.468480110168 1.492014169693 0.19799999892712
			vertex 14.461027145386 1.5291069746017 0.19799999892712
		endloop
	endfacet
	facet normal 0 0 -1
		outer loop
			vertex 14.461176872253 1.5675492286682 0.19799999892712
			vertex 14.476519584656 1.5309000015259 0.19799999892712
			vertex 14.468480110168 1.492014169693 0.19799999892712
		endloop
	endfacet
	facet normal 0 0 -1
		outer loop
			vertex 14.461027145386 1.5675117969513 0.19799999892712
			vertex 14.461176872253 1.5675492286682 0.19799999892712
			vertex 14.461027145386 1.5291069746017 0.19799999892712
		endloop
	endfacet
	facet normal 0 -0 -1
		outer loop
			vertex 14.461027145386 1.5675117969513 0.19799999892712
			vertex 14.461027145386 1.5291069746017 0.19799999892712
			vertex 14.454103469849 1.5283056497574 0.19799999892712
		endloop
	endfacet
	facet normal 0 0 -1
		outer loop
			vertex 14.476519584656 1.5309000015259 0.19799999892712
			vertex 14.485625267029 1.5256116390228 0.19799999892712
			vertex 14.476519584656 1.4934868812561 0.19799999892712
		endloop
	endfacet
	facet normal 0 0 -1
		outer loop
			vertex 14.485625267029 1.5256116390228 0.19799999892712
			vertex 14.478577613831 1.4908242225647 0.19799999892712
			vertex 14.476519584656 1.4934868812561 0.19799999892712
		endloop
	endfacet
	facet normal 0 0 -1
		outer loop
			vertex 14.485625267029 1.5256116390228 0.19799999892712
			vertex 14.482592582703 1.491623044014 0.19799999892712
			vertex 14.478577613831 1.4908242225647 0.19799999892712
		endloop
	endfacet
	facet normal 0 -0 -1
		outer loop
			vertex 14.505146980286 1.5595271587372 0.19799999892712
			vertex 14.505146980286 1.5142726898193 0.19799999892712
			vertex 14.485625267029 1.5256116390228 0.19799999892712
		endloop
	endfacet
	facet normal 0 0 -1
		outer loop
			vertex 14.476519584656 1.5713850259781 0.19799999892712
			vertex 14.4920129776 1.5683032274246 0.19799999892712
			vertex 14.485625267029 1.5256116390228 0.19799999892712
		endloop
	endfacet
	facet normal 0 0 -1
		outer loop
			vertex 14.476519584656 1.5713850259781 0.19799999892712
			vertex 14.485625267029 1.5256116390228 0.19799999892712
			vertex 14.476519584656 1.5309000015259 0.19799999892712
		endloop
	endfacet
	facet normal 0 -0 -1
		outer loop
			vertex 14.4920129776 1.5683032274246 0.19799999892712
			vertex 14.505146980286 1.5595271587372 0.19799999892712
			vertex 14.485625267029 1.5256116390228 0.19799999892712
		endloop
	endfacet
	facet normal 0.55557936535473 -0.83146351019876 0
		outer loop
			vertex 14.137146949768 1.5683032274246 0.19799999892712
			vertex 14.124012947083 1.5595271587372 0
			vertex 14.137146949768 1.5683032274246 0
		endloop
	endfacet
	facet normal 0.1950869812361 -0.98078594491978 0
		outer loop
			vertex 14.137146949768 1.5683032274246 0.19799999892712
			vertex 14.137146949768 1.5683032274246 0
			vertex 14.151895523071 1.5712368488312 0
		endloop
	endfacet
	facet normal 0.55557936535473 -0.83146351019876 0
		outer loop
			vertex 14.137146949768 1.5683032274246 0.19799999892712
			vertex 14.124012947083 1.5595271587372 0.19799999892712
			vertex 14.124012947083 1.5595271587372 0
		endloop
	endfacet
	facet normal 0 -0 -1
		outer loop
			vertex 14.115236282349 1.5444175004959 0.19799999892712
			vertex 14.115236282349 1.5309321880341 0.19799999892712
			vertex 14.113363265991 1.524827003479 0.19799999892712
		endloop
	endfacet
	facet normal 0 -0 -1
		outer loop
			vertex 14.137146949768 1.5683032274246 0.19799999892712
			vertex 14.146466255188 1.5214521884918 0.19799999892712
			vertex 14.130918502808 1.4976586103439 0.19799999892712
		endloop
	endfacet
	facet normal 0 0 -1
		outer loop
			vertex 14.137146949768 1.5683032274246 0.19799999892712
			vertex 14.130918502808 1.4976586103439 0.19799999892712
			vertex 14.124012947083 1.5595271587372 0.19799999892712
		endloop
	endfacet
	facet normal 0 0 -1
		outer loop
			vertex 14.168132781982 1.5191533565521 0.19799999892712
			vertex 14.17448425293 1.4977406263351 0.19799999892712
			vertex 14.174066543579 1.4974611997604 0.19799999892712
		endloop
	endfacet
	facet normal 0 0 -1
		outer loop
			vertex 14.168132781982 1.5191533565521 0.19799999892712
			vertex 14.174066543579 1.4974611997604 0.19799999892712
			vertex 14.168132781982 1.4934967756271 0.19799999892712
		endloop
	endfacet
	facet normal 0.8317201789336 -0.55519505036938 0
		outer loop
			vertex 14.778374671936 1.0660216808319 0.19799999892712
			vertex 14.777942657471 1.0653744935989 0
			vertex 14.778374671936 1.0660216808319 0
		endloop
	endfacet
	facet normal 0.55469899478697 0.83205109529543 0
		outer loop
			vertex 14.777942657471 1.0653744935989 0.19799999892712
			vertex 14.939883232117 0.95741444826126 0
			vertex 14.777942657471 1.0653744935989 0
		endloop
	endfacet
	facet normal 0.83228607105333 -0.55434636819466 0
		outer loop
			vertex 14.822856903076 1.1327455043793 0.19799999892712
			vertex 14.822425842285 1.1320983171463 0
			vertex 14.822856903076 1.1327455043793 0
		endloop
	endfacet
	facet normal -0.83230962391296 0.55431100470932 0
		outer loop
			vertex 14.939883232117 0.95741444826126 0.19799999892712
			vertex 14.940314292908 0.95806169509888 0
			vertex 14.939883232117 0.95741444826126 0
		endloop
	endfacet
	facet normal -0.55469927137517 -0.83205091090381 -0
		outer loop
			vertex 14.921854972839 1.0667469501495 0.19799999892712
			vertex 14.822856903076 1.1327455043793 0
			vertex 14.921854972839 1.0667469501495 0
		endloop
	endfacet
	facet normal 0.8317201789336 -0.55519505036938 0
		outer loop
			vertex 14.778374671936 1.0660216808319 0.19799999892712
			vertex 14.777942657471 1.0653744935989 0.19799999892712
			vertex 14.777942657471 1.0653744935989 0
		endloop
	endfacet
	facet normal 0.83228607105333 -0.55434636819466 0
		outer loop
			vertex 14.822856903076 1.1327455043793 0.19799999892712
			vertex 14.822425842285 1.1320983171463 0.19799999892712
			vertex 14.822425842285 1.1320983171463 0
		endloop
	endfacet
	facet normal 0.55469899478697 0.83205109529543 0
		outer loop
			vertex 14.777942657471 1.0653744935989 0.19799999892712
			vertex 14.939883232117 0.95741444826126 0.19799999892712
			vertex 14.939883232117 0.95741444826126 0
		endloop
	endfacet
	facet normal -0.83230962391296 0.55431100470932 0
		outer loop
			vertex 14.940314292908 0.95806169509888 0.19799999892712
			vertex 14.940314292908 0.95806169509888 0
			vertex 14.939883232117 0.95741444826126 0.19799999892712
		endloop
	endfacet
	facet normal -0.55469927137517 -0.83205091090381 -0
		outer loop
			vertex 14.822856903076 1.1327455043793 0.19799999892712
			vertex 14.822856903076 1.1327455043793 0
			vertex 14.921854972839 1.0667469501495 0.19799999892712
		endloop
	endfacet
	facet normal 0 -0 -1
		outer loop
			vertex 14.778374671936 1.0660216808319 0.19799999892712
			vertex 14.921854972839 1.0366257429123 0.19799999892712
			vertex 14.777942657471 1.0653744935989 0.19799999892712
		endloop
	endfacet
	facet normal 0 -0 -1
		outer loop
			vertex 14.782736778259 1.0725656747818 0.19799999892712
			vertex 14.921854972839 1.0366257429123 0.19799999892712
			vertex 14.778374671936 1.0660216808319 0.19799999892712
		endloop
	endfacet
	facet normal 0 -0 -1
		outer loop
			vertex 14.822425842285 1.1320983171463 0.19799999892712
			vertex 14.921854972839 1.0366257429123 0.19799999892712
			vertex 14.782736778259 1.0725656747818 0.19799999892712
		endloop
	endfacet
	facet normal 0 0 -1
		outer loop
			vertex 14.777942657471 1.0653744935989 0.19799999892712
			vertex 14.944677352905 0.96460568904877 0.19799999892712
			vertex 14.940314292908 0.95806169509888 0.19799999892712
		endloop
	endfacet
	facet normal 0 0 -1
		outer loop
			vertex 14.777942657471 1.0653744935989 0.19799999892712
			vertex 14.940314292908 0.95806169509888 0.19799999892712
			vertex 14.939883232117 0.95741444826126 0.19799999892712
		endloop
	endfacet
	facet normal 0 0 -1
		outer loop
			vertex 14.777942657471 1.0653744935989 0.19799999892712
			vertex 14.921854972839 1.0366257429123 0.19799999892712
			vertex 14.944677352905 0.96460568904877 0.19799999892712
		endloop
	endfacet
	facet normal 0 0 -1
		outer loop
			vertex 14.921854972839 1.0366257429123 0.19799999892712
			vertex 14.962340354919 0.99110001325607 0.19799999892712
			vertex 14.944677352905 0.96460568904877 0.19799999892712
		endloop
	endfacet
	facet normal 0 0 -1
		outer loop
			vertex 14.822425842285 1.1320983171463 0.19799999892712
			vertex 14.921854972839 1.0667469501495 0.19799999892712
			vertex 14.921854972839 1.0366257429123 0.19799999892712
		endloop
	endfacet
	facet normal 0 -0 -1
		outer loop
			vertex 14.822856903076 1.1327455043793 0.19799999892712
			vertex 14.921854972839 1.0667469501495 0.19799999892712
			vertex 14.822425842285 1.1320983171463 0.19799999892712
		endloop
	endfacet
	facet normal 1 0 0
		outer loop
			vertex 14.921854972839 1.4904149770737 0.19799999892712
			vertex 14.921854972839 1.0667469501495 0
			vertex 14.921854972839 1.4904149770737 0
		endloop
	endfacet
	facet normal -1 0 -0
		outer loop
			vertex 15.002824783325 1.4904149770737 0.19799999892712
			vertex 15.002824783325 1.4904149770737 0
			vertex 15.002824783325 0.99110001325607 0
		endloop
	endfacet
	facet normal 1 0 0
		outer loop
			vertex 14.921854972839 1.4904149770737 0.19799999892712
			vertex 14.921854972839 1.0667469501495 0.19799999892712
			vertex 14.921854972839 1.0667469501495 0
		endloop
	endfacet
	facet normal -1 -0 0
		outer loop
			vertex 15.002824783325 1.4904149770737 0.19799999892712
			vertex 15.002824783325 0.99110001325607 0
			vertex 15.002824783325 0.99110001325607 0.19799999892712
		endloop
	endfacet
	facet normal 0 0 -1
		outer loop
			vertex 14.921854972839 1.0366257429123 0.19799999892712
			vertex 15.002824783325 0.99110001325607 0.19799999892712
			vertex 14.962340354919 0.99110001325607 0.19799999892712
		endloop
	endfacet
	facet normal 0 0 -1
		outer loop
			vertex 14.921854972839 1.0667469501495 0.19799999892712
			vertex 15.002824783325 0.99110001325607 0.19799999892712
			vertex 14.921854972839 1.0366257429123 0.19799999892712
		endloop
	endfacet
	facet normal 0 -0 -1
		outer loop
			vertex 14.927927970886 1.4904149770737 0.19799999892712
			vertex 15.002824783325 0.99110001325607 0.19799999892712
			vertex 14.921854972839 1.0667469501495 0.19799999892712
		endloop
	endfacet
	facet normal 0 0 -1
		outer loop
			vertex 14.921854972839 1.4904149770737 0.19799999892712
			vertex 14.927927970886 1.4904149770737 0.19799999892712
			vertex 14.921854972839 1.0667469501495 0.19799999892712
		endloop
	endfacet
	facet normal 0 0 -1
		outer loop
			vertex 14.927927970886 1.4904149770737 0.19799999892712
			vertex 15.002824783325 1.4904149770737 0.19799999892712
			vertex 15.002824783325 0.99110001325607 0.19799999892712
		endloop
	endfacet
	facet normal 0.83147862717407 0.55555674107396 0
		outer loop
			vertex 14.762996673584 1.0835670232773 0.19799999892712
			vertex 14.771772384644 1.0704327821732 0
			vertex 14.762996673584 1.0835670232773 0
		endloop
	endfacet
	facet normal 0.55553488399036 0.8314932306819 0
		outer loop
			vertex 14.771772384644 1.0704327821732 0.19799999892712
			vertex 14.778374671936 1.0660216808319 0
			vertex 14.771772384644 1.0704327821732 0
		endloop
	endfacet
	facet normal 0.98079054452663 0.19506385561439 0
		outer loop
			vertex 14.759915351868 1.0990600585938 0.19799999892712
			vertex 14.762996673584 1.0835670232773 0
			vertex 14.759915351868 1.0990600585938 0
		endloop
	endfacet
	facet normal 0.98079025737698 -0.19506529941122 0
		outer loop
			vertex 14.762996673584 1.1145529747009 0.19799999892712
			vertex 14.759915351868 1.0990600585938 0
			vertex 14.762996673584 1.1145529747009 0
		endloop
	endfacet
	facet normal 0.83147862717407 -0.55555674107396 0
		outer loop
			vertex 14.771772384644 1.1276872158051 0.19799999892712
			vertex 14.762996673584 1.1145529747009 0
			vertex 14.771772384644 1.1276872158051 0
		endloop
	endfacet
	facet normal 0.55555147727905 -0.83148214418174 0
		outer loop
			vertex 14.784907341003 1.1364632844925 0.19799999892712
			vertex 14.771772384644 1.1276872158051 0
			vertex 14.784907341003 1.1364632844925 0
		endloop
	endfacet
	facet normal 0.19509285368989 -0.98078477681861 0
		outer loop
			vertex 14.800399780273 1.1395449638367 0.19799999892712
			vertex 14.784907341003 1.1364632844925 0
			vertex 14.800399780273 1.1395449638367 0
		endloop
	endfacet
	facet normal -0.19508130204389 -0.98078707454414 -0
		outer loop
			vertex 14.815893173218 1.1364632844925 0.19799999892712
			vertex 14.800399780273 1.1395449638367 0
			vertex 14.815893173218 1.1364632844925 0
		endloop
	endfacet
	facet normal -0.55556824672696 -0.83147093949742 -0
		outer loop
			vertex 14.822425842285 1.1320983171463 0.19799999892712
			vertex 14.815893173218 1.1364632844925 0
			vertex 14.822425842285 1.1320983171463 0
		endloop
	endfacet
	facet normal 0.83147862717407 0.55555674107396 0
		outer loop
			vertex 14.762996673584 1.0835670232773 0.19799999892712
			vertex 14.771772384644 1.0704327821732 0.19799999892712
			vertex 14.771772384644 1.0704327821732 0
		endloop
	endfacet
	facet normal 0.55553488399036 0.8314932306819 0
		outer loop
			vertex 14.771772384644 1.0704327821732 0.19799999892712
			vertex 14.778374671936 1.0660216808319 0.19799999892712
			vertex 14.778374671936 1.0660216808319 0
		endloop
	endfacet
	facet normal 0.98079054452663 0.19506385561439 0
		outer loop
			vertex 14.759915351868 1.0990600585938 0.19799999892712
			vertex 14.762996673584 1.0835670232773 0.19799999892712
			vertex 14.762996673584 1.0835670232773 0
		endloop
	endfacet
	facet normal 0.83147862717407 -0.55555674107396 0
		outer loop
			vertex 14.771772384644 1.1276872158051 0.19799999892712
			vertex 14.762996673584 1.1145529747009 0.19799999892712
			vertex 14.762996673584 1.1145529747009 0
		endloop
	endfacet
	facet normal 0.98079025737698 -0.19506529941122 0
		outer loop
			vertex 14.762996673584 1.1145529747009 0.19799999892712
			vertex 14.759915351868 1.0990600585938 0.19799999892712
			vertex 14.759915351868 1.0990600585938 0
		endloop
	endfacet
	facet normal 0.55555147727905 -0.83148214418174 0
		outer loop
			vertex 14.771772384644 1.1276872158051 0.19799999892712
			vertex 14.771772384644 1.1276872158051 0
			vertex 14.784907341003 1.1364632844925 0.19799999892712
		endloop
	endfacet
	facet normal 0.19509285368989 -0.98078477681861 0
		outer loop
			vertex 14.784907341003 1.1364632844925 0.19799999892712
			vertex 14.784907341003 1.1364632844925 0
			vertex 14.800399780273 1.1395449638367 0.19799999892712
		endloop
	endfacet
	facet normal -0.19508130204389 -0.98078707454414 -0
		outer loop
			vertex 14.800399780273 1.1395449638367 0.19799999892712
			vertex 14.800399780273 1.1395449638367 0
			vertex 14.815893173218 1.1364632844925 0.19799999892712
		endloop
	endfacet
	facet normal -0.55556824672696 -0.83147093949742 -0
		outer loop
			vertex 14.815893173218 1.1364632844925 0.19799999892712
			vertex 14.815893173218 1.1364632844925 0
			vertex 14.822425842285 1.1320983171463 0.19799999892712
		endloop
	endfacet
	facet normal 0 0 -1
		outer loop
			vertex 14.771772384644 1.0704327821732 0.19799999892712
			vertex 14.782736778259 1.0725656747818 0.19799999892712
			vertex 14.778374671936 1.0660216808319 0.19799999892712
		endloop
	endfacet
	facet normal 0 -0 -1
		outer loop
			vertex 14.762996673584 1.1145529747009 0.19799999892712
			vertex 14.762996673584 1.0835670232773 0.19799999892712
			vertex 14.759915351868 1.0990600585938 0.19799999892712
		endloop
	endfacet
	facet normal 0 0 -1
		outer loop
			vertex 14.762996673584 1.1145529747009 0.19799999892712
			vertex 14.771772384644 1.0704327821732 0.19799999892712
			vertex 14.762996673584 1.0835670232773 0.19799999892712
		endloop
	endfacet
	facet normal 0 0 -1
		outer loop
			vertex 14.771772384644 1.1276872158051 0.19799999892712
			vertex 14.782736778259 1.0725656747818 0.19799999892712
			vertex 14.771772384644 1.0704327821732 0.19799999892712
		endloop
	endfacet
	facet normal 0 -0 -1
		outer loop
			vertex 14.771772384644 1.1276872158051 0.19799999892712
			vertex 14.771772384644 1.0704327821732 0.19799999892712
			vertex 14.762996673584 1.1145529747009 0.19799999892712
		endloop
	endfacet
	facet normal 0 0 -1
		outer loop
			vertex 14.771772384644 1.1276872158051 0.19799999892712
			vertex 14.822425842285 1.1320983171463 0.19799999892712
			vertex 14.782736778259 1.0725656747818 0.19799999892712
		endloop
	endfacet
	facet normal 0 0 -1
		outer loop
			vertex 14.771772384644 1.1276872158051 0.19799999892712
			vertex 14.784907341003 1.1364632844925 0.19799999892712
			vertex 14.822425842285 1.1320983171463 0.19799999892712
		endloop
	endfacet
	facet normal 0 0 -1
		outer loop
			vertex 14.784907341003 1.1364632844925 0.19799999892712
			vertex 14.800399780273 1.1395449638367 0.19799999892712
			vertex 14.822425842285 1.1320983171463 0.19799999892712
		endloop
	endfacet
	facet normal 0 0 -1
		outer loop
			vertex 14.800399780273 1.1395449638367 0.19799999892712
			vertex 14.815893173218 1.1364632844925 0.19799999892712
			vertex 14.822425842285 1.1320983171463 0.19799999892712
		endloop
	endfacet
	facet normal 0.55556824672696 0.83147093949742 0
		outer loop
			vertex 14.940314292908 0.95806169509888 0.19799999892712
			vertex 14.946846961975 0.95369672775269 0
			vertex 14.940314292908 0.95806169509888 0
		endloop
	endfacet
	facet normal 0.19508493163156 0.98078635260199 0
		outer loop
			vertex 14.946846961975 0.95369672775269 0.19799999892712
			vertex 14.962340354919 0.95061498880386 0
			vertex 14.946846961975 0.95369672775269 0
		endloop
	endfacet
	facet normal -0.19509648347547 0.98078405479265 0
		outer loop
			vertex 14.962340354919 0.95061498880386 0.19799999892712
			vertex 14.977832794189 0.95369672775269 0
			vertex 14.962340354919 0.95061498880386 0
		endloop
	endfacet
	facet normal -0.55557936535473 0.83146351019876 0
		outer loop
			vertex 14.977832794189 0.95369672775269 0.19799999892712
			vertex 14.990966796875 0.96247279644012 0
			vertex 14.977832794189 0.95369672775269 0
		endloop
	endfacet
	facet normal -0.9807904009526 0.19506457751019 0
		outer loop
			vertex 14.999743461609 0.97560703754425 0.19799999892712
			vertex 15.002824783325 0.99110001325607 0
			vertex 14.999743461609 0.97560703754425 0
		endloop
	endfacet
	facet normal -0.83145073852668 0.55559847858273 0
		outer loop
			vertex 14.990966796875 0.96247279644012 0.19799999892712
			vertex 14.999743461609 0.97560703754425 0
			vertex 14.990966796875 0.96247279644012 0
		endloop
	endfacet
	facet normal 0.55556824672696 0.83147093949742 0
		outer loop
			vertex 14.940314292908 0.95806169509888 0.19799999892712
			vertex 14.946846961975 0.95369672775269 0.19799999892712
			vertex 14.946846961975 0.95369672775269 0
		endloop
	endfacet
	facet normal 0.19508493163156 0.98078635260199 0
		outer loop
			vertex 14.946846961975 0.95369672775269 0.19799999892712
			vertex 14.962340354919 0.95061498880386 0.19799999892712
			vertex 14.962340354919 0.95061498880386 0
		endloop
	endfacet
	facet normal -0.19509648347547 0.98078405479265 0
		outer loop
			vertex 14.962340354919 0.95061498880386 0.19799999892712
			vertex 14.977832794189 0.95369672775269 0.19799999892712
			vertex 14.977832794189 0.95369672775269 0
		endloop
	endfacet
	facet normal -0.55557936535473 0.83146351019876 0
		outer loop
			vertex 14.990966796875 0.96247279644012 0.19799999892712
			vertex 14.990966796875 0.96247279644012 0
			vertex 14.977832794189 0.95369672775269 0.19799999892712
		endloop
	endfacet
	facet normal -0.83145073852668 0.55559847858273 0
		outer loop
			vertex 14.999743461609 0.97560703754425 0.19799999892712
			vertex 14.999743461609 0.97560703754425 0
			vertex 14.990966796875 0.96247279644012 0.19799999892712
		endloop
	endfacet
	facet normal -0.9807904009526 0.19506457751019 0
		outer loop
			vertex 15.002824783325 0.99110001325607 0.19799999892712
			vertex 15.002824783325 0.99110001325607 0
			vertex 14.999743461609 0.97560703754425 0.19799999892712
		endloop
	endfacet
	facet normal 0 -0 -1
		outer loop
			vertex 14.944677352905 0.96460568904877 0.19799999892712
			vertex 14.946846961975 0.95369672775269 0.19799999892712
			vertex 14.940314292908 0.95806169509888 0.19799999892712
		endloop
	endfacet
	facet normal 0 0 -1
		outer loop
			vertex 14.944677352905 0.96460568904877 0.19799999892712
			vertex 14.962340354919 0.95061498880386 0.19799999892712
			vertex 14.946846961975 0.95369672775269 0.19799999892712
		endloop
	endfacet
	facet normal 0 0 -1
		outer loop
			vertex 14.944677352905 0.96460568904877 0.19799999892712
			vertex 14.977832794189 0.95369672775269 0.19799999892712
			vertex 14.962340354919 0.95061498880386 0.19799999892712
		endloop
	endfacet
	facet normal 0 0 -1
		outer loop
			vertex 14.944677352905 0.96460568904877 0.19799999892712
			vertex 14.990966796875 0.96247279644012 0.19799999892712
			vertex 14.977832794189 0.95369672775269 0.19799999892712
		endloop
	endfacet
	facet normal 0 -0 -1
		outer loop
			vertex 14.962340354919 0.99110001325607 0.19799999892712
			vertex 15.002824783325 0.99110001325607 0.19799999892712
			vertex 14.944677352905 0.96460568904877 0.19799999892712
		endloop
	endfacet
	facet normal 0 0 -1
		outer loop
			vertex 14.944677352905 0.96460568904877 0.19799999892712
			vertex 15.002824783325 0.99110001325607 0.19799999892712
			vertex 14.990966796875 0.96247279644012 0.19799999892712
		endloop
	endfacet
	facet normal 0 0 -1
		outer loop
			vertex 15.002824783325 0.99110001325607 0.19799999892712
			vertex 14.999743461609 0.97560703754425 0.19799999892712
			vertex 14.990966796875 0.96247279644012 0.19799999892712
		endloop
	endfacet
	facet normal 0 1 0
		outer loop
			vertex 14.800399780273 1.4904149770737 0.19799999892712
			vertex 14.921854972839 1.4904149770737 0
			vertex 14.800399780273 1.4904149770737 0
		endloop
	endfacet
	facet normal 0 -1 -0
		outer loop
			vertex 15.124279975891 1.5713850259781 0.19799999892712
			vertex 14.800399780273 1.5713850259781 0
			vertex 15.124279975891 1.5713850259781 0
		endloop
	endfacet
	facet normal -0 1 0
		outer loop
			vertex 14.800399780273 1.4904149770737 0.19799999892712
			vertex 14.921854972839 1.4904149770737 0.19799999892712
			vertex 14.921854972839 1.4904149770737 0
		endloop
	endfacet
	facet normal 0 -1 0
		outer loop
			vertex 14.800399780273 1.5713850259781 0.19799999892712
			vertex 14.800399780273 1.5713850259781 0
			vertex 15.124279975891 1.5713850259781 0.19799999892712
		endloop
	endfacet
	facet normal 0 1 0
		outer loop
			vertex 15.002824783325 1.4904149770737 0.19799999892712
			vertex 15.124279975891 1.4904149770737 0
			vertex 15.002824783325 1.4904149770737 0
		endloop
	endfacet
	facet normal -0 1 0
		outer loop
			vertex 15.002824783325 1.4904149770737 0.19799999892712
			vertex 15.124279975891 1.4904149770737 0.19799999892712
			vertex 15.124279975891 1.4904149770737 0
		endloop
	endfacet
	facet normal 0 0 -1
		outer loop
			vertex 14.800399780273 1.5713850259781 0.19799999892712
			vertex 14.921854972839 1.4904149770737 0.19799999892712
			vertex 14.800399780273 1.4904149770737 0.19799999892712
		endloop
	endfacet
	facet normal 0 0 -1
		outer loop
			vertex 14.800399780273 1.5713850259781 0.19799999892712
			vertex 14.927927970886 1.4904149770737 0.19799999892712
			vertex 14.921854972839 1.4904149770737 0.19799999892712
		endloop
	endfacet
	facet normal 0 0 -1
		outer loop
			vertex 14.800399780273 1.5713850259781 0.19799999892712
			vertex 15.002824783325 1.4904149770737 0.19799999892712
			vertex 14.927927970886 1.4904149770737 0.19799999892712
		endloop
	endfacet
	facet normal 0 0 -1
		outer loop
			vertex 14.800399780273 1.5713850259781 0.19799999892712
			vertex 15.124279975891 1.4904149770737 0.19799999892712
			vertex 15.002824783325 1.4904149770737 0.19799999892712
		endloop
	endfacet
	facet normal 0 0 -1
		outer loop
			vertex 14.800399780273 1.5713850259781 0.19799999892712
			vertex 15.124279975891 1.5713850259781 0.19799999892712
			vertex 15.124279975891 1.4904149770737 0.19799999892712
		endloop
	endfacet
	facet normal 0.19510011325304 0.98078333275431 0
		outer loop
			vertex 14.784907341003 1.4934967756271 0.19799999892712
			vertex 14.800399780273 1.4904149770737 0
			vertex 14.784907341003 1.4934967756271 0
		endloop
	endfacet
	facet normal 0.83148095638576 0.55555325502405 0
		outer loop
			vertex 14.762996673584 1.5154070854187 0.19799999892712
			vertex 14.771772384644 1.5022727251053 0
			vertex 14.762996673584 1.5154070854187 0
		endloop
	endfacet
	facet normal 0.55554626001307 0.83148563005352 0
		outer loop
			vertex 14.771772384644 1.5022727251053 0.19799999892712
			vertex 14.784907341003 1.4934967756271 0
			vertex 14.771772384644 1.5022727251053 0
		endloop
	endfacet
	facet normal 0.98079025737698 0.19506529941122 0
		outer loop
			vertex 14.759915351868 1.5309000015259 0.19799999892712
			vertex 14.762996673584 1.5154070854187 0
			vertex 14.759915351868 1.5309000015259 0
		endloop
	endfacet
	facet normal 0.98079025737698 -0.19506529941122 0
		outer loop
			vertex 14.762996673584 1.5463929176331 0.19799999892712
			vertex 14.759915351868 1.5309000015259 0
			vertex 14.762996673584 1.5463929176331 0
		endloop
	endfacet
	facet normal 0.83147862717407 -0.55555674107396 0
		outer loop
			vertex 14.771772384644 1.5595271587372 0.19799999892712
			vertex 14.762996673584 1.5463929176331 0
			vertex 14.771772384644 1.5595271587372 0
		endloop
	endfacet
	facet normal 0.55555147727905 -0.83148214418174 0
		outer loop
			vertex 14.784907341003 1.5683032274246 0.19799999892712
			vertex 14.771772384644 1.5595271587372 0
			vertex 14.784907341003 1.5683032274246 0
		endloop
	endfacet
	facet normal 0.19510011325304 -0.98078333275431 0
		outer loop
			vertex 14.800399780273 1.5713850259781 0.19799999892712
			vertex 14.784907341003 1.5683032274246 0
			vertex 14.800399780273 1.5713850259781 0
		endloop
	endfacet
	facet normal 0.55554626001307 0.83148563005352 0
		outer loop
			vertex 14.771772384644 1.5022727251053 0.19799999892712
			vertex 14.784907341003 1.4934967756271 0.19799999892712
			vertex 14.784907341003 1.4934967756271 0
		endloop
	endfacet
	facet normal 0.19510011325304 0.98078333275431 0
		outer loop
			vertex 14.784907341003 1.4934967756271 0.19799999892712
			vertex 14.800399780273 1.4904149770737 0.19799999892712
			vertex 14.800399780273 1.4904149770737 0
		endloop
	endfacet
	facet normal 0.83148095638576 0.55555325502405 0
		outer loop
			vertex 14.762996673584 1.5154070854187 0.19799999892712
			vertex 14.771772384644 1.5022727251053 0.19799999892712
			vertex 14.771772384644 1.5022727251053 0
		endloop
	endfacet
	facet normal 0.98079025737698 -0.19506529941122 0
		outer loop
			vertex 14.762996673584 1.5463929176331 0.19799999892712
			vertex 14.759915351868 1.5309000015259 0.19799999892712
			vertex 14.759915351868 1.5309000015259 0
		endloop
	endfacet
	facet normal 0.98079025737698 0.19506529941122 0
		outer loop
			vertex 14.759915351868 1.5309000015259 0.19799999892712
			vertex 14.762996673584 1.5154070854187 0.19799999892712
			vertex 14.762996673584 1.5154070854187 0
		endloop
	endfacet
	facet normal 0.83147862717407 -0.55555674107396 0
		outer loop
			vertex 14.771772384644 1.5595271587372 0.19799999892712
			vertex 14.762996673584 1.5463929176331 0.19799999892712
			vertex 14.762996673584 1.5463929176331 0
		endloop
	endfacet
	facet normal 0.55555147727905 -0.83148214418174 0
		outer loop
			vertex 14.771772384644 1.5595271587372 0.19799999892712
			vertex 14.771772384644 1.5595271587372 0
			vertex 14.784907341003 1.5683032274246 0.19799999892712
		endloop
	endfacet
	facet normal 0.19510011325304 -0.98078333275431 0
		outer loop
			vertex 14.784907341003 1.5683032274246 0.19799999892712
			vertex 14.784907341003 1.5683032274246 0
			vertex 14.800399780273 1.5713850259781 0.19799999892712
		endloop
	endfacet
	facet normal 0 -0 -1
		outer loop
			vertex 14.762996673584 1.5463929176331 0.19799999892712
			vertex 14.762996673584 1.5154070854187 0.19799999892712
			vertex 14.759915351868 1.5309000015259 0.19799999892712
		endloop
	endfacet
	facet normal 0 0 -1
		outer loop
			vertex 14.762996673584 1.5463929176331 0.19799999892712
			vertex 14.771772384644 1.5022727251053 0.19799999892712
			vertex 14.762996673584 1.5154070854187 0.19799999892712
		endloop
	endfacet
	facet normal 0 -0 -1
		outer loop
			vertex 14.771772384644 1.5595271587372 0.19799999892712
			vertex 14.771772384644 1.5022727251053 0.19799999892712
			vertex 14.762996673584 1.5463929176331 0.19799999892712
		endloop
	endfacet
	facet normal 0 0 -1
		outer loop
			vertex 14.771772384644 1.5595271587372 0.19799999892712
			vertex 14.784907341003 1.4934967756271 0.19799999892712
			vertex 14.771772384644 1.5022727251053 0.19799999892712
		endloop
	endfacet
	facet normal 0 0 -1
		outer loop
			vertex 14.784907341003 1.5683032274246 0.19799999892712
			vertex 14.800399780273 1.4904149770737 0.19799999892712
			vertex 14.784907341003 1.4934967756271 0.19799999892712
		endloop
	endfacet
	facet normal 0 0 -1
		outer loop
			vertex 14.771772384644 1.5595271587372 0.19799999892712
			vertex 14.784907341003 1.5683032274246 0.19799999892712
			vertex 14.784907341003 1.4934967756271 0.19799999892712
		endloop
	endfacet
	facet normal 0 0 -1
		outer loop
			vertex 14.784907341003 1.5683032274246 0.19799999892712
			vertex 14.800399780273 1.5713850259781 0.19799999892712
			vertex 14.800399780273 1.4904149770737 0.19799999892712
		endloop
	endfacet
	facet normal -0.19508856121121 0.98078563064746 0
		outer loop
			vertex 15.124279975891 1.4904149770737 0.19799999892712
			vertex 15.139773368835 1.4934967756271 0
			vertex 15.124279975891 1.4904149770737 0
		endloop
	endfacet
	facet normal -0.55557414806069 0.83146699634239 0
		outer loop
			vertex 15.139773368835 1.4934967756271 0.19799999892712
			vertex 15.152907371521 1.5022727251053 0
			vertex 15.139773368835 1.4934967756271 0
		endloop
	endfacet
	facet normal -0.83148095638576 0.55555325502405 0
		outer loop
			vertex 15.152907371521 1.5022727251053 0.19799999892712
			vertex 15.161683082581 1.5154070854187 0
			vertex 15.152907371521 1.5022727251053 0
		endloop
	endfacet
	facet normal -0.98077870533518 -0.19512337420475 -0
		outer loop
			vertex 15.164765357971 1.5309000015259 0.19799999892712
			vertex 15.161683082581 1.5463929176331 0
			vertex 15.164765357971 1.5309000015259 0
		endloop
	endfacet
	facet normal -0.98077870533518 0.19512337420475 0
		outer loop
			vertex 15.161683082581 1.5154070854187 0.19799999892712
			vertex 15.164765357971 1.5309000015259 0
			vertex 15.161683082581 1.5154070854187 0
		endloop
	endfacet
	facet normal -0.19508856121121 -0.98078563064746 -0
		outer loop
			vertex 15.139773368835 1.5683032274246 0.19799999892712
			vertex 15.124279975891 1.5713850259781 0
			vertex 15.139773368835 1.5683032274246 0
		endloop
	endfacet
	facet normal -0.55557936535473 -0.83146351019876 -0
		outer loop
			vertex 15.152907371521 1.5595271587372 0.19799999892712
			vertex 15.139773368835 1.5683032274246 0
			vertex 15.152907371521 1.5595271587372 0
		endloop
	endfacet
	facet normal -0.83147862717407 -0.55555674107396 -0
		outer loop
			vertex 15.161683082581 1.5463929176331 0.19799999892712
			vertex 15.152907371521 1.5595271587372 0
			vertex 15.161683082581 1.5463929176331 0
		endloop
	endfacet
	facet normal -0.19508856121121 -0.98078563064746 -0
		outer loop
			vertex 15.124279975891 1.5713850259781 0.19799999892712
			vertex 15.124279975891 1.5713850259781 0
			vertex 15.139773368835 1.5683032274246 0.19799999892712
		endloop
	endfacet
	facet normal -0.19508856121121 0.98078563064746 0
		outer loop
			vertex 15.124279975891 1.4904149770737 0.19799999892712
			vertex 15.139773368835 1.4934967756271 0.19799999892712
			vertex 15.139773368835 1.4934967756271 0
		endloop
	endfacet
	facet normal -0.55557414806069 0.83146699634239 0
		outer loop
			vertex 15.152907371521 1.5022727251053 0.19799999892712
			vertex 15.152907371521 1.5022727251053 0
			vertex 15.139773368835 1.4934967756271 0.19799999892712
		endloop
	endfacet
	facet normal -0.83148095638576 0.55555325502405 0
		outer loop
			vertex 15.161683082581 1.5154070854187 0.19799999892712
			vertex 15.161683082581 1.5154070854187 0
			vertex 15.152907371521 1.5022727251053 0.19799999892712
		endloop
	endfacet
	facet normal -0.98077870533518 0.19512337420475 0
		outer loop
			vertex 15.164765357971 1.5309000015259 0.19799999892712
			vertex 15.164765357971 1.5309000015259 0
			vertex 15.161683082581 1.5154070854187 0.19799999892712
		endloop
	endfacet
	facet normal -0.83147862717407 -0.55555674107396 -0
		outer loop
			vertex 15.152907371521 1.5595271587372 0.19799999892712
			vertex 15.152907371521 1.5595271587372 0
			vertex 15.161683082581 1.5463929176331 0.19799999892712
		endloop
	endfacet
	facet normal -0.55557936535473 -0.83146351019876 -0
		outer loop
			vertex 15.139773368835 1.5683032274246 0.19799999892712
			vertex 15.139773368835 1.5683032274246 0
			vertex 15.152907371521 1.5595271587372 0.19799999892712
		endloop
	endfacet
	facet normal -0.98077870533518 -0.19512337420475 -0
		outer loop
			vertex 15.161683082581 1.5463929176331 0.19799999892712
			vertex 15.161683082581 1.5463929176331 0
			vertex 15.164765357971 1.5309000015259 0.19799999892712
		endloop
	endfacet
	facet normal 0 0 -1
		outer loop
			vertex 15.124279975891 1.5713850259781 0.19799999892712
			vertex 15.139773368835 1.4934967756271 0.19799999892712
			vertex 15.124279975891 1.4904149770737 0.19799999892712
		endloop
	endfacet
	facet normal 0 0 -1
		outer loop
			vertex 15.139773368835 1.5683032274246 0.19799999892712
			vertex 15.152907371521 1.5022727251053 0.19799999892712
			vertex 15.139773368835 1.4934967756271 0.19799999892712
		endloop
	endfacet
	facet normal 0 0 -1
		outer loop
			vertex 15.152907371521 1.5595271587372 0.19799999892712
			vertex 15.161683082581 1.5154070854187 0.19799999892712
			vertex 15.152907371521 1.5022727251053 0.19799999892712
		endloop
	endfacet
	facet normal 0 0 -1
		outer loop
			vertex 15.161683082581 1.5463929176331 0.19799999892712
			vertex 15.164765357971 1.5309000015259 0.19799999892712
			vertex 15.161683082581 1.5154070854187 0.19799999892712
		endloop
	endfacet
	facet normal 0 0 -1
		outer loop
			vertex 15.124279975891 1.5713850259781 0.19799999892712
			vertex 15.139773368835 1.5683032274246 0.19799999892712
			vertex 15.139773368835 1.4934967756271 0.19799999892712
		endloop
	endfacet
	facet normal 0 0 -1
		outer loop
			vertex 15.139773368835 1.5683032274246 0.19799999892712
			vertex 15.152907371521 1.5595271587372 0.19799999892712
			vertex 15.152907371521 1.5022727251053 0.19799999892712
		endloop
	endfacet
	facet normal 0 0 -1
		outer loop
			vertex 15.152907371521 1.5595271587372 0.19799999892712
			vertex 15.161683082581 1.5463929176331 0.19799999892712
			vertex 15.161683082581 1.5154070854187 0.19799999892712
		endloop
	endfacet
	facet normal -1 0 0
		outer loop
			vertex 16.959999084473 0 0.15600000321865
			vertex 16.959999084473 0.946153819561 0.11999999731779
			vertex 16.959999084473 0 0
		endloop
	endfacet
	facet normal -1 0 0
		outer loop
			vertex 16.959999084473 0.946153819561 0.11999999731779
			vertex 16.959999084473 0 0.15600000321865
			vertex 16.959999084473 4.0999999046326 0.15600000321865
		endloop
	endfacet
	facet normal -1 0 0
		outer loop
			vertex 16.959999084473 4.0999999046326 0
			vertex 16.959999084473 0.946153819561 0.11999999731779
			vertex 16.959999084473 4.0999999046326 0.15600000321865
		endloop
	endfacet
	facet normal -0 1 0
		outer loop
			vertex 16.959999084473 4.0999999046326 0.15600000321865
			vertex 17.479999542236 4.0999999046326 0.51999998092651
			vertex 16.959999084473 4.0999999046326 0
		endloop
	endfacet
	facet normal 0.49999992656373 -0.86602544618288 0
		outer loop
			vertex 24.061408996582 4.0999999046326 0
			vertex 17.479999542236 0.30022212862968 0.51999998092651
			vertex 17.479999542236 0.30022212862968 0
		endloop
	endfacet
	facet normal -0 0 -1
		outer loop
			vertex 24.061408996582 4.0999999046326 0
			vertex 17.479999542236 0.30022212862968 0
			vertex 17.479999542236 4.0999999046326 0
		endloop
	endfacet
	facet normal 0 1 0
		outer loop
			vertex 16.959999084473 4.0999999046326 0
			vertex 24.061408996582 4.0999999046326 0.51999998092651
			vertex 17.479999542236 4.0999999046326 0
		endloop
	endfacet
	facet normal 0 1 0
		outer loop
			vertex 24.061408996582 4.0999999046326 0.51999998092651
			vertex 24.061408996582 4.0999999046326 0
			vertex 17.479999542236 4.0999999046326 0
		endloop
	endfacet
	facet normal 0 1 0
		outer loop
			vertex 16.959999084473 4.0999999046326 0
			vertex 17.479999542236 4.0999999046326 0.51999998092651
			vertex 24.061408996582 4.0999999046326 0.51999998092651
		endloop
	endfacet
	facet normal 0.49999992656373 -0.86602544618288 0
		outer loop
			vertex 24.061408996582 4.0999999046326 0.51999998092651
			vertex 17.479999542236 0.30022212862968 0.51999998092651
			vertex 24.061408996582 4.0999999046326 0
		endloop
	endfacet
	facet normal 0 1 0
		outer loop
			vertex 16.959999084473 4.0999999046326 0.15600000321865
			vertex 16.959999084473 4.0999999046326 0.51999998092651
			vertex 17.479999542236 4.0999999046326 0.51999998092651
		endloop
	endfacet
	facet normal 0 0 1
		outer loop
			vertex 24.061408996582 4.0999999046326 0.51999998092651
			vertex 17.479999542236 4.0999999046326 0.51999998092651
			vertex 17.479999542236 0.30022212862968 0.51999998092651
		endloop
	endfacet
	facet normal 0 0 -1
		outer loop
			vertex 16.959999084473 0 0
			vertex 16.959999084473 4.0999999046326 0
			vertex 17.479999542236 0 0
		endloop
	endfacet
	facet normal -1 0 0
		outer loop
			vertex 16.959999084473 0 0
			vertex 16.959999084473 0.946153819561 0.11999999731779
			vertex 16.959999084473 4.0999999046326 0
		endloop
	endfacet
	facet normal 0 0 -1
		outer loop
			vertex 17.479999542236 0 0
			vertex 16.959999084473 4.0999999046326 0
			vertex 17.479999542236 0.30022212862968 0
		endloop
	endfacet
	facet normal 1 0 0
		outer loop
			vertex 17.479999542236 0 0
			vertex 17.479999542236 0.30022212862968 0
			vertex 17.479999542236 0.30022212862968 0.51999998092651
		endloop
	endfacet
	facet normal 0 0 -1
		outer loop
			vertex 16.959999084473 4.0999999046326 0
			vertex 17.479999542236 4.0999999046326 0
			vertex 17.479999542236 0.30022212862968 0
		endloop
	endfacet
	facet normal 0 -1 -0
		outer loop
			vertex 17.479999542236 0 0.77999997138977
			vertex 16.959999084473 0 0
			vertex 17.479999542236 0 0
		endloop
	endfacet
	facet normal 0 -1 0
		outer loop
			vertex 16.959999084473 0 0.15600000321865
			vertex 16.959999084473 0 0
			vertex 17.479999542236 0 0.77999997138977
		endloop
	endfacet
	facet normal 1 0 0
		outer loop
			vertex 17.479999542236 0 0.77999997138977
			vertex 17.479999542236 0 0
			vertex 17.479999542236 0.30022212862968 0.51999998092651
		endloop
	endfacet
	facet normal 0 -1 0
		outer loop
			vertex 16.959999084473 0 0.15600000321865
			vertex 17.479999542236 0 0.77999997138977
			vertex 16.959999084473 0 0.51999998092651
		endloop
	endfacet
	facet normal 0 -1 0
		outer loop
			vertex 16.959999084473 0 0.6240000128746
			vertex 16.959999084473 0 0.51999998092651
			vertex 17.479999542236 0 0.77999997138977
		endloop
	endfacet
	facet normal 1 0 0
		outer loop
			vertex 17.479999542236 0 0.77999997138977
			vertex 17.479999542236 0.30022212862968 0.51999998092651
			vertex 17.479999542236 4.0999999046326 0.51999998092651
		endloop
	endfacet
	facet normal -1 0 0
		outer loop
			vertex 16.959999084473 0 0.77999997138977
			vertex 16.959999084473 4.0999999046326 0.6240000128746
			vertex 16.959999084473 0 0.6240000128746
		endloop
	endfacet
	facet normal 0 -1 0
		outer loop
			vertex 16.959999084473 0 0.77999997138977
			vertex 16.959999084473 0 0.6240000128746
			vertex 17.479999542236 0 0.77999997138977
		endloop
	endfacet
	facet normal 0 0 1
		outer loop
			vertex 16.959999084473 0 0.77999997138977
			vertex 17.479999542236 0 0.77999997138977
			vertex 17.479999542236 4.0999999046326 0.77999997138977
		endloop
	endfacet
	facet normal 0 1 0
		outer loop
			vertex 17.479999542236 4.0999999046326 0.77999997138977
			vertex 17.479999542236 4.0999999046326 0.51999998092651
			vertex 16.959999084473 4.0999999046326 0.51999998092651
		endloop
	endfacet
	facet normal 0 1 0
		outer loop
			vertex 17.479999542236 4.0999999046326 0.77999997138977
			vertex 16.959999084473 4.0999999046326 0.51999998092651
			vertex 16.959999084473 4.0999999046326 0.6240000128746
		endloop
	endfacet
	facet normal -1 0 0
		outer loop
			vertex 16.959999084473 0 0.77999997138977
			vertex 16.959999084473 4.0999999046326 0.77999997138977
			vertex 16.959999084473 4.0999999046326 0.6240000128746
		endloop
	endfacet
	facet normal 1 -0 0
		outer loop
			vertex 17.479999542236 0 0.77999997138977
			vertex 17.479999542236 4.0999999046326 0.51999998092651
			vertex 17.479999542236 4.0999999046326 0.77999997138977
		endloop
	endfacet
	facet normal 0 0 1
		outer loop
			vertex 16.959999084473 0 0.77999997138977
			vertex 17.479999542236 4.0999999046326 0.77999997138977
			vertex 16.959999084473 4.0999999046326 0.77999997138977
		endloop
	endfacet
	facet normal -0 1 0
		outer loop
			vertex 16.959999084473 4.0999999046326 0.77999997138977
			vertex 17.479999542236 4.0999999046326 0.77999997138977
			vertex 16.959999084473 4.0999999046326 0.6240000128746
		endloop
	endfacet
	facet normal 0.51449820544839 0 -0.85749145569527
		outer loop
			vertex 16.700000762939 0 8.8817841970013e-16
			vertex 16.959999084473 4.0999999046326 0.15600000321865
			vertex 16.959999084473 0 0.15600000321865
		endloop
	endfacet
	facet normal 0.51449820544839 0 -0.85749145569527
		outer loop
			vertex 16.700000762939 0 8.8817841970013e-16
			vertex 16.700000762939 4.0999999046326 8.8817841970013e-16
			vertex 16.959999084473 4.0999999046326 0.15600000321865
		endloop
	endfacet
	facet normal -1 0 0
		outer loop
			vertex 16.700000762939 0 0.77999997138977
			vertex 16.700000762939 4.0999999046326 8.8817841970013e-16
			vertex 16.700000762939 0 8.8817841970013e-16
		endloop
	endfacet
	facet normal 0 -1 0
		outer loop
			vertex 16.700000762939 0 0.77999997138977
			vertex 16.700000762939 0 8.8817841970013e-16
			vertex 16.959999084473 0 0.15600000321865
		endloop
	endfacet
	facet normal 0 1 0
		outer loop
			vertex 16.700000762939 4.0999999046326 0.77999997138977
			vertex 16.959999084473 4.0999999046326 0.15600000321865
			vertex 16.700000762939 4.0999999046326 8.8817841970013e-16
		endloop
	endfacet
	facet normal 0 -1 0
		outer loop
			vertex 16.700000762939 0 0.77999997138977
			vertex 16.959999084473 0 0.15600000321865
			vertex 16.959999084473 0 0.51999998092651
		endloop
	endfacet
	facet normal 0 1 0
		outer loop
			vertex 16.700000762939 4.0999999046326 0.77999997138977
			vertex 16.959999084473 4.0999999046326 0.51999998092651
			vertex 16.959999084473 4.0999999046326 0.15600000321865
		endloop
	endfacet
	facet normal -1 0 0
		outer loop
			vertex 16.700000762939 0 0.77999997138977
			vertex 16.700000762939 4.0999999046326 0.77999997138977
			vertex 16.700000762939 4.0999999046326 8.8817841970013e-16
		endloop
	endfacet
	facet normal 0 -1 0
		outer loop
			vertex 16.700000762939 0 0.77999997138977
			vertex 16.959999084473 0 0.51999998092651
			vertex 16.959999084473 0 0.6240000128746
		endloop
	endfacet
	facet normal 0.51449809704066 -0 0.85749152074032
		outer loop
			vertex 16.700000762939 0 0.77999997138977
			vertex 16.959999084473 0 0.6240000128746
			vertex 16.700000762939 4.0999999046326 0.77999997138977
		endloop
	endfacet
	facet normal 0.51449809704066 -0 0.85749152074032
		outer loop
			vertex 16.959999084473 0 0.6240000128746
			vertex 16.959999084473 4.0999999046326 0.6240000128746
			vertex 16.700000762939 4.0999999046326 0.77999997138977
		endloop
	endfacet
	facet normal 0 1 0
		outer loop
			vertex 16.700000762939 4.0999999046326 0.77999997138977
			vertex 16.959999084473 4.0999999046326 0.6240000128746
			vertex 16.959999084473 4.0999999046326 0.51999998092651
		endloop
	endfacet
	facet normal 0 -1 0
		outer loop
			vertex 16.959999084473 4.4000000953674 0.15600000321865
			vertex 16.959999084473 4.4000000953674 0
			vertex 17.479999542236 4.4000000953674 0.51999998092651
		endloop
	endfacet
	facet normal -1 0 0
		outer loop
			vertex 16.959999084473 4.4000000953674 0
			vertex 16.959999084473 4.4000000953674 0.15600000321865
			vertex 16.959999084473 7.5538463592529 0.11999999731779
		endloop
	endfacet
	facet normal -1 0 0
		outer loop
			vertex 16.959999084473 7.5538463592529 0.11999999731779
			vertex 16.959999084473 4.4000000953674 0.15600000321865
			vertex 16.959999084473 8.5 0.15600000321865
		endloop
	endfacet
	facet normal -1 0 -0
		outer loop
			vertex 16.959999084473 8.5 0.15600000321865
			vertex 16.959999084473 8.5 0
			vertex 16.959999084473 7.5538463592529 0.11999999731779
		endloop
	endfacet
	facet normal 0 -1 0
		outer loop
			vertex 16.959999084473 4.4000000953674 0
			vertex 17.479999542236 4.4000000953674 0
			vertex 24.061408996582 4.4000000953674 0.51999998092651
		endloop
	endfacet
	facet normal 0 -1 -0
		outer loop
			vertex 24.061408996582 4.4000000953674 0.51999998092651
			vertex 17.479999542236 4.4000000953674 0
			vertex 24.061408996582 4.4000000953674 0
		endloop
	endfacet
	facet normal 0 -1 0
		outer loop
			vertex 16.959999084473 4.4000000953674 0
			vertex 24.061408996582 4.4000000953674 0.51999998092651
			vertex 17.479999542236 4.4000000953674 0.51999998092651
		endloop
	endfacet
	facet normal 0 0 -1
		outer loop
			vertex 24.061408996582 4.4000000953674 0
			vertex 17.479999542236 4.4000000953674 0
			vertex 17.479999542236 8.1997776031494 0
		endloop
	endfacet
	facet normal 0.49999990009302 0.86602546146575 0
		outer loop
			vertex 24.061408996582 4.4000000953674 0
			vertex 17.479999542236 8.1997776031494 0
			vertex 17.479999542236 8.1997776031494 0.51999998092651
		endloop
	endfacet
	facet normal 0.49999990009302 0.86602546146575 0
		outer loop
			vertex 24.061408996582 4.4000000953674 0.51999998092651
			vertex 24.061408996582 4.4000000953674 0
			vertex 17.479999542236 8.1997776031494 0.51999998092651
		endloop
	endfacet
	facet normal 0 -1 0
		outer loop
			vertex 16.959999084473 4.4000000953674 0.15600000321865
			vertex 17.479999542236 4.4000000953674 0.51999998092651
			vertex 16.959999084473 4.4000000953674 0.51999998092651
		endloop
	endfacet
	facet normal 0 0 1
		outer loop
			vertex 24.061408996582 4.4000000953674 0.51999998092651
			vertex 17.479999542236 8.1997776031494 0.51999998092651
			vertex 17.479999542236 4.4000000953674 0.51999998092651
		endloop
	endfacet
	facet normal 0 0 -1
		outer loop
			vertex 16.959999084473 4.4000000953674 0
			vertex 17.479999542236 8.1997776031494 0
			vertex 17.479999542236 4.4000000953674 0
		endloop
	endfacet
	facet normal -1 0 0
		outer loop
			vertex 16.959999084473 8.5 0
			vertex 16.959999084473 4.4000000953674 0
			vertex 16.959999084473 7.5538463592529 0.11999999731779
		endloop
	endfacet
	facet normal 0 0 -1
		outer loop
			vertex 16.959999084473 8.5 0
			vertex 17.479999542236 8.5 0
			vertex 16.959999084473 4.4000000953674 0
		endloop
	endfacet
	facet normal 0 -0 -1
		outer loop
			vertex 17.479999542236 8.5 0
			vertex 17.479999542236 8.1997776031494 0
			vertex 16.959999084473 4.4000000953674 0
		endloop
	endfacet
	facet normal 1 0 0
		outer loop
			vertex 17.479999542236 8.5 0
			vertex 17.479999542236 8.1997776031494 0.51999998092651
			vertex 17.479999542236 8.1997776031494 0
		endloop
	endfacet
	facet normal 0 1 0
		outer loop
			vertex 17.479999542236 8.5 0.77999997138977
			vertex 17.479999542236 8.5 0
			vertex 16.959999084473 8.5 0
		endloop
	endfacet
	facet normal -0 1 0
		outer loop
			vertex 16.959999084473 8.5 0.15600000321865
			vertex 17.479999542236 8.5 0.77999997138977
			vertex 16.959999084473 8.5 0
		endloop
	endfacet
	facet normal 0 -1 -0
		outer loop
			vertex 17.479999542236 4.4000000953674 0.77999997138977
			vertex 16.959999084473 4.4000000953674 0.51999998092651
			vertex 17.479999542236 4.4000000953674 0.51999998092651
		endloop
	endfacet
	facet normal 0 -1 0
		outer loop
			vertex 17.479999542236 4.4000000953674 0.77999997138977
			vertex 16.959999084473 4.4000000953674 0.6240000128746
			vertex 16.959999084473 4.4000000953674 0.51999998092651
		endloop
	endfacet
	facet normal 0 -1 0
		outer loop
			vertex 16.959999084473 4.4000000953674 0.77999997138977
			vertex 16.959999084473 4.4000000953674 0.6240000128746
			vertex 17.479999542236 4.4000000953674 0.77999997138977
		endloop
	endfacet
	facet normal 1 0 0
		outer loop
			vertex 17.479999542236 8.5 0.77999997138977
			vertex 17.479999542236 8.1997776031494 0.51999998092651
			vertex 17.479999542236 8.5 0
		endloop
	endfacet
	facet normal 0 1 0
		outer loop
			vertex 16.959999084473 8.5 0.15600000321865
			vertex 16.959999084473 8.5 0.51999998092651
			vertex 17.479999542236 8.5 0.77999997138977
		endloop
	endfacet
	facet normal 1 0 0
		outer loop
			vertex 17.479999542236 8.5 0.77999997138977
			vertex 17.479999542236 4.4000000953674 0.51999998092651
			vertex 17.479999542236 8.1997776031494 0.51999998092651
		endloop
	endfacet
	facet normal -1 0 -0
		outer loop
			vertex 16.959999084473 8.5 0.77999997138977
			vertex 16.959999084473 8.5 0.6240000128746
			vertex 16.959999084473 4.4000000953674 0.6240000128746
		endloop
	endfacet
	facet normal -1 -0 0
		outer loop
			vertex 16.959999084473 8.5 0.77999997138977
			vertex 16.959999084473 4.4000000953674 0.6240000128746
			vertex 16.959999084473 4.4000000953674 0.77999997138977
		endloop
	endfacet
	facet normal 1 0 0
		outer loop
			vertex 17.479999542236 8.5 0.77999997138977
			vertex 17.479999542236 4.4000000953674 0.77999997138977
			vertex 17.479999542236 4.4000000953674 0.51999998092651
		endloop
	endfacet
	facet normal 0 0 1
		outer loop
			vertex 16.959999084473 8.5 0.77999997138977
			vertex 16.959999084473 4.4000000953674 0.77999997138977
			vertex 17.479999542236 4.4000000953674 0.77999997138977
		endloop
	endfacet
	facet normal -0 0 1
		outer loop
			vertex 16.959999084473 8.5 0.77999997138977
			vertex 17.479999542236 4.4000000953674 0.77999997138977
			vertex 17.479999542236 8.5 0.77999997138977
		endloop
	endfacet
	facet normal -0 1 0
		outer loop
			vertex 16.959999084473 8.5 0.6240000128746
			vertex 17.479999542236 8.5 0.77999997138977
			vertex 16.959999084473 8.5 0.51999998092651
		endloop
	endfacet
	facet normal -0 1 0
		outer loop
			vertex 16.959999084473 8.5 0.77999997138977
			vertex 17.479999542236 8.5 0.77999997138977
			vertex 16.959999084473 8.5 0.6240000128746
		endloop
	endfacet
	facet normal 0 -1 0
		outer loop
			vertex 16.700000762939 4.4000000953674 0.77999997138977
			vertex 16.700000762939 4.4000000953674 0
			vertex 16.959999084473 4.4000000953674 0.15600000321865
		endloop
	endfacet
	facet normal 0.51449820544839 0 -0.85749145569527
		outer loop
			vertex 16.700000762939 8.5 0
			vertex 16.959999084473 4.4000000953674 0.15600000321865
			vertex 16.700000762939 4.4000000953674 0
		endloop
	endfacet
	facet normal 0.51449820544839 0 -0.85749145569527
		outer loop
			vertex 16.700000762939 8.5 0
			vertex 16.959999084473 8.5 0.15600000321865
			vertex 16.959999084473 4.4000000953674 0.15600000321865
		endloop
	endfacet
	facet normal -1 0 -0
		outer loop
			vertex 16.700000762939 8.5 0.77999997138977
			vertex 16.700000762939 8.5 0
			vertex 16.700000762939 4.4000000953674 0
		endloop
	endfacet
	facet normal 0 1 0
		outer loop
			vertex 16.700000762939 8.5 0.77999997138977
			vertex 16.959999084473 8.5 0.15600000321865
			vertex 16.700000762939 8.5 0
		endloop
	endfacet
	facet normal 0 -1 0
		outer loop
			vertex 16.700000762939 4.4000000953674 0.77999997138977
			vertex 16.959999084473 4.4000000953674 0.15600000321865
			vertex 16.959999084473 4.4000000953674 0.51999998092651
		endloop
	endfacet
	facet normal 0 -1 0
		outer loop
			vertex 16.700000762939 4.4000000953674 0.77999997138977
			vertex 16.959999084473 4.4000000953674 0.51999998092651
			vertex 16.959999084473 4.4000000953674 0.6240000128746
		endloop
	endfacet
	facet normal -1 -0 0
		outer loop
			vertex 16.700000762939 8.5 0.77999997138977
			vertex 16.700000762939 4.4000000953674 0
			vertex 16.700000762939 4.4000000953674 0.77999997138977
		endloop
	endfacet
	facet normal 0 1 0
		outer loop
			vertex 16.700000762939 8.5 0.77999997138977
			vertex 16.959999084473 8.5 0.51999998092651
			vertex 16.959999084473 8.5 0.15600000321865
		endloop
	endfacet
	facet normal 0.51449809704066 0 0.85749152074032
		outer loop
			vertex 16.959999084473 8.5 0.6240000128746
			vertex 16.700000762939 4.4000000953674 0.77999997138977
			vertex 16.959999084473 4.4000000953674 0.6240000128746
		endloop
	endfacet
	facet normal 0.51449809704066 0 0.85749152074032
		outer loop
			vertex 16.700000762939 8.5 0.77999997138977
			vertex 16.700000762939 4.4000000953674 0.77999997138977
			vertex 16.959999084473 8.5 0.6240000128746
		endloop
	endfacet
	facet normal 0 1 0
		outer loop
			vertex 16.700000762939 8.5 0.77999997138977
			vertex 16.959999084473 8.5 0.6240000128746
			vertex 16.959999084473 8.5 0.51999998092651
		endloop
	endfacet
endsolid