; generated by PrusaSlicer 2.9.4 on 2026-06-26 at 05:01:29 UTC

; 

; external perimeters extrusion width = 0.45mm
; perimeters extrusion width = 0.45mm
; infill extrusion width = 0.45mm
; solid infill extrusion width = 0.45mm
; top infill extrusion width = 0.40mm
; first layer extrusion width = 0.70mm

;TYPE:Custom
M862.3 P "MK2S" ; printer model check
M862.1 P0.4 ; nozzle diameter check
M115 U3.2.3 ; tell printer latest fw version
G90 ; use absolute coordinates
M83 ; extruder relative mode
M204 S2000 T1500 ; MK2 firmware only supports the old M204 format
M104 S215 ; set extruder temp
M140 S55 ; set bed temp
M190 S55 ; wait for bed temp
M109 S215 ; wait for extruder temp
G28 W ; home all without mesh bed level
G80 ; mesh bed leveling
G1 Z0.2 F720
G1 Y-2 F1000 ; go outside print area
G92 E0
G1 X60 E9 F1000 ; intro line
G1 X100 E12.5 F1000 ; intro line
G92 E0
G21 ; set units to millimeters
G90 ; use absolute coordinates
M82 ; use absolute distances for extrusion
G92 E0
; Filament gcode
M107
;LAYER_CHANGE
;Z:0.35
;HEIGHT:0.35
G1 E-2 F2400
G92 E0
G1 Z.35 F7800
G92 E0
G1 X125 Y147.032
G1 E2 F2400
;TYPE:Perimeter
;WIDTH:0.7
G1 F1800
G1 X124.801 Y146.768 E2.03006
G1 X124.532 Y146.575 E2.06016
G1 X124.171 Y146.427 E2.09564
G1 X123.761 Y146.372 E2.13326
G1 X106.1 Y146.372 E3.73917
G1 X106.1 Y75.374 E10.19498
G1 X143.9 Y75.374 E13.63212
G1 X143.9 Y146.372 E20.08793
G1 X126.131 Y146.372 E21.70366
G1 X125.638 Y146.492 E21.7498
G1 X125.199 Y146.768 E21.79695
G1 X125.036 Y146.984 E21.82156
G1 X125.435 Y147.473 F7800
G1 F1800
G1 X125.394 Y147.527 E21.82773
G1 X125.305 Y148.016 E21.87292
;WIDTH:0.704292
G1 X125.449 Y148.445 E21.91435
G1 X124.582 Y148.445 E21.99373
G1 X124.689 Y148.081 E22.02847
G1 X124.606 Y147.527 E22.07976
;WIDTH:0.7
G1 X124.385 Y147.234 E22.11313
G1 X124.121 Y147.069 E22.14144
G1 X123.761 Y146.997 E22.17482
G1 X105.475 Y146.997 E23.83756
G1 X105.475 Y74.75 E30.40695
G1 X144.525 Y74.75 E33.95775
G1 X144.525 Y146.997 E40.52714
G1 X126.239 Y146.997 E42.18988
G1 X125.946 Y147.044 E42.21686
G1 X125.615 Y147.234 E42.25156
G1 X125.471 Y147.425 E42.27331
G1 X125.98 Y147.777 F7800
;TYPE:External perimeter
G1 F1800
G1 X125.957 Y147.799 E42.2762
G1 X125.927 Y147.961 E42.29118
G1 X125.971 Y148.095 E42.304
G1 X126.557 Y149.072 E42.40759
G1 X123.443 Y149.072 E42.69074
G1 X124.075 Y148.018 E42.80249
G1 X124.043 Y147.799 E42.82262
G1 X123.916 Y147.662 E42.83961
G1 X123.761 Y147.622 E42.85417
G1 X104.85 Y147.622 E44.57374
G1 X104.85 Y74.125 E51.25679
G1 X145.15 Y74.125 E54.92125
G1 X145.15 Y147.622 E61.6043
G1 X126.144 Y147.622 E63.33251
G1 X126.023 Y147.736 E63.34763
G1 X126.004 Y148.136 F7800
G1 E61.34763 F2400
G92 E0
G1 X142.445 Y75.562 F7800
G1 E2 F2400
;TYPE:Solid infill
;WIDTH:0.702077
G1 F1800
G1 X143.432 Y76.548 E2.12728
G1 X143.432 Y77.435 E2.2082
G1 X141.84 Y75.843 E2.4136
G1 X140.953 Y75.843 E2.49452
G1 X143.432 Y78.322 E2.81436
G1 X143.432 Y79.208 E2.89519
G1 X140.066 Y75.843 E3.32941
G1 X139.18 Y75.843 E3.41024
G1 X143.432 Y80.095 E3.95884
G1 X143.432 Y80.982 E4.03976
G1 X138.293 Y75.843 E4.7028
G1 X137.406 Y75.843 E4.78372
G1 X143.432 Y81.868 E5.56114
G1 X143.432 Y82.755 E5.64206
G1 X136.52 Y75.843 E6.53385
G1 X135.633 Y75.843 E6.61477
G1 X143.432 Y83.642 E7.62101
G1 X143.432 Y84.528 E7.70184
G1 X134.746 Y75.843 E8.82245
G1 X133.86 Y75.843 E8.90328
G1 X143.432 Y85.415 E10.13827
G1 X143.432 Y86.302 E10.21919
G1 X132.973 Y75.843 E11.56862
G1 X132.086 Y75.843 E11.64954
G1 X143.432 Y87.188 E13.11335
G1 X143.432 Y88.075 E13.19427
G1 X131.2 Y75.843 E14.77246
G1 X130.313 Y75.843 E14.85338
G1 X143.432 Y88.962 E16.54601
G1 X143.432 Y89.848 E16.62684
G1 X129.426 Y75.843 E18.43385
G1 X128.54 Y75.843 E18.51468
G1 X143.432 Y90.735 E20.43606
G1 X143.432 Y91.622 E20.51698
G1 X127.653 Y75.843 E22.55281
G1 X126.766 Y75.843 E22.63373
G1 X143.432 Y92.508 E24.78393
G1 X143.432 Y93.395 E24.86485
G1 X125.88 Y75.843 E27.12943
G1 X124.993 Y75.843 E27.21035
G1 X143.432 Y94.282 E29.58937
G1 X143.432 Y95.168 E29.6702
G1 X124.106 Y75.843 E32.1636
G1 X123.22 Y75.843 E32.24443
G1 X143.432 Y96.055 E34.85221
G1 X143.432 Y96.942 E34.93313
G1 X122.333 Y75.843 E37.65535
G1 X121.446 Y75.843 E37.73627
G1 X143.432 Y97.828 E40.57287
G1 X143.432 Y98.715 E40.65379
G1 X120.56 Y75.843 E43.60476
G1 X119.673 Y75.843 E43.68568
G1 X143.432 Y99.602 E46.75109
G1 X143.432 Y100.488 E46.83192
G1 X118.786 Y75.843 E50.01171
G1 X117.9 Y75.843 E50.09254
G1 X143.432 Y101.375 E53.38671
G1 X143.432 Y102.262 E53.46763
G1 X117.013 Y75.843 E56.87624
G1 X116.126 Y75.843 E56.95716
G1 X143.432 Y103.148 E60.48015
G1 X143.432 Y104.035 E60.56107
G1 X115.24 Y75.843 E64.19844
G1 X114.353 Y75.843 E64.27936
G1 X143.432 Y104.922 E68.03117
G1 X143.432 Y105.808 E68.112
G1 X113.466 Y75.843 E71.97818
G1 X112.58 Y75.843 E72.05901
G1 X143.432 Y106.695 E76.03957
G1 X143.432 Y107.582 E76.12049
G1 X111.693 Y75.843 E80.21549
G1 X110.806 Y75.843 E80.29641
G1 X143.432 Y108.468 E84.50579
G1 X143.432 Y109.355 E84.58671
G1 X109.92 Y75.843 E88.91047
G1 X109.033 Y75.843 E88.99139
G1 X143.432 Y110.242 E93.42959
G1 X143.432 Y111.128 E93.51042
G1 X108.146 Y75.843 E98.063
G1 X107.26 Y75.843 E98.14383
G1 X143.432 Y112.015 E102.81078
G1 X143.432 Y112.902 E102.8917
G1 X106.568 Y76.038 E107.64794
G1 X106.568 Y76.925 E107.72886
G1 X143.432 Y113.788 E112.48503
G1 X143.432 Y114.675 E112.56595
G1 X106.568 Y77.812 E117.32212
G1 X106.568 Y78.698 E117.40295
G1 X143.432 Y115.562 E122.15919
G1 X143.432 Y116.448 E122.24002
G1 X106.568 Y79.585 E126.99619
G1 X106.568 Y80.472 E127.07711
G1 X143.432 Y117.335 E131.83328
G1 X143.432 Y118.222 E131.9142
G1 X106.568 Y81.358 E136.67044
G1 X106.568 Y82.245 E136.75136
G1 X143.432 Y119.108 E141.50753
G1 X143.432 Y119.995 E141.58845
G1 X106.568 Y83.132 E146.34462
G1 X106.568 Y84.018 E146.42545
G1 X143.432 Y120.882 E151.18169
G1 X143.432 Y121.768 E151.26252
G1 X106.568 Y84.905 E156.01869
G1 X106.568 Y85.792 E156.09961
G1 X143.432 Y122.655 E160.85578
G1 X143.432 Y123.542 E160.9367
G1 X106.568 Y86.678 E165.69294
G1 X106.568 Y87.565 E165.77386
G1 X143.432 Y124.428 E170.53003
G1 X143.432 Y125.315 E170.61095
G1 X106.568 Y88.452 E175.36712
G1 X106.568 Y89.338 E175.44795
G1 X143.432 Y126.201 E180.20412
G1 X143.432 Y127.088 E180.28504
G1 X106.568 Y90.225 E185.04121
G1 X106.568 Y91.112 E185.12213
G1 X143.432 Y127.975 E189.8783
G1 X143.432 Y128.861 E189.95913
G1 X106.568 Y91.998 E194.7153
G1 X106.568 Y92.885 E194.79622
G1 X143.432 Y129.748 E199.55239
G1 X143.432 Y130.635 E199.63331
G1 X106.568 Y93.772 E204.38948
G1 X106.568 Y94.658 E204.47031
G1 X143.432 Y131.521 E209.22648
G1 X143.432 Y132.408 E209.3074
G1 X106.568 Y95.545 E214.06357
G1 X106.568 Y96.432 E214.14449
G1 X143.432 Y133.295 E218.90066
G1 X143.432 Y134.181 E218.98149
G1 X106.568 Y97.318 E223.73766
G1 X106.568 Y98.205 E223.81858
G1 X143.432 Y135.068 E228.57475
G1 X143.432 Y135.955 E228.65567
G1 X106.568 Y99.092 E233.41184
G1 X106.568 Y99.978 E233.49267
G1 X143.432 Y136.841 E238.24884
G1 X143.432 Y137.728 E238.32976
G1 X106.568 Y100.865 E243.08593
G1 X106.568 Y101.752 E243.16685
G1 X143.432 Y138.615 E247.92302
G1 X143.432 Y139.501 E248.00385
G1 X106.568 Y102.638 E252.76002
G1 X106.568 Y103.525 E252.84094
G1 X143.432 Y140.388 E257.59711
G1 X143.432 Y141.275 E257.67803
G1 X106.568 Y104.412 E262.4342
G1 X106.568 Y105.298 E262.51503
G1 X143.432 Y142.161 E267.2712
G1 X143.432 Y143.048 E267.35212
G1 X106.568 Y106.185 E272.10829
G1 X106.568 Y107.072 E272.18921
G1 X143.432 Y143.935 E276.94538
G1 X143.432 Y144.821 E277.02621
G1 X106.568 Y107.958 E281.78238
G1 X106.568 Y108.845 E281.8633
G1 X143.432 Y145.708 E286.61947
G1 X143.432 Y145.903 E286.63726
G1 X142.74 Y145.903 E286.70039
G1 X106.568 Y109.732 E291.36728
G1 X106.568 Y110.618 E291.44811
G1 X141.854 Y145.903 E296.00069
G1 X140.967 Y145.903 E296.08161
G1 X106.568 Y111.505 E300.51975
G1 X106.568 Y112.392 E300.60067
G1 X140.08 Y145.904 E304.92443
G1 X139.194 Y145.904 E305.00526
G1 X106.568 Y113.278 E309.21471
G1 X106.568 Y114.165 E309.29563
G1 X138.307 Y145.904 E313.39063
G1 X137.42 Y145.904 E313.47155
G1 X106.568 Y115.052 E317.45211
G1 X106.568 Y115.938 E317.53294
G1 X136.534 Y145.904 E321.39919
G1 X135.647 Y145.904 E321.48011
G1 X106.568 Y116.825 E325.23192
G1 X106.568 Y117.712 E325.31284
G1 X134.761 Y145.904 E328.95027
G1 X133.874 Y145.904 E329.03119
G1 X106.568 Y118.598 E332.55424
G1 X106.568 Y119.485 E332.63516
G1 X132.987 Y145.904 E336.04377
G1 X132.101 Y145.904 E336.1246
G1 X106.568 Y120.372 E339.41883
G1 X106.568 Y121.258 E339.49966
G1 X131.214 Y145.904 E342.67952
G1 X130.328 Y145.904 E342.76035
G1 X106.568 Y122.145 E345.82583
G1 X106.568 Y123.032 E345.90675
G1 X129.441 Y145.904 E348.85779
G1 X128.554 Y145.904 E348.93871
G1 X106.568 Y123.918 E351.77537
G1 X106.568 Y124.805 E351.85629
G1 X127.668 Y145.904 E354.57857
G1 X126.781 Y145.904 E354.65949
G1 X106.568 Y125.692 E357.26733
G1 X106.568 Y126.578 E357.34816
G1 X125.923 Y145.933 E359.84537
G1 X125.836 Y145.943 E359.85336
G1 X125.461 Y146.058 E359.88914
G1 X125.26 Y146.156 E359.90954
G1 X106.568 Y127.465 E362.32114
G1 X106.568 Y128.352 E362.40206
G1 X124.159 Y145.942 E364.67161
G1 X123.828 Y145.904 E364.70201
G1 X123.234 Y145.904 E364.7562
G1 X106.568 Y129.238 E366.90647
G1 X106.568 Y130.125 E366.98739
G1 X122.348 Y145.904 E369.02328
G1 X121.461 Y145.904 E369.1042
G1 X106.568 Y131.012 E371.02565
G1 X106.568 Y131.898 E371.10648
G1 X120.574 Y145.904 E372.91355
G1 X119.688 Y145.904 E372.99438
G1 X106.568 Y132.785 E374.68707
G1 X106.568 Y133.672 E374.76799
G1 X118.801 Y145.904 E376.34624
G1 X117.914 Y145.904 E376.42716
G1 X106.568 Y134.558 E377.89103
G1 X106.568 Y135.445 E377.97195
G1 X117.027 Y145.904 E379.32138
G1 X116.141 Y145.904 E379.40221
G1 X106.568 Y136.332 E380.63727
G1 X106.568 Y137.218 E380.7181
G1 X115.254 Y145.904 E381.83878
G1 X114.367 Y145.904 E381.9197
G1 X106.568 Y138.105 E382.92594
G1 X106.568 Y138.992 E383.00686
G1 X113.481 Y145.904 E383.89872
G1 X112.594 Y145.904 E383.97964
G1 X106.568 Y139.878 E384.75712
G1 X106.568 Y140.765 E384.83804
G1 X111.707 Y145.904 E385.50108
G1 X110.82 Y145.904 E385.582
G1 X106.568 Y141.652 E386.1306
G1 X106.568 Y142.538 E386.21143
G1 X109.934 Y145.904 E386.64572
G1 X109.047 Y145.903 E386.72664
G1 X106.568 Y143.425 E387.04642
G1 X106.568 Y144.312 E387.12734
G1 X108.16 Y145.903 E387.33268
G1 X107.274 Y145.903 E387.41351
G1 X106.287 Y144.917 E387.54079
;LAYER_CHANGE
;Z:0.65
;HEIGHT:0.3
G1 E385.54079 F2400
G92 E0
G1 Z.65 F7800
;AFTER_LAYER_CHANGE
;0.65
G1 X125.42 Y147.467
G1 E2 F2400
;TYPE:Perimeter
;WIDTH:0.45
G1 F1500
G1 X125.381 Y147.519 E2.00313
G1 X125.288 Y148.024 E2.02783
;WIDTH:0.485112
G1 X125.273 Y148.046 E2.02923
;WIDTH:0.520225
G1 X125.258 Y148.068 E2.03074
;WIDTH:0.555338
G1 X125.243 Y148.091 E2.03242
G1 X125.344 Y148.373 E2.05076
G1 X124.656 Y148.373 E2.09289
G1 X124.757 Y148.091 E2.11123
G1 X124.742 Y148.068 E2.11291
;WIDTH:0.520225
G1 X124.727 Y148.046 E2.11442
;WIDTH:0.485112
G1 X124.712 Y148.024 E2.11582
;WIDTH:0.45
G1 X124.619 Y147.519 E2.14052
G1 X124.394 Y147.22 E2.15852
G1 X124.124 Y147.05 E2.17387
G1 X123.752 Y146.976 E2.19211
G1 X105.496 Y146.976 E3.07016
G1 X105.496 Y74.208 E6.57005
G1 X144.504 Y74.208 E8.4462
G1 X144.504 Y146.976 E11.94609
G1 X126.248 Y146.976 E12.82414
G1 X125.946 Y147.024 E12.83885
G1 X125.606 Y147.22 E12.85773
G1 X125.456 Y147.419 E12.86972
G1 X125.758 Y147.655 F7800
G1 F1500
G1 X125.728 Y147.687 E12.87183
G1 X125.672 Y147.99 E12.88665
G1 X125.752 Y148.237 E12.89914
G1 X126.097 Y148.811 E12.93135
G1 X123.903 Y148.811 E13.03687
G1 X124.248 Y148.237 E13.06908
G1 X124.324 Y148.026 E13.07987
G1 X124.272 Y147.687 E13.09637
G1 X124.137 Y147.508 E13.10715
G1 X123.975 Y147.406 E13.11636
G1 X123.752 Y147.361 E13.1273
G1 X105.111 Y147.361 E14.02387
G1 X105.111 Y73.822 E17.56084
G1 X144.889 Y73.822 E19.47402
G1 X144.889 Y147.361 E23.01099
G1 X126.231 Y147.361 E23.90837
G1 X125.962 Y147.437 E23.92181
G1 X125.799 Y147.611 E23.93328
G1 X126.094 Y147.841 F7800
;TYPE:External perimeter
G1 F1500
G1 X126.075 Y147.855 E23.93442
G1 X126.083 Y148.039 E23.94328
G1 X126.778 Y149.197 E24.00824
G1 X123.222 Y149.197 E24.17927
G1 X123.949 Y147.986 E24.2472
G1 X123.88 Y147.796 E24.25692
G1 X123.752 Y147.747 E24.26351
G1 X104.725 Y147.747 E25.17864
G1 X104.725 Y73.575 E28.74606
;TYPE:Overhang perimeter
;WIDTH:0.4
;HEIGHT:0.4
G1 X104.725 Y73.437 E28.75327
G1 X145.275 Y73.437 E30.8718
G1 X145.275 Y73.575 E30.87901
;TYPE:External perimeter
;WIDTH:0.45
;HEIGHT:0.3
G1 X145.275 Y147.747 E34.44643
G1 X126.215 Y147.747 E35.36315
G1 X126.141 Y147.804 E35.36764
G1 X126.182 Y148.202 F7800
G1 E33.36764 F2400
G92 E0
G1 X105.89 Y74.529 F7800
G1 E2 F2400
;TYPE:Solid infill
;WIDTH:0.543559
G1 F1200
G1 X105.848 Y74.486 E2.00359
G1 X105.79 Y74.502 E2.00719
G1 X105.774 Y74.56 E2.01079
G1 X105.817 Y74.602 E2.01438
G1 X105.875 Y74.586 E2.01798
;WIDTH:0.45
G1 X106.491 Y74.497 E2.04792
G1 X105.662 Y75.339 E2.10475
;WIDTH:0.404381
G1 X105.591 Y75.32 E2.10787
G1 X105.61 Y75.391 E2.11099
G1 X105.651 Y75.38 E2.11279
;WIDTH:0.45
G1 X105.785 Y75.748 E2.13163
G1 X107.036 Y74.497 E2.21672
G1 X107.581 Y74.497 E2.24293
G1 X105.785 Y76.293 E2.36509
G1 X105.785 Y76.838 E2.3913
G1 X108.127 Y74.497 E2.55057
G1 X108.672 Y74.497 E2.57678
G1 X105.785 Y77.384 E2.77315
G1 X105.785 Y77.929 E2.79936
G1 X109.217 Y74.497 E3.0328
G1 X109.763 Y74.497 E3.05906
G1 X105.785 Y78.474 E3.3296
G1 X105.785 Y79.02 E3.35586
G1 X110.308 Y74.497 E3.66351
G1 X110.853 Y74.497 E3.68972
G1 X105.785 Y79.565 E4.03444
G1 X105.785 Y80.11 E4.06065
G1 X111.399 Y74.497 E4.44247
G1 X111.944 Y74.497 E4.46868
G1 X105.785 Y80.656 E4.88761
G1 X105.785 Y81.201 E4.91382
G1 X112.489 Y74.497 E5.36982
G1 X113.035 Y74.497 E5.39608
G1 X105.785 Y81.746 E5.88918
G1 X105.785 Y82.292 E5.91544
G1 X113.58 Y74.497 E6.44565
G1 X114.125 Y74.497 E6.47186
G1 X105.785 Y82.837 E7.03914
G1 X105.785 Y83.383 E7.0654
G1 X114.671 Y74.497 E7.66981
G1 X115.216 Y74.497 E7.69602
G1 X105.785 Y83.928 E8.3375
G1 X105.785 Y84.473 E8.36371
G1 X115.761 Y74.497 E9.04227
G1 X116.307 Y74.497 E9.06853
G1 X105.785 Y85.019 E9.78422
G1 X105.785 Y85.564 E9.81043
G1 X116.852 Y74.497 E10.56319
G1 X117.397 Y74.497 E10.5894
G1 X105.785 Y86.109 E11.37923
G1 X105.785 Y86.655 E11.40549
G1 X117.943 Y74.497 E12.23246
G1 X118.488 Y74.497 E12.25867
G1 X105.785 Y87.2 E13.12271
G1 X105.785 Y87.745 E13.14892
G1 X119.034 Y74.497 E14.05007
G1 X119.579 Y74.497 E14.07628
G1 X105.785 Y88.291 E15.01453
G1 X105.785 Y88.836 E15.04074
G1 X120.124 Y74.497 E16.01606
G1 X120.67 Y74.497 E16.04232
G1 X105.785 Y89.381 E17.05475
G1 X105.785 Y89.927 E17.08101
G1 X121.215 Y74.497 E18.13054
G1 X121.76 Y74.497 E18.15675
G1 X105.785 Y90.472 E19.24335
G1 X105.785 Y91.017 E19.26956
G1 X122.306 Y74.497 E20.39326
G1 X122.851 Y74.497 E20.41947
G1 X105.785 Y91.563 E21.58028
G1 X105.785 Y92.108 E21.60649
G1 X123.396 Y74.497 E22.80437
G1 X123.942 Y74.497 E22.83063
G1 X105.785 Y92.653 E24.06561
G1 X105.785 Y93.199 E24.09187
G1 X124.487 Y74.497 E25.36396
G1 X125.032 Y74.497 E25.39017
G1 X105.785 Y93.744 E26.69933
G1 X105.785 Y94.289 E26.72554
G1 X125.578 Y74.497 E28.0718
G1 X126.123 Y74.497 E28.09801
G1 X105.785 Y94.835 E29.48138
G1 X105.785 Y95.38 E29.50759
G1 X126.668 Y74.497 E30.92803
G1 X127.214 Y74.497 E30.95429
G1 X105.785 Y95.926 E32.41186
G1 X105.785 Y96.471 E32.43807
G1 X127.759 Y74.497 E33.93271
G1 X128.304 Y74.497 E33.95892
G1 X105.785 Y97.016 E35.49063
G1 X105.785 Y97.562 E35.51689
G1 X128.85 Y74.497 E37.08574
G1 X129.395 Y74.497 E37.11195
G1 X105.785 Y98.107 E38.71787
G1 X105.785 Y98.652 E38.74408
G1 X129.94 Y74.497 E40.38707
G1 X130.486 Y74.497 E40.41333
G1 X105.785 Y99.198 E42.09346
G1 X105.785 Y99.743 E42.11967
G1 X131.031 Y74.497 E43.83687
G1 X131.577 Y74.497 E43.86313
G1 X105.785 Y100.288 E45.61744
G1 X105.785 Y100.834 E45.6437
G1 X132.122 Y74.497 E47.43511
G1 X132.667 Y74.497 E47.46132
G1 X105.785 Y101.379 E49.2898
G1 X105.785 Y101.924 E49.31601
G1 X133.213 Y74.497 E51.18159
G1 X133.758 Y74.497 E51.2078
G1 X105.785 Y102.47 E53.11049
G1 X105.785 Y103.015 E53.1367
G1 X134.303 Y74.497 E55.07646
G1 X134.849 Y74.497 E55.10272
G1 X105.785 Y103.56 E57.07958
G1 X105.785 Y104.106 E57.10584
G1 X135.394 Y74.497 E59.11981
G1 X135.939 Y74.497 E59.14602
G1 X105.785 Y104.651 E61.19706
G1 X105.785 Y105.196 E61.22327
G1 X136.485 Y74.497 E63.31141
G1 X137.03 Y74.497 E63.33762
G1 X105.785 Y105.742 E65.46287
G1 X105.785 Y106.287 E65.48908
G1 X137.575 Y74.497 E67.6514
G1 X138.121 Y74.497 E67.67766
G1 X105.785 Y106.832 E69.87708
G1 X105.785 Y107.378 E69.90334
G1 X138.666 Y74.497 E72.13986
G1 X139.211 Y74.497 E72.16607
G1 X105.785 Y107.923 E74.43967
G1 X105.785 Y108.469 E74.46593
G1 X139.757 Y74.497 E76.77666
G1 X140.302 Y74.497 E76.80287
G1 X105.785 Y109.014 E79.15067
G1 X105.785 Y109.559 E79.17688
G1 X140.847 Y74.497 E81.56175
G1 X141.393 Y74.497 E81.58801
G1 X105.785 Y110.105 E84.01002
G1 X105.785 Y110.65 E84.03623
G1 X141.938 Y74.497 E86.49531
G1 X142.483 Y74.497 E86.52152
G1 X105.785 Y111.195 E89.01767
G1 X105.785 Y111.741 E89.04393
G1 X143.029 Y74.497 E91.57722
G1 X143.574 Y74.497 E91.60343
G1 X105.785 Y112.286 E94.17379
G1 X105.785 Y112.831 E94.2
G1 X144.12 Y74.497 E96.80747
G1 X144.215 Y74.948 E96.82964
G1 X105.785 Y113.377 E99.44357
G1 X105.785 Y113.922 E99.46978
G1 X144.215 Y75.493 E102.08371
G1 X144.215 Y76.038 E102.10992
G1 X105.785 Y114.467 E104.72385
G1 X105.785 Y115.013 E104.75011
G1 X144.215 Y76.584 E107.36404
G1 X144.215 Y77.129 E107.39025
G1 X105.785 Y115.558 E110.00418
G1 X105.785 Y116.103 E110.03039
G1 X144.215 Y77.674 E112.64432
G1 X144.215 Y78.22 E112.67058
G1 X105.785 Y116.649 E115.28451
G1 X105.785 Y117.194 E115.31072
G1 X144.215 Y78.765 E117.92465
G1 X144.215 Y79.31 E117.95086
G1 X105.785 Y117.739 E120.56479
G1 X105.785 Y118.285 E120.59105
G1 X144.215 Y79.856 E123.20498
G1 X144.215 Y80.401 E123.23119
G1 X105.785 Y118.83 E125.84512
G1 X105.785 Y119.375 E125.87133
G1 X144.215 Y80.946 E128.48526
G1 X144.215 Y81.492 E128.51152
G1 X105.785 Y119.921 E131.12545
G1 X105.785 Y120.466 E131.15166
G1 X144.215 Y82.037 E133.76559
G1 X144.215 Y82.582 E133.7918
G1 X105.785 Y121.011 E136.40573
G1 X105.785 Y121.557 E136.43199
G1 X144.215 Y83.128 E139.04592
G1 X144.215 Y83.673 E139.07213
G1 X105.785 Y122.102 E141.68606
G1 X105.785 Y122.648 E141.71232
G1 X144.215 Y84.218 E144.32628
G1 X144.215 Y84.764 E144.35254
G1 X105.785 Y123.193 E146.96647
G1 X105.785 Y123.738 E146.99268
G1 X144.215 Y85.309 E149.60661
G1 X144.215 Y85.855 E149.63287
G1 X105.785 Y124.284 E152.2468
G1 X105.785 Y124.829 E152.27301
G1 X144.215 Y86.4 E154.88694
G1 X144.215 Y86.945 E154.91315
G1 X105.785 Y125.374 E157.52708
G1 X105.785 Y125.92 E157.55334
G1 X144.215 Y87.491 E160.16727
G1 X144.215 Y88.036 E160.19348
G1 X105.785 Y126.465 E162.80741
G1 X105.785 Y127.01 E162.83362
G1 X144.215 Y88.581 E165.44755
G1 X144.215 Y89.127 E165.47381
G1 X105.785 Y127.556 E168.08774
G1 X105.785 Y128.101 E168.11395
G1 X144.215 Y89.672 E170.72788
G1 X144.215 Y90.217 E170.75409
G1 X105.785 Y128.646 E173.36802
G1 X105.785 Y129.192 E173.39428
G1 X144.215 Y90.763 E176.00821
G1 X144.215 Y91.308 E176.03442
G1 X105.785 Y129.737 E178.64835
G1 X105.785 Y130.282 E178.67456
G1 X144.215 Y91.853 E181.28849
G1 X144.215 Y92.399 E181.31475
G1 X105.785 Y130.828 E183.92868
G1 X105.785 Y131.373 E183.95489
G1 X144.215 Y92.944 E186.56882
G1 X144.215 Y93.489 E186.59503
G1 X105.785 Y131.918 E189.20896
G1 X105.785 Y132.464 E189.23522
G1 X144.215 Y94.035 E191.84915
G1 X144.215 Y94.58 E191.87536
G1 X105.785 Y133.009 E194.48929
G1 X105.785 Y133.554 E194.5155
G1 X144.215 Y95.125 E197.12943
G1 X144.215 Y95.671 E197.15569
G1 X105.785 Y134.1 E199.76962
G1 X105.785 Y134.645 E199.79583
G1 X144.215 Y96.216 E202.40976
G1 X144.215 Y96.761 E202.43597
G1 X105.785 Y135.191 E205.04993
G1 X105.785 Y135.736 E205.07614
G1 X144.215 Y97.307 E207.69007
G1 X144.215 Y97.852 E207.71628
G1 X105.785 Y136.281 E210.33021
G1 X105.785 Y136.827 E210.35647
G1 X144.215 Y98.397 E212.97043
G1 X144.215 Y98.943 E212.99669
G1 X105.785 Y137.372 E215.61062
G1 X105.785 Y137.917 E215.63683
G1 X144.215 Y99.488 E218.25076
G1 X144.215 Y100.034 E218.27702
G1 X105.785 Y138.463 E220.89095
G1 X105.785 Y139.008 E220.91716
G1 X144.215 Y100.579 E223.53109
G1 X144.215 Y101.124 E223.5573
G1 X105.785 Y139.553 E226.17123
G1 X105.785 Y140.099 E226.19749
G1 X144.215 Y101.67 E228.81142
G1 X144.215 Y102.215 E228.83763
G1 X105.785 Y140.644 E231.45156
G1 X105.785 Y141.189 E231.47777
G1 X144.215 Y102.76 E234.0917
G1 X144.215 Y103.306 E234.11796
G1 X105.785 Y141.735 E236.73189
G1 X105.785 Y142.28 E236.7581
G1 X144.215 Y103.851 E239.37203
G1 X144.215 Y104.396 E239.39824
G1 X105.785 Y142.825 E242.01217
G1 X105.785 Y143.371 E242.03843
G1 X144.215 Y104.942 E244.65236
G1 X144.215 Y105.487 E244.67857
G1 X105.785 Y143.916 E247.2925
G1 X105.785 Y144.461 E247.31871
G1 X144.215 Y106.032 E249.93264
G1 X144.215 Y106.578 E249.9589
G1 X105.785 Y145.007 E252.57283
G1 X105.785 Y145.552 E252.59904
G1 X144.215 Y107.123 E255.21297
G1 X144.215 Y107.668 E255.23918
G1 X105.785 Y146.097 E257.85311
G1 X105.785 Y146.643 E257.87937
G1 X144.215 Y108.214 E260.4933
G1 X144.215 Y108.759 E260.51951
G1 X106.287 Y146.686 E263.09929
G1 X106.832 Y146.687 E263.1255
G1 X144.215 Y109.304 E265.66825
G1 X144.215 Y109.85 E265.69451
G1 X107.378 Y146.687 E268.20012
G1 X107.923 Y146.687 E268.22633
G1 X144.215 Y110.395 E270.69487
G1 X144.215 Y110.94 E270.72108
G1 X108.468 Y146.687 E273.15255
G1 X109.014 Y146.687 E273.17881
G1 X144.215 Y111.486 E275.57314
G1 X144.215 Y112.031 E275.59935
G1 X109.559 Y146.687 E277.95661
G1 X110.104 Y146.687 E277.98282
G1 X144.215 Y112.577 E280.30297
G1 X144.215 Y113.122 E280.32918
G1 X110.649 Y146.687 E282.61226
G1 X111.195 Y146.687 E282.63852
G1 X144.215 Y113.667 E284.8845
G1 X144.215 Y114.213 E284.91076
G1 X111.74 Y146.687 E287.11964
G1 X112.285 Y146.687 E287.14585
G1 X144.215 Y114.758 E289.31765
G1 X144.215 Y115.303 E289.34386
G1 X112.83 Y146.687 E291.47859
G1 X113.376 Y146.688 E291.50485
G1 X144.215 Y115.849 E293.60248
G1 X144.215 Y116.394 E293.62869
G1 X113.921 Y146.688 E295.68925
G1 X114.466 Y146.688 E295.71546
G1 X144.215 Y116.939 E297.73895
G1 X144.215 Y117.485 E297.76521
G1 X115.011 Y146.688 E299.7516
G1 X115.557 Y146.688 E299.77786
G1 X144.215 Y118.03 E301.72714
G1 X144.215 Y118.575 E301.75335
G1 X116.102 Y146.688 E303.66556
G1 X116.647 Y146.688 E303.69177
G1 X144.215 Y119.121 E305.56688
G1 X144.215 Y119.666 E305.59309
G1 X117.192 Y146.688 E307.43113
G1 X117.738 Y146.688 E307.45739
G1 X144.215 Y120.211 E309.25832
G1 X144.215 Y120.757 E309.28458
G1 X118.283 Y146.688 E311.04841
G1 X118.828 Y146.688 E311.07462
G1 X144.215 Y121.302 E312.80138
G1 X144.215 Y121.847 E312.82759
G1 X119.374 Y146.688 E314.51724
G1 X119.919 Y146.689 E314.54345
G1 X144.215 Y122.393 E316.19603
G1 X144.215 Y122.938 E316.22224
G1 X120.464 Y146.689 E317.83775
G1 X121.009 Y146.689 E317.86396
G1 X144.215 Y123.483 E319.4424
G1 X144.215 Y124.029 E319.46866
G1 X121.555 Y146.689 E321.00997
G1 X122.1 Y146.689 E321.03618
G1 X144.215 Y124.574 E322.54041
G1 X144.215 Y125.12 E322.56667
G1 X122.645 Y146.689 E324.0338
G1 X123.19 Y146.689 E324.06001
G1 X144.215 Y125.665 E325.49007
G1 X144.215 Y126.21 E325.51628
G1 X123.736 Y146.689 E326.90924
G1 X124.199 Y146.771 E326.93186
G1 X144.215 Y126.756 E328.29329
G1 X144.215 Y127.301 E328.3195
G1 X124.543 Y146.973 E329.65757
G1 X124.79 Y147.271 E329.67619
G1 X144.215 Y127.846 E330.99745
G1 X144.215 Y128.392 E331.02371
G1 X125.851 Y146.755 E332.27277
G1 X125.578 Y146.957 E332.2891
;WIDTH:0.404381
G1 X125.173 Y147.381 E332.31396
;WIDTH:0.446176
G1 X125.13 Y147.459 E332.3182
;WIDTH:0.487971
G1 X125.087 Y147.536 E332.32286
;WIDTH:0.529766
G1 X125.043 Y147.614 E332.32806
;WIDTH:0.571561
G1 X125 Y147.692 E332.33369
G1 X126.462 Y146.689 F7800
;WIDTH:0.45
G1 F1200
G1 X144.215 Y128.937 E333.54119
G1 X144.215 Y129.482 E333.5674
G1 X127.008 Y146.689 E334.7378
G1 X127.553 Y146.689 E334.76401
G1 X144.215 Y130.028 E335.8973
G1 X144.215 Y130.573 E335.92351
G1 X128.099 Y146.689 E337.0197
G1 X128.644 Y146.689 E337.04591
G1 X144.215 Y131.118 E338.10503
G1 X144.215 Y131.664 E338.13129
G1 X129.19 Y146.689 E339.15327
G1 X129.735 Y146.689 E339.17948
G1 X144.215 Y132.209 E340.16439
G1 X144.215 Y132.754 E340.1906
G1 X130.28 Y146.688 E341.13841
G1 X130.826 Y146.688 E341.16467
G1 X144.215 Y133.3 E342.07534
G1 X144.215 Y133.845 E342.10155
G1 X131.371 Y146.688 E342.97515
G1 X131.917 Y146.688 E343.00141
G1 X144.215 Y134.39 E343.8379
G1 X144.215 Y134.936 E343.86416
G1 X132.462 Y146.688 E344.66355
G1 X133.008 Y146.688 E344.68981
G1 X144.215 Y135.481 E345.4521
G1 X144.215 Y136.026 E345.47831
G1 X133.553 Y146.688 E346.20353
G1 X134.098 Y146.688 E346.22974
G1 X144.215 Y136.572 E346.91785
G1 X144.215 Y137.117 E346.94406
G1 X134.644 Y146.688 E347.59507
G1 X135.189 Y146.688 E347.62128
G1 X144.215 Y137.663 E348.23518
G1 X144.215 Y138.208 E348.26139
G1 X135.735 Y146.688 E348.83819
G1 X136.28 Y146.688 E348.8644
G1 X144.215 Y138.753 E349.40413
G1 X144.215 Y139.299 E349.43039
G1 X136.826 Y146.687 E349.93295
G1 X137.371 Y146.687 E349.95916
G1 X144.215 Y139.844 E350.42465
G1 X144.215 Y140.389 E350.45086
G1 X137.916 Y146.687 E350.87928
G1 X138.462 Y146.687 E350.90554
G1 X144.215 Y140.935 E351.29682
G1 X144.215 Y141.48 E351.32303
G1 X139.007 Y146.687 E351.67724
G1 X139.553 Y146.687 E351.7035
G1 X144.215 Y142.025 E352.0206
G1 X144.215 Y142.571 E352.04686
G1 X140.098 Y146.687 E352.32686
G1 X140.644 Y146.687 E352.35312
G1 X144.215 Y143.116 E352.59601
G1 X144.215 Y143.661 E352.62222
G1 X141.189 Y146.687 E352.82804
G1 X141.734 Y146.687 E352.85425
G1 X144.215 Y144.207 E353.02297
G1 X144.215 Y144.752 E353.04918
G1 X142.28 Y146.687 E353.1808
G1 E351.1808 F2400
G92 E0
G1 X144.078 Y145.434 F7800
G1 E2 F2400
G1 F1200
G1 X142.825 Y146.687 E2.08523
G1 X144.215 Y146.686 E2.15208
G1 X144.215 Y145.297 E2.21889
G1 X143.859 Y146.266 F7800
;WIDTH:0.492437
G1 F1200
G1 X143.822 Y146.228 E2.22172
G1 X143.77 Y146.242 E2.2246
G1 X143.756 Y146.293 E2.22742
G1 X143.794 Y146.331 E2.23029
G1 X143.846 Y146.317 E2.23317
;LAYER_CHANGE
;Z:0.95
;HEIGHT:0.3
G1 E.23317 F2400
G92 E0
G1 Z.95 F7800
;AFTER_LAYER_CHANGE
;0.95
G1 X125.42 Y147.467
G1 E2 F2400
;TYPE:Perimeter
;WIDTH:0.45
G1 F1500
G1 X125.381 Y147.519 E2.00313
G1 X125.288 Y148.024 E2.02783
;WIDTH:0.485112
G1 X125.273 Y148.046 E2.02923
;WIDTH:0.520225
G1 X125.258 Y148.068 E2.03074
;WIDTH:0.555338
G1 X125.243 Y148.091 E2.03242
G1 X125.344 Y148.373 E2.05076
G1 X124.656 Y148.373 E2.09289
G1 X124.757 Y148.091 E2.11123
G1 X124.742 Y148.068 E2.11291
;WIDTH:0.520225
G1 X124.727 Y148.046 E2.11442
;WIDTH:0.485112
G1 X124.712 Y148.024 E2.11582
;WIDTH:0.45
G1 X124.619 Y147.519 E2.14052
G1 X124.394 Y147.22 E2.15852
G1 X124.124 Y147.05 E2.17387
G1 X123.752 Y146.976 E2.19211
G1 X105.496 Y146.976 E3.07016
G1 X105.496 Y73.688 E6.59506
G1 X121.595 Y73.688 E7.36937
G1 X125 Y74.076 E7.5342
G1 X128.405 Y73.688 E7.69903
G1 X144.504 Y73.688 E8.47334
G1 X144.504 Y146.976 E11.99824
G1 X126.248 Y146.976 E12.87629
G1 X125.946 Y147.024 E12.891
G1 X125.606 Y147.22 E12.90988
G1 X125.456 Y147.419 E12.92187
G1 X125.758 Y147.655 F7800
G1 F1500
G1 X125.728 Y147.687 E12.92398
G1 X125.672 Y147.99 E12.9388
G1 X125.752 Y148.237 E12.95129
G1 X126.097 Y148.811 E12.9835
G1 X123.903 Y148.811 E13.08902
G1 X124.248 Y148.237 E13.12123
G1 X124.324 Y148.026 E13.13202
G1 X124.272 Y147.687 E13.14852
G1 X124.137 Y147.508 E13.1593
G1 X123.975 Y147.406 E13.16851
G1 X123.752 Y147.361 E13.17945
G1 X105.111 Y147.361 E14.07602
G1 X105.111 Y73.303 E17.63795
G1 X121.617 Y73.303 E18.43183
G1 X125 Y73.688 E18.59559
G1 X128.383 Y73.303 E18.75935
G1 X144.889 Y73.303 E19.55323
G1 X144.889 Y147.361 E23.11516
G1 X126.231 Y147.361 E24.01254
G1 X125.962 Y147.437 E24.02598
G1 X125.799 Y147.611 E24.03745
G1 X126.094 Y147.841 F7800
;TYPE:External perimeter
G1 F1500
G1 X126.075 Y147.855 E24.03859
G1 X126.083 Y148.039 E24.04745
G1 X126.778 Y149.197 E24.11241
G1 X123.222 Y149.197 E24.28344
G1 X123.949 Y147.986 E24.35137
G1 X123.88 Y147.796 E24.36109
G1 X123.752 Y147.747 E24.36768
G1 X104.725 Y147.747 E25.28281
G1 X104.725 Y73.012 E28.8773
;TYPE:Overhang perimeter
;WIDTH:0.4
;HEIGHT:0.4
G1 X104.725 Y72.917 E28.88226
G1 X121.639 Y72.917 E29.76593
G1 X122.471 Y73.012 E29.80968
;TYPE:External perimeter
;WIDTH:0.45
;HEIGHT:0.3
G1 X125 Y73.299 E29.9321
G1 X127.529 Y73.012 E30.05452
;TYPE:Overhang perimeter
;WIDTH:0.4
;HEIGHT:0.4
G1 X128.361 Y72.917 E30.09827
G1 X145.275 Y72.917 E30.98194
G1 X145.275 Y73.012 E30.9869
;TYPE:External perimeter
;WIDTH:0.45
;HEIGHT:0.3
G1 X145.275 Y147.747 E34.58139
G1 X126.215 Y147.747 E35.49811
G1 X126.141 Y147.804 E35.5026
G1 X126.182 Y148.202 F7800
G1 E33.5026 F2400
G92 E0
G1 X105.817 Y146.582 F7800
G1 E2 F2400
;TYPE:Solid infill
;WIDTH:0.543581
G1 F1200
G1 X105.774 Y146.624 E2.00359
G1 X105.79 Y146.682 E2.00719
G1 X105.848 Y146.697 E2.01077
G1 X105.89 Y146.655 E2.01432
G1 X105.875 Y146.597 E2.0179
;WIDTH:0.45
G1 X105.785 Y145.981 E2.04784
G1 X106.491 Y146.686 E2.09583
G1 X107.036 Y146.687 E2.12204
G1 X105.785 Y145.436 E2.20713
G1 X105.785 Y144.891 E2.23334
G1 X107.582 Y146.687 E2.35554
G1 X108.127 Y146.687 E2.38175
G1 X105.785 Y144.345 E2.54105
G1 X105.785 Y143.8 E2.56726
G1 X108.672 Y146.687 E2.76363
G1 X109.218 Y146.687 E2.78989
G1 X105.785 Y143.255 E3.02336
G1 X105.785 Y142.709 E3.04962
G1 X109.763 Y146.687 E3.3202
G1 X110.309 Y146.687 E3.34646
G1 X105.785 Y142.164 E3.65414
G1 X105.785 Y141.618 E3.6804
G1 X110.854 Y146.687 E4.02519
G1 X111.4 Y146.687 E4.05145
G1 X105.785 Y141.073 E4.43334
G1 X105.785 Y140.528 E4.45955
G1 X111.945 Y146.687 E4.87851
G1 X112.49 Y146.687 E4.90472
G1 X105.785 Y139.982 E5.36079
G1 X105.785 Y139.437 E5.387
G1 X113.036 Y146.687 E5.88017
G1 X113.581 Y146.688 E5.90638
G1 X105.785 Y138.892 E6.43665
G1 X105.785 Y138.346 E6.46291
G1 X114.127 Y146.688 E7.03032
G1 X114.672 Y146.688 E7.05653
G1 X105.785 Y137.801 E7.66101
G1 X105.785 Y137.256 E7.68722
G1 X115.218 Y146.688 E8.32881
G1 X115.763 Y146.688 E8.35502
G1 X105.785 Y136.71 E9.03371
G1 X105.785 Y136.165 E9.05992
G1 X116.308 Y146.688 E9.77568
G1 X116.854 Y146.688 E9.80194
G1 X105.785 Y135.62 E10.55481
G1 X105.785 Y135.074 E10.58107
G1 X117.399 Y146.688 E11.37104
G1 X117.945 Y146.688 E11.3973
G1 X105.785 Y134.529 E12.22437
G1 X105.785 Y133.984 E12.25058
G1 X118.49 Y146.688 E13.11472
G1 X119.036 Y146.688 E13.14098
G1 X105.785 Y133.438 E14.04226
G1 X105.785 Y132.893 E14.06847
G1 X119.581 Y146.688 E15.00682
G1 X120.126 Y146.689 E15.03303
G1 X105.785 Y132.348 E16.00849
G1 X105.785 Y131.802 E16.03475
G1 X120.672 Y146.689 E17.04735
G1 X121.217 Y146.689 E17.07356
G1 X105.785 Y131.257 E18.12323
G1 X105.785 Y130.712 E18.14944
G1 X121.763 Y146.689 E19.23621
G1 X122.308 Y146.689 E19.26242
G1 X105.785 Y130.166 E20.38629
G1 X105.785 Y129.621 E20.4125
G1 X122.854 Y146.689 E21.57348
G1 X123.399 Y146.689 E21.59969
G1 X105.785 Y129.075 E22.79777
G1 X105.785 Y128.53 E22.82398
G1 X123.963 Y146.708 E24.06042
G1 X124.236 Y146.872 E24.07574
;WIDTH:0.404381
G1 X124.517 Y147.099 E24.09106
G1 X124.817 Y147.454 E24.11077
;WIDTH:0.446909
G1 X124.878 Y147.57 E24.11702
;WIDTH:0.489437
G1 X124.939 Y147.686 E24.12397
;WIDTH:0.531965
G1 X125 Y147.801 E24.13156
;WIDTH:0.45
G1 X125.151 Y147.35 E24.15444
G1 X105.785 Y127.985 E25.47166
G1 X105.785 Y127.439 E25.49792
G1 X125.385 Y147.039 E26.83109
G1 X125.704 Y146.813 E26.84989
G1 X105.785 Y126.894 E28.20476
G1 X105.785 Y126.349 E28.23097
G1 X126.13 Y146.694 E29.61481
G1 X126.671 Y146.689 E29.64083
G1 X105.785 Y125.803 E31.06147
G1 X105.785 Y125.258 E31.08768
G1 X127.216 Y146.689 E32.54539
G1 X127.762 Y146.689 E32.57165
G1 X105.785 Y124.713 E34.06646
G1 X105.785 Y124.167 E34.09272
G1 X128.307 Y146.689 E35.62464
G1 X128.852 Y146.689 E35.65085
G1 X105.785 Y123.622 E37.21984
G1 X105.785 Y123.077 E37.24605
G1 X129.397 Y146.689 E38.85211
G1 X129.943 Y146.689 E38.87837
G1 X105.785 Y122.531 E40.52157
G1 X105.785 Y121.986 E40.54778
G1 X130.488 Y146.688 E42.22801
G1 X131.033 Y146.688 E42.25422
G1 X105.785 Y121.441 E43.97152
G1 X105.785 Y120.895 E43.99778
G1 X131.578 Y146.688 E45.75219
G1 X132.124 Y146.688 E45.77845
G1 X105.785 Y120.35 E47.56996
G1 X105.785 Y119.805 E47.59617
G1 X132.669 Y146.688 E49.42475
G1 X133.214 Y146.688 E49.45096
G1 X105.785 Y119.259 E51.31665
G1 X105.785 Y118.714 E51.34286
G1 X133.76 Y146.688 E53.24565
G1 X134.305 Y146.688 E53.27186
G1 X105.785 Y118.169 E55.21172
G1 X105.785 Y117.623 E55.23798
G1 X134.85 Y146.688 E57.21495
G1 X135.395 Y146.688 E57.24116
G1 X105.785 Y117.078 E59.2552
G1 X105.785 Y116.532 E59.28146
G1 X135.941 Y146.688 E61.33263
G1 X136.486 Y146.688 E61.35884
G1 X105.785 Y115.987 E63.44708
G1 X105.785 Y115.442 E63.47329
G1 X137.031 Y146.687 E65.59857
G1 X137.576 Y146.687 E65.62478
G1 X105.785 Y114.896 E67.78716
G1 X105.785 Y114.351 E67.81337
G1 X138.122 Y146.687 E70.01286
G1 X138.667 Y146.687 E70.03907
G1 X105.785 Y113.806 E72.27563
G1 X105.785 Y113.26 E72.30189
G1 X139.212 Y146.687 E74.57555
G1 X139.757 Y146.687 E74.60176
G1 X105.785 Y112.715 E76.91249
G1 X105.785 Y112.17 E76.9387
G1 X140.303 Y146.687 E79.28654
G1 X140.848 Y146.687 E79.31275
G1 X105.785 Y111.624 E81.69769
G1 X105.785 Y111.079 E81.7239
G1 X141.393 Y146.687 E84.14591
G1 X141.938 Y146.687 E84.17212
G1 X105.785 Y110.534 E86.6312
G1 X105.785 Y109.988 E86.65746
G1 X142.484 Y146.687 E89.15368
G1 X143.029 Y146.687 E89.17989
G1 X105.785 Y109.443 E91.71318
G1 X105.785 Y108.898 E91.73939
G1 X143.574 Y146.686 E94.30972
G1 X144.364 Y146.776 F7800
;WIDTH:0.404381
G1 F1200
G1 X144.375 Y146.817 E94.31152
G1 X144.304 Y146.836 E94.31464
G1 X144.323 Y146.765 E94.31776
;WIDTH:0.45
G1 X144.12 Y146.686 E94.32824
G1 X105.785 Y108.352 E96.93571
G1 X105.785 Y107.807 E96.96192
G1 X144.215 Y146.236 E99.57585
G1 X144.215 Y145.691 E99.60206
G1 X105.785 Y107.262 E102.21599
G1 X105.785 Y106.716 E102.24225
G1 X144.215 Y145.145 E104.85618
G1 X144.215 Y144.6 E104.88239
G1 X105.785 Y106.171 E107.49632
G1 X105.785 Y105.626 E107.52253
G1 X144.215 Y144.055 E110.13646
G1 X144.215 Y143.509 E110.16272
G1 X105.785 Y105.08 E112.77665
G1 X105.785 Y104.535 E112.80286
G1 X144.215 Y142.964 E115.41679
G1 X144.215 Y142.419 E115.443
G1 X105.785 Y103.989 E118.05696
G1 X105.785 Y103.444 E118.08317
G1 X144.215 Y141.873 E120.6971
G1 X144.215 Y141.328 E120.72331
G1 X105.785 Y102.899 E123.33724
G1 X105.785 Y102.353 E123.3635
G1 X144.215 Y140.783 E125.97746
G1 X144.215 Y140.237 E126.00372
G1 X105.785 Y101.808 E128.61765
G1 X105.785 Y101.263 E128.64386
G1 X144.215 Y139.692 E131.25779
G1 X144.215 Y139.147 E131.284
G1 X105.785 Y100.717 E133.89796
G1 X105.785 Y100.172 E133.92417
G1 X144.215 Y138.601 E136.5381
G1 X144.215 Y138.056 E136.56431
G1 X105.785 Y99.627 E139.17824
G1 X105.785 Y99.081 E139.2045
G1 X144.215 Y137.51 E141.81843
G1 X144.215 Y136.965 E141.84464
G1 X105.785 Y98.536 E144.45857
G1 X105.785 Y97.991 E144.48478
G1 X144.215 Y136.42 E147.09871
G1 X144.215 Y135.874 E147.12497
G1 X105.785 Y97.445 E149.7389
G1 X105.785 Y96.9 E149.76511
G1 X144.215 Y135.329 E152.37904
G1 X144.215 Y134.784 E152.40525
G1 X105.785 Y96.355 E155.01918
G1 X105.785 Y95.809 E155.04544
G1 X144.215 Y134.238 E157.65937
G1 X144.215 Y133.693 E157.68558
G1 X105.785 Y95.264 E160.29951
G1 X105.785 Y94.719 E160.32572
G1 X144.215 Y133.148 E162.93965
G1 X144.215 Y132.602 E162.96591
G1 X105.785 Y94.173 E165.57984
G1 X105.785 Y93.628 E165.60605
G1 X144.215 Y132.057 E168.21998
G1 X144.215 Y131.512 E168.24619
G1 X105.785 Y93.083 E170.86012
G1 X105.785 Y92.537 E170.88638
G1 X144.215 Y130.966 E173.50031
G1 X144.215 Y130.421 E173.52652
G1 X105.785 Y91.992 E176.14045
G1 X105.785 Y91.447 E176.16666
G1 X144.215 Y129.876 E178.78059
G1 X144.215 Y129.33 E178.80685
G1 X105.785 Y90.901 E181.42078
G1 X105.785 Y90.356 E181.44699
G1 X144.215 Y128.785 E184.06092
G1 X144.215 Y128.24 E184.08713
G1 X105.785 Y89.81 E186.70109
G1 X105.785 Y89.265 E186.7273
G1 X144.215 Y127.694 E189.34123
G1 X144.215 Y127.149 E189.36744
G1 X105.785 Y88.72 E191.98137
G1 X105.785 Y88.174 E192.00763
G1 X144.215 Y126.604 E194.62159
G1 X144.215 Y126.058 E194.64785
G1 X105.785 Y87.629 E197.26178
G1 X105.785 Y87.084 E197.28799
G1 X144.215 Y125.513 E199.90192
G1 X144.215 Y124.967 E199.92818
G1 X105.785 Y86.538 E202.54211
G1 X105.785 Y85.993 E202.56832
G1 X144.215 Y124.422 E205.18225
G1 X144.215 Y123.877 E205.20846
G1 X105.785 Y85.448 E207.82239
G1 X105.785 Y84.902 E207.84865
G1 X144.215 Y123.331 E210.46258
G1 X144.215 Y122.786 E210.48879
G1 X105.785 Y84.357 E213.10272
G1 X105.785 Y83.812 E213.12893
G1 X144.215 Y122.241 E215.74286
G1 X144.215 Y121.695 E215.76912
G1 X105.785 Y83.266 E218.38305
G1 X105.785 Y82.721 E218.40926
G1 X144.215 Y121.15 E221.02319
G1 X144.215 Y120.605 E221.0494
G1 X105.785 Y82.176 E223.66333
G1 X105.785 Y81.63 E223.68959
G1 X144.215 Y120.059 E226.30352
G1 X144.215 Y119.514 E226.32973
G1 X105.785 Y81.085 E228.94366
G1 X105.785 Y80.54 E228.96987
G1 X144.215 Y118.969 E231.5838
G1 X144.215 Y118.423 E231.61006
G1 X105.785 Y79.994 E234.22399
G1 X105.785 Y79.449 E234.2502
G1 X144.215 Y117.878 E236.86413
G1 X144.215 Y117.333 E236.89034
G1 X105.785 Y78.904 E239.50427
G1 X105.785 Y78.358 E239.53053
G1 X144.215 Y116.787 E242.14446
G1 X144.215 Y116.242 E242.17067
G1 X105.785 Y77.813 E244.7846
G1 X105.785 Y77.267 E244.81086
G1 X144.215 Y115.697 E247.42482
G1 X144.215 Y115.151 E247.45108
G1 X105.785 Y76.722 E250.06501
G1 X105.785 Y76.177 E250.09122
G1 X144.215 Y114.606 E252.70515
G1 X144.215 Y114.061 E252.73136
G1 X105.785 Y75.631 E255.34532
G1 X105.785 Y75.086 E255.37153
G1 X144.215 Y113.515 E257.98546
G1 X144.215 Y112.97 E258.01167
G1 X105.785 Y74.541 E260.6256
G1 X105.785 Y73.995 E260.65186
G1 X144.215 Y112.424 E263.26579
G1 X144.215 Y111.879 E263.292
G1 X106.313 Y73.978 E265.87001
G1 X106.858 Y73.978 E265.89622
G1 X144.215 Y111.334 E268.43716
G1 X144.215 Y110.788 E268.46342
G1 X107.404 Y73.978 E270.96722
G1 X107.949 Y73.978 E270.99343
G1 X144.215 Y110.243 E273.46016
G1 X144.215 Y109.698 E273.48637
G1 X108.494 Y73.978 E275.91603
G1 X109.04 Y73.978 E275.94229
G1 X144.215 Y109.152 E278.33482
G1 X144.215 Y108.607 E278.36103
G1 X109.585 Y73.978 E280.71649
G1 X110.13 Y73.978 E280.7427
G1 X144.215 Y108.062 E283.06109
G1 X144.215 Y107.516 E283.08735
G1 X110.676 Y73.978 E285.3686
G1 X111.221 Y73.978 E285.39481
G1 X144.215 Y106.971 E287.63899
G1 X144.215 Y106.426 E287.6652
G1 X111.767 Y73.978 E289.87227
G1 X112.312 Y73.978 E289.89848
G1 X144.215 Y105.88 E292.06845
G1 X144.215 Y105.335 E292.09466
G1 X112.857 Y73.978 E294.22756
G1 X113.403 Y73.978 E294.25382
G1 X144.215 Y104.79 E296.34961
G1 X144.215 Y104.244 E296.37587
G1 X113.948 Y73.978 E298.43456
G1 X114.493 Y73.978 E298.46077
G1 X144.215 Y103.699 E300.48239
G1 X144.215 Y103.154 E300.5086
G1 X115.039 Y73.978 E302.49312
G1 X115.584 Y73.978 E302.51933
G1 X144.215 Y102.608 E304.46674
G1 X144.215 Y102.063 E304.49295
G1 X116.129 Y73.978 E306.40329
G1 X116.675 Y73.978 E306.42955
G1 X144.215 Y101.518 E308.30279
G1 X144.215 Y100.972 E308.32905
G1 X117.22 Y73.978 E310.16518
G1 X117.765 Y73.978 E310.19139
G1 X144.215 Y100.427 E311.99045
G1 X144.215 Y99.881 E312.01671
G1 X118.311 Y73.978 E313.77863
G1 X118.856 Y73.978 E313.80484
G1 X144.215 Y99.336 E315.52969
G1 X144.215 Y98.791 E315.5559
G1 X119.401 Y73.978 E317.24368
G1 X119.947 Y73.978 E317.26994
G1 X144.215 Y98.245 E318.92059
G1 X144.215 Y97.7 E318.9468
G1 X120.492 Y73.978 E320.56038
G1 X121.037 Y73.978 E320.58659
G1 X144.215 Y97.155 E322.16309
G1 X144.215 Y96.609 E322.18935
G1 X121.583 Y73.978 E323.72872
G1 X122.197 Y74.047 E323.75844
G1 X144.215 Y96.064 E325.25604
G1 X144.215 Y95.519 E325.28225
G1 X122.811 Y74.115 E326.73812
G1 X123.425 Y74.184 E326.76784
G1 X144.215 Y94.973 E328.18192
G1 X144.215 Y94.428 E328.20813
G1 X124.039 Y74.252 E329.58048
G1 X124.652 Y74.32 E329.61014
G1 X144.215 Y93.883 E330.94079
G1 X144.215 Y93.337 E330.96705
G1 X125.213 Y74.336 E332.25951
G1 X125.703 Y74.281 E332.28323
G1 X144.215 Y92.792 E333.54236
G1 X144.215 Y92.247 E333.56857
G1 X126.194 Y74.226 E334.79434
G1 X126.685 Y74.171 E334.8181
G1 X144.215 Y91.701 E336.01047
G1 X144.215 Y91.156 E336.03668
G1 X127.175 Y74.117 E337.19569
G1 X127.666 Y74.062 E337.21945
G1 X144.215 Y90.611 E338.34509
G1 X144.215 Y90.065 E338.37135
G1 X128.156 Y74.007 E339.46363
G1 X128.672 Y73.978 E339.48849
G1 X144.215 Y89.52 E340.54567
G1 X144.215 Y88.975 E340.57188
G1 X129.218 Y73.978 E341.59196
G1 X129.763 Y73.978 E341.61817
G1 X144.215 Y88.429 E342.60114
G1 X144.215 Y87.884 E342.62735
G1 X130.308 Y73.978 E343.57325
G1 X130.854 Y73.978 E343.59951
G1 X144.215 Y87.338 E344.50827
G1 X144.215 Y86.793 E344.53448
G1 X131.399 Y73.978 E345.40617
G1 X131.944 Y73.978 E345.43238
G1 X144.215 Y86.248 E346.267
G1 X144.215 Y85.702 E346.29326
G1 X132.49 Y73.978 E347.09075
G1 X133.035 Y73.978 E347.11696
G1 X144.215 Y85.157 E347.87738
G1 X144.215 Y84.612 E347.90359
G1 X133.58 Y73.978 E348.62694
G1 X134.126 Y73.978 E348.6532
G1 X144.215 Y84.066 E349.33941
G1 X144.215 Y83.521 E349.36562
G1 X134.671 Y73.978 E350.01476
G1 X135.216 Y73.978 E350.04097
G1 X144.215 Y82.976 E350.65304
G1 X144.215 Y82.43 E350.6793
G1 X135.762 Y73.978 E351.25423
G1 X136.307 Y73.978 E351.28044
G1 X144.215 Y81.885 E351.8183
G1 X144.215 Y81.34 E351.84451
G1 X136.853 Y73.978 E352.34526
G1 X137.398 Y73.978 E352.37147
G1 X144.215 Y80.794 E352.83512
G1 X144.215 Y80.249 E352.86133
G1 X137.943 Y73.978 E353.28791
G1 X138.489 Y73.978 E353.31417
G1 X144.215 Y79.704 E353.70365
G1 X144.215 Y79.158 E353.72991
G1 X139.034 Y73.978 E354.08228
G1 X139.579 Y73.978 E354.10849
G1 X144.215 Y78.613 E354.42379
G1 X144.215 Y78.068 E354.45
G1 X140.125 Y73.978 E354.7282
G1 X140.67 Y73.978 E354.75441
G1 X144.215 Y77.522 E354.9955
G1 X144.215 Y76.977 E355.02171
G1 X141.215 Y73.978 E355.22573
G1 X141.761 Y73.978 E355.25199
G1 X144.215 Y76.432 E355.41891
G1 X144.215 Y75.886 E355.44517
G1 X142.306 Y73.978 E355.57498
G1 X144.215 Y73.978 E355.6668
G1 X144.215 Y75.341 E355.73236
G1 X142.988 Y74.114 E355.81582
G1 X143.802 Y74.327 F7800
;WIDTH:0.477309
G1 F1200
G1 X143.765 Y74.364 E355.81851
G1 X143.779 Y74.413 E355.82113
G1 X143.829 Y74.427 E355.8238
G1 X143.865 Y74.39 E355.82646
G1 X143.852 Y74.34 E355.82912
;LAYER_CHANGE
;Z:1.25
;HEIGHT:0.3
G1 E353.82912 F2400
G92 E0
G1 Z1.25 F7800
;AFTER_LAYER_CHANGE
;1.25
G1 X125.42 Y147.467
G1 E2 F2400
;TYPE:Perimeter
;WIDTH:0.45
G1 F1500
G1 X125.381 Y147.519 E2.00313
G1 X125.288 Y148.024 E2.02783
;WIDTH:0.485112
G1 X125.273 Y148.046 E2.02923
;WIDTH:0.520225
G1 X125.258 Y148.068 E2.03074
;WIDTH:0.555338
G1 X125.243 Y148.091 E2.03242
G1 X125.344 Y148.373 E2.05076
G1 X124.656 Y148.373 E2.09289
G1 X124.757 Y148.091 E2.11123
G1 X124.742 Y148.068 E2.11291
;WIDTH:0.520225
G1 X124.727 Y148.046 E2.11442
;WIDTH:0.485112
G1 X124.712 Y148.024 E2.11582
;WIDTH:0.45
G1 X124.619 Y147.519 E2.14052
G1 X124.394 Y147.22 E2.15852
G1 X124.124 Y147.05 E2.17387
G1 X123.752 Y146.976 E2.19211
G1 X105.496 Y146.976 E3.07016
G1 X105.496 Y73.169 E6.62002
G1 X119.387 Y73.169 E7.28813
G1 X121.255 Y73.823 E7.38332
G1 X125 Y74.249 E7.5646
G1 X128.745 Y73.823 E7.74588
G1 X130.613 Y73.169 E7.84107
G1 X144.504 Y73.169 E8.50918
G1 X144.504 Y146.976 E12.05904
G1 X126.248 Y146.976 E12.93709
G1 X125.946 Y147.024 E12.9518
G1 X125.606 Y147.22 E12.97068
G1 X125.456 Y147.419 E12.98267
G1 X125.758 Y147.655 F7800
G1 F1500
G1 X125.728 Y147.687 E12.98478
G1 X125.672 Y147.99 E12.9996
G1 X125.752 Y148.237 E13.01209
G1 X126.097 Y148.811 E13.0443
G1 X123.903 Y148.811 E13.14982
G1 X124.248 Y148.237 E13.18203
G1 X124.324 Y148.026 E13.19282
G1 X124.272 Y147.687 E13.20932
G1 X124.137 Y147.508 E13.2201
G1 X123.975 Y147.406 E13.22931
G1 X123.752 Y147.361 E13.24025
G1 X105.111 Y147.361 E14.13682
G1 X105.111 Y72.783 E17.72376
G1 X119.453 Y72.783 E18.41356
G1 X121.341 Y73.445 E18.50979
G1 X125 Y73.861 E18.68691
G1 X128.659 Y73.445 E18.86403
G1 X130.547 Y72.783 E18.96026
G1 X144.889 Y72.783 E19.65006
G1 X144.889 Y147.361 E23.237
G1 X126.231 Y147.361 E24.13438
G1 X125.962 Y147.437 E24.14782
G1 X125.799 Y147.611 E24.15929
G1 X126.094 Y147.841 F7800
;TYPE:External perimeter
G1 F1500
G1 X126.075 Y147.855 E24.16043
G1 X126.083 Y148.039 E24.16929
G1 X126.778 Y149.197 E24.23425
G1 X123.222 Y149.197 E24.40528
G1 X123.949 Y147.986 E24.47321
G1 X123.88 Y147.796 E24.48293
G1 X123.752 Y147.747 E24.48952
G1 X104.725 Y147.747 E25.40465
G1 X104.725 Y72.492 E29.02415
;TYPE:Overhang perimeter
;WIDTH:0.4
;HEIGHT:0.4
M106 S255
G1 X104.725 Y72.398 E29.02906
G1 X119.518 Y72.398 E29.80192
G1 X119.789 Y72.492 E29.81691
M107
;TYPE:External perimeter
;WIDTH:0.45
;HEIGHT:0.3
G1 X121.428 Y73.066 E29.90043
G1 X125 Y73.473 E30.07334
G1 X128.572 Y73.066 E30.24625
G1 X130.211 Y72.492 E30.32977
;TYPE:Overhang perimeter
;WIDTH:0.4
;HEIGHT:0.4
M106 S255
G1 X130.482 Y72.398 E30.34476
G1 X145.275 Y72.398 E31.11762
G1 X145.275 Y72.492 E31.12253
M107
;TYPE:External perimeter
;WIDTH:0.45
;HEIGHT:0.3
G1 X145.275 Y147.747 E34.74203
G1 X126.215 Y147.747 E35.65875
G1 X126.141 Y147.804 E35.66324
G1 X126.182 Y148.202 F7800
G1 E33.66324 F2400
G92 E0
G1 X128.427 Y146.139 F7800
G1 E2 F2400
;TYPE:Top solid infill
;WIDTH:0.401816
G1 F900
G1 X127.853 Y146.714 E2.03419
G1 X127.375 Y146.714 E2.05431
G1 X128.276 Y145.813 E2.10794
G1 X128.276 Y145.336 E2.12802
G1 X126.898 Y146.714 E2.21004
G1 X126.421 Y146.714 E2.23012
G1 X128.276 Y144.858 E2.34056
G1 X128.276 Y144.381 E2.36064
G1 X124.921 Y147.737 E2.56036
G1 X124.86 Y147.405 E2.57457
G1 X124.823 Y147.357 E2.57712
G1 X128.276 Y143.904 E2.78264
G1 X128.276 Y143.427 E2.80272
G1 X124.618 Y147.085 E3.02044
G1 X124.573 Y147.025 E3.0236
G1 X124.356 Y146.87 E3.03482
G1 X128.276 Y142.95 E3.26814
G1 X128.276 Y142.472 E3.28826
G1 X124.009 Y146.74 E3.54226
G1 X123.837 Y146.714 E3.54958
G1 X123.558 Y146.714 E3.56132
G1 X128.276 Y141.995 E3.84216
G1 X128.276 Y141.518 E3.86224
G1 X123.08 Y146.714 E4.1715
G1 X122.603 Y146.714 E4.19158
G1 X128.276 Y141.041 E4.52924
G1 X128.276 Y140.564 E4.54932
G1 X122.126 Y146.714 E4.91537
G1 X121.724 Y146.714 E4.93229
G1 X121.724 Y146.639 E4.93545
G1 X128.276 Y140.086 E5.32545
G1 X128.276 Y139.609 E5.34553
G1 X121.724 Y146.162 E5.73553
G1 X121.724 Y145.685 E5.75561
G1 X128.276 Y139.132 E6.14561
G1 X128.276 Y138.655 E6.16569
G1 X121.724 Y145.208 E6.55569
G1 X121.724 Y144.73 E6.57581
G1 X128.276 Y138.178 E6.96578
G1 X128.276 Y137.7 E6.9859
G1 X121.724 Y144.253 E7.3759
G1 X121.724 Y143.776 E7.39598
G1 X128.276 Y137.223 E7.78598
G1 X128.276 Y136.746 E7.80606
G1 X121.724 Y143.299 E8.19606
G1 X121.724 Y142.822 E8.21614
G1 X128.276 Y136.269 E8.60614
G1 X128.276 Y135.791 E8.62626
G1 X121.724 Y142.344 E9.01626
G1 X121.724 Y141.867 E9.03634
G1 X128.276 Y135.314 E9.42634
G1 X128.276 Y134.837 E9.44642
G1 X121.724 Y141.39 E9.83642
G1 X121.724 Y140.913 E9.8565
G1 X128.276 Y134.36 E10.2465
G1 X128.276 Y133.883 E10.26658
G1 X121.724 Y140.436 E10.65658
G1 X121.724 Y139.958 E10.6767
G1 X128.276 Y133.405 E11.0667
G1 X128.276 Y132.928 E11.08678
G1 X121.724 Y139.481 E11.47678
G1 X121.724 Y139.004 E11.49686
G1 X128.276 Y132.451 E11.88686
G1 X128.276 Y131.974 E11.90694
G1 X121.724 Y138.527 E12.29694
G1 X121.724 Y138.05 E12.31702
G1 X128.276 Y131.497 E12.70702
G1 X128.276 Y131.019 E12.72714
G1 X121.724 Y137.572 E13.11714
G1 X121.724 Y137.095 E13.13722
G1 X128.276 Y130.542 E13.52722
G1 X128.276 Y130.065 E13.5473
G1 X121.724 Y136.618 E13.9373
G1 X121.724 Y136.141 E13.95738
G1 X128.276 Y129.588 E14.34738
G1 X128.276 Y129.111 E14.36746
G1 X121.724 Y135.664 E14.75746
G1 X121.724 Y135.186 E14.77758
G1 X128.276 Y128.633 E15.16758
G1 X128.276 Y128.156 E15.18766
G1 X121.724 Y134.709 E15.57766
G1 X121.724 Y134.232 E15.59774
G1 X128.276 Y127.679 E15.98774
G1 X128.276 Y127.202 E16.00782
G1 X121.724 Y133.755 E16.39782
G1 X121.724 Y133.277 E16.41794
G1 X128.276 Y126.725 E16.80791
G1 X128.276 Y126.247 E16.82803
G1 X121.724 Y132.8 E17.21803
G1 X121.724 Y132.323 E17.23811
G1 X128.276 Y125.77 E17.62811
G1 X128.276 Y125.293 E17.64819
G1 X121.724 Y131.846 E18.03819
G1 X121.724 Y131.369 E18.05827
G1 X128.276 Y124.816 E18.44827
G1 X128.276 Y124.339 E18.46835
G1 X121.724 Y130.891 E18.85832
G1 X121.724 Y130.414 E18.8784
G1 X128.276 Y123.861 E19.2684
G1 X128.276 Y123.384 E19.28848
G1 X121.724 Y129.937 E19.67848
G1 X121.724 Y129.46 E19.69856
G1 X128.276 Y122.907 E20.08856
G1 X128.276 Y122.43 E20.10864
G1 X121.724 Y128.983 E20.49864
G1 X121.724 Y128.505 E20.51876
G1 X128.276 Y121.953 E20.90873
G1 X128.276 Y121.475 E20.92885
G1 X121.724 Y128.028 E21.31885
G1 X121.724 Y127.551 E21.33893
G1 X128.276 Y120.998 E21.72893
G1 X128.276 Y120.521 E21.74901
G1 X121.724 Y127.074 E22.13901
G1 X121.724 Y126.597 E22.15909
G1 X128.276 Y120.044 E22.54909
G1 X128.276 Y119.567 E22.56917
G1 X121.724 Y126.119 E22.95914
G1 X121.724 Y125.642 E22.97922
G1 X128.276 Y119.089 E23.36922
G1 X128.276 Y118.612 E23.3893
G1 X121.724 Y125.165 E23.7793
G1 X121.724 Y124.688 E23.79938
G1 X128.276 Y118.135 E24.18938
G1 X128.276 Y117.658 E24.20946
G1 X121.724 Y124.211 E24.59946
G1 X121.724 Y123.733 E24.61958
G1 X128.276 Y117.18 E25.00958
G1 X128.276 Y116.703 E25.02966
G1 X121.724 Y123.256 E25.41966
G1 X121.724 Y122.779 E25.43974
G1 X128.276 Y116.226 E25.82974
G1 X128.276 Y115.749 E25.84982
G1 X121.724 Y122.302 E26.23982
G1 X121.724 Y121.825 E26.2599
G1 X128.276 Y115.272 E26.6499
G1 X128.276 Y114.794 E26.67002
G1 X121.724 Y121.347 E27.06002
G1 X121.724 Y120.87 E27.0801
G1 X128.276 Y114.317 E27.4701
G1 X128.276 Y113.84 E27.49018
G1 X121.724 Y120.393 E27.88018
G1 X121.724 Y119.916 E27.90026
G1 X128.276 Y113.363 E28.29026
G1 X128.276 Y112.886 E28.31034
G1 X121.724 Y119.439 E28.70034
G1 X121.724 Y118.961 E28.72046
G1 X128.276 Y112.408 E29.11046
G1 X128.276 Y111.931 E29.13054
G1 X121.724 Y118.484 E29.52054
G1 X121.724 Y118.007 E29.54062
G1 X128.276 Y111.454 E29.93062
G1 X128.276 Y110.977 E29.9507
G1 X121.724 Y117.53 E30.3407
G1 X121.724 Y117.053 E30.36078
G1 X128.276 Y110.5 E30.75078
G1 X128.276 Y110.022 E30.7709
G1 X121.724 Y116.575 E31.1609
G1 X121.724 Y116.098 E31.18098
G1 X128.276 Y109.545 E31.57098
G1 X128.276 Y109.068 E31.59106
G1 X121.724 Y115.621 E31.98106
G1 X121.724 Y115.144 E32.00114
G1 X128.276 Y108.591 E32.39114
G1 X128.276 Y108.114 E32.41122
G1 X121.724 Y114.666 E32.80119
G1 X121.724 Y114.189 E32.82127
G1 X128.276 Y107.636 E33.21127
G1 X128.276 Y107.159 E33.23135
G1 X121.724 Y113.712 E33.62135
G1 X121.724 Y113.235 E33.64143
G1 X128.276 Y106.682 E34.03143
G1 X128.276 Y106.205 E34.05151
G1 X121.724 Y112.758 E34.44151
G1 X121.724 Y112.28 E34.46163
G1 X128.276 Y105.728 E34.8516
G1 X128.276 Y105.25 E34.87172
G1 X121.724 Y111.803 E35.26172
G1 X121.724 Y111.326 E35.2818
G1 X128.276 Y104.773 E35.6718
G1 X128.276 Y104.296 E35.69188
G1 X121.724 Y110.849 E36.08188
G1 X121.724 Y110.372 E36.10196
G1 X128.276 Y103.819 E36.49196
G1 X128.276 Y103.342 E36.51204
G1 X121.724 Y109.894 E36.90201
G1 X121.724 Y109.417 E36.92209
G1 X128.276 Y102.864 E37.31209
G1 X128.276 Y102.387 E37.33217
G1 X121.724 Y108.94 E37.72217
G1 X121.724 Y108.463 E37.74225
G1 X128.276 Y101.91 E38.13225
G1 X128.276 Y101.433 E38.15233
G1 X121.724 Y107.986 E38.54233
G1 X121.724 Y107.508 E38.56245
G1 X128.276 Y100.956 E38.95242
G1 X128.276 Y100.478 E38.97254
G1 X121.724 Y107.031 E39.36254
G1 X121.724 Y106.554 E39.38262
G1 X128.276 Y100.001 E39.77262
G1 X128.276 Y99.524 E39.7927
G1 X121.724 Y106.077 E40.1827
G1 X121.724 Y105.6 E40.20278
G1 X128.276 Y99.047 E40.59278
G1 X128.276 Y98.569 E40.6129
G1 X121.724 Y105.122 E41.0029
G1 X121.724 Y104.645 E41.02298
G1 X128.276 Y98.092 E41.41298
G1 X128.276 Y97.615 E41.43306
G1 X121.724 Y104.168 E41.82306
G1 X121.724 Y103.691 E41.84314
G1 X128.276 Y97.138 E42.23314
G1 X128.276 Y96.661 E42.25322
G1 X121.724 Y103.214 E42.64322
G1 X121.724 Y102.736 E42.66334
G1 X128.276 Y96.183 E43.05334
G1 X128.276 Y95.706 E43.07342
G1 X121.724 Y102.259 E43.46342
G1 X121.724 Y101.782 E43.4835
G1 X128.276 Y95.229 E43.8735
G1 X128.276 Y94.752 E43.89358
G1 X121.724 Y101.305 E44.28358
G1 X121.724 Y100.828 E44.30366
G1 X128.276 Y94.275 E44.69366
G1 X128.276 Y93.797 E44.71378
G1 X121.724 Y100.35 E45.10378
G1 X121.724 Y99.873 E45.12386
G1 X128.276 Y93.32 E45.51386
G1 X128.276 Y92.843 E45.53394
G1 X121.724 Y99.396 E45.92394
G1 X121.724 Y98.919 E45.94402
G1 X128.276 Y92.366 E46.33402
G1 X128.276 Y91.889 E46.3541
G1 X121.724 Y98.442 E46.7441
G1 X121.724 Y97.964 E46.76422
G1 X128.276 Y91.411 E47.15422
G1 X128.276 Y90.934 E47.1743
G1 X121.724 Y97.487 E47.5643
G1 X121.724 Y97.01 E47.58438
G1 X128.276 Y90.457 E47.97438
G1 X128.276 Y89.98 E47.99446
G1 X121.724 Y96.533 E48.38446
G1 X121.724 Y96.055 E48.40458
G1 X128.276 Y89.503 E48.79455
G1 X128.276 Y89.025 E48.81467
G1 X121.724 Y95.578 E49.20467
G1 X121.724 Y95.101 E49.22475
G1 X128.276 Y88.548 E49.61475
G1 X128.276 Y88.071 E49.63483
G1 X121.724 Y94.624 E50.02483
G1 X121.724 Y94.147 E50.04491
G1 X128.276 Y87.594 E50.43491
G1 X128.276 Y87.117 E50.45499
G1 X121.724 Y93.669 E50.84496
G1 X121.724 Y93.192 E50.86504
G1 X128.276 Y86.639 E51.25504
G1 X128.276 Y86.162 E51.27512
G1 X121.724 Y92.715 E51.66512
G1 X121.724 Y92.238 E51.6852
G1 X128.276 Y85.685 E52.0752
G1 X128.276 Y85.208 E52.09528
G1 X121.724 Y91.761 E52.48528
G1 X121.724 Y91.283 E52.5054
G1 X128.276 Y84.731 E52.89537
G1 X128.276 Y84.253 E52.91549
G1 X121.724 Y90.806 E53.30549
G1 X121.724 Y90.329 E53.32557
G1 X128.276 Y83.776 E53.71557
G1 X128.276 Y83.299 E53.73565
G1 X121.724 Y89.852 E54.12565
G1 X121.724 Y89.375 E54.14573
G1 X128.276 Y82.822 E54.53573
G1 X128.276 Y82.345 E54.55581
G1 X121.724 Y88.897 E54.94578
G1 X121.724 Y88.42 E54.96586
G1 X128.276 Y81.867 E55.35586
G1 X128.276 Y81.39 E55.37594
G1 X121.724 Y87.943 E55.76594
G1 X121.724 Y87.466 E55.78602
G1 X128.276 Y80.913 E56.17602
G1 X128.276 Y80.436 E56.1961
G1 X121.724 Y86.989 E56.5861
G1 X121.724 Y86.511 E56.60622
G1 X128.276 Y79.958 E56.99622
G1 X128.276 Y79.481 E57.0163
G1 X121.724 Y86.034 E57.4063
G1 X121.724 Y85.557 E57.42638
G1 X128.276 Y79.004 E57.81638
G1 X128.276 Y78.527 E57.83646
G1 X121.724 Y85.08 E58.22646
G1 X121.724 Y84.603 E58.24654
G1 X128.276 Y78.05 E58.63654
G1 X128.276 Y77.572 E58.65666
G1 X121.724 Y84.125 E59.04666
G1 X121.724 Y83.648 E59.06674
G1 X128.276 Y77.095 E59.45674
G1 X128.276 Y76.618 E59.47682
G1 X121.724 Y83.171 E59.86682
G1 X121.724 Y82.694 E59.8869
G1 X128.276 Y76.141 E60.2769
G1 X128.276 Y75.664 E60.29698
G1 X121.724 Y82.217 E60.68698
G1 X121.724 Y81.739 E60.7071
G1 X128.427 Y75.035 E61.10609
G1 X129.164 Y73.822 F7800
G1 F900
G1 X128.768 Y74.218 E61.12966
G1 X128.47 Y74.218 E61.1422
G1 X128.276 Y74.411 E61.15372
G1 X128.276 Y74.709 E61.16626
G1 X121.724 Y81.262 E61.55626
G1 X121.724 Y80.785 E61.57634
G1 X128.38 Y74.128 E61.97253
G1 X127.843 Y74.189 E61.99528
G1 X121.724 Y80.308 E62.35948
G1 X121.724 Y79.831 E62.37956
G1 X127.305 Y74.249 E62.71177
G1 X126.768 Y74.309 E62.73451
G1 X121.724 Y79.353 E63.03473
G1 X121.724 Y78.876 E63.05481
G1 X126.23 Y74.369 E63.32304
G1 X125.693 Y74.43 E63.34579
G1 X121.724 Y78.399 E63.58202
G1 X121.724 Y77.922 E63.6021
G1 X125.155 Y74.49 E63.80634
G1 X125 Y74.507 E63.8129
G1 X124.695 Y74.473 E63.82582
G1 X121.724 Y77.444 E64.00265
G1 X121.724 Y76.967 E64.02273
G1 X124.266 Y74.425 E64.17403
G1 X123.837 Y74.377 E64.1922
G1 X121.724 Y76.49 E64.31797
G1 X121.724 Y76.013 E64.33805
G1 X123.408 Y74.329 E64.43828
G1 X122.979 Y74.281 E64.45645
G1 X121.724 Y75.536 E64.53115
G1 X121.724 Y75.058 E64.55127
G1 X122.549 Y74.233 E64.60037
G1 X122.12 Y74.184 E64.61854
G1 X121.724 Y74.581 E64.64214
G1 X121.724 Y74.411 E64.64929
G1 X121.57 Y74.257 E64.65846
G1 X121.691 Y74.136 E64.66566
G1 X121.263 Y74.087 E64.68379
G1 X120.982 Y74.369 E64.70054
G1 E62.70054 F2400
G92 E0
G1 X130.662 Y73.458 F7800
G1 E2 F2400
;TYPE:Solid infill
;WIDTH:0.45
G1 F1200
G1 X144.215 Y73.458 E2.65185
G1 X144.215 Y74.193 E2.6872
G1 X129.411 Y74.193 E3.39922
G1 X129.399 Y73.9 E3.41332
G1 X130.48 Y73.522 E3.4684
G1 X130.724 Y73.825 E3.48711
;WIDTH:0.413353
G1 X143.847 Y73.825 E4.0583
G1 E2.0583 F2400
G92 E0
G1 X136.555 Y74.578 F7800
G1 E2 F2400
;TYPE:Internal infill
;WIDTH:0.45
G1 F1200
G1 X134.241 Y74.578 E2.1113
G1 X128.637 Y76.08 E2.39035
G1 X128.637 Y75.916 E2.39824
G1 X144.215 Y91.494 E3.45784
G1 X144.215 Y92.887 E3.52484
G1 X129.798 Y146.689 E6.20383
G1 X133.309 Y146.688 E6.3727
G1 X144.215 Y143.766 E6.91574
G1 X144.215 Y146.028 E7.02453
G1 X128.637 Y130.451 E8.08409
G1 X128.637 Y131.971 E8.1572
G1 X144.215 Y127.797 E8.93288
G1 X144.215 Y124.215 E9.10516
G1 X128.637 Y108.637 E10.16476
G1 X128.637 Y108.018 E10.19453
G1 X144.215 Y103.844 E10.97021
G1 X144.215 Y102.401 E11.03961
G1 X128.637 Y86.823 E12.09921
G1 X128.637 Y84.064 E12.23191
G1 X144.215 Y79.89 E13.00759
G1 X144.215 Y80.587 E13.04111
G1 X138.206 Y74.578 E13.44984
G1 X141.136 Y74.578 E13.59076
G1 X128.637 Y121.225 E15.91347
G1 X128.637 Y123.987 E16.04631
G1 X144.215 Y119.813 E16.82199
G1 X144.215 Y122.685 E16.96012
G1 X137.783 Y146.687 E18.15527
G1 X140.097 Y146.687 E18.26657
G1 E16.26657 F2400
G92 E0
G1 X133.967 Y146.688 F7800
G1 E2 F2400
G1 F1200
G1 X128.637 Y141.358 E2.36254
G1 X128.637 Y139.955 E2.43002
G1 X144.215 Y135.782 E3.20569
G1 X144.215 Y135.122 E3.23743
G1 X128.637 Y119.544 E4.29703
G1 X128.637 Y116.002 E4.46739
G1 X144.215 Y111.828 E5.24307
G1 X144.215 Y113.308 E5.31425
G1 X128.637 Y97.73 E6.37385
G1 X128.637 Y100.033 E6.48462
G1 X144.215 Y95.859 E7.2603
G1 X144.215 Y98.173 E7.3716
G1 E5.3716 F2400
G92 E0
G1 X144.215 Y85.561 F7800
G1 E2 F2400
G1 F1200
G1 X144.215 Y87.875 E2.1113
G1 X128.637 Y92.049 E2.88698
G1 X128.637 Y91.426 E2.91694
G1 X133.151 Y74.578 E3.75585
G1 E1.75585 F2400
G92 E0
G1 X106.153 Y73.825 F7800
G1 E2 F2400
;TYPE:Solid infill
;WIDTH:0.413357
G1 F1200
G1 X119.276 Y73.825 E2.57119
;WIDTH:0.45
G1 X119.338 Y73.458 E2.58909
G1 X120.611 Y73.904 E2.65397
G1 X120.594 Y74.193 E2.66789
G1 X105.785 Y74.193 E3.38015
G1 X105.785 Y73.458 E3.4155
G1 X119.145 Y73.458 E4.05807
G1 E2.05807 F2400
G92 E0
G1 X105.785 Y111.827 F7800
G1 E2 F2400
;TYPE:Internal infill
;WIDTH:0.45
G1 F1200
G1 X105.785 Y114.141 E2.1113
G1 X121.363 Y109.967 E2.88698
G1 X121.363 Y112.27 E2.99775
G1 X105.785 Y96.692 E4.05735
G1 X105.785 Y98.172 E4.12853
G1 X121.363 Y93.998 E4.90421
G1 X121.363 Y90.456 E5.07457
G1 X105.785 Y74.878 E6.13417
G1 X105.785 Y74.578 E6.1486
G1 X109.198 Y74.578 E6.31275
G1 X105.785 Y87.315 E6.94697
G1 X105.785 Y90.187 E7.0851
G1 X121.363 Y86.013 E7.86078
G1 X121.363 Y88.775 E7.99362
G1 X105.846 Y146.686 E10.87719
G1 X108.159 Y146.687 E10.98844
G1 E8.98844 F2400
G92 E0
G1 X105.785 Y146.079 F7800
G1 E2 F2400
G1 F1200
G1 X121.363 Y141.905 E2.77568
G1 X121.363 Y144.991 E2.92411
G1 X105.785 Y129.413 E3.98371
G1 X105.785 Y130.11 E4.01723
G1 X121.363 Y125.936 E4.79291
G1 X121.363 Y123.177 E4.92561
G1 X105.785 Y107.599 E5.98521
G1 X105.785 Y106.156 E6.05461
G1 X121.363 Y101.982 E6.83029
G1 X121.363 Y101.363 E6.86006
G1 X105.785 Y85.785 E7.91966
G1 X105.785 Y82.203 E8.09194
G1 X121.363 Y78.029 E8.86762
G1 X121.363 Y79.549 E8.94073
G1 X116.392 Y74.578 E9.27885
G1 X117.183 Y74.578 E9.31689
G1 X105.785 Y117.113 E11.43486
G1 X105.785 Y118.506 E11.50186
G1 X121.363 Y134.084 E12.56146
G1 X121.363 Y133.92 E12.56935
G1 X105.785 Y138.094 E13.34503
G1 X105.785 Y140.32 E13.45209
G1 X112.153 Y146.687 E13.8852
G1 X113.83 Y146.688 E13.96586
G1 X121.363 Y118.574 E15.36575
G1 X121.363 Y117.951 E15.39571
G1 X105.785 Y122.125 E16.17139
G1 X105.785 Y124.439 E16.28269
;LAYER_CHANGE
;Z:1.55
;HEIGHT:0.3
G1 E14.28269 F2400
G92 E0
G1 Z1.55 F7800
;AFTER_LAYER_CHANGE
;1.55
G1 X121.733 Y146.976
G1 E2 F2400
;TYPE:Perimeter
;WIDTH:0.45
G1 F1500
G1 X105.496 Y146.976 E2.78094
G1 X105.496 Y72.649 E6.35581
G1 X117.455 Y72.649 E6.931
G1 X117.76 Y72.772 E6.94682
G1 X121.153 Y73.96 E7.11973
G1 X121.733 Y74.051 E7.14797
G1 X121.733 Y146.916 E10.65252
G1 X122.119 Y147.361 F7800
G1 F1500
G1 X105.111 Y147.361 E11.47055
G1 X105.111 Y72.264 E15.08245
G1 X117.628 Y72.264 E15.68447
G1 X117.887 Y72.408 E15.69872
G1 X121.341 Y73.618 E15.87474
G1 X122.119 Y73.706 E15.9124
G1 X122.119 Y147.301 E19.45206
G1 X122.504 Y147.747 F7800
;TYPE:External perimeter
G1 F1500
G1 X104.725 Y147.747 E20.30717
G1 X104.725 Y71.973 E23.95164
;TYPE:Overhang perimeter
;WIDTH:0.4
;HEIGHT:0.4
M106 S255
G1 X104.725 Y71.878 E23.9566
G1 X117.737 Y71.878 E24.63641
G1 X117.895 Y71.973 E24.64604
M107
;TYPE:External perimeter
;WIDTH:0.45
;HEIGHT:0.3
G1 X118.015 Y72.044 E24.65275
G1 X121.428 Y73.24 E24.82669
G1 X122.504 Y73.362 E24.87877
G1 X122.504 Y147.687 E28.45354
G1 X122.109 Y147.746 F7800
G1 E26.45354 F2400
G92 E0
G1 X108.159 Y146.686 F7800
G1 E2 F2400
;TYPE:Internal infill
;WIDTH:0.45
G1 F1200
G1 X105.846 Y146.686 E2.11125
G1 X121.444 Y88.473 E5.00986
G1 X121.444 Y85.992 E5.12919
G1 X105.785 Y90.187 E5.90889
G1 X105.785 Y87.315 E6.04702
G1 X109.337 Y74.059 E6.70708
G1 X106.382 Y74.059 E6.84921
G1 X105.785 Y74.218 E6.87892
G1 X105.785 Y74.878 E6.91066
G1 X121.444 Y90.537 E7.97577
G1 X121.444 Y93.976 E8.14117
G1 X105.785 Y98.172 E8.92088
G1 X105.785 Y96.692 E8.99206
G1 X121.444 Y112.351 E10.05717
G1 X121.444 Y109.945 E10.17289
G1 X105.785 Y114.141 E10.9526
G1 X105.785 Y111.827 E11.0639
G1 E9.0639 F2400
G92 E0
G1 X105.785 Y124.439 F7800
G1 E2 F2400
G1 F1200
G1 X105.785 Y122.125 E2.1113
G1 X121.444 Y117.93 E2.891
G1 X121.444 Y118.271 E2.9074
G1 X113.83 Y146.686 E4.32228
G1 X112.152 Y146.686 E4.40299
G1 X105.785 Y140.32 E4.83603
G1 X105.785 Y138.094 E4.94309
G1 X121.444 Y133.898 E5.7228
G1 X121.444 Y134.165 E5.73564
G1 X105.785 Y118.506 E6.80075
G1 X105.785 Y117.113 E6.86775
G1 X117.322 Y74.059 E9.01156
G1 X115.873 Y74.059 E9.08125
G1 X121.444 Y79.63 E9.46018
G1 X121.444 Y78.007 E9.53824
G1 X105.785 Y82.203 E10.31795
G1 X105.785 Y85.785 E10.49023
G1 X121.444 Y101.444 E11.55534
G1 X121.444 Y101.961 E11.58021
G1 X105.785 Y106.156 E12.35991
G1 X105.785 Y107.599 E12.42931
G1 X121.444 Y123.258 E13.49442
G1 X121.444 Y125.914 E13.62216
G1 X105.785 Y130.11 E14.40187
G1 X105.785 Y129.413 E14.43539
G1 X121.444 Y145.072 E15.5005
G1 X121.444 Y141.883 E15.65388
G1 X105.785 Y146.079 E16.43359
G1 E14.43359 F2400
G92 E0
G1 X105.785 Y73.131 F7800
G1 E2 F2400
;TYPE:Solid infill
;WIDTH:0.45
G1 F1200
G1 X105.785 Y73.673 E2.02607
G1 X117.563 Y73.673 E2.59255
;WIDTH:0.47586
G1 X119.38 Y73.66 E2.6858
G1 X117.669 Y73.047 E2.77908
;WIDTH:0.45
G1 X117.442 Y72.938 E2.79119
G1 X105.785 Y72.938 E3.35185
G1 X106.153 Y73.306 E3.37688
;WIDTH:0.413375
G1 X117.358 Y73.306 E3.86462
G1 E1.86462 F2400
G92 E0
G1 X119.382 Y73.662 F7800
G1 E2 F2400
;WIDTH:0.478293
G1 F1200
G1 X119.416 Y73.672 E2.00183
;WIDTH:0.475181
G1 X121.049 Y74.242 E2.09045
;WIDTH:0.488121
G1 X121.425 Y74.316 E2.1107
G1 E.1107 F2400
G92 E0
G1 X125.981 Y148.543 F7800
G1 E2 F2400
;TYPE:Perimeter
;WIDTH:0.371573
G1 F1200
G1 X126.166 Y148.85 E2.01373
G1 X123.834 Y148.85 E2.10308
G1 X124.019 Y148.543 E2.11681
G1 X125.921 Y148.543 E2.18968
G1 X126.178 Y148.197 F7800
;TYPE:External perimeter
;WIDTH:0.45
G1 F1200
G1 X126.778 Y149.197 E2.24577
G1 X123.222 Y149.197 E2.4168
G1 X123.822 Y148.197 E2.47289
G1 X126.118 Y148.197 E2.58332
G1 X126.363 Y148.513 F7800
G1 E.58332 F2400
G92 E0
G1 X128.267 Y146.976 F7800
G1 E2 F2400
;TYPE:Perimeter
G1 F1500
G1 X128.267 Y74.051 E5.50744
G1 X128.847 Y73.96 E5.53568
G1 X132.24 Y72.772 E5.70859
G1 X132.482 Y72.649 E5.72165
G1 X144.504 Y72.649 E6.29987
G1 X144.504 Y146.976 E9.87474
G1 X128.327 Y146.976 E10.6528
G1 X127.881 Y147.361 F7800
G1 F1500
G1 X127.881 Y73.706 E14.19535
G1 X128.72 Y73.596 E14.23605
G1 X132.113 Y72.408 E14.40896
G1 X132.372 Y72.264 E14.42321
G1 X144.889 Y72.264 E15.02523
G1 X144.889 Y147.361 E18.63713
G1 X127.941 Y147.361 E19.45227
G1 X127.496 Y147.747 F7800
;TYPE:External perimeter
G1 F1500
G1 X127.496 Y73.362 E23.02993
G1 X128.572 Y73.24 E23.08201
G1 X131.985 Y72.044 E23.25595
G1 X132.105 Y71.973 E23.26266
;TYPE:Overhang perimeter
;WIDTH:0.4
;HEIGHT:0.4
M106 S255
G1 X132.263 Y71.878 E23.27229
G1 X145.275 Y71.878 E23.9521
G1 X145.275 Y71.973 E23.95706
M107
;TYPE:External perimeter
;WIDTH:0.45
;HEIGHT:0.3
G1 X145.275 Y147.747 E27.60153
G1 X127.556 Y147.747 E28.45375
G1 X127.496 Y147.351 F7800
G1 E26.45375 F2400
G92 E0
G1 X133.965 Y146.686 F7800
G1 E2 F2400
;TYPE:Internal infill
;WIDTH:0.45
G1 F1200
G1 X128.556 Y141.277 E2.36791
G1 X128.556 Y139.977 E2.43044
G1 X144.215 Y135.782 E3.21014
G1 X144.215 Y135.122 E3.24188
G1 X128.556 Y119.463 E4.30699
G1 X128.556 Y116.024 E4.47239
G1 X144.215 Y111.828 E5.2521
G1 X144.215 Y113.308 E5.32328
G1 X128.556 Y97.649 E6.38839
G1 X128.556 Y100.055 E6.50411
G1 X144.215 Y95.859 E7.28382
G1 X144.215 Y98.173 E7.39512
G1 E5.39512 F2400
G92 E0
G1 X144.215 Y85.561 F7800
G1 E2 F2400
G1 F1200
G1 X144.215 Y87.875 E2.1113
G1 X128.556 Y92.07 E2.891
G1 X128.556 Y91.729 E2.9074
G1 X133.291 Y74.059 E3.78725
G1 X130.977 Y74.059 E3.89855
G1 E1.89855 F2400
G92 E0
G1 X128.575 Y74.316 F7800
G1 E2 F2400
;TYPE:Solid infill
;WIDTH:0.488623
G1 F1200
G1 X128.952 Y74.242 E2.02033
;WIDTH:0.471571
G1 X130.557 Y73.679 E2.10671
;WIDTH:0.482319
G1 X130.624 Y73.661 E2.11033
G1 X130.817 Y73.663 E2.12039
;WIDTH:0.478883
G1 X132.438 Y73.677 E2.2042
;WIDTH:0.45
G1 X144.215 Y73.673 E2.77063
G1 X144.215 Y72.938 E2.80598
G1 X132.558 Y72.938 E3.36664
G1 X132.331 Y73.047 E3.37875
;WIDTH:0.482319
G1 X130.624 Y73.661 E3.47331
G1 E1.47331 F2400
G92 E0
G1 X132.643 Y73.308 F7800
G1 E2 F2400
;WIDTH:0.417305
G1 F1200
G1 X143.847 Y73.306 E2.49318
G1 X143.589 Y74.059 F7800
;TYPE:Internal infill
;WIDTH:0.45
G1 F1200
G1 X141.275 Y74.059 E2.60448
G1 X128.556 Y121.527 E4.96807
G1 X128.556 Y124.008 E5.0874
G1 X144.215 Y119.813 E5.8671
G1 X144.215 Y122.685 E6.00523
G1 X137.784 Y146.686 E7.20032
G1 X140.097 Y146.686 E7.31157
G1 E5.31157 F2400
G92 E0
G1 X144.215 Y130.111 F7800
G1 E2 F2400
G1 F1200
G1 X144.215 Y127.797 E2.1113
G1 X128.556 Y131.993 E2.89101
G1 X128.556 Y130.37 E2.96907
G1 X144.215 Y146.028 E4.03414
G1 X144.215 Y143.766 E4.14293
G1 X133.316 Y146.686 E4.68562
G1 X129.799 Y146.686 E4.85478
G1 X144.215 Y92.887 E7.53361
G1 X144.215 Y91.494 E7.60061
G1 X128.556 Y75.835 E8.66572
G1 X128.556 Y76.102 E8.67856
G1 X136.181 Y74.059 E9.05823
G1 X137.686 Y74.059 E9.13062
G1 X144.215 Y80.587 E9.57468
G1 X144.215 Y79.89 E9.6082
G1 X128.556 Y84.086 E10.38791
G1 X128.556 Y86.742 E10.51565
G1 X144.215 Y102.401 E11.58076
G1 X144.215 Y103.844 E11.65016
G1 X128.556 Y108.039 E12.42986
G1 X128.556 Y108.556 E12.45473
G1 X144.215 Y124.215 E13.51984
G1 X144.215 Y126.528 E13.63109
;LAYER_CHANGE
;Z:1.85
;HEIGHT:0.3
G1 E11.63109 F2400
G92 E0
G1 Z1.85 F7800
;AFTER_LAYER_CHANGE
;1.85
G1 X121.896 Y146.976
G1 E2 F2400
;TYPE:Perimeter
;WIDTH:0.45
G1 F1500
G1 X105.496 Y146.976 E2.78878
G1 X105.496 Y72.13 E6.38861
G1 X116.396 Y72.13 E6.91286
G1 X117.661 Y72.911 E6.98436
G1 X121.255 Y74.169 E7.1675
G1 X121.896 Y74.242 E7.19853
G1 X121.896 Y146.916 E10.6939
G1 X122.282 Y147.361 F7800
G1 F1500
G1 X105.111 Y147.361 E11.51977
G1 X105.111 Y71.744 E15.15668
G1 X116.505 Y71.744 E15.70469
G1 X117.828 Y72.56 E15.77945
G1 X121.341 Y73.791 E15.95849
G1 X122.282 Y73.898 E16.00404
G1 X122.282 Y147.301 E19.53447
G1 X122.668 Y147.747 F7800
;TYPE:External perimeter
G1 F1500
G1 X104.725 Y147.747 E20.39747
G1 X104.725 Y71.453 E24.06695
;TYPE:Overhang perimeter
;WIDTH:0.4
;HEIGHT:0.4
M106 S255
G1 X104.725 Y71.358 E24.07191
G1 X116.615 Y71.358 E24.6931
G1 X116.768 Y71.453 E24.70251
M107
;TYPE:External perimeter
;WIDTH:0.45
;HEIGHT:0.3
G1 X117.995 Y72.21 E24.77185
G1 X121.428 Y73.413 E24.94681
G1 X122.668 Y73.554 E25.00683
G1 X122.668 Y147.687 E28.57237
G1 X122.272 Y147.746 F7800
G1 E26.57237 F2400
G92 E0
G1 X108.091 Y146.686 F7800
G1 E2 F2400
;TYPE:Solid infill
;WIDTH:0.450029
G1 F1200
G1 X111.644 Y146.686 E2.1709
G1 X111.869 Y146.574 E2.18299
G1 X112.196 Y146.686 E2.19962
G1 X113.888 Y146.686 E2.28101
G1 E.28101 F2400
G92 E0
G1 X106.171 Y92.398 F7800
G1 E2 F2400
;TYPE:Internal infill
;WIDTH:0.45
G1 F1200
G1 X106.171 Y90.084 E2.1113
G1 X121.385 Y86.008 E2.86885
G1 X121.385 Y88.695 E2.99809
G1 X106.171 Y145.472 E5.82521
G1 X106.171 Y145.975 E5.8494
G1 X121.385 Y141.899 E6.60695
G1 X121.385 Y145.012 E6.75667
G1 X106.171 Y129.799 E7.79147
G1 X106.171 Y130.006 E7.80143
G1 X121.385 Y125.93 E8.55898
G1 X121.385 Y123.198 E8.69038
G1 X106.171 Y107.985 E9.72518
G1 X106.171 Y106.053 E9.8181
G1 X121.385 Y101.977 E10.57565
G1 X121.385 Y101.385 E10.60412
G1 X106.171 Y86.171 E11.63896
G1 X106.171 Y85.875 E11.6532
G1 X109.477 Y73.539 E12.26746
G1 X108.321 Y73.539 E12.32306
G1 X106.171 Y74.115 E12.43011
G1 X106.171 Y75.264 E12.48537
G1 X121.385 Y90.478 E13.52021
G1 X121.385 Y93.992 E13.68922
G1 X106.171 Y98.069 E14.44678
G1 X106.171 Y97.078 E14.49444
G1 X121.385 Y112.292 E15.52928
G1 X121.385 Y109.961 E15.64139
G1 X106.171 Y114.037 E16.39894
G1 X106.171 Y111.724 E16.51019
G1 E14.51019 F2400
G92 E0
G1 X106.171 Y124.336 F7800
G1 E2 F2400
G1 F1200
G1 X106.171 Y122.022 E2.1113
G1 X121.385 Y117.945 E2.86886
G1 X121.385 Y118.493 E2.89522
G1 X113.934 Y146.301 E4.27987
G1 X111.766 Y146.301 E4.38414
G1 X106.171 Y140.706 E4.76471
G1 X106.171 Y137.991 E4.89529
G1 X121.385 Y133.914 E5.65285
G1 X121.385 Y134.105 E5.66204
G1 X106.171 Y118.892 E6.69684
G1 X106.171 Y115.674 E6.85161
G1 X117.455 Y73.56 E8.9486
G1 X115.353 Y73.539 E9.0497
G1 X121.385 Y79.571 E9.45999
G1 X121.385 Y78.023 E9.53444
G1 X106.171 Y82.1 E10.292
G1 X106.171 Y79.786 E10.4033
G1 E8.4033 F2400
G92 E0
G1 X116.121 Y72.419 F7800
G1 E2 F2400
;TYPE:Solid infill
;WIDTH:0.45
G1 F1200
G1 X105.785 Y72.419 E2.49713
G1 X105.785 Y73.153 E2.53243
G1 X116.21 Y73.153 E3.03384
;WIDTH:0.456063
G1 X117.371 Y73.15 E3.09056
G1 X117.523 Y73.169 E3.09804
G1 X116.402 Y72.473 E3.1625
;WIDTH:0.45
G1 X116.314 Y72.419 E3.16747
G1 X116.21 Y72.786 E3.18582
;WIDTH:0.413393
G1 X106.153 Y72.786 E3.62361
G1 X105.785 Y73.689 F7800
;WIDTH:0.450031
G1 F1200
G1 X105.785 Y146.331 E7.11772
G1 X105.867 Y146.628 E7.13254
;WIDTH:0.413853
G1 X106.333 Y146.628 E7.15285
G1 E5.15285 F2400
G92 E0
G1 X114.683 Y146.686 F7800
G1 E2 F2400
;WIDTH:0.450039
G1 F1200
G1 X121.577 Y146.686 E2.33161
G1 X121.689 Y146.494 E2.3423
;WIDTH:0.404381
G1 X121.689 Y74.864 E5.37989
;WIDTH:0.448209
G1 X121.647 Y74.753 E5.38557
;WIDTH:0.492038
G1 X121.606 Y74.642 E5.39188
;WIDTH:0.535867
G1 X121.564 Y74.53 E5.39891
G1 X121.306 Y74.473 E5.41445
;WIDTH:0.503901
G1 X121.048 Y74.415 E5.42895
;WIDTH:0.471935
G1 X117.668 Y73.225 E5.6111
;WIDTH:0.466201
G1 X117.606 Y73.2 E5.61445
G1 E3.61445 F2400
G92 E0
G1 X125.981 Y148.543 F7800
G1 E2 F2400
;TYPE:Perimeter
;WIDTH:0.371573
G1 F1200
G1 X126.166 Y148.85 E2.01373
G1 X123.834 Y148.85 E2.10308
G1 X124.019 Y148.543 E2.11681
G1 X125.921 Y148.543 E2.18968
G1 X126.178 Y148.197 F7800
;TYPE:External perimeter
;WIDTH:0.45
G1 F1200
G1 X126.778 Y149.197 E2.24577
G1 X123.222 Y149.197 E2.4168
G1 X123.822 Y148.197 E2.47289
G1 X126.118 Y148.197 E2.58332
G1 X126.363 Y148.513 F7800
G1 E.58332 F2400
G92 E0
G1 X128.104 Y146.976 F7800
G1 E2 F2400
;TYPE:Perimeter
G1 F1500
G1 X128.104 Y74.242 E5.49825
G1 X128.847 Y74.134 E5.53436
G1 X132.339 Y72.911 E5.71232
G1 X133.604 Y72.13 E5.78382
G1 X144.504 Y72.13 E6.30807
G1 X144.504 Y146.976 E9.9079
G1 X128.164 Y146.976 E10.6938
G1 X127.718 Y147.361 F7800
G1 F1500
G1 X127.718 Y73.898 E14.22712
G1 X128.72 Y73.77 E14.2757
G1 X132.172 Y72.56 E14.45163
G1 X133.495 Y71.744 E14.52639
G1 X144.889 Y71.744 E15.0744
G1 X144.889 Y147.361 E18.71131
G1 X127.778 Y147.361 E19.53429
G1 X127.333 Y147.747 F7800
;TYPE:External perimeter
G1 F1500
G1 X127.333 Y73.554 E23.10272
G1 X128.572 Y73.413 E23.1627
G1 X132.005 Y72.21 E23.33766
G1 X133.232 Y71.453 E23.407
;TYPE:Overhang perimeter
;WIDTH:0.4
;HEIGHT:0.4
M106 S255
G1 X133.385 Y71.358 E23.41641
G1 X145.275 Y71.358 E24.0376
G1 X145.275 Y71.453 E24.04256
M107
;TYPE:External perimeter
;WIDTH:0.45
;HEIGHT:0.3
G1 X145.275 Y147.747 E27.71204
G1 X127.393 Y147.747 E28.5721
G1 X127.333 Y147.351 F7800
G1 E26.5721 F2400
G92 E0
G1 X128.615 Y145.274 F7800
G1 E2 F2400
;TYPE:Internal infill
;WIDTH:0.45
G1 F1200
G1 X128.615 Y146.301 E2.0494
G1 X129.902 Y146.301 E2.1113
G1 X143.829 Y94.326 E4.69931
G1 X143.829 Y92.013 E4.81056
G1 E2.81056 F2400
G92 E0
G1 X143.829 Y98.276 F7800
G1 E2 F2400
G1 F1200
G1 X143.829 Y95.963 E2.11125
G1 X128.615 Y100.039 E2.8688
G1 X128.615 Y97.709 E2.98087
G1 X143.829 Y112.922 E4.01567
G1 X143.829 Y111.931 E4.06333
G1 X128.615 Y116.008 E4.82089
G1 X128.615 Y119.522 E4.9899
G1 X143.829 Y134.736 E6.02474
G1 X143.829 Y135.885 E6.08
G1 X128.615 Y139.961 E6.83755
G1 X128.615 Y141.336 E6.90368
G1 X133.58 Y146.301 E7.24139
G1 X134.755 Y146.301 E7.2979
G1 X143.829 Y143.869 E7.74973
G1 X143.829 Y145.643 E7.83505
G1 X128.615 Y130.429 E8.86989
G1 X128.615 Y131.977 E8.94434
G1 X143.829 Y127.9 E9.7019
G1 X143.829 Y130.214 E9.8132
G1 E7.8132 F2400
G92 E0
G1 X143.829 Y117.602 F7800
G1 E2 F2400
G1 F1200
G1 X143.829 Y119.916 E2.1113
G1 X128.615 Y123.992 E2.86885
G1 X128.615 Y121.305 E2.99809
G1 X141.414 Y73.539 E5.37652
G1 X138.12 Y73.539 E5.53495
G1 X128.615 Y76.086 E6.00824
G1 X128.615 Y75.895 E6.01743
G1 X143.829 Y91.108 E7.05223
G1 X143.829 Y87.978 E7.20277
G1 X128.615 Y92.055 E7.96033
G1 X128.615 Y91.507 E7.98669
G1 X133.43 Y73.539 E8.88138
G1 X132.579 Y73.539 E8.92231
G1 X131.206 Y74.039 E8.99259
G1 X132.463 Y73.166 F7800
;TYPE:Solid infill
;WIDTH:0.463609
G1 F1200
G1 X132.333 Y73.225 E8.9997
;WIDTH:0.471337
G1 X128.952 Y74.415 E9.18163
;WIDTH:0.503603
G1 X128.694 Y74.473 E9.19612
;WIDTH:0.535869
G1 X128.436 Y74.53 E9.21166
G1 X128.394 Y74.642 E9.21869
;WIDTH:0.492039
G1 X128.353 Y74.753 E9.225
;WIDTH:0.44821
G1 X128.311 Y74.864 E9.23068
;WIDTH:0.404381
G1 X128.311 Y146.512 E12.26903
;WIDTH:0.450039
G1 X128.423 Y146.686 E12.27898
G1 X129.81 Y146.686 E12.3457
G1 X130.006 Y146.593 E12.35614
G1 X130.313 Y146.686 E12.37157
G1 X132.909 Y146.686 E12.49644
G1 E10.49644 F2400
G92 E0
G1 X128.311 Y74.864 F7800
G1 E2 F2400
;WIDTH:0.44821
G1 F1200
G1 X128.353 Y74.753 E2.00568
;WIDTH:0.492039
G1 X128.394 Y74.642 E2.01199
;WIDTH:0.535869
G1 X128.436 Y74.53 E2.01902
G1 X128.394 Y74.642 E2.02605
;WIDTH:0.492039
G1 X128.353 Y74.753 E2.03236
;WIDTH:0.44821
G1 X128.332 Y74.808 E2.03518
G1 E.03518 F2400
G92 E0
G1 X133.686 Y72.419 F7800
G1 E2 F2400
;WIDTH:0.45
G1 F1200
G1 X144.215 Y72.419 E2.50641
G1 X144.245 Y73.184 E2.54323
;WIDTH:0.436003
G1 X144.156 Y73.192 E2.54737
G1 X144.115 Y73.346 E2.55476
G1 X144.073 Y73.192 E2.56216
;WIDTH:0.45
G1 X144.022 Y73.153 E2.56525
G1 X133.79 Y73.153 E3.05737
;WIDTH:0.458734
G1 X132.496 Y73.149 E3.12102
G1 X133.522 Y72.521 E3.18019
;WIDTH:0.4513
G1 X133.79 Y72.786 E3.19838
;WIDTH:0.413395
G1 X143.847 Y72.786 E3.63617
;WIDTH:0.45
G1 X144.115 Y73.346 E3.66603
G1 X144.215 Y73.988 E3.69728
G1 X144.215 Y145.936 E7.15773
G1 E5.15773 F2400
G92 E0
G1 X138.413 Y146.686 F7800
G1 E2 F2400
;WIDTH:0.450029
G1 F1200
G1 X143.789 Y146.686 E2.25859
G1 E.25859 F2400
G92 E0
G1 X135.733 Y146.652 F7800
G1 E2 F2400
;TYPE:Internal infill
;WIDTH:0.45
G1 F1200
G1 X135.604 Y146.686 E2.00642
G1 X137.784 Y146.686 E2.11127
G1 X137.797 Y146.635 E2.1138
G1 X137.413 Y146.301 E2.13828
G1 X137.887 Y146.301 E2.16108
G1 X143.829 Y124.125 E3.26529
G1 X143.829 Y123.829 E3.27953
G1 X128.615 Y108.615 E4.31437
G1 X128.615 Y108.023 E4.34284
G1 X143.829 Y103.947 E5.10039
G1 X143.829 Y102.015 E5.19331
G1 X128.615 Y86.802 E6.22811
G1 X128.615 Y84.07 E6.35951
G1 X143.829 Y79.994 E7.11706
G1 X143.829 Y80.201 E7.12702
G1 X137.167 Y73.539 E7.58016
G1 E5.58016 F2400
G92 E0
G1 X133.808 Y146.686 F7800
G1 E2 F2400
;TYPE:Solid infill
;WIDTH:0.450021
G1 F1200
G1 X134.558 Y146.686 E2.03607
G1 X133.325 Y146.684 F7800
;TYPE:Internal infill
;WIDTH:0.45
G1 F1200
G1 X133.316 Y146.686 E2.03651
;LAYER_CHANGE
;Z:2.15
;HEIGHT:0.3
G1 E.03651 F2400
G92 E0
G1 Z2.15 F7800
;AFTER_LAYER_CHANGE
;2.15
G1 X122.059 Y146.976
G1 E2 F2400
;TYPE:Perimeter
;WIDTH:0.45
G1 F1500
G1 X105.496 Y146.976 E2.79662
G1 X105.496 Y71.61 E6.42146
G1 X115.273 Y71.61 E6.8917
G1 X117.112 Y72.745 E6.99564
G1 X117.76 Y73.118 E7.0316
G1 X121.255 Y74.343 E7.20972
G1 X122.059 Y74.434 E7.24864
G1 X122.059 Y146.916 E10.73477
G1 X122.445 Y147.361 F7800
G1 F1500
G1 X105.111 Y147.361 E11.56848
G1 X105.111 Y71.224 E15.23041
G1 X115.383 Y71.224 E15.72446
G1 X117.887 Y72.754 E15.8656
G1 X121.341 Y73.964 E16.04162
G1 X122.445 Y74.09 E16.09506
G1 X122.445 Y147.301 E19.61625
G1 X122.831 Y147.747 F7800
;TYPE:External perimeter
G1 F1500
G1 X104.725 Y147.747 E20.48709
G1 X104.725 Y70.933 E24.18158
;TYPE:Overhang perimeter
;WIDTH:0.4
;HEIGHT:0.4
M106 S255
G1 X104.725 Y70.839 E24.18649
G1 X115.492 Y70.839 E24.74901
G1 X115.645 Y70.933 E24.75839
M107
;TYPE:External perimeter
;WIDTH:0.45
;HEIGHT:0.3
G1 X118.015 Y72.39 E24.8922
G1 X121.428 Y73.586 E25.06614
G1 X122.831 Y73.746 E25.13406
G1 X122.831 Y147.687 E28.69037
G1 X122.435 Y147.746 F7800
G1 E26.69037 F2400
G92 E0
G1 X105.971 Y146.772 F7800
G1 E2 F2400
;TYPE:Bridge infill
;WIDTH:0.404055
;HEIGHT:0.4
M106 S255
G1 F1500
G1 X105.818 Y146.32 E2.02544
G1 X105.818 Y144.907 E2.10077
G1 X106.291 Y146.302 E2.1793
G1 X106.32 Y146.116 E2.18934
G1 X106.675 Y146.02 E2.20894
G1 X105.818 Y143.494 E2.35114
G1 X105.818 Y142.082 E2.42641
G1 X107.115 Y145.903 E2.64152
G1 X107.481 Y145.804 E2.66173
G1 X107.629 Y146.005 E2.67504
G1 X105.818 Y140.669 E2.97544
G1 X105.818 Y139.257 E3.05071
G1 X108.329 Y146.654 E3.46714
G1 X108.808 Y146.654 E3.49268
G1 X105.818 Y137.844 E3.98865
G1 X105.818 Y136.432 E4.06392
G1 X109.288 Y146.654 E4.63939
G1 X109.767 Y146.654 E4.66493
G1 X105.818 Y135.019 E5.31994
G1 X105.818 Y133.606 E5.39527
G1 X110.247 Y146.654 E6.12983
G1 X110.726 Y146.654 E6.15537
G1 X105.818 Y132.194 E6.96942
G1 X105.818 Y130.781 E7.04475
G1 X111.206 Y146.654 E7.93835
G1 X111.623 Y146.654 E7.96058
G1 X111.658 Y146.575 E7.96519
G1 X105.818 Y129.369 E8.93383
G1 X105.818 Y127.956 E9.00916
G1 X112.146 Y146.599 E10.0587
G1 X112.208 Y146.654 E10.06312
G1 X112.644 Y146.654 E10.08636
G1 X105.818 Y126.544 E11.21849
G1 X105.818 Y125.131 E11.29382
G1 X113.124 Y146.654 E12.5055
G1 X113.603 Y146.654 E12.53104
G1 X105.818 Y123.718 E13.82226
G1 X105.818 Y122.306 E13.89753
G1 X113.942 Y146.238 E15.24484
G1 X114.013 Y145.867 E15.26498
G1 X114.475 Y146.398 E15.3025
G1 X105.818 Y120.893 E16.73835
G1 X105.818 Y119.481 E16.81362
G1 X115.042 Y146.654 E18.34338
G1 X115.521 Y146.654 E18.36892
G1 X105.818 Y118.068 E19.97822
G1 X105.818 Y116.656 E20.05349
G1 X116.001 Y146.654 E21.74229
G1 X116.48 Y146.654 E21.76783
G1 X105.818 Y115.243 E23.53617
G1 X105.818 Y113.83 E23.6115
G1 X116.96 Y146.654 E25.4594
G1 X117.439 Y146.654 E25.48494
G1 X105.818 Y112.418 E27.41232
G1 X105.818 Y111.005 E27.48765
G1 X117.919 Y146.654 E29.49459
G1 X118.398 Y146.654 E29.52013
G1 X105.818 Y109.593 E31.60655
G1 X105.818 Y108.18 E31.68188
G1 X118.878 Y146.654 E33.84786
G1 X119.357 Y146.654 E33.8734
G1 X105.818 Y106.768 E36.11886
G1 X105.818 Y105.355 E36.19419
G1 X119.837 Y146.654 E38.51921
G1 X120.316 Y146.654 E38.54475
G1 X105.818 Y103.942 E40.9493
G1 X105.818 Y102.53 E41.02457
G1 X120.796 Y146.654 E43.50863
G1 X121.275 Y146.654 E43.53417
G1 X105.818 Y101.117 E46.09776
G1 X105.818 Y99.705 E46.17303
G1 X121.738 Y146.605 E48.81336
G1 X121.738 Y145.192 E48.88869
G1 X105.818 Y98.292 E51.52902
G1 X105.818 Y96.88 E51.60429
G1 X121.738 Y143.78 E54.24462
G1 X121.738 Y142.367 E54.31995
G1 X105.818 Y95.467 E56.96028
G1 X105.818 Y94.055 E57.03555
G1 X121.738 Y140.954 E59.67583
G1 X121.738 Y139.542 E59.7511
G1 X105.818 Y92.642 E62.39143
G1 X105.818 Y91.229 E62.46676
G1 X121.738 Y138.129 E65.10709
G1 X121.738 Y136.717 E65.18236
G1 X105.818 Y89.817 E67.82269
G1 X105.818 Y88.404 E67.89802
G1 X121.738 Y135.304 E70.53835
G1 X121.738 Y133.892 E70.61362
G1 X105.818 Y86.992 E73.25395
G1 X105.818 Y85.579 E73.32928
G1 X121.738 Y132.479 E75.96961
G1 X121.738 Y131.066 E76.04494
G1 X105.818 Y84.167 E78.68522
G1 X105.818 Y82.754 E78.76055
G1 X121.738 Y129.654 E81.40088
G1 X121.738 Y128.241 E81.47621
G1 X105.818 Y81.341 E84.11654
G1 X105.818 Y79.929 E84.19181
G1 X121.738 Y126.829 E86.83214
G1 X121.738 Y125.416 E86.90747
G1 X105.818 Y78.516 E89.5478
G1 X105.818 Y77.104 E89.62307
G1 X121.738 Y124.004 E92.2634
G1 X121.738 Y122.591 E92.33873
G1 X105.818 Y75.691 E94.97906
G1 X105.818 Y74.279 E95.05433
G1 X121.738 Y121.178 E97.69461
G1 X121.738 Y119.766 E97.76988
G1 X106.18 Y73.933 E100.35015
G1 X106.619 Y73.815 E100.37438
G1 X121.738 Y118.353 E102.88175
G1 X121.738 Y116.941 E102.95702
G1 X107.059 Y73.697 E105.39153
G1 X107.498 Y73.579 E105.41576
G1 X121.738 Y115.528 E107.77738
G1 X121.738 Y114.116 E107.85265
G1 X107.938 Y73.463 E110.1413
G1 X108.391 Y73.385 E110.1658
G1 X121.738 Y112.703 E112.3793
G1 X121.738 Y111.29 E112.45463
G1 X108.884 Y73.423 E114.58643
G1 X109.415 Y73.575 E114.61587
G1 X121.738 Y109.878 E116.65962
G1 X121.738 Y108.465 E116.73495
G1 X109.664 Y72.896 E118.73738
G1 X110.143 Y72.896 E118.76292
G1 X121.738 Y107.053 E120.68587
G1 X121.738 Y105.64 E120.7612
G1 X110.623 Y72.896 E122.60459
G1 X111.102 Y72.896 E122.63013
G1 X121.738 Y104.228 E124.39404
G1 X121.738 Y102.815 E124.46937
G1 X111.582 Y72.896 E126.15372
G1 X112.061 Y72.896 E126.17926
G1 X121.738 Y101.402 E127.78408
G1 X121.738 Y99.99 E127.85935
G1 X112.541 Y72.896 E129.38466
G1 X113.02 Y72.896 E129.4102
G1 X121.738 Y98.577 E130.85598
G1 X121.738 Y97.165 E130.93125
G1 X113.5 Y72.896 E132.29752
G1 X113.979 Y72.896 E132.32306
G1 X121.738 Y95.752 E133.6098
G1 X121.738 Y94.34 E133.68507
G1 X114.459 Y72.896 E134.8923
G1 X114.832 Y72.896 E134.91218
G1 X115.029 Y73.162 E134.92983
G1 X121.738 Y92.927 E136.04254
G1 X121.738 Y91.514 E136.11787
G1 X115.899 Y74.315 E137.08614
G1 X116.082 Y73.439 E137.13385
G1 X121.738 Y90.102 E138.07192
G1 X121.738 Y88.689 E138.14725
G1 X116.377 Y72.896 E139.03635
G1 X116.759 Y72.896 E139.05671
G1 X116.882 Y72.971 E139.06439
G1 X121.738 Y87.277 E139.86977
G1 X121.738 Y85.864 E139.9451
G1 X117.487 Y73.341 E140.65011
G1 X117.557 Y73.384 E140.65449
G1 X118.039 Y73.553 E140.68172
G1 X121.738 Y84.452 E141.29529
G1 X121.738 Y83.039 E141.37062
G1 X118.583 Y73.745 E141.89385
G1 X119.127 Y73.936 E141.92459
G1 X121.738 Y81.626 E142.35753
G1 X121.738 Y80.214 E142.4328
G1 X119.672 Y74.127 E142.77548
G1 X120.216 Y74.318 E142.80622
G1 X121.738 Y78.801 E143.0586
G1 X121.738 Y77.389 E143.13387
G1 X120.761 Y74.51 E143.29594
G1 X121.053 Y74.612 E143.31243
G1 X121.294 Y74.668 E143.32562
G1 X121.94 Y76.573 E143.43285
M107
G1 E141.43285 F2400
G92 E0
G1 X105.785 Y72.092 F7800
G1 E2 F2400
;TYPE:Solid infill
;WIDTH:0.45
;HEIGHT:0.3
G1 F1200
G1 X105.785 Y72.634 E2.02607
G1 X108.821 Y72.634 E2.17209
;WIDTH:0.489422
G1 X109.002 Y72.614 E2.18174
;WIDTH:0.528844
G1 X109.183 Y72.594 E2.19229
;WIDTH:0.546795
G1 X109.312 Y72.43 E2.20484
G1 X114.945 Y72.43 E2.54377
;WIDTH:0.558023
G1 X115.108 Y72.486 E2.55438
;WIDTH:0.562863
G1 X115.186 Y72.577 E2.56183
G1 X115.787 Y72.577 E2.5992
G1 X115.812 Y72.522 E2.60296
G1 X115.969 Y72.441 E2.61394
G1 X115.235 Y71.991 E2.66747
;WIDTH:0.560207
G1 X115.082 Y71.948 E2.6773
;WIDTH:0.546795
G1 X109.002 Y71.939 E3.04313
;WIDTH:0.528844
G1 X108.912 Y71.919 E3.04847
;WIDTH:0.489422
G1 X108.821 Y71.899 E3.05341
;WIDTH:0.45
G1 X105.785 Y71.899 E3.19943
G1 X106.153 Y72.266 E3.22443
;WIDTH:0.413371
G1 X108.821 Y72.266 E3.34056
G1 E1.34056 F2400
G92 E0
G1 X125.981 Y148.543 F7800
G1 E2 F2400
;TYPE:Perimeter
;WIDTH:0.371573
G1 F1200
G1 X126.166 Y148.85 E2.01373
G1 X123.834 Y148.85 E2.10308
G1 X124.019 Y148.543 E2.11681
G1 X125.921 Y148.543 E2.18968
G1 X126.178 Y148.197 F7800
;TYPE:External perimeter
;WIDTH:0.45
G1 F1200
G1 X126.778 Y149.197 E2.24577
G1 X123.222 Y149.197 E2.4168
G1 X123.822 Y148.197 E2.47289
G1 X126.118 Y148.197 E2.58332
G1 X126.363 Y148.513 F7800
G1 E.58332 F2400
G92 E0
G1 X127.941 Y146.976 F7800
G1 E2 F2400
;TYPE:Perimeter
G1 F1500
G1 X127.941 Y74.434 E5.48902
G1 X128.847 Y74.307 E5.53302
G1 X132.339 Y73.084 E5.71098
G1 X134.727 Y71.61 E5.84595
G1 X144.504 Y71.61 E6.31619
G1 X144.504 Y146.976 E9.94103
G1 X128.001 Y146.976 E10.73477
G1 X127.555 Y147.361 F7800
G1 F1500
G1 X127.555 Y74.09 E14.25885
G1 X128.659 Y73.964 E14.31229
G1 X132.172 Y72.734 E14.49131
G1 X134.617 Y71.224 E14.62952
G1 X144.889 Y71.224 E15.12357
G1 X144.889 Y147.361 E18.7855
G1 X127.615 Y147.361 E19.61632
G1 X127.169 Y147.747 F7800
;TYPE:External perimeter
G1 F1500
G1 X127.169 Y73.746 E23.17551
G1 X128.572 Y73.586 E23.24343
G1 X132.005 Y72.384 E23.41837
G1 X134.355 Y70.933 E23.55121
;TYPE:Overhang perimeter
;WIDTH:0.4
;HEIGHT:0.4
M106 S255
G1 X134.508 Y70.839 E23.56059
G1 X145.275 Y70.839 E24.12311
G1 X145.275 Y70.933 E24.12802
M107
;TYPE:External perimeter
;WIDTH:0.45
;HEIGHT:0.3
G1 X145.275 Y147.747 E27.82251
G1 X127.229 Y147.747 E28.69046
G1 X127.17 Y147.351 F7800
G1 E26.69046 F2400
G92 E0
G1 X128.06 Y144.749 F7800
G1 E2 F2400
;TYPE:Bridge infill
;WIDTH:0.404426
;HEIGHT:0.4
M106 S255
G1 F1500
G1 X128.681 Y146.654 E2.10701
G1 X129.159 Y146.654 E2.13254
G1 X128.262 Y143.905 E2.28698
G1 X128.262 Y142.439 E2.36528
G1 X129.637 Y146.654 E2.60207
G1 X129.79 Y146.654 E2.61024
G1 X129.953 Y146.334 E2.62942
G1 X130.032 Y146.402 E2.63499
G1 X128.262 Y140.973 E2.93996
G1 X128.262 Y139.507 E3.01826
G1 X130.593 Y146.654 E3.41975
G1 X131.071 Y146.654 E3.44528
G1 X128.262 Y138.042 E3.92907
G1 X128.262 Y136.576 E4.00737
G1 X131.549 Y146.654 E4.57352
G1 X132.027 Y146.654 E4.59905
G1 X128.262 Y135.11 E5.24755
G1 X128.262 Y133.645 E5.32579
G1 X132.504 Y146.654 E6.05657
G1 X132.879 Y146.654 E6.0766
G1 X132.902 Y146.408 E6.0898
G1 X128.262 Y132.179 E6.88912
G1 X128.262 Y130.713 E6.96742
G1 X133.177 Y145.786 E7.81415
G1 X133.825 Y146.654 E7.872
G1 X133.938 Y146.654 E7.87804
G1 X128.262 Y129.247 E8.85588
G1 X128.262 Y127.782 E8.93412
G1 X134.416 Y146.654 E9.99426
G1 X134.539 Y146.654 E10.00083
G1 X134.611 Y146.52 E10.00895
G1 X134.831 Y146.461 E10.02111
G1 X128.262 Y126.316 E11.15276
G1 X128.262 Y124.85 E11.23106
G1 X135.271 Y146.343 E12.43844
G1 X135.71 Y146.225 E12.46272
G1 X128.262 Y123.384 E13.74582
G1 X128.262 Y121.919 E13.82406
G1 X136.15 Y146.107 E15.18284
G1 X136.59 Y145.99 E15.20716
G1 X128.262 Y120.453 E16.64172
G1 X128.262 Y118.987 E16.72002
G1 X137.029 Y145.872 E18.23029
G1 X137.433 Y145.764 E18.25262
G1 X137.487 Y145.812 E18.25648
G1 X128.262 Y117.521 E19.84573
G1 X128.262 Y116.056 E19.92397
G1 X138.155 Y146.392 E21.62812
G1 X138.428 Y146.654 E21.64833
G1 X138.718 Y146.654 E21.66382
G1 X128.262 Y114.59 E23.46503
G1 X128.262 Y113.124 E23.54333
G1 X139.196 Y146.654 E25.42689
G1 X139.674 Y146.654 E25.45242
G1 X128.262 Y111.658 E27.41833
G1 X128.262 Y110.193 E27.49657
G1 X140.152 Y146.654 E29.54478
G1 X140.63 Y146.654 E29.57031
G1 X128.262 Y108.727 E31.70088
G1 X128.262 Y107.261 E31.77918
G1 X141.108 Y146.654 E33.9921
G1 X141.586 Y146.654 E34.01763
G1 X128.262 Y105.796 E36.31285
G1 X128.262 Y104.33 E36.39115
G1 X142.064 Y146.654 E38.76872
G1 X142.542 Y146.654 E38.79425
G1 X128.262 Y102.864 E41.25417
G1 X128.262 Y101.398 E41.33247
G1 X143.02 Y146.654 E43.87475
G1 X143.498 Y146.654 E43.90028
G1 X128.262 Y99.933 E46.52486
G1 X128.262 Y98.467 E46.60316
G1 X143.803 Y146.124 E49.28031
G1 X143.826 Y145.838 E49.29563
G1 X144.182 Y145.898 E49.31491
G1 X144.182 Y145.821 E49.31902
G1 X128.262 Y97.001 E52.0615
G1 X128.262 Y95.535 E52.1398
G1 X144.182 Y144.356 E54.88233
G1 X144.182 Y142.89 E54.96063
G1 X128.262 Y94.07 E57.70311
G1 X128.262 Y92.604 E57.78141
G1 X144.182 Y141.424 E60.52389
G1 X144.182 Y139.958 E60.60219
G1 X128.262 Y91.138 E63.34467
G1 X128.262 Y89.672 E63.42297
G1 X144.182 Y138.493 E66.1655
G1 X144.182 Y137.027 E66.2438
G1 X128.262 Y88.207 E68.98628
G1 X128.262 Y86.741 E69.06458
G1 X144.182 Y135.561 E71.80706
G1 X144.182 Y134.095 E71.88536
G1 X128.262 Y85.275 E74.62784
G1 X128.262 Y83.81 E74.70608
G1 X144.182 Y132.63 E77.44856
G1 X144.182 Y131.164 E77.52686
G1 X128.262 Y82.344 E80.26934
G1 X128.262 Y80.878 E80.34764
G1 X144.182 Y129.698 E83.09012
G1 X144.182 Y128.233 E83.16836
G1 X128.262 Y79.412 E85.91089
G1 X128.262 Y77.947 E85.98913
G1 X144.182 Y126.767 E88.73161
G1 X144.182 Y125.301 E88.80991
G1 X128.262 Y76.481 E91.55239
G1 X128.262 Y75.015 E91.63069
G1 X144.182 Y123.835 E94.37317
G1 X144.182 Y122.37 E94.45141
G1 X128.63 Y74.679 E97.13047
G1 X129.072 Y74.568 E97.15481
G1 X144.182 Y120.904 E99.75775
G1 X144.182 Y119.438 E99.83605
G1 X129.501 Y74.418 E102.36507
G1 X129.93 Y74.267 E102.38936
G1 X144.182 Y117.972 E104.8445
G1 X144.182 Y116.507 E104.92274
G1 X130.359 Y74.116 E107.30406
G1 X130.788 Y73.966 E107.32833
G1 X144.182 Y115.041 E109.63573
G1 X144.182 Y113.575 E109.71403
G1 X131.217 Y73.815 E111.94755
G1 X131.645 Y73.664 E111.97179
G1 X144.182 Y112.109 E114.13146
G1 X144.182 Y110.644 E114.2097
G1 X132.074 Y73.514 E116.29549
G1 X132.499 Y73.35 E116.31982
G1 X144.182 Y109.178 E118.33247
G1 X144.182 Y107.712 E118.41077
G1 X132.897 Y73.106 E120.35478
G1 X133.241 Y72.896 E120.3763
G1 X133.307 Y72.896 E120.37982
G1 X144.182 Y106.247 E122.25331
G1 X144.182 Y104.781 E122.33161
G1 X133.785 Y72.896 E124.12275
G1 X134.263 Y72.896 E124.14828
G1 X144.182 Y103.315 E125.85707
G1 X144.182 Y101.849 E125.93537
G1 X135.151 Y74.154 E127.49114
G1 X135.59 Y74.036 E127.51542
G1 X144.182 Y100.384 E128.99553
G1 X144.182 Y98.918 E129.07383
G1 X136.03 Y73.918 E130.47821
G1 X136.47 Y73.801 E130.50253
G1 X144.182 Y97.452 E131.83113
G1 X144.182 Y95.986 E131.90943
G1 X136.909 Y73.683 E133.16231
G1 X137.407 Y73.744 E133.18911
G1 X144.182 Y94.521 E134.35626
G1 X144.182 Y93.055 E134.43456
G1 X137.801 Y73.485 E135.5339
G1 X137.867 Y73.433 E135.53839
G1 X138.246 Y73.384 E135.5588
G1 X144.182 Y91.589 E136.58146
G1 X144.182 Y90.123 E136.65976
G1 X138.723 Y73.384 E137.60009
G1 X139.201 Y73.384 E137.62562
G1 X144.182 Y88.658 E138.48365
G1 X144.182 Y87.192 E138.56195
G1 X139.679 Y73.384 E139.33762
G1 X140.157 Y73.384 E139.36315
G1 X144.182 Y85.726 E140.05647
G1 X144.182 Y84.261 E140.13471
G1 X140.662 Y73.464 E140.74122
G1 X141.262 Y73.838 E140.77898
G1 X144.182 Y82.795 E141.28213
G1 X144.182 Y81.329 E141.36043
G1 X141.449 Y72.947 E141.83129
G1 X141.452 Y72.896 E141.83402
G1 X141.91 Y72.896 E141.85848
G1 X144.182 Y79.863 E142.24986
G1 X144.182 Y78.398 E142.3281
G1 X142.388 Y72.896 E142.63717
G1 X142.866 Y72.896 E142.6627
G1 X144.182 Y76.932 E142.88942
G1 X144.182 Y75.466 E142.96772
G1 X143.344 Y72.896 E143.11209
G1 X143.822 Y72.896 E143.13762
G1 X144.385 Y74.621 E143.23453
M107
G1 E141.23453 F2400
G92 E0
G1 X136.885 Y73.257 F7800
G1 E2 F2400
;TYPE:Internal infill
;WIDTH:0.45
;HEIGHT:0.3
G1 F1200
G1 X136.647 Y73.019 E2.01619
G1 E.01619 F2400
G92 E0
G1 X133.862 Y72.478 F7800
G1 E2 F2400
;TYPE:Solid infill
;WIDTH:0.45
G1 F1200
G1 X134.809 Y71.899 E2.05339
G1 X140.671 Y71.899 E2.33533
;WIDTH:0.489422
G1 X140.762 Y71.919 E2.34027
;WIDTH:0.528845
G1 X140.852 Y71.939 E2.34561
;WIDTH:0.546794
G1 X144.166 Y71.948 E2.54501
G1 X144.166 Y72.559 E2.58177
G1 X143.988 Y72.43 E2.595
G1 X141.162 Y72.43 E2.76504
G1 X141.037 Y72.594 E2.77745
;WIDTH:0.528845
G1 X140.854 Y72.614 E2.78811
;WIDTH:0.489422
G1 X140.671 Y72.634 E2.79787
;WIDTH:0.45
G1 X134.599 Y72.634 E3.08991
G1 X134.56 Y72.57 E3.09351
G1 X134.395 Y72.478 E3.1026
G1 X134.055 Y72.478 E3.11895
G1 X134.912 Y72.266 F7800
;WIDTH:0.413371
G1 F1200
G1 X140.671 Y72.266 E3.36963
G1 E1.36963 F2400
G92 E0
G1 X137.797 Y146.635 F7800
G1 E2 F2400
;TYPE:Internal infill
;WIDTH:0.45
G1 F1200
G1 X137.784 Y146.686 E2.00253
;LAYER_CHANGE
;Z:2.45
;HEIGHT:0.3
G1 E.00253 F2400
G92 E0
G1 Z2.45 F7800
;AFTER_LAYER_CHANGE
;2.45
G1 X122.223 Y146.976
G1 E2 F2400
;TYPE:Perimeter
;WIDTH:0.45
G1 F1500
G1 X105.496 Y146.976 E2.80451
G1 X105.496 Y71.09 E6.45436
G1 X114.224 Y71.09 E6.87415
G1 X114.446 Y71.272 E6.88796
G1 X117.661 Y73.257 E7.06969
G1 X121.255 Y74.516 E7.25285
G1 X122.223 Y74.626 E7.29971
G1 X122.223 Y146.916 E10.77661
G1 X122.608 Y147.361 F7800
G1 F1500
G1 X105.111 Y147.361 E11.61815
G1 X105.111 Y70.705 E15.30504
G1 X114.378 Y70.705 E15.75075
G1 X114.648 Y70.944 E15.76809
G1 X117.828 Y72.907 E15.94783
G1 X121.341 Y74.138 E16.12687
G1 X122.608 Y74.282 E16.1882
G1 X122.608 Y147.301 E19.70016
G1 X122.994 Y147.747 F7800
;TYPE:External perimeter
G1 F1500
G1 X104.725 Y147.747 E20.57884
G1 X104.725 Y70.414 E24.29829
;TYPE:Overhang perimeter
;WIDTH:0.4
;HEIGHT:0.4
M106 S255
G1 X104.725 Y70.319 E24.30325
G1 X114.532 Y70.319 E24.81562
G1 X114.633 Y70.414 E24.82286
M107
;TYPE:External perimeter
;WIDTH:0.45
;HEIGHT:0.3
G1 X114.851 Y70.616 E24.83715
G1 X117.995 Y72.557 E25.01486
G1 X121.428 Y73.759 E25.1898
G1 X122.994 Y73.937 E25.2656
G1 X122.994 Y147.687 E28.81272
G1 X122.598 Y147.746 F7800
G1 E26.81272 F2400
G92 E0
G1 X116.21 Y146.438 F7800
G1 E2 F2400
;TYPE:Internal infill
;WIDTH:0.45
G1 F1200
G1 X113.897 Y146.438 E2.11125
G1 X113.83 Y146.686 E2.12361
G1 X112.152 Y146.686 E2.20432
G1 X111.903 Y146.438 E2.22122
G1 X109.59 Y146.438 E2.33247
G1 E.33247 F2400
G92 E0
G1 X109.49 Y73.488 F7800
G1 E2 F2400
G1 F1200
G1 X109.755 Y72.5 E2.0492
G1 X105.785 Y72.5 E2.24014
G1 X105.785 Y73.488 E2.28766
G1 X108.51 Y73.488 E2.41872
G1 X112.2 Y72.5 E2.60245
G1 X114.314 Y72.5 E2.70413
G1 X115.302 Y73.488 E2.77133
G1 X112.989 Y73.488 E2.88258
G1 E.88258 F2400
G92 E0
G1 X114.114 Y71.38 F7800
G1 E2 F2400
;TYPE:Solid infill
;WIDTH:0.45
G1 F1200
G1 X114.299 Y71.521 E2.01119
G1 X115.3 Y72.135 E2.06767
;WIDTH:0.446071
G1 X115.2 Y72.116 E2.07252
;WIDTH:0.45
G1 X105.785 Y72.114 E2.52535
G1 X105.785 Y71.38 E2.56065
G1 X113.921 Y71.38 E2.95196
G1 X113.988 Y71.747 E2.9699
;WIDTH:0.413375
G1 X106.153 Y71.747 E3.31095
G1 E1.31095 F2400
G92 E0
G1 X106.177 Y73.874 F7800
G1 E2 F2400
;WIDTH:0.45
G1 F1200
G1 X105.662 Y74.403 E2.03551
;WIDTH:0.404381
G1 X105.591 Y74.384 E2.03863
G1 X105.61 Y74.455 E2.04175
G1 X105.651 Y74.444 E2.04355
;WIDTH:0.45
G1 X105.785 Y74.811 E2.06234
G1 X106.723 Y73.874 E2.12611
G1 X107.268 Y73.874 E2.15232
G1 X105.785 Y75.357 E2.25319
G1 X105.785 Y75.902 E2.2794
G1 X107.813 Y73.874 E2.41734
G1 X108.359 Y73.874 E2.4436
G1 X105.785 Y76.447 E2.61865
G1 X105.785 Y76.993 E2.64491
G1 X108.904 Y73.874 E2.85706
G1 X109.449 Y73.874 E2.88327
G1 X105.785 Y77.538 E3.13249
G1 X105.785 Y78.083 E3.1587
G1 X109.995 Y73.874 E3.44502
G1 X110.54 Y73.874 E3.47123
G1 X105.785 Y78.629 E3.79466
G1 X105.785 Y79.174 E3.82087
G1 X111.086 Y73.874 E4.1814
G1 X111.631 Y73.874 E4.20761
G1 X105.785 Y79.719 E4.60521
G1 X105.785 Y80.265 E4.63147
G1 X112.176 Y73.874 E5.06618
G1 X112.722 Y73.874 E5.09244
G1 X105.785 Y80.81 E5.56425
G1 X105.785 Y81.356 E5.59051
G1 X113.267 Y73.874 E6.09943
G1 X113.812 Y73.874 E6.12564
G1 X105.785 Y81.901 E6.67163
G1 X105.785 Y82.446 E6.69784
G1 X114.358 Y73.874 E7.28093
G1 X114.903 Y73.874 E7.30714
G1 X105.785 Y82.992 E7.92734
G1 X105.785 Y83.537 E7.95355
G1 X115.448 Y73.874 E8.61082
G1 X115.994 Y73.874 E8.63708
G1 X105.785 Y84.082 E9.33145
G1 X105.785 Y84.628 E9.35771
G1 X116.539 Y73.874 E10.08918
G1 X117.146 Y73.271 F7800
;WIDTH:0.443745
G1 F1200
G1 X115.342 Y72.159 E10.18945
;WIDTH:0.444335
G1 X115.313 Y72.143 E10.19102
G1 E8.19102 F2400
G92 E0
G1 X117.172 Y73.787 F7800
G1 E2 F2400
;WIDTH:0.45
G1 F1200
G1 X117.479 Y73.48 E2.02088
G1 X105.785 Y85.173 E2.81626
G1 X105.785 Y85.718 E2.84247
G1 X117.875 Y73.629 E3.66478
G1 X118.278 Y73.771 E3.68533
G1 X105.785 Y86.264 E4.53509
G1 X105.785 Y86.809 E4.5613
G1 X118.681 Y73.913 E5.43847
G1 X119.084 Y74.056 E5.45904
G1 X105.785 Y87.354 E6.36359
G1 X105.785 Y87.9 E6.38985
G1 X119.487 Y74.198 E7.32184
G1 X119.89 Y74.341 E7.34241
G1 X105.785 Y88.445 E8.30178
G1 X105.785 Y88.99 E8.32799
G1 X120.293 Y74.483 E9.31477
G1 X120.696 Y74.625 E9.33532
G1 X105.785 Y89.536 E10.34955
G1 X105.785 Y90.081 E10.37576
G1 X121.103 Y74.764 E11.41764
G1 X121.569 Y74.843 E11.44037
G1 X105.785 Y90.626 E12.51394
G1 X105.785 Y91.172 E12.5402
G1 X121.933 Y75.024 E13.63857
G1 X122.075 Y74.814 E13.65076
;WIDTH:0.404381
G1 X122.034 Y74.825 E13.65256
G1 X122.015 Y74.754 E13.65568
G1 X122.086 Y74.773 E13.6588
G1 X121.933 Y75.569 F7800
;WIDTH:0.45
G1 F1200
G1 X105.785 Y91.717 E14.75717
G1 X105.785 Y92.262 E14.78338
G1 X121.933 Y76.115 E15.88171
G1 X121.933 Y76.66 E15.90792
G1 X105.785 Y92.808 E17.00629
G1 X105.785 Y93.353 E17.0325
G1 X121.933 Y77.205 E18.13087
G1 X121.933 Y77.751 E18.15713
G1 X105.785 Y93.899 E19.2555
G1 X105.785 Y94.444 E19.28171
G1 X121.933 Y78.296 E20.38008
G1 X121.933 Y78.841 E20.40629
G1 X105.785 Y94.989 E21.50466
G1 X105.785 Y95.535 E21.53092
G1 X121.933 Y79.387 E22.62929
G1 X121.933 Y79.932 E22.6555
G1 X105.785 Y96.08 E23.75387
G1 X105.785 Y96.625 E23.78008
G1 X121.933 Y80.477 E24.87845
G1 X121.933 Y81.023 E24.90471
G1 X105.785 Y97.171 E26.00308
G1 X105.785 Y97.716 E26.02929
G1 X121.933 Y81.568 E27.12766
G1 X121.933 Y82.113 E27.15387
G1 X105.785 Y98.261 E28.25224
G1 X105.785 Y98.807 E28.2785
G1 X121.933 Y82.659 E29.37687
G1 X121.933 Y83.204 E29.40308
G1 X105.785 Y99.352 E30.50145
G1 X105.785 Y99.897 E30.52766
G1 X121.933 Y83.749 E31.62603
G1 X121.933 Y84.295 E31.65229
G1 X105.785 Y100.443 E32.75066
G1 X105.785 Y100.988 E32.77687
G1 X121.933 Y84.84 E33.87524
G1 X121.933 Y85.386 E33.9015
G1 X105.785 Y101.533 E34.99983
G1 X105.785 Y102.079 E35.02609
G1 X121.933 Y85.931 E36.12446
G1 X121.933 Y86.476 E36.15067
G1 X105.785 Y102.624 E37.24904
G1 X105.785 Y103.169 E37.27525
G1 X121.933 Y87.022 E38.37358
G1 X121.933 Y87.567 E38.39979
G1 X105.785 Y103.715 E39.49816
G1 X105.785 Y104.26 E39.52437
G1 X121.933 Y88.112 E40.62274
G1 X121.933 Y88.658 E40.649
G1 X105.785 Y104.805 E41.74733
G1 X105.785 Y105.351 E41.77359
G1 X121.933 Y89.203 E42.87196
G1 X121.933 Y89.748 E42.89817
G1 X105.785 Y105.896 E43.99654
G1 X105.785 Y106.441 E44.02275
G1 X121.933 Y90.294 E45.12108
G1 X121.933 Y90.839 E45.14729
G1 X105.785 Y106.987 E46.24566
G1 X105.785 Y107.532 E46.27187
G1 X121.933 Y91.384 E47.37024
G1 X121.933 Y91.93 E47.3965
G1 X105.785 Y108.078 E48.49487
G1 X105.785 Y108.623 E48.52108
G1 X121.933 Y92.475 E49.61945
G1 X121.933 Y93.02 E49.64566
G1 X105.785 Y109.168 E50.74403
G1 X105.785 Y109.714 E50.77029
G1 X121.933 Y93.566 E51.86866
G1 X121.933 Y94.111 E51.89487
G1 X105.785 Y110.259 E52.99324
G1 X105.785 Y110.804 E53.01945
G1 X121.933 Y94.656 E54.11782
G1 X121.933 Y95.202 E54.14408
G1 X105.785 Y111.35 E55.24245
G1 X105.785 Y111.895 E55.26866
G1 X121.933 Y95.747 E56.36703
G1 X121.933 Y96.292 E56.39324
G1 X105.785 Y112.44 E57.49161
G1 X105.785 Y112.986 E57.51787
G1 X121.933 Y96.838 E58.61624
G1 X121.933 Y97.383 E58.64245
G1 X105.785 Y113.531 E59.74082
G1 X105.785 Y114.076 E59.76703
G1 X121.933 Y97.929 E60.86536
G1 X121.933 Y98.474 E60.89157
G1 X105.785 Y114.622 E61.98994
G1 X105.785 Y115.167 E62.01615
G1 X121.933 Y99.019 E63.11452
G1 X121.933 Y99.565 E63.14078
G1 X105.785 Y115.712 E64.23911
G1 X105.785 Y116.258 E64.26537
G1 X121.933 Y100.11 E65.36374
G1 X121.933 Y100.655 E65.38995
G1 X105.785 Y116.803 E66.48832
G1 X105.785 Y117.348 E66.51453
G1 X121.933 Y101.201 E67.61286
G1 X121.933 Y101.746 E67.63907
G1 X105.785 Y117.894 E68.73744
G1 X105.785 Y118.439 E68.76365
G1 X121.933 Y102.291 E69.86202
G1 X121.933 Y102.837 E69.88828
G1 X105.785 Y118.984 E70.98661
G1 X105.785 Y119.53 E71.01287
G1 X121.933 Y103.382 E72.11124
G1 X121.933 Y103.927 E72.13745
G1 X105.785 Y120.075 E73.23582
G1 X105.785 Y120.621 E73.26208
G1 X121.933 Y104.473 E74.36045
G1 X121.933 Y105.018 E74.38666
G1 X105.785 Y121.166 E75.48503
G1 X105.785 Y121.711 E75.51124
G1 X121.933 Y105.563 E76.60961
G1 X121.933 Y106.109 E76.63587
G1 X105.785 Y122.257 E77.73424
G1 X105.785 Y122.802 E77.76045
G1 X121.933 Y106.654 E78.85882
G1 X121.933 Y107.199 E78.88503
G1 X105.785 Y123.347 E79.9834
G1 X105.785 Y123.893 E80.00966
G1 X121.933 Y107.745 E81.10803
G1 X121.933 Y108.29 E81.13424
G1 X105.785 Y124.438 E82.23261
G1 X105.785 Y124.983 E82.25882
G1 X121.933 Y108.835 E83.35719
G1 X121.933 Y109.381 E83.38345
G1 X105.785 Y125.529 E84.48182
G1 X105.785 Y126.074 E84.50803
G1 X121.933 Y109.926 E85.6064
G1 X121.933 Y110.471 E85.63261
G1 X105.785 Y126.619 E86.73098
G1 X105.785 Y127.165 E86.75724
G1 X121.933 Y111.017 E87.85561
G1 X121.933 Y111.562 E87.88182
G1 X105.785 Y127.71 E88.98019
G1 X105.785 Y128.255 E89.0064
G1 X121.933 Y112.108 E90.10473
G1 X121.933 Y112.653 E90.13094
G1 X105.785 Y128.801 E91.22931
G1 X105.785 Y129.346 E91.25552
G1 X121.933 Y113.198 E92.35389
G1 X121.933 Y113.744 E92.38015
G1 X105.785 Y129.891 E93.47848
G1 X105.785 Y130.437 E93.50474
G1 X121.933 Y114.289 E94.60311
G1 X121.933 Y114.834 E94.62932
G1 X105.785 Y130.982 E95.72769
G1 X105.785 Y131.527 E95.7539
G1 X121.933 Y115.38 E96.85223
G1 X121.933 Y115.925 E96.87844
G1 X105.785 Y132.073 E97.97681
G1 X105.785 Y132.618 E98.00302
G1 X121.933 Y116.47 E99.10139
G1 X121.933 Y117.016 E99.12765
G1 X105.785 Y133.164 E100.22602
G1 X105.785 Y133.709 E100.25223
G1 X121.933 Y117.561 E101.3506
G1 X121.933 Y118.106 E101.37681
G1 X105.785 Y134.254 E102.47518
G1 X105.785 Y134.8 E102.50144
G1 X121.933 Y118.652 E103.59981
G1 X121.933 Y119.197 E103.62602
G1 X105.785 Y135.345 E104.72439
G1 X105.785 Y135.89 E104.7506
G1 X121.933 Y119.742 E105.84897
G1 X121.933 Y120.288 E105.87523
G1 X105.785 Y136.436 E106.9736
G1 X105.785 Y136.981 E106.99981
G1 X121.933 Y120.833 E108.09818
G1 X121.933 Y121.378 E108.12439
G1 X105.785 Y137.526 E109.22276
G1 X105.785 Y138.072 E109.24902
G1 X121.933 Y121.924 E110.34739
G1 X121.933 Y122.469 E110.3736
G1 X105.785 Y138.617 E111.47197
G1 X105.785 Y139.162 E111.49818
G1 X121.933 Y123.014 E112.59655
G1 X121.933 Y123.56 E112.62281
G1 X105.785 Y139.708 E113.72118
G1 X105.785 Y140.253 E113.74739
G1 X121.933 Y124.105 E114.84576
G1 X121.933 Y124.651 E114.87202
G1 X105.785 Y140.798 E115.97035
G1 X105.785 Y141.344 E115.99661
G1 X121.933 Y125.196 E117.09498
G1 X121.933 Y125.741 E117.12119
G1 X105.785 Y141.889 E118.21956
G1 X105.785 Y142.434 E118.24577
G1 X121.933 Y126.287 E119.3441
G1 X121.933 Y126.832 E119.37031
G1 X105.785 Y142.98 E120.46868
G1 X105.785 Y143.525 E120.49489
G1 X121.933 Y127.377 E121.59326
G1 X121.933 Y127.923 E121.61952
G1 X105.785 Y144.07 E122.71785
G1 X105.785 Y144.616 E122.74411
G1 X121.933 Y128.468 E123.84248
G1 X121.933 Y129.013 E123.86869
G1 X105.785 Y145.161 E124.96706
G1 X105.785 Y145.707 E124.99332
G1 X121.933 Y129.559 E126.09169
G1 X121.933 Y130.104 E126.1179
G1 X105.985 Y146.053 E127.2027
G1 X105.739 Y146.129 E127.21508
;WIDTH:0.404381
G1 X105.668 Y146.11 E127.2182
G1 X105.687 Y146.181 E127.22132
G1 X105.728 Y146.17 E127.22312
G1 X106.53 Y146.053 F7800
;WIDTH:0.45
G1 F1200
G1 X121.933 Y130.649 E128.27085
G1 X121.933 Y131.195 E128.29711
G1 X107.075 Y146.053 E129.30773
G1 X107.621 Y146.053 E129.33399
G1 X121.933 Y131.74 E130.30751
G1 X121.933 Y132.285 E130.33372
G1 X108.166 Y146.053 E131.27017
G1 X108.711 Y146.053 E131.29638
G1 X121.933 Y132.831 E132.19572
G1 X121.933 Y133.376 E132.22193
G1 X109.257 Y146.053 E133.08417
G1 X109.802 Y146.053 E133.11038
G1 X121.933 Y133.921 E133.93555
G1 X121.933 Y134.467 E133.96181
G1 X110.347 Y146.053 E134.74988
G1 X110.893 Y146.053 E134.77614
G1 X121.933 Y135.012 E135.5271
G1 X121.933 Y135.557 E135.55331
G1 X111.438 Y146.053 E136.2672
G1 X111.984 Y146.053 E136.29346
G1 X121.933 Y136.103 E136.97021
G1 X121.933 Y136.648 E136.99642
G1 X112.529 Y146.053 E137.6361
G1 X113.074 Y146.053 E137.66231
G1 X121.933 Y137.194 E138.26489
G1 X121.933 Y137.739 E138.2911
G1 X113.62 Y146.053 E138.85657
G1 X114.165 Y146.053 E138.88278
G1 X121.933 Y138.284 E139.41118
G1 X121.933 Y138.83 E139.43744
G1 X114.71 Y146.053 E139.92874
G1 X115.256 Y146.053 E139.955
G1 X121.933 Y139.375 E140.4092
G1 X121.933 Y139.92 E140.43541
G1 X115.801 Y146.053 E140.85254
G1 X116.346 Y146.053 E140.87875
G1 X121.933 Y140.466 E141.25877
G1 X121.933 Y141.011 E141.28498
G1 X116.892 Y146.053 E141.6279
G1 X117.437 Y146.053 E141.65411
G1 X121.933 Y141.556 E141.95996
G1 X121.933 Y142.102 E141.98622
G1 X117.982 Y146.053 E142.25496
G1 X118.528 Y146.053 E142.28122
G1 X121.933 Y142.647 E142.51286
G1 X121.933 Y143.192 E142.53907
G1 X119.073 Y146.053 E142.73364
G1 X119.618 Y146.053 E142.75985
G1 X121.933 Y143.738 E142.91731
G1 X121.933 Y144.283 E142.94352
G1 X120.164 Y146.053 E143.06388
G1 X120.057 Y146.206 E143.07286
;WIDTH:0.404381
G1 X119.986 Y146.187 E143.07598
G1 X120.005 Y146.258 E143.0791
G1 X120.046 Y146.247 E143.0809
G1 E141.0809 F2400
G92 E0
G1 X121.797 Y144.965 F7800
G1 E2 F2400
;WIDTH:0.45
G1 F1200
G1 X120.709 Y146.053 E2.074
G1 X121.624 Y146.053 E2.11801
;WIDTH:0.457256
G1 X121.763 Y146.107 E2.12532
;WIDTH:0.474719
G1 X121.921 Y146.305 E2.13828
G1 X121.933 Y145.743 E2.16705
;WIDTH:0.45
G1 X121.933 Y144.828 E2.21106
G1 X121.921 Y146.305 F7800
;WIDTH:0.474719
G1 F1200
G1 X121.922 Y146.676 E2.23005
G1 E.23005 F2400
G92 E0
G1 X125.981 Y148.543 F7800
G1 E2 F2400
;TYPE:Perimeter
;WIDTH:0.371573
G1 F1200
G1 X126.166 Y148.85 E2.01373
G1 X123.834 Y148.85 E2.10308
G1 X124.019 Y148.543 E2.11681
G1 X125.921 Y148.543 E2.18968
G1 X126.178 Y148.197 F7800
;TYPE:External perimeter
;WIDTH:0.45
G1 F1200
G1 X126.778 Y149.197 E2.24577
G1 X123.222 Y149.197 E2.4168
G1 X123.822 Y148.197 E2.47289
G1 X126.118 Y148.197 E2.58332
G1 X126.363 Y148.513 F7800
G1 E.58332 F2400
G92 E0
G1 X127.777 Y146.976 F7800
G1 E2 F2400
;TYPE:Perimeter
G1 F1500
G1 X127.777 Y74.626 E5.47978
G1 X128.847 Y74.48 E5.53172
G1 X132.339 Y73.257 E5.70968
G1 X135.554 Y71.272 E5.89141
G1 X135.776 Y71.09 E5.90522
G1 X144.504 Y71.09 E6.32501
G1 X144.504 Y146.976 E9.97486
G1 X127.837 Y146.976 E10.77648
G1 X127.392 Y147.361 F7800
G1 F1500
G1 X127.392 Y74.282 E14.29133
G1 X128.659 Y74.138 E14.35266
G1 X132.172 Y72.907 E14.5317
G1 X135.352 Y70.944 E14.71144
G1 X135.622 Y70.705 E14.72878
G1 X144.889 Y70.705 E15.17449
G1 X144.889 Y147.361 E18.86138
G1 X127.452 Y147.361 E19.70004
G1 X127.006 Y147.747 F7800
;TYPE:External perimeter
G1 F1500
G1 X127.006 Y73.937 E23.25004
G1 X128.572 Y73.759 E23.32584
G1 X132.005 Y72.557 E23.50078
G1 X135.149 Y70.616 E23.67849
G1 X135.367 Y70.414 E23.69278
;TYPE:Overhang perimeter
;WIDTH:0.4
;HEIGHT:0.4
M106 S255
G1 X135.468 Y70.319 E23.70002
G1 X145.275 Y70.319 E24.21239
G1 X145.275 Y70.414 E24.21735
M107
;TYPE:External perimeter
;WIDTH:0.45
;HEIGHT:0.3
G1 X145.275 Y147.747 E27.9368
G1 X127.066 Y147.747 E28.81259
G1 X127.007 Y147.351 F7800
G1 E26.81259 F2400
G92 E0
G1 X132.179 Y146.438 F7800
G1 E2 F2400
;TYPE:Internal infill
;WIDTH:0.45
G1 F1200
G1 X129.866 Y146.438 E2.11125
G1 X129.799 Y146.686 E2.12361
G1 X133.316 Y146.686 E2.29277
G1 X134.241 Y146.438 E2.33883
G1 X133.717 Y146.438 E2.36403
G1 X133.965 Y146.686 E2.3809
G1 X137.784 Y146.686 E2.56458
G1 X137.85 Y146.438 E2.57692
G1 X140.164 Y146.438 E2.68822
G1 E.68822 F2400
G92 E0
G1 X128.181 Y74.917 F7800
G1 E2 F2400
;TYPE:Solid infill
;WIDTH:0.559105
G1 F1200
G1 X128.137 Y74.873 E2.00384
G1 X128.078 Y74.889 E2.00761
G1 X128.062 Y74.949 E2.01144
G1 X128.105 Y74.992 E2.01519
G1 X128.165 Y74.976 E2.01902
G1 X128.917 Y74.759 F7800
;WIDTH:0.45
G1 F1200
G1 X128.067 Y75.61 E2.07687
;WIDTH:0.471725
G1 X127.951 Y75.745 E2.08591
G1 X127.915 Y75.709 E2.0885
G1 X127.866 Y75.722 E2.09108
G1 X127.853 Y75.771 E2.09366
G1 X127.889 Y75.807 E2.09625
G1 X127.938 Y75.794 E2.09883
;WIDTH:0.45
G1 X128.067 Y76.155 E2.11727
G1 X129.756 Y74.466 E2.23215
G1 X130.6 Y74.168 F7800
G1 F1200
G1 X128.067 Y76.7 E2.40441
G1 X128.067 Y77.246 E2.43067
G1 X131.443 Y73.87 E2.6603
G1 X131.743 Y73.727 E2.67628
;WIDTH:0.404381
G1 X131.702 Y73.738 E2.67808
G1 X131.683 Y73.667 E2.6812
G1 X131.754 Y73.686 E2.68432
;WIDTH:0.45
G1 X132.286 Y73.572 E2.71049
G1 X128.067 Y77.791 E2.99746
G1 X128.067 Y78.336 E3.02367
G1 X132.781 Y73.622 E3.34431
G1 X132.823 Y73.29 E3.36041
;WIDTH:0.444101
G1 X132.832 Y73.284 E3.36092
;WIDTH:0.443773
G1 X134.658 Y72.159 E3.46241
;WIDTH:0.448723
G1 X134.705 Y72.134 E3.46496
G1 X135.886 Y71.38 F7800
;WIDTH:0.45
G1 F1200
G1 X144.215 Y71.38 E3.86556
G1 X144.215 Y72.114 E3.90086
G1 X134.756 Y72.115 E4.35581
;WIDTH:0.449051
G1 X134.791 Y72.081 E4.35815
;WIDTH:0.45
G1 X135.733 Y71.497 E4.41146
G1 X136.012 Y71.747 E4.42948
;WIDTH:0.413375
G1 X143.847 Y71.747 E4.77053
G1 E2.77053 F2400
G92 E0
G1 X133.074 Y73.874 F7800
G1 E2 F2400
;WIDTH:0.45
G1 F1200
G1 X128.067 Y78.882 E2.3406
G1 X128.067 Y79.427 E2.36681
G1 X133.62 Y73.874 E2.74452
G1 X134.165 Y73.874 E2.77073
G1 X128.067 Y79.973 E3.18554
G1 X128.067 Y80.518 E3.21175
G1 X134.711 Y73.874 E3.66367
G1 X135.256 Y73.874 E3.68988
G1 X128.067 Y81.063 E4.17887
G1 X128.067 Y81.609 E4.20513
G1 X135.801 Y73.874 E4.73122
G1 X136.347 Y73.874 E4.75748
G1 X128.067 Y82.154 E5.32068
G1 X128.067 Y82.699 E5.34689
G1 X136.892 Y73.874 E5.94716
G1 X137.437 Y73.874 E5.97337
G1 X128.067 Y83.245 E6.61074
G1 X128.067 Y83.79 E6.63695
G1 X137.983 Y73.874 E7.31142
G1 X138.528 Y73.874 E7.33763
G1 X128.067 Y84.335 E8.04917
G1 X128.067 Y84.881 E8.07543
G1 X139.073 Y73.874 E8.82408
G1 X139.619 Y73.874 E8.85034
G1 X128.067 Y85.426 E9.63609
G1 X128.067 Y85.971 E9.6623
G1 X140.164 Y73.874 E10.48512
G1 X140.709 Y73.874 E10.51133
G1 X128.067 Y86.517 E11.37126
G1 X128.067 Y87.062 E11.39747
G1 X141.255 Y73.874 E12.2945
G1 X141.8 Y73.874 E12.32071
G1 X128.067 Y87.607 E13.25481
G1 X128.067 Y88.153 E13.28107
G1 X142.345 Y73.874 E14.25228
G1 X142.891 Y73.874 E14.27854
G1 X128.067 Y88.698 E15.28685
G1 X128.067 Y89.243 E15.31306
G1 X143.436 Y73.874 E16.35844
G1 X143.981 Y73.874 E16.38465
G1 X128.067 Y89.789 E17.46713
G1 X128.067 Y90.334 E17.49334
G1 X144.215 Y74.186 E18.59171
G1 X144.215 Y74.732 E18.61797
G1 X128.067 Y90.879 E19.7163
G1 X128.067 Y91.425 E19.74256
G1 X144.215 Y75.277 E20.84093
G1 X144.215 Y75.822 E20.86714
G1 X128.067 Y91.97 E21.96551
G1 X128.067 Y92.516 E21.99177
G1 X144.215 Y76.368 E23.09014
G1 X144.215 Y76.913 E23.11635
G1 X128.067 Y93.061 E24.21472
G1 X128.067 Y93.606 E24.24093
G1 X144.215 Y77.458 E25.3393
G1 X144.215 Y78.004 E25.36556
G1 X128.067 Y94.152 E26.46393
G1 X128.067 Y94.697 E26.49014
G1 X144.215 Y78.549 E27.58851
G1 X144.215 Y79.094 E27.61472
G1 X128.067 Y95.242 E28.71309
G1 X128.067 Y95.788 E28.73935
G1 X144.215 Y79.64 E29.83772
G1 X144.215 Y80.185 E29.86393
G1 X128.067 Y96.333 E30.9623
G1 X128.067 Y96.878 E30.98851
G1 X144.215 Y80.73 E32.08688
G1 X144.215 Y81.276 E32.11314
G1 X128.067 Y97.424 E33.21151
G1 X128.067 Y97.969 E33.23772
G1 X144.215 Y81.821 E34.33609
G1 X144.215 Y82.366 E34.3623
G1 X128.067 Y98.514 E35.46067
G1 X128.067 Y99.06 E35.48693
G1 X144.215 Y82.912 E36.5853
G1 X144.215 Y83.457 E36.61151
G1 X128.067 Y99.605 E37.70988
G1 X128.067 Y100.15 E37.73609
G1 X144.215 Y84.003 E38.83442
G1 X144.215 Y84.548 E38.86063
G1 X128.067 Y100.696 E39.959
G1 X128.067 Y101.241 E39.98521
G1 X144.215 Y85.093 E41.08358
G1 X144.215 Y85.639 E41.10984
G1 X128.067 Y101.786 E42.20817
G1 X128.067 Y102.332 E42.23443
G1 X144.215 Y86.184 E43.3328
G1 X144.215 Y86.729 E43.35901
G1 X128.067 Y102.877 E44.45738
G1 X128.067 Y103.422 E44.48359
G1 X144.215 Y87.275 E45.58192
G1 X144.215 Y87.82 E45.60813
G1 X128.067 Y103.968 E46.7065
G1 X128.067 Y104.513 E46.73271
G1 X144.215 Y88.365 E47.83108
G1 X144.215 Y88.911 E47.85734
G1 X128.067 Y105.059 E48.95571
G1 X128.067 Y105.604 E48.98192
G1 X144.215 Y89.456 E50.08029
G1 X144.215 Y90.001 E50.1065
G1 X128.067 Y106.149 E51.20487
G1 X128.067 Y106.695 E51.23113
G1 X144.215 Y90.547 E52.3295
G1 X144.215 Y91.092 E52.35571
G1 X128.067 Y107.24 E53.45408
G1 X128.067 Y107.785 E53.48029
G1 X144.215 Y91.637 E54.57866
G1 X144.215 Y92.183 E54.60492
G1 X128.067 Y108.331 E55.70329
G1 X128.067 Y108.876 E55.7295
G1 X144.215 Y92.728 E56.82787
G1 X144.215 Y93.273 E56.85408
G1 X128.067 Y109.421 E57.95245
G1 X128.067 Y109.967 E57.97871
G1 X144.215 Y93.819 E59.07708
G1 X144.215 Y94.364 E59.10329
G1 X128.067 Y110.512 E60.20166
G1 X128.067 Y111.057 E60.22787
G1 X144.215 Y94.909 E61.32624
G1 X144.215 Y95.455 E61.3525
G1 X128.067 Y111.603 E62.45087
G1 X128.067 Y112.148 E62.47708
G1 X144.215 Y96 E63.57545
G1 X144.215 Y96.546 E63.60171
G1 X128.067 Y112.693 E64.70004
G1 X128.067 Y113.239 E64.7263
G1 X144.215 Y97.091 E65.82467
G1 X144.215 Y97.636 E65.85088
G1 X128.067 Y113.784 E66.94925
G1 X128.067 Y114.329 E66.97546
G1 X144.215 Y98.182 E68.07379
G1 X144.215 Y98.727 E68.1
G1 X128.067 Y114.875 E69.19837
G1 X128.067 Y115.42 E69.22458
G1 X144.215 Y99.272 E70.32295
G1 X144.215 Y99.818 E70.34921
G1 X128.067 Y115.965 E71.44754
G1 X128.067 Y116.511 E71.4738
G1 X144.215 Y100.363 E72.57217
G1 X144.215 Y100.908 E72.59838
G1 X128.067 Y117.056 E73.69675
G1 X128.067 Y117.602 E73.72301
G1 X144.215 Y101.454 E74.82138
G1 X144.215 Y101.999 E74.84759
G1 X128.067 Y118.147 E75.94596
G1 X128.067 Y118.692 E75.97217
G1 X144.215 Y102.544 E77.07054
G1 X144.215 Y103.09 E77.0968
G1 X128.067 Y119.238 E78.19517
G1 X128.067 Y119.783 E78.22138
G1 X144.215 Y103.635 E79.31975
G1 X144.215 Y104.18 E79.34596
G1 X128.067 Y120.328 E80.44433
G1 X128.067 Y120.874 E80.47059
G1 X144.215 Y104.726 E81.56896
G1 X144.215 Y105.271 E81.59517
G1 X128.067 Y121.419 E82.69354
G1 X128.067 Y121.964 E82.71975
G1 X144.215 Y105.816 E83.81812
G1 X144.215 Y106.362 E83.84438
G1 X128.067 Y122.51 E84.94275
G1 X128.067 Y123.055 E84.96896
G1 X144.215 Y106.907 E86.06733
G1 X144.215 Y107.452 E86.09354
G1 X128.067 Y123.6 E87.19191
G1 X128.067 Y124.146 E87.21817
G1 X144.215 Y107.998 E88.31654
G1 X144.215 Y108.543 E88.34275
G1 X128.067 Y124.691 E89.44112
G1 X128.067 Y125.236 E89.46733
G1 X144.215 Y109.089 E90.56566
G1 X144.215 Y109.634 E90.59187
G1 X128.067 Y125.782 E91.69024
G1 X128.067 Y126.327 E91.71645
G1 X144.215 Y110.179 E92.81482
G1 X144.215 Y110.725 E92.84108
G1 X128.067 Y126.872 E93.93941
G1 X128.067 Y127.418 E93.96567
G1 X144.215 Y111.27 E95.06404
G1 X144.215 Y111.815 E95.09025
G1 X128.067 Y127.963 E96.18862
G1 X128.067 Y128.508 E96.21483
G1 X144.215 Y112.361 E97.31316
G1 X144.215 Y112.906 E97.33937
G1 X128.067 Y129.054 E98.43774
G1 X128.067 Y129.599 E98.46395
G1 X144.215 Y113.451 E99.56232
G1 X144.215 Y113.997 E99.58858
G1 X128.067 Y130.145 E100.68695
G1 X128.067 Y130.69 E100.71316
G1 X144.215 Y114.542 E101.81153
G1 X144.215 Y115.087 E101.83774
G1 X128.067 Y131.235 E102.93611
G1 X128.067 Y131.781 E102.96237
G1 X144.215 Y115.633 E104.06074
G1 X144.215 Y116.178 E104.08695
G1 X128.067 Y132.326 E105.18532
G1 X128.067 Y132.871 E105.21153
G1 X144.215 Y116.723 E106.3099
G1 X144.215 Y117.269 E106.33616
G1 X128.067 Y133.417 E107.43453
G1 X128.067 Y133.962 E107.46074
G1 X144.215 Y117.814 E108.55911
G1 X144.215 Y118.359 E108.58532
G1 X128.067 Y134.507 E109.68369
G1 X128.067 Y135.053 E109.70995
G1 X144.215 Y118.905 E110.80832
G1 X144.215 Y119.45 E110.83453
G1 X128.067 Y135.598 E111.9329
G1 X128.067 Y136.143 E111.95911
G1 X144.215 Y119.995 E113.05748
G1 X144.215 Y120.541 E113.08374
G1 X128.067 Y136.689 E114.18211
G1 X128.067 Y137.234 E114.20832
G1 X144.215 Y121.086 E115.30669
G1 X144.215 Y121.632 E115.33295
G1 X128.067 Y137.779 E116.43128
G1 X128.067 Y138.325 E116.45754
G1 X144.215 Y122.177 E117.55591
G1 X144.215 Y122.722 E117.58212
G1 X128.067 Y138.87 E118.68049
G1 X128.067 Y139.415 E118.7067
G1 X144.215 Y123.268 E119.80503
G1 X144.215 Y123.813 E119.83124
G1 X128.067 Y139.961 E120.92961
G1 X128.067 Y140.506 E120.95582
G1 X144.215 Y124.358 E122.05419
G1 X144.215 Y124.904 E122.08045
G1 X128.067 Y141.051 E123.17878
G1 X128.067 Y141.597 E123.20504
G1 X144.215 Y125.449 E124.30341
G1 X144.215 Y125.994 E124.32962
G1 X128.067 Y142.142 E125.42799
G1 X128.067 Y142.687 E125.4542
G1 X144.215 Y126.54 E126.55253
G1 X144.215 Y127.085 E126.57874
G1 X128.067 Y143.233 E127.67711
G1 X128.067 Y143.778 E127.70332
G1 X144.215 Y127.63 E128.80169
G1 X144.215 Y128.176 E128.82795
G1 X128.067 Y144.324 E129.92632
G1 X128.067 Y144.869 E129.95253
G1 X144.215 Y128.721 E131.0509
G1 X144.215 Y129.266 E131.07711
G1 X128.067 Y145.414 E132.17548
G1 X128.078 Y146.676 F7800
;WIDTH:0.471725
G1 F1200
G1 X128.067 Y145.96 E132.21186
;WIDTH:0.45
G1 X144.215 Y129.812 E133.31023
G1 X144.215 Y130.357 E133.33644
G1 X128.519 Y146.053 E134.40406
G1 X129.064 Y146.053 E134.43027
G1 X144.215 Y130.902 E135.46082
G1 X144.215 Y131.448 E135.48708
G1 X129.61 Y146.053 E136.48049
G1 X130.155 Y146.053 E136.5067
G1 X144.215 Y131.993 E137.46304
G1 X144.215 Y132.538 E137.48925
G1 X130.7 Y146.053 E138.40852
G1 X131.246 Y146.053 E138.43478
G1 X144.215 Y133.084 E139.31692
G1 X144.215 Y133.629 E139.34313
G1 X131.791 Y146.053 E140.1882
G1 X132.336 Y146.053 E140.21441
G1 X144.215 Y134.175 E141.02237
G1 X144.215 Y134.72 E141.04858
G1 X132.882 Y146.053 E141.81944
G1 X133.427 Y146.053 E141.84565
G1 X144.215 Y135.265 E142.57944
G1 X144.215 Y135.811 E142.6057
G1 X133.972 Y146.053 E143.30238
G1 X134.518 Y146.053 E143.32864
G1 X144.215 Y136.356 E143.98822
G1 X144.215 Y136.901 E144.01443
G1 X135.063 Y146.053 E144.63694
G1 X135.609 Y146.053 E144.6632
G1 X144.215 Y137.447 E145.24857
G1 X144.215 Y137.992 E145.27478
G1 X136.154 Y146.053 E145.82308
G1 X136.699 Y146.053 E145.84929
G1 X144.215 Y138.537 E146.36052
G1 X144.215 Y139.083 E146.38678
G1 X137.245 Y146.053 E146.86087
G1 X137.79 Y146.053 E146.88708
G1 X144.215 Y139.628 E147.3241
G1 X144.215 Y140.173 E147.35031
G1 X138.335 Y146.053 E147.75026
G1 X138.881 Y146.053 E147.77652
G1 X144.215 Y140.719 E148.13933
G1 X144.215 Y141.264 E148.16554
G1 X139.426 Y146.053 E148.49128
G1 X139.971 Y146.053 E148.51749
G1 X144.215 Y141.809 E148.80616
G1 X144.215 Y142.355 E148.83242
G1 X140.517 Y146.053 E149.08395
G1 X141.062 Y146.053 E149.11016
G1 X144.215 Y142.9 E149.32462
G1 X144.215 Y143.445 E149.35083
G1 X141.607 Y146.053 E149.52822
G1 X142.153 Y146.053 E149.55448
G1 X144.215 Y143.991 E149.69473
G1 X144.215 Y146.053 E149.79391
G1 X142.698 Y146.053 E149.86687
G1 X144.078 Y144.672 E149.96077
G1 X143.831 Y145.592 F7800
;WIDTH:0.567113
G1 F1200
G1 X143.787 Y145.548 E149.96467
G1 X143.726 Y145.564 E149.96862
G1 X143.71 Y145.625 E149.97257
G1 X143.754 Y145.669 E149.97647
G1 X143.815 Y145.653 E149.98042
G1 E147.98042 F2400
G92 E0
G1 X143.742 Y73.488 F7800
G1 E2 F2400
;TYPE:Internal infill
;WIDTH:0.45
G1 F1200
G1 X141.428 Y73.488 E2.1113
G1 X141.693 Y72.5 E2.1605
G1 X141.998 Y72.5 E2.17517
G1 X138.309 Y73.488 E2.35885
G1 X137.116 Y73.488 E2.41623
G1 X136.128 Y72.5 E2.48343
G1 X134.832 Y72.5 E2.54576
G1 X133.486 Y73.33 E2.62182
G1 X133.444 Y73.488 E2.62968
G1 X135.757 Y73.488 E2.74093
;LAYER_CHANGE
;Z:2.75
;HEIGHT:0.3
G1 E.74093 F2400
G92 E0
G1 Z2.75 F7800
;AFTER_LAYER_CHANGE
;2.75
G1 X122.386 Y146.976
G1 E2 F2400
;TYPE:Perimeter
;WIDTH:0.45
G1 F1500
G1 X105.496 Y146.976 E2.81235
G1 X105.496 Y70.571 E6.48717
G1 X113.493 Y70.571 E6.8718
G1 X114.361 Y71.393 E6.9293
G1 X117.661 Y73.43 E7.11582
G1 X121.255 Y74.689 E7.29898
G1 X122.386 Y74.818 E7.35373
G1 X122.386 Y146.916 E10.82139
G1 X122.771 Y147.361 F7800
G1 F1500
G1 X105.111 Y147.361 E11.67077
G1 X105.111 Y70.185 E15.38267
G1 X113.647 Y70.185 E15.79322
G1 X114.598 Y71.086 E15.85623
G1 X117.828 Y73.08 E16.0388
G1 X121.341 Y74.311 E16.21784
G1 X122.771 Y74.473 E16.28706
G1 X122.771 Y147.301 E19.78983
G1 X123.157 Y147.747 F7800
;TYPE:External perimeter
G1 F1500
G1 X104.725 Y147.747 E20.67635
G1 X104.725 Y69.894 E24.42081
;TYPE:Overhang perimeter
;WIDTH:0.4
;HEIGHT:0.4
M106 S255
G1 X104.725 Y69.799 E24.42577
G1 X113.8 Y69.799 E24.89989
G1 X113.9 Y69.894 E24.9071
M107
;TYPE:External perimeter
;WIDTH:0.45
;HEIGHT:0.3
G1 X114.834 Y70.779 E24.96899
G1 X117.995 Y72.73 E25.14765
G1 X121.428 Y73.932 E25.32259
G1 X123.157 Y74.129 E25.40629
G1 X123.157 Y147.687 E28.94417
G1 X122.761 Y147.746 F7800
G1 E26.94417 F2400
G92 E0
G1 X122.272 Y75.602 F7800
G1 E2 F2400
;TYPE:Top solid infill
;WIDTH:0.401481
G1 F900
G1 X121.693 Y75.023 E2.03443
G1 X121.216 Y75.023 E2.05449
G1 X122.121 Y75.928 E2.1083
G1 X122.121 Y76.404 E2.12831
G1 X120.377 Y74.66 E2.23201
G1 X119.64 Y74.4 E2.26487
G1 X122.121 Y76.881 E2.41239
G1 X122.121 Y77.358 E2.43245
G1 X118.904 Y74.14 E2.62376
G1 X118.167 Y73.88 E2.65662
G1 X122.121 Y77.835 E2.89176
G1 X122.121 Y78.311 E2.91177
G1 X117.357 Y73.547 E3.19504
G1 X116.579 Y73.068 E3.23345
G1 X116.402 Y73.068 E3.24089
G1 X122.121 Y78.788 E3.58097
G1 X122.121 Y79.265 E3.60103
G1 X115.925 Y73.068 E3.96948
G1 X115.448 Y73.068 E3.98954
G1 X122.121 Y79.742 E4.38635
G1 X122.121 Y80.218 E4.40636
G1 X114.972 Y73.068 E4.83147
G1 X114.495 Y73.068 E4.85153
G1 X122.121 Y80.695 E5.30501
G1 X122.121 Y81.172 E5.32507
G1 X114.018 Y73.068 E5.80691
G1 X113.541 Y73.068 E5.82697
G1 X122.121 Y81.648 E6.33714
G1 X122.121 Y82.125 E6.3572
G1 X113.065 Y73.068 E6.8957
G1 X112.588 Y73.068 E6.91576
G1 X122.121 Y82.602 E7.48263
G1 X122.121 Y83.079 E7.50269
G1 X112.111 Y73.068 E8.09792
G1 X111.634 Y73.068 E8.11798
G1 X122.121 Y83.555 E8.74154
G1 X122.121 Y84.032 E8.7616
G1 X111.158 Y73.068 E9.4135
G1 X110.681 Y73.068 E9.43356
G1 X122.121 Y84.509 E10.11382
G1 X122.121 Y84.986 E10.13388
G1 X110.204 Y73.068 E10.8425
G1 X109.728 Y73.068 E10.86251
G1 X122.121 Y85.462 E11.59943
G1 X122.121 Y85.939 E11.61949
G1 X109.251 Y73.068 E12.38478
G1 X108.774 Y73.068 E12.40484
G1 X122.121 Y86.416 E13.19849
G1 X122.121 Y86.893 E13.21855
G1 X108.297 Y73.068 E14.04056
G1 X107.821 Y73.068 E14.06057
G1 X122.121 Y87.369 E14.91089
G1 X122.121 Y87.846 E14.93095
G1 X107.344 Y73.068 E15.80963
G1 X106.867 Y73.068 E15.82969
G1 X122.121 Y88.323 E16.73673
G1 X122.121 Y88.799 E16.75674
G1 X106.39 Y73.068 E17.69211
G1 X105.914 Y73.068 E17.71212
G1 X122.121 Y89.276 E18.67583
G1 X122.121 Y89.753 E18.69589
G1 X105.76 Y73.392 E19.66872
G1 X105.76 Y73.869 E19.68878
G1 X122.121 Y90.23 E20.66161
G1 X122.121 Y90.706 E20.68162
G1 X105.76 Y74.345 E21.65445
G1 X105.76 Y74.822 E21.67451
G1 X122.121 Y91.183 E22.64734
G1 X122.121 Y91.66 E22.6674
G1 X105.76 Y75.299 E23.64023
G1 X105.76 Y75.776 E23.66029
G1 X122.121 Y92.137 E24.63312
G1 X122.121 Y92.613 E24.65313
G1 X105.76 Y76.252 E25.62596
G1 X105.76 Y76.729 E25.64602
G1 X122.121 Y93.09 E26.61885
G1 X122.121 Y93.567 E26.63891
G1 X105.76 Y77.206 E27.61174
G1 X105.76 Y77.682 E27.63175
G1 X122.121 Y94.043 E28.60458
G1 X122.121 Y94.52 E28.62464
G1 X105.76 Y78.159 E29.59747
G1 X105.76 Y78.636 E29.61753
G1 X122.121 Y94.997 E30.59036
G1 X122.121 Y95.474 E30.61042
G1 X105.76 Y79.113 E31.58325
G1 X105.76 Y79.589 E31.60326
G1 X122.121 Y95.95 E32.57609
G1 X122.121 Y96.427 E32.59615
G1 X105.76 Y80.066 E33.56898
G1 X105.76 Y80.543 E33.58904
G1 X122.121 Y96.904 E34.56187
G1 X122.121 Y97.381 E34.58193
G1 X105.76 Y81.02 E35.55476
G1 X105.76 Y81.496 E35.57477
G1 X122.121 Y97.857 E36.5476
G1 X122.121 Y98.334 E36.56766
G1 X105.76 Y81.973 E37.54049
G1 X105.76 Y82.45 E37.56055
G1 X122.121 Y98.811 E38.53338
G1 X122.121 Y99.288 E38.55344
G1 X105.76 Y82.927 E39.52627
G1 X105.76 Y83.403 E39.54628
G1 X122.121 Y99.764 E40.51911
G1 X122.121 Y100.241 E40.53917
G1 X105.76 Y83.88 E41.512
G1 X105.76 Y84.357 E41.53206
G1 X122.121 Y100.718 E42.50489
G1 X122.121 Y101.194 E42.5249
G1 X105.76 Y84.833 E43.49773
G1 X105.76 Y85.31 E43.51779
G1 X122.121 Y101.671 E44.49062
G1 X122.121 Y102.148 E44.51068
G1 X105.76 Y85.787 E45.48351
G1 X105.76 Y86.264 E45.50357
G1 X122.121 Y102.625 E46.4764
G1 X122.121 Y103.101 E46.49641
G1 X105.76 Y86.74 E47.46924
G1 X105.76 Y87.217 E47.4893
G1 X122.121 Y103.578 E48.46213
G1 X122.121 Y104.055 E48.48219
G1 X105.76 Y87.694 E49.45502
G1 X105.76 Y88.171 E49.47508
G1 X122.121 Y104.532 E50.44791
G1 X122.121 Y105.008 E50.46792
G1 X105.76 Y88.647 E51.44075
G1 X105.76 Y89.124 E51.46081
G1 X122.121 Y105.485 E52.43364
G1 X122.121 Y105.962 E52.4537
G1 X105.76 Y89.601 E53.42653
G1 X105.76 Y90.078 E53.44659
G1 X122.121 Y106.439 E54.41942
G1 X122.121 Y106.915 E54.43943
G1 X105.76 Y90.554 E55.41226
G1 X105.76 Y91.031 E55.43232
G1 X122.121 Y107.392 E56.40515
G1 X122.121 Y107.869 E56.42521
G1 X105.76 Y91.508 E57.39804
G1 X105.76 Y91.984 E57.41805
G1 X122.121 Y108.345 E58.39088
G1 X122.121 Y108.822 E58.41094
G1 X105.76 Y92.461 E59.38377
G1 X105.76 Y92.938 E59.40383
G1 X122.121 Y109.299 E60.37666
G1 X122.121 Y109.776 E60.39672
G1 X105.76 Y93.415 E61.36955
G1 X105.76 Y93.891 E61.38956
G1 X122.121 Y110.252 E62.36239
G1 X122.121 Y110.729 E62.38245
G1 X105.76 Y94.368 E63.35528
G1 X105.76 Y94.845 E63.37534
G1 X122.121 Y111.206 E64.34817
G1 X122.121 Y111.683 E64.36823
G1 X105.76 Y95.322 E65.34106
G1 X105.76 Y95.798 E65.36107
G1 X122.121 Y112.159 E66.3339
G1 X122.121 Y112.636 E66.35396
G1 X105.76 Y96.275 E67.32679
G1 X105.76 Y96.752 E67.34685
G1 X122.121 Y113.113 E68.31968
G1 X122.121 Y113.589 E68.33969
G1 X105.76 Y97.228 E69.31252
G1 X105.76 Y97.705 E69.33258
G1 X122.121 Y114.066 E70.30541
G1 X122.121 Y114.543 E70.32547
G1 X105.76 Y98.182 E71.2983
G1 X105.76 Y98.659 E71.31836
G1 X122.121 Y115.02 E72.29119
G1 X122.121 Y115.496 E72.3112
G1 X105.76 Y99.135 E73.28403
G1 X105.76 Y99.612 E73.30409
G1 X122.121 Y115.973 E74.27692
G1 X122.121 Y116.45 E74.29698
G1 X105.76 Y100.089 E75.26981
G1 X105.76 Y100.566 E75.28987
G1 X122.121 Y116.927 E76.2627
G1 X122.121 Y117.403 E76.28271
G1 X105.76 Y101.042 E77.25554
G1 X105.76 Y101.519 E77.2756
G1 X122.121 Y117.88 E78.24843
G1 X122.121 Y118.357 E78.26849
G1 X105.76 Y101.996 E79.24132
G1 X105.76 Y102.473 E79.26138
G1 X122.121 Y118.834 E80.23421
G1 X122.121 Y119.31 E80.25422
G1 X105.76 Y102.949 E81.22705
G1 X105.76 Y103.426 E81.24711
G1 X122.121 Y119.787 E82.21994
G1 X122.121 Y120.264 E82.24
G1 X105.76 Y103.903 E83.21283
G1 X105.76 Y104.379 E83.23284
G1 X122.121 Y120.74 E84.20567
G1 X122.121 Y121.217 E84.22573
G1 X105.76 Y104.856 E85.19856
G1 X105.76 Y105.333 E85.21862
G1 X122.121 Y121.694 E86.19145
G1 X122.121 Y122.171 E86.21151
G1 X105.76 Y105.81 E87.18434
G1 X105.76 Y106.286 E87.20435
G1 X122.121 Y122.647 E88.17718
G1 X122.121 Y123.124 E88.19724
G1 X105.76 Y106.763 E89.17007
G1 X105.76 Y107.24 E89.19013
G1 X122.121 Y123.601 E90.16296
G1 X122.121 Y124.078 E90.18302
G1 X105.76 Y107.717 E91.15585
G1 X105.76 Y108.193 E91.17586
G1 X122.121 Y124.554 E92.14869
G1 X122.121 Y125.031 E92.16875
G1 X105.76 Y108.67 E93.14158
G1 X105.76 Y109.147 E93.16164
G1 X122.121 Y125.508 E94.13447
G1 X122.121 Y125.985 E94.15453
G1 X105.76 Y109.623 E95.12739
G1 X105.76 Y110.1 E95.14745
G1 X122.121 Y126.461 E96.12028
G1 X122.121 Y126.938 E96.14034
G1 X105.76 Y110.577 E97.11317
G1 X105.76 Y111.054 E97.13323
G1 X122.121 Y127.415 E98.10606
G1 X122.121 Y127.891 E98.12607
G1 X105.76 Y111.53 E99.0989
G1 X105.76 Y112.007 E99.11896
G1 X122.121 Y128.368 E100.09179
G1 X122.121 Y128.845 E100.11185
G1 X105.76 Y112.484 E101.08468
G1 X105.76 Y112.961 E101.10474
G1 X122.121 Y129.322 E102.07757
G1 X122.121 Y129.798 E102.09758
G1 X105.76 Y113.437 E103.07041
G1 X105.76 Y113.914 E103.09047
G1 X122.121 Y130.275 E104.0633
G1 X122.121 Y130.752 E104.08336
G1 X105.76 Y114.391 E105.05619
G1 X105.76 Y114.868 E105.07625
G1 X122.121 Y131.229 E106.04908
G1 X122.121 Y131.705 E106.06909
G1 X105.76 Y115.344 E107.04192
G1 X105.76 Y115.821 E107.06198
G1 X122.121 Y132.182 E108.03481
G1 X122.121 Y132.659 E108.05487
G1 X105.76 Y116.298 E109.0277
G1 X105.76 Y116.774 E109.04771
G1 X122.121 Y133.135 E110.02054
G1 X122.121 Y133.612 E110.0406
G1 X105.76 Y117.251 E111.01343
G1 X105.76 Y117.728 E111.03349
G1 X122.121 Y134.089 E112.00632
G1 X122.121 Y134.566 E112.02638
G1 X105.76 Y118.205 E112.99921
G1 X105.76 Y118.681 E113.01922
G1 X122.121 Y135.042 E113.99205
G1 X122.121 Y135.519 E114.01211
G1 X105.76 Y119.158 E114.98494
G1 X105.76 Y119.635 E115.005
G1 X122.121 Y135.996 E115.97783
G1 X122.121 Y136.473 E115.99789
G1 X105.76 Y120.112 E116.97072
G1 X105.76 Y120.588 E116.99073
G1 X122.121 Y136.949 E117.96356
G1 X122.121 Y137.426 E117.98362
G1 X105.76 Y121.065 E118.95645
G1 X105.76 Y121.542 E118.97651
G1 X122.121 Y137.903 E119.94934
G1 X122.121 Y138.38 E119.9694
G1 X105.76 Y122.019 E120.94223
G1 X105.76 Y122.495 E120.96224
G1 X122.121 Y138.856 E121.93507
G1 X122.121 Y139.333 E121.95513
G1 X105.76 Y122.972 E122.92796
G1 X105.76 Y123.449 E122.94802
G1 X122.121 Y139.81 E123.92085
G1 X122.121 Y140.286 E123.94086
G1 X105.76 Y123.925 E124.91369
G1 X105.76 Y124.402 E124.93375
G1 X122.121 Y140.763 E125.90658
G1 X122.121 Y141.24 E125.92664
G1 X105.76 Y124.879 E126.89947
G1 X105.76 Y125.356 E126.91953
G1 X122.121 Y141.717 E127.89236
G1 X122.121 Y142.193 E127.91237
G1 X105.76 Y125.832 E128.8852
G1 X105.76 Y126.309 E128.90526
G1 X122.121 Y142.67 E129.87809
G1 X122.121 Y143.147 E129.89815
G1 X105.76 Y126.786 E130.87098
G1 X105.76 Y127.263 E130.89104
G1 X122.121 Y143.624 E131.86387
G1 X122.121 Y144.1 E131.88388
G1 X105.76 Y127.739 E132.85671
G1 X105.76 Y128.216 E132.87677
G1 X122.121 Y144.577 E133.8496
G1 X122.121 Y145.054 E133.86966
G1 X105.76 Y128.693 E134.84249
G1 X105.76 Y129.169 E134.8625
G1 X122.121 Y145.53 E135.83533
G1 X122.121 Y146.007 E135.85539
G1 X105.76 Y129.646 E136.82822
G1 X105.76 Y130.123 E136.84828
G1 X122.121 Y146.484 E137.82111
G1 X122.121 Y146.711 E137.83065
G1 X121.872 Y146.711 E137.84112
G1 X105.76 Y130.6 E138.79912
G1 X105.76 Y131.076 E138.81913
G1 X121.395 Y146.711 E139.7488
G1 X120.919 Y146.711 E139.76881
G1 X105.76 Y131.553 E140.67014
G1 X105.76 Y132.03 E140.6902
G1 X120.442 Y146.711 E141.56317
G1 X119.965 Y146.711 E141.58323
G1 X105.76 Y132.507 E142.42784
G1 X105.76 Y132.983 E142.44785
G1 X119.488 Y146.711 E143.26412
G1 X119.012 Y146.711 E143.28413
G1 X105.76 Y133.46 E144.07207
G1 X105.76 Y133.937 E144.09213
G1 X118.535 Y146.711 E144.85171
G1 X118.058 Y146.711 E144.87177
G1 X105.76 Y134.414 E145.60299
G1 X105.76 Y134.89 E145.623
G1 X117.582 Y146.711 E146.32591
G1 X117.105 Y146.711 E146.34597
G1 X105.76 Y135.367 E147.02052
G1 X105.76 Y135.844 E147.04058
G1 X116.628 Y146.711 E147.68677
G1 X116.151 Y146.711 E147.70683
G1 X105.76 Y136.32 E148.32468
G1 X105.76 Y136.797 E148.34474
G1 X115.675 Y146.711 E148.93426
G1 X115.198 Y146.711 E148.95432
G1 X105.76 Y137.274 E149.51548
G1 X105.76 Y137.751 E149.53554
G1 X114.721 Y146.711 E150.06834
G1 X114.244 Y146.711 E150.0884
G1 X105.76 Y138.227 E150.59286
G1 X105.76 Y138.704 E150.61292
G1 X113.768 Y146.711 E151.08905
G1 X113.291 Y146.711 E151.10911
G1 X105.76 Y139.181 E151.55688
G1 X105.76 Y139.658 E151.57694
G1 X112.814 Y146.711 E151.99635
G1 X112.338 Y146.711 E152.01636
G1 X105.76 Y140.134 E152.40746
G1 X105.76 Y140.611 E152.42752
G1 X111.861 Y146.711 E152.79026
G1 X111.384 Y146.711 E152.81032
G1 X105.76 Y141.088 E153.1447
G1 X105.76 Y141.564 E153.16471
G1 X110.907 Y146.711 E153.47075
G1 X110.431 Y146.711 E153.49076
G1 X105.76 Y142.041 E153.76847
G1 X105.76 Y142.518 E153.78853
G1 X109.954 Y146.711 E154.03788
G1 X109.477 Y146.711 E154.05794
G1 X105.76 Y142.995 E154.27893
G1 X105.76 Y143.471 E154.29894
G1 X109 Y146.711 E154.49159
G1 X108.524 Y146.711 E154.5116
G1 X105.76 Y143.948 E154.67592
G1 X105.76 Y144.425 E154.69598
G1 X108.047 Y146.711 E154.83194
G1 X107.57 Y146.711 E154.852
G1 X105.76 Y144.902 E154.95959
G1 X105.76 Y145.378 E154.9796
G1 X107.093 Y146.711 E155.05886
G1 X106.617 Y146.711 E155.07887
G1 X105.76 Y145.855 E155.1298
G1 X105.76 Y146.332 E155.14986
G1 X106.291 Y146.862 E155.1814
G1 E153.1814 F2400
G92 E0
G1 X105.785 Y71.053 F7800
G1 E2 F2400
;TYPE:Solid infill
;WIDTH:0.45
G1 F1200
G1 X105.785 Y72.708 E2.0796
G1 X115.945 Y72.708 E2.56826
G1 X114.298 Y71.694 E2.66128
G1 X113.378 Y70.86 E2.721
G1 X105.785 Y70.86 E3.0862
G1 X106.171 Y71.246 E3.11246
G1 X113.224 Y71.246 E3.45168
G1 X114.096 Y72.023 E3.50785
G1 X114.583 Y72.322 E3.53534
G1 X106.171 Y72.322 E3.93993
G1 X106.171 Y71.438 E3.98245
G1 X106.537 Y71.611 E4.00192
;WIDTH:0.409889
G1 X113.078 Y71.611 E4.2838
G1 X113.443 Y71.957 E4.30547
G1 X106.537 Y71.957 E4.60307
G1 X106.537 Y71.804 E4.60966
G1 E2.60966 F2400
G92 E0
G1 X125.981 Y148.543 F7800
G1 E2 F2400
;TYPE:Perimeter
;WIDTH:0.371573
G1 F1200
G1 X126.166 Y148.85 E2.01373
G1 X123.834 Y148.85 E2.10308
G1 X124.019 Y148.543 E2.11681
G1 X125.921 Y148.543 E2.18968
G1 X126.178 Y148.197 F7800
;TYPE:External perimeter
;WIDTH:0.45
G1 F1200
G1 X126.778 Y149.197 E2.24577
G1 X123.222 Y149.197 E2.4168
G1 X123.822 Y148.197 E2.47289
G1 X126.118 Y148.197 E2.58332
G1 X126.363 Y148.513 F7800
G1 X127.614 Y146.976
;TYPE:Perimeter
G1 F1500
G1 X127.614 Y74.818 E6.05387
G1 X128.745 Y74.689 E6.10862
G1 X132.339 Y73.43 E6.29178
G1 X135.639 Y71.393 E6.4783
G1 X136.507 Y70.571 E6.5358
G1 X144.504 Y70.571 E6.92043
G1 X144.504 Y146.976 E10.59525
G1 X127.674 Y146.976 E11.40471
G1 X127.229 Y147.361 F7800
G1 F1500
G1 X127.229 Y74.473 E14.91037
G1 X128.659 Y74.311 E14.97959
G1 X132.172 Y73.08 E15.15863
G1 X135.402 Y71.086 E15.3412
G1 X136.353 Y70.185 E15.40421
G1 X144.889 Y70.185 E15.81476
G1 X144.889 Y147.361 E19.52666
G1 X127.289 Y147.361 E20.37316
G1 X126.843 Y147.747 F7800
;TYPE:External perimeter
G1 F1500
G1 X126.843 Y74.129 E23.91393
G1 X128.572 Y73.932 E23.99763
G1 X132.005 Y72.73 E24.17257
G1 X135.166 Y70.779 E24.35123
G1 X136.1 Y69.894 E24.41312
;TYPE:Overhang perimeter
;WIDTH:0.4
;HEIGHT:0.4
M106 S255
G1 X136.2 Y69.799 E24.42033
G1 X145.275 Y69.799 E24.89445
G1 X145.275 Y69.894 E24.89941
M107
;TYPE:External perimeter
;WIDTH:0.45
;HEIGHT:0.3
G1 X145.275 Y147.747 E28.64387
G1 X126.903 Y147.747 E29.5275
G1 X126.844 Y147.351 F7800
G1 E27.5275 F2400
G92 E0
G1 X134.055 Y72.708 F7800
G1 E2 F2400
;TYPE:Solid infill
G1 F1200
G1 X135.815 Y71.625 E2.09939
G1 X136.622 Y70.86 E2.15287
G1 X144.215 Y70.86 E2.51807
G1 X144.215 Y72.708 E2.60695
G1 X134.247 Y72.708 E3.08638
G1 X135.417 Y72.322 F7800
G1 F1200
G1 X136.179 Y71.812 E3.13048
G1 X136.776 Y71.246 E3.17005
G1 X143.829 Y71.246 E3.50927
G1 X143.829 Y72.322 E3.56102
G1 X135.61 Y72.322 E3.95633
G1 X136.557 Y71.957 F7800
;WIDTH:0.409888
G1 F1200
G1 X136.922 Y71.611 E3.978
G1 X143.463 Y71.611 E4.25987
G1 X143.463 Y71.957 E4.27478
G1 X136.75 Y71.957 E4.56407
G1 E2.56407 F2400
G92 E0
G1 X143.712 Y72.917 F7800
G1 E2 F2400
;TYPE:Top solid infill
;WIDTH:0.400072
G1 F900
G1 X144.24 Y73.445 E2.03126
G1 X144.24 Y73.92 E2.05115
G1 X143.388 Y73.068 E2.1016
G1 X142.914 Y73.068 E2.12145
G1 X144.24 Y74.394 E2.19997
G1 X144.24 Y74.869 E2.21986
G1 X142.439 Y73.068 E2.3265
G1 X141.964 Y73.068 E2.34639
G1 X144.24 Y75.344 E2.48116
G1 X144.24 Y75.819 E2.50105
G1 X141.489 Y73.068 E2.66394
G1 X141.015 Y73.068 E2.68379
G1 X144.24 Y76.293 E2.87475
G1 X144.24 Y76.768 E2.89464
G1 X140.54 Y73.068 E3.11372
G1 X140.065 Y73.068 E3.13361
G1 X144.24 Y77.243 E3.38082
G1 X144.24 Y77.718 E3.40071
G1 X139.59 Y73.068 E3.67605
G1 X139.116 Y73.068 E3.6959
G1 X144.24 Y78.192 E3.9993
G1 X144.24 Y78.667 E4.01919
G1 X138.641 Y73.068 E4.35072
G1 X138.166 Y73.068 E4.37061
G1 X144.24 Y79.142 E4.73026
G1 X144.24 Y79.617 E4.75015
G1 X137.691 Y73.068 E5.13793
G1 X137.217 Y73.068 E5.15778
G1 X144.24 Y80.091 E5.57363
G1 X144.24 Y80.566 E5.59352
G1 X136.742 Y73.068 E6.03749
G1 X136.267 Y73.068 E6.05738
G1 X144.24 Y81.041 E6.52948
G1 X144.24 Y81.516 E6.54937
G1 X135.792 Y73.068 E7.04959
G1 X135.318 Y73.068 E7.06944
G1 X144.24 Y81.99 E7.59773
G1 X144.24 Y82.465 E7.61762
G1 X134.843 Y73.068 E8.17404
G1 X134.368 Y73.068 E8.19393
G1 X144.24 Y82.94 E8.77847
G1 X144.24 Y83.414 E8.79832
G1 X133.893 Y73.068 E9.41096
G1 X133.419 Y73.069 E9.43081
G1 X144.24 Y83.889 E10.07151
G1 X144.24 Y84.364 E10.0914
G1 X133.126 Y73.25 E10.74948
G1 X132.832 Y73.431 E10.76394
G1 X144.24 Y84.839 E11.43943
G1 X144.24 Y85.313 E11.45928
G1 X132.538 Y73.612 E12.15215
G1 X132.461 Y73.659 E12.15593
G1 X132.202 Y73.75 E12.16742
G1 X144.24 Y85.788 E12.88021
G1 X144.24 Y86.263 E12.9001
G1 X131.851 Y73.874 E13.63368
G1 X131.5 Y73.998 E13.64927
G1 X144.24 Y86.738 E14.40363
G1 X144.24 Y87.212 E14.42348
G1 X131.149 Y74.122 E15.1986
G1 X130.798 Y74.245 E15.21417
G1 X144.24 Y87.687 E16.0101
G1 X144.24 Y88.162 E16.02999
G1 X130.447 Y74.369 E16.8467
G1 X130.096 Y74.493 E16.86229
G1 X144.24 Y88.637 E17.69979
G1 X144.24 Y89.111 E17.71964
G1 X129.745 Y74.617 E18.57789
G1 X129.394 Y74.741 E18.59348
G1 X144.24 Y89.586 E19.47251
G1 X144.24 Y90.061 E19.4924
G1 X129.201 Y75.023 E20.38286
G1 X128.727 Y75.023 E20.40271
G1 X144.24 Y90.536 E21.32127
G1 X144.24 Y91.01 E21.34112
G1 X128.252 Y75.023 E22.28777
G1 X127.879 Y75.053 E22.30344
G1 X127.879 Y75.124 E22.30641
G1 X144.24 Y91.485 E23.27518
G1 X144.24 Y91.96 E23.29507
G1 X127.879 Y75.599 E24.26384
G1 X127.879 Y76.074 E24.28373
G1 X144.24 Y92.435 E25.2525
G1 X144.24 Y92.909 E25.27235
G1 X127.879 Y76.548 E26.24112
G1 X127.879 Y77.023 E26.26101
G1 X144.24 Y93.384 E27.22978
G1 X144.24 Y93.859 E27.24967
G1 X127.879 Y77.498 E28.21844
G1 X127.879 Y77.972 E28.23829
G1 X144.24 Y94.333 E29.20706
G1 X144.24 Y94.808 E29.22695
G1 X127.879 Y78.447 E30.19572
G1 X127.879 Y78.922 E30.21561
G1 X144.24 Y95.283 E31.18438
G1 X144.24 Y95.758 E31.20427
G1 X127.879 Y79.397 E32.17304
G1 X127.879 Y79.871 E32.19289
G1 X144.24 Y96.232 E33.16166
G1 X144.24 Y96.707 E33.18155
G1 X127.879 Y80.346 E34.15032
G1 X127.879 Y80.821 E34.17021
G1 X144.24 Y97.182 E35.13898
G1 X144.24 Y97.657 E35.15887
G1 X127.879 Y81.296 E36.12764
G1 X127.879 Y81.77 E36.14749
G1 X144.24 Y98.131 E37.11626
G1 X144.24 Y98.606 E37.13615
G1 X127.879 Y82.245 E38.10492
G1 X127.879 Y82.72 E38.12481
G1 X144.24 Y99.081 E39.09358
G1 X144.24 Y99.556 E39.11347
G1 X127.879 Y83.195 E40.08224
G1 X127.879 Y83.669 E40.10209
G1 X144.24 Y100.03 E41.07086
G1 X144.24 Y100.505 E41.09075
G1 X127.879 Y84.144 E42.05952
G1 X127.879 Y84.619 E42.07941
G1 X144.24 Y100.98 E43.04818
G1 X144.24 Y101.455 E43.06807
G1 X127.879 Y85.094 E44.03684
G1 X127.879 Y85.568 E44.05669
G1 X144.24 Y101.929 E45.02546
G1 X144.24 Y102.404 E45.04535
G1 X127.879 Y86.043 E46.01412
G1 X127.879 Y86.518 E46.03401
G1 X144.24 Y102.879 E47.00278
G1 X144.24 Y103.354 E47.02267
G1 X127.879 Y86.993 E47.99144
G1 X127.879 Y87.467 E48.01129
G1 X144.24 Y103.828 E48.98006
G1 X144.24 Y104.303 E48.99995
G1 X127.879 Y87.942 E49.96872
G1 X127.879 Y88.417 E49.98861
G1 X144.24 Y104.778 E50.95738
G1 X144.24 Y105.252 E50.97723
G1 X127.879 Y88.891 E51.946
G1 X127.879 Y89.366 E51.96589
G1 X144.24 Y105.727 E52.93466
G1 X144.24 Y106.202 E52.95455
G1 X127.879 Y89.841 E53.92332
G1 X127.879 Y90.316 E53.94321
G1 X144.24 Y106.677 E54.91198
G1 X144.24 Y107.151 E54.93183
G1 X127.879 Y90.79 E55.9006
G1 X127.879 Y91.265 E55.92049
G1 X144.24 Y107.626 E56.88926
G1 X144.24 Y108.101 E56.90915
G1 X127.879 Y91.74 E57.87792
G1 X127.879 Y92.215 E57.89781
G1 X144.24 Y108.576 E58.86658
G1 X144.24 Y109.05 E58.88643
G1 X127.879 Y92.689 E59.8552
G1 X127.879 Y93.164 E59.87509
G1 X144.24 Y109.525 E60.84386
G1 X144.24 Y110 E60.86375
G1 X127.879 Y93.639 E61.83252
G1 X127.879 Y94.114 E61.85241
G1 X144.24 Y110.475 E62.82118
G1 X144.24 Y110.949 E62.84103
G1 X127.879 Y94.588 E63.8098
G1 X127.879 Y95.063 E63.82969
G1 X144.24 Y111.424 E64.79846
G1 X144.24 Y111.899 E64.81835
G1 X127.879 Y95.538 E65.78712
G1 X127.879 Y96.013 E65.80701
G1 X144.24 Y112.374 E66.77578
G1 X144.24 Y112.848 E66.79563
G1 X127.879 Y96.487 E67.7644
G1 X127.879 Y96.962 E67.78429
G1 X144.24 Y113.323 E68.75306
G1 X144.24 Y113.798 E68.77295
G1 X127.879 Y97.437 E69.74172
G1 X127.879 Y97.911 E69.76157
G1 X144.24 Y114.273 E70.73037
G1 X144.24 Y114.747 E70.75022
G1 X127.879 Y98.386 E71.71899
G1 X127.879 Y98.861 E71.73888
G1 X144.24 Y115.222 E72.70765
G1 X144.24 Y115.697 E72.72754
G1 X127.879 Y99.336 E73.69631
G1 X127.879 Y99.81 E73.71616
G1 X144.24 Y116.171 E74.68493
G1 X144.24 Y116.646 E74.70482
G1 X127.879 Y100.285 E75.67359
G1 X127.879 Y100.76 E75.69348
G1 X144.24 Y117.121 E76.66225
G1 X144.24 Y117.596 E76.68214
G1 X127.879 Y101.235 E77.65091
G1 X127.879 Y101.709 E77.67076
G1 X144.24 Y118.07 E78.63953
G1 X144.24 Y118.545 E78.65942
G1 X127.879 Y102.184 E79.62819
G1 X127.879 Y102.659 E79.64808
G1 X144.24 Y119.02 E80.61685
G1 X144.24 Y119.495 E80.63674
G1 X127.879 Y103.134 E81.60551
G1 X127.879 Y103.608 E81.62536
G1 X144.24 Y119.969 E82.59413
G1 X144.24 Y120.444 E82.61402
G1 X127.879 Y104.083 E83.58279
G1 X127.879 Y104.558 E83.60268
G1 X144.24 Y120.919 E84.57145
G1 X144.24 Y121.394 E84.59134
G1 X127.879 Y105.033 E85.56011
G1 X127.879 Y105.507 E85.57996
G1 X144.24 Y121.868 E86.54873
G1 X144.24 Y122.343 E86.56862
G1 X127.879 Y105.982 E87.53739
G1 X127.879 Y106.457 E87.55728
G1 X144.24 Y122.818 E88.52605
G1 X144.24 Y123.293 E88.54594
G1 X127.879 Y106.932 E89.51471
G1 X127.879 Y107.406 E89.53456
G1 X144.24 Y123.767 E90.50333
G1 X144.24 Y124.242 E90.52322
G1 X127.879 Y107.881 E91.49199
G1 X127.879 Y108.356 E91.51188
G1 X144.24 Y124.717 E92.48065
G1 X144.24 Y125.192 E92.50054
G1 X127.879 Y108.83 E93.46934
G1 X127.879 Y109.305 E93.48923
G1 X144.24 Y125.666 E94.458
G1 X144.24 Y126.141 E94.47789
G1 X127.879 Y109.78 E95.44666
G1 X127.879 Y110.255 E95.46655
G1 X144.24 Y126.616 E96.43532
G1 X144.24 Y127.09 E96.45517
G1 X127.879 Y110.729 E97.42394
G1 X127.879 Y111.204 E97.44383
G1 X144.24 Y127.565 E98.4126
G1 X144.24 Y128.04 E98.43249
G1 X127.879 Y111.679 E99.40126
G1 X127.879 Y112.154 E99.42115
G1 X144.24 Y128.515 E100.38992
G1 X144.24 Y128.989 E100.40977
G1 X127.879 Y112.628 E101.37854
G1 X127.879 Y113.103 E101.39843
G1 X144.24 Y129.464 E102.3672
G1 X144.24 Y129.939 E102.38709
G1 X127.879 Y113.578 E103.35586
G1 X127.879 Y114.053 E103.37575
G1 X144.24 Y130.414 E104.34452
G1 X144.24 Y130.888 E104.36437
G1 X127.879 Y114.527 E105.33314
G1 X127.879 Y115.002 E105.35303
G1 X144.24 Y131.363 E106.3218
G1 X144.24 Y131.838 E106.34169
G1 X127.879 Y115.477 E107.31046
G1 X127.879 Y115.952 E107.33035
G1 X144.24 Y132.313 E108.29912
G1 X144.24 Y132.787 E108.31897
G1 X127.879 Y116.426 E109.28774
G1 X127.879 Y116.901 E109.30763
G1 X144.24 Y133.262 E110.2764
G1 X144.24 Y133.737 E110.29629
G1 X127.879 Y117.376 E111.26506
G1 X127.879 Y117.851 E111.28495
G1 X144.24 Y134.212 E112.25372
G1 X144.24 Y134.686 E112.27357
G1 X127.879 Y118.325 E113.24234
G1 X127.879 Y118.8 E113.26223
G1 X144.24 Y135.161 E114.231
G1 X144.24 Y135.636 E114.25089
G1 X127.879 Y119.275 E115.21966
G1 X127.879 Y119.749 E115.23951
G1 X144.24 Y136.11 E116.20828
G1 X144.24 Y136.585 E116.22817
G1 X127.879 Y120.224 E117.19694
G1 X127.879 Y120.699 E117.21683
G1 X144.24 Y137.06 E118.1856
G1 X144.24 Y137.535 E118.20549
G1 X127.879 Y121.174 E119.17426
G1 X127.879 Y121.648 E119.19411
G1 X144.24 Y138.009 E120.16288
G1 X144.24 Y138.484 E120.18277
G1 X127.879 Y122.123 E121.15154
G1 X127.879 Y122.598 E121.17143
G1 X144.24 Y138.959 E122.1402
G1 X144.24 Y139.434 E122.16009
G1 X127.879 Y123.073 E123.12886
G1 X127.879 Y123.547 E123.14871
G1 X144.24 Y139.908 E124.11748
G1 X144.24 Y140.383 E124.13737
G1 X127.879 Y124.022 E125.10614
G1 X127.879 Y124.497 E125.12603
G1 X144.24 Y140.858 E126.0948
G1 X144.24 Y141.333 E126.11469
G1 X127.879 Y124.972 E127.08346
G1 X127.879 Y125.446 E127.10331
G1 X144.24 Y141.807 E128.07208
G1 X144.24 Y142.282 E128.09197
G1 X127.879 Y125.921 E129.06074
G1 X127.879 Y126.396 E129.08063
G1 X144.24 Y142.757 E130.0494
G1 X144.24 Y143.232 E130.06929
G1 X127.879 Y126.871 E131.03806
G1 X127.879 Y127.345 E131.05791
G1 X144.24 Y143.706 E132.02668
G1 X144.24 Y144.181 E132.04657
G1 X127.879 Y127.82 E133.01534
G1 X127.879 Y128.295 E133.03523
G1 X144.24 Y144.656 E134.004
G1 X144.24 Y145.131 E134.02389
G1 X127.879 Y128.77 E134.99266
G1 X127.879 Y129.244 E135.01251
G1 X144.24 Y145.605 E135.98128
G1 X144.24 Y146.08 E136.00117
G1 X127.879 Y129.719 E136.96994
G1 X127.879 Y130.194 E136.98983
G1 X144.24 Y146.555 E137.9586
G1 X144.24 Y146.711 E137.96513
G1 X143.921 Y146.711 E137.97849
G1 X127.879 Y130.668 E138.9284
G1 X127.879 Y131.143 E138.94829
G1 X143.447 Y146.711 E139.8701
G1 X142.972 Y146.711 E139.88999
G1 X127.879 Y131.618 E140.78368
G1 X127.879 Y132.093 E140.80357
G1 X142.497 Y146.711 E141.66913
G1 X142.023 Y146.711 E141.68898
G1 X127.879 Y132.567 E142.52648
G1 X127.879 Y133.042 E142.54637
G1 X141.548 Y146.711 E143.35574
G1 X141.073 Y146.711 E143.37563
G1 X127.879 Y133.517 E144.15687
G1 X127.879 Y133.992 E144.17676
G1 X140.598 Y146.711 E144.92988
G1 X140.124 Y146.711 E144.94973
G1 X127.879 Y134.466 E145.67478
G1 X127.879 Y134.941 E145.69467
G1 X139.649 Y146.711 E146.3916
G1 X139.174 Y146.711 E146.41149
G1 X127.879 Y135.416 E147.08029
G1 X127.879 Y135.891 E147.10018
G1 X138.699 Y146.711 E147.74085
G1 X138.225 Y146.711 E147.7607
G1 X127.879 Y136.365 E148.37331
G1 X127.879 Y136.84 E148.3932
G1 X137.75 Y146.711 E148.97768
G1 X137.275 Y146.711 E148.99757
G1 X127.879 Y137.315 E149.55393
G1 X127.879 Y137.79 E149.57382
G1 X136.8 Y146.711 E150.10205
G1 X136.326 Y146.711 E150.1219
G1 X127.879 Y138.264 E150.62206
G1 X127.879 Y138.739 E150.64195
G1 X135.851 Y146.711 E151.11399
G1 X135.376 Y146.711 E151.13388
G1 X127.879 Y139.214 E151.57779
G1 X127.879 Y139.689 E151.59768
G1 X134.901 Y146.711 E152.01347
G1 X134.427 Y146.711 E152.03332
G1 X127.879 Y140.163 E152.42104
G1 X127.879 Y140.638 E152.44093
G1 X133.952 Y146.711 E152.80052
G1 X133.477 Y146.711 E152.82041
G1 X127.879 Y141.113 E153.15188
G1 X127.879 Y141.587 E153.17173
G1 X133.002 Y146.711 E153.4751
G1 X132.528 Y146.711 E153.49495
G1 X127.879 Y142.062 E153.77023
G1 X127.879 Y142.537 E153.79012
G1 X132.053 Y146.711 E154.03727
G1 X131.578 Y146.711 E154.05716
G1 X127.879 Y143.012 E154.27619
G1 X127.879 Y143.486 E154.29604
G1 X131.104 Y146.711 E154.487
G1 X130.629 Y146.711 E154.50689
G1 X127.879 Y143.961 E154.66972
G1 X127.879 Y144.436 E154.68961
G1 X130.154 Y146.711 E154.82432
G1 X129.679 Y146.711 E154.84421
G1 X127.879 Y144.911 E154.95079
G1 X127.879 Y145.385 E154.97064
G1 X129.205 Y146.711 E155.04916
G1 X128.73 Y146.711 E155.06905
G1 X127.879 Y145.86 E155.11944
G1 X127.879 Y146.335 E155.13933
G1 X128.406 Y146.862 E155.17053
M106 S158.1
;LAYER_CHANGE
;Z:3.05
;HEIGHT:0.3
G1 E153.17053 F2400
G92 E0
G1 Z3.05 F7800
;AFTER_LAYER_CHANGE
;3.05
G1 X125.424 Y147.472
G1 E2 F2400
;TYPE:Overhang perimeter
;WIDTH:0.4
;HEIGHT:0.4
M106 S255
G1 F1500
G1 X125.348 Y147.595 E2.00755
G1 X125.323 Y147.772 E2.01689
M106 S158.1
;TYPE:Perimeter
;WIDTH:0.45
;HEIGHT:0.3
G1 X125.288 Y148.024 E2.02913
;WIDTH:0.485112
G1 X125.273 Y148.046 E2.03053
;WIDTH:0.520225
G1 X125.258 Y148.068 E2.03204
;WIDTH:0.555338
G1 X125.243 Y148.091 E2.03372
G1 X125.344 Y148.373 E2.05206
G1 X124.656 Y148.373 E2.09419
G1 X124.757 Y148.091 E2.11253
G1 X124.742 Y148.068 E2.11421
;WIDTH:0.520225
G1 X124.727 Y148.046 E2.11572
;WIDTH:0.485112
G1 X124.712 Y148.024 E2.11712
;WIDTH:0.45
G1 X124.677 Y147.772 E2.12936
;TYPE:Overhang perimeter
;WIDTH:0.4
;HEIGHT:0.4
M106 S255
G1 X124.652 Y147.595 E2.1387
G1 X124.463 Y147.288 E2.15753
G1 X124.157 Y147.065 E2.17731
G1 X123.752 Y146.976 E2.19897
G1 X123.582 Y146.976 E2.20785
M106 S158.1
;TYPE:Perimeter
;WIDTH:0.45
;HEIGHT:0.3
G1 X105.496 Y146.976 E3.07772
G1 X105.496 Y146.068 E3.12139
G1 X123.582 Y146.068 E3.99126
;TYPE:Overhang perimeter
;WIDTH:0.4
;HEIGHT:0.4
M106 S255
G1 X126.418 Y146.068 E4.13943
M106 S158.1
;TYPE:Perimeter
;WIDTH:0.45
;HEIGHT:0.3
G1 X144.504 Y146.068 E5.0093
G1 X144.504 Y146.976 E5.05297
G1 X126.418 Y146.976 E5.92284
;TYPE:Overhang perimeter
;WIDTH:0.4
;HEIGHT:0.4
M106 S255
G1 X126.248 Y146.976 E5.93172
G1 X125.843 Y147.065 E5.95338
G1 X125.537 Y147.288 E5.97316
G1 X125.456 Y147.421 E5.9813
M106 S158.1
G1 X125.754 Y147.659 F7800
M106 S255
G1 F1500
G1 X125.708 Y147.733 E5.98585
G1 X125.702 Y147.772 E5.98791
M106 S158.1
;TYPE:Perimeter
;WIDTH:0.45
;HEIGHT:0.3
G1 X125.672 Y147.99 E5.99849
G1 X125.752 Y148.237 E6.01098
G1 X126.097 Y148.811 E6.04319
G1 X123.903 Y148.811 E6.14871
G1 X124.248 Y148.237 E6.18092
G1 X124.324 Y148.026 E6.19171
G1 X124.296 Y147.772 E6.204
;TYPE:Overhang perimeter
;WIDTH:0.4
;HEIGHT:0.4
M106 S255
G1 X124.292 Y147.733 E6.20605
G1 X124.178 Y147.549 E6.21736
G1 X123.995 Y147.415 E6.22921
G1 X123.752 Y147.361 E6.24222
G1 X123.582 Y147.361 E6.2511
M106 S158.1
;TYPE:Perimeter
;WIDTH:0.45
;HEIGHT:0.3
G1 X105.111 Y147.361 E7.13949
G1 X105.111 Y145.682 E7.22024
G1 X123.582 Y145.682 E8.10863
;TYPE:Overhang perimeter
;WIDTH:0.4
;HEIGHT:0.4
M106 S255
G1 X126.418 Y145.682 E8.2568
M106 S158.1
;TYPE:Perimeter
;WIDTH:0.45
;HEIGHT:0.3
G1 X144.889 Y145.682 E9.14519
G1 X144.889 Y147.361 E9.22594
G1 X126.418 Y147.361 E10.11433
;TYPE:Overhang perimeter
;WIDTH:0.4
;HEIGHT:0.4
M106 S255
G1 X126.248 Y147.361 E10.12321
G1 X126.005 Y147.415 E10.13622
G1 X125.822 Y147.549 E10.14807
G1 X125.785 Y147.608 E10.15171
M106 S158.1
G1 X126.092 Y147.845 F7800
;TYPE:External perimeter
;WIDTH:0.45
;HEIGHT:0.3
G1 F1500
G1 X126.068 Y147.871 E10.15341
G1 X126.083 Y148.039 E10.16152
G1 X126.778 Y149.197 E10.22648
G1 X123.222 Y149.197 E10.39751
G1 X123.948 Y147.987 E10.46538
G1 X123.894 Y147.809 E10.47433
G1 X123.809 Y147.772 E10.47879
;TYPE:Overhang perimeter
;WIDTH:0.4
;HEIGHT:0.4
M106 S255
G1 X123.752 Y147.747 E10.48204
G1 X123.582 Y147.747 E10.49092
M106 S158.1
;TYPE:External perimeter
;WIDTH:0.45
;HEIGHT:0.3
G1 X104.725 Y147.747 E11.39788
G1 X104.725 Y145.297 E11.51572
G1 X123.582 Y145.297 E12.42268
;TYPE:Overhang perimeter
;WIDTH:0.4
;HEIGHT:0.4
M106 S255
G1 X126.418 Y145.297 E12.57085
M106 S158.1
;TYPE:External perimeter
;WIDTH:0.45
;HEIGHT:0.3
G1 X145.275 Y145.297 E13.47781
G1 X145.275 Y147.747 E13.59565
G1 X126.418 Y147.747 E14.50261
;TYPE:Overhang perimeter
;WIDTH:0.4
;HEIGHT:0.4
M106 S255
G1 X126.184 Y147.747 E14.51484
G1 X126.16 Y147.772 E14.51665
M106 S158.1
;TYPE:External perimeter
;WIDTH:0.45
;HEIGHT:0.3
G1 X126.133 Y147.801 E14.51856
G1 X126.183 Y148.198 F7800
G1 E12.51856 F2400
G92 E0
G1 X128.55 Y146.39 F7800
G1 E2 F2400
;TYPE:Bridge infill
;WIDTH:0.401837
;HEIGHT:0.4
M106 S255
G1 F1500
G1 X121.653 Y146.39 E2.36365
G1 X121.653 Y146.654 E2.37757
G1 X123.766 Y146.654 E2.48898
G1 X124.292 Y146.77 E2.51738
G1 X124.391 Y146.842 E2.52383
G1 X125.609 Y146.842 E2.58805
G1 X125.299 Y147.069 E2.60831
G1 X125.16 Y147.294 E2.62225
G1 X124.84 Y147.294 E2.63912
G1 X124.956 Y147.482 E2.65077
G1 X124.993 Y147.746 E2.66483
G1 X125.212 Y147.746 E2.67638
M106 S158.1
G1 E.67638 F2400
G92 E0
G1 X144.229 Y146.343 F7800
G1 E2 F2400
;TYPE:Solid infill
;WIDTH:0.421738
;HEIGHT:0.3
G1 F1200
G1 X144.229 Y146.7 E2.01591
G1 X128.751 Y146.7 E2.70579
G1 X128.751 Y146.343 E2.7217
G1 X144.036 Y146.343 E3.40298
G1 E1.40298 F2400
G92 E0
G1 X105.771 Y146.343 F7800
G1 E2 F2400
G1 F1200
G1 X121.249 Y146.343 E2.68988
G1 X121.249 Y146.7 E2.70579
G1 X105.771 Y146.7 E3.39567
G1 X105.771 Y146.536 E3.40298
G1 E1.40298 F2400
G92 E0
G1 X144.504 Y73.859 F7800
G1 E2 F2400
;TYPE:Perimeter
;WIDTH:0.45
G1 F1200
G1 X131.61 Y73.859 E2.62016
G1 X132.428 Y73.549 E2.66223
G1 X135.639 Y71.567 E2.84372
G1 X137.238 Y70.051 E2.9497
G1 X144.504 Y70.051 E3.29917
G1 X144.504 Y73.799 E3.47944
G1 X144.889 Y74.244 F7800
G1 F1200
G1 X129.343 Y74.244 E4.22715
G1 X132.172 Y73.253 E4.37132
G1 X135.402 Y71.259 E4.55389
G1 X137.084 Y69.665 E4.66534
G1 X144.889 Y69.665 E5.04073
G1 X144.889 Y74.184 E5.25808
G1 E3.25808 F2400
G92 E0
G1 X112.762 Y70.051 F7800
G1 E2 F2400
G1 F1200
G1 X114.361 Y71.567 E2.10598
G1 X117.661 Y73.603 E2.29248
G1 X118.39 Y73.859 E2.32964
G1 X105.496 Y73.859 E2.9498
G1 X105.496 Y70.051 E3.13295
G1 X112.702 Y70.051 E3.47953
G1 E1.47953 F2400
G92 E0
G1 X120.657 Y74.244 F7800
G1 E2 F2400
G1 F1200
G1 X105.111 Y74.244 E2.74771
G1 X105.111 Y69.665 E2.96794
G1 X112.916 Y69.665 E3.34333
G1 X114.598 Y71.259 E3.45478
G1 X117.828 Y73.253 E3.63735
G1 X120.601 Y74.224 E3.77866
G1 E1.77866 F2400
G92 E0
G1 X145.275 Y74.63 F7800
G1 E2 F2400
;TYPE:External perimeter
G1 F1500
G1 X132.278 Y74.63 E2.62511
;WIDTH:0.478719
G1 X130.361 Y74.615 E2.72418
;WIDTH:0.507439
G1 X128.445 Y74.599 E2.83006
G1 X127.769 Y74.618 E2.86743
;WIDTH:0.470582
G1 X127.094 Y74.638 E2.90164
;WIDTH:0.433725
G1 X126.418 Y74.657 E2.93279
;TYPE:Overhang perimeter
;WIDTH:0.4
;HEIGHT:0.4
M106 S255
G1 X125 Y74.697 E3.0069
G1 X123.582 Y74.657 E3.08101
M106 S158.1
;TYPE:External perimeter
;WIDTH:0.438618
;HEIGHT:0.3
G1 X122.861 Y74.636 E3.11468
;WIDTH:0.47876
G1 X122.141 Y74.616 E3.15191
;WIDTH:0.518902
G1 X121.317 Y74.604 E3.19863
;WIDTH:0.501089
G1 X119.52 Y74.617 E3.29651
;WIDTH:0.475544
G1 X117.722 Y74.63 E3.38872
;WIDTH:0.45
G1 X104.725 Y74.63 E4.01383
G1 X104.725 Y69.374 E4.26663
;TYPE:Overhang perimeter
;WIDTH:0.4
;HEIGHT:0.4
M106 S255
G1 X104.725 Y69.28 E4.27154
G1 X113.069 Y69.28 E4.70747
G1 X113.169 Y69.374 E4.71464
M106 S158.1
;TYPE:External perimeter
;WIDTH:0.45
;HEIGHT:0.3
G1 X114.834 Y70.952 E4.82497
G1 X117.995 Y72.903 E5.00363
;WIDTH:0.475544
G1 X119.726 Y73.523 E5.09792
;WIDTH:0.501089
G1 X121.457 Y74.143 E5.19807
G1 X122.165 Y74.204 E5.23678
;WIDTH:0.464759
G1 X122.874 Y74.264 E5.27231
;WIDTH:0.428429
G1 X123.582 Y74.324 E5.30457
;TYPE:Overhang perimeter
;WIDTH:0.4
;HEIGHT:0.4
M106 S255
G1 X125 Y74.445 E5.37892
G1 X126.418 Y74.324 E5.45327
M106 S158.1
;TYPE:External perimeter
;WIDTH:0.438983
;HEIGHT:0.3
G1 X127.131 Y74.264 E5.4867
;WIDTH:0.478943
G1 X127.843 Y74.203 E5.52365
;WIDTH:0.518903
G1 X128.556 Y74.142 E5.56422
G1 X130.281 Y73.523 E5.66812
;WIDTH:0.484451
G1 X132.006 Y72.903 E5.76416
;WIDTH:0.45
G1 X135.166 Y70.952 E5.94278
G1 X136.831 Y69.374 E6.05311
;TYPE:Overhang perimeter
;WIDTH:0.4
;HEIGHT:0.4
M106 S255
G1 X136.931 Y69.28 E6.06028
G1 X145.275 Y69.28 E6.49621
G1 X145.275 Y69.374 E6.50112
M106 S158.1
;TYPE:External perimeter
;WIDTH:0.45
;HEIGHT:0.3
G1 X145.275 Y74.57 E6.75103
G1 X144.879 Y74.629 F7800
G1 E4.75103 F2400
G92 E0
G1 X137.299 Y70.204 F7800
G1 E2 F2400
;TYPE:Solid infill
;WIDTH:0.404381
G1 F1200
G1 X135.834 Y71.63 E2.0867
G1 X135.295 Y72.071 E2.11623
;WIDTH:0.45
G1 X135.022 Y72.287 E2.13297
G1 X134.055 Y73.254 E2.19874
G1 X133.736 Y73.057 E2.21677
;WIDTH:0.409016
G1 X133.661 Y73.132 E2.22133
G1 X133.631 Y73.336 E2.23019
G1 X133.833 Y73.59 E2.24414
G1 X133.012 Y73.59 E2.27943
G1 X132.966 Y73.532 E2.28261
G1 X133.572 Y73.158 E2.31322
G1 X134.285 Y73.569 F7800
;WIDTH:0.45
G1 F1200
G1 X137.514 Y70.34 E2.53285
G1 X138.06 Y70.34 E2.55911
G1 X134.83 Y73.569 E2.77878
G1 X135.376 Y73.569 E2.80504
G1 X138.605 Y70.34 E3.02467
G1 X139.15 Y70.34 E3.05088
G1 X135.921 Y73.569 E3.27051
G1 X136.467 Y73.569 E3.29677
G1 X139.696 Y70.34 E3.5164
G1 X140.241 Y70.34 E3.54261
G1 X137.012 Y73.569 E3.76224
G1 X137.557 Y73.569 E3.78845
G1 X140.786 Y70.34 E4.00808
G1 X141.332 Y70.34 E4.03434
G1 X138.103 Y73.569 E4.25397
G1 X138.648 Y73.569 E4.28018
G1 X141.877 Y70.34 E4.49981
G1 X142.422 Y70.34 E4.52602
G1 X139.193 Y73.569 E4.74565
G1 X139.739 Y73.569 E4.77191
G1 X142.968 Y70.34 E4.99154
G1 X143.513 Y70.34 E5.01775
G1 X140.284 Y73.569 E5.23738
G1 X140.829 Y73.569 E5.26359
G1 X144.058 Y70.34 E5.48322
G1 X144.215 Y70.73 E5.50344
G1 X141.375 Y73.569 E5.69658
G1 X141.92 Y73.569 E5.72279
G1 X144.215 Y71.275 E5.87886
G1 X144.215 Y71.82 E5.90507
G1 X142.465 Y73.569 E6.02407
G1 X144.078 Y72.502 F7800
G1 F1200
G1 X143.011 Y73.569 E6.09665
G1 X144.215 Y73.569 E6.15456
G1 X144.215 Y72.366 E6.21242
G1 E4.21242 F2400
G92 E0
G1 X105.89 Y70.372 F7800
G1 E2 F2400
;WIDTH:0.543559
G1 F1200
G1 X105.848 Y70.329 E2.00359
G1 X105.79 Y70.345 E2.00719
G1 X105.774 Y70.403 E2.01079
G1 X105.817 Y70.445 E2.01438
G1 X105.875 Y70.429 E2.01798
;WIDTH:0.45
G1 X106.491 Y70.34 E2.04792
G1 X105.662 Y71.182 E2.10475
;WIDTH:0.404381
G1 X105.591 Y71.163 E2.10787
G1 X105.61 Y71.234 E2.11099
G1 X105.651 Y71.223 E2.11279
;WIDTH:0.45
G1 X105.785 Y71.591 E2.13163
G1 X107.036 Y70.34 E2.21672
G1 X107.581 Y70.34 E2.24293
G1 X105.785 Y72.136 E2.36509
G1 X105.785 Y72.681 E2.3913
G1 X108.127 Y70.34 E2.55057
G1 X108.672 Y70.34 E2.57678
G1 X105.785 Y73.227 E2.77315
G1 X105.729 Y73.686 E2.79539
;WIDTH:0.404381
G1 X105.688 Y73.697 E2.79719
G1 X105.669 Y73.626 E2.80031
G1 X105.74 Y73.645 E2.80343
;WIDTH:0.45
G1 X105.988 Y73.569 E2.81591
G1 X109.217 Y70.34 E3.03554
G1 X109.763 Y70.34 E3.0618
G1 X106.534 Y73.569 E3.28143
G1 X107.079 Y73.569 E3.30764
G1 X110.308 Y70.34 E3.52727
G1 X110.853 Y70.34 E3.55348
G1 X107.624 Y73.569 E3.77311
G1 X108.17 Y73.569 E3.79937
G1 X111.399 Y70.34 E4.019
G1 X111.944 Y70.34 E4.04521
G1 X108.715 Y73.569 E4.26484
G1 X109.26 Y73.569 E4.29105
G1 X112.489 Y70.34 E4.51068
G1 X112.846 Y70.529 E4.53011
G1 X109.806 Y73.569 E4.73689
G1 X110.351 Y73.569 E4.7631
G1 X113.126 Y70.794 E4.95185
G1 X113.406 Y71.06 E4.97043
G1 X110.896 Y73.569 E5.14112
G1 E3.14112 F2400
G92 E0
G1 X113.55 Y71.461 F7800
G1 E2 F2400
G1 F1200
G1 X111.442 Y73.569 E2.14338
G1 X117.002 Y73.569 E2.4108
G1 X117.01 Y73.541 E2.4122
G1 X114.298 Y71.868 E2.56546
G1 X113.686 Y71.325 E2.60481
G1 X113.693 Y71.863 E2.63069
G1 X114.096 Y72.196 E2.65583
G1 X115.696 Y73.184 E2.74627
G1 X112.373 Y73.184 E2.90609
G1 X113.557 Y72 E2.98662
G1 X113.711 Y72.379 E3.0063
;WIDTH:0.432428
G1 X113.898 Y72.516 E3.01694
G1 X114.368 Y72.807 E3.04232
G1 X113.282 Y72.807 E3.09217
G1 X113.574 Y72.515 E3.11113
M106 S160.65
;LAYER_CHANGE
;Z:3.35
;HEIGHT:0.3
G1 E1.11113 F2400
G92 E0
G1 Z3.35 F7800
;AFTER_LAYER_CHANGE
;3.35
G1 X125.424 Y147.472
G1 E2 F2400
;TYPE:Perimeter
;WIDTH:0.45
G1 F1500
G1 X125.348 Y147.595 E2.00695
G1 X125.288 Y148.024 E2.02778
;WIDTH:0.485112
G1 X125.273 Y148.046 E2.02918
;WIDTH:0.520225
G1 X125.258 Y148.068 E2.03069
;WIDTH:0.555338
G1 X125.243 Y148.091 E2.03237
G1 X125.344 Y148.373 E2.05071
G1 X124.656 Y148.373 E2.09284
G1 X124.757 Y148.091 E2.11118
G1 X124.742 Y148.068 E2.11286
;WIDTH:0.520225
G1 X124.727 Y148.046 E2.11437
;WIDTH:0.485112
G1 X124.712 Y148.024 E2.11577
;WIDTH:0.45
G1 X124.652 Y147.595 E2.1366
G1 X124.463 Y147.288 E2.15394
G1 X124.157 Y147.065 E2.17215
G1 X123.752 Y146.976 E2.19209
G1 X105.496 Y146.976 E3.07014
G1 X105.496 Y146.068 E3.11381
G1 X144.504 Y146.068 E4.98996
G1 X144.504 Y146.976 E5.03363
G1 X126.248 Y146.976 E5.91168
G1 X125.843 Y147.065 E5.93162
G1 X125.537 Y147.288 E5.94983
G1 X125.456 Y147.421 E5.95732
G1 X125.754 Y147.659 F7800
G1 F1500
G1 X125.708 Y147.733 E5.96151
G1 X125.672 Y147.99 E5.97399
G1 X125.752 Y148.237 E5.98648
G1 X126.097 Y148.811 E6.01869
G1 X123.903 Y148.811 E6.12421
G1 X124.248 Y148.237 E6.15642
G1 X124.324 Y148.026 E6.16721
G1 X124.292 Y147.733 E6.18139
G1 X124.178 Y147.549 E6.1918
G1 X123.995 Y147.415 E6.20271
G1 X123.752 Y147.361 E6.21468
G1 X105.111 Y147.361 E7.11125
G1 X105.111 Y145.682 E7.192
G1 X144.889 Y145.682 E9.10518
G1 X144.889 Y147.361 E9.18593
G1 X126.248 Y147.361 E10.0825
G1 X126.005 Y147.415 E10.09447
G1 X125.822 Y147.549 E10.10538
G1 X125.785 Y147.608 E10.10873
G1 X126.092 Y147.845 F7800
;TYPE:External perimeter
G1 F1500
G1 X126.068 Y147.871 E10.11043
G1 X126.083 Y148.039 E10.11854
G1 X126.778 Y149.197 E10.1835
G1 X123.222 Y149.197 E10.35453
G1 X123.948 Y147.987 E10.4224
G1 X123.894 Y147.809 E10.43135
G1 X123.752 Y147.747 E10.4388
G1 X104.725 Y147.747 E11.35393
G1 X104.725 Y145.297 E11.47177
G1 X145.275 Y145.297 E13.42208
G1 X145.275 Y147.747 E13.53992
G1 X126.184 Y147.747 E14.45813
G1 X126.133 Y147.801 E14.4617
G1 X126.183 Y148.198 F7800
G1 E12.4617 F2400
G92 E0
G1 X105.771 Y146.536 F7800
G1 E2 F2400
;TYPE:Solid infill
;WIDTH:0.421749
G1 F1200
G1 X105.771 Y146.7 E2.00731
G1 X123.741 Y146.7 E2.80829
;WIDTH:0.45
G1 X124.238 Y146.791 E2.83259
G1 X124.675 Y147.095 E2.85819
G1 X124.931 Y147.533 E2.88259
G1 X125 Y147.909 E2.90098
G1 X125.096 Y147.458 E2.92316
G1 X125.353 Y147.069 E2.94558
G1 X125.765 Y146.789 E2.96954
G1 X126.252 Y146.7 E2.99335
;WIDTH:0.421748
G1 X144.229 Y146.7 E3.79463
G1 X144.229 Y146.343 E3.81054
G1 X126.252 Y146.343 E4.61182
;WIDTH:0.45
G1 X125.718 Y146.357 E4.63751
G1 X123.741 Y146.343 E4.7326
;WIDTH:0.421749
G1 X105.771 Y146.343 E5.53358
G1 E3.53358 F2400
G92 E0
G1 X124.984 Y146.738 F7800
G1 E2 F2400
;WIDTH:0.559443
G1 F1200
G1 X124.94 Y146.782 E2.00384
G1 X124.956 Y146.841 E2.00761
G1 X125.016 Y146.857 E2.01144
G1 X125.06 Y146.814 E2.01524
G1 X125.044 Y146.754 E2.01907
G1 E.01907 F2400
G92 E0
G1 X128.547 Y74.196 F7800
G1 E2 F2400
;TYPE:External perimeter
;WIDTH:0.404381
G1 F1200
G1 X127.543 Y74.253 E2.04264
G1 X127.942 Y74.23 F7800
G1 E.04264 F2400
G92 E0
G1 X133.107 Y73.339 F7800
G1 E2 F2400
;TYPE:Perimeter
;WIDTH:0.45
G1 F1200
G1 X133.048 Y73.339 E2.00284
G1 X135.639 Y71.74 E2.14928
G1 X137.969 Y69.531 E2.3037
G1 X144.504 Y69.531 E2.61801
G1 X144.504 Y73.339 E2.80116
G1 X133.167 Y73.339 E3.34643
G1 X131.348 Y73.725 F7800
G1 F1200
G1 X131.321 Y73.725 E3.34773
G1 X132.225 Y73.394 E3.39403
G1 X135.402 Y71.433 E3.5736
G1 X137.815 Y69.146 E3.7335
G1 X144.889 Y69.146 E4.07373
G1 X144.889 Y73.725 E4.29396
G1 X131.408 Y73.725 E4.94235
G1 E2.94235 F2400
G92 E0
G1 X129.057 Y74.11 F7800
G1 E2 F2400
;TYPE:External perimeter
G1 F1200
G1 X129.053 Y74.11 E2.00019
G1 X132.005 Y73.076 E2.15063
G1 X135.166 Y71.125 E2.32929
G1 X137.562 Y68.855 E2.48804
;TYPE:Overhang perimeter
;WIDTH:0.4
;HEIGHT:0.4
M106 S255
G1 X137.662 Y68.76 E2.49525
G1 X145.275 Y68.76 E2.89299
G1 X145.275 Y68.855 E2.89795
M106 S160.65
;TYPE:External perimeter
;WIDTH:0.45
;HEIGHT:0.3
G1 X145.275 Y74.11 E3.1507
G1 X129.117 Y74.11 E3.92784
G1 X129.486 Y73.955 F7800
G1 E1.92784 F2400
G92 E0
G1 X134.12 Y73.05 F7800
G1 E2 F2400
;TYPE:Solid infill
G1 F1200
G1 X134.125 Y73.014 E2.00175
G1 X135.816 Y71.97 E2.09733
G1 X137.577 Y70.301 E2.21402
G1 X140.326 Y73.05 E2.401
G1 X134.313 Y73.05 E2.6902
G1 X135.426 Y72.664 F7800
G1 F1200
G1 X136.179 Y72.158 E2.73383
G1 X137.57 Y70.839 E2.82603
G1 X139.395 Y72.664 E2.95016
G1 X135.619 Y72.664 E3.13177
G1 X136.612 Y72.279 F7800
G1 F1200
G1 X137.563 Y71.377 E3.19481
G1 X138.464 Y72.279 E3.25613
G1 X136.805 Y72.279 E3.33592
G1 E1.33592 F2400
G92 E0
G1 X137.857 Y70.036 F7800
G1 E2 F2400
G1 F1200
G1 X141.008 Y73.173 E2.21385
;WIDTH:0.404381
G1 X140.989 Y73.244 E2.21697
G1 X141.06 Y73.225 E2.22009
G1 X141.049 Y73.184 E2.22189
;WIDTH:0.45
G1 X141.417 Y73.05 E2.24073
G1 X138.188 Y69.821 E2.46036
G1 X138.733 Y69.821 E2.48657
G1 X141.962 Y73.05 E2.7062
G1 X142.507 Y73.05 E2.73241
G1 X139.278 Y69.821 E2.95204
G1 X139.824 Y69.821 E2.9783
G1 X143.053 Y73.05 E3.19793
G1 X143.598 Y73.05 E3.22414
G1 X140.369 Y69.821 E3.44377
G1 X140.914 Y69.821 E3.46998
G1 X144.143 Y73.05 E3.68961
G1 X144.344 Y73.18 E3.70112
;WIDTH:0.404381
G1 X144.357 Y73.014 E3.70818
;WIDTH:0.45
G1 X144.215 Y72.576 E3.73033
G1 X141.46 Y69.821 E3.91772
G1 X142.005 Y69.821 E3.94393
G1 X144.215 Y72.03 E4.09422
G1 E2.09422 F2400
G92 E0
G1 X142.687 Y69.957 F7800
G1 E2 F2400
G1 F1200
G1 X144.215 Y71.485 E2.10393
G1 X144.215 Y69.821 E2.18396
G1 X142.55 Y69.821 E2.26404
G1 X143.372 Y70.161 F7800
;WIDTH:0.358985
G1 F1200
G1 X143.874 Y70.161 E2.28249
G1 X143.874 Y70.664 E2.30097
G1 X143.508 Y70.297 E2.32002
G1 E.32002 F2400
G92 E0
G1 X121.459 Y74.196 F7800
G1 E2 F2400
;TYPE:External perimeter
;WIDTH:0.404381
G1 F1200
G1 X122.457 Y74.253 E2.04239
G1 E.04239 F2400
G92 E0
G1 X116.893 Y73.339 F7800
G1 E2 F2400
;TYPE:Perimeter
;WIDTH:0.45
G1 F1200
G1 X105.496 Y73.339 E2.54816
G1 X105.496 Y69.531 E2.73131
G1 X112.031 Y69.531 E3.04562
G1 X114.361 Y71.74 E3.20004
G1 X116.952 Y73.339 E3.34648
G1 X118.652 Y73.725 F7800
G1 F1200
G1 X105.111 Y73.725 E3.99776
G1 X105.111 Y69.146 E4.21799
G1 X112.185 Y69.146 E4.55822
G1 X114.598 Y71.433 E4.71812
G1 X117.828 Y73.427 E4.90069
G1 X118.648 Y73.714 E4.94248
G1 E2.94248 F2400
G92 E0
G1 X120.943 Y74.11 F7800
G1 E2 F2400
;TYPE:External perimeter
G1 F1200
G1 X104.725 Y74.11 E2.78003
G1 X104.725 Y68.855 E3.03278
;TYPE:Overhang perimeter
;WIDTH:0.4
;HEIGHT:0.4
M106 S255
G1 X104.725 Y68.76 E3.03774
G1 X112.338 Y68.76 E3.43548
G1 X112.438 Y68.855 E3.44269
M106 S160.65
;TYPE:External perimeter
;WIDTH:0.45
;HEIGHT:0.3
G1 X114.834 Y71.125 E3.60144
G1 X117.995 Y73.076 E3.7801
G1 X120.894 Y74.092 E3.92785
G1 X120.494 Y74.113 F7800
G1 E1.92785 F2400
G92 E0
G1 X105.817 Y72.945 F7800
G1 E2 F2400
;TYPE:Solid infill
;WIDTH:0.543559
G1 F1200
G1 X105.774 Y72.988 E2.00363
G1 X105.79 Y73.045 E2.00717
G1 X105.848 Y73.061 E2.01077
G1 X105.89 Y73.019 E2.01432
G1 X105.875 Y72.961 E2.0179
;WIDTH:0.45
G1 X105.785 Y72.345 E2.04784
G1 X106.491 Y73.05 E2.09583
G1 X107.036 Y73.05 E2.12204
G1 X105.785 Y71.799 E2.20713
G1 X105.785 Y71.254 E2.23334
G1 X107.581 Y73.05 E2.3555
G1 X108.127 Y73.05 E2.38176
G1 X105.785 Y70.709 E2.54103
G1 X105.785 Y70.163 E2.56729
G1 X108.672 Y73.05 E2.76366
G1 X109.217 Y73.05 E2.78987
G1 X105.988 Y69.821 E3.0095
G1 X105.729 Y69.704 E3.02317
;WIDTH:0.404381
G1 X105.74 Y69.745 E3.02497
G1 X105.669 Y69.764 E3.02809
G1 X105.688 Y69.693 E3.03121
G1 X106.533 Y69.821 F7800
;WIDTH:0.45
G1 F1200
G1 X109.763 Y73.05 E3.25088
G1 X110.308 Y73.05 E3.27709
G1 X107.079 Y69.821 E3.49672
G1 X107.624 Y69.821 E3.52293
G1 X110.853 Y73.05 E3.74256
G1 X111.399 Y73.05 E3.76882
G1 X108.17 Y69.821 E3.98845
G1 X108.715 Y69.821 E4.01466
G1 X111.944 Y73.05 E4.23429
G1 X112.489 Y73.05 E4.2605
G1 X109.26 Y69.821 E4.48013
G1 X109.806 Y69.821 E4.50639
G1 X113.035 Y73.05 E4.72602
G1 X113.58 Y73.05 E4.75223
G1 X110.351 Y69.821 E4.97186
G1 X110.896 Y69.821 E4.99807
G1 X114.125 Y73.05 E5.2177
G1 X114.671 Y73.05 E5.24396
G1 X111.442 Y69.821 E5.46359
G1 X111.926 Y69.795 E5.4869
;WIDTH:0.442146
G1 X113.001 Y70.842 E5.5576
;WIDTH:0.479911
G1 X114.076 Y71.889 E5.63537
;WIDTH:0.512613
G1 X114.281 Y72.069 E5.65062
;WIDTH:0.510341
G1 X114.805 Y72.37 E5.68423
;WIDTH:0.477262
G1 X115.329 Y72.672 E5.71538
;WIDTH:0.444184
G1 X115.882 Y73.053 E5.74719
G1 X115.096 Y73.053 E5.78442
G1 X115.109 Y72.956 E5.78906
G1 X115.078 Y72.916 E5.79146
;WIDTH:0.471777
G1 X114.745 Y72.562 E5.81616
;WIDTH:0.49937
G1 X114.413 Y72.209 E5.84245
M106 S168.3
;LAYER_CHANGE
;Z:3.65
;HEIGHT:0.3
G1 E3.84245 F2400
G92 E0
G1 Z3.65 F7800
;AFTER_LAYER_CHANGE
;3.65
G1 X125.424 Y147.472
G1 E2 F2400
;TYPE:Perimeter
;WIDTH:0.45
G1 F1500
G1 X125.348 Y147.595 E2.00695
G1 X125.288 Y148.024 E2.02778
;WIDTH:0.485112
G1 X125.273 Y148.046 E2.02918
;WIDTH:0.520225
G1 X125.258 Y148.068 E2.03069
;WIDTH:0.555338
G1 X125.243 Y148.091 E2.03237
G1 X125.344 Y148.373 E2.05071
G1 X124.656 Y148.373 E2.09284
G1 X124.757 Y148.091 E2.11118
G1 X124.742 Y148.068 E2.11286
;WIDTH:0.520225
G1 X124.727 Y148.046 E2.11437
;WIDTH:0.485112
G1 X124.712 Y148.024 E2.11577
;WIDTH:0.45
G1 X124.652 Y147.595 E2.1366
G1 X124.463 Y147.289 E2.1539
G1 X124.157 Y147.065 E2.17214
G1 X123.752 Y146.976 E2.19208
G1 X105.496 Y146.976 E3.07013
G1 X105.496 Y146.068 E3.1138
G1 X144.504 Y146.068 E4.98995
G1 X144.504 Y146.976 E5.03362
G1 X126.248 Y146.976 E5.91167
G1 X125.843 Y147.065 E5.93161
G1 X125.537 Y147.289 E5.94985
G1 X125.456 Y147.421 E5.9573
G1 X125.754 Y147.659 F7800
G1 F1500
G1 X125.708 Y147.733 E5.96149
G1 X125.672 Y147.99 E5.97397
G1 X125.752 Y148.237 E5.98646
G1 X126.097 Y148.811 E6.01867
G1 X123.903 Y148.811 E6.12419
G1 X124.248 Y148.237 E6.1564
G1 X124.324 Y148.026 E6.16719
G1 X124.292 Y147.733 E6.18137
G1 X124.178 Y147.549 E6.19178
G1 X123.995 Y147.415 E6.20269
G1 X123.752 Y147.361 E6.21466
G1 X105.111 Y147.361 E7.11123
G1 X105.111 Y145.682 E7.19198
G1 X144.889 Y145.682 E9.10516
G1 X144.889 Y147.361 E9.18591
G1 X126.248 Y147.361 E10.08248
G1 X126.005 Y147.415 E10.09445
G1 X125.822 Y147.549 E10.10536
G1 X125.785 Y147.608 E10.10871
G1 X126.092 Y147.845 F7800
;TYPE:External perimeter
G1 F1500
G1 X126.068 Y147.871 E10.11041
G1 X126.083 Y148.039 E10.11852
G1 X126.778 Y149.197 E10.18348
G1 X123.222 Y149.197 E10.35451
G1 X123.948 Y147.987 E10.42238
G1 X123.894 Y147.809 E10.43133
G1 X123.752 Y147.747 E10.43878
G1 X104.725 Y147.747 E11.35391
G1 X104.725 Y145.297 E11.47175
G1 X145.275 Y145.297 E13.42206
G1 X145.275 Y147.747 E13.5399
G1 X126.184 Y147.747 E14.45811
G1 X126.133 Y147.801 E14.46168
G1 X126.183 Y148.198 F7800
G1 E12.46168 F2400
G92 E0
G1 X124.286 Y146.357 F7800
G1 E2 F2400
;TYPE:Solid infill
G1 F1200
G1 X126.252 Y146.343 E2.09456
;WIDTH:0.421748
G1 X144.229 Y146.343 E2.89584
G1 X144.229 Y146.7 E2.91175
G1 X126.252 Y146.7 E3.71303
;WIDTH:0.45
G1 X125.765 Y146.789 E3.73684
G1 X125.353 Y147.069 E3.7608
G1 X125.096 Y147.458 E3.78322
G1 X125 Y147.909 E3.8054
G1 X124.931 Y147.533 E3.82379
G1 X124.675 Y147.095 E3.84819
G1 X124.238 Y146.791 E3.87379
G1 X123.741 Y146.7 E3.89809
;WIDTH:0.421748
G1 X105.771 Y146.7 E4.69906
G1 X105.771 Y146.343 E4.71497
G1 X123.741 Y146.343 E5.51594
;WIDTH:0.439994
G1 X124.093 Y146.352 E5.53244
G1 X125.06 Y146.782 F7800
;WIDTH:0.559443
G1 F1200
G1 X125.016 Y146.738 E5.53628
G1 X124.956 Y146.754 E5.54011
G1 X124.94 Y146.814 E5.54394
G1 X124.984 Y146.857 E5.54774
G1 X125.044 Y146.841 E5.55157
G1 E3.55157 F2400
G92 E0
G1 X134.215 Y72.819 F7800
G1 E2 F2400
;TYPE:Perimeter
;WIDTH:0.45
G1 F1200
G1 X134.17 Y72.819 E2.00216
G1 X135.639 Y71.913 E2.08517
G1 X138.451 Y69.248 E2.27151
G1 X138.641 Y69.012 E2.28608
G1 X144.504 Y69.012 E2.56807
G1 X144.504 Y72.819 E2.75117
G1 X134.275 Y72.819 E3.24315
G1 X132.826 Y73.205 F7800
G1 F1200
G1 X132.811 Y73.205 E3.24387
G1 X135.402 Y71.606 E3.39031
G1 X138.186 Y68.968 E3.57478
G1 X138.442 Y68.626 E3.59533
G1 X144.889 Y68.626 E3.90541
G1 X144.889 Y73.205 E4.12564
G1 X132.886 Y73.205 E4.70294
G1 X131.031 Y73.591 F7800
;TYPE:External perimeter
G1 F1200
G1 X132.005 Y73.25 E4.75257
G1 X135.166 Y71.299 E4.93123
G1 X137.934 Y68.675 E5.11467
G1 X138.176 Y68.335 E5.13474
;TYPE:Overhang perimeter
;WIDTH:0.4
;HEIGHT:0.4
M106 S255
G1 X138.243 Y68.241 E5.14077
G1 X145.275 Y68.241 E5.50816
G1 X145.275 Y68.335 E5.51307
M106 S168.3
;TYPE:External perimeter
;WIDTH:0.45
;HEIGHT:0.3
G1 X145.275 Y73.591 E5.76587
G1 X131.091 Y73.591 E6.44807
G1 X131.461 Y73.437 F7800
G1 E4.44807 F2400
G92 E0
G1 X138.766 Y69.261 F7800
G1 E2 F2400
;TYPE:Solid infill
;WIDTH:0.404381
G1 F1200
G1 X138.613 Y69.426 E2.00954
;WIDTH:0.439763
G1 X136.282 Y71.695 E2.16184
;WIDTH:0.45
G1 X135.439 Y72.53 E2.21891
G1 X135.115 Y72.455 E2.23491
;WIDTH:0.404381
G1 X135.122 Y72.575 E2.24001
G1 X135.16 Y72.64 E2.2432
G1 X135.985 Y72.53 F7800
;WIDTH:0.45
G1 F1200
G1 X139.214 Y69.301 E2.46283
G1 X139.759 Y69.301 E2.48904
G1 X136.53 Y72.53 E2.70867
G1 X137.075 Y72.53 E2.73488
G1 X140.305 Y69.301 E2.95455
G1 X140.85 Y69.301 E2.98076
G1 X137.621 Y72.53 E3.20039
G1 X138.166 Y72.53 E3.2266
G1 X141.395 Y69.301 E3.44623
G1 X141.941 Y69.301 E3.47249
G1 X138.712 Y72.53 E3.69212
G1 X139.257 Y72.53 E3.71833
G1 X142.486 Y69.301 E3.93796
G1 X143.031 Y69.301 E3.96417
G1 X139.802 Y72.53 E4.1838
G1 X140.348 Y72.53 E4.21006
G1 X143.577 Y69.301 E4.42969
G1 X144.122 Y69.301 E4.4559
G1 X140.893 Y72.53 E4.67553
G1 X141.438 Y72.53 E4.70174
G1 X144.215 Y69.754 E4.89059
G1 X144.215 Y70.299 E4.9168
G1 X141.984 Y72.53 E5.06855
G1 E3.06855 F2400
G92 E0
G1 X144.078 Y70.981 F7800
G1 E2 F2400
G1 F1200
G1 X142.529 Y72.53 E2.10536
G1 X144.215 Y72.53 E2.18645
G1 X144.215 Y70.845 E2.26749
G1 X143.871 Y71.673 F7800
;WIDTH:0.365265
G1 F1200
G1 X143.871 Y72.187 E2.28678
G1 X143.358 Y72.187 E2.30603
G1 X143.735 Y71.81 E2.32604
G1 E.32604 F2400
G92 E0
G1 X115.785 Y72.819 F7800
G1 E2 F2400
;TYPE:Perimeter
;WIDTH:0.45
G1 F1200
G1 X105.496 Y72.819 E2.49487
G1 X105.496 Y69.012 E2.67797
G1 X111.359 Y69.012 E2.95996
G1 X111.427 Y69.107 E2.96558
G1 X111.851 Y69.534 E2.99452
G1 X114.361 Y71.913 E3.16085
G1 X115.817 Y72.812 E3.24315
G1 X117.174 Y73.205 F7800
G1 F1200
G1 X105.111 Y73.205 E3.82334
G1 X105.111 Y68.626 E4.04357
G1 X111.558 Y68.626 E4.35365
G1 X111.741 Y68.884 E4.36886
G1 X112.116 Y69.254 E4.3942
G1 X114.598 Y71.606 E4.55866
G1 X117.15 Y73.181 E4.7029
G1 X118.969 Y73.591 F7800
;TYPE:External perimeter
G1 F1200
G1 X104.725 Y73.591 E5.38799
G1 X104.725 Y68.335 E5.64079
;TYPE:Overhang perimeter
;WIDTH:0.4
;HEIGHT:0.4
M106 S255
G1 X104.725 Y68.241 E5.6457
G1 X111.757 Y68.241 E6.01309
G1 X111.824 Y68.335 E6.01912
M106 S168.3
;TYPE:External perimeter
;WIDTH:0.45
;HEIGHT:0.3
G1 X112.055 Y68.66 E6.0383
G1 X114.834 Y71.299 E6.22262
G1 X117.995 Y73.25 E6.40128
G1 X118.912 Y73.571 E6.44801
G1 X118.513 Y73.594 F7800
G1 E4.44801 F2400
G92 E0
G1 X105.89 Y69.332 F7800
G1 E2 F2400
;TYPE:Solid infill
;WIDTH:0.543559
G1 F1200
G1 X105.848 Y69.29 E2.00355
G1 X105.79 Y69.305 E2.00713
G1 X105.774 Y69.363 E2.01073
G1 X105.817 Y69.406 E2.01436
G1 X105.875 Y69.39 E2.01796
;WIDTH:0.45
G1 X106.491 Y69.301 E2.0479
G1 X105.662 Y70.143 E2.10473
;WIDTH:0.404381
G1 X105.591 Y70.124 E2.10785
G1 X105.61 Y70.195 E2.11097
G1 X105.651 Y70.184 E2.11277
;WIDTH:0.45
G1 X105.785 Y70.551 E2.13156
G1 X107.036 Y69.301 E2.21662
G1 X107.581 Y69.301 E2.24283
G1 X105.785 Y71.097 E2.36499
G1 X105.785 Y71.642 E2.3912
G1 X108.127 Y69.301 E2.55047
G1 X108.672 Y69.301 E2.57668
G1 X105.785 Y72.188 E2.77305
G1 X105.729 Y72.647 E2.79529
;WIDTH:0.404381
G1 X105.688 Y72.658 E2.79709
G1 X105.669 Y72.587 E2.80021
G1 X105.74 Y72.606 E2.80333
;WIDTH:0.45
G1 X105.988 Y72.53 E2.81581
G1 X109.217 Y69.301 E3.03544
G1 X109.763 Y69.301 E3.0617
G1 X106.533 Y72.53 E3.28137
G1 X107.079 Y72.53 E3.30763
G1 X110.308 Y69.301 E3.52726
G1 X110.853 Y69.301 E3.55347
G1 X107.624 Y72.53 E3.7731
G1 X108.17 Y72.53 E3.79936
G1 X111.3 Y69.4 E4.01226
G1 X111.303 Y69.197 E4.02202
;WIDTH:0.404381
G1 X111.262 Y69.208 E4.02382
G1 X111.243 Y69.137 E4.02694
G1 X111.314 Y69.156 E4.03006
;WIDTH:0.45
G1 X111.574 Y69.671 E4.05781
G1 X108.715 Y72.53 E4.25228
G1 X109.26 Y72.53 E4.27849
G1 X111.854 Y69.936 E4.45493
G1 X112.134 Y70.201 E4.47347
G1 X109.806 Y72.53 E4.63185
G1 E2.63185 F2400
G92 E0
G1 X112.278 Y70.603 F7800
G1 E2 F2400
G1 F1200
G1 X110.351 Y72.53 E2.13107
G1 X114.757 Y72.53 E2.34298
G1 X114.098 Y72.062 E2.38186
G1 X112.414 Y70.467 E2.49342
G1 X112.422 Y71.005 E2.5193
G1 X113.624 Y72.145 E2.59898
G1 X111.282 Y72.145 E2.71162
G1 X112.285 Y71.141 E2.77988
G1 X112.499 Y71.65 E2.80644
;WIDTH:0.630401
G1 X112.449 Y71.6 E2.81143
G1 X112.381 Y71.619 E2.81641
G1 X112.362 Y71.687 E2.82139
G1 X112.412 Y71.737 E2.82638
G1 X112.481 Y71.719 E2.83141
M106 S170.85
;LAYER_CHANGE
;Z:3.95
;HEIGHT:0.3
G1 E.83141 F2400
G92 E0
G1 Z3.95 F7800
;AFTER_LAYER_CHANGE
;3.95
G1 X125.424 Y147.472
G1 E2 F2400
;TYPE:Perimeter
;WIDTH:0.45
G1 F1500
G1 X125.348 Y147.595 E2.00695
G1 X125.288 Y148.024 E2.02778
;WIDTH:0.485112
G1 X125.273 Y148.046 E2.02918
;WIDTH:0.520225
G1 X125.258 Y148.068 E2.03069
;WIDTH:0.555338
G1 X125.243 Y148.091 E2.03237
G1 X125.344 Y148.373 E2.05071
G1 X124.656 Y148.373 E2.09284
G1 X124.757 Y148.091 E2.11118
G1 X124.742 Y148.068 E2.11286
;WIDTH:0.520225
G1 X124.727 Y148.046 E2.11437
;WIDTH:0.485112
G1 X124.712 Y148.024 E2.11577
;WIDTH:0.45
G1 X124.652 Y147.595 E2.1366
G1 X124.463 Y147.288 E2.15394
G1 X124.157 Y147.065 E2.17215
G1 X123.752 Y146.976 E2.19209
G1 X105.496 Y146.976 E3.07014
G1 X105.496 Y146.068 E3.11381
G1 X144.504 Y146.068 E4.98996
G1 X144.504 Y146.976 E5.03363
G1 X126.248 Y146.976 E5.91168
G1 X125.843 Y147.065 E5.93162
G1 X125.537 Y147.288 E5.94983
G1 X125.456 Y147.421 E5.95732
G1 X125.754 Y147.659 F7800
G1 F1500
G1 X125.708 Y147.733 E5.96151
G1 X125.672 Y147.99 E5.97399
G1 X125.752 Y148.237 E5.98648
G1 X126.097 Y148.811 E6.01869
G1 X123.903 Y148.811 E6.12421
G1 X124.248 Y148.237 E6.15642
G1 X124.324 Y148.026 E6.16721
G1 X124.292 Y147.733 E6.18139
G1 X124.178 Y147.549 E6.1918
G1 X123.995 Y147.415 E6.20271
G1 X123.752 Y147.361 E6.21468
G1 X105.111 Y147.361 E7.11125
G1 X105.111 Y145.682 E7.192
G1 X144.889 Y145.682 E9.10518
G1 X144.889 Y147.361 E9.18593
G1 X126.248 Y147.361 E10.0825
G1 X126.005 Y147.415 E10.09447
G1 X125.822 Y147.549 E10.10538
G1 X125.785 Y147.608 E10.10873
G1 X126.092 Y147.845 F7800
;TYPE:External perimeter
G1 F1500
G1 X126.068 Y147.871 E10.11043
G1 X126.083 Y148.039 E10.11854
G1 X126.778 Y149.197 E10.1835
G1 X123.222 Y149.197 E10.35453
G1 X123.948 Y147.987 E10.4224
G1 X123.894 Y147.809 E10.43135
G1 X123.752 Y147.747 E10.4388
G1 X104.725 Y147.747 E11.35393
G1 X104.725 Y145.297 E11.47177
G1 X145.275 Y145.297 E13.42208
G1 X145.275 Y147.747 E13.53992
G1 X126.184 Y147.747 E14.45813
G1 X126.133 Y147.801 E14.4617
G1 X126.183 Y148.198 F7800
G1 E12.4617 F2400
G92 E0
G1 X105.771 Y146.7 F7800
G1 E2 F2400
;TYPE:Solid infill
;WIDTH:0.421748
G1 F1200
G1 X105.771 Y146.343 E2.01591
G1 X123.741 Y146.343 E2.81688
;WIDTH:0.45
G1 X125.718 Y146.357 E2.91197
G1 X126.252 Y146.343 E2.93766
;WIDTH:0.421748
G1 X144.229 Y146.343 E3.73894
G1 X144.229 Y146.7 E3.75485
G1 X126.252 Y146.7 E4.55613
;WIDTH:0.45
G1 X125.765 Y146.789 E4.57994
G1 X125.353 Y147.069 E4.6039
G1 X125.096 Y147.458 E4.62632
G1 X125 Y147.909 E4.6485
G1 X124.931 Y147.533 E4.66689
G1 X124.675 Y147.095 E4.69129
G1 X124.238 Y146.791 E4.71689
G1 X123.741 Y146.7 E4.74119
;WIDTH:0.421748
G1 X105.964 Y146.7 E5.53356
G1 E3.53356 F2400
G92 E0
G1 X124.984 Y146.738 F7800
G1 E2 F2400
;WIDTH:0.559443
G1 F1200
G1 X124.94 Y146.782 E2.00384
G1 X124.956 Y146.841 E2.00761
G1 X125.016 Y146.857 E2.01144
G1 X125.06 Y146.814 E2.01524
G1 X125.044 Y146.754 E2.01907
G1 E.01907 F2400
G92 E0
G1 X135.293 Y72.3 F7800
G1 E2 F2400
;TYPE:Perimeter
;WIDTH:0.45
G1 F1200
G1 X135.711 Y72.018 E2.02425
G1 X138.519 Y69.357 E2.21031
G1 X139.133 Y68.492 E2.26133
G1 X144.504 Y68.492 E2.51966
G1 X144.504 Y72.3 E2.70281
G1 X135.353 Y72.3 E3.14294
G1 X133.934 Y72.685 F7800
G1 F1200
G1 X135.402 Y71.779 E3.22591
G1 X138.226 Y69.103 E3.41303
G1 X138.934 Y68.107 E3.4718
G1 X144.889 Y68.107 E3.75821
G1 X144.889 Y72.685 E3.9784
G1 X133.994 Y72.685 E4.50241
G1 X132.575 Y73.071 F7800
;TYPE:External perimeter
G1 F1200
G1 X135.166 Y71.472 E4.64885
G1 X137.934 Y68.849 E4.83226
G1 X138.668 Y67.816 E4.89321
;TYPE:Overhang perimeter
;WIDTH:0.4
;HEIGHT:0.4
M106 S255
G1 X138.735 Y67.721 E4.89928
G1 X145.275 Y67.721 E5.24096
G1 X145.275 Y67.816 E5.24592
M106 S170.85
;TYPE:External perimeter
;WIDTH:0.45
;HEIGHT:0.3
G1 X145.275 Y73.071 E5.49867
G1 X132.635 Y73.071 E6.10661
G1 X132.955 Y72.831 F7800
G1 E4.10661 F2400
G92 E0
G1 X136.139 Y72.011 F7800
G1 E2 F2400
;TYPE:Solid infill
G1 F1200
G1 X138.646 Y69.634 E2.16616
G1 X138.905 Y69.3 E2.18649
G1 X141.615 Y72.011 E2.37085
G1 X136.332 Y72.011 E2.62494
G1 X137.107 Y71.625 F7800
G1 F1200
G1 X138.941 Y69.882 E2.74663
G1 X140.684 Y71.625 E2.86519
G1 X137.299 Y71.625 E3.028
G1 X138.074 Y71.239 F7800
G1 F1200
G1 X138.936 Y70.422 E3.08512
G1 X139.753 Y71.239 E3.14069
G1 X138.267 Y71.239 E3.21216
G1 E1.21216 F2400
G92 E0
G1 X139.202 Y68.606 F7800
G1 E2 F2400
;WIDTH:0.404381
G1 F1200
G1 X139.183 Y68.677 E2.00312
G1 X139.254 Y68.658 E2.00624
G1 X139.243 Y68.617 E2.00804
;WIDTH:0.45
G1 X139.137 Y68.987 E2.02655
G1 X142.297 Y72.134 E2.24105
;WIDTH:0.404381
G1 X142.278 Y72.205 E2.24417
G1 X142.35 Y72.186 E2.24733
G1 X142.339 Y72.145 E2.24913
;WIDTH:0.45
G1 X142.706 Y72.011 E2.26792
G1 X139.477 Y68.781 E2.48759
G1 X140.022 Y68.781 E2.5138
G1 X143.251 Y72.011 E2.73347
G1 X143.796 Y72.011 E2.75968
G1 X140.567 Y68.781 E2.97935
G1 X141.113 Y68.781 E3.00561
G1 X144.215 Y71.883 E3.2166
G1 X144.311 Y72.077 E3.22701
;WIDTH:0.404381
G1 X144.292 Y72.148 E3.23013
G1 X144.363 Y72.129 E3.23325
G1 X144.352 Y72.088 E3.23505
;WIDTH:0.45
G1 X144.215 Y71.338 E3.27172
G1 X141.658 Y68.781 E3.44564
G1 X142.044 Y68.576 E3.46666
;WIDTH:0.404381
G1 X142.025 Y68.647 E3.46978
G1 X142.096 Y68.628 E3.4729
G1 X142.085 Y68.587 E3.4747
;WIDTH:0.45
G1 X142.203 Y68.781 E3.48562
G1 X144.215 Y70.793 E3.62247
G1 E1.62247 F2400
G92 E0
G1 X142.885 Y68.918 F7800
G1 E2 F2400
G1 F1200
G1 X144.215 Y70.247 E2.09043
G1 X144.215 Y68.781 E2.16094
G1 X142.749 Y68.781 E2.23145
G1 X143.77 Y69.154 F7800
;WIDTH:0.537403
G1 F1200
G1 X143.728 Y69.195 E2.23491
G1 X143.743 Y69.253 E2.23844
G1 X143.801 Y69.268 E2.24197
G1 X143.842 Y69.226 E2.24543
G1 X143.827 Y69.169 E2.24891
G1 E.24891 F2400
G92 E0
G1 X114.625 Y72.3 F7800
G1 E2 F2400
;TYPE:Perimeter
;WIDTH:0.45
G1 F1200
G1 X105.496 Y72.3 E2.43907
G1 X105.496 Y68.492 E2.62222
G1 X110.867 Y68.492 E2.88055
G1 X111.549 Y69.421 E2.93598
G1 X114.289 Y72.018 E3.11755
G1 X114.707 Y72.3 E3.1418
G1 X114.685 Y72.3 E3.14286
G1 X116.018 Y72.685 F7800
G1 F1200
G1 X105.111 Y72.685 E3.66745
G1 X105.111 Y68.107 E3.88764
G1 X111.066 Y68.107 E4.17405
G1 X111.773 Y69.103 E4.2328
G1 X114.598 Y71.779 E4.41995
G1 X116.056 Y72.679 E4.50236
G1 X117.41 Y73.071 F7800
;TYPE:External perimeter
G1 F1200
G1 X104.725 Y73.071 E5.11246
G1 X104.725 Y67.816 E5.36521
;TYPE:Overhang perimeter
;WIDTH:0.4
;HEIGHT:0.4
M106 S255
G1 X104.725 Y67.721 E5.37017
G1 X111.265 Y67.721 E5.71185
G1 X111.332 Y67.816 E5.71792
M106 S170.85
;TYPE:External perimeter
;WIDTH:0.45
;HEIGHT:0.3
G1 X112.066 Y68.849 E5.77887
G1 X114.834 Y71.472 E5.96228
G1 X117.387 Y73.047 E6.10656
G1 X116.988 Y73.072 F7800
G1 E4.10656 F2400
G92 E0
G1 X105.817 Y71.906 F7800
G1 E2 F2400
;TYPE:Solid infill
;WIDTH:0.543559
G1 F1200
G1 X105.774 Y71.948 E2.00359
G1 X105.79 Y72.006 E2.00719
G1 X105.848 Y72.022 E2.01079
G1 X105.89 Y71.979 E2.01438
G1 X105.875 Y71.921 E2.01796
;WIDTH:0.45
G1 X105.785 Y71.305 E2.0479
G1 X106.628 Y72.134 E2.10477
;WIDTH:0.404381
G1 X106.609 Y72.205 E2.10789
G1 X106.68 Y72.186 E2.11101
G1 X106.669 Y72.145 E2.11281
;WIDTH:0.45
G1 X107.036 Y72.011 E2.1316
G1 X105.785 Y70.76 E2.21669
G1 X105.785 Y70.215 E2.2429
G1 X107.581 Y72.011 E2.36506
G1 X108.127 Y72.011 E2.39132
G1 X105.785 Y69.669 E2.55062
G1 X105.785 Y69.124 E2.57683
G1 X108.672 Y72.011 E2.7732
G1 X109.217 Y72.011 E2.79941
G1 X105.988 Y68.781 E3.01908
G1 X105.729 Y68.665 E3.03273
;WIDTH:0.404381
G1 X105.74 Y68.706 E3.03453
G1 X105.669 Y68.725 E3.03765
G1 X105.688 Y68.654 E3.04077
G1 X106.533 Y68.781 F7800
;WIDTH:0.45
G1 F1200
G1 X109.763 Y72.011 E3.26047
G1 X110.308 Y72.011 E3.28668
G1 X107.079 Y68.781 E3.50635
G1 X107.624 Y68.781 E3.53256
G1 X110.853 Y72.011 E3.75223
G1 X111.399 Y72.011 E3.77849
G1 X108.17 Y68.781 E3.99816
G1 X108.715 Y68.781 E4.02437
G1 X111.944 Y72.011 E4.24404
G1 X112.489 Y72.011 E4.27025
G1 X109.26 Y68.781 E4.48992
G1 X109.806 Y68.781 E4.51618
G1 X113.035 Y72.011 E4.73585
G1 X113.58 Y72.011 E4.76206
G1 X110.351 Y68.781 E4.98173
G1 X110.749 Y68.72 E5.0011
;WIDTH:0.404381
G1 X111.449 Y69.532 E5.04656
G1 X113.923 Y71.94 E5.19297
G1 X113.986 Y72.061 E5.19876
M106 S175.95
;LAYER_CHANGE
;Z:4.25
;HEIGHT:0.3
G1 E3.19876 F2400
G92 E0
G1 Z4.25 F7800
;AFTER_LAYER_CHANGE
;4.25
G1 X125.424 Y147.472
G1 E2 F2400
;TYPE:Perimeter
;WIDTH:0.45
G1 F1500
G1 X125.348 Y147.595 E2.00695
G1 X125.288 Y148.024 E2.02778
;WIDTH:0.485112
G1 X125.273 Y148.046 E2.02918
;WIDTH:0.520225
G1 X125.258 Y148.068 E2.03069
;WIDTH:0.555338
G1 X125.243 Y148.091 E2.03237
G1 X125.344 Y148.373 E2.05071
G1 X124.656 Y148.373 E2.09284
G1 X124.757 Y148.091 E2.11118
G1 X124.742 Y148.068 E2.11286
;WIDTH:0.520225
G1 X124.727 Y148.046 E2.11437
;WIDTH:0.485112
G1 X124.712 Y148.024 E2.11577
;WIDTH:0.45
G1 X124.652 Y147.595 E2.1366
G1 X124.463 Y147.288 E2.15394
G1 X124.157 Y147.065 E2.17215
G1 X123.752 Y146.976 E2.19209
G1 X105.496 Y146.976 E3.07014
G1 X105.496 Y146.068 E3.11381
G1 X144.504 Y146.068 E4.98996
G1 X144.504 Y146.976 E5.03363
G1 X126.248 Y146.976 E5.91168
G1 X125.843 Y147.065 E5.93162
G1 X125.537 Y147.288 E5.94983
G1 X125.456 Y147.421 E5.95732
G1 X125.754 Y147.659 F7800
G1 F1500
G1 X125.708 Y147.733 E5.96151
G1 X125.672 Y147.99 E5.97399
G1 X125.752 Y148.237 E5.98648
G1 X126.097 Y148.811 E6.01869
G1 X123.903 Y148.811 E6.12421
G1 X124.248 Y148.237 E6.15642
G1 X124.324 Y148.026 E6.16721
G1 X124.292 Y147.733 E6.18139
G1 X124.178 Y147.549 E6.1918
G1 X123.995 Y147.415 E6.20271
G1 X123.752 Y147.361 E6.21468
G1 X105.111 Y147.361 E7.11125
G1 X105.111 Y145.682 E7.192
G1 X144.889 Y145.682 E9.10518
G1 X144.889 Y147.361 E9.18593
G1 X126.248 Y147.361 E10.0825
G1 X126.005 Y147.415 E10.09447
G1 X125.822 Y147.549 E10.10538
G1 X125.785 Y147.608 E10.10873
G1 X126.092 Y147.845 F7800
;TYPE:External perimeter
G1 F1500
G1 X126.068 Y147.871 E10.11043
G1 X126.083 Y148.039 E10.11854
G1 X126.778 Y149.197 E10.1835
G1 X123.222 Y149.197 E10.35453
G1 X123.948 Y147.987 E10.4224
G1 X123.894 Y147.809 E10.43135
G1 X123.752 Y147.747 E10.4388
G1 X104.725 Y147.747 E11.35393
G1 X104.725 Y145.297 E11.47177
G1 X145.275 Y145.297 E13.42208
G1 X145.275 Y147.747 E13.53992
G1 X126.184 Y147.747 E14.45813
G1 X126.133 Y147.801 E14.4617
G1 X126.183 Y148.198 F7800
G1 E12.4617 F2400
G92 E0
G1 X124.286 Y146.357 F7800
G1 E2 F2400
;TYPE:Solid infill
G1 F1200
G1 X126.252 Y146.343 E2.09456
;WIDTH:0.421748
G1 X144.229 Y146.343 E2.89584
G1 X144.229 Y146.7 E2.91175
G1 X126.252 Y146.7 E3.71303
;WIDTH:0.45
G1 X125.765 Y146.789 E3.73684
G1 X125.353 Y147.069 E3.7608
G1 X125.096 Y147.458 E3.78322
G1 X125 Y147.909 E3.8054
G1 X124.931 Y147.533 E3.82379
G1 X124.675 Y147.095 E3.84819
G1 X124.238 Y146.791 E3.87379
G1 X123.741 Y146.7 E3.89809
;WIDTH:0.421748
G1 X105.771 Y146.7 E4.69906
G1 X105.771 Y146.343 E4.71497
G1 X123.741 Y146.343 E5.51594
;WIDTH:0.439994
G1 X124.093 Y146.352 E5.53244
G1 X125.06 Y146.782 F7800
;WIDTH:0.559443
G1 F1200
G1 X125.016 Y146.738 E5.53628
G1 X124.956 Y146.754 E5.54011
G1 X124.94 Y146.814 E5.54394
G1 X124.984 Y146.857 E5.54774
G1 X125.044 Y146.841 E5.55157
G1 E3.55157 F2400
G92 E0
G1 X136.165 Y71.78 F7800
G1 E2 F2400
;TYPE:Perimeter
;WIDTH:0.45
G1 F1200
G1 X136.145 Y71.78 E2.00096
G1 X138.519 Y69.53 E2.15828
G1 X139.626 Y67.973 E2.25016
G1 X144.504 Y67.973 E2.48477
G1 X144.504 Y71.78 E2.66787
G1 X136.225 Y71.78 E3.06606
G1 X135.056 Y72.166 F7800
G1 F1200
G1 X135.446 Y71.911 E3.08847
G1 X138.227 Y69.276 E3.27273
G1 X139.427 Y67.587 E3.37238
G1 X144.889 Y67.587 E3.63508
G1 X144.889 Y72.166 E3.85531
G1 X135.116 Y72.166 E4.32536
G1 X133.697 Y72.551 F7800
;TYPE:External perimeter
G1 F1200
G1 X135.166 Y71.645 E4.40837
G1 X137.934 Y69.022 E4.59178
G1 X139.161 Y67.296 E4.69363
;TYPE:Overhang perimeter
;WIDTH:0.4
;HEIGHT:0.4
M106 S255
G1 X139.228 Y67.201 E4.6997
G1 X145.275 Y67.201 E5.01562
G1 X145.275 Y67.296 E5.02058
M106 S175.95
;TYPE:External perimeter
;WIDTH:0.45
;HEIGHT:0.3
G1 X145.275 Y72.551 E5.27333
G1 X133.757 Y72.551 E5.82731
G1 X134.077 Y72.312 F7800
G1 E3.82731 F2400
G92 E0
G1 X139.396 Y68.549 F7800
G1 E2 F2400
;TYPE:Solid infill
;WIDTH:0.404381
G1 F1200
G1 X139.724 Y68.162 E2.02151
;WIDTH:0.45
G1 X140.028 Y68.262 E2.0369
G1 X139.153 Y69.137 E2.09642
G1 X138.919 Y69.409 E2.11368
;WIDTH:0.404381
G1 X138.606 Y69.766 E2.13381
G1 X136.955 Y71.374 E2.23154
;WIDTH:0.429689
G1 X136.915 Y71.431 E2.23471
;WIDTH:0.454997
G1 X136.876 Y71.488 E2.23807
;WIDTH:0.45
G1 X137.344 Y71.491 E2.26058
G1 X140.574 Y68.262 E2.48025
G1 X141.119 Y68.262 E2.50646
G1 X137.89 Y71.491 E2.72609
G1 X138.435 Y71.491 E2.7523
G1 X141.664 Y68.262 E2.97193
G1 X142.21 Y68.262 E2.99819
G1 X138.98 Y71.491 E3.21786
G1 X139.526 Y71.491 E3.24412
G1 X142.755 Y68.262 E3.46375
G1 X143.3 Y68.262 E3.48996
G1 X140.071 Y71.491 E3.70959
G1 X140.617 Y71.491 E3.73585
G1 X143.846 Y68.262 E3.95548
G1 X144.348 Y68.158 E3.98014
;WIDTH:0.404381
G1 X144.277 Y68.139 E3.98326
G1 X144.296 Y68.211 E3.98642
G1 X144.337 Y68.2 E3.98822
;WIDTH:0.45
G1 X144.215 Y68.438 E4.00108
G1 X141.162 Y71.491 E4.20874
G1 X141.707 Y71.491 E4.23495
G1 X144.215 Y68.984 E4.40551
G1 X144.215 Y69.529 E4.43172
G1 X142.253 Y71.491 E4.56517
G1 E2.56517 F2400
G92 E0
G1 X144.078 Y70.211 F7800
G1 E2 F2400
G1 F1200
G1 X142.798 Y71.491 E2.08706
G1 X144.215 Y71.491 E2.15521
G1 X144.215 Y70.074 E2.22336
G1 X143.853 Y71.062 F7800
;WIDTH:0.508613
G1 F1200
G1 X143.814 Y71.022 E2.22646
G1 X143.76 Y71.037 E2.22957
G1 X143.746 Y71.09 E2.23261
G1 X143.785 Y71.13 E2.23571
G1 X143.839 Y71.115 E2.23882
G1 E.23882 F2400
G92 E0
G1 X113.835 Y71.78 F7800
G1 E2 F2400
;TYPE:Perimeter
;WIDTH:0.45
G1 F1200
G1 X105.496 Y71.78 E2.40108
G1 X105.496 Y67.973 E2.58418
G1 X110.374 Y67.973 E2.81879
G1 X111.549 Y69.595 E2.91512
G1 X113.827 Y71.753 E3.06604
G1 X114.944 Y72.166 F7800
G1 F1200
G1 X105.111 Y72.166 E3.53897
G1 X105.111 Y67.587 E3.7592
G1 X110.573 Y67.587 E4.0219
G1 X111.814 Y69.315 E4.12422
G1 X114.554 Y71.911 E4.30576
G1 X114.893 Y72.133 E4.32525
G1 X116.303 Y72.551 F7800
;TYPE:External perimeter
G1 F1200
G1 X104.725 Y72.551 E4.88211
G1 X104.725 Y67.296 E5.13486
;TYPE:Overhang perimeter
;WIDTH:0.4
;HEIGHT:0.4
M106 S255
G1 X104.725 Y67.201 E5.13982
G1 X110.772 Y67.201 E5.45574
G1 X110.839 Y67.296 E5.46181
M106 S175.95
;TYPE:External perimeter
;WIDTH:0.45
;HEIGHT:0.3
G1 X112.08 Y69.035 E5.56456
G1 X114.834 Y71.645 E5.74705
G1 X116.252 Y72.52 E5.82719
G1 X115.853 Y72.556 F7800
G1 E3.82719 F2400
G92 E0
G1 X105.89 Y68.293 F7800
G1 E2 F2400
;TYPE:Solid infill
;WIDTH:0.543559
G1 F1200
G1 X105.848 Y68.251 E2.00355
G1 X105.79 Y68.266 E2.00713
G1 X105.774 Y68.324 E2.01073
G1 X105.817 Y68.366 E2.01432
G1 X105.875 Y68.351 E2.0179
;WIDTH:0.45
G1 X106.491 Y68.262 E2.04784
G1 X105.662 Y69.104 E2.10467
;WIDTH:0.404381
G1 X105.591 Y69.085 E2.10779
G1 X105.61 Y69.156 E2.11091
G1 X105.651 Y69.145 E2.11271
;WIDTH:0.45
G1 X105.785 Y69.512 E2.1315
G1 X107.036 Y68.262 E2.21656
G1 X107.581 Y68.262 E2.24277
G1 X105.785 Y70.058 E2.36493
G1 X105.785 Y70.603 E2.39114
G1 X108.127 Y68.262 E2.55041
G1 X108.672 Y68.262 E2.57662
G1 X105.785 Y71.148 E2.77296
G1 X105.729 Y71.608 E2.79525
;WIDTH:0.404381
G1 X105.688 Y71.619 E2.79705
G1 X105.669 Y71.547 E2.80021
G1 X105.74 Y71.567 E2.80334
;WIDTH:0.45
G1 X105.988 Y71.491 E2.81582
G1 X109.217 Y68.262 E3.03545
G1 X109.763 Y68.262 E3.06171
G1 X106.533 Y71.491 E3.28138
G1 X107.079 Y71.491 E3.30764
G1 X110.259 Y68.31 E3.52397
G1 X110.486 Y68.629 E3.5428
G1 X107.624 Y71.491 E3.73747
G1 X108.17 Y71.491 E3.76373
G1 X110.713 Y68.948 E3.9367
G1 X110.939 Y69.267 E3.9555
G1 X108.715 Y71.491 E4.10677
G1 E2.10677 F2400
G92 E0
G1 X111.036 Y69.715 F7800
G1 E2 F2400
G1 F1200
G1 X109.26 Y71.491 E2.1208
G1 X113.13 Y71.491 E2.30693
G1 X111.354 Y69.808 E2.42461
G1 X111.173 Y69.579 E2.43865
G1 X111.15 Y70.146 E2.46594
G1 X112.162 Y71.105 E2.533
G1 X110.191 Y71.105 E2.6278
G1 X111.014 Y70.283 E2.68375
G1 X111.208 Y70.692 E2.70552
;WIDTH:0.479477
G1 X111.171 Y70.655 E2.70823
G1 X111.121 Y70.668 E2.7109
G1 X111.108 Y70.718 E2.71357
G1 X111.144 Y70.755 E2.71624
G1 X111.194 Y70.742 E2.71891
M106 S178.5
;LAYER_CHANGE
;Z:4.55
;HEIGHT:0.3
G1 E.71891 F2400
G92 E0
G1 Z4.55 F7800
;AFTER_LAYER_CHANGE
;4.55
G1 X125.424 Y147.472
G1 E2 F2400
;TYPE:Perimeter
;WIDTH:0.45
G1 F1500
G1 X125.348 Y147.595 E2.00695
G1 X125.288 Y148.024 E2.02778
;WIDTH:0.485112
G1 X125.273 Y148.046 E2.02918
;WIDTH:0.520225
G1 X125.258 Y148.068 E2.03069
;WIDTH:0.555338
G1 X125.243 Y148.091 E2.03237
G1 X125.344 Y148.373 E2.05071
G1 X124.656 Y148.373 E2.09284
G1 X124.757 Y148.091 E2.11118
G1 X124.742 Y148.068 E2.11286
;WIDTH:0.520225
G1 X124.727 Y148.046 E2.11437
;WIDTH:0.485112
G1 X124.712 Y148.024 E2.11577
;WIDTH:0.45
G1 X124.652 Y147.595 E2.1366
G1 X124.463 Y147.288 E2.15394
G1 X124.157 Y147.065 E2.17215
G1 X123.752 Y146.976 E2.19209
G1 X105.496 Y146.976 E3.07014
G1 X105.496 Y146.068 E3.11381
G1 X144.504 Y146.068 E4.98996
G1 X144.504 Y146.976 E5.03363
G1 X126.248 Y146.976 E5.91168
G1 X125.843 Y147.065 E5.93162
G1 X125.537 Y147.288 E5.94983
G1 X125.456 Y147.421 E5.95732
G1 X125.754 Y147.659 F7800
G1 F1500
G1 X125.708 Y147.733 E5.96151
G1 X125.672 Y147.99 E5.97399
G1 X125.752 Y148.237 E5.98648
G1 X126.097 Y148.811 E6.01869
G1 X123.903 Y148.811 E6.12421
G1 X124.248 Y148.237 E6.15642
G1 X124.324 Y148.026 E6.16721
G1 X124.292 Y147.733 E6.18139
G1 X124.178 Y147.549 E6.1918
G1 X123.995 Y147.415 E6.20271
G1 X123.752 Y147.361 E6.21468
G1 X105.111 Y147.361 E7.11125
G1 X105.111 Y145.682 E7.192
G1 X144.889 Y145.682 E9.10518
G1 X144.889 Y147.361 E9.18593
G1 X126.248 Y147.361 E10.0825
G1 X126.005 Y147.415 E10.09447
G1 X125.822 Y147.549 E10.10538
G1 X125.785 Y147.608 E10.10873
G1 X126.092 Y147.845 F7800
;TYPE:External perimeter
G1 F1500
G1 X126.068 Y147.871 E10.11043
G1 X126.083 Y148.039 E10.11854
G1 X126.778 Y149.197 E10.1835
G1 X123.222 Y149.197 E10.35453
G1 X123.948 Y147.987 E10.4224
G1 X123.894 Y147.809 E10.43135
G1 X123.752 Y147.747 E10.4388
G1 X104.725 Y147.747 E11.35393
G1 X104.725 Y145.297 E11.47177
G1 X145.275 Y145.297 E13.42208
G1 X145.275 Y147.747 E13.53992
G1 X126.184 Y147.747 E14.45813
G1 X126.133 Y147.801 E14.4617
G1 X126.183 Y148.198 F7800
G1 E12.4617 F2400
G92 E0
G1 X105.771 Y146.536 F7800
G1 E2 F2400
;TYPE:Solid infill
;WIDTH:0.421749
G1 F1200
G1 X105.771 Y146.7 E2.00731
G1 X123.741 Y146.7 E2.80829
;WIDTH:0.45
G1 X124.238 Y146.791 E2.83259
G1 X124.675 Y147.095 E2.85819
G1 X124.931 Y147.533 E2.88259
G1 X125 Y147.909 E2.90098
G1 X125.096 Y147.458 E2.92316
G1 X125.353 Y147.069 E2.94558
G1 X125.765 Y146.789 E2.96954
G1 X126.252 Y146.7 E2.99335
;WIDTH:0.421748
G1 X144.229 Y146.7 E3.79463
G1 X144.229 Y146.343 E3.81054
G1 X126.252 Y146.343 E4.61182
;WIDTH:0.45
G1 X125.718 Y146.357 E4.63751
G1 X123.741 Y146.343 E4.7326
;WIDTH:0.421749
G1 X105.771 Y146.343 E5.53358
G1 E3.53358 F2400
G92 E0
G1 X124.984 Y146.738 F7800
G1 E2 F2400
;WIDTH:0.559443
G1 F1200
G1 X124.94 Y146.782 E2.00384
G1 X124.956 Y146.841 E2.00761
G1 X125.016 Y146.857 E2.01144
G1 X125.06 Y146.814 E2.01524
G1 X125.044 Y146.754 E2.01907
G1 E.01907 F2400
G92 E0
G1 X136.93 Y71.261 F7800
G1 E2 F2400
;TYPE:Perimeter
;WIDTH:0.45
G1 F1200
G1 X136.876 Y71.261 E2.0026
G1 X138.519 Y69.703 E2.1115
G1 X140.118 Y67.453 E2.24426
G1 X144.504 Y67.453 E2.45521
G1 X144.504 Y71.261 E2.63836
G1 X136.99 Y71.261 E2.99976
G1 X135.93 Y71.646 F7800
G1 F1200
G1 X135.908 Y71.646 E3.00082
G1 X138.227 Y69.449 E3.15446
G1 X139.919 Y67.067 E3.29499
G1 X144.889 Y67.067 E3.53403
G1 X144.889 Y71.646 E3.75426
G1 X135.99 Y71.646 E4.18227
G1 X134.82 Y72.032 F7800
;TYPE:External perimeter
G1 F1200
G1 X135.18 Y71.805 E4.20274
G1 X137.934 Y69.195 E4.38523
G1 X139.653 Y66.776 E4.52796
;TYPE:Overhang perimeter
;WIDTH:0.4
;HEIGHT:0.4
M106 S255
G1 X139.72 Y66.682 E4.53399
G1 X145.275 Y66.682 E4.82421
G1 X145.275 Y66.776 E4.82912
M106 S178.5
;TYPE:External perimeter
;WIDTH:0.45
;HEIGHT:0.3
G1 X145.275 Y72.032 E5.08192
G1 X134.88 Y72.032 E5.58188
G1 X135.197 Y71.788 F7800
G1 E3.58188 F2400
G92 E0
G1 X137.601 Y70.971 F7800
G1 E2 F2400
;TYPE:Solid infill
G1 F1200
G1 X138.738 Y69.894 E2.07532
G1 X139.867 Y68.306 E2.16903
G1 X142.532 Y70.971 E2.3503
G1 X137.794 Y70.971 E2.57818
G1 X138.569 Y70.586 F7800
G1 F1200
G1 X139.126 Y70.014 E2.61658
G1 X139.917 Y68.901 E2.68225
G1 X141.601 Y70.586 E2.79683
G1 X138.762 Y70.586 E2.93338
G1 X139.548 Y70.158 F7800
;WIDTH:0.533659
G1 F1200
G1 X139.972 Y69.561 E2.97624
G1 X140.569 Y70.158 E3.02566
G1 X139.741 Y70.158 E3.07412
G1 E1.07412 F2400
G92 E0
G1 X140.093 Y67.987 F7800
G1 E2 F2400
;WIDTH:0.45
G1 F1200
G1 X143.077 Y70.971 E2.20297
G1 X143.623 Y70.971 E2.22923
G1 X140.394 Y67.742 E2.44886
G1 X140.939 Y67.742 E2.47507
G1 X144.168 Y70.971 E2.6947
G1 X144.215 Y70.473 E2.71876
G1 X141.484 Y67.742 E2.90452
G1 X142.03 Y67.742 E2.93078
G1 X144.215 Y69.927 E3.0794
G1 E1.0794 F2400
G92 E0
G1 X142.711 Y67.879 F7800
G1 E2 F2400
G1 F1200
G1 X144.215 Y69.382 E2.10227
G1 X144.215 Y67.742 E2.18115
G1 X142.575 Y67.742 E2.26003
G1 X143.716 Y68.153 F7800
;WIDTH:0.639237
G1 F1200
G1 X143.665 Y68.204 E2.2652
G1 X143.684 Y68.273 E2.27033
G1 X143.753 Y68.292 E2.27546
G1 X143.804 Y68.241 E2.28063
G1 X143.785 Y68.172 E2.28576
G1 E.28576 F2400
G92 E0
G1 X113.07 Y71.261 F7800
G1 E2 F2400
;TYPE:Perimeter
;WIDTH:0.45
G1 F1200
G1 X105.496 Y71.261 E2.36428
G1 X105.496 Y67.453 E2.54743
G1 X109.882 Y67.453 E2.75838
G1 X111.481 Y69.703 E2.89114
G1 X113.12 Y71.257 E2.99977
G1 X114.07 Y71.646 F7800
G1 F1200
G1 X105.111 Y71.646 E3.43067
G1 X105.111 Y67.067 E3.6509
G1 X110.081 Y67.067 E3.88994
G1 X111.774 Y69.449 E4.0305
G1 X114.064 Y71.62 E4.18227
G1 X115.18 Y72.032 F7800
;TYPE:External perimeter
G1 F1200
G1 X104.725 Y72.032 E4.68512
G1 X104.725 Y66.776 E4.93792
;TYPE:Overhang perimeter
;WIDTH:0.4
;HEIGHT:0.4
M106 S255
G1 X104.725 Y66.682 E4.94283
G1 X110.28 Y66.682 E5.23305
G1 X110.347 Y66.776 E5.23908
M106 S178.5
;TYPE:External perimeter
;WIDTH:0.45
;HEIGHT:0.3
G1 X112.066 Y69.195 E5.38181
G1 X114.82 Y71.805 E5.5643
G1 X115.129 Y72 E5.58187
G1 X114.731 Y72.036 F7800
G1 E3.58187 F2400
G92 E0
G1 X105.817 Y70.867 F7800
G1 E2 F2400
;TYPE:Solid infill
;WIDTH:0.543559
G1 F1200
G1 X105.774 Y70.909 E2.00359
G1 X105.79 Y70.967 E2.00719
G1 X105.848 Y70.982 E2.01077
G1 X105.89 Y70.94 E2.01432
G1 X105.875 Y70.882 E2.0179
G1 X106.672 Y71.102 F7800
;WIDTH:0.443877
G1 F1200
G1 X106.684 Y71.148 E2.02015
G1 X106.605 Y71.169 E2.02402
G1 X106.626 Y71.09 E2.02789
;WIDTH:0.45
G1 X105.785 Y70.266 E2.08452
G1 X105.651 Y70.088 E2.09524
;WIDTH:0.404381
G1 X105.662 Y70.129 E2.09704
G1 X105.591 Y70.148 E2.10016
G1 X105.61 Y70.077 E2.10328
;WIDTH:0.45
G1 X105.785 Y69.721 E2.12236
G1 X107.036 Y70.971 E2.20742
G1 X107.581 Y70.971 E2.23363
G1 X105.785 Y69.176 E2.35576
G1 X105.785 Y68.63 E2.38202
G1 X108.127 Y70.971 E2.54129
G1 X108.672 Y70.971 E2.5675
G1 X105.785 Y68.085 E2.76384
G1 X105.688 Y67.615 E2.78692
;WIDTH:0.404381
G1 X105.669 Y67.686 E2.79004
G1 X105.74 Y67.667 E2.79316
G1 X105.729 Y67.626 E2.79496
;WIDTH:0.45
G1 X105.988 Y67.742 E2.80861
G1 X109.217 Y70.971 E3.02824
G1 X109.763 Y70.971 E3.0545
G1 X106.533 Y67.742 E3.27417
G1 X107.079 Y67.742 E3.30043
G1 X110.308 Y70.971 E3.52006
G1 X110.853 Y70.971 E3.54627
G1 X107.624 Y67.742 E3.7659
G1 X108.17 Y67.742 E3.79216
G1 X111.399 Y70.971 E4.01179
G1 X111.944 Y70.971 E4.038
G1 X108.715 Y67.742 E4.25763
G1 X110.258 Y68.624 F7800
;WIDTH:0.614371
G1 F1200
G1 X110.467 Y68.871 E4.27983
;WIDTH:0.572372
G1 X110.676 Y69.118 E4.30033
;WIDTH:0.530375
G1 X110.884 Y69.365 E4.3191
;WIDTH:0.488377
G1 X111.093 Y69.612 E4.33621
;WIDTH:0.446379
G1 X111.302 Y69.859 E4.35163
;WIDTH:0.404381
G1 X112.329 Y70.859 E4.41242
;WIDTH:0.443877
G1 X112.406 Y70.974 E4.41897
G1 E2.41897 F2400
G92 E0
G1 X109.355 Y67.866 F7800
G1 E2 F2400
;WIDTH:0.40928
G1 F1200
G1 X109.891 Y68.428 E2.03341
;WIDTH:0.421144
G1 X109.965 Y68.467 E2.03713
;WIDTH:0.469451
G1 X110.038 Y68.506 E2.04131
;WIDTH:0.517757
G1 X110.112 Y68.546 E2.04607
;WIDTH:0.566064
G1 X110.185 Y68.585 E2.05125
;WIDTH:0.614371
G1 X110.258 Y68.624 E2.05693
G1 X110.232 Y68.545 E2.06264
;WIDTH:0.566064
G1 X110.205 Y68.466 E2.06786
;WIDTH:0.517757
G1 X110.179 Y68.387 E2.07256
;WIDTH:0.469451
G1 X110.152 Y68.308 E2.07678
;WIDTH:0.421144
G1 X110.126 Y68.229 E2.08048
;WIDTH:0.418329
G1 X109.741 Y67.726 E2.10844
G1 X109.222 Y67.726 E2.13135
M106 S183.6
;LAYER_CHANGE
;Z:4.85
;HEIGHT:0.3
G1 E.13135 F2400
G92 E0
G1 Z4.85 F7800
;AFTER_LAYER_CHANGE
;4.85
G1 X125.424 Y147.472
G1 E2 F2400
;TYPE:Perimeter
;WIDTH:0.45
G1 F1500
G1 X125.348 Y147.595 E2.00695
G1 X125.288 Y148.024 E2.02778
;WIDTH:0.485112
G1 X125.273 Y148.046 E2.02918
;WIDTH:0.520225
G1 X125.258 Y148.068 E2.03069
;WIDTH:0.555338
G1 X125.243 Y148.091 E2.03237
G1 X125.344 Y148.373 E2.05071
G1 X124.656 Y148.373 E2.09284
G1 X124.757 Y148.091 E2.11118
G1 X124.742 Y148.068 E2.11286
;WIDTH:0.520225
G1 X124.727 Y148.046 E2.11437
;WIDTH:0.485112
G1 X124.712 Y148.024 E2.11577
;WIDTH:0.45
G1 X124.652 Y147.595 E2.1366
G1 X124.463 Y147.288 E2.15394
G1 X124.157 Y147.065 E2.17215
G1 X123.752 Y146.976 E2.19209
G1 X105.496 Y146.976 E3.07014
G1 X105.496 Y146.068 E3.11381
G1 X144.504 Y146.068 E4.98996
G1 X144.504 Y146.976 E5.03363
G1 X126.248 Y146.976 E5.91168
G1 X125.843 Y147.065 E5.93162
G1 X125.537 Y147.288 E5.94983
G1 X125.456 Y147.421 E5.95732
G1 X125.754 Y147.659 F7800
G1 F1500
G1 X125.708 Y147.733 E5.96151
G1 X125.672 Y147.99 E5.97399
G1 X125.752 Y148.237 E5.98648
G1 X126.097 Y148.811 E6.01869
G1 X123.903 Y148.811 E6.12421
G1 X124.248 Y148.237 E6.15642
G1 X124.324 Y148.026 E6.16721
G1 X124.292 Y147.733 E6.18139
G1 X124.178 Y147.549 E6.1918
G1 X123.995 Y147.415 E6.20271
G1 X123.752 Y147.361 E6.21468
G1 X105.111 Y147.361 E7.11125
G1 X105.111 Y145.682 E7.192
G1 X144.889 Y145.682 E9.10518
G1 X144.889 Y147.361 E9.18593
G1 X126.248 Y147.361 E10.0825
G1 X126.005 Y147.415 E10.09447
G1 X125.822 Y147.549 E10.10538
G1 X125.785 Y147.608 E10.10873
G1 X126.092 Y147.845 F7800
;TYPE:External perimeter
G1 F1500
G1 X126.068 Y147.871 E10.11043
G1 X126.083 Y148.039 E10.11854
G1 X126.778 Y149.197 E10.1835
G1 X123.222 Y149.197 E10.35453
G1 X123.948 Y147.987 E10.4224
G1 X123.894 Y147.809 E10.43135
G1 X123.752 Y147.747 E10.4388
G1 X104.725 Y147.747 E11.35393
G1 X104.725 Y145.297 E11.47177
G1 X145.275 Y145.297 E13.42208
G1 X145.275 Y147.747 E13.53992
G1 X126.184 Y147.747 E14.45813
G1 X126.133 Y147.801 E14.4617
G1 X126.183 Y148.198 F7800
G1 E12.4617 F2400
G92 E0
G1 X124.286 Y146.357 F7800
G1 E2 F2400
;TYPE:Solid infill
G1 F1200
G1 X126.252 Y146.343 E2.09456
;WIDTH:0.421748
G1 X144.229 Y146.343 E2.89584
G1 X144.229 Y146.7 E2.91175
G1 X126.252 Y146.7 E3.71303
;WIDTH:0.45
G1 X125.765 Y146.789 E3.73684
G1 X125.353 Y147.069 E3.7608
G1 X125.096 Y147.458 E3.78322
G1 X125 Y147.909 E3.8054
G1 X124.931 Y147.533 E3.82379
G1 X124.675 Y147.095 E3.84819
G1 X124.238 Y146.791 E3.87379
G1 X123.741 Y146.7 E3.89809
;WIDTH:0.421748
G1 X105.771 Y146.7 E4.69906
G1 X105.771 Y146.343 E4.71497
G1 X123.741 Y146.343 E5.51594
;WIDTH:0.439994
G1 X124.093 Y146.352 E5.53244
G1 X125.06 Y146.782 F7800
;WIDTH:0.559443
G1 F1200
G1 X125.016 Y146.738 E5.53628
G1 X124.956 Y146.754 E5.54011
G1 X124.94 Y146.814 E5.54394
G1 X124.984 Y146.857 E5.54774
G1 X125.044 Y146.841 E5.55157
G1 E3.55157 F2400
G92 E0
G1 X137.607 Y70.741 F7800
G1 E2 F2400
;TYPE:Perimeter
;WIDTH:0.45
G1 F1200
G1 X138.519 Y69.876 E2.06046
G1 X140.611 Y66.933 E2.23413
G1 X144.504 Y66.933 E2.42137
G1 X144.504 Y70.741 E2.60452
G1 X137.667 Y70.741 E2.93336
G1 X136.639 Y71.127 F7800
G1 F1200
G1 X138.227 Y69.622 E3.03859
G1 X140.412 Y66.548 E3.21998
G1 X144.889 Y66.548 E3.43531
G1 X144.889 Y71.127 E3.65554
G1 X136.699 Y71.127 E4.04945
G1 X135.672 Y71.512 F7800
;TYPE:External perimeter
G1 F1200
G1 X137.934 Y69.368 E4.19935
G1 X140.145 Y66.257 E4.38292
;TYPE:Overhang perimeter
;WIDTH:0.4
;HEIGHT:0.4
M106 S255
G1 X140.213 Y66.162 E4.38902
G1 X145.275 Y66.162 E4.65348
G1 X145.275 Y66.257 E4.65844
M106 S183.6
;TYPE:External perimeter
;WIDTH:0.45
;HEIGHT:0.3
G1 X145.275 Y71.512 E4.91119
G1 X135.732 Y71.512 E5.37018
G1 X135.988 Y71.205 F7800
G1 E3.37018 F2400
G92 E0
G1 X140.381 Y67.51 F7800
G1 E2 F2400
;TYPE:Solid infill
;WIDTH:0.404381
G1 F1200
G1 X140.708 Y67.123 E2.02149
;WIDTH:0.45
G1 X141.013 Y67.223 E2.03693
G1 X140.138 Y68.097 E2.09641
G1 X139.908 Y68.37 E2.11358
;WIDTH:0.404381
G1 X139.041 Y69.395 E2.17051
;WIDTH:0.45
G1 X138.785 Y69.996 E2.20193
G1 X141.558 Y67.223 E2.39055
G1 X142.104 Y67.223 E2.41681
G1 X138.875 Y70.452 E2.63644
;WIDTH:0.498966
G1 X138.694 Y70.419 E2.64641
;WIDTH:0.547933
G1 X138.514 Y70.387 E2.65744
G1 X138.471 Y70.344 E2.66111
G1 X138.413 Y70.36 E2.66474
G1 X138.397 Y70.418 E2.66837
G1 X138.44 Y70.461 E2.67204
G1 X138.498 Y70.445 E2.67567
G1 X139.42 Y70.452 F7800
;WIDTH:0.45
G1 F1200
G1 X142.649 Y67.223 E2.8953
G1 X143.194 Y67.223 E2.92151
G1 X139.965 Y70.452 E3.14114
G1 X140.511 Y70.452 E3.1674
G1 X143.74 Y67.223 E3.38703
G1 X144.18 Y67.08 E3.40928
;WIDTH:0.404381
G1 X144.345 Y67.092 E3.4163
;WIDTH:0.45
G1 X144.215 Y67.293 E3.42781
G1 X141.056 Y70.452 E3.64268
G1 X141.601 Y70.452 E3.66889
G1 X144.215 Y67.838 E3.84669
G1 X144.215 Y68.384 E3.87295
G1 X142.147 Y70.452 E4.01361
G1 E2.01361 F2400
G92 E0
G1 X144.078 Y69.066 F7800
G1 E2 F2400
G1 F1200
G1 X142.692 Y70.452 E2.09427
G1 X144.215 Y70.452 E2.16752
G1 X144.215 Y68.929 E2.24077
G1 X143.83 Y69.989 F7800
;WIDTH:0.570637
G1 F1200
G1 X143.785 Y69.945 E2.24474
G1 X143.724 Y69.961 E2.24872
G1 X143.707 Y70.022 E2.25272
G1 X143.752 Y70.067 E2.25674
G1 X143.813 Y70.051 E2.26072
G1 E.26072 F2400
G92 E0
G1 X112.393 Y70.741 F7800
G1 E2 F2400
;TYPE:Perimeter
;WIDTH:0.45
G1 F1200
G1 X105.496 Y70.741 E2.33172
G1 X105.496 Y66.933 E2.51487
G1 X109.389 Y66.933 E2.70211
G1 X111.481 Y69.876 E2.87578
G1 X112.35 Y70.7 E2.93338
G1 X113.361 Y71.127 F7800
G1 F1200
G1 X105.111 Y71.127 E3.33018
G1 X105.111 Y66.548 E3.55041
G1 X109.588 Y66.548 E3.76574
G1 X111.773 Y69.622 E3.94713
G1 X113.317 Y71.085 E4.04943
G1 X114.328 Y71.512 F7800
;TYPE:External perimeter
G1 F1200
G1 X104.725 Y71.512 E4.5113
G1 X104.725 Y66.257 E4.76405
;TYPE:Overhang perimeter
;WIDTH:0.4
;HEIGHT:0.4
M106 S255
G1 X104.725 Y66.162 E4.76901
G1 X109.754 Y66.162 E5.03175
G1 X109.807 Y66.19 E5.03488
G1 X109.855 Y66.257 E5.03919
M106 S183.6
;TYPE:External perimeter
;WIDTH:0.45
;HEIGHT:0.3
G1 X112.066 Y69.368 E5.22276
G1 X114.285 Y71.471 E5.3698
G1 X113.887 Y71.517 F7800
G1 E3.3698 F2400
G92 E0
G1 X105.89 Y67.254 F7800
G1 E2 F2400
;TYPE:Solid infill
;WIDTH:0.543559
G1 F1200
G1 X105.848 Y67.212 E2.00355
G1 X105.79 Y67.227 E2.00713
G1 X105.774 Y67.285 E2.01073
G1 X105.817 Y67.327 E2.01432
G1 X105.875 Y67.312 E2.0179
;WIDTH:0.45
G1 X106.491 Y67.223 E2.04784
G1 X105.662 Y68.065 E2.10467
;WIDTH:0.404381
G1 X105.591 Y68.046 E2.10779
G1 X105.61 Y68.117 E2.11091
G1 X105.651 Y68.106 E2.11271
;WIDTH:0.45
G1 X105.785 Y68.473 E2.1315
G1 X107.036 Y67.223 E2.21656
G1 X107.581 Y67.223 E2.24277
G1 X105.785 Y69.018 E2.3649
G1 X105.785 Y69.564 E2.39116
G1 X108.127 Y67.223 E2.55043
G1 X108.672 Y67.223 E2.57664
G1 X105.785 Y70.109 E2.77298
G1 X105.729 Y70.568 E2.79522
;WIDTH:0.404381
G1 X105.688 Y70.579 E2.79702
G1 X105.669 Y70.508 E2.80014
G1 X105.74 Y70.527 E2.80326
;WIDTH:0.45
G1 X105.988 Y70.452 E2.81572
G1 X109.217 Y67.223 E3.03535
G1 X109.457 Y67.528 E3.05402
G1 X106.533 Y70.452 E3.25291
G1 X107.079 Y70.452 E3.27917
G1 X109.684 Y67.847 E3.45636
G1 X109.91 Y68.166 E3.47516
G1 X107.624 Y70.452 E3.63065
G1 E1.63065 F2400
G92 E0
G1 X110 Y68.621 F7800
G1 E2 F2400
G1 F1200
G1 X108.17 Y70.452 E2.12451
G1 X111.678 Y70.452 E2.29323
G1 X111.21 Y69.989 E2.32489
G1 X110.137 Y68.484 E2.41379
G1 X110.087 Y69.08 E2.44256
G1 X110.788 Y70.066 E2.50075
G1 X109.101 Y70.066 E2.58189
G1 X109.951 Y69.216 E2.63971
G1 X110.084 Y69.666 E2.66228
;WIDTH:0.454251
G1 X110.002 Y69.644 E2.66641
G1 X110.024 Y69.725 E2.67049
G1 X110.071 Y69.713 E2.67285
;LAYER_CHANGE
;Z:5.15
;HEIGHT:0.3
G1 E.67285 F2400
G92 E0
G1 Z5.15 F7800
;AFTER_LAYER_CHANGE
;5.15
G1 X125.424 Y147.472
G1 E2 F2400
;TYPE:Perimeter
;WIDTH:0.45
G1 F1500
G1 X125.348 Y147.595 E2.00695
G1 X125.288 Y148.024 E2.02778
;WIDTH:0.485112
G1 X125.273 Y148.046 E2.02918
;WIDTH:0.520225
G1 X125.258 Y148.068 E2.03069
;WIDTH:0.555338
G1 X125.243 Y148.091 E2.03237
G1 X125.344 Y148.373 E2.05071
G1 X124.656 Y148.373 E2.09284
G1 X124.757 Y148.091 E2.11118
G1 X124.742 Y148.068 E2.11286
;WIDTH:0.520225
G1 X124.727 Y148.046 E2.11437
;WIDTH:0.485112
G1 X124.712 Y148.024 E2.11577
;WIDTH:0.45
G1 X124.652 Y147.595 E2.1366
G1 X124.463 Y147.288 E2.15394
G1 X124.157 Y147.065 E2.17215
G1 X123.752 Y146.976 E2.19209
G1 X105.496 Y146.976 E3.07014
G1 X105.496 Y146.068 E3.11381
G1 X144.504 Y146.068 E4.98996
G1 X144.504 Y146.976 E5.03363
G1 X126.248 Y146.976 E5.91168
G1 X125.843 Y147.065 E5.93162
G1 X125.537 Y147.288 E5.94983
G1 X125.456 Y147.421 E5.95732
G1 X125.754 Y147.659 F7800
G1 F1500
G1 X125.708 Y147.733 E5.96151
G1 X125.672 Y147.99 E5.97399
G1 X125.752 Y148.237 E5.98648
G1 X126.097 Y148.811 E6.01869
G1 X123.903 Y148.811 E6.12421
G1 X124.248 Y148.237 E6.15642
G1 X124.324 Y148.026 E6.16721
G1 X124.292 Y147.733 E6.18139
G1 X124.178 Y147.549 E6.1918
G1 X123.995 Y147.415 E6.20271
G1 X123.752 Y147.361 E6.21468
G1 X105.111 Y147.361 E7.11125
G1 X105.111 Y145.682 E7.192
G1 X144.889 Y145.682 E9.10518
G1 X144.889 Y147.361 E9.18593
G1 X126.248 Y147.361 E10.0825
G1 X126.005 Y147.415 E10.09447
G1 X125.822 Y147.549 E10.10538
G1 X125.785 Y147.608 E10.10873
G1 X126.092 Y147.845 F7800
;TYPE:External perimeter
G1 F1500
G1 X126.068 Y147.871 E10.11043
G1 X126.083 Y148.039 E10.11854
G1 X126.778 Y149.197 E10.1835
G1 X123.222 Y149.197 E10.35453
G1 X123.948 Y147.987 E10.4224
G1 X123.894 Y147.809 E10.43135
G1 X123.752 Y147.747 E10.4388
G1 X104.725 Y147.747 E11.35393
G1 X104.725 Y145.297 E11.47177
G1 X145.275 Y145.297 E13.42208
G1 X145.275 Y147.747 E13.53992
G1 X126.184 Y147.747 E14.45813
G1 X126.133 Y147.801 E14.4617
G1 X126.183 Y148.198 F7800
G1 E12.4617 F2400
G92 E0
G1 X105.771 Y146.536 F7800
G1 E2 F2400
;TYPE:Solid infill
;WIDTH:0.421749
G1 F1200
G1 X105.771 Y146.7 E2.00731
G1 X123.741 Y146.7 E2.80829
;WIDTH:0.45
G1 X124.238 Y146.791 E2.83259
G1 X124.675 Y147.095 E2.85819
G1 X124.931 Y147.533 E2.88259
G1 X125 Y147.909 E2.90098
G1 X125.096 Y147.458 E2.92316
G1 X125.353 Y147.069 E2.94558
G1 X125.765 Y146.789 E2.96954
G1 X126.252 Y146.7 E2.99335
;WIDTH:0.421748
G1 X144.229 Y146.7 E3.79463
G1 X144.229 Y146.343 E3.81054
G1 X126.252 Y146.343 E4.61182
;WIDTH:0.45
G1 X125.718 Y146.357 E4.63751
G1 X123.741 Y146.343 E4.7326
;WIDTH:0.421749
G1 X105.771 Y146.343 E5.53358
G1 E3.53358 F2400
G92 E0
G1 X124.984 Y146.738 F7800
G1 E2 F2400
;WIDTH:0.559443
G1 F1200
G1 X124.94 Y146.782 E2.00384
G1 X124.956 Y146.841 E2.00761
G1 X125.016 Y146.857 E2.01144
G1 X125.06 Y146.814 E2.01524
G1 X125.044 Y146.754 E2.01907
G1 E.01907 F2400
G92 E0
G1 X138.338 Y70.221 F7800
G1 E2 F2400
;TYPE:Perimeter
;WIDTH:0.45
G1 F1200
G1 X138.573 Y69.973 E2.01643
G1 X140.822 Y66.81 E2.2031
G1 X141.023 Y66.414 E2.22446
G1 X144.504 Y66.414 E2.39188
G1 X144.504 Y70.221 E2.57498
G1 X138.398 Y70.221 E2.86866
G1 X137.37 Y70.607 F7800
G1 F1200
G1 X138.227 Y69.796 E2.92541
G1 X140.561 Y66.494 E3.11989
G1 X140.777 Y66.028 E3.14459
G1 X144.889 Y66.028 E3.34236
G1 X144.889 Y70.607 E3.56259
G1 X137.43 Y70.607 E3.92134
G1 X136.403 Y70.993 F7800
;TYPE:External perimeter
G1 F1200
G1 X137.934 Y69.542 E4.02279
G1 X140.211 Y66.332 E4.21208
G1 X140.486 Y65.737 E4.24361
;TYPE:Overhang perimeter
;WIDTH:0.4
;HEIGHT:0.4
M106 S255
G1 X140.53 Y65.643 E4.24903
G1 X145.275 Y65.643 E4.49693
G1 X145.275 Y65.737 E4.50184
M106 S183.6
;TYPE:External perimeter
;WIDTH:0.45
;HEIGHT:0.3
G1 X145.275 Y70.993 E4.75464
G1 X136.463 Y70.993 E5.17847
G1 X136.72 Y70.686 F7800
G1 E3.17847 F2400
G92 E0
G1 X138.957 Y69.932 F7800
G1 E2 F2400
;TYPE:Solid infill
G1 F1200
G1 X140.796 Y67.345 E2.15266
G1 X143.383 Y69.932 E2.32862
G1 X139.15 Y69.932 E2.53221
G1 X139.705 Y69.546 E2.56472
G1 X140.846 Y67.941 E2.65943
G1 X142.452 Y69.546 E2.76863
G1 X139.897 Y69.546 E2.89152
G1 X140.503 Y69.134 E2.92676
;WIDTH:0.502866
G1 X140.899 Y68.577 E2.96414
G1 X141.457 Y69.134 E3.00726
G1 X140.696 Y69.134 E3.04888
G1 E1.04888 F2400
G92 E0
G1 X141.022 Y67.026 F7800
G1 E2 F2400
;WIDTH:0.45
G1 F1200
G1 X143.928 Y69.932 E2.19766
G1 X144.284 Y69.971 E2.21488
;WIDTH:0.404381
G1 X144.265 Y70.042 E2.218
G1 X144.336 Y70.023 E2.22112
G1 X144.325 Y69.982 E2.22292
;WIDTH:0.45
G1 X144.215 Y69.673 E2.2387
G1 X141.244 Y66.703 E2.44075
G1 X144.215 Y66.703 E2.58364
G1 X144.215 Y69.128 E2.70027
G1 X141.926 Y66.839 E2.85596
G1 X142.88 Y67.155 F7800
;WIDTH:0.581798
G1 F1200
G1 X143.763 Y67.155 E2.91294
G1 X143.763 Y68.038 E2.96992
G1 X143.016 Y67.291 E3.0381
G1 E1.0381 F2400
G92 E0
G1 X111.662 Y70.221 F7800
G1 E2 F2400
;TYPE:Perimeter
;WIDTH:0.45
G1 F1200
G1 X105.496 Y70.221 E2.29656
G1 X105.496 Y66.414 E2.47966
G1 X108.977 Y66.414 E2.64708
G1 X109.178 Y66.81 E2.66844
G1 X111.427 Y69.973 E2.85511
G1 X111.621 Y70.178 E2.86868
G1 X112.63 Y70.607 F7800
G1 F1200
G1 X105.111 Y70.607 E3.23032
G1 X105.111 Y66.028 E3.45055
G1 X109.223 Y66.028 E3.64832
G1 X109.439 Y66.494 E3.67302
G1 X111.773 Y69.796 E3.8675
G1 X112.586 Y70.566 E3.92136
G1 X113.597 Y70.993 F7800
;TYPE:External perimeter
G1 F1200
G1 X104.725 Y70.993 E4.34807
G1 X104.725 Y65.737 E4.60087
;TYPE:Overhang perimeter
;WIDTH:0.4
;HEIGHT:0.4
M106 S255
G1 X104.725 Y65.643 E4.60578
G1 X109.47 Y65.643 E4.85368
G1 X109.514 Y65.737 E4.8591
M106 S183.6
;TYPE:External perimeter
;WIDTH:0.45
;HEIGHT:0.3
G1 X109.789 Y66.332 E4.89063
G1 X112.066 Y69.542 E5.07992
G1 X113.554 Y70.951 E5.17848
G1 X113.156 Y70.997 F7800
G1 E3.17848 F2400
G92 E0
G1 X105.817 Y69.827 F7800
G1 E2 F2400
;TYPE:Solid infill
;WIDTH:0.543559
G1 F1200
G1 X105.774 Y69.87 E2.00363
G1 X105.79 Y69.928 E2.00723
G1 X105.848 Y69.943 E2.01081
G1 X105.89 Y69.901 E2.01436
G1 X105.875 Y69.843 E2.01794
G1 X106.628 Y70.056 F7800
;WIDTH:0.404381
G1 F1200
G1 X106.609 Y70.127 E2.02106
G1 X106.68 Y70.108 E2.02418
G1 X106.669 Y70.067 E2.02598
;WIDTH:0.45
G1 X106.491 Y69.932 E2.03672
G1 X105.785 Y69.227 E2.08471
G1 X105.651 Y69.049 E2.09543
;WIDTH:0.404381
G1 X105.662 Y69.09 E2.09723
G1 X105.591 Y69.109 E2.10035
G1 X105.61 Y69.038 E2.10347
;WIDTH:0.45
G1 X105.785 Y68.682 E2.12255
G1 X107.036 Y69.932 E2.20761
G1 X107.581 Y69.932 E2.23382
G1 X105.785 Y68.136 E2.35598
G1 X105.785 Y67.591 E2.38219
G1 X108.127 Y69.932 E2.54146
G1 X108.672 Y69.932 E2.56767
G1 X105.785 Y67.046 E2.76401
G1 X105.688 Y66.575 E2.78714
;WIDTH:0.404381
G1 X105.669 Y66.646 E2.79026
G1 X105.74 Y66.627 E2.79338
G1 X105.729 Y66.586 E2.79518
;WIDTH:0.45
G1 X105.988 Y66.703 E2.80885
G1 X109.217 Y69.932 E3.02848
G1 X109.763 Y69.932 E3.05474
G1 X106.533 Y66.703 E3.27441
G1 X107.079 Y66.703 E3.30067
G1 X110.308 Y69.932 E3.5203
G1 E1.5203 F2400
G92 E0
G1 X109.534 Y67.951 F7800
G1 E2 F2400
;WIDTH:0.614373
G1 F1200
G1 X109.861 Y68.338 E2.03476
;WIDTH:0.572374
G1 X110.188 Y68.726 E2.06691
;WIDTH:0.530376
G1 X110.516 Y69.113 E2.0964
;WIDTH:0.488377
G1 X110.843 Y69.5 E2.12319
;WIDTH:0.446379
G1 X111.17 Y69.888 E2.14737
;WIDTH:0.404381
G1 X111.201 Y70.014 E2.15287
;WIDTH:0.45
G1 X110.853 Y69.932 E2.17007
G1 X107.624 Y66.703 E2.3897
G1 X108.853 Y66.813 F7800
;WIDTH:0.464905
G1 F1200
G1 X108.791 Y66.71 E2.39571
G1 X108.188 Y66.71 E2.42583
G1 X108.639 Y67.18 E2.45837
;WIDTH:0.439871
G1 X108.903 Y67.467 E2.47663
;WIDTH:0.406355
G1 X109.167 Y67.755 E2.49329
;WIDTH:0.421146
G1 X109.24 Y67.794 E2.49697
;WIDTH:0.469453
G1 X109.313 Y67.833 E2.50115
;WIDTH:0.517759
G1 X109.387 Y67.872 E2.50588
;WIDTH:0.566066
G1 X109.46 Y67.912 E2.51109
;WIDTH:0.614373
G1 X109.534 Y67.951 E2.51683
G1 X109.507 Y67.872 E2.52256
;WIDTH:0.566066
G1 X109.481 Y67.793 E2.52776
;WIDTH:0.517759
G1 X109.454 Y67.714 E2.53248
;WIDTH:0.469453
G1 X109.428 Y67.635 E2.53668
;WIDTH:0.421146
G1 X109.401 Y67.556 E2.54039
;WIDTH:0.403544
G1 X109.177 Y67.267 E2.55586
;WIDTH:0.434249
G1 X108.953 Y66.978 E2.57273
M106 S188.7
;LAYER_CHANGE
;Z:5.45
;HEIGHT:0.3
G1 E.57273 F2400
G92 E0
G1 Z5.45 F7800
;AFTER_LAYER_CHANGE
;5.45
G1 X125.424 Y147.472
G1 E2 F2400
;TYPE:Perimeter
;WIDTH:0.45
G1 F1500
G1 X125.348 Y147.595 E2.00695
G1 X125.288 Y148.024 E2.02778
;WIDTH:0.485112
G1 X125.273 Y148.046 E2.02918
;WIDTH:0.520225
G1 X125.258 Y148.068 E2.03069
;WIDTH:0.555338
G1 X125.243 Y148.091 E2.03237
G1 X125.344 Y148.373 E2.05071
G1 X124.656 Y148.373 E2.09284
G1 X124.757 Y148.091 E2.11118
G1 X124.742 Y148.068 E2.11286
;WIDTH:0.520225
G1 X124.727 Y148.046 E2.11437
;WIDTH:0.485112
G1 X124.712 Y148.024 E2.11577
;WIDTH:0.45
G1 X124.652 Y147.595 E2.1366
G1 X124.463 Y147.288 E2.15394
G1 X124.157 Y147.065 E2.17215
G1 X123.752 Y146.976 E2.19209
G1 X105.496 Y146.976 E3.07014
G1 X105.496 Y146.068 E3.11381
G1 X144.504 Y146.068 E4.98996
G1 X144.504 Y146.976 E5.03363
G1 X126.248 Y146.976 E5.91168
G1 X125.843 Y147.065 E5.93162
G1 X125.537 Y147.288 E5.94983
G1 X125.456 Y147.421 E5.95732
G1 X125.754 Y147.659 F7800
G1 F1500
G1 X125.708 Y147.733 E5.96151
G1 X125.672 Y147.99 E5.97399
G1 X125.752 Y148.237 E5.98648
G1 X126.097 Y148.811 E6.01869
G1 X123.903 Y148.811 E6.12421
G1 X124.248 Y148.237 E6.15642
G1 X124.324 Y148.026 E6.16721
G1 X124.292 Y147.733 E6.18139
G1 X124.178 Y147.549 E6.1918
G1 X123.995 Y147.415 E6.20271
G1 X123.752 Y147.361 E6.21468
G1 X105.111 Y147.361 E7.11125
G1 X105.111 Y145.682 E7.192
G1 X144.889 Y145.682 E9.10518
G1 X144.889 Y147.361 E9.18593
G1 X126.248 Y147.361 E10.0825
G1 X126.005 Y147.415 E10.09447
G1 X125.822 Y147.549 E10.10538
G1 X125.785 Y147.608 E10.10873
G1 X126.092 Y147.845 F7800
;TYPE:External perimeter
G1 F1500
G1 X126.068 Y147.871 E10.11043
G1 X126.083 Y148.039 E10.11854
G1 X126.778 Y149.197 E10.1835
G1 X123.222 Y149.197 E10.35453
G1 X123.948 Y147.987 E10.4224
G1 X123.894 Y147.809 E10.43135
G1 X123.752 Y147.747 E10.4388
G1 X104.725 Y147.747 E11.35393
G1 X104.725 Y145.297 E11.47177
G1 X145.275 Y145.297 E13.42208
G1 X145.275 Y147.747 E13.53992
G1 X126.184 Y147.747 E14.45813
G1 X126.133 Y147.801 E14.4617
G1 X126.183 Y148.198 F7800
G1 E12.4617 F2400
G92 E0
G1 X124.286 Y146.357 F7800
G1 E2 F2400
;TYPE:Solid infill
G1 F1200
G1 X126.252 Y146.343 E2.09456
;WIDTH:0.421748
G1 X144.229 Y146.343 E2.89584
G1 X144.229 Y146.7 E2.91175
G1 X126.252 Y146.7 E3.71303
;WIDTH:0.45
G1 X125.765 Y146.789 E3.73684
G1 X125.353 Y147.069 E3.7608
G1 X125.096 Y147.458 E3.78322
G1 X125 Y147.909 E3.8054
G1 X124.931 Y147.533 E3.82379
G1 X124.675 Y147.095 E3.84819
G1 X124.238 Y146.791 E3.87379
G1 X123.741 Y146.7 E3.89809
;WIDTH:0.421748
G1 X105.771 Y146.7 E4.69906
G1 X105.771 Y146.343 E4.71497
G1 X123.741 Y146.343 E5.51594
;WIDTH:0.439994
G1 X124.093 Y146.352 E5.53244
G1 X125.06 Y146.782 F7800
;WIDTH:0.559443
G1 F1200
G1 X125.016 Y146.738 E5.53628
G1 X124.956 Y146.754 E5.54011
G1 X124.94 Y146.814 E5.54394
G1 X124.984 Y146.857 E5.54774
G1 X125.044 Y146.841 E5.55157
G1 E3.55157 F2400
G92 E0
G1 X138.915 Y69.702 F7800
G1 E2 F2400
;TYPE:Perimeter
;WIDTH:0.45
G1 F1200
G1 X138.889 Y69.702 E2.00125
G1 X140.873 Y66.91 E2.16599
G1 X141.344 Y65.894 E2.21985
G1 X144.504 Y65.894 E2.37184
G1 X144.504 Y69.702 E2.55499
G1 X138.975 Y69.702 E2.82092
G1 X138.101 Y70.087 F7800
G1 F1200
G1 X138.259 Y69.923 E2.83187
G1 X140.538 Y66.716 E3.0211
G1 X141.097 Y65.509 E3.08508
G1 X144.889 Y65.509 E3.26746
G1 X144.889 Y70.087 E3.48765
G1 X138.161 Y70.087 E3.81124
G1 X137.134 Y70.473 F7800
;TYPE:External perimeter
G1 F1200
G1 X137.934 Y69.715 E3.86425
G1 X140.203 Y66.522 E4.05265
G1 X140.807 Y65.218 E4.12177
;TYPE:Overhang perimeter
;WIDTH:0.4
;HEIGHT:0.4
M106 S255
G1 X140.851 Y65.123 E4.12724
G1 X145.275 Y65.123 E4.35837
G1 X145.275 Y65.218 E4.36333
M106 S188.7
;TYPE:External perimeter
;WIDTH:0.45
;HEIGHT:0.3
G1 X145.275 Y70.473 E4.61608
G1 X137.194 Y70.473 E5.00475
G1 X137.451 Y70.166 F7800
G1 E3.00475 F2400
G92 E0
G1 X141.505 Y66.068 F7800
G1 E2 F2400
;TYPE:Solid infill
;WIDTH:0.404381
G1 F1200
G1 X141.434 Y66.049 E2.00312
G1 X141.453 Y66.12 E2.00624
G1 X141.494 Y66.109 E2.00804
;WIDTH:0.45
G1 X141.758 Y66.183 E2.02123
G1 X141.331 Y66.61 E2.05027
G1 X141.135 Y66.883 E2.06643
;WIDTH:0.404381
G1 X140.616 Y67.527 E2.1015
;WIDTH:0.45
G1 X140.373 Y68.114 E2.13206
G1 X142.303 Y66.183 E2.26337
G1 E.26337 F2400
G92 E0
G1 X140.142 Y68.387 F7800
G1 E2 F2400
;WIDTH:0.404381
G1 F1200
G1 X139.308 Y69.374 E2.0548
G1 X139.283 Y69.499 E2.06021
;WIDTH:0.45
G1 X139.619 Y69.412 E2.0769
G1 X142.849 Y66.183 E2.29657
G1 X143.394 Y66.183 E2.32278
G1 X140.165 Y69.412 E2.54241
G1 X140.71 Y69.412 E2.56862
G1 X143.939 Y66.183 E2.78825
G1 X144.335 Y66.092 E2.80779
;WIDTH:0.404381
G1 X144.264 Y66.073 E2.81091
G1 X144.283 Y66.145 E2.81407
G1 X144.324 Y66.134 E2.81587
;WIDTH:0.45
G1 X144.215 Y66.453 E2.83208
G1 X141.255 Y69.412 E3.03338
G1 X141.801 Y69.412 E3.05964
G1 X144.215 Y66.999 E3.2238
G1 X144.215 Y67.544 E3.25001
G1 X142.346 Y69.412 E3.3771
G1 E1.3771 F2400
G92 E0
G1 X144.078 Y68.226 F7800
G1 E2 F2400
G1 F1200
G1 X142.892 Y69.412 E2.08067
G1 X144.215 Y69.412 E2.1443
G1 X144.215 Y68.089 E2.20793
G1 X143.874 Y69.012 F7800
;WIDTH:0.453763
G1 F1200
G1 X143.793 Y68.991 E2.21199
G1 X143.814 Y69.072 E2.21605
G1 X143.861 Y69.059 E2.21842
G1 E.21842 F2400
G92 E0
G1 X111.085 Y69.702 F7800
G1 E2 F2400
;TYPE:Perimeter
;WIDTH:0.45
G1 F1200
G1 X105.496 Y69.702 E2.26881
G1 X105.496 Y65.894 E2.45196
G1 X108.656 Y65.894 E2.60395
G1 X109.127 Y66.91 E2.65781
G1 X111.091 Y69.674 E2.82089
G1 X111.899 Y70.087 F7800
G1 F1200
G1 X105.111 Y70.087 E3.14737
G1 X105.111 Y65.509 E3.36756
G1 X108.903 Y65.509 E3.54994
G1 X109.462 Y66.716 E3.61392
G1 X111.741 Y69.923 E3.80315
G1 X111.857 Y70.044 E3.81121
G1 X112.866 Y70.473 F7800
;TYPE:External perimeter
G1 F1200
G1 X104.725 Y70.473 E4.20276
G1 X104.725 Y65.218 E4.45551
;TYPE:Overhang perimeter
;WIDTH:0.4
;HEIGHT:0.4
M106 S255
G1 X104.725 Y65.123 E4.46047
G1 X109.149 Y65.123 E4.6916
G1 X109.193 Y65.218 E4.69707
M106 S188.7
;TYPE:External perimeter
;WIDTH:0.45
;HEIGHT:0.3
G1 X109.797 Y66.522 E4.76619
G1 X112.066 Y69.715 E4.95459
G1 X112.823 Y70.432 E5.00474
G1 X112.425 Y70.478 F7800
G1 E3.00474 F2400
G92 E0
G1 X105.785 Y66.183 F7800
G1 E2 F2400
;TYPE:Solid infill
G1 F1200
G1 X108.471 Y66.183 E2.12919
G1 X108.945 Y67.154 E2.18116
G1 X110.55 Y69.412 E2.3144
G1 X105.785 Y69.412 E2.54358
G1 X105.785 Y66.376 E2.6896
G1 X106.171 Y66.569 E2.71036
G1 X108.225 Y66.569 E2.80915
G1 X108.631 Y67.377 E2.85264
G1 X109.803 Y69.027 E2.94998
G1 X106.171 Y69.027 E3.12467
G1 X106.171 Y66.762 E3.23361
G1 X106.557 Y66.955 E3.25437
G1 X107.979 Y66.955 E3.32276
G1 X108.316 Y67.601 E3.3578
G1 X109.056 Y68.641 E3.41919
G1 X106.557 Y68.641 E3.53938
G1 X106.557 Y67.147 E3.61124
G1 X106.942 Y67.34 E3.63195
G1 X107.732 Y67.34 E3.66995
G1 X108.002 Y67.824 E3.69661
G1 X108.309 Y68.256 E3.7221
G1 X106.942 Y68.256 E3.78785
G1 X106.942 Y67.533 E3.82262
M106 S191.25
;LAYER_CHANGE
;Z:5.75
;HEIGHT:0.3
G1 E1.82262 F2400
G92 E0
G1 Z5.75 F7800
;AFTER_LAYER_CHANGE
;5.75
G1 X125.424 Y147.472
G1 E2 F2400
;TYPE:Perimeter
G1 F1500
G1 X125.348 Y147.595 E2.00695
G1 X125.288 Y148.024 E2.02778
;WIDTH:0.485112
G1 X125.273 Y148.046 E2.02918
;WIDTH:0.520225
G1 X125.258 Y148.068 E2.03069
;WIDTH:0.555338
G1 X125.243 Y148.091 E2.03237
G1 X125.344 Y148.373 E2.05071
G1 X124.656 Y148.373 E2.09284
G1 X124.757 Y148.091 E2.11118
G1 X124.742 Y148.068 E2.11286
;WIDTH:0.520225
G1 X124.727 Y148.046 E2.11437
;WIDTH:0.485112
G1 X124.712 Y148.024 E2.11577
;WIDTH:0.45
G1 X124.652 Y147.595 E2.1366
G1 X124.463 Y147.288 E2.15394
G1 X124.157 Y147.065 E2.17215
G1 X123.752 Y146.976 E2.19209
G1 X105.496 Y146.976 E3.07014
G1 X105.496 Y146.068 E3.11381
G1 X144.504 Y146.068 E4.98996
G1 X144.504 Y146.976 E5.03363
G1 X126.248 Y146.976 E5.91168
G1 X125.843 Y147.065 E5.93162
G1 X125.537 Y147.288 E5.94983
G1 X125.456 Y147.421 E5.95732
G1 X125.754 Y147.659 F7800
G1 F1500
G1 X125.708 Y147.733 E5.96151
G1 X125.672 Y147.99 E5.97399
G1 X125.752 Y148.237 E5.98648
G1 X126.097 Y148.811 E6.01869
G1 X123.903 Y148.811 E6.12421
G1 X124.248 Y148.237 E6.15642
G1 X124.324 Y148.026 E6.16721
G1 X124.292 Y147.733 E6.18139
G1 X124.178 Y147.549 E6.1918
G1 X123.995 Y147.415 E6.20271
G1 X123.752 Y147.361 E6.21468
G1 X105.111 Y147.361 E7.11125
G1 X105.111 Y145.682 E7.192
G1 X144.889 Y145.682 E9.10518
G1 X144.889 Y147.361 E9.18593
G1 X126.248 Y147.361 E10.0825
G1 X126.005 Y147.415 E10.09447
G1 X125.822 Y147.549 E10.10538
G1 X125.785 Y147.608 E10.10873
G1 X126.092 Y147.845 F7800
;TYPE:External perimeter
G1 F1500
G1 X126.068 Y147.871 E10.11043
G1 X126.083 Y148.039 E10.11854
G1 X126.778 Y149.197 E10.1835
G1 X123.222 Y149.197 E10.35453
G1 X123.948 Y147.987 E10.4224
G1 X123.894 Y147.809 E10.43135
G1 X123.752 Y147.747 E10.4388
G1 X104.725 Y147.747 E11.35393
G1 X104.725 Y145.297 E11.47177
G1 X145.275 Y145.297 E13.42208
G1 X145.275 Y147.747 E13.53992
G1 X126.184 Y147.747 E14.45813
G1 X126.133 Y147.801 E14.4617
G1 X126.183 Y148.198 F7800
G1 E12.4617 F2400
G92 E0
G1 X105.771 Y146.536 F7800
G1 E2 F2400
;TYPE:Solid infill
;WIDTH:0.421749
G1 F1200
G1 X105.771 Y146.7 E2.00731
G1 X123.741 Y146.7 E2.80829
;WIDTH:0.45
G1 X124.238 Y146.791 E2.83259
G1 X124.675 Y147.095 E2.85819
G1 X124.931 Y147.533 E2.88259
G1 X125 Y147.909 E2.90098
G1 X125.096 Y147.458 E2.92316
G1 X125.353 Y147.069 E2.94558
G1 X125.765 Y146.789 E2.96954
G1 X126.252 Y146.7 E2.99335
;WIDTH:0.421748
G1 X144.229 Y146.7 E3.79463
G1 X144.229 Y146.343 E3.81054
G1 X126.252 Y146.343 E4.61182
;WIDTH:0.45
G1 X125.718 Y146.357 E4.63751
G1 X123.741 Y146.343 E4.7326
;WIDTH:0.421749
G1 X105.771 Y146.343 E5.53358
G1 E3.53358 F2400
G92 E0
G1 X124.984 Y146.738 F7800
G1 E2 F2400
;WIDTH:0.559443
G1 F1200
G1 X124.94 Y146.782 E2.00384
G1 X124.956 Y146.841 E2.00761
G1 X125.016 Y146.857 E2.01144
G1 X125.06 Y146.814 E2.01524
G1 X125.044 Y146.754 E2.01907
G1 E.01907 F2400
G92 E0
G1 X139.444 Y69.182 F7800
G1 E2 F2400
;TYPE:Perimeter
;WIDTH:0.45
G1 F1200
G1 X139.382 Y69.182 E2.00298
G1 X140.873 Y67.083 E2.12681
G1 X141.664 Y65.375 E2.21734
G1 X144.504 Y65.375 E2.35393
G1 X144.504 Y69.182 E2.53703
G1 X139.504 Y69.182 E2.77751
G1 X138.663 Y69.568 F7800
G1 F1200
G1 X138.635 Y69.568 E2.77886
G1 X140.538 Y66.889 E2.93691
G1 X141.418 Y64.989 E3.03762
G1 X144.889 Y64.989 E3.20456
G1 X144.889 Y69.568 E3.42479
G1 X138.723 Y69.568 E3.72135
G1 X137.865 Y69.953 F7800
;TYPE:External perimeter
G1 F1200
G1 X137.945 Y69.873 E3.72679
G1 X140.203 Y66.695 E3.91429
G1 X141.128 Y64.698 E4.02014
;TYPE:Overhang perimeter
;WIDTH:0.4
;HEIGHT:0.4
M106 S255
G1 X141.172 Y64.603 E4.02561
G1 X145.275 Y64.603 E4.23997
G1 X145.275 Y64.698 E4.24493
M106 S191.25
;TYPE:External perimeter
;WIDTH:0.45
;HEIGHT:0.3
G1 X145.275 Y69.953 E4.49768
G1 X137.925 Y69.953 E4.85119
G1 X138.129 Y69.609 F7800
G1 X139.942 Y68.893
;TYPE:Solid infill
G1 F1200
G1 X141.125 Y67.229 E4.94939
G1 X141.849 Y65.664 E5.03233
G1 X144.215 Y65.664 E5.14613
G1 X144.215 Y68.893 E5.30143
G1 X140.135 Y68.893 E5.49766
G1 X140.689 Y68.507 E5.53014
G1 X141.46 Y67.423 E5.59412
G1 X142.096 Y66.049 E5.66694
G1 X143.829 Y66.049 E5.75029
G1 X143.829 Y68.507 E5.86851
G1 X140.882 Y68.507 E6.01025
G1 X141.436 Y68.122 E6.0427
G1 X141.875 Y67.444 E6.08155
G1 X142.342 Y66.435 E6.13503
G1 X143.443 Y66.435 E6.18798
G1 X143.443 Y68.122 E6.26912
G1 X141.629 Y68.122 E6.35637
G1 X142.179 Y67.736 E6.38869
G1 X142.589 Y66.821 E6.43691
G1 X143.058 Y66.821 E6.45947
G1 X143.058 Y67.736 E6.50348
G1 X142.372 Y67.736 E6.53647
G1 E4.53647 F2400
G92 E0
G1 X110.556 Y69.182 F7800
G1 E2 F2400
;TYPE:Perimeter
G1 F1200
G1 X105.496 Y69.182 E2.24337
G1 X105.496 Y65.375 E2.42647
G1 X108.336 Y65.375 E2.56306
G1 X109.178 Y67.156 E2.65781
G1 X110.618 Y69.182 E2.77736
G1 X110.616 Y69.182 E2.77746
G1 X111.337 Y69.568 F7800
G1 F1200
G1 X105.111 Y69.568 E3.07691
G1 X105.111 Y64.989 E3.29714
G1 X108.582 Y64.989 E3.46408
G1 X109.493 Y66.933 E3.56734
G1 X111.347 Y69.542 E3.72128
G1 X112.11 Y69.95 F7800
;TYPE:External perimeter
G1 F1200
G1 X112.113 Y69.953 E3.72148
G1 X104.725 Y69.953 E4.07682
G1 X104.725 Y64.698 E4.32957
;TYPE:Overhang perimeter
;WIDTH:0.4
;HEIGHT:0.4
M106 S255
G1 X104.725 Y64.603 E4.33453
G1 X108.828 Y64.603 E4.54889
G1 X108.872 Y64.698 E4.55436
M106 S191.25
;TYPE:External perimeter
;WIDTH:0.45
;HEIGHT:0.3
G1 X109.807 Y66.709 E4.66103
G1 X112.075 Y69.901 E4.84936
G1 X111.679 Y69.959 F7800
G1 E2.84936 F2400
G92 E0
G1 X105.817 Y68.788 F7800
G1 E2 F2400
;TYPE:Solid infill
;WIDTH:0.543559
G1 F1200
G1 X105.774 Y68.831 E2.00363
G1 X105.79 Y68.888 E2.00717
G1 X105.848 Y68.904 E2.01077
G1 X105.89 Y68.862 E2.01432
G1 X105.875 Y68.804 E2.0179
;WIDTH:0.45
G1 X105.785 Y68.188 E2.04784
G1 X106.628 Y69.016 E2.10467
;WIDTH:0.404381
G1 X106.609 Y69.088 E2.10783
G1 X106.68 Y69.068 E2.11096
G1 X106.669 Y69.027 E2.11276
;WIDTH:0.45
G1 X107.036 Y68.893 E2.13155
G1 X105.785 Y67.642 E2.21664
G1 X105.785 Y67.097 E2.24285
G1 X107.581 Y68.893 E2.36501
G1 X108.127 Y68.893 E2.39127
G1 X105.785 Y66.552 E2.55054
G1 X105.785 Y66.006 E2.5768
G1 X108.672 Y68.893 E2.77317
G1 X109.217 Y68.893 E2.79938
G1 X105.988 Y65.664 E3.01901
G1 X105.729 Y65.547 E3.03268
;WIDTH:0.404381
G1 X105.74 Y65.588 E3.03448
G1 X105.669 Y65.607 E3.0376
G1 X105.688 Y65.536 E3.04072
G1 X106.533 Y65.664 F7800
;WIDTH:0.45
G1 F1200
G1 X109.763 Y68.893 E3.26039
G1 X110.163 Y68.947 E3.2798
;WIDTH:0.404381
G1 X110.11 Y68.818 E3.28571
G1 X109.674 Y68.301 E3.31439
;WIDTH:0.45
G1 X109.443 Y68.028 E3.33159
G1 X107.079 Y65.664 E3.49239
G1 X107.624 Y65.664 E3.5186
G1 X108.605 Y66.644 E3.58529
G1 X108.799 Y66.917 E3.6014
;WIDTH:0.404381
G1 X109.2 Y67.441 E3.62938
M106 S193.8
;LAYER_CHANGE
;Z:6.05
;HEIGHT:0.3
G1 E1.62938 F2400
G92 E0
G1 Z6.05 F7800
;AFTER_LAYER_CHANGE
;6.05
G1 X125.424 Y147.472
G1 E2 F2400
;TYPE:Perimeter
;WIDTH:0.45
G1 F1500
G1 X125.348 Y147.595 E2.00695
G1 X125.288 Y148.024 E2.02778
;WIDTH:0.485112
G1 X125.273 Y148.046 E2.02918
;WIDTH:0.520225
G1 X125.258 Y148.068 E2.03069
;WIDTH:0.555338
G1 X125.243 Y148.091 E2.03237
G1 X125.344 Y148.373 E2.05071
G1 X124.656 Y148.373 E2.09284
G1 X124.757 Y148.091 E2.11118
G1 X124.742 Y148.068 E2.11286
;WIDTH:0.520225
G1 X124.727 Y148.046 E2.11437
;WIDTH:0.485112
G1 X124.712 Y148.024 E2.11577
;WIDTH:0.45
G1 X124.652 Y147.595 E2.1366
G1 X124.463 Y147.288 E2.15394
G1 X124.157 Y147.065 E2.17215
G1 X123.752 Y146.976 E2.19209
G1 X105.496 Y146.976 E3.07014
G1 X105.496 Y146.068 E3.11381
G1 X144.504 Y146.068 E4.98996
G1 X144.504 Y146.976 E5.03363
G1 X126.248 Y146.976 E5.91168
G1 X125.843 Y147.065 E5.93162
G1 X125.537 Y147.288 E5.94983
G1 X125.456 Y147.421 E5.95732
G1 X125.754 Y147.659 F7800
G1 F1500
G1 X125.708 Y147.733 E5.96151
G1 X125.672 Y147.99 E5.97399
G1 X125.752 Y148.237 E5.98648
G1 X126.097 Y148.811 E6.01869
G1 X123.903 Y148.811 E6.12421
G1 X124.248 Y148.237 E6.15642
G1 X124.324 Y148.026 E6.16721
G1 X124.292 Y147.733 E6.18139
G1 X124.178 Y147.549 E6.1918
G1 X123.995 Y147.415 E6.20271
G1 X123.752 Y147.361 E6.21468
G1 X105.111 Y147.361 E7.11125
G1 X105.111 Y145.682 E7.192
G1 X144.889 Y145.682 E9.10518
G1 X144.889 Y147.361 E9.18593
G1 X126.248 Y147.361 E10.0825
G1 X126.005 Y147.415 E10.09447
G1 X125.822 Y147.549 E10.10538
G1 X125.785 Y147.608 E10.10873
G1 X126.092 Y147.845 F7800
;TYPE:External perimeter
G1 F1500
G1 X126.068 Y147.871 E10.11043
G1 X126.083 Y148.039 E10.11854
G1 X126.778 Y149.197 E10.1835
G1 X123.222 Y149.197 E10.35453
G1 X123.948 Y147.987 E10.4224
G1 X123.894 Y147.809 E10.43135
G1 X123.752 Y147.747 E10.4388
G1 X104.725 Y147.747 E11.35393
G1 X104.725 Y145.297 E11.47177
G1 X145.275 Y145.297 E13.42208
G1 X145.275 Y147.747 E13.53992
G1 X126.184 Y147.747 E14.45813
G1 X126.133 Y147.801 E14.4617
G1 X126.183 Y148.198 F7800
G1 E12.4617 F2400
G92 E0
G1 X124.286 Y146.357 F7800
G1 E2 F2400
;TYPE:Solid infill
G1 F1200
G1 X126.252 Y146.343 E2.09456
;WIDTH:0.421748
G1 X144.229 Y146.343 E2.89584
G1 X144.229 Y146.7 E2.91175
G1 X126.252 Y146.7 E3.71303
;WIDTH:0.45
G1 X125.765 Y146.789 E3.73684
G1 X125.353 Y147.069 E3.7608
G1 X125.096 Y147.458 E3.78322
G1 X125 Y147.909 E3.8054
G1 X124.931 Y147.533 E3.82379
G1 X124.675 Y147.095 E3.84819
G1 X124.238 Y146.791 E3.87379
G1 X123.741 Y146.7 E3.89809
;WIDTH:0.421748
G1 X105.771 Y146.7 E4.69906
G1 X105.771 Y146.343 E4.71497
G1 X123.741 Y146.343 E5.51594
;WIDTH:0.439994
G1 X124.093 Y146.352 E5.53244
G1 X125.06 Y146.782 F7800
;WIDTH:0.559443
G1 F1200
G1 X125.016 Y146.738 E5.53628
G1 X124.956 Y146.754 E5.54011
G1 X124.94 Y146.814 E5.54394
G1 X124.984 Y146.857 E5.54774
G1 X125.044 Y146.841 E5.55157
G1 E3.55157 F2400
G92 E0
G1 X139.874 Y68.662 F7800
G1 E2 F2400
;TYPE:Perimeter
;WIDTH:0.45
G1 F1200
G1 X140.873 Y67.257 E2.08292
G1 X141.985 Y64.855 E2.21023
G1 X144.504 Y64.855 E2.33139
G1 X144.504 Y68.662 E2.51449
G1 X139.934 Y68.662 E2.73429
G1 X139.127 Y69.048 F7800
G1 F1200
G1 X140.538 Y67.062 E2.85146
G1 X141.739 Y64.469 E2.9889
G1 X144.889 Y64.469 E3.1404
G1 X144.889 Y69.048 E3.36063
G1 X139.187 Y69.048 E3.63488
G1 X138.38 Y69.434 F7800
;TYPE:External perimeter
G1 F1200
G1 X140.203 Y66.868 E3.78627
G1 X141.448 Y64.178 E3.92883
;TYPE:Overhang perimeter
;WIDTH:0.4
;HEIGHT:0.4
M106 S255
G1 X141.492 Y64.084 E3.93425
G1 X145.275 Y64.084 E4.13189
G1 X145.275 Y64.178 E4.1368
M106 S193.8
;TYPE:External perimeter
;WIDTH:0.45
;HEIGHT:0.3
G1 X145.275 Y69.434 E4.3896
G1 X138.44 Y69.434 E4.71834
G1 X138.626 Y69.08 F7800
G1 E2.71834 F2400
G92 E0
G1 X142.147 Y65.029 F7800
G1 E2 F2400
;TYPE:Solid infill
;WIDTH:0.404381
G1 F1200
G1 X142.076 Y65.01 E2.00312
G1 X142.095 Y65.081 E2.00624
G1 X142.136 Y65.07 E2.00804
;WIDTH:0.45
G1 X142.399 Y65.144 E2.02118
G1 X141.972 Y65.571 E2.05022
G1 X142.945 Y65.144 F7800
G1 F1200
G1 X141.502 Y66.586 E2.14834
G1 X141.35 Y66.848 E2.16291
;WIDTH:0.404381
G1 X141.278 Y66.829 E2.16607
G1 X141.298 Y66.9 E2.1692
G1 X141.339 Y66.889 E2.171
G1 X140.861 Y67.773 F7800
;WIDTH:0.45
G1 F1200
G1 X143.49 Y65.144 E2.34982
G1 X144.35 Y65.039 F7800
;WIDTH:0.404381
G1 F1200
G1 X144.278 Y65.02 E2.35298
G1 X144.298 Y65.091 E2.35611
G1 X144.339 Y65.08 E2.35791
;WIDTH:0.45
G1 X144.035 Y65.144 E2.37285
G1 X140.806 Y68.373 E2.59248
;WIDTH:0.488031
G1 X140.523 Y68.341 E2.60753
G1 X140.485 Y68.303 E2.61037
G1 X140.434 Y68.317 E2.61316
G1 X140.42 Y68.368 E2.61595
G1 X140.458 Y68.405 E2.61875
G1 X140.509 Y68.392 E2.62153
G1 X141.352 Y68.373 F7800
;WIDTH:0.45
G1 F1200
G1 X144.215 Y65.51 E2.81627
G1 X144.215 Y68.373 E2.95397
G1 X141.897 Y68.373 E3.06546
G1 X144.078 Y66.192 E3.21381
G1 X143.779 Y67.108 F7800
;WIDTH:0.550393
G1 F1200
G1 X143.779 Y67.937 E3.26406
G1 X142.949 Y67.937 E3.31437
G1 X143.642 Y67.244 E3.37378
G1 E1.37378 F2400
G92 E0
G1 X110.126 Y68.662 F7800
G1 E2 F2400
;TYPE:Perimeter
;WIDTH:0.45
G1 F1200
G1 X105.496 Y68.662 E2.22269
G1 X105.496 Y64.855 E2.40579
G1 X108.015 Y64.855 E2.52695
G1 X109.178 Y67.329 E2.65843
G1 X110.091 Y68.614 E2.73425
G1 X110.873 Y69.048 F7800
G1 F1200
G1 X105.111 Y69.048 E3.01138
G1 X105.111 Y64.469 E3.23161
G1 X108.261 Y64.469 E3.38311
G1 X109.493 Y67.106 E3.5231
G1 X110.838 Y68.999 E3.63479
G1 X111.62 Y69.434 F7800
;TYPE:External perimeter
G1 F1200
G1 X104.725 Y69.434 E3.96642
G1 X104.725 Y64.178 E4.21922
;TYPE:Overhang perimeter
;WIDTH:0.4
;HEIGHT:0.4
M106 S255
G1 X104.725 Y64.084 E4.22413
G1 X108.508 Y64.084 E4.42177
G1 X108.552 Y64.178 E4.42719
M106 S193.8
;TYPE:External perimeter
;WIDTH:0.45
;HEIGHT:0.3
G1 X109.807 Y66.882 E4.57057
G1 X111.585 Y69.385 E4.71824
G1 X111.189 Y69.438 F7800
G1 E2.71824 F2400
G92 E0
G1 X105.785 Y65.144 F7800
G1 E2 F2400
;TYPE:Solid infill
G1 F1200
G1 X107.83 Y65.144 E2.09836
G1 X108.945 Y67.5 E2.22372
G1 X109.565 Y68.373 E2.27522
G1 X105.785 Y68.373 E2.45702
G1 X105.785 Y65.337 E2.60304
G1 X106.171 Y65.53 E2.6238
G1 X107.584 Y65.53 E2.69176
G1 X108.499 Y67.502 E2.79632
G1 X108.818 Y67.988 E2.82428
G1 X106.171 Y67.988 E2.95159
G1 X106.171 Y65.723 E3.06053
G1 X106.557 Y65.915 E3.08127
G1 X107.337 Y65.915 E3.11879
G1 X108.118 Y67.602 E3.2082
G1 X106.557 Y67.602 E3.28328
G1 X106.557 Y66.108 E3.35514
G1 X106.957 Y66.316 E3.37682
;WIDTH:0.480287
G1 X107.081 Y66.316 E3.38325
G1 X107.491 Y67.201 E3.43385
G1 X106.957 Y67.201 E3.46155
G1 X106.957 Y66.509 E3.49745
;LAYER_CHANGE
;Z:6.35
;HEIGHT:0.3
G1 E1.49745 F2400
G92 E0
G1 Z6.35 F7800
;AFTER_LAYER_CHANGE
;6.35
G1 X125.424 Y147.472
G1 E2 F2400
;TYPE:Perimeter
;WIDTH:0.45
G1 F1500
G1 X125.348 Y147.595 E2.00695
G1 X125.288 Y148.024 E2.02778
;WIDTH:0.485112
G1 X125.273 Y148.046 E2.02918
;WIDTH:0.520225
G1 X125.258 Y148.068 E2.03069
;WIDTH:0.555338
G1 X125.243 Y148.091 E2.03237
G1 X125.344 Y148.373 E2.05071
G1 X124.656 Y148.373 E2.09284
G1 X124.757 Y148.091 E2.11118
G1 X124.742 Y148.068 E2.11286
;WIDTH:0.520225
G1 X124.727 Y148.046 E2.11437
;WIDTH:0.485112
G1 X124.712 Y148.024 E2.11577
;WIDTH:0.45
G1 X124.652 Y147.595 E2.1366
G1 X124.463 Y147.288 E2.15394
G1 X124.157 Y147.065 E2.17215
G1 X123.752 Y146.976 E2.19209
G1 X105.496 Y146.976 E3.07014
G1 X105.496 Y146.068 E3.11381
G1 X144.504 Y146.068 E4.98996
G1 X144.504 Y146.976 E5.03363
G1 X126.248 Y146.976 E5.91168
G1 X125.843 Y147.065 E5.93162
G1 X125.537 Y147.288 E5.94983
G1 X125.456 Y147.421 E5.95732
G1 X125.754 Y147.659 F7800
G1 F1500
G1 X125.708 Y147.733 E5.96151
G1 X125.672 Y147.99 E5.97399
G1 X125.752 Y148.237 E5.98648
G1 X126.097 Y148.811 E6.01869
G1 X123.903 Y148.811 E6.12421
G1 X124.248 Y148.237 E6.15642
G1 X124.324 Y148.026 E6.16721
G1 X124.292 Y147.733 E6.18139
G1 X124.178 Y147.549 E6.1918
G1 X123.995 Y147.415 E6.20271
G1 X123.752 Y147.361 E6.21468
G1 X105.111 Y147.361 E7.11125
G1 X105.111 Y145.682 E7.192
G1 X144.889 Y145.682 E9.10518
G1 X144.889 Y147.361 E9.18593
G1 X126.248 Y147.361 E10.0825
G1 X126.005 Y147.415 E10.09447
G1 X125.822 Y147.549 E10.10538
G1 X125.785 Y147.608 E10.10873
G1 X126.092 Y147.845 F7800
;TYPE:External perimeter
G1 F1500
G1 X126.068 Y147.871 E10.11043
G1 X126.083 Y148.039 E10.11854
G1 X126.778 Y149.197 E10.1835
G1 X123.222 Y149.197 E10.35453
G1 X123.948 Y147.987 E10.4224
G1 X123.894 Y147.809 E10.43135
G1 X123.752 Y147.747 E10.4388
G1 X104.725 Y147.747 E11.35393
G1 X104.725 Y145.297 E11.47177
G1 X145.275 Y145.297 E13.42208
G1 X145.275 Y147.747 E13.53992
G1 X126.184 Y147.747 E14.45813
G1 X126.133 Y147.801 E14.4617
G1 X126.183 Y148.198 F7800
G1 E12.4617 F2400
G92 E0
G1 X105.771 Y146.536 F7800
G1 E2 F2400
;TYPE:Solid infill
;WIDTH:0.421749
G1 F1200
G1 X105.771 Y146.7 E2.00731
G1 X123.741 Y146.7 E2.80829
;WIDTH:0.45
G1 X124.238 Y146.791 E2.83259
G1 X124.675 Y147.095 E2.85819
G1 X124.931 Y147.533 E2.88259
G1 X125 Y147.909 E2.90098
G1 X125.096 Y147.458 E2.92316
G1 X125.353 Y147.069 E2.94558
G1 X125.765 Y146.789 E2.96954
G1 X126.252 Y146.7 E2.99335
;WIDTH:0.421748
G1 X144.229 Y146.7 E3.79463
G1 X144.229 Y146.343 E3.81054
G1 X126.252 Y146.343 E4.61182
;WIDTH:0.45
G1 X125.718 Y146.357 E4.63751
G1 X123.741 Y146.343 E4.7326
;WIDTH:0.421749
G1 X105.771 Y146.343 E5.53358
G1 E3.53358 F2400
G92 E0
G1 X124.984 Y146.738 F7800
G1 E2 F2400
;WIDTH:0.559443
G1 F1200
G1 X124.94 Y146.782 E2.00384
G1 X124.956 Y146.841 E2.00761
G1 X125.016 Y146.857 E2.01144
G1 X125.06 Y146.814 E2.01524
G1 X125.044 Y146.754 E2.01907
G1 E.01907 F2400
G92 E0
G1 X140.367 Y68.143 F7800
G1 E2 F2400
;TYPE:Perimeter
;WIDTH:0.45
G1 F1200
G1 X140.911 Y67.349 E2.04629
G1 X142.306 Y64.335 E2.20603
G1 X144.504 Y64.335 E2.31175
G1 X144.504 Y68.143 E2.4949
G1 X140.427 Y68.143 E2.69099
G1 X139.619 Y68.528 F7800
G1 F1200
G1 X140.538 Y67.235 E2.76729
G1 X142.059 Y63.95 E2.9414
G1 X144.889 Y63.95 E3.07751
G1 X144.889 Y68.528 E3.2977
G1 X139.679 Y68.528 E3.54828
G1 X138.872 Y68.914 F7800
;TYPE:External perimeter
G1 F1200
G1 X140.203 Y67.041 E3.65879
G1 X141.769 Y63.659 E3.83804
;TYPE:Overhang perimeter
;WIDTH:0.4
;HEIGHT:0.4
M106 S255
G1 X141.813 Y63.564 E3.84351
G1 X145.275 Y63.564 E4.02438
G1 X145.275 Y63.659 E4.02934
M106 S193.8
;TYPE:External perimeter
;WIDTH:0.45
;HEIGHT:0.3
G1 X145.275 Y68.914 E4.28209
G1 X138.932 Y68.914 E4.58717
G1 X139.119 Y68.56 F7800
G1 X140.927 Y67.854
;TYPE:Solid infill
G1 F1200
G1 X141.175 Y67.466 E4.60932
G1 X142.491 Y64.625 E4.75991
G1 X144.215 Y64.625 E4.84283
G1 X144.215 Y67.854 E4.99813
G1 X141.12 Y67.854 E5.14699
G1 X141.599 Y67.468 E5.17658
G1 X142.737 Y65.01 E5.30686
G1 X143.829 Y65.01 E5.35938
G1 X143.829 Y67.468 E5.4776
G1 X141.792 Y67.468 E5.57557
G1 X142.203 Y67.082 E5.60269
G1 X142.984 Y65.396 E5.69206
G1 X143.443 Y65.396 E5.71414
G1 X143.443 Y67.082 E5.79523
G1 X142.396 Y67.082 E5.84559
G1 X142.941 Y66.528 F7800
;WIDTH:0.646109
G1 F1200
G1 X142.889 Y66.58 E5.85093
G1 X142.908 Y66.65 E5.85619
G1 X142.978 Y66.669 E5.86145
G1 X143.03 Y66.618 E5.86673
G1 X143.011 Y66.547 E5.87206
G1 E3.87206 F2400
G92 E0
G1 X109.633 Y68.143 F7800
G1 E2 F2400
;TYPE:Perimeter
;WIDTH:0.45
G1 F1200
G1 X105.496 Y68.143 E2.19898
G1 X105.496 Y64.335 E2.38213
G1 X107.685 Y64.335 E2.48741
G1 X109.127 Y67.431 E2.65168
G1 X109.599 Y68.094 E2.69082
G1 X110.381 Y68.528 F7800
G1 F1200
G1 X105.111 Y68.528 E2.94429
G1 X105.111 Y63.95 E3.16448
G1 X107.931 Y63.95 E3.30011
G1 X109.462 Y67.236 E3.47447
G1 X110.346 Y68.48 E3.54787
G1 X111.128 Y68.914 F7800
;TYPE:External perimeter
G1 F1200
G1 X104.725 Y68.914 E3.85583
G1 X104.725 Y63.659 E4.10858
;TYPE:Overhang perimeter
;WIDTH:0.4
;HEIGHT:0.4
M106 S255
G1 X104.725 Y63.564 E4.11354
G1 X108.177 Y63.564 E4.29389
G1 X108.221 Y63.659 E4.29936
M106 S193.8
;TYPE:External perimeter
;WIDTH:0.45
;HEIGHT:0.3
G1 X109.797 Y67.041 E4.47882
G1 X111.093 Y68.865 E4.58644
G1 X110.696 Y68.918 F7800
G1 E2.58644 F2400
G92 E0
G1 X105.817 Y67.749 F7800
G1 E2 F2400
;TYPE:Solid infill
;WIDTH:0.543559
G1 F1200
G1 X105.774 Y67.791 E2.00359
G1 X105.79 Y67.849 E2.00719
G1 X105.848 Y67.865 E2.01079
G1 X105.89 Y67.822 E2.01438
G1 X105.875 Y67.765 E2.0179
;WIDTH:0.45
G1 X105.785 Y67.149 E2.04784
G1 X106.491 Y67.854 E2.09583
G1 X107.036 Y67.854 E2.12204
G1 X105.785 Y66.603 E2.20713
G1 X105.785 Y66.058 E2.23334
G1 X107.581 Y67.854 E2.3555
G1 X108.127 Y67.854 E2.38176
G1 X105.785 Y65.513 E2.54103
G1 X105.785 Y64.967 E2.56729
G1 X108.672 Y67.854 E2.76366
G1 X109.058 Y67.802 E2.78239
;WIDTH:0.457421
G1 X109.036 Y67.885 E2.7866
G1 X109.118 Y67.863 E2.79076
G1 X109.105 Y67.815 E2.7932
;WIDTH:0.45
G1 X108.82 Y67.457 E2.81521
G1 X105.988 Y64.625 E3.00784
G1 X105.734 Y64.513 E3.02119
;WIDTH:0.404381
G1 X105.745 Y64.554 E3.02299
G1 X105.674 Y64.573 E3.02611
G1 X105.693 Y64.502 E3.02923
G1 X106.683 Y64.687 F7800
;WIDTH:0.574185
G1 F1200
G1 X107.461 Y64.687 E3.0787
G1 X108.14 Y66.143 E3.18085
G1 X106.82 Y64.823 E3.29955
M106 S196.35
;LAYER_CHANGE
;Z:6.65
;HEIGHT:0.3
G1 E1.29955 F2400
G92 E0
G1 Z6.65 F7800
;AFTER_LAYER_CHANGE
;6.65
G1 X125.424 Y147.472
G1 E2 F2400
;TYPE:Perimeter
;WIDTH:0.45
G1 F1500
G1 X125.348 Y147.595 E2.00695
G1 X125.288 Y148.024 E2.02778
;WIDTH:0.485112
G1 X125.273 Y148.046 E2.02918
;WIDTH:0.520225
G1 X125.258 Y148.068 E2.03069
;WIDTH:0.555338
G1 X125.243 Y148.091 E2.03237
G1 X125.344 Y148.373 E2.05071
G1 X124.656 Y148.373 E2.09284
G1 X124.757 Y148.091 E2.11118
G1 X124.742 Y148.068 E2.11286
;WIDTH:0.520225
G1 X124.727 Y148.046 E2.11437
;WIDTH:0.485112
G1 X124.712 Y148.024 E2.11577
;WIDTH:0.45
G1 X124.652 Y147.595 E2.1366
G1 X124.463 Y147.288 E2.15394
G1 X124.157 Y147.065 E2.17215
G1 X123.752 Y146.976 E2.19209
G1 X105.496 Y146.976 E3.07014
G1 X105.496 Y146.068 E3.11381
G1 X144.504 Y146.068 E4.98996
G1 X144.504 Y146.976 E5.03363
G1 X126.248 Y146.976 E5.91168
G1 X125.843 Y147.065 E5.93162
G1 X125.537 Y147.288 E5.94983
G1 X125.456 Y147.421 E5.95732
G1 X125.754 Y147.659 F7800
G1 F1500
G1 X125.708 Y147.733 E5.96151
G1 X125.672 Y147.99 E5.97399
G1 X125.752 Y148.237 E5.98648
G1 X126.097 Y148.811 E6.01869
G1 X123.903 Y148.811 E6.12421
G1 X124.248 Y148.237 E6.15642
G1 X124.324 Y148.026 E6.16721
G1 X124.292 Y147.733 E6.18139
G1 X124.178 Y147.549 E6.1918
G1 X123.995 Y147.415 E6.20271
G1 X123.752 Y147.361 E6.21468
G1 X105.111 Y147.361 E7.11125
G1 X105.111 Y145.682 E7.192
G1 X144.889 Y145.682 E9.10518
G1 X144.889 Y147.361 E9.18593
G1 X126.248 Y147.361 E10.0825
G1 X126.005 Y147.415 E10.09447
G1 X125.822 Y147.549 E10.10538
G1 X125.785 Y147.608 E10.10873
G1 X126.092 Y147.845 F7800
;TYPE:External perimeter
G1 F1500
G1 X126.068 Y147.871 E10.11043
G1 X126.083 Y148.039 E10.11854
G1 X126.778 Y149.197 E10.1835
G1 X123.222 Y149.197 E10.35453
G1 X123.948 Y147.987 E10.4224
G1 X123.894 Y147.809 E10.43135
G1 X123.752 Y147.747 E10.4388
G1 X104.725 Y147.747 E11.35393
G1 X104.725 Y145.297 E11.47177
G1 X145.275 Y145.297 E13.42208
G1 X145.275 Y147.747 E13.53992
G1 X126.184 Y147.747 E14.45813
G1 X126.133 Y147.801 E14.4617
G1 X126.183 Y148.198 F7800
G1 E12.4617 F2400
G92 E0
G1 X124.286 Y146.357 F7800
G1 E2 F2400
;TYPE:Solid infill
G1 F1200
G1 X126.252 Y146.343 E2.09456
;WIDTH:0.421748
G1 X144.229 Y146.343 E2.89584
G1 X144.229 Y146.7 E2.91175
G1 X126.252 Y146.7 E3.71303
;WIDTH:0.45
G1 X125.765 Y146.789 E3.73684
G1 X125.353 Y147.069 E3.7608
G1 X125.096 Y147.458 E3.78322
G1 X125 Y147.909 E3.8054
G1 X124.931 Y147.533 E3.82379
G1 X124.675 Y147.095 E3.84819
G1 X124.238 Y146.791 E3.87379
G1 X123.741 Y146.7 E3.89809
;WIDTH:0.421748
G1 X105.771 Y146.7 E4.69906
G1 X105.771 Y146.343 E4.71497
G1 X123.741 Y146.343 E5.51594
;WIDTH:0.439994
G1 X124.093 Y146.352 E5.53244
G1 X125.06 Y146.782 F7800
;WIDTH:0.559443
G1 F1200
G1 X125.016 Y146.738 E5.53628
G1 X124.956 Y146.754 E5.54011
G1 X124.94 Y146.814 E5.54394
G1 X124.984 Y146.857 E5.54774
G1 X125.044 Y146.841 E5.55157
G1 E3.55157 F2400
G92 E0
G1 X140.852 Y67.623 F7800
G1 E2 F2400
;TYPE:Perimeter
;WIDTH:0.45
G1 F1200
G1 X142.616 Y63.816 E2.2018
G1 X144.504 Y63.816 E2.29261
G1 X144.504 Y67.623 E2.47571
G1 X140.912 Y67.623 E2.64847
G1 X140.112 Y68.009 F7800
G1 F1200
G1 X140.561 Y67.36 E2.68643
G1 X142.231 Y63.752 E2.87765
G1 X142.325 Y63.43 E2.89378
G1 X144.889 Y63.43 E3.0171
G1 X144.889 Y68.009 E3.23733
G1 X140.172 Y68.009 E3.4642
G1 X139.365 Y68.394 F7800
;TYPE:External perimeter
G1 F1200
G1 X140.203 Y67.214 E3.53381
G1 X141.893 Y63.558 E3.72753
G1 X142.003 Y63.139 E3.74837
;TYPE:Overhang perimeter
;WIDTH:0.4
;HEIGHT:0.4
M106 S255
G1 X142.028 Y63.044 E3.7535
G1 X145.275 Y63.044 E3.92314
G1 X145.275 Y63.139 E3.9281
M106 S196.35
;TYPE:External perimeter
;WIDTH:0.45
;HEIGHT:0.3
G1 X145.275 Y68.394 E4.18085
G1 X139.425 Y68.394 E4.46221
G1 X139.611 Y68.041 F7800
G1 E2.46221 F2400
G92 E0
G1 X144.022 Y64.105 F7800
G1 E2 F2400
;TYPE:Solid infill
G1 F1200
G1 X142.811 Y64.105 E2.05824
G1 X141.317 Y67.334 E2.22936
G1 X144.215 Y67.334 E2.36874
G1 X144.215 Y64.105 E2.52404
G1 X143.829 Y64.491 E2.5503
G1 X143.829 Y66.948 E2.66847
G1 X141.92 Y66.948 E2.76029
G1 X143.058 Y64.491 E2.89052
G1 X143.636 Y64.491 E2.91832
G1 X143.443 Y64.876 E2.93903
G1 X143.443 Y66.563 E3.02017
G1 X142.523 Y66.563 E3.06442
G1 X143.282 Y64.925 E3.15125
G1 E1.15125 F2400
G92 E0
G1 X109.136 Y67.623 F7800
G1 E2 F2400
;TYPE:Perimeter
G1 F1200
G1 X105.496 Y67.623 E2.17507
G1 X105.496 Y63.816 E2.35817
G1 X107.384 Y63.816 E2.44898
G1 X109.111 Y67.569 E2.64768
G1 X109.888 Y68.009 F7800
G1 F1200
G1 X105.111 Y68.009 E2.87744
G1 X105.111 Y63.43 E3.09767
G1 X107.675 Y63.43 E3.22099
G1 X107.769 Y63.752 E3.23712
G1 X109.462 Y67.409 E3.43094
G1 X109.853 Y67.96 E3.46344
G1 X110.635 Y68.394 F7800
;TYPE:External perimeter
G1 F1200
G1 X104.725 Y68.394 E3.74769
G1 X104.725 Y63.139 E4.00044
;TYPE:Overhang perimeter
;WIDTH:0.4
;HEIGHT:0.4
M106 S255
G1 X104.725 Y63.044 E4.0054
G1 X107.972 Y63.044 E4.17504
G1 X107.998 Y63.139 E4.18019
M106 S196.35
;TYPE:External perimeter
;WIDTH:0.45
;HEIGHT:0.3
G1 X108.119 Y63.59 E4.20265
G1 X109.797 Y67.214 E4.39473
G1 X110.601 Y68.346 E4.46151
G1 X110.204 Y68.399 F7800
G1 E2.46151 F2400
G92 E0
G1 X105.785 Y64.105 F7800
G1 E2 F2400
;TYPE:Solid infill
G1 F1200
G1 X107.189 Y64.105 E2.06753
G1 X108.683 Y67.334 E2.23865
G1 X105.785 Y67.334 E2.37803
G1 X105.785 Y64.298 E2.52405
G1 X106.171 Y64.491 E2.54481
G1 X106.942 Y64.491 E2.58189
G1 X108.08 Y66.948 E2.71212
G1 X106.171 Y66.948 E2.80394
G1 X106.171 Y64.683 E2.91288
G1 X106.557 Y64.876 E2.93364
G1 X106.696 Y64.876 E2.94033
G1 X107.477 Y66.563 E3.02974
G1 X106.557 Y66.563 E3.07399
G1 X106.557 Y65.069 E3.14585
;LAYER_CHANGE
;Z:6.95
;HEIGHT:0.3
G1 E1.14585 F2400
G92 E0
G1 Z6.95 F7800
;AFTER_LAYER_CHANGE
;6.95
G1 X125.424 Y147.472
G1 E2 F2400
;TYPE:Perimeter
G1 F1500
G1 X125.348 Y147.595 E2.00695
G1 X125.288 Y148.024 E2.02778
;WIDTH:0.485112
G1 X125.273 Y148.046 E2.02918
;WIDTH:0.520225
G1 X125.258 Y148.068 E2.03069
;WIDTH:0.555338
G1 X125.243 Y148.091 E2.03237
G1 X125.344 Y148.373 E2.05071
G1 X124.656 Y148.373 E2.09284
G1 X124.757 Y148.091 E2.11118
G1 X124.742 Y148.068 E2.11286
;WIDTH:0.520225
G1 X124.727 Y148.046 E2.11437
;WIDTH:0.485112
G1 X124.712 Y148.024 E2.11577
;WIDTH:0.45
G1 X124.652 Y147.595 E2.1366
G1 X124.463 Y147.288 E2.15394
G1 X124.157 Y147.065 E2.17215
G1 X123.752 Y146.976 E2.19209
G1 X105.496 Y146.976 E3.07014
G1 X105.496 Y146.068 E3.11381
G1 X144.504 Y146.068 E4.98996
G1 X144.504 Y146.976 E5.03363
G1 X126.248 Y146.976 E5.91168
G1 X125.843 Y147.065 E5.93162
G1 X125.537 Y147.288 E5.94983
G1 X125.456 Y147.421 E5.95732
G1 X125.754 Y147.659 F7800
G1 F1500
G1 X125.708 Y147.733 E5.96151
G1 X125.672 Y147.99 E5.97399
G1 X125.752 Y148.237 E5.98648
G1 X126.097 Y148.811 E6.01869
G1 X123.903 Y148.811 E6.12421
G1 X124.248 Y148.237 E6.15642
G1 X124.324 Y148.026 E6.16721
G1 X124.292 Y147.733 E6.18139
G1 X124.178 Y147.549 E6.1918
G1 X123.995 Y147.415 E6.20271
G1 X123.752 Y147.361 E6.21468
G1 X105.111 Y147.361 E7.11125
G1 X105.111 Y145.682 E7.192
G1 X144.889 Y145.682 E9.10518
G1 X144.889 Y147.361 E9.18593
G1 X126.248 Y147.361 E10.0825
G1 X126.005 Y147.415 E10.09447
G1 X125.822 Y147.549 E10.10538
G1 X125.785 Y147.608 E10.10873
G1 X126.092 Y147.845 F7800
;TYPE:External perimeter
G1 F1500
G1 X126.068 Y147.871 E10.11043
G1 X126.083 Y148.039 E10.11854
G1 X126.778 Y149.197 E10.1835
G1 X123.222 Y149.197 E10.35453
G1 X123.948 Y147.987 E10.4224
G1 X123.894 Y147.809 E10.43135
G1 X123.752 Y147.747 E10.4388
G1 X104.725 Y147.747 E11.35393
G1 X104.725 Y145.297 E11.47177
G1 X145.275 Y145.297 E13.42208
G1 X145.275 Y147.747 E13.53992
G1 X126.184 Y147.747 E14.45813
G1 X126.133 Y147.801 E14.4617
G1 X126.183 Y148.198 F7800
G1 E12.4617 F2400
G92 E0
G1 X105.771 Y146.536 F7800
G1 E2 F2400
;TYPE:Solid infill
;WIDTH:0.421749
G1 F1200
G1 X105.771 Y146.7 E2.00731
G1 X123.741 Y146.7 E2.80829
;WIDTH:0.45
G1 X124.238 Y146.791 E2.83259
G1 X124.675 Y147.095 E2.85819
G1 X124.931 Y147.533 E2.88259
G1 X125 Y147.909 E2.90098
G1 X125.096 Y147.458 E2.92316
G1 X125.353 Y147.069 E2.94558
G1 X125.765 Y146.789 E2.96954
G1 X126.252 Y146.7 E2.99335
;WIDTH:0.421748
G1 X144.229 Y146.7 E3.79463
G1 X144.229 Y146.343 E3.81054
G1 X126.252 Y146.343 E4.61182
;WIDTH:0.45
G1 X125.718 Y146.357 E4.63751
G1 X123.741 Y146.343 E4.7326
;WIDTH:0.421749
G1 X105.771 Y146.343 E5.53358
G1 E3.53358 F2400
G92 E0
G1 X124.984 Y146.738 F7800
G1 E2 F2400
;WIDTH:0.559443
G1 F1200
G1 X124.94 Y146.782 E2.00384
G1 X124.956 Y146.841 E2.00761
G1 X125.016 Y146.857 E2.01144
G1 X125.06 Y146.814 E2.01524
G1 X125.044 Y146.754 E2.01907
G1 E.01907 F2400
G92 E0
G1 X141.221 Y67.104 F7800
G1 E2 F2400
;TYPE:Perimeter
;WIDTH:0.45
G1 F1200
G1 X141.185 Y67.104 E2.00173
G1 X142.617 Y64.009 E2.16575
G1 X142.805 Y63.296 E2.20121
G1 X144.504 Y63.296 E2.28293
G1 X144.504 Y67.104 E2.46608
G1 X141.281 Y67.104 E2.6211
G1 X140.586 Y67.489 F7800
G1 F1200
G1 X140.581 Y67.489 E2.62134
G1 X142.253 Y63.878 E2.81273
G1 X142.507 Y62.91 E2.86086
G1 X144.889 Y62.91 E2.97543
G1 X144.889 Y67.489 E3.19566
G1 X140.646 Y67.489 E3.39973
G1 X139.857 Y67.875 F7800
;TYPE:External perimeter
G1 F1200
G1 X140.211 Y67.371 E3.42935
G1 X141.889 Y63.747 E3.62143
G1 X142.185 Y62.619 E3.67752
;TYPE:Overhang perimeter
;WIDTH:0.4
;HEIGHT:0.4
M106 S255
G1 X142.21 Y62.525 E3.6826
G1 X145.275 Y62.525 E3.84273
G1 X145.275 Y62.619 E3.84764
M106 S196.35
;TYPE:External perimeter
;WIDTH:0.45
;HEIGHT:0.3
G1 X145.275 Y67.875 E4.10044
G1 X139.917 Y67.875 E4.35814
G1 X140.102 Y67.52 F7800
G1 X141.637 Y66.814
;TYPE:Solid infill
G1 F1200
G1 X142.849 Y64.198 E4.49681
G1 X143.024 Y63.585 E4.52747
G1 X144.215 Y63.585 E4.58475
G1 X144.215 Y66.814 E4.74005
G1 X141.83 Y66.814 E4.85476
G1 X142.241 Y66.429 E4.88185
G1 X143.192 Y64.373 E4.9908
G1 X143.315 Y63.971 E5.01102
G1 X143.829 Y63.971 E5.03574
G1 X143.829 Y66.429 E5.15396
G1 X142.434 Y66.429 E5.22105
G1 X142.876 Y66.023 E5.24992
;WIDTH:0.490786
G1 X143.423 Y64.841 E5.31919
G1 X143.423 Y66.023 E5.38205
G1 X143.069 Y66.023 E5.40088
G1 E3.40088 F2400
G92 E0
G1 X108.779 Y67.104 F7800
G1 E2 F2400
;TYPE:Perimeter
;WIDTH:0.45
G1 F1200
G1 X105.496 Y67.104 E2.1579
G1 X105.496 Y63.296 E2.34105
G1 X107.196 Y63.296 E2.42281
G1 X107.419 Y64.087 E2.46234
G1 X108.805 Y67.082 E2.62107
G1 X109.414 Y67.489 F7800
G1 F1200
G1 X105.111 Y67.489 E2.82803
G1 X105.111 Y62.91 E3.04826
G1 X107.493 Y62.91 E3.16283
G1 X107.769 Y63.925 E3.21342
G1 X109.396 Y67.439 E3.39967
G1 X110.143 Y67.875 F7800
;TYPE:External perimeter
G1 F1200
G1 X104.725 Y67.875 E3.66026
G1 X104.725 Y62.619 E3.91306
;TYPE:Overhang perimeter
;WIDTH:0.4
;HEIGHT:0.4
M106 S255
G1 X104.725 Y62.525 E3.91797
G1 X107.79 Y62.525 E4.0781
G1 X107.815 Y62.619 E4.08318
M106 S196.35
;TYPE:External perimeter
;WIDTH:0.45
;HEIGHT:0.3
G1 X108.111 Y63.747 E4.13927
G1 X109.797 Y67.388 E4.33225
G1 X110.108 Y67.826 E4.35809
G1 X109.712 Y67.879 F7800
G1 E2.35809 F2400
G92 E0
G1 X105.785 Y63.778 F7800
G1 E2 F2400
;TYPE:Solid infill
G1 F1200
G1 X105.785 Y66.814 E2.14602
G1 X108.363 Y66.814 E2.27001
G1 X107.158 Y64.211 E2.40797
G1 X106.973 Y63.585 E2.43937
G1 X105.785 Y63.585 E2.49651
G1 X106.171 Y63.971 E2.52277
G1 X106.676 Y63.971 E2.54706
G1 X106.808 Y64.373 E2.56741
G1 X107.759 Y66.429 E2.67636
G1 X106.171 Y66.429 E2.75274
G1 X106.171 Y64.164 E2.86168
G1 X106.577 Y64.841 F7800
;WIDTH:0.490785
G1 F1200
G1 X107.124 Y66.023 E2.93095
G1 X106.577 Y66.023 E2.96004
G1 X106.577 Y65.034 E3.01264
M106 S198.9
;LAYER_CHANGE
;Z:7.25
;HEIGHT:0.3
G1 E1.01264 F2400
G92 E0
G1 Z7.25 F7800
;AFTER_LAYER_CHANGE
;7.25
G1 X125.424 Y147.472
G1 E2 F2400
;TYPE:Perimeter
;WIDTH:0.45
G1 F1500
G1 X125.348 Y147.595 E2.00695
G1 X125.288 Y148.024 E2.02778
;WIDTH:0.485112
G1 X125.273 Y148.046 E2.02918
;WIDTH:0.520225
G1 X125.258 Y148.068 E2.03069
;WIDTH:0.555338
G1 X125.243 Y148.091 E2.03237
G1 X125.344 Y148.373 E2.05071
G1 X124.656 Y148.373 E2.09284
G1 X124.757 Y148.091 E2.11118
G1 X124.742 Y148.068 E2.11286
;WIDTH:0.520225
G1 X124.727 Y148.046 E2.11437
;WIDTH:0.485112
G1 X124.712 Y148.024 E2.11577
;WIDTH:0.45
G1 X124.652 Y147.595 E2.1366
G1 X124.463 Y147.288 E2.15394
G1 X124.157 Y147.065 E2.17215
G1 X123.752 Y146.976 E2.19209
G1 X105.496 Y146.976 E3.07014
G1 X105.496 Y146.068 E3.11381
G1 X144.504 Y146.068 E4.98996
G1 X144.504 Y146.976 E5.03363
G1 X126.248 Y146.976 E5.91168
G1 X125.843 Y147.065 E5.93162
G1 X125.537 Y147.288 E5.94983
G1 X125.456 Y147.421 E5.95732
G1 X125.754 Y147.659 F7800
G1 F1500
G1 X125.708 Y147.733 E5.96151
G1 X125.672 Y147.99 E5.97399
G1 X125.752 Y148.237 E5.98648
G1 X126.097 Y148.811 E6.01869
G1 X123.903 Y148.811 E6.12421
G1 X124.248 Y148.237 E6.15642
G1 X124.324 Y148.026 E6.16721
G1 X124.292 Y147.733 E6.18139
G1 X124.178 Y147.549 E6.1918
G1 X123.995 Y147.415 E6.20271
G1 X123.752 Y147.361 E6.21468
G1 X105.111 Y147.361 E7.11125
G1 X105.111 Y145.682 E7.192
G1 X144.889 Y145.682 E9.10518
G1 X144.889 Y147.361 E9.18593
G1 X126.248 Y147.361 E10.0825
G1 X126.005 Y147.415 E10.09447
G1 X125.822 Y147.549 E10.10538
G1 X125.785 Y147.608 E10.10873
G1 X126.092 Y147.845 F7800
;TYPE:External perimeter
G1 F1500
G1 X126.068 Y147.871 E10.11043
G1 X126.083 Y148.039 E10.11854
G1 X126.778 Y149.197 E10.1835
G1 X123.222 Y149.197 E10.35453
G1 X123.948 Y147.987 E10.4224
G1 X123.894 Y147.809 E10.43135
G1 X123.752 Y147.747 E10.4388
G1 X104.725 Y147.747 E11.35393
G1 X104.725 Y145.297 E11.47177
G1 X145.275 Y145.297 E13.42208
G1 X145.275 Y147.747 E13.53992
G1 X126.184 Y147.747 E14.45813
G1 X126.133 Y147.801 E14.4617
G1 X126.183 Y148.198 F7800
G1 E12.4617 F2400
G92 E0
G1 X124.286 Y146.357 F7800
G1 E2 F2400
;TYPE:Solid infill
G1 F1200
G1 X126.252 Y146.343 E2.09456
;WIDTH:0.421748
G1 X144.229 Y146.343 E2.89584
G1 X144.229 Y146.7 E2.91175
G1 X126.252 Y146.7 E3.71303
;WIDTH:0.45
G1 X125.765 Y146.789 E3.73684
G1 X125.353 Y147.069 E3.7608
G1 X125.096 Y147.458 E3.78322
G1 X125 Y147.909 E3.8054
G1 X124.931 Y147.533 E3.82379
G1 X124.675 Y147.095 E3.84819
G1 X124.238 Y146.791 E3.87379
G1 X123.741 Y146.7 E3.89809
;WIDTH:0.421748
G1 X105.771 Y146.7 E4.69906
G1 X105.771 Y146.343 E4.71497
G1 X123.741 Y146.343 E5.51594
;WIDTH:0.439994
G1 X124.093 Y146.352 E5.53244
G1 X125.06 Y146.782 F7800
;WIDTH:0.559443
G1 F1200
G1 X125.016 Y146.738 E5.53628
G1 X124.956 Y146.754 E5.54011
G1 X124.94 Y146.814 E5.54394
G1 X124.984 Y146.857 E5.54774
G1 X125.044 Y146.841 E5.55157
G1 E3.55157 F2400
G92 E0
G1 X141.582 Y66.584 F7800
G1 E2 F2400
;TYPE:Perimeter
;WIDTH:0.45
G1 F1200
G1 X141.505 Y66.584 E2.0037
G1 X142.639 Y64.1 E2.13503
G1 X142.987 Y62.776 E2.20087
G1 X144.504 Y62.776 E2.27383
G1 X144.504 Y66.584 E2.45698
G1 X141.642 Y66.584 E2.59463
G1 X140.946 Y66.97 F7800
G1 F1200
G1 X140.902 Y66.97 E2.59675
G1 X142.266 Y64.002 E2.75385
G1 X142.689 Y62.391 E2.83396
G1 X144.889 Y62.391 E2.93977
G1 X144.889 Y66.97 E3.16
G1 X141.006 Y66.97 E3.34676
G1 X140.31 Y67.355 F7800
;TYPE:External perimeter
G1 F1200
G1 X140.299 Y67.355 E3.34729
G1 X141.893 Y63.904 E3.53012
G1 X142.367 Y62.1 E3.61983
;TYPE:Overhang perimeter
;WIDTH:0.4
;HEIGHT:0.4
M106 S255
G1 X142.392 Y62.005 E3.62496
G1 X145.275 Y62.005 E3.77558
G1 X145.275 Y62.1 E3.78054
M106 S198.9
;TYPE:External perimeter
;WIDTH:0.45
;HEIGHT:0.3
G1 X145.275 Y67.355 E4.03329
G1 X140.37 Y67.355 E4.2692
G1 X140.471 Y66.968 F7800
G1 E2.2692 F2400
G92 E0
G1 X144.022 Y63.066 F7800
G1 E2 F2400
;TYPE:Solid infill
G1 F1200
G1 X143.21 Y63.066 E2.03905
G1 X142.92 Y64.169 E2.0939
G1 X141.958 Y66.295 E2.20613
G1 X144.215 Y66.295 E2.31468
G1 X144.215 Y63.066 E2.46998
G1 X143.829 Y63.451 E2.4962
G1 X143.829 Y65.909 E2.61442
G1 X142.561 Y65.909 E2.67541
G1 X143.293 Y64.267 E2.76188
G1 X143.507 Y63.451 E2.80245
G1 X143.636 Y63.451 E2.80865
G1 X143.485 Y64.731 F7800
;WIDTH:0.365746
G1 F1200
G1 X143.485 Y65.566 E2.84004
G1 X143.099 Y65.566 E2.85455
G1 X143.404 Y64.906 E2.88188
G1 E.88188 F2400
G92 E0
G1 X108.418 Y66.584 F7800
G1 E2 F2400
;TYPE:Perimeter
;WIDTH:0.45
G1 F1200
G1 X105.496 Y66.584 E2.14054
G1 X105.496 Y62.776 E2.32369
G1 X107.013 Y62.776 E2.39665
G1 X107.419 Y64.26 E2.47065
G1 X108.495 Y66.584 E2.59383
G1 X108.478 Y66.584 E2.59465
G1 X109.054 Y66.97 F7800
G1 F1200
G1 X105.111 Y66.97 E2.78429
G1 X105.111 Y62.391 E3.00452
G1 X107.311 Y62.391 E3.11033
G1 X107.769 Y64.098 E3.19533
G1 X109.091 Y66.955 E3.34674
G1 X109.69 Y67.355 F7800
;TYPE:External perimeter
G1 F1200
G1 X104.725 Y67.355 E3.58554
G1 X104.725 Y62.1 E3.83829
;TYPE:Overhang perimeter
;WIDTH:0.4
;HEIGHT:0.4
M106 S255
G1 X104.725 Y62.005 E3.84325
G1 X107.608 Y62.005 E3.99387
G1 X107.633 Y62.1 E3.999
M106 S198.9
;TYPE:External perimeter
;WIDTH:0.45
;HEIGHT:0.3
G1 X108.119 Y63.936 E4.09035
G1 X109.681 Y67.311 E4.26922
G1 X109.283 Y67.356 F7800
G1 E2.26922 F2400
G92 E0
G1 X105.785 Y63.066 F7800
G1 E2 F2400
;TYPE:Solid infill
G1 F1200
G1 X106.79 Y63.066 E2.04834
G1 X107.158 Y64.385 E2.1142
G1 X108.042 Y66.295 E2.21543
G1 X105.785 Y66.295 E2.32398
G1 X105.785 Y63.258 E2.47005
G1 X106.171 Y63.451 E2.49081
G1 X106.493 Y63.451 E2.5063
G1 X106.808 Y64.547 E2.56115
G1 X107.439 Y65.909 E2.63335
G1 X106.171 Y65.909 E2.69434
G1 X106.171 Y63.644 E2.80328
G1 X106.515 Y64.731 F7800
;WIDTH:0.365746
G1 F1200
G1 X106.901 Y65.566 E2.83786
G1 X106.515 Y65.566 E2.85237
G1 X106.515 Y64.924 E2.8765
;LAYER_CHANGE
;Z:7.55
;HEIGHT:0.3
G1 E.8765 F2400
G92 E0
G1 Z7.55 F7800
;AFTER_LAYER_CHANGE
;7.55
G1 X125.424 Y147.472
G1 E2 F2400
;TYPE:Perimeter
;WIDTH:0.45
G1 F1500
G1 X125.348 Y147.595 E2.00695
G1 X125.288 Y148.024 E2.02778
;WIDTH:0.485112
G1 X125.273 Y148.046 E2.02918
;WIDTH:0.520225
G1 X125.258 Y148.068 E2.03069
;WIDTH:0.555338
G1 X125.243 Y148.091 E2.03237
G1 X125.344 Y148.373 E2.05071
G1 X124.656 Y148.373 E2.09284
G1 X124.757 Y148.091 E2.11118
G1 X124.742 Y148.068 E2.11286
;WIDTH:0.520225
G1 X124.727 Y148.046 E2.11437
;WIDTH:0.485112
G1 X124.712 Y148.024 E2.11577
;WIDTH:0.45
G1 X124.652 Y147.595 E2.1366
G1 X124.463 Y147.288 E2.15394
G1 X124.157 Y147.065 E2.17215
G1 X123.752 Y146.976 E2.19209
G1 X105.496 Y146.976 E3.07014
G1 X105.496 Y146.068 E3.11381
G1 X144.504 Y146.068 E4.98996
G1 X144.504 Y146.976 E5.03363
G1 X126.248 Y146.976 E5.91168
G1 X125.843 Y147.065 E5.93162
G1 X125.537 Y147.288 E5.94983
G1 X125.456 Y147.421 E5.95732
G1 X125.754 Y147.659 F7800
G1 F1500
G1 X125.708 Y147.733 E5.96151
G1 X125.672 Y147.99 E5.97399
G1 X125.752 Y148.237 E5.98648
G1 X126.097 Y148.811 E6.01869
G1 X123.903 Y148.811 E6.12421
G1 X124.248 Y148.237 E6.15642
G1 X124.324 Y148.026 E6.16721
G1 X124.292 Y147.733 E6.18139
G1 X124.178 Y147.549 E6.1918
G1 X123.995 Y147.415 E6.20271
G1 X123.752 Y147.361 E6.21468
G1 X105.111 Y147.361 E7.11125
G1 X105.111 Y145.682 E7.192
G1 X144.889 Y145.682 E9.10518
G1 X144.889 Y147.361 E9.18593
G1 X126.248 Y147.361 E10.0825
G1 X126.005 Y147.415 E10.09447
G1 X125.822 Y147.549 E10.10538
G1 X125.785 Y147.608 E10.10873
G1 X126.092 Y147.845 F7800
;TYPE:External perimeter
G1 F1500
G1 X126.068 Y147.871 E10.11043
G1 X126.083 Y148.039 E10.11854
G1 X126.778 Y149.197 E10.1835
G1 X123.222 Y149.197 E10.35453
G1 X123.948 Y147.987 E10.4224
G1 X123.894 Y147.809 E10.43135
G1 X123.752 Y147.747 E10.4388
G1 X104.725 Y147.747 E11.35393
G1 X104.725 Y145.297 E11.47177
G1 X145.275 Y145.297 E13.42208
G1 X145.275 Y147.747 E13.53992
G1 X126.184 Y147.747 E14.45813
G1 X126.133 Y147.801 E14.4617
G1 X126.183 Y148.198 F7800
G1 E12.4617 F2400
G92 E0
G1 X105.771 Y146.536 F7800
G1 E2 F2400
;TYPE:Solid infill
;WIDTH:0.421749
G1 F1200
G1 X105.771 Y146.7 E2.00731
G1 X123.741 Y146.7 E2.80829
;WIDTH:0.45
G1 X124.238 Y146.791 E2.83259
G1 X124.675 Y147.095 E2.85819
G1 X124.931 Y147.533 E2.88259
G1 X125 Y147.909 E2.90098
G1 X125.096 Y147.458 E2.92316
G1 X125.353 Y147.069 E2.94558
G1 X125.765 Y146.789 E2.96954
G1 X126.252 Y146.7 E2.99335
;WIDTH:0.421748
G1 X144.229 Y146.7 E3.79463
G1 X144.229 Y146.343 E3.81054
G1 X126.252 Y146.343 E4.61182
;WIDTH:0.45
G1 X125.718 Y146.357 E4.63751
G1 X123.741 Y146.343 E4.7326
;WIDTH:0.421749
G1 X105.771 Y146.343 E5.53358
G1 E3.53358 F2400
G92 E0
G1 X124.984 Y146.738 F7800
G1 E2 F2400
;WIDTH:0.559443
G1 F1200
G1 X124.94 Y146.782 E2.00384
G1 X124.956 Y146.841 E2.00761
G1 X125.016 Y146.857 E2.01144
G1 X125.06 Y146.814 E2.01524
G1 X125.044 Y146.754 E2.01907
G1 E.01907 F2400
G92 E0
G1 X141.826 Y66.064 F7800
G1 E2 F2400
;TYPE:Perimeter
;WIDTH:0.45
G1 F1200
G1 X142.617 Y64.356 E2.09053
G1 X143.169 Y62.257 E2.19492
G1 X144.504 Y62.257 E2.25913
G1 X144.504 Y66.064 E2.44223
G1 X141.886 Y66.064 E2.56815
G1 X141.223 Y66.45 F7800
G1 F1200
G1 X142.253 Y64.225 E2.68608
G1 X142.871 Y61.871 E2.80314
G1 X144.889 Y61.871 E2.9002
G1 X144.889 Y66.45 E3.12043
G1 X141.283 Y66.45 E3.29387
G1 X140.619 Y66.836 F7800
;TYPE:External perimeter
G1 F1200
G1 X141.889 Y64.094 E3.43921
G1 X142.549 Y61.58 E3.56422
;TYPE:Overhang perimeter
;WIDTH:0.4
;HEIGHT:0.4
M106 S255
G1 X142.574 Y61.486 E3.5693
G1 X145.275 Y61.486 E3.71041
G1 X145.275 Y61.58 E3.71532
M106 S198.9
;TYPE:External perimeter
;WIDTH:0.45
;HEIGHT:0.3
G1 X145.275 Y66.836 E3.96812
G1 X140.679 Y66.836 E4.18917
G1 X140.793 Y66.452 F7800
G1 X142.279 Y65.775
;TYPE:Solid infill
G1 F1200
G1 X142.89 Y64.454 E4.25917
G1 X143.392 Y62.546 E4.35406
G1 X144.215 Y62.546 E4.39364
G1 X144.215 Y65.775 E4.54894
G1 X142.472 Y65.775 E4.63277
G1 X142.882 Y65.39 E4.65982
G1 X143.293 Y64.44 E4.7096
G1 X143.689 Y62.932 E4.78459
G1 X143.829 Y62.932 E4.79132
G1 X143.829 Y65.39 E4.90954
G1 X143.075 Y65.39 E4.9458
G1 E2.9458 F2400
G92 E0
G1 X108.174 Y66.064 F7800
G1 E2 F2400
;TYPE:Perimeter
G1 F1200
G1 X105.496 Y66.064 E2.1288
G1 X105.496 Y62.257 E2.3119
G1 X106.831 Y62.257 E2.37611
G1 X107.361 Y64.273 E2.47637
G1 X107.488 Y64.582 E2.49244
G1 X108.149 Y66.01 E2.56812
G1 X108.777 Y66.45 F7800
G1 F1200
G1 X105.111 Y66.45 E2.74444
G1 X105.111 Y61.871 E2.96467
G1 X107.129 Y61.871 E3.06173
G1 X107.734 Y64.175 E3.1763
G1 X107.838 Y64.42 E3.1891
G1 X108.752 Y66.396 E3.29381
G1 X109.381 Y66.836 F7800
;TYPE:External perimeter
G1 F1200
G1 X104.725 Y66.836 E3.51775
G1 X104.725 Y61.58 E3.77055
;TYPE:Overhang perimeter
;WIDTH:0.4
;HEIGHT:0.4
M106 S255
G1 X104.725 Y61.486 E3.77546
G1 X107.426 Y61.486 E3.91657
G1 X107.451 Y61.58 E3.92165
M106 S198.9
;TYPE:External perimeter
;WIDTH:0.45
;HEIGHT:0.3
G1 X108.107 Y64.077 E4.04582
G1 X108.187 Y64.258 E4.05534
G1 X109.355 Y66.781 E4.18906
G1 X108.96 Y66.839 F7800
G1 E2.18906 F2400
G92 E0
G1 X105.785 Y62.739 F7800
G1 E2 F2400
;TYPE:Solid infill
G1 F1200
G1 X105.785 Y65.775 E2.14602
G1 X107.721 Y65.775 E2.23913
G1 X107.11 Y64.454 E2.30913
G1 X106.608 Y62.546 E2.40402
G1 X105.785 Y62.546 E2.4436
G1 E.4436 F2400
G92 E0
G1 X106.171 Y65.39 F7800
G1 E2 F2400
G1 F1200
G1 X106.171 Y62.932 E2.11822
G1 X106.311 Y62.932 E2.12495
G1 X106.745 Y64.585 E2.20715
G1 X107.118 Y65.39 E2.24982
G1 X106.364 Y65.39 E2.28608
M106 S201.45
;LAYER_CHANGE
;Z:7.85
;HEIGHT:0.3
G1 E.28608 F2400
G92 E0
G1 Z7.85 F7800
;AFTER_LAYER_CHANGE
;7.85
G1 X125.424 Y147.472
G1 E2 F2400
;TYPE:Perimeter
G1 F1500
G1 X125.348 Y147.595 E2.00695
G1 X125.288 Y148.024 E2.02778
;WIDTH:0.485112
G1 X125.273 Y148.046 E2.02918
;WIDTH:0.520225
G1 X125.258 Y148.068 E2.03069
;WIDTH:0.555338
G1 X125.243 Y148.091 E2.03237
G1 X125.344 Y148.373 E2.05071
G1 X124.656 Y148.373 E2.09284
G1 X124.757 Y148.091 E2.11118
G1 X124.742 Y148.068 E2.11286
;WIDTH:0.520225
G1 X124.727 Y148.046 E2.11437
;WIDTH:0.485112
G1 X124.712 Y148.024 E2.11577
;WIDTH:0.45
G1 X124.652 Y147.595 E2.1366
G1 X124.463 Y147.288 E2.15394
G1 X124.157 Y147.065 E2.17215
G1 X123.752 Y146.976 E2.19209
G1 X105.496 Y146.976 E3.07014
G1 X105.496 Y146.068 E3.11381
G1 X144.504 Y146.068 E4.98996
G1 X144.504 Y146.976 E5.03363
G1 X126.248 Y146.976 E5.91168
G1 X125.843 Y147.065 E5.93162
G1 X125.537 Y147.288 E5.94983
G1 X125.456 Y147.421 E5.95732
G1 X125.754 Y147.659 F7800
G1 F1500
G1 X125.708 Y147.733 E5.96151
G1 X125.672 Y147.99 E5.97399
G1 X125.752 Y148.237 E5.98648
G1 X126.097 Y148.811 E6.01869
G1 X123.903 Y148.811 E6.12421
G1 X124.248 Y148.237 E6.15642
G1 X124.324 Y148.026 E6.16721
G1 X124.292 Y147.733 E6.18139
G1 X124.178 Y147.549 E6.1918
G1 X123.995 Y147.415 E6.20271
G1 X123.752 Y147.361 E6.21468
G1 X105.111 Y147.361 E7.11125
G1 X105.111 Y145.682 E7.192
G1 X144.889 Y145.682 E9.10518
G1 X144.889 Y147.361 E9.18593
G1 X126.248 Y147.361 E10.0825
G1 X126.005 Y147.415 E10.09447
G1 X125.822 Y147.549 E10.10538
G1 X125.785 Y147.608 E10.10873
G1 X126.092 Y147.845 F7800
;TYPE:External perimeter
G1 F1500
G1 X126.068 Y147.871 E10.11043
G1 X126.083 Y148.039 E10.11854
G1 X126.778 Y149.197 E10.1835
G1 X123.222 Y149.197 E10.35453
G1 X123.948 Y147.987 E10.4224
G1 X123.894 Y147.809 E10.43135
G1 X123.752 Y147.747 E10.4388
G1 X104.725 Y147.747 E11.35393
G1 X104.725 Y145.297 E11.47177
G1 X145.275 Y145.297 E13.42208
G1 X145.275 Y147.747 E13.53992
G1 X126.184 Y147.747 E14.45813
G1 X126.133 Y147.801 E14.4617
G1 X126.183 Y148.198 F7800
G1 E12.4617 F2400
G92 E0
G1 X124.286 Y146.357 F7800
G1 E2 F2400
;TYPE:Solid infill
G1 F1200
G1 X126.252 Y146.343 E2.09456
;WIDTH:0.421748
G1 X144.229 Y146.343 E2.89584
G1 X144.229 Y146.7 E2.91175
G1 X126.252 Y146.7 E3.71303
;WIDTH:0.45
G1 X125.765 Y146.789 E3.73684
G1 X125.353 Y147.069 E3.7608
G1 X125.096 Y147.458 E3.78322
G1 X125 Y147.909 E3.8054
G1 X124.931 Y147.533 E3.82379
G1 X124.675 Y147.095 E3.84819
G1 X124.238 Y146.791 E3.87379
G1 X123.741 Y146.7 E3.89809
;WIDTH:0.421748
G1 X105.771 Y146.7 E4.69906
G1 X105.771 Y146.343 E4.71497
G1 X123.741 Y146.343 E5.51594
;WIDTH:0.439994
G1 X124.093 Y146.352 E5.53244
G1 X125.06 Y146.782 F7800
;WIDTH:0.559443
G1 F1200
G1 X125.016 Y146.738 E5.53628
G1 X124.956 Y146.754 E5.54011
G1 X124.94 Y146.814 E5.54394
G1 X124.984 Y146.857 E5.54774
G1 X125.044 Y146.841 E5.55157
G1 E3.55157 F2400
G92 E0
G1 X142.147 Y65.545 F7800
G1 E2 F2400
;TYPE:Perimeter
;WIDTH:0.45
G1 F1200
G1 X142.617 Y64.529 E2.05384
G1 X143.351 Y61.737 E2.19269
G1 X144.504 Y61.737 E2.24815
G1 X144.504 Y65.545 E2.4313
G1 X142.207 Y65.545 E2.54178
G1 X141.543 Y65.93 F7800
G1 F1200
G1 X142.253 Y64.398 E2.62299
G1 X143.053 Y61.352 E2.77446
G1 X144.889 Y61.352 E2.86277
G1 X144.889 Y65.93 E3.08296
G1 X141.603 Y65.93 E3.24101
G1 X140.94 Y66.316 F7800
;TYPE:External perimeter
G1 F1200
G1 X141.889 Y64.267 E3.34962
G1 X142.731 Y61.061 E3.50905
;TYPE:Overhang perimeter
;WIDTH:0.4
;HEIGHT:0.4
M106 S255
G1 X142.756 Y60.966 E3.51418
G1 X145.275 Y60.966 E3.64578
G1 X145.275 Y61.061 E3.65074
M106 S201.45
;TYPE:External perimeter
;WIDTH:0.45
;HEIGHT:0.3
G1 X145.275 Y66.316 E3.90349
G1 X141 Y66.316 E4.1091
G1 X141.114 Y65.933 F7800
G1 E2.1091 F2400
G92 E0
G1 X144.022 Y62.026 F7800
G1 E2 F2400
;TYPE:Solid infill
G1 F1200
G1 X143.574 Y62.026 E2.02155
G1 X142.92 Y64.516 E2.14537
G1 X142.599 Y65.256 E2.18417
G1 X144.215 Y65.256 E2.26189
G1 X144.215 Y62.026 E2.41724
G1 X143.794 Y62.843 F7800
;WIDTH:0.520043
G1 F1200
G1 X143.794 Y64.835 E2.53045
G1 X143.253 Y64.835 E2.5612
G1 X143.326 Y64.623 E2.57394
G1 X143.745 Y63.03 E2.66755
G1 E.66755 F2400
G92 E0
G1 X107.853 Y65.545 F7800
G1 E2 F2400
;TYPE:Perimeter
;WIDTH:0.45
G1 F1200
G1 X105.496 Y65.545 E2.11336
G1 X105.496 Y61.737 E2.29651
G1 X106.649 Y61.737 E2.35197
G1 X107.383 Y64.529 E2.49082
G1 X107.828 Y65.49 E2.54176
G1 X108.457 Y65.93 F7800
G1 F1200
G1 X105.111 Y65.93 E2.70269
G1 X105.111 Y61.352 E2.92288
G1 X106.947 Y61.352 E3.01119
G1 X107.747 Y64.398 E3.16266
G1 X108.431 Y65.876 E3.24099
G1 X109.06 Y66.316 F7800
;TYPE:External perimeter
G1 F1200
G1 X104.725 Y66.316 E3.44949
G1 X104.725 Y61.061 E3.70224
;TYPE:Overhang perimeter
;WIDTH:0.4
;HEIGHT:0.4
M106 S255
G1 X104.725 Y60.966 E3.7072
G1 X107.244 Y60.966 E3.8388
G1 X107.269 Y61.061 E3.84393
M106 S201.45
;TYPE:External perimeter
;WIDTH:0.45
;HEIGHT:0.3
G1 X108.111 Y64.267 E4.00336
G1 X109.035 Y66.262 E4.1091
G1 X108.639 Y66.319 F7800
G1 E2.1091 F2400
G92 E0
G1 X105.785 Y62.026 F7800
G1 E2 F2400
;TYPE:Solid infill
G1 F1200
G1 X106.426 Y62.026 E2.03083
G1 X107.084 Y64.531 E2.1554
G1 X107.405 Y65.256 E2.19353
G1 X105.785 Y65.256 E2.27145
G1 X105.785 Y62.219 E2.41752
G1 X106.206 Y62.843 E2.45372
;WIDTH:0.520042
G1 X106.654 Y64.549 E2.55396
G1 X106.759 Y64.835 E2.57127
G1 X106.206 Y64.835 E2.6027
G1 X106.206 Y63.036 E2.70494
;LAYER_CHANGE
;Z:8.15
;HEIGHT:0.3
G1 E.70494 F2400
G92 E0
G1 Z8.15 F7800
;AFTER_LAYER_CHANGE
;8.15
G1 X125.424 Y147.472
G1 E2 F2400
;TYPE:Perimeter
;WIDTH:0.45
G1 F1500
G1 X125.348 Y147.595 E2.00695
G1 X125.288 Y148.024 E2.02778
;WIDTH:0.485112
G1 X125.273 Y148.046 E2.02918
;WIDTH:0.520225
G1 X125.258 Y148.068 E2.03069
;WIDTH:0.555338
G1 X125.243 Y148.091 E2.03237
G1 X125.344 Y148.373 E2.05071
G1 X124.656 Y148.373 E2.09284
G1 X124.757 Y148.091 E2.11118
G1 X124.742 Y148.068 E2.11286
;WIDTH:0.520225
G1 X124.727 Y148.046 E2.11437
;WIDTH:0.485112
G1 X124.712 Y148.024 E2.11577
;WIDTH:0.45
G1 X124.652 Y147.595 E2.1366
G1 X124.463 Y147.288 E2.15394
G1 X124.157 Y147.065 E2.17215
G1 X123.752 Y146.976 E2.19209
G1 X105.496 Y146.976 E3.07014
G1 X105.496 Y146.068 E3.11381
G1 X144.504 Y146.068 E4.98996
G1 X144.504 Y146.976 E5.03363
G1 X126.248 Y146.976 E5.91168
G1 X125.843 Y147.065 E5.93162
G1 X125.537 Y147.288 E5.94983
G1 X125.456 Y147.421 E5.95732
G1 X125.754 Y147.659 F7800
G1 F1500
G1 X125.708 Y147.733 E5.96151
G1 X125.672 Y147.99 E5.97399
G1 X125.752 Y148.237 E5.98648
G1 X126.097 Y148.811 E6.01869
G1 X123.903 Y148.811 E6.12421
G1 X124.248 Y148.237 E6.15642
G1 X124.324 Y148.026 E6.16721
G1 X124.292 Y147.733 E6.18139
G1 X124.178 Y147.549 E6.1918
G1 X123.995 Y147.415 E6.20271
G1 X123.752 Y147.361 E6.21468
G1 X105.111 Y147.361 E7.11125
G1 X105.111 Y145.682 E7.192
G1 X144.889 Y145.682 E9.10518
G1 X144.889 Y147.361 E9.18593
G1 X126.248 Y147.361 E10.0825
G1 X126.005 Y147.415 E10.09447
G1 X125.822 Y147.549 E10.10538
G1 X125.785 Y147.608 E10.10873
G1 X126.092 Y147.845 F7800
;TYPE:External perimeter
G1 F1500
G1 X126.068 Y147.871 E10.11043
G1 X126.083 Y148.039 E10.11854
G1 X126.778 Y149.197 E10.1835
G1 X123.222 Y149.197 E10.35453
G1 X123.948 Y147.987 E10.4224
G1 X123.894 Y147.809 E10.43135
G1 X123.752 Y147.747 E10.4388
G1 X104.725 Y147.747 E11.35393
G1 X104.725 Y145.297 E11.47177
G1 X145.275 Y145.297 E13.42208
G1 X145.275 Y147.747 E13.53992
G1 X126.184 Y147.747 E14.45813
G1 X126.133 Y147.801 E14.4617
G1 X126.183 Y148.198 F7800
G1 E12.4617 F2400
G92 E0
G1 X105.771 Y146.536 F7800
G1 E2 F2400
;TYPE:Solid infill
;WIDTH:0.421749
G1 F1200
G1 X105.771 Y146.7 E2.00731
G1 X123.741 Y146.7 E2.80829
;WIDTH:0.45
G1 X124.238 Y146.791 E2.83259
G1 X124.675 Y147.095 E2.85819
G1 X124.931 Y147.533 E2.88259
G1 X125 Y147.909 E2.90098
G1 X125.096 Y147.458 E2.92316
G1 X125.353 Y147.069 E2.94558
G1 X125.765 Y146.789 E2.96954
G1 X126.252 Y146.7 E2.99335
;WIDTH:0.421748
G1 X144.229 Y146.7 E3.79463
G1 X144.229 Y146.343 E3.81054
G1 X126.252 Y146.343 E4.61182
;WIDTH:0.45
G1 X125.718 Y146.357 E4.63751
G1 X123.741 Y146.343 E4.7326
;WIDTH:0.421749
G1 X105.771 Y146.343 E5.53358
G1 E3.53358 F2400
G92 E0
G1 X124.984 Y146.738 F7800
G1 E2 F2400
;WIDTH:0.559443
G1 F1200
G1 X124.94 Y146.782 E2.00384
G1 X124.956 Y146.841 E2.00761
G1 X125.016 Y146.857 E2.01144
G1 X125.06 Y146.814 E2.01524
G1 X125.044 Y146.754 E2.01907
G1 E.01907 F2400
G92 E0
G1 X142.468 Y65.025 F7800
G1 E2 F2400
;TYPE:Perimeter
;WIDTH:0.45
G1 F1200
G1 X142.639 Y64.619 E2.02119
G1 X143.408 Y61.693 E2.1667
G1 X144.504 Y61.693 E2.21941
G1 X144.504 Y65.025 E2.37967
G1 X142.528 Y65.025 E2.47471
G1 X141.864 Y65.411 F7800
G1 F1200
G1 X142.266 Y64.522 E2.52164
G1 X143.11 Y61.308 E2.68146
G1 X144.889 Y61.308 E2.76702
G1 X144.889 Y65.411 E2.96436
G1 X141.924 Y65.411 E3.10697
G1 X141.261 Y65.796 F7800
;TYPE:External perimeter
G1 F1200
G1 X141.889 Y64.44 E3.17884
G1 X142.813 Y60.922 E3.35378
G1 X145.275 Y60.922 E3.47219
G1 X145.275 Y65.796 E3.70661
G1 X141.321 Y65.796 E3.89678
G1 X141.435 Y65.413 F7800
G1 X142.92 Y64.689
;TYPE:Solid infill
G1 F1200
G1 X143.631 Y61.983 E4.03135
G1 X144.215 Y61.983 E4.05944
G1 X144.215 Y64.736 E4.19185
G1 X143.05 Y64.736 E4.24788
G1 X143.401 Y64.355 E4.2728
;WIDTH:0.440792
G1 X143.834 Y62.71 E4.35266
G1 X143.834 Y64.355 E4.42989
G1 X143.594 Y64.355 E4.44116
G1 E2.44116 F2400
G92 E0
G1 X107.532 Y65.025 F7800
G1 E2 F2400
;TYPE:Perimeter
;WIDTH:0.45
G1 F1200
G1 X105.496 Y65.025 E2.09792
G1 X105.496 Y61.693 E2.25818
G1 X106.592 Y61.693 E2.31089
G1 X107.361 Y64.619 E2.4564
G1 X107.509 Y64.97 E2.47472
G1 X108.136 Y65.411 F7800
G1 F1200
G1 X105.111 Y65.411 E2.62021
G1 X105.111 Y61.308 E2.81755
G1 X106.89 Y61.308 E2.90311
G1 X107.769 Y64.618 E3.06783
G1 X108.111 Y65.356 E3.10695
G1 X108.739 Y65.796 F7800
;TYPE:External perimeter
G1 F1200
G1 X104.725 Y65.796 E3.30001
G1 X104.725 Y60.922 E3.53443
G1 X107.187 Y60.922 E3.65284
G1 X108.119 Y64.456 E3.82862
G1 X108.714 Y65.742 E3.89677
G1 X108.318 Y65.799 F7800
G1 E1.89677 F2400
G92 E0
G1 X105.785 Y64.736 F7800
G1 E2 F2400
;TYPE:Solid infill
G1 F1200
G1 X105.785 Y61.983 E2.13241
G1 X106.369 Y61.983 E2.1605
G1 X107.094 Y64.736 E2.29742
G1 X105.978 Y64.736 E2.3511
G1 X106.166 Y62.902 F7800
;WIDTH:0.440792
G1 F1200
G1 X106.166 Y64.355 E2.41932
G1 X106.599 Y64.355 E2.43965
G1 X106.166 Y62.71 E2.51951
M106 S206.55
;LAYER_CHANGE
;Z:8.45
;HEIGHT:0.3
G1 E.51951 F2400
G92 E0
G1 Z8.45 F7800
;AFTER_LAYER_CHANGE
;8.45
G1 X125.424 Y147.472
G1 E2 F2400
;TYPE:Perimeter
;WIDTH:0.45
G1 F1500
G1 X125.348 Y147.595 E2.00695
G1 X125.288 Y148.024 E2.02778
;WIDTH:0.485112
G1 X125.273 Y148.046 E2.02918
;WIDTH:0.520225
G1 X125.258 Y148.068 E2.03069
;WIDTH:0.555338
G1 X125.243 Y148.091 E2.03237
G1 X125.344 Y148.373 E2.05071
G1 X124.656 Y148.373 E2.09284
G1 X124.757 Y148.091 E2.11118
G1 X124.742 Y148.068 E2.11286
;WIDTH:0.520225
G1 X124.727 Y148.046 E2.11437
;WIDTH:0.485112
G1 X124.712 Y148.024 E2.11577
;WIDTH:0.45
G1 X124.652 Y147.595 E2.1366
G1 X124.463 Y147.288 E2.15394
G1 X124.157 Y147.065 E2.17215
G1 X123.752 Y146.976 E2.19209
G1 X105.496 Y146.976 E3.07014
G1 X105.496 Y146.068 E3.11381
G1 X144.504 Y146.068 E4.98996
G1 X144.504 Y146.976 E5.03363
G1 X126.248 Y146.976 E5.91168
G1 X125.843 Y147.065 E5.93162
G1 X125.537 Y147.288 E5.94983
G1 X125.456 Y147.421 E5.95732
G1 X125.754 Y147.659 F7800
G1 F1500
G1 X125.708 Y147.733 E5.96151
G1 X125.672 Y147.99 E5.97399
G1 X125.752 Y148.237 E5.98648
G1 X126.097 Y148.811 E6.01869
G1 X123.903 Y148.811 E6.12421
G1 X124.248 Y148.237 E6.15642
G1 X124.324 Y148.026 E6.16721
G1 X124.292 Y147.733 E6.18139
G1 X124.178 Y147.549 E6.1918
G1 X123.995 Y147.415 E6.20271
G1 X123.752 Y147.361 E6.21468
G1 X105.111 Y147.361 E7.11125
G1 X105.111 Y145.682 E7.192
G1 X144.889 Y145.682 E9.10518
G1 X144.889 Y147.361 E9.18593
G1 X126.248 Y147.361 E10.0825
G1 X126.005 Y147.415 E10.09447
G1 X125.822 Y147.549 E10.10538
G1 X125.785 Y147.608 E10.10873
G1 X126.092 Y147.845 F7800
;TYPE:External perimeter
G1 F1500
G1 X126.068 Y147.871 E10.11043
G1 X126.083 Y148.039 E10.11854
G1 X126.778 Y149.197 E10.1835
G1 X123.222 Y149.197 E10.35453
G1 X123.948 Y147.987 E10.4224
G1 X123.894 Y147.809 E10.43135
G1 X123.752 Y147.747 E10.4388
G1 X104.725 Y147.747 E11.35393
G1 X104.725 Y145.297 E11.47177
G1 X145.275 Y145.297 E13.42208
G1 X145.275 Y147.747 E13.53992
G1 X126.184 Y147.747 E14.45813
G1 X126.133 Y147.801 E14.4617
G1 X126.183 Y148.198 F7800
G1 E12.4617 F2400
G92 E0
G1 X124.286 Y146.357 F7800
G1 E2 F2400
;TYPE:Solid infill
G1 F1200
G1 X126.252 Y146.343 E2.09456
;WIDTH:0.421748
G1 X144.229 Y146.343 E2.89584
G1 X144.229 Y146.7 E2.91175
G1 X126.252 Y146.7 E3.71303
;WIDTH:0.45
G1 X125.765 Y146.789 E3.73684
G1 X125.353 Y147.069 E3.7608
G1 X125.096 Y147.458 E3.78322
G1 X125 Y147.909 E3.8054
G1 X124.931 Y147.533 E3.82379
G1 X124.675 Y147.095 E3.84819
G1 X124.238 Y146.791 E3.87379
G1 X123.741 Y146.7 E3.89809
;WIDTH:0.421748
G1 X105.771 Y146.7 E4.69906
G1 X105.771 Y146.343 E4.71497
G1 X123.741 Y146.343 E5.51594
;WIDTH:0.439994
G1 X124.093 Y146.352 E5.53244
G1 X125.06 Y146.782 F7800
;WIDTH:0.559443
G1 F1200
G1 X125.016 Y146.738 E5.53628
G1 X124.956 Y146.754 E5.54011
G1 X124.94 Y146.814 E5.54394
G1 X124.984 Y146.857 E5.54774
G1 X125.044 Y146.841 E5.55157
G1 E3.55157 F2400
G92 E0
G1 X142.736 Y64.506 F7800
G1 E2 F2400
;TYPE:Perimeter
;WIDTH:0.45
G1 F1200
G1 X142.714 Y64.506 E2.00106
G1 X143.408 Y61.867 E2.1323
G1 X144.504 Y61.867 E2.18501
G1 X144.504 Y64.506 E2.31194
G1 X142.796 Y64.506 E2.39409
G1 X142.185 Y64.891 F7800
G1 F1200
G1 X142.266 Y64.695 E2.40429
G1 X143.11 Y61.481 E2.56411
G1 X144.889 Y61.481 E2.64967
G1 X144.889 Y64.891 E2.81368
G1 X142.245 Y64.891 E2.94085
G1 X141.581 Y65.277 F7800
;TYPE:External perimeter
G1 F1200
G1 X141.893 Y64.597 E2.97683
G1 X142.813 Y61.095 E3.15098
G1 X145.275 Y61.095 E3.26939
G1 X145.275 Y65.277 E3.47053
G1 X141.641 Y65.277 E3.64531
G1 X141.754 Y64.893 F7800
G1 E1.64531 F2400
G92 E0
G1 X144.022 Y62.156 F7800
G1 E2 F2400
;TYPE:Solid infill
G1 F1200
G1 X143.631 Y62.156 E2.01881
G1 X143.089 Y64.216 E2.12126
G1 X144.215 Y64.216 E2.17542
G1 X144.215 Y62.156 E2.2745
G1 X143.873 Y62.576 E2.30055
;WIDTH:0.361542
G1 X143.873 Y63.875 E2.3487
G1 X143.532 Y63.875 E2.36134
G1 X143.824 Y62.763 E2.40395
G1 E.40395 F2400
G92 E0
G1 X107.264 Y64.506 F7800
G1 E2 F2400
;TYPE:Perimeter
;WIDTH:0.45
G1 F1200
G1 X105.496 Y64.506 E2.08503
G1 X105.496 Y61.867 E2.21196
G1 X106.592 Y61.867 E2.26467
G1 X107.276 Y64.469 E2.39407
G1 X107.815 Y64.891 F7800
G1 F1200
G1 X105.111 Y64.891 E2.52412
G1 X105.111 Y61.481 E2.68813
G1 X106.89 Y61.481 E2.77369
G1 X107.734 Y64.695 E2.93351
G1 X107.792 Y64.836 E2.94084
G1 X108.419 Y65.277 F7800
;TYPE:External perimeter
G1 F1200
G1 X104.725 Y65.277 E3.11851
G1 X104.725 Y61.095 E3.31965
G1 X107.187 Y61.095 E3.43806
G1 X108.111 Y64.613 E3.613
G1 X108.393 Y65.222 E3.64528
G1 X107.998 Y65.28 F7800
G1 E1.64528 F2400
G92 E0
G1 X105.785 Y62.156 F7800
G1 E2 F2400
;TYPE:Solid infill
G1 F1200
G1 X106.369 Y62.156 E2.02809
G1 X106.911 Y64.216 E2.13054
G1 X105.785 Y64.216 E2.1847
G1 X105.785 Y62.349 E2.2745
G1 X106.127 Y62.576 E2.29424
;WIDTH:0.361541
G1 X106.468 Y63.875 E2.34402
G1 X106.127 Y63.875 E2.35666
G1 X106.127 Y62.769 E2.39765
;LAYER_CHANGE
;Z:8.75
;HEIGHT:0.3
G1 E.39765 F2400
G92 E0
G1 Z8.75 F7800
;AFTER_LAYER_CHANGE
;8.75
G1 X125.424 Y147.472
G1 E2 F2400
;TYPE:Perimeter
;WIDTH:0.45
G1 F1500
G1 X125.348 Y147.595 E2.00695
G1 X125.288 Y148.024 E2.02778
;WIDTH:0.485112
G1 X125.273 Y148.046 E2.02918
;WIDTH:0.520225
G1 X125.258 Y148.068 E2.03069
;WIDTH:0.555338
G1 X125.243 Y148.091 E2.03237
G1 X125.344 Y148.373 E2.05071
G1 X124.656 Y148.373 E2.09284
G1 X124.757 Y148.091 E2.11118
G1 X124.742 Y148.068 E2.11286
;WIDTH:0.520225
G1 X124.727 Y148.046 E2.11437
;WIDTH:0.485112
G1 X124.712 Y148.024 E2.11577
;WIDTH:0.45
G1 X124.652 Y147.595 E2.1366
G1 X124.463 Y147.288 E2.15394
G1 X124.157 Y147.065 E2.17215
G1 X123.752 Y146.976 E2.19209
G1 X105.496 Y146.976 E3.07014
G1 X105.496 Y146.068 E3.11381
G1 X144.504 Y146.068 E4.98996
G1 X144.504 Y146.976 E5.03363
G1 X126.248 Y146.976 E5.91168
G1 X125.843 Y147.065 E5.93162
G1 X125.537 Y147.288 E5.94983
G1 X125.456 Y147.421 E5.95732
G1 X125.754 Y147.659 F7800
G1 F1500
G1 X125.708 Y147.733 E5.96151
G1 X125.672 Y147.99 E5.97399
G1 X125.752 Y148.237 E5.98648
G1 X126.097 Y148.811 E6.01869
G1 X123.903 Y148.811 E6.12421
G1 X124.248 Y148.237 E6.15642
G1 X124.324 Y148.026 E6.16721
G1 X124.292 Y147.733 E6.18139
G1 X124.178 Y147.549 E6.1918
G1 X123.995 Y147.415 E6.20271
G1 X123.752 Y147.361 E6.21468
G1 X105.111 Y147.361 E7.11125
G1 X105.111 Y145.682 E7.192
G1 X144.889 Y145.682 E9.10518
G1 X144.889 Y147.361 E9.18593
G1 X126.248 Y147.361 E10.0825
G1 X126.005 Y147.415 E10.09447
G1 X125.822 Y147.549 E10.10538
G1 X125.785 Y147.608 E10.10873
G1 X126.092 Y147.845 F7800
;TYPE:External perimeter
G1 F1500
G1 X126.068 Y147.871 E10.11043
G1 X126.083 Y148.039 E10.11854
G1 X126.778 Y149.197 E10.1835
G1 X123.222 Y149.197 E10.35453
G1 X123.948 Y147.987 E10.4224
G1 X123.894 Y147.809 E10.43135
G1 X123.752 Y147.747 E10.4388
G1 X104.725 Y147.747 E11.35393
G1 X104.725 Y145.297 E11.47177
G1 X145.275 Y145.297 E13.42208
G1 X145.275 Y147.747 E13.53992
G1 X126.184 Y147.747 E14.45813
G1 X126.133 Y147.801 E14.4617
G1 X126.183 Y148.198 F7800
G1 E12.4617 F2400
G92 E0
G1 X105.771 Y146.536 F7800
G1 E2 F2400
;TYPE:Solid infill
;WIDTH:0.421749
G1 F1200
G1 X105.771 Y146.7 E2.00731
G1 X123.741 Y146.7 E2.80829
;WIDTH:0.45
G1 X124.238 Y146.791 E2.83259
G1 X124.675 Y147.095 E2.85819
G1 X124.931 Y147.533 E2.88259
G1 X125 Y147.909 E2.90098
G1 X125.096 Y147.458 E2.92316
G1 X125.353 Y147.069 E2.94558
G1 X125.765 Y146.789 E2.96954
G1 X126.252 Y146.7 E2.99335
;WIDTH:0.421748
G1 X144.229 Y146.7 E3.79463
G1 X144.229 Y146.343 E3.81054
G1 X126.252 Y146.343 E4.61182
;WIDTH:0.45
G1 X125.718 Y146.357 E4.63751
G1 X123.741 Y146.343 E4.7326
;WIDTH:0.421749
G1 X105.771 Y146.343 E5.53358
G1 E3.53358 F2400
G92 E0
G1 X124.984 Y146.738 F7800
G1 E2 F2400
;WIDTH:0.559443
G1 F1200
G1 X124.94 Y146.782 E2.00384
G1 X124.956 Y146.841 E2.00761
G1 X125.016 Y146.857 E2.01144
G1 X125.06 Y146.814 E2.01524
G1 X125.044 Y146.754 E2.01907
G1 E.01907 F2400
G92 E0
G1 X142.961 Y63.986 F7800
G1 E2 F2400
;TYPE:Perimeter
;WIDTH:0.45
G1 F1200
G1 X142.896 Y63.986 E2.00313
G1 X143.408 Y62.04 E2.09991
G1 X144.504 Y62.04 E2.15262
G1 X144.504 Y63.986 E2.24622
G1 X143.021 Y63.986 E2.31755
G1 X142.429 Y64.372 F7800
G1 F1200
G1 X142.396 Y64.372 E2.31914
G1 X143.11 Y61.654 E2.4543
G1 X144.889 Y61.654 E2.53986
G1 X144.889 Y64.372 E2.67059
G1 X142.489 Y64.372 E2.78602
G1 X141.898 Y64.757 F7800
;TYPE:External perimeter
G1 F1200
G1 X141.896 Y64.757 E2.78612
G1 X142.813 Y61.269 E2.95958
G1 X145.275 Y61.269 E3.07799
G1 X145.275 Y64.757 E3.24575
G1 X141.958 Y64.757 E3.40529
G1 X141.999 Y64.359 F7800
G1 X143.271 Y63.697
;TYPE:Solid infill
G1 F1200
G1 X143.631 Y62.329 E3.47333
G1 X144.215 Y62.329 E3.50142
G1 X144.215 Y63.697 E3.56722
G1 X143.464 Y63.697 E3.60334
G1 X143.79 Y63.233 E3.63061
;WIDTH:0.500203
G1 X143.751 Y63.272 E3.63361
G1 X143.765 Y63.325 E3.63659
G1 X143.818 Y63.339 E3.63957
G1 X143.856 Y63.3 E3.64253
G1 X143.842 Y63.247 E3.64551
G1 E1.64551 F2400
G92 E0
G1 X107.039 Y63.986 F7800
G1 E2 F2400
;TYPE:Perimeter
;WIDTH:0.45
G1 F1200
G1 X105.496 Y63.986 E2.07421
G1 X105.496 Y62.04 E2.16781
G1 X106.592 Y62.04 E2.22052
G1 X107.104 Y63.986 E2.3173
G1 X107.099 Y63.986 E2.31754
G1 X107.571 Y64.372 F7800
G1 F1200
G1 X105.111 Y64.372 E2.43586
G1 X105.111 Y61.654 E2.56659
G1 X106.89 Y61.654 E2.65215
G1 X107.597 Y64.346 E2.78602
G1 X108.102 Y64.757 F7800
;TYPE:External perimeter
G1 F1200
G1 X104.725 Y64.757 E2.94844
G1 X104.725 Y61.269 E3.1162
G1 X107.187 Y61.269 E3.23461
G1 X108.089 Y64.701 E3.40528
G1 X107.693 Y64.758 F7800
G1 E1.40528 F2400
G92 E0
G1 X105.785 Y63.697 F7800
G1 E2 F2400
;TYPE:Solid infill
G1 F1200
G1 X105.785 Y62.329 E2.0658
G1 X106.369 Y62.329 E2.09389
G1 X106.729 Y63.697 E2.16193
G1 X105.978 Y63.697 E2.19805
G1 X106.182 Y63.233 E2.22243
;WIDTH:0.500201
G1 X106.144 Y63.272 E2.22539
G1 X106.158 Y63.325 E2.22837
G1 X106.21 Y63.339 E2.2313
G1 X106.249 Y63.3 E2.2343
G1 X106.235 Y63.247 E2.23728
M106 S211.65
;LAYER_CHANGE
;Z:9.05
;HEIGHT:0.3
G1 E.23728 F2400
G92 E0
G1 Z9.05 F7800
;AFTER_LAYER_CHANGE
;9.05
G1 X125.424 Y147.472
G1 E2 F2400
;TYPE:Perimeter
;WIDTH:0.45
G1 F1500
G1 X125.348 Y147.595 E2.00695
G1 X125.288 Y148.024 E2.02778
;WIDTH:0.485112
G1 X125.273 Y148.046 E2.02918
;WIDTH:0.520225
G1 X125.258 Y148.068 E2.03069
;WIDTH:0.555338
G1 X125.243 Y148.091 E2.03237
G1 X125.344 Y148.373 E2.05071
G1 X124.656 Y148.373 E2.09284
G1 X124.757 Y148.091 E2.11118
G1 X124.742 Y148.068 E2.11286
;WIDTH:0.520225
G1 X124.727 Y148.046 E2.11437
;WIDTH:0.485112
G1 X124.712 Y148.024 E2.11577
;WIDTH:0.45
G1 X124.652 Y147.595 E2.1366
G1 X124.463 Y147.288 E2.15394
G1 X124.157 Y147.065 E2.17215
G1 X123.752 Y146.976 E2.19209
G1 X105.496 Y146.976 E3.07014
G1 X105.496 Y146.068 E3.11381
G1 X144.504 Y146.068 E4.98996
G1 X144.504 Y146.976 E5.03363
G1 X126.248 Y146.976 E5.91168
G1 X125.843 Y147.065 E5.93162
G1 X125.537 Y147.288 E5.94983
G1 X125.456 Y147.421 E5.95732
G1 X125.754 Y147.659 F7800
G1 F1500
G1 X125.708 Y147.733 E5.96151
G1 X125.672 Y147.99 E5.97399
G1 X125.752 Y148.237 E5.98648
G1 X126.097 Y148.811 E6.01869
G1 X123.903 Y148.811 E6.12421
G1 X124.248 Y148.237 E6.15642
G1 X124.324 Y148.026 E6.16721
G1 X124.292 Y147.733 E6.18139
G1 X124.178 Y147.549 E6.1918
G1 X123.995 Y147.415 E6.20271
G1 X123.752 Y147.361 E6.21468
G1 X105.111 Y147.361 E7.11125
G1 X105.111 Y145.682 E7.192
G1 X144.889 Y145.682 E9.10518
G1 X144.889 Y147.361 E9.18593
G1 X126.248 Y147.361 E10.0825
G1 X126.005 Y147.415 E10.09447
G1 X125.822 Y147.549 E10.10538
G1 X125.785 Y147.608 E10.10873
G1 X126.092 Y147.845 F7800
;TYPE:External perimeter
G1 F1500
G1 X126.068 Y147.871 E10.11043
G1 X126.083 Y148.039 E10.11854
G1 X126.778 Y149.197 E10.1835
G1 X123.222 Y149.197 E10.35453
G1 X123.948 Y147.987 E10.4224
G1 X123.894 Y147.809 E10.43135
G1 X123.752 Y147.747 E10.4388
G1 X104.725 Y147.747 E11.35393
G1 X104.725 Y145.297 E11.47177
G1 X145.275 Y145.297 E13.42208
G1 X145.275 Y147.747 E13.53992
G1 X126.184 Y147.747 E14.45813
G1 X126.133 Y147.801 E14.4617
G1 X126.183 Y148.198 F7800
G1 E12.4617 F2400
G92 E0
G1 X124.286 Y146.357 F7800
G1 E2 F2400
;TYPE:Solid infill
G1 F1200
G1 X126.252 Y146.343 E2.09456
;WIDTH:0.421748
G1 X144.229 Y146.343 E2.89584
G1 X144.229 Y146.7 E2.91175
G1 X126.252 Y146.7 E3.71303
;WIDTH:0.45
G1 X125.765 Y146.789 E3.73684
G1 X125.353 Y147.069 E3.7608
G1 X125.096 Y147.458 E3.78322
G1 X125 Y147.909 E3.8054
G1 X124.931 Y147.533 E3.82379
G1 X124.675 Y147.095 E3.84819
G1 X124.238 Y146.791 E3.87379
G1 X123.741 Y146.7 E3.89809
;WIDTH:0.421748
G1 X105.771 Y146.7 E4.69906
G1 X105.771 Y146.343 E4.71497
G1 X123.741 Y146.343 E5.51594
;WIDTH:0.439994
G1 X124.093 Y146.352 E5.53244
G1 X125.06 Y146.782 F7800
;WIDTH:0.559443
G1 F1200
G1 X125.016 Y146.738 E5.53628
G1 X124.956 Y146.754 E5.54011
G1 X124.94 Y146.814 E5.54394
G1 X124.984 Y146.857 E5.54774
G1 X125.044 Y146.841 E5.55157
G1 E3.55157 F2400
G92 E0
G1 X143.078 Y63.466 F7800
G1 E2 F2400
;TYPE:Perimeter
;WIDTH:0.45
G1 F1200
G1 X143.408 Y62.213 E2.06232
G1 X144.504 Y62.213 E2.11503
G1 X144.504 Y63.466 E2.17529
G1 X143.138 Y63.466 E2.24099
G1 X142.578 Y63.852 F7800
G1 F1200
G1 X143.11 Y61.827 E2.34169
G1 X144.889 Y61.827 E2.42725
G1 X144.889 Y63.852 E2.52465
G1 X142.638 Y63.852 E2.63292
G1 X142.078 Y64.238 F7800
;TYPE:External perimeter
G1 F1200
G1 X142.813 Y61.442 E2.77197
G1 X145.275 Y61.442 E2.89038
G1 X145.275 Y64.238 E3.02486
G1 X142.138 Y64.238 E3.17574
G1 X142.181 Y63.84 F7800
G1 E1.17574 F2400
G92 E0
G1 X144.145 Y62.572 F7800
G1 E2 F2400
;TYPE:Solid infill
;WIDTH:0.588661
G1 F1200
G1 X144.145 Y63.108 E2.03505
G1 X143.543 Y63.108 E2.07442
G1 X143.684 Y62.572 E2.11066
G1 X143.952 Y62.572 E2.12818
G1 E.12818 F2400
G92 E0
G1 X106.922 Y63.466 F7800
G1 E2 F2400
;TYPE:Perimeter
;WIDTH:0.45
G1 F1200
G1 X105.496 Y63.466 E2.06859
G1 X105.496 Y62.213 E2.12885
G1 X106.592 Y62.213 E2.18156
G1 X106.906 Y63.408 E2.24099
G1 X107.422 Y63.852 F7800
G1 F1200
G1 X105.111 Y63.852 E2.35214
G1 X105.111 Y61.827 E2.44954
G1 X106.89 Y61.827 E2.5351
G1 X107.406 Y63.794 E2.63291
G1 X107.922 Y64.238 F7800
;TYPE:External perimeter
G1 F1200
G1 X104.725 Y64.238 E2.78667
G1 X104.725 Y61.442 E2.92115
G1 X107.187 Y61.442 E3.03956
G1 X107.906 Y64.18 E3.17571
G1 X107.511 Y64.239 F7800
G1 E1.17571 F2400
G92 E0
G1 X105.855 Y62.572 F7800
G1 E2 F2400
;TYPE:Solid infill
;WIDTH:0.588663
G1 F1200
G1 X106.316 Y62.572 E2.03015
G1 X106.457 Y63.108 E2.06639
G1 X105.855 Y63.108 E2.10576
G1 X105.855 Y62.764 E2.12825
;LAYER_CHANGE
;Z:9.35
;HEIGHT:0.3
G1 E.12825 F2400
G92 E0
G1 Z9.35 F7800
;AFTER_LAYER_CHANGE
;9.35
G1 X125.424 Y147.472
G1 E2 F2400
;TYPE:Perimeter
;WIDTH:0.45
G1 F1500
G1 X125.348 Y147.595 E2.00695
G1 X125.288 Y148.024 E2.02778
;WIDTH:0.485112
G1 X125.273 Y148.046 E2.02918
;WIDTH:0.520225
G1 X125.258 Y148.068 E2.03069
;WIDTH:0.555338
G1 X125.243 Y148.091 E2.03237
G1 X125.344 Y148.373 E2.05071
G1 X124.656 Y148.373 E2.09284
G1 X124.757 Y148.091 E2.11118
G1 X124.742 Y148.068 E2.11286
;WIDTH:0.520225
G1 X124.727 Y148.046 E2.11437
;WIDTH:0.485112
G1 X124.712 Y148.024 E2.11577
;WIDTH:0.45
G1 X124.652 Y147.595 E2.1366
G1 X124.463 Y147.288 E2.15394
G1 X124.157 Y147.065 E2.17215
G1 X123.752 Y146.976 E2.19209
G1 X105.496 Y146.976 E3.07014
G1 X105.496 Y146.068 E3.11381
G1 X144.504 Y146.068 E4.98996
G1 X144.504 Y146.976 E5.03363
G1 X126.248 Y146.976 E5.91168
G1 X125.843 Y147.065 E5.93162
G1 X125.537 Y147.288 E5.94983
G1 X125.456 Y147.421 E5.95732
G1 X125.754 Y147.659 F7800
G1 F1500
G1 X125.708 Y147.733 E5.96151
G1 X125.672 Y147.99 E5.97399
G1 X125.752 Y148.237 E5.98648
G1 X126.097 Y148.811 E6.01869
G1 X123.903 Y148.811 E6.12421
G1 X124.248 Y148.237 E6.15642
G1 X124.324 Y148.026 E6.16721
G1 X124.292 Y147.733 E6.18139
G1 X124.178 Y147.549 E6.1918
G1 X123.995 Y147.415 E6.20271
G1 X123.752 Y147.361 E6.21468
G1 X105.111 Y147.361 E7.11125
G1 X105.111 Y145.682 E7.192
G1 X144.889 Y145.682 E9.10518
G1 X144.889 Y147.361 E9.18593
G1 X126.248 Y147.361 E10.0825
G1 X126.005 Y147.415 E10.09447
G1 X125.822 Y147.549 E10.10538
G1 X125.785 Y147.608 E10.10873
G1 X126.092 Y147.845 F7800
;TYPE:External perimeter
G1 F1500
G1 X126.068 Y147.871 E10.11043
G1 X126.083 Y148.039 E10.11854
G1 X126.778 Y149.197 E10.1835
G1 X123.222 Y149.197 E10.35453
G1 X123.948 Y147.987 E10.4224
G1 X123.894 Y147.809 E10.43135
G1 X123.752 Y147.747 E10.4388
G1 X104.725 Y147.747 E11.35393
G1 X104.725 Y145.297 E11.47177
G1 X145.275 Y145.297 E13.42208
G1 X145.275 Y147.747 E13.53992
G1 X126.184 Y147.747 E14.45813
G1 X126.133 Y147.801 E14.4617
G1 X126.183 Y148.198 F7800
G1 E12.4617 F2400
G92 E0
G1 X105.771 Y146.536 F7800
G1 E2 F2400
;TYPE:Solid infill
;WIDTH:0.42174
G1 F1200
G1 X105.771 Y146.7 E2.00731
G1 X123.741 Y146.7 E2.80826
;WIDTH:0.45
G1 X124.238 Y146.791 E2.83256
G1 X124.675 Y147.095 E2.85816
G1 X124.931 Y147.533 E2.88256
G1 X125 Y147.909 E2.90095
G1 X125.096 Y147.458 E2.92313
G1 X125.353 Y147.069 E2.94555
G1 X125.765 Y146.789 E2.96951
G1 X126.252 Y146.7 E2.99332
;WIDTH:0.421738
G1 X144.229 Y146.7 E3.79458
G1 X144.229 Y146.343 E3.81049
G1 X126.252 Y146.343 E4.61175
;WIDTH:0.45
G1 X125.718 Y146.357 E4.63744
G1 X123.741 Y146.343 E4.73253
;WIDTH:0.42174
G1 X105.771 Y146.343 E5.53348
G1 E3.53348 F2400
G92 E0
G1 X124.984 Y146.738 F7800
G1 E2 F2400
;WIDTH:0.559423
G1 F1200
G1 X124.94 Y146.782 E2.00384
G1 X124.956 Y146.841 E2.00761
G1 X125.016 Y146.857 E2.01144
G1 X125.06 Y146.814 E2.01524
G1 X125.044 Y146.754 E2.01907
G1 E.01907 F2400
G92 E0
G1 X143.317 Y62.903 F7800
G1 E2 F2400
;TYPE:Perimeter
;WIDTH:0.537443
G1 F1200
G1 X143.441 Y62.43 E2.02885
G1 X144.46 Y62.43 E2.08897
G1 X144.46 Y62.903 E2.11688
G1 X143.377 Y62.903 E2.18078
G1 X142.76 Y63.332 F7800
;WIDTH:0.45
G1 F1200
G1 X143.11 Y62.001 E2.24697
G1 X144.889 Y62.001 E2.33253
G1 X144.889 Y63.332 E2.39655
G1 X142.82 Y63.332 E2.49606
G1 X142.26 Y63.718 F7800
;TYPE:External perimeter
G1 F1200
G1 X142.813 Y61.615 E2.60065
G1 X145.275 Y61.615 E2.71906
G1 X145.275 Y63.718 E2.82021
G1 X142.32 Y63.718 E2.96234
G1 X142.363 Y63.32 F7800
G1 E.96234 F2400
G92 E0
G1 X106.683 Y62.903 F7800
G1 E2 F2400
;TYPE:Perimeter
;WIDTH:0.537444
G1 F1200
G1 X105.54 Y62.903 E2.06744
G1 X105.54 Y62.43 E2.09535
G1 X106.559 Y62.43 E2.15547
G1 X106.668 Y62.845 E2.18079
G1 X107.24 Y63.332 F7800
;WIDTH:0.45
G1 F1200
G1 X105.111 Y63.332 E2.28319
G1 X105.111 Y62.001 E2.34721
G1 X106.89 Y62.001 E2.43277
G1 X107.224 Y63.274 E2.49607
G1 X107.74 Y63.718 F7800
;TYPE:External perimeter
G1 F1200
G1 X104.725 Y63.718 E2.64108
G1 X104.725 Y61.615 E2.74223
G1 X107.187 Y61.615 E2.86064
G1 X107.724 Y63.66 E2.96233
G1 X107.329 Y63.72 F7800
M106 S216.75
;LAYER_CHANGE
;Z:9.65
;HEIGHT:0.299999
G1 E.96233 F2400
G92 E0
G1 Z9.65 F7800
;AFTER_LAYER_CHANGE
;9.65
G1 X125.424 Y147.472
G1 E2 F2400
;TYPE:Perimeter
G1 F1500
G1 X125.348 Y147.595 E2.00695
G1 X125.288 Y148.024 E2.02778
;WIDTH:0.485112
G1 X125.273 Y148.046 E2.02918
;WIDTH:0.520225
G1 X125.258 Y148.068 E2.03069
;WIDTH:0.555338
G1 X125.243 Y148.091 E2.03237
G1 X125.344 Y148.373 E2.05071
G1 X124.656 Y148.373 E2.09284
G1 X124.757 Y148.091 E2.11118
G1 X124.742 Y148.068 E2.11286
;WIDTH:0.520225
G1 X124.727 Y148.046 E2.11437
;WIDTH:0.485112
G1 X124.712 Y148.024 E2.11577
;WIDTH:0.45
G1 X124.652 Y147.595 E2.1366
G1 X124.463 Y147.288 E2.15394
G1 X124.157 Y147.065 E2.17215
G1 X123.752 Y146.976 E2.19209
G1 X105.496 Y146.976 E3.07014
G1 X105.496 Y146.068 E3.11381
G1 X144.504 Y146.068 E4.98996
G1 X144.504 Y146.976 E5.03363
G1 X126.248 Y146.976 E5.91168
G1 X125.843 Y147.065 E5.93162
G1 X125.537 Y147.288 E5.94983
G1 X125.456 Y147.421 E5.95732
G1 X125.754 Y147.659 F7800
G1 F1500
G1 X125.708 Y147.733 E5.96151
G1 X125.672 Y147.99 E5.97399
G1 X125.752 Y148.237 E5.98648
G1 X126.097 Y148.811 E6.01869
G1 X123.903 Y148.811 E6.12421
G1 X124.248 Y148.237 E6.15642
G1 X124.324 Y148.026 E6.16721
G1 X124.292 Y147.733 E6.18139
G1 X124.178 Y147.549 E6.1918
G1 X123.995 Y147.415 E6.20271
G1 X123.752 Y147.361 E6.21468
G1 X105.111 Y147.361 E7.11125
G1 X105.111 Y145.682 E7.192
G1 X144.889 Y145.682 E9.10518
G1 X144.889 Y147.361 E9.18593
G1 X126.248 Y147.361 E10.0825
G1 X126.005 Y147.415 E10.09447
G1 X125.822 Y147.549 E10.10538
G1 X125.785 Y147.608 E10.10873
G1 X126.092 Y147.845 F7800
;TYPE:External perimeter
G1 F1500
G1 X126.068 Y147.871 E10.11043
G1 X126.083 Y148.039 E10.11854
G1 X126.778 Y149.197 E10.1835
G1 X123.222 Y149.197 E10.35453
G1 X123.948 Y147.987 E10.4224
G1 X123.894 Y147.809 E10.43135
G1 X123.752 Y147.747 E10.4388
G1 X104.725 Y147.747 E11.35393
G1 X104.725 Y145.297 E11.47177
G1 X145.275 Y145.297 E13.42208
G1 X145.275 Y147.747 E13.53992
G1 X126.184 Y147.747 E14.45813
G1 X126.133 Y147.801 E14.4617
G1 X126.183 Y148.198 F7800
G1 E12.4617 F2400
G92 E0
G1 X124.286 Y146.357 F7800
G1 E2 F2400
;TYPE:Solid infill
G1 F1200
G1 X126.252 Y146.343 E2.09456
;WIDTH:0.421738
G1 X144.229 Y146.343 E2.89582
G1 X144.229 Y146.7 E2.91173
G1 X126.252 Y146.7 E3.71299
;WIDTH:0.45
G1 X125.765 Y146.789 E3.7368
G1 X125.353 Y147.069 E3.76076
G1 X125.096 Y147.458 E3.78318
G1 X125 Y147.909 E3.80536
G1 X124.931 Y147.533 E3.82375
G1 X124.675 Y147.095 E3.84815
G1 X124.238 Y146.791 E3.87375
G1 X123.741 Y146.7 E3.89805
;WIDTH:0.421738
G1 X105.771 Y146.7 E4.699
G1 X105.771 Y146.343 E4.71491
G1 X123.741 Y146.343 E5.51586
;WIDTH:0.439991
G1 X124.093 Y146.352 E5.53236
G1 X125.06 Y146.782 F7800
;WIDTH:0.559423
G1 F1200
G1 X125.016 Y146.738 E5.5362
G1 X124.956 Y146.754 E5.54003
G1 X124.94 Y146.814 E5.54386
G1 X124.984 Y146.857 E5.54766
G1 X125.044 Y146.841 E5.55149
G1 E3.55149 F2400
G92 E0
G1 X143.024 Y62.749 F7800
G1 E2 F2400
;TYPE:Perimeter
;WIDTH:0.576652
G1 F1200
G1 X143.159 Y62.237 E2.03383
G1 X144.826 Y62.237 E2.14034
G1 X144.826 Y62.749 E2.17305
G1 X143.084 Y62.749 E2.28435
G1 X142.442 Y63.198 F7800
;TYPE:External perimeter
;WIDTH:0.45
G1 F1200
G1 X142.813 Y61.788 E2.35447
G1 X145.275 Y61.788 E2.47288
G1 X145.275 Y63.198 E2.5407
G1 X142.502 Y63.198 E2.67407
G1 X142.545 Y62.801 F7800
G1 E.67407 F2400
G92 E0
G1 X106.976 Y62.749 F7800
G1 E2 F2400
;TYPE:Perimeter
;WIDTH:0.576652
G1 F1200
G1 X105.174 Y62.749 E2.11514
G1 X105.174 Y62.237 E2.14785
G1 X106.841 Y62.237 E2.25436
G1 X106.96 Y62.691 E2.28435
G1 X107.558 Y63.198 F7800
;TYPE:External perimeter
;WIDTH:0.45
G1 F1200
G1 X104.725 Y63.198 E2.42061
G1 X104.725 Y61.788 E2.48843
G1 X107.187 Y61.788 E2.60684
G1 X107.542 Y63.14 E2.67407
G1 X107.147 Y63.2 F7800
;LAYER_CHANGE
;Z:9.95
;HEIGHT:0.3
G1 E.67407 F2400
G92 E0
G1 Z9.95 F7800
;AFTER_LAYER_CHANGE
;9.95
G1 X125.424 Y147.472
G1 E2 F2400
;TYPE:Perimeter
G1 F1500
G1 X125.348 Y147.595 E2.00695
G1 X125.288 Y148.024 E2.02778
;WIDTH:0.485112
G1 X125.273 Y148.046 E2.02918
;WIDTH:0.520225
G1 X125.258 Y148.068 E2.03069
;WIDTH:0.555338
G1 X125.243 Y148.091 E2.03237
G1 X125.344 Y148.373 E2.05071
G1 X124.656 Y148.373 E2.09284
G1 X124.757 Y148.091 E2.11118
G1 X124.742 Y148.068 E2.11286
;WIDTH:0.520225
G1 X124.727 Y148.046 E2.11437
;WIDTH:0.485112
G1 X124.712 Y148.024 E2.11577
;WIDTH:0.45
G1 X124.652 Y147.595 E2.1366
G1 X124.463 Y147.288 E2.15394
G1 X124.157 Y147.065 E2.17215
G1 X123.752 Y146.976 E2.19209
G1 X105.496 Y146.976 E3.07014
G1 X105.496 Y146.068 E3.11381
G1 X144.504 Y146.068 E4.98996
G1 X144.504 Y146.976 E5.03363
G1 X126.248 Y146.976 E5.91168
G1 X125.843 Y147.065 E5.93162
G1 X125.537 Y147.288 E5.94983
G1 X125.456 Y147.421 E5.95732
G1 X125.754 Y147.659 F7800
G1 F1500
G1 X125.708 Y147.733 E5.96151
G1 X125.672 Y147.99 E5.97399
G1 X125.752 Y148.237 E5.98648
G1 X126.097 Y148.811 E6.01869
G1 X123.903 Y148.811 E6.12421
G1 X124.248 Y148.237 E6.15642
G1 X124.324 Y148.026 E6.16721
G1 X124.292 Y147.733 E6.18139
G1 X124.178 Y147.549 E6.1918
G1 X123.995 Y147.415 E6.20271
G1 X123.752 Y147.361 E6.21468
G1 X105.111 Y147.361 E7.11125
G1 X105.111 Y145.682 E7.192
G1 X144.889 Y145.682 E9.10518
G1 X144.889 Y147.361 E9.18593
G1 X126.248 Y147.361 E10.0825
G1 X126.005 Y147.415 E10.09447
G1 X125.822 Y147.549 E10.10538
G1 X125.785 Y147.608 E10.10873
G1 X126.092 Y147.845 F7800
;TYPE:External perimeter
G1 F1500
G1 X126.068 Y147.871 E10.11043
G1 X126.083 Y148.039 E10.11854
G1 X126.778 Y149.197 E10.1835
G1 X123.222 Y149.197 E10.35453
G1 X123.948 Y147.987 E10.4224
G1 X123.894 Y147.809 E10.43135
G1 X123.752 Y147.747 E10.4388
G1 X104.725 Y147.747 E11.35393
G1 X104.725 Y145.297 E11.47177
G1 X145.275 Y145.297 E13.42208
G1 X145.275 Y147.747 E13.53992
G1 X126.184 Y147.747 E14.45813
G1 X126.133 Y147.801 E14.4617
G1 X126.183 Y148.198 F7800
G1 E12.4617 F2400
G92 E0
G1 X105.771 Y146.536 F7800
G1 E2 F2400
;TYPE:Solid infill
;WIDTH:0.42174
G1 F1200
G1 X105.771 Y146.7 E2.00731
G1 X123.741 Y146.7 E2.80826
;WIDTH:0.45
G1 X124.238 Y146.791 E2.83256
G1 X124.675 Y147.095 E2.85816
G1 X124.931 Y147.533 E2.88256
G1 X125 Y147.909 E2.90095
G1 X125.096 Y147.458 E2.92313
G1 X125.353 Y147.069 E2.94555
G1 X125.765 Y146.789 E2.96951
G1 X126.252 Y146.7 E2.99332
;WIDTH:0.421738
G1 X144.229 Y146.7 E3.79458
G1 X144.229 Y146.343 E3.81049
G1 X126.252 Y146.343 E4.61175
;WIDTH:0.45
G1 X125.718 Y146.357 E4.63744
G1 X123.741 Y146.343 E4.73253
;WIDTH:0.42174
G1 X105.771 Y146.343 E5.53348
G1 E3.53348 F2400
G92 E0
G1 X124.984 Y146.738 F7800
G1 E2 F2400
;WIDTH:0.559423
G1 F1200
G1 X124.94 Y146.782 E2.00384
G1 X124.956 Y146.841 E2.00761
G1 X125.016 Y146.857 E2.01144
G1 X125.06 Y146.814 E2.01524
G1 X125.044 Y146.754 E2.01907
G1 E.01907 F2400
G92 E0
G1 X144.916 Y62.32 F7800
G1 E2 F2400
;TYPE:Perimeter
;WIDTH:0.396103
G1 F1200
G1 X143.089 Y62.32 E2.07559
G1 X142.624 Y62.679 F7800
;TYPE:External perimeter
;WIDTH:0.45
G1 F1200
G1 X142.813 Y61.961 E2.1113
G1 X145.275 Y61.961 E2.22971
G1 X145.275 Y62.679 E2.26424
G1 X142.684 Y62.679 E2.38886
G1 X142.727 Y62.281 F7800
G1 E.38886 F2400
G92 E0
G1 X106.911 Y62.32 F7800
G1 E2 F2400
;TYPE:Perimeter
;WIDTH:0.396103
G1 F1200
G1 X105.084 Y62.32 E2.07559
G1 E.07559 F2400
G92 E0
G1 X107.376 Y62.679 F7800
G1 E2 F2400
;TYPE:External perimeter
;WIDTH:0.45
G1 F1200
G1 X104.725 Y62.679 E2.1275
G1 X104.725 Y61.961 E2.16203
G1 X107.187 Y61.961 E2.28044
G1 X107.36 Y62.621 E2.31326
G1 X106.965 Y62.68 F7800
M106 S219.3
;LAYER_CHANGE
;Z:10.25
;HEIGHT:0.3
G1 E.31326 F2400
G92 E0
G1 Z10.25 F7800
;AFTER_LAYER_CHANGE
;10.25
G1 X125.424 Y147.472
G1 E2 F2400
;TYPE:Perimeter
G1 F1500
G1 X125.348 Y147.595 E2.00695
G1 X125.288 Y148.024 E2.02778
;WIDTH:0.485112
G1 X125.273 Y148.046 E2.02918
;WIDTH:0.520225
G1 X125.258 Y148.068 E2.03069
;WIDTH:0.555338
G1 X125.243 Y148.091 E2.03237
G1 X125.344 Y148.373 E2.05071
G1 X124.656 Y148.373 E2.09284
G1 X124.757 Y148.091 E2.11118
G1 X124.742 Y148.068 E2.11286
;WIDTH:0.520225
G1 X124.727 Y148.046 E2.11437
;WIDTH:0.485112
G1 X124.712 Y148.024 E2.11577
;WIDTH:0.45
G1 X124.652 Y147.595 E2.1366
G1 X124.463 Y147.288 E2.15394
G1 X124.157 Y147.065 E2.17215
G1 X123.752 Y146.976 E2.19209
G1 X105.496 Y146.976 E3.07014
G1 X105.496 Y146.068 E3.11381
G1 X144.504 Y146.068 E4.98996
G1 X144.504 Y146.976 E5.03363
G1 X126.248 Y146.976 E5.91168
G1 X125.843 Y147.065 E5.93162
G1 X125.537 Y147.288 E5.94983
G1 X125.456 Y147.421 E5.95732
G1 X125.754 Y147.659 F7800
G1 F1500
G1 X125.708 Y147.733 E5.96151
G1 X125.672 Y147.99 E5.97399
G1 X125.752 Y148.237 E5.98648
G1 X126.097 Y148.811 E6.01869
G1 X123.903 Y148.811 E6.12421
G1 X124.248 Y148.237 E6.15642
G1 X124.324 Y148.026 E6.16721
G1 X124.292 Y147.733 E6.18139
G1 X124.178 Y147.549 E6.1918
G1 X123.995 Y147.415 E6.20271
G1 X123.752 Y147.361 E6.21468
G1 X105.111 Y147.361 E7.11125
G1 X105.111 Y145.682 E7.192
G1 X144.889 Y145.682 E9.10518
G1 X144.889 Y147.361 E9.18593
G1 X126.248 Y147.361 E10.0825
G1 X126.005 Y147.415 E10.09447
G1 X125.822 Y147.549 E10.10538
G1 X125.785 Y147.608 E10.10873
G1 X126.092 Y147.845 F7800
;TYPE:External perimeter
G1 F1500
G1 X126.068 Y147.871 E10.11043
G1 X126.083 Y148.039 E10.11854
G1 X126.778 Y149.197 E10.1835
G1 X123.222 Y149.197 E10.35453
G1 X123.948 Y147.987 E10.4224
G1 X123.894 Y147.809 E10.43135
G1 X123.752 Y147.747 E10.4388
G1 X104.725 Y147.747 E11.35393
G1 X104.725 Y145.297 E11.47177
G1 X145.275 Y145.297 E13.42208
G1 X145.275 Y147.747 E13.53992
G1 X126.184 Y147.747 E14.45813
G1 X126.133 Y147.801 E14.4617
G1 X126.183 Y148.198 F7800
G1 E12.4617 F2400
G92 E0
G1 X124.286 Y146.357 F7800
G1 E2 F2400
;TYPE:Solid infill
G1 F1200
G1 X126.252 Y146.343 E2.09456
;WIDTH:0.421738
G1 X144.229 Y146.343 E2.89582
G1 X144.229 Y146.7 E2.91173
G1 X126.252 Y146.7 E3.71299
;WIDTH:0.45
G1 X125.765 Y146.789 E3.7368
G1 X125.353 Y147.069 E3.76076
G1 X125.096 Y147.458 E3.78318
G1 X125 Y147.909 E3.80536
G1 X124.931 Y147.533 E3.82375
G1 X124.675 Y147.095 E3.84815
G1 X124.238 Y146.791 E3.87375
G1 X123.741 Y146.7 E3.89805
;WIDTH:0.421738
G1 X105.771 Y146.7 E4.699
G1 X105.771 Y146.343 E4.71491
G1 X123.741 Y146.343 E5.51586
;WIDTH:0.439991
G1 X124.093 Y146.352 E5.53236
G1 X125.06 Y146.782 F7800
;WIDTH:0.559423
G1 F1200
G1 X125.016 Y146.738 E5.5362
G1 X124.956 Y146.754 E5.54003
G1 X124.94 Y146.814 E5.54386
G1 X124.984 Y146.857 E5.54766
G1 X125.044 Y146.841 E5.55149
G1 E3.55149 F2400
G92 E0
G1 X145.263 Y62.147 F7800
G1 E2 F2400
;TYPE:External perimeter
;WIDTH:0.474519
G1 F1200
G1 X142.822 Y62.147 E2.12487
G1 X143.222 Y62.147 F7800
G1 E.12487 F2400
G92 E0
G1 X107.178 Y62.147 F7800
G1 E2 F2400
G1 F1200
G1 X104.737 Y62.147 E2.12487
G1 X105.137 Y62.147 F7800
M106 S221.85
;LAYER_CHANGE
;Z:10.55
;HEIGHT:0.3
G1 E.12487 F2400
G92 E0
G1 Z10.55 F7800
;AFTER_LAYER_CHANGE
;10.55
G1 X125.424 Y147.472
G1 E2 F2400
;TYPE:Perimeter
;WIDTH:0.45
G1 F1500
G1 X125.348 Y147.595 E2.00695
G1 X125.288 Y148.024 E2.02778
;WIDTH:0.485112
G1 X125.273 Y148.046 E2.02918
;WIDTH:0.520225
G1 X125.258 Y148.068 E2.03069
;WIDTH:0.555338
G1 X125.243 Y148.091 E2.03237
G1 X125.344 Y148.373 E2.05071
G1 X124.656 Y148.373 E2.09284
G1 X124.757 Y148.091 E2.11118
G1 X124.742 Y148.068 E2.11286
;WIDTH:0.520225
G1 X124.727 Y148.046 E2.11437
;WIDTH:0.485112
G1 X124.712 Y148.024 E2.11577
;WIDTH:0.45
G1 X124.652 Y147.595 E2.1366
G1 X124.463 Y147.288 E2.15394
G1 X124.157 Y147.065 E2.17215
G1 X123.752 Y146.976 E2.19209
G1 X105.496 Y146.976 E3.07014
G1 X105.496 Y146.068 E3.11381
G1 X144.504 Y146.068 E4.98996
G1 X144.504 Y146.976 E5.03363
G1 X126.248 Y146.976 E5.91168
G1 X125.843 Y147.065 E5.93162
G1 X125.537 Y147.288 E5.94983
G1 X125.456 Y147.421 E5.95732
G1 X125.754 Y147.659 F7800
G1 F1500
G1 X125.708 Y147.733 E5.96151
G1 X125.672 Y147.99 E5.97399
G1 X125.752 Y148.237 E5.98648
G1 X126.097 Y148.811 E6.01869
G1 X123.903 Y148.811 E6.12421
G1 X124.248 Y148.237 E6.15642
G1 X124.324 Y148.026 E6.16721
G1 X124.292 Y147.733 E6.18139
G1 X124.178 Y147.549 E6.1918
G1 X123.995 Y147.415 E6.20271
G1 X123.752 Y147.361 E6.21468
G1 X105.111 Y147.361 E7.11125
G1 X105.111 Y145.682 E7.192
G1 X144.889 Y145.682 E9.10518
G1 X144.889 Y147.361 E9.18593
G1 X126.248 Y147.361 E10.0825
G1 X126.005 Y147.415 E10.09447
G1 X125.822 Y147.549 E10.10538
G1 X125.785 Y147.608 E10.10873
G1 X126.092 Y147.845 F7800
;TYPE:External perimeter
G1 F1500
G1 X126.068 Y147.871 E10.11043
G1 X126.083 Y148.039 E10.11854
G1 X126.778 Y149.197 E10.1835
G1 X123.222 Y149.197 E10.35453
G1 X123.948 Y147.987 E10.4224
G1 X123.894 Y147.809 E10.43135
G1 X123.752 Y147.747 E10.4388
G1 X104.725 Y147.747 E11.35393
G1 X104.725 Y145.297 E11.47177
G1 X145.275 Y145.297 E13.42208
G1 X145.275 Y147.747 E13.53992
G1 X126.184 Y147.747 E14.45813
G1 X126.133 Y147.801 E14.4617
G1 X126.183 Y148.198 F7800
G1 E12.4617 F2400
G92 E0
G1 X105.771 Y146.536 F7800
G1 E2 F2400
;TYPE:Solid infill
;WIDTH:0.42174
G1 F1200
G1 X105.771 Y146.7 E2.00731
G1 X123.741 Y146.7 E2.80826
;WIDTH:0.45
G1 X124.238 Y146.791 E2.83256
G1 X124.675 Y147.095 E2.85816
G1 X124.931 Y147.533 E2.88256
G1 X125 Y147.909 E2.90095
G1 X125.096 Y147.458 E2.92313
G1 X125.353 Y147.069 E2.94555
G1 X125.765 Y146.789 E2.96951
G1 X126.252 Y146.7 E2.99332
;WIDTH:0.421738
G1 X144.229 Y146.7 E3.79458
G1 X144.229 Y146.343 E3.81049
G1 X126.252 Y146.343 E4.61175
;WIDTH:0.45
G1 X125.718 Y146.357 E4.63744
G1 X123.741 Y146.343 E4.73253
;WIDTH:0.42174
G1 X105.771 Y146.343 E5.53348
G1 E3.53348 F2400
G92 E0
G1 X124.984 Y146.738 F7800
G1 E2 F2400
;WIDTH:0.559423
G1 F1200
G1 X124.94 Y146.782 E2.00384
G1 X124.956 Y146.841 E2.00761
G1 X125.016 Y146.857 E2.01144
G1 X125.06 Y146.814 E2.01524
G1 X125.044 Y146.754 E2.01907
M106 S224.4
;LAYER_CHANGE
;Z:10.85
;HEIGHT:0.3
G1 Z10.85 F7800
;AFTER_LAYER_CHANGE
;10.85
G1 X125.424 Y147.472
;TYPE:Perimeter
;WIDTH:0.45
G1 F1500
G1 X125.348 Y147.595 E2.02602
G1 X125.288 Y148.024 E2.04685
;WIDTH:0.485112
G1 X125.273 Y148.046 E2.04825
;WIDTH:0.520225
G1 X125.258 Y148.068 E2.04976
;WIDTH:0.555338
G1 X125.243 Y148.091 E2.05144
G1 X125.344 Y148.373 E2.06978
G1 X124.656 Y148.373 E2.11191
G1 X124.757 Y148.091 E2.13025
G1 X124.742 Y148.068 E2.13193
;WIDTH:0.520225
G1 X124.727 Y148.046 E2.13344
;WIDTH:0.485112
G1 X124.712 Y148.024 E2.13484
;WIDTH:0.45
G1 X124.652 Y147.595 E2.15567
G1 X124.463 Y147.288 E2.17301
G1 X124.157 Y147.065 E2.19122
G1 X123.752 Y146.976 E2.21116
G1 X105.496 Y146.976 E3.08921
G1 X105.496 Y146.068 E3.13288
G1 X144.504 Y146.068 E5.00903
G1 X144.504 Y146.976 E5.0527
G1 X126.248 Y146.976 E5.93075
G1 X125.843 Y147.065 E5.95069
G1 X125.537 Y147.288 E5.9689
G1 X125.456 Y147.421 E5.97639
G1 X125.754 Y147.659 F7800
G1 F1500
G1 X125.708 Y147.733 E5.98058
G1 X125.672 Y147.99 E5.99306
G1 X125.752 Y148.237 E6.00555
G1 X126.097 Y148.811 E6.03776
G1 X123.903 Y148.811 E6.14328
G1 X124.248 Y148.237 E6.17549
G1 X124.324 Y148.026 E6.18628
G1 X124.292 Y147.733 E6.20046
G1 X124.178 Y147.549 E6.21087
G1 X123.995 Y147.415 E6.22178
G1 X123.752 Y147.361 E6.23375
G1 X105.111 Y147.361 E7.13032
G1 X105.111 Y145.682 E7.21107
G1 X144.889 Y145.682 E9.12425
G1 X144.889 Y147.361 E9.205
G1 X126.248 Y147.361 E10.10157
G1 X126.005 Y147.415 E10.11354
G1 X125.822 Y147.549 E10.12445
G1 X125.785 Y147.608 E10.1278
G1 X126.092 Y147.845 F7800
;TYPE:External perimeter
G1 F1500
G1 X126.068 Y147.871 E10.1295
G1 X126.083 Y148.039 E10.13761
G1 X126.778 Y149.197 E10.20257
G1 X123.222 Y149.197 E10.3736
G1 X123.948 Y147.987 E10.44147
G1 X123.894 Y147.809 E10.45042
G1 X123.752 Y147.747 E10.45787
G1 X104.725 Y147.747 E11.373
G1 X104.725 Y145.297 E11.49084
G1 X145.275 Y145.297 E13.44115
G1 X145.275 Y147.747 E13.55899
G1 X126.184 Y147.747 E14.4772
G1 X126.133 Y147.801 E14.48077
G1 X126.183 Y148.198 F7800
G1 E12.48077 F2400
G92 E0
G1 X124.286 Y146.357 F7800
G1 E2 F2400
;TYPE:Solid infill
G1 F1200
G1 X126.252 Y146.343 E2.09456
;WIDTH:0.421738
G1 X144.229 Y146.343 E2.89582
G1 X144.229 Y146.7 E2.91173
G1 X126.252 Y146.7 E3.71299
;WIDTH:0.45
G1 X125.765 Y146.789 E3.7368
G1 X125.353 Y147.069 E3.76076
G1 X125.096 Y147.458 E3.78318
G1 X125 Y147.909 E3.80536
G1 X124.931 Y147.533 E3.82375
G1 X124.675 Y147.095 E3.84815
G1 X124.238 Y146.791 E3.87375
G1 X123.741 Y146.7 E3.89805
;WIDTH:0.421738
G1 X105.771 Y146.7 E4.699
G1 X105.771 Y146.343 E4.71491
G1 X123.741 Y146.343 E5.51586
;WIDTH:0.439991
G1 X124.093 Y146.352 E5.53236
G1 X125.06 Y146.782 F7800
;WIDTH:0.559423
G1 F1200
G1 X125.016 Y146.738 E5.5362
G1 X124.956 Y146.754 E5.54003
G1 X124.94 Y146.814 E5.54386
G1 X124.984 Y146.857 E5.54766
G1 X125.044 Y146.841 E5.55149
;LAYER_CHANGE
;Z:11.15
;HEIGHT:0.299999
G1 Z11.15 F7800
;AFTER_LAYER_CHANGE
;11.15
G1 X125.424 Y147.472
;TYPE:Perimeter
;WIDTH:0.45
G1 F1500
G1 X125.348 Y147.595 E5.55844
G1 X125.288 Y148.024 E5.57927
;WIDTH:0.485112
G1 X125.273 Y148.046 E5.58067
;WIDTH:0.520224
G1 X125.258 Y148.068 E5.58218
;WIDTH:0.555337
G1 X125.243 Y148.091 E5.58386
G1 X125.344 Y148.373 E5.6022
G1 X124.656 Y148.373 E5.64433
G1 X124.757 Y148.091 E5.66267
G1 X124.742 Y148.068 E5.66435
;WIDTH:0.520224
G1 X124.727 Y148.046 E5.66586
;WIDTH:0.485112
G1 X124.712 Y148.024 E5.66726
;WIDTH:0.45
G1 X124.652 Y147.595 E5.68809
G1 X124.463 Y147.288 E5.70543
G1 X124.157 Y147.065 E5.72364
G1 X123.752 Y146.976 E5.74358
G1 X105.496 Y146.976 E6.62163
G1 X105.496 Y146.068 E6.6653
G1 X144.504 Y146.068 E8.54145
G1 X144.504 Y146.976 E8.58512
G1 X126.248 Y146.976 E9.46317
G1 X125.843 Y147.065 E9.48311
G1 X125.537 Y147.288 E9.50132
G1 X125.456 Y147.421 E9.50881
G1 X125.754 Y147.659 F7800
G1 F1500
G1 X125.708 Y147.733 E9.513
G1 X125.672 Y147.99 E9.52548
G1 X125.752 Y148.237 E9.53797
G1 X126.097 Y148.811 E9.57018
G1 X123.903 Y148.811 E9.6757
G1 X124.248 Y148.237 E9.70791
G1 X124.324 Y148.026 E9.7187
G1 X124.292 Y147.733 E9.73288
G1 X124.178 Y147.549 E9.74329
G1 X123.995 Y147.415 E9.7542
G1 X123.752 Y147.361 E9.76617
G1 X105.111 Y147.361 E10.66274
G1 X105.111 Y145.682 E10.74349
G1 X144.889 Y145.682 E12.65667
G1 X144.889 Y147.361 E12.73742
G1 X126.248 Y147.361 E13.63399
G1 X126.005 Y147.415 E13.64596
G1 X125.822 Y147.549 E13.65687
G1 X125.785 Y147.608 E13.66022
G1 X126.092 Y147.845 F7800
;TYPE:External perimeter
G1 F1500
G1 X126.068 Y147.871 E13.66192
G1 X126.083 Y148.039 E13.67003
G1 X126.778 Y149.197 E13.73499
G1 X123.222 Y149.197 E13.90602
G1 X123.948 Y147.987 E13.97389
G1 X123.894 Y147.809 E13.98284
G1 X123.752 Y147.747 E13.99029
G1 X104.725 Y147.747 E14.90542
G1 X104.725 Y145.297 E15.02326
G1 X145.275 Y145.297 E16.97357
G1 X145.275 Y147.747 E17.09141
G1 X126.184 Y147.747 E18.00962
G1 X126.133 Y147.801 E18.01319
G1 X126.183 Y148.198 F7800
G1 E16.01319 F2400
G92 E0
G1 X105.771 Y146.536 F7800
G1 E2 F2400
;TYPE:Solid infill
;WIDTH:0.42174
G1 F1200
G1 X105.771 Y146.7 E2.00731
G1 X123.741 Y146.7 E2.80826
;WIDTH:0.45
G1 X124.238 Y146.791 E2.83256
G1 X124.675 Y147.095 E2.85816
G1 X124.931 Y147.533 E2.88256
G1 X125 Y147.909 E2.90095
G1 X125.096 Y147.458 E2.92313
G1 X125.353 Y147.069 E2.94555
G1 X125.765 Y146.789 E2.96951
G1 X126.252 Y146.7 E2.99332
;WIDTH:0.421738
G1 X144.229 Y146.7 E3.79458
G1 X144.229 Y146.343 E3.81049
G1 X126.252 Y146.343 E4.61175
;WIDTH:0.45
G1 X125.718 Y146.357 E4.63744
G1 X123.741 Y146.343 E4.73253
;WIDTH:0.42174
G1 X105.771 Y146.343 E5.53348
G1 E3.53348 F2400
G92 E0
G1 X124.984 Y146.738 F7800
G1 E2 F2400
;WIDTH:0.559423
G1 F1200
G1 X124.94 Y146.782 E2.00384
G1 X124.956 Y146.841 E2.00761
G1 X125.016 Y146.857 E2.01144
G1 X125.06 Y146.814 E2.01524
G1 X125.044 Y146.754 E2.01907
;LAYER_CHANGE
;Z:11.45
;HEIGHT:0.3
G1 Z11.45 F7800
;AFTER_LAYER_CHANGE
;11.45
G1 X125.424 Y147.472
;TYPE:Perimeter
;WIDTH:0.45
G1 F1500
G1 X125.348 Y147.595 E2.02602
G1 X125.288 Y148.024 E2.04685
;WIDTH:0.485112
G1 X125.273 Y148.046 E2.04825
;WIDTH:0.520224
G1 X125.258 Y148.068 E2.04976
;WIDTH:0.555337
G1 X125.243 Y148.091 E2.05144
G1 X125.344 Y148.373 E2.06978
G1 X124.656 Y148.373 E2.11191
G1 X124.757 Y148.091 E2.13025
G1 X124.742 Y148.068 E2.13193
;WIDTH:0.520224
G1 X124.727 Y148.046 E2.13344
;WIDTH:0.485112
G1 X124.712 Y148.024 E2.13484
;WIDTH:0.45
G1 X124.652 Y147.595 E2.15567
G1 X124.463 Y147.288 E2.17301
G1 X124.157 Y147.065 E2.19122
G1 X123.752 Y146.976 E2.21116
G1 X105.496 Y146.976 E3.08921
G1 X105.496 Y146.068 E3.13288
G1 X144.504 Y146.068 E5.00903
G1 X144.504 Y146.976 E5.0527
G1 X126.248 Y146.976 E5.93075
G1 X125.843 Y147.065 E5.95069
G1 X125.537 Y147.288 E5.9689
G1 X125.456 Y147.421 E5.97639
G1 X125.754 Y147.659 F7800
G1 F1500
G1 X125.708 Y147.733 E5.98058
G1 X125.672 Y147.99 E5.99306
G1 X125.752 Y148.237 E6.00555
G1 X126.097 Y148.811 E6.03776
G1 X123.903 Y148.811 E6.14328
G1 X124.248 Y148.237 E6.17549
G1 X124.324 Y148.026 E6.18628
G1 X124.292 Y147.733 E6.20046
G1 X124.178 Y147.549 E6.21087
G1 X123.995 Y147.415 E6.22178
G1 X123.752 Y147.361 E6.23375
G1 X105.111 Y147.361 E7.13032
G1 X105.111 Y145.682 E7.21107
G1 X144.889 Y145.682 E9.12425
G1 X144.889 Y147.361 E9.205
G1 X126.248 Y147.361 E10.10157
G1 X126.005 Y147.415 E10.11354
G1 X125.822 Y147.549 E10.12445
G1 X125.785 Y147.608 E10.1278
G1 X126.092 Y147.845 F7800
;TYPE:External perimeter
G1 F1500
G1 X126.068 Y147.871 E10.1295
G1 X126.083 Y148.039 E10.13761
G1 X126.778 Y149.197 E10.20257
G1 X123.222 Y149.197 E10.3736
G1 X123.948 Y147.987 E10.44147
G1 X123.894 Y147.809 E10.45042
G1 X123.752 Y147.747 E10.45787
G1 X104.725 Y147.747 E11.373
G1 X104.725 Y145.297 E11.49084
G1 X145.275 Y145.297 E13.44115
G1 X145.275 Y147.747 E13.55899
G1 X126.184 Y147.747 E14.4772
G1 X126.133 Y147.801 E14.48077
G1 X126.183 Y148.198 F7800
G1 E12.48077 F2400
G92 E0
G1 X124.286 Y146.357 F7800
G1 E2 F2400
;TYPE:Solid infill
G1 F1200
G1 X126.252 Y146.343 E2.09456
;WIDTH:0.421738
G1 X144.229 Y146.343 E2.89582
G1 X144.229 Y146.7 E2.91173
G1 X126.252 Y146.7 E3.71299
;WIDTH:0.45
G1 X125.765 Y146.789 E3.7368
G1 X125.353 Y147.069 E3.76076
G1 X125.096 Y147.458 E3.78318
G1 X125 Y147.909 E3.80536
G1 X124.931 Y147.533 E3.82375
G1 X124.675 Y147.095 E3.84815
G1 X124.238 Y146.791 E3.87375
G1 X123.741 Y146.7 E3.89805
;WIDTH:0.421738
G1 X105.771 Y146.7 E4.699
G1 X105.771 Y146.343 E4.71491
G1 X123.741 Y146.343 E5.51586
;WIDTH:0.439991
G1 X124.093 Y146.352 E5.53236
G1 X125.06 Y146.782 F7800
;WIDTH:0.559423
G1 F1200
G1 X125.016 Y146.738 E5.5362
G1 X124.956 Y146.754 E5.54003
G1 X124.94 Y146.814 E5.54386
G1 X124.984 Y146.857 E5.54766
G1 X125.044 Y146.841 E5.55149
;LAYER_CHANGE
;Z:11.75
;HEIGHT:0.3
G1 Z11.75 F7800
;AFTER_LAYER_CHANGE
;11.75
G1 X125.424 Y147.472
;TYPE:Perimeter
;WIDTH:0.45
G1 F1500
G1 X125.348 Y147.595 E5.55844
G1 X125.288 Y148.024 E5.57927
;WIDTH:0.485112
G1 X125.273 Y148.046 E5.58067
;WIDTH:0.520224
G1 X125.258 Y148.068 E5.58218
;WIDTH:0.555337
G1 X125.243 Y148.091 E5.58386
G1 X125.344 Y148.373 E5.6022
G1 X124.656 Y148.373 E5.64433
G1 X124.757 Y148.091 E5.66267
G1 X124.742 Y148.068 E5.66435
;WIDTH:0.520224
G1 X124.727 Y148.046 E5.66586
;WIDTH:0.485112
G1 X124.712 Y148.024 E5.66726
;WIDTH:0.45
G1 X124.652 Y147.595 E5.68809
G1 X124.463 Y147.288 E5.70543
G1 X124.157 Y147.065 E5.72364
G1 X123.752 Y146.976 E5.74358
G1 X105.496 Y146.976 E6.62163
G1 X105.496 Y146.068 E6.6653
G1 X144.504 Y146.068 E8.54145
G1 X144.504 Y146.976 E8.58512
G1 X126.248 Y146.976 E9.46317
G1 X125.843 Y147.065 E9.48311
G1 X125.537 Y147.288 E9.50132
G1 X125.456 Y147.421 E9.50881
G1 X125.754 Y147.659 F7800
G1 F1500
G1 X125.708 Y147.733 E9.513
G1 X125.672 Y147.99 E9.52548
G1 X125.752 Y148.237 E9.53797
G1 X126.097 Y148.811 E9.57018
G1 X123.903 Y148.811 E9.6757
G1 X124.248 Y148.237 E9.70791
G1 X124.324 Y148.026 E9.7187
G1 X124.292 Y147.733 E9.73288
G1 X124.178 Y147.549 E9.74329
G1 X123.995 Y147.415 E9.7542
G1 X123.752 Y147.361 E9.76617
G1 X105.111 Y147.361 E10.66274
G1 X105.111 Y145.682 E10.74349
G1 X144.889 Y145.682 E12.65667
G1 X144.889 Y147.361 E12.73742
G1 X126.248 Y147.361 E13.63399
G1 X126.005 Y147.415 E13.64596
G1 X125.822 Y147.549 E13.65687
G1 X125.785 Y147.608 E13.66022
G1 X126.092 Y147.845 F7800
;TYPE:External perimeter
G1 F1500
G1 X126.068 Y147.871 E13.66192
G1 X126.083 Y148.039 E13.67003
G1 X126.778 Y149.197 E13.73499
G1 X123.222 Y149.197 E13.90602
G1 X123.948 Y147.987 E13.97389
G1 X123.894 Y147.809 E13.98284
G1 X123.752 Y147.747 E13.99029
G1 X104.725 Y147.747 E14.90542
G1 X104.725 Y145.297 E15.02326
G1 X145.275 Y145.297 E16.97357
G1 X145.275 Y147.747 E17.09141
G1 X126.184 Y147.747 E18.00962
G1 X126.133 Y147.801 E18.01319
G1 X126.183 Y148.198 F7800
G1 E16.01319 F2400
G92 E0
G1 X105.771 Y146.536 F7800
G1 E2 F2400
;TYPE:Solid infill
;WIDTH:0.42174
G1 F1200
G1 X105.771 Y146.7 E2.00731
G1 X123.741 Y146.7 E2.80826
;WIDTH:0.45
G1 X124.238 Y146.791 E2.83256
G1 X124.675 Y147.095 E2.85816
G1 X124.931 Y147.533 E2.88256
G1 X125 Y147.909 E2.90095
G1 X125.096 Y147.458 E2.92313
G1 X125.353 Y147.069 E2.94555
G1 X125.765 Y146.789 E2.96951
G1 X126.252 Y146.7 E2.99332
;WIDTH:0.421738
G1 X144.229 Y146.7 E3.79458
G1 X144.229 Y146.343 E3.81049
G1 X126.252 Y146.343 E4.61175
;WIDTH:0.45
G1 X125.718 Y146.357 E4.63744
G1 X123.741 Y146.343 E4.73253
;WIDTH:0.42174
G1 X105.771 Y146.343 E5.53348
G1 E3.53348 F2400
G92 E0
G1 X124.984 Y146.738 F7800
G1 E2 F2400
;WIDTH:0.559423
G1 F1200
G1 X124.94 Y146.782 E2.00384
G1 X124.956 Y146.841 E2.00761
G1 X125.016 Y146.857 E2.01144
G1 X125.06 Y146.814 E2.01524
G1 X125.044 Y146.754 E2.01907
;LAYER_CHANGE
;Z:12.05
;HEIGHT:0.3
G1 Z12.05 F7800
;AFTER_LAYER_CHANGE
;12.05
G1 X125.424 Y147.472
;TYPE:Perimeter
;WIDTH:0.45
G1 F1500
G1 X125.348 Y147.595 E2.02602
G1 X125.288 Y148.024 E2.04685
;WIDTH:0.485112
G1 X125.273 Y148.046 E2.04825
;WIDTH:0.520224
G1 X125.258 Y148.068 E2.04976
;WIDTH:0.555337
G1 X125.243 Y148.091 E2.05144
G1 X125.344 Y148.373 E2.06978
G1 X124.656 Y148.373 E2.11191
G1 X124.757 Y148.091 E2.13025
G1 X124.742 Y148.068 E2.13193
;WIDTH:0.520224
G1 X124.727 Y148.046 E2.13344
;WIDTH:0.485112
G1 X124.712 Y148.024 E2.13484
;WIDTH:0.45
G1 X124.652 Y147.595 E2.15567
G1 X124.463 Y147.288 E2.17301
G1 X124.157 Y147.065 E2.19122
G1 X123.752 Y146.976 E2.21116
G1 X105.496 Y146.976 E3.08921
G1 X105.496 Y146.068 E3.13288
G1 X144.504 Y146.068 E5.00903
G1 X144.504 Y146.976 E5.0527
G1 X126.248 Y146.976 E5.93075
G1 X125.843 Y147.065 E5.95069
G1 X125.537 Y147.288 E5.9689
G1 X125.456 Y147.421 E5.97639
G1 X125.754 Y147.659 F7800
G1 F1500
G1 X125.708 Y147.733 E5.98058
G1 X125.672 Y147.99 E5.99306
G1 X125.752 Y148.237 E6.00555
G1 X126.097 Y148.811 E6.03776
G1 X123.903 Y148.811 E6.14328
G1 X124.248 Y148.237 E6.17549
G1 X124.324 Y148.026 E6.18628
G1 X124.292 Y147.733 E6.20046
G1 X124.178 Y147.549 E6.21087
G1 X123.995 Y147.415 E6.22178
G1 X123.752 Y147.361 E6.23375
G1 X105.111 Y147.361 E7.13032
G1 X105.111 Y145.682 E7.21107
G1 X144.889 Y145.682 E9.12425
G1 X144.889 Y147.361 E9.205
G1 X126.248 Y147.361 E10.10157
G1 X126.005 Y147.415 E10.11354
G1 X125.822 Y147.549 E10.12445
G1 X125.785 Y147.608 E10.1278
G1 X126.092 Y147.845 F7800
;TYPE:External perimeter
G1 F1500
G1 X126.068 Y147.871 E10.1295
G1 X126.083 Y148.039 E10.13761
G1 X126.778 Y149.197 E10.20257
G1 X123.222 Y149.197 E10.3736
G1 X123.948 Y147.987 E10.44147
G1 X123.894 Y147.809 E10.45042
G1 X123.752 Y147.747 E10.45787
G1 X104.725 Y147.747 E11.373
G1 X104.725 Y145.297 E11.49084
G1 X145.275 Y145.297 E13.44115
G1 X145.275 Y147.747 E13.55899
G1 X126.184 Y147.747 E14.4772
G1 X126.133 Y147.801 E14.48077
G1 X126.183 Y148.198 F7800
G1 E12.48077 F2400
G92 E0
G1 X124.286 Y146.357 F7800
G1 E2 F2400
;TYPE:Solid infill
G1 F1200
G1 X126.252 Y146.343 E2.09456
;WIDTH:0.421738
G1 X144.229 Y146.343 E2.89582
G1 X144.229 Y146.7 E2.91173
G1 X126.252 Y146.7 E3.71299
;WIDTH:0.45
G1 X125.765 Y146.789 E3.7368
G1 X125.353 Y147.069 E3.76076
G1 X125.096 Y147.458 E3.78318
G1 X125 Y147.909 E3.80536
G1 X124.931 Y147.533 E3.82375
G1 X124.675 Y147.095 E3.84815
G1 X124.238 Y146.791 E3.87375
G1 X123.741 Y146.7 E3.89805
;WIDTH:0.421738
G1 X105.771 Y146.7 E4.699
G1 X105.771 Y146.343 E4.71491
G1 X123.741 Y146.343 E5.51586
;WIDTH:0.439991
G1 X124.093 Y146.352 E5.53236
G1 X125.06 Y146.782 F7800
;WIDTH:0.559423
G1 F1200
G1 X125.016 Y146.738 E5.5362
G1 X124.956 Y146.754 E5.54003
G1 X124.94 Y146.814 E5.54386
G1 X124.984 Y146.857 E5.54766
G1 X125.044 Y146.841 E5.55149
;LAYER_CHANGE
;Z:12.35
;HEIGHT:0.3
G1 Z12.35 F7800
;AFTER_LAYER_CHANGE
;12.35
G1 X125.424 Y147.472
;TYPE:Perimeter
;WIDTH:0.45
G1 F1500
G1 X125.348 Y147.595 E5.55844
G1 X125.288 Y148.024 E5.57927
;WIDTH:0.485112
G1 X125.273 Y148.046 E5.58067
;WIDTH:0.520224
G1 X125.258 Y148.068 E5.58218
;WIDTH:0.555336
G1 X125.243 Y148.091 E5.58386
G1 X125.344 Y148.373 E5.6022
G1 X124.656 Y148.373 E5.64433
G1 X124.757 Y148.091 E5.66267
G1 X124.742 Y148.068 E5.66435
;WIDTH:0.520224
G1 X124.727 Y148.046 E5.66586
;WIDTH:0.485112
G1 X124.712 Y148.024 E5.66726
;WIDTH:0.45
G1 X124.652 Y147.595 E5.68809
G1 X124.463 Y147.288 E5.70543
G1 X124.157 Y147.065 E5.72364
G1 X123.752 Y146.976 E5.74358
G1 X105.496 Y146.976 E6.62163
G1 X105.496 Y146.068 E6.6653
G1 X144.504 Y146.068 E8.54145
G1 X144.504 Y146.976 E8.58512
G1 X126.248 Y146.976 E9.46317
G1 X125.843 Y147.065 E9.48311
G1 X125.537 Y147.288 E9.50132
G1 X125.456 Y147.421 E9.50881
G1 X125.754 Y147.659 F7800
G1 F1500
G1 X125.708 Y147.733 E9.513
G1 X125.672 Y147.99 E9.52548
G1 X125.752 Y148.237 E9.53797
G1 X126.097 Y148.811 E9.57018
G1 X123.903 Y148.811 E9.6757
G1 X124.248 Y148.237 E9.70791
G1 X124.324 Y148.026 E9.7187
G1 X124.292 Y147.733 E9.73288
G1 X124.178 Y147.549 E9.74329
G1 X123.995 Y147.415 E9.7542
G1 X123.752 Y147.361 E9.76617
G1 X105.111 Y147.361 E10.66274
G1 X105.111 Y145.682 E10.74349
G1 X144.889 Y145.682 E12.65667
G1 X144.889 Y147.361 E12.73742
G1 X126.248 Y147.361 E13.63399
G1 X126.005 Y147.415 E13.64596
G1 X125.822 Y147.549 E13.65687
G1 X125.785 Y147.608 E13.66022
G1 X126.092 Y147.845 F7800
;TYPE:External perimeter
G1 F1500
G1 X126.068 Y147.871 E13.66192
G1 X126.083 Y148.039 E13.67003
G1 X126.778 Y149.197 E13.73499
G1 X123.222 Y149.197 E13.90602
G1 X123.948 Y147.987 E13.97389
G1 X123.894 Y147.809 E13.98284
G1 X123.752 Y147.747 E13.99029
G1 X104.725 Y147.747 E14.90542
G1 X104.725 Y145.297 E15.02326
G1 X145.275 Y145.297 E16.97357
G1 X145.275 Y147.747 E17.09141
G1 X126.184 Y147.747 E18.00962
G1 X126.133 Y147.801 E18.01319
G1 X126.183 Y148.198 F7800
G1 E16.01319 F2400
G92 E0
G1 X105.771 Y146.536 F7800
G1 E2 F2400
;TYPE:Solid infill
;WIDTH:0.42174
G1 F1200
G1 X105.771 Y146.7 E2.00731
G1 X123.741 Y146.7 E2.80826
;WIDTH:0.45
G1 X124.238 Y146.791 E2.83256
G1 X124.675 Y147.095 E2.85816
G1 X124.931 Y147.533 E2.88256
G1 X125 Y147.909 E2.90095
G1 X125.096 Y147.458 E2.92313
G1 X125.353 Y147.069 E2.94555
G1 X125.765 Y146.789 E2.96951
G1 X126.252 Y146.7 E2.99332
;WIDTH:0.421738
G1 X144.229 Y146.7 E3.79458
G1 X144.229 Y146.343 E3.81049
G1 X126.252 Y146.343 E4.61175
;WIDTH:0.45
G1 X125.718 Y146.357 E4.63744
G1 X123.741 Y146.343 E4.73253
;WIDTH:0.42174
G1 X105.771 Y146.343 E5.53348
G1 E3.53348 F2400
G92 E0
G1 X124.984 Y146.738 F7800
G1 E2 F2400
;WIDTH:0.559423
G1 F1200
G1 X124.94 Y146.782 E2.00384
G1 X124.956 Y146.841 E2.00761
G1 X125.016 Y146.857 E2.01144
G1 X125.06 Y146.814 E2.01524
G1 X125.044 Y146.754 E2.01907
;LAYER_CHANGE
;Z:12.65
;HEIGHT:0.299999
G1 Z12.65 F7800
;AFTER_LAYER_CHANGE
;12.65
G1 X125.424 Y147.472
;TYPE:Perimeter
;WIDTH:0.45
G1 F1500
G1 X125.348 Y147.595 E2.02602
G1 X125.288 Y148.024 E2.04685
;WIDTH:0.485112
G1 X125.273 Y148.046 E2.04825
;WIDTH:0.520225
G1 X125.258 Y148.068 E2.04976
;WIDTH:0.555338
G1 X125.243 Y148.091 E2.05144
G1 X125.344 Y148.373 E2.06978
G1 X124.656 Y148.373 E2.11191
G1 X124.757 Y148.091 E2.13025
G1 X124.742 Y148.068 E2.13193
;WIDTH:0.520225
G1 X124.727 Y148.046 E2.13344
;WIDTH:0.485112
G1 X124.712 Y148.024 E2.13484
;WIDTH:0.45
G1 X124.652 Y147.595 E2.15567
G1 X124.463 Y147.289 E2.17297
G1 X124.157 Y147.065 E2.19121
G1 X123.752 Y146.976 E2.21115
G1 X105.496 Y146.976 E3.0892
G1 X105.496 Y146.068 E3.13287
G1 X144.504 Y146.068 E5.00902
G1 X144.504 Y146.976 E5.05269
G1 X126.248 Y146.976 E5.93074
G1 X125.843 Y147.065 E5.95068
G1 X125.537 Y147.289 E5.96892
G1 X125.456 Y147.421 E5.97637
G1 X125.754 Y147.659 F7800
G1 F1500
G1 X125.708 Y147.733 E5.98056
G1 X125.672 Y147.99 E5.99304
G1 X125.752 Y148.237 E6.00553
G1 X126.097 Y148.811 E6.03774
G1 X123.903 Y148.811 E6.14326
G1 X124.248 Y148.237 E6.17547
G1 X124.324 Y148.026 E6.18626
G1 X124.292 Y147.733 E6.20044
G1 X124.178 Y147.549 E6.21085
G1 X123.995 Y147.415 E6.22176
G1 X123.752 Y147.361 E6.23373
G1 X105.111 Y147.361 E7.1303
G1 X105.111 Y145.682 E7.21105
G1 X144.889 Y145.682 E9.12423
G1 X144.889 Y147.361 E9.20498
G1 X126.248 Y147.361 E10.10155
G1 X126.005 Y147.415 E10.11352
G1 X125.822 Y147.549 E10.12443
G1 X125.785 Y147.608 E10.12778
G1 X126.092 Y147.845 F7800
;TYPE:External perimeter
G1 F1500
G1 X126.068 Y147.871 E10.12948
G1 X126.083 Y148.039 E10.13759
G1 X126.778 Y149.197 E10.20255
G1 X123.222 Y149.197 E10.37358
G1 X123.948 Y147.987 E10.44145
G1 X123.894 Y147.809 E10.4504
G1 X123.752 Y147.747 E10.45785
G1 X104.725 Y147.747 E11.37298
G1 X104.725 Y145.297 E11.49082
G1 X145.275 Y145.297 E13.44113
G1 X145.275 Y147.747 E13.55897
G1 X126.184 Y147.747 E14.47718
G1 X126.133 Y147.801 E14.48075
G1 X126.183 Y148.198 F7800
G1 E12.48075 F2400
G92 E0
G1 X124.286 Y146.357 F7800
G1 E2 F2400
;TYPE:Solid infill
G1 F1200
G1 X126.252 Y146.343 E2.09456
;WIDTH:0.421738
G1 X144.229 Y146.343 E2.89582
G1 X144.229 Y146.7 E2.91173
G1 X126.252 Y146.7 E3.71299
;WIDTH:0.45
G1 X125.765 Y146.789 E3.7368
G1 X125.353 Y147.069 E3.76076
G1 X125.096 Y147.458 E3.78318
G1 X125 Y147.909 E3.80536
G1 X124.931 Y147.533 E3.82375
G1 X124.675 Y147.095 E3.84815
G1 X124.238 Y146.791 E3.87375
G1 X123.741 Y146.7 E3.89805
;WIDTH:0.421738
G1 X105.771 Y146.7 E4.699
G1 X105.771 Y146.343 E4.71491
G1 X123.741 Y146.343 E5.51586
;WIDTH:0.439991
G1 X124.093 Y146.352 E5.53236
G1 X125.06 Y146.782 F7800
;WIDTH:0.559423
G1 F1200
G1 X125.016 Y146.738 E5.5362
G1 X124.956 Y146.754 E5.54003
G1 X124.94 Y146.814 E5.54386
G1 X124.984 Y146.857 E5.54766
G1 X125.044 Y146.841 E5.55149
;LAYER_CHANGE
;Z:12.95
;HEIGHT:0.3
G1 Z12.95 F7800
;AFTER_LAYER_CHANGE
;12.95
G1 X125.424 Y147.472
;TYPE:Perimeter
;WIDTH:0.45
G1 F1500
G1 X125.348 Y147.595 E5.55844
G1 X125.288 Y148.024 E5.57927
;WIDTH:0.485112
G1 X125.273 Y148.046 E5.58067
;WIDTH:0.520225
G1 X125.258 Y148.068 E5.58218
;WIDTH:0.555338
G1 X125.243 Y148.091 E5.58386
G1 X125.344 Y148.373 E5.6022
G1 X124.656 Y148.373 E5.64433
G1 X124.757 Y148.091 E5.66267
G1 X124.742 Y148.068 E5.66435
;WIDTH:0.520225
G1 X124.727 Y148.046 E5.66586
;WIDTH:0.485112
G1 X124.712 Y148.024 E5.66726
;WIDTH:0.45
G1 X124.652 Y147.595 E5.68809
G1 X124.463 Y147.289 E5.70539
G1 X124.157 Y147.065 E5.72363
G1 X123.752 Y146.976 E5.74357
G1 X105.496 Y146.976 E6.62162
G1 X105.496 Y146.068 E6.66529
G1 X144.504 Y146.068 E8.54144
G1 X144.504 Y146.976 E8.58511
G1 X126.248 Y146.976 E9.46316
G1 X125.843 Y147.065 E9.4831
G1 X125.537 Y147.289 E9.50134
G1 X125.456 Y147.421 E9.50879
G1 X125.754 Y147.659 F7800
G1 F1500
G1 X125.708 Y147.733 E9.51298
G1 X125.672 Y147.99 E9.52546
G1 X125.752 Y148.237 E9.53795
G1 X126.097 Y148.811 E9.57016
G1 X123.903 Y148.811 E9.67568
G1 X124.248 Y148.237 E9.70789
G1 X124.324 Y148.026 E9.71868
G1 X124.292 Y147.733 E9.73286
G1 X124.178 Y147.549 E9.74327
G1 X123.995 Y147.415 E9.75418
G1 X123.752 Y147.361 E9.76615
G1 X105.111 Y147.361 E10.66272
G1 X105.111 Y145.682 E10.74347
G1 X144.889 Y145.682 E12.65665
G1 X144.889 Y147.361 E12.7374
G1 X126.248 Y147.361 E13.63397
G1 X126.005 Y147.415 E13.64594
G1 X125.822 Y147.549 E13.65685
G1 X125.785 Y147.608 E13.6602
G1 X126.092 Y147.845 F7800
;TYPE:External perimeter
G1 F1500
G1 X126.068 Y147.871 E13.6619
G1 X126.083 Y148.039 E13.67001
G1 X126.778 Y149.197 E13.73497
G1 X123.222 Y149.197 E13.906
G1 X123.948 Y147.987 E13.97387
G1 X123.894 Y147.809 E13.98282
G1 X123.752 Y147.747 E13.99027
G1 X104.725 Y147.747 E14.9054
G1 X104.725 Y145.297 E15.02324
G1 X145.275 Y145.297 E16.97355
G1 X145.275 Y147.747 E17.09139
G1 X126.184 Y147.747 E18.0096
G1 X126.133 Y147.801 E18.01317
G1 X126.183 Y148.198 F7800
G1 E16.01317 F2400
G92 E0
G1 X105.771 Y146.536 F7800
G1 E2 F2400
;TYPE:Solid infill
;WIDTH:0.42174
G1 F1200
G1 X105.771 Y146.7 E2.00731
G1 X123.741 Y146.7 E2.80826
;WIDTH:0.45
G1 X124.238 Y146.791 E2.83256
G1 X124.675 Y147.095 E2.85816
G1 X124.931 Y147.533 E2.88256
G1 X125 Y147.909 E2.90095
G1 X125.096 Y147.458 E2.92313
G1 X125.353 Y147.069 E2.94555
G1 X125.765 Y146.789 E2.96951
G1 X126.252 Y146.7 E2.99332
;WIDTH:0.421738
G1 X144.229 Y146.7 E3.79458
G1 X144.229 Y146.343 E3.81049
G1 X126.252 Y146.343 E4.61175
;WIDTH:0.45
G1 X125.718 Y146.357 E4.63744
G1 X123.741 Y146.343 E4.73253
;WIDTH:0.42174
G1 X105.771 Y146.343 E5.53348
G1 E3.53348 F2400
G92 E0
G1 X124.984 Y146.738 F7800
G1 E2 F2400
;WIDTH:0.559423
G1 F1200
G1 X124.94 Y146.782 E2.00384
G1 X124.956 Y146.841 E2.00761
G1 X125.016 Y146.857 E2.01144
G1 X125.06 Y146.814 E2.01524
G1 X125.044 Y146.754 E2.01907
M106 S219.3
;LAYER_CHANGE
;Z:13.25
;HEIGHT:0.3
G1 Z13.25 F7800
;AFTER_LAYER_CHANGE
;13.25
G1 X125.424 Y147.472
;TYPE:Perimeter
;WIDTH:0.45
G1 F1500
G1 X125.348 Y147.595 E2.02602
G1 X125.288 Y148.024 E2.04685
;WIDTH:0.485113
G1 X125.273 Y148.046 E2.04825
;WIDTH:0.520226
G1 X125.258 Y148.068 E2.04976
;WIDTH:0.555339
G1 X125.243 Y148.091 E2.05144
G1 X125.344 Y148.373 E2.06978
G1 X124.656 Y148.373 E2.11191
G1 X124.757 Y148.091 E2.13025
G1 X124.742 Y148.068 E2.13193
;WIDTH:0.520226
G1 X124.727 Y148.046 E2.13344
;WIDTH:0.485113
G1 X124.712 Y148.024 E2.13484
;WIDTH:0.45
G1 X124.652 Y147.595 E2.15567
G1 X124.463 Y147.289 E2.17297
G1 X124.157 Y147.065 E2.19121
G1 X123.752 Y146.976 E2.21115
G1 X105.496 Y146.976 E3.0892
G1 X105.496 Y146.068 E3.13287
G1 X144.504 Y146.068 E5.00902
G1 X144.504 Y146.976 E5.05269
G1 X126.248 Y146.976 E5.93074
G1 X125.843 Y147.065 E5.95068
G1 X125.537 Y147.289 E5.96892
G1 X125.456 Y147.421 E5.97637
G1 X125.754 Y147.659 F7800
G1 F1500
G1 X125.708 Y147.733 E5.98056
G1 X125.672 Y147.99 E5.99304
G1 X125.752 Y148.237 E6.00553
G1 X126.097 Y148.811 E6.03774
G1 X123.903 Y148.811 E6.14326
G1 X124.248 Y148.237 E6.17547
G1 X124.324 Y148.026 E6.18626
G1 X124.292 Y147.733 E6.20044
G1 X124.178 Y147.549 E6.21085
G1 X123.995 Y147.415 E6.22176
G1 X123.752 Y147.361 E6.23373
G1 X105.111 Y147.361 E7.1303
G1 X105.111 Y145.682 E7.21105
G1 X144.889 Y145.682 E9.12423
G1 X144.889 Y147.361 E9.20498
G1 X126.248 Y147.361 E10.10155
G1 X126.005 Y147.415 E10.11352
G1 X125.822 Y147.549 E10.12443
G1 X125.785 Y147.608 E10.12778
G1 X126.092 Y147.845 F7800
;TYPE:External perimeter
G1 F1500
G1 X126.068 Y147.871 E10.12948
G1 X126.083 Y148.039 E10.13759
G1 X126.778 Y149.197 E10.20255
G1 X123.222 Y149.197 E10.37358
G1 X123.948 Y147.987 E10.44145
G1 X123.894 Y147.809 E10.4504
G1 X123.752 Y147.747 E10.45785
G1 X104.725 Y147.747 E11.37298
G1 X104.725 Y145.297 E11.49082
G1 X145.275 Y145.297 E13.44113
G1 X145.275 Y147.747 E13.55897
G1 X126.184 Y147.747 E14.47718
G1 X126.133 Y147.801 E14.48075
G1 X126.183 Y148.198 F7800
G1 E12.48075 F2400
G92 E0
G1 X143.71 Y146.862 F7800
G1 E2 F2400
;TYPE:Top solid infill
;WIDTH:0.401146
G1 F900
G1 X144.24 Y146.332 E2.03148
G1 X143.764 Y146.332 E2.05147
G1 X143.384 Y146.711 E2.07401
G1 X142.908 Y146.711 E2.094
G1 X143.287 Y146.332 E2.11651
G1 X142.811 Y146.332 E2.1365
G1 X142.432 Y146.711 E2.15901
G1 X141.956 Y146.711 E2.179
G1 X142.335 Y146.332 E2.20151
G1 X141.859 Y146.332 E2.2215
G1 X141.479 Y146.711 E2.24404
G1 X141.003 Y146.711 E2.26403
G1 X141.382 Y146.332 E2.28654
G1 X140.906 Y146.332 E2.30653
G1 X140.527 Y146.711 E2.32904
G1 X140.051 Y146.711 E2.34903
G1 X140.43 Y146.332 E2.37154
G1 X139.953 Y146.332 E2.39158
G1 X139.574 Y146.711 E2.41409
G1 X139.098 Y146.711 E2.43408
G1 X139.477 Y146.332 E2.45659
G1 X139.001 Y146.332 E2.47658
G1 X138.622 Y146.711 E2.49909
G1 X138.146 Y146.711 E2.51908
G1 X138.525 Y146.332 E2.54159
G1 X138.048 Y146.332 E2.56163
G1 X137.669 Y146.711 E2.58414
G1 X137.193 Y146.711 E2.60413
G1 X137.572 Y146.332 E2.62664
G1 X137.096 Y146.332 E2.64663
G1 X136.717 Y146.711 E2.66914
G1 X136.241 Y146.711 E2.68913
G1 X136.62 Y146.332 E2.71164
G1 X136.143 Y146.332 E2.73168
G1 X135.764 Y146.711 E2.75419
G1 X135.288 Y146.711 E2.77418
G1 X135.667 Y146.332 E2.79669
G1 X135.191 Y146.332 E2.81668
G1 X134.812 Y146.711 E2.83919
G1 X134.336 Y146.711 E2.85918
G1 X134.715 Y146.332 E2.88169
G1 X134.238 Y146.332 E2.90173
G1 X133.859 Y146.711 E2.92424
G1 X133.383 Y146.711 E2.94423
G1 X133.762 Y146.332 E2.96674
G1 X133.286 Y146.332 E2.98673
G1 X132.907 Y146.711 E3.00924
G1 X132.431 Y146.711 E3.02923
G1 X132.81 Y146.332 E3.05174
G1 X132.333 Y146.332 E3.07178
G1 X131.954 Y146.711 E3.09429
G1 X131.478 Y146.711 E3.11428
G1 X131.857 Y146.332 E3.13679
G1 X131.381 Y146.332 E3.15678
G1 X131.002 Y146.711 E3.17929
G1 X130.525 Y146.711 E3.19933
G1 X130.905 Y146.332 E3.22187
G1 X130.428 Y146.332 E3.24191
G1 X130.049 Y146.711 E3.26442
G1 X129.573 Y146.711 E3.28441
G1 X129.952 Y146.332 E3.30692
G1 X129.476 Y146.332 E3.32691
G1 X129.097 Y146.711 E3.34942
G1 X128.62 Y146.711 E3.36946
G1 X129 Y146.332 E3.392
G1 X128.523 Y146.332 E3.41204
G1 X128.144 Y146.711 E3.43455
G1 X127.668 Y146.711 E3.45454
G1 X128.047 Y146.332 E3.47705
G1 X127.571 Y146.332 E3.49704
G1 X127.192 Y146.711 E3.51955
G1 X126.715 Y146.711 E3.53959
G1 X127.095 Y146.332 E3.56213
G1 X126.618 Y146.332 E3.58217
G1 X126.073 Y146.878 E3.61457
G1 X125.219 Y147.731 F7800
G1 F900
G1 X125.017 Y147.934 E3.6266
G1 X124.961 Y147.934 E3.62895
G1 X124.91 Y147.565 E3.6446
G1 X126.142 Y146.332 E3.71781
G1 X125.666 Y146.332 E3.7378
G1 X124.747 Y147.251 E3.79239
G1 X124.658 Y147.109 E3.79943
G1 X124.517 Y147.005 E3.80679
G1 X125.19 Y146.332 E3.84677
G1 X124.713 Y146.332 E3.86681
G1 X124.231 Y146.815 E3.89547
G1 X123.84 Y146.729 E3.91229
G1 X124.237 Y146.332 E3.93587
G1 X123.761 Y146.332 E3.95586
G1 X123.382 Y146.711 E3.97837
G1 X122.905 Y146.711 E3.99841
G1 X123.284 Y146.332 E4.02092
G1 X122.808 Y146.332 E4.04091
G1 X122.429 Y146.711 E4.06342
G1 X121.953 Y146.711 E4.08341
G1 X122.332 Y146.332 E4.10592
G1 X121.856 Y146.332 E4.12591
G1 X121.477 Y146.711 E4.14842
G1 X121 Y146.711 E4.16846
G1 X121.379 Y146.332 E4.19097
G1 X120.903 Y146.332 E4.21096
G1 X120.524 Y146.711 E4.23347
G1 X120.048 Y146.711 E4.25346
G1 X120.427 Y146.332 E4.27597
G1 X119.951 Y146.332 E4.29596
G1 X119.572 Y146.711 E4.31847
G1 X119.095 Y146.711 E4.33851
G1 X119.474 Y146.332 E4.36102
G1 X118.998 Y146.332 E4.38101
G1 X118.619 Y146.711 E4.40352
G1 X118.143 Y146.711 E4.42351
G1 X118.522 Y146.332 E4.44602
G1 X118.046 Y146.332 E4.46601
G1 X117.667 Y146.711 E4.48852
G1 X117.19 Y146.711 E4.50856
G1 X117.569 Y146.332 E4.53107
G1 X117.093 Y146.332 E4.55106
G1 X116.714 Y146.711 E4.57357
G1 X116.238 Y146.711 E4.59356
G1 X116.617 Y146.332 E4.61607
G1 X116.141 Y146.332 E4.63606
G1 X115.762 Y146.711 E4.65857
G1 X115.285 Y146.711 E4.67861
G1 X115.664 Y146.332 E4.70112
G1 X115.188 Y146.332 E4.72111
G1 X114.809 Y146.711 E4.74362
G1 X114.333 Y146.711 E4.76361
G1 X114.712 Y146.332 E4.78612
G1 X114.236 Y146.332 E4.80611
G1 X113.856 Y146.711 E4.82865
G1 X113.38 Y146.711 E4.84864
G1 X113.759 Y146.332 E4.87115
G1 X113.283 Y146.332 E4.89114
G1 X112.904 Y146.711 E4.91365
G1 X112.428 Y146.711 E4.93364
G1 X112.807 Y146.332 E4.95615
G1 X112.331 Y146.332 E4.97614
G1 X111.951 Y146.711 E4.99868
G1 X111.475 Y146.711 E5.01867
G1 X111.854 Y146.332 E5.04118
G1 X111.378 Y146.332 E5.06117
G1 X110.999 Y146.711 E5.08368
G1 X110.523 Y146.711 E5.10367
G1 X110.902 Y146.332 E5.12618
G1 X110.426 Y146.332 E5.14617
G1 X110.046 Y146.711 E5.16871
G1 X109.57 Y146.711 E5.1887
G1 X109.949 Y146.332 E5.21121
G1 X109.473 Y146.332 E5.2312
G1 X109.094 Y146.711 E5.25371
G1 X108.618 Y146.711 E5.2737
G1 X108.997 Y146.332 E5.29621
G1 X108.52 Y146.332 E5.31625
G1 X108.141 Y146.711 E5.33876
G1 X107.665 Y146.711 E5.35875
G1 X108.044 Y146.332 E5.38126
G1 X107.568 Y146.332 E5.40125
G1 X107.189 Y146.711 E5.42376
G1 X106.713 Y146.711 E5.44375
G1 X107.092 Y146.332 E5.46626
G1 X106.615 Y146.332 E5.4863
G1 X106.236 Y146.711 E5.50881
G1 X105.76 Y146.711 E5.5288
G1 X106.29 Y146.181 E5.56028
G1 E3.56028 F2400
G92 E0
M107
;TYPE:Custom
; Filament-specific end gcode 
;END gcode for filament
G1 Z14.25 F720 ; Move print head up
G1 X0 Y200 F3600 ; park
G1 Z62.25 F720 ; Move print head further up
G4 ; wait
M104 S0 ; turn off temperature
M140 S0 ; turn off heatbed
M107 ; turn off fan
M900 K0 ; reset LA
M84 ; disable motors
; objects_info = {"objects":[]}
; filament used [mm] = 3434.80
; filament used [cm3] = 8.26
; total filament used [g] = 0.00
; total filament cost = 0.00
; total filament used for wipe tower [g] = 0.00
; estimated printing time (normal mode) = 56m 9s
; estimated first layer printing time (normal mode) = 2m 53s

; prusaslicer_config = begin
; arc_fitting = disabled
; autoemit_temperature_commands = 1
; automatic_extrusion_widths = 0
; automatic_infill_combination = 0
; automatic_infill_combination_max_layer_height = 100%
; avoid_crossing_curled_overhangs = 0
; avoid_crossing_perimeters = 0
; avoid_crossing_perimeters_max_detour = 0
; bed_shape = 0x0,250x0,250x210,0x210
; bed_temperature = 55
; bed_temperature_extruder = 0
; before_layer_gcode = 
; between_objects_gcode = 
; binary_gcode = 0
; bottom_fill_pattern = monotonic
; bottom_solid_layers = 3
; bottom_solid_min_thickness = 0
; bridge_acceleration = 0
; bridge_angle = 0
; bridge_fan_speed = 100
; bridge_flow_ratio = 1
; bridge_speed = 25
; brim_separation = 0
; brim_type = no_brim
; brim_width = 0
; chamber_minimal_temperature = 0
; chamber_temperature = 0
; color_change_gcode = M600
; colorprint_heights = 
; complete_objects = 0
; cooling = 1
; cooling_perimeter_transition_distance = 0
; cooling_slowdown_logic = uniform_cooling
; cooling_tube_length = 5
; cooling_tube_retraction = 91.5
; custom_parameters_filament = ""
; custom_parameters_print = 
; custom_parameters_printer = 
; default_acceleration = 0
; deretract_speed = 0
; disable_fan_first_layers = 3
; dont_support_bridges = 1
; draft_shield = disabled
; duplicate_distance = 6
; elefant_foot_compensation = 0
; enable_dynamic_fan_speeds = 0
; enable_dynamic_overhang_speeds = 0
; end_filament_gcode = "; Filament-specific end gcode \n;END gcode for filament\n"
; end_gcode = {if layer_z < max_print_height}G1 Z{z_offset+min(max_layer_z+1, max_print_height)} F720 ; Move print head up{endif}\nG1 X0 Y200 F3600 ; park\n{if layer_z < max_print_height}G1 Z{z_offset+min(max_layer_z+49, max_print_height)} F720 ; Move print head further up{endif}\nG4 ; wait\nM104 S0 ; turn off temperature\nM140 S0 ; turn off heatbed\nM107 ; turn off fan\nM900 K0 ; reset LA\nM84 ; disable motors
; ensure_vertical_shell_thickness = enabled
; external_perimeter_acceleration = 0
; external_perimeter_extrusion_width = 0
; external_perimeter_speed = 25
; external_perimeters_first = 0
; extra_loading_move = -2
; extra_perimeters = 1
; extra_perimeters_on_overhangs = 0
; extruder_clearance_height = 20
; extruder_clearance_radius = 20
; extruder_colour = ""
; extruder_offset = 0x0
; extrusion_axis = E
; extrusion_multiplier = 1
; extrusion_width = 0
; fan_always_on = 0
; fan_below_layer_time = 60
; filament_abrasive = 0
; filament_colour = #29B2B2
; filament_cooling_final_speed = 3.4
; filament_cooling_initial_speed = 2.2
; filament_cooling_moves = 4
; filament_cost = 0
; filament_density = 0
; filament_diameter = 1.75
; filament_infill_max_crossing_speed = 0
; filament_infill_max_speed = 0
; filament_load_time = 0
; filament_loading_speed = 28
; filament_loading_speed_start = 3
; filament_max_volumetric_speed = 0
; filament_minimal_purge_on_wipe_tower = 15
; filament_multitool_ramming = 0
; filament_multitool_ramming_flow = 10
; filament_multitool_ramming_volume = 10
; filament_notes = ""
; filament_purge_multiplier = 100%
; filament_ramming_parameters = "120 100 6.6 6.8 7.2 7.6 7.9 8.2 8.7 9.4 9.9 10.0| 0.05 6.6 0.45 6.8 0.95 7.8 1.45 8.3 1.95 9.7 2.45 10 2.95 7.6 3.45 7.6 3.95 7.6 4.45 7.6 4.95 7.6"
; filament_seam_gap_distance = 15%
; filament_settings_id = ""
; filament_shrinkage_compensation_xy = 0%
; filament_shrinkage_compensation_z = 0%
; filament_soluble = 0
; filament_spool_weight = 0
; filament_stamping_distance = 0
; filament_stamping_loading_speed = 20
; filament_toolchange_delay = 0
; filament_type = PLA
; filament_unload_time = 0
; filament_unloading_speed = 90
; filament_unloading_speed_start = 100
; fill_angle = 45
; fill_density = 15%
; fill_pattern = stars
; first_layer_acceleration = 0
; first_layer_acceleration_over_raft = 0
; first_layer_bed_temperature = 55
; first_layer_extrusion_width = 200%
; first_layer_height = 0.35
; first_layer_infill_speed = 0
; first_layer_speed = 30
; first_layer_speed_over_raft = 30
; first_layer_temperature = 215
; full_fan_speed_layer = 0
; fuzzy_skin = none
; fuzzy_skin_point_dist = 0.8
; fuzzy_skin_thickness = 0.3
; gap_fill_enabled = 1
; gap_fill_speed = 20
; gcode_comments = 0
; gcode_flavor = reprap
; gcode_label_objects = disabled
; gcode_resolution = 0.0125
; gcode_substitutions = 
; high_current_on_filament_swap = 0
; idle_temperature = nil
; infill_acceleration = 0
; infill_anchor = 600%
; infill_anchor_max = 50
; infill_every_layers = 1
; infill_extruder = 1
; infill_extrusion_width = 0
; infill_first = 0
; infill_overlap = 25%
; infill_speed = 20
; interface_shells = 0
; interlocking_beam = 0
; interlocking_beam_layer_count = 2
; interlocking_beam_width = 0.8
; interlocking_boundary_avoidance = 2
; interlocking_depth = 2
; interlocking_orientation = 22.5
; ironing = 0
; ironing_flowrate = 15%
; ironing_spacing = 0.1
; ironing_speed = 15
; ironing_type = top
; layer_gcode = ;AFTER_LAYER_CHANGE\n;[layer_z]
; layer_height = 0.3
; machine_limits_usage = time_estimate_only
; machine_max_acceleration_e = 10000
; machine_max_acceleration_extruding = 2000
; machine_max_acceleration_retracting = 1500
; machine_max_acceleration_travel = 1500,1250
; machine_max_acceleration_x = 9000
; machine_max_acceleration_y = 9000
; machine_max_acceleration_z = 500
; machine_max_feedrate_e = 120
; machine_max_feedrate_x = 500
; machine_max_feedrate_y = 500
; machine_max_feedrate_z = 12
; machine_max_jerk_e = 2.5
; machine_max_jerk_x = 10
; machine_max_jerk_y = 10
; machine_max_jerk_z = 0.2
; machine_max_junction_deviation = 0,0
; machine_min_extruding_rate = 0
; machine_min_travel_rate = 0
; max_fan_speed = 100
; max_layer_height = 0
; max_print_height = 200
; max_print_speed = 80
; max_volumetric_extrusion_rate_slope_negative = 0
; max_volumetric_extrusion_rate_slope_positive = 0
; max_volumetric_speed = 0
; min_bead_width = 85%
; min_fan_speed = 35
; min_feature_size = 25%
; min_layer_height = 0.07
; min_print_speed = 10
; min_skirt_length = 0
; mmu_segmented_region_interlocking_depth = 0
; mmu_segmented_region_max_width = 0
; multimaterial_purging = 140
; notes = 
; nozzle_diameter = 0.4
; nozzle_high_flow = 0
; only_one_perimeter_first_layer = 0
; only_retract_when_crossing_perimeters = 0
; ooze_prevention = 0
; output_filename_format = [input_filename_base].gcode
; over_bridge_speed = 0
; overhang_fan_speed_0 = 0
; overhang_fan_speed_1 = 0
; overhang_fan_speed_2 = 0
; overhang_fan_speed_3 = 0
; overhang_speed_0 = 15
; overhang_speed_1 = 15
; overhang_speed_2 = 20
; overhang_speed_3 = 25
; overhangs = 1
; parking_pos_retraction = 92
; pause_print_gcode = M601
; perimeter_acceleration = 0
; perimeter_extruder = 1
; perimeter_extrusion_width = 0
; perimeter_generator = arachne
; perimeter_speed = 25
; perimeters = 3
; physical_printer_settings_id = 
; post_process = 
; prefer_clockwise_movements = 0
; print_settings_id = 
; printer_model = MK2S
; printer_notes = 
; printer_settings_id = 
; printer_technology = FFF
; printer_variant = 0.4
; raft_contact_distance = 0.1
; raft_expansion = 1.5
; raft_first_layer_density = 90%
; raft_first_layer_expansion = 3
; raft_layers = 0
; remaining_times = 0
; resolution = 0
; retract_before_travel = 2
; retract_before_wipe = 0%
; retract_layer_change = 0
; retract_length = 2
; retract_length_toolchange = 10
; retract_lift = 0
; retract_lift_above = 0
; retract_lift_below = 0
; retract_restart_extra = 0
; retract_restart_extra_toolchange = 0
; retract_speed = 40
; scarf_seam_entire_loop = 0
; scarf_seam_length = 20
; scarf_seam_max_segment_length = 1
; scarf_seam_on_inner_perimeters = 0
; scarf_seam_only_on_smooth = 1
; scarf_seam_placement = nowhere
; scarf_seam_start_height = 0%
; seam_gap_distance = 15%
; seam_position = aligned
; silent_mode = 1
; single_extruder_multi_material = 0
; single_extruder_multi_material_priming = 1
; skirt_distance = 6
; skirt_height = 1
; skirts = 0
; slice_closing_radius = 0.049
; slicing_mode = regular
; slowdown_below_layer_time = 5
; small_perimeter_speed = 20
; solid_infill_acceleration = 0
; solid_infill_below_area = 70
; solid_infill_every_layers = 0
; solid_infill_extruder = 1
; solid_infill_extrusion_width = 0
; solid_infill_speed = 20
; spiral_vase = 0
; staggered_inner_seams = 0
; standby_temperature_delta = -5
; start_filament_gcode = "; Filament gcode\n"
; start_gcode = M862.3 P "[printer_model]" ; printer model check\nM862.1 P[nozzle_diameter] ; nozzle diameter check\nM115 U3.2.3 ; tell printer latest fw version\nG90 ; use absolute coordinates\nM83 ; extruder relative mode\nM204 S[machine_max_acceleration_extruding] T[machine_max_acceleration_retracting] ; MK2 firmware only supports the old M204 format\nM104 S[first_layer_temperature] ; set extruder temp\nM140 S[first_layer_bed_temperature] ; set bed temp\nM190 S[first_layer_bed_temperature] ; wait for bed temp\nM109 S[first_layer_temperature] ; wait for extruder temp\nG28 W ; home all without mesh bed level\nG80 ; mesh bed leveling\nG1 Z0.2 F720\nG1 Y-2 F1000 ; go outside print area\nG92 E0\nG1 X60 E9 F1000 ; intro line\nG1 X100 E12.5 F1000 ; intro line\nG92 E0
; support_material = 0
; support_material_angle = 0
; support_material_auto = 1
; support_material_bottom_contact_distance = 0
; support_material_bottom_interface_layers = -1
; support_material_buildplate_only = 0
; support_material_closing_radius = 2
; support_material_contact_distance = 0.2
; support_material_enforce_layers = 0
; support_material_extruder = 1
; support_material_extrusion_width = 0
; support_material_interface_contact_loops = 0
; support_material_interface_extruder = 1
; support_material_interface_layers = 3
; support_material_interface_pattern = rectilinear
; support_material_interface_spacing = 0
; support_material_interface_speed = 100%
; support_material_pattern = rectilinear
; support_material_spacing = 2.5
; support_material_speed = 60
; support_material_style = grid
; support_material_synchronize_layers = 0
; support_material_threshold = 0
; support_material_with_sheath = 1
; support_material_xy_spacing = 50%
; support_tree_angle = 40
; support_tree_angle_slow = 25
; support_tree_branch_diameter = 2
; support_tree_branch_diameter_angle = 5
; support_tree_branch_diameter_double_wall = 3
; support_tree_branch_distance = 1
; support_tree_tip_diameter = 0.8
; support_tree_top_rate = 15%
; temperature = 215
; template_custom_gcode = 
; thick_bridges = 1
; thin_walls = 1
; thumbnails = 
; thumbnails_format = PNG
; toolchange_gcode = 
; top_fill_pattern = monotonic
; top_infill_extrusion_width = 0
; top_one_perimeter_type = none
; top_solid_infill_acceleration = 0
; top_solid_infill_speed = 15
; top_solid_layers = 3
; top_solid_min_thickness = 0
; travel_acceleration = 0
; travel_lift_before_obstacle = 0
; travel_max_lift = 0
; travel_ramping_lift = 0
; travel_short_distance_acceleration = 0
; travel_slope = 0
; travel_speed = 130
; travel_speed_z = 0
; use_firmware_retraction = 0
; use_relative_e_distances = 0
; use_volumetric_e = 0
; variable_layer_height = 1
; wall_distribution_count = 1
; wall_transition_angle = 10
; wall_transition_filter_deviation = 25%
; wall_transition_length = 100%
; wipe = 0
; wipe_into_infill = 0
; wipe_into_objects = 0
; wipe_tower = 0
; wipe_tower_acceleration = 0
; wipe_tower_bridging = 10
; wipe_tower_brim_width = 2
; wipe_tower_cone_angle = 0
; wipe_tower_extra_flow = 100%
; wipe_tower_extra_spacing = 100%
; wipe_tower_extruder = 0
; wipe_tower_no_sparse_layers = 0
; wipe_tower_width = 60
; wiping_volumes_matrix = 0,140,140,140,140,140,0,140,140,140,140,140,0,140,140,140,140,140,0,140,140,140,140,140,0
; wiping_volumes_use_custom_matrix = 0
; xy_size_compensation = 0
; z_offset = 0
; prusaslicer_config = end
M84 ; disable motors
