; generated by PrusaSlicer 2.9.4 on 2026-06-26 at 05:01:29 UTC

; 

; external perimeters extrusion width = 0.45mm
; perimeters extrusion width = 0.45mm
; infill extrusion width = 0.45mm
; solid infill extrusion width = 0.45mm
; top infill extrusion width = 0.40mm
; first layer extrusion width = 0.70mm

;TYPE:Custom
M862.3 P "MK2S" ; printer model check
M862.1 P0.4 ; nozzle diameter check
M115 U3.2.3 ; tell printer latest fw version
G90 ; use absolute coordinates
M83 ; extruder relative mode
M204 S2000 T1500 ; MK2 firmware only supports the old M204 format
M104 S215 ; set extruder temp
M140 S55 ; set bed temp
M190 S55 ; wait for bed temp
M109 S215 ; wait for extruder temp
G28 W ; home all without mesh bed level
G80 ; mesh bed leveling
G1 Z0.2 F720
G1 Y-2 F1000 ; go outside print area
G92 E0
G1 X60 E9 F1000 ; intro line
G1 X100 E12.5 F1000 ; intro line
G92 E0
G21 ; set units to millimeters
G90 ; use absolute coordinates
M82 ; use absolute distances for extrusion
G92 E0
; Filament gcode
M107
;LAYER_CHANGE
;Z:0.35
;HEIGHT:0.35
G1 E-2 F2400
G92 E0
G1 Z.35 F7800
G92 E0
G1 X124.935 Y134.782
G1 E2 F2400
;TYPE:Perimeter
;WIDTH:0.7
G1 F1800
G1 X124.705 Y134.639 E2.02463
G1 X124.464 Y134.556 E2.04781
G1 X124.076 Y134.507 E2.08337
G1 X110.1 Y134.507 E3.3542
G1 X110.1 Y85.34 E7.82493
G1 X139.9 Y85.34 E10.53463
G1 X139.9 Y134.507 E15.00536
G1 X125.794 Y134.507 E16.28801
G1 X125.295 Y134.639 E16.33494
G1 X125 Y134.822 E16.36651
G1 X124.986 Y134.813 E16.36802
G1 X125.119 Y135.625 F7800
G1 F1800
G1 X125 Y136.11 E16.41343
G1 X124.865 Y135.563 E16.46466
G1 X124.606 Y135.296 E16.49848
G1 X124.365 Y135.177 E16.52292
G1 X124.076 Y135.132 E16.54952
G1 X109.475 Y135.132 E17.87718
G1 X109.475 Y84.715 E22.46157
G1 X140.525 Y84.715 E25.28493
G1 X140.525 Y135.132 E29.86932
G1 X125.793 Y135.132 E31.20889
G1 X125.394 Y135.296 E31.24812
G1 X125.135 Y135.563 E31.28194
G1 X125.134 Y135.567 E31.28231
G1 X125.039 Y136.164 F7800
;WIDTH:0.700937
G1 F1800
G1 X124.961 Y136.164 E31.28941
G1 X124.922 Y136.231 E31.29647
G1 X124.961 Y136.299 E31.30361
G1 X125.039 Y136.299 E31.31071
G1 X125.078 Y136.231 E31.31785
G1 X125.654 Y135.927 F7800
;TYPE:External perimeter
;WIDTH:0.7
G1 F1800
G1 X125.612 Y136.097 E31.33377
G1 X125.656 Y136.23 E31.34651
G1 X126.032 Y136.857 E31.41299
G1 X123.968 Y136.857 E31.60067
G1 X124.384 Y136.123 E31.67739
G1 X124.339 Y135.901 E31.69799
G1 X124.253 Y135.812 E31.70924
G1 X124.076 Y135.757 E31.72609
G1 X108.85 Y135.757 E33.11058
G1 X108.85 Y84.09 E37.80864
G1 X141.15 Y84.09 E40.74566
G1 X141.15 Y135.757 E45.44372
G1 X125.86 Y135.757 E46.83403
G1 X125.688 Y135.881 E46.85331
G1 X125.699 Y136.281 F7800
G1 E44.85331 F2400
G92 E0
G1 X139.713 Y86.8 F7800
G1 E2 F2400
;TYPE:Solid infill
;WIDTH:0.704621
G1 F1800
G1 X138.721 Y85.808 E2.12851
G1 X137.831 Y85.808 E2.21004
G1 X139.432 Y87.409 E2.41744
G1 X139.432 Y88.299 E2.49897
G1 X136.94 Y85.808 E2.82173
G1 X136.05 Y85.808 E2.90326
G1 X139.432 Y89.19 E3.34138
G1 X139.432 Y90.08 E3.42291
G1 X135.16 Y85.808 E3.97632
G1 X134.27 Y85.808 E4.05785
G1 X139.432 Y90.97 E4.72656
G1 X139.432 Y91.86 E4.80809
G1 X133.379 Y85.808 E5.59216
G1 X132.489 Y85.808 E5.67369
G1 X139.432 Y92.751 E6.57312
G1 X139.432 Y93.641 E6.65465
G1 X131.599 Y85.808 E7.66937
G1 X130.709 Y85.808 E7.7509
G1 X139.432 Y94.531 E8.88092
G1 X139.432 Y95.421 E8.96245
G1 X129.818 Y85.808 E10.20783
G1 X128.928 Y85.808 E10.28936
G1 X139.432 Y96.312 E11.6501
G1 X139.432 Y97.202 E11.73163
G1 X128.038 Y85.808 E13.20766
G1 X127.148 Y85.808 E13.28919
G1 X139.432 Y98.092 E14.88052
G1 X139.432 Y98.982 E14.96205
G1 X126.257 Y85.808 E16.66874
G1 X125.367 Y85.808 E16.75027
G1 X139.432 Y99.873 E18.57232
G1 X139.432 Y100.763 E18.65385
G1 X124.477 Y85.808 E20.59119
G1 X123.587 Y85.808 E20.67272
G1 X139.432 Y101.653 E22.72536
G1 X139.432 Y102.543 E22.80689
G1 X122.696 Y85.808 E24.97489
G1 X121.806 Y85.808 E25.05642
G1 X139.432 Y103.434 E27.33977
G1 X139.432 Y104.324 E27.4213
G1 X120.916 Y85.808 E29.81995
G1 X120.025 Y85.808 E29.90157
G1 X139.432 Y105.214 E32.41558
G1 X139.432 Y106.105 E32.4972
G1 X119.135 Y85.808 E35.12657
G1 X118.245 Y85.808 E35.2081
G1 X139.432 Y106.995 E37.95276
G1 X139.432 Y107.885 E38.03429
G1 X117.355 Y85.808 E40.89425
G1 X116.464 Y85.808 E40.97587
G1 X139.432 Y108.775 E43.95119
G1 X139.432 Y109.666 E44.03281
G1 X115.574 Y85.808 E47.12349
G1 X114.684 Y85.808 E47.20502
G1 X139.432 Y110.556 E50.41099
G1 X139.432 Y111.446 E50.49252
G1 X113.794 Y85.808 E53.81379
G1 X112.903 Y85.808 E53.89541
G1 X139.432 Y112.336 E57.33204
G1 X139.432 Y113.227 E57.41366
G1 X112.013 Y85.808 E60.96565
G1 X111.123 Y85.808 E61.04718
G1 X139.432 Y114.117 E64.71446
G1 X139.432 Y115.007 E64.79599
G1 X110.568 Y86.144 E68.5351
G1 X110.568 Y87.034 E68.61663
G1 X139.432 Y115.897 E72.35574
G1 X139.432 Y116.788 E72.43736
G1 X110.568 Y87.925 E76.17647
G1 X110.568 Y88.815 E76.258
G1 X139.432 Y117.678 E79.99711
G1 X139.432 Y118.568 E80.07864
G1 X110.568 Y89.705 E83.81775
G1 X110.568 Y90.595 E83.89928
G1 X139.432 Y119.458 E87.63839
G1 X139.432 Y120.349 E87.72001
G1 X110.568 Y91.486 E91.45912
G1 X110.568 Y92.376 E91.54065
G1 X139.432 Y121.239 E95.27976
G1 X139.432 Y122.129 E95.36129
G1 X110.568 Y93.266 E99.1004
G1 X110.568 Y94.156 E99.18193
G1 X139.432 Y123.019 E102.92104
G1 X139.432 Y123.91 E103.00266
G1 X110.568 Y95.047 E106.74177
G1 X110.568 Y95.937 E106.8233
G1 X139.432 Y124.8 E110.56241
G1 X139.432 Y125.69 E110.64394
G1 X110.568 Y96.827 E114.38305
G1 X110.568 Y97.717 E114.46458
G1 X139.432 Y126.581 E118.20376
G1 X139.432 Y127.471 E118.28529
G1 X110.568 Y98.608 E122.0244
G1 X110.568 Y99.498 E122.10593
G1 X139.432 Y128.361 E125.84504
G1 X139.432 Y129.251 E125.92657
G1 X110.568 Y100.388 E129.66568
G1 X110.568 Y101.278 E129.74721
G1 X139.432 Y130.142 E133.48639
G1 X139.432 Y131.032 E133.56792
G1 X110.568 Y102.169 E137.30703
G1 X110.568 Y103.059 E137.38856
G1 X139.432 Y131.922 E141.12767
G1 X139.432 Y132.812 E141.2092
G1 X110.568 Y103.949 E144.94831
G1 X110.568 Y104.839 E145.02984
G1 X139.432 Y133.703 E148.76902
G1 X139.432 Y134.038 E148.79971
G1 X138.877 Y134.038 E148.85055
G1 X110.568 Y105.73 E152.51777
G1 X110.568 Y106.62 E152.5993
G1 X137.987 Y134.038 E156.15122
G1 X137.097 Y134.038 E156.23275
G1 X110.568 Y107.51 E159.66938
G1 X110.568 Y108.401 E159.751
G1 X136.206 Y134.038 E163.0722
G1 X135.316 Y134.038 E163.15373
G1 X110.568 Y109.291 E166.35964
G1 X110.568 Y110.181 E166.44117
G1 X134.426 Y134.038 E169.53178
G1 X133.536 Y134.038 E169.61331
G1 X110.568 Y111.071 E172.58863
G1 X110.568 Y111.962 E172.67025
G1 X132.645 Y134.038 E175.53014
G1 X131.755 Y134.038 E175.61167
G1 X110.568 Y112.852 E178.35627
G1 X110.568 Y113.742 E178.4378
G1 X130.865 Y134.038 E181.0671
G1 X129.974 Y134.038 E181.14872
G1 X110.568 Y114.632 E183.66266
G1 X110.568 Y115.523 E183.74428
G1 X129.084 Y134.038 E186.14286
G1 X128.194 Y134.038 E186.22439
G1 X110.568 Y116.413 E188.50768
G1 X110.568 Y117.303 E188.58921
G1 X127.304 Y134.038 E190.75721
G1 X126.413 Y134.038 E190.83883
G1 X110.568 Y118.193 E192.89147
G1 X110.568 Y119.084 E192.97309
G1 X125.56 Y134.075 E194.91516
G1 X125.419 Y134.102 E194.92831
G1 X125.105 Y134.21 E194.95873
G1 X125 Y134.269 E194.96976
G1 X124.757 Y134.162 E194.99408
G1 X110.568 Y119.974 E196.83213
G1 X110.568 Y120.864 E196.91366
G1 X123.743 Y134.038 E198.62035
G1 X122.852 Y134.038 E198.70197
G1 X110.568 Y121.754 E200.2933
G1 X110.568 Y122.645 E200.37492
G1 X121.962 Y134.038 E201.85089
G1 X121.072 Y134.038 E201.93242
G1 X110.568 Y123.535 E203.29309
G1 X110.568 Y124.425 E203.37462
G1 X120.182 Y134.038 E204.62
G1 X119.291 Y134.038 E204.70162
G1 X110.568 Y125.316 E205.83157
G1 X110.568 Y126.206 E205.9131
G1 X118.401 Y134.038 E206.92776
G1 X117.511 Y134.038 E207.00929
G1 X110.568 Y127.096 E207.90865
G1 X110.568 Y127.986 E207.99018
G1 X116.621 Y134.038 E208.77425
G1 X115.73 Y134.038 E208.85587
G1 X110.568 Y128.877 E209.52451
G1 X110.568 Y129.767 E209.60604
G1 X114.84 Y134.038 E210.15939
G1 X113.95 Y134.038 E210.24092
G1 X110.568 Y130.657 E210.67898
G1 X110.568 Y131.547 E210.76051
G1 X113.059 Y134.038 E211.08321
G1 X112.169 Y134.038 E211.16474
G1 X110.568 Y132.438 E211.37208
G1 X110.568 Y133.328 E211.45361
G1 X111.56 Y134.32 E211.58212
;LAYER_CHANGE
;Z:0.65
;HEIGHT:0.3
G1 E209.58212 F2400
G92 E0
G1 Z.65 F7800
;AFTER_LAYER_CHANGE
;0.65
G1 X125.106 Y135.618
G1 E2 F2400
;TYPE:Perimeter
;WIDTH:0.45
G1 F1500
G1 X125 Y136.048 E2.0213
G1 X124.878 Y135.553 E2.04582
G1 X124.614 Y135.281 E2.06405
G1 X124.366 Y135.158 E2.07736
G1 X124.067 Y135.111 E2.09192
G1 X109.496 Y135.111 E2.79273
G1 X109.496 Y84.173 E5.24267
G1 X124.328 Y84.173 E5.95604
G1 X124.891 Y84.205 E5.98316
G1 X125.39 Y84.173 E6.00721
G1 X140.504 Y84.173 E6.73414
G1 X140.504 Y135.111 E9.18408
G1 X125.781 Y135.111 E9.89221
G1 X125.386 Y135.281 E9.91289
G1 X125.122 Y135.553 E9.93112
G1 X125.121 Y135.559 E9.93141
G1 X125.044 Y136.229 F7800
;WIDTH:0.413501
G1 F1200
G1 X125.022 Y136.267 E9.93332
G1 X124.956 Y136.229 E9.93664
G1 X125.022 Y136.191 E9.93996
G1 X125.437 Y135.808 F7800
;WIDTH:0.45
G1 F1500
G1 X125.362 Y136.169 E9.95769
G1 X125.572 Y136.596 E9.98058
G1 X124.428 Y136.596 E10.0356
G1 X124.638 Y136.169 E10.05849
G1 X124.553 Y135.762 E10.07849
G1 X124.301 Y135.546 E10.09445
G1 X124.067 Y135.496 E10.10596
G1 X109.111 Y135.496 E10.82529
G1 X109.111 Y83.787 E13.31231
G1 X124.328 Y83.787 E14.04419
G1 X124.935 Y83.822 E14.07343
G1 X125.368 Y83.787 E14.09432
G1 X140.889 Y83.787 E14.84083
G1 X140.889 Y135.496 E17.32785
G1 X125.933 Y135.496 E18.04718
G1 X125.699 Y135.546 E18.05869
G1 X125.457 Y135.753 E18.07401
G1 X125.788 Y135.993 F7800
;TYPE:External perimeter
G1 F1500
G1 X125.741 Y136.091 E18.07924
G1 X125.768 Y136.174 E18.08344
G1 X126.253 Y136.982 E18.12877
G1 X123.747 Y136.982 E18.2493
G1 X124.259 Y136.091 E18.29873
G1 X124.176 Y135.916 E18.30805
G1 X124.067 Y135.882 E18.31354
G1 X108.725 Y135.882 E19.05144
G1 X108.725 Y83.54 E21.56891
;TYPE:Overhang perimeter
;WIDTH:0.4
;HEIGHT:0.4
G1 X108.725 Y83.402 E21.57612
G1 X124.328 Y83.402 E22.3913
G1 X124.978 Y83.439 E22.42531
G1 X125.346 Y83.402 E22.44463
G1 X141.275 Y83.402 E23.27684
G1 X141.275 Y83.54 E23.28405
;TYPE:External perimeter
;WIDTH:0.45
;HEIGHT:0.3
G1 X141.275 Y135.882 E25.80152
G1 X125.933 Y135.882 E26.53942
G1 X125.824 Y135.916 E26.54491
G1 X125.813 Y135.939 E26.54614
G1 X125.871 Y136.334 F7800
G1 E24.54614 F2400
G92 E0
G1 X109.89 Y84.494 F7800
G1 E2 F2400
;TYPE:Solid infill
;WIDTH:0.543559
G1 F1200
G1 X109.848 Y84.451 E2.00359
G1 X109.79 Y84.467 E2.00719
G1 X109.774 Y84.525 E2.01079
G1 X109.817 Y84.567 E2.01438
G1 X109.875 Y84.551 E2.01798
;WIDTH:0.45
G1 X110.491 Y84.462 E2.04792
G1 X109.785 Y85.167 E2.09591
G1 X109.785 Y85.713 E2.12217
G1 X111.036 Y84.462 E2.20726
G1 X111.581 Y84.462 E2.23347
G1 X109.785 Y86.258 E2.35563
G1 X109.785 Y86.803 E2.38184
G1 X112.127 Y84.462 E2.54111
G1 X112.672 Y84.462 E2.56732
G1 X109.785 Y87.349 E2.76369
G1 X109.785 Y87.894 E2.7899
G1 X113.217 Y84.462 E3.02334
G1 X113.763 Y84.462 E3.0496
G1 X109.785 Y88.439 E3.32014
G1 X109.785 Y88.985 E3.3464
G1 X114.308 Y84.462 E3.65405
G1 X114.853 Y84.462 E3.68026
G1 X109.785 Y89.53 E4.02498
G1 X109.785 Y90.075 E4.05119
G1 X115.399 Y84.462 E4.43301
G1 X115.944 Y84.462 E4.45922
G1 X109.785 Y90.621 E4.87815
G1 X109.785 Y91.166 E4.90436
G1 X116.489 Y84.462 E5.36036
G1 X117.035 Y84.462 E5.38662
G1 X109.785 Y91.712 E5.87976
G1 X109.785 Y92.257 E5.90597
G1 X117.58 Y84.462 E6.43618
G1 X118.125 Y84.462 E6.46239
G1 X109.785 Y92.802 E7.02967
G1 X109.785 Y93.348 E7.05593
G1 X118.671 Y84.462 E7.66034
G1 X119.216 Y84.462 E7.68655
G1 X109.785 Y93.893 E8.32803
G1 X109.785 Y94.438 E8.35424
G1 X119.761 Y84.462 E9.0328
G1 X120.307 Y84.462 E9.05906
G1 X109.785 Y94.984 E9.77475
G1 X109.785 Y95.529 E9.80096
G1 X120.852 Y84.462 E10.55372
G1 X121.397 Y84.462 E10.57993
G1 X109.785 Y96.074 E11.36976
G1 X109.785 Y96.62 E11.39602
G1 X121.943 Y84.462 E12.22299
G1 X122.488 Y84.462 E12.2492
G1 X109.785 Y97.165 E13.11324
G1 X109.785 Y97.71 E13.13945
G1 X123.034 Y84.462 E14.0406
G1 X123.579 Y84.462 E14.06681
G1 X109.785 Y98.256 E15.00506
G1 X109.785 Y98.801 E15.03127
G1 X124.124 Y84.462 E16.00659
G1 X124.662 Y84.47 E16.03247
G1 X109.785 Y99.346 E17.04435
G1 X109.785 Y99.892 E17.07061
G1 X125.191 Y84.486 E18.11851
G1 X125.76 Y84.462 E18.1459
G1 X109.785 Y100.437 E19.2325
G1 X109.785 Y100.982 E19.25871
G1 X126.306 Y84.462 E20.38241
G1 X126.851 Y84.462 E20.40862
G1 X109.785 Y101.528 E21.56943
G1 X109.785 Y102.073 E21.59564
G1 X127.396 Y84.462 E22.79352
G1 X127.942 Y84.462 E22.81978
G1 X109.785 Y102.618 E24.05476
G1 X109.785 Y103.164 E24.08102
G1 X128.487 Y84.462 E25.35311
G1 X129.032 Y84.462 E25.37932
G1 X109.785 Y103.709 E26.68848
G1 X109.785 Y104.255 E26.71474
G1 X129.578 Y84.462 E28.06104
G1 X130.123 Y84.462 E28.08725
G1 X109.785 Y104.8 E29.47062
G1 X109.785 Y105.345 E29.49683
G1 X130.668 Y84.462 E30.91727
G1 X131.214 Y84.462 E30.94353
G1 X109.785 Y105.891 E32.4011
G1 X109.785 Y106.436 E32.42731
G1 X131.759 Y84.462 E33.92195
G1 X132.304 Y84.462 E33.94816
G1 X109.785 Y106.981 E35.47987
G1 X109.785 Y107.527 E35.50613
G1 X132.85 Y84.462 E37.07498
G1 X133.395 Y84.462 E37.10119
G1 X109.785 Y108.072 E38.70711
G1 X109.785 Y108.617 E38.73332
G1 X133.94 Y84.462 E40.37631
G1 X134.486 Y84.462 E40.40257
G1 X109.785 Y109.163 E42.0827
G1 X109.785 Y109.708 E42.10891
G1 X135.031 Y84.462 E43.82611
G1 X135.577 Y84.462 E43.85237
G1 X109.785 Y110.253 E45.60668
G1 X109.785 Y110.799 E45.63294
G1 X136.122 Y84.462 E47.42435
G1 X136.667 Y84.462 E47.45056
G1 X109.785 Y111.344 E49.27904
G1 X109.785 Y111.889 E49.30525
G1 X137.213 Y84.462 E51.17083
G1 X137.758 Y84.462 E51.19704
G1 X109.785 Y112.435 E53.09973
G1 X109.785 Y112.98 E53.12594
G1 X138.303 Y84.462 E55.0657
G1 X138.849 Y84.462 E55.09196
G1 X109.785 Y113.525 E57.06882
G1 X109.785 Y114.071 E57.09508
G1 X139.394 Y84.462 E59.10905
G1 X139.939 Y84.462 E59.13526
G1 X109.785 Y114.616 E61.1863
G1 X109.785 Y115.161 E61.21251
G1 X140.215 Y84.732 E63.28229
G1 X140.324 Y84.412 E63.29855
;WIDTH:0.404381
G1 X140.283 Y84.423 E63.30035
G1 X140.264 Y84.352 E63.30347
G1 X140.335 Y84.371 E63.30659
G1 X140.215 Y85.278 F7800
;WIDTH:0.45
G1 F1200
G1 X109.785 Y115.707 E65.37637
G1 X109.785 Y116.252 E65.40258
G1 X140.215 Y85.823 E67.47236
G1 X140.215 Y86.368 E67.49857
G1 X109.785 Y116.797 E69.56835
G1 X109.785 Y117.343 E69.59461
G1 X140.215 Y86.914 E71.66439
G1 X140.215 Y87.459 E71.6906
G1 X109.785 Y117.888 E73.76038
G1 X109.785 Y118.434 E73.78664
G1 X140.215 Y88.004 E75.85645
G1 X140.215 Y88.55 E75.88271
G1 X109.785 Y118.979 E77.95249
G1 X109.785 Y119.524 E77.9787
G1 X140.215 Y89.095 E80.04848
G1 X140.215 Y89.64 E80.07469
G1 X109.785 Y120.07 E82.1445
G1 X109.785 Y120.615 E82.17071
G1 X140.215 Y90.186 E84.24049
G1 X140.215 Y90.731 E84.2667
G1 X109.785 Y121.16 E86.33648
G1 X109.785 Y121.706 E86.36274
G1 X140.215 Y91.277 E88.43252
G1 X140.215 Y91.822 E88.45873
G1 X109.785 Y122.251 E90.52851
G1 X109.785 Y122.796 E90.55472
G1 X140.215 Y92.367 E92.6245
G1 X140.215 Y92.913 E92.65076
G1 X109.785 Y123.342 E94.72054
G1 X109.785 Y123.887 E94.74675
G1 X140.215 Y93.458 E96.81653
G1 X140.215 Y94.003 E96.84274
G1 X109.785 Y124.432 E98.91252
G1 X109.785 Y124.978 E98.93878
G1 X140.215 Y94.549 E101.00856
G1 X140.215 Y95.094 E101.03477
G1 X109.785 Y125.523 E103.10455
G1 X109.785 Y126.068 E103.13076
G1 X140.215 Y95.639 E105.20054
G1 X140.215 Y96.185 E105.2268
G1 X109.785 Y126.614 E107.29658
G1 X109.785 Y127.159 E107.32279
G1 X140.215 Y96.73 E109.39257
G1 X140.215 Y97.275 E109.41878
G1 X109.785 Y127.704 E111.48856
G1 X109.785 Y128.25 E111.51482
G1 X140.215 Y97.821 E113.5846
G1 X140.215 Y98.366 E113.61081
G1 X109.785 Y128.795 E115.68059
G1 X109.785 Y129.34 E115.7068
G1 X140.215 Y98.911 E117.77658
G1 X140.215 Y99.457 E117.80284
G1 X109.785 Y129.886 E119.87262
G1 X109.785 Y130.431 E119.89883
G1 X140.215 Y100.002 E121.96861
G1 X140.215 Y100.547 E121.99482
G1 X109.785 Y130.977 E124.06463
G1 X109.785 Y131.522 E124.09084
G1 X140.215 Y101.093 E126.16062
G1 X140.215 Y101.638 E126.18683
G1 X109.785 Y132.067 E128.25661
G1 X109.785 Y132.613 E128.28287
G1 X140.215 Y102.183 E130.35268
G1 X140.215 Y102.729 E130.37894
G1 X109.785 Y133.158 E132.44872
G1 X109.785 Y133.703 E132.47493
G1 X140.215 Y103.274 E134.54471
G1 X140.215 Y103.82 E134.57097
G1 X109.785 Y134.249 E136.64075
G1 X109.785 Y134.794 E136.66696
G1 X140.215 Y104.365 E138.73674
G1 X140.215 Y104.91 E138.76295
G1 X110.303 Y134.821 E140.79749
G1 X110.849 Y134.822 E140.82375
G1 X140.215 Y105.456 E142.82119
G1 X140.215 Y106.001 E142.8474
G1 X111.394 Y134.822 E144.80777
G1 X111.939 Y134.822 E144.83398
G1 X140.215 Y106.546 E146.75728
G1 X140.215 Y107.092 E146.78354
G1 X112.484 Y134.822 E148.66973
G1 X113.03 Y134.822 E148.69599
G1 X140.215 Y107.637 E150.54508
G1 X140.215 Y108.182 E150.57129
G1 X113.575 Y134.822 E152.38331
G1 X114.12 Y134.822 E152.40952
G1 X140.215 Y108.728 E154.18444
G1 X140.215 Y109.273 E154.21065
G1 X114.666 Y134.822 E155.94846
G1 X115.211 Y134.822 E155.97467
G1 X140.215 Y109.818 E157.67541
G1 X140.215 Y110.364 E157.70167
G1 X115.756 Y134.822 E159.36531
G1 X116.301 Y134.822 E159.39152
G1 X140.215 Y110.909 E161.01809
G1 X140.215 Y111.454 E161.0443
G1 X116.847 Y134.822 E162.63376
G1 X117.392 Y134.822 E162.65997
G1 X140.215 Y112 E164.21233
G1 X140.215 Y112.545 E164.23854
G1 X117.937 Y134.822 E165.75383
G1 X118.482 Y134.823 E165.78004
G1 X140.215 Y113.09 E167.25829
G1 X140.215 Y113.636 E167.28455
G1 X119.028 Y134.823 E168.72566
G1 X119.573 Y134.823 E168.75187
G1 X140.215 Y114.181 E170.15591
G1 X140.215 Y114.726 E170.18212
G1 X120.118 Y134.823 E171.54909
G1 X120.664 Y134.823 E171.57535
G1 X140.215 Y115.272 E172.90518
G1 X140.215 Y115.817 E172.93139
G1 X121.209 Y134.823 E174.22415
G1 X121.754 Y134.823 E174.25036
G1 X140.215 Y116.363 E175.50602
G1 X140.215 Y116.908 E175.53223
G1 X122.299 Y134.823 E176.75082
G1 X122.845 Y134.823 E176.77708
G1 X140.215 Y117.453 E177.95857
G1 X140.215 Y117.999 E177.98483
G1 X123.39 Y134.823 E179.12921
G1 X123.935 Y134.823 E179.15542
G1 X140.215 Y118.544 E180.26273
G1 X140.215 Y119.089 E180.28894
G1 X124.427 Y134.877 E181.36282
G1 X125.031 Y135.328 E181.39908
;WIDTH:0.410217
G1 X124.989 Y135.34 E181.40096
G1 X124.969 Y135.267 E181.40422
G1 X125.042 Y135.287 E181.40748
;WIDTH:0.45
G1 X124.793 Y135.056 E181.42382
G1 X140.215 Y119.635 E182.47277
G1 X140.215 Y120.18 E182.49898
G1 X125.481 Y134.913 E183.50113
G1 X126.117 Y134.823 E183.53202
G1 X140.215 Y120.725 E184.49095
G1 X140.215 Y121.271 E184.51721
G1 X126.662 Y134.823 E185.43903
G1 X127.207 Y134.823 E185.46524
G1 X140.215 Y121.816 E186.34999
G1 X140.215 Y122.361 E186.3762
G1 X127.753 Y134.823 E187.22385
G1 X128.298 Y134.823 E187.25006
G1 X140.215 Y122.907 E188.06061
G1 X140.215 Y123.452 E188.08682
G1 X128.844 Y134.823 E188.86026
G1 X129.389 Y134.823 E188.88647
G1 X140.215 Y123.997 E189.62284
G1 X140.215 Y124.543 E189.6491
G1 X129.935 Y134.823 E190.34833
G1 X130.48 Y134.823 E190.37454
G1 X140.215 Y125.088 E191.0367
G1 X140.215 Y125.633 E191.06291
G1 X131.025 Y134.823 E191.688
G1 X131.571 Y134.823 E191.71426
G1 X140.215 Y126.179 E192.30221
G1 X140.215 Y126.724 E192.32842
G1 X132.116 Y134.822 E192.87927
G1 X132.662 Y134.822 E192.90553
G1 X140.215 Y127.269 E193.41928
G1 X140.215 Y127.815 E193.44554
G1 X133.207 Y134.822 E193.92218
G1 X133.752 Y134.822 E193.94839
G1 X140.215 Y128.36 E194.38796
G1 X140.215 Y128.906 E194.41422
G1 X134.298 Y134.822 E194.81665
G1 X134.843 Y134.822 E194.84286
G1 X140.215 Y129.451 E195.20822
G1 X140.215 Y129.996 E195.23443
G1 X135.389 Y134.822 E195.56269
G1 X135.934 Y134.822 E195.5889
G1 X140.215 Y130.542 E195.88005
G1 X140.215 Y131.087 E195.90626
G1 X136.48 Y134.822 E196.16031
G1 X137.025 Y134.822 E196.18652
G1 X140.215 Y131.632 E196.4035
G1 X140.215 Y132.178 E196.42976
G1 X137.57 Y134.822 E196.60964
G1 X138.116 Y134.822 E196.6359
G1 X140.215 Y132.723 E196.77867
G1 X140.215 Y134.821 E196.87958
G1 X138.661 Y134.822 E196.95432
G1 X140.078 Y133.405 E197.0507
G1 X139.823 Y134.35 F7800
;WIDTH:0.588571
G1 F1200
G1 X139.777 Y134.303 E197.055
G1 X139.713 Y134.32 E197.05933
G1 X139.696 Y134.384 E197.06366
G1 X139.743 Y134.43 E197.06796
G1 X139.806 Y134.413 E197.07223
;LAYER_CHANGE
;Z:0.95
;HEIGHT:0.3
G1 E195.07223 F2400
G92 E0
G1 Z.95 F7800
;AFTER_LAYER_CHANGE
;0.95
G1 X125.106 Y135.618
G1 E2 F2400
;TYPE:Perimeter
;WIDTH:0.45
G1 F1500
G1 X125 Y136.048 E2.0213
G1 X124.878 Y135.553 E2.04582
G1 X124.614 Y135.281 E2.06405
G1 X124.366 Y135.158 E2.07736
G1 X124.067 Y135.111 E2.09192
G1 X109.496 Y135.111 E2.79273
G1 X109.496 Y83.653 E5.26768
G1 X120.762 Y83.653 E5.80954
G1 X121.84 Y84.031 E5.86448
G1 X125 Y84.391 E6.01745
G1 X128.16 Y84.031 E6.17042
G1 X129.238 Y83.653 E6.22536
G1 X140.504 Y83.653 E6.76722
G1 X140.504 Y135.111 E9.24217
G1 X125.781 Y135.111 E9.9503
G1 X125.386 Y135.281 E9.97098
G1 X125.122 Y135.553 E9.98921
G1 X125.121 Y135.559 E9.9895
G1 X125.044 Y136.229 F7800
;WIDTH:0.413501
G1 F1200
G1 X125.022 Y136.267 E9.99141
G1 X124.956 Y136.229 E9.99473
G1 X125.022 Y136.191 E9.99805
G1 X125.437 Y135.808 F7800
;WIDTH:0.45
G1 F1500
G1 X125.362 Y136.169 E10.01578
G1 X125.572 Y136.596 E10.03867
G1 X124.428 Y136.596 E10.09369
G1 X124.638 Y136.169 E10.11658
G1 X124.553 Y135.762 E10.13658
G1 X124.301 Y135.546 E10.15254
G1 X124.067 Y135.496 E10.16405
G1 X109.111 Y135.496 E10.88338
G1 X109.111 Y83.268 E13.39537
G1 X120.827 Y83.268 E13.95887
G1 X121.927 Y83.653 E14.01492
G1 X125 Y84.002 E14.16367
G1 X128.073 Y83.653 E14.31242
G1 X129.173 Y83.268 E14.36847
G1 X140.889 Y83.268 E14.93197
G1 X140.889 Y135.496 E17.44396
G1 X125.933 Y135.496 E18.16329
G1 X125.699 Y135.546 E18.1748
G1 X125.457 Y135.753 E18.19012
G1 X125.788 Y135.993 F7800
;TYPE:External perimeter
G1 F1500
G1 X125.741 Y136.091 E18.19535
G1 X125.768 Y136.174 E18.19955
G1 X126.253 Y136.982 E18.24488
G1 X123.747 Y136.982 E18.36541
G1 X124.259 Y136.091 E18.41484
G1 X124.176 Y135.916 E18.42416
G1 X124.067 Y135.882 E18.42965
G1 X108.725 Y135.882 E19.16755
G1 X108.725 Y82.977 E21.7121
;TYPE:Overhang perimeter
;WIDTH:0.4
;HEIGHT:0.4
G1 X108.725 Y82.882 E21.71706
G1 X120.893 Y82.882 E22.35278
G1 X121.163 Y82.977 E22.36773
;TYPE:External perimeter
;WIDTH:0.45
;HEIGHT:0.3
G1 X122.013 Y83.275 E22.41105
G1 X125 Y83.614 E22.55564
G1 X127.987 Y83.275 E22.70023
G1 X128.837 Y82.977 E22.74355
;TYPE:Overhang perimeter
;WIDTH:0.4
;HEIGHT:0.4
G1 X129.107 Y82.882 E22.7585
G1 X141.275 Y82.882 E23.39422
G1 X141.275 Y82.977 E23.39918
;TYPE:External perimeter
;WIDTH:0.45
;HEIGHT:0.3
G1 X141.275 Y135.882 E25.94373
G1 X125.933 Y135.882 E26.68163
G1 X125.824 Y135.916 E26.68712
G1 X125.813 Y135.939 E26.68835
G1 X125.871 Y136.334 F7800
G1 E24.68835 F2400
G92 E0
G1 X128.899 Y134.718 F7800
G1 E2 F2400
;TYPE:Solid infill
;WIDTH:0.543541
G1 F1200
G1 X128.857 Y134.761 E2.00359
G1 X128.872 Y134.818 E2.00711
G1 X128.93 Y134.834 E2.01071
G1 X128.972 Y134.792 E2.01426
G1 X128.957 Y134.734 E2.01784
;WIDTH:0.45
G1 X129.573 Y134.823 E2.04778
G1 X128.868 Y134.118 E2.09573
G1 X128.868 Y133.572 E2.12199
G1 X130.118 Y134.823 E2.20705
G1 X130.663 Y134.823 E2.23326
G1 X128.868 Y133.027 E2.35539
G1 X128.868 Y132.482 E2.3816
G1 X131.209 Y134.823 E2.54083
G1 X131.754 Y134.822 E2.56704
G1 X128.868 Y131.936 E2.76334
G1 X128.868 Y131.391 E2.78955
G1 X132.299 Y134.822 E3.02292
G1 X132.844 Y134.822 E3.04913
G1 X128.868 Y130.846 E3.31957
G1 X128.868 Y130.3 E3.34583
G1 X133.39 Y134.822 E3.65341
G1 X133.935 Y134.822 E3.67962
G1 X128.868 Y129.755 E4.02427
G1 X128.868 Y129.21 E4.05048
G1 X134.48 Y134.822 E4.4322
G1 X135.026 Y134.822 E4.45846
G1 X128.868 Y128.664 E4.87732
G1 X128.868 Y128.119 E4.90353
G1 X135.571 Y134.822 E5.35946
G1 X136.116 Y134.822 E5.38567
G1 X128.868 Y127.574 E5.87867
G1 X128.868 Y127.028 E5.90493
G1 X136.661 Y134.822 E6.43503
G1 X137.207 Y134.822 E6.46129
G1 X128.868 Y126.483 E7.0285
G1 X128.868 Y125.938 E7.05471
G1 X137.752 Y134.822 E7.65899
G1 X138.297 Y134.822 E7.6852
G1 X128.868 Y125.392 E8.32658
G1 X128.868 Y124.847 E8.35279
G1 X138.843 Y134.822 E9.03128
G1 X139.388 Y134.822 E9.05749
G1 X128.868 Y124.302 E9.77305
G1 X128.868 Y123.756 E9.79931
G1 X139.933 Y134.821 E10.55194
G1 X140.284 Y134.86 E10.56893
;WIDTH:0.404381
G1 X140.264 Y134.931 E10.57206
G1 X140.336 Y134.912 E10.57522
G1 X140.325 Y134.871 E10.57702
;WIDTH:0.45
G1 X140.215 Y134.558 E10.59298
G1 X128.868 Y123.211 E11.36479
G1 X128.868 Y122.666 E11.391
G1 X140.215 Y134.012 E12.16277
G1 X140.215 Y133.467 E12.18898
G1 X128.868 Y122.12 E12.96079
G1 X128.868 Y121.575 E12.987
G1 X140.215 Y132.921 E13.75877
G1 X140.215 Y132.376 E13.78498
G1 X128.868 Y121.029 E14.55679
G1 X128.868 Y120.484 E14.583
G1 X140.215 Y131.831 E15.35481
G1 X140.215 Y131.285 E15.38107
G1 X128.868 Y119.939 E16.15284
G1 X128.868 Y119.393 E16.1791
G1 X140.215 Y130.74 E16.95091
G1 X140.215 Y130.195 E16.97712
G1 X128.868 Y118.848 E17.74893
G1 X128.868 Y118.303 E17.77514
G1 X140.215 Y129.649 E18.54691
G1 X140.215 Y129.104 E18.57312
G1 X128.868 Y117.757 E19.34493
G1 X128.868 Y117.212 E19.37114
G1 X140.215 Y128.559 E20.14295
G1 X140.215 Y128.013 E20.16921
G1 X128.868 Y116.667 E20.94098
G1 X128.868 Y116.121 E20.96724
G1 X140.215 Y127.468 E21.73905
G1 X140.215 Y126.923 E21.76526
G1 X128.868 Y115.576 E22.53707
G1 X128.868 Y115.031 E22.56328
G1 X140.215 Y126.377 E23.33505
G1 X140.215 Y125.832 E23.36126
G1 X128.868 Y114.485 E24.13307
G1 X128.868 Y113.94 E24.15928
G1 X140.215 Y125.287 E24.93109
G1 X140.215 Y124.741 E24.95735
G1 X128.868 Y113.395 E25.72912
G1 X128.868 Y112.849 E25.75538
G1 X140.215 Y124.196 E26.52719
G1 X140.215 Y123.651 E26.5534
G1 X128.868 Y112.304 E27.32521
G1 X128.868 Y111.759 E27.35142
G1 X140.215 Y123.105 E28.12319
G1 X140.215 Y122.56 E28.1494
G1 X128.868 Y111.213 E28.92121
G1 X128.868 Y110.668 E28.94742
G1 X140.215 Y122.015 E29.71923
G1 X140.215 Y121.469 E29.74549
G1 X128.868 Y110.123 E30.51726
G1 X128.868 Y109.577 E30.54352
G1 X140.215 Y120.924 E31.31533
G1 X140.215 Y120.379 E31.34154
G1 X128.868 Y109.032 E32.11335
G1 X128.868 Y108.486 E32.13961
G1 X140.215 Y119.833 E32.91142
G1 X140.215 Y119.288 E32.93763
G1 X128.868 Y107.941 E33.70944
G1 X128.868 Y107.396 E33.73565
G1 X140.215 Y118.742 E34.50742
G1 X140.215 Y118.197 E34.53363
G1 X128.868 Y106.85 E35.30544
G1 X128.868 Y106.305 E35.33165
G1 X140.215 Y117.652 E36.10346
G1 X140.215 Y117.106 E36.12972
G1 X128.868 Y105.76 E36.90149
G1 X128.868 Y105.214 E36.92775
G1 X140.215 Y116.561 E37.69956
G1 X140.215 Y116.016 E37.72577
G1 X128.868 Y104.669 E38.49758
G1 X128.868 Y104.124 E38.52379
G1 X140.215 Y115.47 E39.29556
G1 X140.215 Y114.925 E39.32177
G1 X128.868 Y103.578 E40.09358
G1 X128.868 Y103.033 E40.11979
G1 X140.215 Y114.38 E40.8916
G1 X140.215 Y113.834 E40.91786
G1 X128.868 Y102.488 E41.68963
G1 X128.868 Y101.942 E41.71589
G1 X140.215 Y113.289 E42.4877
G1 X140.215 Y112.744 E42.51391
G1 X128.868 Y101.397 E43.28572
G1 X128.868 Y100.852 E43.31193
G1 X140.215 Y112.198 E44.0837
G1 X140.215 Y111.653 E44.10991
G1 X128.868 Y100.306 E44.88172
G1 X128.868 Y99.761 E44.90793
G1 X140.215 Y111.108 E45.67974
G1 X140.215 Y110.562 E45.706
G1 X128.868 Y99.216 E46.47777
G1 X128.868 Y98.67 E46.50403
G1 X140.215 Y110.017 E47.27584
G1 X140.215 Y109.472 E47.30205
G1 X128.868 Y98.125 E48.07386
G1 X128.868 Y97.58 E48.10007
G1 X140.215 Y108.926 E48.87184
G1 X140.215 Y108.381 E48.89805
G1 X128.868 Y97.034 E49.66986
G1 X128.868 Y96.489 E49.69607
G1 X140.215 Y107.836 E50.46788
G1 X140.215 Y107.29 E50.49414
G1 X128.868 Y95.943 E51.26595
G1 X128.868 Y95.398 E51.29216
G1 X140.215 Y106.745 E52.06397
G1 X140.215 Y106.199 E52.09023
G1 X128.868 Y94.853 E52.862
G1 X128.868 Y94.307 E52.88826
G1 X140.215 Y105.654 E53.66007
G1 X140.215 Y105.109 E53.68628
G1 X128.868 Y93.762 E54.45809
G1 X128.868 Y93.217 E54.4843
G1 X140.215 Y104.563 E55.25607
G1 X140.215 Y104.018 E55.28228
G1 X128.868 Y92.671 E56.05409
G1 X128.868 Y92.126 E56.0803
G1 X140.215 Y103.473 E56.85211
G1 X140.215 Y102.927 E56.87837
G1 X128.868 Y91.581 E57.65014
G1 X128.868 Y91.035 E57.6764
G1 X140.215 Y102.382 E58.44821
G1 X140.215 Y101.837 E58.47442
G1 X128.868 Y90.49 E59.24623
G1 X128.868 Y89.945 E59.27244
G1 X140.215 Y101.291 E60.04421
G1 X140.215 Y100.746 E60.07042
G1 X128.868 Y89.399 E60.84223
G1 X128.868 Y88.854 E60.86844
G1 X140.215 Y100.201 E61.64025
G1 X140.215 Y99.655 E61.66651
G1 X128.868 Y88.309 E62.43828
G1 X128.868 Y87.763 E62.46454
G1 X140.215 Y99.11 E63.23635
G1 X140.215 Y98.565 E63.26256
G1 X128.868 Y87.218 E64.03437
G1 X128.868 Y86.673 E64.06058
G1 X140.215 Y98.019 E64.83235
G1 X140.215 Y97.474 E64.85856
G1 X128.868 Y86.127 E65.63037
G1 X128.868 Y85.582 E65.65658
G1 X140.215 Y96.929 E66.42839
G1 X140.215 Y96.383 E66.45465
G1 X128.868 Y85.037 E67.22642
G1 X128.868 Y84.491 E67.25268
G1 X140.215 Y95.838 E68.02449
G1 X140.215 Y95.293 E68.0507
G1 X128.971 Y84.049 E68.8155
G1 X128.752 Y83.99 E68.82641
;WIDTH:0.404381
G1 X128.763 Y84.031 E68.82821
G1 X128.692 Y84.05 E68.83133
G1 X128.711 Y83.979 E68.83445
;WIDTH:0.45
G1 X129.41 Y83.943 E68.86811
G1 X140.215 Y94.747 E69.60302
G1 X140.215 Y94.202 E69.62923
G1 X129.955 Y83.943 E70.32707
G1 X130.501 Y83.943 E70.35333
G1 X140.215 Y93.656 E71.01403
G1 X140.215 Y93.111 E71.04024
G1 X131.046 Y83.943 E71.66387
G1 X131.591 Y83.943 E71.69008
G1 X140.215 Y92.566 E72.27664
G1 X140.215 Y92.02 E72.3029
G1 X132.137 Y83.943 E72.85232
G1 X132.682 Y83.943 E72.87853
G1 X140.215 Y91.475 E73.39088
G1 X140.215 Y90.93 E73.41709
G1 X133.227 Y83.943 E73.89237
G1 X133.773 Y83.943 E73.91863
G1 X140.215 Y90.384 E74.35677
G1 X140.215 Y89.839 E74.38298
G1 X134.318 Y83.943 E74.78405
G1 X134.864 Y83.943 E74.81031
G1 X140.215 Y89.294 E75.17428
G1 X140.215 Y88.748 E75.20054
G1 X135.409 Y83.943 E75.5274
G1 X135.954 Y83.943 E75.55361
G1 X140.215 Y88.203 E75.8434
G1 X140.215 Y87.658 E75.86961
G1 X136.5 Y83.943 E76.1223
G1 X137.045 Y83.943 E76.14851
G1 X140.215 Y87.112 E76.3641
G1 X140.215 Y86.567 E76.39031
G1 X137.59 Y83.943 E76.56883
G1 X138.136 Y83.943 E76.59509
G1 X140.215 Y86.022 E76.7365
G1 E74.7365 F2400
G92 E0
G1 X138.817 Y84.079 F7800
G1 E2 F2400
G1 F1200
G1 X140.215 Y85.476 E2.09506
G1 X140.215 Y83.943 E2.16879
G1 X138.681 Y83.943 E2.24257
G1 X139.749 Y84.33 F7800
;WIDTH:0.577121
G1 F1200
G1 X139.703 Y84.375 E2.24669
G1 X139.72 Y84.437 E2.2508
G1 X139.782 Y84.454 E2.25491
G1 X139.827 Y84.408 E2.25903
G1 X139.811 Y84.347 E2.26306
G1 E.26306 F2400
G92 E0
G1 X128.063 Y84.153 F7800
G1 E2 F2400
;TYPE:Top solid infill
;WIDTH:0.402388
G1 F900
G1 X128.507 Y84.597 E2.02647
G1 X128.507 Y85.075 E2.04662
G1 X127.77 Y84.337 E2.09059
G1 X127.34 Y84.386 E2.10884
G1 X128.507 Y85.553 E2.17842
G1 X128.507 Y86.031 E2.19857
G1 X126.91 Y84.434 E2.29378
G1 X126.48 Y84.482 E2.31202
G1 X128.507 Y86.509 E2.43287
G1 X128.507 Y86.987 E2.45302
G1 X126.051 Y84.531 E2.59945
G1 X125.621 Y84.579 E2.61769
G1 X128.507 Y87.465 E2.78975
G1 X128.507 Y87.943 E2.8099
G1 X125.191 Y84.627 E3.0076
G1 X125 Y84.649 E3.01571
G1 X124.701 Y84.615 E3.0284
G1 X128.507 Y88.421 E3.25532
G1 X128.507 Y88.899 E3.27547
G1 X124.163 Y84.555 E3.53446
G1 X123.624 Y84.494 E3.55733
G1 X128.507 Y89.377 E3.84846
G1 X128.507 Y89.855 E3.86861
G1 X123.086 Y84.434 E4.19181
G1 X122.547 Y84.373 E4.21468
G1 X128.507 Y90.333 E4.57002
G1 X128.507 Y90.811 E4.59017
G1 X122.008 Y84.313 E4.97761
G1 X121.822 Y84.292 E4.9855
G1 X121.501 Y84.183 E4.99979
G1 X121.493 Y84.275 E5.00368
G1 X128.507 Y91.289 E5.42186
G1 X128.507 Y91.767 E5.44201
G1 X121.493 Y84.753 E5.86019
G1 X121.493 Y85.231 E5.88034
G1 X128.507 Y92.245 E6.29852
G1 X128.507 Y92.723 E6.31867
G1 X121.493 Y85.709 E6.73685
G1 X121.493 Y86.187 E6.757
G1 X128.507 Y93.201 E7.17518
G1 X128.507 Y93.679 E7.19533
G1 X121.493 Y86.665 E7.61351
G1 X121.493 Y87.143 E7.63366
G1 X128.507 Y94.157 E8.05184
G1 X128.507 Y94.635 E8.07199
G1 X121.493 Y87.621 E8.49017
G1 X121.493 Y88.099 E8.51032
G1 X128.507 Y95.114 E8.92853
G1 X128.507 Y95.592 E8.94868
G1 X121.493 Y88.577 E9.36689
G1 X121.493 Y89.055 E9.38704
G1 X128.507 Y96.07 E9.80525
G1 X128.507 Y96.548 E9.8254
G1 X121.493 Y89.533 E10.24361
G1 X121.493 Y90.011 E10.26376
G1 X128.507 Y97.026 E10.68197
G1 X128.507 Y97.504 E10.70212
G1 X121.493 Y90.489 E11.12033
G1 X121.493 Y90.967 E11.14048
G1 X128.507 Y97.982 E11.55869
G1 X128.507 Y98.46 E11.57884
G1 X121.493 Y91.445 E11.99705
G1 X121.493 Y91.923 E12.0172
G1 X128.507 Y98.938 E12.43541
G1 X128.507 Y99.416 E12.45556
G1 X121.493 Y92.401 E12.87377
G1 X121.493 Y92.879 E12.89392
G1 X128.507 Y99.894 E13.31213
G1 X128.507 Y100.372 E13.33228
G1 X121.493 Y93.357 E13.75049
G1 X121.493 Y93.835 E13.77064
G1 X128.507 Y100.85 E14.18885
G1 X128.507 Y101.328 E14.209
G1 X121.493 Y94.313 E14.62721
G1 X121.493 Y94.791 E14.64736
G1 X128.507 Y101.806 E15.06557
G1 X128.507 Y102.284 E15.08572
G1 X121.493 Y95.269 E15.50393
G1 X121.493 Y95.747 E15.52408
G1 X128.507 Y102.762 E15.94229
G1 X128.507 Y103.24 E15.96244
G1 X121.493 Y96.225 E16.38065
G1 X121.493 Y96.703 E16.4008
G1 X128.507 Y103.718 E16.81901
G1 X128.507 Y104.196 E16.83916
G1 X121.493 Y97.181 E17.25737
G1 X121.493 Y97.659 E17.27752
G1 X128.507 Y104.674 E17.69573
G1 X128.507 Y105.152 E17.71588
G1 X121.493 Y98.137 E18.13409
G1 X121.493 Y98.615 E18.15424
G1 X128.507 Y105.63 E18.57245
G1 X128.507 Y106.108 E18.5926
G1 X121.493 Y99.093 E19.01081
G1 X121.493 Y99.571 E19.03096
G1 X128.507 Y106.586 E19.44917
G1 X128.507 Y107.064 E19.46932
G1 X121.493 Y100.049 E19.88753
G1 X121.493 Y100.527 E19.90768
G1 X128.507 Y107.542 E20.32589
G1 X128.507 Y108.02 E20.34604
G1 X121.493 Y101.005 E20.76425
G1 X121.493 Y101.483 E20.7844
G1 X128.507 Y108.498 E21.20261
G1 X128.507 Y108.976 E21.22276
G1 X121.493 Y101.961 E21.64097
G1 X121.493 Y102.439 E21.66112
G1 X128.507 Y109.454 E22.07933
G1 X128.507 Y109.932 E22.09948
G1 X121.493 Y102.917 E22.51769
G1 X121.493 Y103.395 E22.53784
G1 X128.507 Y110.41 E22.95605
G1 X128.507 Y110.888 E22.9762
G1 X121.493 Y103.874 E23.39438
G1 X121.493 Y104.352 E23.41453
G1 X128.507 Y111.366 E23.83271
G1 X128.507 Y111.844 E23.85286
G1 X121.493 Y104.83 E24.27104
G1 X121.493 Y105.308 E24.29119
G1 X128.507 Y112.322 E24.70937
G1 X128.507 Y112.8 E24.72952
G1 X121.493 Y105.786 E25.1477
G1 X121.493 Y106.264 E25.16785
G1 X128.507 Y113.278 E25.58603
G1 X128.507 Y113.756 E25.60618
G1 X121.493 Y106.742 E26.02436
G1 X121.493 Y107.22 E26.04451
G1 X128.507 Y114.234 E26.46269
G1 X128.507 Y114.712 E26.48284
G1 X121.493 Y107.698 E26.90102
G1 X121.493 Y108.176 E26.92117
G1 X128.507 Y115.19 E27.33935
G1 X128.507 Y115.668 E27.3595
G1 X121.493 Y108.654 E27.77768
G1 X121.493 Y109.132 E27.79783
G1 X128.507 Y116.146 E28.21601
G1 X128.507 Y116.624 E28.23616
G1 X121.493 Y109.61 E28.65434
G1 X121.493 Y110.088 E28.67449
G1 X128.507 Y117.102 E29.09267
G1 X128.507 Y117.58 E29.11282
G1 X121.493 Y110.566 E29.531
G1 X121.493 Y111.044 E29.55115
G1 X128.507 Y118.058 E29.96933
G1 X128.507 Y118.536 E29.98948
G1 X121.493 Y111.522 E30.40766
G1 X121.493 Y112 E30.42781
G1 X128.507 Y119.014 E30.84599
G1 X128.507 Y119.492 E30.86614
G1 X121.493 Y112.478 E31.28432
G1 X121.493 Y112.956 E31.30447
G1 X128.507 Y119.97 E31.72265
G1 X128.507 Y120.448 E31.7428
G1 X121.493 Y113.434 E32.16098
G1 X121.493 Y113.912 E32.18113
G1 X128.507 Y120.926 E32.59931
G1 X128.507 Y121.404 E32.61946
G1 X121.493 Y114.39 E33.03764
G1 X121.493 Y114.868 E33.05779
G1 X128.507 Y121.882 E33.47597
G1 X128.507 Y122.36 E33.49612
G1 X121.493 Y115.346 E33.9143
G1 X121.493 Y115.824 E33.93445
G1 X128.507 Y122.838 E34.35263
G1 X128.507 Y123.316 E34.37278
G1 X121.493 Y116.302 E34.79096
G1 X121.493 Y116.78 E34.81111
G1 X128.507 Y123.794 E35.22929
G1 X128.507 Y124.272 E35.24944
G1 X121.493 Y117.258 E35.66762
G1 X121.493 Y117.736 E35.68777
G1 X128.507 Y124.75 E36.10595
G1 X128.507 Y125.228 E36.1261
G1 X121.493 Y118.214 E36.54428
G1 X121.493 Y118.692 E36.56443
G1 X128.507 Y125.706 E36.98261
G1 X128.507 Y126.184 E37.00276
G1 X121.493 Y119.17 E37.42094
G1 X121.493 Y119.648 E37.44109
G1 X128.507 Y126.662 E37.85927
G1 X128.507 Y127.14 E37.87942
G1 X121.493 Y120.126 E38.2976
G1 X121.493 Y120.604 E38.31775
G1 X128.507 Y127.618 E38.73593
G1 X128.507 Y128.096 E38.75608
G1 X121.493 Y121.082 E39.17426
G1 X121.493 Y121.56 E39.19441
G1 X128.507 Y128.574 E39.61259
G1 X128.507 Y129.053 E39.63278
G1 X121.493 Y122.038 E40.05099
G1 X121.493 Y122.516 E40.07114
G1 X128.507 Y129.531 E40.48935
G1 X128.507 Y130.009 E40.5095
G1 X121.493 Y122.994 E40.92771
G1 X121.493 Y123.472 E40.94786
G1 X128.507 Y130.487 E41.36607
G1 X128.507 Y130.965 E41.38622
G1 X121.493 Y123.95 E41.80443
G1 X121.493 Y124.428 E41.82458
G1 X128.507 Y131.443 E42.24279
G1 X128.507 Y131.921 E42.26294
G1 X121.493 Y124.906 E42.68115
G1 X121.493 Y125.384 E42.7013
G1 X128.507 Y132.399 E43.11951
G1 X128.507 Y132.877 E43.13966
G1 X121.493 Y125.862 E43.55787
G1 X121.493 Y126.34 E43.57802
G1 X128.507 Y133.355 E43.99623
G1 X128.507 Y133.833 E44.01638
G1 X121.493 Y126.818 E44.43459
G1 X121.493 Y127.296 E44.45474
G1 X128.507 Y134.311 E44.87295
G1 X128.507 Y134.789 E44.8931
G1 X121.493 Y127.774 E45.31131
G1 X121.493 Y128.252 E45.33146
G1 X128.089 Y134.848 E45.72472
G1 X127.611 Y134.848 E45.74487
G1 X121.493 Y128.73 E46.10963
G1 X121.493 Y129.208 E46.12978
G1 X127.133 Y134.848 E46.46604
G1 X126.655 Y134.848 E46.48619
G1 X121.493 Y129.686 E46.79395
G1 X121.493 Y130.164 E46.8141
G1 X126.177 Y134.848 E47.09336
G1 X125.861 Y134.848 E47.10668
G1 X125.724 Y134.874 E47.11256
G1 X121.493 Y130.642 E47.36484
G1 X121.493 Y131.12 E47.38499
G1 X125.369 Y134.997 E47.61611
G1 X125.234 Y135.063 E47.62245
G1 X125.098 Y135.204 E47.63071
G1 X121.493 Y131.598 E47.84567
G1 X121.493 Y132.076 E47.86582
G1 X124.294 Y134.877 E48.03282
G1 X124.139 Y134.848 E48.03947
G1 X123.787 Y134.848 E48.05431
G1 X121.493 Y132.554 E48.19108
G1 X121.493 Y133.032 E48.21123
G1 X123.309 Y134.848 E48.3195
G1 X122.83 Y134.848 E48.33969
G1 X121.493 Y133.51 E48.41943
G1 X121.493 Y133.988 E48.43958
G1 X122.352 Y134.848 E48.49082
G1 X121.874 Y134.848 E48.51097
G1 X121.342 Y134.315 E48.54272
G1 E46.54272 F2400
G92 E0
G1 X109.817 Y134.717 F7800
G1 E2 F2400
;TYPE:Solid infill
;WIDTH:0.543577
G1 F1200
G1 X109.774 Y134.759 E2.00359
G1 X109.79 Y134.817 E2.00719
G1 X109.848 Y134.832 E2.01077
G1 X109.89 Y134.79 E2.01432
G1 X109.875 Y134.732 E2.0179
;WIDTH:0.45
G1 X109.785 Y134.116 E2.04784
G1 X110.628 Y134.945 E2.10471
;WIDTH:0.404381
G1 X110.609 Y135.016 E2.10783
G1 X110.68 Y134.997 E2.11095
G1 X110.669 Y134.956 E2.11275
;WIDTH:0.45
G1 X111.036 Y134.822 E2.13154
G1 X109.785 Y133.571 E2.21663
G1 X109.785 Y133.026 E2.24284
G1 X111.581 Y134.822 E2.365
G1 X112.127 Y134.822 E2.39126
G1 X109.785 Y132.48 E2.55056
G1 X109.785 Y131.935 E2.57677
G1 X112.672 Y134.822 E2.77314
G1 X113.218 Y134.822 E2.7994
G1 X109.785 Y131.39 E3.03287
G1 X109.785 Y130.844 E3.05913
G1 X113.763 Y134.822 E3.32971
G1 X114.309 Y134.822 E3.35597
G1 X109.785 Y130.299 E3.66365
G1 X109.785 Y129.754 E3.68986
G1 X114.854 Y134.822 E4.03461
G1 X115.399 Y134.822 E4.06082
G1 X109.785 Y129.208 E4.44268
G1 X109.785 Y128.663 E4.46889
G1 X115.945 Y134.822 E4.88785
G1 X116.49 Y134.822 E4.91406
G1 X109.785 Y128.117 E5.37013
G1 X109.785 Y127.572 E5.39634
G1 X117.036 Y134.822 E5.88951
G1 X117.581 Y134.822 E5.91572
G1 X109.785 Y127.027 E6.44596
G1 X109.785 Y126.481 E6.47222
G1 X118.126 Y134.822 E7.03956
G1 X118.672 Y134.823 E7.06582
G1 X109.785 Y125.936 E7.6703
G1 X109.785 Y125.391 E7.69651
G1 X119.217 Y134.823 E8.33806
G1 X119.763 Y134.823 E8.36432
G1 X109.785 Y124.845 E9.04301
G1 X109.785 Y124.3 E9.06922
G1 X120.308 Y134.823 E9.78498
G1 X121.242 Y134.873 F7800
;WIDTH:0.404381
G1 F1200
G1 X121.253 Y134.914 E9.78678
G1 X121.182 Y134.933 E9.7899
G1 X121.201 Y134.862 E9.79302
;WIDTH:0.45
G1 X120.854 Y134.823 E9.80981
G1 X109.785 Y123.755 E10.56268
G1 X109.785 Y123.209 E10.58894
G1 X121.132 Y134.556 E11.36075
G1 X121.132 Y134.011 E11.38696
G1 X109.785 Y122.664 E12.15877
G1 X109.785 Y122.119 E12.18498
G1 X121.132 Y133.465 E12.95675
G1 X121.132 Y132.92 E12.98296
G1 X109.785 Y121.573 E13.75477
G1 X109.785 Y121.028 E13.78098
G1 X121.132 Y132.375 E14.55279
G1 X121.132 Y131.829 E14.57905
G1 X109.785 Y120.483 E15.35082
G1 X109.785 Y119.937 E15.37708
G1 X121.132 Y131.284 E16.14889
G1 X121.132 Y130.739 E16.1751
G1 X109.785 Y119.392 E16.94691
G1 X109.785 Y118.847 E16.97312
G1 X121.132 Y130.193 E17.74489
G1 X121.132 Y129.648 E17.7711
G1 X109.785 Y118.301 E18.54291
G1 X109.785 Y117.756 E18.56912
G1 X121.132 Y129.103 E19.34093
G1 X121.132 Y128.557 E19.36719
G1 X109.785 Y117.211 E20.13896
G1 X109.785 Y116.665 E20.16522
G1 X121.132 Y128.012 E20.93703
G1 X121.132 Y127.467 E20.96324
G1 X109.785 Y116.12 E21.73505
G1 X109.785 Y115.574 E21.76131
G1 X121.132 Y126.921 E22.53312
G1 X121.132 Y126.376 E22.55933
G1 X109.785 Y115.029 E23.33114
G1 X109.785 Y114.484 E23.35735
G1 X121.132 Y125.83 E24.12912
G1 X121.132 Y125.285 E24.15533
G1 X109.785 Y113.938 E24.92714
G1 X109.785 Y113.393 E24.95335
G1 X121.132 Y124.74 E25.72516
G1 X121.132 Y124.194 E25.75142
G1 X109.785 Y112.848 E26.52319
G1 X109.785 Y112.302 E26.54945
G1 X121.132 Y123.649 E27.32126
G1 X121.132 Y123.104 E27.34747
G1 X109.785 Y111.757 E28.11928
G1 X109.785 Y111.212 E28.14549
G1 X121.132 Y122.558 E28.91726
G1 X121.132 Y122.013 E28.94347
G1 X109.785 Y110.666 E29.71528
G1 X109.785 Y110.121 E29.74149
G1 X121.132 Y121.468 E30.5133
G1 X121.132 Y120.922 E30.53956
G1 X109.785 Y109.576 E31.31133
G1 X109.785 Y109.03 E31.33759
G1 X121.132 Y120.377 E32.1094
G1 X121.132 Y119.832 E32.13561
G1 X109.785 Y108.485 E32.90742
G1 X109.785 Y107.94 E32.93363
G1 X121.132 Y119.286 E33.7054
G1 X121.132 Y118.741 E33.73161
G1 X109.785 Y107.394 E34.50342
G1 X109.785 Y106.849 E34.52963
G1 X121.132 Y118.196 E35.30144
G1 X121.132 Y117.65 E35.3277
G1 X109.785 Y106.304 E36.09947
G1 X109.785 Y105.758 E36.12573
G1 X121.132 Y117.105 E36.89754
G1 X121.132 Y116.56 E36.92375
G1 X109.785 Y105.213 E37.69556
G1 X109.785 Y104.668 E37.72177
G1 X121.132 Y116.014 E38.49354
G1 X121.132 Y115.469 E38.51975
G1 X109.785 Y104.122 E39.29156
G1 X109.785 Y103.577 E39.31777
G1 X121.132 Y114.924 E40.08958
G1 X121.132 Y114.378 E40.11584
G1 X109.785 Y103.031 E40.88765
G1 X109.785 Y102.486 E40.91386
G1 X121.132 Y113.833 E41.68567
G1 X121.132 Y113.287 E41.71193
G1 X109.785 Y101.941 E42.4837
G1 X109.785 Y101.395 E42.50996
G1 X121.132 Y112.742 E43.28177
G1 X121.132 Y112.197 E43.30798
G1 X109.785 Y100.85 E44.07979
G1 X109.785 Y100.305 E44.106
G1 X121.132 Y111.651 E44.87777
G1 X121.132 Y111.106 E44.90398
G1 X109.785 Y99.759 E45.67579
G1 X109.785 Y99.214 E45.702
G1 X121.132 Y110.561 E46.47381
G1 X121.132 Y110.015 E46.50007
G1 X109.785 Y98.669 E47.27184
G1 X109.785 Y98.123 E47.2981
G1 X121.132 Y109.47 E48.06991
G1 X121.132 Y108.925 E48.09612
G1 X109.785 Y97.578 E48.86793
G1 X109.785 Y97.033 E48.89414
G1 X121.132 Y108.379 E49.66591
G1 X121.132 Y107.834 E49.69212
G1 X109.785 Y96.487 E50.46393
G1 X109.785 Y95.942 E50.49014
G1 X121.132 Y107.289 E51.26195
G1 X121.132 Y106.743 E51.28821
G1 X109.785 Y95.397 E52.05998
G1 X109.785 Y94.851 E52.08624
G1 X121.132 Y106.198 E52.85805
G1 X121.132 Y105.653 E52.88426
G1 X109.785 Y94.306 E53.65607
G1 X109.785 Y93.761 E53.68228
G1 X121.132 Y105.107 E54.45405
G1 X121.132 Y104.562 E54.48026
G1 X109.785 Y93.215 E55.25207
G1 X109.785 Y92.67 E55.27828
G1 X121.132 Y104.017 E56.05009
G1 X121.132 Y103.471 E56.07635
G1 X109.785 Y92.125 E56.84812
G1 X109.785 Y91.579 E56.87438
G1 X121.132 Y102.926 E57.64619
G1 X121.132 Y102.381 E57.6724
G1 X109.785 Y91.034 E58.44421
G1 X109.785 Y90.488 E58.47047
G1 X121.132 Y101.835 E59.24228
G1 X121.132 Y101.29 E59.26849
G1 X109.785 Y89.943 E60.0403
G1 X109.785 Y89.398 E60.06651
G1 X121.132 Y100.744 E60.83828
G1 X121.132 Y100.199 E60.86449
G1 X109.785 Y88.852 E61.6363
G1 X109.785 Y88.307 E61.66251
G1 X121.132 Y99.654 E62.43432
G1 X121.132 Y99.108 E62.46058
G1 X109.785 Y87.762 E63.23235
G1 X109.785 Y87.216 E63.25861
G1 X121.132 Y98.563 E64.03042
G1 X121.132 Y98.018 E64.05663
G1 X109.785 Y86.671 E64.82844
G1 X109.785 Y86.126 E64.85465
G1 X121.132 Y97.472 E65.62642
G1 X121.132 Y96.927 E65.65263
G1 X109.785 Y85.58 E66.42444
G1 X109.785 Y85.035 E66.45065
G1 X121.132 Y96.382 E67.22246
G1 X121.132 Y95.836 E67.24872
G1 X109.785 Y84.49 E68.02049
G1 X109.785 Y83.944 E68.04675
G1 X121.132 Y95.291 E68.81856
G1 X121.132 Y94.746 E68.84477
G1 X110.329 Y83.943 E69.57958
G1 X110.874 Y83.943 E69.60579
G1 X121.132 Y94.2 E70.30349
G1 X121.132 Y93.655 E70.3297
G1 X111.42 Y83.943 E70.9903
G1 X111.965 Y83.943 E71.01651
G1 X121.132 Y93.11 E71.64004
G1 X121.132 Y92.564 E71.6663
G1 X112.511 Y83.943 E72.25269
G1 X113.056 Y83.943 E72.2789
G1 X121.132 Y92.019 E72.82822
G1 X121.132 Y91.474 E72.85443
G1 X113.601 Y83.943 E73.36668
G1 X114.147 Y83.943 E73.39294
G1 X121.132 Y90.928 E73.86805
G1 X121.132 Y90.383 E73.89426
G1 X114.692 Y83.943 E74.3323
G1 X115.237 Y83.943 E74.35851
G1 X121.132 Y89.838 E74.75948
G1 X121.132 Y89.292 E74.78574
G1 X115.783 Y83.943 E75.14957
G1 X116.328 Y83.943 E75.17578
G1 X121.132 Y88.747 E75.50254
G1 X121.132 Y88.201 E75.5288
G1 X116.873 Y83.943 E75.81846
G1 X117.419 Y83.943 E75.84472
G1 X121.132 Y87.656 E76.09727
G1 X121.132 Y87.111 E76.12348
G1 X117.964 Y83.943 E76.33896
G1 X118.509 Y83.943 E76.36517
G1 X121.132 Y86.565 E76.54355
G1 X121.132 Y86.02 E76.56976
G1 X119.055 Y83.943 E76.71103
G1 X120.642 Y83.943 E76.78736
G1 X121.156 Y84.093 E76.81311
G1 X121.132 Y84.281 E76.82223
G1 X121.132 Y85.475 E76.87966
G1 X119.736 Y84.079 E76.97461
G1 X120.672 Y84.342 F7800
;WIDTH:0.566663
G1 F1200
G1 X120.628 Y84.387 E76.97855
G1 X120.644 Y84.447 E76.98244
G1 X120.704 Y84.464 E76.98635
G1 X120.749 Y84.419 E76.99034
G1 X120.733 Y84.359 E76.99423
;LAYER_CHANGE
;Z:1.25
;HEIGHT:0.3
G1 E74.99423 F2400
G92 E0
G1 Z1.25 F7800
;AFTER_LAYER_CHANGE
;1.25
G1 X122.283 Y135.111
G1 E2 F2400
;TYPE:Perimeter
;WIDTH:0.45
G1 F1500
G1 X109.496 Y135.111 E2.61501
G1 X109.496 Y83.134 E5.11492
G1 X118.817 Y83.134 E5.56323
G1 X121.738 Y84.169 E5.71228
G1 X122.283 Y84.255 E5.73882
G1 X122.283 Y135.051 E8.18193
G1 X122.669 Y135.496 F7800
G1 F1500
G1 X109.111 Y135.496 E8.83402
G1 X109.111 Y82.748 E11.37102
G1 X118.882 Y82.748 E11.84097
G1 X121.927 Y83.826 E11.99633
G1 X122.669 Y83.911 E12.03225
G1 X122.669 Y135.436 E14.51042
G1 X123.054 Y135.882 F7800
;TYPE:External perimeter
G1 F1500
G1 X108.725 Y135.882 E15.1996
G1 X108.725 Y82.457 E17.76916
;TYPE:Overhang perimeter
;WIDTH:0.4
;HEIGHT:0.4
M106 S255
G1 X108.725 Y82.363 E17.77407
G1 X119.014 Y82.363 E18.31162
G1 X119.185 Y82.457 E18.32181
M107
;TYPE:External perimeter
;WIDTH:0.45
;HEIGHT:0.3
G1 X122.013 Y83.448 E18.46594
G1 X123.054 Y83.566 E18.51633
G1 X123.054 Y135.822 E21.02966
G1 X122.659 Y135.881 F7800
G1 E19.02966 F2400
G92 E0
G1 X113.122 Y134.436 F7800
G1 E2 F2400
;TYPE:Internal infill
;WIDTH:0.45
G1 F1200
G1 X110.808 Y134.436 E2.1113
G1 X110.171 Y133.799 E2.15463
G1 X110.171 Y130.544 E2.31118
G1 X121.767 Y87.269 E4.46599
G1 X121.767 Y85.905 E4.53159
G1 X110.171 Y89.012 E5.10899
G1 X110.171 Y90.171 E5.16473
G1 X121.767 Y101.767 E5.95348
G1 X121.767 Y101.874 E5.95863
G1 X110.171 Y104.981 E6.53603
G1 X110.171 Y107.295 E6.64733
G1 E4.64733 F2400
G92 E0
G1 X110.171 Y94.683 F7800
G1 E2 F2400
G1 F1200
G1 X110.171 Y96.997 E2.1113
G1 X121.767 Y93.89 E2.6887
G1 X121.767 Y90.86 E2.83443
G1 X115.45 Y84.543 E3.26411
G1 X114.512 Y84.543 E3.30922
G1 X110.171 Y100.746 E4.11601
G1 X110.171 Y101.078 E4.13198
G1 X121.767 Y112.673 E4.92069
G1 X121.767 Y109.859 E5.05603
G1 X110.171 Y112.966 E5.63343
G1 X110.171 Y111.985 E5.68061
G1 X121.767 Y123.58 E6.46932
G1 X121.767 Y125.828 E6.57744
G1 X110.171 Y128.935 E7.15484
G1 X110.171 Y126.621 E7.26614
G1 E5.26614 F2400
G92 E0
G1 X121.767 Y117.843 F7800
G1 E2 F2400
G1 F1200
G1 X110.171 Y120.95 E2.5774
G1 X110.171 Y122.892 E2.6708
G1 X121.715 Y134.436 E3.45601
G1 X121.767 Y134.436 E3.45851
G1 X121.767 Y133.812 E3.48852
G1 X119.439 Y134.436 E3.60444
G1 X117.113 Y134.436 E3.71631
G1 X121.767 Y117.068 E4.58112
G1 X121.767 Y114.754 E4.69242
G1 E2.69242 F2400
G92 E0
G1 X118.568 Y83.423 F7800
G1 E2 F2400
;TYPE:Solid infill
;WIDTH:0.45
G1 F1200
G1 X109.785 Y83.423 E2.42243
G1 X109.785 Y84.35 E2.46702
G1 X109.978 Y84.158 E2.48011
G1 X118.696 Y84.161 E2.89942
;WIDTH:0.475353
G1 X120.782 Y84.151 E3.00635
G1 X118.76 Y83.423 E3.11651
;WIDTH:0.45
G1 X118.696 Y83.792 E3.13452
;WIDTH:0.417103
G1 X110.153 Y83.79 E3.51036
;WIDTH:0.45
G1 X109.785 Y84.35 E3.54259
G1 X109.785 Y134.629 E5.96084
;WIDTH:0.483114
G1 X109.802 Y134.708 E5.96506
;WIDTH:0.516197
G1 X109.819 Y134.788 E5.96967
G1 X109.898 Y134.805 E5.97422
;WIDTH:0.483113
G1 X109.978 Y134.821 E5.97848
;WIDTH:0.450037
G1 X119.07 Y134.821 E6.41582
G1 X119.249 Y134.765 E6.42484
G1 X119.454 Y134.821 E6.43506
G1 X121.959 Y134.821 E6.55555
;WIDTH:0.452867
G1 X121.992 Y134.82 E6.55715
G1 X122.073 Y134.629 E6.5672
;WIDTH:0.404381
G1 X122.073 Y84.876 E8.67706
;WIDTH:0.444957
G1 X122.034 Y84.764 E8.68269
;WIDTH:0.485533
G1 X121.995 Y84.651 E8.68897
;WIDTH:0.526109
G1 X121.956 Y84.539 E8.6958
G1 X121.383 Y84.35 E8.73055
;WIDTH:0.500398
G1 X120.81 Y84.161 E8.76336
;WIDTH:0.477771
G1 X120.779 Y84.151 E8.76504
G1 E6.76504 F2400
G92 E0
G1 X125.825 Y136.398 F7800
G1 E2 F2400
;TYPE:External perimeter
;WIDTH:0.58219
G1 F1200
G1 X126.136 Y136.916 E2.03902
G1 X123.864 Y136.916 E2.18575
G1 X124.175 Y136.398 E2.22477
G1 X125.765 Y136.398 E2.32746
G1 X126.01 Y136.714 F7800
G1 E.32746 F2400
G92 E0
G1 X127.717 Y135.111 F7800
G1 E2 F2400
;TYPE:Perimeter
;WIDTH:0.45
G1 F1500
G1 X127.717 Y84.255 E4.446
G1 X128.262 Y84.169 E4.47254
G1 X131.183 Y83.134 E4.62159
G1 X140.504 Y83.134 E5.0699
G1 X140.504 Y135.111 E7.56981
G1 X127.777 Y135.111 E8.18193
G1 X127.331 Y135.496 F7800
G1 F1500
G1 X127.331 Y83.911 E10.66299
G1 X128.135 Y83.805 E10.70199
G1 X130.412 Y83.007 E10.81804
G1 X131.096 Y82.748 E10.85322
G1 X140.889 Y82.748 E11.32423
G1 X140.889 Y135.496 E13.86123
G1 X127.391 Y135.496 E14.51044
G1 X126.946 Y135.882 F7800
;TYPE:External perimeter
G1 F1500
G1 X126.946 Y83.566 E17.02666
G1 X127.987 Y83.448 E17.07705
G1 X130.815 Y82.457 E17.22118
;TYPE:Overhang perimeter
;WIDTH:0.4
;HEIGHT:0.4
M106 S255
G1 X130.986 Y82.363 E17.23137
G1 X141.275 Y82.363 E17.76892
G1 X141.275 Y82.457 E17.77383
M107
;TYPE:External perimeter
;WIDTH:0.45
;HEIGHT:0.3
G1 X141.275 Y135.882 E20.34339
G1 X127.006 Y135.882 E21.02968
G1 X126.946 Y135.486 F7800
G1 E19.02968 F2400
G92 E0
G1 X139.829 Y115.317 F7800
G1 E2 F2400
;TYPE:Internal infill
;WIDTH:0.45
G1 F1200
G1 X139.829 Y113.003 E2.1113
G1 X128.233 Y116.11 E2.6887
G1 X128.233 Y119.14 E2.83443
G1 X139.829 Y130.736 E3.62318
G1 X139.829 Y128.972 E3.70802
G1 X128.233 Y132.079 E4.28542
G1 X128.233 Y130.047 E4.38315
G1 X132.622 Y134.436 E4.68168
G1 X133.082 Y134.436 E4.7038
G1 X139.829 Y109.254 E5.95769
G1 X139.829 Y108.922 E5.97366
G1 X128.233 Y97.327 E6.76237
G1 X128.233 Y100.141 E6.89771
G1 X139.829 Y97.034 E7.47511
G1 X139.829 Y98.015 E7.52229
G1 X128.233 Y86.42 E8.311
G1 X128.233 Y85.039 E8.37742
G1 X128.392 Y85.003 E8.38526
G1 X128.392 Y84.862 E8.39204
G1 X129.296 Y84.543 E8.43815
G1 X130.481 Y84.543 E8.49514
G1 X128.233 Y92.932 E8.91286
G1 X128.233 Y95.246 E9.02416
G1 E7.02416 F2400
G92 E0
G1 X128.233 Y92.157 F7800
G1 E2 F2400
G1 F1200
G1 X139.829 Y89.05 E2.5774
G1 X139.829 Y87.108 E2.6708
G1 X137.264 Y84.543 E2.84527
G1 X138.466 Y84.543 E2.90308
G1 X128.233 Y122.731 E4.80459
G1 X128.233 Y124.095 E4.87019
G1 X139.829 Y120.988 E5.44759
G1 X139.829 Y119.829 E5.50333
G1 X128.233 Y108.233 E6.29208
G1 X128.233 Y108.126 E6.29723
G1 X139.829 Y105.019 E6.87463
G1 X139.829 Y102.705 E6.98593
G1 E4.98593 F2400
G92 E0
G1 X129.25 Y84.145 F7800
G1 E2 F2400
;TYPE:Solid infill
;WIDTH:0.484805
G1 F1200
G1 X128.369 Y84.449 E2.04887
;WIDTH:0.498819
G1 X128.206 Y84.494 E2.05803
;WIDTH:0.526111
G1 X128.044 Y84.539 E2.06771
G1 X128.005 Y84.651 E2.07454
;WIDTH:0.485534
G1 X127.966 Y84.764 E2.08082
;WIDTH:0.444957
G1 X127.927 Y84.876 E2.08645
;WIDTH:0.404381
G1 X127.927 Y134.47 E4.18957
;WIDTH:0.431127
G1 X127.969 Y134.628 E4.19705
;WIDTH:0.457873
G1 X128.01 Y134.785 E4.20501
G1 X128.129 Y134.821 E4.21111
;WIDTH:0.450037
G1 X140.022 Y134.821 E4.78318
;WIDTH:0.483114
G1 X140.102 Y134.805 E4.78744
;WIDTH:0.516197
G1 X140.181 Y134.788 E4.79199
G1 X140.198 Y134.708 E4.7966
;WIDTH:0.483114
G1 X140.215 Y134.629 E4.80082
;WIDTH:0.450031
G1 X140.215 Y84.35 E7.21926
;WIDTH:0.452953
G1 X140.213 Y84.317 E7.22086
;WIDTH:0.45
G1 X139.847 Y83.79 E7.25172
;WIDTH:0.417143
G1 X131.304 Y83.792 E7.6276
;WIDTH:0.45
G1 X131.239 Y83.423 E7.64562
G1 X140.215 Y83.423 E8.07733
G1 X140.215 Y83.79 E8.09498
;WIDTH:0.452953
G1 X140.213 Y84.317 E8.12052
G1 X140.022 Y84.158 E8.13256
;WIDTH:0.45
G1 X131.304 Y84.161 E8.55187
;WIDTH:0.484805
G1 X129.25 Y84.145 E8.65958
G1 X131.058 Y83.489 E8.76043
G1 E6.76043 F2400
G92 E0
G1 X128.044 Y84.539 F7800
G1 E2 F2400
;WIDTH:0.526111
G1 F1200
G1 X128.005 Y84.651 E2.00683
;WIDTH:0.485534
G1 X127.966 Y84.764 E2.01311
;WIDTH:0.444957
G1 X127.927 Y84.876 E2.01874
G1 X127.966 Y84.764 E2.02437
;WIDTH:0.485534
G1 X128.005 Y84.651 E2.03065
;WIDTH:0.526111
G1 X128.025 Y84.596 E2.03402
;LAYER_CHANGE
;Z:1.55
;HEIGHT:0.3
G1 E.03402 F2400
G92 E0
G1 Z1.55 F7800
;AFTER_LAYER_CHANGE
;1.55
G1 X125.825 Y136.398
G1 E2 F2400
;TYPE:External perimeter
;WIDTH:0.58219
G1 F1200
G1 X126.136 Y136.916 E2.03902
G1 X123.864 Y136.916 E2.18575
G1 X124.175 Y136.398 E2.22477
G1 X125.765 Y136.398 E2.32746
G1 X126.01 Y136.714 F7800
G1 E.32746 F2400
G92 E0
G1 X127.559 Y135.111 F7800
G1 E2 F2400
;TYPE:Perimeter
;WIDTH:0.45
G1 F1500
G1 X127.559 Y84.446 E4.43681
G1 X128.262 Y84.342 E4.47099
G1 X131.191 Y83.316 E4.62026
G1 X132.328 Y82.614 E4.68453
G1 X140.504 Y82.614 E5.07777
G1 X140.504 Y135.111 E7.60269
G1 X127.619 Y135.111 E8.22241
G1 X127.173 Y135.496 F7800
G1 F1500
G1 X127.173 Y84.102 E10.69428
G1 X128.135 Y83.978 E10.74093
G1 X131.024 Y82.966 E10.88816
G1 X132.218 Y82.229 E10.95565
G1 X140.889 Y82.229 E11.37269
G1 X140.889 Y135.496 E13.93465
G1 X127.233 Y135.496 E14.59146
G1 X126.787 Y135.882 F7800
;TYPE:External perimeter
G1 F1500
G1 X126.787 Y83.757 E17.09849
G1 X127.987 Y83.621 E17.15658
G1 X130.857 Y82.616 E17.30284
G1 X131.956 Y81.938 E17.36495
;TYPE:Overhang perimeter
;WIDTH:0.4
;HEIGHT:0.4
M106 S255
G1 X132.109 Y81.843 E17.37436
G1 X141.275 Y81.843 E17.85324
G1 X141.275 Y81.938 E17.8582
M107
;TYPE:External perimeter
;WIDTH:0.45
;HEIGHT:0.3
G1 X141.275 Y135.882 E20.45272
G1 X126.847 Y135.882 E21.14666
G1 X126.788 Y135.486 F7800
G1 X127.678 Y134.144
;TYPE:Bridge infill
;WIDTH:0.402848
;HEIGHT:0.4
M106 S255
G1 F1500
G1 X128.019 Y134.758 E21.18388
G1 X128.073 Y134.789 E21.18718
G1 X128.554 Y134.789 E21.21267
G1 X127.88 Y133.576 E21.28621
G1 X127.88 Y132.644 E21.3356
G1 X129.072 Y134.789 E21.46564
G1 X129.59 Y134.789 E21.49309
G1 X127.88 Y131.712 E21.67963
G1 X127.88 Y130.779 E21.72907
G1 X130.108 Y134.789 E21.97216
G1 X130.627 Y134.789 E21.99966
G1 X127.88 Y129.847 E22.29928
G1 X127.88 Y128.915 E22.34867
G1 X131.145 Y134.789 E22.7048
G1 X131.663 Y134.789 E22.73225
G1 X127.88 Y127.983 E23.14488
G1 X127.88 Y127.05 E23.19432
G1 X132.181 Y134.789 E23.6635
G1 X132.699 Y134.789 E23.69095
G1 X127.88 Y126.118 E24.21663
G1 X127.88 Y125.186 E24.26602
G1 X133.217 Y134.789 E24.84821
G1 X133.735 Y134.789 E24.87566
G1 X127.88 Y124.254 E25.51435
G1 X127.88 Y123.321 E25.56379
G1 X134.253 Y134.789 E26.25903
G1 X134.771 Y134.789 E26.28648
G1 X127.88 Y122.389 E27.03822
G1 X127.88 Y121.457 E27.08761
G1 X135.289 Y134.789 E27.89586
G1 X135.807 Y134.789 E27.92331
G1 X127.88 Y120.525 E28.78806
G1 X127.88 Y119.593 E28.83745
G1 X136.325 Y134.789 E29.7587
G1 X136.843 Y134.789 E29.78615
G1 X127.88 Y118.66 E30.76395
G1 X127.88 Y117.728 E30.81334
G1 X137.362 Y134.789 E31.84767
G1 X137.88 Y134.789 E31.87512
G1 X127.88 Y116.796 E32.96596
G1 X127.88 Y115.864 E33.01535
G1 X138.398 Y134.789 E34.16269
G1 X138.916 Y134.789 E34.19014
G1 X127.88 Y114.931 E35.39403
G1 X127.88 Y113.999 E35.44342
G1 X139.434 Y134.789 E36.70381
G1 X139.952 Y134.789 E36.73126
G1 X127.88 Y113.067 E38.04816
G1 X127.88 Y112.135 E38.09755
G1 X140.182 Y134.272 E39.43959
G1 X140.182 Y133.339 E39.48903
G1 X127.88 Y111.202 E40.83107
G1 X127.88 Y110.27 E40.88046
G1 X140.182 Y132.407 E42.2225
G1 X140.182 Y131.475 E42.27189
G1 X127.88 Y109.338 E43.61393
G1 X127.88 Y108.406 E43.66332
G1 X140.182 Y130.543 E45.00536
G1 X140.182 Y129.61 E45.0548
G1 X127.88 Y107.473 E46.39684
G1 X127.88 Y106.541 E46.44623
G1 X140.182 Y128.678 E47.78827
G1 X140.182 Y127.746 E47.83766
G1 X127.88 Y105.609 E49.1797
G1 X127.88 Y104.677 E49.22909
G1 X140.182 Y126.814 E50.57113
G1 X140.182 Y125.881 E50.62057
G1 X127.88 Y103.744 E51.96261
G1 X127.88 Y102.812 E52.012
G1 X140.182 Y124.949 E53.35404
G1 X140.182 Y124.017 E53.40343
G1 X127.88 Y101.88 E54.74547
G1 X127.88 Y100.948 E54.79486
G1 X140.182 Y123.085 E56.1369
G1 X140.182 Y122.152 E56.18634
G1 X127.88 Y100.015 E57.52838
G1 X127.88 Y99.083 E57.57777
G1 X140.182 Y121.22 E58.91981
G1 X140.182 Y120.288 E58.9692
G1 X127.88 Y98.151 E60.31124
G1 X127.88 Y97.219 E60.36063
G1 X140.182 Y119.356 E61.70267
G1 X140.182 Y118.424 E61.75206
G1 X127.88 Y96.287 E63.0941
G1 X127.88 Y95.354 E63.14354
G1 X140.182 Y117.491 E64.48558
G1 X140.182 Y116.559 E64.53497
G1 X127.88 Y94.422 E65.87701
G1 X127.88 Y93.49 E65.9264
G1 X140.182 Y115.627 E67.26844
G1 X140.182 Y114.695 E67.31783
G1 X127.88 Y92.558 E68.65987
G1 X127.88 Y91.625 E68.70931
G1 X140.182 Y113.762 E70.05135
G1 X140.182 Y112.83 E70.10074
G1 X127.88 Y90.693 E71.44278
G1 X127.88 Y89.761 E71.49217
G1 X140.182 Y111.898 E72.83421
G1 X140.182 Y110.966 E72.8836
G1 X127.88 Y88.829 E74.22564
G1 X127.88 Y87.896 E74.27508
G1 X140.182 Y110.033 E75.61712
G1 X140.182 Y109.101 E75.66651
G1 X127.88 Y86.964 E77.00855
G1 X127.88 Y86.032 E77.05794
G1 X140.182 Y108.169 E78.39998
G1 X140.182 Y107.237 E78.44937
G1 X127.88 Y85.1 E79.79141
G1 X127.88 Y84.733 E79.81086
G1 X128.171 Y84.691 E79.82644
G1 X140.182 Y106.304 E81.13672
G1 X140.182 Y105.372 E81.18611
G1 X128.615 Y84.559 E82.4479
G1 X129.049 Y84.407 E82.47227
G1 X140.182 Y104.44 E83.68676
G1 X140.182 Y103.508 E83.73615
G1 X129.483 Y84.255 E84.90334
G1 X129.916 Y84.103 E84.92766
G1 X140.182 Y102.575 E86.04753
G1 X140.182 Y101.643 E86.09692
G1 X130.35 Y83.951 E87.16949
G1 X130.494 Y83.9 E87.17759
G1 X130.84 Y83.9 E87.19593
G1 X140.182 Y100.711 E88.21508
G1 X140.182 Y99.779 E88.26447
G1 X131.358 Y83.9 E89.22712
G1 X131.876 Y83.9 E89.25457
G1 X140.182 Y98.846 E90.16067
G1 X140.182 Y97.914 E90.21006
G1 X132.394 Y83.9 E91.05965
G1 X132.912 Y83.9 E91.0871
G1 X140.182 Y96.982 E91.88019
G1 X140.182 Y96.05 E91.92958
G1 X133.431 Y83.9 E92.66614
G1 X133.949 Y83.9 E92.69359
G1 X140.182 Y95.118 E93.37365
G1 X140.182 Y94.185 E93.42309
G1 X134.467 Y83.9 E94.0466
G1 X134.985 Y83.9 E94.07405
G1 X140.182 Y93.253 E94.64105
G1 X140.182 Y92.321 E94.69044
G1 X135.503 Y83.9 E95.20094
G1 X136.021 Y83.9 E95.22839
G1 X140.182 Y91.389 E95.68239
G1 X140.182 Y90.456 E95.73183
G1 X136.539 Y83.9 E96.12928
G1 X137.057 Y83.9 E96.15673
G1 X140.182 Y89.524 E96.49767
G1 X140.182 Y88.592 E96.54706
G1 X137.575 Y83.9 E96.8315
G1 X138.093 Y83.9 E96.85895
G1 X140.182 Y87.66 E97.08688
G1 X140.182 Y86.727 E97.13632
G1 X138.611 Y83.9 E97.3077
G1 X139.129 Y83.9 E97.33515
G1 X140.182 Y85.795 E97.45003
G1 X140.182 Y84.863 E97.49942
G1 X139.647 Y83.9 E97.5578
G1 X140.166 Y83.9 E97.5853
G1 X140.385 Y84.295 E97.60923
M107
G1 E95.60923 F2400
G92 E0
G1 X131.642 Y83.434 F7800
G1 E2 F2400
;TYPE:Solid infill
;WIDTH:0.546794
;HEIGHT:0.3
G1 F1200
G1 X132.424 Y82.952 E2.05527
G1 X140.166 Y82.952 E2.5211
G1 X140.166 Y83.362 E2.54577
G1 X140.079 Y83.344 E2.55112
G1 X139.984 Y83.434 E2.55899
G1 X131.835 Y83.434 E3.04931
G1 E1.04931 F2400
G92 E0
G1 X122.441 Y135.111 F7800
G1 E2 F2400
;TYPE:Perimeter
;WIDTH:0.45
G1 F1500
G1 X109.496 Y135.111 E2.62261
G1 X109.496 Y82.614 E5.14753
G1 X117.672 Y82.614 E5.54077
G1 X118.809 Y83.316 E5.60504
G1 X121.738 Y84.342 E5.75431
G1 X122.441 Y84.446 E5.78849
G1 X122.441 Y135.051 E8.22241
G1 X122.827 Y135.496 F7800
G1 F1500
G1 X109.111 Y135.496 E8.8821
G1 X109.111 Y82.229 E11.44406
G1 X117.782 Y82.229 E11.8611
G1 X118.976 Y82.966 E11.92859
G1 X121.927 Y83.999 E12.07897
G1 X122.827 Y84.102 E12.12254
G1 X122.827 Y135.436 E14.59153
G1 X123.213 Y135.882 F7800
;TYPE:External perimeter
G1 F1500
G1 X108.725 Y135.882 E15.28835
G1 X108.725 Y81.938 E17.88287
;TYPE:Overhang perimeter
;WIDTH:0.4
;HEIGHT:0.4
M106 S255
G1 X108.725 Y81.843 E17.88783
G1 X117.891 Y81.843 E18.36671
G1 X118.044 Y81.938 E18.37612
M107
;TYPE:External perimeter
;WIDTH:0.45
;HEIGHT:0.3
G1 X119.143 Y82.616 E18.43823
G1 X122.013 Y83.621 E18.58449
G1 X123.213 Y83.757 E18.64258
G1 X123.213 Y135.822 E21.14673
G1 X122.817 Y135.881 F7800
G1 E19.14673 F2400
G92 E0
G1 X110.292 Y134.992 F7800
G1 E2 F2400
;TYPE:Bridge infill
;WIDTH:0.405779
;HEIGHT:0.4
M106 S255
G1 F1500
G1 X109.818 Y133.095 E2.10513
G1 X109.818 Y131.215 E2.20621
G1 X110.711 Y134.789 E2.40427
G1 X111.181 Y134.789 E2.42954
G1 X109.818 Y129.335 E2.73179
G1 X109.818 Y127.455 E2.83287
G1 X111.651 Y134.789 E3.23931
G1 X112.12 Y134.789 E3.26453
G1 X109.818 Y125.576 E3.7751
G1 X109.818 Y123.696 E3.87618
G1 X112.59 Y134.789 E4.49094
G1 X113.06 Y134.789 E4.51621
G1 X109.818 Y121.816 E5.23516
G1 X109.818 Y119.936 E5.33624
G1 X113.53 Y134.789 E6.15938
G1 X114 Y134.789 E6.18465
G1 X109.818 Y118.057 E7.11193
G1 X109.818 Y116.177 E7.21301
G1 X114.469 Y134.789 E8.24446
G1 X114.939 Y134.789 E8.26973
G1 X109.818 Y114.297 E9.40537
G1 X109.818 Y112.417 E9.50645
G1 X115.409 Y134.789 E10.74628
G1 X115.879 Y134.789 E10.77155
G1 X109.818 Y110.538 E12.11552
G1 X109.818 Y108.658 E12.2166
G1 X116.349 Y134.789 E13.66476
G1 X116.818 Y134.789 E13.68998
G1 X109.818 Y106.778 E15.24232
G1 X109.818 Y104.898 E15.3434
G1 X117.288 Y134.789 E16.99993
G1 X117.758 Y134.789 E17.0252
G1 X109.818 Y103.019 E18.78586
G1 X109.818 Y101.139 E18.88694
G1 X118.228 Y134.789 E20.75179
G1 X118.698 Y134.789 E20.77706
G1 X109.818 Y99.259 E22.7461
G1 X109.818 Y97.379 E22.84718
G1 X119.136 Y134.666 E24.91358
G1 X119.204 Y134.566 E24.92008
G1 X119.466 Y134.789 E24.93858
G1 X119.637 Y134.789 E24.94777
G1 X109.818 Y95.5 E27.12513
G1 X109.818 Y93.62 E27.22621
G1 X120.107 Y134.789 E29.50776
G1 X120.577 Y134.789 E29.53303
G1 X109.818 Y91.74 E31.91877
G1 X109.818 Y89.86 E32.01985
G1 X121.047 Y134.789 E34.50978
G1 X121.516 Y134.789 E34.535
G1 X109.818 Y87.981 E37.12905
G1 X109.818 Y86.101 E37.23013
G1 X121.986 Y134.789 E39.92837
G1 X122.12 Y134.789 E39.93557
G1 X122.12 Y133.445 E40.00783
G1 X109.818 Y84.221 E42.73578
G1 X109.818 Y83.896 E42.75325
G1 X110.207 Y83.9 E42.77417
G1 X122.12 Y131.565 E45.41573
G1 X122.12 Y129.686 E45.51676
G1 X110.677 Y83.9 E48.05418
G1 X111.147 Y83.9 E48.07945
G1 X122.12 Y127.806 E50.51268
G1 X122.12 Y125.926 E50.61376
G1 X111.617 Y83.9 E52.9428
G1 X112.086 Y83.9 E52.96802
G1 X122.12 Y124.046 E55.19288
G1 X122.12 Y122.167 E55.29391
G1 X112.556 Y83.9 E57.41464
G1 X113.026 Y83.9 E57.43991
G1 X122.12 Y120.287 E59.45645
G1 X122.12 Y118.407 E59.55753
G1 X113.496 Y83.9 E61.46988
G1 X113.966 Y83.9 E61.49515
G1 X122.12 Y116.527 E63.30331
G1 X122.12 Y114.648 E63.40434
G1 X114.435 Y83.9 E65.10837
G1 X114.905 Y83.9 E65.13364
G1 X122.12 Y112.768 E66.73348
G1 X122.12 Y110.888 E66.83456
G1 X115.375 Y83.9 E68.33021
G1 X115.845 Y83.9 E68.35548
G1 X122.12 Y109.008 E69.74694
G1 X122.12 Y107.129 E69.84797
G1 X116.315 Y83.9 E71.13529
G1 X116.784 Y83.9 E71.16051
G1 X122.12 Y105.249 E72.34366
G1 X122.12 Y103.369 E72.44474
G1 X117.254 Y83.9 E73.5237
G1 X117.724 Y83.9 E73.54897
G1 X122.12 Y101.489 E74.52374
G1 X122.12 Y99.61 E74.62477
G1 X118.194 Y83.9 E75.4954
G1 X118.664 Y83.9 E75.52067
G1 X122.12 Y97.73 E76.28711
G1 X122.12 Y95.85 E76.38819
G1 X119.133 Y83.9 E77.05045
G1 X119.506 Y83.9 E77.0705
G1 X119.613 Y83.938 E77.0766
G1 X122.12 Y93.97 E77.63256
G1 X122.12 Y92.091 E77.73359
G1 X120.127 Y84.118 E78.17545
G1 X120.642 Y84.299 E78.2048
G1 X122.12 Y90.211 E78.53244
G1 X122.12 Y88.331 E78.63352
G1 X121.157 Y84.479 E78.847
G1 X121.671 Y84.655 E78.87621
G1 X122.322 Y87.262 E79.02068
M107
G1 E77.02068 F2400
G92 E0
G1 X109.834 Y82.952 F7800
G1 E2 F2400
;TYPE:Solid infill
;WIDTH:0.546794
;HEIGHT:0.3
G1 F1200
G1 X117.576 Y82.952 E2.46583
G1 X118.358 Y83.434 E2.5211
G1 X110.016 Y83.434 E3.02303
G1 X109.834 Y83.252 E3.03852
G1 X109.834 Y83.145 E3.04496
;LAYER_CHANGE
;Z:1.85
;HEIGHT:0.3
G1 E1.04496 F2400
G92 E0
G1 Z1.85 F7800
;AFTER_LAYER_CHANGE
;1.85
G1 X125.825 Y136.398
G1 E2 F2400
;TYPE:External perimeter
;WIDTH:0.582188
G1 F1200
G1 X126.136 Y136.916 E2.03902
G1 X123.864 Y136.916 E2.18575
G1 X124.175 Y136.398 E2.22477
G1 X125.765 Y136.398 E2.32746
G1 X126.01 Y136.714 F7800
G1 E.32746 F2400
G92 E0
G1 X127.4 Y135.111 F7800
G1 E2 F2400
;TYPE:Perimeter
;WIDTH:0.45
G1 F1500
G1 X127.4 Y84.637 E4.42762
G1 X128.262 Y84.515 E4.46949
G1 X131.191 Y83.489 E4.61876
G1 X133.45 Y82.095 E4.74643
G1 X140.504 Y82.095 E5.0857
G1 X140.504 Y135.111 E7.63559
G1 X127.46 Y135.111 E8.26296
G1 X127.015 Y135.496 F7800
G1 F1500
G1 X127.015 Y84.293 E10.72565
G1 X128.073 Y84.173 E10.77686
G1 X131.024 Y83.139 E10.92725
G1 X133.341 Y81.709 E11.05821
G1 X140.889 Y81.709 E11.42124
G1 X140.889 Y135.496 E14.00821
G1 X127.075 Y135.496 E14.67262
G1 X126.629 Y135.882 F7800
;TYPE:External perimeter
G1 F1500
G1 X126.629 Y83.949 E17.17042
G1 X127.987 Y83.794 E17.23616
G1 X130.857 Y82.789 E17.38242
G1 X133.078 Y81.418 E17.50796
;TYPE:Overhang perimeter
;WIDTH:0.4
;HEIGHT:0.4
M106 S255
G1 X133.231 Y81.323 E17.51737
G1 X141.275 Y81.323 E17.93763
G1 X141.275 Y81.418 E17.94259
M107
;TYPE:External perimeter
;WIDTH:0.45
;HEIGHT:0.3
G1 X141.275 Y135.882 E20.56212
G1 X126.689 Y135.882 E21.26366
G1 X126.63 Y135.486 F7800
G1 E19.26366 F2400
G92 E0
G1 X127.804 Y84.928 F7800
G1 E2 F2400
;TYPE:Solid infill
;WIDTH:0.559105
G1 F1200
G1 X127.76 Y84.884 E2.00384
G1 X127.7 Y84.9 E2.00767
G1 X127.684 Y84.96 E2.0115
G1 X127.728 Y85.004 E2.01534
G1 X127.788 Y84.988 E2.01917
;WIDTH:0.45
G1 X127.689 Y85.621 E2.04999
G1 X128.612 Y84.698 E2.11277
G1 X129.765 Y84.218 F7800
;WIDTH:0.404381
G1 F1200
G1 X129.694 Y84.199 E2.11589
G1 X129.713 Y84.27 E2.11901
G1 X129.754 Y84.259 E2.12081
;WIDTH:0.45
G1 X129.454 Y84.402 E2.13679
G1 X127.689 Y86.166 E2.25681
G1 X127.689 Y86.712 E2.28307
G1 X130.296 Y84.105 E2.46039
G1 X130.596 Y83.963 E2.47635
;WIDTH:0.404381
G1 X130.555 Y83.974 E2.47815
G1 X130.536 Y83.902 E2.48131
G1 X130.607 Y83.921 E2.48443
;WIDTH:0.45
G1 X131.138 Y83.808 E2.51054
G1 X127.689 Y87.257 E2.74514
G1 X127.689 Y87.803 E2.7714
G1 X132.436 Y83.056 E3.09429
G1 X132.739 Y82.871 E3.11136
;WIDTH:0.404381
G1 X132.698 Y82.882 E3.11316
G1 X132.679 Y82.811 E3.11628
G1 X132.75 Y82.83 E3.1194
G1 X133.654 Y82.384 F7800
;WIDTH:0.45
G1 F1200
G1 X127.689 Y88.348 E3.5251
G1 X127.689 Y88.893 E3.55131
G1 X134.199 Y82.384 E3.99408
G1 X134.744 Y82.384 E4.02029
G1 X127.689 Y89.439 E4.50016
G1 X127.689 Y89.984 E4.52637
G1 X135.29 Y82.384 E5.04335
G1 X135.835 Y82.384 E5.06956
G1 X127.689 Y90.529 E5.62361
G1 X127.689 Y91.075 E5.64987
G1 X136.38 Y82.384 E6.24102
G1 X136.926 Y82.384 E6.26728
G1 X127.689 Y91.62 E6.89554
G1 X127.689 Y92.165 E6.92175
G1 X137.471 Y82.384 E7.58708
G1 X138.016 Y82.384 E7.61329
G1 X127.689 Y92.711 E8.31572
G1 X127.689 Y93.256 E8.34193
G1 X138.562 Y82.384 E9.08146
G1 X139.107 Y82.384 E9.10767
G1 X127.689 Y93.801 E9.88427
G1 X127.689 Y94.347 E9.91053
G1 X139.652 Y82.384 E10.72424
G1 X140.198 Y82.384 E10.7505
G1 X127.689 Y94.892 E11.60131
G1 X127.689 Y95.437 E11.62752
G1 X140.215 Y82.912 E12.47949
G1 X140.215 Y83.458 E12.50575
G1 X127.689 Y95.983 E13.35772
G1 X127.689 Y96.528 E13.38393
G1 X140.215 Y84.003 E14.2359
G1 X140.215 Y84.548 E14.26211
G1 X127.689 Y97.073 E15.11408
G1 X127.689 Y97.619 E15.14034
G1 X140.215 Y85.094 E15.99231
G1 X140.215 Y85.639 E16.01852
G1 X127.689 Y98.164 E16.87049
G1 X127.689 Y98.709 E16.8967
G1 X140.215 Y86.184 E17.74867
G1 X140.215 Y86.73 E17.77493
G1 X127.689 Y99.255 E18.6269
G1 X127.689 Y99.8 E18.65311
G1 X140.215 Y87.275 E19.50508
G1 X140.215 Y87.82 E19.53129
G1 X127.689 Y100.346 E20.38329
G1 X127.689 Y100.891 E20.4095
G1 X140.215 Y88.366 E21.26147
G1 X140.215 Y88.911 E21.28768
G1 X127.689 Y101.436 E22.13965
G1 X127.689 Y101.982 E22.16591
G1 X140.215 Y89.456 E23.01791
G1 X140.215 Y90.002 E23.04417
G1 X127.689 Y102.527 E23.89614
G1 X127.689 Y103.072 E23.92235
G1 X140.215 Y90.547 E24.77432
G1 X140.215 Y91.092 E24.80053
G1 X127.689 Y103.618 E25.65253
G1 X127.689 Y104.163 E25.67874
G1 X140.215 Y91.638 E26.53071
G1 X140.215 Y92.183 E26.55692
G1 X127.689 Y104.708 E27.40889
G1 X127.689 Y105.254 E27.43515
G1 X140.215 Y92.729 E28.28712
G1 X140.215 Y93.274 E28.31333
G1 X127.689 Y105.799 E29.1653
G1 X127.689 Y106.344 E29.19151
G1 X140.215 Y93.819 E30.04348
G1 X140.215 Y94.365 E30.06974
G1 X127.689 Y106.89 E30.92171
G1 X127.689 Y107.435 E30.94792
G1 X140.215 Y94.91 E31.79989
G1 X140.215 Y95.455 E31.8261
G1 X127.689 Y107.98 E32.67807
G1 X127.689 Y108.526 E32.70433
G1 X140.215 Y96.001 E33.5563
G1 X140.215 Y96.546 E33.58251
G1 X127.689 Y109.071 E34.43448
G1 X127.689 Y109.616 E34.46069
G1 X140.215 Y97.091 E35.31266
G1 X140.215 Y97.637 E35.33892
G1 X127.689 Y110.162 E36.19089
G1 X127.689 Y110.707 E36.2171
G1 X140.215 Y98.182 E37.06907
G1 X140.215 Y98.727 E37.09528
G1 X127.689 Y111.252 E37.94725
G1 X127.689 Y111.798 E37.97351
G1 X140.215 Y99.273 E38.82548
G1 X140.215 Y99.818 E38.85169
G1 X127.689 Y112.343 E39.70366
G1 X127.689 Y112.889 E39.72992
G1 X140.215 Y100.363 E40.58192
G1 X140.215 Y100.909 E40.60818
G1 X127.689 Y113.434 E41.46015
G1 X127.689 Y113.979 E41.48636
G1 X140.215 Y101.454 E42.33833
G1 X140.215 Y101.999 E42.36454
G1 X127.689 Y114.525 E43.21654
G1 X127.689 Y115.07 E43.24275
G1 X140.215 Y102.545 E44.09472
G1 X140.215 Y103.09 E44.12093
G1 X127.689 Y115.615 E44.9729
G1 X127.689 Y116.161 E44.99916
G1 X140.215 Y103.635 E45.85116
G1 X140.215 Y104.181 E45.87742
G1 X127.689 Y116.706 E46.72939
G1 X127.689 Y117.251 E46.7556
G1 X140.215 Y104.726 E47.60757
G1 X140.215 Y105.272 E47.63383
G1 X127.689 Y117.797 E48.4858
G1 X127.689 Y118.342 E48.51201
G1 X140.215 Y105.817 E49.36398
G1 X140.215 Y106.362 E49.39019
G1 X127.689 Y118.887 E50.24216
G1 X127.689 Y119.433 E50.26842
G1 X140.215 Y106.908 E51.12039
G1 X140.215 Y107.453 E51.1466
G1 X127.689 Y119.978 E51.99857
G1 X127.689 Y120.523 E52.02478
G1 X140.215 Y107.998 E52.87675
G1 X140.215 Y108.544 E52.90301
G1 X127.689 Y121.069 E53.75498
G1 X127.689 Y121.614 E53.78119
G1 X140.215 Y109.089 E54.63316
G1 X140.215 Y109.634 E54.65937
G1 X127.689 Y122.159 E55.51134
G1 X127.689 Y122.705 E55.5376
G1 X140.215 Y110.18 E56.38957
G1 X140.215 Y110.725 E56.41578
G1 X127.689 Y123.25 E57.26775
G1 X127.689 Y123.795 E57.29396
G1 X140.215 Y111.27 E58.14593
G1 X140.215 Y111.816 E58.17219
G1 X127.689 Y124.341 E59.02416
G1 X127.689 Y124.886 E59.05037
G1 X140.215 Y112.361 E59.90234
G1 X140.215 Y112.906 E59.92855
G1 X127.689 Y125.432 E60.78055
G1 X127.689 Y125.977 E60.80676
G1 X140.215 Y113.452 E61.65873
G1 X140.215 Y113.997 E61.68494
G1 X127.689 Y126.522 E62.53691
G1 X127.689 Y127.068 E62.56317
G1 X140.215 Y114.542 E63.41517
G1 X140.215 Y115.088 E63.44143
G1 X127.689 Y127.613 E64.2934
G1 X127.689 Y128.158 E64.31961
G1 X140.215 Y115.633 E65.17158
G1 X140.215 Y116.178 E65.19779
G1 X127.689 Y128.704 E66.04979
G1 X127.689 Y129.249 E66.076
G1 X140.215 Y116.724 E66.92797
G1 X140.215 Y117.269 E66.95418
G1 X127.689 Y129.794 E67.80615
G1 X127.689 Y130.34 E67.83241
G1 X140.215 Y117.815 E68.68438
G1 X140.215 Y118.36 E68.71059
G1 X127.689 Y130.885 E69.56256
G1 X127.689 Y131.43 E69.58877
G1 X140.215 Y118.905 E70.44074
G1 X140.215 Y119.451 E70.467
G1 X127.689 Y131.976 E71.31897
G1 X127.689 Y132.521 E71.34518
G1 X140.215 Y119.996 E72.19715
G1 X140.215 Y120.541 E72.22336
G1 X127.689 Y133.066 E73.07533
G1 X127.689 Y133.612 E73.10159
G1 X140.215 Y121.087 E73.95356
G1 X140.215 Y121.632 E73.97977
G1 X127.689 Y134.157 E74.83174
G1 X127.62 Y134.921 E74.86864
;WIDTH:0.404381
G1 X127.549 Y134.902 E74.87176
G1 X127.568 Y134.973 E74.87488
G1 X127.609 Y134.962 E74.87668
;WIDTH:0.45
G1 X127.689 Y134.702 E74.88976
G1 X140.215 Y122.177 E75.74173
G1 X140.215 Y122.723 E75.76799
G1 X128.116 Y134.821 E76.59091
G1 X128.661 Y134.821 E76.61712
G1 X140.215 Y123.268 E77.40297
G1 X140.215 Y123.813 E77.42918
G1 X129.207 Y134.821 E78.17793
G1 X129.752 Y134.821 E78.20414
G1 X140.215 Y124.359 E78.91579
G1 X140.215 Y124.904 E78.942
G1 X130.297 Y134.821 E79.61658
G1 X130.843 Y134.821 E79.64284
G1 X140.215 Y125.449 E80.28031
G1 X140.215 Y125.995 E80.30657
G1 X131.388 Y134.821 E80.90694
G1 X131.933 Y134.821 E80.93315
G1 X140.215 Y126.54 E81.49645
G1 X140.215 Y127.085 E81.52266
G1 X132.479 Y134.821 E82.04885
G1 X133.024 Y134.821 E82.07506
G1 X140.215 Y127.631 E82.56415
G1 X140.215 Y128.176 E82.59036
G1 X133.569 Y134.821 E83.04238
G1 X134.115 Y134.821 E83.06864
G1 X140.215 Y128.721 E83.48355
G1 X140.215 Y129.267 E83.50981
G1 X134.66 Y134.821 E83.88762
G1 X135.205 Y134.821 E83.91383
G1 X140.215 Y129.812 E84.25457
G1 X140.215 Y130.358 E84.28083
G1 X135.751 Y134.821 E84.58443
G1 X136.296 Y134.821 E84.61064
G1 X140.215 Y130.903 E84.87717
G1 X140.215 Y131.448 E84.90338
G1 X136.841 Y134.821 E85.13284
G1 X137.387 Y134.821 E85.1591
G1 X140.215 Y131.994 E85.35142
G1 X140.215 Y132.539 E85.37763
G1 X137.932 Y134.821 E85.53288
G1 X137.825 Y134.975 E85.5419
;WIDTH:0.404381
G1 X137.754 Y134.956 E85.54502
G1 X137.773 Y135.027 E85.54814
G1 X137.814 Y135.016 E85.54994
G1 E83.54994 F2400
G92 E0
G1 X140.078 Y133.221 F7800
G1 E2 F2400
;WIDTH:0.45
G1 F1200
G1 X138.477 Y134.821 E2.10886
G1 X140.215 Y134.821 E2.19245
G1 X140.215 Y133.084 E2.27599
G1 X139.864 Y133.931 F7800
;WIDTH:0.380364
G1 F1200
G1 X139.864 Y134.471 E2.29727
G1 X139.324 Y134.471 E2.31855
G1 X139.727 Y134.068 E2.34101
G1 E.34101 F2400
G92 E0
G1 X122.6 Y135.111 F7800
G1 E2 F2400
;TYPE:Perimeter
;WIDTH:0.45
G1 F1500
G1 X109.496 Y135.111 E2.63026
G1 X109.496 Y82.095 E5.18015
G1 X116.55 Y82.095 E5.51942
G1 X117.876 Y82.913 E5.59435
G1 X118.908 Y83.524 E5.65203
G1 X121.84 Y84.551 E5.80145
G1 X122.6 Y84.637 E5.83824
G1 X122.6 Y135.051 E8.26298
G1 X122.985 Y135.496 F7800
G1 F1500
G1 X109.111 Y135.496 E8.93027
G1 X109.111 Y81.709 E11.51724
G1 X116.659 Y81.709 E11.88027
G1 X119.035 Y83.16 E12.01417
G1 X121.927 Y84.173 E12.16155
G1 X122.985 Y84.293 E12.21276
G1 X122.985 Y135.436 E14.67256
G1 X123.371 Y135.882 F7800
;TYPE:External perimeter
G1 F1500
G1 X108.725 Y135.882 E15.37698
G1 X108.725 Y81.418 E17.99651
;TYPE:Overhang perimeter
;WIDTH:0.4
;HEIGHT:0.4
M106 S255
G1 X108.725 Y81.323 E18.00147
G1 X116.769 Y81.323 E18.42173
G1 X116.922 Y81.418 E18.43114
M107
;TYPE:External perimeter
;WIDTH:0.45
;HEIGHT:0.3
G1 X119.163 Y82.796 E18.55767
G1 X122.013 Y83.794 E18.70291
G1 X123.371 Y83.949 E18.76865
G1 X123.371 Y135.822 E21.26356
G1 X122.975 Y135.881 F7800
G1 E19.26356 F2400
G92 E0
G1 X109.89 Y82.415 F7800
G1 E2 F2400
;TYPE:Solid infill
;WIDTH:0.543559
G1 F1200
G1 X109.848 Y82.373 E2.00355
G1 X109.79 Y82.388 E2.00713
G1 X109.774 Y82.446 E2.01073
G1 X109.817 Y82.488 E2.01432
G1 X109.875 Y82.473 E2.0179
;WIDTH:0.45
G1 X110.491 Y82.384 E2.04784
G1 X109.785 Y83.089 E2.09583
G1 X109.785 Y83.634 E2.12204
G1 X111.036 Y82.384 E2.2071
G1 X111.581 Y82.384 E2.23331
G1 X109.785 Y84.18 E2.35547
G1 X109.785 Y84.725 E2.38168
G1 X112.127 Y82.384 E2.54095
G1 X112.672 Y82.384 E2.56716
G1 X109.785 Y85.27 E2.7635
G1 X109.785 Y85.816 E2.78976
G1 X113.217 Y82.384 E3.0232
G1 X113.763 Y82.384 E3.04946
G1 X109.785 Y86.361 E3.32
G1 X109.785 Y86.906 E3.34621
G1 X114.308 Y82.384 E3.65382
G1 X114.853 Y82.384 E3.68003
G1 X109.785 Y87.452 E4.02475
G1 X109.785 Y87.997 E4.05096
G1 X115.399 Y82.384 E4.43278
G1 X115.944 Y82.384 E4.45899
G1 X109.785 Y88.542 E4.87788
G1 X109.785 Y89.088 E4.90414
G1 X116.481 Y82.392 E5.35959
G1 X116.818 Y82.6 E5.37864
G1 X109.785 Y89.633 E5.85702
G1 X109.785 Y90.178 E5.88323
G1 X117.156 Y82.808 E6.38456
G1 X117.493 Y83.016 E6.40361
G1 X109.785 Y90.724 E6.9279
G1 X109.785 Y91.269 E6.95411
G1 X117.83 Y83.225 E7.50129
G1 X118.167 Y83.433 E7.52034
G1 X109.785 Y91.814 E8.09044
G1 X109.785 Y92.36 E8.1167
G1 X118.504 Y83.641 E8.70976
G1 X118.873 Y83.818 E8.72944
G1 X109.785 Y92.905 E9.34756
G1 X109.785 Y93.45 E9.37377
G1 X119.277 Y83.959 E10.01937
G1 X119.68 Y84.101 E10.03992
G1 X109.785 Y93.996 E10.71297
G1 X109.785 Y94.541 E10.73918
G1 X120.084 Y84.242 E11.43971
G1 X120.488 Y84.384 E11.46031
G1 X109.785 Y95.087 E12.18831
G1 X109.785 Y95.632 E12.21452
G1 X120.892 Y84.525 E12.97
G1 X121.296 Y84.667 E12.9906
G1 X109.785 Y96.177 E13.77353
G1 X109.785 Y96.723 E13.79979
G1 X121.705 Y84.803 E14.61057
G1 X122.174 Y84.88 E14.63343
G1 X109.785 Y97.268 E15.47608
G1 X109.785 Y97.813 E15.50229
G1 X122.311 Y85.288 E16.35426
G1 X122.311 Y85.833 E16.38047
G1 X109.785 Y98.359 E17.23247
G1 X109.785 Y98.904 E17.25868
G1 X122.311 Y86.379 E18.11065
G1 X122.311 Y86.924 E18.13686
G1 X109.785 Y99.449 E18.98883
G1 X109.785 Y99.995 E19.01509
G1 X122.311 Y87.47 E19.86706
G1 X122.311 Y88.015 E19.89327
G1 X109.785 Y100.54 E20.74524
G1 X109.785 Y101.085 E20.77145
G1 X122.311 Y88.56 E21.62342
G1 X122.311 Y89.106 E21.64968
G1 X109.785 Y101.631 E22.50165
G1 X109.785 Y102.176 E22.52786
G1 X122.311 Y89.651 E23.37983
G1 X122.311 Y90.196 E23.40604
G1 X109.785 Y102.721 E24.25801
G1 X109.785 Y103.267 E24.28427
G1 X122.311 Y90.742 E25.13624
G1 X122.311 Y91.287 E25.16245
G1 X109.785 Y103.812 E26.01442
G1 X109.785 Y104.357 E26.04063
G1 X122.311 Y91.832 E26.8926
G1 X122.311 Y92.378 E26.91886
G1 X109.785 Y104.903 E27.77083
G1 X109.785 Y105.448 E27.79704
G1 X122.311 Y92.923 E28.64901
G1 X122.311 Y93.468 E28.67522
G1 X109.785 Y105.993 E29.52719
G1 X109.785 Y106.539 E29.55345
G1 X122.311 Y94.014 E30.40542
G1 X122.311 Y94.559 E30.43163
G1 X109.785 Y107.084 E31.2836
G1 X109.785 Y107.63 E31.30986
G1 X122.311 Y95.104 E32.16186
G1 X122.311 Y95.65 E32.18812
G1 X109.785 Y108.175 E33.04009
G1 X109.785 Y108.72 E33.0663
G1 X122.311 Y96.195 E33.91827
G1 X122.311 Y96.74 E33.94448
G1 X109.785 Y109.266 E34.79648
G1 X109.785 Y109.811 E34.82269
G1 X122.311 Y97.286 E35.67466
G1 X122.311 Y97.831 E35.70087
G1 X109.785 Y110.356 E36.55284
G1 X109.785 Y110.902 E36.5791
G1 X122.311 Y98.376 E37.4311
G1 X122.311 Y98.922 E37.45736
G1 X109.785 Y111.447 E38.30933
G1 X109.785 Y111.992 E38.33554
G1 X122.311 Y99.467 E39.18751
G1 X122.311 Y100.013 E39.21377
G1 X109.785 Y112.538 E40.06574
G1 X109.785 Y113.083 E40.09195
G1 X122.311 Y100.558 E40.94392
G1 X122.311 Y101.103 E40.97013
G1 X109.785 Y113.628 E41.8221
G1 X109.785 Y114.174 E41.84836
G1 X122.311 Y101.649 E42.70033
G1 X122.311 Y102.194 E42.72654
G1 X109.785 Y114.719 E43.57851
G1 X109.785 Y115.264 E43.60472
G1 X122.311 Y102.739 E44.45669
G1 X122.311 Y103.285 E44.48295
G1 X109.785 Y115.81 E45.33492
G1 X109.785 Y116.355 E45.36113
G1 X122.311 Y103.83 E46.2131
G1 X122.311 Y104.375 E46.23931
G1 X109.785 Y116.9 E47.09128
G1 X109.785 Y117.446 E47.11754
G1 X122.311 Y104.921 E47.96951
G1 X122.311 Y105.466 E47.99572
G1 X109.785 Y117.991 E48.84769
G1 X109.785 Y118.536 E48.8739
G1 X122.311 Y106.011 E49.72587
G1 X122.311 Y106.557 E49.75213
G1 X109.785 Y119.082 E50.6041
G1 X109.785 Y119.627 E50.63031
G1 X122.311 Y107.102 E51.48228
G1 X122.311 Y107.647 E51.50849
G1 X109.785 Y120.173 E52.36049
G1 X109.785 Y120.718 E52.3867
G1 X122.311 Y108.193 E53.23867
G1 X122.311 Y108.738 E53.26488
G1 X109.785 Y121.263 E54.11685
G1 X109.785 Y121.809 E54.14311
G1 X122.311 Y109.283 E54.99511
G1 X122.311 Y109.829 E55.02137
G1 X109.785 Y122.354 E55.87334
G1 X109.785 Y122.899 E55.89955
G1 X122.311 Y110.374 E56.75152
G1 X122.311 Y110.919 E56.77773
G1 X109.785 Y123.445 E57.62973
G1 X109.785 Y123.99 E57.65594
G1 X122.311 Y111.465 E58.50791
G1 X122.311 Y112.01 E58.53412
G1 X109.785 Y124.535 E59.38609
G1 X109.785 Y125.081 E59.41235
G1 X122.311 Y112.556 E60.26432
G1 X122.311 Y113.101 E60.29053
G1 X109.785 Y125.626 E61.1425
G1 X109.785 Y126.171 E61.16871
G1 X122.311 Y113.646 E62.02068
G1 X122.311 Y114.192 E62.04694
G1 X109.785 Y126.717 E62.89891
G1 X109.785 Y127.262 E62.92512
G1 X122.311 Y114.737 E63.77709
G1 X122.311 Y115.282 E63.8033
G1 X109.785 Y127.807 E64.65527
G1 X109.785 Y128.353 E64.68153
G1 X122.311 Y115.828 E65.5335
G1 X122.311 Y116.373 E65.55971
G1 X109.785 Y128.898 E66.41168
G1 X109.785 Y129.443 E66.43789
G1 X122.311 Y116.918 E67.28986
G1 X122.311 Y117.464 E67.31612
G1 X109.785 Y129.989 E68.16809
G1 X109.785 Y130.534 E68.1943
G1 X122.311 Y118.009 E69.04627
G1 X122.311 Y118.554 E69.07248
G1 X109.785 Y131.079 E69.92445
G1 X109.785 Y131.625 E69.95071
G1 X122.311 Y119.1 E70.80268
G1 X122.311 Y119.645 E70.82889
G1 X109.785 Y132.17 E71.68086
G1 X109.785 Y132.715 E71.70707
G1 X122.311 Y120.19 E72.55904
G1 X122.311 Y120.736 E72.5853
G1 X109.785 Y133.261 E73.43727
G1 X109.785 Y133.806 E73.46348
G1 X122.311 Y121.281 E74.31545
G1 X122.311 Y121.826 E74.34166
G1 X109.785 Y134.352 E75.19366
G1 X109.658 Y134.949 E75.22302
;WIDTH:0.404381
G1 X109.643 Y134.77 E75.23064
;WIDTH:0.45
G1 X109.861 Y134.821 E75.24141
G1 X122.311 Y122.372 E76.08821
G1 X122.311 Y122.917 E76.11442
G1 X110.406 Y134.821 E76.92415
G1 X110.952 Y134.821 E76.95041
G1 X122.311 Y123.462 E77.72304
G1 X122.311 Y124.008 E77.7493
G1 X111.497 Y134.821 E78.48482
G1 X112.042 Y134.821 E78.51103
G1 X122.311 Y124.553 E79.20948
G1 X122.311 Y125.099 E79.23574
G1 X112.588 Y134.821 E79.89705
G1 X113.133 Y134.821 E79.92326
G1 X122.311 Y125.644 E80.5475
G1 X122.311 Y126.189 E80.57371
G1 X113.678 Y134.821 E81.16088
G1 X114.224 Y134.821 E81.18714
G1 X122.311 Y126.735 E81.73717
G1 X122.311 Y127.28 E81.76338
G1 X114.769 Y134.821 E82.27634
G1 X115.314 Y134.821 E82.30255
G1 X122.311 Y127.825 E82.77844
G1 X122.311 Y128.371 E82.8047
G1 X115.86 Y134.821 E83.24346
G1 X116.405 Y134.821 E83.26967
G1 X122.311 Y128.916 E83.67135
G1 X122.311 Y129.461 E83.69756
G1 X116.95 Y134.821 E84.06217
G1 X117.496 Y134.821 E84.08843
G1 X122.311 Y130.007 E84.41591
G1 X122.311 Y130.552 E84.44212
G1 X118.041 Y134.821 E84.73253
G1 X118.586 Y134.821 E84.75874
G1 X122.311 Y131.097 E85.01208
G1 X122.311 Y131.643 E85.03834
G1 X119.132 Y134.821 E85.25454
G1 X119.677 Y134.821 E85.28075
G1 X122.311 Y132.188 E85.45988
G1 X122.311 Y132.733 E85.48609
G1 X120.223 Y134.821 E85.62811
G1 E83.62811 F2400
G92 E0
G1 X122.174 Y133.415 F7800
G1 E2 F2400
G1 F1200
G1 X120.768 Y134.821 E2.09563
G1 X122.311 Y134.821 E2.16984
G1 X122.311 Y133.279 E2.244
G1 X121.921 Y134.353 F7800
;WIDTH:0.582429
G1 F1200
G1 X121.875 Y134.307 E2.2482
G1 X121.813 Y134.324 E2.25235
G1 X121.796 Y134.386 E2.2565
G1 X121.842 Y134.432 E2.2607
G1 X121.905 Y134.415 E2.26492
;LAYER_CHANGE
;Z:2.15
;HEIGHT:0.3
G1 E.26492 F2400
G92 E0
G1 Z2.15 F7800
;AFTER_LAYER_CHANGE
;2.15
G1 X125.825 Y136.398
G1 E2 F2400
;TYPE:External perimeter
;WIDTH:0.58219
G1 F1200
G1 X126.136 Y136.916 E2.03902
G1 X123.864 Y136.916 E2.18575
G1 X124.175 Y136.398 E2.22477
G1 X125.765 Y136.398 E2.32746
G1 X126.01 Y136.714 F7800
G1 E.32746 F2400
G92 E0
G1 X122.758 Y135.111 F7800
G1 E2 F2400
;TYPE:Perimeter
;WIDTH:0.45
G1 F1500
G1 X109.496 Y135.111 E2.63786
G1 X109.496 Y81.575 E5.21276
G1 X115.637 Y81.575 E5.50812
G1 X116.113 Y81.998 E5.53875
G1 X118.809 Y83.662 E5.69113
G1 X121.84 Y84.724 E5.8456
G1 X122.758 Y84.828 E5.89004
G1 X122.758 Y135.051 E8.30559
G1 X123.144 Y135.496 F7800
G1 F1500
G1 X109.111 Y135.496 E8.98053
G1 X109.111 Y81.189 E11.59251
G1 X115.79 Y81.189 E11.91375
G1 X116.315 Y81.67 E11.948
G1 X118.976 Y83.312 E12.09839
G1 X121.927 Y84.346 E12.24878
G1 X123.144 Y84.484 E12.30769
G1 X123.144 Y135.436 E14.7583
G1 X123.529 Y135.882 F7800
;TYPE:External perimeter
G1 F1500
G1 X108.725 Y135.882 E15.47032
G1 X108.725 Y80.898 E18.11486
;TYPE:Overhang perimeter
;WIDTH:0.4
;HEIGHT:0.4
M106 S255
G1 X108.725 Y80.804 E18.11977
G1 X115.944 Y80.804 E18.49693
G1 X116.045 Y80.898 E18.50414
M107
;TYPE:External perimeter
;WIDTH:0.45
;HEIGHT:0.3
G1 X116.518 Y81.342 E18.53534
G1 X119.143 Y82.962 E18.6837
G1 X122.013 Y83.968 E18.82997
G1 X123.529 Y84.14 E18.90335
G1 X123.529 Y135.822 E21.38907
G1 X123.134 Y135.881 F7800
G1 E19.38907 F2400
G92 E0
G1 X121.868 Y84.833 F7800
G1 E2 F2400
;TYPE:Top solid infill
;WIDTH:0.400224
G1 F900
G1 X122.494 Y85.459 E2.03708
G1 X122.494 Y85.934 E2.05698
G1 X121.414 Y84.854 E2.12096
G1 X120.767 Y84.627 E2.14968
G1 X120.712 Y84.627 E2.15198
G1 X122.494 Y86.409 E2.25754
G1 X122.494 Y86.884 E2.27744
G1 X119.949 Y84.339 E2.4282
G1 X119.216 Y84.081 E2.46075
G1 X122.494 Y87.359 E2.65493
G1 X122.494 Y87.834 E2.67483
G1 X118.322 Y83.662 E2.92197
G1 X117.095 Y82.91 E2.98225
G1 X122.494 Y88.309 E3.30208
G1 X122.494 Y88.784 E3.32198
G1 X116.383 Y82.673 E3.68399
G1 X115.908 Y82.673 E3.70389
G1 X122.494 Y89.259 E4.09404
G1 X122.494 Y89.734 E4.11394
G1 X115.433 Y82.673 E4.53223
G1 X114.958 Y82.673 E4.55213
G1 X122.494 Y90.209 E4.99855
G1 X122.494 Y90.684 E5.01845
G1 X114.483 Y82.673 E5.49301
G1 X114.008 Y82.673 E5.51291
G1 X122.494 Y91.159 E6.01561
G1 X122.494 Y91.634 E6.03551
G1 X113.533 Y82.673 E6.56635
G1 X113.058 Y82.673 E6.58625
G1 X122.494 Y92.109 E7.14523
G1 X122.494 Y92.583 E7.16509
G1 X112.583 Y82.673 E7.75218
G1 X112.108 Y82.673 E7.77208
G1 X122.494 Y93.058 E8.38731
G1 X122.494 Y93.533 E8.40721
G1 X111.633 Y82.673 E9.05057
G1 X111.158 Y82.673 E9.07047
G1 X122.494 Y94.008 E9.74197
G1 X122.494 Y94.483 E9.76187
G1 X110.683 Y82.673 E10.46151
G1 X110.208 Y82.673 E10.48141
G1 X122.494 Y94.958 E11.20919
G1 X122.494 Y95.433 E11.22909
G1 X109.76 Y82.7 E11.98341
G1 X109.76 Y83.175 E12.00331
G1 X122.494 Y95.908 E12.75763
G1 X122.494 Y96.383 E12.77753
G1 X109.76 Y83.65 E13.53185
G1 X109.76 Y84.125 E13.55175
G1 X122.494 Y96.858 E14.30607
G1 X122.494 Y97.333 E14.32597
G1 X109.76 Y84.599 E15.08032
G1 X109.76 Y85.074 E15.10022
G1 X122.494 Y97.808 E15.85457
G1 X122.494 Y98.283 E15.87447
G1 X109.76 Y85.549 E16.62882
G1 X109.76 Y86.024 E16.64872
G1 X122.494 Y98.758 E17.40307
G1 X122.494 Y99.233 E17.42297
G1 X109.76 Y86.499 E18.17732
G1 X109.76 Y86.974 E18.19722
G1 X122.494 Y99.708 E18.95157
G1 X122.494 Y100.183 E18.97147
G1 X109.76 Y87.449 E19.72582
G1 X109.76 Y87.924 E19.74572
G1 X122.494 Y100.658 E20.50007
G1 X122.494 Y101.133 E20.51997
G1 X109.76 Y88.399 E21.27432
G1 X109.76 Y88.874 E21.29422
G1 X122.494 Y101.608 E22.04857
G1 X122.494 Y102.083 E22.06847
G1 X109.76 Y89.349 E22.82282
G1 X109.76 Y89.824 E22.84272
G1 X122.494 Y102.557 E23.59704
G1 X122.494 Y103.032 E23.61694
G1 X109.76 Y90.299 E24.37126
G1 X109.76 Y90.774 E24.39116
G1 X122.494 Y103.507 E25.14548
G1 X122.494 Y103.982 E25.16538
G1 X109.76 Y91.249 E25.9197
G1 X109.76 Y91.724 E25.9396
G1 X122.494 Y104.457 E26.69392
G1 X122.494 Y104.932 E26.71382
G1 X109.76 Y92.199 E27.46814
G1 X109.76 Y92.674 E27.48804
G1 X122.494 Y105.407 E28.24236
G1 X122.494 Y105.882 E28.26226
G1 X109.76 Y93.149 E29.01658
G1 X109.76 Y93.624 E29.03648
G1 X122.494 Y106.357 E29.7908
G1 X122.494 Y106.832 E29.8107
G1 X109.76 Y94.099 E30.56502
G1 X109.76 Y94.573 E30.58488
G1 X122.494 Y107.307 E31.33923
G1 X122.494 Y107.782 E31.35913
G1 X109.76 Y95.048 E32.11348
G1 X109.76 Y95.523 E32.13338
G1 X122.494 Y108.257 E32.88773
G1 X122.494 Y108.732 E32.90763
G1 X109.76 Y95.998 E33.66198
G1 X109.76 Y96.473 E33.68188
G1 X122.494 Y109.207 E34.43623
G1 X122.494 Y109.682 E34.45613
G1 X109.76 Y96.948 E35.21048
G1 X109.76 Y97.423 E35.23038
G1 X122.494 Y110.157 E35.98473
G1 X122.494 Y110.632 E36.00463
G1 X109.76 Y97.898 E36.75898
G1 X109.76 Y98.373 E36.77888
G1 X122.494 Y111.107 E37.53323
G1 X122.494 Y111.582 E37.55313
G1 X109.76 Y98.848 E38.30748
G1 X109.76 Y99.323 E38.32738
G1 X122.494 Y112.057 E39.08173
G1 X122.494 Y112.532 E39.10163
G1 X109.76 Y99.798 E39.85598
G1 X109.76 Y100.273 E39.87588
G1 X122.494 Y113.006 E40.6302
G1 X122.494 Y113.481 E40.6501
G1 X109.76 Y100.748 E41.40442
G1 X109.76 Y101.223 E41.42432
G1 X122.494 Y113.956 E42.17864
G1 X122.494 Y114.431 E42.19854
G1 X109.76 Y101.698 E42.95286
G1 X109.76 Y102.173 E42.97276
G1 X122.494 Y114.906 E43.72708
G1 X122.494 Y115.381 E43.74698
G1 X109.76 Y102.648 E44.5013
G1 X109.76 Y103.123 E44.5212
G1 X122.494 Y115.856 E45.27552
G1 X122.494 Y116.331 E45.29542
G1 X109.76 Y103.598 E46.04974
G1 X109.76 Y104.073 E46.06964
G1 X122.494 Y116.806 E46.82396
G1 X122.494 Y117.281 E46.84386
G1 X109.76 Y104.548 E47.59818
G1 X109.76 Y105.022 E47.61804
G1 X122.494 Y117.756 E48.37239
G1 X122.494 Y118.231 E48.39229
G1 X109.76 Y105.497 E49.14664
G1 X109.76 Y105.972 E49.16654
G1 X122.494 Y118.706 E49.92089
G1 X122.494 Y119.181 E49.94079
G1 X109.76 Y106.447 E50.69514
G1 X109.76 Y106.922 E50.71504
G1 X122.494 Y119.656 E51.46939
G1 X122.494 Y120.131 E51.48929
G1 X109.76 Y107.397 E52.24364
G1 X109.76 Y107.872 E52.26354
G1 X122.494 Y120.606 E53.01789
G1 X122.494 Y121.081 E53.03779
G1 X109.76 Y108.347 E53.79214
G1 X109.76 Y108.822 E53.81204
G1 X122.494 Y121.556 E54.56639
G1 X122.494 Y122.031 E54.58629
G1 X109.76 Y109.297 E55.34064
G1 X109.76 Y109.772 E55.36054
G1 X122.494 Y122.506 E56.11489
G1 X122.494 Y122.98 E56.13475
G1 X109.76 Y110.247 E56.88907
G1 X109.76 Y110.722 E56.90897
G1 X122.494 Y123.455 E57.66329
G1 X122.494 Y123.93 E57.68319
G1 X109.76 Y111.197 E58.43751
G1 X109.76 Y111.672 E58.45741
G1 X122.494 Y124.405 E59.21173
G1 X122.494 Y124.88 E59.23163
G1 X109.76 Y112.147 E59.98595
G1 X109.76 Y112.622 E60.00585
G1 X122.494 Y125.355 E60.76017
G1 X122.494 Y125.83 E60.78007
G1 X109.76 Y113.097 E61.53439
G1 X109.76 Y113.572 E61.55429
G1 X122.494 Y126.305 E62.30861
G1 X122.494 Y126.78 E62.32851
G1 X109.76 Y114.047 E63.08283
G1 X109.76 Y114.522 E63.10273
G1 X122.494 Y127.255 E63.85705
G1 X122.494 Y127.73 E63.87695
G1 X109.76 Y114.996 E64.6313
G1 X109.76 Y115.471 E64.6512
G1 X122.494 Y128.205 E65.40555
G1 X122.494 Y128.68 E65.42545
G1 X109.76 Y115.946 E66.1798
G1 X109.76 Y116.421 E66.1997
G1 X122.494 Y129.155 E66.95405
G1 X122.494 Y129.63 E66.97395
G1 X109.76 Y116.896 E67.7283
G1 X109.76 Y117.371 E67.7482
G1 X122.494 Y130.105 E68.50255
G1 X122.494 Y130.58 E68.52245
G1 X109.76 Y117.846 E69.2768
G1 X109.76 Y118.321 E69.2967
G1 X122.494 Y131.055 E70.05105
G1 X122.494 Y131.53 E70.07095
G1 X109.76 Y118.796 E70.8253
G1 X109.76 Y119.271 E70.8452
G1 X122.494 Y132.005 E71.59955
G1 X122.494 Y132.48 E71.61945
G1 X109.76 Y119.746 E72.3738
G1 X109.76 Y120.221 E72.3937
G1 X122.494 Y132.955 E73.14805
G1 X122.494 Y133.429 E73.16791
G1 X109.76 Y120.696 E73.92223
G1 X109.76 Y121.171 E73.94213
G1 X122.494 Y133.904 E74.69645
G1 X122.494 Y134.379 E74.71635
G1 X109.76 Y121.646 E75.47067
G1 X109.76 Y122.121 E75.49057
G1 X122.486 Y134.846 E76.24441
G1 X122.011 Y134.846 E76.26431
G1 X109.76 Y122.596 E76.99002
G1 X109.76 Y123.071 E77.00992
G1 X121.536 Y134.846 E77.70749
G1 X121.061 Y134.846 E77.72739
G1 X109.76 Y123.546 E78.39682
G1 X109.76 Y124.021 E78.41672
G1 X120.586 Y134.846 E79.05801
G1 X120.111 Y134.846 E79.07791
G1 X109.76 Y124.496 E79.69106
G1 X109.76 Y124.971 E79.71096
G1 X119.636 Y134.846 E80.29597
G1 X119.161 Y134.846 E80.31587
G1 X109.76 Y125.445 E80.87277
G1 X109.76 Y125.92 E80.89267
G1 X118.686 Y134.846 E81.42144
G1 X118.211 Y134.846 E81.44134
G1 X109.76 Y126.395 E81.94197
G1 X109.76 Y126.87 E81.96187
G1 X117.736 Y134.846 E82.43436
G1 X117.262 Y134.846 E82.45422
G1 X109.76 Y127.345 E82.8986
G1 X109.76 Y127.82 E82.9185
G1 X116.787 Y134.846 E83.33474
G1 X116.312 Y134.846 E83.35464
G1 X109.76 Y128.295 E83.74274
G1 X109.76 Y128.77 E83.76264
G1 X115.837 Y134.846 E84.1226
G1 X115.362 Y134.846 E84.1425
G1 X109.76 Y129.245 E84.47433
G1 X109.76 Y129.72 E84.49423
G1 X114.887 Y134.846 E84.79792
G1 X114.412 Y134.846 E84.81782
G1 X109.76 Y130.195 E85.09337
G1 X109.76 Y130.67 E85.11327
G1 X113.937 Y134.846 E85.36068
G1 X113.462 Y134.846 E85.38058
G1 X109.76 Y131.145 E85.59985
G1 X109.76 Y131.62 E85.61975
G1 X112.987 Y134.846 E85.81088
G1 X112.512 Y134.846 E85.83078
G1 X109.76 Y132.095 E85.99378
G1 X109.76 Y132.57 E86.01368
G1 X112.037 Y134.846 E86.14854
G1 X111.562 Y134.846 E86.16844
G1 X109.76 Y133.045 E86.27516
G1 X109.76 Y133.52 E86.29506
G1 X111.087 Y134.846 E86.37364
G1 X110.612 Y134.846 E86.39354
G1 X109.76 Y133.995 E86.44398
G1 X109.76 Y134.47 E86.46388
G1 X110.288 Y134.997 E86.49513
G1 E84.49513 F2400
G92 E0
G1 X109.801 Y82.296 F7800
G1 E2 F2400
;TYPE:Solid infill
;WIDTH:0.481127
G1 F1200
G1 X109.801 Y81.88 E2.02162
G1 X115.52 Y81.88 E2.31889
G1 X116.016 Y82.296 E2.35254
G1 X109.994 Y82.296 E2.66556
G1 E.66556 F2400
G92 E0
G1 X127.242 Y135.111 F7800
G1 E2 F2400
;TYPE:Perimeter
;WIDTH:0.45
G1 F1500
G1 X127.242 Y84.828 E4.41844
G1 X128.262 Y84.688 E4.46796
G1 X131.191 Y83.662 E4.61723
G1 X133.887 Y81.998 E4.76961
G1 X134.363 Y81.575 E4.80024
G1 X140.504 Y81.575 E5.0956
G1 X140.504 Y135.111 E7.6705
G1 X127.302 Y135.111 E8.30547
G1 X126.856 Y135.496 F7800
G1 F1500
G1 X126.856 Y84.484 E10.75897
G1 X128.073 Y84.346 E10.81788
G1 X131.024 Y83.312 E10.96827
G1 X133.779 Y81.597 E11.12435
G1 X134.21 Y81.189 E11.15289
G1 X140.889 Y81.189 E11.47413
G1 X140.889 Y135.496 E14.08611
G1 X126.916 Y135.496 E14.75816
G1 X126.471 Y135.882 F7800
;TYPE:External perimeter
G1 F1500
G1 X126.471 Y84.14 E17.24677
G1 X127.987 Y83.968 E17.32015
G1 X130.857 Y82.962 E17.46642
G1 X133.514 Y81.318 E17.6167
G1 X133.956 Y80.898 E17.64603
;TYPE:Overhang perimeter
;WIDTH:0.4
;HEIGHT:0.4
M106 S255
G1 X134.056 Y80.804 E17.6532
G1 X141.275 Y80.804 E18.03036
G1 X141.275 Y80.898 E18.03527
M107
;TYPE:External perimeter
;WIDTH:0.45
;HEIGHT:0.3
G1 X141.275 Y135.882 E20.67981
G1 X126.531 Y135.882 E21.38895
G1 X126.471 Y135.486 F7800
G1 E19.38895 F2400
G92 E0
G1 X133.987 Y82.296 F7800
G1 E2 F2400
;TYPE:Solid infill
;WIDTH:0.481126
G1 F1200
G1 X134.48 Y81.88 E2.03353
G1 X140.199 Y81.88 E2.3308
G1 X140.199 Y82.296 E2.35242
G1 X134.179 Y82.296 E2.66533
G1 E.66533 F2400
G92 E0
G1 X140.391 Y83.201 F7800
G1 E2 F2400
;TYPE:Top solid infill
;WIDTH:0.400402
G1 F900
G1 X139.862 Y82.673 E2.03132
G1 X139.387 Y82.673 E2.05123
G1 X140.24 Y83.525 E2.10176
G1 X140.24 Y84 E2.12167
G1 X138.912 Y82.673 E2.20035
G1 X138.437 Y82.673 E2.22026
G1 X140.24 Y84.476 E2.32712
G1 X140.24 Y84.951 E2.34703
G1 X137.961 Y82.673 E2.48208
G1 X137.486 Y82.673 E2.50199
G1 X140.24 Y85.426 E2.66519
G1 X140.24 Y85.901 E2.6851
G1 X137.011 Y82.673 E2.87645
G1 X136.536 Y82.673 E2.89636
G1 X140.24 Y86.376 E3.11587
G1 X140.24 Y86.852 E3.13582
G1 X136.061 Y82.673 E3.38351
G1 X135.585 Y82.673 E3.40346
G1 X140.24 Y87.327 E3.67933
G1 X140.24 Y87.802 E3.69924
G1 X135.11 Y82.673 E4.00327
G1 X134.635 Y82.673 E4.02318
G1 X140.24 Y88.277 E4.35536
G1 X140.24 Y88.752 E4.37527
G1 X134.16 Y82.673 E4.7356
G1 X133.685 Y82.673 E4.75551
G1 X140.24 Y89.228 E5.14403
G1 X140.24 Y89.703 E5.16394
G1 X133.241 Y82.704 E5.57877
G1 X132.946 Y82.885 E5.59328
G1 X140.24 Y90.178 E6.02557
G1 X140.24 Y90.653 E6.04548
G1 X132.652 Y83.065 E6.49522
G1 X132.357 Y83.246 E6.50973
G1 X140.24 Y91.128 E6.97693
G1 X140.24 Y91.604 E6.99688
G1 X132.062 Y83.426 E7.48159
G1 X131.768 Y83.607 E7.49606
G1 X140.24 Y92.079 E7.9982
G1 X140.24 Y92.554 E8.01811
G1 X131.473 Y83.787 E8.53773
G1 X131.276 Y83.908 E8.54742
G1 X131.159 Y83.949 E8.55262
G1 X140.24 Y93.029 E9.09082
G1 X140.24 Y93.504 E9.11073
G1 X130.808 Y84.073 E9.66974
G1 X130.456 Y84.196 E9.68537
G1 X140.24 Y93.98 E10.26527
G1 X140.24 Y94.455 E10.28518
G1 X130.105 Y84.32 E10.88588
G1 X129.938 Y84.379 E10.8933
G1 X129.98 Y84.627 E10.90384
G1 X129.936 Y84.627 E10.90568
G1 X140.24 Y94.93 E11.51637
G1 X140.24 Y95.405 E11.53628
G1 X129.461 Y84.627 E12.17512
G1 X129.233 Y84.627 E12.18468
G1 X129.05 Y84.691 E12.19281
G1 X140.24 Y95.88 E12.85601
G1 X140.24 Y96.356 E12.87596
G1 X128.699 Y84.815 E13.56
G1 X128.347 Y84.938 E13.57563
G1 X140.24 Y96.831 E14.28053
G1 X140.24 Y97.306 E14.30044
G1 X127.948 Y85.014 E15.02899
G1 X127.521 Y85.063 E15.047
G1 X140.24 Y97.781 E15.80083
G1 X140.24 Y98.257 E15.82078
G1 X127.506 Y85.523 E16.57553
G1 X127.506 Y85.998 E16.59544
G1 X140.24 Y98.732 E17.35019
G1 X140.24 Y99.207 E17.3701
G1 X127.506 Y86.473 E18.12485
G1 X127.506 Y86.949 E18.1448
G1 X140.24 Y99.682 E18.89952
G1 X140.24 Y100.157 E18.91943
G1 X127.506 Y87.424 E19.67415
G1 X127.506 Y87.899 E19.69406
G1 X140.24 Y100.633 E20.44881
G1 X140.24 Y101.108 E20.46872
G1 X127.506 Y88.374 E21.22347
G1 X127.506 Y88.849 E21.24338
G1 X140.24 Y101.583 E21.99813
G1 X140.24 Y102.058 E22.01804
G1 X127.506 Y89.325 E22.77276
G1 X127.506 Y89.8 E22.79267
G1 X140.24 Y102.533 E23.54739
G1 X140.24 Y103.009 E23.56734
G1 X127.506 Y90.275 E24.32209
G1 X127.506 Y90.75 E24.342
G1 X140.24 Y103.484 E25.09675
G1 X140.24 Y103.959 E25.11666
G1 X127.506 Y91.225 E25.87141
G1 X127.506 Y91.701 E25.89136
G1 X140.24 Y104.434 E26.64608
G1 X140.24 Y104.909 E26.66599
G1 X127.506 Y92.176 E27.42071
G1 X127.506 Y92.651 E27.44062
G1 X140.24 Y105.385 E28.19537
G1 X140.24 Y105.86 E28.21528
G1 X127.506 Y93.126 E28.97003
G1 X127.506 Y93.601 E28.98994
G1 X140.24 Y106.335 E29.74469
G1 X140.24 Y106.81 E29.7646
G1 X127.506 Y94.077 E30.51932
G1 X127.506 Y94.552 E30.53923
G1 X140.24 Y107.285 E31.29395
G1 X140.24 Y107.761 E31.3139
G1 X127.506 Y95.027 E32.06865
G1 X127.506 Y95.502 E32.08856
G1 X140.24 Y108.236 E32.84331
G1 X140.24 Y108.711 E32.86322
G1 X127.506 Y95.977 E33.61797
G1 X127.506 Y96.453 E33.63792
G1 X140.24 Y109.186 E34.39264
G1 X140.24 Y109.661 E34.41255
G1 X127.506 Y96.928 E35.16727
G1 X127.506 Y97.403 E35.18718
G1 X140.24 Y110.137 E35.94193
G1 X140.24 Y110.612 E35.96184
G1 X127.506 Y97.878 E36.71659
G1 X127.506 Y98.354 E36.73654
G1 X140.24 Y111.087 E37.49126
G1 X140.24 Y111.562 E37.51117
G1 X127.506 Y98.829 E38.26589
G1 X127.506 Y99.304 E38.2858
G1 X140.24 Y112.037 E39.04052
G1 X140.24 Y112.513 E39.06047
G1 X127.506 Y99.779 E39.81522
G1 X127.506 Y100.254 E39.83513
G1 X140.24 Y112.988 E40.58988
G1 X140.24 Y113.463 E40.60979
G1 X127.506 Y100.73 E41.36451
G1 X127.506 Y101.205 E41.38442
G1 X140.24 Y113.938 E42.13914
G1 X140.24 Y114.414 E42.15909
G1 X127.506 Y101.68 E42.91384
G1 X127.506 Y102.155 E42.93375
G1 X140.24 Y114.889 E43.6885
G1 X140.24 Y115.364 E43.70841
G1 X127.506 Y102.63 E44.46316
G1 X127.506 Y103.106 E44.48311
G1 X140.24 Y115.839 E45.23783
G1 X140.24 Y116.314 E45.25774
G1 X127.506 Y103.581 E46.01246
G1 X127.506 Y104.056 E46.03237
G1 X140.24 Y116.79 E46.78712
G1 X140.24 Y117.265 E46.80703
G1 X127.506 Y104.531 E47.56178
G1 X127.506 Y105.006 E47.58169
G1 X140.24 Y117.74 E48.33644
G1 X140.24 Y118.215 E48.35635
G1 X127.506 Y105.482 E49.11107
G1 X127.506 Y105.957 E49.13098
G1 X140.24 Y118.69 E49.8857
G1 X140.24 Y119.166 E49.90565
G1 X127.506 Y106.432 E50.6604
G1 X127.506 Y106.907 E50.68031
G1 X140.24 Y119.641 E51.43506
G1 X140.24 Y120.116 E51.45497
G1 X127.506 Y107.382 E52.20972
G1 X127.506 Y107.858 E52.22967
G1 X140.24 Y120.591 E52.98439
G1 X140.24 Y121.066 E53.0043
G1 X127.506 Y108.333 E53.75902
G1 X127.506 Y108.808 E53.77893
G1 X140.24 Y121.542 E54.53368
G1 X140.24 Y122.017 E54.55359
G1 X127.506 Y109.283 E55.30834
G1 X127.506 Y109.758 E55.32825
G1 X140.24 Y122.492 E56.083
G1 X140.24 Y122.967 E56.10291
G1 X127.506 Y110.234 E56.85763
G1 X127.506 Y110.709 E56.87754
G1 X140.24 Y123.442 E57.63226
G1 X140.24 Y123.918 E57.65221
G1 X127.506 Y111.184 E58.40696
G1 X127.506 Y111.659 E58.42687
G1 X140.24 Y124.393 E59.18162
G1 X140.24 Y124.868 E59.20153
G1 X127.506 Y112.134 E59.95628
G1 X127.506 Y112.61 E59.97623
G1 X140.24 Y125.343 E60.73095
G1 X140.24 Y125.818 E60.75086
G1 X127.506 Y113.085 E61.50558
G1 X127.506 Y113.56 E61.52549
G1 X140.24 Y126.294 E62.28024
G1 X140.24 Y126.769 E62.30015
G1 X127.506 Y114.035 E63.0549
G1 X127.506 Y114.511 E63.07485
G1 X140.24 Y127.244 E63.82957
G1 X140.24 Y127.719 E63.84948
G1 X127.506 Y114.986 E64.6042
G1 X127.506 Y115.461 E64.62411
G1 X140.24 Y128.194 E65.37883
G1 X140.24 Y128.67 E65.39878
G1 X127.506 Y115.936 E66.15353
G1 X127.506 Y116.411 E66.17344
G1 X140.24 Y129.145 E66.92819
G1 X140.24 Y129.62 E66.9481
G1 X127.506 Y116.887 E67.70282
G1 X127.506 Y117.362 E67.72273
G1 X140.24 Y130.095 E68.47745
G1 X140.24 Y130.57 E68.49736
G1 X127.506 Y117.837 E69.25208
G1 X127.506 Y118.312 E69.27199
G1 X140.24 Y131.046 E70.02674
G1 X140.24 Y131.521 E70.04665
G1 X127.506 Y118.787 E70.8014
G1 X127.506 Y119.263 E70.82135
G1 X140.24 Y131.996 E71.57607
G1 X140.24 Y132.471 E71.59598
G1 X127.506 Y119.738 E72.3507
G1 X127.506 Y120.213 E72.37061
G1 X140.24 Y132.947 E73.12536
G1 X140.24 Y133.422 E73.14527
G1 X127.506 Y120.688 E73.90002
G1 X127.506 Y121.163 E73.91993
G1 X140.24 Y133.897 E74.67468
G1 X140.24 Y134.372 E74.69459
G1 X127.506 Y121.639 E75.44931
G1 X127.506 Y122.114 E75.46922
G1 X140.239 Y134.846 E76.22388
G1 X139.763 Y134.846 E76.24383
G1 X127.506 Y122.589 E76.97031
G1 X127.506 Y123.064 E76.99022
G1 X139.288 Y134.846 E77.68854
G1 X138.813 Y134.846 E77.70845
G1 X127.506 Y123.539 E78.37862
G1 X127.506 Y124.015 E78.39857
G1 X138.338 Y134.846 E79.04056
G1 X137.863 Y134.846 E79.06047
G1 X127.506 Y124.49 E79.6743
G1 X127.506 Y124.965 E79.69421
G1 X137.387 Y134.846 E80.27986
G1 X136.912 Y134.846 E80.29977
G1 X127.506 Y125.44 E80.85727
G1 X127.506 Y125.915 E80.87718
G1 X136.437 Y134.846 E81.40652
G1 X135.962 Y134.846 E81.42643
G1 X127.506 Y126.391 E81.92759
G1 X127.506 Y126.866 E81.9475
G1 X135.487 Y134.846 E82.42051
G1 X135.011 Y134.846 E82.44046
G1 X127.506 Y127.341 E82.88528
G1 X127.506 Y127.816 E82.90519
G1 X134.536 Y134.846 E83.32186
G1 X134.061 Y134.846 E83.34177
G1 X127.506 Y128.291 E83.73029
G1 X127.506 Y128.767 E83.75024
G1 X133.586 Y134.846 E84.11057
G1 X133.111 Y134.846 E84.13048
G1 X127.506 Y129.242 E84.46266
G1 X127.506 Y129.717 E84.48257
G1 X132.635 Y134.846 E84.78657
G1 X132.16 Y134.846 E84.80648
G1 X127.506 Y130.192 E85.08232
G1 X127.506 Y130.667 E85.10223
G1 X131.685 Y134.846 E85.34992
G1 X131.21 Y134.846 E85.36983
G1 X127.506 Y131.143 E85.58934
G1 X127.506 Y131.618 E85.60925
G1 X130.735 Y134.846 E85.8006
G1 X130.259 Y134.846 E85.82055
G1 X127.506 Y132.093 E85.98372
G1 X127.506 Y132.568 E86.00363
G1 X129.784 Y134.846 E86.13865
G1 X129.309 Y134.846 E86.15856
G1 X127.506 Y133.044 E86.26539
G1 X127.506 Y133.519 E86.2853
G1 X128.834 Y134.846 E86.36398
G1 X128.359 Y134.846 E86.38389
G1 X127.506 Y133.994 E86.43442
G1 X127.506 Y134.469 E86.45433
G1 X128.034 Y134.997 E86.48562
M106 S201.45
;LAYER_CHANGE
;Z:2.45
;HEIGHT:0.3
G1 E84.48562 F2400
G92 E0
G1 Z2.45 F7800
;AFTER_LAYER_CHANGE
;2.45
G1 X125.062 Y135.576
G1 E2 F2400
;TYPE:Overhang perimeter
;WIDTH:0.4
;HEIGHT:0.4
M106 S255
G1 F1500
G1 X125 Y135.677 E2.00619
G1 X124.816 Y135.381 E2.0244
G1 X124.067 Y135.155 E2.06527
G1 X123.954 Y135.155 E2.07117
M106 S201.45
;TYPE:Perimeter
;WIDTH:0.360953
;HEIGHT:0.3
G1 X109.452 Y135.155 E2.6076
G1 X109.452 Y134.859 E2.61855
G1 X123.954 Y134.859 E3.15498
;TYPE:Overhang perimeter
;WIDTH:0.4
;HEIGHT:0.4
M106 S255
G1 X125 Y134.96 E3.20988
G1 X126.046 Y134.859 E3.26478
M106 S201.45
;TYPE:Perimeter
;WIDTH:0.360953
;HEIGHT:0.3
G1 X140.548 Y134.859 E3.80121
G1 X140.548 Y135.155 E3.81216
G1 X126.046 Y135.155 E4.34859
;TYPE:Overhang perimeter
;WIDTH:0.4
;HEIGHT:0.4
M106 S255
G1 X125.8 Y135.155 E4.36144
G1 X125.184 Y135.381 E4.39572
G1 X125.094 Y135.525 E4.40459
M106 S201.45
G1 X125.044 Y136.229 F7800
;TYPE:Perimeter
;WIDTH:0.413499
;HEIGHT:0.3
G1 F1200
G1 X125.022 Y136.267 E4.4065
G1 X124.956 Y136.229 E4.40982
G1 X125.022 Y136.191 E4.41314
G1 X125.44 Y135.793 F7800
;TYPE:Overhang perimeter
;WIDTH:0.4
;HEIGHT:0.4
M106 S255
G1 F1500
G1 X125.392 Y135.869 E4.41784
G1 X125.389 Y135.907 E4.41983
M106 S201.45
;TYPE:Perimeter
;WIDTH:0.45
;HEIGHT:0.3
G1 X125.362 Y136.169 E4.4325
G1 X125.572 Y136.596 E4.45539
G1 X124.428 Y136.596 E4.51041
G1 X124.638 Y136.169 E4.5333
G1 X124.611 Y135.907 E4.54597
;TYPE:Overhang perimeter
;WIDTH:0.4
;HEIGHT:0.4
M106 S255
G1 X124.608 Y135.869 E4.54796
G1 X124.491 Y135.682 E4.55948
G1 X124.067 Y135.496 E4.58367
G1 X123.954 Y135.496 E4.58957
M106 S201.45
;TYPE:Perimeter
;WIDTH:0.45
;HEIGHT:0.3
G1 X109.111 Y135.496 E5.30347
G1 X109.111 Y134.517 E5.35056
G1 X123.954 Y134.517 E6.06446
;TYPE:Overhang perimeter
;WIDTH:0.4
;HEIGHT:0.4
M106 S255
G1 X126.046 Y134.517 E6.17376
M106 S201.45
;TYPE:Perimeter
;WIDTH:0.45
;HEIGHT:0.3
G1 X140.889 Y134.517 E6.88766
G1 X140.889 Y135.496 E6.93475
G1 X126.046 Y135.496 E7.64865
;TYPE:Overhang perimeter
;WIDTH:0.4
;HEIGHT:0.4
M106 S255
G1 X125.849 Y135.496 E7.65894
G1 X125.509 Y135.682 E7.67919
G1 X125.471 Y135.742 E7.6829
M106 S201.45
G1 X125.782 Y135.982 F7800
;TYPE:External perimeter
;WIDTH:0.45
;HEIGHT:0.3
G1 F1500
G1 X125.753 Y136.006 E7.68471
G1 X125.768 Y136.174 E7.69282
G1 X126.253 Y136.982 E7.73815
G1 X123.747 Y136.982 E7.85868
G1 X124.257 Y136.106 E7.90743
G1 X124.208 Y135.944 E7.91557
G1 X124.124 Y135.907 E7.91998
;TYPE:Overhang perimeter
;WIDTH:0.4
;HEIGHT:0.4
M106 S255
G1 X124.067 Y135.882 E7.92323
G1 X123.954 Y135.882 E7.92913
M106 S201.45
;TYPE:External perimeter
;WIDTH:0.45
;HEIGHT:0.3
G1 X108.725 Y135.882 E8.66159
G1 X108.725 Y134.132 E8.74576
G1 X123.954 Y134.132 E9.47822
;TYPE:Overhang perimeter
;WIDTH:0.4
;HEIGHT:0.4
M106 S255
G1 X126.046 Y134.132 E9.58752
M106 S201.45
;TYPE:External perimeter
;WIDTH:0.45
;HEIGHT:0.3
G1 X141.275 Y134.132 E10.31998
G1 X141.275 Y135.882 E10.40415
G1 X126.046 Y135.882 E11.13661
;TYPE:Overhang perimeter
;WIDTH:0.4
;HEIGHT:0.4
M106 S255
G1 X125.903 Y135.882 E11.14408
G1 X125.873 Y135.907 E11.14612
M106 S201.45
;TYPE:External perimeter
;WIDTH:0.45
;HEIGHT:0.3
G1 X125.829 Y135.944 E11.14889
G1 X125.867 Y136.342 F7800
G1 E9.14889 F2400
G92 E0
G1 X122.03 Y84.188 F7800
G1 E2 F2400
;WIDTH:0.541261
G1 F1200
G1 X122.992 Y84.243 E2.05731
;WIDTH:0.498124
G1 X123.954 Y84.298 E2.10944
;TYPE:Overhang perimeter
;WIDTH:0.4
;HEIGHT:0.4
M106 S255
G1 X125 Y84.357 E2.16418
G1 X126.046 Y84.298 E2.21892
M106 S201.45
;TYPE:External perimeter
;WIDTH:0.498124
;HEIGHT:0.3
G1 X127.008 Y84.243 E2.27105
;WIDTH:0.541261
G1 X127.97 Y84.188 E2.32836
;WIDTH:0.543337
G1 X127.985 Y84.187 E2.32926
G1 X127.585 Y84.189 F7800
G1 E.32926 F2400
G92 E0
G1 X109.496 Y83.463 F7800
G1 E2 F2400
;TYPE:Perimeter
;WIDTH:0.45
G1 F1200
G1 X109.496 Y81.055 E2.11582
G1 X114.906 Y81.055 E2.37602
G1 X116.113 Y82.171 E2.45508
G1 X118.205 Y83.463 E2.57334
G1 X109.556 Y83.463 E2.98933
G1 X109.111 Y83.849 F7800
G1 F1200
G1 X109.111 Y80.67 E3.14223
G1 X115.059 Y80.67 E3.42831
G1 X116.315 Y81.843 E3.51097
G1 X118.976 Y83.485 E3.66136
G1 X120.013 Y83.849 E3.71422
G1 X109.171 Y83.849 E4.23568
G1 X108.725 Y84.234 F7800
;TYPE:External perimeter
G1 F1200
G1 X108.725 Y80.379 E4.42109
;TYPE:Overhang perimeter
;WIDTH:0.4
;HEIGHT:0.4
M106 S255
G1 X108.725 Y80.284 E4.42605
G1 X115.213 Y80.284 E4.76501
G1 X115.313 Y80.379 E4.77222
M106 S201.45
;TYPE:External perimeter
;WIDTH:0.45
;HEIGHT:0.3
G1 X116.518 Y81.515 E4.85187
G1 X119.142 Y83.135 E5.00019
;WIDTH:0.489442
G1 X120.592 Y83.664 E5.08202
;WIDTH:0.528884
G1 X122.043 Y84.194 E5.17152
G1 X120.51 Y84.214 E5.26034
;WIDTH:0.489442
G1 X118.977 Y84.234 E5.34162
;WIDTH:0.45
G1 X108.785 Y84.234 E5.83182
G1 X108.726 Y83.839 F7800
G1 E3.83182 F2400
G92 E0
G1 X140.504 Y83.463 F7800
G1 E2 F2400
;TYPE:Perimeter
G1 F1200
G1 X131.795 Y83.463 E2.41887
G1 X133.972 Y82.119 E2.54192
G1 X135.094 Y81.055 E2.61629
G1 X140.504 Y81.055 E2.87649
G1 X140.504 Y83.403 E2.98942
G1 X140.889 Y83.849 F7800
G1 F1200
G1 X129.987 Y83.849 E3.51377
G1 X131.024 Y83.485 E3.56663
G1 X133.736 Y81.812 E3.71989
G1 X134.941 Y80.67 E3.79974
G1 X140.889 Y80.67 E4.08582
G1 X140.889 Y83.789 E4.23583
G1 X141.275 Y84.234 F7800
;TYPE:External perimeter
G1 F1200
G1 X131.023 Y84.234 E4.72892
;WIDTH:0.492026
G1 X129.499 Y84.213 E4.81022
;WIDTH:0.534052
G1 X127.975 Y84.191 E4.89951
G1 X129.44 Y83.654 E4.99091
;WIDTH:0.492026
G1 X130.858 Y83.135 E5.07145
;WIDTH:0.45
G1 X133.499 Y81.504 E5.22074
G1 X134.687 Y80.379 E5.29943
;TYPE:Overhang perimeter
;WIDTH:0.4
;HEIGHT:0.4
M106 S255
G1 X134.787 Y80.284 E5.30664
G1 X141.275 Y80.284 E5.6456
G1 X141.275 Y80.379 E5.65056
M106 S201.45
;TYPE:External perimeter
;WIDTH:0.45
;HEIGHT:0.3
G1 X141.275 Y84.174 E5.83309
G1 X140.879 Y84.233 F7800
G1 E3.83309 F2400
G92 E0
G1 X135.21 Y81.345 F7800
G1 E2 F2400
;TYPE:Solid infill
G1 F1200
G1 X140.215 Y81.345 E2.24072
G1 X140.215 Y83.174 E2.32869
G1 X132.867 Y83.174 E2.6821
G1 X132.872 Y83.138 E2.68385
G1 X134.149 Y82.349 E2.75605
G1 X135.07 Y81.477 E2.81705
G1 X135.363 Y81.73 E2.83567
G1 X139.829 Y81.73 E3.05047
G1 X139.829 Y82.788 E3.10136
G1 X134.173 Y82.788 E3.37339
G1 X134.512 Y82.537 E3.39368
G1 X135.223 Y81.863 E3.4408
G1 X135.507 Y82.091 E3.45832
;WIDTH:0.400511
G1 X139.468 Y82.091 E3.62438
G1 X139.468 Y82.427 E3.63847
G1 X135.152 Y82.427 E3.81941
G1 X135.367 Y82.224 E3.83181
G1 E1.83181 F2400
G92 E0
G1 X114.598 Y81.345 F7800
G1 E2 F2400
;WIDTH:0.45
G1 F1200
G1 X109.785 Y81.345 E2.23149
G1 X109.785 Y83.174 E2.31946
G1 X117.133 Y83.174 E2.67287
G1 X117.141 Y83.146 E2.67427
G1 X115.965 Y82.42 E2.74074
G1 X114.79 Y81.345 E2.81734
G1 X114.637 Y81.73 E2.83727
G1 X115.488 Y82.537 E2.89368
G1 X115.827 Y82.788 E2.91397
G1 X110.171 Y82.788 E3.186
G1 X110.171 Y81.73 E3.23689
G1 X114.444 Y81.73 E3.44241
G1 E1.44241 F2400
G92 E0
G1 X110.7 Y82.091 F7800
G1 E2 F2400
;WIDTH:0.400513
G1 F1200
G1 X114.493 Y82.091 E2.15902
G1 X114.848 Y82.427 E2.17951
G1 X110.532 Y82.427 E2.36045
G1 X110.532 Y82.116 E2.37349
M106 S209.1
;LAYER_CHANGE
;Z:2.75
;HEIGHT:0.3
G1 E.37349 F2400
G92 E0
G1 Z2.75 F7800
;AFTER_LAYER_CHANGE
;2.75
G1 X125.062 Y135.576
G1 E2 F2400
;TYPE:Perimeter
;WIDTH:0.564817
G1 F1500
G1 X125 Y135.677 E2.0074
G1 X124.816 Y135.381 E2.02915
G1 X124.666 Y135.336 E2.03892
;WIDTH:0.524044
G1 X124.517 Y135.29 E2.04786
;WIDTH:0.483271
G1 X124.367 Y135.245 E2.05604
;WIDTH:0.442498
G1 X124.217 Y135.2 E2.06343
;WIDTH:0.401725
G1 X124.067 Y135.155 E2.07002
;WIDTH:0.360953
G1 X109.452 Y135.155 E2.61063
G1 X109.452 Y134.859 E2.62158
G1 X124.067 Y134.859 E3.16219
;WIDTH:0.401725
G1 X124.253 Y134.879 E3.17006
;WIDTH:0.442498
G1 X124.44 Y134.899 E3.17893
;WIDTH:0.483271
G1 X124.627 Y134.92 E3.18876
;WIDTH:0.524044
G1 X124.813 Y134.94 E3.19949
;WIDTH:0.564817
G1 X125 Y134.96 E3.21123
G1 X125.187 Y134.94 E3.22297
;WIDTH:0.524044
G1 X125.373 Y134.92 E3.2337
;WIDTH:0.483271
G1 X125.56 Y134.899 E3.24353
;WIDTH:0.442498
G1 X125.747 Y134.879 E3.2524
;WIDTH:0.401725
G1 X125.933 Y134.859 E3.26027
;WIDTH:0.360953
G1 X140.548 Y134.859 E3.80088
G1 X140.548 Y135.155 E3.81183
G1 X125.8 Y135.155 E4.35736
;WIDTH:0.401725
G1 X125.677 Y135.2 E4.36287
;WIDTH:0.442498
G1 X125.554 Y135.245 E4.36905
;WIDTH:0.483271
G1 X125.43 Y135.29 E4.37594
;WIDTH:0.524044
G1 X125.307 Y135.336 E4.38347
;WIDTH:0.564817
G1 X125.184 Y135.381 E4.39164
G1 X125.094 Y135.525 E4.40224
G1 X125.044 Y136.229 F7800
;WIDTH:0.413499
G1 F1200
G1 X125.022 Y136.267 E4.40415
G1 X124.956 Y136.229 E4.40747
G1 X125.022 Y136.191 E4.41079
G1 X125.44 Y135.793 F7800
;WIDTH:0.45
G1 F1500
G1 X125.392 Y135.869 E4.41511
G1 X125.362 Y136.169 E4.42961
G1 X125.572 Y136.596 E4.4525
G1 X124.428 Y136.596 E4.50752
G1 X124.638 Y136.169 E4.53041
G1 X124.608 Y135.869 E4.54491
G1 X124.491 Y135.682 E4.55552
G1 X124.067 Y135.496 E4.57779
G1 X109.111 Y135.496 E5.29712
G1 X109.111 Y134.517 E5.34421
G1 X140.889 Y134.517 E6.87262
G1 X140.889 Y135.496 E6.91971
G1 X125.849 Y135.496 E7.64308
G1 X125.509 Y135.682 E7.66172
G1 X125.471 Y135.742 E7.66514
G1 X125.782 Y135.982 F7800
;TYPE:External perimeter
G1 F1500
G1 X125.753 Y136.006 E7.66695
G1 X125.768 Y136.174 E7.67506
G1 X126.253 Y136.982 E7.72039
G1 X123.747 Y136.982 E7.84092
G1 X124.257 Y136.106 E7.88967
G1 X124.208 Y135.944 E7.89781
G1 X124.067 Y135.882 E7.90522
G1 X108.725 Y135.882 E8.64312
G1 X108.725 Y134.132 E8.72729
G1 X141.275 Y134.132 E10.29283
G1 X141.275 Y135.882 E10.377
G1 X125.903 Y135.882 E11.11634
G1 X125.829 Y135.944 E11.12098
G1 X125.867 Y136.342 F7800
G1 E9.12098 F2400
G92 E0
G1 X140.504 Y82.943 F7800
G1 E2 F2400
;TYPE:Perimeter
G1 F1200
G1 X132.917 Y82.943 E2.36491
G1 X133.972 Y82.292 E2.42453
G1 X135.825 Y80.536 E2.54731
G1 X140.504 Y80.536 E2.77235
G1 X140.504 Y82.883 E2.88523
G1 X140.889 Y83.329 F7800
G1 F1200
G1 X131.558 Y83.329 E3.33402
G1 X133.736 Y81.985 E3.45711
G1 X135.672 Y80.15 E3.58541
G1 X140.889 Y80.15 E3.83633
G1 X140.889 Y83.269 E3.98634
G1 X141.275 Y83.715 F7800
;TYPE:External perimeter
G1 F1200
G1 X129.698 Y83.715 E4.54315
G1 X130.857 Y83.309 E4.60222
G1 X133.499 Y81.678 E4.75155
G1 X135.418 Y79.859 E4.87872
;TYPE:Overhang perimeter
;WIDTH:0.4
;HEIGHT:0.4
M106 S255
G1 X135.518 Y79.765 E4.88589
G1 X141.275 Y79.765 E5.18666
G1 X141.275 Y79.859 E5.19157
M106 S209.1
;TYPE:External perimeter
;WIDTH:0.45
;HEIGHT:0.3
G1 X141.275 Y83.655 E5.37414
G1 X140.879 Y83.714 F7800
G1 E3.37414 F2400
G92 E0
G1 X133.961 Y82.654 F7800
G1 E2 F2400
;TYPE:Solid infill
G1 F1200
G1 X134.247 Y82.43 E2.01747
G1 X135.941 Y80.825 E2.12971
G1 X140.215 Y80.825 E2.33527
G1 X140.215 Y82.654 E2.42324
G1 X134.154 Y82.654 E2.71475
G1 X134.978 Y82.268 F7800
G1 F1200
G1 X136.094 Y81.211 E2.78868
G1 X139.829 Y81.211 E2.96832
G1 X139.829 Y82.268 E3.01916
G1 X135.171 Y82.268 E3.24319
G1 X135.884 Y81.908 F7800
;WIDTH:0.400509
G1 F1200
G1 X136.19 Y81.618 E3.26086
G1 X136.305 Y81.571 E3.26607
G1 X139.468 Y81.571 E3.39867
G1 X139.468 Y81.908 E3.4128
G1 X136.076 Y81.908 E3.55501
G1 E1.55501 F2400
G92 E0
G1 X109.496 Y82.943 F7800
G1 E2 F2400
;TYPE:Perimeter
;WIDTH:0.45
G1 F1200
G1 X109.496 Y80.536 E2.11577
G1 X114.175 Y80.536 E2.34081
G1 X116.028 Y82.292 E2.46359
G1 X117.083 Y82.943 E2.52321
G1 X109.556 Y82.943 E2.88523
G1 X109.111 Y83.329 F7800
G1 F1200
G1 X109.111 Y80.15 E3.03813
G1 X114.328 Y80.15 E3.28905
G1 X116.264 Y81.985 E3.41735
G1 X118.442 Y83.329 E3.54044
G1 X109.171 Y83.329 E3.98634
G1 X108.725 Y83.715 F7800
;TYPE:External perimeter
G1 F1200
G1 X108.725 Y79.859 E4.1718
;TYPE:Overhang perimeter
;WIDTH:0.4
;HEIGHT:0.4
M106 S255
G1 X108.725 Y79.765 E4.17671
G1 X114.482 Y79.765 E4.47748
G1 X114.582 Y79.859 E4.48465
M106 S209.1
;TYPE:External perimeter
;WIDTH:0.45
;HEIGHT:0.3
G1 X116.501 Y81.678 E4.61182
G1 X119.143 Y83.309 E4.76115
G1 X120.302 Y83.715 E4.82022
G1 X108.785 Y83.715 E5.37415
G1 X108.726 Y83.319 F7800
G1 X109.785 Y82.654
;TYPE:Solid infill
G1 F1200
G1 X109.785 Y80.825 E5.46212
G1 X114.059 Y80.825 E5.66768
G1 X115.753 Y82.43 E5.77992
G1 X116.006 Y82.608 E5.7948
G1 X116.01 Y82.654 E5.79702
G1 X109.978 Y82.654 E6.08714
G1 X110.171 Y82.268 E6.1079
G1 X110.171 Y81.211 E6.15874
G1 X113.906 Y81.211 E6.33838
G1 X115.022 Y82.268 E6.41231
G1 X110.364 Y82.268 E6.63634
G1 X110.532 Y81.908 E6.65545
;WIDTH:0.400511
G1 X110.532 Y81.571 E6.66958
G1 X113.762 Y81.571 E6.80499
G1 X114.116 Y81.908 E6.82548
G1 X110.725 Y81.908 E6.96764
M106 S211.65
;LAYER_CHANGE
;Z:3.05
;HEIGHT:0.3
G1 E4.96764 F2400
G92 E0
G1 Z3.05 F7800
;AFTER_LAYER_CHANGE
;3.05
G1 X125.062 Y135.576
G1 E2 F2400
;TYPE:Perimeter
;WIDTH:0.564818
G1 F1500
G1 X125 Y135.677 E2.0074
G1 X124.816 Y135.381 E2.02915
G1 X124.666 Y135.336 E2.03892
;WIDTH:0.524045
G1 X124.517 Y135.29 E2.04786
;WIDTH:0.483272
G1 X124.367 Y135.245 E2.05604
;WIDTH:0.442499
G1 X124.217 Y135.2 E2.06343
;WIDTH:0.401726
G1 X124.067 Y135.155 E2.07002
;WIDTH:0.360953
G1 X109.452 Y135.155 E2.61063
G1 X109.452 Y134.859 E2.62158
G1 X124.067 Y134.859 E3.16219
;WIDTH:0.401726
G1 X124.253 Y134.879 E3.17006
;WIDTH:0.442499
G1 X124.44 Y134.899 E3.17893
;WIDTH:0.483272
G1 X124.627 Y134.92 E3.18876
;WIDTH:0.524045
G1 X124.813 Y134.94 E3.19949
;WIDTH:0.564818
G1 X125 Y134.96 E3.21123
G1 X125.187 Y134.94 E3.22297
;WIDTH:0.524045
G1 X125.373 Y134.92 E3.2337
;WIDTH:0.483272
G1 X125.56 Y134.899 E3.24353
;WIDTH:0.442499
G1 X125.747 Y134.879 E3.2524
;WIDTH:0.401726
G1 X125.933 Y134.859 E3.26027
;WIDTH:0.360953
G1 X140.548 Y134.859 E3.80088
G1 X140.548 Y135.155 E3.81183
G1 X125.8 Y135.155 E4.35736
;WIDTH:0.401726
G1 X125.677 Y135.2 E4.36287
;WIDTH:0.442499
G1 X125.554 Y135.245 E4.36905
;WIDTH:0.483272
G1 X125.43 Y135.29 E4.37594
;WIDTH:0.524045
G1 X125.307 Y135.336 E4.38347
;WIDTH:0.564818
G1 X125.184 Y135.381 E4.39164
G1 X125.094 Y135.525 E4.40224
G1 X125.044 Y136.229 F7800
;WIDTH:0.413501
G1 F1200
G1 X125.022 Y136.267 E4.40415
G1 X124.956 Y136.229 E4.40747
G1 X125.022 Y136.191 E4.41079
G1 X125.44 Y135.793 F7800
;WIDTH:0.45
G1 F1500
G1 X125.392 Y135.869 E4.41511
G1 X125.362 Y136.169 E4.42961
G1 X125.572 Y136.596 E4.4525
G1 X124.428 Y136.596 E4.50752
G1 X124.638 Y136.169 E4.53041
G1 X124.608 Y135.869 E4.54491
G1 X124.491 Y135.682 E4.55552
G1 X124.067 Y135.496 E4.57779
G1 X109.111 Y135.496 E5.29712
G1 X109.111 Y134.517 E5.34421
G1 X140.889 Y134.517 E6.87262
G1 X140.889 Y135.496 E6.91971
G1 X125.849 Y135.496 E7.64308
G1 X125.509 Y135.682 E7.66172
G1 X125.471 Y135.742 E7.66514
G1 X125.782 Y135.982 F7800
;TYPE:External perimeter
G1 F1500
G1 X125.753 Y136.006 E7.66695
G1 X125.768 Y136.174 E7.67506
G1 X126.253 Y136.982 E7.72039
G1 X123.747 Y136.982 E7.84092
G1 X124.257 Y136.106 E7.88967
G1 X124.208 Y135.944 E7.89781
G1 X124.067 Y135.882 E7.90522
G1 X108.725 Y135.882 E8.64312
G1 X108.725 Y134.132 E8.72729
G1 X141.275 Y134.132 E10.29283
G1 X141.275 Y135.882 E10.377
G1 X125.903 Y135.882 E11.11634
G1 X125.829 Y135.944 E11.12098
G1 X125.867 Y136.342 F7800
G1 E9.12098 F2400
G92 E0
G1 X140.504 Y82.424 F7800
G1 E2 F2400
;TYPE:Perimeter
G1 F1200
G1 X134.01 Y82.424 E2.31234
G1 X136.208 Y80.346 E2.45782
G1 X136.505 Y80.016 E2.47917
G1 X140.504 Y80.016 E2.67151
G1 X140.504 Y82.364 E2.78444
G1 X140.889 Y82.809 F7800
G1 F1200
G1 X132.681 Y82.809 E3.17922
G1 X133.736 Y82.158 E3.23884
G1 X136.064 Y79.951 E3.39313
G1 X136.306 Y79.631 E3.41243
G1 X140.889 Y79.631 E3.63286
G1 X140.889 Y82.749 E3.78282
G1 X141.275 Y83.195 F7800
;TYPE:External perimeter
G1 F1200
G1 X131.322 Y83.195 E4.26152
G1 X133.499 Y81.851 E4.38457
G1 X135.799 Y79.672 E4.53695
G1 X136.038 Y79.34 E4.55663
;TYPE:Overhang perimeter
;WIDTH:0.4
;HEIGHT:0.4
M106 S255
G1 X136.107 Y79.245 E4.56276
G1 X141.275 Y79.245 E4.83276
G1 X141.275 Y79.34 E4.83772
M106 S211.65
;TYPE:External perimeter
;WIDTH:0.45
;HEIGHT:0.3
G1 X141.275 Y83.135 E5.02025
G1 X140.879 Y83.194 F7800
G1 E3.02025 F2400
G92 E0
G1 X136.672 Y80.305 F7800
G1 E2 F2400
;TYPE:Solid infill
G1 F1200
G1 X140.215 Y80.305 E2.17041
G1 X140.215 Y82.134 E2.25838
G1 X134.742 Y82.134 E2.52161
G1 X136.532 Y80.438 E2.64021
G1 E.64021 F2400
G92 E0
G1 X139.636 Y80.691 F7800
G1 E2 F2400
G1 F1200
G1 X136.826 Y80.691 E2.13515
G1 X135.709 Y81.749 E2.20915
G1 X139.829 Y81.749 E2.40731
G1 X139.829 Y80.691 E2.4582
G1 X139.468 Y81.052 E2.48275
;WIDTH:0.400512
G1 X139.468 Y81.388 E2.49684
G1 X136.615 Y81.388 E2.61645
G1 X136.969 Y81.052 E2.63691
G1 X139.275 Y81.052 E2.73359
G1 E.73359 F2400
G92 E0
G1 X109.496 Y82.424 F7800
G1 E2 F2400
;TYPE:Perimeter
;WIDTH:0.45
G1 F1200
G1 X109.496 Y80.016 E2.11582
G1 X113.495 Y80.016 E2.30816
G1 X113.792 Y80.346 E2.32951
G1 X115.984 Y82.424 E2.47478
G1 X109.556 Y82.424 E2.78394
G1 X109.111 Y82.809 F7800
G1 F1200
G1 X109.111 Y79.631 E2.93679
G1 X113.694 Y79.631 E3.15722
G1 X113.862 Y79.867 E3.17115
G1 X114.057 Y80.066 E3.18455
G1 X116.264 Y82.158 E3.33081
G1 X117.319 Y82.809 E3.39043
G1 X109.171 Y82.809 E3.78232
G1 X108.725 Y83.195 F7800
;TYPE:External perimeter
G1 F1200
G1 X108.725 Y79.34 E3.96773
;TYPE:Overhang perimeter
;WIDTH:0.4
;HEIGHT:0.4
M106 S255
G1 X108.725 Y79.245 E3.97269
G1 X113.893 Y79.245 E4.24269
G1 X113.961 Y79.34 E4.24879
M106 S211.65
;TYPE:External perimeter
;WIDTH:0.45
;HEIGHT:0.3
G1 X114.176 Y79.643 E4.26666
G1 X116.501 Y81.851 E4.42088
G1 X118.678 Y83.195 E4.54393
G1 X108.785 Y83.195 E5.01975
G1 X108.726 Y82.799 F7800
G1 E3.01975 F2400
G92 E0
G1 X109.785 Y80.305 F7800
G1 E2 F2400
;TYPE:Solid infill
G1 F1200
G1 X113.353 Y80.305 E2.17161
G1 X113.475 Y80.444 E2.18051
G1 X115.258 Y82.134 E2.29867
G1 X109.785 Y82.134 E2.5619
G1 X109.785 Y80.498 E2.64059
G1 X110.171 Y80.691 E2.66135
G1 X113.126 Y80.691 E2.80348
G1 X113.21 Y80.724 E2.80782
G1 X114.291 Y81.749 E2.87947
G1 X110.171 Y81.749 E3.07763
G1 X110.171 Y80.884 E3.11923
G1 X110.532 Y81.077 E3.13892
;WIDTH:0.400512
G1 X110.532 Y81.388 E3.15196
G1 X113.385 Y81.388 E3.27157
G1 X113.031 Y81.052 E3.29203
G1 X110.7 Y81.052 E3.38976
M106 S214.2
;LAYER_CHANGE
;Z:3.35
;HEIGHT:0.3
G1 E1.38976 F2400
G92 E0
G1 Z3.35 F7800
;AFTER_LAYER_CHANGE
;3.35
G1 X125.062 Y135.576
G1 E2 F2400
;TYPE:Perimeter
;WIDTH:0.564817
G1 F1500
G1 X125 Y135.677 E2.0074
G1 X124.816 Y135.381 E2.02915
G1 X124.666 Y135.336 E2.03892
;WIDTH:0.524044
G1 X124.517 Y135.29 E2.04786
;WIDTH:0.483271
G1 X124.367 Y135.245 E2.05604
;WIDTH:0.442498
G1 X124.217 Y135.2 E2.06343
;WIDTH:0.401725
G1 X124.067 Y135.155 E2.07002
;WIDTH:0.360953
G1 X109.452 Y135.155 E2.61063
G1 X109.452 Y134.859 E2.62158
G1 X124.067 Y134.859 E3.16219
;WIDTH:0.401725
G1 X124.253 Y134.879 E3.17006
;WIDTH:0.442498
G1 X124.44 Y134.899 E3.17893
;WIDTH:0.483271
G1 X124.627 Y134.92 E3.18876
;WIDTH:0.524044
G1 X124.813 Y134.94 E3.19949
;WIDTH:0.564817
G1 X125 Y134.96 E3.21123
G1 X125.187 Y134.94 E3.22297
;WIDTH:0.524044
G1 X125.373 Y134.92 E3.2337
;WIDTH:0.483271
G1 X125.56 Y134.899 E3.24353
;WIDTH:0.442498
G1 X125.747 Y134.879 E3.2524
;WIDTH:0.401725
G1 X125.933 Y134.859 E3.26027
;WIDTH:0.360953
G1 X140.548 Y134.859 E3.80088
G1 X140.548 Y135.155 E3.81183
G1 X125.8 Y135.155 E4.35736
;WIDTH:0.401725
G1 X125.677 Y135.2 E4.36287
;WIDTH:0.442498
G1 X125.554 Y135.245 E4.36905
;WIDTH:0.483271
G1 X125.43 Y135.29 E4.37594
;WIDTH:0.524044
G1 X125.307 Y135.336 E4.38347
;WIDTH:0.564817
G1 X125.184 Y135.381 E4.39164
G1 X125.094 Y135.525 E4.40224
G1 X125.044 Y136.229 F7800
;WIDTH:0.413499
G1 F1200
G1 X125.022 Y136.267 E4.40415
G1 X124.956 Y136.229 E4.40747
G1 X125.022 Y136.191 E4.41079
G1 X125.44 Y135.793 F7800
;WIDTH:0.45
G1 F1500
G1 X125.392 Y135.869 E4.41511
G1 X125.362 Y136.169 E4.42961
G1 X125.572 Y136.596 E4.4525
G1 X124.428 Y136.596 E4.50752
G1 X124.638 Y136.169 E4.53041
G1 X124.608 Y135.869 E4.54491
G1 X124.491 Y135.682 E4.55552
G1 X124.067 Y135.496 E4.57779
G1 X109.111 Y135.496 E5.29712
G1 X109.111 Y134.517 E5.34421
G1 X140.889 Y134.517 E6.87262
G1 X140.889 Y135.496 E6.91971
G1 X125.849 Y135.496 E7.64308
G1 X125.509 Y135.682 E7.66172
G1 X125.471 Y135.742 E7.66514
G1 X125.782 Y135.982 F7800
;TYPE:External perimeter
G1 F1500
G1 X125.753 Y136.006 E7.66695
G1 X125.768 Y136.174 E7.67506
G1 X126.253 Y136.982 E7.72039
G1 X123.747 Y136.982 E7.84092
G1 X124.257 Y136.106 E7.88967
G1 X124.208 Y135.944 E7.89781
G1 X124.067 Y135.882 E7.90522
G1 X108.725 Y135.882 E8.64312
G1 X108.725 Y134.132 E8.72729
G1 X141.275 Y134.132 E10.29283
G1 X141.275 Y135.882 E10.377
G1 X125.903 Y135.882 E11.11634
G1 X125.829 Y135.944 E11.12098
G1 X125.867 Y136.342 F7800
G1 E9.12098 F2400
G92 E0
G1 X140.504 Y81.904 F7800
G1 E2 F2400
;TYPE:Perimeter
G1 F1200
G1 X134.747 Y81.904 E2.27689
G1 X136.398 Y80.34 E2.38627
G1 X136.997 Y79.497 E2.43601
G1 X140.504 Y79.497 E2.60468
G1 X140.504 Y81.844 E2.71756
G1 X140.889 Y82.29 F7800
G1 F1200
G1 X133.78 Y82.29 E3.05948
G1 X136.105 Y80.086 E3.21356
G1 X136.798 Y79.111 E3.27109
G1 X140.889 Y79.111 E3.46785
G1 X140.889 Y82.23 E3.61786
G1 X141.275 Y82.675 F7800
;TYPE:External perimeter
G1 F1200
G1 X132.444 Y82.675 E4.0426
G1 X133.499 Y82.024 E4.10222
G1 X135.813 Y79.832 E4.25552
G1 X136.532 Y78.82 E4.31523
;TYPE:Overhang perimeter
;WIDTH:0.4
;HEIGHT:0.4
M106 S255
G1 X136.599 Y78.725 E4.3213
G1 X141.275 Y78.725 E4.5656
G1 X141.275 Y78.82 E4.57056
M106 S214.2
;TYPE:External perimeter
;WIDTH:0.45
;HEIGHT:0.3
G1 X141.275 Y82.615 E4.75309
G1 X140.879 Y82.675 F7800
G1 E2.75309 F2400
G92 E0
G1 X135.473 Y81.615 F7800
G1 E2 F2400
;TYPE:Solid infill
G1 F1200
G1 X136.537 Y80.606 E2.07053
G1 X137.144 Y79.786 E2.1196
G1 X140.215 Y79.786 E2.2673
G1 X140.215 Y81.615 E2.35527
G1 X135.666 Y81.615 E2.57406
G1 X136.44 Y81.229 F7800
G1 F1200
G1 X136.857 Y80.822 E2.60209
G1 X137.338 Y80.171 E2.64102
G1 X139.829 Y80.171 E2.76083
G1 X139.829 Y81.229 E2.81172
G1 X136.633 Y81.229 E2.96544
G1 X137.272 Y80.868 E3.00074
;WIDTH:0.400509
G1 X137.52 Y80.532 E3.01825
G1 X139.468 Y80.532 E3.09992
G1 X139.468 Y80.868 E3.11401
G1 X137.465 Y80.868 E3.19798
G1 E1.19798 F2400
G92 E0
G1 X109.496 Y81.904 F7800
G1 E2 F2400
;TYPE:Perimeter
;WIDTH:0.45
G1 F1200
G1 X109.496 Y79.497 E2.11577
G1 X113.003 Y79.497 E2.28444
G1 X113.671 Y80.405 E2.33866
G1 X115.253 Y81.904 E2.44348
G1 X109.556 Y81.904 E2.71749
G1 X109.111 Y82.29 F7800
G1 F1200
G1 X109.111 Y79.111 E2.87039
G1 X113.202 Y79.111 E3.06715
G1 X113.936 Y80.125 E3.12736
G1 X116.22 Y82.29 E3.27872
G1 X109.171 Y82.29 E3.61775
G1 X108.725 Y82.675 F7800
;TYPE:External perimeter
G1 F1200
G1 X108.725 Y78.82 E3.80316
;TYPE:Overhang perimeter
;WIDTH:0.4
;HEIGHT:0.4
M106 S255
G1 X108.725 Y78.725 E3.80812
G1 X113.401 Y78.725 E4.05242
G1 X113.468 Y78.82 E4.05849
M106 S214.2
;TYPE:External perimeter
;WIDTH:0.45
;HEIGHT:0.3
G1 X114.187 Y79.832 E4.1182
G1 X116.501 Y82.024 E4.2715
G1 X117.556 Y82.675 E4.33112
G1 X108.785 Y82.675 E4.75297
G1 X108.726 Y82.28 F7800
G1 X109.785 Y81.615
;TYPE:Solid infill
G1 F1200
G1 X109.785 Y79.786 E4.84094
G1 X112.854 Y79.786 E4.98855
G1 X113.475 Y80.618 E5.03848
G1 X114.527 Y81.615 E5.10819
G1 X109.978 Y81.615 E5.32698
G1 X110.171 Y81.229 E5.34774
G1 X110.171 Y80.171 E5.39863
G1 X112.655 Y80.171 E5.5181
G1 X113.171 Y80.857 E5.55939
G1 X113.56 Y81.229 E5.58528
G1 X110.364 Y81.229 E5.739
G1 X110.532 Y80.868 E5.75815
;WIDTH:0.40051
G1 X110.532 Y80.532 E5.77224
G1 X112.468 Y80.532 E5.8534
G1 X112.708 Y80.868 E5.87071
G1 X110.725 Y80.868 E5.95385
M106 S216.75
;LAYER_CHANGE
;Z:3.65
;HEIGHT:0.3
G1 E3.95385 F2400
G92 E0
G1 Z3.65 F7800
;AFTER_LAYER_CHANGE
;3.65
G1 X125.062 Y135.576
G1 E2 F2400
;TYPE:Perimeter
;WIDTH:0.564817
G1 F1500
G1 X125 Y135.677 E2.0074
G1 X124.816 Y135.381 E2.02915
G1 X124.666 Y135.336 E2.03892
;WIDTH:0.524044
G1 X124.517 Y135.29 E2.04786
;WIDTH:0.483271
G1 X124.367 Y135.245 E2.05604
;WIDTH:0.442498
G1 X124.217 Y135.2 E2.06343
;WIDTH:0.401725
G1 X124.067 Y135.155 E2.07002
;WIDTH:0.360953
G1 X109.452 Y135.155 E2.61063
G1 X109.452 Y134.859 E2.62158
G1 X124.067 Y134.859 E3.16219
;WIDTH:0.401725
G1 X124.253 Y134.879 E3.17006
;WIDTH:0.442498
G1 X124.44 Y134.899 E3.17893
;WIDTH:0.483271
G1 X124.627 Y134.92 E3.18876
;WIDTH:0.524044
G1 X124.813 Y134.94 E3.19949
;WIDTH:0.564817
G1 X125 Y134.96 E3.21123
G1 X125.187 Y134.94 E3.22297
;WIDTH:0.524044
G1 X125.373 Y134.92 E3.2337
;WIDTH:0.483271
G1 X125.56 Y134.899 E3.24353
;WIDTH:0.442498
G1 X125.747 Y134.879 E3.2524
;WIDTH:0.401725
G1 X125.933 Y134.859 E3.26027
;WIDTH:0.360953
G1 X140.548 Y134.859 E3.80088
G1 X140.548 Y135.155 E3.81183
G1 X125.8 Y135.155 E4.35736
;WIDTH:0.401725
G1 X125.677 Y135.2 E4.36287
;WIDTH:0.442498
G1 X125.554 Y135.245 E4.36905
;WIDTH:0.483271
G1 X125.43 Y135.29 E4.37594
;WIDTH:0.524044
G1 X125.307 Y135.336 E4.38347
;WIDTH:0.564817
G1 X125.184 Y135.381 E4.39164
G1 X125.094 Y135.525 E4.40224
G1 X125.044 Y136.229 F7800
;WIDTH:0.413499
G1 F1200
G1 X125.022 Y136.267 E4.40415
G1 X124.956 Y136.229 E4.40747
G1 X125.022 Y136.191 E4.41079
G1 X125.44 Y135.793 F7800
;WIDTH:0.45
G1 F1500
G1 X125.392 Y135.869 E4.41511
G1 X125.362 Y136.169 E4.42961
G1 X125.572 Y136.596 E4.4525
G1 X124.428 Y136.596 E4.50752
G1 X124.638 Y136.169 E4.53041
G1 X124.608 Y135.869 E4.54491
G1 X124.491 Y135.682 E4.55552
G1 X124.067 Y135.496 E4.57779
G1 X109.111 Y135.496 E5.29712
G1 X109.111 Y134.517 E5.34421
G1 X140.889 Y134.517 E6.87262
G1 X140.889 Y135.496 E6.91971
G1 X125.849 Y135.496 E7.64308
G1 X125.509 Y135.682 E7.66172
G1 X125.471 Y135.742 E7.66514
G1 X125.782 Y135.982 F7800
;TYPE:External perimeter
G1 F1500
G1 X125.753 Y136.006 E7.66695
G1 X125.768 Y136.174 E7.67506
G1 X126.253 Y136.982 E7.72039
G1 X123.747 Y136.982 E7.84092
G1 X124.257 Y136.106 E7.88967
G1 X124.208 Y135.944 E7.89781
G1 X124.067 Y135.882 E7.90522
G1 X108.725 Y135.882 E8.64312
G1 X108.725 Y134.132 E8.72729
G1 X141.275 Y134.132 E10.29283
G1 X141.275 Y135.882 E10.377
G1 X125.903 Y135.882 E11.11634
G1 X125.829 Y135.944 E11.12098
G1 X125.867 Y136.342 F7800
G1 E9.12098 F2400
G92 E0
G1 X140.504 Y81.384 F7800
G1 E2 F2400
;TYPE:Perimeter
G1 F1200
G1 X135.478 Y81.384 E2.24173
G1 X136.398 Y80.513 E2.30266
G1 X137.49 Y78.977 E2.3933
G1 X140.504 Y78.977 E2.53826
G1 X140.504 Y81.324 E2.65114
G1 X140.889 Y81.77 F7800
G1 F1200
G1 X134.511 Y81.77 E2.9579
G1 X136.105 Y80.259 E3.06354
G1 X137.291 Y78.591 E3.16198
G1 X140.889 Y78.591 E3.33503
G1 X140.889 Y81.71 E3.48504
G1 X141.275 Y82.156 F7800
;TYPE:External perimeter
G1 F1200
G1 X133.543 Y82.156 E3.85692
G1 X135.813 Y80.005 E4.00733
G1 X137.024 Y78.3 E4.10791
;TYPE:Overhang perimeter
;WIDTH:0.4
;HEIGHT:0.4
M106 S255
G1 X137.091 Y78.206 E4.11394
G1 X141.275 Y78.206 E4.33253
G1 X141.275 Y78.3 E4.33744
M106 S216.75
;TYPE:External perimeter
;WIDTH:0.45
;HEIGHT:0.3
G1 X141.275 Y82.096 E4.52001
G1 X140.879 Y82.155 F7800
G1 E2.52001 F2400
G92 E0
G1 X140.022 Y79.266 F7800
G1 E2 F2400
;TYPE:Solid infill
G1 F1200
G1 X137.639 Y79.266 E2.11461
G1 X136.691 Y80.6 E2.19332
G1 X136.204 Y81.095 E2.22672
G1 X140.215 Y81.095 E2.41964
G1 X140.215 Y79.266 E2.50761
G1 X139.829 Y79.652 E2.53387
G1 X139.829 Y80.71 E2.58476
G1 X137.086 Y80.71 E2.71669
G1 X137.838 Y79.652 E2.77912
G1 X139.636 Y79.652 E2.8656
G1 X139.468 Y80.013 E2.88475
;WIDTH:0.400512
G1 X139.468 Y80.349 E2.89884
G1 X137.785 Y80.349 E2.9694
G1 X138.024 Y80.013 E2.98669
G1 X139.275 Y80.013 E3.03914
G1 E1.03914 F2400
G92 E0
G1 X109.496 Y81.384 F7800
G1 E2 F2400
;TYPE:Perimeter
;WIDTH:0.45
G1 F1200
G1 X109.496 Y78.977 E2.11577
G1 X112.51 Y78.977 E2.26073
G1 X113.602 Y80.513 E2.35137
G1 X114.522 Y81.384 E2.4123
G1 X109.556 Y81.384 E2.65115
G1 X109.111 Y81.77 F7800
G1 F1200
G1 X109.111 Y78.591 E2.80405
G1 X112.709 Y78.591 E2.9771
G1 X113.895 Y80.259 E3.07554
G1 X115.489 Y81.77 E3.18118
G1 X109.171 Y81.77 E3.48505
G1 X108.725 Y82.156 F7800
;TYPE:External perimeter
G1 F1200
G1 X108.725 Y78.3 E3.67051
;TYPE:Overhang perimeter
;WIDTH:0.4
;HEIGHT:0.4
M106 S255
G1 X108.725 Y78.206 E3.67542
G1 X112.909 Y78.206 E3.89401
G1 X112.976 Y78.3 E3.90004
M106 S216.75
;TYPE:External perimeter
;WIDTH:0.45
;HEIGHT:0.3
G1 X114.187 Y80.005 E4.00062
G1 X116.457 Y82.156 E4.15103
G1 X108.785 Y82.156 E4.52003
G1 X108.726 Y81.76 F7800
G1 E2.52003 F2400
G92 E0
G1 X109.785 Y79.266 F7800
G1 E2 F2400
;TYPE:Solid infill
G1 F1200
G1 X112.361 Y79.266 E2.1239
G1 X113.319 Y80.614 E2.20344
G1 X113.806 Y81.095 E2.23636
G1 X109.785 Y81.095 E2.42976
G1 X109.785 Y79.459 E2.50845
G1 X110.171 Y79.652 E2.52921
G1 X112.162 Y79.652 E2.62497
G1 X112.914 Y80.71 E2.6874
G1 X110.171 Y80.71 E2.81933
G1 X110.171 Y79.845 E2.86093
G1 X110.532 Y80.013 E2.88008
;WIDTH:0.400512
G1 X111.976 Y80.013 E2.94062
G1 X112.215 Y80.349 E2.95791
G1 X110.532 Y80.349 E3.02847
G1 X110.532 Y80.205 E3.03451
M106 S219.3
;LAYER_CHANGE
;Z:3.95
;HEIGHT:0.3
G1 E1.03451 F2400
G92 E0
G1 Z3.95 F7800
;AFTER_LAYER_CHANGE
;3.95
G1 X125.062 Y135.576
G1 E2 F2400
;TYPE:Perimeter
;WIDTH:0.564817
G1 F1500
G1 X125 Y135.677 E2.0074
G1 X124.816 Y135.381 E2.02915
G1 X124.666 Y135.336 E2.03892
;WIDTH:0.524044
G1 X124.517 Y135.29 E2.04786
;WIDTH:0.483271
G1 X124.367 Y135.245 E2.05604
;WIDTH:0.442498
G1 X124.217 Y135.2 E2.06343
;WIDTH:0.401725
G1 X124.067 Y135.155 E2.07002
;WIDTH:0.360953
G1 X109.452 Y135.155 E2.61063
G1 X109.452 Y134.859 E2.62158
G1 X124.067 Y134.859 E3.16219
;WIDTH:0.401725
G1 X124.253 Y134.879 E3.17006
;WIDTH:0.442498
G1 X124.44 Y134.899 E3.17893
;WIDTH:0.483271
G1 X124.627 Y134.92 E3.18876
;WIDTH:0.524044
G1 X124.813 Y134.94 E3.19949
;WIDTH:0.564817
G1 X125 Y134.96 E3.21123
G1 X125.187 Y134.94 E3.22297
;WIDTH:0.524044
G1 X125.373 Y134.92 E3.2337
;WIDTH:0.483271
G1 X125.56 Y134.899 E3.24353
;WIDTH:0.442498
G1 X125.747 Y134.879 E3.2524
;WIDTH:0.401725
G1 X125.933 Y134.859 E3.26027
;WIDTH:0.360953
G1 X140.548 Y134.859 E3.80088
G1 X140.548 Y135.155 E3.81183
G1 X125.8 Y135.155 E4.35736
;WIDTH:0.401725
G1 X125.677 Y135.2 E4.36287
;WIDTH:0.442498
G1 X125.554 Y135.245 E4.36905
;WIDTH:0.483271
G1 X125.43 Y135.29 E4.37594
;WIDTH:0.524044
G1 X125.307 Y135.336 E4.38347
;WIDTH:0.564817
G1 X125.184 Y135.381 E4.39164
G1 X125.094 Y135.525 E4.40224
G1 X125.044 Y136.229 F7800
;WIDTH:0.413499
G1 F1200
G1 X125.022 Y136.267 E4.40415
G1 X124.956 Y136.229 E4.40747
G1 X125.022 Y136.191 E4.41079
G1 X125.44 Y135.793 F7800
;WIDTH:0.45
G1 F1500
G1 X125.392 Y135.869 E4.41511
G1 X125.362 Y136.169 E4.42961
G1 X125.572 Y136.596 E4.4525
G1 X124.428 Y136.596 E4.50752
G1 X124.638 Y136.169 E4.53041
G1 X124.608 Y135.869 E4.54491
G1 X124.491 Y135.682 E4.55552
G1 X124.067 Y135.496 E4.57779
G1 X109.111 Y135.496 E5.29712
G1 X109.111 Y134.517 E5.34421
G1 X140.889 Y134.517 E6.87262
G1 X140.889 Y135.496 E6.91971
G1 X125.849 Y135.496 E7.64308
G1 X125.509 Y135.682 E7.66172
G1 X125.471 Y135.742 E7.66514
G1 X125.782 Y135.982 F7800
;TYPE:External perimeter
G1 F1500
G1 X125.753 Y136.006 E7.66695
G1 X125.768 Y136.174 E7.67506
G1 X126.253 Y136.982 E7.72039
G1 X123.747 Y136.982 E7.84092
G1 X124.257 Y136.106 E7.88967
G1 X124.208 Y135.944 E7.89781
G1 X124.067 Y135.882 E7.90522
G1 X108.725 Y135.882 E8.64312
G1 X108.725 Y134.132 E8.72729
G1 X141.275 Y134.132 E10.29283
G1 X141.275 Y135.882 E10.377
G1 X125.903 Y135.882 E11.11634
G1 X125.829 Y135.944 E11.12098
G1 X125.867 Y136.342 F7800
G1 E9.12098 F2400
G92 E0
G1 X140.504 Y80.865 F7800
G1 E2 F2400
;TYPE:Perimeter
G1 F1200
G1 X136.209 Y80.865 E2.20657
G1 X136.452 Y80.61 E2.22351
G1 X137.982 Y78.457 E2.35055
G1 X140.504 Y78.457 E2.47185
G1 X140.504 Y80.805 E2.58478
G1 X140.889 Y81.25 F7800
G1 F1200
G1 X135.242 Y81.25 E2.85638
G1 X136.105 Y80.432 E2.91357
G1 X137.783 Y78.072 E3.05284
G1 X140.889 Y78.072 E3.20223
G1 X140.889 Y81.19 E3.35219
G1 X141.275 Y81.636 F7800
;TYPE:External perimeter
G1 F1200
G1 X134.274 Y81.636 E3.68891
G1 X135.813 Y80.178 E3.79087
G1 X137.517 Y77.781 E3.93232
;TYPE:Overhang perimeter
;WIDTH:0.4
;HEIGHT:0.4
M106 S255
G1 X137.584 Y77.686 E3.93839
G1 X141.275 Y77.686 E4.13123
G1 X141.275 Y77.781 E4.13619
M106 S219.3
;TYPE:External perimeter
;WIDTH:0.45
;HEIGHT:0.3
G1 X141.275 Y81.576 E4.31872
G1 X140.879 Y81.635 F7800
G1 E2.31872 F2400
G92 E0
G1 X136.831 Y80.576 F7800
G1 E2 F2400
;TYPE:Solid infill
G1 F1200
G1 X138.131 Y78.746 E2.10796
G1 X140.215 Y78.746 E2.20819
G1 X140.215 Y80.576 E2.29621
G1 X137.024 Y80.576 E2.44969
G1 X137.578 Y80.19 E2.48217
G1 X138.33 Y79.132 E2.5446
G1 X139.829 Y79.132 E2.6167
G1 X139.829 Y80.19 E2.66759
G1 X137.771 Y80.19 E2.76657
G1 X138.278 Y79.829 E2.7965
;WIDTH:0.400511
G1 X138.516 Y79.493 E2.81376
G1 X139.468 Y79.493 E2.85367
G1 X139.468 Y79.829 E2.86776
G1 X138.47 Y79.829 E2.9096
G1 E.9096 F2400
G92 E0
G1 X109.496 Y80.865 F7800
G1 E2 F2400
;TYPE:Perimeter
;WIDTH:0.45
G1 F1200
G1 X109.496 Y78.457 E2.11582
G1 X112.018 Y78.457 E2.23712
G1 X113.548 Y80.61 E2.36416
G1 X113.791 Y80.865 E2.3811
G1 X109.556 Y80.865 E2.58479
G1 X109.111 Y81.25 F7800
G1 F1200
G1 X109.111 Y78.072 E2.73764
G1 X112.217 Y78.072 E2.88703
G1 X113.895 Y80.432 E3.0263
G1 X114.758 Y81.25 E3.08349
G1 X109.171 Y81.25 E3.35221
G1 X108.725 Y81.636 F7800
;TYPE:External perimeter
G1 F1200
G1 X108.725 Y77.781 E3.53762
;TYPE:Overhang perimeter
;WIDTH:0.4
;HEIGHT:0.4
M106 S255
G1 X108.725 Y77.686 E3.54258
G1 X112.416 Y77.686 E3.73542
G1 X112.483 Y77.781 E3.74149
M106 S219.3
;TYPE:External perimeter
;WIDTH:0.45
;HEIGHT:0.3
G1 X114.187 Y80.178 E3.88294
G1 X115.726 Y81.636 E3.9849
G1 X108.785 Y81.636 E4.31874
G1 X108.726 Y81.24 F7800
G1 X109.785 Y80.576
;TYPE:Solid infill
G1 F1200
G1 X109.785 Y78.746 E4.40676
G1 X111.869 Y78.746 E4.50699
G1 X113.169 Y80.576 E4.61495
G1 X109.978 Y80.576 E4.76843
G1 X110.171 Y80.19 E4.78919
G1 X110.171 Y79.132 E4.84008
G1 X111.67 Y79.132 E4.91218
G1 X112.422 Y80.19 E4.97461
G1 X110.364 Y80.19 E5.07359
G1 X110.532 Y79.829 E5.09274
;WIDTH:0.40051
G1 X110.532 Y79.493 E5.10683
G1 X111.484 Y79.493 E5.14674
G1 X111.722 Y79.829 E5.164
G1 X110.725 Y79.829 E5.2058
M106 S221.85
;LAYER_CHANGE
;Z:4.25
;HEIGHT:0.3
G1 E3.2058 F2400
G92 E0
G1 Z4.25 F7800
;AFTER_LAYER_CHANGE
;4.25
G1 X125.062 Y135.576
G1 E2 F2400
;TYPE:Perimeter
;WIDTH:0.564817
G1 F1500
G1 X125 Y135.677 E2.0074
G1 X124.816 Y135.381 E2.02915
G1 X124.666 Y135.336 E2.03892
;WIDTH:0.524044
G1 X124.517 Y135.29 E2.04786
;WIDTH:0.483271
G1 X124.367 Y135.245 E2.05604
;WIDTH:0.442498
G1 X124.217 Y135.2 E2.06343
;WIDTH:0.401725
G1 X124.067 Y135.155 E2.07002
;WIDTH:0.360953
G1 X109.452 Y135.155 E2.61063
G1 X109.452 Y134.859 E2.62158
G1 X124.067 Y134.859 E3.16219
;WIDTH:0.401725
G1 X124.253 Y134.879 E3.17006
;WIDTH:0.442498
G1 X124.44 Y134.899 E3.17893
;WIDTH:0.483271
G1 X124.627 Y134.92 E3.18876
;WIDTH:0.524044
G1 X124.813 Y134.94 E3.19949
;WIDTH:0.564817
G1 X125 Y134.96 E3.21123
G1 X125.187 Y134.94 E3.22297
;WIDTH:0.524044
G1 X125.373 Y134.92 E3.2337
;WIDTH:0.483271
G1 X125.56 Y134.899 E3.24353
;WIDTH:0.442498
G1 X125.747 Y134.879 E3.2524
;WIDTH:0.401725
G1 X125.933 Y134.859 E3.26027
;WIDTH:0.360953
G1 X140.548 Y134.859 E3.80088
G1 X140.548 Y135.155 E3.81183
G1 X125.8 Y135.155 E4.35736
;WIDTH:0.401725
G1 X125.677 Y135.2 E4.36287
;WIDTH:0.442498
G1 X125.554 Y135.245 E4.36905
;WIDTH:0.483271
G1 X125.43 Y135.29 E4.37594
;WIDTH:0.524044
G1 X125.307 Y135.336 E4.38347
;WIDTH:0.564817
G1 X125.184 Y135.381 E4.39164
G1 X125.094 Y135.525 E4.40224
G1 X125.044 Y136.229 F7800
;WIDTH:0.413499
G1 F1200
G1 X125.022 Y136.267 E4.40415
G1 X124.956 Y136.229 E4.40747
G1 X125.022 Y136.191 E4.41079
G1 X125.44 Y135.793 F7800
;WIDTH:0.45
G1 F1500
G1 X125.392 Y135.869 E4.41511
G1 X125.362 Y136.169 E4.42961
G1 X125.572 Y136.596 E4.4525
G1 X124.428 Y136.596 E4.50752
G1 X124.638 Y136.169 E4.53041
G1 X124.608 Y135.869 E4.54491
G1 X124.491 Y135.682 E4.55552
G1 X124.067 Y135.496 E4.57779
G1 X109.111 Y135.496 E5.29712
G1 X109.111 Y134.517 E5.34421
G1 X140.889 Y134.517 E6.87262
G1 X140.889 Y135.496 E6.91971
G1 X125.849 Y135.496 E7.64308
G1 X125.509 Y135.682 E7.66172
G1 X125.471 Y135.742 E7.66514
G1 X125.782 Y135.982 F7800
;TYPE:External perimeter
G1 F1500
G1 X125.753 Y136.006 E7.66695
G1 X125.768 Y136.174 E7.67506
G1 X126.253 Y136.982 E7.72039
G1 X123.747 Y136.982 E7.84092
G1 X124.257 Y136.106 E7.88967
G1 X124.208 Y135.944 E7.89781
G1 X124.067 Y135.882 E7.90522
G1 X108.725 Y135.882 E8.64312
G1 X108.725 Y134.132 E8.72729
G1 X141.275 Y134.132 E10.29283
G1 X141.275 Y135.882 E10.377
G1 X125.903 Y135.882 E11.11634
G1 X125.829 Y135.944 E11.12098
G1 X125.867 Y136.342 F7800
G1 E9.12098 F2400
G92 E0
G1 X140.504 Y80.345 F7800
G1 E2 F2400
;TYPE:Perimeter
G1 F1200
G1 X136.763 Y80.345 E2.17993
G1 X138.114 Y78.444 E2.2921
G1 X138.441 Y77.938 E2.32108
G1 X140.504 Y77.938 E2.4203
G1 X140.504 Y80.285 E2.53318
G1 X140.889 Y80.731 F7800
G1 F1200
G1 X135.973 Y80.731 E2.76962
G1 X136.138 Y80.559 E2.78108
G1 X138.013 Y77.921 E2.93674
G1 X138.195 Y77.552 E2.95653
G1 X140.889 Y77.552 E3.0861
G1 X140.889 Y80.671 E3.23611
G1 X141.275 Y81.116 F7800
;TYPE:External perimeter
G1 F1200
G1 X135.005 Y81.116 E3.53768
G1 X135.813 Y80.351 E3.5912
G1 X137.709 Y77.683 E3.74862
G1 X137.904 Y77.261 E3.77098
;TYPE:Overhang perimeter
;WIDTH:0.4
;HEIGHT:0.4
M106 S255
G1 X137.948 Y77.166 E3.77645
G1 X141.275 Y77.166 E3.95027
G1 X141.275 Y77.261 E3.95523
M106 S221.85
;TYPE:External perimeter
;WIDTH:0.45
;HEIGHT:0.3
G1 X141.275 Y81.056 E4.13776
G1 X140.879 Y81.116 F7800
G1 E2.13776 F2400
G92 E0
G1 X140.022 Y78.227 F7800
G1 E2 F2400
;TYPE:Solid infill
G1 F1200
G1 X138.624 Y78.227 E2.06724
G1 X137.324 Y80.056 E2.17517
G1 X140.215 Y80.056 E2.31422
G1 X140.215 Y78.227 E2.40219
G1 X139.829 Y78.612 E2.42841
G1 X139.829 Y79.67 E2.4793
G1 X138.071 Y79.67 E2.56385
G1 X138.823 Y78.612 E2.62628
G1 X139.636 Y78.612 E2.66538
G1 X139.468 Y78.973 E2.68453
;WIDTH:0.400511
G1 X139.468 Y79.309 E2.69862
G1 X138.77 Y79.309 E2.72788
G1 X139.009 Y78.973 E2.74517
G1 X139.275 Y78.973 E2.75632
G1 E.75632 F2400
G92 E0
G1 X109.496 Y80.345 F7800
G1 E2 F2400
;TYPE:Perimeter
;WIDTH:0.45
G1 F1200
G1 X109.496 Y77.938 E2.11577
G1 X111.559 Y77.938 E2.21499
G1 X111.673 Y78.144 E2.22631
G1 X113.237 Y80.345 E2.35618
G1 X109.556 Y80.345 E2.53322
G1 X109.111 Y80.731 F7800
G1 F1200
G1 X109.111 Y77.552 E2.68612
G1 X111.805 Y77.552 E2.81569
G1 X111.987 Y77.921 E2.83548
G1 X113.862 Y80.559 E2.99114
G1 X114.027 Y80.731 E3.0026
G1 X109.171 Y80.731 E3.23616
G1 X108.725 Y81.116 F7800
;TYPE:External perimeter
G1 F1200
G1 X108.725 Y77.261 E3.42157
;TYPE:Overhang perimeter
;WIDTH:0.4
;HEIGHT:0.4
M106 S255
G1 X108.725 Y77.166 E3.42653
G1 X112.052 Y77.166 E3.60035
G1 X112.096 Y77.261 E3.60582
M106 S221.85
;TYPE:External perimeter
;WIDTH:0.45
;HEIGHT:0.3
G1 X112.283 Y77.667 E3.62732
G1 X114.187 Y80.351 E3.78559
G1 X114.995 Y81.116 E3.83911
G1 X108.785 Y81.116 E4.13779
G1 X108.726 Y80.721 F7800
G1 E2.13779 F2400
G92 E0
G1 X109.785 Y78.227 F7800
G1 E2 F2400
;TYPE:Solid infill
G1 F1200
G1 X111.387 Y78.227 E2.07705
G1 X112.676 Y80.056 E2.18467
G1 X109.785 Y80.056 E2.32372
G1 X109.785 Y78.42 E2.40241
G1 X110.171 Y78.612 E2.42315
G1 X111.177 Y78.612 E2.47154
G1 X111.929 Y79.67 E2.53397
G1 X110.171 Y79.67 E2.61852
G1 X110.171 Y78.805 E2.66012
G1 X110.532 Y78.973 E2.67927
;WIDTH:0.400512
G1 X110.991 Y78.973 E2.69851
G1 X111.23 Y79.309 E2.7158
G1 X110.532 Y79.309 E2.74506
G1 X110.532 Y79.166 E2.75106
;LAYER_CHANGE
;Z:4.55
;HEIGHT:0.3
G1 E.75106 F2400
G92 E0
G1 Z4.55 F7800
;AFTER_LAYER_CHANGE
;4.55
G1 X125.062 Y135.576
G1 E2 F2400
;TYPE:Perimeter
;WIDTH:0.564817
G1 F1500
G1 X125 Y135.677 E2.0074
G1 X124.816 Y135.381 E2.02915
G1 X124.666 Y135.336 E2.03892
;WIDTH:0.524044
G1 X124.517 Y135.29 E2.04786
;WIDTH:0.483271
G1 X124.367 Y135.245 E2.05604
;WIDTH:0.442498
G1 X124.217 Y135.2 E2.06343
;WIDTH:0.401725
G1 X124.067 Y135.155 E2.07002
;WIDTH:0.360953
G1 X109.452 Y135.155 E2.61063
G1 X109.452 Y134.859 E2.62158
G1 X124.067 Y134.859 E3.16219
;WIDTH:0.401725
G1 X124.253 Y134.879 E3.17006
;WIDTH:0.442498
G1 X124.44 Y134.899 E3.17893
;WIDTH:0.483271
G1 X124.627 Y134.92 E3.18876
;WIDTH:0.524044
G1 X124.813 Y134.94 E3.19949
;WIDTH:0.564817
G1 X125 Y134.96 E3.21123
G1 X125.187 Y134.94 E3.22297
;WIDTH:0.524044
G1 X125.373 Y134.92 E3.2337
;WIDTH:0.483271
G1 X125.56 Y134.899 E3.24353
;WIDTH:0.442498
G1 X125.747 Y134.879 E3.2524
;WIDTH:0.401725
G1 X125.933 Y134.859 E3.26027
;WIDTH:0.360953
G1 X140.548 Y134.859 E3.80088
G1 X140.548 Y135.155 E3.81183
G1 X125.8 Y135.155 E4.35736
;WIDTH:0.401725
G1 X125.677 Y135.2 E4.36287
;WIDTH:0.442498
G1 X125.554 Y135.245 E4.36905
;WIDTH:0.483271
G1 X125.43 Y135.29 E4.37594
;WIDTH:0.524044
G1 X125.307 Y135.336 E4.38347
;WIDTH:0.564817
G1 X125.184 Y135.381 E4.39164
G1 X125.094 Y135.525 E4.40224
G1 X125.044 Y136.229 F7800
;WIDTH:0.413499
G1 F1200
G1 X125.022 Y136.267 E4.40415
G1 X124.956 Y136.229 E4.40747
G1 X125.022 Y136.191 E4.41079
G1 X125.44 Y135.793 F7800
;WIDTH:0.45
G1 F1500
G1 X125.392 Y135.869 E4.41511
G1 X125.362 Y136.169 E4.42961
G1 X125.572 Y136.596 E4.4525
G1 X124.428 Y136.596 E4.50752
G1 X124.638 Y136.169 E4.53041
G1 X124.608 Y135.869 E4.54491
G1 X124.491 Y135.682 E4.55552
G1 X124.067 Y135.496 E4.57779
G1 X109.111 Y135.496 E5.29712
G1 X109.111 Y134.517 E5.34421
G1 X140.889 Y134.517 E6.87262
G1 X140.889 Y135.496 E6.91971
G1 X125.849 Y135.496 E7.64308
G1 X125.509 Y135.682 E7.66172
G1 X125.471 Y135.742 E7.66514
G1 X125.782 Y135.982 F7800
;TYPE:External perimeter
G1 F1500
G1 X125.753 Y136.006 E7.66695
G1 X125.768 Y136.174 E7.67506
G1 X126.253 Y136.982 E7.72039
G1 X123.747 Y136.982 E7.84092
G1 X124.257 Y136.106 E7.88967
G1 X124.208 Y135.944 E7.89781
G1 X124.067 Y135.882 E7.90522
G1 X108.725 Y135.882 E8.64312
G1 X108.725 Y134.132 E8.72729
G1 X141.275 Y134.132 E10.29283
G1 X141.275 Y135.882 E10.377
G1 X125.903 Y135.882 E11.11634
G1 X125.829 Y135.944 E11.12098
G1 X125.867 Y136.342 F7800
G1 E9.12098 F2400
G92 E0
G1 X140.504 Y79.826 F7800
G1 E2 F2400
;TYPE:Perimeter
G1 F1200
G1 X137.256 Y79.826 E2.15622
G1 X138.379 Y78.245 E2.24949
G1 X138.762 Y77.418 E2.29332
G1 X140.504 Y77.418 E2.3771
G1 X140.504 Y79.766 E2.49003
G1 X140.889 Y80.211 F7800
G1 F1200
G1 X136.508 Y80.211 E2.70074
G1 X138.044 Y78.051 E2.82822
G1 X138.515 Y77.032 E2.88221
G1 X140.889 Y77.032 E2.99639
G1 X140.889 Y80.151 E3.1464
G1 X141.275 Y80.597 F7800
;TYPE:External perimeter
G1 F1200
G1 X135.736 Y80.597 E3.41281
G1 X135.824 Y80.509 E3.4188
G1 X137.709 Y77.856 E3.57533
G1 X138.225 Y76.741 E3.63442
;TYPE:Overhang perimeter
;WIDTH:0.4
;HEIGHT:0.4
M106 S255
G1 X138.269 Y76.647 E3.63984
G1 X141.275 Y76.647 E3.79689
G1 X141.275 Y76.741 E3.8018
M106 S221.85
;TYPE:External perimeter
;WIDTH:0.45
;HEIGHT:0.3
G1 X141.275 Y80.537 E3.98437
G1 X140.879 Y80.596 F7800
G1 E1.98437 F2400
G92 E0
G1 X137.816 Y79.536 F7800
G1 E2 F2400
;TYPE:Solid infill
G1 F1200
G1 X138.57 Y78.475 E2.0626
G1 X138.944 Y77.707 E2.10369
G1 X140.215 Y77.707 E2.16482
G1 X140.215 Y79.536 E2.25279
G1 X138.009 Y79.536 E2.35889
G1 X138.563 Y79.151 E2.39134
G1 X138.924 Y78.629 E2.42187
G1 X139.185 Y78.093 E2.45054
G1 X139.829 Y78.093 E2.48151
G1 X139.829 Y79.151 E2.5324
G1 X138.756 Y79.151 E2.58401
G1 X139.367 Y78.644 F7800
;WIDTH:0.570383
G1 F1200
G1 X139.322 Y78.689 E2.58803
G1 X139.338 Y78.75 E2.59201
G1 X139.4 Y78.766 E2.59605
G1 X139.444 Y78.721 E2.60002
G1 X139.428 Y78.66 E2.604
G1 E.604 F2400
G92 E0
G1 X109.496 Y79.826 F7800
G1 E2 F2400
;TYPE:Perimeter
;WIDTH:0.45
G1 F1200
G1 X109.496 Y77.418 E2.11582
G1 X111.238 Y77.418 E2.1996
G1 X111.673 Y78.318 E2.24768
G1 X112.744 Y79.826 E2.33664
G1 X109.556 Y79.826 E2.48997
G1 X109.111 Y80.211 F7800
G1 F1200
G1 X109.111 Y77.032 E2.64287
G1 X111.485 Y77.032 E2.75705
G1 X111.987 Y78.094 E2.81355
G1 X113.492 Y80.211 E2.93848
G1 X109.171 Y80.211 E3.14631
G1 X108.725 Y80.597 F7800
;TYPE:External perimeter
G1 F1200
G1 X108.725 Y76.741 E3.33177
;TYPE:Overhang perimeter
;WIDTH:0.4
;HEIGHT:0.4
M106 S255
G1 X108.725 Y76.647 E3.33668
G1 X111.731 Y76.647 E3.49373
G1 X111.775 Y76.741 E3.49915
M106 S221.85
;TYPE:External perimeter
;WIDTH:0.45
;HEIGHT:0.3
G1 X112.291 Y77.856 E3.55824
G1 X114.239 Y80.597 E3.71997
G1 X108.785 Y80.597 E3.98229
G1 X108.726 Y80.201 F7800
G1 E1.98229 F2400
G92 E0
G1 X109.785 Y77.9 F7800
G1 E2 F2400
;TYPE:Solid infill
G1 F1200
G1 X109.785 Y79.536 E2.07869
G1 X112.184 Y79.536 E2.19407
G1 X111.441 Y78.49 E2.25578
G1 X111.053 Y77.707 E2.29781
G1 X109.785 Y77.707 E2.3588
G1 X110.171 Y78.093 E2.38506
G1 X110.807 Y78.093 E2.41565
G1 X111.126 Y78.714 E2.44923
G1 X111.437 Y79.151 E2.47503
G1 X110.171 Y79.151 E2.53592
G1 X110.171 Y78.286 E2.57752
G1 X110.598 Y78.647 E2.60441
;WIDTH:0.566103
G1 X110.554 Y78.691 E2.6083
G1 X110.57 Y78.751 E2.61219
G1 X110.631 Y78.768 E2.61615
G1 X110.675 Y78.723 E2.62009
G1 X110.659 Y78.663 E2.62398
M106 S224.4
;LAYER_CHANGE
;Z:4.85
;HEIGHT:0.3
G1 E.62398 F2400
G92 E0
G1 Z4.85 F7800
;AFTER_LAYER_CHANGE
;4.85
G1 X125.062 Y135.576
G1 E2 F2400
;TYPE:Perimeter
;WIDTH:0.564817
G1 F1500
G1 X125 Y135.677 E2.0074
G1 X124.816 Y135.381 E2.02915
G1 X124.666 Y135.336 E2.03892
;WIDTH:0.524044
G1 X124.517 Y135.29 E2.04786
;WIDTH:0.483271
G1 X124.367 Y135.245 E2.05604
;WIDTH:0.442498
G1 X124.217 Y135.2 E2.06343
;WIDTH:0.401725
G1 X124.067 Y135.155 E2.07002
;WIDTH:0.360953
G1 X109.452 Y135.155 E2.61063
G1 X109.452 Y134.859 E2.62158
G1 X124.067 Y134.859 E3.16219
;WIDTH:0.401725
G1 X124.253 Y134.879 E3.17006
;WIDTH:0.442498
G1 X124.44 Y134.899 E3.17893
;WIDTH:0.483271
G1 X124.627 Y134.92 E3.18876
;WIDTH:0.524044
G1 X124.813 Y134.94 E3.19949
;WIDTH:0.564817
G1 X125 Y134.96 E3.21123
G1 X125.187 Y134.94 E3.22297
;WIDTH:0.524044
G1 X125.373 Y134.92 E3.2337
;WIDTH:0.483271
G1 X125.56 Y134.899 E3.24353
;WIDTH:0.442498
G1 X125.747 Y134.879 E3.2524
;WIDTH:0.401725
G1 X125.933 Y134.859 E3.26027
;WIDTH:0.360953
G1 X140.548 Y134.859 E3.80088
G1 X140.548 Y135.155 E3.81183
G1 X125.8 Y135.155 E4.35736
;WIDTH:0.401725
G1 X125.677 Y135.2 E4.36287
;WIDTH:0.442498
G1 X125.554 Y135.245 E4.36905
;WIDTH:0.483271
G1 X125.43 Y135.29 E4.37594
;WIDTH:0.524044
G1 X125.307 Y135.336 E4.38347
;WIDTH:0.564817
G1 X125.184 Y135.381 E4.39164
G1 X125.094 Y135.525 E4.40224
G1 X125.044 Y136.229 F7800
;WIDTH:0.413499
G1 F1200
G1 X125.022 Y136.267 E4.40415
G1 X124.956 Y136.229 E4.40747
G1 X125.022 Y136.191 E4.41079
G1 X125.44 Y135.793 F7800
;WIDTH:0.45
G1 F1500
G1 X125.392 Y135.869 E4.41511
G1 X125.362 Y136.169 E4.42961
G1 X125.572 Y136.596 E4.4525
G1 X124.428 Y136.596 E4.50752
G1 X124.638 Y136.169 E4.53041
G1 X124.608 Y135.869 E4.54491
G1 X124.491 Y135.682 E4.55552
G1 X124.067 Y135.496 E4.57779
G1 X109.111 Y135.496 E5.29712
G1 X109.111 Y134.517 E5.34421
G1 X140.889 Y134.517 E6.87262
G1 X140.889 Y135.496 E6.91971
G1 X125.849 Y135.496 E7.64308
G1 X125.509 Y135.682 E7.66172
G1 X125.471 Y135.742 E7.66514
G1 X125.782 Y135.982 F7800
;TYPE:External perimeter
G1 F1500
G1 X125.753 Y136.006 E7.66695
G1 X125.768 Y136.174 E7.67506
G1 X126.253 Y136.982 E7.72039
G1 X123.747 Y136.982 E7.84092
G1 X124.257 Y136.106 E7.88967
G1 X124.208 Y135.944 E7.89781
G1 X124.067 Y135.882 E7.90522
G1 X108.725 Y135.882 E8.64312
G1 X108.725 Y134.132 E8.72729
G1 X141.275 Y134.132 E10.29283
G1 X141.275 Y135.882 E10.377
G1 X125.903 Y135.882 E11.11634
G1 X125.829 Y135.944 E11.12098
G1 X125.867 Y136.342 F7800
G1 E9.12098 F2400
G92 E0
G1 X140.504 Y79.306 F7800
G1 E2 F2400
;TYPE:Perimeter
G1 F1200
G1 X137.748 Y79.306 E2.13255
G1 X138.416 Y78.337 E2.18916
G1 X139.083 Y76.898 E2.26544
G1 X140.504 Y76.898 E2.33379
G1 X140.504 Y79.246 E2.44672
G1 X140.889 Y79.692 F7800
G1 F1200
G1 X137.001 Y79.692 E2.63372
G1 X138.044 Y78.224 E2.72033
G1 X138.836 Y76.513 E2.81101
G1 X140.889 Y76.513 E2.90975
G1 X140.889 Y79.632 E3.05976
G1 X141.275 Y80.077 F7800
;TYPE:External perimeter
G1 F1200
G1 X136.254 Y80.077 E3.30125
G1 X137.709 Y78.03 E3.42204
G1 X138.546 Y76.222 E3.51786
;TYPE:Overhang perimeter
;WIDTH:0.4
;HEIGHT:0.4
M106 S255
G1 X138.59 Y76.127 E3.52333
G1 X141.275 Y76.127 E3.66361
G1 X141.275 Y76.222 E3.66857
M106 S224.4
;TYPE:External perimeter
;WIDTH:0.45
;HEIGHT:0.3
G1 X141.275 Y80.017 E3.8511
G1 X140.879 Y80.077 F7800
G1 E1.8511 F2400
G92 E0
G1 X140.022 Y77.188 F7800
G1 E2 F2400
;TYPE:Solid infill
G1 F1200
G1 X139.267 Y77.188 E2.03631
G1 X138.681 Y78.455 E2.10345
G1 X138.308 Y79.017 E2.13589
G1 X140.215 Y79.017 E2.22761
G1 X140.215 Y77.188 E2.31558
G1 X139.768 Y77.634 E2.34595
;WIDTH:0.571001
G1 X139.768 Y78.571 E2.40516
G1 X139.119 Y78.571 E2.44617
G1 X139.552 Y77.634 E2.51139
G1 X139.576 Y77.634 E2.51291
G1 E.51291 F2400
G92 E0
G1 X109.496 Y79.306 F7800
G1 E2 F2400
;TYPE:Perimeter
;WIDTH:0.45
G1 F1200
G1 X109.496 Y76.898 E2.11582
G1 X110.917 Y76.898 E2.18417
G1 X111.673 Y78.491 E2.26898
G1 X112.252 Y79.306 E2.31706
G1 X109.556 Y79.306 E2.44673
G1 X109.111 Y79.692 F7800
G1 F1200
G1 X109.111 Y76.513 E2.59963
G1 X111.164 Y76.513 E2.69837
G1 X111.987 Y78.267 E2.79156
G1 X112.999 Y79.692 E2.87562
G1 X109.171 Y79.692 E3.05973
G1 X108.725 Y80.077 F7800
;TYPE:External perimeter
G1 F1200
G1 X108.725 Y76.222 E3.24514
;TYPE:Overhang perimeter
;WIDTH:0.4
;HEIGHT:0.4
M106 S255
G1 X108.725 Y76.127 E3.2501
G1 X111.41 Y76.127 E3.39038
G1 X111.454 Y76.222 E3.39585
M106 S224.4
;TYPE:External perimeter
;WIDTH:0.45
;HEIGHT:0.3
G1 X112.301 Y78.044 E3.49249
G1 X113.746 Y80.077 E3.61245
G1 X108.785 Y80.077 E3.85106
G1 X108.726 Y79.682 F7800
G1 E1.85106 F2400
G92 E0
G1 X109.785 Y77.188 F7800
G1 E2 F2400
;TYPE:Solid infill
G1 F1200
G1 X110.733 Y77.188 E2.0456
G1 X111.335 Y78.482 E2.11424
G1 X111.699 Y79.017 E2.14536
G1 X109.785 Y79.017 E2.23742
G1 X109.785 Y77.38 E2.31615
G1 X110.232 Y77.634 E2.34088
;WIDTH:0.571
G1 X110.448 Y77.634 E2.35453
G1 X110.881 Y78.571 E2.41975
G1 X110.232 Y78.571 E2.46076
G1 X110.232 Y77.827 E2.50777
M106 S226.95
;LAYER_CHANGE
;Z:5.15
;HEIGHT:0.3
G1 E.50777 F2400
G92 E0
G1 Z5.15 F7800
;AFTER_LAYER_CHANGE
;5.15
G1 X125.062 Y135.576
G1 E2 F2400
;TYPE:Perimeter
;WIDTH:0.564817
G1 F1500
G1 X125 Y135.677 E2.0074
G1 X124.816 Y135.381 E2.02915
G1 X124.666 Y135.336 E2.03892
;WIDTH:0.524044
G1 X124.517 Y135.29 E2.04786
;WIDTH:0.483271
G1 X124.367 Y135.245 E2.05604
;WIDTH:0.442498
G1 X124.217 Y135.2 E2.06343
;WIDTH:0.401725
G1 X124.067 Y135.155 E2.07002
;WIDTH:0.360953
G1 X109.452 Y135.155 E2.61063
G1 X109.452 Y134.859 E2.62158
G1 X124.067 Y134.859 E3.16219
;WIDTH:0.401725
G1 X124.253 Y134.879 E3.17006
;WIDTH:0.442498
G1 X124.44 Y134.899 E3.17893
;WIDTH:0.483271
G1 X124.627 Y134.92 E3.18876
;WIDTH:0.524044
G1 X124.813 Y134.94 E3.19949
;WIDTH:0.564817
G1 X125 Y134.96 E3.21123
G1 X125.187 Y134.94 E3.22297
;WIDTH:0.524044
G1 X125.373 Y134.92 E3.2337
;WIDTH:0.483271
G1 X125.56 Y134.899 E3.24353
;WIDTH:0.442498
G1 X125.747 Y134.879 E3.2524
;WIDTH:0.401725
G1 X125.933 Y134.859 E3.26027
;WIDTH:0.360953
G1 X140.548 Y134.859 E3.80088
G1 X140.548 Y135.155 E3.81183
G1 X125.8 Y135.155 E4.35736
;WIDTH:0.401725
G1 X125.677 Y135.2 E4.36287
;WIDTH:0.442498
G1 X125.554 Y135.245 E4.36905
;WIDTH:0.483271
G1 X125.43 Y135.29 E4.37594
;WIDTH:0.524044
G1 X125.307 Y135.336 E4.38347
;WIDTH:0.564817
G1 X125.184 Y135.381 E4.39164
G1 X125.094 Y135.525 E4.40224
G1 X125.044 Y136.229 F7800
;WIDTH:0.413499
G1 F1200
G1 X125.022 Y136.267 E4.40415
G1 X124.956 Y136.229 E4.40747
G1 X125.022 Y136.191 E4.41079
G1 X125.44 Y135.793 F7800
;WIDTH:0.45
G1 F1500
G1 X125.392 Y135.869 E4.41511
G1 X125.362 Y136.169 E4.42961
G1 X125.572 Y136.596 E4.4525
G1 X124.428 Y136.596 E4.50752
G1 X124.638 Y136.169 E4.53041
G1 X124.608 Y135.869 E4.54491
G1 X124.491 Y135.682 E4.55552
G1 X124.067 Y135.496 E4.57779
G1 X109.111 Y135.496 E5.29712
G1 X109.111 Y134.517 E5.34421
G1 X140.889 Y134.517 E6.87262
G1 X140.889 Y135.496 E6.91971
G1 X125.849 Y135.496 E7.64308
G1 X125.509 Y135.682 E7.66172
G1 X125.471 Y135.742 E7.66514
G1 X125.782 Y135.982 F7800
;TYPE:External perimeter
G1 F1500
G1 X125.753 Y136.006 E7.66695
G1 X125.768 Y136.174 E7.67506
G1 X126.253 Y136.982 E7.72039
G1 X123.747 Y136.982 E7.84092
G1 X124.257 Y136.106 E7.88967
G1 X124.208 Y135.944 E7.89781
G1 X124.067 Y135.882 E7.90522
G1 X108.725 Y135.882 E8.64312
G1 X108.725 Y134.132 E8.72729
G1 X141.275 Y134.132 E10.29283
G1 X141.275 Y135.882 E10.377
G1 X125.903 Y135.882 E11.11634
G1 X125.829 Y135.944 E11.12098
G1 X125.867 Y136.342 F7800
G1 E9.12098 F2400
G92 E0
G1 X140.504 Y78.786 F7800
G1 E2 F2400
;TYPE:Perimeter
G1 F1200
G1 X138.24 Y78.786 E2.10889
G1 X138.416 Y78.511 E2.12459
G1 X139.403 Y76.379 E2.23759
G1 X140.504 Y76.379 E2.29054
G1 X140.504 Y78.726 E2.40342
G1 X140.889 Y79.172 F7800
G1 F1200
G1 X137.493 Y79.172 E2.56676
G1 X138.066 Y78.349 E2.61499
G1 X139.157 Y75.993 E2.73987
G1 X140.889 Y75.993 E2.82317
G1 X140.889 Y79.112 E2.97318
G1 X141.275 Y79.558 F7800
;TYPE:External perimeter
G1 F1200
G1 X136.746 Y79.558 E3.19101
G1 X137.709 Y78.203 E3.27096
G1 X138.867 Y75.702 E3.40352
;TYPE:Overhang perimeter
;WIDTH:0.4
;HEIGHT:0.4
M106 S255
G1 X138.91 Y75.608 E3.40892
G1 X141.275 Y75.608 E3.53248
G1 X141.275 Y75.702 E3.53739
M106 S226.95
;TYPE:External perimeter
;WIDTH:0.45
;HEIGHT:0.3
G1 X141.275 Y79.498 E3.71996
G1 X140.879 Y79.557 F7800
G1 E1.71996 F2400
G92 E0
G1 X138.743 Y78.496 F7800
G1 E2 F2400
;TYPE:Solid infill
G1 F1200
G1 X139.588 Y76.668 E2.09686
G1 X140.215 Y76.668 E2.12702
G1 X140.215 Y78.497 E2.21499
G1 X138.936 Y78.496 E2.27651
G1 X139.343 Y78.113 E2.30339
;WIDTH:0.445545
G1 X139.831 Y77.056 E2.35874
G1 X139.831 Y78.113 E2.40899
G1 X139.535 Y78.113 E2.42306
G1 E.42306 F2400
G92 E0
G1 X109.496 Y78.786 F7800
G1 E2 F2400
;TYPE:Perimeter
;WIDTH:0.45
G1 F1200
G1 X109.496 Y76.379 E2.11577
G1 X110.597 Y76.379 E2.16872
G1 X111.584 Y78.511 E2.28172
G1 X111.76 Y78.786 E2.29742
G1 X109.556 Y78.786 E2.40342
G1 X109.111 Y79.172 F7800
G1 F1200
G1 X109.111 Y75.993 E2.55632
G1 X110.843 Y75.993 E2.63962
G1 X111.956 Y78.397 E2.76703
G1 X112.507 Y79.172 E2.81277
G1 X109.171 Y79.172 E2.97322
G1 X108.725 Y79.558 F7800
;TYPE:External perimeter
G1 F1200
G1 X108.725 Y75.702 E3.15868
;TYPE:Overhang perimeter
;WIDTH:0.4
;HEIGHT:0.4
M106 S255
G1 X108.725 Y75.608 E3.16359
G1 X111.09 Y75.608 E3.28715
G1 X111.133 Y75.702 E3.29255
M106 S226.95
;TYPE:External perimeter
;WIDTH:0.45
;HEIGHT:0.3
G1 X112.291 Y78.203 E3.42511
G1 X113.254 Y79.558 E3.50506
G1 X108.785 Y79.558 E3.72
G1 X108.726 Y79.162 F7800
G1 X109.785 Y78.497
;TYPE:Solid infill
G1 F1200
G1 X109.785 Y76.668 E3.80797
G1 X110.412 Y76.668 E3.83813
G1 X111.257 Y78.496 E3.93499
G1 X109.978 Y78.497 E3.99651
G1 X110.169 Y77.249 F7800
;WIDTH:0.445534
G1 F1200
G1 X110.169 Y78.113 E4.03758
G1 X110.657 Y78.113 E4.06078
G1 X110.169 Y77.056 E4.11613
;LAYER_CHANGE
;Z:5.45
;HEIGHT:0.3
G1 E2.11613 F2400
G92 E0
G1 Z5.45 F7800
;AFTER_LAYER_CHANGE
;5.45
G1 X125.062 Y135.576
G1 E2 F2400
;TYPE:Perimeter
;WIDTH:0.564817
G1 F1500
G1 X125 Y135.677 E2.0074
G1 X124.816 Y135.381 E2.02915
G1 X124.666 Y135.336 E2.03892
;WIDTH:0.524044
G1 X124.517 Y135.29 E2.04786
;WIDTH:0.483271
G1 X124.367 Y135.245 E2.05604
;WIDTH:0.442498
G1 X124.217 Y135.2 E2.06343
;WIDTH:0.401725
G1 X124.067 Y135.155 E2.07002
;WIDTH:0.360953
G1 X109.452 Y135.155 E2.61063
G1 X109.452 Y134.859 E2.62158
G1 X124.067 Y134.859 E3.16219
;WIDTH:0.401725
G1 X124.253 Y134.879 E3.17006
;WIDTH:0.442498
G1 X124.44 Y134.899 E3.17893
;WIDTH:0.483271
G1 X124.627 Y134.92 E3.18876
;WIDTH:0.524044
G1 X124.813 Y134.94 E3.19949
;WIDTH:0.564817
G1 X125 Y134.96 E3.21123
G1 X125.187 Y134.94 E3.22297
;WIDTH:0.524044
G1 X125.373 Y134.92 E3.2337
;WIDTH:0.483271
G1 X125.56 Y134.899 E3.24353
;WIDTH:0.442498
G1 X125.747 Y134.879 E3.2524
;WIDTH:0.401725
G1 X125.933 Y134.859 E3.26027
;WIDTH:0.360953
G1 X140.548 Y134.859 E3.80088
G1 X140.548 Y135.155 E3.81183
G1 X125.8 Y135.155 E4.35736
;WIDTH:0.401725
G1 X125.677 Y135.2 E4.36287
;WIDTH:0.442498
G1 X125.554 Y135.245 E4.36905
;WIDTH:0.483271
G1 X125.43 Y135.29 E4.37594
;WIDTH:0.524044
G1 X125.307 Y135.336 E4.38347
;WIDTH:0.564817
G1 X125.184 Y135.381 E4.39164
G1 X125.094 Y135.525 E4.40224
G1 X125.044 Y136.229 F7800
;WIDTH:0.413499
G1 F1200
G1 X125.022 Y136.267 E4.40415
G1 X124.956 Y136.229 E4.40747
G1 X125.022 Y136.191 E4.41079
G1 X125.44 Y135.793 F7800
;WIDTH:0.45
G1 F1500
G1 X125.392 Y135.869 E4.41511
G1 X125.362 Y136.169 E4.42961
G1 X125.572 Y136.596 E4.4525
G1 X124.428 Y136.596 E4.50752
G1 X124.638 Y136.169 E4.53041
G1 X124.608 Y135.869 E4.54491
G1 X124.491 Y135.682 E4.55552
G1 X124.067 Y135.496 E4.57779
G1 X109.111 Y135.496 E5.29712
G1 X109.111 Y134.517 E5.34421
G1 X140.889 Y134.517 E6.87262
G1 X140.889 Y135.496 E6.91971
G1 X125.849 Y135.496 E7.64308
G1 X125.509 Y135.682 E7.66172
G1 X125.471 Y135.742 E7.66514
G1 X125.782 Y135.982 F7800
;TYPE:External perimeter
G1 F1500
G1 X125.753 Y136.006 E7.66695
G1 X125.768 Y136.174 E7.67506
G1 X126.253 Y136.982 E7.72039
G1 X123.747 Y136.982 E7.84092
G1 X124.257 Y136.106 E7.88967
G1 X124.208 Y135.944 E7.89781
G1 X124.067 Y135.882 E7.90522
G1 X108.725 Y135.882 E8.64312
G1 X108.725 Y134.132 E8.72729
G1 X141.275 Y134.132 E10.29283
G1 X141.275 Y135.882 E10.377
G1 X125.903 Y135.882 E11.11634
G1 X125.829 Y135.944 E11.12098
G1 X125.867 Y136.342 F7800
G1 E9.12098 F2400
G92 E0
G1 X140.504 Y78.267 F7800
G1 E2 F2400
;TYPE:Perimeter
G1 F1200
G1 X138.609 Y78.267 E2.09114
G1 X139.724 Y75.859 E2.21877
G1 X140.504 Y75.859 E2.25629
G1 X140.504 Y78.207 E2.36922
G1 X140.889 Y78.652 F7800
G1 F1200
G1 X137.986 Y78.652 E2.50884
G1 X138.066 Y78.522 E2.51618
G1 X139.474 Y75.474 E2.67766
G1 X140.889 Y75.474 E2.74572
G1 X140.889 Y78.592 E2.89568
G1 X141.275 Y79.038 F7800
;TYPE:External perimeter
G1 F1200
G1 X137.239 Y79.038 E3.0898
G1 X137.717 Y78.36 E3.1297
G1 X139.11 Y75.35 E3.28922
G1 X139.156 Y75.183 E3.29755
;TYPE:Overhang perimeter
;WIDTH:0.4
;HEIGHT:0.4
M106 S255
G1 X139.182 Y75.088 E3.3027
G1 X141.275 Y75.088 E3.41205
G1 X141.275 Y75.183 E3.41701
M106 S226.95
;TYPE:External perimeter
;WIDTH:0.45
;HEIGHT:0.3
G1 X141.275 Y78.978 E3.59954
G1 X140.879 Y79.037 F7800
G1 E1.59954 F2400
G92 E0
G1 X140.022 Y76.148 F7800
G1 E2 F2400
;TYPE:Solid infill
G1 F1200
G1 X139.909 Y76.148 E2.00543
G1 X139.062 Y77.978 E2.10242
G1 X140.215 Y77.978 E2.15788
G1 X140.215 Y76.148 E2.2459
G1 X139.827 Y77.512 F7800
;WIDTH:0.577465
G1 F1200
G1 X139.782 Y77.466 E2.25002
G1 X139.72 Y77.483 E2.25413
G1 X139.703 Y77.545 E2.25824
G1 X139.749 Y77.59 E2.26236
G1 X139.811 Y77.574 E2.26646
G1 E.26646 F2400
G92 E0
G1 X109.496 Y78.267 F7800
G1 E2 F2400
;TYPE:Perimeter
;WIDTH:0.45
G1 F1200
G1 X109.496 Y75.859 E2.11582
G1 X110.276 Y75.859 E2.15334
G1 X111.391 Y78.267 E2.28097
G1 X109.556 Y78.267 E2.36923
G1 X109.111 Y78.652 F7800
G1 F1200
G1 X109.111 Y75.474 E2.52208
G1 X110.48 Y75.474 E2.58792
G1 X110.54 Y75.512 E2.59134
G1 X111.994 Y78.652 E2.75777
G1 X109.171 Y78.652 E2.89355
G1 X108.725 Y79.038 F7800
;TYPE:External perimeter
G1 F1200
G1 X108.725 Y75.183 E3.07896
;TYPE:Overhang perimeter
;WIDTH:0.4
;HEIGHT:0.4
M106 S255
G1 X108.725 Y75.088 E3.08392
G1 X110.818 Y75.088 E3.19327
G1 X110.844 Y75.183 E3.19842
M106 S226.95
;TYPE:External perimeter
;WIDTH:0.45
;HEIGHT:0.3
G1 X110.89 Y75.35 E3.20675
G1 X112.291 Y78.376 E3.36713
G1 X112.761 Y79.038 E3.40618
G1 X108.785 Y79.038 E3.59741
G1 X108.726 Y78.642 F7800
G1 E1.59741 F2400
G92 E0
G1 X109.785 Y76.148 F7800
G1 E2 F2400
;TYPE:Solid infill
G1 F1200
G1 X110.091 Y76.148 E2.01472
G1 X110.938 Y77.978 E2.11171
G1 X109.785 Y77.978 E2.16717
G1 X109.785 Y76.341 E2.2459
G1 X110.297 Y77.512 F7800
;WIDTH:0.577463
G1 F1200
G1 X110.251 Y77.466 E2.25006
G1 X110.189 Y77.483 E2.25417
G1 X110.173 Y77.545 E2.25827
G1 X110.218 Y77.59 E2.26234
G1 X110.28 Y77.574 E2.26644
M106 S229.5
;LAYER_CHANGE
;Z:5.75
;HEIGHT:0.3
G1 E.26644 F2400
G92 E0
G1 Z5.75 F7800
;AFTER_LAYER_CHANGE
;5.75
G1 X125.062 Y135.576
G1 E2 F2400
;TYPE:Perimeter
;WIDTH:0.564817
G1 F1500
G1 X125 Y135.677 E2.0074
G1 X124.816 Y135.381 E2.02915
G1 X124.666 Y135.336 E2.03892
;WIDTH:0.524044
G1 X124.517 Y135.29 E2.04786
;WIDTH:0.483271
G1 X124.367 Y135.245 E2.05604
;WIDTH:0.442498
G1 X124.217 Y135.2 E2.06343
;WIDTH:0.401725
G1 X124.067 Y135.155 E2.07002
;WIDTH:0.360953
G1 X109.452 Y135.155 E2.61063
G1 X109.452 Y134.859 E2.62158
G1 X124.067 Y134.859 E3.16219
;WIDTH:0.401725
G1 X124.253 Y134.879 E3.17006
;WIDTH:0.442498
G1 X124.44 Y134.899 E3.17893
;WIDTH:0.483271
G1 X124.627 Y134.92 E3.18876
;WIDTH:0.524044
G1 X124.813 Y134.94 E3.19949
;WIDTH:0.564817
G1 X125 Y134.96 E3.21123
G1 X125.187 Y134.94 E3.22297
;WIDTH:0.524044
G1 X125.373 Y134.92 E3.2337
;WIDTH:0.483271
G1 X125.56 Y134.899 E3.24353
;WIDTH:0.442498
G1 X125.747 Y134.879 E3.2524
;WIDTH:0.401725
G1 X125.933 Y134.859 E3.26027
;WIDTH:0.360953
G1 X140.548 Y134.859 E3.80088
G1 X140.548 Y135.155 E3.81183
G1 X125.8 Y135.155 E4.35736
;WIDTH:0.401725
G1 X125.677 Y135.2 E4.36287
;WIDTH:0.442498
G1 X125.554 Y135.245 E4.36905
;WIDTH:0.483271
G1 X125.43 Y135.29 E4.37594
;WIDTH:0.524044
G1 X125.307 Y135.336 E4.38347
;WIDTH:0.564817
G1 X125.184 Y135.381 E4.39164
G1 X125.094 Y135.525 E4.40224
G1 X125.044 Y136.229 F7800
;WIDTH:0.413499
G1 F1200
G1 X125.022 Y136.267 E4.40415
G1 X124.956 Y136.229 E4.40747
G1 X125.022 Y136.191 E4.41079
G1 X125.44 Y135.793 F7800
;WIDTH:0.45
G1 F1500
G1 X125.392 Y135.869 E4.41511
G1 X125.362 Y136.169 E4.42961
G1 X125.572 Y136.596 E4.4525
G1 X124.428 Y136.596 E4.50752
G1 X124.638 Y136.169 E4.53041
G1 X124.608 Y135.869 E4.54491
G1 X124.491 Y135.682 E4.55552
G1 X124.067 Y135.496 E4.57779
G1 X109.111 Y135.496 E5.29712
G1 X109.111 Y134.517 E5.34421
G1 X140.889 Y134.517 E6.87262
G1 X140.889 Y135.496 E6.91971
G1 X125.849 Y135.496 E7.64308
G1 X125.509 Y135.682 E7.66172
G1 X125.471 Y135.742 E7.66514
G1 X125.782 Y135.982 F7800
;TYPE:External perimeter
G1 F1500
G1 X125.753 Y136.006 E7.66695
G1 X125.768 Y136.174 E7.67506
G1 X126.253 Y136.982 E7.72039
G1 X123.747 Y136.982 E7.84092
G1 X124.257 Y136.106 E7.88967
G1 X124.208 Y135.944 E7.89781
G1 X124.067 Y135.882 E7.90522
G1 X108.725 Y135.882 E8.64312
G1 X108.725 Y134.132 E8.72729
G1 X141.275 Y134.132 E10.29283
G1 X141.275 Y135.882 E10.377
G1 X125.903 Y135.882 E11.11634
G1 X125.829 Y135.944 E11.12098
G1 X125.867 Y136.342 F7800
G1 E9.12098 F2400
G92 E0
G1 X140.504 Y77.747 F7800
G1 E2 F2400
;TYPE:Perimeter
G1 F1200
G1 X138.93 Y77.747 E2.0757
G1 X139.81 Y75.847 E2.17641
G1 X139.959 Y75.34 E2.20183
G1 X140.504 Y75.34 E2.22804
G1 X140.504 Y77.687 E2.34092
G1 X140.889 Y78.133 F7800
G1 F1200
G1 X138.327 Y78.133 E2.46414
G1 X139.481 Y75.639 E2.59631
G1 X139.661 Y74.954 E2.63037
G1 X140.889 Y74.954 E2.68943
G1 X140.889 Y78.073 E2.83944
G1 X141.275 Y78.518 F7800
;TYPE:External perimeter
G1 F1200
G1 X137.723 Y78.518 E3.01028
G1 X139.117 Y75.508 E3.16982
G1 X139.339 Y74.663 E3.21184
;TYPE:Overhang perimeter
;WIDTH:0.4
;HEIGHT:0.4
M106 S255
G1 X139.364 Y74.568 E3.21697
G1 X141.275 Y74.568 E3.31681
G1 X141.275 Y74.663 E3.32177
M106 S229.5
;TYPE:External perimeter
;WIDTH:0.45
;HEIGHT:0.3
G1 X141.275 Y78.458 E3.5043
G1 X140.879 Y78.518 F7800
G1 X139.486 Y77.392
;TYPE:Solid infill
;WIDTH:0.581501
G1 F1200
G1 X140.149 Y75.96 E3.60608
G1 X140.149 Y77.392 E3.69844
G1 X139.678 Y77.392 E3.72882
G1 E1.72882 F2400
G92 E0
G1 X109.496 Y77.747 F7800
G1 E2 F2400
;TYPE:Perimeter
;WIDTH:0.45
G1 F1200
G1 X109.496 Y75.34 E2.11577
G1 X110.041 Y75.34 E2.14198
G1 X110.19 Y75.847 E2.1674
G1 X111.07 Y77.747 E2.26811
G1 X109.556 Y77.747 E2.34093
G1 X109.111 Y78.133 F7800
G1 F1200
G1 X109.111 Y74.954 E2.49383
G1 X110.339 Y74.954 E2.55289
G1 X110.54 Y75.685 E2.58935
G1 X111.673 Y78.133 E2.71909
G1 X109.171 Y78.133 E2.83943
G1 X108.725 Y78.518 F7800
;TYPE:External perimeter
G1 F1200
G1 X108.725 Y74.663 E3.02484
;TYPE:Overhang perimeter
;WIDTH:0.4
;HEIGHT:0.4
M106 S255
G1 X108.725 Y74.568 E3.0298
G1 X110.636 Y74.568 E3.12964
G1 X110.661 Y74.663 E3.13477
M106 S229.5
;TYPE:External perimeter
;WIDTH:0.45
;HEIGHT:0.3
G1 X110.89 Y75.523 E3.17757
G1 X112.277 Y78.518 E3.33632
G1 X108.785 Y78.518 E3.50427
G1 X108.726 Y78.123 F7800
G1 X109.851 Y77.134
;TYPE:Solid infill
;WIDTH:0.5815
G1 F1200
G1 X109.851 Y75.96 E3.57999
G1 X110.514 Y77.392 E3.68177
G1 X109.851 Y77.392 E3.72453
G1 X109.851 Y77.326 E3.72879
;LAYER_CHANGE
;Z:6.05
;HEIGHT:0.3
G1 E1.72879 F2400
G92 E0
G1 Z6.05 F7800
;AFTER_LAYER_CHANGE
;6.05
G1 X125.062 Y135.576
G1 E2 F2400
;TYPE:Perimeter
;WIDTH:0.564817
G1 F1500
G1 X125 Y135.677 E2.0074
G1 X124.816 Y135.381 E2.02915
G1 X124.666 Y135.336 E2.03892
;WIDTH:0.524044
G1 X124.517 Y135.29 E2.04786
;WIDTH:0.483271
G1 X124.367 Y135.245 E2.05604
;WIDTH:0.442498
G1 X124.217 Y135.2 E2.06343
;WIDTH:0.401725
G1 X124.067 Y135.155 E2.07002
;WIDTH:0.360953
G1 X109.452 Y135.155 E2.61063
G1 X109.452 Y134.859 E2.62158
G1 X124.067 Y134.859 E3.16219
;WIDTH:0.401725
G1 X124.253 Y134.879 E3.17006
;WIDTH:0.442498
G1 X124.44 Y134.899 E3.17893
;WIDTH:0.483271
G1 X124.627 Y134.92 E3.18876
;WIDTH:0.524044
G1 X124.813 Y134.94 E3.19949
;WIDTH:0.564817
G1 X125 Y134.96 E3.21123
G1 X125.187 Y134.94 E3.22297
;WIDTH:0.524044
G1 X125.373 Y134.92 E3.2337
;WIDTH:0.483271
G1 X125.56 Y134.899 E3.24353
;WIDTH:0.442498
G1 X125.747 Y134.879 E3.2524
;WIDTH:0.401725
G1 X125.933 Y134.859 E3.26027
;WIDTH:0.360953
G1 X140.548 Y134.859 E3.80088
G1 X140.548 Y135.155 E3.81183
G1 X125.8 Y135.155 E4.35736
;WIDTH:0.401725
G1 X125.677 Y135.2 E4.36287
;WIDTH:0.442498
G1 X125.554 Y135.245 E4.36905
;WIDTH:0.483271
G1 X125.43 Y135.29 E4.37594
;WIDTH:0.524044
G1 X125.307 Y135.336 E4.38347
;WIDTH:0.564817
G1 X125.184 Y135.381 E4.39164
G1 X125.094 Y135.525 E4.40224
G1 X125.044 Y136.229 F7800
;WIDTH:0.413499
G1 F1200
G1 X125.022 Y136.267 E4.40415
G1 X124.956 Y136.229 E4.40747
G1 X125.022 Y136.191 E4.41079
G1 X125.44 Y135.793 F7800
;WIDTH:0.45
G1 F1500
G1 X125.392 Y135.869 E4.41511
G1 X125.362 Y136.169 E4.42961
G1 X125.572 Y136.596 E4.4525
G1 X124.428 Y136.596 E4.50752
G1 X124.638 Y136.169 E4.53041
G1 X124.608 Y135.869 E4.54491
G1 X124.491 Y135.682 E4.55552
G1 X124.067 Y135.496 E4.57779
G1 X109.111 Y135.496 E5.29712
G1 X109.111 Y134.517 E5.34421
G1 X140.889 Y134.517 E6.87262
G1 X140.889 Y135.496 E6.91971
G1 X125.849 Y135.496 E7.64308
G1 X125.509 Y135.682 E7.66172
G1 X125.471 Y135.742 E7.66514
G1 X125.782 Y135.982 F7800
;TYPE:External perimeter
G1 F1500
G1 X125.753 Y136.006 E7.66695
G1 X125.768 Y136.174 E7.67506
G1 X126.253 Y136.982 E7.72039
G1 X123.747 Y136.982 E7.84092
G1 X124.257 Y136.106 E7.88967
G1 X124.208 Y135.944 E7.89781
G1 X124.067 Y135.882 E7.90522
G1 X108.725 Y135.882 E8.64312
G1 X108.725 Y134.132 E8.72729
G1 X141.275 Y134.132 E10.29283
G1 X141.275 Y135.882 E10.377
G1 X125.903 Y135.882 E11.11634
G1 X125.829 Y135.944 E11.12098
G1 X125.867 Y136.342 F7800
G1 E9.12098 F2400
G92 E0
G1 X140.504 Y77.227 F7800
G1 E2 F2400
;TYPE:Perimeter
G1 F1200
G1 X139.251 Y77.227 E2.06026
G1 X139.867 Y75.86 E2.13238
G1 X140.141 Y74.82 E2.18411
G1 X140.504 Y74.82 E2.20157
G1 X140.504 Y77.167 E2.31445
G1 X140.889 Y77.613 F7800
G1 F1200
G1 X138.647 Y77.613 E2.42228
G1 X139.494 Y75.762 E2.52018
G1 X139.843 Y74.434 E2.58622
G1 X140.889 Y74.434 E2.63653
G1 X140.889 Y77.553 E2.78654
G1 X141.275 Y77.999 F7800
;TYPE:External perimeter
G1 F1200
G1 X138.044 Y77.999 E2.94194
G1 X139.121 Y75.664 E3.06562
G1 X139.521 Y74.143 E3.14126
;TYPE:Overhang perimeter
;WIDTH:0.4
;HEIGHT:0.4
M106 S255
G1 X139.546 Y74.049 E3.14634
G1 X141.275 Y74.049 E3.23667
G1 X141.275 Y74.143 E3.24158
M106 S229.5
;TYPE:External perimeter
;WIDTH:0.45
;HEIGHT:0.3
G1 X141.275 Y77.939 E3.42415
G1 X140.879 Y77.998 F7800
G1 E1.42415 F2400
G92 E0
G1 X140.211 Y75.812 F7800
G1 E2 F2400
;TYPE:Solid infill
;WIDTH:0.456462
G1 F1200
G1 X140.211 Y76.935 E2.05492
G1 X139.709 Y76.935 E2.07947
G1 X140.073 Y76.147 E2.12192
G1 X140.128 Y75.969 E2.13103
G1 E.13103 F2400
G92 E0
G1 X109.496 Y77.227 F7800
G1 E2 F2400
;TYPE:Perimeter
;WIDTH:0.45
G1 F1200
G1 X109.496 Y74.82 E2.11577
G1 X109.859 Y74.82 E2.13323
G1 X110.19 Y76.02 E2.1931
G1 X110.749 Y77.227 E2.25708
G1 X109.556 Y77.227 E2.31446
G1 X109.111 Y77.613 F7800
G1 F1200
G1 X109.111 Y74.434 E2.46736
G1 X110.157 Y74.434 E2.51767
G1 X110.54 Y75.858 E2.58859
G1 X111.353 Y77.613 E2.68162
G1 X109.171 Y77.613 E2.78657
G1 X108.725 Y77.999 F7800
;TYPE:External perimeter
G1 F1200
G1 X108.725 Y74.143 E2.97203
;TYPE:Overhang perimeter
;WIDTH:0.4
;HEIGHT:0.4
M106 S255
G1 X108.725 Y74.049 E2.97694
G1 X110.454 Y74.049 E3.06727
G1 X110.479 Y74.143 E3.07235
M106 S229.5
;TYPE:External perimeter
;WIDTH:0.45
;HEIGHT:0.3
G1 X110.89 Y75.696 E3.14962
G1 X111.956 Y77.999 E3.27168
G1 X108.785 Y77.999 E3.42419
G1 X108.726 Y77.603 F7800
G1 E1.42419 F2400
G92 E0
G1 X109.806 Y75.809 F7800
G1 E2 F2400
;TYPE:Solid infill
;WIDTH:0.456461
G1 F1200
G1 X109.927 Y76.147 E2.01756
G1 X110.291 Y76.935 E2.06001
G1 X109.789 Y76.935 E2.08456
G1 X109.802 Y76.002 E2.13019
M106 S232.05
;LAYER_CHANGE
;Z:6.35
;HEIGHT:0.3
G1 E.13019 F2400
G92 E0
G1 Z6.35 F7800
;AFTER_LAYER_CHANGE
;6.35
G1 X125.062 Y135.576
G1 E2 F2400
;TYPE:Perimeter
;WIDTH:0.564818
G1 F1500
G1 X125 Y135.677 E2.0074
G1 X124.816 Y135.381 E2.02915
G1 X124.666 Y135.336 E2.03892
;WIDTH:0.524045
G1 X124.517 Y135.29 E2.04786
;WIDTH:0.483272
G1 X124.367 Y135.245 E2.05604
;WIDTH:0.442499
G1 X124.217 Y135.2 E2.06343
;WIDTH:0.401726
G1 X124.067 Y135.155 E2.07002
;WIDTH:0.360954
G1 X109.452 Y135.155 E2.61063
G1 X109.452 Y134.859 E2.62158
G1 X124.067 Y134.859 E3.16219
;WIDTH:0.401726
G1 X124.253 Y134.879 E3.17006
;WIDTH:0.442499
G1 X124.44 Y134.899 E3.17893
;WIDTH:0.483272
G1 X124.627 Y134.92 E3.18876
;WIDTH:0.524045
G1 X124.813 Y134.94 E3.19949
;WIDTH:0.564818
G1 X125 Y134.96 E3.21123
G1 X125.187 Y134.94 E3.22297
;WIDTH:0.524045
G1 X125.373 Y134.92 E3.2337
;WIDTH:0.483272
G1 X125.56 Y134.899 E3.24353
;WIDTH:0.442499
G1 X125.747 Y134.879 E3.2524
;WIDTH:0.401726
G1 X125.933 Y134.859 E3.26027
;WIDTH:0.360954
G1 X140.548 Y134.859 E3.80088
G1 X140.548 Y135.155 E3.81183
G1 X125.8 Y135.155 E4.35736
;WIDTH:0.401726
G1 X125.677 Y135.2 E4.36287
;WIDTH:0.442499
G1 X125.554 Y135.245 E4.36905
;WIDTH:0.483272
G1 X125.43 Y135.29 E4.37594
;WIDTH:0.524045
G1 X125.307 Y135.336 E4.38347
;WIDTH:0.564818
G1 X125.184 Y135.381 E4.39164
G1 X125.094 Y135.525 E4.40224
G1 X125.044 Y136.229 F7800
;WIDTH:0.413499
G1 F1200
G1 X125.022 Y136.267 E4.40415
G1 X124.956 Y136.229 E4.40747
G1 X125.022 Y136.191 E4.41079
G1 X125.44 Y135.793 F7800
;WIDTH:0.45
G1 F1500
G1 X125.392 Y135.869 E4.41511
G1 X125.362 Y136.169 E4.42961
G1 X125.572 Y136.596 E4.4525
G1 X124.428 Y136.596 E4.50752
G1 X124.638 Y136.169 E4.53041
G1 X124.608 Y135.869 E4.54491
G1 X124.491 Y135.682 E4.55552
G1 X124.067 Y135.496 E4.57779
G1 X109.111 Y135.496 E5.29712
G1 X109.111 Y134.517 E5.34421
G1 X140.889 Y134.517 E6.87262
G1 X140.889 Y135.496 E6.91971
G1 X125.849 Y135.496 E7.64308
G1 X125.509 Y135.682 E7.66172
G1 X125.471 Y135.742 E7.66514
G1 X125.782 Y135.982 F7800
;TYPE:External perimeter
G1 F1500
G1 X125.753 Y136.006 E7.66695
G1 X125.768 Y136.174 E7.67506
G1 X126.253 Y136.982 E7.72039
G1 X123.747 Y136.982 E7.84092
G1 X124.257 Y136.106 E7.88967
G1 X124.208 Y135.944 E7.89781
G1 X124.067 Y135.882 E7.90522
G1 X108.725 Y135.882 E8.64312
G1 X108.725 Y134.132 E8.72729
G1 X141.275 Y134.132 E10.29283
G1 X141.275 Y135.882 E10.377
G1 X125.903 Y135.882 E11.11634
G1 X125.829 Y135.944 E11.12098
G1 X125.867 Y136.342 F7800
G1 E9.12098 F2400
G92 E0
G1 X140.418 Y76.623 F7800
G1 E2 F2400
;TYPE:Perimeter
;WIDTH:0.620627
G1 F1200
G1 X139.705 Y76.623 E2.04947
G1 X139.95 Y76.055 E2.09239
G1 X140.388 Y74.386 E2.2121
G1 X140.418 Y74.403 E2.21449
G1 X140.418 Y76.563 E2.36435
G1 X140.889 Y77.094 F7800
;WIDTH:0.45
G1 F1200
G1 X138.968 Y77.094 E2.45674
G1 X139.481 Y75.985 E2.51551
G1 X140.025 Y73.915 E2.61845
G1 X140.889 Y73.915 E2.66001
G1 X140.889 Y77.034 E2.81002
G1 X141.275 Y77.479 F7800
;TYPE:External perimeter
G1 F1200
G1 X138.365 Y77.479 E2.94998
G1 X139.117 Y75.854 E3.0361
G1 X139.703 Y73.624 E3.147
;TYPE:Overhang perimeter
;WIDTH:0.4
;HEIGHT:0.4
M106 S255
G1 X139.728 Y73.529 E3.15213
G1 X141.275 Y73.529 E3.23295
G1 X141.275 Y73.624 E3.23791
M106 S232.05
;TYPE:External perimeter
;WIDTH:0.45
;HEIGHT:0.3
G1 X141.275 Y77.419 E3.42044
G1 X140.879 Y77.478 F7800
G1 E1.42044 F2400
G92 E0
G1 X109.582 Y76.623 F7800
G1 E2 F2400
;TYPE:Perimeter
;WIDTH:0.620627
G1 F1200
G1 X109.582 Y74.403 E2.15402
G1 X109.612 Y74.386 E2.15641
G1 X110.05 Y76.055 E2.27612
G1 X110.295 Y76.623 E2.31904
G1 X109.642 Y76.623 E2.36434
G1 X109.111 Y77.094 F7800
;WIDTH:0.45
G1 F1200
G1 X109.111 Y73.915 E2.51724
G1 X109.975 Y73.915 E2.5588
G1 X110.519 Y75.985 E2.66174
G1 X111.032 Y77.094 E2.72051
G1 X109.171 Y77.094 E2.81002
G1 X108.725 Y77.479 F7800
;TYPE:External perimeter
G1 F1200
G1 X108.725 Y73.624 E2.99543
;TYPE:Overhang perimeter
;WIDTH:0.4
;HEIGHT:0.4
M106 S255
G1 X108.725 Y73.529 E3.00039
G1 X110.272 Y73.529 E3.08121
G1 X110.297 Y73.624 E3.08634
M106 S232.05
;TYPE:External perimeter
;WIDTH:0.45
;HEIGHT:0.3
G1 X110.883 Y75.854 E3.19724
G1 X111.635 Y77.479 E3.28336
G1 X108.785 Y77.479 E3.42044
G1 X108.726 Y77.084 F7800
;LAYER_CHANGE
;Z:6.65
;HEIGHT:0.3
G1 E1.42044 F2400
G92 E0
G1 Z6.65 F7800
;AFTER_LAYER_CHANGE
;6.65
G1 X125.062 Y135.576
G1 E2 F2400
;TYPE:Perimeter
;WIDTH:0.564817
G1 F1500
G1 X125 Y135.677 E2.0074
G1 X124.816 Y135.381 E2.02915
G1 X124.666 Y135.336 E2.03892
;WIDTH:0.524044
G1 X124.517 Y135.29 E2.04786
;WIDTH:0.483271
G1 X124.367 Y135.245 E2.05604
;WIDTH:0.442498
G1 X124.217 Y135.2 E2.06343
;WIDTH:0.401725
G1 X124.067 Y135.155 E2.07002
;WIDTH:0.360953
G1 X109.452 Y135.155 E2.61063
G1 X109.452 Y134.859 E2.62158
G1 X124.067 Y134.859 E3.16219
;WIDTH:0.401725
G1 X124.253 Y134.879 E3.17006
;WIDTH:0.442498
G1 X124.44 Y134.899 E3.17893
;WIDTH:0.483271
G1 X124.627 Y134.92 E3.18876
;WIDTH:0.524044
G1 X124.813 Y134.94 E3.19949
;WIDTH:0.564817
G1 X125 Y134.96 E3.21123
G1 X125.187 Y134.94 E3.22297
;WIDTH:0.524044
G1 X125.373 Y134.92 E3.2337
;WIDTH:0.483271
G1 X125.56 Y134.899 E3.24353
;WIDTH:0.442498
G1 X125.747 Y134.879 E3.2524
;WIDTH:0.401725
G1 X125.933 Y134.859 E3.26027
;WIDTH:0.360953
G1 X140.548 Y134.859 E3.80088
G1 X140.548 Y135.155 E3.81183
G1 X125.8 Y135.155 E4.35736
;WIDTH:0.401725
G1 X125.677 Y135.2 E4.36287
;WIDTH:0.442498
G1 X125.554 Y135.245 E4.36905
;WIDTH:0.483271
G1 X125.43 Y135.29 E4.37594
;WIDTH:0.524044
G1 X125.307 Y135.336 E4.38347
;WIDTH:0.564817
G1 X125.184 Y135.381 E4.39164
G1 X125.094 Y135.525 E4.40224
G1 X125.044 Y136.229 F7800
;WIDTH:0.413499
G1 F1200
G1 X125.022 Y136.267 E4.40415
G1 X124.956 Y136.229 E4.40747
G1 X125.022 Y136.191 E4.41079
G1 X125.44 Y135.793 F7800
;WIDTH:0.45
G1 F1500
G1 X125.392 Y135.869 E4.41511
G1 X125.362 Y136.169 E4.42961
G1 X125.572 Y136.596 E4.4525
G1 X124.428 Y136.596 E4.50752
G1 X124.638 Y136.169 E4.53041
G1 X124.608 Y135.869 E4.54491
G1 X124.491 Y135.682 E4.55552
G1 X124.067 Y135.496 E4.57779
G1 X109.111 Y135.496 E5.29712
G1 X109.111 Y134.517 E5.34421
G1 X140.889 Y134.517 E6.87262
G1 X140.889 Y135.496 E6.91971
G1 X125.849 Y135.496 E7.64308
G1 X125.509 Y135.682 E7.66172
G1 X125.471 Y135.742 E7.66514
G1 X125.782 Y135.982 F7800
;TYPE:External perimeter
G1 F1500
G1 X125.753 Y136.006 E7.66695
G1 X125.768 Y136.174 E7.67506
G1 X126.253 Y136.982 E7.72039
G1 X123.747 Y136.982 E7.84092
G1 X124.257 Y136.106 E7.88967
G1 X124.208 Y135.944 E7.89781
G1 X124.067 Y135.882 E7.90522
G1 X108.725 Y135.882 E8.64312
G1 X108.725 Y134.132 E8.72729
G1 X141.275 Y134.132 E10.29283
G1 X141.275 Y135.882 E10.377
G1 X125.903 Y135.882 E11.11634
G1 X125.829 Y135.944 E11.12098
G1 X125.867 Y136.342 F7800
G1 E9.12098 F2400
G92 E0
G1 X140.463 Y76.147 F7800
G1 E2 F2400
;TYPE:Perimeter
;WIDTH:0.532239
G1 F1200
G1 X139.925 Y76.147 E2.03139
G1 X140.463 Y74.102 E2.15478
G1 X140.463 Y76.087 E2.27061
G1 X140.889 Y76.574 F7800
;WIDTH:0.45
G1 F1200
G1 X139.289 Y76.574 E2.34756
G1 X139.494 Y76.109 E2.372
G1 X140.204 Y73.407 E2.50637
G1 X140.889 Y73.407 E2.53932
G1 X140.889 Y76.514 E2.68876
G1 X141.275 Y76.96 F7800
;TYPE:External perimeter
G1 F1200
G1 X138.685 Y76.96 E2.81333
G1 X139.117 Y76.027 E2.86278
G1 X139.885 Y73.104 E3.00814
;TYPE:Overhang perimeter
;WIDTH:0.4
;HEIGHT:0.4
M106 S255
G1 X139.907 Y73.021 E3.01263
G1 X141.275 Y73.021 E3.0841
G1 X141.275 Y73.104 E3.08844
M106 S232.05
;TYPE:External perimeter
;WIDTH:0.45
;HEIGHT:0.3
G1 X141.275 Y76.9 E3.27101
G1 X140.879 Y76.959 F7800
G1 E1.27101 F2400
G92 E0
G1 X109.537 Y76.147 F7800
G1 E2 F2400
;TYPE:Perimeter
;WIDTH:0.532238
G1 F1200
G1 X109.537 Y74.102 E2.11933
G1 X110.075 Y76.147 E2.24272
G1 X109.597 Y76.147 E2.27061
G1 X109.111 Y76.574 F7800
;WIDTH:0.45
G1 F1200
G1 X109.111 Y73.407 E2.42293
G1 X109.796 Y73.407 E2.45588
G1 X110.506 Y76.109 E2.59025
G1 X110.711 Y76.574 E2.61469
G1 X109.171 Y76.574 E2.68876
G1 X108.725 Y76.96 F7800
;TYPE:External perimeter
G1 F1200
G1 X108.725 Y73.104 E2.87422
;TYPE:Overhang perimeter
;WIDTH:0.4
;HEIGHT:0.4
M106 S255
G1 X108.725 Y73.021 E2.87856
G1 X110.093 Y73.021 E2.95003
G1 X110.115 Y73.104 E2.95452
M106 S232.05
;TYPE:External perimeter
;WIDTH:0.45
;HEIGHT:0.3
G1 X110.883 Y76.027 E3.09988
G1 X111.315 Y76.96 E3.14933
G1 X108.785 Y76.96 E3.27101
G1 X108.726 Y76.564 F7800
M106 S234.6
;LAYER_CHANGE
;Z:6.95
;HEIGHT:0.3
G1 E1.27101 F2400
G92 E0
G1 Z6.95 F7800
;AFTER_LAYER_CHANGE
;6.95
G1 X125.062 Y135.576
G1 E2 F2400
;TYPE:Perimeter
;WIDTH:0.564817
G1 F1500
G1 X125 Y135.677 E2.0074
G1 X124.816 Y135.381 E2.02915
G1 X124.666 Y135.336 E2.03892
;WIDTH:0.524044
G1 X124.517 Y135.29 E2.04786
;WIDTH:0.483271
G1 X124.367 Y135.245 E2.05604
;WIDTH:0.442498
G1 X124.217 Y135.2 E2.06343
;WIDTH:0.401725
G1 X124.067 Y135.155 E2.07002
;WIDTH:0.360953
G1 X109.452 Y135.155 E2.61063
G1 X109.452 Y134.859 E2.62158
G1 X124.067 Y134.859 E3.16219
;WIDTH:0.401725
G1 X124.253 Y134.879 E3.17006
;WIDTH:0.442498
G1 X124.44 Y134.899 E3.17893
;WIDTH:0.483271
G1 X124.627 Y134.92 E3.18876
;WIDTH:0.524044
G1 X124.813 Y134.94 E3.19949
;WIDTH:0.564817
G1 X125 Y134.96 E3.21123
G1 X125.187 Y134.94 E3.22297
;WIDTH:0.524044
G1 X125.373 Y134.92 E3.2337
;WIDTH:0.483271
G1 X125.56 Y134.899 E3.24353
;WIDTH:0.442498
G1 X125.747 Y134.879 E3.2524
;WIDTH:0.401725
G1 X125.933 Y134.859 E3.26027
;WIDTH:0.360953
G1 X140.548 Y134.859 E3.80088
G1 X140.548 Y135.155 E3.81183
G1 X125.8 Y135.155 E4.35736
;WIDTH:0.401725
G1 X125.677 Y135.2 E4.36287
;WIDTH:0.442498
G1 X125.554 Y135.245 E4.36905
;WIDTH:0.483271
G1 X125.43 Y135.29 E4.37594
;WIDTH:0.524044
G1 X125.307 Y135.336 E4.38347
;WIDTH:0.564817
G1 X125.184 Y135.381 E4.39164
G1 X125.094 Y135.525 E4.40224
G1 X125.044 Y136.229 F7800
;WIDTH:0.413499
G1 F1200
G1 X125.022 Y136.267 E4.40415
G1 X124.956 Y136.229 E4.40747
G1 X125.022 Y136.191 E4.41079
G1 X125.44 Y135.793 F7800
;WIDTH:0.45
G1 F1500
G1 X125.392 Y135.869 E4.41511
G1 X125.362 Y136.169 E4.42961
G1 X125.572 Y136.596 E4.4525
G1 X124.428 Y136.596 E4.50752
G1 X124.638 Y136.169 E4.53041
G1 X124.608 Y135.869 E4.54491
G1 X124.491 Y135.682 E4.55552
G1 X124.067 Y135.496 E4.57779
G1 X109.111 Y135.496 E5.29712
G1 X109.111 Y134.517 E5.34421
G1 X140.889 Y134.517 E6.87262
G1 X140.889 Y135.496 E6.91971
G1 X125.849 Y135.496 E7.64308
G1 X125.509 Y135.682 E7.66172
G1 X125.471 Y135.742 E7.66514
G1 X125.782 Y135.982 F7800
;TYPE:External perimeter
G1 F1500
G1 X125.753 Y136.006 E7.66695
G1 X125.768 Y136.174 E7.67506
G1 X126.253 Y136.982 E7.72039
G1 X123.747 Y136.982 E7.84092
G1 X124.257 Y136.106 E7.88967
G1 X124.208 Y135.944 E7.89781
G1 X124.067 Y135.882 E7.90522
G1 X108.725 Y135.882 E8.64312
G1 X108.725 Y134.132 E8.72729
G1 X141.275 Y134.132 E10.29283
G1 X141.275 Y135.882 E10.377
G1 X125.903 Y135.882 E11.11634
G1 X125.829 Y135.944 E11.12098
G1 X125.867 Y136.342 F7800
G1 E9.12098 F2400
G92 E0
G1 X140.502 Y75.667 F7800
G1 E2 F2400
;TYPE:Perimeter
;WIDTH:0.452989
G1 F1200
G1 X140.056 Y75.667 E2.02162
G1 X140.502 Y73.968 E2.10676
G1 X140.502 Y75.607 E2.1862
G1 X140.889 Y76.054 F7800
;WIDTH:0.45
G1 F1200
G1 X139.554 Y76.054 E2.25041
G1 X140.204 Y73.58 E2.37344
G1 X140.889 Y73.58 E2.40639
G1 X140.889 Y75.994 E2.5225
G1 X141.275 Y76.44 F7800
;TYPE:External perimeter
G1 F1200
G1 X139.006 Y76.44 E2.63163
G1 X139.121 Y76.184 E2.64513
G1 X139.907 Y73.194 E2.79382
G1 X141.275 Y73.194 E2.85962
G1 X141.275 Y76.38 E3.01286
G1 X140.879 Y76.439 F7800
G1 E1.01286 F2400
G92 E0
G1 X109.498 Y75.667 F7800
G1 E2 F2400
;TYPE:Perimeter
;WIDTH:0.452989
G1 F1200
G1 X109.498 Y73.968 E2.08235
G1 X109.944 Y75.667 E2.16749
G1 X109.558 Y75.667 E2.1862
G1 X109.111 Y76.054 F7800
;WIDTH:0.45
G1 F1200
G1 X109.111 Y73.58 E2.30519
G1 X109.796 Y73.58 E2.33814
G1 X110.446 Y76.054 E2.46117
G1 X109.171 Y76.054 E2.52249
G1 X108.725 Y76.44 F7800
;TYPE:External perimeter
G1 F1200
G1 X108.725 Y73.194 E2.67861
G1 X110.093 Y73.194 E2.74441
G1 X110.879 Y76.184 E2.8931
G1 X110.994 Y76.44 E2.9066
G1 X108.785 Y76.44 E3.01285
G1 X108.726 Y76.044 F7800
;LAYER_CHANGE
;Z:7.25
;HEIGHT:0.3
G1 E1.01285 F2400
G92 E0
G1 Z7.25 F7800
;AFTER_LAYER_CHANGE
;7.25
G1 X125.062 Y135.576
G1 E2 F2400
;TYPE:Perimeter
;WIDTH:0.564817
G1 F1500
G1 X125 Y135.677 E2.0074
G1 X124.816 Y135.381 E2.02915
G1 X124.666 Y135.336 E2.03892
;WIDTH:0.524044
G1 X124.517 Y135.29 E2.04786
;WIDTH:0.483271
G1 X124.367 Y135.245 E2.05604
;WIDTH:0.442498
G1 X124.217 Y135.2 E2.06343
;WIDTH:0.401725
G1 X124.067 Y135.155 E2.07002
;WIDTH:0.360953
G1 X109.452 Y135.155 E2.61063
G1 X109.452 Y134.859 E2.62158
G1 X124.067 Y134.859 E3.16219
;WIDTH:0.401725
G1 X124.253 Y134.879 E3.17006
;WIDTH:0.442498
G1 X124.44 Y134.899 E3.17893
;WIDTH:0.483271
G1 X124.627 Y134.92 E3.18876
;WIDTH:0.524044
G1 X124.813 Y134.94 E3.19949
;WIDTH:0.564817
G1 X125 Y134.96 E3.21123
G1 X125.187 Y134.94 E3.22297
;WIDTH:0.524044
G1 X125.373 Y134.92 E3.2337
;WIDTH:0.483271
G1 X125.56 Y134.899 E3.24353
;WIDTH:0.442498
G1 X125.747 Y134.879 E3.2524
;WIDTH:0.401725
G1 X125.933 Y134.859 E3.26027
;WIDTH:0.360953
G1 X140.548 Y134.859 E3.80088
G1 X140.548 Y135.155 E3.81183
G1 X125.8 Y135.155 E4.35736
;WIDTH:0.401725
G1 X125.677 Y135.2 E4.36287
;WIDTH:0.442498
G1 X125.554 Y135.245 E4.36905
;WIDTH:0.483271
G1 X125.43 Y135.29 E4.37594
;WIDTH:0.524044
G1 X125.307 Y135.336 E4.38347
;WIDTH:0.564817
G1 X125.184 Y135.381 E4.39164
G1 X125.094 Y135.525 E4.40224
G1 X125.044 Y136.229 F7800
;WIDTH:0.413499
G1 F1200
G1 X125.022 Y136.267 E4.40415
G1 X124.956 Y136.229 E4.40747
G1 X125.022 Y136.191 E4.41079
G1 X125.44 Y135.793 F7800
;WIDTH:0.45
G1 F1500
G1 X125.392 Y135.869 E4.41511
G1 X125.362 Y136.169 E4.42961
G1 X125.572 Y136.596 E4.4525
G1 X124.428 Y136.596 E4.50752
G1 X124.638 Y136.169 E4.53041
G1 X124.608 Y135.869 E4.54491
G1 X124.491 Y135.682 E4.55552
G1 X124.067 Y135.496 E4.57779
G1 X109.111 Y135.496 E5.29712
G1 X109.111 Y134.517 E5.34421
G1 X140.889 Y134.517 E6.87262
G1 X140.889 Y135.496 E6.91971
G1 X125.849 Y135.496 E7.64308
G1 X125.509 Y135.682 E7.66172
G1 X125.471 Y135.742 E7.66514
G1 X125.782 Y135.982 F7800
;TYPE:External perimeter
G1 F1500
G1 X125.753 Y136.006 E7.66695
G1 X125.768 Y136.174 E7.67506
G1 X126.253 Y136.982 E7.72039
G1 X123.747 Y136.982 E7.84092
G1 X124.257 Y136.106 E7.88967
G1 X124.208 Y135.944 E7.89781
G1 X124.067 Y135.882 E7.90522
G1 X108.725 Y135.882 E8.64312
G1 X108.725 Y134.132 E8.72729
G1 X141.275 Y134.132 E10.29283
G1 X141.275 Y135.882 E10.377
G1 X125.903 Y135.882 E11.11634
G1 X125.829 Y135.944 E11.12098
G1 X125.867 Y136.342 F7800
G1 E9.12098 F2400
G92 E0
G1 X140.542 Y75.187 F7800
G1 E2 F2400
;TYPE:Perimeter
;WIDTH:0.37374
G1 F1200
G1 X140.187 Y75.187 E2.0137
G1 X140.464 Y74.13 E2.05586
G1 X140.542 Y74.101 E2.05907
G1 X140.542 Y75.127 E2.09866
G1 X140.889 Y75.535 F7800
;WIDTH:0.45
G1 F1200
G1 X139.736 Y75.535 E2.15412
G1 X140.204 Y73.753 E2.24273
G1 X140.889 Y73.753 E2.27568
G1 X140.889 Y75.475 E2.3585
G1 X141.275 Y75.92 F7800
;TYPE:External perimeter
G1 F1200
G1 X139.236 Y75.92 E2.45657
G1 X139.907 Y73.367 E2.58353
G1 X141.275 Y73.367 E2.64933
G1 X141.275 Y75.86 E2.76923
G1 X140.879 Y75.92 F7800
G1 E.76923 F2400
G92 E0
G1 X109.458 Y75.187 F7800
G1 E2 F2400
;TYPE:Perimeter
;WIDTH:0.373739
G1 F1200
G1 X109.458 Y74.101 E2.0419
G1 X109.536 Y74.13 E2.04511
G1 X109.813 Y75.187 E2.08727
G1 X109.518 Y75.187 E2.09865
G1 X109.111 Y75.535 F7800
;WIDTH:0.45
G1 F1200
G1 X109.111 Y73.753 E2.18436
G1 X109.796 Y73.753 E2.21731
G1 X110.264 Y75.535 E2.30592
G1 X109.171 Y75.535 E2.35849
G1 X108.725 Y75.92 F7800
;TYPE:External perimeter
G1 F1200
G1 X108.725 Y73.367 E2.48128
G1 X110.093 Y73.367 E2.54708
G1 X110.764 Y75.92 E2.67404
G1 X108.785 Y75.92 E2.76922
G1 X108.726 Y75.525 F7800
M106 S237.15
;LAYER_CHANGE
;Z:7.55
;HEIGHT:0.3
G1 E.76922 F2400
G92 E0
G1 Z7.55 F7800
;AFTER_LAYER_CHANGE
;7.55
G1 X125.062 Y135.576
G1 E2 F2400
;TYPE:Perimeter
;WIDTH:0.564818
G1 F1500
G1 X125 Y135.677 E2.0074
G1 X124.816 Y135.381 E2.02915
G1 X124.666 Y135.336 E2.03892
;WIDTH:0.524045
G1 X124.517 Y135.29 E2.04786
;WIDTH:0.483272
G1 X124.367 Y135.245 E2.05604
;WIDTH:0.442499
G1 X124.217 Y135.2 E2.06343
;WIDTH:0.401726
G1 X124.067 Y135.155 E2.07002
;WIDTH:0.360953
G1 X109.452 Y135.155 E2.61063
G1 X109.452 Y134.859 E2.62158
G1 X124.067 Y134.859 E3.16219
;WIDTH:0.401726
G1 X124.253 Y134.879 E3.17006
;WIDTH:0.442499
G1 X124.44 Y134.899 E3.17893
;WIDTH:0.483272
G1 X124.627 Y134.92 E3.18876
;WIDTH:0.524045
G1 X124.813 Y134.94 E3.19949
;WIDTH:0.564818
G1 X125 Y134.96 E3.21123
G1 X125.187 Y134.94 E3.22297
;WIDTH:0.524045
G1 X125.373 Y134.92 E3.2337
;WIDTH:0.483272
G1 X125.56 Y134.899 E3.24353
;WIDTH:0.442499
G1 X125.747 Y134.879 E3.2524
;WIDTH:0.401726
G1 X125.933 Y134.859 E3.26027
;WIDTH:0.360953
G1 X140.548 Y134.859 E3.80088
G1 X140.548 Y135.155 E3.81183
G1 X125.8 Y135.155 E4.35736
;WIDTH:0.401726
G1 X125.677 Y135.2 E4.36287
;WIDTH:0.442499
G1 X125.554 Y135.245 E4.36905
;WIDTH:0.483272
G1 X125.43 Y135.29 E4.37594
;WIDTH:0.524045
G1 X125.307 Y135.336 E4.38347
;WIDTH:0.564818
G1 X125.184 Y135.381 E4.39164
G1 X125.094 Y135.525 E4.40224
G1 X125.044 Y136.229 F7800
;WIDTH:0.413501
G1 F1200
G1 X125.022 Y136.267 E4.40415
G1 X124.956 Y136.229 E4.40747
G1 X125.022 Y136.191 E4.41079
G1 X125.44 Y135.793 F7800
;WIDTH:0.45
G1 F1500
G1 X125.392 Y135.869 E4.41511
G1 X125.362 Y136.169 E4.42961
G1 X125.572 Y136.596 E4.4525
G1 X124.428 Y136.596 E4.50752
G1 X124.638 Y136.169 E4.53041
G1 X124.608 Y135.869 E4.54491
G1 X124.491 Y135.682 E4.55552
G1 X124.067 Y135.496 E4.57779
G1 X109.111 Y135.496 E5.29712
G1 X109.111 Y134.517 E5.34421
G1 X140.889 Y134.517 E6.87262
G1 X140.889 Y135.496 E6.91971
G1 X125.849 Y135.496 E7.64308
G1 X125.509 Y135.682 E7.66172
G1 X125.471 Y135.742 E7.66514
G1 X125.782 Y135.982 F7800
;TYPE:External perimeter
G1 F1500
G1 X125.753 Y136.006 E7.66695
G1 X125.768 Y136.174 E7.67506
G1 X126.253 Y136.982 E7.72039
G1 X123.747 Y136.982 E7.84092
G1 X124.257 Y136.106 E7.88967
G1 X124.208 Y135.944 E7.89781
G1 X124.067 Y135.882 E7.90522
G1 X108.725 Y135.882 E8.64312
G1 X108.725 Y134.132 E8.72729
G1 X141.275 Y134.132 E10.29283
G1 X141.275 Y135.882 E10.377
G1 X125.903 Y135.882 E11.11634
G1 X125.829 Y135.944 E11.12098
G1 X125.867 Y136.342 F7800
G1 E9.12098 F2400
G92 E0
G1 X140.524 Y74.592 F7800
G1 E2 F2400
;TYPE:Perimeter
;WIDTH:0.524599
G1 F1200
G1 X140.495 Y74.642 E2.00332
G1 X140.438 Y74.642 E2.00659
G1 X140.409 Y74.592 E2.00991
G1 X140.438 Y74.542 E2.01323
G1 X140.495 Y74.542 E2.0165
G1 X140.889 Y75.015 F7800
;WIDTH:0.45
G1 F1200
G1 X139.918 Y75.015 E2.0632
G1 X140.204 Y73.926 E2.11735
G1 X140.889 Y73.926 E2.1503
G1 X140.889 Y74.955 E2.19979
G1 X141.275 Y75.401 F7800
;TYPE:External perimeter
G1 F1200
G1 X139.418 Y75.401 E2.28911
G1 X139.907 Y73.541 E2.38161
G1 X141.275 Y73.541 E2.44741
G1 X141.275 Y75.341 E2.53398
G1 X140.879 Y75.4 F7800
G1 E.53398 F2400
G92 E0
G1 X109.591 Y74.592 F7800
G1 E2 F2400
;TYPE:Perimeter
;WIDTH:0.524597
G1 F1200
G1 X109.562 Y74.642 E2.00332
G1 X109.505 Y74.642 E2.00659
G1 X109.476 Y74.592 E2.00991
G1 X109.505 Y74.542 E2.01323
G1 X109.562 Y74.542 E2.0165
G1 X109.111 Y75.015 F7800
;WIDTH:0.45
G1 F1200
G1 X109.111 Y73.926 E2.06888
G1 X109.796 Y73.926 E2.10183
G1 X110.082 Y75.015 E2.15598
G1 X109.171 Y75.015 E2.1998
G1 X108.725 Y75.401 F7800
;TYPE:External perimeter
G1 F1200
G1 X108.725 Y73.541 E2.28926
G1 X110.093 Y73.541 E2.35506
G1 X110.582 Y75.401 E2.44756
G1 X108.785 Y75.401 E2.53399
G1 X108.726 Y75.005 F7800
;LAYER_CHANGE
;Z:7.85
;HEIGHT:0.3
G1 E.53399 F2400
G92 E0
G1 Z7.85 F7800
;AFTER_LAYER_CHANGE
;7.85
G1 X125.062 Y135.576
G1 E2 F2400
;TYPE:Perimeter
;WIDTH:0.564817
G1 F1500
G1 X125 Y135.677 E2.0074
G1 X124.816 Y135.381 E2.02915
G1 X124.666 Y135.336 E2.03892
;WIDTH:0.524044
G1 X124.517 Y135.29 E2.04786
;WIDTH:0.483271
G1 X124.367 Y135.245 E2.05604
;WIDTH:0.442498
G1 X124.217 Y135.2 E2.06343
;WIDTH:0.401725
G1 X124.067 Y135.155 E2.07002
;WIDTH:0.360953
G1 X109.452 Y135.155 E2.61063
G1 X109.452 Y134.859 E2.62158
G1 X124.067 Y134.859 E3.16219
;WIDTH:0.401725
G1 X124.253 Y134.879 E3.17006
;WIDTH:0.442498
G1 X124.44 Y134.899 E3.17893
;WIDTH:0.483271
G1 X124.627 Y134.92 E3.18876
;WIDTH:0.524044
G1 X124.813 Y134.94 E3.19949
;WIDTH:0.564817
G1 X125 Y134.96 E3.21123
G1 X125.187 Y134.94 E3.22297
;WIDTH:0.524044
G1 X125.373 Y134.92 E3.2337
;WIDTH:0.483271
G1 X125.56 Y134.899 E3.24353
;WIDTH:0.442498
G1 X125.747 Y134.879 E3.2524
;WIDTH:0.401725
G1 X125.933 Y134.859 E3.26027
;WIDTH:0.360953
G1 X140.548 Y134.859 E3.80088
G1 X140.548 Y135.155 E3.81183
G1 X125.8 Y135.155 E4.35736
;WIDTH:0.401725
G1 X125.677 Y135.2 E4.36287
;WIDTH:0.442498
G1 X125.554 Y135.245 E4.36905
;WIDTH:0.483271
G1 X125.43 Y135.29 E4.37594
;WIDTH:0.524044
G1 X125.307 Y135.336 E4.38347
;WIDTH:0.564817
G1 X125.184 Y135.381 E4.39164
G1 X125.094 Y135.525 E4.40224
G1 X125.044 Y136.229 F7800
;WIDTH:0.413499
G1 F1200
G1 X125.022 Y136.267 E4.40415
G1 X124.956 Y136.229 E4.40747
G1 X125.022 Y136.191 E4.41079
G1 X125.44 Y135.793 F7800
;WIDTH:0.45
G1 F1500
G1 X125.392 Y135.869 E4.41511
G1 X125.362 Y136.169 E4.42961
G1 X125.572 Y136.596 E4.4525
G1 X124.428 Y136.596 E4.50752
G1 X124.638 Y136.169 E4.53041
G1 X124.608 Y135.869 E4.54491
G1 X124.491 Y135.682 E4.55552
G1 X124.067 Y135.496 E4.57779
G1 X109.111 Y135.496 E5.29712
G1 X109.111 Y134.517 E5.34421
G1 X140.889 Y134.517 E6.87262
G1 X140.889 Y135.496 E6.91971
G1 X125.849 Y135.496 E7.64308
G1 X125.509 Y135.682 E7.66172
G1 X125.471 Y135.742 E7.66514
G1 X125.782 Y135.982 F7800
;TYPE:External perimeter
G1 F1500
G1 X125.753 Y136.006 E7.66695
G1 X125.768 Y136.174 E7.67506
G1 X126.253 Y136.982 E7.72039
G1 X123.747 Y136.982 E7.84092
G1 X124.257 Y136.106 E7.88967
G1 X124.208 Y135.944 E7.89781
G1 X124.067 Y135.882 E7.90522
G1 X108.725 Y135.882 E8.64312
G1 X108.725 Y134.132 E8.72729
G1 X141.275 Y134.132 E10.29283
G1 X141.275 Y135.882 E10.377
G1 X125.903 Y135.882 E11.11634
G1 X125.829 Y135.944 E11.12098
G1 X125.867 Y136.342 F7800
G1 E9.12098 F2400
G92 E0
G1 X140.887 Y74.493 F7800
G1 E2 F2400
;TYPE:Perimeter
;WIDTH:0.455158
G1 F1200
G1 X140.103 Y74.493 E2.03821
G1 X140.206 Y74.102 E2.05792
G1 X140.887 Y74.102 E2.09111
G1 X140.887 Y74.433 E2.10724
G1 X141.275 Y74.881 F7800
;TYPE:External perimeter
;WIDTH:0.45
G1 F1200
G1 X139.6 Y74.881 E2.1878
G1 X139.907 Y73.714 E2.24584
G1 X141.275 Y73.714 E2.31164
G1 X141.275 Y74.821 E2.36488
G1 X140.879 Y74.88 F7800
G1 E.36488 F2400
G92 E0
G1 X109.113 Y74.493 F7800
G1 E2 F2400
;TYPE:Perimeter
;WIDTH:0.455158
G1 F1200
G1 X109.113 Y74.102 E2.01906
G1 X109.794 Y74.102 E2.05225
G1 X109.897 Y74.493 E2.07196
G1 X109.173 Y74.493 E2.10725
G1 X108.725 Y74.881 F7800
;TYPE:External perimeter
;WIDTH:0.45
G1 F1200
G1 X108.725 Y73.714 E2.16338
G1 X110.093 Y73.714 E2.22918
G1 X110.4 Y74.881 E2.28722
G1 X108.785 Y74.881 E2.3649
G1 X108.726 Y74.485 F7800
M106 S239.7
;LAYER_CHANGE
;Z:8.15
;HEIGHT:0.3
G1 E.3649 F2400
G92 E0
G1 Z8.15 F7800
;AFTER_LAYER_CHANGE
;8.15
G1 X125.062 Y135.576
G1 E2 F2400
;TYPE:Perimeter
;WIDTH:0.564818
G1 F1500
G1 X125 Y135.677 E2.0074
G1 X124.816 Y135.381 E2.02915
G1 X124.666 Y135.336 E2.03892
;WIDTH:0.524045
G1 X124.517 Y135.29 E2.04786
;WIDTH:0.483272
G1 X124.367 Y135.245 E2.05604
;WIDTH:0.442499
G1 X124.217 Y135.2 E2.06343
;WIDTH:0.401726
G1 X124.067 Y135.155 E2.07002
;WIDTH:0.360953
G1 X109.452 Y135.155 E2.61063
G1 X109.452 Y134.859 E2.62158
G1 X124.067 Y134.859 E3.16219
;WIDTH:0.401726
G1 X124.253 Y134.879 E3.17006
;WIDTH:0.442499
G1 X124.44 Y134.899 E3.17893
;WIDTH:0.483272
G1 X124.627 Y134.92 E3.18876
;WIDTH:0.524045
G1 X124.813 Y134.94 E3.19949
;WIDTH:0.564818
G1 X125 Y134.96 E3.21123
G1 X125.187 Y134.94 E3.22297
;WIDTH:0.524045
G1 X125.373 Y134.92 E3.2337
;WIDTH:0.483272
G1 X125.56 Y134.899 E3.24353
;WIDTH:0.442499
G1 X125.747 Y134.879 E3.2524
;WIDTH:0.401726
G1 X125.933 Y134.859 E3.26027
;WIDTH:0.360953
G1 X140.548 Y134.859 E3.80088
G1 X140.548 Y135.155 E3.81183
G1 X125.8 Y135.155 E4.35736
;WIDTH:0.401726
G1 X125.677 Y135.2 E4.36287
;WIDTH:0.442499
G1 X125.554 Y135.245 E4.36905
;WIDTH:0.483272
G1 X125.43 Y135.29 E4.37594
;WIDTH:0.524045
G1 X125.307 Y135.336 E4.38347
;WIDTH:0.564818
G1 X125.184 Y135.381 E4.39164
G1 X125.094 Y135.525 E4.40224
G1 X125.044 Y136.229 F7800
;WIDTH:0.413499
G1 F1200
G1 X125.022 Y136.267 E4.40415
G1 X124.956 Y136.229 E4.40747
G1 X125.022 Y136.191 E4.41079
G1 X125.44 Y135.793 F7800
;WIDTH:0.45
G1 F1500
G1 X125.392 Y135.869 E4.41511
G1 X125.362 Y136.169 E4.42961
G1 X125.572 Y136.596 E4.4525
G1 X124.428 Y136.596 E4.50752
G1 X124.638 Y136.169 E4.53041
G1 X124.608 Y135.869 E4.54491
G1 X124.491 Y135.682 E4.55552
G1 X124.067 Y135.496 E4.57779
G1 X109.111 Y135.496 E5.29712
G1 X109.111 Y134.517 E5.34421
G1 X140.889 Y134.517 E6.87262
G1 X140.889 Y135.496 E6.91971
G1 X125.849 Y135.496 E7.64308
G1 X125.509 Y135.682 E7.66172
G1 X125.471 Y135.742 E7.66514
G1 X125.782 Y135.982 F7800
;TYPE:External perimeter
G1 F1500
G1 X125.753 Y136.006 E7.66695
G1 X125.768 Y136.174 E7.67506
G1 X126.253 Y136.982 E7.72039
G1 X123.747 Y136.982 E7.84092
G1 X124.257 Y136.106 E7.88967
G1 X124.208 Y135.944 E7.89781
G1 X124.067 Y135.882 E7.90522
G1 X108.725 Y135.882 E8.64312
G1 X108.725 Y134.132 E8.72729
G1 X141.275 Y134.132 E10.29283
G1 X141.275 Y135.882 E10.377
G1 X125.903 Y135.882 E11.11634
G1 X125.829 Y135.944 E11.12098
G1 X125.867 Y136.342 F7800
G1 E9.12098 F2400
G92 E0
G1 X141.253 Y74.339 F7800
G1 E2 F2400
;WIDTH:0.494367
G1 F1200
G1 X139.811 Y74.339 E2.07733
G1 X139.924 Y73.909 E2.10117
G1 X141.253 Y73.909 E2.17244
G1 X141.253 Y74.279 E2.19228
G1 X140.857 Y74.339 F7800
G1 E.19228 F2400
G92 E0
G1 X108.747 Y74.339 F7800
G1 E2 F2400
G1 F1200
G1 X108.747 Y73.909 E2.02306
G1 X110.076 Y73.909 E2.09433
G1 X110.189 Y74.339 E2.11817
G1 X108.807 Y74.339 E2.19229
G1 X108.748 Y73.944 F7800
;LAYER_CHANGE
;Z:8.45
;HEIGHT:0.3
G1 E.19229 F2400
G92 E0
G1 Z8.45 F7800
;AFTER_LAYER_CHANGE
;8.45
G1 X125.062 Y135.576
G1 E2 F2400
;TYPE:Perimeter
;WIDTH:0.564818
G1 F1500
G1 X125 Y135.677 E2.0074
G1 X124.816 Y135.381 E2.02915
G1 X124.666 Y135.336 E2.03892
;WIDTH:0.524045
G1 X124.517 Y135.29 E2.04786
;WIDTH:0.483272
G1 X124.367 Y135.245 E2.05604
;WIDTH:0.442499
G1 X124.217 Y135.2 E2.06343
;WIDTH:0.401726
G1 X124.067 Y135.155 E2.07002
;WIDTH:0.360953
G1 X109.452 Y135.155 E2.61063
G1 X109.452 Y134.859 E2.62158
G1 X124.067 Y134.859 E3.16219
;WIDTH:0.401726
G1 X124.253 Y134.879 E3.17006
;WIDTH:0.442499
G1 X124.44 Y134.899 E3.17893
;WIDTH:0.483272
G1 X124.627 Y134.92 E3.18876
;WIDTH:0.524045
G1 X124.813 Y134.94 E3.19949
;WIDTH:0.564818
G1 X125 Y134.96 E3.21123
G1 X125.187 Y134.94 E3.22297
;WIDTH:0.524045
G1 X125.373 Y134.92 E3.2337
;WIDTH:0.483272
G1 X125.56 Y134.899 E3.24353
;WIDTH:0.442499
G1 X125.747 Y134.879 E3.2524
;WIDTH:0.401726
G1 X125.933 Y134.859 E3.26027
;WIDTH:0.360953
G1 X140.548 Y134.859 E3.80088
G1 X140.548 Y135.155 E3.81183
G1 X125.8 Y135.155 E4.35736
;WIDTH:0.401726
G1 X125.677 Y135.2 E4.36287
;WIDTH:0.442499
G1 X125.554 Y135.245 E4.36905
;WIDTH:0.483272
G1 X125.43 Y135.29 E4.37594
;WIDTH:0.524045
G1 X125.307 Y135.336 E4.38347
;WIDTH:0.564818
G1 X125.184 Y135.381 E4.39164
G1 X125.094 Y135.525 E4.40224
G1 X125.044 Y136.229 F7800
;WIDTH:0.413499
G1 F1200
G1 X125.022 Y136.267 E4.40415
G1 X124.956 Y136.229 E4.40747
G1 X125.022 Y136.191 E4.41079
G1 X125.44 Y135.793 F7800
;WIDTH:0.45
G1 F1500
G1 X125.392 Y135.869 E4.41511
G1 X125.362 Y136.169 E4.42961
G1 X125.572 Y136.596 E4.4525
G1 X124.428 Y136.596 E4.50752
G1 X124.638 Y136.169 E4.53041
G1 X124.608 Y135.869 E4.54491
G1 X124.491 Y135.682 E4.55552
G1 X124.067 Y135.496 E4.57779
G1 X109.111 Y135.496 E5.29712
G1 X109.111 Y134.517 E5.34421
G1 X140.889 Y134.517 E6.87262
G1 X140.889 Y135.496 E6.91971
G1 X125.849 Y135.496 E7.64308
G1 X125.509 Y135.682 E7.66172
G1 X125.471 Y135.742 E7.66514
G1 X125.782 Y135.982 F7800
;TYPE:External perimeter
G1 F1500
G1 X125.753 Y136.006 E7.66695
G1 X125.768 Y136.174 E7.67506
G1 X126.253 Y136.982 E7.72039
G1 X123.747 Y136.982 E7.84092
G1 X124.257 Y136.106 E7.88967
G1 X124.208 Y135.944 E7.89781
G1 X124.067 Y135.882 E7.90522
G1 X108.725 Y135.882 E8.64312
G1 X108.725 Y134.132 E8.72729
G1 X141.275 Y134.132 E10.29283
G1 X141.275 Y135.882 E10.377
G1 X125.903 Y135.882 E11.11634
G1 X125.829 Y135.944 E11.12098
G1 X125.867 Y136.342 F7800
G1 E9.12098 F2400
G92 E0
G1 X141.384 Y73.951 F7800
G1 E2 F2400
;WIDTH:0.404381
G1 F1200
G1 X139.822 Y73.951 E2.06624
G1 X140.222 Y73.951 F7800
G1 E.06624 F2400
G92 E0
G1 X110.178 Y73.951 F7800
G1 E2 F2400
G1 F1200
G1 X108.616 Y73.951 E2.06624
G1 X109.016 Y73.951 F7800
M106 S242.25
;LAYER_CHANGE
;Z:8.75
;HEIGHT:0.3
G1 E.06624 F2400
G92 E0
G1 Z8.75 F7800
;AFTER_LAYER_CHANGE
;8.75
G1 X125.062 Y135.576
G1 E2 F2400
;TYPE:Perimeter
;WIDTH:0.564817
G1 F1500
G1 X125 Y135.677 E2.0074
G1 X124.816 Y135.381 E2.02915
G1 X124.666 Y135.336 E2.03892
;WIDTH:0.524044
G1 X124.517 Y135.29 E2.04786
;WIDTH:0.483271
G1 X124.367 Y135.245 E2.05604
;WIDTH:0.442498
G1 X124.217 Y135.2 E2.06343
;WIDTH:0.401725
G1 X124.067 Y135.155 E2.07002
;WIDTH:0.360953
G1 X109.452 Y135.155 E2.61063
G1 X109.452 Y134.859 E2.62158
G1 X124.067 Y134.859 E3.16219
;WIDTH:0.401725
G1 X124.253 Y134.879 E3.17006
;WIDTH:0.442498
G1 X124.44 Y134.899 E3.17893
;WIDTH:0.483271
G1 X124.627 Y134.92 E3.18876
;WIDTH:0.524044
G1 X124.813 Y134.94 E3.19949
;WIDTH:0.564817
G1 X125 Y134.96 E3.21123
G1 X125.187 Y134.94 E3.22297
;WIDTH:0.524044
G1 X125.373 Y134.92 E3.2337
;WIDTH:0.483271
G1 X125.56 Y134.899 E3.24353
;WIDTH:0.442498
G1 X125.747 Y134.879 E3.2524
;WIDTH:0.401725
G1 X125.933 Y134.859 E3.26027
;WIDTH:0.360953
G1 X140.548 Y134.859 E3.80088
G1 X140.548 Y135.155 E3.81183
G1 X125.8 Y135.155 E4.35736
;WIDTH:0.401725
G1 X125.677 Y135.2 E4.36287
;WIDTH:0.442498
G1 X125.554 Y135.245 E4.36905
;WIDTH:0.483271
G1 X125.43 Y135.29 E4.37594
;WIDTH:0.524044
G1 X125.307 Y135.336 E4.38347
;WIDTH:0.564817
G1 X125.184 Y135.381 E4.39164
G1 X125.094 Y135.525 E4.40224
G1 X125.044 Y136.229 F7800
;WIDTH:0.413499
G1 F1200
G1 X125.022 Y136.267 E4.40415
G1 X124.956 Y136.229 E4.40747
G1 X125.022 Y136.191 E4.41079
G1 X125.44 Y135.793 F7800
;WIDTH:0.45
G1 F1500
G1 X125.392 Y135.869 E4.41511
G1 X125.362 Y136.169 E4.42961
G1 X125.572 Y136.596 E4.4525
G1 X124.428 Y136.596 E4.50752
G1 X124.638 Y136.169 E4.53041
G1 X124.608 Y135.869 E4.54491
G1 X124.491 Y135.682 E4.55552
G1 X124.067 Y135.496 E4.57779
G1 X109.111 Y135.496 E5.29712
G1 X109.111 Y134.517 E5.34421
G1 X140.889 Y134.517 E6.87262
G1 X140.889 Y135.496 E6.91971
G1 X125.849 Y135.496 E7.64308
G1 X125.509 Y135.682 E7.66172
G1 X125.471 Y135.742 E7.66514
G1 X125.782 Y135.982 F7800
;TYPE:External perimeter
G1 F1500
G1 X125.753 Y136.006 E7.66695
G1 X125.768 Y136.174 E7.67506
G1 X126.253 Y136.982 E7.72039
G1 X123.747 Y136.982 E7.84092
G1 X124.257 Y136.106 E7.88967
G1 X124.208 Y135.944 E7.89781
G1 X124.067 Y135.882 E7.90522
G1 X108.725 Y135.882 E8.64312
G1 X108.725 Y134.132 E8.72729
G1 X141.275 Y134.132 E10.29283
G1 X141.275 Y135.882 E10.377
G1 X125.903 Y135.882 E11.11634
G1 X125.829 Y135.944 E11.12098
G1 X125.867 Y136.342 F7800
M106 S244.8
;LAYER_CHANGE
;Z:9.05
;HEIGHT:0.3
G1 Z9.05 F7800
;AFTER_LAYER_CHANGE
;9.05
G1 X125.062 Y135.576
;TYPE:Perimeter
;WIDTH:0.564817
G1 F1500
G1 X125 Y135.677 E11.12838
G1 X124.816 Y135.381 E11.15013
G1 X124.666 Y135.336 E11.1599
;WIDTH:0.524044
G1 X124.517 Y135.29 E11.16884
;WIDTH:0.483271
G1 X124.367 Y135.245 E11.17702
;WIDTH:0.442498
G1 X124.217 Y135.2 E11.18441
;WIDTH:0.401725
G1 X124.067 Y135.155 E11.191
;WIDTH:0.360953
G1 X109.452 Y135.155 E11.73161
G1 X109.452 Y134.859 E11.74256
G1 X124.067 Y134.859 E12.28317
;WIDTH:0.401725
G1 X124.253 Y134.879 E12.29104
;WIDTH:0.442498
G1 X124.44 Y134.899 E12.29991
;WIDTH:0.483271
G1 X124.627 Y134.92 E12.30974
;WIDTH:0.524044
G1 X124.813 Y134.94 E12.32047
;WIDTH:0.564817
G1 X125 Y134.96 E12.33221
G1 X125.187 Y134.94 E12.34395
;WIDTH:0.524044
G1 X125.373 Y134.92 E12.35468
;WIDTH:0.483271
G1 X125.56 Y134.899 E12.36451
;WIDTH:0.442498
G1 X125.747 Y134.879 E12.37338
;WIDTH:0.401725
G1 X125.933 Y134.859 E12.38125
;WIDTH:0.360953
G1 X140.548 Y134.859 E12.92186
G1 X140.548 Y135.155 E12.93281
G1 X125.8 Y135.155 E13.47834
;WIDTH:0.401725
G1 X125.677 Y135.2 E13.48385
;WIDTH:0.442498
G1 X125.554 Y135.245 E13.49003
;WIDTH:0.483271
G1 X125.43 Y135.29 E13.49692
;WIDTH:0.524044
G1 X125.307 Y135.336 E13.50445
;WIDTH:0.564817
G1 X125.184 Y135.381 E13.51262
G1 X125.094 Y135.525 E13.52322
G1 X125.044 Y136.229 F7800
;WIDTH:0.413499
G1 F1200
G1 X125.022 Y136.267 E13.52513
G1 X124.956 Y136.229 E13.52845
G1 X125.022 Y136.191 E13.53177
G1 X125.44 Y135.793 F7800
;WIDTH:0.45
G1 F1500
G1 X125.392 Y135.869 E13.53609
G1 X125.362 Y136.169 E13.55059
G1 X125.572 Y136.596 E13.57348
G1 X124.428 Y136.596 E13.6285
G1 X124.638 Y136.169 E13.65139
G1 X124.608 Y135.869 E13.66589
G1 X124.491 Y135.682 E13.6765
G1 X124.067 Y135.496 E13.69877
G1 X109.111 Y135.496 E14.4181
G1 X109.111 Y134.517 E14.46519
G1 X140.889 Y134.517 E15.9936
G1 X140.889 Y135.496 E16.04069
G1 X125.849 Y135.496 E16.76406
G1 X125.509 Y135.682 E16.7827
G1 X125.471 Y135.742 E16.78612
G1 X125.782 Y135.982 F7800
;TYPE:External perimeter
G1 F1500
G1 X125.753 Y136.006 E16.78793
G1 X125.768 Y136.174 E16.79604
G1 X126.253 Y136.982 E16.84137
G1 X123.747 Y136.982 E16.9619
G1 X124.257 Y136.106 E17.01065
G1 X124.208 Y135.944 E17.01879
G1 X124.067 Y135.882 E17.0262
G1 X108.725 Y135.882 E17.7641
G1 X108.725 Y134.132 E17.84827
G1 X141.275 Y134.132 E19.41381
G1 X141.275 Y135.882 E19.49798
G1 X125.903 Y135.882 E20.23732
G1 X125.829 Y135.944 E20.24196
G1 X125.867 Y136.342 F7800
G1 E18.24196 F2400
G92 E0
M107
;TYPE:Custom
; Filament-specific end gcode 
;END gcode for filament
G1 Z10.05 F720 ; Move print head up
G1 X0 Y200 F3600 ; park
G1 Z58.05 F720 ; Move print head further up
G4 ; wait
M104 S0 ; turn off temperature
M140 S0 ; turn off heatbed
M107 ; turn off fan
M900 K0 ; reset LA
M84 ; disable motors
; objects_info = {"objects":[]}
; filament used [mm] = 1706.72
; filament used [cm3] = 4.11
; total filament used [g] = 0.00
; total filament cost = 0.00
; total filament used for wipe tower [g] = 0.00
; estimated printing time (normal mode) = 27m 51s
; estimated first layer printing time (normal mode) = 1m 42s

; prusaslicer_config = begin
; arc_fitting = disabled
; autoemit_temperature_commands = 1
; automatic_extrusion_widths = 0
; automatic_infill_combination = 0
; automatic_infill_combination_max_layer_height = 100%
; avoid_crossing_curled_overhangs = 0
; avoid_crossing_perimeters = 0
; avoid_crossing_perimeters_max_detour = 0
; bed_shape = 0x0,250x0,250x210,0x210
; bed_temperature = 55
; bed_temperature_extruder = 0
; before_layer_gcode = 
; between_objects_gcode = 
; binary_gcode = 0
; bottom_fill_pattern = monotonic
; bottom_solid_layers = 3
; bottom_solid_min_thickness = 0
; bridge_acceleration = 0
; bridge_angle = 0
; bridge_fan_speed = 100
; bridge_flow_ratio = 1
; bridge_speed = 25
; brim_separation = 0
; brim_type = no_brim
; brim_width = 0
; chamber_minimal_temperature = 0
; chamber_temperature = 0
; color_change_gcode = M600
; colorprint_heights = 
; complete_objects = 0
; cooling = 1
; cooling_perimeter_transition_distance = 0
; cooling_slowdown_logic = uniform_cooling
; cooling_tube_length = 5
; cooling_tube_retraction = 91.5
; custom_parameters_filament = ""
; custom_parameters_print = 
; custom_parameters_printer = 
; default_acceleration = 0
; deretract_speed = 0
; disable_fan_first_layers = 3
; dont_support_bridges = 1
; draft_shield = disabled
; duplicate_distance = 6
; elefant_foot_compensation = 0
; enable_dynamic_fan_speeds = 0
; enable_dynamic_overhang_speeds = 0
; end_filament_gcode = "; Filament-specific end gcode \n;END gcode for filament\n"
; end_gcode = {if layer_z < max_print_height}G1 Z{z_offset+min(max_layer_z+1, max_print_height)} F720 ; Move print head up{endif}\nG1 X0 Y200 F3600 ; park\n{if layer_z < max_print_height}G1 Z{z_offset+min(max_layer_z+49, max_print_height)} F720 ; Move print head further up{endif}\nG4 ; wait\nM104 S0 ; turn off temperature\nM140 S0 ; turn off heatbed\nM107 ; turn off fan\nM900 K0 ; reset LA\nM84 ; disable motors
; ensure_vertical_shell_thickness = enabled
; external_perimeter_acceleration = 0
; external_perimeter_extrusion_width = 0
; external_perimeter_speed = 25
; external_perimeters_first = 0
; extra_loading_move = -2
; extra_perimeters = 1
; extra_perimeters_on_overhangs = 0
; extruder_clearance_height = 20
; extruder_clearance_radius = 20
; extruder_colour = ""
; extruder_offset = 0x0
; extrusion_axis = E
; extrusion_multiplier = 1
; extrusion_width = 0
; fan_always_on = 0
; fan_below_layer_time = 60
; filament_abrasive = 0
; filament_colour = #29B2B2
; filament_cooling_final_speed = 3.4
; filament_cooling_initial_speed = 2.2
; filament_cooling_moves = 4
; filament_cost = 0
; filament_density = 0
; filament_diameter = 1.75
; filament_infill_max_crossing_speed = 0
; filament_infill_max_speed = 0
; filament_load_time = 0
; filament_loading_speed = 28
; filament_loading_speed_start = 3
; filament_max_volumetric_speed = 0
; filament_minimal_purge_on_wipe_tower = 15
; filament_multitool_ramming = 0
; filament_multitool_ramming_flow = 10
; filament_multitool_ramming_volume = 10
; filament_notes = ""
; filament_purge_multiplier = 100%
; filament_ramming_parameters = "120 100 6.6 6.8 7.2 7.6 7.9 8.2 8.7 9.4 9.9 10.0| 0.05 6.6 0.45 6.8 0.95 7.8 1.45 8.3 1.95 9.7 2.45 10 2.95 7.6 3.45 7.6 3.95 7.6 4.45 7.6 4.95 7.6"
; filament_seam_gap_distance = 15%
; filament_settings_id = ""
; filament_shrinkage_compensation_xy = 0%
; filament_shrinkage_compensation_z = 0%
; filament_soluble = 0
; filament_spool_weight = 0
; filament_stamping_distance = 0
; filament_stamping_loading_speed = 20
; filament_toolchange_delay = 0
; filament_type = PLA
; filament_unload_time = 0
; filament_unloading_speed = 90
; filament_unloading_speed_start = 100
; fill_angle = 45
; fill_density = 15%
; fill_pattern = stars
; first_layer_acceleration = 0
; first_layer_acceleration_over_raft = 0
; first_layer_bed_temperature = 55
; first_layer_extrusion_width = 200%
; first_layer_height = 0.35
; first_layer_infill_speed = 0
; first_layer_speed = 30
; first_layer_speed_over_raft = 30
; first_layer_temperature = 215
; full_fan_speed_layer = 0
; fuzzy_skin = none
; fuzzy_skin_point_dist = 0.8
; fuzzy_skin_thickness = 0.3
; gap_fill_enabled = 1
; gap_fill_speed = 20
; gcode_comments = 0
; gcode_flavor = reprap
; gcode_label_objects = disabled
; gcode_resolution = 0.0125
; gcode_substitutions = 
; high_current_on_filament_swap = 0
; idle_temperature = nil
; infill_acceleration = 0
; infill_anchor = 600%
; infill_anchor_max = 50
; infill_every_layers = 1
; infill_extruder = 1
; infill_extrusion_width = 0
; infill_first = 0
; infill_overlap = 25%
; infill_speed = 20
; interface_shells = 0
; interlocking_beam = 0
; interlocking_beam_layer_count = 2
; interlocking_beam_width = 0.8
; interlocking_boundary_avoidance = 2
; interlocking_depth = 2
; interlocking_orientation = 22.5
; ironing = 0
; ironing_flowrate = 15%
; ironing_spacing = 0.1
; ironing_speed = 15
; ironing_type = top
; layer_gcode = ;AFTER_LAYER_CHANGE\n;[layer_z]
; layer_height = 0.3
; machine_limits_usage = time_estimate_only
; machine_max_acceleration_e = 10000
; machine_max_acceleration_extruding = 2000
; machine_max_acceleration_retracting = 1500
; machine_max_acceleration_travel = 1500,1250
; machine_max_acceleration_x = 9000
; machine_max_acceleration_y = 9000
; machine_max_acceleration_z = 500
; machine_max_feedrate_e = 120
; machine_max_feedrate_x = 500
; machine_max_feedrate_y = 500
; machine_max_feedrate_z = 12
; machine_max_jerk_e = 2.5
; machine_max_jerk_x = 10
; machine_max_jerk_y = 10
; machine_max_jerk_z = 0.2
; machine_max_junction_deviation = 0,0
; machine_min_extruding_rate = 0
; machine_min_travel_rate = 0
; max_fan_speed = 100
; max_layer_height = 0
; max_print_height = 200
; max_print_speed = 80
; max_volumetric_extrusion_rate_slope_negative = 0
; max_volumetric_extrusion_rate_slope_positive = 0
; max_volumetric_speed = 0
; min_bead_width = 85%
; min_fan_speed = 35
; min_feature_size = 25%
; min_layer_height = 0.07
; min_print_speed = 10
; min_skirt_length = 0
; mmu_segmented_region_interlocking_depth = 0
; mmu_segmented_region_max_width = 0
; multimaterial_purging = 140
; notes = 
; nozzle_diameter = 0.4
; nozzle_high_flow = 0
; only_one_perimeter_first_layer = 0
; only_retract_when_crossing_perimeters = 0
; ooze_prevention = 0
; output_filename_format = [input_filename_base].gcode
; over_bridge_speed = 0
; overhang_fan_speed_0 = 0
; overhang_fan_speed_1 = 0
; overhang_fan_speed_2 = 0
; overhang_fan_speed_3 = 0
; overhang_speed_0 = 15
; overhang_speed_1 = 15
; overhang_speed_2 = 20
; overhang_speed_3 = 25
; overhangs = 1
; parking_pos_retraction = 92
; pause_print_gcode = M601
; perimeter_acceleration = 0
; perimeter_extruder = 1
; perimeter_extrusion_width = 0
; perimeter_generator = arachne
; perimeter_speed = 25
; perimeters = 3
; physical_printer_settings_id = 
; post_process = 
; prefer_clockwise_movements = 0
; print_settings_id = 
; printer_model = MK2S
; printer_notes = 
; printer_settings_id = 
; printer_technology = FFF
; printer_variant = 0.4
; raft_contact_distance = 0.1
; raft_expansion = 1.5
; raft_first_layer_density = 90%
; raft_first_layer_expansion = 3
; raft_layers = 0
; remaining_times = 0
; resolution = 0
; retract_before_travel = 2
; retract_before_wipe = 0%
; retract_layer_change = 0
; retract_length = 2
; retract_length_toolchange = 10
; retract_lift = 0
; retract_lift_above = 0
; retract_lift_below = 0
; retract_restart_extra = 0
; retract_restart_extra_toolchange = 0
; retract_speed = 40
; scarf_seam_entire_loop = 0
; scarf_seam_length = 20
; scarf_seam_max_segment_length = 1
; scarf_seam_on_inner_perimeters = 0
; scarf_seam_only_on_smooth = 1
; scarf_seam_placement = nowhere
; scarf_seam_start_height = 0%
; seam_gap_distance = 15%
; seam_position = aligned
; silent_mode = 1
; single_extruder_multi_material = 0
; single_extruder_multi_material_priming = 1
; skirt_distance = 6
; skirt_height = 1
; skirts = 0
; slice_closing_radius = 0.049
; slicing_mode = regular
; slowdown_below_layer_time = 5
; small_perimeter_speed = 20
; solid_infill_acceleration = 0
; solid_infill_below_area = 70
; solid_infill_every_layers = 0
; solid_infill_extruder = 1
; solid_infill_extrusion_width = 0
; solid_infill_speed = 20
; spiral_vase = 0
; staggered_inner_seams = 0
; standby_temperature_delta = -5
; start_filament_gcode = "; Filament gcode\n"
; start_gcode = M862.3 P "[printer_model]" ; printer model check\nM862.1 P[nozzle_diameter] ; nozzle diameter check\nM115 U3.2.3 ; tell printer latest fw version\nG90 ; use absolute coordinates\nM83 ; extruder relative mode\nM204 S[machine_max_acceleration_extruding] T[machine_max_acceleration_retracting] ; MK2 firmware only supports the old M204 format\nM104 S[first_layer_temperature] ; set extruder temp\nM140 S[first_layer_bed_temperature] ; set bed temp\nM190 S[first_layer_bed_temperature] ; wait for bed temp\nM109 S[first_layer_temperature] ; wait for extruder temp\nG28 W ; home all without mesh bed level\nG80 ; mesh bed leveling\nG1 Z0.2 F720\nG1 Y-2 F1000 ; go outside print area\nG92 E0\nG1 X60 E9 F1000 ; intro line\nG1 X100 E12.5 F1000 ; intro line\nG92 E0
; support_material = 0
; support_material_angle = 0
; support_material_auto = 1
; support_material_bottom_contact_distance = 0
; support_material_bottom_interface_layers = -1
; support_material_buildplate_only = 0
; support_material_closing_radius = 2
; support_material_contact_distance = 0.2
; support_material_enforce_layers = 0
; support_material_extruder = 1
; support_material_extrusion_width = 0
; support_material_interface_contact_loops = 0
; support_material_interface_extruder = 1
; support_material_interface_layers = 3
; support_material_interface_pattern = rectilinear
; support_material_interface_spacing = 0
; support_material_interface_speed = 100%
; support_material_pattern = rectilinear
; support_material_spacing = 2.5
; support_material_speed = 60
; support_material_style = grid
; support_material_synchronize_layers = 0
; support_material_threshold = 0
; support_material_with_sheath = 1
; support_material_xy_spacing = 50%
; support_tree_angle = 40
; support_tree_angle_slow = 25
; support_tree_branch_diameter = 2
; support_tree_branch_diameter_angle = 5
; support_tree_branch_diameter_double_wall = 3
; support_tree_branch_distance = 1
; support_tree_tip_diameter = 0.8
; support_tree_top_rate = 15%
; temperature = 215
; template_custom_gcode = 
; thick_bridges = 1
; thin_walls = 1
; thumbnails = 
; thumbnails_format = PNG
; toolchange_gcode = 
; top_fill_pattern = monotonic
; top_infill_extrusion_width = 0
; top_one_perimeter_type = none
; top_solid_infill_acceleration = 0
; top_solid_infill_speed = 15
; top_solid_layers = 3
; top_solid_min_thickness = 0
; travel_acceleration = 0
; travel_lift_before_obstacle = 0
; travel_max_lift = 0
; travel_ramping_lift = 0
; travel_short_distance_acceleration = 0
; travel_slope = 0
; travel_speed = 130
; travel_speed_z = 0
; use_firmware_retraction = 0
; use_relative_e_distances = 0
; use_volumetric_e = 0
; variable_layer_height = 1
; wall_distribution_count = 1
; wall_transition_angle = 10
; wall_transition_filter_deviation = 25%
; wall_transition_length = 100%
; wipe = 0
; wipe_into_infill = 0
; wipe_into_objects = 0
; wipe_tower = 0
; wipe_tower_acceleration = 0
; wipe_tower_bridging = 10
; wipe_tower_brim_width = 2
; wipe_tower_cone_angle = 0
; wipe_tower_extra_flow = 100%
; wipe_tower_extra_spacing = 100%
; wipe_tower_extruder = 0
; wipe_tower_no_sparse_layers = 0
; wipe_tower_width = 60
; wiping_volumes_matrix = 0,140,140,140,140,140,0,140,140,140,140,140,0,140,140,140,140,140,0,140,140,140,140,140,0
; wiping_volumes_use_custom_matrix = 0
; xy_size_compensation = 0
; z_offset = 0
; prusaslicer_config = end
M84 ; disable motors
