solid csg_export
	facet normal 0 -1 0
		outer loop
			vertex 4.9999499320984 6.4544501304626 0.35449305176735
			vertex 5 6.4544501304626 0.36000001430511
			vertex 4.9999499320984 6.4544501304626 0.36000001430511
		endloop
	endfacet
	facet normal 0 -1 0
		outer loop
			vertex 4.9999499320984 6.4544501304626 0.35449305176735
			vertex 5.0029997825623 6.4544501304626 0.36000001430511
			vertex 5 6.4544501304626 0.36000001430511
		endloop
	endfacet
	facet normal 0 -1 0
		outer loop
			vertex 5.0029997825623 6.4544501304626 0.36000001430511
			vertex 5 6.4544501304626 0.54000002145767
			vertex 5 6.4544501304626 0.36000001430511
		endloop
	endfacet
	facet normal 0 -1 0
		outer loop
			vertex 5.0029997825623 6.4544501304626 0.36000001430511
			vertex 5.018000125885 6.4544501304626 0.36000001430511
			vertex 5 6.4544501304626 0.54000002145767
		endloop
	endfacet
	facet normal 0 -1 0
		outer loop
			vertex 5.018000125885 6.4544501304626 0.36000001430511
			vertex 5.3420000076294 6.4544501304626 0.36000001430511
			vertex 5 6.4544501304626 0.54000002145767
		endloop
	endfacet
	facet normal 0 -1 0
		outer loop
			vertex 5 6.4544501304626 0.54000002145767
			vertex 5.3420000076294 6.4544501304626 0.36000001430511
			vertex 5.356999874115 6.4544501304626 0.36000001430511
		endloop
	endfacet
	facet normal 0 -1 0
		outer loop
			vertex 5 6.4544501304626 0.54000002145767
			vertex 5.356999874115 6.4544501304626 0.36000001430511
			vertex 8.3332500457764 6.4544501304626 0.18000000715256
		endloop
	endfacet
	facet normal 0 -1 0
		outer loop
			vertex 5.356999874115 6.4544501304626 0.36000001430511
			vertex 5.4566922187805 6.4544501304626 0.18000000715256
			vertex 8.3332500457764 6.4544501304626 0.18000000715256
		endloop
	endfacet
	facet normal 0 -1 0
		outer loop
			vertex 5 6.4544501304626 0.54000002145767
			vertex 8.3332500457764 6.4544501304626 0.18000000715256
			vertex 8.3332500457764 6.4544501304626 0.54000002145767
		endloop
	endfacet
	facet normal -1 0 0
		outer loop
			vertex 4.9999499320984 6.4544501304626 0.35449305176735
			vertex 4.9999499320984 6.4544501304626 0.36000001430511
			vertex 4.9999499320984 9.4709596633911 0.36000001430511
		endloop
	endfacet
	facet normal -1 0 0
		outer loop
			vertex 4.9999499320984 6.4544501304626 0.35449305176735
			vertex 4.9999499320984 9.4709596633911 0.36000001430511
			vertex 4.9999499320984 11.295299530029 0.35449305176735
		endloop
	endfacet
	facet normal -1 0 0
		outer loop
			vertex 4.9999499320984 9.2844676971436 0.54000002145767
			vertex 4.9999499320984 11.295299530029 0.35449305176735
			vertex 4.9999499320984 9.4709596633911 0.36000001430511
		endloop
	endfacet
	facet normal 0 0 1
		outer loop
			vertex 4.9999499320984 9.2844676971436 0.54000002145767
			vertex 5 9.2844676971436 0.54000002145767
			vertex 6.3066000938416 12.908900260925 0.54000002145767
		endloop
	endfacet
	facet normal 0 0 1
		outer loop
			vertex 5 6.4544501304626 0.54000002145767
			vertex 8.3332500457764 6.4544501304626 0.54000002145767
			vertex 5 9.2844676971436 0.54000002145767
		endloop
	endfacet
	facet normal 0 0 -1
		outer loop
			vertex 5.4566922187805 6.4544501304626 0.18000000715256
			vertex 5.4566922187805 11.295299530029 0.18000000715256
			vertex 8.3332500457764 6.4544501304626 0.18000000715256
		endloop
	endfacet
	facet normal -0 0 1
		outer loop
			vertex 5 9.2844676971436 0.54000002145767
			vertex 8.3332500457764 6.4544501304626 0.54000002145767
			vertex 6.3066000938416 10.512823104858 0.54000002145767
		endloop
	endfacet
	facet normal 0 0 -1
		outer loop
			vertex 8.3332500457764 6.4544501304626 0.18000000715256
			vertex 5.4566922187805 11.295299530029 0.18000000715256
			vertex 6.2099075317383 11.295299530029 0.18000000715256
		endloop
	endfacet
	facet normal 0 0 -1
		outer loop
			vertex 8.3332500457764 6.4544501304626 0.18000000715256
			vertex 6.2099075317383 11.295299530029 0.18000000715256
			vertex 6.2165999412537 11.295299530029 0.18000000715256
		endloop
	endfacet
	facet normal 0 0 1
		outer loop
			vertex 8.3332500457764 6.4544501304626 0.54000002145767
			vertex 6.666600227356 10.512823104858 0.54000002145767
			vertex 6.3066000938416 10.512823104858 0.54000002145767
		endloop
	endfacet
	facet normal 0 0 -1
		outer loop
			vertex 8.3332500457764 6.4544501304626 0.18000000715256
			vertex 6.2165999412537 11.295299530029 0.18000000715256
			vertex 6.7565999031067 11.295299530029 0.18000000715256
		endloop
	endfacet
	facet normal 0 0 1
		outer loop
			vertex 8.3332500457764 6.4544501304626 0.54000002145767
			vertex 6.666600227356 12.102100372314 0.54000002145767
			vertex 6.666600227356 10.512823104858 0.54000002145767
		endloop
	endfacet
	facet normal 0 0 -1
		outer loop
			vertex 8.3332500457764 6.4544501304626 0.18000000715256
			vertex 6.7565999031067 11.295299530029 0.18000000715256
			vertex 6.7632923126221 11.295299530029 0.18000000715256
		endloop
	endfacet
	facet normal 0 0 -1
		outer loop
			vertex 8.3332500457764 6.4544501304626 0.18000000715256
			vertex 6.7632923126221 11.295299530029 0.18000000715256
			vertex 6.8749294281006 12.102100372314 0.18000000715256
		endloop
	endfacet
	facet normal 0 0 1
		outer loop
			vertex 5 9.2844676971436 0.54000002145767
			vertex 6.3066000938416 10.512823104858 0.54000002145767
			vertex 6.3066000938416 12.908900260925 0.54000002145767
		endloop
	endfacet
	facet normal 0 0 -1
		outer loop
			vertex 4.9999499320984 11.295299530029 0.18000000715256
			vertex 6.4582705497742 13.715700149536 0.18000000715256
			vertex 5.4566922187805 11.295299530029 0.18000000715256
		endloop
	endfacet
	facet normal 0 0 -1
		outer loop
			vertex 5.4566922187805 11.295299530029 0.18000000715256
			vertex 6.2099075317383 12.908900260925 0.18000000715256
			vertex 6.2099075317383 11.295299530029 0.18000000715256
		endloop
	endfacet
	facet normal 0 0 -1
		outer loop
			vertex 5.4566922187805 11.295299530029 0.18000000715256
			vertex 6.4582705497742 13.715700149536 0.18000000715256
			vertex 6.2099075317383 12.908900260925 0.18000000715256
		endloop
	endfacet
	facet normal 0 0 1
		outer loop
			vertex 8.3332500457764 6.4544501304626 0.54000002145767
			vertex 7.206600189209 12.102100372314 0.54000002145767
			vertex 6.666600227356 12.102100372314 0.54000002145767
		endloop
	endfacet
	facet normal 0 0 -1
		outer loop
			vertex 6.7632923126221 11.295299530029 0.18000000715256
			vertex 6.7632923126221 12.534439086914 0.18000000715256
			vertex 6.8749294281006 12.102100372314 0.18000000715256
		endloop
	endfacet
	facet normal -1 0 0
		outer loop
			vertex 4.9999499320984 9.2844676971436 0.54000002145767
			vertex 4.9999499320984 19.363349914551 0.54000002145767
			vertex 4.9999499320984 11.295299530029 0.35449305176735
		endloop
	endfacet
	facet normal -1 0 0
		outer loop
			vertex 4.9999499320984 11.295299530029 0.18000000715256
			vertex 4.9999499320984 11.295299530029 0.35449305176735
			vertex 4.9999499320984 19.363349914551 0.18000000715256
		endloop
	endfacet
	facet normal 0 0 1
		outer loop
			vertex 4.9999499320984 9.2844676971436 0.54000002145767
			vertex 6.3066000938416 12.908900260925 0.54000002145767
			vertex 4.9999499320984 19.363349914551 0.54000002145767
		endloop
	endfacet
	facet normal 0 0 -1
		outer loop
			vertex 4.9999499320984 11.295299530029 0.18000000715256
			vertex 4.9999499320984 19.363349914551 0.18000000715256
			vertex 6.4582705497742 13.715700149536 0.18000000715256
		endloop
	endfacet
	facet normal -1 0 0
		outer loop
			vertex 4.9999499320984 11.295299530029 0.35449305176735
			vertex 4.9999499320984 19.363349914551 0.54000002145767
			vertex 4.9999499320984 19.363349914551 0.18000000715256
		endloop
	endfacet
	facet normal 0 0 -1
		outer loop
			vertex 6.2099075317383 12.908900260925 0.18000000715256
			vertex 6.4582705497742 13.715700149536 0.18000000715256
			vertex 6.2165999412537 12.908900260925 0.18000000715256
		endloop
	endfacet
	facet normal 0 0 -1
		outer loop
			vertex 6.2165999412537 12.908900260925 0.18000000715256
			vertex 6.4582705497742 13.715700149536 0.18000000715256
			vertex 6.666600227356 12.908900260925 0.18000000715256
		endloop
	endfacet
	facet normal 0 0 1
		outer loop
			vertex 6.3066000938416 12.908900260925 0.54000002145767
			vertex 6.4865999221802 12.908900260925 0.54000002145767
			vertex 6.4865999221802 13.715700149536 0.54000002145767
		endloop
	endfacet
	facet normal 0 0 1
		outer loop
			vertex 4.9999499320984 19.363349914551 0.54000002145767
			vertex 6.3066000938416 12.908900260925 0.54000002145767
			vertex 6.4865999221802 13.715700149536 0.54000002145767
		endloop
	endfacet
	facet normal 0 0 1
		outer loop
			vertex 4.9999499320984 19.363349914551 0.54000002145767
			vertex 6.4865999221802 13.715700149536 0.54000002145767
			vertex 7.206600189209 13.715700149536 0.54000002145767
		endloop
	endfacet
	facet normal 0 0 1
		outer loop
			vertex 4.9999499320984 19.363349914551 0.54000002145767
			vertex 7.206600189209 13.715700149536 0.54000002145767
			vertex 8.3332500457764 12.102100372314 0.54000002145767
		endloop
	endfacet
	facet normal 0 0 1
		outer loop
			vertex 4.9999499320984 19.363349914551 0.54000002145767
			vertex 8.3332500457764 12.102100372314 0.54000002145767
			vertex 8.3332500457764 13.177846908569 0.54000002145767
		endloop
	endfacet
	facet normal 0 0 1
		outer loop
			vertex 4.9999499320984 19.363349914551 0.54000002145767
			vertex 8.3332500457764 13.177846908569 0.54000002145767
			vertex 8.3332500457764 13.715700149536 0.54000002145767
		endloop
	endfacet
	facet normal 0 1 0
		outer loop
			vertex 4.9999499320984 19.363349914551 0.18000000715256
			vertex 4.9999499320984 19.363349914551 0.54000002145767
			vertex 8.3332500457764 19.363349914551 0.54000002145767
		endloop
	endfacet
	facet normal 0 0 -1
		outer loop
			vertex 4.9999499320984 19.363349914551 0.18000000715256
			vertex 8.3332500457764 19.363349914551 0.18000000715256
			vertex 6.4582705497742 13.715700149536 0.18000000715256
		endloop
	endfacet
	facet normal -0 0 1
		outer loop
			vertex 4.9999499320984 19.363349914551 0.54000002145767
			vertex 8.3332500457764 13.715700149536 0.54000002145767
			vertex 8.3332500457764 19.363349914551 0.54000002145767
		endloop
	endfacet
	facet normal 0 1 0
		outer loop
			vertex 4.9999499320984 19.363349914551 0.18000000715256
			vertex 8.3332500457764 19.363349914551 0.54000002145767
			vertex 8.3332500457764 19.363349914551 0.18000000715256
		endloop
	endfacet
	facet normal 1 0 0
		outer loop
			vertex 8.3332500457764 6.4544501304626 0.18000000715256
			vertex 8.3332500457764 12.102100372314 0.54000002145767
			vertex 8.3332500457764 6.4544501304626 0.54000002145767
		endloop
	endfacet
	facet normal 0 0 -1
		outer loop
			vertex 8.3332500457764 6.4544501304626 0.18000000715256
			vertex 6.8749294281006 12.102100372314 0.18000000715256
			vertex 8.3332500457764 12.102100372314 0.18000000715256
		endloop
	endfacet
	facet normal 0 -0 1
		outer loop
			vertex 8.3332500457764 6.4544501304626 0.54000002145767
			vertex 8.3332500457764 12.102100372314 0.54000002145767
			vertex 7.206600189209 12.102100372314 0.54000002145767
		endloop
	endfacet
	facet normal 1 0 0
		outer loop
			vertex 8.3332500457764 6.4544501304626 0.18000000715256
			vertex 8.3332500457764 12.102100372314 0.18000000715256
			vertex 8.3332500457764 12.102100372314 0.54000002145767
		endloop
	endfacet
	facet normal 0 0 1
		outer loop
			vertex 7.206600189209 12.102100372314 0.54000002145767
			vertex 8.3332500457764 12.102100372314 0.54000002145767
			vertex 7.206600189209 13.715700149536 0.54000002145767
		endloop
	endfacet
	facet normal 0 0 -1
		outer loop
			vertex 6.4582705497742 13.715700149536 0.18000000715256
			vertex 8.3332500457764 19.363349914551 0.18000000715256
			vertex 8.3332500457764 13.715700149536 0.18000000715256
		endloop
	endfacet
	facet normal 1 0 0
		outer loop
			vertex 8.3332500457764 13.715700149536 0.18000000715256
			vertex 8.3332500457764 19.363349914551 0.54000002145767
			vertex 8.3332500457764 13.715700149536 0.54000002145767
		endloop
	endfacet
	facet normal 1 0 0
		outer loop
			vertex 8.3332500457764 13.715700149536 0.18000000715256
			vertex 8.3332500457764 19.363349914551 0.18000000715256
			vertex 8.3332500457764 19.363349914551 0.54000002145767
		endloop
	endfacet
	facet normal 0 -1 0
		outer loop
			vertex 5 0.80680000782013 0.36000001430511
			vertex 5.1620001792908 0.80680000782013 0.36000001430511
			vertex 5 0.80680000782013 0.54000002145767
		endloop
	endfacet
	facet normal 0 -1 0
		outer loop
			vertex 5 0.80680000782013 0.54000002145767
			vertex 5.1620001792908 0.80680000782013 0.36000001430511
			vertex 5.1770000457764 0.80680000782013 0.36000001430511
		endloop
	endfacet
	facet normal -1 0 0
		outer loop
			vertex 5 1.6136000156403 0.35458332300186
			vertex 5 1.6136000156403 0.36000001430511
			vertex 5 2.4203999042511 0.36000001430511
		endloop
	endfacet
	facet normal -1 0 0
		outer loop
			vertex 5 1.6136000156403 0.35458332300186
			vertex 5 2.4203999042511 0.36000001430511
			vertex 5 2.4203999042511 0.35458332300186
		endloop
	endfacet
	facet normal 0 -1 0
		outer loop
			vertex 5.1770000457764 0.80680000782013 0.36000001430511
			vertex 5.2766923904419 0.80680000782013 0.18000000715256
			vertex 5.6950001716614 0.80680000782013 0.46000000834465
		endloop
	endfacet
	facet normal 0 -1 0
		outer loop
			vertex 5 0.80680000782013 0.54000002145767
			vertex 5.1770000457764 0.80680000782013 0.36000001430511
			vertex 5.6950001716614 0.80680000782013 0.46000000834465
		endloop
	endfacet
	facet normal 0 0 -1
		outer loop
			vertex 5.2766923904419 0.80680000782013 0.18000000715256
			vertex 5.2766923904419 1.6136000156403 0.18000000715256
			vertex 5.5184254646301 1.0895792245865 0.18000000715256
		endloop
	endfacet
	facet normal 0 0 -1
		outer loop
			vertex 5.2766923904419 0.80680000782013 0.18000000715256
			vertex 5.5184254646301 1.0895792245865 0.18000000715256
			vertex 5.5281801223755 1.0749801397324 0.18000000715256
		endloop
	endfacet
	facet normal 0 0 -1
		outer loop
			vertex 5.2766923904419 0.80680000782013 0.18000000715256
			vertex 5.5281801223755 1.0749801397324 0.18000000715256
			vertex 5.5427794456482 1.0652253627777 0.18000000715256
		endloop
	endfacet
	facet normal 0 0 -1
		outer loop
			vertex 5.2766923904419 0.80680000782013 0.18000000715256
			vertex 5.5427794456482 1.0652253627777 0.18000000715256
			vertex 5.5599999427795 1.0618000030518 0.18000000715256
		endloop
	endfacet
	facet normal 0 -1 0
		outer loop
			vertex 5.2766923904419 0.80680000782013 0.18000000715256
			vertex 5.6950001716614 0.80680000782013 0.18000000715256
			vertex 5.6950001716614 0.80680000782013 0.46000000834465
		endloop
	endfacet
	facet normal 0 0 -1
		outer loop
			vertex 5.2766923904419 0.80680000782013 0.18000000715256
			vertex 5.5599999427795 1.0618000030518 0.18000000715256
			vertex 5.6950001716614 0.80680000782013 0.18000000715256
		endloop
	endfacet
	facet normal 0 -1 0
		outer loop
			vertex 5 0.80680000782013 0.54000002145767
			vertex 5.6950001716614 0.80680000782013 0.46000000834465
			vertex 5.7849998474121 0.80680000782013 0.46000000834465
		endloop
	endfacet
	facet normal 0 0 -1
		outer loop
			vertex 5.2766923904419 1.6136000156403 0.18000000715256
			vertex 5.5149998664856 1.1067999601364 0.18000000715256
			vertex 5.5184254646301 1.0895792245865 0.18000000715256
		endloop
	endfacet
	facet normal 0 0 -1
		outer loop
			vertex 5.2766923904419 1.6136000156403 0.18000000715256
			vertex 5.5184254646301 1.1240206956863 0.18000000715256
			vertex 5.5149998664856 1.1067999601364 0.18000000715256
		endloop
	endfacet
	facet normal 0 0 -1
		outer loop
			vertex 5.2766923904419 1.6136000156403 0.18000000715256
			vertex 5.5281801223755 1.1386197805405 0.18000000715256
			vertex 5.5184254646301 1.1240206956863 0.18000000715256
		endloop
	endfacet
	facet normal 0 0 -1
		outer loop
			vertex 5.2766923904419 1.6136000156403 0.18000000715256
			vertex 5.5427794456482 1.1483745574951 0.18000000715256
			vertex 5.5281801223755 1.1386197805405 0.18000000715256
		endloop
	endfacet
	facet normal 0 0 -1
		outer loop
			vertex 5.2766923904419 1.6136000156403 0.18000000715256
			vertex 5.4499998092651 1.6136000156403 0.18000000715256
			vertex 5.5599999427795 1.1518000364304 0.18000000715256
		endloop
	endfacet
	facet normal 0 0 -1
		outer loop
			vertex 5.2766923904419 1.6136000156403 0.18000000715256
			vertex 5.5599999427795 1.1518000364304 0.18000000715256
			vertex 5.5427794456482 1.1483745574951 0.18000000715256
		endloop
	endfacet
	facet normal 0 0 -1
		outer loop
			vertex 5.5599999427795 1.1518000364304 0.18000000715256
			vertex 5.4499998092651 1.6136000156403 0.18000000715256
			vertex 5.4566922187805 1.6136000156403 0.18000000715256
		endloop
	endfacet
	facet normal 0 0 -1
		outer loop
			vertex 5.9200000762939 1.1518000364304 0.18000000715256
			vertex 5.4566922187805 1.6136000156403 0.18000000715256
			vertex 5.4566922187805 2.4203999042511 0.18000000715256
		endloop
	endfacet
	facet normal 0 1 0
		outer loop
			vertex 5 2.4203999042511 0.35458332300186
			vertex 5 2.4203999042511 0.36000001430511
			vertex 5.0029997825623 2.4203999042511 0.36000001430511
		endloop
	endfacet
	facet normal 0 1 0
		outer loop
			vertex 5.0029997825623 2.4203999042511 0.36000001430511
			vertex 5 2.4203999042511 0.36000001430511
			vertex 5 2.4203999042511 0.54000002145767
		endloop
	endfacet
	facet normal 0 0 -1
		outer loop
			vertex 5.5599999427795 1.0618000030518 0.18000000715256
			vertex 5.6950001716614 1.0618000030518 0.18000000715256
			vertex 5.6950001716614 0.80680000782013 0.18000000715256
		endloop
	endfacet
	facet normal 0 -1 0
		outer loop
			vertex 5 0.80680000782013 0.54000002145767
			vertex 5.7849998474121 0.80680000782013 0.46000000834465
			vertex 6.1149997711182 0.80680000782013 0.46000000834465
		endloop
	endfacet
	facet normal 0 -1 0
		outer loop
			vertex 5 0.80680000782013 0.54000002145767
			vertex 6.1149997711182 0.80680000782013 0.46000000834465
			vertex 6.2049999237061 0.80680000782013 0.46000000834465
		endloop
	endfacet
	facet normal 0 0 -1
		outer loop
			vertex 5.5599999427795 1.1518000364304 0.18000000715256
			vertex 5.4566922187805 1.6136000156403 0.18000000715256
			vertex 5.9200000762939 1.1518000364304 0.18000000715256
		endloop
	endfacet
	facet normal 0 -1 0
		outer loop
			vertex 5.7849998474121 0.80680000782013 0.18000000715256
			vertex 6.1149997711182 0.80680000782013 0.46000000834465
			vertex 5.7849998474121 0.80680000782013 0.46000000834465
		endloop
	endfacet
	facet normal 0 0 -1
		outer loop
			vertex 5.7849998474121 0.80680000782013 0.18000000715256
			vertex 5.7849998474121 1.0618000030518 0.18000000715256
			vertex 6.1149997711182 0.80680000782013 0.18000000715256
		endloop
	endfacet
	facet normal 0 0 -1
		outer loop
			vertex 5.7849998474121 1.0618000030518 0.18000000715256
			vertex 5.9200000762939 1.0618000030518 0.18000000715256
			vertex 6.1149997711182 0.98680001497269 0.18000000715256
		endloop
	endfacet
	facet normal 0 -1 0
		outer loop
			vertex 5.7849998474121 0.80680000782013 0.18000000715256
			vertex 6.1149997711182 0.80680000782013 0.18000000715256
			vertex 6.1149997711182 0.80680000782013 0.46000000834465
		endloop
	endfacet
	facet normal 0 0 -1
		outer loop
			vertex 5.7849998474121 1.0618000030518 0.18000000715256
			vertex 6.1149997711182 0.98680001497269 0.18000000715256
			vertex 6.1149997711182 0.80680000782013 0.18000000715256
		endloop
	endfacet
	facet normal 0 0 -1
		outer loop
			vertex 5.9200000762939 1.0618000030518 0.18000000715256
			vertex 5.9372205734253 1.0652253627777 0.18000000715256
			vertex 6.1149997711182 0.98680001497269 0.18000000715256
		endloop
	endfacet
	facet normal 0 0 -1
		outer loop
			vertex 5.9372205734253 1.0652253627777 0.18000000715256
			vertex 5.951819896698 1.0749801397324 0.18000000715256
			vertex 6.1149997711182 0.98680001497269 0.18000000715256
		endloop
	endfacet
	facet normal 0 0 -1
		outer loop
			vertex 5.951819896698 1.0749801397324 0.18000000715256
			vertex 5.9615745544434 1.0895792245865 0.18000000715256
			vertex 6.1184253692627 1.0040208101273 0.18000000715256
		endloop
	endfacet
	facet normal 0 0 -1
		outer loop
			vertex 5.9615745544434 1.0895792245865 0.18000000715256
			vertex 5.9650001525879 1.1067999601364 0.18000000715256
			vertex 6.1281800270081 1.0186197757721 0.18000000715256
		endloop
	endfacet
	facet normal 0 0 -1
		outer loop
			vertex 5.951819896698 1.0749801397324 0.18000000715256
			vertex 6.1184253692627 1.0040208101273 0.18000000715256
			vertex 6.1149997711182 0.98680001497269 0.18000000715256
		endloop
	endfacet
	facet normal 0 0 -1
		outer loop
			vertex 5.9615745544434 1.0895792245865 0.18000000715256
			vertex 6.1281800270081 1.0186197757721 0.18000000715256
			vertex 6.1184253692627 1.0040208101273 0.18000000715256
		endloop
	endfacet
	facet normal 0 -1 0
		outer loop
			vertex 5 0.80680000782013 0.54000002145767
			vertex 6.2049999237061 0.80680000782013 0.46000000834465
			vertex 6.7150001525879 0.80680000782013 0.46000000834465
		endloop
	endfacet
	facet normal 0 0 -1
		outer loop
			vertex 5.9615745544434 1.1240206956863 0.18000000715256
			vertex 6.1281800270081 1.0186197757721 0.18000000715256
			vertex 5.9650001525879 1.1067999601364 0.18000000715256
		endloop
	endfacet
	facet normal 0 0 -1
		outer loop
			vertex 5.9372205734253 1.1483745574951 0.18000000715256
			vertex 6.2481803894043 1.1386197805405 0.18000000715256
			vertex 5.951819896698 1.1386197805405 0.18000000715256
		endloop
	endfacet
	facet normal 0 0 -1
		outer loop
			vertex 5.951819896698 1.1386197805405 0.18000000715256
			vertex 6.2481803894043 1.1386197805405 0.18000000715256
			vertex 5.9615745544434 1.1240206956863 0.18000000715256
		endloop
	endfacet
	facet normal 0 0 -1
		outer loop
			vertex 5.9200000762939 1.1518000364304 0.18000000715256
			vertex 5.4566922187805 2.4203999042511 0.18000000715256
			vertex 5.9372205734253 1.1483745574951 0.18000000715256
		endloop
	endfacet
	facet normal 0 0 -1
		outer loop
			vertex 5.9372205734253 1.1483745574951 0.18000000715256
			vertex 5.4566922187805 2.4203999042511 0.18000000715256
			vertex 6.2627792358398 1.1483745574951 0.18000000715256
		endloop
	endfacet
	facet normal 0 0 -1
		outer loop
			vertex 5.4566922187805 2.4203999042511 0.18000000715256
			vertex 6.2800002098083 1.1518000364304 0.18000000715256
			vertex 6.2627792358398 1.1483745574951 0.18000000715256
		endloop
	endfacet
	facet normal 0 -1 0
		outer loop
			vertex 5 0.80680000782013 0.54000002145767
			vertex 6.7150001525879 0.80680000782013 0.46000000834465
			vertex 6.8049998283386 0.80680000782013 0.46000000834465
		endloop
	endfacet
	facet normal 0 -1 0
		outer loop
			vertex 5 0.80680000782013 0.54000002145767
			vertex 6.8049998283386 0.80680000782013 0.46000000834465
			vertex 6.835000038147 0.80680000782013 0.46000000834465
		endloop
	endfacet
	facet normal 0 -1 0
		outer loop
			vertex 5 0.80680000782013 0.54000002145767
			vertex 6.835000038147 0.80680000782013 0.46000000834465
			vertex 6.9250001907349 0.80680000782013 0.46000000834465
		endloop
	endfacet
	facet normal 0 0 -1
		outer loop
			vertex 5.9615745544434 1.1240206956863 0.18000000715256
			vertex 6.2481803894043 1.1386197805405 0.18000000715256
			vertex 6.1281800270081 1.0186197757721 0.18000000715256
		endloop
	endfacet
	facet normal 0 0 -1
		outer loop
			vertex 5.9372205734253 1.1483745574951 0.18000000715256
			vertex 6.2627792358398 1.1483745574951 0.18000000715256
			vertex 6.2481803894043 1.1386197805405 0.18000000715256
		endloop
	endfacet
	facet normal 0 0 -1
		outer loop
			vertex 6.2049999237061 0.80680000782013 0.18000000715256
			vertex 6.2049999237061 0.96816039085388 0.18000000715256
			vertex 6.7150001525879 0.80680000782013 0.18000000715256
		endloop
	endfacet
	facet normal 0 -1 0
		outer loop
			vertex 6.2049999237061 0.80680000782013 0.18000000715256
			vertex 6.7150001525879 0.80680000782013 0.46000000834465
			vertex 6.2049999237061 0.80680000782013 0.46000000834465
		endloop
	endfacet
	facet normal 0 0 -1
		outer loop
			vertex 6.2049999237061 0.96816039085388 0.18000000715256
			vertex 6.2986397743225 1.0618000030518 0.18000000715256
			vertex 6.7150001525879 0.80680000782013 0.18000000715256
		endloop
	endfacet
	facet normal 0 -1 0
		outer loop
			vertex 6.2049999237061 0.80680000782013 0.18000000715256
			vertex 6.7150001525879 0.80680000782013 0.18000000715256
			vertex 6.7150001525879 0.80680000782013 0.46000000834465
		endloop
	endfacet
	facet normal 0 0 -1
		outer loop
			vertex 6.2986397743225 1.0618000030518 0.18000000715256
			vertex 6.6213603019714 1.0618000030518 0.18000000715256
			vertex 6.7150001525879 0.80680000782013 0.18000000715256
		endloop
	endfacet
	facet normal 0 -1 0
		outer loop
			vertex 5 0.80680000782013 0.54000002145767
			vertex 6.9250001907349 0.80680000782013 0.46000000834465
			vertex 7.1163601875305 0.80680000782013 0.46000000834465
		endloop
	endfacet
	facet normal 0 -1 0
		outer loop
			vertex 5 0.80680000782013 0.54000002145767
			vertex 7.1163601875305 0.80680000782013 0.46000000834465
			vertex 7.2436394691467 0.80680000782013 0.46000000834465
		endloop
	endfacet
	facet normal 0 0 -1
		outer loop
			vertex 5.4566922187805 2.4203999042511 0.18000000715256
			vertex 6.6399998664856 1.1518000364304 0.18000000715256
			vertex 6.2800002098083 1.1518000364304 0.18000000715256
		endloop
	endfacet
	facet normal 0 0 -1
		outer loop
			vertex 5.4566922187805 2.4203999042511 0.18000000715256
			vertex 6.6572208404541 1.1483745574951 0.18000000715256
			vertex 6.6399998664856 1.1518000364304 0.18000000715256
		endloop
	endfacet
	facet normal 0 0 -1
		outer loop
			vertex 5.4566922187805 2.4203999042511 0.18000000715256
			vertex 6.9827790260315 1.1483745574951 0.18000000715256
			vertex 6.6572208404541 1.1483745574951 0.18000000715256
		endloop
	endfacet
	facet normal 0 0 -1
		outer loop
			vertex 5.4566922187805 2.4203999042511 0.18000000715256
			vertex 7 1.1518000364304 0.18000000715256
			vertex 6.9827790260315 1.1483745574951 0.18000000715256
		endloop
	endfacet
	facet normal 0 0 -1
		outer loop
			vertex 6.7150001525879 0.80680000782013 0.18000000715256
			vertex 6.6213603019714 1.0618000030518 0.18000000715256
			vertex 6.7150001525879 0.96816039085388 0.18000000715256
		endloop
	endfacet
	facet normal 0 0 -1
		outer loop
			vertex 6.6718196868896 1.1386197805405 0.18000000715256
			vertex 6.8481802940369 1.0186197757721 0.18000000715256
			vertex 6.7918195724487 1.0186197757721 0.18000000715256
		endloop
	endfacet
	facet normal 0 0 -1
		outer loop
			vertex 6.6645202636719 1.1434972286224 0.18000000715256
			vertex 6.9681801795959 1.1386197805405 0.18000000715256
			vertex 6.6718196868896 1.1386197805405 0.18000000715256
		endloop
	endfacet
	facet normal 0 0 -1
		outer loop
			vertex 6.6572208404541 1.1483745574951 0.18000000715256
			vertex 6.9827790260315 1.1483745574951 0.18000000715256
			vertex 6.6645202636719 1.1434972286224 0.18000000715256
		endloop
	endfacet
	facet normal 0 0 -1
		outer loop
			vertex 6.8049998283386 0.80680000782013 0.18000000715256
			vertex 6.835000038147 0.98680001497269 0.18000000715256
			vertex 6.835000038147 0.80680000782013 0.18000000715256
		endloop
	endfacet
	facet normal 0 -1 0
		outer loop
			vertex 6.8049998283386 0.80680000782013 0.18000000715256
			vertex 6.835000038147 0.80680000782013 0.18000000715256
			vertex 6.8049998283386 0.80680000782013 0.46000000834465
		endloop
	endfacet
	facet normal 0 -1 0
		outer loop
			vertex 6.835000038147 0.80680000782013 0.18000000715256
			vertex 6.835000038147 0.80680000782013 0.46000000834465
			vertex 6.8049998283386 0.80680000782013 0.46000000834465
		endloop
	endfacet
	facet normal 0 0 -1
		outer loop
			vertex 6.8049998283386 0.80680000782013 0.18000000715256
			vertex 6.8049998283386 0.98680001497269 0.18000000715256
			vertex 6.835000038147 0.98680001497269 0.18000000715256
		endloop
	endfacet
	facet normal 0 0 -1
		outer loop
			vertex 6.8015747070312 1.0040208101273 0.18000000715256
			vertex 6.7918195724487 1.0186197757721 0.18000000715256
			vertex 6.8384256362915 1.0040208101273 0.18000000715256
		endloop
	endfacet
	facet normal 0 0 -1
		outer loop
			vertex 6.8015747070312 1.0040208101273 0.18000000715256
			vertex 6.835000038147 0.98680001497269 0.18000000715256
			vertex 6.8049998283386 0.98680001497269 0.18000000715256
		endloop
	endfacet
	facet normal 0 0 -1
		outer loop
			vertex 6.8015747070312 1.0040208101273 0.18000000715256
			vertex 6.8384256362915 1.0040208101273 0.18000000715256
			vertex 6.835000038147 0.98680001497269 0.18000000715256
		endloop
	endfacet
	facet normal 0 0 -1
		outer loop
			vertex 6.7918195724487 1.0186197757721 0.18000000715256
			vertex 6.8481802940369 1.0186197757721 0.18000000715256
			vertex 6.8384256362915 1.0040208101273 0.18000000715256
		endloop
	endfacet
	facet normal 0 0 -1
		outer loop
			vertex 6.9250001907349 0.80680000782013 0.18000000715256
			vertex 6.9250001907349 0.96816039085388 0.18000000715256
			vertex 7.1163601875305 0.80680000782013 0.18000000715256
		endloop
	endfacet
	facet normal 0 -1 0
		outer loop
			vertex 6.9250001907349 0.80680000782013 0.18000000715256
			vertex 7.1163601875305 0.80680000782013 0.18000000715256
			vertex 6.9250001907349 0.80680000782013 0.46000000834465
		endloop
	endfacet
	facet normal 0 0 -1
		outer loop
			vertex 6.9250001907349 0.96816039085388 0.18000000715256
			vertex 7.0186395645142 1.0618000030518 0.18000000715256
			vertex 7.1163601875305 0.80680000782013 0.18000000715256
		endloop
	endfacet
	facet normal 0 0 -1
		outer loop
			vertex 6.6718196868896 1.1386197805405 0.18000000715256
			vertex 6.9681801795959 1.1386197805405 0.18000000715256
			vertex 6.8481802940369 1.0186197757721 0.18000000715256
		endloop
	endfacet
	facet normal 0 0 -1
		outer loop
			vertex 6.6645202636719 1.1434972286224 0.18000000715256
			vertex 6.9827790260315 1.1483745574951 0.18000000715256
			vertex 6.9681801795959 1.1386197805405 0.18000000715256
		endloop
	endfacet
	facet normal 0 0 -1
		outer loop
			vertex 5.4566922187805 2.4203999042511 0.18000000715256
			vertex 7.3600001335144 1.1518000364304 0.18000000715256
			vertex 7 1.1518000364304 0.18000000715256
		endloop
	endfacet
	facet normal 0 0 -1
		outer loop
			vertex 5.4566922187805 2.4203999042511 0.18000000715256
			vertex 7.3772206306458 1.1483745574951 0.18000000715256
			vertex 7.3600001335144 1.1518000364304 0.18000000715256
		endloop
	endfacet
	facet normal 0 0 -1
		outer loop
			vertex 5.4566922187805 2.4203999042511 0.18000000715256
			vertex 7.462779045105 1.1483745574951 0.18000000715256
			vertex 7.3772206306458 1.1483745574951 0.18000000715256
		endloop
	endfacet
	facet normal 0 0 -1
		outer loop
			vertex 5.4566922187805 2.4203999042511 0.18000000715256
			vertex 7.4800000190735 1.1518000364304 0.18000000715256
			vertex 7.462779045105 1.1483745574951 0.18000000715256
		endloop
	endfacet
	facet normal 0 0 -1
		outer loop
			vertex 5.4566922187805 2.4203999042511 0.18000000715256
			vertex 7.4972205162048 1.1483745574951 0.18000000715256
			vertex 7.4800000190735 1.1518000364304 0.18000000715256
		endloop
	endfacet
	facet normal 0 0 -1
		outer loop
			vertex 5.4566922187805 2.4203999042511 0.18000000715256
			vertex 7.7027792930603 1.1483745574951 0.18000000715256
			vertex 7.4972205162048 1.1483745574951 0.18000000715256
		endloop
	endfacet
	facet normal 0 0 -1
		outer loop
			vertex 5.4566922187805 2.4203999042511 0.18000000715256
			vertex 7.7199997901917 1.1518000364304 0.18000000715256
			vertex 7.7027792930603 1.1483745574951 0.18000000715256
		endloop
	endfacet
	facet normal 0 -1 0
		outer loop
			vertex 6.9250001907349 0.80680000782013 0.46000000834465
			vertex 7.1163601875305 0.80680000782013 0.18000000715256
			vertex 7.1163601875305 0.80680000782013 0.46000000834465
		endloop
	endfacet
	facet normal 0 0 -1
		outer loop
			vertex 7.0186395645142 1.0618000030518 0.18000000715256
			vertex 7.3413605690002 1.0618000030518 0.18000000715256
			vertex 7.1163601875305 0.80680000782013 0.18000000715256
		endloop
	endfacet
	facet normal 0 0 -1
		outer loop
			vertex 7.2436394691467 0.80680000782013 0.18000000715256
			vertex 7.4349999427795 0.96816039085388 0.18000000715256
			vertex 7.4349999427795 0.80680000782013 0.18000000715256
		endloop
	endfacet
	facet normal 0 -1 0
		outer loop
			vertex 7.2436394691467 0.80680000782013 0.18000000715256
			vertex 7.4349999427795 0.80680000782013 0.18000000715256
			vertex 7.4349999427795 0.80680000782013 0.46000000834465
		endloop
	endfacet
	facet normal 0 -1 0
		outer loop
			vertex 7.2436394691467 0.80680000782013 0.18000000715256
			vertex 7.4349999427795 0.80680000782013 0.46000000834465
			vertex 7.2436394691467 0.80680000782013 0.46000000834465
		endloop
	endfacet
	facet normal 0 0 -1
		outer loop
			vertex 7.1163601875305 0.80680000782013 0.18000000715256
			vertex 7.3413605690002 1.0618000030518 0.18000000715256
			vertex 7.3563604354858 1.0468000173569 0.18000000715256
		endloop
	endfacet
	facet normal 0 0 -1
		outer loop
			vertex 7.2436394691467 0.80680000782013 0.18000000715256
			vertex 7.4200000762939 0.98316037654877 0.18000000715256
			vertex 7.4349999427795 0.96816039085388 0.18000000715256
		endloop
	endfacet
	facet normal 0 -1 0
		outer loop
			vertex 5 0.80680000782013 0.54000002145767
			vertex 7.2436394691467 0.80680000782013 0.46000000834465
			vertex 10 0.80680000782013 0.54000002145767
		endloop
	endfacet
	facet normal 0 0 -1
		outer loop
			vertex 7.3845200538635 1.1434972286224 0.18000000715256
			vertex 7.4481801986694 1.1386197805405 0.18000000715256
			vertex 7.3918199539185 1.1386197805405 0.18000000715256
		endloop
	endfacet
	facet normal 0 0 -1
		outer loop
			vertex 7.3772206306458 1.1483745574951 0.18000000715256
			vertex 7.462779045105 1.1483745574951 0.18000000715256
			vertex 7.3845200538635 1.1434972286224 0.18000000715256
		endloop
	endfacet
	facet normal 0 0 -1
		outer loop
			vertex 7.4200000762939 1.110439658165 0.18000000715256
			vertex 7.3918199539185 1.1386197805405 0.18000000715256
			vertex 7.4481801986694 1.1386197805405 0.18000000715256
		endloop
	endfacet
	facet normal 0 0 -1
		outer loop
			vertex 7.3845200538635 1.1434972286224 0.18000000715256
			vertex 7.462779045105 1.1483745574951 0.18000000715256
			vertex 7.4481801986694 1.1386197805405 0.18000000715256
		endloop
	endfacet
	facet normal 0 0 -1
		outer loop
			vertex 5.4566922187805 2.4203999042511 0.18000000715256
			vertex 8.0799999237061 1.1518000364304 0.18000000715256
			vertex 7.7199997901917 1.1518000364304 0.18000000715256
		endloop
	endfacet
	facet normal 0 0 -1
		outer loop
			vertex 5.4566922187805 2.4203999042511 0.18000000715256
			vertex 8.0972204208374 1.1483745574951 0.18000000715256
			vertex 8.0799999237061 1.1518000364304 0.18000000715256
		endloop
	endfacet
	facet normal 0 0 -1
		outer loop
			vertex 5.4566922187805 2.4203999042511 0.18000000715256
			vertex 8.1827793121338 1.1483745574951 0.18000000715256
			vertex 8.0972204208374 1.1483745574951 0.18000000715256
		endloop
	endfacet
	facet normal 0 0 -1
		outer loop
			vertex 5.4566922187805 2.4203999042511 0.18000000715256
			vertex 8.1999998092651 1.1518000364304 0.18000000715256
			vertex 8.1827793121338 1.1483745574951 0.18000000715256
		endloop
	endfacet
	facet normal 0 0 -1
		outer loop
			vertex 5.4566922187805 2.4203999042511 0.18000000715256
			vertex 8.2172203063965 1.1483745574951 0.18000000715256
			vertex 8.1999998092651 1.1518000364304 0.18000000715256
		endloop
	endfacet
	facet normal 0 0 -1
		outer loop
			vertex 5.4566922187805 2.4203999042511 0.18000000715256
			vertex 8.422779083252 1.1483745574951 0.18000000715256
			vertex 8.2172203063965 1.1483745574951 0.18000000715256
		endloop
	endfacet
	facet normal 0 0 -1
		outer loop
			vertex 5.4566922187805 2.4203999042511 0.18000000715256
			vertex 8.4399995803833 1.1518000364304 0.18000000715256
			vertex 8.422779083252 1.1483745574951 0.18000000715256
		endloop
	endfacet
	facet normal 0 1 -0
		outer loop
			vertex 5.0029997825623 2.4203999042511 0.36000001430511
			vertex 5 2.4203999042511 0.54000002145767
			vertex 10 2.4203999042511 0.54000002145767
		endloop
	endfacet
	facet normal 0 0 -1
		outer loop
			vertex 7.5250000953674 0.80680000782013 0.18000000715256
			vertex 7.5549998283386 0.98680001497269 0.18000000715256
			vertex 7.5549998283386 0.80680000782013 0.18000000715256
		endloop
	endfacet
	facet normal 0 -1 0
		outer loop
			vertex 7.5250000953674 0.80680000782013 0.18000000715256
			vertex 7.5549998283386 0.80680000782013 0.18000000715256
			vertex 7.5549998283386 0.80680000782013 0.46000000834465
		endloop
	endfacet
	facet normal 0 -1 0
		outer loop
			vertex 7.5250000953674 0.80680000782013 0.18000000715256
			vertex 7.5549998283386 0.80680000782013 0.46000000834465
			vertex 7.5250000953674 0.80680000782013 0.46000000834465
		endloop
	endfacet
	facet normal 0 0 -1
		outer loop
			vertex 7.5250000953674 0.80680000782013 0.18000000715256
			vertex 7.5250000953674 0.98680001497269 0.18000000715256
			vertex 7.5549998283386 0.98680001497269 0.18000000715256
		endloop
	endfacet
	facet normal 0 0 -1
		outer loop
			vertex 7.4836397171021 1.0468000173569 0.18000000715256
			vertex 7.5681800842285 1.0186197757721 0.18000000715256
			vertex 7.5118198394775 1.0186197757721 0.18000000715256
		endloop
	endfacet
	facet normal 0 0 -1
		outer loop
			vertex 7.4836397171021 1.0468000173569 0.18000000715256
			vertex 7.5118198394775 1.0749801397324 0.18000000715256
			vertex 7.5681800842285 1.0186197757721 0.18000000715256
		endloop
	endfacet
	facet normal 0 0 -1
		outer loop
			vertex 7.5250000953674 0.98680001497269 0.18000000715256
			vertex 7.5215744972229 1.0040208101273 0.18000000715256
			vertex 7.5549998283386 0.98680001497269 0.18000000715256
		endloop
	endfacet
	facet normal 0 0 -1
		outer loop
			vertex 7.5118198394775 1.0186197757721 0.18000000715256
			vertex 7.5584254264832 1.0040208101273 0.18000000715256
			vertex 7.5215744972229 1.0040208101273 0.18000000715256
		endloop
	endfacet
	facet normal 0 0 -1
		outer loop
			vertex 7.5215744972229 1.0040208101273 0.18000000715256
			vertex 7.5584254264832 1.0040208101273 0.18000000715256
			vertex 7.5549998283386 0.98680001497269 0.18000000715256
		endloop
	endfacet
	facet normal 0 0 -1
		outer loop
			vertex 7.5118198394775 1.0186197757721 0.18000000715256
			vertex 7.5681800842285 1.0186197757721 0.18000000715256
			vertex 7.5584254264832 1.0040208101273 0.18000000715256
		endloop
	endfacet
	facet normal 0 0 -1
		outer loop
			vertex 7.5118198394775 1.0749801397324 0.18000000715256
			vertex 7.5215744972229 1.0895792245865 0.18000000715256
			vertex 7.5681800842285 1.0186197757721 0.18000000715256
		endloop
	endfacet
	facet normal 0 0 -1
		outer loop
			vertex 7.5215744972229 1.0895792245865 0.18000000715256
			vertex 7.5250000953674 1.1067999601364 0.18000000715256
			vertex 7.5681800842285 1.0186197757721 0.18000000715256
		endloop
	endfacet
	facet normal 0 0 -1
		outer loop
			vertex 7.6449999809265 0.80680000782013 0.18000000715256
			vertex 7.6449999809265 0.96816039085388 0.18000000715256
			vertex 7.8363604545593 0.80680000782013 0.18000000715256
		endloop
	endfacet
	facet normal 0 -1 0
		outer loop
			vertex 7.6449999809265 0.80680000782013 0.18000000715256
			vertex 7.8363604545593 0.80680000782013 0.46000000834465
			vertex 7.6449999809265 0.80680000782013 0.46000000834465
		endloop
	endfacet
	facet normal 0 0 -1
		outer loop
			vertex 7.5250000953674 1.1067999601364 0.18000000715256
			vertex 7.5215744972229 1.1240206956863 0.18000000715256
			vertex 7.5681800842285 1.0186197757721 0.18000000715256
		endloop
	endfacet
	facet normal 0 0 -1
		outer loop
			vertex 7.4972205162048 1.1483745574951 0.18000000715256
			vertex 7.6881799697876 1.1386197805405 0.18000000715256
			vertex 7.5118198394775 1.1386197805405 0.18000000715256
		endloop
	endfacet
	facet normal 0 0 -1
		outer loop
			vertex 7.5118198394775 1.1386197805405 0.18000000715256
			vertex 7.6881799697876 1.1386197805405 0.18000000715256
			vertex 7.5215744972229 1.1240206956863 0.18000000715256
		endloop
	endfacet
	facet normal 0 0 -1
		outer loop
			vertex 7.5215744972229 1.1240206956863 0.18000000715256
			vertex 7.6881799697876 1.1386197805405 0.18000000715256
			vertex 7.5681800842285 1.0186197757721 0.18000000715256
		endloop
	endfacet
	facet normal 0 0 -1
		outer loop
			vertex 7.4972205162048 1.1483745574951 0.18000000715256
			vertex 7.7027792930603 1.1483745574951 0.18000000715256
			vertex 7.6881799697876 1.1386197805405 0.18000000715256
		endloop
	endfacet
	facet normal 0 -1 0
		outer loop
			vertex 7.6449999809265 0.80680000782013 0.18000000715256
			vertex 7.8363604545593 0.80680000782013 0.18000000715256
			vertex 7.8363604545593 0.80680000782013 0.46000000834465
		endloop
	endfacet
	facet normal 0 0 -1
		outer loop
			vertex 7.6449999809265 0.96816039085388 0.18000000715256
			vertex 7.738639831543 1.0618000030518 0.18000000715256
			vertex 7.8363604545593 0.80680000782013 0.18000000715256
		endloop
	endfacet
	facet normal 0 0 -1
		outer loop
			vertex 7.738639831543 1.0618000030518 0.18000000715256
			vertex 8.0613603591919 1.0618000030518 0.18000000715256
			vertex 7.8363604545593 0.80680000782013 0.18000000715256
		endloop
	endfacet
	facet normal 0 0 -1
		outer loop
			vertex 5.4566922187805 2.4203999042511 0.18000000715256
			vertex 8.8000001907349 1.1518000364304 0.18000000715256
			vertex 8.4399995803833 1.1518000364304 0.18000000715256
		endloop
	endfacet
	facet normal 0 0 -1
		outer loop
			vertex 5.4566922187805 2.4203999042511 0.18000000715256
			vertex 8.8172206878662 1.1483745574951 0.18000000715256
			vertex 8.8000001907349 1.1518000364304 0.18000000715256
		endloop
	endfacet
	facet normal 0 0 -1
		outer loop
			vertex 5.4566922187805 2.4203999042511 0.18000000715256
			vertex 9.1427793502808 1.1483745574951 0.18000000715256
			vertex 8.8172206878662 1.1483745574951 0.18000000715256
		endloop
	endfacet
	facet normal 0 0 -1
		outer loop
			vertex 5.4566922187805 2.4203999042511 0.18000000715256
			vertex 9.1599998474121 1.1518000364304 0.18000000715256
			vertex 9.1427793502808 1.1483745574951 0.18000000715256
		endloop
	endfacet
	facet normal 0 -1 0
		outer loop
			vertex 7.9636397361755 0.80680000782013 0.18000000715256
			vertex 8.1549997329712 0.80680000782013 0.46000000834465
			vertex 7.9636397361755 0.80680000782013 0.46000000834465
		endloop
	endfacet
	facet normal 0 0 -1
		outer loop
			vertex 7.8363604545593 0.80680000782013 0.18000000715256
			vertex 8.0613603591919 1.0618000030518 0.18000000715256
			vertex 8.0763607025146 1.0468000173569 0.18000000715256
		endloop
	endfacet
	facet normal 0 0 -1
		outer loop
			vertex 7.9636397361755 0.80680000782013 0.18000000715256
			vertex 8.1549997329712 0.96816039085388 0.18000000715256
			vertex 8.1549997329712 0.80680000782013 0.18000000715256
		endloop
	endfacet
	facet normal 0 -1 0
		outer loop
			vertex 7.9636397361755 0.80680000782013 0.18000000715256
			vertex 8.1549997329712 0.80680000782013 0.18000000715256
			vertex 8.1549997329712 0.80680000782013 0.46000000834465
		endloop
	endfacet
	facet normal 0 0 -1
		outer loop
			vertex 7.9636397361755 0.80680000782013 0.18000000715256
			vertex 8.1400003433228 0.98316037654877 0.18000000715256
			vertex 8.1549997329712 0.96816039085388 0.18000000715256
		endloop
	endfacet
	facet normal 0 0 -1
		outer loop
			vertex 8.0972204208374 1.1483745574951 0.18000000715256
			vertex 8.1681804656982 1.1386197805405 0.18000000715256
			vertex 8.1118202209473 1.1386197805405 0.18000000715256
		endloop
	endfacet
	facet normal 0 0 -1
		outer loop
			vertex 8.1400003433228 1.110439658165 0.18000000715256
			vertex 8.1118202209473 1.1386197805405 0.18000000715256
			vertex 8.1681804656982 1.1386197805405 0.18000000715256
		endloop
	endfacet
	facet normal 0 0 -1
		outer loop
			vertex 8.0972204208374 1.1483745574951 0.18000000715256
			vertex 8.1827793121338 1.1483745574951 0.18000000715256
			vertex 8.1681804656982 1.1386197805405 0.18000000715256
		endloop
	endfacet
	facet normal 0 0 -1
		outer loop
			vertex 8.2449998855591 0.80680000782013 0.18000000715256
			vertex 8.2784252166748 0.90957921743393 0.18000000715256
			vertex 8.2881803512573 0.89498019218445 0.18000000715256
		endloop
	endfacet
	facet normal 0 0 -1
		outer loop
			vertex 8.2449998855591 0.80680000782013 0.18000000715256
			vertex 8.2881803512573 0.89498019218445 0.18000000715256
			vertex 8.3763599395752 0.80680000782013 0.18000000715256
		endloop
	endfacet
	facet normal 0 -1 0
		outer loop
			vertex 8.2449998855591 0.80680000782013 0.18000000715256
			vertex 8.3763599395752 0.80680000782013 0.46000000834465
			vertex 8.2449998855591 0.80680000782013 0.46000000834465
		endloop
	endfacet
	facet normal 0 0 -1
		outer loop
			vertex 8.2449998855591 0.80680000782013 0.18000000715256
			vertex 8.2449998855591 0.98680001497269 0.18000000715256
			vertex 8.2784252166748 0.90957921743393 0.18000000715256
		endloop
	endfacet
	facet normal 0 0 -1
		outer loop
			vertex 8.2036399841309 1.0468000173569 0.18000000715256
			vertex 8.2318201065063 1.0749801397324 0.18000000715256
			vertex 8.2318201065063 1.0186197757721 0.18000000715256
		endloop
	endfacet
	facet normal 0 0 -1
		outer loop
			vertex 8.2449998855591 0.98680001497269 0.18000000715256
			vertex 8.2415742874146 1.0040208101273 0.18000000715256
			vertex 8.2749996185303 0.98680001497269 0.18000000715256
		endloop
	endfacet
	facet normal 0 0 -1
		outer loop
			vertex 8.2318201065063 1.0186197757721 0.18000000715256
			vertex 8.2415742874146 1.0895792245865 0.18000000715256
			vertex 8.2415742874146 1.0040208101273 0.18000000715256
		endloop
	endfacet
	facet normal 0 0 -1
		outer loop
			vertex 8.2318201065063 1.0186197757721 0.18000000715256
			vertex 8.2318201065063 1.0749801397324 0.18000000715256
			vertex 8.2415742874146 1.0895792245865 0.18000000715256
		endloop
	endfacet
	facet normal 0 0 -1
		outer loop
			vertex 8.2415742874146 1.0040208101273 0.18000000715256
			vertex 8.2415742874146 1.0895792245865 0.18000000715256
			vertex 8.2784252166748 1.0040208101273 0.18000000715256
		endloop
	endfacet
	facet normal 0 0 -1
		outer loop
			vertex 8.2881803512573 1.0186197757721 0.18000000715256
			vertex 8.2415742874146 1.0895792245865 0.18000000715256
			vertex 8.2449998855591 1.1067999601364 0.18000000715256
		endloop
	endfacet
	facet normal 0 0 -1
		outer loop
			vertex 8.2449998855591 0.98680001497269 0.18000000715256
			vertex 8.2749996185303 0.9268000125885 0.18000000715256
			vertex 8.2784252166748 0.90957921743393 0.18000000715256
		endloop
	endfacet
	facet normal 0 0 -1
		outer loop
			vertex 8.2449998855591 0.98680001497269 0.18000000715256
			vertex 8.2749996185303 0.98680001497269 0.18000000715256
			vertex 8.2749996185303 0.9268000125885 0.18000000715256
		endloop
	endfacet
	facet normal 0 0 -1
		outer loop
			vertex 8.2415742874146 1.0040208101273 0.18000000715256
			vertex 8.2784252166748 1.0040208101273 0.18000000715256
			vertex 8.2749996185303 0.98680001497269 0.18000000715256
		endloop
	endfacet
	facet normal 0 0 -1
		outer loop
			vertex 8.2784252166748 1.0040208101273 0.18000000715256
			vertex 8.2415742874146 1.0895792245865 0.18000000715256
			vertex 8.2881803512573 1.0186197757721 0.18000000715256
		endloop
	endfacet
	facet normal 0 -1 0
		outer loop
			vertex 8.2449998855591 0.80680000782013 0.18000000715256
			vertex 8.3763599395752 0.80680000782013 0.18000000715256
			vertex 8.3763599395752 0.80680000782013 0.46000000834465
		endloop
	endfacet
	facet normal 0 0 -1
		outer loop
			vertex 8.3649997711182 0.94543963670731 0.18000000715256
			vertex 8.4586391448975 1.0618000030518 0.18000000715256
			vertex 8.4586391448975 0.85180002450943 0.18000000715256
		endloop
	endfacet
	facet normal 0 0 -1
		outer loop
			vertex 8.3649997711182 0.94543963670731 0.18000000715256
			vertex 8.3649997711182 0.96816039085388 0.18000000715256
			vertex 8.4586391448975 1.0618000030518 0.18000000715256
		endloop
	endfacet
	facet normal 0 0 -1
		outer loop
			vertex 8.2881803512573 1.0186197757721 0.18000000715256
			vertex 8.2449998855591 1.1067999601364 0.18000000715256
			vertex 8.2415742874146 1.1240206956863 0.18000000715256
		endloop
	endfacet
	facet normal 0 0 -1
		outer loop
			vertex 8.2172203063965 1.1483745574951 0.18000000715256
			vertex 8.4081802368164 1.1386197805405 0.18000000715256
			vertex 8.2318201065063 1.1386197805405 0.18000000715256
		endloop
	endfacet
	facet normal 0 0 -1
		outer loop
			vertex 8.2881803512573 1.0186197757721 0.18000000715256
			vertex 8.2415742874146 1.1240206956863 0.18000000715256
			vertex 8.4081802368164 1.1386197805405 0.18000000715256
		endloop
	endfacet
	facet normal 0 0 -1
		outer loop
			vertex 8.2415742874146 1.1240206956863 0.18000000715256
			vertex 8.2318201065063 1.1386197805405 0.18000000715256
			vertex 8.4081802368164 1.1386197805405 0.18000000715256
		endloop
	endfacet
	facet normal 0 0 -1
		outer loop
			vertex 8.2172203063965 1.1483745574951 0.18000000715256
			vertex 8.422779083252 1.1483745574951 0.18000000715256
			vertex 8.4081802368164 1.1386197805405 0.18000000715256
		endloop
	endfacet
	facet normal 0 0 -1
		outer loop
			vertex 5.4566922187805 2.4203999042511 0.18000000715256
			vertex 9.5200004577637 1.1518000364304 0.18000000715256
			vertex 9.1599998474121 1.1518000364304 0.18000000715256
		endloop
	endfacet
	facet normal 0 0 -1
		outer loop
			vertex 5.4566922187805 2.4203999042511 0.18000000715256
			vertex 9.537220954895 1.1483745574951 0.18000000715256
			vertex 9.5200004577637 1.1518000364304 0.18000000715256
		endloop
	endfacet
	facet normal 0 1 0
		outer loop
			vertex 5.0029997825623 2.4203999042511 0.36000001430511
			vertex 15 2.4203999042511 0.54000002145767
			vertex 5.018000125885 2.4203999042511 0.36000001430511
		endloop
	endfacet
	facet normal 0 0 -1
		outer loop
			vertex 8.4586391448975 0.85180002450943 0.18000000715256
			vertex 8.4586391448975 1.0618000030518 0.18000000715256
			vertex 8.7813606262207 1.0618000030518 0.18000000715256
		endloop
	endfacet
	facet normal 0 0 -1
		outer loop
			vertex 8.4586391448975 0.85180002450943 0.18000000715256
			vertex 8.7813606262207 1.0618000030518 0.18000000715256
			vertex 8.8881797790527 0.95498019456863 0.18000000715256
		endloop
	endfacet
	facet normal 0 0 -1
		outer loop
			vertex 8.4586391448975 0.85180002450943 0.18000000715256
			vertex 8.8881797790527 0.95498019456863 0.18000000715256
			vertex 8.9200000762939 0.85180002450943 0.18000000715256
		endloop
	endfacet
	facet normal 0 0 -1
		outer loop
			vertex 8.9200000762939 0.85180002450943 0.18000000715256
			vertex 8.8881797790527 0.95498019456863 0.18000000715256
			vertex 8.9027795791626 0.94522541761398 0.18000000715256
		endloop
	endfacet
	facet normal 0 0 -1
		outer loop
			vertex 8.9200000762939 0.85180002450943 0.18000000715256
			vertex 8.9949998855591 0.89679998159409 0.18000000715256
			vertex 8.9372205734253 0.84837460517883 0.18000000715256
		endloop
	endfacet
	facet normal 0 0 -1
		outer loop
			vertex 8.9372205734253 0.84837460517883 0.18000000715256
			vertex 8.9949998855591 0.89679998159409 0.18000000715256
			vertex 8.9518194198608 0.83861982822418 0.18000000715256
		endloop
	endfacet
	facet normal 0 0 -1
		outer loop
			vertex 8.9650001525879 0.80680000782013 0.18000000715256
			vertex 8.9615745544434 0.82402074337006 0.18000000715256
			vertex 8.9949998855591 0.80680000782013 0.18000000715256
		endloop
	endfacet
	facet normal 0 0 -1
		outer loop
			vertex 8.9615745544434 0.82402074337006 0.18000000715256
			vertex 8.9518194198608 0.83861982822418 0.18000000715256
			vertex 8.9949998855591 0.89679998159409 0.18000000715256
		endloop
	endfacet
	facet normal 0 0 -1
		outer loop
			vertex 8.9615745544434 0.82402074337006 0.18000000715256
			vertex 8.9949998855591 0.89679998159409 0.18000000715256
			vertex 8.9949998855591 0.80680000782013 0.18000000715256
		endloop
	endfacet
	facet normal 0 -1 0
		outer loop
			vertex 8.9650001525879 0.80680000782013 0.18000000715256
			vertex 8.9949998855591 0.80680000782013 0.18000000715256
			vertex 8.9949998855591 0.80680000782013 0.46000000834465
		endloop
	endfacet
	facet normal 0 -1 0
		outer loop
			vertex 8.9650001525879 0.80680000782013 0.18000000715256
			vertex 8.9949998855591 0.80680000782013 0.46000000834465
			vertex 8.9650001525879 0.80680000782013 0.46000000834465
		endloop
	endfacet
	facet normal 0 0 -1
		outer loop
			vertex 8.9200000762939 0.85180002450943 0.18000000715256
			vertex 8.9027795791626 0.94522541761398 0.18000000715256
			vertex 8.9200000762939 0.94179999828339 0.18000000715256
		endloop
	endfacet
	facet normal 0 0 -1
		outer loop
			vertex 8.9200000762939 0.85180002450943 0.18000000715256
			vertex 8.9200000762939 0.94179999828339 0.18000000715256
			vertex 8.9372205734253 0.94522541761398 0.18000000715256
		endloop
	endfacet
	facet normal 0 0 -1
		outer loop
			vertex 8.9200000762939 0.85180002450943 0.18000000715256
			vertex 8.9372205734253 0.94522541761398 0.18000000715256
			vertex 8.9949998855591 0.89679998159409 0.18000000715256
		endloop
	endfacet
	facet normal 0 0 -1
		outer loop
			vertex 8.9372205734253 0.94522541761398 0.18000000715256
			vertex 8.9518194198608 0.95498019456863 0.18000000715256
			vertex 8.9949998855591 0.89679998159409 0.18000000715256
		endloop
	endfacet
	facet normal 0 0 -1
		outer loop
			vertex 8.8318195343018 1.1386197805405 0.18000000715256
			vertex 9.0081806182861 1.0186197757721 0.18000000715256
			vertex 8.9518194198608 1.0186197757721 0.18000000715256
		endloop
	endfacet
	facet normal 0 0 -1
		outer loop
			vertex 8.9949998855591 0.89679998159409 0.18000000715256
			vertex 8.9518194198608 0.95498019456863 0.18000000715256
			vertex 8.9615745544434 0.96957921981812 0.18000000715256
		endloop
	endfacet
	facet normal 0 0 -1
		outer loop
			vertex 8.9615745544434 0.96957921981812 0.18000000715256
			vertex 8.9650001525879 0.98680001497269 0.18000000715256
			vertex 8.9949998855591 0.98680001497269 0.18000000715256
		endloop
	endfacet
	facet normal 0 0 -1
		outer loop
			vertex 8.9949998855591 0.89679998159409 0.18000000715256
			vertex 8.9615745544434 0.96957921981812 0.18000000715256
			vertex 8.9949998855591 0.98680001497269 0.18000000715256
		endloop
	endfacet
	facet normal 0 0 -1
		outer loop
			vertex 8.9650001525879 0.98680001497269 0.18000000715256
			vertex 8.9615745544434 1.0040208101273 0.18000000715256
			vertex 8.9949998855591 0.98680001497269 0.18000000715256
		endloop
	endfacet
	facet normal 0 0 -1
		outer loop
			vertex 8.9518194198608 1.0186197757721 0.18000000715256
			vertex 8.9984254837036 1.0040208101273 0.18000000715256
			vertex 8.9615745544434 1.0040208101273 0.18000000715256
		endloop
	endfacet
	facet normal 0 0 -1
		outer loop
			vertex 8.9615745544434 1.0040208101273 0.18000000715256
			vertex 8.9984254837036 1.0040208101273 0.18000000715256
			vertex 8.9949998855591 0.98680001497269 0.18000000715256
		endloop
	endfacet
	facet normal 0 0 -1
		outer loop
			vertex 8.9518194198608 1.0186197757721 0.18000000715256
			vertex 9.0081806182861 1.0186197757721 0.18000000715256
			vertex 8.9984254837036 1.0040208101273 0.18000000715256
		endloop
	endfacet
	facet normal 0 0 -1
		outer loop
			vertex 9.085000038147 0.85180002450943 0.18000000715256
			vertex 9.085000038147 0.96816039085388 0.18000000715256
			vertex 9.1786394119263 1.0618000030518 0.18000000715256
		endloop
	endfacet
	facet normal 0 0 -1
		outer loop
			vertex 8.8172206878662 1.1483745574951 0.18000000715256
			vertex 9.1281805038452 1.1386197805405 0.18000000715256
			vertex 8.8318195343018 1.1386197805405 0.18000000715256
		endloop
	endfacet
	facet normal 0 0 -1
		outer loop
			vertex 8.8318195343018 1.1386197805405 0.18000000715256
			vertex 9.1281805038452 1.1386197805405 0.18000000715256
			vertex 9.0081806182861 1.0186197757721 0.18000000715256
		endloop
	endfacet
	facet normal 0 0 -1
		outer loop
			vertex 8.8172206878662 1.1483745574951 0.18000000715256
			vertex 9.1427793502808 1.1483745574951 0.18000000715256
			vertex 9.1281805038452 1.1386197805405 0.18000000715256
		endloop
	endfacet
	facet normal 0 0 -1
		outer loop
			vertex 9.085000038147 0.85180002450943 0.18000000715256
			vertex 9.1786394119263 1.0618000030518 0.18000000715256
			vertex 9.2799997329712 0.85180002450943 0.18000000715256
		endloop
	endfacet
	facet normal 0 0 -1
		outer loop
			vertex 9.2799997329712 0.85180002450943 0.18000000715256
			vertex 9.5013599395752 1.0618000030518 0.18000000715256
			vertex 9.2972211837769 0.84837460517883 0.18000000715256
		endloop
	endfacet
	facet normal 0 0 -1
		outer loop
			vertex 9.2972211837769 0.84837460517883 0.18000000715256
			vertex 9.5013599395752 1.0618000030518 0.18000000715256
			vertex 9.3118200302124 0.83861982822418 0.18000000715256
		endloop
	endfacet
	facet normal 0 0 -1
		outer loop
			vertex 9.2799997329712 0.85180002450943 0.18000000715256
			vertex 9.1786394119263 1.0618000030518 0.18000000715256
			vertex 9.5013599395752 1.0618000030518 0.18000000715256
		endloop
	endfacet
	facet normal 0 1 0
		outer loop
			vertex 5.018000125885 2.4203999042511 0.36000001430511
			vertex 15 2.4203999042511 0.54000002145767
			vertex 5.3420000076294 2.4203999042511 0.36000001430511
		endloop
	endfacet
	facet normal -0 1 0
		outer loop
			vertex 5.356999874115 2.4203999042511 0.36000001430511
			vertex 15 2.4203999042511 0.54000002145767
			vertex 5.4566922187805 2.4203999042511 0.18000000715256
		endloop
	endfacet
	facet normal 0 1 0
		outer loop
			vertex 5.3420000076294 2.4203999042511 0.36000001430511
			vertex 15 2.4203999042511 0.54000002145767
			vertex 5.356999874115 2.4203999042511 0.36000001430511
		endloop
	endfacet
	facet normal 0 0 -1
		outer loop
			vertex 9.3249998092651 0.80680000782013 0.18000000715256
			vertex 9.3215742111206 0.82402074337006 0.18000000715256
			vertex 9.5950002670288 0.96816039085388 0.18000000715256
		endloop
	endfacet
	facet normal 0 0 -1
		outer loop
			vertex 9.3215742111206 0.82402074337006 0.18000000715256
			vertex 9.3118200302124 0.83861982822418 0.18000000715256
			vertex 9.5950002670288 0.96816039085388 0.18000000715256
		endloop
	endfacet
	facet normal 0 -1 0
		outer loop
			vertex 9.3249998092651 0.80680000782013 0.18000000715256
			vertex 9.5950002670288 0.80680000782013 0.46000000834465
			vertex 9.3249998092651 0.80680000782013 0.46000000834465
		endloop
	endfacet
	facet normal 0 0 -1
		outer loop
			vertex 9.3118200302124 0.83861982822418 0.18000000715256
			vertex 9.5013599395752 1.0618000030518 0.18000000715256
			vertex 9.5950002670288 0.96816039085388 0.18000000715256
		endloop
	endfacet
	facet normal 0 0 -1
		outer loop
			vertex 9.3249998092651 0.80680000782013 0.18000000715256
			vertex 9.5950002670288 0.96816039085388 0.18000000715256
			vertex 9.5950002670288 0.80680000782013 0.18000000715256
		endloop
	endfacet
	facet normal 0 -1 0
		outer loop
			vertex 9.3249998092651 0.80680000782013 0.18000000715256
			vertex 9.5950002670288 0.80680000782013 0.18000000715256
			vertex 9.5950002670288 0.80680000782013 0.46000000834465
		endloop
	endfacet
	facet normal 0 -1 0
		outer loop
			vertex 7.2436394691467 0.80680000782013 0.46000000834465
			vertex 7.4349999427795 0.80680000782013 0.46000000834465
			vertex 15 0.80680000782013 0.54000002145767
		endloop
	endfacet
	facet normal 0 -1 0
		outer loop
			vertex 7.4349999427795 0.80680000782013 0.46000000834465
			vertex 7.5250000953674 0.80680000782013 0.46000000834465
			vertex 15 0.80680000782013 0.54000002145767
		endloop
	endfacet
	facet normal 0 -1 0
		outer loop
			vertex 7.5250000953674 0.80680000782013 0.46000000834465
			vertex 7.5549998283386 0.80680000782013 0.46000000834465
			vertex 15 0.80680000782013 0.54000002145767
		endloop
	endfacet
	facet normal 0 -1 0
		outer loop
			vertex 7.5549998283386 0.80680000782013 0.46000000834465
			vertex 7.6449999809265 0.80680000782013 0.46000000834465
			vertex 15 0.80680000782013 0.54000002145767
		endloop
	endfacet
	facet normal 0 0 -1
		outer loop
			vertex 5.4566922187805 2.4203999042511 0.18000000715256
			vertex 15 0.80680000782013 0.18000000715256
			vertex 9.537220954895 1.1483745574951 0.18000000715256
		endloop
	endfacet
	facet normal 0 -1 0
		outer loop
			vertex 7.6449999809265 0.80680000782013 0.46000000834465
			vertex 7.8363604545593 0.80680000782013 0.46000000834465
			vertex 15 0.80680000782013 0.54000002145767
		endloop
	endfacet
	facet normal 0 -1 0
		outer loop
			vertex 7.8363604545593 0.80680000782013 0.46000000834465
			vertex 7.9636397361755 0.80680000782013 0.46000000834465
			vertex 15 0.80680000782013 0.54000002145767
		endloop
	endfacet
	facet normal 0 1 0
		outer loop
			vertex 5.0029997825623 2.4203999042511 0.36000001430511
			vertex 10 2.4203999042511 0.54000002145767
			vertex 15 2.4203999042511 0.54000002145767
		endloop
	endfacet
	facet normal 0 -1 0
		outer loop
			vertex 7.9636397361755 0.80680000782013 0.46000000834465
			vertex 8.1549997329712 0.80680000782013 0.46000000834465
			vertex 15 0.80680000782013 0.54000002145767
		endloop
	endfacet
	facet normal 0 -1 0
		outer loop
			vertex 8.1549997329712 0.80680000782013 0.46000000834465
			vertex 8.2449998855591 0.80680000782013 0.46000000834465
			vertex 15 0.80680000782013 0.54000002145767
		endloop
	endfacet
	facet normal 0 -1 0
		outer loop
			vertex 8.2449998855591 0.80680000782013 0.46000000834465
			vertex 8.3763599395752 0.80680000782013 0.46000000834465
			vertex 15 0.80680000782013 0.54000002145767
		endloop
	endfacet
	facet normal 0 -1 0
		outer loop
			vertex 8.3763599395752 0.80680000782013 0.46000000834465
			vertex 8.4399995803833 0.80680000782013 0.46000000834465
			vertex 15 0.80680000782013 0.54000002145767
		endloop
	endfacet
	facet normal 0 -1 0
		outer loop
			vertex 7.2436394691467 0.80680000782013 0.46000000834465
			vertex 15 0.80680000782013 0.54000002145767
			vertex 10 0.80680000782013 0.54000002145767
		endloop
	endfacet
	facet normal 0 -1 0
		outer loop
			vertex 8.4399995803833 0.80680000782013 0.46000000834465
			vertex 8.9200000762939 0.80680000782013 0.46000000834465
			vertex 15 0.80680000782013 0.54000002145767
		endloop
	endfacet
	facet normal 0 -1 0
		outer loop
			vertex 8.9200000762939 0.80680000782013 0.46000000834465
			vertex 8.9581489562988 0.80680000782013 0.46000000834465
			vertex 15 0.80680000782013 0.54000002145767
		endloop
	endfacet
	facet normal 0 -1 0
		outer loop
			vertex 8.9581489562988 0.80680000782013 0.46000000834465
			vertex 8.9650001525879 0.80680000782013 0.46000000834465
			vertex 15 0.80680000782013 0.54000002145767
		endloop
	endfacet
	facet normal 0 -1 0
		outer loop
			vertex 8.9650001525879 0.80680000782013 0.46000000834465
			vertex 8.9949998855591 0.80680000782013 0.46000000834465
			vertex 15 0.80680000782013 0.54000002145767
		endloop
	endfacet
	facet normal 0 -1 0
		outer loop
			vertex 8.9949998855591 0.80680000782013 0.46000000834465
			vertex 9.0145092010498 0.80680000782013 0.46000000834465
			vertex 15 0.80680000782013 0.54000002145767
		endloop
	endfacet
	facet normal 0 -1 0
		outer loop
			vertex 9.0145092010498 0.80680000782013 0.46000000834465
			vertex 9.039999961853 0.80680000782013 0.46000000834465
			vertex 15 0.80680000782013 0.54000002145767
		endloop
	endfacet
	facet normal 0 -1 0
		outer loop
			vertex 9.039999961853 0.80680000782013 0.46000000834465
			vertex 9.2799997329712 0.80680000782013 0.46000000834465
			vertex 15 0.80680000782013 0.54000002145767
		endloop
	endfacet
	facet normal 0 -1 0
		outer loop
			vertex 9.2799997329712 0.80680000782013 0.46000000834465
			vertex 9.3249998092651 0.80680000782013 0.46000000834465
			vertex 15 0.80680000782013 0.54000002145767
		endloop
	endfacet
	facet normal 0 0 -1
		outer loop
			vertex 9.537220954895 1.1483745574951 0.18000000715256
			vertex 15 0.80680000782013 0.18000000715256
			vertex 9.5518198013306 1.1386197805405 0.18000000715256
		endloop
	endfacet
	facet normal 0 0 -1
		outer loop
			vertex 9.6850004196167 0.80680000782013 0.18000000715256
			vertex 9.6850004196167 0.98680001497269 0.18000000715256
			vertex 15 0.80680000782013 0.18000000715256
		endloop
	endfacet
	facet normal 0 -1 0
		outer loop
			vertex 9.6850004196167 0.80680000782013 0.18000000715256
			vertex 15 0.80680000782013 0.54000002145767
			vertex 9.6850004196167 0.80680000782013 0.46000000834465
		endloop
	endfacet
	facet normal 0 0 -1
		outer loop
			vertex 9.5518198013306 1.1386197805405 0.18000000715256
			vertex 15 0.80680000782013 0.18000000715256
			vertex 9.6718196868896 1.0186197757721 0.18000000715256
		endloop
	endfacet
	facet normal 0 0 -1
		outer loop
			vertex 9.6718196868896 1.0186197757721 0.18000000715256
			vertex 15 0.80680000782013 0.18000000715256
			vertex 9.6815748214722 1.0040208101273 0.18000000715256
		endloop
	endfacet
	facet normal 0 0 -1
		outer loop
			vertex 9.6815748214722 1.0040208101273 0.18000000715256
			vertex 15 0.80680000782013 0.18000000715256
			vertex 9.6850004196167 0.98680001497269 0.18000000715256
		endloop
	endfacet
	facet normal 0 -1 0
		outer loop
			vertex 9.3249998092651 0.80680000782013 0.46000000834465
			vertex 9.5950002670288 0.80680000782013 0.46000000834465
			vertex 15 0.80680000782013 0.54000002145767
		endloop
	endfacet
	facet normal 0 -1 0
		outer loop
			vertex 9.5950002670288 0.80680000782013 0.46000000834465
			vertex 9.6850004196167 0.80680000782013 0.46000000834465
			vertex 15 0.80680000782013 0.54000002145767
		endloop
	endfacet
	facet normal 0 0 1
		outer loop
			vertex 10 0.80680000782013 0.54000002145767
			vertex 15 2.4203999042511 0.54000002145767
			vertex 10 2.4203999042511 0.54000002145767
		endloop
	endfacet
	facet normal 0 0 -1
		outer loop
			vertex 5.4566922187805 2.4203999042511 0.18000000715256
			vertex 15 2.4203999042511 0.18000000715256
			vertex 15 0.80680000782013 0.18000000715256
		endloop
	endfacet
	facet normal 0 1 0
		outer loop
			vertex 5.4566922187805 2.4203999042511 0.18000000715256
			vertex 15 2.4203999042511 0.54000002145767
			vertex 15 2.4203999042511 0.18000000715256
		endloop
	endfacet
	facet normal 0 -1 0
		outer loop
			vertex 9.6850004196167 0.80680000782013 0.18000000715256
			vertex 15 0.80680000782013 0.18000000715256
			vertex 15 0.80680000782013 0.54000002145767
		endloop
	endfacet
	facet normal 0 0 1
		outer loop
			vertex 10 0.80680000782013 0.54000002145767
			vertex 15 0.80680000782013 0.54000002145767
			vertex 15 2.4203999042511 0.54000002145767
		endloop
	endfacet
	facet normal 1 0 0
		outer loop
			vertex 15 0.80680000782013 0.18000000715256
			vertex 15 2.4203999042511 0.18000000715256
			vertex 15 0.80680000782013 0.54000002145767
		endloop
	endfacet
	facet normal 1 -0 0
		outer loop
			vertex 15 0.80680000782013 0.54000002145767
			vertex 15 2.4203999042511 0.18000000715256
			vertex 15 2.4203999042511 0.54000002145767
		endloop
	endfacet
	facet normal 0 0 -1
		outer loop
			vertex 6.8749294281006 12.102100372314 0.18000000715256
			vertex 6.7632923126221 12.534439086914 0.18000000715256
			vertex 8.3332500457764 13.715700149536 0.18000000715256
		endloop
	endfacet
	facet normal 0 0 -1
		outer loop
			vertex 6.7632923126221 12.534439086914 0.18000000715256
			vertex 6.7632923126221 12.908900260925 0.18000000715256
			vertex 8.3332500457764 13.715700149536 0.18000000715256
		endloop
	endfacet
	facet normal 0 0 -1
		outer loop
			vertex 6.666600227356 12.908900260925 0.18000000715256
			vertex 8.3332500457764 13.715700149536 0.18000000715256
			vertex 6.7565999031067 12.908900260925 0.18000000715256
		endloop
	endfacet
	facet normal 0 0 -1
		outer loop
			vertex 6.666600227356 12.908900260925 0.18000000715256
			vertex 6.4582705497742 13.715700149536 0.18000000715256
			vertex 8.3332500457764 13.715700149536 0.18000000715256
		endloop
	endfacet
	facet normal 0 0 -1
		outer loop
			vertex 6.7632923126221 12.908900260925 0.18000000715256
			vertex 6.7565999031067 12.908900260925 0.18000000715256
			vertex 8.3332500457764 13.715700149536 0.18000000715256
		endloop
	endfacet
	facet normal 0 0 -1
		outer loop
			vertex 6.8749294281006 12.102100372314 0.18000000715256
			vertex 15 13.715700149536 0.18000000715256
			vertex 8.3332500457764 12.102100372314 0.18000000715256
		endloop
	endfacet
	facet normal 0 -1 0
		outer loop
			vertex 8.3332500457764 12.102100372314 0.18000000715256
			vertex 15 12.102100372314 0.18000000715256
			vertex 8.3332500457764 12.102100372314 0.54000002145767
		endloop
	endfacet
	facet normal 0 0 1
		outer loop
			vertex 8.3332500457764 12.102100372314 0.54000002145767
			vertex 15 12.102100372314 0.54000002145767
			vertex 8.3332500457764 13.177846908569 0.54000002145767
		endloop
	endfacet
	facet normal 0 0 -1
		outer loop
			vertex 6.8749294281006 12.102100372314 0.18000000715256
			vertex 8.3332500457764 13.715700149536 0.18000000715256
			vertex 15 13.715700149536 0.18000000715256
		endloop
	endfacet
	facet normal 0 1 0
		outer loop
			vertex 8.3332500457764 13.715700149536 0.18000000715256
			vertex 8.3332500457764 13.715700149536 0.54000002145767
			vertex 15 13.715700149536 0.54000002145767
		endloop
	endfacet
	facet normal 0 0 1
		outer loop
			vertex 8.3332500457764 13.177846908569 0.54000002145767
			vertex 15 13.715700149536 0.54000002145767
			vertex 8.3332500457764 13.715700149536 0.54000002145767
		endloop
	endfacet
	facet normal 0 -1 0
		outer loop
			vertex 8.3332500457764 12.102100372314 0.54000002145767
			vertex 15 12.102100372314 0.18000000715256
			vertex 15 12.102100372314 0.54000002145767
		endloop
	endfacet
	facet normal 0 0 -1
		outer loop
			vertex 8.3332500457764 12.102100372314 0.18000000715256
			vertex 15 13.715700149536 0.18000000715256
			vertex 15 12.102100372314 0.18000000715256
		endloop
	endfacet
	facet normal -0 0 1
		outer loop
			vertex 8.3332500457764 13.177846908569 0.54000002145767
			vertex 15 12.102100372314 0.54000002145767
			vertex 15 13.715700149536 0.54000002145767
		endloop
	endfacet
	facet normal 1 0 0
		outer loop
			vertex 15 12.102100372314 0.18000000715256
			vertex 15 13.715700149536 0.18000000715256
			vertex 15 12.102100372314 0.54000002145767
		endloop
	endfacet
	facet normal 0 1 0
		outer loop
			vertex 8.3332500457764 13.715700149536 0.18000000715256
			vertex 15 13.715700149536 0.54000002145767
			vertex 15 13.715700149536 0.18000000715256
		endloop
	endfacet
	facet normal 1 -0 0
		outer loop
			vertex 15 12.102100372314 0.54000002145767
			vertex 15 13.715700149536 0.18000000715256
			vertex 15 13.715700149536 0.54000002145767
		endloop
	endfacet
	facet normal 1 0 0
		outer loop
			vertex 9.5950002670288 0.80680000782013 0.18000000715256
			vertex 9.5950002670288 0.96816039085388 0.18000000715256
			vertex 9.5950002670288 0.80680000782013 0.46000000834465
		endloop
	endfacet
	facet normal 1 -0 0
		outer loop
			vertex 9.5950002670288 0.80680000782013 0.46000000834465
			vertex 9.5950002670288 0.96816039085388 0.18000000715256
			vertex 9.5950002670288 0.96816039085388 0.46000000834465
		endloop
	endfacet
	facet normal -1 0 0
		outer loop
			vertex 9.6850004196167 0.80680000782013 0.18000000715256
			vertex 9.6850004196167 0.80680000782013 0.46000000834465
			vertex 9.6850004196167 0.98680001497269 0.46000000834465
		endloop
	endfacet
	facet normal -1 0 0
		outer loop
			vertex 9.6850004196167 0.80680000782013 0.18000000715256
			vertex 9.6850004196167 0.98680001497269 0.46000000834465
			vertex 9.6850004196167 0.98680001497269 0.18000000715256
		endloop
	endfacet
	facet normal 0 0 -1
		outer loop
			vertex 9.5950002670288 0.80680000782013 0.46000000834465
			vertex 9.5950002670288 0.96816039085388 0.46000000834465
			vertex 9.6850004196167 0.80680000782013 0.46000000834465
		endloop
	endfacet
	facet normal -0 -0 -1
		outer loop
			vertex 9.5951862335205 0.9679741859436 0.46000000834465
			vertex 9.6850004196167 0.80680000782013 0.46000000834465
			vertex 9.5950002670288 0.96816039085388 0.46000000834465
		endloop
	endfacet
	facet normal 0 0 -1
		outer loop
			vertex 9.5951862335205 0.9679741859436 0.46000000834465
			vertex 9.5984144210815 0.98680001497269 0.46000000834465
			vertex 9.6781492233276 0.98680001497269 0.46000000834465
		endloop
	endfacet
	facet normal 0 0 -1
		outer loop
			vertex 9.5951862335205 0.9679741859436 0.46000000834465
			vertex 9.6781492233276 0.98680001497269 0.46000000834465
			vertex 9.6850004196167 0.80680000782013 0.46000000834465
		endloop
	endfacet
	facet normal 0 0 -1
		outer loop
			vertex 9.6850004196167 0.80680000782013 0.46000000834465
			vertex 9.6781492233276 0.98680001497269 0.46000000834465
			vertex 9.6815748214722 0.9730983376503 0.46000000834465
		endloop
	endfacet
	facet normal 0 0 -1
		outer loop
			vertex 9.6850004196167 0.80680000782013 0.46000000834465
			vertex 9.6815748214722 0.9730983376503 0.46000000834465
			vertex 9.6850004196167 0.98680001497269 0.46000000834465
		endloop
	endfacet
	facet normal 0.70710408061355 0.70710948174923 -0
		outer loop
			vertex 9.5013599395752 1.0618000030518 0.18000000715256
			vertex 9.5013599395752 1.0618000030518 0.46000000834465
			vertex 9.5950002670288 0.96816039085388 0.18000000715256
		endloop
	endfacet
	facet normal 0.70710408061355 0.70710948174923 -0
		outer loop
			vertex 9.5950002670288 0.96816039085388 0.18000000715256
			vertex 9.5013599395752 1.0618000030518 0.46000000834465
			vertex 9.5950002670288 0.96816039085388 0.46000000834465
		endloop
	endfacet
	facet normal 0 0 -1
		outer loop
			vertex 9.5013599395752 1.0618000030518 0.46000000834465
			vertex 9.5200004577637 1.1067999601364 0.46000000834465
			vertex 9.5984144210815 0.98680001497269 0.46000000834465
		endloop
	endfacet
	facet normal 0 0 -1
		outer loop
			vertex 9.5951862335205 0.9679741859436 0.46000000834465
			vertex 9.5950002670288 0.96816039085388 0.46000000834465
			vertex 9.5984144210815 0.98680001497269 0.46000000834465
		endloop
	endfacet
	facet normal 0 0 -1
		outer loop
			vertex 9.5013599395752 1.0618000030518 0.46000000834465
			vertex 9.5984144210815 0.98680001497269 0.46000000834465
			vertex 9.5950002670288 0.96816039085388 0.46000000834465
		endloop
	endfacet
	facet normal 0 0 -1
		outer loop
			vertex 9.5200004577637 1.1067999601364 0.46000000834465
			vertex 9.5518198013306 1.1386197805405 0.46000000834465
			vertex 9.5984144210815 0.98680001497269 0.46000000834465
		endloop
	endfacet
	facet normal 0 0 -1
		outer loop
			vertex 9.5518198013306 1.1386197805405 0.46000000834465
			vertex 9.6718196868896 1.0186197757721 0.46000000834465
			vertex 9.5984144210815 0.98680001497269 0.46000000834465
		endloop
	endfacet
	facet normal -0.70710713241036 -0.70710642996256 0
		outer loop
			vertex 9.5518198013306 1.1386197805405 0.18000000715256
			vertex 9.6718196868896 1.0186197757721 0.46000000834465
			vertex 9.5518198013306 1.1386197805405 0.46000000834465
		endloop
	endfacet
	facet normal -0.70710713241036 -0.70710642996256 0
		outer loop
			vertex 9.5518198013306 1.1386197805405 0.18000000715256
			vertex 9.6718196868896 1.0186197757721 0.18000000715256
			vertex 9.6718196868896 1.0186197757721 0.46000000834465
		endloop
	endfacet
	facet normal 0 0 -1
		outer loop
			vertex 9.5984144210815 0.98680001497269 0.46000000834465
			vertex 9.6718196868896 1.0186197757721 0.46000000834465
			vertex 9.6467761993408 0.99357664585114 0.46000000834465
		endloop
	endfacet
	facet normal 0 1 0
		outer loop
			vertex 9.1786394119263 1.0618000030518 0.18000000715256
			vertex 9.1786394119263 1.0618000030518 0.46000000834465
			vertex 9.5013599395752 1.0618000030518 0.18000000715256
		endloop
	endfacet
	facet normal 0 0 -1
		outer loop
			vertex 9.1786394119263 1.0618000030518 0.46000000834465
			vertex 9.1848526000977 1.0680131912231 0.46000000834465
			vertex 9.5013599395752 1.0618000030518 0.46000000834465
		endloop
	endfacet
	facet normal 0 -1 0
		outer loop
			vertex 9.1599998474121 1.1518000364304 0.18000000715256
			vertex 9.5200004577637 1.1518000364304 0.46000000834465
			vertex 9.1599998474121 1.1518000364304 0.46000000834465
		endloop
	endfacet
	facet normal 0 0 -1
		outer loop
			vertex 9.1599998474121 1.0652145147324 0.46000000834465
			vertex 9.1599998474121 1.1518000364304 0.46000000834465
			vertex 9.1848526000977 1.0680131912231 0.46000000834465
		endloop
	endfacet
	facet normal 0 0 -1
		outer loop
			vertex 9.1599998474121 1.1518000364304 0.46000000834465
			vertex 9.5200004577637 1.1518000364304 0.46000000834465
			vertex 9.1848526000977 1.0680131912231 0.46000000834465
		endloop
	endfacet
	facet normal -0 1 0
		outer loop
			vertex 9.1786394119263 1.0618000030518 0.46000000834465
			vertex 9.5013599395752 1.0618000030518 0.46000000834465
			vertex 9.5013599395752 1.0618000030518 0.18000000715256
		endloop
	endfacet
	facet normal 0 0 -1
		outer loop
			vertex 9.1848526000977 1.0680131912231 0.46000000834465
			vertex 9.5200004577637 1.1067999601364 0.46000000834465
			vertex 9.5013599395752 1.0618000030518 0.46000000834465
		endloop
	endfacet
	facet normal 0 -1 0
		outer loop
			vertex 9.1599998474121 1.1518000364304 0.18000000715256
			vertex 9.5200004577637 1.1518000364304 0.18000000715256
			vertex 9.5200004577637 1.1518000364304 0.46000000834465
		endloop
	endfacet
	facet normal 0 0 -1
		outer loop
			vertex 9.1848526000977 1.0680131912231 0.46000000834465
			vertex 9.5200004577637 1.1518000364304 0.46000000834465
			vertex 9.5200004577637 1.1067999601364 0.46000000834465
		endloop
	endfacet
	facet normal -0.70710768137984 0.70710588099211 0
		outer loop
			vertex 9.085000038147 0.96816039085388 0.18000000715256
			vertex 9.085000038147 0.96816039085388 0.46000000834465
			vertex 9.1786394119263 1.0618000030518 0.18000000715256
		endloop
	endfacet
	facet normal 0.70710713241036 -0.70710642996256 0
		outer loop
			vertex 9.0081806182861 1.0186197757721 0.18000000715256
			vertex 9.1281805038452 1.1386197805405 0.46000000834465
			vertex 9.0081806182861 1.0186197757721 0.46000000834465
		endloop
	endfacet
	facet normal 0 0 -1
		outer loop
			vertex 9.0703363418579 0.95646339654922 0.46000000834465
			vertex 9.039999961853 0.98680001497269 0.46000000834465
			vertex 9.085000038147 0.96816039085388 0.46000000834465
		endloop
	endfacet
	facet normal 0 0 -1
		outer loop
			vertex 9.0703363418579 0.95646339654922 0.46000000834465
			vertex 9.085000038147 0.96816039085388 0.46000000834465
			vertex 9.0722513198853 0.95541155338287 0.46000000834465
		endloop
	endfacet
	facet normal 0 0 -1
		outer loop
			vertex 9.0081806182861 1.0186197757721 0.46000000834465
			vertex 9.1599998474121 1.0652145147324 0.46000000834465
			vertex 9.039999961853 0.98680001497269 0.46000000834465
		endloop
	endfacet
	facet normal 0 0 -1
		outer loop
			vertex 9.039999961853 0.98680001497269 0.46000000834465
			vertex 9.1599998474121 1.0652145147324 0.46000000834465
			vertex 9.085000038147 0.96816039085388 0.46000000834465
		endloop
	endfacet
	facet normal 0 0 -1
		outer loop
			vertex 9.0081806182861 1.0186197757721 0.46000000834465
			vertex 9.1281805038452 1.1386197805405 0.46000000834465
			vertex 9.1599998474121 1.0652145147324 0.46000000834465
		endloop
	endfacet
	facet normal 0.70710713241036 -0.70710642996256 0
		outer loop
			vertex 9.0081806182861 1.0186197757721 0.18000000715256
			vertex 9.1281805038452 1.1386197805405 0.18000000715256
			vertex 9.1281805038452 1.1386197805405 0.46000000834465
		endloop
	endfacet
	facet normal -0.70710768137984 0.70710588099211 0
		outer loop
			vertex 9.085000038147 0.96816039085388 0.46000000834465
			vertex 9.1786394119263 1.0618000030518 0.46000000834465
			vertex 9.1786394119263 1.0618000030518 0.18000000715256
		endloop
	endfacet
	facet normal 0 0 -1
		outer loop
			vertex 9.085000038147 0.96816039085388 0.46000000834465
			vertex 9.1599998474121 1.0652145147324 0.46000000834465
			vertex 9.1786394119263 1.0618000030518 0.46000000834465
		endloop
	endfacet
	facet normal 0 0 -1
		outer loop
			vertex 9.1599998474121 1.0652145147324 0.46000000834465
			vertex 9.1848526000977 1.0680131912231 0.46000000834465
			vertex 9.1786394119263 1.0618000030518 0.46000000834465
		endloop
	endfacet
	facet normal 0 0 -1
		outer loop
			vertex 9.1599998474121 1.0652145147324 0.46000000834465
			vertex 9.1281805038452 1.1386197805405 0.46000000834465
			vertex 9.1525344848633 1.114266037941 0.46000000834465
		endloop
	endfacet
	facet normal 1 0 0
		outer loop
			vertex 8.9949998855591 0.80680000782013 0.18000000715256
			vertex 8.9949998855591 0.89679998159409 0.18000000715256
			vertex 8.9949998855591 0.80680000782013 0.46000000834465
		endloop
	endfacet
	facet normal 1 0 0
		outer loop
			vertex 8.9949998855591 0.89679998159409 0.18000000715256
			vertex 8.9949998855591 0.98680001497269 0.18000000715256
			vertex 8.9949998855591 0.98680001497269 0.46000000834465
		endloop
	endfacet
	facet normal 1 0 -0
		outer loop
			vertex 8.9949998855591 0.89679998159409 0.18000000715256
			vertex 8.9949998855591 0.98680001497269 0.46000000834465
			vertex 8.9949998855591 0.80680000782013 0.46000000834465
		endloop
	endfacet
	facet normal -1 0 0
		outer loop
			vertex 9.085000038147 0.85180002450943 0.18000000715256
			vertex 9.085000038147 0.85180002450943 0.46000000834465
			vertex 9.085000038147 0.96816039085388 0.18000000715256
		endloop
	endfacet
	facet normal -1 0 0
		outer loop
			vertex 9.085000038147 0.85180002450943 0.46000000834465
			vertex 9.085000038147 0.96816039085388 0.46000000834465
			vertex 9.085000038147 0.96816039085388 0.18000000715256
		endloop
	endfacet
	facet normal 0 0 -1
		outer loop
			vertex 8.9949998855591 0.80680000782013 0.46000000834465
			vertex 8.9949998855591 0.98680001497269 0.46000000834465
			vertex 9.0081806182861 0.83316040039062 0.46000000834465
		endloop
	endfacet
	facet normal 0 0 -1
		outer loop
			vertex 9.0081806182861 0.83316040039062 0.46000000834465
			vertex 8.9949998855591 0.98680001497269 0.46000000834465
			vertex 9.039999961853 0.98680001497269 0.46000000834465
		endloop
	endfacet
	facet normal 0 0 -1
		outer loop
			vertex 9.0145092010498 0.80680000782013 0.46000000834465
			vertex 9.0081806182861 0.83316040039062 0.46000000834465
			vertex 9.0703363418579 0.95646339654922 0.46000000834465
		endloop
	endfacet
	facet normal 0 0 -1
		outer loop
			vertex 9.0145092010498 0.80680000782013 0.46000000834465
			vertex 9.0722513198853 0.95541155338287 0.46000000834465
			vertex 9.039999961853 0.80680000782013 0.46000000834465
		endloop
	endfacet
	facet normal 0 0 -1
		outer loop
			vertex 9.039999961853 0.80680000782013 0.46000000834465
			vertex 9.0722513198853 0.95541155338287 0.46000000834465
			vertex 9.0825071334839 0.83585983514786 0.46000000834465
		endloop
	endfacet
	facet normal 0 0 -1
		outer loop
			vertex 9.085000038147 0.8349249958992 0.46000000834465
			vertex 9.0825071334839 0.83585983514786 0.46000000834465
			vertex 9.0722513198853 0.95541155338287 0.46000000834465
		endloop
	endfacet
	facet normal 0 0 -1
		outer loop
			vertex 9.085000038147 0.8349249958992 0.46000000834465
			vertex 9.0722513198853 0.95541155338287 0.46000000834465
			vertex 9.085000038147 0.85180002450943 0.46000000834465
		endloop
	endfacet
	facet normal 0 0 -1
		outer loop
			vertex 9.0145092010498 0.80680000782013 0.46000000834465
			vertex 9.0703363418579 0.95646339654922 0.46000000834465
			vertex 9.0722513198853 0.95541155338287 0.46000000834465
		endloop
	endfacet
	facet normal 0 0 -1
		outer loop
			vertex 9.0081806182861 0.83316040039062 0.46000000834465
			vertex 9.039999961853 0.98680001497269 0.46000000834465
			vertex 9.0703363418579 0.95646339654922 0.46000000834465
		endloop
	endfacet
	facet normal 0 0 -1
		outer loop
			vertex 9.085000038147 0.85180002450943 0.46000000834465
			vertex 9.0722513198853 0.95541155338287 0.46000000834465
			vertex 9.085000038147 0.96816039085388 0.46000000834465
		endloop
	endfacet
	facet normal 0 0 -1
		outer loop
			vertex 9.039999961853 0.80680000782013 0.46000000834465
			vertex 9.0825071334839 0.83585983514786 0.46000000834465
			vertex 9.085000038147 0.8349249958992 0.46000000834465
		endloop
	endfacet
	facet normal 0 0 -1
		outer loop
			vertex 9.039999961853 0.80680000782013 0.46000000834465
			vertex 9.085000038147 0.8349249958992 0.46000000834465
			vertex 9.2799997329712 0.85180002450943 0.46000000834465
		endloop
	endfacet
	facet normal 0 -1 0
		outer loop
			vertex 9.085000038147 0.85180002450943 0.18000000715256
			vertex 9.2799997329712 0.85180002450943 0.18000000715256
			vertex 9.2799997329712 0.85180002450943 0.46000000834465
		endloop
	endfacet
	facet normal 0 -1 0
		outer loop
			vertex 9.085000038147 0.85180002450943 0.18000000715256
			vertex 9.2799997329712 0.85180002450943 0.46000000834465
			vertex 9.085000038147 0.85180002450943 0.46000000834465
		endloop
	endfacet
	facet normal 0 0 -1
		outer loop
			vertex 9.085000038147 0.8349249958992 0.46000000834465
			vertex 9.085000038147 0.85180002450943 0.46000000834465
			vertex 9.2799997329712 0.85180002450943 0.46000000834465
		endloop
	endfacet
	facet normal 0 0 -1
		outer loop
			vertex 9.039999961853 0.80680000782013 0.46000000834465
			vertex 9.2799997329712 0.85180002450943 0.46000000834465
			vertex 9.2799997329712 0.80680000782013 0.46000000834465
		endloop
	endfacet
	facet normal -0.83145862543567 -0.55558667567592 0
		outer loop
			vertex 9.6718196868896 1.0186197757721 0.18000000715256
			vertex 9.6815748214722 1.0040208101273 0.18000000715256
			vertex 9.6815748214722 1.0040208101273 0.46000000834465
		endloop
	endfacet
	facet normal -0.98078343853785 -0.19509958147027 0
		outer loop
			vertex 9.6815748214722 1.0040208101273 0.18000000715256
			vertex 9.6850004196167 0.98680001497269 0.18000000715256
			vertex 9.6850004196167 0.98680001497269 0.46000000834465
		endloop
	endfacet
	facet normal -0.83145862543567 -0.55558667567592 0
		outer loop
			vertex 9.6718196868896 1.0186197757721 0.18000000715256
			vertex 9.6815748214722 1.0040208101273 0.46000000834465
			vertex 9.6718196868896 1.0186197757721 0.46000000834465
		endloop
	endfacet
	facet normal -0.98078343853785 -0.19509958147027 0
		outer loop
			vertex 9.6815748214722 1.0040208101273 0.18000000715256
			vertex 9.6850004196167 0.98680001497269 0.46000000834465
			vertex 9.6815748214722 1.0040208101273 0.46000000834465
		endloop
	endfacet
	facet normal 0 0 -1
		outer loop
			vertex 9.5984144210815 0.98680001497269 0.46000000834465
			vertex 9.6467761993408 0.99357664585114 0.46000000834465
			vertex 9.6781492233276 0.98680001497269 0.46000000834465
		endloop
	endfacet
	facet normal 0 0 -1
		outer loop
			vertex 9.6467761993408 0.99357664585114 0.46000000834465
			vertex 9.6718196868896 1.0186197757721 0.46000000834465
			vertex 9.6781492233276 0.98680001497269 0.46000000834465
		endloop
	endfacet
	facet normal 0 0 -1
		outer loop
			vertex 9.6815748214722 0.9730983376503 0.46000000834465
			vertex 9.6781492233276 0.98680001497269 0.46000000834465
			vertex 9.6815748214722 1.0040208101273 0.46000000834465
		endloop
	endfacet
	facet normal 0 0 -1
		outer loop
			vertex 9.6718196868896 1.0186197757721 0.46000000834465
			vertex 9.6815748214722 1.0040208101273 0.46000000834465
			vertex 9.6781492233276 0.98680001497269 0.46000000834465
		endloop
	endfacet
	facet normal 0 0 -1
		outer loop
			vertex 9.6815748214722 0.9730983376503 0.46000000834465
			vertex 9.6815748214722 1.0040208101273 0.46000000834465
			vertex 9.6850004196167 0.98680001497269 0.46000000834465
		endloop
	endfacet
	facet normal -0.1950962983379 -0.98078409161999 0
		outer loop
			vertex 9.5200004577637 1.1518000364304 0.18000000715256
			vertex 9.537220954895 1.1483745574951 0.18000000715256
			vertex 9.537220954895 1.1483745574951 0.46000000834465
		endloop
	endfacet
	facet normal -0.55557573084222 -0.83146593874863 0
		outer loop
			vertex 9.537220954895 1.1483745574951 0.18000000715256
			vertex 9.5518198013306 1.1386197805405 0.18000000715256
			vertex 9.5518198013306 1.1386197805405 0.46000000834465
		endloop
	endfacet
	facet normal -0.1950962983379 -0.98078409161999 0
		outer loop
			vertex 9.5200004577637 1.1518000364304 0.18000000715256
			vertex 9.537220954895 1.1483745574951 0.46000000834465
			vertex 9.5200004577637 1.1518000364304 0.46000000834465
		endloop
	endfacet
	facet normal -0.55557573084222 -0.83146593874863 0
		outer loop
			vertex 9.537220954895 1.1483745574951 0.18000000715256
			vertex 9.5518198013306 1.1386197805405 0.46000000834465
			vertex 9.537220954895 1.1483745574951 0.46000000834465
		endloop
	endfacet
	facet normal 0 0 -1
		outer loop
			vertex 9.5200004577637 1.1067999601364 0.46000000834465
			vertex 9.5200004577637 1.1518000364304 0.46000000834465
			vertex 9.5518198013306 1.1386197805405 0.46000000834465
		endloop
	endfacet
	facet normal 0 0 -1
		outer loop
			vertex 9.5200004577637 1.1518000364304 0.46000000834465
			vertex 9.537220954895 1.1483745574951 0.46000000834465
			vertex 9.5518198013306 1.1386197805405 0.46000000834465
		endloop
	endfacet
	facet normal 0.55557573084222 -0.83146593874863 0
		outer loop
			vertex 9.1281805038452 1.1386197805405 0.18000000715256
			vertex 9.1427793502808 1.1483745574951 0.18000000715256
			vertex 9.1427793502808 1.1483745574951 0.46000000834465
		endloop
	endfacet
	facet normal 0.55557573084222 -0.83146593874863 0
		outer loop
			vertex 9.1281805038452 1.1386197805405 0.18000000715256
			vertex 9.1427793502808 1.1483745574951 0.46000000834465
			vertex 9.1281805038452 1.1386197805405 0.46000000834465
		endloop
	endfacet
	facet normal 0.1950962983379 -0.98078409161999 0
		outer loop
			vertex 9.1427793502808 1.1483745574951 0.18000000715256
			vertex 9.1599998474121 1.1518000364304 0.18000000715256
			vertex 9.1599998474121 1.1518000364304 0.46000000834465
		endloop
	endfacet
	facet normal 0.1950962983379 -0.98078409161999 0
		outer loop
			vertex 9.1427793502808 1.1483745574951 0.18000000715256
			vertex 9.1599998474121 1.1518000364304 0.46000000834465
			vertex 9.1427793502808 1.1483745574951 0.46000000834465
		endloop
	endfacet
	facet normal 0 0 -1
		outer loop
			vertex 9.1599998474121 1.0652145147324 0.46000000834465
			vertex 9.1525344848633 1.114266037941 0.46000000834465
			vertex 9.1599998474121 1.1518000364304 0.46000000834465
		endloop
	endfacet
	facet normal 0 0 -1
		outer loop
			vertex 9.1525344848633 1.114266037941 0.46000000834465
			vertex 9.1281805038452 1.1386197805405 0.46000000834465
			vertex 9.1427793502808 1.1483745574951 0.46000000834465
		endloop
	endfacet
	facet normal 0 0 -1
		outer loop
			vertex 9.1525344848633 1.114266037941 0.46000000834465
			vertex 9.1427793502808 1.1483745574951 0.46000000834465
			vertex 9.1599998474121 1.1518000364304 0.46000000834465
		endloop
	endfacet
	facet normal 0.98078343853785 -0.19509958147027 0
		outer loop
			vertex 8.9949998855591 0.98680001497269 0.18000000715256
			vertex 8.9984254837036 1.0040208101273 0.18000000715256
			vertex 8.9984254837036 1.0040208101273 0.46000000834465
		endloop
	endfacet
	facet normal 0.83145862543567 -0.55558667567592 0
		outer loop
			vertex 8.9984254837036 1.0040208101273 0.18000000715256
			vertex 9.0081806182861 1.0186197757721 0.18000000715256
			vertex 9.0081806182861 1.0186197757721 0.46000000834465
		endloop
	endfacet
	facet normal 0.98078343853785 -0.19509958147027 0
		outer loop
			vertex 8.9949998855591 0.98680001497269 0.18000000715256
			vertex 8.9984254837036 1.0040208101273 0.46000000834465
			vertex 8.9949998855591 0.98680001497269 0.46000000834465
		endloop
	endfacet
	facet normal 0.83145862543567 -0.55558667567592 0
		outer loop
			vertex 8.9984254837036 1.0040208101273 0.18000000715256
			vertex 9.0081806182861 1.0186197757721 0.46000000834465
			vertex 8.9984254837036 1.0040208101273 0.46000000834465
		endloop
	endfacet
	facet normal 0 0 -1
		outer loop
			vertex 8.9949998855591 0.98680001497269 0.46000000834465
			vertex 8.9984254837036 1.0040208101273 0.46000000834465
			vertex 9.0081806182861 1.0186197757721 0.46000000834465
		endloop
	endfacet
	facet normal 0 0 -1
		outer loop
			vertex 8.9949998855591 0.98680001497269 0.46000000834465
			vertex 9.0081806182861 1.0186197757721 0.46000000834465
			vertex 9.039999961853 0.98680001497269 0.46000000834465
		endloop
	endfacet
	facet normal 0 0 -1
		outer loop
			vertex 8.9949998855591 0.80680000782013 0.46000000834465
			vertex 9.0081806182861 0.83316040039062 0.46000000834465
			vertex 9.0145092010498 0.80680000782013 0.46000000834465
		endloop
	endfacet
	facet normal -0.19508264027689 -0.98078680836489 0
		outer loop
			vertex 9.2799997329712 0.85180002450943 0.18000000715256
			vertex 9.2972211837769 0.84837460517883 0.18000000715256
			vertex 9.2972211837769 0.84837460517883 0.46000000834465
		endloop
	endfacet
	facet normal -0.55557573084222 -0.83146593874863 0
		outer loop
			vertex 9.2972211837769 0.84837460517883 0.18000000715256
			vertex 9.3118200302124 0.83861982822418 0.18000000715256
			vertex 9.3118200302124 0.83861982822418 0.46000000834465
		endloop
	endfacet
	facet normal -0.98078330932227 -0.19510023104767 0
		outer loop
			vertex 9.3249998092651 0.80680000782013 0.18000000715256
			vertex 9.3249998092651 0.80680000782013 0.46000000834465
			vertex 9.3215742111206 0.82402074337006 0.18000000715256
		endloop
	endfacet
	facet normal -0.83148581142601 -0.55554598855292 0
		outer loop
			vertex 9.3215742111206 0.82402074337006 0.18000000715256
			vertex 9.3215742111206 0.82402074337006 0.46000000834465
			vertex 9.3118200302124 0.83861982822418 0.18000000715256
		endloop
	endfacet
	facet normal -0.19508264027689 -0.98078680836489 0
		outer loop
			vertex 9.2799997329712 0.85180002450943 0.18000000715256
			vertex 9.2972211837769 0.84837460517883 0.46000000834465
			vertex 9.2799997329712 0.85180002450943 0.46000000834465
		endloop
	endfacet
	facet normal -0.83148581142601 -0.55554598855292 0
		outer loop
			vertex 9.3118200302124 0.83861982822418 0.18000000715256
			vertex 9.3215742111206 0.82402074337006 0.46000000834465
			vertex 9.3118200302124 0.83861982822418 0.46000000834465
		endloop
	endfacet
	facet normal -0.55557573084222 -0.83146593874863 0
		outer loop
			vertex 9.2972211837769 0.84837460517883 0.18000000715256
			vertex 9.3118200302124 0.83861982822418 0.46000000834465
			vertex 9.2972211837769 0.84837460517883 0.46000000834465
		endloop
	endfacet
	facet normal -0.98078330932227 -0.19510023104767 0
		outer loop
			vertex 9.3215742111206 0.82402074337006 0.18000000715256
			vertex 9.3249998092651 0.80680000782013 0.46000000834465
			vertex 9.3215742111206 0.82402074337006 0.46000000834465
		endloop
	endfacet
	facet normal 0 0 -1
		outer loop
			vertex 9.2799997329712 0.80680000782013 0.46000000834465
			vertex 9.2799997329712 0.85180002450943 0.46000000834465
			vertex 9.2972211837769 0.84837460517883 0.46000000834465
		endloop
	endfacet
	facet normal 0 0 -1
		outer loop
			vertex 9.2799997329712 0.80680000782013 0.46000000834465
			vertex 9.2972211837769 0.84837460517883 0.46000000834465
			vertex 9.3249998092651 0.80680000782013 0.46000000834465
		endloop
	endfacet
	facet normal 0 0 -1
		outer loop
			vertex 9.2972211837769 0.84837460517883 0.46000000834465
			vertex 9.3118200302124 0.83861982822418 0.46000000834465
			vertex 9.3249998092651 0.80680000782013 0.46000000834465
		endloop
	endfacet
	facet normal 0 0 -1
		outer loop
			vertex 9.3249998092651 0.80680000782013 0.46000000834465
			vertex 9.3118200302124 0.83861982822418 0.46000000834465
			vertex 9.3215742111206 0.82402074337006 0.46000000834465
		endloop
	endfacet
	facet normal 0 -1 0
		outer loop
			vertex 8.4586391448975 0.85180002450943 0.18000000715256
			vertex 8.9200000762939 0.85180002450943 0.46000000834465
			vertex 8.4586391448975 0.85180002450943 0.46000000834465
		endloop
	endfacet
	facet normal 0 0 -1
		outer loop
			vertex 8.4399995803833 0.80680000782013 0.46000000834465
			vertex 8.4627599716187 0.84753239154816 0.46000000834465
			vertex 8.4629411697388 0.84749853610992 0.46000000834465
		endloop
	endfacet
	facet normal 0 0 -1
		outer loop
			vertex 8.4399995803833 0.80680000782013 0.46000000834465
			vertex 8.4629411697388 0.84749853610992 0.46000000834465
			vertex 8.9200000762939 0.80680000782013 0.46000000834465
		endloop
	endfacet
	facet normal 0 0 -1
		outer loop
			vertex 8.4629411697388 0.84749853610992 0.46000000834465
			vertex 8.4586391448975 0.85180002450943 0.46000000834465
			vertex 8.9200000762939 0.85180002450943 0.46000000834465
		endloop
	endfacet
	facet normal 0 -1 0
		outer loop
			vertex 8.4586391448975 0.85180002450943 0.18000000715256
			vertex 8.9200000762939 0.85180002450943 0.18000000715256
			vertex 8.9200000762939 0.85180002450943 0.46000000834465
		endloop
	endfacet
	facet normal 0 0 -1
		outer loop
			vertex 8.4629411697388 0.84749853610992 0.46000000834465
			vertex 8.9200000762939 0.85180002450943 0.46000000834465
			vertex 8.9200000762939 0.80680000782013 0.46000000834465
		endloop
	endfacet
	facet normal 0.70710917100463 0.70710439136039 -0
		outer loop
			vertex 8.2881803512573 0.89498019218445 0.18000000715256
			vertex 8.2881803512573 0.89498019218445 0.46000000834465
			vertex 8.3763599395752 0.80680000782013 0.18000000715256
		endloop
	endfacet
	facet normal -0.70710768137984 -0.70710588099211 0
		outer loop
			vertex 8.3649997711182 0.94543963670731 0.18000000715256
			vertex 8.4586391448975 0.85180002450943 0.18000000715256
			vertex 8.4586391448975 0.85180002450943 0.46000000834465
		endloop
	endfacet
	facet normal 0.70710917100463 0.70710439136039 -0
		outer loop
			vertex 8.3763599395752 0.80680000782013 0.18000000715256
			vertex 8.2881803512573 0.89498019218445 0.46000000834465
			vertex 8.3763599395752 0.80680000782013 0.46000000834465
		endloop
	endfacet
	facet normal -0.70710768137984 -0.70710588099211 0
		outer loop
			vertex 8.3649997711182 0.94543963670731 0.18000000715256
			vertex 8.4586391448975 0.85180002450943 0.46000000834465
			vertex 8.3649997711182 0.94543963670731 0.46000000834465
		endloop
	endfacet
	facet normal 0 0 -1
		outer loop
			vertex 8.2881803512573 0.89498019218445 0.46000000834465
			vertex 8.3636569976807 0.9200496673584 0.46000000834465
			vertex 8.3763599395752 0.80680000782013 0.46000000834465
		endloop
	endfacet
	facet normal 0 0 -1
		outer loop
			vertex 8.3763599395752 0.80680000782013 0.46000000834465
			vertex 8.3636569976807 0.9200496673584 0.46000000834465
			vertex 8.4399995803833 0.80680000782013 0.46000000834465
		endloop
	endfacet
	facet normal 0 0 -1
		outer loop
			vertex 8.3636569976807 0.9200496673584 0.46000000834465
			vertex 8.4627599716187 0.84753239154816 0.46000000834465
			vertex 8.4399995803833 0.80680000782013 0.46000000834465
		endloop
	endfacet
	facet normal 0 0 -1
		outer loop
			vertex 8.3639345169067 0.94475758075714 0.46000000834465
			vertex 8.4586391448975 0.85180002450943 0.46000000834465
			vertex 8.4629411697388 0.84749853610992 0.46000000834465
		endloop
	endfacet
	facet normal 0 0 -1
		outer loop
			vertex 8.3639345169067 0.94475758075714 0.46000000834465
			vertex 8.4629411697388 0.84749853610992 0.46000000834465
			vertex 8.4627599716187 0.84753239154816 0.46000000834465
		endloop
	endfacet
	facet normal 0 0 -1
		outer loop
			vertex 8.2881803512573 0.89498019218445 0.46000000834465
			vertex 8.3199996948242 0.9268000125885 0.46000000834465
			vertex 8.3615741729736 0.92679524421692 0.46000000834465
		endloop
	endfacet
	facet normal 0 0 -1
		outer loop
			vertex 8.2881803512573 0.89498019218445 0.46000000834465
			vertex 8.3615741729736 0.92679524421692 0.46000000834465
			vertex 8.3636569976807 0.9200496673584 0.46000000834465
		endloop
	endfacet
	facet normal 0 0 -1
		outer loop
			vertex 8.3199996948242 0.9268000125885 0.46000000834465
			vertex 8.3615741729736 0.9268000125885 0.46000000834465
			vertex 8.3615741729736 0.92679524421692 0.46000000834465
		endloop
	endfacet
	facet normal 0 0 -1
		outer loop
			vertex 8.3629398345947 0.93715614080429 0.46000000834465
			vertex 8.3639345169067 0.94475758075714 0.46000000834465
			vertex 8.3645401000977 0.92448556423187 0.46000000834465
		endloop
	endfacet
	facet normal 0 0 -1
		outer loop
			vertex 8.363823890686 0.94661563634872 0.46000000834465
			vertex 8.3649997711182 0.94543963670731 0.46000000834465
			vertex 8.3639345169067 0.94475758075714 0.46000000834465
		endloop
	endfacet
	facet normal 0 0 -1
		outer loop
			vertex 8.3636569976807 0.9200496673584 0.46000000834465
			vertex 8.3645401000977 0.92448556423187 0.46000000834465
			vertex 8.4627599716187 0.84753239154816 0.46000000834465
		endloop
	endfacet
	facet normal 0 0 -1
		outer loop
			vertex 8.3645401000977 0.92448556423187 0.46000000834465
			vertex 8.3639345169067 0.94475758075714 0.46000000834465
			vertex 8.4627599716187 0.84753239154816 0.46000000834465
		endloop
	endfacet
	facet normal 0 -0 -1
		outer loop
			vertex 8.3649997711182 0.94543963670731 0.46000000834465
			vertex 8.4586391448975 0.85180002450943 0.46000000834465
			vertex 8.3639345169067 0.94475758075714 0.46000000834465
		endloop
	endfacet
	facet normal 1 0 0
		outer loop
			vertex 8.2749996185303 0.9268000125885 0.18000000715256
			vertex 8.2749996185303 0.98680001497269 0.18000000715256
			vertex 8.2749996185303 0.98680001497269 0.46000000834465
		endloop
	endfacet
	facet normal 1 0 0
		outer loop
			vertex 8.2749996185303 0.9268000125885 0.18000000715256
			vertex 8.2749996185303 0.98680001497269 0.46000000834465
			vertex 8.2749996185303 0.9268000125885 0.46000000834465
		endloop
	endfacet
	facet normal -1 0 0
		outer loop
			vertex 8.3649997711182 0.94543963670731 0.18000000715256
			vertex 8.3649997711182 0.94543963670731 0.46000000834465
			vertex 8.3649997711182 0.96816039085388 0.18000000715256
		endloop
	endfacet
	facet normal -1 0 0
		outer loop
			vertex 8.3649997711182 0.96816039085388 0.18000000715256
			vertex 8.3649997711182 0.94543963670731 0.46000000834465
			vertex 8.3649997711182 0.96816039085388 0.46000000834465
		endloop
	endfacet
	facet normal 0 0 -1
		outer loop
			vertex 8.2749996185303 0.9268000125885 0.46000000834465
			vertex 8.2749996185303 0.98680001497269 0.46000000834465
			vertex 8.3165597915649 0.95450675487518 0.46000000834465
		endloop
	endfacet
	facet normal 0 0 -1
		outer loop
			vertex 8.2749996185303 0.98680001497269 0.46000000834465
			vertex 8.3380002975464 0.96880000829697 0.46000000834465
			vertex 8.3165597915649 0.95450675487518 0.46000000834465
		endloop
	endfacet
	facet normal 0 0 -1
		outer loop
			vertex 8.2749996185303 0.98680001497269 0.46000000834465
			vertex 8.3199996948242 0.98680001497269 0.46000000834465
			vertex 8.3380002975464 0.96880000829697 0.46000000834465
		endloop
	endfacet
	facet normal 0 0 -1
		outer loop
			vertex 8.3199996948242 0.9268000125885 0.46000000834465
			vertex 8.3629398345947 0.93715614080429 0.46000000834465
			vertex 8.3615741729736 0.9268000125885 0.46000000834465
		endloop
	endfacet
	facet normal 0 0 -1
		outer loop
			vertex 8.3165597915649 0.95450675487518 0.46000000834465
			vertex 8.3380002975464 0.96880000829697 0.46000000834465
			vertex 8.3199996948242 0.9268000125885 0.46000000834465
		endloop
	endfacet
	facet normal 0 0 -1
		outer loop
			vertex 8.3199996948242 0.9268000125885 0.46000000834465
			vertex 8.3380002975464 0.96880000829697 0.46000000834465
			vertex 8.3639345169067 0.94475758075714 0.46000000834465
		endloop
	endfacet
	facet normal 0 0 -1
		outer loop
			vertex 8.3199996948242 0.9268000125885 0.46000000834465
			vertex 8.3639345169067 0.94475758075714 0.46000000834465
			vertex 8.3629398345947 0.93715614080429 0.46000000834465
		endloop
	endfacet
	facet normal 0 0 -1
		outer loop
			vertex 8.3380002975464 0.96880000829697 0.46000000834465
			vertex 8.363823890686 0.94661563634872 0.46000000834465
			vertex 8.3639345169067 0.94475758075714 0.46000000834465
		endloop
	endfacet
	facet normal 0 0 -1
		outer loop
			vertex 8.363823890686 0.94661563634872 0.46000000834465
			vertex 8.3626823425293 0.96584320068359 0.46000000834465
			vertex 8.3649997711182 0.94543963670731 0.46000000834465
		endloop
	endfacet
	facet normal 0 0 -1
		outer loop
			vertex 8.3380002975464 0.96880000829697 0.46000000834465
			vertex 8.3626823425293 0.96584320068359 0.46000000834465
			vertex 8.363823890686 0.94661563634872 0.46000000834465
		endloop
	endfacet
	facet normal 0 0 -1
		outer loop
			vertex 8.3380002975464 0.96880000829697 0.46000000834465
			vertex 8.3625001907349 0.96892637014389 0.46000000834465
			vertex 8.3626823425293 0.96584320068359 0.46000000834465
		endloop
	endfacet
	facet normal 0 0 -1
		outer loop
			vertex 8.3626823425293 0.96584320068359 0.46000000834465
			vertex 8.3649997711182 0.96816039085388 0.46000000834465
			vertex 8.3649997711182 0.94543963670731 0.46000000834465
		endloop
	endfacet
	facet normal -0.70710768137984 0.70710588099211 0
		outer loop
			vertex 8.3649997711182 0.96816039085388 0.18000000715256
			vertex 8.3649997711182 0.96816039085388 0.46000000834465
			vertex 8.4586391448975 1.0618000030518 0.18000000715256
		endloop
	endfacet
	facet normal 0.70710713241036 -0.70710642996256 0
		outer loop
			vertex 8.2881803512573 1.0186197757721 0.18000000715256
			vertex 8.4081802368164 1.1386197805405 0.46000000834465
			vertex 8.2881803512573 1.0186197757721 0.46000000834465
		endloop
	endfacet
	facet normal -0.70710768137984 0.70710588099211 0
		outer loop
			vertex 8.3649997711182 0.96816039085388 0.46000000834465
			vertex 8.4586391448975 1.0618000030518 0.46000000834465
			vertex 8.4586391448975 1.0618000030518 0.18000000715256
		endloop
	endfacet
	facet normal 0 0 -1
		outer loop
			vertex 8.3019752502441 1.0048245191574 0.46000000834465
			vertex 8.31507396698 1.026873588562 0.46000000834465
			vertex 8.3199996948242 0.98680001497269 0.46000000834465
		endloop
	endfacet
	facet normal 0 0 -1
		outer loop
			vertex 8.3626823425293 0.96584320068359 0.46000000834465
			vertex 8.3625001907349 0.96892637014389 0.46000000834465
			vertex 8.3649997711182 0.96816039085388 0.46000000834465
		endloop
	endfacet
	facet normal 0 0 -1
		outer loop
			vertex 8.2881803512573 1.0186197757721 0.46000000834465
			vertex 8.4081802368164 1.1386197805405 0.46000000834465
			vertex 8.31507396698 1.026873588562 0.46000000834465
		endloop
	endfacet
	facet normal 0 0 -1
		outer loop
			vertex 8.31507396698 1.026873588562 0.46000000834465
			vertex 8.4399995803833 1.0652145147324 0.46000000834465
			vertex 8.3199996948242 0.98680001497269 0.46000000834465
		endloop
	endfacet
	facet normal 0 0 -1
		outer loop
			vertex 8.3380002975464 0.96880000829697 0.46000000834465
			vertex 8.3199996948242 0.98680001497269 0.46000000834465
			vertex 8.4399995803833 1.0652145147324 0.46000000834465
		endloop
	endfacet
	facet normal 0 0 -1
		outer loop
			vertex 8.3380002975464 0.96880000829697 0.46000000834465
			vertex 8.4399995803833 1.0652145147324 0.46000000834465
			vertex 8.3625001907349 0.96892637014389 0.46000000834465
		endloop
	endfacet
	facet normal 0 0 -1
		outer loop
			vertex 8.3625001907349 0.96892637014389 0.46000000834465
			vertex 8.4586391448975 1.0618000030518 0.46000000834465
			vertex 8.3649997711182 0.96816039085388 0.46000000834465
		endloop
	endfacet
	facet normal 0 0 -1
		outer loop
			vertex 8.31507396698 1.026873588562 0.46000000834465
			vertex 8.4081802368164 1.1386197805405 0.46000000834465
			vertex 8.4399995803833 1.0652145147324 0.46000000834465
		endloop
	endfacet
	facet normal 0 0 -1
		outer loop
			vertex 8.3625001907349 0.96892637014389 0.46000000834465
			vertex 8.4399995803833 1.0652145147324 0.46000000834465
			vertex 8.458233833313 1.0618000030518 0.46000000834465
		endloop
	endfacet
	facet normal 0 0 -1
		outer loop
			vertex 8.3625001907349 0.96892637014389 0.46000000834465
			vertex 8.458233833313 1.0618000030518 0.46000000834465
			vertex 8.4586391448975 1.0618000030518 0.46000000834465
		endloop
	endfacet
	facet normal 0.70710713241036 -0.70710642996256 0
		outer loop
			vertex 8.2881803512573 1.0186197757721 0.18000000715256
			vertex 8.4081802368164 1.1386197805405 0.18000000715256
			vertex 8.4081802368164 1.1386197805405 0.46000000834465
		endloop
	endfacet
	facet normal 0 0 -1
		outer loop
			vertex 8.4081802368164 1.1386197805405 0.46000000834465
			vertex 8.4399995803833 1.1067999601364 0.46000000834465
			vertex 8.4399995803833 1.0652145147324 0.46000000834465
		endloop
	endfacet
	facet normal 0 1 0
		outer loop
			vertex 8.4586391448975 1.0618000030518 0.18000000715256
			vertex 8.4586391448975 1.0618000030518 0.46000000834465
			vertex 8.7813606262207 1.0618000030518 0.18000000715256
		endloop
	endfacet
	facet normal 0 0 -1
		outer loop
			vertex 8.4399995803833 1.0652145147324 0.46000000834465
			vertex 8.4399995803833 1.1067999601364 0.46000000834465
			vertex 8.458233833313 1.0618000030518 0.46000000834465
		endloop
	endfacet
	facet normal 0 0 -1
		outer loop
			vertex 8.4399995803833 1.1067999601364 0.46000000834465
			vertex 8.4586391448975 1.0618000030518 0.46000000834465
			vertex 8.458233833313 1.0618000030518 0.46000000834465
		endloop
	endfacet
	facet normal 0 0 -1
		outer loop
			vertex 8.4399995803833 1.1067999601364 0.46000000834465
			vertex 8.7751474380493 1.0680131912231 0.46000000834465
			vertex 8.4586391448975 1.0618000030518 0.46000000834465
		endloop
	endfacet
	facet normal 0 0 -1
		outer loop
			vertex 8.4586391448975 1.0618000030518 0.46000000834465
			vertex 8.7751474380493 1.0680131912231 0.46000000834465
			vertex 8.7813606262207 1.0618000030518 0.46000000834465
		endloop
	endfacet
	facet normal 0 -1 0
		outer loop
			vertex 8.4399995803833 1.1518000364304 0.18000000715256
			vertex 8.8000001907349 1.1518000364304 0.46000000834465
			vertex 8.4399995803833 1.1518000364304 0.46000000834465
		endloop
	endfacet
	facet normal 0 0 -1
		outer loop
			vertex 8.4399995803833 1.1067999601364 0.46000000834465
			vertex 8.4399995803833 1.1386197805405 0.46000000834465
			vertex 8.7751474380493 1.0680131912231 0.46000000834465
		endloop
	endfacet
	facet normal 0 0 -1
		outer loop
			vertex 8.4399995803833 1.1386197805405 0.46000000834465
			vertex 8.4552612304688 1.1479847431183 0.46000000834465
			vertex 8.7751474380493 1.0680131912231 0.46000000834465
		endloop
	endfacet
	facet normal 0 0 -1
		outer loop
			vertex 8.4399995803833 1.1518000364304 0.46000000834465
			vertex 8.8000001907349 1.1518000364304 0.46000000834465
			vertex 8.4552612304688 1.1479847431183 0.46000000834465
		endloop
	endfacet
	facet normal -0 1 0
		outer loop
			vertex 8.4586391448975 1.0618000030518 0.46000000834465
			vertex 8.7813606262207 1.0618000030518 0.46000000834465
			vertex 8.7813606262207 1.0618000030518 0.18000000715256
		endloop
	endfacet
	facet normal 0 -1 0
		outer loop
			vertex 8.4399995803833 1.1518000364304 0.18000000715256
			vertex 8.8000001907349 1.1518000364304 0.18000000715256
			vertex 8.8000001907349 1.1518000364304 0.46000000834465
		endloop
	endfacet
	facet normal 0 0 -1
		outer loop
			vertex 8.4552612304688 1.1479847431183 0.46000000834465
			vertex 8.8000001907349 1.1067999601364 0.46000000834465
			vertex 8.7751474380493 1.0680131912231 0.46000000834465
		endloop
	endfacet
	facet normal 0 0 -1
		outer loop
			vertex 8.4552612304688 1.1479847431183 0.46000000834465
			vertex 8.8000001907349 1.1518000364304 0.46000000834465
			vertex 8.8000001907349 1.1067999601364 0.46000000834465
		endloop
	endfacet
	facet normal 0.70710895127116 0.70710461109528 -0
		outer loop
			vertex 8.7813606262207 1.0618000030518 0.18000000715256
			vertex 8.7813606262207 1.0618000030518 0.46000000834465
			vertex 8.8881797790527 0.95498019456863 0.18000000715256
		endloop
	endfacet
	facet normal 0.70710895127116 0.70710461109528 -0
		outer loop
			vertex 8.8881797790527 0.95498019456863 0.18000000715256
			vertex 8.7813606262207 1.0618000030518 0.46000000834465
			vertex 8.8881797790527 0.95498019456863 0.46000000834465
		endloop
	endfacet
	facet normal 0 0 -1
		outer loop
			vertex 8.7751474380493 1.0680131912231 0.46000000834465
			vertex 8.8000001907349 1.1067999601364 0.46000000834465
			vertex 8.7813606262207 1.0618000030518 0.46000000834465
		endloop
	endfacet
	facet normal 0 0 -1
		outer loop
			vertex 8.7813606262207 1.0618000030518 0.46000000834465
			vertex 8.8000001907349 1.1067999601364 0.46000000834465
			vertex 8.8881797790527 0.95498019456863 0.46000000834465
		endloop
	endfacet
	facet normal 0 0 -1
		outer loop
			vertex 8.8000001907349 1.1067999601364 0.46000000834465
			vertex 8.8318195343018 1.1386197805405 0.46000000834465
			vertex 8.8881797790527 0.95498019456863 0.46000000834465
		endloop
	endfacet
	facet normal 0 0 -1
		outer loop
			vertex 8.8318195343018 1.1386197805405 0.46000000834465
			vertex 8.9518194198608 1.0186197757721 0.46000000834465
			vertex 8.8881797790527 0.95498019456863 0.46000000834465
		endloop
	endfacet
	facet normal -0.70710713241036 -0.70710642996256 0
		outer loop
			vertex 8.8318195343018 1.1386197805405 0.18000000715256
			vertex 8.9518194198608 1.0186197757721 0.46000000834465
			vertex 8.8318195343018 1.1386197805405 0.46000000834465
		endloop
	endfacet
	facet normal -0.70710713241036 -0.70710642996256 0
		outer loop
			vertex 8.8318195343018 1.1386197805405 0.18000000715256
			vertex 8.9518194198608 1.0186197757721 0.18000000715256
			vertex 8.9518194198608 1.0186197757721 0.46000000834465
		endloop
	endfacet
	facet normal -0.19509303279729 -0.98078474119144 0
		outer loop
			vertex 8.9200000762939 0.85180002450943 0.18000000715256
			vertex 8.9372205734253 0.84837460517883 0.18000000715256
			vertex 8.9372205734253 0.84837460517883 0.46000000834465
		endloop
	endfacet
	facet normal -0.8314607211333 -0.55558353936423 0
		outer loop
			vertex 8.9615745544434 0.82402074337006 0.18000000715256
			vertex 8.9615745544434 0.82402074337006 0.46000000834465
			vertex 8.9518194198608 0.83861982822418 0.18000000715256
		endloop
	endfacet
	facet normal -0.98078330932227 -0.19510023104767 0
		outer loop
			vertex 8.9650001525879 0.80680000782013 0.18000000715256
			vertex 8.9650001525879 0.80680000782013 0.46000000834465
			vertex 8.9615745544434 0.82402074337006 0.18000000715256
		endloop
	endfacet
	facet normal -0.55557573084222 -0.83146593874863 0
		outer loop
			vertex 8.9372205734253 0.84837460517883 0.18000000715256
			vertex 8.9518194198608 0.83861982822418 0.18000000715256
			vertex 8.9518194198608 0.83861982822418 0.46000000834465
		endloop
	endfacet
	facet normal -0.19509303279729 -0.98078474119144 0
		outer loop
			vertex 8.9200000762939 0.85180002450943 0.18000000715256
			vertex 8.9372205734253 0.84837460517883 0.46000000834465
			vertex 8.9200000762939 0.85180002450943 0.46000000834465
		endloop
	endfacet
	facet normal -0.98078330932227 -0.19510023104767 0
		outer loop
			vertex 8.9615745544434 0.82402074337006 0.18000000715256
			vertex 8.9650001525879 0.80680000782013 0.46000000834465
			vertex 8.9615745544434 0.82402074337006 0.46000000834465
		endloop
	endfacet
	facet normal -0.8314607211333 -0.55558353936423 0
		outer loop
			vertex 8.9518194198608 0.83861982822418 0.18000000715256
			vertex 8.9615745544434 0.82402074337006 0.46000000834465
			vertex 8.9518194198608 0.83861982822418 0.46000000834465
		endloop
	endfacet
	facet normal -0.55557573084222 -0.83146593874863 0
		outer loop
			vertex 8.9372205734253 0.84837460517883 0.18000000715256
			vertex 8.9518194198608 0.83861982822418 0.46000000834465
			vertex 8.9372205734253 0.84837460517883 0.46000000834465
		endloop
	endfacet
	facet normal 0 0 -1
		outer loop
			vertex 8.9200000762939 0.80680000782013 0.46000000834465
			vertex 8.9200000762939 0.85180002450943 0.46000000834465
			vertex 8.9581489562988 0.80680000782013 0.46000000834465
		endloop
	endfacet
	facet normal 0 0 -1
		outer loop
			vertex 8.9372205734253 0.84837460517883 0.46000000834465
			vertex 8.9518194198608 0.83861982822418 0.46000000834465
			vertex 8.9581489562988 0.80680000782013 0.46000000834465
		endloop
	endfacet
	facet normal 0 0 -1
		outer loop
			vertex 8.9200000762939 0.85180002450943 0.46000000834465
			vertex 8.9372205734253 0.84837460517883 0.46000000834465
			vertex 8.9581489562988 0.80680000782013 0.46000000834465
		endloop
	endfacet
	facet normal 0 0 -1
		outer loop
			vertex 8.9581489562988 0.80680000782013 0.46000000834465
			vertex 8.9518194198608 0.83861982822418 0.46000000834465
			vertex 8.9615745544434 0.82402074337006 0.46000000834465
		endloop
	endfacet
	facet normal 0 0 -1
		outer loop
			vertex 8.9581489562988 0.80680000782013 0.46000000834465
			vertex 8.9615745544434 0.82402074337006 0.46000000834465
			vertex 8.9650001525879 0.80680000782013 0.46000000834465
		endloop
	endfacet
	facet normal 0.98078343853785 0.19509958147027 0
		outer loop
			vertex 8.2784252166748 0.90957921743393 0.18000000715256
			vertex 8.2749996185303 0.9268000125885 0.18000000715256
			vertex 8.2749996185303 0.9268000125885 0.46000000834465
		endloop
	endfacet
	facet normal 0.83145967328892 0.55558510751664 0
		outer loop
			vertex 8.2881803512573 0.89498019218445 0.18000000715256
			vertex 8.2784252166748 0.90957921743393 0.18000000715256
			vertex 8.2784252166748 0.90957921743393 0.46000000834465
		endloop
	endfacet
	facet normal 0.83145967328892 0.55558510751664 -0
		outer loop
			vertex 8.2881803512573 0.89498019218445 0.18000000715256
			vertex 8.2784252166748 0.90957921743393 0.46000000834465
			vertex 8.2881803512573 0.89498019218445 0.46000000834465
		endloop
	endfacet
	facet normal 0.98078343853785 0.19509958147027 -0
		outer loop
			vertex 8.2784252166748 0.90957921743393 0.18000000715256
			vertex 8.2749996185303 0.9268000125885 0.46000000834465
			vertex 8.2784252166748 0.90957921743393 0.46000000834465
		endloop
	endfacet
	facet normal 0 0 -1
		outer loop
			vertex 8.2784252166748 0.90957921743393 0.46000000834465
			vertex 8.2749996185303 0.9268000125885 0.46000000834465
			vertex 8.3165597915649 0.95450675487518 0.46000000834465
		endloop
	endfacet
	facet normal 0 0 -1
		outer loop
			vertex 8.2881803512573 0.89498019218445 0.46000000834465
			vertex 8.2784252166748 0.90957921743393 0.46000000834465
			vertex 8.3165597915649 0.95450675487518 0.46000000834465
		endloop
	endfacet
	facet normal 0 0 -1
		outer loop
			vertex 8.2881803512573 0.89498019218445 0.46000000834465
			vertex 8.3165597915649 0.95450675487518 0.46000000834465
			vertex 8.3199996948242 0.9268000125885 0.46000000834465
		endloop
	endfacet
	facet normal 0 0 -1
		outer loop
			vertex 8.3615741729736 0.9268000125885 0.46000000834465
			vertex 8.3645401000977 0.92448556423187 0.46000000834465
			vertex 8.3615741729736 0.92679524421692 0.46000000834465
		endloop
	endfacet
	facet normal 0 0 -1
		outer loop
			vertex 8.3636569976807 0.9200496673584 0.46000000834465
			vertex 8.3615741729736 0.92679524421692 0.46000000834465
			vertex 8.3645401000977 0.92448556423187 0.46000000834465
		endloop
	endfacet
	facet normal 0 0 -1
		outer loop
			vertex 8.3615741729736 0.9268000125885 0.46000000834465
			vertex 8.3629398345947 0.93715614080429 0.46000000834465
			vertex 8.3645401000977 0.92448556423187 0.46000000834465
		endloop
	endfacet
	facet normal 0.98078343853785 -0.19509958147027 0
		outer loop
			vertex 8.2749996185303 0.98680001497269 0.18000000715256
			vertex 8.2784252166748 1.0040208101273 0.18000000715256
			vertex 8.2784252166748 1.0040208101273 0.46000000834465
		endloop
	endfacet
	facet normal 0.83145862543567 -0.55558667567592 0
		outer loop
			vertex 8.2784252166748 1.0040208101273 0.18000000715256
			vertex 8.2881803512573 1.0186197757721 0.18000000715256
			vertex 8.2881803512573 1.0186197757721 0.46000000834465
		endloop
	endfacet
	facet normal 0.98078343853785 -0.19509958147027 0
		outer loop
			vertex 8.2749996185303 0.98680001497269 0.18000000715256
			vertex 8.2784252166748 1.0040208101273 0.46000000834465
			vertex 8.2749996185303 0.98680001497269 0.46000000834465
		endloop
	endfacet
	facet normal 0.83145862543567 -0.55558667567592 0
		outer loop
			vertex 8.2784252166748 1.0040208101273 0.18000000715256
			vertex 8.2881803512573 1.0186197757721 0.46000000834465
			vertex 8.2784252166748 1.0040208101273 0.46000000834465
		endloop
	endfacet
	facet normal 0 0 -1
		outer loop
			vertex 8.2749996185303 0.98680001497269 0.46000000834465
			vertex 8.2784252166748 1.0040208101273 0.46000000834465
			vertex 8.2881803512573 1.0186197757721 0.46000000834465
		endloop
	endfacet
	facet normal 0 0 -1
		outer loop
			vertex 8.2749996185303 0.98680001497269 0.46000000834465
			vertex 8.3019752502441 1.0048245191574 0.46000000834465
			vertex 8.3199996948242 0.98680001497269 0.46000000834465
		endloop
	endfacet
	facet normal 0 0 -1
		outer loop
			vertex 8.2749996185303 0.98680001497269 0.46000000834465
			vertex 8.31507396698 1.026873588562 0.46000000834465
			vertex 8.3019752502441 1.0048245191574 0.46000000834465
		endloop
	endfacet
	facet normal 0 0 -1
		outer loop
			vertex 8.2749996185303 0.98680001497269 0.46000000834465
			vertex 8.2881803512573 1.0186197757721 0.46000000834465
			vertex 8.31507396698 1.026873588562 0.46000000834465
		endloop
	endfacet
	facet normal 0.55557573084222 -0.83146593874863 0
		outer loop
			vertex 8.4081802368164 1.1386197805405 0.18000000715256
			vertex 8.422779083252 1.1483745574951 0.18000000715256
			vertex 8.422779083252 1.1483745574951 0.46000000834465
		endloop
	endfacet
	facet normal 0.1950962983379 -0.98078409161999 0
		outer loop
			vertex 8.422779083252 1.1483745574951 0.18000000715256
			vertex 8.4399995803833 1.1518000364304 0.18000000715256
			vertex 8.4399995803833 1.1518000364304 0.46000000834465
		endloop
	endfacet
	facet normal 0.55557573084222 -0.83146593874863 0
		outer loop
			vertex 8.4081802368164 1.1386197805405 0.18000000715256
			vertex 8.422779083252 1.1483745574951 0.46000000834465
			vertex 8.4081802368164 1.1386197805405 0.46000000834465
		endloop
	endfacet
	facet normal 0.1950962983379 -0.98078409161999 0
		outer loop
			vertex 8.422779083252 1.1483745574951 0.18000000715256
			vertex 8.4399995803833 1.1518000364304 0.46000000834465
			vertex 8.422779083252 1.1483745574951 0.46000000834465
		endloop
	endfacet
	facet normal 0 0 -1
		outer loop
			vertex 8.4081802368164 1.1386197805405 0.46000000834465
			vertex 8.4399995803833 1.1386197805405 0.46000000834465
			vertex 8.4399995803833 1.1067999601364 0.46000000834465
		endloop
	endfacet
	facet normal 0 0 -1
		outer loop
			vertex 8.4081802368164 1.1386197805405 0.46000000834465
			vertex 8.422779083252 1.1483745574951 0.46000000834465
			vertex 8.4399995803833 1.1518000364304 0.46000000834465
		endloop
	endfacet
	facet normal 0 0 -1
		outer loop
			vertex 8.4081802368164 1.1386197805405 0.46000000834465
			vertex 8.4399995803833 1.1518000364304 0.46000000834465
			vertex 8.4552612304688 1.1479847431183 0.46000000834465
		endloop
	endfacet
	facet normal 0 0 -1
		outer loop
			vertex 8.4081802368164 1.1386197805405 0.46000000834465
			vertex 8.4552612304688 1.1479847431183 0.46000000834465
			vertex 8.4399995803833 1.1386197805405 0.46000000834465
		endloop
	endfacet
	facet normal -0.1950962983379 -0.98078409161999 0
		outer loop
			vertex 8.8000001907349 1.1518000364304 0.18000000715256
			vertex 8.8172206878662 1.1483745574951 0.18000000715256
			vertex 8.8172206878662 1.1483745574951 0.46000000834465
		endloop
	endfacet
	facet normal -0.55557573084222 -0.83146593874863 0
		outer loop
			vertex 8.8172206878662 1.1483745574951 0.18000000715256
			vertex 8.8318195343018 1.1386197805405 0.18000000715256
			vertex 8.8318195343018 1.1386197805405 0.46000000834465
		endloop
	endfacet
	facet normal -0.1950962983379 -0.98078409161999 0
		outer loop
			vertex 8.8000001907349 1.1518000364304 0.18000000715256
			vertex 8.8172206878662 1.1483745574951 0.46000000834465
			vertex 8.8000001907349 1.1518000364304 0.46000000834465
		endloop
	endfacet
	facet normal -0.55557573084222 -0.83146593874863 0
		outer loop
			vertex 8.8172206878662 1.1483745574951 0.18000000715256
			vertex 8.8318195343018 1.1386197805405 0.46000000834465
			vertex 8.8172206878662 1.1483745574951 0.46000000834465
		endloop
	endfacet
	facet normal 0 0 -1
		outer loop
			vertex 8.8000001907349 1.1067999601364 0.46000000834465
			vertex 8.8000001907349 1.1518000364304 0.46000000834465
			vertex 8.8318195343018 1.1386197805405 0.46000000834465
		endloop
	endfacet
	facet normal 0 0 -1
		outer loop
			vertex 8.8000001907349 1.1518000364304 0.46000000834465
			vertex 8.8172206878662 1.1483745574951 0.46000000834465
			vertex 8.8318195343018 1.1386197805405 0.46000000834465
		endloop
	endfacet
	facet normal 0.55555064096688 0.83148270295977 -0
		outer loop
			vertex 8.8881797790527 0.95498019456863 0.18000000715256
			vertex 8.8881797790527 0.95498019456863 0.46000000834465
			vertex 8.9027795791626 0.94522541761398 0.18000000715256
		endloop
	endfacet
	facet normal 0.55555064096688 0.83148270295977 -0
		outer loop
			vertex 8.9027795791626 0.94522541761398 0.18000000715256
			vertex 8.8881797790527 0.95498019456863 0.46000000834465
			vertex 8.9027795791626 0.94522541761398 0.46000000834465
		endloop
	endfacet
	facet normal 0.19509303279729 0.98078474119144 -0
		outer loop
			vertex 8.9027795791626 0.94522541761398 0.18000000715256
			vertex 8.9027795791626 0.94522541761398 0.46000000834465
			vertex 8.9200000762939 0.94179999828339 0.18000000715256
		endloop
	endfacet
	facet normal -0.19509303279729 0.98078474119144 0
		outer loop
			vertex 8.9200000762939 0.94179999828339 0.18000000715256
			vertex 8.9200000762939 0.94179999828339 0.46000000834465
			vertex 8.9372205734253 0.94522541761398 0.18000000715256
		endloop
	endfacet
	facet normal -0.55557573084222 0.83146593874863 0
		outer loop
			vertex 8.9372205734253 0.94522541761398 0.18000000715256
			vertex 8.9372205734253 0.94522541761398 0.46000000834465
			vertex 8.9518194198608 0.95498019456863 0.18000000715256
		endloop
	endfacet
	facet normal -0.83145967328892 0.55558510751664 0
		outer loop
			vertex 8.9518194198608 0.95498019456863 0.18000000715256
			vertex 8.9518194198608 0.95498019456863 0.46000000834465
			vertex 8.9615745544434 0.96957921981812 0.18000000715256
		endloop
	endfacet
	facet normal -0.98078343853785 0.19509958147027 0
		outer loop
			vertex 8.9615745544434 0.96957921981812 0.18000000715256
			vertex 8.9615745544434 0.96957921981812 0.46000000834465
			vertex 8.9650001525879 0.98680001497269 0.18000000715256
		endloop
	endfacet
	facet normal -0.98078343853785 -0.19509958147027 0
		outer loop
			vertex 8.9650001525879 0.98680001497269 0.18000000715256
			vertex 8.9650001525879 0.98680001497269 0.46000000834465
			vertex 8.9615745544434 1.0040208101273 0.18000000715256
		endloop
	endfacet
	facet normal -0.83145862543567 -0.55558667567592 0
		outer loop
			vertex 8.9518194198608 1.0186197757721 0.18000000715256
			vertex 8.9615745544434 1.0040208101273 0.18000000715256
			vertex 8.9615745544434 1.0040208101273 0.46000000834465
		endloop
	endfacet
	facet normal 0.19509303279729 0.98078474119144 -0
		outer loop
			vertex 8.9200000762939 0.94179999828339 0.18000000715256
			vertex 8.9027795791626 0.94522541761398 0.46000000834465
			vertex 8.9200000762939 0.94179999828339 0.46000000834465
		endloop
	endfacet
	facet normal -0.19509303279729 0.98078474119144 0
		outer loop
			vertex 8.9372205734253 0.94522541761398 0.18000000715256
			vertex 8.9200000762939 0.94179999828339 0.46000000834465
			vertex 8.9372205734253 0.94522541761398 0.46000000834465
		endloop
	endfacet
	facet normal -0.55557573084222 0.83146593874863 0
		outer loop
			vertex 8.9372205734253 0.94522541761398 0.46000000834465
			vertex 8.9518194198608 0.95498019456863 0.46000000834465
			vertex 8.9518194198608 0.95498019456863 0.18000000715256
		endloop
	endfacet
	facet normal -0.83145967328892 0.55558510751664 0
		outer loop
			vertex 8.9615745544434 0.96957921981812 0.18000000715256
			vertex 8.9518194198608 0.95498019456863 0.46000000834465
			vertex 8.9615745544434 0.96957921981812 0.46000000834465
		endloop
	endfacet
	facet normal -0.98078343853785 0.19509958147027 0
		outer loop
			vertex 8.9650001525879 0.98680001497269 0.18000000715256
			vertex 8.9615745544434 0.96957921981812 0.46000000834465
			vertex 8.9650001525879 0.98680001497269 0.46000000834465
		endloop
	endfacet
	facet normal -0.98078343853785 -0.19509958147027 0
		outer loop
			vertex 8.9615745544434 1.0040208101273 0.18000000715256
			vertex 8.9650001525879 0.98680001497269 0.46000000834465
			vertex 8.9615745544434 1.0040208101273 0.46000000834465
		endloop
	endfacet
	facet normal -0.83145862543567 -0.55558667567592 0
		outer loop
			vertex 8.9518194198608 1.0186197757721 0.18000000715256
			vertex 8.9615745544434 1.0040208101273 0.46000000834465
			vertex 8.9518194198608 1.0186197757721 0.46000000834465
		endloop
	endfacet
	facet normal 0 0 -1
		outer loop
			vertex 8.8881797790527 0.95498019456863 0.46000000834465
			vertex 8.9518194198608 1.0186197757721 0.46000000834465
			vertex 8.9027795791626 0.94522541761398 0.46000000834465
		endloop
	endfacet
	facet normal 0 0 -1
		outer loop
			vertex 8.9027795791626 0.94522541761398 0.46000000834465
			vertex 8.9518194198608 1.0186197757721 0.46000000834465
			vertex 8.9200000762939 0.94179999828339 0.46000000834465
		endloop
	endfacet
	facet normal 0 0 -1
		outer loop
			vertex 8.9200000762939 0.94179999828339 0.46000000834465
			vertex 8.9518194198608 1.0186197757721 0.46000000834465
			vertex 8.9372205734253 0.94522541761398 0.46000000834465
		endloop
	endfacet
	facet normal 0 0 -1
		outer loop
			vertex 8.9372205734253 0.94522541761398 0.46000000834465
			vertex 8.9518194198608 1.0186197757721 0.46000000834465
			vertex 8.9518194198608 0.95498019456863 0.46000000834465
		endloop
	endfacet
	facet normal 0 0 -1
		outer loop
			vertex 8.9518194198608 0.95498019456863 0.46000000834465
			vertex 8.9615745544434 1.0040208101273 0.46000000834465
			vertex 8.9615745544434 0.96957921981812 0.46000000834465
		endloop
	endfacet
	facet normal 0 0 -1
		outer loop
			vertex 8.9518194198608 0.95498019456863 0.46000000834465
			vertex 8.9518194198608 1.0186197757721 0.46000000834465
			vertex 8.9615745544434 1.0040208101273 0.46000000834465
		endloop
	endfacet
	facet normal 0 0 -1
		outer loop
			vertex 8.9615745544434 0.96957921981812 0.46000000834465
			vertex 8.9615745544434 1.0040208101273 0.46000000834465
			vertex 8.9650001525879 0.98680001497269 0.46000000834465
		endloop
	endfacet
	facet normal 0.70709835185905 0.70711521041356 0
		outer loop
			vertex 8.0763607025146 1.0468000173569 0.18000000715256
			vertex 8.0613603591919 1.0618000030518 0.18000000715256
			vertex 8.0613603591919 1.0618000030518 0.46000000834465
		endloop
	endfacet
	facet normal 0.70709835185905 0.70711521041356 -0
		outer loop
			vertex 8.0763607025146 1.0468000173569 0.18000000715256
			vertex 8.0613603591919 1.0618000030518 0.46000000834465
			vertex 8.0763607025146 1.0468000173569 0.46000000834465
		endloop
	endfacet
	facet normal 0.70712083028901 0.70709273180495 -0
		outer loop
			vertex 8.1400003433228 0.98316037654877 0.18000000715256
			vertex 8.1400003433228 0.98316037654877 0.46000000834465
			vertex 8.1549997329712 0.96816039085388 0.18000000715256
		endloop
	endfacet
	facet normal 0.70712083028901 0.70709273180495 -0
		outer loop
			vertex 8.1549997329712 0.96816039085388 0.18000000715256
			vertex 8.1400003433228 0.98316037654877 0.46000000834465
			vertex 8.1549997329712 0.96816039085388 0.46000000834465
		endloop
	endfacet
	facet normal 0 0 -1
		outer loop
			vertex 8.0763607025146 1.0468000173569 0.46000000834465
			vertex 8.0613603591919 1.0618000030518 0.46000000834465
			vertex 8.1584148406982 0.98680001497269 0.46000000834465
		endloop
	endfacet
	facet normal 0 0 -1
		outer loop
			vertex 8.0613603591919 1.0618000030518 0.46000000834465
			vertex 8.0799999237061 1.1067999601364 0.46000000834465
			vertex 8.1584148406982 0.98680001497269 0.46000000834465
		endloop
	endfacet
	facet normal 0 0 -1
		outer loop
			vertex 8.0763607025146 1.0468000173569 0.46000000834465
			vertex 8.1584148406982 0.98680001497269 0.46000000834465
			vertex 8.1302614212036 0.99289935827255 0.46000000834465
		endloop
	endfacet
	facet normal 0 0 -1
		outer loop
			vertex 8.1400003433228 0.98316037654877 0.46000000834465
			vertex 8.1302614212036 0.99289935827255 0.46000000834465
			vertex 8.1584148406982 0.98680001497269 0.46000000834465
		endloop
	endfacet
	facet normal 0 0 -1
		outer loop
			vertex 8.0799999237061 1.1067999601364 0.46000000834465
			vertex 8.1118202209473 1.1386197805405 0.46000000834465
			vertex 8.1584148406982 0.98680001497269 0.46000000834465
		endloop
	endfacet
	facet normal 0 0 -1
		outer loop
			vertex 8.1584148406982 0.98680001497269 0.46000000834465
			vertex 8.1118202209473 1.1386197805405 0.46000000834465
			vertex 8.1400003433228 1.110439658165 0.46000000834465
		endloop
	endfacet
	facet normal 0 0 -1
		outer loop
			vertex 8.1400003433228 0.98316037654877 0.46000000834465
			vertex 8.1584148406982 0.98680001497269 0.46000000834465
			vertex 8.1549997329712 0.96816039085388 0.46000000834465
		endloop
	endfacet
	facet normal 0 0 -1
		outer loop
			vertex 8.1551866531372 0.9679741859436 0.46000000834465
			vertex 8.1549997329712 0.96816039085388 0.46000000834465
			vertex 8.1584148406982 0.98680001497269 0.46000000834465
		endloop
	endfacet
	facet normal 0 0 -1
		outer loop
			vertex 8.1584148406982 0.98680001497269 0.46000000834465
			vertex 8.1400003433228 1.110439658165 0.46000000834465
			vertex 8.1582536697388 1.0155229568481 0.46000000834465
		endloop
	endfacet
	facet normal 0 0 -1
		outer loop
			vertex 8.1584148406982 0.98680001497269 0.46000000834465
			vertex 8.1582536697388 1.0155229568481 0.46000000834465
			vertex 8.2067766189575 0.99357664585114 0.46000000834465
		endloop
	endfacet
	facet normal 0 0 -1
		outer loop
			vertex 8.1582536697388 1.0155229568481 0.46000000834465
			vertex 8.2318201065063 1.0186197757721 0.46000000834465
			vertex 8.2067766189575 0.99357664585114 0.46000000834465
		endloop
	endfacet
	facet normal 0 0 -1
		outer loop
			vertex 8.1582536697388 1.0155229568481 0.46000000834465
			vertex 8.2036399841309 1.0468000173569 0.46000000834465
			vertex 8.2318201065063 1.0186197757721 0.46000000834465
		endloop
	endfacet
	facet normal 0 0 -1
		outer loop
			vertex 8.1582536697388 1.0155229568481 0.46000000834465
			vertex 8.2006502151489 1.0497889518738 0.46000000834465
			vertex 8.2036399841309 1.0468000173569 0.46000000834465
		endloop
	endfacet
	facet normal -0.70710678118655 -0.70710678118655 0
		outer loop
			vertex 8.1400003433228 1.110439658165 0.18000000715256
			vertex 8.1400003433228 1.110439658165 0.46000000834465
			vertex 8.1118202209473 1.1386197805405 0.18000000715256
		endloop
	endfacet
	facet normal -0.70710678118655 -0.70710678118655 0
		outer loop
			vertex 8.1118202209473 1.1386197805405 0.18000000715256
			vertex 8.1400003433228 1.110439658165 0.46000000834465
			vertex 8.1118202209473 1.1386197805405 0.46000000834465
		endloop
	endfacet
	facet normal -0.70710827680513 -0.7071052855648 0
		outer loop
			vertex 8.2036399841309 1.0468000173569 0.18000000715256
			vertex 8.2318201065063 1.0186197757721 0.18000000715256
			vertex 8.2318201065063 1.0186197757721 0.46000000834465
		endloop
	endfacet
	facet normal -0.70710827680513 -0.7071052855648 0
		outer loop
			vertex 8.2036399841309 1.0468000173569 0.18000000715256
			vertex 8.2318201065063 1.0186197757721 0.46000000834465
			vertex 8.2036399841309 1.0468000173569 0.46000000834465
		endloop
	endfacet
	facet normal 1 0 0
		outer loop
			vertex 8.1549997329712 0.80680000782013 0.18000000715256
			vertex 8.1549997329712 0.96816039085388 0.18000000715256
			vertex 8.1549997329712 0.80680000782013 0.46000000834465
		endloop
	endfacet
	facet normal 1 -0 0
		outer loop
			vertex 8.1549997329712 0.80680000782013 0.46000000834465
			vertex 8.1549997329712 0.96816039085388 0.18000000715256
			vertex 8.1549997329712 0.96816039085388 0.46000000834465
		endloop
	endfacet
	facet normal 0 0 -1
		outer loop
			vertex 8.1549997329712 0.80680000782013 0.46000000834465
			vertex 8.1549997329712 0.96816039085388 0.46000000834465
			vertex 8.2449998855591 0.80680000782013 0.46000000834465
		endloop
	endfacet
	facet normal -0 -0 -1
		outer loop
			vertex 8.1551866531372 0.9679741859436 0.46000000834465
			vertex 8.2449998855591 0.80680000782013 0.46000000834465
			vertex 8.1549997329712 0.96816039085388 0.46000000834465
		endloop
	endfacet
	facet normal 0 0 -1
		outer loop
			vertex 8.1551866531372 0.9679741859436 0.46000000834465
			vertex 8.1584148406982 0.98680001497269 0.46000000834465
			vertex 8.23814868927 0.98680001497269 0.46000000834465
		endloop
	endfacet
	facet normal -1 0 0
		outer loop
			vertex 8.2449998855591 0.80680000782013 0.18000000715256
			vertex 8.2449998855591 0.80680000782013 0.46000000834465
			vertex 8.2449998855591 0.98680001497269 0.46000000834465
		endloop
	endfacet
	facet normal -1 0 0
		outer loop
			vertex 8.2449998855591 0.80680000782013 0.18000000715256
			vertex 8.2449998855591 0.98680001497269 0.46000000834465
			vertex 8.2449998855591 0.98680001497269 0.18000000715256
		endloop
	endfacet
	facet normal 0 0 -1
		outer loop
			vertex 8.1551866531372 0.9679741859436 0.46000000834465
			vertex 8.23814868927 0.98680001497269 0.46000000834465
			vertex 8.2449998855591 0.80680000782013 0.46000000834465
		endloop
	endfacet
	facet normal 0 0 -1
		outer loop
			vertex 8.2449998855591 0.80680000782013 0.46000000834465
			vertex 8.23814868927 0.98680001497269 0.46000000834465
			vertex 8.2415742874146 0.9730983376503 0.46000000834465
		endloop
	endfacet
	facet normal 0 0 -1
		outer loop
			vertex 8.2449998855591 0.80680000782013 0.46000000834465
			vertex 8.2415742874146 0.9730983376503 0.46000000834465
			vertex 8.2449998855591 0.98680001497269 0.46000000834465
		endloop
	endfacet
	facet normal 1 0 0
		outer loop
			vertex 7.5549998283386 0.80680000782013 0.18000000715256
			vertex 7.5549998283386 0.98680001497269 0.46000000834465
			vertex 7.5549998283386 0.80680000782013 0.46000000834465
		endloop
	endfacet
	facet normal 1 0 0
		outer loop
			vertex 7.5549998283386 0.80680000782013 0.18000000715256
			vertex 7.5549998283386 0.98680001497269 0.18000000715256
			vertex 7.5549998283386 0.98680001497269 0.46000000834465
		endloop
	endfacet
	facet normal -1 0 0
		outer loop
			vertex 7.6449999809265 0.80680000782013 0.18000000715256
			vertex 7.6449999809265 0.80680000782013 0.46000000834465
			vertex 7.6449999809265 0.96816039085388 0.46000000834465
		endloop
	endfacet
	facet normal -1 0 0
		outer loop
			vertex 7.6449999809265 0.80680000782013 0.18000000715256
			vertex 7.6449999809265 0.96816039085388 0.46000000834465
			vertex 7.6449999809265 0.96816039085388 0.18000000715256
		endloop
	endfacet
	facet normal 0 0 -1
		outer loop
			vertex 7.5549998283386 0.80680000782013 0.46000000834465
			vertex 7.5549998283386 0.98680001497269 0.46000000834465
			vertex 7.6449999809265 0.80680000782013 0.46000000834465
		endloop
	endfacet
	facet normal 0 0 -1
		outer loop
			vertex 7.6449999809265 0.80680000782013 0.46000000834465
			vertex 7.5549998283386 0.98680001497269 0.46000000834465
			vertex 7.631010055542 0.95578986406326 0.46000000834465
		endloop
	endfacet
	facet normal 0 0 -1
		outer loop
			vertex 7.5549998283386 0.98680001497269 0.46000000834465
			vertex 7.5999999046326 0.98680001497269 0.46000000834465
			vertex 7.631010055542 0.95578986406326 0.46000000834465
		endloop
	endfacet
	facet normal 0 0 -1
		outer loop
			vertex 7.6449999809265 0.80680000782013 0.46000000834465
			vertex 7.631010055542 0.95578986406326 0.46000000834465
			vertex 7.6387867927551 0.9619472026825 0.46000000834465
		endloop
	endfacet
	facet normal 0 0 -1
		outer loop
			vertex 7.6449999809265 0.80680000782013 0.46000000834465
			vertex 7.6387867927551 0.9619472026825 0.46000000834465
			vertex 7.6449999809265 0.96816039085388 0.46000000834465
		endloop
	endfacet
	facet normal 0.70710713241036 -0.70710642996256 0
		outer loop
			vertex 7.5681800842285 1.0186197757721 0.18000000715256
			vertex 7.6881799697876 1.1386197805405 0.46000000834465
			vertex 7.5681800842285 1.0186197757721 0.46000000834465
		endloop
	endfacet
	facet normal -0.7071058809944 0.70710768137755 0
		outer loop
			vertex 7.6449999809265 0.96816039085388 0.18000000715256
			vertex 7.6449999809265 0.96816039085388 0.46000000834465
			vertex 7.738639831543 1.0618000030518 0.18000000715256
		endloop
	endfacet
	facet normal -0.7071058809944 0.70710768137755 0
		outer loop
			vertex 7.6449999809265 0.96816039085388 0.46000000834465
			vertex 7.738639831543 1.0618000030518 0.46000000834465
			vertex 7.738639831543 1.0618000030518 0.18000000715256
		endloop
	endfacet
	facet normal 0 0 -1
		outer loop
			vertex 7.5999999046326 0.98680001497269 0.46000000834465
			vertex 7.6387867927551 0.9619472026825 0.46000000834465
			vertex 7.631010055542 0.95578986406326 0.46000000834465
		endloop
	endfacet
	facet normal 0 0 -1
		outer loop
			vertex 7.5999999046326 0.98680001497269 0.46000000834465
			vertex 7.6449999809265 0.96816039085388 0.46000000834465
			vertex 7.6387867927551 0.9619472026825 0.46000000834465
		endloop
	endfacet
	facet normal 0 0 -1
		outer loop
			vertex 7.5681800842285 1.0186197757721 0.46000000834465
			vertex 7.7199997901917 1.0652145147324 0.46000000834465
			vertex 7.5999999046326 0.98680001497269 0.46000000834465
		endloop
	endfacet
	facet normal 0 0 -1
		outer loop
			vertex 7.5999999046326 0.98680001497269 0.46000000834465
			vertex 7.7199997901917 1.0652145147324 0.46000000834465
			vertex 7.6449999809265 0.96816039085388 0.46000000834465
		endloop
	endfacet
	facet normal 0 0 -1
		outer loop
			vertex 7.5681800842285 1.0186197757721 0.46000000834465
			vertex 7.6881799697876 1.1386197805405 0.46000000834465
			vertex 7.7199997901917 1.0652145147324 0.46000000834465
		endloop
	endfacet
	facet normal 0 0 -1
		outer loop
			vertex 7.6449999809265 0.96816039085388 0.46000000834465
			vertex 7.7199997901917 1.0652145147324 0.46000000834465
			vertex 7.738639831543 1.0618000030518 0.46000000834465
		endloop
	endfacet
	facet normal 0.70710713241036 -0.70710642996256 0
		outer loop
			vertex 7.5681800842285 1.0186197757721 0.18000000715256
			vertex 7.6881799697876 1.1386197805405 0.18000000715256
			vertex 7.6881799697876 1.1386197805405 0.46000000834465
		endloop
	endfacet
	facet normal 0 0 -1
		outer loop
			vertex 7.6881799697876 1.1386197805405 0.46000000834465
			vertex 7.7125339508057 1.114266037941 0.46000000834465
			vertex 7.7199997901917 1.0652145147324 0.46000000834465
		endloop
	endfacet
	facet normal 0 0 -1
		outer loop
			vertex 7.7199997901917 1.0652145147324 0.46000000834465
			vertex 7.7448530197144 1.0680131912231 0.46000000834465
			vertex 7.738639831543 1.0618000030518 0.46000000834465
		endloop
	endfacet
	facet normal 0 0 -1
		outer loop
			vertex 7.7199997901917 1.0652145147324 0.46000000834465
			vertex 7.7199997901917 1.1518000364304 0.46000000834465
			vertex 7.7448530197144 1.0680131912231 0.46000000834465
		endloop
	endfacet
	facet normal 0 1 0
		outer loop
			vertex 7.738639831543 1.0618000030518 0.18000000715256
			vertex 7.738639831543 1.0618000030518 0.46000000834465
			vertex 8.0613603591919 1.0618000030518 0.18000000715256
		endloop
	endfacet
	facet normal -0 1 0
		outer loop
			vertex 7.738639831543 1.0618000030518 0.46000000834465
			vertex 8.0613603591919 1.0618000030518 0.46000000834465
			vertex 8.0613603591919 1.0618000030518 0.18000000715256
		endloop
	endfacet
	facet normal 0 0 -1
		outer loop
			vertex 7.738639831543 1.0618000030518 0.46000000834465
			vertex 7.7448530197144 1.0680131912231 0.46000000834465
			vertex 8.0613603591919 1.0618000030518 0.46000000834465
		endloop
	endfacet
	facet normal 0 0 -1
		outer loop
			vertex 7.7448530197144 1.0680131912231 0.46000000834465
			vertex 8.0799999237061 1.1067999601364 0.46000000834465
			vertex 8.0613603591919 1.0618000030518 0.46000000834465
		endloop
	endfacet
	facet normal 0 -1 0
		outer loop
			vertex 7.7199997901917 1.1518000364304 0.18000000715256
			vertex 8.0799999237061 1.1518000364304 0.46000000834465
			vertex 7.7199997901917 1.1518000364304 0.46000000834465
		endloop
	endfacet
	facet normal 0 -1 0
		outer loop
			vertex 7.7199997901917 1.1518000364304 0.18000000715256
			vertex 8.0799999237061 1.1518000364304 0.18000000715256
			vertex 8.0799999237061 1.1518000364304 0.46000000834465
		endloop
	endfacet
	facet normal 0 0 -1
		outer loop
			vertex 7.7199997901917 1.1518000364304 0.46000000834465
			vertex 8.0647392272949 1.1479847431183 0.46000000834465
			vertex 7.7448530197144 1.0680131912231 0.46000000834465
		endloop
	endfacet
	facet normal 0 0 -1
		outer loop
			vertex 7.7448530197144 1.0680131912231 0.46000000834465
			vertex 8.0647392272949 1.1479847431183 0.46000000834465
			vertex 8.0799999237061 1.1067999601364 0.46000000834465
		endloop
	endfacet
	facet normal 0 0 -1
		outer loop
			vertex 7.7199997901917 1.1518000364304 0.46000000834465
			vertex 8.0799999237061 1.1518000364304 0.46000000834465
			vertex 8.0647392272949 1.1479847431183 0.46000000834465
		endloop
	endfacet
	facet normal 0 0 -1
		outer loop
			vertex 8.0647392272949 1.1479847431183 0.46000000834465
			vertex 8.0799999237061 1.1449491977692 0.46000000834465
			vertex 8.0799999237061 1.1067999601364 0.46000000834465
		endloop
	endfacet
	facet normal 0 0 -1
		outer loop
			vertex 8.0799999237061 1.1067999601364 0.46000000834465
			vertex 8.0799999237061 1.1449491977692 0.46000000834465
			vertex 8.1118202209473 1.1386197805405 0.46000000834465
		endloop
	endfacet
	facet normal 0 0 -1
		outer loop
			vertex 8.0799999237061 1.1449491977692 0.46000000834465
			vertex 8.0965394973755 1.1449491977692 0.46000000834465
			vertex 8.0972204208374 1.1446669101715 0.46000000834465
		endloop
	endfacet
	facet normal 0 0 -1
		outer loop
			vertex 8.0799999237061 1.1449491977692 0.46000000834465
			vertex 8.0972204208374 1.1446669101715 0.46000000834465
			vertex 8.1118202209473 1.1386197805405 0.46000000834465
		endloop
	endfacet
	facet normal 0 0 -1
		outer loop
			vertex 8.0972204208374 1.1483745574951 0.46000000834465
			vertex 8.1118202209473 1.1386197805405 0.46000000834465
			vertex 8.0972204208374 1.1446669101715 0.46000000834465
		endloop
	endfacet
	facet normal 0 0 -1
		outer loop
			vertex 8.1584148406982 0.98680001497269 0.46000000834465
			vertex 8.2067766189575 0.99357664585114 0.46000000834465
			vertex 8.23814868927 0.98680001497269 0.46000000834465
		endloop
	endfacet
	facet normal -0.98078343853785 -0.19509958147027 0
		outer loop
			vertex 8.2449998855591 0.98680001497269 0.18000000715256
			vertex 8.2449998855591 0.98680001497269 0.46000000834465
			vertex 8.2415742874146 1.0040208101273 0.18000000715256
		endloop
	endfacet
	facet normal -0.83148371594842 -0.5555491248419 0
		outer loop
			vertex 8.2318201065063 1.0186197757721 0.18000000715256
			vertex 8.2415742874146 1.0040208101273 0.18000000715256
			vertex 8.2415742874146 1.0040208101273 0.46000000834465
		endloop
	endfacet
	facet normal -0.98078343853785 -0.19509958147027 0
		outer loop
			vertex 8.2415742874146 1.0040208101273 0.18000000715256
			vertex 8.2449998855591 0.98680001497269 0.46000000834465
			vertex 8.2415742874146 1.0040208101273 0.46000000834465
		endloop
	endfacet
	facet normal -0.83148371594842 -0.5555491248419 0
		outer loop
			vertex 8.2318201065063 1.0186197757721 0.18000000715256
			vertex 8.2415742874146 1.0040208101273 0.46000000834465
			vertex 8.2318201065063 1.0186197757721 0.46000000834465
		endloop
	endfacet
	facet normal 0 0 -1
		outer loop
			vertex 8.2067766189575 0.99357664585114 0.46000000834465
			vertex 8.2318201065063 1.0186197757721 0.46000000834465
			vertex 8.23814868927 0.98680001497269 0.46000000834465
		endloop
	endfacet
	facet normal 0 0 -1
		outer loop
			vertex 8.2318201065063 1.0186197757721 0.46000000834465
			vertex 8.2415742874146 1.0040208101273 0.46000000834465
			vertex 8.23814868927 0.98680001497269 0.46000000834465
		endloop
	endfacet
	facet normal 0 0 -1
		outer loop
			vertex 8.2415742874146 0.9730983376503 0.46000000834465
			vertex 8.23814868927 0.98680001497269 0.46000000834465
			vertex 8.2415742874146 1.0040208101273 0.46000000834465
		endloop
	endfacet
	facet normal 0 0 -1
		outer loop
			vertex 8.2415742874146 0.9730983376503 0.46000000834465
			vertex 8.2415742874146 1.0040208101273 0.46000000834465
			vertex 8.2449998855591 0.98680001497269 0.46000000834465
		endloop
	endfacet
	facet normal 0.98078343853785 -0.19509958147027 0
		outer loop
			vertex 7.5549998283386 0.98680001497269 0.18000000715256
			vertex 7.5584254264832 1.0040208101273 0.18000000715256
			vertex 7.5584254264832 1.0040208101273 0.46000000834465
		endloop
	endfacet
	facet normal 0.83147117071475 -0.55556790068384 0
		outer loop
			vertex 7.5584254264832 1.0040208101273 0.18000000715256
			vertex 7.5681800842285 1.0186197757721 0.18000000715256
			vertex 7.5681800842285 1.0186197757721 0.46000000834465
		endloop
	endfacet
	facet normal 0.98078343853785 -0.19509958147027 0
		outer loop
			vertex 7.5549998283386 0.98680001497269 0.18000000715256
			vertex 7.5584254264832 1.0040208101273 0.46000000834465
			vertex 7.5549998283386 0.98680001497269 0.46000000834465
		endloop
	endfacet
	facet normal 0.83147117071475 -0.55556790068384 0
		outer loop
			vertex 7.5584254264832 1.0040208101273 0.18000000715256
			vertex 7.5681800842285 1.0186197757721 0.46000000834465
			vertex 7.5584254264832 1.0040208101273 0.46000000834465
		endloop
	endfacet
	facet normal 0 0 -1
		outer loop
			vertex 7.5549998283386 0.98680001497269 0.46000000834465
			vertex 7.5584254264832 1.0040208101273 0.46000000834465
			vertex 7.5681800842285 1.0186197757721 0.46000000834465
		endloop
	endfacet
	facet normal 0 0 -1
		outer loop
			vertex 7.5549998283386 0.98680001497269 0.46000000834465
			vertex 7.5681800842285 1.0186197757721 0.46000000834465
			vertex 7.5999999046326 0.98680001497269 0.46000000834465
		endloop
	endfacet
	facet normal 0.55556318568451 -0.83147432113811 0
		outer loop
			vertex 7.6881799697876 1.1386197805405 0.18000000715256
			vertex 7.7027792930603 1.1483745574951 0.18000000715256
			vertex 7.7027792930603 1.1483745574951 0.46000000834465
		endloop
	endfacet
	facet normal 0.1950962983379 -0.98078409161999 0
		outer loop
			vertex 7.7027792930603 1.1483745574951 0.18000000715256
			vertex 7.7199997901917 1.1518000364304 0.18000000715256
			vertex 7.7199997901917 1.1518000364304 0.46000000834465
		endloop
	endfacet
	facet normal 0.55556318568451 -0.83147432113811 0
		outer loop
			vertex 7.6881799697876 1.1386197805405 0.18000000715256
			vertex 7.7027792930603 1.1483745574951 0.46000000834465
			vertex 7.6881799697876 1.1386197805405 0.46000000834465
		endloop
	endfacet
	facet normal 0.1950962983379 -0.98078409161999 0
		outer loop
			vertex 7.7027792930603 1.1483745574951 0.18000000715256
			vertex 7.7199997901917 1.1518000364304 0.46000000834465
			vertex 7.7027792930603 1.1483745574951 0.46000000834465
		endloop
	endfacet
	facet normal 0 0 -1
		outer loop
			vertex 7.6881799697876 1.1386197805405 0.46000000834465
			vertex 7.7027792930603 1.1483745574951 0.46000000834465
			vertex 7.7125339508057 1.114266037941 0.46000000834465
		endloop
	endfacet
	facet normal 0 0 -1
		outer loop
			vertex 7.7199997901917 1.0652145147324 0.46000000834465
			vertex 7.7125339508057 1.114266037941 0.46000000834465
			vertex 7.7199997901917 1.1518000364304 0.46000000834465
		endloop
	endfacet
	facet normal 0 0 -1
		outer loop
			vertex 7.7125339508057 1.114266037941 0.46000000834465
			vertex 7.7027792930603 1.1483745574951 0.46000000834465
			vertex 7.7199997901917 1.1518000364304 0.46000000834465
		endloop
	endfacet
	facet normal -0.1950962983379 -0.98078409161999 0
		outer loop
			vertex 8.0799999237061 1.1518000364304 0.18000000715256
			vertex 8.0972204208374 1.1483745574951 0.46000000834465
			vertex 8.0799999237061 1.1518000364304 0.46000000834465
		endloop
	endfacet
	facet normal -0.1950962983379 -0.98078409161999 0
		outer loop
			vertex 8.0799999237061 1.1518000364304 0.18000000715256
			vertex 8.0972204208374 1.1483745574951 0.18000000715256
			vertex 8.0972204208374 1.1483745574951 0.46000000834465
		endloop
	endfacet
	facet normal -0.55555064096688 -0.83148270295977 0
		outer loop
			vertex 8.0972204208374 1.1483745574951 0.18000000715256
			vertex 8.1118202209473 1.1386197805405 0.18000000715256
			vertex 8.1118202209473 1.1386197805405 0.46000000834465
		endloop
	endfacet
	facet normal -0.55555064096688 -0.83148270295977 0
		outer loop
			vertex 8.0972204208374 1.1483745574951 0.18000000715256
			vertex 8.1118202209473 1.1386197805405 0.46000000834465
			vertex 8.0972204208374 1.1483745574951 0.46000000834465
		endloop
	endfacet
	facet normal 0 0 -1
		outer loop
			vertex 8.0647392272949 1.1479847431183 0.46000000834465
			vertex 8.0799999237061 1.1518000364304 0.46000000834465
			vertex 8.0799999237061 1.1449491977692 0.46000000834465
		endloop
	endfacet
	facet normal 0 0 -1
		outer loop
			vertex 8.0799999237061 1.1449491977692 0.46000000834465
			vertex 8.0799999237061 1.1518000364304 0.46000000834465
			vertex 8.0965394973755 1.1449491977692 0.46000000834465
		endloop
	endfacet
	facet normal 0 0 -1
		outer loop
			vertex 8.0799999237061 1.1518000364304 0.46000000834465
			vertex 8.0972204208374 1.1483745574951 0.46000000834465
			vertex 8.0965394973755 1.1449491977692 0.46000000834465
		endloop
	endfacet
	facet normal 0 -0 -1
		outer loop
			vertex 8.0972204208374 1.1483745574951 0.46000000834465
			vertex 8.0972204208374 1.1446669101715 0.46000000834465
			vertex 8.0965394973755 1.1449491977692 0.46000000834465
		endloop
	endfacet
	facet normal 0.70710642996291 -0.70710713241001 0
		outer loop
			vertex 7.8363604545593 0.80680000782013 0.18000000715256
			vertex 8.0763607025146 1.0468000173569 0.46000000834465
			vertex 7.8363604545593 0.80680000782013 0.46000000834465
		endloop
	endfacet
	facet normal 0 0 -1
		outer loop
			vertex 7.8363604545593 0.80680000782013 0.46000000834465
			vertex 8.0763607025146 1.0468000173569 0.46000000834465
			vertex 7.9636397361755 0.80680000782013 0.46000000834465
		endloop
	endfacet
	facet normal -0.7071063032239 0.70710725914887 0
		outer loop
			vertex 7.9636397361755 0.80680000782013 0.18000000715256
			vertex 7.9636397361755 0.80680000782013 0.46000000834465
			vertex 8.1400003433228 0.98316037654877 0.46000000834465
		endloop
	endfacet
	facet normal 0.70710642996291 -0.70710713241001 0
		outer loop
			vertex 7.8363604545593 0.80680000782013 0.18000000715256
			vertex 8.0763607025146 1.0468000173569 0.18000000715256
			vertex 8.0763607025146 1.0468000173569 0.46000000834465
		endloop
	endfacet
	facet normal -0.7071063032239 0.70710725914887 0
		outer loop
			vertex 7.9636397361755 0.80680000782013 0.18000000715256
			vertex 8.1400003433228 0.98316037654877 0.46000000834465
			vertex 8.1400003433228 0.98316037654877 0.18000000715256
		endloop
	endfacet
	facet normal 0 0 -1
		outer loop
			vertex 7.9636397361755 0.80680000782013 0.46000000834465
			vertex 8.1302614212036 0.99289935827255 0.46000000834465
			vertex 8.1400003433228 0.98316037654877 0.46000000834465
		endloop
	endfacet
	facet normal 0 0 -1
		outer loop
			vertex 7.9636397361755 0.80680000782013 0.46000000834465
			vertex 8.0763607025146 1.0468000173569 0.46000000834465
			vertex 8.1302614212036 0.99289935827255 0.46000000834465
		endloop
	endfacet
	facet normal 0 0 -1
		outer loop
			vertex 8.1582536697388 1.0155229568481 0.46000000834465
			vertex 8.1400003433228 1.110439658165 0.46000000834465
			vertex 8.2006502151489 1.0497889518738 0.46000000834465
		endloop
	endfacet
	facet normal 0 0 -1
		outer loop
			vertex 8.2006502151489 1.0497889518738 0.46000000834465
			vertex 8.1400003433228 1.110439658165 0.46000000834465
			vertex 8.2318201065063 1.0749801397324 0.46000000834465
		endloop
	endfacet
	facet normal 0.70710678118655 -0.70710678118655 0
		outer loop
			vertex 8.1400003433228 1.110439658165 0.18000000715256
			vertex 8.1681804656982 1.1386197805405 0.18000000715256
			vertex 8.1681804656982 1.1386197805405 0.46000000834465
		endloop
	endfacet
	facet normal 0.70710678118655 -0.70710678118655 0
		outer loop
			vertex 8.1400003433228 1.110439658165 0.18000000715256
			vertex 8.1681804656982 1.1386197805405 0.46000000834465
			vertex 8.1400003433228 1.110439658165 0.46000000834465
		endloop
	endfacet
	facet normal 0 0 -1
		outer loop
			vertex 8.1400003433228 1.110439658165 0.46000000834465
			vertex 8.1681804656982 1.1386197805405 0.46000000834465
			vertex 8.2318201065063 1.0749801397324 0.46000000834465
		endloop
	endfacet
	facet normal -0.70710678118655 0.70710678118655 0
		outer loop
			vertex 8.2036399841309 1.0468000173569 0.18000000715256
			vertex 8.2036399841309 1.0468000173569 0.46000000834465
			vertex 8.2318201065063 1.0749801397324 0.18000000715256
		endloop
	endfacet
	facet normal -0.70710678118655 0.70710678118655 0
		outer loop
			vertex 8.2318201065063 1.0749801397324 0.18000000715256
			vertex 8.2036399841309 1.0468000173569 0.46000000834465
			vertex 8.2318201065063 1.0749801397324 0.46000000834465
		endloop
	endfacet
	facet normal 0 0 -1
		outer loop
			vertex 8.2006502151489 1.0497889518738 0.46000000834465
			vertex 8.2318201065063 1.0749801397324 0.46000000834465
			vertex 8.2036399841309 1.0468000173569 0.46000000834465
		endloop
	endfacet
	facet normal 0.55557573084222 -0.83146593874863 0
		outer loop
			vertex 8.1681804656982 1.1386197805405 0.18000000715256
			vertex 8.1827793121338 1.1483745574951 0.18000000715256
			vertex 8.1827793121338 1.1483745574951 0.46000000834465
		endloop
	endfacet
	facet normal 0.1950962983379 -0.98078409161999 0
		outer loop
			vertex 8.1827793121338 1.1483745574951 0.18000000715256
			vertex 8.1999998092651 1.1518000364304 0.18000000715256
			vertex 8.1999998092651 1.1518000364304 0.46000000834465
		endloop
	endfacet
	facet normal 0.55557573084222 -0.83146593874863 0
		outer loop
			vertex 8.1681804656982 1.1386197805405 0.18000000715256
			vertex 8.1827793121338 1.1483745574951 0.46000000834465
			vertex 8.1681804656982 1.1386197805405 0.46000000834465
		endloop
	endfacet
	facet normal 0.1950962983379 -0.98078409161999 0
		outer loop
			vertex 8.1827793121338 1.1483745574951 0.18000000715256
			vertex 8.1999998092651 1.1518000364304 0.46000000834465
			vertex 8.1827793121338 1.1483745574951 0.46000000834465
		endloop
	endfacet
	facet normal 0 0 -1
		outer loop
			vertex 8.1681804656982 1.1386197805405 0.46000000834465
			vertex 8.1827793121338 1.1483745574951 0.46000000834465
			vertex 8.2318201065063 1.0749801397324 0.46000000834465
		endloop
	endfacet
	facet normal -0.1950962983379 -0.98078409161999 0
		outer loop
			vertex 8.1999998092651 1.1518000364304 0.18000000715256
			vertex 8.2172203063965 1.1483745574951 0.18000000715256
			vertex 8.2172203063965 1.1483745574951 0.46000000834465
		endloop
	endfacet
	facet normal -0.55555064096688 -0.83148270295977 0
		outer loop
			vertex 8.2172203063965 1.1483745574951 0.18000000715256
			vertex 8.2318201065063 1.1386197805405 0.18000000715256
			vertex 8.2318201065063 1.1386197805405 0.46000000834465
		endloop
	endfacet
	facet normal -0.83148581142601 0.55554598855292 0
		outer loop
			vertex 8.2318201065063 1.0749801397324 0.18000000715256
			vertex 8.2318201065063 1.0749801397324 0.46000000834465
			vertex 8.2415742874146 1.0895792245865 0.18000000715256
		endloop
	endfacet
	facet normal -0.98078330932227 0.19510023104767 0
		outer loop
			vertex 8.2415742874146 1.0895792245865 0.18000000715256
			vertex 8.2415742874146 1.0895792245865 0.46000000834465
			vertex 8.2449998855591 1.1067999601364 0.18000000715256
		endloop
	endfacet
	facet normal -0.98078330932227 -0.19510023104767 0
		outer loop
			vertex 8.2449998855591 1.1067999601364 0.18000000715256
			vertex 8.2449998855591 1.1067999601364 0.46000000834465
			vertex 8.2415742874146 1.1240206956863 0.18000000715256
		endloop
	endfacet
	facet normal -0.83148581142601 -0.55554598855292 0
		outer loop
			vertex 8.2415742874146 1.1240206956863 0.18000000715256
			vertex 8.2415742874146 1.1240206956863 0.46000000834465
			vertex 8.2318201065063 1.1386197805405 0.18000000715256
		endloop
	endfacet
	facet normal -0.1950962983379 -0.98078409161999 0
		outer loop
			vertex 8.1999998092651 1.1518000364304 0.18000000715256
			vertex 8.2172203063965 1.1483745574951 0.46000000834465
			vertex 8.1999998092651 1.1518000364304 0.46000000834465
		endloop
	endfacet
	facet normal -0.55555064096688 -0.83148270295977 0
		outer loop
			vertex 8.2172203063965 1.1483745574951 0.18000000715256
			vertex 8.2318201065063 1.1386197805405 0.46000000834465
			vertex 8.2172203063965 1.1483745574951 0.46000000834465
		endloop
	endfacet
	facet normal -0.83148581142601 0.55554598855292 0
		outer loop
			vertex 8.2415742874146 1.0895792245865 0.18000000715256
			vertex 8.2318201065063 1.0749801397324 0.46000000834465
			vertex 8.2415742874146 1.0895792245865 0.46000000834465
		endloop
	endfacet
	facet normal -0.98078330932227 0.19510023104767 0
		outer loop
			vertex 8.2449998855591 1.1067999601364 0.18000000715256
			vertex 8.2415742874146 1.0895792245865 0.46000000834465
			vertex 8.2449998855591 1.1067999601364 0.46000000834465
		endloop
	endfacet
	facet normal -0.98078330932227 -0.19510023104767 0
		outer loop
			vertex 8.2415742874146 1.1240206956863 0.18000000715256
			vertex 8.2449998855591 1.1067999601364 0.46000000834465
			vertex 8.2415742874146 1.1240206956863 0.46000000834465
		endloop
	endfacet
	facet normal -0.83148581142601 -0.55554598855292 0
		outer loop
			vertex 8.2318201065063 1.1386197805405 0.18000000715256
			vertex 8.2415742874146 1.1240206956863 0.46000000834465
			vertex 8.2318201065063 1.1386197805405 0.46000000834465
		endloop
	endfacet
	facet normal 0 0 -1
		outer loop
			vertex 8.1827793121338 1.1483745574951 0.46000000834465
			vertex 8.1999998092651 1.1518000364304 0.46000000834465
			vertex 8.2318201065063 1.0749801397324 0.46000000834465
		endloop
	endfacet
	facet normal 0 0 -1
		outer loop
			vertex 8.1999998092651 1.1518000364304 0.46000000834465
			vertex 8.2172203063965 1.1483745574951 0.46000000834465
			vertex 8.2318201065063 1.0749801397324 0.46000000834465
		endloop
	endfacet
	facet normal 0 0 -1
		outer loop
			vertex 8.2318201065063 1.0749801397324 0.46000000834465
			vertex 8.2172203063965 1.1483745574951 0.46000000834465
			vertex 8.2318201065063 1.1386197805405 0.46000000834465
		endloop
	endfacet
	facet normal 0 0 -1
		outer loop
			vertex 8.2318201065063 1.0749801397324 0.46000000834465
			vertex 8.2415742874146 1.1240206956863 0.46000000834465
			vertex 8.2415742874146 1.0895792245865 0.46000000834465
		endloop
	endfacet
	facet normal 0 0 -1
		outer loop
			vertex 8.2318201065063 1.0749801397324 0.46000000834465
			vertex 8.2318201065063 1.1386197805405 0.46000000834465
			vertex 8.2415742874146 1.1240206956863 0.46000000834465
		endloop
	endfacet
	facet normal 0 0 -1
		outer loop
			vertex 8.2415742874146 1.0895792245865 0.46000000834465
			vertex 8.2415742874146 1.1240206956863 0.46000000834465
			vertex 8.2449998855591 1.1067999601364 0.46000000834465
		endloop
	endfacet
	facet normal 0.70710959098471 0.70710397137722 0
		outer loop
			vertex 7.3563604354858 1.0468000173569 0.18000000715256
			vertex 7.3413605690002 1.0618000030518 0.18000000715256
			vertex 7.3413605690002 1.0618000030518 0.46000000834465
		endloop
	endfacet
	facet normal 0.70710959098471 0.70710397137722 -0
		outer loop
			vertex 7.3563604354858 1.0468000173569 0.18000000715256
			vertex 7.3413605690002 1.0618000030518 0.46000000834465
			vertex 7.3563604354858 1.0468000173569 0.46000000834465
		endloop
	endfacet
	facet normal 0.70710959098471 0.70710397137722 -0
		outer loop
			vertex 7.4200000762939 0.98316037654877 0.18000000715256
			vertex 7.4200000762939 0.98316037654877 0.46000000834465
			vertex 7.4349999427795 0.96816039085388 0.18000000715256
		endloop
	endfacet
	facet normal 0.70710959098471 0.70710397137722 -0
		outer loop
			vertex 7.4349999427795 0.96816039085388 0.18000000715256
			vertex 7.4200000762939 0.98316037654877 0.46000000834465
			vertex 7.4349999427795 0.96816039085388 0.46000000834465
		endloop
	endfacet
	facet normal -0.70710827680513 -0.7071052855648 0
		outer loop
			vertex 7.4836397171021 1.0468000173569 0.18000000715256
			vertex 7.5118198394775 1.0186197757721 0.46000000834465
			vertex 7.4836397171021 1.0468000173569 0.46000000834465
		endloop
	endfacet
	facet normal 0 0 -1
		outer loop
			vertex 7.3563604354858 1.0468000173569 0.46000000834465
			vertex 7.3413605690002 1.0618000030518 0.46000000834465
			vertex 7.4384145736694 0.98680001497269 0.46000000834465
		endloop
	endfacet
	facet normal 0 0 -1
		outer loop
			vertex 7.3413605690002 1.0618000030518 0.46000000834465
			vertex 7.3600001335144 1.1067999601364 0.46000000834465
			vertex 7.4384145736694 0.98680001497269 0.46000000834465
		endloop
	endfacet
	facet normal 0 0 -1
		outer loop
			vertex 7.4200000762939 0.98316037654877 0.46000000834465
			vertex 7.4384145736694 0.98680001497269 0.46000000834465
			vertex 7.4349999427795 0.96816039085388 0.46000000834465
		endloop
	endfacet
	facet normal 0 0 -1
		outer loop
			vertex 7.4351863861084 0.9679741859436 0.46000000834465
			vertex 7.4349999427795 0.96816039085388 0.46000000834465
			vertex 7.4384145736694 0.98680001497269 0.46000000834465
		endloop
	endfacet
	facet normal 0 0 -1
		outer loop
			vertex 7.3563604354858 1.0468000173569 0.46000000834465
			vertex 7.4384145736694 0.98680001497269 0.46000000834465
			vertex 7.4102611541748 0.99289935827255 0.46000000834465
		endloop
	endfacet
	facet normal 0 0 -1
		outer loop
			vertex 7.3600001335144 1.1067999601364 0.46000000834465
			vertex 7.3918199539185 1.1386197805405 0.46000000834465
			vertex 7.4384145736694 0.98680001497269 0.46000000834465
		endloop
	endfacet
	facet normal 0 0 -1
		outer loop
			vertex 7.4200000762939 0.98316037654877 0.46000000834465
			vertex 7.4102611541748 0.99289935827255 0.46000000834465
			vertex 7.4384145736694 0.98680001497269 0.46000000834465
		endloop
	endfacet
	facet normal 0 0 -1
		outer loop
			vertex 7.4384145736694 0.98680001497269 0.46000000834465
			vertex 7.3918199539185 1.1386197805405 0.46000000834465
			vertex 7.4200000762939 1.110439658165 0.46000000834465
		endloop
	endfacet
	facet normal 0 0 -1
		outer loop
			vertex 7.4384145736694 0.98680001497269 0.46000000834465
			vertex 7.4200000762939 1.110439658165 0.46000000834465
			vertex 7.43825340271 1.0155229568481 0.46000000834465
		endloop
	endfacet
	facet normal 0 0 -1
		outer loop
			vertex 7.4384145736694 0.98680001497269 0.46000000834465
			vertex 7.43825340271 1.0155229568481 0.46000000834465
			vertex 7.4867768287659 0.99357664585114 0.46000000834465
		endloop
	endfacet
	facet normal 0 0 -1
		outer loop
			vertex 7.43825340271 1.0155229568481 0.46000000834465
			vertex 7.4806504249573 1.0497889518738 0.46000000834465
			vertex 7.4836397171021 1.0468000173569 0.46000000834465
		endloop
	endfacet
	facet normal 0 0 -1
		outer loop
			vertex 7.43825340271 1.0155229568481 0.46000000834465
			vertex 7.5118198394775 1.0186197757721 0.46000000834465
			vertex 7.4867768287659 0.99357664585114 0.46000000834465
		endloop
	endfacet
	facet normal 0 0 -1
		outer loop
			vertex 7.43825340271 1.0155229568481 0.46000000834465
			vertex 7.4836397171021 1.0468000173569 0.46000000834465
			vertex 7.5118198394775 1.0186197757721 0.46000000834465
		endloop
	endfacet
	facet normal -0.70710678118655 -0.70710678118655 0
		outer loop
			vertex 7.4200000762939 1.110439658165 0.18000000715256
			vertex 7.4200000762939 1.110439658165 0.46000000834465
			vertex 7.3918199539185 1.1386197805405 0.18000000715256
		endloop
	endfacet
	facet normal -0.70710678118655 -0.70710678118655 0
		outer loop
			vertex 7.3918199539185 1.1386197805405 0.18000000715256
			vertex 7.4200000762939 1.110439658165 0.46000000834465
			vertex 7.3918199539185 1.1386197805405 0.46000000834465
		endloop
	endfacet
	facet normal -0.70710827680513 -0.7071052855648 0
		outer loop
			vertex 7.4836397171021 1.0468000173569 0.18000000715256
			vertex 7.5118198394775 1.0186197757721 0.18000000715256
			vertex 7.5118198394775 1.0186197757721 0.46000000834465
		endloop
	endfacet
	facet normal 1 0 0
		outer loop
			vertex 7.4349999427795 0.80680000782013 0.18000000715256
			vertex 7.4349999427795 0.96816039085388 0.18000000715256
			vertex 7.4349999427795 0.80680000782013 0.46000000834465
		endloop
	endfacet
	facet normal 1 -0 0
		outer loop
			vertex 7.4349999427795 0.80680000782013 0.46000000834465
			vertex 7.4349999427795 0.96816039085388 0.18000000715256
			vertex 7.4349999427795 0.96816039085388 0.46000000834465
		endloop
	endfacet
	facet normal 0 0 -1
		outer loop
			vertex 7.4349999427795 0.80680000782013 0.46000000834465
			vertex 7.4349999427795 0.96816039085388 0.46000000834465
			vertex 7.5250000953674 0.80680000782013 0.46000000834465
		endloop
	endfacet
	facet normal -0 -0 -1
		outer loop
			vertex 7.4351863861084 0.9679741859436 0.46000000834465
			vertex 7.5250000953674 0.80680000782013 0.46000000834465
			vertex 7.4349999427795 0.96816039085388 0.46000000834465
		endloop
	endfacet
	facet normal 0 0 -1
		outer loop
			vertex 7.4351863861084 0.9679741859436 0.46000000834465
			vertex 7.4384145736694 0.98680001497269 0.46000000834465
			vertex 7.5181493759155 0.98680001497269 0.46000000834465
		endloop
	endfacet
	facet normal 0 0 -1
		outer loop
			vertex 7.4351863861084 0.9679741859436 0.46000000834465
			vertex 7.5181493759155 0.98680001497269 0.46000000834465
			vertex 7.5250000953674 0.80680000782013 0.46000000834465
		endloop
	endfacet
	facet normal -1 0 0
		outer loop
			vertex 7.5250000953674 0.80680000782013 0.18000000715256
			vertex 7.5250000953674 0.80680000782013 0.46000000834465
			vertex 7.5250000953674 0.98680001497269 0.46000000834465
		endloop
	endfacet
	facet normal -1 0 0
		outer loop
			vertex 7.5250000953674 0.80680000782013 0.18000000715256
			vertex 7.5250000953674 0.98680001497269 0.46000000834465
			vertex 7.5250000953674 0.98680001497269 0.18000000715256
		endloop
	endfacet
	facet normal 0 0 -1
		outer loop
			vertex 7.5250000953674 0.80680000782013 0.46000000834465
			vertex 7.5215744972229 0.9730983376503 0.46000000834465
			vertex 7.5250000953674 0.98680001497269 0.46000000834465
		endloop
	endfacet
	facet normal 0 0 -1
		outer loop
			vertex 7.5250000953674 0.80680000782013 0.46000000834465
			vertex 7.5181493759155 0.98680001497269 0.46000000834465
			vertex 7.5215744972229 0.9730983376503 0.46000000834465
		endloop
	endfacet
	facet normal 1 0 0
		outer loop
			vertex 6.835000038147 0.80680000782013 0.18000000715256
			vertex 6.835000038147 0.98680001497269 0.46000000834465
			vertex 6.835000038147 0.80680000782013 0.46000000834465
		endloop
	endfacet
	facet normal 1 0 0
		outer loop
			vertex 6.835000038147 0.80680000782013 0.18000000715256
			vertex 6.835000038147 0.98680001497269 0.18000000715256
			vertex 6.835000038147 0.98680001497269 0.46000000834465
		endloop
	endfacet
	facet normal -1 0 0
		outer loop
			vertex 6.9250001907349 0.80680000782013 0.18000000715256
			vertex 6.9250001907349 0.80680000782013 0.46000000834465
			vertex 6.9250001907349 0.96816039085388 0.46000000834465
		endloop
	endfacet
	facet normal -1 0 0
		outer loop
			vertex 6.9250001907349 0.80680000782013 0.18000000715256
			vertex 6.9250001907349 0.96816039085388 0.46000000834465
			vertex 6.9250001907349 0.96816039085388 0.18000000715256
		endloop
	endfacet
	facet normal 0 0 -1
		outer loop
			vertex 6.835000038147 0.80680000782013 0.46000000834465
			vertex 6.835000038147 0.98680001497269 0.46000000834465
			vertex 6.9250001907349 0.80680000782013 0.46000000834465
		endloop
	endfacet
	facet normal 0 0 -1
		outer loop
			vertex 6.835000038147 0.98680001497269 0.46000000834465
			vertex 6.8800001144409 0.98680001497269 0.46000000834465
			vertex 6.9110102653503 0.95578986406326 0.46000000834465
		endloop
	endfacet
	facet normal 0 0 -1
		outer loop
			vertex 6.835000038147 0.98680001497269 0.46000000834465
			vertex 6.9110102653503 0.95578986406326 0.46000000834465
			vertex 6.9250001907349 0.80680000782013 0.46000000834465
		endloop
	endfacet
	facet normal 0 0 -1
		outer loop
			vertex 6.9110102653503 0.95578986406326 0.46000000834465
			vertex 6.9187870025635 0.9619472026825 0.46000000834465
			vertex 6.9250001907349 0.80680000782013 0.46000000834465
		endloop
	endfacet
	facet normal 0 0 -1
		outer loop
			vertex 6.9250001907349 0.80680000782013 0.46000000834465
			vertex 6.9187870025635 0.9619472026825 0.46000000834465
			vertex 6.9250001907349 0.96816039085388 0.46000000834465
		endloop
	endfacet
	facet normal 0.70710713241036 -0.70710642996256 0
		outer loop
			vertex 6.8481802940369 1.0186197757721 0.18000000715256
			vertex 6.9681801795959 1.1386197805405 0.46000000834465
			vertex 6.8481802940369 1.0186197757721 0.46000000834465
		endloop
	endfacet
	facet normal -0.70710768137984 0.70710588099211 0
		outer loop
			vertex 6.9250001907349 0.96816039085388 0.18000000715256
			vertex 6.9250001907349 0.96816039085388 0.46000000834465
			vertex 7.0186395645142 1.0618000030518 0.18000000715256
		endloop
	endfacet
	facet normal -0.70710768137984 0.70710588099211 0
		outer loop
			vertex 7.0186395645142 1.0618000030518 0.18000000715256
			vertex 6.9250001907349 0.96816039085388 0.46000000834465
			vertex 7.0186395645142 1.0618000030518 0.46000000834465
		endloop
	endfacet
	facet normal 0 0 -1
		outer loop
			vertex 6.9110102653503 0.95578986406326 0.46000000834465
			vertex 6.8800001144409 0.98680001497269 0.46000000834465
			vertex 6.9187870025635 0.9619472026825 0.46000000834465
		endloop
	endfacet
	facet normal 0 0 -1
		outer loop
			vertex 6.8800001144409 0.98680001497269 0.46000000834465
			vertex 6.9250001907349 0.96816039085388 0.46000000834465
			vertex 6.9187870025635 0.9619472026825 0.46000000834465
		endloop
	endfacet
	facet normal 0 0 -1
		outer loop
			vertex 6.8481802940369 1.0186197757721 0.46000000834465
			vertex 7 1.0652145147324 0.46000000834465
			vertex 6.8800001144409 0.98680001497269 0.46000000834465
		endloop
	endfacet
	facet normal 0 0 -1
		outer loop
			vertex 6.8800001144409 0.98680001497269 0.46000000834465
			vertex 7 1.0652145147324 0.46000000834465
			vertex 6.9250001907349 0.96816039085388 0.46000000834465
		endloop
	endfacet
	facet normal 0 0 -1
		outer loop
			vertex 6.8481802940369 1.0186197757721 0.46000000834465
			vertex 6.9681801795959 1.1386197805405 0.46000000834465
			vertex 7 1.0652145147324 0.46000000834465
		endloop
	endfacet
	facet normal 0 0 -1
		outer loop
			vertex 6.9250001907349 0.96816039085388 0.46000000834465
			vertex 7 1.0652145147324 0.46000000834465
			vertex 7.0186395645142 1.0618000030518 0.46000000834465
		endloop
	endfacet
	facet normal 0 0 -1
		outer loop
			vertex 7 1.0652145147324 0.46000000834465
			vertex 7.0248527526855 1.0680131912231 0.46000000834465
			vertex 7.0186395645142 1.0618000030518 0.46000000834465
		endloop
	endfacet
	facet normal 0.70710713241036 -0.70710642996256 0
		outer loop
			vertex 6.8481802940369 1.0186197757721 0.18000000715256
			vertex 6.9681801795959 1.1386197805405 0.18000000715256
			vertex 6.9681801795959 1.1386197805405 0.46000000834465
		endloop
	endfacet
	facet normal 0 0 -1
		outer loop
			vertex 7 1.0652145147324 0.46000000834465
			vertex 6.9681801795959 1.1386197805405 0.46000000834465
			vertex 6.992534160614 1.114266037941 0.46000000834465
		endloop
	endfacet
	facet normal 0 0 -1
		outer loop
			vertex 7 1.0652145147324 0.46000000834465
			vertex 7 1.1518000364304 0.46000000834465
			vertex 7.0248527526855 1.0680131912231 0.46000000834465
		endloop
	endfacet
	facet normal 0 1 0
		outer loop
			vertex 7.0186395645142 1.0618000030518 0.18000000715256
			vertex 7.0186395645142 1.0618000030518 0.46000000834465
			vertex 7.3413605690002 1.0618000030518 0.18000000715256
		endloop
	endfacet
	facet normal -0 1 0
		outer loop
			vertex 7.0186395645142 1.0618000030518 0.46000000834465
			vertex 7.3413605690002 1.0618000030518 0.46000000834465
			vertex 7.3413605690002 1.0618000030518 0.18000000715256
		endloop
	endfacet
	facet normal 0 0 -1
		outer loop
			vertex 7.0186395645142 1.0618000030518 0.46000000834465
			vertex 7.0248527526855 1.0680131912231 0.46000000834465
			vertex 7.3413605690002 1.0618000030518 0.46000000834465
		endloop
	endfacet
	facet normal 0 0 -1
		outer loop
			vertex 7.0248527526855 1.0680131912231 0.46000000834465
			vertex 7.3600001335144 1.1067999601364 0.46000000834465
			vertex 7.3413605690002 1.0618000030518 0.46000000834465
		endloop
	endfacet
	facet normal 0 -1 0
		outer loop
			vertex 7 1.1518000364304 0.18000000715256
			vertex 7.3600001335144 1.1518000364304 0.46000000834465
			vertex 7 1.1518000364304 0.46000000834465
		endloop
	endfacet
	facet normal 0 -1 0
		outer loop
			vertex 7 1.1518000364304 0.18000000715256
			vertex 7.3600001335144 1.1518000364304 0.18000000715256
			vertex 7.3600001335144 1.1518000364304 0.46000000834465
		endloop
	endfacet
	facet normal 0 0 -1
		outer loop
			vertex 7 1.1518000364304 0.46000000834465
			vertex 7.3600001335144 1.1518000364304 0.46000000834465
			vertex 7.0248527526855 1.0680131912231 0.46000000834465
		endloop
	endfacet
	facet normal 0 0 -1
		outer loop
			vertex 7.0248527526855 1.0680131912231 0.46000000834465
			vertex 7.3600001335144 1.1518000364304 0.46000000834465
			vertex 7.3600001335144 1.1067999601364 0.46000000834465
		endloop
	endfacet
	facet normal -0.55557103701169 -0.83146907509165 0
		outer loop
			vertex 7.3772206306458 1.1483745574951 0.18000000715256
			vertex 7.3845200538635 1.1434972286224 0.18000000715256
			vertex 7.3772206306458 1.1483745574951 0.46000000834465
		endloop
	endfacet
	facet normal -0.55556318568448 -0.83147432113807 2.960601908136e-07
		outer loop
			vertex 7.3845200538635 1.1434972286224 0.18000000715256
			vertex 7.3918199539185 1.1386197805405 0.46000000834465
			vertex 7.3772206306458 1.1483745574951 0.46000000834465
		endloop
	endfacet
	facet normal 0 0 -1
		outer loop
			vertex 7.3600001335144 1.1067999601364 0.46000000834465
			vertex 7.3600001335144 1.1518000364304 0.46000000834465
			vertex 7.3772206306458 1.1446669101715 0.46000000834465
		endloop
	endfacet
	facet normal 0 0 -1
		outer loop
			vertex 7.3600001335144 1.1067999601364 0.46000000834465
			vertex 7.3772206306458 1.1446669101715 0.46000000834465
			vertex 7.3918199539185 1.1386197805405 0.46000000834465
		endloop
	endfacet
	facet normal 0 0 -1
		outer loop
			vertex 7.3772206306458 1.1483745574951 0.46000000834465
			vertex 7.3918199539185 1.1386197805405 0.46000000834465
			vertex 7.3772206306458 1.1446669101715 0.46000000834465
		endloop
	endfacet
	facet normal 0 0 -1
		outer loop
			vertex 7.4384145736694 0.98680001497269 0.46000000834465
			vertex 7.4867768287659 0.99357664585114 0.46000000834465
			vertex 7.5181493759155 0.98680001497269 0.46000000834465
		endloop
	endfacet
	facet normal -0.98078343853785 -0.19509958147027 0
		outer loop
			vertex 7.5250000953674 0.98680001497269 0.18000000715256
			vertex 7.5250000953674 0.98680001497269 0.46000000834465
			vertex 7.5215744972229 1.0040208101273 0.18000000715256
		endloop
	endfacet
	facet normal -0.83147117071475 -0.55556790068384 0
		outer loop
			vertex 7.5118198394775 1.0186197757721 0.18000000715256
			vertex 7.5215744972229 1.0040208101273 0.18000000715256
			vertex 7.5215744972229 1.0040208101273 0.46000000834465
		endloop
	endfacet
	facet normal -0.98078343853785 -0.19509958147027 0
		outer loop
			vertex 7.5215744972229 1.0040208101273 0.18000000715256
			vertex 7.5250000953674 0.98680001497269 0.46000000834465
			vertex 7.5215744972229 1.0040208101273 0.46000000834465
		endloop
	endfacet
	facet normal -0.83147117071475 -0.55556790068384 0
		outer loop
			vertex 7.5118198394775 1.0186197757721 0.18000000715256
			vertex 7.5215744972229 1.0040208101273 0.46000000834465
			vertex 7.5118198394775 1.0186197757721 0.46000000834465
		endloop
	endfacet
	facet normal 0 0 -1
		outer loop
			vertex 7.4867768287659 0.99357664585114 0.46000000834465
			vertex 7.5118198394775 1.0186197757721 0.46000000834465
			vertex 7.5181493759155 0.98680001497269 0.46000000834465
		endloop
	endfacet
	facet normal 0 0 -1
		outer loop
			vertex 7.5215744972229 0.9730983376503 0.46000000834465
			vertex 7.5215744972229 1.0040208101273 0.46000000834465
			vertex 7.5250000953674 0.98680001497269 0.46000000834465
		endloop
	endfacet
	facet normal 0 0 -1
		outer loop
			vertex 7.5215744972229 0.9730983376503 0.46000000834465
			vertex 7.5181493759155 0.98680001497269 0.46000000834465
			vertex 7.5215744972229 1.0040208101273 0.46000000834465
		endloop
	endfacet
	facet normal 0 0 -1
		outer loop
			vertex 7.5118198394775 1.0186197757721 0.46000000834465
			vertex 7.5215744972229 1.0040208101273 0.46000000834465
			vertex 7.5181493759155 0.98680001497269 0.46000000834465
		endloop
	endfacet
	facet normal 0.98078343853785 -0.19509958147027 0
		outer loop
			vertex 6.835000038147 0.98680001497269 0.18000000715256
			vertex 6.8384256362915 1.0040208101273 0.18000000715256
			vertex 6.8384256362915 1.0040208101273 0.46000000834465
		endloop
	endfacet
	facet normal 0.83147117071475 -0.55556790068384 0
		outer loop
			vertex 6.8384256362915 1.0040208101273 0.18000000715256
			vertex 6.8481802940369 1.0186197757721 0.18000000715256
			vertex 6.8481802940369 1.0186197757721 0.46000000834465
		endloop
	endfacet
	facet normal 0.98078343853785 -0.19509958147027 0
		outer loop
			vertex 6.835000038147 0.98680001497269 0.18000000715256
			vertex 6.8384256362915 1.0040208101273 0.46000000834465
			vertex 6.835000038147 0.98680001497269 0.46000000834465
		endloop
	endfacet
	facet normal 0.83147117071475 -0.55556790068384 0
		outer loop
			vertex 6.8384256362915 1.0040208101273 0.18000000715256
			vertex 6.8481802940369 1.0186197757721 0.46000000834465
			vertex 6.8384256362915 1.0040208101273 0.46000000834465
		endloop
	endfacet
	facet normal 0 0 -1
		outer loop
			vertex 6.835000038147 0.98680001497269 0.46000000834465
			vertex 6.8384256362915 1.0040208101273 0.46000000834465
			vertex 6.8481802940369 1.0186197757721 0.46000000834465
		endloop
	endfacet
	facet normal 0 0 -1
		outer loop
			vertex 6.835000038147 0.98680001497269 0.46000000834465
			vertex 6.8481802940369 1.0186197757721 0.46000000834465
			vertex 6.8800001144409 0.98680001497269 0.46000000834465
		endloop
	endfacet
	facet normal 0.55557573084222 -0.83146593874863 0
		outer loop
			vertex 6.9681801795959 1.1386197805405 0.18000000715256
			vertex 6.9827790260315 1.1483745574951 0.18000000715256
			vertex 6.9827790260315 1.1483745574951 0.46000000834465
		endloop
	endfacet
	facet normal 0.19509110186194 -0.98078512528193 0
		outer loop
			vertex 6.9827790260315 1.1483745574951 0.18000000715256
			vertex 7 1.1518000364304 0.18000000715256
			vertex 7 1.1518000364304 0.46000000834465
		endloop
	endfacet
	facet normal 0.55557573084222 -0.83146593874863 0
		outer loop
			vertex 6.9681801795959 1.1386197805405 0.18000000715256
			vertex 6.9827790260315 1.1483745574951 0.46000000834465
			vertex 6.9681801795959 1.1386197805405 0.46000000834465
		endloop
	endfacet
	facet normal 0.19509110186194 -0.98078512528193 0
		outer loop
			vertex 6.9827790260315 1.1483745574951 0.18000000715256
			vertex 7 1.1518000364304 0.46000000834465
			vertex 6.9827790260315 1.1483745574951 0.46000000834465
		endloop
	endfacet
	facet normal 0 0 -1
		outer loop
			vertex 7 1.0652145147324 0.46000000834465
			vertex 6.992534160614 1.114266037941 0.46000000834465
			vertex 7 1.1518000364304 0.46000000834465
		endloop
	endfacet
	facet normal 0 0 -1
		outer loop
			vertex 6.992534160614 1.114266037941 0.46000000834465
			vertex 6.9681801795959 1.1386197805405 0.46000000834465
			vertex 6.9827790260315 1.1483745574951 0.46000000834465
		endloop
	endfacet
	facet normal 0 0 -1
		outer loop
			vertex 6.992534160614 1.114266037941 0.46000000834465
			vertex 6.9827790260315 1.1483745574951 0.46000000834465
			vertex 7 1.1518000364304 0.46000000834465
		endloop
	endfacet
	facet normal -0.1950962983379 -0.98078409161999 0
		outer loop
			vertex 7.3600001335144 1.1518000364304 0.18000000715256
			vertex 7.3772206306458 1.1483745574951 0.18000000715256
			vertex 7.3772206306458 1.1483745574951 0.46000000834465
		endloop
	endfacet
	facet normal -0.1950962983379 -0.98078409161999 0
		outer loop
			vertex 7.3600001335144 1.1518000364304 0.18000000715256
			vertex 7.3772206306458 1.1483745574951 0.46000000834465
			vertex 7.3600001335144 1.1518000364304 0.46000000834465
		endloop
	endfacet
	facet normal -0.55555533472159 -0.83147956683396 0
		outer loop
			vertex 7.3845200538635 1.1434972286224 0.18000000715256
			vertex 7.3918199539185 1.1386197805405 0.18000000715256
			vertex 7.3918199539185 1.1386197805405 0.46000000834465
		endloop
	endfacet
	facet normal 0 0 -1
		outer loop
			vertex 7.3600001335144 1.1518000364304 0.46000000834465
			vertex 7.3772206306458 1.1483745574951 0.46000000834465
			vertex 7.3772206306458 1.1446669101715 0.46000000834465
		endloop
	endfacet
	facet normal 0.70710642996291 -0.70710713241001 0
		outer loop
			vertex 7.1163601875305 0.80680000782013 0.18000000715256
			vertex 7.3563604354858 1.0468000173569 0.46000000834465
			vertex 7.1163601875305 0.80680000782013 0.46000000834465
		endloop
	endfacet
	facet normal 0 0 -1
		outer loop
			vertex 7.1163601875305 0.80680000782013 0.46000000834465
			vertex 7.3563604354858 1.0468000173569 0.46000000834465
			vertex 7.2436394691467 0.80680000782013 0.46000000834465
		endloop
	endfacet
	facet normal -0.7071063032239 0.70710725914887 0
		outer loop
			vertex 7.2436394691467 0.80680000782013 0.18000000715256
			vertex 7.2436394691467 0.80680000782013 0.46000000834465
			vertex 7.4200000762939 0.98316037654877 0.46000000834465
		endloop
	endfacet
	facet normal 0.70710642996291 -0.70710713241001 0
		outer loop
			vertex 7.1163601875305 0.80680000782013 0.18000000715256
			vertex 7.3563604354858 1.0468000173569 0.18000000715256
			vertex 7.3563604354858 1.0468000173569 0.46000000834465
		endloop
	endfacet
	facet normal -0.7071063032239 0.70710725914887 0
		outer loop
			vertex 7.2436394691467 0.80680000782013 0.18000000715256
			vertex 7.4200000762939 0.98316037654877 0.46000000834465
			vertex 7.4200000762939 0.98316037654877 0.18000000715256
		endloop
	endfacet
	facet normal -0.70710678118655 0.70710678118655 0
		outer loop
			vertex 7.4836397171021 1.0468000173569 0.18000000715256
			vertex 7.4836397171021 1.0468000173569 0.46000000834465
			vertex 7.5118198394775 1.0749801397324 0.18000000715256
		endloop
	endfacet
	facet normal 0 0 -1
		outer loop
			vertex 7.2436394691467 0.80680000782013 0.46000000834465
			vertex 7.3563604354858 1.0468000173569 0.46000000834465
			vertex 7.4102611541748 0.99289935827255 0.46000000834465
		endloop
	endfacet
	facet normal 0 0 -1
		outer loop
			vertex 7.2436394691467 0.80680000782013 0.46000000834465
			vertex 7.4102611541748 0.99289935827255 0.46000000834465
			vertex 7.4200000762939 0.98316037654877 0.46000000834465
		endloop
	endfacet
	facet normal 0 0 -1
		outer loop
			vertex 7.43825340271 1.0155229568481 0.46000000834465
			vertex 7.4200000762939 1.110439658165 0.46000000834465
			vertex 7.4806504249573 1.0497889518738 0.46000000834465
		endloop
	endfacet
	facet normal 0 0 -1
		outer loop
			vertex 7.4200000762939 1.110439658165 0.46000000834465
			vertex 7.5118198394775 1.0749801397324 0.46000000834465
			vertex 7.4806504249573 1.0497889518738 0.46000000834465
		endloop
	endfacet
	facet normal 0 0 -1
		outer loop
			vertex 7.4806504249573 1.0497889518738 0.46000000834465
			vertex 7.5118198394775 1.0749801397324 0.46000000834465
			vertex 7.4836397171021 1.0468000173569 0.46000000834465
		endloop
	endfacet
	facet normal 0.70710678118655 -0.70710678118655 0
		outer loop
			vertex 7.4200000762939 1.110439658165 0.18000000715256
			vertex 7.4481801986694 1.1386197805405 0.18000000715256
			vertex 7.4481801986694 1.1386197805405 0.46000000834465
		endloop
	endfacet
	facet normal 0.70710678118655 -0.70710678118655 0
		outer loop
			vertex 7.4200000762939 1.110439658165 0.18000000715256
			vertex 7.4481801986694 1.1386197805405 0.46000000834465
			vertex 7.4200000762939 1.110439658165 0.46000000834465
		endloop
	endfacet
	facet normal 0 0 -1
		outer loop
			vertex 7.4200000762939 1.110439658165 0.46000000834465
			vertex 7.4481801986694 1.1386197805405 0.46000000834465
			vertex 7.5118198394775 1.0749801397324 0.46000000834465
		endloop
	endfacet
	facet normal -0.70710678118655 0.70710678118655 0
		outer loop
			vertex 7.5118198394775 1.0749801397324 0.18000000715256
			vertex 7.4836397171021 1.0468000173569 0.46000000834465
			vertex 7.5118198394775 1.0749801397324 0.46000000834465
		endloop
	endfacet
	facet normal 0.55557573084222 -0.83146593874863 0
		outer loop
			vertex 7.4481801986694 1.1386197805405 0.18000000715256
			vertex 7.462779045105 1.1483745574951 0.18000000715256
			vertex 7.462779045105 1.1483745574951 0.46000000834465
		endloop
	endfacet
	facet normal 0.19509110186194 -0.98078512528193 0
		outer loop
			vertex 7.462779045105 1.1483745574951 0.18000000715256
			vertex 7.4800000190735 1.1518000364304 0.18000000715256
			vertex 7.4800000190735 1.1518000364304 0.46000000834465
		endloop
	endfacet
	facet normal -0.1950962983379 -0.98078409161999 0
		outer loop
			vertex 7.4800000190735 1.1518000364304 0.18000000715256
			vertex 7.4972205162048 1.1483745574951 0.18000000715256
			vertex 7.4972205162048 1.1483745574951 0.46000000834465
		endloop
	endfacet
	facet normal 0.55557573084222 -0.83146593874863 0
		outer loop
			vertex 7.4481801986694 1.1386197805405 0.18000000715256
			vertex 7.462779045105 1.1483745574951 0.46000000834465
			vertex 7.4481801986694 1.1386197805405 0.46000000834465
		endloop
	endfacet
	facet normal 0.19509110186194 -0.98078512528193 0
		outer loop
			vertex 7.462779045105 1.1483745574951 0.18000000715256
			vertex 7.4800000190735 1.1518000364304 0.46000000834465
			vertex 7.462779045105 1.1483745574951 0.46000000834465
		endloop
	endfacet
	facet normal -0.1950962983379 -0.98078409161999 0
		outer loop
			vertex 7.4800000190735 1.1518000364304 0.18000000715256
			vertex 7.4972205162048 1.1483745574951 0.46000000834465
			vertex 7.4800000190735 1.1518000364304 0.46000000834465
		endloop
	endfacet
	facet normal 0 0 -1
		outer loop
			vertex 7.4481801986694 1.1386197805405 0.46000000834465
			vertex 7.462779045105 1.1483745574951 0.46000000834465
			vertex 7.5118198394775 1.0749801397324 0.46000000834465
		endloop
	endfacet
	facet normal 0 0 -1
		outer loop
			vertex 7.462779045105 1.1483745574951 0.46000000834465
			vertex 7.4800000190735 1.1518000364304 0.46000000834465
			vertex 7.5118198394775 1.0749801397324 0.46000000834465
		endloop
	endfacet
	facet normal 0 0 -1
		outer loop
			vertex 7.5118198394775 1.0749801397324 0.46000000834465
			vertex 7.4800000190735 1.1518000364304 0.46000000834465
			vertex 7.4972205162048 1.1483745574951 0.46000000834465
		endloop
	endfacet
	facet normal -0.83147326630236 0.5555647643835 0
		outer loop
			vertex 7.5118198394775 1.0749801397324 0.18000000715256
			vertex 7.5118198394775 1.0749801397324 0.46000000834465
			vertex 7.5215744972229 1.0895792245865 0.18000000715256
		endloop
	endfacet
	facet normal -0.98078330932227 0.19510023104767 0
		outer loop
			vertex 7.5215744972229 1.0895792245865 0.18000000715256
			vertex 7.5215744972229 1.0895792245865 0.46000000834465
			vertex 7.5250000953674 1.1067999601364 0.18000000715256
		endloop
	endfacet
	facet normal -0.98078330932227 -0.19510023104767 0
		outer loop
			vertex 7.5250000953674 1.1067999601364 0.18000000715256
			vertex 7.5250000953674 1.1067999601364 0.46000000834465
			vertex 7.5215744972229 1.1240206956863 0.18000000715256
		endloop
	endfacet
	facet normal -0.55556318568451 -0.83147432113811 0
		outer loop
			vertex 7.4972205162048 1.1483745574951 0.18000000715256
			vertex 7.5118198394775 1.1386197805405 0.18000000715256
			vertex 7.5118198394775 1.1386197805405 0.46000000834465
		endloop
	endfacet
	facet normal -0.83147326630236 -0.5555647643835 0
		outer loop
			vertex 7.5118198394775 1.1386197805405 0.18000000715256
			vertex 7.5215744972229 1.1240206956863 0.18000000715256
			vertex 7.5215744972229 1.1240206956863 0.46000000834465
		endloop
	endfacet
	facet normal -0.83147326630236 0.5555647643835 0
		outer loop
			vertex 7.5215744972229 1.0895792245865 0.18000000715256
			vertex 7.5118198394775 1.0749801397324 0.46000000834465
			vertex 7.5215744972229 1.0895792245865 0.46000000834465
		endloop
	endfacet
	facet normal -0.98078330932227 0.19510023104767 0
		outer loop
			vertex 7.5250000953674 1.1067999601364 0.18000000715256
			vertex 7.5215744972229 1.0895792245865 0.46000000834465
			vertex 7.5250000953674 1.1067999601364 0.46000000834465
		endloop
	endfacet
	facet normal -0.98078330932227 -0.19510023104767 0
		outer loop
			vertex 7.5215744972229 1.1240206956863 0.18000000715256
			vertex 7.5250000953674 1.1067999601364 0.46000000834465
			vertex 7.5215744972229 1.1240206956863 0.46000000834465
		endloop
	endfacet
	facet normal -0.55556318568451 -0.83147432113811 0
		outer loop
			vertex 7.4972205162048 1.1483745574951 0.18000000715256
			vertex 7.5118198394775 1.1386197805405 0.46000000834465
			vertex 7.4972205162048 1.1483745574951 0.46000000834465
		endloop
	endfacet
	facet normal -0.83147326630236 -0.5555647643835 0
		outer loop
			vertex 7.5118198394775 1.1386197805405 0.18000000715256
			vertex 7.5215744972229 1.1240206956863 0.46000000834465
			vertex 7.5118198394775 1.1386197805405 0.46000000834465
		endloop
	endfacet
	facet normal 0 0 -1
		outer loop
			vertex 7.5118198394775 1.0749801397324 0.46000000834465
			vertex 7.4972205162048 1.1483745574951 0.46000000834465
			vertex 7.5118198394775 1.1386197805405 0.46000000834465
		endloop
	endfacet
	facet normal 0 0 -1
		outer loop
			vertex 7.5118198394775 1.0749801397324 0.46000000834465
			vertex 7.5215744972229 1.1240206956863 0.46000000834465
			vertex 7.5215744972229 1.0895792245865 0.46000000834465
		endloop
	endfacet
	facet normal 0 0 -1
		outer loop
			vertex 7.5118198394775 1.0749801397324 0.46000000834465
			vertex 7.5118198394775 1.1386197805405 0.46000000834465
			vertex 7.5215744972229 1.1240206956863 0.46000000834465
		endloop
	endfacet
	facet normal 0 0 -1
		outer loop
			vertex 7.5215744972229 1.0895792245865 0.46000000834465
			vertex 7.5215744972229 1.1240206956863 0.46000000834465
			vertex 7.5250000953674 1.1067999601364 0.46000000834465
		endloop
	endfacet
	facet normal 0.7071058809944 0.70710768137755 -0
		outer loop
			vertex 6.6213603019714 1.0618000030518 0.18000000715256
			vertex 6.6213603019714 1.0618000030518 0.46000000834465
			vertex 6.7150001525879 0.96816039085388 0.18000000715256
		endloop
	endfacet
	facet normal -0.70710713241036 -0.70710642996256 0
		outer loop
			vertex 6.6718196868896 1.1386197805405 0.18000000715256
			vertex 6.7918195724487 1.0186197757721 0.18000000715256
			vertex 6.7918195724487 1.0186197757721 0.46000000834465
		endloop
	endfacet
	facet normal 0.7071058809944 0.70710768137755 -0
		outer loop
			vertex 6.7150001525879 0.96816039085388 0.18000000715256
			vertex 6.6213603019714 1.0618000030518 0.46000000834465
			vertex 6.7150001525879 0.96816039085388 0.46000000834465
		endloop
	endfacet
	facet normal 0 -0 -1
		outer loop
			vertex 6.6161842346191 1.069631934166 0.46000000834465
			vertex 6.6227793693542 1.0652253627777 0.46000000834465
			vertex 6.6151471138 1.0680131912231 0.46000000834465
		endloop
	endfacet
	facet normal 0 0 -1
		outer loop
			vertex 6.6151471138 1.0680131912231 0.46000000834465
			vertex 6.6227793693542 1.0652253627777 0.46000000834465
			vertex 6.6213603019714 1.0618000030518 0.46000000834465
		endloop
	endfacet
	facet normal 0 -0 -1
		outer loop
			vertex 6.6227793693542 1.0652253627777 0.46000000834465
			vertex 6.7154550552368 0.98908704519272 0.46000000834465
			vertex 6.6213603019714 1.0618000030518 0.46000000834465
		endloop
	endfacet
	facet normal 0 0 -1
		outer loop
			vertex 6.6227793693542 1.0652253627777 0.46000000834465
			vertex 6.683657169342 1.1000496149063 0.46000000834465
			vertex 6.7154550552368 0.98908704519272 0.46000000834465
		endloop
	endfacet
	facet normal 0 0 -1
		outer loop
			vertex 6.7150001525879 0.96816039085388 0.46000000834465
			vertex 6.7154550552368 0.98908704519272 0.46000000834465
			vertex 6.7167773246765 0.97786384820938 0.46000000834465
		endloop
	endfacet
	facet normal 0 0 -1
		outer loop
			vertex 6.6213603019714 1.0618000030518 0.46000000834465
			vertex 6.7154550552368 0.98908704519272 0.46000000834465
			vertex 6.7150001525879 0.96816039085388 0.46000000834465
		endloop
	endfacet
	facet normal -0 0 -1
		outer loop
			vertex 6.7163429260254 0.99355036020279 0.46000000834465
			vertex 6.7154550552368 0.98908704519272 0.46000000834465
			vertex 6.683657169342 1.1000496149063 0.46000000834465
		endloop
	endfacet
	facet normal 0 0 -1
		outer loop
			vertex 6.7184252738953 0.98680001497269 0.46000000834465
			vertex 6.7163429260254 0.99355036020279 0.46000000834465
			vertex 6.7218508720398 0.98680001497269 0.46000000834465
		endloop
	endfacet
	facet normal 0 0 -1
		outer loop
			vertex 6.7163429260254 0.99355036020279 0.46000000834465
			vertex 6.741012096405 1.0194911956787 0.46000000834465
			vertex 6.7218508720398 0.98680001497269 0.46000000834465
		endloop
	endfacet
	facet normal 0 0 -1
		outer loop
			vertex 6.7218508720398 0.98680001497269 0.46000000834465
			vertex 6.741012096405 1.0194911956787 0.46000000834465
			vertex 6.7281804084778 0.98680001497269 0.46000000834465
		endloop
	endfacet
	facet normal 0 0 -1
		outer loop
			vertex 6.7163429260254 0.99355036020279 0.46000000834465
			vertex 6.683657169342 1.1000496149063 0.46000000834465
			vertex 6.741012096405 1.0194911956787 0.46000000834465
		endloop
	endfacet
	facet normal 0 0 -1
		outer loop
			vertex 6.681574344635 1.1218249797821 0.46000000834465
			vertex 6.7918195724487 1.0186197757721 0.46000000834465
			vertex 6.741012096405 1.0194911956787 0.46000000834465
		endloop
	endfacet
	facet normal 0 0 -1
		outer loop
			vertex 6.741012096405 1.0194911956787 0.46000000834465
			vertex 6.7918195724487 1.0186197757721 0.46000000834465
			vertex 6.7600002288818 0.98680001497269 0.46000000834465
		endloop
	endfacet
	facet normal -0.70710713241036 -0.70710642996256 0
		outer loop
			vertex 6.6718196868896 1.1386197805405 0.18000000715256
			vertex 6.7918195724487 1.0186197757721 0.46000000834465
			vertex 6.6718196868896 1.1386197805405 0.46000000834465
		endloop
	endfacet
	facet normal 0 0 -1
		outer loop
			vertex 6.6227793693542 1.0652253627777 0.46000000834465
			vertex 6.6399998664856 1.1067999601364 0.46000000834465
			vertex 6.6468620300293 1.0962985754013 0.46000000834465
		endloop
	endfacet
	facet normal 0 0 -1
		outer loop
			vertex 6.6227793693542 1.0652253627777 0.46000000834465
			vertex 6.6468620300293 1.0962985754013 0.46000000834465
			vertex 6.6508603096008 1.0901798009872 0.46000000834465
		endloop
	endfacet
	facet normal 0 0 -1
		outer loop
			vertex 6.6227793693542 1.0652253627777 0.46000000834465
			vertex 6.6508603096008 1.0901798009872 0.46000000834465
			vertex 6.683657169342 1.1000496149063 0.46000000834465
		endloop
	endfacet
	facet normal 0 0 -1
		outer loop
			vertex 6.6508603096008 1.0901798009872 0.46000000834465
			vertex 6.6572208404541 1.1240206956863 0.46000000834465
			vertex 6.683657169342 1.1000496149063 0.46000000834465
		endloop
	endfacet
	facet normal 0 0 -1
		outer loop
			vertex 6.6572208404541 1.1240206956863 0.46000000834465
			vertex 6.6718196868896 1.1386197805405 0.46000000834465
			vertex 6.683657169342 1.1000496149063 0.46000000834465
		endloop
	endfacet
	facet normal 0 0 -1
		outer loop
			vertex 6.683657169342 1.1000496149063 0.46000000834465
			vertex 6.681574344635 1.1218249797821 0.46000000834465
			vertex 6.741012096405 1.0194911956787 0.46000000834465
		endloop
	endfacet
	facet normal 0 0 -1
		outer loop
			vertex 6.681574344635 1.1218249797821 0.46000000834465
			vertex 6.6718196868896 1.1386197805405 0.46000000834465
			vertex 6.7918195724487 1.0186197757721 0.46000000834465
		endloop
	endfacet
	facet normal 1 0 0
		outer loop
			vertex 6.7150001525879 0.80680000782013 0.18000000715256
			vertex 6.7150001525879 0.96816039085388 0.18000000715256
			vertex 6.7150001525879 0.80680000782013 0.46000000834465
		endloop
	endfacet
	facet normal 1 -0 0
		outer loop
			vertex 6.7150001525879 0.80680000782013 0.46000000834465
			vertex 6.7150001525879 0.96816039085388 0.18000000715256
			vertex 6.7150001525879 0.96816039085388 0.46000000834465
		endloop
	endfacet
	facet normal 0 0 -1
		outer loop
			vertex 6.7150001525879 0.80680000782013 0.46000000834465
			vertex 6.7150001525879 0.96816039085388 0.46000000834465
			vertex 6.8049998283386 0.80680000782013 0.46000000834465
		endloop
	endfacet
	facet normal 0 0 -1
		outer loop
			vertex 6.7150001525879 0.96816039085388 0.46000000834465
			vertex 6.7167773246765 0.97786384820938 0.46000000834465
			vertex 6.7281804084778 0.97361981868744 0.46000000834465
		endloop
	endfacet
	facet normal 0 0 -1
		outer loop
			vertex 6.7167773246765 0.97786384820938 0.46000000834465
			vertex 6.7218508720398 0.98680001497269 0.46000000834465
			vertex 6.7281804084778 0.97361981868744 0.46000000834465
		endloop
	endfacet
	facet normal 0 0 -1
		outer loop
			vertex 6.7167773246765 0.97786384820938 0.46000000834465
			vertex 6.7184252738953 0.98680001497269 0.46000000834465
			vertex 6.7218508720398 0.98680001497269 0.46000000834465
		endloop
	endfacet
	facet normal 0 0 -1
		outer loop
			vertex 6.7150001525879 0.96816039085388 0.46000000834465
			vertex 6.7281804084778 0.97361981868744 0.46000000834465
			vertex 6.8049998283386 0.80680000782013 0.46000000834465
		endloop
	endfacet
	facet normal 0 0 -1
		outer loop
			vertex 6.7281804084778 0.97361981868744 0.46000000834465
			vertex 6.7600002288818 0.98680001497269 0.46000000834465
			vertex 6.8049998283386 0.80680000782013 0.46000000834465
		endloop
	endfacet
	facet normal 0 0 -1
		outer loop
			vertex 6.8049998283386 0.80680000782013 0.46000000834465
			vertex 6.7600002288818 0.98680001497269 0.46000000834465
			vertex 6.7981491088867 0.98680001497269 0.46000000834465
		endloop
	endfacet
	facet normal -1 0 0
		outer loop
			vertex 6.8049998283386 0.80680000782013 0.18000000715256
			vertex 6.8049998283386 0.80680000782013 0.46000000834465
			vertex 6.8049998283386 0.98680001497269 0.46000000834465
		endloop
	endfacet
	facet normal -1 0 0
		outer loop
			vertex 6.8049998283386 0.80680000782013 0.18000000715256
			vertex 6.8049998283386 0.98680001497269 0.46000000834465
			vertex 6.8049998283386 0.98680001497269 0.18000000715256
		endloop
	endfacet
	facet normal 0 0 -1
		outer loop
			vertex 6.8049998283386 0.80680000782013 0.46000000834465
			vertex 6.7981491088867 0.98680001497269 0.46000000834465
			vertex 6.8015747070312 0.9730983376503 0.46000000834465
		endloop
	endfacet
	facet normal 0 0 -1
		outer loop
			vertex 6.8049998283386 0.80680000782013 0.46000000834465
			vertex 6.8015747070312 0.9730983376503 0.46000000834465
			vertex 6.8049998283386 0.98680001497269 0.46000000834465
		endloop
	endfacet
	facet normal 1 0 0
		outer loop
			vertex 6.1149997711182 0.80680000782013 0.18000000715256
			vertex 6.1149997711182 0.98680001497269 0.46000000834465
			vertex 6.1149997711182 0.80680000782013 0.46000000834465
		endloop
	endfacet
	facet normal -1 0 0
		outer loop
			vertex 6.2049999237061 0.80680000782013 0.18000000715256
			vertex 6.2049999237061 0.80680000782013 0.46000000834465
			vertex 6.2049999237061 0.96816039085388 0.46000000834465
		endloop
	endfacet
	facet normal 1 0 0
		outer loop
			vertex 6.1149997711182 0.80680000782013 0.18000000715256
			vertex 6.1149997711182 0.98680001497269 0.18000000715256
			vertex 6.1149997711182 0.98680001497269 0.46000000834465
		endloop
	endfacet
	facet normal -1 0 0
		outer loop
			vertex 6.2049999237061 0.80680000782013 0.18000000715256
			vertex 6.2049999237061 0.96816039085388 0.46000000834465
			vertex 6.2049999237061 0.96816039085388 0.18000000715256
		endloop
	endfacet
	facet normal 0 0 -1
		outer loop
			vertex 6.1149997711182 0.80680000782013 0.46000000834465
			vertex 6.1149997711182 0.98680001497269 0.46000000834465
			vertex 6.2049999237061 0.80680000782013 0.46000000834465
		endloop
	endfacet
	facet normal 0 0 -1
		outer loop
			vertex 6.1149997711182 0.98680001497269 0.46000000834465
			vertex 6.1659450531006 0.97168862819672 0.46000000834465
			vertex 6.2049999237061 0.80680000782013 0.46000000834465
		endloop
	endfacet
	facet normal 0 0 -1
		outer loop
			vertex 6.1659450531006 0.97168862819672 0.46000000834465
			vertex 6.1968574523926 0.96251946687698 0.46000000834465
			vertex 6.2049999237061 0.80680000782013 0.46000000834465
		endloop
	endfacet
	facet normal 0 0 -1
		outer loop
			vertex 6.2049999237061 0.80680000782013 0.46000000834465
			vertex 6.1968574523926 0.96251946687698 0.46000000834465
			vertex 6.1987867355347 0.9619472026825 0.46000000834465
		endloop
	endfacet
	facet normal 0 0 -1
		outer loop
			vertex 6.2049999237061 0.80680000782013 0.46000000834465
			vertex 6.1987867355347 0.9619472026825 0.46000000834465
			vertex 6.2049999237061 0.96816039085388 0.46000000834465
		endloop
	endfacet
	facet normal 0 -0 -1
		outer loop
			vertex 6.1971678733826 0.96298438310623 0.46000000834465
			vertex 6.1987867355347 0.9619472026825 0.46000000834465
			vertex 6.1968574523926 0.96251946687698 0.46000000834465
		endloop
	endfacet
	facet normal 0.70710572751616 -0.70710783485536 0
		outer loop
			vertex 6.1281800270081 1.0186197757721 0.18000000715256
			vertex 6.2481803894043 1.1386197805405 0.46000000834465
			vertex 6.1281800270081 1.0186197757721 0.46000000834465
		endloop
	endfacet
	facet normal -0.7071058809944 0.70710768137755 0
		outer loop
			vertex 6.2049999237061 0.96816039085388 0.18000000715256
			vertex 6.2049999237061 0.96816039085388 0.46000000834465
			vertex 6.2986397743225 1.0618000030518 0.18000000715256
		endloop
	endfacet
	facet normal -0.7071058809944 0.70710768137755 0
		outer loop
			vertex 6.2986397743225 1.0618000030518 0.18000000715256
			vertex 6.2049999237061 0.96816039085388 0.46000000834465
			vertex 6.2986397743225 1.0618000030518 0.46000000834465
		endloop
	endfacet
	facet normal 0 0 -1
		outer loop
			vertex 6.1281800270081 1.0186197757721 0.46000000834465
			vertex 6.1424922943115 1.0269327163696 0.46000000834465
			vertex 6.1416621208191 1.0227574110031 0.46000000834465
		endloop
	endfacet
	facet normal 0 0 -1
		outer loop
			vertex 6.1971678733826 0.96298438310623 0.46000000834465
			vertex 6.2015748023987 0.96957921981812 0.46000000834465
			vertex 6.1987867355347 0.9619472026825 0.46000000834465
		endloop
	endfacet
	facet normal 0 0 -1
		outer loop
			vertex 6.1987867355347 0.9619472026825 0.46000000834465
			vertex 6.2015748023987 0.96957921981812 0.46000000834465
			vertex 6.2049999237061 0.96816039085388 0.46000000834465
		endloop
	endfacet
	facet normal 0 0 -1
		outer loop
			vertex 6.1702885627747 0.99352294206619 0.46000000834465
			vertex 6.1599998474121 1.0283855199814 0.46000000834465
			vertex 6.1918196678162 1.0075927972794 0.46000000834465
		endloop
	endfacet
	facet normal 0 0 -1
		outer loop
			vertex 6.1424922943115 1.0269327163696 0.46000000834465
			vertex 6.2481803894043 1.1386197805405 0.46000000834465
			vertex 6.1427793502808 1.0270992517471 0.46000000834465
		endloop
	endfacet
	facet normal 0 0 -1
		outer loop
			vertex 6.1281800270081 1.0186197757721 0.46000000834465
			vertex 6.2481803894043 1.1386197805405 0.46000000834465
			vertex 6.1424922943115 1.0269327163696 0.46000000834465
		endloop
	endfacet
	facet normal 0 0 -1
		outer loop
			vertex 6.1952452659607 0.97220093011856 0.46000000834465
			vertex 6.1918196678162 1.0075927972794 0.46000000834465
			vertex 6.2015748023987 0.96957921981812 0.46000000834465
		endloop
	endfacet
	facet normal 0 0 -1
		outer loop
			vertex 6.1592764854431 1.0281635522842 0.46000000834465
			vertex 6.2481803894043 1.0883183479309 0.46000000834465
			vertex 6.1599998474121 1.0283855199814 0.46000000834465
		endloop
	endfacet
	facet normal 0 0 -1
		outer loop
			vertex 6.1427793502808 1.0270992517471 0.46000000834465
			vertex 6.2481803894043 1.0883183479309 0.46000000834465
			vertex 6.1592764854431 1.0281635522842 0.46000000834465
		endloop
	endfacet
	facet normal 0 0 -1
		outer loop
			vertex 6.1599998474121 1.0283855199814 0.46000000834465
			vertex 6.2800002098083 1.0652145147324 0.46000000834465
			vertex 6.1918196678162 1.0075927972794 0.46000000834465
		endloop
	endfacet
	facet normal 0 0 -1
		outer loop
			vertex 6.2015748023987 0.96957921981812 0.46000000834465
			vertex 6.1918196678162 1.0075927972794 0.46000000834465
			vertex 6.2800002098083 1.0652145147324 0.46000000834465
		endloop
	endfacet
	facet normal 0 0 -1
		outer loop
			vertex 6.2015748023987 0.96957921981812 0.46000000834465
			vertex 6.2800002098083 1.0652145147324 0.46000000834465
			vertex 6.2049999237061 0.96816039085388 0.46000000834465
		endloop
	endfacet
	facet normal 0 0 -1
		outer loop
			vertex 6.1599998474121 1.0283855199814 0.46000000834465
			vertex 6.2481803894043 1.0883183479309 0.46000000834465
			vertex 6.2800002098083 1.0652145147324 0.46000000834465
		endloop
	endfacet
	facet normal 0 0 -1
		outer loop
			vertex 6.2049999237061 0.96816039085388 0.46000000834465
			vertex 6.2800002098083 1.0652145147324 0.46000000834465
			vertex 6.2889361381531 1.0635775327682 0.46000000834465
		endloop
	endfacet
	facet normal 0 0 -1
		outer loop
			vertex 6.2049999237061 0.96816039085388 0.46000000834465
			vertex 6.2889361381531 1.0635775327682 0.46000000834465
			vertex 6.2986397743225 1.0618000030518 0.46000000834465
		endloop
	endfacet
	facet normal 0.70710572751616 -0.70710783485536 0
		outer loop
			vertex 6.1281800270081 1.0186197757721 0.18000000715256
			vertex 6.2481803894043 1.1386197805405 0.18000000715256
			vertex 6.2481803894043 1.1386197805405 0.46000000834465
		endloop
	endfacet
	facet normal 0 0 -1
		outer loop
			vertex 6.1427793502808 1.0270992517471 0.46000000834465
			vertex 6.2481803894043 1.1386197805405 0.46000000834465
			vertex 6.2481803894043 1.0883183479309 0.46000000834465
		endloop
	endfacet
	facet normal 0 0 -1
		outer loop
			vertex 6.2481803894043 1.0883183479309 0.46000000834465
			vertex 6.2698798179626 1.100921869278 0.46000000834465
			vertex 6.2800002098083 1.0652145147324 0.46000000834465
		endloop
	endfacet
	facet normal 0 0 -1
		outer loop
			vertex 6.2889361381531 1.0635775327682 0.46000000834465
			vertex 6.2972207069397 1.0652253627777 0.46000000834465
			vertex 6.2986397743225 1.0618000030518 0.46000000834465
		endloop
	endfacet
	facet normal 0 0 -1
		outer loop
			vertex 6.2800002098083 1.1067999601364 0.46000000834465
			vertex 6.2800002098083 1.1518000364304 0.46000000834465
			vertex 6.2970538139343 1.1475365161896 0.46000000834465
		endloop
	endfacet
	facet normal 0 0 -1
		outer loop
			vertex 6.3049168586731 1.1039164066315 0.46000000834465
			vertex 6.2972207069397 1.1474947929382 0.46000000834465
			vertex 6.3118200302124 1.1031174659729 0.46000000834465
		endloop
	endfacet
	facet normal 0 1 0
		outer loop
			vertex 6.2986397743225 1.0618000030518 0.18000000715256
			vertex 6.2986397743225 1.0618000030518 0.46000000834465
			vertex 6.6213603019714 1.0618000030518 0.18000000715256
		endloop
	endfacet
	facet normal -0 1 0
		outer loop
			vertex 6.2986397743225 1.0618000030518 0.46000000834465
			vertex 6.6213603019714 1.0618000030518 0.46000000834465
			vertex 6.6213603019714 1.0618000030518 0.18000000715256
		endloop
	endfacet
	facet normal 0 0 -1
		outer loop
			vertex 6.2972207069397 1.0652253627777 0.46000000834465
			vertex 6.6151471138 1.0680131912231 0.46000000834465
			vertex 6.2986397743225 1.0618000030518 0.46000000834465
		endloop
	endfacet
	facet normal 0 0 -1
		outer loop
			vertex 6.2972207069397 1.0652253627777 0.46000000834465
			vertex 6.3118200302124 1.1031174659729 0.46000000834465
			vertex 6.6151471138 1.0680131912231 0.46000000834465
		endloop
	endfacet
	facet normal 0 0 -1
		outer loop
			vertex 6.2986397743225 1.0618000030518 0.46000000834465
			vertex 6.6151471138 1.0680131912231 0.46000000834465
			vertex 6.6213603019714 1.0618000030518 0.46000000834465
		endloop
	endfacet
	facet normal 0 -1 0
		outer loop
			vertex 6.2800002098083 1.1518000364304 0.18000000715256
			vertex 6.6399998664856 1.1518000364304 0.46000000834465
			vertex 6.2800002098083 1.1518000364304 0.46000000834465
		endloop
	endfacet
	facet normal 0 -1 0
		outer loop
			vertex 6.2800002098083 1.1518000364304 0.18000000715256
			vertex 6.6399998664856 1.1518000364304 0.18000000715256
			vertex 6.6399998664856 1.1518000364304 0.46000000834465
		endloop
	endfacet
	facet normal 0 0 -1
		outer loop
			vertex 6.3118200302124 1.1031174659729 0.46000000834465
			vertex 6.2972207069397 1.1474947929382 0.46000000834465
			vertex 6.6151471138 1.0680131912231 0.46000000834465
		endloop
	endfacet
	facet normal 0 0 -1
		outer loop
			vertex 6.2972207069397 1.1474947929382 0.46000000834465
			vertex 6.2970538139343 1.1475365161896 0.46000000834465
			vertex 6.6157193183899 1.0699425935745 0.46000000834465
		endloop
	endfacet
	facet normal 0 0 -1
		outer loop
			vertex 6.2800002098083 1.1518000364304 0.46000000834465
			vertex 6.6399998664856 1.1518000364304 0.46000000834465
			vertex 6.2970538139343 1.1475365161896 0.46000000834465
		endloop
	endfacet
	facet normal 0 0 -1
		outer loop
			vertex 6.2972207069397 1.1474947929382 0.46000000834465
			vertex 6.6157193183899 1.0699425935745 0.46000000834465
			vertex 6.6151471138 1.0680131912231 0.46000000834465
		endloop
	endfacet
	facet normal 0 0 -1
		outer loop
			vertex 6.2970538139343 1.1475365161896 0.46000000834465
			vertex 6.6399998664856 1.1518000364304 0.46000000834465
			vertex 6.6157193183899 1.0699425935745 0.46000000834465
		endloop
	endfacet
	facet normal 0 -0 -1
		outer loop
			vertex 6.6157193183899 1.0699425935745 0.46000000834465
			vertex 6.6161842346191 1.069631934166 0.46000000834465
			vertex 6.6151471138 1.0680131912231 0.46000000834465
		endloop
	endfacet
	facet normal -0.55557103701169 -0.83146907509165 0
		outer loop
			vertex 6.6572208404541 1.1483745574951 0.18000000715256
			vertex 6.6645202636719 1.1434972286224 0.18000000715256
			vertex 6.6572208404541 1.1483745574951 0.46000000834465
		endloop
	endfacet
	facet normal -0.55557573084221 -0.83146593874861 -1.7699725611054e-07
		outer loop
			vertex 6.6645202636719 1.1434972286224 0.18000000715256
			vertex 6.6718196868896 1.1386197805405 0.46000000834465
			vertex 6.6572208404541 1.1483745574951 0.46000000834465
		endloop
	endfacet
	facet normal 0 0 -1
		outer loop
			vertex 6.6161842346191 1.069631934166 0.46000000834465
			vertex 6.6399998664856 1.1518000364304 0.46000000834465
			vertex 6.6227793693542 1.0652253627777 0.46000000834465
		endloop
	endfacet
	facet normal 0 0 -1
		outer loop
			vertex 6.6157193183899 1.0699425935745 0.46000000834465
			vertex 6.6399998664856 1.1518000364304 0.46000000834465
			vertex 6.6161842346191 1.069631934166 0.46000000834465
		endloop
	endfacet
	facet normal 0 0 -1
		outer loop
			vertex 6.6399998664856 1.1067999601364 0.46000000834465
			vertex 6.6572208404541 1.1483745574951 0.46000000834465
			vertex 6.6468620300293 1.0962985754013 0.46000000834465
		endloop
	endfacet
	facet normal 0 0 -1
		outer loop
			vertex 6.6399998664856 1.1067999601364 0.46000000834465
			vertex 6.6399998664856 1.1518000364304 0.46000000834465
			vertex 6.6572208404541 1.1483745574951 0.46000000834465
		endloop
	endfacet
	facet normal 0 0 -1
		outer loop
			vertex 6.6572208404541 1.1240206956863 0.46000000834465
			vertex 6.6572208404541 1.1483745574951 0.46000000834465
			vertex 6.6718196868896 1.1386197805405 0.46000000834465
		endloop
	endfacet
	facet normal -0.83145862543567 -0.55558667567592 0
		outer loop
			vertex 6.7918195724487 1.0186197757721 0.18000000715256
			vertex 6.8015747070312 1.0040208101273 0.46000000834465
			vertex 6.7918195724487 1.0186197757721 0.46000000834465
		endloop
	endfacet
	facet normal 0 0 -1
		outer loop
			vertex 6.7167773246765 0.97786384820938 0.46000000834465
			vertex 6.7154550552368 0.98908704519272 0.46000000834465
			vertex 6.7184252738953 0.98680001497269 0.46000000834465
		endloop
	endfacet
	facet normal 0 0 -1
		outer loop
			vertex 6.7184252738953 0.98680001497269 0.46000000834465
			vertex 6.7154550552368 0.98908704519272 0.46000000834465
			vertex 6.7163429260254 0.99355036020279 0.46000000834465
		endloop
	endfacet
	facet normal 0 0 -1
		outer loop
			vertex 6.7281804084778 0.97361981868744 0.46000000834465
			vertex 6.7218508720398 0.98680001497269 0.46000000834465
			vertex 6.7281804084778 0.98680001497269 0.46000000834465
		endloop
	endfacet
	facet normal 0 0 -1
		outer loop
			vertex 6.7281804084778 0.97361981868744 0.46000000834465
			vertex 6.7281804084778 0.98680001497269 0.46000000834465
			vertex 6.7600002288818 0.98680001497269 0.46000000834465
		endloop
	endfacet
	facet normal 0 0 -1
		outer loop
			vertex 6.7281804084778 0.98680001497269 0.46000000834465
			vertex 6.741012096405 1.0194911956787 0.46000000834465
			vertex 6.7600002288818 0.98680001497269 0.46000000834465
		endloop
	endfacet
	facet normal 0 0 -1
		outer loop
			vertex 6.7600002288818 0.98680001497269 0.46000000834465
			vertex 6.7918195724487 1.0186197757721 0.46000000834465
			vertex 6.7981491088867 0.98680001497269 0.46000000834465
		endloop
	endfacet
	facet normal -0.9807886348197 -0.19507345746799 0
		outer loop
			vertex 6.8015747070312 1.0040208101273 0.18000000715256
			vertex 6.8049998283386 0.98680001497269 0.18000000715256
			vertex 6.8049998283386 0.98680001497269 0.46000000834465
		endloop
	endfacet
	facet normal -0.83145862543567 -0.55558667567592 0
		outer loop
			vertex 6.8015747070312 1.0040208101273 0.18000000715256
			vertex 6.8015747070312 1.0040208101273 0.46000000834465
			vertex 6.7918195724487 1.0186197757721 0.18000000715256
		endloop
	endfacet
	facet normal -0.9807886348197 -0.19507345746799 0
		outer loop
			vertex 6.8015747070312 1.0040208101273 0.18000000715256
			vertex 6.8049998283386 0.98680001497269 0.46000000834465
			vertex 6.8015747070312 1.0040208101273 0.46000000834465
		endloop
	endfacet
	facet normal 0 0 -1
		outer loop
			vertex 6.8015747070312 0.9730983376503 0.46000000834465
			vertex 6.7981491088867 0.98680001497269 0.46000000834465
			vertex 6.8015747070312 1.0040208101273 0.46000000834465
		endloop
	endfacet
	facet normal 0 0 -1
		outer loop
			vertex 6.7981491088867 0.98680001497269 0.46000000834465
			vertex 6.7918195724487 1.0186197757721 0.46000000834465
			vertex 6.8015747070312 1.0040208101273 0.46000000834465
		endloop
	endfacet
	facet normal 0 0 -1
		outer loop
			vertex 6.8015747070312 0.9730983376503 0.46000000834465
			vertex 6.8015747070312 1.0040208101273 0.46000000834465
			vertex 6.8049998283386 0.98680001497269 0.46000000834465
		endloop
	endfacet
	facet normal 0.98078343853785 -0.19509958147027 0
		outer loop
			vertex 6.1149997711182 0.98680001497269 0.18000000715256
			vertex 6.1184253692627 1.0040208101273 0.18000000715256
			vertex 6.1184253692627 1.0040208101273 0.46000000834465
		endloop
	endfacet
	facet normal 0.83147117071475 -0.55556790068384 0
		outer loop
			vertex 6.1184253692627 1.0040208101273 0.18000000715256
			vertex 6.1281800270081 1.0186197757721 0.18000000715256
			vertex 6.1281800270081 1.0186197757721 0.46000000834465
		endloop
	endfacet
	facet normal 0.98078343853785 -0.19509958147027 0
		outer loop
			vertex 6.1149997711182 0.98680001497269 0.18000000715256
			vertex 6.1184253692627 1.0040208101273 0.46000000834465
			vertex 6.1149997711182 0.98680001497269 0.46000000834465
		endloop
	endfacet
	facet normal 0.83147117071475 -0.55556790068384 0
		outer loop
			vertex 6.1184253692627 1.0040208101273 0.18000000715256
			vertex 6.1281800270081 1.0186197757721 0.46000000834465
			vertex 6.1184253692627 1.0040208101273 0.46000000834465
		endloop
	endfacet
	facet normal 0 0 -1
		outer loop
			vertex 6.1149997711182 0.98680001497269 0.46000000834465
			vertex 6.1184253692627 1.0040208101273 0.46000000834465
			vertex 6.1659450531006 0.97168862819672 0.46000000834465
		endloop
	endfacet
	facet normal 0 0 -1
		outer loop
			vertex 6.1184253692627 1.0040208101273 0.46000000834465
			vertex 6.1281800270081 1.0186197757721 0.46000000834465
			vertex 6.1659450531006 0.97168862819672 0.46000000834465
		endloop
	endfacet
	facet normal 0 0 -1
		outer loop
			vertex 6.1281800270081 1.0186197757721 0.46000000834465
			vertex 6.1416621208191 1.0227574110031 0.46000000834465
			vertex 6.1659450531006 0.97168862819672 0.46000000834465
		endloop
	endfacet
	facet normal 0 0 -1
		outer loop
			vertex 6.1659450531006 0.97168862819672 0.46000000834465
			vertex 6.1424922943115 1.0269327163696 0.46000000834465
			vertex 6.1427793502808 1.0270992517471 0.46000000834465
		endloop
	endfacet
	facet normal 0 0 -1
		outer loop
			vertex 6.1659450531006 0.97168862819672 0.46000000834465
			vertex 6.1416621208191 1.0227574110031 0.46000000834465
			vertex 6.1424922943115 1.0269327163696 0.46000000834465
		endloop
	endfacet
	facet normal 0 0 -1
		outer loop
			vertex 6.1659450531006 0.97168862819672 0.46000000834465
			vertex 6.1952452659607 0.97220093011856 0.46000000834465
			vertex 6.1968574523926 0.96251946687698 0.46000000834465
		endloop
	endfacet
	facet normal -0 0 -1
		outer loop
			vertex 6.1971678733826 0.96298438310623 0.46000000834465
			vertex 6.1968574523926 0.96251946687698 0.46000000834465
			vertex 6.1952452659607 0.97220093011856 0.46000000834465
		endloop
	endfacet
	facet normal 0 0 -1
		outer loop
			vertex 6.1971678733826 0.96298438310623 0.46000000834465
			vertex 6.1952452659607 0.97220093011856 0.46000000834465
			vertex 6.2015748023987 0.96957921981812 0.46000000834465
		endloop
	endfacet
	facet normal 0 0 -1
		outer loop
			vertex 6.1659450531006 0.97168862819672 0.46000000834465
			vertex 6.1599998474121 1.0283855199814 0.46000000834465
			vertex 6.1702885627747 0.99352294206619 0.46000000834465
		endloop
	endfacet
	facet normal 0 0 -1
		outer loop
			vertex 6.1659450531006 0.97168862819672 0.46000000834465
			vertex 6.1427793502808 1.0270992517471 0.46000000834465
			vertex 6.1592764854431 1.0281635522842 0.46000000834465
		endloop
	endfacet
	facet normal 0 0 -1
		outer loop
			vertex 6.1659450531006 0.97168862819672 0.46000000834465
			vertex 6.1592764854431 1.0281635522842 0.46000000834465
			vertex 6.1599998474121 1.0283855199814 0.46000000834465
		endloop
	endfacet
	facet normal 0 0 -1
		outer loop
			vertex 6.1659450531006 0.97168862819672 0.46000000834465
			vertex 6.1702885627747 0.99352294206619 0.46000000834465
			vertex 6.1918196678162 1.0075927972794 0.46000000834465
		endloop
	endfacet
	facet normal 0 0 -1
		outer loop
			vertex 6.1659450531006 0.97168862819672 0.46000000834465
			vertex 6.1918196678162 1.0075927972794 0.46000000834465
			vertex 6.1952452659607 0.97220093011856 0.46000000834465
		endloop
	endfacet
	facet normal 0 0 -1
		outer loop
			vertex 6.2800002098083 1.0652145147324 0.46000000834465
			vertex 6.2800002098083 1.1067999601364 0.46000000834465
			vertex 6.2889361381531 1.0635775327682 0.46000000834465
		endloop
	endfacet
	facet normal 0.55557573084222 -0.83146593874863 0
		outer loop
			vertex 6.2481803894043 1.1386197805405 0.18000000715256
			vertex 6.2627792358398 1.1483745574951 0.18000000715256
			vertex 6.2627792358398 1.1483745574951 0.46000000834465
		endloop
	endfacet
	facet normal 0.19509110186194 -0.98078512528193 0
		outer loop
			vertex 6.2627792358398 1.1483745574951 0.18000000715256
			vertex 6.2800002098083 1.1518000364304 0.18000000715256
			vertex 6.2800002098083 1.1518000364304 0.46000000834465
		endloop
	endfacet
	facet normal 0.55557573084222 -0.83146593874863 0
		outer loop
			vertex 6.2481803894043 1.1386197805405 0.18000000715256
			vertex 6.2627792358398 1.1483745574951 0.46000000834465
			vertex 6.2481803894043 1.1386197805405 0.46000000834465
		endloop
	endfacet
	facet normal 0.19509110186194 -0.98078512528193 0
		outer loop
			vertex 6.2627792358398 1.1483745574951 0.18000000715256
			vertex 6.2800002098083 1.1518000364304 0.46000000834465
			vertex 6.2627792358398 1.1483745574951 0.46000000834465
		endloop
	endfacet
	facet normal 0 0 -1
		outer loop
			vertex 6.2481803894043 1.0883183479309 0.46000000834465
			vertex 6.2481803894043 1.1386197805405 0.46000000834465
			vertex 6.2698798179626 1.100921869278 0.46000000834465
		endloop
	endfacet
	facet normal 0 0 -1
		outer loop
			vertex 6.2698798179626 1.100921869278 0.46000000834465
			vertex 6.2481803894043 1.1386197805405 0.46000000834465
			vertex 6.2627792358398 1.1483745574951 0.46000000834465
		endloop
	endfacet
	facet normal 0 0 -1
		outer loop
			vertex 6.2698798179626 1.100921869278 0.46000000834465
			vertex 6.2800002098083 1.1067999601364 0.46000000834465
			vertex 6.2800002098083 1.0652145147324 0.46000000834465
		endloop
	endfacet
	facet normal 0 0 -1
		outer loop
			vertex 6.2698798179626 1.100921869278 0.46000000834465
			vertex 6.2800002098083 1.1518000364304 0.46000000834465
			vertex 6.2800002098083 1.1067999601364 0.46000000834465
		endloop
	endfacet
	facet normal 0 0 -1
		outer loop
			vertex 6.2889361381531 1.0635775327682 0.46000000834465
			vertex 6.2972207069397 1.1474947929382 0.46000000834465
			vertex 6.2972207069397 1.0652253627777 0.46000000834465
		endloop
	endfacet
	facet normal 0 0 -1
		outer loop
			vertex 6.2889361381531 1.0635775327682 0.46000000834465
			vertex 6.2800002098083 1.1067999601364 0.46000000834465
			vertex 6.2970538139343 1.1475365161896 0.46000000834465
		endloop
	endfacet
	facet normal 0 0 -1
		outer loop
			vertex 6.2889361381531 1.0635775327682 0.46000000834465
			vertex 6.2970538139343 1.1475365161896 0.46000000834465
			vertex 6.2972207069397 1.1474947929382 0.46000000834465
		endloop
	endfacet
	facet normal 0 0 -1
		outer loop
			vertex 6.2698798179626 1.100921869278 0.46000000834465
			vertex 6.2627792358398 1.1483745574951 0.46000000834465
			vertex 6.2800002098083 1.1518000364304 0.46000000834465
		endloop
	endfacet
	facet normal 0 0 -1
		outer loop
			vertex 6.2972207069397 1.0652253627777 0.46000000834465
			vertex 6.3049168586731 1.1039164066315 0.46000000834465
			vertex 6.3118200302124 1.1031174659729 0.46000000834465
		endloop
	endfacet
	facet normal 0 0 -1
		outer loop
			vertex 6.2972207069397 1.0652253627777 0.46000000834465
			vertex 6.2972207069397 1.1474947929382 0.46000000834465
			vertex 6.3049168586731 1.1039164066315 0.46000000834465
		endloop
	endfacet
	facet normal -0.19509110186194 -0.98078512528193 0
		outer loop
			vertex 6.6399998664856 1.1518000364304 0.18000000715256
			vertex 6.6572208404541 1.1483745574951 0.18000000715256
			vertex 6.6572208404541 1.1483745574951 0.46000000834465
		endloop
	endfacet
	facet normal -0.55558042461963 -0.83146280240277 0
		outer loop
			vertex 6.6645202636719 1.1434972286224 0.18000000715256
			vertex 6.6718196868896 1.1386197805405 0.18000000715256
			vertex 6.6718196868896 1.1386197805405 0.46000000834465
		endloop
	endfacet
	facet normal -0.19509110186194 -0.98078512528193 0
		outer loop
			vertex 6.6399998664856 1.1518000364304 0.18000000715256
			vertex 6.6572208404541 1.1483745574951 0.46000000834465
			vertex 6.6399998664856 1.1518000364304 0.46000000834465
		endloop
	endfacet
	facet normal 0 0 -1
		outer loop
			vertex 6.6227793693542 1.0652253627777 0.46000000834465
			vertex 6.6399998664856 1.1518000364304 0.46000000834465
			vertex 6.6399998664856 1.1067999601364 0.46000000834465
		endloop
	endfacet
	facet normal 0 0 -1
		outer loop
			vertex 6.6468620300293 1.0962985754013 0.46000000834465
			vertex 6.6572208404541 1.1240206956863 0.46000000834465
			vertex 6.6508603096008 1.0901798009872 0.46000000834465
		endloop
	endfacet
	facet normal 0 0 -1
		outer loop
			vertex 6.6468620300293 1.0962985754013 0.46000000834465
			vertex 6.6572208404541 1.1483745574951 0.46000000834465
			vertex 6.6572208404541 1.1240206956863 0.46000000834465
		endloop
	endfacet
	facet normal 0 0 -1
		outer loop
			vertex 6.683657169342 1.1000496149063 0.46000000834465
			vertex 6.6718196868896 1.1386197805405 0.46000000834465
			vertex 6.681574344635 1.1218249797821 0.46000000834465
		endloop
	endfacet
	facet normal 1 0 0
		outer loop
			vertex 5.6950001716614 0.80680000782013 0.18000000715256
			vertex 5.6950001716614 1.0618000030518 0.18000000715256
			vertex 5.6950001716614 0.80680000782013 0.46000000834465
		endloop
	endfacet
	facet normal 1 -0 0
		outer loop
			vertex 5.6950001716614 0.80680000782013 0.46000000834465
			vertex 5.6950001716614 1.0618000030518 0.18000000715256
			vertex 5.6950001716614 1.0618000030518 0.46000000834465
		endloop
	endfacet
	facet normal -1 0 0
		outer loop
			vertex 5.7849998474121 0.80680000782013 0.18000000715256
			vertex 5.7849998474121 1.0618000030518 0.46000000834465
			vertex 5.7849998474121 1.0618000030518 0.18000000715256
		endloop
	endfacet
	facet normal -1 0 0
		outer loop
			vertex 5.7849998474121 0.80680000782013 0.18000000715256
			vertex 5.7849998474121 0.80680000782013 0.46000000834465
			vertex 5.7849998474121 1.0618000030518 0.46000000834465
		endloop
	endfacet
	facet normal 0 0 -1
		outer loop
			vertex 5.6950001716614 0.80680000782013 0.46000000834465
			vertex 5.6950001716614 1.0618000030518 0.46000000834465
			vertex 5.7849998474121 0.80680000782013 0.46000000834465
		endloop
	endfacet
	facet normal 0 0 -1
		outer loop
			vertex 5.7849998474121 0.80680000782013 0.46000000834465
			vertex 5.6950001716614 1.0618000030518 0.46000000834465
			vertex 5.7782502174377 1.0618000030518 0.46000000834465
		endloop
	endfacet
	facet normal 0 0 -1
		outer loop
			vertex 5.7849998474121 0.80680000782013 0.46000000834465
			vertex 5.7782502174377 1.0618000030518 0.46000000834465
			vertex 5.7849998474121 1.0618000030518 0.46000000834465
		endloop
	endfacet
	facet normal 0 1 0
		outer loop
			vertex 5.5599999427795 1.0618000030518 0.18000000715256
			vertex 5.5599999427795 1.0618000030518 0.46000000834465
			vertex 5.6950001716614 1.0618000030518 0.18000000715256
		endloop
	endfacet
	facet normal 0 0 -1
		outer loop
			vertex 5.5599999427795 1.0618000030518 0.46000000834465
			vertex 5.577220916748 1.1474947929382 0.46000000834465
			vertex 5.6950001716614 1.0618000030518 0.46000000834465
		endloop
	endfacet
	facet normal -0 1 0
		outer loop
			vertex 5.5599999427795 1.0618000030518 0.46000000834465
			vertex 5.6950001716614 1.0618000030518 0.46000000834465
			vertex 5.6950001716614 1.0618000030518 0.18000000715256
		endloop
	endfacet
	facet normal 0 1 0
		outer loop
			vertex 5.7849998474121 1.0618000030518 0.18000000715256
			vertex 5.7849998474121 1.0618000030518 0.46000000834465
			vertex 5.9200000762939 1.0618000030518 0.18000000715256
		endloop
	endfacet
	facet normal 0 -1 0
		outer loop
			vertex 5.5599999427795 1.1518000364304 0.18000000715256
			vertex 5.9200000762939 1.1518000364304 0.46000000834465
			vertex 5.5599999427795 1.1518000364304 0.46000000834465
		endloop
	endfacet
	facet normal 0 -1 0
		outer loop
			vertex 5.5599999427795 1.1518000364304 0.18000000715256
			vertex 5.9200000762939 1.1518000364304 0.18000000715256
			vertex 5.9200000762939 1.1518000364304 0.46000000834465
		endloop
	endfacet
	facet normal 0 0 -1
		outer loop
			vertex 5.577220916748 1.1474947929382 0.46000000834465
			vertex 5.7782502174377 1.0618000030518 0.46000000834465
			vertex 5.6950001716614 1.0618000030518 0.46000000834465
		endloop
	endfacet
	facet normal 0 0 -1
		outer loop
			vertex 5.5599999427795 1.1518000364304 0.46000000834465
			vertex 5.9200000762939 1.1518000364304 0.46000000834465
			vertex 5.577220916748 1.1474947929382 0.46000000834465
		endloop
	endfacet
	facet normal 0 0 -1
		outer loop
			vertex 5.577220916748 1.1474947929382 0.46000000834465
			vertex 5.7849998474121 1.0618000030518 0.46000000834465
			vertex 5.7782502174377 1.0618000030518 0.46000000834465
		endloop
	endfacet
	facet normal 0 0 -1
		outer loop
			vertex 5.577220916748 1.1474947929382 0.46000000834465
			vertex 5.9200000762939 1.0618000030518 0.46000000834465
			vertex 5.7849998474121 1.0618000030518 0.46000000834465
		endloop
	endfacet
	facet normal 0 0 -1
		outer loop
			vertex 5.577220916748 1.1474947929382 0.46000000834465
			vertex 5.9200000762939 1.1518000364304 0.46000000834465
			vertex 5.9200000762939 1.0618000030518 0.46000000834465
		endloop
	endfacet
	facet normal -0 1 0
		outer loop
			vertex 5.7849998474121 1.0618000030518 0.46000000834465
			vertex 5.9200000762939 1.0618000030518 0.46000000834465
			vertex 5.9200000762939 1.0618000030518 0.18000000715256
		endloop
	endfacet
	facet normal -0.19508976725019 0.98078539075287 0
		outer loop
			vertex 5.9200000762939 1.0618000030518 0.18000000715256
			vertex 5.9200000762939 1.0618000030518 0.46000000834465
			vertex 5.9372205734253 1.0652253627777 0.18000000715256
		endloop
	endfacet
	facet normal -0.55556318568451 0.83147432113811 0
		outer loop
			vertex 5.9372205734253 1.0652253627777 0.18000000715256
			vertex 5.9372205734253 1.0652253627777 0.46000000834465
			vertex 5.951819896698 1.0749801397324 0.18000000715256
		endloop
	endfacet
	facet normal -0.19508976725019 0.98078539075287 0
		outer loop
			vertex 5.9372205734253 1.0652253627777 0.18000000715256
			vertex 5.9200000762939 1.0618000030518 0.46000000834465
			vertex 5.9372205734253 1.0652253627777 0.46000000834465
		endloop
	endfacet
	facet normal -0.55556318568451 0.83147432113811 0
		outer loop
			vertex 5.951819896698 1.0749801397324 0.18000000715256
			vertex 5.9372205734253 1.0652253627777 0.46000000834465
			vertex 5.951819896698 1.0749801397324 0.46000000834465
		endloop
	endfacet
	facet normal -0.1950962983379 -0.98078409161999 0
		outer loop
			vertex 5.9200000762939 1.1518000364304 0.18000000715256
			vertex 5.9372205734253 1.1483745574951 0.18000000715256
			vertex 5.9372205734253 1.1483745574951 0.46000000834465
		endloop
	endfacet
	facet normal -0.55556318568451 -0.83147432113811 0
		outer loop
			vertex 5.9372205734253 1.1483745574951 0.18000000715256
			vertex 5.951819896698 1.1386197805405 0.18000000715256
			vertex 5.951819896698 1.1386197805405 0.46000000834465
		endloop
	endfacet
	facet normal -0.83147326630236 0.5555647643835 0
		outer loop
			vertex 5.951819896698 1.0749801397324 0.18000000715256
			vertex 5.951819896698 1.0749801397324 0.46000000834465
			vertex 5.9615745544434 1.0895792245865 0.18000000715256
		endloop
	endfacet
	facet normal -0.98078330932227 0.19510023104767 0
		outer loop
			vertex 5.9615745544434 1.0895792245865 0.18000000715256
			vertex 5.9615745544434 1.0895792245865 0.46000000834465
			vertex 5.9650001525879 1.1067999601364 0.18000000715256
		endloop
	endfacet
	facet normal -0.98078330932227 -0.19510023104767 0
		outer loop
			vertex 5.9615745544434 1.1240206956863 0.18000000715256
			vertex 5.9650001525879 1.1067999601364 0.18000000715256
			vertex 5.9650001525879 1.1067999601364 0.46000000834465
		endloop
	endfacet
	facet normal -0.83147326630236 -0.5555647643835 0
		outer loop
			vertex 5.951819896698 1.1386197805405 0.18000000715256
			vertex 5.9615745544434 1.1240206956863 0.18000000715256
			vertex 5.9615745544434 1.1240206956863 0.46000000834465
		endloop
	endfacet
	facet normal -0.1950962983379 -0.98078409161999 0
		outer loop
			vertex 5.9200000762939 1.1518000364304 0.18000000715256
			vertex 5.9372205734253 1.1483745574951 0.46000000834465
			vertex 5.9200000762939 1.1518000364304 0.46000000834465
		endloop
	endfacet
	facet normal -0.55556318568451 -0.83147432113811 0
		outer loop
			vertex 5.9372205734253 1.1483745574951 0.18000000715256
			vertex 5.951819896698 1.1386197805405 0.46000000834465
			vertex 5.9372205734253 1.1483745574951 0.46000000834465
		endloop
	endfacet
	facet normal -0.83147326630236 0.5555647643835 0
		outer loop
			vertex 5.9615745544434 1.0895792245865 0.18000000715256
			vertex 5.951819896698 1.0749801397324 0.46000000834465
			vertex 5.9615745544434 1.0895792245865 0.46000000834465
		endloop
	endfacet
	facet normal -0.98078330932227 0.19510023104767 0
		outer loop
			vertex 5.9650001525879 1.1067999601364 0.18000000715256
			vertex 5.9615745544434 1.0895792245865 0.46000000834465
			vertex 5.9650001525879 1.1067999601364 0.46000000834465
		endloop
	endfacet
	facet normal -0.98078330932227 -0.19510023104767 0
		outer loop
			vertex 5.9615745544434 1.1240206956863 0.18000000715256
			vertex 5.9650001525879 1.1067999601364 0.46000000834465
			vertex 5.9615745544434 1.1240206956863 0.46000000834465
		endloop
	endfacet
	facet normal -0.83147326630236 -0.5555647643835 0
		outer loop
			vertex 5.951819896698 1.1386197805405 0.18000000715256
			vertex 5.9615745544434 1.1240206956863 0.46000000834465
			vertex 5.951819896698 1.1386197805405 0.46000000834465
		endloop
	endfacet
	facet normal 0 0 -1
		outer loop
			vertex 5.9200000762939 1.0618000030518 0.46000000834465
			vertex 5.9372205734253 1.1483745574951 0.46000000834465
			vertex 5.9372205734253 1.0652253627777 0.46000000834465
		endloop
	endfacet
	facet normal 0 0 -1
		outer loop
			vertex 5.9200000762939 1.0618000030518 0.46000000834465
			vertex 5.9200000762939 1.1518000364304 0.46000000834465
			vertex 5.9372205734253 1.1483745574951 0.46000000834465
		endloop
	endfacet
	facet normal 0 0 -1
		outer loop
			vertex 5.9372205734253 1.0652253627777 0.46000000834465
			vertex 5.951819896698 1.1386197805405 0.46000000834465
			vertex 5.951819896698 1.0749801397324 0.46000000834465
		endloop
	endfacet
	facet normal 0 0 -1
		outer loop
			vertex 5.9372205734253 1.0652253627777 0.46000000834465
			vertex 5.9372205734253 1.1483745574951 0.46000000834465
			vertex 5.951819896698 1.1386197805405 0.46000000834465
		endloop
	endfacet
	facet normal 0 0 -1
		outer loop
			vertex 5.951819896698 1.0749801397324 0.46000000834465
			vertex 5.9615745544434 1.1240206956863 0.46000000834465
			vertex 5.9615745544434 1.0895792245865 0.46000000834465
		endloop
	endfacet
	facet normal 0 0 -1
		outer loop
			vertex 5.951819896698 1.0749801397324 0.46000000834465
			vertex 5.951819896698 1.1386197805405 0.46000000834465
			vertex 5.9615745544434 1.1240206956863 0.46000000834465
		endloop
	endfacet
	facet normal 0 0 -1
		outer loop
			vertex 5.9615745544434 1.0895792245865 0.46000000834465
			vertex 5.9615745544434 1.1240206956863 0.46000000834465
			vertex 5.9650001525879 1.1067999601364 0.46000000834465
		endloop
	endfacet
	facet normal 0.55556318568451 0.83147432113811 -0
		outer loop
			vertex 5.5281801223755 1.0749801397324 0.18000000715256
			vertex 5.5281801223755 1.0749801397324 0.46000000834465
			vertex 5.5427794456482 1.0652253627777 0.18000000715256
		endloop
	endfacet
	facet normal 0.19508976725019 0.98078539075287 -0
		outer loop
			vertex 5.5427794456482 1.0652253627777 0.18000000715256
			vertex 5.5427794456482 1.0652253627777 0.46000000834465
			vertex 5.5599999427795 1.0618000030518 0.18000000715256
		endloop
	endfacet
	facet normal 0.55556318568451 0.83147432113811 -0
		outer loop
			vertex 5.5427794456482 1.0652253627777 0.18000000715256
			vertex 5.5281801223755 1.0749801397324 0.46000000834465
			vertex 5.5427794456482 1.0652253627777 0.46000000834465
		endloop
	endfacet
	facet normal 0.19508976725019 0.98078539075287 -0
		outer loop
			vertex 5.5599999427795 1.0618000030518 0.18000000715256
			vertex 5.5427794456482 1.0652253627777 0.46000000834465
			vertex 5.5599999427795 1.0618000030518 0.46000000834465
		endloop
	endfacet
	facet normal 0.98078330932227 0.19510023104767 -0
		outer loop
			vertex 5.5149998664856 1.1067999601364 0.18000000715256
			vertex 5.5149998664856 1.1067999601364 0.46000000834465
			vertex 5.5184254646301 1.0895792245865 0.18000000715256
		endloop
	endfacet
	facet normal 0.83147326630236 0.5555647643835 -0
		outer loop
			vertex 5.5184254646301 1.0895792245865 0.18000000715256
			vertex 5.5184254646301 1.0895792245865 0.46000000834465
			vertex 5.5281801223755 1.0749801397324 0.18000000715256
		endloop
	endfacet
	facet normal 0.98078330932227 -0.19510023104767 0
		outer loop
			vertex 5.5149998664856 1.1067999601364 0.18000000715256
			vertex 5.5184254646301 1.1240206956863 0.18000000715256
			vertex 5.5184254646301 1.1240206956863 0.46000000834465
		endloop
	endfacet
	facet normal 0.83147326630236 -0.5555647643835 0
		outer loop
			vertex 5.5184254646301 1.1240206956863 0.18000000715256
			vertex 5.5281801223755 1.1386197805405 0.18000000715256
			vertex 5.5281801223755 1.1386197805405 0.46000000834465
		endloop
	endfacet
	facet normal 0.55556318568451 -0.83147432113811 0
		outer loop
			vertex 5.5281801223755 1.1386197805405 0.18000000715256
			vertex 5.5427794456482 1.1483745574951 0.18000000715256
			vertex 5.5427794456482 1.1483745574951 0.46000000834465
		endloop
	endfacet
	facet normal 0.1950962983379 -0.98078409161999 0
		outer loop
			vertex 5.5427794456482 1.1483745574951 0.18000000715256
			vertex 5.5599999427795 1.1518000364304 0.18000000715256
			vertex 5.5599999427795 1.1518000364304 0.46000000834465
		endloop
	endfacet
	facet normal 0.98078330932227 0.19510023104767 -0
		outer loop
			vertex 5.5184254646301 1.0895792245865 0.18000000715256
			vertex 5.5149998664856 1.1067999601364 0.46000000834465
			vertex 5.5184254646301 1.0895792245865 0.46000000834465
		endloop
	endfacet
	facet normal 0.98078330932227 -0.19510023104767 0
		outer loop
			vertex 5.5149998664856 1.1067999601364 0.18000000715256
			vertex 5.5184254646301 1.1240206956863 0.46000000834465
			vertex 5.5149998664856 1.1067999601364 0.46000000834465
		endloop
	endfacet
	facet normal 0.83147326630236 0.5555647643835 -0
		outer loop
			vertex 5.5281801223755 1.0749801397324 0.18000000715256
			vertex 5.5184254646301 1.0895792245865 0.46000000834465
			vertex 5.5281801223755 1.0749801397324 0.46000000834465
		endloop
	endfacet
	facet normal 0.83147326630236 -0.5555647643835 0
		outer loop
			vertex 5.5184254646301 1.1240206956863 0.18000000715256
			vertex 5.5281801223755 1.1386197805405 0.46000000834465
			vertex 5.5184254646301 1.1240206956863 0.46000000834465
		endloop
	endfacet
	facet normal 0.55556318568451 -0.83147432113811 0
		outer loop
			vertex 5.5281801223755 1.1386197805405 0.18000000715256
			vertex 5.5427794456482 1.1483745574951 0.46000000834465
			vertex 5.5281801223755 1.1386197805405 0.46000000834465
		endloop
	endfacet
	facet normal 0.1950962983379 -0.98078409161999 0
		outer loop
			vertex 5.5427794456482 1.1483745574951 0.18000000715256
			vertex 5.5599999427795 1.1518000364304 0.46000000834465
			vertex 5.5427794456482 1.1483745574951 0.46000000834465
		endloop
	endfacet
	facet normal 0 0 -1
		outer loop
			vertex 5.5149998664856 1.1067999601364 0.46000000834465
			vertex 5.5184254646301 1.1240206956863 0.46000000834465
			vertex 5.5184254646301 1.0895792245865 0.46000000834465
		endloop
	endfacet
	facet normal 0 0 -1
		outer loop
			vertex 5.5184254646301 1.0895792245865 0.46000000834465
			vertex 5.5184254646301 1.1240206956863 0.46000000834465
			vertex 5.5281801223755 1.1386197805405 0.46000000834465
		endloop
	endfacet
	facet normal 0 0 -1
		outer loop
			vertex 5.5184254646301 1.0895792245865 0.46000000834465
			vertex 5.5281801223755 1.1386197805405 0.46000000834465
			vertex 5.5281801223755 1.0749801397324 0.46000000834465
		endloop
	endfacet
	facet normal 0 0 -1
		outer loop
			vertex 5.5281801223755 1.0749801397324 0.46000000834465
			vertex 5.5281801223755 1.1386197805405 0.46000000834465
			vertex 5.5427794456482 1.1483745574951 0.46000000834465
		endloop
	endfacet
	facet normal 0 0 -1
		outer loop
			vertex 5.5281801223755 1.0749801397324 0.46000000834465
			vertex 5.5427794456482 1.1483745574951 0.46000000834465
			vertex 5.5427794456482 1.0652253627777 0.46000000834465
		endloop
	endfacet
	facet normal 0 0 -1
		outer loop
			vertex 5.5427794456482 1.0652253627777 0.46000000834465
			vertex 5.5427794456482 1.1483745574951 0.46000000834465
			vertex 5.5599999427795 1.1518000364304 0.46000000834465
		endloop
	endfacet
	facet normal 0 0 -1
		outer loop
			vertex 5.5427794456482 1.0652253627777 0.46000000834465
			vertex 5.5599999427795 1.1518000364304 0.46000000834465
			vertex 5.5599999427795 1.0618000030518 0.46000000834465
		endloop
	endfacet
	facet normal 0 0 -1
		outer loop
			vertex 5.5599999427795 1.0618000030518 0.46000000834465
			vertex 5.5599999427795 1.1518000364304 0.46000000834465
			vertex 5.577220916748 1.1474947929382 0.46000000834465
		endloop
	endfacet
	facet normal -0.87479128808691 0 -0.48449995076082
		outer loop
			vertex 5.1770000457764 0.80680000782013 0.36000001430511
			vertex 5.1770000457764 1.6136000156403 0.36000001430511
			vertex 5.2766923904419 0.80680000782013 0.18000000715256
		endloop
	endfacet
	facet normal 0 0 -1
		outer loop
			vertex 5.1620001792908 0.80680000782013 0.36000001430511
			vertex 5.1620001792908 1.6136000156403 0.36000001430511
			vertex 5.1770000457764 0.80680000782013 0.36000001430511
		endloop
	endfacet
	facet normal -0.87479128808691 0 -0.48449995076082
		outer loop
			vertex 5.2766923904419 0.80680000782013 0.18000000715256
			vertex 5.1770000457764 1.6136000156403 0.36000001430511
			vertex 5.2766923904419 1.6136000156403 0.18000000715256
		endloop
	endfacet
	facet normal 0 0 -1
		outer loop
			vertex 5.1770000457764 0.80680000782013 0.36000001430511
			vertex 5.1620001792908 1.6136000156403 0.36000001430511
			vertex 5.1770000457764 1.6136000156403 0.36000001430511
		endloop
	endfacet
	facet normal 0.87480717333064 0 -0.48447126797082
		outer loop
			vertex 5.0029997825623 1.6136000156403 0.36000001430511
			vertex 5 1.6136000156403 0.35458332300186
			vertex 5.0029997825623 2.4203999042511 0.36000001430511
		endloop
	endfacet
	facet normal 0 0 -1
		outer loop
			vertex 5.0029997825623 1.6136000156403 0.36000001430511
			vertex 5.0029997825623 2.4203999042511 0.36000001430511
			vertex 5.018000125885 1.6136000156403 0.36000001430511
		endloop
	endfacet
	facet normal 0.87480717333064 0 -0.48447126797082
		outer loop
			vertex 5 1.6136000156403 0.35458332300186
			vertex 5 2.4203999042511 0.35458332300186
			vertex 5.0029997825623 2.4203999042511 0.36000001430511
		endloop
	endfacet
	facet normal 0 0 -1
		outer loop
			vertex 5.018000125885 1.6136000156403 0.36000001430511
			vertex 5.0029997825623 2.4203999042511 0.36000001430511
			vertex 5.018000125885 2.4203999042511 0.36000001430511
		endloop
	endfacet
	facet normal -0 1 0
		outer loop
			vertex 5.3420000076294 1.6136000156403 0.36000001430511
			vertex 5.356999874115 1.6136000156403 0.36000001430511
			vertex 5.4566922187805 1.6136000156403 0.18000000715256
		endloop
	endfacet
	facet normal 0 0 -1
		outer loop
			vertex 5.3420000076294 1.6136000156403 0.36000001430511
			vertex 5.3420000076294 2.4203999042511 0.36000001430511
			vertex 5.356999874115 1.6136000156403 0.36000001430511
		endloop
	endfacet
	facet normal -0.87479128808691 0 -0.48449995076082
		outer loop
			vertex 5.356999874115 1.6136000156403 0.36000001430511
			vertex 5.356999874115 2.4203999042511 0.36000001430511
			vertex 5.4566922187805 2.4203999042511 0.18000000715256
		endloop
	endfacet
	facet normal 0 0 -1
		outer loop
			vertex 5.356999874115 1.6136000156403 0.36000001430511
			vertex 5.3420000076294 2.4203999042511 0.36000001430511
			vertex 5.356999874115 2.4203999042511 0.36000001430511
		endloop
	endfacet
	facet normal 0 1 0
		outer loop
			vertex 5.3420000076294 1.6136000156403 0.36000001430511
			vertex 5.4566922187805 1.6136000156403 0.18000000715256
			vertex 5.4499998092651 1.6136000156403 0.18000000715256
		endloop
	endfacet
	facet normal -0.87479128808691 0 -0.48449995076082
		outer loop
			vertex 5.356999874115 1.6136000156403 0.36000001430511
			vertex 5.4566922187805 2.4203999042511 0.18000000715256
			vertex 5.4566922187805 1.6136000156403 0.18000000715256
		endloop
	endfacet
	facet normal 0 0 -1
		outer loop
			vertex 5.0029997825623 6.4544501304626 0.36000001430511
			vertex 5.018000125885 9.4709596633911 0.36000001430511
			vertex 5.018000125885 6.4544501304626 0.36000001430511
		endloop
	endfacet
	facet normal 0.87480209852962 0 -0.4844804313986
		outer loop
			vertex 4.9999499320984 6.4544501304626 0.35449305176735
			vertex 4.9999499320984 11.295299530029 0.35449305176735
			vertex 5.0029997825623 6.4544501304626 0.36000001430511
		endloop
	endfacet
	facet normal 0 0 -1
		outer loop
			vertex 5.3420000076294 6.4544501304626 0.36000001430511
			vertex 5.3420000076294 9.4709596633911 0.36000001430511
			vertex 5.356999874115 6.4544501304626 0.36000001430511
		endloop
	endfacet
	facet normal -0.87479128808691 0 -0.48449995076082
		outer loop
			vertex 5.356999874115 6.4544501304626 0.36000001430511
			vertex 5.356999874115 11.295299530029 0.36000001430511
			vertex 5.4566922187805 6.4544501304626 0.18000000715256
		endloop
	endfacet
	facet normal 0 0 -1
		outer loop
			vertex 5.0029997825623 6.4544501304626 0.36000001430511
			vertex 5.0029997825623 11.295299530029 0.36000001430511
			vertex 5.018000125885 9.4709596633911 0.36000001430511
		endloop
	endfacet
	facet normal 0.87480209852962 0 -0.4844804313986
		outer loop
			vertex 5.0029997825623 6.4544501304626 0.36000001430511
			vertex 4.9999499320984 11.295299530029 0.35449305176735
			vertex 5.0029997825623 11.295299530029 0.36000001430511
		endloop
	endfacet
	facet normal 0 0 0
		outer loop
			vertex 5.0029997825623 6.4544501304626 0.36000001430511
			vertex 5.0029997825623 11.295299530029 0.36000001430511
			vertex 5.0029997825623 11.295299530029 0.36000001430511
		endloop
	endfacet
	facet normal 0 0 -1
		outer loop
			vertex 5.356999874115 6.4544501304626 0.36000001430511
			vertex 5.3420000076294 9.4709596633911 0.36000001430511
			vertex 5.356999874115 11.295299530029 0.36000001430511
		endloop
	endfacet
	facet normal -0.87479128808691 0 -0.48449995076082
		outer loop
			vertex 5.4566922187805 6.4544501304626 0.18000000715256
			vertex 5.356999874115 11.295299530029 0.36000001430511
			vertex 5.4566922187805 11.295299530029 0.18000000715256
		endloop
	endfacet
	facet normal 0 0 -1
		outer loop
			vertex 5.018000125885 9.4709596633911 0.36000001430511
			vertex 5.0029997825623 11.295299530029 0.36000001430511
			vertex 5.356999874115 11.295299530029 0.36000001430511
		endloop
	endfacet
	facet normal 0 0 0
		outer loop
			vertex 4.9999499320984 11.295299530029 0.35449305176735
			vertex 5.0029997825623 11.295299530029 0.36000001430511
			vertex 5.0029997825623 11.295299530029 0.36000001430511
		endloop
	endfacet
	facet normal 0 -1 0
		outer loop
			vertex 4.9999499320984 11.295299530029 0.18000000715256
			vertex 5.356999874115 11.295299530029 0.36000001430511
			vertex 4.9999499320984 11.295299530029 0.35449305176735
		endloop
	endfacet
	facet normal 0 -1 0
		outer loop
			vertex 4.9999499320984 11.295299530029 0.35449305176735
			vertex 5.356999874115 11.295299530029 0.36000001430511
			vertex 5.0029997825623 11.295299530029 0.36000001430511
		endloop
	endfacet
	facet normal 0 0 -1
		outer loop
			vertex 5.018000125885 9.4709596633911 0.36000001430511
			vertex 5.356999874115 11.295299530029 0.36000001430511
			vertex 5.3420000076294 9.4709596633911 0.36000001430511
		endloop
	endfacet
	facet normal 0 -1 0
		outer loop
			vertex 4.9999499320984 11.295299530029 0.18000000715256
			vertex 5.4566922187805 11.295299530029 0.18000000715256
			vertex 5.356999874115 11.295299530029 0.36000001430511
		endloop
	endfacet
	facet normal 0 1 0
		outer loop
			vertex 6.2099075317383 11.295299530029 0.18000000715256
			vertex 6.3095998764038 11.295299530029 0.36000001430511
			vertex 6.2165999412537 11.295299530029 0.18000000715256
		endloop
	endfacet
	facet normal 0 1 0
		outer loop
			vertex 6.2165999412537 11.295299530029 0.18000000715256
			vertex 6.3095998764038 11.295299530029 0.36000001430511
			vertex 6.3246002197266 11.295299530029 0.36000001430511
		endloop
	endfacet
	facet normal 0.87479128808691 0 -0.48449995076082
		outer loop
			vertex 6.2099075317383 11.295299530029 0.18000000715256
			vertex 6.3095998764038 12.908900260925 0.36000001430511
			vertex 6.3095998764038 11.295299530029 0.36000001430511
		endloop
	endfacet
	facet normal 0.87479128808691 0 -0.48449995076082
		outer loop
			vertex 6.2099075317383 11.295299530029 0.18000000715256
			vertex 6.2099075317383 12.908900260925 0.18000000715256
			vertex 6.3095998764038 12.908900260925 0.36000001430511
		endloop
	endfacet
	facet normal 0 -1 0
		outer loop
			vertex 6.2099075317383 12.908900260925 0.18000000715256
			vertex 6.2165999412537 12.908900260925 0.18000000715256
			vertex 6.3246002197266 12.908900260925 0.36000001430511
		endloop
	endfacet
	facet normal 0 -1 0
		outer loop
			vertex 6.2099075317383 12.908900260925 0.18000000715256
			vertex 6.3246002197266 12.908900260925 0.36000001430511
			vertex 6.3095998764038 12.908900260925 0.36000001430511
		endloop
	endfacet
	facet normal 0 1 0
		outer loop
			vertex 6.6486001014709 11.295299530029 0.36000001430511
			vertex 6.7632923126221 11.295299530029 0.18000000715256
			vertex 6.7565999031067 11.295299530029 0.18000000715256
		endloop
	endfacet
	facet normal -0 1 0
		outer loop
			vertex 6.6486001014709 11.295299530029 0.36000001430511
			vertex 6.6635999679565 11.295299530029 0.36000001430511
			vertex 6.7632923126221 11.295299530029 0.18000000715256
		endloop
	endfacet
	facet normal -0.87479128808691 0 -0.48449995076082
		outer loop
			vertex 6.6635999679565 11.295299530029 0.36000001430511
			vertex 6.7632923126221 12.534439086914 0.18000000715256
			vertex 6.7632923126221 11.295299530029 0.18000000715256
		endloop
	endfacet
	facet normal -0.87479128808691 0 -0.48449995076082
		outer loop
			vertex 6.6635999679565 11.295299530029 0.36000001430511
			vertex 6.6635999679565 12.908900260925 0.36000001430511
			vertex 6.7632923126221 12.534439086914 0.18000000715256
		endloop
	endfacet
	facet normal -0.87479128808691 0 -0.48449995076082
		outer loop
			vertex 6.7632923126221 12.534439086914 0.18000000715256
			vertex 6.6635999679565 12.908900260925 0.36000001430511
			vertex 6.7632923126221 12.908900260925 0.18000000715256
		endloop
	endfacet
	facet normal 0 -1 0
		outer loop
			vertex 6.6635999679565 12.908900260925 0.36000001430511
			vertex 6.7565999031067 12.908900260925 0.18000000715256
			vertex 6.7632923126221 12.908900260925 0.18000000715256
		endloop
	endfacet
	facet normal 0 -1 0
		outer loop
			vertex 6.6486001014709 12.908900260925 0.36000001430511
			vertex 6.7565999031067 12.908900260925 0.18000000715256
			vertex 6.6635999679565 12.908900260925 0.36000001430511
		endloop
	endfacet
	facet normal 0 -1 0
		outer loop
			vertex 5 0.80680000782013 0.54000002145767
			vertex 10 0.80680000782013 0.54000002145767
			vertex 5 0.80680000782013 0.89999997615814
		endloop
	endfacet
	facet normal 0 0 1
		outer loop
			vertex 5 0.80680000782013 0.89999997615814
			vertex 10 0.80680000782013 0.89999997615814
			vertex 5 2.4203999042511 0.89999997615814
		endloop
	endfacet
	facet normal 0 1 0
		outer loop
			vertex 5 2.4203999042511 0.54000002145767
			vertex 5 2.4203999042511 0.89999997615814
			vertex 10 2.4203999042511 0.89999997615814
		endloop
	endfacet
	facet normal 0 -1 0
		outer loop
			vertex 5 0.80680000782013 0.89999997615814
			vertex 10 0.80680000782013 0.54000002145767
			vertex 10 0.80680000782013 0.89999997615814
		endloop
	endfacet
	facet normal -0 0 1
		outer loop
			vertex 5 2.4203999042511 0.89999997615814
			vertex 10 0.80680000782013 0.89999997615814
			vertex 10 2.4203999042511 0.89999997615814
		endloop
	endfacet
	facet normal 0 1 0
		outer loop
			vertex 5 2.4203999042511 0.54000002145767
			vertex 10 2.4203999042511 0.89999997615814
			vertex 10 2.4203999042511 0.54000002145767
		endloop
	endfacet
	facet normal 1 0 0
		outer loop
			vertex 10 0.80680000782013 0.54000002145767
			vertex 10 2.4203999042511 0.54000002145767
			vertex 10 0.80680000782013 0.89999997615814
		endloop
	endfacet
	facet normal 1 -0 0
		outer loop
			vertex 10 0.80680000782013 0.89999997615814
			vertex 10 2.4203999042511 0.54000002145767
			vertex 10 2.4203999042511 0.89999997615814
		endloop
	endfacet
	facet normal 0 -1 0
		outer loop
			vertex 4.7300000190735 0 0.18000000715256
			vertex 5.1620001792908 0 0.36000001430511
			vertex 4.8379998207092 0 0.36000001430511
		endloop
	endfacet
	facet normal 0 0 1
		outer loop
			vertex 4.8379998207092 0 0.36000001430511
			vertex 5 0.36000001430511 0.36000001430511
			vertex 4.8379998207092 0.36000001430511 0.36000001430511
		endloop
	endfacet
	facet normal -0.85749335163379 0 0.51449504555812
		outer loop
			vertex 4.7300000190735 0 0.18000000715256
			vertex 4.8379998207092 0 0.36000001430511
			vertex 4.7300000190735 1.6136000156403 0.18000000715256
		endloop
	endfacet
	facet normal -0.85749335163379 0 0.51449504555812
		outer loop
			vertex 4.8379998207092 0 0.36000001430511
			vertex 4.8379998207092 0.36000001430511 0.36000001430511
			vertex 4.7300000190735 1.6136000156403 0.18000000715256
		endloop
	endfacet
	facet normal 0 0 1
		outer loop
			vertex 4.8379998207092 0 0.36000001430511
			vertex 5.1620001792908 0 0.36000001430511
			vertex 5 0.36000001430511 0.36000001430511
		endloop
	endfacet
	facet normal 0 -1 0
		outer loop
			vertex 4.7300000190735 0 0.18000000715256
			vertex 5.2699999809265 0 0.18000000715256
			vertex 5.1620001792908 0 0.36000001430511
		endloop
	endfacet
	facet normal -0 0 1
		outer loop
			vertex 5 0.36000001430511 0.36000001430511
			vertex 5.1620001792908 0 0.36000001430511
			vertex 5 0.80680000782013 0.36000001430511
		endloop
	endfacet
	facet normal 0 0 -1
		outer loop
			vertex 4.7300000190735 0 0.18000000715256
			vertex 5.2699999809265 1.6136000156403 0.18000000715256
			vertex 5.2699999809265 0 0.18000000715256
		endloop
	endfacet
	facet normal -0 0 1
		outer loop
			vertex 5 0.80680000782013 0.36000001430511
			vertex 5.1620001792908 0 0.36000001430511
			vertex 5.1620001792908 0.80680000782013 0.36000001430511
		endloop
	endfacet
	facet normal 0.85749335163379 -0 0.51449504555812
		outer loop
			vertex 5.1620001792908 0 0.36000001430511
			vertex 5.2699999809265 0 0.18000000715256
			vertex 5.1620001792908 0.80680000782013 0.36000001430511
		endloop
	endfacet
	facet normal 0 0 -1
		outer loop
			vertex 4.7300000190735 0 0.18000000715256
			vertex 4.7300000190735 1.6136000156403 0.18000000715256
			vertex 4.9099998474121 1.6136000156403 0.18000000715256
		endloop
	endfacet
	facet normal -0.85749335163379 0 0.51449504555812
		outer loop
			vertex 4.8379998207092 0.36000001430511 0.36000001430511
			vertex 4.8379998207092 1.6136000156403 0.36000001430511
			vertex 4.7300000190735 1.6136000156403 0.18000000715256
		endloop
	endfacet
	facet normal 0 0 -1
		outer loop
			vertex 4.7300000190735 0 0.18000000715256
			vertex 4.9099998474121 1.6136000156403 0.18000000715256
			vertex 5.2699999809265 1.6136000156403 0.18000000715256
		endloop
	endfacet
	facet normal 0 1 0
		outer loop
			vertex 4.7300000190735 1.6136000156403 0.18000000715256
			vertex 4.8379998207092 1.6136000156403 0.36000001430511
			vertex 4.9099998474121 1.6136000156403 0.18000000715256
		endloop
	endfacet
	facet normal 0 1 0
		outer loop
			vertex 4.8379998207092 1.6136000156403 0.36000001430511
			vertex 5 1.6136000156403 0.35458332300186
			vertex 4.9099998474121 1.6136000156403 0.18000000715256
		endloop
	endfacet
	facet normal 0 1 0
		outer loop
			vertex 4.9099998474121 1.6136000156403 0.18000000715256
			vertex 5 1.6136000156403 0.35458332300186
			vertex 5.0029997825623 1.6136000156403 0.36000001430511
		endloop
	endfacet
	facet normal 0 1 0
		outer loop
			vertex 4.9099998474121 1.6136000156403 0.18000000715256
			vertex 5.0029997825623 1.6136000156403 0.36000001430511
			vertex 5.018000125885 1.6136000156403 0.36000001430511
		endloop
	endfacet
	facet normal -0 1 0
		outer loop
			vertex 4.8379998207092 1.6136000156403 0.36000001430511
			vertex 5 1.6136000156403 0.36000001430511
			vertex 5 1.6136000156403 0.35458332300186
		endloop
	endfacet
	facet normal 0.85749335163379 0 0.51449504555812
		outer loop
			vertex 5.2699999809265 0 0.18000000715256
			vertex 5.1620001792908 1.6136000156403 0.36000001430511
			vertex 5.1620001792908 0.80680000782013 0.36000001430511
		endloop
	endfacet
	facet normal 0.85749335163379 -0 0.51449504555812
		outer loop
			vertex 5.2699999809265 0 0.18000000715256
			vertex 5.2699999809265 1.6136000156403 0.18000000715256
			vertex 5.1620001792908 1.6136000156403 0.36000001430511
		endloop
	endfacet
	facet normal 0 0 -1
		outer loop
			vertex 5 0.18000000715256 5.1194000244141
			vertex 5 0.33000001311302 5.1194000244141
			vertex 5.018000125885 0.36000001430511 5.1194000244141
		endloop
	endfacet
	facet normal 0 0 -1
		outer loop
			vertex 5 0.18000000715256 5.1194000244141
			vertex 5 0.33000001311302 5.1194000244141
			vertex 5.1916851997375 0.18000000715256 5.1194000244141
		endloop
	endfacet
	facet normal 0 0 -1
		outer loop
			vertex 5 0.18000000715256 5.1194000244141
			vertex 5 0.36000001430511 5.1194000244141
			vertex 5.1770000457764 0.36000001430511 5.1194000244141
		endloop
	endfacet
	facet normal 0 0 -1
		outer loop
			vertex 5 0.18000000715256 5.1194000244141
			vertex 5.018000125885 0.36000001430511 5.1194000244141
			vertex 5.1770000457764 0.36000001430511 5.1194000244141
		endloop
	endfacet
	facet normal 0 0 -1
		outer loop
			vertex 5 0.33000001311302 5.1194000244141
			vertex 5.018000125885 0.36000001430511 5.1194000244141
			vertex 5.1916851997375 0.18000000715256 5.1194000244141
		endloop
	endfacet
	facet normal 0 0 -1
		outer loop
			vertex 5 0.18000000715256 5.1194000244141
			vertex 5.1770000457764 0.36000001430511 5.1194000244141
			vertex 5.2766923904419 0.18000000715256 5.1194000244141
		endloop
	endfacet
	facet normal 0 0 -1
		outer loop
			vertex 5 0.18000000715256 5.1194000244141
			vertex 5.1770000457764 0.36000001430511 5.1194000244141
			vertex 5.2766923904419 0.18000000715256 5.1194000244141
		endloop
	endfacet
	facet normal 0 0 -1
		outer loop
			vertex 5.018000125885 0.36000001430511 5.1194000244141
			vertex 5.1729888916016 0.36000001430511 5.1194000244141
			vertex 5.1916851997375 0.18000000715256 5.1194000244141
		endloop
	endfacet
	facet normal 0 0 -1
		outer loop
			vertex 5.1916851997375 0.18000000715256 5.1194000244141
			vertex 5.1729888916016 0.36000001430511 5.1194000244141
			vertex 5.1770000457764 0.36000001430511 5.1194000244141
		endloop
	endfacet
	facet normal 0 0 -1
		outer loop
			vertex 5.1916851997375 0.18000000715256 5.1194000244141
			vertex 5.1770000457764 0.36000001430511 5.1194000244141
			vertex 5.3420000076294 0.36000001430511 5.1194000244141
		endloop
	endfacet
	facet normal 0 0 -1
		outer loop
			vertex 5.1916851997375 0.18000000715256 5.1194000244141
			vertex 5.3420000076294 0.36000001430511 5.1194000244141
			vertex 5.2766923904419 0.18000000715256 5.1194000244141
		endloop
	endfacet
	facet normal 0 0 -1
		outer loop
			vertex 5.2766923904419 0.18000000715256 5.1194000244141
			vertex 5.3420000076294 0.36000001430511 5.1194000244141
			vertex 5.4499998092651 0.18000000715256 5.1194000244141
		endloop
	endfacet
	facet normal -0.99998663219544 0 0.0051706315296373
		outer loop
			vertex 5 0.18000000715256 5.1194000244141
			vertex 5.018000125885 0.36000001430511 8.6005773544312
			vertex 5 0.33000001311302 5.1194000244141
		endloop
	endfacet
	facet normal -1 0 0
		outer loop
			vertex 5 0.18000000715256 5.1194000244141
			vertex 5 0.36000001430511 8.5982789993286
			vertex 5 0.36000001430511 5.1194000244141
		endloop
	endfacet
	facet normal -1 0 0
		outer loop
			vertex 5 0.18000000715256 5.1194000244141
			vertex 5 0.36000001430511 8.5982789993286
			vertex 5 0.36000001430511 5.1194000244141
		endloop
	endfacet
	facet normal -1 0 0
		outer loop
			vertex 5 0.18000000715256 5.1194000244141
			vertex 5 0.33000001311302 8.6240940093994
			vertex 5 0.33000001311302 5.1194000244141
		endloop
	endfacet
	facet normal 0 -1 0
		outer loop
			vertex 5 0.18000000715256 5.1194000244141
			vertex 5.2766923904419 0.18000000715256 5.1194000244141
			vertex 5 0.18000000715256 8.7531671524048
		endloop
	endfacet
	facet normal -0.044554332712125 -0.99896380927625 0.0092854290622808
		outer loop
			vertex 5 0.18000000715256 5.1194000244141
			vertex 5.2766923904419 0.18000000715256 6.4470548629761
			vertex 5 0.21350808441639 8.7243337631226
		endloop
	endfacet
	facet normal -0.86465176377065 0.50191220683481 -0.021481714049612
		outer loop
			vertex 5 0.18000000715256 5.1194000244141
			vertex 5 0.33000001311302 8.6240940093994
			vertex 5.0023770332336 0.33396202325821 8.6209878921509
		endloop
	endfacet
	facet normal -0.86463084758497 0.50194816945337 -0.021483309496003
		outer loop
			vertex 5 0.18000000715256 5.1194000244141
			vertex 5.0023770332336 0.33396202325821 8.6209878921509
			vertex 5.018000125885 0.36000001430511 8.6005773544312
		endloop
	endfacet
	facet normal -1 0 0
		outer loop
			vertex 5 0.18000000715256 5.1194000244141
			vertex 5 0.21350808441639 8.7243337631226
			vertex 5 0.36000001430511 8.5982789993286
		endloop
	endfacet
	facet normal -1 0 0
		outer loop
			vertex 5 0.18000000715256 5.1194000244141
			vertex 5 0.18000000715256 8.7531671524048
			vertex 5 0.33000001311302 8.6240940093994
		endloop
	endfacet
	facet normal -1 0 0
		outer loop
			vertex 5 0.18000000715256 5.1194000244141
			vertex 5 0.21350808441639 8.7243337631226
			vertex 5 0.33000001311302 8.6240940093994
		endloop
	endfacet
	facet normal -1 0 0
		outer loop
			vertex 5 0.18000000715256 5.1194000244141
			vertex 5 0.18000000715256 8.7531671524048
			vertex 5 0.36000001430511 8.5982789993286
		endloop
	endfacet
	facet normal 0.73209193061338 -0.67892113137624 0.055744977366407
		outer loop
			vertex 5.2766923904419 0.18000000715256 5.1194000244141
			vertex 5.1770000457764 0.36000001430511 8.6208772659302
			vertex 5 0.18000000715256 8.7531671524048
		endloop
	endfacet
	facet normal -1 -0 0
		outer loop
			vertex 5 0.21350808441639 8.7243337631226
			vertex 5 0.18000000715256 5.1194000244141
			vertex 5 0.18000000715256 8.7531671524048
		endloop
	endfacet
	facet normal -0.044554699878541 -0.9989637933172 0.0092853842162541
		outer loop
			vertex 5.2766923904419 0.18000000715256 6.4470548629761
			vertex 5.0431742668152 0.21164858341217 8.7314462661743
			vertex 5 0.21350808441639 8.7243337631226
		endloop
	endfacet
	facet normal -0.99481578754505 8.4251971389967e-07 -0.10169340613043
		outer loop
			vertex 5.2766923904419 0.18000000715256 6.4470548629761
			vertex 5.0404262542725 0.18000000715256 8.7583284378052
			vertex 5.0431742668152 0.21164858341217 8.7314462661743
		endloop
	endfacet
	facet normal -0.89281387322081 -0.45042008974403 -0.0022650694117544
		outer loop
			vertex 5.2766923904419 0.18000000715256 5.1194000244141
			vertex 5.2673869132996 0.18000000715256 8.7873048782349
			vertex 5.1770000457764 0.36000001430511 8.6208772659302
		endloop
	endfacet
	facet normal 0 -1 0
		outer loop
			vertex 5 0.18000000715256 5.1194000244141
			vertex 5.5541481971741 0.18000000715256 8.8239164352417
			vertex 5 0.18000000715256 8.7531671524048
		endloop
	endfacet
	facet normal 0 -1 0
		outer loop
			vertex 5.2766923904419 0.18000000715256 5.1194000244141
			vertex 5.2766923904419 0.18000000715256 8.7884931564331
			vertex 5.2673869132996 0.18000000715256 8.7873048782349
		endloop
	endfacet
	facet normal 0 1 0
		outer loop
			vertex 5 0.54000002145767 5.1194000244141
			vertex 5 0.54000002145767 8.4433908462524
			vertex 5.5713291168213 0.54000002145767 8.5163335800171
		endloop
	endfacet
	facet normal 0 1 0
		outer loop
			vertex 5 0.54000002145767 5.1194000244141
			vertex 5.5713291168213 0.54000002145767 8.5163335800171
			vertex 6.1129555702209 0.54000002145767 8.7303600311279
		endloop
	endfacet
	facet normal 0 0 -1
		outer loop
			vertex 5 0.18000000715256 5.1194000244141
			vertex 5 0.36000001430511 5.1194000244141
			vertex 10 0.18000000715256 5.1194000244141
		endloop
	endfacet
	facet normal 0 0 -1
		outer loop
			vertex 5 0.36000001430511 5.1194000244141
			vertex 5 0.54000002145767 5.1194000244141
			vertex 10 0.18000000715256 5.1194000244141
		endloop
	endfacet
	facet normal 0 1 0
		outer loop
			vertex 5 0.54000002145767 5.1194000244141
			vertex 6.1129555702209 0.54000002145767 8.7303600311279
			vertex 6.5978255271912 0.54000002145767 9.0716867446899
		endloop
	endfacet
	facet normal 0 1 0
		outer loop
			vertex 5 0.54000002145767 5.1194000244141
			vertex 6.5978255271912 0.54000002145767 9.0716867446899
			vertex 7.0037136077881 0.54000002145767 9.5192499160767
		endloop
	endfacet
	facet normal 0 1 0
		outer loop
			vertex 5 0.54000002145767 5.1194000244141
			vertex 7.0037136077881 0.54000002145767 9.5192499160767
			vertex 7.3146057128906 0.54000002145767 10.047113418579
		endloop
	endfacet
	facet normal 0 -1 0
		outer loop
			vertex 5 0.18000000715256 5.1194000244141
			vertex 10 0.18000000715256 5.1194000244141
			vertex 5.5541481971741 0.18000000715256 8.8239164352417
		endloop
	endfacet
	facet normal 0 -1 0
		outer loop
			vertex 10 0.18000000715256 5.1194000244141
			vertex 6.0794868469238 0.18000000715256 9.0315065383911
			vertex 5.5541481971741 0.18000000715256 8.8239164352417
		endloop
	endfacet
	facet normal 0 1 0
		outer loop
			vertex 5 0.54000002145767 5.1194000244141
			vertex 7.3146057128906 0.54000002145767 10.047113418579
			vertex 10 0.54000002145767 14.638199806213
		endloop
	endfacet
	facet normal 0 1 0
		outer loop
			vertex 5 0.54000002145767 14.638199806213
			vertex 5.4607753753662 0.54000002145767 14.507774353027
			vertex 5 0.54000002145767 14.555017471313
		endloop
	endfacet
	facet normal -1 -0 -0
		outer loop
			vertex 5 0.54000002145767 14.638199806213
			vertex 5 0.54000002145767 14.555017471313
			vertex 5 0.30231428146362 14.638199806213
		endloop
	endfacet
	facet normal 0 0 1
		outer loop
			vertex 5 0.54000002145767 14.638199806213
			vertex 5 0.30231428146362 14.638199806213
			vertex 5.3701062202454 0.19785451889038 14.638199806213
		endloop
	endfacet
	facet normal 0 0 1
		outer loop
			vertex 5.3701062202454 0.19785451889038 14.638199806213
			vertex 5 0.30231428146362 14.638199806213
			vertex 5.3542866706848 0.1985182762146 14.638199806213
		endloop
	endfacet
	facet normal 0 0 1
		outer loop
			vertex 5 0.54000002145767 14.638199806213
			vertex 5.3701062202454 0.19785451889038 14.638199806213
			vertex 10 0.18000000715256 14.638199806213
		endloop
	endfacet
	facet normal 0 0 1
		outer loop
			vertex 5.3701062202454 0.19785451889038 14.638199806213
			vertex 5.5090861320496 0.18000000715256 14.638199806213
			vertex 10 0.18000000715256 14.638199806213
		endloop
	endfacet
	facet normal 0 -1 -0
		outer loop
			vertex 5.5090861320496 0.18000000715256 14.638199806213
			vertex 5.4963264465332 0.18000000715256 14.61964225769
			vertex 10 0.18000000715256 14.638199806213
		endloop
	endfacet
	facet normal -0 1 0
		outer loop
			vertex 5 0.54000002145767 14.638199806213
			vertex 10 0.54000002145767 14.638199806213
			vertex 5.4607753753662 0.54000002145767 14.507774353027
		endloop
	endfacet
	facet normal 0 -1 0
		outer loop
			vertex 10 0.18000000715256 14.638199806213
			vertex 5.4963264465332 0.18000000715256 14.61964225769
			vertex 5.8816123008728 0.18000000715256 14.49845123291
		endloop
	endfacet
	facet normal 0 1 0
		outer loop
			vertex 10 0.54000002145767 14.638199806213
			vertex 5.9089460372925 0.54000002145767 14.36680316925
			vertex 5.4607753753662 0.54000002145767 14.507774353027
		endloop
	endfacet
	facet normal 0 -1 0
		outer loop
			vertex 10 0.18000000715256 14.638199806213
			vertex 5.8816123008728 0.18000000715256 14.49845123291
			vertex 6.2917447090149 0.18000000715256 14.273090362549
		endloop
	endfacet
	facet normal 0 1 0
		outer loop
			vertex 10 0.54000002145767 14.638199806213
			vertex 6.3317942619324 0.54000002145767 14.134454727173
			vertex 5.9089460372925 0.54000002145767 14.36680316925
		endloop
	endfacet
	facet normal 0 0 -1
		outer loop
			vertex 5 0.54000002145767 5.1194000244141
			vertex 10 0.54000002145767 5.1194000244141
			vertex 10 0.18000000715256 5.1194000244141
		endloop
	endfacet
	facet normal 0 -1 0
		outer loop
			vertex 10 0.18000000715256 5.1194000244141
			vertex 6.5497760772705 0.18000000715256 9.3625688552856
			vertex 6.0794868469238 0.18000000715256 9.0315065383911
		endloop
	endfacet
	facet normal 0 -1 0
		outer loop
			vertex 10 0.18000000715256 5.1194000244141
			vertex 6.9434580802917 0.18000000715256 9.7966728210449
			vertex 6.5497760772705 0.18000000715256 9.3625688552856
		endloop
	endfacet
	facet normal 0 -1 0
		outer loop
			vertex 10 0.18000000715256 5.1194000244141
			vertex 7.2450013160706 0.18000000715256 10.308663368225
			vertex 6.9434580802917 0.18000000715256 9.7966728210449
		endloop
	endfacet
	facet normal 0 -1 0
		outer loop
			vertex 10 0.18000000715256 5.1194000244141
			vertex 7.4453573226929 0.18000000715256 10.871189117432
			vertex 7.2450013160706 0.18000000715256 10.308663368225
		endloop
	endfacet
	facet normal 0 1 0
		outer loop
			vertex 5 0.54000002145767 5.1194000244141
			vertex 10 0.54000002145767 14.638199806213
			vertex 10 0.54000002145767 5.1194000244141
		endloop
	endfacet
	facet normal 0 -1 0
		outer loop
			vertex 10 0.18000000715256 5.1194000244141
			vertex 7.5416340827942 0.18000000715256 11.457012176514
			vertex 7.4453573226929 0.18000000715256 10.871189117432
		endloop
	endfacet
	facet normal 0 -1 0
		outer loop
			vertex 10 0.18000000715256 5.1194000244141
			vertex 7.5362138748169 0.18000000715256 12.040784835815
			vertex 7.5416340827942 0.18000000715256 11.457012176514
		endloop
	endfacet
	facet normal 0 1 0
		outer loop
			vertex 10 0.54000002145767 14.638199806213
			vertex 7.3146057128906 0.54000002145767 10.047113418579
			vertex 7.5211734771729 0.54000002145767 10.627079963684
		endloop
	endfacet
	facet normal 0 1 0
		outer loop
			vertex 10 0.54000002145767 14.638199806213
			vertex 7.5211734771729 0.54000002145767 10.627079963684
			vertex 7.6204357147217 0.54000002145767 11.231066703796
		endloop
	endfacet
	facet normal 0 -1 0
		outer loop
			vertex 10 0.18000000715256 5.1194000244141
			vertex 10 0.18000000715256 14.638199806213
			vertex 7.5362138748169 0.18000000715256 12.040784835815
		endloop
	endfacet
	facet normal 1 0 0
		outer loop
			vertex 10 0.18000000715256 5.1194000244141
			vertex 10 0.54000002145767 5.1194000244141
			vertex 10 0.18000000715256 14.638199806213
		endloop
	endfacet
	facet normal 1 0 -0
		outer loop
			vertex 10 0.54000002145767 5.1194000244141
			vertex 10 0.54000002145767 14.638199806213
			vertex 10 0.18000000715256 14.638199806213
		endloop
	endfacet
	facet normal 0 1 0
		outer loop
			vertex 10 0.54000002145767 14.638199806213
			vertex 7.6204357147217 0.54000002145767 11.231066703796
			vertex 7.6148471832275 0.54000002145767 11.832939147949
		endloop
	endfacet
	facet normal 0 -1 0
		outer loop
			vertex 10 0.18000000715256 14.638199806213
			vertex 7.4355874061584 0.18000000715256 12.60020160675
			vertex 7.5362138748169 0.18000000715256 12.040784835815
		endloop
	endfacet
	facet normal 0 1 0
		outer loop
			vertex 10 0.54000002145767 14.638199806213
			vertex 7.6148471832275 0.54000002145767 11.832939147949
			vertex 7.511100769043 0.54000002145767 12.409699440002
		endloop
	endfacet
	facet normal 0 1 0
		outer loop
			vertex 10 0.54000002145767 14.638199806213
			vertex 7.511100769043 0.54000002145767 12.409699440002
			vertex 7.3188881874084 0.54000002145767 12.942046165466
		endloop
	endfacet
	facet normal 0 -1 0
		outer loop
			vertex 10 0.18000000715256 14.638199806213
			vertex 6.2917447090149 0.18000000715256 14.273090362549
			vertex 6.6648087501526 0.18000000715256 13.963140487671
		endloop
	endfacet
	facet normal 0 1 0
		outer loop
			vertex 10 0.54000002145767 14.638199806213
			vertex 6.7164244651794 0.54000002145767 13.814895629883
			vertex 6.3317942619324 0.54000002145767 14.134454727173
		endloop
	endfacet
	facet normal 0 -1 0
		outer loop
			vertex 10 0.18000000715256 14.638199806213
			vertex 6.6648087501526 0.18000000715256 13.963140487671
			vertex 6.9881525039673 0.18000000715256 13.574736595154
		endloop
	endfacet
	facet normal 0 1 0
		outer loop
			vertex 10 0.54000002145767 14.638199806213
			vertex 7.0497937202454 0.54000002145767 13.414449691772
			vertex 6.7164244651794 0.54000002145767 13.814895629883
		endloop
	endfacet
	facet normal 0 -1 0
		outer loop
			vertex 10 0.18000000715256 14.638199806213
			vertex 6.9881525039673 0.18000000715256 13.574736595154
			vertex 7.2491545677185 0.18000000715256 13.116539001465
		endloop
	endfacet
	facet normal 0 1 0
		outer loop
			vertex 10 0.54000002145767 14.638199806213
			vertex 7.3188881874084 0.54000002145767 12.942046165466
			vertex 7.0497937202454 0.54000002145767 13.414449691772
		endloop
	endfacet
	facet normal 0 -1 0
		outer loop
			vertex 10 0.18000000715256 14.638199806213
			vertex 7.2491545677185 0.18000000715256 13.116539001465
			vertex 7.4355874061584 0.18000000715256 12.60020160675
		endloop
	endfacet
	facet normal -0 0 1
		outer loop
			vertex 5 0.54000002145767 14.638199806213
			vertex 10 0.18000000715256 14.638199806213
			vertex 10 0.54000002145767 14.638199806213
		endloop
	endfacet
	facet normal -0 -0.50000058515845 -0.86602506594279
		outer loop
			vertex 10 0.54558455944061 10.463780403137
			vertex 7.4655356407166 0.54558455944061 10.463780403137
			vertex 7.5423798561096 0.85735374689102 10.283780097961
		endloop
	endfacet
	facet normal 0 -0.86602438022598 0.50000177285107
		outer loop
			vertex 10 0.54558455944061 10.463780403137
			vertex 7.5362882614136 0.61176913976669 10.578414916992
			vertex 7.4655356407166 0.54558455944061 10.463780403137
		endloop
	endfacet
	facet normal -1.3613579903157e-07 -0.86602564714119 0.49999957849348
		outer loop
			vertex 10 0.54558455944061 10.463780403137
			vertex 7.6925091743469 0.86926490068436 11.024411201477
			vertex 7.5362882614136 0.61176913976669 10.578414916992
		endloop
	endfacet
	facet normal 0 0.86602688040389 -0.49999744241137
		outer loop
			vertex 10 0.85735374689102 10.283780097961
			vertex 7.5423798561096 0.85735374689102 10.283780097961
			vertex 7.5992031097412 0.91050815582275 10.375846862793
		endloop
	endfacet
	facet normal -1.3981781127461e-07 0.86602530164655 -0.50000017690795
		outer loop
			vertex 10 0.85735374689102 10.283780097961
			vertex 7.5992031097412 0.91050815582275 10.375846862793
			vertex 7.7592992782593 1.1743913888931 10.832905769348
		endloop
	endfacet
	facet normal -8.0967160953071e-08 -0.86602554881808 0.49999974879427
		outer loop
			vertex 10 0.54558455944061 10.463780403137
			vertex 7.745258808136 1.1370515823364 11.488231658936
			vertex 7.6925091743469 0.86926490068436 11.024411201477
		endloop
	endfacet
	facet normal -1.6036266057535e-08 0.86602533642172 -0.50000011667563
		outer loop
			vertex 10 1.6367536783218 11.63374042511
			vertex 7.7592992782593 1.1743913888931 10.832905769348
			vertex 7.8133573532104 1.4488208293915 11.30823135376
		endloop
	endfacet
	facet normal 0 -0.50000058515845 -0.86602506594279
		outer loop
			vertex 10 0.54558455944061 10.463780403137
			vertex 7.5423798561096 0.85735374689102 10.283780097961
			vertex 10 0.85735374689102 10.283780097961
		endloop
	endfacet
	facet normal 8.0763741720492e-08 -0.86602539468389 0.5000000157626
		outer loop
			vertex 10 0.54558455944061 10.463780403137
			vertex 10 1.3249845504761 11.813740730286
			vertex 7.745258808136 1.1370515823364 11.488231658936
		endloop
	endfacet
	facet normal -7.7791417045978e-08 0.86602541124122 -0.49999998708446
		outer loop
			vertex 10 0.85735374689102 10.283780097961
			vertex 7.7592992782593 1.1743913888931 10.832905769348
			vertex 10 1.6367536783218 11.63374042511
		endloop
	endfacet
	facet normal 0 -0.86602515244117 0.50000043533906
		outer loop
			vertex 10 1.3249845504761 11.813740730286
			vertex 7.7082390785217 1.3249845504761 11.813740730286
			vertex 7.745258808136 1.1370515823364 11.488231658936
		endloop
	endfacet
	facet normal 0 0.50000065685172 0.86602502455059
		outer loop
			vertex 10 1.3249845504761 11.813740730286
			vertex 7.7763376235962 1.6367536783218 11.63374042511
			vertex 7.7082390785217 1.3249845504761 11.813740730286
		endloop
	endfacet
	facet normal 0 0.86602528977526 -0.50000019746963
		outer loop
			vertex 10 1.6367536783218 11.63374042511
			vertex 7.8133573532104 1.4488208293915 11.30823135376
			vertex 7.7763376235962 1.6367536783218 11.63374042511
		endloop
	endfacet
	facet normal 0 0.50000065685172 0.86602502455059
		outer loop
			vertex 10 1.3249845504761 11.813740730286
			vertex 10 1.6367536783218 11.63374042511
			vertex 7.7763376235962 1.6367536783218 11.63374042511
		endloop
	endfacet
	facet normal 1 -0 0
		outer loop
			vertex 10 0.54558455944061 10.463780403137
			vertex 10 0.85735374689102 10.283780097961
			vertex 10 1.3249845504761 11.813740730286
		endloop
	endfacet
	facet normal 1 0 0
		outer loop
			vertex 10 0.85735374689102 10.283780097961
			vertex 10 1.6367536783218 11.63374042511
			vertex 10 1.3249845504761 11.813740730286
		endloop
	endfacet
	facet normal 0 1 0
		outer loop
			vertex 5 0.36000001430511 5.1194000244141
			vertex 5 0.36000001430511 8.5982789993286
			vertex 5.1770000457764 0.36000001430511 5.1194000244141
		endloop
	endfacet
	facet normal 0.87477910436218 0.4844932028495 0.0052777802088142
		outer loop
			vertex 5.1558909416199 0.36000001430511 8.618182182312
			vertex 5.2766923904419 0.18000000715256 5.1194000244141
			vertex 5.1770000457764 0.36000001430511 5.1194000244141
		endloop
	endfacet
	facet normal 0.87479128808691 0.48449995076082 -0
		outer loop
			vertex 5.1770000457764 0.36000001430511 5.1194000244141
			vertex 5.1770000457764 0.36000001430511 8.6208772659302
			vertex 5.2766923904419 0.18000000715256 5.1194000244141
		endloop
	endfacet
	facet normal 0.87479128808691 0.48449995076082 -0
		outer loop
			vertex 5.2766923904419 0.18000000715256 5.1194000244141
			vertex 5.1770000457764 0.36000001430511 8.6208772659302
			vertex 5.2766923904419 0.18000000715256 6.4470548629761
		endloop
	endfacet
	facet normal 0 1 -0
		outer loop
			vertex 5.1770000457764 0.36000001430511 5.1194000244141
			vertex 5 0.36000001430511 8.5982789993286
			vertex 5.1770000457764 0.36000001430511 8.6208772659302
		endloop
	endfacet
	facet normal 0.0065379219383991 0.99866946204154 -0.051152332912404
		outer loop
			vertex 5.1764702796936 0.36000001430511 8.6208095550537
			vertex 5.1770000457764 0.36000001430511 8.6208772659302
			vertex 5.2766923904419 0.18000000715256 5.1194000244141
		endloop
	endfacet
	facet normal 0.0065306665977952 0.99866949877941 -0.051152542473256
		outer loop
			vertex 5.1558909416199 0.36000001430511 8.618182182312
			vertex 5.1764702796936 0.36000001430511 8.6208095550537
			vertex 5.2766923904419 0.18000000715256 5.1194000244141
		endloop
	endfacet
	facet normal 0.87479145895782 0.48449964224388 2.0724845091164e-08
		outer loop
			vertex 5.2685642242432 0.19467571377754 8.774827003479
			vertex 5.2766923904419 0.18000000715256 5.1194000244141
			vertex 5.1770000457764 0.36000001430511 8.6208772659302
		endloop
	endfacet
	facet normal 0.87478927104978 0.48450359261432 -0
		outer loop
			vertex 5.2766923904419 0.18000000715256 5.1194000244141
			vertex 5.2685642242432 0.19467571377754 8.774827003479
			vertex 5.2766923904419 0.18000000715256 8.7884931564331
		endloop
	endfacet
	facet normal 0.82372772266084 -0.5606980380544 0.084204210357536
		outer loop
			vertex 5.2766923904419 0.18000000715256 6.4470548629761
			vertex 5.1770000457764 0.36000001430511 8.6208772659302
			vertex 5.0404262542725 0.18000000715256 8.7583284378052
		endloop
	endfacet
	facet normal 0.096325403323823 -0.64921866477222 -0.75447766168779
		outer loop
			vertex 5.1770000457764 0.36000001430511 8.6208772659302
			vertex 5.2673869132996 0.18000000715256 8.7873048782349
			vertex 5.0404262542725 0.18000000715256 8.7583284378052
		endloop
	endfacet
	facet normal -0.041769244967545 -0.99550033839316 0.085055313966476
		outer loop
			vertex 5.3701062202454 0.19785451889038 14.638199806213
			vertex 5.3542866706848 0.1985182762146 14.638199806213
			vertex 5.3700609207153 0.19774144887924 14.636854171753
		endloop
	endfacet
	facet normal -0.12693366467782 -0.98806225885807 0.087297293152414
		outer loop
			vertex 5.3701062202454 0.19785451889038 14.638199806213
			vertex 5.3700609207153 0.19774144887924 14.636854171753
			vertex 5.4472060203552 0.18745023012161 14.632546424866
		endloop
	endfacet
	facet normal -0.12693480536463 -0.9880633149484 0.087283680262802
		outer loop
			vertex 5.3701062202454 0.19785451889038 14.638199806213
			vertex 5.4472060203552 0.18745023012161 14.632546424866
			vertex 5.5090861320496 0.18000000715256 14.638199806213
		endloop
	endfacet
	facet normal -0.12693424830011 -0.98806400551856 0.087276672754576
		outer loop
			vertex 5.5090861320496 0.18000000715256 14.638199806213
			vertex 5.4472060203552 0.18745023012161 14.632546424866
			vertex 5.4963264465332 0.18000000715256 14.61964225769
		endloop
	endfacet
	facet normal 0 0 -1
		outer loop
			vertex 3.333300113678 10.408900260925 0.36000001430511
			vertex 3.6752998828888 11.295299530029 0.36000001430511
			vertex 3.6933000087738 10.408900260925 0.36000001430511
		endloop
	endfacet
	facet normal 0 0 -1
		outer loop
			vertex 3.333300113678 10.408900260925 0.36000001430511
			vertex 3.3513000011444 11.295299530029 0.36000001430511
			vertex 3.6752998828888 11.295299530029 0.36000001430511
		endloop
	endfacet
	facet normal 0 0 -1
		outer loop
			vertex 3.333300113678 10.408900260925 0.36000001430511
			vertex 3.333300113678 12.908900260925 0.36000001430511
			vertex 3.3513000011444 11.295299530029 0.36000001430511
		endloop
	endfacet
	facet normal 0 0 -1
		outer loop
			vertex 3.6933000087738 10.408900260925 0.36000001430511
			vertex 3.6752998828888 11.295299530029 0.36000001430511
			vertex 3.6933000087738 12.908900260925 0.36000001430511
		endloop
	endfacet
	facet normal 1 0 0
		outer loop
			vertex 3.6933000087738 10.408900260925 0.36000001430511
			vertex 3.6933000087738 12.102100372314 0.54000002145767
			vertex 3.6933000087738 12.102100372314 0.89999997615814
		endloop
	endfacet
	facet normal 0 -0.8660253969183 0.5000000118925
		outer loop
			vertex 3.333300113678 10.408900260925 0.36000001430511
			vertex 3.6933000087738 10.408900260925 0.36000001430511
			vertex 3.6933000087738 12.908900260925 4.6901268959045
		endloop
	endfacet
	facet normal 1 0 0
		outer loop
			vertex 3.6933000087738 10.408900260925 0.36000001430511
			vertex 3.6933000087738 12.908900260925 0.36000001430511
			vertex 3.6933000087738 12.102100372314 0.54000002145767
		endloop
	endfacet
	facet normal 0 0 -1
		outer loop
			vertex 3.3513000011444 11.295299530029 0.36000001430511
			vertex 3.333300113678 12.908900260925 0.36000001430511
			vertex 3.3513000011444 12.908900260925 0.36000001430511
		endloop
	endfacet
	facet normal 0 1 0
		outer loop
			vertex 3.3513000011444 12.908900260925 0.36000001430511
			vertex 3.5132999420166 12.908900260925 0.54000002145767
			vertex 3.6752998828888 12.908900260925 0.36000001430511
		endloop
	endfacet
	facet normal 0 0 -1
		outer loop
			vertex 3.6752998828888 11.295299530029 0.36000001430511
			vertex 3.6752998828888 12.908900260925 0.36000001430511
			vertex 3.6933000087738 12.908900260925 0.36000001430511
		endloop
	endfacet
	facet normal 1 -0 0
		outer loop
			vertex 3.6933000087738 12.102100372314 0.54000002145767
			vertex 3.6933000087738 12.908900260925 0.36000001430511
			vertex 3.6933000087738 12.908900260925 0.54000002145767
		endloop
	endfacet
	facet normal 0 1 0
		outer loop
			vertex 3.6752998828888 12.908900260925 0.36000001430511
			vertex 3.6933000087738 12.908900260925 0.54000002145767
			vertex 3.6933000087738 12.908900260925 0.36000001430511
		endloop
	endfacet
	facet normal -0 1 0
		outer loop
			vertex 3.5132999420166 12.908900260925 0.54000002145767
			vertex 3.6933000087738 12.908900260925 0.54000002145767
			vertex 3.6752998828888 12.908900260925 0.36000001430511
		endloop
	endfacet
	facet normal -1 0 0
		outer loop
			vertex 3.333300113678 10.408900260925 0.36000001430511
			vertex 3.333300113678 12.908900260925 4.6901268959045
			vertex 3.333300113678 12.908900260925 0.36000001430511
		endloop
	endfacet
	facet normal 1 0 0
		outer loop
			vertex 3.6933000087738 10.408900260925 0.36000001430511
			vertex 3.6933000087738 12.102100372314 0.89999997615814
			vertex 3.6933000087738 12.908900260925 4.6901268959045
		endloop
	endfacet
	facet normal 0 1 0
		outer loop
			vertex 3.333300113678 12.908900260925 0.36000001430511
			vertex 3.333300113678 12.908900260925 4.6901268959045
			vertex 3.3513000011444 12.908900260925 0.36000001430511
		endloop
	endfacet
	facet normal 0 1 -0
		outer loop
			vertex 3.3513000011444 12.908900260925 0.36000001430511
			vertex 3.333300113678 12.908900260925 4.6901268959045
			vertex 3.5132999420166 12.908900260925 0.54000002145767
		endloop
	endfacet
	facet normal 0 1 -0
		outer loop
			vertex 3.5132999420166 12.908900260925 0.54000002145767
			vertex 3.333300113678 12.908900260925 4.6901268959045
			vertex 3.5132999420166 12.908900260925 0.89999997615814
		endloop
	endfacet
	facet normal 1 0 0
		outer loop
			vertex 3.6933000087738 12.102100372314 0.89999997615814
			vertex 3.6933000087738 12.908900260925 0.89999997615814
			vertex 3.6933000087738 12.908900260925 4.6901268959045
		endloop
	endfacet
	facet normal 0 1 0
		outer loop
			vertex 3.5132999420166 12.908900260925 0.89999997615814
			vertex 3.6933000087738 12.908900260925 4.6901268959045
			vertex 3.6933000087738 12.908900260925 0.89999997615814
		endloop
	endfacet
	facet normal 0 -0.8660253969183 0.5000000118925
		outer loop
			vertex 3.333300113678 10.408900260925 0.36000001430511
			vertex 3.6933000087738 12.908900260925 4.6901268959045
			vertex 3.333300113678 12.908900260925 4.6901268959045
		endloop
	endfacet
	facet normal 0 1 -0
		outer loop
			vertex 3.5132999420166 12.908900260925 0.89999997615814
			vertex 3.333300113678 12.908900260925 4.6901268959045
			vertex 3.6933000087738 12.908900260925 4.6901268959045
		endloop
	endfacet
	facet normal -1 0 0
		outer loop
			vertex 3.5132999420166 12.908900260925 0.54000002145767
			vertex 3.5132999420166 13.715700149536 0.89999997615814
			vertex 3.5132999420166 13.715700149536 0.54000002145767
		endloop
	endfacet
	facet normal 0 0 -1
		outer loop
			vertex 3.5132999420166 12.908900260925 0.54000002145767
			vertex 3.5132999420166 13.715700149536 0.54000002145767
			vertex 3.6933000087738 12.908900260925 0.54000002145767
		endloop
	endfacet
	facet normal -1 0 0
		outer loop
			vertex 3.5132999420166 12.908900260925 0.54000002145767
			vertex 3.5132999420166 12.908900260925 0.89999997615814
			vertex 3.5132999420166 13.715700149536 0.89999997615814
		endloop
	endfacet
	facet normal 0 0 1
		outer loop
			vertex 3.5132999420166 12.908900260925 0.89999997615814
			vertex 3.6933000087738 12.908900260925 0.89999997615814
			vertex 3.5132999420166 13.715700149536 0.89999997615814
		endloop
	endfacet
	facet normal 0 -1 0
		outer loop
			vertex 3.6933000087738 12.102100372314 0.54000002145767
			vertex 4.2333002090454 12.102100372314 0.54000002145767
			vertex 3.6933000087738 12.102100372314 0.89999997615814
		endloop
	endfacet
	facet normal 0 -1 0
		outer loop
			vertex 3.6933000087738 12.102100372314 0.89999997615814
			vertex 4.2333002090454 12.102100372314 0.54000002145767
			vertex 4.2333002090454 12.102100372314 0.89999997615814
		endloop
	endfacet
	facet normal 0 0 -1
		outer loop
			vertex 3.6933000087738 12.102100372314 0.54000002145767
			vertex 3.6933000087738 12.908900260925 0.54000002145767
			vertex 4.2333002090454 12.102100372314 0.54000002145767
		endloop
	endfacet
	facet normal 0 0 -1
		outer loop
			vertex 3.6933000087738 12.908900260925 0.54000002145767
			vertex 3.5132999420166 13.715700149536 0.54000002145767
			vertex 4.2333002090454 12.102100372314 0.54000002145767
		endloop
	endfacet
	facet normal 0 0 1
		outer loop
			vertex 3.6933000087738 12.102100372314 0.89999997615814
			vertex 4.2333002090454 12.102100372314 0.89999997615814
			vertex 3.6933000087738 12.908900260925 0.89999997615814
		endloop
	endfacet
	facet normal -0 -0 1
		outer loop
			vertex 3.6933000087738 12.908900260925 0.89999997615814
			vertex 4.2333002090454 12.102100372314 0.89999997615814
			vertex 3.5132999420166 13.715700149536 0.89999997615814
		endloop
	endfacet
	facet normal 1 0 0
		outer loop
			vertex 4.2333002090454 12.102100372314 0.54000002145767
			vertex 4.2333002090454 13.715700149536 0.54000002145767
			vertex 4.2333002090454 12.102100372314 0.89999997615814
		endloop
	endfacet
	facet normal 0 0 -1
		outer loop
			vertex 3.5132999420166 13.715700149536 0.54000002145767
			vertex 4.2333002090454 13.715700149536 0.54000002145767
			vertex 4.2333002090454 12.102100372314 0.54000002145767
		endloop
	endfacet
	facet normal 0 1 0
		outer loop
			vertex 3.5132999420166 13.715700149536 0.54000002145767
			vertex 4.2333002090454 13.715700149536 0.89999997615814
			vertex 4.2333002090454 13.715700149536 0.54000002145767
		endloop
	endfacet
	facet normal 0 1 0
		outer loop
			vertex 3.5132999420166 13.715700149536 0.54000002145767
			vertex 3.5132999420166 13.715700149536 0.89999997615814
			vertex 4.2333002090454 13.715700149536 0.89999997615814
		endloop
	endfacet
	facet normal -0 0 1
		outer loop
			vertex 3.5132999420166 13.715700149536 0.89999997615814
			vertex 4.2333002090454 12.102100372314 0.89999997615814
			vertex 4.2333002090454 13.715700149536 0.89999997615814
		endloop
	endfacet
	facet normal 1 -0 0
		outer loop
			vertex 4.2333002090454 12.102100372314 0.89999997615814
			vertex 4.2333002090454 13.715700149536 0.54000002145767
			vertex 4.2333002090454 13.715700149536 0.89999997615814
		endloop
	endfacet
	facet normal 0 -1 0
		outer loop
			vertex 3.2432999610901 11.295299530029 0.18000000715256
			vertex 3.6752998828888 11.295299530029 0.36000001430511
			vertex 3.3513000011444 11.295299530029 0.36000001430511
		endloop
	endfacet
	facet normal 0 -1 0
		outer loop
			vertex 3.2432999610901 11.295299530029 0.18000000715256
			vertex 3.7832999229431 11.295299530029 0.18000000715256
			vertex 3.6752998828888 11.295299530029 0.36000001430511
		endloop
	endfacet
	facet normal -0.85749285054995 0 0.51449588069849
		outer loop
			vertex 3.2432999610901 11.295299530029 0.18000000715256
			vertex 3.3513000011444 11.295299530029 0.36000001430511
			vertex 3.2432999610901 12.908900260925 0.18000000715256
		endloop
	endfacet
	facet normal 0 0 -1
		outer loop
			vertex 3.2432999610901 11.295299530029 0.18000000715256
			vertex 3.7832999229431 12.908900260925 0.18000000715256
			vertex 3.7832999229431 11.295299530029 0.18000000715256
		endloop
	endfacet
	facet normal 0.85749285054995 -0 0.51449588069849
		outer loop
			vertex 3.6752998828888 11.295299530029 0.36000001430511
			vertex 3.7832999229431 11.295299530029 0.18000000715256
			vertex 3.6752998828888 12.908900260925 0.36000001430511
		endloop
	endfacet
	facet normal -0.85749285054995 0 0.51449588069849
		outer loop
			vertex 3.3513000011444 11.295299530029 0.36000001430511
			vertex 3.3513000011444 12.908900260925 0.36000001430511
			vertex 3.2432999610901 12.908900260925 0.18000000715256
		endloop
	endfacet
	facet normal 0 0 -1
		outer loop
			vertex 3.2432999610901 11.295299530029 0.18000000715256
			vertex 3.2432999610901 12.908900260925 0.18000000715256
			vertex 3.7832999229431 12.908900260925 0.18000000715256
		endloop
	endfacet
	facet normal 0 1 0
		outer loop
			vertex 3.2432999610901 12.908900260925 0.18000000715256
			vertex 3.3513000011444 12.908900260925 0.36000001430511
			vertex 3.6752998828888 12.908900260925 0.36000001430511
		endloop
	endfacet
	facet normal 0.85749285054995 -0 0.51449588069849
		outer loop
			vertex 3.7832999229431 11.295299530029 0.18000000715256
			vertex 3.7832999229431 12.908900260925 0.18000000715256
			vertex 3.6752998828888 12.908900260925 0.36000001430511
		endloop
	endfacet
	facet normal 0 1 0
		outer loop
			vertex 3.2432999610901 12.908900260925 0.18000000715256
			vertex 3.6752998828888 12.908900260925 0.36000001430511
			vertex 3.7832999229431 12.908900260925 0.18000000715256
		endloop
	endfacet
	facet normal 0 -0.86602537776711 0.50000004506333
		outer loop
			vertex 6.3066000938416 10.512823104858 0.54000002145767
			vertex 6.666600227356 10.512823104858 0.54000002145767
			vertex 6.666600227356 12.908900260925 4.6901268959045
		endloop
	endfacet
	facet normal 0 0 -1
		outer loop
			vertex 6.3095998764038 11.295299530029 0.36000001430511
			vertex 6.3246002197266 12.908900260925 0.36000001430511
			vertex 6.3246002197266 11.295299530029 0.36000001430511
		endloop
	endfacet
	facet normal 0 0 -1
		outer loop
			vertex 6.3095998764038 11.295299530029 0.36000001430511
			vertex 6.3095998764038 12.908900260925 0.36000001430511
			vertex 6.3246002197266 12.908900260925 0.36000001430511
		endloop
	endfacet
	facet normal -1 0 0
		outer loop
			vertex 6.3066000938416 10.512823104858 0.54000002145767
			vertex 6.3066000938416 12.908900260925 4.6901268959045
			vertex 6.3066000938416 12.908900260925 0.54000002145767
		endloop
	endfacet
	facet normal 0 1 0
		outer loop
			vertex 6.3066000938416 12.908900260925 0.54000002145767
			vertex 6.3066000938416 12.908900260925 4.6901268959045
			vertex 6.4865999221802 12.908900260925 0.54000002145767
		endloop
	endfacet
	facet normal 0 1 -0
		outer loop
			vertex 6.4865999221802 12.908900260925 0.54000002145767
			vertex 6.3066000938416 12.908900260925 4.6901268959045
			vertex 6.4865999221802 12.908900260925 0.89999997615814
		endloop
	endfacet
	facet normal 1 0 0
		outer loop
			vertex 6.666600227356 10.512823104858 0.54000002145767
			vertex 6.666600227356 12.102100372314 0.54000002145767
			vertex 6.666600227356 12.102100372314 0.89999997615814
		endloop
	endfacet
	facet normal 0 0 -1
		outer loop
			vertex 6.6486001014709 11.295299530029 0.36000001430511
			vertex 6.6635999679565 12.908900260925 0.36000001430511
			vertex 6.6635999679565 11.295299530029 0.36000001430511
		endloop
	endfacet
	facet normal 0 0 -1
		outer loop
			vertex 6.6486001014709 11.295299530029 0.36000001430511
			vertex 6.6486001014709 12.908900260925 0.36000001430511
			vertex 6.6635999679565 12.908900260925 0.36000001430511
		endloop
	endfacet
	facet normal 1 0 0
		outer loop
			vertex 6.666600227356 10.512823104858 0.54000002145767
			vertex 6.666600227356 12.102100372314 0.89999997615814
			vertex 6.666600227356 12.908900260925 4.6901268959045
		endloop
	endfacet
	facet normal 1 0 0
		outer loop
			vertex 6.666600227356 12.102100372314 0.89999997615814
			vertex 6.666600227356 12.908900260925 0.89999997615814
			vertex 6.666600227356 12.908900260925 4.6901268959045
		endloop
	endfacet
	facet normal 0 1 0
		outer loop
			vertex 6.4865999221802 12.908900260925 0.89999997615814
			vertex 6.666600227356 12.908900260925 4.6901268959045
			vertex 6.666600227356 12.908900260925 0.89999997615814
		endloop
	endfacet
	facet normal 0 -0.86602537776711 0.50000004506333
		outer loop
			vertex 6.3066000938416 10.512823104858 0.54000002145767
			vertex 6.666600227356 12.908900260925 4.6901268959045
			vertex 6.3066000938416 12.908900260925 4.6901268959045
		endloop
	endfacet
	facet normal 0 1 -0
		outer loop
			vertex 6.4865999221802 12.908900260925 0.89999997615814
			vertex 6.3066000938416 12.908900260925 4.6901268959045
			vertex 6.666600227356 12.908900260925 4.6901268959045
		endloop
	endfacet
	facet normal 0 -1 0
		outer loop
			vertex 6.666600227356 12.102100372314 0.54000002145767
			vertex 7.206600189209 12.102100372314 0.54000002145767
			vertex 6.666600227356 12.102100372314 0.89999997615814
		endloop
	endfacet
	facet normal 0 -1 0
		outer loop
			vertex 6.666600227356 12.102100372314 0.89999997615814
			vertex 7.206600189209 12.102100372314 0.54000002145767
			vertex 7.206600189209 12.102100372314 0.89999997615814
		endloop
	endfacet
	facet normal -0 -0 1
		outer loop
			vertex 6.666600227356 12.908900260925 0.89999997615814
			vertex 7.206600189209 12.102100372314 0.89999997615814
			vertex 6.4865999221802 13.715700149536 0.89999997615814
		endloop
	endfacet
	facet normal 0 0 1
		outer loop
			vertex 6.666600227356 12.102100372314 0.89999997615814
			vertex 7.206600189209 12.102100372314 0.89999997615814
			vertex 6.666600227356 12.908900260925 0.89999997615814
		endloop
	endfacet
	facet normal 1 0 0
		outer loop
			vertex 7.206600189209 12.102100372314 0.54000002145767
			vertex 7.206600189209 13.715700149536 0.54000002145767
			vertex 7.206600189209 12.102100372314 0.89999997615814
		endloop
	endfacet
	facet normal -1 0 0
		outer loop
			vertex 6.4865999221802 12.908900260925 0.54000002145767
			vertex 6.4865999221802 13.715700149536 0.89999997615814
			vertex 6.4865999221802 13.715700149536 0.54000002145767
		endloop
	endfacet
	facet normal -1 0 0
		outer loop
			vertex 6.4865999221802 12.908900260925 0.54000002145767
			vertex 6.4865999221802 12.908900260925 0.89999997615814
			vertex 6.4865999221802 13.715700149536 0.89999997615814
		endloop
	endfacet
	facet normal 0 0 1
		outer loop
			vertex 6.4865999221802 12.908900260925 0.89999997615814
			vertex 6.666600227356 12.908900260925 0.89999997615814
			vertex 6.4865999221802 13.715700149536 0.89999997615814
		endloop
	endfacet
	facet normal 0 1 0
		outer loop
			vertex 6.4865999221802 13.715700149536 0.54000002145767
			vertex 7.206600189209 13.715700149536 0.89999997615814
			vertex 7.206600189209 13.715700149536 0.54000002145767
		endloop
	endfacet
	facet normal 0 1 0
		outer loop
			vertex 6.4865999221802 13.715700149536 0.54000002145767
			vertex 6.4865999221802 13.715700149536 0.89999997615814
			vertex 7.206600189209 13.715700149536 0.89999997615814
		endloop
	endfacet
	facet normal -0 0 1
		outer loop
			vertex 6.4865999221802 13.715700149536 0.89999997615814
			vertex 7.206600189209 12.102100372314 0.89999997615814
			vertex 7.206600189209 13.715700149536 0.89999997615814
		endloop
	endfacet
	facet normal 1 -0 0
		outer loop
			vertex 7.206600189209 12.102100372314 0.89999997615814
			vertex 7.206600189209 13.715700149536 0.54000002145767
			vertex 7.206600189209 13.715700149536 0.89999997615814
		endloop
	endfacet
	facet normal -0.85749234946589 0 0.51449671583739
		outer loop
			vertex 6.2165999412537 11.295299530029 0.18000000715256
			vertex 6.3246002197266 11.295299530029 0.36000001430511
			vertex 6.2165999412537 12.908900260925 0.18000000715256
		endloop
	endfacet
	facet normal -0.85749234946589 0 0.51449671583739
		outer loop
			vertex 6.3246002197266 11.295299530029 0.36000001430511
			vertex 6.3246002197266 12.908900260925 0.36000001430511
			vertex 6.2165999412537 12.908900260925 0.18000000715256
		endloop
	endfacet
	facet normal 0 0 -1
		outer loop
			vertex 6.2165999412537 11.295299530029 0.18000000715256
			vertex 6.2165999412537 12.908900260925 0.18000000715256
			vertex 6.666600227356 12.908900260925 0.18000000715256
		endloop
	endfacet
	facet normal 0 0 -1
		outer loop
			vertex 6.2165999412537 11.295299530029 0.18000000715256
			vertex 6.666600227356 12.908900260925 0.18000000715256
			vertex 6.7565999031067 12.908900260925 0.18000000715256
		endloop
	endfacet
	facet normal 0 0 -1
		outer loop
			vertex 6.2165999412537 11.295299530029 0.18000000715256
			vertex 6.7565999031067 12.908900260925 0.18000000715256
			vertex 6.7565999031067 11.295299530029 0.18000000715256
		endloop
	endfacet
	facet normal 0.85749335163379 -0 0.51449504555812
		outer loop
			vertex 6.6486001014709 11.295299530029 0.36000001430511
			vertex 6.7565999031067 11.295299530029 0.18000000715256
			vertex 6.6486001014709 12.908900260925 0.36000001430511
		endloop
	endfacet
	facet normal 0.85749335163379 -0 0.51449504555812
		outer loop
			vertex 6.7565999031067 11.295299530029 0.18000000715256
			vertex 6.7565999031067 12.908900260925 0.18000000715256
			vertex 6.6486001014709 12.908900260925 0.36000001430511
		endloop
	endfacet
	facet normal 1 0 0
		outer loop
			vertex 5 0.36000001430511 0.36000001430511
			vertex 5 0.80680000782013 0.36000001430511
			vertex 5 0.80680000782013 0.54000002145767
		endloop
	endfacet
	facet normal 0 -1 0
		outer loop
			vertex 4.6399998664856 0.36000001430511 0.36000001430511
			vertex 4.8379998207092 0.36000001430511 0.36000001430511
			vertex 5 0.36000001430511 5.1194000244141
		endloop
	endfacet
	facet normal 0 -1 0
		outer loop
			vertex 4.8379998207092 0.36000001430511 0.36000001430511
			vertex 5 0.36000001430511 0.36000001430511
			vertex 5 0.36000001430511 5.1194000244141
		endloop
	endfacet
	facet normal 1 0 0
		outer loop
			vertex 5 0.36000001430511 0.36000001430511
			vertex 5 0.80680000782013 0.54000002145767
			vertex 5 0.36000001430511 5.1194000244141
		endloop
	endfacet
	facet normal 1 0 0
		outer loop
			vertex 5 0.80680000782013 0.54000002145767
			vertex 5 0.54000002145767 5.1194000244141
			vertex 5 0.36000001430511 5.1194000244141
		endloop
	endfacet
	facet normal 0 -1 0
		outer loop
			vertex 4.6399998664856 0.36000001430511 0.36000001430511
			vertex 5 0.36000001430511 5.1194000244141
			vertex 5 0.36000001430511 8.5982789993286
		endloop
	endfacet
	facet normal 0 -1 0
		outer loop
			vertex 4.6399998664856 0.36000001430511 0.36000001430511
			vertex 5 0.36000001430511 8.5982789993286
			vertex 4.6399998664856 0.36000001430511 8.6442403793335
		endloop
	endfacet
	facet normal 0 0 -1
		outer loop
			vertex 4.6399998664856 0.36000001430511 0.36000001430511
			vertex 4.8379998207092 1.6136000156403 0.36000001430511
			vertex 4.8379998207092 0.36000001430511 0.36000001430511
		endloop
	endfacet
	facet normal 1 0 -0
		outer loop
			vertex 5 0.80680000782013 0.54000002145767
			vertex 5 0.80680000782013 0.89999997615814
			vertex 5 0.54000002145767 5.1194000244141
		endloop
	endfacet
	facet normal 0 0 -1
		outer loop
			vertex 4.8379998207092 1.6136000156403 0.36000001430511
			vertex 4.9999499320984 6.4544501304626 0.36000001430511
			vertex 5 1.6136000156403 0.36000001430511
		endloop
	endfacet
	facet normal 0 0 -1
		outer loop
			vertex 5 1.6136000156403 0.36000001430511
			vertex 4.9999499320984 6.4544501304626 0.36000001430511
			vertex 5 2.4203999042511 0.36000001430511
		endloop
	endfacet
	facet normal 1 0 0
		outer loop
			vertex 5 2.4203999042511 0.36000001430511
			vertex 5 6.4544501304626 0.36000001430511
			vertex 5 2.4203999042511 0.54000002145767
		endloop
	endfacet
	facet normal 1 0 0
		outer loop
			vertex 5 2.4203999042511 0.54000002145767
			vertex 5 6.4544501304626 0.54000002145767
			vertex 5 2.4203999042511 0.89999997615814
		endloop
	endfacet
	facet normal 1 -0 -0
		outer loop
			vertex 5 2.4203999042511 0.89999997615814
			vertex 5 6.4544501304626 0.54000002145767
			vertex 5 0.54000002145767 5.1194000244141
		endloop
	endfacet
	facet normal 1 0 -0
		outer loop
			vertex 5 0.80680000782013 0.89999997615814
			vertex 5 2.4203999042511 0.89999997615814
			vertex 5 0.54000002145767 5.1194000244141
		endloop
	endfacet
	facet normal -1 0 0
		outer loop
			vertex 4.6399998664856 0.36000001430511 0.36000001430511
			vertex 4.6399998664856 5.2268657684326 4.4563536643982
			vertex 4.6399998664856 9.4709596633911 0.36000001430511
		endloop
	endfacet
	facet normal 0 0 -1
		outer loop
			vertex 4.6399998664856 0.36000001430511 0.36000001430511
			vertex 4.6399998664856 9.4709596633911 0.36000001430511
			vertex 4.8379998207092 1.6136000156403 0.36000001430511
		endloop
	endfacet
	facet normal 0 0 -1
		outer loop
			vertex 5 2.4203999042511 0.36000001430511
			vertex 4.9999499320984 6.4544501304626 0.36000001430511
			vertex 5 6.4544501304626 0.36000001430511
		endloop
	endfacet
	facet normal 1 -0 0
		outer loop
			vertex 5 2.4203999042511 0.54000002145767
			vertex 5 6.4544501304626 0.36000001430511
			vertex 5 6.4544501304626 0.54000002145767
		endloop
	endfacet
	facet normal 0 0 -1
		outer loop
			vertex 4.8379998207092 1.6136000156403 0.36000001430511
			vertex 4.6399998664856 9.4709596633911 0.36000001430511
			vertex 4.9999499320984 6.4544501304626 0.36000001430511
		endloop
	endfacet
	facet normal 1 0 0
		outer loop
			vertex 5 0.54000002145767 5.1194000244141
			vertex 5 6.4544501304626 0.54000002145767
			vertex 5 5.6658520698547 4.032648563385
		endloop
	endfacet
	facet normal 5.7126379809724e-07 0.69447232940339 0.71951941161633
		outer loop
			vertex 4.9999499320984 9.2844676971436 0.54000002145767
			vertex 4.6399998664856 5.2268657684326 4.4563536643982
			vertex 5 5.6658520698547 4.032648563385
		endloop
	endfacet
	facet normal -1 0 0
		outer loop
			vertex 4.6399998664856 0.36000001430511 0.36000001430511
			vertex 4.6399998664856 0.36000001430511 8.6442403793335
			vertex 4.6399998664856 5.2268657684326 4.4563536643982
		endloop
	endfacet
	facet normal 1 -0 0
		outer loop
			vertex 5 0.54000002145767 5.1194000244141
			vertex 5 5.6658520698547 4.032648563385
			vertex 5 0.54000002145767 8.4433908462524
		endloop
	endfacet
	facet normal 0 0 -1
		outer loop
			vertex 4.6399998664856 9.4709596633911 0.36000001430511
			vertex 4.9999499320984 9.4709596633911 0.36000001430511
			vertex 4.9999499320984 6.4544501304626 0.36000001430511
		endloop
	endfacet
	facet normal 1 0 -0
		outer loop
			vertex 5 6.4544501304626 0.54000002145767
			vertex 5 9.2844676971436 0.54000002145767
			vertex 5 5.6658520698547 4.032648563385
		endloop
	endfacet
	facet normal 5.4259703824727e-08 0.69447235314739 0.7195193886991
		outer loop
			vertex 4.6399998664856 9.4709596633911 0.36000001430511
			vertex 4.6399998664856 5.2268657684326 4.4563536643982
			vertex 4.9999499320984 9.2844676971436 0.54000002145767
		endloop
	endfacet
	facet normal -0 0.69447232939941 0.71951941162039
		outer loop
			vertex 4.9999499320984 9.2844676971436 0.54000002145767
			vertex 5 5.6658520698547 4.032648563385
			vertex 5 9.2844676971436 0.54000002145767
		endloop
	endfacet
	facet normal -0 0.69447229892925 0.71951944102986
		outer loop
			vertex 4.6399998664856 9.4709596633911 0.36000001430511
			vertex 4.9999499320984 9.2844676971436 0.54000002145767
			vertex 4.9999499320984 9.4709596633911 0.36000001430511
		endloop
	endfacet
	facet normal 0 -1 0
		outer loop
			vertex 5.1620001792908 1.6136000156403 0.36000001430511
			vertex 5.2699999809265 1.6136000156403 0.18000000715256
			vertex 5.1770000457764 1.6136000156403 0.36000001430511
		endloop
	endfacet
	facet normal 0 -1 0
		outer loop
			vertex 5.1770000457764 1.6136000156403 0.36000001430511
			vertex 5.2699999809265 1.6136000156403 0.18000000715256
			vertex 5.2766923904419 1.6136000156403 0.18000000715256
		endloop
	endfacet
	facet normal 0.85749335163379 -0 0.51449504555812
		outer loop
			vertex 5.3420000076294 1.6136000156403 0.36000001430511
			vertex 5.4499998092651 1.6136000156403 0.18000000715256
			vertex 5.3420000076294 2.4203999042511 0.36000001430511
		endloop
	endfacet
	facet normal 0 0 1
		outer loop
			vertex 5.018000125885 2.4203999042511 0.36000001430511
			vertex 5.3420000076294 2.4203999042511 0.36000001430511
			vertex 5.3420000076294 6.4544501304626 0.36000001430511
		endloop
	endfacet
	facet normal 0.85749335163379 -0 0.51449504555812
		outer loop
			vertex 5.3420000076294 2.4203999042511 0.36000001430511
			vertex 5.4499998092651 1.6136000156403 0.18000000715256
			vertex 5.3420000076294 6.4544501304626 0.36000001430511
		endloop
	endfacet
	facet normal -0.85749234946589 0 0.51449671583739
		outer loop
			vertex 4.9099998474121 1.6136000156403 0.18000000715256
			vertex 5.018000125885 1.6136000156403 0.36000001430511
			vertex 4.9099998474121 9.4709596633911 0.18000000715256
		endloop
	endfacet
	facet normal -0.85749234946589 0 0.51449671583739
		outer loop
			vertex 5.018000125885 1.6136000156403 0.36000001430511
			vertex 5.018000125885 2.4203999042511 0.36000001430511
			vertex 4.9099998474121 9.4709596633911 0.18000000715256
		endloop
	endfacet
	facet normal 0 0 1
		outer loop
			vertex 5.018000125885 2.4203999042511 0.36000001430511
			vertex 5.3420000076294 6.4544501304626 0.36000001430511
			vertex 5.018000125885 6.4544501304626 0.36000001430511
		endloop
	endfacet
	facet normal 0 0 -1
		outer loop
			vertex 4.9099998474121 1.6136000156403 0.18000000715256
			vertex 5.4499998092651 9.4709596633911 0.18000000715256
			vertex 5.2699999809265 1.6136000156403 0.18000000715256
		endloop
	endfacet
	facet normal 0 0 -1
		outer loop
			vertex 5.2699999809265 1.6136000156403 0.18000000715256
			vertex 5.4499998092651 9.4709596633911 0.18000000715256
			vertex 5.2766923904419 1.6136000156403 0.18000000715256
		endloop
	endfacet
	facet normal 0 0 -1
		outer loop
			vertex 5.2766923904419 1.6136000156403 0.18000000715256
			vertex 5.4499998092651 9.4709596633911 0.18000000715256
			vertex 5.4499998092651 1.6136000156403 0.18000000715256
		endloop
	endfacet
	facet normal -0.85749234946589 0 0.51449671583739
		outer loop
			vertex 5.018000125885 2.4203999042511 0.36000001430511
			vertex 5.018000125885 6.4544501304626 0.36000001430511
			vertex 4.9099998474121 9.4709596633911 0.18000000715256
		endloop
	endfacet
	facet normal 0 0 -1
		outer loop
			vertex 4.9099998474121 1.6136000156403 0.18000000715256
			vertex 4.9099998474121 9.4709596633911 0.18000000715256
			vertex 5.4499998092651 9.4709596633911 0.18000000715256
		endloop
	endfacet
	facet normal 0.85749335163379 0 0.51449504555812
		outer loop
			vertex 5.4499998092651 1.6136000156403 0.18000000715256
			vertex 5.3420000076294 9.4709596633911 0.36000001430511
			vertex 5.3420000076294 6.4544501304626 0.36000001430511
		endloop
	endfacet
	facet normal 0.85749335163379 -0 0.51449504555812
		outer loop
			vertex 5.4499998092651 1.6136000156403 0.18000000715256
			vertex 5.4499998092651 9.4709596633911 0.18000000715256
			vertex 5.3420000076294 9.4709596633911 0.36000001430511
		endloop
	endfacet
	facet normal -0.85749234946589 0 0.51449671583739
		outer loop
			vertex 5.018000125885 6.4544501304626 0.36000001430511
			vertex 5.018000125885 9.4709596633911 0.36000001430511
			vertex 4.9099998474121 9.4709596633911 0.18000000715256
		endloop
	endfacet
	facet normal 0 1 0
		outer loop
			vertex 4.9099998474121 9.4709596633911 0.18000000715256
			vertex 5.018000125885 9.4709596633911 0.36000001430511
			vertex 5.3420000076294 9.4709596633911 0.36000001430511
		endloop
	endfacet
	facet normal 0 1 0
		outer loop
			vertex 4.9099998474121 9.4709596633911 0.18000000715256
			vertex 5.3420000076294 9.4709596633911 0.36000001430511
			vertex 5.4499998092651 9.4709596633911 0.18000000715256
		endloop
	endfacet
	facet normal 0 0 1
		outer loop
			vertex 4.9099998474121 0.18000000715256 0.72000002861023
			vertex 5.3420000076294 0.36000001430511 0.72000002861023
			vertex 5.018000125885 0.36000001430511 0.72000002861023
		endloop
	endfacet
	facet normal 0 0 1
		outer loop
			vertex 4.9099998474121 0.18000000715256 0.72000002861023
			vertex 5.4499998092651 0.18000000715256 0.72000002861023
			vertex 5.3420000076294 0.36000001430511 0.72000002861023
		endloop
	endfacet
	facet normal 0 -1 0
		outer loop
			vertex 5.018000125885 0.36000001430511 0.72000002861023
			vertex 5.3420000076294 0.36000001430511 0.72000002861023
			vertex 5.018000125885 0.36000001430511 5.1194000244141
		endloop
	endfacet
	facet normal 0 1 0
		outer loop
			vertex 4.9099998474121 0.18000000715256 0.72000002861023
			vertex 5.4499998092651 0.18000000715256 5.1194000244141
			vertex 5.4499998092651 0.18000000715256 0.72000002861023
		endloop
	endfacet
	facet normal -0.85749335163379 -0.51449504555812 0
		outer loop
			vertex 5.3420000076294 0.36000001430511 0.72000002861023
			vertex 5.4499998092651 0.18000000715256 0.72000002861023
			vertex 5.3420000076294 0.36000001430511 5.1194000244141
		endloop
	endfacet
	facet normal 0.85749234946589 -0.51449671583739 0
		outer loop
			vertex 4.9099998474121 0.18000000715256 0.72000002861023
			vertex 5.018000125885 0.36000001430511 0.72000002861023
			vertex 4.9099998474121 0.18000000715256 8.7646579742432
		endloop
	endfacet
	facet normal 0 1 0
		outer loop
			vertex 4.9099998474121 0.18000000715256 0.72000002861023
			vertex 5 0.18000000715256 5.1194000244141
			vertex 5.2766923904419 0.18000000715256 5.1194000244141
		endloop
	endfacet
	facet normal 0.85749134729709 -0.51449838611081 0
		outer loop
			vertex 5.018000125885 0.36000001430511 0.72000002861023
			vertex 5.018000125885 0.36000001430511 5.1194000244141
			vertex 5 0.33000001311302 5.1194000244141
		endloop
	endfacet
	facet normal 0 1 0
		outer loop
			vertex 4.9099998474121 0.18000000715256 0.72000002861023
			vertex 5.2766923904419 0.18000000715256 5.1194000244141
			vertex 5.4499998092651 0.18000000715256 5.1194000244141
		endloop
	endfacet
	facet normal 0 -1 0
		outer loop
			vertex 5.3420000076294 0.36000001430511 0.72000002861023
			vertex 5.1770000457764 0.36000001430511 5.1194000244141
			vertex 5.018000125885 0.36000001430511 5.1194000244141
		endloop
	endfacet
	facet normal 0 -1 0
		outer loop
			vertex 5.3420000076294 0.36000001430511 0.72000002861023
			vertex 5.3420000076294 0.36000001430511 5.1194000244141
			vertex 5.1770000457764 0.36000001430511 5.1194000244141
		endloop
	endfacet
	facet normal -0.85749335163379 -0.51449504555812 0
		outer loop
			vertex 5.4499998092651 0.18000000715256 0.72000002861023
			vertex 5.4499998092651 0.18000000715256 5.1194000244141
			vertex 5.3420000076294 0.36000001430511 5.1194000244141
		endloop
	endfacet
	facet normal 0 1 0
		outer loop
			vertex 4.9099998474121 0.18000000715256 0.72000002861023
			vertex 4.9099998474121 0.18000000715256 8.7646579742432
			vertex 5 0.18000000715256 5.1194000244141
		endloop
	endfacet
	facet normal 0.85749278877569 -0.51449598365556 2.2280414792727e-08
		outer loop
			vertex 5.018000125885 0.36000001430511 0.72000002861023
			vertex 5 0.33000001311302 5.1194000244141
			vertex 4.9099998474121 0.18000000715256 8.7646579742432
		endloop
	endfacet
	facet normal 0 -1 0
		outer loop
			vertex 5 0.18000000715256 5.1194000244141
			vertex 5.1916851997375 0.18000000715256 5.1194000244141
			vertex 5.2766923904419 0.18000000715256 6.4470548629761
		endloop
	endfacet
	facet normal 0 -1 0
		outer loop
			vertex 5.1916851997375 0.18000000715256 5.1194000244141
			vertex 5.2766923904419 0.18000000715256 5.1194000244141
			vertex 5.2766923904419 0.18000000715256 6.4470548629761
		endloop
	endfacet
	facet normal -0.85749134729709 0.51449838611081 0
		outer loop
			vertex 5 0.33000001311302 5.1194000244141
			vertex 5.018000125885 0.36000001430511 8.6005773544312
			vertex 5.018000125885 0.36000001430511 5.1194000244141
		endloop
	endfacet
	facet normal 0 1 0
		outer loop
			vertex 5.018000125885 0.36000001430511 5.1194000244141
			vertex 5.018000125885 0.36000001430511 8.6005773544312
			vertex 5.1729888916016 0.36000001430511 5.1194000244141
		endloop
	endfacet
	facet normal 0 1 -0
		outer loop
			vertex 5.1729888916016 0.36000001430511 5.1194000244141
			vertex 5.1558909416199 0.36000001430511 8.618182182312
			vertex 5.1770000457764 0.36000001430511 5.1194000244141
		endloop
	endfacet
	facet normal 0.85749254989954 -0.51449638178201 0
		outer loop
			vertex 5 0.33000001311302 5.1194000244141
			vertex 5 0.33000001311302 8.6240940093994
			vertex 4.9099998474121 0.18000000715256 8.7646579742432
		endloop
	endfacet
	facet normal 0 1 -0
		outer loop
			vertex 5 0.18000000715256 5.1194000244141
			vertex 4.9099998474121 0.18000000715256 8.7646579742432
			vertex 5 0.18000000715256 8.7531671524048
		endloop
	endfacet
	facet normal -0 1 0
		outer loop
			vertex 5.018000125885 0.36000001430511 8.6005773544312
			vertex 5.1558909416199 0.36000001430511 8.618182182312
			vertex 5.1729888916016 0.36000001430511 5.1194000244141
		endloop
	endfacet
	facet normal -0.94042174790705 -0.30285344599965 -0.15455331219221
		outer loop
			vertex 0.38060232996941 10.503015518188 3.8713655471802
			vertex 3.0092668533325 -2.3367598056793 13.036597251892
			vertex 0.096073597669601 10.971998214722 4.6836676597595
		endloop
	endfacet
	facet normal -0.86669758624253 -0.39184636230695 -0.30869357354533
		outer loop
			vertex 0.84265196323395 10.070798873901 3.1227436065674
			vertex 3.3123378753662 -2.7025990486145 12.402945518494
			vertex 0.38060232996941 10.503015518188 3.8713655471802
		endloop
	endfacet
	facet normal -0.97800597801244 -0.20837907985217 0.009081082087921
		outer loop
			vertex 0.096073597669601 10.971998214722 4.6836676597595
			vertex 2.9702661037445 -2.1387691497803 13.37952709198
			vertex 0 11.45972442627 5.5284333229065
		endloop
	endfacet
	facet normal -0.75966686670061 -0.47193774518896 -0.44741593210707
		outer loop
			vertex 0.84265196323395 10.070798873901 3.1227436065674
			vertex 1.4644660949707 9.6919574737549 2.4665710926056
			vertex 3.5647614002228 -2.8563883304596 12.136573791504
		endloop
	endfacet
	facet normal -0.62344250966343 -0.54004993025383 -0.5653896974454
		outer loop
			vertex 2.2221488952637 9.3810501098633 1.9280643463135
			vertex 3.5647614002228 -2.8563883304596 12.136573791504
			vertex 1.4644660949707 9.6919574737549 2.4665710926056
		endloop
	endfacet
	facet normal -0.46325953139426 -0.5935653528877 -0.65808113361779
		outer loop
			vertex 2.2221488952637 9.3810501098633 1.9280643463135
			vertex 3.0865828990936 9.1500253677368 1.5279176235199
			vertex 3.8723402023315 -2.9826002120972 11.91796875
		endloop
	endfacet
	facet normal -0.096325803677132 -0.64921942331952 -0.75447695785267
		outer loop
			vertex 5 8.9597244262695 1.1983063220978
			vertex 5 5.6658520698547 4.032648563385
			vertex 4.6399998664856 5.2268657684326 4.4563536643982
		endloop
	endfacet
	facet normal 0.28527377034888 -0.63042742384519 -0.72192807066553
		outer loop
			vertex 5.9754514694214 9.0077610015869 1.2815084457397
			vertex 6.913417339325 9.1500253677368 1.5279176235199
			vertex 6.1129555702209 0.54000002145767 8.7303600311279
		endloop
	endfacet
	facet normal 0.46325962881702 -0.59356534358461 -0.65808107342759
		outer loop
			vertex 6.913417339325 9.1500253677368 1.5279176235199
			vertex 7.7778511047363 9.3810501098633 1.9280643463135
			vertex 6.1129555702209 0.54000002145767 8.7303600311279
		endloop
	endfacet
	facet normal -0.096324976988781 -0.64921951700922 -0.75447698277842
		outer loop
			vertex 4.0245485305786 9.0077610015869 1.2815084457397
			vertex 4.6399998664856 5.2268657684326 4.4563536643982
			vertex 4.6040186882019 -3.134135723114 11.655501365662
		endloop
	endfacet
	facet normal 0.09632557837906 -0.64921952438859 -0.75447689964809
		outer loop
			vertex 5.9754514694214 9.0077610015869 1.2815084457397
			vertex 5.5713291168213 0.54000002145767 8.5163335800171
			vertex 5 0.54000002145767 8.4433908462524
		endloop
	endfacet
	facet normal -0.28527408613095 -0.63042735527247 -0.72192800576395
		outer loop
			vertex 4.0245485305786 9.0077610015869 1.2815084457397
			vertex 4.6040186882019 -3.134135723114 11.655501365662
			vertex 4.2232546806335 -3.0763838291168 11.755530357361
		endloop
	endfacet
	facet normal -0.096329771987812 -0.64921920236897 -0.75447664132442
		outer loop
			vertex 4.6040186882019 -3.134135723114 11.655501365662
			vertex 4.6399998664856 5.2268657684326 4.4563536643982
			vertex 4.6399998664856 0.36000001430511 8.6442403793335
		endloop
	endfacet
	facet normal -0.28527383762336 -0.63042740139263 -0.72192806368847
		outer loop
			vertex 3.0865828990936 9.1500253677368 1.5279176235199
			vertex 4.0245485305786 9.0077610015869 1.2815084457397
			vertex 4.2232546806335 -3.0763838291168 11.755530357361
		endloop
	endfacet
	facet normal 0.096325468077513 -0.6492195239281 -0.75447691412675
		outer loop
			vertex 5.9754514694214 9.0077610015869 1.2815084457397
			vertex 5 0.54000002145767 8.4433908462524
			vertex 5 5.6658520698547 4.032648563385
		endloop
	endfacet
	facet normal 0.2852735703285 -0.63042746500423 -0.72192811376229
		outer loop
			vertex 5.9754514694214 9.0077610015869 1.2815084457397
			vertex 6.1129555702209 0.54000002145767 8.7303600311279
			vertex 5.5713291168213 0.54000002145767 8.5163335800171
		endloop
	endfacet
	facet normal 0.46325958911564 -0.59356535186505 -0.65808109390691
		outer loop
			vertex 7.7778511047363 9.3810501098633 1.9280643463135
			vertex 6.5978255271912 0.54000002145767 9.0716867446899
			vertex 6.1129555702209 0.54000002145767 8.7303600311279
		endloop
	endfacet
	facet normal 0.62344213558377 -0.54005006802463 -0.56538997833826
		outer loop
			vertex 8.5355339050293 9.6919574737549 2.4665710926056
			vertex 7.0037136077881 0.54000002145767 9.5192499160767
			vertex 6.5978255271912 0.54000002145767 9.0716867446899
		endloop
	endfacet
	facet normal -0.75966698300716 -0.47193741120275 -0.44741608692138
		outer loop
			vertex 3.6461315155029 -3.3425400257111 12.511212348938
			vertex 3.5033547878265 -3.6905519962311 13.120718002319
			vertex 3.4080190658569 -3.1974694728851 12.762481689453
		endloop
	endfacet
	facet normal -0.86669774478837 -0.39184617331719 -0.30869336830491
		outer loop
			vertex 3.4080190658569 -3.1974694728851 12.762481689453
			vertex 3.3370168209076 -3.5349538326263 13.390222549438
			vertex 3.2310857772827 -3.03195977211 13.049152374268
		endloop
	endfacet
	facet normal -0.86669785838469 -0.39184598970469 -0.30869328244026
		outer loop
			vertex 3.4080190658569 -3.1974694728851 12.762481689453
			vertex 3.5033547878265 -3.6905519962311 13.120718002319
			vertex 3.3370168209076 -3.5349538326263 13.390222549438
		endloop
	endfacet
	facet normal -0.75966607082288 -0.47193849528063 -0.44741649222262
		outer loop
			vertex 3.6461315155029 -3.3425400257111 12.511212348938
			vertex 3.7272078990936 -3.8269348144531 12.884496688843
			vertex 3.5033547878265 -3.6905519962311 13.120718002319
		endloop
	endfacet
	facet normal -0.94042167196702 -0.30285348653257 -0.15455369484366
		outer loop
			vertex 3.2310857772827 -3.03195977211 13.049152374268
			vertex 3.3370168209076 -3.5349538326263 13.390222549438
			vertex 3.2345864772797 -3.3661201000214 13.682650566101
		endloop
	endfacet
	facet normal -0.94042171822492 -0.30285337346049 -0.15455363494429
		outer loop
			vertex 3.1221306324005 -2.8523714542389 13.360208511353
			vertex 3.2310857772827 -3.03195977211 13.049152374268
			vertex 3.2345864772797 -3.3661201000214 13.682650566101
		endloop
	endfacet
	facet normal -0.97800595314243 -0.20837920249974 0.0090809461803197
		outer loop
			vertex 3.1221306324005 -2.8523714542389 13.360208511353
			vertex 3.2000000476837 -3.1905386447906 13.986766815186
			vertex 3.0853409767151 -2.6656057834625 13.683696746826
		endloop
	endfacet
	facet normal -0.97800602711615 -0.20837884653841 0.0090811474939611
		outer loop
			vertex 3.1221306324005 -2.8523714542389 13.360208511353
			vertex 3.2345864772797 -3.3661201000214 13.682650566101
			vertex 3.2000000476837 -3.1905386447906 13.986766815186
		endloop
	endfacet
	facet normal -0.97800595846554 -0.11205399057498 0.17592114256713
		outer loop
			vertex 3.0853409767151 -2.6656057834625 13.683696746826
			vertex 3.2000000476837 -3.1905386447906 13.986766815186
			vertex 3.2345864772797 -3.0149574279785 14.290882110596
		endloop
	endfacet
	facet normal -0.97800596099378 -0.11205375228618 0.175921280291
		outer loop
			vertex 3.0853409767151 -2.6656057834625 13.683696746826
			vertex 3.2345864772797 -3.0149574279785 14.290882110596
			vertex 3.1221306324005 -2.4788401126862 14.007184028625
		endloop
	endfacet
	facet normal -0.9404218334814 -0.017579686983433 0.33955519391853
		outer loop
			vertex 3.1221306324005 -2.4788401126862 14.007184028625
			vertex 3.2345864772797 -3.0149574279785 14.290882110596
			vertex 3.3370168209076 -2.8461236953735 14.583311080933
		endloop
	endfacet
	facet normal -0.94042174400505 -0.017579206927894 0.33955546658284
		outer loop
			vertex 3.1221306324005 -2.4788401126862 14.007184028625
			vertex 3.3370168209076 -2.8461236953735 14.583311080933
			vertex 3.2310857772827 -2.2992515563965 14.31824016571
		endloop
	endfacet
	facet normal -0.86669742060575 0.071413879517924 0.49369589721562
		outer loop
			vertex 3.2310857772827 -2.2992515563965 14.31824016571
			vertex 3.3370168209076 -2.8461236953735 14.583311080933
			vertex 3.5033547878265 -2.6905255317688 14.852814674377
		endloop
	endfacet
	facet normal -0.75966687862108 0.15150390413179 0.63241821649833
		outer loop
			vertex 3.4080190658569 -2.1337418556213 14.604911804199
			vertex 3.5033547878265 -2.6905255317688 14.852814674377
			vertex 3.7272078990936 -2.5541427135468 15.089036941528
		endloop
	endfacet
	facet normal -0.86669809691558 0.071412132123088 0.4936949626931
		outer loop
			vertex 3.2310857772827 -2.2992515563965 14.31824016571
			vertex 3.5033547878265 -2.6905255317688 14.852814674377
			vertex 3.4080190658569 -2.1337418556213 14.604911804199
		endloop
	endfacet
	facet normal -0.75966671130521 0.15150418509993 0.63241835017015
		outer loop
			vertex 3.4080190658569 -2.1337418556213 14.604911804199
			vertex 3.7272078990936 -2.5541427135468 15.089036941528
			vertex 3.6461315155029 -1.988671541214 14.856181144714
		endloop
	endfacet
	facet normal -0.75966707703192 -0.4719376272268 -0.44741569941311
		outer loop
			vertex 0.84265196323395 10.070798873901 3.1227436065674
			vertex 3.5647614002228 -2.8563883304596 12.136573791504
			vertex 3.3123378753662 -2.7025990486145 12.402945518494
		endloop
	endfacet
	facet normal -0.86669782445783 -0.39184615395896 -0.30869316919497
		outer loop
			vertex 0.38060232996941 10.503015518188 3.8713655471802
			vertex 3.3123378753662 -2.7025990486145 12.402945518494
			vertex 3.1247704029083 -2.5271418094635 12.706846237183
		endloop
	endfacet
	facet normal -0.94042167860636 -0.30285356556735 -0.15455349957324
		outer loop
			vertex 0.38060232996941 10.503015518188 3.8713655471802
			vertex 3.1247704029083 -2.5271418094635 12.706846237183
			vertex 3.0092668533325 -2.3367598056793 13.036597251892
		endloop
	endfacet
	facet normal -0.62344261886705 -0.54004988101638 -0.56538962405972
		outer loop
			vertex 2.2221488952637 9.3810501098633 1.9280643463135
			vertex 3.8723402023315 -2.9826002120972 11.91796875
			vertex 3.5647614002228 -2.8563883304596 12.136573791504
		endloop
	endfacet
	facet normal -0.46325924319472 -0.59356544038148 -0.65808125758101
		outer loop
			vertex 3.0865828990936 9.1500253677368 1.5279176235199
			vertex 4.2232546806335 -3.0763838291168 11.755530357361
			vertex 3.8723402023315 -2.9826002120972 11.91796875
		endloop
	endfacet
	facet normal -0.97800597013641 -0.20837911953854 0.0090810196494757
		outer loop
			vertex 0.096073597669601 10.971998214722 4.6836676597595
			vertex 3.0092668533325 -2.3367598056793 13.036597251892
			vertex 2.9702661037445 -2.1387691497803 13.37952709198
		endloop
	endfacet
	facet normal -0.97800596593897 -0.1120539253039 0.17592114259453
		outer loop
			vertex 0 11.45972442627 5.5284333229065
			vertex 2.9702661037445 -2.1387691497803 13.37952709198
			vertex 3.0092668533325 -1.9407783746719 13.722456932068
		endloop
	endfacet
	facet normal -0.94042187695381 -0.017579845797993 0.33955506529631
		outer loop
			vertex 0.096073597669601 11.947449684143 6.3731989860535
			vertex 3.0092668533325 -1.9407783746719 13.722456932068
			vertex 3.1247704029083 -1.7503963708878 14.052208900452
		endloop
	endfacet
	facet normal -0.86669778947482 0.071413111056301 0.49369536081344
		outer loop
			vertex 0.38060232996941 12.416433334351 7.1855010986328
			vertex 3.1247704029083 -1.7503963708878 14.052208900452
			vertex 3.3123378753662 -1.574939250946 14.356109619141
		endloop
	endfacet
	facet normal -0.75966640869808 0.15150499527717 0.63241851957531
		outer loop
			vertex 0.84265196323395 12.848649978638 7.9341230392456
			vertex 3.3123378753662 -1.574939250946 14.356109619141
			vertex 3.5647614002228 -1.4211498498917 14.622480392456
		endloop
	endfacet
	facet normal -0.62344243953854 0.21961688847236 0.75039186221597
		outer loop
			vertex 1.4644660949707 13.227491378784 8.590295791626
			vertex 3.5647614002228 -1.4211498498917 14.622480392456
			vertex 3.8723402023315 -1.2949380874634 14.84108543396
		endloop
	endfacet
	facet normal -0.4632595533154 0.27313228942933 0.84308323357371
		outer loop
			vertex 2.2221488952637 13.538398742676 9.1288022994995
			vertex 3.8723402023315 -1.2949380874634 14.84108543396
			vertex 4.2232546806335 -1.2011542320251 15.003523826599
		endloop
	endfacet
	facet normal -0.28527270999366 -0.63042788442111 -0.72192808746938
		outer loop
			vertex 4.2672915458679 -3.5500628948212 12.15177154541
			vertex 4.6264686584473 -3.604540348053 12.057414054871
			vertex 4.3111696243286 -4.0220303535461 12.546581268311
		endloop
	endfacet
	facet normal -0.096326536253213 -0.64921878833717 -0.75447741071783
		outer loop
			vertex 4.6264686584473 -3.604540348053 12.057414054871
			vertex 5 -3.622935295105 12.025552749634
			vertex 4.6488375663757 -4.0732455253601 12.457873344421
		endloop
	endfacet
	facet normal -0.09632402316298 -0.64922003020916 -0.75447666295049
		outer loop
			vertex 4.6488375663757 -4.0732455253601 12.457873344421
			vertex 5 -3.622935295105 12.025552749634
			vertex 5 -4.0905389785767 12.427921295166
		endloop
	endfacet
	facet normal 0.096326510334009 -0.64921987321404 -0.75447648050209
		outer loop
			vertex 5 -3.622935295105 12.025552749634
			vertex 5.3735313415527 -3.604540348053 12.057414054871
			vertex 5 -4.0905389785767 12.427921295166
		endloop
	endfacet
	facet normal 0.096324050729483 -0.64921887622592 -0.75447765242121
		outer loop
			vertex 5.3735313415527 -3.604540348053 12.057414054871
			vertex 5.3511624336243 -4.0732455253601 12.457873344421
			vertex 5 -4.0905389785767 12.427921295166
		endloop
	endfacet
	facet normal 0.28527277663135 -0.63042693819125 -0.72192888743687
		outer loop
			vertex 5.3735313415527 -3.604540348053 12.057414054871
			vertex 5.7327084541321 -3.5500628948212 12.15177154541
			vertex 5.3511624336243 -4.0732455253601 12.457873344421
		endloop
	endfacet
	facet normal 0.096325677792476 -0.64921949118958 -0.75447691552317
		outer loop
			vertex 5 -3.1536359786987 11.621726036072
			vertex 5 0.18000000715256 8.7531671524048
			vertex 5.5541481971741 0.18000000715256 8.8239164352417
		endloop
	endfacet
	facet normal -0.096328346991248 -0.6492184771817 -0.75447744727845
		outer loop
			vertex 4.9099998474121 0.18000000715256 8.7646579742432
			vertex 5 0.33000001311302 8.6240940093994
			vertex 5 0.18000000715256 8.7531671524048
		endloop
	endfacet
	facet normal 0.09633095940472 -0.64921594823115 -0.75447928985659
		outer loop
			vertex 5 0.21350808441639 8.7243337631226
			vertex 5.0431742668152 0.21164858341217 8.7314462661743
			vertex 5.0404262542725 0.18000000715256 8.7583284378052
		endloop
	endfacet
	facet normal -1 0 0
		outer loop
			vertex 5 0.18000000715256 8.7531671524048
			vertex 5 0.33000001311302 8.6240940093994
			vertex 5 0.21350808441639 8.7243337631226
		endloop
	endfacet
	facet normal -0.096319920863238 0.6492190090481 0.75447806537732
		outer loop
			vertex 5 0.33000001311302 8.6240940093994
			vertex 5 0.18000000715256 8.7531671524048
			vertex 5.018000125885 0.36000001430511 8.6005773544312
		endloop
	endfacet
	facet normal -0.0963260640226 0.64921944009404 0.75447691017943
		outer loop
			vertex 5 0.21350808441639 8.7243337631226
			vertex 5.0404262542725 0.18000000715256 8.7583284378052
			vertex 5 0.36000001430511 8.5982789993286
		endloop
	endfacet
	facet normal -0.096325977844708 0.64921898023689 0.75447731688397
		outer loop
			vertex 5 0.18000000715256 8.7531671524048
			vertex 5.1770000457764 0.36000001430511 8.6208772659302
			vertex 5.018000125885 0.36000001430511 8.6005773544312
		endloop
	endfacet
	facet normal -0.096326930389334 0.64921927413916 0.75447694237
		outer loop
			vertex 5 0.36000001430511 8.5982789993286
			vertex 5.0404262542725 0.18000000715256 8.7583284378052
			vertex 5.1770000457764 0.36000001430511 8.6208772659302
		endloop
	endfacet
	facet normal -0.64946545987132 0.67062879256509 0.35840150532165
		outer loop
			vertex 5 0.33000001311302 8.6240940093994
			vertex 5.018000125885 0.36000001430511 8.6005773544312
			vertex 5.0023770332336 0.33396202325821 8.6209878921509
		endloop
	endfacet
	facet normal 0 1 0
		outer loop
			vertex 5.1770000457764 0.36000001430511 8.6208772659302
			vertex 5.1558909416199 0.36000001430511 8.618182182312
			vertex 5.018000125885 0.36000001430511 8.6005773544312
		endloop
	endfacet
	facet normal -0.096325403323823 0.64921866477222 0.75447766168779
		outer loop
			vertex 5.2673869132996 0.18000000715256 8.7873048782349
			vertex 5.1770000457764 0.36000001430511 8.6208772659302
			vertex 5.0404262542725 0.18000000715256 8.7583284378052
		endloop
	endfacet
	facet normal -0.096344250833694 0.6492159976643 0.75447755016835
		outer loop
			vertex 5.2673869132996 0.18000000715256 8.7873048782349
			vertex 5.2766923904419 0.18000000715256 8.7884931564331
			vertex 5.2685642242432 0.19467571377754 8.774827003479
		endloop
	endfacet
	facet normal -0.096332571667008 0.64921618883742 0.75447887696571
		outer loop
			vertex 5.2685642242432 0.19467571377754 8.774827003479
			vertex 5.1770000457764 0.36000001430511 8.6208772659302
			vertex 5.2673869132996 0.18000000715256 8.7873048782349
		endloop
	endfacet
	facet normal 0 1 0
		outer loop
			vertex 5.1770000457764 0.36000001430511 8.6208772659302
			vertex 5.1764702796936 0.36000001430511 8.6208095550537
			vertex 5.1558909416199 0.36000001430511 8.618182182312
		endloop
	endfacet
	facet normal -0.09632442092944 -0.64921957208065 -0.75447700638258
		outer loop
			vertex 4.6040186882019 -3.134135723114 11.655501365662
			vertex 4.6399998664856 0.36000001430511 8.6442403793335
			vertex 5 0.36000001430511 8.5982789993286
		endloop
	endfacet
	facet normal -0.096323323334328 -0.64921971298787 -0.75447702526305
		outer loop
			vertex 4.6040186882019 -3.134135723114 11.655501365662
			vertex 5 0.36000001430511 8.5982789993286
			vertex 5 0.18000000715256 8.7531671524048
		endloop
	endfacet
	facet normal -0.096324387407815 -0.64921957264095 -0.75447701018018
		outer loop
			vertex 4.6040186882019 -3.134135723114 11.655501365662
			vertex 5 0.18000000715256 8.7531671524048
			vertex 5 -3.1536359786987 11.621726036072
		endloop
	endfacet
	facet normal 0.096324390408769 -0.64921944702608 -0.7544771178873
		outer loop
			vertex 5 -3.1536359786987 11.621726036072
			vertex 5.5541481971741 0.18000000715256 8.8239164352417
			vertex 5.3959813117981 -3.134135723114 11.655501365662
		endloop
	endfacet
	facet normal 0.28527409164501 -0.63042727697531 -0.72192807195842
		outer loop
			vertex 5.3959813117981 -3.134135723114 11.655501365662
			vertex 5.5541481971741 0.18000000715256 8.8239164352417
			vertex 5.7767453193665 -3.0763838291168 11.755530357361
		endloop
	endfacet
	facet normal 0.28527341262484 -0.63042743820032 -0.72192819948632
		outer loop
			vertex 5.7767453193665 -3.0763838291168 11.755530357361
			vertex 5.5541481971741 0.18000000715256 8.8239164352417
			vertex 6.0794868469238 0.18000000715256 9.0315065383911
		endloop
	endfacet
	facet normal 0.4632593672709 -0.59356539228672 -0.65808121361674
		outer loop
			vertex 5.7767453193665 -3.0763838291168 11.755530357361
			vertex 6.0794868469238 0.18000000715256 9.0315065383911
			vertex 6.5497760772705 0.18000000715256 9.3625688552856
		endloop
	endfacet
	facet normal 0.46325924633827 -0.59356541264422 -0.65808128038609
		outer loop
			vertex 5.7767453193665 -3.0763838291168 11.755530357361
			vertex 6.5497760772705 0.18000000715256 9.3625688552856
			vertex 6.1276597976685 -2.9826002120972 11.91796875
		endloop
	endfacet
	facet normal 0.62344232771469 -0.54005001534036 -0.56538981680303
		outer loop
			vertex 6.1276597976685 -2.9826002120972 11.91796875
			vertex 6.9434580802917 0.18000000715256 9.7966728210449
			vertex 6.4352388381958 -2.8563883304596 12.136573791504
		endloop
	endfacet
	facet normal 0.62344224422618 -0.54005003985045 -0.56538988545229
		outer loop
			vertex 6.1276597976685 -2.9826002120972 11.91796875
			vertex 6.5497760772705 0.18000000715256 9.3625688552856
			vertex 6.9434580802917 0.18000000715256 9.7966728210449
		endloop
	endfacet
	facet normal 0.75966736505562 -0.47193745542213 -0.44741539159839
		outer loop
			vertex 6.4352388381958 -2.8563883304596 12.136573791504
			vertex 7.2450013160706 0.18000000715256 10.308663368225
			vertex 6.6876621246338 -2.7025990486145 12.402945518494
		endloop
	endfacet
	facet normal 0.86669758327951 -0.39184636500348 -0.30869357844149
		outer loop
			vertex 6.6876621246338 -2.7025990486145 12.402945518494
			vertex 7.4453573226929 0.18000000715256 10.871189117432
			vertex 6.8752298355103 -2.5271418094635 12.706846237183
		endloop
	endfacet
	facet normal 0.75966725194284 -0.4719375076861 -0.44741552852425
		outer loop
			vertex 6.4352388381958 -2.8563883304596 12.136573791504
			vertex 6.9434580802917 0.18000000715256 9.7966728210449
			vertex 7.2450013160706 0.18000000715256 10.308663368225
		endloop
	endfacet
	facet normal 0.86669759901118 -0.3918463534567 -0.30869354892992
		outer loop
			vertex 6.6876621246338 -2.7025990486145 12.402945518494
			vertex 7.2450013160706 0.18000000715256 10.308663368225
			vertex 7.4453573226929 0.18000000715256 10.871189117432
		endloop
	endfacet
	facet normal 0.86669646608025 -0.3918493751367 -0.30869289413426
		outer loop
			vertex 7.3146057128906 0.54000002145767 10.047113418579
			vertex 7.4655356407166 0.54558455944061 10.463780403137
			vertex 7.5211734771729 0.54000002145767 10.627079963684
		endloop
	endfacet
	facet normal 0.94042183145111 -0.3028532972796 -0.15455309526828
		outer loop
			vertex 6.8752298355103 -2.5271418094635 12.706846237183
			vertex 7.4453573226929 0.18000000715256 10.871189117432
			vertex 7.5416340827942 0.18000000715256 11.457012176514
		endloop
	endfacet
	facet normal 0.97800592072972 -0.20837937049628 0.0090805819849825
		outer loop
			vertex 6.9907331466675 -2.3367598056793 13.036597251892
			vertex 7.5416340827942 0.18000000715256 11.457012176514
			vertex 7.5362138748169 0.18000000715256 12.040784835815
		endloop
	endfacet
	facet normal -0.62344319723295 -0.54004987540656 -0.5653889916662
		outer loop
			vertex 3.7272078990936 -3.8269348144531 12.884496688843
			vertex 3.9362723827362 -3.4615962505341 12.305000305176
			vertex 3.9999735355377 -3.9388613700867 12.690633773804
		endloop
	endfacet
	facet normal -0.62344312757282 -0.54004993969925 -0.56538900706775
		outer loop
			vertex 3.6461315155029 -3.3425400257111 12.511212348938
			vertex 3.9362723827362 -3.4615962505341 12.305000305176
			vertex 3.7272078990936 -3.8269348144531 12.884496688843
		endloop
	endfacet
	facet normal -0.46325928316533 -0.59356570297853 -0.65808099259039
		outer loop
			vertex 3.9362723827362 -3.4615962505341 12.305000305176
			vertex 4.2672915458679 -3.5500628948212 12.15177154541
			vertex 3.9999735355377 -3.9388613700867 12.690633773804
		endloop
	endfacet
	facet normal -0.46325926971716 -0.59356571291905 -0.6580809930913
		outer loop
			vertex 3.9999735355377 -3.9388613700867 12.690633773804
			vertex 4.2672915458679 -3.5500628948212 12.15177154541
			vertex 4.3111696243286 -4.0220303535461 12.546581268311
		endloop
	endfacet
	facet normal -0.28527485433155 -0.63042659324487 -0.72192836764861
		outer loop
			vertex 4.3111696243286 -4.0220303535461 12.546581268311
			vertex 4.6264686584473 -3.604540348053 12.057414054871
			vertex 4.6488375663757 -4.0732455253601 12.457873344421
		endloop
	endfacet
	facet normal 0.28527478344707 -0.63042759974836 -0.72192751672502
		outer loop
			vertex 5.3511624336243 -4.0732455253601 12.457873344421
			vertex 5.7327084541321 -3.5500628948212 12.15177154541
			vertex 5.6888303756714 -4.0220303535461 12.546581268311
		endloop
	endfacet
	facet normal -0.62344333211255 0.21961589764303 0.75039141062971
		outer loop
			vertex 3.6461315155029 -1.988671541214 14.856181144714
			vertex 3.7272078990936 -2.5541427135468 15.089036941528
			vertex 3.9999735355377 -2.4422161579132 15.282899856567
		endloop
	endfacet
	facet normal -0.6234419848233 0.21961754758402 0.75039204710123
		outer loop
			vertex 3.6461315155029 -1.988671541214 14.856181144714
			vertex 3.9999735355377 -2.4422161579132 15.282899856567
			vertex 3.9362723827362 -1.869615316391 15.062392234802
		endloop
	endfacet
	facet normal -0.46325916599231 0.27313291675483 0.84308324316707
		outer loop
			vertex 3.9999735355377 -2.4422161579132 15.282899856567
			vertex 4.3111696243286 -2.3590471744537 15.426952362061
			vertex 3.9362723827362 -1.869615316391 15.062392234802
		endloop
	endfacet
	facet normal -0.46325943910319 0.27313265817364 0.84308317686976
		outer loop
			vertex 3.9362723827362 -1.869615316391 15.062392234802
			vertex 4.3111696243286 -2.3590471744537 15.426952362061
			vertex 4.2672915458679 -1.7811485528946 15.215620994568
		endloop
	endfacet
	facet normal -0.28527487447229 0.30999329667539 0.9069302079053
		outer loop
			vertex 4.2672915458679 -1.7811485528946 15.215620994568
			vertex 4.6488375663757 -2.3078320026398 15.515659332275
			vertex 4.6264686584473 -1.7266709804535 15.309979438782
		endloop
	endfacet
	facet normal -0.28527280592436 0.30999486121611 0.90693032379541
		outer loop
			vertex 4.2672915458679 -1.7811485528946 15.215620994568
			vertex 4.3111696243286 -2.3590471744537 15.426952362061
			vertex 4.6488375663757 -2.3078320026398 15.515659332275
		endloop
	endfacet
	facet normal 0.28527494316001 0.30999449844652 0.90692977552727
		outer loop
			vertex 5.3735313415527 -1.7266709804535 15.309979438782
			vertex 5.6888303756714 -2.3590471744537 15.426952362061
			vertex 5.7327084541321 -1.7811485528946 15.215620994568
		endloop
	endfacet
	facet normal -0.096325753009005 0.32878548922758 0.93947935122632
		outer loop
			vertex 4.6488375663757 -2.3078320026398 15.515659332275
			vertex 5 -2.2905387878418 15.545612335205
			vertex 4.6264686584473 -1.7266709804535 15.309979438782
		endloop
	endfacet
	facet normal -0.096324197989192 0.32878644603883 0.9394791758112
		outer loop
			vertex 4.6264686584473 -1.7266709804535 15.309979438782
			vertex 5 -2.2905387878418 15.545612335205
			vertex 5 -1.7082761526108 15.341839790344
		endloop
	endfacet
	facet normal 0.096325770438703 0.32878639577242 0.9394790321792
		outer loop
			vertex 5 -2.2905387878418 15.545612335205
			vertex 5.3511624336243 -2.3078320026398 15.515659332275
			vertex 5 -1.7082761526108 15.341839790344
		endloop
	endfacet
	facet normal 0.096324181602659 0.32878559378231 0.93947947575229
		outer loop
			vertex 5.3511624336243 -2.3078320026398 15.515659332275
			vertex 5.3735313415527 -1.7266709804535 15.309979438782
			vertex 5 -1.7082761526108 15.341839790344
		endloop
	endfacet
	facet normal 0.2852727328603 0.30999358289249 0.9069307837161
		outer loop
			vertex 5.3511624336243 -2.3078320026398 15.515659332275
			vertex 5.6888303756714 -2.3590471744537 15.426952362061
			vertex 5.3735313415527 -1.7266709804535 15.309979438782
		endloop
	endfacet
	facet normal -0.096327695393589 0.32878716523191 0.93947856552394
		outer loop
			vertex 4.6040186882019 -1.1434025764465 15.103552818298
			vertex 5 0.30231428146362 14.638199806213
			vertex 5 0.54000002145767 14.555017471313
		endloop
	endfacet
	facet normal 0.096325162830108 0.32878646110104 0.93947907161491
		outer loop
			vertex 5 -1.1239020824432 15.137328147888
			vertex 5.3542866706848 0.1985182762146 14.638199806213
			vertex 5 0.30231428146362 14.638199806213
		endloop
	endfacet
	facet normal -0.096324535751298 0.32878648114682 0.93947912889398
		outer loop
			vertex 4.6040186882019 -1.1434025764465 15.103552818298
			vertex 5 -1.1239020824432 15.137328147888
			vertex 5 0.30231428146362 14.638199806213
		endloop
	endfacet
	facet normal 0.096334499106111 0.32878659030786 0.93947806909779
		outer loop
			vertex 5.3959813117981 -1.1434025764465 15.103552818298
			vertex 5.3700609207153 0.19774144887924 14.636854171753
			vertex 5.3542866706848 0.1985182762146 14.638199806213
		endloop
	endfacet
	facet normal 0.096320523921299 0.32878679403234 0.9394794307176
		outer loop
			vertex 5.3959813117981 -1.1434025764465 15.103552818298
			vertex 5.4472060203552 0.18745023012161 14.632546424866
			vertex 5.3700609207153 0.19774144887924 14.636854171753
		endloop
	endfacet
	facet normal 0.28527258929384 0.30999451043129 0.90693051183652
		outer loop
			vertex 5.3959813117981 -1.1434025764465 15.103552818298
			vertex 5.4963264465332 0.18000000715256 14.61964225769
			vertex 5.4472060203552 0.18745023012161 14.632546424866
		endloop
	endfacet
	facet normal 0.096324538616388 0.32878663015813 0.9394790764512
		outer loop
			vertex 5 -1.1239020824432 15.137328147888
			vertex 5.3959813117981 -1.1434025764465 15.103552818298
			vertex 5.3542866706848 0.1985182762146 14.638199806213
		endloop
	endfacet
	facet normal 0.28527380615797 0.30999430400476 0.90693019963212
		outer loop
			vertex 5.3959813117981 -1.1434025764465 15.103552818298
			vertex 5.7767453193665 -1.2011542320251 15.003523826599
			vertex 5.4963264465332 0.18000000715256 14.61964225769
		endloop
	endfacet
	facet normal 0.46325954243424 -0.59356563583697 -0.65808087063602
		outer loop
			vertex 5.7327084541321 -3.5500628948212 12.15177154541
			vertex 6.0637273788452 -3.4615962505341 12.305000305176
			vertex 5.6888303756714 -4.0220303535461 12.546581268311
		endloop
	endfacet
	facet normal 0.46325954603588 -0.59356563678482 -0.65808086724571
		outer loop
			vertex 5.6888303756714 -4.0220303535461 12.546581268311
			vertex 6.0637273788452 -3.4615962505341 12.305000305176
			vertex 6.0000262260437 -3.9388613700867 12.690633773804
		endloop
	endfacet
	facet normal 0.62344257016286 -0.54004998203709 -0.56538958127159
		outer loop
			vertex 6.0000262260437 -3.9388613700867 12.690633773804
			vertex 6.3538684844971 -3.3425400257111 12.511212348938
			vertex 6.272792339325 -3.8269348144531 12.884496688843
		endloop
	endfacet
	facet normal 0.62344282615456 -0.540050034055 -0.56538924930848
		outer loop
			vertex 6.0637273788452 -3.4615962505341 12.305000305176
			vertex 6.3538684844971 -3.3425400257111 12.511212348938
			vertex 6.0000262260437 -3.9388613700867 12.690633773804
		endloop
	endfacet
	facet normal 0.75966692117778 -0.47193775379302 -0.44741583053473
		outer loop
			vertex 6.3538684844971 -3.3425400257111 12.511212348938
			vertex 6.5919809341431 -3.1974694728851 12.762481689453
			vertex 6.272792339325 -3.8269348144531 12.884496688843
		endloop
	endfacet
	facet normal 0.7596662232537 -0.4719376506742 -0.44741712430749
		outer loop
			vertex 6.272792339325 -3.8269348144531 12.884496688843
			vertex 6.5919809341431 -3.1974694728851 12.762481689453
			vertex 6.496645450592 -3.6905519962311 13.120718002319
		endloop
	endfacet
	facet normal 0.86669781812656 -0.39184581036257 -0.30869362312162
		outer loop
			vertex 6.496645450592 -3.6905519962311 13.120718002319
			vertex 6.5919809341431 -3.1974694728851 12.762481689453
			vertex 6.7689142227173 -3.03195977211 13.049152374268
		endloop
	endfacet
	facet normal 0.8666983324756 -0.39184585932316 -0.30869211686614
		outer loop
			vertex 6.496645450592 -3.6905519962311 13.120718002319
			vertex 6.7689142227173 -3.03195977211 13.049152374268
			vertex 6.6629829406738 -3.5349538326263 13.390222549438
		endloop
	endfacet
	facet normal 0.94042146666876 -0.30285402312413 -0.15455389256213
		outer loop
			vertex 6.7689142227173 -3.03195977211 13.049152374268
			vertex 6.8778696060181 -2.8523714542389 13.360208511353
			vertex 6.6629829406738 -3.5349538326263 13.390222549438
		endloop
	endfacet
	facet normal 0.94042155587827 -0.30285402700568 -0.15455334213771
		outer loop
			vertex 6.6629829406738 -3.5349538326263 13.390222549438
			vertex 6.8778696060181 -2.8523714542389 13.360208511353
			vertex 6.7654132843018 -3.3661201000214 13.682650566101
		endloop
	endfacet
	facet normal 0.97800591460757 -0.20837934809106 0.0090817554336315
		outer loop
			vertex 6.7654132843018 -3.3661201000214 13.682650566101
			vertex 6.8778696060181 -2.8523714542389 13.360208511353
			vertex 6.9146590232849 -2.6656057834625 13.683696746826
		endloop
	endfacet
	facet normal 0.97800593151451 -0.20837934894448 0.0090799149723154
		outer loop
			vertex 6.7654132843018 -3.3661201000214 13.682650566101
			vertex 6.9146590232849 -2.6656057834625 13.683696746826
			vertex 6.8000001907349 -3.1905386447906 13.986766815186
		endloop
	endfacet
	facet normal 0.97800571183904 -0.11205387994462 0.17592258410897
		outer loop
			vertex 6.8000001907349 -3.1905386447906 13.986766815186
			vertex 6.8778696060181 -2.4788401126862 14.007184028625
			vertex 6.7654132843018 -3.0149574279785 14.290882110596
		endloop
	endfacet
	facet normal 0.97800606443925 -0.11205386260585 0.17592063493281
		outer loop
			vertex 6.8000001907349 -3.1905386447906 13.986766815186
			vertex 6.9146590232849 -2.6656057834625 13.683696746826
			vertex 6.8778696060181 -2.4788401126862 14.007184028625
		endloop
	endfacet
	facet normal 0.94042139503333 -0.017579791742309 0.33955640280499
		outer loop
			vertex 6.7654132843018 -3.0149574279785 14.290882110596
			vertex 6.8778696060181 -2.4788401126862 14.007184028625
			vertex 6.7689142227173 -2.2992515563965 14.31824016571
		endloop
	endfacet
	facet normal 0.86669821055872 0.071412755290446 0.49369467304817
		outer loop
			vertex 6.7689142227173 -2.2992515563965 14.31824016571
			vertex 6.5919809341431 -2.1337418556213 14.604911804199
			vertex 6.6629829406738 -2.8461236953735 14.583311080933
		endloop
	endfacet
	facet normal 0.94042182101323 -0.017579748813619 0.33955522524888
		outer loop
			vertex 6.7654132843018 -3.0149574279785 14.290882110596
			vertex 6.7689142227173 -2.2992515563965 14.31824016571
			vertex 6.6629829406738 -2.8461236953735 14.583311080933
		endloop
	endfacet
	facet normal 0.86669785182637 0.071412700198829 0.49369531078376
		outer loop
			vertex 6.496645450592 -2.6905255317688 14.852814674377
			vertex 6.6629829406738 -2.8461236953735 14.583311080933
			vertex 6.5919809341431 -2.1337418556213 14.604911804199
		endloop
	endfacet
	facet normal 0.62344227320343 0.21961702934988 0.75039195918031
		outer loop
			vertex 6.4352388381958 -1.4211498498917 14.622480392456
			vertex 6.6648087501526 0.18000000715256 13.963140487671
			vertex 6.2917447090149 0.18000000715256 14.273090362549
		endloop
	endfacet
	facet normal 0.94042184614167 -0.30285327751107 -0.15455304461669
		outer loop
			vertex 6.8752298355103 -2.5271418094635 12.706846237183
			vertex 7.5416340827942 0.18000000715256 11.457012176514
			vertex 6.9907331466675 -2.3367598056793 13.036597251892
		endloop
	endfacet
	facet normal 0.97800591536896 -0.20837939891416 0.0090805072267431
		outer loop
			vertex 6.9907331466675 -2.3367598056793 13.036597251892
			vertex 7.5362138748169 0.18000000715256 12.040784835815
			vertex 7.0297341346741 -2.1387691497803 13.37952709198
		endloop
	endfacet
	facet normal 0.97800589610017 -0.11205369163185 0.1759216796901
		outer loop
			vertex 7.0297341346741 -2.1387691497803 13.37952709198
			vertex 7.4355874061584 0.18000000715256 12.60020160675
			vertex 6.9907331466675 -1.9407783746719 13.722456932068
		endloop
	endfacet
	facet normal 0.75966669983189 0.15150483438579 0.63241820840663
		outer loop
			vertex 6.6876621246338 -1.574939250946 14.356109619141
			vertex 6.6648087501526 0.18000000715256 13.963140487671
			vertex 6.4352388381958 -1.4211498498917 14.622480392456
		endloop
	endfacet
	facet normal 0.86669756136521 0.071413431615196 0.49369571489789
		outer loop
			vertex 6.6876621246338 -1.574939250946 14.356109619141
			vertex 6.8752298355103 -1.7503963708878 14.052208900452
			vertex 6.9881525039673 0.18000000715256 13.574736595154
		endloop
	endfacet
	facet normal 0.94042208510024 -0.017579894377656 0.33955448630431
		outer loop
			vertex 6.9907331466675 -1.9407783746719 13.722456932068
			vertex 7.2491545677185 0.18000000715256 13.116539001465
			vertex 6.8752298355103 -1.7503963708878 14.052208900452
		endloop
	endfacet
	facet normal 0.97800595854455 -0.11205385399437 0.17592122912361
		outer loop
			vertex 7.0297341346741 -2.1387691497803 13.37952709198
			vertex 7.5362138748169 0.18000000715256 12.040784835815
			vertex 7.4355874061584 0.18000000715256 12.60020160675
		endloop
	endfacet
	facet normal 0.94042154902138 -0.017579397516821 0.33955599673569
		outer loop
			vertex 6.9907331466675 -1.9407783746719 13.722456932068
			vertex 7.4355874061584 0.18000000715256 12.60020160675
			vertex 7.2491545677185 0.18000000715256 13.116539001465
		endloop
	endfacet
	facet normal 0.7596669754393 0.15150476743429 0.63241789338348
		outer loop
			vertex 6.6876621246338 -1.574939250946 14.356109619141
			vertex 6.9881525039673 0.18000000715256 13.574736595154
			vertex 6.6648087501526 0.18000000715256 13.963140487671
		endloop
	endfacet
	facet normal 0.86669788676552 0.071413276822985 0.4936951660383
		outer loop
			vertex 6.8752298355103 -1.7503963708878 14.052208900452
			vertex 7.2491545677185 0.18000000715256 13.116539001465
			vertex 6.9881525039673 0.18000000715256 13.574736595154
		endloop
	endfacet
	facet normal 0.46325942508764 0.27313266164305 0.84308318344708
		outer loop
			vertex 5.7327084541321 -1.7811485528946 15.215620994568
			vertex 5.6888303756714 -2.3590471744537 15.426952362061
			vertex 6.0000262260437 -2.4422161579132 15.282899856567
		endloop
	endfacet
	facet normal 0.46325971456403 0.27313275929158 0.84308299274972
		outer loop
			vertex 5.7327084541321 -1.7811485528946 15.215620994568
			vertex 6.0000262260437 -2.4422161579132 15.282899856567
			vertex 6.0637273788452 -1.869615316391 15.062392234802
		endloop
	endfacet
	facet normal 0.75966672840935 0.15150429390887 0.63241830355787
		outer loop
			vertex 6.496645450592 -2.6905255317688 14.852814674377
			vertex 6.5919809341431 -2.1337418556213 14.604911804199
			vertex 6.3538684844971 -1.988671541214 14.856181144714
		endloop
	endfacet
	facet normal 0.62344157928253 0.21961689170575 0.75039257598887
		outer loop
			vertex 6.0637273788452 -1.869615316391 15.062392234802
			vertex 6.272792339325 -2.5541427135468 15.089036941528
			vertex 6.3538684844971 -1.988671541214 14.856181144714
		endloop
	endfacet
	facet normal 0.62344281579633 0.21961722556459 0.7503914509556
		outer loop
			vertex 6.0000262260437 -2.4422161579132 15.282899856567
			vertex 6.272792339325 -2.5541427135468 15.089036941528
			vertex 6.0637273788452 -1.869615316391 15.062392234802
		endloop
	endfacet
	facet normal 0.75966694709105 0.15150433970751 0.63241802990361
		outer loop
			vertex 6.496645450592 -2.6905255317688 14.852814674377
			vertex 6.3538684844971 -1.988671541214 14.856181144714
			vertex 6.272792339325 -2.5541427135468 15.089036941528
		endloop
	endfacet
	facet normal 0.28527342785882 0.3099942640655 0.90693033227705
		outer loop
			vertex 5.7767453193665 -1.2011542320251 15.003523826599
			vertex 5.8816123008728 0.18000000715256 14.49845123291
			vertex 5.4963264465332 0.18000000715256 14.61964225769
		endloop
	endfacet
	facet normal 0.46325954059957 0.27313215344082 0.8430832846168
		outer loop
			vertex 6.1276597976685 -1.2949380874634 14.84108543396
			vertex 5.8816123008728 0.18000000715256 14.49845123291
			vertex 5.7767453193665 -1.2011542320251 15.003523826599
		endloop
	endfacet
	facet normal 0.62344215491376 0.21961703954321 0.7503920544747
		outer loop
			vertex 6.1276597976685 -1.2949380874634 14.84108543396
			vertex 6.4352388381958 -1.4211498498917 14.622480392456
			vertex 6.2917447090149 0.18000000715256 14.273090362549
		endloop
	endfacet
	facet normal 0.46325997261042 0.27313216917899 0.84308304213557
		outer loop
			vertex 6.1276597976685 -1.2949380874634 14.84108543396
			vertex 6.2917447090149 0.18000000715256 14.273090362549
			vertex 5.8816123008728 0.18000000715256 14.49845123291
		endloop
	endfacet
	facet normal 0.75966642079623 0.15150491950334 0.63241852319562
		outer loop
			vertex 8.5355339050293 13.227491378784 8.590295791626
			vertex 6.7164244651794 0.54000002145767 13.814895629883
			vertex 7.0497937202454 0.54000002145767 13.414449691772
		endloop
	endfacet
	facet normal -0.28527380928728 0.30999435875562 0.90693017993361
		outer loop
			vertex 3.0865828990936 13.769423484802 9.5289487838745
			vertex 4.2232546806335 -1.2011542320251 15.003523826599
			vertex 4.6040186882019 -1.1434025764465 15.103552818298
		endloop
	endfacet
	facet normal -0.096323787705375 0.32878645732131 0.93947921392876
		outer loop
			vertex 4.6040186882019 -1.1434025764465 15.103552818298
			vertex 5 0.54000002145767 14.555017471313
			vertex 5 13.95972442627 9.8585605621338
		endloop
	endfacet
	facet normal 0.09632442885857 0.32878643682578 0.93947915536454
		outer loop
			vertex 5 13.95972442627 9.8585605621338
			vertex 5 0.54000002145767 14.555017471313
			vertex 5.4607753753662 0.54000002145767 14.507774353027
		endloop
	endfacet
	facet normal 0.2852731310401 0.30999442465171 0.90693037075149
		outer loop
			vertex 5.9754514694214 13.911687850952 9.7753582000732
			vertex 5.4607753753662 0.54000002145767 14.507774353027
			vertex 5.9089460372925 0.54000002145767 14.36680316925
		endloop
	endfacet
	facet normal 0.46326067160517 0.27313203110528 0.84308270278083
		outer loop
			vertex 6.913417339325 13.769423484802 9.5289487838745
			vertex 5.9089460372925 0.54000002145767 14.36680316925
			vertex 6.3317942619324 0.54000002145767 14.134454727173
		endloop
	endfacet
	facet normal 0.62344204114248 0.21961702617836 0.75039215290985
		outer loop
			vertex 7.7778511047363 13.538398742676 9.1288022994995
			vertex 6.3317942619324 0.54000002145767 14.134454727173
			vertex 6.7164244651794 0.54000002145767 13.814895629883
		endloop
	endfacet
	facet normal -0.62231729996031 -0.21097765119773 -0.75379679547289
		outer loop
			vertex 2.2926325798035 9.9861497879028 1.7005153894424
			vertex 1.4644660949707 9.6919574737549 2.4665710926056
			vertex 1.5541749000549 10.289167404175 2.2253584861755
		endloop
	endfacet
	facet normal -0.75829594570621 -0.14298831491294 -0.63603584845815
		outer loop
			vertex 0.84265196323395 10.070798873901 3.1227436065674
			vertex 1.5541749000549 10.289167404175 2.2253584861755
			vertex 1.4644660949707 9.6919574737549 2.4665710926056
		endloop
	endfacet
	facet normal -0.73438047294693 0.28326520661932 -0.61680316444807
		outer loop
			vertex 1.2485382556915 11.227022171021 2.7683579921722
			vertex 0.9481383562088 10.658396720886 2.8648815155029
			vertex 0.49781256914139 11.079647064209 3.5945081710815
		endloop
	endfacet
	facet normal -0.9387246793308 0.02579084250244 -0.34370162766316
		outer loop
			vertex 0.38060232996941 10.503015518188 3.8713655471802
			vertex 0.22050331532955 11.536729812622 4.3861994743347
			vertex 0.49781256914139 11.079647064209 3.5945081710815
		endloop
	endfacet
	facet normal -0.86513359174878 -0.063041415333108 -0.49756371288575
		outer loop
			vertex 0.9481383562088 10.658396720886 2.8648815155029
			vertex 0.38060232996941 10.503015518188 3.8713655471802
			vertex 0.49781256914139 11.079647064209 3.5945081710815
		endloop
	endfacet
	facet normal -0.86513359230386 -0.063041410785915 -0.49756371249675
		outer loop
			vertex 0.9481383562088 10.658396720886 2.8648815155029
			vertex 0.84265196323395 10.070798873901 3.1227436065674
			vertex 0.38060232996941 10.503015518188 3.8713655471802
		endloop
	endfacet
	facet normal -0.73438039721967 0.28326577265329 -0.61680299466087
		outer loop
			vertex 1.2485382556915 11.227022171021 2.7683579921722
			vertex 0.49781256914139 11.079647064209 3.5945081710815
			vertex 0.83159911632538 11.617040634155 3.4438910484314
		endloop
	endfacet
	facet normal -0.79684905556548 0.35867226813154 -0.48619521461834
		outer loop
			vertex 0.49781256914139 11.079647064209 3.5945081710815
			vertex 0.22050331532955 11.536729812622 4.3861994743347
			vertex 0.83159911632538 11.617040634155 3.4438910484314
		endloop
	endfacet
	facet normal -0.5334223372287 0.63809182833885 -0.55524717806816
		outer loop
			vertex 0.83159911632538 11.617040634155 3.4438910484314
			vertex 0.57484918832779 12.040236473083 4.1768870353699
			vertex 1.3311458826065 12.033385276794 3.4424443244934
		endloop
	endfacet
	facet normal -0.79684926786016 0.35867152387528 -0.4861954157247
		outer loop
			vertex 0.83159911632538 11.617040634155 3.4438910484314
			vertex 0.22050331532955 11.536729812622 4.3861994743347
			vertex 0.57484918832779 12.040236473083 4.1768870353699
		endloop
	endfacet
	facet normal -0.64368978495648 0.21540113527884 -0.73434720103182
		outer loop
			vertex 1.2485382556915 11.227022171021 2.7683579921722
			vertex 1.5541749000549 10.289167404175 2.2253584861755
			vertex 0.9481383562088 10.658396720886 2.8648815155029
		endloop
	endfacet
	facet normal -0.75829594408499 -0.14298832178744 -0.63603584884554
		outer loop
			vertex 0.9481383562088 10.658396720886 2.8648815155029
			vertex 1.5541749000549 10.289167404175 2.2253584861755
			vertex 0.84265196323395 10.070798873901 3.1227436065674
		endloop
	endfacet
	facet normal -0.64368981081426 0.21540111685761 -0.73434718376964
		outer loop
			vertex 1.2485382556915 11.227022171021 2.7683579921722
			vertex 1.8096441030502 10.885167121887 2.1762483119965
			vertex 1.5541749000549 10.289167404175 2.2253584861755
		endloop
	endfacet
	facet normal -0.43089495250178 0.54218476764811 -0.72136344351433
		outer loop
			vertex 1.2485382556915 11.227022171021 2.7683579921722
			vertex 2.1919806003571 11.389220237732 2.3267176151276
			vertex 1.8096441030502 10.885167121887 2.1762483119965
		endloop
	endfacet
	facet normal -0.43089488826878 0.54218522448469 -0.72136313851924
		outer loop
			vertex 1.2485382556915 11.227022171021 2.7683579921722
			vertex 1.6981185674667 11.690106391907 2.8478679656982
			vertex 2.1919806003571 11.389220237732 2.3267176151276
		endloop
	endfacet
	facet normal -0.49160433918299 0.58761431415783 -0.64267767309381
		outer loop
			vertex 1.2485382556915 11.227022171021 2.7683579921722
			vertex 1.3311458826065 12.033385276794 3.4424443244934
			vertex 1.6981185674667 11.690106391907 2.8478679656982
		endloop
	endfacet
	facet normal -0.49160512212473 0.58761407585548 -0.64267729208152
		outer loop
			vertex 1.2485382556915 11.227022171021 2.7683579921722
			vertex 0.83159911632538 11.617040634155 3.4438910484314
			vertex 1.3311458826065 12.033385276794 3.4424443244934
		endloop
	endfacet
	facet normal -0.53342157918316 0.63809313071907 -0.55524640961548
		outer loop
			vertex 0.57484918832779 12.040236473083 4.1768870353699
			vertex 1.1051652431488 12.405863761902 4.0875973701477
			vertex 1.3311458826065 12.033385276794 3.4424443244934
		endloop
	endfacet
	facet normal -0.18755825473701 0.82078116298469 -0.53957407607251
		outer loop
			vertex 1.1051652431488 12.405863761902 4.0875973701477
			vertex 1.9204015731812 12.265294075012 3.5903880596161
			vertex 1.3311458826065 12.033385276794 3.4424443244934
		endloop
	endfacet
	facet normal -0.17285436428436 0.80303198514187 -0.57031657839042
		outer loop
			vertex 1.6981185674667 11.690106391907 2.8478679656982
			vertex 1.3311458826065 12.033385276794 3.4424443244934
			vertex 1.9204015731812 12.265294075012 3.5903880596161
		endloop
	endfacet
	facet normal -0.18755914668874 0.82078018037363 -0.53957526073684
		outer loop
			vertex 1.1051652431488 12.405863761902 4.0875973701477
			vertex 1.7307157516479 12.577949523926 4.1319227218628
			vertex 1.9204015731812 12.265294075012 3.5903880596161
		endloop
	endfacet
	facet normal -0.62231733037911 -0.21097756384078 -0.75379679480986
		outer loop
			vertex 2.2926325798035 9.9861497879028 1.7005153894424
			vertex 2.2221488952637 9.3810501098633 1.9280643463135
			vertex 1.4644660949707 9.6919574737549 2.4665710926056
		endloop
	endfacet
	facet normal -0.46242353161336 -0.26439631292826 -0.84632090079365
		outer loop
			vertex 2.2926325798035 9.9861497879028 1.7005153894424
			vertex 3.0865828990936 9.1500253677368 1.5279176235199
			vertex 2.2221488952637 9.3810501098633 1.9280643463135
		endloop
	endfacet
	facet normal -0.46242369931504 -0.26439650336728 -0.8463207496682
		outer loop
			vertex 2.2926325798035 9.9861497879028 1.7005153894424
			vertex 3.1351327896118 9.760986328125 1.3105218410492
			vertex 3.0865828990936 9.1500253677368 1.5279176235199
		endloop
	endfacet
	facet normal -0.28475909780675 -0.3011920125763 -0.91005254121755
		outer loop
			vertex 3.0865828990936 9.1500253677368 1.5279176235199
			vertex 3.1351327896118 9.760986328125 1.3105218410492
			vertex 4.0492987632751 9.6223316192627 1.0703649520874
		endloop
	endfacet
	facet normal -0.24172161990962 0.081107992424781 -0.96694992219509
		outer loop
			vertex 3.1351327896118 9.760986328125 1.3105218410492
			vertex 3.2733917236328 10.396144866943 1.3292366266251
			vertex 4.0492987632751 9.6223316192627 1.0703649520874
		endloop
	endfacet
	facet normal -0.2847590463076 -0.3011921038841 -0.9100525271125
		outer loop
			vertex 3.0865828990936 9.1500253677368 1.5279176235199
			vertex 4.0492987632751 9.6223316192627 1.0703649520874
			vertex 4.0245485305786 9.0077610015869 1.2815084457397
		endloop
	endfacet
	facet normal -0.52826262858225 0.15768752673519 -0.83431003778902
		outer loop
			vertex 2.4933533668518 10.604614257812 1.6903165578842
			vertex 1.5541749000549 10.289167404175 2.2253584861755
			vertex 1.8096441030502 10.885167121887 2.1762483119965
		endloop
	endfacet
	facet normal -0.52826267770202 0.15768781962509 -0.83430995133043
		outer loop
			vertex 2.4933533668518 10.604614257812 1.6903165578842
			vertex 2.2926325798035 9.9861497879028 1.7005153894424
			vertex 1.5541749000549 10.289167404175 2.2253584861755
		endloop
	endfacet
	facet normal -0.35362644918813 0.50355054880391 -0.78827988635628
		outer loop
			vertex 2.4933533668518 10.604614257812 1.6903165578842
			vertex 1.8096441030502 10.885167121887 2.1762483119965
			vertex 2.1919806003571 11.389220237732 2.3267176151276
		endloop
	endfacet
	facet normal -0.39253445010265 0.11234245383073 -0.91285041411498
		outer loop
			vertex 2.4933533668518 10.604614257812 1.6903165578842
			vertex 3.1351327896118 9.760986328125 1.3105218410492
			vertex 2.2926325798035 9.9861497879028 1.7005153894424
		endloop
	endfacet
	facet normal -0.35362633699545 0.50355060408053 -0.78827990137597
		outer loop
			vertex 2.4933533668518 10.604614257812 1.6903165578842
			vertex 2.1919806003571 11.389220237732 2.3267176151276
			vertex 2.7937533855438 11.142289161682 1.8990205526352
		endloop
	endfacet
	facet normal -0.39253455542312 0.11234235859716 -0.91285038054634
		outer loop
			vertex 2.4933533668518 10.604614257812 1.6903165578842
			vertex 3.2733917236328 10.396144866943 1.3292366266251
			vertex 3.1351327896118 9.760986328125 1.3105218410492
		endloop
	endfacet
	facet normal -0.26276802921654 0.4731963345643 -0.84085563075748
		outer loop
			vertex 2.4933533668518 10.604614257812 1.6903165578842
			vertex 3.4803109169006 10.958802223206 1.5812128782272
			vertex 3.2733917236328 10.396144866943 1.3292366266251
		endloop
	endfacet
	facet normal -0.26276786153181 0.4731957497925 -0.84085601224248
		outer loop
			vertex 2.4933533668518 10.604614257812 1.6903165578842
			vertex 2.7937533855438 11.142289161682 1.8990205526352
			vertex 3.4803109169006 10.958802223206 1.5812128782272
		endloop
	endfacet
	facet normal -0.092392040268186 0.76280026716618 -0.6399995807079
		outer loop
			vertex 2.7937533855438 11.142289161682 1.8990205526352
			vertex 3.1480991840363 11.517317771912 2.294853925705
			vertex 3.7243885993958 11.363300323486 2.0280895233154
		endloop
	endfacet
	facet normal -0.1618115895367 0.45228753456604 -0.87707069017713
		outer loop
			vertex 3.2733917236328 10.396144866943 1.3292366266251
			vertex 3.4803109169006 10.958802223206 1.5812128782272
			vertex 4.1197829246521 10.267769813538 1.1068847179413
		endloop
	endfacet
	facet normal -0.092392250504347 0.7628007786726 -0.63999894070476
		outer loop
			vertex 2.7937533855438 11.142289161682 1.8990205526352
			vertex 3.7243885993958 11.363300323486 2.0280895233154
			vertex 3.4803109169006 10.958802223206 1.5812128782272
		endloop
	endfacet
	facet normal -0.12433924375507 0.77347439583728 -0.62151195599648
		outer loop
			vertex 2.1919806003571 11.389220237732 2.3267176151276
			vertex 2.64297747612 11.724588394165 2.6538586616516
			vertex 2.7937533855438 11.142289161682 1.8990205526352
		endloop
	endfacet
	facet normal -0.15150796861845 0.78705876988802 -0.59798313369816
		outer loop
			vertex 2.1919806003571 11.389220237732 2.3267176151276
			vertex 1.6981185674667 11.690106391907 2.8478679656982
			vertex 2.64297747612 11.724588394165 2.6538586616516
		endloop
	endfacet
	facet normal -0.17285537079212 0.8030319834251 -0.5703162757494
		outer loop
			vertex 1.6981185674667 11.690106391907 2.8478679656982
			vertex 1.9204015731812 12.265294075012 3.5903880596161
			vertex 2.2284345626831 11.977149963379 3.0913069248199
		endloop
	endfacet
	facet normal -0.15150817766661 0.78705782907962 -0.59798431901232
		outer loop
			vertex 1.6981185674667 11.690106391907 2.8478679656982
			vertex 2.2284345626831 11.977149963379 3.0913069248199
			vertex 2.64297747612 11.724588394165 2.6538586616516
		endloop
	endfacet
	facet normal 6.8832831251401e-06 0.86602763098076 -0.4999961423156
		outer loop
			vertex 1.9204015731812 12.265294075012 3.5903880596161
			vertex 2.64297747612 11.724588394165 2.6538586616516
			vertex 2.2284345626831 11.977149963379 3.0913069248199
		endloop
	endfacet
	facet normal -4.4293565928162e-08 0.86602531658011 -0.5000001510423
		outer loop
			vertex 1.9204015731812 12.265294075012 3.5903880596161
			vertex 3.7243885993958 11.363300323486 2.0280895233154
			vertex 2.64297747612 11.724588394165 2.6538586616516
		endloop
	endfacet
	facet normal -0.1243409546454 0.77347405652666 -0.6215120359881
		outer loop
			vertex 2.7937533855438 11.142289161682 1.8990205526352
			vertex 2.64297747612 11.724588394165 2.6538586616516
			vertex 3.1480991840363 11.517317771912 2.294853925705
		endloop
	endfacet
	facet normal 6.8392621778795e-06 0.86603046749866 -0.49999122924035
		outer loop
			vertex 3.1480991840363 11.517317771912 2.294853925705
			vertex 2.64297747612 11.724588394165 2.6538586616516
			vertex 3.7243885993958 11.363300323486 2.0280895233154
		endloop
	endfacet
	facet normal -0.9387246541134 0.025790879333895 -0.34370169377364
		outer loop
			vertex 0.38060232996941 10.503015518188 3.8713655471802
			vertex 0.096073597669601 10.971998214722 4.6836676597595
			vertex 0.22050331532955 11.536729812622 4.3861994743347
		endloop
	endfacet
	facet normal -0.97624104102681 0.12009461548806 -0.18036272659746
		outer loop
			vertex 0.22050331532955 11.536729812622 4.3861994743347
			vertex 0.096073597669601 10.971998214722 4.6836676597595
			vertex 0.12686744332314 12.012080192566 5.2095303535461
		endloop
	endfacet
	facet normal -0.97624102430401 0.12009464935541 -0.18036279456154
		outer loop
			vertex 0.096073597669601 10.971998214722 4.6836676597595
			vertex 0 11.45972442627 5.5284333229065
			vertex 0.12686744332314 12.012080192566 5.2095303535461
		endloop
	endfacet
	facet normal -0.8286956106227 0.4387228800338 -0.34754254339509
		outer loop
			vertex 0.22050331532955 11.536729812622 4.3861994743347
			vertex 0.48815536499023 12.480344772339 4.9391775131226
			vertex 0.57484918832779 12.040236473083 4.1768870353699
		endloop
	endfacet
	facet normal -0.82869541192618 0.43872300722656 -0.34754285661281
		outer loop
			vertex 0.22050331532955 11.536729812622 4.3861994743347
			vertex 0.12686744332314 12.012080192566 5.2095303535461
			vertex 0.48815536499023 12.480344772339 4.9391775131226
		endloop
	endfacet
	facet normal -0.55473981368991 0.69168012386571 -0.46243090873816
		outer loop
			vertex 0.57484918832779 12.040236473083 4.1768870353699
			vertex 0.48815536499023 12.480344772339 4.9391775131226
			vertex 1.1051652431488 12.405863761902 4.0875973701477
		endloop
	endfacet
	facet normal -0.55473998055278 0.69167992106789 -0.46243101190103
		outer loop
			vertex 1.1051652431488 12.405863761902 4.0875973701477
			vertex 0.48815536499023 12.480344772339 4.9391775131226
			vertex 1.0288609266281 12.793229103088 4.7585339546204
		endloop
	endfacet
	facet normal -0.55474004643381 0.7463164846921 -0.3677977508896
		outer loop
			vertex 0.48815536499023 12.480344772339 4.9391775131226
			vertex 1.1051652431488 13.180595397949 5.4294700622559
			vertex 1.0288609266281 12.793229103088 4.7585339546204
		endloop
	endfacet
	facet normal -0.9762410193999 0.21624610348063 -0.013823703211759
		outer loop
			vertex 0.12686744332314 12.012080192566 5.2095303535461
			vertex 0 11.45972442627 5.5284333229065
			vertex 0.22050331532955 12.48743057251 6.0328617095947
		endloop
	endfacet
	facet normal -0.8286953909587 0.52034248300839 -0.20617383291889
		outer loop
			vertex 0.12686744332314 12.012080192566 5.2095303535461
			vertex 0.22050331532955 12.48743057251 6.0328617095947
			vertex 0.48815536499023 12.480344772339 4.9391775131226
		endloop
	endfacet
	facet normal -0.9762410368405 0.21624603424922 -0.013823554538024
		outer loop
			vertex 0 11.45972442627 5.5284333229065
			vertex 0.096073597669601 11.947449684143 6.3731989860535
			vertex 0.22050331532955 12.48743057251 6.0328617095947
		endloop
	endfacet
	facet normal -0.82869580824398 0.52034177978329 -0.20617393048302
		outer loop
			vertex 0.48815536499023 12.480344772339 4.9391775131226
			vertex 0.22050331532955 12.48743057251 6.0328617095947
			vertex 0.57484918832779 12.920454025269 5.7014679908752
		endloop
	endfacet
	facet normal -0.55474055574191 0.74631644789038 -0.36779705738823
		outer loop
			vertex 0.48815536499023 12.480344772339 4.9391775131226
			vertex 0.57484918832779 12.920454025269 5.7014679908752
			vertex 1.1051652431488 13.180595397949 5.4294700622559
		endloop
	endfacet
	facet normal -0.79684934000821 0.60039328658957 -0.067520594981484
		outer loop
			vertex 0.22050331532955 12.48743057251 6.0328617095947
			vertex 0.83159911632538 13.343648910522 6.4344644546509
			vertex 0.57484918832779 12.920454025269 5.7014679908752
		endloop
	endfacet
	facet normal -0.19505508810449 0.83962249867853 -0.50693941681168
		outer loop
			vertex 1.1051652431488 12.405863761902 4.0875973701477
			vertex 1.0288609266281 12.793229103088 4.7585339546204
			vertex 1.7307157516479 12.577949523926 4.1319227218628
		endloop
	endfacet
	facet normal -0.19505367605136 0.85883326803502 -0.47366600170915
		outer loop
			vertex 1.0288609266281 12.793229103088 4.7585339546204
			vertex 1.1051652431488 13.180595397949 5.4294700622559
			vertex 1.7307157516479 13.22825050354 5.2582774162292
		endloop
	endfacet
	facet normal -0.19505523721801 0.83962238647164 -0.50693954528079
		outer loop
			vertex 1.7307157516479 12.577949523926 4.1319227218628
			vertex 1.0288609266281 12.793229103088 4.7585339546204
			vertex 1.6666666269302 12.903100013733 4.6950998306274
		endloop
	endfacet
	facet normal 1.6669609363558e-06 0.86602547249423 -0.49999988098835
		outer loop
			vertex 1.9204015731812 12.265294075012 3.5903880596161
			vertex 1.7307157516479 12.577949523926 4.1319227218628
			vertex 1.7307157516479 13.22825050354 5.2582774162292
		endloop
	endfacet
	facet normal 1.8612160853337e-06 0.86602547249393 -0.49999988098818
		outer loop
			vertex 1.7307157516479 12.577949523926 4.1319227218628
			vertex 1.6666666269302 12.903100013733 4.6950998306274
			vertex 1.7307157516479 13.22825050354 5.2582774162292
		endloop
	endfacet
	facet normal -0.19505523002521 0.85883384281979 -0.47366431960536
		outer loop
			vertex 1.0288609266281 12.793229103088 4.7585339546204
			vertex 1.7307157516479 13.22825050354 5.2582774162292
			vertex 1.6666666269302 12.903100013733 4.6950998306274
		endloop
	endfacet
	facet normal -0.93872475687635 0.31054958615672 0.14951516767648
		outer loop
			vertex 0.22050331532955 12.48743057251 6.0328617095947
			vertex 0.096073597669601 11.947449684143 6.3731989860535
			vertex 0.38060232996941 12.416433334351 7.1855010986328
		endloop
	endfacet
	facet normal -0.93872468526453 0.31054980104024 0.14951517096559
		outer loop
			vertex 0.22050331532955 12.48743057251 6.0328617095947
			vertex 0.38060232996941 12.416433334351 7.1855010986328
			vertex 0.49781256914139 12.944514274597 6.8245525360107
		endloop
	endfacet
	facet normal -0.79684892815845 0.60039367063961 -0.067522040465484
		outer loop
			vertex 0.22050331532955 12.48743057251 6.0328617095947
			vertex 0.49781256914139 12.944514274597 6.8245525360107
			vertex 0.83159911632538 13.343648910522 6.4344644546509
		endloop
	endfacet
	facet normal -0.86513342573718 0.39938230362105 0.30337753909378
		outer loop
			vertex 0.49781256914139 12.944514274597 6.8245525360107
			vertex 0.38060232996941 12.416433334351 7.1855010986328
			vertex 0.9481383562088 13.365763664246 7.5541791915894
		endloop
	endfacet
	facet normal -0.86513346527983 0.39938244158967 0.3033772447017
		outer loop
			vertex 0.38060232996941 12.416433334351 7.1855010986328
			vertex 0.84265196323395 12.848649978638 7.9341230392456
			vertex 0.9481383562088 13.365763664246 7.5541791915894
		endloop
	endfacet
	facet normal -0.5334219459628 0.79990437408194 -0.27498003543864
		outer loop
			vertex 0.57484918832779 12.920454025269 5.7014679908752
			vertex 0.83159911632538 13.343648910522 6.4344644546509
			vertex 1.1051652431488 13.180595397949 5.4294700622559
		endloop
	endfacet
	facet normal -0.53342182767922 0.79990445927697 -0.27498001706338
		outer loop
			vertex 1.1051652431488 13.180595397949 5.4294700622559
			vertex 0.83159911632538 13.343648910522 6.4344644546509
			vertex 1.3311458826065 13.553073883057 6.0746231079102
		endloop
	endfacet
	facet normal -0.18755774902288 0.87767561362491 -0.44103016680224
		outer loop
			vertex 1.1051652431488 13.180595397949 5.4294700622559
			vertex 1.9204015731812 13.540905952454 5.7998118400574
			vertex 1.7307157516479 13.22825050354 5.2582774162292
		endloop
	endfacet
	facet normal -0.18755879818353 0.87767624250108 -0.44102846911864
		outer loop
			vertex 1.1051652431488 13.180595397949 5.4294700622559
			vertex 1.3311458826065 13.553073883057 6.0746231079102
			vertex 1.9204015731812 13.540905952454 5.7998118400574
		endloop
	endfacet
	facet normal -0.17285552824578 0.89542465394694 -0.410287284057
		outer loop
			vertex 1.3311458826065 13.553073883057 6.0746231079102
			vertex 1.6981185674667 13.896352767944 6.6691994667053
			vertex 1.9204015731812 13.540905952454 5.7998118400574
		endloop
	endfacet
	facet normal -0.73438014965645 0.67580023811184 0.063085925201612
		outer loop
			vertex 0.49781256914139 12.944514274597 6.8245525360107
			vertex 1.2485382556915 13.733668327332 7.1099972724915
			vertex 0.83159911632538 13.343648910522 6.4344644546509
		endloop
	endfacet
	facet normal -0.73438031311111 0.67579994461044 0.063087166518709
		outer loop
			vertex 0.49781256914139 12.944514274597 6.8245525360107
			vertex 0.9481383562088 13.365763664246 7.5541791915894
			vertex 1.2485382556915 13.733668327332 7.1099972724915
		endloop
	endfacet
	facet normal -0.49160472438107 0.85038211091262 -0.18755015437479
		outer loop
			vertex 0.83159911632538 13.343648910522 6.4344644546509
			vertex 1.2485382556915 13.733668327332 7.1099972724915
			vertex 1.3311458826065 13.553073883057 6.0746231079102
		endloop
	endfacet
	facet normal -0.49160441502576 0.85038228836749 -0.18755016064524
		outer loop
			vertex 1.3311458826065 13.553073883057 6.0746231079102
			vertex 1.2485382556915 13.733668327332 7.1099972724915
			vertex 1.6981185674667 13.896352767944 6.6691994667053
		endloop
	endfacet
	facet normal -0.43089471874109 0.89581152335 -0.10886439268372
		outer loop
			vertex 1.6981185674667 13.896352767944 6.6691994667053
			vertex 1.2485382556915 13.733668327332 7.1099972724915
			vertex 2.1919806003571 14.197238922119 7.1903500556946
		endloop
	endfacet
	facet normal -0.64369026563161 0.74366354619931 0.18063048465132
		outer loop
			vertex 1.2485382556915 13.733668327332 7.1099972724915
			vertex 0.9481383562088 13.365763664246 7.5541791915894
			vertex 1.5541749000549 13.734992980957 8.1937026977539
		endloop
	endfacet
	facet normal -0.75829595605518 0.4793293298652 0.44184911062639
		outer loop
			vertex 0.9481383562088 13.365763664246 7.5541791915894
			vertex 0.84265196323395 12.848649978638 7.9341230392456
			vertex 1.4644660949707 13.227491378784 8.590295791626
		endloop
	endfacet
	facet normal -0.75829620115058 0.47932888434441 0.44184917330889
		outer loop
			vertex 0.9481383562088 13.365763664246 7.5541791915894
			vertex 1.4644660949707 13.227491378784 8.590295791626
			vertex 1.5541749000549 13.734992980957 8.1937026977539
		endloop
	endfacet
	facet normal -0.64369001969955 0.74366377598506 0.1806304150104
		outer loop
			vertex 1.2485382556915 13.733668327332 7.1099972724915
			vertex 1.5541749000549 13.734992980957 8.1937026977539
			vertex 1.8096441030502 14.075523376465 7.7021069526672
		endloop
	endfacet
	facet normal -0.43089461507939 0.89581146571129 -0.1088652772732
		outer loop
			vertex 1.2485382556915 13.733668327332 7.1099972724915
			vertex 1.8096441030502 14.075523376465 7.7021069526672
			vertex 2.1919806003571 14.197238922119 7.1903500556946
		endloop
	endfacet
	facet normal 1.8097936176855e-07 0.86602539931723 -0.50000000773739
		outer loop
			vertex 1.9204015731812 12.265294075012 3.5903880596161
			vertex 1.7307157516479 13.22825050354 5.2582774162292
			vertex 3.1480991840363 14.288882255554 7.0953459739685
		endloop
	endfacet
	facet normal 5.7714001505801e-06 0.86602424895743 -0.50000200018041
		outer loop
			vertex 1.7307157516479 13.22825050354 5.2582774162292
			vertex 1.9204015731812 13.540905952454 5.7998118400574
			vertex 2.2284345626831 13.829050064087 6.2988929748535
		endloop
	endfacet
	facet normal 1.221430978759e-07 0.86602541897381 -0.49999997369122
		outer loop
			vertex 1.7307157516479 13.22825050354 5.2582774162292
			vertex 2.2284345626831 13.829050064087 6.2988929748535
			vertex 3.1480991840363 14.288882255554 7.0953459739685
		endloop
	endfacet
	facet normal -0.1728544203285 0.89542494339365 -0.4102871191268
		outer loop
			vertex 1.6981185674667 13.896352767944 6.6691994667053
			vertex 2.2284345626831 13.829050064087 6.2988929748535
			vertex 1.9204015731812 13.540905952454 5.7998118400574
		endloop
	endfacet
	facet normal -0.15150893199385 0.91139782286333 -0.38262129058126
		outer loop
			vertex 1.6981185674667 13.896352767944 6.6691994667053
			vertex 2.64297747612 14.081611633301 6.7363414764404
			vertex 2.2284345626831 13.829050064087 6.2988929748535
		endloop
	endfacet
	facet normal -0.15150915065994 0.91139840455674 -0.38261981840691
		outer loop
			vertex 1.6981185674667 13.896352767944 6.6691994667053
			vertex 2.1919806003571 14.197238922119 7.1903500556946
			vertex 2.64297747612 14.081611633301 6.7363414764404
		endloop
	endfacet
	facet normal 6.1957542713853e-06 0.86602238213581 -0.50000523357404
		outer loop
			vertex 2.2284345626831 13.829050064087 6.2988929748535
			vertex 2.64297747612 14.081611633301 6.7363414764404
			vertex 3.1480991840363 14.288882255554 7.0953459739685
		endloop
	endfacet
	facet normal -0.12434067252379 0.92498264803761 -0.35909121123424
		outer loop
			vertex 2.1919806003571 14.197238922119 7.1903500556946
			vertex 2.7937533855438 14.444169998169 7.6180467605591
			vertex 2.64297747612 14.081611633301 6.7363414764404
		endloop
	endfacet
	facet normal -0.35362588043914 0.934445851974 -0.041948616332726
		outer loop
			vertex 1.8096441030502 14.075523376465 7.7021069526672
			vertex 2.4933533668518 14.35607624054 8.1880388259888
			vertex 2.1919806003571 14.197238922119 7.1903500556946
		endloop
	endfacet
	facet normal -0.52826282959454 0.80137741916254 0.28059332658701
		outer loop
			vertex 1.5541749000549 13.734992980957 8.1937026977539
			vertex 2.2926325798035 14.038011550903 8.7185459136963
			vertex 1.8096441030502 14.075523376465 7.7021069526672
		endloop
	endfacet
	facet normal -0.52826251449585 0.80137767598033 0.28059318633724
		outer loop
			vertex 1.8096441030502 14.075523376465 7.7021069526672
			vertex 2.2926325798035 14.038011550903 8.7185459136963
			vertex 2.4933533668518 14.35607624054 8.1880388259888
		endloop
	endfacet
	facet normal -0.35362588746058 0.93444584943024 -0.041948613806775
		outer loop
			vertex 2.1919806003571 14.197238922119 7.1903500556946
			vertex 2.4933533668518 14.35607624054 8.1880388259888
			vertex 2.7937533855438 14.444169998169 7.6180467605591
		endloop
	endfacet
	facet normal -0.12433887547847 0.92498275347279 -0.35909156189285
		outer loop
			vertex 2.64297747612 14.081611633301 6.7363414764404
			vertex 2.7937533855438 14.444169998169 7.6180467605591
			vertex 3.1480991840363 14.288882255554 7.0953459739685
		endloop
	endfacet
	facet normal -0.092393352891496 0.93565540492478 -0.34060597701231
		outer loop
			vertex 2.7937533855438 14.444169998169 7.6180467605591
			vertex 3.4803109169006 14.627656936646 7.935854434967
			vertex 3.1480991840363 14.288882255554 7.0953459739685
		endloop
	endfacet
	facet normal -0.26276752974042 0.96480064434334 0.010627416845221
		outer loop
			vertex 2.4933533668518 14.35607624054 8.1880388259888
			vertex 3.2733917236328 14.564545631409 8.5491189956665
			vertex 2.7937533855438 14.444169998169 7.6180467605591
		endloop
	endfacet
	facet normal -0.26276888899535 0.96480026589126 0.010628165989229
		outer loop
			vertex 2.7937533855438 14.444169998169 7.6180467605591
			vertex 3.2733917236328 14.564545631409 8.5491189956665
			vertex 3.4803109169006 14.627656936646 7.935854434967
		endloop
	endfacet
	facet normal -0.092392123361939 0.93565535652905 -0.34060644347864
		outer loop
			vertex 3.1480991840363 14.288882255554 7.0953459739685
			vertex 3.4803109169006 14.627656936646 7.935854434967
			vertex 3.7243885993958 14.442898750305 7.3621106147766
		endloop
	endfacet
	facet normal -1.9767015069208e-07 0.86602578891 -0.49999933294233
		outer loop
			vertex 3.1480991840363 14.288882255554 7.0953459739685
			vertex 3.7243885993958 14.442898750305 7.3621106147766
			vertex 4.3496990203857 14.537741661072 7.5263833999634
		endloop
	endfacet
	facet normal -0.09615124193646 -0.3199502575341 -0.94254271594339
		outer loop
			vertex 4.0245485305786 9.0077610015869 1.2815084457397
			vertex 5 9.5755138397217 0.98927390575409
			vertex 5 8.9597244262695 1.1983063220978
		endloop
	endfacet
	facet normal -0.096151273361381 -0.31995021016899 -0.94254272881594
		outer loop
			vertex 4.0492987632751 9.6223316192627 1.0703649520874
			vertex 5 9.5755138397217 0.98927390575409
			vertex 4.0245485305786 9.0077610015869 1.2815084457397
		endloop
	endfacet
	facet normal -0.081619367770867 0.065184958931976 -0.99452963753411
		outer loop
			vertex 4.0492987632751 9.6223316192627 1.0703649520874
			vertex 4.1197829246521 10.267769813538 1.1068847179413
			vertex 5 9.5755138397217 0.98927390575409
		endloop
	endfacet
	facet normal 0.096325007524044 -0.6492194735743 -0.75447701625523
		outer loop
			vertex 5 8.9597244262695 1.1983063220978
			vertex 5.9754514694214 9.0077610015869 1.2815084457397
			vertex 5 5.6658520698547 4.032648563385
		endloop
	endfacet
	facet normal -0.081619387958051 0.065184933267888 -0.99452963755949
		outer loop
			vertex 4.1197829246521 10.267769813538 1.1068847179413
			vertex 5 10.224422454834 1.0318056344986
			vertex 5 9.5755138397217 0.98927390575409
		endloop
	endfacet
	facet normal 0.096151274293984 -0.31995025652938 -0.94254271298357
		outer loop
			vertex 5 9.5755138397217 0.98927390575409
			vertex 5.9507012367249 9.6223316192627 1.0703649520874
			vertex 5 8.9597244262695 1.1983063220978
		endloop
	endfacet
	facet normal 0.081619387958051 0.065184933267888 -0.99452963755949
		outer loop
			vertex 5 9.5755138397217 0.98927390575409
			vertex 5 10.224422454834 1.0318056344986
			vertex 5.8802170753479 10.267769813538 1.1068847179413
		endloop
	endfacet
	facet normal 0.081619367770867 0.065184958931976 -0.99452963753411
		outer loop
			vertex 5 9.5755138397217 0.98927390575409
			vertex 5.8802170753479 10.267769813538 1.1068847179413
			vertex 5.9507012367249 9.6223316192627 1.0703649520874
		endloop
	endfacet
	facet normal -0.096325006463636 -0.64921951796013 -0.75447697819708
		outer loop
			vertex 4.0245485305786 9.0077610015869 1.2815084457397
			vertex 5 8.9597244262695 1.1983063220978
			vertex 4.6399998664856 5.2268657684326 4.4563536643982
		endloop
	endfacet
	facet normal -0.24172144010479 0.081108182421563 -0.96694995120634
		outer loop
			vertex 3.2733917236328 10.396144866943 1.3292366266251
			vertex 4.1197829246521 10.267769813538 1.1068847179413
			vertex 4.0492987632751 9.6223316192627 1.0703649520874
		endloop
	endfacet
	facet normal -0.16181162383821 0.452287507914 -0.87707069759273
		outer loop
			vertex 3.4803109169006 10.958802223206 1.5812128782272
			vertex 4.225269317627 10.845811843872 1.385507941246
			vertex 4.1197829246521 10.267769813538 1.1068847179413
		endloop
	endfacet
	facet normal -0.056895143151068 0.75544898240403 -0.65273254681419
		outer loop
			vertex 3.4803109169006 10.958802223206 1.5812128782272
			vertex 4.3496990203857 11.26845741272 1.8638167381287
			vertex 4.225269317627 10.845811843872 1.385507941246
		endloop
	endfacet
	facet normal -0.056895228740748 0.75544909595645 -0.65273240793231
		outer loop
			vertex 3.4803109169006 10.958802223206 1.5812128782272
			vertex 3.7243885993958 11.363300323486 2.0280895233154
			vertex 4.3496990203857 11.26845741272 1.8638167381287
		endloop
	endfacet
	facet normal -0.054637420268507 0.44162837238933 -0.89553287656409
		outer loop
			vertex 4.1197829246521 10.267769813538 1.1068847179413
			vertex 4.225269317627 10.845811843872 1.385507941246
			vertex 5 10.807660102844 1.3194264173508
		endloop
	endfacet
	facet normal -0.01921160801361 0.7517011268326 -0.65922403630036
		outer loop
			vertex 4.225269317627 10.845811843872 1.385507941246
			vertex 4.3496990203857 11.26845741272 1.8638167381287
			vertex 5 10.807660102844 1.3194264173508
		endloop
	endfacet
	facet normal -2.3664736259793e-07 0.86602507303365 -0.50000057287668
		outer loop
			vertex 3.7243885993958 11.363300323486 2.0280895233154
			vertex 5 11.236433029175 1.8083486557007
			vertex 4.3496990203857 11.26845741272 1.8638167381287
		endloop
	endfacet
	facet normal -0.054636991047183 0.4416277950051 -0.89553318748567
		outer loop
			vertex 4.1197829246521 10.267769813538 1.1068847179413
			vertex 5 10.807660102844 1.3194264173508
			vertex 5 10.224422454834 1.0318056344986
		endloop
	endfacet
	facet normal 0.054636943950764 0.44162831347751 -0.89553293467674
		outer loop
			vertex 5 10.224422454834 1.0318056344986
			vertex 5.774730682373 10.845811843872 1.385507941246
			vertex 5.8802170753479 10.267769813538 1.1068847179413
		endloop
	endfacet
	facet normal -0.019211271681558 0.75170133399059 -0.65922380988337
		outer loop
			vertex 4.3496990203857 11.26845741272 1.8638167381287
			vertex 5 11.236433029175 1.8083486557007
			vertex 5 10.807660102844 1.3194264173508
		endloop
	endfacet
	facet normal 0 0.8660256678872 -0.49999954256031
		outer loop
			vertex 3.7243885993958 11.363300323486 2.0280895233154
			vertex 6.2756114006042 11.363300323486 2.0280895233154
			vertex 5 11.236433029175 1.8083486557007
		endloop
	endfacet
	facet normal 0.054637473776916 0.44162778332229 -0.89553316379525
		outer loop
			vertex 5 10.224422454834 1.0318056344986
			vertex 5 10.807660102844 1.3194264173508
			vertex 5.774730682373 10.845811843872 1.385507941246
		endloop
	endfacet
	facet normal 0.019211578386348 0.75170132955975 -0.65922380599763
		outer loop
			vertex 5 10.807660102844 1.3194264173508
			vertex 5 11.236433029175 1.8083486557007
			vertex 5.774730682373 10.845811843872 1.385507941246
		endloop
	endfacet
	facet normal 0.019211306977796 0.75170109247328 -0.65922408425261
		outer loop
			vertex 5.774730682373 10.845811843872 1.385507941246
			vertex 5 11.236433029175 1.8083486557007
			vertex 5.6503009796143 11.26845741272 1.8638167381287
		endloop
	endfacet
	facet normal 0 0.8660253387269 -0.50000011268295
		outer loop
			vertex 1.9204015731812 12.265294075012 3.5903880596161
			vertex 6.2756114006042 11.363300323486 2.0280895233154
			vertex 3.7243885993958 11.363300323486 2.0280895233154
		endloop
	endfacet
	facet normal 3.3779166527419e-08 0.86602537950196 -0.50000004205848
		outer loop
			vertex 1.9204015731812 12.265294075012 3.5903880596161
			vertex 7.7715654373169 13.829050064087 6.2988929748535
			vertex 6.2756114006042 11.363300323486 2.0280895233154
		endloop
	endfacet
	facet normal 0.096151241027521 -0.31995021235002 -0.94254273137405
		outer loop
			vertex 5 8.9597244262695 1.1983063220978
			vertex 5.9507012367249 9.6223316192627 1.0703649520874
			vertex 5.9754514694214 9.0077610015869 1.2815084457397
		endloop
	endfacet
	facet normal 0.24172158667885 0.081108196288957 -0.96694991340204
		outer loop
			vertex 5.8802170753479 10.267769813538 1.1068847179413
			vertex 6.8648672103882 9.760986328125 1.3105218410492
			vertex 5.9507012367249 9.6223316192627 1.0703649520874
		endloop
	endfacet
	facet normal 0.2847589799502 -0.30119211268888 -0.91005254496195
		outer loop
			vertex 5.9507012367249 9.6223316192627 1.0703649520874
			vertex 6.913417339325 9.1500253677368 1.5279176235199
			vertex 5.9754514694214 9.0077610015869 1.2815084457397
		endloop
	endfacet
	facet normal 0.28475909192067 -0.30119191416561 -0.91005257562944
		outer loop
			vertex 5.9507012367249 9.6223316192627 1.0703649520874
			vertex 6.8648672103882 9.760986328125 1.3105218410492
			vertex 6.913417339325 9.1500253677368 1.5279176235199
		endloop
	endfacet
	facet normal 0.46242368379285 -0.26439634479211 -0.84632080768939
		outer loop
			vertex 6.8648672103882 9.760986328125 1.3105218410492
			vertex 7.7073674201965 9.9861497879028 1.7005153894424
			vertex 6.913417339325 9.1500253677368 1.5279176235199
		endloop
	endfacet
	facet normal 0.46242363061557 -0.26439628440496 -0.84632085561042
		outer loop
			vertex 6.913417339325 9.1500253677368 1.5279176235199
			vertex 7.7073674201965 9.9861497879028 1.7005153894424
			vertex 7.7778511047363 9.3810501098633 1.9280643463135
		endloop
	endfacet
	facet normal 0.16181162383821 0.452287507914 -0.87707069759273
		outer loop
			vertex 5.8802170753479 10.267769813538 1.1068847179413
			vertex 5.774730682373 10.845811843872 1.385507941246
			vertex 6.5196890830994 10.958802223206 1.5812128782272
		endloop
	endfacet
	facet normal 2.3664736259793e-07 0.86602507303365 -0.50000057287668
		outer loop
			vertex 5 11.236433029175 1.8083486557007
			vertex 6.2756114006042 11.363300323486 2.0280895233154
			vertex 5.6503009796143 11.26845741272 1.8638167381287
		endloop
	endfacet
	facet normal 0.056895274375477 0.75544899352573 -0.65273252250421
		outer loop
			vertex 5.774730682373 10.845811843872 1.385507941246
			vertex 5.6503009796143 11.26845741272 1.8638167381287
			vertex 6.2756114006042 11.363300323486 2.0280895233154
		endloop
	endfacet
	facet normal 0.24172147599651 0.081107962232953 -0.96694996070349
		outer loop
			vertex 5.8802170753479 10.267769813538 1.1068847179413
			vertex 6.7266082763672 10.396144866943 1.3292366266251
			vertex 6.8648672103882 9.760986328125 1.3105218410492
		endloop
	endfacet
	facet normal 0.1618115895367 0.45228753456604 -0.87707069017713
		outer loop
			vertex 5.8802170753479 10.267769813538 1.1068847179413
			vertex 6.5196890830994 10.958802223206 1.5812128782272
			vertex 6.7266082763672 10.396144866943 1.3292366266251
		endloop
	endfacet
	facet normal 0.056895104845749 0.75544906838333 -0.65273245064372
		outer loop
			vertex 5.774730682373 10.845811843872 1.385507941246
			vertex 6.2756114006042 11.363300323486 2.0280895233154
			vertex 6.5196890830994 10.958802223206 1.5812128782272
		endloop
	endfacet
	facet normal 0.26276802921654 0.4731963345643 -0.84085563075748
		outer loop
			vertex 6.7266082763672 10.396144866943 1.3292366266251
			vertex 6.5196890830994 10.958802223206 1.5812128782272
			vertex 7.5066466331482 10.604614257812 1.6903165578842
		endloop
	endfacet
	facet normal 0.09239222428603 0.76280077364881 -0.63999895047746
		outer loop
			vertex 6.5196890830994 10.958802223206 1.5812128782272
			vertex 6.2756114006042 11.363300323486 2.0280895233154
			vertex 7.2062468528748 11.142289161682 1.8990205526352
		endloop
	endfacet
	facet normal 0.09239203703103 0.76280031805565 -0.63999952052127
		outer loop
			vertex 6.2756114006042 11.363300323486 2.0280895233154
			vertex 6.8519005775452 11.517317771912 2.294853925705
			vertex 7.2062468528748 11.142289161682 1.8990205526352
		endloop
	endfacet
	facet normal 0.39253455542312 0.11234235859716 -0.91285038054634
		outer loop
			vertex 6.8648672103882 9.760986328125 1.3105218410492
			vertex 6.7266082763672 10.396144866943 1.3292366266251
			vertex 7.5066466331482 10.604614257812 1.6903165578842
		endloop
	endfacet
	facet normal 0.39253445010265 0.11234245383073 -0.91285041411498
		outer loop
			vertex 6.8648672103882 9.760986328125 1.3105218410492
			vertex 7.5066466331482 10.604614257812 1.6903165578842
			vertex 7.7073674201965 9.9861497879028 1.7005153894424
		endloop
	endfacet
	facet normal 0.26276783096328 0.47319564319004 -0.84085608178619
		outer loop
			vertex 6.5196890830994 10.958802223206 1.5812128782272
			vertex 7.2062468528748 11.142289161682 1.8990205526352
			vertex 7.5066466331482 10.604614257812 1.6903165578842
		endloop
	endfacet
	facet normal -6.8392823517356e-06 0.86603046751489 -0.49999122921224
		outer loop
			vertex 6.2756114006042 11.363300323486 2.0280895233154
			vertex 7.3570227622986 11.724588394165 2.6538586616516
			vertex 6.8519005775452 11.517317771912 2.294853925705
		endloop
	endfacet
	facet normal 0.12434082207305 0.77347408281902 -0.62151202978983
		outer loop
			vertex 6.8519005775452 11.517317771912 2.294853925705
			vertex 7.3570227622986 11.724588394165 2.6538586616516
			vertex 7.2062468528748 11.142289161682 1.8990205526352
		endloop
	endfacet
	facet normal 0.12433935503364 0.77347437376815 -0.62151196119929
		outer loop
			vertex 7.2062468528748 11.142289161682 1.8990205526352
			vertex 7.3570227622986 11.724588394165 2.6538586616516
			vertex 7.8080191612244 11.389220237732 2.3267176151276
		endloop
	endfacet
	facet normal 1.6072639699193e-06 0.86602414700106 -0.50000217680377
		outer loop
			vertex 6.2756114006042 11.363300323486 2.0280895233154
			vertex 7.7715654373169 11.977149963379 3.0913069248199
			vertex 7.3570227622986 11.724588394165 2.6538586616516
		endloop
	endfacet
	facet normal -7.1670513701992e-07 0.86602556288652 -0.4999997244265
		outer loop
			vertex 6.2756114006042 11.363300323486 2.0280895233154
			vertex 8.3333330154419 12.903100013733 4.6950998306274
			vertex 7.7715654373169 11.977149963379 3.0913069248199
		endloop
	endfacet
	facet normal -3.3539874255198e-07 0.86602543549636 -0.49999994507322
		outer loop
			vertex 6.2756114006042 11.363300323486 2.0280895233154
			vertex 7.7715654373169 13.829050064087 6.2988929748535
			vertex 8.3333330154419 12.903100013733 4.6950998306274
		endloop
	endfacet
	facet normal -1.9989312127672e-08 0.86602542979884 -0.49999995494174
		outer loop
			vertex 1.9204015731812 12.265294075012 3.5903880596161
			vertex 3.1480991840363 14.288882255554 7.0953459739685
			vertex 7.7715654373169 13.829050064087 6.2988929748535
		endloop
	endfacet
	facet normal -0.056894852579345 0.94300707719096 -0.32787288408428
		outer loop
			vertex 3.7243885993958 14.442898750305 7.3621106147766
			vertex 3.4803109169006 14.627656936646 7.935854434967
			vertex 4.3496990203857 14.537741661072 7.5263833999634
		endloop
	endfacet
	facet normal -1.4791057238337e-06 0.86602733573208 -0.49999665375142
		outer loop
			vertex 3.1480991840363 14.288882255554 7.0953459739685
			vertex 4.3496990203857 14.537741661072 7.5263833999634
			vertex 5 14.569766998291 7.5818514823914
		endloop
	endfacet
	facet normal -0.056894924222087 0.94300702403904 -0.32787302452444
		outer loop
			vertex 3.4803109169006 14.627656936646 7.935854434967
			vertex 4.225269317627 14.740647315979 8.1315593719482
			vertex 4.3496990203857 14.537741661072 7.5263833999634
		endloop
	endfacet
	facet normal -0.019212206100004 0.94675482571979 -0.32138169069356
		outer loop
			vertex 4.3496990203857 14.537741661072 7.5263833999634
			vertex 4.225269317627 14.740647315979 8.1315593719482
			vertex 5 14.569766998291 7.5818514823914
		endloop
	endfacet
	facet normal 0 0.86602489776229 -0.50000087645505
		outer loop
			vertex 3.1480991840363 14.288882255554 7.0953459739685
			vertex 5 14.569766998291 7.5818514823914
			vertex 6.8519005775452 14.288882255554 7.0953459739685
		endloop
	endfacet
	facet normal 0.019212206100004 0.94675482571979 -0.32138169069356
		outer loop
			vertex 5 14.569766998291 7.5818514823914
			vertex 5.774730682373 14.740647315979 8.1315593719482
			vertex 5.6503009796143 14.537741661072 7.5263833999634
		endloop
	endfacet
	facet normal -0.019210509683255 0.94675559097567 -0.32137953773385
		outer loop
			vertex 4.225269317627 14.740647315979 8.1315593719482
			vertex 5 14.778799057007 8.1976413726807
			vertex 5 14.569766998291 7.5818514823914
		endloop
	endfacet
	facet normal 0.019210509683255 0.94675559097567 -0.32137953773385
		outer loop
			vertex 5 14.569766998291 7.5818514823914
			vertex 5 14.778799057007 8.1976413726807
			vertex 5.774730682373 14.740647315979 8.1315593719482
		endloop
	endfacet
	facet normal 0 0.86602548004536 -0.49999986791219
		outer loop
			vertex 3.1480991840363 14.288882255554 7.0953459739685
			vertex 6.8519005775452 14.288882255554 7.0953459739685
			vertex 7.7715654373169 13.829050064087 6.2988929748535
		endloop
	endfacet
	facet normal 1.47910563228e-06 0.86602733573161 -0.49999665375222
		outer loop
			vertex 5 14.569766998291 7.5818514823914
			vertex 5.6503009796143 14.537741661072 7.5263833999634
			vertex 6.8519005775452 14.288882255554 7.0953459739685
		endloop
	endfacet
	facet normal 0.056894924222087 0.94300702403904 -0.32787302452444
		outer loop
			vertex 5.6503009796143 14.537741661072 7.5263833999634
			vertex 5.774730682373 14.740647315979 8.1315593719482
			vertex 6.5196890830994 14.627656936646 7.935854434967
		endloop
	endfacet
	facet normal 1.9767004337761e-07 0.86602578890982 -0.49999933294263
		outer loop
			vertex 5.6503009796143 14.537741661072 7.5263833999634
			vertex 6.2756114006042 14.442898750305 7.3621106147766
			vertex 6.8519005775452 14.288882255554 7.0953459739685
		endloop
	endfacet
	facet normal 0.056894852579345 0.94300707719096 -0.32787288408428
		outer loop
			vertex 5.6503009796143 14.537741661072 7.5263833999634
			vertex 6.5196890830994 14.627656936646 7.935854434967
			vertex 6.2756114006042 14.442898750305 7.3621106147766
		endloop
	endfacet
	facet normal 0.092392154596891 0.93565534943876 -0.34060645448314
		outer loop
			vertex 6.2756114006042 14.442898750305 7.3621106147766
			vertex 6.5196890830994 14.627656936646 7.935854434967
			vertex 6.8519005775452 14.288882255554 7.0953459739685
		endloop
	endfacet
	facet normal -6.1957290061361e-06 0.86602238214764 -0.50000523355355
		outer loop
			vertex 7.3570227622986 14.081611633301 6.7363414764404
			vertex 7.7715654373169 13.829050064087 6.2988929748535
			vertex 6.8519005775452 14.288882255554 7.0953459739685
		endloop
	endfacet
	facet normal 0.12433978796889 0.92498311280699 -0.35909032032309
		outer loop
			vertex 7.3570227622986 14.081611633301 6.7363414764404
			vertex 6.8519005775452 14.288882255554 7.0953459739685
			vertex 7.8080191612244 14.197238922119 7.1903500556946
		endloop
	endfacet
	facet normal 0.092393297736999 0.93565539443402 -0.34060602079205
		outer loop
			vertex 6.8519005775452 14.288882255554 7.0953459739685
			vertex 6.5196890830994 14.627656936646 7.935854434967
			vertex 7.2062468528748 14.444169998169 7.6180467605591
		endloop
	endfacet
	facet normal 0.26276799140902 0.96480050674432 0.010628493626602
		outer loop
			vertex 6.5196890830994 14.627656936646 7.935854434967
			vertex 6.7266082763672 14.564545631409 8.5491189956665
			vertex 7.5066466331482 14.35607624054 8.1880388259888
		endloop
	endfacet
	facet normal 0.1243399065892 0.92498234641593 -0.35909225339497
		outer loop
			vertex 6.8519005775452 14.288882255554 7.0953459739685
			vertex 7.2062468528748 14.444169998169 7.6180467605591
			vertex 7.8080191612244 14.197238922119 7.1903500556946
		endloop
	endfacet
	facet normal 0.26276833389839 0.96480042915109 0.010627069687212
		outer loop
			vertex 6.5196890830994 14.627656936646 7.935854434967
			vertex 7.5066466331482 14.35607624054 8.1880388259888
			vertex 7.2062468528748 14.444169998169 7.6180467605591
		endloop
	endfacet
	facet normal -0.97800597139606 -0.11205395769622 0.17592109162426
		outer loop
			vertex 0 11.45972442627 5.5284333229065
			vertex 3.0092668533325 -1.9407783746719 13.722456932068
			vertex 0.096073597669601 11.947449684143 6.3731989860535
		endloop
	endfacet
	facet normal -0.94042175934249 -0.017579630951883 0.33955540215223
		outer loop
			vertex 0.096073597669601 11.947449684143 6.3731989860535
			vertex 3.1247704029083 -1.7503963708878 14.052208900452
			vertex 0.38060232996941 12.416433334351 7.1855010986328
		endloop
	endfacet
	facet normal -0.86669765612454 0.071413248766457 0.4936955749942
		outer loop
			vertex 0.38060232996941 12.416433334351 7.1855010986328
			vertex 3.3123378753662 -1.574939250946 14.356109619141
			vertex 0.84265196323395 12.848649978638 7.9341230392456
		endloop
	endfacet
	facet normal -0.75966695788453 0.15150462310353 0.63241794904692
		outer loop
			vertex 0.84265196323395 12.848649978638 7.9341230392456
			vertex 3.5647614002228 -1.4211498498917 14.622480392456
			vertex 1.4644660949707 13.227491378784 8.590295791626
		endloop
	endfacet
	facet normal -0.62344227947935 0.21961696287601 0.75039197342103
		outer loop
			vertex 1.4644660949707 13.227491378784 8.590295791626
			vertex 3.8723402023315 -1.2949380874634 14.84108543396
			vertex 2.2221488952637 13.538398742676 9.1288022994995
		endloop
	endfacet
	facet normal -0.46325937251489 0.27313234623687 0.84308331451658
		outer loop
			vertex 2.2221488952637 13.538398742676 9.1288022994995
			vertex 4.2232546806335 -1.2011542320251 15.003523826599
			vertex 3.0865828990936 13.769423484802 9.5289487838745
		endloop
	endfacet
	facet normal -0.6223175839679 0.54731826368596 0.55961017049383
		outer loop
			vertex 1.5541749000549 13.734992980957 8.1937026977539
			vertex 1.4644660949707 13.227491378784 8.590295791626
			vertex 2.2926325798035 14.038011550903 8.7185459136963
		endloop
	endfacet
	facet normal -0.62231738397992 0.5473179802974 0.55961067005514
		outer loop
			vertex 1.4644660949707 13.227491378784 8.590295791626
			vertex 2.2221488952637 13.538398742676 9.1288022994995
			vertex 2.2926325798035 14.038011550903 8.7185459136963
		endloop
	endfacet
	facet normal -0.46242342753885 0.60073679605128 0.65213485992796
		outer loop
			vertex 2.2926325798035 14.038011550903 8.7185459136963
			vertex 2.2221488952637 13.538398742676 9.1288022994995
			vertex 3.0865828990936 13.769423484802 9.5289487838745
		endloop
	endfacet
	facet normal -0.39253433609239 0.84672302738832 0.35913355437617
		outer loop
			vertex 2.4933533668518 14.35607624054 8.1880388259888
			vertex 2.2926325798035 14.038011550903 8.7185459136963
			vertex 3.2733917236328 14.564545631409 8.5491189956665
		endloop
	endfacet
	facet normal -0.39253424513518 0.84672294924129 0.35913383803854
		outer loop
			vertex 2.2926325798035 14.038011550903 8.7185459136963
			vertex 3.1351327896118 14.263174057007 9.1085395812988
			vertex 3.2733917236328 14.564545631409 8.5491189956665
		endloop
	endfacet
	facet normal -0.46242346332926 0.60073674779805 0.65213487899942
		outer loop
			vertex 2.2926325798035 14.038011550903 8.7185459136963
			vertex 3.0865828990936 13.769423484802 9.5289487838745
			vertex 3.1351327896118 14.263174057007 9.1085395812988
		endloop
	endfacet
	facet normal -0.16181193111287 0.98570918355908 0.046843402916648
		outer loop
			vertex 3.4803109169006 14.627656936646 7.935854434967
			vertex 3.2733917236328 14.564545631409 8.5491189956665
			vertex 4.1197829246521 14.692920684814 8.7714710235596
		endloop
	endfacet
	facet normal -0.24172136530294 0.87795728637746 0.41323332979421
		outer loop
			vertex 3.2733917236328 14.564545631409 8.5491189956665
			vertex 3.1351327896118 14.263174057007 9.1085395812988
			vertex 4.0492987632751 14.401828765869 9.3486957550049
		endloop
	endfacet
	facet normal -0.28475863568077 0.63753229719241 0.71586667015709
		outer loop
			vertex 3.0865828990936 13.769423484802 9.5289487838745
			vertex 4.0492987632751 14.401828765869 9.3486957550049
			vertex 3.1351327896118 14.263174057007 9.1085395812988
		endloop
	endfacet
	facet normal -0.28475917267769 0.63753290061203 0.71586591915884
		outer loop
			vertex 3.0865828990936 13.769423484802 9.5289487838745
			vertex 4.0245485305786 13.911687850952 9.7753582000732
			vertex 4.0492987632751 14.401828765869 9.3486957550049
		endloop
	endfacet
	facet normal -0.28527406100553 0.30999430979986 0.90693011748928
		outer loop
			vertex 3.0865828990936 13.769423484802 9.5289487838745
			vertex 4.6040186882019 -1.1434025764465 15.103552818298
			vertex 4.0245485305786 13.911687850952 9.7753582000732
		endloop
	endfacet
	facet normal -0.096325296502748 0.32878644469184 0.93947906365206
		outer loop
			vertex 4.0245485305786 13.911687850952 9.7753582000732
			vertex 4.6040186882019 -1.1434025764465 15.103552818298
			vertex 5 13.95972442627 9.8585605621338
		endloop
	endfacet
	facet normal 0.096325296333878 0.32878643590861 0.93947906674322
		outer loop
			vertex 5 13.95972442627 9.8585605621338
			vertex 5.4607753753662 0.54000002145767 14.507774353027
			vertex 5.9754514694214 13.911687850952 9.7753582000732
		endloop
	endfacet
	facet normal 0.2852739955953 0.30999433723388 0.90693012868689
		outer loop
			vertex 5.9754514694214 13.911687850952 9.7753582000732
			vertex 5.9089460372925 0.54000002145767 14.36680316925
			vertex 6.913417339325 13.769423484802 9.5289487838745
		endloop
	endfacet
	facet normal 0.46325946868952 0.27313228541432 0.84308328137489
		outer loop
			vertex 6.913417339325 13.769423484802 9.5289487838745
			vertex 6.3317942619324 0.54000002145767 14.134454727173
			vertex 7.7778511047363 13.538398742676 9.1288022994995
		endloop
	endfacet
	facet normal -0.16181190242059 0.98570918933405 0.046843380508274
		outer loop
			vertex 3.4803109169006 14.627656936646 7.935854434967
			vertex 4.1197829246521 14.692920684814 8.7714710235596
			vertex 4.225269317627 14.740647315979 8.1315593719482
		endloop
	endfacet
	facet normal -0.24172169439957 0.87795706651643 0.41323360440611
		outer loop
			vertex 3.2733917236328 14.564545631409 8.5491189956665
			vertex 4.0492987632751 14.401828765869 9.3486957550049
			vertex 4.1197829246521 14.692920684814 8.7714710235596
		endloop
	endfacet
	facet normal -0.081618861249234 0.89388019554884 0.44081351782124
		outer loop
			vertex 4.0492987632751 14.401828765869 9.3486957550049
			vertex 5 14.736267089844 8.846549987793
			vertex 4.1197829246521 14.692920684814 8.7714710235596
		endloop
	endfacet
	facet normal -0.081619159674325 0.8938803847772 0.44081307884933
		outer loop
			vertex 4.0492987632751 14.401828765869 9.3486957550049
			vertex 5 14.44864654541 9.4297866821289
			vertex 5 14.736267089844 8.846549987793
		endloop
	endfacet
	facet normal -0.096151346427736 0.65629122495526 0.74835602932485
		outer loop
			vertex 4.0492987632751 14.401828765869 9.3486957550049
			vertex 4.0245485305786 13.911687850952 9.7753582000732
			vertex 5 13.95972442627 9.8585605621338
		endloop
	endfacet
	facet normal -0.096151108747074 0.65629149657188 0.74835582166116
		outer loop
			vertex 4.0492987632751 14.401828765869 9.3486957550049
			vertex 5 13.95972442627 9.8585605621338
			vertex 5 14.44864654541 9.4297866821289
		endloop
	endfacet
	facet normal -0.054636606673931 0.99636840806688 0.06530571657536
		outer loop
			vertex 4.225269317627 14.740647315979 8.1315593719482
			vertex 4.1197829246521 14.692920684814 8.7714710235596
			vertex 5 14.736267089844 8.846549987793
		endloop
	endfacet
	facet normal 0.081619159674325 0.8938803847772 0.44081307884933
		outer loop
			vertex 5 14.736267089844 8.846549987793
			vertex 5 14.44864654541 9.4297866821289
			vertex 5.9507012367249 14.401828765869 9.3486957550049
		endloop
	endfacet
	facet normal 0.081618861249234 0.89388019554884 0.44081351782124
		outer loop
			vertex 5 14.736267089844 8.846549987793
			vertex 5.9507012367249 14.401828765869 9.3486957550049
			vertex 5.8802170753479 14.692920684814 8.7714710235596
		endloop
	endfacet
	facet normal 0.096151108747074 0.65629149657188 0.74835582166116
		outer loop
			vertex 5 14.44864654541 9.4297866821289
			vertex 5 13.95972442627 9.8585605621338
			vertex 5.9507012367249 14.401828765869 9.3486957550049
		endloop
	endfacet
	facet normal -0.054636700338438 0.99636839628337 0.065305817993689
		outer loop
			vertex 4.225269317627 14.740647315979 8.1315593719482
			vertex 5 14.736267089844 8.846549987793
			vertex 5 14.778799057007 8.1976413726807
		endloop
	endfacet
	facet normal 0.054636700338438 0.99636839628337 0.065305817993689
		outer loop
			vertex 5 14.778799057007 8.1976413726807
			vertex 5 14.736267089844 8.846549987793
			vertex 5.774730682373 14.740647315979 8.1315593719482
		endloop
	endfacet
	facet normal 0.054636606673931 0.99636840806688 0.06530571657536
		outer loop
			vertex 5 14.736267089844 8.846549987793
			vertex 5.8802170753479 14.692920684814 8.7714710235596
			vertex 5.774730682373 14.740647315979 8.1315593719482
		endloop
	endfacet
	facet normal 0.16181190242059 0.98570918933405 0.046843380508274
		outer loop
			vertex 5.774730682373 14.740647315979 8.1315593719482
			vertex 5.8802170753479 14.692920684814 8.7714710235596
			vertex 6.5196890830994 14.627656936646 7.935854434967
		endloop
	endfacet
	facet normal 0.16181193111287 0.98570918355908 0.046843402916648
		outer loop
			vertex 5.8802170753479 14.692920684814 8.7714710235596
			vertex 6.7266082763672 14.564545631409 8.5491189956665
			vertex 6.5196890830994 14.627656936646 7.935854434967
		endloop
	endfacet
	facet normal 0.24172169439957 0.87795706651643 0.41323360440611
		outer loop
			vertex 5.8802170753479 14.692920684814 8.7714710235596
			vertex 5.9507012367249 14.401828765869 9.3486957550049
			vertex 6.7266082763672 14.564545631409 8.5491189956665
		endloop
	endfacet
	facet normal 0.24172136530294 0.87795728637746 0.41323332979421
		outer loop
			vertex 5.9507012367249 14.401828765869 9.3486957550049
			vertex 6.8648672103882 14.263174057007 9.1085395812988
			vertex 6.7266082763672 14.564545631409 8.5491189956665
		endloop
	endfacet
	facet normal 0.096151346427736 0.65629122495526 0.74835602932485
		outer loop
			vertex 5 13.95972442627 9.8585605621338
			vertex 5.9754514694214 13.911687850952 9.7753582000732
			vertex 5.9507012367249 14.401828765869 9.3486957550049
		endloop
	endfacet
	facet normal 0.28475910632027 0.63753291166774 0.71586593570873
		outer loop
			vertex 5.9507012367249 14.401828765869 9.3486957550049
			vertex 5.9754514694214 13.911687850952 9.7753582000732
			vertex 6.913417339325 13.769423484802 9.5289487838745
		endloop
	endfacet
	facet normal 0.46242352654106 0.60073677118317 0.65213481263444
		outer loop
			vertex 6.913417339325 13.769423484802 9.5289487838745
			vertex 7.7778511047363 13.538398742676 9.1288022994995
			vertex 7.7073674201965 14.038011550903 8.7185459136963
		endloop
	endfacet
	facet normal 0.3925344042933 0.84672290276124 0.35913377366336
		outer loop
			vertex 6.7266082763672 14.564545631409 8.5491189956665
			vertex 6.8648672103882 14.263174057007 9.1085395812988
			vertex 7.5066466331482 14.35607624054 8.1880388259888
		endloop
	endfacet
	facet normal 0.3925341819906 0.84672306462869 0.35913363500899
		outer loop
			vertex 6.8648672103882 14.263174057007 9.1085395812988
			vertex 7.7073674201965 14.038011550903 8.7185459136963
			vertex 7.5066466331482 14.35607624054 8.1880388259888
		endloop
	endfacet
	facet normal 0.46242344780713 0.60073687733353 0.65213477067989
		outer loop
			vertex 6.8648672103882 14.263174057007 9.1085395812988
			vertex 6.913417339325 13.769423484802 9.5289487838745
			vertex 7.7073674201965 14.038011550903 8.7185459136963
		endloop
	endfacet
	facet normal 0.28475862979477 0.63753237619929 0.71586660213695
		outer loop
			vertex 5.9507012367249 14.401828765869 9.3486957550049
			vertex 6.913417339325 13.769423484802 9.5289487838745
			vertex 6.8648672103882 14.263174057007 9.1085395812988
		endloop
	endfacet
	facet normal 0.759667003838 -0.47193764476894 -0.44741580518544
		outer loop
			vertex 9.1573476791382 10.070798873901 3.1227436065674
			vertex 7.3146057128906 0.54000002145767 10.047113418579
			vertex 7.0037136077881 0.54000002145767 9.5192499160767
		endloop
	endfacet
	facet normal 0.62344250832396 -0.54004993915104 -0.56538969042394
		outer loop
			vertex 7.7778511047363 9.3810501098633 1.9280643463135
			vertex 8.5355339050293 9.6919574737549 2.4665710926056
			vertex 6.5978255271912 0.54000002145767 9.0716867446899
		endloop
	endfacet
	facet normal 0.75966704533284 -0.47193762257348 -0.44741575814332
		outer loop
			vertex 8.5355339050293 9.6919574737549 2.4665710926056
			vertex 9.1573476791382 10.070798873901 3.1227436065674
			vertex 7.0037136077881 0.54000002145767 9.5192499160767
		endloop
	endfacet
	facet normal 0.86669768636433 -0.39184629534655 -0.30869337743771
		outer loop
			vertex 9.6193981170654 10.503015518188 3.8713655471802
			vertex 7.4655356407166 0.54558455944061 10.463780403137
			vertex 7.3146057128906 0.54000002145767 10.047113418579
		endloop
	endfacet
	facet normal 0.8666975981668 -0.39184637406079 -0.3086935251464
		outer loop
			vertex 9.6193981170654 10.503015518188 3.8713655471802
			vertex 7.5423798561096 0.85735374689102 10.283780097961
			vertex 7.4655356407166 0.54558455944061 10.463780403137
		endloop
	endfacet
	facet normal 0.86669836928116 -0.39184568353233 -0.30869223667346
		outer loop
			vertex 9.6193981170654 10.503015518188 3.8713655471802
			vertex 7.5992031097412 0.91050815582275 10.375846862793
			vertex 7.5423798561096 0.85735374689102 10.283780097961
		endloop
	endfacet
	facet normal 0.86669746090704 -0.39184697247172 -0.30869315091533
		outer loop
			vertex 7.5211734771729 0.54000002145767 10.627079963684
			vertex 7.4655356407166 0.54558455944061 10.463780403137
			vertex 7.5362882614136 0.61176913976669 10.578414916992
		endloop
	endfacet
	facet normal 0.94042163949897 -0.30285417378818 -0.15455254569608
		outer loop
			vertex 7.6925091743469 0.86926490068436 11.024411201477
			vertex 7.5211734771729 0.54000002145767 10.627079963684
			vertex 7.5362882614136 0.61176913976669 10.578414916992
		endloop
	endfacet
	facet normal 0.940421858837 -0.30285290995748 -0.15455368760353
		outer loop
			vertex 7.5211734771729 0.54000002145767 10.627079963684
			vertex 7.6925091743469 0.86926490068436 11.024411201477
			vertex 7.6204357147217 0.54000002145767 11.231066703796
		endloop
	endfacet
	facet normal 0.97800605709897 -0.20837874625046 0.0090802196454469
		outer loop
			vertex 7.6204357147217 0.54000002145767 11.231066703796
			vertex 7.6925091743469 0.86926490068436 11.024411201477
			vertex 7.745258808136 1.1370515823364 11.488231658936
		endloop
	endfacet
	facet normal 0.97800597942306 -0.20837907582765 0.0090810225165845
		outer loop
			vertex 7.6148471832275 0.54000002145767 11.832939147949
			vertex 7.6204357147217 0.54000002145767 11.231066703796
			vertex 7.745258808136 1.1370515823364 11.488231658936
		endloop
	endfacet
	facet normal 0.97800590121959 -0.11205368262128 0.17592165696883
		outer loop
			vertex 7.6148471832275 0.54000002145767 11.832939147949
			vertex 7.745258808136 1.1370515823364 11.488231658936
			vertex 7.7082390785217 1.3249845504761 11.813740730286
		endloop
	endfacet
	facet normal 0.97800590737149 -0.11205368421445 0.17592162175366
		outer loop
			vertex 7.511100769043 0.54000002145767 12.409699440002
			vertex 7.6148471832275 0.54000002145767 11.832939147949
			vertex 7.7082390785217 1.3249845504761 11.813740730286
		endloop
	endfacet
	facet normal 0.94042173760405 -0.30285348719383 -0.15455329416196
		outer loop
			vertex 9.9039268493652 10.971998214722 4.6836676597595
			vertex 7.7592992782593 1.1743913888931 10.832905769348
			vertex 7.5992031097412 0.91050815582275 10.375846862793
		endloop
	endfacet
	facet normal 0.97800591854901 -0.11205378100126 0.1759214979655
		outer loop
			vertex 9.9039268493652 11.947449684143 6.3731989860535
			vertex 7.511100769043 0.54000002145767 12.409699440002
			vertex 7.7082390785217 1.3249845504761 11.813740730286
		endloop
	endfacet
	facet normal 0.97800593924374 -0.20837927833484 0.0090807028699977
		outer loop
			vertex 10 11.45972442627 5.5284333229065
			vertex 7.8133573532104 1.4488208293915 11.30823135376
			vertex 7.7592992782593 1.1743913888931 10.832905769348
		endloop
	endfacet
	facet normal 0.97800590186742 -0.11205371338925 0.17592163376964
		outer loop
			vertex 9.9039268493652 11.947449684143 6.3731989860535
			vertex 7.7763376235962 1.6367536783218 11.63374042511
			vertex 7.8133573532104 1.4488208293915 11.30823135376
		endloop
	endfacet
	facet normal 0.97800621957323 -0.11205514549308 0.17591895533057
		outer loop
			vertex 9.9039268493652 11.947449684143 6.3731989860535
			vertex 7.7082390785217 1.3249845504761 11.813740730286
			vertex 7.7763376235962 1.6367536783218 11.63374042511
		endloop
	endfacet
	facet normal 0.94042194152454 -0.017579944402791 0.33955488135796
		outer loop
			vertex 9.6193981170654 12.416433334351 7.1855010986328
			vertex 7.3188881874084 0.54000002145767 12.942046165466
			vertex 7.511100769043 0.54000002145767 12.409699440002
		endloop
	endfacet
	facet normal 0.86669764188066 0.071413281376296 0.49369559528274
		outer loop
			vertex 9.1573476791382 12.848649978638 7.9341230392456
			vertex 7.0497937202454 0.54000002145767 13.414449691772
			vertex 7.3188881874084 0.54000002145767 12.942046165466
		endloop
	endfacet
	facet normal 0.62231733037911 -0.21097756384078 -0.75379679480986
		outer loop
			vertex 7.7073674201965 9.9861497879028 1.7005153894424
			vertex 8.5355339050293 9.6919574737549 2.4665710926056
			vertex 7.7778511047363 9.3810501098633 1.9280643463135
		endloop
	endfacet
	facet normal 0.62231748312364 -0.21097712518758 -0.75379679148047
		outer loop
			vertex 7.7073674201965 9.9861497879028 1.7005153894424
			vertex 8.4458246231079 10.289167404175 2.2253584861755
			vertex 8.5355339050293 9.6919574737549 2.4665710926056
		endloop
	endfacet
	facet normal 0.75829603854118 -0.14298770609109 -0.63603587464825
		outer loop
			vertex 8.4458246231079 10.289167404175 2.2253584861755
			vertex 9.1573476791382 10.070798873901 3.1227436065674
			vertex 8.5355339050293 9.6919574737549 2.4665710926056
		endloop
	endfacet
	facet normal 0.5282628865821 0.15768788981626 -0.83430980580672
		outer loop
			vertex 7.5066466331482 10.604614257812 1.6903165578842
			vertex 8.4458246231079 10.289167404175 2.2253584861755
			vertex 7.7073674201965 9.9861497879028 1.7005153894424
		endloop
	endfacet
	facet normal 0.35362658227481 0.50355055401502 -0.78827982332405
		outer loop
			vertex 7.2062468528748 11.142289161682 1.8990205526352
			vertex 7.8080191612244 11.389220237732 2.3267176151276
			vertex 7.5066466331482 10.604614257812 1.6903165578842
		endloop
	endfacet
	facet normal 0.35362617353503 0.50355075539841 -0.78827987804375
		outer loop
			vertex 7.5066466331482 10.604614257812 1.6903165578842
			vertex 7.8080191612244 11.389220237732 2.3267176151276
			vertex 8.1903562545776 10.885167121887 2.1762483119965
		endloop
	endfacet
	facet normal 0.52826270603156 0.15768681323617 -0.83431012360371
		outer loop
			vertex 7.5066466331482 10.604614257812 1.6903165578842
			vertex 8.1903562545776 10.885167121887 2.1762483119965
			vertex 8.4458246231079 10.289167404175 2.2253584861755
		endloop
	endfacet
	facet normal 0.43089473808062 0.54218508219931 -0.72136333517511
		outer loop
			vertex 7.8080191612244 11.389220237732 2.3267176151276
			vertex 8.7514619827271 11.227022171021 2.7683579921722
			vertex 8.1903562545776 10.885167121887 2.1762483119965
		endloop
	endfacet
	facet normal 0.43089474714765 0.54218501771297 -0.72136337822774
		outer loop
			vertex 7.8080191612244 11.389220237732 2.3267176151276
			vertex 8.3018817901611 11.690106391907 2.8478679656982
			vertex 8.7514619827271 11.227022171021 2.7683579921722
		endloop
	endfacet
	facet normal 0.15150736738802 0.78705838661895 -0.59798379048259
		outer loop
			vertex 7.3570227622986 11.724588394165 2.6538586616516
			vertex 7.7715654373169 11.977149963379 3.0913069248199
			vertex 7.8080191612244 11.389220237732 2.3267176151276
		endloop
	endfacet
	facet normal 0.15150862405472 0.78705826265563 -0.59798363524644
		outer loop
			vertex 7.8080191612244 11.389220237732 2.3267176151276
			vertex 7.7715654373169 11.977149963379 3.0913069248199
			vertex 8.3018817901611 11.690106391907 2.8478679656982
		endloop
	endfacet
	facet normal 0.17285498519176 0.80303180206839 -0.57031664797825
		outer loop
			vertex 7.7715654373169 11.977149963379 3.0913069248199
			vertex 8.6688537597656 12.033385276794 3.4424443244934
			vertex 8.3018817901611 11.690106391907 2.8478679656982
		endloop
	endfacet
	facet normal 0.17285472026938 0.80303228496051 -0.57031604833785
		outer loop
			vertex 7.7715654373169 11.977149963379 3.0913069248199
			vertex 8.0795984268188 12.265294075012 3.5903880596161
			vertex 8.6688537597656 12.033385276794 3.4424443244934
		endloop
	endfacet
	facet normal 4.9467028061321e-06 0.86602446936709 -0.50000161843036
		outer loop
			vertex 7.7715654373169 11.977149963379 3.0913069248199
			vertex 8.2692842483521 12.577949523926 4.1319227218628
			vertex 8.0795984268188 12.265294075012 3.5903880596161
		endloop
	endfacet
	facet normal 0.18755789754603 0.82078059578719 -0.53957506303325
		outer loop
			vertex 8.0795984268188 12.265294075012 3.5903880596161
			vertex 8.2692842483521 12.577949523926 4.1319227218628
			vertex 8.6688537597656 12.033385276794 3.4424443244934
		endloop
	endfacet
	facet normal 7.1604918218009e-07 0.86602534557603 -0.5000001008194
		outer loop
			vertex 7.7715654373169 11.977149963379 3.0913069248199
			vertex 8.3333330154419 12.903100013733 4.6950998306274
			vertex 8.2692842483521 12.577949523926 4.1319227218628
		endloop
	endfacet
	facet normal 0.64369022194603 0.21540040432119 -0.73434703239636
		outer loop
			vertex 8.1903562545776 10.885167121887 2.1762483119965
			vertex 8.7514619827271 11.227022171021 2.7683579921722
			vertex 8.4458246231079 10.289167404175 2.2253584861755
		endloop
	endfacet
	facet normal 0.64368959012714 0.21540085443325 -0.73434745418731
		outer loop
			vertex 8.4458246231079 10.289167404175 2.2253584861755
			vertex 8.7514619827271 11.227022171021 2.7683579921722
			vertex 9.0518617630005 10.658396720886 2.8648815155029
		endloop
	endfacet
	facet normal 0.75829572877333 -0.1429890196051 -0.63603594866681
		outer loop
			vertex 8.4458246231079 10.289167404175 2.2253584861755
			vertex 9.0518617630005 10.658396720886 2.8648815155029
			vertex 9.1573476791382 10.070798873901 3.1227436065674
		endloop
	endfacet
	facet normal 0.49160480584328 0.58761454338402 -0.6426771065437
		outer loop
			vertex 8.7514619827271 11.227022171021 2.7683579921722
			vertex 8.3018817901611 11.690106391907 2.8478679656982
			vertex 9.1684007644653 11.617040634155 3.4438910484314
		endloop
	endfacet
	facet normal 0.73438085778105 0.28326534449055 -0.61680264293809
		outer loop
			vertex 8.7514619827271 11.227022171021 2.7683579921722
			vertex 9.1684007644653 11.617040634155 3.4438910484314
			vertex 9.0518617630005 10.658396720886 2.8648815155029
		endloop
	endfacet
	facet normal 0.86513336383939 -0.063042279861358 -0.49756399962399
		outer loop
			vertex 9.0518617630005 10.658396720886 2.8648815155029
			vertex 9.6193981170654 10.503015518188 3.8713655471802
			vertex 9.1573476791382 10.070798873901 3.1227436065674
		endloop
	endfacet
	facet normal 0.73437995283539 0.28326594006726 -0.61680344687048
		outer loop
			vertex 9.0518617630005 10.658396720886 2.8648815155029
			vertex 9.1684007644653 11.617040634155 3.4438910484314
			vertex 9.5021877288818 11.079647064209 3.5945081710815
		endloop
	endfacet
	facet normal 0.49160494719795 0.58761414724947 -0.64267736061167
		outer loop
			vertex 8.3018817901611 11.690106391907 2.8478679656982
			vertex 8.6688537597656 12.033385276794 3.4424443244934
			vertex 9.1684007644653 11.617040634155 3.4438910484314
		endloop
	endfacet
	facet normal 0.18755944397071 0.8207807509793 -0.53957428941643
		outer loop
			vertex 8.6688537597656 12.033385276794 3.4424443244934
			vertex 8.2692842483521 12.577949523926 4.1319227218628
			vertex 8.8948345184326 12.405863761902 4.0875973701477
		endloop
	endfacet
	facet normal 0.53342214302538 0.63809190042828 -0.55524728179257
		outer loop
			vertex 8.6688537597656 12.033385276794 3.4424443244934
			vertex 9.4251508712769 12.040236473083 4.1768870353699
			vertex 9.1684007644653 11.617040634155 3.4438910484314
		endloop
	endfacet
	facet normal 0.53342136591252 0.6380932355677 -0.55524649401034
		outer loop
			vertex 8.6688537597656 12.033385276794 3.4424443244934
			vertex 8.8948345184326 12.405863761902 4.0875973701477
			vertex 9.4251508712769 12.040236473083 4.1768870353699
		endloop
	endfacet
	facet normal 0.86513348198691 -0.06304131199604 -0.49756391682579
		outer loop
			vertex 9.0518617630005 10.658396720886 2.8648815155029
			vertex 9.5021877288818 11.079647064209 3.5945081710815
			vertex 9.6193981170654 10.503015518188 3.8713655471802
		endloop
	endfacet
	facet normal 0.79684874062051 0.35867261907692 -0.48619547189995
		outer loop
			vertex 9.1684007644653 11.617040634155 3.4438910484314
			vertex 9.7794971466064 11.536729812622 4.3861994743347
			vertex 9.5021877288818 11.079647064209 3.5945081710815
		endloop
	endfacet
	facet normal 0.93872459202413 0.025790956974401 -0.34370185752695
		outer loop
			vertex 9.6193981170654 10.503015518188 3.8713655471802
			vertex 9.5021877288818 11.079647064209 3.5945081710815
			vertex 9.7794971466064 11.536729812622 4.3861994743347
		endloop
	endfacet
	facet normal 0.79684896413607 0.35867183548346 -0.48619568363592
		outer loop
			vertex 9.1684007644653 11.617040634155 3.4438910484314
			vertex 9.4251508712769 12.040236473083 4.1768870353699
			vertex 9.7794971466064 11.536729812622 4.3861994743347
		endloop
	endfacet
	facet normal 0.86669725398247 -0.39184666050163 -0.3086941278887
		outer loop
			vertex 9.1573476791382 10.070798873901 3.1227436065674
			vertex 9.6193981170654 10.503015518188 3.8713655471802
			vertex 7.3146057128906 0.54000002145767 10.047113418579
		endloop
	endfacet
	facet normal 0.94042173976685 -0.30285348389789 -0.15455328746036
		outer loop
			vertex 9.6193981170654 10.503015518188 3.8713655471802
			vertex 9.9039268493652 10.971998214722 4.6836676597595
			vertex 7.5992031097412 0.91050815582275 10.375846862793
		endloop
	endfacet
	facet normal 0.97800601455792 -0.20837889071485 0.0090814862763097
		outer loop
			vertex 9.9039268493652 10.971998214722 4.6836676597595
			vertex 10 11.45972442627 5.5284333229065
			vertex 7.7592992782593 1.1743913888931 10.832905769348
		endloop
	endfacet
	facet normal 0.97800601645655 -0.11205417338426 0.17592070373311
		outer loop
			vertex 10 11.45972442627 5.5284333229065
			vertex 9.9039268493652 11.947449684143 6.3731989860535
			vertex 7.8133573532104 1.4488208293915 11.30823135376
		endloop
	endfacet
	facet normal 0.19505514952913 0.83962246149662 -0.50693945476017
		outer loop
			vertex 8.2692842483521 12.577949523926 4.1319227218628
			vertex 8.3333330154419 12.903100013733 4.6950998306274
			vertex 8.8948345184326 12.405863761902 4.0875973701477
		endloop
	endfacet
	facet normal 0.19505516756495 0.83962246542852 -0.50693944130827
		outer loop
			vertex 8.8948345184326 12.405863761902 4.0875973701477
			vertex 8.3333330154419 12.903100013733 4.6950998306274
			vertex 8.9711389541626 12.793229103088 4.7585339546204
		endloop
	endfacet
	facet normal 0.19505346224586 0.85883401142762 -0.47366474185972
		outer loop
			vertex 8.3333330154419 12.903100013733 4.6950998306274
			vertex 8.2692842483521 13.22825050354 5.2582774162292
			vertex 8.8948345184326 13.180595397949 5.4294700622559
		endloop
	endfacet
	facet normal 0.19505516576238 0.85883309678294 -0.47366569875772
		outer loop
			vertex 8.3333330154419 12.903100013733 4.6950998306274
			vertex 8.8948345184326 13.180595397949 5.4294700622559
			vertex 8.9711389541626 12.793229103088 4.7585339546204
		endloop
	endfacet
	facet normal 0.55473960912711 0.69168027438312 -0.46243092899891
		outer loop
			vertex 8.8948345184326 12.405863761902 4.0875973701477
			vertex 9.5118446350098 12.480344772339 4.9391775131226
			vertex 9.4251508712769 12.040236473083 4.1768870353699
		endloop
	endfacet
	facet normal 0.55473989366447 0.69167992856892 -0.46243110491405
		outer loop
			vertex 8.8948345184326 12.405863761902 4.0875973701477
			vertex 8.9711389541626 12.793229103088 4.7585339546204
			vertex 9.5118446350098 12.480344772339 4.9391775131226
		endloop
	endfacet
	facet normal 0.55473995954559 0.74631656899425 -0.36779771087924
		outer loop
			vertex 8.9711389541626 12.793229103088 4.7585339546204
			vertex 8.8948345184326 13.180595397949 5.4294700622559
			vertex 9.5118446350098 12.480344772339 4.9391775131226
		endloop
	endfacet
	facet normal 0.55474035117906 0.74631654069562 -0.36779717760997
		outer loop
			vertex 8.8948345184326 13.180595397949 5.4294700622559
			vertex 9.4251508712769 12.920454025269 5.7014679908752
			vertex 9.5118446350098 12.480344772339 4.9391775131226
		endloop
	endfacet
	facet normal 0.86513341037438 0.39938208885822 0.30337786562839
		outer loop
			vertex 9.5021877288818 12.944514274597 6.8245525360107
			vertex 9.0518617630005 13.365763664246 7.5541791915894
			vertex 9.1573476791382 12.848649978638 7.9341230392456
		endloop
	endfacet
	facet normal 0.93872465811125 0.025790860450435 -0.34370168427162
		outer loop
			vertex 9.6193981170654 10.503015518188 3.8713655471802
			vertex 9.7794971466064 11.536729812622 4.3861994743347
			vertex 9.9039268493652 10.971998214722 4.6836676597595
		endloop
	endfacet
	facet normal 0.97624108622707 0.12009478963707 -0.18036236598641
		outer loop
			vertex 9.7794971466064 11.536729812622 4.3861994743347
			vertex 10 11.45972442627 5.5284333229065
			vertex 9.9039268493652 10.971998214722 4.6836676597595
		endloop
	endfacet
	facet normal 0.82869533348272 0.43872328494912 -0.34754269307154
		outer loop
			vertex 9.4251508712769 12.040236473083 4.1768870353699
			vertex 9.8731327056885 12.012080192566 5.2095303535461
			vertex 9.7794971466064 11.536729812622 4.3861994743347
		endloop
	endfacet
	facet normal 0.82869532629672 0.43872330134631 -0.34754268950702
		outer loop
			vertex 9.4251508712769 12.040236473083 4.1768870353699
			vertex 9.5118446350098 12.480344772339 4.9391775131226
			vertex 9.8731327056885 12.012080192566 5.2095303535461
		endloop
	endfacet
	facet normal 0.97624110179417 0.12009464381585 -0.18036237882231
		outer loop
			vertex 9.7794971466064 11.536729812622 4.3861994743347
			vertex 9.8731327056885 12.012080192566 5.2095303535461
			vertex 10 11.45972442627 5.5284333229065
		endloop
	endfacet
	facet normal 0.82869530461385 0.52034249019005 -0.20617416184812
		outer loop
			vertex 9.5118446350098 12.480344772339 4.9391775131226
			vertex 9.7794971466064 12.48743057251 6.0328617095947
			vertex 9.8731327056885 12.012080192566 5.2095303535461
		endloop
	endfacet
	facet normal 0.82869553245239 0.52034210622796 -0.20617421511842
		outer loop
			vertex 9.5118446350098 12.480344772339 4.9391775131226
			vertex 9.4251508712769 12.920454025269 5.7014679908752
			vertex 9.7794971466064 12.48743057251 6.0328617095947
		endloop
	endfacet
	facet normal 0.79684903628424 0.6003936744116 -0.067520730886228
		outer loop
			vertex 9.4251508712769 12.920454025269 5.7014679908752
			vertex 9.1684007644653 13.343648910522 6.4344644546509
			vertex 9.7794971466064 12.48743057251 6.0328617095947
		endloop
	endfacet
	facet normal 0.97624109280012 0.21624576155004 -0.013823868491407
		outer loop
			vertex 9.8731327056885 12.012080192566 5.2095303535461
			vertex 9.7794971466064 12.48743057251 6.0328617095947
			vertex 10 11.45972442627 5.5284333229065
		endloop
	endfacet
	facet normal 0.97624108645124 0.21624578675222 -0.013823922612825
		outer loop
			vertex 10 11.45972442627 5.5284333229065
			vertex 9.7794971466064 12.48743057251 6.0328617095947
			vertex 9.9039268493652 11.947449684143 6.3731989860535
		endloop
	endfacet
	facet normal 0.9387247608742 0.31054956848599 0.14951517927904
		outer loop
			vertex 9.7794971466064 12.48743057251 6.0328617095947
			vertex 9.6193981170654 12.416433334351 7.1855010986328
			vertex 9.9039268493652 11.947449684143 6.3731989860535
		endloop
	endfacet
	facet normal 0.79684861321334 0.60039406892461 -0.067522215752484
		outer loop
			vertex 9.7794971466064 12.48743057251 6.0328617095947
			vertex 9.1684007644653 13.343648910522 6.4344644546509
			vertex 9.5021877288818 12.944514274597 6.8245525360107
		endloop
	endfacet
	facet normal 0.93872459795786 0.31055005734417 0.14951518676172
		outer loop
			vertex 9.7794971466064 12.48743057251 6.0328617095947
			vertex 9.5021877288818 12.944514274597 6.8245525360107
			vertex 9.6193981170654 12.416433334351 7.1855010986328
		endloop
	endfacet
	facet normal 0.86513314481185 0.39938268751813 0.30337783481783
		outer loop
			vertex 9.5021877288818 12.944514274597 6.8245525360107
			vertex 9.1573476791382 12.848649978638 7.9341230392456
			vertex 9.6193981170654 12.416433334351 7.1855010986328
		endloop
	endfacet
	facet normal 7.5941250131172e-07 0.86602560154968 -0.49999965745983
		outer loop
			vertex 8.3333330154419 12.903100013733 4.6950998306274
			vertex 7.7715654373169 13.829050064087 6.2988929748535
			vertex 8.2692842483521 13.22825050354 5.2582774162292
		endloop
	endfacet
	facet normal 0.18755942995102 0.8776755645215 -0.44102954966569
		outer loop
			vertex 8.2692842483521 13.22825050354 5.2582774162292
			vertex 8.0795984268188 13.540905952454 5.7998118400574
			vertex 8.6688537597656 13.553073883057 6.0746231079102
		endloop
	endfacet
	facet normal -5.7714001505801e-06 0.86602424895743 -0.50000200018041
		outer loop
			vertex 8.2692842483521 13.22825050354 5.2582774162292
			vertex 7.7715654373169 13.829050064087 6.2988929748535
			vertex 8.0795984268188 13.540905952454 5.7998118400574
		endloop
	endfacet
	facet normal 0.17285530989948 0.89542500653804 -0.41028660653976
		outer loop
			vertex 7.7715654373169 13.829050064087 6.2988929748535
			vertex 8.6688537597656 13.553073883057 6.0746231079102
			vertex 8.0795984268188 13.540905952454 5.7998118400574
		endloop
	endfacet
	facet normal 0.1875575279454 0.87767629310603 -0.44102890861107
		outer loop
			vertex 8.2692842483521 13.22825050354 5.2582774162292
			vertex 8.6688537597656 13.553073883057 6.0746231079102
			vertex 8.8948345184326 13.180595397949 5.4294700622559
		endloop
	endfacet
	facet normal 0.53342164276861 0.7999045718588 -0.27498004826793
		outer loop
			vertex 8.6688537597656 13.553073883057 6.0746231079102
			vertex 9.1684007644653 13.343648910522 6.4344644546509
			vertex 8.8948345184326 13.180595397949 5.4294700622559
		endloop
	endfacet
	facet normal 0.53342172679818 0.79990451133562 -0.27498006132187
		outer loop
			vertex 8.8948345184326 13.180595397949 5.4294700622559
			vertex 9.1684007644653 13.343648910522 6.4344644546509
			vertex 9.4251508712769 12.920454025269 5.7014679908752
		endloop
	endfacet
	facet normal 0.15151003268336 0.91139800014293 -0.38262043245461
		outer loop
			vertex 7.3570227622986 14.081611633301 6.7363414764404
			vertex 7.8080191612244 14.197238922119 7.1903500556946
			vertex 7.7715654373169 13.829050064087 6.2988929748535
		endloop
	endfacet
	facet normal 0.15150820205041 0.91139828627735 -0.38262047577483
		outer loop
			vertex 7.7715654373169 13.829050064087 6.2988929748535
			vertex 7.8080191612244 14.197238922119 7.1903500556946
			vertex 8.3018817901611 13.896352767944 6.6691994667053
		endloop
	endfacet
	facet normal 0.17285485641534 0.89542453091232 -0.41028783561553
		outer loop
			vertex 7.7715654373169 13.829050064087 6.2988929748535
			vertex 8.3018817901611 13.896352767944 6.6691994667053
			vertex 8.6688537597656 13.553073883057 6.0746231079102
		endloop
	endfacet
	facet normal 0.43089457762001 0.89581162755764 -0.10886409376013
		outer loop
			vertex 8.3018817901611 13.896352767944 6.6691994667053
			vertex 7.8080191612244 14.197238922119 7.1903500556946
			vertex 8.7514619827271 13.733668327332 7.1099972724915
		endloop
	endfacet
	facet normal 0.35362613273972 0.93444575680277 -0.041948609474648
		outer loop
			vertex 7.2062468528748 14.444169998169 7.6180467605591
			vertex 7.5066466331482 14.35607624054 8.1880388259888
			vertex 7.8080191612244 14.197238922119 7.1903500556946
		endloop
	endfacet
	facet normal 0.3536256047862 0.93444594807194 -0.04194879940499
		outer loop
			vertex 7.8080191612244 14.197238922119 7.1903500556946
			vertex 7.5066466331482 14.35607624054 8.1880388259888
			vertex 8.1903562545776 14.075523376465 7.7021069526672
		endloop
	endfacet
	facet normal 0.43089440065808 0.89581152916192 -0.1088656038522
		outer loop
			vertex 7.8080191612244 14.197238922119 7.1903500556946
			vertex 8.1903562545776 14.075523376465 7.7021069526672
			vertex 8.7514619827271 13.733668327332 7.1099972724915
		endloop
	endfacet
	facet normal 0.52826272010123 0.80137720853167 0.28059413428871
		outer loop
			vertex 8.1903562545776 14.075523376465 7.7021069526672
			vertex 7.5066466331482 14.35607624054 8.1880388259888
			vertex 8.4458246231079 13.734992980957 8.1937026977539
		endloop
	endfacet
	facet normal 0.49160472119292 0.85038205263666 -0.18755042696375
		outer loop
			vertex 8.6688537597656 13.553073883057 6.0746231079102
			vertex 8.3018817901611 13.896352767944 6.6691994667053
			vertex 8.7514619827271 13.733668327332 7.1099972724915
		endloop
	endfacet
	facet normal 0.49160467377342 0.85038207983783 -0.18755042792489
		outer loop
			vertex 8.6688537597656 13.553073883057 6.0746231079102
			vertex 8.7514619827271 13.733668327332 7.1099972724915
			vertex 9.1684007644653 13.343648910522 6.4344644546509
		endloop
	endfacet
	facet normal 0.73438031048944 0.67579993002279 0.063087353301726
		outer loop
			vertex 9.5021877288818 12.944514274597 6.8245525360107
			vertex 8.7514619827271 13.733668327332 7.1099972724915
			vertex 9.0518617630005 13.365763664246 7.5541791915894
		endloop
	endfacet
	facet normal 0.73438005128938 0.67580039544518 0.063085384871221
		outer loop
			vertex 9.1684007644653 13.343648910522 6.4344644546509
			vertex 8.7514619827271 13.733668327332 7.1099972724915
			vertex 9.5021877288818 12.944514274597 6.8245525360107
		endloop
	endfacet
	facet normal 0.64369043083122 0.74366328862375 0.180630956399
		outer loop
			vertex 8.1903562545776 14.075523376465 7.7021069526672
			vertex 8.4458246231079 13.734992980957 8.1937026977539
			vertex 8.7514619827271 13.733668327332 7.1099972724915
		endloop
	endfacet
	facet normal 0.64369007080242 0.74366362501566 0.18063085444892
		outer loop
			vertex 8.4458246231079 13.734992980957 8.1937026977539
			vertex 9.0518617630005 13.365763664246 7.5541791915894
			vertex 8.7514619827271 13.733668327332 7.1099972724915
		endloop
	endfacet
	facet normal 0.75829592118248 0.47932896127762 0.44184957032744
		outer loop
			vertex 8.4458246231079 13.734992980957 8.1937026977539
			vertex 9.1573476791382 12.848649978638 7.9341230392456
			vertex 9.0518617630005 13.365763664246 7.5541791915894
		endloop
	endfacet
	facet normal 0.75829611190626 0.47932932617454 0.44184884716033
		outer loop
			vertex 8.4458246231079 13.734992980957 8.1937026977539
			vertex 8.5355339050293 13.227491378784 8.590295791626
			vertex 9.1573476791382 12.848649978638 7.9341230392456
		endloop
	endfacet
	facet normal 0.75966713787129 0.15150454237134 0.63241775218545
		outer loop
			vertex 8.5355339050293 13.227491378784 8.590295791626
			vertex 7.0497937202454 0.54000002145767 13.414449691772
			vertex 9.1573476791382 12.848649978638 7.9341230392456
		endloop
	endfacet
	facet normal 0.94042175100793 -0.017579672283198 0.33955542309553
		outer loop
			vertex 9.9039268493652 11.947449684143 6.3731989860535
			vertex 9.6193981170654 12.416433334351 7.1855010986328
			vertex 7.511100769043 0.54000002145767 12.409699440002
		endloop
	endfacet
	facet normal 0.86669731767515 0.071413545804767 0.49369612618521
		outer loop
			vertex 9.6193981170654 12.416433334351 7.1855010986328
			vertex 9.1573476791382 12.848649978638 7.9341230392456
			vertex 7.3188881874084 0.54000002145767 12.942046165466
		endloop
	endfacet
	facet normal 0.62344227717895 0.21961694479294 0.75039198062462
		outer loop
			vertex 8.5355339050293 13.227491378784 8.590295791626
			vertex 7.7778511047363 13.538398742676 9.1288022994995
			vertex 6.7164244651794 0.54000002145767 13.814895629883
		endloop
	endfacet
	facet normal 0.52826291982002 0.80137749953071 0.28059292719014
		outer loop
			vertex 8.4458246231079 13.734992980957 8.1937026977539
			vertex 7.5066466331482 14.35607624054 8.1880388259888
			vertex 7.7073674201965 14.038011550903 8.7185459136963
		endloop
	endfacet
	facet normal 0.62231788780616 0.54731776456076 0.55961032077034
		outer loop
			vertex 8.4458246231079 13.734992980957 8.1937026977539
			vertex 7.7073674201965 14.038011550903 8.7185459136963
			vertex 7.7778511047363 13.538398742676 9.1288022994995
		endloop
	endfacet
	facet normal 0.62231726636701 0.54731871971954 0.55961007766663
		outer loop
			vertex 8.4458246231079 13.734992980957 8.1937026977539
			vertex 7.7778511047363 13.538398742676 9.1288022994995
			vertex 8.5355339050293 13.227491378784 8.590295791626
		endloop
	endfacet
	facet normal -0.77300961187108 -0.31719707810447 -0.54940163232094
		outer loop
			vertex 3.7272078990936 -3.8269348144531 12.884496688843
			vertex 3.7272078990936 -5.2703104019165 13.717829704285
			vertex 3.5033547878265 -3.6905519962311 13.120718002319
		endloop
	endfacet
	facet normal -0.95694038188979 -0.14514233406564 -0.25139373176472
		outer loop
			vertex 3.3370168209076 -4.9783296585083 14.22355556488
			vertex 3.2345864772797 -4.8094959259033 14.515984535217
			vertex 3.2345864772797 -3.3661201000214 13.682650566101
		endloop
	endfacet
	facet normal -0.88192152761687 -0.23569823828298 -0.40824105574553
		outer loop
			vertex 3.3370168209076 -3.5349538326263 13.390222549438
			vertex 3.5033547878265 -3.6905519962311 13.120718002319
			vertex 3.5033547878265 -5.133927822113 13.954051971436
		endloop
	endfacet
	facet normal -0.77301041789297 -0.31719681999086 -0.5494006472663
		outer loop
			vertex 3.7272078990936 -5.2703104019165 13.717829704285
			vertex 3.5033547878265 -5.133927822113 13.954051971436
			vertex 3.5033547878265 -3.6905519962311 13.120718002319
		endloop
	endfacet
	facet normal -0.88192100750233 -0.23569852251445 -0.40824201524412
		outer loop
			vertex 3.3370168209076 -3.5349538326263 13.390222549438
			vertex 3.5033547878265 -5.133927822113 13.954051971436
			vertex 3.3370168209076 -4.9783296585083 14.22355556488
		endloop
	endfacet
	facet normal -0.99518475967771 -0.049008426758126 -0.084885029374484
		outer loop
			vertex 3.2345864772797 -3.3661201000214 13.682650566101
			vertex 3.2345864772797 -4.8094959259033 14.515984535217
			vertex 3.2000000476837 -3.1905386447906 13.986766815186
		endloop
	endfacet
	facet normal -0.95694018465878 -0.14514253458049 -0.25139436676419
		outer loop
			vertex 3.3370168209076 -3.5349538326263 13.390222549438
			vertex 3.3370168209076 -4.9783296585083 14.22355556488
			vertex 3.2345864772797 -3.3661201000214 13.682650566101
		endloop
	endfacet
	facet normal -6.893417926484e-06 -0.86602524067762 0.50000028246167
		outer loop
			vertex 3.2345864772797 -4.8094959259033 14.515984535217
			vertex 3.2345864772797 -4.4583330154419 15.124216079712
			vertex 3.2000000476837 -4.6339144706726 14.820099830627
		endloop
	endfacet
	facet normal -0.99518473719089 -0.049008498850387 -0.084885251385248
		outer loop
			vertex 3.2345864772797 -4.8094959259033 14.515984535217
			vertex 3.2000000476837 -4.6339144706726 14.820099830627
			vertex 3.2000000476837 -3.1905386447906 13.986766815186
		endloop
	endfacet
	facet normal -0.99518475967771 0.04900843282958 0.084885025869131
		outer loop
			vertex 3.2345864772797 -3.0149574279785 14.290882110596
			vertex 3.2000000476837 -4.6339144706726 14.820099830627
			vertex 3.2345864772797 -4.4583330154419 15.124216079712
		endloop
	endfacet
	facet normal 1.7864113220005e-06 -0.86602524069682 0.50000028247275
		outer loop
			vertex 3.2345864772797 -4.8094959259033 14.515984535217
			vertex 3.3370168209076 -4.2894992828369 15.416644096375
			vertex 3.2345864772797 -4.4583330154419 15.124216079712
		endloop
	endfacet
	facet normal 1.6649431216429e-06 -0.86602537102488 0.50000005673845
		outer loop
			vertex 3.7272078990936 -5.2703104019165 13.717829704285
			vertex 3.7272078990936 -3.9975183010101 15.92236995697
			vertex 3.5033547878265 -5.133927822113 13.954051971436
		endloop
	endfacet
	facet normal 2.6035226224978e-06 -0.86602528093452 0.50000021277547
		outer loop
			vertex 3.3370168209076 -4.9783296585083 14.22355556488
			vertex 3.3370168209076 -4.2894992828369 15.416644096375
			vertex 3.2345864772797 -4.8094959259033 14.515984535217
		endloop
	endfacet
	facet normal -8.1576007258385e-07 -0.86602535550329 0.50000008362473
		outer loop
			vertex 3.3370168209076 -4.9783296585083 14.22355556488
			vertex 3.5033547878265 -5.133927822113 13.954051971436
			vertex 3.5033547878265 -4.1339011192322 15.686148643494
		endloop
	endfacet
	facet normal -2.3299241120444e-06 -0.8660252809351 0.50000021277581
		outer loop
			vertex 3.3370168209076 -4.9783296585083 14.22355556488
			vertex 3.5033547878265 -4.1339011192322 15.686148643494
			vertex 3.3370168209076 -4.2894992828369 15.416644096375
		endloop
	endfacet
	facet normal 1.3497380492136e-06 -0.86602535550279 0.50000008362444
		outer loop
			vertex 3.5033547878265 -5.133927822113 13.954051971436
			vertex 3.7272078990936 -3.9975183010101 15.92236995697
			vertex 3.5033547878265 -4.1339011192322 15.686148643494
		endloop
	endfacet
	facet normal -0.99518473394518 0.049008515327496 0.084885279924452
		outer loop
			vertex 3.2000000476837 -3.1905386447906 13.986766815186
			vertex 3.2000000476837 -4.6339144706726 14.820099830627
			vertex 3.2345864772797 -3.0149574279785 14.290882110596
		endloop
	endfacet
	facet normal -0.95694038188979 0.14514235204674 0.25139372138334
		outer loop
			vertex 3.2345864772797 -3.0149574279785 14.290882110596
			vertex 3.2345864772797 -4.4583330154419 15.124216079712
			vertex 3.3370168209076 -2.8461236953735 14.583311080933
		endloop
	endfacet
	facet normal -0.95694018465879 0.1451425525616 0.25139435638277
		outer loop
			vertex 3.2345864772797 -4.4583330154419 15.124216079712
			vertex 3.3370168209076 -4.2894992828369 15.416644096375
			vertex 3.3370168209076 -2.8461236953735 14.583311080933
		endloop
	endfacet
	facet normal -0.88192152761685 0.23569826748268 0.4082410388871
		outer loop
			vertex 3.5033547878265 -2.6905255317688 14.852814674377
			vertex 3.3370168209076 -4.2894992828369 15.416644096375
			vertex 3.5033547878265 -4.1339011192322 15.686148643494
		endloop
	endfacet
	facet normal -0.88192100750234 0.23569855171418 0.40824199838563
		outer loop
			vertex 3.3370168209076 -2.8461236953735 14.583311080933
			vertex 3.3370168209076 -4.2894992828369 15.416644096375
			vertex 3.5033547878265 -2.6905255317688 14.852814674377
		endloop
	endfacet
	facet normal -0.7730105538566 0.31719677645093 0.54940048110231
		outer loop
			vertex 3.5033547878265 -2.6905255317688 14.852814674377
			vertex 3.5033547878265 -4.1339011192322 15.686148643494
			vertex 3.7272078990936 -2.5541427135468 15.089036941528
		endloop
	endfacet
	facet normal -0.77300961187108 0.31719707810447 0.54940163232094
		outer loop
			vertex 3.5033547878265 -4.1339011192322 15.686148643494
			vertex 3.7272078990936 -3.9975183010101 15.92236995697
			vertex 3.7272078990936 -2.5541427135468 15.089036941528
		endloop
	endfacet
	facet normal -0.47139639746945 -0.44096061630223 -0.7637664376779
		outer loop
			vertex 3.9999735355377 -3.9388613700867 12.690633773804
			vertex 4.3111696243286 -5.4654059410095 13.379914283752
			vertex 3.9999735355377 -5.38223695755 13.523966789246
		endloop
	endfacet
	facet normal -0.63439415525408 -0.38650477583173 -0.66944612482165
		outer loop
			vertex 3.7272078990936 -3.8269348144531 12.884496688843
			vertex 3.9999735355377 -3.9388613700867 12.690633773804
			vertex 3.9999735355377 -5.38223695755 13.523966789246
		endloop
	endfacet
	facet normal -0.47139639746945 -0.44096061630223 -0.7637664376779
		outer loop
			vertex 3.9999735355377 -3.9388613700867 12.690633773804
			vertex 4.3111696243286 -4.0220303535461 12.546581268311
			vertex 4.3111696243286 -5.4654059410095 13.379914283752
		endloop
	endfacet
	facet normal -0.29028370465221 -0.4784701997519 -0.82873496291804
		outer loop
			vertex 4.3111696243286 -4.0220303535461 12.546581268311
			vertex 4.6488375663757 -5.5166211128235 13.291207313538
			vertex 4.3111696243286 -5.4654059410095 13.379914283752
		endloop
	endfacet
	facet normal -0.29028584801347 -0.47847028533513 -0.82873416274124
		outer loop
			vertex 4.3111696243286 -4.0220303535461 12.546581268311
			vertex 4.6488375663757 -4.0732455253601 12.457873344421
			vertex 4.6488375663757 -5.5166211128235 13.291207313538
		endloop
	endfacet
	facet normal -0.63439415525408 -0.38650477583173 -0.66944612482165
		outer loop
			vertex 3.7272078990936 -3.8269348144531 12.884496688843
			vertex 3.9999735355377 -5.38223695755 13.523966789246
			vertex 3.7272078990936 -5.2703104019165 13.717829704285
		endloop
	endfacet
	facet normal -4.6128141663278e-07 -0.86602540875013 0.49999999139897
		outer loop
			vertex 4.3111696243286 -5.4654059410095 13.379914283752
			vertex 4.6488375663757 -5.5166211128235 13.291207313538
			vertex 4.6488375663757 -3.7512075901031 16.348993301392
		endloop
	endfacet
	facet normal -0.098018002480501 -0.49759262771256 -0.8618550040673
		outer loop
			vertex 4.6488375663757 -4.0732455253601 12.457873344421
			vertex 5 -5.53391456604 13.261254310608
			vertex 4.6488375663757 -5.5166211128235 13.291207313538
		endloop
	endfacet
	facet normal 0.098018002480411 -0.49759220062571 -0.86185525064608
		outer loop
			vertex 5 -4.0905389785767 12.427921295166
			vertex 5.3511624336243 -5.5166211128235 13.291207313538
			vertex 5 -5.53391456604 13.261254310608
		endloop
	endfacet
	facet normal -0.098015684371438 -0.49759231478223 -0.86185544837105
		outer loop
			vertex 4.6488375663757 -4.0732455253601 12.457873344421
			vertex 5 -4.0905389785767 12.427921295166
			vertex 5 -5.53391456604 13.261254310608
		endloop
	endfacet
	facet normal 0.2902837046524 -0.47847061042618 -0.82873472581501
		outer loop
			vertex 5.3511624336243 -4.0732455253601 12.457873344421
			vertex 5.6888303756714 -5.4654059410095 13.379914283752
			vertex 5.3511624336243 -5.5166211128235 13.291207313538
		endloop
	endfacet
	facet normal 0.098015684372191 -0.49759274186916 -0.86185520179215
		outer loop
			vertex 5 -4.0905389785767 12.427921295166
			vertex 5.3511624336243 -4.0732455253601 12.457873344421
			vertex 5.3511624336243 -5.5166211128235 13.291207313538
		endloop
	endfacet
	facet normal 0.2902858480139 -0.47846987466103 -0.82873439984395
		outer loop
			vertex 5.3511624336243 -4.0732455253601 12.457873344421
			vertex 5.6888303756714 -4.0220303535461 12.546581268311
			vertex 5.6888303756714 -5.4654059410095 13.379914283752
		endloop
	endfacet
	facet normal -1.9747931834338e-07 -0.86602541834879 0.49999997477377
		outer loop
			vertex 4.6488375663757 -5.5166211128235 13.291207313538
			vertex 5 -5.53391456604 13.261254310608
			vertex 5 -3.7339143753052 16.378946304321
		endloop
	endfacet
	facet normal 1.9558854462682e-07 -0.8660254087502 0.49999999139901
		outer loop
			vertex 5 -5.53391456604 13.261254310608
			vertex 5.3511624336243 -5.5166211128235 13.291207313538
			vertex 5.3511624336243 -3.7512075901031 16.348993301392
		endloop
	endfacet
	facet normal 4.896936594608e-07 -0.86602545558159 0.49999991028446
		outer loop
			vertex 5.3511624336243 -5.5166211128235 13.291207313538
			vertex 5.6888303756714 -5.4654059410095 13.379914283752
			vertex 5.6888303756714 -3.8024227619171 16.260286331177
		endloop
	endfacet
	facet normal 8.5297209553796e-07 -0.86602536876415 0.50000006065619
		outer loop
			vertex 3.7272078990936 -5.2703104019165 13.717829704285
			vertex 3.9999735355377 -5.38223695755 13.523966789246
			vertex 3.9999735355377 -3.8855917453766 16.116231918335
		endloop
	endfacet
	facet normal -6.9720642938329e-07 -0.86602545558148 0.4999999102844
		outer loop
			vertex 3.9999735355377 -5.38223695755 13.523966789246
			vertex 4.3111696243286 -5.4654059410095 13.379914283752
			vertex 4.3111696243286 -3.8024227619171 16.260286331177
		endloop
	endfacet
	facet normal 8.9889723626017e-07 -0.86602537102573 0.50000005673894
		outer loop
			vertex 3.7272078990936 -5.2703104019165 13.717829704285
			vertex 3.9999735355377 -3.8855917453766 16.116231918335
			vertex 3.7272078990936 -3.9975183010101 15.92236995697
		endloop
	endfacet
	facet normal -2.460148085227e-06 -0.86602536876184 0.50000006065486
		outer loop
			vertex 3.9999735355377 -5.38223695755 13.523966789246
			vertex 4.3111696243286 -3.8024227619171 16.260286331177
			vertex 3.9999735355377 -3.8855917453766 16.116231918335
		endloop
	endfacet
	facet normal 4.896936594608e-07 -0.86602545558159 0.49999991028446
		outer loop
			vertex 4.3111696243286 -5.4654059410095 13.379914283752
			vertex 4.6488375663757 -3.7512075901031 16.348993301392
			vertex 4.3111696243286 -3.8024227619171 16.260286331177
		endloop
	endfacet
	facet normal -0.63439275664272 0.38650501799666 0.6694473103857
		outer loop
			vertex 3.7272078990936 -3.9975183010101 15.92236995697
			vertex 3.9999735355377 -3.8855917453766 16.116231918335
			vertex 3.9999735355377 -2.4422161579132 15.282899856567
		endloop
	endfacet
	facet normal -0.47140003842009 0.44096002171294 0.76376453375924
		outer loop
			vertex 4.3111696243286 -2.3590471744537 15.426952362061
			vertex 3.9999735355377 -3.8855917453766 16.116231918335
			vertex 4.3111696243286 -3.8024227619171 16.260286331177
		endloop
	endfacet
	facet normal -0.63439415525408 0.38650477583173 0.66944612482165
		outer loop
			vertex 3.7272078990936 -2.5541427135468 15.089036941528
			vertex 3.7272078990936 -3.9975183010101 15.92236995697
			vertex 3.9999735355377 -2.4422161579132 15.282899856567
		endloop
	endfacet
	facet normal -0.47139639746916 0.4409602378224 0.76376665619331
		outer loop
			vertex 3.9999735355377 -2.4422161579132 15.282899856567
			vertex 3.9999735355377 -3.8855917453766 16.116231918335
			vertex 4.3111696243286 -2.3590471744537 15.426952362061
		endloop
	endfacet
	facet normal -0.2902837046524 0.47847061042618 0.82873472581501
		outer loop
			vertex 4.3111696243286 -3.8024227619171 16.260286331177
			vertex 4.6488375663757 -3.7512075901031 16.348993301392
			vertex 4.6488375663757 -2.3078320026398 15.515659332275
		endloop
	endfacet
	facet normal -0.2902837046524 0.47847061042618 0.82873472581501
		outer loop
			vertex 4.3111696243286 -2.3590471744537 15.426952362061
			vertex 4.3111696243286 -3.8024227619171 16.260286331177
			vertex 4.6488375663757 -2.3078320026398 15.515659332275
		endloop
	endfacet
	facet normal -3.9239162537333e-07 -0.86602540875015 0.49999999139898
		outer loop
			vertex 4.6488375663757 -5.5166211128235 13.291207313538
			vertex 5 -3.7339143753052 16.378946304321
			vertex 4.6488375663757 -3.7512075901031 16.348993301392
		endloop
	endfacet
	facet normal 3.9050085817365e-07 -0.86602541834874 0.49999997477374
		outer loop
			vertex 5 -5.53391456604 13.261254310608
			vertex 5.3511624336243 -3.7512075901031 16.348993301392
			vertex 5 -3.7339143753052 16.378946304321
		endloop
	endfacet
	facet normal -4.6128141663278e-07 -0.86602540875013 0.49999999139897
		outer loop
			vertex 5.3511624336243 -5.5166211128235 13.291207313538
			vertex 5.6888303756714 -3.8024227619171 16.260286331177
			vertex 5.3511624336243 -3.7512075901031 16.348993301392
		endloop
	endfacet
	facet normal -0.09801766789021 0.49759264418983 0.86185503260673
		outer loop
			vertex 4.6488375663757 -3.7512075901031 16.348993301392
			vertex 5 -3.7339143753052 16.378946304321
			vertex 5 -2.2905387878418 15.545612335205
		endloop
	endfacet
	facet normal -0.09801766789021 0.49759264418983 0.86185503260673
		outer loop
			vertex 4.6488375663757 -2.3078320026398 15.515659332275
			vertex 4.6488375663757 -3.7512075901031 16.348993301392
			vertex 5 -2.2905387878418 15.545612335205
		endloop
	endfacet
	facet normal 0.09801766789021 0.49759264418983 0.86185503260673
		outer loop
			vertex 5 -2.2905387878418 15.545612335205
			vertex 5 -3.7339143753052 16.378946304321
			vertex 5.3511624336243 -2.3078320026398 15.515659332275
		endloop
	endfacet
	facet normal 0.09801766789021 0.49759264418983 0.86185503260673
		outer loop
			vertex 5.3511624336243 -2.3078320026398 15.515659332275
			vertex 5 -3.7339143753052 16.378946304321
			vertex 5.3511624336243 -3.7512075901031 16.348993301392
		endloop
	endfacet
	facet normal 0.2902837046524 0.47847061042618 0.82873472581501
		outer loop
			vertex 5.3511624336243 -3.7512075901031 16.348993301392
			vertex 5.6888303756714 -3.8024227619171 16.260286331177
			vertex 5.6888303756714 -2.3590471744537 15.426952362061
		endloop
	endfacet
	facet normal 0.2902837046524 0.47847061042618 0.82873472581501
		outer loop
			vertex 5.3511624336243 -2.3078320026398 15.515659332275
			vertex 5.3511624336243 -3.7512075901031 16.348993301392
			vertex 5.6888303756714 -2.3590471744537 15.426952362061
		endloop
	endfacet
	facet normal 0.47139667836978 -0.44096054123011 -0.76376630764913
		outer loop
			vertex 5.6888303756714 -4.0220303535461 12.546581268311
			vertex 6.0000262260437 -5.38223695755 13.523966789246
			vertex 5.6888303756714 -5.4654059410095 13.379914283752
		endloop
	endfacet
	facet normal 0.63439349256588 -0.38650504775912 -0.66944659581387
		outer loop
			vertex 6.0000262260437 -3.9388613700867 12.690633773804
			vertex 6.272792339325 -5.2703104019165 13.717829704285
			vertex 6.0000262260437 -5.38223695755 13.523966789246
		endloop
	endfacet
	facet normal 0.47139667836978 -0.44096054123011 -0.76376630764913
		outer loop
			vertex 5.6888303756714 -4.0220303535461 12.546581268311
			vertex 6.0000262260437 -3.9388613700867 12.690633773804
			vertex 6.0000262260437 -5.38223695755 13.523966789246
		endloop
	endfacet
	facet normal 0.63439349256588 -0.38650504775912 -0.66944659581387
		outer loop
			vertex 6.0000262260437 -3.9388613700867 12.690633773804
			vertex 6.272792339325 -3.8269348144531 12.884496688843
			vertex 6.272792339325 -5.2703104019165 13.717829704285
		endloop
	endfacet
	facet normal 0.77300961187123 -0.31719731106058 -0.54940149782344
		outer loop
			vertex 6.272792339325 -3.8269348144531 12.884496688843
			vertex 6.496645450592 -3.6905519962311 13.120718002319
			vertex 6.496645450592 -5.133927822113 13.954051971436
		endloop
	endfacet
	facet normal 6.0439742336761e-07 -0.8660253687643 0.50000006065628
		outer loop
			vertex 5.6888303756714 -5.4654059410095 13.379914283752
			vertex 6.0000262260437 -5.38223695755 13.523966789246
			vertex 6.0000262260437 -3.8855917453766 16.116231918335
		endloop
	endfacet
	facet normal 0.77301041789315 -0.31719658703491 -0.54940078176324
		outer loop
			vertex 6.272792339325 -3.8269348144531 12.884496688843
			vertex 6.496645450592 -5.133927822113 13.954051971436
			vertex 6.272792339325 -5.2703104019165 13.717829704285
		endloop
	endfacet
	facet normal 0.88192156930299 -0.23569819928828 -0.40824098820477
		outer loop
			vertex 6.496645450592 -3.6905519962311 13.120718002319
			vertex 6.6629829406738 -4.9783296585083 14.22355556488
			vertex 6.496645450592 -5.133927822113 13.954051971436
		endloop
	endfacet
	facet normal 0.8819220894156 -0.23569751045467 -0.40824026230431
		outer loop
			vertex 6.496645450592 -3.6905519962311 13.120718002319
			vertex 6.6629829406738 -3.5349538326263 13.390222549438
			vertex 6.6629829406738 -4.9783296585083 14.22355556488
		endloop
	endfacet
	facet normal 0.95694038188982 -0.14514220948902 -0.25139380368899
		outer loop
			vertex 6.6629829406738 -3.5349538326263 13.390222549438
			vertex 6.7654132843018 -4.8094959259033 14.515984535217
			vertex 6.6629829406738 -4.9783296585083 14.22355556488
		endloop
	endfacet
	facet normal 0.99518460537308 -0.049009210095485 -0.084886386153699
		outer loop
			vertex 6.7654132843018 -3.3661201000214 13.682650566101
			vertex 6.8000001907349 -4.6339144706726 14.820099830627
			vertex 6.7654132843018 -4.8094959259033 14.515984535217
		endloop
	endfacet
	facet normal 0.95694018465881 -0.14514265915729 -0.25139429483961
		outer loop
			vertex 6.6629829406738 -3.5349538326263 13.390222549438
			vertex 6.7654132843018 -3.3661201000214 13.682650566101
			vertex 6.7654132843018 -4.8094959259033 14.515984535217
		endloop
	endfacet
	facet normal 0.99518462786052 -0.049009053872552 -0.084886212712307
		outer loop
			vertex 6.7654132843018 -3.3661201000214 13.682650566101
			vertex 6.8000001907349 -3.1905386447906 13.986766815186
			vertex 6.8000001907349 -4.6339144706726 14.820099830627
		endloop
	endfacet
	facet normal 2.3673395082232e-06 -0.86602545557926 0.49999991028312
		outer loop
			vertex 5.6888303756714 -5.4654059410095 13.379914283752
			vertex 6.0000262260437 -3.8855917453766 16.116231918335
			vertex 5.6888303756714 -3.8024227619171 16.260286331177
		endloop
	endfacet
	facet normal -8.9518355709068e-07 -0.86602536876411 0.50000006065618
		outer loop
			vertex 6.0000262260437 -5.38223695755 13.523966789246
			vertex 6.272792339325 -3.9975183010101 15.92236995697
			vertex 6.0000262260437 -3.8855917453766 16.116231918335
		endloop
	endfacet
	facet normal -8.4925848295683e-07 -0.86602537102576 0.50000005673896
		outer loop
			vertex 6.0000262260437 -5.38223695755 13.523966789246
			vertex 6.272792339325 -5.2703104019165 13.717829704285
			vertex 6.272792339325 -3.9975183010101 15.92236995697
		endloop
	endfacet
	facet normal -1.7027715576911e-06 -0.86602535550232 0.50000008362418
		outer loop
			vertex 6.272792339325 -5.2703104019165 13.717829704285
			vertex 6.496645450592 -5.133927822113 13.954051971436
			vertex 6.496645450592 -4.1339011192322 15.686148643494
		endloop
	endfacet
	facet normal -1.3875663872539e-06 -0.86602537102524 0.50000005673866
		outer loop
			vertex 6.272792339325 -5.2703104019165 13.717829704285
			vertex 6.496645450592 -4.1339011192322 15.686148643494
			vertex 6.272792339325 -3.9975183010101 15.92236995697
		endloop
	endfacet
	facet normal 2.0509228906742e-06 -0.86602535550175 0.50000008362385
		outer loop
			vertex 6.496645450592 -5.133927822113 13.954051971436
			vertex 6.6629829406738 -4.2894992828369 15.416644096375
			vertex 6.496645450592 -4.1339011192322 15.686148643494
		endloop
	endfacet
	facet normal 0.881921569303 0.23569822848795 0.40824097134631
		outer loop
			vertex 6.496645450592 -2.6905255317688 14.852814674377
			vertex 6.496645450592 -4.1339011192322 15.686148643494
			vertex 6.6629829406738 -2.8461236953735 14.583311080933
		endloop
	endfacet
	facet normal 0.7730105538567 0.31719650419889 0.54940063828699
		outer loop
			vertex 6.496645450592 -2.6905255317688 14.852814674377
			vertex 6.272792339325 -2.5541427135468 15.089036941528
			vertex 6.272792339325 -3.9975183010101 15.92236995697
		endloop
	endfacet
	facet normal 0.47140031932295 0.44095918968166 0.76376484075763
		outer loop
			vertex 6.0000262260437 -2.4422161579132 15.282899856567
			vertex 5.6888303756714 -3.8024227619171 16.260286331177
			vertex 6.0000262260437 -3.8855917453766 16.116231918335
		endloop
	endfacet
	facet normal 0.47139667836998 0.44096091970956 0.76376608913374
		outer loop
			vertex 5.6888303756714 -2.3590471744537 15.426952362061
			vertex 5.6888303756714 -3.8024227619171 16.260286331177
			vertex 6.0000262260437 -2.4422161579132 15.282899856567
		endloop
	endfacet
	facet normal 0.63439349256599 0.38650471601881 0.66944678734396
		outer loop
			vertex 6.0000262260437 -2.4422161579132 15.282899856567
			vertex 6.0000262260437 -3.8855917453766 16.116231918335
			vertex 6.272792339325 -2.5541427135468 15.089036941528
		endloop
	endfacet
	facet normal 0.6343920939543 0.38650562166367 0.66944758984603
		outer loop
			vertex 6.0000262260437 -3.8855917453766 16.116231918335
			vertex 6.272792339325 -3.9975183010101 15.92236995697
			vertex 6.272792339325 -2.5541427135468 15.089036941528
		endloop
	endfacet
	facet normal 0.77300961187125 0.31719735035683 0.54940147513569
		outer loop
			vertex 6.496645450592 -2.6905255317688 14.852814674377
			vertex 6.272792339325 -3.9975183010101 15.92236995697
			vertex 6.496645450592 -4.1339011192322 15.686148643494
		endloop
	endfacet
	facet normal 5.367552510584e-07 -0.86602528093733 0.50000021277709
		outer loop
			vertex 6.496645450592 -5.133927822113 13.954051971436
			vertex 6.6629829406738 -4.9783296585083 14.22355556488
			vertex 6.6629829406738 -4.2894992828369 15.416644096375
		endloop
	endfacet
	facet normal -2.8688247213487e-06 -0.86602524069463 0.50000028247149
		outer loop
			vertex 6.6629829406738 -4.9783296585083 14.22355556488
			vertex 6.7654132843018 -4.8094959259033 14.515984535217
			vertex 6.7654132843018 -4.4583330154419 15.124216079712
		endloop
	endfacet
	facet normal 6.8933228894266e-06 -0.86602524067762 0.50000028246167
		outer loop
			vertex 6.7654132843018 -4.8094959259033 14.515984535217
			vertex 6.8000001907349 -4.6339144706726 14.820099830627
			vertex 6.7654132843018 -4.4583330154419 15.124216079712
		endloop
	endfacet
	facet normal 0.99518462786052 0.049009053872552 0.084886212712307
		outer loop
			vertex 6.8000001907349 -3.1905386447906 13.986766815186
			vertex 6.7654132843018 -4.4583330154419 15.124216079712
			vertex 6.8000001907349 -4.6339144706726 14.820099830627
		endloop
	endfacet
	facet normal -2.0517127719471e-06 -0.86602528093563 0.50000021277611
		outer loop
			vertex 6.6629829406738 -4.9783296585083 14.22355556488
			vertex 6.7654132843018 -4.4583330154419 15.124216079712
			vertex 6.6629829406738 -4.2894992828369 15.416644096375
		endloop
	endfacet
	facet normal 0.99518460212729 0.049009232644394 0.084886411187886
		outer loop
			vertex 6.8000001907349 -3.1905386447906 13.986766815186
			vertex 6.7654132843018 -3.0149574279785 14.290882110596
			vertex 6.7654132843018 -4.4583330154419 15.124216079712
		endloop
	endfacet
	facet normal 0.95694038188981 0.14514222747011 0.25139379330761
		outer loop
			vertex 6.7654132843018 -3.0149574279785 14.290882110596
			vertex 6.6629829406738 -2.8461236953735 14.583311080933
			vertex 6.6629829406738 -4.2894992828369 15.416644096375
		endloop
	endfacet
	facet normal 0.95694018465882 0.14514267713841 0.25139428445818
		outer loop
			vertex 6.7654132843018 -3.0149574279785 14.290882110596
			vertex 6.6629829406738 -4.2894992828369 15.416644096375
			vertex 6.7654132843018 -4.4583330154419 15.124216079712
		endloop
	endfacet
	facet normal 0.88192208941559 0.2356975396543 0.40824024544593
		outer loop
			vertex 6.6629829406738 -2.8461236953735 14.583311080933
			vertex 6.496645450592 -4.1339011192322 15.686148643494
			vertex 6.6629829406738 -4.2894992828369 15.416644096375
		endloop
	endfacet
	facet normal -0.62231686241475 -0.547318284526 -0.55961095251771
		outer loop
			vertex 3.4726493358612 -3.1372635364532 12.192375183105
			vertex 3.7999682426453 -3.2715752124786 11.959740638733
			vertex 3.8151926994324 -3.3794915676117 12.048356056213
		endloop
	endfacet
	facet normal -0.62231734299261 -0.54732066770122 -0.55960808725188
		outer loop
			vertex 3.4726493358612 -3.1372635364532 12.192375183105
			vertex 3.8151926994324 -3.3794915676117 12.048356056213
			vertex 3.4920265674591 -3.2468838691711 12.278039932251
		endloop
	endfacet
	facet normal -0.52826263562409 -0.80137698002823 -0.28059494593509
		outer loop
			vertex 3.4920265674591 -3.2468838691711 12.278039932251
			vertex 3.8585484027863 -3.4481935501099 12.162945747375
			vertex 3.5472078323364 -3.3204383850098 12.384223937988
		endloop
	endfacet
	facet normal -0.52826245329953 -0.80137781466527 -0.28059290546319
		outer loop
			vertex 3.4920265674591 -3.2468838691711 12.278039932251
			vertex 3.8151926994324 -3.3794915676117 12.048356056213
			vertex 3.8585484027863 -3.4481935501099 12.162945747375
		endloop
	endfacet
	facet normal -0.75829623972311 -0.47933077519063 -0.44184705586542
		outer loop
			vertex 3.4726493358612 -3.1372635364532 12.192375183105
			vertex 3.4920265674591 -3.2468838691711 12.278039932251
			vertex 3.2040257453918 -2.9736039638519 12.475842475891
		endloop
	endfacet
	facet normal -0.64368988663395 0.2154002054204 -0.73434738465526
		outer loop
			vertex 3.4920265674591 -3.0082659721375 12.140274047852
			vertex 3.2268106937408 -2.8466827869415 12.420144081116
			vertex 3.2916970252991 -2.7238597869873 12.39929485321
		endloop
	endfacet
	facet normal -0.75829490516819 -0.14298443498849 -0.63603796124679
		outer loop
			vertex 3.4920265674591 -3.0082659721375 12.140274047852
			vertex 3.4726493358612 -3.1372635364532 12.192375183105
			vertex 3.2268106937408 -2.8466827869415 12.420144081116
		endloop
	endfacet
	facet normal -0.64369242963394 0.21539718969925 -0.73434604016201
		outer loop
			vertex 3.5472078323364 -2.8795301914215 12.129665374756
			vertex 3.4920265674591 -3.0082659721375 12.140274047852
			vertex 3.2916970252991 -2.7238597869873 12.39929485321
		endloop
	endfacet
	facet normal -0.43089472028605 0.54218672529908 -0.72136211082858
		outer loop
			vertex 3.5472078323364 -2.8795301914215 12.129665374756
			vertex 3.3123378753662 -2.7025990486145 12.402945518494
			vertex 3.5647614002228 -2.8563883304596 12.136573791504
		endloop
	endfacet
	facet normal -0.43089023717231 0.54219139338857 -0.72136128011209
		outer loop
			vertex 3.5472078323364 -2.8795301914215 12.129665374756
			vertex 3.2916970252991 -2.7238597869873 12.39929485321
			vertex 3.3123378753662 -2.7025990486145 12.402945518494
		endloop
	endfacet
	facet normal -0.52826514595292 0.1576828438856 -0.83430932891554
		outer loop
			vertex 3.5472078323364 -2.8795301914215 12.129665374756
			vertex 3.8151926994324 -3.1408739089966 11.910590171814
			vertex 3.4920265674591 -3.0082659721375 12.140274047852
		endloop
	endfacet
	facet normal -0.62231802470185 -0.21097714696232 -0.75379633827104
		outer loop
			vertex 3.4920265674591 -3.0082659721375 12.140274047852
			vertex 3.8151926994324 -3.1408739089966 11.910590171814
			vertex 3.7999682426453 -3.2715752124786 11.959740638733
		endloop
	endfacet
	facet normal -0.52826179905072 0.1576873399429 -0.8343105983298
		outer loop
			vertex 3.5472078323364 -2.8795301914215 12.129665374756
			vertex 3.8585484027863 -3.0072855949402 11.908387184143
			vertex 3.8151926994324 -3.1408739089966 11.910590171814
		endloop
	endfacet
	facet normal -0.35362436479704 0.50355217954207 -0.78827977971043
		outer loop
			vertex 3.5472078323364 -2.8795301914215 12.129665374756
			vertex 3.5647614002228 -2.8563883304596 12.136573791504
			vertex 3.8585484027863 -3.0072855949402 11.908387184143
		endloop
	endfacet
	facet normal -0.62231615391398 -0.21097312910723 -0.75379900727742
		outer loop
			vertex 3.4920265674591 -3.0082659721375 12.140274047852
			vertex 3.7999682426453 -3.2715752124786 11.959740638733
			vertex 3.4726493358612 -3.1372635364532 12.192375183105
		endloop
	endfacet
	facet normal -0.79685012687402 0.35867021548945 -0.48619497305259
		outer loop
			vertex 3.1018354892731 -2.5462567806244 12.70691204071
			vertex 3.0297377109528 -2.6623339653015 12.73944568634
			vertex 2.9849193096161 -2.3535463809967 13.040696144104
		endloop
	endfacet
	facet normal -0.86513386925083 -0.063042550424059 -0.49756308656402
		outer loop
			vertex 3.0297377109528 -2.6623339653015 12.73944568634
			vertex 3.2268106937408 -2.8466827869415 12.420144081116
			vertex 3.2040257453918 -2.9736039638519 12.475842475891
		endloop
	endfacet
	facet normal -0.73438099492023 -0.67579919192199 -0.063087292678932
		outer loop
			vertex 3.0297377109528 -2.9009516239166 12.87721157074
			vertex 3.2916970252991 -3.1647679805756 12.653853416443
			vertex 3.1018354892731 -2.9871649742126 12.961470603943
		endloop
	endfacet
	facet normal -0.86513372868404 -0.39938092048095 -0.30337849602277
		outer loop
			vertex 3.0044202804565 -2.78688621521 12.799246788025
			vertex 3.2040257453918 -2.9736039638519 12.475842475891
			vertex 3.2268106937408 -3.0853006839752 12.557909965515
		endloop
	endfacet
	facet normal -0.86513370339768 -0.39938211394454 -0.30337699699647
		outer loop
			vertex 3.0044202804565 -2.78688621521 12.799246788025
			vertex 3.2268106937408 -3.0853006839752 12.557909965515
			vertex 3.0297377109528 -2.9009516239166 12.87721157074
		endloop
	endfacet
	facet normal -0.73438061363342 -0.67579970452541 -0.063086240043107
		outer loop
			vertex 3.0297377109528 -2.9009516239166 12.87721157074
			vertex 3.2268106937408 -3.0853006839752 12.557909965515
			vertex 3.2916970252991 -3.1647679805756 12.653853416443
		endloop
	endfacet
	facet normal -0.49160401396677 -0.85038242736115 0.18755058167631
		outer loop
			vertex 3.1018354892731 -2.9871649742126 12.961470603943
			vertex 3.2916970252991 -3.1647679805756 12.653853416443
			vertex 3.3888063430786 -3.1999077796936 12.74906539917
		endloop
	endfacet
	facet normal -0.73438068548819 0.28326451536396 -0.61680322884816
		outer loop
			vertex 3.1018354892731 -2.5462567806244 12.70691204071
			vertex 3.2916970252991 -2.7238597869873 12.39929485321
			vertex 3.2268106937408 -2.8466827869415 12.420144081116
		endloop
	endfacet
	facet normal -0.49159901788937 0.58761932879007 -0.64267715848824
		outer loop
			vertex 3.1247704029083 -2.5271418094635 12.706846237183
			vertex 3.3123378753662 -2.7025990486145 12.402945518494
			vertex 3.2916970252991 -2.7238597869873 12.39929485321
		endloop
	endfacet
	facet normal -0.86513331738159 -0.06304129399106 -0.4975642053125
		outer loop
			vertex 3.0297377109528 -2.6623339653015 12.73944568634
			vertex 3.2040257453918 -2.9736039638519 12.475842475891
			vertex 3.0044202804565 -2.78688621521 12.799246788025
		endloop
	endfacet
	facet normal -0.73438154582196 0.28326358676974 -0.61680263096593
		outer loop
			vertex 3.1018354892731 -2.5462567806244 12.70691204071
			vertex 3.2268106937408 -2.8466827869415 12.420144081116
			vertex 3.0297377109528 -2.6623339653015 12.73944568634
		endloop
	endfacet
	facet normal -0.53341291467921 0.6380988881708 -0.55524811694288
		outer loop
			vertex 3.1018354892731 -2.5462567806244 12.70691204071
			vertex 3.0092668533325 -2.3367598056793 13.036597251892
			vertex 3.1247704029083 -2.5271418094635 12.706846237183
		endloop
	endfacet
	facet normal -0.49159481311931 0.58762286716779 -0.64267713954651
		outer loop
			vertex 3.1018354892731 -2.5462567806244 12.70691204071
			vertex 3.1247704029083 -2.5271418094635 12.706846237183
			vertex 3.2916970252991 -2.7238597869873 12.39929485321
		endloop
	endfacet
	facet normal -0.79684958676049 -0.6003929948294 0.067520277246376
		outer loop
			vertex 3.0297377109528 -2.9009516239166 12.87721157074
			vertex 3.1018354892731 -2.9871649742126 12.961470603943
			vertex 2.9083805084229 -2.7009215354919 13.223673820496
		endloop
	endfacet
	facet normal -0.79684860908609 -0.60039407827056 0.06752218135691
		outer loop
			vertex 3.1018354892731 -2.9871649742126 12.961470603943
			vertex 2.9849193096161 -2.7944543361664 13.295254707336
			vertex 2.9083805084229 -2.7009215354919 13.223673820496
		endloop
	endfacet
	facet normal -0.93872450680649 -0.31055019106861 -0.14951548129932
		outer loop
			vertex 3.0044202804565 -2.78688621521 12.799246788025
			vertex 3.0297377109528 -2.9009516239166 12.87721157074
			vertex 2.8815038204193 -2.584285736084 13.15016078949
		endloop
	endfacet
	facet normal -0.93872438904461 0.025790830980523 -0.34370242136208
		outer loop
			vertex 3.0297377109528 -2.6623339653015 12.73944568634
			vertex 3.0044202804565 -2.78688621521 12.799246788025
			vertex 2.9083805084229 -2.4623036384583 13.085907936096
		endloop
	endfacet
	facet normal -0.93872458831055 -0.31054958468019 -0.14951622907282
		outer loop
			vertex 2.8815038204193 -2.584285736084 13.15016078949
			vertex 3.0297377109528 -2.9009516239166 12.87721157074
			vertex 2.9083805084229 -2.7009215354919 13.223673820496
		endloop
	endfacet
	facet normal -0.79684916487044 0.35867119113424 -0.48619582998585
		outer loop
			vertex 3.0297377109528 -2.6623339653015 12.73944568634
			vertex 2.9083805084229 -2.4623036384583 13.085907936096
			vertex 2.9849193096161 -2.3535463809967 13.040696144104
		endloop
	endfacet
	facet normal -0.93872454592554 0.0257904325498 -0.34370202278396
		outer loop
			vertex 3.0044202804565 -2.78688621521 12.799246788025
			vertex 2.8815038204193 -2.584285736084 13.15016078949
			vertex 2.9083805084229 -2.4623036384583 13.085907936096
		endloop
	endfacet
	facet normal -0.97624118613675 -0.21624539129412 0.013823068920199
		outer loop
			vertex 2.8815038204193 -2.584285736084 13.15016078949
			vertex 2.9083805084229 -2.7009215354919 13.223673820496
			vertex 2.8399999141693 -2.3735880851746 13.515099525452
		endloop
	endfacet
	facet normal -0.9762411521722 0.12009404195616 -0.18036250689134
		outer loop
			vertex 2.8815038204193 -2.584285736084 13.15016078949
			vertex 2.8674032688141 -2.2542791366577 13.446216583252
			vertex 2.9083805084229 -2.4623036384583 13.085907936096
		endloop
	endfacet
	facet normal -0.49160466045148 -0.85038227903014 0.18754955967393
		outer loop
			vertex 3.1018354892731 -2.9871649742126 12.961470603943
			vertex 3.3888063430786 -3.1999077796936 12.74906539917
			vertex 3.2097375392914 -3.0324008464813 13.039196014404
		endloop
	endfacet
	facet normal -0.53342227780634 -0.79990382605223 0.27498098590067
		outer loop
			vertex 3.1018354892731 -2.9871649742126 12.961470603943
			vertex 3.2097375392914 -3.0324008464813 13.039196014404
			vertex 2.9849193096161 -2.7944543361664 13.295254707336
		endloop
	endfacet
	facet normal -0.53342387071004 -0.79990338536577 0.2749791778246
		outer loop
			vertex 2.9849193096161 -2.7944543361664 13.295254707336
			vertex 3.2097375392914 -3.0324008464813 13.039196014404
			vertex 3.0994675159454 -2.8506450653076 13.354006767273
		endloop
	endfacet
	facet normal -0.18754652325196 -0.8776762353113 0.441033703458
		outer loop
			vertex 3.0994675159454 -2.8506450653076 13.354006767273
			vertex 3.2310857772827 -3.03195977211 13.049152374268
			vertex 3.1221306324005 -2.8523714542389 13.360208511353
		endloop
	endfacet
	facet normal -0.18755362177858 -0.87767625313119 0.44103064932874
		outer loop
			vertex 3.0994675159454 -2.8506450653076 13.354006767273
			vertex 3.2097375392914 -3.0324008464813 13.039196014404
			vertex 3.2310857772827 -3.03195977211 13.049152374268
		endloop
	endfacet
	facet normal -0.64369011338802 -0.74366344552683 -0.18063144165312
		outer loop
			vertex 3.4920265674591 -3.2468838691711 12.278039932251
			vertex 3.5472078323364 -3.3204383850098 12.384223937988
			vertex 3.2268106937408 -3.0853006839752 12.557909965515
		endloop
	endfacet
	facet normal -0.43089479755844 -0.89581148150392 0.10886442505621
		outer loop
			vertex 3.5472078323364 -3.3204383850098 12.384223937988
			vertex 3.6297924518585 -3.3467290401459 12.494763374329
			vertex 3.2916970252991 -3.1647679805756 12.653853416443
		endloop
	endfacet
	facet normal -0.43089459439702 -0.89581152123463 0.10886490225383
		outer loop
			vertex 3.6297924518585 -3.3467290401459 12.494763374329
			vertex 3.3888063430786 -3.1999077796936 12.74906539917
			vertex 3.2916970252991 -3.1647679805756 12.653853416443
		endloop
	endfacet
	facet normal -0.15151486412676 -0.91139916573952 0.38261574279942
		outer loop
			vertex 3.6461315155029 -3.3425400257111 12.511212348938
			vertex 3.4080190658569 -3.1974694728851 12.762481689453
			vertex 3.3888063430786 -3.1999077796936 12.74906539917
		endloop
	endfacet
	facet normal -0.3536260774428 -0.93444581560647 0.041947765709056
		outer loop
			vertex 3.5472078323364 -3.3204383850098 12.384223937988
			vertex 3.9234349727631 -3.4672219753265 12.286064147949
			vertex 3.6297924518585 -3.3467290401459 12.494763374329
		endloop
	endfacet
	facet normal -0.12434822835874 -0.92498565264998 0.35908085509498
		outer loop
			vertex 3.6297924518585 -3.3467290401459 12.494763374329
			vertex 3.9362723827362 -3.4615962505341 12.305000305176
			vertex 3.6461315155029 -3.3425400257111 12.511212348938
		endloop
	endfacet
	facet normal -0.15151977952954 -0.91140029639443 0.38261110300599
		outer loop
			vertex 3.6297924518585 -3.3467290401459 12.494763374329
			vertex 3.6461315155029 -3.3425400257111 12.511212348938
			vertex 3.3888063430786 -3.1999077796936 12.74906539917
		endloop
	endfacet
	facet normal -0.75829594988706 -0.47932767694489 -0.44185091433593
		outer loop
			vertex 3.4920265674591 -3.2468838691711 12.278039932251
			vertex 3.2268106937408 -3.0853006839752 12.557909965515
			vertex 3.2040257453918 -2.9736039638519 12.475842475891
		endloop
	endfacet
	facet normal -0.64368985192097 -0.74366395727676 -0.18063026651542
		outer loop
			vertex 3.5472078323364 -3.3204383850098 12.384223937988
			vertex 3.2916970252991 -3.1647679805756 12.653853416443
			vertex 3.2268106937408 -3.0853006839752 12.557909965515
		endloop
	endfacet
	facet normal -0.75829703133105 -0.1429890304932 -0.63603439327848
		outer loop
			vertex 3.4726493358612 -3.1372635364532 12.192375183105
			vertex 3.2040257453918 -2.9736039638519 12.475842475891
			vertex 3.2268106937408 -2.8466827869415 12.420144081116
		endloop
	endfacet
	facet normal -0.17286231673667 -0.89542525706863 0.4102831076903
		outer loop
			vertex 3.3888063430786 -3.1999077796936 12.74906539917
			vertex 3.4080190658569 -3.1974694728851 12.762481689453
			vertex 3.2097375392914 -3.0324008464813 13.039196014404
		endloop
	endfacet
	facet normal -0.17285053312131 -0.89542400512102 0.41029080449447
		outer loop
			vertex 3.4080190658569 -3.1974694728851 12.762481689453
			vertex 3.2310857772827 -3.03195977211 13.049152374268
			vertex 3.2097375392914 -3.0324008464813 13.039196014404
		endloop
	endfacet
	facet normal -0.82869475410323 -0.52034335242058 0.20617419846698
		outer loop
			vertex 2.9083805084229 -2.7009215354919 13.223673820496
			vertex 2.9849193096161 -2.7944543361664 13.295254707336
			vertex 2.8674032688141 -2.4928970336914 13.583983421326
		endloop
	endfacet
	facet normal -0.97624108680296 -0.21624580830513 0.013823560620667
		outer loop
			vertex 2.9083805084229 -2.7009215354919 13.223673820496
			vertex 2.8674032688141 -2.4928970336914 13.583983421326
			vertex 2.8399999141693 -2.3735880851746 13.515099525452
		endloop
	endfacet
	facet normal -0.55474255273212 -0.74631579394505 0.36779537231513
		outer loop
			vertex 2.9849193096161 -2.7944543361664 13.295254707336
			vertex 3.0994675159454 -2.8506450653076 13.354006767273
			vertex 2.9454414844513 -2.594042301178 13.642378807068
		endloop
	endfacet
	facet normal -0.82869486501586 -0.52034324013579 0.20617403605046
		outer loop
			vertex 2.9849193096161 -2.7944543361664 13.295254707336
			vertex 2.9454414844513 -2.594042301178 13.642378807068
			vertex 2.8674032688141 -2.4928970336914 13.583983421326
		endloop
	endfacet
	facet normal -0.55474040613936 -0.7463165103333 0.36779715632432
		outer loop
			vertex 3.0994675159454 -2.8506450653076 13.354006767273
			vertex 3.0622339248657 -2.6616251468658 13.681398391724
			vertex 2.9454414844513 -2.594042301178 13.642378807068
		endloop
	endfacet
	facet normal -0.82869439103397 -0.43872425929078 0.34754371031367
		outer loop
			vertex 2.8674032688141 -2.4928970336914 13.583983421326
			vertex 2.9454414844513 -2.594042301178 13.642378807068
			vertex 2.9083805084229 -2.2848725318909 13.944292068481
		endloop
	endfacet
	facet normal -0.55474075553971 -0.69167986961629 0.46243015917089
		outer loop
			vertex 2.9454414844513 -2.594042301178 13.642378807068
			vertex 3.0622339248657 -2.6616251468658 13.681398391724
			vertex 2.9849193096161 -2.393630027771 13.989503860474
		endloop
	endfacet
	facet normal -0.19504154629464 -0.85883508230379 0.47366770696685
		outer loop
			vertex 3.0994675159454 -2.8506450653076 13.354006767273
			vertex 3.1221306324005 -2.8523714542389 13.360208511353
			vertex 3.0622339248657 -2.6616251468658 13.681398391724
		endloop
	endfacet
	facet normal -0.19506367255104 -0.85883301118021 0.47366235079223
		outer loop
			vertex 3.1221306324005 -2.8523714542389 13.360208511353
			vertex 3.0853409767151 -2.6656057834625 13.683696746826
			vertex 3.0622339248657 -2.6616251468658 13.681398391724
		endloop
	endfacet
	facet normal -0.19506386008466 -0.83962046123572 0.50693941606782
		outer loop
			vertex 3.0622339248657 -2.6616251468658 13.681398391724
			vertex 3.0853409767151 -2.6656057834625 13.683696746826
			vertex 3.0994675159454 -2.4726054668427 14.008790016174
		endloop
	endfacet
	facet normal -0.82869587961937 -0.43872278679102 0.34754201969287
		outer loop
			vertex 2.9454414844513 -2.594042301178 13.642378807068
			vertex 2.9849193096161 -2.393630027771 13.989503860474
			vertex 2.9083805084229 -2.2848725318909 13.944292068481
		endloop
	endfacet
	facet normal -0.19505723997555 -0.8396217212558 0.50693987644352
		outer loop
			vertex 3.0853409767151 -2.6656057834625 13.683696746826
			vertex 3.1221306324005 -2.4788401126862 14.007184028625
			vertex 3.0994675159454 -2.4726054668427 14.008790016174
		endloop
	endfacet
	facet normal -0.55473861928419 -0.69168072633564 0.46243144042168
		outer loop
			vertex 3.0622339248657 -2.6616251468658 13.681398391724
			vertex 3.0994675159454 -2.4726054668427 14.008790016174
			vertex 2.9849193096161 -2.393630027771 13.989503860474
		endloop
	endfacet
	facet normal -0.53341572147749 0.63809693568573 -0.55524766433469
		outer loop
			vertex 3.1018354892731 -2.5462567806244 12.70691204071
			vertex 2.9849193096161 -2.3535463809967 13.040696144104
			vertex 3.0092668533325 -2.3367598056793 13.036597251892
		endloop
	endfacet
	facet normal -0.82869398007124 0.43872481734132 -0.34754398576658
		outer loop
			vertex 2.9083805084229 -2.4623036384583 13.085907936096
			vertex 2.8674032688141 -2.2542791366577 13.446216583252
			vertex 2.9454414844513 -2.1531341075897 13.38782119751
		endloop
	endfacet
	facet normal -0.82869546866105 0.43872334483907 -0.34754229514385
		outer loop
			vertex 2.9083805084229 -2.4623036384583 13.085907936096
			vertex 2.9454414844513 -2.1531341075897 13.38782119751
			vertex 2.9849193096161 -2.3535463809967 13.040696144104
		endloop
	endfacet
	facet normal -0.5547354098704 0.69168275568587 -0.46243225506308
		outer loop
			vertex 2.9849193096161 -2.3535463809967 13.040696144104
			vertex 2.9702661037445 -2.1387691497803 13.37952709198
			vertex 3.0092668533325 -2.3367598056793 13.036597251892
		endloop
	endfacet
	facet normal -0.55474543746825 0.6916769035064 -0.46242897915675
		outer loop
			vertex 2.9849193096161 -2.3535463809967 13.040696144104
			vertex 2.9454414844513 -2.1531341075897 13.38782119751
			vertex 2.9702661037445 -2.1387691497803 13.37952709198
		endloop
	endfacet
	facet normal -0.97624101066935 0.12009447589849 -0.18036298385739
		outer loop
			vertex 2.8815038204193 -2.584285736084 13.15016078949
			vertex 2.8399999141693 -2.3735880851746 13.515099525452
			vertex 2.8674032688141 -2.2542791366577 13.446216583252
		endloop
	endfacet
	facet normal -0.97624105703027 0.21624594654253 -0.013823500726947
		outer loop
			vertex 2.8674032688141 -2.2542791366577 13.446216583252
			vertex 2.8399999141693 -2.3735880851746 13.515099525452
			vertex 2.9083805084229 -2.0462548732758 13.806526184082
		endloop
	endfacet
	facet normal -0.82869439853301 0.52034371238928 -0.20617471915088
		outer loop
			vertex 2.9454414844513 -2.1531341075897 13.38782119751
			vertex 2.8674032688141 -2.2542791366577 13.446216583252
			vertex 2.9849193096161 -1.9527218341827 13.734945297241
		endloop
	endfacet
	facet normal -0.5547441231779 0.74631466403752 -0.36779529638394
		outer loop
			vertex 2.9454414844513 -2.1531341075897 13.38782119751
			vertex 3.0092668533325 -1.9407783746719 13.722456932068
			vertex 2.9702661037445 -2.1387691497803 13.37952709198
		endloop
	endfacet
	facet normal -0.97624129205104 -0.12009366731014 0.18036199923077
		outer loop
			vertex 2.8399999141693 -2.3735880851746 13.515099525452
			vertex 2.8674032688141 -2.4928970336914 13.583983421326
			vertex 2.8815038204193 -2.1628906726837 13.880039215088
		endloop
	endfacet
	facet normal -0.97624111277232 -0.12009421710024 0.18036260353004
		outer loop
			vertex 2.8815038204193 -2.1628906726837 13.880039215088
			vertex 2.8674032688141 -2.4928970336914 13.583983421326
			vertex 2.9083805084229 -2.2848725318909 13.944292068481
		endloop
	endfacet
	facet normal -0.82869520351339 0.52034289745009 -0.20617354036625
		outer loop
			vertex 2.8674032688141 -2.2542791366577 13.446216583252
			vertex 2.9083805084229 -2.0462548732758 13.806526184082
			vertex 2.9849193096161 -1.9527218341827 13.734945297241
		endloop
	endfacet
	facet normal -0.97624117058558 0.21624546982831 -0.013822938632258
		outer loop
			vertex 2.8399999141693 -2.3735880851746 13.515099525452
			vertex 2.8815038204193 -2.1628906726837 13.880039215088
			vertex 2.9083805084229 -2.0462548732758 13.806526184082
		endloop
	endfacet
	facet normal -0.55474642511873 0.74631352542744 -0.36779413478475
		outer loop
			vertex 2.9454414844513 -2.1531341075897 13.38782119751
			vertex 2.9849193096161 -1.9527218341827 13.734945297241
			vertex 3.0092668533325 -1.9407783746719 13.722456932068
		endloop
	endfacet
	facet normal -0.53342631805241 0.79990232716375 -0.27497750854765
		outer loop
			vertex 2.9849193096161 -1.9527218341827 13.734945297241
			vertex 3.1247704029083 -1.7503963708878 14.052208900452
			vertex 3.0092668533325 -1.9407783746719 13.722456932068
		endloop
	endfacet
	facet normal -0.79684948793149 -0.35867070245655 0.48619566100763
		outer loop
			vertex 2.9083805084229 -2.2848725318909 13.944292068481
			vertex 2.9849193096161 -2.393630027771 13.989503860474
			vertex 3.0297377109528 -2.0848422050476 14.290754318237
		endloop
	endfacet
	facet normal -0.93872453570758 -0.025790467383728 0.34370204807756
		outer loop
			vertex 2.8815038204193 -2.1628906726837 13.880039215088
			vertex 2.9083805084229 -2.2848725318909 13.944292068481
			vertex 3.0044202804565 -1.9602900743484 14.230953216553
		endloop
	endfacet
	facet normal -0.93872438497651 -0.02579085019575 0.34370243103106
		outer loop
			vertex 3.0044202804565 -1.9602900743484 14.230953216553
			vertex 2.9083805084229 -2.2848725318909 13.944292068481
			vertex 3.0297377109528 -2.0848422050476 14.290754318237
		endloop
	endfacet
	facet normal -0.79685005910636 -0.3586701231824 0.48619515221618
		outer loop
			vertex 2.9849193096161 -2.393630027771 13.989503860474
			vertex 3.1018354892731 -2.2009193897247 14.323287963867
			vertex 3.0297377109528 -2.0848422050476 14.290754318237
		endloop
	endfacet
	facet normal -0.93872463909206 0.31054950272282 0.14951608047328
		outer loop
			vertex 2.8815038204193 -2.1628906726837 13.880039215088
			vertex 3.0297377109528 -1.8462245464325 14.152988433838
			vertex 2.9083805084229 -2.0462548732758 13.806526184082
		endloop
	endfacet
	facet normal -0.7968491034232 0.60039350311472 -0.067521461708677
		outer loop
			vertex 2.9083805084229 -2.0462548732758 13.806526184082
			vertex 3.1018354892731 -1.7600113153458 14.068729400635
			vertex 2.9849193096161 -1.9527218341827 13.734945297241
		endloop
	endfacet
	facet normal -0.93872458148083 0.3105499313499 0.14951555190751
		outer loop
			vertex 2.8815038204193 -2.1628906726837 13.880039215088
			vertex 3.0044202804565 -1.9602900743484 14.230953216553
			vertex 3.0297377109528 -1.8462245464325 14.152988433838
		endloop
	endfacet
	facet normal -0.79684942565645 0.60039314602138 -0.06752083412945
		outer loop
			vertex 2.9083805084229 -2.0462548732758 13.806526184082
			vertex 3.0297377109528 -1.8462245464325 14.152988433838
			vertex 3.1018354892731 -1.7600113153458 14.068729400635
		endloop
	endfacet
	facet normal -0.53341997459108 -0.63809344235362 0.55524759300025
		outer loop
			vertex 2.9849193096161 -2.393630027771 13.989503860474
			vertex 3.0994675159454 -2.4726054668427 14.008790016174
			vertex 3.1018354892731 -2.2009193897247 14.323287963867
		endloop
	endfacet
	facet normal -0.18756099926995 -0.82077939041841 0.5395758184141
		outer loop
			vertex 3.0994675159454 -2.4726054668427 14.008790016174
			vertex 3.1221306324005 -2.4788401126862 14.007184028625
			vertex 3.2097375392914 -2.2908496856689 14.323599815369
		endloop
	endfacet
	facet normal -0.53341983000986 -0.63809351189196 0.55524765198389
		outer loop
			vertex 3.0994675159454 -2.4726054668427 14.008790016174
			vertex 3.2097375392914 -2.2908496856689 14.323599815369
			vertex 3.1018354892731 -2.2009193897247 14.323287963867
		endloop
	endfacet
	facet normal -0.18756297416018 -0.82077880738234 0.53957601881126
		outer loop
			vertex 3.1221306324005 -2.4788401126862 14.007184028625
			vertex 3.2310857772827 -2.2992515563965 14.31824016571
			vertex 3.2097375392914 -2.2908496856689 14.323599815369
		endloop
	endfacet
	facet normal -0.53341846689254 0.79990564557241 -0.27498308558782
		outer loop
			vertex 2.9849193096161 -1.9527218341827 13.734945297241
			vertex 3.1018354892731 -1.7600113153458 14.068729400635
			vertex 3.1247704029083 -1.7503963708878 14.052208900452
		endloop
	endfacet
	facet normal -0.73438071442763 0.67579953117472 0.063086923690903
		outer loop
			vertex 3.1018354892731 -1.7600113153458 14.068729400635
			vertex 3.0297377109528 -1.8462245464325 14.152988433838
			vertex 3.2916970252991 -1.5824083089828 14.376346588135
		endloop
	endfacet
	facet normal -0.86513370814427 0.3993818899269 0.30337727836962
		outer loop
			vertex 3.0297377109528 -1.8462245464325 14.152988433838
			vertex 3.0044202804565 -1.9602900743484 14.230953216553
			vertex 3.2268106937408 -1.6618756055832 14.472290039062
		endloop
	endfacet
	facet normal -0.49160186027188 0.8503832893321 -0.18755231857255
		outer loop
			vertex 3.1247704029083 -1.7503963708878 14.052208900452
			vertex 3.1018354892731 -1.7600113153458 14.068729400635
			vertex 3.3123378753662 -1.574939250946 14.356109619141
		endloop
	endfacet
	facet normal -0.73438051766198 0.67579979570693 0.063086380471489
		outer loop
			vertex 3.0297377109528 -1.8462245464325 14.152988433838
			vertex 3.2268106937408 -1.6618756055832 14.472290039062
			vertex 3.2916970252991 -1.5824083089828 14.376346588135
		endloop
	endfacet
	facet normal -0.49160121536981 0.85038352455251 -0.18755294243647
		outer loop
			vertex 3.1018354892731 -1.7600113153458 14.068729400635
			vertex 3.2916970252991 -1.5824083089828 14.376346588135
			vertex 3.3123378753662 -1.574939250946 14.356109619141
		endloop
	endfacet
	facet normal -0.73438154582196 -0.28326358676974 0.61680263096593
		outer loop
			vertex 3.0297377109528 -2.0848422050476 14.290754318237
			vertex 3.1018354892731 -2.2009193897247 14.323287963867
			vertex 3.2268106937408 -1.9004933834076 14.610055923462
		endloop
	endfacet
	facet normal -0.17286005173937 -0.80303038059578 0.57031711385234
		outer loop
			vertex 3.2097375392914 -2.2908496856689 14.323599815369
			vertex 3.2310857772827 -2.2992515563965 14.31824016571
			vertex 3.3888063430786 -2.1233427524567 14.613731384277
		endloop
	endfacet
	facet normal -0.49160229247212 -0.58761593714143 0.64267775475237
		outer loop
			vertex 3.1018354892731 -2.2009193897247 14.323287963867
			vertex 3.2097375392914 -2.2908496856689 14.323599815369
			vertex 3.2916970252991 -2.0233163833618 14.630905151367
		endloop
	endfacet
	facet normal -0.73438068548819 -0.28326451536396 0.61680322884816
		outer loop
			vertex 3.1018354892731 -2.2009193897247 14.323287963867
			vertex 3.2916970252991 -2.0233163833618 14.630905151367
			vertex 3.2268106937408 -1.9004933834076 14.610055923462
		endloop
	endfacet
	facet normal -0.86513332654583 0.0630413419004 0.49756418330819
		outer loop
			vertex 3.0044202804565 -1.9602900743484 14.230953216553
			vertex 3.0297377109528 -2.0848422050476 14.290754318237
			vertex 3.2040257453918 -1.7735723257065 14.554357528687
		endloop
	endfacet
	facet normal -0.86513387841516 0.063042598334304 0.49756306455926
		outer loop
			vertex 3.2040257453918 -1.7735723257065 14.554357528687
			vertex 3.0297377109528 -2.0848422050476 14.290754318237
			vertex 3.2268106937408 -1.9004933834076 14.610055923462
		endloop
	endfacet
	facet normal -0.86513372868404 0.39938092048095 0.30337849602277
		outer loop
			vertex 3.0044202804565 -1.9602900743484 14.230953216553
			vertex 3.2040257453918 -1.7735723257065 14.554357528687
			vertex 3.2268106937408 -1.6618756055832 14.472290039062
		endloop
	endfacet
	facet normal -0.49160711345234 -0.58761315071359 0.64267661472276
		outer loop
			vertex 3.2097375392914 -2.2908496856689 14.323599815369
			vertex 3.3888063430786 -2.1233427524567 14.613731384277
			vertex 3.2916970252991 -2.0233163833618 14.630905151367
		endloop
	endfacet
	facet normal -0.17284954438319 -0.80303476972973 0.57031411836956
		outer loop
			vertex 3.2310857772827 -2.2992515563965 14.31824016571
			vertex 3.4080190658569 -2.1337418556213 14.604911804199
			vertex 3.3888063430786 -2.1233427524567 14.613731384277
		endloop
	endfacet
	facet normal -0.15150281670608 -0.78706094724711 0.59798157316811
		outer loop
			vertex 3.3888063430786 -2.1233427524567 14.613731384277
			vertex 3.4080190658569 -2.1337418556213 14.604911804199
			vertex 3.6297924518585 -1.9765214920044 14.868032455444
		endloop
	endfacet
	facet normal -0.75829594988706 0.47932767694489 0.44185091433593
		outer loop
			vertex 3.2268106937408 -1.6618756055832 14.472290039062
			vertex 3.2040257453918 -1.7735723257065 14.554357528687
			vertex 3.4920265674591 -1.5002924203873 14.752160072327
		endloop
	endfacet
	facet normal -0.64368988663395 -0.2154002054204 0.73434738465526
		outer loop
			vertex 3.2268106937408 -1.9004933834076 14.610055923462
			vertex 3.2916970252991 -2.0233163833618 14.630905151367
			vertex 3.4920265674591 -1.7389101982117 14.889925956726
		endloop
	endfacet
	facet normal -0.75829704955005 0.14298914108096 0.6360343466957
		outer loop
			vertex 3.2040257453918 -1.7735723257065 14.554357528687
			vertex 3.2268106937408 -1.9004933834076 14.610055923462
			vertex 3.4726493358612 -1.6099127531052 14.837824821472
		endloop
	endfacet
	facet normal -0.75829492338723 0.14298454557299 0.63603791466582
		outer loop
			vertex 3.2268106937408 -1.9004933834076 14.610055923462
			vertex 3.4920265674591 -1.7389101982117 14.889925956726
			vertex 3.4726493358612 -1.6099127531052 14.837824821472
		endloop
	endfacet
	facet normal -0.43089715573534 -0.54218353068514 0.72136305715846
		outer loop
			vertex 3.3888063430786 -2.1233427524567 14.613731384277
			vertex 3.5472078323364 -1.8676460981369 14.900534629822
			vertex 3.2916970252991 -2.0233163833618 14.630905151367
		endloop
	endfacet
	facet normal -0.64369254992656 -0.21539704704487 0.7343459765624
		outer loop
			vertex 3.2916970252991 -2.0233163833618 14.630905151367
			vertex 3.5472078323364 -1.8676460981369 14.900534629822
			vertex 3.4920265674591 -1.7389101982117 14.889925956726
		endloop
	endfacet
	facet normal -0.15152161973861 -0.78705017625756 0.59799098555473
		outer loop
			vertex 3.4080190658569 -2.1337418556213 14.604911804199
			vertex 3.6461315155029 -1.988671541214 14.856181144714
			vertex 3.6297924518585 -1.9765214920044 14.868032455444
		endloop
	endfacet
	facet normal -0.43089140208746 -0.54218755623086 0.72136346835387
		outer loop
			vertex 3.3888063430786 -2.1233427524567 14.613731384277
			vertex 3.6297924518585 -1.9765214920044 14.868032455444
			vertex 3.5472078323364 -1.8676460981369 14.900534629822
		endloop
	endfacet
	facet normal -0.52826522692576 -0.15768273511047 0.8343092982037
		outer loop
			vertex 3.4920265674591 -1.7389101982117 14.889925956726
			vertex 3.5472078323364 -1.8676460981369 14.900534629822
			vertex 3.8151926994324 -1.6063023805618 15.119609832764
		endloop
	endfacet
	facet normal -0.35362324142804 -0.50355389358487 0.78827918872532
		outer loop
			vertex 3.5472078323364 -1.8676460981369 14.900534629822
			vertex 3.6297924518585 -1.9765214920044 14.868032455444
			vertex 3.8585484027863 -1.7398906946182 15.121812820435
		endloop
	endfacet
	facet normal -0.12435089478325 -0.77346431733553 0.62152216756548
		outer loop
			vertex 3.6297924518585 -1.9765214920044 14.868032455444
			vertex 3.6461315155029 -1.988671541214 14.856181144714
			vertex 3.9234349727631 -1.8560284376144 15.076732635498
		endloop
	endfacet
	facet normal -0.52826179905072 -0.1576873399429 0.8343105983298
		outer loop
			vertex 3.5472078323364 -1.8676460981369 14.900534629822
			vertex 3.8585484027863 -1.7398906946182 15.121812820435
			vertex 3.8151926994324 -1.6063023805618 15.119609832764
		endloop
	endfacet
	facet normal -0.4308930899073 0.89581205399689 -0.10886647318623
		outer loop
			vertex 3.3123378753662 -1.574939250946 14.356109619141
			vertex 3.2916970252991 -1.5824083089828 14.376346588135
			vertex 3.5647614002228 -1.4211498498917 14.622480392456
		endloop
	endfacet
	facet normal -0.64368985192097 0.74366395727676 0.18063026651542
		outer loop
			vertex 3.2268106937408 -1.6618756055832 14.472290039062
			vertex 3.5472078323364 -1.4267379045486 14.645976066589
			vertex 3.2916970252991 -1.5824083089828 14.376346588135
		endloop
	endfacet
	facet normal -0.43089362205925 0.89581188336065 -0.10886577101418
		outer loop
			vertex 3.2916970252991 -1.5824083089828 14.376346588135
			vertex 3.5472078323364 -1.4267379045486 14.645976066589
			vertex 3.5647614002228 -1.4211498498917 14.622480392456
		endloop
	endfacet
	facet normal -0.75829623972311 0.47933077519063 0.44184705586542
		outer loop
			vertex 3.2040257453918 -1.7735723257065 14.554357528687
			vertex 3.4726493358612 -1.6099127531052 14.837824821472
			vertex 3.4920265674591 -1.5002924203873 14.752160072327
		endloop
	endfacet
	facet normal -0.64369011338802 0.74366344552683 0.18063144165312
		outer loop
			vertex 3.2268106937408 -1.6618756055832 14.472290039062
			vertex 3.4920265674591 -1.5002924203873 14.752160072327
			vertex 3.5472078323364 -1.4267379045486 14.645976066589
		endloop
	endfacet
	facet normal -0.62231746326634 0.54732062050874 0.55960799965661
		outer loop
			vertex 3.4920265674591 -1.5002924203873 14.752160072327
			vertex 3.4726493358612 -1.6099127531052 14.837824821472
			vertex 3.8151926994324 -1.3676846027374 14.981843948364
		endloop
	endfacet
	facet normal -0.52826281443066 0.80137691135262 0.28059480544149
		outer loop
			vertex 3.5472078323364 -1.4267379045486 14.645976066589
			vertex 3.4920265674591 -1.5002924203873 14.752160072327
			vertex 3.8585484027863 -1.2989826202393 14.867254257202
		endloop
	endfacet
	facet normal -0.35362508800472 0.93444608465229 -0.041950113368785
		outer loop
			vertex 3.5472078323364 -1.4267379045486 14.645976066589
			vertex 3.8723402023315 -1.2949380874634 14.84108543396
			vertex 3.5647614002228 -1.4211498498917 14.622480392456
		endloop
	endfacet
	facet normal -0.6223162217489 0.21097327479446 0.7537989104998
		outer loop
			vertex 3.4726493358612 -1.6099127531052 14.837824821472
			vertex 3.4920265674591 -1.7389101982117 14.889925956726
			vertex 3.7999682426453 -1.4756009578705 15.070459365845
		endloop
	endfacet
	facet normal -0.62231698188832 0.54731823336791 0.55961086969111
		outer loop
			vertex 3.4726493358612 -1.6099127531052 14.837824821472
			vertex 3.7999682426453 -1.4756009578705 15.070459365845
			vertex 3.8151926994324 -1.3676846027374 14.981843948364
		endloop
	endfacet
	facet normal -0.6223179559947 0.21097699940078 0.75379643629459
		outer loop
			vertex 3.4920265674591 -1.7389101982117 14.889925956726
			vertex 3.8151926994324 -1.6063023805618 15.119609832764
			vertex 3.7999682426453 -1.4756009578705 15.070459365845
		endloop
	endfacet
	facet normal -0.52826263431843 0.80137773586237 0.2805927897275
		outer loop
			vertex 3.4920265674591 -1.5002924203873 14.752160072327
			vertex 3.8151926994324 -1.3676846027374 14.981843948364
			vertex 3.8585484027863 -1.2989826202393 14.867254257202
		endloop
	endfacet
	facet normal -0.46242376824904 -0.26439834537162 -0.84632013654592
		outer loop
			vertex 4.1838908195496 -3.2394104003906 11.739919662476
			vertex 4.1734037399292 -3.3713779449463 11.786877632141
			vertex 3.8151926994324 -3.1408739089966 11.910590171814
		endloop
	endfacet
	facet normal -0.3925342680376 -0.84672320526987 -0.35913320937181
		outer loop
			vertex 4.2137546539307 -3.5431244373322 11.998520851135
			vertex 3.8585484027863 -3.4481935501099 12.162945747375
			vertex 3.8151926994324 -3.3794915676117 12.048356056213
		endloop
	endfacet
	facet normal -0.46242286943459 -0.26439635052826 -0.84632125085644
		outer loop
			vertex 4.1734037399292 -3.3713779449463 11.786877632141
			vertex 3.7999682426453 -3.2715752124786 11.959740638733
			vertex 3.8151926994324 -3.1408739089966 11.910590171814
		endloop
	endfacet
	facet normal -0.4624237907781 -0.60073682579194 -0.65213457496121
		outer loop
			vertex 3.7999682426453 -3.2715752124786 11.959740638733
			vertex 4.1838908195496 -3.4780282974243 11.877685546875
			vertex 3.8151926994324 -3.3794915676117 12.048356056213
		endloop
	endfacet
	facet normal -0.35362606168651 -0.93444581865366 0.041947830656441
		outer loop
			vertex 3.5472078323364 -3.3204383850098 12.384223937988
			vertex 3.8585484027863 -3.4481935501099 12.162945747375
			vertex 3.9234349727631 -3.4672219753265 12.286064147949
		endloop
	endfacet
	facet normal -0.39253430668311 -0.84672358474141 -0.35913227245608
		outer loop
			vertex 4.1838908195496 -3.4780282974243 11.877685546875
			vertex 4.2137546539307 -3.5431244373322 11.998520851135
			vertex 3.8151926994324 -3.3794915676117 12.048356056213
		endloop
	endfacet
	facet normal -0.46242330538124 -0.60073518595821 -0.65213642973847
		outer loop
			vertex 4.1734037399292 -3.3713779449463 11.786877632141
			vertex 4.1838908195496 -3.4780282974243 11.877685546875
			vertex 3.7999682426453 -3.2715752124786 11.959740638733
		endloop
	endfacet
	facet normal -0.2627683712528 -0.96480040946612 -0.010627933155886
		outer loop
			vertex 3.8585484027863 -3.4481935501099 12.162945747375
			vertex 4.2584490776062 -3.5567564964294 12.13098526001
			vertex 3.9234349727631 -3.4672219753265 12.286064147949
		endloop
	endfacet
	facet normal -0.092391427619287 -0.93565491535398 0.34060784412049
		outer loop
			vertex 3.9234349727631 -3.4672219753265 12.286064147949
			vertex 4.2672915458679 -3.5500628948212 12.15177154541
			vertex 3.9362723827362 -3.4615962505341 12.305000305176
		endloop
	endfacet
	facet normal -0.26276843042181 -0.96480038425193 -0.010628759146284
		outer loop
			vertex 4.2137546539307 -3.5431244373322 11.998520851135
			vertex 4.2584490776062 -3.5567564964294 12.13098526001
			vertex 3.8585484027863 -3.4481935501099 12.162945747375
		endloop
	endfacet
	facet normal -0.092393195388489 -0.93565611837842 0.34060405985092
		outer loop
			vertex 3.9234349727631 -3.4672219753265 12.286064147949
			vertex 4.2584490776062 -3.5567564964294 12.13098526001
			vertex 4.2672915458679 -3.5500628948212 12.15177154541
		endloop
	endfacet
	facet normal -0.39253391988222 0.1123435648673 -0.91285050538125
		outer loop
			vertex 4.2137546539307 -3.1022162437439 11.743962287903
			vertex 4.1838908195496 -3.2394104003906 11.739919662476
			vertex 3.8585484027863 -3.0072855949402 11.908387184143
		endloop
	endfacet
	facet normal -0.26277376419559 0.47318425968976 -0.84086063365598
		outer loop
			vertex 4.2137546539307 -3.1022162437439 11.743962287903
			vertex 3.8723402023315 -2.9826002120972 11.91796875
			vertex 4.2232546806335 -3.0763838291168 11.755530357361
		endloop
	endfacet
	facet normal -0.35363043533298 0.50354407312296 -0.78828223475412
		outer loop
			vertex 3.5647614002228 -2.8563883304596 12.136573791504
			vertex 3.8723402023315 -2.9826002120972 11.91796875
			vertex 3.8585484027863 -3.0072855949402 11.908387184143
		endloop
	endfacet
	facet normal -0.39253471367109 0.11234231611278 -0.91285031772661
		outer loop
			vertex 4.1838908195496 -3.2394104003906 11.739919662476
			vertex 3.8151926994324 -3.1408739089966 11.910590171814
			vertex 3.8585484027863 -3.0072855949402 11.908387184143
		endloop
	endfacet
	facet normal -0.26277147464604 0.47318842536117 -0.84085900495658
		outer loop
			vertex 4.2137546539307 -3.1022162437439 11.743962287903
			vertex 3.8585484027863 -3.0072855949402 11.908387184143
			vertex 3.8723402023315 -2.9826002120972 11.91796875
		endloop
	endfacet
	facet normal -0.28475855096902 -0.63753018537497 -0.71586858457805
		outer loop
			vertex 4.1734037399292 -3.3713779449463 11.786877632141
			vertex 4.5839509963989 -3.53870677948 11.772587776184
			vertex 4.1838908195496 -3.4780282974243 11.877685546875
		endloop
	endfacet
	facet normal -0.28476015190909 -0.3011942592951 -0.91005146780409
		outer loop
			vertex 4.1838908195496 -3.2394104003906 11.739919662476
			vertex 4.5786046981812 -3.4328362941742 11.680428504944
			vertex 4.1734037399292 -3.3713779449463 11.786877632141
		endloop
	endfacet
	facet normal -0.24172042272147 0.081109254700287 -0.96695011559093
		outer loop
			vertex 4.2137546539307 -3.1022162437439 11.743962287903
			vertex 4.5839509963989 -3.3000888824463 11.634821891785
			vertex 4.1838908195496 -3.2394104003906 11.739919662476
		endloop
	endfacet
	facet normal -0.28475985574228 -0.63753369817167 -0.71586493715867
		outer loop
			vertex 4.1734037399292 -3.3713779449463 11.786877632141
			vertex 4.5786046981812 -3.4328362941742 11.680428504944
			vertex 4.5839509963989 -3.53870677948 11.772587776184
		endloop
	endfacet
	facet normal -0.28475798194248 -0.30118909682729 -0.91005385536923
		outer loop
			vertex 4.1838908195496 -3.2394104003906 11.739919662476
			vertex 4.5839509963989 -3.3000888824463 11.634821891785
			vertex 4.5786046981812 -3.4328362941742 11.680428504944
		endloop
	endfacet
	facet normal -0.24172151287195 -0.87795811162712 -0.41323149013964
		outer loop
			vertex 4.1838908195496 -3.4780282974243 11.877685546875
			vertex 4.599175453186 -3.6015825271606 11.897268295288
			vertex 4.2137546539307 -3.5431244373322 11.998520851135
		endloop
	endfacet
	facet normal -0.16181191886332 -0.98570915995926 -0.046843941830098
		outer loop
			vertex 4.2137546539307 -3.5431244373322 11.998520851135
			vertex 4.6219606399536 -3.6118915081024 12.035489082336
			vertex 4.2584490776062 -3.5567564964294 12.13098526001
		endloop
	endfacet
	facet normal -0.056895597396571 -0.94300776094107 0.32787078827153
		outer loop
			vertex 4.2584490776062 -3.5567564964294 12.13098526001
			vertex 4.6264686584473 -3.604540348053 12.057414054871
			vertex 4.2672915458679 -3.5500628948212 12.15177154541
		endloop
	endfacet
	facet normal -0.056894362451932 -0.94300606956004 0.32787586720298
		outer loop
			vertex 4.2584490776062 -3.5567564964294 12.13098526001
			vertex 4.6219606399536 -3.6118915081024 12.035489082336
			vertex 4.6264686584473 -3.604540348053 12.057414054871
		endloop
	endfacet
	facet normal -0.24172119013898 -0.8779573225184 -0.41323335547136
		outer loop
			vertex 4.1838908195496 -3.4780282974243 11.877685546875
			vertex 4.5839509963989 -3.53870677948 11.772587776184
			vertex 4.599175453186 -3.6015825271606 11.897268295288
		endloop
	endfacet
	facet normal -0.16181196413093 -0.98570917495666 -0.046843469879405
		outer loop
			vertex 4.2137546539307 -3.5431244373322 11.998520851135
			vertex 4.599175453186 -3.6015825271606 11.897268295288
			vertex 4.6219606399536 -3.6118915081024 12.035489082336
		endloop
	endfacet
	facet normal -0.16181577323601 0.45227435053256 -0.87707671693096
		outer loop
			vertex 4.2137546539307 -3.1022162437439 11.743962287903
			vertex 4.2232546806335 -3.0763838291168 11.755530357361
			vertex 4.599175453186 -3.1606743335724 11.642709732056
		endloop
	endfacet
	facet normal -0.24172254880982 0.081105172741387 -0.96694992649644
		outer loop
			vertex 4.2137546539307 -3.1022162437439 11.743962287903
			vertex 4.599175453186 -3.1606743335724 11.642709732056
			vertex 4.5839509963989 -3.3000888824463 11.634821891785
		endloop
	endfacet
	facet normal -0.16181341960996 0.45228090474353 -0.87707377137759
		outer loop
			vertex 4.2232546806335 -3.0763838291168 11.755530357361
			vertex 4.6040186882019 -3.134135723114 11.655501365662
			vertex 4.599175453186 -3.1606743335724 11.642709732056
		endloop
	endfacet
	facet normal -0.096150423811653 -0.31994733926995 -0.94254379001451
		outer loop
			vertex 4.5786046981812 -3.4328362941742 11.680428504944
			vertex 4.5839509963989 -3.3000888824463 11.634821891785
			vertex 5 -3.4535880088806 11.644485473633
		endloop
	endfacet
	facet normal -0.096150835439047 -0.65629193678804 -0.74835547071654
		outer loop
			vertex 4.5786046981812 -3.4328362941742 11.680428504944
			vertex 5 -3.5591952800751 11.737100601196
			vertex 4.5839509963989 -3.53870677948 11.772587776184
		endloop
	endfacet
	facet normal -0.081621389010961 0.065182095276012 -0.99452965934222
		outer loop
			vertex 4.5839509963989 -3.3000888824463 11.634821891785
			vertex 4.599175453186 -3.1606743335724 11.642709732056
			vertex 5 -3.32057762146 11.599333763123
		endloop
	endfacet
	facet normal -0.096150473924042 -0.65629108645796 -0.74835626288554
		outer loop
			vertex 4.5786046981812 -3.4328362941742 11.680428504944
			vertex 5 -3.4535880088806 11.644485473633
			vertex 5 -3.5591952800751 11.737100601196
		endloop
	endfacet
	facet normal -0.081619097993599 -0.89387913500723 -0.44081562454323
		outer loop
			vertex 4.5839509963989 -3.53870677948 11.772587776184
			vertex 5 -3.5591952800751 11.737100601196
			vertex 5 -3.621321439743 11.863079071045
		endloop
	endfacet
	facet normal -0.09615330511962 -0.31995496734002 -0.94254090669266
		outer loop
			vertex 4.5839509963989 -3.3000888824463 11.634821891785
			vertex 5 -3.32057762146 11.599333763123
			vertex 5 -3.4535880088806 11.644485473633
		endloop
	endfacet
	facet normal -0.081620579875193 0.06518410577979 -0.99452959397623
		outer loop
			vertex 4.599175453186 -3.1606743335724 11.642709732056
			vertex 5 -3.1804132461548 11.608520507812
			vertex 5 -3.32057762146 11.599333763123
		endloop
	endfacet
	facet normal 0.096150578962757 -0.31995505199093 -0.94254115606195
		outer loop
			vertex 5 -3.32057762146 11.599333763123
			vertex 5.4213953018188 -3.4328362941742 11.680428504944
			vertex 5 -3.4535880088806 11.644485473633
		endloop
	endfacet
	facet normal 0.096150857553046 -0.65629106202399 -0.74835623502396
		outer loop
			vertex 5 -3.4535880088806 11.644485473633
			vertex 5.4160490036011 -3.53870677948 11.772587776184
			vertex 5 -3.5591952800751 11.737100601196
		endloop
	endfacet
	facet normal 0.081621279732434 0.065184102031306 -0.99452953678471
		outer loop
			vertex 5 -3.1804132461548 11.608520507812
			vertex 5.4160490036011 -3.3000888824463 11.634821891785
			vertex 5 -3.32057762146 11.599333763123
		endloop
	endfacet
	facet normal -0.054636896633498 -0.99636838115853 -0.065305884526587
		outer loop
			vertex 4.599175453186 -3.6015825271606 11.897268295288
			vertex 5 -3.630508184433 12.00324344635
			vertex 4.6219606399536 -3.6118915081024 12.035489082336
		endloop
	endfacet
	facet normal -0.019210613358646 -0.94675397468661 0.32138429294147
		outer loop
			vertex 4.6219606399536 -3.6118915081024 12.035489082336
			vertex 5 -3.622935295105 12.025552749634
			vertex 4.6264686584473 -3.604540348053 12.057414054871
		endloop
	endfacet
	facet normal -0.05463723320593 -0.99636844499679 -0.065304628949903
		outer loop
			vertex 4.599175453186 -3.6015825271606 11.897268295288
			vertex 5 -3.621321439743 11.863079071045
			vertex 5 -3.630508184433 12.00324344635
		endloop
	endfacet
	facet normal -0.019210899293481 -0.94675665170747 0.3213763896057
		outer loop
			vertex 4.6219606399536 -3.6118915081024 12.035489082336
			vertex 5 -3.630508184433 12.00324344635
			vertex 5 -3.622935295105 12.025552749634
		endloop
	endfacet
	facet normal -0.081619946019633 -0.8938804074467 -0.44081288728289
		outer loop
			vertex 4.5839509963989 -3.53870677948 11.772587776184
			vertex 5 -3.621321439743 11.863079071045
			vertex 4.599175453186 -3.6015825271606 11.897268295288
		endloop
	endfacet
	facet normal 0.081620110050764 -0.89387906067432 -0.44081558788602
		outer loop
			vertex 5 -3.5591952800751 11.737100601196
			vertex 5.400824546814 -3.6015825271606 11.897268295288
			vertex 5 -3.621321439743 11.863079071045
		endloop
	endfacet
	facet normal 0.054636793995322 -0.99636846897839 -0.06530463052172
		outer loop
			vertex 5 -3.621321439743 11.863079071045
			vertex 5.3780393600464 -3.6118915081024 12.035489082336
			vertex 5 -3.630508184433 12.00324344635
		endloop
	endfacet
	facet normal 0.019211419134561 -0.94675664224896 0.32137638639501
		outer loop
			vertex 5 -3.630508184433 12.00324344635
			vertex 5.3735313415527 -3.604540348053 12.057414054871
			vertex 5 -3.622935295105 12.025552749634
		endloop
	endfacet
	facet normal -0.054638827163324 0.44162084285757 -0.89553650384559
		outer loop
			vertex 4.599175453186 -3.1606743335724 11.642709732056
			vertex 4.6040186882019 -3.134135723114 11.655501365662
			vertex 5 -3.1804132461548 11.608520507812
		endloop
	endfacet
	facet normal -0.054635501352803 0.44163994389068 -0.89552728710641
		outer loop
			vertex 4.6040186882019 -3.134135723114 11.655501365662
			vertex 5 -3.1536359786987 11.621726036072
			vertex 5 -3.1804132461548 11.608520507812
		endloop
	endfacet
	facet normal 0.05463709558265 0.44163990530742 -0.89552720886992
		outer loop
			vertex 5 -3.1804132461548 11.608520507812
			vertex 5 -3.1536359786987 11.621726036072
			vertex 5.400824546814 -3.1606743335724 11.642709732056
		endloop
	endfacet
	facet normal 0.081618939968402 -0.89388043249727 -0.44081302276241
		outer loop
			vertex 5 -3.5591952800751 11.737100601196
			vertex 5.4160490036011 -3.53870677948 11.772587776184
			vertex 5.400824546814 -3.6015825271606 11.897268295288
		endloop
	endfacet
	facet normal 0.081620693303918 0.065182022802046 -0.99452972118888
		outer loop
			vertex 5 -3.1804132461548 11.608520507812
			vertex 5.400824546814 -3.1606743335724 11.642709732056
			vertex 5.4160490036011 -3.3000888824463 11.634821891785
		endloop
	endfacet
	facet normal 0.096150452090753 -0.65629195012378 -0.74835550827495
		outer loop
			vertex 5 -3.4535880088806 11.644485473633
			vertex 5.4213953018188 -3.4328362941742 11.680428504944
			vertex 5.4160490036011 -3.53870677948 11.772587776184
		endloop
	endfacet
	facet normal 0.096153147976243 -0.31994715551128 -0.94254357449112
		outer loop
			vertex 5 -3.32057762146 11.599333763123
			vertex 5.4160490036011 -3.3000888824463 11.634821891785
			vertex 5.4213953018188 -3.4328362941742 11.680428504944
		endloop
	endfacet
	facet normal 0.28475826957976 -0.637533962438 -0.71586533275753
		outer loop
			vertex 5.4213953018188 -3.4328362941742 11.680428504944
			vertex 5.8161091804504 -3.4780282974243 11.877685546875
			vertex 5.4160490036011 -3.53870677948 11.772587776184
		endloop
	endfacet
	facet normal 0.24172111028244 0.081105036642113 -0.96695029752056
		outer loop
			vertex 5.4160490036011 -3.3000888824463 11.634821891785
			vertex 5.400824546814 -3.1606743335724 11.642709732056
			vertex 5.8161091804504 -3.2394104003906 11.739919662476
		endloop
	endfacet
	facet normal 0.28475982847992 -0.30118885181389 -0.91005335867031
		outer loop
			vertex 5.4213953018188 -3.4328362941742 11.680428504944
			vertex 5.4160490036011 -3.3000888824463 11.634821891785
			vertex 5.8265962600708 -3.3713779449463 11.786877632141
		endloop
	endfacet
	facet normal 0.054637330009752 -0.99636836216911 -0.065305811669814
		outer loop
			vertex 5 -3.621321439743 11.863079071045
			vertex 5.400824546814 -3.6015825271606 11.897268295288
			vertex 5.3780393600464 -3.6118915081024 12.035489082336
		endloop
	endfacet
	facet normal 0.019210103131984 -0.9467540159546 0.32138420186981
		outer loop
			vertex 5 -3.630508184433 12.00324344635
			vertex 5.3780393600464 -3.6118915081024 12.035489082336
			vertex 5.3735313415527 -3.604540348053 12.057414054871
		endloop
	endfacet
	facet normal 0.16181180807581 -0.98570919926565 -0.046843497417564
		outer loop
			vertex 5.3780393600464 -3.6118915081024 12.035489082336
			vertex 5.400824546814 -3.6015825271606 11.897268295288
			vertex 5.7415509223938 -3.5567564964294 12.13098526001
		endloop
	endfacet
	facet normal 0.056894027225023 -0.94300610913667 0.32787581154613
		outer loop
			vertex 5.3780393600464 -3.6118915081024 12.035489082336
			vertex 5.7327084541321 -3.5500628948212 12.15177154541
			vertex 5.3735313415527 -3.604540348053 12.057414054871
		endloop
	endfacet
	facet normal 0.24172183063116 -0.87795720975336 -0.41323322039548
		outer loop
			vertex 5.4160490036011 -3.53870677948 11.772587776184
			vertex 5.7862453460693 -3.5431244373322 11.998520851135
			vertex 5.400824546814 -3.6015825271606 11.897268295288
		endloop
	endfacet
	facet normal 0.056895913901596 -0.94300770166842 0.32787090382551
		outer loop
			vertex 5.3780393600464 -3.6118915081024 12.035489082336
			vertex 5.7415509223938 -3.5567564964294 12.13098526001
			vertex 5.7327084541321 -3.5500628948212 12.15177154541
		endloop
	endfacet
	facet normal 0.0546372540872 0.44162064828378 -0.89553669577255
		outer loop
			vertex 5 -3.1536359786987 11.621726036072
			vertex 5.3959813117981 -3.134135723114 11.655501365662
			vertex 5.400824546814 -3.1606743335724 11.642709732056
		endloop
	endfacet
	facet normal 0.1618139670094 0.45228094576803 -0.87707364923127
		outer loop
			vertex 5.400824546814 -3.1606743335724 11.642709732056
			vertex 5.3959813117981 -3.134135723114 11.655501365662
			vertex 5.7862453460693 -3.1022162437439 11.743962287903
		endloop
	endfacet
	facet normal 0.28476013356631 -0.63752996902953 -0.71586814772031
		outer loop
			vertex 5.4213953018188 -3.4328362941742 11.680428504944
			vertex 5.8265962600708 -3.3713779449463 11.786877632141
			vertex 5.8161091804504 -3.4780282974243 11.877685546875
		endloop
	endfacet
	facet normal 0.28475830952975 -0.3011945737975 -0.9100519402038
		outer loop
			vertex 5.4160490036011 -3.3000888824463 11.634821891785
			vertex 5.8161091804504 -3.2394104003906 11.739919662476
			vertex 5.8265962600708 -3.3713779449463 11.786877632141
		endloop
	endfacet
	facet normal 0.24172088400983 -0.87795819138992 -0.41323168852938
		outer loop
			vertex 5.4160490036011 -3.53870677948 11.772587776184
			vertex 5.8161091804504 -3.4780282974243 11.877685546875
			vertex 5.7862453460693 -3.5431244373322 11.998520851135
		endloop
	endfacet
	facet normal 0.16181206862139 -0.98570913788455 -0.046843889028939
		outer loop
			vertex 5.400824546814 -3.6015825271606 11.897268295288
			vertex 5.7862453460693 -3.5431244373322 11.998520851135
			vertex 5.7415509223938 -3.5567564964294 12.13098526001
		endloop
	endfacet
	facet normal 0.092393499398213 -0.93565604936983 0.34060416695424
		outer loop
			vertex 5.7415509223938 -3.5567564964294 12.13098526001
			vertex 6.0637273788452 -3.4615962505341 12.305000305176
			vertex 5.7327084541321 -3.5500628948212 12.15177154541
		endloop
	endfacet
	facet normal 0.462424011234 -0.60073498602079 -0.65213611340338
		outer loop
			vertex 5.8265962600708 -3.3713779449463 11.786877632141
			vertex 6.1848073005676 -3.3794915676117 12.048356056213
			vertex 5.8161091804504 -3.4780282974243 11.877685546875
		endloop
	endfacet
	facet normal 0.39253422175783 -0.84672360954283 -0.3591323068059
		outer loop
			vertex 5.8161091804504 -3.4780282974243 11.877685546875
			vertex 6.1414513587952 -3.4481935501099 12.162945747375
			vertex 5.7862453460693 -3.5431244373322 11.998520851135
		endloop
	endfacet
	facet normal 0.46242308127429 -0.2643985147034 -0.84632045900322
		outer loop
			vertex 5.8161091804504 -3.2394104003906 11.739919662476
			vertex 6.2000317573547 -3.2715752124786 11.959740638733
			vertex 5.8265962600708 -3.3713779449463 11.786877632141
		endloop
	endfacet
	facet normal 0.39253437771519 -0.84672345494124 -0.3591325008463
		outer loop
			vertex 5.8161091804504 -3.4780282974243 11.877685546875
			vertex 6.1848073005676 -3.3794915676117 12.048356056213
			vertex 6.1414513587952 -3.4481935501099 12.162945747375
		endloop
	endfacet
	facet normal 0.46242308772297 -0.60073700239073 -0.65213491081168
		outer loop
			vertex 5.8265962600708 -3.3713779449463 11.786877632141
			vertex 6.2000317573547 -3.2715752124786 11.959740638733
			vertex 6.1848073005676 -3.3794915676117 12.048356056213
		endloop
	endfacet
	facet normal 0.46242355368893 -0.2643961533895 -0.84632093857268
		outer loop
			vertex 5.8161091804504 -3.2394104003906 11.739919662476
			vertex 6.1848073005676 -3.1408739089966 11.910590171814
			vertex 6.2000317573547 -3.2715752124786 11.959740638733
		endloop
	endfacet
	facet normal 0.26276853475274 -0.96480035625639 -0.010628721063242
		outer loop
			vertex 5.7862453460693 -3.5431244373322 11.998520851135
			vertex 6.0765652656555 -3.4672219753265 12.286064147949
			vertex 5.7415509223938 -3.5567564964294 12.13098526001
		endloop
	endfacet
	facet normal 0.092390285051895 -0.93565450735068 0.34060927483319
		outer loop
			vertex 5.7415509223938 -3.5567564964294 12.13098526001
			vertex 6.0765652656555 -3.4672219753265 12.286064147949
			vertex 6.0637273788452 -3.4615962505341 12.305000305176
		endloop
	endfacet
	facet normal 0.26276861653362 -0.96480033300567 -0.010628809771293
		outer loop
			vertex 5.7862453460693 -3.5431244373322 11.998520851135
			vertex 6.1414513587952 -3.4481935501099 12.162945747375
			vertex 6.0765652656555 -3.4672219753265 12.286064147949
		endloop
	endfacet
	facet normal 0.16181524792749 0.45227422884702 -0.87707687659577
		outer loop
			vertex 5.3959813117981 -3.134135723114 11.655501365662
			vertex 5.7767453193665 -3.0763838291168 11.755530357361
			vertex 5.7862453460693 -3.1022162437439 11.743962287903
		endloop
	endfacet
	facet normal 0.2417218351332 0.081109551011624 -0.96694973765679
		outer loop
			vertex 5.400824546814 -3.1606743335724 11.642709732056
			vertex 5.7862453460693 -3.1022162437439 11.743962287903
			vertex 5.8161091804504 -3.2394104003906 11.739919662476
		endloop
	endfacet
	facet normal 0.26277356595721 0.47318422361859 -0.8408607159052
		outer loop
			vertex 5.7767453193665 -3.0763838291168 11.755530357361
			vertex 6.1414513587952 -3.0072855949402 11.908387184143
			vertex 5.7862453460693 -3.1022162437439 11.743962287903
		endloop
	endfacet
	facet normal 0.39253435213331 0.11234365316069 -0.91285030864309
		outer loop
			vertex 5.7862453460693 -3.1022162437439 11.743962287903
			vertex 6.1848073005676 -3.1408739089966 11.910590171814
			vertex 5.8161091804504 -3.2394104003906 11.739919662476
		endloop
	endfacet
	facet normal 0.26277261518212 0.47318675184513 -0.84085959029353
		outer loop
			vertex 5.7767453193665 -3.0763838291168 11.755530357361
			vertex 6.1276597976685 -2.9826002120972 11.91796875
			vertex 6.1414513587952 -3.0072855949402 11.908387184143
		endloop
	endfacet
	facet normal 0.39253432260255 0.11234288814673 -0.91285041549085
		outer loop
			vertex 5.7862453460693 -3.1022162437439 11.743962287903
			vertex 6.1414513587952 -3.0072855949402 11.908387184143
			vertex 6.1848073005676 -3.1408739089966 11.910590171814
		endloop
	endfacet
	facet normal 0.35362703992826 -0.93444548447252 0.041947028267684
		outer loop
			vertex 6.0765652656555 -3.4672219753265 12.286064147949
			vertex 6.1414513587952 -3.4481935501099 12.162945747375
			vertex 6.3702073097229 -3.3467290401459 12.494763374329
		endloop
	endfacet
	facet normal 0.52826132346714 -0.80137862458498 -0.28059271941201
		outer loop
			vertex 6.1848073005676 -3.3794915676117 12.048356056213
			vertex 6.4527921676636 -3.3204383850098 12.384223937988
			vertex 6.1414513587952 -3.4481935501099 12.162945747375
		endloop
	endfacet
	facet normal 0.62231750971737 -0.54731800735349 -0.55961050376648
		outer loop
			vertex 6.2000317573547 -3.2715752124786 11.959740638733
			vertex 6.5079736709595 -3.2468838691711 12.278039932251
			vertex 6.1848073005676 -3.3794915676117 12.048356056213
		endloop
	endfacet
	facet normal 0.62231695645621 -0.5473192850464 -0.55960986939419
		outer loop
			vertex 6.2000317573547 -3.2715752124786 11.959740638733
			vertex 6.5273504257202 -3.1372635364532 12.192375183105
			vertex 6.5079736709595 -3.2468838691711 12.278039932251
		endloop
	endfacet
	facet normal 0.52826263234879 -0.80137731552811 -0.2805939939145
		outer loop
			vertex 6.1848073005676 -3.3794915676117 12.048356056213
			vertex 6.5079736709595 -3.2468838691711 12.278039932251
			vertex 6.4527921676636 -3.3204383850098 12.384223937988
		endloop
	endfacet
	facet normal 0.62231702630838 -0.21097753262725 -0.75379705457982
		outer loop
			vertex 6.1848073005676 -3.1408739089966 11.910590171814
			vertex 6.5273504257202 -3.1372635364532 12.192375183105
			vertex 6.2000317573547 -3.2715752124786 11.959740638733
		endloop
	endfacet
	facet normal 0.52826271718161 0.15768859422012 -0.83430977993116
		outer loop
			vertex 6.1848073005676 -3.1408739089966 11.910590171814
			vertex 6.1414513587952 -3.0072855949402 11.908387184143
			vertex 6.5079736709595 -3.0082659721375 12.140274047852
		endloop
	endfacet
	facet normal 0.35363112642007 0.50354154921184 -0.7882835369613
		outer loop
			vertex 6.1276597976685 -2.9826002120972 11.91796875
			vertex 6.4527921676636 -2.8795301914215 12.129665374756
			vertex 6.1414513587952 -3.0072855949402 11.908387184143
		endloop
	endfacet
	facet normal 0.52826319376801 0.15768288421217 -0.83431055736851
		outer loop
			vertex 6.1414513587952 -3.0072855949402 11.908387184143
			vertex 6.4527921676636 -2.8795301914215 12.129665374756
			vertex 6.5079736709595 -3.0082659721375 12.140274047852
		endloop
	endfacet
	facet normal 0.35362626626024 0.50355011724349 -0.78828024409782
		outer loop
			vertex 6.1276597976685 -2.9826002120972 11.91796875
			vertex 6.4352388381958 -2.8563883304596 12.136573791504
			vertex 6.4527921676636 -2.8795301914215 12.129665374756
		endloop
	endfacet
	facet normal 0.62231740307408 -0.21097465305679 -0.75379754947777
		outer loop
			vertex 6.1848073005676 -3.1408739089966 11.910590171814
			vertex 6.5079736709595 -3.0082659721375 12.140274047852
			vertex 6.5273504257202 -3.1372635364532 12.192375183105
		endloop
	endfacet
	facet normal 0.43089660372739 0.54218399204325 -0.72136304013184
		outer loop
			vertex 6.4352388381958 -2.8563883304596 12.136573791504
			vertex 6.7083029747009 -2.7238597869873 12.39929485321
			vertex 6.4527921676636 -2.8795301914215 12.129665374756
		endloop
	endfacet
	facet normal 0.75829626936785 -0.14298621460888 -0.63603593475103
		outer loop
			vertex 6.5079736709595 -3.0082659721375 12.140274047852
			vertex 6.7959742546082 -2.9736039638519 12.475842475891
			vertex 6.5273504257202 -3.1372635364532 12.192375183105
		endloop
	endfacet
	facet normal 0.64369155773833 0.21539796381793 -0.73434657735942
		outer loop
			vertex 6.4527921676636 -2.8795301914215 12.129665374756
			vertex 6.7731890678406 -2.8466827869415 12.420144081116
			vertex 6.5079736709595 -3.0082659721375 12.140274047852
		endloop
	endfacet
	facet normal 0.64369117851402 0.21539981098968 -0.7343463679551
		outer loop
			vertex 6.4527921676636 -2.8795301914215 12.129665374756
			vertex 6.7083029747009 -2.7238597869873 12.39929485321
			vertex 6.7731890678406 -2.8466827869415 12.420144081116
		endloop
	endfacet
	facet normal 0.43089066888753 0.5421917253886 -0.72136077269685
		outer loop
			vertex 6.4352388381958 -2.8563883304596 12.136573791504
			vertex 6.6876621246338 -2.7025990486145 12.402945518494
			vertex 6.7083029747009 -2.7238597869873 12.39929485321
		endloop
	endfacet
	facet normal -0.12433819307954 -0.92498165023291 0.35909463999636
		outer loop
			vertex 3.6297924518585 -3.3467290401459 12.494763374329
			vertex 3.9234349727631 -3.4672219753265 12.286064147949
			vertex 3.9362723827362 -3.4615962505341 12.305000305176
		endloop
	endfacet
	facet normal -0.35362585307044 -0.50355164965959 0.78827945055374
		outer loop
			vertex 3.6297924518585 -1.9765214920044 14.868032455444
			vertex 3.9234349727631 -1.8560284376144 15.076732635498
			vertex 3.8585484027863 -1.7398906946182 15.121812820435
		endloop
	endfacet
	facet normal -0.12434358077488 -0.77347009196355 0.62151644447913
		outer loop
			vertex 3.6461315155029 -1.988671541214 14.856181144714
			vertex 3.9362723827362 -1.869615316391 15.062392234802
			vertex 3.9234349727631 -1.8560284376144 15.076732635498
		endloop
	endfacet
	facet normal -0.2627674883251 -0.47319677049906 0.84085555446139
		outer loop
			vertex 3.8585484027863 -1.7398906946182 15.121812820435
			vertex 3.9234349727631 -1.8560284376144 15.076732635498
			vertex 4.2137546539307 -1.6449599266052 15.286237716675
		endloop
	endfacet
	facet normal -0.092395678199227 -0.76279666014876 0.64000335461309
		outer loop
			vertex 3.9362723827362 -1.869615316391 15.062392234802
			vertex 4.2584490776062 -1.7664940357208 15.231810569763
			vertex 3.9234349727631 -1.8560284376144 15.076732635498
		endloop
	endfacet
	facet normal -0.09239630967077 -0.76279594258056 0.64000411869133
		outer loop
			vertex 3.9362723827362 -1.869615316391 15.062392234802
			vertex 4.2672915458679 -1.7811485528946 15.215620994568
			vertex 4.2584490776062 -1.7664940357208 15.231810569763
		endloop
	endfacet
	facet normal -0.26276716424303 -0.47319712100386 0.84085545848816
		outer loop
			vertex 3.9234349727631 -1.8560284376144 15.076732635498
			vertex 4.2584490776062 -1.7664940357208 15.231810569763
			vertex 4.2137546539307 -1.6449599266052 15.286237716675
		endloop
	endfacet
	facet normal -0.35362597498813 0.93444582326887 -0.041948458720891
		outer loop
			vertex 3.5472078323364 -1.4267379045486 14.645976066589
			vertex 3.8585484027863 -1.2989826202393 14.867254257202
			vertex 3.8723402023315 -1.2949380874634 14.84108543396
		endloop
	endfacet
	facet normal -0.39253405058547 0.84672325781959 0.3591333231522
		outer loop
			vertex 3.8585484027863 -1.2989826202393 14.867254257202
			vertex 3.8151926994324 -1.3676846027374 14.981843948364
			vertex 4.2137546539307 -1.2040518522263 15.031679153442
		endloop
	endfacet
	facet normal -0.46242364000634 0.60073686366399 0.65213464698515
		outer loop
			vertex 3.8151926994324 -1.3676846027374 14.981843948364
			vertex 3.7999682426453 -1.4756009578705 15.070459365845
			vertex 4.1838908195496 -1.2691479921341 15.152514457703
		endloop
	endfacet
	facet normal -0.39253468587556 -0.11234230687597 0.91285033081572
		outer loop
			vertex 3.8585484027863 -1.7398906946182 15.121812820435
			vertex 4.1838908195496 -1.5077657699585 15.290280342102
			vertex 3.8151926994324 -1.6063023805618 15.119609832764
		endloop
	endfacet
	facet normal -0.46242284889061 0.26439614065026 0.84632132764874
		outer loop
			vertex 3.7999682426453 -1.4756009578705 15.070459365845
			vertex 3.8151926994324 -1.6063023805618 15.119609832764
			vertex 4.1734037399292 -1.3757982254028 15.243322372437
		endloop
	endfacet
	facet normal -0.26276804284765 0.96480049783227 0.010628030891203
		outer loop
			vertex 3.8585484027863 -1.2989826202393 14.867254257202
			vertex 4.2232546806335 -1.2011542320251 15.003523826599
			vertex 3.8723402023315 -1.2949380874634 14.84108543396
		endloop
	endfacet
	facet normal -0.3925340903143 0.84672364792935 0.35913235997101
		outer loop
			vertex 3.8151926994324 -1.3676846027374 14.981843948364
			vertex 4.1838908195496 -1.2691479921341 15.152514457703
			vertex 4.2137546539307 -1.2040518522263 15.031679153442
		endloop
	endfacet
	facet normal -0.39253389008391 -0.11234355878058 0.91285051894388
		outer loop
			vertex 3.8585484027863 -1.7398906946182 15.121812820435
			vertex 4.2137546539307 -1.6449599266052 15.286237716675
			vertex 4.1838908195496 -1.5077657699585 15.290280342102
		endloop
	endfacet
	facet normal -0.46242383487119 0.26439832894997 0.84632010527429
		outer loop
			vertex 4.1734037399292 -1.3757982254028 15.243322372437
			vertex 3.8151926994324 -1.6063023805618 15.119609832764
			vertex 4.1838908195496 -1.5077657699585 15.290280342102
		endloop
	endfacet
	facet normal -0.46242325870425 0.60073557549578 0.65213610400215
		outer loop
			vertex 3.7999682426453 -1.4756009578705 15.070459365845
			vertex 4.1734037399292 -1.3757982254028 15.243322372437
			vertex 4.1838908195496 -1.2691479921341 15.152514457703
		endloop
	endfacet
	facet normal -0.26276898212313 0.9648002120599 0.01063074988646
		outer loop
			vertex 3.8585484027863 -1.2989826202393 14.867254257202
			vertex 4.2137546539307 -1.2040518522263 15.031679153442
			vertex 4.2232546806335 -1.2011542320251 15.003523826599
		endloop
	endfacet
	facet normal -0.056898244332751 -0.75544416400289 0.65273785309711
		outer loop
			vertex 4.2672915458679 -1.7811485528946 15.215620994568
			vertex 4.6219606399536 -1.7113590240479 15.327307701111
			vertex 4.2584490776062 -1.7664940357208 15.231810569763
		endloop
	endfacet
	facet normal -0.16181183833663 -0.4522887183046 0.87707003384479
		outer loop
			vertex 4.2584490776062 -1.7664940357208 15.231810569763
			vertex 4.599175453186 -1.5865018367767 15.387490272522
			vertex 4.2137546539307 -1.6449599266052 15.286237716675
		endloop
	endfacet
	facet normal -0.056898495539343 -0.75544370411345 0.65273836345102
		outer loop
			vertex 4.2672915458679 -1.7811485528946 15.215620994568
			vertex 4.6264686584473 -1.7266709804535 15.309979438782
			vertex 4.6219606399536 -1.7113590240479 15.327307701111
		endloop
	endfacet
	facet normal -0.16181292991585 -0.45228716884871 0.87707063148122
		outer loop
			vertex 4.2584490776062 -1.7664940357208 15.231810569763
			vertex 4.6219606399536 -1.7113590240479 15.327307701111
			vertex 4.599175453186 -1.5865018367767 15.387490272522
		endloop
	endfacet
	facet normal -0.24172042272147 -0.081109254700287 0.96695011559093
		outer loop
			vertex 4.2137546539307 -1.6449599266052 15.286237716675
			vertex 4.5839509963989 -1.4470872879028 15.395378112793
			vertex 4.1838908195496 -1.5077657699585 15.290280342102
		endloop
	endfacet
	facet normal -0.2847585204652 0.63753059483036 0.7158682320635
		outer loop
			vertex 4.1838908195496 -1.2691479921341 15.152514457703
			vertex 4.1734037399292 -1.3757982254028 15.243322372437
			vertex 4.5839509963989 -1.2084695100784 15.257612228394
		endloop
	endfacet
	facet normal -0.28476007085663 0.30119427313115 0.91005148858662
		outer loop
			vertex 4.1734037399292 -1.3757982254028 15.243322372437
			vertex 4.1838908195496 -1.5077657699585 15.290280342102
			vertex 4.5786046981812 -1.3143399953842 15.349771499634
		endloop
	endfacet
	facet normal -0.28475799635412 0.30118933777395 0.91005377111667
		outer loop
			vertex 4.5786046981812 -1.3143399953842 15.349771499634
			vertex 4.1838908195496 -1.5077657699585 15.290280342102
			vertex 4.5839509963989 -1.4470872879028 15.395378112793
		endloop
	endfacet
	facet normal -0.28475968379264 0.63753372681984 0.71586498004409
		outer loop
			vertex 4.1734037399292 -1.3757982254028 15.243322372437
			vertex 4.5786046981812 -1.3143399953842 15.349771499634
			vertex 4.5839509963989 -1.2084695100784 15.257612228394
		endloop
	endfacet
	facet normal -0.24172151287195 0.87795811162712 0.41323149013964
		outer loop
			vertex 4.2137546539307 -1.2040518522263 15.031679153442
			vertex 4.1838908195496 -1.2691479921341 15.152514457703
			vertex 4.599175453186 -1.1455937623978 15.13293170929
		endloop
	endfacet
	facet normal -0.16181246462031 0.9857089338287 0.046846814873374
		outer loop
			vertex 4.2137546539307 -1.2040518522263 15.031679153442
			vertex 4.6040186882019 -1.1434025764465 15.103552818298
			vertex 4.2232546806335 -1.2011542320251 15.003523826599
		endloop
	endfacet
	facet normal -0.24172254880982 -0.081105172741387 0.96694992649644
		outer loop
			vertex 4.2137546539307 -1.6449599266052 15.286237716675
			vertex 4.599175453186 -1.5865018367767 15.387490272522
			vertex 4.5839509963989 -1.4470872879028 15.395378112793
		endloop
	endfacet
	facet normal -0.16181171735264 0.98570926251021 0.046842479961685
		outer loop
			vertex 4.2137546539307 -1.2040518522263 15.031679153442
			vertex 4.599175453186 -1.1455937623978 15.13293170929
			vertex 4.6040186882019 -1.1434025764465 15.103552818298
		endloop
	endfacet
	facet normal -0.24172119013898 0.8779573225184 0.41323335547136
		outer loop
			vertex 4.1838908195496 -1.2691479921341 15.152514457703
			vertex 4.5839509963989 -1.2084695100784 15.257612228394
			vertex 4.599175453186 -1.1455937623978 15.13293170929
		endloop
	endfacet
	facet normal -0.019212662890639 -0.75169549987028 0.65923042182489
		outer loop
			vertex 4.6264686584473 -1.7266709804535 15.309979438782
			vertex 5 -1.692742228508 15.359553337097
			vertex 4.6219606399536 -1.7113590240479 15.327307701111
		endloop
	endfacet
	facet normal -0.019209085454235 -0.7517103295554 0.65921361596657
		outer loop
			vertex 4.6264686584473 -1.7266709804535 15.309979438782
			vertex 5 -1.7082761526108 15.341839790344
			vertex 5 -1.692742228508 15.359553337097
		endloop
	endfacet
	facet normal 0.019210498581556 -0.75171030914203 0.65921359806503
		outer loop
			vertex 5 -1.7082761526108 15.341839790344
			vertex 5.3780393600464 -1.7113590240479 15.327307701111
			vertex 5 -1.692742228508 15.359553337097
		endloop
	endfacet
	facet normal -0.096150657867021 0.65629107474234 0.74835624952644
		outer loop
			vertex 4.5786046981812 -1.3143399953842 15.349771499634
			vertex 5 -1.2935881614685 15.385714530945
			vertex 5 -1.187980890274 15.293099403381
		endloop
	endfacet
	facet normal -0.081619946019633 0.8938804074467 0.44081288728289
		outer loop
			vertex 4.599175453186 -1.1455937623978 15.13293170929
			vertex 4.5839509963989 -1.2084695100784 15.257612228394
			vertex 5 -1.1258548498154 15.167120933533
		endloop
	endfacet
	facet normal -0.054637412084604 0.99636837054948 0.065305615143546
		outer loop
			vertex 4.6040186882019 -1.1434025764465 15.103552818298
			vertex 4.599175453186 -1.1455937623978 15.13293170929
			vertex 5 -1.1239020824432 15.137328147888
		endloop
	endfacet
	facet normal -0.096151021609699 0.65629193031159 0.7483554524765
		outer loop
			vertex 4.5839509963989 -1.2084695100784 15.257612228394
			vertex 4.5786046981812 -1.3143399953842 15.349771499634
			vertex 5 -1.187980890274 15.293099403381
		endloop
	endfacet
	facet normal -0.081619311174177 0.89387945487947 0.44081493643913
		outer loop
			vertex 4.5839509963989 -1.2084695100784 15.257612228394
			vertex 5 -1.187980890274 15.293099403381
			vertex 5 -1.1258548498154 15.167120933533
		endloop
	endfacet
	facet normal -0.054637421840667 0.996368283595 0.065306933633042
		outer loop
			vertex 4.599175453186 -1.1455937623978 15.13293170929
			vertex 5 -1.1258548498154 15.167120933533
			vertex 5 -1.1239020824432 15.137328147888
		endloop
	endfacet
	facet normal 0.054637519969534 0.99636827823697 0.065306933281849
		outer loop
			vertex 5 -1.1239020824432 15.137328147888
			vertex 5 -1.1258548498154 15.167120933533
			vertex 5.3959813117981 -1.1434025764465 15.103552818298
		endloop
	endfacet
	facet normal 0.081620068815972 0.89387939923261 0.44081490899699
		outer loop
			vertex 5 -1.1258548498154 15.167120933533
			vertex 5 -1.187980890274 15.293099403381
			vertex 5.400824546814 -1.1455937623978 15.13293170929
		endloop
	endfacet
	facet normal 0.096151043859702 0.65629105015778 0.74835622149314
		outer loop
			vertex 5 -1.187980890274 15.293099403381
			vertex 5 -1.2935881614685 15.385714530945
			vertex 5.4160490036011 -1.2084695100784 15.257612228394
		endloop
	endfacet
	facet normal 0.019211275850786 -0.7516953415516 0.65923064277217
		outer loop
			vertex 5 -1.7082761526108 15.341839790344
			vertex 5.3735313415527 -1.7266709804535 15.309979438782
			vertex 5.3780393600464 -1.7113590240479 15.327307701111
		endloop
	endfacet
	facet normal 0.054638057309674 -0.44162792524742 0.89553305820337
		outer loop
			vertex 5 -1.692742228508 15.359553337097
			vertex 5.3780393600464 -1.7113590240479 15.327307701111
			vertex 5.400824546814 -1.5865018367767 15.387490272522
		endloop
	endfacet
	facet normal 0.056898450905475 -0.75544370033047 0.65273837171991
		outer loop
			vertex 5.3735313415527 -1.7266709804535 15.309979438782
			vertex 5.7415509223938 -1.7664940357208 15.231810569763
			vertex 5.3780393600464 -1.7113590240479 15.327307701111
		endloop
	endfacet
	facet normal 0.1618122761076 -0.45228711985473 0.87707077736885
		outer loop
			vertex 5.3780393600464 -1.7113590240479 15.327307701111
			vertex 5.7862453460693 -1.6449599266052 15.286237716675
			vertex 5.400824546814 -1.5865018367767 15.387490272522
		endloop
	endfacet
	facet normal 0.056898286473772 -0.75544417338134 0.65273783856962
		outer loop
			vertex 5.3735313415527 -1.7266709804535 15.309979438782
			vertex 5.7327084541321 -1.7811485528946 15.215620994568
			vertex 5.7415509223938 -1.7664940357208 15.231810569763
		endloop
	endfacet
	facet normal 0.096150635899452 0.65629194372954 0.74835549026638
		outer loop
			vertex 5 -1.2935881614685 15.385714530945
			vertex 5.4213953018188 -1.3143399953842 15.349771499634
			vertex 5.4160490036011 -1.2084695100784 15.257612228394
		endloop
	endfacet
	facet normal 0.081619192874254 0.89388042620002 0.44081298870498
		outer loop
			vertex 5 -1.187980890274 15.293099403381
			vertex 5.4160490036011 -1.2084695100784 15.257612228394
			vertex 5.400824546814 -1.1455937623978 15.13293170929
		endloop
	endfacet
	facet normal 0.054637315256785 0.9963683747922 0.065305631422461
		outer loop
			vertex 5 -1.1258548498154 15.167120933533
			vertex 5.400824546814 -1.1455937623978 15.13293170929
			vertex 5.3959813117981 -1.1434025764465 15.103552818298
		endloop
	endfacet
	facet normal 0.24172111028244 -0.081105036642113 0.96695029752056
		outer loop
			vertex 5.400824546814 -1.5865018367767 15.387490272522
			vertex 5.8161091804504 -1.5077657699585 15.290280342102
			vertex 5.4160490036011 -1.4470872879028 15.395378112793
		endloop
	endfacet
	facet normal 0.28475976165755 0.30118910353916 0.91005329626897
		outer loop
			vertex 5.4213953018188 -1.3143399953842 15.349771499634
			vertex 5.4160490036011 -1.4470872879028 15.395378112793
			vertex 5.8265962600708 -1.3757982254028 15.243322372437
		endloop
	endfacet
	facet normal 0.28475826957976 0.637533962438 0.71586533275753
		outer loop
			vertex 5.4160490036011 -1.2084695100784 15.257612228394
			vertex 5.4213953018188 -1.3143399953842 15.349771499634
			vertex 5.8161091804504 -1.2691479921341 15.152514457703
		endloop
	endfacet
	facet normal 0.16181139801451 0.98570931225391 0.046842536316
		outer loop
			vertex 5.3959813117981 -1.1434025764465 15.103552818298
			vertex 5.400824546814 -1.1455937623978 15.13293170929
			vertex 5.7767453193665 -1.2011542320251 15.003523826599
		endloop
	endfacet
	facet normal 0.24172183063116 0.87795720975336 0.41323322039548
		outer loop
			vertex 5.400824546814 -1.1455937623978 15.13293170929
			vertex 5.4160490036011 -1.2084695100784 15.257612228394
			vertex 5.7862453460693 -1.2040518522263 15.031679153442
		endloop
	endfacet
	facet normal -0.054638027680036 -0.44162825143289 0.89553289915422
		outer loop
			vertex 4.6219606399536 -1.7113590240479 15.327307701111
			vertex 5 -1.692742228508 15.359553337097
			vertex 5 -1.5667629241943 15.421679496765
		endloop
	endfacet
	facet normal -0.054638182417879 -0.44162794072108 0.89553304293953
		outer loop
			vertex 4.599175453186 -1.5865018367767 15.387490272522
			vertex 4.6219606399536 -1.7113590240479 15.327307701111
			vertex 5 -1.5667629241943 15.421679496765
		endloop
	endfacet
	facet normal -0.081621407452943 -0.06518209719717 0.99452965770277
		outer loop
			vertex 4.599175453186 -1.5865018367767 15.387490272522
			vertex 5 -1.4265986680984 15.430866241455
			vertex 4.5839509963989 -1.4470872879028 15.395378112793
		endloop
	endfacet
	facet normal -0.096150518589069 0.3199475901869 0.94254369517209
		outer loop
			vertex 4.5786046981812 -1.3143399953842 15.349771499634
			vertex 4.5839509963989 -1.4470872879028 15.395378112793
			vertex 5 -1.2935881614685 15.385714530945
		endloop
	endfacet
	facet normal -0.081620576868295 -0.065184160997648 0.99452959060388
		outer loop
			vertex 4.599175453186 -1.5865018367767 15.387490272522
			vertex 5 -1.5667629241943 15.421679496765
			vertex 5 -1.4265986680984 15.430866241455
		endloop
	endfacet
	facet normal -0.096153209122468 0.31995471319406 0.94254100275816
		outer loop
			vertex 4.5839509963989 -1.4470872879028 15.395378112793
			vertex 5 -1.4265986680984 15.430866241455
			vertex 5 -1.2935881614685 15.385714530945
		endloop
	endfacet
	facet normal 0.054638154472498 -0.44162824836427 0.89553289293166
		outer loop
			vertex 5 -1.692742228508 15.359553337097
			vertex 5.400824546814 -1.5865018367767 15.387490272522
			vertex 5 -1.5667629241943 15.421679496765
		endloop
	endfacet
	facet normal 0.081621295278119 -0.065184157149792 0.99452953189626
		outer loop
			vertex 5 -1.5667629241943 15.421679496765
			vertex 5.4160490036011 -1.4470872879028 15.395378112793
			vertex 5 -1.4265986680984 15.430866241455
		endloop
	endfacet
	facet normal 0.096150663469465 0.31995479224001 0.94254123561626
		outer loop
			vertex 5 -1.2935881614685 15.385714530945
			vertex 5 -1.4265986680984 15.430866241455
			vertex 5.4213953018188 -1.3143399953842 15.349771499634
		endloop
	endfacet
	facet normal 0.081620693303918 -0.065182022802046 0.99452972118888
		outer loop
			vertex 5 -1.5667629241943 15.421679496765
			vertex 5.400824546814 -1.5865018367767 15.387490272522
			vertex 5.4160490036011 -1.4470872879028 15.395378112793
		endloop
	endfacet
	facet normal 0.096153062385794 0.31994741859482 0.94254349391863
		outer loop
			vertex 5.4213953018188 -1.3143399953842 15.349771499634
			vertex 5 -1.4265986680984 15.430866241455
			vertex 5.4160490036011 -1.4470872879028 15.395378112793
		endloop
	endfacet
	facet normal 0.12433565004067 -0.92498146700681 0.35909599249071
		outer loop
			vertex 6.0765652656555 -3.4672219753265 12.286064147949
			vertex 6.3538684844971 -3.3425400257111 12.511212348938
			vertex 6.0637273788452 -3.4615962505341 12.305000305176
		endloop
	endfacet
	facet normal 0.12434990004997 -0.92498549825305 0.35908067391481
		outer loop
			vertex 6.0765652656555 -3.4672219753265 12.286064147949
			vertex 6.3702073097229 -3.3467290401459 12.494763374329
			vertex 6.3538684844971 -3.3425400257111 12.511212348938
		endloop
	endfacet
	facet normal 0.35362562390358 -0.93444596985962 0.041948152902439
		outer loop
			vertex 6.1414513587952 -3.4481935501099 12.162945747375
			vertex 6.4527921676636 -3.3204383850098 12.384223937988
			vertex 6.3702073097229 -3.3467290401459 12.494763374329
		endloop
	endfacet
	facet normal 0.64368992327985 -0.74366386633258 -0.18063038664428
		outer loop
			vertex 6.4527921676636 -3.3204383850098 12.384223937988
			vertex 6.5079736709595 -3.2468838691711 12.278039932251
			vertex 6.7083029747009 -3.1647679805756 12.653853416443
		endloop
	endfacet
	facet normal 0.43089426120256 -0.89581168101642 0.10886490627032
		outer loop
			vertex 6.3702073097229 -3.3467290401459 12.494763374329
			vertex 6.4527921676636 -3.3204383850098 12.384223937988
			vertex 6.6111936569214 -3.1999077796936 12.74906539917
		endloop
	endfacet
	facet normal 0.1515212478224 -0.91140035565867 0.38261038036572
		outer loop
			vertex 6.3538684844971 -3.3425400257111 12.511212348938
			vertex 6.3702073097229 -3.3467290401459 12.494763374329
			vertex 6.5919809341431 -3.1974694728851 12.762481689453
		endloop
	endfacet
	facet normal 0.15151457236189 -0.91139937377659 0.3826153627883
		outer loop
			vertex 6.3702073097229 -3.3467290401459 12.494763374329
			vertex 6.6111936569214 -3.1999077796936 12.74906539917
			vertex 6.5919809341431 -3.1974694728851 12.762481689453
		endloop
	endfacet
	facet normal 0.43089449243498 -0.89581158581391 0.10886477442573
		outer loop
			vertex 6.4527921676636 -3.3204383850098 12.384223937988
			vertex 6.7083029747009 -3.1647679805756 12.653853416443
			vertex 6.6111936569214 -3.1999077796936 12.74906539917
		endloop
	endfacet
	facet normal 0.75829617723937 -0.47932902942473 -0.44184905695826
		outer loop
			vertex 6.5273504257202 -3.1372635364532 12.192375183105
			vertex 6.7731890678406 -3.0853006839752 12.557909965515
			vertex 6.5079736709595 -3.2468838691711 12.278039932251
		endloop
	endfacet
	facet normal 0.64369051040203 -0.74366324937817 -0.18063083441837
		outer loop
			vertex 6.5079736709595 -3.2468838691711 12.278039932251
			vertex 6.7731890678406 -3.0853006839752 12.557909965515
			vertex 6.7083029747009 -3.1647679805756 12.653853416443
		endloop
	endfacet
	facet normal 0.75829647813783 -0.47932826694433 -0.44184936771699
		outer loop
			vertex 6.5273504257202 -3.1372635364532 12.192375183105
			vertex 6.7959742546082 -2.9736039638519 12.475842475891
			vertex 6.7731890678406 -3.0853006839752 12.557909965515
		endloop
	endfacet
	facet normal 0.75829614575853 -0.14298830038975 -0.63603561321628
		outer loop
			vertex 6.5079736709595 -3.0082659721375 12.140274047852
			vertex 6.7731890678406 -2.8466827869415 12.420144081116
			vertex 6.7959742546082 -2.9736039638519 12.475842475891
		endloop
	endfacet
	facet normal 0.4916039598497 -0.85038247467021 0.18755050902051
		outer loop
			vertex 6.7083029747009 -3.1647679805756 12.653853416443
			vertex 6.79026222229 -3.0324008464813 13.039196014404
			vertex 6.6111936569214 -3.1999077796936 12.74906539917
		endloop
	endfacet
	facet normal 0.73438124144047 -0.67579894991933 -0.063087015369922
		outer loop
			vertex 6.7083029747009 -3.1647679805756 12.653853416443
			vertex 6.7731890678406 -3.0853006839752 12.557909965515
			vertex 6.8981642723083 -2.9871649742126 12.961470603943
		endloop
	endfacet
	facet normal 0.49159895607198 0.58761928393641 -0.64267724678489
		outer loop
			vertex 6.7083029747009 -2.7238597869873 12.39929485321
			vertex 6.6876621246338 -2.7025990486145 12.402945518494
			vertex 6.8981642723083 -2.5462567806244 12.70691204071
		endloop
	endfacet
	facet normal 0.86513335163675 -0.063041473072169 -0.4975641230622
		outer loop
			vertex 6.7731890678406 -2.8466827869415 12.420144081116
			vertex 6.9955797195435 -2.78688621521 12.799246788025
			vertex 6.7959742546082 -2.9736039638519 12.475842475891
		endloop
	endfacet
	facet normal 0.86513329676124 -0.39938227441176 -0.3033779453433
		outer loop
			vertex 6.7959742546082 -2.9736039638519 12.475842475891
			vertex 6.9702625274658 -2.9009516239166 12.87721157074
			vertex 6.7731890678406 -3.0853006839752 12.557909965515
		endloop
	endfacet
	facet normal 0.73437958024816 -0.67580084617877 -0.063086039807446
		outer loop
			vertex 6.7731890678406 -3.0853006839752 12.557909965515
			vertex 6.9702625274658 -2.9009516239166 12.87721157074
			vertex 6.8981642723083 -2.9871649742126 12.961470603943
		endloop
	endfacet
	facet normal 0.86513367090701 -0.39938119165173 -0.30337830380206
		outer loop
			vertex 6.7959742546082 -2.9736039638519 12.475842475891
			vertex 6.9955797195435 -2.78688621521 12.799246788025
			vertex 6.9702625274658 -2.9009516239166 12.87721157074
		endloop
	endfacet
	facet normal 0.73438110341053 0.28326330034733 -0.6168032892502
		outer loop
			vertex 6.7083029747009 -2.7238597869873 12.39929485321
			vertex 6.9702625274658 -2.6623339653015 12.73944568634
			vertex 6.7731890678406 -2.8466827869415 12.420144081116
		endloop
	endfacet
	facet normal 0.86513336939926 -0.063042804166729 -0.4975639235261
		outer loop
			vertex 6.7731890678406 -2.8466827869415 12.420144081116
			vertex 6.9702625274658 -2.6623339653015 12.73944568634
			vertex 6.9955797195435 -2.78688621521 12.799246788025
		endloop
	endfacet
	facet normal 0.73438031858694 0.28326570432471 -0.61680311966264
		outer loop
			vertex 6.7083029747009 -2.7238597869873 12.39929485321
			vertex 6.8981642723083 -2.5462567806244 12.70691204071
			vertex 6.9702625274658 -2.6623339653015 12.73944568634
		endloop
	endfacet
	facet normal 0.49160062751245 0.58761757883357 -0.64267752728342
		outer loop
			vertex 6.6876621246338 -2.7025990486145 12.402945518494
			vertex 6.8752298355103 -2.5271418094635 12.706846237183
			vertex 6.8981642723083 -2.5462567806244 12.70691204071
		endloop
	endfacet
	facet normal 0.53341979653235 0.63809384153672 -0.55524730531566
		outer loop
			vertex 6.8981642723083 -2.5462567806244 12.70691204071
			vertex 6.8752298355103 -2.5271418094635 12.706846237183
			vertex 7.0150804519653 -2.3535463809967 13.040696144104
		endloop
	endfacet
	facet normal 0.1728628027825 -0.89542487604189 0.41028373448083
		outer loop
			vertex 6.5919809341431 -3.1974694728851 12.762481689453
			vertex 6.6111936569214 -3.1999077796936 12.74906539917
			vertex 6.7689142227173 -3.03195977211 13.049152374268
		endloop
	endfacet
	facet normal 0.17285175524833 -0.89542445593635 0.41028930575713
		outer loop
			vertex 6.6111936569214 -3.1999077796936 12.74906539917
			vertex 6.79026222229 -3.0324008464813 13.039196014404
			vertex 6.7689142227173 -3.03195977211 13.049152374268
		endloop
	endfacet
	facet normal 0.49160494910258 -0.8503819861961 0.18755013082111
		outer loop
			vertex 6.7083029747009 -3.1647679805756 12.653853416443
			vertex 6.8981642723083 -2.9871649742126 12.961470603943
			vertex 6.79026222229 -3.0324008464813 13.039196014404
		endloop
	endfacet
	facet normal 0.79684839890981 -0.60039433243576 0.067522401718949
		outer loop
			vertex 6.8981642723083 -2.9871649742126 12.961470603943
			vertex 6.9702625274658 -2.9009516239166 12.87721157074
			vertex 7.0150804519653 -2.7944543361664 13.295254707336
		endloop
	endfacet
	facet normal 0.18755554819049 -0.87767602773449 0.44103027864667
		outer loop
			vertex 6.7689142227173 -3.03195977211 13.049152374268
			vertex 6.79026222229 -3.0324008464813 13.039196014404
			vertex 6.8778696060181 -2.8523714542389 13.360208511353
		endloop
	endfacet
	facet normal 0.53342198466775 -0.79990424531105 0.27498033494503
		outer loop
			vertex 6.79026222229 -3.0324008464813 13.039196014404
			vertex 6.8981642723083 -2.9871649742126 12.961470603943
			vertex 6.900532245636 -2.8506450653076 13.354006767273
		endloop
	endfacet
	facet normal 0.18755000622973 -0.87767635872658 0.44103197672694
		outer loop
			vertex 6.79026222229 -3.0324008464813 13.039196014404
			vertex 6.900532245636 -2.8506450653076 13.354006767273
			vertex 6.8778696060181 -2.8523714542389 13.360208511353
		endloop
	endfacet
	facet normal 0.53342405663763 -0.79990301499091 0.2749798945536
		outer loop
			vertex 6.8981642723083 -2.9871649742126 12.961470603943
			vertex 7.0150804519653 -2.7944543361664 13.295254707336
			vertex 6.900532245636 -2.8506450653076 13.354006767273
		endloop
	endfacet
	facet normal 0.93872458429464 0.025789273690579 -0.34370200494524
		outer loop
			vertex 6.9702625274658 -2.6623339653015 12.73944568634
			vertex 7.1184964179993 -2.584285736084 13.15016078949
			vertex 6.9955797195435 -2.78688621521 12.799246788025
		endloop
	endfacet
	facet normal 0.93872487036232 -0.31054876873847 -0.14951615296772
		outer loop
			vertex 6.9955797195435 -2.78688621521 12.799246788025
			vertex 7.0916194915771 -2.7009215354919 13.223673820496
			vertex 6.9702625274658 -2.9009516239166 12.87721157074
		endloop
	endfacet
	facet normal 0.7968486696445 0.35867235721429 -0.48619578140512
		outer loop
			vertex 6.8981642723083 -2.5462567806244 12.70691204071
			vertex 7.0916194915771 -2.4623036384583 13.085907936096
			vertex 6.9702625274658 -2.6623339653015 12.73944568634
		endloop
	endfacet
	facet normal 0.79684858373629 0.35867254971314 -0.48619578019532
		outer loop
			vertex 6.8981642723083 -2.5462567806244 12.70691204071
			vertex 7.0150804519653 -2.3535463809967 13.040696144104
			vertex 7.0916194915771 -2.4623036384583 13.085907936096
		endloop
	endfacet
	facet normal 0.79684780734735 -0.60039508876018 0.067522657814771
		outer loop
			vertex 6.9702625274658 -2.9009516239166 12.87721157074
			vertex 7.0916194915771 -2.7009215354919 13.223673820496
			vertex 7.0150804519653 -2.7944543361664 13.295254707336
		endloop
	endfacet
	facet normal 0.93872422833241 -0.31055099665637 -0.14951555643961
		outer loop
			vertex 6.9955797195435 -2.78688621521 12.799246788025
			vertex 7.1184964179993 -2.584285736084 13.15016078949
			vertex 7.0916194915771 -2.7009215354919 13.223673820496
		endloop
	endfacet
	facet normal 0.93872435018087 0.025792004728973 -0.34370243942917
		outer loop
			vertex 6.9702625274658 -2.6623339653015 12.73944568634
			vertex 7.0916194915771 -2.4623036384583 13.085907936096
			vertex 7.1184964179993 -2.584285736084 13.15016078949
		endloop
	endfacet
	facet normal 0.97624094349184 -0.21624639142193 0.013824559564502
		outer loop
			vertex 7.1184964179993 -2.584285736084 13.15016078949
			vertex 7.1325964927673 -2.4928970336914 13.583983421326
			vertex 7.0916194915771 -2.7009215354919 13.223673820496
		endloop
	endfacet
	facet normal 0.97624092245105 0.12009589409362 -0.18036251704214
		outer loop
			vertex 7.0916194915771 -2.4623036384583 13.085907936096
			vertex 7.1599998474121 -2.3735880851746 13.515099525452
			vertex 7.1184964179993 -2.584285736084 13.15016078949
		endloop
	endfacet
	facet normal 0.19504516804704 -0.8588352583496 0.47366589642603
		outer loop
			vertex 6.8778696060181 -2.8523714542389 13.360208511353
			vertex 6.900532245636 -2.8506450653076 13.354006767273
			vertex 6.9146590232849 -2.6656057834625 13.683696746826
		endloop
	endfacet
	facet normal 0.55474265580723 -0.74631546168665 0.36779589105288
		outer loop
			vertex 6.900532245636 -2.8506450653076 13.354006767273
			vertex 7.0150804519653 -2.7944543361664 13.295254707336
			vertex 6.9377660751343 -2.6616251468658 13.681398391724
		endloop
	endfacet
	facet normal 0.19506367743202 -0.85883238226496 0.47366348911416
		outer loop
			vertex 6.900532245636 -2.8506450653076 13.354006767273
			vertex 6.9377660751343 -2.6616251468658 13.681398391724
			vertex 6.9146590232849 -2.6656057834625 13.683696746826
		endloop
	endfacet
	facet normal 0.5547411571393 -0.74631654062858 0.3677959621311
		outer loop
			vertex 7.0150804519653 -2.7944543361664 13.295254707336
			vertex 7.0545582771301 -2.594042301178 13.642378807068
			vertex 6.9377660751343 -2.6616251468658 13.681398391724
		endloop
	endfacet
	facet normal 0.19506385897602 -0.83962030835464 0.50693966970423
		outer loop
			vertex 6.9146590232849 -2.6656057834625 13.683696746826
			vertex 6.9377660751343 -2.6616251468658 13.681398391724
			vertex 6.8778696060181 -2.4788401126862 14.007184028625
		endloop
	endfacet
	facet normal 0.55474149848156 -0.69167870744234 0.46243100624128
		outer loop
			vertex 6.9377660751343 -2.6616251468658 13.681398391724
			vertex 7.0545582771301 -2.594042301178 13.642378807068
			vertex 6.900532245636 -2.4726054668427 14.008790016174
		endloop
	endfacet
	facet normal 0.19506116756964 -0.8396209985743 0.50693956213682
		outer loop
			vertex 6.9377660751343 -2.6616251468658 13.681398391724
			vertex 6.900532245636 -2.4726054668427 14.008790016174
			vertex 6.8778696060181 -2.4788401126862 14.007184028625
		endloop
	endfacet
	facet normal 0.55473876621129 -0.69168112989167 0.46243066054724
		outer loop
			vertex 7.0545582771301 -2.594042301178 13.642378807068
			vertex 7.0150804519653 -2.393630027771 13.989503860474
			vertex 6.900532245636 -2.4726054668427 14.008790016174
		endloop
	endfacet
	facet normal 0.82869396846998 -0.52034436926417 0.20617478991514
		outer loop
			vertex 7.0150804519653 -2.7944543361664 13.295254707336
			vertex 7.0916194915771 -2.7009215354919 13.223673820496
			vertex 7.0545582771301 -2.594042301178 13.642378807068
		endloop
	endfacet
	facet normal 0.97624117101592 -0.21624537838118 0.013824338763237
		outer loop
			vertex 7.1184964179993 -2.584285736084 13.15016078949
			vertex 7.1599998474121 -2.3735880851746 13.515099525452
			vertex 7.1325964927673 -2.4928970336914 13.583983421326
		endloop
	endfacet
	facet normal 0.82869490211191 -0.52034298919316 0.20617452027653
		outer loop
			vertex 7.0916194915771 -2.7009215354919 13.223673820496
			vertex 7.1325964927673 -2.4928970336914 13.583983421326
			vertex 7.0545582771301 -2.594042301178 13.642378807068
		endloop
	endfacet
	facet normal 0.82869445018439 -0.43872472784399 0.34754297779097
		outer loop
			vertex 7.0545582771301 -2.594042301178 13.642378807068
			vertex 7.1325964927673 -2.4928970336914 13.583983421326
			vertex 7.0150804519653 -2.393630027771 13.989503860474
		endloop
	endfacet
	facet normal 0.53341913139555 0.63809439127518 -0.55524731254133
		outer loop
			vertex 6.8752298355103 -2.5271418094635 12.706846237183
			vertex 6.9907331466675 -2.3367598056793 13.036597251892
			vertex 7.0150804519653 -2.3535463809967 13.040696144104
		endloop
	endfacet
	facet normal 0.55473923029947 0.69168083588399 -0.46243054358203
		outer loop
			vertex 6.9907331466675 -2.3367598056793 13.036597251892
			vertex 7.0545582771301 -2.1531341075897 13.38782119751
			vertex 7.0150804519653 -2.3535463809967 13.040696144104
		endloop
	endfacet
	facet normal 0.55475274487652 0.69167158749302 -0.46242816426646
		outer loop
			vertex 6.9907331466675 -2.3367598056793 13.036597251892
			vertex 7.0297341346741 -2.1387691497803 13.37952709198
			vertex 7.0545582771301 -2.1531341075897 13.38782119751
		endloop
	endfacet
	facet normal 0.82869464147985 0.43872421727225 -0.34754316618434
		outer loop
			vertex 7.0150804519653 -2.3535463809967 13.040696144104
			vertex 7.1325964927673 -2.2542791366577 13.446216583252
			vertex 7.0916194915771 -2.4623036384583 13.085907936096
		endloop
	endfacet
	facet normal 0.82869403922125 0.43872528589556 -0.34754325324344
		outer loop
			vertex 7.0150804519653 -2.3535463809967 13.040696144104
			vertex 7.0545582771301 -2.1531341075897 13.38782119751
			vertex 7.1325964927673 -2.2542791366577 13.446216583252
		endloop
	endfacet
	facet normal 0.55475007703024 0.74631162647289 -0.3677924798393
		outer loop
			vertex 7.0297341346741 -2.1387691497803 13.37952709198
			vertex 6.9907331466675 -1.9407783746719 13.722456932068
			vertex 7.0150804519653 -1.9527218341827 13.734945297241
		endloop
	endfacet
	facet normal 0.53342988370341 0.79990044003616 -0.27497608114549
		outer loop
			vertex 6.9907331466675 -1.9407783746719 13.722456932068
			vertex 6.8981642723083 -1.7600113153458 14.068729400635
			vertex 7.0150804519653 -1.9527218341827 13.734945297241
		endloop
	endfacet
	facet normal 0.73438124144047 0.67579894991933 0.063087015369922
		outer loop
			vertex 6.7083029747009 -1.5824083089828 14.376346588135
			vertex 6.7731890678406 -1.6618756055832 14.472290039062
			vertex 6.8981642723083 -1.7600113153458 14.068729400635
		endloop
	endfacet
	facet normal 0.79684885130188 -0.35867195016513 0.48619578396322
		outer loop
			vertex 7.0150804519653 -2.393630027771 13.989503860474
			vertex 7.0916194915771 -2.2848725318909 13.944292068481
			vertex 6.8981642723083 -2.2009193897247 14.323287963867
		endloop
	endfacet
	facet normal 0.18756457992653 -0.82077820485352 0.53957637716492
		outer loop
			vertex 6.7689142227173 -2.2992515563965 14.31824016571
			vertex 6.8778696060181 -2.4788401126862 14.007184028625
			vertex 6.900532245636 -2.4726054668427 14.008790016174
		endloop
	endfacet
	facet normal 0.18756471473755 -0.82077815478931 0.53957640645795
		outer loop
			vertex 6.7689142227173 -2.2992515563965 14.31824016571
			vertex 6.900532245636 -2.4726054668427 14.008790016174
			vertex 6.79026222229 -2.2908496856689 14.323599815369
		endloop
	endfacet
	facet normal 0.53341996161715 -0.63809341196338 0.55524764038877
		outer loop
			vertex 6.79026222229 -2.2908496856689 14.323599815369
			vertex 6.900532245636 -2.4726054668427 14.008790016174
			vertex 7.0150804519653 -2.393630027771 13.989503860474
		endloop
	endfacet
	facet normal 0.53341985046513 -0.63809353660165 0.55524760393626
		outer loop
			vertex 6.79026222229 -2.2908496856689 14.323599815369
			vertex 7.0150804519653 -2.393630027771 13.989503860474
			vertex 6.8981642723083 -2.2009193897247 14.323287963867
		endloop
	endfacet
	facet normal 0.7968486696445 -0.35867235721429 0.48619578140512
		outer loop
			vertex 7.0916194915771 -2.2848725318909 13.944292068481
			vertex 6.9702625274658 -2.0848422050476 14.290754318237
			vertex 6.8981642723083 -2.2009193897247 14.323287963867
		endloop
	endfacet
	facet normal 0.9387245780934 -0.025789289552625 0.34370202069196
		outer loop
			vertex 7.1184964179993 -2.1628906726837 13.880039215088
			vertex 6.9955797195435 -1.9602900743484 14.230953216553
			vertex 6.9702625274658 -2.0848422050476 14.290754318237
		endloop
	endfacet
	facet normal 0.79684843763456 0.60039428292534 -0.067522384954437
		outer loop
			vertex 7.0150804519653 -1.9527218341827 13.734945297241
			vertex 6.9702625274658 -1.8462245464325 14.152988433838
			vertex 7.0916194915771 -2.0462548732758 13.806526184082
		endloop
	endfacet
	facet normal 0.79684807179652 0.60039475065683 -0.067522543331005
		outer loop
			vertex 7.0150804519653 -1.9527218341827 13.734945297241
			vertex 6.8981642723083 -1.7600113153458 14.068729400635
			vertex 6.9702625274658 -1.8462245464325 14.152988433838
		endloop
	endfacet
	facet normal 0.93872497138609 0.31054846470488 0.14951615018324
		outer loop
			vertex 7.0916194915771 -2.0462548732758 13.806526184082
			vertex 6.9702625274658 -1.8462245464325 14.152988433838
			vertex 6.9955797195435 -1.9602900743484 14.230953216553
		endloop
	endfacet
	facet normal 0.53342510330653 0.79990277040902 -0.27497857562798
		outer loop
			vertex 6.9907331466675 -1.9407783746719 13.722456932068
			vertex 6.8752298355103 -1.7503963708878 14.052208900452
			vertex 6.8981642723083 -1.7600113153458 14.068729400635
		endloop
	endfacet
	facet normal 0.4916077763941 0.85038087773473 -0.18754774584609
		outer loop
			vertex 6.7083029747009 -1.5824083089828 14.376346588135
			vertex 6.8981642723083 -1.7600113153458 14.068729400635
			vertex 6.8752298355103 -1.7503963708878 14.052208900452
		endloop
	endfacet
	facet normal 0.73437921404706 0.6758012641977 0.063085824750195
		outer loop
			vertex 6.7731890678406 -1.6618756055832 14.472290039062
			vertex 6.9702625274658 -1.8462245464325 14.152988433838
			vertex 6.8981642723083 -1.7600113153458 14.068729400635
		endloop
	endfacet
	facet normal 0.86513372896391 0.39938091916739 0.3033784969539
		outer loop
			vertex 6.7959742546082 -1.7735723257065 14.554357528687
			vertex 6.9955797195435 -1.9602900743484 14.230953216553
			vertex 6.9702625274658 -1.8462245464325 14.152988433838
		endloop
	endfacet
	facet normal 0.49160102235126 0.85038369329069 -0.18755268328786
		outer loop
			vertex 6.6876621246338 -1.574939250946 14.356109619141
			vertex 6.7083029747009 -1.5824083089828 14.376346588135
			vertex 6.8752298355103 -1.7503963708878 14.052208900452
		endloop
	endfacet
	facet normal 0.97624108289713 0.12009486951803 -0.18036233082127
		outer loop
			vertex 7.0916194915771 -2.4623036384583 13.085907936096
			vertex 7.1325964927673 -2.2542791366577 13.446216583252
			vertex 7.1599998474121 -2.3735880851746 13.515099525452
		endloop
	endfacet
	facet normal 0.55475146153844 0.74631083074007 -0.36779200622231
		outer loop
			vertex 7.0297341346741 -2.1387691497803 13.37952709198
			vertex 7.0150804519653 -1.9527218341827 13.734945297241
			vertex 7.0545582771301 -2.1531341075897 13.38782119751
		endloop
	endfacet
	facet normal 0.82869439452769 0.52034373948384 -0.20617466686854
		outer loop
			vertex 7.0545582771301 -2.1531341075897 13.38782119751
			vertex 7.0916194915771 -2.0462548732758 13.806526184082
			vertex 7.1325964927673 -2.2542791366577 13.446216583252
		endloop
	endfacet
	facet normal 0.97624131958549 -0.12009381736814 0.18036175027962
		outer loop
			vertex 7.1599998474121 -2.3735880851746 13.515099525452
			vertex 7.0916194915771 -2.2848725318909 13.944292068481
			vertex 7.1325964927673 -2.4928970336914 13.583983421326
		endloop
	endfacet
	facet normal 0.97624113845319 0.21624553086215 -0.013824253099709
		outer loop
			vertex 7.1325964927673 -2.2542791366577 13.446216583252
			vertex 7.1184964179993 -2.1628906726837 13.880039215088
			vertex 7.1599998474121 -2.3735880851746 13.515099525452
		endloop
	endfacet
	facet normal 0.82869505243962 -0.43872365922458 0.34754289073248
		outer loop
			vertex 7.1325964927673 -2.4928970336914 13.583983421326
			vertex 7.0916194915771 -2.2848725318909 13.944292068481
			vertex 7.0150804519653 -2.393630027771 13.989503860474
		endloop
	endfacet
	facet normal 0.97624093124572 -0.12009629723369 0.18036220100467
		outer loop
			vertex 7.1599998474121 -2.3735880851746 13.515099525452
			vertex 7.1184964179993 -2.1628906726837 13.880039215088
			vertex 7.0916194915771 -2.2848725318909 13.944292068481
		endloop
	endfacet
	facet normal 0.82869449533381 0.5203435904764 -0.20617463775543
		outer loop
			vertex 7.0545582771301 -2.1531341075897 13.38782119751
			vertex 7.0150804519653 -1.9527218341827 13.734945297241
			vertex 7.0916194915771 -2.0462548732758 13.806526184082
		endloop
	endfacet
	facet normal 0.9762409309482 0.21624645476846 -0.013824454472822
		outer loop
			vertex 7.1325964927673 -2.2542791366577 13.446216583252
			vertex 7.0916194915771 -2.0462548732758 13.806526184082
			vertex 7.1184964179993 -2.1628906726837 13.880039215088
		endloop
	endfacet
	facet normal 0.93872425340118 0.31055095619741 0.14951548308208
		outer loop
			vertex 7.0916194915771 -2.0462548732758 13.806526184082
			vertex 6.9955797195435 -1.9602900743484 14.230953216553
			vertex 7.1184964179993 -2.1628906726837 13.880039215088
		endloop
	endfacet
	facet normal 0.93872434204425 -0.025792043161175 0.34370245876799
		outer loop
			vertex 7.1184964179993 -2.1628906726837 13.880039215088
			vertex 6.9702625274658 -2.0848422050476 14.290754318237
			vertex 7.0916194915771 -2.2848725318909 13.944292068481
		endloop
	endfacet
	facet normal 0.16181246575961 -0.45228886363853 0.87706984314441
		outer loop
			vertex 5.3780393600464 -1.7113590240479 15.327307701111
			vertex 5.7415509223938 -1.7664940357208 15.231810569763
			vertex 5.7862453460693 -1.6449599266052 15.286237716675
		endloop
	endfacet
	facet normal 0.092396185657619 -0.76279591881839 0.64000416491608
		outer loop
			vertex 5.7327084541321 -1.7811485528946 15.215620994568
			vertex 6.0765652656555 -1.8560284376144 15.076732635498
			vertex 5.7415509223938 -1.7664940357208 15.231810569763
		endloop
	endfacet
	facet normal 0.262767456304 -0.473197174144 0.84085533731413
		outer loop
			vertex 5.7415509223938 -1.7664940357208 15.231810569763
			vertex 6.1414513587952 -1.7398906946182 15.121812820435
			vertex 5.7862453460693 -1.6449599266052 15.286237716675
		endloop
	endfacet
	facet normal 0.092394922389825 -0.76279783097489 0.64000206825961
		outer loop
			vertex 5.7327084541321 -1.7811485528946 15.215620994568
			vertex 6.0637273788452 -1.869615316391 15.062392234802
			vertex 6.0765652656555 -1.8560284376144 15.076732635498
		endloop
	endfacet
	facet normal 0.26276755902091 -0.47319591042733 0.84085601637916
		outer loop
			vertex 5.7415509223938 -1.7664940357208 15.231810569763
			vertex 6.0765652656555 -1.8560284376144 15.076732635498
			vertex 6.1414513587952 -1.7398906946182 15.121812820435
		endloop
	endfacet
	facet normal 0.3925342937511 -0.11234287855897 0.91285042907719
		outer loop
			vertex 6.1414513587952 -1.7398906946182 15.121812820435
			vertex 6.1848073005676 -1.6063023805618 15.119609832764
			vertex 5.7862453460693 -1.6449599266052 15.286237716675
		endloop
	endfacet
	facet normal 0.2417218351332 -0.081109551011624 0.96694973765679
		outer loop
			vertex 5.400824546814 -1.5865018367767 15.387490272522
			vertex 5.7862453460693 -1.6449599266052 15.286237716675
			vertex 5.8161091804504 -1.5077657699585 15.290280342102
		endloop
	endfacet
	facet normal 0.28475830952975 0.3011945737975 0.9100519402038
		outer loop
			vertex 5.8265962600708 -1.3757982254028 15.243322372437
			vertex 5.4160490036011 -1.4470872879028 15.395378112793
			vertex 5.8161091804504 -1.5077657699585 15.290280342102
		endloop
	endfacet
	facet normal 0.28475993150025 0.63753040193791 0.71586784256373
		outer loop
			vertex 5.4213953018188 -1.3143399953842 15.349771499634
			vertex 5.8265962600708 -1.3757982254028 15.243322372437
			vertex 5.8161091804504 -1.2691479921341 15.152514457703
		endloop
	endfacet
	facet normal 0.16181277107302 0.98570888865706 0.046846706822801
		outer loop
			vertex 5.400824546814 -1.1455937623978 15.13293170929
			vertex 5.7862453460693 -1.2040518522263 15.031679153442
			vertex 5.7767453193665 -1.2011542320251 15.003523826599
		endloop
	endfacet
	facet normal 0.24172088400983 0.87795819138992 0.41323168852938
		outer loop
			vertex 5.4160490036011 -1.2084695100784 15.257612228394
			vertex 5.8161091804504 -1.2691479921341 15.152514457703
			vertex 5.7862453460693 -1.2040518522263 15.031679153442
		endloop
	endfacet
	facet normal 0.39253399717045 0.84672367513088 0.35913239764499
		outer loop
			vertex 6.1414513587952 -1.2989826202393 14.867254257202
			vertex 5.7862453460693 -1.2040518522263 15.031679153442
			vertex 5.8161091804504 -1.2691479921341 15.152514457703
		endloop
	endfacet
	facet normal 0.26276881690086 0.96480026553014 0.01062998106784
		outer loop
			vertex 6.1276597976685 -1.2949380874634 14.84108543396
			vertex 5.7862453460693 -1.2040518522263 15.031679153442
			vertex 6.1414513587952 -1.2989826202393 14.867254257202
		endloop
	endfacet
	facet normal 0.46242308772297 0.60073700239073 0.65213491081168
		outer loop
			vertex 6.1848073005676 -1.3676846027374 14.981843948364
			vertex 5.8265962600708 -1.3757982254028 15.243322372437
			vertex 6.2000317573547 -1.4756009578705 15.070459365845
		endloop
	endfacet
	facet normal 0.39253416822046 0.8467235055679 0.35913261046343
		outer loop
			vertex 6.1414513587952 -1.2989826202393 14.867254257202
			vertex 5.8161091804504 -1.2691479921341 15.152514457703
			vertex 6.1848073005676 -1.3676846027374 14.981843948364
		endloop
	endfacet
	facet normal 0.39253432342541 -0.11234364729669 0.91285032170944
		outer loop
			vertex 6.1848073005676 -1.6063023805618 15.119609832764
			vertex 5.8161091804504 -1.5077657699585 15.290280342102
			vertex 5.7862453460693 -1.6449599266052 15.286237716675
		endloop
	endfacet
	facet normal 0.46242308127429 0.2643985147034 0.84632045900322
		outer loop
			vertex 6.2000317573547 -1.4756009578705 15.070459365845
			vertex 5.8265962600708 -1.3757982254028 15.243322372437
			vertex 5.8161091804504 -1.5077657699585 15.290280342102
		endloop
	endfacet
	facet normal 0.46242381318567 0.60073541843523 0.6521358555058
		outer loop
			vertex 6.1848073005676 -1.3676846027374 14.981843948364
			vertex 5.8161091804504 -1.2691479921341 15.152514457703
			vertex 5.8265962600708 -1.3757982254028 15.243322372437
		endloop
	endfacet
	facet normal 0.46242359950269 0.2643959243935 0.84632098508018
		outer loop
			vertex 6.2000317573547 -1.4756009578705 15.070459365845
			vertex 5.8161091804504 -1.5077657699585 15.290280342102
			vertex 6.1848073005676 -1.6063023805618 15.119609832764
		endloop
	endfacet
	facet normal 0.26276917796132 0.96480015950989 0.010630678399525
		outer loop
			vertex 6.1276597976685 -1.2949380874634 14.84108543396
			vertex 5.7767453193665 -1.2011542320251 15.003523826599
			vertex 5.7862453460693 -1.2040518522263 15.031679153442
		endloop
	endfacet
	facet normal 0.15150363849504 -0.78706158123835 0.59798053050359
		outer loop
			vertex 6.5919809341431 -2.1337418556213 14.604911804199
			vertex 6.6111936569214 -2.1233427524567 14.613731384277
			vertex 6.3538684844971 -1.988671541214 14.856181144714
		endloop
	endfacet
	facet normal 0.15152168398471 -0.78704890522789 0.59799264214706
		outer loop
			vertex 6.6111936569214 -2.1233427524567 14.613731384277
			vertex 6.3702073097229 -1.9765214920044 14.868032455444
			vertex 6.3538684844971 -1.988671541214 14.856181144714
		endloop
	endfacet
	facet normal 0.43089255865875 -0.54218887496648 0.72136178631467
		outer loop
			vertex 6.7083029747009 -2.0233163833618 14.630905151367
			vertex 6.4527921676636 -1.8676460981369 14.900534629822
			vertex 6.3702073097229 -1.9765214920044 14.868032455444
		endloop
	endfacet
	facet normal 0.12434270264569 -0.77347169973402 0.6215146193046
		outer loop
			vertex 6.0637273788452 -1.869615316391 15.062392234802
			vertex 6.3702073097229 -1.9765214920044 14.868032455444
			vertex 6.0765652656555 -1.8560284376144 15.076732635498
		endloop
	endfacet
	facet normal 0.12435114170943 -0.77346334336001 0.62152333024105
		outer loop
			vertex 6.0637273788452 -1.869615316391 15.062392234802
			vertex 6.3538684844971 -1.988671541214 14.856181144714
			vertex 6.3702073097229 -1.9765214920044 14.868032455444
		endloop
	endfacet
	facet normal 0.35362409733806 -0.50355499292352 0.78827810250167
		outer loop
			vertex 6.0765652656555 -1.8560284376144 15.076732635498
			vertex 6.3702073097229 -1.9765214920044 14.868032455444
			vertex 6.4527921676636 -1.8676460981369 14.900534629822
		endloop
	endfacet
	facet normal 0.35362536734495 -0.5035503365462 0.78828050726525
		outer loop
			vertex 6.0765652656555 -1.8560284376144 15.076732635498
			vertex 6.4527921676636 -1.8676460981369 14.900534629822
			vertex 6.1414513587952 -1.7398906946182 15.121812820435
		endloop
	endfacet
	facet normal 0.52826275280097 -0.15768860618958 0.83430975511564
		outer loop
			vertex 6.1414513587952 -1.7398906946182 15.121812820435
			vertex 6.5079736709595 -1.7389101982117 14.889925956726
			vertex 6.1848073005676 -1.6063023805618 15.119609832764
		endloop
	endfacet
	facet normal 0.52826324084557 -0.1576827588818 0.83431055124741
		outer loop
			vertex 6.1414513587952 -1.7398906946182 15.121812820435
			vertex 6.4527921676636 -1.8676460981369 14.900534629822
			vertex 6.5079736709595 -1.7389101982117 14.889925956726
		endloop
	endfacet
	facet normal 0.62231737877391 0.21097483878111 0.75379751755843
		outer loop
			vertex 6.1848073005676 -1.6063023805618 15.119609832764
			vertex 6.5079736709595 -1.7389101982117 14.889925956726
			vertex 6.5273504257202 -1.6099127531052 14.837824821472
		endloop
	endfacet
	facet normal 0.52826151136198 0.80137854278915 0.28059259927998
		outer loop
			vertex 6.1414513587952 -1.2989826202393 14.867254257202
			vertex 6.1848073005676 -1.3676846027374 14.981843948364
			vertex 6.4527921676636 -1.4267379045486 14.645976066589
		endloop
	endfacet
	facet normal 0.35362740903602 0.93444538825752 -0.041946059918887
		outer loop
			vertex 6.1276597976685 -1.2949380874634 14.84108543396
			vertex 6.1414513587952 -1.2989826202393 14.867254257202
			vertex 6.4352388381958 -1.4211498498917 14.622480392456
		endloop
	endfacet
	facet normal 0.43089606076914 0.89581099457867 -0.10886343190255
		outer loop
			vertex 6.6876621246338 -1.574939250946 14.356109619141
			vertex 6.4352388381958 -1.4211498498917 14.622480392456
			vertex 6.4527921676636 -1.4267379045486 14.645976066589
		endloop
	endfacet
	facet normal 0.64368992327985 0.74366386633258 0.18063038664428
		outer loop
			vertex 6.7083029747009 -1.5824083089828 14.376346588135
			vertex 6.4527921676636 -1.4267379045486 14.645976066589
			vertex 6.5079736709595 -1.5002924203873 14.752160072327
		endloop
	endfacet
	facet normal 0.35362632492352 0.93444573240317 -0.041947532878431
		outer loop
			vertex 6.1414513587952 -1.2989826202393 14.867254257202
			vertex 6.4527921676636 -1.4267379045486 14.645976066589
			vertex 6.4352388381958 -1.4211498498917 14.622480392456
		endloop
	endfacet
	facet normal 0.52826280461192 0.80137724936568 0.28059385856187
		outer loop
			vertex 6.1848073005676 -1.3676846027374 14.981843948364
			vertex 6.5079736709595 -1.5002924203873 14.752160072327
			vertex 6.4527921676636 -1.4267379045486 14.645976066589
		endloop
	endfacet
	facet normal 0.6223170503009 0.21097734925688 0.75379708609501
		outer loop
			vertex 6.2000317573547 -1.4756009578705 15.070459365845
			vertex 6.1848073005676 -1.6063023805618 15.119609832764
			vertex 6.5273504257202 -1.6099127531052 14.837824821472
		endloop
	endfacet
	facet normal 0.62231763072588 0.54731795553804 0.55961041987563
		outer loop
			vertex 6.1848073005676 -1.3676846027374 14.981843948364
			vertex 6.2000317573547 -1.4756009578705 15.070459365845
			vertex 6.5079736709595 -1.5002924203873 14.752160072327
		endloop
	endfacet
	facet normal 0.62231707520402 0.54731923845247 0.55960978291067
		outer loop
			vertex 6.2000317573547 -1.4756009578705 15.070459365845
			vertex 6.5273504257202 -1.6099127531052 14.837824821472
			vertex 6.5079736709595 -1.5002924203873 14.752160072327
		endloop
	endfacet
	facet normal 0.17285000959096 -0.80303510694319 0.57031350255902
		outer loop
			vertex 6.79026222229 -2.2908496856689 14.323599815369
			vertex 6.6111936569214 -2.1233427524567 14.613731384277
			vertex 6.5919809341431 -2.1337418556213 14.604911804199
		endloop
	endfacet
	facet normal 0.17286128852852 -0.80302932599808 0.57031822390252
		outer loop
			vertex 6.7689142227173 -2.2992515563965 14.31824016571
			vertex 6.79026222229 -2.2908496856689 14.323599815369
			vertex 6.5919809341431 -2.1337418556213 14.604911804199
		endloop
	endfacet
	facet normal 0.49160320735988 -0.58761704078723 0.64267604583487
		outer loop
			vertex 6.79026222229 -2.2908496856689 14.323599815369
			vertex 6.8981642723083 -2.2009193897247 14.323287963867
			vertex 6.6111936569214 -2.1233427524567 14.613731384277
		endloop
	endfacet
	facet normal 0.49160625088975 -0.58761252484002 0.64267784677649
		outer loop
			vertex 6.6111936569214 -2.1233427524567 14.613731384277
			vertex 6.8981642723083 -2.2009193897247 14.323287963867
			vertex 6.7083029747009 -2.0233163833618 14.630905151367
		endloop
	endfacet
	facet normal 0.4308956195384 -0.54218234929079 0.72136486272908
		outer loop
			vertex 6.6111936569214 -2.1233427524567 14.613731384277
			vertex 6.7083029747009 -2.0233163833618 14.630905151367
			vertex 6.3702073097229 -1.9765214920044 14.868032455444
		endloop
	endfacet
	facet normal 0.64369121747063 -0.21539983874874 0.73434632566535
		outer loop
			vertex 6.7083029747009 -2.0233163833618 14.630905151367
			vertex 6.7731890678406 -1.9004933834076 14.610055923462
			vertex 6.4527921676636 -1.8676460981369 14.900534629822
		endloop
	endfacet
	facet normal 0.64369163609904 -0.21539779964015 0.73434655682881
		outer loop
			vertex 6.7731890678406 -1.9004933834076 14.610055923462
			vertex 6.5079736709595 -1.7389101982117 14.889925956726
			vertex 6.4527921676636 -1.8676460981369 14.900534629822
		endloop
	endfacet
	facet normal 0.75829628758682 0.1429863251948 0.63603588816932
		outer loop
			vertex 6.7959742546082 -1.7735723257065 14.554357528687
			vertex 6.5273504257202 -1.6099127531052 14.837824821472
			vertex 6.5079736709595 -1.7389101982117 14.889925956726
		endloop
	endfacet
	facet normal 0.7582961639776 0.14298841097691 0.63603556663378
		outer loop
			vertex 6.7959742546082 -1.7735723257065 14.554357528687
			vertex 6.5079736709595 -1.7389101982117 14.889925956726
			vertex 6.7731890678406 -1.9004933834076 14.610055923462
		endloop
	endfacet
	facet normal 0.75829647813783 0.47932826694433 0.44184936771699
		outer loop
			vertex 6.7731890678406 -1.6618756055832 14.472290039062
			vertex 6.5273504257202 -1.6099127531052 14.837824821472
			vertex 6.7959742546082 -1.7735723257065 14.554357528687
		endloop
	endfacet
	facet normal 0.73438031858694 -0.28326570432471 0.61680311966264
		outer loop
			vertex 6.7083029747009 -2.0233163833618 14.630905151367
			vertex 6.8981642723083 -2.2009193897247 14.323287963867
			vertex 6.9702625274658 -2.0848422050476 14.290754318237
		endloop
	endfacet
	facet normal 0.865133360801 0.063041520981579 0.49756410105784
		outer loop
			vertex 6.7959742546082 -1.7735723257065 14.554357528687
			vertex 6.7731890678406 -1.9004933834076 14.610055923462
			vertex 6.9955797195435 -1.9602900743484 14.230953216553
		endloop
	endfacet
	facet normal 0.86513337856364 0.06304285207724 0.49756390152123
		outer loop
			vertex 6.9955797195435 -1.9602900743484 14.230953216553
			vertex 6.7731890678406 -1.9004933834076 14.610055923462
			vertex 6.9702625274658 -2.0848422050476 14.290754318237
		endloop
	endfacet
	facet normal 0.73438110341053 -0.28326330034733 0.6168032892502
		outer loop
			vertex 6.7083029747009 -2.0233163833618 14.630905151367
			vertex 6.9702625274658 -2.0848422050476 14.290754318237
			vertex 6.7731890678406 -1.9004933834076 14.610055923462
		endloop
	endfacet
	facet normal 0.86513324270424 0.39938232638 0.30337803108225
		outer loop
			vertex 6.7731890678406 -1.6618756055832 14.472290039062
			vertex 6.7959742546082 -1.7735723257065 14.554357528687
			vertex 6.9702625274658 -1.8462245464325 14.152988433838
		endloop
	endfacet
	facet normal 0.43089305119783 0.89581207851435 -0.10886642465531
		outer loop
			vertex 6.6876621246338 -1.574939250946 14.356109619141
			vertex 6.4527921676636 -1.4267379045486 14.645976066589
			vertex 6.7083029747009 -1.5824083089828 14.376346588135
		endloop
	endfacet
	facet normal 0.64369051040203 0.74366324937817 0.18063083441837
		outer loop
			vertex 6.7083029747009 -1.5824083089828 14.376346588135
			vertex 6.5079736709595 -1.5002924203873 14.752160072327
			vertex 6.7731890678406 -1.6618756055832 14.472290039062
		endloop
	endfacet
	facet normal 0.75829617723937 0.47932902942473 0.44184905695826
		outer loop
			vertex 6.7731890678406 -1.6618756055832 14.472290039062
			vertex 6.5079736709595 -1.5002924203873 14.752160072327
			vertex 6.5273504257202 -1.6099127531052 14.837824821472
		endloop
	endfacet
endsolid