; generated by PrusaSlicer 2.9.4 on 2026-06-25 at 20:51:37 UTC

; 

; external perimeters extrusion width = 0.45mm
; perimeters extrusion width = 0.45mm
; infill extrusion width = 0.45mm
; solid infill extrusion width = 0.45mm
; top infill extrusion width = 0.40mm
; first layer extrusion width = 0.70mm

M190 S60 ; set bed temperature and wait for it to be reached
M104 S215 ; set temperature
;TYPE:Custom
G28 ; home all axes
G1 Z5 F5000 ; lift nozzle
M109 S215 ; set temperature and wait for it to be reached
G21 ; set units to millimeters
G90 ; use absolute coordinates
M82 ; use absolute distances for extrusion
G92 E0
; Filament gcode
M107
;LAYER_CHANGE
;Z:0.35
;HEIGHT:0.35
G1 E-2 F2400
G92 E0
G1 Z.35 F7800
G1 X18.582 Y24.721
G1 E2 F2400
;TYPE:Skirt/Brim
;WIDTH:0.7
G1 F1800
G1 X20.42 Y23.444 E2.20351
G1 X23.046 Y22.872 E2.44789
G1 X226.954 Y22.872 E20.98916
G1 X229.157 Y23.269 E21.1927
G1 X231.418 Y24.721 E21.43704
G1 X236.104 Y29.407 E22.03963
G1 X237.381 Y31.246 E22.24321
G1 X237.953 Y33.871 E22.4875
G1 X237.953 Y40.79 E23.11664
G1 X237.231 Y43.721 E23.39112
G1 X167 Y177.71 E37.14689
G1 X165.873 Y179.243 E37.3199
G1 X161.187 Y183.929 E37.92249
G1 X159.349 Y185.206 E38.126
G1 X157.2 Y185.76 E38.3278
G1 X139.914 Y187.07 E39.90412
G1 X126.099 Y187.149 E41.16033
G1 X108.248 Y185.758 E42.78843
G1 X106.518 Y185.372 E42.94961
G1 X20.818 Y153.054 E51.27796
G1 X18.582 Y151.611 E51.51994
G1 X13.896 Y146.925 E52.12253
G1 X12.619 Y145.087 E52.32604
G1 X12.047 Y142.461 E52.57042
G1 X12.047 Y33.871 E62.44446
G1 X12.444 Y31.668 E62.648
G1 X13.896 Y29.407 E62.89234
G1 X18.54 Y24.764 E63.48947
G1 E61.48947 F2400
G92 E0
G1 X22.838 Y30.859 F7800
G1 E2 F2400
G1 F1800
G1 X22.878 Y30.831 E2.00444
G1 X24.279 Y30.245 E2.14253
G1 X25.675 Y29.998 E2.27144
G1 X109.823 Y30.005 E9.92298
G1 X111.256 Y30.27 E10.05549
G1 X112.609 Y30.009 E10.18079
G1 X116.819 Y30.002 E10.5636
G1 X118.083 Y30.213 E10.68013
G1 X119.31 Y30.684 E10.79964
G1 X120.355 Y31.332 E10.91145
G1 X121.627 Y32.534 E11.07058
G1 X122.593 Y33.942 E11.22584
G1 X123.006 Y34.963 E11.32599
G1 X123.257 Y36.109 E11.43267
G1 X123.296 Y58.533 E13.47168
G1 X123.162 Y59.359 E13.54777
G1 X123.296 Y60.182 E13.62359
G1 X123.296 Y82.183 E15.62413
G1 X123.097 Y83.451 E15.74084
G1 X122.656 Y84.639 E15.85607
G1 X122.072 Y85.636 E15.96113
G1 X120.633 Y87.161 E16.15179
G1 X119.611 Y87.877 E16.26526
G1 X118.467 Y88.389 E16.37923
G1 X116.922 Y88.709 E16.5227
G1 X112.611 Y88.71 E16.9147
G1 X111.171 Y88.428 E17.04813
G1 X110.084 Y87.973 E17.15528
G1 X109.131 Y87.362 E17.25822
G1 X107.834 Y86.117 E17.4217
G1 X106.848 Y84.619 E17.58477
G1 X106.417 Y83.431 E17.69968
G1 X106.223 Y82.193 E17.81362
G1 X106.223 Y60.182 E19.81507
G1 X106.357 Y59.36 E19.8908
G1 X106.223 Y58.538 E19.96653
G1 X106.223 Y57.11 E20.09638
G1 X88.68 Y57.115 E21.69156
G1 X88.68 Y119.217 E27.33847
G1 X104.875 Y119.219 E28.81107
G1 X104.907 Y98.808 E30.66704
G1 X105.188 Y97.528 E30.7862
G1 X105.723 Y96.319 E30.90642
G1 X106.399 Y95.35 E31.01385
G1 X107.98 Y93.851 E31.21195
G1 X108.817 Y93.351 E31.3006
G1 X109.754 Y92.959 E31.39296
G1 X111.371 Y92.645 E31.54274
G1 X149.225 Y92.647 E34.98479
G1 X149.275 Y47.391 E39.0999
G1 X149.516 Y46.344 E39.19759
G1 X149.915 Y45.359 E39.29422
G1 X150.855 Y43.973 E39.4465
G1 X152.288 Y42.632 E39.62496
G1 X153.166 Y42.1 E39.71831
G1 X154.504 Y41.543 E39.85009
G1 X154.101 Y40.951 E39.91521
G1 X153.588 Y39.778 E40.03162
G1 X153.282 Y38.238 E40.17439
G1 X153.341 Y35.883 E40.3886
G1 X153.682 Y34.625 E40.50712
G1 X154.325 Y33.331 E40.63851
G1 X154.988 Y32.49 E40.73589
G1 X156.392 Y31.196 E40.90951
G1 X157.213 Y30.706 E40.99645
G1 X158.08 Y30.336 E41.08216
G1 X159.77 Y29.998 E41.23887
G1 X224.408 Y30.005 E47.11638
G1 X225.976 Y30.323 E47.26186
G1 X226.926 Y30.726 E47.35569
G1 X227.811 Y31.274 E47.45034
G1 X229.112 Y32.49 E47.61227
G1 X229.809 Y33.385 E47.71542
G1 X230.417 Y34.624 E47.84092
G1 X230.769 Y35.954 E47.96602
G1 X230.813 Y38.304 E48.17974
G1 X230.516 Y39.767 E48.31548
G1 X229.917 Y41.091 E48.44762
G1 X229.196 Y42.084 E48.5592
G1 X228.14 Y43.121 E48.69378
G1 X227.07 Y43.86 E48.81202
G1 X225.744 Y44.409 E48.94252
G1 X224.386 Y44.657 E49.06804
G1 X162.781 Y44.662 E54.66976
G1 X163.177 Y45.328 E54.74022
G1 X163.591 Y46.334 E54.83914
G1 X163.887 Y47.892 E54.98334
G1 X163.887 Y107.706 E60.4222
G1 X163.575 Y109.307 E60.57052
G1 X163.072 Y110.465 E60.68532
G1 X162.435 Y111.407 E60.78872
G1 X161.182 Y112.675 E60.95082
G1 X160.595 Y113.097 E61.01656
G1 X160.568 Y172.437 E66.41232
G1 X160.348 Y173.551 E66.51557
G1 X159.956 Y174.58 E66.6157
G1 X159.169 Y175.826 E66.74971
G1 X157.593 Y177.366 E66.95007
G1 X156.633 Y177.955 E67.05248
G1 X155.511 Y178.398 E67.16217
G1 X154.093 Y178.652 E67.29316
G1 X139.167 Y178.652 E68.65037
G1 X137.969 Y179.373 E68.77751
G1 X136.317 Y179.923 E68.93583
G1 X135.668 Y179.99 E68.99516
G1 X129.776 Y180.002 E69.53092
G1 X127.767 Y179.495 E69.71932
G1 X126.303 Y178.652 E69.87293
G1 X111.369 Y178.652 E71.23087
G1 X109.681 Y178.315 E71.38739
G1 X108.819 Y177.947 E71.47262
G1 X108.033 Y177.487 E71.55543
G1 X106.038 Y175.492 E71.81197
G1 X105.578 Y174.706 E71.89478
G1 X105.21 Y173.843 E71.98009
G1 X104.879 Y172.216 E72.13106
G1 X104.873 Y146.332 E74.48468
G1 X25.686 Y146.334 E81.68512
G1 X24.478 Y146.142 E81.79634
G1 X23.262 Y145.701 E81.91396
G1 X22.063 Y144.96 E82.04212
G1 X20.463 Y143.335 E82.24948
G1 X19.87 Y142.371 E82.35239
G1 X19.426 Y141.249 E82.46211
G1 X19.173 Y139.827 E82.59344
G1 X19.201 Y125.433 E83.90228
G1 X19.465 Y124.172 E84.01943
G1 X19.901 Y123.118 E84.12315
G1 X20.45 Y122.23 E84.21808
G1 X21.784 Y120.823 E84.39438
G1 X22.686 Y120.158 E84.49628
G1 X23.934 Y119.573 E84.62161
G1 X25.666 Y119.216 E84.78241
G1 X46.74 Y119.216 E86.69866
G1 X46.74 Y57.116 E92.34539
G1 X25.536 Y57.103 E94.27346
G1 X24.005 Y56.783 E94.41568
G1 X22.819 Y56.252 E94.53384
G1 X21.769 Y55.496 E94.65149
G1 X20.555 Y54.238 E94.81046
G1 X19.91 Y53.232 E94.91912
G1 X19.449 Y52.107 E95.02967
G1 X19.179 Y50.673 E95.16235
G1 X19.185 Y36.374 E96.46255
G1 X19.46 Y34.971 E96.59255
G1 X20.009 Y33.698 E96.71861
G1 X20.655 Y32.754 E96.82262
G1 X21.793 Y31.596 E96.97025
G1 X22.789 Y30.894 E97.08105
G1 X23.146 Y31.398 F7800
G1 F1800
G1 X23.154 Y31.392 E97.08196
G1 X24.426 Y30.853 E97.20758
G1 X25.703 Y30.623 E97.32557
G1 X109.793 Y30.629 E104.97184
G1 X111.244 Y30.94 E105.10678
G1 X112.638 Y30.634 E105.23655
G1 X116.793 Y30.627 E105.61436
G1 X117.947 Y30.824 E105.72081
G1 X119.009 Y31.232 E105.82426
G1 X119.95 Y31.808 E105.92458
G1 X121.173 Y32.966 E106.07773
G1 X122.027 Y34.21 E106.21494
G1 X122.403 Y35.127 E106.30506
G1 X122.632 Y36.145 E106.39994
G1 X122.671 Y58.508 E108.4334
G1 X122.529 Y59.36 E108.51194
G1 X122.671 Y60.209 E108.59021
G1 X122.671 Y82.159 E110.58611
G1 X122.5 Y83.266 E110.68796
G1 X122.101 Y84.351 E110.79308
G1 X121.591 Y85.236 E110.88596
G1 X120.247 Y86.668 E111.06454
G1 X119.277 Y87.347 E111.1722
G1 X118.246 Y87.803 E111.27471
G1 X116.83 Y88.09 E111.40608
G1 X112.699 Y88.091 E111.78171
G1 X111.38 Y87.838 E111.90383
G1 X110.398 Y87.432 E112.00045
G1 X109.494 Y86.853 E112.09807
G1 X108.293 Y85.692 E112.24996
G1 X107.422 Y84.368 E112.39407
G1 X107.029 Y83.301 E112.49746
G1 X106.848 Y82.168 E112.60179
G1 X106.848 Y60.209 E114.59851
G1 X106.99 Y59.36 E114.67678
G1 X106.848 Y58.511 E114.75505
G1 X106.848 Y56.485 E114.93927
G1 X88.055 Y56.49 E116.64811
G1 X88.055 Y119.842 E122.40868
G1 X105.499 Y119.843 E123.99486
G1 X105.525 Y98.909 E125.89838
G1 X105.791 Y97.693 E126.01156
G1 X106.254 Y96.65 E126.11532
G1 X106.855 Y95.779 E126.21154
G1 X108.331 Y94.369 E126.39715
G1 X109.117 Y93.899 E126.48042
G1 X109.964 Y93.549 E126.56375
G1 X111.401 Y93.27 E126.69686
G1 X149.85 Y93.272 E130.19301
G1 X149.893 Y47.494 E134.35559
G1 X150.105 Y46.555 E134.44312
G1 X150.482 Y45.626 E134.53428
G1 X151.351 Y44.355 E134.67428
G1 X152.641 Y43.148 E134.83492
G1 X153.43 Y42.667 E134.91894
G1 X154.311 Y42.298 E135.00579
G1 X155.623 Y42.032 E135.12752
G1 X154.66 Y40.669 E135.27927
G1 X154.175 Y39.56 E135.38933
G1 X153.902 Y38.153 E135.51965
G1 X153.955 Y36.008 E135.71475
G1 X154.257 Y34.872 E135.82163
G1 X154.838 Y33.69 E135.94139
G1 X155.432 Y32.93 E136.0291
G1 X156.743 Y31.714 E136.19169
G1 X157.479 Y31.272 E136.26976
G1 X158.296 Y30.923 E136.35054
G1 X159.8 Y30.623 E136.48999
G1 X224.375 Y30.629 E142.36177
G1 X225.817 Y30.929 E142.4957
G1 X226.62 Y31.272 E142.5751
G1 X227.409 Y31.753 E142.65912
G1 X228.668 Y32.93 E142.81584
G1 X229.262 Y33.69 E142.90355
G1 X229.843 Y34.872 E143.02331
G1 X230.145 Y36.005 E143.12993
G1 X230.193 Y38.217 E143.33111
G1 X229.93 Y39.546 E143.4543
G1 X229.391 Y40.752 E143.57442
G1 X228.738 Y41.658 E143.67597
G1 X227.759 Y42.625 E143.80109
G1 X226.796 Y43.297 E143.90787
G1 X225.595 Y43.802 E144.02634
G1 X224.357 Y44.032 E144.14084
G1 X161.413 Y44.038 E149.86431
G1 X162.104 Y44.772 E149.95597
G1 X162.61 Y45.592 E150.04359
G1 X163.001 Y46.542 E150.137
G1 X163.263 Y47.921 E150.26463
G1 X163.263 Y107.675 E155.69804
G1 X162.969 Y109.151 E155.83489
G1 X162.537 Y110.141 E155.93311
G1 X161.97 Y110.99 E156.02594
G1 X160.758 Y112.215 E156.18263
G1 X159.971 Y112.772 E156.2703
G1 X159.949 Y172.349 E161.68761
G1 X159.755 Y173.354 E161.78068
G1 X159.384 Y174.327 E161.87537
G1 X158.663 Y175.459 E161.99741
G1 X157.184 Y176.891 E162.1846
G1 X156.332 Y177.407 E162.27517
G1 X155.368 Y177.789 E162.36946
G1 X154.064 Y178.027 E162.48999
G1 X138.91 Y178.027 E163.86794
G1 X137.736 Y178.792 E163.99536
G1 X136.216 Y179.306 E164.14126
G1 X135.65 Y179.365 E164.19301
G1 X129.816 Y179.377 E164.72349
G1 X127.964 Y178.901 E164.89736
G1 X126.562 Y178.027 E165.04759
G1 X111.4 Y178.027 E166.42626
G1 X109.895 Y177.727 E166.5658
G1 X109.117 Y177.397 E166.64264
G1 X108.383 Y176.968 E166.71995
G1 X106.557 Y175.141 E166.95483
G1 X106.128 Y174.408 E167.03206
G1 X105.798 Y173.63 E167.1089
G1 X105.498 Y172.125 E167.24844
G1 X105.498 Y145.707 E169.65062
G1 X25.712 Y145.709 E176.90553
G1 X24.609 Y145.53 E177.00714
G1 X23.509 Y145.126 E177.1137
G1 X22.427 Y144.451 E177.22966
G1 X20.936 Y142.925 E177.42366
G1 X20.418 Y142.071 E177.51448
G1 X20.035 Y141.106 E177.60889
G1 X19.798 Y139.799 E177.72967
G1 X19.826 Y125.468 E179.03278
G1 X20.07 Y124.332 E179.13843
G1 X20.447 Y123.422 E179.228
G1 X20.928 Y122.634 E179.31195
G1 X22.181 Y121.307 E179.4779
G1 X22.981 Y120.71 E179.56867
G1 X24.165 Y120.155 E179.68757
G1 X25.697 Y119.841 E179.82977
G1 X47.365 Y119.841 E181.80003
G1 X47.365 Y56.491 E187.56042
G1 X25.632 Y56.484 E189.53659
G1 X24.167 Y56.178 E189.67268
G1 X23.107 Y55.697 E189.77852
G1 X22.199 Y55.042 E189.88032
G1 X21.028 Y53.827 E190.03376
G1 X20.454 Y52.923 E190.13113
G1 X20.04 Y51.902 E190.23131
G1 X19.804 Y50.644 E190.34769
G1 X19.804 Y36.465 E191.63698
G1 X20.067 Y35.125 E191.76115
G1 X20.543 Y34.024 E191.87022
G1 X21.121 Y33.172 E191.96384
G1 X22.22 Y32.053 E192.10646
G1 X23.097 Y31.433 E192.20412
G1 X23.432 Y31.953 F7800
G1 F1800
G1 X24.575 Y31.461 E192.31727
G1 X25.732 Y31.248 E192.42424
G1 X109.762 Y31.254 E200.06505
G1 X110.862 Y31.467 E200.16693
G1 X111.24 Y31.611 E200.20371
G1 X111.708 Y31.435 E200.24917
G1 X112.668 Y31.259 E200.33792
G1 X116.766 Y31.252 E200.71055
G1 X117.809 Y31.434 E200.80682
G1 X118.71 Y31.782 E200.89465
G1 X119.546 Y32.286 E200.98341
G1 X120.719 Y33.397 E201.13032
G1 X121.463 Y34.48 E201.2498
G1 X121.801 Y35.295 E201.33003
G1 X122.007 Y36.183 E201.41292
G1 X122.046 Y58.481 E203.44047
G1 X121.894 Y59.36 E203.52158
G1 X122.046 Y60.236 E203.60242
G1 X122.046 Y82.136 E205.59378
G1 X121.902 Y83.082 E205.68079
G1 X121.544 Y84.068 E205.77617
G1 X121.107 Y84.838 E205.85668
G1 X119.859 Y86.177 E206.02312
G1 X118.995 Y86.789 E206.1194
G1 X118.026 Y87.217 E206.21572
G1 X116.739 Y87.471 E206.335
G1 X112.784 Y87.471 E206.69463
G1 X111.588 Y87.248 E206.80526
G1 X110.664 Y86.865 E206.89621
G1 X109.859 Y86.345 E206.98335
G1 X108.794 Y85.317 E207.11794
G1 X107.996 Y84.118 E207.2489
G1 X107.626 Y83.114 E207.3462
G1 X107.473 Y82.144 E207.43549
G1 X107.473 Y60.236 E209.42758
G1 X107.625 Y59.36 E209.50842
G1 X107.473 Y58.483 E209.58935
G1 X107.473 Y55.86 E209.82786
G1 X87.43 Y55.866 E211.65036
G1 X87.43 Y120.467 E217.5245
G1 X106.124 Y120.468 E219.22434
G1 X106.143 Y99.007 E221.17578
G1 X106.377 Y97.914 E221.27742
G1 X106.788 Y96.976 E221.37054
G1 X107.313 Y96.205 E221.45536
G1 X108.683 Y94.887 E221.62822
G1 X109.417 Y94.448 E221.70599
G1 X110.172 Y94.139 E221.78017
G1 X111.431 Y93.895 E221.89678
G1 X150.474 Y93.897 E225.44694
G1 X150.51 Y47.598 E229.65689
G1 X150.709 Y46.719 E229.73884
G1 X151.047 Y45.894 E229.81991
G1 X151.803 Y44.788 E229.94173
G1 X153.043 Y43.628 E230.09613
G1 X153.73 Y43.215 E230.16902
G1 X154.52 Y42.888 E230.24677
G1 X155.753 Y42.647 E230.36101
G1 X157.255 Y42.667 E230.4976
G1 X155.829 Y41.242 E230.68091
G1 X155.217 Y40.385 E230.77667
G1 X154.78 Y39.402 E230.87449
G1 X154.527 Y38.133 E230.99215
G1 X154.578 Y36.061 E231.18061
G1 X154.832 Y35.118 E231.26941
G1 X155.352 Y34.046 E231.37775
G1 X155.878 Y33.369 E231.45571
G1 X157.093 Y32.233 E231.60696
G1 X157.781 Y31.819 E231.67997
G1 X158.509 Y31.511 E231.75185
G1 X159.831 Y31.248 E231.87441
G1 X224.343 Y31.254 E237.74046
G1 X225.602 Y31.516 E237.85739
G1 X226.319 Y31.819 E237.92817
G1 X227.007 Y32.233 E238.00118
G1 X228.222 Y33.369 E238.15243
G1 X228.748 Y34.046 E238.23039
G1 X229.268 Y35.118 E238.33873
G1 X229.521 Y36.059 E238.42733
G1 X229.573 Y38.13 E238.6157
G1 X229.324 Y39.39 E238.73249
G1 X228.865 Y40.414 E238.83453
G1 X228.278 Y41.234 E238.92623
G1 X227.376 Y42.13 E239.04184
G1 X226.519 Y42.736 E239.13728
G1 X225.444 Y43.194 E239.24353
G1 X224.327 Y43.407 E239.34693
G1 X159.889 Y43.413 E245.20625
G1 X161.593 Y45.134 E245.42647
G1 X162.064 Y45.897 E245.508
G1 X162.41 Y46.748 E245.59153
G1 X162.638 Y47.95 E245.70278
G1 X162.638 Y107.643 E251.13064
G1 X162.364 Y108.993 E251.2559
G1 X162.001 Y109.819 E251.33794
G1 X161.503 Y110.573 E251.42011
G1 X160.334 Y111.755 E251.57127
G1 X159.346 Y112.386 E251.67787
G1 X159.33 Y172.259 E257.1221
G1 X159.147 Y173.207 E257.20989
G1 X158.813 Y174.071 E257.29412
G1 X158.158 Y175.089 E257.40419
G1 X156.779 Y176.415 E257.57815
G1 X156.035 Y176.857 E257.65684
G1 X155.223 Y177.181 E257.73634
G1 X154.035 Y177.402 E257.84622
G1 X138.667 Y177.402 E259.24363
G1 X138.331 Y177.702 E259.28459
G1 X137.442 Y178.24 E259.37908
G1 X136.115 Y178.688 E259.50643
G1 X129.856 Y178.752 E260.07559
G1 X128.167 Y178.308 E260.23439
G1 X127.156 Y177.715 E260.34097
G1 X126.803 Y177.402 E260.38387
G1 X111.431 Y177.402 E261.78164
G1 X110.109 Y177.139 E261.9042
G1 X109.38 Y176.83 E261.9762
G1 X108.735 Y176.45 E262.04427
G1 X107.075 Y174.79 E262.25774
G1 X106.695 Y174.145 E262.32581
G1 X106.386 Y173.416 E262.39781
G1 X106.123 Y172.094 E262.52037
G1 X106.123 Y145.082 E264.97656
G1 X25.738 Y145.084 E272.28593
G1 X24.742 Y144.919 E272.37773
G1 X23.758 Y144.553 E272.47319
G1 X22.793 Y143.943 E272.577
G1 X21.411 Y142.518 E272.7575
G1 X20.968 Y141.773 E272.83631
G1 X20.644 Y140.961 E272.91581
G1 X20.423 Y139.771 E273.02587
G1 X20.45 Y125.504 E274.32316
G1 X20.673 Y124.495 E274.41712
G1 X20.995 Y123.724 E274.4931
G1 X21.407 Y123.037 E274.56594
G1 X22.58 Y121.788 E274.72174
G1 X23.276 Y121.261 E274.80112
G1 X24.396 Y120.737 E274.91356
G1 X25.728 Y120.466 E275.03716
G1 X47.99 Y120.466 E277.06143
G1 X47.99 Y55.866 E282.93548
G1 X25.728 Y55.866 E284.95975
G1 X24.331 Y55.574 E285.08952
G1 X23.397 Y55.143 E285.18305
G1 X22.63 Y54.589 E285.26908
G1 X21.5 Y53.416 E285.41718
G1 X21.022 Y52.662 E285.49836
G1 X20.631 Y51.697 E285.59304
G1 X20.428 Y50.615 E285.69314
G1 X20.423 Y36.555 E286.97161
G1 X20.673 Y35.278 E287.08993
G1 X21.078 Y34.348 E287.18217
G1 X21.587 Y33.588 E287.26534
G1 X22.646 Y32.511 E287.40268
G1 X23.383 Y31.987 E287.48491
G1 X23.714 Y32.511 F7800
G1 F1800
G1 X24.727 Y32.068 E287.58544
G1 X25.762 Y31.873 E287.68121
G1 X109.731 Y31.879 E295.31648
G1 X110.709 Y32.073 E295.40714
G1 X111.237 Y32.285 E295.45888
G1 X111.856 Y32.043 E295.51931
G1 X112.698 Y31.884 E295.59723
G1 X116.738 Y31.877 E295.96459
G1 X117.668 Y32.044 E296.05051
G1 X118.415 Y32.333 E296.12334
G1 X119.142 Y32.765 E296.20024
G1 X120.266 Y33.828 E296.34091
G1 X120.899 Y34.752 E296.44275
G1 X121.2 Y35.469 E296.51346
G1 X121.383 Y36.223 E296.58401
G1 X121.421 Y58.453 E298.60538
G1 X121.259 Y59.36 E298.68916
G1 X121.421 Y60.265 E298.77276
G1 X121.421 Y82.113 E300.75939
G1 X121.303 Y82.899 E300.83166
G1 X120.966 Y83.828 E300.92152
G1 X120.584 Y84.495 E300.99141
G1 X119.427 Y85.724 E301.14489
G1 X118.663 Y86.259 E301.2297
G1 X117.868 Y86.612 E301.30879
G1 X116.708 Y86.846 E301.41639
G1 X112.815 Y86.846 E301.77038
G1 X111.739 Y86.64 E301.87
G1 X110.932 Y86.301 E301.94959
G1 X110.271 Y85.874 E302.02114
G1 X109.252 Y84.891 E302.14988
G1 X108.568 Y83.864 E302.26208
G1 X108.238 Y82.982 E302.34771
G1 X108.098 Y82.118 E302.4273
G1 X108.098 Y60.265 E304.41438
G1 X108.26 Y59.36 E304.49798
G1 X108.098 Y58.455 E304.58158
G1 X108.098 Y55.235 E304.87437
G1 X86.805 Y55.241 E306.81053
G1 X86.805 Y121.091 E312.79824
G1 X106.748 Y121.093 E314.61165
G1 X106.767 Y99.042 E316.61674
G1 X106.98 Y98.079 E316.70642
G1 X107.323 Y97.3 E316.78382
G1 X107.772 Y96.63 E316.85716
G1 X109.035 Y95.404 E317.01721
G1 X109.717 Y94.997 E317.08943
G1 X110.377 Y94.729 E317.1542
G1 X111.461 Y94.52 E317.25458
G1 X151.099 Y94.522 E320.85885
G1 X151.135 Y47.635 E325.12227
G1 X151.298 Y46.929 E325.18816
G1 X151.585 Y46.214 E325.25822
G1 X152.256 Y45.22 E325.36727
G1 X153.444 Y44.109 E325.51517
G1 X154.672 Y43.495 E325.64001
G1 X155.838 Y43.267 E325.74804
G1 X157.681 Y43.309 E325.91567
G1 X158.368 Y43.474 E325.97992
G1 X159.042 Y43.745 E326.04598
G1 X159.799 Y44.21 E326.12676
G1 X161.122 Y45.546 E326.29773
G1 X161.517 Y46.199 E326.36713
G1 X161.803 Y46.898 E326.4358
G1 X162.013 Y47.981 E326.53611
G1 X162.013 Y107.612 E331.95833
G1 X161.777 Y108.776 E332.06633
G1 X161.464 Y109.498 E332.13788
G1 X160.999 Y110.202 E332.2146
G1 X159.913 Y111.293 E332.35457
G1 X159.306 Y111.71 E332.42153
G1 X158.721 Y111.975 E332.47993
G1 X158.711 Y172.173 E337.95371
G1 X158.553 Y173.009 E338.03107
G1 X158.242 Y173.814 E338.10954
G1 X157.655 Y174.716 E338.2074
G1 X156.376 Y175.936 E338.36812
G1 X155.742 Y176.305 E338.43482
G1 X155.075 Y176.573 E338.50018
G1 X154.005 Y176.777 E338.59923
G1 X138.419 Y176.777 E340.01646
G1 X137.978 Y177.185 E340.07109
G1 X137.148 Y177.688 E340.15934
G1 X136.011 Y178.071 E340.26843
G1 X129.895 Y178.127 E340.82458
G1 X128.446 Y177.747 E340.96079
G1 X127.504 Y177.194 E341.06011
G1 X127.05 Y176.777 E341.11616
G1 X111.461 Y176.777 E342.53366
G1 X110.321 Y176.55 E342.63935
G1 X109.086 Y175.932 E342.76492
G1 X107.593 Y174.438 E342.95697
G1 X106.975 Y173.204 E343.08246
G1 X106.748 Y172.063 E343.18824
G1 X106.748 Y144.457 E345.69844
G1 X25.765 Y144.459 E353.06219
G1 X24.878 Y144.309 E353.14399
G1 X24.011 Y143.981 E353.22828
G1 X23.162 Y143.437 E353.31997
G1 X21.888 Y142.113 E353.48704
G1 X21.52 Y141.48 E353.55362
G1 X21.252 Y140.813 E353.61898
G1 X21.048 Y139.742 E353.71812
G1 X21.075 Y125.541 E355.00941
G1 X21.276 Y124.661 E355.09149
G1 X21.544 Y124.021 E355.15458
G1 X21.888 Y123.437 E355.21621
G1 X22.982 Y122.267 E355.36186
G1 X23.574 Y121.812 E355.42975
G1 X24.627 Y121.318 E355.53551
G1 X25.759 Y121.091 E355.64049
G1 X48.615 Y121.091 E357.71878
G1 X48.615 Y55.241 E363.70649
G1 X25.76 Y55.241 E365.78469
G1 X24.56 Y54.992 E365.89613
G1 X23.687 Y54.588 E365.9836
G1 X23.061 Y54.135 E366.05386
G1 X21.973 Y53.007 E366.19637
G1 X21.567 Y52.355 E366.26621
G1 X21.239 Y51.55 E366.34525
G1 X21.048 Y50.529 E366.4397
G1 X21.048 Y36.587 E367.70744
G1 X21.279 Y35.435 E367.81428
G1 X21.614 Y34.67 E367.89022
G1 X22.055 Y34.004 E367.96285
G1 X23.073 Y32.968 E368.09492
G1 X23.665 Y32.546 E368.16103
G1 X24.024 Y33.057 F7800
G1 F1800
G1 X24.047 Y33.041 E368.16358
G1 X24.88 Y32.675 E368.24631
G1 X25.792 Y32.498 E368.33079
G1 X109.698 Y32.504 E375.96033
G1 X110.551 Y32.679 E376.03951
G1 X111.233 Y32.961 E376.10662
G1 X112.007 Y32.65 E376.18247
G1 X112.73 Y32.508 E376.24947
G1 X116.712 Y32.502 E376.61155
G1 X117.471 Y32.637 E376.68165
G1 X118.163 Y32.905 E376.74913
G1 X118.79 Y33.282 E376.81566
G1 X119.81 Y34.257 E376.94396
G1 X120.335 Y35.023 E377.0284
G1 X120.613 Y35.686 E377.09377
G1 X120.766 Y36.331 E377.15405
G1 X120.796 Y58.424 E379.16296
G1 X120.623 Y59.36 E379.24951
G1 X120.796 Y60.294 E379.33588
G1 X120.796 Y82.088 E381.3176
G1 X120.691 Y82.771 E381.38043
G1 X120.39 Y83.585 E381.45934
G1 X120.063 Y84.149 E381.51862
G1 X119.04 Y85.233 E381.65415
G1 X118.38 Y85.701 E381.72772
G1 X117.646 Y86.027 E381.80075
G1 X116.677 Y86.221 E381.89061
G1 X112.844 Y86.221 E382.23914
G1 X111.948 Y86.051 E382.32207
G1 X111.243 Y85.758 E382.39149
G1 X110.682 Y85.401 E382.45195
G1 X109.71 Y84.464 E382.57471
G1 X109.139 Y83.608 E382.66827
G1 X108.849 Y82.847 E382.74232
G1 X108.723 Y82.092 E382.81192
G1 X108.723 Y60.294 E384.794
G1 X108.896 Y59.36 E384.88037
G1 X108.723 Y58.425 E384.96683
G1 X108.723 Y54.61 E385.31373
G1 X86.18 Y54.616 E387.36356
G1 X86.18 Y121.716 E393.46493
G1 X107.373 Y121.718 E395.392
G1 X107.385 Y99.14 E397.44501
G1 X107.566 Y98.298 E397.52332
G1 X107.858 Y97.624 E397.59011
G1 X108.272 Y97.006 E397.65775
G1 X109.441 Y95.881 E397.80527
G1 X110.531 Y95.336 E397.91608
G1 X111.492 Y95.145 E398.00517
G1 X151.723 Y95.147 E401.66336
G1 X151.751 Y47.741 E405.97397
G1 X151.901 Y47.095 E406.03427
G1 X152.151 Y46.48 E406.09464
G1 X152.711 Y45.649 E406.18576
G1 X153.792 Y44.629 E406.3209
G1 X154.882 Y44.084 E406.43171
G1 X155.86 Y43.892 E406.52234
G1 X157.569 Y43.925 E406.67777
G1 X158.784 Y44.314 E406.79377
G1 X159.382 Y44.677 E406.85738
G1 X160.649 Y45.957 E407.02115
G1 X161.197 Y47.052 E407.13249
G1 X161.388 Y48.012 E407.22149
G1 X161.388 Y107.581 E412.63807
G1 X161.191 Y108.557 E412.72861
G1 X160.903 Y109.223 E412.79459
G1 X160.497 Y109.828 E412.86084
G1 X159.535 Y110.794 E412.9848
G1 X158.978 Y111.178 E413.04632
G1 X158.096 Y111.563 E413.13383
G1 X158.091 Y172.086 E418.63716
G1 X157.945 Y172.864 E418.70914
G1 X157.672 Y173.556 E418.77678
G1 X157.195 Y174.292 E418.85653
G1 X156.026 Y175.417 E419.00405
G1 X154.87 Y175.982 E419.12105
G1 X153.975 Y176.152 E419.20389
G1 X138.167 Y176.152 E420.6413
G1 X137.624 Y176.669 E420.70948
G1 X136.853 Y177.135 E420.7914
G1 X135.906 Y177.455 E420.88229
G1 X129.934 Y177.502 E421.42534
G1 X128.725 Y177.187 E421.53894
G1 X127.853 Y176.675 E421.63089
G1 X127.302 Y176.152 E421.69997
G1 X111.492 Y176.152 E423.13757
G1 X110.531 Y175.961 E423.22666
G1 X109.438 Y175.414 E423.3378
G1 X108.111 Y174.087 E423.50844
G1 X107.564 Y172.993 E423.61966
G1 X107.373 Y172.033 E423.70866
G1 X107.373 Y143.832 E426.27297
G1 X25.793 Y143.834 E433.69101
G1 X25.017 Y143.699 E433.76263
G1 X24.268 Y143.41 E433.83563
G1 X23.533 Y142.933 E433.9153
G1 X22.408 Y141.765 E434.06276
G1 X21.843 Y140.608 E434.17984
G1 X21.673 Y139.713 E434.26268
G1 X21.693 Y125.643 E435.54206
G1 X21.864 Y124.874 E435.61369
G1 X22.409 Y123.785 E435.72442
G1 X23.418 Y122.715 E435.85815
G1 X23.925 Y122.33 E435.91604
G1 X24.791 Y121.923 E436.00305
G1 X25.792 Y121.716 E436.096
G1 X49.24 Y121.716 E438.22812
G1 X49.24 Y54.616 E444.32949
G1 X25.792 Y54.616 E446.46161
G1 X24.789 Y54.41 E446.55472
G1 X23.979 Y54.035 E446.63588
G1 X23.454 Y53.649 E446.69513
G1 X22.449 Y52.6 E446.82723
G1 X22.114 Y52.052 E446.88563
G1 X21.847 Y51.401 E446.94961
G1 X21.673 Y50.498 E447.03323
G1 X21.673 Y36.617 E448.29542
G1 X21.866 Y35.652 E448.3849
G1 X22.151 Y34.991 E448.45035
G1 X22.558 Y34.375 E448.51748
G1 X23.496 Y33.429 E448.63862
G1 X23.975 Y33.091 E448.69193
G1 X24.331 Y33.604 F7800
G1 F1800
G1 X24.376 Y33.573 E448.6969
G1 X25.096 Y33.262 E448.76822
G1 X25.822 Y33.123 E448.83543
G1 X109.664 Y33.129 E456.45915
G1 X110.389 Y33.283 E456.52654
G1 X111.235 Y33.696 E456.61214
G1 X112.163 Y33.256 E456.70553
G1 X112.764 Y33.133 E456.76131
G1 X116.685 Y33.127 E457.11785
G1 X117.274 Y33.231 E457.17224
G1 X117.911 Y33.478 E457.23436
G1 X118.434 Y33.796 E457.29002
G1 X119.353 Y34.684 E457.40622
G1 X119.773 Y35.297 E457.47379
G1 X120.012 Y35.857 E457.52915
G1 X120.15 Y36.439 E457.58354
G1 X120.171 Y58.397 E459.58017
G1 X119.939 Y59.36 E459.67024
G1 X120.171 Y60.322 E459.76022
G1 X120.171 Y82.063 E461.73712
G1 X120.079 Y82.64 E461.79025
G1 X119.816 Y83.337 E461.85799
G1 X119.543 Y83.8 E461.90686
G1 X118.611 Y84.778 E462.0297
G1 X118.05 Y85.17 E462.09193
G1 X117.428 Y85.44 E462.15359
G1 X116.646 Y85.596 E462.2261
G1 X112.873 Y85.596 E462.56918
G1 X112.155 Y85.46 E462.63563
G1 X111.09 Y84.927 E462.74392
G1 X110.168 Y84.038 E462.86038
G1 X109.708 Y83.349 E462.93571
G1 X109.459 Y82.708 E462.99824
G1 X109.348 Y82.064 E463.05766
G1 X109.348 Y60.322 E465.03465
G1 X109.58 Y59.36 E465.12463
G1 X109.348 Y58.398 E465.21461
G1 X109.348 Y53.985 E465.61588
G1 X85.555 Y53.991 E467.77937
G1 X85.555 Y122.341 E473.99441
G1 X107.998 Y122.343 E476.03514
G1 X108.004 Y99.235 E478.13634
G1 X108.154 Y98.512 E478.20348
G1 X108.396 Y97.942 E478.25979
G1 X108.734 Y97.429 E478.31565
G1 X109.794 Y96.398 E478.45011
G1 X110.742 Y95.925 E478.54645
G1 X111.523 Y95.769 E478.61887
G1 X152.348 Y95.772 E482.33107
G1 X152.368 Y47.847 E486.68887
G1 X152.716 Y46.749 E486.79361
G1 X153.167 Y46.077 E486.8672
G1 X154.143 Y45.147 E486.98979
G1 X155.092 Y44.673 E487.08625
G1 X155.884 Y44.518 E487.15963
G1 X157.458 Y44.541 E487.30277
G1 X158.028 Y44.677 E487.35605
G1 X158.969 Y45.148 E487.45173
G1 X160.133 Y46.312 E487.60141
G1 X160.608 Y47.262 E487.69799
G1 X160.763 Y48.043 E487.77039
G1 X160.763 Y107.55 E493.18134
G1 X160.604 Y108.339 E493.25453
G1 X160.341 Y108.946 E493.31468
G1 X159.998 Y109.452 E493.37027
G1 X159.157 Y110.296 E493.47861
G1 X158.65 Y110.645 E493.53458
G1 X157.972 Y110.935 E493.60163
G1 X157.471 Y111.052 E493.64841
G1 X157.471 Y172.003 E499.19066
G1 X157.352 Y172.664 E499.25173
G1 X157.103 Y173.296 E499.3135
G1 X156.693 Y173.918 E499.38124
G1 X155.675 Y174.899 E499.50979
G1 X154.665 Y175.391 E499.61195
G1 X153.946 Y175.527 E499.67849
G1 X137.91 Y175.527 E501.13664
G1 X137.268 Y176.154 E501.21824
G1 X136.56 Y176.583 E501.29351
G1 X135.798 Y176.838 E501.36658
G1 X129.972 Y176.877 E501.89635
G1 X129.004 Y176.626 E501.98728
G1 X128.204 Y176.156 E502.07165
G1 X127.559 Y175.527 E502.15357
G1 X111.523 Y175.527 E503.61172
G1 X110.742 Y175.372 E503.68412
G1 X109.791 Y174.897 E503.78078
G1 X108.628 Y173.733 E503.9304
G1 X108.153 Y172.783 E504.02698
G1 X107.998 Y172.002 E504.09938
G1 X107.998 Y143.207 E506.7177
G1 X25.822 Y143.209 E514.18993
G1 X25.16 Y143.09 E514.25109
G1 X24.529 Y142.841 E514.31277
G1 X23.907 Y142.431 E514.38051
G1 X22.926 Y141.414 E514.509
G1 X22.434 Y140.403 E514.61124
G1 X22.298 Y139.684 E514.67778
G1 X22.31 Y125.742 E515.94552
G1 X22.453 Y125.086 E516.00657
G1 X22.927 Y124.136 E516.10311
G1 X23.851 Y123.166 E516.22492
G1 X24.272 Y122.85 E516.27279
G1 X25.019 Y122.505 E516.34761
G1 X25.823 Y122.341 E516.42222
G1 X49.865 Y122.341 E518.60835
G1 X49.865 Y53.991 E524.82339
G1 X25.823 Y53.991 E527.00952
G1 X25.018 Y53.827 E527.08422
G1 X24.272 Y53.482 E527.15896
G1 X23.851 Y53.166 E527.20683
G1 X22.927 Y52.196 E527.32864
G1 X22.662 Y51.752 E527.37566
G1 X22.453 Y51.247 E527.42536
G1 X22.298 Y50.466 E527.49776
G1 X22.298 Y36.648 E528.75422
G1 X22.454 Y35.865 E528.82682
G1 X22.691 Y35.307 E528.88195
G1 X23.026 Y34.791 E528.93789
G1 X23.919 Y33.89 E529.05324
G1 X24.281 Y33.638 E529.09335
G1 X24.632 Y34.154 F7800
G1 F1800
G1 X24.702 Y34.106 E529.10107
G1 X25.252 Y33.868 E529.15556
G1 X25.854 Y33.748 E529.21138
G1 X109.631 Y33.754 E536.82919
G1 X110.172 Y33.87 E536.8795
G1 X110.671 Y34.081 E536.92876
G1 X111.234 Y34.446 E536.98977
G1 X111.803 Y34.079 E537.05134
G1 X112.797 Y33.758 E537.14632
G1 X116.659 Y33.752 E537.49749
G1 X117.077 Y33.825 E537.53607
G1 X117.657 Y34.05 E537.59264
G1 X118.074 Y34.308 E537.63723
G1 X118.894 Y35.109 E537.74146
G1 X119.21 Y35.57 E537.79228
G1 X119.533 Y36.544 E537.88559
G1 X119.546 Y58.367 E539.86995
G1 X119.444 Y58.912 E539.92037
G1 X119.261 Y59.36 E539.96437
G1 X119.444 Y59.808 E540.00837
G1 X119.546 Y60.352 E540.0587
G1 X119.546 Y82.036 E542.03042
G1 X119.469 Y82.503 E542.07346
G1 X119.027 Y83.447 E542.16824
G1 X118.185 Y84.32 E542.27853
G1 X117.724 Y84.635 E542.3293
G1 X117.215 Y84.852 E542.37961
G1 X116.616 Y84.972 E542.43516
G1 X112.902 Y84.972 E542.77287
G1 X112.359 Y84.869 E542.82313
G1 X111.497 Y84.452 E542.9102
G1 X110.625 Y83.611 E543.02036
G1 X110.278 Y83.091 E543.0772
G1 X110.053 Y82.512 E543.13368
G1 X109.973 Y82.038 E543.17739
G1 X109.973 Y60.352 E545.14929
G1 X110.075 Y59.808 E545.19962
G1 X110.258 Y59.36 E545.24362
G1 X110.075 Y58.912 E545.28762
G1 X109.973 Y58.367 E545.33804
G1 X109.973 Y53.36 E545.79332
G1 X84.93 Y53.367 E548.07047
G1 X84.93 Y122.966 E554.39908
G1 X108.623 Y122.968 E556.55347
G1 X108.623 Y99.325 E558.70332
G1 X108.742 Y98.726 E558.75885
G1 X109.234 Y97.804 E558.85388
G1 X110.148 Y96.914 E558.96988
G1 X110.953 Y96.514 E559.05162
G1 X111.554 Y96.394 E559.10735
G1 X152.973 Y96.397 E562.87356
G1 X152.986 Y47.949 E567.27892
G1 X153.281 Y47.017 E567.36781
G1 X153.625 Y46.503 E567.42405
G1 X154.497 Y45.662 E567.53421
G1 X155.303 Y45.262 E567.61603
G1 X155.908 Y45.143 E567.6721
G1 X157.412 Y45.165 E567.80887
G1 X158.262 Y45.451 E567.89042
G1 X158.613 Y45.663 E567.92771
G1 X159.618 Y46.668 E568.05695
G1 X160.019 Y47.473 E568.13873
G1 X160.138 Y48.074 E568.19444
G1 X160.138 Y107.519 E573.59975
G1 X160.018 Y108.121 E573.65557
G1 X159.78 Y108.671 E573.71006
G1 X159.534 Y109.032 E573.74978
G1 X158.736 Y109.833 E573.85259
G1 X158.328 Y110.108 E573.89733
G1 X157.761 Y110.346 E573.95324
G1 X156.846 Y110.455 E574.03703
G1 X156.846 Y171.973 E579.63084
G1 X156.744 Y172.516 E579.68108
G1 X156.537 Y173.03 E579.73147
G1 X156.194 Y173.542 E579.78751
G1 X155.322 Y174.383 E579.89767
G1 X154.46 Y174.8 E579.98474
G1 X153.917 Y174.902 E580.03498
G1 X137.531 Y174.902 E581.52495
G1 X137.323 Y175.228 E581.56011
G1 X136.911 Y175.64 E581.61309
G1 X136.266 Y176.03 E581.68163
G1 X135.686 Y176.223 E581.73721
G1 X130.01 Y176.252 E582.25333
G1 X129.283 Y176.065 E582.32159
G1 X128.556 Y175.638 E582.39825
G1 X128.146 Y175.228 E582.45097
G1 X127.938 Y174.902 E582.48613
G1 X111.554 Y174.902 E583.97592
G1 X110.953 Y174.783 E584.03163
G1 X110.148 Y174.382 E584.11341
G1 X109.142 Y173.377 E584.24271
G1 X108.742 Y172.572 E584.32445
G1 X108.623 Y171.971 E584.38016
G1 X108.623 Y142.582 E587.05249
G1 X25.852 Y142.585 E594.57882
G1 X25.309 Y142.482 E594.62908
G1 X24.795 Y142.275 E594.67947
G1 X24.283 Y141.932 E594.73551
G1 X23.442 Y141.06 E594.84567
G1 X23.025 Y140.199 E594.93266
G1 X22.923 Y139.655 E594.98299
G1 X22.929 Y125.837 E596.23946
G1 X23.041 Y125.298 E596.28952
G1 X23.442 Y124.491 E596.37146
G1 X24.281 Y123.62 E596.48143
G1 X24.615 Y123.374 E596.51915
G1 X25.243 Y123.09 E596.58182
G1 X25.854 Y122.966 E596.63851
G1 X50.49 Y122.966 E598.87865
G1 X50.49 Y53.367 E605.20726
G1 X25.854 Y53.367 E607.4474
G1 X25.243 Y53.243 E607.50409
G1 X24.615 Y52.959 E607.56676
G1 X24.281 Y52.712 E607.60453
G1 X23.442 Y51.842 E607.71443
G1 X23.042 Y51.036 E607.79625
G1 X22.923 Y50.436 E607.85187
G1 X22.923 Y36.679 E609.10279
G1 X23.042 Y36.079 E609.15841
G1 X23.528 Y35.164 E609.25262
G1 X24.339 Y34.354 E609.35685
G1 X24.583 Y34.188 E609.38368
G1 X24.875 Y34.758 F7800
G1 F1800
G1 X25.465 Y34.456 E609.44395
G1 X25.884 Y34.373 E609.48279
G1 X109.597 Y34.379 E617.09478
G1 X110.399 Y34.645 E617.17161
G1 X111.235 Y35.385 E617.27313
G1 X112.07 Y34.645 E617.37458
G1 X112.884 Y34.377 E617.45251
G1 X116.587 Y34.373 E617.78922
G1 X116.884 Y34.42 E617.81656
G1 X117.663 Y34.78 E617.89459
G1 X118.433 Y35.532 E617.99246
G1 X118.672 Y35.889 E618.03152
G1 X118.908 Y36.582 E618.09809
G1 X118.922 Y58.335 E620.07608
G1 X118.838 Y58.754 E620.11494
G1 X118.578 Y59.36 E620.1749
G1 X118.838 Y59.966 E620.23486
G1 X118.922 Y60.384 E620.27363
G1 X118.922 Y82.012 E622.24025
G1 X118.874 Y82.309 E622.26761
G1 X118.514 Y83.088 E622.34564
G1 X117.762 Y83.858 E622.44351
G1 X117.405 Y84.097 E622.48257
G1 X116.585 Y84.347 E622.56052
G1 X112.934 Y84.347 E622.8925
G1 X112.514 Y84.263 E622.93145
G1 X111.856 Y83.939 E622.99814
G1 X111.086 Y83.188 E623.09594
G1 X110.662 Y82.368 E623.17988
G1 X110.598 Y82.009 E623.21304
G1 X110.598 Y60.384 E625.17939
G1 X110.681 Y59.966 E625.21814
G1 X110.941 Y59.36 E625.2781
G1 X110.681 Y58.754 E625.33806
G1 X110.598 Y58.335 E625.3769
G1 X110.598 Y52.394 E625.91711
G1 X109.537 Y52.742 E626.01864
G1 X84.306 Y52.742 E628.31288
G1 X84.306 Y123.591 E634.75515
G1 X109.248 Y123.593 E637.02312
G1 X109.248 Y99.356 E639.22698
G1 X109.497 Y98.535 E639.30499
G1 X109.736 Y98.178 E639.34405
G1 X110.506 Y97.427 E639.44185
G1 X111.164 Y97.103 E639.50854
G1 X111.584 Y97.019 E639.54749
G1 X153.597 Y97.022 E643.36771
G1 X153.604 Y48.046 E647.82108
G1 X153.847 Y47.284 E647.89381
G1 X154.086 Y46.927 E647.93287
G1 X154.856 Y46.175 E648.03074
G1 X155.514 Y45.851 E648.09743
G1 X155.935 Y45.768 E648.13645
G1 X157.303 Y45.781 E648.26085
G1 X157.595 Y45.851 E648.28815
G1 X158.254 Y46.175 E648.35492
G1 X159.106 Y47.027 E648.46448
G1 X159.43 Y47.684 E648.53109
G1 X159.513 Y48.104 E648.57002
G1 X159.513 Y107.489 E653.96987
G1 X159.241 Y108.353 E654.05223
G1 X158.315 Y109.37 E654.1773
G1 X157.55 Y109.757 E654.25526
G1 X156.222 Y109.822 E654.37616
G1 X156.222 Y171.941 E660.02461
G1 X155.972 Y172.761 E660.10256
G1 X155.733 Y173.118 E660.14162
G1 X154.963 Y173.87 E660.23949
G1 X154.305 Y174.194 E660.30618
G1 X153.885 Y174.277 E660.34511
G1 X137.167 Y174.277 E661.86527
G1 X136.844 Y174.826 E661.92319
G1 X136.551 Y175.127 E661.96139
G1 X135.974 Y175.476 E662.02271
G1 X135.565 Y175.61 E662.06185
G1 X130.053 Y175.627 E662.56306
G1 X129.493 Y175.475 E662.61582
G1 X128.918 Y175.127 E662.67693
G1 X128.625 Y174.826 E662.71513
G1 X128.302 Y174.277 E662.77305
G1 X111.584 Y174.277 E664.29321
G1 X111.164 Y174.194 E664.33214
G1 X110.507 Y173.87 E664.39875
G1 X109.654 Y173.018 E664.50838
G1 X109.331 Y172.361 E664.57495
G1 X109.248 Y171.941 E664.61388
G1 X109.248 Y141.957 E667.34031
G1 X25.884 Y141.96 E674.92056
G1 X25.064 Y141.71 E674.99851
G1 X24.707 Y141.471 E675.03757
G1 X23.955 Y140.701 E675.13544
G1 X23.631 Y140.044 E675.20205
G1 X23.548 Y139.623 E675.24107
G1 X23.548 Y125.927 E676.48644
G1 X23.631 Y125.507 E676.52537
G1 X23.955 Y124.849 E676.59206
G1 X24.952 Y123.9 E676.71722
G1 X25.462 Y123.675 E676.76791
G1 X25.884 Y123.591 E676.80704
G1 X51.115 Y123.591 E679.10128
G1 X51.115 Y52.742 E685.54355
G1 X25.884 Y52.742 E687.83779
G1 X25.462 Y52.657 E687.87693
G1 X24.708 Y52.255 E687.95463
G1 X23.955 Y51.483 E688.05269
G1 X23.631 Y50.826 E688.1193
G1 X23.548 Y50.405 E688.15832
G1 X23.548 Y36.709 E689.40369
G1 X23.796 Y35.89 E689.4815
G1 X23.995 Y35.581 E689.51492
G1 X24.757 Y34.819 E689.61291
G1 X24.822 Y34.786 E689.61954
G1 X25.172 Y35.288 F7800
G1 F1800
G1 X25.915 Y34.998 E689.69206
G1 X109.561 Y35.004 E697.29796
G1 X110.248 Y35.288 E697.36556
G1 X110.927 Y35.959 E697.45236
G1 X111.235 Y36.373 E697.49928
G1 X111.542 Y35.959 E697.54615
G1 X112.221 Y35.288 E697.63295
G1 X112.778 Y35.029 E697.68881
G1 X116.741 Y35.029 E698.04916
G1 X117.298 Y35.288 E698.10502
G1 X117.971 Y35.953 E698.19105
G1 X118.291 Y36.683 E698.26353
G1 X118.297 Y58.304 E700.22952
G1 X118.105 Y58.892 E700.28576
G1 X117.718 Y59.36 E700.34098
G1 X118.105 Y59.828 E700.3962
G1 X118.297 Y60.415 E700.45236
G1 X118.297 Y81.983 E702.41353
G1 X118.006 Y82.723 E702.48583
G1 X117.138 Y83.532 E702.59372
G1 X116.554 Y83.722 E702.64956
G1 X112.724 Y83.674 E702.99785
G1 X112.221 Y83.431 E703.04865
G1 X111.548 Y82.766 E703.13468
G1 X111.254 Y82.166 E703.19544
G1 X111.222 Y60.415 E705.17325
G1 X111.414 Y59.828 E705.22941
G1 X111.801 Y59.36 E705.28463
G1 X111.414 Y58.892 E705.33985
G1 X111.222 Y58.304 E705.39609
G1 X111.222 Y50.86 E706.07297
G1 X110.289 Y51.793 E706.19295
G1 X109.504 Y52.117 E706.27017
G1 X83.681 Y52.117 E708.61824
G1 X83.681 Y124.216 E715.17417
G1 X109.872 Y124.218 E717.55571
G1 X109.872 Y99.387 E719.81358
G1 X110.198 Y98.6 E719.89104
G1 X110.871 Y97.935 E719.97707
G1 X111.374 Y97.692 E720.02787
G1 X154.222 Y97.647 E723.92402
G1 X154.222 Y48.135 E728.42613
G1 X154.548 Y47.348 E728.50359
G1 X155.221 Y46.683 E728.58962
G1 X155.724 Y46.44 E728.64042
G1 X157.202 Y46.398 E728.77487
G1 X157.889 Y46.683 E728.8425
G1 X158.598 Y47.392 E728.93367
G1 X158.888 Y48.135 E729.00619
G1 X158.888 Y107.458 E734.40041
G1 X158.598 Y108.202 E734.47302
G1 X157.778 Y108.984 E734.57605
G1 X157.203 Y109.195 E734.63174
G1 X155.597 Y109.199 E734.77777
G1 X155.597 Y171.91 E740.48005
G1 X155.271 Y172.697 E740.55751
G1 X154.598 Y173.362 E740.64354
G1 X154.095 Y173.605 E740.69434
G1 X136.799 Y173.652 E742.26706
G1 X136.187 Y174.617 E742.37097
G1 X135.452 Y174.992 E742.446
G1 X130.093 Y175.002 E742.93329
G1 X129.778 Y174.917 E742.96296
G1 X129.282 Y174.617 E743.01567
G1 X128.67 Y173.652 E743.11958
G1 X111.615 Y173.652 E744.67038
G1 X110.872 Y173.362 E744.7429
G1 X110.162 Y172.653 E744.83414
G1 X109.872 Y171.91 E744.90666
G1 X109.872 Y141.332 E747.6871
G1 X25.915 Y141.335 E755.32127
G1 X25.128 Y141.009 E755.39873
G1 X24.463 Y140.336 E755.48476
G1 X24.22 Y139.833 E755.53556
G1 X24.172 Y125.958 E756.79722
G1 X24.463 Y125.215 E756.86978
G1 X25.282 Y124.432 E756.97281
G1 X25.915 Y124.216 E757.03363
G1 X51.739 Y124.216 E759.3818
G1 X51.739 Y52.117 E765.93773
G1 X25.915 Y52.117 E768.2859
G1 X25.282 Y51.9 E768.34675
G1 X24.463 Y51.118 E768.44972
G1 X24.172 Y50.374 E768.52236
G1 X24.172 Y36.74 E769.76209
G1 X24.462 Y35.997 E769.83461
G1 X25.13 Y35.33 E769.92045
G1 E767.92045 F2400
G92 E0
G1 X111.847 Y36.771 F7800
G1 E2 F2400
G1 F1800
G1 X112.012 Y36.373 E2.03918
G1 X112.598 Y35.787 E2.11454
G1 X112.935 Y35.634 E2.14819
G1 X116.523 Y35.622 E2.47445
G1 X116.921 Y35.787 E2.51363
G1 X117.507 Y36.373 E2.58899
G1 X117.672 Y36.771 E2.62817
G1 X117.672 Y58.274 E4.58343
G1 X117.507 Y58.672 E4.62261
G1 X116.819 Y59.36 E4.71108
G1 X117.507 Y60.048 E4.79955
G1 X117.672 Y60.446 E4.83873
G1 X117.672 Y81.949 E6.79399
G1 X117.507 Y82.347 E6.83317
G1 X116.921 Y82.932 E6.90846
G1 X116.584 Y83.085 E6.94211
G1 X112.996 Y83.097 E7.26837
G1 X112.598 Y82.932 E7.30755
G1 X112.012 Y82.347 E7.38284
G1 X111.847 Y81.949 E7.42202
G1 X111.847 Y60.446 E9.37728
G1 X112.012 Y60.048 E9.41646
G1 X112.7 Y59.36 E9.50493
G1 X112.012 Y58.672 E9.5934
G1 X111.847 Y58.274 E9.63258
G1 X111.847 Y36.831 E11.58238
G1 E9.58238 F2400
G92 E0
G1 X113.089 Y59.922 F7800
G1 E2 F2400
G1 F1800
G1 X116.545 Y59.97 E2.31428
G1 X117.047 Y60.539 E2.38328
G1 X117.047 Y81.856 E4.32163
G1 X116.43 Y82.472 E4.40091
G1 X113.089 Y82.472 E4.70471
G1 X112.472 Y81.856 E4.78399
G1 X112.472 Y60.539 E6.72234
G1 X113.046 Y59.965 E6.79615
G1 X113.28 Y60.547 F7800
G1 F1800
G1 X116.239 Y60.547 E7.06521
G1 X116.422 Y60.73 E7.08874
G1 X116.422 Y81.664 E8.99226
G1 X116.239 Y81.847 E9.01579
G1 X113.28 Y81.847 E9.28485
G1 X113.097 Y81.664 E9.30838
G1 X113.097 Y60.73 E11.2119
G1 X113.238 Y60.59 E11.22997
G1 X113.238 Y58.797 F7800
G1 F1800
G1 X113.089 Y58.797 E11.24352
G1 X112.472 Y58.181 E11.3228
G1 X112.472 Y36.864 E13.26115
G1 X113.089 Y36.247 E13.34049
G1 X116.545 Y36.295 E13.65477
G1 X117.047 Y36.864 E13.72377
G1 X117.047 Y58.181 E15.66212
G1 X116.43 Y58.797 E15.7414
G1 X113.298 Y58.797 E16.02619
G1 X113.298 Y58.172 F7800
G1 F1800
G1 X113.28 Y58.172 E16.02783
G1 X113.097 Y57.989 E16.05136
G1 X113.097 Y37.055 E17.95488
G1 X113.28 Y36.872 E17.97841
G1 X116.239 Y36.872 E18.24747
G1 X116.422 Y37.055 E18.271
G1 X116.422 Y57.989 E20.17452
G1 X116.239 Y58.172 E20.19805
G1 X113.358 Y58.172 E20.46002
G1 E18.46002 F2400
G92 E0
G1 X109.82 Y51.361 F7800
G1 E2 F2400
G1 F1800
G1 X109.473 Y51.492 E2.03373
G1 X83.056 Y51.492 E4.43582
G1 X83.056 Y124.84 E11.10532
G1 X109.473 Y124.84 E13.50741
G1 X109.871 Y125.005 E13.54659
G1 X110.497 Y125.631 E13.62709
G1 X110.497 Y99.417 E16.01072
G1 X110.662 Y99.019 E16.0499
G1 X111.248 Y98.434 E16.12519
G1 X111.585 Y98.281 E16.15884
G1 X153.823 Y98.269 E19.99952
G1 X154.221 Y98.434 E20.0387
G1 X154.847 Y99.06 E20.1192
G1 X154.847 Y48.166 E24.74697
G1 X155.012 Y47.768 E24.78615
G1 X155.598 Y47.182 E24.86151
G1 X155.935 Y47.029 E24.89516
G1 X157.115 Y47.017 E25.00246
G1 X157.513 Y47.182 E25.04164
G1 X158.099 Y47.768 E25.117
G1 X158.263 Y48.166 E25.15614
G1 X158.263 Y107.428 E30.54481
G1 X158.099 Y107.826 E30.58395
G1 X157.513 Y108.411 E30.65924
G1 X157.115 Y108.576 E30.69842
G1 X155.935 Y108.564 E30.80572
G1 X155.598 Y108.411 E30.83937
G1 X154.972 Y107.785 E30.91987
G1 X154.972 Y171.879 E36.74791
G1 X154.807 Y172.277 E36.78709
G1 X154.221 Y172.863 E36.86245
G1 X153.884 Y173.016 E36.8961
G1 X136.435 Y173.028 E38.48273
G1 X135.836 Y174.085 E38.5932
G1 X135.334 Y174.378 E38.64605
G1 X130.135 Y174.378 E39.11879
G1 X129.633 Y174.085 E39.17164
G1 X129.034 Y173.028 E39.28211
G1 X111.646 Y173.028 E40.86319
G1 X111.248 Y172.863 E40.90237
G1 X110.662 Y172.277 E40.97773
G1 X110.497 Y171.879 E41.01691
G1 X110.497 Y139.919 E43.92302
G1 X109.871 Y140.545 E44.00352
G1 X109.473 Y140.71 E44.0427
G1 X25.946 Y140.71 E51.63778
G1 X25.548 Y140.545 E51.67696
G1 X24.962 Y139.96 E51.75225
G1 X24.809 Y139.622 E51.78599
G1 X24.797 Y125.989 E53.02563
G1 X24.962 Y125.591 E53.06481
G1 X25.599 Y124.971 E53.14564
G1 X25.946 Y124.84 E53.17937
G1 X52.364 Y124.84 E55.58155
G1 X52.364 Y51.492 E62.25105
G1 X25.946 Y51.492 E64.65323
G1 X25.599 Y51.361 E64.68696
G1 X24.962 Y50.742 E64.76773
G1 X24.797 Y50.344 E64.80691
G1 X24.797 Y36.771 E66.0411
G1 X24.962 Y36.373 E66.08028
G1 X25.548 Y35.787 E66.15564
G1 X25.946 Y35.622 E66.19482
G1 X109.473 Y35.622 E73.7899
G1 X109.871 Y35.787 E73.82908
G1 X110.457 Y36.373 E73.90444
G1 X110.622 Y36.771 E73.94362
G1 X110.622 Y50.344 E75.17781
G1 X110.457 Y50.742 E75.21699
G1 X109.863 Y51.319 E75.29229
G1 E73.29229 F2400
G92 E0
G1 X111.739 Y98.894 F7800
G1 E2 F2400
G1 F1800
G1 X153.845 Y98.941 E5.82868
G1 X154.347 Y99.51 E5.89768
G1 X154.299 Y171.901 E12.48016
G1 X153.73 Y172.403 E12.54916
G1 X135.79 Y172.403 E14.18044
G1 X135.796 Y172.887 E14.22445
G1 X135.354 Y173.668 E14.30605
G1 X135.208 Y173.753 E14.32141
G1 X130.261 Y173.753 E14.77124
G1 X130.115 Y173.668 E14.7866
G1 X129.673 Y172.887 E14.8682
G1 X129.679 Y172.403 E14.91221
G1 X111.624 Y172.355 E16.55395
G1 X111.122 Y171.786 E16.62295
G1 X111.17 Y99.395 E23.20543
G1 X111.694 Y98.934 E23.26889
G1 X111.93 Y99.519 F7800
G1 F1800
G1 X153.539 Y99.519 E27.05238
G1 X153.722 Y99.702 E27.07591
G1 X153.722 Y171.595 E33.61311
G1 X153.539 Y171.778 E33.63664
G1 X134.501 Y171.778 E35.36776
G1 X135.121 Y172.811 E35.47731
G1 X134.942 Y173.128 E35.51041
G1 X130.527 Y173.128 E35.91186
G1 X130.348 Y172.811 E35.94496
G1 X130.968 Y171.778 E36.05451
G1 X111.93 Y171.778 E37.78563
G1 X111.747 Y171.595 E37.80916
G1 X111.747 Y99.702 E44.34636
G1 X111.888 Y99.561 E44.36449
G1 E42.36449 F2400
G92 E0
G1 X155.472 Y99.561 F7800
G1 E2 F2400
G1 F1800
G1 X155.472 Y48.259 E6.66487
G1 X156.089 Y47.642 E6.74421
G1 X157.137 Y47.69 E6.8396
G1 X157.639 Y48.259 E6.9086
G1 X157.639 Y107.335 E12.28036
G1 X157.022 Y107.951 E12.35964
G1 X156.089 Y107.951 E12.44448
G1 X155.472 Y107.335 E12.52376
G1 X155.472 Y99.621 E13.22519
G1 X156.097 Y99.621 F7800
G1 F1800
G1 X156.097 Y48.45 E17.87815
G1 X156.28 Y48.267 E17.90168
G1 X156.831 Y48.267 E17.95178
G1 X157.014 Y48.45 E17.97531
G1 X157.014 Y107.143 E23.31224
G1 X156.831 Y107.326 E23.33577
G1 X156.28 Y107.326 E23.38587
G1 X156.097 Y107.143 E23.4094
G1 X156.097 Y99.681 E24.08792
G1 E22.08792 F2400
G92 E0
G1 X109.997 Y126.082 F7800
G1 E2 F2400
G1 F1800
G1 X109.949 Y139.584 E3.22774
G1 X109.38 Y140.085 E3.29668
G1 X25.924 Y140.037 E10.8853
G1 X25.422 Y139.469 E10.95423
G1 X25.422 Y126.082 E12.1715
G1 X25.924 Y125.513 E12.2405
G1 X52.989 Y125.465 E14.70151
G1 X52.989 Y50.867 E21.48467
G1 X25.924 Y50.819 E23.94568
G1 X25.422 Y50.251 E24.01461
G1 X25.47 Y36.749 E25.24235
G1 X26.039 Y36.247 E25.31135
G1 X109.495 Y36.295 E32.89997
G1 X109.997 Y36.864 E32.96897
G1 X109.997 Y50.251 E34.18624
G1 X109.495 Y50.819 E34.25517
G1 X82.431 Y50.867 E36.71609
G1 X82.431 Y125.465 E43.49925
G1 X109.495 Y125.513 E45.96017
G1 X109.957 Y126.037 E46.02369
G1 X109.372 Y126.273 F7800
G1 F1800
G1 X109.372 Y139.277 E47.20614
G1 X109.189 Y139.46 E47.22967
G1 X26.23 Y139.46 E54.7731
G1 X26.047 Y139.277 E54.79663
G1 X26.047 Y126.273 E55.97908
G1 X26.23 Y126.09 E56.00261
G1 X53.614 Y126.09 E58.49263
G1 X53.614 Y50.242 E65.38946
G1 X26.23 Y50.242 E67.87948
G1 X26.047 Y50.059 E67.90301
G1 X26.047 Y37.055 E69.08546
G1 X26.23 Y36.872 E69.10899
G1 X109.189 Y36.872 E76.65242
G1 X109.372 Y37.055 E76.67595
G1 X109.372 Y50.059 E77.8584
G1 X109.189 Y50.242 E77.88193
G1 X81.806 Y50.242 E80.37185
G1 X81.806 Y126.09 E87.26868
G1 X109.189 Y126.09 E89.7586
G1 X109.33 Y126.231 E89.77673
G1 E87.77673 F2400
G92 E0
G1 X157.89 Y42.193 F7800
G1 E2 F2400
G1 F1800
G1 X157.119 Y41.647 E2.08591
G1 X156.29 Y40.819 E2.19245
G1 X155.746 Y40.051 E2.27803
G1 X155.366 Y39.184 E2.36411
G1 X155.153 Y38.114 E2.46331
G1 X155.202 Y36.115 E2.64513
G1 X155.408 Y35.362 E2.71612
G1 X155.868 Y34.4 E2.81308
G1 X156.324 Y33.807 E2.8811
G1 X157.494 Y32.714 E3.02669
G1 X158.721 Y32.1 E3.15145
G1 X159.862 Y31.873 E3.25723
G1 X224.311 Y31.879 E9.11755
G1 X225.389 Y32.104 E9.21768
G1 X226.606 Y32.714 E9.34146
G1 X227.776 Y33.807 E9.48705
G1 X228.232 Y34.4 E9.55507
G1 X228.692 Y35.362 E9.65203
G1 X228.898 Y36.115 E9.72302
G1 X228.953 Y38.044 E9.89849
G1 X228.718 Y39.233 E10.0087
G1 X228.338 Y40.078 E10.09295
G1 X227.817 Y40.812 E10.1748
G1 X226.99 Y41.638 E10.28108
G1 X226.239 Y42.177 E10.36514
G1 X225.289 Y42.588 E10.45926
G1 X224.296 Y42.783 E10.55128
G1 X159.861 Y42.788 E16.41033
G1 X158.755 Y42.571 E16.51282
G1 X157.945 Y42.217 E16.5932
G1 X158.196 Y41.644 F7800
G1 F1800
G1 X158.17 Y41.633 E16.59577
G1 X157.542 Y41.187 E16.66581
G1 X156.75 Y40.395 E16.76766
G1 X156.303 Y39.766 E16.83783
G1 X155.972 Y39.026 E16.91154
G1 X155.772 Y38.025 E17.00436
G1 X155.815 Y36.239 E17.16681
G1 X155.986 Y35.601 E17.22687
G1 X156.386 Y34.75 E17.31237
G1 X156.772 Y34.243 E17.37031
G1 X157.842 Y33.234 E17.50404
G1 X158.931 Y32.689 E17.61477
G1 X159.892 Y32.498 E17.70386
G1 X224.278 Y32.504 E23.55845
G1 X225.177 Y32.693 E23.64198
G1 X226.258 Y33.234 E23.7519
G1 X227.328 Y34.243 E23.88563
G1 X227.714 Y34.75 E23.94357
G1 X228.114 Y35.601 E24.02907
G1 X228.285 Y36.239 E24.08913
G1 X228.328 Y38.024 E24.25149
G1 X228.133 Y39.013 E24.34315
G1 X227.808 Y39.745 E24.41598
G1 X227.355 Y40.39 E24.48765
G1 X226.566 Y41.179 E24.58911
G1 X225.959 Y41.617 E24.65717
G1 X225.074 Y42 E24.74486
G1 X224.21 Y42.163 E24.82481
G1 X159.891 Y42.163 E30.67331
G1 X158.973 Y41.984 E30.75836
G1 X158.251 Y41.668 E30.83002
G1 X158.505 Y41.098 F7800
G1 F1800
G1 X158.455 Y41.076 E30.83499
G1 X157.966 Y40.727 E30.88962
G1 X157.212 Y39.973 E30.98658
G1 X156.833 Y39.434 E31.04649
G1 X156.558 Y38.807 E31.10875
G1 X156.397 Y38.003 E31.18331
G1 X156.43 Y36.359 E31.33283
G1 X156.566 Y35.836 E31.38197
G1 X156.907 Y35.097 E31.45598
G1 X157.223 Y34.676 E31.50385
G1 X158.193 Y33.752 E31.62566
G1 X159.142 Y33.278 E31.72212
G1 X159.923 Y33.123 E31.79452
G1 X224.245 Y33.129 E37.64329
G1 X224.964 Y33.281 E37.71011
G1 X225.907 Y33.752 E37.80596
G1 X226.877 Y34.676 E37.92777
G1 X227.193 Y35.097 E37.97564
G1 X227.534 Y35.836 E38.04965
G1 X227.67 Y36.359 E38.09879
G1 X227.703 Y38.002 E38.24822
G1 X227.546 Y38.795 E38.32173
G1 X227.276 Y39.416 E38.3833
G1 X226.893 Y39.968 E38.44439
G1 X226.141 Y40.721 E38.54116
G1 X225.674 Y41.06 E38.59363
G1 X224.918 Y41.394 E38.66878
G1 X224.179 Y41.538 E38.73724
G1 X159.923 Y41.538 E44.58001
G1 X159.133 Y41.379 E44.65328
G1 X158.56 Y41.123 E44.71035
G1 X158.809 Y40.555 F7800
G1 F1800
G1 X158.787 Y40.546 E44.71251
G1 X158.388 Y40.265 E44.75689
G1 X157.674 Y39.552 E44.84864
G1 X157.366 Y39.106 E44.89793
G1 X157.145 Y38.592 E44.9488
G1 X157.023 Y37.978 E45.00572
G1 X157.045 Y36.474 E45.14249
G1 X157.43 Y35.44 E45.24282
G1 X157.677 Y35.107 E45.28052
G1 X158.547 Y34.268 E45.39042
G1 X159.353 Y33.867 E45.47228
G1 X159.954 Y33.748 E45.52799
G1 X224.212 Y33.754 E51.37094
G1 X224.751 Y33.869 E51.42105
G1 X225.553 Y34.267 E51.50246
G1 X226.423 Y35.107 E51.61242
G1 X226.67 Y35.44 E51.65012
G1 X227.055 Y36.474 E51.75045
G1 X227.077 Y37.978 E51.88722
G1 X226.958 Y38.582 E51.9432
G1 X226.741 Y39.091 E51.99351
G1 X226.43 Y39.548 E52.04377
G1 X225.385 Y40.506 E52.17268
G1 X224.757 Y40.79 E52.23535
G1 X224.146 Y40.913 E52.29202
G1 X159.954 Y40.913 E58.12897
G1 X159.351 Y40.793 E58.18488
G1 X158.863 Y40.579 E58.23333
G1 X159.113 Y40.012 F7800
G1 F1800
G1 X158.136 Y39.129 E58.35307
G1 X157.733 Y38.376 E58.43073
G1 X157.648 Y37.951 E58.47014
G1 X157.661 Y36.583 E58.59454
G1 X157.957 Y35.778 E58.67253
G1 X158.906 Y34.78 E58.79776
G1 X159.564 Y34.456 E58.86445
G1 X159.984 Y34.373 E58.90338
G1 X224.178 Y34.379 E64.74051
G1 X224.537 Y34.457 E64.77392
G1 X225.194 Y34.78 E64.84049
G1 X226.143 Y35.778 E64.96572
G1 X226.439 Y36.583 E65.04371
G1 X226.452 Y37.951 E65.16811
G1 X226.369 Y38.372 E65.20713
G1 X225.965 Y39.129 E65.28515
G1 X225.048 Y39.979 E65.39884
G1 X224.538 Y40.204 E65.44953
G1 X224.116 Y40.288 E65.48866
G1 X159.984 Y40.288 E71.32016
G1 X159.17 Y40.03 E71.39781
G1 X159.424 Y39.419 F7800
G1 F1800
G1 X159.227 Y39.337 E71.41721
G1 X158.489 Y38.554 E71.51505
G1 X158.273 Y37.922 E71.57578
G1 X158.278 Y36.684 E71.68835
G1 X158.489 Y36.107 E71.74421
G1 X159.271 Y35.288 E71.84718
G1 X160.015 Y34.998 E71.91979
G1 X224.142 Y35.004 E77.75083
G1 X224.829 Y35.288 E77.81843
G1 X225.611 Y36.107 E77.9214
G1 X225.822 Y36.684 E77.97726
G1 X225.827 Y37.922 E78.08983
G1 X225.501 Y38.709 E78.16729
G1 X224.87 Y39.34 E78.24843
G1 X224.085 Y39.663 E78.32562
G1 X160.015 Y39.663 E84.15148
G1 X159.479 Y39.441 E84.20423
G1 X159.704 Y38.897 F7800
G1 F1800
G1 X159.648 Y38.874 E84.20973
G1 X159.062 Y38.288 E84.28509
G1 X158.897 Y37.89 E84.32427
G1 X158.897 Y36.771 E84.42602
G1 X159.028 Y36.424 E84.45975
G1 X159.648 Y35.787 E84.54058
G1 X160.046 Y35.622 E84.57976
G1 X224.054 Y35.622 E90.39998
G1 X224.452 Y35.787 E90.43916
G1 X225.072 Y36.424 E90.51999
G1 X225.203 Y36.771 E90.55372
G1 X225.203 Y37.89 E90.65547
G1 X225.038 Y38.288 E90.69465
G1 X224.452 Y38.874 E90.77001
G1 X224.054 Y39.039 E90.80919
G1 X160.046 Y39.039 E96.62941
G1 X159.76 Y38.92 E96.65758
G1 X160.139 Y38.414 F7800
G1 F1800
G1 X159.522 Y37.797 E96.73692
G1 X159.522 Y36.864 E96.82176
G1 X160.139 Y36.247 E96.9011
G1 X224.076 Y36.295 E102.71487
G1 X224.578 Y36.864 E102.78387
G1 X224.578 Y37.797 E102.86871
G1 X223.961 Y38.414 E102.94805
G1 X160.199 Y38.414 E108.7459
G1 X160.33 Y37.789 F7800
G1 F1800
G1 X160.147 Y37.606 E108.76943
G1 X160.147 Y37.055 E108.81953
G1 X160.33 Y36.872 E108.84306
G1 X223.77 Y36.872 E114.61163
G1 X223.953 Y37.055 E114.63516
G1 X223.953 Y37.606 E114.68526
G1 X223.77 Y37.789 E114.70879
G1 X160.39 Y37.789 E120.47191
G92 E0
G1 X160.605 Y37.331 F7800
;TYPE:External perimeter
;WIDTH:0.415111
G1 F1800
G1 X223.495 Y37.331 E3.11145
G1 X223.095 Y37.331 F7800
G1 E1.11145 F2400
G92 E0
G1 X132.735 Y170.414 F7800
G1 E2 F2400
;TYPE:Perimeter
;WIDTH:0.7
G1 F1800
G1 X132.571 Y170.216 E2.02338
G1 X132.306 Y170.041 E2.05226
G1 X132.037 Y169.932 E2.07865
G1 X131.586 Y169.866 E2.1201
G1 X113.659 Y169.866 E3.75019
G1 X113.659 Y101.431 E9.97295
G1 X151.81 Y101.431 E13.442
G1 X151.81 Y169.866 E19.66476
G1 X133.808 Y169.866 E21.30167
G1 X133.327 Y169.968 E21.34638
G1 X132.898 Y170.216 E21.39144
G1 X132.773 Y170.367 E21.40926
G1 X133.08 Y170.958 F7800
G1 F1800
G1 X133.056 Y170.986 E21.41261
G1 X132.949 Y171.509 E21.46115
G1 X133.032 Y171.696 E21.47975
;WIDTH:0.656951
G1 X133.115 Y171.883 E21.49707
;WIDTH:0.613902
G1 X132.354 Y171.883 E21.55673
;WIDTH:0.656951
G1 X132.437 Y171.696 E21.57405
;WIDTH:0.7
G1 X132.52 Y171.509 E21.59265
G1 X132.413 Y170.986 E21.64119
G1 X132.177 Y170.7 E21.67491
G1 X131.92 Y170.552 E21.70188
G1 X131.586 Y170.49 E21.73277
G1 X113.034 Y170.49 E23.41969
G1 X113.034 Y100.806 E29.75602
G1 X152.435 Y100.806 E33.33873
G1 X152.435 Y170.49 E39.67506
G1 X133.883 Y170.49 E41.36198
G1 X133.613 Y170.53 E41.3868
G1 X133.292 Y170.7 E41.41983
G1 X133.118 Y170.912 E41.44477
G1 X133.623 Y171.267 F7800
;TYPE:External perimeter
G1 F1800
G1 X133.608 Y171.281 E41.44664
G1 X133.572 Y171.455 E41.4628
G1 X133.615 Y171.588 E41.47551
G1 X134.141 Y172.465 E41.5685
G1 X131.328 Y172.465 E41.82428
G1 X131.9 Y171.512 E41.92535
G1 X131.861 Y171.281 E41.94665
G1 X131.783 Y171.185 E41.9579
G1 X131.586 Y171.115 E41.97691
G1 X112.41 Y171.115 E43.72057
G1 X112.41 Y100.181 E50.17056
G1 X153.06 Y100.181 E53.86685
G1 X153.06 Y171.115 E60.31684
G1 X133.795 Y171.115 E62.0686
G1 X133.668 Y171.228 E62.08406
G1 X133.648 Y171.627 F7800
G1 E60.08406 F2400
G92 E0
G1 X151.622 Y102.892 F7800
G1 E2 F2400
;TYPE:Solid infill
;WIDTH:0.704734
G1 F1800
G1 X150.63 Y101.9 E2.12853
G1 X149.74 Y101.9 E2.21007
G1 X151.341 Y103.501 E2.41751
G1 X151.341 Y104.391 E2.49905
G1 X148.849 Y101.9 E2.82187
G1 X147.959 Y101.9 E2.90341
G1 X151.341 Y105.282 E3.34161
G1 X151.341 Y106.172 E3.42315
G1 X147.069 Y101.9 E3.97666
G1 X146.178 Y101.9 E4.05829
G1 X151.341 Y107.063 E4.72725
G1 X151.341 Y107.953 E4.80879
G1 X145.288 Y101.9 E5.59306
G1 X144.397 Y101.9 E5.67469
G1 X151.341 Y108.843 E6.57435
G1 X151.341 Y109.734 E6.65598
G1 X143.507 Y101.9 E7.67102
G1 X142.616 Y101.9 E7.75265
G1 X151.341 Y110.624 E8.88307
G1 X151.341 Y111.515 E8.9647
G1 X141.726 Y101.9 E10.2105
G1 X140.836 Y101.9 E10.29204
G1 X151.341 Y112.405 E11.65315
G1 X151.341 Y113.295 E11.73469
G1 X139.945 Y101.9 E13.21118
G1 X139.055 Y101.9 E13.29272
G1 X151.341 Y114.186 E14.88459
G1 X151.341 Y115.076 E14.96613
G1 X138.164 Y101.9 E16.67338
G1 X137.274 Y101.9 E16.75492
G1 X151.341 Y115.967 E18.57755
G1 X151.341 Y116.857 E18.65909
G1 X136.384 Y101.9 E20.59704
G1 X135.493 Y101.9 E20.67867
G1 X151.341 Y117.748 E22.73206
G1 X151.341 Y118.638 E22.8136
G1 X134.603 Y101.9 E24.98231
G1 X133.712 Y101.9 E25.06394
G1 X151.341 Y119.528 E27.34803
G1 X151.341 Y120.419 E27.42966
G1 X132.822 Y101.9 E29.82913
G1 X131.931 Y101.9 E29.91076
G1 X151.341 Y121.309 E32.42561
G1 X151.341 Y122.2 E32.50724
G1 X131.041 Y101.9 E35.13747
G1 X130.151 Y101.9 E35.21901
G1 X151.341 Y123.09 E37.96456
G1 X151.341 Y123.981 E38.04619
G1 X129.26 Y101.9 E40.90718
G1 X128.37 Y101.9 E40.98872
G1 X151.341 Y124.871 E43.96503
G1 X151.341 Y125.761 E44.04657
G1 X127.479 Y101.9 E47.13826
G1 X126.589 Y101.9 E47.2198
G1 X151.341 Y126.652 E50.42687
G1 X151.341 Y127.542 E50.50841
G1 X125.698 Y101.9 E53.83086
G1 X124.808 Y101.9 E53.9124
G1 X151.341 Y128.433 E57.35023
G1 X151.341 Y129.323 E57.43177
G1 X123.918 Y101.9 E60.98491
G1 X123.027 Y101.9 E61.06654
G1 X151.341 Y130.213 E64.73506
G1 X151.341 Y131.104 E64.81669
G1 X122.137 Y101.9 E68.60059
G1 X121.246 Y101.9 E68.68222
G1 X151.341 Y131.994 E72.5815
G1 X151.341 Y132.885 E72.66313
G1 X120.356 Y101.9 E76.67779
G1 X119.466 Y101.9 E76.75933
G1 X151.341 Y133.775 E80.88931
G1 X151.341 Y134.666 E80.97094
G1 X118.575 Y101.9 E85.21636
G1 X117.685 Y101.9 E85.2979
G1 X151.341 Y135.556 E89.65864
G1 X151.341 Y136.446 E89.74018
G1 X116.794 Y101.9 E94.2163
G1 X115.904 Y101.9 E94.29784
G1 X151.341 Y137.337 E98.88934
G1 X151.341 Y138.227 E98.97088
G1 X115.013 Y101.9 E103.67776
G1 X114.128 Y101.9 E103.75884
G1 X151.341 Y139.118 E108.58078
G1 X151.341 Y140.008 E108.66232
G1 X114.128 Y102.795 E113.48393
G1 X114.128 Y103.685 E113.56547
G1 X151.341 Y140.899 E118.38715
G1 X151.341 Y141.789 E118.46869
G1 X114.128 Y104.576 E123.2903
G1 X114.128 Y105.466 E123.37184
G1 X151.341 Y142.679 E128.19345
G1 X151.341 Y143.57 E128.27508
G1 X114.128 Y106.357 E133.09669
G1 X114.128 Y107.247 E133.17823
G1 X151.341 Y144.46 E137.99984
G1 X151.341 Y145.351 E138.08147
G1 X114.128 Y108.138 E142.90308
G1 X114.128 Y109.028 E142.98462
G1 X151.341 Y146.241 E147.80623
G1 X151.341 Y147.131 E147.88777
G1 X114.128 Y109.918 E152.70938
G1 X114.128 Y110.809 E152.79101
G1 X151.341 Y148.022 E157.61262
G1 X151.341 Y148.912 E157.69416
G1 X114.128 Y111.699 E162.51577
G1 X114.128 Y112.59 E162.5974
G1 X151.341 Y149.803 E167.41901
G1 X151.341 Y150.693 E167.50055
G1 X114.128 Y113.48 E172.32216
G1 X114.128 Y114.37 E172.4037
G1 X151.341 Y151.584 E177.22538
G1 X151.341 Y152.474 E177.30692
G1 X114.128 Y115.261 E182.12853
G1 X114.128 Y116.151 E182.21007
G1 X151.341 Y153.364 E187.03168
G1 X151.341 Y154.255 E187.11331
G1 X114.128 Y117.042 E191.93492
G1 X114.128 Y117.932 E192.01646
G1 X151.341 Y155.145 E196.83807
G1 X151.341 Y156.036 E196.9197
G1 X114.128 Y118.823 E201.74131
G1 X114.128 Y119.713 E201.82285
G1 X151.341 Y156.926 E206.64446
G1 X151.341 Y157.817 E206.72609
G1 X114.128 Y120.603 E211.54777
G1 X114.128 Y121.494 E211.6294
G1 X151.341 Y158.707 E216.45101
G1 X151.341 Y159.597 E216.53255
G1 X114.128 Y122.384 E221.35416
G1 X114.128 Y123.275 E221.43579
G1 X151.341 Y160.488 E226.2574
G1 X151.341 Y161.378 E226.33894
G1 X114.128 Y124.165 E231.16055
G1 X114.128 Y125.056 E231.24218
G1 X151.341 Y162.269 E236.06379
G1 X151.341 Y163.159 E236.14533
G1 X114.128 Y125.946 E240.96694
G1 X114.128 Y126.836 E241.04848
G1 X151.341 Y164.05 E245.87016
G1 X151.341 Y164.94 E245.9517
G1 X114.128 Y127.727 E250.77331
G1 X114.128 Y128.617 E250.85485
G1 X151.341 Y165.83 E255.67646
G1 X151.341 Y166.721 E255.75809
G1 X114.128 Y129.508 E260.5797
G1 X114.128 Y130.398 E260.66124
G1 X151.341 Y167.611 E265.48285
G1 X151.341 Y168.502 E265.56448
G1 X114.128 Y131.288 E270.38616
G1 X114.128 Y132.179 E270.46779
G1 X151.341 Y169.397 E275.28973
G1 X150.455 Y169.397 E275.3709
G1 X114.128 Y133.069 E280.07778
G1 X114.128 Y133.96 E280.15941
G1 X149.565 Y169.397 E284.75091
G1 X148.675 Y169.397 E284.83245
G1 X114.128 Y134.85 E289.30863
G1 X114.128 Y135.741 E289.39026
G1 X147.784 Y169.397 E293.751
G1 X146.894 Y169.397 E293.83254
G1 X114.128 Y136.631 E298.07796
G1 X114.128 Y137.521 E298.1595
G1 X146.003 Y169.397 E302.28954
G1 X145.113 Y169.397 E302.37108
G1 X114.128 Y138.412 E306.38574
G1 X114.128 Y139.302 E306.46728
G1 X144.223 Y169.397 E310.36663
G1 X143.332 Y169.397 E310.44826
G1 X114.128 Y140.193 E314.23216
G1 X114.128 Y141.083 E314.3137
G1 X142.442 Y169.397 E317.98229
G1 X141.551 Y169.397 E318.06392
G1 X114.128 Y141.974 E321.61706
G1 X114.128 Y142.864 E321.6986
G1 X140.661 Y169.397 E325.13643
G1 X139.77 Y169.397 E325.21806
G1 X114.128 Y143.754 E328.54051
G1 X114.128 Y144.645 E328.62214
G1 X138.88 Y169.397 E331.82921
G1 X137.99 Y169.397 E331.91075
G1 X114.128 Y145.535 E335.0025
G1 X114.128 Y146.426 E335.08413
G1 X137.099 Y169.397 E338.06044
G1 X136.209 Y169.397 E338.14198
G1 X114.128 Y147.316 E341.00297
G1 X114.128 Y148.206 E341.08451
G1 X135.318 Y169.397 E343.83012
G1 X134.428 Y169.397 E343.91166
G1 X114.128 Y149.097 E346.54189
G1 X114.128 Y149.987 E346.62343
G1 X133.566 Y169.425 E349.14197
G1 X133.162 Y169.529 E349.18019
G1 X132.903 Y169.653 E349.2065
G1 X114.128 Y150.878 E351.63914
G1 X114.128 Y151.768 E351.72068
G1 X131.773 Y169.413 E354.00691
G1 X131.593 Y169.397 E354.02347
G1 X130.866 Y169.397 E354.09008
G1 X114.128 Y152.659 E356.25879
G1 X114.128 Y153.549 E356.34033
G1 X129.976 Y169.397 E358.39372
G1 X129.085 Y169.397 E358.47535
G1 X114.128 Y154.439 E360.41336
G1 X114.128 Y155.33 E360.49499
G1 X128.195 Y169.397 E362.31762
G1 X127.305 Y169.397 E362.39916
G1 X114.128 Y156.22 E364.10648
G1 X114.128 Y157.111 E364.18811
G1 X126.414 Y169.397 E365.77998
G1 X125.524 Y169.397 E365.86152
G1 X114.128 Y158.001 E367.33808
G1 X114.128 Y158.892 E367.41971
G1 X124.633 Y169.397 E368.78082
G1 X123.743 Y169.397 E368.86236
G1 X114.128 Y159.782 E370.10816
G1 X114.128 Y160.672 E370.1897
G1 X122.852 Y169.397 E371.32012
G1 X121.962 Y169.397 E371.40166
G1 X114.128 Y161.563 E372.4167
G1 X114.128 Y162.453 E372.49824
G1 X121.072 Y169.397 E373.39796
G1 X120.181 Y169.397 E373.47959
G1 X114.128 Y163.344 E374.26386
G1 X114.128 Y164.234 E374.3454
G1 X119.291 Y169.397 E375.01436
G1 X118.4 Y169.397 E375.09599
G1 X114.128 Y165.124 E375.64957
G1 X114.128 Y166.015 E375.7312
G1 X117.51 Y169.397 E376.1694
G1 X116.619 Y169.397 E376.25103
G1 X114.128 Y166.905 E376.57385
G1 X114.128 Y167.796 E376.65548
G1 X115.729 Y169.397 E376.86292
G1 X114.839 Y169.397 E376.94446
G1 X113.847 Y168.405 E377.07299
G1 E375.07299 F2400
G92 E0
G1 X156.555 Y106.868 F7800
G1 E2 F2400
;TYPE:External perimeter
;WIDTH:0.415111
G1 F1800
G1 X156.555 Y48.726 E4.87654
G1 X156.555 Y49.126 F7800
G1 E2.87654 F2400
G92 E0
G1 X114.416 Y61.866 F7800
G1 E2 F2400
;TYPE:Perimeter
;WIDTH:0.76267
G1 F1800
G1 X115.103 Y61.866 E2.06873
G1 X115.103 Y80.528 E3.93584
G1 X114.416 Y80.528 E4.00457
G1 X114.416 Y61.926 E5.86568
G1 X113.76 Y61.21 F7800
;TYPE:External perimeter
;WIDTH:0.7
G1 F1800
G1 X115.76 Y61.21 E6.04754
G1 X115.76 Y81.185 E7.86386
G1 X113.76 Y81.185 E8.04572
G1 X113.76 Y61.27 E9.85658
G1 X114.155 Y61.21 F7800
G1 E7.85658 F2400
G92 E0
G1 X114.416 Y56.853 F7800
G1 E2 F2400
;TYPE:Perimeter
;WIDTH:0.76267
G1 F1800
G1 X114.416 Y38.191 E3.86711
G1 X115.103 Y38.191 E3.93584
G1 X115.103 Y56.853 E5.80295
G1 X114.476 Y56.853 E5.86568
G1 X113.76 Y57.51 F7800
;TYPE:External perimeter
;WIDTH:0.7
G1 F1800
G1 X113.76 Y37.535 E7.682
G1 X115.76 Y37.535 E7.86386
G1 X115.76 Y57.51 E9.68018
G1 X113.82 Y57.51 E9.85658
G1 X113.76 Y57.114 F7800
G1 E7.85658 F2400
G92 E0
G1 X102.081 Y44.705 F7800
G1 E2 F2400
G1 F1800
G1 X102.125 Y44.599 E2.01044
G1 X102.293 Y44.447 E2.03104
G1 X102.571 Y44.356 E2.05764
G1 X102.833 Y44.356 E2.08146
G1 X102.833 Y43.23 E2.18385
G1 X102.668 Y43.287 E2.19972
G1 X102.393 Y43.269 E2.22478
G1 X102.132 Y43.06 E2.25518
G1 X102.102 Y42.949 E2.26564
;WIDTH:0.667869
G1 X102.072 Y42.838 E2.27556
;WIDTH:0.661332
G1 X102.275 Y42.306 E2.32413
;WIDTH:0.7
G1 X102.741 Y41.972 E2.37626
G1 X103.163 Y41.706 E2.42162
G1 X103.423 Y41.66 E2.44563
G1 X103.747 Y41.789 E2.47734
G1 X103.845 Y41.915 E2.49185
G1 X103.939 Y42.203 E2.5194
G1 X103.939 Y44.356 E2.71517
G1 X104.321 Y44.381 E2.74998
G1 X104.594 Y44.524 E2.778
G1 X104.746 Y44.855 E2.81112
G1 X104.727 Y45.029 E2.82704
G1 X104.579 Y45.309 E2.85584
G1 X104.244 Y45.462 E2.88933
G1 X102.571 Y45.462 E3.04146
G1 X102.243 Y45.347 E3.07306
G1 X102.114 Y45.194 E3.09126
G1 X102.045 Y45.029 E3.10752
G1 X102.045 Y44.79 E3.12925
G1 X102.058 Y44.76 E3.13222
G1 X102.322 Y44.46 F7800
G1 E1.13222 F2400
G92 E0
G1 X98.62 Y42.704 F7800
G1 E2 F2400
;WIDTH:0.415111
G1 F1800
G1 X98.503 Y42.47 E2.01294
G1 E.01294 F2400
G92 E0
G1 X95.201 Y44.728 F7800
G1 E2 F2400
G1 F1800
G1 X95.277 Y44.647 E2.0055
G1 E.0055 F2400
G92 E0
G1 X94.897 Y46.65 F7800
G1 E2 F2400
;TYPE:Perimeter
;WIDTH:0.7
G1 F1800
G1 X94.47 Y46.712 E2.03923
G1 X92.841 Y46.712 E2.18735
G1 X92.304 Y46.614 E2.23699
G1 X91.952 Y46.712 E2.27021
G1 X89.056 Y46.712 E2.53354
G1 X88.663 Y46.664 E2.56954
G1 X88.279 Y46.534 E2.6064
G1 X88.11 Y46.441 E2.62394
G1 X87.754 Y46.598 E2.65932
G1 X87.438 Y46.689 E2.68922
G1 X86.898 Y46.689 E2.73832
G1 X86.4 Y46.523 E2.78605
G1 X86.014 Y46.293 E2.82691
G1 X85.733 Y45.997 E2.86402
G1 X85.487 Y45.517 E2.91306
G1 X85.37 Y45.038 E2.9579
G1 X85.366 Y43.919 E3.05965
G1 X85.042 Y43.817 E3.09054
G1 X84.622 Y43.556 E3.1355
G1 X84.317 Y43.198 E3.17826
G1 X84.088 Y42.683 E3.22951
G1 X84.024 Y42.385 E3.25722
G1 X84.044 Y41.899 E3.30145
G1 X84.203 Y41.438 E3.34579
G1 X84.378 Y41.123 E3.37856
G1 X84.657 Y40.826 E3.41561
G1 X85.209 Y40.525 E3.47278
G1 X85.623 Y40.404 E3.512
G1 X88.523 Y40.404 E3.7757
G1 X89.06 Y40.501 E3.82532
G1 X89.412 Y40.404 E3.85852
G1 X91.226 Y40.404 E4.02347
G1 X91.763 Y40.501 E4.07309
G1 X92.115 Y40.404 E4.10629
G1 X95.01 Y40.404 E4.36953
G1 X95.547 Y40.501 E4.41915
G1 X95.899 Y40.404 E4.45235
G1 X97.713 Y40.404 E4.6173
G1 X99.096 Y40.433 E4.74308
G1 X99.655 Y40.626 E4.79685
G1 X99.987 Y40.878 E4.83475
G1 X100.142 Y41.037 E4.85494
G1 X100.485 Y40.718 E4.89753
G1 X100.993 Y40.476 E4.9487
G1 X101.58 Y40.421 E5.00231
G1 X102.134 Y40.52 E5.05348
G1 X102.437 Y40.677 E5.08451
G1 X102.896 Y40.479 E5.12996
G1 X103.401 Y40.406 E5.17636
G1 X103.901 Y40.499 E5.2226
G1 X104.511 Y40.799 E5.28441
G1 X104.817 Y41.112 E5.32421
G1 X105.067 Y41.599 E5.37399
G1 X105.189 Y42.203 E5.43002
G1 X105.189 Y43.448 E5.54323
G1 X105.5 Y43.663 E5.57761
G1 X105.811 Y44.141 E5.62946
G1 X105.977 Y44.639 E5.67719
G1 X105.977 Y45.179 E5.72629
G1 X105.811 Y45.677 E5.77402
G1 X105.427 Y46.228 E5.83509
G1 X104.971 Y46.52 E5.88433
G1 X104.4 Y46.712 E5.93911
G1 X102.571 Y46.712 E6.10542
G1 X101.968 Y46.59 E6.16136
G1 X101.598 Y46.418 E6.19846
G1 X101.338 Y46.238 E6.22721
G1 X100.942 Y46.525 E6.27168
G1 X100.505 Y46.671 E6.31358
G1 X100.05 Y46.694 E6.35501
G1 X99.343 Y46.525 E6.42111
G1 X98.937 Y46.229 E6.4668
G1 X98.519 Y46.506 E6.5124
G1 X97.914 Y46.712 E6.57051
G1 X96.084 Y46.712 E6.73691
G1 X95.459 Y46.694 E6.79376
G1 X94.956 Y46.653 E6.83965
G1 E4.83965 F2400
G92 E0
G1 X88.934 Y43.747 F7800
G1 E2 F2400
;WIDTH:0.467772
G1 F1800
G1 X88.527 Y43.991 E2.02711
G1 X88.23 Y44.263 E2.05012
G1 X88.23 Y43.341 E2.1028
G1 X88.515 Y43.648 E2.12673
G1 X88.746 Y43.747 E2.14109
G1 X88.874 Y43.747 E2.1484
G1 E.1484 F2400
G92 E0
G1 X101.641 Y44.357 F7800
G1 E2 F2400
;WIDTH:0.532273
G1 F1800
G1 X101.752 Y44.096 E2.01887
;WIDTH:0.496439
G1 X101.862 Y43.836 E2.03618
;WIDTH:0.460605
G1 X101.972 Y43.575 E2.05207
;WIDTH:0.424772
G1 X102.117 Y43.681 E2.06121
G1 X102.327 Y43.754 E2.07252
G1 X102.346 Y43.911 E2.08057
G1 X102.096 Y44.001 E2.09409
;WIDTH:0.460605
G1 X101.944 Y44.12 E2.10492
;WIDTH:0.496439
G1 X101.793 Y44.238 E2.11667
;WIDTH:0.532273
G1 X101.689 Y44.32 E2.12548
G1 X101.504 Y44.661 F7800
;WIDTH:0.558385
G1 F1800
G1 X101.641 Y44.357 E2.14893
G1 E.14893 F2400
G92 E0
G1 X95.114 Y46.004 F7800
G1 E2 F2400
;WIDTH:0.7
G1 F1800
G1 X94.993 Y45.949 E2.01209
G1 X94.59 Y46.087 E2.05082
G1 X92.841 Y46.087 E2.20986
G1 X92.477 Y46.013 E2.24364
G1 X92.287 Y45.948 E2.2619
G1 X91.888 Y46.087 E2.30032
G1 X89.056 Y46.087 E2.55783
G1 X88.627 Y46.005 E2.59754
G1 X88.305 Y45.795 E2.6325
G1 X88.116 Y45.587 E2.65806
G1 X87.957 Y45.784 E2.68108
G1 X87.697 Y45.946 E2.70894
G1 X87.33 Y46.073 E2.74425
G1 X87.006 Y46.073 E2.77371
G1 X86.639 Y45.946 E2.80902
G1 X86.407 Y45.808 E2.83357
G1 X86.239 Y45.63 E2.85583
G1 X86.063 Y45.275 E2.89186
G1 X85.99 Y44.913 E2.92544
G1 X85.99 Y43.384 E3.06447
G1 X85.451 Y43.311 E3.11393
G1 X85.032 Y43.084 E3.15726
G1 X84.81 Y42.8 E3.19004
G1 X84.683 Y42.492 E3.22033
G1 X84.639 Y42.178 E3.24916
G1 X84.709 Y41.848 E3.27983
G1 X84.885 Y41.488 E3.31627
G1 X85.053 Y41.31 E3.33853
G1 X85.451 Y41.101 E3.37941
G1 X85.813 Y41.029 E3.41297
G1 X88.523 Y41.029 E3.65939
G1 X88.885 Y41.101 E3.69295
G1 X89.075 Y41.168 E3.71127
G1 X89.476 Y41.029 E3.74986
G1 X91.226 Y41.029 E3.90899
G1 X91.59 Y41.102 E3.94275
G1 X91.78 Y41.168 E3.96104
G1 X92.178 Y41.029 E3.99937
G1 X95.01 Y41.029 E4.25688
G1 X95.373 Y41.101 E4.29053
G1 X95.562 Y41.168 E4.30876
G1 X95.963 Y41.029 E4.34735
G1 X98.974 Y41.046 E4.62114
G1 X99.347 Y41.169 E4.65685
G1 X99.675 Y41.45 E4.69612
G1 X99.851 Y41.694 E4.72348
G1 X100.142 Y42.276 E4.78265
G1 X100.433 Y41.694 E4.84182
G1 X100.61 Y41.45 E4.86923
G1 X100.938 Y41.169 E4.9085
G1 X101.24 Y41.06 E4.93769
G1 X101.585 Y41.046 E4.96909
G1 X101.996 Y41.141 E5.00745
G1 X102.247 Y41.319 E5.03543
G1 X102.394 Y41.452 E5.05346
G1 X102.867 Y41.151 E5.10444
G1 X103.207 Y41.045 E5.13682
G1 X103.531 Y41.045 E5.16628
G1 X103.876 Y41.154 E5.19918
G1 X104.129 Y41.294 E5.22547
G1 X104.312 Y41.482 E5.24933
G1 X104.491 Y41.84 E5.28573
G1 X104.564 Y42.203 E5.3194
G1 X104.564 Y43.805 E5.46507
G1 X104.73 Y43.874 E5.48142
G1 X105.047 Y44.094 E5.51651
G1 X105.304 Y44.551 E5.56419
G1 X105.375 Y44.909 E5.59738
G1 X105.304 Y45.268 E5.63066
G1 X105.233 Y45.438 E5.64741
G1 X105.003 Y45.769 E5.68406
G1 X104.563 Y46.014 E5.72985
G1 X104.201 Y46.087 E5.76343
G1 X102.571 Y46.087 E5.91165
G1 X102.042 Y45.944 E5.96148
G1 X101.775 Y45.774 E5.99026
G1 X101.615 Y45.585 E6.01278
G1 X101.468 Y45.268 E6.04455
G1 X101.48 Y45.066 E6.06295
;WIDTH:0.652795
G1 X101.492 Y44.864 E6.07996
;WIDTH:0.60559
G1 X101.504 Y44.661 E6.09566
G1 X101.43 Y44.861 E6.11212
;WIDTH:0.652795
G1 X101.357 Y45.061 E6.13002
;WIDTH:0.7
G1 X101.283 Y45.261 E6.14941
G1 X101.114 Y45.566 E6.18112
G1 X100.757 Y45.91 E6.2262
G1 X100.397 Y46.055 E6.26149
G1 X100.05 Y46.069 E6.29307
G1 X99.626 Y45.968 E6.3327
G1 X99.258 Y45.666 E6.37599
G1 X99.009 Y45.275 E6.41814
G1 X98.54 Y45.745 E6.47851
G1 X98.236 Y45.948 E6.51175
G1 X97.835 Y46.087 E6.55034
G1 X96.084 Y46.087 E6.70956
G1 X95.458 Y46.069 E6.76651
G1 X95.172 Y46.018 E6.79293
G1 X95.342 Y45.421 F7800
;TYPE:External perimeter
G1 F1800
G1 X95.104 Y45.222 E6.82114
G1 X95.054 Y45.103 E6.83288
G1 X94.753 Y45.37 E6.86947
G1 X94.47 Y45.462 E6.89653
G1 X92.841 Y45.462 E7.04465
G1 X92.517 Y45.35 E7.07582
G1 X92.26 Y45.107 E7.10798
G1 X92.153 Y45.302 E7.12821
G1 X91.811 Y45.462 E7.16254
G1 X89.056 Y45.462 E7.41305
G1 X88.797 Y45.393 E7.43742
;WIDTH:0.725029
G1 X88.655 Y45.243 E7.45695
;WIDTH:0.750058
G1 X88.512 Y45.092 E7.47738
;WIDTH:0.789926
G1 X88.481 Y44.814 E7.50648
G1 X88.588 Y44.658 E7.52616
;WIDTH:0.744963
G1 X88.695 Y44.502 E7.5446
;WIDTH:0.741414
G1 X89.103 Y44.224 E7.59247
;WIDTH:0.782828
G1 X89.51 Y43.946 E7.64323
;WIDTH:0.819893
G1 X91.113 Y42.963 E7.84702
G1 X90.969 Y42.819 E7.86909
G1 X89.854 Y42.819 E7.98993
G1 X89.475 Y43.167 E8.04569
;WIDTH:0.782828
G1 X89.194 Y43.315 E8.0784
G1 X89.067 Y43.296 E8.09162
;WIDTH:0.741414
G1 X88.941 Y43.276 E8.10399
;WIDTH:0.7
G1 X88.747 Y43.195 E8.12311
G1 X88.601 Y43.037 E8.14267
G1 X88.51 Y42.759 E8.16927
G1 X87.721 Y42.759 E8.24101
G1 X87.721 Y44.283 E8.37959
;WIDTH:0.744963
G1 X87.743 Y44.548 E8.40551
;WIDTH:0.789926
G1 X87.766 Y44.813 E8.43318
;WIDTH:0.793791
G1 X87.764 Y44.966 E8.44918
G1 X87.654 Y45.14 E8.47071
;WIDTH:0.746895
G1 X87.545 Y45.314 E8.49078
;WIDTH:0.7
G1 X87.222 Y45.458 E8.52294
G1 X87.048 Y45.439 E8.53886
G1 X86.801 Y45.322 E8.56371
G1 X86.64 Y45.034 E8.59371
G1 X86.615 Y44.303 E8.66022
G1 X86.615 Y42.759 E8.80062
G1 X85.813 Y42.759 E8.87355
G1 X85.461 Y42.628 E8.9077
G1 X85.357 Y42.496 E8.92298
G1 X85.278 Y42.302 E8.94203
G1 X85.287 Y42.087 E8.9616
G1 X85.448 Y41.794 E8.992
G1 X85.77 Y41.653 E9.02396
G1 X88.523 Y41.653 E9.27429
G1 X88.849 Y41.767 E9.30569
G1 X88.979 Y41.916 E9.32367
G1 X89.017 Y42.008 E9.33272
G1 X89.314 Y41.745 E9.36879
G1 X89.597 Y41.653 E9.39585
G1 X91.226 Y41.653 E9.54397
G1 X91.55 Y41.765 E9.57514
G1 X91.806 Y42.008 E9.60724
G1 X91.914 Y41.814 E9.62743
G1 X92.256 Y41.653 E9.6618
G1 X95.01 Y41.653 E9.91222
G1 X95.336 Y41.767 E9.94362
G1 X95.466 Y41.916 E9.9616
G1 X95.504 Y42.008 E9.97065
G1 X95.801 Y41.745 E10.00672
G1 X96.084 Y41.653 E10.03378
G1 X97.713 Y41.653 E10.1819
G1 X97.898 Y41.686 E10.19899
G1 X97.98 Y41.732 E10.20754
G1 X98.157 Y41.671 E10.22456
G1 X98.438 Y41.686 E10.25015
G1 X98.524 Y41.737 E10.25924
G1 X98.791 Y41.653 E10.28469
G1 X99.066 Y41.731 E10.31068
G1 X99.292 Y41.973 E10.34079
G1 X100.142 Y43.673 E10.51362
G1 X100.992 Y41.973 E10.68645
G1 X101.247 Y41.712 E10.71963
G1 X101.401 Y41.671 E10.73412
G1 X101.722 Y41.702 E10.76344
G1 X101.937 Y41.893 E10.78959
G1 X102.008 Y42.159 E10.81462
;WIDTH:0.661332
G1 X101.983 Y42.211 E10.81954
;WIDTH:0.616051
G1 X101.957 Y42.263 E10.82412
;WIDTH:0.57077
G1 X101.931 Y42.316 E10.82838
;WIDTH:0.525489
G1 X101.905 Y42.368 E10.83219
;WIDTH:0.480208
G1 X101.838 Y42.466 E10.83919
;WIDTH:0.490191
G1 X101.826 Y42.542 E10.84384
;WIDTH:0.538707
G1 X101.815 Y42.619 E10.84909
;WIDTH:0.587222
G1 X101.804 Y42.696 E10.85489
;WIDTH:0.635738
G1 X101.793 Y42.772 E10.86115
;WIDTH:0.667869
G1 X101.678 Y43.038 E10.88615
;WIDTH:0.7
G1 X101.563 Y43.304 E10.9125
G1 X100.643 Y45.143 E11.09948
G1 X100.376 Y45.41 E11.13381
G1 X100.05 Y45.444 E11.16361
G1 X99.829 Y45.353 E11.18534
G1 X99.641 Y45.142 E11.21104
G1 X98.803 Y43.466 E11.38143
G1 X98.803 Y44.372 E11.46381
G1 X98.711 Y44.655 E11.49087
G1 X98.176 Y45.224 E11.56189
G1 X97.997 Y45.37 E11.58289
G1 X97.713 Y45.462 E11.61004
G1 X96.084 Y45.462 E11.75816
G1 X95.819 Y45.384 E11.78328
G1 X95.643 Y45.444 E11.80019
G1 X95.4 Y45.428 E11.82233
G1 X95.099 Y45.165 F7800
G1 E9.82233 F2400
G92 E0
G1 X45.279 Y43.963 F7800
G1 E2 F2400
;WIDTH:0.460659
G1 F1800
G1 X45.171 Y43.963 E2.00606
G1 X44.936 Y43.557 E2.03238
G1 E.03238 F2400
G92 E0
G1 X31.019 Y43.558 F7800
G1 E2 F2400
;TYPE:Perimeter
;WIDTH:0.561444
G1 F1800
G1 X30.764 Y43.801 E2.02493
G1 X30.169 Y43.801 E2.06704
G1 X30.169 Y43.315 E2.10143
G1 X30.764 Y43.315 E2.14354
G1 X30.976 Y43.516 E2.16421
G1 E.16421 F2400
G92 E0
G1 X34.702 Y43.91 F7800
G1 E2 F2400
;WIDTH:0.437316
G1 F1800
G1 X34.702 Y43.305 E2.03189
G1 X34.974 Y43.615 E2.05363
G1 X35.24 Y43.731 E2.06892
;WIDTH:0.433334
G1 X35.481 Y43.731 E2.08148
G1 X35.005 Y44.017 E2.11043
;WIDTH:0.437316
G1 X34.758 Y43.93 E2.12423
G1 E.12423 F2400
G92 E0
G1 X34.976 Y45.953 F7800
G1 E2 F2400
;WIDTH:0.7
G1 F1800
G1 X34.592 Y46.087 E2.03698
G1 X32.841 Y46.087 E2.1962
G1 X32.479 Y46.014 E2.22978
G1 X32.198 Y45.887 E2.25782
G1 X32.033 Y45.76 E2.27675
G1 X31.749 Y45.948 E2.30772
G1 X31.348 Y46.087 E2.34631
G1 X29.597 Y46.087 E2.50553
G1 X29.239 Y46.015 E2.53873
G1 X28.771 Y45.745 E2.58786
G1 X28.225 Y45.199 E2.65807
G1 X28.022 Y44.895 E2.69131
;WIDTH:0.690848
G1 X27.902 Y44.372 E2.73939
;WIDTH:0.661803
G1 X27.902 Y42.743 E2.87846
;WIDTH:0.7
G1 X27.954 Y42.384 E2.91144
G1 X28.225 Y41.917 E2.96054
G1 X28.771 Y41.371 E3.03075
G1 X29.239 Y41.1 E3.07992
G1 X29.597 Y41.029 E3.11311
G1 X31.227 Y41.029 E3.26133
G1 X31.749 Y41.168 E3.31045
G1 X32.053 Y41.371 E3.34369
G1 X32.346 Y41.664 E3.38137
G1 X33.007 Y41.223 E3.45362
G1 X33.355 Y41.074 E3.48804
G1 X33.658 Y41.031 E3.51587
G1 X33.958 Y41.087 E3.54362
G1 X34.323 Y41.241 E3.57964
G1 X34.488 Y41.372 E3.5988
G1 X34.76 Y41.84 E3.64802
G1 X35.258 Y41.371 E3.71022
G1 X35.562 Y41.168 E3.74346
G1 X35.963 Y41.029 E3.78205
G1 X37.714 Y41.029 E3.94127
G1 X38.073 Y41.1 E3.97455
G1 X38.351 Y41.225 E4.00227
G1 X38.521 Y41.356 E4.02179
G1 X38.806 Y41.168 E4.05284
G1 X39.207 Y41.029 E4.09143
G1 X40.957 Y41.029 E4.25056
G1 X41.316 Y41.1 E4.28384
G1 X41.595 Y41.225 E4.31164
G1 X41.765 Y41.356 E4.33116
G1 X42.049 Y41.168 E4.36213
G1 X42.45 Y41.029 E4.40072
G1 X44.201 Y41.029 E4.55994
G1 X44.565 Y41.102 E4.5937
G1 X44.754 Y41.168 E4.6119
G1 X45.153 Y41.029 E4.65032
G1 X47.985 Y41.029 E4.90783
G1 X48.514 Y41.171 E4.95763
G1 X48.813 Y41.372 E4.99039
G1 X49.088 Y41.847 E5.0403
G1 X49.584 Y41.371 E5.10281
G1 X49.877 Y41.173 E5.13497
G1 X50.237 Y41.045 E5.16971
G1 X50.561 Y41.045 E5.19917
G1 X50.906 Y41.155 E5.2321
G1 X51.155 Y41.292 E5.25794
G1 X51.337 Y41.476 E5.28147
G1 X51.519 Y41.84 E5.31848
G1 X51.592 Y42.203 E5.35215
G1 X51.592 Y42.994 E5.42408
G1 X52.041 Y43.248 E5.47099
G1 X52.262 Y43.569 E5.50643
G1 X52.4 Y44.021 E5.5494
G1 X52.369 Y44.349 E5.57936
G1 X52.202 Y44.747 E5.61861
G1 X51.923 Y45.043 E5.6556
G1 X51.519 Y45.275 E5.69796
G1 X51.359 Y45.607 E5.73147
G1 X51.187 Y45.798 E5.75484
G1 X50.773 Y46.016 E5.79738
G1 X50.414 Y46.088 E5.83067
G1 X50.055 Y46.016 E5.86396
G1 X49.685 Y45.832 E5.90153
G1 X49.431 Y45.547 E5.93624
G1 X49.31 Y45.276 E5.96323
G1 X48.74 Y45.276 E6.01506
G1 X48.271 Y45.745 E6.07537
G1 X47.967 Y45.948 E6.10861
G1 X47.566 Y46.087 E6.1472
G1 X45.815 Y46.087 E6.30642
G1 X45.457 Y46.015 E6.33962
G1 X45.178 Y45.89 E6.36742
G1 X45.008 Y45.759 E6.38694
G1 X44.723 Y45.948 E6.41804
G1 X44.322 Y46.087 E6.45663
G1 X42.572 Y46.087 E6.61576
G1 X42.208 Y46.013 E6.64954
G1 X42.018 Y45.948 E6.6678
G1 X41.62 Y46.087 E6.70613
G1 X35.544 Y46.087 E7.25862
G1 X35.124 Y46.009 E7.29746
G1 X35.031 Y45.965 E7.30682
G1 X35.157 Y44.8 F7800
;TYPE:External perimeter
;WIDTH:0.4606
G1 F1800
G1 X35.149 Y44.76 E7.30911
;WIDTH:0.508066
G1 X35.141 Y44.721 E7.31162
;WIDTH:0.555532
G1 X35.133 Y44.682 E7.3144
;WIDTH:0.602998
G1 X35.126 Y44.642 E7.31752
;WIDTH:0.651499
G1 X35.154 Y44.572 E7.32384
;WIDTH:0.7
G1 X35.182 Y44.502 E7.3307
;WIDTH:0.741413
G1 X35.59 Y44.224 E7.37857
;WIDTH:0.782826
G1 X35.998 Y43.946 E7.42941
;WIDTH:0.794486
G1 X36.343 Y43.728 E7.47213
;WIDTH:0.819891
G1 X37.6 Y42.963 E7.6316
G1 X37.456 Y42.819 E7.65367
G1 X36.342 Y42.819 E7.7744
G1 X35.963 Y43.167 E7.83016
;WIDTH:0.782826
G1 X35.682 Y43.315 E7.86287
G1 X35.555 Y43.296 E7.87609
;WIDTH:0.741413
G1 X35.428 Y43.276 E7.88856
;WIDTH:0.7
G1 X35.221 Y43.188 E7.90901
;WIDTH:0.725818
G1 X35.107 Y43.032 E7.9273
;WIDTH:0.751637
G1 X34.994 Y42.876 E7.94626
;WIDTH:0.780513
G1 X34.954 Y42.747 E7.96012
G1 X35.054 Y42.553 E7.98252
;WIDTH:0.740256
G1 X35.154 Y42.359 E8.00364
;WIDTH:0.7
G1 X35.7 Y41.813 E8.07385
G1 X36.041 Y41.653 E8.1081
G1 X37.714 Y41.653 E8.26023
G1 X38.035 Y41.764 E8.29111
G1 X38.521 Y42.235 E8.35265
G1 X38.944 Y41.813 E8.40698
G1 X39.284 Y41.653 E8.44115
G1 X40.957 Y41.653 E8.59328
G1 X41.279 Y41.764 E8.62425
G1 X41.765 Y42.235 E8.68579
G1 X42.187 Y41.813 E8.74006
G1 X42.528 Y41.653 E8.77431
G1 X44.201 Y41.653 E8.92644
G1 X44.525 Y41.765 E8.95761
G1 X44.781 Y42.008 E8.98971
G1 X44.888 Y41.814 E9.00986
G1 X45.231 Y41.653 E9.04431
G1 X47.985 Y41.653 E9.29473
G1 X48.318 Y41.771 E9.32685
G1 X48.441 Y41.916 E9.34414
G1 X48.511 Y42.087 E9.36094
G1 X48.511 Y42.326 E9.38267
G1 X48.371 Y42.596 E9.41033
;WIDTH:0.723838
G1 X48.244 Y42.677 E9.42455
;WIDTH:0.753122
G1 X48.116 Y42.759 E9.43955
G1 X48.007 Y42.74 E9.45047
;WIDTH:0.704614
G1 X47.897 Y42.721 E9.4607
;WIDTH:0.656106
G1 X47.787 Y42.702 E9.47014
;WIDTH:0.607599
G1 X47.678 Y42.683 E9.47871
;WIDTH:0.559091
G1 X47.568 Y42.664 E9.48657
;WIDTH:0.510584
G1 X45.737 Y42.664 E9.6026
G1 X45.737 Y43.1 E9.63023
G1 X47.445 Y43.1 E9.73846
;WIDTH:0.5504
G1 X47.566 Y43.131 E9.7471
;WIDTH:0.590216
G1 X47.687 Y43.162 E9.75646
;WIDTH:0.630032
G1 X47.808 Y43.193 E9.76655
;WIDTH:0.67132
G1 X47.873 Y43.231 E9.77308
;WIDTH:0.712608
G1 X47.939 Y43.269 E9.78014
;WIDTH:0.753897
G1 X48.004 Y43.307 E9.78758
G1 X48.244 Y43.557 E9.82181
G1 X48.628 Y43.198 E9.87373
;WIDTH:0.718545
G1 X49.112 Y42.727 E9.93696
;WIDTH:0.7
G1 X50.026 Y41.813 E10.05449
G1 X50.345 Y41.66 E10.08666
G1 X50.506 Y41.675 E10.10136
G1 X50.775 Y41.788 E10.12789
G1 X50.873 Y41.915 E10.14248
G1 X50.967 Y42.203 E10.17003
G1 X50.967 Y43.546 E10.29215
G1 X51.35 Y43.57 E10.32704
G1 X51.635 Y43.728 E10.35667
G1 X51.778 Y44.073 E10.39063
G1 X51.684 Y44.388 E10.42052
G1 X51.554 Y44.538 E10.43857
G1 X51.229 Y44.651 E10.46986
G1 X50.967 Y44.651 E10.49368
G1 X50.943 Y45.034 E10.52857
G1 X50.785 Y45.319 E10.5582
G1 X50.468 Y45.458 E10.58967
G1 X50.295 Y45.439 E10.6055
G1 X50.023 Y45.301 E10.63323
G1 X49.886 Y45.034 E10.66052
G1 X49.861 Y44.651 E10.69542
G1 X48.458 Y44.643 E10.823
G1 X47.829 Y45.303 E10.9059
G1 X47.489 Y45.462 E10.94003
G1 X45.815 Y45.462 E11.09225
G1 X45.494 Y45.351 E11.12313
G1 X45.008 Y44.88 E11.18467
G1 X44.586 Y45.303 E11.239
G1 X44.245 Y45.462 E11.27321
G1 X42.572 Y45.462 E11.42534
G1 X42.248 Y45.35 E11.45651
G1 X41.992 Y45.107 E11.48861
G1 X41.884 Y45.302 E11.50888
G1 X41.542 Y45.462 E11.54321
G1 X38.788 Y45.462 E11.79363
G1 X38.601 Y45.429 E11.8109
G1 X38.518 Y45.378 E11.81976
G1 X38.254 Y45.462 E11.84495
G1 X35.544 Y45.462 E12.09137
G1 X35.299 Y45.402 E12.11431
G1 X35.071 Y45.182 E12.14312
;WIDTH:0.699182
G1 X35.014 Y44.964 E12.16358
;WIDTH:0.697525
G1 X35.016 Y44.91 E12.16847
;WIDTH:0.692847
G1 X35.04 Y44.892 E12.17117
;WIDTH:0.646228
G1 X35.063 Y44.873 E12.17365
;WIDTH:0.599609
G1 X35.087 Y44.855 E12.17594
;WIDTH:0.55299
G1 X35.11 Y44.837 E12.17797
G1 X35.252 Y44.463 F7800
G1 E10.17797 F2400
G92 E0
G1 X31.963 Y43.246 F7800
G1 E2 F2400
;WIDTH:0.767008
G1 F1800
G1 X31.807 Y43.255 E2.01573
;WIDTH:0.719207
G1 X31.651 Y43.264 E2.03038
;WIDTH:0.7
G1 X31.375 Y43.14 E2.05789
G1 X30.994 Y42.759 E2.10688
G1 X29.83 Y42.759 E2.21272
G1 X29.613 Y42.976 E2.24062
G1 X29.613 Y44.14 E2.34646
G1 X29.83 Y44.356 E2.3743
G1 X30.994 Y44.356 E2.48014
G1 X31.375 Y43.975 E2.52913
G1 X31.651 Y43.852 E2.55661
;WIDTH:0.69195
G1 X31.882 Y43.843 E2.57736
;WIDTH:0.733342
G1 X31.976 Y43.865 E2.58661
;WIDTH:0.774734
G1 X32.071 Y43.887 E2.59654
;WIDTH:0.816126
G1 X32.165 Y43.909 E2.60695
;WIDTH:0.848085
G1 X32.236 Y43.977 E2.61801
;WIDTH:0.880044
G1 X32.306 Y44.044 E2.62936
G1 X32.376 Y44.215 E2.651
G1 X32.36 Y44.248 E2.6553
;WIDTH:0.830341
G1 X32.344 Y44.282 E2.65943
;WIDTH:0.780638
G1 X32.328 Y44.315 E2.6632
;WIDTH:0.730935
G1 X32.304 Y44.336 E2.66624
;WIDTH:0.685835
G1 X32.28 Y44.357 E2.66907
;WIDTH:0.640735
G1 X32.255 Y44.378 E2.67176
;WIDTH:0.595635
G1 X32.231 Y44.399 E2.67418
;WIDTH:0.550535
G1 X32.207 Y44.42 E2.67639
;WIDTH:0.505435
G1 X32.183 Y44.442 E2.67843
;WIDTH:0.508268
G1 X32.137 Y44.545 E2.68554
;WIDTH:0.556201
G1 X32.092 Y44.648 E2.69341
;WIDTH:0.604134
G1 X32.047 Y44.751 E2.70206
;WIDTH:0.652067
G1 X32.002 Y44.854 E2.7115
;WIDTH:0.7
G1 X31.956 Y44.957 E2.72176
G1 X31.55 Y45.35 E2.77314
G1 X31.227 Y45.462 E2.80423
G1 X29.597 Y45.462 E2.95245
G1 X29.314 Y45.37 E2.97951
G1 X28.667 Y44.757 E3.06055
G1 X28.508 Y44.434 E3.09329
G1 X28.508 Y42.743 E3.24705
G1 X28.599 Y42.46 E3.27408
G1 X29.213 Y41.813 E3.35519
G1 X29.553 Y41.653 E3.38936
G1 X31.227 Y41.653 E3.54158
G1 X31.556 Y41.769 E3.5733
G1 X32.162 Y42.363 E3.65046
G1 X32.161 Y42.411 E3.65483
;WIDTH:0.655902
G1 X32.16 Y42.459 E3.65889
;WIDTH:0.611805
G1 X32.159 Y42.507 E3.66264
;WIDTH:0.567708
G1 X32.158 Y42.555 E3.66608
;WIDTH:0.52361
G1 X32.157 Y42.603 E3.66921
;WIDTH:0.479513
G1 X32.156 Y42.651 E3.67204
;WIDTH:0.435416
G1 X32.155 Y42.699 E3.67456
;WIDTH:0.434386
G1 X32.178 Y42.706 E3.67582
;WIDTH:0.477454
G1 X32.201 Y42.713 E3.67723
;WIDTH:0.520522
G1 X32.223 Y42.72 E3.67873
;WIDTH:0.563589
G1 X32.246 Y42.727 E3.68044
;WIDTH:0.606657
G1 X32.268 Y42.734 E3.68223
;WIDTH:0.649725
G1 X32.291 Y42.741 E3.68424
;WIDTH:0.692793
G1 X32.337 Y42.729 E3.68851
;WIDTH:0.646067
G1 X32.36 Y42.711 E3.69094
;WIDTH:0.599341
G1 X32.384 Y42.693 E3.69323
;WIDTH:0.552615
G1 X32.407 Y42.675 E3.69526
;WIDTH:0.505889
G1 X32.431 Y42.656 E3.69718
;WIDTH:0.459163
G1 X32.454 Y42.638 E3.69881
;WIDTH:0.457735
G1 X32.446 Y42.601 E3.70092
;WIDTH:0.503034
G1 X32.438 Y42.563 E3.70334
;WIDTH:0.548332
G1 X32.43 Y42.526 E3.70595
;WIDTH:0.593631
G1 X32.422 Y42.488 E3.70888
;WIDTH:0.629087
G1 X32.438 Y42.441 E3.71288
;WIDTH:0.664543
G1 X32.454 Y42.394 E3.71714
;WIDTH:0.7
G1 X32.47 Y42.347 E3.72165
G1 X33.432 Y41.706 E3.82676
G1 X33.692 Y41.66 E3.85077
G1 X33.992 Y41.771 E3.87986
G1 X34.114 Y41.915 E3.89702
G1 X34.208 Y42.203 E3.92457
;WIDTH:0.740256
G1 X34.228 Y42.475 E3.95097
;WIDTH:0.780513
G1 X34.249 Y42.747 E3.97897
G1 X34.228 Y43.259 E4.03157
;WIDTH:0.740256
G1 X34.208 Y43.772 E4.08126
;WIDTH:0.7
G1 X34.208 Y44.356 E4.13436
G1 X34.591 Y44.381 E4.16926
G1 X34.856 Y44.516 E4.1963
G1 X34.856 Y44.565 E4.20076
;WIDTH:0.655923
G1 X34.857 Y44.615 E4.20499
;WIDTH:0.611847
G1 X34.857 Y44.664 E4.20882
;WIDTH:0.56777
G1 X34.857 Y44.713 E4.21233
;WIDTH:0.523694
G1 X34.858 Y44.763 E4.21559
;WIDTH:0.479617
G1 X34.858 Y44.812 E4.21847
;WIDTH:0.435541
G1 X34.858 Y44.862 E4.22109
;WIDTH:0.434519
G1 X34.881 Y44.868 E4.22233
;WIDTH:0.477574
G1 X34.903 Y44.875 E4.22368
;WIDTH:0.520628
G1 X34.926 Y44.882 E4.22524
;WIDTH:0.563683
G1 X34.949 Y44.889 E4.22695
;WIDTH:0.606737
G1 X34.971 Y44.896 E4.22874
;WIDTH:0.649792
G1 X34.994 Y44.903 E4.23075
;WIDTH:0.692847
G1 X35.016 Y44.91 E4.23283
;WIDTH:0.699701
G1 X34.902 Y45.245 E4.26499
;WIDTH:0.7
G1 X34.758 Y45.368 E4.28221
G1 X34.47 Y45.462 E4.30976
G1 X32.841 Y45.462 E4.45788
G1 X32.516 Y45.349 E4.48917
G1 X32.386 Y45.199 E4.50722
G1 X32.315 Y45.029 E4.52397
G1 X32.356 Y44.948 E4.53223
;WIDTH:0.652067
G1 X32.396 Y44.868 E4.53974
;WIDTH:0.604134
G1 X32.437 Y44.788 E4.54666
;WIDTH:0.556201
G1 X32.477 Y44.707 E4.55298
;WIDTH:0.508268
G1 X32.518 Y44.627 E4.55865
;WIDTH:0.505435
G1 X32.523 Y44.595 E4.56068
;WIDTH:0.550535
G1 X32.528 Y44.563 E4.56292
;WIDTH:0.595635
G1 X32.533 Y44.532 E4.5653
;WIDTH:0.640735
G1 X32.538 Y44.5 E4.56797
;WIDTH:0.685835
G1 X32.543 Y44.468 E4.57085
;WIDTH:0.730935
G1 X32.548 Y44.436 E4.57394
;WIDTH:0.780638
G1 X32.594 Y44.39 E4.58062
;WIDTH:0.830341
G1 X32.64 Y44.344 E4.58777
;WIDTH:0.880044
G1 X32.685 Y44.298 E4.59531
G1 X33.013 Y44.266 E4.63391
G1 X33.013 Y43.358 E4.74026
G1 X32.768 Y43.383 E4.76911
G1 X32.648 Y43.323 E4.78482
;WIDTH:0.847426
G1 X32.528 Y43.264 E4.79985
;WIDTH:0.814809
G1 X32.337 Y43.042 E4.83137
;WIDTH:0.776127
G1 X32.319 Y42.956 E4.84033
;WIDTH:0.746971
G1 X32.302 Y42.87 E4.8489
;WIDTH:0.759269
G1 X32.272 Y42.99 E4.86121
;WIDTH:0.800723
G1 X32.241 Y43.11 E4.8743
;WIDTH:0.814809
G1 X32.119 Y43.237 E4.89326
G1 X32.023 Y43.243 E4.90361
G1 X31.623 Y43.23 F7800
G1 E2.90361 F2400
G92 E0
G1 X38.119 Y44.371 F7800
G1 E2 F2400
;WIDTH:0.671928
G1 F1800
G1 X37.487 Y44.371 E2.05489
G1 X38.144 Y43.974 E2.12155
;WIDTH:0.704093
G1 X38.435 Y43.78 E2.15356
;WIDTH:0.736259
G1 X38.725 Y43.587 E2.18707
;WIDTH:0.777883
G1 X38.835 Y43.331 E2.21556
G1 X38.924 Y43.313 E2.22485
G1 X39.206 Y43.167 E2.25732
;WIDTH:0.819894
G1 X39.586 Y42.819 E2.31316
G1 X40.7 Y42.819 E2.43389
G1 X40.844 Y42.963 E2.45596
G1 X39.634 Y43.715 E2.61036
;WIDTH:0.775551
G1 X39.2 Y43.998 E2.66317
;WIDTH:0.736259
G1 X38.854 Y44.223 E2.70288
;WIDTH:0.704093
G1 X38.507 Y44.447 E2.74068
;WIDTH:0.671928
G1 X38.254 Y44.371 E2.76362
G1 X38.179 Y44.371 E2.77013
G1 X37.779 Y44.371 F7800
G1 E.77013 F2400
G92 E0
G1 X42.672 Y43.524 F7800
G1 E2 F2400
;TYPE:Perimeter
;WIDTH:0.388009
G1 F1800
G1 X42.614 Y43.558 E2.00306
G1 X42.672 Y43.592 E2.00612
G1 X42.692 Y43.558 E2.00792
G1 X43.171 Y43.759 F7800
;TYPE:External perimeter
;WIDTH:0.7
G1 F1800
G1 X43.228 Y43.885 E2.02049
G1 X43.518 Y44.093 E2.05294
G1 X44.089 Y44.236 E2.10646
G1 X43.968 Y44.356 E2.12196
G1 X42.804 Y44.356 E2.2278
G1 X42.423 Y43.975 E2.27679
G1 X42.153 Y43.838 E2.30432
G1 X42.088 Y43.874 E2.31108
;WIDTH:0.657785
G1 X42.022 Y43.91 E2.31745
;WIDTH:0.615571
G1 X41.957 Y43.945 E2.32326
;WIDTH:0.573356
G1 X41.891 Y43.981 E2.32871
;WIDTH:0.531142
G1 X41.826 Y44.016 E2.33361
;WIDTH:0.488927
G1 X41.76 Y44.052 E2.33814
;WIDTH:0.496701
G1 X41.667 Y44.167 E2.34721
;WIDTH:0.54669
G1 X41.574 Y44.282 E2.35736
G1 X41.564 Y44.372 E2.36357
;WIDTH:0.538173
G1 X41.635 Y44.509 E2.37397
;WIDTH:0.499385
G1 X41.572 Y44.481 E2.37823
;WIDTH:0.547133
G1 X41.354 Y44.433 E2.39356
G1 X40.506 Y44.433 E2.45181
G1 X41.232 Y43.995 E2.51005
G1 X41.373 Y43.882 E2.52246
;WIDTH:0.498331
G1 X41.513 Y43.768 E2.53358
;WIDTH:0.493165
G1 X41.614 Y43.717 E2.54046
;WIDTH:0.5368
G1 X41.715 Y43.667 E2.54803
;WIDTH:0.580435
G1 X41.816 Y43.616 E2.55635
;WIDTH:0.62407
G1 X41.917 Y43.565 E2.56539
;WIDTH:0.662035
G1 X41.958 Y43.516 E2.57085
;WIDTH:0.7
G1 X42 Y43.467 E2.57672
G1 X42.046 Y43.299 E2.59256
G1 X42.153 Y43.277 E2.60249
;WIDTH:0.700302
G1 X42.423 Y43.14 E2.63003
;WIDTH:0.706117
G1 X42.806 Y42.762 E2.67944
G1 X43.936 Y42.762 E2.7832
G1 X44.084 Y42.879 E2.80052
G1 X43.486 Y43.03 E2.85715
G1 X43.211 Y43.243 E2.88909
G1 X43.122 Y43.45 E2.90978
;WIDTH:0.700302
G1 X43.122 Y43.65 E2.92797
;WIDTH:0.7
G1 X43.146 Y43.704 E2.93334
G1 X43.411 Y44.004 F7800
G1 E.93334 F2400
G92 E0
G1 X45.479 Y43.996 F7800
G1 E2 F2400
;WIDTH:0.474643
G1 F1800
G1 X45.524 Y43.996 E2.00262
;WIDTH:0.510584
G1 X46.099 Y44.016 E2.03908
G1 X47.251 Y44.016 E2.11208
G1 X47.469 Y44.233 E2.13157
G1 X47.251 Y44.451 E2.15111
G1 X46.009 Y44.451 E2.22981
G1 X45.594 Y44.048 E2.26647
;WIDTH:0.496244
G1 X45.533 Y44.02 E2.27058
G1 X45.933 Y44.006 F7800
G1 E.27058 F2400
G92 E0
G1 X91.903 Y44.509 F7800
G1 E2 F2400
;WIDTH:0.499384
G1 F1800
G1 X91.841 Y44.481 E2.0042
;WIDTH:0.547132
G1 X91.623 Y44.433 E2.01953
G1 X90.775 Y44.433 E2.07778
G1 X91.891 Y43.76 E2.16729
G1 X91.948 Y43.874 E2.17604
G1 X92.042 Y43.904 E2.18282
;WIDTH:0.509374
G1 X92.136 Y43.934 E2.18906
;WIDTH:0.471617
G1 X92.231 Y43.964 E2.19481
;WIDTH:0.46599
G1 X92.142 Y43.984 E2.2
;WIDTH:0.498121
G1 X92.053 Y44.004 E2.20561
;WIDTH:0.547132
G1 X91.915 Y44.108 E2.21748
G1 X91.833 Y44.372 E2.23647
;WIDTH:0.538173
G1 X91.876 Y44.455 E2.24277
G1 X91.477 Y44.431 F7800
G1 X92.504 Y43.996
;WIDTH:0.474642
G1 F1800
G1 X92.549 Y43.996 E2.24539
;WIDTH:0.510584
G1 X93.124 Y44.016 E2.28185
G1 X94.276 Y44.016 E2.35485
G1 X94.494 Y44.233 E2.37434
G1 X94.276 Y44.451 E2.39388
G1 X93.034 Y44.451 E2.47258
G1 X92.619 Y44.048 E2.50924
;WIDTH:0.496245
G1 X92.559 Y44.02 E2.5133
G1 X92.958 Y44.006 F7800
G1 X92.762 Y43.1
;WIDTH:0.510584
G1 F1800
G1 X92.762 Y42.664 E2.54093
G1 X94.47 Y42.664 E2.64916
;WIDTH:0.549128
G1 X95.01 Y42.681 E2.68643
G1 X95.142 Y42.611 E2.69674
;WIDTH:0.549123
G1 X95.073 Y42.743 E2.70701
;WIDTH:0.562867
G1 X95.063 Y43.481 E2.75939
G1 X94.727 Y43.16 E2.79237
G1 X94.598 Y43.13 E2.80177
;WIDTH:0.536725
G1 X94.47 Y43.1 E2.8106
;WIDTH:0.510584
G1 X92.822 Y43.1 E2.91503
G1 X92.762 Y42.704 F7800
G1 E.91503 F2400
G92 E0
G1 X55.06 Y127.535 F7800
G1 E2 F2400
;TYPE:Perimeter
;WIDTH:0.7
G1 F1800
G1 X55.299 Y127.252 E2.03368
G1 X55.464 Y126.878 E2.07085
G1 X55.526 Y126.44 E2.11107
G1 X55.526 Y49.892 E9.07154
G1 X55.493 Y49.57 E9.10097
G1 X55.366 Y49.203 E9.13628
G1 X55.105 Y48.825 E9.17805
G1 X54.82 Y48.585 E9.21193
G1 X54.457 Y48.41 E9.24857
G1 X53.964 Y48.33 E9.29398
G1 X27.959 Y48.33 E11.6586
G1 X27.959 Y45.817 E11.88711
G1 X28.329 Y46.186 E11.93463
G1 X28.836 Y46.525 E11.99009
G1 X29 Y46.593 E12.00623
G1 X29.597 Y46.712 E12.06158
G1 X31.426 Y46.712 E12.22789
G1 X31.999 Y46.521 E12.28281
G1 X32.324 Y46.624 E12.31381
G1 X32.841 Y46.712 E12.3615
G1 X34.653 Y46.712 E12.52626
G1 X34.989 Y46.621 E12.55791
G1 X35.544 Y46.712 E12.60905
G1 X41.683 Y46.712 E13.16727
G1 X42.035 Y46.614 E13.20049
G1 X42.572 Y46.712 E13.25013
G1 X44.403 Y46.712 E13.41662
G1 X45.008 Y46.502 E13.47485
G1 X45.299 Y46.624 E13.50354
G1 X45.815 Y46.712 E13.55114
G1 X47.634 Y46.712 E13.71654
G1 X48.042 Y46.593 E13.75519
G1 X48.541 Y46.335 E13.80627
G1 X48.955 Y45.944 E13.85805
G1 X49.141 Y46.186 E13.8858
G1 X49.313 Y46.334 E13.90643
G1 X49.646 Y46.523 E13.94125
G1 X50.144 Y46.689 E13.98898
G1 X50.684 Y46.689 E14.03808
G1 X51.012 Y46.594 E14.06913
G1 X51.588 Y46.277 E14.12891
G1 X51.876 Y45.959 E14.16792
G1 X52.017 Y45.701 E14.19465
G1 X52.188 Y45.615 E14.21205
G1 X52.576 Y45.292 E14.25796
G1 X52.839 Y44.867 E14.30341
G1 X53.004 Y44.373 E14.35077
G1 X53.023 Y43.97 E14.38746
G1 X52.909 Y43.5 E14.43144
G1 X52.658 Y43.007 E14.48174
G1 X52.471 Y42.795 E14.50744
G1 X52.217 Y42.629 E14.53503
G1 X52.206 Y42.022 E14.59023
G1 X52.095 Y41.599 E14.63
G1 X51.838 Y41.103 E14.6808
G1 X51.536 Y40.797 E14.71989
G1 X50.935 Y40.501 E14.78081
G1 X50.399 Y40.406 E14.83031
G1 X50.129 Y40.429 E14.85495
G1 X49.596 Y40.613 E14.90622
G1 X49.198 Y40.884 E14.95
G1 X48.98 Y40.711 E14.97531
G1 X48.589 Y40.525 E15.01468
G1 X47.985 Y40.404 E15.07069
G1 X45.09 Y40.404 E15.33393
G1 X44.738 Y40.501 E15.36713
G1 X44.201 Y40.404 E15.41675
G1 X42.37 Y40.404 E15.58324
G1 X41.765 Y40.613 E15.64144
G1 X41.474 Y40.492 E15.6701
G1 X40.957 Y40.404 E15.71779
G1 X39.126 Y40.404 E15.88428
G1 X38.521 Y40.613 E15.94248
G1 X38.231 Y40.492 E15.97105
G1 X37.714 Y40.404 E16.01874
G1 X35.883 Y40.404 E16.18523
G1 X35.27 Y40.613 E16.24412
G1 X34.872 Y40.884 E16.2879
G1 X34.474 Y40.614 E16.33163
G1 X33.908 Y40.429 E16.38578
G1 X33.369 Y40.429 E16.43479
G1 X32.844 Y40.598 E16.48494
G1 X32.416 Y40.866 E16.53086
G1 X32.219 Y40.71 E16.55371
G1 X31.824 Y40.523 E16.59345
G1 X31.227 Y40.404 E16.6488
G1 X29.398 Y40.404 E16.81511
G1 X28.836 Y40.59 E16.86894
G1 X28.329 Y40.929 E16.9244
G1 X27.959 Y41.299 E16.97198
G1 X27.959 Y38.784 E17.20067
G1 X107.46 Y38.784 E24.42966
G1 X107.46 Y48.33 E25.29767
G1 X81.268 Y48.33 E27.6793
G1 X80.749 Y48.499 E27.72893
G1 X80.448 Y48.699 E27.76179
G1 X80.129 Y49.068 E27.80614
G1 X79.958 Y49.448 E27.84403
G1 X79.894 Y49.892 E27.88482
G1 X79.894 Y126.44 E34.84529
G1 X79.956 Y126.878 E34.88551
G1 X80.121 Y127.252 E34.92268
G1 X80.429 Y127.617 E34.96611
G1 X80.721 Y127.819 E34.9984
G1 X81.071 Y127.954 E35.03251
G1 X81.456 Y128.002 E35.06779
G1 X107.46 Y128.002 E37.43232
G1 X107.46 Y137.548 E38.30033
G1 X27.959 Y137.548 E45.52932
G1 X27.959 Y128.002 E46.39733
G1 X54.166 Y128.002 E48.78032
G1 X54.699 Y127.819 E48.83156
G1 X54.991 Y127.617 E48.86385
G1 X55.022 Y127.581 E48.86817
G1 X54.621 Y127.101 F7800
G1 F1800
G1 X54.652 Y127.076 E48.87179
G1 X54.839 Y126.776 E48.90393
G1 X54.901 Y126.44 E48.935
G1 X54.901 Y49.839 E55.90029
G1 X54.805 Y49.479 E55.93417
G1 X54.576 Y49.182 E55.96827
G1 X54.298 Y49.016 E55.99771
G1 X53.964 Y48.955 E56.02858
G1 X27.334 Y48.955 E58.45003
G1 X27.334 Y45.031 E58.80684
G1 X27.315 Y44.372 E58.86679
;WIDTH:0.661803
G1 X27.315 Y42.743 E59.00586
;WIDTH:0.7
G1 X27.334 Y42.261 E59.04972
G1 X27.334 Y38.16 E59.42262
G1 X108.085 Y38.16 E66.76527
G1 X108.085 Y48.955 E67.74685
G1 X81.388 Y48.955 E70.1744
G1 X81.032 Y49.056 E70.20805
G1 X80.776 Y49.247 E70.23709
G1 X80.583 Y49.551 E70.26983
G1 X80.519 Y49.892 E70.30138
G1 X80.519 Y126.493 E77.26667
G1 X80.613 Y126.851 E77.30033
G1 X80.84 Y127.146 E77.33418
G1 X81.116 Y127.314 E77.36356
G1 X81.456 Y127.378 E77.39502
G1 X108.085 Y127.378 E79.81638
G1 X108.085 Y138.173 E80.79796
G1 X27.334 Y138.173 E88.14061
G1 X27.334 Y127.378 E89.12219
G1 X54.058 Y127.378 E91.55219
G1 X54.405 Y127.267 E91.58532
G1 X54.574 Y127.137 E91.60471
G1 X54.175 Y126.654 F7800
;TYPE:External perimeter
G1 F1800
G1 X54.214 Y126.628 E91.60897
G1 X54.277 Y126.44 E91.627
G1 X54.277 Y49.823 E98.59375
G1 X54.154 Y49.644 E98.6135
G1 X53.964 Y49.58 E98.63173
G1 X26.71 Y49.58 E101.10992
G1 X26.71 Y37.535 E102.20517
G1 X108.71 Y37.535 E109.66139
G1 X108.71 Y49.58 E110.75664
G1 X81.388 Y49.58 E113.24102
G1 X81.208 Y49.702 E113.26079
G1 X81.144 Y49.892 E113.27902
G1 X81.144 Y126.51 E120.24586
G1 X81.278 Y126.697 E120.26678
G1 X81.456 Y126.753 E120.28375
G1 X108.71 Y126.753 E122.76194
G1 X108.71 Y138.798 E123.85719
G1 X26.71 Y138.798 E131.31341
G1 X26.71 Y126.753 E132.40866
G1 X54.027 Y126.753 E134.89258
G1 X54.125 Y126.687 E134.90332
G1 X54.266 Y126.313 F7800
G1 E132.90332 F2400
G92 E0
G1 X106.009 Y38.972 F7800
G1 E2 F2400
;TYPE:Solid infill
;WIDTH:0.700035
G1 F1800
G1 X106.991 Y39.954 E2.12629
G1 X106.991 Y40.838 E2.20668
G1 X105.406 Y39.253 E2.41051
G1 X104.523 Y39.253 E2.49081
G1 X106.991 Y41.722 E2.80826
G1 X106.991 Y42.605 E2.88856
G1 X103.639 Y39.253 E3.31963
G1 X102.755 Y39.253 E3.40002
G1 X103.445 Y39.943 E3.48875
G1 X103.722 Y39.967 E3.51403
G1 X104.256 Y40.128 E3.56475
G1 X104.798 Y40.426 E3.62099
G1 X105.195 Y40.833 E3.67269
G1 X105.426 Y41.242 E3.7154
G1 X105.505 Y41.432 E3.73411
G1 X105.649 Y42.147 E3.80043
G1 X106.991 Y43.489 E3.97301
G1 X106.991 Y44.373 E4.0534
G1 X105.657 Y43.039 E4.22495
G1 X105.657 Y43.21 E4.2405
G1 X105.841 Y43.337 E4.26083
G1 X106.238 Y43.948 E4.32709
G1 X106.317 Y44.14 E4.34597
G1 X106.439 Y44.556 E4.38539
G1 X106.453 Y44.718 E4.40018
G1 X106.991 Y45.257 E4.46943
G1 X106.991 Y46.14 E4.54973
G1 X106.365 Y45.515 E4.63017
G1 X106.237 Y45.873 E4.66474
G1 X106.074 Y46.107 E4.69067
G1 X106.991 Y47.024 E4.8086
G1 X106.991 Y47.861 E4.88471
G1 X106.944 Y47.861 E4.88898
G1 X105.692 Y46.609 E5.04999
G1 X105.152 Y46.953 E5.10821
G1 X106.061 Y47.862 E5.22511
G1 X105.177 Y47.862 E5.3055
G1 X104.473 Y47.157 E5.3961
G1 X104.207 Y47.18 E5.42038
G1 X103.612 Y47.18 E5.47449
G1 X104.294 Y47.862 E5.5622
G1 X103.41 Y47.862 E5.64259
G1 X102.728 Y47.18 E5.7303
G1 X102.556 Y47.18 E5.74594
G1 X101.801 Y47.029 E5.81596
G1 X101.614 Y46.95 E5.83442
G1 X102.527 Y47.862 E5.95177
G1 X101.643 Y47.863 E6.03216
G1 X100.832 Y47.052 E6.13646
G1 X100.59 Y47.132 E6.15964
G1 X100.059 Y47.163 E6.20801
G1 X100.76 Y47.863 E6.2981
G1 X99.876 Y47.863 E6.37849
G1 X98.86 Y46.847 E6.50915
G1 X98.718 Y46.931 E6.52415
G1 X98.483 Y47.029 E6.5473
G1 X98.231 Y47.102 E6.57116
G1 X98.993 Y47.863 E6.66909
G1 X98.109 Y47.864 E6.74948
G1 X97.426 Y47.18 E6.83738
G1 X96.542 Y47.18 E6.91777
G1 X97.225 Y47.864 E7.00567
G1 X96.342 Y47.864 E7.08597
G1 X95.637 Y47.159 E7.17663
G1 X95.447 Y47.163 E7.19391
G1 X95.003 Y47.108 E7.23459
G1 X94.751 Y47.157 E7.25793
G1 X95.458 Y47.864 E7.34885
G1 X94.575 Y47.865 E7.42915
G1 X93.891 Y47.18 E7.51718
G1 X93.007 Y47.18 E7.59757
G1 X93.691 Y47.865 E7.6856
G1 X92.808 Y47.865 E7.7659
G1 X92.095 Y47.152 E7.85759
G1 X91.774 Y47.18 E7.88689
G1 X91.239 Y47.18 E7.93554
G1 X91.924 Y47.865 E8.02363
G1 X91.041 Y47.865 E8.10393
G1 X90.356 Y47.18 E8.19202
G1 X89.472 Y47.18 E8.27241
G1 X90.157 Y47.866 E8.36057
G1 X89.274 Y47.866 E8.44087
G1 X88.516 Y47.108 E8.53835
G1 X88.245 Y47.03 E8.56399
G1 X88.097 Y46.961 E8.57884
G1 X87.924 Y47.035 E8.59595
G1 X87.64 Y47.117 E8.62283
G1 X88.671 Y48.147 E8.75535
G1 E6.75535 F2400
G92 E0
G1 X101.59 Y38.972 F7800
G1 E2 F2400
G1 F1800
G1 X102.677 Y40.058 E2.13972
G1 X102.445 Y40.148 E2.16235
G1 X102.291 Y40.078 E2.17773
G1 X101.706 Y39.971 E2.23181
G1 X100.988 Y39.253 E2.32415
G1 X100.104 Y39.253 E2.40454
G1 X100.873 Y40.023 E2.5035
G1 X100.402 Y40.215 E2.54975
G1 X100.268 Y40.301 E2.56423
G1 X99.22 Y39.253 E2.699
G1 X98.336 Y39.253 E2.77939
G1 X99.047 Y39.964 E2.87083
G1 X98.795 Y39.934 E2.89391
G1 X98.148 Y39.949 E2.95276
G1 X97.452 Y39.253 E3.04227
G1 X96.569 Y39.253 E3.12257
G1 X97.258 Y39.943 E3.21124
G1 X96.369 Y39.937 E3.29208
G1 X95.685 Y39.253 E3.38004
G1 X94.801 Y39.253 E3.46043
G1 X95.549 Y40.009 E3.55714
G1 X95.019 Y39.935 E3.6058
G1 X94.599 Y39.935 E3.64399
G1 X93.917 Y39.253 E3.7317
G1 X93.034 Y39.253 E3.812
G1 X93.715 Y39.935 E3.89964
G1 X92.832 Y39.935 E3.97994
G1 X92.15 Y39.253 E4.06765
G1 X91.266 Y39.253 E4.14804
G1 X91.976 Y39.963 E4.23935
G1 X91.765 Y40.009 E4.25899
G1 X91.235 Y39.935 E4.30765
G1 X91.064 Y39.935 E4.3232
G1 X90.382 Y39.253 E4.41091
G1 X89.498 Y39.253 E4.4913
G1 X90.18 Y39.935 E4.57901
G1 X89.59 Y39.935 E4.63266
G1 X89.32 Y39.959 E4.65731
G1 X88.615 Y39.253 E4.74804
G1 X87.731 Y39.253 E4.82843
G1 X88.413 Y39.935 E4.91614
G1 X87.529 Y39.935 E4.99653
G1 X86.847 Y39.253 E5.08424
G1 X85.963 Y39.253 E5.16463
G1 X86.645 Y39.935 E5.25234
G1 X85.765 Y39.939 E5.33236
G1 X85.08 Y39.253 E5.42052
G1 X84.196 Y39.253 E5.50091
G1 X85.033 Y40.091 E5.60861
G1 X84.851 Y40.167 E5.62655
G1 X84.461 Y40.402 E5.66796
G1 X83.312 Y39.253 E5.81572
G1 X82.428 Y39.253 E5.89611
G1 X84.01 Y40.835 E6.09956
G1 X83.771 Y41.255 E6.1435
G1 X83.714 Y41.422 E6.15955
G1 X81.545 Y39.253 E6.43849
G1 X80.661 Y39.253 E6.51888
G1 X83.844 Y42.437 E6.92828
G1 E4.92828 F2400
G92 E0
G1 X85.178 Y44.654 F7800
G1 E2 F2400
G1 F1800
G1 X79.777 Y39.253 E2.69457
G1 X78.893 Y39.253 E2.77496
G1 X84.946 Y45.306 E3.55338
G1 X85.051 Y45.688 E3.58941
G1 X85.128 Y45.873 E3.60763
G1 X85.354 Y46.274 E3.64949
G1 X85.719 Y46.659 E3.69773
G1 X86.21 Y46.952 E3.74972
G1 X86.399 Y47.03 E3.76831
G1 X86.781 Y47.141 E3.80448
G1 X87.506 Y47.866 E3.89772
G1 X86.623 Y47.867 E3.97802
G1 X78.009 Y39.253 E5.08579
G1 X77.126 Y39.253 E5.16609
G1 X85.739 Y47.867 E6.27379
G1 X84.856 Y47.867 E6.35409
G1 X76.242 Y39.253 E7.46186
G1 X75.358 Y39.253 E7.54225
G1 X83.972 Y47.867 E8.65002
G1 X83.089 Y47.868 E8.73032
G1 X74.474 Y39.253 E9.83822
G1 X73.591 Y39.253 E9.91852
G1 X82.205 Y47.868 E11.02635
G1 X81.322 Y47.868 E11.10665
G1 X72.707 Y39.253 E12.21455
G1 X71.823 Y39.253 E12.29494
G1 X80.616 Y48.046 E13.42573
G1 X80.33 Y48.201 E13.45531
G1 X80.084 Y48.398 E13.48397
G1 X70.939 Y39.253 E14.66003
G1 X70.055 Y39.253 E14.74042
G1 X79.692 Y48.89 E15.97975
G1 X79.509 Y49.313 E16.02166
G1 X79.46 Y49.541 E16.04287
G1 X69.172 Y39.253 E17.36592
G1 X68.288 Y39.253 E17.44631
G1 X79.425 Y50.39 E18.87854
G1 X79.425 Y51.274 E18.95893
G1 X67.404 Y39.253 E20.50484
G1 X66.52 Y39.253 E20.58523
G1 X79.425 Y52.158 E22.24483
G1 X79.425 Y53.042 E22.32522
G1 X65.637 Y39.253 E24.09843
G1 X64.753 Y39.253 E24.17882
G1 X79.425 Y53.925 E26.06565
G1 X79.425 Y54.809 E26.14604
G1 X63.869 Y39.253 E28.14656
G1 X62.985 Y39.253 E28.22695
G1 X79.425 Y55.693 E30.34115
G1 X79.425 Y56.577 E30.42154
G1 X62.101 Y39.253 E32.64942
G1 X61.218 Y39.253 E32.72972
G1 X79.425 Y57.461 E35.07122
G1 X79.425 Y58.344 E35.15152
G1 X60.334 Y39.253 E37.60664
G1 X59.45 Y39.253 E37.68703
G1 X79.425 Y59.228 E40.25583
G1 X79.425 Y60.112 E40.33622
G1 X58.566 Y39.253 E43.01871
G1 X57.683 Y39.253 E43.09901
G1 X79.425 Y60.996 E45.89512
G1 X79.425 Y61.879 E45.97542
G1 X56.799 Y39.253 E48.88515
G1 X55.915 Y39.253 E48.96554
G1 X79.425 Y62.763 E51.98895
G1 X79.425 Y63.647 E52.06934
G1 X55.031 Y39.253 E55.20643
G1 X54.147 Y39.253 E55.28682
G1 X79.425 Y64.531 E58.5376
G1 X79.425 Y65.415 E58.61799
G1 X53.264 Y39.253 E61.98238
G1 X52.38 Y39.253 E62.06277
G1 X79.425 Y66.298 E65.54078
G1 X79.425 Y67.182 E65.62117
G1 X51.496 Y39.253 E69.21287
G1 X50.612 Y39.253 E69.29326
G1 X79.425 Y68.066 E72.99864
G1 X79.425 Y68.95 E73.07903
G1 X52.685 Y42.21 E76.51782
G1 X52.685 Y42.381 E76.53337
G1 X52.79 Y42.449 E76.54475
G1 X53.038 Y42.733 E76.57904
G1 X53.268 Y43.142 E76.62171
G1 X53.445 Y43.638 E76.6696
G1 X53.485 Y43.893 E76.69307
G1 X79.425 Y69.833 E80.02898
G1 X79.425 Y70.717 E80.10937
G1 X53.398 Y44.69 E83.45647
G1 X53.345 Y44.871 E83.47362
G1 X53.137 Y45.313 E83.51804
G1 X79.425 Y71.601 E86.8987
G1 X79.425 Y72.485 E86.97909
G1 X52.724 Y45.784 E90.41286
G1 X52.543 Y45.946 E90.43495
G1 X52.364 Y46.048 E90.45368
G1 X52.269 Y46.213 E90.47099
G1 X53.918 Y47.861 E90.68299
G1 X53.034 Y47.861 E90.76338
G1 X51.84 Y46.668 E90.91687
G1 X51.373 Y46.951 E90.96653
G1 X51.279 Y46.99 E90.97578
G1 X52.15 Y47.861 E91.08779
G1 X51.266 Y47.861 E91.16818
G1 X50.573 Y47.168 E91.2573
G1 X50.414 Y47.182 E91.27181
G1 X50.061 Y47.151 E91.30403
G1 X49.642 Y47.029 E91.34371
G1 X49.471 Y46.95 E91.36084
G1 X50.383 Y47.861 E91.47806
G1 X49.499 Y47.861 E91.55845
G1 X48.523 Y46.886 E91.6839
G1 X48.217 Y47.028 E91.71458
G1 X47.88 Y47.126 E91.74649
G1 X48.615 Y47.861 E91.84101
G1 X47.731 Y47.861 E91.9214
G1 X47.05 Y47.18 E92.00898
G1 X46.167 Y47.18 E92.08928
G1 X46.848 Y47.861 E92.17686
G1 X45.964 Y47.861 E92.25725
G1 X45.176 Y47.074 E92.35852
G1 X45.008 Y47.012 E92.3748
G1 X44.87 Y47.067 E92.38831
G1 X44.552 Y47.15 E92.4182
G1 X44.384 Y47.165 E92.43354
G1 X45.08 Y47.861 E92.52305
G1 X44.196 Y47.861 E92.60344
G1 X43.515 Y47.18 E92.69102
G1 X42.632 Y47.18 E92.77132
G1 X43.313 Y47.861 E92.8589
G1 X42.429 Y47.861 E92.93929
G1 X41.728 Y47.161 E93.02938
G1 X41.505 Y47.18 E93.04973
G1 X40.864 Y47.18 E93.10802
G1 X41.545 Y47.861 E93.1956
G1 X40.661 Y47.861 E93.27599
G1 X39.98 Y47.18 E93.36357
G1 X39.096 Y47.18 E93.44396
G1 X39.777 Y47.861 E93.53154
G1 X38.894 Y47.861 E93.61184
G1 X38.213 Y47.18 E93.69942
G1 X37.329 Y47.18 E93.77981
G1 X38.01 Y47.861 E93.86739
G1 X37.126 Y47.861 E93.94778
G1 X36.445 Y47.18 E94.03536
G1 X35.561 Y47.18 E94.11575
G1 X36.242 Y47.861 E94.20333
G1 X35.359 Y47.861 E94.28363
G1 X34.662 Y47.164 E94.37326
G1 X34.477 Y47.18 E94.39015
G1 X33.794 Y47.18 E94.45226
G1 X34.475 Y47.861 E94.53984
G1 X33.591 Y47.861 E94.62023
G1 X32.91 Y47.18 E94.70781
G1 X32.178 Y47.07 E94.77512
G1 X32.034 Y47.012 E94.78924
G1 X31.908 Y47.062 E94.80157
G1 X32.707 Y47.861 E94.90432
G1 X31.823 Y47.861 E94.98471
G1 X31.143 Y47.18 E95.07222
G1 X30.259 Y47.18 E95.15261
G1 X30.94 Y47.861 E95.24019
G1 X30.056 Y47.861 E95.32058
G1 X29.334 Y47.14 E95.41337
G1 X28.966 Y47.08 E95.44728
G1 X28.642 Y46.952 E95.47896
G1 X28.428 Y46.809 E95.50236
G1 X28.428 Y47.117 E95.53037
G1 X29.453 Y48.142 E95.66219
G1 E93.66219 F2400
G92 E0
G1 X49.447 Y38.972 F7800
G1 E2 F2400
G1 F1800
G1 X50.413 Y39.938 E2.12423
G1 X50.046 Y39.967 E2.15771
G1 X49.671 Y40.079 E2.1933
G1 X48.845 Y39.253 E2.29952
G1 X47.961 Y39.253 E2.37991
G1 X48.823 Y40.115 E2.49076
G1 X48.756 Y40.087 E2.49736
G1 X48.001 Y39.935 E2.56739
G1 X47.759 Y39.935 E2.5894
G1 X47.077 Y39.253 E2.67711
G1 X46.193 Y39.253 E2.7575
G1 X46.875 Y39.935 E2.84521
G1 X45.992 Y39.935 E2.92551
G1 X45.31 Y39.253 E3.01322
G1 X44.426 Y39.253 E3.09361
G1 X45.121 Y39.948 E3.18299
G1 X44.926 Y39.965 E3.20079
G1 X44.74 Y40.009 E3.21817
G1 X44.226 Y39.937 E3.26537
G1 X43.542 Y39.253 E3.35333
G1 X42.658 Y39.253 E3.43372
G1 X43.34 Y39.935 E3.52143
G1 X42.465 Y39.944 E3.601
G1 X41.775 Y39.253 E3.6898
G1 X40.891 Y39.253 E3.77019
G1 X41.725 Y40.087 E3.87744
G1 X41.62 Y40.046 E3.88769
G1 X40.971 Y39.935 E3.94756
G1 X40.689 Y39.935 E3.9732
G1 X40.007 Y39.253 E4.06091
G1 X39.123 Y39.253 E4.1413
G1 X39.805 Y39.935 E4.22901
G1 X39.321 Y39.935 E4.27302
G1 X38.957 Y39.97 E4.30627
G1 X38.239 Y39.253 E4.39854
G1 X37.356 Y39.253 E4.47884
G1 X38.101 Y39.999 E4.57471
G1 X37.727 Y39.935 E4.60921
G1 X37.154 Y39.935 E4.66132
G1 X36.472 Y39.253 E4.74903
G1 X35.588 Y39.253 E4.82942
G1 X36.27 Y39.935 E4.91713
G1 X35.732 Y39.965 E4.96613
G1 X35.487 Y40.036 E4.98933
G1 X34.704 Y39.253 E5.09002
G1 X33.821 Y39.253 E5.17032
G1 X34.872 Y40.306 E5.30561
G1 X34.671 Y40.189 E5.32676
G1 X34.325 Y40.056 E5.36047
G1 X33.99 Y39.967 E5.39199
G1 X33.625 Y39.941 E5.42527
G1 X32.937 Y39.253 E5.51375
G1 X32.053 Y39.253 E5.59414
G1 X32.884 Y40.084 E5.70101
G1 X32.639 Y40.176 E5.72481
G1 X32.433 Y40.298 E5.74658
G1 X32.336 Y40.236 E5.75705
G1 X32.007 Y40.091 E5.78974
G1 X31.169 Y39.253 E5.89751
G1 X30.285 Y39.253 E5.9779
G1 X30.967 Y39.935 E6.06561
G1 X30.084 Y39.935 E6.14591
G1 X29.402 Y39.253 E6.23362
G1 X28.518 Y39.253 E6.31401
G1 X29.233 Y39.968 E6.40596
G1 X28.828 Y40.086 E6.44432
G1 X28.584 Y40.203 E6.46893
G1 X28.147 Y39.766 E6.52513
G1 E4.52513 F2400
G92 E0
G1 X55.693 Y49.636 F7800
G1 E2 F2400
G1 F1800
G1 X79.425 Y73.369 E5.05202
G1 X79.425 Y74.252 E5.13232
G1 X55.995 Y50.822 E8.14544
G1 X55.995 Y51.706 E8.22583
G1 X79.425 Y75.136 E11.23895
G1 X79.425 Y76.02 E11.31934
G1 X55.995 Y52.59 E14.33246
G1 X55.995 Y53.473 E14.41276
G1 X79.425 Y76.904 E17.42595
G1 X79.425 Y77.787 E17.50625
G1 X55.995 Y54.357 E20.51937
G1 X55.995 Y55.241 E20.59976
G1 X79.425 Y78.671 E23.61288
G1 X79.425 Y79.555 E23.69327
G1 X55.995 Y56.125 E26.70639
G1 X55.995 Y57.009 E26.78678
G1 X79.425 Y80.439 E29.7999
G1 X79.425 Y81.323 E29.88029
G1 X55.995 Y57.892 E32.89348
G1 X55.995 Y58.776 E32.97387
G1 X79.425 Y82.206 E35.98699
G1 X79.425 Y83.09 E36.06738
G1 X55.995 Y59.66 E39.0805
G1 X55.995 Y60.544 E39.16089
G1 X79.425 Y83.974 E42.17401
G1 X79.425 Y84.858 E42.2544
G1 X55.995 Y61.427 E45.26759
G1 X55.995 Y62.311 E45.34798
G1 X79.425 Y85.741 E48.3611
G1 X79.425 Y86.625 E48.44149
G1 X55.995 Y63.195 E51.45461
G1 X55.995 Y64.079 E51.535
G1 X79.425 Y87.509 E54.54812
G1 X79.425 Y88.393 E54.62851
G1 X55.995 Y64.963 E57.64163
G1 X55.995 Y65.846 E57.72193
G1 X79.425 Y89.276 E60.73505
G1 X79.425 Y90.16 E60.81544
G1 X55.995 Y66.73 E63.82856
G1 X55.995 Y67.614 E63.90895
G1 X79.425 Y91.044 E66.92207
G1 X79.425 Y91.928 E67.00246
G1 X55.995 Y68.498 E70.01558
G1 X55.995 Y69.381 E70.09588
G1 X79.425 Y92.812 E73.10907
G1 X79.425 Y93.695 E73.18937
G1 X55.995 Y70.265 E76.20249
G1 X55.995 Y71.149 E76.28288
G1 X79.425 Y94.579 E79.296
G1 X79.425 Y95.463 E79.37639
G1 X55.995 Y72.033 E82.38951
G1 X55.995 Y72.917 E82.4699
G1 X79.425 Y96.347 E85.48302
G1 X79.425 Y97.23 E85.56332
G1 X55.995 Y73.8 E88.57644
G1 X55.995 Y74.684 E88.65683
G1 X79.425 Y98.114 E91.66995
G1 X79.425 Y98.998 E91.75034
G1 X55.995 Y75.568 E94.76346
G1 X55.995 Y76.452 E94.84385
G1 X79.425 Y99.882 E97.85697
G1 X79.425 Y100.766 E97.93736
G1 X55.995 Y77.335 E100.95055
G1 X55.995 Y78.219 E101.03094
G1 X79.425 Y101.649 E104.04406
G1 X79.425 Y102.533 E104.12445
G1 X55.995 Y79.103 E107.13757
G1 X55.995 Y79.987 E107.21796
G1 X79.425 Y103.417 E110.23108
G1 X79.425 Y104.301 E110.31147
G1 X55.995 Y80.871 E113.32459
G1 X55.995 Y81.754 E113.40489
G1 X79.425 Y105.184 E116.41801
G1 X79.425 Y106.068 E116.4984
G1 X55.995 Y82.638 E119.51152
G1 X55.995 Y83.522 E119.59191
G1 X79.425 Y106.952 E122.60503
G1 X79.425 Y107.836 E122.68542
G1 X55.995 Y84.406 E125.69854
G1 X55.995 Y85.289 E125.77884
G1 X79.425 Y108.72 E128.79203
G1 X79.425 Y109.603 E128.87233
G1 X55.995 Y86.173 E131.88545
G1 X55.995 Y87.057 E131.96584
G1 X79.425 Y110.487 E134.97896
G1 X79.425 Y111.371 E135.05935
G1 X55.995 Y87.941 E138.07247
G1 X55.995 Y88.825 E138.15286
G1 X79.425 Y112.255 E141.16598
G1 X79.425 Y113.138 E141.24628
G1 X55.995 Y89.708 E144.2594
G1 X55.995 Y90.592 E144.33979
G1 X79.425 Y114.022 E147.35291
G1 X79.425 Y114.906 E147.4333
G1 X55.995 Y91.476 E150.44642
G1 X55.995 Y92.36 E150.52681
G1 X79.425 Y115.79 E153.53993
G1 X79.425 Y116.674 E153.62032
G1 X55.995 Y93.243 E156.63351
G1 X55.995 Y94.127 E156.7139
G1 X79.425 Y117.557 E159.72702
G1 X79.425 Y118.441 E159.80741
G1 X55.995 Y95.011 E162.82053
G1 X55.995 Y95.895 E162.90092
G1 X79.425 Y119.325 E165.91404
G1 X79.425 Y120.209 E165.99443
G1 X55.995 Y96.779 E169.00755
G1 X55.995 Y97.662 E169.08785
G1 X79.425 Y121.092 E172.10097
G1 X79.425 Y121.976 E172.18136
G1 X55.995 Y98.546 E175.19448
G1 X55.995 Y99.43 E175.27487
G1 X79.425 Y122.86 E178.28799
G1 X79.425 Y123.744 E178.36838
G1 X55.995 Y100.314 E181.3815
G1 X55.995 Y101.197 E181.4618
G1 X79.425 Y124.628 E184.47499
G1 X79.425 Y125.511 E184.55529
G1 X55.995 Y102.081 E187.56841
G1 X55.995 Y102.965 E187.6488
G1 X79.734 Y126.704 E190.70166
G1 E188.70166 F2400
G92 E0
G1 X105.966 Y128.19 F7800
G1 E2 F2400
G1 F1800
G1 X106.991 Y129.215 E2.13182
G1 X106.991 Y130.099 E2.21221
G1 X105.363 Y128.471 E2.42157
G1 X104.479 Y128.471 E2.50196
G1 X106.991 Y130.983 E2.82501
G1 X106.991 Y131.867 E2.9054
G1 X103.596 Y128.471 E3.34206
G1 X102.712 Y128.471 E3.42245
G1 X106.991 Y132.75 E3.97273
G1 X106.991 Y133.634 E4.05312
G1 X101.828 Y128.471 E4.71709
G1 X100.944 Y128.471 E4.79748
G1 X106.991 Y134.518 E5.57513
G1 X106.991 Y135.402 E5.65552
G1 X100.06 Y128.471 E6.54685
G1 X99.177 Y128.471 E6.62715
G1 X106.991 Y136.286 E7.6321
G1 X106.991 Y137.079 E7.70421
G1 X106.901 Y137.079 E7.71239
G1 X98.293 Y128.471 E8.81939
G1 X97.409 Y128.471 E8.89978
G1 X106.017 Y137.079 E10.00678
G1 X105.133 Y137.079 E10.08717
G1 X96.525 Y128.471 E11.19417
G1 X95.642 Y128.471 E11.27447
G1 X104.25 Y137.079 E12.38147
G1 X103.366 Y137.079 E12.46186
G1 X94.758 Y128.471 E13.56886
G1 X93.874 Y128.471 E13.64925
G1 X102.482 Y137.079 E14.75625
G1 X101.598 Y137.079 E14.83664
G1 X92.99 Y128.471 E15.94364
G1 X92.106 Y128.471 E16.02403
G1 X100.715 Y137.079 E17.13109
G1 X99.831 Y137.079 E17.21148
G1 X91.223 Y128.471 E18.31848
G1 X90.339 Y128.471 E18.39887
G1 X98.947 Y137.079 E19.50587
G1 X98.063 Y137.079 E19.58626
G1 X89.455 Y128.471 E20.69326
G1 X88.571 Y128.471 E20.77365
G1 X97.179 Y137.079 E21.88065
G1 X96.296 Y137.079 E21.96095
G1 X87.688 Y128.471 E23.06795
G1 X86.804 Y128.471 E23.14834
G1 X95.412 Y137.079 E24.25534
G1 X94.528 Y137.079 E24.33573
G1 X85.92 Y128.471 E25.44273
G1 X85.036 Y128.471 E25.52312
G1 X93.644 Y137.079 E26.63012
G1 X92.761 Y137.079 E26.71042
G1 X84.152 Y128.471 E27.81748
G1 X83.269 Y128.471 E27.89778
G1 X91.877 Y137.079 E29.00478
G1 X90.993 Y137.079 E29.08517
G1 X82.385 Y128.471 E30.19217
G1 X81.501 Y128.471 E30.27256
G1 X90.109 Y137.079 E31.37956
G1 X89.225 Y137.079 E31.45995
G1 X55.995 Y103.849 E35.73336
G1 X55.995 Y104.733 E35.81375
G1 X88.342 Y137.079 E39.97354
G1 X87.458 Y137.079 E40.05393
G1 X55.995 Y105.616 E44.1001
G1 X55.995 Y106.5 E44.18049
G1 X86.574 Y137.079 E48.11298
G1 X85.69 Y137.079 E48.19337
G1 X55.995 Y107.384 E52.01218
G1 X55.995 Y108.268 E52.09257
G1 X84.807 Y137.079 E55.79776
G1 X83.923 Y137.079 E55.87815
G1 X55.995 Y109.151 E59.46972
G1 X55.995 Y110.035 E59.55011
G1 X83.039 Y137.079 E63.02799
G1 X82.155 Y137.079 E63.10838
G1 X55.995 Y110.919 E66.47258
G1 X55.995 Y111.803 E66.55297
G1 X81.271 Y137.079 E69.80349
G1 X80.388 Y137.079 E69.88379
G1 X55.995 Y112.686 E73.02075
G1 X55.995 Y113.57 E73.10114
G1 X79.504 Y137.079 E76.12442
G1 X78.62 Y137.079 E76.20481
G1 X55.995 Y114.454 E79.11441
G1 X55.995 Y115.338 E79.1948
G1 X77.736 Y137.079 E81.99071
G1 X76.853 Y137.079 E82.07101
G1 X55.995 Y116.222 E84.7533
G1 X55.995 Y117.105 E84.8336
G1 X75.969 Y137.079 E87.40228
G1 X75.085 Y137.079 E87.48267
G1 X55.995 Y117.989 E89.93766
G1 X55.995 Y118.873 E90.01805
G1 X74.201 Y137.079 E92.35936
G1 X73.318 Y137.079 E92.43966
G1 X55.995 Y119.757 E94.66735
G1 X55.995 Y120.64 E94.74765
G1 X72.434 Y137.079 E96.86172
G1 X71.55 Y137.079 E96.94211
G1 X55.995 Y121.524 E98.9425
G1 X55.995 Y122.408 E99.02289
G1 X70.666 Y137.079 E100.90959
G1 X69.782 Y137.079 E100.98998
G1 X55.995 Y123.292 E102.763
G1 X55.995 Y124.176 E102.84339
G1 X68.899 Y137.079 E104.50279
G1 X68.015 Y137.079 E104.58318
G1 X55.995 Y125.059 E106.12896
G1 X55.995 Y125.943 E106.20935
G1 X67.131 Y137.079 E107.64145
G1 X66.247 Y137.079 E107.72184
G1 X55.959 Y126.791 E109.04489
G1 X55.861 Y127.168 E109.08031
G1 X55.726 Y127.442 E109.10809
G1 X65.364 Y137.079 E110.34748
G1 X64.48 Y137.079 E110.42787
G1 X55.33 Y127.929 E111.60457
G1 X55.124 Y128.108 E111.62939
G1 X54.803 Y128.286 E111.66277
G1 X63.596 Y137.079 E112.79356
G1 X62.712 Y137.079 E112.87395
G1 X54.096 Y128.463 E113.98198
G1 X53.22 Y128.471 E114.06164
G1 X61.828 Y137.079 E115.16864
G1 X60.945 Y137.079 E115.24894
G1 X52.337 Y128.471 E116.35594
G1 X51.453 Y128.471 E116.43633
G1 X60.061 Y137.079 E117.54333
G1 X59.177 Y137.079 E117.62372
G1 X50.569 Y128.471 E118.73072
G1 X49.685 Y128.471 E118.81111
G1 X58.293 Y137.079 E119.91811
G1 X57.41 Y137.079 E119.99841
G1 X48.801 Y128.471 E121.10547
G1 X47.918 Y128.471 E121.18577
G1 X56.526 Y137.079 E122.29277
G1 X55.642 Y137.079 E122.37316
G1 X47.034 Y128.471 E123.48016
G1 X46.15 Y128.471 E123.56055
G1 X54.758 Y137.079 E124.66755
G1 X53.874 Y137.079 E124.74794
G1 X45.266 Y128.471 E125.85494
G1 X44.383 Y128.471 E125.93524
G1 X52.991 Y137.079 E127.04224
G1 X52.107 Y137.079 E127.12263
G1 X43.499 Y128.471 E128.22963
G1 X42.615 Y128.471 E128.31002
G1 X51.223 Y137.079 E129.41702
G1 X50.339 Y137.079 E129.49741
G1 X41.731 Y128.471 E130.60441
G1 X40.847 Y128.471 E130.6848
G1 X49.456 Y137.079 E131.79186
G1 X48.572 Y137.079 E131.87225
G1 X39.964 Y128.471 E132.97925
G1 X39.08 Y128.471 E133.05964
G1 X47.688 Y137.079 E134.16664
G1 X46.804 Y137.079 E134.24703
G1 X38.196 Y128.471 E135.35403
G1 X37.312 Y128.471 E135.43442
G1 X45.92 Y137.079 E136.54142
G1 X45.037 Y137.079 E136.62172
G1 X36.429 Y128.471 E137.72872
G1 X35.545 Y128.471 E137.80911
G1 X44.153 Y137.079 E138.91611
G1 X43.269 Y137.079 E138.9965
G1 X34.661 Y128.471 E140.1035
G1 X33.777 Y128.471 E140.18389
G1 X42.385 Y137.079 E141.29089
G1 X41.502 Y137.079 E141.37119
G1 X32.893 Y128.471 E142.47825
G1 X32.01 Y128.471 E142.55855
G1 X40.618 Y137.079 E143.66555
G1 X39.734 Y137.079 E143.74594
G1 X31.126 Y128.471 E144.85294
G1 X30.242 Y128.471 E144.93333
G1 X38.85 Y137.079 E146.04033
G1 X37.966 Y137.079 E146.12072
G1 X29.358 Y128.471 E147.22772
G1 X28.475 Y128.471 E147.30802
G1 X37.083 Y137.079 E148.41502
G1 X36.199 Y137.079 E148.49541
G1 X28.428 Y129.308 E149.49477
G1 X28.428 Y130.192 E149.57516
G1 X35.315 Y137.079 E150.46083
G1 X34.431 Y137.079 E150.54122
G1 X28.428 Y131.076 E151.31321
G1 X28.428 Y131.96 E151.3936
G1 X33.548 Y137.079 E152.05197
G1 X32.664 Y137.079 E152.13236
G1 X28.428 Y132.843 E152.67711
G1 X28.428 Y133.727 E152.7575
G1 X31.78 Y137.079 E153.18857
G1 X30.896 Y137.079 E153.26896
G1 X28.428 Y134.611 E153.58635
G1 X28.428 Y135.495 E153.66674
G1 X30.012 Y137.079 E153.87044
G1 X29.129 Y137.079 E153.95074
G1 X28.147 Y136.097 E154.07703
G1 E152.07703 F2400
G92 E0
G1 X96.766 Y44.401 F7800
G1 E2 F2400
;TYPE:External perimeter
;WIDTH:0.599357
G1 F1800
G1 X97.748 Y43.419 E2.10594
G1 X97.748 Y44.161 E2.16254
G1 X97.502 Y44.407 E2.18908
G1 X96.811 Y44.407 E2.24179
G1 X97.066 Y44.098 F7800
G1 X96.056 Y43.69
;WIDTH:0.599356
G1 F1800
G1 X96.05 Y43.696 E2.24244
G1 X96.05 Y42.955 E2.29897
G1 X96.295 Y42.71 E2.3254
G1 X97.03 Y42.716 E2.38147
G1 X96.098 Y43.648 E2.48202
G1 X96.042 Y43.252 F7800
G1 E.48202 F2400
G92 E0
G1 X49.899 Y43.476 F7800
G1 E2 F2400
;WIDTH:0.702921
G1 F1800
G1 X49.821 Y43.476 E2.00713
G1 X49.782 Y43.544 E2.01429
G1 X49.821 Y43.612 E2.02145
G1 X49.899 Y43.612 E2.02858
G1 X49.938 Y43.544 E2.03574
;LAYER_CHANGE
;Z:0.65
;HEIGHT:0.3
G1 E.03574 F2400
G92 E0
G1 Z.65 F7800
G1 X223.416 Y37.409
G1 E2 F2400
;WIDTH:0.448857
G1 F1500
G1 X223.416 Y37.676 E2.0128
;TYPE:Overhang perimeter
;WIDTH:0.4
;HEIGHT:0.4
G1 X223.416 Y37.794 E2.01896
G1 X160.684 Y37.794 E5.29639
G1 X160.684 Y37.676 E5.30255
;TYPE:External perimeter
;WIDTH:0.448857
;HEIGHT:0.3
G1 X160.684 Y37.409 E5.31535
G1 X223.356 Y37.409 E8.32072
G1 X223.402 Y37.806 F7800
G1 E6.32072 F2400
G92 E0
G1 X156.634 Y106.789 F7800
G1 E2 F2400
G1 F1500
G1 X156.634 Y48.804 E4.78061
G1 X156.901 Y48.804 E4.79341
;TYPE:Overhang perimeter
;WIDTH:0.4
;HEIGHT:0.4
G1 X157.018 Y48.804 E4.79952
G1 X157.018 Y106.789 E7.82894
G1 X156.901 Y106.789 E7.83505
;TYPE:External perimeter
;WIDTH:0.448857
;HEIGHT:0.3
G1 X156.694 Y106.789 E7.84498
G1 X156.635 Y106.394 F7800
G1 E5.84498 F2400
G92 E0
G1 X133.062 Y170.955 F7800
G1 E2 F2400
;TYPE:Perimeter
;WIDTH:0.45
G1 X133.043 Y170.977 E2.0014
G1 X132.932 Y171.517 E2.02792
;WIDTH:0.464918
G1 X133.016 Y171.812 E2.04324
G1 X132.453 Y171.812 E2.07137
G1 X132.537 Y171.517 E2.08669
;WIDTH:0.45
G1 X132.426 Y170.977 E2.11321
G1 X132.185 Y170.686 E2.13138
G1 X131.922 Y170.533 E2.14601
G1 X131.576 Y170.469 E2.16293
G1 X113.056 Y170.469 E3.05368
G1 X113.056 Y100.265 E6.43025
G1 X152.413 Y100.265 E8.32318
G1 X152.413 Y170.469 E11.69975
G1 X133.893 Y170.469 E12.5905
G1 X133.613 Y170.511 E12.60412
G1 X133.284 Y170.686 E12.62204
G1 X133.1 Y170.909 E12.63595
G1 X133.399 Y171.144 F7800
G1 F2400
G1 X133.383 Y171.16 E12.63704
G1 X133.316 Y171.484 E12.65295
G1 X133.397 Y171.731 E12.66545
G1 X133.681 Y172.205 E12.69203
G1 X131.788 Y172.205 E12.78308
G1 X132.072 Y171.731 E12.80966
G1 X132.148 Y171.521 E12.8204
G1 X132.086 Y171.16 E12.83802
G1 X131.844 Y170.92 E12.85441
G1 X131.576 Y170.855 E12.86767
G1 X112.67 Y170.855 E13.77698
G1 X112.67 Y99.879 E17.19068
G1 X152.799 Y99.879 E19.12075
G1 X152.799 Y170.855 E22.53445
G1 X133.893 Y170.855 E23.44376
G1 X133.625 Y170.92 E23.45702
G1 X133.442 Y171.101 E23.4694
G1 X133.743 Y171.35 F7800
;TYPE:External perimeter
G1 F1500
G1 X133.701 Y171.45 E23.47462
G1 X133.727 Y171.532 E23.47876
G1 X134.362 Y172.59 E23.53811
G1 X131.107 Y172.59 E23.69466
G1 X131.778 Y171.472 E23.75737
G1 X131.698 Y171.284 E23.7672
G1 X131.576 Y171.24 E23.77344
G1 X112.285 Y171.24 E24.70127
G1 X112.285 Y99.631 E28.14541
;TYPE:Overhang perimeter
;WIDTH:0.4
;HEIGHT:0.4
G1 X112.285 Y99.493 E28.15262
G1 X153.185 Y99.493 E30.28944
G1 X153.185 Y99.631 E30.29665
;TYPE:External perimeter
;WIDTH:0.45
;HEIGHT:0.3
G1 X153.185 Y171.24 E33.74079
G1 X133.893 Y171.24 E34.66867
G1 X133.771 Y171.284 E34.67491
G1 X133.766 Y171.295 E34.67549
G1 X133.83 Y171.69 F7800
G1 E32.67549 F2400
G92 E0
G1 X113.45 Y100.585 F7800
G1 E2 F2400
;TYPE:Solid infill
;WIDTH:0.543559
G1 F1200
G1 X113.407 Y100.543 E2.00359
G1 X113.349 Y100.558 E2.00717
G1 X113.334 Y100.616 E2.01075
G1 X113.376 Y100.658 E2.0143
G1 X113.434 Y100.643 E2.01788
;WIDTH:0.45
G1 X113.345 Y101.259 E2.04782
G1 X114.05 Y100.554 E2.09577
G1 X114.595 Y100.554 E2.12198
G1 X113.345 Y101.804 E2.207
G1 X113.345 Y102.349 E2.23321
G1 X115.141 Y100.554 E2.35534
G1 X115.686 Y100.554 E2.38155
G1 X113.345 Y102.895 E2.54078
G1 X113.345 Y103.44 E2.56699
G1 X116.231 Y100.554 E2.76329
G1 X116.777 Y100.554 E2.78955
G1 X113.345 Y103.986 E3.02299
G1 X113.345 Y104.531 E3.0492
G1 X117.322 Y100.554 E3.31971
G1 X117.867 Y100.554 E3.34592
G1 X113.345 Y105.076 E3.6535
G1 X113.345 Y105.622 E3.67976
G1 X118.413 Y100.554 E4.02448
G1 X118.958 Y100.554 E4.05069
G1 X113.345 Y106.167 E4.43248
G1 X113.345 Y106.712 E4.45869
G1 X119.503 Y100.554 E4.87755
G1 X120.049 Y100.554 E4.90381
G1 X113.345 Y107.258 E5.35981
G1 X113.345 Y107.803 E5.38602
G1 X120.594 Y100.554 E5.87909
G1 X121.14 Y100.554 E5.90535
G1 X113.345 Y108.348 E6.43552
G1 X113.345 Y108.894 E6.46178
G1 X121.685 Y100.554 E7.02906
G1 X122.23 Y100.554 E7.05527
G1 X113.345 Y109.439 E7.65962
G1 X113.345 Y109.984 E7.68583
G1 X122.776 Y100.554 E8.32728
G1 X123.321 Y100.554 E8.35349
G1 X113.345 Y110.53 E9.03205
G1 X113.345 Y111.075 E9.05826
G1 X123.866 Y100.554 E9.77389
G1 X124.412 Y100.554 E9.80015
G1 X113.345 Y111.62 E10.55288
G1 X113.345 Y112.166 E10.57914
G1 X124.957 Y100.554 E11.36897
G1 X125.502 Y100.554 E11.39518
G1 X113.345 Y112.711 E12.22208
G1 X113.345 Y113.256 E12.24829
G1 X126.048 Y100.554 E13.1123
G1 X126.593 Y100.554 E13.13851
G1 X113.345 Y113.802 E14.03962
G1 X113.345 Y114.347 E14.06583
G1 X127.138 Y100.554 E15.00401
G1 X127.684 Y100.554 E15.03027
G1 X113.345 Y114.892 E16.00556
G1 X113.345 Y115.438 E16.03182
G1 X128.229 Y100.554 E17.04421
G1 X128.774 Y100.554 E17.07042
G1 X113.345 Y115.983 E18.11988
G1 X113.345 Y116.529 E18.14614
G1 X129.32 Y100.554 E19.23274
G1 X129.865 Y100.554 E19.25895
G1 X113.345 Y117.074 E20.38262
G1 X113.345 Y117.619 E20.40883
G1 X130.41 Y100.554 E21.56957
G1 X130.956 Y100.554 E21.59583
G1 X113.345 Y118.165 E22.79371
G1 X113.345 Y118.71 E22.81992
G1 X131.501 Y100.554 E24.05487
G1 X132.046 Y100.554 E24.08108
G1 X113.345 Y119.255 E25.3531
G1 X113.345 Y119.801 E25.37936
G1 X132.592 Y100.554 E26.68852
G1 X133.137 Y100.554 E26.71473
G1 X113.345 Y120.346 E28.06096
G1 X113.345 Y120.891 E28.08717
G1 X133.683 Y100.554 E29.4705
G1 X134.228 Y100.554 E29.49671
G1 X113.345 Y121.437 E30.91715
G1 X113.345 Y121.982 E30.94336
G1 X134.773 Y100.554 E32.40087
G1 X135.319 Y100.554 E32.42713
G1 X113.345 Y122.527 E33.92174
G1 X113.345 Y123.073 E33.948
G1 X135.864 Y100.554 E35.47971
G1 X136.409 Y100.554 E35.50592
G1 X113.345 Y123.618 E37.0747
G1 X113.345 Y124.163 E37.10091
G1 X136.955 Y100.554 E38.7068
G1 X137.5 Y100.554 E38.73301
G1 X113.345 Y124.709 E40.376
G1 X113.345 Y125.254 E40.40221
G1 X138.045 Y100.554 E42.08227
G1 X138.591 Y100.554 E42.10853
G1 X113.345 Y125.799 E43.8257
G1 X113.345 Y126.345 E43.85196
G1 X139.136 Y100.554 E45.60623
G1 X139.681 Y100.554 E45.63244
G1 X113.345 Y126.89 E47.42378
G1 X113.345 Y127.435 E47.44999
G1 X140.227 Y100.554 E49.27844
G1 X140.772 Y100.554 E49.30465
G1 X113.345 Y127.981 E51.1702
G1 X113.345 Y128.526 E51.19641
G1 X141.317 Y100.554 E53.09903
G1 X141.863 Y100.554 E53.12529
G1 X113.345 Y129.072 E55.06505
G1 X113.345 Y129.617 E55.09126
G1 X142.408 Y100.554 E57.06809
G1 X142.953 Y100.554 E57.0943
G1 X113.345 Y130.162 E59.1082
G1 X113.345 Y130.708 E59.13446
G1 X143.499 Y100.554 E61.1855
G1 X144.044 Y100.554 E61.21171
G1 X113.345 Y131.253 E63.29982
G1 X113.345 Y131.798 E63.32603
G1 X144.589 Y100.554 E65.45121
G1 X145.135 Y100.554 E65.47747
G1 X113.345 Y132.344 E67.63979
G1 X113.345 Y132.889 E67.666
G1 X145.68 Y100.554 E69.86539
G1 X146.226 Y100.554 E69.89165
G1 X113.345 Y133.434 E72.12814
G1 X113.345 Y133.98 E72.1544
G1 X146.771 Y100.554 E74.428
G1 X147.316 Y100.554 E74.45421
G1 X113.345 Y134.525 E76.76488
G1 X113.345 Y135.07 E76.79109
G1 X147.862 Y100.554 E79.13886
G1 X148.407 Y100.554 E79.16507
G1 X113.345 Y135.616 E81.54994
G1 X113.345 Y136.161 E81.57615
G1 X148.952 Y100.554 E83.99809
G1 X149.498 Y100.554 E84.02435
G1 X113.345 Y136.706 E86.4834
G1 X113.345 Y137.252 E86.50966
G1 X150.043 Y100.554 E89.00581
G1 X150.588 Y100.554 E89.03202
G1 X113.345 Y137.797 E91.56524
G1 X113.345 Y138.342 E91.59145
G1 X151.134 Y100.554 E94.16178
G1 X151.679 Y100.554 E94.18799
G1 X113.345 Y138.888 E96.79542
G1 X113.345 Y139.433 E96.82163
G1 X152.124 Y100.654 E99.45933
G1 X152.272 Y100.466 E99.47084
;WIDTH:0.404381
G1 X152.231 Y100.477 E99.47264
G1 X152.212 Y100.406 E99.47576
G1 X152.283 Y100.425 E99.47888
G1 X152.124 Y101.199 F7800
;WIDTH:0.45
G1 F1200
G1 X113.345 Y139.978 E102.11658
G1 X113.345 Y140.524 E102.14284
G1 X152.124 Y101.745 E104.78054
G1 X152.124 Y102.29 E104.80675
G1 X113.345 Y141.069 E107.44445
G1 X113.345 Y141.615 E107.47071
G1 X152.124 Y102.835 E110.10844
G1 X152.124 Y103.381 E110.1347
G1 X113.345 Y142.16 E112.7724
G1 X113.345 Y142.705 E112.79861
G1 X152.124 Y103.926 E115.43631
G1 X152.124 Y104.471 E115.46252
G1 X113.345 Y143.251 E118.10025
G1 X113.345 Y143.796 E118.12646
G1 X152.124 Y105.017 E120.76416
G1 X152.124 Y105.562 E120.79037
G1 X113.345 Y144.341 E123.42807
G1 X113.345 Y144.887 E123.45433
G1 X152.124 Y106.107 E126.09206
G1 X152.124 Y106.653 E126.11832
G1 X113.345 Y145.432 E128.75602
G1 X113.345 Y145.977 E128.78223
G1 X152.124 Y107.198 E131.41993
G1 X152.124 Y107.744 E131.44619
G1 X113.345 Y146.523 E134.08389
G1 X113.345 Y147.068 E134.1101
G1 X152.124 Y108.289 E136.7478
G1 X152.124 Y108.834 E136.77401
G1 X113.345 Y147.613 E139.41171
G1 X113.345 Y148.159 E139.43797
G1 X152.124 Y109.38 E142.07567
G1 X152.124 Y109.925 E142.10188
G1 X113.345 Y148.704 E144.73958
G1 X113.345 Y149.249 E144.76579
G1 X152.124 Y110.47 E147.40349
G1 X152.124 Y111.016 E147.42975
G1 X113.345 Y149.795 E150.06745
G1 X113.345 Y150.34 E150.09366
G1 X152.124 Y111.561 E152.73136
G1 X152.124 Y112.106 E152.75757
G1 X113.345 Y150.885 E155.39527
G1 X113.345 Y151.431 E155.42153
G1 X152.124 Y112.652 E158.05923
G1 X152.124 Y113.197 E158.08544
G1 X113.345 Y151.976 E160.72314
G1 X113.345 Y152.521 E160.74935
G1 X152.124 Y113.742 E163.38705
G1 X152.124 Y114.288 E163.41331
G1 X113.345 Y153.067 E166.05101
G1 X113.345 Y153.612 E166.07722
G1 X152.124 Y114.833 E168.71492
G1 X152.124 Y115.378 E168.74113
G1 X113.345 Y154.157 E171.37883
G1 X113.345 Y154.703 E171.40509
G1 X152.124 Y115.924 E174.04279
G1 X152.124 Y116.469 E174.069
G1 X113.345 Y155.248 E176.7067
G1 X113.345 Y155.794 E176.73296
G1 X152.124 Y117.014 E179.37069
G1 X152.124 Y117.56 E179.39695
G1 X113.345 Y156.339 E182.03465
G1 X113.345 Y156.884 E182.06086
G1 X152.124 Y118.105 E184.69856
G1 X152.124 Y118.65 E184.72477
G1 X113.345 Y157.43 E187.3625
G1 X113.345 Y157.975 E187.38871
G1 X152.124 Y119.196 E190.02641
G1 X152.124 Y119.741 E190.05262
G1 X113.345 Y158.52 E192.69032
G1 X113.345 Y159.066 E192.71658
G1 X152.124 Y120.287 E195.35428
G1 X152.124 Y120.832 E195.38049
G1 X113.345 Y159.611 E198.01819
G1 X113.345 Y160.156 E198.0444
G1 X152.124 Y121.377 E200.6821
G1 X152.124 Y121.923 E200.70836
G1 X113.345 Y160.702 E203.34606
G1 X113.345 Y161.247 E203.37227
G1 X152.124 Y122.468 E206.00997
G1 X152.124 Y123.013 E206.03618
G1 X113.345 Y161.792 E208.67388
G1 X113.345 Y162.338 E208.70014
G1 X152.124 Y123.559 E211.33784
G1 X152.124 Y124.104 E211.36405
G1 X113.345 Y162.883 E214.00175
G1 X113.345 Y163.428 E214.02796
G1 X152.124 Y124.649 E216.66566
G1 X152.124 Y125.195 E216.69192
G1 X113.345 Y163.974 E219.32962
G1 X113.345 Y164.519 E219.35583
G1 X152.124 Y125.74 E221.99353
G1 X152.124 Y126.285 E222.01974
G1 X113.345 Y165.064 E224.65744
G1 X113.345 Y165.61 E224.6837
G1 X152.124 Y126.831 E227.3214
G1 X152.124 Y127.376 E227.34761
G1 X113.345 Y166.155 E229.98531
G1 X113.345 Y166.7 E230.01152
G1 X152.124 Y127.921 E232.64922
G1 X152.124 Y128.467 E232.67548
G1 X113.345 Y167.246 E235.31318
G1 X113.345 Y167.791 E235.33939
G1 X152.124 Y129.012 E237.97709
G1 X152.124 Y129.557 E238.0033
G1 X113.345 Y168.337 E240.64103
G1 X113.345 Y168.882 E240.66724
G1 X152.124 Y130.103 E243.30494
G1 X152.124 Y130.648 E243.33115
G1 X113.345 Y169.427 E245.96885
G1 X113.289 Y170.296 F7800
;WIDTH:0.404381
G1 F1200
G1 X113.248 Y170.307 E245.97065
G1 X113.229 Y170.236 E245.97377
G1 X113.3 Y170.255 E245.97689
;WIDTH:0.45
G1 X113.345 Y169.973 E245.99062
G1 X152.124 Y131.193 E248.62835
G1 X152.124 Y131.739 E248.65461
G1 X113.683 Y170.18 E251.26932
G1 X114.228 Y170.18 E251.29553
G1 X152.124 Y132.284 E253.87317
G1 X152.124 Y132.83 E253.89943
G1 X114.773 Y170.18 E256.43996
G1 X115.319 Y170.18 E256.46622
G1 X152.124 Y133.375 E258.96965
G1 X152.124 Y133.92 E258.99586
G1 X115.864 Y170.18 E261.46222
G1 X116.409 Y170.18 E261.48843
G1 X152.124 Y134.466 E263.91769
G1 X152.124 Y135.011 E263.9439
G1 X116.955 Y170.18 E266.33605
G1 X117.5 Y170.181 E266.36226
G1 X152.124 Y135.556 E268.71738
G1 X152.124 Y136.102 E268.74364
G1 X118.045 Y170.181 E271.06165
G1 X118.59 Y170.181 E271.08786
G1 X152.124 Y136.647 E273.3688
G1 X152.124 Y137.192 E273.39501
G1 X119.136 Y170.181 E275.63885
G1 X119.681 Y170.181 E275.66506
G1 X152.124 Y137.738 E277.87179
G1 X152.124 Y138.283 E277.898
G1 X120.226 Y170.181 E280.06766
G1 X120.771 Y170.181 E280.09387
G1 X152.124 Y138.828 E282.22646
G1 X152.124 Y139.374 E282.25272
G1 X121.317 Y170.181 E284.34817
G1 X121.862 Y170.181 E284.37438
G1 X152.124 Y139.919 E286.43276
G1 X152.124 Y140.464 E286.45897
G1 X122.407 Y170.181 E288.48028
G1 X122.952 Y170.181 E288.50649
G1 X152.124 Y141.01 E290.4907
G1 X152.124 Y141.555 E290.51691
G1 X123.498 Y170.181 E292.46401
G1 X124.043 Y170.181 E292.49022
G1 X152.124 Y142.1 E294.40025
G1 X152.124 Y142.646 E294.42651
G1 X124.588 Y170.182 E296.29947
G1 X125.134 Y170.182 E296.32573
G1 X152.124 Y143.191 E298.16159
G1 X152.124 Y143.736 E298.1878
G1 X125.679 Y170.182 E299.98659
G1 X126.224 Y170.182 E300.0128
G1 X152.124 Y144.282 E301.77449
G1 X152.124 Y144.827 E301.8007
G1 X126.769 Y170.182 E303.52532
G1 X127.315 Y170.182 E303.55158
G1 X152.124 Y145.373 E305.23906
G1 X152.124 Y145.918 E305.26527
G1 X127.86 Y170.182 E306.91568
G1 X128.405 Y170.182 E306.94189
G1 X152.124 Y146.463 E308.55523
G1 X152.124 Y147.009 E308.58149
G1 X128.95 Y170.182 E310.15772
G1 X129.496 Y170.182 E310.18398
G1 X152.124 Y147.554 E311.72311
G1 X152.124 Y148.099 E311.74932
G1 X130.041 Y170.182 E313.25138
G1 X130.586 Y170.182 E313.27759
G1 X152.124 Y148.645 E314.74254
G1 X152.124 Y149.19 E314.76875
G1 X131.131 Y170.183 E316.19667
G1 X131.675 Y170.184 E316.22283
G1 X152.124 Y149.735 E317.61375
G1 X152.124 Y150.281 E317.64001
G1 X132.104 Y170.3 E319.00171
G1 X132.424 Y170.526 E319.02055
G1 X152.124 Y150.826 E320.36052
G1 X152.124 Y151.371 E320.38673
G1 X132.67 Y170.825 E321.70997
G1 X132.619 Y171.141 E321.72537
;WIDTH:0.404381
G1 X132.716 Y171.143 E321.72948
G1 X132.821 Y171.1 E321.73429
G1 X133.615 Y170.362 F7800
G1 F1200
G1 X133.574 Y170.373 E321.73609
G1 X133.555 Y170.302 E321.73921
G1 X133.626 Y170.321 E321.74233
;WIDTH:0.45
G1 X133.858 Y170.183 E321.75531
G1 X152.124 Y151.917 E322.99774
G1 X152.124 Y152.462 E323.02395
G1 X134.404 Y170.183 E324.22928
G1 X134.949 Y170.182 E324.25549
G1 X152.124 Y153.007 E325.42371
G1 X152.124 Y153.553 E325.44997
G1 X135.494 Y170.182 E326.58109
G1 X136.04 Y170.182 E326.60735
G1 X152.124 Y154.098 E327.70136
G1 X152.124 Y154.643 E327.72757
G1 X136.585 Y170.182 E328.78451
G1 X137.131 Y170.182 E328.81077
G1 X152.124 Y155.189 E329.83058
G1 X152.124 Y155.734 E329.85679
G1 X137.676 Y170.182 E330.83953
G1 X138.222 Y170.182 E330.86579
G1 X152.124 Y156.279 E331.81142
G1 X152.124 Y156.825 E331.83768
G1 X138.767 Y170.182 E332.74621
G1 X139.312 Y170.182 E332.77242
G1 X152.124 Y157.37 E333.64388
G1 X152.124 Y157.915 E333.67009
G1 X139.858 Y170.182 E334.50444
G1 X140.403 Y170.182 E334.53065
G1 X152.124 Y158.461 E335.3279
G1 X152.124 Y159.006 E335.35411
G1 X140.949 Y170.182 E336.11425
G1 X141.494 Y170.181 E336.14046
G1 X152.124 Y159.552 E336.86347
G1 X152.124 Y160.097 E336.88968
G1 X142.04 Y170.181 E337.57558
G1 X142.585 Y170.181 E337.60179
G1 X152.124 Y160.642 E338.25062
G1 X152.124 Y161.188 E338.27688
G1 X143.13 Y170.181 E338.88861
G1 X143.676 Y170.181 E338.91487
G1 X152.124 Y161.733 E339.48949
G1 X152.124 Y162.278 E339.5157
G1 X144.221 Y170.181 E340.05325
G1 X144.767 Y170.181 E340.07951
G1 X152.124 Y162.824 E340.57992
G1 X152.124 Y163.369 E340.60613
G1 X145.312 Y170.181 E341.06947
G1 X145.858 Y170.181 E341.09573
G1 X152.124 Y163.914 E341.52197
G1 X152.124 Y164.46 E341.54823
G1 X146.403 Y170.181 E341.93737
G1 X146.948 Y170.181 E341.96358
G1 X152.124 Y165.005 E342.31565
G1 X152.124 Y165.55 E342.34186
G1 X147.494 Y170.181 E342.65682
G1 X148.039 Y170.18 E342.68303
G1 X152.124 Y166.096 E342.96085
G1 X152.124 Y166.641 E342.98706
G1 X148.585 Y170.18 E343.22778
G1 X149.13 Y170.18 E343.25399
G1 X152.124 Y167.186 E343.45764
G1 X152.124 Y167.732 E343.4839
G1 X149.676 Y170.18 E343.65041
G1 X150.221 Y170.18 E343.67662
G1 X152.124 Y168.277 E343.80606
G1 X152.319 Y168.159 E343.81702
;WIDTH:0.404381
G1 X152.278 Y168.17 E343.81882
G1 X152.259 Y168.099 E343.82194
G1 X152.33 Y168.118 E343.82506
;WIDTH:0.45
G1 X152.124 Y168.822 E343.86034
G1 X152.124 Y170.18 E343.92566
G1 X150.766 Y170.18 E343.99098
G1 X151.988 Y168.959 E344.07406
G1 X151.776 Y169.769 F7800
;WIDTH:0.473945
G1 F1200
G1 X151.74 Y169.733 E344.07666
G1 X151.69 Y169.746 E344.0793
G1 X151.677 Y169.796 E344.08194
G1 X151.713 Y169.832 E344.08454
G1 X151.763 Y169.819 E344.08718
G1 E342.08718 F2400
G92 E0
G1 X114.486 Y61.936 F7800
G1 E2 F2400
;TYPE:Perimeter
;WIDTH:0.610955
G1 F1200
G1 X115.033 Y61.936 E2.03729
G1 X115.033 Y80.458 E3.29997
G1 X114.486 Y80.458 E3.33726
G1 X114.486 Y61.996 E4.59585
G1 X114.02 Y61.47 F7800
;WIDTH:0.45
G1 F2400
G1 X115.499 Y61.47 E4.66698
G1 X115.499 Y80.924 E5.60265
G1 X114.02 Y80.924 E5.67378
G1 X114.02 Y61.53 E6.60656
G1 X113.635 Y61.085 F7800
;TYPE:External perimeter
G1 F1500
G1 X115.885 Y61.085 E6.71478
G1 X115.885 Y81.31 E7.68753
G1 X113.635 Y81.31 E7.79575
G1 X113.635 Y61.145 E8.76562
G1 X114.03 Y61.085 F7800
G1 E6.76562 F2400
G92 E0
G1 X114.486 Y56.783 F7800
G1 E2 F2400
;TYPE:Perimeter
;WIDTH:0.610955
G1 F1200
G1 X114.486 Y38.261 E3.26268
G1 X115.033 Y38.261 E3.29997
G1 X115.033 Y56.783 E4.56265
G1 X114.546 Y56.783 E4.59585
G1 X114.02 Y57.249 F7800
;WIDTH:0.45
G1 F2400
G1 X114.02 Y37.795 E5.53152
G1 X115.499 Y37.795 E5.60265
G1 X115.499 Y57.249 E6.53832
G1 X114.08 Y57.249 E6.60657
G1 X113.635 Y57.635 F7800
;TYPE:External perimeter
G1 F1500
G1 X113.635 Y37.41 E7.57932
G1 X115.885 Y37.41 E7.68754
G1 X115.885 Y57.635 E8.66029
G1 X113.695 Y57.635 E8.76562
G1 X113.635 Y57.239 F7800
G1 E6.76562 F2400
G92 E0
G1 X102.196 Y44.752 F7800
G1 E2 F2400
G1 F1200
G1 X102.236 Y44.656 E2.005
G1 X102.34 Y44.562 E2.01174
G1 X102.572 Y44.481 E2.02356
G1 X102.958 Y44.481 E2.04213
G1 X102.958 Y43.005 E2.11312
G1 X102.757 Y43.129 E2.12448
G1 X102.539 Y43.172 E2.13517
G1 X102.356 Y43.109 E2.14448
G1 X102.2 Y42.939 E2.15558
G1 X102.157 Y42.811 E2.16207
;WIDTH:0.44856
G1 X102.2 Y42.557 E2.17441
;WIDTH:0.449317
G1 X102.37 Y42.371 E2.18651
;WIDTH:0.45
G1 X103.258 Y41.805 E2.23716
G1 X103.537 Y41.805 E2.25058
G1 X103.708 Y41.926 E2.26066
G1 X103.814 Y42.203 E2.27492
G1 X103.814 Y44.481 E2.38448
G1 X104.274 Y44.496 E2.40662
G1 X104.503 Y44.61 E2.41892
G1 X104.625 Y44.909 E2.43445
G1 X104.542 Y45.15 E2.44671
G1 X104.438 Y45.254 E2.45378
G1 X104.2 Y45.337 E2.4659
G1 X102.572 Y45.337 E2.5442
G1 X102.279 Y45.218 E2.55941
G1 X102.161 Y44.983 E2.57206
G1 X102.161 Y44.835 E2.57918
G1 X102.173 Y44.808 E2.5806
G1 X102.464 Y44.533 F7800
G1 E.5806 F2400
G92 E0
G1 X98.62 Y42.703 F7800
G1 E2 F2400
;WIDTH:0.404381
G1 F1200
G1 X98.503 Y42.47 E2.01106
G1 X98.521 Y42.115 E2.02613
G1 E.02613 F2400
G92 E0
G1 X95.202 Y44.727 F7800
G1 E2 F2400
G1 F1200
G1 X95.277 Y44.647 E2.00465
G1 E.00465 F2400
G92 E0
G1 X88.489 Y43.823 F7800
G1 E2 F2400
;TYPE:Perimeter
;WIDTH:0.567627
G1 F1200
G1 X88.457 Y43.877 E2.00394
G1 X88.394 Y43.877 E2.00789
G1 X88.363 Y43.823 E2.0118
G1 X88.394 Y43.769 E2.01571
G1 X88.457 Y43.769 E2.01966
G1 E.01966 F2400
G92 E0
G1 X102.089 Y43.836 F7800
G1 E2 F2400
;WIDTH:0.481403
G1 F1200
G1 X102.063 Y43.881 E2.0027
G1 X102.011 Y43.881 E2.0054
G1 X101.984 Y43.836 E2.00813
G1 X102.011 Y43.791 E2.01086
G1 X102.063 Y43.791 E2.01356
G1 E.01356 F2400
G92 E0
G1 X95.003 Y45.976 F7800
G1 E2 F2400
;WIDTH:0.45
G1 X94.993 Y45.971 E2.00054
G1 X94.594 Y46.108 E2.02083
G1 X92.841 Y46.108 E2.10514
G1 X92.468 Y46.033 E2.12344
G1 X92.294 Y45.968 E2.13237
G1 X91.891 Y46.108 E2.15289
G1 X89.057 Y46.108 E2.2892
G1 X88.619 Y46.025 E2.31064
G1 X88.288 Y45.809 E2.32965
G1 X88.118 Y45.624 E2.34173
G1 X87.972 Y45.799 E2.35269
G1 X87.703 Y45.966 E2.36792
G1 X87.335 Y46.094 E2.38666
G1 X87.001 Y46.094 E2.40272
G1 X86.633 Y45.966 E2.42146
G1 X86.394 Y45.825 E2.43481
G1 X86.221 Y45.642 E2.44692
G1 X86.044 Y45.284 E2.46613
G1 X85.969 Y44.912 E2.48438
G1 X85.969 Y43.405 E2.55686
G1 X85.538 Y43.369 E2.57766
G1 X85.08 Y43.139 E2.60231
G1 X84.789 Y42.82 E2.62308
G1 X84.659 Y42.511 E2.6392
G1 X84.635 Y42.112 E2.65843
G1 X84.726 Y41.705 E2.67849
G1 X84.96 Y41.38 E2.69775
G1 X85.141 Y41.219 E2.7094
G1 X85.5 Y41.059 E2.7283
G1 X85.811 Y41.007 E2.74347
G1 X88.525 Y41.007 E2.874
G1 X88.955 Y41.099 E2.89515
G1 X89.07 Y41.146 E2.90113
G1 X89.473 Y41.007 E2.92163
G1 X91.226 Y41.007 E3.00594
G1 X91.599 Y41.083 E3.02425
G1 X91.773 Y41.147 E3.03317
G1 X92.176 Y41.007 E3.05369
G1 X95.01 Y41.007 E3.19
G1 X95.382 Y41.082 E3.20825
G1 X95.555 Y41.147 E3.21714
G1 X95.96 Y41.007 E3.23775
G1 X98.789 Y41.006 E3.37382
G1 X99.069 Y41.043 E3.3874
G1 X99.448 Y41.209 E3.4073
G1 X99.81 Y41.58 E3.43223
G1 X100.142 Y42.228 E3.46725
G1 X100.414 Y41.685 E3.49646
G1 X100.675 Y41.329 E3.51769
G1 X101.019 Y41.115 E3.53718
G1 X101.281 Y41.029 E3.55044
G1 X101.644 Y41.025 E3.5679
G1 X101.992 Y41.115 E3.58519
G1 X102.262 Y41.304 E3.60104
G1 X102.404 Y41.434 E3.6103
G1 X102.923 Y41.11 E3.63973
G1 X103.175 Y41.029 E3.65246
G1 X103.536 Y41.025 E3.66982
G1 X103.789 Y41.076 E3.68223
G1 X104.088 Y41.238 E3.69859
G1 X104.33 Y41.47 E3.71471
G1 X104.51 Y41.831 E3.73411
G1 X104.585 Y42.203 E3.75236
G1 X104.585 Y43.79 E3.82869
G1 X105.063 Y44.079 E3.85556
G1 X105.323 Y44.54 E3.88102
G1 X105.396 Y44.909 E3.89911
G1 X105.323 Y45.278 E3.9172
G1 X105.254 Y45.445 E3.92589
G1 X105.017 Y45.784 E3.94578
G1 X104.572 Y46.033 E3.97031
G1 X104.2 Y46.108 E3.98856
G1 X102.572 Y46.108 E4.06686
G1 X102.036 Y45.965 E4.09354
G1 X101.76 Y45.789 E4.10928
G1 X101.597 Y45.595 E4.12147
G1 X101.449 Y45.278 E4.1383
G1 X101.435 Y45.005 E4.15145
G1 X101.131 Y45.578 E4.18265
G1 X100.769 Y45.927 E4.20683
G1 X100.399 Y46.076 E4.22601
G1 X100.052 Y46.091 E4.24272
G1 X99.616 Y45.987 E4.26428
G1 X99.243 Y45.681 E4.28748
G1 X99.003 Y45.311 E4.30869
G1 X98.555 Y45.759 E4.33916
G1 X98.243 Y45.968 E4.35722
G1 X97.837 Y46.108 E4.37788
G1 X96.085 Y46.108 E4.46215
G1 X95.46 Y46.091 E4.49222
G1 X95.12 Y46.03 E4.50883
G1 X95.058 Y46.001 E4.51212
G1 X95.179 Y45.63 F7800
G1 F2400
G1 X94.988 Y45.532 E4.52245
G1 X94.566 Y45.723 E4.54473
G1 X92.841 Y45.723 E4.6277
G1 X92.615 Y45.677 E4.63879
G1 X92.304 Y45.512 E4.65572
G1 X91.883 Y45.723 E4.67837
G1 X89.057 Y45.723 E4.81429
G1 X88.716 Y45.646 E4.8311
G1 X88.433 Y45.408 E4.84888
G1 X88.298 Y45.153 E4.86276
;WIDTH:0.424965
G1 X88.29 Y44.816 E4.87792
;WIDTH:0.424375
G1 X88.347 Y44.628 E4.88674
;WIDTH:0.45
G1 X88.405 Y44.439 E4.89625
G1 X88.654 Y44.204 E4.91272
G1 X89.035 Y43.993 E4.93367
;WIDTH:0.420754
G1 X89.415 Y43.782 E4.95299
;WIDTH:0.428908
G1 X90.667 Y43.009 E5.01989
G1 X89.933 Y43.009 E5.05326
G1 X89.718 Y43.194 E5.06616
;WIDTH:0.4015
G1 X89.502 Y43.379 E5.07812
;WIDTH:0.391509
G1 X89.268 Y43.49 E5.08869
;WIDTH:0.420754
G1 X89.054 Y43.504 E5.09822
;WIDTH:0.45
G1 X88.839 Y43.517 E5.10858
G1 X88.629 Y43.428 E5.11955
G1 X88.359 Y43.135 E5.13871
G1 X88.311 Y43.02 E5.1447
G1 X87.981 Y43.02 E5.16057
G1 X87.969 Y44.549 E5.23411
;WIDTH:0.424375
G1 X87.956 Y44.815 E5.24607
;WIDTH:0.424965
G1 X87.925 Y45.131 E5.26035
;WIDTH:0.45
G1 X87.783 Y45.441 E5.27675
G1 X87.556 Y45.61 E5.29036
G1 X87.268 Y45.714 E5.30509
G1 X87.068 Y45.714 E5.31471
G1 X86.78 Y45.61 E5.32944
G1 X86.533 Y45.415 E5.34458
G1 X86.355 Y44.976 E5.36736
G1 X86.355 Y43.02 E5.46144
G1 X85.813 Y43.02 E5.48751
G1 X85.614 Y42.991 E5.49718
G1 X85.317 Y42.833 E5.51336
G1 X85.083 Y42.557 E5.53076
G1 X85.02 Y42.295 E5.54372
G1 X85.076 Y41.868 E5.56443
G1 X85.251 Y41.633 E5.57852
G1 X85.5 Y41.466 E5.59294
G1 X85.811 Y41.393 E5.6083
G1 X88.525 Y41.393 E5.73883
G1 X88.903 Y41.493 E5.75764
G1 X89.056 Y41.607 E5.76682
G1 X89.413 Y41.423 E5.78614
G1 X89.598 Y41.393 E5.79515
G1 X91.226 Y41.393 E5.87345
G1 X91.452 Y41.439 E5.88454
G1 X91.763 Y41.604 E5.90147
G1 X92.184 Y41.393 E5.92412
G1 X95.01 Y41.393 E6.06004
G1 X95.233 Y41.438 E6.07098
G1 X95.548 Y41.603 E6.08808
G1 X95.863 Y41.437 E6.10521
G1 X96.085 Y41.393 E6.1161
G1 X97.713 Y41.393 E6.1944
G1 X98.064 Y41.418 E6.21132
G1 X98.602 Y41.423 E6.2372
G1 X98.902 Y41.403 E6.25166
G1 X99.221 Y41.521 E6.26802
G1 X99.5 Y41.805 E6.28717
G1 X100.142 Y43.091 E6.3563
G1 X100.759 Y41.857 E6.42266
G1 X100.936 Y41.613 E6.43716
G1 X101.191 Y41.461 E6.45144
G1 X101.485 Y41.401 E6.46587
G1 X101.828 Y41.464 E6.48264
G1 X102.12 Y41.706 E6.50088
G1 X102.24 Y41.996 E6.51597
G1 X103.031 Y41.491 E6.56111
G1 X103.242 Y41.409 E6.572
G1 X103.512 Y41.41 E6.58499
G1 X103.796 Y41.506 E6.59941
G1 X104.019 Y41.698 E6.61356
G1 X104.155 Y41.98 E6.62862
G1 X104.199 Y42.203 E6.63955
G1 X104.2 Y44.095 E6.73055
G1 X104.587 Y44.209 E6.74995
G1 X104.783 Y44.344 E6.7614
G1 X104.967 Y44.688 E6.78016
G1 X105.011 Y44.909 E6.791
G1 X104.967 Y45.131 E6.80189
G1 X104.756 Y45.501 E6.82238
G1 X104.423 Y45.678 E6.84052
G1 X104.2 Y45.723 E6.85146
G1 X102.572 Y45.723 E6.92976
G1 X102.171 Y45.603 E6.94989
G1 X101.97 Y45.453 E6.96195
G1 X101.805 Y45.131 E6.97935
;WIDTH:0.483512
G1 X101.782 Y44.997 E6.98646
;WIDTH:0.517025
G1 X101.76 Y44.863 E6.99413
;WIDTH:0.550538
G1 X101.737 Y44.73 E7.00231
G1 X101.852 Y44.464 E7.01988
;WIDTH:0.537607
G1 X102.022 Y44.335 E7.03248
;WIDTH:0.493803
G1 X102.191 Y44.206 E7.04387
;WIDTH:0.45
G1 X102.572 Y44.095 E7.06296
G1 X102.573 Y43.545 E7.08941
G1 X102.316 Y43.518 E7.10184
G1 X102.103 Y43.4 E7.11355
G1 X101.915 Y43.182 E7.1274
G1 X101.675 Y43.663 E7.15325
;WIDTH:0.493803
G1 X101.552 Y43.958 E7.17037
;WIDTH:0.537607
G1 X101.429 Y44.253 E7.18923
G1 X101.192 Y44.677 E7.2179
;WIDTH:0.493803
G1 X100.956 Y45.101 E7.24389
;WIDTH:0.45
G1 X100.769 Y45.409 E7.26122
G1 X100.494 Y45.643 E7.27859
G1 X100.233 Y45.705 E7.29149
G1 X100.052 Y45.705 E7.3002
G1 X99.73 Y45.607 E7.31639
G1 X99.516 Y45.409 E7.33041
G1 X99.035 Y44.514 E7.37928
G1 X98.953 Y44.754 E7.39148
G1 X98.636 Y45.133 E7.41524
G1 X98.264 Y45.505 E7.44054
G1 X97.934 Y45.679 E7.45848
G1 X97.713 Y45.723 E7.46932
G1 X96.085 Y45.723 E7.54762
G1 X95.671 Y45.704 E7.56755
G1 X95.255 Y45.669 E7.58763
G1 X95.232 Y45.657 E7.58888
G1 X95.352 Y45.284 F7800
;TYPE:External perimeter
G1 F1500
G1 X95.193 Y45.136 E7.59933
G1 X95.146 Y44.999 E7.6063
;WIDTH:0.438801
G1 X95.202 Y44.727 E7.61927
;WIDTH:0.45
G1 X94.845 Y45.136 E7.64538
G1 X94.704 Y45.256 E7.65429
G1 X94.469 Y45.337 E7.66625
G1 X92.841 Y45.337 E7.74455
G1 X92.544 Y45.214 E7.76001
G1 X92.185 Y44.825 E7.78547
;WIDTH:0.429133
G1 X92.071 Y44.684 E7.79372
G1 X92.158 Y44.843 E7.80197
;WIDTH:0.45
G1 X92.177 Y44.983 E7.80877
G1 X92.065 Y45.213 E7.82107
G1 X91.766 Y45.337 E7.83664
G1 X89.057 Y45.337 E7.96693
G1 X88.865 Y45.288 E7.97646
G1 X88.657 Y45.052 E7.99159
G1 X88.65 Y44.817 E8.0029
G1 X88.789 Y44.585 E8.01591
G1 X91.335 Y43.045 E8.15902
G1 X91.335 Y42.924 E8.16484
G1 X91.045 Y42.634 E8.18457
G1 X89.778 Y42.634 E8.24551
G1 X89.36 Y43.051 E8.27391
G1 X89.133 Y43.161 E8.28604
G1 X88.986 Y43.16 E8.29311
G1 X88.805 Y43.085 E8.30253
G1 X88.715 Y42.987 E8.30893
G1 X88.636 Y42.744 E8.32122
;WIDTH:0.445769
G1 X88.741 Y42.516 E8.33316
G1 X88.523 Y42.63 E8.34486
;WIDTH:0.45
G1 X87.596 Y42.634 E8.38945
G1 X87.596 Y44.913 E8.49906
G1 X87.484 Y45.198 E8.51379
G1 X87.201 Y45.335 E8.52891
G1 X86.928 Y45.254 E8.54261
G1 X86.824 Y45.15 E8.54968
G1 X86.74 Y44.912 E8.56182
G1 X86.74 Y42.634 E8.67138
G1 X85.813 Y42.634 E8.71597
G1 X85.59 Y42.56 E8.72727
G1 X85.411 Y42.339 E8.74095
G1 X85.407 Y42.113 E8.75182
G1 X85.454 Y41.987 E8.75829
G1 X85.625 Y41.831 E8.76942
G1 X85.811 Y41.778 E8.77872
G1 X88.525 Y41.778 E8.90925
G1 X88.756 Y41.853 E8.92093
G1 X88.926 Y42.076 E8.93442
G1 X88.917 Y42.273 E8.9439
;WIDTH:0.432047
G1 X88.89 Y42.338 E8.94713
;WIDTH:0.45
G1 X89.3 Y41.902 E8.97592
G1 X89.598 Y41.778 E8.99144
G1 X91.226 Y41.778 E9.06974
G1 X91.523 Y41.902 E9.08522
G1 X91.876 Y42.255 E9.10923
G1 X91.959 Y41.965 E9.12374
G1 X92.07 Y41.859 E9.13112
G1 X92.301 Y41.778 E9.14289
G1 X95.01 Y41.778 E9.27318
G1 X95.309 Y41.903 E9.28877
G1 X95.42 Y42.132 E9.30101
G1 X95.377 Y42.338 E9.31113
G1 X95.788 Y41.902 E9.33995
G1 X96.085 Y41.778 E9.35543
G1 X97.713 Y41.778 E9.43373
G1 X97.926 Y41.843 E9.44444
G1 X97.989 Y41.898 E9.44846
G1 X98.187 Y41.787 E9.45938
G1 X98.429 Y41.817 E9.47111
G1 X98.52 Y42.064 E9.48377
G1 X98.599 Y41.831 E9.4956
G1 X98.826 Y41.781 E9.50678
G1 X99.017 Y41.852 E9.51658
G1 X99.181 Y42.03 E9.52822
G1 X100.142 Y43.953 E9.63162
G1 X101.104 Y42.03 E9.73504
G1 X101.243 Y41.865 E9.74542
G1 X101.46 Y41.786 E9.75653
G1 X101.684 Y41.824 E9.76746
G1 X101.848 Y41.979 E9.77831
G1 X101.903 Y42.155 E9.78718
;WIDTH:0.447593
G1 X101.862 Y42.407 E9.79938
;WIDTH:0.45
G1 X100.532 Y45.086 E9.94324
G1 X100.32 Y45.299 E9.95769
G1 X100.052 Y45.32 E9.97062
G1 X99.916 Y45.263 E9.97771
G1 X99.752 Y45.086 E9.98932
G1 X99.32 Y44.22 E10.03587
G1 X98.632 Y42.744 E10.11419
G1 X98.678 Y44.372 E10.19252
G1 X98.555 Y44.669 E10.20798
G1 X98.01 Y45.214 E10.24505
G1 X97.713 Y45.337 E10.26051
G1 X96.085 Y45.337 E10.33881
G1 X95.869 Y45.27 E10.34969
G1 X95.818 Y45.226 E10.35293
G1 X95.65 Y45.319 E10.36217
G1 X95.407 Y45.299 E10.3739
G1 X95.167 Y44.979 F7800
G1 E8.3739 F2400
G92 E0
G1 X45.279 Y43.963 F7800
G1 E2 F2400
;WIDTH:0.432549
G1 F1200
G1 X45.225 Y43.963 E2.00248
;WIDTH:0.460273
G1 X45.171 Y43.963 E2.00515
G1 X45.053 Y43.76 E2.01674
;WIDTH:0.432327
G1 X44.936 Y43.557 E2.02749
G1 E.02749 F2400
G92 E0
G1 X34.987 Y43.819 F7800
G1 E2 F2400
;TYPE:Perimeter
;WIDTH:0.506539
G1 F1200
G1 X34.883 Y43.771 E2.00632
G1 E.00632 F2400
G92 E0
G1 X34.438 Y46.108 F7800
G1 E2 F2400
;WIDTH:0.45
G1 X32.842 Y46.108 E2.07676
G1 X32.469 Y46.033 E2.09506
G1 X32.189 Y45.906 E2.10985
G1 X32.033 Y45.786 E2.11932
G1 X31.756 Y45.968 E2.13526
G1 X31.351 Y46.108 E2.15587
G1 X29.598 Y46.108 E2.24018
G1 X29.229 Y46.035 E2.25827
G1 X28.756 Y45.759 E2.28461
G1 X28.21 Y45.214 E2.32171
;WIDTH:0.47165
G1 X27.925 Y44.745 E2.34959
;WIDTH:0.510089
G1 X27.831 Y44.519 E2.3632
G1 X27.831 Y42.744 E2.46187
G1 X27.916 Y42.479 E2.47734
;WIDTH:0.480044
G1 X28.001 Y42.214 E2.49177
;WIDTH:0.45
G1 X28.21 Y41.901 E2.50987
G1 X28.756 Y41.356 E2.54697
G1 X29.229 Y41.081 E2.57329
G1 X29.598 Y41.007 E2.59139
G1 X31.226 Y41.007 E2.66969
G1 X31.756 Y41.147 E2.69606
G1 X32.068 Y41.356 E2.71412
G1 X32.352 Y41.639 E2.7334
G1 X33.093 Y41.166 E2.77568
G1 X33.445 Y41.029 E2.79385
G1 X33.806 Y41.025 E2.81121
G1 X34.279 Y41.186 E2.83524
G1 X34.503 Y41.357 E2.84879
G1 X34.776 Y41.823 E2.87477
G1 X35.243 Y41.356 E2.90653
G1 X35.555 Y41.147 E2.92459
G1 X35.961 Y41.007 E2.94525
G1 X37.713 Y41.007 E3.02952
G1 X38.082 Y41.081 E3.04762
G1 X38.361 Y41.206 E3.06232
G1 X38.521 Y41.329 E3.07203
G1 X38.799 Y41.147 E3.08801
G1 X39.204 Y41.007 E3.10862
G1 X40.957 Y41.007 E3.19293
G1 X41.326 Y41.081 E3.21103
G1 X41.605 Y41.206 E3.22573
G1 X41.765 Y41.329 E3.23544
G1 X42.043 Y41.147 E3.25142
G1 X42.448 Y41.007 E3.27203
G1 X44.2 Y41.007 E3.3563
G1 X44.574 Y41.083 E3.37466
G1 X44.747 Y41.147 E3.38353
G1 X45.151 Y41.007 E3.40409
G1 X47.985 Y41.007 E3.5404
G1 X48.52 Y41.15 E3.56703
G1 X48.828 Y41.356 E3.58485
G1 X49.102 Y41.823 E3.61089
G1 X49.57 Y41.355 E3.64272
G1 X49.939 Y41.115 E3.66389
G1 X50.201 Y41.029 E3.67715
G1 X50.565 Y41.025 E3.69466
G1 X50.817 Y41.076 E3.70703
G1 X51.116 Y41.238 E3.72339
G1 X51.337 Y41.442 E3.73786
G1 X51.538 Y41.831 E3.75892
G1 X51.613 Y42.203 E3.77717
G1 X51.613 Y42.979 E3.81449
G1 X52.055 Y43.233 E3.83901
G1 X52.282 Y43.563 E3.85827
G1 X52.421 Y44.019 E3.8812
G1 X52.39 Y44.356 E3.89748
G1 X52.22 Y44.758 E3.91847
G1 X51.935 Y45.061 E3.93848
G1 X51.538 Y45.284 E3.96038
G1 X51.377 Y45.619 E3.97826
G1 X51.2 Y45.815 E3.99096
G1 X50.783 Y46.035 E4.01364
G1 X50.414 Y46.109 E4.03174
G1 X50.045 Y46.035 E4.04984
G1 X49.673 Y45.85 E4.06982
G1 X49.412 Y45.557 E4.08869
G1 X49.295 Y45.297 E4.1024
G1 X48.748 Y45.297 E4.12871
G1 X48.286 Y45.759 E4.16013
G1 X47.974 Y45.968 E4.17819
G1 X47.569 Y46.108 E4.1988
G1 X45.816 Y46.108 E4.28311
G1 X45.447 Y46.035 E4.3012
G1 X45.168 Y45.909 E4.31592
G1 X45.008 Y45.786 E4.32563
G1 X44.73 Y45.968 E4.34161
G1 X44.325 Y46.108 E4.36222
G1 X42.572 Y46.108 E4.44653
G1 X42.199 Y46.033 E4.46483
G1 X42.025 Y45.968 E4.47376
G1 X41.622 Y46.108 E4.49428
G1 X35.545 Y46.108 E4.78656
G1 X35.117 Y46.029 E4.80749
G1 X34.993 Y45.97 E4.81409
G1 X34.594 Y46.108 E4.8344
G1 X34.498 Y46.108 E4.83902
G1 E2.83902
G92 E0
G1 X30.918 Y43.568 F7800
G1 E2 F2400
;WIDTH:0.409729
G1 F1200
G1 X30.747 Y43.73 E2.01015
G1 X30.239 Y43.73 E2.03203
G1 X30.239 Y43.385 E2.04689
G1 X30.735 Y43.385 E2.06825
G1 X30.875 Y43.526 E2.07681
G1 X31.635 Y43.56 F7800
;WIDTH:0.476073
G1 F1200
G1 X31.536 Y43.578 E2.08198
;WIDTH:0.469211
G1 X31.276 Y43.731 E2.09721
;WIDTH:0.45
G1 X30.894 Y44.096 E2.12262
G1 X29.983 Y44.096 E2.16644
G1 X29.874 Y44.032 E2.17252
G1 X29.874 Y43.129 E2.21595
G1 X29.938 Y43.02 E2.22203
G1 X30.886 Y43.02 E2.26763
G1 X31.254 Y43.379 E2.29236
;WIDTH:0.476073
G1 X31.581 Y43.534 E2.31094
G1 X31.635 Y43.56 F7800
G1 F1200
G1 X31.769 Y43.562 E2.31782
G1 X32.312 Y43.321 F7800
;WIDTH:0.453201
G1 F1200
G1 X32.475 Y43.434 E2.32744
;WIDTH:0.483131
G1 X32.638 Y43.548 E2.33783
;WIDTH:0.489068
G1 X32.823 Y43.565 E2.34767
G1 X32.823 Y44.079 E2.3749
G1 X32.562 Y44.143 E2.38913
G1 X32.432 Y43.877 E2.40481
G1 X32.245 Y43.754 E2.41667
;WIDTH:0.458813
G1 X32.058 Y43.631 E2.42768
;WIDTH:0.452893
G1 X31.769 Y43.562 E2.44208
G1 X32.064 Y43.473 E2.45701
;WIDTH:0.428558
G1 X32.261 Y43.352 E2.46751
G1 E.46751 F2400
G92 E0
G1 X48.249 Y43.072 F7800
G1 E2 F2400
;WIDTH:0.661234
G1 F1200
G1 X48.362 Y42.986 E2.01057
;WIDTH:0.621778
G1 X48.476 Y42.9 E2.0205
;WIDTH:0.582321
G1 X48.59 Y42.815 E2.02969
G1 E.02969 F2400
G92 E0
G1 X34.932 Y45.557 F7800
G1 E2 F2400
;WIDTH:0.45
G1 X34.55 Y45.723 E2.02003
G1 X32.842 Y45.723 E2.10218
G1 X32.455 Y45.609 E2.12158
G1 X32.27 Y45.486 E2.13227
G1 X32.097 Y45.185 E2.14897
G1 X31.682 Y45.575 E2.17636
G1 X31.304 Y45.723 E2.19588
G1 X29.598 Y45.723 E2.27793
G1 X29.216 Y45.612 E2.29706
G1 X29.028 Y45.487 E2.30792
G1 X28.483 Y44.941 E2.34502
G1 X28.291 Y44.593 E2.36414
G1 X28.247 Y44.372 E2.37498
G1 X28.247 Y42.744 E2.45328
G1 X28.358 Y42.362 E2.47241
G1 X28.483 Y42.174 E2.48327
G1 X29.028 Y41.629 E2.52034
G1 X29.416 Y41.422 E2.54149
G1 X29.598 Y41.393 E2.55035
G1 X31.226 Y41.393 E2.62865
G1 X31.648 Y41.522 E2.64987
G1 X32.31 Y42.143 E2.69353
G1 X33.323 Y41.477 E2.75184
G1 X33.611 Y41.4 E2.76618
G1 X34.006 Y41.472 E2.78549
G1 X34.23 Y41.63 E2.79867
G1 X34.424 Y41.98 E2.81792
G1 X34.469 Y42.29 E2.83299
G1 X34.455 Y42.58 E2.84695
;WIDTH:0.422483
G1 X34.441 Y42.871 E2.85996
G1 X34.455 Y43.321 E2.88007
;WIDTH:0.45
G1 X34.47 Y44.095 E2.9173
G1 X34.889 Y44.224 E2.93839
G1 X35.011 Y44.31 E2.94557
G1 X35.367 Y44.069 E2.96625
G1 X35.635 Y43.926 E2.98086
;WIDTH:0.420752
G1 X35.902 Y43.782 E2.99434
;WIDTH:0.428906
G1 X37.154 Y43.009 E3.06124
G1 X36.421 Y43.009 E3.09457
G1 X36.205 Y43.194 E3.1075
;WIDTH:0.401498
G1 X35.99 Y43.379 E3.11943
;WIDTH:0.391505
G1 X35.756 Y43.49 E3.13
;WIDTH:0.420752
G1 X35.541 Y43.504 E3.13958
;WIDTH:0.45
G1 X35.326 Y43.517 E3.14994
G1 X35.091 Y43.414 E3.16228
G1 X34.85 Y43.133 E3.18008
;WIDTH:0.442358
G1 X34.807 Y42.94 E3.1894
;WIDTH:0.415969
G1 X34.764 Y42.747 E3.19807
;WIDTH:0.41979
G1 X34.804 Y42.555 E3.20676
;WIDTH:0.45
G1 X34.844 Y42.363 E3.21619
G1 X35.043 Y42.102 E3.23198
G1 X35.515 Y41.629 E3.26412
G1 X35.703 Y41.503 E3.27501
G1 X36.009 Y41.393 E3.29065
G1 X37.713 Y41.393 E3.37261
G1 X38.095 Y41.503 E3.39173
G1 X38.283 Y41.629 E3.40262
G1 X38.521 Y41.867 E3.41881
G1 X38.876 Y41.539 E3.44206
G1 X39.251 Y41.393 E3.46141
G1 X40.957 Y41.393 E3.54346
G1 X41.339 Y41.503 E3.56258
G1 X41.527 Y41.629 E3.57347
G1 X41.765 Y41.867 E3.58966
G1 X42.119 Y41.539 E3.61287
G1 X42.495 Y41.393 E3.63227
G1 X44.2 Y41.393 E3.71427
G1 X44.426 Y41.439 E3.72536
G1 X44.738 Y41.604 E3.74234
G1 X45.159 Y41.393 E3.76499
G1 X47.985 Y41.393 E3.90091
G1 X48.404 Y41.521 E3.92198
G1 X48.556 Y41.629 E3.93095
G1 X48.751 Y41.985 E3.95047
G1 X48.751 Y42.428 E3.97178
;WIDTH:0.496432
G1 X48.671 Y42.621 E3.98304
;WIDTH:0.542865
G1 X48.59 Y42.815 E3.99559
G1 X48.758 Y42.679 E4.00849
;WIDTH:0.496432
G1 X48.926 Y42.544 E4.0201
;WIDTH:0.45
G1 X49.843 Y41.627 E4.08247
G1 X50.111 Y41.461 E4.09763
G1 X50.405 Y41.401 E4.11206
G1 X50.691 Y41.441 E4.12595
G1 X50.902 Y41.559 E4.13758
G1 X51.114 Y41.816 E4.1536
G1 X51.224 Y42.136 E4.16987
G1 X51.228 Y43.284 E4.22509
G1 X51.615 Y43.398 E4.24449
G1 X51.859 Y43.591 E4.25945
G1 X52.024 Y43.968 E4.27924
G1 X52.018 Y44.253 E4.29295
G1 X51.828 Y44.644 E4.31386
G1 X51.615 Y44.798 E4.3265
G1 X51.376 Y44.892 E4.33885
G1 X51.228 Y44.912 E4.34603
G1 X51.183 Y45.136 E4.35702
G1 X51.059 Y45.402 E4.37114
G1 X50.802 Y45.61 E4.38704
G1 X50.514 Y45.714 E4.40177
G1 X50.314 Y45.714 E4.41139
G1 X49.903 Y45.54 E4.43286
G1 X49.714 Y45.299 E4.44759
G1 X49.6 Y44.912 E4.46699
G1 X48.583 Y44.912 E4.5159
G1 X48.014 Y45.487 E4.55481
G1 X47.826 Y45.612 E4.56567
G1 X47.52 Y45.723 E4.58133
G1 X45.816 Y45.723 E4.66329
G1 X45.434 Y45.612 E4.68242
G1 X45.246 Y45.487 E4.69328
G1 X45.008 Y45.249 E4.70947
G1 X44.654 Y45.577 E4.73268
G1 X44.278 Y45.723 E4.75208
G1 X42.572 Y45.723 E4.83413
G1 X42.346 Y45.677 E4.84522
G1 X42.035 Y45.512 E4.86215
G1 X41.614 Y45.723 E4.8848
G1 X38.788 Y45.723 E5.02072
G1 X38.477 Y45.678 E5.03583
G1 X38.254 Y45.723 E5.04677
G1 X35.545 Y45.723 E5.17706
G1 X35.253 Y45.668 E5.19135
G1 X34.988 Y45.532 E5.20568
G1 X35.186 Y45.108 F7800
;TYPE:External perimeter
G1 F1500
G1 X35.182 Y45.103 E5.20599
;WIDTH:0.42664
G1 X35.183 Y44.715 E5.22352
;WIDTH:0.45
G1 X35.323 Y44.545 E5.23411
G1 X37.823 Y43.045 E5.37433
G1 X37.823 Y42.924 E5.38015
G1 X37.533 Y42.634 E5.39988
G1 X36.265 Y42.634 E5.46087
G1 X35.848 Y43.051 E5.48923
G1 X35.621 Y43.161 E5.50136
G1 X35.474 Y43.16 E5.50843
G1 X35.284 Y43.08 E5.51835
G1 X35.134 Y42.821 E5.53275
G1 X35.134 Y42.674 E5.53982
G1 X35.243 Y42.447 E5.55193
G1 X35.788 Y41.902 E5.589
G1 X36.085 Y41.778 E5.60448
G1 X37.713 Y41.778 E5.68278
G1 X38.01 Y41.902 E5.69826
G1 X38.521 Y42.412 E5.73298
G1 X39.032 Y41.902 E5.7677
G1 X39.329 Y41.778 E5.78318
G1 X40.957 Y41.778 E5.86148
G1 X41.254 Y41.902 E5.87696
G1 X41.765 Y42.412 E5.91168
G1 X42.275 Y41.902 E5.94637
G1 X42.572 Y41.778 E5.96185
G1 X44.2 Y41.778 E6.04015
G1 X44.498 Y41.902 E6.05567
G1 X44.851 Y42.255 E6.07968
G1 X44.934 Y41.965 E6.09419
G1 X45.045 Y41.859 E6.10157
G1 X45.275 Y41.778 E6.1133
G1 X47.985 Y41.778 E6.24364
G1 X48.284 Y41.903 E6.25923
G1 X48.395 Y42.132 E6.27147
G1 X48.395 Y42.28 E6.27859
G1 X48.259 Y42.531 E6.29232
G1 X47.985 Y42.634 E6.3064
;WIDTH:0.477609
G1 X47.714 Y42.648 E6.32039
;WIDTH:0.505219
G1 X45.734 Y42.662 E6.42926
G1 X45.734 Y43.102 E6.45345
G1 X47.444 Y43.102 E6.54747
G1 X47.594 Y43.179 E6.55674
;WIDTH:0.477609
G1 X47.744 Y43.256 E6.56543
;WIDTH:0.45
G1 X48.242 Y43.774 E6.59999
G1 X50.115 Y41.9 E6.72742
G1 X50.368 Y41.786 E6.74077
G1 X50.61 Y41.827 E6.75258
G1 X50.759 Y41.965 E6.76235
G1 X50.842 Y42.203 E6.77447
G1 X50.842 Y43.671 E6.84508
G1 X51.303 Y43.686 E6.86726
G1 X51.547 Y43.818 E6.8806
G1 X51.652 Y44.118 E6.89589
G1 X51.537 Y44.391 E6.91014
G1 X51.278 Y44.52 E6.92406
G1 X50.842 Y44.526 E6.94503
G1 X50.827 Y44.987 E6.96721
G1 X50.705 Y45.224 E6.98003
G1 X50.414 Y45.338 E6.99506
G1 X50.111 Y45.212 E7.01084
G1 X49.986 Y44.912 E7.02647
G1 X49.986 Y44.526 E7.04504
G1 X48.519 Y44.526 E7.1156
G1 X48.387 Y44.487 E7.12222
G1 X48.286 Y44.669 E7.13223
G1 X47.741 Y45.214 E7.1693
G1 X47.444 Y45.337 E7.18476
G1 X45.816 Y45.337 E7.26306
G1 X45.519 Y45.214 E7.27852
G1 X45.008 Y44.703 E7.31328
G1 X44.498 Y45.214 E7.348
G1 X44.2 Y45.337 E7.36351
G1 X42.572 Y45.337 E7.44181
G1 X42.275 Y45.214 E7.45727
G1 X41.916 Y44.825 E7.48273
;WIDTH:0.429133
G1 X41.802 Y44.684 E7.49098
G1 X41.889 Y44.843 E7.49923
;WIDTH:0.45
G1 X41.908 Y44.983 E7.50603
G1 X41.797 Y45.213 E7.51831
G1 X41.497 Y45.337 E7.53392
G1 X38.788 Y45.337 E7.66421
G1 X38.565 Y45.263 E7.67551
G1 X38.525 Y45.223 E7.67823
G1 X38.273 Y45.337 E7.69153
G1 X35.545 Y45.337 E7.82274
G1 X35.362 Y45.294 E7.83178
G1 X35.227 Y45.152 E7.8412
G1 X35.191 Y44.753 F7800
G1 E5.8412 F2400
G92 E0
G1 X32.483 Y42.747 F7800
G1 E2 F2400
;WIDTH:0.428367
G1 F1200
G1 X32.487 Y42.539 E2.00944
;WIDTH:0.45
G1 X32.564 Y42.428 E2.01594
G1 X33.571 Y41.79 E2.07328
G1 X33.84 Y41.82 E2.0863
G1 X34 Y41.965 E2.09669
G1 X34.083 Y42.203 E2.10881
G1 X34.083 Y44.481 E2.21837
G1 X34.574 Y44.509 E2.24202
G1 X34.768 Y44.605 E2.25243
G1 X34.813 Y44.771 E2.2607
;WIDTH:0.415436
G1 X34.858 Y44.937 E2.26823
G1 X34.805 Y45.082 E2.27499
;WIDTH:0.45
G1 X34.752 Y45.228 E2.28246
G1 X34.47 Y45.337 E2.297
G1 X32.842 Y45.337 E2.3753
G1 X32.542 Y45.212 E2.39093
G1 X32.431 Y44.983 E2.40317
;WIDTH:0.452253
G1 X32.438 Y44.815 E2.4113
;WIDTH:0.454571
G1 X32.519 Y44.63 E2.42113
G1 X32.794 Y44.488 E2.43619
;WIDTH:0.45
G1 X33.228 Y44.481 E2.45707
G1 X33.228 Y43.005 E2.52806
G1 X33.027 Y43.129 E2.53942
G1 X32.809 Y43.172 E2.55011
G1 X32.618 Y43.101 E2.55991
G1 X32.479 Y42.941 E2.5701
;WIDTH:0.428367
G1 X32.481 Y42.807 E2.57618
G1 X32.603 Y42.426 F7800
G1 X31.917 Y43.117
;WIDTH:0.45
G1 F1200
G1 X31.765 Y43.175 E2.584
G1 X31.463 Y43.051 E2.5997
G1 X31.046 Y42.634 E2.62806
G1 X29.778 Y42.634 E2.68905
G1 X29.488 Y42.924 E2.70878
G1 X29.488 Y44.191 E2.76972
G1 X29.778 Y44.481 E2.78945
G1 X31.048 Y44.481 E2.85053
G1 X31.542 Y44.01 E2.88336
G1 X31.662 Y43.957 E2.88967
G1 X31.893 Y43.968 E2.90079
G1 X32.091 Y44.096 E2.91213
;WIDTH:0.451562
G1 X32.19 Y44.336 E2.92467
;WIDTH:0.452129
G1 X32.089 Y44.646 E2.94044
G1 X31.523 Y45.214 E2.97922
;WIDTH:0.45
G1 X31.226 Y45.337 E2.99468
G1 X29.598 Y45.337 E3.07298
G1 X29.301 Y45.214 E3.08844
G1 X28.756 Y44.669 E3.12551
G1 X28.633 Y44.372 E3.14097
G1 X28.633 Y42.744 E3.21927
G1 X28.756 Y42.447 E3.23473
G1 X29.301 Y41.902 E3.2718
G1 X29.598 Y41.778 E3.28728
G1 X31.226 Y41.778 E3.36558
G1 X31.523 Y41.902 E3.38106
G1 X32.068 Y42.447 E3.41813
G1 X32.112 Y42.611 E3.4263
;WIDTH:0.415425
G1 X32.155 Y42.774 E3.43368
G1 X32.102 Y42.92 E3.44048
;WIDTH:0.45
G1 X32.049 Y43.065 E3.44791
G1 X31.973 Y43.095 E3.45184
G1 X31.573 Y43.086 F7800
G1 E1.45184 F2400
G92 E0
G1 X38.484 Y44.118 F7800
G1 E2 F2400
;TYPE:Perimeter
;WIDTH:0.498207
G1 F1200
G1 X38.728 Y43.971 E2.01541
G1 X38.817 Y43.81 E2.02536
;WIDTH:0.461058
G1 X38.905 Y43.65 E2.03439
;WIDTH:0.423909
G1 X38.994 Y43.489 E2.04264
;WIDTH:0.386761
G1 X39.233 Y43.379 E2.05322
;WIDTH:0.401501
G1 X39.449 Y43.194 E2.06518
;WIDTH:0.428909
G1 X39.664 Y43.009 E2.07808
G1 X40.398 Y43.009 E2.11145
G1 X39.201 Y43.752 E2.1755
;WIDTH:0.423909
G1 X39.043 Y43.825 E2.1833
;WIDTH:0.461058
G1 X38.886 Y43.898 E2.19187
;WIDTH:0.498207
G1 X38.783 Y43.945 E2.198
G1 X38.339 Y44.503 F7800
;TYPE:External perimeter
;WIDTH:0.45
G1 F1200
G1 X38.254 Y44.481 E2.20222
G1 X37.088 Y44.481 E2.2583
G1 X38.516 Y43.62 E2.3385
G1 X38.643 Y43.414 E2.35014
G1 X38.678 Y43.144 E2.36323
G1 X38.793 Y43.175 E2.36896
G1 X39.092 Y43.051 E2.38453
G1 X39.509 Y42.634 E2.41289
G1 X40.777 Y42.634 E2.47388
G1 X41.067 Y42.924 E2.49361
G1 X41.067 Y43.045 E2.49943
G1 X38.549 Y44.557 E2.64069
G1 X38.397 Y44.518 E2.64824
G1 X37.998 Y44.486 F7800
G1 E.64824 F2400
G92 E0
G1 X42.926 Y43.86 F7800
G1 E2 F2400
;TYPE:Perimeter
;WIDTH:0.465357
G1 F1200
G1 X42.976 Y44.007 E2.00777
G1 X43.052 Y44.088 E2.01332
G1 X42.936 Y44.088 E2.01912
G1 X42.591 Y43.765 E2.04276
G1 X42.257 Y43.591 E2.06159
G1 X42.269 Y43.52 E2.06519
G1 X42.421 Y43.457 E2.07342
;WIDTH:0.500369
G1 X42.586 Y43.339 E2.08445
;WIDTH:0.535382
G1 X42.751 Y43.22 E2.0964
;WIDTH:0.570395
G1 X42.916 Y43.101 E2.10924
G1 X42.895 Y43.283 E2.1208
;WIDTH:0.535382
G1 X42.874 Y43.466 E2.13162
;WIDTH:0.500369
G1 X42.853 Y43.648 E2.14158
;WIDTH:0.465357
G1 X42.906 Y43.804 E2.14982
G1 X43.277 Y43.714 F7800
;TYPE:External perimeter
;WIDTH:0.45
G1 F1200
G1 X43.287 Y43.766 E2.15237
G1 X43.549 Y43.972 E2.1684
G1 X44.31 Y44.162 E2.20613
G1 X44.02 Y44.481 E2.22687
G1 X42.753 Y44.481 E2.28781
G1 X42.335 Y44.064 E2.31621
G1 X42.108 Y43.955 E2.32832
G1 X41.905 Y43.965 E2.3381
;WIDTH:0.472125
G1 X41.77 Y44.068 E2.34674
;WIDTH:0.499087
G1 X41.635 Y44.171 E2.35595
;WIDTH:0.532402
G1 X41.566 Y44.371 E2.3683
G1 X41.638 Y44.512 E2.37754
;WIDTH:0.489509
G1 X41.576 Y44.486 E2.3811
;WIDTH:0.515419
G1 X41.473 Y44.461 E2.38706
;WIDTH:0.541329
G1 X41.371 Y44.436 E2.39331
G1 X40.496 Y44.436 E2.44536
G1 X41.317 Y43.916 E2.50317
;WIDTH:0.499087
G1 X41.538 Y43.767 E2.51762
;WIDTH:0.472052
G1 X41.759 Y43.618 E2.53117
;WIDTH:0.45
G1 X41.885 Y43.417 E2.54258
G1 X41.922 Y43.144 E2.55583
G1 X42.037 Y43.175 E2.56156
G1 X42.335 Y43.051 E2.57708
G1 X42.753 Y42.634 E2.60548
G1 X44.02 Y42.634 E2.66642
G1 X44.31 Y42.954 E2.68719
G1 X43.519 Y43.154 E2.72643
G1 X43.287 Y43.349 E2.74101
G1 X43.246 Y43.558 E2.75125
G1 X43.265 Y43.655 E2.756
G1 X43.538 Y43.948 F7800
G1 X45.47 Y43.994
;WIDTH:0.46705
G1 F1200
G1 X45.523 Y43.994 E2.75866
;WIDTH:0.505219
G1 X46.099 Y44.013 E2.79035
G1 X47.252 Y44.013 E2.85375
G1 X47.473 Y44.233 E2.8709
G1 X47.252 Y44.454 E2.88808
G1 X46.008 Y44.454 E2.95648
G1 X45.593 Y44.05 E2.98833
;WIDTH:0.490282
G1 X45.525 Y44.019 E2.9923
G1 X45.924 Y44.003 F7800
G1 E.9923 F2400
G92 E0
G1 X91.906 Y44.512 F7800
G1 E2 F2400
;WIDTH:0.491408
G1 F1200
G1 X91.842 Y44.484 E2.00372
;WIDTH:0.516554
G1 X91.732 Y44.46 E2.01007
;WIDTH:0.541701
G1 X91.623 Y44.436 E2.01671
G1 X90.765 Y44.436 E2.06779
G1 X91.892 Y43.756 E2.14615
G1 X91.95 Y43.872 E2.15387
G1 X92.043 Y43.902 E2.15969
;WIDTH:0.503087
G1 X92.136 Y43.933 E2.16505
;WIDTH:0.464473
G1 X92.229 Y43.963 E2.16993
;WIDTH:0.458367
G1 X92.142 Y43.984 E2.17433
;WIDTH:0.490875
G1 X92.055 Y44.005 E2.17909
;WIDTH:0.516288
G1 X91.986 Y44.058 E2.18399
;WIDTH:0.541701
G1 X91.917 Y44.111 E2.18917
G1 X91.835 Y44.372 E2.20546
;WIDTH:0.532843
G1 X91.879 Y44.458 E2.2111
G1 X91.48 Y44.433 F7800
G1 X92.495 Y43.994
;WIDTH:0.467051
G1 F1200
G1 X92.548 Y43.994 E2.21376
;WIDTH:0.505219
G1 X93.124 Y44.013 E2.24545
G1 X94.277 Y44.013 E2.30885
G1 X94.498 Y44.233 E2.326
G1 X94.277 Y44.454 E2.34318
G1 X93.033 Y44.454 E2.41158
G1 X92.618 Y44.05 E2.44343
;WIDTH:0.490284
G1 X92.55 Y44.019 E2.4474
G1 X92.949 Y44.003 F7800
G1 X92.759 Y43.102
;WIDTH:0.505219
G1 F1200
G1 X92.759 Y42.662 E2.47159
G1 X94.469 Y42.662 E2.56561
;WIDTH:0.543387
G1 X95.01 Y42.679 E2.59795
G1 X95.145 Y42.608 E2.60706
;WIDTH:0.543384
G1 X95.075 Y42.744 E2.6162
;WIDTH:0.557412
G1 X95.066 Y43.487 E2.66189
G1 X94.725 Y43.162 E2.69086
G1 X94.597 Y43.132 E2.69894
;WIDTH:0.531315
G1 X94.469 Y43.102 E2.7066
;WIDTH:0.505219
G1 X92.819 Y43.102 E2.79732
G1 X92.76 Y42.707 F7800
G1 E.79732 F2400
G92 E0
G1 X54.635 Y127.114 F7800
G1 E2 F2400
;TYPE:Perimeter
;WIDTH:0.45
G1 X54.667 Y127.089 E2.00195
G1 X54.859 Y126.78 E2.01945
G1 X54.923 Y126.435 E2.03633
G1 X54.923 Y49.843 E5.72014
G1 X54.824 Y49.472 E5.73861
G1 X54.588 Y49.167 E5.75716
G1 X54.302 Y48.997 E5.77316
G1 X53.959 Y48.933 E5.78994
G1 X27.356 Y48.933 E7.06945
G1 X27.356 Y45.03 E7.25717
;WIDTH:0.480044
G1 X27.371 Y44.701 E7.27424
;WIDTH:0.510089
G1 X27.386 Y44.372 E7.29255
G1 X27.386 Y42.744 E7.38305
G1 X27.371 Y42.502 E7.39653
;WIDTH:0.480044
G1 X27.356 Y42.26 E7.4091
;WIDTH:0.45
G1 X27.356 Y38.181 E7.60529
G1 X108.063 Y38.181 E11.48702
G1 X108.063 Y48.933 E12.00415
G1 X81.359 Y48.939 E13.28852
G1 X81.024 Y49.038 E13.30532
G1 X80.762 Y49.234 E13.32106
G1 X80.563 Y49.547 E13.3389
G1 X80.497 Y49.898 E13.35608
G1 X80.497 Y126.489 E17.03984
G1 X80.595 Y126.857 E17.05816
G1 X80.827 Y127.161 E17.07655
G1 X81.112 Y127.333 E17.09256
G1 X81.461 Y127.399 E17.10964
G1 X108.063 Y127.399 E18.3891
G1 X108.063 Y138.151 E18.90623
G1 X27.356 Y138.151 E22.78796
G1 X27.356 Y127.399 E23.30509
G1 X54.055 Y127.399 E24.58922
G1 X54.412 Y127.286 E24.60723
G1 X54.587 Y127.151 E24.61786
G1 X54.356 Y126.831 F7800
G1 F2400
G1 X54.479 Y126.688 E24.62693
G1 X54.537 Y126.435 E24.63941
G1 X54.537 Y49.833 E28.3237
G1 X54.42 Y49.548 E28.33852
G1 X54.229 Y49.386 E28.35057
G1 X53.959 Y49.319 E28.36395
G1 X26.97 Y49.319 E29.66203
G1 X26.97 Y37.795 E30.21629
G1 X108.449 Y37.795 E34.13515
G1 X108.449 Y49.319 E34.68941
G1 X81.347 Y49.331 E35.99292
G1 X81.088 Y49.456 E36.00675
G1 X80.943 Y49.64 E36.01802
G1 X80.883 Y49.898 E36.03076
G1 X80.883 Y126.499 E39.715
G1 X80.999 Y126.782 E39.72971
G1 X81.189 Y126.945 E39.74175
G1 X81.461 Y127.013 E39.75523
G1 X108.449 Y127.013 E41.05326
G1 X108.449 Y138.537 E41.60752
G1 X26.97 Y138.537 E45.52638
G1 X26.97 Y127.013 E46.08064
G1 X54.019 Y127.013 E47.3816
G1 X54.288 Y126.91 E47.39545
G1 X54.317 Y126.877 E47.39756
G1 X54.093 Y126.563 F7800
;TYPE:External perimeter
G1 F1500
G1 X54.152 Y126.435 E47.40434
G1 X54.152 Y49.898 E51.0855
G1 X54.1 Y49.766 E51.09232
G1 X53.959 Y49.705 E51.09971
G1 X26.585 Y49.705 E52.4163
G1 X26.585 Y37.41 E53.00765
G1 X108.835 Y37.41 E56.96359
G1 X108.835 Y49.705 E57.55494
G1 X81.461 Y49.705 E58.87153
G1 X81.337 Y49.75 E58.87787
G1 X81.269 Y49.898 E58.8857
G1 X81.269 Y126.435 E62.56686
G1 X81.32 Y126.566 E62.57362
G1 X81.461 Y126.628 E62.58103
G1 X108.835 Y126.628 E63.89762
G1 X108.835 Y138.923 E64.48897
G1 X26.585 Y138.923 E68.44491
G1 X26.585 Y126.628 E69.03626
G1 X53.959 Y126.628 E70.35285
G1 X54.047 Y126.594 E70.35739
G1 X54.144 Y126.206 F7800
G1 E68.35739 F2400
G92 E0
G1 X48.813 Y45.457 F7800
G1 E2 F2400
;TYPE:Solid infill
;WIDTH:0.404381
G1 F1200
G1 X48.191 Y46.055 E2.03659
G1 E.03659 F2400
G92 E0
G1 X38.386 Y46.382 F7800
G1 E2 F2400
;WIDTH:0.45
G1 F1200
G1 X38.794 Y46.397 E2.01964
G1 X41.492 Y46.397 E2.1494
G1 X41.756 Y46.369 E2.16217
G1 X42.034 Y46.276 E2.17627
G1 X42.271 Y46.359 E2.18835
G1 X42.578 Y46.397 E2.20323
G1 X44.196 Y46.397 E2.28105
G1 X44.584 Y46.334 E2.29996
G1 X45.008 Y46.132 E2.32255
G1 X45.374 Y46.315 E2.34223
G1 X45.824 Y46.397 E2.36423
G1 X47.44 Y46.397 E2.44195
G1 X47.748 Y46.34 E2.45702
G1 X45.58 Y48.508 E2.60448
G1 X45.58 Y48.644 E2.61102
G1 X27.645 Y48.644 E3.47363
G1 X27.645 Y45.486 E3.62552
G1 X27.661 Y44.931 E3.65222
G1 X27.708 Y44.94 E3.65452
G1 X28.013 Y45.425 E3.68208
G1 X28.582 Y45.987 E3.72055
G1 X29.092 Y46.289 E3.74906
G1 X29.606 Y46.397 E3.77432
G1 X31.222 Y46.397 E3.85204
G1 X31.61 Y46.334 E3.87095
G1 X32.034 Y46.132 E3.89354
G1 X32.4 Y46.315 E3.91322
G1 X32.85 Y46.397 E3.93522
G1 X34.641 Y46.397 E4.02136
G1 X34.99 Y46.283 E4.03902
G1 X35.193 Y46.35 E4.0493
G1 X35.551 Y46.397 E4.06667
G1 X38.194 Y46.397 E4.19379
G1 X38.248 Y46.783 E4.21254
G1 X41.492 Y46.783 E4.36857
G1 X41.799 Y46.752 E4.38341
G1 X42.035 Y46.685 E4.39521
G1 X42.143 Y46.723 E4.40072
G1 X42.578 Y46.783 E4.42184
G1 X44.196 Y46.783 E4.49966
G1 X44.649 Y46.715 E4.52169
G1 X45.008 Y46.563 E4.54044
G1 X45.268 Y46.688 E4.55432
G1 X45.824 Y46.783 E4.58145
G1 X46.759 Y46.783 E4.62642
G1 X45.307 Y48.259 E4.726
G1 X28.031 Y48.259 E5.55692
G1 X28.031 Y45.989 E5.6661
G1 X28.386 Y46.318 E5.68938
G1 X28.895 Y46.621 E5.71787
G1 X29.079 Y46.691 E5.72734
G1 X29.606 Y46.783 E5.75307
G1 X31.222 Y46.783 E5.83079
G1 X31.674 Y46.715 E5.85277
G1 X32.034 Y46.563 E5.87156
G1 X32.297 Y46.69 E5.88561
G1 X32.85 Y46.783 E5.91258
G1 X34.51 Y46.783 E5.99242
G1 X34.993 Y46.69 E6.01608
G1 X35.551 Y46.783 E6.04329
G1 X38.055 Y46.783 E6.16372
G1 X38.055 Y47.169 E6.18229
G1 X35.551 Y47.169 E6.30272
G1 X35.034 Y47.106 E6.32777
G1 X34.464 Y47.169 E6.35535
G1 X32.85 Y47.169 E6.43298
G1 X32.325 Y47.093 E6.45849
G1 X32.008 Y47.007 E6.47429
G1 X31.739 Y47.095 E6.4879
G1 X31.222 Y47.169 E6.51302
G1 X29.606 Y47.169 E6.59074
G1 X29.005 Y47.069 E6.62004
G1 X28.699 Y46.952 E6.6358
G1 X28.416 Y46.785 E6.6516
G1 X28.416 Y47.873 E6.70393
G1 X45.124 Y47.873 E7.50753
G1 X45.824 Y47.17 E7.55525
G1 X45.299 Y47.093 E7.58077
G1 X44.984 Y47.006 E7.59649
G1 X44.713 Y47.095 E7.61021
G1 X44.196 Y47.169 E7.63533
G1 X42.578 Y47.169 E7.71315
G1 X42.078 Y47.106 E7.73739
G1 X41.492 Y47.169 E7.76574
G1 X38.248 Y47.169 E7.92177
G1 E5.92177 F2400
G92 E0
G1 X44.953 Y47.461 F7800
G1 E2 F2400
;WIDTH:0.503091
G1 F1200
G1 X44.778 Y47.481 E2.00964
;WIDTH:0.462407
G1 X44.487 Y47.501 E2.02412
;WIDTH:0.42279
G1 X44.196 Y47.521 E2.03716
;WIDTH:0.383173
G1 X42.578 Y47.521 E2.10149
;WIDTH:0.413868
G1 X42.306 Y47.505 E2.11337
;WIDTH:0.444563
G1 X42.035 Y47.49 E2.12624
G1 X41.763 Y47.505 E2.13916
;WIDTH:0.413869
G1 X41.492 Y47.521 E2.15099
;WIDTH:0.383175
G1 X35.551 Y47.521 E2.38721
;WIDTH:0.41356
G1 X35.278 Y47.506 E2.39912
;WIDTH:0.443949
G1 X35.004 Y47.49 E2.41211
G1 X34.734 Y47.506 E2.42491
;WIDTH:0.413561
G1 X34.464 Y47.521 E2.43669
;WIDTH:0.383173
G1 X32.721 Y47.521 E2.50599
;WIDTH:0.429031
G1 X32.492 Y47.498 E2.51646
;WIDTH:0.474889
G1 X32.263 Y47.475 E2.52824
;WIDTH:0.520747
G1 X32.034 Y47.452 E2.54134
G1 X31.919 Y47.467 E2.54794
;WIDTH:0.491574
G1 X31.804 Y47.481 E2.55411
;WIDTH:0.462401
G1 X31.513 Y47.501 E2.56859
;WIDTH:0.422787
G1 X31.222 Y47.521 E2.58163
;WIDTH:0.383173
G1 X29.474 Y47.521 E2.65113
;WIDTH:0.42603
G1 X29.26 Y47.499 E2.66083
;WIDTH:0.468887
G1 X29.046 Y47.478 E2.67168
;WIDTH:0.511745
G1 X28.833 Y47.457 E2.68362
G1 E.68362 F2400
G92 E0
G1 X27.734 Y38.559 F7800
G1 E2 F2400
;WIDTH:0.543559
G1 F1200
G1 X27.676 Y38.575 E2.0036
G1 X27.634 Y38.532 E2.00719
G1 X27.649 Y38.475 E2.01071
G1 X27.707 Y38.459 E2.01431
G1 X27.75 Y38.501 E2.0179
;WIDTH:0.45
G1 X28.35 Y38.47 E2.0468
G1 X27.645 Y39.175 E2.09475
G1 X27.645 Y39.721 E2.12101
G1 X28.895 Y38.47 E2.20607
G1 X29.441 Y38.47 E2.23233
G1 X27.645 Y40.266 E2.35449
G1 X27.645 Y40.811 E2.3807
G1 X29.986 Y38.47 E2.53993
G1 X30.531 Y38.47 E2.56614
G1 X27.645 Y41.357 E2.76248
G1 X27.645 Y41.902 E2.78869
G1 X31.077 Y38.47 E3.02213
G1 E1.02213 F2400
G92 E0
G1 X40.949 Y40.718 F7800
G1 E2 F2400
G1 F1200
G1 X39.333 Y40.718 E2.07772
G1 X38.945 Y40.781 E2.09663
G1 X38.521 Y40.984 E2.11924
G1 X38.155 Y40.8 E2.13894
G1 X37.705 Y40.718 E2.16094
G1 X36.089 Y40.718 E2.23866
G1 X35.637 Y40.804 E2.26079
G1 X35.171 Y41.041 E2.28594
G1 X34.842 Y41.35 E2.30765
G1 X34.728 Y41.179 E2.31753
G1 X34.343 Y40.889 E2.34071
G1 X33.854 Y40.743 E2.36526
G1 X33.429 Y40.742 E2.3857
G1 X33.013 Y40.879 E2.40677
G1 X32.384 Y41.276 E2.44254
G1 X32.034 Y40.97 E2.4649
G1 X31.718 Y40.819 E2.48174
G1 X31.217 Y40.718 E2.50632
G1 X29.602 Y40.718 E2.584
G1 X29.322 Y40.77 E2.5977
G1 X31.486 Y38.606 E2.74489
G1 X31.486 Y38.47 E2.75143
G1 X53.981 Y38.47 E3.83336
G1 X51.37 Y41.082 E4.01099
G1 X50.938 Y40.816 E4.03539
G1 X50.397 Y40.728 E4.06175
G1 X50.113 Y40.756 E4.07548
G1 X49.544 Y41.004 E4.10533
G1 X49.171 Y41.355 E4.12996
G1 X49.052 Y41.177 E4.14026
G1 X48.891 Y41.036 E4.15055
G1 X48.484 Y40.822 E4.17267
G1 X47.975 Y40.718 E4.19766
G1 X45.281 Y40.718 E4.32723
G1 X45.017 Y40.747 E4.34
G1 X44.738 Y40.84 E4.35414
G1 X44.502 Y40.757 E4.36617
G1 X44.195 Y40.718 E4.38105
G1 X42.577 Y40.718 E4.45887
G1 X42.189 Y40.781 E4.47778
G1 X41.765 Y40.984 E4.50039
G1 X41.399 Y40.8 E4.52009
G1 X41.138 Y40.753 E4.53285
G1 X41.139 Y40.365 E4.55151
G1 X41.501 Y40.426 E4.56917
G1 X41.765 Y40.552 E4.58324
G1 X42.124 Y40.401 E4.60197
G1 X42.577 Y40.332 E4.62401
G1 X44.195 Y40.332 E4.70183
G1 X44.63 Y40.393 E4.72296
G1 X44.738 Y40.431 E4.72847
G1 X44.974 Y40.363 E4.74028
G1 X45.281 Y40.332 E4.75512
G1 X47.975 Y40.332 E4.88469
G1 X48.514 Y40.429 E4.91103
G1 X48.983 Y40.634 E4.93565
G1 X49.204 Y40.793 E4.94874
G1 X49.443 Y40.619 E4.96296
G1 X49.964 Y40.401 E4.99012
G1 X50.37 Y40.34 E5.00987
G1 X50.928 Y40.413 E5.03694
G1 X51.322 Y40.584 E5.0576
G1 X53.05 Y38.856 E5.17514
G1 X31.758 Y38.856 E6.19921
G1 X30.305 Y40.332 E6.29883
G1 X31.217 Y40.332 E6.34269
G1 X31.752 Y40.428 E6.36883
G1 X32.155 Y40.592 E6.38976
G1 X32.421 Y40.796 E6.40588
G1 X32.847 Y40.53 E6.43004
G1 X33.332 Y40.365 E6.45468
G1 X33.956 Y40.371 E6.48469
G1 X34.496 Y40.532 E6.51179
G1 X34.867 Y40.79 E6.53352
G1 X35.316 Y40.529 E6.5585
G1 X35.562 Y40.426 E6.57133
G1 X36.089 Y40.332 E6.59708
G1 X37.705 Y40.332 E6.6748
G1 X38.257 Y40.426 E6.70173
G1 X38.521 Y40.552 E6.7158
G1 X38.881 Y40.401 E6.73458
G1 X39.333 Y40.332 E6.75657
G1 X40.949 Y40.332 E6.83429
G1 X40.949 Y39.947 E6.85281
G1 X39.333 Y39.947 E6.93053
G1 X38.816 Y40.021 E6.95565
G1 X38.546 Y40.109 E6.96931
G1 X38.23 Y40.022 E6.98507
G1 X37.705 Y39.947 E7.01058
G1 X36.089 Y39.947 E7.0883
G1 X35.487 Y40.048 E7.11766
G1 X34.878 Y40.324 E7.14982
G1 X34.791 Y40.262 E7.15496
G1 X34.485 Y40.116 E7.17127
G1 X33.788 Y39.965 E7.20557
G1 X33.265 Y39.985 E7.23074
G1 X32.805 Y40.129 E7.25392
G1 X32.445 Y40.325 E7.27363
G1 X32.3 Y40.234 E7.28186
G1 X31.827 Y40.049 E7.30629
G1 X31.234 Y39.949 E7.33521
G1 X31.942 Y39.241 E7.38337
G1 X52.119 Y39.241 E8.35381
G1 X51.246 Y40.115 E8.41322
G1 X50.981 Y40.031 E8.42659
G1 X50.286 Y39.958 E8.4602
G1 X49.815 Y40.045 E8.48324
G1 X49.197 Y40.316 E8.5157
G1 X48.59 Y40.051 E8.54756
G1 X47.975 Y39.947 E8.57756
G1 X45.281 Y39.947 E8.70713
G1 X44.695 Y40.009 E8.73547
G1 X44.195 Y39.947 E8.7597
G1 X42.577 Y39.947 E8.83752
G1 X42.06 Y40.021 E8.86264
G1 X41.789 Y40.109 E8.87634
G1 X41.474 Y40.022 E8.89206
G1 X41.14 Y39.974 E8.90829
G1 E6.90829 F2400
G92 E0
G1 X34.16 Y39.627 F7800
G1 E2 F2400
;WIDTH:0.449907
G1 F1200
G1 X33.782 Y39.603 E2.01821
;WIDTH:0.427839
G1 X33.2 Y39.616 E2.0446
G1 X33.005 Y39.681 E2.05392
;WIDTH:0.399492
G1 X32.442 Y39.917 E2.07944
;WIDTH:0.373953
G1 X31.95 Y39.724 E2.09985
G1 X32.086 Y39.589 E2.10725
G1 X32.658 Y39.589 E2.12934
;WIDTH:0.408691
G1 X33.008 Y39.606 E2.14439
G1 E.14439 F2400
G92 E0
G1 X35.667 Y39.601 F7800
G1 E2 F2400
;WIDTH:0.39721
G1 F1200
G1 X35.004 Y39.589 E2.02753
;WIDTH:0.411662
G1 X34.582 Y39.608 E2.04583
;WIDTH:0.449907
G1 X34.16 Y39.627 E2.06614
G1 X34.496 Y39.754 E2.08341
;WIDTH:0.411662
G1 X34.832 Y39.881 E2.09897
;WIDTH:0.373418
G1 X34.898 Y39.921 E2.10194
G1 X35.419 Y39.707 E2.12365
;WIDTH:0.404129
G1 X35.86 Y39.604 E2.14284
G1 X36.089 Y39.594 E2.15255
;WIDTH:0.384173
G1 X37.705 Y39.594 E2.21701
;WIDTH:0.424652
G1 X38.001 Y39.614 E2.23034
;WIDTH:0.465131
G1 X38.296 Y39.635 E2.24512
;WIDTH:0.493418
G1 X38.408 Y39.649 E2.25116
;WIDTH:0.521705
G1 X38.521 Y39.663 E2.25765
G1 X38.748 Y39.64 E2.27066
;WIDTH:0.475861
G1 X38.976 Y39.617 E2.28242
;WIDTH:0.430017
G1 X39.204 Y39.594 E2.29287
;WIDTH:0.384173
G1 X40.949 Y39.594 E2.36247
;WIDTH:0.424651
G1 X41.244 Y39.614 E2.37576
;WIDTH:0.465129
G1 X41.54 Y39.635 E2.39059
;WIDTH:0.493417
G1 X41.652 Y39.649 E2.39663
;WIDTH:0.521705
G1 X41.764 Y39.663 E2.40307
G1 X41.992 Y39.64 E2.41614
;WIDTH:0.475861
G1 X42.22 Y39.617 E2.4279
;WIDTH:0.430017
G1 X42.448 Y39.594 E2.43835
;WIDTH:0.384173
G1 X44.195 Y39.594 E2.50803
;WIDTH:0.41486
G1 X44.466 Y39.609 E2.51989
;WIDTH:0.445547
G1 X44.738 Y39.625 E2.53284
G1 X45.009 Y39.609 E2.54575
;WIDTH:0.41486
G1 X45.281 Y39.594 E2.55766
;WIDTH:0.384173
G1 X47.975 Y39.594 E2.66511
;WIDTH:0.410191
G1 X48.237 Y39.607 E2.67642
G1 X48.423 Y39.659 E2.68475
;WIDTH:0.402474
G1 X48.969 Y39.811 E2.70865
;WIDTH:0.379772
G1 X49.201 Y39.922 E2.71877
;WIDTH:0.39104
G1 X49.677 Y39.717 E2.73989
;WIDTH:0.427759
G1 X49.956 Y39.616 E2.75334
G1 X49.206 Y39.592 E2.78735
;WIDTH:0.379772
G1 X48.671 Y39.592 E2.8084
;WIDTH:0.410191
G1 X48.237 Y39.607 E2.82713
G1 X49.956 Y39.616 F7800
;WIDTH:0.427759
G1 F1200
G1 X50.554 Y39.604 E2.85424
;WIDTH:0.447587
G1 X50.847 Y39.626 E2.86828
;WIDTH:0.490477
G1 X51.14 Y39.647 E2.88389
G1 X51.628 Y41.369 F7800
;WIDTH:0.45
G1 F1200
G1 X54.527 Y38.47 E3.08108
G1 X54.705 Y38.336 E3.0918
;WIDTH:0.403925
G1 X54.664 Y38.347 E3.0936
G1 X54.645 Y38.276 E3.09671
G1 X54.716 Y38.295 E3.09982
;WIDTH:0.45
G1 X55.072 Y38.47 E3.1189
G1 X51.81 Y41.733 E3.34081
G1 X51.896 Y42.192 E3.36327
G1 X55.617 Y38.47 E3.6164
G1 X56.163 Y38.47 E3.64266
G1 X51.901 Y42.732 E3.93256
G1 X52.195 Y42.983 E3.95115
G1 X56.708 Y38.47 E4.25812
G1 X57.253 Y38.47 E4.28433
G1 X52.45 Y43.274 E4.61106
G1 X52.621 Y43.648 E4.63084
G1 X57.799 Y38.47 E4.98304
G1 X58.344 Y38.47 E5.00925
G1 X52.709 Y44.105 E5.39254
G1 X52.605 Y44.364 E5.40596
;WIDTH:0.404381
G1 X52.534 Y44.345 E5.40908
G1 X52.553 Y44.416 E5.4122
G1 X52.594 Y44.405 E5.414
;WIDTH:0.45
G1 X52.481 Y44.878 E5.43739
G1 X58.889 Y38.47 E5.87325
G1 E3.87325 F2400
G92 E0
G1 X49.046 Y45.586 F7800
G1 E2 F2400
G1 F1200
G1 X45.989 Y48.644 E2.20797
G1 E.20797 F2400
G92 E0
G1 X49.162 Y46.016 F7800
G1 E2 F2400
G1 F1200
G1 X46.534 Y48.644 E2.17875
G1 X48.852 Y48.644 E2.29024
G1 X48.852 Y48.508 E2.29678
G1 X50.785 Y46.575 E2.42826
G1 X51.352 Y46.035 E2.46592
;WIDTH:0.44914
G1 X51.042 Y46.24 E2.48376
;WIDTH:0.45
G1 X50.596 Y46.382 E2.50627
G1 X50.163 Y46.369 E2.52711
G1 X49.64 Y46.168 E2.55406
G1 X49.345 Y45.942 E2.57193
G1 X49.299 Y45.88 E2.57564
G1 X49.311 Y46.412 E2.60123
G1 X49.514 Y46.533 E2.6126
G1 X50.076 Y46.738 E2.64137
G1 X48.556 Y48.259 E2.74479
G1 X47.465 Y48.259 E2.79726
G1 X49.175 Y46.549 E2.91357
G1 X49.376 Y46.893 E2.93273
G1 X48.396 Y47.873 E2.99939
G1 E.99939 F2400
G92 E0
G1 X51.656 Y45.704 F7800
G1 E2 F2400
G1 F1200
G1 X52.02 Y45.34 E2.02476
G1 E.02476 F2400
G92 E0
G1 X49.261 Y48.644 F7800
G1 E2 F2400
G1 F1200
G1 X59.435 Y38.47 E2.69202
G1 X59.98 Y38.47 E2.71823
G1 X49.806 Y48.644 E3.41025
G1 X50.351 Y48.644 E3.43646
G1 X60.526 Y38.47 E4.12852
G1 X61.071 Y38.47 E4.15473
G1 X50.897 Y48.644 E4.84675
G1 X51.442 Y48.644 E4.87296
G1 X61.616 Y38.47 E5.56498
G1 X62.162 Y38.47 E5.59124
G1 X51.987 Y48.644 E6.2833
G1 X52.533 Y48.644 E6.30956
G1 X62.707 Y38.47 E7.00158
G1 X63.252 Y38.47 E7.02779
G1 X53.078 Y48.644 E7.71981
G1 X53.624 Y48.644 E7.74607
G1 X63.798 Y38.47 E8.43809
G1 X64.343 Y38.47 E8.4643
G1 X54.152 Y48.661 E9.15748
G1 X54.56 Y48.799 E9.1782
G1 X64.888 Y38.47 E9.88073
G1 X65.434 Y38.47 E9.90699
G1 X54.861 Y49.043 E10.62615
G1 X55.09 Y49.36 E10.64496
G1 X65.979 Y38.47 E11.38565
G1 X66.524 Y38.47 E11.41186
G1 X55.198 Y49.796 E12.18224
G1 X55.077 Y50.496 E12.21641
;WIDTH:0.404381
G1 X55.036 Y50.507 E12.21821
G1 X55.017 Y50.436 E12.22133
G1 X55.088 Y50.455 E12.22445
;WIDTH:0.45
G1 X67.07 Y38.47 E13.03955
G1 X67.615 Y38.47 E13.06576
G1 X55.212 Y50.873 E13.9094
G1 X55.212 Y51.419 E13.93566
G1 X68.16 Y38.47 E14.8164
G1 X68.706 Y38.47 E14.84266
G1 X55.212 Y51.964 E15.76051
G1 X55.212 Y52.509 E15.78672
G1 X69.251 Y38.47 E16.74164
G1 X69.796 Y38.47 E16.76785
G1 X55.212 Y53.055 E17.75987
G1 X55.212 Y53.6 E17.78608
G1 X70.342 Y38.47 E18.8152
G1 X70.887 Y38.47 E18.84141
G1 X55.212 Y54.145 E19.9076
G1 X55.212 Y54.691 E19.93386
G1 X71.432 Y38.47 E21.03716
G1 X71.978 Y38.47 E21.06342
G1 X55.212 Y55.236 E22.20382
G1 X55.212 Y55.782 E22.23008
G1 X72.523 Y38.47 E23.40759
G1 X73.069 Y38.47 E23.43385
G1 X55.212 Y56.327 E24.64846
G1 X55.212 Y56.872 E24.67467
G1 X73.614 Y38.47 E25.92635
G1 X74.159 Y38.47 E25.95256
G1 X55.212 Y57.418 E27.24135
G1 X55.212 Y57.963 E27.26756
G1 X74.705 Y38.47 E28.59345
G1 X75.25 Y38.47 E28.61966
G1 X55.212 Y58.508 E29.98262
G1 X55.212 Y59.054 E30.00888
G1 X75.795 Y38.47 E31.40894
G1 X76.341 Y38.47 E31.4352
G1 X55.212 Y59.599 E32.87237
G1 X55.212 Y60.144 E32.89858
G1 X76.886 Y38.47 E34.37282
G1 X77.431 Y38.47 E34.39903
G1 X55.212 Y60.69 E35.91037
G1 X55.212 Y61.235 E35.93658
G1 X77.977 Y38.47 E37.48503
G1 X78.522 Y38.47 E37.51124
G1 X55.212 Y61.781 E39.09679
G1 X55.212 Y62.326 E39.123
G1 X79.067 Y38.47 E40.74562
G1 X79.613 Y38.47 E40.77188
G1 X55.212 Y62.871 E42.43161
G1 X55.212 Y63.417 E42.45787
G1 X80.158 Y38.47 E44.1547
G1 X80.703 Y38.47 E44.18091
G1 X55.212 Y63.962 E45.91481
G1 X55.211 Y64.507 E45.94102
G1 X81.249 Y38.47 E47.71206
G1 X81.794 Y38.47 E47.73827
G1 X55.211 Y65.053 E49.54641
G1 X55.211 Y65.598 E49.57262
G1 X82.339 Y38.47 E51.41783
G1 X82.885 Y38.47 E51.44409
G1 X55.211 Y66.144 E53.32644
G1 X55.211 Y66.689 E53.35265
G1 X83.43 Y38.47 E55.27207
G1 X83.975 Y38.47 E55.29828
G1 X55.211 Y67.234 E57.25477
G1 X55.211 Y67.78 E57.28103
G1 X84.521 Y38.47 E59.27466
G1 X85.066 Y38.47 E59.30087
G1 X55.211 Y68.325 E61.33157
G1 X55.211 Y68.87 E61.35778
G1 X85.612 Y38.47 E63.42558
G1 X86.157 Y38.47 E63.45179
G1 X55.211 Y69.416 E65.5567
G1 X55.211 Y69.961 E65.58291
G1 X86.702 Y38.47 E67.72489
G1 X87.248 Y38.47 E67.75115
G1 X55.211 Y70.506 E69.93023
G1 X55.139 Y70.768 E69.9433
;WIDTH:0.404381
G1 X55.068 Y70.749 E69.94642
G1 X55.087 Y70.82 E69.94954
G1 X55.128 Y70.809 E69.95134
G1 E67.95134 F2400
G92 E0
G1 X27.592 Y42.303 F7800
G1 E2 F2400
G1 F1200
G1 X27.705 Y42.312 E2.00481
G1 X28.103 Y41.795 E2.03248
G1 X28.652 Y41.247 E2.06537
G1 E.06537 F2400
G92 E0
G1 X84.532 Y41.623 F7800
G1 E2 F2400
G1 F1200
G1 X84.747 Y41.357 E2.0145
G1 X85.226 Y40.935 E2.04157
;WIDTH:0.45
G1 X85.499 Y40.764 E2.05706
G1 X87.793 Y38.47 E2.2131
G1 X88.338 Y38.47 E2.23931
G1 X86.09 Y40.718 E2.39222
G1 E.39222 F2400
G92 E0
G1 X88.887 Y38.996 F7800
G1 E2 F2400
G1 F1200
G1 X87.567 Y40.332 E2.09033
G1 X88.519 Y40.332 E2.13612
G1 X88.958 Y40.394 E2.15744
G1 X89.065 Y40.429 E2.16285
G1 X89.557 Y40.332 E2.18697
G1 X91.22 Y40.332 E2.26695
G1 X91.655 Y40.393 E2.28808
G1 X91.763 Y40.431 E2.29359
G1 X91.999 Y40.363 E2.3054
G1 X92.306 Y40.332 E2.32024
G1 X95.004 Y40.332 E2.45
G1 X95.439 Y40.393 E2.47113
G1 X95.547 Y40.431 E2.47664
G1 X96.044 Y40.332 E2.50101
G1 X97.707 Y40.332 E2.58099
G1 X98.39 Y40.365 E2.61388
G1 X99.013 Y40.352 E2.64385
G1 X99.595 Y40.523 E2.67303
G1 X99.799 Y40.638 E2.68429
G1 X101.586 Y38.856 E2.80567
G1 X89.02 Y38.856 E3.41005
G1 X88.707 Y38.646 E3.42818
G1 X86.636 Y40.718 E3.56908
G1 X88.519 Y40.718 E3.65965
G1 X88.838 Y40.76 E3.67513
G1 X89.068 Y40.836 E3.68678
G1 X89.53 Y40.718 E3.70971
G1 X91.22 Y40.718 E3.79099
G1 X91.527 Y40.757 E3.80587
G1 X91.764 Y40.84 E3.81795
G1 X92.042 Y40.747 E3.83205
G1 X92.306 Y40.718 E3.84482
G1 X95.004 Y40.718 E3.97458
G1 X95.311 Y40.756 E3.98946
G1 X95.547 Y40.84 E4.00151
G1 X95.912 Y40.718 E4.02002
G1 X97.707 Y40.718 E4.10635
G1 X98.388 Y40.751 E4.13914
G1 X99 Y40.738 E4.16858
G1 X99.539 Y40.927 E4.19605
G1 X99.813 Y41.174 E4.21379
G1 X102.517 Y38.47 E4.39771
G1 X88.747 Y38.47 E5.06
G1 X89.203 Y39.241 F7800
G1 F1200
G1 X100.655 Y39.241 E5.6108
G1 X99.746 Y40.151 E5.67266
G1 X99.025 Y39.967 E5.70845
G1 X98.392 Y39.98 E5.7389
G1 X97.707 Y39.947 E5.77188
G1 X96.09 Y39.947 E5.84965
G1 X95.504 Y40.009 E5.87799
G1 X95.004 Y39.947 E5.90222
G1 X92.306 Y39.947 E6.03198
G1 X91.72 Y40.009 E6.06032
G1 X91.22 Y39.947 E6.08455
G1 X89.603 Y39.947 E6.16232
G1 X88.998 Y40.003 E6.19154
G1 X88.498 Y39.947 E6.21574
G1 X89.067 Y39.378 E6.25444
G1 X89.353 Y39.604 E6.27197
;WIDTH:0.403925
G1 X89.603 Y39.594 E6.28257
;WIDTH:0.384175
G1 X91.22 Y39.594 E6.34707
;WIDTH:0.414862
G1 X91.492 Y39.609 E6.35898
;WIDTH:0.445549
G1 X91.763 Y39.625 E6.37189
G1 X92.035 Y39.609 E6.38484
;WIDTH:0.414861
G1 X92.306 Y39.594 E6.3967
;WIDTH:0.384175
G1 X95.004 Y39.594 E6.50431
;WIDTH:0.414862
G1 X95.276 Y39.609 E6.51622
;WIDTH:0.445549
G1 X95.547 Y39.625 E6.52913
G1 X95.819 Y39.609 E6.54208
;WIDTH:0.414862
G1 X96.09 Y39.594 E6.55394
;WIDTH:0.384175
G1 X97.707 Y39.594 E6.61844
;WIDTH:0.417183
G1 X99.037 Y39.604 E6.67697
;WIDTH:0.448823
G1 X99.231 Y39.626 E6.68633
;WIDTH:0.493138
G1 X99.425 Y39.649 E6.69678
;WIDTH:0.537453
G1 X99.619 Y39.671 E6.7083
G1 E4.7083 F2400
G92 E0
G1 X100.177 Y41.823 F7800
G1 E2 F2400
;WIDTH:0.404381
G1 F1200
G1 X100.136 Y41.834 E2.0018
G1 X100.116 Y41.763 E2.00493
G1 X100.188 Y41.782 E2.00809
;WIDTH:0.45
G1 X100.067 Y41.466 E2.02436
G1 X103.063 Y38.47 E2.22814
G1 E.22814 F2400
G92 E0
G1 X106.687 Y38.47 F7800
G1 E2 F2400
G1 F1200
G1 X103.472 Y38.47 E2.15463
G1 X103.472 Y38.606 E2.16117
G1 X101.344 Y40.734 E2.30591
G1 X101.987 Y40.806 E2.33703
G1 X102.265 Y40.938 E2.35183
G1 X102.434 Y41.077 E2.36235
G1 X102.923 Y40.801 E2.38936
G1 X103.37 Y40.728 E2.41114
G1 X103.91 Y40.816 E2.43745
G1 X104.303 Y41.047 E2.45938
G1 X106.88 Y38.47 E2.63466
G1 X107.425 Y38.47 E2.66087
G1 X104.576 Y41.32 E2.85469
G1 X104.761 Y41.68 E2.87416
G1 X107.774 Y38.667 E3.0791
G1 X107.894 Y38.41 E3.09274
;WIDTH:0.404381
G1 X107.853 Y38.421 E3.09454
G1 X107.834 Y38.35 E3.09766
G1 X107.905 Y38.369 E3.10078
G1 X107.774 Y39.212 F7800
;WIDTH:0.45
G1 F1200
G1 X104.861 Y42.126 E3.29895
G1 X104.74 Y42.824 E3.33302
;WIDTH:0.404381
G1 X104.699 Y42.835 E3.33482
G1 X104.68 Y42.764 E3.33794
G1 X104.751 Y42.783 E3.34106
;WIDTH:0.45
G1 X107.774 Y39.758 E3.54675
G1 X107.774 Y40.303 E3.57296
G1 X104.874 Y43.203 E3.77021
G1 X104.77 Y43.712 E3.7952
;WIDTH:0.404381
G1 X104.729 Y43.723 E3.797
G1 X104.71 Y43.652 E3.80012
G1 X104.781 Y43.671 E3.80324
;WIDTH:0.45
G1 X104.957 Y43.666 E3.81171
G1 X107.774 Y40.848 E4.00335
G1 X107.774 Y41.394 E4.02961
G1 X105.28 Y43.888 E4.19925
G1 X105.494 Y44.219 E4.21821
G1 X107.774 Y41.939 E4.37329
G1 X107.774 Y42.484 E4.3995
G1 X105.642 Y44.616 E4.54452
G1 X105.663 Y45.141 E4.56979
G1 X107.774 Y43.03 E4.71338
G1 E2.71338 F2400
G92 E0
G1 X105.494 Y45.413 F7800
G1 E2 F2400
;WIDTH:0.404381
G1 F1200
G1 X105.121 Y45.884 E2.02548
G1 E.02548 F2400
G92 E0
G1 X105.756 Y38.856 F7800
G1 E2 F2400
;WIDTH:0.45
G1 F1200
G1 X103.744 Y38.856 E2.09677
G1 X102.162 Y40.461 E2.20516
G1 X102.464 Y40.611 E2.22138
G1 X102.852 Y40.422 E2.24214
G1 X103.424 Y40.346 E2.26989
G1 X103.921 Y40.416 E2.29403
G1 X104.246 Y40.558 E2.31109
G1 X105.949 Y38.856 E2.42689
G1 X105.018 Y39.241 F7800
G1 F1200
G1 X104.163 Y40.097 E2.48508
G1 X103.989 Y40.037 E2.49393
G1 X103.478 Y39.964 E2.51876
G1 X103.199 Y39.97 E2.53218
G1 X103.927 Y39.241 E2.58173
G1 X104.825 Y39.241 E2.62492
G1 E.62492 F2400
G92 E0
G1 X97.938 Y47.511 F7800
G1 E2 F2400
;WIDTH:0.403121
G1 F1200
G1 X97.709 Y47.521 E2.00968
;WIDTH:0.383173
G1 X96.09 Y47.521 E2.07405
;WIDTH:0.415589
G1 X95.733 Y47.505 E2.0897
;WIDTH:0.444025
G1 X95.004 Y47.49 E2.12423
G1 X94.734 Y47.506 E2.13704
;WIDTH:0.413599
G1 X94.464 Y47.521 E2.14882
;WIDTH:0.383173
G1 X92.847 Y47.521 E2.21311
;WIDTH:0.413867
G1 X92.575 Y47.505 E2.22499
;WIDTH:0.444563
G1 X92.304 Y47.49 E2.23786
G1 X92.032 Y47.505 E2.25078
;WIDTH:0.413868
G1 X91.761 Y47.521 E2.26261
;WIDTH:0.383173
G1 X88.919 Y47.521 E2.37561
;WIDTH:0.430379
G1 X88.706 Y47.497 E2.38539
;WIDTH:0.477587
G1 X88.493 Y47.474 E2.39643
;WIDTH:0.524795
G1 X88.28 Y47.45 E2.40874
;WIDTH:0.572003
G1 X88.067 Y47.426 E2.42231
G1 X87.911 Y47.448 E2.43228
;WIDTH:0.529513
G1 X87.755 Y47.469 E2.44141
;WIDTH:0.487024
G1 X87.599 Y47.49 E2.44971
;WIDTH:0.444534
G1 X87.443 Y47.511 E2.45717
G1 E.45717 F2400
G92 E0
G1 X84.368 Y41.895 F7800
G1 E2 F2400
;WIDTH:0.45
G1 F1200
G1 X55.211 Y71.052 E3.98322
G1 X55.211 Y71.597 E4.00943
G1 X84.356 Y42.453 E5.9918
G1 X84.489 Y42.865 E6.01262
G1 X55.211 Y72.143 E8.00407
G1 X55.211 Y72.688 E8.03028
G1 X84.715 Y43.184 E10.03711
G1 X85.007 Y43.437 E10.05569
G1 X55.211 Y73.233 E12.08238
G1 X55.211 Y73.779 E12.10864
G1 X85.381 Y43.609 E14.16077
G1 X85.831 Y43.571 E14.18249
;WIDTH:0.404381
G1 X85.76 Y43.552 E14.18561
G1 X85.779 Y43.624 E14.18877
G1 X85.82 Y43.613 E14.19057
;WIDTH:0.45
G1 X85.68 Y43.855 E14.20402
G1 X55.211 Y74.324 E16.27648
G1 X55.211 Y74.869 E16.30269
G1 X80.21 Y49.87 E18.00309
G1 X80.38 Y49.627 E18.01735
;WIDTH:0.404381
G1 X80.339 Y49.638 E18.01915
G1 X80.32 Y49.567 E18.02227
G1 X80.391 Y49.586 E18.02539
G1 X80.208 Y50.418 F7800
;WIDTH:0.45
G1 F1200
G1 X55.211 Y75.415 E19.72565
G1 X55.211 Y75.96 E19.75186
G1 X80.208 Y50.963 E21.45212
G1 X80.208 Y51.508 E21.47833
G1 X55.211 Y76.505 E23.17859
G1 X55.211 Y77.051 E23.20485
G1 X80.208 Y52.054 E24.90511
G1 X80.208 Y52.599 E24.93132
G1 X55.211 Y77.596 E26.63158
G1 X55.211 Y78.142 E26.65784
G1 X80.208 Y53.145 E28.3581
G1 X80.208 Y53.69 E28.38431
G1 X55.211 Y78.687 E30.08457
G1 X55.211 Y79.232 E30.11078
G1 X80.208 Y54.235 E31.81104
G1 X80.208 Y54.781 E31.8373
G1 X55.211 Y79.778 E33.53756
G1 X55.211 Y80.323 E33.56377
G1 X80.208 Y55.326 E35.26403
G1 X80.208 Y55.871 E35.29024
G1 X55.211 Y80.868 E36.9905
G1 X55.211 Y81.414 E37.01676
G1 X80.208 Y56.417 E38.71702
G1 X80.208 Y56.962 E38.74323
G1 X55.211 Y81.959 E40.44349
G1 X55.211 Y82.504 E40.4697
G1 X80.208 Y57.507 E42.16996
G1 X80.208 Y58.053 E42.19622
G1 X55.211 Y83.05 E43.89648
G1 X55.211 Y83.595 E43.92269
G1 X80.208 Y58.598 E45.62295
G1 X80.208 Y59.143 E45.64916
G1 X55.211 Y84.141 E47.34946
G1 X55.211 Y84.686 E47.37567
G1 X80.208 Y59.689 E49.07593
G1 X80.208 Y60.234 E49.10214
G1 X55.211 Y85.231 E50.8024
G1 X55.211 Y85.777 E50.82866
G1 X80.208 Y60.779 E52.52896
G1 X80.208 Y61.325 E52.55522
G1 X55.211 Y86.322 E54.25548
G1 X55.211 Y86.867 E54.28169
G1 X80.208 Y61.87 E55.98195
G1 X80.208 Y62.415 E56.00816
G1 X55.211 Y87.413 E57.70846
G1 X55.211 Y87.958 E57.73467
G1 X80.208 Y62.961 E59.43493
G1 X80.208 Y63.506 E59.46114
G1 X55.211 Y88.503 E61.1614
G1 X55.211 Y89.049 E61.18766
G1 X80.208 Y64.051 E62.88796
G1 X80.208 Y64.597 E62.91422
G1 X55.211 Y89.594 E64.61448
G1 X55.211 Y90.14 E64.64074
G1 X80.208 Y65.142 E66.34104
G1 X80.208 Y65.688 E66.3673
G1 X55.211 Y90.685 E68.06756
G1 X55.211 Y91.23 E68.09377
G1 X80.208 Y66.233 E69.79403
G1 X80.208 Y66.778 E69.82024
G1 X55.211 Y91.776 E71.52054
G1 X55.211 Y92.321 E71.54675
G1 X80.208 Y67.324 E73.24701
G1 X80.208 Y67.869 E73.27322
G1 X55.211 Y92.866 E74.97348
G1 X55.211 Y93.412 E74.99974
G1 X80.208 Y68.414 E76.70004
G1 X80.208 Y68.96 E76.7263
G1 X55.211 Y93.957 E78.42656
G1 X55.211 Y94.502 E78.45277
G1 X80.208 Y69.505 E80.15303
G1 X80.208 Y70.05 E80.17924
G1 X55.211 Y95.048 E81.87954
G1 X55.211 Y95.593 E81.90575
G1 X80.208 Y70.596 E83.60601
G1 X80.208 Y71.141 E83.63222
G1 X55.21 Y96.139 E85.33255
G1 X55.21 Y96.684 E85.35876
G1 X80.208 Y71.686 E87.05909
G1 X80.208 Y72.232 E87.08535
G1 X55.21 Y97.229 E88.78565
G1 X55.21 Y97.775 E88.81191
G1 X80.208 Y72.777 E90.51224
G1 X80.208 Y73.322 E90.53845
G1 X55.21 Y98.32 E92.23878
G1 X55.21 Y98.865 E92.26499
G1 X80.208 Y73.868 E93.96529
G1 X80.208 Y74.413 E93.9915
G1 X55.21 Y99.411 E95.69183
G1 X55.21 Y99.956 E95.71804
G1 X80.208 Y74.958 E97.41837
G1 X80.208 Y75.504 E97.44463
G1 X55.21 Y100.501 E99.14493
G1 X55.21 Y101.047 E99.17119
G1 X80.208 Y76.049 E100.87152
G1 X80.208 Y76.594 E100.89773
G1 X55.21 Y101.592 E102.59806
G1 X55.21 Y102.138 E102.62432
G1 X80.208 Y77.14 E104.32465
G1 X80.208 Y77.685 E104.35086
G1 X55.21 Y102.683 E106.05119
G1 X55.21 Y103.228 E106.0774
G1 X80.208 Y78.231 E107.7777
G1 X80.208 Y78.776 E107.80391
G1 X55.21 Y103.774 E109.50424
G1 X55.21 Y104.319 E109.53045
G1 X80.208 Y79.321 E111.23078
G1 X80.208 Y79.867 E111.25704
G1 X55.21 Y104.864 E112.95734
G1 X55.21 Y105.41 E112.9836
G1 X80.208 Y80.412 E114.68393
G1 X80.208 Y80.957 E114.71014
G1 X55.21 Y105.955 E116.41047
G1 X55.21 Y106.5 E116.43668
G1 X80.208 Y81.503 E118.13698
G1 X80.208 Y82.048 E118.16319
G1 X55.21 Y107.046 E119.86352
G1 X55.21 Y107.591 E119.88973
G1 X80.208 Y82.593 E121.59006
G1 X80.208 Y83.139 E121.61632
G1 X55.21 Y108.137 E123.31665
G1 X55.21 Y108.682 E123.34286
G1 X80.208 Y83.684 E125.04319
G1 X80.208 Y84.229 E125.0694
G1 X55.21 Y109.227 E126.76973
G1 X55.21 Y109.773 E126.79599
G1 X80.208 Y84.775 E128.49632
G1 X80.208 Y85.32 E128.52253
G1 X55.21 Y110.318 E130.22286
G1 X55.21 Y110.863 E130.24907
G1 X80.208 Y85.865 E131.9494
G1 X80.208 Y86.411 E131.97566
G1 X55.21 Y111.409 E133.67599
G1 X55.21 Y111.954 E133.7022
G1 X80.208 Y86.956 E135.40253
G1 X80.208 Y87.501 E135.42874
G1 X55.21 Y112.499 E137.12907
G1 X55.21 Y113.045 E137.15533
G1 X80.208 Y88.047 E138.85566
G1 X80.208 Y88.592 E138.88187
G1 X55.21 Y113.59 E140.5822
G1 X55.21 Y114.136 E140.60846
G1 X80.208 Y89.137 E142.30883
G1 X80.208 Y89.683 E142.33509
G1 X55.21 Y114.681 E144.03542
G1 X55.21 Y115.226 E144.06163
G1 X80.208 Y90.228 E145.76196
G1 X80.208 Y90.774 E145.78822
G1 X55.21 Y115.772 E147.48855
G1 X55.21 Y116.317 E147.51476
G1 X80.208 Y91.319 E149.21509
G1 X80.208 Y91.864 E149.2413
G1 X55.21 Y116.862 E150.94163
G1 X55.21 Y117.408 E150.96789
G1 X80.208 Y92.41 E152.66822
G1 X80.208 Y92.955 E152.69443
G1 X55.21 Y117.953 E154.39476
G1 X55.21 Y118.499 E154.42102
G1 X80.208 Y93.5 E156.12139
G1 X80.208 Y94.046 E156.14765
G1 X55.21 Y119.044 E157.84798
G1 X55.21 Y119.589 E157.87419
G1 X80.208 Y94.591 E159.57452
G1 X80.208 Y95.136 E159.60073
G1 X55.21 Y120.135 E161.3011
G1 X55.21 Y120.68 E161.32731
G1 X80.208 Y95.682 E163.02764
G1 X80.208 Y96.227 E163.05385
G1 X55.21 Y121.225 E164.75418
G1 X55.21 Y121.771 E164.78044
G1 X80.208 Y96.772 E166.48081
G1 X80.208 Y97.318 E166.50707
G1 X55.21 Y122.316 E168.2074
G1 X55.21 Y122.861 E168.23361
G1 X80.208 Y97.863 E169.93394
G1 X80.208 Y98.408 E169.96015
G1 X55.21 Y123.407 E171.66052
G1 X55.21 Y123.952 E171.68673
G1 X80.208 Y98.954 E173.38706
G1 X80.208 Y99.499 E173.41327
G1 X55.21 Y124.498 E175.11364
G1 X55.21 Y125.043 E175.13985
G1 X80.208 Y100.044 E176.84022
G1 X80.208 Y100.59 E176.86648
G1 X55.21 Y125.588 E178.56681
G1 X55.21 Y126.134 E178.59307
G1 X80.208 Y101.135 E180.29344
G1 X80.208 Y101.68 E180.31965
G1 X55.175 Y126.713 E182.02236
G1 X55.001 Y126.986 E182.03793
;WIDTH:0.404381
G1 X54.733 Y127.292 E182.05518
G1 X54.508 Y127.472 E182.0674
G1 E180.0674 F2400
G92 E0
G1 X28.024 Y127.688 F7800
G1 E2 F2400
;WIDTH:0.45
G1 F1200
G1 X27.645 Y128.067 E2.02578
G1 X27.645 Y128.612 E2.05199
G1 X28.569 Y127.688 E2.11484
G1 X29.114 Y127.688 E2.14105
G1 X27.645 Y129.158 E2.241
G1 X27.645 Y129.703 E2.26721
G1 X29.66 Y127.688 E2.40427
G1 X30.205 Y127.688 E2.43048
G1 X27.645 Y130.248 E2.60461
G1 X27.645 Y130.794 E2.63087
G1 X30.75 Y127.688 E2.8421
G1 X31.296 Y127.688 E2.86836
G1 X27.645 Y131.339 E3.1167
G1 X27.645 Y131.884 E3.14291
G1 X31.841 Y127.688 E3.42832
G1 X32.386 Y127.688 E3.45453
G1 X27.645 Y132.43 E3.77704
G1 X27.645 Y132.975 E3.80325
G1 X32.932 Y127.688 E4.16287
G1 X33.477 Y127.688 E4.18908
G1 X27.645 Y133.52 E4.58577
G1 X27.645 Y134.066 E4.61203
G1 X34.023 Y127.688 E5.04585
G1 X34.568 Y127.688 E5.07206
G1 X27.645 Y134.611 E5.54295
G1 X27.645 Y135.156 E5.56916
G1 X35.113 Y127.688 E6.07712
G1 X35.659 Y127.688 E6.10338
G1 X27.645 Y135.702 E6.64848
G1 X27.645 Y136.247 E6.67469
G1 X36.204 Y127.688 E7.25686
G1 X36.749 Y127.688 E7.28307
G1 X27.645 Y136.792 E7.90231
G1 X27.645 Y137.338 E7.92857
G1 X37.295 Y127.688 E8.58495
G1 X37.84 Y127.688 E8.61116
G1 X27.666 Y137.862 E9.30318
G1 X28.211 Y137.862 E9.32939
G1 X38.385 Y127.688 E10.02141
G1 X38.931 Y127.688 E10.04767
G1 X28.757 Y137.862 E10.73969
G1 X29.302 Y137.862 E10.7659
G1 X39.476 Y127.688 E11.45792
G1 X40.021 Y127.688 E11.48413
G1 X29.847 Y137.862 E12.17615
G1 X30.393 Y137.862 E12.20241
G1 X40.567 Y127.688 E12.89443
G1 X41.112 Y127.688 E12.92064
G1 X30.938 Y137.862 E13.61266
G1 X31.483 Y137.862 E13.63887
G1 X41.657 Y127.688 E14.33089
G1 X42.203 Y127.688 E14.35715
G1 X32.029 Y137.862 E15.04917
G1 X32.574 Y137.862 E15.07538
G1 X42.748 Y127.688 E15.7674
G1 X43.293 Y127.688 E15.79361
G1 X33.119 Y137.862 E16.48563
G1 X33.665 Y137.862 E16.51189
G1 X43.839 Y127.688 E17.20391
G1 X44.384 Y127.688 E17.23012
G1 X34.21 Y137.862 E17.92214
G1 X34.755 Y137.862 E17.94835
G1 X44.929 Y127.688 E18.64037
G1 X45.475 Y127.688 E18.66663
G1 X35.301 Y137.862 E19.35865
G1 X35.846 Y137.862 E19.38486
G1 X46.02 Y127.688 E20.07688
G1 X46.566 Y127.688 E20.10314
G1 X36.391 Y137.862 E20.7952
G1 X36.937 Y137.862 E20.82146
G1 X47.111 Y127.688 E21.51348
G1 X47.656 Y127.688 E21.53969
G1 X37.482 Y137.862 E22.23171
G1 X38.027 Y137.862 E22.25792
G1 X48.202 Y127.688 E22.94998
G1 X48.747 Y127.688 E22.97619
G1 X38.573 Y137.862 E23.66821
G1 X39.118 Y137.862 E23.69442
G1 X49.292 Y127.688 E24.38644
G1 X49.838 Y127.688 E24.4127
G1 X39.663 Y137.862 E25.10476
G1 X40.209 Y137.862 E25.13102
G1 X50.383 Y127.688 E25.82304
G1 X50.928 Y127.688 E25.84925
G1 X40.754 Y137.862 E26.54127
G1 X41.3 Y137.862 E26.56753
G1 X51.474 Y127.688 E27.25955
G1 X52.019 Y127.688 E27.28576
G1 X41.845 Y137.862 E27.97778
G1 X42.39 Y137.862 E28.00399
G1 X52.564 Y127.688 E28.69601
G1 X53.11 Y127.688 E28.72227
G1 X42.936 Y137.862 E29.41429
G1 X43.481 Y137.862 E29.4405
G1 X53.655 Y127.688 E30.13252
G1 X54.236 Y127.653 E30.16051
G1 X44.026 Y137.862 E30.85495
G1 X44.34 Y137.964 E30.87083
;WIDTH:0.404381
G1 X44.269 Y137.945 E30.87395
G1 X44.288 Y138.016 E30.87707
G1 X44.329 Y138.005 E30.87887
;WIDTH:0.45
G1 X44.572 Y137.862 E30.89243
G1 X80.208 Y102.226 E33.31635
G1 X80.208 Y102.771 E33.34256
G1 X45.117 Y137.862 E35.72941
G1 X45.662 Y137.862 E35.75562
G1 X80.208 Y103.317 E38.10536
G1 X80.208 Y103.862 E38.13157
G1 X46.208 Y137.862 E40.44421
G1 X46.753 Y137.862 E40.47042
G1 X80.208 Y104.407 E42.74599
G1 X80.208 Y104.953 E42.77225
G1 X47.298 Y137.862 E45.01071
G1 X47.844 Y137.862 E45.03697
G1 X80.208 Y105.498 E47.23833
G1 X80.208 Y106.043 E47.26454
G1 X48.389 Y137.862 E49.42883
G1 X48.934 Y137.862 E49.45504
G1 X80.208 Y106.589 E51.58222
G1 X80.208 Y107.134 E51.60843
G1 X49.48 Y137.862 E53.69851
G1 X50.025 Y137.862 E53.72472
G1 X80.208 Y107.679 E55.77773
G1 X80.208 Y108.225 E55.80399
G1 X50.57 Y137.862 E57.8199
G1 X51.116 Y137.862 E57.84616
G1 X80.208 Y108.77 E59.82496
G1 X80.208 Y109.315 E59.85117
G1 X51.661 Y137.862 E61.7929
G1 X52.206 Y137.862 E61.81911
G1 X80.208 Y109.861 E63.72374
G1 X80.208 Y110.406 E63.74995
G1 X52.752 Y137.862 E65.61747
G1 X53.297 Y137.862 E65.64368
G1 X80.208 Y110.951 E67.47413
G1 X80.208 Y111.497 E67.50039
G1 X53.843 Y137.862 E69.2937
G1 X54.388 Y137.862 E69.31991
G1 X80.208 Y112.042 E71.07615
G1 X80.208 Y112.587 E71.10236
G1 X54.933 Y137.862 E72.82153
G1 X55.479 Y137.862 E72.84779
G1 X80.208 Y113.133 E74.52983
G1 X80.208 Y113.678 E74.55604
G1 X56.024 Y137.862 E76.20101
G1 X56.569 Y137.862 E76.22722
G1 X80.208 Y114.223 E77.83512
G1 X80.208 Y114.769 E77.86138
G1 X57.115 Y137.862 E79.43214
G1 X57.66 Y137.862 E79.45835
G1 X80.208 Y115.314 E80.99204
G1 X80.208 Y115.859 E81.01825
G1 X58.205 Y137.862 E82.51487
G1 X58.751 Y137.862 E82.54113
G1 X80.208 Y116.405 E84.00061
G1 X80.208 Y116.95 E84.02682
G1 X59.296 Y137.862 E85.44923
G1 X59.841 Y137.862 E85.47544
G1 X80.208 Y117.496 E86.86074
G1 X80.208 Y118.041 E86.88695
G1 X60.387 Y137.862 E88.23515
G1 X60.932 Y137.862 E88.26136
G1 X80.208 Y118.586 E89.57249
G1 X80.208 Y119.132 E89.59875
G1 X61.477 Y137.862 E90.87278
G1 X62.023 Y137.862 E90.89904
G1 X80.208 Y119.677 E92.13596
G1 X80.208 Y120.222 E92.16217
G1 X62.568 Y137.862 E93.36202
G1 X63.113 Y137.862 E93.38823
G1 X80.208 Y120.768 E94.55098
G1 X80.208 Y121.313 E94.57719
G1 X63.659 Y137.862 E95.70283
G1 X64.204 Y137.862 E95.72904
G1 X80.208 Y121.858 E96.81761
G1 X80.208 Y122.404 E96.84387
G1 X64.749 Y137.862 E97.89534
G1 X65.295 Y137.862 E97.9216
G1 X80.208 Y122.949 E98.93596
G1 X80.208 Y123.494 E98.96217
G1 X65.84 Y137.862 E99.93946
G1 X66.386 Y137.862 E99.96572
G1 X80.208 Y124.04 E100.90588
G1 X80.208 Y124.585 E100.93209
G1 X66.931 Y137.862 E101.83518
G1 X67.476 Y137.862 E101.86139
G1 X80.208 Y125.13 E102.7274
G1 X80.208 Y125.676 E102.75366
G1 X68.022 Y137.862 E103.58254
G1 X68.567 Y137.862 E103.60875
G1 X80.208 Y126.221 E104.40056
G1 X80.249 Y126.726 E104.42493
G1 X69.112 Y137.862 E105.18242
G1 X69.658 Y137.862 E105.20868
G1 X80.411 Y127.109 E105.94009
G1 X80.665 Y127.401 E105.9587
G1 X70.203 Y137.862 E106.67028
G1 X70.748 Y137.862 E106.69649
G1 X81.007 Y127.603 E107.39429
G1 X81.649 Y127.513 E107.42547
;WIDTH:0.404381
G1 X81.578 Y127.494 E107.42859
G1 X81.597 Y127.565 E107.43171
G1 X81.638 Y127.554 E107.43351
;WIDTH:0.45
G1 X81.468 Y127.688 E107.44392
G1 X71.294 Y137.862 E108.13594
G1 X71.839 Y137.862 E108.16215
G1 X82.013 Y127.688 E108.85417
G1 X82.558 Y127.688 E108.88038
G1 X72.384 Y137.862 E109.5724
G1 X72.93 Y137.862 E109.59866
G1 X83.104 Y127.688 E110.29068
G1 X83.649 Y127.688 E110.31689
G1 X73.475 Y137.862 E111.00891
G1 X74.02 Y137.862 E111.03512
G1 X84.194 Y127.688 E111.72714
G1 X84.74 Y127.688 E111.7534
G1 X74.566 Y137.862 E112.44542
G1 X75.111 Y137.862 E112.47163
G1 X85.285 Y127.688 E113.16365
G1 X85.831 Y127.688 E113.18991
G1 X75.656 Y137.862 E113.88197
G1 X76.202 Y137.862 E113.90823
G1 X86.376 Y127.688 E114.60025
G1 X86.921 Y127.688 E114.62646
G1 X76.747 Y137.862 E115.31848
G1 X77.292 Y137.862 E115.34469
G1 X87.467 Y127.688 E116.03675
G1 X88.012 Y127.688 E116.06296
G1 X77.838 Y137.862 E116.75498
G1 X78.383 Y137.862 E116.78119
G1 X88.557 Y127.688 E117.47321
G1 X89.103 Y127.688 E117.49947
G1 X78.929 Y137.862 E118.19149
G1 X79.474 Y137.862 E118.2177
G1 X89.648 Y127.688 E118.90972
G1 X90.193 Y127.688 E118.93593
G1 X80.019 Y137.862 E119.62795
G1 X80.565 Y137.862 E119.65421
G1 X90.739 Y127.688 E120.34623
G1 X91.284 Y127.688 E120.37244
G1 X81.11 Y137.862 E121.06446
G1 X81.655 Y137.862 E121.09067
G1 X91.829 Y127.688 E121.78269
G1 X92.375 Y127.688 E121.80895
G1 X82.201 Y137.862 E122.50097
G1 X82.746 Y137.862 E122.52718
G1 X92.92 Y127.688 E123.2192
G1 X93.465 Y127.688 E123.24541
G1 X83.291 Y137.862 E123.93743
G1 X83.837 Y137.862 E123.96369
G1 X94.011 Y127.688 E124.65571
G1 X94.556 Y127.688 E124.68192
G1 X84.382 Y137.862 E125.37394
G1 X84.927 Y137.862 E125.40015
G1 X95.101 Y127.688 E126.09217
G1 X95.647 Y127.688 E126.11843
G1 X85.473 Y137.862 E126.81045
G1 X86.018 Y137.862 E126.83666
G1 X96.192 Y127.688 E127.52868
G1 X96.737 Y127.688 E127.55489
G1 X86.563 Y137.862 E128.24691
G1 X87.109 Y137.862 E128.27317
G1 X97.283 Y127.688 E128.96519
G1 X97.828 Y127.688 E128.9914
G1 X87.654 Y137.862 E129.68342
G1 X88.199 Y137.862 E129.70963
G1 X98.374 Y127.688 E130.40169
G1 X98.919 Y127.688 E130.4279
G1 X88.745 Y137.862 E131.11992
G1 X89.29 Y137.862 E131.14613
G1 X99.464 Y127.688 E131.83815
G1 X100.01 Y127.688 E131.86441
G1 X89.835 Y137.862 E132.55647
G1 X90.381 Y137.862 E132.58273
G1 X100.555 Y127.688 E133.27475
G1 X101.1 Y127.688 E133.30096
G1 X90.926 Y137.862 E133.99298
G1 X91.472 Y137.862 E134.01924
G1 X101.646 Y127.688 E134.71126
G1 X102.191 Y127.688 E134.73747
G1 X92.017 Y137.862 E135.42949
G1 X92.562 Y137.862 E135.4557
G1 X102.736 Y127.688 E136.14772
G1 X103.282 Y127.688 E136.17398
G1 X93.108 Y137.862 E136.866
G1 X93.653 Y137.862 E136.89221
G1 X103.827 Y127.688 E137.58423
G1 X104.372 Y127.688 E137.61044
G1 X94.198 Y137.862 E138.30246
G1 X94.744 Y137.862 E138.32872
G1 X104.918 Y127.688 E139.02074
G1 X105.463 Y127.688 E139.04695
G1 X95.289 Y137.862 E139.73897
G1 X95.834 Y137.862 E139.76518
G1 X106.008 Y127.688 E140.4572
G1 X106.554 Y127.688 E140.48346
G1 X96.38 Y137.862 E141.17548
G1 X96.925 Y137.862 E141.20169
G1 X107.099 Y127.688 E141.89371
G1 X107.644 Y127.688 E141.91992
G1 X97.47 Y137.862 E142.61194
G1 X98.016 Y137.862 E142.6382
G1 X107.774 Y128.104 E143.30193
G1 X107.774 Y128.649 E143.32814
G1 X98.561 Y137.862 E143.9548
G1 X99.106 Y137.862 E143.98101
G1 X107.774 Y129.195 E144.57056
G1 X107.774 Y129.74 E144.59677
G1 X99.652 Y137.862 E145.14922
G1 X100.197 Y137.862 E145.17543
G1 X107.774 Y130.285 E145.69081
G1 X107.774 Y130.831 E145.71707
G1 X100.742 Y137.862 E146.19534
G1 X101.288 Y137.862 E146.2216
G1 X107.774 Y131.376 E146.66277
G1 X107.774 Y131.921 E146.68898
G1 X101.833 Y137.862 E147.09308
G1 X102.378 Y137.862 E147.11929
G1 X107.774 Y132.467 E147.48629
G1 X107.774 Y133.012 E147.5125
G1 X102.924 Y137.862 E147.84239
G1 X103.469 Y137.862 E147.8686
G1 X107.774 Y133.557 E148.16142
G1 X107.774 Y134.103 E148.18768
G1 X104.014 Y137.862 E148.4434
G1 X104.56 Y137.862 E148.46966
G1 X107.774 Y134.648 E148.68827
G1 X107.774 Y135.193 E148.71448
G1 X105.105 Y137.862 E148.89602
G1 X105.651 Y137.862 E148.92228
G1 X107.774 Y135.739 E149.06668
G1 X107.774 Y137.862 E149.16879
G1 X106.196 Y137.862 E149.24469
G1 X107.638 Y136.42 E149.34277
G1 X107.377 Y137.383 F7800
;WIDTH:0.603229
G1 F1200
G1 X107.329 Y137.335 E149.34733
G1 X107.264 Y137.352 E149.35185
G1 X107.247 Y137.417 E149.35637
G1 X107.294 Y137.465 E149.36088
G1 X107.359 Y137.448 E149.3654
G1 E147.3654 F2400
G92 E0
G1 X81.191 Y48.818 F7800
G1 E2 F2400
;WIDTH:0.404381
G1 F1200
G1 X81.15 Y48.829 E2.0018
G1 X81.131 Y48.758 E2.00492
G1 X81.202 Y48.777 E2.00804
;WIDTH:0.45
G1 X81.434 Y48.647 E2.02083
G1 X85.681 Y44.399 E2.30974
G1 X85.888 Y44.791 E2.33106
;WIDTH:0.404381
G1 X85.817 Y44.772 E2.33418
G1 X85.836 Y44.843 E2.3373
G1 X85.877 Y44.832 E2.3391
;WIDTH:0.45
G1 X85.682 Y44.944 E2.34992
G1 X81.982 Y48.644 E2.60159
G1 X82.527 Y48.644 E2.6278
G1 X85.776 Y45.395 E2.84879
G1 X85.957 Y45.76 E2.86839
G1 X83.072 Y48.644 E3.06459
G1 X83.618 Y48.644 E3.09085
G1 X86.212 Y46.05 E3.26729
G1 X86.56 Y46.247 E3.28652
G1 X84.163 Y48.644 E3.44956
G1 E1.44956 F2400
G92 E0
G1 X98.815 Y45.886 F7800
G1 E2 F2400
G1 F1200
G1 X98.555 Y46.125 E2.01699
G1 X98.159 Y46.311 E2.03803
G1 X97.709 Y46.397 E2.06007
G1 X96.09 Y46.397 E2.13794
G1 X95.258 Y46.361 E2.17799
G1 X94.99 Y46.283 E2.19141
G1 X94.64 Y46.397 E2.20911
G1 X92.847 Y46.397 E2.29535
G1 X92.54 Y46.359 E2.31023
G1 X92.303 Y46.276 E2.32231
G1 X92.025 Y46.369 E2.33641
G1 X91.761 Y46.397 E2.34918
G1 X89.062 Y46.397 E2.47899
G1 X88.547 Y46.303 E2.50417
G1 X88.264 Y46.16 E2.51942
G1 X88.121 Y46.04 E2.5284
G1 X87.925 Y46.179 E2.53996
G1 X87.418 Y46.369 E2.566
G1 X86.958 Y46.394 E2.58816
G1 X84.708 Y48.644 E2.7412
G1 X102.296 Y48.644 E3.58712
G1 X102.296 Y48.508 E3.59366
G1 X104.406 Y46.397 E3.73721
G1 X102.582 Y46.397 E3.82494
G1 X102.087 Y46.299 E3.84921
G1 X101.719 Y46.118 E3.86893
G1 X101.476 Y45.884 E3.88516
G1 X101.371 Y45.734 E3.89397
G1 X100.948 Y46.153 E3.92261
G1 X100.484 Y46.35 E3.94685
G1 X100.019 Y46.375 E3.96925
G1 X99.52 Y46.256 E3.99392
G1 X99.149 Y45.994 E4.01576
G1 X98.957 Y45.755 E4.0305
G1 X98.925 Y46.309 E4.05719
G1 X99.224 Y46.535 E4.07522
G1 X99.431 Y46.631 E4.08619
G1 X99.929 Y46.75 E4.11082
G1 X100.513 Y46.741 E4.13891
G1 X101.033 Y46.547 E4.1656
G1 X101.336 Y46.323 E4.18372
G1 X101.514 Y46.446 E4.19413
G1 X102.042 Y46.686 E4.22203
G1 X102.582 Y46.783 E4.24842
G1 X103.475 Y46.783 E4.29137
G1 X102.023 Y48.259 E4.39095
G1 X85.639 Y48.259 E5.17896
G1 X87.13 Y46.768 E5.28038
G1 X87.554 Y46.73 E5.30085
G1 X88.06 Y46.539 E5.32686
G1 X88.475 Y46.682 E5.34797
G1 X89.062 Y46.783 E5.37662
G1 X91.761 Y46.783 E5.50643
G1 X92.068 Y46.752 E5.52127
G1 X92.304 Y46.685 E5.53307
G1 X92.412 Y46.723 E5.53858
G1 X92.847 Y46.783 E5.5597
G1 X94.51 Y46.783 E5.63968
G1 X94.993 Y46.69 E5.66334
G1 X95.254 Y46.746 E5.67618
G1 X96.09 Y46.783 E5.71643
G1 X97.709 Y46.783 E5.7943
G1 X98.235 Y46.69 E5.81999
G1 X98.666 Y46.509 E5.84247
G1 X98.772 Y46.427 E5.84892
G1 X98.929 Y46.797 E5.86825
G1 X98.996 Y46.846 E5.87224
G1 X99.341 Y47.006 E5.89053
G1 X99.839 Y47.125 E5.91516
G1 X100.457 Y47.134 E5.94489
G1 X100.769 Y47.067 E5.96024
G1 X101.361 Y46.801 E5.99146
G1 X101.456 Y46.858 E5.99679
G1 X101.966 Y47.064 E6.02324
G1 X102.548 Y47.165 E6.05165
G1 X101.84 Y47.873 E6.09981
G1 X86.57 Y47.873 E6.83424
G1 X87.29 Y47.153 E6.88321
G1 X87.517 Y47.139 E6.89415
G1 X88.027 Y46.964 E6.92008
G1 X88.403 Y47.061 E6.93876
G1 X89.062 Y47.169 E6.97088
G1 X91.761 Y47.169 E7.10069
G1 X92.347 Y47.106 E7.12904
G1 X92.847 Y47.169 E7.15328
G1 X94.464 Y47.169 E7.23105
G1 X94.919 Y47.117 E7.25308
G1 X96.09 Y47.169 E7.30946
G1 X97.82 Y47.169 E7.39267
G1 X98.525 Y46.998 E7.42756
G1 X98.756 Y46.883 E7.43997
G1 X98.834 Y47.042 E7.44849
;WIDTH:0.410517
G1 X98.912 Y47.201 E7.45614
;WIDTH:0.371035
G1 X99.261 Y47.342 E7.47054
;WIDTH:0.40417
G1 X99.506 Y47.418 E7.48141
;WIDTH:0.437305
G1 X99.751 Y47.494 E7.49334
G1 X99.495 Y47.51 E7.50527
;WIDTH:0.40417
G1 X99.239 Y47.527 E7.51614
;WIDTH:0.371035
G1 X98.716 Y47.527 E7.53614
;WIDTH:0.40068
G1 X97.968 Y47.508 E7.56753
G1 X98.378 Y47.407 E7.58524
;WIDTH:0.371035
G1 X98.732 Y47.271 E7.59974
G1 X99.751 Y47.494 F7800
;WIDTH:0.437305
G1 F1200
G1 X100.474 Y47.503 E7.63337
;WIDTH:0.436727
G1 X100.645 Y47.494 E7.64132
;WIDTH:0.45
G1 X101.189 Y47.276 E7.66951
;WIDTH:0.392803
G1 X100.901 Y47.399 E7.68234
;WIDTH:0.436727
G1 X100.645 Y47.494 E7.69502
G1 X101.003 Y47.51 E7.71166
;WIDTH:0.405492
G1 X101.361 Y47.525 E7.7269
;WIDTH:0.374258
G1 X101.696 Y47.525 E7.73985
G1 X101.834 Y47.387 E7.74739
G1 X101.367 Y47.2 E7.76683
G1 X102.705 Y48.644 F7800
;WIDTH:0.45
G1 F1200
G1 X107.774 Y43.575 E8.11162
G1 X107.774 Y44.12 E8.13783
G1 X103.25 Y48.644 E8.44555
G1 X103.796 Y48.644 E8.47181
G1 X107.774 Y44.666 E8.74239
G1 X107.774 Y45.211 E8.7686
G1 X104.341 Y48.644 E9.00211
G1 X104.886 Y48.644 E9.02832
G1 X107.774 Y45.756 E9.22476
G1 X107.774 Y46.302 E9.25102
G1 X105.432 Y48.644 E9.41032
G1 X105.977 Y48.644 E9.43653
G1 X107.774 Y46.847 E9.55876
G1 X107.774 Y48.644 E9.64519
G1 X106.522 Y48.644 E9.70541
G1 X107.638 Y47.529 E9.78128
G1 E7.78128 F2400
G92 E0
G1 X96.76 Y44.403 F7800
G1 E2 F2400
;TYPE:External perimeter
;WIDTH:0.593991
G1 F1200
G1 X97.751 Y43.413 E2.09253
G1 X97.751 Y44.162 E2.14201
G1 X97.503 Y44.409 E2.16513
G1 X96.805 Y44.409 E2.21124
G1 X97.059 Y44.101 F7800
G1 X96.053 Y43.696
;WIDTH:0.593992
G1 F1200
G1 X96.047 Y43.703 E2.21185
G1 X96.047 Y42.954 E2.26133
G1 X96.295 Y42.706 E2.2845
G1 X97.044 Y42.706 E2.33398
G1 X96.096 Y43.654 E2.42254
G1 X96.039 Y43.258 F7800
G1 E.42254 F2400
G92 E0
G1 X49.475 Y43.704 F7800
G1 E2 F2400
;WIDTH:0.383651
G1 F1200
G1 X50.02 Y43.159 E2.03069
G1 X50.02 Y43.704 E2.05239
G1 X49.535 Y43.704 E2.0717
G1 X49.782 Y43.39 F7800
;LAYER_CHANGE
;Z:0.95
;HEIGHT:0.3
G1 E.0717 F2400
G92 E0
G1 Z.95 F7800
G1 X222.598 Y38.181
G1 E2 F2400
;TYPE:Perimeter
;WIDTH:0.45
G1 X222.563 Y38.218 E2.00245
;TYPE:Overhang perimeter
;WIDTH:0.4
;HEIGHT:0.4
G1 F1500
G1 X157.443 Y105.906 E6.90966
;TYPE:Perimeter
;WIDTH:0.45
;HEIGHT:0.3
G1 F2400
G1 X157.406 Y105.944 E6.91221
G1 X157.406 Y49.576 E9.62331
G1 X157.443 Y49.576 E9.62509
;TYPE:Overhang perimeter
;WIDTH:0.4
;HEIGHT:0.4
G1 F1500
G1 X160.613 Y49.576 E9.79071
G1 X160.902 Y49.484 E9.80656
G1 X161.196 Y49.27 E9.82556
G1 X161.382 Y48.983 E9.84343
G1 X161.456 Y48.612 E9.86319
G1 X161.456 Y38.218 E10.40622
;TYPE:Perimeter
;WIDTH:0.45
;HEIGHT:0.3
G1 F2400
G1 X161.456 Y38.181 E10.408
G1 X222.538 Y38.181 E13.34583
G1 X223.03 Y37.795 F7800
G1 F2400
G1 X223.03 Y38.218 E13.36617
;TYPE:Overhang perimeter
;WIDTH:0.4
;HEIGHT:0.4
G1 F1500
G1 X223.03 Y38.289 E13.36988
G1 X157.5 Y106.403 E18.30798
G1 X157.443 Y106.403 E18.31096
;TYPE:Perimeter
;WIDTH:0.45
;HEIGHT:0.3
G1 F2400
G1 X157.02 Y106.403 E18.3313
G1 X157.02 Y49.19 E21.08305
G1 X157.443 Y49.19 E21.10339
;TYPE:Overhang perimeter
;WIDTH:0.4
;HEIGHT:0.4
G1 F1500
G1 X160.572 Y49.19 E21.26686
G1 X160.831 Y49.08 E21.28156
G1 X161.004 Y48.88 E21.29538
G1 X161.07 Y48.612 E21.3098
G1 X161.07 Y38.218 E21.85283
;TYPE:Perimeter
;WIDTH:0.45
;HEIGHT:0.3
G1 F2400
G1 X161.07 Y37.795 E21.87317
G1 X222.97 Y37.795 E24.85034
G1 X223.416 Y37.41 F7800
;TYPE:External perimeter
G1 F1500
G1 X223.416 Y38.218 E24.8892
;TYPE:Overhang perimeter
;WIDTH:0.4
;HEIGHT:0.4
G1 X223.416 Y38.444 E24.90101
G1 X157.664 Y106.789 E29.85584
G1 X157.443 Y106.789 E29.86739
;TYPE:External perimeter
;WIDTH:0.45
;HEIGHT:0.3
G1 X156.635 Y106.789 E29.90625
G1 X156.635 Y48.805 E32.69508
G1 X157.443 Y48.805 E32.73394
;TYPE:Overhang perimeter
;WIDTH:0.4
;HEIGHT:0.4
G1 X160.492 Y48.805 E32.89323
G1 X160.616 Y48.759 E32.90014
G1 X160.685 Y48.612 E32.90862
G1 X160.685 Y38.218 E33.45165
;TYPE:External perimeter
;WIDTH:0.45
;HEIGHT:0.3
G1 X160.685 Y37.41 E33.49051
G1 X223.356 Y37.41 E36.50477
G1 X223.415 Y37.805 F7800
G1 X222.037 Y38.3
;TYPE:Bridge infill
;WIDTH:0.401849
;HEIGHT:0.4
G1 F1500
G1 X157.727 Y105.145 E41.3958
G1 X157.727 Y104.494 E41.43013
G1 X221.215 Y38.502 E46.2587
G1 X220.588 Y38.502 E46.29176
G1 X157.727 Y103.842 E51.07263
G1 X157.727 Y103.19 E51.10701
G1 X219.961 Y38.502 E55.84019
G1 X219.334 Y38.502 E55.87325
G1 X157.727 Y102.538 E60.55873
G1 X157.727 Y101.887 E60.59306
G1 X218.707 Y38.502 E65.23088
G1 X218.08 Y38.502 E65.26394
G1 X157.727 Y101.235 E69.85406
G1 X157.727 Y100.583 E69.88844
G1 X217.453 Y38.502 E74.43087
G1 X216.826 Y38.502 E74.46393
G1 X157.727 Y99.931 E78.95866
G1 X157.727 Y99.28 E78.99299
G1 X216.199 Y38.502 E83.44006
G1 X215.572 Y38.502 E83.47312
G1 X157.727 Y98.628 E87.8725
G1 X157.727 Y97.976 E87.90688
G1 X214.945 Y38.502 E92.25856
G1 X214.318 Y38.502 E92.29162
G1 X157.727 Y97.325 E96.59564
G1 X157.727 Y96.673 E96.63002
G1 X213.691 Y38.502 E100.88634
G1 X213.064 Y38.502 E100.9194
G1 X157.727 Y96.021 E105.12803
G1 X157.727 Y95.369 E105.16241
G1 X212.437 Y38.502 E109.32334
G1 X211.81 Y38.502 E109.3564
G1 X157.727 Y94.718 E113.46967
G1 X157.727 Y94.066 E113.50405
G1 X211.183 Y38.502 E117.56963
G1 X210.556 Y38.502 E117.60269
G1 X157.727 Y93.414 E121.62057
G1 X157.727 Y92.762 E121.65495
G1 X209.929 Y38.502 E125.62513
G1 X209.302 Y38.502 E125.65819
G1 X157.727 Y92.111 E129.58071
G1 X157.727 Y91.459 E129.61509
G1 X208.675 Y38.502 E133.48992
G1 X208.048 Y38.502 E133.52298
G1 X157.727 Y90.807 E137.35011
G1 X157.727 Y90.155 E137.38449
G1 X207.421 Y38.502 E141.16392
G1 X206.794 Y38.502 E141.19698
G1 X157.727 Y89.504 E144.92875
G1 X157.727 Y88.852 E144.96313
G1 X206.167 Y38.502 E148.64721
G1 X205.54 Y38.502 E148.68027
G1 X157.727 Y88.2 E152.31665
G1 X157.727 Y87.549 E152.35098
G1 X204.913 Y38.502 E155.9397
G1 X204.286 Y38.502 E155.97276
G1 X157.727 Y86.897 E159.51379
G1 X157.727 Y86.245 E159.54817
G1 X203.659 Y38.502 E163.0415
G1 X203.032 Y38.502 E163.07456
G1 X157.727 Y85.593 E166.52019
G1 X157.727 Y84.942 E166.55452
G1 X202.405 Y38.502 E169.95249
G1 X201.778 Y38.502 E169.98555
G1 X157.727 Y84.29 E173.33583
G1 X157.727 Y83.638 E173.37021
G1 X201.151 Y38.502 E176.67279
G1 X200.524 Y38.502 E176.70585
G1 X157.727 Y82.986 E179.96073
G1 X157.727 Y82.335 E179.99506
G1 X199.897 Y38.502 E183.20229
G1 X199.27 Y38.502 E183.23535
G1 X157.727 Y81.683 E186.39488
G1 X157.727 Y81.031 E186.42926
G1 X198.643 Y38.502 E189.54109
G1 X198.016 Y38.502 E189.57415
G1 X157.727 Y80.379 E192.63829
G1 X157.727 Y79.728 E192.67262
G1 X197.389 Y38.502 E195.6891
G1 X196.762 Y38.502 E195.72216
G1 X157.727 Y79.076 E198.69094
G1 X157.727 Y78.424 E198.72532
G1 X196.135 Y38.502 E201.6464
G1 X195.508 Y38.502 E201.67946
G1 X157.727 Y77.773 E204.55288
G1 X157.727 Y77.121 E204.58726
G1 X194.881 Y38.502 E207.41299
G1 X194.254 Y38.502 E207.44605
G1 X157.727 Y76.469 E210.22408
G1 X157.727 Y75.817 E210.25846
G1 X193.627 Y38.502 E212.98879
G1 X193 Y38.502 E213.02185
G1 X157.727 Y75.166 E215.70453
G1 X157.727 Y74.514 E215.73891
G1 X192.373 Y38.502 E218.37389
G1 X191.746 Y38.502 E218.40695
G1 X157.727 Y73.862 E220.99423
G1 X157.727 Y73.21 E221.02861
G1 X191.119 Y38.502 E223.5682
G1 X190.492 Y38.502 E223.60126
G1 X157.727 Y72.559 E226.09319
G1 X157.727 Y71.907 E226.12757
G1 X189.865 Y38.502 E228.5718
G1 X189.238 Y38.502 E228.60486
G1 X157.727 Y71.255 E231.00139
G1 X157.727 Y70.604 E231.03572
G1 X188.611 Y38.502 E233.38459
G1 X187.983 Y38.502 E233.4177
G1 X157.727 Y69.952 E235.71884
G1 X157.727 Y69.3 E235.75322
G1 X187.356 Y38.502 E238.00667
G1 X186.729 Y38.502 E238.03973
G1 X157.727 Y68.648 E240.24548
G1 X157.727 Y67.997 E240.27981
G1 X186.102 Y38.502 E242.4379
G1 X185.475 Y38.502 E242.47096
G1 X157.727 Y67.345 E244.58135
G1 X157.727 Y66.693 E244.61573
G1 X184.848 Y38.502 E246.67843
G1 X184.221 Y38.502 E246.71149
G1 X157.727 Y66.041 E248.72649
G1 X157.727 Y65.39 E248.76082
G1 X183.594 Y38.502 E250.72816
G1 X182.967 Y38.502 E250.76122
G1 X157.727 Y64.738 E252.68086
G1 X157.727 Y64.086 E252.71524
G1 X182.34 Y38.502 E254.58719
G1 X181.713 Y38.502 E254.62025
G1 X157.727 Y63.434 E256.4445
G1 X157.727 Y62.783 E256.47883
G1 X181.086 Y38.502 E258.25542
G1 X180.459 Y38.502 E258.28848
G1 X157.727 Y62.131 E260.01738
G1 X157.727 Y61.479 E260.05176
G1 X179.832 Y38.502 E261.73296
G1 X179.205 Y38.502 E261.76602
G1 X157.727 Y60.828 E263.39956
G1 X157.727 Y60.176 E263.43394
G1 X178.578 Y38.502 E265.01978
G1 X177.951 Y38.502 E265.05284
G1 X157.727 Y59.524 E266.59099
G1 X157.727 Y58.872 E266.62537
G1 X177.324 Y38.502 E268.11582
G1 X176.697 Y38.502 E268.14888
G1 X157.727 Y58.221 E269.59167
G1 X157.727 Y57.569 E269.62605
G1 X176.07 Y38.502 E271.02114
G1 X175.443 Y38.502 E271.0542
G1 X157.727 Y56.917 E272.4016
G1 X157.727 Y56.265 E272.43598
G1 X174.816 Y38.502 E273.73568
G1 X174.189 Y38.502 E273.76874
G1 X157.727 Y55.614 E275.02078
G1 X157.727 Y54.962 E275.05516
G1 X173.562 Y38.502 E276.25951
G1 X172.935 Y38.502 E276.29257
G1 X157.727 Y54.31 E277.44922
G1 X157.727 Y53.658 E277.4836
G1 X172.308 Y38.502 E278.59255
G1 X171.681 Y38.502 E278.62561
G1 X161.758 Y48.817 E279.38033
G1 X161.699 Y49.056 E279.39331
G1 X161.543 Y49.354 E279.41105
G1 X161.321 Y49.595 E279.42833
G1 X161.04 Y49.776 E279.44595
G1 X160.746 Y49.869 E279.46221
G1 X157.727 Y53.007 E279.69182
G1 X157.727 Y52.355 E279.7262
G1 X160.092 Y49.897 E279.90606
G1 X159.465 Y49.897 E279.93912
G1 X157.727 Y51.703 E280.07128
G1 X157.727 Y51.052 E280.10561
G1 X158.838 Y49.897 E280.19011
G1 X158.211 Y49.897 E280.22317
G1 X157.525 Y50.61 E280.27534
G1 E278.27534 F2400
G92 E0
G1 X161.575 Y48.356 F7800
G1 E2 F2400
G1 F1500
G1 X171.054 Y38.502 E2.72097
G1 X170.427 Y38.502 E2.75403
G1 X161.777 Y47.494 E3.41194
G1 X161.777 Y46.842 E3.44632
G1 X169.8 Y38.502 E4.05653
G1 X169.173 Y38.502 E4.08959
G1 X161.777 Y46.19 E4.6521
G1 X161.777 Y45.538 E4.68648
G1 X168.546 Y38.502 E5.2013
G1 X167.919 Y38.502 E5.23436
G1 X161.777 Y44.887 E5.70152
G1 X161.777 Y44.235 E5.7359
G1 X167.292 Y38.502 E6.15536
G1 X166.665 Y38.502 E6.18842
G1 X161.777 Y43.583 E6.56018
G1 X161.777 Y42.931 E6.59456
G1 X166.038 Y38.502 E6.91863
G1 X165.411 Y38.502 E6.95169
G1 X161.777 Y42.28 E7.2281
G1 X161.777 Y41.628 E7.26248
G1 X164.784 Y38.502 E7.49119
G1 X164.157 Y38.502 E7.52425
G1 X161.777 Y40.976 E7.70527
G1 X161.777 Y40.325 E7.7396
G1 X163.53 Y38.502 E7.87296
G1 X162.903 Y38.502 E7.90602
G1 X161.777 Y39.673 E7.99168
G1 X161.777 Y39.021 E8.02606
G1 X162.471 Y38.3 E8.07883
G1 E6.07883 F2400
G92 E0
G1 X133.062 Y170.955 F7800
G1 E2 F2400
;TYPE:Perimeter
;WIDTH:0.45
;HEIGHT:0.3
G1 X133.043 Y170.977 E2.0014
G1 X132.932 Y171.517 E2.02792
;WIDTH:0.464919
G1 X133.016 Y171.812 E2.04324
G1 X132.453 Y171.812 E2.07137
G1 X132.537 Y171.517 E2.08669
;WIDTH:0.45
G1 X132.426 Y170.977 E2.11321
G1 X132.185 Y170.686 E2.13138
G1 X131.922 Y170.533 E2.14601
G1 X131.576 Y170.469 E2.16293
G1 X113.056 Y170.469 E3.05368
G1 X113.056 Y99.745 E6.45526
G1 X128.692 Y99.748 E7.2073
G1 X129.272 Y99.838 E7.23553
G1 X132.734 Y100.232 E7.40312
G1 X136.197 Y99.838 E7.57075
G1 X136.786 Y99.745 E7.59943
G1 X152.413 Y99.745 E8.35103
G1 X152.413 Y170.469 E11.75261
G1 X133.893 Y170.469 E12.64336
G1 X133.613 Y170.511 E12.65698
G1 X133.284 Y170.686 E12.6749
G1 X133.1 Y170.909 E12.68881
G1 X133.399 Y171.144 F7800
G1 F2400
G1 X133.383 Y171.16 E12.6899
G1 X133.316 Y171.484 E12.70581
G1 X133.397 Y171.731 E12.71831
G1 X133.681 Y172.205 E12.74489
G1 X131.788 Y172.205 E12.83594
G1 X132.072 Y171.731 E12.86252
G1 X132.148 Y171.521 E12.87326
G1 X132.086 Y171.16 E12.89088
G1 X131.844 Y170.92 E12.90727
G1 X131.576 Y170.855 E12.92053
G1 X112.67 Y170.855 E13.82984
G1 X112.67 Y99.359 E17.26855
G1 X127.998 Y99.359 E18.00577
G1 X128.82 Y99.384 E18.04532
G1 X129.316 Y99.455 E18.06942
G1 X132.734 Y99.844 E18.23488
G1 X136.153 Y99.455 E18.40038
G1 X136.72 Y99.359 E18.42804
G1 X152.799 Y99.359 E19.20138
G1 X152.799 Y170.855 E22.64009
G1 X133.893 Y170.855 E23.5494
G1 X133.625 Y170.92 E23.56266
G1 X133.442 Y171.101 E23.57504
G1 X133.743 Y171.35 F7800
;TYPE:External perimeter
G1 F1500
G1 X133.701 Y171.45 E23.58026
G1 X133.727 Y171.532 E23.5844
G1 X134.362 Y172.59 E23.64375
G1 X131.107 Y172.59 E23.8003
G1 X131.778 Y171.472 E23.86301
G1 X131.698 Y171.284 E23.87284
G1 X131.576 Y171.24 E23.87908
G1 X112.285 Y171.24 E24.80691
G1 X112.285 Y99.068 E28.27813
;TYPE:Overhang perimeter
;WIDTH:0.4
;HEIGHT:0.4
G1 X112.285 Y98.974 E28.28304
G1 X128.673 Y98.974 E29.13923
G1 X129.33 Y99.068 E29.1739
;TYPE:External perimeter
;WIDTH:0.45
;HEIGHT:0.3
G1 X132.734 Y99.456 E29.33868
G1 X136.142 Y99.068 E29.50365
;TYPE:Overhang perimeter
;WIDTH:0.4
;HEIGHT:0.4
G1 X136.48 Y99.03 E29.52142
G1 X136.655 Y98.974 E29.53102
G1 X153.185 Y98.974 E30.39463
G1 X153.185 Y99.068 E30.39954
;TYPE:External perimeter
;WIDTH:0.45
;HEIGHT:0.3
G1 X153.185 Y171.24 E33.87076
G1 X133.893 Y171.24 E34.79864
G1 X133.771 Y171.284 E34.80488
G1 X133.766 Y171.295 E34.80546
G1 X133.83 Y171.69 F7800
G1 E32.80546 F2400
G92 E0
G1 X113.376 Y170.075 F7800
G1 E2 F2400
;TYPE:Solid infill
;WIDTH:0.543581
G1 F1200
G1 X113.334 Y170.118 E2.00359
G1 X113.349 Y170.175 E2.00711
G1 X113.407 Y170.191 E2.01071
G1 X113.45 Y170.149 E2.0143
G1 X113.434 Y170.091 E2.0179
;WIDTH:0.45
G1 X114.05 Y170.18 E2.04784
G1 X113.345 Y169.475 E2.09579
G1 X113.21 Y169.297 E2.10653
;WIDTH:0.404381
G1 X113.221 Y169.338 E2.10833
G1 X113.15 Y169.357 E2.11145
G1 X113.169 Y169.286 E2.11457
;WIDTH:0.45
G1 X113.345 Y168.929 E2.13371
G1 X114.596 Y170.18 E2.2188
G1 X115.141 Y170.18 E2.24501
G1 X113.345 Y168.384 E2.36717
G1 X113.345 Y167.839 E2.39338
G1 X115.686 Y170.18 E2.55261
G1 X116.232 Y170.18 E2.57887
G1 X113.345 Y167.293 E2.77524
G1 X113.345 Y166.748 E2.80145
G1 X116.777 Y170.18 E3.03489
G1 X117.323 Y170.18 E3.06115
G1 X113.345 Y166.203 E3.33169
G1 X113.345 Y165.657 E3.35795
G1 X117.868 Y170.181 E3.66563
G1 X118.414 Y170.181 E3.69189
G1 X113.345 Y165.112 E4.03668
G1 X113.345 Y164.567 E4.06289
G1 X118.959 Y170.181 E4.44475
G1 X119.504 Y170.181 E4.47096
G1 X113.345 Y164.021 E4.88992
G1 X113.345 Y163.476 E4.91613
G1 X120.05 Y170.181 E5.3722
G1 X120.595 Y170.181 E5.39841
G1 X113.345 Y162.931 E5.89155
G1 X113.345 Y162.385 E5.91781
G1 X121.141 Y170.181 E6.44808
G1 X121.686 Y170.181 E6.47429
G1 X113.345 Y161.84 E7.04163
G1 X113.345 Y161.295 E7.06784
G1 X122.232 Y170.181 E7.67229
G1 X122.777 Y170.181 E7.6985
G1 X113.345 Y160.749 E8.34005
G1 X113.345 Y160.204 E8.36626
G1 X123.322 Y170.181 E9.04488
G1 X123.868 Y170.181 E9.07114
G1 X113.345 Y159.658 E9.7869
G1 X113.345 Y159.113 E9.81311
G1 X124.413 Y170.182 E10.56598
G1 X124.959 Y170.182 E10.59224
G1 X113.345 Y158.568 E11.38221
G1 X113.345 Y158.022 E11.40847
G1 X125.504 Y170.182 E12.23554
G1 X126.05 Y170.182 E12.2618
G1 X113.345 Y157.477 E13.12598
G1 X113.345 Y156.932 E13.15219
G1 X126.595 Y170.182 E14.05344
G1 X127.14 Y170.182 E14.07965
G1 X113.345 Y156.386 E15.018
G1 X113.345 Y155.841 E15.04421
G1 X127.686 Y170.182 E16.01967
G1 X128.231 Y170.182 E16.04588
G1 X113.345 Y155.296 E17.05841
G1 X113.345 Y154.75 E17.08467
G1 X128.777 Y170.182 E18.13434
G1 X129.322 Y170.182 E18.16055
G1 X113.345 Y154.205 E19.24729
G1 X113.345 Y153.66 E19.2735
G1 X129.868 Y170.182 E20.39734
G1 X130.413 Y170.182 E20.42355
G1 X113.345 Y153.114 E21.58449
G1 X113.345 Y152.569 E21.6107
G1 X130.959 Y170.183 E22.80878
G1 X131.803 Y170.285 F7800
;WIDTH:0.404381
G1 F1200
G1 X131.814 Y170.326 E22.81058
G1 X131.743 Y170.345 E22.8137
G1 X131.762 Y170.274 E22.81682
;WIDTH:0.45
G1 X131.504 Y170.183 E22.82998
G1 X113.345 Y152.024 E24.06513
G1 X113.345 Y151.478 E24.09139
G1 X132.522 Y170.651 E25.39565
;WIDTH:0.48086
G1 X132.628 Y170.784 E25.40448
;WIDTH:0.518423
G1 X132.735 Y170.916 E25.4141
;WIDTH:0.45
G1 X132.997 Y170.585 E25.4344
G1 X113.345 Y150.933 E26.7711
G1 X113.345 Y150.388 E26.79731
G1 X133.292 Y170.335 E28.15408
G1 X133.704 Y170.201 E28.17492
G1 X113.345 Y149.842 E29.55971
G1 X113.345 Y149.297 E29.58592
G1 X134.357 Y170.306 E31.01503
;WIDTH:0.404381
G1 X134.338 Y170.377 E31.01815
G1 X134.409 Y170.358 E31.02127
G1 X134.398 Y170.317 E31.02307
;WIDTH:0.45
G1 X134.776 Y170.182 E31.04238
G1 X113.345 Y148.752 E32.50006
G1 X113.345 Y148.206 E32.52632
G1 X135.321 Y170.182 E34.0211
G1 X135.866 Y170.182 E34.04731
G1 X113.345 Y147.661 E35.57916
G1 X113.345 Y147.116 E35.60537
G1 X136.412 Y170.182 E37.17432
G1 X136.957 Y170.182 E37.20053
G1 X113.345 Y146.57 E38.80659
G1 X113.345 Y146.025 E38.8328
G1 X137.502 Y170.182 E40.47593
G1 X138.047 Y170.182 E40.50214
G1 X113.345 Y145.479 E42.18237
G1 X113.345 Y144.934 E42.20858
G1 X138.593 Y170.182 E43.92592
G1 X139.138 Y170.182 E43.95213
G1 X113.345 Y144.389 E45.70654
G1 X113.345 Y143.843 E45.7328
G1 X139.683 Y170.182 E47.52431
G1 X140.229 Y170.182 E47.55057
G1 X113.345 Y143.298 E49.37919
G1 X113.345 Y142.753 E49.4054
G1 X140.774 Y170.182 E51.27109
G1 X141.319 Y170.181 E51.2973
G1 X113.345 Y142.207 E53.20006
G1 X113.345 Y141.662 E53.22627
G1 X141.864 Y170.181 E55.1661
G1 X142.41 Y170.181 E55.19236
G1 X113.345 Y141.117 E57.16929
G1 X113.345 Y140.571 E57.19555
G1 X142.955 Y170.181 E59.20959
G1 X143.5 Y170.181 E59.2358
G1 X113.345 Y140.026 E61.28691
G1 X113.345 Y139.481 E61.31312
G1 X144.045 Y170.181 E63.4013
G1 X144.591 Y170.181 E63.42756
G1 X113.345 Y138.935 E65.55287
G1 X113.345 Y138.39 E65.57908
G1 X145.136 Y170.181 E67.74146
G1 X145.681 Y170.181 E67.76767
G1 X113.345 Y137.845 E69.96712
G1 X113.345 Y137.299 E69.99338
G1 X146.226 Y170.181 E72.22994
G1 X146.772 Y170.181 E72.2562
G1 X113.345 Y136.754 E74.52986
G1 X113.345 Y136.209 E74.55607
G1 X147.317 Y170.181 E76.8668
G1 X147.862 Y170.181 E76.89301
G1 X113.345 Y135.663 E79.24085
G1 X113.345 Y135.118 E79.26706
G1 X148.408 Y170.18 E81.65197
G1 X148.953 Y170.18 E81.67818
G1 X113.345 Y134.573 E84.10016
G1 X113.345 Y134.027 E84.12642
G1 X149.498 Y170.18 E86.5855
G1 X150.043 Y170.18 E86.61171
G1 X113.345 Y133.482 E89.10786
G1 X113.345 Y132.936 E89.13412
G1 X150.589 Y170.18 E91.66741
G1 X151.134 Y170.18 E91.69362
G1 X113.345 Y132.391 E94.26398
G1 X113.345 Y131.846 E94.29019
G1 X151.679 Y170.18 E96.89762
G1 X152.272 Y170.267 E96.92645
;WIDTH:0.404381
G1 X152.283 Y170.308 E96.92825
G1 X152.211 Y170.327 E96.93141
G1 X152.231 Y170.256 E96.93454
;WIDTH:0.45
G1 X152.124 Y170.08 E96.94445
G1 X113.345 Y131.3 E99.58218
G1 X113.345 Y130.755 E99.60839
G1 X152.124 Y169.534 E102.24609
G1 X152.124 Y168.989 E102.2723
G1 X113.345 Y130.21 E104.91
G1 X113.345 Y129.664 E104.93626
G1 X152.124 Y168.443 E107.57396
G1 X152.124 Y167.898 E107.60017
G1 X113.345 Y129.119 E110.23787
G1 X113.345 Y128.574 E110.26408
G1 X152.124 Y167.353 E112.90178
G1 X152.124 Y166.807 E112.92804
G1 X113.345 Y128.028 E115.56574
G1 X113.345 Y127.483 E115.59195
G1 X152.124 Y166.262 E118.22965
G1 X152.124 Y165.717 E118.25586
G1 X113.345 Y126.938 E120.89356
G1 X113.345 Y126.392 E120.91982
G1 X152.124 Y165.171 E123.55752
G1 X152.124 Y164.626 E123.58373
G1 X113.345 Y125.847 E126.22143
G1 X113.345 Y125.302 E126.24764
G1 X152.124 Y164.081 E128.88534
G1 X152.124 Y163.535 E128.9116
G1 X113.345 Y124.756 E131.5493
G1 X113.345 Y124.211 E131.57551
G1 X152.124 Y162.99 E134.21321
G1 X152.124 Y162.445 E134.23942
G1 X113.345 Y123.666 E136.87712
G1 X113.345 Y123.12 E136.90338
G1 X152.124 Y161.899 E139.54108
G1 X152.124 Y161.354 E139.56729
G1 X113.345 Y122.575 E142.20499
G1 X113.345 Y122.03 E142.2312
G1 X152.124 Y160.809 E144.8689
G1 X152.124 Y160.263 E144.89516
G1 X113.345 Y121.484 E147.53286
G1 X113.345 Y120.939 E147.55907
G1 X152.124 Y159.718 E150.19677
G1 X152.124 Y159.173 E150.22298
G1 X113.345 Y120.393 E152.86071
G1 X113.345 Y119.848 E152.88692
G1 X152.124 Y158.627 E155.52462
G1 X152.124 Y158.082 E155.55083
G1 X113.345 Y119.303 E158.18853
G1 X113.345 Y118.757 E158.21479
G1 X152.124 Y157.537 E160.85252
G1 X152.124 Y156.991 E160.87878
G1 X113.345 Y118.212 E163.51648
G1 X113.345 Y117.667 E163.54269
G1 X152.124 Y156.446 E166.18039
G1 X152.124 Y155.9 E166.20665
G1 X113.345 Y117.121 E168.84435
G1 X113.345 Y116.576 E168.87056
G1 X152.124 Y155.355 E171.50826
G1 X152.124 Y154.81 E171.53447
G1 X113.345 Y116.031 E174.17217
G1 X113.345 Y115.485 E174.19843
G1 X152.124 Y154.264 E176.83613
G1 X152.124 Y153.719 E176.86234
G1 X113.345 Y114.94 E179.50004
G1 X113.345 Y114.395 E179.52625
G1 X152.124 Y153.174 E182.16395
G1 X152.124 Y152.628 E182.19021
G1 X113.345 Y113.849 E184.82791
G1 X113.345 Y113.304 E184.85412
G1 X152.124 Y152.083 E187.49182
G1 X152.124 Y151.538 E187.51803
G1 X113.345 Y112.759 E190.15573
G1 X113.345 Y112.213 E190.18199
G1 X152.124 Y150.992 E192.81969
G1 X152.124 Y150.447 E192.8459
G1 X113.345 Y111.668 E195.4836
G1 X113.345 Y111.123 E195.50981
G1 X152.124 Y149.902 E198.14751
G1 X152.124 Y149.356 E198.17377
G1 X113.345 Y110.577 E200.81147
G1 X113.345 Y110.032 E200.83768
G1 X152.124 Y148.811 E203.47538
G1 X152.124 Y148.266 E203.50159
G1 X113.345 Y109.487 E206.13929
G1 X113.345 Y108.941 E206.16555
G1 X152.124 Y147.72 E208.80325
G1 X152.124 Y147.175 E208.82946
G1 X113.345 Y108.396 E211.46716
G1 X113.345 Y107.85 E211.49342
G1 X152.124 Y146.63 E214.13115
G1 X152.124 Y146.084 E214.15741
G1 X113.345 Y107.305 E216.79511
G1 X113.345 Y106.76 E216.82132
G1 X152.124 Y145.539 E219.45902
G1 X152.124 Y144.994 E219.48523
G1 X113.345 Y106.214 E222.12296
G1 X113.345 Y105.669 E222.14917
G1 X152.124 Y144.448 E224.78687
G1 X152.124 Y143.903 E224.81308
G1 X113.345 Y105.124 E227.45078
G1 X113.345 Y104.578 E227.47704
G1 X152.124 Y143.357 E230.11474
G1 X152.124 Y142.812 E230.14095
G1 X113.345 Y104.033 E232.77865
G1 X113.345 Y103.488 E232.80486
G1 X152.124 Y142.267 E235.44256
G1 X152.124 Y141.721 E235.46882
G1 X113.345 Y102.942 E238.10652
G1 X113.345 Y102.397 E238.13273
G1 X152.124 Y141.176 E240.77043
G1 X152.124 Y140.631 E240.79664
G1 X113.345 Y101.852 E243.43434
G1 X113.345 Y101.306 E243.4606
G1 X152.124 Y140.085 E246.0983
G1 X152.124 Y139.54 E246.12451
G1 X113.345 Y100.761 E248.76221
G1 X113.345 Y100.216 E248.78842
G1 X152.124 Y138.995 E251.42612
G1 X152.124 Y138.449 E251.45238
G1 X113.709 Y100.034 E254.06532
G1 X114.254 Y100.034 E254.09153
G1 X152.124 Y137.904 E256.6674
G1 X152.124 Y137.359 E256.69361
G1 X114.799 Y100.034 E259.23241
G1 X115.345 Y100.034 E259.25867
G1 X152.124 Y136.813 E261.76033
G1 X152.124 Y136.268 E261.78654
G1 X115.89 Y100.034 E264.25113
G1 X116.436 Y100.034 E264.27739
G1 X152.124 Y135.723 E266.70488
G1 X152.124 Y135.177 E266.73114
G1 X116.981 Y100.034 E269.12152
G1 X117.526 Y100.034 E269.14773
G1 X152.124 Y134.632 E271.50104
G1 X152.124 Y134.087 E271.52725
G1 X118.072 Y100.034 E273.84346
G1 X118.617 Y100.034 E273.86967
G1 X152.124 Y133.541 E276.14877
G1 X152.124 Y132.996 E276.17498
G1 X119.162 Y100.034 E278.41701
G1 X119.708 Y100.034 E278.44327
G1 X152.124 Y132.451 E280.6482
G1 X152.124 Y131.905 E280.67446
G1 X120.253 Y100.034 E282.84229
G1 X120.798 Y100.034 E282.8685
G1 X152.124 Y131.36 E284.99926
G1 X152.124 Y130.814 E285.02552
G1 X121.344 Y100.034 E287.11914
G1 X121.889 Y100.034 E287.14535
G1 X152.124 Y130.269 E289.2019
G1 X152.124 Y129.724 E289.22811
G1 X122.434 Y100.034 E291.24759
G1 X122.98 Y100.034 E291.27385
G1 X152.124 Y129.178 E293.25619
G1 X152.124 Y128.633 E293.2824
G1 X123.525 Y100.034 E295.22767
G1 X124.07 Y100.034 E295.25388
G1 X152.124 Y128.088 E297.16208
G1 X152.124 Y127.542 E297.18834
G1 X124.616 Y100.034 E299.0594
G1 X125.161 Y100.034 E299.08561
G1 X152.124 Y126.997 E300.9196
G1 X152.124 Y126.452 E300.94581
G1 X125.706 Y100.034 E302.74273
G1 X126.252 Y100.034 E302.76899
G1 X152.124 Y125.906 E304.52877
G1 X152.124 Y125.361 E304.55498
G1 X126.797 Y100.034 E306.27769
G1 X127.342 Y100.034 E306.3039
G1 X152.124 Y124.816 E307.98954
G1 X152.124 Y124.27 E308.0158
G1 X127.888 Y100.034 E309.6643
G1 X128.433 Y100.034 E309.69051
G1 X152.124 Y123.725 E311.30194
G1 X152.124 Y123.18 E311.32815
G1 X129.048 Y100.103 E312.89778
G1 X129.662 Y100.172 E312.9275
G1 X152.124 Y122.634 E314.45534
G1 X152.124 Y122.089 E314.48155
G1 X130.276 Y100.241 E315.96762
G1 X130.89 Y100.309 E315.99733
G1 X152.124 Y121.544 E317.44167
G1 X152.124 Y120.998 E317.46793
G1 X131.504 Y100.378 E318.87048
G1 X132.118 Y100.447 E318.9002
G1 X152.124 Y120.453 E320.26098
G1 X152.124 Y119.908 E320.28719
G1 X132.732 Y100.515 E321.60624
G1 X133.223 Y100.461 E321.63
G1 X152.124 Y119.362 E322.91562
G1 X152.124 Y118.817 E322.94183
G1 X133.713 Y100.406 E324.19412
G1 X134.204 Y100.351 E324.21788
G1 X152.124 Y118.271 E325.43678
G1 X152.124 Y117.726 E325.46299
G1 X134.694 Y100.296 E326.64856
G1 X135.185 Y100.242 E326.67232
G1 X152.124 Y117.181 E327.82449
G1 X152.124 Y116.635 E327.85075
G1 X135.675 Y100.187 E328.96956
G1 X136.166 Y100.132 E328.99332
G1 X152.124 Y116.09 E330.07876
G1 X152.124 Y115.545 E330.10497
G1 X136.652 Y100.072 E331.15739
G1 X137.159 Y100.034 E331.18184
G1 X152.124 Y114.999 E332.19974
G1 X152.124 Y114.454 E332.22595
G1 X137.704 Y100.034 E333.20678
G1 X138.249 Y100.034 E333.23299
G1 X152.124 Y113.909 E334.17675
G1 X152.124 Y113.363 E334.20301
G1 X138.795 Y100.034 E335.10963
G1 X139.34 Y100.034 E335.13584
G1 X152.124 Y112.818 E336.00539
G1 X152.124 Y112.273 E336.0316
G1 X139.885 Y100.034 E336.86408
G1 X140.431 Y100.034 E336.89034
G1 X152.124 Y111.727 E337.68568
G1 X152.124 Y111.182 E337.71189
G1 X140.976 Y100.034 E338.47016
G1 X141.522 Y100.034 E338.49642
G1 X152.124 Y110.637 E339.21759
G1 X152.124 Y110.091 E339.24385
G1 X142.067 Y100.034 E339.92791
G1 X142.612 Y100.034 E339.95412
G1 X152.124 Y109.546 E340.60111
G1 X152.124 Y109.001 E340.62732
G1 X143.158 Y100.034 E341.23721
G1 X143.703 Y100.034 E341.26342
G1 X152.124 Y108.455 E341.83621
G1 X152.124 Y107.91 E341.86242
G1 X144.248 Y100.034 E342.39814
G1 X144.794 Y100.034 E342.4244
G1 X152.124 Y107.365 E342.92301
G1 X152.124 Y106.819 E342.94927
G1 X145.339 Y100.034 E343.41078
G1 X145.884 Y100.034 E343.43699
G1 X152.124 Y106.274 E343.86143
G1 X152.124 Y105.728 E343.88769
G1 X146.43 Y100.034 E344.27499
G1 X146.975 Y100.034 E344.3012
G1 X152.124 Y105.183 E344.65143
G1 X152.124 Y104.638 E344.67764
G1 X147.52 Y100.034 E344.9908
G1 X148.066 Y100.034 E345.01706
G1 X152.124 Y104.092 E345.29308
G1 X152.124 Y103.547 E345.31929
G1 X148.611 Y100.034 E345.55824
G1 X149.156 Y100.034 E345.58445
G1 X152.124 Y103.002 E345.78633
G1 X152.124 Y102.456 E345.81259
G1 X149.702 Y100.034 E345.97733
G1 X150.247 Y100.034 E346.00354
G1 X152.124 Y101.911 E346.13121
G1 E344.13121 F2400
G92 E0
G1 X150.929 Y100.17 F7800
G1 E2 F2400
G1 F1200
G1 X152.124 Y101.366 E2.08132
G1 X152.124 Y100.034 E2.14538
G1 X150.792 Y100.034 E2.20944
G1 X151.721 Y100.376 F7800
;WIDTH:0.458793
G1 F1200
G1 X151.699 Y100.459 E2.21366
G1 X151.782 Y100.437 E2.21788
G1 X151.769 Y100.389 E2.22033
G1 E.22033 F2400
G92 E0
G1 X112.164 Y60.964 F7800
G1 E2 F2400
;TYPE:Overhang perimeter
;WIDTH:0.4
;HEIGHT:0.4
G1 F1200
G1 X112.164 Y81.431 E3.0693
G1 X112.164 Y81.031 F7800
G1 E1.0693 F2400
G92 E0
G1 X114.486 Y61.936 F7800
G1 E2 F2400
;TYPE:Perimeter
;WIDTH:0.610955
;HEIGHT:0.3
G1 F1200
G1 X115.033 Y61.936 E2.03729
G1 X115.033 Y80.458 E3.29997
G1 X114.486 Y80.458 E3.33726
G1 X114.486 Y61.996 E4.59585
G1 X114.02 Y61.47 F7800
;WIDTH:0.45
G1 F2400
G1 X115.499 Y61.47 E4.66698
G1 X115.499 Y80.924 E5.60265
G1 X114.02 Y80.924 E5.67378
G1 X114.02 Y61.53 E6.60656
G1 X113.635 Y61.085 F7800
;TYPE:External perimeter
G1 F1500
G1 X115.885 Y61.085 E6.71478
G1 X115.885 Y81.31 E7.68753
G1 X113.635 Y81.31 E7.79575
G1 X113.635 Y61.145 E8.76562
G1 X114.03 Y61.085 F7800
G1 E6.76562 F2400
G92 E0
G1 X114.486 Y56.783 F7800
G1 E2 F2400
;TYPE:Perimeter
;WIDTH:0.610955
G1 F1200
G1 X114.486 Y38.261 E3.26268
G1 X115.033 Y38.261 E3.29997
G1 X115.033 Y56.783 E4.56265
G1 X114.546 Y56.783 E4.59585
G1 X114.02 Y57.249 F7800
;WIDTH:0.45
G1 F2400
G1 X114.02 Y37.795 E5.53152
G1 X115.499 Y37.795 E5.60265
G1 X115.499 Y57.249 E6.53832
G1 X114.08 Y57.249 E6.60657
G1 X113.635 Y57.635 F7800
;TYPE:External perimeter
G1 F1500
G1 X113.635 Y37.41 E7.57932
G1 X115.885 Y37.41 E7.68754
G1 X115.885 Y57.635 E8.66029
G1 X113.695 Y57.635 E8.76562
G1 X113.635 Y57.239 F7800
G1 E6.76562 F2400
G92 E0
G1 X112.164 Y37.289 F7800
G1 E2 F2400
;TYPE:Overhang perimeter
;WIDTH:0.4
;HEIGHT:0.4
G1 F1200
G1 X112.164 Y57.756 E3.0693
G1 X112.164 Y57.356 F7800
G1 E1.0693 F2400
G92 E0
G1 X102.196 Y44.752 F7800
G1 E2 F2400
;TYPE:External perimeter
;WIDTH:0.45
;HEIGHT:0.3
G1 F1200
G1 X102.236 Y44.656 E2.005
G1 X102.341 Y44.562 E2.01178
G1 X102.572 Y44.481 E2.02355
G1 X102.958 Y44.481 E2.04212
G1 X102.958 Y43.005 E2.11311
G1 X102.757 Y43.129 E2.12447
G1 X102.539 Y43.172 E2.13516
G1 X102.347 Y43.1 E2.14502
G1 X102.221 Y42.973 E2.15362
G1 X102.166 Y42.837 E2.16068
;WIDTH:0.446594
G1 X102.179 Y42.602 E2.1719
;WIDTH:0.44738
G1 X102.336 Y42.394 E2.18435
;WIDTH:0.45
G1 X103.242 Y41.805 E2.23632
G1 X103.46 Y41.793 E2.24682
G1 X103.708 Y41.926 E2.26035
G1 X103.814 Y42.203 E2.27461
G1 X103.814 Y44.481 E2.38417
G1 X104.274 Y44.496 E2.40631
G1 X104.503 Y44.61 E2.41861
G1 X104.625 Y44.909 E2.43414
G1 X104.542 Y45.15 E2.4464
G1 X104.438 Y45.254 E2.45347
G1 X104.2 Y45.337 E2.46559
G1 X102.572 Y45.337 E2.54389
G1 X102.279 Y45.218 E2.5591
G1 X102.161 Y44.983 E2.57175
G1 X102.161 Y44.835 E2.57887
G1 X102.173 Y44.808 E2.58029
G1 X102.464 Y44.533 F7800
G1 E.58029 F2400
G92 E0
G1 X98.62 Y42.703 F7800
G1 E2 F2400
;WIDTH:0.404381
G1 F1200
G1 X98.503 Y42.47 E2.01106
G1 X98.521 Y42.116 E2.02609
G1 E.02609 F2400
G92 E0
G1 X95.202 Y44.727 F7800
G1 E2 F2400
G1 F1200
G1 X95.277 Y44.647 E2.00465
G1 E.00465 F2400
G92 E0
G1 X88.489 Y43.823 F7800
G1 E2 F2400
;TYPE:Perimeter
;WIDTH:0.567629
G1 F1200
G1 X88.457 Y43.877 E2.00394
G1 X88.394 Y43.877 E2.00789
G1 X88.363 Y43.823 E2.0118
G1 X88.394 Y43.769 E2.01571
G1 X88.457 Y43.769 E2.01966
G1 E.01966 F2400
G92 E0
G1 X102.089 Y43.836 F7800
G1 E2 F2400
;WIDTH:0.481577
G1 F1200
G1 X102.063 Y43.881 E2.0027
G1 X102.011 Y43.881 E2.00541
G1 X101.985 Y43.836 E2.00811
G1 X102.011 Y43.791 E2.01081
G1 X102.063 Y43.791 E2.01352
G1 E.01352 F2400
G92 E0
G1 X95.003 Y45.976 F7800
G1 E2 F2400
;WIDTH:0.45
G1 X94.993 Y45.971 E2.00054
G1 X94.594 Y46.108 E2.02083
G1 X92.841 Y46.108 E2.10514
G1 X92.468 Y46.033 E2.12344
G1 X92.294 Y45.968 E2.13237
G1 X91.891 Y46.108 E2.15289
G1 X89.057 Y46.108 E2.2892
G1 X88.619 Y46.025 E2.31064
G1 X88.288 Y45.809 E2.32965
G1 X88.118 Y45.624 E2.34173
G1 X87.972 Y45.799 E2.35269
G1 X87.704 Y45.966 E2.36788
G1 X87.335 Y46.094 E2.38667
G1 X87.001 Y46.094 E2.40273
G1 X86.633 Y45.966 E2.42147
G1 X86.394 Y45.825 E2.43482
G1 X86.221 Y45.642 E2.44693
G1 X86.044 Y45.284 E2.46614
G1 X85.969 Y44.912 E2.48439
G1 X85.969 Y43.405 E2.55687
G1 X85.441 Y43.33 E2.58252
G1 X84.977 Y43.063 E2.60827
G1 X84.759 Y42.742 E2.62693
G1 X84.622 Y42.31 E2.64873
G1 X84.642 Y41.989 E2.6642
G1 X84.79 Y41.623 E2.68319
G1 X84.903 Y41.438 E2.69362
G1 X85.076 Y41.266 E2.70535
G1 X85.458 Y41.075 E2.72589
G1 X85.813 Y41.007 E2.74327
G1 X88.523 Y41.007 E2.87361
G1 X88.895 Y41.082 E2.89186
G1 X89.068 Y41.147 E2.90075
G1 X89.473 Y41.007 E2.92136
G1 X91.226 Y41.007 E3.00567
G1 X91.599 Y41.083 E3.02398
G1 X91.773 Y41.147 E3.0329
G1 X92.176 Y41.007 E3.05342
G1 X95.01 Y41.007 E3.18973
G1 X95.382 Y41.082 E3.20798
G1 X95.555 Y41.147 E3.21687
G1 X95.96 Y41.007 E3.23748
G1 X98.141 Y41.013 E3.34238
G1 X99.133 Y41.058 E3.39014
G1 X99.448 Y41.209 E3.40694
G1 X99.81 Y41.58 E3.43187
G1 X100.142 Y42.228 E3.46689
G1 X100.414 Y41.685 E3.4961
G1 X100.675 Y41.33 E3.51729
G1 X100.962 Y41.147 E3.53366
G1 X101.399 Y41.011 E3.55567
G1 X101.772 Y41.043 E3.57368
G1 X102.109 Y41.18 E3.59118
G1 X102.393 Y41.434 E3.60951
G1 X102.895 Y41.116 E3.63809
G1 X103.219 Y41.021 E3.65433
G1 X103.553 Y41.021 E3.67039
G1 X103.922 Y41.149 E3.68918
G1 X104.158 Y41.289 E3.70238
G1 X104.33 Y41.47 E3.71439
G1 X104.51 Y41.831 E3.73379
G1 X104.585 Y42.203 E3.75204
G1 X104.585 Y43.79 E3.82837
G1 X105.063 Y44.079 E3.85524
G1 X105.323 Y44.54 E3.8807
G1 X105.396 Y44.909 E3.89879
G1 X105.323 Y45.278 E3.91688
G1 X105.254 Y45.445 E3.92557
G1 X105.017 Y45.784 E3.94546
G1 X104.572 Y46.033 E3.96999
G1 X104.2 Y46.108 E3.98824
G1 X102.572 Y46.108 E4.06654
G1 X102.036 Y45.965 E4.09322
G1 X101.76 Y45.789 E4.10896
G1 X101.597 Y45.595 E4.12115
G1 X101.449 Y45.278 E4.13798
G1 X101.435 Y45.005 E4.15113
G1 X101.131 Y45.578 E4.18233
G1 X100.769 Y45.928 E4.20655
G1 X100.399 Y46.076 E4.22572
G1 X100.052 Y46.091 E4.24243
G1 X99.616 Y45.987 E4.26399
G1 X99.243 Y45.681 E4.28719
G1 X99.003 Y45.311 E4.3084
G1 X98.555 Y45.759 E4.33887
G1 X98.243 Y45.968 E4.35693
G1 X97.837 Y46.108 E4.37759
G1 X96.085 Y46.108 E4.46186
G1 X95.46 Y46.091 E4.49193
G1 X95.12 Y46.03 E4.50854
G1 X95.058 Y46.001 E4.51183
G1 X95.179 Y45.63 F7800
G1 F2400
G1 X94.988 Y45.532 E4.52216
G1 X94.566 Y45.723 E4.54444
G1 X92.841 Y45.723 E4.62741
G1 X92.615 Y45.677 E4.6385
G1 X92.304 Y45.512 E4.65543
G1 X91.883 Y45.723 E4.67808
G1 X89.057 Y45.723 E4.814
G1 X88.716 Y45.646 E4.83081
G1 X88.433 Y45.408 E4.84859
G1 X88.298 Y45.153 E4.86247
;WIDTH:0.424966
G1 X88.29 Y44.816 E4.87763
;WIDTH:0.424374
G1 X88.347 Y44.628 E4.88645
;WIDTH:0.45
G1 X88.405 Y44.439 E4.89596
G1 X88.654 Y44.204 E4.91243
G1 X89.035 Y43.993 E4.93338
;WIDTH:0.420754
G1 X89.415 Y43.782 E4.9527
;WIDTH:0.428908
G1 X90.667 Y43.009 E5.0196
G1 X89.933 Y43.009 E5.05297
G1 X89.718 Y43.194 E5.06587
;WIDTH:0.4015
G1 X89.502 Y43.379 E5.07783
;WIDTH:0.391508
G1 X89.268 Y43.49 E5.0884
;WIDTH:0.420754
G1 X89.054 Y43.504 E5.09793
;WIDTH:0.45
G1 X88.839 Y43.517 E5.10829
G1 X88.629 Y43.428 E5.11926
G1 X88.359 Y43.135 E5.13842
G1 X88.311 Y43.02 E5.14441
G1 X87.981 Y43.02 E5.16028
G1 X87.969 Y44.549 E5.23382
;WIDTH:0.424374
G1 X87.956 Y44.815 E5.24578
;WIDTH:0.424966
G1 X87.925 Y45.131 E5.26006
;WIDTH:0.45
G1 X87.783 Y45.441 E5.27646
G1 X87.556 Y45.61 E5.29007
G1 X87.268 Y45.714 E5.3048
G1 X87.068 Y45.714 E5.31442
G1 X86.78 Y45.61 E5.32915
G1 X86.533 Y45.415 E5.34429
G1 X86.36 Y44.992 E5.36627
G1 X86.355 Y43.02 E5.46112
G1 X85.813 Y43.02 E5.48719
G1 X85.427 Y42.906 E5.50655
G1 X85.246 Y42.787 E5.51697
G1 X85.116 Y42.594 E5.52816
G1 X85.006 Y42.268 E5.54471
G1 X85.017 Y42.076 E5.55396
G1 X85.207 Y41.675 E5.5753
G1 X85.449 Y41.493 E5.58986
G1 X85.813 Y41.393 E5.60802
G1 X88.523 Y41.393 E5.73836
G1 X88.746 Y41.438 E5.7493
G1 X89.06 Y41.604 E5.76638
G1 X89.376 Y41.437 E5.78357
G1 X89.598 Y41.393 E5.79446
G1 X91.226 Y41.393 E5.87276
G1 X91.452 Y41.439 E5.88385
G1 X91.763 Y41.604 E5.90078
G1 X92.184 Y41.393 E5.92343
G1 X95.01 Y41.393 E6.05935
G1 X95.233 Y41.438 E6.07029
G1 X95.548 Y41.603 E6.08739
G1 X95.863 Y41.437 E6.10452
G1 X96.085 Y41.393 E6.11541
G1 X97.713 Y41.393 E6.19371
G1 X98.032 Y41.435 E6.20919
G1 X98.25 Y41.392 E6.21988
G1 X99.032 Y41.43 E6.25754
G1 X99.29 Y41.579 E6.27187
G1 X99.526 Y41.857 E6.28941
G1 X100.142 Y43.091 E6.35575
G1 X100.759 Y41.857 E6.42211
G1 X100.936 Y41.613 E6.43661
G1 X101.274 Y41.436 E6.45496
G1 X101.494 Y41.392 E6.46575
G1 X101.831 Y41.466 E6.48234
G1 X102.121 Y41.707 E6.50048
G1 X102.24 Y41.994 E6.51542
G1 X102.994 Y41.502 E6.55872
G1 X103.286 Y41.401 E6.57358
G1 X103.486 Y41.401 E6.5832
G1 X103.774 Y41.505 E6.59793
G1 X104.019 Y41.698 E6.61293
G1 X104.155 Y41.98 E6.62799
G1 X104.199 Y42.203 E6.63892
G1 X104.2 Y44.095 E6.72992
G1 X104.587 Y44.209 E6.74932
G1 X104.783 Y44.344 E6.76077
G1 X104.967 Y44.688 E6.77953
G1 X105.011 Y44.909 E6.79037
G1 X104.967 Y45.131 E6.80126
G1 X104.756 Y45.501 E6.82175
G1 X104.423 Y45.678 E6.83989
G1 X104.2 Y45.723 E6.85083
G1 X102.572 Y45.723 E6.92913
G1 X102.171 Y45.603 E6.94926
G1 X101.97 Y45.453 E6.96132
G1 X101.805 Y45.131 E6.97872
;WIDTH:0.483512
G1 X101.782 Y44.997 E6.98583
;WIDTH:0.517024
G1 X101.76 Y44.863 E6.9935
;WIDTH:0.550537
G1 X101.737 Y44.73 E7.00168
G1 X101.852 Y44.464 E7.01925
;WIDTH:0.537609
G1 X102.022 Y44.335 E7.03185
;WIDTH:0.493804
G1 X102.192 Y44.206 E7.04328
;WIDTH:0.45
G1 X102.572 Y44.095 E7.06232
G1 X102.573 Y43.545 E7.08877
G1 X102.317 Y43.518 E7.10115
G1 X102.074 Y43.372 E7.11478
G1 X101.918 Y43.175 E7.12687
G1 X101.675 Y43.663 E7.15309
;WIDTH:0.493804
G1 X101.552 Y43.958 E7.17021
;WIDTH:0.537609
G1 X101.429 Y44.253 E7.18907
G1 X101.192 Y44.677 E7.21774
;WIDTH:0.493804
G1 X100.956 Y45.1 E7.24368
;WIDTH:0.45
G1 X100.769 Y45.409 E7.26105
G1 X100.494 Y45.643 E7.27842
G1 X100.233 Y45.705 E7.29132
G1 X100.052 Y45.705 E7.30003
G1 X99.73 Y45.607 E7.31622
G1 X99.516 Y45.409 E7.33024
G1 X99.035 Y44.514 E7.37911
G1 X98.953 Y44.754 E7.39131
G1 X98.636 Y45.133 E7.41507
G1 X98.264 Y45.505 E7.44037
G1 X97.934 Y45.679 E7.45831
G1 X97.713 Y45.723 E7.46915
G1 X96.085 Y45.723 E7.54745
G1 X95.671 Y45.704 E7.56738
G1 X95.255 Y45.669 E7.58746
G1 X95.232 Y45.657 E7.58871
G1 X95.352 Y45.284 F7800
;TYPE:External perimeter
G1 F1500
G1 X95.193 Y45.136 E7.59916
G1 X95.146 Y44.999 E7.60613
;WIDTH:0.438801
G1 X95.202 Y44.727 E7.6191
;WIDTH:0.45
G1 X94.845 Y45.136 E7.64521
G1 X94.704 Y45.256 E7.65412
G1 X94.469 Y45.337 E7.66608
G1 X92.841 Y45.337 E7.74438
G1 X92.544 Y45.214 E7.75984
G1 X92.185 Y44.825 E7.7853
;WIDTH:0.429133
G1 X92.071 Y44.684 E7.79355
G1 X92.158 Y44.843 E7.8018
;WIDTH:0.45
G1 X92.177 Y44.983 E7.8086
G1 X92.065 Y45.213 E7.8209
G1 X91.766 Y45.337 E7.83647
G1 X89.057 Y45.337 E7.96676
G1 X88.865 Y45.288 E7.97629
G1 X88.657 Y45.052 E7.99142
G1 X88.65 Y44.817 E8.00273
G1 X88.789 Y44.585 E8.01574
G1 X91.335 Y43.045 E8.15885
G1 X91.335 Y42.924 E8.16467
G1 X91.045 Y42.634 E8.1844
G1 X89.778 Y42.634 E8.24534
G1 X89.36 Y43.051 E8.27374
G1 X89.133 Y43.161 E8.28587
G1 X88.986 Y43.16 E8.29294
G1 X88.805 Y43.085 E8.30236
G1 X88.715 Y42.987 E8.30876
G1 X88.636 Y42.744 E8.32105
;WIDTH:0.445769
G1 X88.741 Y42.516 E8.33299
G1 X88.523 Y42.63 E8.34469
;WIDTH:0.45
G1 X87.596 Y42.634 E8.38928
G1 X87.596 Y44.913 E8.49889
G1 X87.484 Y45.198 E8.51362
G1 X87.201 Y45.335 E8.52874
G1 X86.928 Y45.254 E8.54244
G1 X86.824 Y45.15 E8.54951
G1 X86.74 Y44.912 E8.56165
G1 X86.74 Y42.634 E8.67121
G1 X85.813 Y42.634 E8.7158
G1 X85.576 Y42.551 E8.72788
G1 X85.472 Y42.447 E8.73495
G1 X85.388 Y42.197 E8.74763
G1 X85.511 Y41.912 E8.76256
G1 X85.786 Y41.778 E8.77727
G1 X88.523 Y41.778 E8.90891
G1 X88.822 Y41.903 E8.9245
G1 X88.933 Y42.132 E8.93674
G1 X88.89 Y42.338 E8.94686
G1 X89.301 Y41.902 E8.97568
G1 X89.598 Y41.778 E8.99116
G1 X91.226 Y41.778 E9.06946
G1 X91.523 Y41.902 E9.08494
G1 X91.876 Y42.255 E9.10895
G1 X91.959 Y41.965 E9.12346
G1 X92.07 Y41.859 E9.13084
G1 X92.301 Y41.778 E9.14261
G1 X95.01 Y41.778 E9.2729
G1 X95.309 Y41.903 E9.28849
G1 X95.42 Y42.132 E9.30073
G1 X95.377 Y42.338 E9.31085
G1 X95.788 Y41.902 E9.33967
G1 X96.085 Y41.778 E9.35515
G1 X97.713 Y41.778 E9.43345
G1 X97.928 Y41.844 E9.44427
G1 X97.975 Y41.885 E9.44727
G1 X98.25 Y41.778 E9.46146
G1 X98.401 Y41.806 E9.46885
G1 X98.521 Y42.063 E9.48249
G1 X98.64 Y41.806 E9.49611
G1 X98.931 Y41.802 E9.51011
G1 X99.172 Y42.011 E9.52545
G1 X100.142 Y43.953 E9.62986
G1 X101.104 Y42.03 E9.73328
G1 X101.255 Y41.86 E9.74422
G1 X101.532 Y41.782 E9.75806
G1 X101.72 Y41.852 E9.76771
G1 X101.848 Y41.98 E9.77642
G1 X101.903 Y42.16 E9.78547
;WIDTH:0.44738
G1 X101.862 Y42.407 E9.79743
;WIDTH:0.45
G1 X100.532 Y45.086 E9.94129
G1 X100.32 Y45.299 E9.95574
G1 X100.052 Y45.32 E9.96867
G1 X99.916 Y45.263 E9.97576
G1 X99.752 Y45.086 E9.98737
G1 X99.32 Y44.22 E10.03392
G1 X98.632 Y42.744 E10.11224
G1 X98.678 Y44.372 E10.19057
G1 X98.555 Y44.669 E10.20603
G1 X98.01 Y45.214 E10.2431
G1 X97.713 Y45.337 E10.25856
G1 X96.085 Y45.337 E10.33686
G1 X95.869 Y45.27 E10.34774
G1 X95.818 Y45.226 E10.35098
G1 X95.65 Y45.319 E10.36022
G1 X95.407 Y45.299 E10.37195
G1 X95.167 Y44.979 F7800
G1 E8.37195 F2400
G92 E0
G1 X45.279 Y43.963 F7800
G1 E2 F2400
;WIDTH:0.432548
G1 F1200
G1 X45.225 Y43.963 E2.00248
;WIDTH:0.460269
G1 X45.171 Y43.963 E2.00515
G1 X45.053 Y43.76 E2.01674
;WIDTH:0.432325
G1 X44.936 Y43.557 E2.02749
G1 E.02749 F2400
G92 E0
G1 X34.987 Y43.819 F7800
G1 E2 F2400
;TYPE:Perimeter
;WIDTH:0.506541
G1 F1200
G1 X34.883 Y43.771 E2.00632
G1 E.00632 F2400
G92 E0
G1 X34.438 Y46.108 F7800
G1 E2 F2400
;WIDTH:0.45
G1 X32.842 Y46.108 E2.07676
G1 X32.469 Y46.033 E2.09506
G1 X32.189 Y45.906 E2.10985
G1 X32.033 Y45.786 E2.11932
G1 X31.756 Y45.968 E2.13526
G1 X31.351 Y46.108 E2.15587
G1 X29.598 Y46.108 E2.24018
G1 X29.229 Y46.035 E2.25827
G1 X28.756 Y45.759 E2.28461
G1 X28.21 Y45.214 E2.32171
;WIDTH:0.471653
G1 X27.925 Y44.745 E2.34959
;WIDTH:0.510089
G1 X27.831 Y44.519 E2.3632
G1 X27.831 Y42.744 E2.46187
G1 X27.916 Y42.479 E2.47734
;WIDTH:0.480044
G1 X28.001 Y42.214 E2.49177
;WIDTH:0.45
G1 X28.21 Y41.901 E2.50987
G1 X28.756 Y41.356 E2.54697
G1 X29.229 Y41.081 E2.57329
G1 X29.598 Y41.007 E2.59139
G1 X31.226 Y41.007 E2.66969
G1 X31.756 Y41.147 E2.69606
G1 X32.068 Y41.356 E2.71412
G1 X32.35 Y41.638 E2.7333
G1 X33.052 Y41.179 E2.77364
G1 X33.468 Y41.025 E2.79498
G1 X33.822 Y41.021 E2.81201
G1 X34.334 Y41.223 E2.83848
G1 X34.503 Y41.357 E2.84885
G1 X34.776 Y41.823 E2.87483
G1 X35.243 Y41.356 E2.90659
G1 X35.556 Y41.147 E2.92469
G1 X35.961 Y41.007 E2.9453
G1 X37.713 Y41.007 E3.02957
G1 X38.082 Y41.081 E3.04767
G1 X38.361 Y41.206 E3.06237
G1 X38.521 Y41.329 E3.07208
G1 X38.799 Y41.147 E3.08806
G1 X39.204 Y41.007 E3.10867
G1 X40.957 Y41.007 E3.19298
G1 X41.326 Y41.081 E3.21108
G1 X41.605 Y41.206 E3.22578
G1 X41.765 Y41.329 E3.23549
G1 X42.043 Y41.147 E3.25147
G1 X42.448 Y41.007 E3.27208
G1 X44.2 Y41.007 E3.35635
G1 X44.574 Y41.083 E3.37471
G1 X44.747 Y41.147 E3.38358
G1 X45.151 Y41.007 E3.40414
G1 X47.985 Y41.007 E3.54045
G1 X48.52 Y41.15 E3.56708
G1 X48.828 Y41.356 E3.5849
G1 X49.102 Y41.823 E3.61094
G1 X49.569 Y41.355 E3.64274
G1 X49.887 Y41.144 E3.6611
G1 X50.248 Y41.021 E3.67944
G1 X50.581 Y41.021 E3.69546
G1 X50.95 Y41.149 E3.71425
G1 X51.188 Y41.291 E3.72758
G1 X51.361 Y41.474 E3.73969
G1 X51.538 Y41.831 E3.75886
G1 X51.613 Y42.203 E3.77711
G1 X51.613 Y42.979 E3.81443
G1 X52.055 Y43.233 E3.83895
G1 X52.282 Y43.563 E3.85821
G1 X52.421 Y44.019 E3.88114
G1 X52.39 Y44.356 E3.89742
G1 X52.22 Y44.758 E3.91841
G1 X51.935 Y45.061 E3.93842
G1 X51.538 Y45.284 E3.96032
G1 X51.377 Y45.619 E3.9782
G1 X51.2 Y45.815 E3.9909
G1 X50.783 Y46.035 E4.01358
G1 X50.414 Y46.109 E4.03168
G1 X50.045 Y46.035 E4.04978
G1 X49.673 Y45.85 E4.06976
G1 X49.412 Y45.557 E4.08863
G1 X49.295 Y45.297 E4.10234
G1 X48.748 Y45.297 E4.12865
G1 X48.286 Y45.759 E4.16007
G1 X47.974 Y45.968 E4.17813
G1 X47.569 Y46.108 E4.19874
G1 X45.816 Y46.108 E4.28305
G1 X45.447 Y46.035 E4.30114
G1 X45.168 Y45.909 E4.31586
G1 X45.008 Y45.786 E4.32557
G1 X44.73 Y45.968 E4.34155
G1 X44.325 Y46.108 E4.36216
G1 X42.572 Y46.108 E4.44647
G1 X42.199 Y46.033 E4.46477
G1 X42.025 Y45.968 E4.4737
G1 X41.622 Y46.108 E4.49422
G1 X35.545 Y46.108 E4.7865
G1 X35.117 Y46.029 E4.80743
G1 X34.993 Y45.97 E4.81403
G1 X34.594 Y46.108 E4.83434
G1 X34.498 Y46.108 E4.83896
G1 E2.83896
G92 E0
G1 X30.907 Y43.558 F7800
G1 E2 F2400
;WIDTH:0.409731
G1 F1200
G1 X30.735 Y43.73 E2.01048
G1 X30.239 Y43.73 E2.03184
G1 X30.239 Y43.385 E2.0467
G1 X30.735 Y43.385 E2.06806
G1 X30.865 Y43.515 E2.07598
G1 X31.721 Y43.56 F7800
;WIDTH:0.451391
G1 F1200
G1 X31.542 Y43.606 E2.0849
;WIDTH:0.450713
G1 X31.191 Y43.791 E2.10402
;WIDTH:0.45
G1 X30.886 Y44.096 E2.12477
G1 X29.983 Y44.096 E2.1682
G1 X29.874 Y44.032 E2.17428
G1 X29.874 Y43.129 E2.21771
G1 X29.938 Y43.02 E2.22379
G1 X30.886 Y43.02 E2.26939
G1 X31.044 Y43.177 E2.2801
G1 X31.38 Y43.45 E2.30092
;WIDTH:0.451391
G1 X31.664 Y43.542 E2.31533
G1 X31.721 Y43.56 F7800
G1 F1200
G1 X31.822 Y43.559 E2.32021
G1 X32.312 Y43.321 F7800
;WIDTH:0.453441
G1 F1200
G1 X32.475 Y43.435 E2.32986
;WIDTH:0.483135
G1 X32.639 Y43.548 E2.34026
;WIDTH:0.489052
G1 X32.823 Y43.565 E2.35005
G1 X32.823 Y44.079 E2.37728
G1 X32.561 Y44.144 E2.39158
G1 X32.432 Y43.877 E2.40729
G1 X32.323 Y43.795 E2.41451
;WIDTH:0.456399
G1 X32.214 Y43.713 E2.42118
;WIDTH:0.451389
G1 X31.822 Y43.559 E2.44151
G1 X31.983 Y43.512 E2.44961
;WIDTH:0.438975
G1 X32.26 Y43.351 E2.46458
G1 E.46458 F2400
G92 E0
G1 X48.249 Y43.072 F7800
G1 E2 F2400
;WIDTH:0.661234
G1 F1200
G1 X48.362 Y42.986 E2.01057
;WIDTH:0.621778
G1 X48.476 Y42.9 E2.0205
;WIDTH:0.582321
G1 X48.59 Y42.815 E2.02969
G1 E.02969 F2400
G92 E0
G1 X34.932 Y45.557 F7800
G1 E2 F2400
;WIDTH:0.45
G1 X34.55 Y45.723 E2.02003
G1 X32.842 Y45.723 E2.10218
G1 X32.455 Y45.609 E2.12158
G1 X32.27 Y45.486 E2.13227
G1 X32.097 Y45.185 E2.14897
G1 X31.682 Y45.575 E2.17636
G1 X31.304 Y45.723 E2.19588
G1 X29.598 Y45.723 E2.27793
G1 X29.216 Y45.612 E2.29706
G1 X29.028 Y45.487 E2.30792
G1 X28.483 Y44.941 E2.34502
G1 X28.291 Y44.593 E2.36414
G1 X28.247 Y44.372 E2.37498
G1 X28.247 Y42.744 E2.45328
G1 X28.358 Y42.362 E2.47241
G1 X28.483 Y42.174 E2.48327
G1 X29.028 Y41.629 E2.52034
G1 X29.416 Y41.422 E2.54149
G1 X29.598 Y41.393 E2.55035
G1 X31.226 Y41.393 E2.62865
G1 X31.651 Y41.523 E2.65003
G1 X32.31 Y42.143 E2.69355
G1 X33.316 Y41.471 E2.75174
G1 X33.656 Y41.392 E2.76853
G1 X33.877 Y41.436 E2.77937
G1 X34.129 Y41.549 E2.79265
G1 X34.23 Y41.63 E2.79888
G1 X34.424 Y41.98 E2.81813
G1 X34.469 Y42.29 E2.8332
G1 X34.455 Y42.58 E2.84716
;WIDTH:0.422482
G1 X34.441 Y42.871 E2.86017
G1 X34.455 Y43.321 E2.88028
;WIDTH:0.45
G1 X34.47 Y44.095 E2.91751
G1 X34.889 Y44.224 E2.9386
G1 X35.011 Y44.31 E2.94578
G1 X35.367 Y44.069 E2.96646
G1 X35.635 Y43.926 E2.98107
;WIDTH:0.420753
G1 X35.902 Y43.782 E2.99455
;WIDTH:0.428907
G1 X37.154 Y43.009 E3.06145
G1 X36.421 Y43.009 E3.09478
G1 X36.205 Y43.194 E3.10771
;WIDTH:0.401499
G1 X35.99 Y43.379 E3.11964
;WIDTH:0.391506
G1 X35.756 Y43.49 E3.13021
;WIDTH:0.420753
G1 X35.541 Y43.504 E3.13979
;WIDTH:0.45
G1 X35.326 Y43.517 E3.15015
G1 X35.091 Y43.414 E3.16249
G1 X34.85 Y43.133 E3.18029
;WIDTH:0.442361
G1 X34.807 Y42.94 E3.18961
;WIDTH:0.41597
G1 X34.764 Y42.747 E3.19828
;WIDTH:0.419789
G1 X34.804 Y42.555 E3.20697
;WIDTH:0.45
G1 X34.844 Y42.363 E3.2164
G1 X35.043 Y42.102 E3.23219
G1 X35.515 Y41.629 E3.26433
G1 X35.703 Y41.503 E3.27522
G1 X36.009 Y41.393 E3.29086
G1 X37.713 Y41.393 E3.37282
G1 X38.095 Y41.503 E3.39194
G1 X38.283 Y41.629 E3.40283
G1 X38.521 Y41.867 E3.41902
G1 X38.876 Y41.539 E3.44227
G1 X39.251 Y41.393 E3.46162
G1 X40.957 Y41.393 E3.54367
G1 X41.339 Y41.503 E3.56279
G1 X41.527 Y41.629 E3.57368
G1 X41.765 Y41.867 E3.58987
G1 X42.119 Y41.539 E3.61308
G1 X42.495 Y41.393 E3.63248
G1 X44.2 Y41.393 E3.71448
G1 X44.426 Y41.439 E3.72557
G1 X44.738 Y41.604 E3.74255
G1 X45.159 Y41.393 E3.7652
G1 X47.985 Y41.393 E3.90112
G1 X48.388 Y41.513 E3.92134
G1 X48.556 Y41.63 E3.93119
G1 X48.751 Y41.985 E3.95067
G1 X48.751 Y42.428 E3.97198
;WIDTH:0.496432
G1 X48.671 Y42.621 E3.98324
;WIDTH:0.542865
G1 X48.59 Y42.815 E3.99579
G1 X48.758 Y42.679 E4.00869
;WIDTH:0.496432
G1 X48.926 Y42.544 E4.0203
;WIDTH:0.45
G1 X49.842 Y41.628 E4.08261
G1 X50.033 Y41.502 E4.09362
G1 X50.414 Y41.392 E4.11269
G1 X50.636 Y41.436 E4.12358
G1 X50.945 Y41.59 E4.14019
G1 X51.114 Y41.816 E4.15376
G1 X51.224 Y42.136 E4.17003
G1 X51.228 Y43.284 E4.22525
G1 X51.615 Y43.398 E4.24465
G1 X51.859 Y43.591 E4.25961
G1 X52.024 Y43.968 E4.2794
G1 X52.018 Y44.253 E4.29311
G1 X51.828 Y44.644 E4.31402
G1 X51.615 Y44.798 E4.32666
G1 X51.376 Y44.892 E4.33901
G1 X51.228 Y44.912 E4.34619
G1 X51.183 Y45.136 E4.35718
G1 X51.059 Y45.402 E4.3713
G1 X50.802 Y45.61 E4.3872
G1 X50.514 Y45.714 E4.40193
G1 X50.314 Y45.714 E4.41155
G1 X49.903 Y45.54 E4.43302
G1 X49.714 Y45.299 E4.44775
G1 X49.6 Y44.912 E4.46715
G1 X48.583 Y44.912 E4.51606
G1 X48.014 Y45.487 E4.55497
G1 X47.826 Y45.612 E4.56583
G1 X47.52 Y45.723 E4.58149
G1 X45.816 Y45.723 E4.66345
G1 X45.434 Y45.612 E4.68258
G1 X45.246 Y45.487 E4.69344
G1 X45.008 Y45.249 E4.70963
G1 X44.654 Y45.577 E4.73284
G1 X44.278 Y45.723 E4.75224
G1 X42.572 Y45.723 E4.83429
G1 X42.346 Y45.677 E4.84538
G1 X42.035 Y45.512 E4.86231
G1 X41.614 Y45.723 E4.88496
G1 X38.788 Y45.723 E5.02088
G1 X38.477 Y45.678 E5.03599
G1 X38.254 Y45.723 E5.04693
G1 X35.545 Y45.723 E5.17722
G1 X35.253 Y45.668 E5.19151
G1 X34.988 Y45.532 E5.20584
G1 X35.186 Y45.108 F7800
;TYPE:External perimeter
G1 F1500
G1 X35.182 Y45.103 E5.20615
;WIDTH:0.42664
G1 X35.183 Y44.715 E5.22368
;WIDTH:0.45
G1 X35.323 Y44.545 E5.23427
G1 X37.823 Y43.045 E5.37449
G1 X37.823 Y42.924 E5.38031
G1 X37.533 Y42.634 E5.40004
G1 X36.265 Y42.634 E5.46103
G1 X35.848 Y43.051 E5.48939
G1 X35.621 Y43.161 E5.50152
G1 X35.474 Y43.16 E5.50859
G1 X35.284 Y43.08 E5.51851
G1 X35.134 Y42.821 E5.53291
G1 X35.134 Y42.674 E5.53998
G1 X35.243 Y42.447 E5.55209
G1 X35.788 Y41.902 E5.58916
G1 X36.085 Y41.778 E5.60464
G1 X37.713 Y41.778 E5.68294
G1 X38.01 Y41.902 E5.69842
G1 X38.521 Y42.412 E5.73314
G1 X39.032 Y41.902 E5.76786
G1 X39.329 Y41.778 E5.78334
G1 X40.957 Y41.778 E5.86164
G1 X41.254 Y41.902 E5.87712
G1 X41.765 Y42.412 E5.91184
G1 X42.275 Y41.902 E5.94653
G1 X42.572 Y41.778 E5.96201
G1 X44.2 Y41.778 E6.04031
G1 X44.498 Y41.902 E6.05583
G1 X44.851 Y42.255 E6.07984
G1 X44.934 Y41.965 E6.09435
G1 X45.045 Y41.859 E6.10173
G1 X45.275 Y41.778 E6.11346
G1 X47.985 Y41.778 E6.2438
G1 X48.284 Y41.903 E6.25939
G1 X48.395 Y42.132 E6.27163
G1 X48.395 Y42.28 E6.27875
G1 X48.259 Y42.531 E6.29248
G1 X47.985 Y42.634 E6.30656
;WIDTH:0.477609
G1 X47.714 Y42.648 E6.32055
;WIDTH:0.505219
G1 X45.734 Y42.662 E6.42942
G1 X45.734 Y43.102 E6.45361
G1 X47.444 Y43.102 E6.54763
G1 X47.594 Y43.179 E6.5569
;WIDTH:0.477609
G1 X47.744 Y43.256 E6.56559
;WIDTH:0.45
G1 X48.242 Y43.774 E6.60015
G1 X50.115 Y41.901 E6.72755
G1 X50.415 Y41.778 E6.74314
G1 X50.702 Y41.89 E6.75796
G1 X50.841 Y42.181 E6.77347
G1 X50.842 Y43.671 E6.84513
G1 X51.303 Y43.686 E6.86731
G1 X51.547 Y43.818 E6.88065
G1 X51.652 Y44.118 E6.89594
G1 X51.537 Y44.391 E6.91019
G1 X51.278 Y44.52 E6.92411
G1 X50.842 Y44.526 E6.94508
G1 X50.827 Y44.987 E6.96726
G1 X50.705 Y45.224 E6.98008
G1 X50.414 Y45.338 E6.99511
G1 X50.111 Y45.212 E7.01089
G1 X49.986 Y44.912 E7.02652
G1 X49.986 Y44.526 E7.04509
G1 X48.519 Y44.526 E7.11565
G1 X48.387 Y44.487 E7.12227
G1 X48.286 Y44.669 E7.13228
G1 X47.741 Y45.214 E7.16935
G1 X47.444 Y45.337 E7.18481
G1 X45.816 Y45.337 E7.26311
G1 X45.519 Y45.214 E7.27857
G1 X45.008 Y44.703 E7.31333
G1 X44.498 Y45.214 E7.34805
G1 X44.2 Y45.337 E7.36356
G1 X42.572 Y45.337 E7.44186
G1 X42.275 Y45.214 E7.45732
G1 X41.928 Y44.841 E7.48182
;WIDTH:0.43156
G1 X41.806 Y44.69 E7.49071
G1 X41.891 Y44.865 E7.49962
;WIDTH:0.45
G1 X41.904 Y45.001 E7.50619
G1 X41.797 Y45.213 E7.51761
G1 X41.497 Y45.337 E7.53322
G1 X38.788 Y45.337 E7.66351
G1 X38.565 Y45.263 E7.67481
G1 X38.525 Y45.223 E7.67753
G1 X38.273 Y45.337 E7.69083
G1 X35.545 Y45.337 E7.82204
G1 X35.362 Y45.294 E7.83108
G1 X35.227 Y45.152 E7.8405
G1 X35.191 Y44.753 F7800
G1 E5.8405 F2400
G92 E0
G1 X32.483 Y42.747 F7800
G1 E2 F2400
;WIDTH:0.428366
G1 F1200
G1 X32.487 Y42.539 E2.00944
;WIDTH:0.45
G1 X32.605 Y42.392 E2.01851
G1 X33.474 Y41.824 E2.06844
G1 X33.689 Y41.781 E2.07899
G1 X33.958 Y41.903 E2.0932
G1 X34.083 Y42.203 E2.10883
G1 X34.083 Y44.481 E2.21839
G1 X34.574 Y44.509 E2.24204
G1 X34.768 Y44.605 E2.25245
G1 X34.813 Y44.771 E2.26072
;WIDTH:0.415436
G1 X34.858 Y44.937 E2.26825
G1 X34.805 Y45.082 E2.27501
;WIDTH:0.45
G1 X34.752 Y45.228 E2.28248
G1 X34.47 Y45.337 E2.29702
G1 X32.842 Y45.337 E2.37532
G1 X32.542 Y45.212 E2.39095
G1 X32.431 Y44.983 E2.40319
;WIDTH:0.452252
G1 X32.438 Y44.815 E2.41132
;WIDTH:0.454574
G1 X32.519 Y44.63 E2.42115
G1 X32.717 Y44.517 E2.43224
;WIDTH:0.45
G1 X32.842 Y44.481 E2.4385
G1 X33.228 Y44.481 E2.45707
G1 X33.228 Y43.005 E2.52806
G1 X33.027 Y43.129 E2.53942
G1 X32.809 Y43.172 E2.55011
G1 X32.618 Y43.101 E2.55991
G1 X32.479 Y42.941 E2.5701
;WIDTH:0.428366
G1 X32.481 Y42.807 E2.57618
G1 X32.598 Y42.424 F7800
G1 X31.916 Y43.114
;WIDTH:0.45
G1 F1200
G1 X31.749 Y43.175 E2.58473
G1 X31.463 Y43.051 E2.59972
G1 X31.046 Y42.634 E2.62808
G1 X29.778 Y42.634 E2.68907
G1 X29.488 Y42.924 E2.7088
G1 X29.488 Y44.191 E2.76974
G1 X29.778 Y44.481 E2.78947
G1 X31.046 Y44.481 E2.85046
G1 X31.463 Y44.064 E2.87882
G1 X31.782 Y43.943 E2.89523
G1 X32.051 Y44.052 E2.90919
;WIDTH:0.451563
G1 X32.19 Y44.336 E2.92446
;WIDTH:0.452128
G1 X32.089 Y44.646 E2.94023
G1 X31.523 Y45.214 E2.97901
;WIDTH:0.45
G1 X31.226 Y45.337 E2.99447
G1 X29.598 Y45.337 E3.07277
G1 X29.301 Y45.214 E3.08823
G1 X28.756 Y44.669 E3.1253
G1 X28.633 Y44.41 E3.13909
G1 X28.633 Y42.744 E3.21922
G1 X28.756 Y42.447 E3.23468
G1 X29.301 Y41.902 E3.27175
G1 X29.598 Y41.778 E3.28723
G1 X31.226 Y41.778 E3.36553
G1 X31.523 Y41.902 E3.38101
G1 X32.068 Y42.447 E3.41808
G1 X32.112 Y42.611 E3.42625
;WIDTH:0.415425
G1 X32.155 Y42.774 E3.43363
G1 X32.102 Y42.92 E3.44043
;WIDTH:0.45
G1 X32.049 Y43.065 E3.44786
G1 X31.972 Y43.093 E3.4518
G1 X31.572 Y43.087 F7800
G1 E1.4518 F2400
G92 E0
G1 X38.484 Y44.118 F7800
G1 E2 F2400
;TYPE:Perimeter
;WIDTH:0.498207
G1 F1200
G1 X38.728 Y43.971 E2.01541
G1 X38.817 Y43.81 E2.02536
;WIDTH:0.461058
G1 X38.905 Y43.65 E2.03439
;WIDTH:0.423909
G1 X38.994 Y43.489 E2.04264
;WIDTH:0.386761
G1 X39.233 Y43.379 E2.05322
;WIDTH:0.401501
G1 X39.449 Y43.194 E2.06518
;WIDTH:0.428909
G1 X39.664 Y43.009 E2.07808
G1 X40.398 Y43.009 E2.11145
G1 X39.201 Y43.752 E2.1755
;WIDTH:0.423909
G1 X39.043 Y43.825 E2.1833
;WIDTH:0.461058
G1 X38.886 Y43.898 E2.19187
;WIDTH:0.498207
G1 X38.783 Y43.945 E2.198
G1 X38.339 Y44.503 F7800
;TYPE:External perimeter
;WIDTH:0.45
G1 F1200
G1 X38.254 Y44.481 E2.20222
G1 X37.088 Y44.481 E2.2583
G1 X38.516 Y43.62 E2.3385
G1 X38.643 Y43.414 E2.35014
G1 X38.678 Y43.144 E2.36323
G1 X38.793 Y43.175 E2.36896
G1 X39.092 Y43.051 E2.38453
G1 X39.509 Y42.634 E2.41289
G1 X40.777 Y42.634 E2.47388
G1 X41.067 Y42.924 E2.49361
G1 X41.067 Y43.045 E2.49943
G1 X38.549 Y44.557 E2.64069
G1 X38.397 Y44.518 E2.64824
G1 X37.998 Y44.486 F7800
G1 E.64824 F2400
G92 E0
G1 X42.926 Y43.86 F7800
G1 E2 F2400
;TYPE:Perimeter
;WIDTH:0.465357
G1 F1200
G1 X42.976 Y44.007 E2.00777
G1 X43.052 Y44.088 E2.01332
G1 X42.936 Y44.088 E2.01912
G1 X42.591 Y43.765 E2.04276
G1 X42.257 Y43.591 E2.06159
G1 X42.269 Y43.52 E2.06519
G1 X42.421 Y43.457 E2.07342
;WIDTH:0.500369
G1 X42.586 Y43.339 E2.08445
;WIDTH:0.535382
G1 X42.751 Y43.22 E2.0964
;WIDTH:0.570395
G1 X42.916 Y43.101 E2.10924
G1 X42.895 Y43.283 E2.1208
;WIDTH:0.535382
G1 X42.874 Y43.466 E2.13162
;WIDTH:0.500369
G1 X42.853 Y43.648 E2.14158
;WIDTH:0.465357
G1 X42.906 Y43.804 E2.14982
G1 X43.277 Y43.714 F7800
;TYPE:External perimeter
;WIDTH:0.45
G1 F1200
G1 X43.287 Y43.766 E2.15237
G1 X43.549 Y43.972 E2.1684
G1 X44.31 Y44.162 E2.20613
G1 X44.02 Y44.481 E2.22687
G1 X42.753 Y44.481 E2.28781
G1 X42.335 Y44.064 E2.31621
;WIDTH:0.450438
G1 X42.067 Y43.943 E2.33037
G1 X41.772 Y44.042 E2.34535
;WIDTH:0.487401
G1 X41.677 Y44.159 E2.3533
;WIDTH:0.536726
G1 X41.581 Y44.277 E2.36226
G1 X41.567 Y44.371 E2.36786
;WIDTH:0.532671
G1 X41.638 Y44.512 E2.37708
;WIDTH:0.491774
G1 X41.572 Y44.483 E2.38092
;WIDTH:0.541567
G1 X41.353 Y44.436 E2.39425
G1 X40.496 Y44.436 E2.44526
G1 X41.23 Y43.993 E2.49629
G1 X41.305 Y43.929 E2.50216
;WIDTH:0.509804
G1 X41.38 Y43.865 E2.50764
;WIDTH:0.478042
G1 X41.76 Y43.62 E2.53097
;WIDTH:0.45162
G1 X41.885 Y43.417 E2.54248
;WIDTH:0.45
G1 X41.922 Y43.144 E2.55573
G1 X42.037 Y43.175 E2.56146
G1 X42.335 Y43.051 E2.57698
G1 X42.753 Y42.634 E2.60538
G1 X44.02 Y42.634 E2.66632
G1 X44.31 Y42.954 E2.68709
G1 X43.519 Y43.154 E2.72633
G1 X43.287 Y43.349 E2.74091
G1 X43.246 Y43.558 E2.75115
G1 X43.265 Y43.655 E2.7559
G1 X43.538 Y43.948 F7800
G1 X45.47 Y43.994
;WIDTH:0.467051
G1 F1200
G1 X45.523 Y43.994 E2.75856
;WIDTH:0.505219
G1 X46.099 Y44.013 E2.79025
G1 X47.252 Y44.013 E2.85365
G1 X47.473 Y44.233 E2.8708
G1 X47.252 Y44.454 E2.88798
G1 X46.008 Y44.454 E2.95638
G1 X45.593 Y44.05 E2.98823
;WIDTH:0.490283
G1 X45.525 Y44.019 E2.9922
G1 X45.924 Y44.003 F7800
G1 E.9922 F2400
G92 E0
G1 X91.907 Y44.512 F7800
G1 E2 F2400
;WIDTH:0.491259
G1 F1200
G1 X91.841 Y44.483 E2.00384
;WIDTH:0.51648
G1 X91.732 Y44.46 E2.01012
;WIDTH:0.541701
G1 X91.623 Y44.436 E2.01676
G1 X90.765 Y44.436 E2.06784
G1 X91.892 Y43.756 E2.1462
G1 X91.95 Y43.872 E2.15392
G1 X92.043 Y43.902 E2.15974
;WIDTH:0.503086
G1 X92.136 Y43.933 E2.1651
;WIDTH:0.464472
G1 X92.229 Y43.963 E2.16998
;WIDTH:0.458367
G1 X92.142 Y43.984 E2.17438
;WIDTH:0.490876
G1 X92.055 Y44.005 E2.17914
;WIDTH:0.516288
G1 X91.986 Y44.058 E2.18404
;WIDTH:0.541701
G1 X91.917 Y44.111 E2.18922
G1 X91.836 Y44.372 E2.20549
;WIDTH:0.532505
G1 X91.88 Y44.459 E2.21118
G1 X91.48 Y44.433 F7800
G1 X92.495 Y43.994
;WIDTH:0.467052
G1 F1200
G1 X92.548 Y43.994 E2.21384
;WIDTH:0.505219
G1 X93.124 Y44.013 E2.24553
G1 X94.277 Y44.013 E2.30893
G1 X94.498 Y44.233 E2.32608
G1 X94.277 Y44.454 E2.34326
G1 X93.033 Y44.454 E2.41166
G1 X92.618 Y44.05 E2.44351
;WIDTH:0.490284
G1 X92.55 Y44.019 E2.44748
G1 X92.949 Y44.003 F7800
G1 X92.759 Y43.102
;WIDTH:0.505219
G1 F1200
G1 X92.759 Y42.662 E2.47167
G1 X94.469 Y42.662 E2.56569
;WIDTH:0.543385
G1 X95.01 Y42.679 E2.59803
G1 X95.145 Y42.608 E2.60714
;WIDTH:0.543383
G1 X95.075 Y42.744 E2.61628
;WIDTH:0.557411
G1 X95.066 Y43.487 E2.66197
G1 X94.725 Y43.162 E2.69094
G1 X94.597 Y43.132 E2.69902
;WIDTH:0.531315
G1 X94.469 Y43.102 E2.70668
;WIDTH:0.505219
G1 X92.819 Y43.102 E2.7974
G1 X92.76 Y42.707 F7800
G1 E.7974 F2400
G92 E0
G1 X54.635 Y127.114 F7800
G1 E2 F2400
;TYPE:Perimeter
;WIDTH:0.45
G1 X54.667 Y127.089 E2.00195
G1 X54.859 Y126.78 E2.01945
G1 X54.923 Y126.435 E2.03633
G1 X54.923 Y49.843 E5.72014
G1 X54.824 Y49.472 E5.73861
G1 X54.588 Y49.167 E5.75716
G1 X54.302 Y48.997 E5.77316
G1 X53.959 Y48.933 E5.78994
G1 X27.356 Y48.933 E7.06945
G1 X27.356 Y45.03 E7.25717
;WIDTH:0.480044
G1 X27.371 Y44.701 E7.27424
;WIDTH:0.510089
G1 X27.386 Y42.744 E7.38304
G1 X27.371 Y42.502 E7.39652
;WIDTH:0.480044
G1 X27.356 Y42.26 E7.40909
;WIDTH:0.45
G1 X27.356 Y38.181 E7.60528
G1 X108.063 Y38.181 E11.48701
G1 X108.063 Y48.933 E12.00414
G1 X81.391 Y48.933 E13.28697
G1 X81.025 Y49.038 E13.30528
G1 X80.762 Y49.234 E13.32106
G1 X80.563 Y49.547 E13.3389
G1 X80.497 Y49.898 E13.35608
G1 X80.497 Y126.489 E17.03984
G1 X80.595 Y126.857 E17.05816
G1 X80.827 Y127.161 E17.07655
G1 X81.112 Y127.333 E17.09256
G1 X81.461 Y127.399 E17.10964
G1 X108.063 Y127.399 E18.3891
G1 X108.063 Y138.151 E18.90623
G1 X27.356 Y138.151 E22.78796
G1 X27.356 Y127.399 E23.30509
G1 X54.055 Y127.399 E24.58922
G1 X54.412 Y127.286 E24.60723
G1 X54.587 Y127.151 E24.61786
G1 X54.356 Y126.831 F7800
G1 F2400
G1 X54.479 Y126.688 E24.62693
G1 X54.537 Y126.435 E24.63941
G1 X54.537 Y49.833 E28.3237
G1 X54.42 Y49.548 E28.33852
G1 X54.229 Y49.386 E28.35057
G1 X53.959 Y49.319 E28.36395
G1 X26.97 Y49.319 E29.66203
G1 X26.97 Y37.795 E30.21629
G1 X108.449 Y37.795 E34.13515
G1 X108.449 Y49.319 E34.68941
G1 X81.372 Y49.319 E35.99172
G1 X81.088 Y49.456 E36.00689
G1 X80.943 Y49.64 E36.01816
G1 X80.883 Y49.898 E36.0309
G1 X80.883 Y126.499 E39.71514
G1 X80.999 Y126.782 E39.72985
G1 X81.189 Y126.945 E39.74189
G1 X81.461 Y127.013 E39.75537
G1 X108.449 Y127.013 E41.0534
G1 X108.449 Y138.537 E41.60766
G1 X26.97 Y138.537 E45.52652
G1 X26.97 Y127.013 E46.08078
G1 X54.019 Y127.013 E47.38174
G1 X54.288 Y126.91 E47.39559
G1 X54.317 Y126.877 E47.3977
G1 X54.093 Y126.563 F7800
;TYPE:External perimeter
G1 F1500
G1 X54.152 Y126.435 E47.40448
G1 X54.152 Y49.898 E51.08564
G1 X54.1 Y49.766 E51.09246
G1 X53.959 Y49.705 E51.09985
G1 X26.585 Y49.705 E52.41644
G1 X26.585 Y37.41 E53.00779
G1 X108.835 Y37.41 E56.96373
G1 X108.835 Y49.705 E57.55508
G1 X81.461 Y49.705 E58.87167
G1 X81.337 Y49.75 E58.87801
G1 X81.269 Y49.898 E58.88584
G1 X81.269 Y126.435 E62.567
G1 X81.32 Y126.566 E62.57376
G1 X81.461 Y126.628 E62.58117
G1 X108.835 Y126.628 E63.89776
G1 X108.835 Y138.923 E64.48911
G1 X26.585 Y138.923 E68.44505
G1 X26.585 Y126.628 E69.0364
G1 X53.959 Y126.628 E70.35299
G1 X54.047 Y126.594 E70.35753
G1 X54.144 Y126.206 F7800
G1 E68.35753 F2400
G92 E0
G1 X27.645 Y48.266 F7800
G1 E2 F2400
;TYPE:Solid infill
G1 F1200
G1 X28.024 Y48.644 E2.02575
;WIDTH:0.457777
G1 X28.159 Y48.761 E2.03452
G1 X28.137 Y48.844 E2.03873
G1 X28.219 Y48.822 E2.0429
G1 X28.207 Y48.774 E2.04533
;WIDTH:0.45
G1 X28.569 Y48.644 E2.06383
G1 X27.645 Y47.72 E2.12668
G1 X27.645 Y47.175 E2.15289
G1 X29.114 Y48.644 E2.25281
G1 X29.66 Y48.644 E2.27907
G1 X27.645 Y46.629 E2.41613
G1 X27.645 Y46.084 E2.44234
G1 X30.205 Y48.644 E2.61647
G1 X30.75 Y48.644 E2.64268
G1 X27.645 Y45.539 E2.85388
G1 X27.7 Y45.027 E2.87865
;WIDTH:0.555029
G1 X27.782 Y45.123 E2.88638
;WIDTH:0.517414
G1 X27.864 Y45.218 E2.89347
;WIDTH:0.479799
G1 X27.946 Y45.314 E2.90001
;WIDTH:0.442184
G1 X28.029 Y45.409 E2.90595
;WIDTH:0.404569
G1 X28.56 Y45.941 E2.93784
;WIDTH:0.407147
G1 X28.582 Y45.961 E2.93911
;WIDTH:0.40856
G1 X28.593 Y45.969 E2.93969
;WIDTH:0.45
G1 X29.092 Y46.289 E2.9682
G1 X29.606 Y46.397 E2.99346
G1 X31.222 Y46.397 E3.07118
G1 X31.583 Y46.339 E3.08877
G1 X32.034 Y46.132 E3.11264
G1 X32.4 Y46.315 E3.13232
G1 X32.85 Y46.397 E3.15432
G1 X34.641 Y46.397 E3.24046
G1 X34.99 Y46.283 E3.25812
G1 X35.193 Y46.35 E3.2684
G1 X35.551 Y46.397 E3.28577
G1 X38.248 Y46.397 E3.41549
G1 X38.386 Y46.382 E3.42217
G1 X38.794 Y46.397 E3.44181
G1 X41.492 Y46.397 E3.57157
G1 X41.756 Y46.369 E3.58434
G1 X42.034 Y46.276 E3.59844
G1 X42.271 Y46.359 E3.61052
G1 X42.578 Y46.397 E3.6254
G1 X44.196 Y46.397 E3.70322
G1 X44.584 Y46.334 E3.72213
G1 X45.008 Y46.132 E3.74472
G1 X45.374 Y46.315 E3.7644
G1 X45.824 Y46.397 E3.7864
G1 X47.44 Y46.397 E3.86412
G1 X47.933 Y46.298 E3.8883
G1 X48.354 Y46.07 E3.91133
G1 X50.928 Y48.644 E4.08641
G1 X31.159 Y48.644 E5.03723
G1 X31.159 Y48.508 E5.04377
G1 X28.733 Y46.101 E5.20814
G1 X29.98 Y46.783 F7800
G1 F1200
G1 X31.222 Y46.783 E5.26788
G1 X31.647 Y46.719 E5.28855
G1 X32.034 Y46.563 E5.30862
G1 X32.297 Y46.69 E5.32267
G1 X32.85 Y46.783 E5.34964
G1 X34.51 Y46.783 E5.42948
G1 X34.993 Y46.69 E5.45314
G1 X35.551 Y46.783 E5.48035
G1 X41.492 Y46.783 E5.76609
G1 X41.799 Y46.752 E5.78093
G1 X42.035 Y46.685 E5.79273
G1 X42.143 Y46.723 E5.79824
G1 X42.578 Y46.783 E5.81936
G1 X44.196 Y46.783 E5.89718
G1 X44.649 Y46.715 E5.91921
G1 X45.008 Y46.563 E5.93796
G1 X45.272 Y46.69 E5.95205
G1 X45.824 Y46.783 E5.97897
G1 X47.44 Y46.783 E6.05669
G1 X47.938 Y46.695 E6.08101
G1 X48.295 Y46.557 E6.09942
G1 X49.997 Y48.259 E6.21519
G1 X32.034 Y48.259 E7.07915
G1 X31.432 Y48.235 E7.10813
G1 X30.116 Y46.919 E7.19764
G1 X30.911 Y47.169 F7800
G1 F1200
G1 X31.222 Y47.169 E7.2126
G1 X31.712 Y47.099 E7.23641
G1 X32.008 Y47.007 E7.25132
G1 X32.325 Y47.093 E7.26712
G1 X32.85 Y47.169 E7.29263
G1 X34.464 Y47.169 E7.37026
G1 X35.034 Y47.106 E7.39784
G1 X35.551 Y47.169 E7.42289
G1 X41.492 Y47.169 E7.70863
G1 X42.078 Y47.106 E7.73698
G1 X42.578 Y47.169 E7.76122
G1 X44.196 Y47.169 E7.83904
G1 X44.713 Y47.095 E7.86416
G1 X44.984 Y47.006 E7.87788
G1 X45.299 Y47.093 E7.8936
G1 X45.824 Y47.169 E7.91911
G1 X47.549 Y47.169 E8.00208
G1 X48.208 Y47.014 E8.03464
G1 X49.066 Y47.873 E8.09303
G1 X31.615 Y47.873 E8.93236
G1 X31.047 Y47.305 E8.97099
G1 X31.777 Y47.484 E9.00714
;WIDTH:0.489253
G1 X31.905 Y47.468 E9.01398
;WIDTH:0.520729
G1 X32.034 Y47.452 E9.02138
G1 X32.263 Y47.475 E9.03448
;WIDTH:0.474869
G1 X32.492 Y47.498 E9.04626
;WIDTH:0.42901
G1 X32.721 Y47.521 E9.05673
;WIDTH:0.383151
G1 X34.464 Y47.521 E9.12603
;WIDTH:0.413539
G1 X34.734 Y47.506 E9.13781
;WIDTH:0.443927
G1 X35.004 Y47.49 E9.15061
G1 X35.278 Y47.506 E9.1636
;WIDTH:0.413539
G1 X35.551 Y47.521 E9.17551
;WIDTH:0.383153
G1 X41.492 Y47.521 E9.41172
;WIDTH:0.413848
G1 X41.763 Y47.505 E9.42355
;WIDTH:0.444543
G1 X42.035 Y47.49 E9.43647
G1 X42.306 Y47.505 E9.44934
;WIDTH:0.413848
G1 X42.578 Y47.521 E9.46122
;WIDTH:0.383153
G1 X44.196 Y47.521 E9.52555
;WIDTH:0.42277
G1 X44.487 Y47.501 E9.53859
;WIDTH:0.462387
G1 X44.778 Y47.481 E9.55307
;WIDTH:0.491552
G1 X44.893 Y47.467 E9.55924
;WIDTH:0.520717
G1 X45.009 Y47.452 E9.5659
G1 X45.238 Y47.475 E9.579
;WIDTH:0.474861
G1 X45.467 Y47.498 E9.59078
;WIDTH:0.429006
G1 X45.696 Y47.521 E9.60125
;WIDTH:0.383153
G1 X47.44 Y47.521 E9.67059
;WIDTH:0.417469
G1 X47.657 Y47.504 E9.68018
;WIDTH:0.451785
G1 X47.875 Y47.487 E9.69075
;WIDTH:0.486101
G1 X48.092 Y47.469 E9.7022
G1 X48.642 Y45.813 F7800
;WIDTH:0.45
G1 F1200
G1 X51.474 Y48.644 E9.8948
G1 X52.019 Y48.644 E9.92101
G1 X48.961 Y45.586 E10.12901
G1 X50.026 Y46.192 F7800
;WIDTH:0.404381
G1 F1200
G1 X50.007 Y46.263 E10.13213
G1 X50.078 Y46.244 E10.13525
G1 X50.067 Y46.203 E10.13705
;WIDTH:0.45
G1 X50.309 Y46.389 E10.15173
G1 X52.564 Y48.644 E10.30511
G1 X53.11 Y48.644 E10.33137
G1 X50.797 Y46.331 E10.4887
G1 X51.176 Y46.165 E10.5086
G1 X53.655 Y48.644 E10.67722
G1 E8.67722 F2400
G92 E0
G1 X27.858 Y41.917 F7800
G1 E2 F2400
G1 F1200
G1 X28.013 Y41.69 E2.01322
G1 X28.544 Y41.158 E2.04937
G1 X29.089 Y40.828 E2.08001
G1 X29.602 Y40.718 E2.10524
G1 X31.217 Y40.718 E2.18292
G1 X31.719 Y40.819 E2.20755
G1 X32.051 Y40.979 E2.22528
G1 X32.381 Y41.273 E2.24654
G1 X32.99 Y40.882 E2.28135
G1 X33.438 Y40.739 E2.30397
G1 X33.738 Y40.725 E2.31841
G1 X31.62 Y38.607 E2.46247
G1 X31.62 Y38.47 E2.46906
G1 X27.645 Y38.47 E2.66024
G1 X27.645 Y42.259 E2.84248
G1 X27.682 Y42.249 E2.84432
G1 X27.75 Y42.077 E2.85322
G1 X28.031 Y41.127 F7800
G1 F1200
G1 X28.031 Y38.856 E2.96245
G1 X31.324 Y38.856 E3.12083
G1 X32.95 Y40.483 E3.23146
G1 X32.419 Y40.79 E3.26096
G1 X32.307 Y40.691 E3.26815
G1 X31.878 Y40.468 E3.2914
G1 X31.329 Y40.344 E3.31847
G1 X29.533 Y40.332 E3.40485
G1 X28.892 Y40.496 E3.43667
G1 X28.385 Y40.798 E3.46505
G1 X28.172 Y40.996 E3.47904
G1 X28.416 Y40.33 E3.51315
G1 X28.416 Y39.241 E3.56553
G1 X31.164 Y39.241 E3.6977
G1 X32.038 Y40.116 E3.75718
G1 X31.827 Y40.049 E3.76783
G1 X31.217 Y39.947 E3.79758
G1 X29.602 Y39.947 E3.87526
G1 X28.94 Y40.062 E3.90758
G1 X28.588 Y40.242 E3.9266
G1 X28.833 Y39.659 E3.95702
;WIDTH:0.513009
G1 X29.045 Y39.637 E3.96895
;WIDTH:0.470057
G1 X29.257 Y39.616 E3.97973
;WIDTH:0.427105
G1 X29.469 Y39.594 E3.98937
;WIDTH:0.384153
G1 X31.018 Y39.594 E4.05115
G1 X32.029 Y38.47 F7800
;WIDTH:0.45
G1 F1200
G1 X34.874 Y41.316 E4.2447
G1 E2.2447 F2400
G92 E0
G1 X32.71 Y38.607 F7800
G1 E2 F2400
G1 F1200
G1 X35.16 Y41.056 E2.16661
G1 X35.595 Y40.818 E2.19046
G1 X36.089 Y40.718 E2.2147
G1 X37.705 Y40.718 E2.29242
G1 X38.155 Y40.8 E2.31442
G1 X38.521 Y40.984 E2.33412
G1 X38.945 Y40.781 E2.35673
G1 X39.333 Y40.718 E2.37564
G1 X40.949 Y40.718 E2.45336
G1 X41.399 Y40.8 E2.47536
G1 X41.765 Y40.984 E2.49506
G1 X42.189 Y40.781 E2.51767
G1 X42.577 Y40.718 E2.53658
G1 X44.195 Y40.718 E2.6144
G1 X44.502 Y40.757 E2.62928
G1 X44.738 Y40.84 E2.64131
G1 X45.017 Y40.747 E2.65545
G1 X45.281 Y40.718 E2.66822
G1 X47.975 Y40.718 E2.79779
G1 X48.483 Y40.822 E2.82273
G1 X48.875 Y41.026 E2.84398
G1 X49.053 Y41.179 E2.85527
G1 X49.171 Y41.356 E2.8655
G1 X49.555 Y41 E2.89068
G1 X50.162 Y40.747 E2.92231
G1 X50.657 Y40.741 E2.94612
G1 X48.525 Y38.607 E3.0912
G1 X48.525 Y38.47 E3.09779
G1 X32.574 Y38.47 E3.86498
G1 X33.505 Y38.856 F7800
G1 F1200
G1 X48.229 Y38.856 E4.57315
G1 X49.835 Y40.461 E4.68235
G1 X49.475 Y40.602 E4.70095
G1 X49.207 Y40.797 E4.71689
G1 X49.01 Y40.647 E4.7288
G1 X48.515 Y40.429 E4.75481
G1 X47.975 Y40.332 E4.7812
G1 X45.281 Y40.332 E4.91077
G1 X44.974 Y40.363 E4.92561
G1 X44.738 Y40.431 E4.93742
G1 X44.63 Y40.393 E4.94293
G1 X44.195 Y40.332 E4.96406
G1 X42.577 Y40.332 E5.04188
G1 X42.124 Y40.401 E5.06392
G1 X41.765 Y40.552 E5.08265
G1 X41.501 Y40.426 E5.09672
G1 X40.949 Y40.332 E5.12365
G1 X39.333 Y40.332 E5.20137
G1 X38.881 Y40.401 E5.22336
G1 X38.521 Y40.552 E5.24214
G1 X38.257 Y40.426 E5.25621
G1 X37.705 Y40.332 E5.28314
G1 X36.089 Y40.332 E5.36086
G1 X35.571 Y40.424 E5.38616
G1 X35.218 Y40.569 E5.40451
G1 X33.641 Y38.992 E5.51178
G1 X34.436 Y39.241 F7800
G1 F1200
G1 X48.07 Y39.241 E6.16753
G1 X49.077 Y40.248 E6.23602
G1 X48.591 Y40.051 E6.26124
G1 X47.975 Y39.947 E6.29129
G1 X45.281 Y39.947 E6.42086
G1 X44.695 Y40.009 E6.4492
G1 X44.195 Y39.947 E6.47343
G1 X42.577 Y39.947 E6.55125
G1 X42.06 Y40.021 E6.57637
G1 X41.789 Y40.109 E6.59007
G1 X41.474 Y40.022 E6.60579
G1 X40.949 Y39.947 E6.6313
G1 X39.333 Y39.947 E6.70902
G1 X38.816 Y40.021 E6.73414
G1 X38.546 Y40.109 E6.7478
G1 X38.23 Y40.022 E6.76356
G1 X37.705 Y39.947 E6.78907
G1 X35.979 Y39.947 E6.87208
G1 X35.303 Y40.108 E6.9055
G1 X34.572 Y39.378 E6.95519
G1 X35.417 Y39.648 F7800
;WIDTH:0.491147
G1 F1200
G1 X35.641 Y39.63 E6.96715
;WIDTH:0.455482
G1 X35.865 Y39.612 E6.97811
;WIDTH:0.419817
G1 X36.089 Y39.594 E6.98807
;WIDTH:0.384153
G1 X37.705 Y39.594 E7.05252
;WIDTH:0.424632
G1 X38.001 Y39.614 E7.06585
;WIDTH:0.465111
G1 X38.296 Y39.635 E7.08063
;WIDTH:0.493399
G1 X38.408 Y39.649 E7.08667
;WIDTH:0.521687
G1 X38.521 Y39.663 E7.09316
G1 X38.748 Y39.64 E7.10617
;WIDTH:0.475842
G1 X38.976 Y39.617 E7.11793
;WIDTH:0.429997
G1 X39.204 Y39.594 E7.12838
;WIDTH:0.384153
G1 X40.949 Y39.594 E7.19798
;WIDTH:0.424631
G1 X41.244 Y39.614 E7.21127
;WIDTH:0.465109
G1 X41.54 Y39.635 E7.2261
;WIDTH:0.493397
G1 X41.652 Y39.649 E7.23214
;WIDTH:0.521685
G1 X41.764 Y39.663 E7.23858
G1 X41.992 Y39.64 E7.25165
;WIDTH:0.475841
G1 X42.22 Y39.617 E7.26341
;WIDTH:0.429997
G1 X42.448 Y39.594 E7.27386
;WIDTH:0.384153
G1 X44.195 Y39.594 E7.34354
;WIDTH:0.41484
G1 X44.466 Y39.609 E7.3554
;WIDTH:0.445527
G1 X44.738 Y39.625 E7.36835
G1 X45.009 Y39.609 E7.38126
;WIDTH:0.41484
G1 X45.281 Y39.594 E7.39317
;WIDTH:0.384153
G1 X47.924 Y39.594 E7.49858
G1 E5.49858 F2400
G92 E0
G1 X104.846 Y43.625 F7800
G1 E2 F2400
;WIDTH:0.404381
G1 F1200
G1 X105.231 Y43.946 E2.02126
G1 E.02126 F2400
G92 E0
G1 X27.734 Y137.773 F7800
G1 E2 F2400
;WIDTH:0.543559
G1 F1200
G1 X27.75 Y137.831 E2.0036
G1 X27.707 Y137.873 E2.00719
G1 X27.649 Y137.858 E2.01077
G1 X27.634 Y137.8 E2.01435
G1 X27.676 Y137.758 E2.0179
;WIDTH:0.45
G1 X27.645 Y137.157 E2.04684
G1 X28.487 Y137.986 E2.10367
;WIDTH:0.404381
G1 X28.468 Y138.057 E2.10679
G1 X28.539 Y138.038 E2.10991
G1 X28.528 Y137.997 E2.11171
;WIDTH:0.45
G1 X28.895 Y137.862 E2.13052
G1 X27.645 Y136.612 E2.21554
G1 X27.645 Y136.066 E2.2418
G1 X29.441 Y137.862 E2.36396
G1 X29.986 Y137.862 E2.39017
G1 X27.645 Y135.521 E2.5494
G1 X27.645 Y134.976 E2.57561
G1 X30.531 Y137.862 E2.77191
G1 X31.077 Y137.862 E2.79817
G1 X27.645 Y134.43 E3.03161
G1 X27.645 Y133.885 E3.05782
G1 X31.622 Y137.862 E3.32833
G1 X32.167 Y137.862 E3.35454
G1 X27.645 Y133.34 E3.66212
G1 X27.645 Y132.794 E3.68838
G1 X32.713 Y137.862 E4.0331
G1 X33.258 Y137.862 E4.05931
G1 X27.645 Y132.249 E4.4411
G1 X27.645 Y131.704 E4.46731
G1 X33.804 Y137.862 E4.8862
G1 X34.349 Y137.862 E4.91241
G1 X27.645 Y131.158 E5.36841
G1 X27.645 Y130.613 E5.39462
G1 X34.894 Y137.862 E5.88769
G1 X35.44 Y137.862 E5.91395
G1 X27.645 Y130.068 E6.44412
G1 X27.645 Y129.522 E6.47038
G1 X35.985 Y137.862 E7.03766
G1 X36.53 Y137.862 E7.06387
G1 X27.645 Y128.977 E7.66822
G1 X27.645 Y128.432 E7.69443
G1 X37.076 Y137.862 E8.33588
G1 X37.621 Y137.862 E8.36209
G1 X27.645 Y127.886 E9.04065
G1 X27.992 Y127.688 E9.05987
G1 X38.166 Y137.862 E9.75189
G1 X38.712 Y137.862 E9.77815
G1 X28.538 Y127.688 E10.47017
G1 X29.083 Y127.688 E10.49638
G1 X39.257 Y137.862 E11.1884
G1 X39.802 Y137.862 E11.21461
G1 X29.628 Y127.688 E11.90663
G1 X30.174 Y127.688 E11.93289
G1 X40.348 Y137.862 E12.62491
G1 X40.893 Y137.862 E12.65112
G1 X30.719 Y127.688 E13.34314
G1 X31.264 Y127.688 E13.36935
G1 X41.438 Y137.862 E14.06137
G1 X41.984 Y137.862 E14.08763
G1 X31.81 Y127.688 E14.77965
G1 X32.355 Y127.688 E14.80586
G1 X42.529 Y137.862 E15.49788
G1 X43.074 Y137.862 E15.52409
G1 X32.9 Y127.688 E16.21611
G1 X33.446 Y127.688 E16.24237
G1 X43.62 Y137.862 E16.93439
G1 X44.165 Y137.862 E16.9606
G1 X33.991 Y127.688 E17.65262
G1 X34.536 Y127.688 E17.67883
G1 X44.71 Y137.862 E18.37085
G1 X45.256 Y137.862 E18.39711
G1 X35.082 Y127.688 E19.08913
G1 X35.627 Y127.688 E19.11534
G1 X45.801 Y137.862 E19.80736
G1 X46.347 Y137.862 E19.83362
G1 X36.172 Y127.688 E20.52568
G1 X36.718 Y127.688 E20.55194
G1 X46.892 Y137.862 E21.24396
G1 X47.437 Y137.862 E21.27017
G1 X37.263 Y127.688 E21.96219
G1 X37.808 Y127.688 E21.9884
G1 X47.983 Y137.862 E22.68046
G1 X48.528 Y137.862 E22.70667
G1 X38.354 Y127.688 E23.39869
G1 X38.899 Y127.688 E23.4249
G1 X49.073 Y137.862 E24.11692
G1 X49.619 Y137.862 E24.14318
G1 X39.445 Y127.688 E24.8352
G1 X39.99 Y127.688 E24.86141
G1 X50.164 Y137.862 E25.55343
G1 X50.709 Y137.862 E25.57964
G1 X40.535 Y127.688 E26.27166
G1 X41.081 Y127.688 E26.29792
G1 X51.255 Y137.862 E26.98994
G1 X51.8 Y137.862 E27.01615
G1 X41.626 Y127.688 E27.70817
G1 X42.171 Y127.688 E27.73438
G1 X52.345 Y137.862 E28.4264
G1 X52.891 Y137.862 E28.45266
G1 X42.717 Y127.688 E29.14468
G1 X43.262 Y127.688 E29.17089
G1 X53.436 Y137.862 E29.86291
G1 X53.981 Y137.862 E29.88912
G1 X43.807 Y127.688 E30.58114
G1 X44.353 Y127.688 E30.6074
G1 X54.527 Y137.862 E31.29942
G1 X55.072 Y137.862 E31.32563
G1 X44.898 Y127.688 E32.01765
G1 X45.443 Y127.688 E32.04386
G1 X55.617 Y137.862 E32.73588
G1 X56.163 Y137.862 E32.76214
G1 X45.989 Y127.688 E33.45416
G1 X46.534 Y127.688 E33.48037
G1 X56.708 Y137.862 E34.17239
G1 X57.253 Y137.862 E34.1986
G1 X47.079 Y127.688 E34.89062
G1 X47.625 Y127.688 E34.91688
G1 X57.799 Y137.862 E35.6089
G1 X58.344 Y137.862 E35.63511
G1 X48.17 Y127.688 E36.32713
G1 X48.715 Y127.688 E36.35334
G1 X58.89 Y137.862 E37.0454
G1 X59.435 Y137.862 E37.07161
G1 X49.261 Y127.688 E37.76363
G1 X49.806 Y127.688 E37.78984
G1 X59.98 Y137.862 E38.48186
G1 X60.526 Y137.862 E38.50812
G1 X50.351 Y127.688 E39.20018
G1 X50.897 Y127.688 E39.22644
G1 X61.071 Y137.862 E39.91846
G1 X61.616 Y137.862 E39.94467
G1 X51.442 Y127.688 E40.63669
G1 X51.987 Y127.688 E40.6629
G1 X62.162 Y137.862 E41.35496
G1 X62.707 Y137.862 E41.38117
G1 X52.533 Y127.688 E42.07319
G1 X53.078 Y127.688 E42.0994
G1 X63.252 Y137.862 E42.79142
G1 X63.798 Y137.862 E42.81768
G1 X53.624 Y127.688 E43.5097
G1 X53.516 Y127.494 E43.52038
;WIDTH:0.404381
G1 X53.527 Y127.535 E43.52218
G1 X53.456 Y127.554 E43.5253
G1 X53.475 Y127.483 E43.52842
;WIDTH:0.45
G1 X54.152 Y127.672 E43.56223
G1 X64.343 Y137.862 E44.25538
G1 X64.888 Y137.862 E44.28159
G1 X54.56 Y127.534 E44.98409
G1 X54.864 Y127.293 E45.00275
G1 X65.434 Y137.862 E45.72167
G1 X65.979 Y137.862 E45.74788
G1 X55.09 Y126.973 E46.48854
G1 X55.205 Y126.543 E46.50995
G1 X66.524 Y137.862 E47.27985
G1 X67.07 Y137.862 E47.30611
G1 X55.21 Y126.002 E48.11281
G1 X55.21 Y125.457 E48.13902
G1 X67.615 Y137.862 E48.98279
G1 X68.16 Y137.862 E49.009
G1 X55.21 Y124.911 E49.88988
G1 X55.21 Y124.366 E49.91609
G1 X68.706 Y137.862 E50.83407
G1 X69.251 Y137.862 E50.86028
G1 X55.21 Y123.821 E51.81533
G1 X55.21 Y123.275 E51.84159
G1 X69.796 Y137.862 E52.83375
G1 X70.342 Y137.862 E52.86001
G1 X55.21 Y122.73 E53.88927
G1 X55.21 Y122.185 E53.91548
G1 X70.887 Y137.862 E54.98181
G1 X71.432 Y137.862 E55.00802
G1 X55.21 Y121.639 E56.11145
G1 X55.21 Y121.094 E56.13766
G1 X71.978 Y137.862 E57.2782
G1 X72.523 Y137.862 E57.30441
G1 X55.21 Y120.549 E58.48202
G1 X55.21 Y120.003 E58.50828
G1 X73.069 Y137.862 E59.72303
G1 X73.614 Y137.862 E59.74924
G1 X55.21 Y119.458 E61.00106
G1 X55.21 Y118.913 E61.02727
G1 X74.159 Y137.862 E62.31616
G1 X74.705 Y137.862 E62.34242
G1 X55.21 Y118.367 E63.66845
G1 X55.21 Y117.822 E63.69466
G1 X75.25 Y137.862 E65.05776
G1 X75.795 Y137.862 E65.08397
G1 X55.21 Y117.277 E66.48414
G1 X55.21 Y116.731 E66.5104
G1 X76.341 Y137.862 E67.9477
G1 X76.886 Y137.862 E67.97391
G1 X55.21 Y116.186 E69.44828
G1 X55.21 Y115.641 E69.47449
G1 X77.431 Y137.862 E70.98593
G1 X77.977 Y137.862 E71.01219
G1 X55.21 Y115.095 E72.56077
G1 X55.21 Y114.55 E72.58698
G1 X78.522 Y137.862 E74.17263
G1 X79.067 Y137.862 E74.19884
G1 X55.21 Y114.005 E75.82156
G1 X55.21 Y113.46 E75.84777
G1 X79.613 Y137.862 E77.5076
G1 X80.158 Y137.862 E77.53381
G1 X55.21 Y112.914 E79.23074
G1 X55.21 Y112.369 E79.25695
G1 X80.703 Y137.862 E80.99095
G1 X81.249 Y137.862 E81.01721
G1 X55.21 Y111.824 E82.78832
G1 X55.21 Y111.278 E82.81458
G1 X81.794 Y137.862 E84.62279
G1 X82.339 Y137.862 E84.649
G1 X55.21 Y110.733 E86.49428
G1 X55.21 Y110.188 E86.52049
G1 X82.885 Y137.862 E88.40288
G1 X83.43 Y137.862 E88.42909
G1 X55.21 Y109.642 E90.34858
G1 X55.21 Y109.097 E90.37479
G1 X83.975 Y137.862 E92.33135
G1 X84.521 Y137.862 E92.35761
G1 X55.21 Y108.552 E94.35127
G1 X55.21 Y108.006 E94.37753
G1 X85.066 Y137.862 E96.4083
G1 X85.612 Y137.862 E96.43456
G1 X55.21 Y107.461 E98.50243
G1 X55.21 Y106.916 E98.52864
G1 X86.157 Y137.862 E100.63358
G1 X86.702 Y137.862 E100.65979
G1 X55.21 Y106.37 E102.80184
G1 X55.21 Y105.825 E102.82805
G1 X87.248 Y137.862 E105.0072
G1 X87.793 Y137.862 E105.03341
G1 X55.21 Y105.28 E107.24963
G1 X55.21 Y104.734 E107.27589
G1 X88.338 Y137.862 E109.52922
G1 X88.884 Y137.862 E109.55548
G1 X55.21 Y104.189 E111.84591
G1 X55.21 Y103.644 E111.87212
G1 X89.429 Y137.862 E114.19962
G1 X89.974 Y137.862 E114.22583
G1 X55.21 Y103.098 E116.59043
G1 X55.21 Y102.553 E116.61664
G1 X90.52 Y137.862 E119.01835
G1 X91.368 Y137.945 F7800
;WIDTH:0.404381
G1 F1200
G1 X91.379 Y137.986 E119.02015
G1 X91.308 Y138.005 E119.02327
G1 X91.327 Y137.934 E119.02639
;WIDTH:0.45
G1 X91.065 Y137.862 E119.03946
G1 X55.21 Y102.008 E121.47824
G1 X55.21 Y101.462 E121.5045
G1 X80.211 Y126.463 E123.20504
G1 X80.336 Y126.695 E123.21771
;WIDTH:0.404381
G1 X80.317 Y126.766 E123.22083
G1 X80.388 Y126.747 E123.22395
G1 X80.377 Y126.706 E123.22575
G1 X80.208 Y125.915 F7800
;WIDTH:0.45
G1 F1200
G1 X55.21 Y100.917 E124.92608
G1 X55.21 Y100.372 E124.95229
G1 X80.208 Y125.369 E126.65259
G1 X80.208 Y124.824 E126.6788
G1 X55.21 Y99.826 E128.37913
G1 X55.21 Y99.281 E128.40534
G1 X80.208 Y124.279 E130.10567
G1 X80.208 Y123.733 E130.13193
G1 X55.21 Y98.736 E131.83223
G1 X55.21 Y98.19 E131.85849
G1 X80.208 Y123.188 E133.55882
G1 X80.208 Y122.643 E133.58503
G1 X55.21 Y97.645 E135.28536
G1 X55.21 Y97.1 E135.31157
G1 X80.208 Y122.097 E137.01187
G1 X80.208 Y121.552 E137.03808
G1 X55.21 Y96.554 E138.73841
G1 X55.211 Y96.009 E138.76462
G1 X80.208 Y121.006 E140.46488
G1 X80.208 Y120.461 E140.49109
G1 X55.211 Y95.464 E142.19135
G1 X55.211 Y94.918 E142.21761
G1 X80.208 Y119.916 E143.91791
G1 X80.208 Y119.37 E143.94417
G1 X55.211 Y94.373 E145.64443
G1 X55.211 Y93.828 E145.67064
G1 X80.208 Y118.825 E147.3709
G1 X80.208 Y118.28 E147.39711
G1 X55.211 Y93.282 E149.09741
G1 X55.211 Y92.737 E149.12362
G1 X80.208 Y117.734 E150.82388
G1 X80.208 Y117.189 E150.85009
G1 X55.211 Y92.192 E152.55035
G1 X55.211 Y91.646 E152.57661
G1 X80.208 Y116.644 E154.27691
G1 X80.208 Y116.098 E154.30317
G1 X55.211 Y91.101 E156.00343
G1 X55.211 Y90.556 E156.02964
G1 X80.208 Y115.553 E157.7299
G1 X80.208 Y115.008 E157.75611
G1 X55.211 Y90.01 E159.45641
G1 X55.211 Y89.465 E159.48262
G1 X80.208 Y114.462 E161.18288
G1 X80.208 Y113.917 E161.20909
G1 X55.211 Y88.92 E162.90935
G1 X55.211 Y88.374 E162.93561
G1 X80.208 Y113.372 E164.63591
G1 X80.208 Y112.826 E164.66217
G1 X55.211 Y87.829 E166.36243
G1 X55.211 Y87.284 E166.38864
G1 X80.208 Y112.281 E168.0889
G1 X80.208 Y111.736 E168.11511
G1 X55.211 Y86.738 E169.81541
G1 X55.211 Y86.193 E169.84162
G1 X80.208 Y111.19 E171.54188
G1 X80.208 Y110.645 E171.56809
G1 X55.211 Y85.648 E173.26835
G1 X55.211 Y85.102 E173.29461
G1 X80.208 Y110.1 E174.99491
G1 X80.208 Y109.554 E175.02117
G1 X55.211 Y84.557 E176.72143
G1 X55.211 Y84.012 E176.74764
G1 X80.208 Y109.009 E178.4479
G1 X80.208 Y108.463 E178.47416
G1 X55.211 Y83.466 E180.17442
G1 X55.211 Y82.921 E180.20063
G1 X80.208 Y107.918 E181.90089
G1 X80.208 Y107.373 E181.9271
G1 X55.211 Y82.376 E183.62736
G1 X55.211 Y81.83 E183.65362
G1 X80.208 Y106.827 E185.35388
G1 X80.208 Y106.282 E185.38009
G1 X55.211 Y81.285 E187.08035
G1 X55.211 Y80.74 E187.10656
G1 X80.208 Y105.737 E188.80682
G1 X80.208 Y105.191 E188.83308
G1 X55.211 Y80.194 E190.53334
G1 X55.211 Y79.649 E190.55955
G1 X80.208 Y104.646 E192.25981
G1 X80.208 Y104.101 E192.28602
G1 X55.211 Y79.104 E193.98628
G1 X55.211 Y78.558 E194.01254
G1 X80.208 Y103.555 E195.7128
G1 X80.208 Y103.01 E195.73901
G1 X55.211 Y78.013 E197.43927
G1 X55.211 Y77.468 E197.46548
G1 X80.208 Y102.465 E199.16574
G1 X80.208 Y101.919 E199.192
G1 X55.211 Y76.922 E200.89226
G1 X55.211 Y76.377 E200.91847
G1 X80.208 Y101.374 E202.61873
G1 X80.208 Y100.829 E202.64494
G1 X55.211 Y75.832 E204.3452
G1 X55.211 Y75.286 E204.37146
G1 X80.208 Y100.283 E206.07172
G1 X80.208 Y99.738 E206.09793
G1 X55.211 Y74.741 E207.79819
G1 X55.211 Y74.196 E207.8244
G1 X80.208 Y99.193 E209.52466
G1 X80.208 Y98.647 E209.55092
G1 X55.211 Y73.65 E211.25118
G1 X55.211 Y73.105 E211.27739
G1 X80.208 Y98.102 E212.97765
G1 X80.208 Y97.557 E213.00386
G1 X55.211 Y72.56 E214.70412
G1 X55.211 Y72.014 E214.73038
G1 X80.208 Y97.011 E216.43064
G1 X80.208 Y96.466 E216.45685
G1 X55.211 Y71.469 E218.15711
G1 X55.211 Y70.924 E218.18332
G1 X80.208 Y95.92 E219.88355
G1 X80.208 Y95.375 E219.90976
G1 X55.211 Y70.378 E221.61002
G1 X55.211 Y69.833 E221.63623
G1 X80.208 Y94.83 E223.33649
G1 X80.208 Y94.284 E223.36275
G1 X55.211 Y69.288 E225.06298
G1 X55.211 Y68.742 E225.08924
G1 X80.208 Y93.739 E226.7895
G1 X80.208 Y93.194 E226.81571
G1 X55.211 Y68.197 E228.51597
G1 X55.211 Y67.652 E228.54218
G1 X80.208 Y92.648 E230.24241
G1 X80.208 Y92.103 E230.26862
G1 X55.211 Y67.106 E231.96888
G1 X55.211 Y66.561 E231.99509
G1 X80.208 Y91.558 E233.69535
G1 X80.208 Y91.012 E233.72161
G1 X55.211 Y66.016 E235.42184
G1 X55.211 Y65.47 E235.4481
G1 X80.208 Y90.467 E237.14836
G1 X80.208 Y89.922 E237.17457
G1 X55.211 Y64.925 E238.87483
G1 X55.212 Y64.38 E238.90104
G1 X80.208 Y89.376 E240.60124
G1 X80.208 Y88.831 E240.62745
G1 X55.212 Y63.834 E242.32768
G1 X55.212 Y63.289 E242.35389
G1 X80.208 Y88.286 E244.05412
G1 X80.208 Y87.74 E244.08038
G1 X55.212 Y62.744 E245.78058
G1 X55.212 Y62.198 E245.80684
G1 X80.208 Y87.195 E247.50707
G1 X80.208 Y86.65 E247.53328
G1 X55.212 Y61.653 E249.23351
G1 X55.212 Y61.108 E249.25972
G1 X80.208 Y86.104 E250.95992
G1 X80.208 Y85.559 E250.98613
G1 X55.212 Y60.562 E252.68636
G1 X55.212 Y60.017 E252.71257
G1 X80.208 Y85.014 E254.4128
G1 X80.208 Y84.468 E254.43906
G1 X55.212 Y59.472 E256.13926
G1 X55.212 Y58.926 E256.16552
G1 X80.208 Y83.923 E257.86575
G1 X80.208 Y83.377 E257.89201
G1 X55.212 Y58.381 E259.59221
G1 X55.212 Y57.836 E259.61842
G1 X80.208 Y82.832 E261.31862
G1 X80.208 Y82.287 E261.34483
G1 X55.212 Y57.29 E263.04506
G1 X55.212 Y56.745 E263.07127
G1 X80.208 Y81.741 E264.77147
G1 X80.208 Y81.196 E264.79768
G1 X55.212 Y56.2 E266.49788
G1 X55.212 Y55.654 E266.52414
G1 X80.208 Y80.651 E268.22437
G1 X80.208 Y80.105 E268.25063
G1 X55.212 Y55.109 E269.95083
G1 X55.212 Y54.564 E269.97704
G1 X80.208 Y79.56 E271.67724
G1 X80.208 Y79.015 E271.70345
G1 X55.212 Y54.018 E273.40368
G1 X55.212 Y53.473 E273.42989
G1 X80.208 Y78.469 E275.13009
G1 X80.208 Y77.924 E275.1563
G1 X55.212 Y52.928 E276.8565
G1 X55.212 Y52.382 E276.88276
G1 X80.208 Y77.379 E278.58299
G1 X80.208 Y76.833 E278.60925
G1 X55.212 Y51.837 E280.30945
G1 X55.212 Y51.292 E280.33566
G1 X80.208 Y76.288 E282.03586
G1 X80.208 Y75.743 E282.06207
G1 X55.212 Y50.746 E283.7623
G1 X55.212 Y50.201 E283.78851
G1 X80.208 Y75.197 E285.48871
G1 X80.208 Y74.652 E285.51492
G1 X55.173 Y49.616 E287.2178
G1 X54.991 Y49.344 E287.23354
;WIDTH:0.404381
G1 X54.87 Y49.183 E287.24208
G1 X54.506 Y48.85 E287.263
;WIDTH:0.45
G1 X54.233 Y48.677 E287.27854
G1 X51.485 Y45.928 E287.46549
G1 X51.705 Y45.604 E287.48433
G1 X80.208 Y74.107 E289.42307
G1 X80.208 Y73.561 E289.44933
G1 X51.998 Y45.351 E291.36814
G1 X52.307 Y45.115 E291.38684
G1 X80.208 Y73.016 E293.28463
G1 X80.208 Y72.471 E293.31084
G1 X52.521 Y44.784 E295.19408
G1 X52.676 Y44.393 E295.21431
G1 X80.208 Y71.925 E297.087
G1 X80.208 Y71.38 E297.11321
G1 X52.689 Y43.861 E298.98502
G1 X52.517 Y43.588 E299.00054
;WIDTH:0.404381
G1 X52.167 Y43.138 E299.02472
G1 X51.809 Y42.849 E299.04423
;WIDTH:0.45
G1 X51.902 Y42.529 E299.06026
G1 X80.208 Y70.834 E300.98556
G1 X80.208 Y70.289 E301.01177
G1 X51.876 Y41.957 E302.93888
G1 X51.705 Y41.685 E302.95433
;WIDTH:0.404381
G1 X51.483 Y41.377 E302.97043
G1 X51.278 Y41.168 E302.98284
G1 E300.98284 F2400
G92 E0
G1 X48.934 Y38.47 F7800
G1 E2 F2400
;WIDTH:0.45
G1 F1200
G1 X80.208 Y69.744 E4.12722
G1 X80.208 Y69.198 E4.15348
G1 X49.48 Y38.47 E6.24356
G1 X50.025 Y38.47 E6.26977
G1 X80.208 Y68.653 E8.32278
G1 X80.208 Y68.108 E8.34899
G1 X50.57 Y38.47 E10.36493
G1 X51.116 Y38.47 E10.39119
G1 X80.208 Y67.562 E12.36999
G1 X80.208 Y67.017 E12.3962
G1 X51.661 Y38.47 E14.33793
G1 X52.207 Y38.47 E14.36419
G1 X80.208 Y66.472 E16.26882
G1 X80.208 Y65.926 E16.29508
G1 X52.752 Y38.47 E18.1626
G1 X53.297 Y38.47 E18.18881
G1 X80.208 Y65.381 E20.01926
G1 X80.208 Y64.836 E20.04547
G1 X53.843 Y38.47 E21.83882
G1 X54.388 Y38.47 E21.86503
G1 X80.208 Y64.29 E23.62127
G1 X80.208 Y63.745 E23.64748
G1 X54.933 Y38.47 E25.36665
G1 X55.479 Y38.47 E25.39291
G1 X80.208 Y63.2 E27.07498
G1 X80.208 Y62.654 E27.10124
G1 X56.024 Y38.47 E28.74621
G1 X56.569 Y38.47 E28.77242
G1 X80.208 Y62.109 E30.38032
G1 X80.208 Y61.564 E30.40653
G1 X57.115 Y38.47 E31.97732
G1 X57.66 Y38.47 E32.00353
G1 X80.208 Y61.018 E33.53722
G1 X80.208 Y60.473 E33.56343
G1 X58.205 Y38.47 E35.06005
G1 X58.751 Y38.47 E35.08631
G1 X80.208 Y59.928 E36.54582
G1 X80.208 Y59.382 E36.57208
G1 X59.296 Y38.47 E37.99449
G1 X59.841 Y38.47 E38.0207
G1 X80.208 Y58.837 E39.40604
G1 X80.208 Y58.291 E39.4323
G1 X60.387 Y38.47 E40.7805
G1 X60.932 Y38.47 E40.80671
G1 X80.208 Y57.746 E42.11784
G1 X80.208 Y57.201 E42.14405
G1 X61.477 Y38.47 E43.41811
G1 X62.023 Y38.47 E43.44437
G1 X80.208 Y56.655 E44.68129
G1 X80.208 Y56.11 E44.7075
G1 X62.568 Y38.47 E45.90735
G1 X63.113 Y38.47 E45.93356
G1 X80.208 Y55.565 E47.09634
G1 X80.208 Y55.019 E47.1226
G1 X63.659 Y38.47 E48.24824
G1 X64.204 Y38.47 E48.27445
G1 X80.208 Y54.474 E49.36302
G1 X80.208 Y53.929 E49.38923
G1 X64.75 Y38.47 E50.4407
G1 X65.295 Y38.47 E50.46691
G1 X80.208 Y53.383 E51.48127
G1 X80.208 Y52.838 E51.50748
G1 X65.84 Y38.47 E52.48477
G1 X66.386 Y38.47 E52.51103
G1 X80.208 Y52.293 E53.45122
G1 X80.208 Y51.747 E53.47748
G1 X66.931 Y38.47 E54.38057
G1 X67.476 Y38.47 E54.40678
G1 X80.208 Y51.202 E55.27279
G1 X80.208 Y50.657 E55.299
G1 X68.022 Y38.47 E56.12791
G1 X68.567 Y38.47 E56.15412
G1 X80.208 Y50.111 E56.94593
G1 X80.245 Y49.603 E56.97043
G1 X69.112 Y38.47 E57.72768
G1 X69.658 Y38.47 E57.75394
G1 X80.408 Y49.221 E58.48518
G1 X80.669 Y48.936 E58.50377
G1 X70.203 Y38.47 E59.21565
G1 X70.748 Y38.47 E59.24186
G1 X81.009 Y48.731 E59.9398
G1 X81.468 Y48.644 E59.96227
G1 X71.294 Y38.47 E60.65429
G1 X71.839 Y38.47 E60.6805
G1 X82.013 Y48.644 E61.37252
G1 X82.558 Y48.644 E61.39873
G1 X72.384 Y38.47 E62.09075
G1 X72.93 Y38.47 E62.11701
G1 X83.104 Y48.644 E62.80903
G1 X83.649 Y48.644 E62.83524
G1 X73.475 Y38.47 E63.52726
G1 X74.02 Y38.47 E63.55347
G1 X84.195 Y48.644 E64.24553
G1 X84.74 Y48.644 E64.27174
G1 X74.566 Y38.47 E64.96376
G1 X75.111 Y38.47 E64.98997
G1 X85.285 Y48.644 E65.68199
G1 X85.831 Y48.644 E65.70825
G1 X75.656 Y38.47 E66.40031
G1 X76.202 Y38.47 E66.42657
G1 X86.376 Y48.644 E67.11859
G1 X86.921 Y48.644 E67.1448
G1 X76.747 Y38.47 E67.83682
G1 X77.292 Y38.47 E67.86303
G1 X87.467 Y48.644 E68.55509
G1 X88.012 Y48.644 E68.5813
G1 X77.838 Y38.47 E69.27332
G1 X78.383 Y38.47 E69.29953
G1 X88.557 Y48.644 E69.99155
G1 X88.86 Y48.727 E70.00666
;WIDTH:0.404381
G1 X88.871 Y48.768 E70.00846
G1 X88.8 Y48.787 E70.01158
G1 X88.819 Y48.716 E70.0147
G1 E68.0147 F2400
G92 E0
G1 X86.508 Y46.146 F7800
G1 E2 F2400
G1 F1200
G1 X86.27 Y45.959 E2.01284
G1 X85.93 Y45.561 E2.03504
;WIDTH:0.45
G1 X85.747 Y45.288 E2.05085
G1 X78.929 Y38.47 E2.5146
G1 X79.474 Y38.47 E2.54081
G1 X85.688 Y44.684 E2.96348
G1 X85.042 Y43.525 F7800
;WIDTH:0.404392
G1 F1200
G1 X85.707 Y44.19 E3.00336
G1 X85.703 Y43.644 E3.02652
G1 X85.15 Y43.494 E3.05082
G1 X84.906 Y43.352 E3.06279
G1 X84.906 Y43.389 E3.06436
;WIDTH:0.45
G1 X84.647 Y43.098 E3.0831
G1 X80.019 Y38.47 E3.39789
G1 X80.565 Y38.47 E3.42415
G1 X84.331 Y42.237 E3.68034
G1 X84.457 Y42.469 E3.69304
;WIDTH:0.404381
G1 X84.438 Y42.54 E3.69616
G1 X84.509 Y42.521 E3.69928
G1 X84.498 Y42.48 E3.70108
;WIDTH:0.45
G1 X84.417 Y41.777 E3.73512
G1 X81.11 Y38.47 E3.96006
G1 X81.655 Y38.47 E3.98627
G1 X84.587 Y41.402 E4.1857
G1 X84.833 Y41.102 E4.20436
G1 X82.201 Y38.47 E4.38339
G1 X82.746 Y38.47 E4.4096
G1 X85.162 Y40.887 E4.57397
G1 E2.57397 F2400
G92 E0
G1 X83.428 Y38.607 F7800
G1 E2 F2400
G1 F1200
G1 X85.566 Y40.745 E2.14542
G1 X86.005 Y40.718 E2.16657
G1 X88.517 Y40.718 E2.28739
G1 X88.823 Y40.756 E2.30222
G1 X89.06 Y40.84 E2.31431
G1 X89.425 Y40.718 E2.33282
G1 X91.22 Y40.718 E2.41915
G1 X91.527 Y40.757 E2.43403
G1 X91.764 Y40.84 E2.44611
G1 X92.042 Y40.747 E2.46021
G1 X92.306 Y40.718 E2.47298
G1 X95.004 Y40.718 E2.60274
G1 X95.311 Y40.756 E2.61762
G1 X95.547 Y40.84 E2.62967
G1 X95.827 Y40.747 E2.64386
G1 X96.459 Y40.718 E2.67429
G1 X98.882 Y40.736 E2.79083
G1 X99.242 Y40.79 E2.80834
G1 X97.061 Y38.607 E2.95676
G1 X97.061 Y38.47 E2.96335
G1 X83.291 Y38.47 E3.62564
G1 X84.222 Y38.856 F7800
G1 F1200
G1 X96.09 Y38.856 E4.19645
G1 X96.789 Y38.879 E4.23009
G1 X98.243 Y40.334 E4.32902
G1 X96.044 Y40.332 E4.43478
G1 X95.547 Y40.431 E4.45915
G1 X95.439 Y40.393 E4.46466
G1 X95.004 Y40.332 E4.48579
G1 X92.306 Y40.332 E4.61555
G1 X91.999 Y40.363 E4.63039
G1 X91.763 Y40.431 E4.6422
G1 X91.655 Y40.393 E4.64771
G1 X91.22 Y40.332 E4.66884
G1 X89.556 Y40.332 E4.74887
G1 X89.06 Y40.431 E4.7732
G1 X88.952 Y40.393 E4.77871
G1 X88.517 Y40.332 E4.79984
G1 X85.699 Y40.332 E4.93538
G1 X84.359 Y38.992 E5.02653
G1 X85.153 Y39.241 F7800
G1 F1200
G1 X96.606 Y39.241 E5.57738
G1 X97.311 Y39.947 E5.62537
G1 X96.09 Y39.947 E5.6841
G1 X95.504 Y40.009 E5.71244
G1 X95.004 Y39.947 E5.73667
G1 X92.306 Y39.947 E5.86643
G1 X91.72 Y40.009 E5.89477
G1 X91.22 Y39.947 E5.919
G1 X89.603 Y39.947 E5.99677
G1 X89.017 Y40.009 E6.02511
G1 X88.517 Y39.947 E6.04934
G1 X85.859 Y39.947 E6.17718
G1 X85.29 Y39.378 E6.21588
G1 X86.005 Y39.594 E6.2518
;WIDTH:0.384155
G1 X88.517 Y39.594 E6.35199
;WIDTH:0.41484
G1 X88.789 Y39.609 E6.3639
;WIDTH:0.445527
G1 X89.06 Y39.625 E6.37681
G1 X89.332 Y39.609 E6.38976
;WIDTH:0.414841
G1 X89.603 Y39.594 E6.40162
;WIDTH:0.384155
G1 X91.22 Y39.594 E6.46611
;WIDTH:0.414841
G1 X91.492 Y39.609 E6.47802
;WIDTH:0.445529
G1 X91.763 Y39.625 E6.49093
G1 X92.035 Y39.609 E6.50388
;WIDTH:0.414841
G1 X92.306 Y39.594 E6.51574
;WIDTH:0.384153
G1 X95.004 Y39.594 E6.62335
;WIDTH:0.41484
G1 X95.276 Y39.609 E6.63526
;WIDTH:0.445527
G1 X95.547 Y39.625 E6.64817
G1 X95.819 Y39.609 E6.66112
;WIDTH:0.414841
G1 X96.09 Y39.594 E6.67298
;WIDTH:0.384155
G1 X96.459 Y39.594 E6.6877
G1 X97.47 Y38.47 F7800
;WIDTH:0.45
G1 F1200
G1 X100.317 Y41.317 E6.88135
G1 X100.141 Y41.65 E6.89947
;WIDTH:0.404381
G1 X99.949 Y41.397 E6.91294
G1 X99.591 Y41.041 E6.93435
G1 E4.93435 F2400
G92 E0
G1 X98.152 Y38.607 F7800
G1 E2 F2400
;WIDTH:0.45
G1 F1200
G1 X100.592 Y41.046 E2.16593
G1 X100.782 Y40.914 E2.17706
G1 X101.334 Y40.732 E2.20502
G1 X101.849 Y40.765 E2.22984
G1 X102.154 Y40.876 E2.24545
G1 X102.42 Y41.072 E2.26134
G1 X102.797 Y40.846 E2.28248
G1 X103.195 Y40.734 E2.30237
G1 X103.54 Y40.726 E2.31897
G1 X101.424 Y38.607 E2.463
G1 X101.424 Y38.47 E2.46959
G1 X98.016 Y38.47 E2.6335
G1 X98.947 Y38.856 F7800
G1 F1200
G1 X101.128 Y38.856 E2.7384
G1 X102.734 Y40.462 E2.84764
G1 X102.438 Y40.607 E2.86349
G1 X102.384 Y40.566 E2.86675
G1 X101.97 Y40.399 E2.88822
G1 X101.443 Y40.339 E2.91373
G1 X101.213 Y40.366 E2.92487
G1 X100.646 Y40.555 E2.95362
G1 X99.083 Y38.992 E3.05993
G1 X99.878 Y39.241 F7800
G1 F1200
G1 X100.968 Y39.241 E3.11236
G1 X101.701 Y39.974 E3.16222
G1 X101.475 Y39.955 E3.17313
G1 X101.093 Y39.999 E3.19162
G1 X100.749 Y40.113 E3.20905
G1 X100.014 Y39.378 E3.25904
G1 E1.25904 F2400
G92 E0
G1 X89.279 Y48.781 F7800
G1 E2 F2400
;WIDTH:0.383149
G1 F1200
G1 X89.289 Y48.819 E2.00156
G1 X89.222 Y48.837 E2.00432
G1 X89.24 Y48.77 E2.00708
;WIDTH:0.416574
G1 X89.171 Y48.707 E2.01118
;WIDTH:0.45
G1 X86.78 Y46.322 E2.17361
G1 X87.383 Y46.38 E2.20275
G1 X89.648 Y48.644 E2.35678
G1 E.35678 F2400
G92 E0
G1 X87.922 Y46.371 F7800
G1 E2 F2400
;WIDTH:0.452312
G1 F1200
G1 X88.217 Y46.666 E2.02019
;WIDTH:0.45197
G1 X88.651 Y47.102 E2.04993
;WIDTH:0.45
G1 X90.057 Y48.508 E2.14556
G1 X90.057 Y48.644 E2.1521
G1 X107.774 Y48.644 E3.00423
G1 X107.774 Y46.456 E3.10947
G1 X107.638 Y46.456 E3.11601
G1 X105.561 Y44.38 E3.25725
G1 X105.67 Y44.729 E3.27484
G1 X105.659 Y45.153 E3.29524
G1 X105.505 Y45.582 E3.31716
G1 X105.206 Y46.001 E3.34192
G1 X104.83 Y46.238 E3.3633
G1 X104.346 Y46.397 E3.3878
G1 X102.582 Y46.397 E3.47264
G1 X102.075 Y46.294 E3.49752
G1 X101.719 Y46.118 E3.51662
G1 X101.349 Y45.748 E3.54179
G1 X100.948 Y46.153 E3.5692
G1 X100.484 Y46.35 E3.59344
G1 X100.019 Y46.375 E3.61584
G1 X99.52 Y46.256 E3.64051
G1 X99.149 Y45.994 E3.66235
G1 X98.957 Y45.755 E3.67709
G1 X98.555 Y46.125 E3.70337
G1 X98.159 Y46.311 E3.72441
G1 X97.709 Y46.397 E3.74645
G1 X96.09 Y46.397 E3.82432
G1 X95.258 Y46.361 E3.86437
G1 X94.99 Y46.283 E3.87779
G1 X94.64 Y46.397 E3.89549
G1 X92.847 Y46.397 E3.98173
G1 X92.54 Y46.359 E3.99661
G1 X92.303 Y46.276 E4.00869
G1 X91.939 Y46.397 E4.02714
G1 X89.062 Y46.397 E4.16551
G1 X88.547 Y46.303 E4.19069
;WIDTH:0.452471
G1 X88.239 Y46.141 E4.20754
G1 X88.121 Y46.042 E4.215
G1 X87.928 Y46.179 E4.22646
G1 X87.786 Y46.235 E4.23385
G1 X88.847 Y46.753 F7800
;WIDTH:0.45
G1 F1200
G1 X89.062 Y46.783 E4.24429
G1 X91.959 Y46.783 E4.38363
G1 X92.304 Y46.685 E4.40088
G1 X92.412 Y46.723 E4.40639
G1 X92.847 Y46.783 E4.42751
G1 X94.51 Y46.783 E4.50749
G1 X94.993 Y46.69 E4.53115
G1 X95.254 Y46.746 E4.54399
G1 X96.09 Y46.783 E4.58424
G1 X97.709 Y46.783 E4.66211
G1 X98.235 Y46.69 E4.6878
G1 X98.666 Y46.509 E4.71028
G1 X98.925 Y46.309 E4.72602
G1 X99.224 Y46.535 E4.74405
G1 X99.431 Y46.631 E4.75502
G1 X99.929 Y46.75 E4.77965
G1 X100.513 Y46.741 E4.80774
G1 X101.033 Y46.547 E4.83443
G1 X101.334 Y46.325 E4.85242
G1 X101.514 Y46.446 E4.86285
G1 X102.042 Y46.686 E4.89075
G1 X102.582 Y46.783 E4.91714
G1 X104.404 Y46.783 E5.00477
G1 X104.955 Y46.603 E5.03265
G1 X105.458 Y46.292 E5.06109
G1 X105.822 Y45.803 E5.09041
G1 X105.996 Y45.36 E5.1133
G1 X107.388 Y46.729 E5.2072
G1 X107.388 Y48.259 E5.28079
G1 X90.353 Y48.259 E6.10011
G1 X88.983 Y46.889 E6.1933
G1 X89.808 Y47.169 F7800
G1 F1200
G1 X91.761 Y47.169 E6.28723
G1 X92.347 Y47.106 E6.31558
G1 X92.847 Y47.169 E6.33982
G1 X94.464 Y47.169 E6.41759
G1 X94.919 Y47.117 E6.43962
G1 X96.09 Y47.169 E6.496
G1 X97.82 Y47.169 E6.57921
G1 X98.525 Y46.998 E6.6141
G1 X98.929 Y46.797 E6.6358
G1 X98.996 Y46.846 E6.63979
G1 X99.341 Y47.006 E6.65808
G1 X99.839 Y47.125 E6.68271
G1 X100.457 Y47.134 E6.71244
G1 X100.769 Y47.067 E6.72779
G1 X101.361 Y46.801 E6.75901
G1 X101.456 Y46.858 E6.76434
G1 X101.966 Y47.064 E6.79079
G1 X102.582 Y47.169 E6.82084
G1 X104.196 Y47.169 E6.89847
G1 X104.693 Y47.1 E6.9226
G1 X105.289 Y46.867 E6.95338
G1 X105.711 Y46.584 E6.97782
G1 X106.128 Y46.037 E7.0109
G1 X107.003 Y46.912 E7.07042
G1 X107.003 Y47.873 E7.11664
G1 X90.513 Y47.873 E7.90975
G1 X89.945 Y47.305 E7.94838
G1 X90.659 Y47.521 E7.98426
;WIDTH:0.383153
G1 X91.761 Y47.521 E8.02807
;WIDTH:0.413848
G1 X92.032 Y47.505 E8.0399
;WIDTH:0.444543
G1 X92.304 Y47.49 E8.05282
G1 X92.575 Y47.505 E8.06569
;WIDTH:0.413847
G1 X92.847 Y47.521 E8.07757
;WIDTH:0.383151
G1 X94.464 Y47.521 E8.14186
;WIDTH:0.413578
G1 X94.734 Y47.506 E8.15364
;WIDTH:0.444005
G1 X95.004 Y47.49 E8.16645
G1 X95.733 Y47.505 E8.20097
;WIDTH:0.415567
G1 X96.09 Y47.521 E8.21662
;WIDTH:0.383153
G1 X97.709 Y47.521 E8.28099
;WIDTH:0.403101
G1 X98.161 Y47.513 E8.30009
;WIDTH:0.393026
G1 X98.716 Y47.527 E8.32285
;WIDTH:0.371025
G1 X99.239 Y47.527 E8.34285
;WIDTH:0.404154
G1 X99.495 Y47.51 E8.35372
;WIDTH:0.437283
G1 X99.751 Y47.494 E8.36565
G1 X99.506 Y47.418 E8.37758
;WIDTH:0.404154
G1 X99.261 Y47.342 E8.38845
;WIDTH:0.371025
G1 X98.912 Y47.201 E8.40285
G1 X98.378 Y47.407 E8.42474
;WIDTH:0.400662
G1 X97.968 Y47.508 E8.44245
G1 X99.751 Y47.494 F7800
;WIDTH:0.437283
G1 F1200
G1 X100.474 Y47.503 E8.47608
;WIDTH:0.436705
G1 X100.837 Y47.502 E8.49294
;WIDTH:0.419914
G1 X101.361 Y47.525 E8.5162
;WIDTH:0.374247
G1 X101.885 Y47.525 E8.53645
;WIDTH:0.409159
G1 X102.32 Y47.508 E8.55517
G1 X101.606 Y47.31 E8.58703
;WIDTH:0.374247
G1 X101.367 Y47.2 E8.5972
;WIDTH:0.392791
G1 X100.901 Y47.399 E8.61796
;WIDTH:0.436705
G1 X100.645 Y47.494 E8.63064
G1 X102.32 Y47.508 F7800
;WIDTH:0.409159
G1 F1200
G1 X102.582 Y47.521 E8.64192
;WIDTH:0.383153
G1 X104.196 Y47.521 E8.70609
;WIDTH:0.419237
G1 X104.61 Y47.503 E8.72443
;WIDTH:0.428784
G1 X104.803 Y47.498 E8.7332
;WIDTH:0.45
G1 X106.617 Y47.487 E8.82045
G1 X106.617 Y47.072 E8.84041
G1 X106.18 Y46.635 E8.87013
G1 X105.809 Y46.991 E8.89486
G1 X105.206 Y47.332 E8.92818
G1 X104.61 Y47.503 E8.958
G1 E6.958 F2400
G92 E0
G1 X107.774 Y46.047 F7800
G1 E2 F2400
G1 F1200
G1 X104.874 Y43.147 E2.19725
G1 X104.874 Y42.602 E2.22346
G1 X107.774 Y45.502 E2.42071
G1 X107.774 Y44.956 E2.44697
G1 X104.84 Y42.022 E2.64654
G1 E.64654 F2400
G92 E0
G1 X107.774 Y44.411 F7800
G1 E2 F2400
G1 F1200
G1 X101.833 Y38.47 E2.4041
G1 X102.378 Y38.47 E2.43031
G1 X107.774 Y43.866 E2.79734
G1 X107.774 Y43.32 E2.8236
G1 X102.924 Y38.47 E3.15349
G1 X103.469 Y38.47 E3.1797
G1 X107.774 Y42.775 E3.47252
G1 X107.774 Y42.23 E3.49873
G1 X104.015 Y38.47 E3.75445
G1 X104.56 Y38.47 E3.78066
G1 X107.774 Y41.684 E3.99927
G1 X107.774 Y41.139 E4.02548
G1 X105.105 Y38.47 E4.20702
G1 X105.49 Y38.259 E4.22814
G1 X105.468 Y38.34 E4.23218
G1 X105.549 Y38.318 E4.23622
G1 X105.537 Y38.272 E4.23851
G1 X105.651 Y38.47 E4.2495
G1 X107.774 Y40.594 E4.39394
G1 E2.39394 F2400
G92 E0
G1 X106.332 Y38.607 F7800
G1 E2 F2400
G1 F1200
G1 X107.774 Y40.048 E2.09805
G1 X107.774 Y38.47 E2.17395
G1 X106.196 Y38.47 E2.24985
G1 X107.294 Y38.867 F7800
;WIDTH:0.603205
G1 F1200
G1 X107.247 Y38.915 E2.25436
G1 X107.264 Y38.98 E2.25888
G1 X107.329 Y38.997 E2.2634
G1 X107.377 Y38.95 E2.26791
G1 X107.359 Y38.885 E2.27244
G1 E.27244 F2400
G92 E0
G1 X81.15 Y127.509 F7800
G1 E2 F2400
;WIDTH:0.404381
G1 F1200
G1 X81.131 Y127.58 E2.00312
G1 X81.202 Y127.561 E2.00624
G1 X81.191 Y127.52 E2.00804
;WIDTH:0.45
G1 X81.434 Y127.685 E2.02217
G1 X91.61 Y137.862 E2.71436
G1 X92.156 Y137.862 E2.74062
G1 X81.982 Y127.688 E3.43264
G1 X82.527 Y127.688 E3.45885
G1 X92.701 Y137.862 E4.15087
G1 X93.246 Y137.862 E4.17708
G1 X83.072 Y127.688 E4.8691
G1 X83.618 Y127.688 E4.89536
G1 X93.792 Y137.862 E5.58738
G1 X94.337 Y137.862 E5.61359
G1 X84.163 Y127.688 E6.30561
G1 X84.708 Y127.688 E6.33182
G1 X94.882 Y137.862 E7.02384
G1 X95.428 Y137.862 E7.0501
G1 X85.254 Y127.688 E7.74212
G1 X85.799 Y127.688 E7.76833
G1 X95.973 Y137.862 E8.46035
G1 X96.518 Y137.862 E8.48656
G1 X86.344 Y127.688 E9.17858
G1 X86.89 Y127.688 E9.20484
G1 X97.064 Y137.862 E9.89686
G1 X97.609 Y137.862 E9.92307
G1 X87.435 Y127.688 E10.61509
G1 X87.98 Y127.688 E10.6413
G1 X98.155 Y137.862 E11.33336
G1 X98.7 Y137.862 E11.35957
G1 X88.526 Y127.688 E12.05159
G1 X89.071 Y127.688 E12.0778
G1 X99.245 Y137.862 E12.76982
G1 X99.791 Y137.862 E12.79608
G1 X89.616 Y127.688 E13.48814
G1 X90.162 Y127.688 E13.5144
G1 X100.336 Y137.862 E14.20642
G1 X100.881 Y137.862 E14.23263
G1 X90.707 Y127.688 E14.92465
G1 X91.253 Y127.688 E14.95091
G1 X101.427 Y137.862 E15.64293
G1 X101.972 Y137.862 E15.66914
G1 X91.798 Y127.688 E16.36116
G1 X92.343 Y127.688 E16.38737
G1 X102.517 Y137.862 E17.07939
G1 X103.063 Y137.862 E17.10565
G1 X92.889 Y127.688 E17.79767
G1 X93.434 Y127.688 E17.82388
G1 X103.608 Y137.862 E18.5159
G1 X104.153 Y137.862 E18.54211
G1 X93.979 Y127.688 E19.23413
G1 X94.525 Y127.688 E19.26039
G1 X104.699 Y137.862 E19.95241
G1 X105.244 Y137.862 E19.97862
G1 X95.07 Y127.688 E20.67064
G1 X95.615 Y127.688 E20.69685
G1 X105.789 Y137.862 E21.38887
G1 X106.335 Y137.862 E21.41513
G1 X96.161 Y127.688 E22.10715
G1 X96.706 Y127.688 E22.13336
G1 X106.88 Y137.862 E22.82538
G1 X107.425 Y137.862 E22.85159
G1 X97.251 Y127.688 E23.54361
G1 X97.797 Y127.688 E23.56987
G1 X107.774 Y137.666 E24.24853
G1 X107.851 Y137.909 E24.26079
;WIDTH:0.404381
G1 X107.832 Y137.98 E24.26391
G1 X107.903 Y137.961 E24.26703
G1 X107.892 Y137.92 E24.26883
G1 X107.774 Y137.12 F7800
;WIDTH:0.45
G1 F1200
G1 X98.342 Y127.688 E24.91038
G1 X98.887 Y127.688 E24.93659
G1 X107.774 Y136.575 E25.54107
G1 X107.774 Y136.029 E25.56733
G1 X99.433 Y127.688 E26.13467
G1 X99.978 Y127.688 E26.16088
G1 X107.774 Y135.484 E26.69115
G1 X107.774 Y134.939 E26.71736
G1 X100.523 Y127.688 E27.21056
G1 X101.069 Y127.688 E27.23682
G1 X107.774 Y134.393 E27.69289
G1 X107.774 Y133.848 E27.7191
G1 X101.614 Y127.688 E28.1381
G1 X102.159 Y127.688 E28.16431
G1 X107.774 Y133.303 E28.54624
G1 X107.774 Y132.757 E28.5725
G1 X102.705 Y127.688 E28.91729
G1 X103.25 Y127.688 E28.9435
G1 X107.774 Y132.212 E29.25122
G1 X107.774 Y131.667 E29.27743
G1 X103.796 Y127.688 E29.54804
G1 X104.341 Y127.688 E29.57425
G1 X107.774 Y131.121 E29.80776
G1 X107.774 Y130.576 E29.83397
G1 X104.886 Y127.688 E30.03041
G1 X105.432 Y127.688 E30.05667
G1 X107.774 Y130.031 E30.216
G1 X107.774 Y129.485 E30.24226
G1 X105.977 Y127.688 E30.36449
G1 X107.774 Y127.688 E30.45092
G1 X107.774 Y128.94 E30.51114
G1 X106.659 Y127.824 E30.58701
G1 E28.58701 F2400
G92 E0
G1 X96.76 Y44.403 F7800
G1 E2 F2400
;TYPE:External perimeter
;WIDTH:0.593991
G1 F1200
G1 X97.743 Y43.42 E2.09183
G1 X97.75 Y44.163 E2.14091
G1 X97.503 Y44.409 E2.16394
G1 X96.805 Y44.409 E2.21005
G1 X97.059 Y44.101 F7800
G1 X96.053 Y43.696
;WIDTH:0.593993
G1 F1200
G1 X96.047 Y43.703 E2.21066
G1 X96.047 Y42.954 E2.26014
G1 X96.295 Y42.706 E2.28331
G1 X97.044 Y42.706 E2.33279
G1 X96.096 Y43.654 E2.42135
G1 X96.039 Y43.258 F7800
G1 E.42135 F2400
G92 E0
G1 X49.475 Y43.704 F7800
G1 E2 F2400
;WIDTH:0.383651
G1 F1200
G1 X50.02 Y43.159 E2.03069
G1 X50.02 Y43.704 E2.05239
G1 X49.535 Y43.704 E2.0717
G1 X49.782 Y43.39 F7800
;LAYER_CHANGE
;Z:1.25
;HEIGHT:0.3
G1 E.0717 F2400
G92 E0
G1 Z1.25 F7800
G1 X222.598 Y38.181
G1 E2 F2400
;TYPE:Perimeter
;WIDTH:0.45
G1 X157.406 Y105.944 E6.52256
G1 X157.406 Y49.576 E9.23366
G1 X160.613 Y49.576 E9.38791
G1 X160.902 Y49.484 E9.4025
G1 X161.196 Y49.27 E9.41999
G1 X161.382 Y48.983 E9.43644
G1 X161.456 Y48.612 E9.45464
G1 X161.456 Y38.181 E9.95633
G1 X222.538 Y38.181 E12.89416
G1 X223.03 Y37.795 F7800
G1 F2400
G1 X223.03 Y38.289 E12.91792
G1 X157.5 Y106.403 E17.46392
G1 X157.02 Y106.403 E17.48701
G1 X157.02 Y49.19 E20.23876
G1 X160.572 Y49.19 E20.4096
G1 X160.831 Y49.08 E20.42313
G1 X161.004 Y48.88 E20.43585
G1 X161.07 Y48.612 E20.44912
G1 X161.07 Y37.795 E20.96938
G1 X222.97 Y37.795 E23.94655
G1 X223.416 Y37.41 F7800
;TYPE:External perimeter
G1 F1500
G1 X223.416 Y38.444 E23.99628
G1 X157.664 Y106.789 E28.55769
G1 X156.635 Y106.789 E28.60718
G1 X156.635 Y48.805 E31.39601
G1 X160.492 Y48.805 E31.58152
G1 X160.616 Y48.759 E31.58788
G1 X160.685 Y48.612 E31.59569
G1 X160.685 Y37.41 E32.13447
G1 X223.356 Y37.41 E35.14873
G1 X223.415 Y37.805 F7800
G1 E33.14873 F2400
G92 E0
G1 X161.85 Y38.501 F7800
G1 E2 F2400
;TYPE:Solid infill
;WIDTH:0.543559
G1 F1200
G1 X161.807 Y38.459 E2.00359
G1 X161.749 Y38.475 E2.00719
G1 X161.734 Y38.532 E2.01071
G1 X161.776 Y38.575 E2.0143
G1 X161.834 Y38.559 E2.0179
;WIDTH:0.45
G1 X162.45 Y38.47 E2.04784
G1 X161.745 Y39.175 E2.09579
G1 X161.745 Y39.721 E2.12205
G1 X162.995 Y38.47 E2.20711
G1 X163.541 Y38.47 E2.23337
G1 X161.745 Y40.266 E2.35553
G1 X161.745 Y40.811 E2.38174
G1 X164.086 Y38.47 E2.54097
G1 X164.631 Y38.47 E2.56718
G1 X161.745 Y41.357 E2.76352
G1 X161.745 Y41.902 E2.78973
G1 X165.177 Y38.47 E3.02317
G1 X165.722 Y38.47 E3.04938
G1 X161.745 Y42.447 E3.31989
G1 X161.745 Y42.993 E3.34615
G1 X166.267 Y38.47 E3.65376
G1 X166.813 Y38.47 E3.68002
G1 X161.745 Y43.538 E4.02474
G1 X161.745 Y44.083 E4.05095
G1 X167.358 Y38.47 E4.43274
G1 X167.904 Y38.47 E4.459
G1 X161.745 Y44.629 E4.87793
G1 X161.745 Y45.174 E4.90414
G1 X168.449 Y38.47 E5.36014
G1 X168.994 Y38.47 E5.38635
G1 X161.745 Y45.719 E5.87942
G1 X161.745 Y46.265 E5.90568
G1 X169.54 Y38.47 E6.43589
G1 X170.085 Y38.47 E6.4621
G1 X161.745 Y46.81 E7.02938
G1 X161.745 Y47.355 E7.05559
G1 X170.63 Y38.47 E7.65994
G1 X171.176 Y38.47 E7.6862
G1 X161.745 Y47.901 E8.32768
G1 X161.745 Y48.446 E8.35389
G1 X171.721 Y38.47 E9.03245
G1 X172.266 Y38.47 E9.05866
G1 X161.642 Y49.094 E9.78129
G1 X161.43 Y49.367 E9.79791
;WIDTH:0.404381
G1 X161.246 Y49.553 E9.809
G1 E7.809 F2400
G92 E0
G1 X158.145 Y49.865 F7800
G1 E2 F2400
;WIDTH:0.45
G1 F1200
G1 X157.695 Y50.315 E2.03061
G1 X157.695 Y50.86 E2.05682
G1 X158.69 Y49.865 E2.1245
G1 X159.235 Y49.865 E2.15071
G1 X157.695 Y51.405 E2.25546
G1 X157.695 Y51.951 E2.28172
G1 X159.781 Y49.865 E2.42361
G1 X160.326 Y49.865 E2.44982
G1 X157.695 Y52.496 E2.62878
G1 X157.623 Y53.303 F7800
;WIDTH:0.404381
G1 F1200
G1 X157.552 Y53.284 E2.6319
G1 X157.571 Y53.355 E2.63502
G1 X157.612 Y53.344 E2.63682
;WIDTH:0.45
G1 X157.695 Y53.041 E2.65193
G1 X160.973 Y49.763 E2.8749
G1 E.8749 F2400
G92 E0
G1 X157.695 Y53.587 F7800
G1 E2 F2400
G1 F1200
G1 X172.812 Y38.47 E3.02824
G1 X173.357 Y38.47 E3.05445
G1 X157.695 Y54.132 E4.11976
G1 X157.695 Y54.678 E4.14602
G1 X173.902 Y38.47 E5.24843
G1 X174.448 Y38.47 E5.27469
G1 X157.695 Y55.223 E6.41421
G1 X157.695 Y55.768 E6.44042
G1 X174.993 Y38.47 E7.61701
G1 X175.538 Y38.47 E7.64322
G1 X157.695 Y56.314 E8.85691
G1 X157.695 Y56.859 E8.88312
G1 X176.084 Y38.47 E10.13392
G1 X176.629 Y38.47 E10.16013
G1 X157.695 Y57.404 E11.448
G1 X157.695 Y57.95 E11.47426
G1 X177.174 Y38.47 E12.79923
G1 X177.72 Y38.47 E12.82549
G1 X157.695 Y58.495 E14.18757
G1 X157.695 Y59.04 E14.21378
G1 X178.265 Y38.47 E15.61293
G1 X178.81 Y38.47 E15.63914
G1 X157.695 Y59.586 E17.07539
G1 X157.695 Y60.131 E17.1016
G1 X179.356 Y38.47 E18.57495
G1 X179.901 Y38.47 E18.60116
G1 X157.695 Y60.676 E20.11158
G1 X157.695 Y61.222 E20.13784
G1 X180.447 Y38.47 E21.6854
G1 X180.992 Y38.47 E21.71161
G1 X157.695 Y61.767 E23.29624
G1 X157.695 Y62.312 E23.32245
G1 X181.537 Y38.47 E24.94415
G1 X182.083 Y38.47 E24.97041
G1 X157.695 Y62.858 E26.62925
G1 X157.695 Y63.403 E26.65546
G1 X182.628 Y38.47 E28.35137
G1 X183.173 Y38.47 E28.37758
G1 X157.695 Y63.948 E30.11056
G1 X157.695 Y64.494 E30.13682
G1 X183.719 Y38.47 E31.90694
G1 X184.264 Y38.47 E31.93315
G1 X157.695 Y65.039 E33.74034
G1 X157.695 Y65.584 E33.76655
G1 X184.809 Y38.47 E35.61081
G1 X185.355 Y38.47 E35.63707
G1 X157.695 Y66.13 E37.51847
G1 X157.695 Y66.675 E37.54468
G1 X185.9 Y38.47 E39.46315
G1 X186.445 Y38.47 E39.48936
G1 X157.695 Y67.221 E41.44493
G1 X157.695 Y67.766 E41.47114
G1 X186.991 Y38.47 E43.46382
G1 X187.536 Y38.47 E43.49003
G1 X157.695 Y68.311 E45.51978
G1 X157.695 Y68.857 E45.54604
G1 X188.081 Y38.47 E47.61289
G1 X188.627 Y38.47 E47.63915
G1 X157.695 Y69.402 E49.74311
G1 X157.695 Y69.947 E49.76932
G1 X189.172 Y38.47 E51.91035
G1 X189.717 Y38.47 E51.93656
G1 X157.695 Y70.493 E54.11469
G1 X157.695 Y71.038 E54.1409
G1 X190.263 Y38.47 E56.35613
G1 X190.808 Y38.47 E56.38234
G1 X157.695 Y71.583 E58.63465
G1 X157.695 Y72.129 E58.66091
G1 X191.353 Y38.47 E60.95032
G1 X191.899 Y38.47 E60.97658
G1 X157.695 Y72.674 E63.30309
G1 X157.695 Y73.219 E63.3293
G1 X192.444 Y38.47 E65.69288
G1 X192.99 Y38.47 E65.71914
G1 X157.695 Y73.765 E68.11986
G1 X157.695 Y74.31 E68.14607
G1 X193.535 Y38.47 E70.58386
G1 X194.08 Y38.47 E70.61007
G1 X157.695 Y74.855 E73.08493
G1 X157.695 Y75.401 E73.11119
G1 X194.626 Y38.47 E75.62319
G1 X195.171 Y38.47 E75.6494
G1 X157.695 Y75.946 E78.19847
G1 X157.695 Y76.491 E78.22468
G1 X195.716 Y38.47 E80.81082
G1 X196.262 Y38.47 E80.83708
G1 X157.695 Y77.037 E83.46036
G1 X157.695 Y77.582 E83.48657
G1 X196.807 Y38.47 E86.14692
G1 X197.352 Y38.47 E86.17313
G1 X157.695 Y78.127 E88.87055
G1 X157.695 Y78.673 E88.89681
G1 X197.898 Y38.47 E91.63137
G1 X198.443 Y38.47 E91.65758
G1 X157.695 Y79.218 E94.42921
G1 X157.695 Y79.764 E94.45547
G1 X198.988 Y38.47 E97.2642
G1 X199.534 Y38.47 E97.29046
G1 X157.695 Y80.309 E100.1363
G1 X157.695 Y80.854 E100.16251
G1 X200.079 Y38.47 E103.04542
G1 X200.624 Y38.47 E103.07163
G1 X157.695 Y81.4 E105.99164
G1 X157.695 Y81.945 E106.01785
G1 X201.17 Y38.47 E108.97497
G1 X201.715 Y38.47 E109.00118
G1 X157.695 Y82.49 E111.99537
G1 X157.695 Y83.036 E112.02163
G1 X202.26 Y38.47 E115.05292
G1 X202.806 Y38.47 E115.07918
G1 X157.695 Y83.581 E118.14757
G1 X157.695 Y84.126 E118.17378
G1 X203.351 Y38.47 E121.27924
G1 X203.896 Y38.47 E121.30545
G1 X157.695 Y84.672 E124.44802
G1 X157.695 Y85.217 E124.47423
G1 X204.442 Y38.47 E127.6539
G1 X204.987 Y38.47 E127.68011
G1 X157.695 Y85.762 E130.89685
G1 X157.695 Y86.308 E130.92311
G1 X205.533 Y38.47 E134.17699
G1 X206.078 Y38.47 E134.2032
G1 X157.695 Y86.853 E137.49415
G1 X157.695 Y87.398 E137.52036
G1 X206.623 Y38.47 E140.84838
G1 X207.169 Y38.47 E140.87464
G1 X157.695 Y87.944 E144.2398
G1 X157.695 Y88.489 E144.26601
G1 X207.714 Y38.47 E147.66824
G1 X208.259 Y38.47 E147.69445
G1 X157.695 Y89.034 E151.13375
G1 X157.695 Y89.58 E151.16001
G1 X208.805 Y38.47 E154.63645
G1 X209.35 Y38.47 E154.66266
G1 X157.695 Y90.125 E158.17617
G1 X157.695 Y90.67 E158.20238
G1 X209.895 Y38.47 E161.75296
G1 X210.441 Y38.47 E161.77922
G1 X157.695 Y91.216 E165.36694
G1 X157.695 Y91.761 E165.39315
G1 X210.986 Y38.47 E169.01794
G1 X211.531 Y38.47 E169.04415
G1 X157.695 Y92.307 E172.70604
G1 X157.695 Y92.852 E172.73225
G1 X212.077 Y38.47 E176.43125
G1 X212.622 Y38.47 E176.45746
G1 X157.695 Y93.397 E180.19353
G1 X157.695 Y93.943 E180.21979
G1 X213.167 Y38.47 E183.99296
G1 X213.713 Y38.47 E184.01922
G1 X157.695 Y94.488 E187.82949
G1 X157.695 Y95.033 E187.8557
G1 X214.258 Y38.47 E191.70305
G1 X214.803 Y38.47 E191.72926
G1 X157.695 Y95.579 E195.61371
G1 X157.695 Y96.124 E195.63992
G1 X215.349 Y38.47 E199.56147
G1 X215.894 Y38.47 E199.58768
G1 X157.695 Y96.669 E203.5463
G1 X157.695 Y97.215 E203.57256
G1 X216.439 Y38.47 E207.56829
G1 X216.985 Y38.47 E207.59455
G1 X157.695 Y97.76 E211.62738
G1 X157.695 Y98.305 E211.65359
G1 X217.53 Y38.47 E215.72349
G1 X218.075 Y38.47 E215.7497
G1 X157.695 Y98.851 E219.85671
G1 X157.695 Y99.396 E219.88292
G1 X218.621 Y38.47 E224.02703
G1 X219.166 Y38.47 E224.05324
G1 X157.695 Y99.941 E228.23442
G1 X157.695 Y100.487 E228.26068
G1 X219.712 Y38.47 E232.479
G1 X220.257 Y38.47 E232.50521
G1 X157.695 Y101.032 E236.7606
G1 X157.695 Y101.577 E236.78681
G1 X220.802 Y38.47 E241.07927
G1 X221.348 Y38.47 E241.10553
G1 X157.695 Y102.123 E245.43513
G1 X157.695 Y102.668 E245.46134
G1 X221.893 Y38.47 E249.82801
G1 E247.82801 F2400
G92 E0
G1 X219.086 Y41.621 F7800
G1 E2 F2400
;WIDTH:0.442603
G1 F1200
G1 X209.014 Y51.889 E2.67851
;WIDTH:0.45
G1 X157.695 Y103.213 E6.16933
G1 X157.695 Y103.759 E6.19559
G1 X195.184 Y66.264 E8.74575
;WIDTH:0.442603
G1 X205.256 Y55.996 E9.42426
G1 E7.42426 F2400
G92 E0
G1 X191.427 Y70.371 F7800
G1 E2 F2400
G1 F1200
G1 X181.355 Y80.639 E2.67851
;WIDTH:0.45
G1 X157.695 Y104.304 E4.288
G1 X157.695 Y104.85 E4.31426
G1 X167.525 Y95.014 E4.98309
;WIDTH:0.442603
G1 X177.597 Y84.746 E5.6616
G1 E3.6616 F2400
G92 E0
G1 X163.768 Y99.12 F7800
G1 E2 F2400
;WIDTH:0.404381
G1 F1200
G1 X157.789 Y105.216 E2.3621
G1 X157.67 Y105.288 E2.368
G1 E.368 F2400
G92 E0
G1 X133.062 Y170.955 F7800
G1 E2 F2400
;TYPE:Perimeter
;WIDTH:0.45
G1 X133.043 Y170.977 E2.0014
G1 X132.932 Y171.517 E2.02792
;WIDTH:0.464919
G1 X133.016 Y171.812 E2.04324
G1 X132.453 Y171.812 E2.07137
G1 X132.537 Y171.517 E2.08669
;WIDTH:0.45
G1 X132.426 Y170.977 E2.11321
G1 X132.185 Y170.686 E2.13138
G1 X131.922 Y170.533 E2.14601
G1 X131.576 Y170.469 E2.16293
G1 X113.056 Y170.469 E3.05368
G1 X113.056 Y99.225 E6.48027
G1 X126.705 Y99.225 E7.13674
G1 X128.794 Y99.957 E7.2432
G1 X132.735 Y100.405 E7.43397
G1 X136.675 Y99.957 E7.62469
G1 X138.764 Y99.225 E7.73115
G1 X152.413 Y99.225 E8.38762
G1 X152.413 Y170.469 E11.81421
G1 X133.893 Y170.469 E12.70496
G1 X133.613 Y170.511 E12.71858
G1 X133.284 Y170.686 E12.7365
G1 X133.1 Y170.909 E12.75041
G1 X133.399 Y171.144 F7800
G1 F2400
G1 X133.383 Y171.16 E12.7515
G1 X133.316 Y171.484 E12.76741
G1 X133.397 Y171.731 E12.77991
G1 X133.681 Y172.205 E12.80649
G1 X131.788 Y172.205 E12.89754
G1 X132.072 Y171.731 E12.92412
G1 X132.148 Y171.521 E12.93486
G1 X132.086 Y171.16 E12.95248
G1 X131.844 Y170.92 E12.96887
G1 X131.576 Y170.855 E12.98213
G1 X112.67 Y170.855 E13.89144
G1 X112.67 Y98.84 E17.35511
G1 X126.771 Y98.84 E18.03332
G1 X128.881 Y99.579 E18.14085
G1 X132.735 Y100.017 E18.32741
G1 X136.588 Y99.579 E18.51392
G1 X138.698 Y98.84 E18.62145
G1 X152.799 Y98.84 E19.29966
G1 X152.799 Y170.855 E22.76333
G1 X133.893 Y170.855 E23.67264
G1 X133.625 Y170.92 E23.6859
G1 X133.442 Y171.101 E23.69828
G1 X133.743 Y171.35 F7800
;TYPE:External perimeter
G1 F1500
G1 X133.701 Y171.45 E23.7035
G1 X133.727 Y171.532 E23.70764
G1 X134.362 Y172.59 E23.76699
G1 X131.107 Y172.59 E23.92354
G1 X131.778 Y171.472 E23.98625
G1 X131.698 Y171.284 E23.99608
G1 X131.576 Y171.24 E24.00232
G1 X112.285 Y171.24 E24.93015
G1 X112.285 Y98.549 E28.42633
;TYPE:Overhang perimeter
;WIDTH:0.4
;HEIGHT:0.4
M106 S255
G1 X112.285 Y98.454 E28.43129
G1 X126.836 Y98.454 E29.19151
G1 X127.106 Y98.549 E29.20646
M107
;TYPE:External perimeter
;WIDTH:0.45
;HEIGHT:0.3
G1 X128.968 Y99.201 E29.30135
G1 X132.735 Y99.629 E29.4837
G1 X136.502 Y99.201 E29.66605
G1 X138.363 Y98.549 E29.76089
;TYPE:Overhang perimeter
;WIDTH:0.4
;HEIGHT:0.4
M106 S255
G1 X138.633 Y98.454 E29.77584
G1 X153.185 Y98.454 E30.53611
G1 X153.185 Y98.549 E30.54107
M107
;TYPE:External perimeter
;WIDTH:0.45
;HEIGHT:0.3
G1 X153.185 Y171.24 E34.03725
G1 X133.893 Y171.24 E34.96513
G1 X133.771 Y171.284 E34.97137
G1 X133.766 Y171.295 E34.97195
G1 X133.83 Y171.69 F7800
G1 E32.97195 F2400
G92 E0
G1 X135.648 Y170.182 F7800
G1 E2 F2400
;TYPE:Internal infill
;WIDTH:0.45
G1 F4800
G1 X113.345 Y147.88 E3.51699
G1 E1.51699 F2400
G92 E0
G1 X113.345 Y150.811 F7800
G1 E2 F2400
G1 F4800
G1 X113.345 Y148.497 E2.1113
G1 X126.17 Y100.635 E4.49451
G1 X126.392 Y100.635 E4.50519
G1 X113.345 Y104.131 E5.15484
G1 X113.345 Y104.252 E5.16066
G1 X152.124 Y143.031 E7.79836
G1 X152.124 Y141.647 E7.86493
G1 X113.345 Y152.037 E9.79585
G1 X113.345 Y154.351 E9.90715
G1 E7.90715 F2400
G92 E0
G1 X113.345 Y141.739 F7800
G1 E2 F2400
G1 F4800
G1 X113.345 Y144.053 E2.1113
G1 X152.124 Y133.662 E4.04223
G1 X152.124 Y132.124 E4.1162
G1 X120.635 Y100.635 E6.25805
G1 X118.185 Y100.635 E6.37589
G1 X113.345 Y118.699 E7.27535
G1 X113.345 Y120.1 E7.34273
G1 X152.124 Y109.709 E9.27366
G1 X152.124 Y110.31 E9.30257
G1 X142.449 Y100.635 E9.96065
G1 X142.139 Y100.635 E9.97556
G1 X123.504 Y170.181 E13.43848
G1 X124.74 Y170.182 E13.49793
G1 X113.345 Y158.787 E14.273
G1 X113.345 Y160.022 E14.3324
G1 X152.124 Y149.631 E16.26333
G1 X152.124 Y152.764 E16.41402
G1 X147.457 Y170.181 E17.28127
G1 X146.553 Y170.181 E17.32475
G1 X113.345 Y136.973 E19.58352
G1 X113.345 Y136.069 E19.627
G1 X152.124 Y125.678 E21.55793
G1 X152.124 Y127.991 E21.66918
G1 E19.66918 F2400
G92 E0
G1 X152.124 Y115.38 F7800
G1 E2 F2400
G1 F4800
G1 X152.124 Y117.693 E2.11125
G1 X113.345 Y128.084 E4.04218
G1 X113.345 Y126.066 E4.13924
G1 X152.124 Y164.845 E6.77694
G1 X152.124 Y165.6 E6.81325
G1 X135.022 Y170.182 E7.66481
G1 X133.803 Y170.183 E7.72344
G1 X133.53 Y170.233 E7.73679
G1 X133.097 Y170.464 E7.76039
G1 X132.848 Y170.765 E7.77918
G1 X132.662 Y170.815 E7.78844
G1 X132.372 Y170.464 E7.81034
G1 X132.157 Y170.322 E7.82273
G1 X131.939 Y170.233 E7.83406
G1 X131.488 Y170.183 E7.85588
G1 X150.123 Y100.635 E11.3189
G1 X152.124 Y100.635 E11.41514
G1 X152.124 Y101.724 E11.46752
G1 X113.345 Y112.115 E13.39845
G1 X113.345 Y115.159 E13.54486
G1 X152.124 Y153.938 E16.18256
G1 E14.18256 F2400
G92 E0
G1 X152.124 Y159.929 F7800
G1 E2 F2400
G1 F4800
G1 X152.124 Y157.616 E2.11125
G1 X113.345 Y168.006 E4.04217
G1 X113.345 Y169.694 E4.12336
G1 X113.831 Y170.18 E4.15642
G1 X115.519 Y170.18 E4.23761
G1 X134.064 Y100.971 E7.68376
G1 X132.768 Y101.115 E7.74648
G1 X131.94 Y101.033 E7.7865
G1 X152.124 Y121.217 E9.15939
G1 X152.124 Y122.965 E9.24346
G1 X139.472 Y170.182 E11.59455
G1 X141.786 Y170.181 E11.70585
G1 E9.70585 F2400
G92 E0
G1 X126.464 Y99.514 F7800
G1 E2 F2400
;TYPE:Solid infill
;WIDTH:0.45
G1 F1200
G1 X113.345 Y99.514 E2.63098
G1 X113.345 Y100.249 E2.66633
G1 X126.593 Y100.249 E3.30351
;WIDTH:0.475429
G1 X128.659 Y100.23 E3.40943
G1 X126.657 Y99.514 E3.51844
;WIDTH:0.45
G1 X126.593 Y99.882 E3.53641
;WIDTH:0.413355
G1 X113.712 Y99.882 E4.09707
G1 E2.09707 F2400
G92 E0
G1 X128.679 Y100.233 F7800
G1 E2 F2400
;WIDTH:0.483499
G1 F1200
G1 X128.814 Y100.265 E2.00725
;WIDTH:0.492333
G1 X132.724 Y100.711 E2.21731
G1 X136.548 Y100.282 E2.4227
;WIDTH:0.491283
G1 X136.797 Y100.234 E2.4362
G1 X138.63 Y99.58 F7800
;WIDTH:0.480126
G1 F1200
G1 X136.785 Y100.238 E2.53777
G1 X138.876 Y100.253 E2.6462
;WIDTH:0.45
G1 X152.124 Y100.249 E3.28338
G1 X152.124 Y99.514 E3.31873
G1 X138.812 Y99.514 E3.95899
G1 X138.876 Y99.884 E3.97705
;WIDTH:0.417347
G1 X151.757 Y99.882 E4.54412
G1 E2.54412 F2400
G92 E0
G1 X114.486 Y61.936 F7800
G1 E2 F2400
;TYPE:Perimeter
;WIDTH:0.610955
G1 F1200
G1 X115.033 Y61.936 E2.03729
G1 X115.033 Y80.458 E3.29997
G1 X114.486 Y80.458 E3.33726
G1 X114.486 Y61.996 E4.59585
G1 X114.02 Y61.47 F7800
;WIDTH:0.45
G1 F2400
G1 X115.499 Y61.47 E4.66698
G1 X115.499 Y80.924 E5.60265
G1 X114.02 Y80.924 E5.67378
G1 X114.02 Y61.53 E6.60656
G1 X113.635 Y61.085 F7800
;TYPE:External perimeter
G1 F1500
G1 X115.885 Y61.085 E6.71478
G1 X115.885 Y81.31 E7.68753
G1 X113.635 Y81.31 E7.79575
G1 X113.635 Y61.145 E8.76562
G1 X114.03 Y61.085 F7800
G1 X112.253 Y61.053
;WIDTH:0.386358
G1 F1500
G1 X112.468 Y61.053 E8.77425
;TYPE:Overhang perimeter
;WIDTH:0.4
;HEIGHT:0.4
M106 S255
G1 X112.575 Y61.053 E8.77984
G1 X112.575 Y81.342 E9.83984
G1 X112.468 Y81.342 E9.84543
M107
;TYPE:External perimeter
;WIDTH:0.386358
;HEIGHT:0.3
G1 X112.253 Y81.342 E9.85406
G1 X112.253 Y61.113 E10.66643
G1 X112.652 Y61.135 F7800
G1 E8.66643 F2400
G92 E0
G1 X114.486 Y56.783 F7800
G1 E2 F2400
;TYPE:Perimeter
;WIDTH:0.610955
G1 F1200
G1 X114.486 Y38.261 E3.26268
G1 X115.033 Y38.261 E3.29997
G1 X115.033 Y56.783 E4.56265
G1 X114.546 Y56.783 E4.59585
G1 X114.02 Y57.249 F7800
;WIDTH:0.45
G1 F2400
G1 X114.02 Y37.795 E5.53152
G1 X115.499 Y37.795 E5.60265
G1 X115.499 Y57.249 E6.53832
G1 X114.08 Y57.249 E6.60657
G1 X113.635 Y57.635 F7800
;TYPE:External perimeter
G1 F1500
G1 X113.635 Y37.41 E7.57932
G1 X115.885 Y37.41 E7.68754
G1 X115.885 Y57.635 E8.66029
G1 X113.695 Y57.635 E8.76562
G1 X113.635 Y57.239 F7800
G1 X112.253 Y57.667
;WIDTH:0.386358
G1 F1500
G1 X112.253 Y37.378 E9.5804
G1 X112.468 Y37.378 E9.58903
;TYPE:Overhang perimeter
;WIDTH:0.4
;HEIGHT:0.4
M106 S255
G1 X112.575 Y37.378 E9.59462
G1 X112.575 Y57.667 E10.65462
G1 X112.468 Y57.667 E10.66021
M107
;TYPE:External perimeter
;WIDTH:0.386358
;HEIGHT:0.3
G1 X112.313 Y57.667 E10.66643
G1 X112.253 Y57.271 F7800
G1 E8.66643 F2400
G92 E0
G1 X54.635 Y127.114 F7800
G1 E2 F2400
;TYPE:Perimeter
;WIDTH:0.45
G1 X54.667 Y127.089 E2.00195
G1 X54.859 Y126.78 E2.01945
G1 X54.923 Y126.435 E2.03633
G1 X54.923 Y49.843 E5.72014
G1 X54.825 Y49.475 E5.73846
G1 X54.593 Y49.171 E5.75685
G1 X54.308 Y48.999 E5.77286
G1 X53.959 Y48.933 E5.78994
G1 X27.356 Y48.933 E7.06945
G1 X27.356 Y38.181 E7.58658
G1 X108.063 Y38.181 E11.46831
G1 X108.063 Y48.933 E11.98544
G1 X81.365 Y48.933 E13.26952
G1 X81.008 Y49.047 E13.28754
G1 X80.753 Y49.243 E13.30301
G1 X80.561 Y49.552 E13.32051
G1 X80.497 Y49.898 E13.33743
G1 X80.497 Y126.489 E17.02119
G1 X80.595 Y126.857 E17.03951
G1 X80.827 Y127.161 E17.0579
G1 X81.112 Y127.333 E17.07391
G1 X81.461 Y127.399 E17.09099
G1 X108.063 Y127.399 E18.37045
G1 X108.063 Y138.151 E18.88758
G1 X27.356 Y138.151 E22.76931
G1 X27.356 Y127.399 E23.28644
G1 X54.055 Y127.399 E24.57057
G1 X54.412 Y127.286 E24.58858
G1 X54.587 Y127.151 E24.59921
G1 X54.356 Y126.831 F7800
G1 F2400
G1 X54.479 Y126.688 E24.60828
G1 X54.537 Y126.435 E24.62076
G1 X54.537 Y49.833 E28.30505
G1 X54.421 Y49.55 E28.31976
G1 X54.231 Y49.387 E28.3318
G1 X53.959 Y49.319 E28.34528
G1 X26.97 Y49.319 E29.64336
G1 X26.97 Y37.795 E30.19762
G1 X108.449 Y37.795 E34.11648
G1 X108.449 Y49.319 E34.67074
G1 X81.401 Y49.319 E35.97165
G1 X81.132 Y49.422 E35.9855
G1 X80.941 Y49.644 E35.99959
G1 X80.883 Y49.898 E36.01212
G1 X80.883 Y126.499 E39.69636
G1 X80.999 Y126.782 E39.71107
G1 X81.189 Y126.945 E39.72311
G1 X81.461 Y127.013 E39.73659
G1 X108.449 Y127.013 E41.03462
G1 X108.449 Y138.537 E41.58888
G1 X26.97 Y138.537 E45.50774
G1 X26.97 Y127.013 E46.062
G1 X54.019 Y127.013 E47.36296
G1 X54.288 Y126.91 E47.37681
G1 X54.317 Y126.877 E47.37892
G1 X54.093 Y126.563 F7800
;TYPE:External perimeter
G1 F1500
G1 X54.152 Y126.435 E47.3857
G1 X54.152 Y49.898 E51.06686
G1 X54.1 Y49.767 E51.07364
G1 X53.959 Y49.705 E51.08105
G1 X26.585 Y49.705 E52.39764
G1 X26.585 Y37.41 E52.98899
G1 X108.835 Y37.41 E56.94493
G1 X108.835 Y49.705 E57.53628
G1 X81.461 Y49.705 E58.85287
G1 X81.335 Y49.752 E58.85934
G1 X81.269 Y49.898 E58.86705
G1 X81.269 Y126.435 E62.54821
G1 X81.32 Y126.566 E62.55497
G1 X81.461 Y126.628 E62.56238
G1 X108.835 Y126.628 E63.87897
G1 X108.835 Y138.923 E64.47032
G1 X26.585 Y138.923 E68.42626
G1 X26.585 Y126.628 E69.01761
G1 X53.959 Y126.628 E70.3342
G1 X54.047 Y126.594 E70.33874
G1 X54.144 Y126.206 F7800
G1 E68.33874 F2400
G92 E0
G1 X51.843 Y134.265 F7800
G1 E2 F2400
;TYPE:Internal infill
;WIDTH:0.45
G1 F4800
G1 X51.843 Y136.579 E2.1113
G1 X47.054 Y137.862 E2.34976
G1 X44.335 Y137.862 E2.48053
G1 X47.061 Y127.688 E2.98713
G1 X49.525 Y127.688 E3.10564
G1 X51.843 Y130.006 E3.26331
G1 X51.843 Y128.595 E3.33117
G1 X27.645 Y135.078 E4.53606
G1 X27.645 Y137.862 E4.66996
G1 X28.366 Y137.862 E4.70464
G1 X31.092 Y127.688 E5.21124
G1 X27.712 Y127.688 E5.37381
G1 X37.886 Y137.862 E6.06583
G1 X36.35 Y137.862 E6.13971
G1 X39.076 Y127.688 E6.64631
G1 X38.619 Y127.688 E6.66829
G1 X48.793 Y137.862 E7.36031
G1 X51.106 Y137.862 E7.47156
G1 E5.47156 F2400
G92 E0
G1 X57.765 Y138.038 F7800
G1 E2 F2400
;TYPE:Top solid infill
;WIDTH:0.406152
G1 F900
G1 X58.349 Y137.454 E2.03521
G1 X58.349 Y136.971 E2.0558
G1 X57.433 Y137.887 E2.11102
G1 X56.95 Y137.887 E2.13161
G1 X58.349 Y136.488 E2.21595
G1 X58.349 Y136.004 E2.23658
G1 X56.466 Y137.887 E2.3501
G1 X55.983 Y137.887 E2.37069
G1 X58.349 Y135.521 E2.51332
G1 X58.349 Y135.038 E2.53391
G1 X55.5 Y137.887 E2.70566
G1 X55.016 Y137.887 E2.72629
G1 X58.349 Y134.554 E2.92722
G1 X58.349 Y134.071 E2.94781
G1 X54.533 Y137.887 E3.17786
G1 X54.05 Y137.887 E3.19845
G1 X58.349 Y133.588 E3.45761
G1 X58.349 Y133.104 E3.47824
G1 X53.566 Y137.887 E3.76658
G1 X53.083 Y137.887 E3.78717
G1 X58.349 Y132.621 E4.10463
G1 X58.349 Y132.138 E4.12522
G1 X52.6 Y137.887 E4.4718
G1 X52.204 Y137.887 E4.48868
G1 X52.204 Y137.8 E4.49239
G1 X58.349 Y131.654 E4.86287
G1 X58.349 Y131.171 E4.88346
G1 X52.204 Y137.317 E5.25394
G1 X52.204 Y136.833 E5.27457
G1 X58.349 Y130.688 E5.64502
G1 X58.349 Y130.204 E5.66565
G1 X52.204 Y136.35 E6.03613
G1 X52.204 Y135.867 E6.05672
G1 X58.349 Y129.721 E6.4272
G1 X58.349 Y129.238 E6.44779
G1 X52.204 Y135.383 E6.81824
G1 X52.204 Y134.9 E6.83883
G1 X58.349 Y128.754 E7.20931
G1 X58.349 Y128.271 E7.2299
G1 X52.204 Y134.416 E7.60035
G1 X52.204 Y133.933 E7.62094
G1 X58.349 Y127.788 E7.99139
G1 X58.349 Y127.304 E8.01202
G1 X52.204 Y133.45 E8.3825
G1 X52.204 Y132.966 E8.40313
G1 X58.349 Y126.821 E8.77358
G1 X58.349 Y126.338 E8.79417
G1 X52.204 Y132.483 E9.16462
G1 X52.204 Y132 E9.18521
G1 X58.349 Y125.854 E9.55569
G1 X58.349 Y125.371 E9.57628
G1 X52.204 Y131.516 E9.94673
G1 X52.204 Y131.033 E9.96732
G1 X58.349 Y124.887 E10.3378
G1 X58.349 Y124.404 E10.35839
G1 X52.204 Y130.55 E10.72887
G1 X52.204 Y130.066 E10.7495
G1 X58.349 Y123.921 E11.11995
G1 X58.349 Y123.437 E11.14058
G1 X55.168 Y126.618 E11.33234
G1 X55.106 Y126.875 E11.34361
G1 X55.008 Y127.073 E11.35303
G1 X54.861 Y127.269 E11.36347
G1 X54.658 Y127.445 E11.37492
G1 X54.404 Y127.58 E11.38718
G1 X54.139 Y127.648 E11.39884
G1 X52.204 Y129.583 E11.51549
G1 X52.204 Y129.1 E11.53608
G1 X53.64 Y127.663 E11.62268
G1 X53.157 Y127.663 E11.64327
G1 X52.204 Y128.616 E11.70072
G1 X52.204 Y128.133 E11.72131
G1 X52.825 Y127.512 E11.75875
G1 E9.75875 F2400
G92 E0
G1 X55.036 Y126.268 F7800
G1 E2 F2400
G1 F900
G1 X58.349 Y122.954 E2.19975
G1 X58.349 Y122.471 E2.22034
G1 X55.187 Y125.633 E2.41096
G1 X55.187 Y125.15 E2.43155
G1 X58.349 Y121.987 E2.6222
G1 X58.349 Y121.504 E2.64279
G1 X55.187 Y124.667 E2.83344
G1 X55.187 Y124.183 E2.85407
G1 X58.349 Y121.021 E3.04469
G1 X58.349 Y120.537 E3.06532
G1 X55.187 Y123.7 E3.25597
G1 X55.187 Y123.217 E3.27656
G1 X58.349 Y120.054 E3.46721
G1 X58.349 Y119.571 E3.4878
G1 X55.187 Y122.733 E3.67842
G1 X55.187 Y122.25 E3.69901
G1 X58.349 Y119.087 E3.88966
G1 X58.349 Y118.604 E3.91025
G1 X55.187 Y121.766 E4.10087
G1 X55.187 Y121.283 E4.12146
G1 X58.301 Y118.169 E4.30919
G1 X58.24 Y117.994 E4.31709
G1 X58.139 Y117.847 E4.32469
G1 X55.187 Y120.8 E4.50268
G1 X55.187 Y120.316 E4.52331
G1 X57.885 Y117.619 E4.68593
G1 X57.731 Y117.535 E4.69341
G1 X57.536 Y117.484 E4.702
G1 X55.187 Y119.833 E4.84361
G1 X55.187 Y119.35 E4.8642
G1 X57.07 Y117.467 E4.97772
G1 X56.587 Y117.467 E4.99831
G1 X55.187 Y118.866 E5.08268
G1 X55.187 Y118.383 E5.10327
G1 X56.103 Y117.467 E5.15849
G1 X55.62 Y117.467 E5.17908
G1 X55.036 Y118.051 E5.21429
G1 E3.21429 F2400
G92 E0
G1 X64.276 Y106.97 F7800
G1 E2 F2400
;TYPE:Internal infill
;WIDTH:0.45
G1 F4800
G1 X64.294 Y108.608 E2.07879
G1 X64.405 Y108.968 E2.09691
G1 X64.567 Y109.216 E2.11116
G1 X55.212 Y111.723 E2.57698
G1 X55.212 Y111.561 E2.58477
G1 X76.71 Y133.059 E4.04704
G1 X76.71 Y129.916 E4.19821
G1 X58.71 Y134.739 E5.09449
G1 X58.71 Y136.873 E5.19713
G1 X59.7 Y137.862 E5.26443
G1 X60.303 Y137.862 E5.29343
G1 X67.841 Y109.73 E6.69421
G1 X69.808 Y109.73 E6.78882
G1 X70.15 Y109.679 E6.80545
G1 X70.879 Y108.699 F7800
;TYPE:Top solid infill
;WIDTH:0.400592
G1 F900
G1 X70.488 Y109.091 E6.82867
G1 X70.264 Y109.255 E6.84031
G1 X69.973 Y109.354 E6.8532
G1 X69.734 Y109.37 E6.86324
G1 X70.77 Y108.333 E6.92471
G1 X70.77 Y107.858 E6.94463
G1 X69.258 Y109.37 E7.0343
G1 X68.783 Y109.37 E7.05422
G1 X70.77 Y107.382 E7.17209
G1 X70.77 Y106.907 E7.19201
G1 X68.307 Y109.37 E7.33808
G1 X67.832 Y109.37 E7.358
G1 X70.77 Y106.431 E7.53226
G1 X70.77 Y105.955 E7.55222
G1 X67.356 Y109.37 E7.75471
G1 X66.881 Y109.37 E7.77463
G1 X70.771 Y105.48 E8.00532
G1 X70.771 Y105.004 E8.02528
G1 X66.405 Y109.37 E8.2842
G1 X65.93 Y109.37 E8.30412
G1 X70.771 Y104.529 E8.59121
G1 X70.771 Y104.053 E8.61117
G1 X65.467 Y109.357 E8.92572
G1 X65.253 Y109.3 E8.93501
G1 X65.119 Y109.229 E8.94137
G1 X70.771 Y103.578 E9.27653
G1 X70.771 Y103.102 E9.29649
G1 X64.864 Y109.009 E9.6468
G1 X64.73 Y108.81 E9.65686
G1 X64.696 Y108.702 E9.66161
G1 X70.771 Y102.627 E10.02188
G1 X70.771 Y102.151 E10.04184
G1 X64.637 Y108.285 E10.40561
G1 X64.637 Y107.81 E10.42553
G1 X70.771 Y101.675 E10.78933
G1 X70.771 Y101.2 E10.80925
G1 X64.637 Y107.335 E11.17305
G1 X64.637 Y106.859 E11.19301
G1 X70.771 Y100.724 E11.55681
G1 X70.771 Y100.249 E11.57673
G1 X64.637 Y106.384 E11.94053
G1 X64.637 Y105.908 E11.96049
G1 X70.772 Y99.773 E12.32432
G1 X70.772 Y99.298 E12.34424
G1 X64.637 Y105.433 E12.70807
G1 X64.637 Y104.957 E12.72803
G1 X70.772 Y98.822 E13.09186
G1 X70.772 Y98.347 E13.11178
G1 X64.637 Y104.482 E13.47561
G1 X64.637 Y104.006 E13.49557
G1 X70.772 Y97.871 E13.8594
G1 X70.772 Y97.395 E13.87936
G1 X64.637 Y103.531 E14.24322
G1 X64.637 Y103.055 E14.26318
G1 X70.772 Y96.92 E14.62701
G1 X70.772 Y96.444 E14.64697
G1 X64.637 Y102.58 E15.01083
G1 X64.637 Y102.104 E15.03079
G1 X70.772 Y95.969 E15.39462
G1 X70.772 Y95.493 E15.41458
G1 X64.637 Y101.629 E15.77844
G1 X64.637 Y101.153 E15.7984
G1 X70.772 Y95.018 E16.16223
G1 X70.772 Y94.542 E16.18219
G1 X64.637 Y100.678 E16.54605
G1 X64.637 Y100.202 E16.56601
G1 X70.773 Y94.067 E16.92987
G1 X70.773 Y93.591 E16.94983
G1 X64.637 Y99.727 E17.31372
G1 X64.637 Y99.251 E17.33368
G1 X70.773 Y93.115 E17.69757
G1 X70.773 Y92.64 E17.71749
G1 X64.637 Y98.776 E18.08138
G1 X64.637 Y98.301 E18.1013
G1 X70.773 Y92.164 E18.46522
G1 X70.773 Y91.689 E18.48514
G1 X64.637 Y97.825 E18.84903
G1 X64.637 Y97.35 E18.86895
G1 X70.773 Y91.213 E19.23287
G1 X70.773 Y90.738 E19.25279
G1 X64.637 Y96.874 E19.61668
G1 X64.637 Y96.399 E19.6366
G1 X70.773 Y90.262 E20.00052
G1 X70.773 Y89.787 E20.02044
G1 X64.637 Y95.923 E20.38433
G1 X64.637 Y95.448 E20.40425
G1 X70.773 Y89.311 E20.76817
G1 X70.773 Y88.835 E20.78813
G1 X64.637 Y94.972 E21.15205
G1 X64.637 Y94.497 E21.17197
G1 X70.774 Y88.36 E21.53592
G1 X70.774 Y87.884 E21.55588
G1 X64.637 Y94.021 E21.91983
G1 X64.637 Y93.546 E21.93975
G1 X70.774 Y87.409 E22.3037
G1 X70.774 Y86.933 E22.32366
G1 X64.637 Y93.07 E22.68761
G1 X64.637 Y92.595 E22.70753
G1 X70.774 Y86.458 E23.07148
G1 X70.774 Y85.982 E23.09144
G1 X64.637 Y92.119 E23.45539
G1 X64.637 Y91.644 E23.47531
G1 X70.774 Y85.507 E23.83926
G1 X70.774 Y85.031 E23.85922
G1 X64.637 Y91.168 E24.22317
G1 X64.637 Y90.693 E24.24309
G1 X70.774 Y84.555 E24.60707
G1 X70.774 Y84.08 E24.62699
G1 X64.637 Y90.217 E24.99094
G1 X64.637 Y89.742 E25.01086
G1 X70.774 Y83.604 E25.37484
G1 X70.774 Y83.129 E25.39476
G1 X64.637 Y89.267 E25.75874
G1 X64.637 Y88.791 E25.7787
G1 X70.775 Y82.653 E26.14271
G1 X70.775 Y82.178 E26.16263
G1 X64.637 Y88.316 E26.52664
G1 X64.637 Y87.84 E26.5466
G1 X70.775 Y81.702 E26.91061
G1 X70.775 Y81.226 E26.93057
G1 X64.637 Y87.365 E27.29461
G1 X64.637 Y86.889 E27.31457
G1 X70.775 Y80.751 E27.67858
G1 X70.775 Y80.275 E27.69854
G1 X64.637 Y86.414 E28.06258
G1 X64.637 Y85.938 E28.08254
G1 X70.775 Y79.8 E28.44655
G1 X70.775 Y79.324 E28.46651
G1 X64.637 Y85.463 E28.83055
G1 X64.637 Y84.987 E28.85051
G1 X70.775 Y78.849 E29.21452
G1 X70.775 Y78.373 E29.23448
G1 X64.637 Y84.512 E29.59852
G1 X64.637 Y84.036 E29.61848
G1 X70.775 Y77.898 E29.98249
G1 X70.775 Y77.422 E30.00245
G1 X64.637 Y83.561 E30.36649
G1 X64.637 Y83.085 E30.38645
G1 X70.776 Y76.946 E30.75052
G1 X70.776 Y76.471 E30.77044
G1 X64.637 Y82.61 E31.13451
G1 X64.637 Y82.134 E31.15447
G1 X70.776 Y75.995 E31.51854
G1 X70.776 Y75.52 E31.53846
G1 X64.637 Y81.659 E31.90253
G1 X64.637 Y81.183 E31.92249
G1 X70.776 Y75.044 E32.28656
G1 X70.776 Y74.569 E32.30648
G1 X64.637 Y80.708 E32.67055
G1 X64.637 Y80.233 E32.69047
G1 X70.776 Y74.093 E33.05457
G1 X70.776 Y73.618 E33.07449
G1 X64.637 Y79.757 E33.43856
G1 X64.637 Y79.282 E33.45848
G1 X70.776 Y73.142 E33.82258
G1 X70.776 Y72.666 E33.84254
G1 X64.637 Y78.806 E34.20664
G1 X64.637 Y78.331 E34.22656
G1 X70.776 Y72.191 E34.59066
G1 X70.776 Y71.715 E34.61062
G1 X64.637 Y77.855 E34.97472
G1 X64.637 Y77.38 E34.99464
G1 X70.777 Y71.24 E35.35877
G1 X70.777 Y70.764 E35.37873
G1 X64.637 Y76.904 E35.74286
G1 X64.637 Y76.429 E35.76278
G1 X70.777 Y70.289 E36.12691
G1 X70.777 Y69.813 E36.14687
G1 X64.637 Y75.953 E36.511
G1 X64.637 Y75.478 E36.53092
G1 X70.777 Y69.338 E36.89505
G1 X70.777 Y68.862 E36.91501
G1 X64.637 Y75.002 E37.27914
G1 X64.637 Y74.527 E37.29906
G1 X70.777 Y68.386 E37.66321
G1 X70.777 Y67.911 E37.68313
G1 X64.637 Y74.051 E38.04726
G1 X64.637 Y73.576 E38.06718
G1 X70.777 Y67.435 E38.43133
G1 X70.777 Y66.96 E38.45125
G1 X64.637 Y73.1 E38.81538
G1 X64.637 Y72.625 E38.8353
G1 X70.777 Y66.484 E39.19945
G1 X70.777 Y66.009 E39.21937
G1 X64.637 Y72.149 E39.5835
G1 X64.637 Y71.674 E39.60342
G1 X70.778 Y65.533 E39.9676
G1 X70.778 Y65.058 E39.98752
G1 X64.637 Y71.198 E40.35167
G1 X64.637 Y70.723 E40.37159
G1 X70.778 Y64.582 E40.73577
G1 X70.778 Y64.106 E40.75573
G1 X64.637 Y70.248 E41.11994
G1 X64.637 Y69.772 E41.1399
G1 X70.778 Y63.631 E41.50408
G1 X70.778 Y63.155 E41.52404
G1 X64.637 Y69.297 E41.88825
G1 X64.637 Y68.821 E41.90821
G1 X70.778 Y62.68 E42.27239
G1 X70.778 Y62.204 E42.29235
G1 X64.637 Y68.346 E42.65656
G1 X64.637 Y67.87 E42.67652
G1 X70.778 Y61.729 E43.0407
G1 X70.778 Y61.253 E43.06066
G1 X64.637 Y67.395 E43.42487
G1 X64.637 Y66.919 E43.44483
G1 X70.778 Y60.778 E43.80901
G1 X70.778 Y60.302 E43.82897
G1 X64.637 Y66.444 E44.19318
G1 X64.637 Y65.968 E44.21314
G1 X70.779 Y59.826 E44.57738
G1 X70.779 Y59.351 E44.5973
G1 X64.637 Y65.493 E44.96154
G1 X64.637 Y65.017 E44.9815
G1 X70.779 Y58.875 E45.34574
G1 X70.779 Y58.4 E45.36566
G1 X64.637 Y64.542 E45.7299
G1 X64.637 Y64.066 E45.74986
G1 X70.779 Y57.924 E46.1141
G1 X70.779 Y57.449 E46.13402
G1 X64.637 Y63.591 E46.49826
G1 X64.637 Y63.115 E46.51822
G1 X70.779 Y56.973 E46.88246
G1 X70.779 Y56.497 E46.90242
G1 X64.637 Y62.64 E47.26669
G1 X64.637 Y62.164 E47.28665
G1 X70.779 Y56.022 E47.65089
G1 X70.779 Y55.546 E47.67085
G1 X64.637 Y61.689 E48.03512
G1 X64.637 Y61.214 E48.05504
G1 X70.779 Y55.071 E48.41931
G1 X70.779 Y54.595 E48.43927
G1 X64.637 Y60.738 E48.80354
G1 X64.637 Y60.263 E48.82346
G1 X70.78 Y54.12 E49.18776
G1 X70.78 Y53.644 E49.20772
G1 X64.637 Y59.787 E49.57202
G1 X64.637 Y59.312 E49.59194
G1 X70.78 Y53.169 E49.95624
G1 X70.78 Y52.693 E49.9762
G1 X64.637 Y58.836 E50.3405
G1 X64.637 Y58.361 E50.36042
G1 X70.78 Y52.217 E50.72475
G1 X70.78 Y51.742 E50.74467
G1 X64.637 Y57.885 E51.10897
G1 X64.637 Y57.41 E51.12889
G1 X70.78 Y51.266 E51.49322
G1 X70.78 Y50.791 E51.51314
G1 X64.637 Y56.934 E51.87744
G1 X64.637 Y56.459 E51.89736
G1 X70.78 Y50.315 E52.26169
G1 X70.78 Y49.84 E52.28161
G1 X64.637 Y55.983 E52.64591
G1 X64.637 Y55.508 E52.66583
G1 X70.78 Y49.364 E53.03016
G1 X70.78 Y48.889 E53.05008
G1 X64.637 Y55.032 E53.41438
G1 X64.637 Y54.557 E53.4343
G1 X70.781 Y48.413 E53.79866
G1 X70.781 Y47.937 E53.81862
G1 X64.637 Y54.081 E54.18298
G1 X64.637 Y53.606 E54.2029
G1 X70.781 Y47.462 E54.56726
G1 X70.781 Y46.986 E54.58722
G1 X64.637 Y53.13 E54.95158
G1 X64.637 Y52.655 E54.9715
G1 X70.781 Y46.511 E55.33586
G1 X70.781 Y46.035 E55.35582
G1 X64.637 Y52.18 E55.72021
G1 X64.637 Y51.704 E55.74017
G1 X70.781 Y45.56 E56.10453
G1 X70.781 Y45.084 E56.12449
G1 X64.637 Y51.229 E56.48888
G1 X64.637 Y50.753 E56.50884
G1 X70.781 Y44.609 E56.8732
G1 X70.781 Y44.133 E56.89316
G1 X64.637 Y50.278 E57.25755
G1 X64.637 Y49.802 E57.27751
G1 X70.781 Y43.657 E57.6419
G1 X70.781 Y43.182 E57.66182
G1 X64.637 Y49.327 E58.02621
G1 X64.637 Y48.851 E58.04617
G1 X70.782 Y42.706 E58.41059
G1 X70.782 Y42.231 E58.43051
G1 X64.637 Y48.376 E58.79493
G1 X64.637 Y47.9 E58.81489
G1 X70.782 Y41.755 E59.17931
G1 X70.782 Y41.28 E59.19923
G1 X64.637 Y47.425 E59.56365
G1 X64.637 Y46.949 E59.58361
G1 X70.782 Y40.804 E59.94803
G1 X70.782 Y40.329 E59.96795
G1 X64.637 Y46.474 E60.33237
G1 X64.637 Y45.998 E60.35233
G1 X70.782 Y39.853 E60.71675
G1 X70.782 Y39.377 E60.73671
G1 X64.637 Y45.523 E61.10116
G1 X64.637 Y45.047 E61.12112
G1 X70.782 Y38.902 E61.48554
G1 X70.782 Y38.445 E61.5047
G1 X70.763 Y38.445 E61.5055
G1 X64.637 Y44.572 E61.86882
G1 X64.637 Y44.096 E61.88878
G1 X70.288 Y38.445 E62.22391
G1 X69.813 Y38.445 E62.24383
G1 X64.637 Y43.621 E62.55079
G1 X64.637 Y43.146 E62.57071
G1 X69.337 Y38.445 E62.84947
G1 X68.862 Y38.445 E62.86939
G1 X64.637 Y42.67 E63.11995
G1 X64.637 Y42.195 E63.13987
G1 X68.386 Y38.445 E63.36223
G1 X67.911 Y38.445 E63.38215
G1 X64.637 Y41.719 E63.57631
G1 X64.637 Y41.244 E63.59623
G1 X67.435 Y38.445 E63.76219
G1 X66.96 Y38.445 E63.78211
G1 X64.637 Y40.768 E63.91987
G1 X64.637 Y40.293 E63.93979
G1 X66.484 Y38.445 E64.04935
G1 X66.009 Y38.445 E64.06927
G1 X64.637 Y39.817 E64.15063
G1 X64.637 Y39.342 E64.17055
G1 X65.533 Y38.445 E64.22372
G1 X65.058 Y38.445 E64.24364
G1 X64.486 Y39.017 E64.27756
G1 E62.27756 F2400
G92 E0
G1 X56.156 Y38.47 F7800
G1 E2 F2400
;TYPE:Internal infill
;WIDTH:0.45
G1 F4800
G1 X58.47 Y38.47 E2.1113
G1 X64.276 Y44.276 E2.50622
G1 X64.276 Y45.419 E2.56119
G1 X52.238 Y48.644 E3.16059
G1 X54.998 Y38.47 E3.66761
G1 X52.684 Y38.47 E3.77891
G1 E1.77891 F2400
G92 E0
G1 X51.856 Y45.511 F7800
G1 E2 F2400
G1 F4800
G1 X52.164 Y45.351 E2.01669
G1 X52.551 Y44.922 E2.04448
G1 X52.785 Y44.254 E2.07852
G1 X52.789 Y43.974 E2.09199
G1 X52.688 Y43.595 E2.11085
G1 X64.276 Y55.183 E2.89905
G1 X64.276 Y53.403 E2.98466
G1 X55.212 Y55.832 E3.43599
G1 X55.212 Y57.026 E3.49342
G1 X64.276 Y66.09 E4.10994
G1 X64.276 Y69.372 E4.26779
G1 X55.212 Y71.801 E4.71912
G1 X55.212 Y74.114 E4.83037
G1 E2.83037 F2400
G92 E0
G1 X55.212 Y61.503 F7800
G1 E2 F2400
G1 F4800
G1 X55.212 Y63.816 E2.11125
G1 X64.276 Y61.388 E2.56257
G1 X64.276 Y63.439 E2.66122
G1 X55.212 Y97.267 E4.34562
G1 X55.212 Y99.581 E4.45692
G1 E2.45692 F2400
G92 E0
G1 X55.212 Y93.44 F7800
G1 E2 F2400
G1 F4800
G1 X55.212 Y95.754 E2.1113
G1 X64.276 Y93.325 E2.56263
G1 X64.276 Y93.238 E2.56681
G1 X57.856 Y117.197 E3.75981
G1 X58.288 Y117.469 E3.78436
G1 X58.561 Y117.829 E3.80609
G1 X58.687 Y118.199 E3.82489
G1 X58.71 Y118.77 E3.85238
G1 X80.208 Y113.01 E4.92283
G1 X80.208 Y114.743 E5.00618
G1 X71.131 Y105.666 E5.62359
G1 X71.131 Y107.458 E5.70978
G1 X80.208 Y105.025 E6.16176
G1 X80.208 Y103.836 E6.21895
G1 X71.133 Y94.761 E6.83622
G1 X71.134 Y91.488 E6.99364
G1 X80.208 Y89.056 E7.44547
G1 X80.208 Y86.743 E7.55672
G1 E5.55672 F2400
G92 E0
G1 X80.208 Y99.355 F7800
G1 E2 F2400
G1 F4800
G1 X80.208 Y97.041 E2.1113
G1 X71.132 Y99.473 E2.56322
G1 X71.133 Y97.447 E2.66066
G1 X80.208 Y63.577 E4.34715
G1 X80.208 Y61.263 E4.45845
G1 E2.45845 F2400
G92 E0
G1 X80.208 Y67.417 F7800
G1 E2 F2400
G1 F4800
G1 X80.208 Y65.103 E2.1113
G1 X71.138 Y67.533 E2.56292
G1 X71.138 Y67.629 E2.56754
G1 X78.951 Y38.47 E4.01946
G1 X80.284 Y38.47 E4.08357
G1 X84.277 Y42.463 E4.35517
G1 X84.25 Y42.126 E4.37143
G1 X84.382 Y41.57 E4.39891
G1 X84.598 Y41.229 E4.41832
G1 X84.831 Y40.99 E4.43437
G1 X85.233 Y40.761 E4.45662
G1 X85.559 Y40.662 E4.47301
G1 X86.355 Y40.637 E4.51131
G1 X86.935 Y38.47 E4.6192
G1 X84.622 Y38.47 E4.73045
G1 E2.73045 F2400
G92 E0
G1 X85.6 Y44.188 F7800
G1 E2 F2400
G1 F4800
G1 X85.599 Y43.785 E2.01938
G1 X85.523 Y43.74 E2.02363
G1 X84.209 Y48.644 E2.26782
G1 X86.523 Y48.644 E2.37912
G1 E.37912 F2400
G92 E0
G1 X85.941 Y45.882 F7800
G1 E2 F2400
G1 F4800
G1 X86.185 Y46.129 E2.0167
G1 X86.466 Y46.296 E2.03242
G1 X86.956 Y46.461 E2.05729
G1 X87.4 Y46.459 E2.07865
G1 X88.027 Y46.213 E2.11104
G1 X90.458 Y48.644 E2.27639
G1 X92.194 Y48.644 E2.35989
G1 X92.776 Y46.472 E2.46804
G1 X92.303 Y46.362 E2.4914
G1 X91.765 Y46.478 E2.51787
G1 X90.119 Y46.478 E2.59704
G1 X82.036 Y48.644 E2.99952
G1 X81.244 Y48.663 E3.03762
G1 X81.006 Y48.729 E3.0495
G1 X80.689 Y48.918 E3.06725
G1 E1.06725 F2400
G92 E0
G1 X96.566 Y46.478 F7800
G1 E2 F2400
G1 F4800
G1 X97.965 Y46.453 E2.0673
G1 X98.545 Y46.229 E2.0972
G1 X98.779 Y46.058 E2.11114
G1 X101.365 Y48.644 E2.28704
G1 X100.178 Y48.644 E2.34413
G1 X100.798 Y46.331 E2.4593
G1 X100.997 Y46.218 E2.47031
G1 X101.353 Y45.879 E2.49395
G1 X101.702 Y46.206 E2.51695
G1 X102.093 Y46.386 E2.53765
G1 X102.575 Y46.478 E2.56125
G1 X104.217 Y46.478 E2.64022
G1 X104.908 Y46.291 E2.67465
G1 X105.297 Y46.023 E2.69737
G1 X105.576 Y45.622 E2.72087
G1 X105.749 Y45.122 E2.74632
G1 X105.749 Y44.697 E2.76676
G1 X105.601 Y44.246 E2.78959
G1 X105.354 Y43.854 E2.81187
G1 X104.955 Y43.567 E2.83551
G1 X104.955 Y42.503 E2.88668
G1 X107.774 Y41.748 E3.02704
G1 X107.774 Y44.146 E3.14238
G1 X102.098 Y38.47 E3.52845
G1 X102.904 Y38.47 E3.56722
G1 X102.268 Y40.845 E3.68547
G1 X101.83 Y40.678 E3.70802
G1 X101.483 Y40.637 E3.72483
G1 X101.19 Y40.672 E3.73902
G1 X100.576 Y40.937 E3.77118
G1 X100.215 Y41.314 E3.79628
G1 E1.79628 F2400
G92 E0
G1 X97.234 Y38.47 F7800
G1 E2 F2400
G1 F4800
G1 X94.92 Y38.47 E2.1113
G1 X94.339 Y40.637 E2.21921
G1 X93.358 Y40.637 E2.26639
G1 X91.191 Y38.47 E2.41379
G1 X90.208 Y38.47 E2.46107
G1 X71.142 Y43.579 E3.41043
G1 X71.143 Y40.236 E3.57122
G1 X80.312 Y49.405 E4.19488
G1 X80.543 Y49.044 E4.21549
G1 X71.141 Y51.564 E4.68366
G1 X71.141 Y51.141 E4.704
G1 X80.208 Y60.208 E5.32073
G1 X80.208 Y57.119 E5.4693
G1 X71.139 Y59.549 E5.92087
G1 X71.139 Y62.046 E6.04097
G1 X80.208 Y71.115 E6.65783
G1 X80.208 Y73.087 E6.75268
G1 X71.136 Y75.518 E7.20441
G1 X71.137 Y72.951 E7.32787
G1 X80.208 Y82.022 E7.94487
G1 X80.208 Y81.072 E7.99056
G1 X71.135 Y83.503 E8.44233
G1 X71.135 Y83.856 E8.45931
G1 X80.208 Y92.929 E9.07644
G1 X80.208 Y93.376 E9.09794
G1 X68.288 Y137.862 E11.31304
G1 X70.607 Y137.862 E11.42458
G1 X58.71 Y125.966 E12.23377
G1 X58.71 Y126.755 E12.27172
G1 X76.71 Y121.931 E13.16801
G1 X76.71 Y122.152 E13.17864
G1 X55.212 Y100.654 E14.64091
G1 X55.212 Y103.739 E14.78929
G1 X64.276 Y101.31 E15.24062
G1 X64.276 Y98.811 E15.36081
G1 X55.212 Y89.747 E15.97733
G1 X55.212 Y87.77 E16.07242
G1 X64.276 Y85.341 E16.52375
G1 X64.276 Y87.904 E16.64702
G1 X55.212 Y78.84 E17.26354
G1 X55.212 Y79.785 E17.30899
G1 X64.276 Y77.356 E17.76032
G1 X64.276 Y76.997 E17.77759
G1 X55.212 Y67.933 E18.39411
G1 X55.212 Y67.469 E18.41643
G1 X62.982 Y38.47 E19.86038
G1 X60.41 Y38.47 E19.98408
G1 X51.292 Y40.913 E20.43809
G1 X50.967 Y40.739 E20.45582
G1 X50.627 Y40.654 E20.47268
G1 X50.202 Y40.654 E20.49312
G1 X49.85 Y40.757 E20.51076
G1 X47.563 Y38.47 E20.66632
G1 X47.013 Y38.47 E20.69277
G1 X46.433 Y40.637 E20.80066
G1 X45.254 Y40.638 E20.85737
G1 X44.738 Y40.754 E20.88281
G1 X44.151 Y40.637 E20.9116
G1 E18.9116 F2400
G92 E0
G1 X41.342 Y38.47 F7800
G1 E2 F2400
G1 F4800
G1 X39.029 Y38.47 E2.11125
G1 X38.401 Y40.813 E2.22792
G1 X38.521 Y40.883 E2.2346
G1 X38.896 Y40.71 E2.25446
G1 X36.656 Y38.47 E2.40682
G1 X34.343 Y38.47 E2.51807
G1 E.51807 F2400
G92 E0
G1 X32.598 Y41.037 F7800
G1 E2 F2400
G1 F4800
G1 X32.4 Y41.164 E2.01131
G1 X32.084 Y40.902 E2.03105
G1 X31.723 Y40.732 E2.05024
G1 X31.224 Y40.637 E2.07467
G1 X30.464 Y40.637 E2.11122
G1 X31.044 Y38.47 E2.21911
G1 X30.611 Y38.47 E2.23994
G1 X27.645 Y39.265 E2.38763
G1 X27.645 Y40.366 E2.44058
G1 X28.434 Y41.155 E2.49425
G1 X27.95 Y41.638 E2.52714
G1 X27.645 Y42.112 E2.55425
G1 X27.645 Y41.048 E2.60542
G1 E.60542 F2400
G92 E0
G1 X27.645 Y45.472 F7800
G1 E2 F2400
G1 F4800
G1 X27.645 Y45.017 E2.02188
G1 X27.95 Y45.478 E2.04847
G1 X28.492 Y46.019 E2.0853
G1 X28.942 Y46.317 E2.11126
G1 X28.318 Y48.644 E2.22713
G1 X27.645 Y48.644 E2.2595
G1 X27.645 Y47.249 E2.32659
G1 X30.523 Y46.478 E2.46989
G1 X31.439 Y46.46 E2.51395
G1 X32.034 Y46.234 E2.54456
G1 X32.39 Y46.399 E2.56343
G1 X32.81 Y46.476 E2.58397
G1 X33.757 Y46.478 E2.62952
G1 X35.923 Y48.644 E2.77685
G1 X36.303 Y48.644 E2.79513
G1 X36.883 Y46.478 E2.90298
G1 X39.193 Y46.478 E3.01408
G1 E1.01408 F2400
G92 E0
G1 X41.973 Y48.644 F7800
G1 E2 F2400
G1 F4800
G1 X44.287 Y48.644 E2.1113
G1 X44.919 Y46.284 E2.22881
G1 X44.601 Y46.415 E2.24535
G1 X46.83 Y48.644 E2.39696
G1 X49.144 Y48.644 E2.50826
G1 E.50826 F2400
G92 E0
G1 X29.854 Y46.263 F7800
G1 E2 F2400
;TYPE:Bridge infill
;WIDTH:0.406238
;HEIGHT:0.4
M106 S255
G1 F1500
G1 X29.094 Y45.924 E2.04484
G1 X28.772 Y45.709 E2.0657
G1 X28.261 Y45.197 E2.10468
G1 X28.123 Y44.99 E2.11809
G1 X30.52 Y46.061 E2.25956
G1 X31.216 Y46.061 E2.29707
G1 X31.385 Y46.046 E2.30621
G1 X31.524 Y46.009 E2.31396
G1 X27.677 Y44.292 E2.54097
G1 X27.677 Y43.792 E2.56791
G1 X32.693 Y46.032 E2.86394
G1 X32.862 Y46.061 E2.87318
G1 X33.876 Y46.061 E2.92782
G1 X27.677 Y43.292 E3.29368
G1 X27.677 Y42.793 E3.32057
G1 X34.824 Y45.984 E3.74235
G1 X34.923 Y45.949 E3.74801
G1 X35.051 Y45.948 E3.75491
G1 X35.285 Y46.026 E3.7682
G1 X35.56 Y46.061 E3.78314
G1 X36.114 Y46.061 E3.81299
G1 X27.977 Y42.427 E4.29321
G1 X28.04 Y42.249 E4.30338
G1 X28.191 Y42.023 E4.31803
G1 X37.233 Y46.061 E4.85166
G1 X38.329 Y46.05 E4.91072
G1 X28.512 Y41.667 E5.49006
G1 X28.772 Y41.407 E5.50987
G1 X28.883 Y41.333 E5.51706
G1 X39.471 Y46.061 E6.14192
G1 X40.59 Y46.061 E6.20222
G1 X29.424 Y41.075 E6.86119
G1 X29.608 Y41.055 E6.87116
G1 X30.499 Y41.055 E6.91917
G1 X41.664 Y46.04 E7.57807
G1 X41.968 Y45.942 E7.59528
G1 X42.1 Y45.942 E7.60239
G1 X42.368 Y46.036 E7.61769
G1 X42.586 Y46.061 E7.62951
G1 X42.828 Y46.061 E7.64255
G1 X32.636 Y41.509 E8.24406
G1 X33.095 Y41.215 E8.27343
G1 X43.947 Y46.061 E8.91387
G1 X44.359 Y46.046 E8.93609
G1 X44.507 Y46.007 E8.94434
G1 X44.731 Y45.911 E8.95747
G1 X33.449 Y40.873 E9.62329
M107
G1 X35.224 Y41.166 F7800
M106 S255
G1 F1500
G1 X46.185 Y46.061 E10.27017
G1 X47.304 Y46.061 E10.33047
G1 X36.094 Y41.055 E10.99204
G1 X37.213 Y41.055 E11.05234
G1 X48.028 Y45.884 E11.69059
G1 X48.263 Y45.715 E11.70619
G1 X48.419 Y45.559 E11.71808
G1 X38.741 Y41.238 E12.28922
G1 X39.022 Y41.108 E12.3059
G1 X39.17 Y41.07 E12.31413
G1 X39.451 Y41.055 E12.32929
G1 X50.606 Y46.036 E12.98761
G1 X50.915 Y45.929 E13.00523
G1 X51.157 Y45.782 E13.02049
G1 X40.57 Y41.055 E13.64528
G1 X40.937 Y41.055 E13.66506
G1 X41.273 Y41.112 E13.68342
G1 X41.454 Y41.186 E13.69396
G1 X41.66 Y41.305 E13.70678
G1 X41.869 Y41.305 E13.71804
G1 X42.034 Y41.209 E13.72833
G1 X51.428 Y45.404 E14.28273
G1 X51.495 Y45.269 E14.29085
G1 X51.585 Y45.179 E14.29771
G1 X51.803 Y45.071 E14.31082
G1 X42.808 Y41.055 E14.84165
G1 X43.927 Y41.055 E14.90195
G1 X52.175 Y44.738 E15.38871
G1 X52.348 Y44.316 E15.41329
G1 X45.095 Y41.077 E15.84134
G1 X45.289 Y41.055 E15.85186
G1 X46.165 Y41.055 E15.89907
G1 X52.319 Y43.803 E16.26225
G1 X52.241 Y43.59 E16.27447
G1 X52.129 Y43.39 E16.28682
G1 X52.03 Y43.277 E16.29492
G1 X51.662 Y43.044 E16.31839
G1 X51.636 Y42.999 E16.32119
G1 X47.283 Y41.055 E16.57809
G1 X47.961 Y41.055 E16.61463
G1 X48.355 Y41.134 E16.63628
G1 X48.635 Y41.265 E16.65294
G1 X48.784 Y41.383 E16.66318
G1 X48.955 Y41.638 E16.67972
G1 X49.319 Y41.673 E16.69943
G1 X49.463 Y41.529 E16.7104
G1 X51.566 Y42.467 E16.83449
G1 X51.558 Y42.101 E16.85422
G1 X51.517 Y41.946 E16.86286
G1 X49.866 Y41.209 E16.96029
G1 X50.217 Y41.076 E16.98052
G1 X50.417 Y41.055 E16.99136
G1 X50.564 Y41.068 E16.99931
G1 X50.787 Y41.12 E17.01165
G1 X51.524 Y41.449 E17.05514
M107
G1 E15.05514 F2400
G92 E0
G1 X103.169 Y46.263 F7800
G1 E2 F2400
;WIDTH:0.413955
M106 S255
G1 F1500
G1 X104.394 Y46.031 E2.06976
G1 X104.705 Y45.925 E2.08814
G1 X104.978 Y45.749 E2.10631
G1 X105.22 Y45.403 E2.12994
G1 X101.847 Y46.041 E2.32202
M107
G1 E.32202 F2400
G92 E0
G1 X99.4 Y46.032 F7800
G1 E2 F2400
M106 S255
G1 F1500
G1 X100.894 Y45.749 E2.08508
G1 X100.999 Y45.655 E2.09297
G1 X101.153 Y45.448 E2.10741
G1 X101.527 Y45.436 E2.12835
G1 X101.667 Y45.603 E2.14054
G1 X105.348 Y44.907 E2.35016
G1 X105.335 Y44.759 E2.35847
G1 X105.232 Y44.456 E2.37638
G1 X99.239 Y45.59 E2.71766
G1 X99.157 Y45.475 E2.72556
G1 X98.801 Y45.446 E2.74555
G1 X98.52 Y45.726 E2.76775
G1 X96.751 Y46.061 E2.86849
G1 X96.099 Y46.061 E2.90497
G1 X95.806 Y46.029 E2.92146
G1 X95.464 Y46.043 E2.94061
G1 X95.289 Y46.026 E2.95045
G1 X95.05 Y45.948 E2.96452
G1 X94.923 Y45.949 E2.97163
G1 X94.673 Y46.036 E2.98644
G1 X94.254 Y46.061 E3.00993
G1 X104.916 Y44.044 E3.61709
G1 X104.629 Y43.851 E3.63644
G1 X104.537 Y43.681 E3.64726
G1 X104.537 Y43.643 E3.64939
G1 X91.765 Y46.059 E4.37671
G1 X89.261 Y46.061 E4.51682
G1 X104.537 Y43.171 E5.38673
G1 X104.537 Y42.699 E5.41314
G1 X86.953 Y46.025 E6.41448
G1 X86.66 Y45.925 E6.4318
G1 X86.424 Y45.785 E6.44715
G1 X86.318 Y45.673 E6.45578
G1 X104.537 Y42.227 E7.49328
G1 X104.435 Y41.774 E7.51926
G1 X86.084 Y45.245 E8.56428
G1 X86.027 Y45.038 E8.57629
G1 X86.019 Y44.785 E8.59045
G1 X104.153 Y41.355 E9.62311
G1 X104.128 Y41.329 E9.62513
G1 X103.77 Y41.123 E9.64824
G1 X103.476 Y41.061 E9.66505
G1 X103.222 Y41.07 E9.67927
G1 X102.911 Y41.163 E9.69743
G1 X102.529 Y41.401 E9.72261
G1 X102.28 Y41.385 E9.73657
G1 X102.135 Y41.265 E9.7471
G1 X100.55 Y41.565 E9.83736
G1 X100.373 Y41.876 E9.85738
G1 X99.914 Y41.881 E9.88306
G1 X99.814 Y41.704 E9.89444
G1 X86.018 Y44.313 E10.68006
G1 X86.017 Y43.841 E10.70647
G1 X99.475 Y41.296 E11.47284
G1 X99.344 Y41.198 E11.48199
G1 X99.121 Y41.106 E11.49549
G1 X98.964 Y41.072 E11.50448
G1 X98.785 Y41.055 E11.51454
G1 X98.506 Y41.086 E11.53025
G1 X98.238 Y41.057 E11.54533
G1 X85.86 Y43.399 E12.25022
G1 X85.824 Y43.358 E12.25327
G1 X85.568 Y43.325 E12.26771
G1 X85.438 Y43.277 E12.27546
G1 X85.102 Y43.106 E12.29656
G1 X85.067 Y43.076 E12.29914
G1 X95.357 Y41.13 E12.88511
G1 X95.214 Y41.079 E12.89361
G1 X94.996 Y41.055 E12.90588
G1 X93.259 Y41.055 E13.00307
G1 X84.763 Y42.662 E13.48688
G1 X84.69 Y42.4 E13.5021
G1 X84.668 Y42.208 E13.51291
G1 X90.762 Y41.055 E13.85994
G1 X89.611 Y41.055 E13.92434
G1 X89.393 Y41.079 E13.93661
G1 X89.135 Y41.17 E13.95192
G1 X89.008 Y41.171 E13.95903
G1 X88.731 Y41.08 E13.97534
G1 X88.511 Y41.055 E13.98773
G1 X88.266 Y41.055 E14.00144
G1 X84.779 Y41.714 E14.2
G1 X84.941 Y41.47 E14.21639
G1 X85.105 Y41.307 E14.22933
G1 X85.402 Y41.143 E14.24831
G1 X85.588 Y41.089 E14.25915
G1 X86.84 Y40.852 E14.33045
M107
G1 E12.33045 F2400
G92 E0
G1 X76.71 Y133.915 F7800
G1 E2 F2400
;TYPE:Internal infill
;WIDTH:0.45
;HEIGHT:0.3
G1 F4800
G1 X76.71 Y136.229 E2.1113
G1 X76.272 Y137.862 E2.19262
G1 X73.959 Y137.862 E2.30387
G1 E.30387 F2400
G92 E0
G1 X82.634 Y138.038 F7800
G1 E2 F2400
;TYPE:Top solid infill
;WIDTH:0.405373
G1 F900
G1 X83.216 Y137.456 E2.03501
G1 X83.216 Y136.974 E2.05551
G1 X82.303 Y137.887 E2.11042
G1 X81.821 Y137.887 E2.13092
G1 X83.216 Y136.491 E2.21486
G1 X83.216 Y136.009 E2.23536
G1 X81.338 Y137.887 E2.34832
G1 X80.856 Y137.887 E2.36882
G1 X83.216 Y135.527 E2.51077
G1 X83.216 Y135.045 E2.53127
G1 X80.374 Y137.887 E2.70221
G1 X79.892 Y137.887 E2.72271
G1 X83.216 Y134.563 E2.92264
G1 X83.216 Y134.08 E2.94318
G1 X79.409 Y137.887 E3.17216
G1 X78.927 Y137.887 E3.19266
G1 X83.216 Y133.598 E3.45063
G1 X83.216 Y133.116 E3.47113
G1 X78.445 Y137.887 E3.75809
G1 X77.963 Y137.887 E3.77859
G1 X83.216 Y132.634 E4.09454
G1 X83.216 Y132.151 E4.11508
G1 X77.48 Y137.887 E4.46008
G1 X77.071 Y137.887 E4.47747
G1 X77.071 Y137.815 E4.48053
G1 X83.216 Y131.669 E4.85016
G1 X83.216 Y131.187 E4.87066
G1 X77.071 Y137.332 E5.24026
G1 X77.071 Y136.85 E5.26076
G1 X83.216 Y130.705 E5.63036
G1 X83.216 Y130.222 E5.6509
G1 X77.071 Y136.368 E6.02053
G1 X77.071 Y135.886 E6.04103
G1 X83.216 Y129.74 E6.41066
G1 X83.216 Y129.258 E6.43116
G1 X77.071 Y135.404 E6.80079
G1 X77.071 Y134.921 E6.82133
G1 X83.216 Y128.776 E7.19093
G1 X83.216 Y128.293 E7.21147
G1 X77.071 Y134.439 E7.5811
G1 X77.071 Y133.957 E7.6016
G1 X83.216 Y127.811 E7.97123
G1 X83.216 Y127.663 E7.97752
G1 X82.882 Y127.663 E7.99173
G1 X77.071 Y133.475 E8.34127
G1 X77.071 Y132.992 E8.36181
G1 X82.4 Y127.663 E8.68233
G1 X81.918 Y127.663 E8.70283
G1 X77.071 Y132.51 E8.99436
G1 X77.071 Y132.028 E9.01486
G1 X81.438 Y127.661 E9.27752
G1 X81.161 Y127.626 E9.28939
G1 X81.032 Y127.585 E9.29515
G1 X77.071 Y131.546 E9.53339
G1 X77.071 Y131.063 E9.55393
G1 X80.721 Y127.413 E9.77347
G1 X80.479 Y127.173 E9.78797
G1 X77.071 Y130.581 E9.99295
G1 X77.071 Y130.099 E10.01345
G1 X80.312 Y126.857 E10.20842
G1 X80.281 Y126.777 E10.21207
G1 X80.235 Y126.453 E10.22599
G1 X77.071 Y129.617 E10.4163
G1 X77.071 Y129.134 E10.43684
G1 X80.233 Y125.972 E10.62703
G1 X80.233 Y125.49 E10.64753
G1 X77.071 Y128.652 E10.83772
G1 X77.071 Y128.17 E10.85822
G1 X80.233 Y125.008 E11.04841
G1 X80.233 Y124.525 E11.06895
G1 X77.071 Y127.688 E11.25917
G1 X77.071 Y127.206 E11.27967
G1 X80.233 Y124.043 E11.46989
G1 X80.233 Y123.561 E11.49039
G1 X77.071 Y126.723 E11.68058
G1 X77.071 Y126.241 E11.70108
G1 X80.233 Y123.079 E11.89127
G1 X80.233 Y122.596 E11.91181
G1 X77.071 Y125.759 E12.10203
G1 X77.071 Y125.277 E12.12253
G1 X80.233 Y122.114 E12.31275
G1 X80.233 Y121.632 E12.33325
G1 X77.071 Y124.794 E12.52344
G1 X77.071 Y124.312 E12.54394
G1 X80.233 Y121.15 E12.73413
G1 X80.233 Y120.668 E12.75463
G1 X77.071 Y123.83 E12.94482
G1 X77.071 Y123.348 E12.96532
G1 X80.233 Y120.185 E13.15554
G1 X80.233 Y119.703 E13.17604
G1 X77.071 Y122.865 E13.36623
G1 X77.071 Y122.383 E13.38673
G1 X80.233 Y119.221 E13.57692
G1 X80.233 Y118.739 E13.59742
G1 X77.071 Y121.901 E13.78761
G1 X77.071 Y121.419 E13.80811
G1 X80.233 Y118.256 E13.99833
G1 X80.233 Y117.774 E14.01883
G1 X77.071 Y120.936 E14.20902
G1 X77.071 Y120.454 E14.22952
G1 X80.058 Y117.467 E14.40918
G1 X79.576 Y117.467 E14.42968
G1 X77.071 Y119.972 E14.58035
G1 X77.071 Y119.49 E14.60085
G1 X79.094 Y117.467 E14.72253
G1 X78.611 Y117.467 E14.74307
G1 X77.071 Y119.008 E14.83573
G1 X77.071 Y118.525 E14.85627
G1 X78.129 Y117.467 E14.91991
G1 X77.841 Y117.489 E14.93219
G1 X77.582 Y117.585 E14.94394
G1 X77.378 Y117.736 E14.95473
G1 X76.967 Y118.147 E14.97945
G1 E12.97945 F2400
G92 E0
G1 X97.912 Y137.862 F7800
G1 E2 F2400
;TYPE:Internal infill
;WIDTH:0.45
G1 F4800
G1 X100.226 Y137.862 E2.1113
G1 X102.952 Y127.688 E2.6179
G1 X104.06 Y127.688 E2.67119
G1 X107.774 Y131.402 E2.92381
G1 X107.774 Y129.577 E3.01159
G1 X83.577 Y136.06 E4.21643
G1 X83.577 Y137.862 E4.3031
G1 X84.257 Y137.862 E4.33581
G1 X86.983 Y127.688 E4.84241
G1 X85.024 Y127.688 E4.93663
G1 X83.577 Y128.076 E5.00868
G1 X83.577 Y129.019 E5.05404
G1 X92.42 Y137.862 E5.65553
G1 X92.241 Y137.862 E5.66414
G1 X94.967 Y127.688 E6.17074
G1 X93.153 Y127.688 E6.25799
G1 X103.327 Y137.862 E6.95001
G1 X106.651 Y137.862 E7.10988
G1 X107.774 Y137.561 E7.1658
G1 X107.774 Y135.248 E7.27705
;LAYER_CHANGE
;Z:1.55
;HEIGHT:0.3
G1 E5.27705 F2400
G92 E0
G1 Z1.55 F7800
G1 X222.598 Y38.181
G1 E2 F2400
;TYPE:Perimeter
;WIDTH:0.45
G1 X157.406 Y105.944 E6.52256
G1 X157.406 Y49.576 E9.23366
G1 X160.613 Y49.576 E9.38791
G1 X160.902 Y49.484 E9.4025
G1 X161.196 Y49.27 E9.41999
G1 X161.382 Y48.983 E9.43644
G1 X161.456 Y48.612 E9.45464
G1 X161.456 Y38.181 E9.95633
G1 X222.538 Y38.181 E12.89416
G1 X223.03 Y37.795 F7800
G1 F2400
G1 X223.03 Y38.289 E12.91792
G1 X157.5 Y106.403 E17.46392
G1 X157.02 Y106.403 E17.48701
G1 X157.02 Y49.19 E20.23876
G1 X160.572 Y49.19 E20.4096
G1 X160.831 Y49.08 E20.42313
G1 X161.004 Y48.88 E20.43585
G1 X161.07 Y48.612 E20.44912
G1 X161.07 Y37.795 E20.96938
G1 X222.97 Y37.795 E23.94655
G1 X223.416 Y37.41 F7800
;TYPE:External perimeter
G1 F1500
G1 X223.416 Y38.444 E23.99628
G1 X157.664 Y106.789 E28.55769
G1 X156.635 Y106.789 E28.60718
G1 X156.635 Y48.805 E31.39601
G1 X160.492 Y48.805 E31.58152
G1 X160.616 Y48.759 E31.58788
G1 X160.685 Y48.612 E31.59569
G1 X160.685 Y37.41 E32.13447
G1 X223.356 Y37.41 E35.14873
G1 X223.415 Y37.805 F7800
G1 E33.14873 F2400
G92 E0
G1 X157.695 Y99.749 F7800
G1 E2 F2400
;TYPE:Solid infill
G1 F1200
G1 X160.381 Y102.435 E2.1827
G1 X157.695 Y105.227 E2.36904
G1 X157.695 Y99.942 E2.62323
G1 X157.519 Y99.014 F7800
;WIDTH:0.404381
G1 F1200
G1 X157.5 Y99.085 E2.62635
G1 X157.571 Y99.066 E2.62947
G1 X157.56 Y99.025 E2.63127
;WIDTH:0.45
G1 X157.695 Y99.203 E2.64201
G1 X160.648 Y102.157 E2.8429
G1 X160.916 Y101.879 E2.86147
G1 X157.695 Y98.658 E3.08056
G1 X157.695 Y98.113 E3.10677
G1 X161.183 Y101.601 E3.34402
G1 X161.451 Y101.323 E3.36259
G1 X157.695 Y97.567 E3.61807
G1 X157.695 Y97.022 E3.64428
G1 X161.718 Y101.045 E3.91792
G1 X161.985 Y100.767 E3.93646
G1 X157.695 Y96.477 E4.22826
G1 X157.695 Y95.931 E4.25452
G1 X162.253 Y100.489 E4.56455
G1 X162.52 Y100.211 E4.58309
G1 X157.695 Y95.386 E4.91128
G1 X157.695 Y94.841 E4.93749
G1 X162.788 Y99.933 E5.28388
G1 X163.055 Y99.655 E5.30242
G1 X157.695 Y94.295 E5.667
G1 X157.695 Y93.75 E5.69321
G1 X163.322 Y99.377 E6.07595
G1 X163.59 Y99.099 E6.09452
G1 X157.695 Y93.205 E6.49546
G1 X157.695 Y92.659 E6.52172
G1 X163.857 Y98.821 E6.94085
G1 X164.125 Y98.543 E6.95942
G1 X157.695 Y92.114 E7.39675
G1 X157.695 Y91.568 E7.42301
G1 X164.392 Y98.265 E7.87853
G1 X164.659 Y97.988 E7.89703
G1 X157.695 Y91.023 E8.37075
G1 X157.695 Y90.478 E8.39696
G1 X164.927 Y97.71 E8.88887
G1 X165.194 Y97.432 E8.90741
G1 X157.695 Y89.932 E9.41752
G1 X157.695 Y89.387 E9.44373
G1 X165.462 Y97.154 E9.97203
G1 X165.729 Y96.876 E9.99057
G1 X157.695 Y88.842 E10.53703
G1 X157.695 Y88.296 E10.56329
G1 X165.996 Y96.598 E11.12795
G1 X166.264 Y96.32 E11.14652
G1 X157.695 Y87.751 E11.72937
G1 X157.695 Y87.206 E11.75558
G1 X166.531 Y96.042 E12.35659
G1 X166.799 Y95.764 E12.37516
G1 X157.695 Y86.66 E12.9944
G1 X157.695 Y86.115 E13.02061
G1 X167.066 Y95.486 E13.65801
G1 X167.333 Y95.208 E13.67655
G1 X157.695 Y85.57 E14.33211
G1 X157.695 Y85.024 E14.35837
G1 X167.601 Y94.93 E15.03216
G1 X167.868 Y94.652 E15.0507
G1 X157.695 Y84.479 E15.74265
G1 X157.695 Y83.934 E15.76886
G1 X168.136 Y94.374 E16.47901
G1 X168.403 Y94.096 E16.49755
G1 X157.695 Y83.388 E17.22589
G1 X157.695 Y82.843 E17.2521
G1 X168.67 Y93.818 E17.99861
G1 X168.938 Y93.54 E18.01718
G1 X157.695 Y82.298 E18.78188
G1 X157.695 Y81.752 E18.80814
G1 X169.205 Y93.262 E19.59104
G1 X169.473 Y92.985 E19.60958
G1 X157.695 Y81.207 E20.4107
G1 X157.695 Y80.662 E20.43691
G1 X169.74 Y92.707 E21.2562
G1 X170.007 Y92.429 E21.27474
G1 X157.695 Y80.116 E22.11222
G1 X157.695 Y79.571 E22.13843
G1 X170.275 Y92.151 E22.99411
G1 X170.542 Y91.873 E23.01265
G1 X157.695 Y79.025 E23.88652
G1 X157.695 Y78.48 E23.91273
G1 X170.81 Y91.595 E24.8048
G1 X171.077 Y91.317 E24.82334
G1 X157.695 Y77.935 E25.73357
G1 X157.695 Y77.389 E25.75983
G1 X171.344 Y91.039 E26.68825
G1 X171.612 Y90.761 E26.70682
G1 X157.695 Y76.844 E27.65344
G1 X157.695 Y76.299 E27.67965
G1 X171.879 Y90.483 E28.64443
G1 X172.147 Y90.205 E28.663
G1 X157.695 Y75.753 E29.64601
G1 X157.695 Y75.208 E29.67222
G1 X172.414 Y89.927 E30.67339
G1 X172.681 Y89.649 E30.69193
G1 X157.695 Y74.663 E31.71126
G1 X157.695 Y74.117 E31.73752
G1 X172.949 Y89.371 E32.77508
G1 X173.216 Y89.093 E32.79362
G1 X157.695 Y73.572 E33.84934
G1 X157.695 Y73.027 E33.87555
G1 X173.484 Y88.815 E34.94946
G1 X173.751 Y88.537 E34.968
G1 X157.695 Y72.481 E36.06011
G1 X157.695 Y71.936 E36.08632
G1 X174.018 Y88.259 E37.19659
G1 X174.286 Y87.981 E37.21516
G1 X157.695 Y71.391 E38.34363
G1 X157.695 Y70.845 E38.36989
G1 X174.553 Y87.704 E39.51658
G1 X174.821 Y87.426 E39.53515
G1 X157.695 Y70.3 E40.70004
G1 X157.695 Y69.755 E40.72625
G1 X175.088 Y87.148 E41.9093
G1 X175.355 Y86.87 E41.92784
G1 X157.695 Y69.209 E43.12909
G1 X157.695 Y68.664 E43.1553
G1 X175.623 Y86.592 E44.37474
G1 X175.89 Y86.314 E44.39328
G1 X157.695 Y68.119 E45.63088
G1 X157.695 Y67.573 E45.65714
G1 X176.158 Y86.036 E46.91297
G1 X176.425 Y85.758 E46.93151
G1 X157.695 Y67.028 E48.2055
G1 X157.695 Y66.482 E48.23176
G1 X176.692 Y85.48 E49.52395
G1 X176.96 Y85.202 E49.54252
G1 X157.695 Y65.937 E50.8529
G1 X157.695 Y65.392 E50.87911
G1 X177.227 Y84.924 E52.20765
G1 X177.495 Y84.646 E52.22622
G1 X157.695 Y64.846 E53.57299
G1 X157.695 Y64.301 E53.5992
G1 X177.762 Y84.368 E54.96413
G1 X178.029 Y84.09 E54.98267
G1 X157.695 Y63.756 E56.36576
G1 X157.695 Y63.21 E56.39202
G1 X178.297 Y83.812 E57.79334
G1 X178.564 Y83.534 E57.81188
G1 X157.695 Y62.665 E59.23136
G1 X157.695 Y62.12 E59.25757
G1 X178.832 Y83.256 E60.69525
G1 X179.099 Y82.978 E60.71379
G1 X157.695 Y61.574 E62.16966
G1 X157.695 Y61.029 E62.19587
G1 X179.366 Y82.701 E63.66994
G1 X179.634 Y82.423 E63.68851
G1 X157.695 Y60.484 E65.18077
G1 X157.695 Y59.938 E65.20703
G1 X179.901 Y82.145 E66.71749
G1 X180.169 Y81.867 E66.73606
G1 X157.695 Y59.393 E68.26471
G1 X157.695 Y58.848 E68.29092
G1 X180.436 Y81.589 E69.83773
G1 X180.703 Y81.311 E69.85627
G1 X157.695 Y58.302 E71.42128
G1 X157.695 Y57.757 E71.44749
G1 X180.971 Y81.033 E73.03069
G1 X181.238 Y80.755 E73.04923
G1 X157.695 Y57.212 E74.6506
G1 X157.695 Y56.666 E74.67686
G1 X181.506 Y80.477 E76.29645
G1 X181.773 Y80.199 E76.31499
G1 X157.695 Y56.121 E77.95275
G1 X157.695 Y55.576 E77.97896
G1 X182.04 Y79.921 E79.63488
G1 X182.308 Y79.643 E79.65345
G1 X157.695 Y55.03 E81.3276
G1 X157.695 Y54.485 E81.35381
G1 X182.575 Y79.365 E83.04612
G1 X182.843 Y79.087 E83.06469
G1 X157.695 Y53.939 E84.77523
G1 X157.695 Y53.394 E84.80144
G1 X183.11 Y78.809 E86.53014
G1 X183.377 Y78.531 E86.54868
G1 X157.695 Y52.849 E88.29554
G1 X157.695 Y52.303 E88.3218
G1 X183.645 Y78.253 E90.08689
G1 X183.912 Y77.975 E90.10543
G1 X157.695 Y51.758 E91.88868
G1 X157.695 Y51.213 E91.91489
G1 X184.18 Y77.697 E93.71633
G1 X184.447 Y77.42 E93.73483
G1 X157.695 Y50.667 E95.5545
G1 X157.604 Y49.744 F7800
;WIDTH:0.404381
G1 F1200
G1 X157.585 Y49.815 E95.55762
G1 X157.656 Y49.796 E95.56074
G1 X157.645 Y49.755 E95.56254
;WIDTH:0.45
G1 X157.695 Y50.122 E95.58035
G1 X184.714 Y77.142 E97.41818
G1 X184.982 Y76.864 E97.43675
G1 X157.983 Y49.865 E99.27319
G1 X158.529 Y49.865 E99.29945
G1 X185.249 Y76.586 E101.11695
G1 X185.517 Y76.308 E101.13552
G1 X159.074 Y49.865 E102.93414
G1 X159.619 Y49.865 E102.96035
G1 X185.784 Y76.03 E104.74006
G1 X186.052 Y75.752 E104.75863
G1 X160.165 Y49.865 E106.51943
G1 X160.693 Y49.848 E106.54484
G1 X186.319 Y75.474 E108.28789
G1 X186.586 Y75.196 E108.30643
G1 X161.093 Y49.703 E110.04043
G1 X161.399 Y49.463 E110.05913
G1 X186.854 Y74.918 E111.79055
G1 X187.121 Y74.64 E111.80909
G1 X161.619 Y49.138 E113.5437
G1 X161.736 Y48.71 E113.56504
G1 X187.389 Y74.362 E115.30989
G1 X187.656 Y74.084 E115.32843
G1 X161.745 Y48.173 E117.09086
G1 X161.61 Y48.007 E117.10115
;WIDTH:0.404381
G1 X161.621 Y48.048 E117.10295
G1 X161.55 Y48.067 E117.10607
G1 X161.569 Y47.996 E117.10919
;WIDTH:0.45
G1 X161.745 Y47.628 E117.12881
G1 X187.923 Y73.806 E118.90941
G1 X188.191 Y73.528 E118.92798
G1 X161.745 Y47.083 E120.72677
G1 X161.745 Y46.537 E120.75303
G1 X188.458 Y73.25 E122.57002
G1 X188.726 Y72.972 E122.58859
G1 X161.745 Y45.992 E124.42377
G1 X161.745 Y45.446 E124.45003
G1 X188.993 Y72.694 E126.30341
G1 X189.26 Y72.417 E126.32191
G1 X161.745 Y44.901 E128.19348
G1 X161.745 Y44.356 E128.21969
G1 X189.528 Y72.139 E130.10946
G1 X189.795 Y71.861 E130.128
G1 X161.745 Y43.81 E132.03596
G1 X161.745 Y43.265 E132.06217
G1 X190.063 Y71.583 E133.98833
G1 X190.33 Y71.305 E134.00687
G1 X161.745 Y42.72 E135.95119
G1 X161.745 Y42.174 E135.97745
G1 X190.597 Y71.027 E137.93996
G1 X190.865 Y70.749 E137.95853
G1 X161.745 Y41.629 E139.93924
G1 X161.745 Y41.084 E139.96545
G1 X191.132 Y70.471 E141.96432
G1 X191.4 Y70.193 E141.98289
G1 X161.745 Y40.538 E143.99999
G1 X161.745 Y39.993 E144.0262
G1 X191.667 Y69.915 E146.06146
G1 X191.934 Y69.637 E146.08
G1 X161.745 Y39.448 E148.13342
G1 X161.745 Y38.902 E148.15968
G1 X192.202 Y69.359 E150.23133
G1 X192.469 Y69.081 E150.24987
G1 X161.858 Y38.47 E152.33199
G1 X161.663 Y38.328 E152.34359
;WIDTH:0.404381
G1 X161.674 Y38.369 E152.34539
G1 X161.602 Y38.388 E152.34855
G1 X161.621 Y38.317 E152.35167
G1 X162.403 Y38.47 F7800
;WIDTH:0.45
G1 F1200
G1 X192.737 Y68.803 E154.41492
G1 X193.004 Y68.525 E154.43346
G1 X162.949 Y38.47 E156.47776
G1 X163.494 Y38.47 E156.50397
G1 X193.271 Y68.247 E158.52936
G1 X193.539 Y67.969 E158.54793
G1 X164.04 Y38.47 E160.55442
G1 X164.585 Y38.47 E160.58063
G1 X193.806 Y67.691 E162.56821
G1 X194.074 Y67.413 E162.58678
G1 X165.13 Y38.47 E164.55548
G1 X165.676 Y38.47 E164.58174
G1 X194.341 Y67.136 E166.53153
G1 X194.608 Y66.858 E166.55007
G1 X166.221 Y38.47 E168.48095
G1 X166.766 Y38.47 E168.50716
G1 X194.876 Y66.58 E170.41917
G1 X195.143 Y66.302 E170.43771
G1 X167.312 Y38.47 E172.33077
G1 X167.857 Y38.47 E172.35698
G1 X195.411 Y66.024 E174.23117
G1 X195.678 Y65.746 E174.24971
G1 X168.402 Y38.47 E176.10499
G1 X168.948 Y38.47 E176.13125
G1 X195.945 Y65.468 E177.96759
G1 X196.213 Y65.19 E177.98616
G1 X169.493 Y38.47 E179.80362
G1 X170.038 Y38.47 E179.82983
G1 X196.48 Y64.912 E181.62838
G1 X196.748 Y64.634 E181.64695
G1 X170.584 Y38.47 E183.42659
G1 X171.129 Y38.47 E183.4528
G1 X197.015 Y64.356 E185.21353
G1 X197.282 Y64.078 E185.23207
G1 X171.674 Y38.47 E186.97389
G1 X172.22 Y38.47 E187.00015
G1 X197.55 Y63.8 E188.72307
G1 X197.817 Y63.522 E188.74161
G1 X172.765 Y38.47 E190.44562
G1 X173.31 Y38.47 E190.47183
G1 X198.085 Y63.244 E192.15696
G1 X198.352 Y62.966 E192.1755
G1 X173.856 Y38.47 E193.84169
G1 X174.401 Y38.47 E193.8679
G1 X198.619 Y62.688 E195.51518
G1 X198.887 Y62.41 E195.53375
G1 X174.946 Y38.47 E197.16215
G1 X175.492 Y38.47 E197.18841
G1 X199.154 Y62.133 E198.7979
G1 X199.422 Y61.855 E198.81647
G1 X176.037 Y38.47 E200.40709
G1 X176.583 Y38.47 E200.43335
G1 X199.689 Y61.577 E202.00503
G1 X199.956 Y61.299 E202.02357
G1 X177.128 Y38.47 E203.57634
G1 X177.673 Y38.47 E203.60255
G1 X200.224 Y61.021 E205.13644
G1 X200.491 Y60.743 E205.15498
G1 X178.219 Y38.47 E206.66993
G1 X178.764 Y38.47 E206.69614
G1 X200.759 Y60.465 E208.19221
G1 X201.026 Y60.187 E208.21075
G1 X179.309 Y38.47 E209.68791
G1 X179.855 Y38.47 E209.71417
G1 X201.293 Y59.909 E211.17239
G1 X201.561 Y59.631 E211.19096
G1 X180.4 Y38.47 E212.6303
G1 X180.945 Y38.47 E212.65651
G1 X201.828 Y59.353 E214.07695
G1 X202.096 Y59.075 E214.09552
G1 X181.491 Y38.47 E215.49705
G1 X182.036 Y38.47 E215.52326
G1 X202.363 Y58.797 E216.90588
G1 X202.63 Y58.519 E216.92442
G1 X182.581 Y38.47 E218.28813
G1 X183.127 Y38.47 E218.31439
G1 X202.898 Y58.241 E219.65919
G1 X203.165 Y57.963 E219.67773
G1 X183.672 Y38.47 E221.00362
G1 X184.217 Y38.47 E221.02983
G1 X203.433 Y57.685 E222.33684
G1 X203.7 Y57.407 E222.35538
G1 X184.763 Y38.47 E223.64345
G1 X185.308 Y38.47 E223.66966
G1 X203.967 Y57.129 E224.93882
G1 X204.235 Y56.852 E224.95736
G1 X185.853 Y38.47 E226.20768
G1 X186.399 Y38.47 E226.23394
G1 X204.502 Y56.574 E227.46532
G1 X204.77 Y56.296 E227.48389
G1 X186.944 Y38.47 E228.69639
G1 X187.489 Y38.47 E228.7226
G1 X205.037 Y56.018 E229.91619
G1 X205.304 Y55.74 E229.93473
G1 X188.035 Y38.47 E231.10938
G1 X188.58 Y38.47 E231.13559
G1 X205.572 Y55.462 E232.29136
G1 X205.839 Y55.184 E232.3099
G1 X189.126 Y38.47 E233.44673
G1 X189.671 Y38.47 E233.47294
G1 X206.107 Y54.906 E234.5909
G1 X206.374 Y54.628 E234.60944
G1 X190.216 Y38.47 E235.70849
G1 X190.762 Y38.47 E235.73475
G1 X206.641 Y54.35 E236.81485
G1 X206.909 Y54.072 E236.83342
G1 X191.307 Y38.47 E237.89465
G1 X191.852 Y38.47 E237.92086
G1 X207.176 Y53.794 E238.96318
G1 X207.444 Y53.516 E238.98175
G1 X192.398 Y38.47 E240.00516
G1 X192.943 Y38.47 E240.03137
G1 X207.711 Y53.238 E241.03587
G1 X207.978 Y52.96 E241.05441
G1 X193.488 Y38.47 E242.04
G1 X194.034 Y38.47 E242.06626
G1 X208.246 Y52.682 E243.03294
G1 X208.513 Y52.404 E243.05148
G1 X194.579 Y38.47 E243.99925
G1 X195.124 Y38.47 E244.02546
G1 X208.781 Y52.126 E244.95436
G1 X209.048 Y51.849 E244.97286
G1 X195.67 Y38.47 E245.88285
G1 X196.215 Y38.47 E245.90906
G1 X209.315 Y51.571 E246.80014
G1 X209.583 Y51.293 E246.81871
G1 X196.76 Y38.47 E247.69091
G1 X197.306 Y38.47 E247.71717
G1 X209.85 Y51.015 E248.57043
G1 X210.118 Y50.737 E248.589
G1 X197.851 Y38.47 E249.42339
G1 X198.396 Y38.47 E249.4496
G1 X210.385 Y50.459 E250.26508
G1 X210.652 Y50.181 E250.28362
G1 X198.942 Y38.47 E251.08015
G1 X199.487 Y38.47 E251.10636
G1 X210.92 Y49.903 E251.88402
G1 X211.187 Y49.625 E251.90256
G1 X200.032 Y38.47 E252.66131
G1 X200.578 Y38.47 E252.68757
G1 X211.455 Y49.347 E253.42741
G1 X211.722 Y49.069 E253.44595
G1 X201.123 Y38.47 E254.16688
G1 X201.669 Y38.47 E254.19314
G1 X211.989 Y48.791 E254.89513
G1 X212.257 Y48.513 E254.9137
G1 X202.214 Y38.47 E255.59681
G1 X202.759 Y38.47 E255.62302
G1 X212.524 Y48.235 E256.28722
G1 X212.792 Y47.957 E256.30579
G1 X203.305 Y38.47 E256.95108
G1 X203.85 Y38.47 E256.97729
G1 X213.059 Y47.679 E257.60367
G1 X213.326 Y47.401 E257.62221
G1 X204.395 Y38.47 E258.22969
G1 X204.941 Y38.47 E258.25595
G1 X213.594 Y47.123 E258.84452
G1 X213.861 Y46.845 E258.86306
G1 X205.486 Y38.47 E259.43272
G1 X206.031 Y38.47 E259.45893
G1 X214.129 Y46.568 E260.00975
G1 X214.396 Y46.29 E260.02829
G1 X206.577 Y38.47 E260.56016
G1 X207.122 Y38.47 E260.58637
G1 X214.663 Y46.012 E261.09933
G1 X214.931 Y45.734 E261.1179
G1 X207.667 Y38.47 E261.61199
G1 X208.213 Y38.47 E261.63825
G1 X215.198 Y45.456 E262.1134
G1 X215.466 Y45.178 E262.13197
G1 X208.758 Y38.47 E262.58824
G1 X209.303 Y38.47 E262.61445
G1 X215.733 Y44.9 E263.05181
G1 X216 Y44.622 E263.07035
G1 X209.849 Y38.47 E263.48877
G1 X210.394 Y38.47 E263.51498
G1 X216.268 Y44.344 E263.91452
G1 X216.535 Y44.066 E263.93306
G1 X210.939 Y38.47 E264.31369
G1 X211.485 Y38.47 E264.33995
G1 X216.803 Y43.788 E264.70167
G1 X217.07 Y43.51 E264.72021
G1 X212.03 Y38.47 E265.06302
G1 X212.575 Y38.47 E265.08923
G1 X217.337 Y43.232 E265.41314
G1 X217.605 Y42.954 E265.43171
G1 X213.121 Y38.47 E265.73671
G1 X213.666 Y38.47 E265.76292
G1 X217.872 Y42.676 E266.04901
G1 X218.14 Y42.398 E266.06758
G1 X214.212 Y38.47 E266.33476
G1 X214.757 Y38.47 E266.36097
G1 X218.407 Y42.12 E266.60924
G1 X218.674 Y41.842 E266.62778
G1 X215.302 Y38.47 E266.85714
G1 X215.848 Y38.47 E266.8834
G1 X218.942 Y41.565 E267.09388
G1 X219.209 Y41.287 E267.11242
G1 X216.393 Y38.47 E267.30399
G1 X216.938 Y38.47 E267.3302
G1 X219.477 Y41.009 E267.5029
G1 E265.5029 F2400
G92 E0
G1 X217.62 Y38.606 F7800
G1 E2 F2400
G1 F1200
G1 X219.744 Y40.731 E2.14451
G1 X221.919 Y38.47 E2.2954
G1 X217.484 Y38.47 E2.50871
G1 X218.415 Y38.856 F7800
G1 F1200
G1 X221.013 Y38.856 E2.63366
G1 X219.739 Y40.18 E2.72203
G1 X218.551 Y38.992 E2.80284
G1 X219.306 Y39.225 F7800
;WIDTH:0.416956
G1 F1200
G1 X220.145 Y39.225 E2.83974
G1 X219.734 Y39.653 E2.86583
G1 X219.442 Y39.361 E2.88399
G1 E.88399 F2400
G92 E0
G1 X158.081 Y100.68 F7800
G1 E2 F2400
;WIDTH:0.45
G1 F1200
G1 X159.841 Y102.44 E2.11971
G1 X158.081 Y104.27 E2.24183
G1 X158.081 Y100.872 E2.40526
G1 X158.466 Y101.611 F7800
G1 F1200
G1 X159.301 Y102.445 E2.46202
G1 X158.466 Y103.313 E2.51995
G1 X158.466 Y101.803 E2.59258
G1 E.59258 F2400
G92 E0
G1 X114.406 Y56.863 F7800
G1 E2 F2400
;TYPE:Perimeter
G1 X114.406 Y39.523 E2.83399
;WIDTH:0.492735
G1 X114.427 Y39.39 E2.84118
;WIDTH:0.53547
G1 X114.448 Y39.257 E2.84909
;WIDTH:0.578205
G1 X114.47 Y39.124 E2.85773
;WIDTH:0.62094
G1 X114.491 Y38.992 E2.86701
G1 X114.486 Y38.762 E2.88298
;WIDTH:0.610955
G1 X114.486 Y38.261 E2.91713
G1 X115.033 Y38.261 E2.95442
;WIDTH:0.62094
G1 X115.044 Y38.943 E3.00177
G1 X115.098 Y39.027 E3.0087
;WIDTH:0.578205
G1 X115.153 Y39.11 E3.01508
;WIDTH:0.53547
G1 X115.207 Y39.193 E3.0209
;WIDTH:0.492735
G1 X115.262 Y39.276 E3.02622
;WIDTH:0.45
G1 X115.595 Y39.597 E3.04847
G1 X116.31 Y40.009 E3.08816
;TYPE:Overhang perimeter
;WIDTH:0.4
;HEIGHT:0.4
M106 S255
G1 F1500
G1 X145.502 Y56.863 E4.84923
G1 X116.31 Y56.863 E6.37436
M107
;TYPE:Perimeter
;WIDTH:0.45
;HEIGHT:0.3
G1 F2400
G1 X114.466 Y56.863 E6.46305
G1 X114.02 Y57.249 F7800
G1 F2400
G1 X114.02 Y37.795 E7.39872
G1 X115.499 Y37.795 E7.46985
G1 X115.499 Y38.762 E7.51636
G1 X115.588 Y39.07 E7.53178
G1 X115.788 Y39.263 E7.54515
G1 X116.31 Y39.564 E7.57413
;TYPE:Overhang perimeter
;WIDTH:0.4
;HEIGHT:0.4
M106 S255
G1 F1500
G1 X146.941 Y57.249 E9.42202
G1 X116.31 Y57.249 E11.02233
M107
;TYPE:Perimeter
;WIDTH:0.45
;HEIGHT:0.3
G1 F2400
G1 X114.08 Y57.249 E11.12959
G1 X113.635 Y57.635 F7800
;TYPE:External perimeter
G1 F1500
G1 X113.635 Y37.41 E12.10234
G1 X115.885 Y37.41 E12.21056
G1 X115.885 Y38.791 E12.27698
G1 X115.981 Y38.929 E12.28507
G1 X116.31 Y39.119 E12.30334
;TYPE:Overhang perimeter
;WIDTH:0.4
;HEIGHT:0.4
M106 S255
G1 X148.38 Y57.635 E14.23804
G1 X116.31 Y57.635 E15.91353
M107
;TYPE:External perimeter
;WIDTH:0.45
;HEIGHT:0.3
G1 X113.695 Y57.635 E16.0393
G1 X113.635 Y57.239 F7800
G1 E14.0393 F2400
G92 E0
G1 X144.39 Y56.745 F7800
G1 E2 F2400
;TYPE:Bridge infill
;WIDTH:0.410423
;HEIGHT:0.4
M106 S255
G1 F1500
G1 X114.727 Y39.618 E3.88399
G1 X114.727 Y40.15 E3.91325
G1 X143.119 Y56.542 E5.71648
G1 X142.198 Y56.542 E5.76714
G1 X114.727 Y40.682 E7.51187
G1 X114.727 Y41.213 E7.54108
G1 X141.277 Y56.542 E9.22734
G1 X140.356 Y56.542 E9.278
G1 X114.727 Y41.745 E10.90575
G1 X114.727 Y42.277 E10.93501
G1 X139.435 Y56.542 E12.50426
G1 X138.515 Y56.542 E12.55486
G1 X114.727 Y42.808 E14.06569
G1 X114.727 Y43.34 E14.09495
G1 X137.594 Y56.542 E15.54727
G1 X136.673 Y56.542 E15.59793
G1 X114.727 Y43.872 E16.99175
G1 X114.727 Y44.403 E17.02096
G1 X135.752 Y56.542 E18.35631
G1 X134.831 Y56.542 E18.40697
G1 X114.727 Y44.935 E19.68382
G1 X114.727 Y45.467 E19.71308
G1 X133.91 Y56.542 E20.93142
G1 X132.99 Y56.542 E20.98202
G1 X114.727 Y45.998 E22.14194
G1 X114.727 Y46.53 E22.1712
G1 X132.069 Y56.542 E23.27262
G1 X131.148 Y56.542 E23.32328
G1 X114.727 Y47.061 E24.36622
G1 X114.727 Y47.593 E24.39548
G1 X130.227 Y56.542 E25.37992
G1 X129.306 Y56.542 E25.43058
G1 X114.727 Y48.125 E26.35652
G1 X114.727 Y48.656 E26.38573
G1 X128.385 Y56.542 E27.25319
G1 X127.465 Y56.542 E27.30379
G1 X114.727 Y49.188 E28.1128
G1 X114.727 Y49.72 E28.14206
G1 X126.544 Y56.542 E28.89257
G1 X125.623 Y56.542 E28.94323
G1 X114.727 Y50.251 E29.63526
G1 X114.727 Y50.783 E29.66452
G1 X124.702 Y56.542 E30.29805
G1 X123.781 Y56.542 E30.34871
G1 X114.727 Y51.315 E30.92374
G1 X114.727 Y51.846 E30.95295
G1 X122.86 Y56.542 E31.46951
G1 X121.939 Y56.542 E31.52017
G1 X114.727 Y52.378 E31.97822
G1 X114.727 Y52.91 E32.00748
G1 X121.019 Y56.542 E32.40708
G1 X120.098 Y56.542 E32.45774
G1 X114.727 Y53.441 E32.79887
G1 X114.727 Y53.973 E32.82813
G1 X119.177 Y56.542 E33.11075
G1 X118.256 Y56.542 E33.16141
G1 X114.727 Y54.505 E33.38553
G1 X114.727 Y55.036 E33.41474
G1 X117.335 Y56.542 E33.58039
G1 X116.414 Y56.542 E33.63105
G1 X114.727 Y55.568 E33.7382
G1 X114.727 Y56.1 E33.76746
G1 X115.844 Y56.745 E33.83841
M107
G1 E31.83841 F2400
G92 E0
G1 X112.664 Y57.256 F7800
G1 E2 F2400
;TYPE:Perimeter
;WIDTH:0.437097
;HEIGHT:0.3
G1 F1200
G1 X112.664 Y37.789 E2.90497
G1 E.90497 F2400
G92 E0
G1 X112.285 Y57.635 F7800
G1 E2 F2400
;TYPE:External perimeter
;WIDTH:0.45
G1 F1500
G1 X112.285 Y37.41 E2.97275
G1 X112.968 Y37.41 E3.0056
;TYPE:Overhang perimeter
;WIDTH:0.4
;HEIGHT:0.4
M106 S255
G1 X113.043 Y37.41 E3.00952
G1 X113.043 Y57.635 E4.06617
G1 X112.968 Y57.635 E4.07009
M107
;TYPE:External perimeter
;WIDTH:0.45
;HEIGHT:0.3
G1 X112.345 Y57.635 E4.10005
G1 X112.285 Y57.239 F7800
G1 E2.10005 F2400
G92 E0
G1 X114.486 Y61.936 F7800
G1 E2 F2400
;TYPE:Perimeter
;WIDTH:0.610955
G1 X115.033 Y61.936 E2.03729
;WIDTH:0.62094
G1 X115.044 Y62.618 E2.08464
G1 X115.098 Y62.702 E2.09157
;WIDTH:0.578205
G1 X115.153 Y62.785 E2.09795
;WIDTH:0.53547
G1 X115.207 Y62.868 E2.10377
;WIDTH:0.492735
G1 X115.262 Y62.951 E2.10909
;WIDTH:0.45
G1 X115.595 Y63.272 E2.13134
G1 X116.31 Y63.684 E2.17103
;TYPE:Overhang perimeter
;WIDTH:0.4
;HEIGHT:0.4
M106 S255
G1 F1500
G1 X145.502 Y80.538 E3.9321
G1 X116.31 Y80.538 E5.45723
M107
;TYPE:Perimeter
;WIDTH:0.45
;HEIGHT:0.3
G1 F2400
G1 X114.406 Y80.538 E5.54881
G1 X114.406 Y63.198 E6.3828
;WIDTH:0.492735
G1 X114.427 Y63.065 E6.38999
;WIDTH:0.53547
G1 X114.448 Y62.932 E6.3979
;WIDTH:0.578205
G1 X114.47 Y62.799 E6.40654
;WIDTH:0.62094
G1 X114.491 Y62.667 E6.41582
G1 X114.486 Y62.437 E6.43179
;WIDTH:0.610955
G1 X114.486 Y61.996 E6.46185
G1 X114.02 Y61.47 F7800
;WIDTH:0.45
G1 F2400
G1 X115.499 Y61.47 E6.53298
G1 X115.499 Y62.437 E6.57949
G1 X115.588 Y62.745 E6.59491
G1 X115.788 Y62.938 E6.60828
G1 X116.31 Y63.239 E6.63726
;TYPE:Overhang perimeter
;WIDTH:0.4
;HEIGHT:0.4
M106 S255
G1 F1500
G1 X146.941 Y80.924 E8.48515
G1 X116.31 Y80.924 E10.08546
M107
;TYPE:Perimeter
;WIDTH:0.45
;HEIGHT:0.3
G1 F2400
G1 X114.02 Y80.924 E10.1956
G1 X114.02 Y61.53 E11.12838
G1 X113.635 Y61.085 F7800
;TYPE:External perimeter
G1 F1500
G1 X115.885 Y61.085 E11.2366
G1 X115.885 Y62.466 E11.30302
G1 X115.981 Y62.604 E11.31111
G1 X116.31 Y62.794 E11.32938
;TYPE:Overhang perimeter
;WIDTH:0.4
;HEIGHT:0.4
M106 S255
G1 X148.38 Y81.31 E13.26408
G1 X116.31 Y81.31 E14.93957
M107
;TYPE:External perimeter
;WIDTH:0.45
;HEIGHT:0.3
G1 X113.635 Y81.31 E15.06823
G1 X113.635 Y61.145 E16.0381
G1 X114.03 Y61.085 F7800
G1 E14.0381 F2400
G92 E0
G1 X144.39 Y80.42 F7800
G1 E2 F2400
;TYPE:Bridge infill
;WIDTH:0.410423
;HEIGHT:0.4
M106 S255
G1 F1500
G1 X114.727 Y63.293 E3.88399
G1 X114.727 Y63.825 E3.91325
G1 X143.119 Y80.217 E5.71648
G1 X142.198 Y80.217 E5.76714
G1 X114.727 Y64.357 E7.51187
G1 X114.727 Y64.888 E7.54108
G1 X141.277 Y80.217 E9.22734
G1 X140.356 Y80.217 E9.278
G1 X114.727 Y65.42 E10.90575
G1 X114.727 Y65.952 E10.93501
G1 X139.435 Y80.217 E12.50426
G1 X138.515 Y80.217 E12.55486
G1 X114.727 Y66.483 E14.06569
G1 X114.727 Y67.015 E14.09495
G1 X137.594 Y80.217 E15.54727
G1 X136.673 Y80.217 E15.59793
G1 X114.727 Y67.547 E16.99175
G1 X114.727 Y68.078 E17.02096
G1 X135.752 Y80.217 E18.35631
G1 X134.831 Y80.217 E18.40697
G1 X114.727 Y68.61 E19.68382
G1 X114.727 Y69.142 E19.71308
G1 X133.91 Y80.217 E20.93142
G1 X132.99 Y80.217 E20.98202
G1 X114.727 Y69.673 E22.14194
G1 X114.727 Y70.205 E22.1712
G1 X132.069 Y80.217 E23.27262
G1 X131.148 Y80.217 E23.32328
G1 X114.727 Y70.736 E24.36622
G1 X114.727 Y71.268 E24.39548
G1 X130.227 Y80.217 E25.37992
G1 X129.306 Y80.217 E25.43058
G1 X114.727 Y71.8 E26.35652
G1 X114.727 Y72.331 E26.38573
G1 X128.385 Y80.217 E27.25319
G1 X127.465 Y80.217 E27.30379
G1 X114.727 Y72.863 E28.1128
G1 X114.727 Y73.395 E28.14206
G1 X126.544 Y80.217 E28.89257
G1 X125.623 Y80.217 E28.94323
G1 X114.727 Y73.926 E29.63526
G1 X114.727 Y74.458 E29.66452
G1 X124.702 Y80.217 E30.29805
G1 X123.781 Y80.217 E30.34871
G1 X114.727 Y74.99 E30.92374
G1 X114.727 Y75.521 E30.95295
G1 X122.86 Y80.217 E31.46951
G1 X121.939 Y80.217 E31.52017
G1 X114.727 Y76.053 E31.97822
G1 X114.727 Y76.585 E32.00748
G1 X121.019 Y80.217 E32.40708
G1 X120.098 Y80.217 E32.45774
G1 X114.727 Y77.116 E32.79887
G1 X114.727 Y77.648 E32.82813
G1 X119.177 Y80.217 E33.11075
G1 X118.256 Y80.217 E33.16141
G1 X114.727 Y78.18 E33.38553
G1 X114.727 Y78.711 E33.41474
G1 X117.335 Y80.217 E33.58039
G1 X116.414 Y80.217 E33.63105
G1 X114.727 Y79.243 E33.7382
G1 X114.727 Y79.775 E33.76746
G1 X115.844 Y80.42 E33.83841
M107
G1 E31.83841 F2400
G92 E0
G1 X112.664 Y80.931 F7800
G1 E2 F2400
;TYPE:Perimeter
;WIDTH:0.437097
;HEIGHT:0.3
G1 F1200
G1 X112.664 Y61.464 E2.90497
G1 X112.285 Y61.085 F7800
;TYPE:External perimeter
;WIDTH:0.45
G1 F1500
G1 X112.968 Y61.085 E2.93782
;TYPE:Overhang perimeter
;WIDTH:0.4
;HEIGHT:0.4
M106 S255
G1 X113.043 Y61.085 E2.94174
G1 X113.043 Y81.31 E3.99839
G1 X112.968 Y81.31 E4.00231
M107
;TYPE:External perimeter
;WIDTH:0.45
;HEIGHT:0.3
G1 X112.285 Y81.31 E4.03516
G1 X112.285 Y61.145 E5.00503
G1 X112.68 Y61.085 F7800
G1 E3.00503 F2400
G92 E0
G1 X133.062 Y170.955 F7800
G1 E2 F2400
;TYPE:Perimeter
G1 X133.043 Y170.977 E2.0014
G1 X132.932 Y171.517 E2.02792
;WIDTH:0.464918
G1 X133.016 Y171.812 E2.04324
G1 X132.453 Y171.812 E2.07137
G1 X132.537 Y171.517 E2.08669
;WIDTH:0.45
G1 X132.426 Y170.977 E2.11321
G1 X132.185 Y170.686 E2.13138
G1 X131.922 Y170.533 E2.14601
G1 X131.576 Y170.469 E2.16293
G1 X113.056 Y170.469 E3.05368
G1 X113.056 Y98.706 E6.50523
G1 X124.851 Y98.706 E7.07253
G1 X125.112 Y98.84 E7.08664
G1 X128.794 Y100.13 E7.27429
G1 X132.734 Y100.578 E7.46501
G1 X136.675 Y100.13 E7.65578
G1 X140.357 Y98.84 E7.84343
G1 X140.618 Y98.706 E7.85754
G1 X152.413 Y98.706 E8.42484
G1 X152.413 Y170.469 E11.87639
G1 X133.893 Y170.469 E12.76714
G1 X133.613 Y170.511 E12.78076
G1 X133.284 Y170.686 E12.79868
G1 X133.1 Y170.909 E12.81259
G1 X133.399 Y171.144 F7800
G1 F2400
G1 X133.383 Y171.16 E12.81368
G1 X133.316 Y171.484 E12.82959
G1 X133.397 Y171.731 E12.84209
G1 X133.681 Y172.205 E12.86867
G1 X131.788 Y172.205 E12.95972
G1 X132.072 Y171.731 E12.9863
G1 X132.148 Y171.521 E12.99704
G1 X132.086 Y171.16 E13.01466
G1 X131.844 Y170.92 E13.03105
G1 X131.576 Y170.855 E13.04431
G1 X112.67 Y170.855 E13.95362
G1 X112.67 Y98.32 E17.4423
G1 X124.96 Y98.32 E18.03341
G1 X125.239 Y98.476 E18.04878
G1 X128.881 Y99.752 E18.23439
G1 X132.734 Y100.19 E18.4209
G1 X136.588 Y99.752 E18.60746
G1 X140.23 Y98.476 E18.79307
G1 X140.509 Y98.32 E18.80844
G1 X152.799 Y98.32 E19.39955
G1 X152.799 Y170.855 E22.88823
G1 X133.893 Y170.855 E23.79754
G1 X133.625 Y170.92 E23.8108
G1 X133.442 Y171.101 E23.82318
G1 X133.743 Y171.35 F7800
;TYPE:External perimeter
G1 F1500
G1 X133.701 Y171.45 E23.8284
G1 X133.727 Y171.532 E23.83254
G1 X134.362 Y172.59 E23.89189
G1 X131.107 Y172.59 E24.04844
G1 X131.778 Y171.472 E24.11115
G1 X131.698 Y171.284 E24.12098
G1 X131.576 Y171.24 E24.12722
G1 X112.285 Y171.24 E25.05505
G1 X112.285 Y98.029 E28.57624
;TYPE:Overhang perimeter
;WIDTH:0.4
;HEIGHT:0.4
M106 S255
G1 X112.285 Y97.934 E28.5812
G1 X125.07 Y97.934 E29.24915
G1 X125.227 Y98.029 E29.25874
M107
;TYPE:External perimeter
;WIDTH:0.45
;HEIGHT:0.3
G1 X125.367 Y98.113 E29.26659
G1 X128.968 Y99.374 E29.4501
G1 X132.734 Y99.802 E29.6324
G1 X136.502 Y99.374 E29.81479
G1 X140.102 Y98.113 E29.99825
G1 X140.242 Y98.029 E30.0061
;TYPE:Overhang perimeter
;WIDTH:0.4
;HEIGHT:0.4
M106 S255
G1 X140.399 Y97.934 E30.01569
G1 X153.185 Y97.934 E30.68369
G1 X153.185 Y98.029 E30.68865
M107
;TYPE:External perimeter
;WIDTH:0.45
;HEIGHT:0.3
G1 X153.185 Y171.24 E34.20984
G1 X133.893 Y171.24 E35.13772
G1 X133.771 Y171.284 E35.14396
G1 X133.766 Y171.295 E35.14454
G1 X133.83 Y171.69 F7800
G1 E33.14454 F2400
G92 E0
G1 X135.648 Y170.182 F7800
G1 E2 F2400
;TYPE:Internal infill
;WIDTH:0.45
G1 F4800
G1 X113.345 Y147.88 E3.51699
G1 E1.51699 F2400
G92 E0
G1 X113.345 Y150.811 F7800
G1 E2 F2400
G1 F4800
G1 X113.345 Y148.497 E2.1113
G1 X126.309 Y100.115 E4.5204
G1 X126.645 Y100.115 E4.53656
G1 X127.377 Y100.371 E4.57386
G1 X113.345 Y104.131 E5.27256
G1 X113.345 Y104.252 E5.27838
G1 X152.124 Y143.031 E7.91608
G1 X152.124 Y141.647 E7.98265
G1 X113.345 Y152.037 E9.91357
G1 X113.345 Y154.351 E10.02487
G1 E8.02487 F2400
G92 E0
G1 X113.345 Y141.739 F7800
G1 E2 F2400
G1 F4800
G1 X113.345 Y144.053 E2.1113
G1 X152.124 Y133.662 E4.04223
G1 X152.124 Y132.124 E4.1162
G1 X120.115 Y100.115 E6.29342
G1 X118.324 Y100.115 E6.37956
G1 X113.345 Y118.699 E7.30491
G1 X113.345 Y120.1 E7.37229
G1 X152.124 Y109.709 E9.30322
G1 X152.124 Y110.31 E9.33213
G1 X141.929 Y100.115 E10.02558
G1 X142.278 Y100.115 E10.04237
G1 X123.504 Y170.181 E13.53118
G1 X124.74 Y170.182 E13.59063
G1 X113.345 Y158.787 E14.3657
G1 X113.345 Y160.022 E14.4251
G1 X152.124 Y149.631 E16.35603
G1 X152.124 Y152.764 E16.50672
G1 X147.457 Y170.181 E17.37397
G1 X146.553 Y170.181 E17.41745
G1 X113.345 Y136.973 E19.67622
G1 X113.345 Y136.069 E19.7197
G1 X152.124 Y125.678 E21.65063
G1 X152.124 Y127.991 E21.76188
G1 E19.76188 F2400
G92 E0
G1 X152.124 Y115.38 F7800
G1 E2 F2400
G1 F4800
G1 X152.124 Y117.693 E2.11125
G1 X113.345 Y128.084 E4.04218
G1 X113.345 Y126.066 E4.13924
G1 X152.124 Y164.845 E6.77694
G1 X152.124 Y165.6 E6.81325
G1 X135.022 Y170.182 E7.66481
G1 X133.803 Y170.183 E7.72344
G1 X133.53 Y170.233 E7.73679
G1 X133.097 Y170.464 E7.76039
G1 X132.848 Y170.765 E7.77918
G1 X132.662 Y170.815 E7.78844
G1 X132.372 Y170.464 E7.81034
G1 X132.157 Y170.322 E7.82273
G1 X131.939 Y170.233 E7.83406
G1 X131.488 Y170.183 E7.85588
G1 X150.262 Y100.115 E11.34479
G1 X152.124 Y100.115 E11.43435
G1 X152.124 Y101.724 E11.51174
G1 X113.345 Y112.115 E13.44267
G1 X113.345 Y115.159 E13.58908
G1 X152.124 Y153.938 E16.22678
G1 E14.22678 F2400
G92 E0
G1 X152.124 Y159.929 F7800
G1 E2 F2400
G1 F4800
G1 X152.124 Y157.616 E2.11125
G1 X113.345 Y168.006 E4.04217
G1 X113.345 Y169.694 E4.12336
G1 X113.831 Y170.18 E4.15642
G1 X115.519 Y170.18 E4.23761
G1 X134.016 Y101.149 E7.67489
G1 X132.799 Y101.287 E7.7338
G1 X132.124 Y101.217 E7.76644
G1 X152.124 Y121.217 E9.12682
G1 X152.124 Y122.965 E9.21089
G1 X139.472 Y170.182 E11.56198
G1 X141.786 Y170.181 E11.67328
G1 E9.67328 F2400
G92 E0
G1 X113.345 Y99.188 F7800
G1 E2 F2400
;TYPE:Solid infill
;WIDTH:0.45
G1 F1200
G1 X113.345 Y99.729 E2.02602
G1 X124.918 Y99.729 E2.58264
;WIDTH:0.479947
G1 X126.696 Y99.714 E2.6748
G1 X125.022 Y99.115 E2.76695
;WIDTH:0.45
G1 X124.774 Y98.995 E2.7802
G1 X113.345 Y98.995 E3.3299
G1 X113.712 Y99.362 E3.35486
;WIDTH:0.413357
G1 X124.688 Y99.362 E3.8326
G1 E1.8326 F2400
G92 E0
G1 X126.697 Y99.716 F7800
G1 E2 F2400
;WIDTH:0.482759
G1 F1200
G1 X126.732 Y99.726 E2.0019
;WIDTH:0.495775
G1 X128.772 Y100.435 E2.1181
G1 X132.749 Y100.881 E2.33343
;WIDTH:0.496159
G1 X136.544 Y100.453 E2.5391
G1 X136.773 Y100.41 E2.55165
;WIDTH:0.479453
G1 X138.709 Y99.733 E2.65783
;WIDTH:0.486255
G1 X138.777 Y99.716 E2.66152
G1 X138.969 Y99.718 E2.67162
;WIDTH:0.482317
G1 X140.552 Y99.733 E2.75414
;WIDTH:0.45
G1 X152.124 Y99.73 E3.31071
G1 X152.124 Y98.995 E3.34606
G1 X140.695 Y98.995 E3.89576
G1 X140.447 Y99.115 E3.90901
;WIDTH:0.486255
G1 X138.777 Y99.716 E4.0024
G1 E2.0024 F2400
G92 E0
G1 X140.781 Y99.364 F7800
G1 E2 F2400
;WIDTH:0.417275
G1 F1200
G1 X151.757 Y99.362 E2.48311
G1 E.48311 F2400
G92 E0
G1 X83.207 Y127.399 F7800
G1 E2 F2400
;TYPE:Perimeter
;WIDTH:0.45
G1 X108.063 Y127.399 E3.19549
G1 X108.063 Y138.151 E3.71262
G1 X83.207 Y138.151 E4.90811
G1 X83.207 Y127.459 E5.42236
G1 X82.821 Y127.013 F7800
G1 F2400
G1 X108.449 Y127.013 E6.65498
G1 X108.449 Y138.537 E7.20924
G1 X82.821 Y138.537 E8.44186
G1 X82.821 Y127.073 E8.99324
G1 X82.436 Y126.628 F7800
;TYPE:External perimeter
G1 F1500
G1 X108.835 Y126.628 E10.26294
G1 X108.835 Y138.923 E10.85429
G1 X82.436 Y138.923 E12.12399
G1 X82.436 Y126.688 E12.71245
G1 X82.831 Y126.628 F7800
G1 E10.71245 F2400
G92 E0
G1 X97.912 Y137.862 F7800
G1 E2 F2400
;TYPE:Internal infill
;WIDTH:0.45
G1 F4800
G1 X100.226 Y137.862 E2.1113
G1 X102.952 Y127.688 E2.6179
G1 X104.06 Y127.688 E2.67119
G1 X107.774 Y131.402 E2.92381
G1 X107.774 Y129.577 E3.01159
G1 X83.496 Y136.082 E4.22047
G1 X83.496 Y137.862 E4.30608
G1 X84.257 Y137.862 E4.34268
G1 X86.983 Y127.688 E4.84928
G1 X85.024 Y127.688 E4.9435
G1 X83.496 Y128.098 E5.01959
G1 X83.496 Y128.938 E5.05999
G1 X92.42 Y137.862 E5.66699
G1 X92.241 Y137.862 E5.6756
G1 X94.967 Y127.688 E6.1822
G1 X93.153 Y127.688 E6.26945
G1 X103.327 Y137.862 E6.96147
G1 X106.651 Y137.862 E7.12134
G1 X107.774 Y137.561 E7.17726
G1 X107.774 Y135.248 E7.28851
G1 E5.28851 F2400
G92 E0
G1 X70.481 Y109.07 F7800
G1 E2 F2400
;TYPE:Perimeter
;WIDTH:0.45
G1 X70.545 Y109.018 E2.00397
G1 X70.732 Y108.672 E2.02289
G1 X70.773 Y108.396 E2.03631
G1 X70.773 Y38.181 E5.41341
G1 X108.063 Y38.181 E7.20693
G1 X108.063 Y48.933 E7.72406
G1 X81.37 Y48.933 E9.0079
G1 X81.028 Y49.036 E9.02508
G1 X80.772 Y49.224 E9.04036
G1 X80.574 Y49.52 E9.05749
G1 X80.497 Y49.898 E9.07604
G1 X80.497 Y117.476 E12.32631
G1 X77.902 Y117.476 E12.45112
G1 X77.579 Y117.596 E12.46769
G1 X77.304 Y117.823 E12.48484
G1 X77.144 Y118.095 E12.50002
G1 X77.08 Y118.441 E12.51694
G1 X77.08 Y138.151 E13.46492
G1 X58.34 Y138.151 E14.36625
G1 X58.34 Y118.365 E15.31789
G1 X58.236 Y118.006 E15.33587
G1 X58.05 Y117.751 E15.35105
G1 X57.725 Y117.542 E15.36963
G1 X57.376 Y117.476 E15.38671
G1 X54.923 Y117.476 E15.50469
G1 X54.923 Y49.793 E18.76001
G1 X54.79 Y49.41 E18.77951
G1 X54.567 Y49.15 E18.79598
G1 X54.291 Y48.993 E18.81125
G1 X53.959 Y48.933 E18.82748
G1 X27.356 Y48.933 E20.10699
G1 X27.356 Y38.181 E20.62412
G1 X64.646 Y38.181 E22.41764
G1 X64.646 Y108.502 E25.79984
G1 X64.735 Y108.799 E25.81475
G1 X64.936 Y109.085 E25.83156
G1 X65.253 Y109.291 E25.84974
G1 X65.61 Y109.36 E25.86723
G1 X69.972 Y109.346 E26.07703
G1 X70.269 Y109.243 E26.09215
G1 X70.435 Y109.108 E26.10244
G1 X70.206 Y108.793 F7800
G1 F2400
G1 X70.334 Y108.638 E26.11211
G1 X70.387 Y108.396 E26.12403
G1 X70.387 Y37.795 E29.51969
G1 X108.449 Y37.795 E31.35034
G1 X108.449 Y49.319 E31.9046
G1 X81.38 Y49.319 E33.20652
G1 X81.096 Y49.449 E33.22154
G1 X80.929 Y49.671 E33.2349
G1 X80.883 Y49.898 E33.24604
G1 X80.883 Y117.862 E36.51487
G1 X77.955 Y117.862 E36.6557
G1 X77.718 Y117.963 E36.66809
G1 X77.528 Y118.18 E36.68196
G1 X77.466 Y118.441 E36.69486
G1 X77.466 Y138.537 E37.66141
G1 X57.954 Y138.537 E38.59987
G1 X57.954 Y118.393 E39.56873
G1 X57.861 Y118.125 E39.58237
G1 X57.655 Y117.934 E39.59588
G1 X57.376 Y117.862 E39.60974
G1 X54.537 Y117.862 E39.74629
G1 X54.537 Y49.832 E43.0183
G1 X54.418 Y49.545 E43.03324
G1 X54.218 Y49.381 E43.04568
G1 X53.959 Y49.319 E43.05849
G1 X26.97 Y49.319 E44.35657
G1 X26.97 Y37.795 E44.91083
G1 X65.032 Y37.795 E46.74148
G1 X65.032 Y108.464 E50.14041
G1 X65.123 Y108.708 E50.15294
G1 X65.334 Y108.904 E50.16679
G1 X65.61 Y108.974 E50.18048
G1 X69.906 Y108.966 E50.3871
G1 X70.145 Y108.866 E50.39956
G1 X70.168 Y108.839 E50.40127
G1 X69.945 Y108.525 F7800
;TYPE:External perimeter
G1 F1500
G1 X70.002 Y108.396 E50.40805
G1 X70.002 Y37.41 E53.82223
G1 X108.835 Y37.41 E55.68996
G1 X108.835 Y49.705 E56.28131
G1 X81.461 Y49.705 E57.5979
G1 X81.34 Y49.748 E57.60408
G1 X81.269 Y49.898 E57.61206
G1 X81.269 Y118.248 E60.89946
G1 X78.044 Y118.248 E61.05457
G1 X77.912 Y118.3 E61.06139
G1 X77.852 Y118.441 E61.06876
G1 X77.852 Y138.923 E62.05387
G1 X57.569 Y138.923 E63.02941
G1 X57.569 Y118.441 E64.01452
G1 X57.524 Y118.317 E64.02086
G1 X57.376 Y118.248 E64.02871
G1 X54.152 Y118.248 E64.18377
G1 X54.152 Y49.898 E67.47117
G1 X54.097 Y49.763 E67.47818
G1 X53.959 Y49.705 E67.48538
G1 X26.585 Y49.705 E68.80197
G1 X26.585 Y37.41 E69.39332
G1 X65.418 Y37.41 E71.26105
G1 X65.418 Y108.396 E74.67523
G1 X65.463 Y108.52 E74.68157
G1 X65.61 Y108.589 E74.68938
G1 X69.809 Y108.589 E74.89134
G1 X69.897 Y108.554 E74.89589
G1 X69.994 Y108.166 F7800
G1 E72.89589 F2400
G92 E0
G1 X80.208 Y99.355 F7800
G1 E2 F2400
;TYPE:Internal infill
;WIDTH:0.45
G1 F4800
G1 X80.208 Y97.041 E2.1113
G1 X71.051 Y99.494 E2.56725
G1 X71.052 Y97.75 E2.65113
G1 X80.208 Y63.577 E4.35271
G1 X80.208 Y61.263 E4.46401
G1 E2.46401 F2400
G92 E0
G1 X80.208 Y67.417 F7800
G1 E2 F2400
G1 F4800
G1 X80.208 Y65.103 E2.1113
G1 X71.057 Y67.555 E2.56696
G1 E.56696 F2400
G92 E0
G1 X71.056 Y70.246 F7800
G1 E2 F2400
G1 F4800
G1 X71.057 Y67.932 E2.1113
G1 X78.951 Y38.47 E3.5783
G1 X80.284 Y38.47 E3.64241
G1 X84.278 Y42.464 E3.91408
G1 X84.29 Y41.878 E3.94227
G1 X84.465 Y41.447 E3.96464
G1 X84.831 Y40.99 E3.9928
G1 X85.146 Y40.803 E4.01042
G1 X85.555 Y40.664 E4.0312
G1 X86.355 Y40.637 E4.0697
G1 X86.935 Y38.47 E4.17759
G1 X84.622 Y38.47 E4.28884
G1 E2.28884 F2400
G92 E0
G1 X84.782 Y42.797 F7800
G1 E2 F2400
;TYPE:Solid infill
;WIDTH:0.434802
G1 F1200
G1 X84.884 Y42.916 E2.00724
;WIDTH:0.459899
G1 X84.986 Y43.036 E2.01501
G1 E.01501 F2400
G92 E0
G1 X86.028 Y45.162 F7800
G1 E2 F2400
;WIDTH:0.45
G1 F1200
G1 X86.911 Y46.045 E2.06006
G1 X87.454 Y46.043 E2.08618
G1 X85.992 Y44.58 E2.18566
G1 X85.863 Y43.717 F7800
;WIDTH:0.404381
G1 F1200
G1 X85.844 Y43.788 E2.18878
G1 X85.915 Y43.769 E2.1919
G1 X85.904 Y43.728 E2.1937
;WIDTH:0.45
G1 X85.988 Y44.031 E2.20882
G1 X87.833 Y45.876 E2.33431
G1 X88.573 Y45.968 E2.37018
;WIDTH:0.404381
G1 X88.584 Y46.009 E2.37198
G1 X88.513 Y46.028 E2.3751
G1 X88.532 Y45.957 E2.37822
;WIDTH:0.45
G1 X88.27 Y45.768 E2.39376
G1 X84.638 Y42.136 E2.6408
G1 X84.768 Y41.72 E2.66176
G1 X89.14 Y46.093 E2.95917
G1 X89.686 Y46.093 E2.98543
G1 X84.979 Y41.386 E3.30559
G1 X85.298 Y41.16 E3.32439
G1 X90.231 Y46.093 E3.65993
G1 X90.776 Y46.093 E3.68614
G1 X85.716 Y41.032 E4.03035
G1 X86.252 Y41.023 E4.05613
G1 X91.322 Y46.093 E4.40099
G1 X91.856 Y46.081 E4.42668
G1 X86.797 Y41.023 E4.77075
G1 X87.342 Y41.023 E4.79696
G1 X92.294 Y45.974 E5.13375
G1 X92.589 Y46.197 E5.15154
;WIDTH:0.404381
G1 X92.839 Y46.235 E5.16226
;WIDTH:0.45
G1 X92.958 Y46.093 E5.17117
G1 X87.888 Y41.023 E5.51603
G1 X88.433 Y41.023 E5.54224
G1 X93.503 Y46.093 E5.8871
G1 X94.049 Y46.093 E5.91336
G1 X89.097 Y41.141 E6.25019
G1 X89.533 Y41.031 E6.27182
G1 X94.58 Y46.079 E6.61514
G1 X95.027 Y45.981 E6.63715
G1 X90.069 Y41.023 E6.97439
G1 X90.615 Y41.023 E7.00065
G1 X95.659 Y46.067 E7.34374
G1 X96.23 Y46.093 E7.37123
G1 X91.16 Y41.023 E7.71609
G1 X91.824 Y41.141 E7.74853
G1 X96.775 Y46.093 E8.08532
G1 X97.321 Y46.093 E8.11158
G1 X92.257 Y41.029 E8.45603
G1 X92.796 Y41.023 E8.48196
G1 X97.853 Y46.08 E8.82593
G1 X98.256 Y45.937 E8.8465
G1 X93.341 Y41.023 E9.18078
G1 X93.887 Y41.023 E9.20704
G1 X98.578 Y45.714 E9.52612
G1 X99.566 Y46.035 F7800
;WIDTH:0.404381
G1 F1200
G1 X99.163 Y45.654 E9.54964
;WIDTH:0.45
G1 X98.896 Y45.486 E9.56481
G1 X94.432 Y41.023 E9.86841
G1 X94.977 Y41.023 E9.89462
G1 X100.015 Y46.061 E10.2373
G1 X100.518 Y46.018 E10.26158
G1 X95.633 Y41.133 E10.59385
G1 X96.071 Y41.026 E10.61554
G1 X100.864 Y45.819 E10.94155
G1 X101.389 Y45.571 E10.96948
;WIDTH:0.404381
G1 X101.37 Y45.642 E10.9726
G1 X101.441 Y45.623 E10.97572
G1 X101.43 Y45.582 E10.97752
;WIDTH:0.45
G1 X101.127 Y45.536 E10.99226
G1 X96.613 Y41.023 E11.29926
G1 X97.159 Y41.023 E11.32552
G1 X102.112 Y45.976 E11.66242
G1 X102.266 Y46.169 E11.6743
;WIDTH:0.404381
G1 X102.641 Y46.233 E11.69043
;WIDTH:0.45
G1 X102.774 Y46.093 E11.69972
G1 X97.704 Y41.023 E12.04458
G1 X98.25 Y41.024 E12.07084
G1 X103.319 Y46.093 E12.41563
G1 X103.865 Y46.093 E12.44189
G1 X98.815 Y41.043 E12.78538
G1 X99.465 Y41.199 E12.81753
;WIDTH:0.404381
G1 X99.797 Y41.531 E12.83744
;WIDTH:0.45
G1 X100.163 Y41.846 E12.86067
G1 X104.386 Y46.068 E13.14788
G1 X104.778 Y45.916 E13.1681
G1 X100.476 Y41.613 E13.46075
G1 X100.724 Y41.316 E13.47936
G1 X105.075 Y45.667 E13.77531
G1 X105.285 Y45.331 E13.79437
G1 X101.073 Y41.119 E14.08087
G1 X101.527 Y41.028 E14.10314
G1 X105.378 Y44.879 E14.36508
G1 X104.57 Y43.525 F7800
G1 F1200
G1 X102.405 Y41.361 E14.51231
G1 X102.132 Y41.167 E14.52842
;WIDTH:0.404381
G1 X102.029 Y41.08 E14.53414
;WIDTH:0.45
G1 X102.79 Y41.201 E14.5712
G1 X104.57 Y42.98 E14.69224
G1 E12.69224 F2400
G92 E0
G1 X103.378 Y41.203 F7800
G1 E2 F2400
;WIDTH:0.507209
G1 F1200
G1 X104.452 Y42.279 E2.08397
;WIDTH:0.504342
G1 X104.542 Y42.369 E2.09095
G1 X104.469 Y41.865 E2.1189
G1 X104.275 Y41.479 E2.14261
;WIDTH:0.507209
G1 X104.159 Y41.357 E2.15191
G1 X103.88 Y41.185 E2.17001
G1 X103.468 Y41.061 E2.19377
G1 X103.242 Y41.067 E2.20626
G1 E.20626 F2400
G92 E0
G1 X100.213 Y41.317 F7800
G1 E2 F2400
;TYPE:Internal infill
;WIDTH:0.45
G1 F4800
G1 X100.404 Y41.079 E2.01468
G1 X100.691 Y40.868 E2.03181
G1 X101.335 Y40.648 E2.06454
G1 X101.83 Y40.678 E2.08839
G1 X102.268 Y40.845 E2.11094
G1 X102.904 Y38.47 E2.22919
G1 X102.098 Y38.47 E2.26796
G1 X107.774 Y44.146 E2.65403
G1 X107.774 Y41.748 E2.76937
G1 X104.955 Y42.503 E2.90973
G1 X104.955 Y43.567 E2.9609
G1 X105.354 Y43.854 E2.98454
G1 X105.601 Y44.246 E3.00682
G1 X105.749 Y44.697 E3.02965
G1 X105.749 Y45.122 E3.05009
G1 X105.576 Y45.622 E3.07554
G1 X105.297 Y46.023 E3.09904
G1 X104.909 Y46.291 E3.12172
G1 X104.217 Y46.478 E3.1562
G1 X102.575 Y46.478 E3.23517
G1 X102.093 Y46.386 E3.25877
G1 X101.702 Y46.206 E3.27947
G1 X101.353 Y45.879 E3.30247
G1 X100.997 Y46.218 E3.32611
G1 X100.798 Y46.331 E3.33712
G1 X100.178 Y48.644 E3.45229
G1 X101.365 Y48.644 E3.50938
G1 X98.779 Y46.058 E3.68528
G1 X98.545 Y46.229 E3.69922
G1 X97.965 Y46.453 E3.72912
G1 X96.566 Y46.478 E3.79642
G1 E1.79642 F2400
G92 E0
G1 X97.234 Y38.47 F7800
G1 E2 F2400
G1 F4800
G1 X94.92 Y38.47 E2.1113
G1 X94.339 Y40.637 E2.21921
G1 X93.358 Y40.637 E2.26639
G1 X91.191 Y38.47 E2.41379
G1 X90.208 Y38.47 E2.46107
G1 X71.061 Y43.601 E3.41447
G1 X71.062 Y40.155 E3.58021
G1 X80.317 Y49.41 E4.20972
G1 X80.558 Y49.04 E4.23096
G1 X71.06 Y51.585 E4.7039
G1 X71.06 Y51.06 E4.72915
G1 X80.208 Y60.208 E5.35139
G1 X80.208 Y57.119 E5.49996
G1 X71.058 Y59.57 E5.95556
G1 X71.058 Y61.965 E6.07075
G1 X80.208 Y71.115 E6.69312
G1 X80.208 Y73.087 E6.78797
G1 X71.055 Y75.54 E7.24373
G1 X71.056 Y72.87 E7.37215
G1 X80.208 Y82.022 E7.99466
G1 X80.208 Y81.072 E8.04035
G1 X71.054 Y83.525 E8.49616
G1 X71.054 Y83.775 E8.50818
G1 X80.208 Y92.929 E9.13082
G1 X80.208 Y93.376 E9.15232
G1 X68.288 Y137.862 E11.36742
G1 X70.607 Y137.862 E11.47896
G1 X58.629 Y125.885 E12.29366
G1 X58.629 Y126.776 E12.33651
G1 X76.791 Y121.91 E13.24085
G1 X76.791 Y122.233 E13.25639
G1 X55.212 Y100.654 E14.72417
G1 X55.212 Y103.739 E14.87255
G1 X64.357 Y101.288 E15.32792
G1 X64.357 Y98.892 E15.44316
G1 X55.212 Y89.747 E16.06519
G1 X55.212 Y87.77 E16.16028
G1 X64.357 Y85.319 E16.61565
G1 X64.357 Y87.985 E16.74388
G1 X55.212 Y78.84 E17.36591
G1 X55.212 Y79.785 E17.41136
G1 X64.357 Y77.335 E17.86671
G1 X64.357 Y77.078 E17.87907
G1 X55.212 Y67.933 E18.5011
G1 X55.212 Y67.469 E18.52342
G1 X62.982 Y38.47 E19.96737
G1 X60.41 Y38.47 E20.09107
G1 X51.279 Y40.917 E20.54574
G1 X50.627 Y40.654 E20.57955
G1 X50.202 Y40.654 E20.59999
G1 X49.854 Y40.761 E20.6175
G1 X47.563 Y38.47 E20.77333
G1 X47.013 Y38.47 E20.79978
G1 X46.433 Y40.637 E20.90767
G1 X45.254 Y40.638 E20.96438
G1 X44.738 Y40.754 E20.98982
G1 X44.151 Y40.637 E21.01861
G1 E19.01861 F2400
G92 E0
G1 X41.342 Y38.47 F7800
G1 E2 F2400
G1 F4800
G1 X39.029 Y38.47 E2.11125
G1 X38.401 Y40.813 E2.22792
G1 X38.521 Y40.883 E2.2346
G1 X38.896 Y40.71 E2.25446
G1 X36.656 Y38.47 E2.40682
G1 X34.343 Y38.47 E2.51807
G1 E.51807 F2400
G92 E0
G1 X32.598 Y41.037 F7800
G1 E2 F2400
G1 F4800
G1 X32.4 Y41.164 E2.01131
G1 X32.084 Y40.902 E2.03105
G1 X31.7 Y40.728 E2.05133
G1 X31.224 Y40.637 E2.07464
G1 X30.464 Y40.637 E2.11119
G1 X31.044 Y38.47 E2.21908
G1 X30.611 Y38.47 E2.23991
G1 X27.645 Y39.265 E2.3876
G1 X27.645 Y40.366 E2.44055
G1 X28.434 Y41.155 E2.49422
G1 X27.95 Y41.638 E2.52711
G1 X27.645 Y42.112 E2.55422
G1 X27.645 Y41.048 E2.60539
G1 E.60539 F2400
G92 E0
G1 X28.134 Y45.289 F7800
G1 E2 F2400
;TYPE:Solid infill
;WIDTH:0.404381
G1 F1200
G1 X28.666 Y45.822 E2.03194
;WIDTH:0.45
G1 X29.236 Y46.021 E2.06098
G1 X27.645 Y44.43 E2.1692
G1 X27.645 Y43.884 E2.19546
G1 X29.853 Y46.093 E2.34568
G1 X30.399 Y46.093 E2.37194
G1 X27.645 Y43.339 E2.55926
G1 X27.534 Y42.412 F7800
;WIDTH:0.404381
G1 F1200
G1 X27.515 Y42.483 E2.56238
G1 X27.586 Y42.464 E2.5655
G1 X27.575 Y42.423 E2.5673
;WIDTH:0.45
G1 X27.645 Y42.794 E2.58546
G1 X30.944 Y46.093 E2.80985
G1 X31.457 Y46.06 E2.83457
G1 X27.878 Y42.482 E3.07798
G1 X28.077 Y42.135 E3.09722
G1 X31.841 Y45.899 E3.35324
G1 X32.523 Y46.036 E3.3867
G1 X28.31 Y41.823 E3.67326
G1 X28.583 Y41.55 E3.69183
G1 X33.125 Y46.093 E4.00081
G1 X33.671 Y46.093 E4.02707
G1 X28.876 Y41.298 E4.35322
G1 X29.223 Y41.1 E4.37244
G1 X34.216 Y46.093 E4.71206
G1 X34.722 Y46.053 E4.73647
G1 X29.691 Y41.023 E5.07864
G1 X30.237 Y41.023 E5.1049
G1 X35.268 Y46.054 E5.4471
G1 X35.852 Y46.093 E5.47525
G1 X30.782 Y41.023 E5.82011
G1 X31.358 Y41.053 E5.84785
G1 X36.397 Y46.093 E6.19063
G1 X36.943 Y46.093 E6.21689
G1 X32.412 Y41.562 E6.52508
G1 X32.15 Y41.38 E6.54042
;WIDTH:0.404381
G1 X31.911 Y41.164 E6.55408
G1 X32.776 Y41.381 F7800
;WIDTH:0.45
G1 F1200
G1 X37.488 Y46.093 E6.87458
G1 X38.034 Y46.093 E6.90084
G1 X33.108 Y41.168 E7.23587
G1 X33.526 Y41.04 E7.2569
G1 X38.55 Y46.064 E7.59863
G1 X39.124 Y46.093 E7.62627
G1 X34.219 Y41.188 E7.9599
G1 X35.099 Y41.522 F7800
G1 F1200
G1 X39.67 Y46.093 E8.27081
G1 X40.215 Y46.093 E8.29702
G1 X35.386 Y41.263 E8.62552
G1 X35.754 Y41.087 E8.64514
G1 X40.76 Y46.093 E8.98564
G1 X41.306 Y46.093 E9.0119
G1 X36.236 Y41.023 E9.35676
G1 X36.781 Y41.023 E9.38297
G1 X41.795 Y46.037 E9.72402
G1 X42.372 Y46.069 E9.75181
G1 X37.326 Y41.023 E10.09503
G1 X37.908 Y41.059 E10.12308
G1 X42.942 Y46.093 E10.46549
G1 X43.487 Y46.093 E10.4917
G1 X38.649 Y41.254 E10.82081
G1 X39.016 Y41.076 E10.84043
G1 X44.032 Y46.093 E11.18165
G1 X44.521 Y46.036 E11.20533
G1 X39.508 Y41.023 E11.54631
G1 X40.053 Y41.023 E11.57252
G1 X44.887 Y45.857 E11.90132
G1 X45.144 Y45.948 E11.91443
;WIDTH:0.404381
G1 X45.125 Y46.019 E11.91755
G1 X45.197 Y46 E11.92071
G1 X45.186 Y45.959 E11.92251
;WIDTH:0.45
G1 X45.635 Y46.059 E11.94463
G1 X40.598 Y41.023 E12.28721
G1 X41.185 Y41.064 E12.31551
G1 X46.214 Y46.093 E12.65758
G1 X46.759 Y46.093 E12.68379
G1 X41.91 Y41.244 E13.01361
G1 X42.282 Y41.071 E13.03334
G1 X47.304 Y46.093 E13.37493
G1 X47.783 Y46.026 E13.39819
G1 X42.78 Y41.023 E13.73849
G1 X43.325 Y41.023 E13.7647
G1 X48.148 Y45.846 E14.09275
G1 X48.436 Y45.588 E14.11135
G1 X43.87 Y41.023 E14.42189
G1 X44.457 Y41.064 E14.45019
G1 X48.717 Y45.324 E14.73995
G1 X49.294 Y45.355 E14.76774
G1 X45.007 Y41.068 E15.05934
G1 E13.05934 F2400
G92 E0
G1 X49.37 Y45.431 F7800
G1 E2 F2400
G1 F1200
G1 X49.883 Y45.945 E2.03493
G1 X50.186 Y46.09 E2.05109
;WIDTH:0.404381
G1 X50.197 Y46.131 E2.05289
G1 X50.126 Y46.15 E2.05601
G1 X50.145 Y46.079 E2.05913
;WIDTH:0.45
G1 X50.563 Y46.08 E2.07923
G1 X45.506 Y41.023 E2.4232
G1 X46.052 Y41.023 E2.44946
G1 X50.965 Y45.936 E2.78364
G1 X51.278 Y45.703 E2.80241
G1 X46.597 Y41.023 E3.12077
G1 X47.142 Y41.023 E3.14698
G1 X51.484 Y45.364 E3.44228
G1 X51.782 Y45.117 E3.4609
G1 X47.688 Y41.023 E3.73937
G1 X48.301 Y41.09 E3.76903
G1 X52.101 Y44.891 E4.02754
G1 X52.294 Y44.538 E4.04689
G1 X49.351 Y41.595 E4.24707
G1 X49.079 Y41.496 E4.26099
;WIDTH:0.404381
G1 X48.726 Y41.142 E4.28219
G1 X49.63 Y41.329 F7800
;WIDTH:0.45
G1 F1200
G1 X52.404 Y44.103 E4.47087
G1 X51.598 Y42.751 F7800
G1 F1200
G1 X49.976 Y41.13 E4.58116
G1 X50.395 Y41.02 E4.602
;WIDTH:0.426533
G1 X50.436 Y41.013 E4.60388
G1 X50.933 Y41.15 E4.62717
G1 X51.211 Y41.324 E4.64198
G1 X51.376 Y41.506 E4.65308
;WIDTH:0.4227
G1 X51.591 Y42.033 E4.67852
G1 X51.6 Y42.227 E4.6872
G1 X51.477 Y42.104 E4.69497
;WIDTH:0.426533
G1 X50.531 Y41.156 E4.75546
G1 E2.75546 F2400
G92 E0
G1 X52.684 Y38.47 F7800
G1 E2 F2400
;TYPE:Internal infill
;WIDTH:0.45
G1 F4800
G1 X54.998 Y38.47 E2.1113
G1 X52.238 Y48.644 E2.61832
G1 X64.357 Y45.397 E3.22176
G1 X64.357 Y44.357 E3.27178
G1 X58.47 Y38.47 E3.67221
G1 X56.156 Y38.47 E3.78351
G1 E1.78351 F2400
G92 E0
G1 X51.856 Y45.511 F7800
G1 E2 F2400
G1 F4800
G1 X52.164 Y45.351 E2.01669
G1 X52.551 Y44.922 E2.04448
G1 X52.785 Y44.254 E2.07852
G1 X52.789 Y43.974 E2.09199
G1 X52.688 Y43.595 E2.11085
G1 X64.357 Y55.264 E2.90456
G1 X64.357 Y53.381 E2.99513
G1 X55.212 Y55.832 E3.4505
G1 X55.212 Y57.026 E3.50793
G1 X64.357 Y66.171 E4.12996
G1 X64.357 Y69.35 E4.28286
G1 X55.212 Y71.801 E4.73823
G1 X55.212 Y74.114 E4.84948
G1 E2.84948 F2400
G92 E0
G1 X55.212 Y61.503 F7800
G1 E2 F2400
G1 F4800
G1 X55.212 Y63.816 E2.11125
G1 X64.357 Y61.366 E2.5666
G1 X64.357 Y63.137 E2.65178
G1 X55.212 Y97.267 E4.35122
G1 X55.212 Y99.581 E4.46252
G1 E2.46252 F2400
G92 E0
G1 X55.212 Y93.44 F7800
G1 E2 F2400
G1 F4800
G1 X55.212 Y95.754 E2.1113
G1 X64.357 Y93.304 E2.56665
G1 X64.357 Y92.935 E2.5844
G1 X57.835 Y117.275 E3.79637
G1 X58.251 Y117.543 E3.82017
G1 X58.497 Y117.879 E3.8402
G1 X58.605 Y118.193 E3.85617
G1 X58.629 Y118.792 E3.885
G1 X80.208 Y113.01 E4.95949
G1 X80.208 Y114.743 E5.04284
G1 X71.05 Y105.585 E5.66576
G1 X71.05 Y107.479 E5.75685
G1 X80.208 Y105.025 E6.21286
G1 X80.208 Y103.836 E6.27005
G1 X71.052 Y94.68 E6.89283
G1 X71.053 Y91.51 E7.0453
G1 X80.208 Y89.056 E7.50117
G1 X80.208 Y86.743 E7.61242
G1 E5.61242 F2400
G92 E0
G1 X80.697 Y48.908 F7800
G1 E2 F2400
G1 F4800
G1 X81.245 Y48.663 E2.02887
G1 X82.036 Y48.644 E2.06693
G1 X90.119 Y46.478 E2.46941
G1 X91.765 Y46.478 E2.54858
G1 X92.303 Y46.362 E2.57505
G1 X92.776 Y46.472 E2.59841
G1 X92.194 Y48.644 E2.70656
G1 X90.458 Y48.644 E2.79006
G1 X88.027 Y46.213 E2.95541
G1 X87.419 Y46.454 E2.98687
G1 X86.956 Y46.461 E3.00914
G1 X86.466 Y46.296 E3.03401
G1 X86.185 Y46.129 E3.04973
G1 X85.941 Y45.882 E3.06643
G1 X85.603 Y44.167 F7800
G1 F4800
G1 X85.6 Y43.786 E3.08476
G1 X85.528 Y43.722 E3.08939
G1 X84.209 Y48.644 E3.33447
G1 X86.523 Y48.644 E3.44577
G1 E1.44577 F2400
G92 E0
G1 X49.144 Y48.644 F7800
G1 E2 F2400
G1 F4800
G1 X46.83 Y48.644 E2.1113
G1 X44.601 Y46.415 E2.26291
G1 X44.919 Y46.284 E2.27945
G1 X44.287 Y48.644 E2.39696
G1 X41.973 Y48.644 E2.50826
G1 E.50826 F2400
G92 E0
G1 X39.193 Y46.478 F7800
G1 E2 F2400
G1 F4800
G1 X36.883 Y46.478 E2.1111
G1 X36.303 Y48.644 E2.21895
G1 X35.923 Y48.644 E2.23723
G1 X33.757 Y46.478 E2.38456
G1 X32.81 Y46.476 E2.43011
G1 X32.39 Y46.399 E2.45065
G1 X32.034 Y46.234 E2.46952
G1 X31.439 Y46.46 E2.50013
G1 X30.523 Y46.478 E2.54419
G1 X27.645 Y47.249 E2.68749
G1 X27.645 Y48.644 E2.75458
G1 X28.318 Y48.644 E2.78695
G1 X28.942 Y46.317 E2.90282
G1 X28.492 Y46.019 E2.92878
G1 X27.95 Y45.478 E2.96561
G1 X27.645 Y45.017 E2.9922
G1 X27.645 Y45.472 E3.01408
G1 E1.01408 F2400
G92 E0
G1 X76.791 Y127.581 F7800
G1 E2 F2400
G1 F4800
G1 X76.791 Y129.894 E2.11125
G1 X58.629 Y134.761 E3.0156
G1 X58.629 Y136.792 E3.11328
G1 X59.7 Y137.862 E3.18609
G1 X60.303 Y137.862 E3.21509
G1 X67.863 Y109.649 E4.61991
G1 X65.398 Y109.631 E4.73847
G1 X64.904 Y109.432 E4.76409
G1 X64.653 Y109.193 E4.78076
G1 X55.212 Y111.723 E5.25086
G1 X55.212 Y111.561 E5.25865
G1 X76.791 Y133.14 E6.72643
G1 X76.791 Y135.926 E6.86043
G1 X76.272 Y137.862 E6.95683
G1 X73.959 Y137.862 E7.06808
G1 E5.06808 F2400
G92 E0
G1 X52.213 Y127.399 F7800
G1 E2 F2400
;TYPE:Perimeter
;WIDTH:0.45
G1 X52.213 Y138.151 E2.51713
G1 X27.356 Y138.151 E3.71267
G1 X27.356 Y127.399 E4.2298
G1 X52.153 Y127.399 E5.42245
G1 X52.599 Y127.013 F7800
G1 F2400
G1 X52.599 Y138.537 E5.97671
G1 X26.97 Y138.537 E7.20938
G1 X26.97 Y127.013 E7.76364
G1 X52.539 Y127.013 E8.99342
G1 X52.985 Y126.628 F7800
;TYPE:External perimeter
G1 F1500
G1 X52.985 Y138.923 E9.58477
G1 X26.585 Y138.923 E10.85452
G1 X26.585 Y126.628 E11.44587
G1 X52.925 Y126.628 E12.71273
G1 X52.984 Y127.023 F7800
G1 E10.71273 F2400
G92 E0
G1 X51.924 Y134.244 F7800
G1 E2 F2400
;TYPE:Internal infill
;WIDTH:0.45
G1 F4800
G1 X51.924 Y136.557 E2.11125
G1 X47.054 Y137.862 E2.35374
G1 X44.335 Y137.862 E2.48451
G1 X47.061 Y127.688 E2.99111
G1 X49.525 Y127.688 E3.10962
G1 X51.924 Y130.087 E3.2728
G1 X51.924 Y128.573 E3.34562
G1 X27.645 Y135.078 E4.55454
G1 X27.645 Y137.862 E4.68844
G1 X28.366 Y137.862 E4.72312
G1 X31.092 Y127.688 E5.22972
G1 X27.712 Y127.688 E5.39229
G1 X37.886 Y137.862 E6.08431
G1 X36.35 Y137.862 E6.15819
G1 X39.076 Y127.688 E6.66479
G1 X38.619 Y127.688 E6.68677
G1 X48.793 Y137.862 E7.37879
G1 X51.106 Y137.862 E7.49004
;LAYER_CHANGE
;Z:1.85
;HEIGHT:0.3
G1 E5.49004 F2400
G92 E0
G1 Z1.85 F7800
G1 X222.598 Y38.181
G1 E2 F2400
;TYPE:Perimeter
;WIDTH:0.45
G1 X157.406 Y105.944 E6.52256
G1 X157.406 Y49.576 E9.23366
G1 X160.613 Y49.576 E9.38791
G1 X160.902 Y49.484 E9.4025
G1 X161.196 Y49.27 E9.41999
G1 X161.382 Y48.983 E9.43644
G1 X161.456 Y48.612 E9.45464
G1 X161.456 Y38.181 E9.95633
G1 X222.538 Y38.181 E12.89416
G1 X223.03 Y37.795 F7800
G1 F2400
G1 X223.03 Y38.289 E12.91792
G1 X157.5 Y106.403 E17.46392
G1 X157.02 Y106.403 E17.48701
G1 X157.02 Y49.19 E20.23876
G1 X160.572 Y49.19 E20.4096
G1 X160.831 Y49.08 E20.42313
G1 X161.004 Y48.88 E20.43585
G1 X161.07 Y48.612 E20.44912
G1 X161.07 Y37.795 E20.96938
G1 X222.97 Y37.795 E23.94655
G1 X223.416 Y37.41 F7800
;TYPE:External perimeter
G1 F1500
G1 X223.416 Y38.444 E23.99628
G1 X157.664 Y106.789 E28.55769
G1 X156.635 Y106.789 E28.60718
G1 X156.635 Y48.805 E31.39601
G1 X160.492 Y48.805 E31.58152
G1 X160.616 Y48.759 E31.58788
G1 X160.685 Y48.612 E31.59569
G1 X160.685 Y37.41 E32.13447
G1 X223.356 Y37.41 E35.14873
G1 X223.415 Y37.805 F7800
G1 E33.14873 F2400
G92 E0
G1 X217 Y38.47 F7800
G1 E2 F2400
;TYPE:Internal infill
;WIDTH:0.45
G1 F4800
G1 X214.687 Y38.47 E2.11125
G1 X211.895 Y48.889 E2.63005
G1 X211.299 Y49.509 E2.67141
G1 X200.261 Y38.47 E3.42224
G1 X198.718 Y38.47 E3.49645
G1 X189.761 Y71.896 E5.16085
G1 X189.907 Y71.744 E5.17099
G1 X161.745 Y43.582 E7.08654
G1 X161.745 Y43.255 E7.10227
G1 X179.603 Y38.47 E7.99148
G1 X182.749 Y38.47 E8.14279
G1 X167.628 Y94.902 E10.95272
G1 X168.515 Y93.98 E11.01425
G1 X157.695 Y83.16 E11.75021
G1 X157.695 Y84.263 E11.80326
G1 X184.868 Y76.982 E13.15629
G1 X184.559 Y77.303 E13.17772
G1 X157.695 Y50.439 E15.00498
G1 X157.695 Y52.325 E15.09569
G1 X209.402 Y38.47 E17.67035
G1 X211.168 Y38.47 E17.75529
G1 X216.647 Y43.95 E18.128
G1 X215.917 Y44.709 E18.17865
G1 X157.695 Y60.309 E21.07771
G1 X157.695 Y61.346 E21.12759
G1 X179.211 Y82.862 E22.59108
G1 X178.695 Y83.399 E22.6269
G1 X190.733 Y38.47 E24.86405
G1 X189.354 Y38.47 E24.93038
G1 X205.951 Y55.068 E26.05932
G1 X205.567 Y55.466 E26.08592
G1 X157.695 Y68.294 E28.46963
G1 X157.695 Y65.98 E28.58093
G1 E26.58093 F2400
G92 E0
G1 X157.695 Y78.592 F7800
G1 E2 F2400
G1 F4800
G1 X157.695 Y76.278 E2.1113
G1 X195.255 Y66.185 E3.98189
G1 X167.54 Y38.47 E5.86703
G1 X166.78 Y38.47 E5.90358
G1 X157.695 Y72.376 E7.59187
G1 X157.695 Y72.253 E7.59779
G1 X173.863 Y88.421 E8.69752
G1 X174.519 Y87.739 E8.74303
G1 X157.695 Y92.247 E9.58075
G1 X157.695 Y94.067 E9.66829
G1 X163.167 Y99.539 E10.04049
G1 X164.169 Y98.497 E10.11002
G1 X157.695 Y100.232 E10.43239
G1 X157.695 Y97.918 E10.54369
G1 E8.54369 F2400
G92 E0
G1 X159.423 Y103.431 F7800
G1 E2 F2400
G1 F4800
G1 X157.819 Y105.098 E2.11127
G1 X157.695 Y104.974 E2.1197
G1 X157.695 Y102.174 E2.25437
G1 X174.764 Y38.47 E5.42639
G1 X172.451 Y38.47 E5.53764
G1 E3.53764 F2400
G92 E0
G1 X178.447 Y38.47 F7800
G1 E2 F2400
G1 F4800
G1 X200.603 Y60.626 E3.50703
G1 X200.828 Y60.393 E3.52261
G1 X206.702 Y38.47 E4.61422
G1 X204.389 Y38.47 E4.72547
G1 E2.72547 F2400
G92 E0
G1 X113.056 Y56.863 F7800
G1 E2 F2400
;TYPE:Perimeter
;WIDTH:0.45
G1 X113.056 Y38.181 E2.89854
G1 X115.113 Y38.181 E2.99747
G1 X115.14 Y38.989 E3.03635
G1 X115.322 Y39.361 E3.05627
G1 X115.595 Y39.597 E3.07363
G1 X145.502 Y56.863 E4.73456
G1 X113.116 Y56.863 E6.29221
G1 X112.67 Y57.249 F7800
G1 F2400
G1 X112.67 Y37.795 E7.22788
G1 X115.499 Y37.795 E7.36395
G1 X115.515 Y38.898 E7.41701
G1 X115.624 Y39.122 E7.42899
G1 X115.788 Y39.263 E7.43939
G1 X146.941 Y57.249 E9.16953
G1 X112.73 Y57.249 E10.81496
G1 X112.285 Y57.635 F7800
;TYPE:External perimeter
G1 F1500
G1 X112.285 Y37.41 E11.78771
G1 X115.885 Y37.41 E11.96086
G1 X115.885 Y38.8 E12.02771
G1 X115.981 Y38.929 E12.03544
G1 X148.38 Y57.635 E13.8348
G1 X112.345 Y57.635 E15.56796
G1 X112.285 Y57.239 F7800
G1 E13.56796 F2400
G92 E0
G1 X115.557 Y39.909 F7800
G1 E2 F2400
;TYPE:Solid infill
G1 F1200
G1 X118.3 Y41.492 E2.15232
G1 X115.557 Y44.235 E2.3389
G1 X115.557 Y40.101 E2.53773
G1 X115.942 Y40.577 E2.56718
G1 X117.672 Y41.575 E2.66324
G1 X115.942 Y43.304 E2.78088
G1 X115.942 Y40.769 E2.9028
G1 X116.368 Y41.313 E2.93603
;WIDTH:0.529478
G1 X116.979 Y41.666 E2.97696
G1 X116.368 Y42.277 E3.02709
G1 X116.368 Y41.506 E3.07182
G1 E1.07182 F2400
G92 E0
G1 X118.645 Y41.692 F7800
G1 E2 F2400
;WIDTH:0.45
G1 F1200
G1 X115.433 Y44.918 E2.21895
;WIDTH:0.404381
G1 X115.362 Y44.899 E2.22207
G1 X115.381 Y44.97 E2.22519
G1 X115.422 Y44.959 E2.22699
;WIDTH:0.45
G1 X115.557 Y45.326 E2.2458
G1 X118.991 Y41.892 E2.47938
G1 X119.337 Y42.091 E2.49858
G1 X115.557 Y45.871 E2.75569
G1 X115.557 Y46.417 E2.78195
G1 X119.683 Y42.291 E3.0626
G1 X120.028 Y42.49 E3.08176
G1 X115.557 Y46.962 E3.38591
G1 X115.557 Y47.507 E3.41212
G1 X120.374 Y42.69 E3.73977
G1 X120.72 Y42.89 E3.75899
G1 X115.557 Y48.053 E4.11017
G1 X115.557 Y48.598 E4.13638
G1 X121.065 Y43.089 E4.51106
G1 X121.411 Y43.289 E4.53028
G1 X115.557 Y49.143 E4.92846
G1 X115.557 Y49.689 E4.95472
G1 X121.757 Y43.488 E5.37647
G1 X122.103 Y43.688 E5.39569
G1 X115.557 Y50.234 E5.84094
G1 X115.557 Y50.78 E5.8672
G1 X122.448 Y43.888 E6.33595
G1 X122.794 Y44.087 E6.35515
G1 X115.557 Y51.325 E6.84744
G1 X115.557 Y51.87 E6.87365
G1 X123.14 Y44.287 E7.38944
G1 X123.486 Y44.486 E7.40864
G1 X115.557 Y52.416 E7.94799
G1 X115.557 Y52.961 E7.9742
G1 X123.831 Y44.686 E8.53702
G1 X124.177 Y44.886 E8.55624
G1 X115.557 Y53.506 E9.14256
G1 X115.557 Y54.052 E9.16882
G1 X124.523 Y45.085 E9.77871
G1 X124.869 Y45.285 E9.79793
G1 X115.557 Y54.597 E10.43132
G1 X115.557 Y55.142 E10.45753
G1 X125.214 Y45.485 E11.11439
G1 X125.56 Y45.684 E11.13359
G1 X115.557 Y55.688 E11.81402
G1 X115.557 Y56.233 E11.84023
G1 X125.906 Y45.884 E12.54416
G1 X126.252 Y46.083 E12.56336
G1 X115.761 Y56.574 E13.27694
G1 X115.511 Y56.65 E13.28951
;WIDTH:0.404381
G1 X115.44 Y56.631 E13.29263
G1 X115.459 Y56.702 E13.29575
G1 X115.5 Y56.691 E13.29755
G1 X116.306 Y56.574 F7800
;WIDTH:0.45
G1 F1200
G1 X126.597 Y46.283 E13.99753
G1 X126.943 Y46.483 E14.01675
G1 X116.851 Y56.574 E14.70316
G1 X117.397 Y56.574 E14.72942
G1 X127.289 Y46.682 E15.40226
G1 X127.634 Y46.882 E15.42144
G1 X117.942 Y56.574 E16.08068
G1 X118.487 Y56.574 E16.10689
G1 X127.98 Y47.081 E16.75259
G1 X128.326 Y47.281 E16.77181
G1 X119.033 Y56.574 E17.40391
G1 X119.578 Y56.574 E17.43012
G1 X128.672 Y47.481 E18.04865
G1 X129.017 Y47.68 E18.06781
G1 X120.123 Y56.574 E18.67277
G1 X120.669 Y56.574 E18.69903
G1 X129.363 Y47.88 E19.29039
G1 X129.709 Y48.079 E19.30959
G1 X121.214 Y56.574 E19.88741
G1 X121.759 Y56.574 E19.91362
G1 X130.055 Y48.279 E20.47787
G1 X130.4 Y48.479 E20.49705
G1 X122.305 Y56.574 E21.04766
G1 X122.85 Y56.574 E21.07387
G1 X130.746 Y48.678 E21.61095
G1 X131.092 Y48.878 E21.63017
G1 X123.395 Y56.574 E22.15368
G1 X123.941 Y56.574 E22.17994
G1 X131.438 Y49.078 E22.68984
G1 X131.783 Y49.277 E22.709
G1 X124.486 Y56.574 E23.20533
G1 X125.032 Y56.574 E23.23159
G1 X132.129 Y49.477 E23.71432
G1 X132.475 Y49.676 E23.73352
G1 X125.577 Y56.574 E24.20271
G1 X126.122 Y56.574 E24.22892
G1 X132.821 Y49.876 E24.68454
G1 X133.166 Y50.076 E24.70372
G1 X126.668 Y56.574 E25.14571
G1 X127.213 Y56.574 E25.17192
G1 X133.512 Y50.275 E25.60037
G1 X133.858 Y50.475 E25.61959
G1 X127.758 Y56.574 E26.03447
G1 X128.304 Y56.574 E26.06073
G1 X134.203 Y50.674 E26.46201
G1 X134.549 Y50.874 E26.48123
G1 X128.849 Y56.574 E26.86894
G1 X129.394 Y56.574 E26.89515
G1 X134.895 Y51.074 E27.26929
G1 X135.241 Y51.273 E27.28849
G1 X129.94 Y56.574 E27.64906
G1 X130.485 Y56.574 E27.67527
G1 X135.586 Y51.473 E28.02223
G1 X135.932 Y51.672 E28.04143
G1 X131.03 Y56.574 E28.37486
G1 X131.576 Y56.574 E28.40112
G1 X136.278 Y51.872 E28.72094
G1 X136.624 Y52.072 E28.74016
G1 X132.121 Y56.574 E29.04641
G1 X132.666 Y56.574 E29.07262
G1 X136.969 Y52.271 E29.3653
G1 X137.315 Y52.471 E29.38452
G1 X133.212 Y56.574 E29.6636
G1 X133.757 Y56.574 E29.68981
G1 X137.661 Y52.671 E29.95532
G1 X138.007 Y52.87 E29.97452
G1 X134.302 Y56.574 E30.2265
G1 X134.848 Y56.574 E30.25276
G1 X138.352 Y53.07 E30.4911
G1 X138.698 Y53.269 E30.5103
G1 X135.393 Y56.574 E30.7351
G1 X135.938 Y56.574 E30.76131
G1 X139.044 Y53.469 E30.97254
G1 X139.39 Y53.669 E30.99176
G1 X136.484 Y56.574 E31.18939
G1 X137.029 Y56.574 E31.2156
G1 X139.735 Y53.868 E31.39966
G1 X140.081 Y54.068 E31.41888
G1 X137.575 Y56.574 E31.58934
G1 X137.468 Y56.728 E31.59836
;WIDTH:0.404381
G1 X137.396 Y56.709 E31.60152
G1 X137.416 Y56.78 E31.60465
G1 X137.457 Y56.769 E31.60645
G1 E29.60645 F2400
G92 E0
G1 X140.29 Y54.404 F7800
G1 E2 F2400
;WIDTH:0.45
G1 F1200
G1 X138.12 Y56.574 E2.1476
G1 X144.365 Y56.574 E2.44796
G1 X144.373 Y56.546 E2.44936
G1 X140.427 Y54.267 E2.66853
G1 X140.49 Y54.749 E2.69191
G1 X142.983 Y56.189 E2.83038
G1 X139.051 Y56.189 E3.0195
G1 X140.354 Y54.886 E3.10813
G1 X140.559 Y55.27 E3.12907
;WIDTH:0.51136
G1 X141.43 Y55.772 E3.18512
G1 X140.056 Y55.772 E3.26172
G1 X140.422 Y55.406 E3.29058
G1 E1.29058 F2400
G92 E0
G1 X113.53 Y38.3 F7800
G1 E2 F2400
;TYPE:Bridge infill
;WIDTH:0.473977
;HEIGHT:0.4
M106 S255
G1 F1500
G1 X113.53 Y56.542 E3.33817
G1 X114.054 Y56.542 E3.37661
G1 X114.054 Y38.502 E4.69996
G1 X114.578 Y38.502 E4.7384
G1 X114.578 Y56.542 E6.06175
G1 X115.102 Y56.542 E6.10019
G1 X115.102 Y39.171 E7.37447
M107
G1 E5.37447 F2400
G92 E0
G1 X115.26 Y62.909 F7800
G1 E2 F2400
;TYPE:Perimeter
;WIDTH:0.45
;HEIGHT:0.3
G1 X115.322 Y63.036 E2.0068
G1 X115.595 Y63.272 E2.02416
G1 X145.502 Y80.538 E3.68509
G1 X113.056 Y80.538 E5.24563
G1 X113.056 Y61.856 E6.14417
G1 X115.113 Y61.856 E6.2431
G1 X115.14 Y62.664 E6.28198
G1 X115.233 Y62.855 E6.2922
G1 X115.587 Y62.72 F7800
G1 F2400
G1 X115.624 Y62.797 E6.29631
G1 X115.788 Y62.938 E6.30671
G1 X146.941 Y80.924 E8.03685
G1 X112.67 Y80.924 E9.68517
G1 X112.67 Y61.47 E10.62084
G1 X115.499 Y61.47 E10.75691
G1 X115.515 Y62.573 E10.80997
G1 X115.56 Y62.666 E10.81494
G1 X115.923 Y62.527 F7800
;TYPE:External perimeter
G1 F1500
G1 X115.981 Y62.604 E10.81958
G1 X148.38 Y81.31 E12.61894
G1 X112.285 Y81.31 E14.35498
G1 X112.285 Y61.085 E15.32773
G1 X115.885 Y61.085 E15.50088
G1 X115.885 Y62.475 E15.56773
G1 X115.887 Y62.478 E15.5679
G1 X116.203 Y62.724 F7800
G1 X115.557 Y63.584
;TYPE:Solid infill
G1 F1200
G1 X118.3 Y65.167 E15.72022
G1 X115.557 Y67.91 E15.9068
G1 X115.557 Y63.776 E16.10563
G1 X115.942 Y64.252 E16.13508
G1 X117.672 Y65.25 E16.23114
G1 X115.942 Y66.979 E16.34878
G1 X115.942 Y64.444 E16.4707
G1 X116.368 Y64.988 E16.50393
;WIDTH:0.529478
G1 X116.979 Y65.341 E16.54486
G1 X116.368 Y65.952 E16.59499
G1 X116.368 Y65.181 E16.63972
G1 E14.63972 F2400
G92 E0
G1 X118.645 Y65.367 F7800
G1 E2 F2400
;WIDTH:0.45
G1 F1200
G1 X115.433 Y68.593 E2.21895
;WIDTH:0.404381
G1 X115.362 Y68.574 E2.22207
G1 X115.381 Y68.645 E2.22519
G1 X115.422 Y68.634 E2.22699
;WIDTH:0.45
G1 X115.557 Y69.001 E2.2458
G1 X118.991 Y65.567 E2.47938
G1 X119.337 Y65.766 E2.49858
G1 X115.557 Y69.546 E2.75569
G1 X115.557 Y70.092 E2.78195
G1 X119.683 Y65.966 E3.0626
G1 X120.028 Y66.165 E3.08176
G1 X115.557 Y70.637 E3.38591
G1 X115.557 Y71.182 E3.41212
G1 X120.374 Y66.365 E3.73977
G1 X120.72 Y66.565 E3.75899
G1 X115.557 Y71.728 E4.11017
G1 X115.557 Y72.273 E4.13638
G1 X121.065 Y66.764 E4.51106
G1 X121.411 Y66.964 E4.53028
G1 X115.557 Y72.818 E4.92846
G1 X115.557 Y73.364 E4.95472
G1 X121.757 Y67.163 E5.37647
G1 X122.103 Y67.363 E5.39569
G1 X115.557 Y73.909 E5.84094
G1 X115.557 Y74.455 E5.8672
G1 X122.448 Y67.563 E6.33595
G1 X122.794 Y67.762 E6.35515
G1 X115.557 Y75 E6.84744
G1 X115.557 Y75.545 E6.87365
G1 X123.14 Y67.962 E7.38944
G1 X123.486 Y68.161 E7.40864
G1 X115.557 Y76.091 E7.94799
G1 X115.557 Y76.636 E7.9742
G1 X123.831 Y68.361 E8.53702
G1 X124.177 Y68.561 E8.55624
G1 X115.557 Y77.181 E9.14256
G1 X115.557 Y77.727 E9.16882
G1 X124.523 Y68.76 E9.77871
G1 X124.869 Y68.96 E9.79793
G1 X115.557 Y78.272 E10.43132
G1 X115.557 Y78.817 E10.45753
G1 X125.214 Y69.16 E11.11439
G1 X125.56 Y69.359 E11.13359
G1 X115.557 Y79.363 E11.81402
G1 X115.557 Y79.908 E11.84023
G1 X125.906 Y69.559 E12.54416
G1 X126.252 Y69.758 E12.56336
G1 X115.761 Y80.249 E13.27694
G1 X115.511 Y80.325 E13.28951
;WIDTH:0.404381
G1 X115.44 Y80.306 E13.29263
G1 X115.459 Y80.377 E13.29575
G1 X115.5 Y80.366 E13.29755
G1 X116.306 Y80.249 F7800
;WIDTH:0.45
G1 F1200
G1 X126.597 Y69.958 E13.99753
G1 X126.943 Y70.158 E14.01675
G1 X116.851 Y80.249 E14.70316
G1 X117.397 Y80.249 E14.72942
G1 X127.289 Y70.357 E15.40226
G1 X127.634 Y70.557 E15.42144
G1 X117.942 Y80.249 E16.08068
G1 X118.487 Y80.249 E16.10689
G1 X127.98 Y70.756 E16.75259
G1 X128.326 Y70.956 E16.77181
G1 X119.033 Y80.249 E17.40391
G1 X119.578 Y80.249 E17.43012
G1 X128.672 Y71.156 E18.04865
G1 X129.017 Y71.355 E18.06781
G1 X120.123 Y80.249 E18.67277
G1 X120.669 Y80.249 E18.69903
G1 X129.363 Y71.555 E19.29039
G1 X129.709 Y71.754 E19.30959
G1 X121.214 Y80.249 E19.88741
G1 X121.759 Y80.249 E19.91362
G1 X130.055 Y71.954 E20.47787
G1 X130.4 Y72.154 E20.49705
G1 X122.305 Y80.249 E21.04766
G1 X122.85 Y80.249 E21.07387
G1 X130.746 Y72.353 E21.61095
G1 X131.092 Y72.553 E21.63017
G1 X123.395 Y80.249 E22.15368
G1 X123.941 Y80.249 E22.17994
G1 X131.438 Y72.753 E22.68984
G1 X131.783 Y72.952 E22.709
G1 X124.486 Y80.249 E23.20533
G1 X125.032 Y80.249 E23.23159
G1 X132.129 Y73.152 E23.71432
G1 X132.475 Y73.351 E23.73352
G1 X125.577 Y80.249 E24.20271
G1 X126.122 Y80.249 E24.22892
G1 X132.821 Y73.551 E24.68454
G1 X133.166 Y73.751 E24.70372
G1 X126.668 Y80.249 E25.14571
G1 X127.213 Y80.249 E25.17192
G1 X133.512 Y73.95 E25.60037
G1 X133.858 Y74.15 E25.61959
G1 X127.758 Y80.249 E26.03447
G1 X128.304 Y80.249 E26.06073
G1 X134.203 Y74.349 E26.46201
G1 X134.549 Y74.549 E26.48123
G1 X128.849 Y80.249 E26.86894
G1 X129.394 Y80.249 E26.89515
G1 X134.895 Y74.749 E27.26929
G1 X135.241 Y74.948 E27.28849
G1 X129.94 Y80.249 E27.64906
G1 X130.485 Y80.249 E27.67527
G1 X135.586 Y75.148 E28.02223
G1 X135.932 Y75.347 E28.04143
G1 X131.03 Y80.249 E28.37486
G1 X131.576 Y80.249 E28.40112
G1 X136.278 Y75.547 E28.72094
G1 X136.624 Y75.747 E28.74016
G1 X132.121 Y80.249 E29.04641
G1 X132.666 Y80.249 E29.07262
G1 X136.969 Y75.946 E29.3653
G1 X137.315 Y76.146 E29.38452
G1 X133.212 Y80.249 E29.6636
G1 X133.757 Y80.249 E29.68981
G1 X137.661 Y76.346 E29.95532
G1 X138.007 Y76.545 E29.97452
G1 X134.302 Y80.249 E30.2265
G1 X134.848 Y80.249 E30.25276
G1 X138.352 Y76.745 E30.4911
G1 X138.698 Y76.944 E30.5103
G1 X135.393 Y80.249 E30.7351
G1 X135.938 Y80.249 E30.76131
G1 X139.044 Y77.144 E30.97254
G1 X139.39 Y77.344 E30.99176
G1 X136.484 Y80.249 E31.18939
G1 X137.029 Y80.249 E31.2156
G1 X139.735 Y77.543 E31.39966
G1 X140.081 Y77.743 E31.41888
G1 X137.575 Y80.249 E31.58934
G1 X137.468 Y80.403 E31.59836
;WIDTH:0.404381
G1 X137.396 Y80.384 E31.60152
G1 X137.416 Y80.455 E31.60465
G1 X137.457 Y80.444 E31.60645
G1 E29.60645 F2400
G92 E0
G1 X140.29 Y78.079 F7800
G1 E2 F2400
;WIDTH:0.45
G1 F1200
G1 X138.12 Y80.249 E2.1476
G1 X144.365 Y80.249 E2.44796
G1 X144.373 Y80.221 E2.44936
G1 X140.427 Y77.942 E2.66853
G1 X140.49 Y78.424 E2.69191
G1 X142.983 Y79.864 E2.83038
G1 X139.051 Y79.864 E3.0195
G1 X140.354 Y78.561 E3.10813
G1 X140.559 Y78.945 E3.12907
;WIDTH:0.511361
G1 X141.43 Y79.447 E3.18512
G1 X140.056 Y79.447 E3.26172
G1 X140.422 Y79.081 E3.29058
G1 E1.29058 F2400
G92 E0
G1 X113.53 Y61.975 F7800
G1 E2 F2400
;TYPE:Bridge infill
;WIDTH:0.473977
;HEIGHT:0.4
M106 S255
G1 F1500
G1 X113.53 Y80.217 E3.33817
G1 X114.054 Y80.217 E3.37661
G1 X114.054 Y62.177 E4.69996
G1 X114.578 Y62.177 E4.7384
G1 X114.578 Y80.217 E6.06175
G1 X115.102 Y80.217 E6.10019
G1 X115.102 Y62.846 E7.37447
M107
G1 E5.37447 F2400
G92 E0
G1 X133.062 Y170.955 F7800
G1 E2 F2400
;TYPE:Perimeter
;WIDTH:0.45
;HEIGHT:0.3
G1 X133.043 Y170.977 E2.0014
G1 X132.932 Y171.517 E2.02792
;WIDTH:0.464918
G1 X133.016 Y171.812 E2.04324
G1 X132.453 Y171.812 E2.07137
G1 X132.537 Y171.517 E2.08669
;WIDTH:0.45
G1 X132.426 Y170.977 E2.11321
G1 X132.185 Y170.686 E2.13138
G1 X131.922 Y170.533 E2.14601
G1 X131.576 Y170.469 E2.16293
G1 X113.056 Y170.469 E3.05368
G1 X113.056 Y98.186 E6.53024
G1 X123.728 Y98.186 E7.04353
G1 X125.013 Y98.979 E7.11616
G1 X128.794 Y100.304 E7.30886
G1 X132.734 Y100.752 E7.49958
G1 X136.675 Y100.304 E7.69035
G1 X140.456 Y98.979 E7.88305
G1 X141.741 Y98.186 E7.95568
G1 X152.413 Y98.186 E8.46897
G1 X152.413 Y170.469 E11.94553
G1 X133.893 Y170.469 E12.83628
G1 X133.613 Y170.511 E12.8499
G1 X133.284 Y170.686 E12.86782
G1 X133.1 Y170.909 E12.88173
G1 X133.399 Y171.144 F7800
G1 F2400
G1 X133.383 Y171.16 E12.88282
G1 X133.316 Y171.484 E12.89873
G1 X133.397 Y171.731 E12.91123
G1 X133.681 Y172.205 E12.93781
G1 X131.788 Y172.205 E13.02886
G1 X132.072 Y171.731 E13.05544
G1 X132.148 Y171.521 E13.06618
G1 X132.086 Y171.16 E13.0838
G1 X131.844 Y170.92 E13.10019
G1 X131.576 Y170.855 E13.11345
G1 X112.67 Y170.855 E14.02276
G1 X112.67 Y97.8 E17.53645
G1 X123.838 Y97.8 E18.07359
G1 X125.18 Y98.629 E18.14946
G1 X128.881 Y99.925 E18.33806
G1 X132.734 Y100.364 E18.52457
G1 X136.588 Y99.925 E18.71113
G1 X140.289 Y98.629 E18.89973
G1 X141.631 Y97.8 E18.9756
G1 X152.799 Y97.8 E19.51274
G1 X152.799 Y170.855 E23.02643
G1 X133.893 Y170.855 E23.93574
G1 X133.625 Y170.92 E23.949
G1 X133.442 Y171.101 E23.96138
G1 X133.743 Y171.35 F7800
;TYPE:External perimeter
G1 F1500
G1 X133.701 Y171.45 E23.9666
G1 X133.727 Y171.532 E23.97074
G1 X134.362 Y172.59 E24.03009
G1 X131.107 Y172.59 E24.18664
G1 X131.778 Y171.472 E24.24935
G1 X131.698 Y171.284 E24.25918
G1 X131.576 Y171.24 E24.26542
G1 X112.285 Y171.24 E25.19325
G1 X112.285 Y97.509 E28.73945
;TYPE:Overhang perimeter
;WIDTH:0.4
;HEIGHT:0.4
M106 S255
G1 X112.285 Y97.415 E28.74436
G1 X123.947 Y97.415 E29.35364
G1 X124.1 Y97.509 E29.36302
M107
;TYPE:External perimeter
;WIDTH:0.45
;HEIGHT:0.3
G1 X125.347 Y98.279 E29.43351
G1 X128.968 Y99.547 E29.61804
G1 X132.734 Y99.975 E29.80034
G1 X136.501 Y99.547 E29.98269
G1 X140.122 Y98.279 E30.16722
G1 X141.369 Y97.509 E30.23771
;TYPE:Overhang perimeter
;WIDTH:0.4
;HEIGHT:0.4
M106 S255
G1 X141.522 Y97.415 E30.24709
G1 X153.185 Y97.415 E30.85642
G1 X153.185 Y97.509 E30.86133
M107
;TYPE:External perimeter
;WIDTH:0.45
;HEIGHT:0.3
G1 X153.185 Y171.24 E34.40753
G1 X133.893 Y171.24 E35.33541
G1 X133.771 Y171.284 E35.34165
G1 X133.766 Y171.295 E35.34223
G1 X133.83 Y171.69 F7800
G1 E33.34223 F2400
G92 E0
G1 X135.774 Y170.182 F7800
G1 E2 F2400
;TYPE:Solid infill
;WIDTH:0.450005
G1 F1200
G1 X136.157 Y170.182 E2.01842
G1 E.01842 F2400
G92 E0
G1 X131.554 Y170.183 F7800
G1 E2 F2400
;WIDTH:0.450009
G1 F1200
G1 X124.808 Y170.182 E2.32447
G1 E.32447 F2400
G92 E0
G1 X132.269 Y170.396 F7800
G1 E2 F2400
G1 F1200
G1 X132.391 Y170.486 E2.00729
;WIDTH:0.480245
G1 X132.666 Y170.796 E2.02878
;WIDTH:0.516282
G1 X132.7 Y170.82 E2.03113
;WIDTH:0.552319
G1 X132.735 Y170.844 E2.03371
G1 X132.784 Y170.803 E2.0376
;WIDTH:0.518215
G1 X132.834 Y170.763 E2.04122
;WIDTH:0.484112
G1 X132.883 Y170.723 E2.04453
;WIDTH:0.450009
G1 X133.121 Y170.448 E2.06202
;WIDTH:0.451249
G1 X133.35 Y170.307 E2.075
G1 X133.821 Y170.183 E2.0985
;WIDTH:0.450013
G1 X134.959 Y170.182 E2.15324
G1 E.15324 F2400
G92 E0
G1 X129.277 Y169.797 F7800
G1 E2 F2400
;TYPE:Internal infill
;WIDTH:0.45
G1 F4800
G1 X131.591 Y169.797 E2.1113
G1 X150.401 Y99.595 E5.60688
G1 X151.738 Y99.595 E5.67119
G1 X151.738 Y101.828 E5.77859
G1 X113.731 Y112.012 E7.67108
G1 X113.731 Y115.545 E7.84101
G1 X151.738 Y153.552 E10.4262
G1 X151.738 Y154.203 E10.45751
G1 X147.561 Y169.795 E11.23388
G1 X146.167 Y169.795 E11.30093
G1 X113.731 Y137.358 E13.50722
G1 X113.731 Y135.965 E13.57422
G1 X151.738 Y125.781 E15.46671
G1 X151.738 Y128.095 E15.57801
G1 E13.57801 F2400
G92 E0
G1 X151.738 Y122.091 F7800
G1 E2 F2400
G1 F4800
G1 X151.738 Y124.404 E2.11125
G1 X139.576 Y169.796 E4.37146
G1 X141.889 Y169.796 E4.48271
G1 E2.48271 F2400
G92 E0
G1 X151.738 Y160.033 F7800
G1 E2 F2400
G1 F4800
G1 X151.738 Y157.719 E2.1113
G1 X113.731 Y167.903 E4.00379
G1 X113.731 Y169.794 E4.09474
G1 X115.623 Y169.795 E4.18574
G1 X133.969 Y101.325 E7.59508
G1 X132.757 Y101.461 E7.65374
G1 X132.324 Y101.417 E7.67467
G1 X151.738 Y120.831 E8.99519
G1 X151.738 Y117.797 E9.14112
G1 X113.731 Y127.981 E11.03361
G1 X113.731 Y126.451 E11.1072
G1 X151.738 Y164.459 E13.69243
G1 X151.738 Y165.703 E13.75226
G1 X136.462 Y169.797 E14.51291
G1 X135.262 Y169.797 E14.57063
G1 X113.731 Y148.265 E16.03518
G1 X113.731 Y147.058 E16.09323
G1 X126.296 Y100.165 E18.42819
G1 X127.096 Y100.446 E18.46897
G1 X113.731 Y104.027 E19.13446
G1 X113.731 Y104.638 E19.16385
G1 X151.738 Y142.645 E21.74904
G1 X151.738 Y141.75 E21.79209
G1 X113.731 Y151.934 E23.68458
G1 X113.731 Y154.248 E23.79588
G1 E21.79588 F2400
G92 E0
G1 X113.731 Y141.636 F7800
G1 E2 F2400
G1 F4800
G1 X113.731 Y143.95 E2.1113
G1 X151.738 Y133.765 E4.00381
G1 X151.738 Y131.738 E4.1013
G1 X119.595 Y99.595 E6.28763
G1 X118.464 Y99.595 E6.34203
G1 X113.731 Y117.26 E7.22162
G1 X113.731 Y119.996 E7.35321
G1 X151.738 Y109.812 E9.2457
G1 X151.738 Y109.924 E9.25109
G1 X141.409 Y99.595 E9.95366
G1 X142.417 Y99.595 E10.00214
G1 X123.607 Y169.796 E13.49767
G1 X124.354 Y169.796 E13.5336
G1 X113.731 Y159.172 E14.2562
G1 X113.731 Y159.919 E14.29213
G1 X151.738 Y149.734 E16.18464
G1 X151.738 Y147.421 E16.29589
G1 E14.29589 F2400
G92 E0
G1 X123.453 Y98.475 F7800
G1 E2 F2400
;TYPE:Solid infill
;WIDTH:0.45
G1 F1200
G1 X113.345 Y98.475 E2.48616
G1 X113.345 Y99.403 E2.53079
G1 X113.538 Y99.21 E2.54392
G1 X123.542 Y99.21 E3.02508
;WIDTH:0.455335
G1 X124.833 Y99.211 E3.08803
G1 X123.735 Y98.53 E3.15103
;WIDTH:0.45
G1 X123.646 Y98.475 E3.15606
G1 X123.542 Y98.843 E3.17445
;WIDTH:0.413373
G1 X113.712 Y98.843 E3.60233
;WIDTH:0.45
G1 X113.345 Y99.403 E3.63453
G1 X113.345 Y169.861 E7.02332
G1 X113.411 Y170.079 E7.03428
G1 X113.552 Y170.18 E7.04262
G1 X115.582 Y170.18 E7.14026
G1 X115.774 Y170.085 E7.15056
G1 X116.12 Y170.18 E7.16782
G1 X123.567 Y170.181 E7.52599
G1 E5.52599 F2400
G92 E0
G1 X138.815 Y170.182 F7800
G1 E2 F2400
;WIDTH:0.450011
G1 F1200
G1 X146.083 Y170.181 E2.34958
G1 X146.307 Y170.053 E2.36199
G1 X146.704 Y170.181 E2.38205
G1 X147.537 Y170.181 E2.42212
G1 E.42212 F2400
G92 E0
G1 X140.599 Y99.226 F7800
G1 E2 F2400
;WIDTH:0.466675
G1 F1200
G1 X140.475 Y99.282 E2.00683
;WIDTH:0.473539
G1 X136.817 Y100.57 E2.20474
;WIDTH:0.489585
G1 X136.545 Y100.629 E2.2195
G1 X132.797 Y101.049 E2.41951
;WIDTH:0.483169
G1 X132.587 Y101.042 E2.43049
;WIDTH:0.495187
G1 X128.766 Y100.608 E2.63712
G1 X125.052 Y99.308 E2.84855
;WIDTH:0.467227
G1 X124.853 Y99.213 E2.85963
G1 E.85963 F2400
G92 E0
G1 X141.822 Y98.475 F7800
G1 E2 F2400
;WIDTH:0.45
G1 F1200
G1 X152.124 Y98.475 E2.49549
G1 X152.154 Y99.24 E2.53231
;WIDTH:0.437821
G1 X152.05 Y99.246 E2.53716
G1 X152.013 Y99.403 E2.54467
G1 X151.975 Y99.246 E2.55219
;WIDTH:0.45
G1 X151.931 Y99.21 E2.55492
G1 X141.926 Y99.21 E3.03613
;WIDTH:0.455848
G1 X140.63 Y99.207 E3.09941
G1 X141.658 Y98.576 E3.1583
;WIDTH:0.450839
G1 X141.926 Y98.843 E3.17653
;WIDTH:0.413371
G1 X151.757 Y98.843 E3.60445
;WIDTH:0.45
G1 X152.013 Y99.403 E3.63406
G1 X152.124 Y99.904 E3.65874
G1 X152.124 Y169.987 E7.02949
;WIDTH:0.483083
G1 X152.108 Y170.067 E7.03375
;WIDTH:0.516159
G1 X152.091 Y170.147 E7.03836
G1 X152.011 Y170.163 E7.04296
;WIDTH:0.483083
G1 X151.931 Y170.18 E7.04723
;WIDTH:0.450007
G1 X148.246 Y170.18 E7.22447
G1 E5.22447 F2400
G92 E0
G1 X83.045 Y127.399 F7800
G1 E2 F2400
;TYPE:Perimeter
;WIDTH:0.45
G1 X108.063 Y127.399 E3.20328
G1 X108.063 Y138.151 E3.72041
G1 X83.045 Y138.151 E4.92369
G1 X83.045 Y127.459 E5.43794
G1 X82.659 Y127.013 F7800
G1 F2400
G1 X108.449 Y127.013 E6.67835
G1 X108.449 Y138.537 E7.23261
G1 X82.659 Y138.537 E8.47302
G1 X82.659 Y127.073 E9.0244
G1 X82.274 Y126.628 F7800
;TYPE:External perimeter
G1 F1500
G1 X108.835 Y126.628 E10.30189
G1 X108.835 Y138.923 E10.89324
G1 X82.274 Y138.923 E12.17073
G1 X82.274 Y126.688 E12.75919
G1 X82.669 Y126.628 F7800
G1 E10.75919 F2400
G92 E0
G1 X83.558 Y131.313 F7800
G1 E2 F2400
;TYPE:Internal infill
;WIDTH:0.45
G1 F4800
G1 X83.558 Y128.999 E2.1113
G1 X92.035 Y137.477 E2.68793
G1 X92.345 Y137.477 E2.70284
G1 X94.864 Y128.074 E3.17104
G1 X93.539 Y128.074 E3.23477
G1 X102.942 Y137.477 E3.87435
G1 X100.329 Y137.477 E4.00003
G1 X102.848 Y128.074 E4.46823
G1 X104.446 Y128.074 E4.54509
G1 X107.388 Y131.016 E4.7452
G1 X107.388 Y129.68 E4.80946
G1 X83.558 Y136.066 E5.99604
G1 X83.558 Y137.477 E6.0639
G1 X84.36 Y137.477 E6.10247
G1 X86.88 Y128.074 E6.57068
G1 X89.193 Y128.074 E6.68193
G1 E4.68193 F2400
G92 E0
G1 X107.581 Y127.688 F7800
G1 E2 F2400
;TYPE:Solid infill
;WIDTH:0.48309
G1 F1200
G1 X107.661 Y127.705 E2.00427
;WIDTH:0.516173
G1 X107.741 Y127.721 E2.00887
G1 X107.758 Y127.801 E2.01348
;WIDTH:0.483091
G1 X107.774 Y127.881 E2.01774
;WIDTH:0.450009
G1 X107.774 Y137.669 E2.48852
;WIDTH:0.483091
G1 X107.758 Y137.749 E2.49278
;WIDTH:0.516173
G1 X107.741 Y137.829 E2.49739
G1 X107.675 Y137.846 E2.50123
;WIDTH:0.483091
G1 X107.609 Y137.862 E2.50478
;WIDTH:0.450021
G1 X83.365 Y137.862 E3.6709
G1 X83.253 Y137.688 E3.68085
;WIDTH:0.404381
G1 X83.253 Y127.881 E4.09673
;WIDTH:0.450019
G1 X83.336 Y127.688 E4.10684
G1 X107.388 Y127.688 E5.26371
G1 E3.26371 F2400
G92 E0
G1 X70.319 Y109.07 F7800
G1 E2 F2400
;TYPE:Perimeter
;WIDTH:0.45
G1 X70.385 Y109.016 E2.0041
G1 X70.571 Y108.671 E2.02295
G1 X70.611 Y108.396 E2.03632
G1 X70.611 Y38.181 E5.41342
G1 X108.063 Y38.181 E7.21473
G1 X108.063 Y48.933 E7.73186
G1 X81.367 Y48.933 E9.01584
G1 X81.018 Y49.041 E9.03341
G1 X80.762 Y49.234 E9.04883
G1 X80.571 Y49.528 E9.06569
G1 X80.497 Y49.898 E9.08384
G1 X80.497 Y117.476 E12.33411
G1 X78.052 Y117.476 E12.45171
G1 X77.711 Y117.613 E12.46939
G1 X77.441 Y117.854 E12.4868
G1 X77.293 Y118.131 E12.50191
G1 X77.242 Y118.441 E12.51702
G1 X77.242 Y138.151 E13.465
G1 X58.178 Y138.151 E14.38191
G1 X58.175 Y118.367 E15.33345
G1 X58.092 Y118.042 E15.34958
G1 X57.901 Y117.764 E15.3658
G1 X57.589 Y117.553 E15.38392
G1 X57.214 Y117.476 E15.40233
G1 X54.923 Y117.476 E15.51252
G1 X54.923 Y49.795 E18.76774
G1 X54.795 Y49.419 E18.78684
G1 X54.58 Y49.16 E18.80303
G1 X54.299 Y48.996 E18.81868
G1 X53.959 Y48.933 E18.83531
G1 X27.356 Y48.933 E20.11482
G1 X27.356 Y38.181 E20.63195
G1 X64.808 Y38.181 E22.43326
G1 X64.808 Y108.501 E25.81541
G1 X64.896 Y108.798 E25.83031
G1 X65.118 Y109.104 E25.84849
G1 X65.418 Y109.293 E25.86554
G1 X65.772 Y109.36 E25.88287
G1 X69.807 Y109.346 E26.07694
G1 X70.104 Y109.245 E26.09203
G1 X70.272 Y109.108 E26.10246
G1 X70.044 Y108.793 F7800
G1 F2400
G1 X70.172 Y108.637 E26.11217
G1 X70.225 Y108.396 E26.12404
G1 X70.225 Y37.795 E29.5197
G1 X108.449 Y37.795 E31.35814
G1 X108.449 Y49.319 E31.9124
G1 X81.403 Y49.319 E33.21322
G1 X81.139 Y49.417 E33.22676
G1 X80.959 Y49.61 E33.23945
G1 X80.883 Y49.898 E33.25378
G1 X80.883 Y117.862 E36.52261
G1 X78.108 Y117.862 E36.65608
G1 X77.849 Y117.985 E36.66987
G1 X77.68 Y118.201 E36.68306
G1 X77.628 Y118.441 E36.69487
G1 X77.628 Y138.537 E37.66142
G1 X57.792 Y138.537 E38.61546
G1 X57.792 Y118.402 E39.58388
G1 X57.711 Y118.145 E39.59684
G1 X57.511 Y117.944 E39.61048
G1 X57.214 Y117.862 E39.6253
G1 X54.537 Y117.862 E39.75405
G1 X54.537 Y49.833 E43.02601
G1 X54.422 Y49.551 E43.04066
G1 X54.224 Y49.384 E43.05312
G1 X53.959 Y49.319 E43.06624
G1 X26.97 Y49.319 E44.36432
G1 X26.97 Y37.795 E44.91858
G1 X65.194 Y37.795 E46.75702
G1 X65.194 Y108.463 E50.15591
G1 X65.284 Y108.707 E50.16842
G1 X65.498 Y108.905 E50.18244
G1 X65.772 Y108.974 E50.19603
G1 X69.743 Y108.966 E50.38702
G1 X69.982 Y108.867 E50.39946
G1 X70.006 Y108.839 E50.40123
G1 X69.783 Y108.525 F7800
;TYPE:External perimeter
G1 F1500
G1 X69.84 Y108.396 E50.40801
G1 X69.84 Y37.41 E53.82219
G1 X108.835 Y37.41 E55.69771
G1 X108.835 Y49.705 E56.28906
G1 X81.461 Y49.705 E57.60565
G1 X81.337 Y49.75 E57.61199
G1 X81.269 Y49.898 E57.61982
G1 X81.269 Y118.248 E60.90722
G1 X78.206 Y118.248 E61.05454
G1 X78.069 Y118.305 E61.06168
G1 X78.014 Y118.441 E61.06874
G1 X78.014 Y138.923 E62.05385
G1 X57.407 Y138.923 E63.04498
G1 X57.407 Y118.441 E64.03009
G1 X57.351 Y118.305 E64.03716
G1 X57.214 Y118.248 E64.0443
G1 X54.152 Y118.248 E64.19157
G1 X54.152 Y49.898 E67.47897
G1 X54.099 Y49.765 E67.48586
G1 X53.959 Y49.705 E67.49319
G1 X26.585 Y49.705 E68.80978
G1 X26.585 Y37.41 E69.40113
G1 X65.58 Y37.41 E71.27665
G1 X65.58 Y108.396 E74.69083
G1 X65.625 Y108.52 E74.69717
G1 X65.772 Y108.589 E74.70498
G1 X69.647 Y108.589 E74.89135
G1 X69.735 Y108.554 E74.8959
G1 X69.832 Y108.166 F7800
G1 E72.8959 F2400
G92 E0
G1 X79.822 Y99.458 F7800
G1 E2 F2400
;TYPE:Internal infill
;WIDTH:0.45
G1 F4800
G1 X79.822 Y97.144 E2.1113
G1 X71.113 Y99.478 E2.54495
G1 X71.113 Y97.519 E2.63917
G1 X79.822 Y65.016 E4.2576
G1 X79.822 Y65.206 E4.26674
G1 X71.119 Y67.539 E4.7001
G1 X71.119 Y67.701 E4.70789
G1 X78.848 Y38.856 E6.14418
G1 X80.67 Y38.856 E6.23181
G1 X86.672 Y44.858 E6.64006
G1 X86.697 Y45.061 E6.6499
G1 X86.791 Y45.23 E6.6592
G1 X87.016 Y45.381 E6.67223
G1 X87.215 Y45.401 E6.68185
G1 X90.073 Y48.259 E6.87625
G1 X92.297 Y48.259 E6.98322
G1 X93.062 Y45.405 E7.12533
G1 X93.327 Y44.413 F7800
G1 F4800
G1 X93.424 Y44.054 E7.14322
G1 X93.69 Y43.062 F7800
G1 F4800
G1 X93.786 Y42.702 E7.16114
G1 E5.16114 F2400
G92 E0
G1 X96.043 Y43.322 F7800
G1 E2 F2400
G1 F4800
G1 X96.238 Y43.517 E2.01326
G1 X96.939 Y44.218 F7800
G1 F4800
G1 X97.134 Y44.413 E2.02652
G1 X97.291 Y45.405 F7800
G1 F4800
G1 X96.079 Y45.405 E2.08481
G1 X95.818 Y45.32 E2.09801
G1 X95.507 Y45.403 E2.11349
G1 X95.322 Y45.35 E2.12275
G1 X95.111 Y45.141 E2.13703
G1 X94.871 Y45.205 E2.14898
G1 X94.618 Y45.381 E2.1638
G1 X94.125 Y45.405 E2.18754
G1 X83.475 Y48.259 E2.71784
G1 X81.164 Y48.292 E2.829
G1 E.829 F2400
G92 E0
G1 X84.313 Y48.259 F7800
G1 E2 F2400
G1 F4800
G1 X85.802 Y42.701 E2.27675
G1 X85.591 Y42.647 E2.28723
G1 X85.439 Y42.527 E2.29654
G1 X85.345 Y42.358 E2.30584
G1 X85.345 Y42.054 E2.32046
G1 X85.439 Y41.885 E2.32976
G1 X85.591 Y41.765 E2.33907
G1 X86.067 Y41.71 E2.36212
G1 X86.832 Y38.856 E2.50423
G1 X84.518 Y38.856 E2.61553
G1 E.61553 F2400
G92 E0
G1 X88.551 Y42.216 F7800
G1 E2 F2400
;TYPE:Solid infill
;WIDTH:0.604069
G1 F1200
G1 X88.602 Y42.259 E2.00449
;WIDTH:0.554147
G1 X88.652 Y42.303 E2.00856
;WIDTH:0.504225
G1 X88.703 Y42.347 E2.01226
;WIDTH:0.454303
G1 X88.753 Y42.391 E2.0155
G1 X88.703 Y42.347 E2.01874
;WIDTH:0.504225
G1 X88.652 Y42.303 E2.02244
;WIDTH:0.554147
G1 X88.602 Y42.259 E2.02651
;WIDTH:0.604069
G1 X88.551 Y42.216 E2.031
G1 X88.471 Y42.242 E2.03666
;WIDTH:0.554926
G1 X88.391 Y42.269 E2.04183
;WIDTH:0.505784
G1 X88.311 Y42.295 E2.04646
;WIDTH:0.456642
G1 X88.231 Y42.322 E2.05059
;WIDTH:0.4075
G1 X88.151 Y42.348 E2.05419
;WIDTH:0.368128
G1 X87.54 Y42.36 E2.07734
;WIDTH:0.403262
G1 X87.469 Y42.393 E2.08065
;WIDTH:0.438396
G1 X87.398 Y42.426 E2.0843
;WIDTH:0.473531
G1 X87.326 Y42.459 E2.08834
G1 X87.324 Y42.508 E2.09084
;WIDTH:0.438142
G1 X87.322 Y42.556 E2.09308
;WIDTH:0.402754
G1 X87.319 Y42.604 E2.09511
;WIDTH:0.367366
G1 X87.316 Y44.912 E2.18233
;WIDTH:0.365078
G1 X87.218 Y45.045 E2.18853
G1 X87.092 Y45.027 E2.1933
G1 X87.015 Y44.853 E2.20044
;WIDTH:0.367365
G1 X87.017 Y42.462 E2.2908
G1 X86.771 Y42.358 E2.30089
;WIDTH:0.366537
G1 X85.814 Y42.354 E2.33696
;WIDTH:0.36515
G1 X85.681 Y42.256 E2.34316
G1 X85.699 Y42.13 E2.34793
G1 X85.845 Y42.054 E2.3541
;WIDTH:0.366537
G1 X86.772 Y42.056 E2.38904
;WIDTH:0.402211
G1 X86.899 Y42.074 E2.39444
;WIDTH:0.437885
G1 X87.027 Y42.092 E2.40046
;WIDTH:0.473559
G1 X87.155 Y42.11 E2.40706
G1 X87.289 Y42.092 E2.41396
;WIDTH:0.43767
G1 X87.424 Y42.075 E2.4203
;WIDTH:0.401782
G1 X87.559 Y42.057 E2.42603
;WIDTH:0.365894
G1 X88.147 Y42.054 E2.44814
;WIDTH:0.403952
G1 X88.222 Y42.084 E2.45156
;WIDTH:0.449547
G1 X88.297 Y42.114 E2.45544
;WIDTH:0.495142
G1 X88.372 Y42.144 E2.45978
G1 E.45978 F2400
G92 E0
G1 X92.511 Y42.079 F7800
G1 E2 F2400
;WIDTH:0.447373
G1 F1200
G1 X92.267 Y42.11 E2.01175
G1 X92.195 Y42.25 E2.01927
;WIDTH:0.45
G1 X92.156 Y42.389 E2.02621
G1 X92.058 Y42.467 E2.03223
G1 X91.834 Y42.536 E2.0435
;WIDTH:0.431735
G1 X91.763 Y42.499 E2.04717
;WIDTH:0.400569
G1 X91.692 Y42.463 E2.05051
;WIDTH:0.381255
G1 X91.32 Y42.112 E2.07072
G1 X91.169 Y42.058 E2.07706
;WIDTH:0.367136
G1 X89.762 Y42.055 E2.13019
;WIDTH:0.3808
G1 X89.5 Y42.108 E2.14074
G1 X89.136 Y42.46 E2.16072
;WIDTH:0.392803
G1 X89.066 Y42.51 E2.16424
;WIDTH:0.402623
G1 X88.802 Y42.427 E2.17591
G1 X88.928 Y42.555 E2.18349
;WIDTH:0.39674
G1 X88.969 Y42.828 E2.19493
;WIDTH:0.392803
G1 X89.062 Y42.876 E2.19922
G1 X89.348 Y42.683 E2.21335
;WIDTH:0.371984
G1 X89.714 Y42.358 E2.23213
;WIDTH:0.367136
G1 X91.062 Y42.359 E2.28303
;WIDTH:0.37988
G1 X91.168 Y42.392 E2.2874
G1 X91.539 Y42.733 E2.30723
;WIDTH:0.411541
G1 X91.587 Y42.819 E2.31149
;WIDTH:0.45
G1 X91.636 Y42.904 E2.31621
G1 X91.653 Y43.055 E2.32352
G1 X91.606 Y43.144 E2.32836
;WIDTH:0.408683
G1 X91.559 Y43.233 E2.33268
;WIDTH:0.367368
G1 X90.316 Y43.979 E2.38746
;WIDTH:0.408684
G1 X90.077 Y44.147 E2.40001
;WIDTH:0.45
G1 X89.838 Y44.314 E2.41403
G1 X89.03 Y44.799 E2.45936
G1 X88.967 Y44.925 E2.46614
G1 X89.023 Y44.996 E2.47049
G1 X90.323 Y45.038 E2.53305
;WIDTH:0.408185
G1 X90.614 Y45.059 E2.54556
;WIDTH:0.366371
G1 X91.559 Y45.061 E2.58115
;WIDTH:0.412015
G1 X91.65 Y45.018 E2.58551
;WIDTH:0.458742
G1 X91.742 Y44.975 E2.59051
;WIDTH:0.50547
G1 X91.833 Y44.932 E2.59605
G1 X91.867 Y44.883 E2.59933
;WIDTH:0.471773
G1 X91.9 Y44.834 E2.60233
;WIDTH:0.438077
G1 X91.934 Y44.785 E2.60511
;WIDTH:0.453013
G1 X91.84 Y44.807 E2.60979
;WIDTH:0.501646
G1 X91.746 Y44.829 E2.61506
G1 X91.684 Y44.806 E2.61867
;WIDTH:0.456193
G1 X91.622 Y44.783 E2.6219
;WIDTH:0.41074
G1 X91.56 Y44.76 E2.62476
;WIDTH:0.366371
G1 X90.615 Y44.757 E2.66035
;WIDTH:0.408185
G1 X90.522 Y44.707 E2.66488
;WIDTH:0.45
G1 X90.43 Y44.658 E2.66989
G1 X90.364 Y44.42 E2.68177
G1 X90.418 Y44.33 E2.68682
;WIDTH:0.408684
G1 X90.472 Y44.239 E2.69136
;WIDTH:0.367368
G1 X91.652 Y43.531 E2.74336
;WIDTH:0.393298
G1 X91.734 Y43.47 E2.74755
;WIDTH:0.419229
G1 X91.816 Y43.409 E2.75207
;WIDTH:0.45
G1 X91.926 Y43.396 E2.7574
G1 X92.168 Y43.521 E2.7705
G1 X92.37 Y43.748 E2.78511
;WIDTH:0.441036
G1 X92.474 Y43.684 E2.79085
;WIDTH:0.421361
G1 X92.587 Y43.697 E2.79591
;WIDTH:0.394362
G1 X92.701 Y43.709 E2.80063
;WIDTH:0.367363
G1 X94.306 Y43.71 E2.86128
;WIDTH:0.379923
G1 X94.411 Y43.743 E2.86561
;WIDTH:0.409336
G1 X94.622 Y43.955 E2.87848
;WIDTH:0.438749
G1 X94.833 Y44.166 E2.89241
;WIDTH:0.439908
G1 X94.834 Y44.301 E2.89873
G1 X94.622 Y44.512 E2.91274
;WIDTH:0.408982
G1 X94.41 Y44.723 E2.9256
;WIDTH:0.378057
G1 X94.306 Y44.758 E2.92989
;WIDTH:0.367135
G1 X93.004 Y44.757 E2.97906
;WIDTH:0.367385
G1 X92.84 Y44.69 E2.98576
;WIDTH:0.373334
G1 X92.544 Y44.408 E3.00151
;WIDTH:0.416423
G1 X92.475 Y44.372 E3.00493
;WIDTH:0.459512
G1 X92.406 Y44.336 E3.00877
;WIDTH:0.502602
G1 X92.338 Y44.299 E3.013
G1 X92.326 Y44.242 E3.01618
;WIDTH:0.453491
G1 X92.315 Y44.186 E3.01895
;WIDTH:0.444485
G1 X92.275 Y44.321 E3.02563
;WIDTH:0.484589
G1 X92.2 Y44.57 E3.03926
;WIDTH:0.457313
G1 X92.145 Y44.628 E3.04318
;WIDTH:0.484589
G1 X92.321 Y44.561 E3.05305
G1 X92.423 Y44.676 E3.06111
;WIDTH:0.445521
G1 X92.525 Y44.791 E3.06842
;WIDTH:0.406453
G1 X92.627 Y44.907 E3.07501
;WIDTH:0.367385
G1 X92.855 Y45.057 E3.08532
;WIDTH:0.367135
G1 X94.305 Y45.06 E3.14007
;WIDTH:0.380803
G1 X94.567 Y45.007 E3.15062
G1 X94.932 Y44.656 E3.1706
;WIDTH:0.40922
G1 X95.014 Y44.618 E3.17449
;WIDTH:0.45
G1 X95.095 Y44.58 E3.17879
G1 X95.363 Y44.686 E3.19265
G1 X95.508 Y45.001 E3.20933
G1 X95.824 Y44.937 E3.22484
G1 X96.159 Y45.018 E3.24142
;WIDTH:0.444443
G1 X96.36 Y45.038 E3.251
;WIDTH:0.405078
G1 X96.561 Y45.058 E3.25958
;WIDTH:0.367135
G1 X97.549 Y45.06 E3.29689
;WIDTH:0.380748
G1 X97.81 Y45.007 E3.3074
G1 X98.232 Y44.6 E3.33053
;WIDTH:0.377566
G1 X98.392 Y44.365 E3.34164
G1 X98.401 Y43.228 E3.38606
;WIDTH:0.412591
G1 X98.386 Y43.06 E3.39339
;WIDTH:0.458208
G1 X98.371 Y42.893 E3.40163
;WIDTH:0.502753
G1 X98.396 Y42.828 E3.40544
;WIDTH:0.547298
G1 X98.421 Y42.764 E3.40958
G1 X98.761 Y42.675 E3.43075
;WIDTH:0.536848
G1 X98.805 Y42.716 E3.43429
;WIDTH:0.494478
G1 X98.85 Y42.757 E3.43756
;WIDTH:0.452108
G1 X98.894 Y42.798 E3.44047
;WIDTH:0.409738
G1 X98.938 Y42.839 E3.44306
;WIDTH:0.367369
G1 X99.638 Y44.235 E3.50208
;WIDTH:0.40997
G1 X99.746 Y44.4 E3.51058
;WIDTH:0.454056
G1 X99.854 Y44.565 E3.52016
;WIDTH:0.498142
G1 X99.961 Y44.731 E3.53084
;WIDTH:0.542229
G1 X100.069 Y44.896 E3.54259
G1 X100.153 Y44.956 E3.54874
G1 X100.276 Y44.776 E3.56173
;WIDTH:0.498098
G1 X100.4 Y44.595 E3.5736
;WIDTH:0.453968
G1 X100.523 Y44.415 E3.58419
;WIDTH:0.409837
G1 X100.646 Y44.234 E3.59362
;WIDTH:0.365707
G1 X101.626 Y42.284 E3.67564
;WIDTH:0.365099
G1 X101.613 Y42.139 E3.6811
G1 X101.544 Y42.071 E3.68473
G1 X101.372 Y42.119 E3.69143
;WIDTH:0.365707
G1 X100.377 Y44.099 E3.77471
;WIDTH:0.403944
G1 X100.332 Y44.146 E3.77747
;WIDTH:0.442181
G1 X100.287 Y44.193 E3.78054
;WIDTH:0.480418
G1 X100.242 Y44.24 E3.78392
;WIDTH:0.511323
G1 X100.192 Y44.255 E3.78683
;WIDTH:0.542229
G1 X100.142 Y44.27 E3.78994
G1 X100.092 Y44.255 E3.79305
;WIDTH:0.511393
G1 X100.042 Y44.24 E3.79596
;WIDTH:0.480558
G1 X99.997 Y44.193 E3.79934
;WIDTH:0.442333
G1 X99.952 Y44.146 E3.80241
;WIDTH:0.404108
G1 X99.907 Y44.099 E3.80517
;WIDTH:0.367369
G1 X99.209 Y42.704 E3.86412
;WIDTH:0.409738
G1 X99.135 Y42.602 E3.86955
;WIDTH:0.452108
G1 X99.06 Y42.501 E3.87563
;WIDTH:0.494478
G1 X98.986 Y42.4 E3.88235
;WIDTH:0.536848
G1 X98.793 Y42.154 E3.90078
;WIDTH:0.541911
G1 X98.57 Y42.233 E3.91487
;WIDTH:0.547298
G1 X98.374 Y42.215 E3.92673
G1 X98.238 Y42.166 E3.93544
G1 X98.125 Y42.216 E3.94288
;WIDTH:0.546614
G1 X97.882 Y42.158 E3.95791
;WIDTH:0.498307
G1 X97.639 Y42.1 E3.97143
;WIDTH:0.45
G1 X97.438 Y42.079 E3.98115
;WIDTH:0.407856
G1 X97.236 Y42.057 E3.98985
;WIDTH:0.367135
G1 X96.249 Y42.055 E4.02712
;WIDTH:0.3808
G1 X95.987 Y42.108 E4.03767
G1 X95.622 Y42.459 E4.05765
;WIDTH:0.39527
G1 X95.554 Y42.511 E4.06118
;WIDTH:0.402998
G1 X95.289 Y42.427 E4.07292
G1 X95.416 Y42.555 E4.08054
;WIDTH:0.398368
G1 X95.397 Y43.625 E4.12512
;WIDTH:0.396473
G1 X95.382 Y43.69 E4.12788
;WIDTH:0.422459
G1 X95.367 Y43.755 E4.13086
;WIDTH:0.45
G1 X95.098 Y43.893 E4.1454
G1 X95.017 Y43.854 E4.14972
;WIDTH:0.409153
G1 X94.937 Y43.815 E4.15355
;WIDTH:0.381256
G1 X94.563 Y43.464 E4.17382
G1 X94.412 Y43.41 E4.18016
;WIDTH:0.367363
G1 X92.701 Y43.406 E4.24482
;WIDTH:0.409386
G1 X92.613 Y43.379 E4.24878
;WIDTH:0.451409
G1 X92.526 Y43.353 E4.25316
G1 X92.414 Y43.16 E4.26393
;WIDTH:0.45
G1 X92.414 Y42.604 E4.29067
G1 X92.471 Y42.469 E4.29772
;WIDTH:0.447373
G1 X92.54 Y42.413 E4.30196
;WIDTH:0.407196
G1 X92.608 Y42.358 E4.3057
;WIDTH:0.36702
G1 X94.806 Y42.359 E4.38867
;WIDTH:0.410822
G1 X94.884 Y42.333 E4.39222
;WIDTH:0.456455
G1 X94.962 Y42.307 E4.39624
;WIDTH:0.502089
G1 X95.04 Y42.28 E4.40075
G1 X95.106 Y42.303 E4.40457
;WIDTH:0.453235
G1 X95.173 Y42.325 E4.40799
;WIDTH:0.449456
G1 X95.084 Y42.224 E4.41446
;WIDTH:0.494531
G1 X94.996 Y42.123 E4.42165
G1 X94.933 Y42.101 E4.42523
;WIDTH:0.451417
G1 X94.869 Y42.08 E4.42848
;WIDTH:0.408303
G1 X94.806 Y42.058 E4.43134
;WIDTH:0.36702
G1 X92.702 Y42.055 E4.51076
G1 X92.025 Y42.892 F7800
;WIDTH:0.455745
G1 F1200
G1 X92.033 Y43.03 E4.51751
G1 E2.51751 F2400
G92 E0
G1 X96.083 Y42.448 F7800
G1 E2 F2400
;WIDTH:0.377213
G1 F1200
G1 X95.771 Y42.733 E2.01649
;WIDTH:0.377691
G1 X95.718 Y42.844 E2.0213
;WIDTH:0.422459
G1 X95.671 Y43.891 E2.06811
;WIDTH:0.45
G1 X95.7 Y44.016 E2.07428
G1 X96.003 Y44.165 E2.09052
G1 X96.076 Y44.13 E2.09441
;WIDTH:0.409262
G1 X96.148 Y44.094 E2.09787
;WIDTH:0.368524
G1 X97.426 Y42.816 E2.16643
;WIDTH:0.408682
G1 X97.466 Y42.739 E2.17016
;WIDTH:0.45
G1 X97.506 Y42.662 E2.17433
G1 X97.414 Y42.435 E2.18611
G1 X97.325 Y42.397 E2.19076
;WIDTH:0.407856
G1 X97.236 Y42.359 E2.19491
;WIDTH:0.367135
G1 X96.248 Y42.358 E2.23222
G1 X97.89 Y42.566 F7800
;WIDTH:0.510905
G1 F1200
G1 X98.046 Y42.602 E2.24114
G1 E.24114 F2400
G92 E0
G1 X95.908 Y44.549 F7800
G1 E2 F2400
;WIDTH:0.511063
G1 F1200
G1 X95.75 Y44.512 E2.00904
G1 X95.352 Y44.231 E2.03618
G1 E.03618 F2400
G92 E0
G1 X97.627 Y43.044 F7800
G1 E2 F2400
;WIDTH:0.367368
G1 F1200
G1 X96.372 Y44.299 E2.06707
;WIDTH:0.408684
G1 X96.333 Y44.381 E2.07097
;WIDTH:0.45
G1 X96.295 Y44.463 E2.07532
G1 X96.386 Y44.679 E2.08659
;WIDTH:0.444443
G1 X96.474 Y44.718 E2.09115
;WIDTH:0.405077
G1 X96.561 Y44.757 E2.0952
;WIDTH:0.367135
G1 X97.549 Y44.758 E2.13251
;WIDTH:0.377857
G1 X97.655 Y44.722 E2.13689
G1 X98.024 Y44.38 E2.15656
;WIDTH:0.377566
G1 X98.079 Y44.271 E2.16133
G1 X98.101 Y43.118 E2.20638
;WIDTH:0.412591
G1 X98.062 Y43.078 E2.20881
;WIDTH:0.458208
G1 X98.023 Y43.039 E2.21152
G1 X97.794 Y42.951 E2.22357
G1 X99.035 Y41.778 F7800
;TYPE:Internal infill
;WIDTH:0.45
G1 F4800
G1 X99.24 Y41.996 E2.23796
G1 X100.139 Y43.794 E2.33464
G1 X101.045 Y41.996 E2.43148
G1 X101.252 Y41.776 E2.44601
G1 X101.427 Y43.448 F7800
G1 F4800
G1 X102.37 Y43.196 E2.49296
G1 X102.198 Y43.068 E2.50327
G1 X102.104 Y42.899 E2.51257
G1 X102.081 Y42.707 E2.52187
G1 X102.134 Y42.521 E2.53117
G1 X102.277 Y42.35 E2.54189
G1 X103.234 Y41.735 E2.5966
G1 X103.538 Y41.735 E2.61122
G1 X103.707 Y41.829 E2.62052
G1 X103.827 Y41.98 E2.6298
G1 X103.882 Y42.197 E2.64057
G1 X103.882 Y42.791 E2.66914
G1 X107.388 Y41.851 E2.84372
G1 X107.388 Y43.761 E2.93558
G1 X102.484 Y38.856 E3.26918
G1 X102.801 Y38.856 E3.28443
G1 X101.952 Y42.023 E3.44213
G1 X101.966 Y42.355 E3.45811
G1 X101.736 Y42.831 E3.48354
G1 X100.282 Y48.259 E3.75381
G1 X100.98 Y48.259 E3.78738
G1 X98.017 Y45.296 E3.98892
G1 X98.691 Y44.594 E4.03573
G1 X98.746 Y44.167 E4.05644
G1 X99.161 Y44.056 E4.0771
G1 X99.822 Y45.286 E4.14426
G1 X99.99 Y45.381 E4.15354
G1 X100.294 Y45.381 E4.16816
G1 X100.463 Y45.286 E4.17748
G1 X100.593 Y45.116 E4.18777
G1 E2.18777 F2400
G92 E0
G1 X103.394 Y42.154 F7800
G1 E2 F2400
;TYPE:Solid infill
;WIDTH:0.533335
G1 F1200
G1 X103.455 Y42.282 E2.00829
G1 X103.475 Y42.456 E2.01853
;WIDTH:0.491843
G1 X103.496 Y42.63 E2.02787
;WIDTH:0.450351
G1 X103.517 Y42.804 E2.03631
;WIDTH:0.408859
G1 X103.537 Y42.978 E2.04384
;WIDTH:0.404692
G1 X103.537 Y43.536 E2.06752
;WIDTH:0.442018
G1 X103.537 Y44.095 E2.09385
;WIDTH:0.479344
G1 X103.537 Y44.653 E2.12273
G1 X103.598 Y44.692 E2.12648
;WIDTH:0.448788
G1 X103.659 Y44.731 E2.12995
;WIDTH:0.418232
G1 X103.952 Y44.751 E2.14291
;WIDTH:0.389568
G1 X104.245 Y44.77 E2.15482
;WIDTH:0.360904
G1 X104.343 Y44.903 E2.16093
G1 X104.256 Y45.045 E2.16709
;WIDTH:0.366841
G1 X103.773 Y45.06 E2.18532
;WIDTH:0.40242
G1 X103.649 Y45.042 E2.1906
;WIDTH:0.437999
G1 X103.524 Y45.023 E2.19649
;WIDTH:0.473578
G1 X103.399 Y45.005 E2.20294
G1 X103.318 Y45.019 E2.20714
;WIDTH:0.445656
G1 X103.237 Y45.033 E2.21105
;WIDTH:0.417734
G1 X102.934 Y45.045 E2.22441
;WIDTH:0.391423
G1 X102.631 Y45.057 E2.23678
;WIDTH:0.365113
G1 X102.478 Y45.016 E2.24272
G1 X102.44 Y44.859 E2.24878
G1 X102.526 Y44.786 E2.25301
;WIDTH:0.365628
G1 X102.988 Y44.757 E2.2704
;WIDTH:0.403533
G1 X103.07 Y44.722 E2.27417
;WIDTH:0.441438
G1 X103.152 Y44.688 E2.27834
;WIDTH:0.479344
G1 X103.235 Y44.653 E2.283
G1 X103.235 Y44.095 E2.31188
;WIDTH:0.442018
G1 X103.235 Y43.536 E2.33821
;WIDTH:0.404692
G1 X103.235 Y42.978 E2.36189
;WIDTH:0.403606
G1 X103.216 Y42.917 E2.36459
;WIDTH:0.439846
G1 X103.198 Y42.857 E2.36752
;WIDTH:0.476086
G1 X103.18 Y42.796 E2.37079
;WIDTH:0.50471
G1 X103.145 Y42.761 E2.37351
;WIDTH:0.533335
G1 X103.109 Y42.726 E2.37645
G1 X103.059 Y42.716 E2.37943
;WIDTH:0.503974
G1 X103.009 Y42.706 E2.38223
;WIDTH:0.474613
G1 X102.95 Y42.723 E2.38537
;WIDTH:0.438767
G1 X102.892 Y42.74 E2.38819
;WIDTH:0.402922
G1 X102.833 Y42.757 E2.39078
;WIDTH:0.367077
G1 X102.629 Y42.883 E2.39983
;WIDTH:0.363547
G1 X102.468 Y42.846 E2.40599
G1 X102.444 Y42.679 E2.41229
;WIDTH:0.367077
G1 X102.671 Y42.501 E2.42318
;WIDTH:0.409175
G1 X102.855 Y42.413 E2.43195
;WIDTH:0.451273
G1 X103.038 Y42.325 E2.44175
;WIDTH:0.493371
G1 X103.221 Y42.238 E2.45259
G1 E.45259 F2400
G92 E0
G1 X97.13 Y38.856 F7800
G1 E2 F2400
;TYPE:Internal infill
;WIDTH:0.45
G1 F4800
G1 X94.817 Y38.856 E2.11125
G1 X94.052 Y41.71 E2.25336
G1 X94.431 Y41.71 E2.27159
G1 X91.577 Y38.856 E2.46572
G1 X88.769 Y38.856 E2.60078
G1 X71.123 Y43.584 E3.47943
G1 X71.123 Y40.216 E3.64142
G1 X80.028 Y49.121 E4.24713
G1 X79.989 Y49.193 E4.25107
G1 X71.121 Y51.569 E4.69263
G1 X71.121 Y51.121 E4.71418
G1 X79.822 Y59.822 E5.30601
G1 X79.822 Y57.222 E5.43106
G1 X71.12 Y59.554 E5.86436
G1 X71.119 Y62.026 E5.98325
G1 X79.822 Y70.729 E6.57522
G1 X79.822 Y73.191 E6.69363
G1 X71.117 Y75.523 E7.12707
G1 X71.118 Y72.932 E7.25169
G1 X79.822 Y81.636 E7.84373
G1 X79.822 Y81.175 E7.8659
G1 X71.116 Y83.508 E8.2994
G1 X71.116 Y83.837 E8.31522
G1 X79.822 Y92.543 E8.90739
G1 X79.822 Y94.815 E9.01667
G1 X68.391 Y137.477 E11.14095
G1 X70.221 Y137.477 E11.22897
G1 X58.685 Y125.941 E12.01364
G1 X58.686 Y126.761 E12.05308
G1 X76.736 Y121.924 E12.95185
G1 X76.736 Y122.178 E12.96407
G1 X55.598 Y101.039 E14.40189
G1 X55.598 Y103.635 E14.52675
G1 X64.295 Y101.305 E14.9598
G1 X64.295 Y98.83 E15.07884
G1 X55.598 Y90.132 E15.67043
G1 X55.598 Y87.666 E15.78904
G1 X64.295 Y85.336 E16.22209
G1 X64.295 Y87.923 E16.34652
G1 X55.598 Y79.225 E16.93811
G1 X55.598 Y79.682 E16.96009
G1 X64.295 Y77.351 E17.39315
G1 X64.295 Y77.016 E17.40926
G1 X55.598 Y68.318 E18.00085
G1 X55.598 Y66.03 E18.11089
G1 X62.879 Y38.856 E19.46397
G1 X64.295 Y38.856 E19.53207
G1 X64.295 Y39.753 E19.57521
G1 E17.57521 F2400
G92 E0
G1 X70.902 Y38.47 F7800
G1 E2 F2400
;TYPE:Solid infill
;WIDTH:0.450021
G1 F1200
G1 X107.581 Y38.47 E3.76423
;WIDTH:0.483093
G1 X107.661 Y38.487 E3.7685
;WIDTH:0.516175
G1 X107.741 Y38.503 E3.7731
G1 X107.758 Y38.583 E3.77771
;WIDTH:0.483093
G1 X107.774 Y38.663 E3.78197
;WIDTH:0.450011
G1 X107.774 Y48.451 E4.25275
;WIDTH:0.483091
G1 X107.758 Y48.531 E4.25701
;WIDTH:0.516173
G1 X107.741 Y48.611 E4.26162
G1 X107.661 Y48.628 E4.26623
;WIDTH:0.483092
G1 X107.581 Y48.644 E4.27049
;WIDTH:0.450017
G1 X81.466 Y48.644 E5.52659
G1 X80.982 Y48.749 E5.55041
;WIDTH:0.438931
G1 X80.635 Y48.967 E5.56955
;WIDTH:0.438477
G1 X80.374 Y49.298 E5.58922
;WIDTH:0.442569
G1 X80.25 Y49.599 E5.60458
;WIDTH:0.448031
G1 X80.209 Y49.904 E5.61931
;WIDTH:0.450011
G1 X80.208 Y116.994 E8.8462
;WIDTH:0.483093
G1 X80.192 Y117.074 E8.85046
;WIDTH:0.516175
G1 X80.175 Y117.154 E8.85507
G1 X80.095 Y117.171 E8.85968
;WIDTH:0.483093
G1 X80.015 Y117.187 E8.86394
;WIDTH:0.450017
G1 X78.362 Y117.187 E8.94345
G1 X78.065 Y117.218 E8.95781
;WIDTH:0.439341
G1 X77.71 Y117.344 E8.97543
;WIDTH:0.404381
G1 X77.346 Y117.629 E8.99503
G1 X77.128 Y117.977 E9.01244
G1 X77.038 Y118.444 E9.03261
G1 X77.034 Y137.669 E9.84788
;WIDTH:0.450019
G1 X76.951 Y137.862 E9.85799
G1 X58.498 Y137.862 E10.74556
G1 X58.386 Y137.688 E10.75551
;WIDTH:0.404381
G1 X58.382 Y118.444 E11.57158
G1 X58.277 Y117.934 E11.59366
G1 X57.99 Y117.537 E11.61443
G1 X57.658 Y117.315 E11.63137
;WIDTH:0.450019
G1 X57.173 Y117.187 E11.6555
G1 X55.405 Y117.187 E11.74054
;WIDTH:0.483091
G1 X55.325 Y117.171 E11.7448
;WIDTH:0.516171
G1 X55.245 Y117.154 E11.74941
G1 X55.228 Y117.074 E11.75402
;WIDTH:0.483089
G1 X55.212 Y116.994 E11.75828
;WIDTH:0.450011
G1 X55.212 Y49.904 E14.98517
G1 X55.121 Y49.455 E15.00721
;WIDTH:0.450963
G1 X54.959 Y49.158 E15.02352
G1 X54.623 Y48.842 E15.04576
;WIDTH:0.444113
G1 X54.235 Y48.687 E15.06555
;WIDTH:0.447451
G1 X53.953 Y48.646 E15.07917
;WIDTH:0.450009
G1 X27.838 Y48.644 E16.33524
;WIDTH:0.48309
G1 X27.758 Y48.628 E16.3395
;WIDTH:0.516171
G1 X27.678 Y48.611 E16.34411
G1 X27.661 Y48.531 E16.34872
;WIDTH:0.483091
G1 X27.645 Y48.451 E16.35298
;WIDTH:0.450011
G1 X27.645 Y38.663 E16.82376
;WIDTH:0.483093
G1 X27.661 Y38.583 E16.82802
;WIDTH:0.516175
G1 X27.678 Y38.503 E16.83263
G1 X27.758 Y38.487 E16.83723
;WIDTH:0.483093
G1 X27.838 Y38.47 E16.8415
;WIDTH:0.450021
G1 X64.488 Y38.47 E18.60433
G1 X64.6 Y38.645 E18.61432
;WIDTH:0.404381
G1 X64.6 Y108.392 E21.57206
G1 X64.707 Y108.894 E21.59383
G1 X64.948 Y109.246 E21.61192
G1 X65.313 Y109.521 E21.6313
;WIDTH:0.450019
G1 X65.84 Y109.649 E21.65739
G1 X69.49 Y109.649 E21.83295
G1 X69.74 Y109.629 E21.84501
;WIDTH:0.439709
G1 X70.111 Y109.515 E21.86318
;WIDTH:0.404381
G1 X70.43 Y109.291 E21.87971
G1 X70.689 Y108.934 E21.89841
G1 X70.807 Y108.55 E21.91545
G1 X70.819 Y38.663 E24.87913
;WIDTH:0.408071
G1 X70.826 Y38.647 E24.87988
G1 E22.87988 F2400
G92 E0
G1 X52.581 Y38.856 F7800
G1 E2 F2400
;TYPE:Internal infill
;WIDTH:0.45
G1 F4800
G1 X54.894 Y38.856 E2.11125
G1 X52.375 Y48.259 E2.57945
G1 X53.677 Y48.259 E2.64207
G1 X64.295 Y45.413 E3.17079
G1 X64.295 Y44.295 E3.22456
G1 X58.856 Y38.856 E3.59451
G1 X58.97 Y38.856 E3.59999
G1 X48.17 Y41.75 E4.13776
G1 X46.145 Y41.71 E4.23517
G1 X46.91 Y38.856 E4.37728
G1 X47.949 Y38.856 E4.42725
G1 X64.295 Y55.202 E5.53909
G1 X64.295 Y53.398 E5.62586
G1 X55.598 Y55.728 E6.05891
G1 X55.598 Y57.412 E6.1399
G1 X64.295 Y66.109 E6.73146
G1 X64.295 Y69.367 E6.88816
G1 X55.598 Y71.697 E7.32121
G1 X55.598 Y74.011 E7.43251
G1 E5.43251 F2400
G92 E0
G1 X55.598 Y61.399 F7800
G1 E2 F2400
G1 F4800
G1 X55.598 Y63.713 E2.1113
G1 X64.295 Y61.382 E2.54436
G1 X64.295 Y63.367 E2.63983
G1 X55.598 Y95.828 E4.25616
G1 X55.598 Y95.651 E4.26467
G1 X64.295 Y93.32 E4.69773
G1 X64.295 Y93.166 E4.70514
G1 X57.898 Y117.039 E5.89386
G1 X58.237 Y117.305 E5.91458
G1 X58.565 Y117.802 E5.94322
G1 X58.682 Y118.235 E5.96479
G1 X58.682 Y118.778 E5.99091
G1 X79.822 Y113.113 E7.04355
G1 X79.822 Y114.357 E7.10338
G1 X71.112 Y105.647 E7.69582
G1 X71.112 Y107.463 E7.78316
G1 X79.822 Y105.129 E8.21686
G1 X79.822 Y103.45 E8.29761
G1 X71.114 Y94.742 E8.88992
G1 X71.114 Y91.493 E9.04619
G1 X79.822 Y89.16 E9.47979
G1 X79.822 Y86.846 E9.59109
G1 E7.59109 F2400
G92 E0
G1 X76.734 Y127.596 F7800
G1 E2 F2400
G1 F4800
G1 X76.733 Y129.91 E2.1113
G1 X58.689 Y134.745 E3.00977
G1 X58.69 Y136.853 E3.11116
G1 X59.314 Y137.477 E3.1536
G1 X60.407 Y137.477 E3.20617
G1 X67.76 Y110.035 E4.5726
G1 X65.607 Y110.004 E4.67616
G1 X65.054 Y109.781 E4.70484
G1 X64.788 Y109.571 E4.72114
G1 X64.524 Y109.228 E4.74196
G1 X55.598 Y111.62 E5.18642
G1 X55.598 Y111.946 E5.2021
G1 X76.732 Y133.08 E6.63961
G1 X76.73 Y136.153 E6.78741
G1 X76.376 Y137.477 E6.85333
G1 X74.062 Y137.477 E6.96463
G1 E4.96463 F2400
G92 E0
G1 X48.758 Y48.259 F7800
G1 E2 F2400
G1 F4800
G1 X46.445 Y48.259 E2.11125
G1 X43.591 Y45.405 E2.30538
G1 X44.206 Y45.405 E2.33496
G1 X44.423 Y45.35 E2.34573
G1 X45.008 Y44.799 E2.38438
G1 X45.252 Y45.043 E2.40098
G1 X44.39 Y48.259 E2.56112
G1 X42.077 Y48.259 E2.67237
G1 E.67237 F2400
G92 E0
G1 X44.12 Y44.285 F7800
G1 E2 F2400
G1 F4800
G1 X43.992 Y44.413 E2.00871
G1 X42.781 Y44.413 E2.06695
G1 X42.348 Y43.986 E2.0962
G1 X42.061 Y43.875 E2.111
G1 X41.833 Y43.647 E2.12651
G1 X41.971 Y43.411 E2.13966
G1 X44.124 Y42.834 E2.24687
G1 X43.992 Y42.702 E2.25585
G1 X43.556 Y42.702 E2.27682
G1 X42.736 Y42.055 F7800
;TYPE:Solid infill
;WIDTH:0.367135
G1 F1200
G1 X44.144 Y42.058 E2.32999
;WIDTH:0.381256
G1 X44.294 Y42.112 E2.33629
G1 X44.666 Y42.463 E2.3565
;WIDTH:0.410019
G1 X44.753 Y42.5 E2.36058
;WIDTH:0.449773
G1 X44.84 Y42.536 E2.36511
;WIDTH:0.45
G1 X45.033 Y42.467 E2.37497
G1 X45.131 Y42.389 E2.38099
G1 X45.169 Y42.25 E2.38792
;WIDTH:0.447372
G1 X45.242 Y42.11 E2.39546
G1 X45.459 Y42.082 E2.40591
;WIDTH:0.407195
G1 X45.677 Y42.055 E2.4153
;WIDTH:0.367019
G1 X47.984 Y42.058 E2.50238
;WIDTH:0.365062
G1 X48.117 Y42.156 E2.50858
G1 X48.1 Y42.283 E2.51339
G1 X47.926 Y42.359 E2.52051
;WIDTH:0.367019
G1 X45.577 Y42.358 E2.60918
;WIDTH:0.408509
G1 X45.49 Y42.444 E2.61443
;WIDTH:0.45
G1 X45.403 Y42.531 E2.62035
G1 X45.389 Y42.718 E2.62937
G1 X45.404 Y43.235 E2.65425
G1 X45.554 Y43.377 E2.66418
;WIDTH:0.41097
G1 X45.676 Y43.406 E2.6696
;WIDTH:0.367363
G1 X47.429 Y43.41 E2.73585
;WIDTH:0.379922
G1 X47.603 Y43.514 E2.74383
;WIDTH:0.408537
G1 X47.846 Y43.774 E2.75911
;WIDTH:0.437152
G1 X48.089 Y44.033 E2.77562
G1 X48.319 Y44.059 E2.78638
;WIDTH:0.477943
G1 X48.322 Y44.08 E2.78747
;WIDTH:0.518735
G1 X48.326 Y44.1 E2.78863
;WIDTH:0.559527
G1 X48.329 Y44.12 E2.78988
;WIDTH:0.573511
G1 X48.488 Y44.063 E2.80061
G1 X48.844 Y43.709 E2.83249
G1 X48.902 Y43.622 E2.83913
;WIDTH:0.532105
G1 X48.96 Y43.535 E2.84523
;WIDTH:0.4907
G1 X49.018 Y43.448 E2.85079
;WIDTH:0.449295
G1 X49.076 Y43.362 E2.85577
;WIDTH:0.40789
G1 X49.133 Y43.275 E2.86023
;WIDTH:0.366485
G1 X49.592 Y42.817 E2.88466
;WIDTH:0.407442
G1 X49.679 Y42.76 E2.88911
;WIDTH:0.448971
G1 X49.767 Y42.702 E2.89417
;WIDTH:0.490501
G1 X49.854 Y42.644 E2.89973
;WIDTH:0.53203
G1 X49.941 Y42.587 E2.9058
;WIDTH:0.57356
G1 X50.028 Y42.529 E2.91244
G1 X50.362 Y42.196 E2.94239
G1 X50.435 Y42.182 E2.94711
G1 X50.463 Y42.709 E2.98063
G1 X50.483 Y42.812 E2.98729
;WIDTH:0.53232
G1 X50.504 Y42.914 E2.99337
;WIDTH:0.49108
G1 X50.524 Y43.016 E2.9989
;WIDTH:0.44984
G1 X50.545 Y43.118 E3.00391
;WIDTH:0.4086
G1 X50.566 Y43.22 E3.00838
;WIDTH:0.415506
G1 X50.572 Y43.396 E3.01609
;WIDTH:0.463652
G1 X50.578 Y43.572 E3.02486
;WIDTH:0.511798
G1 X50.583 Y43.747 E3.03463
;WIDTH:0.559944
G1 X50.589 Y43.923 E3.04551
G1 X50.625 Y43.935 E3.04786
;WIDTH:0.526404
G1 X50.661 Y43.947 E3.05005
;WIDTH:0.492864
G1 X50.865 Y43.951 E3.06095
;WIDTH:0.448895
G1 X51.069 Y43.955 E3.07074
;WIDTH:0.404927
G1 X51.274 Y43.959 E3.07945
;WIDTH:0.360959
G1 X51.372 Y44.093 E3.08559
G1 X51.321 Y44.197 E3.08987
G1 X51.189 Y44.253 E3.09517
;WIDTH:0.410705
G1 X51.039 Y44.258 E3.10165
;WIDTH:0.460451
G1 X50.889 Y44.263 E3.10906
;WIDTH:0.510197
G1 X50.739 Y44.268 E3.11741
;WIDTH:0.559944
G1 X50.589 Y44.274 E3.12669
G1 X50.578 Y44.309 E3.12896
;WIDTH:0.526402
G1 X50.566 Y44.345 E3.13115
;WIDTH:0.492861
G1 X50.562 Y44.549 E3.14205
;WIDTH:0.448892
G1 X50.557 Y44.753 E3.15184
;WIDTH:0.404923
G1 X50.553 Y44.958 E3.16055
;WIDTH:0.360955
G1 X50.42 Y45.056 E3.16666
G1 X50.316 Y45.005 E3.17094
G1 X50.26 Y44.873 E3.17624
;WIDTH:0.410702
G1 X50.254 Y44.723 E3.18272
;WIDTH:0.460449
G1 X50.249 Y44.573 E3.19013
;WIDTH:0.510196
G1 X50.244 Y44.423 E3.19848
;WIDTH:0.559944
G1 X50.239 Y44.274 E3.20769
G1 X50.203 Y44.262 E3.21004
;WIDTH:0.526403
G1 X50.168 Y44.25 E3.21217
;WIDTH:0.492863
G1 X49.957 Y44.249 E3.22345
;WIDTH:0.45078
G1 X49.746 Y44.249 E3.23362
;WIDTH:0.408697
G1 X49.535 Y44.249 E3.24268
;WIDTH:0.407993
G1 X49.433 Y44.228 E3.24714
;WIDTH:0.449372
G1 X49.33 Y44.207 E3.25219
;WIDTH:0.490752
G1 X49.228 Y44.186 E3.25773
;WIDTH:0.532131
G1 X49.126 Y44.165 E3.26381
;WIDTH:0.573511
G1 X49.023 Y44.144 E3.27049
G1 X48.331 Y44.134 E3.31444
;WIDTH:0.559527
G1 X48.333 Y44.154 E3.31568
;WIDTH:0.518735
G1 X48.335 Y44.175 E3.31688
;WIDTH:0.477943
G1 X48.336 Y44.195 E3.31791
;WIDTH:0.437152
G1 X48.194 Y44.266 E3.32529
G1 X48.111 Y44.384 E3.332
;WIDTH:0.405914
G1 X47.93 Y44.633 E3.34511
;WIDTH:0.380748
G1 X47.541 Y45.007 E3.3664
G1 X47.28 Y45.06 E3.37691
;WIDTH:0.367135
G1 X45.83 Y45.057 E3.43166
;WIDTH:0.367386
G1 X45.602 Y44.907 E3.44197
G1 X45.159 Y44.47 E3.46549
;WIDTH:0.403982
G1 X45.05 Y44.437 E3.47031
;WIDTH:0.443339
G1 X44.941 Y44.404 E3.47569
G1 X44.847 Y44.486 E3.48159
;WIDTH:0.405255
G1 X44.753 Y44.567 E3.48687
;WIDTH:0.38075
G1 X44.298 Y45.007 E3.51185
G1 X44.036 Y45.06 E3.5224
;WIDTH:0.367135
G1 X42.63 Y45.057 E3.57549
;WIDTH:0.376424
G1 X42.432 Y44.974 E3.58385
;WIDTH:0.384852
G1 X42.04 Y44.609 E3.60526
;WIDTH:0.401417
G1 X41.776 Y44.688 E3.61684
G1 X41.9 Y44.559 E3.62436
;WIDTH:0.391492
G1 X41.911 Y44.319 E3.63416
;WIDTH:0.384852
G1 X42.03 Y44.234 E3.64001
G1 X42.187 Y44.337 E3.64752
G1 X42.572 Y44.691 E3.66843
;WIDTH:0.36741
G1 X42.735 Y44.757 E3.67508
;WIDTH:0.367135
G1 X44.037 Y44.758 E3.72425
;WIDTH:0.377836
G1 X44.143 Y44.722 E3.72863
G1 X44.544 Y44.348 E3.75007
;WIDTH:0.408585
G1 X44.586 Y44.266 E3.75403
;WIDTH:0.45
G1 X44.628 Y44.185 E3.75842
G1 X44.54 Y43.93 E3.77139
G1 X44.44 Y43.867 E3.77707
G1 X43.649 Y43.669 E3.81629
G1 X43.556 Y43.559 E3.82322
G1 X43.622 Y43.461 E3.8289
G1 X44.436 Y43.249 E3.86936
G1 X44.536 Y43.189 E3.87497
G1 X44.635 Y42.88 E3.89058
G1 X44.592 Y42.821 E3.89409
;WIDTH:0.416629
G1 X44.55 Y42.762 E3.89727
;WIDTH:0.383258
G1 X44.143 Y42.393 E3.91912
;WIDTH:0.379852
G1 X44.037 Y42.359 E3.9235
;WIDTH:0.367135
G1 X42.736 Y42.358 E3.97263
;WIDTH:0.377792
G1 X42.629 Y42.394 E3.97704
G1 X42.183 Y42.815 E4.00101
;WIDTH:0.368255
G1 X42.034 Y42.891 E4.00735
;WIDTH:0.401678
G1 X41.945 Y42.872 E4.01118
;WIDTH:0.435101
G1 X41.856 Y42.853 E4.01539
G1 X41.68 Y42.982 E4.02548
G1 X41.606 Y43.351 E4.04288
;WIDTH:0.393712
G1 X41.383 Y43.531 E4.05465
;WIDTH:0.367367
G1 X40.203 Y44.239 E4.10665
;WIDTH:0.408683
G1 X40.149 Y44.33 E4.11119
;WIDTH:0.45
G1 X40.095 Y44.42 E4.11624
G1 X40.161 Y44.658 E4.12812
G1 X40.253 Y44.707 E4.13313
;WIDTH:0.408185
G1 X40.346 Y44.757 E4.13766
;WIDTH:0.366371
G1 X41.291 Y44.76 E4.17325
;WIDTH:0.410741
G1 X41.353 Y44.783 E4.17611
;WIDTH:0.456192
G1 X41.415 Y44.806 E4.17934
;WIDTH:0.501643
G1 X41.477 Y44.829 E4.18295
G1 X41.571 Y44.807 E4.18822
;WIDTH:0.453012
G1 X41.665 Y44.785 E4.1929
;WIDTH:0.438075
G1 X41.631 Y44.834 E4.19568
;WIDTH:0.471769
G1 X41.598 Y44.883 E4.19868
;WIDTH:0.505463
G1 X41.564 Y44.932 E4.20196
G1 X41.473 Y44.975 E4.2075
;WIDTH:0.458739
G1 X41.382 Y45.018 E4.21245
;WIDTH:0.412015
G1 X41.29 Y45.061 E4.21685
;WIDTH:0.366371
G1 X40.345 Y45.059 E4.25244
;WIDTH:0.408185
G1 X40.116 Y45.038 E4.2623
;WIDTH:0.45
G1 X39.887 Y45.017 E4.27336
G1 X38.802 Y45.015 E4.32554
G1 X38.549 Y44.943 E4.33819
G1 X38.394 Y45.002 E4.34617
;WIDTH:0.40706
G1 X38.239 Y45.06 E4.35324
;WIDTH:0.366347
G1 X37.102 Y45.059 E4.39606
;WIDTH:0.408173
G1 X36.811 Y45.038 E4.40857
;WIDTH:0.45
G1 X35.511 Y44.995 E4.47113
G1 X35.455 Y44.926 E4.4754
G1 X35.517 Y44.799 E4.4822
G1 X36.325 Y44.314 E4.52753
G1 X36.564 Y44.147 E4.54155
;WIDTH:0.408684
G1 X36.803 Y43.979 E4.5541
;WIDTH:0.36737
G1 X38.053 Y43.229 E4.60919
;WIDTH:0.401238
G1 X38.083 Y43.054 E4.61665
;WIDTH:0.435107
G1 X38.113 Y42.878 E4.62491
G1 X38.069 Y42.807 E4.62877
;WIDTH:0.401327
G1 X38.025 Y42.735 E4.63232
;WIDTH:0.379878
G1 X37.656 Y42.392 E4.65214
G1 X37.55 Y42.359 E4.65651
;WIDTH:0.367135
G1 X36.249 Y42.358 E4.70564
;WIDTH:0.377784
G1 X36.142 Y42.394 E4.71005
G1 X35.655 Y42.842 E4.73592
;WIDTH:0.368214
G1 X35.488 Y42.877 E4.74239
G1 X35.405 Y42.744 E4.74833
G1 X35.486 Y42.596 E4.75472
;WIDTH:0.380746
G1 X35.988 Y42.108 E4.78235
G1 X36.249 Y42.055 E4.79286
;WIDTH:0.367135
G1 X37.698 Y42.058 E4.84758
;WIDTH:0.379878
G1 X37.873 Y42.164 E4.85563
;WIDTH:0.407492
G1 X38.124 Y42.427 E4.87119
;WIDTH:0.435107
G1 X38.376 Y42.69 E4.88803
G1 X38.588 Y42.707 E4.89786
G1 X38.659 Y42.651 E4.90204
;WIDTH:0.40168
G1 X38.729 Y42.596 E4.90579
;WIDTH:0.380748
G1 X39.231 Y42.108 E4.93342
G1 X39.493 Y42.055 E4.94397
;WIDTH:0.367135
G1 X40.942 Y42.058 E4.99869
;WIDTH:0.379882
G1 X41.117 Y42.164 E5.00674
;WIDTH:0.407491
G1 X41.368 Y42.427 E5.0223
;WIDTH:0.435101
G1 X41.619 Y42.69 E5.03911
G1 X41.832 Y42.707 E5.04899
G1 X41.902 Y42.651 E5.05313
;WIDTH:0.401678
G1 X41.973 Y42.596 E5.05691
;WIDTH:0.380749
G1 X42.475 Y42.108 E5.08454
G1 X42.547 Y42.094 E5.08743
G1 X40.794 Y42.359 F7800
;WIDTH:0.379882
G1 F1200
G1 X40.899 Y42.392 E5.09176
G1 X41.268 Y42.735 E5.11158
;WIDTH:0.401323
G1 X41.313 Y42.807 E5.11515
;WIDTH:0.435101
G1 X41.357 Y42.878 E5.11901
G1 X41.327 Y43.054 E5.12727
;WIDTH:0.401233
G1 X41.297 Y43.229 E5.13473
;WIDTH:0.367367
G1 X40.047 Y43.979 E5.18982
;WIDTH:0.408683
G1 X39.808 Y44.147 E5.20237
;WIDTH:0.45
G1 X39.569 Y44.314 E5.21639
G1 X38.733 Y44.816 E5.26329
G1 X38.529 Y44.892 E5.27376
G1 X38.368 Y44.826 E5.28213
;WIDTH:0.40706
G1 X38.208 Y44.761 E5.28951
;WIDTH:0.366347
G1 X37.102 Y44.757 E5.33117
;WIDTH:0.408173
G1 X37.01 Y44.707 E5.33566
;WIDTH:0.45
G1 X36.917 Y44.658 E5.34072
G1 X36.852 Y44.42 E5.35259
G1 X36.905 Y44.33 E5.35761
;WIDTH:0.408684
G1 X36.959 Y44.239 E5.36215
;WIDTH:0.36737
G1 X38.139 Y43.531 E5.41415
;WIDTH:0.393719
G1 X38.363 Y43.351 E5.42595
;WIDTH:0.435107
G1 X38.436 Y42.982 E5.44334
G1 X38.612 Y42.853 E5.45343
G1 X38.701 Y42.872 E5.45764
;WIDTH:0.40168
G1 X38.79 Y42.891 E5.46147
;WIDTH:0.368254
G1 X38.939 Y42.815 E5.46781
;WIDTH:0.377791
G1 X39.386 Y42.394 E5.49181
G1 X39.492 Y42.358 E5.49619
;WIDTH:0.367135
G1 X40.601 Y42.359 E5.53807
G1 E3.53807 F2400
G92 E0
G1 X44.861 Y43.558 F7800
G1 E2 F2400
;WIDTH:0.659109
G1 F1200
G1 X44.961 Y43.423 E2.01246
;WIDTH:0.641205
G1 X44.971 Y43.313 E2.02041
;WIDTH:0.599443
G1 X44.981 Y43.204 E2.02771
;WIDTH:0.557681
G1 X44.991 Y43.094 E2.03451
;WIDTH:0.51592
G1 X45.002 Y42.985 E2.04068
;WIDTH:0.474158
G1 X45.012 Y42.875 E2.04633
G1 E.04633 F2400
G92 E0
G1 X47.764 Y44.117 F7800
G1 E2 F2400
;WIDTH:0.39658
G1 F1200
G1 X47.386 Y43.743 E2.02203
;WIDTH:0.379922
G1 X47.281 Y43.71 E2.02636
;WIDTH:0.367363
G1 X45.397 Y43.709 E2.09756
;WIDTH:0.408681
G1 X45.362 Y43.722 E2.09916
;WIDTH:0.45
G1 X45.327 Y43.735 E2.10096
G1 X45.204 Y44.088 E2.11894
G1 X45.295 Y44.18 E2.12516
;WIDTH:0.406184
G1 X45.386 Y44.273 E2.13071
;WIDTH:0.367386
G1 X45.815 Y44.69 E2.15332
G1 X45.979 Y44.757 E2.16002
;WIDTH:0.367135
G1 X47.281 Y44.758 E2.20919
;WIDTH:0.377892
G1 X47.385 Y44.723 E2.21348
;WIDTH:0.389054
G1 X47.792 Y44.301 E2.23722
G1 E.23722 F2400
G92 E0
G1 X49.668 Y43.167 F7800
G1 E2 F2400
;WIDTH:0.366485
G1 F1200
G1 X49.347 Y43.489 E2.01713
;WIDTH:0.411617
G1 X49.315 Y43.552 E2.02019
;WIDTH:0.456749
G1 X49.283 Y43.616 E2.02369
;WIDTH:0.501881
G1 X49.251 Y43.679 E2.02755
;WIDTH:0.537696
G1 X49.255 Y43.735 E2.03086
;WIDTH:0.573511
G1 X49.259 Y43.792 E2.03449
G1 X49.297 Y43.835 E2.03813
;WIDTH:0.537076
G1 X49.335 Y43.879 E2.04156
;WIDTH:0.500641
G1 X49.402 Y43.901 E2.0454
;WIDTH:0.455965
G1 X49.469 Y43.924 E2.04886
;WIDTH:0.411289
G1 X49.536 Y43.946 E2.05191
;WIDTH:0.414946
G1 X49.712 Y43.941 E2.05961
;WIDTH:0.463279
G1 X49.888 Y43.935 E2.06837
;WIDTH:0.511611
G1 X50.063 Y43.929 E2.07814
;WIDTH:0.559944
G1 X50.239 Y43.923 E2.08902
G1 X50.251 Y43.888 E2.09131
;WIDTH:0.526402
G1 X50.263 Y43.852 E2.0935
;WIDTH:0.492861
G1 X50.263 Y43.641 E2.10478
;WIDTH:0.451027
G1 X50.263 Y43.431 E2.11491
;WIDTH:0.409193
G1 X50.263 Y43.22 E2.12398
;WIDTH:0.41245
G1 X50.24 Y43.153 E2.12706
;WIDTH:0.45754
G1 X50.218 Y43.085 E2.13056
;WIDTH:0.50263
G1 X50.195 Y43.018 E2.13443
;WIDTH:0.538095
G1 X50.153 Y42.981 E2.13774
;WIDTH:0.57356
G1 X50.111 Y42.945 E2.14125
G1 X50.053 Y42.941 E2.14494
;WIDTH:0.536791
G1 X49.995 Y42.936 E2.14837
;WIDTH:0.500023
G1 X49.931 Y42.968 E2.15226
;WIDTH:0.455319
G1 X49.868 Y42.999 E2.15568
;WIDTH:0.410616
G1 X49.805 Y43.031 E2.15873
G1 X48.186 Y42.656 F7800
;TYPE:Internal infill
;WIDTH:0.45
G1 F4800
G1 X47.99 Y42.702 E2.16841
G1 X45.879 Y42.702 E2.26994
G1 X45.783 Y43.062 E2.28786
G1 X47.489 Y43.066 E2.36991
G1 X47.754 Y43.176 E2.38371
G1 X47.981 Y43.396 E2.39891
G1 E.39891 F2400
G92 E0
G1 X41.918 Y42.162 F7800
G1 E2 F2400
G1 F4800
G1 X41.765 Y42.316 E2.01044
G1 X41.298 Y41.849 E2.0422
G1 X41.106 Y41.735 E2.05294
G1 X39.896 Y41.71 E2.11115
G1 X37.042 Y38.856 E2.30528
G1 X38.925 Y38.856 E2.39585
G1 X38.109 Y41.904 E2.54761
G1 X37.936 Y41.765 E2.55828
G1 X37.719 Y41.71 E2.56905
G1 X36.079 Y41.71 E2.64793
G1 X35.861 Y41.766 E2.65876
G1 E.65876 F2400
G92 E0
G1 X33.664 Y42.154 F7800
G1 E2 F2400
;TYPE:Solid infill
;WIDTH:0.533337
G1 F1200
G1 X33.724 Y42.282 E2.00827
G1 X33.745 Y42.456 E2.01852
;WIDTH:0.491845
G1 X33.766 Y42.63 E2.02786
;WIDTH:0.450353
G1 X33.786 Y42.804 E2.03629
;WIDTH:0.408861
G1 X33.807 Y42.978 E2.04382
;WIDTH:0.404694
G1 X33.807 Y43.536 E2.0675
;WIDTH:0.44202
G1 X33.807 Y44.095 E2.09383
;WIDTH:0.479346
G1 X33.807 Y44.653 E2.12271
G1 X33.868 Y44.692 E2.12646
;WIDTH:0.448789
G1 X33.928 Y44.731 E2.12989
;WIDTH:0.418232
G1 X34.222 Y44.751 E2.1429
;WIDTH:0.389566
G1 X34.515 Y44.77 E2.15481
;WIDTH:0.360901
G1 X34.613 Y44.903 E2.16092
G1 X34.525 Y45.045 E2.1671
;WIDTH:0.366843
G1 X34.043 Y45.06 E2.18529
;WIDTH:0.402421
G1 X33.918 Y45.042 E2.19061
;WIDTH:0.437999
G1 X33.793 Y45.023 E2.1965
;WIDTH:0.473578
G1 X33.669 Y45.005 E2.20289
G1 X33.588 Y45.019 E2.20709
;WIDTH:0.445655
G1 X33.507 Y45.033 E2.211
;WIDTH:0.417732
G1 X33.204 Y45.045 E2.22436
;WIDTH:0.391422
G1 X32.9 Y45.057 E2.23677
;WIDTH:0.365112
G1 X32.747 Y45.016 E2.24271
G1 X32.709 Y44.859 E2.24877
G1 X32.796 Y44.786 E2.25303
;WIDTH:0.365626
G1 X33.258 Y44.757 E2.27042
;WIDTH:0.403532
G1 X33.34 Y44.722 E2.27419
;WIDTH:0.441439
G1 X33.422 Y44.688 E2.27836
;WIDTH:0.479346
G1 X33.504 Y44.653 E2.28297
G1 X33.504 Y44.095 E2.31185
;WIDTH:0.44202
G1 X33.504 Y43.536 E2.33818
;WIDTH:0.404694
G1 X33.504 Y42.978 E2.36186
;WIDTH:0.403609
G1 X33.486 Y42.917 E2.36455
;WIDTH:0.439849
G1 X33.468 Y42.857 E2.36748
;WIDTH:0.47609
G1 X33.45 Y42.796 E2.37075
;WIDTH:0.504713
G1 X33.414 Y42.761 E2.37351
;WIDTH:0.533337
G1 X33.379 Y42.726 E2.37641
G1 X33.329 Y42.716 E2.37939
;WIDTH:0.503973
G1 X33.278 Y42.706 E2.38224
;WIDTH:0.47461
G1 X33.22 Y42.723 E2.38533
;WIDTH:0.438765
G1 X33.161 Y42.74 E2.3882
;WIDTH:0.40292
G1 X33.103 Y42.757 E2.39075
;WIDTH:0.367075
G1 X32.899 Y42.883 E2.3998
;WIDTH:0.363544
G1 X32.738 Y42.846 E2.40596
G1 X32.714 Y42.679 E2.41226
;WIDTH:0.367075
G1 X32.941 Y42.501 E2.42315
;WIDTH:0.409174
G1 X33.124 Y42.413 E2.43188
;WIDTH:0.451273
G1 X33.307 Y42.325 E2.44168
;WIDTH:0.493372
G1 X33.49 Y42.238 E2.45252
G1 E.45252 F2400
G92 E0
G1 X31.219 Y44.212 F7800
G1 E2 F2400
;TYPE:Internal infill
;WIDTH:0.45
G1 F4800
G1 X31.018 Y44.413 E2.01367
G1 X29.806 Y44.413 E2.07196
G1 X29.556 Y44.163 E2.08896
G1 X29.91 Y42.702 E2.16126
G1 X29.981 Y42.702 E2.16467
G1 X31.355 Y44.076 E2.25813
G1 X31.538 Y43.928 E2.26945
G1 X31.724 Y43.875 E2.27875
G1 X31.916 Y43.897 E2.28804
G1 X32.084 Y43.991 E2.2973
G1 X32.204 Y44.143 E2.30661
G1 X32.257 Y44.409 E2.31966
G1 X32.204 Y44.594 E2.32892
G1 X32.056 Y44.777 E2.34024
G1 X35.538 Y48.259 E2.57708
G1 X36.406 Y48.259 E2.61883
G1 X37.171 Y45.405 E2.76094
G1 X35.539 Y45.405 E2.83943
G1 X35.322 Y45.35 E2.8502
G1 X35.173 Y45.232 E2.85934
G1 X28.031 Y47.146 E3.21497
G1 X28.031 Y48.259 E3.2685
G1 X28.421 Y48.259 E3.28726
G1 X29.23 Y45.24 E3.43759
G1 X28.704 Y44.713 E3.4734
G1 X28.589 Y44.521 E3.48416
G1 X28.565 Y43.179 E3.54872
G1 X29.762 Y42.055 F7800
;TYPE:Solid infill
;WIDTH:0.367135
G1 F1200
G1 X31.212 Y42.058 E3.60347
;WIDTH:0.367368
G1 X31.443 Y42.212 E3.61396
G1 X31.862 Y42.645 E3.63673
G1 X31.894 Y42.807 E3.64297
G1 X31.793 Y42.883 E3.64775
G1 X31.636 Y42.834 E3.65397
G1 X31.229 Y42.427 E3.67572
G1 X31.063 Y42.359 E3.6825
;WIDTH:0.367135
G1 X29.761 Y42.358 E3.73167
;WIDTH:0.377852
G1 X29.656 Y42.393 E3.736
G1 X29.282 Y42.74 E3.75595
;WIDTH:0.366884
G1 X29.213 Y42.907 E3.76277
;WIDTH:0.36714
G1 X29.212 Y44.208 E3.8119
;WIDTH:0.377856
G1 X29.247 Y44.314 E3.81626
G1 X29.594 Y44.688 E3.83621
;WIDTH:0.366883
G1 X29.761 Y44.757 E3.84303
;WIDTH:0.367135
G1 X31.063 Y44.758 E3.8922
;WIDTH:0.377789
G1 X31.169 Y44.721 E3.89659
G1 X31.657 Y44.273 E3.92249
;WIDTH:0.368217
G1 X31.823 Y44.239 E3.92891
G1 X31.906 Y44.372 E3.93485
G1 X31.826 Y44.52 E3.94123
;WIDTH:0.380749
G1 X31.323 Y45.007 E3.96886
G1 X31.062 Y45.06 E3.97937
;WIDTH:0.367135
G1 X29.612 Y45.057 E4.03412
;WIDTH:0.367023
G1 X29.37 Y44.891 E4.0452
;WIDTH:0.380751
G1 X28.963 Y44.469 E4.06833
G1 X28.909 Y44.208 E4.07885
;WIDTH:0.36714
G1 X28.912 Y42.757 E4.13364
;WIDTH:0.367025
G1 X29.079 Y42.516 E4.14471
;WIDTH:0.380747
G1 X29.501 Y42.108 E4.16787
G1 X29.573 Y42.094 E4.17076
G1 E2.17076 F2400
G92 E0
G1 X30.748 Y38.856 F7800
G1 E2 F2400
;TYPE:Internal infill
;WIDTH:0.45
G1 F4800
G1 X29.172 Y38.856 E2.0758
G1 X28.031 Y39.162 E2.13262
G1 X28.031 Y40.751 E2.20905
G1 X29.193 Y41.914 E2.28812
G1 X29.449 Y41.735 E2.30314
G1 X30.176 Y41.71 E2.33813
G1 X30.941 Y38.856 E2.48024
G1 X33.255 Y38.856 E2.59154
G1 E.59154 F2400
G92 E0
G1 X37.455 Y44.343 F7800
G1 E2 F2400
G1 F4800
G1 X37.436 Y44.413 E2.00349
G1 E.00349 F2400
G92 E0
G1 X52.375 Y127.399 F7800
G1 E2 F2400
;TYPE:Perimeter
;WIDTH:0.45
G1 X52.375 Y138.151 E2.51713
G1 X27.356 Y138.151 E3.72046
G1 X27.356 Y127.399 E4.23759
G1 X52.315 Y127.399 E5.43803
G1 X52.761 Y127.013 F7800
G1 F2400
G1 X52.761 Y138.537 E5.99229
G1 X26.97 Y138.537 E7.23275
G1 X26.97 Y127.013 E7.78701
G1 X52.701 Y127.013 E9.02458
G1 X53.147 Y126.628 F7800
;TYPE:External perimeter
G1 F1500
G1 X53.147 Y138.923 E9.61593
G1 X26.585 Y138.923 E10.89347
G1 X26.585 Y126.628 E11.48482
G1 X53.087 Y126.628 E12.75947
G1 X53.146 Y127.023 F7800
G1 E10.75947 F2400
G92 E0
G1 X51.862 Y134.26 F7800
G1 E2 F2400
;TYPE:Internal infill
;WIDTH:0.45
G1 F4800
G1 X51.862 Y136.574 E2.1113
G1 X48.407 Y137.477 E2.28306
G1 X38.973 Y128.074 E2.9237
G1 X36.453 Y137.477 E3.39191
G1 X37.5 Y137.477 E3.44227
G1 X28.097 Y128.074 E4.08185
G1 X30.988 Y128.074 E4.2209
G1 X28.469 Y137.477 E4.6891
G1 X28.031 Y137.477 E4.71017
G1 X28.031 Y134.975 E4.83051
G1 X51.862 Y128.589 E6.01714
G1 X51.862 Y130.025 E6.08621
G1 X49.911 Y128.074 E6.21891
G1 X46.957 Y128.074 E6.36099
G1 X44.438 Y137.477 E6.82919
G1 X42.124 Y137.477 E6.94049
G1 E4.94049 F2400
G92 E0
G1 X27.838 Y127.688 F7800
G1 E2 F2400
;TYPE:Solid infill
;WIDTH:0.450019
G1 F1200
G1 X52.055 Y127.688 E3.16481
G1 X52.167 Y127.863 E3.1748
;WIDTH:0.404381
G1 X52.167 Y137.669 E3.59064
;WIDTH:0.450019
G1 X52.084 Y137.862 E3.60075
G1 X27.838 Y137.862 E4.76696
;WIDTH:0.48309
G1 X27.758 Y137.846 E4.77122
;WIDTH:0.516173
G1 X27.678 Y137.829 E4.77583
G1 X27.661 Y137.749 E4.78044
;WIDTH:0.483092
G1 X27.645 Y137.669 E4.7847
;WIDTH:0.450011
G1 X27.645 Y127.881 E5.25548
;WIDTH:0.477071
G1 X27.658 Y127.816 E5.25889
;WIDTH:0.504132
G1 X27.672 Y127.75 E5.26259
;LAYER_CHANGE
;Z:2.15
;HEIGHT:0.3
G1 E3.26259 F2400
G92 E0
G1 Z2.15 F7800
G1 X222.598 Y38.181
G1 E2 F2400
;TYPE:Perimeter
;WIDTH:0.45
G1 X157.406 Y105.944 E6.52256
G1 X157.406 Y49.576 E9.23366
G1 X160.613 Y49.576 E9.38791
G1 X160.902 Y49.484 E9.4025
G1 X161.196 Y49.27 E9.41999
G1 X161.382 Y48.983 E9.43644
G1 X161.456 Y48.612 E9.45464
G1 X161.456 Y38.181 E9.95633
G1 X222.538 Y38.181 E12.89416
G1 X223.03 Y37.795 F7800
G1 F2400
G1 X223.03 Y38.289 E12.91792
G1 X157.5 Y106.403 E17.46392
G1 X157.02 Y106.403 E17.48701
G1 X157.02 Y49.19 E20.23876
G1 X160.572 Y49.19 E20.4096
G1 X160.831 Y49.08 E20.42313
G1 X161.004 Y48.88 E20.43585
G1 X161.07 Y48.612 E20.44912
G1 X161.07 Y37.795 E20.96938
G1 X222.97 Y37.795 E23.94655
G1 X223.416 Y37.41 F7800
;TYPE:External perimeter
G1 F1500
G1 X223.416 Y38.444 E23.99628
G1 X157.664 Y106.789 E28.55769
G1 X156.635 Y106.789 E28.60718
G1 X156.635 Y48.805 E31.39601
G1 X160.492 Y48.805 E31.58152
G1 X160.616 Y48.759 E31.58788
G1 X160.685 Y48.612 E31.59569
G1 X160.685 Y37.41 E32.13447
G1 X223.356 Y37.41 E35.14873
G1 X223.415 Y37.805 F7800
G1 E33.14873 F2400
G92 E0
G1 X217 Y38.47 F7800
G1 E2 F2400
;TYPE:Internal infill
;WIDTH:0.45
G1 F4800
G1 X214.687 Y38.47 E2.11125
G1 X211.895 Y48.889 E2.63005
G1 X211.299 Y49.509 E2.67141
G1 X200.261 Y38.47 E3.42224
G1 X198.718 Y38.47 E3.49645
G1 X189.761 Y71.896 E5.16085
G1 X189.907 Y71.744 E5.17099
G1 X161.745 Y43.582 E7.08654
G1 X161.745 Y43.255 E7.10227
G1 X179.603 Y38.47 E7.99148
G1 X182.749 Y38.47 E8.14279
G1 X167.628 Y94.902 E10.95272
G1 X168.515 Y93.98 E11.01425
G1 X157.695 Y83.16 E11.75021
G1 X157.695 Y84.263 E11.80326
G1 X184.868 Y76.982 E13.15629
G1 X184.559 Y77.303 E13.17772
G1 X157.695 Y50.439 E15.00498
G1 X157.695 Y52.325 E15.09569
G1 X209.402 Y38.47 E17.67035
G1 X211.168 Y38.47 E17.75529
G1 X216.647 Y43.95 E18.128
G1 X215.917 Y44.709 E18.17865
G1 X157.695 Y60.309 E21.07771
G1 X157.695 Y61.346 E21.12759
G1 X179.211 Y82.862 E22.59108
G1 X178.695 Y83.399 E22.6269
G1 X190.733 Y38.47 E24.86405
G1 X189.354 Y38.47 E24.93038
G1 X205.951 Y55.068 E26.05932
G1 X205.567 Y55.466 E26.08592
G1 X157.695 Y68.294 E28.46963
G1 X157.695 Y65.98 E28.58093
G1 E26.58093 F2400
G92 E0
G1 X157.695 Y78.592 F7800
G1 E2 F2400
G1 F4800
G1 X157.695 Y76.278 E2.1113
G1 X195.255 Y66.185 E3.98189
G1 X167.54 Y38.47 E5.86703
G1 X166.78 Y38.47 E5.90358
G1 X157.695 Y72.376 E7.59187
G1 X157.695 Y72.253 E7.59779
G1 X173.863 Y88.421 E8.69752
G1 X174.519 Y87.739 E8.74303
G1 X157.695 Y92.247 E9.58075
G1 X157.695 Y94.067 E9.66829
G1 X163.167 Y99.539 E10.04049
G1 X164.169 Y98.497 E10.11002
G1 X157.695 Y100.232 E10.43239
G1 X157.695 Y97.918 E10.54369
G1 E8.54369 F2400
G92 E0
G1 X159.423 Y103.431 F7800
G1 E2 F2400
G1 F4800
G1 X157.819 Y105.098 E2.11127
G1 X157.695 Y104.974 E2.1197
G1 X157.695 Y102.174 E2.25437
G1 X174.764 Y38.47 E5.42639
G1 X172.451 Y38.47 E5.53764
G1 E3.53764 F2400
G92 E0
G1 X178.447 Y38.47 F7800
G1 E2 F2400
G1 F4800
G1 X200.603 Y60.626 E3.50703
G1 X200.828 Y60.393 E3.52261
G1 X206.702 Y38.47 E4.61422
G1 X204.389 Y38.47 E4.72547
G1 E2.72547 F2400
G92 E0
G1 X113.056 Y56.863 F7800
G1 E2 F2400
;TYPE:Perimeter
;WIDTH:0.45
G1 X113.056 Y38.181 E2.89854
G1 X115.113 Y38.181 E2.99747
G1 X115.14 Y38.989 E3.03635
G1 X115.322 Y39.361 E3.05627
G1 X115.595 Y39.597 E3.07363
G1 X145.502 Y56.863 E4.73456
G1 X113.116 Y56.863 E6.29221
G1 X112.67 Y57.249 F7800
G1 F2400
G1 X112.67 Y37.795 E7.22788
G1 X115.499 Y37.795 E7.36395
G1 X115.515 Y38.898 E7.41701
G1 X115.624 Y39.122 E7.42899
G1 X115.788 Y39.263 E7.43939
G1 X146.941 Y57.249 E9.16953
G1 X112.73 Y57.249 E10.81496
G1 X112.285 Y57.635 F7800
;TYPE:External perimeter
G1 F1500
G1 X112.285 Y37.41 E11.78771
G1 X115.885 Y37.41 E11.96086
G1 X115.885 Y38.8 E12.02771
G1 X115.981 Y38.929 E12.03544
G1 X148.38 Y57.635 E13.8348
G1 X112.345 Y57.635 E15.56796
G1 X112.285 Y57.239 F7800
G1 E13.56796 F2400
G92 E0
G1 X114.776 Y56.313 F7800
G1 E2 F2400
;TYPE:Internal infill
;WIDTH:0.45
G1 F4800
G1 X114.776 Y56.574 E2.01255
G1 X115.816 Y56.574 E2.06257
G1 X115.816 Y55.562 E2.11124
G1 X114.776 Y55.841 E2.16303
G1 X114.776 Y53.762 E2.26302
G1 X115.816 Y49.878 E2.45641
G1 X115.816 Y47.577 E2.56708
G1 X114.776 Y47.856 E2.61887
G1 X114.776 Y51.148 E2.7772
G1 X115.816 Y52.189 E2.84797
G1 X115.816 Y54.502 E2.95922
G1 X116.245 Y56.454 F7800
;TYPE:Solid infill
;WIDTH:0.569063
G1 F1200
G1 X116.201 Y56.498 E2.96314
G1 X116.217 Y56.559 E2.96711
G1 X116.278 Y56.576 E2.9711
G1 X116.323 Y56.531 E2.97511
G1 X116.306 Y56.47 E2.9791
;WIDTH:0.45
G1 X116.951 Y56.574 E3.01052
G1 X116.202 Y55.826 E3.06143
G1 X116.069 Y55.646 E3.07219
;WIDTH:0.421953
G1 X116.081 Y55.689 E3.07418
G1 X116.006 Y55.709 E3.07764
G1 X116.026 Y55.634 E3.0811
;WIDTH:0.45
G1 X116.202 Y55.28 E3.10011
G1 X117.496 Y56.574 E3.18813
G1 X118.041 Y56.574 E3.21434
G1 X116.202 Y54.735 E3.33943
G1 X116.202 Y54.19 E3.36564
G1 X118.587 Y56.574 E3.52783
G1 X119.132 Y56.574 E3.55404
G1 X116.202 Y53.644 E3.75333
G1 X116.202 Y53.099 E3.77954
G1 X119.677 Y56.574 E4.01591
G1 X120.223 Y56.574 E4.04217
G1 X116.202 Y52.554 E4.31564
G1 X116.202 Y52.008 E4.3419
G1 X120.768 Y56.574 E4.65247
G1 X121.313 Y56.574 E4.67868
G1 X116.202 Y51.463 E5.02632
G1 X116.202 Y50.918 E5.05253
G1 X121.859 Y56.574 E5.43728
G1 X122.404 Y56.574 E5.46349
G1 X116.202 Y50.372 E5.88534
G1 X116.202 Y49.827 E5.91155
G1 X122.949 Y56.574 E6.37047
G1 X123.495 Y56.574 E6.39673
G1 X116.202 Y49.281 E6.89279
G1 X116.202 Y48.736 E6.919
G1 X124.04 Y56.574 E7.45213
G1 X124.586 Y56.574 E7.47839
G1 X116.202 Y48.191 E8.04863
G1 X116.202 Y47.645 E8.07489
G1 X125.131 Y56.574 E8.68223
G1 X125.676 Y56.574 E8.70844
G1 X116.202 Y47.1 E9.35285
G1 X116.202 Y46.555 E9.37906
G1 X126.222 Y56.574 E10.06057
G1 X126.767 Y56.574 E10.08678
G1 X116.202 Y46.009 E10.8054
G1 X116.202 Y45.464 E10.83161
G1 X127.312 Y56.574 E11.5873
G1 X127.858 Y56.574 E11.61356
G1 X116.202 Y44.919 E12.40635
G1 X116.202 Y44.373 E12.43261
G1 X128.403 Y56.574 E13.26251
G1 X128.948 Y56.574 E13.28872
G1 X116.202 Y43.828 E14.15569
G1 X116.202 Y43.283 E14.1819
G1 X129.494 Y56.574 E15.08597
G1 X130.039 Y56.574 E15.11218
G1 X116.202 Y42.737 E16.05336
G1 X116.202 Y42.192 E16.07957
G1 X130.584 Y56.574 E17.05782
G1 X131.13 Y56.574 E17.08408
G1 X116.202 Y41.647 E18.09943
G1 X116.202 Y41.101 E18.12569
G1 X131.675 Y56.574 E19.17814
G1 X132.22 Y56.574 E19.20435
G1 X116.202 Y40.556 E20.29387
G1 X116.22 Y40.225 E20.30981
;WIDTH:0.421953
G1 X116.231 Y40.269 E20.31183
G1 X116.156 Y40.289 E20.31529
G1 X116.176 Y40.214 E20.31875
G1 X116.843 Y40.651 F7800
;WIDTH:0.45
G1 F1200
G1 X132.766 Y56.574 E21.40181
G1 X133.311 Y56.574 E21.42802
G1 X117.89 Y41.157 E22.4768
;WIDTH:0.404381
G1 X117.901 Y41.198 E22.4786
G1 X117.83 Y41.217 E22.48172
G1 X117.849 Y41.146 E22.48484
G1 X119.14 Y41.891 F7800
G1 F1200
G1 X119.12 Y41.962 E22.48797
G1 X119.192 Y41.943 E22.49113
G1 X119.181 Y41.902 E22.49293
;WIDTH:0.45
G1 X133.856 Y56.574 E23.491
G1 X134.402 Y56.574 E23.51726
G1 X120.471 Y42.647 E24.46469
;WIDTH:0.404381
G1 X120.482 Y42.688 E24.46649
G1 X120.411 Y42.707 E24.46961
G1 X120.43 Y42.636 E24.47273
G1 X121.72 Y43.381 F7800
G1 F1200
G1 X121.701 Y43.452 E24.47585
G1 X121.772 Y43.433 E24.47897
G1 X121.761 Y43.392 E24.48077
;WIDTH:0.45
G1 X134.947 Y56.574 E25.37753
G1 X135.492 Y56.574 E25.40374
G1 X123.051 Y44.137 E26.24983
;WIDTH:0.404381
G1 X123.062 Y44.178 E26.25163
G1 X122.991 Y44.197 E26.25475
G1 X123.01 Y44.126 E26.25787
G1 X124.301 Y44.871 F7800
G1 F1200
G1 X124.282 Y44.942 E26.26099
G1 X124.353 Y44.923 E26.26411
G1 X124.342 Y44.882 E26.26591
;WIDTH:0.45
G1 X136.038 Y56.574 E27.06132
G1 X136.583 Y56.574 E27.08753
G1 X125.632 Y45.627 E27.83227
;WIDTH:0.404381
G1 X125.643 Y45.668 E27.83407
G1 X125.572 Y45.687 E27.83719
G1 X125.591 Y45.616 E27.84031
G1 X126.881 Y46.36 F7800
G1 F1200
G1 X126.862 Y46.432 E27.84347
G1 X126.933 Y46.413 E27.84659
G1 X126.922 Y46.371 E27.84843
;WIDTH:0.45
G1 X137.129 Y56.574 E28.54256
G1 X137.674 Y56.574 E28.56877
G1 X128.213 Y47.116 E29.21219
;WIDTH:0.404381
G1 X128.224 Y47.157 E29.21399
G1 X128.153 Y47.177 E29.21712
G1 X128.172 Y47.105 E29.22028
G1 X129.462 Y47.85 F7800
G1 F1200
G1 X129.443 Y47.921 E29.2234
G1 X129.514 Y47.902 E29.22652
G1 X129.503 Y47.861 E29.22832
;WIDTH:0.45
G1 X138.219 Y56.574 E29.82107
G1 X138.765 Y56.574 E29.84733
G1 X130.793 Y48.606 E30.38944
;WIDTH:0.404381
G1 X130.804 Y48.647 E30.39124
G1 X130.733 Y48.666 E30.39436
G1 X130.752 Y48.595 E30.39748
G1 X132.043 Y49.34 F7800
G1 F1200
G1 X132.024 Y49.411 E30.4006
G1 X132.095 Y49.392 E30.40372
G1 X132.084 Y49.351 E30.40552
;WIDTH:0.45
G1 X139.31 Y56.574 E30.89692
G1 X139.855 Y56.574 E30.92313
G1 X133.374 Y50.096 E31.36386
;WIDTH:0.404381
G1 X133.385 Y50.137 E31.36566
G1 X133.314 Y50.156 E31.36878
G1 X133.333 Y50.085 E31.3719
G1 X134.623 Y50.83 F7800
G1 F1200
G1 X134.604 Y50.901 E31.37502
G1 X134.675 Y50.882 E31.37814
G1 X134.664 Y50.841 E31.37994
;WIDTH:0.45
G1 X140.401 Y56.574 E31.77003
G1 X140.946 Y56.574 E31.79624
G1 X135.955 Y51.586 E32.13562
;WIDTH:0.404381
G1 X135.966 Y51.627 E32.13742
G1 X135.894 Y51.646 E32.14058
G1 X135.913 Y51.575 E32.1437
G1 X137.204 Y52.32 F7800
G1 F1200
G1 X137.185 Y52.391 E32.14682
G1 X137.256 Y52.372 E32.14994
G1 X137.245 Y52.331 E32.15174
;WIDTH:0.45
G1 X141.491 Y56.574 E32.44045
G1 X142.037 Y56.574 E32.46671
G1 X138.535 Y53.076 E32.70478
;WIDTH:0.404381
G1 X138.546 Y53.117 E32.70658
G1 X138.475 Y53.136 E32.7097
G1 X138.494 Y53.065 E32.71282
G1 X139.784 Y53.81 F7800
G1 F1200
G1 X139.765 Y53.881 E32.71594
G1 X139.836 Y53.862 E32.71906
G1 X139.825 Y53.821 E32.72086
;WIDTH:0.45
G1 X142.582 Y56.574 E32.90825
G1 X143.111 Y56.558 E32.9337
G1 X141.116 Y54.566 E33.0693
;WIDTH:0.404381
G1 X141.127 Y54.607 E33.0711
G1 X141.056 Y54.626 E33.07422
G1 X141.075 Y54.555 E33.07734
G1 X142.632 Y55.537 F7800
;WIDTH:0.444513
G1 F1200
G1 X143.818 Y56.222 E33.14228
G1 X144.367 Y56.577 E33.17328
G1 X143.537 Y56.577 E33.21263
G1 X143.553 Y56.472 E33.21767
G1 X143.518 Y56.424 E33.22049
G1 X142.768 Y55.674 E33.27078
G1 E31.27078 F2400
G92 E0
G1 X115.816 Y43.595 F7800
G1 E2 F2400
;TYPE:Internal infill
;WIDTH:0.45
G1 F4800
G1 X115.816 Y41.282 E2.11125
G1 X114.776 Y40.241 E2.18202
G1 X114.776 Y39.872 E2.19977
G1 X115.31 Y39.729 E2.22636
G1 X115.816 Y40.059 E2.25542
G1 X115.816 Y41.089 E2.30496
G1 E.30496 F2400
G92 E0
G1 X113.345 Y38.663 F7800
G1 E2 F2400
;TYPE:Solid infill
;WIDTH:0.45
G1 F1200
G1 X113.345 Y56.574 E2.86146
G1 X114.39 Y56.574 E2.91172
G1 X114.39 Y39.533 E3.73133
G1 X114.529 Y39.059 E3.75509
G1 X114.718 Y38.896 E3.76709
G1 X114.842 Y38.829 E3.77387
G1 X114.83 Y38.47 E3.79115
G1 X113.345 Y38.47 E3.86257
G1 X113.703 Y39.533 F7800
;WIDTH:0.422779
G1 F1200
G1 X113.717 Y39.195 E3.87769
;WIDTH:0.451295
G1 X113.731 Y38.856 E3.89406
G1 X114.233 Y38.856 E3.91829
G1 X114.16 Y38.944 E3.92381
G1 X114.096 Y39.239 E3.93838
;WIDTH:0.422779
G1 X114.033 Y39.533 E3.95182
;WIDTH:0.394263
G1 X114.033 Y56.217 E4.63828
G1 X113.703 Y56.217 E4.65186
G1 X113.703 Y39.726 E5.33038
G1 E3.33038 F2400
G92 E0
G1 X115.26 Y62.909 F7800
G1 E2 F2400
;TYPE:Perimeter
;WIDTH:0.45
G1 X115.322 Y63.036 E2.0068
G1 X115.595 Y63.272 E2.02416
G1 X145.502 Y80.538 E3.68509
G1 X113.056 Y80.538 E5.24563
G1 X113.056 Y61.856 E6.14417
G1 X115.113 Y61.856 E6.2431
G1 X115.14 Y62.664 E6.28198
G1 X115.233 Y62.855 E6.2922
G1 X115.587 Y62.72 F7800
G1 F2400
G1 X115.624 Y62.797 E6.29631
G1 X115.788 Y62.938 E6.30671
G1 X146.941 Y80.924 E8.03685
G1 X112.67 Y80.924 E9.68517
G1 X112.67 Y61.47 E10.62084
G1 X115.499 Y61.47 E10.75691
G1 X115.515 Y62.573 E10.80997
G1 X115.56 Y62.666 E10.81494
G1 X115.923 Y62.527 F7800
;TYPE:External perimeter
G1 F1500
G1 X115.981 Y62.604 E10.81958
G1 X148.38 Y81.31 E12.61894
G1 X112.285 Y81.31 E14.35498
G1 X112.285 Y61.085 E15.32773
G1 X115.885 Y61.085 E15.50088
G1 X115.885 Y62.475 E15.56773
G1 X115.887 Y62.478 E15.5679
G1 X116.203 Y62.724 F7800
G1 E13.5679 F2400
G92 E0
G1 X114.776 Y66.139 F7800
G1 E2 F2400
;TYPE:Internal infill
;WIDTH:0.45
G1 F4800
G1 X114.776 Y63.825 E2.1113
G1 X115.595 Y63.606 E2.15208
G1 X115.816 Y63.734 E2.16436
G1 X115.816 Y71.531 E2.53937
G1 X114.776 Y71.809 E2.59115
G1 X114.776 Y72.962 E2.64661
G1 X115.816 Y74.002 E2.71735
G1 X115.816 Y76.316 E2.82865
G1 X114.776 Y77.48 F7800
G1 F4800
G1 X114.776 Y79.794 E2.93995
G1 X115.816 Y79.515 E2.99174
G1 X115.663 Y80.249 E3.0278
G1 X114.776 Y80.249 E3.07046
G1 X114.776 Y79.987 E3.08306
G1 X113.345 Y80.249 F7800
;TYPE:Solid infill
;WIDTH:0.45
G1 F1200
G1 X113.345 Y62.145 E3.9538
G1 X114.83 Y62.145 E4.02522
G1 X114.842 Y62.504 E4.0425
G1 X114.718 Y62.571 E4.04928
G1 X114.529 Y62.734 E4.06128
G1 X114.39 Y63.208 E4.08504
G1 X114.39 Y80.249 E4.90465
G1 X113.538 Y80.249 E4.94563
G1 E2.94563 F2400
G92 E0
G1 X113.703 Y63.401 F7800
G1 E2 F2400
;WIDTH:0.394264
G1 F1200
G1 X113.703 Y79.892 E2.67852
G1 X114.033 Y79.892 E2.6921
G1 X114.033 Y63.208 E3.37856
;WIDTH:0.422778
G1 X114.096 Y62.914 E3.392
;WIDTH:0.451295
G1 X114.16 Y62.619 E3.40657
G1 X114.233 Y62.531 E3.41209
G1 X113.731 Y62.531 E3.43632
G1 X113.717 Y62.87 E3.45269
;WIDTH:0.422778
G1 X113.703 Y63.208 E3.46781
G1 E1.46781 F2400
G92 E0
G1 X116.245 Y80.129 F7800
G1 E2 F2400
;WIDTH:0.569063
G1 F1200
G1 X116.201 Y80.173 E2.00392
G1 X116.217 Y80.234 E2.00789
G1 X116.278 Y80.251 E2.01188
G1 X116.323 Y80.206 E2.01589
G1 X116.306 Y80.145 E2.01988
;WIDTH:0.45
G1 X116.951 Y80.249 E2.0513
G1 X116.202 Y79.501 E2.10221
G1 X116.069 Y79.321 E2.11297
;WIDTH:0.421953
G1 X116.081 Y79.364 E2.11496
G1 X116.006 Y79.384 E2.11842
G1 X116.026 Y79.309 E2.12188
;WIDTH:0.45
G1 X116.202 Y78.955 E2.14089
G1 X117.496 Y80.249 E2.22891
G1 X118.041 Y80.249 E2.25512
G1 X116.202 Y78.41 E2.38021
G1 X116.202 Y77.865 E2.40642
G1 X118.587 Y80.249 E2.56861
G1 X119.132 Y80.249 E2.59482
G1 X116.202 Y77.319 E2.79411
G1 X116.202 Y76.774 E2.82032
G1 X119.677 Y80.249 E3.05669
G1 X120.223 Y80.249 E3.08295
G1 X116.202 Y76.229 E3.35642
G1 X116.202 Y75.683 E3.38268
G1 X120.768 Y80.249 E3.69325
G1 X121.313 Y80.249 E3.71946
G1 X116.202 Y75.138 E4.0671
G1 X116.202 Y74.593 E4.09331
G1 X121.859 Y80.249 E4.47806
G1 X122.404 Y80.249 E4.50427
G1 X116.202 Y74.047 E4.92612
G1 X116.202 Y73.502 E4.95233
G1 X122.949 Y80.249 E5.41125
G1 X123.495 Y80.249 E5.43751
G1 X116.202 Y72.956 E5.93357
G1 X116.202 Y72.411 E5.95978
G1 X124.04 Y80.249 E6.49291
G1 X124.586 Y80.249 E6.51917
G1 X116.202 Y71.866 E7.08941
G1 X116.202 Y71.32 E7.11567
G1 X125.131 Y80.249 E7.72301
G1 X125.676 Y80.249 E7.74922
G1 X116.202 Y70.775 E8.39363
G1 X116.202 Y70.23 E8.41984
G1 X126.222 Y80.249 E9.10135
G1 X126.767 Y80.249 E9.12756
G1 X116.202 Y69.684 E9.84618
G1 X116.202 Y69.139 E9.87239
G1 X127.312 Y80.249 E10.62808
G1 X127.858 Y80.249 E10.65434
G1 X116.202 Y68.594 E11.44713
G1 X116.202 Y68.048 E11.47339
G1 X128.403 Y80.249 E12.30329
G1 X128.948 Y80.249 E12.3295
G1 X116.202 Y67.503 E13.19647
G1 X116.202 Y66.958 E13.22268
G1 X129.494 Y80.249 E14.12675
G1 X130.039 Y80.249 E14.15296
G1 X116.202 Y66.412 E15.09414
G1 X116.202 Y65.867 E15.12035
G1 X130.584 Y80.249 E16.0986
G1 X131.13 Y80.249 E16.12486
G1 X116.202 Y65.322 E17.14021
G1 X116.202 Y64.776 E17.16647
G1 X131.675 Y80.249 E18.21892
G1 X132.22 Y80.249 E18.24513
G1 X116.202 Y64.231 E19.33465
G1 X116.22 Y63.9 E19.35059
;WIDTH:0.421953
G1 X116.231 Y63.944 E19.35261
G1 X116.156 Y63.964 E19.35607
G1 X116.176 Y63.889 E19.35953
G1 X116.843 Y64.326 F7800
;WIDTH:0.45
G1 F1200
G1 X132.766 Y80.249 E20.44259
G1 X133.311 Y80.249 E20.4688
G1 X117.89 Y64.832 E21.51758
;WIDTH:0.404381
G1 X117.901 Y64.873 E21.51938
G1 X117.83 Y64.892 E21.5225
G1 X117.849 Y64.821 E21.52562
G1 X119.14 Y65.566 F7800
G1 F1200
G1 X119.12 Y65.637 E21.52875
G1 X119.192 Y65.618 E21.53191
G1 X119.181 Y65.577 E21.53371
;WIDTH:0.45
G1 X133.856 Y80.249 E22.53178
G1 X134.402 Y80.249 E22.55804
G1 X120.471 Y66.322 E23.50547
;WIDTH:0.404381
G1 X120.482 Y66.363 E23.50727
G1 X120.411 Y66.382 E23.51039
G1 X120.43 Y66.311 E23.51351
G1 X121.72 Y67.056 F7800
G1 F1200
G1 X121.701 Y67.127 E23.51663
G1 X121.772 Y67.108 E23.51975
G1 X121.761 Y67.067 E23.52155
;WIDTH:0.45
G1 X134.947 Y80.249 E24.41831
G1 X135.492 Y80.249 E24.44452
G1 X123.051 Y67.812 E25.29061
;WIDTH:0.404381
G1 X123.062 Y67.853 E25.29241
G1 X122.991 Y67.872 E25.29553
G1 X123.01 Y67.801 E25.29865
G1 X124.301 Y68.546 F7800
G1 F1200
G1 X124.282 Y68.617 E25.30177
G1 X124.353 Y68.598 E25.30489
G1 X124.342 Y68.557 E25.30669
;WIDTH:0.45
G1 X136.038 Y80.249 E26.1021
G1 X136.583 Y80.249 E26.12831
G1 X125.632 Y69.302 E26.87305
;WIDTH:0.404381
G1 X125.643 Y69.343 E26.87485
G1 X125.572 Y69.362 E26.87797
G1 X125.591 Y69.291 E26.88109
G1 X126.881 Y70.035 F7800
G1 F1200
G1 X126.862 Y70.107 E26.88425
G1 X126.933 Y70.088 E26.88737
G1 X126.922 Y70.046 E26.88921
;WIDTH:0.45
G1 X137.129 Y80.249 E27.58334
G1 X137.674 Y80.249 E27.60955
G1 X128.213 Y70.791 E28.25297
;WIDTH:0.404381
G1 X128.224 Y70.832 E28.25477
G1 X128.153 Y70.852 E28.2579
G1 X128.172 Y70.78 E28.26106
G1 X129.462 Y71.525 F7800
G1 F1200
G1 X129.443 Y71.596 E28.26418
G1 X129.514 Y71.577 E28.2673
G1 X129.503 Y71.536 E28.2691
;WIDTH:0.45
G1 X138.219 Y80.249 E28.86185
G1 X138.765 Y80.249 E28.88811
G1 X130.793 Y72.281 E29.43022
;WIDTH:0.404381
G1 X130.804 Y72.322 E29.43202
G1 X130.733 Y72.341 E29.43514
G1 X130.752 Y72.27 E29.43826
G1 X132.043 Y73.015 F7800
G1 F1200
G1 X132.024 Y73.086 E29.44138
G1 X132.095 Y73.067 E29.4445
G1 X132.084 Y73.026 E29.4463
;WIDTH:0.45
G1 X139.31 Y80.249 E29.9377
G1 X139.855 Y80.249 E29.96391
G1 X133.374 Y73.771 E30.40464
;WIDTH:0.404381
G1 X133.385 Y73.812 E30.40644
G1 X133.314 Y73.831 E30.40956
G1 X133.333 Y73.76 E30.41268
G1 X134.623 Y74.505 F7800
G1 F1200
G1 X134.604 Y74.576 E30.4158
G1 X134.675 Y74.557 E30.41892
G1 X134.664 Y74.516 E30.42072
;WIDTH:0.45
G1 X140.401 Y80.249 E30.81081
G1 X140.946 Y80.249 E30.83702
G1 X135.955 Y75.261 E31.1764
;WIDTH:0.404381
G1 X135.966 Y75.302 E31.1782
G1 X135.894 Y75.321 E31.18136
G1 X135.914 Y75.25 E31.18449
G1 X137.204 Y75.995 F7800
G1 F1200
G1 X137.185 Y76.066 E31.18761
G1 X137.256 Y76.047 E31.19073
G1 X137.245 Y76.006 E31.19253
;WIDTH:0.45
G1 X141.491 Y80.249 E31.48124
G1 X142.037 Y80.249 E31.5075
G1 X138.535 Y76.751 E31.74557
;WIDTH:0.404381
G1 X138.546 Y76.792 E31.74737
G1 X138.475 Y76.811 E31.75049
G1 X138.494 Y76.74 E31.75361
G1 X139.784 Y77.485 F7800
G1 F1200
G1 X139.765 Y77.556 E31.75673
G1 X139.836 Y77.537 E31.75985
G1 X139.825 Y77.496 E31.76165
;WIDTH:0.45
G1 X142.582 Y80.249 E31.94904
G1 X143.111 Y80.233 E31.97449
G1 X141.116 Y78.241 E32.11009
;WIDTH:0.404381
G1 X141.127 Y78.282 E32.11189
G1 X141.056 Y78.301 E32.11501
G1 X141.075 Y78.23 E32.11813
G1 X142.632 Y79.212 F7800
;WIDTH:0.444514
G1 F1200
G1 X143.818 Y79.897 E32.18307
G1 X144.367 Y80.252 E32.21407
G1 X143.537 Y80.252 E32.25342
G1 X143.553 Y80.147 E32.25846
G1 X143.518 Y80.099 E32.26128
G1 X142.768 Y79.349 E32.31157
G1 E30.31157 F2400
G92 E0
G1 X133.062 Y170.955 F7800
G1 E2 F2400
;TYPE:Perimeter
;WIDTH:0.45
G1 X133.043 Y170.977 E2.0014
G1 X132.932 Y171.517 E2.02792
;WIDTH:0.464918
G1 X133.016 Y171.812 E2.04324
G1 X132.453 Y171.812 E2.07137
G1 X132.537 Y171.517 E2.08669
;WIDTH:0.45
G1 X132.426 Y170.977 E2.11321
G1 X132.185 Y170.686 E2.13138
G1 X131.922 Y170.533 E2.14601
G1 X131.576 Y170.469 E2.16293
G1 X113.056 Y170.469 E3.05368
G1 X113.056 Y97.666 E6.55525
G1 X122.606 Y97.666 E7.01457
G1 X124.402 Y98.775 E7.11609
G1 X125.112 Y99.187 E7.15557
G1 X128.794 Y100.477 E7.34322
G1 X132.734 Y100.925 E7.53394
G1 X136.675 Y100.477 E7.72471
G1 X140.456 Y99.152 E7.91741
G1 X142.863 Y97.666 E8.05346
G1 X152.413 Y97.666 E8.51278
G1 X152.413 Y170.469 E12.01435
G1 X133.893 Y170.469 E12.9051
G1 X133.613 Y170.511 E12.91872
G1 X133.284 Y170.686 E12.93664
G1 X133.1 Y170.909 E12.95055
G1 X133.399 Y171.144 F7800
G1 F2400
G1 X133.383 Y171.16 E12.95164
G1 X133.316 Y171.484 E12.96755
G1 X133.397 Y171.731 E12.98005
G1 X133.681 Y172.205 E13.00663
G1 X131.788 Y172.205 E13.09768
G1 X132.072 Y171.731 E13.12426
G1 X132.148 Y171.521 E13.135
G1 X132.086 Y171.16 E13.15262
G1 X131.844 Y170.92 E13.16901
G1 X131.576 Y170.855 E13.18227
G1 X112.67 Y170.855 E14.09158
G1 X112.67 Y97.281 E17.63023
G1 X122.715 Y97.281 E18.11336
G1 X125.239 Y98.823 E18.25562
G1 X128.881 Y100.098 E18.44121
G1 X132.734 Y100.537 E18.62772
G1 X136.588 Y100.098 E18.81428
G1 X140.289 Y98.802 E19.00288
G1 X142.754 Y97.281 E19.14219
G1 X152.799 Y97.281 E19.62532
G1 X152.799 Y170.855 E23.16397
G1 X133.893 Y170.855 E24.07328
G1 X133.625 Y170.92 E24.08654
G1 X133.442 Y171.101 E24.09892
G1 X133.743 Y171.35 F7800
;TYPE:External perimeter
G1 F1500
G1 X133.701 Y171.45 E24.10414
G1 X133.727 Y171.532 E24.10828
G1 X134.362 Y172.59 E24.16763
G1 X131.107 Y172.59 E24.32418
G1 X131.778 Y171.472 E24.38689
G1 X131.698 Y171.284 E24.39672
G1 X131.576 Y171.24 E24.40296
G1 X112.285 Y171.24 E25.33079
G1 X112.285 Y96.99 E28.90196
;TYPE:Overhang perimeter
;WIDTH:0.4
;HEIGHT:0.4
M106 S255
G1 X112.285 Y96.895 E28.90692
G1 X122.825 Y96.895 E29.45758
G1 X122.978 Y96.99 E29.46699
M107
;TYPE:External perimeter
;WIDTH:0.45
;HEIGHT:0.3
G1 X125.367 Y98.459 E29.60188
G1 X128.968 Y99.72 E29.78539
G1 X132.734 Y100.149 E29.96769
G1 X136.502 Y99.72 E30.15009
G1 X140.122 Y98.452 E30.33457
G1 X142.491 Y96.99 E30.46846
;TYPE:Overhang perimeter
;WIDTH:0.4
;HEIGHT:0.4
M106 S255
G1 X142.644 Y96.895 E30.47787
G1 X153.185 Y96.895 E31.02858
G1 X153.185 Y96.99 E31.03354
M107
;TYPE:External perimeter
;WIDTH:0.45
;HEIGHT:0.3
G1 X153.185 Y171.24 E34.60471
G1 X133.893 Y171.24 E35.53259
G1 X133.771 Y171.284 E35.53883
G1 X133.766 Y171.295 E35.53941
G1 X133.83 Y171.69 F7800
G1 E33.53941 F2400
G92 E0
G1 X113.62 Y170.35 F7800
G1 E2 F2400
;TYPE:Bridge infill
;WIDTH:0.401541
;HEIGHT:0.4
M106 S255
G1 F1500
G1 X113.377 Y169.852 E2.02917
G1 X113.377 Y168.823 E2.08335
G1 X114.024 Y170.148 E2.16098
G1 X114.527 Y170.148 E2.18746
G1 X113.377 Y167.793 E2.32544
G1 X113.377 Y166.764 E2.37962
G1 X115.029 Y170.148 E2.57788
G1 X115.532 Y170.148 E2.60436
G1 X113.377 Y165.735 E2.86292
G1 X113.377 Y164.706 E2.9171
G1 X115.983 Y170.042 E3.22974
G1 X116.13 Y170.148 E3.23928
G1 X116.537 Y170.148 E3.26071
G1 X113.377 Y163.676 E3.6399
G1 X113.377 Y162.647 E3.69408
G1 X117.039 Y170.148 E4.13354
G1 X117.542 Y170.148 E4.16002
G1 X113.377 Y161.618 E4.65978
G1 X113.377 Y160.589 E4.71396
G1 X118.044 Y170.148 E5.274
G1 X118.547 Y170.148 E5.30048
G1 X113.377 Y159.56 E5.92082
G1 X113.377 Y158.53 E5.97505
G1 X119.049 Y170.149 E6.65577
G1 X119.552 Y170.149 E6.68225
G1 X113.377 Y157.501 E7.42327
G1 X113.377 Y156.472 E7.47745
G1 X120.054 Y170.149 E8.27875
G1 X120.557 Y170.149 E8.30523
G1 X113.377 Y155.443 E9.16683
G1 X113.377 Y154.413 E9.22106
G1 X121.059 Y170.149 E10.14298
G1 X121.562 Y170.149 E10.16946
G1 X113.377 Y153.384 E11.15168
G1 X113.377 Y152.355 E11.20586
G1 X122.064 Y170.149 E12.24836
G1 X122.567 Y170.149 E12.27484
G1 X113.377 Y151.326 E13.37764
G1 X113.377 Y150.296 E13.43187
G1 X123.069 Y170.149 E14.595
G1 X123.544 Y170.149 E14.62001
G1 X123.556 Y170.117 E14.62181
G1 X113.377 Y149.267 E15.84336
G1 X113.377 Y148.238 E15.89754
G1 X123.77 Y169.526 E17.14475
G1 X123.893 Y169.189 E17.16364
G1 X124.328 Y169.639 E17.19659
G1 X113.377 Y147.209 E18.51072
G1 X113.377 Y146.18 E18.5649
G1 X125.08 Y170.149 E19.96921
G1 X125.582 Y170.15 E19.99564
G1 X113.377 Y145.15 E21.46032
G1 X113.377 Y144.121 E21.5145
G1 X126.085 Y170.15 E23.03948
G1 X126.587 Y170.15 E23.06591
G1 X113.377 Y143.092 E24.65117
G1 X113.377 Y142.063 E24.70535
G1 X127.09 Y170.15 E26.35091
G1 X127.592 Y170.15 E26.37734
G1 X113.377 Y141.033 E28.08323
G1 X113.377 Y140.004 E28.13741
G1 X128.095 Y170.15 E29.9036
G1 X128.597 Y170.15 E29.93003
G1 X113.377 Y138.975 E31.7565
G1 X113.377 Y137.946 E31.81068
G1 X129.1 Y170.15 E33.69745
G1 X129.602 Y170.15 E33.72388
G1 X113.377 Y136.917 E35.67093
G1 X113.377 Y135.887 E35.72516
G1 X130.105 Y170.15 E37.73256
G1 X130.607 Y170.15 E37.75899
G1 X113.377 Y134.858 E39.82666
G1 X113.377 Y133.829 E39.88084
G1 X131.11 Y170.15 E42.00881
G1 X131.531 Y170.15 E42.03097
G1 X131.562 Y170.048 E42.03658
G1 X113.377 Y132.8 E44.21885
G1 X113.377 Y131.77 E44.27308
G1 X132.126 Y170.173 E46.52302
G1 X132.291 Y170.372 E46.53663
G1 X132.394 Y170.44 E46.54313
G1 X132.716 Y170.83 E46.56976
G1 X132.738 Y170.909 E46.57408
G1 X132.753 Y170.83 E46.57831
G1 X132.876 Y170.681 E46.58848
G1 X113.377 Y130.741 E48.92846
G1 X113.377 Y129.712 E48.98264
G1 X133.216 Y170.347 E51.36336
G1 X133.297 Y170.293 E51.36849
G1 X133.521 Y170.202 E51.38122
G1 X133.637 Y170.181 E51.38743
G1 X113.377 Y128.683 E53.8187
G1 X113.377 Y127.654 E53.87288
G1 X134.125 Y170.15 E56.36264
G1 X134.627 Y170.15 E56.38907
G1 X113.377 Y126.624 E58.93915
G1 X113.377 Y125.595 E58.99333
G1 X134.968 Y169.819 E61.58431
G1 X135.011 Y169.439 E61.60444
G1 X135.507 Y169.893 E61.63984
G1 X113.377 Y124.566 E64.29546
G1 X113.377 Y123.537 E64.34964
G1 X136.134 Y170.15 E67.08058
G1 X136.193 Y170.042 E67.08706
G1 X136.539 Y169.95 E67.10591
G1 X113.377 Y122.507 E69.88547
G1 X113.377 Y121.478 E69.93965
G1 X136.983 Y169.83 E72.77248
G1 X137.428 Y169.711 E72.79673
G1 X113.377 Y120.449 E75.68289
G1 X113.377 Y119.42 E75.73707
G1 X137.872 Y169.592 E78.67654
G1 X138.186 Y169.508 E78.69365
G1 X138.474 Y169.795 E78.71506
G1 X113.377 Y118.39 E81.72677
G1 X113.377 Y117.361 E81.78095
G1 X139.149 Y170.15 E84.87372
G1 X139.52 Y170.15 E84.89325
G1 X139.567 Y169.976 E84.90274
G1 X113.377 Y116.332 E88.04562
G1 X113.377 Y115.303 E88.0998
G1 X140.105 Y170.049 E91.30724
G1 X140.23 Y170.149 E91.31567
G1 X140.656 Y170.149 E91.3381
G1 X113.377 Y114.274 E94.61168
G1 X113.377 Y113.244 E94.66591
G1 X141.159 Y170.149 E97.99984
G1 X141.661 Y170.149 E98.02627
G1 X113.377 Y112.215 E101.42048
G1 X113.377 Y111.186 E101.47466
G1 X142.164 Y170.149 E104.92917
G1 X142.666 Y170.149 E104.9556
G1 X113.377 Y110.157 E108.47039
G1 X113.377 Y109.127 E108.52462
G1 X143.169 Y170.149 E112.09976
G1 X143.671 Y170.149 E112.12619
G1 X113.377 Y108.098 E115.76161
G1 X113.377 Y107.069 E115.81579
G1 X144.173 Y170.149 E119.51149
G1 X144.676 Y170.149 E119.53797
G1 X113.377 Y106.04 E123.29397
G1 X113.377 Y105.011 E123.34815
G1 X145.178 Y170.149 E127.16442
G1 X145.681 Y170.149 E127.1909
G1 X113.377 Y103.981 E131.06752
G1 X113.377 Y102.952 E131.1217
G1 X146.109 Y169.997 E135.0497
G1 X146.191 Y169.746 E135.0636
G1 X146.668 Y170.112 E135.09525
G1 X113.377 Y101.923 E139.09029
G1 X113.377 Y100.894 E139.14447
G1 X147.188 Y170.148 E143.2019
G1 X147.511 Y170.148 E143.21891
G1 X147.569 Y169.898 E143.23242
G1 X113.377 Y99.864 E147.33556
G1 X113.377 Y98.948 E147.38379
G1 X113.435 Y98.953 E147.38685
G1 X148.149 Y170.059 E151.55276
G1 X148.257 Y170.148 E151.56013
G1 X148.695 Y170.148 E151.58319
G1 X113.937 Y98.953 E155.75433
G1 X114.439 Y98.953 E155.78076
G1 X149.198 Y170.148 E159.95192
G1 X149.7 Y170.148 E159.97835
G1 X114.942 Y98.953 E164.14949
G1 X115.444 Y98.953 E164.17592
G1 X150.203 Y170.148 E168.34708
G1 X150.705 Y170.148 E168.37351
G1 X115.947 Y98.953 E172.54465
G1 X116.449 Y98.953 E172.57108
G1 X151.208 Y170.148 E176.74224
G1 X151.71 Y170.148 E176.76867
G1 X116.952 Y98.953 E180.93981
G1 X117.454 Y98.953 E180.96624
G1 X152.092 Y169.9 E185.12287
G1 X152.092 Y168.871 E185.17705
G1 X118.258 Y99.57 E189.23724
G1 X118.71 Y99.467 E189.26165
G1 X152.092 Y167.842 E193.26759
G1 X152.092 Y166.813 E193.32177
G1 X119.21 Y99.461 E197.26776
G1 X119.418 Y99.461 E197.27871
G1 X119.464 Y98.953 E197.30556
G1 X152.092 Y165.784 E201.22103
G1 X152.092 Y164.754 E201.27526
G1 X119.967 Y98.953 E205.13039
G1 X120.469 Y98.953 E205.15682
G1 X152.092 Y163.725 E208.95167
G1 X152.092 Y162.696 E209.00585
G1 X120.972 Y98.953 E212.7404
G1 X121.474 Y98.953 E212.76683
G1 X152.092 Y161.667 E216.4411
G1 X152.092 Y160.637 E216.49533
G1 X121.977 Y98.953 E220.10925
G1 X122.479 Y98.953 E220.13568
G1 X152.092 Y159.608 E223.68932
G1 X152.092 Y158.579 E223.7435
G1 X122.982 Y98.953 E227.23684
G1 X123.484 Y98.953 E227.26327
G1 X152.092 Y157.55 E230.69633
G1 X152.092 Y156.52 E230.75056
G1 X123.987 Y98.953 E234.12327
G1 X124.078 Y98.953 E234.12806
G1 X124.666 Y99.316 E234.16444
G1 X152.092 Y155.491 E237.45561
G1 X152.092 Y154.462 E237.50979
G1 X125.305 Y99.595 E240.72432
G1 X125.911 Y99.807 E240.75812
G1 X152.092 Y153.433 E243.89994
G1 X152.092 Y152.404 E243.95412
G1 X126.517 Y100.019 E247.02323
G1 X127.123 Y100.231 E247.05703
G1 X152.092 Y151.374 E250.05338
G1 X152.092 Y150.345 E250.10756
G1 X127.729 Y100.442 E253.03125
G1 X128.335 Y100.654 E253.06505
G1 X152.092 Y149.316 E255.91603
G1 X152.092 Y148.287 E255.97021
G1 X128.915 Y100.814 E258.75154
G1 X129.446 Y100.872 E258.77966
G1 X152.092 Y147.257 E261.49725
G1 X152.092 Y146.228 E261.55143
G1 X129.977 Y100.931 E264.20528
G1 X130.508 Y100.99 E264.23341
G1 X152.092 Y145.199 E266.82352
G1 X152.092 Y144.17 E266.8777
G1 X131.039 Y101.048 E269.40412
G1 X131.571 Y101.107 E269.4323
G1 X152.092 Y143.141 E271.89496
G1 X152.092 Y142.111 E271.94919
G1 X132.102 Y101.166 E274.34806
G1 X132.633 Y101.224 E274.37618
G1 X152.092 Y141.082 E276.71136
G1 X152.092 Y140.053 E276.76554
G1 X133.124 Y101.201 E279.04178
G1 X133.6 Y101.147 E279.067
G1 X152.092 Y139.024 E281.28612
G1 X152.092 Y137.994 E281.34035
G1 X134.076 Y101.093 E283.5023
G1 X134.553 Y101.04 E283.52757
G1 X152.092 Y136.965 E285.63233
G1 X152.092 Y135.936 E285.68651
G1 X135.029 Y100.986 E287.73415
G1 X135.505 Y100.932 E287.75937
G1 X152.092 Y134.907 E289.74988
G1 X152.092 Y133.877 E289.80411
G1 X135.981 Y100.878 E291.73745
G1 X136.458 Y100.825 E291.76272
G1 X152.092 Y132.848 E293.63887
G1 X152.092 Y131.819 E293.69305
G1 X136.915 Y100.733 E295.51431
G1 X137.344 Y100.582 E295.53825
G1 X152.092 Y130.79 E297.30807
G1 X152.092 Y129.761 E297.36225
G1 X137.773 Y100.432 E299.08057
G1 X138.202 Y100.281 E299.10451
G1 X152.092 Y128.731 E300.77134
G1 X152.092 Y127.702 E300.82552
G1 X138.631 Y100.131 E302.44085
G1 X139.06 Y99.98 E302.46479
G1 X152.092 Y126.673 E304.02867
G1 X152.092 Y125.644 E304.08285
G1 X139.489 Y99.829 E305.59528
G1 X139.918 Y99.679 E305.61921
G1 X152.092 Y124.614 E307.0801
G1 X152.092 Y123.585 E307.13428
G1 X140.347 Y99.528 E308.54372
G1 X140.551 Y99.457 E308.55509
G1 X140.754 Y99.332 E308.56764
G1 X152.092 Y122.556 E309.92827
G1 X152.092 Y121.527 E309.98245
G1 X141.141 Y99.096 E311.29663
G1 X141.375 Y98.953 E311.31107
G1 X141.573 Y98.953 E311.32149
G1 X152.092 Y120.498 E312.58377
G1 X152.092 Y119.468 E312.638
G1 X142.076 Y98.953 E313.83993
G1 X142.578 Y98.953 E313.86636
G1 X152.092 Y118.439 E315.00801
G1 X152.092 Y117.41 E315.06219
G1 X143.081 Y98.953 E316.14354
G1 X143.583 Y98.953 E316.16997
G1 X152.092 Y116.381 E317.19104
G1 X152.092 Y115.351 E317.24527
G1 X144.086 Y98.953 E318.206
G1 X144.588 Y98.953 E318.23243
G1 X152.092 Y114.322 E319.13288
G1 X152.092 Y113.293 E319.18706
G1 X145.091 Y98.953 E320.02721
G1 X145.593 Y98.953 E320.05364
G1 X152.092 Y112.264 E320.83351
G1 X152.092 Y111.235 E320.88769
G1 X146.096 Y98.953 E321.60726
G1 X146.598 Y98.953 E321.63369
G1 X152.092 Y110.205 E322.29293
G1 X152.092 Y109.176 E322.34711
G1 X147.101 Y98.953 E322.94605
G1 X147.603 Y98.953 E322.97248
G1 X152.092 Y108.147 E323.51114
G1 X152.092 Y107.118 E323.56532
G1 X148.106 Y98.953 E324.04368
G1 X148.608 Y98.953 E324.07011
G1 X152.092 Y106.088 E324.48815
G1 X152.092 Y105.059 E324.54233
G1 X149.111 Y98.953 E324.90007
G1 X149.613 Y98.953 E324.9265
G1 X152.092 Y104.03 E325.22396
G1 X152.092 Y103.001 E325.27814
G1 X150.364 Y99.461 E325.48553
G1 X150.866 Y99.461 E325.51196
G1 X152.092 Y101.971 E325.65903
G1 X152.092 Y100.942 E325.71321
G1 X151.348 Y99.418 E325.8025
G1 X151.809 Y99.333 E325.82718
G1 X152.294 Y100.328 E325.88546
M107
G1 E323.88546 F2400
G92 E0
G1 X142.169 Y98.486 F7800
G1 E2 F2400
;TYPE:Solid infill
;WIDTH:0.546792
;HEIGHT:0.3
G1 F1200
G1 X142.901 Y98.039 E2.05161
G1 X143.027 Y98.004 E2.05948
G1 X149.963 Y98.004 E2.47681
G1 X150.114 Y97.98 E2.48601
;WIDTH:0.498395
G1 X150.265 Y97.956 E2.49429
;WIDTH:0.45
G1 X152.124 Y97.956 E2.5837
G1 X152.124 Y98.69 E2.619
G1 X150.265 Y98.69 E2.70841
;WIDTH:0.484669
G1 X150.119 Y98.673 E2.71612
;WIDTH:0.519339
G1 X149.974 Y98.656 E2.7244
G1 X149.878 Y98.565 E2.73191
;WIDTH:0.546791
G1 X149.718 Y98.486 E2.74265
G1 X142.362 Y98.486 E3.18525
G1 E1.18525 F2400
G92 E0
G1 X150.265 Y98.323 F7800
G1 E2 F2400
;WIDTH:0.413371
G1 F1200
G1 X151.757 Y98.323 E2.06494
G1 E.06494 F2400
G92 E0
G1 X113.393 Y98.004 F7800
G1 E2 F2400
;WIDTH:0.546793
G1 F1200
G1 X117.647 Y98.004 E2.25596
;WIDTH:0.585644
G1 X117.841 Y98.023 E2.26863
;WIDTH:0.624495
G1 X118.035 Y98.043 E2.28225
G1 X118.646 Y98.023 E2.32496
;WIDTH:0.585645
G1 X119.258 Y98.004 E2.36477
;WIDTH:0.546795
G1 X122.51 Y98.004 E2.56044
G1 X123.292 Y98.486 E2.61571
G1 X119.258 Y98.486 E2.85843
;WIDTH:0.585645
G1 X119.161 Y98.506 E2.86487
;WIDTH:0.624495
G1 X119.064 Y98.525 E2.87178
G1 X119.027 Y98.603 E2.87781
G1 X117.919 Y98.603 E2.95522
G1 X117.845 Y98.529 E2.96253
G1 X117.746 Y98.508 E2.9696
;WIDTH:0.585644
G1 X117.647 Y98.486 E2.97619
;WIDTH:0.546793
G1 X113.575 Y98.486 E3.2212
G1 X113.393 Y98.305 E3.23664
G1 X113.393 Y98.197 E3.24314
G1 E1.24314 F2400
G92 E0
G1 X82.883 Y127.399 F7800
G1 E2 F2400
;TYPE:Perimeter
;WIDTH:0.45
G1 X108.063 Y127.399 E3.21107
G1 X108.063 Y138.151 E3.7282
G1 X82.883 Y138.151 E4.93927
G1 X82.883 Y127.459 E5.45352
G1 X82.497 Y127.013 F7800
G1 F2400
G1 X108.449 Y127.013 E6.70172
G1 X108.449 Y138.537 E7.25598
G1 X82.497 Y138.537 E8.50418
G1 X82.497 Y127.073 E9.05556
G1 X82.112 Y126.628 F7800
;TYPE:External perimeter
G1 F1500
G1 X108.835 Y126.628 E10.34084
G1 X108.835 Y138.923 E10.93219
G1 X82.112 Y138.923 E12.21747
G1 X82.112 Y126.688 E12.80593
G1 X82.507 Y126.628 F7800
G1 E10.80593 F2400
G92 E0
G1 X85.506 Y138.033 F7800
G1 E2 F2400
;TYPE:Bridge infill
;WIDTH:0.400464
;HEIGHT:0.4
M106 S255
G1 F1500
G1 X83.204 Y137.416 E2.1248
G1 X83.204 Y136.949 E2.14926
G1 X86.491 Y137.83 E2.32746
G1 X88.231 Y137.83 E2.41858
G1 X83.204 Y136.483 E2.69111
G1 X83.204 Y136.017 E2.71551
G1 X89.972 Y137.83 E3.08242
G1 X91.712 Y137.83 E3.17354
G1 X83.204 Y135.55 E3.63479
G1 X83.204 Y135.084 E3.65919
G1 X93.453 Y137.83 E4.21482
G1 X95.193 Y137.83 E4.30594
G1 X83.204 Y134.618 E4.9559
G1 X83.204 Y134.151 E4.98036
G1 X96.934 Y137.83 E5.72471
G1 X98.674 Y137.83 E5.81583
G1 X83.204 Y133.685 E6.65451
G1 X83.204 Y133.219 E6.67891
G1 X100.414 Y137.83 E7.61192
G1 X102.155 Y137.83 E7.70309
G1 X83.204 Y132.752 E8.73049
G1 X83.204 Y132.286 E8.75489
G1 X103.895 Y137.83 E9.87662
G1 X105.636 Y137.83 E9.96779
G1 X83.204 Y131.82 E11.1839
G1 X83.204 Y131.353 E11.20836
G1 X107.376 Y137.83 E12.51881
G1 X107.742 Y137.83 E12.53798
G1 X107.742 Y137.462 E12.55725
G1 X83.204 Y130.887 E13.88754
G1 X83.204 Y130.42 E13.912
G1 X107.742 Y136.995 E15.24229
G1 X107.742 Y136.529 E15.26669
G1 X83.204 Y129.954 E16.59698
G1 X83.204 Y129.488 E16.62138
G1 X107.742 Y136.063 E17.95167
G1 X107.742 Y135.596 E17.97613
G1 X83.204 Y129.021 E19.30642
G1 X83.204 Y128.555 E19.33082
G1 X107.742 Y135.13 E20.66111
G1 X107.742 Y134.664 E20.68551
G1 X83.204 Y128.089 E22.0158
G1 X83.204 Y127.72 E22.03512
G1 X83.57 Y127.72 E22.05429
G1 X107.742 Y134.197 E23.36474
G1 X107.742 Y133.731 E23.38914
G1 X85.31 Y127.72 E24.60526
G1 X87.051 Y127.72 E24.69643
G1 X107.742 Y133.264 E25.81816
G1 X107.742 Y132.798 E25.84256
G1 X88.791 Y127.72 E26.86996
G1 X90.532 Y127.72 E26.96113
G1 X107.742 Y132.332 E27.89415
G1 X107.742 Y131.865 E27.91861
G1 X92.272 Y127.72 E28.75729
G1 X94.013 Y127.72 E28.84846
G1 X107.742 Y131.399 E29.59276
G1 X107.742 Y130.933 E29.61716
G1 X95.753 Y127.72 E30.26713
G1 X97.494 Y127.72 E30.3583
G1 X107.742 Y130.466 E30.91388
G1 X107.742 Y130 E30.93828
G1 X99.234 Y127.72 E31.39953
G1 X100.975 Y127.72 E31.4907
G1 X107.742 Y129.534 E31.85757
G1 X107.742 Y129.067 E31.88203
G1 X102.715 Y127.72 E32.15456
G1 X104.456 Y127.72 E32.24573
G1 X107.742 Y128.601 E32.42388
G1 X107.742 Y128.135 E32.44828
G1 X105.44 Y127.518 E32.57308
M107
G1 E30.57308 F2400
G92 E0
G1 X70.159 Y109.072 F7800
G1 E2 F2400
;TYPE:Perimeter
;WIDTH:0.45
;HEIGHT:0.3
G1 X70.224 Y109.015 E2.00416
G1 X70.409 Y108.671 E2.02295
G1 X70.449 Y108.396 E2.03632
G1 X70.449 Y38.181 E5.41342
G1 X108.063 Y38.181 E7.22252
G1 X108.063 Y48.933 E7.73965
G1 X81.365 Y48.933 E9.02373
G1 X81.008 Y49.047 E9.04175
G1 X80.752 Y49.245 E9.05732
G1 X80.568 Y49.535 E9.07384
G1 X80.497 Y49.898 E9.09163
G1 X80.497 Y117.476 E12.3419
G1 X78.368 Y117.476 E12.4443
G1 X78.135 Y117.505 E12.45559
G1 X77.844 Y117.631 E12.47084
G1 X77.623 Y117.828 E12.48508
G1 X77.455 Y118.132 E12.50179
G1 X77.404 Y118.441 E12.51685
G1 X77.404 Y138.151 E13.46483
G1 X58.016 Y138.151 E14.39733
G1 X58.009 Y118.323 E15.35099
G1 X57.937 Y118.059 E15.36415
G1 X57.751 Y117.777 E15.3804
G1 X57.454 Y117.564 E15.39798
G1 X57.052 Y117.476 E15.41777
G1 X54.923 Y117.476 E15.52017
G1 X54.923 Y49.797 E18.77529
G1 X54.801 Y49.428 E18.79398
G1 X54.592 Y49.17 E18.80995
G1 X54.307 Y48.999 E18.82594
G1 X53.959 Y48.933 E18.84298
G1 X27.356 Y48.933 E20.12249
G1 X27.356 Y38.181 E20.63962
G1 X64.97 Y38.181 E22.44872
G1 X64.97 Y108.501 E25.83087
G1 X65.058 Y108.797 E25.84572
G1 X65.263 Y109.087 E25.8628
G1 X65.584 Y109.294 E25.88117
G1 X65.934 Y109.36 E25.8983
G1 X69.63 Y109.36 E26.07606
G1 X70.001 Y109.21 E26.09531
G1 X70.114 Y109.111 E26.10254
G1 X69.883 Y108.794 F7800
G1 F2400
G1 X70.011 Y108.637 E26.11228
G1 X70.063 Y108.396 E26.12414
G1 X70.063 Y37.795 E29.5198
G1 X108.449 Y37.795 E31.36603
G1 X108.449 Y49.319 E31.92029
G1 X81.401 Y49.319 E33.2212
G1 X81.132 Y49.422 E33.23505
G1 X80.956 Y49.616 E33.24765
G1 X80.883 Y49.898 E33.26166
G1 X80.883 Y117.862 E36.53049
G1 X78.268 Y117.862 E36.65626
G1 X78.054 Y117.955 E36.66748
G1 X77.859 Y118.166 E36.6813
G1 X77.79 Y118.441 E36.69494
G1 X77.79 Y138.537 E37.66149
G1 X57.63 Y138.537 E38.63112
G1 X57.62 Y118.335 E39.60277
G1 X57.499 Y118.073 E39.61665
G1 X57.293 Y117.915 E39.62914
G1 X57.052 Y117.862 E39.64101
G1 X54.537 Y117.862 E39.76197
G1 X54.537 Y49.835 E43.03383
G1 X54.427 Y49.557 E43.04821
G1 X54.23 Y49.387 E43.06073
G1 X53.959 Y49.319 E43.07417
G1 X26.97 Y49.319 E44.37225
G1 X26.97 Y37.795 E44.92651
G1 X65.356 Y37.795 E46.77274
G1 X65.356 Y108.477 E50.1723
G1 X65.491 Y108.767 E50.18769
G1 X65.674 Y108.913 E50.19895
G1 X65.934 Y108.974 E50.21179
G1 X69.547 Y108.974 E50.38556
G1 X69.829 Y108.861 E50.40017
G1 X69.846 Y108.84 E50.40147
G1 X69.623 Y108.525 F7800
;TYPE:External perimeter
G1 F1500
G1 X69.678 Y108.396 E50.40821
G1 X69.678 Y37.41 E53.82239
G1 X108.835 Y37.41 E55.70571
G1 X108.835 Y49.705 E56.29706
G1 X81.461 Y49.705 E57.61365
G1 X81.335 Y49.752 E57.62012
G1 X81.269 Y49.898 E57.62783
G1 X81.269 Y118.248 E60.91523
G1 X78.368 Y118.248 E61.05476
G1 X78.233 Y118.304 E61.06179
G1 X78.176 Y118.441 E61.06893
G1 X78.176 Y138.923 E62.05404
G1 X57.245 Y138.923 E63.06075
G1 X57.245 Y118.441 E64.04586
G1 X57.201 Y118.318 E64.05214
G1 X57.052 Y118.248 E64.06006
G1 X54.152 Y118.248 E64.19954
G1 X54.152 Y49.898 E67.48694
G1 X54.101 Y49.767 E67.4937
G1 X53.959 Y49.705 E67.50115
G1 X26.585 Y49.705 E68.81774
G1 X26.585 Y37.41 E69.40909
G1 X65.742 Y37.41 E71.29241
G1 X65.742 Y108.396 E74.70659
G1 X65.787 Y108.52 E74.71293
G1 X65.934 Y108.589 E74.72074
G1 X69.485 Y108.589 E74.89153
G1 X69.572 Y108.553 E74.89606
G1 X69.67 Y108.165 F7800
G1 E72.89606 F2400
G92 E0
G1 X58.134 Y136.257 F7800
G1 E2 F2400
;TYPE:Bridge infill
;WIDTH:0.402271
;HEIGHT:0.4
M106 S255
G1 F1500
G1 X58.555 Y137.83 E2.08604
G1 X59.024 Y137.83 E2.11082
G1 X58.336 Y135.264 E2.2512
G1 X58.335 Y133.514 E2.34367
G1 X59.492 Y137.83 E2.57978
G1 X59.96 Y137.83 E2.60451
G1 X58.334 Y131.763 E2.9364
G1 X58.334 Y130.013 E3.02887
G1 X60.428 Y137.83 E3.45648
G1 X60.896 Y137.83 E3.48121
G1 X58.333 Y128.263 E4.00455
G1 X58.332 Y126.512 E4.09707
G1 X61.365 Y137.83 E4.71621
G1 X61.833 Y137.83 E4.74094
G1 X58.331 Y124.762 E5.45582
G1 X58.331 Y123.012 E5.54829
G1 X62.301 Y137.83 E6.35888
G1 X62.769 Y137.83 E6.38361
G1 X58.127 Y120.504 E7.3314
M107
G1 E5.3314 F2400
G92 E0
G1 X55.411 Y117.358 F7800
G1 E2 F2400
M106 S255
G1 F1500
G1 X55.244 Y116.736 E2.03403
G1 X55.244 Y114.988 E2.12639
G1 X55.825 Y117.155 E2.24494
G1 X56.293 Y117.155 E2.26967
G1 X55.244 Y113.241 E2.48378
G1 X55.244 Y111.493 E2.57614
G1 X56.761 Y117.155 E2.88587
G1 X57.06 Y117.155 E2.90167
G1 X57.235 Y117.177 E2.91099
G1 X55.244 Y109.746 E3.31749
G1 X55.244 Y107.998 E3.40985
G1 X57.753 Y117.363 E3.92215
G1 X57.983 Y117.553 E3.93791
G1 X58.121 Y117.726 E3.9496
G1 X58.234 Y117.934 E3.96211
G1 X58.328 Y118.282 E3.98116
G1 X58.329 Y119.511 E4.0461
G1 X63.238 Y137.83 E5.04823
G1 X63.706 Y137.83 E5.07296
G1 X55.244 Y106.251 E6.80046
G1 X55.244 Y104.503 E6.89282
G1 X64.174 Y137.83 E8.71593
G1 X64.642 Y137.83 E8.74066
G1 X55.244 Y102.756 E10.65934
G1 X55.244 Y101.009 E10.75165
G1 X65.11 Y137.83 E12.7659
G1 X65.579 Y137.83 E12.79068
G1 X55.244 Y99.261 E14.90056
G1 X55.244 Y97.514 E14.99287
G1 X66.047 Y137.83 E17.19831
G1 X66.515 Y137.83 E17.22304
G1 X55.244 Y95.766 E19.5241
G1 X55.244 Y94.019 E19.61641
G1 X66.983 Y137.83 E22.01304
G1 X67.452 Y137.83 E22.03782
G1 X55.244 Y92.271 E24.53008
G1 X55.244 Y90.524 E24.62239
G1 X67.92 Y137.83 E27.21021
G1 X68.388 Y137.83 E27.23494
G1 X55.244 Y88.776 E29.91838
G1 X55.244 Y87.029 E30.01069
G1 X68.856 Y137.83 E32.7897
G1 X69.324 Y137.83 E32.81443
G1 X55.244 Y85.282 E35.689
G1 X55.244 Y83.534 E35.78136
G1 X69.793 Y137.83 E38.75156
G1 X70.261 Y137.83 E38.77629
G1 X55.244 Y81.787 E41.84206
G1 X55.244 Y80.039 E41.93442
G1 X70.729 Y137.83 E45.09581
G1 X71.197 Y137.83 E45.12054
G1 X55.244 Y78.292 E48.37749
G1 X55.244 Y76.544 E48.46985
G1 X71.666 Y137.83 E51.82243
G1 X72.134 Y137.83 E51.84716
G1 X55.244 Y74.797 E55.29531
G1 X55.244 Y73.049 E55.38767
G1 X72.602 Y137.83 E58.93144
G1 X73.07 Y137.83 E58.95617
G1 X65.508 Y109.606 E60.50012
G1 X65.676 Y109.656 E60.50938
G1 X65.996 Y109.681 E60.52634
G1 X73.538 Y137.83 E62.06619
G1 X74.007 Y137.83 E62.09097
G1 X66.464 Y109.681 E63.63083
G1 X66.933 Y109.681 E63.65561
G1 X74.475 Y137.83 E65.19546
G1 X74.943 Y137.83 E65.22019
G1 X67.401 Y109.681 E66.76004
G1 X67.869 Y109.681 E66.78477
G1 X75.411 Y137.83 E68.32462
G1 X75.88 Y137.83 E68.3494
G1 X68.337 Y109.681 E69.88926
G1 X68.805 Y109.681 E69.91399
G1 X76.348 Y137.83 E71.45385
G1 X76.816 Y137.83 E71.47858
G1 X69.274 Y109.681 E73.01843
G1 X69.735 Y109.656 E73.04282
G1 X77.083 Y137.08 E74.54301
G1 X77.084 Y135.335 E74.63522
G1 X70.158 Y109.486 E76.04926
G1 X70.25 Y109.43 E76.05495
G1 X70.418 Y109.281 E76.06682
G1 X70.532 Y109.135 E76.07661
G1 X77.085 Y133.591 E77.41445
G1 X77.086 Y131.846 E77.50666
G1 X70.758 Y108.231 E78.7985
G1 X70.758 Y106.485 E78.89076
G1 X77.086 Y130.101 E80.18265
G1 X77.087 Y128.357 E80.2748
G1 X70.759 Y104.739 E81.56679
G1 X70.759 Y102.992 E81.6591
G1 X77.088 Y126.612 E82.9512
G1 X77.089 Y124.868 E83.04335
G1 X70.759 Y101.246 E84.33557
G1 X70.76 Y99.5 E84.42783
G1 X77.089 Y123.123 E85.72009
G1 X77.09 Y121.379 E85.81224
G1 X70.76 Y97.754 E87.10461
G1 X70.76 Y96.007 E87.19692
G1 X77.091 Y119.634 E88.48941
G1 X77.092 Y118.282 E88.56085
G1 X77.145 Y118.087 E88.57153
G1 X70.76 Y94.261 E89.87491
G1 X70.761 Y92.515 E89.96717
G1 X77.464 Y117.531 E91.33564
G1 X77.666 Y117.363 E91.34952
G1 X77.86 Y117.262 E91.36108
G1 X70.761 Y90.768 E92.8104
G1 X70.761 Y89.022 E92.90266
G1 X78.302 Y117.162 E94.44204
G1 X78.768 Y117.155 E94.46667
G1 X70.762 Y87.276 E96.10116
G1 X70.762 Y85.529 E96.19347
G1 X79.236 Y117.155 E97.92353
G1 X79.704 Y117.155 E97.94826
G1 X70.762 Y83.783 E99.77384
G1 X70.763 Y82.037 E99.8661
G1 X80.173 Y117.155 E101.78719
G1 X80.176 Y115.42 E101.87887
G1 X70.763 Y80.29 E103.80061
G1 X70.763 Y78.544 E103.89287
G1 X80.176 Y113.673 E105.81456
G1 X80.176 Y111.925 E105.90692
G1 X70.763 Y76.798 E107.82851
G1 X70.764 Y75.051 E107.92082
G1 X80.176 Y110.178 E109.8424
G1 X80.176 Y108.43 E109.93476
G1 X70.764 Y73.305 E111.85624
G1 X70.764 Y71.559 E111.9485
G1 X80.176 Y106.683 E113.86992
G1 X80.176 Y104.936 E113.96223
G1 X70.765 Y69.813 E115.88359
G1 X70.765 Y68.066 E115.9759
G1 X80.176 Y103.188 E117.89721
G1 X80.176 Y101.441 E117.98952
G1 X70.765 Y66.32 E119.91078
G1 X70.766 Y64.574 E120.00304
G1 X80.176 Y99.693 E121.92418
G1 X80.176 Y97.946 E122.01649
G1 X70.766 Y62.827 E123.93763
G1 X70.766 Y61.081 E124.02989
G1 X80.176 Y96.198 E125.95093
G1 X80.176 Y94.451 E126.04324
G1 X70.767 Y59.335 E127.96421
G1 X70.767 Y57.588 E128.05652
G1 X80.176 Y92.703 E129.97744
G1 X80.176 Y90.956 E130.06975
G1 X70.767 Y55.842 E131.99062
G1 X70.767 Y54.096 E132.08288
G1 X80.176 Y89.209 E134.0037
G1 X80.176 Y87.461 E134.09606
G1 X70.768 Y52.349 E136.01682
G1 X70.768 Y50.603 E136.10908
G1 X80.176 Y85.714 E138.02979
G1 X80.176 Y83.966 E138.12215
G1 X70.768 Y48.857 E140.04275
G1 X70.769 Y47.11 E140.13506
G1 X80.176 Y82.219 E142.05565
G1 X80.176 Y80.471 E142.14801
G1 X70.769 Y45.364 E144.0685
G1 X70.769 Y43.618 E144.16076
G1 X80.176 Y78.724 E146.0812
G1 X80.176 Y76.976 E146.17356
G1 X70.77 Y41.872 E148.09388
G1 X70.77 Y40.125 E148.18619
G1 X80.176 Y75.229 E150.10651
G1 X80.176 Y73.482 E150.19882
G1 X70.803 Y38.502 E152.11236
G1 X71.271 Y38.502 E152.13709
G1 X80.176 Y71.734 E153.95501
G1 X80.176 Y69.987 E154.04732
G1 X71.74 Y38.502 E155.76966
G1 X72.208 Y38.502 E155.79439
G1 X80.176 Y68.239 E157.42112
G1 X80.176 Y66.492 E157.51343
G1 X72.676 Y38.502 E159.04459
G1 X73.144 Y38.502 E159.06932
G1 X80.176 Y64.744 E160.50486
G1 X80.176 Y62.997 E160.59717
G1 X73.613 Y38.502 E161.93713
G1 X74.081 Y38.502 E161.96186
G1 X80.176 Y61.249 E163.20621
G1 X80.176 Y59.502 E163.29852
G1 X74.549 Y38.502 E164.4473
G1 X75.017 Y38.502 E164.47203
G1 X80.176 Y57.755 E165.52524
G1 X80.176 Y56.007 E165.6176
G1 X75.485 Y38.502 E166.5752
G1 X75.954 Y38.502 E166.59998
G1 X80.176 Y54.26 E167.462
G1 X80.176 Y52.512 E167.55436
G1 X76.422 Y38.502 E168.32076
G1 X76.89 Y38.502 E168.34549
G1 X80.176 Y50.765 E169.01632
G1 X80.176 Y49.889 E169.06261
G1 X80.217 Y49.573 E169.07945
G1 X80.278 Y49.398 E169.08924
G1 X77.358 Y38.502 E169.6853
G1 X77.827 Y38.502 E169.71008
G1 X80.622 Y48.934 E170.28075
G1 X80.73 Y48.839 E170.28835
G1 X81.025 Y48.69 E170.30581
G1 X78.295 Y38.502 E170.86313
G1 X78.763 Y38.502 E170.88786
G1 X81.472 Y48.612 E171.44092
G1 X81.94 Y48.612 E171.46565
G1 X79.231 Y38.502 E172.01871
G1 X79.7 Y38.502 E172.04349
G1 X82.408 Y48.612 E172.59653
G1 X82.877 Y48.612 E172.62131
G1 X80.168 Y38.502 E173.17437
G1 X80.636 Y38.502 E173.1991
G1 X83.345 Y48.612 E173.75216
G1 X83.813 Y48.612 E173.77689
G1 X81.104 Y38.502 E174.32995
G1 X81.572 Y38.502 E174.35468
G1 X84.281 Y48.612 E174.90774
G1 X84.75 Y48.612 E174.93252
G1 X82.041 Y38.502 E175.48558
G1 X82.509 Y38.502 E175.51031
G1 X85.218 Y48.612 E176.06337
G1 X85.686 Y48.612 E176.0881
G1 X82.977 Y38.502 E176.64116
G1 X83.445 Y38.502 E176.66589
G1 X86.154 Y48.612 E177.21895
G1 X86.622 Y48.612 E177.24368
G1 X83.914 Y38.502 E177.79672
G1 X84.382 Y38.502 E177.82145
G1 X87.091 Y48.612 E178.37451
G1 X87.559 Y48.612 E178.39924
G1 X84.85 Y38.502 E178.9523
G1 X85.318 Y38.502 E178.97703
G1 X88.027 Y48.612 E179.53009
G1 X88.495 Y48.612 E179.55482
G1 X85.786 Y38.502 E180.10788
G1 X86.255 Y38.502 E180.13266
G1 X88.964 Y48.612 E180.68572
G1 X89.432 Y48.612 E180.71045
G1 X86.723 Y38.502 E181.26351
G1 X87.191 Y38.502 E181.28824
G1 X89.9 Y48.612 E181.8413
G1 X90.368 Y48.612 E181.86603
G1 X87.659 Y38.502 E182.41909
G1 X88.128 Y38.502 E182.44387
G1 X90.836 Y48.612 E182.99691
G1 X91.305 Y48.612 E183.02169
G1 X88.596 Y38.502 E183.57475
G1 X89.064 Y38.502 E183.59948
G1 X91.773 Y48.612 E184.15254
G1 X92.241 Y48.612 E184.17727
G1 X89.532 Y38.502 E184.73033
G1 X90 Y38.502 E184.75506
G1 X92.709 Y48.612 E185.30812
G1 X93.178 Y48.612 E185.3329
G1 X90.469 Y38.502 E185.88596
G1 X90.937 Y38.502 E185.91069
G1 X93.646 Y48.612 E186.46375
G1 X94.114 Y48.612 E186.48848
G1 X91.405 Y38.502 E187.04154
G1 X91.873 Y38.502 E187.06627
G1 X94.582 Y48.612 E187.61933
G1 X95.05 Y48.612 E187.64406
G1 X92.342 Y38.502 E188.1971
G1 X92.81 Y38.502 E188.22183
G1 X95.519 Y48.612 E188.77489
G1 X95.987 Y48.612 E188.79962
G1 X93.278 Y38.502 E189.35268
G1 X93.746 Y38.502 E189.37741
G1 X96.455 Y48.612 E189.93047
G1 X96.923 Y48.612 E189.9552
G1 X94.214 Y38.502 E190.50826
G1 X94.683 Y38.502 E190.53304
G1 X97.392 Y48.612 E191.0861
G1 X97.86 Y48.612 E191.11083
G1 X95.151 Y38.502 E191.66389
G1 X95.619 Y38.502 E191.68862
G1 X98.328 Y48.612 E192.24168
G1 X98.796 Y48.612 E192.26641
G1 X96.087 Y38.502 E192.81947
G1 X96.556 Y38.502 E192.84425
G1 X99.265 Y48.612 E193.39731
G1 X99.733 Y48.612 E193.42204
G1 X97.024 Y38.502 E193.9751
G1 X97.492 Y38.502 E193.99983
G1 X100.201 Y48.612 E194.55289
G1 X100.669 Y48.612 E194.57762
G1 X97.96 Y38.502 E195.13068
G1 X98.429 Y38.502 E195.15546
G1 X101.137 Y48.612 E195.7085
G1 X101.606 Y48.612 E195.73328
G1 X98.897 Y38.502 E196.28634
G1 X99.365 Y38.502 E196.31107
G1 X102.074 Y48.612 E196.86413
G1 X102.542 Y48.612 E196.88886
G1 X99.833 Y38.502 E197.44192
G1 X100.301 Y38.502 E197.46665
G1 X103.01 Y48.612 E198.01971
G1 X103.479 Y48.612 E198.04449
G1 X100.77 Y38.502 E198.59755
G1 X101.238 Y38.502 E198.62228
G1 X103.947 Y48.612 E199.17534
G1 X104.415 Y48.612 E199.20007
G1 X101.706 Y38.502 E199.75313
G1 X102.174 Y38.502 E199.77786
G1 X104.883 Y48.612 E200.33092
G1 X105.351 Y48.612 E200.35565
G1 X102.643 Y38.502 E200.90869
G1 X103.111 Y38.502 E200.93342
G1 X105.82 Y48.612 E201.48648
G1 X106.288 Y48.612 E201.51121
G1 X103.579 Y38.502 E202.06427
G1 X104.047 Y38.502 E202.089
G1 X106.756 Y48.612 E202.64206
G1 X107.224 Y48.612 E202.66679
G1 X104.515 Y38.502 E203.21985
G1 X104.984 Y38.502 E203.24463
G1 X107.693 Y48.612 E203.79769
G1 X107.742 Y48.612 E203.80028
G1 X107.742 Y47.049 E203.88287
G1 X105.452 Y38.502 E204.35042
G1 X105.92 Y38.502 E204.37515
G1 X107.742 Y45.301 E204.74708
G1 X107.742 Y43.554 E204.83939
G1 X106.388 Y38.502 E205.11576
G1 X106.857 Y38.502 E205.14054
G1 X107.742 Y41.806 E205.32128
G1 X107.742 Y40.059 E205.41359
G1 X107.271 Y38.3 E205.50981
M107
G1 E203.50981 F2400
G92 E0
G1 X55.042 Y70.546 F7800
G1 E2 F2400
M106 S255
G1 F1500
G1 X64.649 Y106.401 E3.9614
G1 X64.649 Y104.654 E4.05371
G1 X55.244 Y69.555 E5.97376
G1 X55.244 Y67.807 E6.06612
G1 X64.649 Y102.906 E7.98617
G1 X64.649 Y101.159 E8.07848
G1 X55.244 Y66.06 E9.99853
G1 X55.244 Y64.312 E10.09089
G1 X64.649 Y99.411 E12.01094
G1 X64.649 Y97.664 E12.10325
G1 X55.244 Y62.565 E14.0233
G1 X55.244 Y60.817 E14.11566
G1 X64.649 Y95.916 E16.03571
G1 X64.649 Y94.169 E16.12802
G1 X55.244 Y59.07 E18.04807
G1 X55.244 Y57.323 E18.14038
G1 X64.649 Y92.421 E20.06038
G1 X64.649 Y90.674 E20.15269
G1 X55.244 Y55.575 E22.07274
G1 X55.244 Y53.828 E22.16505
G1 X64.649 Y88.927 E24.0851
G1 X64.649 Y87.179 E24.17746
G1 X55.042 Y51.324 E26.13886
M107
G1 E24.13886 F2400
G92 E0
G1 X28.149 Y48.815 F7800
G1 E2 F2400
M106 S255
G1 F1500
G1 X27.677 Y47.055 E2.09628
G1 X27.677 Y45.308 E2.18859
G1 X28.562 Y48.612 E2.36933
G1 X29.031 Y48.612 E2.39411
G1 X27.677 Y43.561 E2.67043
G1 X27.677 Y41.813 E2.76279
G1 X29.499 Y48.612 E3.13472
G1 X29.967 Y48.612 E3.15945
G1 X27.677 Y40.066 E3.62695
G1 X27.677 Y38.502 E3.70959
G1 X27.726 Y38.502 E3.71218
G1 X30.435 Y48.612 E4.26524
G1 X30.904 Y48.612 E4.29002
G1 X28.195 Y38.502 E4.84308
G1 X28.663 Y38.502 E4.86781
G1 X31.372 Y48.612 E5.42087
G1 X31.84 Y48.612 E5.4456
G1 X29.131 Y38.502 E5.99866
G1 X29.599 Y38.502 E6.02339
G1 X32.308 Y48.612 E6.57645
G1 X32.777 Y48.612 E6.60123
G1 X30.068 Y38.502 E7.15429
G1 X30.536 Y38.502 E7.17902
G1 X33.245 Y48.612 E7.73208
G1 X33.713 Y48.612 E7.75681
G1 X31.004 Y38.502 E8.30987
G1 X31.472 Y38.502 E8.3346
G1 X34.181 Y48.612 E8.88766
G1 X34.649 Y48.612 E8.91239
G1 X31.941 Y38.502 E9.46543
G1 X32.409 Y38.502 E9.49016
G1 X35.118 Y48.612 E10.04322
G1 X35.586 Y48.612 E10.06795
G1 X32.877 Y38.502 E10.62101
G1 X33.345 Y38.502 E10.64574
G1 X36.054 Y48.612 E11.1988
G1 X36.522 Y48.612 E11.22353
G1 X33.813 Y38.502 E11.77659
G1 X34.282 Y38.502 E11.80137
G1 X36.991 Y48.612 E12.35443
G1 X37.459 Y48.612 E12.37916
G1 X34.75 Y38.502 E12.93222
G1 X35.218 Y38.502 E12.95695
G1 X37.927 Y48.612 E13.51001
G1 X38.395 Y48.612 E13.53474
G1 X35.686 Y38.502 E14.0878
G1 X36.155 Y38.502 E14.11258
G1 X38.863 Y48.612 E14.66562
G1 X39.332 Y48.612 E14.6904
G1 X36.623 Y38.502 E15.24346
G1 X37.091 Y38.502 E15.26819
G1 X39.8 Y48.612 E15.82125
G1 X40.268 Y48.612 E15.84598
G1 X37.559 Y38.502 E16.39904
G1 X38.027 Y38.502 E16.42377
G1 X40.736 Y48.612 E16.97683
G1 X41.205 Y48.612 E17.00161
G1 X38.496 Y38.502 E17.55467
G1 X38.964 Y38.502 E17.5794
G1 X41.673 Y48.612 E18.13246
G1 X42.141 Y48.612 E18.15719
G1 X39.432 Y38.502 E18.71025
G1 X39.9 Y38.502 E18.73498
G1 X42.609 Y48.612 E19.28804
G1 X43.077 Y48.612 E19.31277
G1 X40.369 Y38.502 E19.86581
G1 X40.837 Y38.502 E19.89054
G1 X43.546 Y48.612 E20.4436
G1 X44.014 Y48.612 E20.46833
G1 X41.305 Y38.502 E21.02139
G1 X41.773 Y38.502 E21.04612
G1 X44.482 Y48.612 E21.59918
G1 X44.95 Y48.612 E21.62391
G1 X42.241 Y38.502 E22.17697
G1 X42.71 Y38.502 E22.20175
G1 X45.419 Y48.612 E22.75481
G1 X45.887 Y48.612 E22.77954
G1 X43.178 Y38.502 E23.3326
G1 X43.646 Y38.502 E23.35733
G1 X46.355 Y48.612 E23.91039
G1 X46.823 Y48.612 E23.93512
G1 X44.114 Y38.502 E24.48818
G1 X44.583 Y38.502 E24.51296
G1 X47.291 Y48.612 E25.066
G1 X47.76 Y48.612 E25.09078
G1 X45.051 Y38.502 E25.64384
G1 X45.519 Y38.502 E25.66857
G1 X48.228 Y48.612 E26.22163
G1 X48.696 Y48.612 E26.24636
G1 X45.987 Y38.502 E26.79942
G1 X46.456 Y38.502 E26.8242
G1 X49.164 Y48.612 E27.37724
G1 X49.633 Y48.612 E27.40202
G1 X46.924 Y38.502 E27.95508
G1 X47.392 Y38.502 E27.97981
G1 X50.101 Y48.612 E28.53287
G1 X50.569 Y48.612 E28.5576
G1 X47.86 Y38.502 E29.11066
G1 X48.328 Y38.502 E29.13539
G1 X51.037 Y48.612 E29.68845
G1 X51.506 Y48.612 E29.71323
G1 X48.797 Y38.502 E30.26629
G1 X49.265 Y38.502 E30.29102
G1 X51.974 Y48.612 E30.84408
G1 X52.442 Y48.612 E30.86881
G1 X49.733 Y38.502 E31.42187
G1 X50.201 Y38.502 E31.4466
G1 X52.91 Y48.612 E31.99966
G1 X53.378 Y48.612 E32.02439
G1 X50.67 Y38.502 E32.57743
G1 X51.138 Y38.502 E32.60216
G1 X53.847 Y48.612 E33.15522
G1 X53.967 Y48.612 E33.16156
G1 X54.331 Y48.672 E33.18105
G1 X51.606 Y38.502 E33.73739
G1 X52.074 Y38.502 E33.76212
G1 X64.649 Y85.432 E36.32937
G1 X64.649 Y83.684 E36.42173
G1 X52.542 Y38.502 E38.89336
G1 X53.011 Y38.502 E38.91814
G1 X64.649 Y81.937 E41.29419
G1 X64.649 Y80.189 E41.38655
G1 X53.479 Y38.502 E43.66699
G1 X53.947 Y38.502 E43.69172
G1 X64.649 Y78.442 E45.87659
G1 X64.649 Y76.694 E45.96895
G1 X54.415 Y38.502 E48.0582
G1 X54.884 Y38.502 E48.08298
G1 X64.649 Y74.947 E50.07665
G1 X64.649 Y73.2 E50.16896
G1 X55.352 Y38.502 E52.06707
G1 X55.82 Y38.502 E52.0918
G1 X64.649 Y71.452 E53.89429
G1 X64.649 Y69.705 E53.9866
G1 X56.288 Y38.502 E55.69353
G1 X56.756 Y38.502 E55.71826
G1 X64.649 Y67.957 E57.32957
G1 X64.649 Y66.21 E57.42188
G1 X57.225 Y38.502 E58.93761
G1 X57.693 Y38.502 E58.96234
G1 X64.649 Y64.462 E60.38245
G1 X64.649 Y62.715 E60.47476
G1 X58.161 Y38.502 E61.79931
G1 X58.629 Y38.502 E61.82404
G1 X64.649 Y60.967 E63.05297
G1 X64.649 Y59.22 E63.14528
G1 X59.098 Y38.502 E64.27863
G1 X59.566 Y38.502 E64.30336
G1 X64.649 Y57.473 E65.34114
G1 X64.649 Y55.725 E65.4335
G1 X60.034 Y38.502 E66.37567
G1 X60.502 Y38.502 E66.4004
G1 X64.649 Y53.978 E67.247
G1 X64.649 Y52.23 E67.33936
G1 X60.97 Y38.502 E68.09034
G1 X61.439 Y38.502 E68.11512
G1 X64.649 Y50.483 E68.77052
G1 X64.649 Y48.735 E68.86288
G1 X61.907 Y38.502 E69.42267
G1 X62.375 Y38.502 E69.4474
G1 X64.649 Y46.988 E69.91162
G1 X64.649 Y45.24 E70.00398
G1 X62.843 Y38.502 E70.37258
G1 X63.312 Y38.502 E70.39736
G1 X64.649 Y43.493 E70.67038
G1 X64.649 Y41.746 E70.76269
G1 X63.78 Y38.502 E70.94015
G1 X64.248 Y38.502 E70.96488
G1 X64.851 Y40.754 E71.08807
M107
G1 E69.08807 F2400
G92 E0
G1 X52.537 Y127.399 F7800
G1 E2 F2400
;TYPE:Perimeter
;WIDTH:0.45
;HEIGHT:0.3
G1 X52.537 Y138.151 E2.51713
G1 X27.356 Y138.151 E3.72825
G1 X27.356 Y127.399 E4.24538
G1 X52.477 Y127.399 E5.45361
G1 X52.923 Y127.013 F7800
G1 F2400
G1 X52.923 Y138.537 E6.00787
G1 X26.97 Y138.537 E7.25612
G1 X26.97 Y127.013 E7.81038
G1 X52.863 Y127.013 E9.05574
G1 X53.309 Y126.628 F7800
;TYPE:External perimeter
G1 F1500
G1 X53.309 Y138.923 E9.64709
G1 X26.585 Y138.923 E10.93242
G1 X26.585 Y126.628 E11.52377
G1 X53.249 Y126.628 E12.80622
G1 X53.308 Y127.023 F7800
G1 E10.80622 F2400
G92 E0
G1 X29.979 Y138.033 F7800
G1 E2 F2400
;TYPE:Bridge infill
;WIDTH:0.400471
;HEIGHT:0.4
M106 S255
G1 F1500
G1 X27.677 Y137.416 E2.12481
G1 X27.677 Y136.949 E2.14927
G1 X30.964 Y137.83 E2.32748
G1 X32.704 Y137.83 E2.4186
G1 X27.677 Y136.483 E2.69114
G1 X27.677 Y136.017 E2.71554
G1 X34.445 Y137.83 E3.08246
G1 X36.185 Y137.83 E3.17358
G1 X27.677 Y135.55 E3.63485
G1 X27.677 Y135.084 E3.65925
G1 X37.926 Y137.83 E4.2149
G1 X39.666 Y137.83 E4.30602
G1 X27.677 Y134.618 E4.956
G1 X27.677 Y134.151 E4.98046
G1 X41.407 Y137.83 E5.72484
G1 X43.147 Y137.83 E5.81596
G1 X27.677 Y133.685 E6.65467
G1 X27.677 Y133.219 E6.67907
G1 X44.888 Y137.83 E7.61216
G1 X46.628 Y137.83 E7.70328
G1 X27.677 Y132.752 E8.73072
G1 X27.677 Y132.286 E8.75512
G1 X48.369 Y137.83 E9.87694
G1 X50.109 Y137.83 E9.96806
G1 X27.677 Y131.819 E11.18422
G1 X27.677 Y131.353 E11.20862
G1 X51.85 Y137.83 E12.51917
G1 X52.216 Y137.83 E12.53834
G1 X52.216 Y137.462 E12.55761
G1 X27.677 Y130.887 E13.888
G1 X27.677 Y130.42 E13.91246
G1 X52.216 Y136.995 E15.24285
G1 X52.216 Y136.529 E15.26725
G1 X27.677 Y129.954 E16.59764
G1 X27.677 Y129.488 E16.62204
G1 X52.216 Y136.063 E17.95243
G1 X52.216 Y135.596 E17.97689
G1 X27.677 Y129.021 E19.30728
G1 X27.677 Y128.555 E19.33168
G1 X52.216 Y135.13 E20.66207
G1 X52.216 Y134.664 E20.68647
G1 X27.677 Y128.089 E22.01686
G1 X27.677 Y127.72 E22.03618
G1 X28.044 Y127.72 E22.0554
G1 X52.216 Y134.197 E23.3659
G1 X52.216 Y133.731 E23.3903
G1 X29.784 Y127.72 E24.60646
G1 X31.525 Y127.72 E24.69763
G1 X52.216 Y133.265 E25.81941
G1 X52.216 Y132.798 E25.84387
G1 X33.265 Y127.72 E26.87131
G1 X35.006 Y127.72 E26.96248
G1 X52.216 Y132.332 E27.89553
G1 X52.216 Y131.865 E27.91999
G1 X36.746 Y127.72 E28.7587
G1 X38.487 Y127.72 E28.84987
G1 X52.216 Y131.399 E29.5942
G1 X52.216 Y130.933 E29.6186
G1 X40.227 Y127.72 E30.2686
G1 X41.967 Y127.72 E30.35972
G1 X52.216 Y130.466 E30.91537
G1 X52.216 Y130 E30.93977
G1 X43.708 Y127.72 E31.40104
G1 X45.448 Y127.72 E31.49216
G1 X52.216 Y129.534 E31.8591
G1 X52.216 Y129.067 E31.88356
G1 X47.189 Y127.72 E32.1561
G1 X48.929 Y127.72 E32.24722
G1 X52.216 Y128.601 E32.42543
G1 X52.216 Y128.135 E32.44983
G1 X49.914 Y127.518 E32.57464
M107
;LAYER_CHANGE
;Z:2.45
;HEIGHT:0.3
G1 E30.57464 F2400
G92 E0
G1 Z2.45 F7800
G1 X222.598 Y38.181
G1 E2 F2400
;TYPE:Perimeter
;WIDTH:0.45
G1 X157.406 Y105.944 E6.52256
G1 X157.406 Y49.576 E9.23366
G1 X160.613 Y49.576 E9.38791
G1 X160.902 Y49.484 E9.4025
G1 X161.196 Y49.27 E9.41999
G1 X161.382 Y48.983 E9.43644
G1 X161.456 Y48.612 E9.45464
G1 X161.456 Y38.181 E9.95633
G1 X222.538 Y38.181 E12.89416
G1 X223.03 Y37.795 F7800
G1 F2400
G1 X223.03 Y38.289 E12.91792
G1 X157.5 Y106.403 E17.46392
G1 X157.02 Y106.403 E17.48701
G1 X157.02 Y49.19 E20.23876
G1 X160.572 Y49.19 E20.4096
G1 X160.831 Y49.08 E20.42313
G1 X161.004 Y48.88 E20.43585
G1 X161.07 Y48.612 E20.44912
G1 X161.07 Y37.795 E20.96938
G1 X222.97 Y37.795 E23.94655
G1 X223.416 Y37.41 F7800
;TYPE:External perimeter
G1 F1500
G1 X223.416 Y38.444 E23.99628
G1 X157.664 Y106.789 E28.55769
G1 X156.635 Y106.789 E28.60718
G1 X156.635 Y48.805 E31.39601
G1 X160.492 Y48.805 E31.58152
G1 X160.616 Y48.759 E31.58788
G1 X160.685 Y48.612 E31.59569
G1 X160.685 Y37.41 E32.13447
G1 X223.356 Y37.41 E35.14873
G1 X223.415 Y37.805 F7800
G1 E33.14873 F2400
G92 E0
G1 X221.466 Y38.47 F7800
G1 E2 F2400
;TYPE:Solid infill
;WIDTH:0.492181
G1 F1200
G1 X221.53 Y38.491 E2.00359
;WIDTH:0.534332
G1 X221.593 Y38.512 E2.00748
;WIDTH:0.576482
G1 X221.657 Y38.533 E2.01178
;WIDTH:0.618632
G1 X221.721 Y38.554 E2.01644
G1 X221.692 Y38.615 E2.02111
;WIDTH:0.576481
G1 X221.663 Y38.676 E2.02542
;WIDTH:0.53433
G1 X221.634 Y38.736 E2.02933
;WIDTH:0.492178
G1 X221.605 Y38.797 E2.03293
;WIDTH:0.450031
G1 X158.027 Y104.882 E6.44387
;WIDTH:0.493983
G1 X157.966 Y104.913 E6.44754
;WIDTH:0.537935
G1 X157.905 Y104.945 E6.45161
;WIDTH:0.581887
G1 X157.844 Y104.977 E6.45606
;WIDTH:0.625839
G1 X157.783 Y105.008 E6.46085
G1 X157.761 Y104.951 E6.46513
;WIDTH:0.581886
G1 X157.739 Y104.893 E6.46913
;WIDTH:0.537933
G1 X157.717 Y104.835 E6.47279
;WIDTH:0.49398
G1 X157.695 Y104.778 E6.47606
;WIDTH:0.450031
G1 X157.695 Y50.058 E9.10811
;WIDTH:0.483114
G1 X157.711 Y49.978 E9.11237
;WIDTH:0.516197
G1 X157.728 Y49.898 E9.11698
G1 X157.808 Y49.882 E9.12158
;WIDTH:0.483114
G1 X157.888 Y49.865 E9.12585
;WIDTH:0.450031
G1 X160.487 Y49.865 E9.25086
;WIDTH:0.450771
G1 X160.985 Y49.759 E9.2754
G1 X161.317 Y49.552 E9.29426
;WIDTH:0.450597
G1 X161.535 Y49.3 E9.31031
G1 X161.714 Y48.834 E9.33436
;WIDTH:0.450027
G1 X161.745 Y48.607 E9.34538
G1 X161.745 Y38.663 E9.82369
;WIDTH:0.483112
G1 X161.761 Y38.583 E9.82795
;WIDTH:0.516197
G1 X161.778 Y38.503 E9.83256
G1 X161.858 Y38.487 E9.83716
;WIDTH:0.483114
G1 X161.938 Y38.47 E9.84143
;WIDTH:0.450031
G1 X221.273 Y38.47 E12.69547
G1 E10.69547 F2400
G92 E0
G1 X184.959 Y38.856 F7800
G1 E2 F2400
;TYPE:Internal infill
;WIDTH:0.45
G1 F4800
G1 X182.646 Y38.856 E2.11125
G1 X167.835 Y94.131 E4.86357
G1 X168.242 Y93.707 E4.89184
G1 X158.081 Y83.546 E5.58298
G1 X158.081 Y84.159 E5.61246
G1 X184.147 Y77.175 E6.91037
G1 X184.286 Y77.031 E6.92
G1 X158.081 Y50.825 E8.70247
G1 X158.081 Y52.222 E8.76966
G1 X207.962 Y38.856 E11.2534
G1 X210.276 Y38.856 E11.3647
G1 E9.3647 F2400
G92 E0
G1 X204.285 Y38.856 F7800
G1 E2 F2400
G1 F4800
G1 X206.599 Y38.856 E2.1113
G1 X201.035 Y59.622 E3.1453
G1 X200.33 Y60.354 E3.19418
G1 X178.832 Y38.856 E4.65645
G1 X178.164 Y38.856 E4.68858
G1 X162.131 Y43.152 E5.48691
G1 X162.131 Y43.968 E5.52616
G1 X189.634 Y71.472 E7.39692
G1 X189.968 Y71.125 E7.42008
G1 X198.614 Y38.856 E9.02685
G1 X200.646 Y38.856 E9.12458
G1 X211.026 Y49.236 E9.83062
G1 X212.101 Y48.118 E9.90522
G1 X214.583 Y38.856 E10.36641
G1 X211.553 Y38.856 E10.51214
G1 X216.374 Y43.677 E10.84006
G1 X215.196 Y44.902 E10.9218
G1 X158.081 Y60.206 E13.76574
G1 X158.081 Y61.732 E13.83914
G1 X178.938 Y82.589 E15.25781
G1 X178.901 Y82.628 E15.2604
G1 X190.63 Y38.856 E17.43995
G1 X189.739 Y38.856 E17.4828
G1 X205.678 Y54.795 E18.56695
G1 X204.846 Y55.66 E18.62467
G1 X158.081 Y68.19 E20.95324
G1 X158.081 Y65.877 E21.06449
G1 E19.06449 F2400
G92 E0
G1 X158.081 Y78.489 F7800
G1 E2 F2400
G1 F4800
G1 X158.081 Y76.175 E2.1113
G1 X194.497 Y66.417 E3.92458
G1 X194.982 Y65.913 E3.95822
G1 X167.925 Y38.856 E5.79861
G1 X166.677 Y38.856 E5.85863
G1 X158.081 Y70.937 E7.45605
G1 X158.081 Y72.639 E7.53791
G1 X173.59 Y88.148 E8.59281
G1 X173.798 Y87.932 E8.60723
G1 X158.081 Y92.144 E9.38984
G1 X158.081 Y94.453 E9.5009
G1 X162.894 Y99.266 E9.82827
G1 X163.448 Y98.69 E9.86671
G1 X158.081 Y100.128 E10.13395
G1 E8.13395 F2400
G92 E0
G1 X158.081 Y103.049 F7800
G1 E2 F2400
G1 F4800
G1 X158.081 Y100.735 E2.1113
G1 X174.661 Y38.856 E5.19245
G1 X172.347 Y38.856 E5.30375
G1 E3.30375 F2400
G92 E0
G1 X113.056 Y56.863 F7800
G1 E2 F2400
;TYPE:Perimeter
;WIDTH:0.45
G1 X113.056 Y38.181 E2.89854
G1 X115.113 Y38.181 E2.99747
G1 X115.14 Y38.989 E3.03635
G1 X115.322 Y39.361 E3.05627
G1 X115.595 Y39.597 E3.07363
G1 X145.502 Y56.863 E4.73456
G1 X113.116 Y56.863 E6.29221
G1 X112.67 Y57.249 F7800
G1 F2400
G1 X112.67 Y37.795 E7.22788
G1 X115.499 Y37.795 E7.36395
G1 X115.515 Y38.898 E7.41701
G1 X115.624 Y39.122 E7.42899
G1 X115.788 Y39.263 E7.43939
G1 X146.941 Y57.249 E9.16953
G1 X112.73 Y57.249 E10.81496
G1 X112.285 Y57.635 F7800
;TYPE:External perimeter
G1 F1500
G1 X112.285 Y37.41 E11.78771
G1 X115.885 Y37.41 E11.96086
G1 X115.885 Y38.8 E12.02771
G1 X115.981 Y38.929 E12.03544
G1 X148.38 Y57.635 E13.8348
G1 X112.345 Y57.635 E15.56796
G1 X112.285 Y57.239 F7800
G1 E13.56796 F2400
G92 E0
G1 X117.888 Y56.574 F7800
G1 E2 F2400
;TYPE:Internal infill
;WIDTH:0.45
G1 F4800
G1 X120.202 Y56.574 E2.1113
G1 X113.345 Y49.717 E2.57771
G1 X113.345 Y48.24 E2.64875
G1 X124.711 Y45.194 E3.21471
G1 X125.01 Y45.366 E3.2313
G1 X122.007 Y56.574 E3.78938
G1 X124.32 Y56.574 E3.90063
G1 E1.90063 F2400
G92 E0
G1 X135.662 Y56.574 F7800
G1 E2 F2400
G1 F4800
G1 X137.976 Y56.574 E2.1113
G1 X138.839 Y53.351 E2.27178
G1 X138.729 Y53.287 E2.2779
G1 X142.016 Y56.574 E2.50148
G1 X141.836 Y56.574 E2.51014
G1 X143.603 Y56.101 E2.59812
G1 X141.599 Y54.944 E2.70942
G1 E.70942 F2400
G92 E0
G1 X120.099 Y42.531 F7800
G1 E2 F2400
G1 F4800
G1 X118.095 Y41.374 E2.1113
G1 X114.022 Y56.574 E2.86816
G1 X113.345 Y56.574 E2.90072
G1 X113.345 Y56.224 E2.91755
G1 X134.157 Y50.647 E3.95385
G1 X131.925 Y49.359 E4.07779
G1 X129.991 Y56.574 E4.43706
G1 X131.109 Y56.574 E4.49083
G1 X113.345 Y38.81 E5.69912
G1 X113.345 Y40.255 E5.76862
G1 X115.31 Y39.729 E5.86646
G1 X117.295 Y40.912 E5.9776
G1 E3.9776 F2400
G92 E0
G1 X115.26 Y62.909 F7800
G1 E2 F2400
;TYPE:Perimeter
;WIDTH:0.45
G1 X115.322 Y63.036 E2.0068
G1 X115.595 Y63.272 E2.02416
G1 X145.502 Y80.538 E3.68509
G1 X113.056 Y80.538 E5.24563
G1 X113.056 Y61.856 E6.14417
G1 X115.113 Y61.856 E6.2431
G1 X115.14 Y62.664 E6.28198
G1 X115.233 Y62.855 E6.2922
G1 X115.587 Y62.72 F7800
G1 F2400
G1 X115.624 Y62.797 E6.29631
G1 X115.788 Y62.938 E6.30671
G1 X146.941 Y80.924 E8.03685
G1 X112.67 Y80.924 E9.68517
G1 X112.67 Y61.47 E10.62084
G1 X115.499 Y61.47 E10.75691
G1 X115.515 Y62.573 E10.80997
G1 X115.56 Y62.666 E10.81494
G1 X115.923 Y62.527 F7800
;TYPE:External perimeter
G1 F1500
G1 X115.981 Y62.604 E10.81958
G1 X148.38 Y81.31 E12.61894
G1 X112.285 Y81.31 E14.35498
G1 X112.285 Y61.085 E15.32773
G1 X115.885 Y61.085 E15.50088
G1 X115.885 Y62.475 E15.56773
G1 X115.887 Y62.478 E15.5679
G1 X116.203 Y62.724 F7800
G1 E13.5679 F2400
G92 E0
G1 X113.345 Y66.522 F7800
G1 E2 F2400
;TYPE:Internal infill
;WIDTH:0.45
G1 F4800
G1 X113.345 Y64.208 E2.1113
G1 X115.595 Y63.606 E2.22332
G1 X117.326 Y64.605 E2.31945
G1 X132.97 Y80.249 E3.38354
G1 X131.632 Y80.249 E3.44789
G1 X133.346 Y73.854 E3.76632
G1 X134.486 Y74.513 E3.82965
G1 X113.345 Y80.177 E4.88232
G1 X113.345 Y77.864 E4.99357
G1 E2.99357 F2400
G92 E0
G1 X117.977 Y80.249 F7800
G1 E2 F2400
G1 F4800
G1 X115.663 Y80.249 E2.1113
G1 X119.516 Y65.87 E2.82728
G1 X125.04 Y69.059 E3.13406
G1 X113.345 Y72.193 E3.7164
G1 X113.345 Y71.531 E3.74824
G1 X122.063 Y80.249 E4.34123
G1 X123.647 Y80.249 E4.41741
G1 X126.431 Y69.862 E4.93462
G1 X128.435 Y71.019 E5.04592
G1 E3.04592 F2400
G92 E0
G1 X138.257 Y76.689 F7800
G1 E2 F2400
G1 F4800
G1 X140.26 Y77.846 E2.11125
G1 X139.616 Y80.249 E2.2309
G1 X142.875 Y80.249 E2.38765
G1 X143.932 Y79.966 E2.44028
G1 X143.132 Y79.505 E2.48469
G1 X143.877 Y80.249 E2.53533
G1 X144.365 Y80.249 E2.5588
G1 X144.099 Y80.063 E2.57441
G1 E.57441 F2400
G92 E0
G1 X133.062 Y170.955 F7800
G1 E2 F2400
;TYPE:Perimeter
;WIDTH:0.45
G1 X133.043 Y170.977 E2.0014
G1 X132.932 Y171.517 E2.02792
;WIDTH:0.464918
G1 X133.016 Y171.812 E2.04324
G1 X132.453 Y171.812 E2.07137
G1 X132.537 Y171.517 E2.08669
;WIDTH:0.45
G1 X132.426 Y170.977 E2.11321
G1 X132.185 Y170.686 E2.13138
G1 X131.922 Y170.533 E2.14601
G1 X131.576 Y170.469 E2.16293
G1 X113.056 Y170.469 E3.05368
G1 X113.056 Y97.147 E6.58021
G1 X121.511 Y97.147 E6.98687
G1 X121.625 Y97.234 E6.99377
G1 X125.013 Y99.325 E7.18526
G1 X128.794 Y100.65 E7.37796
G1 X132.734 Y101.098 E7.56868
G1 X136.675 Y100.65 E7.75945
G1 X140.456 Y99.325 E7.95215
G1 X143.986 Y97.147 E8.15165
G1 X152.413 Y97.147 E8.55696
G1 X152.413 Y170.469 E12.08349
G1 X133.893 Y170.469 E12.97424
G1 X133.613 Y170.511 E12.98786
G1 X133.284 Y170.686 E13.00578
G1 X133.1 Y170.909 E13.01969
G1 X133.399 Y171.144 F7800
G1 F2400
G1 X133.383 Y171.16 E13.02078
G1 X133.316 Y171.484 E13.03669
G1 X133.397 Y171.731 E13.04919
G1 X133.681 Y172.205 E13.07577
G1 X131.788 Y172.205 E13.16682
G1 X132.072 Y171.731 E13.1934
G1 X132.148 Y171.521 E13.20414
G1 X132.086 Y171.16 E13.22176
G1 X131.844 Y170.92 E13.23815
G1 X131.576 Y170.855 E13.25141
G1 X112.67 Y170.855 E14.16072
G1 X112.67 Y96.761 E17.72438
G1 X121.657 Y96.761 E18.15662
G1 X121.827 Y96.906 E18.16737
G1 X125.18 Y98.975 E18.35687
G1 X128.881 Y100.272 E18.54549
G1 X132.734 Y100.71 E18.732
G1 X136.588 Y100.272 E18.91856
G1 X140.289 Y98.975 E19.10718
G1 X143.642 Y96.906 E19.29668
G1 X143.812 Y96.761 E19.30743
G1 X152.799 Y96.761 E19.73967
G1 X152.799 Y170.855 E23.30333
G1 X133.893 Y170.855 E24.21264
G1 X133.625 Y170.92 E24.2259
G1 X133.442 Y171.101 E24.23828
G1 X133.743 Y171.35 F7800
;TYPE:External perimeter
G1 F1500
G1 X133.701 Y171.45 E24.2435
G1 X133.727 Y171.532 E24.24764
G1 X134.362 Y172.59 E24.30699
G1 X131.107 Y172.59 E24.46354
G1 X131.778 Y171.472 E24.52625
G1 X131.698 Y171.284 E24.53608
G1 X131.576 Y171.24 E24.54232
G1 X112.285 Y171.24 E25.47015
G1 X112.285 Y96.47 E29.06633
;TYPE:Overhang perimeter
;WIDTH:0.4
;HEIGHT:0.4
M106 S255
G1 X112.285 Y96.376 E29.07124
G1 X121.81 Y96.376 E29.56887
G1 X121.913 Y96.47 E29.57616
M107
;TYPE:External perimeter
;WIDTH:0.45
;HEIGHT:0.3
G1 X122.03 Y96.578 E29.58382
G1 X125.347 Y98.625 E29.77129
G1 X128.968 Y99.893 E29.95582
G1 X132.734 Y100.322 E30.13812
G1 X136.502 Y99.893 E30.32052
G1 X140.122 Y98.625 E30.505
G1 X143.439 Y96.578 E30.69247
G1 X143.556 Y96.47 E30.70013
;TYPE:Overhang perimeter
;WIDTH:0.4
;HEIGHT:0.4
M106 S255
G1 X143.659 Y96.376 E30.70742
G1 X153.185 Y96.376 E31.2051
G1 X153.185 Y96.47 E31.21001
M107
;TYPE:External perimeter
;WIDTH:0.45
;HEIGHT:0.3
G1 X153.185 Y171.24 E34.80619
G1 X133.893 Y171.24 E35.73407
G1 X133.771 Y171.284 E35.74031
G1 X133.766 Y171.295 E35.74089
G1 X133.83 Y171.69 F7800
G1 X132.848 Y170.765
;TYPE:Internal infill
;WIDTH:0.45
G1 F4800
G1 X132.662 Y170.815 E35.75015
G1 E33.75015 F2400
G92 E0
G1 X121.459 Y99.145 F7800
G1 E2 F2400
G1 F4800
G1 X119.145 Y99.145 E2.1113
G1 X118.556 Y98.556 E2.15136
G1 X118.742 Y98.556 E2.16031
G1 X118.584 Y99.145 E2.18964
G1 X116.271 Y99.145 E2.30089
G1 E.30089 F2400
G92 E0
G1 X121.227 Y97.436 F7800
G1 E2 F2400
;TYPE:Solid infill
;WIDTH:0.45
G1 F1200
G1 X113.345 Y97.436 E2.3791
G1 X113.345 Y98.171 E2.41445
G1 X121.316 Y98.171 E2.79783
;WIDTH:0.45272
G1 X122.532 Y98.169 E2.85673
G1 X122.651 Y98.197 E2.86265
G1 X121.509 Y97.491 E2.92768
;WIDTH:0.45
G1 X121.42 Y97.436 E2.93271
G1 X121.316 Y97.803 E2.95106
;WIDTH:0.413397
G1 X113.712 Y97.803 E3.28207
G1 X113.481 Y99.586 F7800
;WIDTH:0.594455
G1 F1200
G1 X113.434 Y99.539 E3.28646
G1 X113.37 Y99.556 E3.29084
G1 X113.353 Y99.62 E3.29522
G1 X113.4 Y99.667 E3.29961
G1 X113.464 Y99.65 E3.30399
;WIDTH:0.45
G1 X113.345 Y100.322 E3.33681
G1 X114.137 Y99.531 E3.39065
G1 X114.315 Y99.396 E3.40139
;WIDTH:0.404381
G1 X114.274 Y99.407 E3.40319
G1 X114.255 Y99.336 E3.40631
G1 X114.326 Y99.355 E3.40943
;WIDTH:0.45
G1 X114.682 Y99.531 E3.42853
G1 X113.345 Y100.868 E3.51947
G1 X113.345 Y101.413 E3.54568
G1 X115.228 Y99.531 E3.67373
G1 X115.773 Y99.531 E3.69994
G1 X113.345 Y101.959 E3.86509
G1 X113.345 Y102.504 E3.8913
G1 X116.318 Y99.531 E4.09352
G1 X116.864 Y99.531 E4.11978
G1 X113.345 Y103.049 E4.3591
G1 X113.345 Y103.595 E4.38536
G1 X117.409 Y99.531 E4.66179
G1 X117.954 Y99.531 E4.688
G1 X113.345 Y104.14 E5.0015
G1 X113.345 Y104.685 E5.02771
G1 X118.5 Y99.531 E5.37831
G1 X119.045 Y99.531 E5.40452
G1 X113.345 Y105.231 E5.79223
G1 X113.345 Y105.776 E5.81844
G1 X119.59 Y99.531 E6.24322
G1 X120.136 Y99.531 E6.26948
G1 X113.345 Y106.321 E6.73136
G1 X113.345 Y106.867 E6.75762
G1 X120.681 Y99.531 E7.25661
G1 X121.226 Y99.531 E7.28282
G1 X113.345 Y107.412 E7.81888
G1 X113.345 Y107.957 E7.84509
G1 X121.772 Y99.531 E8.41825
G1 X122.317 Y99.531 E8.44446
G1 X113.345 Y108.503 E9.05472
G1 X113.345 Y109.048 E9.08093
G1 X122.862 Y99.531 E9.72826
G1 X122.647 Y98.195 F7800
;WIDTH:0.453951
G1 F1200
G1 X122.677 Y98.211 E9.72991
;WIDTH:0.451909
G1 X123.854 Y98.937 E9.79675
;WIDTH:0.473759
G1 X123.927 Y98.995 E9.80151
G1 X123.84 Y99.176 E9.81176
;WIDTH:0.43907
G1 X123.754 Y99.357 E9.82112
;WIDTH:0.404381
G1 X123.68 Y99.418 E9.82519
;WIDTH:0.45
G1 X123.408 Y99.531 E9.83936
G1 X113.345 Y109.593 E10.5238
G1 X113.345 Y110.139 E10.55006
G1 X124.283 Y99.201 E11.29405
G1 X124.62 Y99.409 E11.3131
G1 X113.345 Y110.684 E12.08001
G1 X113.345 Y111.229 E12.10622
G1 X124.963 Y99.611 E12.89646
G1 X125.367 Y99.753 E12.91706
G1 X113.345 Y111.775 E13.73478
G1 X113.345 Y112.32 E13.76099
G1 X125.77 Y99.895 E14.60612
G1 X126.174 Y100.037 E14.62672
G1 X113.345 Y112.865 E15.4993
G1 X113.345 Y113.411 E15.52556
G1 X126.578 Y100.178 E16.42565
G1 X126.981 Y100.32 E16.4462
G1 X113.345 Y113.956 E17.3737
G1 X113.345 Y114.502 E17.39996
G1 X127.385 Y100.462 E18.35494
G1 X127.788 Y100.603 E18.37548
G1 X113.345 Y115.047 E19.35791
G1 X113.345 Y115.592 E19.38412
G1 X128.192 Y100.745 E20.39399
G1 X128.596 Y100.887 E20.41459
G1 X113.345 Y116.138 E21.45194
G1 X113.345 Y116.683 E21.47815
G1 X129.057 Y100.971 E22.54686
G1 X129.548 Y101.025 E22.57062
G1 X113.345 Y117.228 E23.67273
G1 X113.345 Y117.774 E23.69899
G1 X130.038 Y101.08 E24.83446
G1 X130.529 Y101.135 E24.85822
G1 X113.345 Y118.319 E26.02705
G1 X113.345 Y118.864 E26.05326
G1 X131.019 Y101.19 E27.25542
G1 X131.51 Y101.245 E27.27918
G1 X113.345 Y119.41 E28.51474
G1 X113.345 Y119.955 E28.54095
G1 X132 Y101.3 E29.80984
G1 X132.491 Y101.354 E29.8336
G1 X113.345 Y120.5 E31.13589
G1 X113.345 Y121.046 E31.16215
G1 X133.044 Y101.347 E32.50205
G1 X133.658 Y101.278 E32.53177
G1 X113.345 Y121.591 E33.91344
G1 X113.345 Y122.136 E33.93965
G1 X134.272 Y101.21 E35.36304
G1 X134.886 Y101.141 E35.39276
G1 X113.345 Y122.682 E36.85795
G1 X113.345 Y123.227 E36.88416
G1 X135.5 Y101.072 E38.39112
G1 X136.114 Y101.004 E38.42083
G1 X113.345 Y123.772 E39.96952
G1 X113.345 Y124.318 E39.99578
G1 X136.746 Y100.917 E41.58749
G1 X137.016 Y100.744 E41.60291
;WIDTH:0.404381
G1 X136.794 Y100.741 E41.61233
G1 X137.566 Y100.642 F7800
;WIDTH:0.45
G1 F1200
G1 X113.345 Y124.863 E43.25981
G1 X113.345 Y125.408 E43.28602
G1 X138.41 Y100.344 E44.99088
G1 X139.564 Y99.862 F7800
;WIDTH:0.404381
G1 F1200
G1 X139.493 Y99.843 E44.994
G1 X139.512 Y99.914 E44.99712
G1 X139.553 Y99.903 E44.99892
;WIDTH:0.45
G1 X139.253 Y100.045 E45.01488
G1 X113.345 Y125.954 E46.77714
G1 X113.345 Y126.499 E46.80335
G1 X140.097 Y99.747 E48.62299
G1 X140.397 Y99.605 E48.63895
;WIDTH:0.404381
G1 X140.356 Y99.616 E48.64075
G1 X140.337 Y99.545 E48.64387
G1 X140.408 Y99.564 E48.64699
G1 X141.17 Y99.22 F7800
;WIDTH:0.45
G1 F1200
G1 X113.345 Y127.044 E50.53958
G1 X113.345 Y127.59 E50.56584
G1 X141.586 Y99.349 E52.48676
;WIDTH:0.451205
G1 X141.578 Y98.968 E52.50515
G1 X141.617 Y98.94 E52.50747
;WIDTH:0.447613
G1 X142.793 Y98.213 E52.57356
;WIDTH:0.455117
G1 X142.84 Y98.188 E52.57615
G1 X144.049 Y97.436 F7800
;WIDTH:0.45
G1 F1200
G1 X152.124 Y97.436 E52.96453
G1 X152.124 Y98.171 E52.99988
G1 X144.154 Y98.171 E53.38321
;WIDTH:0.453786
G1 X142.891 Y98.169 E53.44455
G1 X143.885 Y97.538 E53.50173
;WIDTH:0.450552
G1 X144.154 Y97.803 E53.51992
;WIDTH:0.413393
G1 X151.757 Y97.803 E53.85088
G1 E51.85088 F2400
G92 E0
G1 X142.137 Y99.355 F7800
G1 E2 F2400
;WIDTH:0.404381
G1 F1200
G1 X142.066 Y99.336 E2.00312
G1 X142.085 Y99.407 E2.00624
G1 X142.126 Y99.396 E2.00804
;WIDTH:0.45
G1 X141.95 Y99.531 E2.01871
G1 X113.345 Y128.135 E3.96435
G1 X113.345 Y128.681 E3.99061
G1 X142.495 Y99.531 E5.97336
G1 X143.04 Y99.531 E5.99957
G1 X113.345 Y129.226 E8.01939
G1 X113.345 Y129.771 E8.0456
G1 X143.586 Y99.531 E10.10252
G1 X144.131 Y99.531 E10.12873
G1 X113.345 Y130.317 E12.22276
G1 X113.345 Y130.862 E12.24897
G1 X144.676 Y99.531 E14.38007
G1 X145.222 Y99.531 E14.40633
G1 X113.345 Y131.407 E16.57453
G1 X113.345 Y131.953 E16.60079
G1 X145.767 Y99.531 E18.80609
G1 X146.312 Y99.531 E18.8323
G1 X113.345 Y132.498 E21.07467
G1 X113.345 Y133.043 E21.10088
G1 X146.858 Y99.531 E23.38036
G1 X147.403 Y99.531 E23.40657
G1 X113.345 Y133.589 E25.72315
G1 X113.345 Y134.134 E25.74936
G1 X147.948 Y99.531 E28.10301
G1 X148.494 Y99.531 E28.12927
G1 X113.345 Y134.679 E30.52003
G1 X113.345 Y135.225 E30.54629
G1 X149.039 Y99.531 E32.97415
G1 X149.584 Y99.531 E33.00036
G1 X113.345 Y135.77 E35.46529
G1 X113.345 Y136.315 E35.4915
G1 X150.13 Y99.531 E37.99354
G1 X150.675 Y99.531 E38.01975
G1 X113.345 Y136.861 E40.55889
G1 X113.345 Y137.406 E40.5851
G1 X151.221 Y99.531 E43.16134
G1 X151.766 Y99.531 E43.18755
G1 X113.345 Y137.951 E45.80086
G1 X113.345 Y138.497 E45.82712
G1 X152.124 Y99.718 E48.46482
G1 X152.244 Y99.471 E48.47803
;WIDTH:0.404381
G1 X152.203 Y99.482 E48.47983
G1 X152.184 Y99.411 E48.48295
G1 X152.255 Y99.43 E48.48607
G1 X152.124 Y100.263 F7800
;WIDTH:0.45
G1 F1200
G1 X113.345 Y139.042 E51.12377
G1 X113.345 Y139.587 E51.14998
G1 X152.124 Y100.808 E53.78768
G1 X152.124 Y101.354 E53.81394
G1 X113.345 Y140.133 E56.45164
G1 X113.345 Y140.678 E56.47785
G1 X152.124 Y101.899 E59.11555
G1 X152.124 Y102.444 E59.14176
G1 X113.345 Y141.224 E61.77949
G1 X113.345 Y141.769 E61.8057
G1 X152.124 Y102.99 E64.4434
G1 X152.124 Y103.535 E64.46961
G1 X113.345 Y142.314 E67.10731
G1 X113.345 Y142.86 E67.13357
G1 X152.124 Y104.08 E69.7713
G1 X152.124 Y104.626 E69.79756
G1 X113.345 Y143.405 E72.43526
G1 X113.345 Y143.95 E72.46147
G1 X152.124 Y105.171 E75.09917
G1 X152.124 Y105.716 E75.12538
G1 X113.345 Y144.496 E77.76311
G1 X113.345 Y145.041 E77.78932
G1 X152.124 Y106.262 E80.42702
G1 X152.124 Y106.807 E80.45323
G1 X113.345 Y145.586 E83.09093
G1 X113.345 Y146.132 E83.11719
G1 X152.124 Y107.353 E85.75489
G1 X152.124 Y107.898 E85.7811
G1 X113.345 Y146.677 E88.4188
G1 X113.345 Y147.222 E88.44501
G1 X152.124 Y108.443 E91.08271
G1 X152.124 Y108.989 E91.10897
G1 X113.345 Y147.768 E93.74667
G1 X113.345 Y148.313 E93.77288
G1 X152.124 Y109.534 E96.41058
G1 X152.124 Y110.079 E96.43679
G1 X113.345 Y148.858 E99.07449
G1 X113.345 Y149.404 E99.10075
G1 X152.124 Y110.625 E101.73845
G1 X152.124 Y111.17 E101.76466
G1 X113.345 Y149.949 E104.40236
G1 X113.345 Y150.494 E104.42857
G1 X152.124 Y111.715 E107.06627
G1 X152.124 Y112.261 E107.09253
G1 X113.345 Y151.04 E109.73023
G1 X113.345 Y151.585 E109.75644
G1 X152.124 Y112.806 E112.39414
G1 X152.124 Y113.351 E112.42035
G1 X113.345 Y152.13 E115.05805
G1 X113.345 Y152.676 E115.08431
G1 X152.124 Y113.897 E117.72201
G1 X152.124 Y114.442 E117.74822
G1 X113.345 Y153.221 E120.38592
G1 X113.345 Y153.767 E120.41218
G1 X152.124 Y114.987 E123.04991
G1 X152.124 Y115.533 E123.07617
G1 X113.345 Y154.312 E125.71387
G1 X113.345 Y154.857 E125.74008
G1 X152.124 Y116.078 E128.37778
G1 X152.124 Y116.623 E128.40399
G1 X113.345 Y155.403 E131.04172
G1 X113.345 Y155.948 E131.06793
G1 X152.124 Y117.169 E133.70563
G1 X152.124 Y117.714 E133.73184
G1 X113.345 Y156.493 E136.36954
G1 X113.345 Y157.039 E136.3958
G1 X152.124 Y118.259 E139.03353
G1 X152.124 Y118.805 E139.05979
G1 X113.345 Y157.584 E141.69749
G1 X113.345 Y158.129 E141.7237
G1 X152.124 Y119.35 E144.3614
G1 X152.124 Y119.896 E144.38766
G1 X113.345 Y158.675 E147.02536
G1 X113.345 Y159.22 E147.05157
G1 X152.124 Y120.441 E149.68927
G1 X152.124 Y120.986 E149.71548
G1 X113.345 Y159.765 E152.35318
G1 X113.345 Y160.311 E152.37944
G1 X152.124 Y121.532 E155.01714
G1 X152.124 Y122.077 E155.04335
G1 X113.345 Y160.856 E157.68105
G1 X113.345 Y161.401 E157.70726
G1 X152.124 Y122.622 E160.34496
G1 X152.124 Y123.168 E160.37122
G1 X113.345 Y161.947 E163.00892
G1 X113.345 Y162.492 E163.03513
G1 X152.124 Y123.713 E165.67283
G1 X152.124 Y124.258 E165.69904
G1 X113.345 Y163.037 E168.33674
G1 X113.345 Y163.583 E168.363
G1 X152.124 Y124.804 E171.0007
G1 X152.124 Y125.349 E171.02691
G1 X113.345 Y164.128 E173.66461
G1 X113.345 Y164.673 E173.69082
G1 X152.124 Y125.894 E176.32852
G1 X152.124 Y126.44 E176.35478
G1 X113.345 Y165.219 E178.99248
G1 X113.345 Y165.764 E179.01869
G1 X152.124 Y126.985 E181.65639
G1 X152.124 Y127.53 E181.6826
G1 X113.345 Y166.31 E184.32033
G1 X113.345 Y166.855 E184.34654
G1 X152.124 Y128.076 E186.98424
G1 X152.124 Y128.621 E187.01045
G1 X113.345 Y167.4 E189.64815
G1 X113.345 Y167.946 E189.67441
G1 X152.124 Y129.166 E192.31214
G1 X152.124 Y129.712 E192.3384
G1 X113.345 Y168.491 E194.9761
G1 X113.345 Y169.036 E195.00231
G1 X152.124 Y130.257 E197.64001
G1 X152.124 Y130.802 E197.66622
G1 X113.345 Y169.582 E200.30395
G1 X113.345 Y170.127 E200.33016
G1 X152.124 Y131.348 E202.96786
G1 X152.124 Y131.893 E202.99407
G1 X113.837 Y170.18 E205.5983
G1 X114.383 Y170.18 E205.62456
G1 X152.124 Y132.439 E208.19166
G1 X152.124 Y132.984 E208.21787
G1 X114.928 Y170.18 E210.7479
G1 X115.473 Y170.18 E210.77411
G1 X152.124 Y133.529 E213.26707
G1 X152.124 Y134.075 E213.29333
G1 X116.018 Y170.18 E215.74918
G1 X116.564 Y170.18 E215.77544
G1 X152.124 Y134.62 E218.19419
G1 X152.124 Y135.165 E218.2204
G1 X117.109 Y170.18 E220.60208
G1 X117.654 Y170.181 E220.62829
G1 X152.124 Y135.711 E222.9729
G1 X152.124 Y136.256 E222.99911
G1 X118.199 Y170.181 E225.30665
G1 X118.745 Y170.181 E225.33291
G1 X152.124 Y136.801 E227.60334
G1 X152.124 Y137.347 E227.6296
G1 X119.29 Y170.181 E229.86293
G1 X119.835 Y170.181 E229.88914
G1 X152.124 Y137.892 E232.0854
G1 X152.124 Y138.437 E232.11161
G1 X120.38 Y170.181 E234.2708
G1 X120.926 Y170.181 E234.29706
G1 X152.124 Y138.983 E236.41911
G1 X152.124 Y139.528 E236.44532
G1 X121.471 Y170.181 E238.5303
G1 X122.016 Y170.181 E238.55651
G1 X152.124 Y140.073 E240.60442
G1 X152.124 Y140.619 E240.63068
G1 X122.562 Y170.181 E242.64145
G1 X123.107 Y170.181 E242.66766
G1 X152.124 Y141.164 E244.64136
G1 X152.124 Y141.709 E244.66757
G1 X123.652 Y170.181 E246.6042
G1 X124.197 Y170.182 E246.63041
G1 X152.124 Y142.255 E248.52997
G1 X152.124 Y142.8 E248.55618
G1 X124.743 Y170.182 E250.41864
G1 X125.288 Y170.182 E250.44485
G1 X152.124 Y143.345 E252.27024
G1 X152.124 Y143.891 E252.2965
G1 X125.833 Y170.182 E254.08478
G1 X126.378 Y170.182 E254.11099
G1 X152.124 Y144.436 E255.8622
G1 X152.124 Y144.982 E255.88846
G1 X126.924 Y170.182 E257.60253
G1 X127.469 Y170.182 E257.62874
G1 X152.124 Y145.527 E259.30574
G1 X152.124 Y146.072 E259.33195
G1 X128.014 Y170.182 E260.97188
G1 X128.559 Y170.182 E260.99809
G1 X152.124 Y146.618 E262.60092
G1 X152.124 Y147.163 E262.62713
G1 X129.105 Y170.182 E264.19285
G1 X129.65 Y170.182 E264.21906
G1 X152.124 Y147.708 E265.74771
G1 X152.124 Y148.254 E265.77397
G1 X130.195 Y170.182 E267.26552
G1 X130.74 Y170.183 E267.29173
G1 X152.124 Y148.799 E268.74624
G1 X152.124 Y149.344 E268.77245
G1 X131.286 Y170.183 E270.18986
G1 X131.955 Y169.986 E270.2234
;WIDTH:0.404381
G1 X131.914 Y169.997 E270.2252
G1 X131.895 Y169.926 E270.22832
G1 X131.966 Y169.945 E270.23144
;WIDTH:0.45
G1 X132.195 Y169.819 E270.24401
G1 X152.124 Y149.89 E271.59956
G1 X152.124 Y150.435 E271.62577
G1 X132.804 Y169.755 E272.93989
G1 X133.264 Y169.84 E272.96239
G1 X152.124 Y150.98 E274.24522
G1 X152.124 Y151.526 E274.27148
G1 X133.692 Y169.958 E275.5252
G1 X133.796 Y170.307 E275.54272
;WIDTH:0.404381
G1 X133.724 Y170.288 E275.54588
G1 X133.744 Y170.359 E275.54901
G1 X133.785 Y170.348 E275.55081
;WIDTH:0.45
G1 X134.012 Y170.183 E275.56431
G1 X152.124 Y152.071 E276.79627
G1 X152.124 Y152.616 E276.82248
G1 X134.558 Y170.183 E278.01733
G1 X135.103 Y170.182 E278.04354
G1 X152.124 Y153.162 E279.20125
G1 X152.124 Y153.707 E279.22746
G1 X135.649 Y170.182 E280.34807
G1 X136.194 Y170.182 E280.37428
G1 X152.124 Y154.252 E281.45782
G1 X152.124 Y154.798 E281.48408
G1 X136.74 Y170.182 E282.53048
G1 X137.285 Y170.182 E282.55669
G1 X152.124 Y155.343 E283.56602
G1 X152.124 Y155.888 E283.59223
G1 X137.83 Y170.182 E284.56449
G1 X138.376 Y170.182 E284.59075
G1 X152.124 Y156.434 E285.52587
G1 X152.124 Y156.979 E285.55208
G1 X138.921 Y170.182 E286.45013
G1 X139.467 Y170.182 E286.47639
G1 X152.124 Y157.525 E287.3373
G1 X152.124 Y158.07 E287.36351
G1 X140.012 Y170.182 E288.18735
G1 X140.558 Y170.182 E288.21361
G1 X152.124 Y158.615 E289.00035
G1 X152.124 Y159.161 E289.02661
G1 X141.103 Y170.182 E289.77624
G1 X141.648 Y170.181 E289.80245
G1 X152.124 Y159.706 E290.51498
G1 X152.124 Y160.251 E290.54119
G1 X142.194 Y170.181 E291.21662
G1 X142.739 Y170.181 E291.24283
G1 X152.124 Y160.797 E291.88115
G1 X152.124 Y161.342 E291.90736
G1 X143.285 Y170.181 E292.50858
G1 X143.83 Y170.181 E292.53479
G1 X152.124 Y161.887 E293.09894
G1 X152.124 Y162.433 E293.1252
G1 X144.376 Y170.181 E293.65221
G1 X144.921 Y170.181 E293.67842
G1 X152.124 Y162.978 E294.16836
G1 X152.124 Y163.523 E294.19457
G1 X145.467 Y170.181 E294.6474
G1 X146.012 Y170.181 E294.67361
G1 X152.124 Y164.069 E295.08934
G1 X152.124 Y164.614 E295.11555
G1 X146.557 Y170.181 E295.49421
G1 X147.103 Y170.181 E295.52047
G1 X152.124 Y165.159 E295.86203
G1 X152.124 Y165.705 E295.88829
G1 X147.648 Y170.181 E296.19274
G1 X148.194 Y170.18 E296.219
G1 X152.124 Y166.25 E296.48631
G1 X152.124 Y166.795 E296.51252
G1 X148.739 Y170.18 E296.74276
G1 X149.285 Y170.18 E296.76902
G1 X152.124 Y167.341 E296.96213
G1 X152.124 Y167.886 E296.98834
G1 X149.83 Y170.18 E297.14438
G1 X150.375 Y170.18 E297.17059
G1 X152.124 Y168.431 E297.28955
G1 X152.319 Y168.313 E297.30051
;WIDTH:0.404381
G1 X152.278 Y168.324 E297.30231
G1 X152.259 Y168.253 E297.30543
G1 X152.33 Y168.272 E297.30855
;WIDTH:0.45
G1 X152.124 Y168.977 E297.34388
G1 X152.124 Y170.18 E297.40174
G1 X150.921 Y170.18 E297.4596
G1 X151.988 Y169.113 E297.53218
G1 E295.53218 F2400
G92 E0
G1 X151.47 Y98.556 F7800
G1 E2 F2400
;TYPE:Internal infill
;WIDTH:0.45
G1 F4800
G1 X152.124 Y98.556 E2.03146
G1 X152.124 Y99.145 E2.05979
G1 X151.866 Y99.145 E2.0722
G1 X151.277 Y98.556 E2.11226
G1 X150.68 Y98.556 E2.14097
G1 X150.522 Y99.145 E2.1703
G1 X142.538 Y99.145 E2.5543
G1 X142.641 Y98.758 E2.57356
G1 X142.968 Y98.556 E2.59205
G1 X144.898 Y98.556 E2.68488
G1 E.68488 F2400
G92 E0
G1 X82.721 Y127.399 F7800
G1 E2 F2400
;TYPE:Perimeter
;WIDTH:0.45
G1 X108.063 Y127.399 E3.21886
G1 X108.063 Y138.151 E3.73599
G1 X82.721 Y138.151 E4.95485
G1 X82.721 Y127.459 E5.4691
G1 X82.335 Y127.013 F7800
G1 F2400
G1 X108.449 Y127.013 E6.72509
G1 X108.449 Y138.537 E7.27935
G1 X82.335 Y138.537 E8.53534
G1 X82.335 Y127.073 E9.08672
G1 X81.95 Y126.628 F7800
;TYPE:External perimeter
G1 F1500
G1 X108.835 Y126.628 E10.3798
G1 X108.835 Y138.923 E10.97115
G1 X81.95 Y138.923 E12.26423
G1 X81.95 Y126.688 E12.85269
G1 X82.345 Y126.628 F7800
G1 X83.115 Y127.719
;TYPE:Solid infill
;WIDTH:0.543559
G1 F1200
G1 X83.072 Y127.677 E12.85628
G1 X83.014 Y127.693 E12.85988
G1 X82.999 Y127.75 E12.8634
G1 X83.041 Y127.793 E12.86699
G1 X83.099 Y127.777 E12.87059
G1 X82.886 Y128.53 F7800
;WIDTH:0.404381
G1 F1200
G1 X82.815 Y128.511 E12.87371
G1 X82.834 Y128.582 E12.87683
G1 X82.875 Y128.571 E12.87863
;WIDTH:0.45
G1 X83.01 Y128.393 E12.88937
G1 X83.715 Y127.688 E12.93732
G1 X83.893 Y127.554 E12.94804
;WIDTH:0.404381
G1 X83.852 Y127.565 E12.94984
G1 X83.833 Y127.494 E12.95296
G1 X83.904 Y127.513 E12.95608
;WIDTH:0.45
G1 X84.26 Y127.688 E12.97516
G1 X83.01 Y128.939 E13.06022
G1 X83.01 Y129.484 E13.08643
G1 X84.806 Y127.688 E13.20859
G1 X85.351 Y127.688 E13.2348
G1 X83.01 Y130.029 E13.39403
G1 X83.01 Y130.575 E13.42029
G1 X85.896 Y127.688 E13.61663
G1 X86.442 Y127.688 E13.64289
G1 X83.01 Y131.12 E13.87633
G1 X83.01 Y131.665 E13.90254
G1 X86.987 Y127.688 E14.17305
G1 X87.532 Y127.688 E14.19926
G1 X83.01 Y132.211 E14.50687
G1 X83.01 Y132.756 E14.53308
G1 X88.078 Y127.688 E14.8778
G1 X88.623 Y127.688 E14.90401
G1 X83.01 Y133.301 E15.2858
G1 X83.01 Y133.847 E15.31206
G1 X89.168 Y127.688 E15.73095
G1 X89.714 Y127.688 E15.75721
G1 X83.01 Y134.392 E16.21321
G1 X83.01 Y134.937 E16.23942
G1 X90.259 Y127.688 E16.73249
G1 X90.805 Y127.688 E16.75875
G1 X83.01 Y135.483 E17.28896
G1 X83.01 Y136.028 E17.31517
G1 X91.35 Y127.688 E17.88245
G1 X91.895 Y127.688 E17.90866
G1 X83.01 Y136.573 E18.51301
G1 X83.01 Y137.119 E18.53927
G1 X92.441 Y127.688 E19.18075
G1 X92.986 Y127.688 E19.20696
G1 X83.01 Y137.664 E19.88552
G1 X82.964 Y137.939 E19.89893
;WIDTH:0.404381
G1 X82.892 Y137.92 E19.90209
G1 X82.912 Y137.991 E19.90522
G1 X82.953 Y137.98 E19.90702
;WIDTH:0.45
G1 X83.357 Y137.862 E19.92726
G1 X93.531 Y127.688 E20.61928
G1 X94.077 Y127.688 E20.64554
G1 X83.902 Y137.862 E21.3376
G1 X84.448 Y137.862 E21.36386
G1 X94.622 Y127.688 E22.05588
G1 X95.167 Y127.688 E22.08209
G1 X84.993 Y137.862 E22.77411
G1 X85.539 Y137.862 E22.80037
G1 X95.713 Y127.688 E23.49239
G1 X96.258 Y127.688 E23.5186
G1 X86.084 Y137.862 E24.21062
G1 X86.629 Y137.862 E24.23683
G1 X96.803 Y127.688 E24.92885
G1 X97.349 Y127.688 E24.95511
G1 X87.175 Y137.862 E25.64713
G1 X87.72 Y137.862 E25.67334
G1 X97.894 Y127.688 E26.36536
G1 X98.439 Y127.688 E26.39157
G1 X88.265 Y137.862 E27.08359
G1 X88.811 Y137.862 E27.10985
G1 X98.985 Y127.688 E27.80187
G1 X99.53 Y127.688 E27.82808
G1 X89.356 Y137.862 E28.5201
G1 X89.901 Y137.862 E28.54631
G1 X100.075 Y127.688 E29.23833
G1 X100.621 Y127.688 E29.26459
G1 X90.447 Y137.862 E29.95661
G1 X90.992 Y137.862 E29.98282
G1 X101.166 Y127.688 E30.67484
G1 X101.711 Y127.688 E30.70105
G1 X91.537 Y137.862 E31.39307
G1 X92.083 Y137.862 E31.41933
G1 X102.257 Y127.688 E32.11135
G1 X102.802 Y127.688 E32.13756
G1 X92.628 Y137.862 E32.82958
G1 X93.173 Y137.862 E32.85579
G1 X103.348 Y127.688 E33.54785
G1 X103.893 Y127.688 E33.57406
G1 X93.719 Y137.862 E34.26608
G1 X94.264 Y137.862 E34.29229
G1 X104.438 Y127.688 E34.98431
G1 X104.984 Y127.688 E35.01057
G1 X94.809 Y137.862 E35.70263
G1 X95.355 Y137.862 E35.72889
G1 X105.529 Y127.688 E36.42091
G1 X106.074 Y127.688 E36.44712
G1 X95.9 Y137.862 E37.13914
G1 X96.445 Y137.862 E37.16535
G1 X106.62 Y127.688 E37.85741
G1 X107.165 Y127.688 E37.88362
G1 X96.991 Y137.862 E38.57564
G1 X97.536 Y137.862 E38.60185
G1 X107.71 Y127.688 E39.29387
G1 X107.774 Y128.17 E39.31726
G1 X98.082 Y137.862 E39.9765
G1 X98.627 Y137.862 E40.00271
G1 X107.774 Y128.715 E40.62488
G1 X107.774 Y129.26 E40.65109
G1 X99.172 Y137.862 E41.23619
G1 X99.718 Y137.862 E41.26245
G1 X107.774 Y129.806 E41.81041
G1 X107.774 Y130.351 E41.83662
G1 X100.263 Y137.862 E42.34751
G1 X100.808 Y137.862 E42.37372
G1 X107.774 Y130.896 E42.84754
G1 X107.774 Y131.442 E42.8738
G1 X101.354 Y137.862 E43.31048
G1 X101.899 Y137.862 E43.33669
G1 X107.774 Y131.987 E43.7363
G1 X107.774 Y132.533 E43.76256
G1 X102.444 Y137.862 E44.12507
G1 X102.99 Y137.862 E44.15133
G1 X107.774 Y133.078 E44.47673
G1 X107.774 Y133.623 E44.50294
G1 X103.535 Y137.862 E44.79127
G1 X104.08 Y137.862 E44.81748
G1 X107.774 Y134.169 E45.06871
G1 X107.774 Y134.714 E45.09492
G1 X104.626 Y137.862 E45.30904
G1 X105.171 Y137.862 E45.33525
G1 X107.774 Y135.259 E45.5123
G1 X107.774 Y135.805 E45.53856
G1 X105.716 Y137.862 E45.67851
G1 E43.67851 F2400
G92 E0
G1 X107.638 Y136.486 F7800
G1 E2 F2400
G1 F1200
G1 X106.262 Y137.862 E2.09359
G1 X107.774 Y137.862 E2.16631
G1 X107.774 Y136.35 E2.23903
G1 X107.392 Y137.403 F7800
;WIDTH:0.564659
G1 F1200
G1 X107.347 Y137.359 E2.24296
G1 X107.287 Y137.375 E2.24683
G1 X107.271 Y137.436 E2.25076
G1 X107.315 Y137.48 E2.25464
G1 X107.375 Y137.464 E2.25851
G1 E.25851 F2400
G92 E0
G1 X69.997 Y109.074 F7800
G1 E2 F2400
;TYPE:Perimeter
;WIDTH:0.45
G1 X70.034 Y109.047 E2.0022
G1 X70.225 Y108.735 E2.01979
G1 X70.287 Y108.396 E2.03637
G1 X70.287 Y38.181 E5.41347
G1 X108.063 Y38.181 E7.23036
G1 X108.063 Y48.933 E7.74749
G1 X81.363 Y48.933 E9.03167
G1 X80.998 Y49.052 E9.05013
G1 X80.743 Y49.255 E9.06581
G1 X80.565 Y49.542 E9.08205
G1 X80.497 Y49.898 E9.09948
G1 X80.497 Y117.476 E12.34975
G1 X78.53 Y117.476 E12.44436
G1 X78.101 Y117.577 E12.46556
G1 X77.826 Y117.783 E12.48209
G1 X77.631 Y118.094 E12.49975
G1 X77.566 Y118.441 E12.51673
G1 X77.566 Y138.151 E13.46471
G1 X57.854 Y138.151 E14.41279
G1 X57.854 Y118.441 E15.36077
G1 X57.789 Y118.094 E15.37775
G1 X57.601 Y117.789 E15.39498
G1 X57.319 Y117.577 E15.41195
G1 X56.89 Y117.476 E15.43315
G1 X54.923 Y117.476 E15.52776
G1 X54.923 Y49.799 E18.78279
G1 X54.805 Y49.437 E18.8011
G1 X54.603 Y49.181 E18.81678
G1 X54.315 Y49.002 E18.83309
G1 X53.959 Y48.933 E18.85053
G1 X27.356 Y48.933 E20.13004
G1 X27.356 Y38.181 E20.64717
G1 X65.132 Y38.181 E22.46406
G1 X65.132 Y108.489 E25.84563
G1 X65.239 Y108.837 E25.86314
G1 X65.426 Y109.089 E25.87823
G1 X65.749 Y109.295 E25.89666
G1 X66.096 Y109.36 E25.91364
G1 X69.381 Y109.358 E26.07164
G1 X69.752 Y109.259 E26.09011
G1 X69.95 Y109.11 E26.10203
G1 X69.724 Y108.796 F7800
G1 F2400
G1 X69.837 Y108.661 E26.1105
G1 X69.901 Y108.396 E26.12361
G1 X69.901 Y37.795 E29.51927
G1 X108.449 Y37.795 E31.37329
G1 X108.449 Y49.319 E31.92755
G1 X81.4 Y49.319 E33.22851
G1 X81.126 Y49.426 E33.24266
G1 X80.953 Y49.621 E33.2552
G1 X80.883 Y49.898 E33.26894
G1 X80.883 Y117.862 E36.53777
G1 X78.422 Y117.862 E36.65614
G1 X78.199 Y117.967 E36.66799
G1 X78.011 Y118.186 E36.68187
G1 X77.952 Y118.441 E36.69446
G1 X77.952 Y138.537 E37.66101
G1 X57.468 Y138.537 E38.64622
G1 X57.462 Y118.356 E39.61686
G1 X57.351 Y118.091 E39.63068
G1 X57.147 Y117.923 E39.64339
G1 X56.89 Y117.862 E39.65609
G1 X54.537 Y117.862 E39.76926
G1 X54.537 Y49.836 E43.04107
G1 X54.431 Y49.563 E43.05516
G1 X54.236 Y49.39 E43.0677
G1 X53.959 Y49.319 E43.08145
G1 X26.97 Y49.319 E44.37953
G1 X26.97 Y37.795 E44.93379
G1 X65.518 Y37.795 E46.78781
G1 X65.518 Y108.501 E50.18852
G1 X65.653 Y108.768 E50.20291
G1 X65.839 Y108.914 E50.21428
G1 X66.096 Y108.974 E50.22697
G1 X69.438 Y108.963 E50.38771
G1 X69.675 Y108.855 E50.40024
G1 X69.686 Y108.842 E50.40106
G1 X69.461 Y108.525 F7800
;TYPE:External perimeter
G1 F1500
G1 X69.516 Y108.396 E50.4078
G1 X69.516 Y37.41 E53.82198
G1 X108.835 Y37.41 E55.71309
G1 X108.835 Y49.705 E56.30444
G1 X81.461 Y49.705 E57.62103
G1 X81.332 Y49.754 E57.62767
G1 X81.269 Y49.898 E57.63523
G1 X81.269 Y118.248 E60.92263
G1 X78.53 Y118.248 E61.05437
G1 X78.404 Y118.295 E61.06084
G1 X78.338 Y118.441 E61.06855
G1 X78.338 Y138.923 E62.05366
G1 X57.083 Y138.923 E63.07595
G1 X57.083 Y118.441 E64.06106
G1 X57.032 Y118.31 E64.06782
G1 X56.89 Y118.248 E64.07527
G1 X54.152 Y118.248 E64.20696
G1 X54.152 Y49.898 E67.49436
G1 X54.102 Y49.769 E67.50101
G1 X53.959 Y49.705 E67.50855
G1 X26.585 Y49.705 E68.82514
G1 X26.585 Y37.41 E69.41649
G1 X65.904 Y37.41 E71.3076
G1 X65.904 Y108.396 E74.72178
G1 X65.949 Y108.52 E74.72812
G1 X66.096 Y108.589 E74.73593
G1 X69.323 Y108.589 E74.89114
G1 X69.41 Y108.553 E74.89567
G1 X69.508 Y108.165 F7800
G1 E72.89567 F2400
G92 E0
G1 X70.548 Y38.391 F7800
G1 E2 F2400
;TYPE:Solid infill
;WIDTH:0.404381
G1 F1200
G1 X70.477 Y38.372 E2.00312
G1 X70.496 Y38.443 E2.00624
G1 X70.537 Y38.432 E2.00804
;WIDTH:0.45
G1 X70.887 Y38.47 E2.02497
G1 X70.576 Y38.781 E2.04612
G1 X70.441 Y38.959 E2.05686
;WIDTH:0.404381
G1 X70.4 Y38.97 E2.05866
G1 X70.381 Y38.899 E2.06178
G1 X70.452 Y38.918 E2.0649
;WIDTH:0.45
G1 X70.576 Y39.327 E2.08546
G1 X71.432 Y38.47 E2.14372
G1 X71.978 Y38.47 E2.16998
G1 X70.576 Y39.872 E2.26534
G1 X70.576 Y40.418 E2.2916
G1 X72.523 Y38.47 E2.42407
G1 X73.069 Y38.47 E2.45033
G1 X70.576 Y40.963 E2.6199
G1 X70.576 Y41.508 E2.64611
G1 X73.614 Y38.47 E2.85275
G1 X74.159 Y38.47 E2.87896
G1 X70.575 Y42.054 E3.12274
G1 X70.575 Y42.599 E3.14895
G1 X74.705 Y38.47 E3.42983
G1 X75.25 Y38.47 E3.45604
G1 X70.575 Y43.145 E3.77403
G1 X70.575 Y43.69 E3.80024
G1 X75.795 Y38.47 E4.1553
G1 X76.341 Y38.47 E4.18156
G1 X70.575 Y44.236 E4.57376
G1 X70.575 Y44.781 E4.59997
G1 X76.886 Y38.47 E5.02924
G1 X77.431 Y38.47 E5.05545
G1 X70.575 Y45.326 E5.52179
G1 X70.575 Y45.872 E5.54805
G1 X77.977 Y38.47 E6.05152
G1 X78.522 Y38.47 E6.07773
G1 X70.575 Y46.417 E6.61828
G1 X70.575 Y46.963 E6.64454
G1 X79.067 Y38.47 E7.22219
G1 X79.613 Y38.47 E7.24845
G1 X70.575 Y47.508 E7.8632
G1 X70.575 Y48.053 E7.88941
G1 X80.158 Y38.47 E8.54123
G1 X80.703 Y38.47 E8.56744
G1 X70.575 Y48.599 E9.25637
G1 X70.575 Y49.144 E9.28258
G1 X81.249 Y38.47 E10.00861
G1 X81.794 Y38.47 E10.03482
G1 X70.575 Y49.69 E10.79796
G1 X70.575 Y50.235 E10.82417
G1 X82.339 Y38.47 E11.62438
G1 X82.885 Y38.47 E11.65064
G1 X70.574 Y50.78 E12.48798
G1 X70.574 Y51.326 E12.51424
G1 X83.43 Y38.47 E13.38869
G1 X83.975 Y38.47 E13.4149
G1 X70.574 Y51.871 E14.32642
G1 X70.574 Y52.417 E14.35268
G1 X84.521 Y38.47 E15.30134
G1 X85.066 Y38.47 E15.32755
G1 X70.574 Y52.962 E16.31328
G1 X70.574 Y53.508 E16.33954
G1 X85.612 Y38.47 E17.36241
G1 X86.157 Y38.47 E17.38862
G1 X70.574 Y54.053 E18.44856
G1 X70.574 Y54.598 E18.47477
G1 X86.702 Y38.47 E19.57178
G1 X87.248 Y38.47 E19.59804
G1 X70.574 Y55.144 E20.73218
G1 X70.574 Y55.689 E20.75839
G1 X87.793 Y38.47 E21.92961
G1 X88.338 Y38.47 E21.95582
G1 X70.574 Y56.235 E23.16414
G1 X70.574 Y56.78 E23.19035
G1 X88.884 Y38.47 E24.43577
G1 X89.429 Y38.47 E24.46198
G1 X70.574 Y57.325 E25.74447
G1 X70.574 Y57.871 E25.77073
G1 X89.974 Y38.47 E27.09033
G1 X90.52 Y38.47 E27.11659
G1 X70.574 Y58.416 E28.47329
G1 X70.502 Y59.223 F7800
;WIDTH:0.404381
G1 F1200
G1 X70.43 Y59.204 E28.47645
G1 X70.449 Y59.275 E28.47957
G1 X70.491 Y59.264 E28.48141
;WIDTH:0.45
G1 X70.573 Y58.962 E28.49646
G1 X91.065 Y38.47 E29.8903
G1 X91.61 Y38.47 E29.91651
G1 X81.433 Y48.647 E30.60874
G1 X81.202 Y48.78 E30.62156
;WIDTH:0.404381
G1 X81.131 Y48.761 E30.62468
G1 X81.15 Y48.832 E30.6278
G1 X81.191 Y48.821 E30.6296
G1 X81.982 Y48.644 F7800
;WIDTH:0.45
G1 F1200
G1 X92.156 Y38.47 E31.32162
G1 X92.701 Y38.47 E31.34783
G1 X82.527 Y48.644 E32.03985
G1 X83.072 Y48.644 E32.06606
G1 X93.246 Y38.47 E32.75808
G1 X93.792 Y38.47 E32.78434
G1 X83.618 Y48.644 E33.47636
G1 X84.163 Y48.644 E33.50257
G1 X94.337 Y38.47 E34.19459
G1 X94.882 Y38.47 E34.2208
G1 X84.708 Y48.644 E34.91282
G1 X85.254 Y48.644 E34.93908
G1 X95.428 Y38.47 E35.6311
G1 X95.973 Y38.47 E35.65731
G1 X85.799 Y48.644 E36.34933
G1 X86.344 Y48.644 E36.37554
G1 X96.518 Y38.47 E37.06756
G1 X97.064 Y38.47 E37.09382
G1 X86.89 Y48.644 E37.78584
G1 X87.435 Y48.644 E37.81205
G1 X97.609 Y38.47 E38.50407
G1 X98.155 Y38.47 E38.53033
G1 X87.98 Y48.644 E39.22239
G1 X88.526 Y48.644 E39.24865
G1 X98.7 Y38.47 E39.94067
G1 X99.245 Y38.47 E39.96688
G1 X89.071 Y48.644 E40.6589
G1 X89.616 Y48.644 E40.68511
G1 X99.791 Y38.47 E41.37717
G1 X100.336 Y38.47 E41.40338
G1 X90.162 Y48.644 E42.0954
G1 X90.707 Y48.644 E42.12161
G1 X100.881 Y38.47 E42.81363
G1 X101.427 Y38.47 E42.83989
G1 X91.252 Y48.644 E43.53195
G1 X91.798 Y48.644 E43.55821
G1 X101.972 Y38.47 E44.25023
G1 X102.517 Y38.47 E44.27644
G1 X92.343 Y48.644 E44.96846
G1 X92.889 Y48.644 E44.99472
G1 X103.063 Y38.47 E45.68674
G1 X103.608 Y38.47 E45.71295
G1 X93.434 Y48.644 E46.40497
G1 X93.979 Y48.644 E46.43118
G1 X104.153 Y38.47 E47.1232
G1 X104.699 Y38.47 E47.14946
G1 X94.525 Y48.644 E47.84148
G1 X95.07 Y48.644 E47.86769
G1 X105.244 Y38.47 E48.55971
G1 X105.789 Y38.47 E48.58592
G1 X95.615 Y48.644 E49.27794
G1 X96.161 Y48.644 E49.3042
G1 X106.335 Y38.47 E49.99622
G1 X106.88 Y38.47 E50.02243
G1 X96.706 Y48.644 E50.71445
G1 X97.251 Y48.644 E50.74066
G1 X107.425 Y38.47 E51.43268
G1 X107.903 Y38.371 E51.45616
;WIDTH:0.404381
G1 X107.832 Y38.352 E51.45928
G1 X107.851 Y38.423 E51.4624
G1 X107.892 Y38.412 E51.4642
;WIDTH:0.45
G1 X107.774 Y38.667 E51.47771
G1 X97.797 Y48.644 E52.15633
G1 X98.342 Y48.644 E52.18254
G1 X107.774 Y39.212 E52.82409
G1 X107.774 Y39.758 E52.85035
G1 X98.887 Y48.644 E53.4548
G1 X99.433 Y48.644 E53.48106
G1 X107.774 Y40.303 E54.0484
G1 X107.774 Y40.848 E54.07461
G1 X99.978 Y48.644 E54.60488
G1 X100.523 Y48.644 E54.63109
G1 X107.774 Y41.394 E55.12426
G1 X107.774 Y41.939 E55.15047
G1 X101.069 Y48.644 E55.60654
G1 X101.614 Y48.644 E55.63275
G1 X107.774 Y42.484 E56.05175
G1 X107.774 Y43.03 E56.07801
G1 X102.159 Y48.644 E56.4599
G1 X102.705 Y48.644 E56.48616
G1 X107.774 Y43.575 E56.83095
G1 X107.774 Y44.12 E56.85716
G1 X103.25 Y48.644 E57.16488
G1 X103.795 Y48.644 E57.19109
G1 X107.774 Y44.666 E57.4617
G1 X107.774 Y45.211 E57.48791
G1 X104.341 Y48.644 E57.72142
G1 X104.886 Y48.644 E57.74763
G1 X107.774 Y45.756 E57.94407
G1 X107.774 Y46.302 E57.97033
G1 X105.432 Y48.644 E58.12963
G1 X105.977 Y48.644 E58.15584
G1 X107.774 Y46.847 E58.27807
G1 X107.774 Y48.644 E58.3645
G1 X106.522 Y48.644 E58.42472
G1 X107.638 Y47.529 E58.50059
G1 E56.50059 F2400
G92 E0
G1 X80.387 Y49.586 F7800
G1 E2 F2400
;WIDTH:0.404381
G1 F1200
G1 X80.316 Y49.567 E2.00312
G1 X80.335 Y49.638 E2.00624
G1 X80.376 Y49.627 E2.00804
;WIDTH:0.45
G1 X80.211 Y49.87 E2.02217
G1 X70.573 Y59.507 E2.6777
G1 X70.573 Y60.053 E2.70396
G1 X80.208 Y50.418 E3.35932
G1 X80.208 Y50.963 E3.38553
G1 X70.573 Y60.598 E4.04089
G1 X70.573 Y61.143 E4.0671
G1 X80.208 Y51.508 E4.72246
G1 X80.208 Y52.054 E4.74872
G1 X70.573 Y61.689 E5.40408
G1 X70.573 Y62.234 E5.43029
G1 X80.208 Y52.599 E6.08565
G1 X80.208 Y53.145 E6.11191
G1 X70.573 Y62.78 E6.76727
G1 X70.573 Y63.325 E6.79348
G1 X80.208 Y53.69 E7.44884
G1 X80.208 Y54.235 E7.47505
G1 X70.573 Y63.87 E8.13041
G1 X70.573 Y64.416 E8.15667
G1 X80.208 Y54.781 E8.81203
G1 X80.208 Y55.326 E8.83824
G1 X70.573 Y64.961 E9.4936
G1 X70.573 Y65.507 E9.51986
G1 X80.208 Y55.871 E10.17525
G1 X80.208 Y56.417 E10.20151
G1 X70.573 Y66.052 E10.85687
G1 X70.573 Y66.597 E10.88308
G1 X80.208 Y56.962 E11.53844
G1 X80.208 Y57.507 E11.56465
G1 X70.572 Y67.143 E12.22008
G1 X70.572 Y67.688 E12.24629
G1 X80.208 Y58.053 E12.90168
G1 X80.208 Y58.598 E12.92789
G1 X70.572 Y68.234 E13.58332
G1 X70.572 Y68.779 E13.60953
G1 X80.208 Y59.143 E14.26496
G1 X80.208 Y59.689 E14.29122
G1 X70.572 Y69.325 E14.94665
G1 X70.572 Y69.87 E14.97286
G1 X80.208 Y60.234 E15.62829
G1 X80.208 Y60.779 E15.6545
G1 X70.572 Y70.415 E16.30993
G1 X70.572 Y70.961 E16.33619
G1 X80.208 Y61.325 E16.99162
G1 X80.208 Y61.87 E17.01783
G1 X70.572 Y71.506 E17.67326
G1 X70.572 Y72.052 E17.69952
G1 X80.208 Y62.415 E18.35498
G1 X80.208 Y62.961 E18.38124
G1 X70.572 Y72.597 E19.03667
G1 X70.572 Y73.142 E19.06288
G1 X80.208 Y63.506 E19.71831
G1 X80.208 Y64.051 E19.74452
G1 X70.572 Y73.688 E20.39998
G1 X70.572 Y74.233 E20.42619
G1 X80.208 Y64.597 E21.08162
G1 X80.208 Y65.142 E21.10783
G1 X70.572 Y74.779 E21.76329
G1 X70.571 Y75.324 E21.7895
G1 X80.208 Y65.687 E22.445
G1 X80.208 Y66.233 E22.47126
G1 X70.571 Y75.87 E23.12676
G1 X70.571 Y76.415 E23.15297
G1 X80.208 Y66.778 E23.80847
G1 X80.208 Y67.324 E23.83473
G1 X70.571 Y76.96 E24.49019
G1 X70.571 Y77.506 E24.51645
G1 X80.208 Y67.869 E25.17195
G1 X80.208 Y68.414 E25.19816
G1 X70.571 Y78.051 E25.85366
G1 X70.571 Y78.597 E25.87992
G1 X80.208 Y68.96 E26.53542
G1 X80.208 Y69.505 E26.56163
G1 X70.571 Y79.142 E27.21713
G1 X70.571 Y79.687 E27.24334
G1 X80.208 Y70.05 E27.89884
G1 X80.208 Y70.596 E27.9251
G1 X70.571 Y80.233 E28.5806
G1 X70.571 Y80.778 E28.60681
G1 X80.208 Y71.141 E29.26231
G1 X80.208 Y71.686 E29.28852
G1 X70.571 Y81.324 E29.94405
G1 X70.571 Y81.869 E29.97026
G1 X80.208 Y72.232 E30.62576
G1 X80.208 Y72.777 E30.65197
G1 X70.571 Y82.414 E31.30747
G1 X70.571 Y82.96 E31.33373
G1 X80.208 Y73.322 E31.98926
G1 X80.208 Y73.868 E32.01552
G1 X70.57 Y83.505 E32.67105
G1 X70.57 Y84.051 E32.69731
G1 X80.208 Y74.413 E33.35287
G1 X80.208 Y74.958 E33.37908
G1 X70.57 Y84.596 E34.03464
G1 X70.57 Y85.142 E34.0609
G1 X80.208 Y75.504 E34.71646
G1 X80.208 Y76.049 E34.74267
G1 X70.57 Y85.687 E35.39823
G1 X70.57 Y86.232 E35.42444
G1 X80.208 Y76.594 E36.08
G1 X80.208 Y77.14 E36.10626
G1 X70.57 Y86.778 E36.76182
G1 X70.57 Y87.323 E36.78803
G1 X80.208 Y77.685 E37.44359
G1 X80.208 Y78.23 E37.4698
G1 X70.57 Y87.869 E38.1254
G1 X70.57 Y88.414 E38.15161
G1 X80.208 Y78.776 E38.80717
G1 X80.208 Y79.321 E38.83338
G1 X70.57 Y88.959 E39.48894
G1 X70.57 Y89.505 E39.5152
G1 X80.208 Y79.867 E40.17076
G1 X80.208 Y80.412 E40.19697
G1 X70.57 Y90.05 E40.85253
G1 X70.57 Y90.596 E40.87879
G1 X80.208 Y80.957 E41.53439
G1 X80.208 Y81.503 E41.56065
G1 X70.57 Y91.141 E42.21621
G1 X70.57 Y91.686 E42.24242
G1 X80.208 Y82.048 E42.89798
G1 X80.208 Y82.593 E42.92419
G1 X70.569 Y92.232 E43.57982
G1 X70.569 Y92.777 E43.60603
G1 X80.208 Y83.139 E44.26163
G1 X80.208 Y83.684 E44.28784
G1 X70.569 Y93.323 E44.94347
G1 X70.569 Y93.868 E44.96968
G1 X80.208 Y84.229 E45.62531
G1 X80.208 Y84.775 E45.65157
G1 X70.569 Y94.414 E46.3072
G1 X70.569 Y94.959 E46.33341
G1 X80.208 Y85.32 E46.98904
G1 X80.208 Y85.865 E47.01525
G1 X70.569 Y95.504 E47.67088
G1 X70.569 Y96.05 E47.69714
G1 X80.208 Y86.411 E48.35277
G1 X80.208 Y86.956 E48.37898
G1 X70.569 Y96.595 E49.03461
G1 X70.569 Y97.141 E49.06087
G1 X80.208 Y87.501 E49.71654
G1 X80.208 Y88.047 E49.7428
G1 X70.569 Y97.686 E50.39843
G1 X70.569 Y98.231 E50.42464
G1 X80.208 Y88.592 E51.08027
G1 X80.208 Y89.137 E51.10648
G1 X70.569 Y98.777 E51.76215
G1 X70.569 Y99.322 E51.78836
G1 X80.208 Y89.683 E52.44399
G1 X80.208 Y90.228 E52.4702
G1 X70.569 Y99.868 E53.12587
G1 X70.568 Y100.413 E53.15208
G1 X80.208 Y90.773 E53.80778
G1 X80.208 Y91.319 E53.83404
G1 X70.568 Y100.959 E54.48974
G1 X70.568 Y101.504 E54.51595
G1 X80.208 Y91.864 E55.17165
G1 X80.208 Y92.41 E55.19791
G1 X70.568 Y102.049 E55.85358
G1 X70.568 Y102.595 E55.87984
G1 X80.208 Y92.955 E56.53554
G1 X80.208 Y93.5 E56.56175
G1 X70.568 Y103.14 E57.21745
G1 X70.568 Y103.686 E57.24371
G1 X80.208 Y94.046 E57.89941
G1 X80.208 Y94.591 E57.92562
G1 X70.568 Y104.231 E58.58132
G1 X70.568 Y104.776 E58.60753
G1 X80.208 Y95.136 E59.26323
G1 X80.208 Y95.682 E59.28949
G1 X70.568 Y105.322 E59.94519
G1 X70.568 Y105.867 E59.9714
G1 X80.208 Y96.227 E60.6271
G1 X80.208 Y96.772 E60.65331
G1 X70.568 Y106.413 E61.30904
G1 X70.568 Y106.958 E61.33525
G1 X80.208 Y97.318 E61.99095
G1 X80.208 Y97.863 E62.01716
G1 X70.568 Y107.503 E62.67286
G1 X70.568 Y108.049 E62.69912
G1 X80.208 Y98.408 E63.35485
G1 E61.35485 F2400
G92 E0
G1 X27.734 Y38.559 F7800
G1 E2 F2400
;WIDTH:0.543559
G1 F1200
G1 X27.676 Y38.575 E2.0036
G1 X27.634 Y38.532 E2.00719
G1 X27.649 Y38.475 E2.01071
G1 X27.707 Y38.459 E2.01431
G1 X27.75 Y38.501 E2.0179
;WIDTH:0.45
G1 X28.35 Y38.47 E2.0468
G1 X27.645 Y39.175 E2.09475
G1 X27.645 Y39.721 E2.12101
G1 X28.895 Y38.47 E2.20607
G1 X29.441 Y38.47 E2.23233
G1 X27.645 Y40.266 E2.35449
G1 X27.645 Y40.811 E2.3807
G1 X29.986 Y38.47 E2.53993
G1 X30.531 Y38.47 E2.56614
G1 X27.645 Y41.357 E2.76248
G1 X27.645 Y41.902 E2.78869
G1 X31.077 Y38.47 E3.02213
G1 X31.622 Y38.47 E3.04834
G1 X27.645 Y42.447 E3.31885
G1 X27.645 Y42.993 E3.34511
G1 X32.167 Y38.47 E3.65272
G1 X32.713 Y38.47 E3.67898
G1 X27.645 Y43.538 E4.0237
G1 X27.645 Y44.083 E4.04991
G1 X33.258 Y38.47 E4.4317
G1 X33.803 Y38.47 E4.45791
G1 X27.645 Y44.629 E4.8768
G1 X27.645 Y45.174 E4.90301
G1 X34.349 Y38.47 E5.35901
G1 X34.894 Y38.47 E5.38522
G1 X27.645 Y45.719 E5.87829
G1 X27.645 Y46.265 E5.90455
G1 X35.44 Y38.47 E6.43476
G1 X35.985 Y38.47 E6.46097
G1 X27.645 Y46.81 E7.02825
G1 X27.645 Y47.355 E7.05446
G1 X36.53 Y38.47 E7.65881
G1 X37.076 Y38.47 E7.68507
G1 X27.645 Y47.901 E8.32655
G1 X27.588 Y48.762 F7800
;WIDTH:0.404381
G1 F1200
G1 X27.546 Y48.773 E8.32839
G1 X27.527 Y48.702 E8.33151
G1 X27.599 Y48.721 E8.33467
;WIDTH:0.45
G1 X27.645 Y48.446 E8.34808
G1 X37.621 Y38.47 E9.02664
G1 X38.166 Y38.47 E9.05285
G1 X27.992 Y48.644 E9.74487
G1 X28.537 Y48.644 E9.77108
G1 X38.712 Y38.47 E10.46314
G1 X39.257 Y38.47 E10.48935
G1 X29.083 Y48.644 E11.18137
G1 X29.628 Y48.644 E11.20758
G1 X39.802 Y38.47 E11.8996
G1 X40.348 Y38.47 E11.92586
G1 X30.174 Y48.644 E12.61788
G1 X30.719 Y48.644 E12.64409
G1 X40.893 Y38.47 E13.33611
G1 X41.438 Y38.47 E13.36232
G1 X31.264 Y48.644 E14.05434
G1 X31.81 Y48.644 E14.0806
G1 X41.984 Y38.47 E14.77262
G1 X42.529 Y38.47 E14.79883
G1 X32.355 Y48.644 E15.49085
G1 X32.9 Y48.644 E15.51706
G1 X43.074 Y38.47 E16.20908
G1 X43.62 Y38.47 E16.23534
G1 X33.446 Y48.644 E16.92736
G1 X33.991 Y48.644 E16.95357
G1 X44.165 Y38.47 E17.64559
G1 X44.71 Y38.47 E17.6718
G1 X34.536 Y48.644 E18.36382
G1 X35.082 Y48.644 E18.39008
G1 X45.256 Y38.47 E19.0821
G1 X45.801 Y38.47 E19.10831
G1 X35.627 Y48.644 E19.80033
G1 X36.172 Y48.644 E19.82654
G1 X46.346 Y38.47 E20.51856
G1 X46.892 Y38.47 E20.54482
G1 X36.718 Y48.644 E21.23684
G1 X37.263 Y48.644 E21.26305
G1 X47.437 Y38.47 E21.95507
G1 X47.983 Y38.47 E21.98133
G1 X37.808 Y48.644 E22.67339
G1 X38.354 Y48.644 E22.69965
G1 X48.528 Y38.47 E23.39167
G1 X49.073 Y38.47 E23.41788
G1 X38.899 Y48.644 E24.1099
G1 X39.444 Y48.644 E24.13611
G1 X49.619 Y38.47 E24.82817
G1 X50.164 Y38.47 E24.85438
G1 X39.99 Y48.644 E25.5464
G1 X40.535 Y48.644 E25.57261
G1 X50.709 Y38.47 E26.26463
G1 X51.255 Y38.47 E26.29089
G1 X41.08 Y48.644 E26.98295
G1 X41.626 Y48.644 E27.00921
G1 X51.8 Y38.47 E27.70123
G1 X52.345 Y38.47 E27.72744
G1 X42.171 Y48.644 E28.41946
G1 X42.717 Y48.644 E28.44572
G1 X52.891 Y38.47 E29.13774
G1 X53.436 Y38.47 E29.16395
G1 X43.262 Y48.644 E29.85597
G1 X43.807 Y48.644 E29.88218
G1 X53.981 Y38.47 E30.5742
G1 X54.527 Y38.47 E30.60046
G1 X44.353 Y48.644 E31.29248
G1 X44.898 Y48.644 E31.31869
G1 X55.072 Y38.47 E32.01071
G1 X55.617 Y38.47 E32.03692
G1 X45.443 Y48.644 E32.72894
G1 X45.989 Y48.644 E32.7552
G1 X56.163 Y38.47 E33.44722
G1 X56.708 Y38.47 E33.47343
G1 X46.534 Y48.644 E34.16545
G1 X47.079 Y48.644 E34.19166
G1 X57.253 Y38.47 E34.88368
G1 X57.799 Y38.47 E34.90994
G1 X47.625 Y48.644 E35.60196
G1 X48.17 Y48.644 E35.62817
G1 X58.344 Y38.47 E36.32019
G1 X58.889 Y38.47 E36.3464
G1 X48.715 Y48.644 E37.03842
G1 X49.261 Y48.644 E37.06468
G1 X59.435 Y38.47 E37.7567
G1 X59.98 Y38.47 E37.78291
G1 X49.806 Y48.644 E38.47493
G1 X50.351 Y48.644 E38.50114
G1 X60.526 Y38.47 E39.1932
G1 X61.071 Y38.47 E39.21941
G1 X50.897 Y48.644 E39.91143
G1 X51.442 Y48.644 E39.93764
G1 X61.616 Y38.47 E40.62966
G1 X62.162 Y38.47 E40.65592
G1 X51.987 Y48.644 E41.34798
G1 X52.533 Y48.644 E41.37424
G1 X62.707 Y38.47 E42.06626
G1 X63.252 Y38.47 E42.09247
G1 X53.078 Y48.644 E42.78449
G1 X53.623 Y48.644 E42.8107
G1 X63.798 Y38.47 E43.50276
G1 X64.343 Y38.47 E43.52897
G1 X54.146 Y48.667 E44.22256
G1 X54.561 Y48.798 E44.24349
G1 X64.843 Y38.515 E44.94289
G1 X64.843 Y39.061 E44.96915
G1 X54.864 Y49.04 E45.64791
G1 X55.086 Y49.363 E45.66676
G1 X64.843 Y39.606 E46.33042
G1 X64.843 Y40.151 E46.35663
G1 X55.2 Y49.795 E47.01257
G1 X55.212 Y50.328 E47.03821
G1 X64.843 Y40.697 E47.6933
G1 X64.843 Y41.242 E47.71951
G1 X55.212 Y50.873 E48.3746
G1 X55.212 Y51.419 E48.40086
G1 X64.843 Y41.787 E49.05598
G1 X64.843 Y42.333 E49.08224
G1 X55.212 Y51.964 E49.73733
G1 X55.212 Y52.509 E49.76354
G1 X64.843 Y42.878 E50.41863
G1 X64.843 Y43.424 E50.44489
G1 X55.212 Y53.055 E51.09998
G1 X55.212 Y53.6 E51.12619
G1 X64.843 Y43.969 E51.78128
G1 X64.843 Y44.514 E51.80749
G1 X55.212 Y54.145 E52.46258
G1 X55.212 Y54.691 E52.48884
G1 X64.843 Y45.06 E53.14393
G1 X64.843 Y45.605 E53.17014
G1 X55.212 Y55.236 E53.82523
G1 X55.212 Y55.781 E53.85144
G1 X64.843 Y46.15 E54.50653
G1 X64.843 Y46.696 E54.53279
G1 X55.212 Y56.327 E55.18788
G1 X55.212 Y56.872 E55.21409
G1 X64.843 Y47.241 E55.86918
G1 X64.843 Y47.786 E55.89539
G1 X55.212 Y57.417 E56.55048
G1 X55.212 Y57.963 E56.57674
G1 X64.843 Y48.332 E57.23183
G1 X64.843 Y48.877 E57.25804
G1 X55.212 Y58.508 E57.91313
G1 X55.212 Y59.053 E57.93934
G1 X64.843 Y49.422 E58.59443
G1 X64.843 Y49.968 E58.62069
G1 X55.212 Y59.599 E59.27578
G1 X55.212 Y60.144 E59.30199
G1 X64.843 Y50.513 E59.95708
G1 X64.843 Y51.058 E59.98329
G1 X55.212 Y60.69 E60.63841
G1 X55.212 Y61.235 E60.66462
G1 X64.843 Y51.604 E61.31971
G1 X64.843 Y52.149 E61.34592
G1 X55.212 Y61.78 E62.00101
G1 X55.212 Y62.326 E62.02727
G1 X64.843 Y52.694 E62.68239
G1 X64.843 Y53.24 E62.70865
G1 X55.212 Y62.871 E63.36374
G1 X55.212 Y63.416 E63.38995
G1 X64.843 Y53.785 E64.04504
G1 X64.843 Y54.33 E64.07125
G1 X55.212 Y63.962 E64.72637
G1 X55.212 Y64.507 E64.75258
G1 X64.843 Y54.876 E65.40767
G1 X64.843 Y55.421 E65.43388
G1 X55.212 Y65.052 E66.08897
G1 X55.212 Y65.598 E66.11523
G1 X64.843 Y55.967 E66.77032
G1 X64.843 Y56.512 E66.79653
G1 X55.212 Y66.143 E67.45162
G1 X55.212 Y66.688 E67.47783
G1 X64.843 Y57.057 E68.13292
G1 X64.843 Y57.603 E68.15918
G1 X55.212 Y67.234 E68.81427
G1 X55.212 Y67.779 E68.84048
G1 X64.843 Y58.148 E69.49557
G1 X64.843 Y58.693 E69.52178
G1 X55.212 Y68.324 E70.17687
G1 X55.212 Y68.87 E70.20313
G1 X64.843 Y59.239 E70.85822
G1 X64.843 Y59.784 E70.88443
G1 X55.212 Y69.415 E71.53952
G1 X55.212 Y69.96 E71.56573
G1 X64.843 Y60.329 E72.22082
G1 X64.843 Y60.875 E72.24708
G1 X55.212 Y70.506 E72.90217
G1 X55.212 Y71.051 E72.92838
G1 X64.843 Y61.42 E73.58347
G1 X64.843 Y61.965 E73.60968
G1 X55.212 Y71.596 E74.26477
G1 X55.212 Y72.142 E74.29103
G1 X64.843 Y62.511 E74.94612
G1 X64.843 Y63.056 E74.97233
G1 X55.212 Y72.687 E75.62742
G1 X55.212 Y73.232 E75.65363
G1 X64.843 Y63.601 E76.30872
G1 X64.843 Y64.147 E76.33498
G1 X55.212 Y73.778 E76.99007
G1 X55.212 Y74.323 E77.01628
G1 X64.843 Y64.692 E77.67137
G1 X64.843 Y65.237 E77.69758
G1 X55.212 Y74.869 E78.3527
G1 X55.212 Y75.414 E78.37891
G1 X64.843 Y65.783 E79.034
G1 X64.843 Y66.328 E79.06021
G1 X55.212 Y75.959 E79.7153
G1 X55.212 Y76.505 E79.74156
G1 X64.843 Y66.873 E80.39668
G1 X64.843 Y67.419 E80.42294
G1 X55.212 Y77.05 E81.07803
G1 X55.212 Y77.595 E81.10424
G1 X64.843 Y67.964 E81.75933
G1 X64.843 Y68.509 E81.78554
G1 X55.212 Y78.141 E82.44066
G1 X55.212 Y78.686 E82.46687
G1 X64.843 Y69.055 E83.12196
G1 X64.843 Y69.6 E83.14817
G1 X55.212 Y79.231 E83.80326
G1 X55.212 Y79.777 E83.82952
G1 X64.843 Y70.146 E84.48461
G1 X64.843 Y70.691 E84.51082
G1 X55.212 Y80.322 E85.16591
G1 X55.212 Y80.867 E85.19212
G1 X64.843 Y71.236 E85.84721
G1 X64.843 Y71.782 E85.87347
G1 X55.212 Y81.413 E86.52856
G1 X55.212 Y81.958 E86.55477
G1 X64.843 Y72.327 E87.20986
G1 X64.843 Y72.872 E87.23607
G1 X55.212 Y82.503 E87.89116
G1 X55.212 Y83.049 E87.91742
G1 X64.843 Y73.418 E88.57251
G1 X64.843 Y73.963 E88.59872
G1 X55.212 Y83.594 E89.25381
G1 X55.212 Y84.139 E89.28002
G1 X64.843 Y74.508 E89.93511
G1 X64.843 Y75.054 E89.96137
G1 X55.212 Y84.685 E90.61646
G1 X55.212 Y85.23 E90.64267
G1 X64.843 Y75.599 E91.29776
G1 X64.843 Y76.144 E91.32397
G1 X55.212 Y85.775 E91.97906
G1 X55.212 Y86.321 E92.00532
G1 X64.843 Y76.69 E92.66041
G1 X64.843 Y77.235 E92.68662
G1 X55.212 Y86.866 E93.34171
G1 X55.212 Y87.412 E93.36797
G1 X64.843 Y77.78 E94.02309
G1 X64.843 Y78.326 E94.04935
G1 X55.212 Y87.957 E94.70444
G1 X55.212 Y88.502 E94.73065
G1 X64.843 Y78.871 E95.38574
G1 X64.843 Y79.416 E95.41195
G1 X55.212 Y89.048 E96.06707
G1 X55.212 Y89.593 E96.09328
G1 X64.843 Y79.962 E96.74837
G1 X64.843 Y80.507 E96.77458
G1 X55.212 Y90.138 E97.42967
G1 X55.212 Y90.684 E97.45593
G1 X64.843 Y81.052 E98.11105
G1 X64.843 Y81.598 E98.13731
G1 X55.212 Y91.229 E98.7924
G1 X55.212 Y91.774 E98.81861
G1 X64.843 Y82.143 E99.4737
G1 X64.843 Y82.689 E99.49996
G1 X55.212 Y92.32 E100.15505
G1 X55.212 Y92.865 E100.18126
G1 X64.843 Y83.234 E100.83635
G1 X64.843 Y83.779 E100.86256
G1 X55.212 Y93.41 E101.51765
G1 X55.212 Y93.956 E101.54391
G1 X64.843 Y84.325 E102.199
G1 X64.843 Y84.87 E102.22521
G1 X55.212 Y94.501 E102.8803
G1 X55.212 Y95.046 E102.90651
G1 X64.843 Y85.415 E103.5616
G1 X64.843 Y85.961 E103.58786
G1 X55.212 Y95.592 E104.24295
G1 X55.212 Y96.137 E104.26916
G1 X64.843 Y86.506 E104.92425
G1 X64.843 Y87.051 E104.95046
G1 X55.212 Y96.682 E105.60555
G1 X55.212 Y97.228 E105.63181
G1 X64.843 Y87.597 E106.2869
G1 X64.843 Y88.142 E106.31311
G1 X55.212 Y97.773 E106.9682
G1 X55.212 Y98.318 E106.99441
G1 X64.843 Y88.687 E107.6495
G1 X64.843 Y89.233 E107.67576
G1 X55.212 Y98.864 E108.33085
G1 X55.212 Y99.409 E108.35706
G1 X64.843 Y89.778 E109.01215
G1 X64.843 Y90.323 E109.03836
G1 X55.212 Y99.955 E109.69348
G1 X55.212 Y100.5 E109.71969
G1 X64.843 Y90.869 E110.37478
G1 X64.843 Y91.414 E110.40099
G1 X55.212 Y101.045 E111.05608
G1 X55.212 Y101.591 E111.08234
G1 X64.843 Y91.959 E111.73746
G1 X64.843 Y92.505 E111.76372
G1 X55.212 Y102.136 E112.41881
G1 X55.212 Y102.681 E112.44502
G1 X64.843 Y93.05 E113.10011
G1 X64.843 Y93.595 E113.12632
G1 X55.212 Y103.227 E113.78144
G1 X55.212 Y103.772 E113.80765
G1 X64.843 Y94.141 E114.46274
G1 X64.843 Y94.686 E114.48895
G1 X55.212 Y104.317 E115.14404
G1 X55.212 Y104.863 E115.1703
G1 X64.843 Y95.232 E115.82539
G1 X64.843 Y95.777 E115.8516
G1 X55.212 Y105.408 E116.50669
G1 X55.212 Y105.953 E116.5329
G1 X64.843 Y96.322 E117.18799
G1 X64.843 Y96.868 E117.21425
G1 X55.212 Y106.499 E117.86934
G1 X55.212 Y107.044 E117.89555
G1 X64.843 Y97.413 E118.55064
G1 X64.843 Y97.958 E118.57685
G1 X55.212 Y107.589 E119.23194
G1 X55.212 Y108.135 E119.2582
G1 X64.843 Y98.504 E119.91329
G1 X64.843 Y99.049 E119.9395
G1 X55.212 Y108.68 E120.59459
G1 X55.212 Y109.225 E120.6208
G1 X64.843 Y99.594 E121.27589
G1 X64.843 Y100.14 E121.30215
G1 X55.212 Y109.771 E121.95724
G1 X55.212 Y110.316 E121.98345
G1 X64.843 Y100.685 E122.63854
G1 X64.843 Y101.23 E122.66475
G1 X55.212 Y110.861 E123.31984
G1 X55.212 Y111.407 E123.3461
G1 X64.843 Y101.776 E124.00119
G1 X64.843 Y102.321 E124.0274
G1 X55.212 Y111.952 E124.68249
G1 X55.212 Y112.498 E124.70875
G1 X64.843 Y102.866 E125.36387
G1 X64.843 Y103.412 E125.39013
G1 X55.212 Y113.043 E126.04522
G1 X55.212 Y113.588 E126.07143
G1 X64.843 Y103.957 E126.72652
G1 X64.843 Y104.502 E126.75273
G1 X55.212 Y114.134 E127.40785
G1 X55.212 Y114.679 E127.43406
G1 X64.843 Y105.048 E128.08915
G1 X64.843 Y105.593 E128.11536
G1 X55.212 Y115.224 E128.77045
G1 X55.212 Y115.77 E128.79671
G1 X64.843 Y106.138 E129.45183
G1 X64.843 Y106.684 E129.47809
G1 X55.212 Y116.315 E130.13318
G1 X55.212 Y116.86 E130.15939
G1 X64.843 Y107.229 E130.81448
G1 X64.843 Y107.775 E130.84074
G1 X55.43 Y117.187 E131.48097
G1 X55.169 Y117.26 E131.494
;WIDTH:0.404381
G1 X55.098 Y117.241 E131.49712
G1 X55.117 Y117.312 E131.50024
G1 X55.158 Y117.301 E131.50204
G1 X55.976 Y117.187 F7800
;WIDTH:0.45
G1 F1200
G1 X64.843 Y108.32 E132.10516
G1 X64.912 Y108.797 E132.12834
G1 X56.521 Y117.187 E132.69905
G1 X57.046 Y117.207 E132.72432
G1 X65.103 Y109.151 E133.27231
G1 X65.38 Y109.419 E133.29085
G1 X57.469 Y117.33 E133.82895
G1 X57.78 Y117.564 E133.84767
G1 X65.749 Y109.596 E134.38968
G1 X66.241 Y109.649 E134.41348
G1 X58.01 Y117.88 E134.97334
G1 X58.13 Y118.305 E134.99458
G1 X66.786 Y109.649 E135.58335
G1 X67.331 Y109.649 E135.60956
G1 X58.131 Y118.85 E136.23537
G1 X58.131 Y119.395 E136.26158
G1 X67.877 Y109.649 E136.92449
G1 X68.422 Y109.649 E136.9507
G1 X58.132 Y119.94 E137.65065
G1 X58.132 Y120.485 E137.67686
G1 X68.967 Y109.649 E138.41388
G1 X69.533 Y109.628 E138.44112
G1 X58.132 Y121.03 E139.21664
G1 E137.21664 F2400
G92 E0
G1 X69.806 Y109.464 F7800
G1 E2 F2400
;WIDTH:0.404381
G1 F1200
G1 X70.168 Y109.156 E2.02016
G1 X70.389 Y108.878 E2.03522
;WIDTH:0.45
G1 X70.556 Y108.605 E2.05061
G1 X80.208 Y98.954 E2.70709
G1 X80.351 Y99.256 E2.72316
;WIDTH:0.404381
G1 X80.31 Y99.267 E2.72496
G1 X80.291 Y99.196 E2.72808
G1 X80.362 Y99.215 E2.7312
;WIDTH:0.45
G1 X80.208 Y99.499 E2.74674
G1 X58.133 Y121.575 E4.24829
G1 X58.133 Y122.12 E4.2745
G1 X80.208 Y100.044 E5.77605
G1 X80.208 Y100.59 E5.80231
G1 X58.133 Y122.665 E7.30382
G1 X58.134 Y123.21 E7.33003
G1 X80.208 Y101.135 E8.83151
G1 X80.208 Y101.68 E8.85772
G1 X58.134 Y123.755 E10.3592
G1 X58.134 Y124.3 E10.38541
G1 X80.208 Y102.226 E11.88686
G1 X80.208 Y102.771 E11.91307
G1 X58.135 Y124.845 E13.41448
G1 X58.135 Y125.39 E13.44069
G1 X80.208 Y103.316 E14.9421
G1 X80.208 Y103.862 E14.96836
G1 X58.135 Y125.935 E16.46974
G1 X58.136 Y126.48 E16.49595
G1 X80.208 Y104.407 E17.99729
G1 X80.208 Y104.953 E18.02355
G1 X58.136 Y127.025 E19.52486
G1 X58.136 Y127.57 E19.55107
G1 X80.208 Y105.498 E21.05238
G1 X80.208 Y106.043 E21.07859
G1 X58.137 Y128.115 E22.57987
G1 X58.137 Y128.66 E22.60608
G1 X80.208 Y106.589 E24.10732
G1 X80.208 Y107.134 E24.13353
G1 X58.137 Y129.205 E25.63477
G1 X58.138 Y129.75 E25.66098
G1 X80.208 Y107.679 E27.16219
G1 X80.208 Y108.225 E27.18845
G1 X58.138 Y130.295 E28.68962
G1 X58.138 Y130.84 E28.71583
G1 X80.208 Y108.77 E30.217
G1 X80.208 Y109.315 E30.24321
G1 X58.139 Y131.385 E31.74435
G1 X58.139 Y131.93 E31.77056
G1 X80.208 Y109.861 E33.27167
G1 X80.208 Y110.406 E33.29788
G1 X58.139 Y132.475 E34.79899
G1 X58.14 Y133.02 E34.8252
G1 X80.208 Y110.951 E36.32627
G1 X80.208 Y111.497 E36.35253
G1 X58.14 Y133.565 E37.85357
G1 X58.14 Y134.11 E37.87978
G1 X80.208 Y112.042 E39.38082
G1 X80.208 Y112.587 E39.40703
G1 X58.141 Y134.655 E40.90803
G1 X58.141 Y135.2 E40.93424
G1 X80.208 Y113.133 E42.43521
G1 X80.208 Y113.678 E42.46142
G1 X58.142 Y135.745 E43.96236
G1 X58.142 Y136.29 E43.98857
G1 X80.208 Y114.223 E45.48951
G1 X80.208 Y114.769 E45.51577
G1 X58.142 Y136.835 E47.01667
G1 X58.07 Y137.096 E47.02969
;WIDTH:0.404381
G1 X57.999 Y137.077 E47.03281
G1 X58.018 Y137.148 E47.03593
G1 X58.059 Y137.137 E47.03773
G1 E45.03773 F2400
G92 E0
G1 X77.463 Y117.952 F7800
G1 E2 F2400
G1 F1200
G1 X77.684 Y117.679 E2.01489
G1 X78.033 Y117.387 E2.03419
;WIDTH:0.45
G1 X78.306 Y117.216 E2.04968
G1 X80.208 Y115.314 E2.17905
G1 X80.208 Y115.859 E2.20526
G1 X78.88 Y117.187 E2.29559
G1 X80.054 Y116.585 F7800
;WIDTH:0.486366
G1 F1200
G1 X79.47 Y117.169 E2.33906
G1 X80.19 Y117.169 E2.37696
G1 X80.19 Y116.449 E2.41486
G1 E.41486 F2400
G92 E0
G1 X77.297 Y118.225 F7800
G1 E2 F2400
;WIDTH:0.45
G1 F1200
G1 X58.143 Y137.38 E3.30287
G1 X58.009 Y137.996 E3.33319
;WIDTH:0.404381
G1 X58.001 Y137.864 E3.3388
;WIDTH:0.45
G1 X58.205 Y137.862 E3.34861
G1 X77.289 Y118.778 E4.64668
G1 X77.289 Y119.324 E4.67294
G1 X58.751 Y137.862 E5.93387
G1 X59.296 Y137.862 E5.96008
G1 X77.289 Y119.87 E7.18391
G1 X77.288 Y120.415 E7.21012
G1 X59.841 Y137.862 E8.39684
G1 X60.387 Y137.862 E8.4231
G1 X77.288 Y120.961 E9.57269
G1 X77.287 Y121.507 E9.59895
G1 X60.932 Y137.862 E10.7114
G1 X61.477 Y137.862 E10.73761
G1 X77.287 Y122.052 E11.81299
G1 X77.287 Y122.598 E11.83925
G1 X62.023 Y137.862 E12.87749
G1 X62.568 Y137.862 E12.9037
G1 X77.286 Y123.144 E13.9048
G1 X77.286 Y123.69 E13.93106
G1 X63.113 Y137.862 E14.89506
G1 X63.659 Y137.862 E14.92132
G1 X77.286 Y124.235 E15.84821
G1 X77.285 Y124.781 E15.87447
G1 X64.204 Y137.862 E16.76422
G1 X64.749 Y137.862 E16.79043
G1 X77.285 Y125.327 E17.64308
G1 X77.285 Y125.872 E17.66929
G1 X65.295 Y137.862 E18.48483
G1 X65.84 Y137.862 E18.51104
G1 X77.284 Y126.418 E19.28945
G1 X77.284 Y126.964 E19.31571
G1 X66.385 Y137.862 E20.05701
G1 X66.931 Y137.862 E20.08327
G1 X77.284 Y127.509 E20.78747
G1 X77.283 Y128.055 E20.81373
G1 X67.476 Y137.862 E21.48079
G1 X68.022 Y137.862 E21.50705
G1 X77.283 Y128.601 E22.13697
G1 X77.283 Y129.146 E22.16318
G1 X68.567 Y137.862 E22.75603
G1 X69.112 Y137.862 E22.78224
G1 X77.282 Y129.692 E23.33795
G1 X77.282 Y130.238 E23.36421
G1 X69.658 Y137.862 E23.88279
G1 X70.203 Y137.862 E23.909
G1 X77.282 Y130.784 E24.39047
G1 X77.281 Y131.329 E24.41668
G1 X70.748 Y137.862 E24.86105
G1 X71.294 Y137.862 E24.88731
G1 X77.281 Y131.875 E25.29454
G1 X77.281 Y132.421 E25.3208
G1 X71.839 Y137.862 E25.69092
G1 X72.384 Y137.862 E25.71713
G1 X77.28 Y132.966 E26.05015
G1 X77.28 Y133.512 E26.07641
G1 X72.93 Y137.862 E26.37229
G1 X73.475 Y137.862 E26.3985
G1 X77.28 Y134.058 E26.65728
G1 X77.279 Y134.603 E26.68349
G1 X74.02 Y137.862 E26.90516
G1 X74.566 Y137.862 E26.93142
G1 X77.279 Y135.149 E27.11595
G1 X77.279 Y135.695 E27.14221
G1 X75.111 Y137.862 E27.28964
G1 E25.28964 F2400
G92 E0
G1 X77.142 Y136.377 F7800
G1 E2 F2400
G1 F1200
G1 X75.656 Y137.862 E2.10104
G1 X77.277 Y137.862 E2.179
G1 X77.278 Y136.241 E2.25696
G1 X76.871 Y137.369 F7800
;WIDTH:0.628341
G1 F1200
G1 X76.821 Y137.319 E2.26193
G1 X76.753 Y137.338 E2.2669
G1 X76.735 Y137.406 E2.27185
G1 X76.784 Y137.456 E2.27677
G1 X76.852 Y137.437 E2.28174
G1 E.28174 F2400
G92 E0
G1 X52.699 Y127.399 F7800
G1 E2 F2400
;TYPE:Perimeter
;WIDTH:0.45
G1 X52.699 Y138.151 E2.51713
G1 X27.356 Y138.151 E3.73604
G1 X27.356 Y127.399 E4.25317
G1 X52.639 Y127.399 E5.46919
G1 X53.085 Y127.013 F7800
G1 F2400
G1 X53.085 Y138.537 E6.02345
G1 X26.97 Y138.537 E7.27949
G1 X26.97 Y127.013 E7.83375
G1 X53.025 Y127.013 E9.0869
G1 X53.471 Y126.628 F7800
;TYPE:External perimeter
G1 F1500
G1 X53.471 Y138.923 E9.67825
G1 X26.585 Y138.923 E10.97137
G1 X26.585 Y126.628 E11.56272
G1 X53.411 Y126.628 E12.85296
G1 X53.47 Y127.023 F7800
G1 E10.85296 F2400
G92 E0
G1 X27.75 Y127.719 F7800
G1 E2 F2400
;TYPE:Solid infill
;WIDTH:0.543559
G1 F1200
G1 X27.707 Y127.677 E2.00359
G1 X27.649 Y127.693 E2.00719
G1 X27.634 Y127.75 E2.01071
G1 X27.676 Y127.793 E2.0143
G1 X27.734 Y127.777 E2.0179
G1 X27.521 Y128.53 F7800
;WIDTH:0.404381
G1 F1200
G1 X27.45 Y128.511 E2.02102
G1 X27.469 Y128.582 E2.02414
G1 X27.51 Y128.571 E2.02594
;WIDTH:0.45
G1 X27.645 Y128.393 E2.03668
G1 X28.35 Y127.688 E2.08463
G1 X28.528 Y127.554 E2.09535
;WIDTH:0.404381
G1 X28.487 Y127.565 E2.09715
G1 X28.468 Y127.494 E2.10027
G1 X28.539 Y127.513 E2.10339
;WIDTH:0.45
G1 X28.895 Y127.688 E2.12247
G1 X27.645 Y128.939 E2.20753
G1 X27.645 Y129.484 E2.23374
G1 X29.441 Y127.688 E2.3559
G1 X29.986 Y127.688 E2.38211
G1 X27.645 Y130.029 E2.54134
G1 X27.645 Y130.575 E2.5676
G1 X30.531 Y127.688 E2.76394
G1 X31.077 Y127.688 E2.7902
G1 X27.645 Y131.12 E3.02364
G1 X27.645 Y131.665 E3.04985
G1 X31.622 Y127.688 E3.32036
G1 X32.167 Y127.688 E3.34657
G1 X27.645 Y132.211 E3.65418
G1 X27.645 Y132.756 E3.68039
G1 X32.713 Y127.688 E4.02511
G1 X33.258 Y127.688 E4.05132
G1 X27.645 Y133.301 E4.43311
G1 X27.645 Y133.847 E4.45937
G1 X33.803 Y127.688 E4.87826
G1 X34.349 Y127.688 E4.90452
G1 X27.645 Y134.392 E5.36052
G1 X27.645 Y134.937 E5.38673
G1 X34.894 Y127.688 E5.8798
G1 X35.44 Y127.688 E5.90606
G1 X27.645 Y135.483 E6.43627
G1 X27.645 Y136.028 E6.46248
G1 X35.985 Y127.688 E7.02976
G1 X36.53 Y127.688 E7.05597
G1 X27.645 Y136.573 E7.66032
G1 X27.645 Y137.119 E7.68658
G1 X37.076 Y127.688 E8.32806
G1 X37.621 Y127.688 E8.35427
G1 X27.645 Y137.664 E9.03283
G1 X27.599 Y137.939 E9.04624
;WIDTH:0.404381
G1 X27.527 Y137.92 E9.0494
G1 X27.547 Y137.991 E9.05253
G1 X27.588 Y137.98 E9.05433
;WIDTH:0.45
G1 X27.992 Y137.862 E9.07457
G1 X38.166 Y127.688 E9.76659
G1 X38.712 Y127.688 E9.79285
G1 X28.537 Y137.862 E10.48491
G1 X29.083 Y137.862 E10.51117
G1 X39.257 Y127.688 E11.20319
G1 X39.802 Y127.688 E11.2294
G1 X29.628 Y137.862 E11.92142
G1 X30.174 Y137.862 E11.94768
G1 X40.348 Y127.688 E12.6397
G1 X40.893 Y127.688 E12.66591
G1 X30.719 Y137.862 E13.35793
G1 X31.264 Y137.862 E13.38414
G1 X41.438 Y127.688 E14.07616
G1 X41.984 Y127.688 E14.10242
G1 X31.81 Y137.862 E14.79444
G1 X32.355 Y137.862 E14.82065
G1 X42.529 Y127.688 E15.51267
G1 X43.074 Y127.688 E15.53888
G1 X32.9 Y137.862 E16.2309
G1 X33.446 Y137.862 E16.25716
G1 X43.62 Y127.688 E16.94918
G1 X44.165 Y127.688 E16.97539
G1 X33.991 Y137.862 E17.66741
G1 X34.536 Y137.862 E17.69362
G1 X44.71 Y127.688 E18.38564
G1 X45.256 Y127.688 E18.4119
G1 X35.082 Y137.862 E19.10392
G1 X35.627 Y137.862 E19.13013
G1 X45.801 Y127.688 E19.82215
G1 X46.346 Y127.688 E19.84836
G1 X36.172 Y137.862 E20.54038
G1 X36.718 Y137.862 E20.56664
G1 X46.892 Y127.688 E21.25866
G1 X47.437 Y127.688 E21.28487
G1 X37.263 Y137.862 E21.97689
G1 X37.808 Y137.862 E22.0031
G1 X47.983 Y127.688 E22.69516
G1 X48.528 Y127.688 E22.72137
G1 X38.354 Y137.862 E23.41339
G1 X38.899 Y137.862 E23.4396
G1 X49.073 Y127.688 E24.13162
G1 X49.619 Y127.688 E24.15788
G1 X39.444 Y137.862 E24.84994
G1 X39.99 Y137.862 E24.8762
G1 X50.164 Y127.688 E25.56822
G1 X50.709 Y127.688 E25.59443
G1 X40.535 Y137.862 E26.28645
G1 X41.08 Y137.862 E26.31266
G1 X51.255 Y127.688 E27.00472
G1 X51.8 Y127.688 E27.03093
G1 X41.626 Y137.862 E27.72295
G1 X42.171 Y137.862 E27.74916
G1 X52.345 Y127.688 E28.44118
G1 X52.41 Y128.169 E28.46452
G1 X42.717 Y137.862 E29.12383
G1 X43.262 Y137.862 E29.15004
G1 X52.41 Y128.714 E29.77228
G1 X52.41 Y129.259 E29.79849
G1 X43.807 Y137.862 E30.38366
G1 X44.353 Y137.862 E30.40992
G1 X52.41 Y129.805 E30.95795
G1 X52.41 Y130.35 E30.98416
G1 X44.898 Y137.862 E31.49512
G1 X45.443 Y137.862 E31.52133
G1 X52.41 Y130.895 E31.99522
G1 X52.41 Y131.441 E32.02148
G1 X45.989 Y137.862 E32.45823
G1 X46.534 Y137.862 E32.48444
G1 X52.41 Y131.986 E32.88412
G1 X52.41 Y132.532 E32.91038
G1 X47.079 Y137.862 E33.27295
G1 X47.625 Y137.862 E33.29921
G1 X52.41 Y133.077 E33.62468
G1 X52.41 Y133.622 E33.65089
G1 X48.17 Y137.862 E33.93929
G1 X48.715 Y137.862 E33.9655
G1 X52.41 Y134.168 E34.2168
G1 X52.41 Y134.713 E34.24301
G1 X49.261 Y137.862 E34.4572
G1 X49.806 Y137.862 E34.48341
G1 X52.41 Y135.258 E34.66053
G1 X52.41 Y135.804 E34.68679
G1 X50.351 Y137.862 E34.82681
G1 E32.82681 F2400
G92 E0
G1 X52.274 Y136.485 F7800
G1 E2 F2400
G1 F1200
G1 X50.897 Y137.862 E2.09366
G1 X52.41 Y137.862 E2.16643
G1 X52.41 Y136.349 E2.2392
G1 X52.027 Y137.403 F7800
;WIDTH:0.565243
G1 F1200
G1 X51.983 Y137.359 E2.24309
G1 X51.923 Y137.375 E2.24697
G1 X51.906 Y137.435 E2.25087
G1 X51.951 Y137.48 E2.25485
G1 X52.011 Y137.463 E2.25875
;LAYER_CHANGE
;Z:2.75
;HEIGHT:0.3
G1 E.25875 F2400
G92 E0
G1 Z2.75 F7800
G1 X222.598 Y38.181
G1 E2 F2400
;TYPE:Perimeter
;WIDTH:0.45
G1 X157.406 Y105.944 E6.52256
G1 X157.406 Y49.576 E9.23366
G1 X160.613 Y49.576 E9.38791
G1 X160.902 Y49.484 E9.4025
G1 X161.196 Y49.27 E9.41999
G1 X161.382 Y48.983 E9.43644
G1 X161.456 Y48.612 E9.45464
G1 X161.456 Y38.181 E9.95633
G1 X222.538 Y38.181 E12.89416
G1 X223.03 Y37.795 F7800
G1 F2400
G1 X223.03 Y38.289 E12.91792
G1 X157.5 Y106.403 E17.46392
G1 X157.02 Y106.403 E17.48701
G1 X157.02 Y49.19 E20.23876
G1 X160.572 Y49.19 E20.4096
G1 X160.831 Y49.08 E20.42313
G1 X161.004 Y48.88 E20.43585
G1 X161.07 Y48.612 E20.44912
G1 X161.07 Y37.795 E20.96938
G1 X222.97 Y37.795 E23.94655
G1 X223.416 Y37.41 F7800
;TYPE:External perimeter
G1 F1500
G1 X223.416 Y38.444 E23.99628
G1 X157.664 Y106.789 E28.55769
G1 X156.635 Y106.789 E28.60718
G1 X156.635 Y48.805 E31.39601
G1 X160.492 Y48.805 E31.58152
G1 X160.616 Y48.759 E31.58788
G1 X160.685 Y48.612 E31.59569
G1 X160.685 Y37.41 E32.13447
G1 X223.356 Y37.41 E35.14873
G1 X223.415 Y37.805 F7800
G1 E33.14873 F2400
G92 E0
G1 X181.033 Y81.214 F7800
G1 E2 F2400
;TYPE:Bridge infill
;WIDTH:0.402675
;HEIGHT:0.4
M106 S255
G1 F1500
G1 X157.727 Y104.52 E3.74508
G1 X157.727 Y103.88 E3.77897
G1 X189.86 Y71.747 E6.18499
G1 X206.094 Y54.872 E7.42477
G1 X157.727 Y103.239 E11.04634
G1 X157.727 Y102.599 E11.08023
G1 X221.824 Y38.502 E15.87962
G1 X221.184 Y38.502 E15.91351
G1 X157.727 Y101.959 E20.66498
G1 X157.727 Y101.319 E20.69887
G1 X220.544 Y38.502 E25.40242
G1 X219.904 Y38.502 E25.43631
G1 X157.727 Y100.679 E30.09194
G1 X157.727 Y100.039 E30.12583
G1 X219.263 Y38.502 E34.7335
G1 X218.623 Y38.502 E34.76739
G1 X157.727 Y99.398 E39.3271
G1 X157.727 Y98.758 E39.36099
G1 X217.983 Y38.502 E43.87278
G1 X217.343 Y38.502 E43.90667
G1 X157.727 Y98.118 E48.37054
G1 X157.727 Y97.478 E48.40443
G1 X216.703 Y38.502 E52.82037
G1 X216.062 Y38.502 E52.85431
G1 X157.727 Y96.838 E57.2223
G1 X157.727 Y96.197 E57.25624
G1 X215.422 Y38.502 E61.57627
G1 X214.782 Y38.502 E61.61016
G1 X157.727 Y95.557 E65.88227
G1 X157.727 Y94.917 E65.91616
G1 X214.142 Y38.502 E70.14034
G1 X213.502 Y38.502 E70.17423
G1 X157.727 Y94.277 E74.35049
G1 X157.727 Y93.637 E74.38438
G1 X212.862 Y38.502 E78.51272
G1 X212.221 Y38.502 E78.54666
G1 X157.727 Y92.997 E82.62704
G1 X157.727 Y92.356 E82.66098
G1 X211.581 Y38.502 E86.6934
G1 X210.941 Y38.502 E86.72729
G1 X157.727 Y91.716 E90.71179
G1 X157.727 Y91.076 E90.74568
G1 X210.301 Y38.502 E94.68226
G1 X209.661 Y38.502 E94.71615
G1 X157.727 Y90.436 E98.60481
G1 X157.727 Y89.796 E98.6387
G1 X209.02 Y38.502 E102.4794
G1 X208.38 Y38.502 E102.51329
G1 X157.727 Y89.155 E106.30603
G1 X157.727 Y88.515 E106.33992
G1 X207.74 Y38.502 E110.08474
G1 X207.1 Y38.502 E110.11863
G1 X157.727 Y87.875 E113.81553
G1 X157.727 Y87.235 E113.84942
G1 X206.46 Y38.502 E117.4984
G1 X205.82 Y38.502 E117.53229
G1 X157.727 Y86.595 E121.13335
G1 X157.727 Y85.955 E121.16724
G1 X205.179 Y38.502 E124.72034
G1 X204.539 Y38.502 E124.75423
G1 X157.727 Y85.314 E128.25937
G1 X157.727 Y84.674 E128.29326
G1 X203.899 Y38.502 E131.75048
G1 X203.259 Y38.502 E131.78437
G1 X157.727 Y84.034 E135.19367
G1 X157.727 Y83.394 E135.22756
G1 X202.619 Y38.502 E138.58894
G1 X201.978 Y38.502 E138.62288
G1 X157.727 Y82.754 E141.9363
G1 X157.727 Y82.114 E141.97019
G1 X201.338 Y38.502 E145.23569
G1 X200.698 Y38.502 E145.26958
G1 X157.727 Y81.473 E148.48712
G1 X157.727 Y80.833 E148.52101
G1 X200.058 Y38.502 E151.69063
G1 X199.418 Y38.502 E151.72452
G1 X157.727 Y80.193 E154.84622
G1 X157.727 Y79.553 E154.88011
G1 X198.778 Y38.502 E157.95388
G1 X198.137 Y38.502 E157.98782
G1 X157.727 Y78.913 E161.01364
G1 X157.727 Y78.272 E161.04758
G1 X197.497 Y38.502 E164.02544
G1 X196.857 Y38.502 E164.05933
G1 X157.727 Y77.632 E166.98927
G1 X157.727 Y76.992 E167.02316
G1 X196.217 Y38.502 E169.90517
G1 X195.577 Y38.502 E169.93906
G1 X157.727 Y76.352 E172.77315
G1 X157.727 Y75.712 E172.80704
G1 X194.937 Y38.502 E175.59321
G1 X194.296 Y38.502 E175.62715
G1 X157.727 Y75.072 E178.36536
G1 X157.727 Y74.431 E178.3993
G1 X193.656 Y38.502 E181.08955
G1 X193.016 Y38.502 E181.12344
G1 X157.727 Y73.791 E183.76577
G1 X157.727 Y73.151 E183.79966
G1 X192.376 Y38.502 E186.39407
G1 X191.736 Y38.502 E186.42796
G1 X157.727 Y72.511 E188.97445
G1 X157.727 Y71.871 E189.00834
G1 X191.095 Y38.502 E191.50687
G1 X190.455 Y38.502 E191.54076
G1 X157.727 Y71.23 E193.99133
G1 X157.727 Y70.59 E194.02522
G1 X189.815 Y38.502 E196.42787
G1 X189.175 Y38.502 E196.46176
G1 X157.727 Y69.95 E198.81649
G1 X157.727 Y69.31 E198.85038
G1 X188.535 Y38.502 E201.15719
G1 X187.895 Y38.502 E201.19108
G1 X157.727 Y68.67 E203.44997
G1 X157.727 Y68.03 E203.48386
G1 X187.254 Y38.502 E205.69479
G1 X186.614 Y38.502 E205.72868
G1 X157.727 Y67.389 E207.89165
G1 X157.727 Y66.749 E207.92554
G1 X185.974 Y38.502 E210.04059
G1 X185.334 Y38.502 E210.07448
G1 X157.727 Y66.109 E212.14161
G1 X157.727 Y65.469 E212.1755
G1 X184.694 Y38.502 E214.19471
G1 X184.053 Y38.502 E214.22865
G1 X157.727 Y64.829 E216.1999
G1 X157.727 Y64.188 E216.23384
G1 X183.413 Y38.502 E218.15713
G1 X182.773 Y38.502 E218.19102
G1 X157.727 Y63.548 E220.06639
G1 X157.727 Y62.908 E220.10028
G1 X182.133 Y38.502 E221.92773
G1 X181.493 Y38.502 E221.96162
G1 X157.727 Y62.268 E223.74115
G1 X157.727 Y61.628 E223.77504
G1 X180.853 Y38.502 E225.50664
G1 X180.212 Y38.502 E225.54058
G1 X157.727 Y60.988 E227.22423
G1 X157.727 Y60.347 E227.25817
G1 X179.572 Y38.502 E228.89386
G1 X178.932 Y38.502 E228.92775
G1 X157.727 Y59.707 E230.51552
G1 X157.727 Y59.067 E230.54941
G1 X178.292 Y38.502 E232.08925
G1 X177.652 Y38.502 E232.12314
G1 X157.727 Y58.427 E233.61506
G1 X157.727 Y57.787 E233.64895
G1 X177.012 Y38.502 E235.09295
G1 X176.371 Y38.502 E235.12689
G1 X157.727 Y57.147 E236.52293
G1 X157.727 Y56.506 E236.55687
G1 X175.731 Y38.502 E237.90496
G1 X175.091 Y38.502 E237.93885
G1 X157.727 Y55.866 E239.23901
G1 X157.727 Y55.226 E239.2729
G1 X174.451 Y38.502 E240.52514
G1 X173.811 Y38.502 E240.55903
G1 X157.727 Y54.586 E241.76335
G1 X157.727 Y53.946 E241.79724
G1 X173.17 Y38.502 E242.9536
G1 X172.53 Y38.502 E242.98749
G1 X157.727 Y53.305 E244.09589
G1 X157.727 Y52.665 E244.12978
G1 X160.495 Y49.897 E244.33704
G1 X160.718 Y49.878 E244.34889
G1 X161.04 Y49.776 E244.36677
G1 X161.321 Y49.595 E244.38447
G1 X161.543 Y49.354 E244.40182
G1 X161.699 Y49.056 E244.41963
G1 X161.754 Y48.857 E244.43056
G1 X161.777 Y48.615 E244.44343
G1 X171.89 Y38.502 E245.20066
G1 X171.25 Y38.502 E245.23455
G1 X161.777 Y47.975 E245.94386
G1 X161.777 Y47.335 E245.97775
G1 X170.61 Y38.502 E246.63914
G1 X169.97 Y38.502 E246.67303
G1 X161.777 Y46.695 E247.2865
G1 X161.777 Y46.055 E247.32039
G1 X169.329 Y38.502 E247.8859
G1 X168.689 Y38.502 E247.91979
G1 X161.777 Y45.414 E248.43734
G1 X161.777 Y44.774 E248.47123
G1 X168.049 Y38.502 E248.94086
G1 X167.409 Y38.502 E248.97475
G1 X161.777 Y44.134 E249.39646
G1 X161.777 Y43.494 E249.43035
G1 X166.769 Y38.502 E249.80414
G1 X166.128 Y38.502 E249.83808
G1 X161.777 Y42.854 E250.16391
G1 X161.777 Y42.213 E250.19785
G1 X165.488 Y38.502 E250.47572
G1 X164.848 Y38.502 E250.50961
G1 X161.777 Y41.573 E250.73956
G1 X161.777 Y40.933 E250.77345
G1 X164.208 Y38.502 E250.95548
G1 X163.568 Y38.502 E250.98937
G1 X161.777 Y40.293 E251.12347
G1 X161.777 Y39.653 E251.15736
G1 X162.928 Y38.502 E251.24354
G1 X162.287 Y38.502 E251.27748
G1 X161.575 Y39.215 E251.33083
M107
G1 E249.33083 F2400
G92 E0
G1 X160.057 Y49.695 F7800
G1 E2 F2400
M106 S255
G1 F1500
G1 X157.727 Y52.025 E2.17446
G1 X157.727 Y51.385 E2.20835
G1 X159.215 Y49.897 E2.31977
G1 X158.575 Y49.897 E2.35366
G1 X157.727 Y50.745 E2.41716
G1 X157.727 Y50.105 E2.45105
G1 X158.137 Y49.695 E2.48175
M107
G1 E.48175 F2400
G92 E0
G1 X113.056 Y56.863 F7800
G1 E2 F2400
;TYPE:Perimeter
;WIDTH:0.45
;HEIGHT:0.3
G1 X113.056 Y38.181 E2.89854
G1 X115.113 Y38.181 E2.99747
G1 X115.14 Y38.989 E3.03635
G1 X115.322 Y39.361 E3.05627
G1 X115.595 Y39.597 E3.07363
G1 X145.502 Y56.863 E4.73456
G1 X113.116 Y56.863 E6.29221
G1 X112.67 Y57.249 F7800
G1 F2400
G1 X112.67 Y37.795 E7.22788
G1 X115.499 Y37.795 E7.36395
G1 X115.515 Y38.898 E7.41701
G1 X115.624 Y39.122 E7.42899
G1 X115.788 Y39.263 E7.43939
G1 X146.941 Y57.249 E9.16953
G1 X112.73 Y57.249 E10.81496
G1 X112.285 Y57.635 F7800
;TYPE:External perimeter
G1 F1500
G1 X112.285 Y37.41 E11.78771
G1 X115.885 Y37.41 E11.96086
G1 X115.885 Y38.8 E12.02771
G1 X115.981 Y38.929 E12.03544
G1 X148.38 Y57.635 E13.8348
G1 X112.345 Y57.635 E15.56796
G1 X112.285 Y57.239 F7800
G1 E13.56796 F2400
G92 E0
G1 X117.888 Y56.574 F7800
G1 E2 F2400
;TYPE:Internal infill
;WIDTH:0.45
G1 F4800
G1 X120.202 Y56.574 E2.1113
G1 X113.345 Y49.717 E2.57771
G1 X113.345 Y48.24 E2.64875
G1 X124.711 Y45.194 E3.21471
G1 X125.01 Y45.366 E3.2313
G1 X122.007 Y56.574 E3.78938
G1 X124.32 Y56.574 E3.90063
G1 E1.90063 F2400
G92 E0
G1 X135.662 Y56.574 F7800
G1 E2 F2400
G1 F4800
G1 X137.976 Y56.574 E2.1113
G1 X138.839 Y53.351 E2.27178
G1 X138.729 Y53.287 E2.2779
G1 X142.016 Y56.574 E2.50148
G1 X141.836 Y56.574 E2.51014
G1 X143.603 Y56.101 E2.59812
G1 X141.599 Y54.944 E2.70942
G1 E.70942 F2400
G92 E0
G1 X120.099 Y42.531 F7800
G1 E2 F2400
G1 F4800
G1 X118.095 Y41.374 E2.1113
G1 X114.022 Y56.574 E2.86816
G1 X113.345 Y56.574 E2.90072
G1 X113.345 Y56.224 E2.91755
G1 X134.157 Y50.647 E3.95385
G1 X131.925 Y49.359 E4.07779
G1 X129.991 Y56.574 E4.43706
G1 X131.109 Y56.574 E4.49083
G1 X113.345 Y38.81 E5.69912
G1 X113.345 Y40.255 E5.76862
G1 X115.31 Y39.729 E5.86646
G1 X117.295 Y40.912 E5.9776
G1 E3.9776 F2400
G92 E0
G1 X115.26 Y62.909 F7800
G1 E2 F2400
;TYPE:Perimeter
;WIDTH:0.45
G1 X115.322 Y63.036 E2.0068
G1 X115.595 Y63.272 E2.02416
G1 X145.502 Y80.538 E3.68509
G1 X113.056 Y80.538 E5.24563
G1 X113.056 Y61.856 E6.14417
G1 X115.113 Y61.856 E6.2431
G1 X115.14 Y62.664 E6.28198
G1 X115.233 Y62.855 E6.2922
G1 X115.587 Y62.72 F7800
G1 F2400
G1 X115.624 Y62.797 E6.29631
G1 X115.788 Y62.938 E6.30671
G1 X146.941 Y80.924 E8.03685
G1 X112.67 Y80.924 E9.68517
G1 X112.67 Y61.47 E10.62084
G1 X115.499 Y61.47 E10.75691
G1 X115.515 Y62.573 E10.80997
G1 X115.56 Y62.666 E10.81494
G1 X115.923 Y62.527 F7800
;TYPE:External perimeter
G1 F1500
G1 X115.981 Y62.604 E10.81958
G1 X148.38 Y81.31 E12.61894
G1 X112.285 Y81.31 E14.35498
G1 X112.285 Y61.085 E15.32773
G1 X115.885 Y61.085 E15.50088
G1 X115.885 Y62.475 E15.56773
G1 X115.887 Y62.478 E15.5679
G1 X116.203 Y62.724 F7800
G1 E13.5679 F2400
G92 E0
G1 X113.345 Y66.522 F7800
G1 E2 F2400
;TYPE:Internal infill
;WIDTH:0.45
G1 F4800
G1 X113.345 Y64.208 E2.1113
G1 X115.595 Y63.606 E2.22332
G1 X117.326 Y64.605 E2.31945
G1 X132.97 Y80.249 E3.38354
G1 X131.632 Y80.249 E3.44789
G1 X133.346 Y73.854 E3.76632
G1 X134.486 Y74.513 E3.82965
G1 X113.345 Y80.177 E4.88232
G1 X113.345 Y77.864 E4.99357
G1 E2.99357 F2400
G92 E0
G1 X117.977 Y80.249 F7800
G1 E2 F2400
G1 F4800
G1 X115.663 Y80.249 E2.1113
G1 X119.516 Y65.87 E2.82728
G1 X125.04 Y69.059 E3.13406
G1 X113.345 Y72.193 E3.7164
G1 X113.345 Y71.531 E3.74824
G1 X122.063 Y80.249 E4.34123
G1 X123.647 Y80.249 E4.41741
G1 X126.431 Y69.862 E4.93462
G1 X128.435 Y71.019 E5.04592
G1 E3.04592 F2400
G92 E0
G1 X138.257 Y76.689 F7800
G1 E2 F2400
G1 F4800
G1 X140.26 Y77.846 E2.11125
G1 X139.616 Y80.249 E2.2309
G1 X142.875 Y80.249 E2.38765
G1 X143.932 Y79.966 E2.44028
G1 X143.132 Y79.505 E2.48469
G1 X143.877 Y80.249 E2.53533
G1 X144.365 Y80.249 E2.5588
G1 X144.099 Y80.063 E2.57441
G1 E.57441 F2400
G92 E0
G1 X133.062 Y170.955 F7800
G1 E2 F2400
;TYPE:Perimeter
;WIDTH:0.45
G1 X133.043 Y170.977 E2.0014
G1 X132.932 Y171.517 E2.02792
;WIDTH:0.464918
G1 X133.016 Y171.812 E2.04324
G1 X132.453 Y171.812 E2.07137
G1 X132.537 Y171.517 E2.08669
;WIDTH:0.45
G1 X132.426 Y170.977 E2.11321
G1 X132.185 Y170.686 E2.13138
G1 X131.922 Y170.533 E2.14601
G1 X131.576 Y170.469 E2.16293
G1 X113.056 Y170.469 E3.05368
G1 X113.056 Y96.627 E6.60522
G1 X120.772 Y96.627 E6.97633
G1 X121.468 Y97.287 E7.02246
G1 X121.735 Y97.475 E7.03817
G1 X125.013 Y99.499 E7.22346
G1 X128.794 Y100.823 E7.41614
G1 X132.734 Y101.271 E7.60686
G1 X136.675 Y100.823 E7.79763
G1 X140.456 Y99.499 E7.99031
G1 X143.929 Y97.355 E8.18661
G1 X144.697 Y96.627 E8.23751
G1 X152.413 Y96.627 E8.60862
G1 X152.413 Y170.469 E12.16016
G1 X133.893 Y170.469 E13.05091
G1 X133.613 Y170.511 E13.06453
G1 X133.284 Y170.686 E13.08245
G1 X133.1 Y170.909 E13.09636
G1 X133.399 Y171.144 F7800
G1 F2400
G1 X133.383 Y171.16 E13.09745
G1 X133.316 Y171.484 E13.11336
G1 X133.397 Y171.731 E13.12586
G1 X133.681 Y172.205 E13.15244
G1 X131.788 Y172.205 E13.24349
G1 X132.072 Y171.731 E13.27007
G1 X132.148 Y171.521 E13.28081
G1 X132.086 Y171.16 E13.29843
G1 X131.844 Y170.92 E13.31482
G1 X131.576 Y170.855 E13.32808
G1 X112.67 Y170.855 E14.23739
G1 X112.67 Y96.242 E17.82602
G1 X120.926 Y96.242 E18.2231
G1 X121.733 Y97.007 E18.27658
G1 X121.937 Y97.147 E18.28848
G1 X125.18 Y99.149 E18.47178
G1 X128.881 Y100.445 E18.66038
G1 X132.734 Y100.883 E18.84689
G1 X136.588 Y100.445 E19.03345
G1 X140.289 Y99.149 E19.22205
G1 X143.692 Y97.048 E19.4144
G1 X144.543 Y96.242 E19.47077
G1 X152.799 Y96.242 E19.86785
G1 X152.799 Y170.855 E23.45648
G1 X133.893 Y170.855 E24.36579
G1 X133.625 Y170.92 E24.37905
G1 X133.442 Y171.101 E24.39143
G1 X133.743 Y171.35 F7800
;TYPE:External perimeter
G1 F1500
G1 X133.701 Y171.45 E24.39665
G1 X133.727 Y171.532 E24.40079
G1 X134.362 Y172.59 E24.46014
G1 X131.107 Y172.59 E24.61669
G1 X131.778 Y171.472 E24.6794
G1 X131.698 Y171.284 E24.68923
G1 X131.576 Y171.24 E24.69547
G1 X112.285 Y171.24 E25.6233
G1 X112.285 Y95.951 E29.24444
;TYPE:Overhang perimeter
;WIDTH:0.4
;HEIGHT:0.4
M106 S255
G1 X112.285 Y95.856 E29.2494
G1 X121.079 Y95.856 E29.70884
G1 X121.179 Y95.951 E29.71605
M107
;TYPE:External perimeter
;WIDTH:0.45
;HEIGHT:0.3
G1 X121.999 Y96.727 E29.77035
G1 X125.347 Y98.798 E29.95969
G1 X128.968 Y100.067 E30.14423
G1 X132.734 Y100.495 E30.32653
G1 X136.501 Y100.067 E30.50888
G1 X140.122 Y98.798 E30.69342
G1 X143.456 Y96.741 E30.88184
G1 X144.29 Y95.951 E30.93709
;TYPE:Overhang perimeter
;WIDTH:0.4
;HEIGHT:0.4
M106 S255
G1 X144.39 Y95.856 E30.9443
G1 X153.185 Y95.856 E31.40379
G1 X153.185 Y95.951 E31.40875
M107
;TYPE:External perimeter
;WIDTH:0.45
;HEIGHT:0.3
G1 X153.185 Y171.24 E35.02989
G1 X133.893 Y171.24 E35.95777
G1 X133.771 Y171.284 E35.96401
G1 X133.766 Y171.295 E35.96459
G1 X133.83 Y171.69 F7800
G1 X132.72 Y170.888
;TYPE:Solid infill
;WIDTH:0.508837
G1 F1200
G1 X132.681 Y170.927 E35.96765
G1 X132.695 Y170.981 E35.97074
G1 X132.749 Y170.995 E35.97383
G1 X132.788 Y170.956 E35.97689
G1 X132.774 Y170.902 E35.97998
G1 E33.97998 F2400
G92 E0
G1 X142.844 Y98.364 F7800
G1 E2 F2400
;WIDTH:0.45
G1 F1200
G1 X144.007 Y97.647 E2.06571
G1 X144.81 Y96.916 E2.11794
G1 X152.124 Y96.916 E2.46972
G1 X152.124 Y98.364 E2.53936
G1 X143.037 Y98.364 E2.97641
G1 X144.403 Y97.906 F7800
;WIDTH:0.595513
G1 F1200
G1 X144.987 Y97.375 E3.0287
G1 X151.666 Y97.375 E3.47116
G1 X151.666 Y97.906 E3.50634
G1 X144.596 Y97.906 E3.9747
G1 E1.9747 F2400
G92 E0
G1 X152.3 Y99.255 F7800
G1 E2 F2400
;TYPE:Top solid infill
;WIDTH:0.401183
G1 F900
G1 X151.77 Y98.725 E2.03149
G1 X151.294 Y98.725 E2.05149
G1 X152.149 Y99.58 E2.10228
G1 X152.149 Y100.056 E2.12228
G1 X150.818 Y98.725 E2.20135
G1 X150.341 Y98.725 E2.22139
G1 X152.149 Y100.533 E2.3288
G1 X152.149 Y101.009 E2.3488
G1 X149.865 Y98.725 E2.48449
G1 X149.389 Y98.725 E2.50449
G1 X152.149 Y101.485 E2.66846
G1 X152.149 Y101.962 E2.6885
G1 X148.912 Y98.725 E2.8808
G1 X148.436 Y98.725 E2.9008
G1 X152.149 Y102.438 E3.12138
G1 X152.149 Y102.914 E3.14138
G1 X147.96 Y98.725 E3.39024
G1 X147.483 Y98.725 E3.41028
G1 X152.149 Y103.391 E3.68748
G1 X152.149 Y103.867 E3.70748
G1 X147.007 Y98.725 E4.01296
G1 X146.531 Y98.725 E4.03296
G1 X152.149 Y104.343 E4.36671
G1 X152.149 Y104.82 E4.38675
G1 X146.054 Y98.725 E4.74884
G1 X145.578 Y98.725 E4.76884
G1 X152.149 Y105.296 E5.15921
G1 X152.149 Y105.772 E5.17921
G1 X145.102 Y98.725 E5.59786
G1 X144.625 Y98.725 E5.6179
G1 X152.149 Y106.248 E6.06486
G1 X152.149 Y106.725 E6.0849
G1 X144.149 Y98.725 E6.56016
G1 X143.673 Y98.725 E6.58016
G1 X152.149 Y107.201 E7.0837
G1 X152.149 Y107.677 E7.1037
G1 X143.197 Y98.725 E7.63552
G1 X142.72 Y98.725 E7.65556
G1 X152.149 Y108.154 E8.21572
G1 X152.149 Y108.63 E8.23572
G1 X142.244 Y98.725 E8.82416
G1 X142.213 Y98.725 E8.82546
G1 X141.937 Y98.895 E8.83908
G1 X152.149 Y109.106 E9.44572
G1 X152.149 Y109.583 E9.46576
G1 X141.643 Y99.077 E10.0899
G1 X141.348 Y99.258 E10.10444
G1 X152.149 Y110.059 E10.74611
G1 X152.149 Y110.535 E10.76611
G1 X141.054 Y99.44 E11.42524
G1 X140.759 Y99.622 E11.4398
G1 X152.149 Y111.012 E12.11646
G1 X152.149 Y111.488 E12.13646
G1 X140.444 Y99.783 E12.83183
G1 X140.091 Y99.906 E12.84753
G1 X152.149 Y111.964 E13.56387
G1 X152.149 Y112.441 E13.58391
G1 X139.737 Y100.029 E14.32128
G1 X139.384 Y100.152 E14.33698
G1 X152.149 Y112.917 E15.09532
G1 X152.149 Y113.393 E15.11532
G1 X139.031 Y100.275 E15.89463
G1 X138.677 Y100.398 E15.91037
G1 X152.149 Y113.869 E16.71068
G1 X152.149 Y114.346 E16.73072
G1 X138.482 Y100.679 E17.54265
G1 X138.006 Y100.679 E17.56265
G1 X152.149 Y114.822 E18.40286
G1 X152.149 Y115.298 E18.42286
G1 X137.617 Y100.767 E19.28615
G1 X137.264 Y100.89 E19.30185
G1 X152.149 Y115.775 E20.18614
G1 X152.149 Y116.251 E20.20614
G1 X136.911 Y101.012 E21.11143
G1 X136.727 Y101.076 E21.11961
G1 X136.522 Y101.1 E21.12828
G1 X152.149 Y116.727 E22.05665
G1 X152.149 Y117.204 E22.07669
G1 X136.094 Y101.149 E23.03049
G1 X135.667 Y101.198 E23.04855
G1 X152.149 Y117.68 E24.02771
G1 X152.149 Y118.156 E24.04771
G1 X135.24 Y101.247 E25.05224
G1 X134.812 Y101.296 E25.07034
G1 X152.149 Y118.633 E26.1003
G1 X152.149 Y119.109 E26.1203
G1 X134.385 Y101.345 E27.17562
G1 X133.958 Y101.394 E27.19368
G1 X152.149 Y119.585 E28.27437
G1 X152.149 Y120.061 E28.29437
G1 X133.53 Y101.443 E29.40046
G1 X133.103 Y101.492 E29.41852
G1 X152.149 Y120.538 E30.55
G1 X152.149 Y121.014 E30.57
G1 X132.659 Y101.524 E31.72786
G1 X132.126 Y101.467 E31.75038
G1 X152.149 Y121.49 E32.93991
G1 X152.149 Y121.967 E32.95995
G1 X131.587 Y101.405 E34.1815
G1 X131.049 Y101.343 E34.20425
G1 X152.149 Y122.443 E35.45776
G1 X152.149 Y122.919 E35.47776
G1 X130.51 Y101.281 E36.76326
G1 X129.972 Y101.218 E36.78601
G1 X152.149 Y123.396 E38.10353
G1 X152.149 Y123.872 E38.12353
G1 X129.433 Y101.156 E39.47304
G1 X128.895 Y101.094 E39.49579
G1 X152.149 Y124.348 E40.87726
G1 X152.149 Y124.825 E40.8973
G1 X128.219 Y100.894 E42.31896
G1 X127.601 Y100.679 E42.34645
G1 X127.527 Y100.679 E42.34956
G1 X152.149 Y125.301 E43.8123
G1 X152.149 Y125.777 E43.8323
G1 X126.758 Y100.386 E45.34073
G1 X126.027 Y100.132 E45.37324
G1 X152.149 Y126.253 E46.92507
G1 X152.149 Y126.73 E46.94511
G1 X125.297 Y99.877 E48.54036
G1 X125.021 Y99.781 E48.55264
G1 X124.789 Y99.671 E48.56343
G1 X124.331 Y99.388 E48.58605
G1 X152.149 Y127.206 E50.23866
G1 X152.149 Y127.682 E50.25866
G1 X123.192 Y98.725 E51.97894
G1 X122.715 Y98.725 E51.99898
G1 X152.149 Y128.159 E53.7476
G1 X152.149 Y128.635 E53.7676
G1 X122.239 Y98.725 E55.54449
G1 X121.763 Y98.725 E55.56449
G1 X152.149 Y129.111 E57.36966
G1 X152.149 Y129.588 E57.3897
G1 X121.286 Y98.725 E59.22321
G1 X120.81 Y98.725 E59.24321
G1 X152.149 Y130.064 E61.105
G1 X152.149 Y130.54 E61.125
G1 X120.334 Y98.725 E63.01507
G1 X119.857 Y98.725 E63.03511
G1 X152.149 Y131.017 E64.95351
G1 X152.149 Y131.493 E64.97351
G1 X119.381 Y98.725 E66.92019
G1 X118.905 Y98.725 E66.94019
G1 X152.149 Y131.969 E68.91515
G1 X152.149 Y132.446 E68.93519
G1 X118.428 Y98.725 E70.93849
G1 X117.952 Y98.725 E70.95849
G1 X152.149 Y132.922 E72.99007
G1 X152.149 Y133.398 E73.01007
G1 X117.476 Y98.725 E75.06992
G1 X117 Y98.725 E75.08992
G1 X152.149 Y133.874 E77.17805
G1 X152.149 Y134.351 E77.19809
G1 X116.523 Y98.725 E79.31456
G1 X116.047 Y98.725 E79.33456
G1 X152.149 Y134.827 E81.47931
G1 X152.149 Y135.303 E81.49931
G1 X115.571 Y98.725 E83.67234
G1 X115.094 Y98.725 E83.69238
G1 X152.149 Y135.78 E85.89374
G1 X152.149 Y136.256 E85.91374
G1 X114.618 Y98.725 E88.14338
G1 X114.142 Y98.725 E88.16338
G1 X152.149 Y136.732 E90.4213
G1 X152.149 Y137.209 E90.44134
G1 X113.665 Y98.725 E92.7276
G1 X113.32 Y98.725 E92.74209
G1 X113.32 Y98.856 E92.74759
G1 X152.149 Y137.685 E95.05434
G1 X152.149 Y138.161 E95.07434
G1 X113.32 Y99.332 E97.38109
G1 X113.32 Y99.808 E97.40109
G1 X152.149 Y138.638 E99.70787
G1 X152.149 Y139.114 E99.72787
G1 X113.32 Y100.285 E102.03462
G1 X113.32 Y100.761 E102.05462
G1 X152.149 Y139.59 E104.36137
G1 X152.149 Y140.066 E104.38137
G1 X113.32 Y101.237 E106.68812
G1 X113.32 Y101.714 E106.70816
G1 X152.149 Y140.543 E109.01491
G1 X152.149 Y141.019 E109.03491
G1 X113.32 Y102.19 E111.34166
G1 X113.32 Y102.666 E111.36166
G1 X152.149 Y141.495 E113.66841
G1 X152.149 Y141.972 E113.68845
G1 X113.32 Y103.143 E115.9952
G1 X113.32 Y103.619 E116.0152
G1 X152.149 Y142.448 E118.32195
G1 X152.149 Y142.924 E118.34195
G1 X113.32 Y104.095 E120.6487
G1 X113.32 Y104.572 E120.66874
G1 X152.149 Y143.401 E122.97549
G1 X152.149 Y143.877 E122.99549
G1 X113.32 Y105.048 E125.30224
G1 X113.32 Y105.524 E125.32224
G1 X152.149 Y144.353 E127.62899
G1 X152.149 Y144.83 E127.64903
G1 X113.32 Y106 E129.95581
G1 X113.32 Y106.477 E129.97585
G1 X152.149 Y145.306 E132.2826
G1 X152.149 Y145.782 E132.3026
G1 X113.32 Y106.953 E134.60935
G1 X113.32 Y107.429 E134.62935
G1 X152.149 Y146.259 E136.93613
G1 X152.149 Y146.735 E136.95613
G1 X113.32 Y107.906 E139.26288
G1 X113.32 Y108.382 E139.28288
G1 X152.149 Y147.211 E141.58963
G1 X152.149 Y147.687 E141.60963
G1 X113.32 Y108.858 E143.91638
G1 X113.32 Y109.335 E143.93642
G1 X152.149 Y148.164 E146.24317
G1 X152.149 Y148.64 E146.26317
G1 X113.32 Y109.811 E148.56992
G1 X113.32 Y110.287 E148.58992
G1 X152.149 Y149.116 E150.89667
G1 X152.149 Y149.593 E150.91671
G1 X113.32 Y110.764 E153.22346
G1 X113.32 Y111.24 E153.24346
G1 X152.149 Y150.069 E155.55021
G1 X152.149 Y150.545 E155.57021
G1 X113.32 Y111.716 E157.87696
G1 X113.32 Y112.192 E157.89696
G1 X152.149 Y151.022 E160.20374
G1 X152.149 Y151.498 E160.22374
G1 X113.32 Y112.669 E162.53049
G1 X113.32 Y113.145 E162.55049
G1 X152.149 Y151.974 E164.85724
G1 X152.149 Y152.451 E164.87728
G1 X113.32 Y113.621 E167.18406
G1 X113.32 Y114.098 E167.2041
G1 X152.149 Y152.927 E169.51085
G1 X152.149 Y153.403 E169.53085
G1 X113.32 Y114.574 E171.8376
G1 X113.32 Y115.05 E171.8576
G1 X152.149 Y153.879 E174.16435
G1 X152.149 Y154.356 E174.18439
G1 X113.32 Y115.527 E176.49114
G1 X113.32 Y116.003 E176.51114
G1 X152.149 Y154.832 E178.81789
G1 X152.149 Y155.308 E178.83789
G1 X113.32 Y116.479 E181.14464
G1 X113.32 Y116.956 E181.16468
G1 X152.149 Y155.785 E183.47143
G1 X152.149 Y156.261 E183.49143
G1 X113.32 Y117.432 E185.79818
G1 X113.32 Y117.908 E185.81818
G1 X152.149 Y156.737 E188.12493
G1 X152.149 Y157.214 E188.14497
G1 X113.32 Y118.385 E190.45172
G1 X113.32 Y118.861 E190.47172
G1 X152.149 Y157.69 E192.77847
G1 X152.149 Y158.166 E192.79847
G1 X113.32 Y119.337 E195.10522
G1 X113.32 Y119.813 E195.12522
G1 X152.149 Y158.643 E197.432
G1 X152.149 Y159.119 E197.452
G1 X113.32 Y120.29 E199.75875
G1 X113.32 Y120.766 E199.77875
G1 X152.149 Y159.595 E202.0855
G1 X152.149 Y160.072 E202.10554
G1 X113.32 Y121.242 E204.41232
G1 X113.32 Y121.719 E204.43236
G1 X152.149 Y160.548 E206.73911
G1 X152.149 Y161.024 E206.75911
G1 X113.32 Y122.195 E209.06586
G1 X113.32 Y122.671 E209.08586
G1 X152.149 Y161.5 E211.39261
G1 X152.149 Y161.977 E211.41265
G1 X113.32 Y123.148 E213.7194
G1 X113.32 Y123.624 E213.7394
G1 X152.149 Y162.453 E216.04615
G1 X152.149 Y162.929 E216.06615
G1 X113.32 Y124.1 E218.3729
G1 X113.32 Y124.577 E218.39294
G1 X152.149 Y163.406 E220.69969
G1 X152.149 Y163.882 E220.71969
G1 X113.32 Y125.053 E223.02644
G1 X113.32 Y125.529 E223.04644
G1 X152.149 Y164.358 E225.35319
G1 X152.149 Y164.835 E225.37323
G1 X113.32 Y126.005 E227.68001
G1 X113.32 Y126.482 E227.70005
G1 X152.149 Y165.311 E230.0068
G1 X152.149 Y165.787 E230.0268
G1 X113.32 Y126.958 E232.33355
G1 X113.32 Y127.434 E232.35355
G1 X152.149 Y166.264 E234.66033
G1 X152.149 Y166.74 E234.68033
G1 X113.32 Y127.911 E236.98708
G1 X113.32 Y128.387 E237.00708
G1 X152.149 Y167.216 E239.31383
G1 X152.149 Y167.692 E239.33383
G1 X113.32 Y128.863 E241.64058
G1 X113.32 Y129.34 E241.66062
G1 X152.149 Y168.169 E243.96737
G1 X152.149 Y168.645 E243.98737
G1 X113.32 Y129.816 E246.29412
G1 X113.32 Y130.292 E246.31412
G1 X152.149 Y169.121 E248.62087
G1 X152.149 Y169.598 E248.64091
G1 X113.32 Y130.769 E250.94766
G1 X113.32 Y131.245 E250.96766
G1 X152.149 Y170.074 E253.27441
G1 X152.149 Y170.205 E253.27991
G1 X151.804 Y170.205 E253.2944
G1 X113.32 Y131.721 E255.58066
G1 X113.32 Y132.198 E255.6007
G1 X151.327 Y170.205 E257.85862
G1 X150.851 Y170.205 E257.87862
G1 X113.32 Y132.674 E260.10826
G1 X113.32 Y133.15 E260.12826
G1 X150.375 Y170.205 E262.32962
G1 X149.899 Y170.205 E262.34962
G1 X113.32 Y133.626 E264.52271
G1 X113.32 Y134.103 E264.54275
G1 X149.422 Y170.205 E266.6875
G1 X148.946 Y170.205 E266.7075
G1 X113.32 Y134.579 E268.82397
G1 X113.32 Y135.055 E268.84397
G1 X148.47 Y170.205 E270.93216
G1 X147.994 Y170.205 E270.95216
G1 X113.32 Y135.532 E273.01204
G1 X113.32 Y136.008 E273.03204
G1 X147.518 Y170.206 E275.06367
G1 X147.041 Y170.206 E275.08371
G1 X113.32 Y136.484 E277.08704
G1 X113.32 Y136.961 E277.10708
G1 X146.565 Y170.206 E279.0821
G1 X146.089 Y170.206 E279.1021
G1 X113.32 Y137.437 E281.04884
G1 X113.32 Y137.913 E281.06884
G1 X145.613 Y170.206 E282.9873
G1 X145.136 Y170.206 E283.00734
G1 X113.32 Y138.39 E284.89747
G1 X113.32 Y138.866 E284.91747
G1 X144.66 Y170.206 E286.77932
G1 X144.184 Y170.206 E286.79932
G1 X113.32 Y139.342 E288.63289
G1 X113.32 Y139.818 E288.65289
G1 X143.708 Y170.206 E290.45818
G1 X143.231 Y170.206 E290.47822
G1 X113.32 Y140.295 E292.25517
G1 X113.32 Y140.771 E292.27517
G1 X142.755 Y170.206 E294.02384
G1 X142.279 Y170.206 E294.04384
G1 X113.32 Y141.247 E295.76424
G1 X113.32 Y141.724 E295.78428
G1 X141.803 Y170.206 E297.47637
G1 X141.326 Y170.207 E297.49641
G1 X113.32 Y142.2 E299.16022
G1 X113.32 Y142.676 E299.18022
G1 X140.85 Y170.207 E300.81575
G1 X140.374 Y170.207 E300.83575
G1 X113.32 Y143.153 E302.44297
G1 X113.32 Y143.629 E302.46297
G1 X139.898 Y170.207 E304.04192
G1 X139.421 Y170.207 E304.06196
G1 X113.32 Y144.105 E305.6126
G1 X113.32 Y144.582 E305.63264
G1 X138.945 Y170.207 E307.15497
G1 X138.469 Y170.207 E307.17497
G1 X113.32 Y145.058 E308.66902
G1 X113.32 Y145.534 E308.68902
G1 X137.993 Y170.207 E310.15479
G1 X137.517 Y170.207 E310.17479
G1 X113.32 Y146.011 E311.61226
G1 X113.32 Y146.487 E311.63226
G1 X137.04 Y170.207 E313.04142
G1 X136.564 Y170.207 E313.06142
G1 X113.32 Y146.963 E314.4423
G1 X113.32 Y147.439 E314.4623
G1 X136.088 Y170.207 E315.8149
G1 X135.612 Y170.207 E315.8349
G1 X113.32 Y147.916 E317.15919
G1 X113.32 Y148.392 E317.17919
G1 X135.135 Y170.207 E318.47518
G1 X134.659 Y170.208 E318.49518
G1 X113.32 Y148.868 E319.76292
G1 X113.32 Y149.345 E319.78296
G1 X134.183 Y170.208 E321.02239
G1 X133.806 Y170.208 E321.03823
G1 X133.722 Y170.223 E321.04181
G1 X113.32 Y149.821 E322.25385
G1 X113.32 Y150.297 E322.27385
G1 X133.354 Y170.332 E323.46406
G1 X133.114 Y170.483 E323.47597
G1 X133.075 Y170.529 E323.4785
G1 X113.32 Y150.774 E324.65211
G1 X113.32 Y151.25 E324.67211
G1 X132.622 Y170.552 E325.8188
G1 X132.412 Y170.552 E325.82762
G1 X132.355 Y170.483 E325.83138
G1 X132.145 Y170.344 E325.84196
G1 X131.932 Y170.257 E325.85163
G1 X131.833 Y170.239 E325.85586
G1 X113.32 Y151.726 E326.95568
G1 X113.32 Y152.203 E326.97572
G1 X131.325 Y170.208 E328.04536
G1 X130.849 Y170.208 E328.06536
G1 X113.32 Y152.679 E329.10672
G1 X113.32 Y153.155 E329.12672
G1 X130.372 Y170.207 E330.13975
G1 X129.896 Y170.207 E330.15975
G1 X113.32 Y153.631 E331.1445
G1 X113.32 Y154.108 E331.16454
G1 X129.419 Y170.207 E332.12095
G1 X128.943 Y170.207 E332.14095
G1 X113.32 Y154.584 E333.06908
G1 X113.32 Y155.06 E333.08908
G1 X128.467 Y170.207 E333.98893
G1 X127.99 Y170.207 E334.00897
G1 X113.32 Y155.537 E334.88049
G1 X113.32 Y156.013 E334.90049
G1 X127.514 Y170.207 E335.74373
G1 X127.038 Y170.207 E335.76373
G1 X113.32 Y156.489 E336.57869
G1 X113.32 Y156.966 E336.59873
G1 X126.561 Y170.207 E337.38535
G1 X126.085 Y170.207 E337.40535
G1 X113.32 Y157.442 E338.16369
G1 X113.32 Y157.918 E338.18369
G1 X125.608 Y170.207 E338.91373
G1 X125.132 Y170.207 E338.93373
G1 X113.32 Y158.395 E339.63546
G1 X113.32 Y158.871 E339.65546
G1 X124.656 Y170.207 E340.32891
G1 X124.179 Y170.207 E340.34895
G1 X113.32 Y159.347 E340.99409
G1 X113.32 Y159.823 E341.01409
G1 X123.703 Y170.206 E341.63092
G1 X123.227 Y170.206 E341.65092
G1 X113.32 Y160.3 E342.23945
G1 X113.32 Y160.776 E342.25945
G1 X122.75 Y170.206 E342.81967
G1 X122.274 Y170.206 E342.83967
G1 X113.32 Y161.252 E343.37161
G1 X113.32 Y161.729 E343.39165
G1 X121.797 Y170.206 E343.89525
G1 X121.321 Y170.206 E343.91525
G1 X113.32 Y162.205 E344.39057
G1 X113.32 Y162.681 E344.41057
G1 X120.845 Y170.206 E344.85762
G1 X120.368 Y170.206 E344.87766
G1 X113.32 Y163.158 E345.29637
G1 X113.32 Y163.634 E345.31637
G1 X119.892 Y170.206 E345.7068
G1 X119.415 Y170.206 E345.72684
G1 X113.32 Y164.11 E346.08896
G1 X113.32 Y164.587 E346.109
G1 X118.939 Y170.206 E346.44281
G1 X118.463 Y170.206 E346.46281
G1 X113.32 Y165.063 E346.76835
G1 X113.32 Y165.539 E346.78835
G1 X117.986 Y170.206 E347.06558
G1 X117.51 Y170.206 E347.08558
G1 X113.32 Y166.016 E347.3345
G1 X113.32 Y166.492 E347.3545
G1 X117.034 Y170.205 E347.57511
G1 X116.557 Y170.205 E347.59515
G1 X113.32 Y166.968 E347.78745
G1 X113.32 Y167.444 E347.80745
G1 X116.081 Y170.205 E347.97148
G1 X115.604 Y170.205 E347.99152
G1 X113.32 Y167.921 E348.12721
G1 X113.32 Y168.397 E348.14721
G1 X115.128 Y170.205 E348.25462
G1 X114.652 Y170.205 E348.27462
G1 X113.32 Y168.873 E348.35375
G1 X113.32 Y169.35 E348.37379
G1 X114.175 Y170.205 E348.42458
G1 X113.699 Y170.205 E348.44458
G1 X113.169 Y169.675 E348.47607
G1 E346.47607 F2400
G92 E0
G1 X113.345 Y98.364 F7800
G1 E2 F2400
;TYPE:Solid infill
;WIDTH:0.45
G1 F1200
G1 X113.345 Y96.916 E2.06964
G1 X120.657 Y96.916 E2.42132
G1 X121.477 Y97.656 E2.47444
G1 X122.625 Y98.364 E2.53931
G1 X113.538 Y98.364 E2.97636
G1 X113.803 Y97.906 E3.00181
;WIDTH:0.595513
G1 X113.803 Y97.375 E3.03699
G1 X120.474 Y97.375 E3.47892
G1 X121.048 Y97.906 E3.53072
G1 X113.996 Y97.906 E3.99788
G1 E1.99788 F2400
G92 E0
G1 X82.559 Y127.399 F7800
G1 E2 F2400
;TYPE:Perimeter
;WIDTH:0.45
G1 X108.063 Y127.399 E3.22665
G1 X108.063 Y138.151 E3.74378
G1 X82.559 Y138.151 E4.97043
G1 X82.559 Y127.459 E5.48468
G1 X82.173 Y127.013 F7800
G1 F2400
G1 X108.449 Y127.013 E6.74846
G1 X108.449 Y138.537 E7.30272
G1 X82.173 Y138.537 E8.5665
G1 X82.173 Y127.073 E9.11788
G1 X81.788 Y126.628 F7800
;TYPE:External perimeter
G1 F1500
G1 X108.835 Y126.628 E10.41875
G1 X108.835 Y138.923 E11.0101
G1 X81.788 Y138.923 E12.31097
G1 X81.788 Y126.688 E12.89943
G1 X82.183 Y126.628 F7800
G1 E10.89943 F2400
G92 E0
G1 X107.95 Y128.196 F7800
G1 E2 F2400
;TYPE:Top solid infill
;WIDTH:0.40258
G1 F900
G1 X107.417 Y127.663 E2.0318
G1 X106.939 Y127.663 E2.05196
G1 X107.799 Y128.523 E2.10326
G1 X107.799 Y129.002 E2.12347
G1 X106.461 Y127.663 E2.20332
G1 X105.982 Y127.663 E2.22353
G1 X107.799 Y129.48 E2.33192
G1 X107.799 Y129.958 E2.35208
G1 X105.504 Y127.663 E2.48899
G1 X105.026 Y127.663 E2.50915
G1 X107.799 Y130.436 E2.67457
G1 X107.799 Y130.915 E2.69478
G1 X104.547 Y127.663 E2.88878
G1 X104.069 Y127.663 E2.90894
G1 X107.799 Y131.393 E3.13145
G1 X107.799 Y131.871 E3.15161
G1 X103.591 Y127.663 E3.40264
G1 X103.113 Y127.663 E3.4228
G1 X107.799 Y132.35 E3.70237
G1 X107.799 Y132.828 E3.72253
G1 X102.634 Y127.663 E4.03065
G1 X102.156 Y127.663 E4.05081
G1 X107.799 Y133.306 E4.38744
G1 X107.799 Y133.784 E4.4076
G1 X101.678 Y127.663 E4.77274
G1 X101.199 Y127.663 E4.79295
G1 X107.799 Y134.263 E5.18667
G1 X107.799 Y134.741 E5.20683
G1 X100.721 Y127.663 E5.62906
G1 X100.243 Y127.663 E5.64922
G1 X107.799 Y135.219 E6.09997
G1 X107.799 Y135.698 E6.12018
G1 X99.765 Y127.663 E6.59947
G1 X99.286 Y127.663 E6.61968
G1 X107.799 Y136.176 E7.12752
G1 X107.799 Y136.654 E7.14768
G1 X98.808 Y127.663 E7.68403
G1 X98.33 Y127.663 E7.70419
G1 X107.799 Y137.132 E8.26906
G1 X107.799 Y137.611 E8.28927
G1 X97.851 Y127.663 E8.88271
G1 X97.373 Y127.663 E8.90287
G1 X107.597 Y137.887 E9.51278
G1 X107.119 Y137.887 E9.53294
G1 X96.895 Y127.663 E10.14285
G1 X96.417 Y127.663 E10.16301
G1 X106.641 Y137.887 E10.77292
G1 X106.162 Y137.887 E10.79313
G1 X95.938 Y127.663 E11.40304
G1 X95.46 Y127.663 E11.4232
G1 X105.684 Y137.887 E12.03311
G1 X105.206 Y137.887 E12.05327
G1 X94.982 Y127.663 E12.66318
G1 X94.503 Y127.663 E12.68339
G1 X104.728 Y137.887 E13.29333
G1 X104.249 Y137.887 E13.31354
G1 X94.025 Y127.663 E13.92345
G1 X93.547 Y127.663 E13.94361
G1 X103.771 Y137.887 E14.55352
G1 X103.293 Y137.887 E14.57368
G1 X93.069 Y127.663 E15.18359
G1 X92.59 Y127.663 E15.2038
G1 X102.814 Y137.887 E15.81371
G1 X102.336 Y137.887 E15.83387
G1 X92.112 Y127.663 E16.44378
G1 X91.634 Y127.663 E16.46394
G1 X101.858 Y137.887 E17.07385
G1 X101.38 Y137.887 E17.09401
G1 X91.155 Y127.663 E17.70395
G1 X90.677 Y127.663 E17.72411
G1 X100.901 Y137.887 E18.33402
G1 X100.423 Y137.887 E18.35418
G1 X90.199 Y127.663 E18.96409
G1 X89.721 Y127.663 E18.98425
G1 X99.945 Y137.887 E19.59416
G1 X99.466 Y137.887 E19.61437
G1 X89.242 Y127.663 E20.22428
G1 X88.764 Y127.663 E20.24444
G1 X98.988 Y137.887 E20.85435
G1 X98.51 Y137.887 E20.87451
G1 X88.286 Y127.663 E21.48442
G1 X87.807 Y127.663 E21.50463
G1 X98.032 Y137.887 E22.11457
G1 X97.553 Y137.887 E22.13478
G1 X87.329 Y127.663 E22.74469
G1 X86.851 Y127.663 E22.76485
G1 X97.075 Y137.887 E23.37476
G1 X96.597 Y137.887 E23.39492
G1 X86.373 Y127.663 E24.00483
G1 X85.894 Y127.663 E24.02504
G1 X96.118 Y137.887 E24.63495
G1 X95.64 Y137.887 E24.65511
G1 X85.416 Y127.663 E25.26502
G1 X84.938 Y127.663 E25.28518
G1 X95.162 Y137.887 E25.89509
G1 X94.684 Y137.887 E25.91525
G1 X84.459 Y127.663 E26.52519
G1 X83.981 Y127.663 E26.54535
G1 X94.205 Y137.887 E27.15526
G1 X93.727 Y137.887 E27.17542
G1 X83.503 Y127.663 E27.78533
G1 X83.025 Y127.663 E27.80549
G1 X93.249 Y137.887 E28.4154
G1 X92.77 Y137.887 E28.43561
G1 X82.823 Y127.94 E29.02899
G1 X82.823 Y128.418 E29.04915
G1 X92.292 Y137.887 E29.61402
G1 X91.814 Y137.887 E29.63418
G1 X82.823 Y128.896 E30.17053
G1 X82.823 Y129.375 E30.19074
G1 X91.336 Y137.887 E30.69855
G1 X90.857 Y137.887 E30.71876
G1 X82.823 Y129.853 E31.19802
G1 X82.823 Y130.331 E31.21818
G1 X90.379 Y137.887 E31.66893
G1 X89.901 Y137.887 E31.68909
G1 X82.823 Y130.81 E32.11129
G1 X82.823 Y131.288 E32.13145
G1 X89.422 Y137.887 E32.52511
G1 X88.944 Y137.887 E32.54527
G1 X82.823 Y131.766 E32.91041
G1 X82.823 Y132.244 E32.93057
G1 X88.466 Y137.887 E33.2672
G1 X87.988 Y137.887 E33.28736
G1 X82.823 Y132.723 E33.59545
G1 X82.823 Y133.201 E33.61561
G1 X87.509 Y137.887 E33.89515
G1 X87.031 Y137.887 E33.91531
G1 X82.823 Y133.679 E34.16634
G1 X82.823 Y134.158 E34.18655
G1 X86.553 Y137.887 E34.40903
G1 X86.074 Y137.887 E34.42924
G1 X82.823 Y134.636 E34.62318
G1 X82.823 Y135.114 E34.64334
G1 X85.596 Y137.887 E34.80876
G1 X85.118 Y137.887 E34.82892
G1 X82.823 Y135.592 E34.96583
G1 X82.823 Y136.071 E34.98604
G1 X84.64 Y137.887 E35.0944
G1 X84.161 Y137.887 E35.11461
G1 X82.823 Y136.549 E35.19443
G1 X82.823 Y137.027 E35.21459
G1 X83.683 Y137.887 E35.26589
G1 X83.205 Y137.887 E35.28605
G1 X82.672 Y137.354 E35.31785
G1 E33.31785 F2400
G92 E0
G1 X69.834 Y109.072 F7800
G1 E2 F2400
;TYPE:Perimeter
;WIDTH:0.45
G1 X69.883 Y109.035 E2.00295
G1 X70.063 Y108.736 E2.01974
G1 X70.125 Y108.396 E2.03636
G1 X70.125 Y38.181 E5.41346
G1 X108.063 Y38.181 E7.23815
G1 X108.063 Y48.933 E7.75528
G1 X81.36 Y48.933 E9.0396
G1 X80.989 Y49.057 E9.05841
G1 X80.733 Y49.265 E9.07427
G1 X80.562 Y49.549 E9.09021
G1 X80.497 Y49.898 E9.10728
G1 X80.497 Y117.476 E12.35755
G1 X78.692 Y117.476 E12.44436
G1 X78.421 Y117.516 E12.45754
G1 X78.236 Y117.591 E12.46714
G1 X77.97 Y117.802 E12.48347
G1 X77.78 Y118.129 E12.50166
G1 X77.728 Y118.441 E12.51687
G1 X77.728 Y138.151 E13.46485
G1 X57.692 Y138.151 E14.42851
G1 X57.686 Y118.333 E15.38169
G1 X57.569 Y117.97 E15.40003
G1 X57.328 Y117.686 E15.41794
G1 X56.999 Y117.516 E15.43575
G1 X56.728 Y117.476 E15.44893
G1 X54.923 Y117.476 E15.53574
G1 X54.923 Y49.801 E18.79067
G1 X54.81 Y49.445 E18.80863
G1 X54.615 Y49.191 E18.82403
G1 X54.323 Y49.005 E18.84068
G1 X53.959 Y48.933 E18.85853
G1 X27.356 Y48.933 E20.13804
G1 X27.356 Y38.181 E20.65517
G1 X65.294 Y38.181 E22.47986
G1 X65.294 Y108.49 E25.86148
G1 X65.402 Y108.838 E25.87901
G1 X65.59 Y109.091 E25.89417
G1 X65.916 Y109.297 E25.91272
G1 X66.258 Y109.36 E25.92945
G1 X69.217 Y109.358 E26.07177
G1 X69.586 Y109.261 E26.09012
G1 X69.786 Y109.108 E26.10223
G1 X69.562 Y108.796 F7800
G1 F2400
G1 X69.675 Y108.661 E26.1107
G1 X69.739 Y108.396 E26.12381
G1 X69.739 Y37.795 E29.51947
G1 X108.449 Y37.795 E31.38129
G1 X108.449 Y49.319 E31.93555
G1 X81.398 Y49.319 E33.23661
G1 X81.119 Y49.431 E33.25107
G1 X80.95 Y49.626 E33.26348
G1 X80.883 Y49.898 E33.27695
G1 X80.883 Y117.862 E36.54578
G1 X78.576 Y117.862 E36.65674
G1 X78.344 Y117.979 E36.66924
G1 X78.187 Y118.158 E36.68069
G1 X78.114 Y118.441 E36.69475
G1 X78.114 Y138.537 E37.6613
G1 X57.306 Y138.537 E38.66209
G1 X57.303 Y118.376 E39.63176
G1 X57.202 Y118.11 E39.64544
G1 X57.001 Y117.931 E39.65839
G1 X56.728 Y117.862 E39.67193
G1 X54.537 Y117.862 E39.77731
G1 X54.537 Y49.837 E43.04908
G1 X54.435 Y49.569 E43.06287
G1 X54.242 Y49.393 E43.07543
G1 X53.959 Y49.319 E43.0895
G1 X26.97 Y49.319 E44.38758
G1 X26.97 Y37.795 E44.94184
G1 X65.68 Y37.795 E46.80366
G1 X65.68 Y108.501 E50.20437
G1 X65.816 Y108.768 E50.21878
G1 X66.003 Y108.915 E50.23022
G1 X66.258 Y108.974 E50.24281
G1 X69.274 Y108.963 E50.38787
G1 X69.515 Y108.853 E50.40061
G1 X69.524 Y108.842 E50.40129
G1 X69.298 Y108.525 F7800
;TYPE:External perimeter
G1 F1500
G1 X69.354 Y108.396 E50.40805
G1 X69.354 Y37.41 E53.82223
G1 X108.835 Y37.41 E55.72113
G1 X108.835 Y49.705 E56.31248
G1 X81.461 Y49.705 E57.62907
G1 X81.33 Y49.756 E57.63583
G1 X81.269 Y49.898 E57.64326
G1 X81.269 Y118.248 E60.93066
G1 X78.692 Y118.248 E61.0546
G1 X78.561 Y118.3 E61.06138
G1 X78.5 Y118.441 E61.06877
G1 X78.5 Y138.923 E62.05388
G1 X56.921 Y138.923 E63.09175
G1 X56.921 Y118.441 E64.07686
G1 X56.874 Y118.314 E64.08337
G1 X56.728 Y118.248 E64.09108
G1 X54.152 Y118.248 E64.21498
G1 X54.152 Y49.898 E67.50238
G1 X54.104 Y49.771 E67.50891
G1 X53.959 Y49.705 E67.51657
G1 X26.585 Y49.705 E68.83316
G1 X26.585 Y37.41 E69.42451
G1 X66.066 Y37.41 E71.32341
G1 X66.066 Y108.396 E74.73759
G1 X66.111 Y108.52 E74.74393
G1 X66.258 Y108.589 E74.75174
G1 X69.161 Y108.589 E74.89136
G1 X69.248 Y108.553 E74.89589
G1 X69.346 Y108.166 F7800
G1 E72.89589 F2400
G92 E0
G1 X64.425 Y38.294 F7800
G1 E2 F2400
;TYPE:Top solid infill
;WIDTH:0.401
G1 F900
G1 X65.03 Y38.899 E2.03592
G1 X65.03 Y39.375 E2.0559
G1 X64.1 Y38.445 E2.11112
G1 X63.624 Y38.445 E2.1311
G1 X65.03 Y39.851 E2.21458
G1 X65.03 Y40.327 E2.23456
G1 X63.148 Y38.445 E2.34631
G1 X62.672 Y38.445 E2.36629
G1 X65.03 Y40.803 E2.5063
G1 X65.03 Y41.28 E2.52633
G1 X62.196 Y38.445 E2.69463
G1 X61.72 Y38.445 E2.71461
G1 X65.03 Y41.756 E2.91117
G1 X65.03 Y42.232 E2.93115
G1 X61.244 Y38.445 E3.15598
G1 X60.768 Y38.445 E3.17596
G1 X65.03 Y42.708 E3.42905
G1 X65.03 Y43.184 E3.44903
G1 X60.291 Y38.445 E3.73041
G1 X59.815 Y38.445 E3.75039
G1 X65.03 Y43.66 E4.06003
G1 X65.03 Y44.136 E4.08001
G1 X59.339 Y38.445 E4.41792
G1 X58.863 Y38.445 E4.4379
G1 X65.03 Y44.612 E4.80407
G1 X65.03 Y45.088 E4.82405
G1 X58.387 Y38.445 E5.21848
G1 X57.911 Y38.445 E5.23846
G1 X65.03 Y45.564 E5.66116
G1 X65.03 Y46.04 E5.68114
G1 X57.435 Y38.445 E6.1321
G1 X56.959 Y38.445 E6.15208
G1 X65.03 Y46.516 E6.6313
G1 X65.03 Y46.992 E6.65128
G1 X56.483 Y38.445 E7.15876
G1 X56.007 Y38.445 E7.17874
G1 X65.03 Y47.468 E7.71449
G1 X65.03 Y47.944 E7.73447
G1 X55.531 Y38.445 E8.29848
G1 X55.055 Y38.445 E8.31846
G1 X65.03 Y48.42 E8.91073
G1 X65.03 Y48.896 E8.93071
G1 X54.579 Y38.445 E9.55125
G1 X54.103 Y38.445 E9.57123
G1 X65.03 Y49.372 E10.22003
G1 X65.03 Y49.848 E10.24001
G1 X53.627 Y38.445 E10.91707
G1 X53.151 Y38.445 E10.93705
G1 X65.03 Y50.325 E11.6424
G1 X65.03 Y50.801 E11.66238
G1 X52.675 Y38.445 E12.396
G1 X52.199 Y38.445 E12.41598
G1 X65.03 Y51.277 E13.17786
G1 X65.03 Y51.753 E13.19784
G1 X51.723 Y38.445 E13.98798
G1 X51.246 Y38.445 E14.00801
G1 X65.03 Y52.229 E14.82644
G1 X65.03 Y52.705 E14.84642
G1 X50.77 Y38.445 E15.69312
G1 X50.294 Y38.445 E15.7131
G1 X65.03 Y53.181 E16.58806
G1 X65.03 Y53.657 E16.60804
G1 X49.818 Y38.445 E17.51126
G1 X49.342 Y38.445 E17.53124
G1 X65.03 Y54.133 E18.46273
G1 X65.03 Y54.609 E18.48271
G1 X48.866 Y38.445 E19.44246
G1 X48.39 Y38.445 E19.46244
G1 X65.03 Y55.085 E20.45045
G1 X65.03 Y55.561 E20.47043
G1 X47.914 Y38.445 E21.4867
G1 X47.438 Y38.445 E21.50668
G1 X65.03 Y56.037 E22.55122
G1 X65.03 Y56.513 E22.5712
G1 X46.962 Y38.445 E23.644
G1 X46.486 Y38.445 E23.66398
G1 X65.03 Y56.989 E24.76504
G1 X65.03 Y57.465 E24.78502
G1 X46.01 Y38.445 E25.91435
G1 X45.534 Y38.445 E25.93433
G1 X65.03 Y57.941 E27.09192
G1 X65.03 Y58.417 E27.1119
G1 X45.058 Y38.445 E28.29775
G1 X44.582 Y38.445 E28.31773
G1 X65.03 Y58.893 E29.53184
G1 X65.03 Y59.369 E29.55182
G1 X44.106 Y38.445 E30.7942
G1 X43.63 Y38.445 E30.81418
G1 X53.854 Y48.669 E31.42124
G1 X53.378 Y48.669 E31.44122
G1 X43.154 Y38.445 E32.04828
G1 X42.678 Y38.445 E32.06826
G1 X52.902 Y48.669 E32.67532
G1 X52.426 Y48.669 E32.6953
G1 X42.202 Y38.445 E33.30236
G1 X41.725 Y38.445 E33.32239
G1 X51.95 Y48.669 E33.92948
G1 X51.474 Y48.669 E33.94946
G1 X41.249 Y38.445 E34.55655
G1 X40.773 Y38.445 E34.57653
G1 X50.997 Y48.669 E35.18359
G1 X50.521 Y48.669 E35.20357
G1 X40.297 Y38.445 E35.81063
G1 X39.821 Y38.445 E35.83061
G1 X50.045 Y48.669 E36.43767
G1 X49.569 Y48.669 E36.45765
G1 X39.345 Y38.445 E37.06471
G1 X38.869 Y38.445 E37.08469
G1 X49.093 Y48.669 E37.69175
G1 X48.617 Y48.669 E37.71173
G1 X38.393 Y38.445 E38.31879
G1 X37.917 Y38.445 E38.33877
G1 X48.141 Y48.669 E38.94583
G1 X47.665 Y48.669 E38.96581
G1 X37.441 Y38.445 E39.57287
G1 X36.965 Y38.445 E39.59285
G1 X47.189 Y48.669 E40.19991
G1 X46.713 Y48.669 E40.21989
G1 X36.489 Y38.445 E40.82695
G1 X36.013 Y38.445 E40.84693
G1 X46.237 Y48.669 E41.45399
G1 X45.761 Y48.669 E41.47397
G1 X35.537 Y38.445 E42.08103
G1 X35.061 Y38.445 E42.10101
G1 X45.285 Y48.669 E42.70807
G1 X44.809 Y48.669 E42.72805
G1 X34.585 Y38.445 E43.33511
G1 X34.109 Y38.445 E43.35509
G1 X44.333 Y48.669 E43.96215
G1 X43.857 Y48.669 E43.98213
G1 X33.633 Y38.445 E44.58919
G1 X33.157 Y38.445 E44.60917
G1 X43.381 Y48.669 E45.21623
G1 X42.905 Y48.669 E45.23621
G1 X32.68 Y38.445 E45.8433
G1 X32.204 Y38.445 E45.86328
G1 X42.429 Y48.669 E46.47037
G1 X41.952 Y48.669 E46.4904
G1 X31.728 Y38.445 E47.09746
G1 X31.252 Y38.445 E47.11744
G1 X41.476 Y48.669 E47.7245
G1 X41 Y48.669 E47.74448
G1 X30.776 Y38.445 E48.35154
G1 X30.3 Y38.445 E48.37152
G1 X40.524 Y48.669 E48.97858
G1 X40.048 Y48.669 E48.99856
G1 X29.824 Y38.445 E49.60562
G1 X29.348 Y38.445 E49.6256
G1 X39.572 Y48.669 E50.23266
G1 X39.096 Y48.669 E50.25264
G1 X28.872 Y38.445 E50.8597
G1 X28.396 Y38.445 E50.87968
G1 X38.62 Y48.669 E51.48674
G1 X38.144 Y48.669 E51.50672
G1 X27.92 Y38.445 E52.11378
G1 X27.62 Y38.445 E52.12638
G1 X27.62 Y38.621 E52.13377
G1 X37.668 Y48.669 E52.73038
G1 X37.192 Y48.669 E52.75036
G1 X27.62 Y39.097 E53.3187
G1 X27.62 Y39.573 E53.33868
G1 X36.716 Y48.669 E53.87876
G1 X36.24 Y48.669 E53.89874
G1 X27.62 Y40.049 E54.41056
G1 X27.62 Y40.525 E54.43054
G1 X35.764 Y48.669 E54.9141
G1 X35.288 Y48.669 E54.93408
G1 X27.62 Y41.001 E55.38937
G1 X27.62 Y41.477 E55.40935
G1 X34.812 Y48.669 E55.83638
G1 X34.336 Y48.669 E55.85636
G1 X27.62 Y41.954 E56.2551
G1 X27.62 Y42.43 E56.27508
G1 X33.86 Y48.669 E56.64555
G1 X33.384 Y48.669 E56.66553
G1 X27.62 Y42.906 E57.00774
G1 X27.62 Y43.382 E57.02772
G1 X32.908 Y48.669 E57.34167
G1 X32.431 Y48.669 E57.3617
G1 X27.62 Y43.858 E57.64736
G1 X27.62 Y44.334 E57.66734
G1 X31.955 Y48.669 E57.92473
G1 X31.479 Y48.669 E57.94471
G1 X27.62 Y44.81 E58.17384
G1 X27.62 Y45.286 E58.19382
G1 X31.003 Y48.669 E58.39469
G1 X30.527 Y48.669 E58.41467
G1 X27.62 Y45.762 E58.58728
G1 X27.62 Y46.238 E58.60726
G1 X30.051 Y48.669 E58.7516
G1 X29.575 Y48.669 E58.77158
G1 X27.62 Y46.714 E58.88766
G1 X27.62 Y47.19 E58.90764
G1 X29.099 Y48.669 E58.99546
G1 X28.623 Y48.669 E59.01544
G1 X27.62 Y47.666 E59.07499
G1 X27.62 Y48.142 E59.09497
G1 X28.147 Y48.669 E59.12626
G1 X27.671 Y48.669 E59.14624
G1 X27.469 Y48.467 E59.15823
G1 E57.15823 F2400
G92 E0
G1 X55.029 Y49.844 F7800
G1 E2 F2400
G1 F900
G1 X65.03 Y59.846 E2.59385
G1 X65.03 Y60.322 E2.61383
G1 X55.187 Y50.478 E3.19829
G1 X55.187 Y50.955 E3.21832
G1 X65.03 Y60.798 E3.80276
G1 X65.03 Y61.274 E3.82274
G1 X55.187 Y51.431 E4.40718
G1 X55.187 Y51.907 E4.42716
G1 X65.03 Y61.75 E5.0116
G1 X65.03 Y62.226 E5.03158
G1 X55.187 Y52.383 E5.61602
G1 X55.187 Y52.859 E5.636
G1 X65.03 Y62.702 E6.22044
G1 X65.03 Y63.178 E6.24042
G1 X55.187 Y53.335 E6.82486
G1 X55.187 Y53.811 E6.84484
G1 X65.03 Y63.654 E7.42928
G1 X65.03 Y64.13 E7.44926
G1 X55.187 Y54.287 E8.0337
G1 X55.187 Y54.763 E8.05368
G1 X65.03 Y64.606 E8.63812
G1 X65.03 Y65.082 E8.6581
G1 X55.187 Y55.239 E9.24254
G1 X55.187 Y55.715 E9.26252
G1 X65.03 Y65.558 E9.84696
G1 X65.03 Y66.034 E9.86694
G1 X55.187 Y56.191 E10.45138
G1 X55.187 Y56.667 E10.47136
G1 X65.03 Y66.51 E11.0558
G1 X65.03 Y66.986 E11.07578
G1 X55.187 Y57.143 E11.66022
G1 X55.187 Y57.619 E11.6802
G1 X65.03 Y67.462 E12.26464
G1 X65.03 Y67.938 E12.28462
G1 X55.187 Y58.095 E12.86906
G1 X55.187 Y58.571 E12.88904
G1 X65.03 Y68.414 E13.47348
G1 X65.03 Y68.891 E13.49351
G1 X55.187 Y59.047 E14.07797
G1 X55.187 Y59.523 E14.09795
G1 X65.03 Y69.367 E14.68241
G1 X65.03 Y69.843 E14.70239
G1 X55.187 Y60 E15.28683
G1 X55.187 Y60.476 E15.30681
G1 X65.03 Y70.319 E15.89125
G1 X65.03 Y70.795 E15.91123
G1 X55.187 Y60.952 E16.49567
G1 X55.187 Y61.428 E16.51565
G1 X65.03 Y71.271 E17.10009
G1 X65.03 Y71.747 E17.12007
G1 X55.187 Y61.904 E17.70451
G1 X55.187 Y62.38 E17.72449
G1 X65.03 Y72.223 E18.30893
G1 X65.03 Y72.699 E18.32891
G1 X55.187 Y62.856 E18.91335
G1 X55.187 Y63.332 E18.93333
G1 X65.03 Y73.175 E19.51777
G1 X65.03 Y73.651 E19.53775
G1 X55.187 Y63.808 E20.12219
G1 X55.187 Y64.284 E20.14217
G1 X65.03 Y74.127 E20.72661
G1 X65.03 Y74.603 E20.74659
G1 X55.187 Y64.76 E21.33103
G1 X55.187 Y65.236 E21.35101
G1 X65.03 Y75.079 E21.93545
G1 X65.03 Y75.555 E21.95543
G1 X55.187 Y65.712 E22.53987
G1 X55.187 Y66.188 E22.55985
G1 X65.03 Y76.031 E23.14429
G1 X65.03 Y76.507 E23.16427
G1 X55.187 Y66.664 E23.74871
G1 X55.187 Y67.14 E23.76869
G1 X65.03 Y76.983 E24.35313
G1 X65.03 Y77.459 E24.37311
G1 X55.187 Y67.616 E24.95755
G1 X55.187 Y68.092 E24.97753
G1 X65.03 Y77.935 E25.56197
G1 X65.03 Y78.412 E25.582
G1 X55.187 Y68.568 E26.16646
G1 X55.187 Y69.044 E26.18644
G1 X65.03 Y78.888 E26.7709
G1 X65.03 Y79.364 E26.79088
G1 X55.187 Y69.521 E27.37532
G1 X55.187 Y69.997 E27.3953
G1 X65.03 Y79.84 E27.97974
G1 X65.03 Y80.316 E27.99972
G1 X55.187 Y70.473 E28.58416
G1 X55.187 Y70.949 E28.60414
G1 X65.03 Y80.792 E29.18858
G1 X65.03 Y81.268 E29.20856
G1 X55.187 Y71.425 E29.793
G1 X55.187 Y71.901 E29.81298
G1 X65.03 Y81.744 E30.39742
G1 X65.03 Y82.22 E30.4174
G1 X55.187 Y72.377 E31.00184
G1 X55.187 Y72.853 E31.02182
G1 X65.03 Y82.696 E31.60626
G1 X65.03 Y83.172 E31.62624
G1 X55.187 Y73.329 E32.21068
G1 X55.187 Y73.805 E32.23066
G1 X65.03 Y83.648 E32.8151
G1 X65.03 Y84.124 E32.83508
G1 X55.187 Y74.281 E33.41952
G1 X55.187 Y74.757 E33.4395
G1 X65.03 Y84.6 E34.02394
G1 X65.03 Y85.076 E34.04392
G1 X55.187 Y75.233 E34.62836
G1 X55.187 Y75.709 E34.64834
G1 X65.03 Y85.552 E35.23278
G1 X65.03 Y86.028 E35.25276
G1 X55.187 Y76.185 E35.8372
G1 X55.187 Y76.661 E35.85718
G1 X65.03 Y86.504 E36.44162
G1 X65.03 Y86.98 E36.4616
G1 X55.187 Y77.137 E37.04604
G1 X55.187 Y77.613 E37.06602
G1 X65.03 Y87.457 E37.65048
G1 X65.03 Y87.933 E37.67046
G1 X55.187 Y78.089 E38.25492
G1 X55.187 Y78.566 E38.27495
G1 X65.03 Y88.409 E38.85939
G1 X65.03 Y88.885 E38.87937
G1 X55.187 Y79.042 E39.46381
G1 X55.187 Y79.518 E39.48379
G1 X65.03 Y89.361 E40.06823
G1 X65.03 Y89.837 E40.08821
G1 X55.187 Y79.994 E40.67265
G1 X55.187 Y80.47 E40.69263
G1 X65.03 Y90.313 E41.27707
G1 X65.03 Y90.789 E41.29705
G1 X55.187 Y80.946 E41.88149
G1 X55.187 Y81.422 E41.90147
G1 X65.03 Y91.265 E42.48591
G1 X65.03 Y91.741 E42.50589
G1 X55.187 Y81.898 E43.09033
G1 X55.187 Y82.374 E43.11031
G1 X65.03 Y92.217 E43.69475
G1 X65.03 Y92.693 E43.71473
G1 X55.187 Y82.85 E44.29917
G1 X55.187 Y83.326 E44.31915
G1 X65.03 Y93.169 E44.90359
G1 X65.03 Y93.645 E44.92357
G1 X55.187 Y83.802 E45.50801
G1 X55.187 Y84.278 E45.52799
G1 X65.03 Y94.121 E46.11243
G1 X65.03 Y94.597 E46.13241
G1 X55.187 Y84.754 E46.71685
G1 X55.187 Y85.23 E46.73683
G1 X65.03 Y95.073 E47.32127
G1 X65.03 Y95.549 E47.34125
G1 X55.187 Y85.706 E47.92569
G1 X55.187 Y86.182 E47.94567
G1 X65.03 Y96.025 E48.53011
G1 X65.03 Y96.501 E48.55009
G1 X55.187 Y86.658 E49.13453
G1 X55.187 Y87.134 E49.15451
G1 X65.03 Y96.978 E49.73897
G1 X65.03 Y97.454 E49.75895
G1 X55.187 Y87.61 E50.34341
G1 X55.187 Y88.087 E50.36344
G1 X65.03 Y97.93 E50.94788
G1 X65.03 Y98.406 E50.96786
G1 X55.187 Y88.563 E51.5523
G1 X55.187 Y89.039 E51.57228
G1 X65.03 Y98.882 E52.15672
G1 X65.03 Y99.358 E52.1767
G1 X55.187 Y89.515 E52.76114
G1 X55.187 Y89.991 E52.78112
G1 X65.03 Y99.834 E53.36556
G1 X65.03 Y100.31 E53.38554
G1 X55.187 Y90.467 E53.96998
G1 X55.187 Y90.943 E53.98996
G1 X65.03 Y100.786 E54.5744
G1 X65.03 Y101.262 E54.59438
G1 X55.187 Y91.419 E55.17882
G1 X55.187 Y91.895 E55.1988
G1 X65.03 Y101.738 E55.78324
G1 X65.03 Y102.214 E55.80322
G1 X55.187 Y92.371 E56.38766
G1 X55.187 Y92.847 E56.40764
G1 X65.03 Y102.69 E56.99208
G1 X65.03 Y103.166 E57.01206
G1 X55.187 Y93.323 E57.5965
G1 X55.187 Y93.799 E57.61648
G1 X65.03 Y103.642 E58.20092
G1 X65.03 Y104.118 E58.2209
G1 X55.187 Y94.275 E58.80534
G1 X55.187 Y94.751 E58.82532
G1 X65.03 Y104.594 E59.40976
G1 X65.03 Y105.07 E59.42974
G1 X55.187 Y95.227 E60.01418
G1 X55.187 Y95.703 E60.03416
G1 X65.03 Y105.546 E60.6186
G1 X65.03 Y106.023 E60.63863
G1 X55.187 Y96.179 E61.22309
G1 X55.187 Y96.655 E61.24307
G1 X65.03 Y106.499 E61.82753
G1 X65.03 Y106.975 E61.84751
G1 X55.187 Y97.132 E62.43195
G1 X55.187 Y97.608 E62.45193
G1 X65.03 Y107.451 E63.03637
G1 X65.03 Y107.927 E63.05635
G1 X55.187 Y98.084 E63.64079
G1 X55.187 Y98.56 E63.66077
G1 X65.196 Y108.569 E64.25506
G1 E62.25506 F2400
G92 E0
G1 X107.95 Y38.975 F7800
G1 E2 F2400
G1 F900
G1 X107.421 Y38.445 E2.03144
G1 X106.944 Y38.445 E2.05147
G1 X107.799 Y39.3 E2.10224
G1 X107.799 Y39.776 E2.12222
G1 X106.468 Y38.445 E2.20125
G1 X105.992 Y38.445 E2.22123
G1 X107.799 Y40.252 E2.32852
G1 X107.799 Y40.728 E2.3485
G1 X105.516 Y38.445 E2.48405
G1 X105.04 Y38.445 E2.50403
G1 X107.799 Y41.204 E2.66785
G1 X107.799 Y41.68 E2.68783
G1 X104.564 Y38.445 E2.87991
G1 X104.088 Y38.445 E2.89989
G1 X107.799 Y42.156 E3.12023
G1 X107.799 Y42.632 E3.14021
G1 X103.612 Y38.445 E3.38882
G1 X103.136 Y38.445 E3.4088
G1 X107.799 Y43.108 E3.68567
G1 X107.799 Y43.584 E3.70565
G1 X102.66 Y38.445 E4.01078
G1 X102.184 Y38.445 E4.03076
G1 X107.799 Y44.06 E4.36415
G1 X107.799 Y44.536 E4.38413
G1 X101.708 Y38.445 E4.74579
G1 X101.232 Y38.445 E4.76577
G1 X107.799 Y45.012 E5.15569
G1 X107.799 Y45.488 E5.17567
G1 X100.756 Y38.445 E5.59385
G1 X100.28 Y38.445 E5.61383
G1 X107.799 Y45.964 E6.06028
G1 X107.799 Y46.441 E6.08031
G1 X99.804 Y38.445 E6.55505
G1 X99.328 Y38.445 E6.57503
G1 X107.799 Y46.917 E7.07803
G1 X107.799 Y47.393 E7.09801
G1 X98.852 Y38.445 E7.62927
G1 X98.376 Y38.445 E7.64925
G1 X107.799 Y47.869 E8.20878
G1 X107.799 Y48.345 E8.22876
G1 X97.9 Y38.445 E8.81655
G1 X97.423 Y38.445 E8.83658
G1 X107.648 Y48.669 E9.44367
G1 X107.171 Y48.669 E9.4637
G1 X96.947 Y38.445 E10.07076
G1 X96.471 Y38.445 E10.09074
G1 X106.695 Y48.669 E10.6978
G1 X106.219 Y48.669 E10.71778
G1 X95.995 Y38.445 E11.32484
G1 X95.519 Y38.445 E11.34482
G1 X105.743 Y48.669 E11.95188
G1 X105.267 Y48.669 E11.97186
G1 X95.043 Y38.445 E12.57892
G1 X94.567 Y38.445 E12.5989
G1 X104.791 Y48.669 E13.20596
G1 X104.315 Y48.669 E13.22594
G1 X94.091 Y38.445 E13.833
G1 X93.615 Y38.445 E13.85298
G1 X103.839 Y48.669 E14.46004
G1 X103.363 Y48.669 E14.48002
G1 X93.139 Y38.445 E15.08708
G1 X92.663 Y38.445 E15.10706
G1 X102.887 Y48.669 E15.71412
G1 X102.411 Y48.669 E15.7341
G1 X92.187 Y38.445 E16.34116
G1 X91.711 Y38.445 E16.36114
G1 X101.935 Y48.669 E16.9682
G1 X101.459 Y48.669 E16.98818
G1 X91.235 Y38.445 E17.59524
G1 X90.759 Y38.445 E17.61522
G1 X100.983 Y48.669 E18.22228
G1 X100.507 Y48.669 E18.24226
G1 X90.283 Y38.445 E18.84932
G1 X89.807 Y38.445 E18.8693
G1 X100.031 Y48.669 E19.47636
G1 X99.555 Y48.669 E19.49634
G1 X89.331 Y38.445 E20.1034
G1 X88.855 Y38.445 E20.12338
G1 X99.079 Y48.669 E20.73044
G1 X98.603 Y48.669 E20.75042
G1 X88.378 Y38.445 E21.35751
G1 X87.902 Y38.445 E21.37749
G1 X98.127 Y48.669 E21.98458
G1 X97.65 Y48.669 E22.00461
G1 X87.426 Y38.445 E22.61167
G1 X86.95 Y38.445 E22.63165
G1 X97.174 Y48.669 E23.23871
G1 X96.698 Y48.669 E23.25869
G1 X86.474 Y38.445 E23.86575
G1 X85.998 Y38.445 E23.88573
G1 X96.222 Y48.669 E24.49279
G1 X95.746 Y48.669 E24.51277
G1 X85.522 Y38.445 E25.11983
G1 X85.046 Y38.445 E25.13981
G1 X95.27 Y48.669 E25.74687
G1 X94.794 Y48.669 E25.76685
G1 X84.57 Y38.445 E26.37391
G1 X84.094 Y38.445 E26.39389
G1 X94.318 Y48.669 E27.00095
G1 X93.842 Y48.669 E27.02093
G1 X83.618 Y38.445 E27.62799
G1 X83.142 Y38.445 E27.64797
G1 X93.366 Y48.669 E28.25503
G1 X92.89 Y48.669 E28.27501
G1 X82.666 Y38.445 E28.88207
G1 X82.19 Y38.445 E28.90205
G1 X92.414 Y48.669 E29.50911
G1 X91.938 Y48.669 E29.52909
G1 X81.714 Y38.445 E30.13615
G1 X81.238 Y38.445 E30.15613
G1 X91.462 Y48.669 E30.76319
G1 X90.986 Y48.669 E30.78317
G1 X80.762 Y38.445 E31.39023
G1 X80.286 Y38.445 E31.41021
G1 X90.51 Y48.669 E32.01727
G1 X90.034 Y48.669 E32.03725
G1 X79.81 Y38.445 E32.64431
G1 X79.334 Y38.445 E32.66429
G1 X89.558 Y48.669 E33.27135
G1 X89.082 Y48.669 E33.29133
G1 X78.857 Y38.445 E33.89842
G1 X78.381 Y38.445 E33.9184
G1 X88.606 Y48.669 E34.52549
G1 X88.129 Y48.669 E34.54552
G1 X77.905 Y38.445 E35.15258
G1 X77.429 Y38.445 E35.17256
G1 X87.653 Y48.669 E35.77962
G1 X87.177 Y48.669 E35.7996
G1 X76.953 Y38.445 E36.40666
G1 X76.477 Y38.445 E36.42664
G1 X86.701 Y48.669 E37.0337
G1 X86.225 Y48.669 E37.05368
G1 X76.001 Y38.445 E37.66074
G1 X75.525 Y38.445 E37.68072
G1 X85.749 Y48.669 E38.28778
G1 X85.273 Y48.669 E38.30776
G1 X75.049 Y38.445 E38.91482
G1 X74.573 Y38.445 E38.9348
G1 X84.797 Y48.669 E39.54186
G1 X84.321 Y48.669 E39.56184
G1 X74.097 Y38.445 E40.1689
G1 X73.621 Y38.445 E40.18888
G1 X83.845 Y48.669 E40.79594
G1 X83.369 Y48.669 E40.81592
G1 X73.145 Y38.445 E41.42298
G1 X72.669 Y38.445 E41.44296
G1 X82.893 Y48.669 E42.05002
G1 X82.417 Y48.669 E42.07
G1 X72.193 Y38.445 E42.67706
G1 X71.717 Y38.445 E42.69704
G1 X81.941 Y48.669 E43.3041
G1 X81.465 Y48.669 E43.32408
G1 X71.241 Y38.445 E43.93114
G1 X70.765 Y38.445 E43.95112
G1 X81.059 Y48.739 E44.56233
G1 X80.744 Y48.901 E44.5772
G1 X70.389 Y38.546 E45.19204
G1 X70.389 Y39.022 E45.21202
G1 X80.504 Y49.137 E45.81261
G1 X80.45 Y49.2 E45.81609
G1 X80.326 Y49.434 E45.82721
G1 X70.389 Y39.498 E46.4172
G1 X70.389 Y39.974 E46.43718
G1 X80.241 Y49.826 E47.02215
G1 X80.233 Y50.294 E47.0418
G1 X70.389 Y40.45 E47.62629
G1 X70.389 Y40.926 E47.64627
G1 X80.233 Y50.77 E48.23076
G1 X80.233 Y51.246 E48.25074
G1 X70.389 Y41.402 E48.83523
G1 X70.389 Y41.878 E48.85521
G1 X80.233 Y51.722 E49.4397
G1 X80.233 Y52.198 E49.45968
G1 X70.388 Y42.354 E50.0442
G1 X70.388 Y42.829 E50.06414
G1 X80.233 Y52.674 E50.64869
G1 X80.233 Y53.15 E50.66867
G1 X70.388 Y43.305 E51.25322
G1 X70.388 Y43.781 E51.2732
G1 X80.233 Y53.626 E51.85775
G1 X80.233 Y54.102 E51.87773
G1 X70.388 Y44.257 E52.46228
G1 X70.388 Y44.733 E52.48226
G1 X80.233 Y54.578 E53.06681
G1 X80.233 Y55.054 E53.08679
G1 X70.388 Y45.209 E53.67134
G1 X70.388 Y45.685 E53.69132
G1 X80.233 Y55.53 E54.27587
G1 X80.233 Y56.006 E54.29585
G1 X70.388 Y46.161 E54.8804
G1 X70.388 Y46.637 E54.90038
G1 X80.233 Y56.483 E55.48496
G1 X80.233 Y56.959 E55.50494
G1 X70.388 Y47.113 E56.08952
G1 X70.388 Y47.589 E56.1095
G1 X80.233 Y57.435 E56.69408
G1 X80.233 Y57.911 E56.71406
G1 X70.388 Y48.065 E57.29864
G1 X70.388 Y48.541 E57.31862
G1 X80.233 Y58.387 E57.9032
G1 X80.233 Y58.863 E57.92318
G1 X70.388 Y49.017 E58.50776
G1 X70.388 Y49.493 E58.52774
G1 X80.233 Y59.339 E59.11232
G1 X80.233 Y59.815 E59.1323
G1 X70.388 Y49.969 E59.71688
G1 X70.387 Y50.445 E59.73686
G1 X80.233 Y60.291 E60.32147
G1 X80.233 Y60.767 E60.34145
G1 X70.387 Y50.921 E60.92606
G1 X70.387 Y51.397 E60.94604
G1 X80.233 Y61.243 E61.53065
G1 X80.233 Y61.719 E61.55063
G1 X70.387 Y51.873 E62.13524
G1 X70.387 Y52.349 E62.15522
G1 X80.233 Y62.195 E62.73983
G1 X80.233 Y62.671 E62.75981
G1 X70.387 Y52.825 E63.34442
G1 X70.387 Y53.301 E63.3644
G1 X80.233 Y63.147 E63.94901
G1 X80.233 Y63.623 E63.96899
G1 X70.387 Y53.777 E64.5536
G1 X70.387 Y54.253 E64.57358
G1 X80.233 Y64.099 E65.15819
G1 X80.233 Y64.575 E65.17817
G1 X70.387 Y54.729 E65.76278
G1 X70.387 Y55.205 E65.78276
G1 X80.233 Y65.051 E66.36737
G1 X80.233 Y65.528 E66.3874
G1 X70.387 Y55.681 E66.97204
G1 X70.387 Y56.157 E66.99202
G1 X80.233 Y66.004 E67.57666
G1 X80.233 Y66.48 E67.59664
G1 X70.387 Y56.633 E68.18128
G1 X70.387 Y57.109 E68.20126
G1 X80.233 Y66.956 E68.7859
G1 X80.233 Y67.432 E68.80588
G1 X70.387 Y57.585 E69.39052
G1 X70.387 Y58.061 E69.4105
G1 X80.233 Y67.908 E69.99514
G1 X80.233 Y68.384 E70.01512
G1 X70.387 Y58.537 E70.59976
G1 X70.386 Y59.013 E70.61974
G1 X80.233 Y68.86 E71.20441
G1 X80.233 Y69.336 E71.22439
G1 X70.386 Y59.489 E71.80906
G1 X70.386 Y59.965 E71.82904
G1 X80.233 Y69.812 E72.41371
G1 X80.233 Y70.288 E72.43369
G1 X70.386 Y60.441 E73.01836
G1 X70.386 Y60.917 E73.03834
G1 X80.233 Y70.764 E73.62301
G1 X80.233 Y71.24 E73.64299
G1 X70.386 Y61.393 E74.22766
G1 X70.386 Y61.869 E74.24764
G1 X80.233 Y71.716 E74.83231
G1 X80.233 Y72.192 E74.85229
G1 X70.386 Y62.345 E75.43696
G1 X70.386 Y62.821 E75.45694
G1 X80.233 Y72.668 E76.04161
G1 X80.233 Y73.144 E76.06159
G1 X70.386 Y63.297 E76.64626
G1 X70.386 Y63.773 E76.66624
G1 X80.233 Y73.62 E77.25091
G1 X80.233 Y74.096 E77.27089
G1 X70.386 Y64.249 E77.85556
G1 X70.386 Y64.725 E77.87554
G1 X80.233 Y74.572 E78.46021
G1 X80.233 Y75.049 E78.48024
G1 X70.386 Y65.201 E79.06494
G1 X70.386 Y65.677 E79.08492
G1 X80.233 Y75.525 E79.66962
G1 X80.233 Y76.001 E79.6896
G1 X70.386 Y66.153 E80.2743
G1 X70.386 Y66.629 E80.29428
G1 X80.233 Y76.477 E80.87898
G1 X80.233 Y76.953 E80.89896
G1 X70.385 Y67.105 E81.48369
G1 X70.385 Y67.581 E81.50367
G1 X80.233 Y77.429 E82.0884
G1 X80.233 Y77.905 E82.10838
G1 X70.385 Y68.057 E82.69311
G1 X70.385 Y68.533 E82.71309
G1 X80.233 Y78.381 E83.29782
G1 X80.233 Y78.857 E83.3178
G1 X70.385 Y69.009 E83.90253
G1 X70.385 Y69.485 E83.92251
G1 X80.233 Y79.333 E84.50724
G1 X80.233 Y79.809 E84.52722
G1 X70.385 Y69.961 E85.11195
G1 X70.385 Y70.437 E85.13193
G1 X80.233 Y80.285 E85.71666
G1 X80.233 Y80.761 E85.73664
G1 X70.385 Y70.913 E86.32137
G1 X70.385 Y71.389 E86.34135
G1 X80.233 Y81.237 E86.92608
G1 X80.233 Y81.713 E86.94606
G1 X70.385 Y71.865 E87.53079
G1 X70.385 Y72.341 E87.55077
G1 X80.233 Y82.189 E88.1355
G1 X80.233 Y82.665 E88.15548
G1 X70.385 Y72.817 E88.74021
G1 X70.385 Y73.293 E88.76019
G1 X80.233 Y83.141 E89.34492
G1 X80.233 Y83.617 E89.3649
G1 X70.385 Y73.769 E89.94963
G1 X70.385 Y74.245 E89.96961
G1 X80.233 Y84.094 E90.55437
G1 X80.233 Y84.57 E90.57435
G1 X70.385 Y74.721 E91.15911
G1 X70.384 Y75.197 E91.17909
G1 X80.233 Y85.046 E91.76388
G1 X80.233 Y85.522 E91.78386
G1 X70.384 Y75.673 E92.36865
G1 X70.384 Y76.149 E92.38863
G1 X80.233 Y85.998 E92.97342
G1 X80.233 Y86.474 E92.9934
G1 X70.384 Y76.625 E93.57819
G1 X70.384 Y77.101 E93.59817
G1 X80.233 Y86.95 E94.18296
G1 X80.233 Y87.426 E94.20294
G1 X70.384 Y77.577 E94.78773
G1 X70.384 Y78.053 E94.80771
G1 X80.233 Y87.902 E95.3925
G1 X80.233 Y88.378 E95.41248
G1 X70.384 Y78.529 E95.99727
G1 X70.384 Y79.005 E96.01725
G1 X80.233 Y88.854 E96.60204
G1 X80.233 Y89.33 E96.62202
G1 X70.384 Y79.481 E97.20681
G1 X70.384 Y79.957 E97.22679
G1 X80.233 Y89.806 E97.81158
G1 X80.233 Y90.282 E97.83156
G1 X70.384 Y80.433 E98.41635
G1 X70.384 Y80.909 E98.43633
G1 X80.233 Y90.758 E99.02112
G1 X80.233 Y91.234 E99.0411
G1 X70.384 Y81.385 E99.62589
G1 X70.384 Y81.861 E99.64587
G1 X80.233 Y91.71 E100.23066
G1 X80.233 Y92.186 E100.25064
G1 X70.384 Y82.337 E100.83543
G1 X70.384 Y82.813 E100.85541
G1 X80.233 Y92.662 E101.4402
G1 X80.233 Y93.138 E101.46018
G1 X70.384 Y83.289 E102.04497
G1 X70.383 Y83.765 E102.06495
G1 X80.233 Y93.615 E102.6498
G1 X80.233 Y94.091 E102.66978
G1 X70.383 Y84.241 E103.25463
G1 X70.383 Y84.717 E103.27461
G1 X80.233 Y94.567 E103.85946
G1 X80.233 Y95.043 E103.87944
G1 X70.383 Y85.193 E104.46429
G1 X70.383 Y85.669 E104.48427
G1 X80.233 Y95.519 E105.06912
G1 X80.233 Y95.995 E105.0891
G1 X70.383 Y86.145 E105.67395
G1 X70.383 Y86.621 E105.69393
G1 X80.233 Y96.471 E106.27878
G1 X80.233 Y96.947 E106.29876
G1 X70.383 Y87.097 E106.88361
G1 X70.383 Y87.573 E106.90359
G1 X80.233 Y97.423 E107.48844
G1 X80.233 Y97.899 E107.50842
G1 X70.383 Y88.049 E108.09327
G1 X70.383 Y88.525 E108.11325
G1 X80.233 Y98.375 E108.6981
G1 X80.233 Y98.851 E108.71808
G1 X70.383 Y89.001 E109.30293
G1 X70.383 Y89.477 E109.32291
G1 X80.233 Y99.327 E109.90776
G1 X80.233 Y99.803 E109.92774
G1 X70.383 Y89.953 E110.51259
G1 X70.383 Y90.429 E110.53257
G1 X80.233 Y100.279 E111.11742
G1 X80.233 Y100.755 E111.1374
G1 X70.383 Y90.905 E111.72225
G1 X70.383 Y91.381 E111.74223
G1 X80.233 Y101.231 E112.32708
G1 X80.233 Y101.707 E112.34706
G1 X70.382 Y91.857 E112.93194
G1 X70.382 Y92.333 E112.95192
G1 X80.233 Y102.183 E113.5368
G1 X80.233 Y102.66 E113.55683
G1 X70.382 Y92.809 E114.14174
G1 X70.382 Y93.285 E114.16172
G1 X80.233 Y103.136 E114.74663
G1 X80.233 Y103.612 E114.76661
G1 X70.382 Y93.761 E115.35152
G1 X70.382 Y94.237 E115.3715
G1 X80.233 Y104.088 E115.95641
G1 X80.233 Y104.564 E115.97639
G1 X70.382 Y94.713 E116.5613
G1 X70.382 Y95.189 E116.58128
G1 X80.233 Y105.04 E117.16619
G1 X80.233 Y105.516 E117.18617
G1 X70.382 Y95.665 E117.77108
G1 X70.382 Y96.141 E117.79106
G1 X80.233 Y105.992 E118.37597
G1 X80.233 Y106.468 E118.39595
G1 X70.382 Y96.617 E118.98086
G1 X70.382 Y97.093 E119.00084
G1 X80.233 Y106.944 E119.58575
G1 X80.233 Y107.42 E119.60573
G1 X70.382 Y97.569 E120.19064
G1 X70.382 Y98.045 E120.21062
G1 X80.233 Y107.896 E120.79553
G1 X80.233 Y108.372 E120.81551
G1 X70.382 Y98.521 E121.40042
G1 X70.382 Y98.997 E121.4204
G1 X80.233 Y108.848 E122.00531
G1 X80.233 Y109.324 E122.02529
G1 X70.382 Y99.473 E122.6102
G1 X70.381 Y99.949 E122.63018
G1 X80.233 Y109.8 E123.21512
G1 X80.233 Y110.276 E123.2351
G1 X70.381 Y100.425 E123.82004
G1 X70.381 Y100.901 E123.84002
G1 X80.233 Y110.752 E124.42496
G1 X80.233 Y111.228 E124.44494
G1 X70.381 Y101.377 E125.02988
G1 X70.381 Y101.853 E125.04986
G1 X80.233 Y111.704 E125.6348
G1 X80.233 Y112.181 E125.65483
G1 X70.381 Y102.329 E126.2398
G1 X70.381 Y102.805 E126.25978
G1 X80.233 Y112.657 E126.84475
G1 X80.233 Y113.133 E126.86473
G1 X70.381 Y103.281 E127.4497
G1 X70.381 Y103.757 E127.46968
G1 X80.233 Y113.609 E128.05465
G1 X80.233 Y114.085 E128.07463
G1 X70.381 Y104.233 E128.6596
G1 X70.381 Y104.709 E128.67958
G1 X80.233 Y114.561 E129.26455
G1 X80.233 Y115.037 E129.28453
G1 X70.381 Y105.185 E129.8695
G1 X70.381 Y105.661 E129.88948
G1 X80.233 Y115.513 E130.47445
G1 X80.233 Y115.989 E130.49443
G1 X70.381 Y106.137 E131.0794
G1 X70.381 Y106.613 E131.09938
G1 X80.233 Y116.465 E131.68435
G1 X80.233 Y116.941 E131.70433
G1 X70.381 Y107.089 E132.2893
G1 X70.381 Y107.565 E132.30928
G1 X80.028 Y117.212 E132.88208
G1 X79.552 Y117.212 E132.90206
G1 X70.381 Y108.041 E133.44659
G1 X70.38 Y108.517 E133.46657
G1 X79.076 Y117.212 E133.98287
G1 X78.611 Y117.223 E134.0024
G1 X70.281 Y108.894 E134.49697
G1 X70.1 Y109.188 E134.51147
G1 X78.224 Y117.312 E134.99384
G1 X78.112 Y117.358 E134.99892
G1 X77.923 Y117.487 E135.00853
G1 X69.848 Y109.412 E135.48799
G1 X69.525 Y109.565 E135.503
G1 X77.698 Y117.738 E135.98828
G1 X77.569 Y117.942 E135.99841
G1 X77.532 Y118.049 E136.00316
G1 X69.108 Y109.624 E136.50337
G1 X68.632 Y109.624 E136.52335
G1 X77.471 Y118.464 E137.0482
G1 X77.471 Y118.939 E137.06814
G1 X68.156 Y109.624 E137.62122
G1 X67.68 Y109.624 E137.6412
G1 X77.471 Y119.415 E138.22255
G1 X77.471 Y119.891 E138.24253
G1 X67.204 Y109.624 E138.85214
G1 X66.728 Y109.624 E138.87212
G1 X77.47 Y120.367 E139.50996
G1 X77.47 Y120.843 E139.52994
G1 X66.083 Y109.455 E140.20608
G1 E138.20608 F2400
G92 E0
G1 X77.621 Y121.47 F7800
G1 E2 F2400
G1 F900
G1 X55.187 Y99.036 E3.33203
G1 X55.187 Y99.512 E3.35201
G1 X77.47 Y121.795 E4.67508
G1 X77.47 Y122.271 E4.69506
G1 X55.187 Y99.988 E6.01813
G1 X55.187 Y100.464 E6.03811
G1 X77.47 Y122.747 E7.36118
G1 X77.469 Y123.222 E7.38112
G1 X55.187 Y100.94 E8.70413
G1 X55.187 Y101.416 E8.72411
G1 X77.469 Y123.698 E10.04712
G1 X77.469 Y124.174 E10.0671
G1 X55.187 Y101.892 E11.39011
G1 X55.187 Y102.368 E11.41009
G1 X77.469 Y124.65 E12.7331
G1 X77.469 Y125.126 E12.75308
G1 X55.187 Y102.844 E14.07609
G1 X55.187 Y103.32 E14.09607
G1 X77.469 Y125.602 E15.41908
G1 X77.468 Y126.078 E15.43906
G1 X55.187 Y103.796 E16.76204
G1 X55.187 Y104.272 E16.78202
G1 X77.468 Y126.554 E18.105
G1 X77.468 Y127.029 E18.12494
G1 X55.187 Y104.748 E19.44789
G1 X55.187 Y105.224 E19.46787
G1 X77.468 Y127.505 E20.79082
G1 X77.468 Y127.981 E20.8108
G1 X55.187 Y105.7 E22.13375
G1 X55.187 Y106.176 E22.15373
G1 X77.468 Y128.457 E23.47668
G1 X77.467 Y128.933 E23.49666
G1 X55.187 Y106.653 E24.81955
G1 X55.187 Y107.129 E24.83953
G1 X77.467 Y129.409 E26.16242
G1 X77.467 Y129.885 E26.1824
G1 X55.187 Y107.605 E27.50529
G1 X55.187 Y108.081 E27.52527
G1 X77.467 Y130.361 E28.84816
G1 X77.467 Y130.836 E28.8681
G1 X55.187 Y108.557 E30.19096
G1 X55.187 Y109.033 E30.21094
G1 X77.466 Y131.312 E31.53377
G1 X77.466 Y131.788 E31.55375
G1 X55.187 Y109.509 E32.87658
G1 X55.187 Y109.985 E32.89656
G1 X77.466 Y132.264 E34.21939
G1 X77.466 Y132.74 E34.23937
G1 X55.187 Y110.461 E35.5622
G1 X55.187 Y110.937 E35.58218
G1 X77.466 Y133.216 E36.90501
G1 X77.466 Y133.692 E36.92499
G1 X55.187 Y111.413 E38.24782
G1 X55.187 Y111.889 E38.2678
G1 X77.465 Y134.168 E39.5906
G1 X77.465 Y134.643 E39.61054
G1 X55.187 Y112.365 E40.93331
G1 X55.187 Y112.841 E40.95329
G1 X77.465 Y135.119 E42.27606
G1 X77.465 Y135.595 E42.29604
G1 X55.187 Y113.317 E43.61881
G1 X55.187 Y113.793 E43.63879
G1 X77.465 Y136.071 E44.96156
G1 X77.465 Y136.547 E44.98154
G1 X55.187 Y114.269 E46.30431
G1 X55.187 Y114.745 E46.32429
G1 X77.464 Y137.023 E47.64703
G1 X77.464 Y137.499 E47.66701
G1 X55.187 Y115.221 E48.98975
G1 X55.187 Y115.698 E49.00978
G1 X56.702 Y117.212 E49.0997
G1 X56.226 Y117.212 E49.11968
G1 X55.187 Y116.174 E49.18134
G1 X55.187 Y116.65 E49.20132
G1 X55.75 Y117.212 E49.23472
G1 X55.274 Y117.212 E49.2547
G1 X55.036 Y116.975 E49.2688
G1 E47.2688 F2400
G92 E0
G1 X57.795 Y118.306 F7800
G1 E2 F2400
G1 F900
G1 X77.377 Y137.887 E3.16267
G1 X76.901 Y137.887 E3.18265
G1 X57.949 Y118.936 E4.30791
G1 X57.949 Y119.412 E4.32789
G1 X76.425 Y137.887 E5.42489
G1 X75.949 Y137.887 E5.44487
G1 X57.949 Y119.888 E6.5136
G1 X57.95 Y120.364 E6.53358
G1 X75.473 Y137.887 E7.57402
G1 X74.996 Y137.887 E7.59405
G1 X57.95 Y120.841 E8.60617
G1 X57.95 Y121.317 E8.62615
G1 X74.52 Y137.887 E9.61001
G1 X74.044 Y137.887 E9.62999
G1 X57.95 Y121.793 E10.58558
G1 X57.95 Y122.269 E10.60556
G1 X73.568 Y137.887 E11.53289
G1 X73.092 Y137.887 E11.55287
G1 X57.95 Y122.745 E12.45194
G1 X57.951 Y123.222 E12.47197
G1 X72.616 Y137.887 E13.34271
G1 X72.14 Y137.887 E13.36269
G1 X57.951 Y123.698 E14.20517
G1 X57.951 Y124.174 E14.22515
G1 X71.664 Y137.887 E15.03937
G1 X71.188 Y137.887 E15.05935
G1 X57.951 Y124.65 E15.84531
G1 X57.951 Y125.127 E15.86534
G1 X70.712 Y137.887 E16.623
G1 X70.236 Y137.887 E16.64298
G1 X57.951 Y125.603 E17.37238
G1 X57.952 Y126.079 E17.39236
G1 X69.76 Y137.887 E18.09347
G1 X69.284 Y137.887 E18.11345
G1 X57.952 Y126.555 E18.7863
G1 X57.952 Y127.031 E18.80628
G1 X68.808 Y137.887 E19.45086
G1 X68.332 Y137.887 E19.47084
G1 X57.952 Y127.508 E20.08713
G1 X57.952 Y127.984 E20.10711
G1 X67.856 Y137.887 E20.69514
G1 X67.38 Y137.887 E20.71512
G1 X57.952 Y128.46 E21.27488
G1 X57.953 Y128.936 E21.29486
G1 X66.904 Y137.887 E21.82633
G1 X66.428 Y137.887 E21.84631
G1 X57.953 Y129.413 E22.34949
G1 X57.953 Y129.889 E22.36947
G1 X65.951 Y137.887 E22.84436
G1 X65.475 Y137.887 E22.86434
G1 X57.953 Y130.365 E23.31096
G1 X57.953 Y130.841 E23.33094
G1 X64.999 Y137.887 E23.7493
G1 X64.523 Y137.887 E23.76928
G1 X57.954 Y131.317 E24.15935
G1 X57.954 Y131.794 E24.17938
G1 X64.047 Y137.887 E24.54116
G1 X63.571 Y137.887 E24.56114
G1 X57.954 Y132.27 E24.89465
G1 X57.954 Y132.746 E24.91463
G1 X63.095 Y137.887 E25.21988
G1 X62.619 Y137.887 E25.23986
G1 X57.954 Y133.222 E25.51685
G1 X57.954 Y133.699 E25.53688
G1 X62.143 Y137.887 E25.78558
G1 X61.667 Y137.887 E25.80556
G1 X57.955 Y134.175 E26.02596
G1 X57.955 Y134.651 E26.04594
G1 X61.191 Y137.887 E26.23808
G1 X60.715 Y137.887 E26.25806
G1 X57.955 Y135.127 E26.42194
G1 X57.955 Y135.603 E26.44192
G1 X60.239 Y137.887 E26.57753
G1 X59.763 Y137.887 E26.59751
G1 X57.955 Y136.08 E26.70483
G1 X57.955 Y136.556 E26.72481
G1 X59.287 Y137.887 E26.80387
G1 X58.811 Y137.887 E26.82385
G1 X57.956 Y137.032 E26.87462
G1 X57.956 Y137.508 E26.8946
G1 X58.486 Y138.038 E26.92607
G1 E24.92607 F2400
G92 E0
G1 X52.861 Y127.399 F7800
G1 E2 F2400
;TYPE:Perimeter
;WIDTH:0.45
G1 X52.861 Y138.151 E2.51713
G1 X27.356 Y138.151 E3.74383
G1 X27.356 Y127.399 E4.26096
G1 X52.801 Y127.399 E5.48478
G1 X53.247 Y127.013 F7800
G1 F2400
G1 X53.247 Y138.537 E6.03904
G1 X26.97 Y138.537 E7.30287
G1 X26.97 Y127.013 E7.85713
G1 X53.187 Y127.013 E9.11808
G1 X53.632 Y126.628 F7800
;TYPE:External perimeter
G1 F1500
G1 X53.632 Y138.923 E9.70943
G1 X26.585 Y138.923 E11.0103
G1 X26.585 Y126.628 E11.60165
G1 X53.573 Y126.628 E12.89968
G1 X53.632 Y127.023 F7800
G1 X52.748 Y128.196
;TYPE:Top solid infill
;WIDTH:0.402589
G1 F900
G1 X52.215 Y127.663 E12.93148
G1 X51.737 Y127.663 E12.95164
G1 X52.597 Y128.523 E13.00294
G1 X52.597 Y129.002 E13.02315
G1 X51.259 Y127.663 E13.103
G1 X50.78 Y127.663 E13.12321
G1 X52.597 Y129.48 E13.2316
G1 X52.597 Y129.958 E13.25176
G1 X50.302 Y127.663 E13.38867
G1 X49.824 Y127.663 E13.40883
G1 X52.597 Y130.437 E13.57429
G1 X52.597 Y130.915 E13.59445
G1 X49.345 Y127.663 E13.78845
G1 X48.867 Y127.663 E13.80861
G1 X52.597 Y131.393 E14.03113
G1 X52.597 Y131.871 E14.05129
G1 X48.389 Y127.663 E14.30232
G1 X47.91 Y127.663 E14.32253
G1 X52.597 Y132.35 E14.60214
G1 X52.597 Y132.828 E14.6223
G1 X47.432 Y127.663 E14.93042
G1 X46.954 Y127.663 E14.95058
G1 X52.597 Y133.306 E15.28722
G1 X52.597 Y133.785 E15.30743
G1 X46.476 Y127.663 E15.67261
G1 X45.997 Y127.663 E15.69282
G1 X52.597 Y134.263 E16.08655
G1 X52.597 Y134.741 E16.10671
G1 X45.519 Y127.663 E16.52896
G1 X45.041 Y127.663 E16.54912
G1 X52.597 Y135.22 E16.99991
G1 X52.597 Y135.698 E17.02007
G1 X44.562 Y127.663 E17.49941
G1 X44.084 Y127.663 E17.51957
G1 X52.597 Y136.176 E18.02742
G1 X52.597 Y136.654 E18.04758
G1 X43.606 Y127.663 E18.58395
G1 X43.127 Y127.663 E18.60416
G1 X52.597 Y137.133 E19.1691
G1 X52.597 Y137.611 E19.18926
G1 X42.649 Y127.663 E19.78272
G1 X42.171 Y127.663 E19.80288
G1 X52.395 Y137.887 E20.4128
G1 X51.917 Y137.887 E20.43296
G1 X41.693 Y127.663 E21.04288
G1 X41.214 Y127.663 E21.06309
G1 X51.438 Y137.887 E21.67301
G1 X50.96 Y137.887 E21.69317
G1 X40.736 Y127.663 E22.30309
G1 X40.258 Y127.663 E22.32325
G1 X50.482 Y137.887 E22.93317
G1 X50.003 Y137.887 E22.95338
G1 X39.779 Y127.663 E23.5633
G1 X39.301 Y127.663 E23.58346
G1 X49.525 Y137.887 E24.19338
G1 X49.047 Y137.887 E24.21354
G1 X38.823 Y127.663 E24.82346
G1 X38.344 Y127.663 E24.84367
G1 X48.569 Y137.887 E25.45362
G1 X48.09 Y137.887 E25.47383
G1 X37.866 Y127.663 E26.08375
G1 X37.388 Y127.663 E26.10391
G1 X47.612 Y137.887 E26.71383
G1 X47.134 Y137.887 E26.73399
G1 X36.91 Y127.663 E27.34391
G1 X36.431 Y127.663 E27.36412
G1 X46.655 Y137.887 E27.97404
G1 X46.177 Y137.887 E27.9942
G1 X35.953 Y127.663 E28.60412
G1 X35.475 Y127.663 E28.62428
G1 X45.699 Y137.887 E29.2342
G1 X45.221 Y137.887 E29.25436
G1 X34.996 Y127.663 E29.86431
G1 X34.518 Y127.663 E29.88447
G1 X44.742 Y137.887 E30.49439
G1 X44.264 Y137.887 E30.51455
G1 X34.04 Y127.663 E31.12447
G1 X33.562 Y127.663 E31.14463
G1 X43.786 Y137.887 E31.75455
G1 X43.307 Y137.887 E31.77476
G1 X33.083 Y127.663 E32.38468
G1 X32.605 Y127.663 E32.40484
G1 X42.829 Y137.887 E33.01476
G1 X42.351 Y137.887 E33.03492
G1 X32.127 Y127.663 E33.64484
G1 X31.648 Y127.663 E33.66505
G1 X41.872 Y137.887 E34.27497
G1 X41.394 Y137.887 E34.29513
G1 X31.17 Y127.663 E34.90505
G1 X30.692 Y127.663 E34.92521
G1 X40.916 Y137.887 E35.53513
G1 X40.438 Y137.887 E35.55529
G1 X30.213 Y127.663 E36.16524
G1 X29.735 Y127.663 E36.1854
G1 X39.959 Y137.887 E36.79532
G1 X39.481 Y137.887 E36.81548
G1 X29.257 Y127.663 E37.4254
G1 X28.779 Y127.663 E37.44556
G1 X39.003 Y137.887 E38.05548
G1 X38.524 Y137.887 E38.07569
G1 X28.3 Y127.663 E38.68561
G1 X27.822 Y127.663 E38.70577
G1 X38.046 Y137.887 E39.31569
G1 X37.568 Y137.887 E39.33585
G1 X27.62 Y127.939 E39.92931
G1 X27.62 Y128.418 E39.94952
G1 X37.089 Y137.887 E40.5144
G1 X36.611 Y137.887 E40.53456
G1 X27.62 Y128.896 E41.07093
G1 X27.62 Y129.374 E41.09109
G1 X36.133 Y137.887 E41.59894
G1 X35.655 Y137.887 E41.6191
G1 X27.62 Y129.853 E42.09841
G1 X27.62 Y130.331 E42.11857
G1 X35.176 Y137.887 E42.56933
G1 X34.698 Y137.887 E42.58949
G1 X27.62 Y130.809 E43.01174
G1 X27.62 Y131.288 E43.03195
G1 X34.22 Y137.887 E43.42565
G1 X33.741 Y137.887 E43.44586
G1 X27.62 Y131.766 E43.81101
G1 X27.62 Y132.244 E43.83117
G1 X33.263 Y137.887 E44.16781
G1 X32.785 Y137.887 E44.18797
G1 X27.62 Y132.722 E44.49609
G1 X27.62 Y133.201 E44.5163
G1 X32.306 Y137.887 E44.79585
G1 X31.828 Y137.887 E44.81601
G1 X27.62 Y133.679 E45.06704
G1 X27.62 Y134.157 E45.0872
G1 X31.35 Y137.887 E45.30972
G1 X30.872 Y137.887 E45.32988
G1 X27.62 Y134.636 E45.52385
G1 X27.62 Y135.114 E45.54401
G1 X30.393 Y137.887 E45.70944
G1 X29.915 Y137.887 E45.7296
G1 X27.62 Y135.592 E45.86651
G1 X27.62 Y136.071 E45.88672
G1 X29.437 Y137.887 E45.99509
G1 X28.958 Y137.887 E46.0153
G1 X27.62 Y136.549 E46.09512
G1 X27.62 Y137.027 E46.11528
G1 X28.48 Y137.887 E46.16658
G1 X28.002 Y137.887 E46.18674
G1 X27.469 Y137.354 E46.21854
;LAYER_CHANGE
;Z:3.05
;HEIGHT:0.3
G1 E44.21854 F2400
G92 E0
G1 Z3.05 F7800
G1 X222.598 Y38.181
G1 E2 F2400
;TYPE:Perimeter
;WIDTH:0.45
G1 X157.406 Y105.944 E6.52256
G1 X157.406 Y49.576 E9.23366
G1 X160.613 Y49.576 E9.38791
G1 X160.902 Y49.484 E9.4025
G1 X161.196 Y49.27 E9.41999
G1 X161.382 Y48.983 E9.43644
G1 X161.456 Y48.612 E9.45464
G1 X161.456 Y38.181 E9.95633
G1 X222.538 Y38.181 E12.89416
G1 X223.03 Y37.795 F7800
G1 F2400
G1 X223.03 Y38.289 E12.91792
G1 X157.5 Y106.403 E17.46392
G1 X157.02 Y106.403 E17.48701
G1 X157.02 Y49.19 E20.23876
G1 X160.572 Y49.19 E20.4096
G1 X160.831 Y49.08 E20.42313
G1 X161.004 Y48.88 E20.43585
G1 X161.07 Y48.612 E20.44912
G1 X161.07 Y37.795 E20.96938
G1 X222.97 Y37.795 E23.94655
G1 X223.416 Y37.41 F7800
;TYPE:External perimeter
G1 F1500
G1 X223.416 Y38.444 E23.99628
G1 X157.664 Y106.789 E28.55769
G1 X156.635 Y106.789 E28.60718
G1 X156.635 Y48.805 E31.39601
G1 X160.492 Y48.805 E31.58152
G1 X160.616 Y48.759 E31.58788
G1 X160.685 Y48.612 E31.59569
G1 X160.685 Y37.41 E32.13447
G1 X223.356 Y37.41 E35.14873
G1 X223.415 Y37.805 F7800
G1 E33.14873 F2400
G92 E0
G1 X161.85 Y38.501 F7800
G1 E2 F2400
;TYPE:Solid infill
;WIDTH:0.543559
G1 F1200
G1 X161.807 Y38.459 E2.00359
G1 X161.749 Y38.475 E2.00719
G1 X161.734 Y38.532 E2.01071
G1 X161.776 Y38.575 E2.0143
G1 X161.834 Y38.559 E2.0179
;WIDTH:0.45
G1 X162.45 Y38.47 E2.04784
G1 X161.745 Y39.175 E2.09579
G1 X161.745 Y39.721 E2.12205
G1 X162.995 Y38.47 E2.20711
G1 X163.541 Y38.47 E2.23337
G1 X161.745 Y40.266 E2.35553
G1 X161.745 Y40.811 E2.38174
G1 X164.086 Y38.47 E2.54097
G1 X164.631 Y38.47 E2.56718
G1 X161.745 Y41.357 E2.76352
G1 X161.745 Y41.902 E2.78973
G1 X165.177 Y38.47 E3.02317
G1 X165.722 Y38.47 E3.04938
G1 X161.745 Y42.447 E3.31989
G1 X161.745 Y42.993 E3.34615
G1 X166.267 Y38.47 E3.65376
G1 X166.813 Y38.47 E3.68002
G1 X161.745 Y43.538 E4.02474
G1 X161.745 Y44.083 E4.05095
G1 X167.358 Y38.47 E4.43274
G1 X167.903 Y38.47 E4.45895
G1 X161.745 Y44.629 E4.87784
G1 X161.745 Y45.174 E4.90405
G1 X168.449 Y38.47 E5.36005
G1 X168.994 Y38.47 E5.38626
G1 X161.745 Y45.719 E5.87933
G1 X161.745 Y46.265 E5.90559
G1 X169.54 Y38.47 E6.4358
G1 X170.085 Y38.47 E6.46201
G1 X161.745 Y46.81 E7.02929
G1 X161.745 Y47.355 E7.0555
G1 X170.63 Y38.47 E7.65985
G1 X171.176 Y38.47 E7.68611
G1 X161.745 Y47.901 E8.32759
G1 X161.745 Y48.446 E8.3538
G1 X171.721 Y38.47 E9.03236
G1 X172.266 Y38.47 E9.05857
G1 X161.642 Y49.094 E9.7812
G1 X161.43 Y49.367 E9.79782
;WIDTH:0.404381
G1 X161.246 Y49.553 E9.80891
G1 E7.80891 F2400
G92 E0
G1 X158.145 Y49.865 F7800
G1 E2 F2400
;WIDTH:0.45
G1 F1200
G1 X157.695 Y50.315 E2.03061
G1 X157.695 Y50.86 E2.05682
G1 X158.69 Y49.865 E2.1245
G1 X159.235 Y49.865 E2.15071
G1 X157.695 Y51.405 E2.25546
G1 X157.695 Y51.951 E2.28172
G1 X159.781 Y49.865 E2.42361
G1 X160.326 Y49.865 E2.44982
G1 X157.695 Y52.496 E2.62878
G1 X157.623 Y53.303 F7800
;WIDTH:0.404381
G1 F1200
G1 X157.552 Y53.284 E2.6319
G1 X157.571 Y53.355 E2.63502
G1 X157.612 Y53.344 E2.63682
;WIDTH:0.45
G1 X157.695 Y53.041 E2.65193
G1 X160.973 Y49.763 E2.8749
G1 E.8749 F2400
G92 E0
G1 X157.695 Y53.587 F7800
G1 E2 F2400
G1 F1200
G1 X172.812 Y38.47 E3.02824
G1 X173.357 Y38.47 E3.05445
G1 X157.695 Y54.132 E4.11976
G1 X157.695 Y54.678 E4.14602
G1 X173.902 Y38.47 E5.24843
G1 X174.448 Y38.47 E5.27469
G1 X157.695 Y55.223 E6.41421
G1 X157.695 Y55.768 E6.44042
G1 X174.993 Y38.47 E7.61701
G1 X175.538 Y38.47 E7.64322
G1 X157.695 Y56.314 E8.85691
G1 X157.695 Y56.859 E8.88312
G1 X176.084 Y38.47 E10.13392
G1 X176.629 Y38.47 E10.16013
G1 X157.695 Y57.404 E11.448
G1 X157.695 Y57.95 E11.47426
G1 X177.174 Y38.47 E12.79923
G1 X177.72 Y38.47 E12.82549
G1 X157.695 Y58.495 E14.18757
G1 X157.695 Y59.04 E14.21378
G1 X178.265 Y38.47 E15.61293
G1 X178.81 Y38.47 E15.63914
G1 X157.695 Y59.586 E17.07539
G1 X157.695 Y60.131 E17.1016
G1 X179.356 Y38.47 E18.57495
G1 X179.901 Y38.47 E18.60116
G1 X157.695 Y60.676 E20.11158
G1 X157.695 Y61.222 E20.13784
G1 X180.446 Y38.47 E21.68537
G1 X180.992 Y38.47 E21.71163
G1 X157.695 Y61.767 E23.29626
G1 X157.695 Y62.312 E23.32247
G1 X181.537 Y38.47 E24.94417
G1 X182.083 Y38.47 E24.97043
G1 X157.695 Y62.858 E26.62927
G1 X157.695 Y63.403 E26.65548
G1 X182.628 Y38.47 E28.35139
G1 X183.173 Y38.47 E28.3776
G1 X157.695 Y63.948 E30.11058
G1 X157.695 Y64.494 E30.13684
G1 X183.719 Y38.47 E31.90696
G1 X184.264 Y38.47 E31.93317
G1 X157.695 Y65.039 E33.74036
G1 X157.695 Y65.584 E33.76657
G1 X184.809 Y38.47 E35.61083
G1 X185.355 Y38.47 E35.63709
G1 X157.695 Y66.13 E37.51849
G1 X157.695 Y66.675 E37.5447
G1 X185.9 Y38.47 E39.46317
G1 X186.445 Y38.47 E39.48938
G1 X157.695 Y67.221 E41.44495
G1 X157.695 Y67.766 E41.47116
G1 X186.991 Y38.47 E43.46384
G1 X187.536 Y38.47 E43.49005
G1 X157.695 Y68.311 E45.5198
G1 X157.695 Y68.857 E45.54606
G1 X188.081 Y38.47 E47.61291
G1 X188.627 Y38.47 E47.63917
G1 X157.695 Y69.402 E49.74313
G1 X157.695 Y69.947 E49.76934
G1 X189.172 Y38.47 E51.91037
G1 X189.717 Y38.47 E51.93658
G1 X157.695 Y70.493 E54.11471
G1 X157.695 Y71.038 E54.14092
G1 X190.263 Y38.47 E56.35615
G1 X190.808 Y38.47 E56.38236
G1 X157.695 Y71.583 E58.63467
G1 X157.695 Y72.129 E58.66093
G1 X191.353 Y38.47 E60.95034
G1 X191.899 Y38.47 E60.9766
G1 X157.695 Y72.674 E63.30311
G1 X157.695 Y73.219 E63.32932
G1 X192.444 Y38.47 E65.6929
G1 X192.989 Y38.47 E65.71911
G1 X157.695 Y73.765 E68.1198
G1 X157.695 Y74.31 E68.14601
G1 X193.535 Y38.47 E70.5838
G1 X194.08 Y38.47 E70.61001
G1 X157.695 Y74.855 E73.08487
G1 X157.695 Y75.401 E73.11113
G1 X194.626 Y38.47 E75.62313
G1 X195.171 Y38.47 E75.64934
G1 X157.695 Y75.946 E78.19841
G1 X157.695 Y76.491 E78.22462
G1 X195.716 Y38.47 E80.81076
G1 X196.262 Y38.47 E80.83702
G1 X157.695 Y77.037 E83.4603
G1 X157.695 Y77.582 E83.48651
G1 X196.807 Y38.47 E86.14686
G1 X197.352 Y38.47 E86.17307
G1 X157.695 Y78.127 E88.87049
G1 X157.695 Y78.673 E88.89675
G1 X197.898 Y38.47 E91.63131
G1 X198.443 Y38.47 E91.65752
G1 X157.695 Y79.218 E94.42915
G1 X157.695 Y79.764 E94.45541
G1 X198.988 Y38.47 E97.26414
G1 X199.534 Y38.47 E97.2904
G1 X157.695 Y80.309 E100.13624
G1 X157.695 Y80.854 E100.16245
G1 X200.079 Y38.47 E103.04536
G1 X200.624 Y38.47 E103.07157
G1 X157.695 Y81.4 E105.99158
G1 X157.695 Y81.945 E106.01779
G1 X201.17 Y38.47 E108.97491
G1 X201.715 Y38.47 E109.00112
G1 X157.695 Y82.49 E111.99531
G1 X157.695 Y83.036 E112.02157
G1 X202.26 Y38.47 E115.05286
G1 X202.806 Y38.47 E115.07912
G1 X157.695 Y83.581 E118.14751
G1 X157.695 Y84.126 E118.17372
G1 X203.351 Y38.47 E121.27918
G1 X203.896 Y38.47 E121.30539
G1 X157.695 Y84.672 E124.44796
G1 X157.695 Y85.217 E124.47417
G1 X204.442 Y38.47 E127.65384
G1 X204.987 Y38.47 E127.68005
G1 X157.695 Y85.762 E130.89679
G1 X157.695 Y86.308 E130.92305
G1 X205.532 Y38.47 E134.1769
G1 X206.078 Y38.47 E134.20316
G1 X157.695 Y86.853 E137.49411
G1 X157.695 Y87.398 E137.52032
G1 X206.623 Y38.47 E140.84834
G1 X207.169 Y38.47 E140.8746
G1 X157.695 Y87.944 E144.23976
G1 X157.695 Y88.489 E144.26597
G1 X207.714 Y38.47 E147.6682
G1 X208.259 Y38.47 E147.69441
G1 X157.695 Y89.034 E151.13371
G1 X157.695 Y89.58 E151.15997
G1 X208.805 Y38.47 E154.63641
G1 X209.35 Y38.47 E154.66262
G1 X157.695 Y90.125 E158.17613
G1 X157.695 Y90.67 E158.20234
G1 X209.895 Y38.47 E161.75292
G1 X210.441 Y38.47 E161.77918
G1 X157.695 Y91.216 E165.3669
G1 X157.695 Y91.761 E165.39311
G1 X210.986 Y38.47 E169.0179
G1 X211.531 Y38.47 E169.04411
G1 X157.695 Y92.306 E172.70597
G1 X157.695 Y92.852 E172.73223
G1 X212.077 Y38.47 E176.43123
G1 X212.622 Y38.47 E176.45744
G1 X157.695 Y93.397 E180.19351
G1 X157.695 Y93.943 E180.21977
G1 X213.167 Y38.47 E183.99294
G1 X213.713 Y38.47 E184.0192
G1 X157.695 Y94.488 E187.82947
G1 X157.695 Y95.033 E187.85568
G1 X214.258 Y38.47 E191.70303
G1 X214.803 Y38.47 E191.72924
G1 X157.695 Y95.579 E195.61369
G1 X157.695 Y96.124 E195.6399
G1 X215.349 Y38.47 E199.56145
G1 X215.894 Y38.47 E199.58766
G1 X157.695 Y96.669 E203.54628
G1 X157.695 Y97.215 E203.57254
G1 X216.439 Y38.47 E207.56827
G1 X216.985 Y38.47 E207.59453
G1 X157.695 Y97.76 E211.62736
G1 X157.695 Y98.305 E211.65357
G1 X217.53 Y38.47 E215.72347
G1 X218.075 Y38.47 E215.74968
G1 X157.695 Y98.851 E219.85669
G1 X157.695 Y99.396 E219.8829
G1 X218.621 Y38.47 E224.02701
G1 X219.166 Y38.47 E224.05322
G1 X157.695 Y99.941 E228.2344
G1 X157.695 Y100.487 E228.26066
G1 X219.712 Y38.47 E232.47898
G1 X220.257 Y38.47 E232.50519
G1 X157.695 Y101.032 E236.76058
G1 X157.695 Y101.577 E236.78679
G1 X220.802 Y38.47 E241.07925
G1 X221.348 Y38.47 E241.10551
G1 X157.695 Y102.123 E245.43511
G1 X157.695 Y102.668 E245.46132
G1 X221.893 Y38.47 E249.82799
G1 E247.82799 F2400
G92 E0
G1 X219.088 Y41.619 F7800
G1 E2 F2400
;WIDTH:0.442603
G1 F1200
G1 X209.016 Y51.888 E2.67855
;WIDTH:0.45
G1 X157.695 Y103.213 E6.16948
G1 X157.695 Y103.759 E6.19574
G1 X195.186 Y66.263 E8.746
;WIDTH:0.442603
G1 X205.258 Y55.994 E9.42455
G1 E7.42455 F2400
G92 E0
G1 X191.428 Y70.369 F7800
G1 E2 F2400
G1 F1200
G1 X181.356 Y80.638 E2.67855
;WIDTH:0.45
G1 X157.695 Y104.304 E4.28811
G1 X157.695 Y104.849 E4.31432
G1 X167.527 Y95.012 E4.98325
;WIDTH:0.442603
G1 X177.599 Y84.744 E5.66176
G1 E3.66176 F2400
G92 E0
G1 X163.769 Y99.119 F7800
G1 E2 F2400
;WIDTH:0.404381
G1 F1200
G1 X157.789 Y105.216 E2.36216
G1 X157.67 Y105.288 E2.36806
G1 E.36806 F2400
G92 E0
G1 X113.056 Y56.863 F7800
G1 E2 F2400
;TYPE:Perimeter
;WIDTH:0.45
G1 X113.056 Y38.181 E2.89854
G1 X115.113 Y38.181 E2.99747
G1 X115.14 Y38.989 E3.03635
G1 X115.322 Y39.361 E3.05627
G1 X115.595 Y39.597 E3.07363
G1 X145.502 Y56.863 E4.73456
G1 X113.116 Y56.863 E6.29221
G1 X112.67 Y57.249 F7800
G1 F2400
G1 X112.67 Y37.795 E7.22788
G1 X115.499 Y37.795 E7.36395
G1 X115.515 Y38.898 E7.41701
G1 X115.624 Y39.122 E7.42899
G1 X115.788 Y39.263 E7.43939
G1 X146.941 Y57.249 E9.16953
G1 X112.73 Y57.249 E10.81496
G1 X112.285 Y57.635 F7800
;TYPE:External perimeter
G1 F1500
G1 X112.285 Y37.41 E11.78771
G1 X115.885 Y37.41 E11.96086
G1 X115.885 Y38.8 E12.02771
G1 X115.981 Y38.929 E12.03544
G1 X148.38 Y57.635 E13.8348
G1 X112.345 Y57.635 E15.56796
G1 X112.285 Y57.239 F7800
G1 E13.56796 F2400
G92 E0
G1 X114.126 Y56.189 F7800
G1 E2 F2400
;TYPE:Internal infill
;WIDTH:0.45
G1 F4800
G1 X117.992 Y41.76 E2.71846
G1 X115.218 Y40.159 E2.87251
G1 X114.86 Y39.849 E2.89529
G1 X113.345 Y40.255 E2.97073
G1 X113.345 Y38.81 E3.04023
G1 X130.723 Y56.189 E4.2223
G1 X130.095 Y56.189 E4.2525
G1 X131.821 Y49.744 E4.57341
G1 X133.63 Y50.789 E4.67389
G1 X113.345 Y56.224 E5.68394
G1 X113.345 Y53.91 E5.79524
G1 E3.79524 F2400
G92 E0
G1 X117.503 Y56.189 F7800
G1 E2 F2400
G1 F4800
G1 X119.816 Y56.189 E2.11125
G1 X113.731 Y50.103 E2.52518
G1 X113.731 Y48.136 E2.61979
G1 X124.184 Y45.335 E3.14028
G1 X124.907 Y45.752 E3.18042
G1 X122.11 Y56.189 E3.70012
G1 X124.424 Y56.189 E3.81142
G1 E1.81142 F2400
G92 E0
G1 X135.765 Y56.189 F7800
G1 E2 F2400
G1 F4800
G1 X138.079 Y56.189 E2.1113
G1 X138.736 Y53.737 E2.23339
G1 X139.783 Y54.341 E2.29153
G1 X141.63 Y56.189 E2.41719
G1 X142.983 Y56.189 E2.48226
G1 X142.151 Y55.708 E2.52848
G1 E.52848 F2400
G92 E0
G1 X113.345 Y48.234 F7800
G1 E2 F2400
;TYPE:Solid infill
;WIDTH:0.450029
G1 F1200
G1 X113.345 Y49.715 E2.07124
G1 E.07124 F2400
G92 E0
G1 X113.345 Y40.678 F7800
G1 E2 F2400
;WIDTH:0.450031
G1 F1200
G1 X113.345 Y46.581 E2.28394
G1 E.28394 F2400
G92 E0
G1 X115.292 Y39.71 F7800
G1 E2 F2400
;WIDTH:0.453365
G1 F1200
G1 X115.594 Y39.93 E2.01813
;WIDTH:0.450033
G1 X143.767 Y56.196 E3.58292
;WIDTH:0.495448
G1 X143.806 Y56.249 E3.58646
;WIDTH:0.540863
G1 X143.845 Y56.302 E3.59037
;WIDTH:0.586278
G1 X143.884 Y56.355 E3.59465
;WIDTH:0.631693
G1 X143.923 Y56.408 E3.59931
;WIDTH:0.677109
G1 X143.962 Y56.461 E3.60434
G1 X143.902 Y56.483 E3.60922
;WIDTH:0.631693
G1 X143.843 Y56.506 E3.6137
;WIDTH:0.586277
G1 X143.784 Y56.529 E3.61782
;WIDTH:0.540862
G1 X143.725 Y56.552 E3.62158
;WIDTH:0.495446
G1 X143.666 Y56.574 E3.62497
;WIDTH:0.450031
G1 X114.525 Y56.574 E5.02666
G1 E3.02666 F2400
G92 E0
G1 X115.26 Y62.909 F7800
G1 E2 F2400
;TYPE:Perimeter
;WIDTH:0.45
G1 X115.322 Y63.036 E2.0068
G1 X115.595 Y63.272 E2.02416
G1 X145.502 Y80.538 E3.68509
G1 X113.056 Y80.538 E5.24563
G1 X113.056 Y61.856 E6.14417
G1 X115.113 Y61.856 E6.2431
G1 X115.14 Y62.664 E6.28198
G1 X115.233 Y62.855 E6.2922
G1 X115.587 Y62.72 F7800
G1 F2400
G1 X115.624 Y62.797 E6.29631
G1 X115.788 Y62.938 E6.30671
G1 X146.941 Y80.924 E8.03685
G1 X112.67 Y80.924 E9.68517
G1 X112.67 Y61.47 E10.62084
G1 X115.499 Y61.47 E10.75691
G1 X115.515 Y62.573 E10.80997
G1 X115.56 Y62.666 E10.81494
G1 X115.923 Y62.527 F7800
;TYPE:External perimeter
G1 F1500
G1 X115.981 Y62.604 E10.81958
G1 X148.38 Y81.31 E12.61894
G1 X112.285 Y81.31 E14.35498
G1 X112.285 Y61.085 E15.32773
G1 X115.885 Y61.085 E15.50088
G1 X115.885 Y62.475 E15.56773
G1 X115.887 Y62.478 E15.5679
G1 X116.203 Y62.724 F7800
G1 X115.414 Y63.489
;TYPE:Solid infill
;WIDTH:0.455749
G1 F1200
G1 X115.594 Y63.605 E15.57835
;WIDTH:0.450031
G1 X143.767 Y79.871 E17.14313
;WIDTH:0.495447
G1 X143.806 Y79.924 E17.14667
;WIDTH:0.540863
G1 X143.845 Y79.977 E17.15058
;WIDTH:0.586278
G1 X143.884 Y80.03 E17.15486
;WIDTH:0.631694
G1 X143.923 Y80.083 E17.15952
;WIDTH:0.677111
G1 X143.962 Y80.136 E17.16455
G1 X143.902 Y80.158 E17.16943
;WIDTH:0.631694
G1 X143.843 Y80.181 E17.17391
;WIDTH:0.586278
G1 X143.784 Y80.204 E17.17803
;WIDTH:0.540863
G1 X143.725 Y80.227 E17.18179
;WIDTH:0.495447
G1 X143.666 Y80.249 E17.18518
;WIDTH:0.450031
G1 X114.525 Y80.249 E18.58687
G1 E16.58687 F2400
G92 E0
G1 X118.08 Y79.864 F7800
G1 E2 F2400
;TYPE:Internal infill
;WIDTH:0.45
G1 F4800
G1 X115.766 Y79.864 E2.1113
G1 X119.413 Y66.255 E2.78894
G1 X124.514 Y69.2 E3.07223
G1 X113.731 Y72.09 E3.60916
G1 X113.731 Y71.917 E3.61748
G1 X121.678 Y79.864 E4.15803
G1 X123.751 Y79.864 E4.25773
G1 X126.327 Y70.247 E4.73658
G1 X128.331 Y71.404 E4.84788
G1 E2.84788 F2400
G92 E0
G1 X138.153 Y77.075 F7800
G1 E2 F2400
G1 F4800
G1 X140.157 Y78.232 E2.1113
G1 X139.72 Y79.864 E2.19256
G1 X137.406 Y79.864 E2.30386
G1 E.30386 F2400
G92 E0
G1 X113.345 Y73.691 F7800
G1 E2 F2400
;TYPE:Solid infill
;WIDTH:0.450031
G1 F1200
G1 X113.345 Y78.654 E2.23872
G1 E.23872 F2400
G92 E0
G1 X113.731 Y72.282 F7800
G1 E2 F2400
;TYPE:Internal infill
;WIDTH:0.45
G1 F4800
G1 X113.731 Y72.472 E2.00914
G1 X113.429 Y72.17 E2.02968
G1 X113.345 Y72.193 E2.03387
G1 X113.345 Y73.305 E2.08735
G1 X113.731 Y73.333 E2.10596
G1 X113.731 Y79.277 E2.39185
G1 X113.345 Y79.085 E2.41259
G1 X113.345 Y80.177 E2.46511
G1 X114.138 Y79.965 E2.50459
G1 X114.138 Y79.864 E2.50945
G1 X114.516 Y79.864 E2.52763
G1 X133.959 Y74.654 E3.49576
G1 X133.242 Y74.24 E3.53558
G1 X131.735 Y79.864 E3.81562
G1 X132.585 Y79.864 E3.8565
G1 X118.38 Y65.659 E4.82271
G1 X115.106 Y63.737 E5.00531
G1 X113.731 Y64.105 E5.07377
G1 X113.731 Y71.373 E5.42334
G1 X113.345 Y71.175 E5.44421
G1 X113.345 Y71.531 E5.46133
G1 X113.546 Y71.732 E5.475
G1 X113.345 Y71.786 E5.48501
G1 X113.345 Y71.724 E5.48799
G1 E3.48799 F2400
G92 E0
G1 X113.345 Y64.193 F7800
G1 E2 F2400
;TYPE:Solid infill
;WIDTH:0.450031
G1 F1200
G1 X113.345 Y70.741 E2.31496
G1 E.31496 F2400
G92 E0
G1 X128.987 Y100.264 F7800
G1 E2 F2400
;TYPE:External perimeter
;WIDTH:0.494223
G1 F1200
G1 X130.438 Y100.346 E2.07792
;WIDTH:0.449302
G1 X131.889 Y100.429 E2.1477
G1 X131.489 Y100.406 F7800
G1 E.1477 F2400
G92 E0
G1 X136.495 Y100.263 F7800
G1 E2 F2400
;WIDTH:0.496097
G1 F1200
G1 X136.482 Y100.264 E2.0007
;WIDTH:0.494225
G1 X135.031 Y100.346 E2.07862
;WIDTH:0.449303
G1 X133.58 Y100.429 E2.1484
G1 X133.98 Y100.406 F7800
G1 E.1484 F2400
G92 E0
G1 X113.056 Y99.515 F7800
G1 E2 F2400
;TYPE:Perimeter
;WIDTH:0.45
G1 F1200
G1 X113.056 Y96.108 E2.16386
G1 X120.041 Y96.108 E2.49981
G1 X121.54 Y97.528 E2.59912
G1 X124.759 Y99.515 E2.78106
G1 X113.116 Y99.515 E3.34105
G1 X112.67 Y99.901 F7800
G1 F1200
G1 X112.67 Y95.722 E3.54205
G1 X120.195 Y95.722 E3.90398
G1 X121.777 Y97.221 E4.0088
G1 X125.18 Y99.322 E4.20115
G1 X126.833 Y99.901 E4.28539
G1 X112.73 Y99.901 E4.9637
G1 X112.285 Y100.286 F7800
;TYPE:External perimeter
G1 F1200
G1 X112.285 Y95.431 E5.19721
;TYPE:Overhang perimeter
;WIDTH:0.4
;HEIGHT:0.4
M106 S255
G1 X112.285 Y95.336 E5.20217
G1 X120.348 Y95.336 E5.62342
G1 X120.448 Y95.431 E5.63063
M107
;TYPE:External perimeter
;WIDTH:0.45
;HEIGHT:0.3
G1 X122.013 Y96.914 E5.73433
G1 X125.347 Y98.971 E5.92275
;WIDTH:0.488817
G1 X128.985 Y100.267 E6.12719
G1 X125.144 Y100.286 E6.33053
;WIDTH:0.45
G1 X112.345 Y100.286 E6.94612
G1 X112.285 Y99.891 F7800
G1 E4.94612 F2400
G92 E0
G1 X152.413 Y99.515 F7800
G1 E2 F2400
;TYPE:Perimeter
G1 F1200
G1 X140.71 Y99.515 E2.56287
G1 X143.929 Y97.528 E2.74481
G1 X145.428 Y96.108 E2.84412
G1 X152.413 Y96.108 E3.18007
G1 X152.413 Y99.455 E3.34105
G1 X152.799 Y99.901 F7800
G1 F1200
G1 X138.636 Y99.901 E4.02224
G1 X140.289 Y99.322 E4.10648
G1 X143.692 Y97.221 E4.29883
G1 X145.274 Y95.722 E4.40365
G1 X152.799 Y95.722 E4.76558
G1 X152.799 Y99.841 E4.96369
G1 X153.185 Y100.286 F7800
;TYPE:External perimeter
G1 F1200
G1 X140.325 Y100.286 E5.58221
;WIDTH:0.491963
G1 X136.49 Y100.265 E5.78674
G1 X140.123 Y98.971 E5.99241
;WIDTH:0.45
G1 X143.456 Y96.914 E6.18079
G1 X145.021 Y95.431 E6.28449
;TYPE:Overhang perimeter
;WIDTH:0.4
;HEIGHT:0.4
M106 S255
G1 X145.121 Y95.336 E6.2917
G1 X153.185 Y95.336 E6.713
G1 X153.185 Y95.431 E6.71796
M107
;TYPE:External perimeter
;WIDTH:0.45
;HEIGHT:0.3
G1 X153.185 Y100.226 E6.94858
G1 X152.789 Y100.286 F7800
G1 E4.94858 F2400
G92 E0
G1 X145.516 Y96.329 F7800
G1 E2 F2400
;TYPE:Solid infill
;WIDTH:0.404381
G1 F1200
G1 X144.079 Y97.718 E2.08475
;WIDTH:0.45
G1 X143.807 Y97.944 E2.10176
G1 X142.84 Y98.91 E2.1675
G1 X142.521 Y98.713 E2.18553
;WIDTH:0.409013
G1 X142.445 Y98.788 E2.19012
G1 X142.416 Y98.992 E2.19898
G1 X142.618 Y99.246 E2.21293
G1 X141.797 Y99.246 E2.24822
G1 X141.751 Y99.189 E2.25137
G1 X142.357 Y98.815 E2.28198
G1 X143.07 Y99.226 F7800
;WIDTH:0.45
G1 F1200
G1 X145.899 Y96.397 E2.47441
G1 X146.077 Y96.262 E2.48515
;WIDTH:0.404381
G1 X146.036 Y96.273 E2.48695
G1 X146.017 Y96.202 E2.49007
G1 X146.088 Y96.221 E2.49319
;WIDTH:0.45
G1 X146.444 Y96.397 E2.51229
G1 X143.615 Y99.226 E2.70472
G1 X144.16 Y99.226 E2.73093
G1 X146.99 Y96.397 E2.92339
G1 X147.535 Y96.397 E2.9496
G1 X144.706 Y99.226 E3.14203
G1 X145.251 Y99.226 E3.16824
G1 X148.08 Y96.397 E3.36067
G1 X148.626 Y96.397 E3.38693
G1 X145.796 Y99.226 E3.57939
G1 X146.342 Y99.226 E3.60565
G1 X149.171 Y96.397 E3.79808
G1 X149.716 Y96.397 E3.82429
G1 X146.887 Y99.226 E4.01672
G1 X147.433 Y99.226 E4.04298
G1 X150.262 Y96.397 E4.23541
G1 X150.807 Y96.397 E4.26162
G1 X147.978 Y99.226 E4.45405
G1 X148.523 Y99.226 E4.48026
G1 X151.352 Y96.397 E4.67269
G1 X152.248 Y96.303 F7800
;WIDTH:0.404381
G1 F1200
G1 X152.177 Y96.284 E4.67581
G1 X152.196 Y96.355 E4.67893
G1 X152.237 Y96.344 E4.68073
;WIDTH:0.45
G1 X151.898 Y96.397 E4.69723
G1 X149.069 Y99.226 E4.88966
G1 X149.614 Y99.226 E4.91587
G1 X152.124 Y96.716 E5.0866
G1 X152.33 Y97.102 E5.10764
;WIDTH:0.404381
G1 X152.259 Y97.083 E5.11076
G1 X152.278 Y97.154 E5.11388
G1 X152.319 Y97.143 E5.11568
;WIDTH:0.45
G1 X152.124 Y97.261 E5.12664
G1 X150.159 Y99.226 E5.2603
G1 E3.2603 F2400
G92 E0
G1 X151.988 Y97.943 F7800
G1 E2 F2400
G1 F1200
G1 X150.705 Y99.226 E2.08727
G1 X152.124 Y99.226 E2.15552
G1 X152.124 Y97.806 E2.22382
G1 X151.762 Y98.796 F7800
;WIDTH:0.510267
G1 F1200
G1 X151.723 Y98.756 E2.22693
G1 X151.669 Y98.771 E2.23005
G1 X151.654 Y98.825 E2.23317
G1 X151.694 Y98.864 E2.23628
G1 X151.748 Y98.85 E2.23938
G1 E.23938 F2400
G92 E0
G1 X113.45 Y96.428 F7800
G1 E2 F2400
;WIDTH:0.543559
G1 F1200
G1 X113.407 Y96.386 E2.00359
G1 X113.349 Y96.401 E2.00717
G1 X113.334 Y96.459 E2.01075
G1 X113.376 Y96.501 E2.0143
G1 X113.434 Y96.486 E2.01788
;WIDTH:0.45
G1 X113.345 Y97.102 E2.04782
G1 X114.05 Y96.397 E2.09577
G1 X114.595 Y96.397 E2.12198
G1 X113.345 Y97.647 E2.207
G1 X113.345 Y98.193 E2.23326
G1 X115.141 Y96.397 E2.35542
G1 X115.686 Y96.397 E2.38163
G1 X113.345 Y98.738 E2.54086
G1 X113.209 Y99.362 E2.57158
;WIDTH:0.404381
G1 X113.203 Y99.255 E2.57612
;WIDTH:0.45
G1 X113.402 Y99.226 E2.58579
G1 X116.231 Y96.397 E2.77822
G1 X116.777 Y96.397 E2.80448
G1 X113.948 Y99.226 E2.99691
G1 X114.493 Y99.226 E3.02312
G1 X117.322 Y96.397 E3.21555
G1 X117.867 Y96.397 E3.24176
G1 X115.038 Y99.226 E3.43419
G1 X115.584 Y99.226 E3.46045
G1 X118.413 Y96.397 E3.65288
G1 X118.958 Y96.397 E3.67909
G1 X116.129 Y99.226 E3.87152
G1 X116.674 Y99.226 E3.89773
G1 X119.503 Y96.397 E4.09016
G1 X119.989 Y96.457 E4.11371
G1 X117.22 Y99.226 E4.30205
G1 X117.765 Y99.226 E4.32826
G1 X120.269 Y96.722 E4.49858
G1 X121.477 Y97.829 E4.57739
G1 X123.694 Y99.198 E4.70271
G1 X123.686 Y99.226 E4.70411
G1 X118.31 Y99.226 E4.96268
G1 X120.413 Y97.124 E5.10569
G1 X120.556 Y97.526 E5.12621
G1 X121.275 Y98.157 E5.17222
G1 X122.381 Y98.84 E5.23474
G1 X119.241 Y98.84 E5.38576
G1 X120.42 Y97.662 E5.46592
G1 X120.563 Y98.043 E5.48549
;WIDTH:0.420427
G1 X121.075 Y98.469 E5.51507
G1 X120.137 Y98.469 E5.55672
G1 X120.427 Y98.179 E5.57493
G1 E3.57493 F2400
G92 E0
G1 X133.068 Y170.966 F7800
G1 E2 F2400
;TYPE:Perimeter
;WIDTH:0.45
G1 X132.992 Y171.089 E2.00695
G1 X132.932 Y171.517 E2.02774
;WIDTH:0.464919
G1 X133.016 Y171.812 E2.04306
G1 X132.453 Y171.812 E2.07119
G1 X132.537 Y171.581 E2.08347
G1 X132.477 Y171.089 E2.10823
;WIDTH:0.45
G1 X132.286 Y170.781 E2.12566
;WIDTH:0.490238
G1 X132.109 Y170.683 E2.13641
;WIDTH:0.530477
G1 X131.931 Y170.585 E2.14822
;WIDTH:0.570715
G1 X131.754 Y170.487 E2.161
;WIDTH:0.610954
G1 X131.576 Y170.389 E2.17485
G1 X113.136 Y170.389 E3.43193
G1 X113.136 Y169.842 E3.46922
G1 X131.576 Y169.842 E4.7263
G1 X131.866 Y169.822 E4.74612
;WIDTH:0.570715
G1 X132.155 Y169.802 E4.76441
;WIDTH:0.530477
G1 X132.445 Y169.782 E4.78131
;WIDTH:0.490238
G1 X132.735 Y169.762 E4.79675
G1 X133.024 Y169.782 E4.81214
;WIDTH:0.530477
G1 X133.314 Y169.802 E4.82904
;WIDTH:0.570715
G1 X133.603 Y169.822 E4.84733
;WIDTH:0.610954
G1 X133.893 Y169.842 E4.86715
G1 X152.333 Y169.842 E6.12423
G1 X152.333 Y170.389 E6.16152
G1 X133.726 Y170.389 E7.42999
G1 X133.59 Y170.487 E7.44142
;WIDTH:0.570715
G1 X133.454 Y170.585 E7.45201
;WIDTH:0.530477
G1 X133.318 Y170.683 E7.46176
;WIDTH:0.490238
G1 X133.183 Y170.781 E7.47062
;WIDTH:0.45
G1 X133.1 Y170.915 E7.4782
G1 X133.399 Y171.152 F7800
G1 F2400
G1 X133.352 Y171.227 E7.48246
G1 X133.316 Y171.484 E7.49494
G1 X133.397 Y171.731 E7.50744
G1 X133.681 Y172.205 E7.53402
G1 X131.788 Y172.205 E7.62507
G1 X132.072 Y171.731 E7.65165
G1 X132.148 Y171.521 E7.66239
G1 X132.117 Y171.227 E7.67661
G1 X132.002 Y171.042 E7.68709
G1 X131.576 Y170.855 E7.70947
G1 X112.67 Y170.855 E8.61878
G1 X112.67 Y169.376 E8.68991
G1 X152.799 Y169.376 E10.61998
G1 X152.799 Y170.855 E10.69111
G1 X133.809 Y170.855 E11.60446
G1 X133.467 Y171.042 E11.62321
G1 X133.43 Y171.101 E11.62656
G1 X133.742 Y171.34 F7800
;TYPE:External perimeter
G1 F1500
G1 X133.713 Y171.364 E11.62837
G1 X133.727 Y171.532 E11.63648
G1 X134.362 Y172.59 E11.69583
G1 X131.107 Y172.59 E11.85238
G1 X131.773 Y171.481 E11.9146
G1 X131.718 Y171.303 E11.92356
G1 X131.576 Y171.24 E11.93103
G1 X112.285 Y171.24 E12.85886
G1 X112.285 Y168.99 E12.96708
G1 X153.185 Y168.99 E14.93423
G1 X153.185 Y171.24 E15.04245
G1 X133.863 Y171.24 E15.97177
G1 X133.788 Y171.302 E15.97645
G1 X133.827 Y171.7 F7800
G1 X132.731 Y170.115
;TYPE:Solid infill
;WIDTH:0.574581
G1 F1200
G1 X133.304 Y170.221 E16.01353
G1 X132.95 Y170.52 E16.04302
G1 X132.735 Y170.844 E16.06776
G1 X132.494 Y170.504 E16.09428
G1 X132.029 Y170.213 E16.12919
G1 X132.54 Y170.142 E16.16202
;LAYER_CHANGE
;Z:3.35
;HEIGHT:0.3
G1 E14.16202 F2400
G92 E0
G1 Z3.35 F7800
G1 X222.598 Y38.181
G1 E2 F2400
;TYPE:Perimeter
;WIDTH:0.45
G1 X157.406 Y105.944 E6.52256
G1 X157.406 Y49.576 E9.23366
G1 X160.613 Y49.576 E9.38791
G1 X160.902 Y49.484 E9.4025
G1 X161.196 Y49.27 E9.41999
G1 X161.382 Y48.983 E9.43644
G1 X161.456 Y48.612 E9.45464
G1 X161.456 Y38.181 E9.95633
G1 X222.538 Y38.181 E12.89416
G1 X223.03 Y37.795 F7800
G1 F2400
G1 X223.03 Y38.289 E12.91792
G1 X157.5 Y106.403 E17.46392
G1 X157.02 Y106.403 E17.48701
G1 X157.02 Y49.19 E20.23876
G1 X160.572 Y49.19 E20.4096
G1 X160.831 Y49.08 E20.42313
G1 X161.004 Y48.88 E20.43585
G1 X161.07 Y48.612 E20.44912
G1 X161.07 Y37.795 E20.96938
G1 X222.97 Y37.795 E23.94655
G1 X223.416 Y37.41 F7800
;TYPE:External perimeter
G1 F1500
G1 X223.416 Y38.444 E23.99628
G1 X157.664 Y106.789 E28.55769
G1 X156.635 Y106.789 E28.60718
G1 X156.635 Y48.805 E31.39601
G1 X160.492 Y48.805 E31.58152
G1 X160.616 Y48.759 E31.58788
G1 X160.685 Y48.612 E31.59569
G1 X160.685 Y37.41 E32.13447
G1 X223.356 Y37.41 E35.14873
G1 X223.415 Y37.805 F7800
G1 X221.675 Y38.294
;TYPE:Top solid infill
;WIDTH:0.400886
G1 F900
G1 X221.903 Y38.523 E35.16229
G1 X221.67 Y38.765 E35.17639
G1 X221.35 Y38.445 E35.19538
G1 X220.874 Y38.445 E35.21536
G1 X221.436 Y39.008 E35.24875
G1 X221.203 Y39.25 E35.26285
G1 X220.398 Y38.445 E35.31063
G1 X219.922 Y38.445 E35.33061
G1 X220.97 Y39.493 E35.39281
G1 X220.736 Y39.735 E35.40694
G1 X219.446 Y38.445 E35.48351
G1 X218.97 Y38.445 E35.50349
G1 X220.503 Y39.978 E35.59448
G1 X220.27 Y40.22 E35.60858
G1 X218.495 Y38.445 E35.71394
G1 X218.019 Y38.445 E35.73392
G1 X220.036 Y40.463 E35.85367
G1 X219.803 Y40.705 E35.86777
G1 X217.543 Y38.445 E36.00191
G1 X217.067 Y38.445 E36.02189
G1 X219.57 Y40.948 E36.17046
G1 X219.336 Y41.191 E36.18462
G1 X216.591 Y38.445 E36.34758
G1 X216.115 Y38.445 E36.36756
G1 X219.103 Y41.433 E36.54491
G1 X218.87 Y41.676 E36.55904
G1 X215.639 Y38.445 E36.75082
G1 X215.163 Y38.445 E36.7708
G1 X218.636 Y41.918 E36.97694
G1 X218.403 Y42.161 E36.99107
G1 X214.687 Y38.445 E37.21164
G1 X214.212 Y38.445 E37.23158
G1 X218.17 Y42.403 E37.46651
G1 X217.936 Y42.646 E37.48067
G1 X213.736 Y38.445 E37.72999
G1 X213.26 Y38.445 E37.74997
G1 X217.703 Y42.888 E38.01369
G1 X217.47 Y43.131 E38.02782
G1 X212.784 Y38.445 E38.30596
G1 X212.308 Y38.445 E38.32594
G1 X217.236 Y43.373 E38.61844
G1 X217.003 Y43.616 E38.63257
G1 X211.832 Y38.445 E38.9395
G1 X211.356 Y38.445 E38.95948
G1 X216.77 Y43.859 E39.28083
G1 X216.536 Y44.101 E39.29496
G1 X210.88 Y38.445 E39.63068
G1 X210.404 Y38.445 E39.65066
G1 X216.303 Y44.344 E40.0008
G1 X216.07 Y44.586 E40.0149
G1 X209.929 Y38.445 E40.3794
G1 X209.453 Y38.445 E40.39938
G1 X215.836 Y44.829 E40.77828
G1 X215.603 Y45.071 E40.79238
G1 X208.977 Y38.445 E41.18567
G1 X208.501 Y38.445 E41.20565
G1 X215.37 Y45.314 E41.61336
G1 X215.136 Y45.556 E41.62749
G1 X208.025 Y38.445 E42.04957
G1 X207.549 Y38.445 E42.06955
G1 X214.903 Y45.799 E42.50605
G1 X214.669 Y46.041 E42.52018
G1 X207.073 Y38.445 E42.97105
G1 X206.597 Y38.445 E42.99103
G1 X214.436 Y46.284 E43.45632
G1 X214.203 Y46.527 E43.47045
G1 X206.121 Y38.445 E43.95016
G1 X205.646 Y38.445 E43.9701
G1 X213.969 Y46.769 E44.46415
G1 X213.736 Y47.012 E44.47828
G1 X205.17 Y38.445 E44.98675
G1 X204.694 Y38.445 E45.00673
G1 X213.503 Y47.254 E45.52959
G1 X213.269 Y47.497 E45.54375
G1 X204.218 Y38.445 E46.08101
G1 X203.742 Y38.445 E46.10099
G1 X213.036 Y47.739 E46.65264
G1 X212.803 Y47.982 E46.66677
G1 X203.266 Y38.445 E47.23284
G1 X202.79 Y38.445 E47.25282
G1 X212.569 Y48.224 E47.83326
G1 X212.336 Y48.467 E47.84739
G1 X202.314 Y38.445 E48.44225
G1 X201.838 Y38.445 E48.46223
G1 X212.103 Y48.709 E49.07149
G1 X211.869 Y48.952 E49.08565
G1 X201.363 Y38.445 E49.70927
G1 X200.887 Y38.445 E49.72925
G1 X211.636 Y49.195 E50.36729
G1 X211.403 Y49.437 E50.38139
G1 X200.411 Y38.445 E51.03383
G1 X199.935 Y38.445 E51.05381
G1 X211.169 Y49.68 E51.72064
G1 X210.936 Y49.922 E51.73474
G1 X199.459 Y38.445 E52.41596
G1 X198.983 Y38.445 E52.43594
G1 X210.703 Y50.165 E53.13159
G1 X210.469 Y50.407 E53.14572
G1 X198.507 Y38.445 E53.85573
G1 X198.031 Y38.445 E53.87571
G1 X210.236 Y50.65 E54.60015
G1 X210.003 Y50.892 E54.61425
G1 X197.555 Y38.445 E55.35308
G1 X197.08 Y38.445 E55.37302
G1 X209.769 Y51.135 E56.12621
G1 X209.536 Y51.377 E56.14031
G1 X196.604 Y38.445 E56.9079
G1 X196.128 Y38.445 E56.92788
G1 X209.303 Y51.62 E57.70989
G1 X209.069 Y51.863 E57.72405
G1 X195.652 Y38.445 E58.52045
G1 X195.176 Y38.445 E58.54043
G1 X208.836 Y52.105 E59.35123
G1 X208.603 Y52.348 E59.36536
G1 X194.7 Y38.445 E60.19058
G1 X194.224 Y38.445 E60.21056
G1 X208.369 Y52.59 E61.05015
G1 X208.136 Y52.833 E61.06428
G1 X193.748 Y38.445 E61.91829
G1 X193.272 Y38.445 E61.93827
G1 X207.903 Y53.075 E62.80667
G1 X207.669 Y53.318 E62.82083
G1 X192.797 Y38.445 E63.7036
G1 X192.321 Y38.445 E63.72358
G1 X207.436 Y53.56 E64.62074
G1 X207.202 Y53.803 E64.6349
G1 X191.845 Y38.445 E65.54645
G1 X191.369 Y38.445 E65.56643
G1 X206.969 Y54.045 E66.49238
G1 X206.736 Y54.288 E66.50651
G1 X190.893 Y38.445 E67.44688
G1 X190.417 Y38.445 E67.46686
G1 X206.502 Y54.531 E68.42162
G1 X206.269 Y54.773 E68.43572
G1 X189.941 Y38.445 E69.40488
G1 X189.465 Y38.445 E69.42486
G1 X206.036 Y55.016 E70.40844
G1 X205.802 Y55.258 E70.42257
G1 X188.989 Y38.445 E71.42052
G1 X188.514 Y38.445 E71.44046
G1 X205.569 Y55.501 E72.4528
G1 X205.336 Y55.743 E72.4669
G1 X188.038 Y38.445 E73.49363
G1 X187.562 Y38.445 E73.51361
G1 X205.102 Y55.986 E74.55474
G1 X204.869 Y56.228 E74.56884
G1 X187.086 Y38.445 E75.62436
G1 X186.61 Y38.445 E75.64434
G1 X204.636 Y56.471 E76.71428
G1 X204.402 Y56.713 E76.72841
G1 X186.134 Y38.445 E77.81272
G1 X185.658 Y38.445 E77.8327
G1 X204.169 Y56.956 E78.93143
G1 X203.936 Y57.199 E78.94556
G1 X185.182 Y38.445 E80.05872
G1 X184.706 Y38.445 E80.0787
G1 X203.702 Y57.441 E81.20622
G1 X203.469 Y57.684 E81.22035
G1 X184.23 Y38.445 E82.36229
G1 X183.755 Y38.445 E82.38223
G1 X203.236 Y57.926 E83.53854
G1 X203.002 Y58.169 E83.5527
G1 X183.279 Y38.445 E84.7234
G1 X182.803 Y38.445 E84.74338
G1 X202.769 Y58.411 E85.92847
G1 X202.536 Y58.654 E85.9426
G1 X182.327 Y38.445 E87.14212
G1 X181.851 Y38.445 E87.1621
G1 X202.302 Y58.896 E88.37598
G1 X202.069 Y59.139 E88.39011
G1 X181.375 Y38.445 E89.61842
G1 X180.899 Y38.445 E89.6384
G1 X201.836 Y59.381 E90.8811
G1 X201.602 Y59.624 E90.89526
G1 X180.423 Y38.445 E92.15235
G1 X179.947 Y38.445 E92.17233
G1 X201.369 Y59.867 E93.44385
G1 X201.136 Y60.109 E93.45795
G1 X179.472 Y38.445 E94.74383
G1 X178.996 Y38.445 E94.76381
G1 X200.902 Y60.352 E96.06408
G1 X200.669 Y60.594 E96.07818
G1 X178.52 Y38.445 E97.39285
G1 X178.044 Y38.445 E97.41283
G1 X200.435 Y60.837 E98.74189
G1 X200.202 Y61.079 E98.75599
G1 X177.568 Y38.445 E100.09944
G1 X177.092 Y38.445 E100.11942
G1 X199.969 Y61.322 E101.4773
G1 X199.735 Y61.564 E101.49143
G1 X176.616 Y38.445 E102.86367
G1 X176.14 Y38.445 E102.88365
G1 X199.502 Y61.807 E104.27032
G1 X199.269 Y62.049 E104.28442
G1 X175.664 Y38.445 E105.68548
G1 X175.189 Y38.445 E105.70542
G1 X199.035 Y62.292 E107.12084
G1 X198.802 Y62.535 E107.13497
G1 X174.713 Y38.445 E108.56482
G1 X174.237 Y38.445 E108.5848
G1 X198.569 Y62.777 E110.02904
G1 X198.335 Y63.02 E110.0432
G1 X173.761 Y38.445 E111.50183
G1 X173.285 Y38.445 E111.52181
G1 X198.102 Y63.262 E112.99484
G1 X197.869 Y63.505 E113.00897
G1 X172.809 Y38.445 E114.49642
G1 X172.333 Y38.445 E114.5164
G1 X197.635 Y63.747 E116.01822
G1 X197.402 Y63.99 E116.03235
G1 X171.857 Y38.445 E117.54859
G1 X171.381 Y38.445 E117.56857
G1 X197.169 Y64.232 E119.0992
G1 X196.935 Y64.475 E119.11336
G1 X170.906 Y38.445 E120.65836
G1 X170.43 Y38.445 E120.67834
G1 X196.702 Y64.717 E122.23773
G1 X196.469 Y64.96 E122.25186
G1 X169.954 Y38.445 E123.82567
G1 X169.478 Y38.445 E123.84565
G1 X196.235 Y65.203 E125.43386
G1 X196.002 Y65.445 E125.44796
G1 X169.002 Y38.445 E127.05056
G1 X168.526 Y38.445 E127.07054
G1 X195.769 Y65.688 E128.68756
G1 X195.535 Y65.93 E128.70169
G1 X168.05 Y38.445 E130.33308
G1 X167.574 Y38.445 E130.35306
G1 X195.302 Y66.173 E131.99887
G1 X195.069 Y66.415 E132.01297
G1 X167.098 Y38.445 E133.67318
G1 X166.623 Y38.445 E133.69312
G1 X194.835 Y66.658 E135.36769
G1 X194.602 Y66.9 E135.38179
G1 X166.147 Y38.445 E137.07075
G1 X165.671 Y38.445 E137.09073
G1 X194.369 Y67.143 E138.79412
G1 X194.135 Y67.385 E138.80825
G1 X165.195 Y38.445 E140.526
G1 X164.719 Y38.445 E140.54598
G1 X193.902 Y67.628 E142.27815
G1 X193.669 Y67.871 E142.29228
G1 X164.243 Y38.445 E144.03888
G1 X163.767 Y38.445 E144.05886
G1 X193.435 Y68.113 E145.81982
G1 X193.202 Y68.356 E145.83395
G1 X163.291 Y38.445 E147.60934
G1 X162.815 Y38.445 E147.62932
G1 X192.968 Y68.598 E149.41907
G1 X192.735 Y68.841 E149.4332
G1 X162.34 Y38.445 E151.23734
G1 X161.864 Y38.445 E151.25732
G1 X192.502 Y69.083 E153.07586
G1 X192.268 Y69.326 E153.09002
G1 X161.72 Y38.777 E154.90324
G1 X161.72 Y39.253 E154.92322
G1 X192.035 Y69.568 E156.72259
G1 X191.802 Y69.811 E156.73672
G1 X161.72 Y39.729 E158.52226
G1 X161.72 Y40.205 E158.54224
G1 X191.568 Y70.053 E160.31389
G1 X191.335 Y70.296 E160.32802
G1 X161.72 Y40.681 E162.08584
G1 X161.72 Y41.157 E162.10582
G1 X191.102 Y70.539 E163.84981
G1 X190.868 Y70.781 E163.86394
G1 X161.72 Y41.633 E165.59404
G1 X161.72 Y42.109 E165.61402
G1 X190.635 Y71.024 E167.33029
G1 X190.402 Y71.266 E167.34439
G1 X161.72 Y42.584 E169.04683
G1 X161.72 Y43.06 E169.06681
G1 X190.168 Y71.509 E170.75539
G1 X189.935 Y71.751 E170.76949
G1 X161.72 Y43.536 E172.44421
G1 X161.72 Y44.012 E172.46419
G1 X189.702 Y71.994 E174.12508
G1 X189.468 Y72.236 E174.13921
G1 X161.72 Y44.488 E175.78621
G1 X161.72 Y44.964 E175.80619
G1 X189.235 Y72.479 E177.43936
G1 X189.002 Y72.721 E177.45346
G1 X161.72 Y45.44 E179.07277
G1 X161.72 Y45.916 E179.09275
G1 X188.768 Y72.964 E180.6982
G1 X188.535 Y73.207 E180.71233
G1 X161.72 Y46.392 E182.30395
G1 X161.72 Y46.867 E182.32389
G1 X188.302 Y73.449 E183.90168
G1 X188.068 Y73.692 E183.91584
G1 X161.72 Y47.343 E185.47977
G1 X161.72 Y47.819 E185.49975
G1 X187.835 Y73.934 E187.04982
G1 X187.602 Y74.177 E187.06395
G1 X161.72 Y48.295 E188.60019
G1 X161.706 Y48.757 E188.61959
G1 X187.368 Y74.419 E190.14277
G1 X187.135 Y74.662 E190.1569
G1 X161.598 Y49.125 E191.67266
G1 X161.496 Y49.321 E191.68193
G1 X161.411 Y49.413 E191.68719
G1 X186.902 Y74.904 E193.20022
G1 X186.668 Y75.147 E193.21438
G1 X161.155 Y49.634 E194.72872
G1 X161.015 Y49.724 E194.73571
G1 X160.828 Y49.783 E194.74394
G1 X186.435 Y75.389 E196.26383
G1 X186.201 Y75.632 E196.27799
G1 X160.41 Y49.84 E197.80886
G1 X159.934 Y49.84 E197.82884
G1 X185.968 Y75.875 E199.37413
G1 X185.735 Y76.117 E199.38823
G1 X159.458 Y49.84 E200.94792
G1 X158.982 Y49.84 E200.9679
G1 X185.501 Y76.36 E202.54198
G1 X185.268 Y76.602 E202.55608
G1 X158.506 Y49.84 E204.14455
G1 X158.03 Y49.84 E204.16453
G1 X185.035 Y76.845 E205.76743
G1 X184.801 Y77.087 E205.78156
G1 X157.67 Y49.956 E207.39194
G1 X157.67 Y50.432 E207.41192
G1 X184.568 Y77.33 E209.00847
G1 X184.335 Y77.572 E209.02257
G1 X157.67 Y50.908 E210.60526
G1 X157.67 Y51.383 E210.6252
G1 X184.101 Y77.815 E212.19406
G1 X183.868 Y78.057 E212.20816
G1 X157.67 Y51.859 E213.76316
G1 X157.67 Y52.335 E213.78314
G1 X183.635 Y78.3 E215.32431
G1 X183.401 Y78.543 E215.33847
G1 X157.67 Y52.811 E216.86578
G1 X157.67 Y53.287 E216.88576
G1 X183.168 Y78.785 E218.39921
G1 X182.935 Y79.028 E218.41334
G1 X157.67 Y53.763 E219.91296
G1 X157.67 Y54.239 E219.93294
G1 X182.701 Y79.27 E221.41867
G1 X182.468 Y79.513 E221.4328
G1 X157.67 Y54.715 E222.9047
G1 X157.67 Y55.191 E222.92468
G1 X182.235 Y79.755 E224.38272
G1 X182.001 Y79.998 E224.39688
G1 X157.67 Y55.667 E225.84106
G1 X157.67 Y56.142 E225.861
G1 X181.768 Y80.24 E227.29135
G1 X181.535 Y80.483 E227.30548
G1 X157.67 Y56.618 E228.722
G1 X157.67 Y57.094 E228.74198
G1 X181.301 Y80.725 E230.14461
G1 X181.068 Y80.968 E230.15874
G1 X157.67 Y57.57 E231.54754
G1 X157.67 Y58.046 E231.56752
G1 X180.835 Y81.211 E232.94249
G1 X180.601 Y81.453 E232.95662
G1 X157.67 Y58.522 E234.3177
G1 X157.67 Y58.998 E234.33768
G1 X180.368 Y81.696 E235.68493
G1 X180.135 Y81.938 E235.69903
G1 X157.67 Y59.474 E237.03242
G1 X157.67 Y59.95 E237.0524
G1 X179.901 Y82.181 E238.37193
G1 X179.668 Y82.423 E238.38603
G1 X157.67 Y60.425 E239.69173
G1 X157.67 Y60.901 E239.71171
G1 X179.435 Y82.666 E241.00358
G1 X179.201 Y82.908 E241.01771
G1 X157.67 Y61.377 E242.2957
G1 X157.67 Y61.853 E242.31568
G1 X178.968 Y83.151 E243.57984
G1 X178.734 Y83.393 E243.59397
G1 X157.67 Y62.329 E244.84424
G1 X157.67 Y62.805 E244.86422
G1 X178.501 Y83.636 E246.10066
G1 X178.268 Y83.879 E246.11479
G1 X157.67 Y63.281 E247.3374
G1 X157.67 Y63.757 E247.35738
G1 X178.034 Y84.121 E248.5661
G1 X177.801 Y84.364 E248.58023
G1 X157.67 Y64.233 E249.77512
G1 X157.67 Y64.708 E249.79506
G1 X177.568 Y84.606 E250.97612
G1 X177.334 Y84.849 E250.99028
G1 X157.67 Y65.184 E252.15748
G1 X157.67 Y65.66 E252.17746
G1 X177.101 Y85.091 E253.3308
G1 X176.868 Y85.334 E253.34493
G1 X157.67 Y66.136 E254.48444
G1 X157.67 Y66.612 E254.50442
G1 X176.634 Y85.576 E255.63004
G1 X176.401 Y85.819 E255.64417
G1 X157.67 Y67.088 E256.75596
G1 X157.67 Y67.564 E256.77594
G1 X176.168 Y86.061 E257.87387
G1 X175.934 Y86.304 E257.88803
G1 X157.67 Y68.04 E258.9721
G1 X157.67 Y68.516 E258.99208
G1 X175.701 Y86.547 E260.06232
G1 X175.468 Y86.789 E260.07642
G1 X157.67 Y68.991 E261.13283
G1 X157.67 Y69.467 E261.15281
G1 X175.234 Y87.032 E262.19536
G1 X175.001 Y87.274 E262.20946
G1 X157.67 Y69.943 E263.23815
G1 X157.67 Y70.419 E263.25813
G1 X174.768 Y87.517 E264.27299
G1 X174.534 Y87.759 E264.28712
G1 X157.67 Y70.895 E265.28809
G1 X157.67 Y71.371 E265.30807
G1 X174.301 Y88.002 E266.29521
G1 X174.068 Y88.244 E266.30931
G1 X157.67 Y71.847 E267.28259
G1 X157.67 Y72.323 E267.30257
G1 X173.834 Y88.487 E268.26199
G1 X173.601 Y88.729 E268.27609
G1 X157.67 Y72.799 E269.22165
G1 X157.67 Y73.274 E269.24159
G1 X173.368 Y88.972 E270.17335
G1 X173.134 Y89.215 E270.18751
G1 X157.67 Y73.75 E271.10541
G1 X157.67 Y74.226 E271.12539
G1 X172.901 Y89.457 E272.02944
G1 X172.668 Y89.7 E272.04357
G1 X157.67 Y74.702 E272.93379
G1 X157.67 Y75.178 E272.95377
G1 X172.434 Y89.942 E273.8301
G1 X172.201 Y90.185 E273.84423
G1 X157.67 Y75.654 E274.70673
G1 X157.67 Y76.13 E274.72671
G1 X171.967 Y90.427 E275.57532
G1 X171.734 Y90.67 E275.58945
G1 X157.67 Y76.606 E276.42423
G1 X157.67 Y77.082 E276.44421
G1 X171.501 Y90.912 E277.26513
G1 X171.267 Y91.155 E277.27929
G1 X157.67 Y77.557 E278.08638
G1 X157.67 Y78.033 E278.10636
G1 X171.034 Y91.397 E278.89959
G1 X170.801 Y91.64 E278.91372
G1 X157.67 Y78.509 E279.69312
G1 X157.67 Y78.985 E279.7131
G1 X170.567 Y91.883 E280.47864
G1 X170.334 Y92.125 E280.49274
G1 X157.67 Y79.461 E281.24442
G1 X157.67 Y79.937 E281.2644
G1 X170.101 Y92.368 E282.00225
G1 X169.867 Y92.61 E282.01638
G1 X157.67 Y80.413 E282.74034
G1 X157.67 Y80.889 E282.76032
G1 X169.634 Y92.853 E283.47045
G1 X169.401 Y93.095 E283.48455
G1 X157.67 Y81.365 E284.18082
G1 X157.67 Y81.84 E284.20076
G1 X169.167 Y93.338 E284.8832
G1 X168.934 Y93.58 E284.8973
G1 X157.67 Y82.316 E285.56588
G1 X157.67 Y82.792 E285.58586
G1 X168.701 Y93.823 E286.24061
G1 X168.467 Y94.065 E286.25474
G1 X157.67 Y83.268 E286.8956
G1 X157.67 Y83.744 E286.91558
G1 X168.234 Y94.308 E287.54261
G1 X168.001 Y94.551 E287.55674
G1 X157.67 Y84.22 E288.16994
G1 X157.67 Y84.696 E288.18992
G1 X167.767 Y94.793 E288.78923
G1 X167.534 Y95.036 E288.80336
G1 X157.67 Y85.172 E289.38884
G1 X157.67 Y85.648 E289.40882
G1 X167.301 Y95.278 E289.98044
G1 X167.067 Y95.521 E289.9946
G1 X157.67 Y86.123 E290.55239
G1 X157.67 Y86.599 E290.57237
G1 X166.834 Y95.763 E291.1163
G1 X166.601 Y96.006 E291.13043
G1 X157.67 Y87.075 E291.66053
G1 X157.67 Y87.551 E291.68051
G1 X166.367 Y96.248 E292.19673
G1 X166.134 Y96.491 E292.21086
G1 X157.67 Y88.027 E292.71325
G1 X157.67 Y88.503 E292.73323
G1 X165.901 Y96.733 E293.22176
G1 X165.667 Y96.976 E293.23592
G1 X157.67 Y88.979 E293.71059
G1 X157.67 Y89.455 E293.73057
G1 X165.434 Y97.219 E294.19141
G1 X165.201 Y97.461 E294.20551
G1 X157.67 Y89.931 E294.65249
G1 X157.67 Y90.406 E294.67243
G1 X164.967 Y97.704 E295.10558
G1 X164.734 Y97.946 E295.11968
G1 X157.67 Y90.882 E295.53897
G1 X157.67 Y91.358 E295.55895
G1 X164.5 Y98.189 E295.96438
G1 X164.267 Y98.431 E295.97848
G1 X157.67 Y91.834 E296.37005
G1 X157.67 Y92.31 E296.39003
G1 X164.034 Y98.674 E296.76777
G1 X163.8 Y98.916 E296.7819
G1 X157.67 Y92.786 E297.14575
G1 X157.67 Y93.262 E297.16573
G1 X163.567 Y99.159 E297.51575
G1 X163.334 Y99.402 E297.52988
G1 X157.67 Y93.738 E297.86607
G1 X157.67 Y94.214 E297.88605
G1 X163.1 Y99.644 E298.20835
G1 X162.867 Y99.887 E298.22248
G1 X157.67 Y94.689 E298.53098
G1 X157.67 Y95.165 E298.55096
G1 X162.634 Y100.129 E298.8456
G1 X162.4 Y100.372 E298.85976
G1 X157.67 Y95.641 E299.14054
G1 X157.67 Y96.117 E299.16052
G1 X162.167 Y100.614 E299.42744
G1 X161.934 Y100.857 E299.44157
G1 X157.67 Y96.593 E299.69466
G1 X157.67 Y97.069 E299.71464
G1 X161.7 Y101.099 E299.95384
G1 X161.467 Y101.342 E299.96797
G1 X157.67 Y97.545 E300.19334
G1 X157.67 Y98.021 E300.21332
G1 X161.234 Y101.584 E300.42483
G1 X161 Y101.827 E300.43899
G1 X157.67 Y98.497 E300.63664
G1 X157.67 Y98.972 E300.65658
G1 X160.767 Y102.07 E300.84043
G1 X160.534 Y102.312 E300.85453
G1 X157.67 Y99.448 E301.02452
G1 X157.67 Y99.924 E301.0445
G1 X160.3 Y102.555 E301.20063
G1 X160.067 Y102.797 E301.21473
G1 X157.67 Y100.4 E301.35701
G1 X157.67 Y100.876 E301.37699
G1 X159.834 Y103.04 E301.50544
G1 X159.6 Y103.282 E301.51957
G1 X157.67 Y101.352 E301.63413
G1 X157.67 Y101.828 E301.65411
G1 X159.367 Y103.525 E301.75484
G1 X159.134 Y103.767 E301.76894
G1 X157.67 Y102.304 E301.85581
G1 X157.67 Y102.78 E301.87579
G1 X158.9 Y104.01 E301.9488
G1 X158.667 Y104.252 E301.9629
G1 X157.67 Y103.255 E302.02208
G1 X157.67 Y103.731 E302.04206
G1 X158.434 Y104.495 E302.08741
G1 X158.2 Y104.738 E302.10157
G1 X157.67 Y104.207 E302.13306
G1 X157.67 Y104.683 E302.15304
G1 X157.967 Y104.98 E302.17067
G1 X157.733 Y105.223 E302.18483
G1 X157.519 Y105.008 E302.19756
G1 E300.19756 F2400
G92 E0
G1 X113.056 Y56.863 F7800
G1 E2 F2400
;TYPE:Perimeter
;WIDTH:0.45
G1 X113.056 Y38.181 E2.89854
G1 X115.113 Y38.181 E2.99747
G1 X115.14 Y38.989 E3.03635
G1 X115.322 Y39.361 E3.05627
G1 X115.595 Y39.597 E3.07363
G1 X145.502 Y56.863 E4.73456
G1 X113.116 Y56.863 E6.29221
G1 X112.67 Y57.249 F7800
G1 F2400
G1 X112.67 Y37.795 E7.22788
G1 X115.499 Y37.795 E7.36395
G1 X115.515 Y38.898 E7.41701
G1 X115.624 Y39.122 E7.42899
G1 X115.788 Y39.263 E7.43939
G1 X146.941 Y57.249 E9.16953
G1 X112.73 Y57.249 E10.81496
G1 X112.285 Y57.635 F7800
;TYPE:External perimeter
G1 F1500
G1 X112.285 Y37.41 E11.78771
G1 X115.885 Y37.41 E11.96086
G1 X115.885 Y38.8 E12.02771
G1 X115.981 Y38.929 E12.03544
G1 X148.38 Y57.635 E13.8348
G1 X112.345 Y57.635 E15.56796
G1 X112.285 Y57.239 F7800
G1 E13.56796 F2400
G92 E0
G1 X115.297 Y56.745 F7800
G1 E2 F2400
;TYPE:Bridge infill
;WIDTH:0.406081
;HEIGHT:0.4
M106 S255
G1 F1500
G1 X114.251 Y56.464 E2.05832
G1 X114.052 Y56.166 E2.07761
G1 X114.308 Y56.007 E2.09384
G1 X116.303 Y56.542 E2.20506
G1 X118.065 Y56.542 E2.29994
G1 X115.16 Y55.764 E2.46187
G1 X115.649 Y55.632 E2.48914
G1 X115.178 Y55.296 E2.52029
G1 X119.827 Y56.542 E2.77945
G1 X121.589 Y56.542 E2.87433
G1 X114.368 Y54.607 E3.27687
G1 X114.486 Y54.167 E3.3014
G1 X123.352 Y56.542 E3.79563
G1 X125.114 Y56.542 E3.89051
G1 X114.604 Y53.726 E4.47639
G1 X114.722 Y53.286 E4.50092
G1 X126.876 Y56.542 E5.17843
G1 X128.638 Y56.542 E5.27331
G1 X114.84 Y52.845 E6.04248
G1 X114.958 Y52.404 E6.06706
G1 X130.4 Y56.542 E6.92788
G1 X132.162 Y56.542 E7.02276
G1 X115.284 Y52.02 E7.96362
G1 X115.421 Y51.889 E7.97383
G1 X115.323 Y51.558 E7.99242
G1 X133.925 Y56.542 E9.02938
G1 X135.687 Y56.542 E9.12426
G1 X115.313 Y51.083 E10.26
G1 X115.398 Y50.764 E10.27778
G1 X114.873 Y50.493 E10.30959
G1 X137.449 Y56.542 E11.56808
G1 X139.211 Y56.542 E11.66296
G1 X113.377 Y49.62 E13.10307
G1 X113.377 Y49.148 E13.12849
G1 X140.973 Y56.542 E14.66682
G1 X142.735 Y56.542 E14.7617
G1 X113.377 Y48.676 E16.39825
G1 X113.377 Y48.257 E16.42081
G1 X113.477 Y48.23 E16.42639
G1 X144.133 Y56.444 E18.1353
G1 X142.607 Y55.563 E18.23018
G1 X114.358 Y47.994 E19.80491
G1 X115.239 Y47.758 E19.85402
G1 X141.081 Y54.682 E21.29458
G1 X139.555 Y53.801 E21.38946
G1 X114.466 Y47.079 E22.78804
G1 X113.377 Y46.561 E22.85297
G1 X113.377 Y46.315 E22.86622
G1 X138.029 Y52.92 E24.24044
G1 X136.503 Y52.039 E24.33532
G1 X113.377 Y45.843 E25.62447
G1 X113.377 Y45.37 E25.64994
G1 X134.976 Y51.158 E26.85398
G1 X133.45 Y50.277 E26.94886
G1 X113.377 Y44.898 E28.06783
G1 X113.377 Y44.426 E28.09325
G1 X131.924 Y49.396 E29.12716
G1 X130.398 Y48.515 E29.22204
G1 X113.377 Y43.954 E30.17088
G1 X113.377 Y43.482 E30.1963
G1 X128.872 Y47.634 E31.06007
G1 X127.346 Y46.752 E31.15498
G1 X113.377 Y43.01 E31.93367
G1 X113.377 Y42.537 E31.95914
G1 X125.82 Y45.871 E32.65277
G1 X124.294 Y44.99 E32.74765
G1 X113.377 Y42.065 E33.35621
G1 X113.377 Y41.593 E33.38163
G1 X122.768 Y44.109 E33.90513
G1 X121.242 Y43.228 E34.00001
G1 X113.377 Y41.121 E34.43844
G1 X113.377 Y40.711 E34.46052
G1 X113.649 Y40.722 E34.47518
G1 X119.716 Y42.347 E34.81338
G1 X118.19 Y41.466 E34.90826
G1 X115.248 Y40.678 E35.07226
G1 X114.603 Y40.033 E35.12138
G1 X116.664 Y40.585 E35.23627
G1 X115.424 Y39.869 E35.31337
G1 X115.275 Y39.741 E35.32395
G1 X114.394 Y39.505 E35.37306
M107
G1 X114.847 Y38.963 F7800
;TYPE:Internal infill
;WIDTH:0.45
;HEIGHT:0.3
G1 F4800
G1 X114.824 Y38.47 E35.3968
G1 X113.703 Y38.47 E35.45072
G1 X113.703 Y39.168 E35.48429
G1 X114.107 Y39.572 E35.51177
G1 X113.903 Y39.924 E35.53134
G1 X114.046 Y40.067 E35.54107
G1 X113.703 Y40.159 E35.55815
G1 X113.703 Y40.305 E35.56517
G1 X114.308 Y40.328 E35.59429
G1 X114.183 Y40.203 E35.60279
G1 E33.60279 F2400
G92 E0
G1 X113.331 Y47.851 F7800
G1 E2 F2400
;TYPE:Solid infill
;WIDTH:0.422009
G1 F1200
G1 X113.331 Y46.986 E2.03858
G1 E.03858 F2400
G92 E0
G1 X113.331 Y50.151 F7800
G1 E2 F2400
G1 F1200
G1 X113.331 Y56.588 E2.28712
G1 E.28712 F2400
G92 E0
G1 X113.331 Y40.305 F7800
G1 E2 F2400
;WIDTH:0.422011
G1 F1200
G1 X113.331 Y38.456 E2.08248
G1 E.08248 F2400
G92 E0
G1 X113.703 Y52.012 F7800
G1 E2 F2400
;TYPE:Internal infill
;WIDTH:0.45
G1 F4800
G1 X113.703 Y50.359 E2.0795
G1 X114.29 Y50.662 E2.11127
G1 X114.844 Y51.216 E2.14895
G1 X114.817 Y51.318 E2.15402
G1 X114.948 Y51.763 E2.17633
G1 X114.612 Y52.082 E2.19861
G1 X113.865 Y54.872 E2.33753
G1 X114.38 Y55.24 E2.36797
G1 X114.293 Y55.563 E2.38406
G1 X113.703 Y55.891 E2.41653
G1 X113.703 Y54.256 E2.49517
G1 E.49517 F2400
G92 E0
G1 X115.26 Y62.909 F7800
G1 E2 F2400
;TYPE:Perimeter
;WIDTH:0.45
G1 X115.322 Y63.036 E2.0068
G1 X115.595 Y63.272 E2.02416
G1 X145.502 Y80.538 E3.68509
G1 X113.056 Y80.538 E5.24563
G1 X113.056 Y61.856 E6.14417
G1 X115.113 Y61.856 E6.2431
G1 X115.14 Y62.664 E6.28198
G1 X115.233 Y62.855 E6.2922
G1 X115.587 Y62.72 F7800
G1 F2400
G1 X115.624 Y62.797 E6.29631
G1 X115.788 Y62.938 E6.30671
G1 X146.941 Y80.924 E8.03685
G1 X112.67 Y80.924 E9.68517
G1 X112.67 Y61.47 E10.62084
G1 X115.499 Y61.47 E10.75691
G1 X115.515 Y62.573 E10.80997
G1 X115.56 Y62.666 E10.81494
G1 X115.923 Y62.527 F7800
;TYPE:External perimeter
G1 F1500
G1 X115.981 Y62.604 E10.81958
G1 X148.38 Y81.31 E12.61894
G1 X112.285 Y81.31 E14.35498
G1 X112.285 Y61.085 E15.32773
G1 X115.885 Y61.085 E15.50088
G1 X115.885 Y62.475 E15.56773
G1 X115.887 Y62.478 E15.5679
G1 X116.203 Y62.724 F7800
G1 E13.5679 F2400
G92 E0
G1 X113.331 Y71.152 F7800
G1 E2 F2400
;TYPE:Solid infill
;WIDTH:0.422011
G1 F1200
G1 X113.331 Y73.318 E2.09662
G1 E.09662 F2400
G92 E0
G1 X113.331 Y79.062 F7800
G1 E2 F2400
G1 F1200
G1 X113.331 Y80.263 E2.05357
G1 E.05357 F2400
G92 E0
G1 X113.331 Y63.814 F7800
G1 E2 F2400
;WIDTH:0.422009
G1 F1200
G1 X113.331 Y62.131 E2.07507
G1 E.07507 F2400
G92 E0
G1 X114.353 Y79.695 F7800
G1 E2 F2400
;TYPE:Bridge infill
;WIDTH:0.406081
;HEIGHT:0.4
M106 S255
G1 F1500
G1 X116.303 Y80.217 E2.1087
G1 X118.065 Y80.217 E2.20358
G1 X114.555 Y79.277 E2.39924
G1 X114.555 Y79.222 E2.4022
G1 X113.377 Y78.634 E2.47309
G1 X113.377 Y78.489 E2.4809
G1 X119.827 Y80.217 E2.84045
G1 X121.589 Y80.217 E2.93533
G1 X113.377 Y78.017 E3.3931
G1 X113.377 Y77.544 E3.41857
G1 X123.352 Y80.217 E3.97463
G1 X125.114 Y80.217 E4.06951
G1 X113.377 Y77.072 E4.72379
G1 X113.377 Y76.6 E4.74921
G1 X126.876 Y80.217 E5.50171
G1 X128.638 Y80.217 E5.59659
G1 X113.377 Y76.128 E6.44731
G1 X113.377 Y75.656 E6.47273
G1 X130.4 Y80.217 E7.42167
G1 X132.162 Y80.217 E7.51655
G1 X113.377 Y75.184 E8.56371
G1 X113.377 Y74.711 E8.58918
G1 X133.925 Y80.217 E9.73463
G1 X135.687 Y80.217 E9.82951
G1 X113.377 Y74.239 E11.07318
G1 X113.377 Y73.767 E11.0986
G1 X137.449 Y80.217 E12.44049
G1 X139.211 Y80.217 E12.53537
G1 X115.595 Y73.889 E13.85184
G1 X115.75 Y73.901 E13.86021
G1 X115.146 Y73.297 E13.9062
G1 X140.973 Y80.217 E15.34592
G1 X142.735 Y80.217 E15.4408
G1 X114.501 Y72.652 E17.0147
G1 X113.915 Y72.066 E17.05932
G1 X113.996 Y72.044 E17.06384
G1 X144.133 Y80.119 E18.74382
G1 X142.607 Y79.238 E18.8387
G1 X114.877 Y71.808 E20.3845
G1 X115.281 Y71.7 E20.40702
G1 X114.242 Y71.166 E20.46992
G1 X141.081 Y78.357 E21.96605
G1 X139.555 Y77.476 E22.06093
G1 X113.377 Y70.462 E23.52022
G1 X113.377 Y69.99 E23.54564
G1 X138.029 Y76.595 E24.91986
G1 X136.503 Y75.714 E25.01474
G1 X113.377 Y69.518 E26.30389
G1 X113.377 Y69.045 E26.32936
G1 X134.977 Y74.833 E27.53345
G1 X133.45 Y73.952 E27.62838
G1 X113.377 Y68.573 E28.74735
G1 X113.377 Y68.101 E28.77277
G1 X131.924 Y73.071 E29.80668
G1 X130.398 Y72.19 E29.90156
G1 X113.377 Y67.629 E30.8504
G1 X113.377 Y67.157 E30.87582
G1 X128.872 Y71.309 E31.73959
G1 X127.346 Y70.427 E31.8345
G1 X113.377 Y66.685 E32.61319
G1 X113.377 Y66.212 E32.63866
G1 X125.82 Y69.546 E33.33229
G1 X124.294 Y68.665 E33.42717
G1 X113.377 Y65.74 E34.03573
G1 X113.377 Y65.268 E34.06115
G1 X122.768 Y67.784 E34.58465
G1 X121.242 Y66.903 E34.67953
G1 X113.377 Y64.796 E35.11796
G1 X113.377 Y64.324 E35.14338
G1 X119.716 Y66.022 E35.49674
G1 X118.19 Y65.141 E35.59162
G1 X114.075 Y64.039 E35.821
G1 X114.957 Y63.803 E35.87016
G1 X117.419 Y64.462 E36.00739
M107
G1 E34.00739 F2400
G92 E0
G1 X114.138 Y79.965 F7800
G1 E2 F2400
;TYPE:Internal infill
;WIDTH:0.45
;HEIGHT:0.3
G1 F4800
G1 X113.703 Y80.082 E2.02167
G1 E.02167 F2400
G92 E0
G1 X113.056 Y98.995 F7800
G1 E2 F2400
;TYPE:Perimeter
;WIDTH:0.45
G1 F1200
G1 X113.056 Y95.588 E2.16386
G1 X119.31 Y95.588 E2.46466
G1 X121.54 Y97.702 E2.61245
G1 X123.637 Y98.995 E2.73094
G1 X113.116 Y98.995 E3.23696
G1 X112.67 Y99.381 F7800
G1 F1200
G1 X112.67 Y95.202 E3.43796
G1 X119.463 Y95.202 E3.76468
G1 X121.777 Y97.394 E3.91798
G1 X124.996 Y99.381 E4.09992
G1 X112.73 Y99.381 E4.68987
G1 X112.285 Y99.767 F7800
;TYPE:External perimeter
G1 F1200
G1 X112.285 Y94.911 E4.92343
;TYPE:Overhang perimeter
;WIDTH:0.4
;HEIGHT:0.4
M106 S255
G1 X112.285 Y94.817 E4.92834
G1 X119.617 Y94.817 E5.3114
G1 X119.717 Y94.911 E5.31857
M107
;TYPE:External perimeter
;WIDTH:0.45
;HEIGHT:0.3
G1 X122.013 Y97.087 E5.47071
G1 X125.347 Y99.145 E5.65915
G1 X127.122 Y99.767 E5.74961
G1 X112.345 Y99.767 E6.46033
G1 X112.285 Y99.371 F7800
G1 X113.376 Y98.602
;TYPE:Solid infill
;WIDTH:0.543559
G1 F1200
G1 X113.334 Y98.644 E6.46388
G1 X113.349 Y98.702 E6.46746
G1 X113.407 Y98.717 E6.47104
G1 X113.45 Y98.675 E6.47463
G1 X113.434 Y98.617 E6.47823
;WIDTH:0.45
G1 X113.345 Y98.001 E6.50817
G1 X114.05 Y98.706 E6.55612
G1 X114.595 Y98.706 E6.58233
G1 X113.345 Y97.456 E6.66735
G1 X113.345 Y96.911 E6.69356
G1 X115.141 Y98.706 E6.81569
G1 X115.686 Y98.706 E6.8419
G1 X113.345 Y96.365 E7.00113
G1 X113.203 Y95.848 E7.02692
;WIDTH:0.404381
G1 X113.209 Y95.741 E7.03146
;WIDTH:0.45
G1 X113.402 Y95.877 E7.04282
G1 X116.231 Y98.706 E7.23525
G1 X116.777 Y98.706 E7.26151
G1 X113.948 Y95.877 E7.45394
G1 X114.493 Y95.877 E7.48015
G1 X117.322 Y98.706 E7.67258
G1 X117.867 Y98.706 E7.69879
G1 X115.038 Y95.877 E7.89122
G1 X115.584 Y95.877 E7.91748
G1 X118.413 Y98.706 E8.10991
G1 X118.958 Y98.706 E8.13612
G1 X116.129 Y95.877 E8.32855
G1 X116.674 Y95.877 E8.35476
G1 X119.504 Y98.706 E8.54722
G1 X120.049 Y98.706 E8.57343
G1 X117.22 Y95.877 E8.76586
G1 X117.765 Y95.877 E8.79207
G1 X120.594 Y98.706 E8.9845
G1 X121.14 Y98.706 E9.01076
G1 X118.31 Y95.877 E9.20322
G1 X118.856 Y95.877 E9.22948
G1 X121.685 Y98.706 E9.42191
G1 X121.619 Y98.128 E9.44989
;WIDTH:0.400657
G1 X122.064 Y98.6 E9.4771
;WIDTH:0.364817
G1 X122.098 Y98.652 E9.47943
G1 X122.077 Y98.749 E9.48315
G1 X122.596 Y98.749 E9.5026
G1 X122.622 Y98.659 E9.50611
;WIDTH:0.411306
G1 X121.486 Y97.987 E9.56322
;WIDTH:0.412537
G1 X121.289 Y97.815 E9.57458
;WIDTH:0.404381
G1 X119.224 Y95.804 E9.69681
G1 E7.69681 F2400
G92 E0
G1 X152.413 Y98.995 F7800
G1 E2 F2400
;TYPE:Perimeter
;WIDTH:0.45
G1 F1200
G1 X141.832 Y98.995 E2.50891
G1 X143.929 Y97.702 E2.6274
G1 X146.159 Y95.588 E2.77519
G1 X152.413 Y95.588 E3.07599
G1 X152.413 Y98.935 E3.23697
G1 X152.799 Y99.381 F7800
G1 F1200
G1 X140.473 Y99.381 E3.82981
G1 X143.692 Y97.394 E4.01175
G1 X146.006 Y95.202 E4.16505
G1 X152.799 Y95.202 E4.49177
G1 X152.799 Y99.321 E4.68988
G1 X153.185 Y99.767 F7800
;TYPE:External perimeter
G1 F1200
G1 X138.347 Y99.767 E5.40354
G1 X140.122 Y99.145 E5.494
G1 X143.456 Y97.087 E5.68244
G1 X145.752 Y94.911 E5.83458
;TYPE:Overhang perimeter
;WIDTH:0.4
;HEIGHT:0.4
M106 S255
G1 X145.852 Y94.817 E5.84175
G1 X153.185 Y94.817 E6.22486
G1 X153.185 Y94.911 E6.22977
M107
;TYPE:External perimeter
;WIDTH:0.45
;HEIGHT:0.3
G1 X153.185 Y99.707 E6.46044
G1 X152.789 Y99.766 F7800
G1 E4.46044 F2400
G92 E0
G1 X142.905 Y98.706 F7800
G1 E2 F2400
;TYPE:Solid infill
G1 F1200
G1 X142.909 Y98.671 E2.00169
G1 X144.106 Y97.932 E2.06935
G1 X145.998 Y96.139 E2.19472
G1 X148.565 Y98.706 E2.36932
G1 X143.098 Y98.706 E2.63226
G1 X144.209 Y98.321 F7800
G1 F1200
G1 X144.469 Y98.12 E2.64807
G1 X145.991 Y96.677 E2.74894
G1 X147.634 Y98.321 E2.86073
G1 X144.402 Y98.321 E3.01618
G1 X145.359 Y97.881 F7800
;WIDTH:0.557653
G1 F1200
G1 X145.983 Y97.29 E3.06906
G1 X146.573 Y97.881 E3.12044
G1 X145.552 Y97.881 E3.18326
G1 E1.18326 F2400
G92 E0
G1 X146.282 Y95.877 F7800
G1 E2 F2400
;WIDTH:0.45
G1 F1200
G1 X149.248 Y98.83 E2.2013
;WIDTH:0.404381
G1 X149.229 Y98.901 E2.20442
G1 X149.3 Y98.882 E2.20754
G1 X149.289 Y98.841 E2.20934
;WIDTH:0.45
G1 X149.656 Y98.706 E2.22815
G1 X146.827 Y95.877 E2.42058
G1 X147.372 Y95.877 E2.44679
G1 X150.201 Y98.706 E2.63922
G1 X150.747 Y98.706 E2.66548
G1 X147.918 Y95.877 E2.85791
G1 X148.463 Y95.877 E2.88412
G1 X151.292 Y98.706 E3.07655
G1 X152.234 Y98.756 F7800
;WIDTH:0.404381
G1 F1200
G1 X152.245 Y98.797 E3.07835
G1 X152.174 Y98.816 E3.08147
G1 X152.193 Y98.745 E3.08459
;WIDTH:0.45
G1 X151.837 Y98.706 E3.10181
G1 X149.008 Y95.877 E3.29424
G1 X149.554 Y95.877 E3.3205
G1 X152.124 Y98.448 E3.49534
G1 X152.319 Y98.02 E3.51796
;WIDTH:0.404381
G1 X152.33 Y98.061 E3.51976
G1 X152.259 Y98.08 E3.52288
G1 X152.278 Y98.009 E3.526
;WIDTH:0.45
G1 X152.124 Y97.902 E3.53502
G1 X150.099 Y95.877 E3.67276
G1 X152.124 Y95.877 E3.77016
G1 X152.124 Y97.357 E3.84134
G1 X150.781 Y96.014 E3.93269
G1 X151.675 Y96.252 F7800
;WIDTH:0.545549
G1 F1200
G1 X151.633 Y96.295 E3.9363
G1 X151.648 Y96.353 E3.9399
G1 X151.706 Y96.369 E3.94351
G1 X151.749 Y96.326 E3.94716
G1 X151.733 Y96.268 E3.95077
G1 E1.95077 F2400
G92 E0
G1 X133.068 Y170.966 F7800
G1 E2 F2400
;TYPE:Perimeter
;WIDTH:0.45
G1 X132.992 Y171.089 E2.00695
G1 X132.932 Y171.517 E2.02774
;WIDTH:0.464919
G1 X133.016 Y171.812 E2.04306
G1 X132.453 Y171.812 E2.07119
G1 X132.537 Y171.581 E2.08347
G1 X132.477 Y171.089 E2.10823
;WIDTH:0.45
G1 X132.286 Y170.781 E2.12566
;WIDTH:0.490238
G1 X132.109 Y170.683 E2.13641
;WIDTH:0.530477
G1 X131.931 Y170.585 E2.14822
;WIDTH:0.570715
G1 X131.754 Y170.487 E2.161
;WIDTH:0.610954
G1 X131.576 Y170.389 E2.17485
G1 X113.136 Y170.389 E3.43193
G1 X113.136 Y169.842 E3.46922
G1 X131.576 Y169.842 E4.7263
G1 X131.866 Y169.822 E4.74612
;WIDTH:0.570715
G1 X132.155 Y169.802 E4.76441
;WIDTH:0.530477
G1 X132.445 Y169.782 E4.78131
;WIDTH:0.490238
G1 X132.735 Y169.762 E4.79675
G1 X133.024 Y169.782 E4.81214
;WIDTH:0.530476
G1 X133.314 Y169.802 E4.82904
;WIDTH:0.570714
G1 X133.603 Y169.822 E4.84733
;WIDTH:0.610952
G1 X133.893 Y169.842 E4.86715
G1 X152.333 Y169.842 E6.12423
G1 X152.333 Y170.389 E6.16152
;WIDTH:0.610954
G1 X133.726 Y170.389 E7.42999
G1 X133.59 Y170.487 E7.44142
;WIDTH:0.570714
G1 X133.454 Y170.585 E7.45201
;WIDTH:0.530476
G1 X133.318 Y170.683 E7.46176
;WIDTH:0.490238
G1 X133.183 Y170.781 E7.47062
;WIDTH:0.45
G1 X133.1 Y170.915 E7.4782
G1 X133.398 Y171.152 F7800
G1 F2400
G1 X133.352 Y171.227 E7.48243
G1 X133.316 Y171.484 E7.49491
G1 X133.397 Y171.731 E7.50741
G1 X133.681 Y172.205 E7.53399
G1 X131.788 Y172.205 E7.62504
G1 X132.072 Y171.731 E7.65162
G1 X132.148 Y171.521 E7.66236
G1 X132.117 Y171.227 E7.67658
G1 X132.002 Y171.042 E7.68706
G1 X131.576 Y170.855 E7.70944
G1 X112.67 Y170.855 E8.61875
G1 X112.67 Y169.376 E8.68988
G1 X152.799 Y169.376 E10.61995
G1 X152.799 Y170.855 E10.69108
G1 X133.809 Y170.855 E11.60443
G1 X133.467 Y171.042 E11.62318
G1 X133.43 Y171.101 E11.62653
G1 X133.742 Y171.34 F7800
;TYPE:External perimeter
G1 F1500
G1 X133.713 Y171.364 E11.62834
G1 X133.727 Y171.532 E11.63645
G1 X134.362 Y172.59 E11.6958
G1 X131.107 Y172.59 E11.85235
G1 X131.773 Y171.481 E11.91457
G1 X131.718 Y171.303 E11.92353
G1 X131.576 Y171.24 E11.931
G1 X112.285 Y171.24 E12.85883
G1 X112.285 Y168.99 E12.96705
G1 X153.185 Y168.99 E14.9342
G1 X153.185 Y171.24 E15.04242
G1 X133.863 Y171.24 E15.97174
G1 X133.788 Y171.302 E15.97642
G1 X133.827 Y171.7 F7800
G1 E13.97642 F2400
G92 E0
G1 X132.029 Y170.213 F7800
G1 E2 F2400
;TYPE:Solid infill
;WIDTH:0.574571
G1 F1200
G1 X132.731 Y170.115 E2.0451
G1 X133.304 Y170.221 E2.08218
G1 X132.95 Y170.52 E2.11167
G1 X132.735 Y170.844 E2.13641
G1 X132.494 Y170.504 E2.16293
G1 X132.193 Y170.315 E2.18555
;LAYER_CHANGE
;Z:3.65
;HEIGHT:0.3
G1 E.18555 F2400
G92 E0
G1 Z3.65 F7800
G1 X223.395 Y37.43
G1 E2 F2400
;TYPE:External perimeter
;WIDTH:0.490524
G1 F1500
G1 X223.395 Y37.856 E2.02264
G1 X160.705 Y37.856 E5.35467
G1 X160.705 Y37.43 E5.37731
G1 X223.335 Y37.43 E8.70615
G1 X223.395 Y37.826 F7800
G1 E6.70615 F2400
G92 E0
G1 X113.056 Y56.863 F7800
G1 E2 F2400
;TYPE:Perimeter
;WIDTH:0.45
G1 X113.056 Y38.181 E2.89854
G1 X115.113 Y38.181 E2.99747
G1 X115.14 Y38.989 E3.03635
G1 X115.322 Y39.361 E3.05627
G1 X115.595 Y39.597 E3.07363
G1 X145.502 Y56.863 E4.73456
G1 X113.116 Y56.863 E6.29221
G1 X112.67 Y57.249 F7800
G1 F2400
G1 X112.67 Y37.795 E7.22788
G1 X115.499 Y37.795 E7.36395
G1 X115.515 Y38.898 E7.41701
G1 X115.624 Y39.122 E7.42899
G1 X115.788 Y39.263 E7.43939
G1 X146.941 Y57.249 E9.16953
G1 X112.73 Y57.249 E10.81496
G1 X112.285 Y57.635 F7800
;TYPE:External perimeter
G1 F1500
G1 X112.285 Y37.41 E11.78771
G1 X115.885 Y37.41 E11.96086
G1 X115.885 Y38.8 E12.02771
G1 X115.981 Y38.929 E12.03544
G1 X148.38 Y57.635 E13.8348
G1 X112.345 Y57.635 E15.56796
G1 X112.285 Y57.239 F7800
G1 E13.56796 F2400
G92 E0
G1 X113.345 Y38.47 F7800
G1 E2 F2400
;TYPE:Solid infill
G1 F1200
G1 X114.832 Y38.47 E2.07152
G1 X114.86 Y39.053 E2.09959
G1 X115.076 Y39.505 E2.12368
G1 X115.459 Y39.852 E2.14854
G1 X116.11 Y40.228 E2.1847
G1 X113.345 Y42.993 E2.37277
G1 X113.345 Y38.663 E2.58103
G1 X113.731 Y38.856 E2.60179
G1 X114.462 Y38.856 E2.63695
G1 X114.485 Y39.146 E2.65094
G1 X114.729 Y39.675 E2.67896
G1 X114.871 Y39.859 E2.69014
G1 X115.177 Y40.123 E2.70958
G1 X115.482 Y40.311 E2.72681
G1 X113.731 Y42.062 E2.84591
G1 X113.731 Y39.049 E2.99082
G1 X114.174 Y39.546 E3.02284
;WIDTH:0.564692
G1 X114.331 Y39.869 E3.04525
G1 X114.582 Y40.194 E3.07087
G1 X114.791 Y40.375 E3.08812
G1 X114.174 Y40.992 E3.14257
G1 X114.174 Y39.739 E3.22076
G1 E1.22076 F2400
G92 E0
G1 X116.455 Y40.428 F7800
G1 E2 F2400
;WIDTH:0.45
G1 F1200
G1 X113.345 Y43.538 E2.21154
G1 X113.345 Y44.083 E2.23775
G1 X116.801 Y40.627 E2.47282
G1 X117.147 Y40.827 E2.49204
G1 X113.345 Y44.629 E2.75065
G1 X113.345 Y45.174 E2.77686
G1 X117.493 Y41.026 E3.059
G1 X117.838 Y41.226 E3.07818
G1 X113.345 Y45.719 E3.38379
G1 X113.345 Y46.265 E3.41005
G1 X118.184 Y41.426 E3.73919
G1 X118.53 Y41.625 E3.75839
G1 X113.345 Y46.81 E4.11107
G1 X113.345 Y47.355 E4.13728
G1 X118.876 Y41.825 E4.51346
G1 X119.221 Y42.024 E4.53262
G1 X113.345 Y47.901 E4.93233
G1 X113.345 Y48.446 E4.95854
G1 X119.567 Y42.224 E5.38175
G1 X119.913 Y42.424 E5.40097
G1 X113.345 Y48.991 E5.84768
G1 X113.345 Y49.537 E5.87394
G1 X120.258 Y42.623 E6.34419
G1 X120.604 Y42.823 E6.36341
G1 X113.345 Y50.082 E6.85716
G1 X113.345 Y50.628 E6.88342
G1 X120.95 Y43.022 E7.40074
G1 X121.296 Y43.222 E7.41996
G1 X113.345 Y51.173 E7.96078
G1 X113.345 Y51.718 E7.98699
G1 X121.641 Y43.422 E8.55127
G1 X121.987 Y43.621 E8.57047
G1 X113.345 Y52.264 E9.15832
G1 X113.345 Y52.809 E9.18453
G1 X122.333 Y43.821 E9.79588
G1 X122.679 Y44.021 E9.8151
G1 X113.345 Y53.354 E10.44995
G1 X113.345 Y53.9 E10.47621
G1 X123.024 Y44.22 E11.1346
G1 X123.37 Y44.42 E11.15382
G1 X113.345 Y54.445 E11.83571
G1 X113.345 Y54.99 E11.86192
G1 X123.716 Y44.619 E12.56734
G1 X124.062 Y44.819 E12.58656
G1 X113.345 Y55.536 E13.31552
G1 X113.345 Y56.081 E13.34173
G1 X124.407 Y45.019 E14.09415
G1 X124.753 Y45.218 E14.11335
G1 X113.397 Y56.574 E14.88577
G1 X113.942 Y56.574 E14.91198
G1 X125.099 Y45.418 E15.67083
G1 X125.445 Y45.617 E15.69003
G1 X114.488 Y56.574 E16.43531
G1 X115.033 Y56.574 E16.46152
G1 X125.79 Y45.817 E17.1932
G1 X126.136 Y46.017 E17.21242
G1 X115.578 Y56.574 E17.93053
G1 X116.124 Y56.574 E17.95679
G1 X126.482 Y46.216 E18.66133
G1 X126.827 Y46.416 E18.68051
G1 X116.669 Y56.574 E19.37144
G1 X117.214 Y56.574 E19.39765
G1 X127.173 Y46.615 E20.07505
G1 X127.519 Y46.815 E20.09427
G1 X117.76 Y56.574 E20.75807
G1 X118.305 Y56.574 E20.78428
G1 X127.865 Y47.015 E21.43451
G1 X128.21 Y47.214 E21.45367
G1 X118.85 Y56.574 E22.09033
G1 X119.396 Y56.574 E22.11659
G1 X128.556 Y47.414 E22.73964
G1 X128.902 Y47.614 E22.75886
G1 X119.941 Y56.574 E23.36834
G1 X120.487 Y56.574 E23.3946
G1 X129.248 Y47.813 E23.99051
G1 X129.593 Y48.013 E24.00969
G1 X121.032 Y56.574 E24.592
G1 X121.577 Y56.574 E24.61821
G1 X129.939 Y48.212 E25.18698
G1 X130.285 Y48.412 E25.2062
G1 X122.123 Y56.574 E25.76137
G1 X122.668 Y56.574 E25.78758
G1 X130.631 Y48.612 E26.32918
G1 X130.976 Y48.811 E26.34834
G1 X123.213 Y56.574 E26.87637
G1 X123.759 Y56.574 E26.90263
G1 X131.322 Y49.011 E27.41706
G1 X131.668 Y49.21 E27.43626
G1 X124.304 Y56.574 E27.93715
G1 X124.849 Y56.574 E27.96336
G1 X132.014 Y49.41 E28.45068
G1 X132.359 Y49.61 E28.46986
G1 X125.395 Y56.574 E28.94354
G1 X125.94 Y56.574 E28.96975
G1 X132.705 Y49.809 E29.4299
G1 X133.051 Y50.009 E29.44912
G1 X126.485 Y56.574 E29.8957
G1 X127.031 Y56.574 E29.92196
G1 X133.396 Y50.208 E30.35493
G1 X133.742 Y50.408 E30.37415
G1 X127.576 Y56.574 E30.79355
G1 X128.121 Y56.574 E30.81976
G1 X134.088 Y50.608 E31.22559
G1 X134.434 Y50.807 E31.24479
G1 X128.667 Y56.574 E31.63705
G1 X129.212 Y56.574 E31.66326
G1 X134.779 Y51.007 E32.04192
G1 X135.125 Y51.207 E32.06114
G1 X129.757 Y56.574 E32.42623
G1 X130.303 Y56.574 E32.45249
G1 X135.471 Y51.406 E32.80401
G1 X135.817 Y51.606 E32.82323
G1 X130.848 Y56.574 E33.16118
G1 X131.393 Y56.574 E33.18739
G1 X136.162 Y51.805 E33.51177
G1 X136.508 Y52.005 E33.53099
G1 X131.939 Y56.574 E33.84177
G1 X132.484 Y56.574 E33.86798
G1 X136.854 Y52.205 E34.16519
G1 X137.2 Y52.404 E34.18439
G1 X133.03 Y56.574 E34.46803
G1 X133.575 Y56.574 E34.49424
G1 X137.545 Y52.604 E34.76427
G1 X137.891 Y52.803 E34.78347
G1 X134.12 Y56.574 E35.03997
G1 X134.666 Y56.574 E35.06623
G1 X138.237 Y53.003 E35.30912
G1 X138.583 Y53.203 E35.32834
G1 X135.211 Y56.574 E35.55767
G1 X135.756 Y56.574 E35.58388
G1 X138.928 Y53.402 E35.79964
G1 X139.274 Y53.602 E35.81886
G1 X136.302 Y56.574 E36.02101
G1 X136.847 Y56.574 E36.04722
G1 X139.62 Y53.801 E36.23584
G1 X139.965 Y54.001 E36.25502
G1 X137.392 Y56.574 E36.43003
G1 E34.43003 F2400
G92 E0
G1 X140.175 Y54.337 F7800
G1 E2 F2400
G1 F1200
G1 X137.938 Y56.574 E2.15216
G1 X144.365 Y56.574 E2.46128
G1 X144.373 Y56.546 E2.46268
G1 X140.311 Y54.201 E2.68827
G1 X140.375 Y54.683 E2.71166
G1 X142.983 Y56.189 E2.85651
G1 X138.869 Y56.189 E3.05438
G1 X140.238 Y54.819 E3.14753
G1 X140.446 Y55.221 E3.1693
;WIDTH:0.541018
G1 X141.374 Y55.758 E3.23304
G1 X139.909 Y55.758 E3.32013
G1 X140.309 Y55.358 E3.35376
G1 E1.35376 F2400
G92 E0
G1 X115.26 Y62.909 F7800
G1 E2 F2400
;TYPE:Perimeter
;WIDTH:0.45
G1 X115.322 Y63.036 E2.0068
G1 X115.595 Y63.272 E2.02416
G1 X145.502 Y80.538 E3.68509
G1 X113.056 Y80.538 E5.24563
G1 X113.056 Y61.856 E6.14417
G1 X115.113 Y61.856 E6.2431
G1 X115.14 Y62.664 E6.28198
G1 X115.233 Y62.855 E6.2922
G1 X115.587 Y62.72 F7800
G1 F2400
G1 X115.624 Y62.797 E6.29631
G1 X115.788 Y62.938 E6.30671
G1 X146.941 Y80.924 E8.03685
G1 X112.67 Y80.924 E9.68517
G1 X112.67 Y61.47 E10.62084
G1 X115.499 Y61.47 E10.75691
G1 X115.515 Y62.573 E10.80997
G1 X115.56 Y62.666 E10.81494
G1 X115.923 Y62.527 F7800
;TYPE:External perimeter
G1 F1500
G1 X115.981 Y62.604 E10.81958
G1 X148.38 Y81.31 E12.61894
G1 X112.285 Y81.31 E14.35498
G1 X112.285 Y61.085 E15.32773
G1 X115.885 Y61.085 E15.50088
G1 X115.885 Y62.475 E15.56773
G1 X115.887 Y62.478 E15.5679
G1 X116.203 Y62.724 F7800
G1 E13.5679 F2400
G92 E0
G1 X113.345 Y62.145 F7800
G1 E2 F2400
;TYPE:Solid infill
G1 F1200
G1 X114.832 Y62.145 E2.07152
G1 X114.86 Y62.728 E2.09959
G1 X115.076 Y63.18 E2.12368
G1 X115.459 Y63.527 E2.14854
G1 X116.11 Y63.903 E2.1847
G1 X113.345 Y66.668 E2.37277
G1 X113.345 Y62.338 E2.58103
G1 X113.731 Y62.531 E2.60179
G1 X114.462 Y62.531 E2.63695
G1 X114.485 Y62.821 E2.65094
G1 X114.729 Y63.35 E2.67896
G1 X114.871 Y63.534 E2.69014
G1 X115.177 Y63.798 E2.70958
G1 X115.482 Y63.986 E2.72681
G1 X113.731 Y65.737 E2.84591
G1 X113.731 Y62.724 E2.99082
G1 X114.174 Y63.221 E3.02284
;WIDTH:0.564691
G1 X114.331 Y63.544 E3.04525
G1 X114.582 Y63.869 E3.07087
G1 X114.791 Y64.05 E3.08812
G1 X114.174 Y64.667 E3.14257
G1 X114.174 Y63.414 E3.22076
G1 E1.22076 F2400
G92 E0
G1 X116.455 Y64.103 F7800
G1 E2 F2400
;WIDTH:0.45
G1 F1200
G1 X113.345 Y67.213 E2.21154
G1 X113.345 Y67.758 E2.23775
G1 X116.801 Y64.302 E2.47282
G1 X117.147 Y64.502 E2.49204
G1 X113.345 Y68.304 E2.75065
G1 X113.345 Y68.849 E2.77686
G1 X117.493 Y64.701 E3.059
G1 X117.838 Y64.901 E3.07818
G1 X113.345 Y69.394 E3.38379
G1 X113.345 Y69.94 E3.41005
G1 X118.184 Y65.101 E3.73919
G1 X118.53 Y65.3 E3.75839
G1 X113.345 Y70.485 E4.11107
G1 X113.345 Y71.03 E4.13728
G1 X118.876 Y65.5 E4.51346
G1 X119.221 Y65.699 E4.53262
G1 X113.345 Y71.576 E4.93233
G1 X113.345 Y72.121 E4.95854
G1 X119.567 Y65.899 E5.38175
G1 X119.913 Y66.099 E5.40097
G1 X113.345 Y72.666 E5.84768
G1 X113.345 Y73.212 E5.87394
G1 X120.258 Y66.298 E6.34419
G1 X120.604 Y66.498 E6.36341
G1 X113.345 Y73.757 E6.85716
G1 X113.345 Y74.303 E6.88342
G1 X120.95 Y66.697 E7.40074
G1 X121.296 Y66.897 E7.41996
G1 X113.345 Y74.848 E7.96078
G1 X113.345 Y75.393 E7.98699
G1 X121.641 Y67.097 E8.55127
G1 X121.987 Y67.296 E8.57047
G1 X113.345 Y75.939 E9.15832
G1 X113.345 Y76.484 E9.18453
G1 X122.333 Y67.496 E9.79588
G1 X122.679 Y67.696 E9.8151
G1 X113.345 Y77.029 E10.44995
G1 X113.345 Y77.575 E10.47621
G1 X123.024 Y67.895 E11.1346
G1 X123.37 Y68.095 E11.15382
G1 X113.345 Y78.12 E11.83571
G1 X113.345 Y78.665 E11.86192
G1 X123.716 Y68.294 E12.56734
G1 X124.062 Y68.494 E12.58656
G1 X113.345 Y79.211 E13.31552
G1 X113.345 Y79.756 E13.34173
G1 X124.407 Y68.694 E14.09415
G1 X124.753 Y68.893 E14.11335
G1 X113.397 Y80.249 E14.88577
G1 X113.942 Y80.249 E14.91198
G1 X125.099 Y69.093 E15.67083
G1 X125.445 Y69.292 E15.69003
G1 X114.488 Y80.249 E16.43531
G1 X115.033 Y80.249 E16.46152
G1 X125.79 Y69.492 E17.1932
G1 X126.136 Y69.692 E17.21242
G1 X115.578 Y80.249 E17.93053
G1 X116.124 Y80.249 E17.95679
G1 X126.482 Y69.891 E18.66133
G1 X126.827 Y70.091 E18.68051
G1 X116.669 Y80.249 E19.37144
G1 X117.214 Y80.249 E19.39765
G1 X127.173 Y70.29 E20.07505
G1 X127.519 Y70.49 E20.09427
G1 X117.76 Y80.249 E20.75807
G1 X118.305 Y80.249 E20.78428
G1 X127.865 Y70.69 E21.43451
G1 X128.21 Y70.889 E21.45367
G1 X118.85 Y80.249 E22.09033
G1 X119.396 Y80.249 E22.11659
G1 X128.556 Y71.089 E22.73964
G1 X128.902 Y71.289 E22.75886
G1 X119.941 Y80.249 E23.36834
G1 X120.487 Y80.249 E23.3946
G1 X129.248 Y71.488 E23.99051
G1 X129.593 Y71.688 E24.00969
G1 X121.032 Y80.249 E24.592
G1 X121.577 Y80.249 E24.61821
G1 X129.939 Y71.887 E25.18698
G1 X130.285 Y72.087 E25.2062
G1 X122.123 Y80.249 E25.76137
G1 X122.668 Y80.249 E25.78758
G1 X130.631 Y72.287 E26.32918
G1 X130.976 Y72.486 E26.34834
G1 X123.213 Y80.249 E26.87637
G1 X123.759 Y80.249 E26.90263
G1 X131.322 Y72.686 E27.41706
G1 X131.668 Y72.885 E27.43626
G1 X124.304 Y80.249 E27.93715
G1 X124.849 Y80.249 E27.96336
G1 X132.014 Y73.085 E28.45068
G1 X132.359 Y73.285 E28.46986
G1 X125.395 Y80.249 E28.94354
G1 X125.94 Y80.249 E28.96975
G1 X132.705 Y73.484 E29.4299
G1 X133.051 Y73.684 E29.44912
G1 X126.485 Y80.249 E29.8957
G1 X127.031 Y80.249 E29.92196
G1 X133.396 Y73.883 E30.35493
G1 X133.742 Y74.083 E30.37415
G1 X127.576 Y80.249 E30.79355
G1 X128.121 Y80.249 E30.81976
G1 X134.088 Y74.283 E31.22559
G1 X134.434 Y74.482 E31.24479
G1 X128.667 Y80.249 E31.63705
G1 X129.212 Y80.249 E31.66326
G1 X134.779 Y74.682 E32.04192
G1 X135.125 Y74.882 E32.06114
G1 X129.757 Y80.249 E32.42623
G1 X130.303 Y80.249 E32.45249
G1 X135.471 Y75.081 E32.80401
G1 X135.817 Y75.281 E32.82323
G1 X130.848 Y80.249 E33.16118
G1 X131.393 Y80.249 E33.18739
G1 X136.162 Y75.48 E33.51177
G1 X136.508 Y75.68 E33.53099
G1 X131.939 Y80.249 E33.84177
G1 X132.484 Y80.249 E33.86798
G1 X136.854 Y75.88 E34.16519
G1 X137.2 Y76.079 E34.18439
G1 X133.03 Y80.249 E34.46803
G1 X133.575 Y80.249 E34.49424
G1 X137.545 Y76.279 E34.76427
G1 X137.891 Y76.478 E34.78347
G1 X134.12 Y80.249 E35.03997
G1 X134.666 Y80.249 E35.06623
G1 X138.237 Y76.678 E35.30912
G1 X138.583 Y76.878 E35.32834
G1 X135.211 Y80.249 E35.55767
G1 X135.756 Y80.249 E35.58388
G1 X138.928 Y77.077 E35.79964
G1 X139.274 Y77.277 E35.81886
G1 X136.302 Y80.249 E36.02101
G1 X136.847 Y80.249 E36.04722
G1 X139.62 Y77.476 E36.23584
G1 X139.965 Y77.676 E36.25502
G1 X137.392 Y80.249 E36.43003
G1 E34.43003 F2400
G92 E0
G1 X140.175 Y78.012 F7800
G1 E2 F2400
G1 F1200
G1 X137.938 Y80.249 E2.15216
G1 X144.365 Y80.249 E2.46128
G1 X144.373 Y80.221 E2.46268
G1 X140.311 Y77.876 E2.68827
G1 X140.375 Y78.358 E2.71166
G1 X142.983 Y79.864 E2.85651
G1 X138.869 Y79.864 E3.05438
G1 X140.238 Y78.494 E3.14753
G1 X140.446 Y78.896 E3.1693
;WIDTH:0.541018
G1 X141.374 Y79.433 E3.23304
G1 X139.909 Y79.433 E3.32013
G1 X140.309 Y79.033 E3.35376
G1 E1.35376 F2400
G92 E0
G1 X113.056 Y98.476 F7800
G1 E2 F2400
;TYPE:Perimeter
;WIDTH:0.45
G1 F1200
G1 X113.056 Y95.068 E2.16391
G1 X118.579 Y95.068 E2.42955
G1 X121.54 Y97.875 E2.62579
G1 X122.514 Y98.476 E2.68084
G1 X113.116 Y98.476 E3.13285
G1 X112.67 Y98.861 F7800
G1 F1200
G1 X112.67 Y94.683 E3.3338
G1 X118.731 Y94.683 E3.62531
G1 X121.777 Y97.568 E3.82709
G1 X123.873 Y98.861 E3.94554
G1 X112.73 Y98.861 E4.48148
G1 X112.285 Y99.247 F7800
;TYPE:External perimeter
G1 F1200
G1 X112.285 Y94.392 E4.71499
;TYPE:Overhang perimeter
;WIDTH:0.4
;HEIGHT:0.4
M106 S255
G1 X112.285 Y94.297 E4.71995
G1 X118.954 Y94.297 E5.06837
G1 X119.023 Y94.392 E5.0745
M107
;TYPE:External perimeter
;WIDTH:0.45
;HEIGHT:0.3
G1 X119.107 Y94.507 E5.08135
G1 X122.013 Y97.26 E5.27388
G1 X125.232 Y99.247 E5.45582
G1 X112.345 Y99.247 E6.07564
G1 X112.285 Y98.852 F7800
G1 E4.07564 F2400
G92 E0
G1 X113.45 Y95.389 F7800
G1 E2 F2400
;TYPE:Solid infill
;WIDTH:0.543559
G1 F1200
G1 X113.407 Y95.346 E2.00363
G1 X113.349 Y95.362 E2.00723
G1 X113.334 Y95.42 E2.01081
G1 X113.376 Y95.462 E2.01436
G1 X113.434 Y95.447 E2.01794
;WIDTH:0.45
G1 X113.345 Y96.063 E2.04788
G1 X114.05 Y95.358 E2.09583
G1 X114.595 Y95.358 E2.12204
G1 X113.345 Y96.608 E2.20706
G1 X113.345 Y97.153 E2.23327
G1 X115.141 Y95.358 E2.3554
G1 X115.686 Y95.358 E2.38161
G1 X113.345 Y97.699 E2.54084
G1 X113.209 Y98.323 E2.57156
;WIDTH:0.404381
G1 X113.203 Y98.216 E2.5761
;WIDTH:0.45
G1 X113.402 Y98.187 E2.58577
G1 X116.231 Y95.358 E2.7782
G1 X116.777 Y95.358 E2.80446
G1 X113.948 Y98.187 E2.99689
G1 X114.493 Y98.187 E3.0231
G1 X117.322 Y95.358 E3.21553
G1 X117.867 Y95.358 E3.24174
G1 X115.038 Y98.187 E3.43417
G1 X115.584 Y98.187 E3.46043
G1 X118.413 Y95.358 E3.65286
G1 X118.717 Y95.598 E3.67149
G1 X116.129 Y98.187 E3.84756
G1 X116.674 Y98.187 E3.87377
G1 X118.997 Y95.864 E4.03178
G1 X121.449 Y98.187 E4.19423
G1 X117.22 Y98.187 E4.39763
G1 X119.141 Y96.265 E4.52833
G1 X119.285 Y96.667 E4.54887
G1 X120.481 Y97.801 E4.62814
G1 X118.151 Y97.801 E4.7402
G1 X119.148 Y96.803 E4.80805
G1 X119.361 Y97.31 E4.8345
;WIDTH:0.625555
G1 X119.312 Y97.26 E4.8394
G1 X119.244 Y97.278 E4.84432
G1 X119.226 Y97.346 E4.84924
G1 X119.275 Y97.395 E4.85409
G1 X119.343 Y97.377 E4.85901
G1 E2.85901 F2400
G92 E0
G1 X152.413 Y98.476 F7800
G1 E2 F2400
;TYPE:Perimeter
;WIDTH:0.45
G1 F1200
G1 X142.955 Y98.476 E2.4549
G1 X143.929 Y97.875 E2.50995
G1 X146.89 Y95.068 E2.70619
G1 X152.413 Y95.068 E2.97183
G1 X152.413 Y98.416 E3.13286
G1 X152.799 Y98.861 F7800
G1 F1200
G1 X141.596 Y98.861 E3.67169
G1 X143.692 Y97.568 E3.79014
G1 X146.714 Y94.683 E3.99109
G1 X152.799 Y94.683 E4.28376
G1 X152.799 Y98.801 E4.48182
G1 X153.185 Y99.247 F7800
;TYPE:External perimeter
G1 F1200
G1 X140.237 Y99.247 E5.10457
G1 X143.456 Y97.26 E5.28651
G1 X146.362 Y94.507 E5.47904
G1 X146.446 Y94.392 E5.48589
;TYPE:Overhang perimeter
;WIDTH:0.4
;HEIGHT:0.4
M106 S255
G1 X146.515 Y94.297 E5.49202
G1 X153.185 Y94.297 E5.84049
G1 X153.185 Y94.392 E5.84545
M107
;TYPE:External perimeter
;WIDTH:0.45
;HEIGHT:0.3
G1 X153.185 Y99.187 E6.07607
G1 X152.789 Y99.246 F7800
G1 E4.07607 F2400
G92 E0
G1 X147.066 Y95.358 F7800
G1 E2 F2400
;TYPE:Solid infill
G1 F1200
G1 X144.237 Y98.187 E2.19243
G1 X143.947 Y98.292 E2.20726
;WIDTH:0.404381
G1 X143.895 Y98.125 E2.21468
G1 X144.121 Y97.926 E2.22745
G1 X145.353 Y96.727 E2.30035
G1 X144.782 Y98.187 F7800
;WIDTH:0.45
G1 F1200
G1 X147.611 Y95.358 E2.49278
G1 X148.157 Y95.358 E2.51904
G1 X145.328 Y98.187 E2.71147
G1 X145.873 Y98.187 E2.73768
G1 X148.702 Y95.358 E2.93011
G1 X149.247 Y95.358 E2.95632
G1 X146.418 Y98.187 E3.14875
G1 X146.964 Y98.187 E3.17501
G1 X149.793 Y95.358 E3.36744
G1 X150.338 Y95.358 E3.39365
G1 X147.509 Y98.187 E3.58608
G1 X148.054 Y98.187 E3.61229
G1 X150.883 Y95.358 E3.80472
G1 X151.429 Y95.358 E3.83098
G1 X148.6 Y98.187 E4.02341
G1 X149.145 Y98.187 E4.04962
G1 X151.974 Y95.358 E4.24205
G1 X152.254 Y95.288 E4.25593
;WIDTH:0.404381
G1 X152.213 Y95.299 E4.25773
G1 X152.194 Y95.228 E4.26085
G1 X152.265 Y95.247 E4.26397
;WIDTH:0.45
G1 X152.124 Y95.753 E4.28923
G1 X149.69 Y98.187 E4.45479
G1 X150.129 Y98.34 E4.47715
;WIDTH:0.404381
G1 X150.058 Y98.321 E4.48027
G1 X150.077 Y98.392 E4.48339
G1 X150.118 Y98.381 E4.48519
;WIDTH:0.45
G1 X150.236 Y98.187 E4.49611
G1 X152.124 Y96.298 E4.62456
G1 X152.319 Y96.18 E4.63552
;WIDTH:0.404381
G1 X152.278 Y96.191 E4.63732
G1 X152.259 Y96.12 E4.64044
G1 X152.33 Y96.139 E4.64356
;WIDTH:0.45
G1 X152.124 Y96.844 E4.67889
G1 X152.124 Y98.187 E4.74348
G1 X150.781 Y98.187 E4.80807
G1 X151.988 Y96.98 E4.89017
G1 X151.779 Y97.78 F7800
;WIDTH:0.465493
G1 F1200
G1 X151.744 Y97.745 E4.89265
G1 X151.695 Y97.758 E4.89519
G1 X151.682 Y97.806 E4.89768
G1 X151.718 Y97.842 E4.90023
G1 X151.766 Y97.829 E4.90272
G1 E2.90272 F2400
G92 E0
G1 X156.655 Y106.768 F7800
G1 E2 F2400
;TYPE:External perimeter
;WIDTH:0.490524
G1 F1500
G1 X156.655 Y48.825 E5.07972
G1 X157.081 Y48.825 E5.10236
G1 X157.081 Y106.768 E8.18208
G1 X156.715 Y106.768 E8.20153
G1 X156.655 Y106.373 F7800
G1 E6.20153 F2400
G92 E0
G1 X133.068 Y170.966 F7800
G1 E2 F2400
;TYPE:Perimeter
;WIDTH:0.45
G1 X132.992 Y171.089 E2.00695
G1 X132.932 Y171.517 E2.02774
;WIDTH:0.464919
G1 X133.016 Y171.812 E2.04306
G1 X132.453 Y171.812 E2.07119
G1 X132.537 Y171.581 E2.08347
G1 X132.477 Y171.089 E2.10823
;WIDTH:0.45
G1 X132.286 Y170.781 E2.12566
;WIDTH:0.490238
G1 X132.109 Y170.683 E2.13641
;WIDTH:0.530477
G1 X131.931 Y170.585 E2.14822
;WIDTH:0.570715
G1 X131.754 Y170.487 E2.161
;WIDTH:0.610954
G1 X131.576 Y170.389 E2.17485
G1 X113.136 Y170.389 E3.43193
G1 X113.136 Y169.842 E3.46922
G1 X131.576 Y169.842 E4.7263
G1 X131.866 Y169.822 E4.74612
;WIDTH:0.570715
G1 X132.155 Y169.802 E4.76441
;WIDTH:0.530477
G1 X132.445 Y169.782 E4.78131
;WIDTH:0.490238
G1 X132.735 Y169.762 E4.79675
G1 X133.024 Y169.782 E4.81214
;WIDTH:0.530477
G1 X133.314 Y169.802 E4.82904
;WIDTH:0.570715
G1 X133.603 Y169.822 E4.84733
;WIDTH:0.610954
G1 X133.893 Y169.842 E4.86715
G1 X152.333 Y169.842 E6.12423
G1 X152.333 Y170.389 E6.16152
G1 X133.726 Y170.389 E7.42999
G1 X133.59 Y170.487 E7.44142
;WIDTH:0.570715
G1 X133.454 Y170.585 E7.45201
;WIDTH:0.530477
G1 X133.318 Y170.683 E7.46176
;WIDTH:0.490238
G1 X133.183 Y170.781 E7.47062
;WIDTH:0.45
G1 X133.1 Y170.915 E7.4782
G1 X133.399 Y171.152 F7800
G1 F2400
G1 X133.352 Y171.227 E7.48246
G1 X133.316 Y171.484 E7.49494
G1 X133.397 Y171.731 E7.50744
G1 X133.681 Y172.205 E7.53402
G1 X131.788 Y172.205 E7.62507
G1 X132.072 Y171.731 E7.65165
G1 X132.148 Y171.521 E7.66239
G1 X132.117 Y171.227 E7.67661
G1 X132.002 Y171.042 E7.68709
G1 X131.576 Y170.855 E7.70947
G1 X112.67 Y170.855 E8.61878
G1 X112.67 Y169.376 E8.68991
G1 X152.799 Y169.376 E10.61998
G1 X152.799 Y170.855 E10.69111
G1 X133.809 Y170.855 E11.60446
G1 X133.467 Y171.042 E11.62321
G1 X133.43 Y171.101 E11.62656
G1 X133.742 Y171.34 F7800
;TYPE:External perimeter
G1 F1500
G1 X133.713 Y171.364 E11.62837
G1 X133.727 Y171.532 E11.63648
G1 X134.362 Y172.59 E11.69583
G1 X131.107 Y172.59 E11.85238
G1 X131.773 Y171.481 E11.9146
G1 X131.718 Y171.303 E11.92356
G1 X131.576 Y171.24 E11.93103
G1 X112.285 Y171.24 E12.85886
G1 X112.285 Y168.99 E12.96708
G1 X153.185 Y168.99 E14.93423
G1 X153.185 Y171.24 E15.04245
G1 X133.863 Y171.24 E15.97177
G1 X133.788 Y171.302 E15.97645
G1 X133.827 Y171.7 F7800
G1 X132.731 Y170.115
;TYPE:Solid infill
;WIDTH:0.574581
G1 F1200
G1 X133.304 Y170.221 E16.01353
G1 X132.95 Y170.52 E16.04302
G1 X132.735 Y170.844 E16.06776
G1 X132.494 Y170.504 E16.09428
G1 X132.029 Y170.213 E16.12919
G1 X132.54 Y170.142 E16.16202
;LAYER_CHANGE
;Z:3.95
;HEIGHT:0.3
G1 Z3.95 F7800
G1 X133.068 Y170.966
;TYPE:Perimeter
;WIDTH:0.45
G1 F2400
G1 X132.992 Y171.089 E16.16897
G1 X132.932 Y171.517 E16.18976
;WIDTH:0.464919
G1 X133.016 Y171.812 E16.20508
G1 X132.453 Y171.812 E16.23321
G1 X132.537 Y171.581 E16.24549
G1 X132.477 Y171.089 E16.27025
;WIDTH:0.45
G1 X132.286 Y170.781 E16.28768
;WIDTH:0.490238
G1 X132.109 Y170.683 E16.29843
;WIDTH:0.530477
G1 X131.931 Y170.585 E16.31024
;WIDTH:0.570715
G1 X131.754 Y170.487 E16.32302
;WIDTH:0.610954
G1 X131.576 Y170.389 E16.33687
G1 X113.136 Y170.389 E17.59395
G1 X113.136 Y169.842 E17.63124
G1 X131.576 Y169.842 E18.88832
G1 X131.866 Y169.822 E18.90814
;WIDTH:0.570715
G1 X132.155 Y169.802 E18.92643
;WIDTH:0.530477
G1 X132.445 Y169.782 E18.94333
;WIDTH:0.490238
G1 X132.735 Y169.762 E18.95877
G1 X133.024 Y169.782 E18.97416
;WIDTH:0.530477
G1 X133.314 Y169.802 E18.99106
;WIDTH:0.570715
G1 X133.603 Y169.822 E19.00935
;WIDTH:0.610954
G1 X133.893 Y169.842 E19.02917
G1 X152.333 Y169.842 E20.28625
G1 X152.333 Y170.389 E20.32354
G1 X133.726 Y170.389 E21.59201
G1 X133.59 Y170.487 E21.60344
;WIDTH:0.570715
G1 X133.454 Y170.585 E21.61403
;WIDTH:0.530477
G1 X133.318 Y170.683 E21.62378
;WIDTH:0.490238
G1 X133.183 Y170.781 E21.63264
;WIDTH:0.45
G1 X133.1 Y170.915 E21.64022
G1 X133.399 Y171.152 F7800
G1 F2400
G1 X133.352 Y171.227 E21.64448
G1 X133.316 Y171.484 E21.65696
G1 X133.397 Y171.731 E21.66946
G1 X133.681 Y172.205 E21.69604
G1 X131.788 Y172.205 E21.78709
G1 X132.072 Y171.731 E21.81367
G1 X132.148 Y171.521 E21.82441
G1 X132.117 Y171.227 E21.83863
G1 X132.002 Y171.042 E21.84911
G1 X131.576 Y170.855 E21.87149
G1 X112.67 Y170.855 E22.7808
G1 X112.67 Y169.376 E22.85193
G1 X152.799 Y169.376 E24.782
G1 X152.799 Y170.855 E24.85313
G1 X133.809 Y170.855 E25.76648
G1 X133.467 Y171.042 E25.78523
G1 X133.43 Y171.101 E25.78858
G1 X133.742 Y171.34 F7800
;TYPE:External perimeter
G1 F1500
G1 X133.713 Y171.364 E25.79039
G1 X133.727 Y171.532 E25.7985
G1 X134.362 Y172.59 E25.85785
G1 X131.107 Y172.59 E26.0144
G1 X131.773 Y171.481 E26.07662
G1 X131.718 Y171.303 E26.08558
G1 X131.576 Y171.24 E26.09305
G1 X112.285 Y171.24 E27.02088
G1 X112.285 Y168.99 E27.1291
G1 X153.185 Y168.99 E29.09625
G1 X153.185 Y171.24 E29.20447
G1 X133.863 Y171.24 E30.13379
G1 X133.788 Y171.302 E30.13847
G1 X133.827 Y171.7 F7800
G1 E28.13847 F2400
G92 E0
G1 X132.029 Y170.213 F7800
G1 E2 F2400
;TYPE:Solid infill
;WIDTH:0.57456
G1 F1200
G1 X132.731 Y170.115 E2.0451
G1 X133.304 Y170.221 E2.08218
G1 X132.95 Y170.52 E2.11167
G1 X132.735 Y170.844 E2.13641
G1 X132.494 Y170.504 E2.16293
G1 X132.193 Y170.315 E2.18555
G1 E.18555 F2400
G92 E0
G1 X152.413 Y97.956 F7800
G1 E2 F2400
;TYPE:Perimeter
;WIDTH:0.45
G1 F1200
G1 X144.026 Y97.956 E2.40339
G1 X146.961 Y95.175 E2.59786
G1 X147.406 Y94.549 E2.6348
G1 X152.413 Y94.549 E2.87562
G1 X152.413 Y97.896 E3.0366
G1 X152.799 Y98.342 F7800
G1 F1200
G1 X142.718 Y98.342 E3.52146
G1 X143.692 Y97.741 E3.57651
G1 X146.668 Y94.921 E3.7737
G1 X147.207 Y94.163 E3.81843
G1 X152.799 Y94.163 E4.08739
G1 X152.799 Y98.282 E4.2855
G1 X153.185 Y98.727 F7800
;TYPE:External perimeter
G1 F1200
G1 X141.359 Y98.727 E4.85429
G1 X143.456 Y97.434 E4.97278
G1 X146.376 Y94.667 E5.16626
G1 X146.94 Y93.872 E5.21314
;TYPE:Overhang perimeter
;WIDTH:0.4
;HEIGHT:0.4
M106 S255
G1 X147.008 Y93.777 E5.21924
G1 X153.185 Y93.777 E5.54196
G1 X153.185 Y93.872 E5.54692
M107
;TYPE:External perimeter
;WIDTH:0.45
;HEIGHT:0.3
G1 X153.185 Y98.667 E5.77754
G1 X152.789 Y98.727 F7800
G1 E3.77754 F2400
G92 E0
G1 X144.751 Y97.667 F7800
G1 E2 F2400
;TYPE:Solid infill
G1 F1200
G1 X147.1 Y95.441 E2.15565
G1 X147.514 Y94.889 E2.18884
G1 X147.535 Y94.974 E2.19305
G1 X150.227 Y97.667 E2.37619
G1 X144.944 Y97.667 E2.63028
G1 X145.719 Y97.281 F7800
G1 F1200
G1 X147.353 Y95.733 E2.73854
G1 X147.528 Y95.513 E2.75206
G1 X149.296 Y97.281 E2.87232
G1 X145.912 Y97.281 E3.03508
G1 X146.686 Y96.896 F7800
G1 F1200
G1 X147.548 Y96.079 E3.0922
G1 X148.365 Y96.896 E3.14777
G1 X146.879 Y96.896 E3.21924
G1 E1.21924 F2400
G92 E0
G1 X147.944 Y94.838 F7800
G1 E2 F2400
G1 F1200
G1 X150.773 Y97.667 E2.19243
G1 X151.318 Y97.667 E2.21864
G1 X148.489 Y94.838 E2.41107
G1 X149.034 Y94.838 E2.43728
G1 X151.863 Y97.667 E2.62971
G1 X152.193 Y97.706 E2.64569
;WIDTH:0.404381
G1 X152.174 Y97.777 E2.64881
G1 X152.245 Y97.758 E2.65193
G1 X152.234 Y97.717 E2.65373
;WIDTH:0.45
G1 X152.124 Y97.382 E2.67069
G1 X149.58 Y94.838 E2.84373
G1 X150.125 Y94.838 E2.86994
G1 X152.124 Y96.837 E3.00591
G1 X152.278 Y96.944 E3.01493
;WIDTH:0.404381
G1 X152.259 Y97.015 E3.01805
G1 X152.33 Y96.996 E3.02117
G1 X152.319 Y96.955 E3.02297
G1 E1.02297 F2400
G92 E0
G1 X150.807 Y94.974 F7800
G1 E2 F2400
;WIDTH:0.45
G1 F1200
G1 X152.124 Y96.292 E2.08961
G1 X152.124 Y94.838 E2.15954
G1 X150.67 Y94.838 E2.22947
G1 X151.683 Y95.207 F7800
;WIDTH:0.530361
G1 F1200
G1 X151.642 Y95.249 E2.23288
G1 X151.657 Y95.305 E2.23625
G1 X151.713 Y95.32 E2.23962
G1 X151.755 Y95.279 E2.24303
G1 X151.739 Y95.223 E2.24641
G1 E.24641 F2400
G92 E0
G1 X113.056 Y97.956 F7800
G1 E2 F2400
;TYPE:Perimeter
;WIDTH:0.45
G1 F1200
G1 X113.056 Y94.549 E2.16386
G1 X118.063 Y94.549 E2.40468
G1 X118.577 Y95.24 E2.4461
G1 X121.443 Y97.956 E2.63601
G1 X113.116 Y97.956 E3.03651
G1 X112.67 Y98.342 F7800
G1 F1200
G1 X112.67 Y94.163 E3.23751
G1 X118.262 Y94.163 E3.50647
G1 X118.842 Y94.96 E3.55388
G1 X121.777 Y97.741 E3.74835
G1 X122.751 Y98.342 E3.8034
G1 X112.73 Y98.342 E4.28538
G1 X112.285 Y98.727 F7800
;TYPE:External perimeter
G1 F1200
G1 X112.285 Y93.872 E4.51889
;TYPE:Overhang perimeter
;WIDTH:0.4
;HEIGHT:0.4
M106 S255
G1 X112.285 Y93.777 E4.52385
G1 X118.461 Y93.777 E4.84651
G1 X118.529 Y93.872 E4.85261
M107
;TYPE:External perimeter
;WIDTH:0.45
;HEIGHT:0.3
G1 X119.093 Y94.667 E4.89949
G1 X122.013 Y97.434 E5.09297
G1 X124.11 Y98.727 E5.21146
G1 X112.345 Y98.727 E5.77732
G1 X112.285 Y98.332 F7800
G1 X113.376 Y97.562
;TYPE:Solid infill
;WIDTH:0.543559
G1 F1200
G1 X113.334 Y97.605 E5.78091
G1 X113.349 Y97.663 E5.78449
G1 X113.407 Y97.678 E5.78807
G1 X113.45 Y97.636 E5.79166
G1 X113.434 Y97.578 E5.79526
;WIDTH:0.45
G1 X113.345 Y96.962 E5.8252
G1 X114.187 Y97.791 E5.88203
;WIDTH:0.404381
G1 X114.168 Y97.862 E5.88515
G1 X114.239 Y97.843 E5.88827
G1 X114.228 Y97.802 E5.89007
;WIDTH:0.45
G1 X114.595 Y97.667 E5.90888
G1 X113.345 Y96.417 E5.9939
G1 X113.345 Y95.871 E6.02016
G1 X115.141 Y97.667 E6.14232
G1 X115.686 Y97.667 E6.16853
G1 X113.345 Y95.326 E6.32776
G1 X113.203 Y94.809 E6.35355
;WIDTH:0.404381
G1 X113.209 Y94.702 E6.35809
;WIDTH:0.45
G1 X113.402 Y94.838 E6.36945
G1 X116.231 Y97.667 E6.56188
G1 X116.777 Y97.667 E6.58814
G1 X113.948 Y94.838 E6.78057
G1 X114.493 Y94.838 E6.80678
G1 X117.322 Y97.667 E6.99921
G1 X117.867 Y97.667 E7.02542
G1 X115.038 Y94.838 E7.21785
G1 X115.584 Y94.838 E7.24411
G1 X118.413 Y97.667 E7.43654
G1 X118.958 Y97.667 E7.46275
G1 X116.129 Y94.838 E7.65518
G1 X116.674 Y94.838 E7.68139
G1 X119.504 Y97.667 E7.87385
G1 X120.049 Y97.667 E7.90006
G1 X117.22 Y94.838 E8.09249
G1 E6.09249 F2400
G92 E0
G1 X120.594 Y97.667 F7800
G1 E2 F2400
G1 F1200
G1 X117.765 Y94.838 E2.19243
G1 X117.936 Y94.796 E2.2009
;WIDTH:0.404381
G1 X118.445 Y95.381 E2.23378
G1 X120.844 Y97.717 E2.37578
G1 E.37578 F2400
G92 E0
G1 X115.26 Y62.909 F7800
G1 E2 F2400
;TYPE:Perimeter
;WIDTH:0.45
G1 X115.322 Y63.036 E2.0068
G1 X115.595 Y63.272 E2.02416
G1 X145.502 Y80.538 E3.68509
G1 X113.056 Y80.538 E5.24563
G1 X113.056 Y61.856 E6.14417
G1 X115.113 Y61.856 E6.2431
G1 X115.14 Y62.664 E6.28198
G1 X115.233 Y62.855 E6.2922
G1 X115.587 Y62.72 F7800
G1 F2400
G1 X115.624 Y62.797 E6.29631
G1 X115.788 Y62.938 E6.30671
G1 X146.941 Y80.924 E8.03685
G1 X112.67 Y80.924 E9.68517
G1 X112.67 Y61.47 E10.62084
G1 X115.499 Y61.47 E10.75691
G1 X115.515 Y62.573 E10.80997
G1 X115.56 Y62.666 E10.81494
G1 X115.923 Y62.527 F7800
;TYPE:External perimeter
G1 F1500
G1 X115.981 Y62.604 E10.81958
G1 X148.38 Y81.31 E12.61894
G1 X112.285 Y81.31 E14.35498
G1 X112.285 Y61.085 E15.32773
G1 X115.885 Y61.085 E15.50088
G1 X115.885 Y62.475 E15.56773
G1 X115.887 Y62.478 E15.5679
G1 X116.203 Y62.724 F7800
G1 E13.5679 F2400
G92 E0
G1 X142.935 Y79.187 F7800
G1 E2 F2400
;TYPE:Top solid infill
;WIDTH:0.404645
G1 F900
G1 X144.022 Y80.274 E2.06524
G1 X143.541 Y80.274 E2.08565
G1 X142.209 Y78.943 E2.16556
G1 X141.071 Y78.285 E2.22135
G1 X143.06 Y80.274 E2.34073
G1 X142.578 Y80.274 E2.36119
G1 X139.932 Y77.628 E2.52
G1 X138.794 Y76.971 E2.57577
G1 X142.097 Y80.274 E2.77401
G1 X141.616 Y80.274 E2.79442
G1 X137.655 Y76.313 E3.03215
G1 X136.517 Y75.656 E3.08792
G1 X141.135 Y80.274 E3.36509
G1 X140.654 Y80.274 E3.3855
G1 X135.378 Y74.999 E3.70213
G1 X134.239 Y74.341 E3.75796
G1 X140.172 Y80.274 E4.11405
G1 X139.691 Y80.274 E4.13446
G1 X133.101 Y73.684 E4.52998
G1 X131.962 Y73.027 E4.58578
G1 X139.21 Y80.274 E5.02077
G1 X138.729 Y80.274 E5.04118
G1 X130.824 Y72.369 E5.51563
G1 X129.685 Y71.712 E5.57143
G1 X138.248 Y80.274 E6.08534
G1 X137.766 Y80.274 E6.1058
G1 X128.547 Y71.055 E6.65911
G1 X127.408 Y70.397 E6.71494
G1 X137.285 Y80.274 E7.30774
G1 X136.804 Y80.274 E7.32815
G1 X126.27 Y69.74 E7.96039
G1 X125.131 Y69.083 E8.01619
G1 X136.323 Y80.274 E8.68789
G1 X135.842 Y80.274 E8.7083
G1 X123.993 Y68.425 E9.41946
G1 X122.854 Y67.768 E9.47526
G1 X135.36 Y80.274 E10.22585
G1 X134.879 Y80.274 E10.24626
G1 X121.715 Y67.111 E11.03632
G1 X120.577 Y66.453 E11.09211
G1 X134.398 Y80.274 E11.92163
G1 X133.917 Y80.274 E11.94204
G1 X119.438 Y65.796 E12.81102
G1 X118.3 Y65.139 E12.86679
G1 X133.436 Y80.274 E13.7752
G1 X132.954 Y80.274 E13.79566
G1 X116.749 Y64.069 E14.76826
G1 E12.76826 F2400
G92 E0
G1 X115 Y62.32 F7800
G1 E2 F2400
G1 F900
G1 X114.8 Y62.12 E2.012
G1 X114.319 Y62.12 E2.03241
G1 X114.877 Y62.679 E2.06593
G1 X114.884 Y62.73 E2.06811
G1 X115.113 Y63.2 E2.0903
G1 X115.457 Y63.497 E2.10959
G1 X116.023 Y63.824 E2.13733
G1 X132.473 Y80.274 E3.12464
G1 X131.992 Y80.274 E3.14505
G1 X113.838 Y62.12 E4.23463
G1 X113.357 Y62.12 E4.25504
G1 X131.511 Y80.274 E5.34462
G1 X131.03 Y80.274 E5.36503
G1 X113.32 Y62.565 E6.42793
G1 X113.32 Y63.046 E6.44834
G1 X130.548 Y80.274 E7.48234
G1 X130.067 Y80.274 E7.50275
G1 X113.32 Y63.527 E8.50788
G1 X113.32 Y64.008 E8.52829
G1 X129.586 Y80.274 E9.50455
G1 X129.105 Y80.274 E9.52496
G1 X113.32 Y64.49 E10.47232
G1 X113.32 Y64.971 E10.49273
G1 X128.623 Y80.274 E11.4112
G1 X128.142 Y80.274 E11.43161
G1 X113.32 Y65.452 E12.32121
G1 X113.32 Y65.933 E12.34162
G1 X127.661 Y80.274 E13.20235
G1 X127.18 Y80.274 E13.22276
G1 X113.32 Y66.414 E14.05462
G1 X113.32 Y66.896 E14.07508
G1 X126.699 Y80.274 E14.87804
G1 X126.217 Y80.274 E14.8985
G1 X113.32 Y67.377 E15.67256
G1 X113.32 Y67.858 E15.69297
G1 X125.736 Y80.274 E16.43816
G1 X125.255 Y80.274 E16.45857
G1 X113.32 Y68.339 E17.17489
G1 X113.32 Y68.82 E17.1953
G1 X124.774 Y80.274 E17.88275
G1 X124.293 Y80.274 E17.90316
G1 X113.32 Y69.302 E18.56171
G1 X113.32 Y69.783 E18.58212
G1 X123.811 Y80.274 E19.21178
G1 X123.33 Y80.274 E19.23219
G1 X113.32 Y70.264 E19.83298
G1 X113.32 Y70.745 E19.85339
G1 X122.849 Y80.274 E20.42531
G1 X122.368 Y80.274 E20.44572
G1 X113.32 Y71.226 E20.98877
G1 X113.32 Y71.708 E21.00923
G1 X121.887 Y80.274 E21.52338
G1 X121.405 Y80.274 E21.54384
G1 X113.32 Y72.189 E22.02909
G1 X113.32 Y72.67 E22.0495
G1 X120.924 Y80.274 E22.50588
G1 X120.443 Y80.274 E22.52629
G1 X113.32 Y73.151 E22.9538
G1 X113.32 Y73.632 E22.97421
G1 X119.962 Y80.274 E23.37285
G1 X119.481 Y80.274 E23.39326
G1 X113.32 Y74.114 E23.763
G1 X113.32 Y74.595 E23.78341
G1 X118.999 Y80.274 E24.12426
G1 X118.518 Y80.274 E24.14467
G1 X113.32 Y75.076 E24.45665
G1 X113.32 Y75.557 E24.47706
G1 X118.037 Y80.274 E24.76017
G1 X117.556 Y80.274 E24.78058
G1 X113.32 Y76.038 E25.03482
G1 X113.32 Y76.52 E25.05528
G1 X117.075 Y80.274 E25.28062
G1 X116.593 Y80.274 E25.30108
G1 X113.32 Y77.001 E25.49752
G1 X113.32 Y77.482 E25.51793
G1 X116.112 Y80.274 E25.6855
G1 X115.631 Y80.274 E25.70591
G1 X113.32 Y77.963 E25.84461
G1 X113.32 Y78.444 E25.86502
G1 X115.15 Y80.274 E25.97485
G1 X114.669 Y80.274 E25.99526
G1 X113.32 Y78.926 E26.0762
G1 X113.32 Y79.407 E26.09661
G1 X114.187 Y80.274 E26.14865
G1 X113.706 Y80.274 E26.16906
G1 X113.169 Y79.737 E26.20129
G1 E24.20129 F2400
G92 E0
G1 X113.056 Y56.863 F7800
G1 E2 F2400
;TYPE:Perimeter
;WIDTH:0.45
G1 X113.056 Y38.181 E2.89854
G1 X115.113 Y38.181 E2.99747
G1 X115.14 Y38.989 E3.03635
G1 X115.322 Y39.361 E3.05627
G1 X115.595 Y39.597 E3.07363
G1 X145.502 Y56.863 E4.73456
G1 X113.116 Y56.863 E6.29221
G1 X112.67 Y57.249 F7800
G1 F2400
G1 X112.67 Y37.795 E7.22788
G1 X115.499 Y37.795 E7.36395
G1 X115.515 Y38.898 E7.41701
G1 X115.624 Y39.122 E7.42899
G1 X115.788 Y39.263 E7.43939
G1 X146.941 Y57.249 E9.16953
G1 X112.73 Y57.249 E10.81496
G1 X112.285 Y57.635 F7800
;TYPE:External perimeter
G1 F1500
G1 X112.285 Y37.41 E11.78771
G1 X115.885 Y37.41 E11.96086
G1 X115.885 Y38.8 E12.02771
G1 X115.981 Y38.929 E12.03544
G1 X148.38 Y57.635 E13.8348
G1 X112.345 Y57.635 E15.56796
G1 X112.285 Y57.239 F7800
G1 E13.56796 F2400
G92 E0
G1 X142.935 Y55.512 F7800
G1 E2 F2400
;TYPE:Top solid infill
;WIDTH:0.404645
G1 F900
G1 X144.022 Y56.599 E2.06524
G1 X143.541 Y56.599 E2.08565
G1 X142.209 Y55.268 E2.16556
G1 X141.071 Y54.61 E2.22135
G1 X143.06 Y56.599 E2.34073
G1 X142.578 Y56.599 E2.36119
G1 X139.932 Y53.953 E2.52
G1 X138.794 Y53.296 E2.57577
G1 X142.097 Y56.599 E2.77401
G1 X141.616 Y56.599 E2.79442
G1 X137.655 Y52.638 E3.03215
G1 X136.517 Y51.981 E3.08792
G1 X141.135 Y56.599 E3.36509
G1 X140.654 Y56.599 E3.3855
G1 X135.378 Y51.324 E3.70213
G1 X134.239 Y50.666 E3.75796
G1 X140.172 Y56.599 E4.11405
G1 X139.691 Y56.599 E4.13446
G1 X133.101 Y50.009 E4.52998
G1 X131.962 Y49.352 E4.58578
G1 X139.21 Y56.599 E5.02077
G1 X138.729 Y56.599 E5.04118
G1 X130.824 Y48.694 E5.51563
G1 X129.685 Y48.037 E5.57143
G1 X138.248 Y56.599 E6.08534
G1 X137.766 Y56.599 E6.1058
G1 X128.547 Y47.38 E6.65911
G1 X127.408 Y46.722 E6.71494
G1 X137.285 Y56.599 E7.30774
G1 X136.804 Y56.599 E7.32815
G1 X126.27 Y46.065 E7.96039
G1 X125.131 Y45.408 E8.01619
G1 X136.323 Y56.599 E8.68789
G1 X135.842 Y56.599 E8.7083
G1 X123.993 Y44.75 E9.41946
G1 X122.854 Y44.093 E9.47526
G1 X135.36 Y56.599 E10.22585
G1 X134.879 Y56.599 E10.24626
G1 X121.715 Y43.436 E11.03632
G1 X120.577 Y42.778 E11.09211
G1 X134.398 Y56.599 E11.92163
G1 X133.917 Y56.599 E11.94204
G1 X119.438 Y42.121 E12.81102
G1 X118.3 Y41.464 E12.86679
G1 X133.436 Y56.599 E13.7752
G1 X132.954 Y56.599 E13.79566
G1 X116.749 Y40.394 E14.76826
G1 E12.76826 F2400
G92 E0
G1 X115 Y38.645 F7800
G1 E2 F2400
G1 F900
G1 X114.8 Y38.445 E2.012
G1 X114.319 Y38.445 E2.03241
G1 X114.877 Y39.004 E2.06593
G1 X114.884 Y39.055 E2.06811
G1 X115.113 Y39.525 E2.0903
G1 X115.457 Y39.822 E2.10959
G1 X116.023 Y40.149 E2.13733
G1 X132.473 Y56.599 E3.12464
G1 X131.992 Y56.599 E3.14505
G1 X113.838 Y38.445 E4.23463
G1 X113.357 Y38.445 E4.25504
G1 X131.511 Y56.599 E5.34462
G1 X131.03 Y56.599 E5.36503
G1 X113.32 Y38.89 E6.42793
G1 X113.32 Y39.371 E6.44834
G1 X130.548 Y56.599 E7.48234
G1 X130.067 Y56.599 E7.50275
G1 X113.32 Y39.852 E8.50788
G1 X113.32 Y40.333 E8.52829
G1 X129.586 Y56.599 E9.50455
G1 X129.105 Y56.599 E9.52496
G1 X113.32 Y40.815 E10.47232
G1 X113.32 Y41.296 E10.49273
G1 X128.623 Y56.599 E11.4112
G1 X128.142 Y56.599 E11.43161
G1 X113.32 Y41.777 E12.32121
G1 X113.32 Y42.258 E12.34162
G1 X127.661 Y56.599 E13.20235
G1 X127.18 Y56.599 E13.22276
G1 X113.32 Y42.739 E14.05462
G1 X113.32 Y43.221 E14.07508
G1 X126.699 Y56.599 E14.87804
G1 X126.217 Y56.599 E14.8985
G1 X113.32 Y43.702 E15.67256
G1 X113.32 Y44.183 E15.69297
G1 X125.736 Y56.599 E16.43816
G1 X125.255 Y56.599 E16.45857
G1 X113.32 Y44.664 E17.17489
G1 X113.32 Y45.145 E17.1953
G1 X124.774 Y56.599 E17.88275
G1 X124.293 Y56.599 E17.90316
G1 X113.32 Y45.627 E18.56171
G1 X113.32 Y46.108 E18.58212
G1 X123.811 Y56.599 E19.21178
G1 X123.33 Y56.599 E19.23219
G1 X113.32 Y46.589 E19.83298
G1 X113.32 Y47.07 E19.85339
G1 X122.849 Y56.599 E20.42531
G1 X122.368 Y56.599 E20.44572
G1 X113.32 Y47.551 E20.98877
G1 X113.32 Y48.033 E21.00923
G1 X121.887 Y56.599 E21.52338
G1 X121.405 Y56.599 E21.54384
G1 X113.32 Y48.514 E22.02909
G1 X113.32 Y48.995 E22.0495
G1 X120.924 Y56.599 E22.50588
G1 X120.443 Y56.599 E22.52629
G1 X113.32 Y49.476 E22.9538
G1 X113.32 Y49.957 E22.97421
G1 X119.962 Y56.599 E23.37285
G1 X119.481 Y56.599 E23.39326
G1 X113.32 Y50.439 E23.763
G1 X113.32 Y50.92 E23.78341
G1 X118.999 Y56.599 E24.12426
G1 X118.518 Y56.599 E24.14467
G1 X113.32 Y51.401 E24.45665
G1 X113.32 Y51.882 E24.47706
G1 X118.037 Y56.599 E24.76017
G1 X117.556 Y56.599 E24.78058
G1 X113.32 Y52.363 E25.03482
G1 X113.32 Y52.845 E25.05528
G1 X117.075 Y56.599 E25.28062
G1 X116.593 Y56.599 E25.30108
G1 X113.32 Y53.326 E25.49752
G1 X113.32 Y53.807 E25.51793
G1 X116.112 Y56.599 E25.6855
G1 X115.631 Y56.599 E25.70591
G1 X113.32 Y54.288 E25.84461
G1 X113.32 Y54.769 E25.86502
G1 X115.15 Y56.599 E25.97485
G1 X114.669 Y56.599 E25.99526
G1 X113.32 Y55.251 E26.0762
G1 X113.32 Y55.732 E26.09661
G1 X114.187 Y56.599 E26.14865
G1 X113.706 Y56.599 E26.16906
G1 X113.169 Y56.062 E26.20129
G1 E24.20129 F2400
G92 E0
G1 X156.618 Y106.805 F7800
G1 E2 F2400
;TYPE:External perimeter
;WIDTH:0.416667
G1 F1500
G1 X156.618 Y48.788 E4.54921
G1 X156.618 Y49.188 F7800
G1 E2.54921 F2400
G92 E0
G1 X223.432 Y37.393 F7800
G1 E2 F2400
G1 F1500
G1 X160.668 Y37.393 E4.75779
G1 X161.068 Y37.393 F7800
M106 S160.65
;LAYER_CHANGE
;Z:4.25
;HEIGHT:0.3
G1 E2.75779 F2400
G92 E0
G1 Z4.25 F7800
G1 X133.068 Y170.966
G1 E2 F2400
;TYPE:Perimeter
;WIDTH:0.45
G1 X132.992 Y171.089 E2.00695
G1 X132.932 Y171.517 E2.02774
;WIDTH:0.464918
G1 X133.016 Y171.812 E2.04306
G1 X132.453 Y171.812 E2.07119
G1 X132.537 Y171.581 E2.08347
G1 X132.477 Y171.089 E2.10823
;WIDTH:0.45
G1 X132.286 Y170.781 E2.12566
;WIDTH:0.490238
G1 X132.109 Y170.683 E2.13641
;WIDTH:0.530477
G1 X131.931 Y170.585 E2.14822
;WIDTH:0.570715
G1 X131.754 Y170.487 E2.161
;WIDTH:0.610954
G1 X131.576 Y170.389 E2.17485
G1 X113.136 Y170.389 E3.43193
G1 X113.136 Y169.842 E3.46922
G1 X131.576 Y169.842 E4.7263
G1 X131.866 Y169.822 E4.74612
;WIDTH:0.570715
G1 X132.155 Y169.802 E4.76441
;WIDTH:0.530477
G1 X132.445 Y169.782 E4.78131
;WIDTH:0.490238
G1 X132.735 Y169.762 E4.79675
G1 X133.024 Y169.782 E4.81214
;WIDTH:0.530477
G1 X133.314 Y169.802 E4.82904
;WIDTH:0.570715
G1 X133.603 Y169.822 E4.84733
;WIDTH:0.610954
G1 X133.893 Y169.842 E4.86715
G1 X152.333 Y169.842 E6.12423
G1 X152.333 Y170.389 E6.16152
G1 X133.726 Y170.389 E7.42999
G1 X133.59 Y170.487 E7.44142
;WIDTH:0.570715
G1 X133.454 Y170.585 E7.45201
;WIDTH:0.530477
G1 X133.318 Y170.683 E7.46176
;WIDTH:0.490238
G1 X133.183 Y170.781 E7.47062
;WIDTH:0.45
G1 X133.1 Y170.915 E7.4782
G1 X133.399 Y171.152 F7800
G1 F2400
G1 X133.352 Y171.227 E7.48246
G1 X133.316 Y171.484 E7.49494
G1 X133.397 Y171.731 E7.50744
G1 X133.681 Y172.205 E7.53402
G1 X131.788 Y172.205 E7.62507
G1 X132.072 Y171.731 E7.65165
G1 X132.148 Y171.521 E7.66239
G1 X132.117 Y171.227 E7.67661
G1 X132.002 Y171.042 E7.68709
G1 X131.576 Y170.855 E7.70947
G1 X112.67 Y170.855 E8.61878
G1 X112.67 Y169.376 E8.68991
G1 X152.799 Y169.376 E10.61998
G1 X152.799 Y170.855 E10.69111
G1 X133.809 Y170.855 E11.60446
G1 X133.467 Y171.042 E11.62321
G1 X133.43 Y171.101 E11.62656
G1 X133.742 Y171.34 F7800
;TYPE:External perimeter
G1 F1500
G1 X133.713 Y171.364 E11.62837
G1 X133.727 Y171.532 E11.63648
G1 X134.362 Y172.59 E11.69583
G1 X131.107 Y172.59 E11.85238
G1 X131.773 Y171.481 E11.9146
G1 X131.718 Y171.303 E11.92356
G1 X131.576 Y171.24 E11.93103
G1 X112.285 Y171.24 E12.85886
G1 X112.285 Y168.99 E12.96708
G1 X153.185 Y168.99 E14.93423
G1 X153.185 Y171.24 E15.04245
G1 X133.863 Y171.24 E15.97177
G1 X133.788 Y171.302 E15.97645
G1 X133.827 Y171.7 F7800
G1 X132.731 Y170.115
;TYPE:Solid infill
;WIDTH:0.574571
G1 F1200
G1 X133.304 Y170.221 E16.01353
G1 X132.95 Y170.52 E16.04302
G1 X132.735 Y170.844 E16.06776
G1 X132.494 Y170.504 E16.09428
G1 X132.029 Y170.213 E16.12919
G1 X132.54 Y170.142 E16.16202
G1 E14.16202 F2400
G92 E0
G1 X152.413 Y97.437 F7800
G1 E2 F2400
;TYPE:Perimeter
;WIDTH:0.45
G1 F1200
G1 X144.757 Y97.437 E2.36823
G1 X146.961 Y95.348 E2.51428
G1 X147.898 Y94.029 E2.5921
G1 X152.413 Y94.029 E2.80926
G1 X152.413 Y97.377 E2.97029
G1 X152.799 Y97.822 F7800
G1 F1200
G1 X143.789 Y97.822 E3.40364
G1 X146.668 Y95.094 E3.5944
G1 X147.699 Y93.644 E3.67997
G1 X152.799 Y93.644 E3.92526
G1 X152.799 Y97.762 E4.12332
G1 X153.185 Y98.208 F7800
;TYPE:External perimeter
G1 F1200
G1 X142.482 Y98.208 E4.6381
G1 X143.456 Y97.607 E4.69315
G1 X146.376 Y94.84 E4.88663
G1 X147.433 Y93.352 E4.97442
;TYPE:Overhang perimeter
;WIDTH:0.4
;HEIGHT:0.4
M106 S255
G1 X147.5 Y93.258 E4.98045
G1 X153.185 Y93.258 E5.27746
G1 X153.185 Y93.352 E5.28237
M106 S160.65
;TYPE:External perimeter
;WIDTH:0.45
;HEIGHT:0.3
G1 X153.185 Y98.148 E5.51304
G1 X152.789 Y98.207 F7800
G1 E3.51304 F2400
G92 E0
G1 X147.669 Y94.606 F7800
G1 E2 F2400
;TYPE:Solid infill
;WIDTH:0.404381
G1 F1200
G1 X147.996 Y94.219 E2.02149
;WIDTH:0.45
G1 X148.3 Y94.318 E2.03687
G1 X147.426 Y95.193 E2.09635
G1 X147.188 Y95.466 E2.11377
;WIDTH:0.404381
G1 X147.065 Y95.601 E2.12151
;WIDTH:0.437185
G1 X145.612 Y97.016 E2.21582
;WIDTH:0.463455
G1 X145.572 Y97.072 E2.21925
;WIDTH:0.489725
G1 X145.532 Y97.128 E2.2229
;WIDTH:0.45
G1 X146.017 Y97.147 E2.24624
G1 X148.846 Y94.318 E2.43867
G1 X149.391 Y94.318 E2.46488
G1 X146.562 Y97.147 E2.65731
G1 X147.107 Y97.147 E2.68352
G1 X149.936 Y94.318 E2.87595
G1 X150.482 Y94.318 E2.90221
G1 X147.653 Y97.147 E3.09464
G1 X148.198 Y97.147 E3.12085
G1 X151.027 Y94.318 E3.31328
G1 X151.572 Y94.318 E3.33949
G1 X148.743 Y97.147 E3.53192
G1 X149.289 Y97.147 E3.55818
G1 X152.118 Y94.318 E3.75061
G1 X152.124 Y94.857 E3.77654
G1 X149.834 Y97.147 E3.9323
G1 X150.379 Y97.147 E3.95851
G1 X152.124 Y95.403 E4.07717
G1 X152.124 Y97.147 E4.16105
G1 X150.925 Y97.147 E4.21872
G1 X151.988 Y96.084 E4.29102
G1 E2.29102 F2400
G92 E0
G1 X113.056 Y97.437 F7800
G1 E2 F2400
;TYPE:Perimeter
G1 F1200
G1 X113.056 Y94.029 E2.16391
G1 X117.571 Y94.029 E2.38107
G1 X118.577 Y95.413 E2.46336
G1 X120.712 Y97.437 E2.60486
G1 X113.116 Y97.437 E2.9702
G1 X112.67 Y97.822 F7800
G1 F1200
G1 X112.67 Y93.643 E3.1712
G1 X117.77 Y93.644 E3.41649
G1 X118.842 Y95.133 E3.50474
G1 X121.68 Y97.822 E3.69278
G1 X112.73 Y97.822 E4.12324
G1 X112.285 Y98.208 F7800
;TYPE:External perimeter
G1 F1200
G1 X112.285 Y93.352 E4.3568
;TYPE:Overhang perimeter
;WIDTH:0.4
;HEIGHT:0.4
M106 S255
G1 X112.285 Y93.258 E4.36171
G1 X117.969 Y93.258 E4.65867
G1 X118.036 Y93.352 E4.6647
M106 S160.65
;TYPE:External perimeter
;WIDTH:0.45
;HEIGHT:0.3
G1 X119.107 Y94.853 E4.75339
G1 X122.013 Y97.607 E4.94595
G1 X122.987 Y98.208 E5.001
G1 X112.345 Y98.208 E5.51284
G1 X112.285 Y97.812 F7800
G1 E3.51284 F2400
G92 E0
G1 X113.45 Y94.35 F7800
G1 E2 F2400
;TYPE:Solid infill
;WIDTH:0.543559
G1 F1200
G1 X113.407 Y94.307 E2.00363
G1 X113.349 Y94.323 E2.00723
G1 X113.334 Y94.381 E2.01081
G1 X113.376 Y94.423 E2.01436
G1 X113.434 Y94.407 E2.01796
;WIDTH:0.45
G1 X114.05 Y94.318 E2.0479
G1 X113.345 Y95.023 E2.09585
G1 X113.345 Y95.569 E2.12211
G1 X114.595 Y94.318 E2.20717
G1 X115.141 Y94.318 E2.23343
G1 X113.345 Y96.114 E2.35559
G1 X113.345 Y96.659 E2.3818
G1 X115.686 Y94.318 E2.54103
G1 X116.231 Y94.318 E2.56724
G1 X113.402 Y97.147 E2.75967
G1 X113.203 Y97.177 E2.76935
;WIDTH:0.404381
G1 X113.209 Y97.284 E2.77389
;WIDTH:0.45
G1 X113.948 Y97.147 E2.81004
G1 X116.777 Y94.318 E3.00247
G1 X117.322 Y94.318 E3.02868
G1 X114.493 Y97.147 E3.22111
G1 X115.038 Y97.147 E3.24732
G1 X117.607 Y94.579 E3.42203
G1 X117.833 Y94.898 E3.44083
G1 X115.584 Y97.147 E3.5938
G1 E1.5938 F2400
G92 E0
G1 X117.928 Y95.348 F7800
G1 E2 F2400
G1 F1200
G1 X116.129 Y97.147 E2.12237
G1 X119.987 Y97.147 E2.30793
G1 X118.381 Y95.626 E2.41432
G1 X118.065 Y95.212 E2.43937
G1 X118.024 Y95.798 E2.46762
G1 X118.116 Y95.906 E2.47444
G1 X119.019 Y96.762 E2.53428
G1 X117.06 Y96.762 E2.6285
G1 X117.888 Y95.934 E2.68482
G1 X118.07 Y96.351 E2.7067
;WIDTH:0.474611
G1 X118.034 Y96.314 E2.70934
G1 X117.984 Y96.328 E2.712
G1 X117.971 Y96.377 E2.71459
G1 X118.007 Y96.413 E2.71719
G1 X118.057 Y96.4 E2.71983
G1 E.71983 F2400
G92 E0
G1 X112.825 Y61.136 F7800
G1 E2 F2400
;TYPE:External perimeter
;WIDTH:0.553024
G1 F1500
G1 X112.825 Y81.258 E3.22636
G1 X112.336 Y81.258 E3.25616
G1 X112.336 Y61.136 E4.48252
G1 X112.765 Y61.136 E4.50867
G1 X112.824 Y61.532 F7800
G1 X114.486 Y61.936
;TYPE:Perimeter
;WIDTH:0.610955
G1 F1200
G1 X115.033 Y61.936 E4.54596
G1 X115.033 Y80.458 E5.80864
G1 X114.486 Y80.458 E5.84593
G1 X114.486 Y61.996 E7.10452
G1 X114.02 Y61.47 F7800
;WIDTH:0.45
G1 F2400
G1 X115.499 Y61.47 E7.17565
G1 X115.499 Y80.924 E8.11132
G1 X114.02 Y80.924 E8.18245
G1 X114.02 Y61.53 E9.11523
G1 X113.635 Y61.085 F7800
;TYPE:External perimeter
G1 F1500
G1 X115.885 Y61.085 E9.22345
G1 X115.885 Y81.31 E10.1962
G1 X113.635 Y81.31 E10.30442
G1 X113.635 Y61.145 E11.27429
G1 X114.03 Y61.085 F7800
G1 E9.27429 F2400
G92 E0
G1 X114.486 Y56.783 F7800
G1 E2 F2400
;TYPE:Perimeter
;WIDTH:0.610955
G1 F1200
G1 X114.486 Y38.261 E3.26268
G1 X115.033 Y38.261 E3.29997
G1 X115.033 Y56.783 E4.56265
G1 X114.546 Y56.783 E4.59585
G1 X114.02 Y57.249 F7800
;WIDTH:0.45
G1 F2400
G1 X114.02 Y37.795 E5.53152
G1 X115.499 Y37.795 E5.60265
G1 X115.499 Y57.249 E6.53832
G1 X114.08 Y57.249 E6.60657
G1 X113.635 Y57.635 F7800
;TYPE:External perimeter
G1 F1500
G1 X113.635 Y37.41 E7.57932
G1 X115.885 Y37.41 E7.68754
G1 X115.885 Y57.635 E8.66029
G1 X113.695 Y57.635 E8.76562
G1 X113.635 Y57.239 F7800
G1 X112.336 Y57.583
;WIDTH:0.553025
G1 F1500
G1 X112.336 Y37.461 E9.99198
G1 X112.825 Y37.461 E10.02178
G1 X112.825 Y57.583 E11.24814
G1 X112.396 Y57.583 E11.27429
G1 X112.337 Y57.188 F7800
M106 S168.3
;LAYER_CHANGE
;Z:4.55
;HEIGHT:0.3
G1 E9.27429 F2400
G92 E0
G1 Z4.55 F7800
G1 X133.068 Y170.966
G1 E2 F2400
;TYPE:Perimeter
;WIDTH:0.45
G1 X132.992 Y171.089 E2.00695
G1 X132.932 Y171.517 E2.02774
;WIDTH:0.464918
G1 X133.016 Y171.812 E2.04306
G1 X132.453 Y171.812 E2.07119
G1 X132.537 Y171.581 E2.08347
G1 X132.477 Y171.089 E2.10823
;WIDTH:0.45
G1 X132.286 Y170.781 E2.12566
;WIDTH:0.490238
G1 X132.109 Y170.683 E2.13641
;WIDTH:0.530477
G1 X131.931 Y170.585 E2.14822
;WIDTH:0.570715
G1 X131.754 Y170.487 E2.161
;WIDTH:0.610954
G1 X131.576 Y170.389 E2.17485
G1 X113.136 Y170.389 E3.43193
G1 X113.136 Y169.842 E3.46922
G1 X131.576 Y169.842 E4.7263
G1 X131.866 Y169.822 E4.74612
;WIDTH:0.570715
G1 X132.155 Y169.802 E4.76441
;WIDTH:0.530477
G1 X132.445 Y169.782 E4.78131
;WIDTH:0.490238
G1 X132.735 Y169.762 E4.79675
G1 X133.024 Y169.782 E4.81214
;WIDTH:0.530477
G1 X133.314 Y169.802 E4.82904
;WIDTH:0.570715
G1 X133.603 Y169.822 E4.84733
;WIDTH:0.610954
G1 X133.893 Y169.842 E4.86715
G1 X152.333 Y169.842 E6.12423
G1 X152.333 Y170.389 E6.16152
G1 X133.726 Y170.389 E7.42999
G1 X133.59 Y170.487 E7.44142
;WIDTH:0.570715
G1 X133.454 Y170.585 E7.45201
;WIDTH:0.530477
G1 X133.318 Y170.683 E7.46176
;WIDTH:0.490238
G1 X133.183 Y170.781 E7.47062
;WIDTH:0.45
G1 X133.1 Y170.915 E7.4782
G1 X133.399 Y171.152 F7800
G1 F2400
G1 X133.352 Y171.227 E7.48246
G1 X133.316 Y171.484 E7.49494
G1 X133.397 Y171.731 E7.50744
G1 X133.681 Y172.205 E7.53402
G1 X131.788 Y172.205 E7.62507
G1 X132.072 Y171.731 E7.65165
G1 X132.148 Y171.521 E7.66239
G1 X132.117 Y171.227 E7.67661
G1 X132.002 Y171.042 E7.68709
G1 X131.576 Y170.855 E7.70947
G1 X112.67 Y170.855 E8.61878
G1 X112.67 Y169.376 E8.68991
G1 X152.799 Y169.376 E10.61998
G1 X152.799 Y170.855 E10.69111
G1 X133.809 Y170.855 E11.60446
G1 X133.467 Y171.042 E11.62321
G1 X133.43 Y171.101 E11.62656
G1 X133.742 Y171.34 F7800
;TYPE:External perimeter
G1 F1500
G1 X133.713 Y171.364 E11.62837
G1 X133.727 Y171.532 E11.63648
G1 X134.362 Y172.59 E11.69583
G1 X131.107 Y172.59 E11.85238
G1 X131.773 Y171.481 E11.9146
G1 X131.718 Y171.303 E11.92356
G1 X131.576 Y171.24 E11.93103
G1 X112.285 Y171.24 E12.85886
G1 X112.285 Y168.99 E12.96708
G1 X153.185 Y168.99 E14.93423
G1 X153.185 Y171.24 E15.04245
G1 X133.863 Y171.24 E15.97177
G1 X133.788 Y171.302 E15.97645
G1 X133.827 Y171.7 F7800
G1 E13.97645 F2400
G92 E0
G1 X132.029 Y170.213 F7800
G1 E2 F2400
;TYPE:Solid infill
;WIDTH:0.57457
G1 F1200
G1 X132.731 Y170.115 E2.0451
G1 X133.304 Y170.221 E2.08218
G1 X132.95 Y170.52 E2.11167
G1 X132.735 Y170.844 E2.13641
G1 X132.494 Y170.504 E2.16293
G1 X132.193 Y170.315 E2.18555
G1 E.18555 F2400
G92 E0
G1 X152.413 Y96.917 F7800
G1 E2 F2400
;TYPE:Perimeter
;WIDTH:0.45
G1 F1200
G1 X145.488 Y96.917 E2.33307
G1 X146.961 Y95.521 E2.43068
G1 X148.391 Y93.51 E2.54936
G1 X152.413 Y93.51 E2.7428
G1 X152.413 Y96.857 E2.90378
G1 X152.799 Y97.303 F7800
G1 F1200
G1 X144.52 Y97.303 E3.30197
G1 X146.668 Y95.267 E3.44432
G1 X148.191 Y93.124 E3.57077
G1 X152.799 Y93.124 E3.7924
G1 X152.799 Y97.243 E3.99051
G1 X153.185 Y97.688 F7800
;TYPE:External perimeter
G1 F1200
G1 X143.553 Y97.688 E4.45378
G1 X146.376 Y95.013 E4.64083
G1 X147.925 Y92.833 E4.76945
;TYPE:Overhang perimeter
;WIDTH:0.4
;HEIGHT:0.4
M106 S255
G1 X147.992 Y92.738 E4.77552
G1 X153.185 Y92.738 E5.04683
G1 X153.185 Y92.833 E5.05179
M106 S168.3
;TYPE:External perimeter
;WIDTH:0.45
;HEIGHT:0.3
G1 X153.185 Y97.628 E5.28241
G1 X152.789 Y97.688 F7800
G1 E3.28241 F2400
G92 E0
G1 X146.213 Y96.628 F7800
G1 E2 F2400
;TYPE:Solid infill
G1 F1200
G1 X147.18 Y95.712 E2.06406
G1 X147.719 Y94.953 E2.10883
G1 X148.41 Y93.913 E2.16888
;WIDTH:0.426495
G1 X148.482 Y93.749 E2.17697
G1 X148.479 Y93.907 E2.18411
;WIDTH:0.45
G1 X149.334 Y94.817 E2.24417
G1 X151.144 Y96.628 E2.36732
G1 X146.406 Y96.628 E2.5952
G1 X147.181 Y96.242 F7800
G1 F1200
G1 X147.568 Y95.832 E2.62232
G1 X148.496 Y94.525 E2.69942
G1 X150.213 Y96.242 E2.81621
G1 X147.374 Y96.242 E2.95276
G1 X148.117 Y95.808 F7800
;WIDTH:0.546456
G1 F1200
G1 X148.553 Y95.195 E2.99799
G1 X149.166 Y95.808 E3.05011
G1 X148.31 Y95.808 E3.10158
G1 E1.10158 F2400
G92 E0
G1 X148.86 Y93.799 F7800
G1 E2 F2400
;WIDTH:0.45
G1 F1200
G1 X151.689 Y96.628 E2.19243
G1 E.19243 F2400
G92 E0
G1 X149.542 Y93.935 F7800
G1 E2 F2400
G1 F1200
G1 X152.092 Y96.498 E2.17389
;WIDTH:0.430685
G1 X152.134 Y96.614 E2.17953
;WIDTH:0.45
G1 X152.124 Y93.799 E2.31492
G1 X149.406 Y93.799 E2.44565
G1 X150.337 Y94.184 F7800
G1 F1200
G1 X151.738 Y94.184 E2.51303
G1 X151.738 Y95.586 E2.58046
G1 X150.473 Y94.321 E2.6665
G1 X151.314 Y94.542 F7800
;WIDTH:0.499891
G1 F1200
G1 X151.275 Y94.581 E2.6695
G1 X151.289 Y94.633 E2.67243
G1 X151.342 Y94.647 E2.67541
G1 X151.38 Y94.609 E2.67833
G1 X151.366 Y94.556 E2.68131
G1 E.68131 F2400
G92 E0
G1 X113.056 Y96.917 F7800
G1 E2 F2400
;TYPE:Perimeter
;WIDTH:0.45
G1 F1200
G1 X113.056 Y93.51 E2.16386
G1 X117.078 Y93.51 E2.3573
G1 X118.508 Y95.521 E2.47598
G1 X119.981 Y96.917 E2.57359
G1 X113.116 Y96.917 E2.90377
G1 X112.67 Y97.303 F7800
G1 F1200
G1 X112.67 Y93.124 E3.10477
G1 X117.278 Y93.124 E3.3264
G1 X118.801 Y95.267 E3.45285
G1 X120.949 Y97.303 E3.5952
G1 X112.73 Y97.303 E3.99051
G1 X112.285 Y97.688 F7800
;TYPE:External perimeter
G1 F1200
G1 X112.285 Y92.833 E4.22402
;TYPE:Overhang perimeter
;WIDTH:0.4
;HEIGHT:0.4
M106 S255
G1 X112.285 Y92.738 E4.22898
G1 X117.477 Y92.738 E4.50024
G1 X117.544 Y92.833 E4.50631
M106 S168.3
;TYPE:External perimeter
;WIDTH:0.45
;HEIGHT:0.3
G1 X119.093 Y95.013 E4.63493
G1 X121.916 Y97.688 E4.82198
G1 X112.345 Y97.688 E5.28231
G1 X112.285 Y97.293 F7800
G1 X113.376 Y96.523
;TYPE:Solid infill
;WIDTH:0.543559
G1 F1200
G1 X113.334 Y96.566 E5.2859
G1 X113.349 Y96.623 E5.28942
G1 X113.407 Y96.639 E5.29302
G1 X113.45 Y96.597 E5.29661
G1 X113.434 Y96.539 E5.30021
;WIDTH:0.45
G1 X113.345 Y95.923 E5.33015
G1 X114.187 Y96.751 E5.38695
;WIDTH:0.404381
G1 X114.168 Y96.822 E5.39007
G1 X114.239 Y96.803 E5.39319
G1 X114.228 Y96.762 E5.39499
;WIDTH:0.45
G1 X114.595 Y96.628 E5.41378
G1 X113.345 Y95.377 E5.49884
G1 X113.345 Y94.832 E5.52505
G1 X115.141 Y96.628 E5.64721
G1 X115.686 Y96.628 E5.67342
G1 X113.345 Y94.287 E5.83265
G1 X113.203 Y93.769 E5.85848
;WIDTH:0.404381
G1 X113.209 Y93.663 E5.86298
;WIDTH:0.45
G1 X113.402 Y93.799 E5.87434
G1 X116.231 Y96.628 E6.06677
G1 X116.777 Y96.628 E6.09303
G1 X113.948 Y93.799 E6.28546
G1 X114.493 Y93.799 E6.31167
G1 X117.322 Y96.628 E6.5041
G1 X117.867 Y96.628 E6.53031
G1 X115.038 Y93.799 E6.72274
G1 X115.584 Y93.799 E6.749
G1 X118.413 Y96.628 E6.94143
G1 X118.958 Y96.628 E6.96764
G1 X116.129 Y93.799 E7.16007
G1 X116.884 Y93.886 E7.19662
;WIDTH:0.623929
G1 X117.181 Y94.237 E7.22871
;WIDTH:0.580019
G1 X117.478 Y94.588 E7.25828
;WIDTH:0.536109
G1 X117.775 Y94.94 E7.28538
;WIDTH:0.4922
G1 X118.072 Y95.291 E7.30991
;WIDTH:0.44829
G1 X118.369 Y95.642 E7.33193
;WIDTH:0.404381
G1 X119.305 Y96.554 E7.38735
G1 X119.371 Y96.674 E7.39316
G1 E5.39316 F2400
G92 E0
G1 X112.33 Y81.264 F7800
G1 E2 F2400
;TYPE:External perimeter
;WIDTH:0.541667
G1 F1200
G1 X112.33 Y61.131 E3.19851
G1 X112.33 Y61.531 F7800
G1 E1.19851 F2400
G92 E0
G1 X114.486 Y61.936 F7800
G1 E2 F2400
;TYPE:Perimeter
;WIDTH:0.610955
G1 F1200
G1 X115.033 Y61.936 E2.03729
G1 X115.033 Y80.458 E3.29997
G1 X114.486 Y80.458 E3.33726
G1 X114.486 Y61.996 E4.59585
G1 X114.02 Y61.47 F7800
;WIDTH:0.45
G1 F2400
G1 X115.499 Y61.47 E4.66698
G1 X115.499 Y80.924 E5.60265
G1 X114.02 Y80.924 E5.67378
G1 X114.02 Y61.53 E6.60656
G1 X113.635 Y61.085 F7800
;TYPE:External perimeter
G1 F1500
G1 X115.885 Y61.085 E6.71478
G1 X115.885 Y81.31 E7.68753
G1 X113.635 Y81.31 E7.79575
G1 X113.635 Y61.145 E8.76562
G1 X114.03 Y61.085 F7800
G1 E6.76562 F2400
G92 E0
G1 X114.486 Y56.783 F7800
G1 E2 F2400
;TYPE:Perimeter
;WIDTH:0.610955
G1 F1200
G1 X114.486 Y38.261 E3.26268
G1 X115.033 Y38.261 E3.29997
G1 X115.033 Y56.783 E4.56265
G1 X114.546 Y56.783 E4.59585
G1 X114.02 Y57.249 F7800
;WIDTH:0.45
G1 F2400
G1 X114.02 Y37.795 E5.53152
G1 X115.499 Y37.795 E5.60265
G1 X115.499 Y57.249 E6.53832
G1 X114.08 Y57.249 E6.60657
G1 X113.635 Y57.635 F7800
;TYPE:External perimeter
G1 F1500
G1 X113.635 Y37.41 E7.57932
G1 X115.885 Y37.41 E7.68754
G1 X115.885 Y57.635 E8.66029
G1 X113.695 Y57.635 E8.76562
G1 X113.635 Y57.239 F7800
G1 X112.33 Y57.589
;WIDTH:0.541667
G1 F1200
G1 X112.33 Y37.456 E9.96413
G1 X112.33 Y37.856 F7800
M106 S175.95
;LAYER_CHANGE
;Z:4.85
;HEIGHT:0.3
G1 E7.96413 F2400
G92 E0
G1 Z4.85 F7800
G1 X133.068 Y170.966
G1 E2 F2400
;TYPE:Perimeter
;WIDTH:0.45
G1 X132.992 Y171.089 E2.00695
G1 X132.932 Y171.517 E2.02774
;WIDTH:0.464918
G1 X133.016 Y171.812 E2.04306
G1 X132.453 Y171.812 E2.07119
G1 X132.537 Y171.581 E2.08347
G1 X132.477 Y171.089 E2.10823
;WIDTH:0.45
G1 X132.286 Y170.781 E2.12566
;WIDTH:0.490238
G1 X132.109 Y170.683 E2.13641
;WIDTH:0.530477
G1 X131.931 Y170.585 E2.14822
;WIDTH:0.570715
G1 X131.754 Y170.487 E2.161
;WIDTH:0.610954
G1 X131.576 Y170.389 E2.17485
G1 X113.136 Y170.389 E3.43193
G1 X113.136 Y169.842 E3.46922
G1 X131.576 Y169.842 E4.7263
G1 X131.866 Y169.822 E4.74612
;WIDTH:0.570715
G1 X132.155 Y169.802 E4.76441
;WIDTH:0.530477
G1 X132.445 Y169.782 E4.78131
;WIDTH:0.490238
G1 X132.735 Y169.762 E4.79675
G1 X133.024 Y169.782 E4.81214
;WIDTH:0.530477
G1 X133.314 Y169.802 E4.82904
;WIDTH:0.570715
G1 X133.603 Y169.822 E4.84733
;WIDTH:0.610954
G1 X133.893 Y169.842 E4.86715
G1 X152.333 Y169.842 E6.12423
G1 X152.333 Y170.389 E6.16152
G1 X133.726 Y170.389 E7.42999
G1 X133.59 Y170.487 E7.44142
;WIDTH:0.570715
G1 X133.454 Y170.585 E7.45201
;WIDTH:0.530477
G1 X133.318 Y170.683 E7.46176
;WIDTH:0.490238
G1 X133.183 Y170.781 E7.47062
;WIDTH:0.45
G1 X133.1 Y170.915 E7.4782
G1 X133.399 Y171.152 F7800
G1 F2400
G1 X133.352 Y171.227 E7.48246
G1 X133.316 Y171.484 E7.49494
G1 X133.397 Y171.731 E7.50744
G1 X133.681 Y172.205 E7.53402
G1 X131.788 Y172.205 E7.62507
G1 X132.072 Y171.731 E7.65165
G1 X132.148 Y171.521 E7.66239
G1 X132.117 Y171.227 E7.67661
G1 X132.002 Y171.042 E7.68709
G1 X131.576 Y170.855 E7.70947
G1 X112.67 Y170.855 E8.61878
G1 X112.67 Y169.376 E8.68991
G1 X152.799 Y169.376 E10.61998
G1 X152.799 Y170.855 E10.69111
G1 X133.809 Y170.855 E11.60446
G1 X133.467 Y171.042 E11.62321
G1 X133.43 Y171.101 E11.62656
G1 X133.742 Y171.34 F7800
;TYPE:External perimeter
G1 F1500
G1 X133.713 Y171.364 E11.62837
G1 X133.727 Y171.532 E11.63648
G1 X134.362 Y172.59 E11.69583
G1 X131.107 Y172.59 E11.85238
G1 X131.773 Y171.481 E11.9146
G1 X131.718 Y171.303 E11.92356
G1 X131.576 Y171.24 E11.93103
G1 X112.285 Y171.24 E12.85886
G1 X112.285 Y168.99 E12.96708
G1 X153.185 Y168.99 E14.93423
G1 X153.185 Y171.24 E15.04245
G1 X133.863 Y171.24 E15.97177
G1 X133.788 Y171.302 E15.97645
G1 X133.827 Y171.7 F7800
G1 X132.731 Y170.115
;TYPE:Solid infill
;WIDTH:0.574571
G1 F1200
G1 X133.304 Y170.221 E16.01353
G1 X132.95 Y170.52 E16.04302
G1 X132.735 Y170.844 E16.06776
G1 X132.494 Y170.504 E16.09428
G1 X132.029 Y170.213 E16.12919
G1 X132.54 Y170.142 E16.16202
G1 E14.16202 F2400
G92 E0
G1 X152.413 Y96.397 F7800
G1 E2 F2400
;TYPE:Perimeter
;WIDTH:0.45
G1 F1200
G1 X146.219 Y96.397 E2.29791
G1 X147.015 Y95.618 E2.35148
G1 X148.883 Y92.99 E2.50656
G1 X152.413 Y92.99 E2.67634
G1 X152.413 Y96.337 E2.83732
G1 X152.799 Y96.783 F7800
G1 F1200
G1 X145.251 Y96.783 E3.20035
G1 X146.668 Y95.44 E3.29425
G1 X148.684 Y92.604 E3.4616
G1 X152.799 Y92.604 E3.65952
G1 X152.799 Y96.723 E3.85763
G1 X153.185 Y97.169 F7800
;TYPE:External perimeter
G1 F1200
G1 X144.284 Y97.169 E4.28574
G1 X146.376 Y95.186 E4.42438
G1 X148.418 Y92.313 E4.59391
;TYPE:Overhang perimeter
;WIDTH:0.4
;HEIGHT:0.4
M106 S255
G1 X148.485 Y92.219 E4.59994
G1 X153.185 Y92.219 E4.84549
G1 X153.185 Y92.313 E4.8504
M106 S175.95
;TYPE:External perimeter
;WIDTH:0.45
;HEIGHT:0.3
G1 X153.185 Y97.109 E5.08107
G1 X152.789 Y97.168 F7800
G1 E3.08107 F2400
G92 E0
G1 X148.653 Y93.567 F7800
G1 E2 F2400
;TYPE:Solid infill
;WIDTH:0.404381
G1 F1200
G1 X148.981 Y93.179 E2.02155
;WIDTH:0.45
G1 X149.285 Y93.279 E2.03694
G1 X148.41 Y94.154 E2.09646
G1 X148.18 Y94.426 E2.11359
;WIDTH:0.404381
G1 X147.314 Y95.452 E2.17053
G1 X146.726 Y96.237 F7800
G1 F1200
G1 X146.685 Y96.248 E2.17233
G1 X146.666 Y96.177 E2.17545
G1 X146.737 Y96.196 E2.17857
;WIDTH:0.45
G1 X147.001 Y96.108 E2.19195
G1 X149.831 Y93.279 E2.38441
G1 X150.376 Y93.279 E2.41062
G1 X147.547 Y96.108 E2.60305
G1 X148.092 Y96.108 E2.62926
G1 X150.921 Y93.279 E2.82169
G1 X151.467 Y93.279 E2.84795
G1 X148.637 Y96.108 E3.04041
G1 X149.183 Y96.108 E3.06667
G1 X152.012 Y93.279 E3.2591
G1 X152.267 Y93.196 E3.272
;WIDTH:0.404381
G1 X152.226 Y93.207 E3.2738
G1 X152.207 Y93.136 E3.27692
G1 X152.278 Y93.155 E3.28004
;WIDTH:0.45
G1 X152.124 Y93.712 E3.30783
G1 X149.728 Y96.108 E3.4708
G1 X150.167 Y96.262 E3.49318
;WIDTH:0.404381
G1 X150.095 Y96.243 E3.49634
G1 X150.114 Y96.314 E3.49946
G1 X150.156 Y96.303 E3.5013
;WIDTH:0.45
G1 X150.274 Y96.108 E3.51226
G1 X152.124 Y94.258 E3.63809
G1 X152.319 Y94.14 E3.64905
;WIDTH:0.404381
G1 X152.278 Y94.151 E3.65085
G1 X152.259 Y94.08 E3.65397
G1 X152.33 Y94.099 E3.65709
;WIDTH:0.45
G1 X152.124 Y94.803 E3.69237
G1 X152.124 Y96.108 E3.75514
G1 X150.819 Y96.108 E3.81791
G1 X151.988 Y94.939 E3.89742
G1 E1.89742 F2400
G92 E0
G1 X113.056 Y96.397 F7800
G1 E2 F2400
;TYPE:Perimeter
G1 F1200
G1 X113.056 Y92.99 E2.16386
G1 X116.586 Y92.99 E2.33364
G1 X118.508 Y95.695 E2.49324
G1 X119.25 Y96.397 E2.54237
G1 X113.116 Y96.397 E2.83739
G1 X112.67 Y96.783 F7800
G1 F1200
G1 X112.67 Y92.604 E3.03839
G1 X116.785 Y92.604 E3.23631
G1 X118.801 Y95.44 E3.40366
G1 X120.218 Y96.783 E3.49756
G1 X112.73 Y96.783 E3.85771
G1 X112.285 Y97.169 F7800
;TYPE:External perimeter
G1 F1200
G1 X112.285 Y92.313 E4.09127
;TYPE:Overhang perimeter
;WIDTH:0.4
;HEIGHT:0.4
M106 S255
G1 X112.285 Y92.219 E4.09618
G1 X116.984 Y92.219 E4.34168
G1 X117.051 Y92.313 E4.34771
M106 S175.95
;TYPE:External perimeter
;WIDTH:0.45
;HEIGHT:0.3
G1 X119.093 Y95.186 E4.51724
G1 X121.185 Y97.169 E4.65588
G1 X112.345 Y97.169 E5.08105
G1 X112.285 Y96.773 F7800
G1 E3.08105 F2400
G92 E0
G1 X113.45 Y93.31 F7800
G1 E2 F2400
;TYPE:Solid infill
;WIDTH:0.543559
G1 F1200
G1 X113.407 Y93.268 E2.00359
G1 X113.349 Y93.284 E2.00719
G1 X113.334 Y93.341 E2.01071
G1 X113.376 Y93.384 E2.0143
G1 X113.434 Y93.368 E2.0179
;WIDTH:0.45
G1 X114.05 Y93.279 E2.04784
G1 X113.345 Y93.984 E2.09579
G1 X113.345 Y94.53 E2.12205
G1 X114.595 Y93.279 E2.20711
G1 X115.141 Y93.279 E2.23337
G1 X113.345 Y95.075 E2.35553
G1 X113.345 Y95.62 E2.38174
G1 X115.686 Y93.279 E2.54097
G1 X116.497 Y93.163 F7800
;WIDTH:0.404381
G1 F1200
G1 X116.56 Y93.239 E2.54516
;WIDTH:0.45
G1 X116.231 Y93.279 E2.5611
G1 X113.402 Y96.108 E2.75353
G1 X113.203 Y96.138 E2.76321
;WIDTH:0.404381
G1 X113.209 Y96.244 E2.76771
G1 E.76771 F2400
G92 E0
G1 X116.531 Y93.412 F7800
G1 E2 F2400
;WIDTH:0.45
G1 F1200
G1 X115.713 Y94.343 E2.05961
G1 X113.948 Y96.108 E2.17966
G1 X118.537 Y96.108 E2.40037
G1 X118.215 Y95.782 E2.42241
G1 X117.287 Y94.475 E2.49951
G1 X116.596 Y93.357 E2.56272
;WIDTH:0.418818
G1 X116.56 Y93.239 E2.56817
G1 X116.528 Y94.073 F7800
;WIDTH:0.45
G1 F1200
G1 X117.7 Y95.723 E2.66551
G1 X114.879 Y95.723 E2.80119
G1 X116.392 Y94.209 E2.90414
G1 X116.474 Y94.722 E2.92913
;WIDTH:0.519992
G1 X116.885 Y95.302 E2.96953
G1 X115.894 Y95.302 E3.02584
G1 X116.337 Y94.859 E3.06144
G1 E1.06144 F2400
G92 E0
G1 X114.486 Y61.936 F7800
G1 E2 F2400
;TYPE:Perimeter
;WIDTH:0.610955
G1 F1200
G1 X115.033 Y61.936 E2.03729
G1 X115.033 Y80.458 E3.29997
G1 X114.486 Y80.458 E3.33726
G1 X114.486 Y61.996 E4.59585
G1 X114.02 Y61.47 F7800
;WIDTH:0.45
G1 F2400
G1 X115.499 Y61.47 E4.66698
G1 X115.499 Y80.924 E5.60265
G1 X114.02 Y80.924 E5.67378
G1 X114.02 Y61.53 E6.60656
G1 X113.635 Y61.085 F7800
;TYPE:External perimeter
G1 F1500
G1 X115.885 Y61.085 E6.71478
G1 X115.885 Y81.31 E7.68753
G1 X113.635 Y81.31 E7.79575
G1 X113.635 Y61.145 E8.76562
G1 X114.03 Y61.085 F7800
G1 E6.76562 F2400
G92 E0
G1 X114.486 Y56.783 F7800
G1 E2 F2400
;TYPE:Perimeter
;WIDTH:0.610955
G1 F1200
G1 X114.486 Y38.261 E3.26268
G1 X115.033 Y38.261 E3.29997
G1 X115.033 Y56.783 E4.56265
G1 X114.546 Y56.783 E4.59585
G1 X114.02 Y57.249 F7800
;WIDTH:0.45
G1 F2400
G1 X114.02 Y37.795 E5.53152
G1 X115.499 Y37.795 E5.60265
G1 X115.499 Y57.249 E6.53832
G1 X114.08 Y57.249 E6.60657
G1 X113.635 Y57.635 F7800
;TYPE:External perimeter
G1 F1500
G1 X113.635 Y37.41 E7.57932
G1 X115.885 Y37.41 E7.68754
G1 X115.885 Y57.635 E8.66029
G1 X113.695 Y57.635 E8.76562
G1 X113.635 Y57.239 F7800
M106 S178.5
;LAYER_CHANGE
;Z:5.15
;HEIGHT:0.3
G1 E6.76562 F2400
G92 E0
G1 Z5.15 F7800
G1 X133.068 Y170.966
G1 E2 F2400
;TYPE:Perimeter
G1 X132.992 Y171.089 E2.00695
G1 X132.932 Y171.517 E2.02774
;WIDTH:0.464918
G1 X133.016 Y171.812 E2.04306
G1 X132.453 Y171.812 E2.07119
G1 X132.537 Y171.581 E2.08347
G1 X132.477 Y171.089 E2.10823
;WIDTH:0.45
G1 X132.286 Y170.781 E2.12566
;WIDTH:0.490238
G1 X132.109 Y170.683 E2.13641
;WIDTH:0.530477
G1 X131.931 Y170.585 E2.14822
;WIDTH:0.570715
G1 X131.754 Y170.487 E2.161
;WIDTH:0.610954
G1 X131.576 Y170.389 E2.17485
G1 X113.136 Y170.389 E3.43193
G1 X113.136 Y169.842 E3.46922
G1 X131.576 Y169.842 E4.7263
G1 X131.866 Y169.822 E4.74612
;WIDTH:0.570715
G1 X132.155 Y169.802 E4.76441
;WIDTH:0.530477
G1 X132.445 Y169.782 E4.78131
;WIDTH:0.490238
G1 X132.735 Y169.762 E4.79675
G1 X133.024 Y169.782 E4.81214
;WIDTH:0.530477
G1 X133.314 Y169.802 E4.82904
;WIDTH:0.570715
G1 X133.603 Y169.822 E4.84733
;WIDTH:0.610954
G1 X133.893 Y169.842 E4.86715
G1 X152.333 Y169.842 E6.12423
G1 X152.333 Y170.389 E6.16152
G1 X133.726 Y170.389 E7.42999
G1 X133.59 Y170.487 E7.44142
;WIDTH:0.570715
G1 X133.454 Y170.585 E7.45201
;WIDTH:0.530477
G1 X133.318 Y170.683 E7.46176
;WIDTH:0.490238
G1 X133.183 Y170.781 E7.47062
;WIDTH:0.45
G1 X133.1 Y170.915 E7.4782
G1 X133.399 Y171.152 F7800
G1 F2400
G1 X133.352 Y171.227 E7.48246
G1 X133.316 Y171.484 E7.49494
G1 X133.397 Y171.731 E7.50744
G1 X133.681 Y172.205 E7.53402
G1 X131.788 Y172.205 E7.62507
G1 X132.072 Y171.731 E7.65165
G1 X132.148 Y171.521 E7.66239
G1 X132.117 Y171.227 E7.67661
G1 X132.002 Y171.042 E7.68709
G1 X131.576 Y170.855 E7.70947
G1 X112.67 Y170.855 E8.61878
G1 X112.67 Y169.376 E8.68991
G1 X152.799 Y169.376 E10.61998
G1 X152.799 Y170.855 E10.69111
G1 X133.809 Y170.855 E11.60446
G1 X133.467 Y171.042 E11.62321
G1 X133.43 Y171.101 E11.62656
G1 X133.742 Y171.34 F7800
;TYPE:External perimeter
G1 F1500
G1 X133.713 Y171.364 E11.62837
G1 X133.727 Y171.532 E11.63648
G1 X134.362 Y172.59 E11.69583
G1 X131.107 Y172.59 E11.85238
G1 X131.773 Y171.481 E11.9146
G1 X131.718 Y171.303 E11.92356
G1 X131.576 Y171.24 E11.93103
G1 X112.285 Y171.24 E12.85886
G1 X112.285 Y168.99 E12.96708
G1 X153.185 Y168.99 E14.93423
G1 X153.185 Y171.24 E15.04245
G1 X133.863 Y171.24 E15.97177
G1 X133.788 Y171.302 E15.97645
G1 X133.827 Y171.7 F7800
G1 E13.97645 F2400
G92 E0
G1 X132.029 Y170.213 F7800
G1 E2 F2400
;TYPE:Solid infill
;WIDTH:0.57457
G1 F1200
G1 X132.731 Y170.115 E2.0451
G1 X133.304 Y170.221 E2.08218
G1 X132.95 Y170.52 E2.11167
G1 X132.735 Y170.844 E2.13641
G1 X132.494 Y170.504 E2.16293
G1 X132.193 Y170.315 E2.18555
G1 E.18555 F2400
G92 E0
G1 X152.413 Y95.878 F7800
G1 E2 F2400
;TYPE:Perimeter
;WIDTH:0.45
G1 F1200
G1 X146.94 Y95.878 E2.26323
G1 X149.375 Y92.47 E2.46468
G1 X152.413 Y92.47 E2.6108
G1 X152.413 Y95.818 E2.77183
G1 X152.799 Y96.263 F7800
G1 F1200
G1 X145.982 Y96.263 E3.0997
G1 X146.701 Y95.568 E3.1478
G1 X148.552 Y92.964 E3.30146
G1 X149.151 Y92.085 E3.35262
G1 X152.799 Y92.085 E3.52808
G1 X152.799 Y96.203 E3.72614
G1 X153.185 Y96.649 F7800
;TYPE:External perimeter
G1 F1200
G1 X145.015 Y96.649 E4.11909
G1 X146.376 Y95.36 E4.20925
G1 X148.759 Y92.006 E4.40714
G1 X148.86 Y91.794 E4.41843
;TYPE:Overhang perimeter
;WIDTH:0.4
;HEIGHT:0.4
M106 S255
G1 X148.905 Y91.699 E4.42392
G1 X153.185 Y91.699 E4.64753
G1 X153.185 Y91.794 E4.65249
M106 S178.5
;TYPE:External perimeter
;WIDTH:0.45
;HEIGHT:0.3
G1 X153.185 Y96.589 E4.88311
G1 X152.789 Y96.648 F7800
G1 E2.88311 F2400
G92 E0
G1 X147.514 Y95.589 F7800
G1 E2 F2400
;TYPE:Solid infill
G1 F1200
G1 X149.525 Y92.759 E2.16698
G1 X152.124 Y92.759 E2.29198
G1 X152.124 Y95.589 E2.42809
G1 X147.707 Y95.589 E2.64053
G1 X148.261 Y95.203 E2.67301
G1 X149.724 Y93.145 E2.79445
G1 X151.738 Y93.145 E2.89132
G1 X151.738 Y95.203 E2.9903
G1 X148.454 Y95.203 E3.14825
G1 X149.008 Y94.817 E3.18073
G1 X149.923 Y93.531 E3.25664
G1 X151.353 Y93.531 E3.32542
G1 X151.353 Y94.817 E3.38727
G1 X149.201 Y94.817 E3.49077
G1 X149.818 Y94.399 E3.52661
;WIDTH:0.514892
G1 X150.138 Y93.949 E3.55764
G1 X150.935 Y93.949 E3.60242
G1 X150.935 Y94.399 E3.62771
G1 X150.011 Y94.399 E3.67963
G1 E1.67963 F2400
G92 E0
G1 X113.056 Y95.878 F7800
G1 E2 F2400
;TYPE:Perimeter
;WIDTH:0.45
G1 F1200
G1 X113.056 Y92.47 E2.16391
G1 X116.094 Y92.47 E2.31003
G1 X118.516 Y95.878 E2.51112
G1 X113.116 Y95.878 E2.77084
G1 X112.67 Y96.263 F7800
G1 F1200
G1 X112.67 Y92.085 E2.97179
G1 X116.318 Y92.085 E3.14725
G1 X116.396 Y92.229 E3.15513
G1 X118.801 Y95.614 E3.35484
G1 X119.487 Y96.263 E3.40026
G1 X112.73 Y96.263 E3.72525
G1 X112.285 Y96.649 F7800
;TYPE:External perimeter
G1 F1200
G1 X112.285 Y91.794 E3.95876
;TYPE:Overhang perimeter
;WIDTH:0.4
;HEIGHT:0.4
M106 S255
G1 X112.285 Y91.699 E3.96372
G1 X116.564 Y91.699 E4.18728
G1 X116.609 Y91.794 E4.19277
M106 S178.5
;TYPE:External perimeter
;WIDTH:0.45
;HEIGHT:0.3
G1 X116.71 Y92.006 E4.20406
G1 X119.093 Y95.36 E4.40195
G1 X120.454 Y96.649 E4.49211
G1 X112.345 Y96.649 E4.88212
G1 X112.285 Y96.253 F7800
G1 X113.376 Y95.484
;TYPE:Solid infill
;WIDTH:0.543559
G1 F1200
G1 X113.334 Y95.526 E4.88567
G1 X113.349 Y95.584 E4.88925
G1 X113.407 Y95.6 E4.89285
G1 X113.45 Y95.557 E4.89648
G1 X113.434 Y95.499 E4.90008
;WIDTH:0.45
G1 X113.345 Y94.884 E4.92997
G1 X114.05 Y95.589 E4.97792
G1 X114.595 Y95.589 E5.00413
G1 X113.345 Y94.338 E5.08919
G1 X113.345 Y93.793 E5.1154
G1 X115.141 Y95.589 E5.23756
G1 X115.686 Y95.589 E5.26377
G1 X113.345 Y93.247 E5.42304
G1 X113.203 Y92.73 E5.44883
;WIDTH:0.404381
G1 X113.209 Y92.623 E5.45337
;WIDTH:0.45
G1 X113.402 Y92.759 E5.46473
G1 X116.231 Y95.589 E5.65719
G1 X116.777 Y95.589 E5.68345
G1 X113.948 Y92.759 E5.87591
G1 X114.493 Y92.759 E5.90212
G1 X117.322 Y95.589 E6.09458
G1 X117.867 Y95.589 E6.12079
G1 X115.038 Y92.759 E6.31325
G1 X114.92 Y92.565 E6.32417
;WIDTH:0.404381
G1 X114.931 Y92.606 E6.32597
G1 X114.86 Y92.625 E6.32909
G1 X114.879 Y92.554 E6.33221
;WIDTH:0.45
G1 X115.5 Y92.725 E6.36319
;WIDTH:0.38029
G1 X115.962 Y92.725 E6.38139
G1 X116.01 Y92.791 E6.38461
;WIDTH:0.427106
G1 X116.047 Y92.884 E6.38914
;WIDTH:0.473923
G1 X116.084 Y92.977 E6.39425
;WIDTH:0.520739
G1 X116.122 Y93.07 E6.39997
;WIDTH:0.567556
G1 X116.159 Y93.163 E6.40625
;WIDTH:0.614373
G1 X116.197 Y93.256 E6.41314
G1 X116.123 Y93.217 E6.41888
;WIDTH:0.566066
G1 X116.05 Y93.178 E6.42406
;WIDTH:0.517759
G1 X115.976 Y93.138 E6.42882
;WIDTH:0.469453
G1 X115.903 Y93.099 E6.433
;WIDTH:0.421146
G1 X115.829 Y93.06 E6.43672
;WIDTH:0.377234
G1 X115.635 Y92.862 E6.44754
G1 E4.44754 F2400
G92 E0
G1 X114.486 Y61.936 F7800
G1 E2 F2400
;TYPE:Perimeter
;WIDTH:0.610955
G1 F1200
G1 X115.033 Y61.936 E2.03729
G1 X115.033 Y80.458 E3.29997
G1 X114.486 Y80.458 E3.33726
G1 X114.486 Y61.996 E4.59585
G1 X114.02 Y61.47 F7800
;WIDTH:0.45
G1 F2400
G1 X115.499 Y61.47 E4.66698
G1 X115.499 Y80.924 E5.60265
G1 X114.02 Y80.924 E5.67378
G1 X114.02 Y61.53 E6.60656
G1 X113.635 Y61.085 F7800
;TYPE:External perimeter
G1 F1500
G1 X115.885 Y61.085 E6.71478
G1 X115.885 Y81.31 E7.68753
G1 X113.635 Y81.31 E7.79575
G1 X113.635 Y61.145 E8.76562
G1 X114.03 Y61.085 F7800
G1 E6.76562 F2400
G92 E0
G1 X114.486 Y56.783 F7800
G1 E2 F2400
;TYPE:Perimeter
;WIDTH:0.610955
G1 F1200
G1 X114.486 Y38.261 E3.26268
G1 X115.033 Y38.261 E3.29997
G1 X115.033 Y56.783 E4.56265
G1 X114.546 Y56.783 E4.59585
G1 X114.02 Y57.249 F7800
;WIDTH:0.45
G1 F2400
G1 X114.02 Y37.795 E5.53152
G1 X115.499 Y37.795 E5.60265
G1 X115.499 Y57.249 E6.53832
G1 X114.08 Y57.249 E6.60657
G1 X113.635 Y57.635 F7800
;TYPE:External perimeter
G1 F1500
G1 X113.635 Y37.41 E7.57932
G1 X115.885 Y37.41 E7.68754
G1 X115.885 Y57.635 E8.66029
G1 X113.695 Y57.635 E8.76562
G1 X113.635 Y57.239 F7800
M106 S181.05
;LAYER_CHANGE
;Z:5.45
;HEIGHT:0.3
G1 E6.76562 F2400
G92 E0
G1 Z5.45 F7800
G1 X133.068 Y170.966
G1 E2 F2400
;TYPE:Perimeter
G1 X132.992 Y171.089 E2.00695
G1 X132.932 Y171.517 E2.02774
;WIDTH:0.464918
G1 X133.016 Y171.812 E2.04306
G1 X132.453 Y171.812 E2.07119
G1 X132.537 Y171.581 E2.08347
G1 X132.477 Y171.089 E2.10823
;WIDTH:0.45
G1 X132.286 Y170.781 E2.12566
;WIDTH:0.490238
G1 X132.109 Y170.683 E2.13641
;WIDTH:0.530477
G1 X131.931 Y170.585 E2.14822
;WIDTH:0.570715
G1 X131.754 Y170.487 E2.161
;WIDTH:0.610954
G1 X131.576 Y170.389 E2.17485
G1 X113.136 Y170.389 E3.43193
G1 X113.136 Y169.842 E3.46922
G1 X131.576 Y169.842 E4.7263
G1 X131.866 Y169.822 E4.74612
;WIDTH:0.570715
G1 X132.155 Y169.802 E4.76441
;WIDTH:0.530477
G1 X132.445 Y169.782 E4.78131
;WIDTH:0.490238
G1 X132.735 Y169.762 E4.79675
G1 X133.024 Y169.782 E4.81214
;WIDTH:0.530477
G1 X133.314 Y169.802 E4.82904
;WIDTH:0.570715
G1 X133.603 Y169.822 E4.84733
;WIDTH:0.610954
G1 X133.893 Y169.842 E4.86715
G1 X152.333 Y169.842 E6.12423
G1 X152.333 Y170.389 E6.16152
G1 X133.726 Y170.389 E7.42999
G1 X133.59 Y170.487 E7.44142
;WIDTH:0.570715
G1 X133.454 Y170.585 E7.45201
;WIDTH:0.530477
G1 X133.318 Y170.683 E7.46176
;WIDTH:0.490238
G1 X133.183 Y170.781 E7.47062
;WIDTH:0.45
G1 X133.1 Y170.915 E7.4782
G1 X133.399 Y171.152 F7800
G1 F2400
G1 X133.352 Y171.227 E7.48246
G1 X133.316 Y171.484 E7.49494
G1 X133.397 Y171.731 E7.50744
G1 X133.681 Y172.205 E7.53402
G1 X131.788 Y172.205 E7.62507
G1 X132.072 Y171.731 E7.65165
G1 X132.148 Y171.521 E7.66239
G1 X132.117 Y171.227 E7.67661
G1 X132.002 Y171.042 E7.68709
G1 X131.576 Y170.855 E7.70947
G1 X112.67 Y170.855 E8.61878
G1 X112.67 Y169.376 E8.68991
G1 X152.799 Y169.376 E10.61998
G1 X152.799 Y170.855 E10.69111
G1 X133.809 Y170.855 E11.60446
G1 X133.467 Y171.042 E11.62321
G1 X133.43 Y171.101 E11.62656
G1 X133.742 Y171.34 F7800
;TYPE:External perimeter
G1 F1500
G1 X133.713 Y171.364 E11.62837
G1 X133.727 Y171.532 E11.63648
G1 X134.362 Y172.59 E11.69583
G1 X131.107 Y172.59 E11.85238
G1 X131.773 Y171.481 E11.9146
G1 X131.718 Y171.303 E11.92356
G1 X131.576 Y171.24 E11.93103
G1 X112.285 Y171.24 E12.85886
G1 X112.285 Y168.99 E12.96708
G1 X153.185 Y168.99 E14.93423
G1 X153.185 Y171.24 E15.04245
G1 X133.863 Y171.24 E15.97177
G1 X133.788 Y171.302 E15.97645
G1 X133.827 Y171.7 F7800
G1 X132.731 Y170.115
;TYPE:Solid infill
;WIDTH:0.574571
G1 F1200
G1 X133.304 Y170.221 E16.01353
G1 X132.95 Y170.52 E16.04302
G1 X132.735 Y170.844 E16.06776
G1 X132.494 Y170.504 E16.09428
G1 X132.029 Y170.213 E16.12919
G1 X132.54 Y170.142 E16.16202
G1 E14.16202 F2400
G92 E0
G1 X152.413 Y95.358 F7800
G1 E2 F2400
;TYPE:Perimeter
;WIDTH:0.45
G1 F1200
G1 X147.446 Y95.358 E2.2389
G1 X149.439 Y92.553 E2.4044
G1 X149.718 Y91.951 E2.43631
G1 X152.413 Y91.951 E2.56593
G1 X152.413 Y95.298 E2.72691
G1 X152.799 Y95.744 F7800
G1 F1200
G1 X146.702 Y95.742 E3.02015
G1 X149.105 Y92.359 E3.21973
G1 X149.472 Y91.565 E3.2618
G1 X152.799 Y91.565 E3.42182
G1 X152.799 Y95.684 E3.61993
G1 X153.185 Y96.129 F7800
;TYPE:External perimeter
G1 F1200
G1 X145.746 Y96.129 E3.97772
G1 X146.386 Y95.518 E4.02028
G1 X148.769 Y92.165 E4.21813
G1 X149.182 Y91.274 E4.26536
;TYPE:Overhang perimeter
;WIDTH:0.4
;HEIGHT:0.4
M106 S255
G1 X149.226 Y91.179 E4.27083
G1 X153.185 Y91.179 E4.47767
G1 X153.185 Y91.274 E4.48263
M106 S181.05
;TYPE:External perimeter
;WIDTH:0.45
;HEIGHT:0.3
G1 X153.185 Y96.069 E4.71325
G1 X152.789 Y96.129 F7800
G1 E2.71325 F2400
G92 E0
G1 X149.88 Y92.125 F7800
G1 E2 F2400
;TYPE:Solid infill
;WIDTH:0.404381
G1 F1200
G1 X149.809 Y92.105 E2.00313
G1 X149.828 Y92.177 E2.00629
G1 X149.869 Y92.166 E2.00809
;WIDTH:0.45
G1 X150.133 Y92.24 E2.02128
G1 X149.686 Y92.686 E2.05165
G1 X149.463 Y92.959 E2.0686
;WIDTH:0.404381
G1 X148.636 Y93.937 E2.12291
;WIDTH:0.45
G1 X148.393 Y94.524 E2.15347
G1 X150.678 Y92.24 E2.30886
G1 X151.223 Y92.24 E2.33507
G1 X148.394 Y95.069 E2.5275
;WIDTH:0.489785
G1 X148.096 Y95.035 E2.54341
G1 X148.059 Y94.998 E2.54619
G1 X148.007 Y95.011 E2.54903
G1 X147.993 Y95.063 E2.55189
G1 X148.031 Y95.1 E2.5547
G1 X148.082 Y95.087 E2.55749
G1 X148.939 Y95.069 F7800
;WIDTH:0.45
G1 F1200
G1 X151.769 Y92.24 E2.74995
G1 X152.076 Y92.422 E2.76712
G1 X150.804 Y93.749 E2.85553
G1 X149.485 Y95.069 E2.94528
G1 X152.124 Y95.069 E3.07221
G1 X152.165 Y92.354 E3.20281
;WIDTH:0.414983
G1 X152.178 Y92.264 E3.20679
G1 X151.738 Y93.361 F7800
;WIDTH:0.45
G1 F1200
G1 X151.738 Y94.683 E3.27037
G1 X150.416 Y94.683 E3.33395
G1 X151.602 Y93.497 E3.41462
G1 X151.398 Y94.283 F7800
;WIDTH:0.453569
G1 F1200
G1 X151.317 Y94.262 E3.41868
G1 X151.338 Y94.343 E3.42274
G1 X151.385 Y94.33 E3.42511
G1 E1.42511 F2400
G92 E0
G1 X113.056 Y95.358 F7800
G1 E2 F2400
;TYPE:Perimeter
;WIDTH:0.45
G1 F1200
G1 X113.056 Y91.951 E2.16386
G1 X115.751 Y91.951 E2.29348
G1 X116.081 Y92.626 E2.32962
G1 X118.023 Y95.358 E2.49083
G1 X113.116 Y95.358 E2.72684
G1 X112.67 Y95.744 F7800
G1 F1200
G1 X112.67 Y91.565 E2.92784
G1 X115.997 Y91.565 E3.08786
G1 X116.418 Y92.434 E3.1343
G1 X118.767 Y95.742 E3.32944
G1 X112.73 Y95.744 E3.6198
G1 X112.285 Y96.129 F7800
;TYPE:External perimeter
G1 F1200
G1 X112.285 Y91.274 E3.85331
;TYPE:Overhang perimeter
;WIDTH:0.4
;HEIGHT:0.4
M106 S255
G1 X112.285 Y91.179 E3.85827
G1 X116.243 Y91.179 E4.06506
G1 X116.287 Y91.274 E4.07053
M106 S181.05
;TYPE:External perimeter
;WIDTH:0.45
;HEIGHT:0.3
G1 X116.7 Y92.165 E4.11776
G1 X119.093 Y95.533 E4.31647
G1 X119.723 Y96.129 E4.35818
G1 X112.345 Y96.129 E4.71304
G1 X112.285 Y95.734 F7800
G1 E2.71304 F2400
G92 E0
G1 X113.345 Y92.24 F7800
G1 E2 F2400
;TYPE:Solid infill
G1 F1200
G1 X115.566 Y92.24 E2.10682
G1 X115.848 Y92.797 E2.13685
G1 X117.463 Y95.069 E2.27092
G1 X113.345 Y95.069 E2.46898
G1 X113.345 Y92.433 E2.59576
G1 X113.731 Y92.625 E2.6165
G1 X115.319 Y92.625 E2.69288
G1 X115.534 Y93.021 E2.71455
G1 X116.716 Y94.683 E2.81264
G1 X113.731 Y94.683 E2.95621
G1 X113.731 Y92.818 E3.04591
G1 X114.116 Y93.011 E3.06662
G1 X115.08 Y93.011 E3.11299
G1 X115.219 Y93.244 E3.12604
G1 X115.968 Y94.298 E3.18823
G1 X114.116 Y94.298 E3.2773
G1 X114.116 Y93.204 E3.32992
G1 X114.528 Y93.423 E3.35236
;WIDTH:0.502107
G1 X114.846 Y93.423 E3.36972
G1 X115.171 Y93.886 E3.4006
G1 X114.528 Y93.886 E3.4357
G1 X114.528 Y93.616 E3.45044
G1 E1.45044 F2400
G92 E0
G1 X114.486 Y61.936 F7800
G1 E2 F2400
;TYPE:Perimeter
;WIDTH:0.610955
G1 F1200
G1 X115.033 Y61.936 E2.03729
G1 X115.033 Y80.458 E3.29997
G1 X114.486 Y80.458 E3.33726
G1 X114.486 Y61.996 E4.59585
G1 X114.02 Y61.47 F7800
;WIDTH:0.45
G1 F2400
G1 X115.499 Y61.47 E4.66698
G1 X115.499 Y80.924 E5.60265
G1 X114.02 Y80.924 E5.67378
G1 X114.02 Y61.53 E6.60656
G1 X113.635 Y61.085 F7800
;TYPE:External perimeter
G1 F1500
G1 X115.885 Y61.085 E6.71478
G1 X115.885 Y81.31 E7.68753
G1 X113.635 Y81.31 E7.79575
G1 X113.635 Y61.145 E8.76562
G1 X114.03 Y61.085 F7800
G1 E6.76562 F2400
G92 E0
G1 X114.486 Y56.783 F7800
G1 E2 F2400
;TYPE:Perimeter
;WIDTH:0.610955
G1 F1200
G1 X114.486 Y38.261 E3.26268
G1 X115.033 Y38.261 E3.29997
G1 X115.033 Y56.783 E4.56265
G1 X114.546 Y56.783 E4.59585
G1 X114.02 Y57.249 F7800
;WIDTH:0.45
G1 F2400
G1 X114.02 Y37.795 E5.53152
G1 X115.499 Y37.795 E5.60265
G1 X115.499 Y57.249 E6.53832
G1 X114.08 Y57.249 E6.60657
G1 X113.635 Y57.635 F7800
;TYPE:External perimeter
G1 F1500
G1 X113.635 Y37.41 E7.57932
G1 X115.885 Y37.41 E7.68754
G1 X115.885 Y57.635 E8.66029
G1 X113.695 Y57.635 E8.76562
G1 X113.635 Y57.239 F7800
M106 S214.2
;LAYER_CHANGE
;Z:5.75
;HEIGHT:0.3
G1 E6.76562 F2400
G92 E0
G1 Z5.75 F7800
G1 X133.068 Y170.966
G1 E2 F2400
;TYPE:Perimeter
G1 X132.992 Y171.089 E2.00695
G1 X132.932 Y171.517 E2.02774
;WIDTH:0.464918
G1 X133.016 Y171.812 E2.04306
G1 X132.453 Y171.812 E2.07119
G1 X132.537 Y171.581 E2.08347
G1 X132.477 Y171.089 E2.10823
;WIDTH:0.45
G1 X132.286 Y170.781 E2.12566
;WIDTH:0.490238
G1 X132.109 Y170.683 E2.13641
;WIDTH:0.530477
G1 X131.931 Y170.585 E2.14822
;WIDTH:0.570715
G1 X131.754 Y170.487 E2.161
;WIDTH:0.610954
G1 X131.576 Y170.389 E2.17485
G1 X113.136 Y170.389 E3.43193
G1 X113.136 Y169.842 E3.46922
G1 X131.576 Y169.842 E4.7263
G1 X131.866 Y169.822 E4.74612
;WIDTH:0.570715
G1 X132.155 Y169.802 E4.76441
;WIDTH:0.530477
G1 X132.445 Y169.782 E4.78131
;WIDTH:0.490238
G1 X132.735 Y169.762 E4.79675
G1 X133.024 Y169.782 E4.81214
;WIDTH:0.530477
G1 X133.314 Y169.802 E4.82904
;WIDTH:0.570715
G1 X133.603 Y169.822 E4.84733
;WIDTH:0.610954
G1 X133.893 Y169.842 E4.86715
G1 X152.333 Y169.842 E6.12423
G1 X152.333 Y170.389 E6.16152
G1 X133.726 Y170.389 E7.42999
G1 X133.59 Y170.487 E7.44142
;WIDTH:0.570715
G1 X133.454 Y170.585 E7.45201
;WIDTH:0.530477
G1 X133.318 Y170.683 E7.46176
;WIDTH:0.490238
G1 X133.183 Y170.781 E7.47062
;WIDTH:0.45
G1 X133.1 Y170.915 E7.4782
G1 X133.399 Y171.152 F7800
G1 F2400
G1 X133.352 Y171.227 E7.48246
G1 X133.316 Y171.484 E7.49494
G1 X133.397 Y171.731 E7.50744
G1 X133.681 Y172.205 E7.53402
G1 X131.788 Y172.205 E7.62507
G1 X132.072 Y171.731 E7.65165
G1 X132.148 Y171.521 E7.66239
G1 X132.117 Y171.227 E7.67661
G1 X132.002 Y171.042 E7.68709
G1 X131.576 Y170.855 E7.70947
G1 X112.67 Y170.855 E8.61878
G1 X112.67 Y169.376 E8.68991
G1 X152.799 Y169.376 E10.61998
G1 X152.799 Y170.855 E10.69111
G1 X133.809 Y170.855 E11.60446
G1 X133.467 Y171.042 E11.62321
G1 X133.43 Y171.101 E11.62656
G1 X133.742 Y171.34 F7800
;TYPE:External perimeter
G1 F1500
G1 X133.713 Y171.364 E11.62837
G1 X133.727 Y171.532 E11.63648
G1 X134.362 Y172.59 E11.69583
G1 X131.107 Y172.59 E11.85238
G1 X131.773 Y171.481 E11.9146
G1 X131.718 Y171.303 E11.92356
G1 X131.576 Y171.24 E11.93103
G1 X112.285 Y171.24 E12.85886
G1 X112.285 Y168.99 E12.96708
G1 X153.185 Y168.99 E14.93423
G1 X153.185 Y171.24 E15.04245
G1 X133.863 Y171.24 E15.97177
G1 X133.788 Y171.302 E15.97645
G1 X133.827 Y171.7 F7800
G1 E13.97645 F2400
G92 E0
G1 X132.029 Y170.213 F7800
G1 E2 F2400
;TYPE:Solid infill
;WIDTH:0.57457
G1 F1200
G1 X132.731 Y170.115 E2.0451
G1 X133.304 Y170.221 E2.08218
G1 X132.95 Y170.52 E2.11167
G1 X132.735 Y170.844 E2.13641
G1 X132.494 Y170.504 E2.16293
G1 X132.193 Y170.315 E2.18555
G1 E.18555 F2400
G92 E0
G1 X152.413 Y94.839 F7800
G1 E2 F2400
;TYPE:Perimeter
;WIDTH:0.45
G1 F1200
G1 X147.938 Y94.839 E2.21523
G1 X149.439 Y92.727 E2.33985
G1 X150.039 Y91.431 E2.40854
G1 X152.413 Y91.431 E2.52272
G1 X152.413 Y94.779 E2.68375
G1 X152.799 Y95.224 F7800
G1 F1200
G1 X147.191 Y95.224 E2.95348
G1 X149.104 Y92.532 E3.11232
G1 X149.793 Y91.045 E3.19114
G1 X152.799 Y91.045 E3.33572
G1 X152.799 Y95.164 E3.53383
G1 X153.185 Y95.61 F7800
;TYPE:External perimeter
G1 F1200
G1 X146.444 Y95.61 E3.85805
G1 X148.769 Y92.338 E4.05111
G1 X149.502 Y90.754 E4.13506
;TYPE:Overhang perimeter
;WIDTH:0.4
;HEIGHT:0.4
M106 S255
G1 X149.546 Y90.66 E4.14048
G1 X153.185 Y90.66 E4.3306
G1 X153.185 Y90.754 E4.33551
M106 S214.2
;TYPE:External perimeter
;WIDTH:0.45
;HEIGHT:0.3
G1 X153.185 Y95.55 E4.56618
G1 X152.789 Y95.609 F7800
G1 E2.56618 F2400
G92 E0
G1 X148.499 Y94.549 F7800
G1 E2 F2400
;TYPE:Solid infill
G1 F1200
G1 X149.691 Y92.872 E2.09896
G1 X150.224 Y91.72 E2.16001
G1 X152.124 Y91.72 E2.25139
G1 X152.124 Y94.549 E2.38746
G1 X148.691 Y94.549 E2.55258
G1 X149.246 Y94.164 E2.58507
G1 X150.026 Y93.067 E2.64981
G1 X150.47 Y92.106 E2.70073
G1 X151.738 Y92.106 E2.76172
G1 X151.738 Y94.164 E2.8607
G1 X149.439 Y94.164 E2.97127
G1 X149.993 Y93.778 E3.00375
G1 X150.438 Y93.094 E3.043
G1 X150.717 Y92.491 E3.07496
G1 X151.353 Y92.491 E3.10555
G1 X151.353 Y93.778 E3.16745
G1 X150.186 Y93.778 E3.22358
G1 X150.854 Y93.229 F7800
;WIDTH:0.639201
G1 F1200
G1 X150.803 Y93.279 E3.2287
G1 X150.822 Y93.349 E3.2339
G1 X150.891 Y93.367 E3.23901
G1 X150.942 Y93.317 E3.24413
G1 X150.923 Y93.247 E3.24933
G1 E1.24933 F2400
G92 E0
G1 X113.056 Y94.839 F7800
G1 E2 F2400
;TYPE:Perimeter
;WIDTH:0.45
G1 F1200
G1 X113.056 Y91.431 E2.16391
G1 X115.43 Y91.431 E2.27809
G1 X116.081 Y92.799 E2.35096
G1 X117.531 Y94.839 E2.47134
G1 X113.116 Y94.839 E2.68369
G1 X112.67 Y95.224 F7800
G1 F1200
G1 X112.67 Y91.045 E2.88469
G1 X115.676 Y91.045 E3.02927
G1 X116.396 Y92.576 E3.11064
G1 X118.278 Y95.224 E3.26689
G1 X112.73 Y95.224 E3.53373
G1 X112.285 Y95.61 F7800
;TYPE:External perimeter
G1 F1200
G1 X112.285 Y90.754 E3.76729
;TYPE:Overhang perimeter
;WIDTH:0.4
;HEIGHT:0.4
M106 S255
G1 X112.285 Y90.66 E3.7722
G1 X115.923 Y90.66 E3.96227
G1 X115.967 Y90.754 E3.96769
M106 S214.2
;TYPE:External perimeter
;WIDTH:0.45
;HEIGHT:0.3
G1 X116.7 Y92.338 E4.05164
G1 X119.025 Y95.61 E4.2447
G1 X112.345 Y95.61 E4.56598
G1 X112.285 Y95.214 F7800
G1 X113.376 Y94.445
;TYPE:Solid infill
;WIDTH:0.543559
G1 F1200
G1 X113.334 Y94.487 E4.56953
G1 X113.349 Y94.545 E4.57311
G1 X113.407 Y94.56 E4.57669
G1 X113.45 Y94.518 E4.58028
G1 X113.434 Y94.46 E4.58388
;WIDTH:0.45
G1 X113.345 Y93.844 E4.61382
G1 X114.187 Y94.673 E4.67065
;WIDTH:0.404381
G1 X114.168 Y94.744 E4.67377
G1 X114.239 Y94.725 E4.67689
G1 X114.228 Y94.684 E4.67869
;WIDTH:0.45
G1 X114.595 Y94.549 E4.6975
G1 X113.345 Y93.299 E4.78252
G1 X113.345 Y92.754 E4.80873
G1 X115.141 Y94.549 E4.93086
G1 X115.686 Y94.549 E4.95707
G1 X113.345 Y92.208 E5.1163
G1 X113.203 Y91.691 E5.14209
;WIDTH:0.404381
G1 X113.209 Y91.584 E5.14663
;WIDTH:0.45
G1 X113.402 Y91.72 E5.15799
G1 X116.231 Y94.549 E5.35042
G1 X116.777 Y94.549 E5.37668
G1 X113.948 Y91.72 E5.56911
G1 X113.83 Y91.526 E5.58003
;WIDTH:0.404381
G1 X113.841 Y91.567 E5.58183
G1 X113.77 Y91.586 E5.58495
G1 X113.789 Y91.515 E5.58807
G1 E3.58807 F2400
G92 E0
G1 X115.818 Y92.992 F7800
G1 E2 F2400
;WIDTH:0.524769
G1 F1200
G1 X116.243 Y93.496 E2.03786
;WIDTH:0.484639
G1 X116.669 Y94 E2.07245
;WIDTH:0.44451
G1 X117.095 Y94.504 E2.10374
;WIDTH:0.404381
G1 X117.127 Y94.63 E2.10925
G1 E.10925 F2400
G92 E0
G1 X114.694 Y91.883 F7800
G1 E2 F2400
;WIDTH:0.503521
G1 F1200
G1 X114.932 Y92.122 E2.01847
;WIDTH:0.511542
G1 X115.638 Y92.822 E2.07392
;WIDTH:0.523643
G1 X115.804 Y92.975 E2.08685
G1 X115.287 Y91.874 E2.15652
;WIDTH:0.503521
G1 X115.228 Y91.747 E2.16419
G1 X114.558 Y91.747 E2.20089
M106 S216.75
;LAYER_CHANGE
;Z:6.05
;HEIGHT:0.3
G1 E.20089 F2400
G92 E0
G1 Z6.05 F7800
G1 X133.068 Y170.966
G1 E2 F2400
;TYPE:Perimeter
;WIDTH:0.45
G1 X132.992 Y171.089 E2.00695
G1 X132.932 Y171.517 E2.02774
;WIDTH:0.464918
G1 X133.016 Y171.812 E2.04306
G1 X132.453 Y171.812 E2.07119
G1 X132.537 Y171.581 E2.08347
G1 X132.477 Y171.089 E2.10823
;WIDTH:0.45
G1 X132.286 Y170.781 E2.12566
;WIDTH:0.490238
G1 X132.109 Y170.683 E2.13641
;WIDTH:0.530477
G1 X131.931 Y170.585 E2.14822
;WIDTH:0.570715
G1 X131.754 Y170.487 E2.161
;WIDTH:0.610954
G1 X131.576 Y170.389 E2.17485
G1 X113.136 Y170.389 E3.43193
G1 X113.136 Y169.842 E3.46922
G1 X131.576 Y169.842 E4.7263
G1 X131.866 Y169.822 E4.74612
;WIDTH:0.570715
G1 X132.155 Y169.802 E4.76441
;WIDTH:0.530477
G1 X132.445 Y169.782 E4.78131
;WIDTH:0.490238
G1 X132.735 Y169.762 E4.79675
G1 X133.024 Y169.782 E4.81214
;WIDTH:0.530477
G1 X133.314 Y169.802 E4.82904
;WIDTH:0.570715
G1 X133.603 Y169.822 E4.84733
;WIDTH:0.610954
G1 X133.893 Y169.842 E4.86715
G1 X152.333 Y169.842 E6.12423
G1 X152.333 Y170.389 E6.16152
;WIDTH:0.610955
G1 X133.726 Y170.389 E7.42999
G1 X133.59 Y170.487 E7.44142
;WIDTH:0.570715
G1 X133.454 Y170.585 E7.45201
;WIDTH:0.530477
G1 X133.318 Y170.683 E7.46176
;WIDTH:0.490238
G1 X133.183 Y170.781 E7.47062
;WIDTH:0.45
G1 X133.1 Y170.915 E7.4782
G1 X133.399 Y171.152 F7800
G1 F2400
G1 X133.352 Y171.227 E7.48246
G1 X133.316 Y171.484 E7.49494
G1 X133.397 Y171.731 E7.50744
G1 X133.681 Y172.205 E7.53402
G1 X131.788 Y172.205 E7.62507
G1 X132.072 Y171.731 E7.65165
G1 X132.148 Y171.521 E7.66239
G1 X132.117 Y171.227 E7.67661
G1 X132.002 Y171.042 E7.68709
G1 X131.576 Y170.855 E7.70947
G1 X112.67 Y170.855 E8.61878
G1 X112.67 Y169.376 E8.68991
G1 X152.799 Y169.376 E10.61998
G1 X152.799 Y170.855 E10.69111
G1 X133.809 Y170.855 E11.60446
G1 X133.467 Y171.042 E11.62321
G1 X133.43 Y171.101 E11.62656
G1 X133.742 Y171.34 F7800
;TYPE:External perimeter
G1 F1500
G1 X133.713 Y171.364 E11.62837
G1 X133.727 Y171.532 E11.63648
G1 X134.362 Y172.59 E11.69583
G1 X131.107 Y172.59 E11.85238
G1 X131.773 Y171.481 E11.9146
G1 X131.718 Y171.303 E11.92356
G1 X131.576 Y171.24 E11.93103
G1 X112.285 Y171.24 E12.85886
G1 X112.285 Y168.99 E12.96708
G1 X153.185 Y168.99 E14.93423
G1 X153.185 Y171.24 E15.04245
G1 X133.863 Y171.24 E15.97177
G1 X133.788 Y171.302 E15.97645
G1 X133.827 Y171.7 F7800
G1 X132.731 Y170.115
;TYPE:Solid infill
;WIDTH:0.574571
G1 F1200
G1 X133.304 Y170.221 E16.01353
G1 X132.95 Y170.52 E16.04302
G1 X132.735 Y170.844 E16.06776
G1 X132.494 Y170.504 E16.09428
G1 X132.029 Y170.213 E16.12919
G1 X132.54 Y170.142 E16.16202
G1 E14.16202 F2400
G92 E0
G1 X152.413 Y94.319 F7800
G1 E2 F2400
;TYPE:Perimeter
;WIDTH:0.45
G1 F1200
G1 X148.431 Y94.319 E2.19152
G1 X149.439 Y92.9 E2.27524
G1 X150.36 Y90.911 E2.38066
G1 X152.413 Y90.911 E2.4794
G1 X152.413 Y94.259 E2.64043
G1 X152.799 Y94.705 F7800
G1 F1200
G1 X147.684 Y94.705 E2.88644
G1 X149.104 Y92.705 E3.00441
G1 X150.113 Y90.526 E3.1199
G1 X152.799 Y90.526 E3.24909
G1 X152.799 Y94.645 E3.4472
G1 X153.185 Y95.09 F7800
;TYPE:External perimeter
G1 F1200
G1 X146.936 Y95.09 E3.74776
G1 X148.769 Y92.511 E3.89994
G1 X149.823 Y90.235 E4.02058
;TYPE:Overhang perimeter
;WIDTH:0.4
;HEIGHT:0.4
M106 S255
G1 X149.867 Y90.14 E4.02605
G1 X153.185 Y90.14 E4.1994
G1 X153.185 Y90.235 E4.20436
M106 S216.75
;TYPE:External perimeter
;WIDTH:0.45
;HEIGHT:0.3
G1 X153.185 Y95.03 E4.43498
G1 X152.789 Y95.09 F7800
G1 E2.43498 F2400
G92 E0
G1 X150.522 Y91.085 F7800
G1 E2 F2400
;TYPE:Solid infill
;WIDTH:0.404381
G1 F1200
G1 X150.45 Y91.066 E2.00316
G1 X150.469 Y91.137 E2.00628
G1 X150.511 Y91.126 E2.00812
;WIDTH:0.45
G1 X150.774 Y91.201 E2.02127
G1 X150.347 Y91.628 E2.05031
G1 X151.319 Y91.201 F7800
G1 F1200
G1 X149.877 Y92.643 E2.14839
G1 X149.681 Y92.916 E2.16455
;WIDTH:0.404381
G1 X149.125 Y93.596 E2.2018
;WIDTH:0.45
G1 X149.036 Y94.03 E2.22311
G1 X151.865 Y91.201 E2.41554
G1 X152.227 Y91.201 E2.43295
;WIDTH:0.404381
G1 X152.208 Y91.117 E2.4366
;WIDTH:0.45
G1 X152.124 Y91.487 E2.45485
G1 X152.124 Y94.03 E2.57716
G1 X149.581 Y94.03 E2.69947
G1 X151.988 Y91.623 E2.86319
G1 X151.738 Y92.418 F7800
G1 F1200
G1 X151.738 Y93.644 E2.92216
G1 X150.512 Y93.644 E2.98113
G1 X151.602 Y92.554 E3.05527
G1 E1.05527 F2400
G92 E0
G1 X113.056 Y94.319 F7800
G1 E2 F2400
;TYPE:Perimeter
G1 F1200
G1 X113.056 Y90.911 E2.16391
G1 X115.109 Y90.911 E2.26265
G1 X116.081 Y92.972 E2.37225
G1 X117.038 Y94.319 E2.45172
G1 X113.116 Y94.319 E2.64035
G1 X112.67 Y94.705 F7800
G1 F1200
G1 X112.67 Y90.526 E2.84135
G1 X115.356 Y90.526 E2.97054
G1 X116.396 Y92.749 E3.08858
G1 X117.785 Y94.705 E3.20396
G1 X112.73 Y94.705 E3.44709
G1 X112.285 Y95.09 F7800
;TYPE:External perimeter
G1 F1200
G1 X112.285 Y90.235 E3.6806
;TYPE:Overhang perimeter
;WIDTH:0.4
;HEIGHT:0.4
M106 S255
G1 X112.285 Y90.14 E3.68556
G1 X115.602 Y90.14 E3.85886
G1 X115.646 Y90.235 E3.86433
M106 S216.75
;TYPE:External perimeter
;WIDTH:0.45
;HEIGHT:0.3
G1 X116.71 Y92.526 E3.98582
G1 X118.533 Y95.09 E4.13713
G1 X112.345 Y95.09 E4.43475
G1 X112.285 Y94.695 F7800
G1 E2.43475 F2400
G92 E0
G1 X113.345 Y91.201 F7800
G1 E2 F2400
;TYPE:Solid infill
G1 F1200
G1 X114.924 Y91.201 E2.07594
G1 X115.494 Y92.43 E2.1411
G1 X115.848 Y93.144 E2.17943
G1 X116.478 Y94.03 E2.23172
G1 X113.345 Y94.03 E2.38241
G1 X113.345 Y91.393 E2.50924
G1 X113.731 Y91.586 E2.53
G1 X114.678 Y91.586 E2.57555
G1 X115.403 Y93.146 E2.65829
G1 X115.731 Y93.644 E2.68697
G1 X113.731 Y93.644 E2.78316
G1 X113.731 Y91.779 E2.87286
G1 X114.116 Y91.972 E2.89357
G1 X114.432 Y91.972 E2.90877
G1 X115.027 Y93.259 E2.97697
G1 X114.116 Y93.259 E3.02079
G1 X114.116 Y92.165 E3.07341
;LAYER_CHANGE
;Z:6.35
;HEIGHT:0.3
G1 E1.07341 F2400
G92 E0
G1 Z6.35 F7800
G1 X133.068 Y170.966
G1 E2 F2400
;TYPE:Perimeter
G1 X132.992 Y171.089 E2.00695
G1 X132.932 Y171.517 E2.02774
;WIDTH:0.464918
G1 X133.016 Y171.812 E2.04306
G1 X132.453 Y171.812 E2.07119
G1 X132.537 Y171.581 E2.08347
G1 X132.477 Y171.089 E2.10823
;WIDTH:0.45
G1 X132.286 Y170.781 E2.12566
;WIDTH:0.490238
G1 X132.109 Y170.683 E2.13641
;WIDTH:0.530477
G1 X131.931 Y170.585 E2.14822
;WIDTH:0.570715
G1 X131.754 Y170.487 E2.161
;WIDTH:0.610954
G1 X131.576 Y170.389 E2.17485
G1 X113.136 Y170.389 E3.43193
G1 X113.136 Y169.842 E3.46922
G1 X131.576 Y169.842 E4.7263
G1 X131.866 Y169.822 E4.74612
;WIDTH:0.570715
G1 X132.155 Y169.802 E4.76441
;WIDTH:0.530477
G1 X132.445 Y169.782 E4.78131
;WIDTH:0.490238
G1 X132.735 Y169.762 E4.79675
G1 X133.024 Y169.782 E4.81214
;WIDTH:0.530477
G1 X133.314 Y169.802 E4.82904
;WIDTH:0.570715
G1 X133.603 Y169.822 E4.84733
;WIDTH:0.610954
G1 X133.893 Y169.842 E4.86715
G1 X152.333 Y169.842 E6.12423
G1 X152.333 Y170.389 E6.16152
G1 X133.726 Y170.389 E7.42999
G1 X133.59 Y170.487 E7.44142
;WIDTH:0.570715
G1 X133.454 Y170.585 E7.45201
;WIDTH:0.530477
G1 X133.318 Y170.683 E7.46176
;WIDTH:0.490238
G1 X133.183 Y170.781 E7.47062
;WIDTH:0.45
G1 X133.1 Y170.915 E7.4782
G1 X133.399 Y171.152 F7800
G1 F2400
G1 X133.352 Y171.227 E7.48246
G1 X133.316 Y171.484 E7.49494
G1 X133.397 Y171.731 E7.50744
G1 X133.681 Y172.205 E7.53402
G1 X131.788 Y172.205 E7.62507
G1 X132.072 Y171.731 E7.65165
G1 X132.148 Y171.521 E7.66239
G1 X132.117 Y171.227 E7.67661
G1 X132.002 Y171.042 E7.68709
G1 X131.576 Y170.855 E7.70947
G1 X112.67 Y170.855 E8.61878
G1 X112.67 Y169.376 E8.68991
G1 X152.799 Y169.376 E10.61998
G1 X152.799 Y170.855 E10.69111
G1 X133.809 Y170.855 E11.60446
G1 X133.467 Y171.042 E11.62321
G1 X133.43 Y171.101 E11.62656
G1 X133.742 Y171.34 F7800
;TYPE:External perimeter
G1 F1500
G1 X133.713 Y171.364 E11.62837
G1 X133.727 Y171.532 E11.63648
G1 X134.362 Y172.59 E11.69583
G1 X131.107 Y172.59 E11.85238
G1 X131.773 Y171.481 E11.9146
G1 X131.718 Y171.303 E11.92356
G1 X131.576 Y171.24 E11.93103
G1 X112.285 Y171.24 E12.85886
G1 X112.285 Y168.99 E12.96708
G1 X153.185 Y168.99 E14.93423
G1 X153.185 Y171.24 E15.04245
G1 X133.863 Y171.24 E15.97177
G1 X133.788 Y171.302 E15.97645
G1 X133.827 Y171.7 F7800
G1 E13.97645 F2400
G92 E0
G1 X132.029 Y170.213 F7800
G1 E2 F2400
;TYPE:Solid infill
;WIDTH:0.57457
G1 F1200
G1 X132.731 Y170.115 E2.0451
G1 X133.304 Y170.221 E2.08218
G1 X132.95 Y170.52 E2.11167
G1 X132.735 Y170.844 E2.13641
G1 X132.494 Y170.504 E2.16293
G1 X132.193 Y170.315 E2.18555
G1 E.18555 F2400
G92 E0
G1 X152.413 Y93.799 F7800
G1 E2 F2400
;TYPE:Perimeter
;WIDTH:0.45
G1 F1200
G1 X148.923 Y93.799 E2.16786
G1 X149.477 Y92.992 E2.21494
G1 X150.68 Y90.392 E2.35273
G1 X152.413 Y90.392 E2.43608
G1 X152.413 Y93.739 E2.59706
G1 X152.799 Y94.185 F7800
G1 F1200
G1 X148.176 Y94.185 E2.81941
G1 X149.104 Y92.879 E2.89647
G1 X150.434 Y90.006 E3.04874
G1 X152.799 Y90.006 E3.16249
G1 X152.799 Y94.125 E3.3606
G1 X153.185 Y94.571 F7800
;TYPE:External perimeter
G1 F1200
G1 X147.429 Y94.571 E3.63744
G1 X148.769 Y92.684 E3.74875
G1 X150.144 Y89.715 E3.90612
;TYPE:Overhang perimeter
;WIDTH:0.4
;HEIGHT:0.4
M106 S255
G1 X150.188 Y89.621 E3.91154
G1 X153.185 Y89.621 E4.06812
G1 X153.185 Y89.715 E4.07303
M106 S216.75
;TYPE:External perimeter
;WIDTH:0.45
;HEIGHT:0.3
G1 X153.185 Y94.511 E4.3037
G1 X152.789 Y94.57 F7800
G1 E2.3037 F2400
G92 E0
G1 X149.483 Y93.51 F7800
G1 E2 F2400
;TYPE:Solid infill
G1 F1200
G1 X149.741 Y93.11 E2.02289
G1 X150.865 Y90.681 E2.15162
G1 X152.124 Y90.681 E2.21217
G1 X152.124 Y93.51 E2.34824
G1 X149.676 Y93.51 E2.46598
G1 X150.159 Y93.125 E2.49569
G1 X151.112 Y91.067 E2.60477
G1 X151.738 Y91.067 E2.63488
G1 X151.738 Y93.125 E2.73386
G1 X150.352 Y93.125 E2.80052
G1 X150.792 Y92.72 E2.82928
;WIDTH:0.487321
G1 X151.334 Y91.549 E2.89735
G1 X151.334 Y92.72 E2.95912
G1 X150.985 Y92.72 E2.97753
G1 E.97753 F2400
G92 E0
G1 X113.056 Y93.799 F7800
G1 E2 F2400
;TYPE:Perimeter
;WIDTH:0.45
G1 F1200
G1 X113.056 Y90.392 E2.16386
G1 X114.789 Y90.392 E2.24721
G1 X116.03 Y93.073 E2.3893
G1 X116.546 Y93.799 E2.43214
G1 X113.116 Y93.799 E2.59711
G1 X112.67 Y94.185 F7800
G1 F1200
G1 X112.67 Y90.006 E2.79811
G1 X115.035 Y90.006 E2.91186
G1 X116.365 Y92.879 E3.06413
G1 X117.293 Y94.185 E3.14119
G1 X112.73 Y94.185 E3.36065
G1 X112.285 Y94.571 F7800
;TYPE:External perimeter
G1 F1200
G1 X112.285 Y89.715 E3.59421
;TYPE:Overhang perimeter
;WIDTH:0.4
;HEIGHT:0.4
M106 S255
G1 X112.285 Y89.621 E3.59912
G1 X115.281 Y89.621 E3.75565
G1 X115.325 Y89.715 E3.76107
M106 S216.75
;TYPE:External perimeter
;WIDTH:0.45
;HEIGHT:0.3
G1 X116.7 Y92.684 E3.91844
G1 X118.04 Y94.571 E4.02975
G1 X112.345 Y94.571 E4.30366
G1 X112.285 Y94.175 F7800
G1 E2.30366 F2400
G92 E0
G1 X113.345 Y90.874 F7800
G1 E2 F2400
;TYPE:Solid infill
G1 F1200
G1 X113.345 Y93.51 E2.12678
G1 X115.994 Y93.51 E2.25419
G1 X115.728 Y93.11 E2.27729
G1 X114.604 Y90.681 E2.40602
G1 X113.345 Y90.681 E2.46657
G1 X113.731 Y91.067 E2.49283
G1 X114.357 Y91.067 E2.52294
G1 X115.31 Y93.125 E2.63202
G1 X113.731 Y93.125 E2.70796
G1 X113.731 Y91.259 E2.79771
G1 X114.135 Y91.549 E2.82163
;WIDTH:0.487323
G1 X114.677 Y92.72 E2.8897
G1 X114.135 Y92.72 E2.91829
G1 X114.135 Y91.741 E2.96993
M106 S219.3
;LAYER_CHANGE
;Z:6.65
;HEIGHT:0.3
G1 E.96993 F2400
G92 E0
G1 Z6.65 F7800
G1 X133.068 Y170.966
G1 E2 F2400
;TYPE:Perimeter
;WIDTH:0.45
G1 X132.992 Y171.089 E2.00695
G1 X132.932 Y171.517 E2.02774
;WIDTH:0.464919
G1 X133.016 Y171.812 E2.04306
G1 X132.453 Y171.812 E2.07119
G1 X132.537 Y171.581 E2.08347
G1 X132.477 Y171.089 E2.10823
;WIDTH:0.45
G1 X132.286 Y170.781 E2.12566
;WIDTH:0.490238
G1 X132.109 Y170.683 E2.13641
;WIDTH:0.530477
G1 X131.931 Y170.585 E2.14822
;WIDTH:0.570715
G1 X131.754 Y170.487 E2.161
;WIDTH:0.610954
G1 X131.576 Y170.389 E2.17485
G1 X113.136 Y170.389 E3.43193
G1 X113.136 Y169.842 E3.46922
G1 X131.576 Y169.842 E4.7263
G1 X131.866 Y169.822 E4.74612
;WIDTH:0.570715
G1 X132.155 Y169.802 E4.76441
;WIDTH:0.530477
G1 X132.445 Y169.782 E4.78131
;WIDTH:0.490238
G1 X132.735 Y169.762 E4.79675
G1 X133.024 Y169.782 E4.81214
;WIDTH:0.530476
G1 X133.314 Y169.802 E4.82904
;WIDTH:0.570714
G1 X133.603 Y169.822 E4.84733
;WIDTH:0.610952
G1 X133.893 Y169.842 E4.86715
G1 X152.333 Y169.842 E6.12423
G1 X152.333 Y170.389 E6.16152
;WIDTH:0.610954
G1 X133.726 Y170.389 E7.42999
G1 X133.59 Y170.487 E7.44142
;WIDTH:0.570714
G1 X133.454 Y170.585 E7.45201
;WIDTH:0.530476
G1 X133.318 Y170.683 E7.46176
;WIDTH:0.490238
G1 X133.183 Y170.781 E7.47062
;WIDTH:0.45
G1 X133.1 Y170.915 E7.4782
G1 X133.399 Y171.152 F7800
G1 F2400
G1 X133.352 Y171.227 E7.48246
G1 X133.316 Y171.484 E7.49494
G1 X133.397 Y171.731 E7.50744
G1 X133.681 Y172.205 E7.53402
G1 X131.788 Y172.205 E7.62507
G1 X132.072 Y171.731 E7.65165
G1 X132.148 Y171.521 E7.66239
G1 X132.117 Y171.227 E7.67661
G1 X132.002 Y171.042 E7.68709
G1 X131.576 Y170.855 E7.70947
G1 X112.67 Y170.855 E8.61878
G1 X112.67 Y169.376 E8.68991
G1 X152.799 Y169.376 E10.61998
G1 X152.799 Y170.855 E10.69111
G1 X133.809 Y170.855 E11.60446
G1 X133.467 Y171.042 E11.62321
G1 X133.43 Y171.101 E11.62656
G1 X133.742 Y171.34 F7800
;TYPE:External perimeter
G1 F1500
G1 X133.713 Y171.364 E11.62837
G1 X133.727 Y171.532 E11.63648
G1 X134.362 Y172.59 E11.69583
G1 X131.107 Y172.59 E11.85238
G1 X131.773 Y171.481 E11.9146
G1 X131.718 Y171.303 E11.92356
G1 X131.576 Y171.24 E11.93103
G1 X112.285 Y171.24 E12.85886
G1 X112.285 Y168.99 E12.96708
G1 X153.185 Y168.99 E14.93423
G1 X153.185 Y171.24 E15.04245
G1 X133.863 Y171.24 E15.97177
G1 X133.788 Y171.302 E15.97645
G1 X133.827 Y171.7 F7800
G1 X132.731 Y170.115
;TYPE:Solid infill
;WIDTH:0.57457
G1 F1200
G1 X133.304 Y170.221 E16.01353
G1 X132.95 Y170.52 E16.04302
G1 X132.735 Y170.844 E16.06776
G1 X132.494 Y170.504 E16.09428
G1 X132.029 Y170.213 E16.12919
G1 X132.54 Y170.142 E16.16202
G1 E14.16202 F2400
G92 E0
G1 X152.413 Y93.28 F7800
G1 E2 F2400
;TYPE:Perimeter
;WIDTH:0.45
G1 F1200
G1 X149.41 Y93.28 E2.14443
G1 X150.99 Y89.872 E2.3251
G1 X152.413 Y89.872 E2.39354
G1 X152.413 Y93.22 E2.55457
G1 X152.799 Y93.665 F7800
G1 F1200
G1 X148.668 Y93.665 E2.75326
G1 X149.128 Y93.002 E2.79207
G1 X150.743 Y89.487 E2.97812
G1 X152.799 Y89.487 E3.07701
G1 X152.799 Y93.605 E3.27507
G1 X153.185 Y94.051 F7800
;TYPE:External perimeter
G1 F1200
G1 X147.921 Y94.051 E3.52825
G1 X148.77 Y92.857 E3.59871
G1 X150.452 Y89.196 E3.79249
;TYPE:Overhang perimeter
;WIDTH:0.4
;HEIGHT:0.4
M106 S255
G1 X150.496 Y89.101 E3.79796
G1 X153.185 Y89.101 E3.93845
G1 X153.185 Y89.196 E3.94341
M106 S219.3
;TYPE:External perimeter
;WIDTH:0.45
;HEIGHT:0.3
G1 X153.185 Y93.991 E4.17403
G1 X152.789 Y94.05 F7800
G1 E2.17403 F2400
G92 E0
G1 X151.931 Y90.161 F7800
G1 E2 F2400
;TYPE:Solid infill
G1 F1200
G1 X151.175 Y90.161 E2.03636
G1 X149.875 Y92.991 E2.18615
G1 X152.124 Y92.991 E2.29432
G1 X152.124 Y90.161 E2.43043
G1 X151.738 Y90.547 E2.45669
G1 X151.738 Y92.605 E2.55567
G1 X150.477 Y92.605 E2.61632
G1 X151.423 Y90.547 E2.72526
G1 X151.546 Y90.547 E2.73118
G1 X151.396 Y91.427 F7800
;WIDTH:0.364305
G1 F1200
G1 X151.396 Y92.262 E2.76242
G1 X151.012 Y92.262 E2.77678
G1 X151.315 Y91.602 E2.80395
G1 E.80395 F2400
G92 E0
G1 X113.056 Y93.28 F7800
G1 E2 F2400
;TYPE:Perimeter
;WIDTH:0.45
G1 F1200
G1 X113.056 Y89.872 E2.16391
G1 X114.479 Y89.872 E2.23235
G1 X116.045 Y93.28 E2.41274
G1 X113.116 Y93.28 E2.55361
G1 X112.67 Y93.665 F7800
G1 F1200
G1 X112.67 Y89.487 E2.75456
G1 X114.726 Y89.487 E2.85345
G1 X116.364 Y93.051 E3.0421
G1 X116.801 Y93.665 E3.07835
G1 X112.73 Y93.665 E3.27415
G1 X112.285 Y94.051 F7800
;TYPE:External perimeter
G1 F1200
G1 X112.285 Y89.196 E3.50766
;TYPE:Overhang perimeter
;WIDTH:0.4
;HEIGHT:0.4
M106 S255
G1 X112.285 Y89.101 E3.51262
G1 X114.973 Y89.101 E3.65305
G1 X115.017 Y89.196 E3.65852
M106 S219.3
;TYPE:External perimeter
;WIDTH:0.45
;HEIGHT:0.3
G1 X116.699 Y92.857 E3.8523
G1 X117.548 Y94.051 E3.92276
G1 X112.345 Y94.051 E4.17301
G1 X112.285 Y93.655 F7800
G1 E2.17301 F2400
G92 E0
G1 X113.345 Y90.161 F7800
G1 E2 F2400
;TYPE:Solid infill
G1 F1200
G1 X114.294 Y90.161 E2.04564
G1 X115.594 Y92.991 E2.19543
G1 X113.345 Y92.991 E2.3036
G1 X113.345 Y90.354 E2.43043
G1 X113.731 Y90.547 E2.45119
G1 X114.046 Y90.547 E2.46634
G1 X114.992 Y92.605 E2.57528
G1 X113.731 Y92.605 E2.63593
G1 X113.731 Y90.74 E2.72563
G1 X114.073 Y91.427 E2.76254
;WIDTH:0.364305
G1 X114.457 Y92.262 E2.79692
G1 X114.073 Y92.262 E2.81128
G1 X114.073 Y91.619 E2.83533
M106 S221.85
;LAYER_CHANGE
;Z:6.95
;HEIGHT:0.3
G1 E.83533 F2400
G92 E0
G1 Z6.95 F7800
G1 X133.068 Y170.966
G1 E2 F2400
;TYPE:Perimeter
;WIDTH:0.45
G1 X132.992 Y171.089 E2.00695
G1 X132.932 Y171.517 E2.02774
;WIDTH:0.464918
G1 X133.016 Y171.812 E2.04306
G1 X132.453 Y171.812 E2.07119
G1 X132.537 Y171.581 E2.08347
G1 X132.477 Y171.089 E2.10823
;WIDTH:0.45
G1 X132.286 Y170.781 E2.12566
;WIDTH:0.490238
G1 X132.109 Y170.683 E2.13641
;WIDTH:0.530477
G1 X131.931 Y170.585 E2.14822
;WIDTH:0.570715
G1 X131.754 Y170.487 E2.161
;WIDTH:0.610954
G1 X131.576 Y170.389 E2.17485
G1 X113.136 Y170.389 E3.43193
G1 X113.136 Y169.842 E3.46922
G1 X131.576 Y169.842 E4.7263
G1 X131.866 Y169.822 E4.74612
;WIDTH:0.570715
G1 X132.155 Y169.802 E4.76441
;WIDTH:0.530477
G1 X132.445 Y169.782 E4.78131
;WIDTH:0.490238
G1 X132.735 Y169.762 E4.79675
G1 X133.024 Y169.782 E4.81214
;WIDTH:0.530477
G1 X133.314 Y169.802 E4.82904
;WIDTH:0.570715
G1 X133.603 Y169.822 E4.84733
;WIDTH:0.610954
G1 X133.893 Y169.842 E4.86715
G1 X152.333 Y169.842 E6.12423
G1 X152.333 Y170.389 E6.16152
G1 X133.726 Y170.389 E7.42999
G1 X133.59 Y170.487 E7.44142
;WIDTH:0.570715
G1 X133.454 Y170.585 E7.45201
;WIDTH:0.530477
G1 X133.318 Y170.683 E7.46176
;WIDTH:0.490238
G1 X133.183 Y170.781 E7.47062
;WIDTH:0.45
G1 X133.1 Y170.915 E7.4782
G1 X133.399 Y171.152 F7800
G1 F2400
G1 X133.352 Y171.227 E7.48246
G1 X133.316 Y171.484 E7.49494
G1 X133.397 Y171.731 E7.50744
G1 X133.681 Y172.205 E7.53402
G1 X131.788 Y172.205 E7.62507
G1 X132.072 Y171.731 E7.65165
G1 X132.148 Y171.521 E7.66239
G1 X132.117 Y171.227 E7.67661
G1 X132.002 Y171.042 E7.68709
G1 X131.576 Y170.855 E7.70947
G1 X112.67 Y170.855 E8.61878
G1 X112.67 Y169.376 E8.68991
G1 X152.799 Y169.376 E10.61998
G1 X152.799 Y170.855 E10.69111
G1 X133.809 Y170.855 E11.60446
G1 X133.467 Y171.042 E11.62321
G1 X133.43 Y171.101 E11.62656
G1 X133.742 Y171.34 F7800
;TYPE:External perimeter
G1 F1500
G1 X133.713 Y171.364 E11.62837
G1 X133.727 Y171.532 E11.63648
G1 X134.362 Y172.59 E11.69583
G1 X131.107 Y172.59 E11.85238
G1 X131.773 Y171.481 E11.9146
G1 X131.718 Y171.303 E11.92356
G1 X131.576 Y171.24 E11.93103
G1 X112.285 Y171.24 E12.85886
G1 X112.285 Y168.99 E12.96708
G1 X153.185 Y168.99 E14.93423
G1 X153.185 Y171.24 E15.04245
G1 X133.863 Y171.24 E15.97177
G1 X133.788 Y171.302 E15.97645
G1 X133.827 Y171.7 F7800
G1 E13.97645 F2400
G92 E0
G1 X132.029 Y170.213 F7800
G1 E2 F2400
;TYPE:Solid infill
;WIDTH:0.57457
G1 F1200
G1 X132.731 Y170.115 E2.0451
G1 X133.304 Y170.221 E2.08218
G1 X132.95 Y170.52 E2.11167
G1 X132.735 Y170.844 E2.13641
G1 X132.494 Y170.504 E2.16293
G1 X132.193 Y170.315 E2.18555
G1 E.18555 F2400
G92 E0
G1 X152.413 Y92.76 F7800
G1 E2 F2400
;TYPE:Perimeter
;WIDTH:0.45
G1 F1200
G1 X149.745 Y92.76 E2.12832
G1 X151.322 Y89.353 E2.30889
G1 X152.413 Y89.353 E2.36136
G1 X152.413 Y92.7 E2.52234
G1 X152.799 Y93.146 F7800
G1 F1200
G1 X149.141 Y93.146 E2.69828
G1 X150.89 Y89.368 E2.89852
G1 X151.004 Y88.967 E2.91857
G1 X152.799 Y88.967 E3.0049
G1 X152.799 Y93.086 E3.20301
G1 X153.185 Y93.531 F7800
;TYPE:External perimeter
G1 F1200
G1 X148.414 Y93.531 E3.43248
G1 X148.777 Y93.015 E3.46282
G1 X150.547 Y89.191 E3.66549
G1 X150.682 Y88.676 E3.6911
;TYPE:Overhang perimeter
;WIDTH:0.4
;HEIGHT:0.4
M106 S255
G1 X150.707 Y88.581 E3.69623
G1 X153.185 Y88.581 E3.82569
G1 X153.185 Y88.676 E3.83065
M106 S221.85
;TYPE:External perimeter
;WIDTH:0.45
;HEIGHT:0.3
G1 X153.185 Y93.471 E4.06127
G1 X152.789 Y93.531 F7800
G1 E2.06127 F2400
G92 E0
G1 X150.197 Y92.471 F7800
G1 E2 F2400
;TYPE:Solid infill
G1 F1200
G1 X151.5 Y89.642 E2.1498
G1 X152.124 Y89.642 E2.17981
G1 X152.124 Y92.471 E2.31588
G1 X150.39 Y92.471 E2.39928
G1 X150.799 Y92.085 E2.42633
G1 X151.738 Y90.046 E2.5343
G1 X151.738 Y92.085 E2.63237
G1 X150.992 Y92.085 E2.66825
G1 E.66825 F2400
G92 E0
G1 X113.056 Y92.76 F7800
G1 E2 F2400
;TYPE:Perimeter
G1 F1200
G1 X113.056 Y89.353 E2.16386
G1 X114.149 Y89.353 E2.21643
G1 X115.724 Y92.76 E2.39696
G1 X113.116 Y92.76 E2.5224
G1 X112.67 Y93.146 F7800
G1 F1200
G1 X112.67 Y88.967 E2.7234
G1 X114.465 Y88.967 E2.80973
G1 X114.579 Y89.368 E2.82978
G1 X116.328 Y93.146 E3.03002
G1 X112.73 Y93.146 E3.20307
G1 X112.285 Y93.531 F7800
;TYPE:External perimeter
G1 F1200
G1 X112.285 Y88.676 E3.43658
;TYPE:Overhang perimeter
;WIDTH:0.4
;HEIGHT:0.4
M106 S255
G1 X112.285 Y88.581 E3.44154
G1 X114.762 Y88.581 E3.57095
G1 X114.787 Y88.676 E3.57608
M106 S221.85
;TYPE:External perimeter
;WIDTH:0.45
;HEIGHT:0.3
G1 X114.929 Y89.206 E3.60247
G1 X116.7 Y93.031 E3.8052
G1 X117.055 Y93.531 E3.83469
G1 X112.345 Y93.531 E4.06122
G1 X112.285 Y93.136 F7800
G1 X113.345 Y92.471
;TYPE:Solid infill
G1 F1200
G1 X113.345 Y89.642 E4.19729
G1 X113.969 Y89.642 E4.2273
G1 X115.272 Y92.471 E4.3771
G1 X113.538 Y92.471 E4.4605
G1 E2.4605 F2400
G92 E0
G1 X113.731 Y90.239 F7800
G1 E2 F2400
G1 F1200
G1 X113.731 Y92.085 E2.08879
G1 X114.67 Y92.085 E2.13395
G1 X113.731 Y90.046 E2.24192
;LAYER_CHANGE
;Z:7.25
;HEIGHT:0.3
G1 E.24192 F2400
G92 E0
G1 Z7.25 F7800
G1 X133.068 Y170.966
G1 E2 F2400
;TYPE:Perimeter
G1 X132.992 Y171.089 E2.00695
G1 X132.932 Y171.517 E2.02774
;WIDTH:0.464918
G1 X133.016 Y171.812 E2.04306
G1 X132.453 Y171.812 E2.07119
G1 X132.537 Y171.581 E2.08347
G1 X132.477 Y171.089 E2.10823
;WIDTH:0.45
G1 X132.286 Y170.781 E2.12566
;WIDTH:0.490238
G1 X132.109 Y170.683 E2.13641
;WIDTH:0.530477
G1 X131.931 Y170.585 E2.14822
;WIDTH:0.570715
G1 X131.754 Y170.487 E2.161
;WIDTH:0.610954
G1 X131.576 Y170.389 E2.17485
G1 X113.136 Y170.389 E3.43193
G1 X113.136 Y169.842 E3.46922
G1 X131.576 Y169.842 E4.7263
G1 X131.866 Y169.822 E4.74612
;WIDTH:0.570715
G1 X132.155 Y169.802 E4.76441
;WIDTH:0.530477
G1 X132.445 Y169.782 E4.78131
;WIDTH:0.490238
G1 X132.735 Y169.762 E4.79675
G1 X133.024 Y169.782 E4.81214
;WIDTH:0.530477
G1 X133.314 Y169.802 E4.82904
;WIDTH:0.570715
G1 X133.603 Y169.822 E4.84733
;WIDTH:0.610954
G1 X133.893 Y169.842 E4.86715
G1 X152.333 Y169.842 E6.12423
G1 X152.333 Y170.389 E6.16152
G1 X133.726 Y170.389 E7.42999
G1 X133.59 Y170.487 E7.44142
;WIDTH:0.570715
G1 X133.454 Y170.585 E7.45201
;WIDTH:0.530477
G1 X133.318 Y170.683 E7.46176
;WIDTH:0.490238
G1 X133.183 Y170.781 E7.47062
;WIDTH:0.45
G1 X133.1 Y170.915 E7.4782
G1 X133.399 Y171.152 F7800
G1 F2400
G1 X133.352 Y171.227 E7.48246
G1 X133.316 Y171.484 E7.49494
G1 X133.397 Y171.731 E7.50744
G1 X133.681 Y172.205 E7.53402
G1 X131.788 Y172.205 E7.62507
G1 X132.072 Y171.731 E7.65165
G1 X132.148 Y171.521 E7.66239
G1 X132.117 Y171.227 E7.67661
G1 X132.002 Y171.042 E7.68709
G1 X131.576 Y170.855 E7.70947
G1 X112.67 Y170.855 E8.61878
G1 X112.67 Y169.376 E8.68991
G1 X152.799 Y169.376 E10.61998
G1 X152.799 Y170.855 E10.69111
G1 X133.809 Y170.855 E11.60446
G1 X133.467 Y171.042 E11.62321
G1 X133.43 Y171.101 E11.62656
G1 X133.742 Y171.34 F7800
;TYPE:External perimeter
G1 F1500
G1 X133.713 Y171.364 E11.62837
G1 X133.727 Y171.532 E11.63648
G1 X134.362 Y172.59 E11.69583
G1 X131.107 Y172.59 E11.85238
G1 X131.773 Y171.481 E11.9146
G1 X131.718 Y171.303 E11.92356
G1 X131.576 Y171.24 E11.93103
G1 X112.285 Y171.24 E12.85886
G1 X112.285 Y168.99 E12.96708
G1 X153.185 Y168.99 E14.93423
G1 X153.185 Y171.24 E15.04245
G1 X133.863 Y171.24 E15.97177
G1 X133.788 Y171.302 E15.97645
G1 X133.827 Y171.7 F7800
G1 X132.731 Y170.115
;TYPE:Solid infill
;WIDTH:0.574571
G1 F1200
G1 X133.304 Y170.221 E16.01353
G1 X132.95 Y170.52 E16.04302
G1 X132.735 Y170.844 E16.06776
G1 X132.494 Y170.504 E16.09428
G1 X132.029 Y170.213 E16.12919
G1 X132.54 Y170.142 E16.16202
G1 E14.16202 F2400
G92 E0
G1 X152.413 Y92.24 F7800
G1 E2 F2400
;TYPE:Perimeter
;WIDTH:0.45
G1 F1200
G1 X150.065 Y92.24 E2.11293
G1 X151.276 Y89.626 E2.25149
G1 X151.484 Y88.833 E2.29092
G1 X152.413 Y88.833 E2.3356
G1 X152.413 Y92.18 E2.49658
G1 X152.799 Y92.626 F7800
G1 F1200
G1 X149.462 Y92.626 E2.65708
G1 X150.911 Y89.495 E2.82301
G1 X151.186 Y88.447 E2.87512
G1 X152.799 Y88.447 E2.9527
G1 X152.799 Y92.566 E3.15081
G1 X153.185 Y93.012 F7800
;TYPE:External perimeter
G1 F1200
G1 X148.858 Y93.012 E3.35892
G1 X150.547 Y89.364 E3.55227
G1 X150.864 Y88.156 E3.61234
;TYPE:Overhang perimeter
;WIDTH:0.4
;HEIGHT:0.4
M106 S255
G1 X150.889 Y88.062 E3.61742
G1 X153.185 Y88.062 E3.73737
G1 X153.185 Y88.156 E3.74228
M106 S221.85
;TYPE:External perimeter
;WIDTH:0.45
;HEIGHT:0.3
G1 X153.185 Y92.952 E3.97295
G1 X152.789 Y93.011 F7800
G1 E1.97295 F2400
G92 E0
G1 X151.931 Y89.122 F7800
G1 E2 F2400
;TYPE:Solid infill
G1 F1200
G1 X151.704 Y89.122 E2.01092
G1 X151.507 Y89.815 E2.04557
G1 X150.518 Y91.951 E2.15878
G1 X152.124 Y91.951 E2.23602
G1 X152.124 Y89.122 E2.37209
G1 X151.715 Y90.341 F7800
;WIDTH:0.497822
G1 F1200
G1 X151.715 Y91.542 E2.43702
G1 X151.159 Y91.542 E2.46708
G1 X151.634 Y90.516 E2.5282
G1 E.5282 F2400
G92 E0
G1 X113.056 Y92.24 F7800
G1 E2 F2400
;TYPE:Perimeter
;WIDTH:0.45
G1 F1200
G1 X113.056 Y88.833 E2.16386
G1 X113.985 Y88.833 E2.20854
G1 X114.229 Y89.703 E2.252
G1 X115.404 Y92.24 E2.38647
G1 X113.116 Y92.24 E2.49651
G1 X112.67 Y92.626 F7800
G1 F1200
G1 X112.67 Y88.447 E2.69751
G1 X114.283 Y88.447 E2.77509
G1 X114.579 Y89.541 E2.8296
G1 X116.007 Y92.626 E2.9931
G1 X112.73 Y92.626 E3.15071
G1 X112.285 Y93.012 F7800
;TYPE:External perimeter
G1 F1200
G1 X112.285 Y88.156 E3.38427
;TYPE:Overhang perimeter
;WIDTH:0.4
;HEIGHT:0.4
M106 S255
G1 X112.285 Y88.062 E3.38918
G1 X114.58 Y88.062 E3.50908
G1 X114.605 Y88.156 E3.51416
M106 S221.85
;TYPE:External perimeter
;WIDTH:0.45
;HEIGHT:0.3
G1 X114.929 Y89.379 E3.57501
G1 X116.611 Y93.012 E3.76756
G1 X112.345 Y93.012 E3.97274
G1 X112.285 Y92.616 F7800
G1 E1.97274 F2400
G92 E0
G1 X113.345 Y89.122 F7800
G1 E2 F2400
;TYPE:Solid infill
G1 F1200
G1 X113.765 Y89.122 E2.0202
G1 X113.97 Y89.831 E2.0557
G1 X114.951 Y91.951 E2.16805
G1 X113.345 Y91.951 E2.24529
G1 X113.345 Y89.315 E2.37207
G1 X113.754 Y90.341 F7800
;WIDTH:0.497824
G1 F1200
G1 X114.31 Y91.542 E2.44362
G1 X113.754 Y91.542 E2.47368
G1 X113.754 Y90.534 E2.52817
M106 S224.4
;LAYER_CHANGE
;Z:7.55
;HEIGHT:0.3
G1 E.52817 F2400
G92 E0
G1 Z7.55 F7800
G1 X133.068 Y170.966
G1 E2 F2400
;TYPE:Perimeter
;WIDTH:0.45
G1 X132.992 Y171.089 E2.00695
G1 X132.932 Y171.517 E2.02774
;WIDTH:0.464918
G1 X133.016 Y171.812 E2.04306
G1 X132.453 Y171.812 E2.07119
G1 X132.537 Y171.581 E2.08347
G1 X132.477 Y171.089 E2.10823
;WIDTH:0.45
G1 X132.286 Y170.781 E2.12566
;WIDTH:0.490238
G1 X132.109 Y170.683 E2.13641
;WIDTH:0.530477
G1 X131.931 Y170.585 E2.14822
;WIDTH:0.570715
G1 X131.754 Y170.487 E2.161
;WIDTH:0.610954
G1 X131.576 Y170.389 E2.17485
G1 X113.136 Y170.389 E3.43193
G1 X113.136 Y169.842 E3.46922
G1 X131.576 Y169.842 E4.7263
G1 X131.866 Y169.822 E4.74612
;WIDTH:0.570715
G1 X132.155 Y169.802 E4.76441
;WIDTH:0.530477
G1 X132.445 Y169.782 E4.78131
;WIDTH:0.490238
G1 X132.735 Y169.762 E4.79675
G1 X133.024 Y169.782 E4.81214
;WIDTH:0.530477
G1 X133.314 Y169.802 E4.82904
;WIDTH:0.570715
G1 X133.603 Y169.822 E4.84733
;WIDTH:0.610954
G1 X133.893 Y169.842 E4.86715
G1 X152.333 Y169.842 E6.12423
G1 X152.333 Y170.389 E6.16152
G1 X133.726 Y170.389 E7.42999
G1 X133.59 Y170.487 E7.44142
;WIDTH:0.570715
G1 X133.454 Y170.585 E7.45201
;WIDTH:0.530477
G1 X133.318 Y170.683 E7.46176
;WIDTH:0.490238
G1 X133.183 Y170.781 E7.47062
;WIDTH:0.45
G1 X133.1 Y170.915 E7.4782
G1 X133.399 Y171.152 F7800
G1 F2400
G1 X133.352 Y171.227 E7.48246
G1 X133.316 Y171.484 E7.49494
G1 X133.397 Y171.731 E7.50744
G1 X133.681 Y172.205 E7.53402
G1 X131.788 Y172.205 E7.62507
G1 X132.072 Y171.731 E7.65165
G1 X132.148 Y171.521 E7.66239
G1 X132.117 Y171.227 E7.67661
G1 X132.002 Y171.042 E7.68709
G1 X131.576 Y170.855 E7.70947
G1 X112.67 Y170.855 E8.61878
G1 X112.67 Y169.376 E8.68991
G1 X152.799 Y169.376 E10.61998
G1 X152.799 Y170.855 E10.69111
G1 X133.809 Y170.855 E11.60446
G1 X133.467 Y171.042 E11.62321
G1 X133.43 Y171.101 E11.62656
G1 X133.742 Y171.34 F7800
;TYPE:External perimeter
G1 F1500
G1 X133.713 Y171.364 E11.62837
G1 X133.727 Y171.532 E11.63648
G1 X134.362 Y172.59 E11.69583
G1 X131.107 Y172.59 E11.85238
G1 X131.773 Y171.481 E11.9146
G1 X131.718 Y171.303 E11.92356
G1 X131.576 Y171.24 E11.93103
G1 X112.285 Y171.24 E12.85886
G1 X112.285 Y168.99 E12.96708
G1 X153.185 Y168.99 E14.93423
G1 X153.185 Y171.24 E15.04245
G1 X133.863 Y171.24 E15.97177
G1 X133.788 Y171.302 E15.97645
G1 X133.827 Y171.7 F7800
G1 E13.97645 F2400
G92 E0
G1 X132.029 Y170.213 F7800
G1 E2 F2400
;TYPE:Solid infill
;WIDTH:0.57457
G1 F1200
G1 X132.731 Y170.115 E2.0451
G1 X133.304 Y170.221 E2.08218
G1 X132.95 Y170.52 E2.11167
G1 X132.735 Y170.844 E2.13641
G1 X132.494 Y170.504 E2.16293
G1 X132.193 Y170.315 E2.18555
G1 E.18555 F2400
G92 E0
G1 X152.413 Y91.721 F7800
G1 E2 F2400
;TYPE:Perimeter
;WIDTH:0.45
G1 F1200
G1 X150.386 Y91.721 E2.09749
G1 X151.297 Y89.717 E2.20337
G1 X151.666 Y88.313 E2.27319
G1 X152.413 Y88.313 E2.30912
G1 X152.413 Y91.661 E2.47015
G1 X152.799 Y92.106 F7800
G1 F1200
G1 X149.783 Y92.106 E2.61521
G1 X150.924 Y89.619 E2.74681
G1 X151.368 Y87.928 E2.8309
G1 X152.799 Y87.928 E2.89973
G1 X152.799 Y92.046 E3.09779
G1 X153.185 Y92.492 F7800
;TYPE:External perimeter
G1 F1200
G1 X149.179 Y92.492 E3.29046
G1 X150.551 Y89.521 E3.44786
G1 X151.046 Y87.637 E3.54155
;TYPE:Overhang perimeter
;WIDTH:0.4
;HEIGHT:0.4
M106 S255
G1 X151.071 Y87.542 E3.54668
G1 X153.185 Y87.542 E3.65713
G1 X153.185 Y87.637 E3.66209
M106 S224.4
;TYPE:External perimeter
;WIDTH:0.45
;HEIGHT:0.3
G1 X153.185 Y92.432 E3.89271
G1 X152.789 Y92.491 F7800
G1 E1.89271 F2400
G92 E0
G1 X150.839 Y91.432 F7800
G1 E2 F2400
;TYPE:Solid infill
G1 F1200
G1 X151.578 Y89.786 E2.08678
G1 X151.889 Y88.603 E2.14561
G1 X152.124 Y88.603 E2.15691
G1 X152.124 Y91.432 E2.29298
G1 X151.031 Y91.432 E2.34555
G1 X151.382 Y91.085 E2.36929
;WIDTH:0.372783
G1 X151.777 Y90.23 E2.40552
G1 X151.777 Y91.085 E2.43841
G1 X151.574 Y91.085 E2.44622
G1 E.44622 F2400
G92 E0
G1 X113.056 Y91.721 F7800
G1 E2 F2400
;TYPE:Perimeter
;WIDTH:0.45
G1 F1200
G1 X113.056 Y88.313 E2.16391
G1 X113.803 Y88.313 E2.19984
G1 X114.193 Y89.799 E2.27373
G1 X115.083 Y91.721 E2.3756
G1 X113.116 Y91.721 E2.47021
G1 X112.67 Y92.106 F7800
G1 F1200
G1 X112.67 Y87.928 E2.67116
G1 X114.101 Y87.928 E2.73999
G1 X114.558 Y89.668 E2.82652
G1 X115.686 Y92.106 E2.95572
G1 X112.73 Y92.106 E3.09789
G1 X112.285 Y92.492 F7800
;TYPE:External perimeter
G1 F1200
G1 X112.285 Y87.637 E3.3314
;TYPE:Overhang perimeter
;WIDTH:0.4
;HEIGHT:0.4
M106 S255
G1 X112.285 Y87.542 E3.33636
G1 X114.398 Y87.542 E3.44675
G1 X114.423 Y87.637 E3.45188
M106 S224.4
;TYPE:External perimeter
;WIDTH:0.45
;HEIGHT:0.3
G1 X114.922 Y89.537 E3.54636
G1 X116.29 Y92.492 E3.70298
G1 X112.345 Y92.492 E3.89272
G1 X112.285 Y92.097 F7800
G1 E1.89272 F2400
G92 E0
G1 X113.345 Y88.795 F7800
G1 E2 F2400
;TYPE:Solid infill
G1 F1200
G1 X113.345 Y91.432 E2.12683
G1 X114.63 Y91.432 E2.18863
G1 X113.92 Y89.897 E2.26997
G1 X113.58 Y88.603 E2.33432
G1 X113.345 Y88.603 E2.34562
G1 X113.692 Y90.23 F7800
;WIDTH:0.372782
G1 F1200
G1 X114.087 Y91.085 E2.38185
G1 X113.692 Y91.085 E2.39704
G1 X113.692 Y90.423 E2.4225
;LAYER_CHANGE
;Z:7.85
;HEIGHT:0.3
G1 E.4225 F2400
G92 E0
G1 Z7.85 F7800
G1 X133.068 Y170.966
G1 E2 F2400
;TYPE:Perimeter
;WIDTH:0.45
G1 X132.992 Y171.089 E2.00695
G1 X132.932 Y171.517 E2.02774
;WIDTH:0.464918
G1 X133.016 Y171.812 E2.04306
G1 X132.453 Y171.812 E2.07119
G1 X132.537 Y171.581 E2.08347
G1 X132.477 Y171.089 E2.10823
;WIDTH:0.45
G1 X132.286 Y170.781 E2.12566
;WIDTH:0.490238
G1 X132.109 Y170.683 E2.13641
;WIDTH:0.530477
G1 X131.931 Y170.585 E2.14822
;WIDTH:0.570715
G1 X131.754 Y170.487 E2.161
;WIDTH:0.610954
G1 X131.576 Y170.389 E2.17485
G1 X113.136 Y170.389 E3.43193
G1 X113.136 Y169.842 E3.46922
G1 X131.576 Y169.842 E4.7263
G1 X131.866 Y169.822 E4.74612
;WIDTH:0.570715
G1 X132.155 Y169.802 E4.76441
;WIDTH:0.530477
G1 X132.445 Y169.782 E4.78131
;WIDTH:0.490238
G1 X132.735 Y169.762 E4.79675
G1 X133.024 Y169.782 E4.81214
;WIDTH:0.530477
G1 X133.314 Y169.802 E4.82904
;WIDTH:0.570715
G1 X133.603 Y169.822 E4.84733
;WIDTH:0.610954
G1 X133.893 Y169.842 E4.86715
G1 X152.333 Y169.842 E6.12423
G1 X152.333 Y170.389 E6.16152
G1 X133.726 Y170.389 E7.42999
G1 X133.59 Y170.487 E7.44142
;WIDTH:0.570715
G1 X133.454 Y170.585 E7.45201
;WIDTH:0.530477
G1 X133.318 Y170.683 E7.46176
;WIDTH:0.490238
G1 X133.183 Y170.781 E7.47062
;WIDTH:0.45
G1 X133.1 Y170.915 E7.4782
G1 X133.399 Y171.152 F7800
G1 F2400
G1 X133.352 Y171.227 E7.48246
G1 X133.316 Y171.484 E7.49494
G1 X133.397 Y171.731 E7.50744
G1 X133.681 Y172.205 E7.53402
G1 X131.788 Y172.205 E7.62507
G1 X132.072 Y171.731 E7.65165
G1 X132.148 Y171.521 E7.66239
G1 X132.117 Y171.227 E7.67661
G1 X132.002 Y171.042 E7.68709
G1 X131.576 Y170.855 E7.70947
G1 X112.67 Y170.855 E8.61878
G1 X112.67 Y169.376 E8.68991
G1 X152.799 Y169.376 E10.61998
G1 X152.799 Y170.855 E10.69111
G1 X133.809 Y170.855 E11.60446
G1 X133.467 Y171.042 E11.62321
G1 X133.43 Y171.101 E11.62656
G1 X133.742 Y171.34 F7800
;TYPE:External perimeter
G1 F1500
G1 X133.713 Y171.364 E11.62837
G1 X133.727 Y171.532 E11.63648
G1 X134.362 Y172.59 E11.69583
G1 X131.107 Y172.59 E11.85238
G1 X131.773 Y171.481 E11.9146
G1 X131.718 Y171.303 E11.92356
G1 X131.576 Y171.24 E11.93103
G1 X112.285 Y171.24 E12.85886
G1 X112.285 Y168.99 E12.96708
G1 X153.185 Y168.99 E14.93423
G1 X153.185 Y171.24 E15.04245
G1 X133.863 Y171.24 E15.97177
G1 X133.788 Y171.302 E15.97645
G1 X133.827 Y171.7 F7800
G1 X132.731 Y170.115
;TYPE:Solid infill
;WIDTH:0.574571
G1 F1200
G1 X133.304 Y170.221 E16.01353
G1 X132.95 Y170.52 E16.04302
G1 X132.735 Y170.844 E16.06776
G1 X132.494 Y170.504 E16.09428
G1 X132.029 Y170.213 E16.12919
G1 X132.54 Y170.142 E16.16202
G1 E14.16202 F2400
G92 E0
G1 X152.413 Y91.201 F7800
G1 E2 F2400
;TYPE:Perimeter
;WIDTH:0.45
G1 F1200
G1 X150.707 Y91.201 E2.08205
G1 X151.276 Y89.972 E2.14719
G1 X151.848 Y87.794 E2.2555
G1 X152.413 Y87.794 E2.28267
G1 X152.413 Y91.141 E2.44365
G1 X152.799 Y91.587 F7800
G1 F1200
G1 X150.103 Y91.587 E2.57332
G1 X150.911 Y89.841 E2.66585
G1 X151.55 Y87.408 E2.78684
G1 X152.799 Y87.408 E2.84691
G1 X152.799 Y91.527 E3.04502
G1 X153.185 Y91.973 F7800
;TYPE:External perimeter
G1 F1200
G1 X149.5 Y91.973 E3.22226
G1 X150.547 Y89.71 E3.34219
G1 X151.228 Y87.117 E3.47113
;TYPE:Overhang perimeter
;WIDTH:0.4
;HEIGHT:0.4
M106 S255
G1 X151.253 Y87.022 E3.47626
G1 X153.185 Y87.022 E3.5772
G1 X153.185 Y87.117 E3.58216
M106 S224.4
;TYPE:External perimeter
;WIDTH:0.45
;HEIGHT:0.3
G1 X153.185 Y91.913 E3.81283
G1 X152.789 Y91.972 F7800
G1 E1.81283 F2400
G92 E0
G1 X152.124 Y88.083 F7800
G1 E2 F2400
;TYPE:Solid infill
G1 F1200
G1 X152.124 Y90.912 E2.13607
G1 X151.159 Y90.912 E2.18248
G1 X151.578 Y89.959 E2.23255
G1 X152.032 Y88.231 E2.31848
G1 E.31848 F2400
G92 E0
G1 X113.056 Y91.201 F7800
G1 E2 F2400
;TYPE:Perimeter
G1 F1200
G1 X113.056 Y87.794 E2.16386
G1 X113.621 Y87.794 E2.19103
G1 X114.172 Y89.89 E2.29527
G1 X114.325 Y90.256 E2.31435
G1 X114.762 Y91.201 E2.36443
G1 X113.116 Y91.201 E2.4436
G1 X112.67 Y91.587 F7800
G1 F1200
G1 X112.67 Y87.408 E2.6446
G1 X113.919 Y87.408 E2.70467
G1 X114.545 Y89.792 E2.82322
G1 X114.675 Y90.094 E2.83903
G1 X115.366 Y91.587 E2.91816
G1 X112.73 Y91.587 E3.04494
G1 X112.285 Y91.973 F7800
;TYPE:External perimeter
G1 F1200
G1 X112.285 Y87.117 E3.2785
;TYPE:Overhang perimeter
;WIDTH:0.4
;HEIGHT:0.4
M106 S255
G1 X112.285 Y87.022 E3.28346
G1 X114.216 Y87.022 E3.38434
G1 X114.241 Y87.117 E3.38947
M106 S224.4
;TYPE:External perimeter
;WIDTH:0.45
;HEIGHT:0.3
G1 X114.918 Y89.694 E3.51762
G1 X115.025 Y89.932 E3.53017
G1 X115.969 Y91.973 E3.63833
G1 X112.345 Y91.973 E3.81263
G1 X112.285 Y91.577 F7800
G1 E1.81263 F2400
G92 E0
G1 X113.345 Y88.083 F7800
G1 E2 F2400
;TYPE:Solid infill
G1 F1200
G1 X113.404 Y88.105 E2.00303
G1 X113.92 Y90.071 E2.10079
G1 X114.31 Y90.912 E2.14538
G1 X113.345 Y90.912 E2.19179
G1 X113.345 Y88.276 E2.31857
M106 S226.95
;LAYER_CHANGE
;Z:8.15
;HEIGHT:0.3
G1 E.31857 F2400
G92 E0
G1 Z8.15 F7800
G1 X133.068 Y170.966
G1 E2 F2400
;TYPE:Perimeter
G1 X132.992 Y171.089 E2.00695
G1 X132.932 Y171.517 E2.02774
;WIDTH:0.464918
G1 X133.016 Y171.812 E2.04306
G1 X132.453 Y171.812 E2.07119
G1 X132.537 Y171.581 E2.08347
G1 X132.477 Y171.089 E2.10823
;WIDTH:0.45
G1 X132.286 Y170.781 E2.12566
;WIDTH:0.490238
G1 X132.109 Y170.683 E2.13641
;WIDTH:0.530477
G1 X131.931 Y170.585 E2.14822
;WIDTH:0.570715
G1 X131.754 Y170.487 E2.161
;WIDTH:0.610954
G1 X131.576 Y170.389 E2.17485
G1 X113.136 Y170.389 E3.43193
G1 X113.136 Y169.842 E3.46922
G1 X131.576 Y169.842 E4.7263
G1 X131.866 Y169.822 E4.74612
;WIDTH:0.570715
G1 X132.155 Y169.802 E4.76441
;WIDTH:0.530477
G1 X132.445 Y169.782 E4.78131
;WIDTH:0.490238
G1 X132.735 Y169.762 E4.79675
G1 X133.024 Y169.782 E4.81214
;WIDTH:0.530477
G1 X133.314 Y169.802 E4.82904
;WIDTH:0.570715
G1 X133.603 Y169.822 E4.84733
;WIDTH:0.610954
G1 X133.893 Y169.842 E4.86715
G1 X152.333 Y169.842 E6.12423
G1 X152.333 Y170.389 E6.16152
G1 X133.726 Y170.389 E7.42999
G1 X133.59 Y170.487 E7.44142
;WIDTH:0.570715
G1 X133.454 Y170.585 E7.45201
;WIDTH:0.530477
G1 X133.318 Y170.683 E7.46176
;WIDTH:0.490238
G1 X133.183 Y170.781 E7.47062
;WIDTH:0.45
G1 X133.1 Y170.915 E7.4782
G1 X133.399 Y171.152 F7800
G1 F2400
G1 X133.352 Y171.227 E7.48246
G1 X133.316 Y171.484 E7.49494
G1 X133.397 Y171.731 E7.50744
G1 X133.681 Y172.205 E7.53402
G1 X131.788 Y172.205 E7.62507
G1 X132.072 Y171.731 E7.65165
G1 X132.148 Y171.521 E7.66239
G1 X132.117 Y171.227 E7.67661
G1 X132.002 Y171.042 E7.68709
G1 X131.576 Y170.855 E7.70947
G1 X112.67 Y170.855 E8.61878
G1 X112.67 Y169.376 E8.68991
G1 X152.799 Y169.376 E10.61998
G1 X152.799 Y170.855 E10.69111
G1 X133.809 Y170.855 E11.60446
G1 X133.467 Y171.042 E11.62321
G1 X133.43 Y171.101 E11.62656
G1 X133.742 Y171.34 F7800
;TYPE:External perimeter
G1 F1500
G1 X133.713 Y171.364 E11.62837
G1 X133.727 Y171.532 E11.63648
G1 X134.362 Y172.59 E11.69583
G1 X131.107 Y172.59 E11.85238
G1 X131.773 Y171.481 E11.9146
G1 X131.718 Y171.303 E11.92356
G1 X131.576 Y171.24 E11.93103
G1 X112.285 Y171.24 E12.85886
G1 X112.285 Y168.99 E12.96708
G1 X153.185 Y168.99 E14.93423
G1 X153.185 Y171.24 E15.04245
G1 X133.863 Y171.24 E15.97177
G1 X133.788 Y171.302 E15.97645
G1 X133.827 Y171.7 F7800
G1 E13.97645 F2400
G92 E0
G1 X132.029 Y170.213 F7800
G1 E2 F2400
;TYPE:Solid infill
;WIDTH:0.57457
G1 F1200
G1 X132.731 Y170.115 E2.0451
G1 X133.304 Y170.221 E2.08218
G1 X132.95 Y170.52 E2.11167
G1 X132.735 Y170.844 E2.13641
G1 X132.494 Y170.504 E2.16293
G1 X132.193 Y170.315 E2.18555
G1 E.18555 F2400
G92 E0
G1 X152.413 Y90.682 F7800
G1 E2 F2400
;TYPE:Perimeter
;WIDTH:0.45
G1 F1200
G1 X151.027 Y90.682 E2.06666
G1 X151.297 Y90.063 E2.09914
G1 X152.03 Y87.274 E2.23784
G1 X152.413 Y87.274 E2.25626
G1 X152.413 Y90.622 E2.41729
G1 X152.799 Y91.067 F7800
G1 F1200
G1 X150.424 Y91.067 E2.53152
G1 X150.911 Y90.015 E2.58728
G1 X151.732 Y86.889 E2.74273
G1 X152.799 Y86.889 E2.79405
G1 X152.799 Y91.007 E2.99211
G1 X153.185 Y91.453 F7800
;TYPE:External perimeter
G1 F1200
G1 X149.821 Y91.453 E3.15391
G1 X150.547 Y89.884 E3.23706
G1 X151.41 Y86.598 E3.40046
;TYPE:Overhang perimeter
;WIDTH:0.4
;HEIGHT:0.4
M106 S255
G1 X151.435 Y86.503 E3.40559
G1 X153.185 Y86.503 E3.49702
G1 X153.185 Y86.597 E3.50193
M106 S226.95
;TYPE:External perimeter
;WIDTH:0.45
;HEIGHT:0.3
G1 X153.185 Y91.393 E3.7326
G1 X152.789 Y91.452 F7800
G1 X151.615 Y90.14
;TYPE:Solid infill
;WIDTH:0.524693
G1 F1200
G1 X152.087 Y88.343 E3.83927
G1 X152.087 Y90.355 E3.95478
G1 X151.529 Y90.355 E3.98682
G1 X151.543 Y90.319 E3.98904
G1 E1.98904 F2400
G92 E0
G1 X113.056 Y90.682 F7800
G1 E2 F2400
;TYPE:Perimeter
;WIDTH:0.45
G1 F1200
G1 X113.056 Y87.274 E2.16391
G1 X113.439 Y87.274 E2.18233
G1 X114.193 Y90.146 E2.32514
G1 X114.442 Y90.682 E2.35357
G1 X113.116 Y90.682 E2.41735
G1 X112.67 Y91.067 F7800
G1 F1200
G1 X112.67 Y86.889 E2.6183
G1 X113.737 Y86.889 E2.66962
G1 X114.558 Y90.015 E2.82507
G1 X115.045 Y91.067 E2.88083
G1 X112.73 Y91.067 E2.99217
G1 X112.285 Y91.453 F7800
;TYPE:External perimeter
G1 F1200
G1 X112.285 Y86.597 E3.22573
;TYPE:Overhang perimeter
;WIDTH:0.4
;HEIGHT:0.4
M106 S255
G1 X112.285 Y86.503 E3.23064
G1 X114.034 Y86.503 E3.32202
G1 X114.059 Y86.597 E3.3271
M106 S226.95
;TYPE:External perimeter
;WIDTH:0.45
;HEIGHT:0.3
G1 X114.922 Y89.884 E3.49055
G1 X115.648 Y91.453 E3.5737
G1 X112.345 Y91.453 E3.73256
G1 X112.285 Y91.057 F7800
G1 E1.73256 F2400
G92 E0
G1 X113.382 Y88.343 F7800
G1 E2 F2400
;TYPE:Solid infill
;WIDTH:0.524693
G1 F1200
G1 X113.835 Y90.066 E2.10228
G1 X113.94 Y90.355 E2.11993
G1 X113.382 Y90.355 E2.15197
G1 X113.382 Y88.536 E2.2564
;LAYER_CHANGE
;Z:8.45
;HEIGHT:0.3
G1 E.2564 F2400
G92 E0
G1 Z8.45 F7800
G1 X133.068 Y170.966
G1 E2 F2400
;TYPE:Perimeter
;WIDTH:0.45
G1 X132.992 Y171.089 E2.00695
G1 X132.932 Y171.517 E2.02774
;WIDTH:0.464918
G1 X133.016 Y171.812 E2.04306
G1 X132.453 Y171.812 E2.07119
G1 X132.537 Y171.581 E2.08347
G1 X132.477 Y171.089 E2.10823
;WIDTH:0.45
G1 X132.286 Y170.781 E2.12566
;WIDTH:0.490238
G1 X132.109 Y170.683 E2.13641
;WIDTH:0.530477
G1 X131.931 Y170.585 E2.14822
;WIDTH:0.570715
G1 X131.754 Y170.487 E2.161
;WIDTH:0.610954
G1 X131.576 Y170.389 E2.17485
G1 X113.136 Y170.389 E3.43193
G1 X113.136 Y169.842 E3.46922
G1 X131.576 Y169.842 E4.7263
G1 X131.866 Y169.822 E4.74612
;WIDTH:0.570715
G1 X132.155 Y169.802 E4.76441
;WIDTH:0.530477
G1 X132.445 Y169.782 E4.78131
;WIDTH:0.490238
G1 X132.735 Y169.762 E4.79675
G1 X133.024 Y169.782 E4.81214
;WIDTH:0.530477
G1 X133.314 Y169.802 E4.82904
;WIDTH:0.570715
G1 X133.603 Y169.822 E4.84733
;WIDTH:0.610954
G1 X133.893 Y169.842 E4.86715
G1 X152.333 Y169.842 E6.12423
G1 X152.333 Y170.389 E6.16152
G1 X133.726 Y170.389 E7.42999
G1 X133.59 Y170.487 E7.44142
;WIDTH:0.570715
G1 X133.454 Y170.585 E7.45201
;WIDTH:0.530477
G1 X133.318 Y170.683 E7.46176
;WIDTH:0.490238
G1 X133.183 Y170.781 E7.47062
;WIDTH:0.45
G1 X133.1 Y170.915 E7.4782
G1 X133.399 Y171.152 F7800
G1 F2400
G1 X133.352 Y171.227 E7.48246
G1 X133.316 Y171.484 E7.49494
G1 X133.397 Y171.731 E7.50744
G1 X133.681 Y172.205 E7.53402
G1 X131.788 Y172.205 E7.62507
G1 X132.072 Y171.731 E7.65165
G1 X132.148 Y171.521 E7.66239
G1 X132.117 Y171.227 E7.67661
G1 X132.002 Y171.042 E7.68709
G1 X131.576 Y170.855 E7.70947
G1 X112.67 Y170.855 E8.61878
G1 X112.67 Y169.376 E8.68991
G1 X152.799 Y169.376 E10.61998
G1 X152.799 Y170.855 E10.69111
G1 X133.809 Y170.855 E11.60446
G1 X133.467 Y171.042 E11.62321
G1 X133.43 Y171.101 E11.62656
G1 X133.742 Y171.34 F7800
;TYPE:External perimeter
G1 F1500
G1 X133.713 Y171.364 E11.62837
G1 X133.727 Y171.532 E11.63648
G1 X134.362 Y172.59 E11.69583
G1 X131.107 Y172.59 E11.85238
G1 X131.773 Y171.481 E11.9146
G1 X131.718 Y171.303 E11.92356
G1 X131.576 Y171.24 E11.93103
G1 X112.285 Y171.24 E12.85886
G1 X112.285 Y168.99 E12.96708
G1 X153.185 Y168.99 E14.93423
G1 X153.185 Y171.24 E15.04245
G1 X133.863 Y171.24 E15.97177
G1 X133.788 Y171.302 E15.97645
G1 X133.827 Y171.7 F7800
G1 X132.731 Y170.115
;TYPE:Solid infill
;WIDTH:0.57457
G1 F1200
G1 X133.304 Y170.221 E16.01353
G1 X132.95 Y170.52 E16.04302
G1 X132.735 Y170.844 E16.06776
G1 X132.494 Y170.504 E16.09428
G1 X132.029 Y170.213 E16.12919
G1 X132.54 Y170.142 E16.16202
G1 E14.16202 F2400
G92 E0
G1 X152.413 Y90.162 F7800
G1 E2 F2400
;TYPE:Perimeter
;WIDTH:0.45
G1 F1200
G1 X151.317 Y90.162 E2.05271
G1 X152.168 Y86.923 E2.21378
G1 X152.413 Y86.923 E2.22556
G1 X152.413 Y90.102 E2.37846
G1 X152.799 Y90.548 F7800
G1 F1200
G1 X150.745 Y90.548 E2.47725
G1 X150.924 Y90.138 E2.49877
G1 X151.87 Y86.537 E2.67784
G1 X152.799 Y86.537 E2.72252
G1 X152.799 Y90.488 E2.91255
G1 X153.185 Y90.933 F7800
;TYPE:External perimeter
G1 F1200
G1 X150.141 Y90.933 E3.05896
G1 X150.551 Y90.04 E3.10622
G1 X151.573 Y86.152 E3.29957
G1 X153.185 Y86.152 E3.3771
G1 X153.185 Y90.873 E3.60416
G1 X152.789 Y90.933 F7800
G1 E1.60416 F2400
G92 E0
G1 X152.126 Y88.357 F7800
G1 E2 F2400
;TYPE:Solid infill
;WIDTH:0.445445
G1 F1200
G1 X152.126 Y89.875 E2.07215
G1 X151.689 Y89.875 E2.09292
G1 X152.046 Y88.514 E2.15979
G1 E.15979 F2400
G92 E0
G1 X113.056 Y90.162 F7800
G1 E2 F2400
;TYPE:Perimeter
;WIDTH:0.45
G1 F1200
G1 X113.056 Y86.923 E2.15578
G1 X113.301 Y86.923 E2.16756
G1 X114.152 Y90.162 E2.32863
G1 X113.116 Y90.162 E2.37846
G1 X112.67 Y90.548 F7800
G1 F1200
G1 X112.67 Y86.537 E2.57138
G1 X113.599 Y86.537 E2.61606
G1 X114.545 Y90.138 E2.79513
G1 X114.724 Y90.548 E2.81665
G1 X112.73 Y90.548 E2.91255
G1 X112.285 Y90.933 F7800
;TYPE:External perimeter
G1 F1200
G1 X112.285 Y86.152 E3.1425
G1 X113.896 Y86.152 E3.21998
G1 X114.929 Y90.072 E3.41495
G1 X115.328 Y90.933 E3.46059
G1 X112.345 Y90.933 E3.60406
G1 X112.285 Y90.538 F7800
G1 E1.60406 F2400
G92 E0
G1 X113.38 Y88.353 F7800
G1 E2 F2400
;TYPE:Solid infill
;WIDTH:0.445445
G1 F1200
G1 X113.78 Y89.875 E2.07479
G1 X113.343 Y89.875 E2.09556
G1 X113.343 Y88.525 E2.15972
M106 S229.5
;LAYER_CHANGE
;Z:8.75
;HEIGHT:0.3
G1 E.15972 F2400
G92 E0
G1 Z8.75 F7800
G1 X133.068 Y170.966
G1 E2 F2400
;TYPE:Perimeter
;WIDTH:0.45
G1 X132.992 Y171.089 E2.00695
G1 X132.932 Y171.517 E2.02774
;WIDTH:0.464918
G1 X133.016 Y171.812 E2.04306
G1 X132.453 Y171.812 E2.07119
G1 X132.537 Y171.581 E2.08347
G1 X132.477 Y171.089 E2.10823
;WIDTH:0.45
G1 X132.286 Y170.781 E2.12566
;WIDTH:0.490238
G1 X132.109 Y170.683 E2.13641
;WIDTH:0.530477
G1 X131.931 Y170.585 E2.14822
;WIDTH:0.570715
G1 X131.754 Y170.487 E2.161
;WIDTH:0.610954
G1 X131.576 Y170.389 E2.17485
G1 X113.136 Y170.389 E3.43193
G1 X113.136 Y169.842 E3.46922
G1 X131.576 Y169.842 E4.7263
G1 X131.866 Y169.822 E4.74612
;WIDTH:0.570715
G1 X132.155 Y169.802 E4.76441
;WIDTH:0.530477
G1 X132.445 Y169.782 E4.78131
;WIDTH:0.490238
G1 X132.735 Y169.762 E4.79675
G1 X133.024 Y169.782 E4.81214
;WIDTH:0.530477
G1 X133.314 Y169.802 E4.82904
;WIDTH:0.570715
G1 X133.603 Y169.822 E4.84733
;WIDTH:0.610954
G1 X133.893 Y169.842 E4.86715
G1 X152.333 Y169.842 E6.12423
G1 X152.333 Y170.389 E6.16152
G1 X133.726 Y170.389 E7.42999
G1 X133.59 Y170.487 E7.44142
;WIDTH:0.570715
G1 X133.454 Y170.585 E7.45201
;WIDTH:0.530477
G1 X133.318 Y170.683 E7.46176
;WIDTH:0.490238
G1 X133.183 Y170.781 E7.47062
;WIDTH:0.45
G1 X133.1 Y170.915 E7.4782
G1 X133.399 Y171.152 F7800
G1 F2400
G1 X133.352 Y171.227 E7.48246
G1 X133.316 Y171.484 E7.49494
G1 X133.397 Y171.731 E7.50744
G1 X133.681 Y172.205 E7.53402
G1 X131.788 Y172.205 E7.62507
G1 X132.072 Y171.731 E7.65165
G1 X132.148 Y171.521 E7.66239
G1 X132.117 Y171.227 E7.67661
G1 X132.002 Y171.042 E7.68709
G1 X131.576 Y170.855 E7.70947
G1 X112.67 Y170.855 E8.61878
G1 X112.67 Y169.376 E8.68991
G1 X152.799 Y169.376 E10.61998
G1 X152.799 Y170.855 E10.69111
G1 X133.809 Y170.855 E11.60446
G1 X133.467 Y171.042 E11.62321
G1 X133.43 Y171.101 E11.62656
G1 X133.742 Y171.34 F7800
;TYPE:External perimeter
G1 F1500
G1 X133.713 Y171.364 E11.62837
G1 X133.727 Y171.532 E11.63648
G1 X134.362 Y172.59 E11.69583
G1 X131.107 Y172.59 E11.85238
G1 X131.773 Y171.481 E11.9146
G1 X131.718 Y171.303 E11.92356
G1 X131.576 Y171.24 E11.93103
G1 X112.285 Y171.24 E12.85886
G1 X112.285 Y168.99 E12.96708
G1 X153.185 Y168.99 E14.93423
G1 X153.185 Y171.24 E15.04245
G1 X133.863 Y171.24 E15.97177
G1 X133.788 Y171.302 E15.97645
G1 X133.827 Y171.7 F7800
G1 E13.97645 F2400
G92 E0
G1 X132.029 Y170.213 F7800
G1 E2 F2400
;TYPE:Solid infill
;WIDTH:0.57457
G1 F1200
G1 X132.731 Y170.115 E2.0451
G1 X133.304 Y170.221 E2.08218
G1 X132.95 Y170.52 E2.11167
G1 X132.735 Y170.844 E2.13641
G1 X132.494 Y170.504 E2.16293
G1 X132.193 Y170.315 E2.18555
G1 E.18555 F2400
G92 E0
G1 X152.413 Y89.642 F7800
G1 E2 F2400
;TYPE:Perimeter
;WIDTH:0.45
G1 F1200
G1 X151.499 Y89.642 E2.04396
G1 X152.168 Y87.096 E2.17057
G1 X152.413 Y87.096 E2.18235
G1 X152.413 Y89.582 E2.30192
G1 X152.799 Y90.028 F7800
G1 F1200
G1 X150.999 Y90.028 E2.38849
G1 X151.87 Y86.711 E2.55343
G1 X152.799 Y86.711 E2.59811
G1 X152.799 Y89.968 E2.75476
G1 X153.185 Y90.414 F7800
;TYPE:External perimeter
G1 F1200
G1 X150.462 Y90.414 E2.88573
G1 X150.551 Y90.213 E2.8963
G1 X151.573 Y86.325 E3.08965
G1 X153.185 Y86.325 E3.16718
G1 X153.185 Y90.354 E3.36096
G1 X152.789 Y90.413 F7800
G1 X151.819 Y89.395
;TYPE:Solid infill
;WIDTH:0.366195
G1 F1200
G1 X152.059 Y88.482 E3.3965
G1 X152.166 Y88.496 E3.40056
G1 X152.166 Y89.395 E3.4344
G1 X152.012 Y89.395 E3.4402
G1 E1.4402 F2400
G92 E0
G1 X113.056 Y89.642 F7800
G1 E2 F2400
;TYPE:Perimeter
;WIDTH:0.45
G1 F1200
G1 X113.056 Y87.096 E2.12245
G1 X113.301 Y87.096 E2.13423
G1 X113.97 Y89.642 E2.26084
G1 X113.116 Y89.642 E2.30191
G1 X112.67 Y90.028 F7800
G1 F1200
G1 X112.67 Y86.711 E2.46145
G1 X113.599 Y86.711 E2.50613
G1 X114.47 Y90.028 E2.67107
G1 X112.73 Y90.028 E2.75476
G1 X112.285 Y90.414 F7800
;TYPE:External perimeter
G1 F1200
G1 X112.285 Y86.325 E2.95143
G1 X113.896 Y86.325 E3.02891
G1 X114.918 Y90.213 E3.22226
G1 X115.007 Y90.414 E3.23283
G1 X112.345 Y90.414 E3.36086
G1 X112.285 Y90.018 F7800
G1 X113.303 Y89.395
;TYPE:Solid infill
;WIDTH:0.366194
G1 F1200
G1 X113.303 Y88.496 E3.3947
G1 X113.41 Y88.482 E3.39876
G1 X113.65 Y89.395 E3.4343
G1 X113.496 Y89.395 E3.4401
M106 S232.05
;LAYER_CHANGE
;Z:9.05
;HEIGHT:0.3
G1 E1.4401 F2400
G92 E0
G1 Z9.05 F7800
G1 X133.068 Y170.966
G1 E2 F2400
;TYPE:Perimeter
;WIDTH:0.45
G1 X132.992 Y171.089 E2.00695
G1 X132.932 Y171.517 E2.02774
;WIDTH:0.464918
G1 X133.016 Y171.812 E2.04306
G1 X132.453 Y171.812 E2.07119
G1 X132.537 Y171.581 E2.08347
G1 X132.477 Y171.089 E2.10823
;WIDTH:0.45
G1 X132.286 Y170.781 E2.12566
;WIDTH:0.490238
G1 X132.109 Y170.683 E2.13641
;WIDTH:0.530477
G1 X131.931 Y170.585 E2.14822
;WIDTH:0.570715
G1 X131.754 Y170.487 E2.161
;WIDTH:0.610954
G1 X131.576 Y170.389 E2.17485
G1 X113.136 Y170.389 E3.43193
G1 X113.136 Y169.842 E3.46922
G1 X131.576 Y169.842 E4.7263
G1 X131.866 Y169.822 E4.74612
;WIDTH:0.570715
G1 X132.155 Y169.802 E4.76441
;WIDTH:0.530477
G1 X132.445 Y169.782 E4.78131
;WIDTH:0.490238
G1 X132.735 Y169.762 E4.79675
G1 X133.024 Y169.782 E4.81214
;WIDTH:0.530477
G1 X133.314 Y169.802 E4.82904
;WIDTH:0.570715
G1 X133.603 Y169.822 E4.84733
;WIDTH:0.610954
G1 X133.893 Y169.842 E4.86715
G1 X152.333 Y169.842 E6.12423
G1 X152.333 Y170.389 E6.16152
G1 X133.726 Y170.389 E7.42999
G1 X133.59 Y170.487 E7.44142
;WIDTH:0.570715
G1 X133.454 Y170.585 E7.45201
;WIDTH:0.530477
G1 X133.318 Y170.683 E7.46176
;WIDTH:0.490238
G1 X133.183 Y170.781 E7.47062
;WIDTH:0.45
G1 X133.1 Y170.915 E7.4782
G1 X133.399 Y171.152 F7800
G1 F2400
G1 X133.352 Y171.227 E7.48246
G1 X133.316 Y171.484 E7.49494
G1 X133.397 Y171.731 E7.50744
G1 X133.681 Y172.205 E7.53402
G1 X131.788 Y172.205 E7.62507
G1 X132.072 Y171.731 E7.65165
G1 X132.148 Y171.521 E7.66239
G1 X132.117 Y171.227 E7.67661
G1 X132.002 Y171.042 E7.68709
G1 X131.576 Y170.855 E7.70947
G1 X112.67 Y170.855 E8.61878
G1 X112.67 Y169.376 E8.68991
G1 X152.799 Y169.376 E10.61998
G1 X152.799 Y170.855 E10.69111
G1 X133.809 Y170.855 E11.60446
G1 X133.467 Y171.042 E11.62321
G1 X133.43 Y171.101 E11.62656
G1 X133.742 Y171.34 F7800
;TYPE:External perimeter
G1 F1500
G1 X133.713 Y171.364 E11.62837
G1 X133.727 Y171.532 E11.63648
G1 X134.362 Y172.59 E11.69583
G1 X131.107 Y172.59 E11.85238
G1 X131.773 Y171.481 E11.9146
G1 X131.718 Y171.303 E11.92356
G1 X131.576 Y171.24 E11.93103
G1 X112.285 Y171.24 E12.85886
G1 X112.285 Y168.99 E12.96708
G1 X153.185 Y168.99 E14.93423
G1 X153.185 Y171.24 E15.04245
G1 X133.863 Y171.24 E15.97177
G1 X133.788 Y171.302 E15.97645
G1 X133.827 Y171.7 F7800
G1 X132.731 Y170.115
;TYPE:Solid infill
;WIDTH:0.57456
G1 F1200
G1 X133.304 Y170.221 E16.01353
G1 X132.95 Y170.52 E16.04302
G1 X132.735 Y170.844 E16.06776
G1 X132.494 Y170.504 E16.09428
G1 X132.029 Y170.213 E16.12919
G1 X132.54 Y170.142 E16.16202
G1 E14.16202 F2400
G92 E0
G1 X152.35 Y89.06 F7800
G1 E2 F2400
;TYPE:Perimeter
;WIDTH:0.57615
G1 F1200
G1 X151.763 Y89.06 E2.03747
G1 X152.216 Y87.333 E2.15143
G1 X152.35 Y87.333 E2.15998
G1 X152.35 Y89 E2.26639
G1 X152.799 Y89.508 F7800
;WIDTH:0.45
G1 F1200
G1 X151.181 Y89.508 E2.34421
G1 X151.87 Y86.884 E2.47469
G1 X152.799 Y86.884 E2.51937
G1 X152.799 Y89.448 E2.64269
G1 X153.185 Y89.894 F7800
;TYPE:External perimeter
G1 F1200
G1 X150.681 Y89.894 E2.76312
G1 X151.573 Y86.498 E2.932
G1 X153.185 Y86.498 E3.00953
G1 X153.185 Y89.834 E3.16998
G1 X152.789 Y89.893 F7800
G1 E1.16998 F2400
G92 E0
G1 X113.119 Y89.06 F7800
G1 E2 F2400
;TYPE:Perimeter
;WIDTH:0.57615
G1 F1200
G1 X113.119 Y87.333 E2.11024
G1 X113.253 Y87.333 E2.11879
G1 X113.706 Y89.06 E2.23275
G1 X113.179 Y89.06 E2.26639
G1 X112.67 Y89.508 F7800
;WIDTH:0.45
G1 F1200
G1 X112.67 Y86.884 E2.3926
G1 X113.599 Y86.884 E2.43728
G1 X114.288 Y89.508 E2.56776
G1 X112.73 Y89.508 E2.64269
G1 X112.285 Y89.894 F7800
;TYPE:External perimeter
G1 F1200
G1 X112.285 Y86.498 E2.80603
G1 X113.896 Y86.498 E2.88351
G1 X114.788 Y89.894 E3.05239
G1 X112.345 Y89.894 E3.16989
G1 X112.285 Y89.498 F7800
;LAYER_CHANGE
;Z:9.35
;HEIGHT:0.3
G1 E1.16989 F2400
G92 E0
G1 Z9.35 F7800
G1 X133.068 Y170.966
G1 E2 F2400
;TYPE:Perimeter
G1 X132.992 Y171.089 E2.00695
G1 X132.932 Y171.517 E2.02774
;WIDTH:0.464918
G1 X133.016 Y171.812 E2.04306
G1 X132.453 Y171.812 E2.07119
G1 X132.537 Y171.581 E2.08347
G1 X132.477 Y171.089 E2.10823
;WIDTH:0.45
G1 X132.286 Y170.781 E2.12566
;WIDTH:0.490238
G1 X132.109 Y170.683 E2.13641
;WIDTH:0.530477
G1 X131.931 Y170.585 E2.14822
;WIDTH:0.570715
G1 X131.754 Y170.487 E2.161
;WIDTH:0.610954
G1 X131.576 Y170.389 E2.17485
G1 X113.136 Y170.389 E3.43193
G1 X113.136 Y169.842 E3.46922
G1 X131.576 Y169.842 E4.7263
G1 X131.866 Y169.822 E4.74612
;WIDTH:0.570715
G1 X132.155 Y169.802 E4.76441
;WIDTH:0.530477
G1 X132.445 Y169.782 E4.78131
;WIDTH:0.490238
G1 X132.735 Y169.762 E4.79675
G1 X133.024 Y169.782 E4.81214
;WIDTH:0.530477
G1 X133.314 Y169.802 E4.82904
;WIDTH:0.570715
G1 X133.603 Y169.822 E4.84733
;WIDTH:0.610954
G1 X133.893 Y169.842 E4.86715
G1 X152.333 Y169.842 E6.12423
G1 X152.333 Y170.389 E6.16152
G1 X133.726 Y170.389 E7.42999
G1 X133.59 Y170.487 E7.44142
;WIDTH:0.570715
G1 X133.454 Y170.585 E7.45201
;WIDTH:0.530477
G1 X133.318 Y170.683 E7.46176
;WIDTH:0.490238
G1 X133.183 Y170.781 E7.47062
;WIDTH:0.45
G1 X133.1 Y170.915 E7.4782
G1 X133.399 Y171.152 F7800
G1 F2400
G1 X133.352 Y171.227 E7.48246
G1 X133.316 Y171.484 E7.49494
G1 X133.397 Y171.731 E7.50744
G1 X133.681 Y172.205 E7.53402
G1 X131.788 Y172.205 E7.62507
G1 X132.072 Y171.731 E7.65165
G1 X132.148 Y171.521 E7.66239
G1 X132.117 Y171.227 E7.67661
G1 X132.002 Y171.042 E7.68709
G1 X131.576 Y170.855 E7.70947
G1 X112.67 Y170.855 E8.61878
G1 X112.67 Y169.376 E8.68991
G1 X152.799 Y169.376 E10.61998
G1 X152.799 Y170.855 E10.69111
G1 X133.809 Y170.855 E11.60446
G1 X133.467 Y171.042 E11.62321
G1 X133.43 Y171.101 E11.62656
G1 X133.742 Y171.34 F7800
;TYPE:External perimeter
G1 F1500
G1 X133.713 Y171.364 E11.62837
G1 X133.727 Y171.532 E11.63648
G1 X134.362 Y172.59 E11.69583
G1 X131.107 Y172.59 E11.85238
G1 X131.773 Y171.481 E11.9146
G1 X131.718 Y171.303 E11.92356
G1 X131.576 Y171.24 E11.93103
G1 X112.285 Y171.24 E12.85886
G1 X112.285 Y168.99 E12.96708
G1 X153.185 Y168.99 E14.93423
G1 X153.185 Y171.24 E15.04245
G1 X133.863 Y171.24 E15.97177
G1 X133.788 Y171.302 E15.97645
G1 X133.827 Y171.7 F7800
G1 E13.97645 F2400
G92 E0
G1 X132.029 Y170.213 F7800
G1 E2 F2400
;TYPE:Solid infill
;WIDTH:0.57456
G1 F1200
G1 X132.731 Y170.115 E2.0451
G1 X133.304 Y170.221 E2.08218
G1 X132.95 Y170.52 E2.11167
G1 X132.735 Y170.844 E2.13641
G1 X132.494 Y170.504 E2.16293
G1 X132.193 Y170.315 E2.18555
G1 E.18555 F2400
G92 E0
G1 X152.39 Y88.58 F7800
G1 E2 F2400
;TYPE:Perimeter
;WIDTH:0.4969
G1 F1200
G1 X151.893 Y88.58 E2.02681
G1 X152.186 Y87.466 E2.08895
G1 X152.39 Y87.466 E2.09996
G1 X152.39 Y88.52 E2.15682
G1 X152.799 Y88.989 F7800
;WIDTH:0.45
G1 F1200
G1 X151.363 Y88.989 E2.22589
G1 X151.87 Y87.057 E2.32196
G1 X152.799 Y87.057 E2.36664
G1 X152.799 Y88.929 E2.45668
G1 X153.185 Y89.374 F7800
;TYPE:External perimeter
G1 F1200
G1 X150.863 Y89.374 E2.56836
G1 X151.573 Y86.671 E2.70278
G1 X153.185 Y86.671 E2.78031
G1 X153.185 Y89.314 E2.90743
G1 X152.789 Y89.374 F7800
G1 E.90743 F2400
G92 E0
G1 X113.079 Y88.58 F7800
G1 E2 F2400
;TYPE:Perimeter
;WIDTH:0.496902
G1 F1200
G1 X113.079 Y87.466 E2.0601
G1 X113.283 Y87.466 E2.07111
G1 X113.576 Y88.58 E2.13325
G1 X113.139 Y88.58 E2.15682
G1 X112.67 Y88.989 F7800
;WIDTH:0.45
G1 F1200
G1 X112.67 Y87.057 E2.24974
G1 X113.599 Y87.057 E2.29442
G1 X114.106 Y88.989 E2.39049
G1 X112.73 Y88.989 E2.45667
G1 X112.285 Y89.374 F7800
;TYPE:External perimeter
G1 F1200
G1 X112.285 Y86.671 E2.58667
G1 X113.896 Y86.671 E2.66415
G1 X114.606 Y89.374 E2.79857
G1 X112.345 Y89.374 E2.90732
G1 X112.285 Y88.979 F7800
M106 S234.6
;LAYER_CHANGE
;Z:9.65
;HEIGHT:0.299999
G1 E.90732 F2400
G92 E0
G1 Z9.65 F7800
G1 X133.068 Y170.966
G1 E2 F2400
;TYPE:Perimeter
G1 X132.992 Y171.089 E2.00695
G1 X132.932 Y171.517 E2.02774
;WIDTH:0.464919
G1 X133.016 Y171.812 E2.04306
G1 X132.453 Y171.812 E2.07119
G1 X132.537 Y171.581 E2.08347
G1 X132.477 Y171.089 E2.10823
;WIDTH:0.45
G1 X132.286 Y170.781 E2.12566
;WIDTH:0.490238
G1 X132.109 Y170.683 E2.13641
;WIDTH:0.530476
G1 X131.931 Y170.585 E2.14822
;WIDTH:0.570714
G1 X131.754 Y170.487 E2.161
;WIDTH:0.610952
G1 X131.576 Y170.389 E2.17485
G1 X113.136 Y170.389 E3.43193
G1 X113.136 Y169.842 E3.46922
G1 X131.576 Y169.842 E4.7263
G1 X131.866 Y169.822 E4.74612
;WIDTH:0.570714
G1 X132.155 Y169.802 E4.76441
;WIDTH:0.530476
G1 X132.445 Y169.782 E4.78131
;WIDTH:0.490238
G1 X132.735 Y169.762 E4.79675
G1 X133.024 Y169.782 E4.81214
;WIDTH:0.530477
G1 X133.314 Y169.802 E4.82904
;WIDTH:0.570715
G1 X133.603 Y169.822 E4.84733
;WIDTH:0.610954
G1 X133.893 Y169.842 E4.86715
G1 X152.333 Y169.842 E6.12423
G1 X152.333 Y170.389 E6.16152
G1 X133.726 Y170.389 E7.42999
G1 X133.59 Y170.487 E7.44142
;WIDTH:0.570715
G1 X133.454 Y170.585 E7.45201
;WIDTH:0.530477
G1 X133.318 Y170.683 E7.46176
;WIDTH:0.490238
G1 X133.183 Y170.781 E7.47062
;WIDTH:0.45
G1 X133.1 Y170.915 E7.4782
G1 X133.399 Y171.152 F7800
G1 F2400
G1 X133.352 Y171.227 E7.48246
G1 X133.316 Y171.484 E7.49494
G1 X133.397 Y171.731 E7.50744
G1 X133.681 Y172.205 E7.53402
G1 X131.788 Y172.205 E7.62507
G1 X132.072 Y171.731 E7.65165
G1 X132.148 Y171.521 E7.66239
G1 X132.117 Y171.227 E7.67661
G1 X132.002 Y171.042 E7.68709
G1 X131.576 Y170.855 E7.70947
G1 X112.67 Y170.855 E8.61878
G1 X112.67 Y169.376 E8.68991
G1 X152.799 Y169.376 E10.61998
G1 X152.799 Y170.855 E10.69111
G1 X133.809 Y170.855 E11.60446
G1 X133.467 Y171.042 E11.62321
G1 X133.43 Y171.101 E11.62656
G1 X133.742 Y171.34 F7800
;TYPE:External perimeter
G1 F1500
G1 X133.713 Y171.364 E11.62837
G1 X133.727 Y171.532 E11.63648
G1 X134.362 Y172.59 E11.69583
G1 X131.107 Y172.59 E11.85238
G1 X131.773 Y171.481 E11.9146
G1 X131.718 Y171.303 E11.92356
G1 X131.576 Y171.24 E11.93103
G1 X112.285 Y171.24 E12.85886
G1 X112.285 Y168.99 E12.96708
G1 X153.185 Y168.99 E14.93423
G1 X153.185 Y171.24 E15.04245
G1 X133.863 Y171.24 E15.97177
G1 X133.788 Y171.302 E15.97645
G1 X133.827 Y171.7 F7800
G1 X132.731 Y170.115
;TYPE:Solid infill
;WIDTH:0.57456
G1 F1200
G1 X133.304 Y170.221 E16.01353
G1 X132.95 Y170.52 E16.04302
G1 X132.735 Y170.844 E16.06776
G1 X132.494 Y170.504 E16.09428
G1 X132.029 Y170.213 E16.12919
G1 X132.54 Y170.142 E16.16202
G1 E14.16202 F2400
G92 E0
G1 X152.429 Y88.1 F7800
G1 E2 F2400
;TYPE:Perimeter
;WIDTH:0.41765
G1 F1200
G1 X152.024 Y88.1 E2.01784
G1 X152.155 Y87.6 E2.04061
G1 X152.429 Y87.6 E2.05268
G1 X152.429 Y88.04 E2.07207
G1 X152.799 Y88.469 F7800
;WIDTH:0.45
G1 F1200
G1 X151.545 Y88.469 E2.13238
G1 X151.87 Y87.23 E2.19399
G1 X152.799 Y87.23 E2.23867
G1 X152.799 Y88.409 E2.29538
G1 X153.185 Y88.855 F7800
;TYPE:External perimeter
G1 F1200
G1 X151.045 Y88.855 E2.39831
G1 X151.573 Y86.845 E2.49826
G1 X153.185 Y86.845 E2.57579
G1 X153.185 Y88.795 E2.66958
G1 X152.789 Y88.854 F7800
G1 E.66958 F2400
G92 E0
G1 X113.04 Y88.1 F7800
G1 E2 F2400
;TYPE:Perimeter
;WIDTH:0.417652
G1 F1200
G1 X113.04 Y87.6 E2.02203
G1 X113.314 Y87.6 E2.0341
G1 X113.445 Y88.1 E2.05687
G1 X113.1 Y88.1 E2.07207
G1 X112.67 Y88.469 F7800
;WIDTH:0.45
G1 F1200
G1 X112.67 Y87.23 E2.13166
G1 X113.599 Y87.23 E2.17634
G1 X113.924 Y88.469 E2.23795
G1 X112.73 Y88.469 E2.29538
G1 X112.285 Y88.855 F7800
;TYPE:External perimeter
G1 F1200
G1 X112.285 Y86.845 E2.39205
G1 X113.896 Y86.845 E2.46953
G1 X114.424 Y88.855 E2.56948
G1 X112.345 Y88.855 E2.66947
G1 X112.285 Y88.459 F7800
M106 S237.15
;LAYER_CHANGE
;Z:9.95
;HEIGHT:0.3
G1 E.66947 F2400
G92 E0
G1 Z9.95 F7800
G1 X133.068 Y170.966
G1 E2 F2400
;TYPE:Perimeter
G1 X132.992 Y171.089 E2.00695
G1 X132.932 Y171.517 E2.02774
;WIDTH:0.464918
G1 X133.016 Y171.812 E2.04306
G1 X132.453 Y171.812 E2.07119
G1 X132.537 Y171.581 E2.08347
G1 X132.477 Y171.089 E2.10823
;WIDTH:0.45
G1 X132.286 Y170.781 E2.12566
;WIDTH:0.490238
G1 X132.109 Y170.683 E2.13641
;WIDTH:0.530477
G1 X131.931 Y170.585 E2.14822
;WIDTH:0.570715
G1 X131.754 Y170.487 E2.161
;WIDTH:0.610954
G1 X131.576 Y170.389 E2.17485
G1 X113.136 Y170.389 E3.43193
G1 X113.136 Y169.842 E3.46922
G1 X131.576 Y169.842 E4.7263
G1 X131.866 Y169.822 E4.74612
;WIDTH:0.570715
G1 X132.155 Y169.802 E4.76441
;WIDTH:0.530477
G1 X132.445 Y169.782 E4.78131
;WIDTH:0.490238
G1 X132.735 Y169.762 E4.79675
G1 X133.024 Y169.782 E4.81214
;WIDTH:0.530477
G1 X133.314 Y169.802 E4.82904
;WIDTH:0.570715
G1 X133.603 Y169.822 E4.84733
;WIDTH:0.610954
G1 X133.893 Y169.842 E4.86715
G1 X152.333 Y169.842 E6.12423
G1 X152.333 Y170.389 E6.16152
G1 X133.726 Y170.389 E7.42999
G1 X133.59 Y170.487 E7.44142
;WIDTH:0.570715
G1 X133.454 Y170.585 E7.45201
;WIDTH:0.530477
G1 X133.318 Y170.683 E7.46176
;WIDTH:0.490238
G1 X133.183 Y170.781 E7.47062
;WIDTH:0.45
G1 X133.1 Y170.915 E7.4782
G1 X133.399 Y171.152 F7800
G1 F2400
G1 X133.352 Y171.227 E7.48246
G1 X133.316 Y171.484 E7.49494
G1 X133.397 Y171.731 E7.50744
G1 X133.681 Y172.205 E7.53402
G1 X131.788 Y172.205 E7.62507
G1 X132.072 Y171.731 E7.65165
G1 X132.148 Y171.521 E7.66239
G1 X132.117 Y171.227 E7.67661
G1 X132.002 Y171.042 E7.68709
G1 X131.576 Y170.855 E7.70947
G1 X112.67 Y170.855 E8.61878
G1 X112.67 Y169.376 E8.68991
G1 X152.799 Y169.376 E10.61998
G1 X152.799 Y170.855 E10.69111
G1 X133.809 Y170.855 E11.60446
G1 X133.467 Y171.042 E11.62321
G1 X133.43 Y171.101 E11.62656
G1 X133.742 Y171.34 F7800
;TYPE:External perimeter
G1 F1500
G1 X133.713 Y171.364 E11.62837
G1 X133.727 Y171.532 E11.63648
G1 X134.362 Y172.59 E11.69583
G1 X131.107 Y172.59 E11.85238
G1 X131.773 Y171.481 E11.9146
G1 X131.718 Y171.303 E11.92356
G1 X131.576 Y171.24 E11.93103
G1 X112.285 Y171.24 E12.85886
G1 X112.285 Y168.99 E12.96708
G1 X153.185 Y168.99 E14.93423
G1 X153.185 Y171.24 E15.04245
G1 X133.863 Y171.24 E15.97177
G1 X133.788 Y171.302 E15.97645
G1 X133.827 Y171.7 F7800
G1 E13.97645 F2400
G92 E0
G1 X132.029 Y170.213 F7800
G1 E2 F2400
;TYPE:Solid infill
;WIDTH:0.574561
G1 F1200
G1 X132.731 Y170.115 E2.0451
G1 X133.304 Y170.221 E2.08218
G1 X132.95 Y170.52 E2.11167
G1 X132.735 Y170.844 E2.13641
G1 X132.494 Y170.504 E2.16293
G1 X132.193 Y170.315 E2.18555
G1 E.18555 F2400
G92 E0
G1 X152.759 Y87.909 F7800
G1 E2 F2400
;TYPE:Perimeter
;WIDTH:0.530228
G1 F1200
G1 X151.779 Y87.909 E2.05694
G1 X151.901 Y87.444 E2.08487
G1 X152.759 Y87.444 E2.13472
G1 X152.759 Y87.849 E2.15825
G1 X153.185 Y88.335 F7800
;TYPE:External perimeter
;WIDTH:0.45
G1 F1200
G1 X151.227 Y88.335 E2.25242
G1 X151.573 Y87.018 E2.31791
G1 X153.185 Y87.018 E2.39544
G1 X153.185 Y88.275 E2.4559
G1 X152.789 Y88.335 F7800
G1 E.4559 F2400
G92 E0
G1 X112.71 Y87.909 F7800
G1 E2 F2400
;TYPE:Perimeter
;WIDTH:0.530228
G1 F1200
G1 X112.71 Y87.444 E2.02702
G1 X113.568 Y87.444 E2.07687
G1 X113.69 Y87.909 E2.1048
G1 X112.77 Y87.909 E2.15825
G1 X112.285 Y88.335 F7800
;TYPE:External perimeter
;WIDTH:0.45
G1 F1200
G1 X112.285 Y87.018 E2.22159
G1 X113.896 Y87.018 E2.29907
G1 X114.242 Y88.335 E2.36456
G1 X112.345 Y88.335 E2.4558
G1 X112.285 Y87.94 F7800
;LAYER_CHANGE
;Z:10.25
;HEIGHT:0.3
G1 E.4558 F2400
G92 E0
G1 Z10.25 F7800
G1 X133.068 Y170.966
G1 E2 F2400
;TYPE:Perimeter
G1 X132.992 Y171.089 E2.00695
G1 X132.932 Y171.517 E2.02774
;WIDTH:0.464918
G1 X133.016 Y171.812 E2.04306
G1 X132.453 Y171.812 E2.07119
G1 X132.537 Y171.581 E2.08347
G1 X132.477 Y171.089 E2.10823
;WIDTH:0.45
G1 X132.286 Y170.781 E2.12566
;WIDTH:0.490238
G1 X132.109 Y170.683 E2.13641
;WIDTH:0.530477
G1 X131.931 Y170.585 E2.14822
;WIDTH:0.570715
G1 X131.754 Y170.487 E2.161
;WIDTH:0.610954
G1 X131.576 Y170.389 E2.17485
G1 X113.136 Y170.389 E3.43193
G1 X113.136 Y169.842 E3.46922
G1 X131.576 Y169.842 E4.7263
G1 X131.866 Y169.822 E4.74612
;WIDTH:0.570715
G1 X132.155 Y169.802 E4.76441
;WIDTH:0.530477
G1 X132.445 Y169.782 E4.78131
;WIDTH:0.490238
G1 X132.735 Y169.762 E4.79675
G1 X133.024 Y169.782 E4.81214
;WIDTH:0.530477
G1 X133.314 Y169.802 E4.82904
;WIDTH:0.570715
G1 X133.603 Y169.822 E4.84733
;WIDTH:0.610954
G1 X133.893 Y169.842 E4.86715
G1 X152.333 Y169.842 E6.12423
G1 X152.333 Y170.389 E6.16152
G1 X133.726 Y170.389 E7.42999
G1 X133.59 Y170.487 E7.44142
;WIDTH:0.570715
G1 X133.454 Y170.585 E7.45201
;WIDTH:0.530477
G1 X133.318 Y170.683 E7.46176
;WIDTH:0.490238
G1 X133.183 Y170.781 E7.47062
;WIDTH:0.45
G1 X133.1 Y170.915 E7.4782
G1 X133.399 Y171.152 F7800
G1 F2400
G1 X133.352 Y171.227 E7.48246
G1 X133.316 Y171.484 E7.49494
G1 X133.397 Y171.731 E7.50744
G1 X133.681 Y172.205 E7.53402
G1 X131.788 Y172.205 E7.62507
G1 X132.072 Y171.731 E7.65165
G1 X132.148 Y171.521 E7.66239
G1 X132.117 Y171.227 E7.67661
G1 X132.002 Y171.042 E7.68709
G1 X131.576 Y170.855 E7.70947
G1 X112.67 Y170.855 E8.61878
G1 X112.67 Y169.376 E8.68991
G1 X152.799 Y169.376 E10.61998
G1 X152.799 Y170.855 E10.69111
G1 X133.809 Y170.855 E11.60446
G1 X133.467 Y171.042 E11.62321
G1 X133.43 Y171.101 E11.62656
G1 X133.742 Y171.34 F7800
;TYPE:External perimeter
G1 F1500
G1 X133.713 Y171.364 E11.62837
G1 X133.727 Y171.532 E11.63648
G1 X134.362 Y172.59 E11.69583
G1 X131.107 Y172.59 E11.85238
G1 X131.773 Y171.481 E11.9146
G1 X131.718 Y171.303 E11.92356
G1 X131.576 Y171.24 E11.93103
G1 X112.285 Y171.24 E12.85886
G1 X112.285 Y168.99 E12.96708
G1 X153.185 Y168.99 E14.93423
G1 X153.185 Y171.24 E15.04245
G1 X133.863 Y171.24 E15.97177
G1 X133.788 Y171.302 E15.97645
G1 X133.827 Y171.7 F7800
G1 X132.731 Y170.115
;TYPE:Solid infill
;WIDTH:0.57456
G1 F1200
G1 X133.304 Y170.221 E16.01353
G1 X132.95 Y170.52 E16.04302
G1 X132.735 Y170.844 E16.06776
G1 X132.494 Y170.504 E16.09428
G1 X132.029 Y170.213 E16.12919
G1 X132.54 Y170.142 E16.16202
G1 E14.16202 F2400
G92 E0
G1 X153.125 Y87.756 F7800
G1 E2 F2400
;TYPE:External perimeter
;WIDTH:0.569437
G1 F1200
G1 X151.486 Y87.756 E2.10325
G1 X151.619 Y87.251 E2.13615
G1 X153.125 Y87.251 E2.23102
G1 X153.125 Y87.696 E2.25905
G1 X152.729 Y87.755 F7800
G1 E.25905 F2400
G92 E0
G1 X112.344 Y87.756 F7800
G1 E2 F2400
G1 F1200
G1 X112.344 Y87.251 E2.03181
G1 X113.85 Y87.251 E2.12668
G1 X113.983 Y87.756 E2.15958
G1 X112.404 Y87.756 E2.25905
G1 X112.345 Y87.36 F7800
;LAYER_CHANGE
;Z:10.55
;HEIGHT:0.3
G1 E.25905 F2400
G92 E0
G1 Z10.55 F7800
G1 X133.068 Y170.966
G1 E2 F2400
;TYPE:Perimeter
;WIDTH:0.45
G1 X132.992 Y171.089 E2.00695
G1 X132.932 Y171.517 E2.02774
;WIDTH:0.464918
G1 X133.016 Y171.812 E2.04306
G1 X132.453 Y171.812 E2.07119
G1 X132.537 Y171.581 E2.08347
G1 X132.477 Y171.089 E2.10823
;WIDTH:0.45
G1 X132.286 Y170.781 E2.12566
;WIDTH:0.490238
G1 X132.109 Y170.683 E2.13641
;WIDTH:0.530477
G1 X131.931 Y170.585 E2.14822
;WIDTH:0.570715
G1 X131.754 Y170.487 E2.161
;WIDTH:0.610954
G1 X131.576 Y170.389 E2.17485
G1 X113.136 Y170.389 E3.43193
G1 X113.136 Y169.842 E3.46922
G1 X131.576 Y169.842 E4.7263
G1 X131.866 Y169.822 E4.74612
;WIDTH:0.570715
G1 X132.155 Y169.802 E4.76441
;WIDTH:0.530477
G1 X132.445 Y169.782 E4.78131
;WIDTH:0.490238
G1 X132.735 Y169.762 E4.79675
G1 X133.024 Y169.782 E4.81214
;WIDTH:0.530477
G1 X133.314 Y169.802 E4.82904
;WIDTH:0.570715
G1 X133.603 Y169.822 E4.84733
;WIDTH:0.610954
G1 X133.893 Y169.842 E4.86715
G1 X152.333 Y169.842 E6.12423
G1 X152.333 Y170.389 E6.16152
G1 X133.726 Y170.389 E7.42999
G1 X133.59 Y170.487 E7.44142
;WIDTH:0.570715
G1 X133.454 Y170.585 E7.45201
;WIDTH:0.530477
G1 X133.318 Y170.683 E7.46176
;WIDTH:0.490238
G1 X133.183 Y170.781 E7.47062
;WIDTH:0.45
G1 X133.1 Y170.915 E7.4782
G1 X133.399 Y171.152 F7800
G1 F2400
G1 X133.352 Y171.227 E7.48246
G1 X133.316 Y171.484 E7.49494
G1 X133.397 Y171.731 E7.50744
G1 X133.681 Y172.205 E7.53402
G1 X131.788 Y172.205 E7.62507
G1 X132.072 Y171.731 E7.65165
G1 X132.148 Y171.521 E7.66239
G1 X132.117 Y171.227 E7.67661
G1 X132.002 Y171.042 E7.68709
G1 X131.576 Y170.855 E7.70947
G1 X112.67 Y170.855 E8.61878
G1 X112.67 Y169.376 E8.68991
G1 X152.799 Y169.376 E10.61998
G1 X152.799 Y170.855 E10.69111
G1 X133.809 Y170.855 E11.60446
G1 X133.467 Y171.042 E11.62321
G1 X133.43 Y171.101 E11.62656
G1 X133.742 Y171.34 F7800
;TYPE:External perimeter
G1 F1500
G1 X133.713 Y171.364 E11.62837
G1 X133.727 Y171.532 E11.63648
G1 X134.362 Y172.59 E11.69583
G1 X131.107 Y172.59 E11.85238
G1 X131.773 Y171.481 E11.9146
G1 X131.718 Y171.303 E11.92356
G1 X131.576 Y171.24 E11.93103
G1 X112.285 Y171.24 E12.85886
G1 X112.285 Y168.99 E12.96708
G1 X153.185 Y168.99 E14.93423
G1 X153.185 Y171.24 E15.04245
G1 X133.863 Y171.24 E15.97177
G1 X133.788 Y171.302 E15.97645
G1 X133.827 Y171.7 F7800
G1 E13.97645 F2400
G92 E0
G1 X132.029 Y170.213 F7800
G1 E2 F2400
;TYPE:Solid infill
;WIDTH:0.57456
G1 F1200
G1 X132.731 Y170.115 E2.0451
G1 X133.304 Y170.221 E2.08218
G1 X132.95 Y170.52 E2.11167
G1 X132.735 Y170.844 E2.13641
G1 X132.494 Y170.504 E2.16293
G1 X132.193 Y170.315 E2.18555
G1 E.18555 F2400
G92 E0
G1 X153.219 Y87.33 F7800
G1 E2 F2400
;TYPE:External perimeter
;WIDTH:0.404381
G1 F1200
G1 X151.546 Y87.33 E2.07095
G1 X151.946 Y87.33 F7800
G1 E.07095 F2400
G92 E0
G1 X113.923 Y87.33 F7800
G1 E2 F2400
G1 F1200
G1 X112.25 Y87.33 E2.07095
G1 X112.65 Y87.33 F7800
M106 S242.25
;LAYER_CHANGE
;Z:10.85
;HEIGHT:0.3
G1 E.07095 F2400
G92 E0
G1 Z10.85 F7800
G1 X133.068 Y170.966
G1 E2 F2400
;TYPE:Perimeter
;WIDTH:0.45
G1 X132.992 Y171.089 E2.00695
G1 X132.932 Y171.517 E2.02774
;WIDTH:0.464918
G1 X133.016 Y171.812 E2.04306
G1 X132.453 Y171.812 E2.07119
G1 X132.537 Y171.581 E2.08347
G1 X132.477 Y171.089 E2.10823
;WIDTH:0.45
G1 X132.286 Y170.781 E2.12566
;WIDTH:0.490238
G1 X132.109 Y170.683 E2.13641
;WIDTH:0.530477
G1 X131.931 Y170.585 E2.14822
;WIDTH:0.570715
G1 X131.754 Y170.487 E2.161
;WIDTH:0.610954
G1 X131.576 Y170.389 E2.17485
G1 X113.136 Y170.389 E3.43193
G1 X113.136 Y169.842 E3.46922
G1 X131.576 Y169.842 E4.7263
G1 X131.866 Y169.822 E4.74612
;WIDTH:0.570715
G1 X132.155 Y169.802 E4.76441
;WIDTH:0.530477
G1 X132.445 Y169.782 E4.78131
;WIDTH:0.490238
G1 X132.735 Y169.762 E4.79675
G1 X133.024 Y169.782 E4.81214
;WIDTH:0.530477
G1 X133.314 Y169.802 E4.82904
;WIDTH:0.570715
G1 X133.603 Y169.822 E4.84733
;WIDTH:0.610954
G1 X133.893 Y169.842 E4.86715
G1 X152.333 Y169.842 E6.12423
G1 X152.333 Y170.389 E6.16152
G1 X133.726 Y170.389 E7.42999
G1 X133.59 Y170.487 E7.44142
;WIDTH:0.570715
G1 X133.454 Y170.585 E7.45201
;WIDTH:0.530477
G1 X133.318 Y170.683 E7.46176
;WIDTH:0.490238
G1 X133.183 Y170.781 E7.47062
;WIDTH:0.45
G1 X133.1 Y170.915 E7.4782
G1 X133.399 Y171.152 F7800
G1 F2400
G1 X133.352 Y171.227 E7.48246
G1 X133.316 Y171.484 E7.49494
G1 X133.397 Y171.731 E7.50744
G1 X133.681 Y172.205 E7.53402
G1 X131.788 Y172.205 E7.62507
G1 X132.072 Y171.731 E7.65165
G1 X132.148 Y171.521 E7.66239
G1 X132.117 Y171.227 E7.67661
G1 X132.002 Y171.042 E7.68709
G1 X131.576 Y170.855 E7.70947
G1 X112.67 Y170.855 E8.61878
G1 X112.67 Y169.376 E8.68991
G1 X152.799 Y169.376 E10.61998
G1 X152.799 Y170.855 E10.69111
G1 X133.809 Y170.855 E11.60446
G1 X133.467 Y171.042 E11.62321
G1 X133.43 Y171.101 E11.62656
G1 X133.742 Y171.34 F7800
;TYPE:External perimeter
G1 F1500
G1 X133.713 Y171.364 E11.62837
G1 X133.727 Y171.532 E11.63648
G1 X134.362 Y172.59 E11.69583
G1 X131.107 Y172.59 E11.85238
G1 X131.773 Y171.481 E11.9146
G1 X131.718 Y171.303 E11.92356
G1 X131.576 Y171.24 E11.93103
G1 X112.285 Y171.24 E12.85886
G1 X112.285 Y168.99 E12.96708
G1 X153.185 Y168.99 E14.93423
G1 X153.185 Y171.24 E15.04245
G1 X133.863 Y171.24 E15.97177
G1 X133.788 Y171.302 E15.97645
G1 X133.827 Y171.7 F7800
G1 X132.731 Y170.115
;TYPE:Solid infill
;WIDTH:0.57456
G1 F1200
G1 X133.304 Y170.221 E16.01353
G1 X132.95 Y170.52 E16.04302
G1 X132.735 Y170.844 E16.06776
G1 X132.494 Y170.504 E16.09428
G1 X132.029 Y170.213 E16.12919
G1 X132.54 Y170.142 E16.16202
M106 S244.8
;LAYER_CHANGE
;Z:11.15
;HEIGHT:0.299999
G1 Z11.15 F7800
G1 X133.068 Y170.966
;TYPE:Perimeter
;WIDTH:0.45
G1 F2400
G1 X132.992 Y171.089 E16.16897
G1 X132.932 Y171.517 E16.18976
;WIDTH:0.464918
G1 X133.016 Y171.812 E16.20508
G1 X132.453 Y171.812 E16.23321
G1 X132.537 Y171.581 E16.24549
G1 X132.477 Y171.089 E16.27025
;WIDTH:0.45
G1 X132.286 Y170.781 E16.28768
;WIDTH:0.490238
G1 X132.109 Y170.683 E16.29843
;WIDTH:0.530477
G1 X131.931 Y170.585 E16.31024
;WIDTH:0.570715
G1 X131.754 Y170.487 E16.32302
;WIDTH:0.610954
G1 X131.576 Y170.389 E16.33687
G1 X113.136 Y170.389 E17.59395
G1 X113.136 Y169.842 E17.63124
G1 X131.576 Y169.842 E18.88832
G1 X131.866 Y169.822 E18.90814
;WIDTH:0.570715
G1 X132.155 Y169.802 E18.92643
;WIDTH:0.530477
G1 X132.445 Y169.782 E18.94333
;WIDTH:0.490238
G1 X132.735 Y169.762 E18.95877
G1 X133.024 Y169.782 E18.97416
;WIDTH:0.530477
G1 X133.314 Y169.802 E18.99106
;WIDTH:0.570715
G1 X133.603 Y169.822 E19.00935
;WIDTH:0.610954
G1 X133.893 Y169.842 E19.02917
G1 X152.333 Y169.842 E20.28625
G1 X152.333 Y170.389 E20.32354
G1 X133.726 Y170.389 E21.59201
G1 X133.59 Y170.487 E21.60344
;WIDTH:0.570715
G1 X133.454 Y170.585 E21.61403
;WIDTH:0.530477
G1 X133.318 Y170.683 E21.62378
;WIDTH:0.490238
G1 X133.183 Y170.781 E21.63264
;WIDTH:0.45
G1 X133.1 Y170.915 E21.64022
G1 X133.399 Y171.152 F7800
G1 F2400
G1 X133.352 Y171.227 E21.64448
G1 X133.316 Y171.484 E21.65696
G1 X133.397 Y171.731 E21.66946
G1 X133.681 Y172.205 E21.69604
G1 X131.788 Y172.205 E21.78709
G1 X132.072 Y171.731 E21.81367
G1 X132.148 Y171.521 E21.82441
G1 X132.117 Y171.227 E21.83863
G1 X132.002 Y171.042 E21.84911
G1 X131.576 Y170.855 E21.87149
G1 X112.67 Y170.855 E22.7808
G1 X112.67 Y169.376 E22.85193
G1 X152.799 Y169.376 E24.782
G1 X152.799 Y170.855 E24.85313
G1 X133.809 Y170.855 E25.76648
G1 X133.467 Y171.042 E25.78523
G1 X133.43 Y171.101 E25.78858
G1 X133.742 Y171.34 F7800
;TYPE:External perimeter
G1 F1500
G1 X133.713 Y171.364 E25.79039
G1 X133.727 Y171.532 E25.7985
G1 X134.362 Y172.59 E25.85785
G1 X131.107 Y172.59 E26.0144
G1 X131.773 Y171.481 E26.07662
G1 X131.718 Y171.303 E26.08558
G1 X131.576 Y171.24 E26.09305
G1 X112.285 Y171.24 E27.02088
G1 X112.285 Y168.99 E27.1291
G1 X153.185 Y168.99 E29.09625
G1 X153.185 Y171.24 E29.20447
G1 X133.863 Y171.24 E30.13379
G1 X133.788 Y171.302 E30.13847
G1 X133.827 Y171.7 F7800
G1 E28.13847 F2400
G92 E0
G1 X132.029 Y170.213 F7800
G1 E2 F2400
;TYPE:Solid infill
;WIDTH:0.57456
G1 F1200
G1 X132.731 Y170.115 E2.0451
G1 X133.304 Y170.221 E2.08218
G1 X132.95 Y170.52 E2.11167
G1 X132.735 Y170.844 E2.13641
G1 X132.494 Y170.504 E2.16293
G1 X132.193 Y170.315 E2.18555
;LAYER_CHANGE
;Z:11.45
;HEIGHT:0.3
G1 Z11.45 F7800
G1 X133.068 Y170.966
;TYPE:Perimeter
;WIDTH:0.45
G1 F2400
G1 X132.992 Y171.089 E2.1925
G1 X132.932 Y171.517 E2.21329
;WIDTH:0.464918
G1 X133.016 Y171.812 E2.22861
G1 X132.453 Y171.812 E2.25674
G1 X132.537 Y171.581 E2.26902
G1 X132.477 Y171.089 E2.29378
;WIDTH:0.45
G1 X132.286 Y170.781 E2.31121
;WIDTH:0.490238
G1 X132.109 Y170.683 E2.32196
;WIDTH:0.530477
G1 X131.931 Y170.585 E2.33377
;WIDTH:0.570715
G1 X131.754 Y170.487 E2.34655
;WIDTH:0.610954
G1 X131.576 Y170.389 E2.3604
G1 X113.136 Y170.389 E3.61748
G1 X113.136 Y169.842 E3.65477
G1 X131.576 Y169.842 E4.91185
G1 X131.866 Y169.822 E4.93167
;WIDTH:0.570715
G1 X132.155 Y169.802 E4.94996
;WIDTH:0.530477
G1 X132.445 Y169.782 E4.96686
;WIDTH:0.490238
G1 X132.735 Y169.762 E4.9823
G1 X133.024 Y169.782 E4.99769
;WIDTH:0.530477
G1 X133.314 Y169.802 E5.01459
;WIDTH:0.570715
G1 X133.603 Y169.822 E5.03288
;WIDTH:0.610954
G1 X133.893 Y169.842 E5.0527
G1 X152.333 Y169.842 E6.30978
G1 X152.333 Y170.389 E6.34707
G1 X133.726 Y170.389 E7.61554
G1 X133.59 Y170.487 E7.62697
;WIDTH:0.570715
G1 X133.454 Y170.585 E7.63756
;WIDTH:0.530477
G1 X133.318 Y170.683 E7.64731
;WIDTH:0.490238
G1 X133.183 Y170.781 E7.65617
;WIDTH:0.45
G1 X133.1 Y170.915 E7.66375
G1 X133.399 Y171.152 F7800
G1 F2400
G1 X133.352 Y171.227 E7.66801
G1 X133.316 Y171.484 E7.68049
G1 X133.397 Y171.731 E7.69299
G1 X133.681 Y172.205 E7.71957
G1 X131.788 Y172.205 E7.81062
G1 X132.072 Y171.731 E7.8372
G1 X132.148 Y171.521 E7.84794
G1 X132.117 Y171.227 E7.86216
G1 X132.002 Y171.042 E7.87264
G1 X131.576 Y170.855 E7.89502
G1 X112.67 Y170.855 E8.80433
G1 X112.67 Y169.376 E8.87546
G1 X152.799 Y169.376 E10.80553
G1 X152.799 Y170.855 E10.87666
G1 X133.809 Y170.855 E11.79001
G1 X133.467 Y171.042 E11.80876
G1 X133.43 Y171.101 E11.81211
G1 X133.742 Y171.34 F7800
;TYPE:External perimeter
G1 F1500
G1 X133.713 Y171.364 E11.81392
G1 X133.727 Y171.532 E11.82203
G1 X134.362 Y172.59 E11.88138
G1 X131.107 Y172.59 E12.03793
G1 X131.773 Y171.481 E12.10015
G1 X131.718 Y171.303 E12.10911
G1 X131.576 Y171.24 E12.11658
G1 X112.285 Y171.24 E13.04441
G1 X112.285 Y168.99 E13.15263
G1 X153.185 Y168.99 E15.11978
G1 X153.185 Y171.24 E15.228
G1 X133.863 Y171.24 E16.15732
G1 X133.788 Y171.302 E16.162
G1 X133.827 Y171.7 F7800
G1 X132.731 Y170.115
;TYPE:Solid infill
;WIDTH:0.57456
G1 F1200
G1 X133.304 Y170.221 E16.19908
G1 X132.95 Y170.52 E16.22857
G1 X132.735 Y170.844 E16.25331
G1 X132.494 Y170.504 E16.27983
G1 X132.029 Y170.213 E16.31474
G1 X132.54 Y170.142 E16.34757
;LAYER_CHANGE
;Z:11.75
;HEIGHT:0.3
G1 Z11.75 F7800
G1 X133.068 Y170.966
;TYPE:Perimeter
;WIDTH:0.45
G1 F2400
G1 X132.992 Y171.089 E16.35452
G1 X132.932 Y171.517 E16.37531
;WIDTH:0.464918
G1 X133.016 Y171.812 E16.39063
G1 X132.453 Y171.812 E16.41876
G1 X132.537 Y171.581 E16.43104
G1 X132.477 Y171.089 E16.4558
;WIDTH:0.45
G1 X132.286 Y170.781 E16.47323
;WIDTH:0.490238
G1 X132.109 Y170.683 E16.48398
;WIDTH:0.530477
G1 X131.931 Y170.585 E16.49579
;WIDTH:0.570715
G1 X131.754 Y170.487 E16.50857
;WIDTH:0.610954
G1 X131.576 Y170.389 E16.52242
G1 X113.136 Y170.389 E17.7795
G1 X113.136 Y169.842 E17.81679
G1 X131.576 Y169.842 E19.07387
G1 X131.866 Y169.822 E19.09369
;WIDTH:0.570715
G1 X132.155 Y169.802 E19.11198
;WIDTH:0.530477
G1 X132.445 Y169.782 E19.12888
;WIDTH:0.490238
G1 X132.735 Y169.762 E19.14432
G1 X133.024 Y169.782 E19.15971
;WIDTH:0.530477
G1 X133.314 Y169.802 E19.17661
;WIDTH:0.570715
G1 X133.603 Y169.822 E19.1949
;WIDTH:0.610954
G1 X133.893 Y169.842 E19.21472
G1 X152.333 Y169.842 E20.4718
G1 X152.333 Y170.389 E20.50909
G1 X133.726 Y170.389 E21.77756
G1 X133.59 Y170.487 E21.78899
;WIDTH:0.570715
G1 X133.454 Y170.585 E21.79958
;WIDTH:0.530477
G1 X133.318 Y170.683 E21.80933
;WIDTH:0.490238
G1 X133.183 Y170.781 E21.81819
;WIDTH:0.45
G1 X133.1 Y170.915 E21.82577
G1 X133.399 Y171.152 F7800
G1 F2400
G1 X133.352 Y171.227 E21.83003
G1 X133.316 Y171.484 E21.84251
G1 X133.397 Y171.731 E21.85501
G1 X133.681 Y172.205 E21.88159
G1 X131.788 Y172.205 E21.97264
G1 X132.072 Y171.731 E21.99922
G1 X132.148 Y171.521 E22.00996
G1 X132.117 Y171.227 E22.02418
G1 X132.002 Y171.042 E22.03466
G1 X131.576 Y170.855 E22.05704
G1 X112.67 Y170.855 E22.96635
G1 X112.67 Y169.376 E23.03748
G1 X152.799 Y169.376 E24.96755
G1 X152.799 Y170.855 E25.03868
G1 X133.809 Y170.855 E25.95203
G1 X133.467 Y171.042 E25.97078
G1 X133.43 Y171.101 E25.97413
G1 X133.742 Y171.34 F7800
;TYPE:External perimeter
G1 F1500
G1 X133.713 Y171.364 E25.97594
G1 X133.727 Y171.532 E25.98405
G1 X134.362 Y172.59 E26.0434
G1 X131.107 Y172.59 E26.19995
G1 X131.773 Y171.481 E26.26217
G1 X131.718 Y171.303 E26.27113
G1 X131.576 Y171.24 E26.2786
G1 X112.285 Y171.24 E27.20643
G1 X112.285 Y168.99 E27.31465
G1 X153.185 Y168.99 E29.2818
G1 X153.185 Y171.24 E29.39002
G1 X133.863 Y171.24 E30.31934
G1 X133.788 Y171.302 E30.32402
G1 X133.827 Y171.7 F7800
G1 E28.32402 F2400
G92 E0
G1 X132.029 Y170.213 F7800
G1 E2 F2400
;TYPE:Solid infill
;WIDTH:0.574561
G1 F1200
G1 X132.731 Y170.115 E2.0451
G1 X133.304 Y170.221 E2.08218
G1 X132.95 Y170.52 E2.11167
G1 X132.735 Y170.844 E2.13641
G1 X132.494 Y170.504 E2.16293
G1 X132.193 Y170.315 E2.18555
;LAYER_CHANGE
;Z:12.05
;HEIGHT:0.3
G1 Z12.05 F7800
G1 X133.068 Y170.966
;TYPE:Perimeter
;WIDTH:0.45
G1 F2400
G1 X132.992 Y171.089 E2.1925
G1 X132.932 Y171.517 E2.21329
;WIDTH:0.464919
G1 X133.016 Y171.812 E2.22861
G1 X132.453 Y171.812 E2.25674
G1 X132.537 Y171.581 E2.26902
G1 X132.477 Y171.089 E2.29378
;WIDTH:0.45
G1 X132.286 Y170.781 E2.31121
;WIDTH:0.490238
G1 X132.109 Y170.683 E2.32196
;WIDTH:0.530476
G1 X131.931 Y170.585 E2.33377
;WIDTH:0.570714
G1 X131.754 Y170.487 E2.34655
;WIDTH:0.610952
G1 X131.576 Y170.389 E2.3604
G1 X113.136 Y170.389 E3.61748
G1 X113.136 Y169.842 E3.65477
G1 X131.576 Y169.842 E4.91185
G1 X131.866 Y169.822 E4.93167
;WIDTH:0.570714
G1 X132.155 Y169.802 E4.94996
;WIDTH:0.530476
G1 X132.445 Y169.782 E4.96686
;WIDTH:0.490238
G1 X132.735 Y169.762 E4.9823
G1 X133.024 Y169.782 E4.99769
;WIDTH:0.530477
G1 X133.314 Y169.802 E5.01459
;WIDTH:0.570715
G1 X133.603 Y169.822 E5.03288
;WIDTH:0.610954
G1 X133.893 Y169.842 E5.0527
G1 X152.333 Y169.842 E6.30978
G1 X152.333 Y170.389 E6.34707
G1 X133.726 Y170.389 E7.61554
G1 X133.59 Y170.487 E7.62697
;WIDTH:0.570715
G1 X133.454 Y170.585 E7.63756
;WIDTH:0.530477
G1 X133.318 Y170.683 E7.64731
;WIDTH:0.490238
G1 X133.183 Y170.781 E7.65617
;WIDTH:0.45
G1 X133.1 Y170.915 E7.66375
G1 X133.399 Y171.152 F7800
G1 F2400
G1 X133.352 Y171.227 E7.66801
G1 X133.316 Y171.484 E7.68049
G1 X133.397 Y171.731 E7.69299
G1 X133.681 Y172.205 E7.71957
G1 X131.788 Y172.205 E7.81062
G1 X132.072 Y171.731 E7.8372
G1 X132.148 Y171.521 E7.84794
G1 X132.117 Y171.227 E7.86216
G1 X132.002 Y171.042 E7.87264
G1 X131.576 Y170.855 E7.89502
G1 X112.67 Y170.855 E8.80433
G1 X112.67 Y169.376 E8.87546
G1 X152.799 Y169.376 E10.80553
G1 X152.799 Y170.855 E10.87666
G1 X133.809 Y170.855 E11.79001
G1 X133.467 Y171.042 E11.80876
G1 X133.43 Y171.101 E11.81211
G1 X133.742 Y171.34 F7800
;TYPE:External perimeter
G1 F1500
G1 X133.713 Y171.364 E11.81392
G1 X133.727 Y171.532 E11.82203
G1 X134.362 Y172.59 E11.88138
G1 X131.107 Y172.59 E12.03793
G1 X131.773 Y171.481 E12.10015
G1 X131.718 Y171.303 E12.10911
G1 X131.576 Y171.24 E12.11658
G1 X112.285 Y171.24 E13.04441
G1 X112.285 Y168.99 E13.15263
G1 X153.185 Y168.99 E15.11978
G1 X153.185 Y171.24 E15.228
G1 X133.863 Y171.24 E16.15732
G1 X133.788 Y171.302 E16.162
G1 X133.827 Y171.7 F7800
G1 X132.731 Y170.115
;TYPE:Solid infill
;WIDTH:0.57456
G1 F1200
G1 X133.304 Y170.221 E16.19908
G1 X132.95 Y170.52 E16.22857
G1 X132.735 Y170.844 E16.25331
G1 X132.494 Y170.504 E16.27983
G1 X132.029 Y170.213 E16.31474
G1 X132.54 Y170.142 E16.34757
;LAYER_CHANGE
;Z:12.35
;HEIGHT:0.3
G1 Z12.35 F7800
G1 X133.068 Y170.966
;TYPE:Perimeter
;WIDTH:0.45
G1 F2400
G1 X132.992 Y171.089 E16.35452
G1 X132.932 Y171.517 E16.37531
;WIDTH:0.464919
G1 X133.016 Y171.812 E16.39063
G1 X132.453 Y171.812 E16.41876
G1 X132.537 Y171.581 E16.43104
G1 X132.477 Y171.089 E16.4558
;WIDTH:0.45
G1 X132.286 Y170.781 E16.47323
;WIDTH:0.490238
G1 X132.109 Y170.683 E16.48398
;WIDTH:0.530477
G1 X131.931 Y170.585 E16.49579
;WIDTH:0.570715
G1 X131.754 Y170.487 E16.50857
;WIDTH:0.610954
G1 X131.576 Y170.389 E16.52242
G1 X113.136 Y170.389 E17.7795
G1 X113.136 Y169.842 E17.81679
G1 X131.576 Y169.842 E19.07387
G1 X131.866 Y169.822 E19.09369
;WIDTH:0.570715
G1 X132.155 Y169.802 E19.11198
;WIDTH:0.530477
G1 X132.445 Y169.782 E19.12888
;WIDTH:0.490238
G1 X132.735 Y169.762 E19.14432
G1 X133.024 Y169.782 E19.15971
;WIDTH:0.530477
G1 X133.314 Y169.802 E19.17661
;WIDTH:0.570715
G1 X133.603 Y169.822 E19.1949
;WIDTH:0.610954
G1 X133.893 Y169.842 E19.21472
G1 X152.333 Y169.842 E20.4718
G1 X152.333 Y170.389 E20.50909
G1 X133.726 Y170.389 E21.77756
G1 X133.59 Y170.487 E21.78899
;WIDTH:0.570715
G1 X133.454 Y170.585 E21.79958
;WIDTH:0.530477
G1 X133.318 Y170.683 E21.80933
;WIDTH:0.490238
G1 X133.183 Y170.781 E21.81819
;WIDTH:0.45
G1 X133.1 Y170.915 E21.82577
G1 X133.399 Y171.152 F7800
G1 F2400
G1 X133.352 Y171.227 E21.83003
G1 X133.316 Y171.484 E21.84251
G1 X133.397 Y171.731 E21.85501
G1 X133.681 Y172.205 E21.88159
G1 X131.788 Y172.205 E21.97264
G1 X132.072 Y171.731 E21.99922
G1 X132.148 Y171.521 E22.00996
G1 X132.117 Y171.227 E22.02418
G1 X132.002 Y171.042 E22.03466
G1 X131.576 Y170.855 E22.05704
G1 X112.67 Y170.855 E22.96635
G1 X112.67 Y169.376 E23.03748
G1 X152.799 Y169.376 E24.96755
G1 X152.799 Y170.855 E25.03868
G1 X133.809 Y170.855 E25.95203
G1 X133.467 Y171.042 E25.97078
G1 X133.43 Y171.101 E25.97413
G1 X133.742 Y171.34 F7800
;TYPE:External perimeter
G1 F1500
G1 X133.713 Y171.364 E25.97594
G1 X133.727 Y171.532 E25.98405
G1 X134.362 Y172.59 E26.0434
G1 X131.107 Y172.59 E26.19995
G1 X131.773 Y171.481 E26.26217
G1 X131.718 Y171.303 E26.27113
G1 X131.576 Y171.24 E26.2786
G1 X112.285 Y171.24 E27.20643
G1 X112.285 Y168.99 E27.31465
G1 X153.185 Y168.99 E29.2818
G1 X153.185 Y171.24 E29.39002
G1 X133.863 Y171.24 E30.31934
G1 X133.788 Y171.302 E30.32402
G1 X133.827 Y171.7 F7800
G1 E28.32402 F2400
G92 E0
G1 X132.029 Y170.213 F7800
G1 E2 F2400
;TYPE:Solid infill
;WIDTH:0.574561
G1 F1200
G1 X132.731 Y170.115 E2.0451
G1 X133.304 Y170.221 E2.08218
G1 X132.95 Y170.52 E2.11167
G1 X132.735 Y170.844 E2.13641
G1 X132.494 Y170.504 E2.16293
G1 X132.193 Y170.315 E2.18555
;LAYER_CHANGE
;Z:12.65
;HEIGHT:0.299999
G1 Z12.65 F7800
G1 X133.068 Y170.966
;TYPE:Perimeter
;WIDTH:0.45
G1 F2400
G1 X132.992 Y171.089 E2.1925
G1 X132.932 Y171.517 E2.21329
;WIDTH:0.464918
G1 X133.016 Y171.812 E2.22861
G1 X132.453 Y171.812 E2.25674
G1 X132.537 Y171.581 E2.26902
G1 X132.477 Y171.089 E2.29378
;WIDTH:0.45
G1 X132.286 Y170.781 E2.31121
;WIDTH:0.490238
G1 X132.109 Y170.683 E2.32196
;WIDTH:0.530477
G1 X131.931 Y170.585 E2.33377
;WIDTH:0.570715
G1 X131.754 Y170.487 E2.34655
;WIDTH:0.610954
G1 X131.576 Y170.389 E2.3604
G1 X113.136 Y170.389 E3.61748
G1 X113.136 Y169.842 E3.65477
G1 X131.576 Y169.842 E4.91185
G1 X131.866 Y169.822 E4.93167
;WIDTH:0.570715
G1 X132.155 Y169.802 E4.94996
;WIDTH:0.530477
G1 X132.445 Y169.782 E4.96686
;WIDTH:0.490238
G1 X132.735 Y169.762 E4.9823
G1 X133.024 Y169.782 E4.99769
;WIDTH:0.530477
G1 X133.314 Y169.802 E5.01459
;WIDTH:0.570715
G1 X133.603 Y169.822 E5.03288
;WIDTH:0.610954
G1 X133.893 Y169.842 E5.0527
G1 X152.333 Y169.842 E6.30978
G1 X152.333 Y170.389 E6.34707
G1 X133.726 Y170.389 E7.61554
G1 X133.59 Y170.487 E7.62697
;WIDTH:0.570715
G1 X133.454 Y170.585 E7.63756
;WIDTH:0.530477
G1 X133.318 Y170.683 E7.64731
;WIDTH:0.490238
G1 X133.183 Y170.781 E7.65617
;WIDTH:0.45
G1 X133.1 Y170.915 E7.66375
G1 X133.399 Y171.152 F7800
G1 F2400
G1 X133.352 Y171.227 E7.66801
G1 X133.316 Y171.484 E7.68049
G1 X133.397 Y171.731 E7.69299
G1 X133.681 Y172.205 E7.71957
G1 X131.788 Y172.205 E7.81062
G1 X132.072 Y171.731 E7.8372
G1 X132.148 Y171.521 E7.84794
G1 X132.117 Y171.227 E7.86216
G1 X132.002 Y171.042 E7.87264
G1 X131.576 Y170.855 E7.89502
G1 X112.67 Y170.855 E8.80433
G1 X112.67 Y169.376 E8.87546
G1 X152.799 Y169.376 E10.80553
G1 X152.799 Y170.855 E10.87666
G1 X133.809 Y170.855 E11.79001
G1 X133.467 Y171.042 E11.80876
G1 X133.43 Y171.101 E11.81211
G1 X133.742 Y171.34 F7800
;TYPE:External perimeter
G1 F1500
G1 X133.713 Y171.364 E11.81392
G1 X133.727 Y171.532 E11.82203
G1 X134.362 Y172.59 E11.88138
G1 X131.107 Y172.59 E12.03793
G1 X131.773 Y171.481 E12.10015
G1 X131.718 Y171.303 E12.10911
G1 X131.576 Y171.24 E12.11658
G1 X112.285 Y171.24 E13.04441
G1 X112.285 Y168.99 E13.15263
G1 X153.185 Y168.99 E15.11978
G1 X153.185 Y171.24 E15.228
G1 X133.863 Y171.24 E16.15732
G1 X133.788 Y171.302 E16.162
G1 X133.827 Y171.7 F7800
G1 X132.436 Y170.815
;TYPE:Top solid infill
;WIDTH:0.447054
G1 F900
G1 X133.148 Y170.103 E16.21006
G1 X132.733 Y170.027 E16.2302
G1 X132.676 Y170.035 E16.23295
G1 X132.254 Y170.457 E16.26143
G1 X131.921 Y170.248 E16.28019
G1 X132.224 Y169.945 E16.30064
G1 E14.30064 F2400
G92 E0
M107
;TYPE:Custom
; Filament-specific end gcode 
;END gcode for filament
M104 S0 ; turn off temperature
G28 X0  ; home X axis
M84     ; disable motors
; objects_info = {"objects":[]}
; filament used [mm] = 11043.93
; filament used [cm3] = 26.56
; total filament used [g] = 0.00
; total filament cost = 0.00
; total filament used for wipe tower [g] = 0.00
; estimated printing time (normal mode) = 2h 35m 13s
; estimated first layer printing time (normal mode) = 14m 27s

; prusaslicer_config = begin
; arc_fitting = disabled
; autoemit_temperature_commands = 1
; automatic_extrusion_widths = 0
; automatic_infill_combination = 0
; automatic_infill_combination_max_layer_height = 100%
; avoid_crossing_curled_overhangs = 0
; avoid_crossing_perimeters = 0
; avoid_crossing_perimeters_max_detour = 0
; bed_shape = 0x0,250x0,250x210,0x210
; bed_temperature = 60
; bed_temperature_extruder = 0
; before_layer_gcode = 
; between_objects_gcode = 
; binary_gcode = 0
; bottom_fill_pattern = monotonic
; bottom_solid_layers = 3
; bottom_solid_min_thickness = 0
; bridge_acceleration = 0
; bridge_angle = 0
; bridge_fan_speed = 100
; bridge_flow_ratio = 1
; bridge_speed = 25
; brim_separation = 0
; brim_type = outer_only
; brim_width = 8
; chamber_minimal_temperature = 0
; chamber_temperature = 0
; color_change_gcode = M600
; colorprint_heights = 
; complete_objects = 0
; cooling = 1
; cooling_perimeter_transition_distance = 0
; cooling_slowdown_logic = uniform_cooling
; cooling_tube_length = 5
; cooling_tube_retraction = 91.5
; custom_parameters_filament = ""
; custom_parameters_print = 
; custom_parameters_printer = 
; default_acceleration = 0
; deretract_speed = 0
; disable_fan_first_layers = 3
; dont_support_bridges = 1
; draft_shield = disabled
; duplicate_distance = 6
; elefant_foot_compensation = 0
; enable_dynamic_fan_speeds = 0
; enable_dynamic_overhang_speeds = 0
; end_filament_gcode = "; Filament-specific end gcode \n;END gcode for filament\n"
; end_gcode = M104 S0 ; turn off temperature\nG28 X0  ; home X axis\nM84     ; disable motors\n
; ensure_vertical_shell_thickness = enabled
; external_perimeter_acceleration = 0
; external_perimeter_extrusion_width = 0
; external_perimeter_speed = 25
; external_perimeters_first = 0
; extra_loading_move = -2
; extra_perimeters = 1
; extra_perimeters_on_overhangs = 0
; extruder_clearance_height = 20
; extruder_clearance_radius = 20
; extruder_colour = ""
; extruder_offset = 0x0
; extrusion_axis = E
; extrusion_multiplier = 1
; extrusion_width = 0
; fan_always_on = 0
; fan_below_layer_time = 60
; filament_abrasive = 0
; filament_colour = #29B2B2
; filament_cooling_final_speed = 3.4
; filament_cooling_initial_speed = 2.2
; filament_cooling_moves = 4
; filament_cost = 0
; filament_density = 0
; filament_diameter = 1.75
; filament_infill_max_crossing_speed = 0
; filament_infill_max_speed = 0
; filament_load_time = 0
; filament_loading_speed = 28
; filament_loading_speed_start = 3
; filament_max_volumetric_speed = 0
; filament_minimal_purge_on_wipe_tower = 15
; filament_multitool_ramming = 0
; filament_multitool_ramming_flow = 10
; filament_multitool_ramming_volume = 10
; filament_notes = ""
; filament_purge_multiplier = 100%
; filament_ramming_parameters = "120 100 6.6 6.8 7.2 7.6 7.9 8.2 8.7 9.4 9.9 10.0| 0.05 6.6 0.45 6.8 0.95 7.8 1.45 8.3 1.95 9.7 2.45 10 2.95 7.6 3.45 7.6 3.95 7.6 4.45 7.6 4.95 7.6"
; filament_seam_gap_distance = 15%
; filament_settings_id = ""
; filament_shrinkage_compensation_xy = 0%
; filament_shrinkage_compensation_z = 0%
; filament_soluble = 0
; filament_spool_weight = 0
; filament_stamping_distance = 0
; filament_stamping_loading_speed = 20
; filament_toolchange_delay = 0
; filament_type = PLA
; filament_unload_time = 0
; filament_unloading_speed = 90
; filament_unloading_speed_start = 100
; fill_angle = 45
; fill_density = 15%
; fill_pattern = stars
; first_layer_acceleration = 0
; first_layer_acceleration_over_raft = 0
; first_layer_bed_temperature = 60
; first_layer_extrusion_width = 200%
; first_layer_height = 0.35
; first_layer_infill_speed = 0
; first_layer_speed = 30
; first_layer_speed_over_raft = 30
; first_layer_temperature = 215
; full_fan_speed_layer = 0
; fuzzy_skin = none
; fuzzy_skin_point_dist = 0.8
; fuzzy_skin_thickness = 0.3
; gap_fill_enabled = 1
; gap_fill_speed = 20
; gcode_comments = 0
; gcode_flavor = reprap
; gcode_label_objects = disabled
; gcode_resolution = 0.0125
; gcode_substitutions = 
; high_current_on_filament_swap = 0
; idle_temperature = nil
; infill_acceleration = 0
; infill_anchor = 600%
; infill_anchor_max = 50
; infill_every_layers = 1
; infill_extruder = 1
; infill_extrusion_width = 0
; infill_first = 0
; infill_overlap = 25%
; infill_speed = 80
; interface_shells = 0
; interlocking_beam = 0
; interlocking_beam_layer_count = 2
; interlocking_beam_width = 0.8
; interlocking_boundary_avoidance = 2
; interlocking_depth = 2
; interlocking_orientation = 22.5
; ironing = 0
; ironing_flowrate = 15%
; ironing_spacing = 0.1
; ironing_speed = 15
; ironing_type = top
; layer_gcode = 
; layer_height = 0.3
; machine_limits_usage = time_estimate_only
; machine_max_acceleration_e = 10000,5000
; machine_max_acceleration_extruding = 1500,1250
; machine_max_acceleration_retracting = 1500,1250
; machine_max_acceleration_travel = 1500,1250
; machine_max_acceleration_x = 9000,1000
; machine_max_acceleration_y = 9000,1000
; machine_max_acceleration_z = 500,200
; machine_max_feedrate_e = 120,120
; machine_max_feedrate_x = 500,200
; machine_max_feedrate_y = 500,200
; machine_max_feedrate_z = 12,12
; machine_max_jerk_e = 2.5,2.5
; machine_max_jerk_x = 10,10
; machine_max_jerk_y = 10,10
; machine_max_jerk_z = 0.2,0.4
; machine_max_junction_deviation = 0,0
; machine_min_extruding_rate = 0,0
; machine_min_travel_rate = 0,0
; max_fan_speed = 100
; max_layer_height = 0
; max_print_height = 200
; max_print_speed = 80
; max_volumetric_extrusion_rate_slope_negative = 0
; max_volumetric_extrusion_rate_slope_positive = 0
; max_volumetric_speed = 0
; min_bead_width = 85%
; min_fan_speed = 35
; min_feature_size = 25%
; min_layer_height = 0.07
; min_print_speed = 10
; min_skirt_length = 0
; mmu_segmented_region_interlocking_depth = 0
; mmu_segmented_region_max_width = 0
; multimaterial_purging = 140
; notes = 
; nozzle_diameter = 0.4
; nozzle_high_flow = 0
; only_one_perimeter_first_layer = 0
; only_retract_when_crossing_perimeters = 0
; ooze_prevention = 0
; output_filename_format = [input_filename_base].gcode
; over_bridge_speed = 0
; overhang_fan_speed_0 = 0
; overhang_fan_speed_1 = 0
; overhang_fan_speed_2 = 0
; overhang_fan_speed_3 = 0
; overhang_speed_0 = 15
; overhang_speed_1 = 15
; overhang_speed_2 = 20
; overhang_speed_3 = 25
; overhangs = 1
; parking_pos_retraction = 92
; pause_print_gcode = M601
; perimeter_acceleration = 0
; perimeter_extruder = 1
; perimeter_extrusion_width = 0
; perimeter_generator = arachne
; perimeter_speed = 40
; perimeters = 3
; physical_printer_settings_id = 
; post_process = 
; prefer_clockwise_movements = 0
; print_settings_id = 
; printer_model = 
; printer_notes = 
; printer_settings_id = 
; printer_technology = FFF
; raft_contact_distance = 0.1
; raft_expansion = 1.5
; raft_first_layer_density = 90%
; raft_first_layer_expansion = 3
; raft_layers = 0
; remaining_times = 0
; resolution = 0
; retract_before_travel = 2
; retract_before_wipe = 0%
; retract_layer_change = 0
; retract_length = 2
; retract_length_toolchange = 10
; retract_lift = 0
; retract_lift_above = 0
; retract_lift_below = 0
; retract_restart_extra = 0
; retract_restart_extra_toolchange = 0
; retract_speed = 40
; scarf_seam_entire_loop = 0
; scarf_seam_length = 20
; scarf_seam_max_segment_length = 1
; scarf_seam_on_inner_perimeters = 0
; scarf_seam_only_on_smooth = 1
; scarf_seam_placement = nowhere
; scarf_seam_start_height = 0%
; seam_gap_distance = 15%
; seam_position = aligned
; silent_mode = 1
; single_extruder_multi_material = 0
; single_extruder_multi_material_priming = 1
; skirt_distance = 6
; skirt_height = 1
; skirts = 1
; slice_closing_radius = 0.049
; slicing_mode = regular
; slowdown_below_layer_time = 5
; small_perimeter_speed = 20
; solid_infill_acceleration = 0
; solid_infill_below_area = 70
; solid_infill_every_layers = 0
; solid_infill_extruder = 1
; solid_infill_extrusion_width = 0
; solid_infill_speed = 20
; spiral_vase = 0
; staggered_inner_seams = 0
; standby_temperature_delta = -5
; start_filament_gcode = "; Filament gcode\n"
; start_gcode = G28 ; home all axes\nG1 Z5 F5000 ; lift nozzle\n
; support_material = 0
; support_material_angle = 0
; support_material_auto = 1
; support_material_bottom_contact_distance = 0
; support_material_bottom_interface_layers = -1
; support_material_buildplate_only = 0
; support_material_closing_radius = 2
; support_material_contact_distance = 0.2
; support_material_enforce_layers = 0
; support_material_extruder = 1
; support_material_extrusion_width = 0
; support_material_interface_contact_loops = 0
; support_material_interface_extruder = 1
; support_material_interface_layers = 3
; support_material_interface_pattern = rectilinear
; support_material_interface_spacing = 0
; support_material_interface_speed = 100%
; support_material_pattern = rectilinear
; support_material_spacing = 2.5
; support_material_speed = 60
; support_material_style = grid
; support_material_synchronize_layers = 0
; support_material_threshold = 0
; support_material_with_sheath = 1
; support_material_xy_spacing = 50%
; support_tree_angle = 40
; support_tree_angle_slow = 25
; support_tree_branch_diameter = 2
; support_tree_branch_diameter_angle = 5
; support_tree_branch_diameter_double_wall = 3
; support_tree_branch_distance = 1
; support_tree_tip_diameter = 0.8
; support_tree_top_rate = 15%
; temperature = 215
; template_custom_gcode = 
; thick_bridges = 1
; thin_walls = 1
; thumbnails = 
; thumbnails_format = PNG
; toolchange_gcode = 
; top_fill_pattern = monotonic
; top_infill_extrusion_width = 0
; top_one_perimeter_type = none
; top_solid_infill_acceleration = 0
; top_solid_infill_speed = 15
; top_solid_layers = 3
; top_solid_min_thickness = 0
; travel_acceleration = 0
; travel_lift_before_obstacle = 0
; travel_max_lift = 0
; travel_ramping_lift = 0
; travel_short_distance_acceleration = 0
; travel_slope = 0
; travel_speed = 130
; travel_speed_z = 0
; use_firmware_retraction = 0
; use_relative_e_distances = 0
; use_volumetric_e = 0
; variable_layer_height = 1
; wall_distribution_count = 1
; wall_transition_angle = 10
; wall_transition_filter_deviation = 25%
; wall_transition_length = 100%
; wipe = 0
; wipe_into_infill = 0
; wipe_into_objects = 0
; wipe_tower = 0
; wipe_tower_acceleration = 0
; wipe_tower_bridging = 10
; wipe_tower_brim_width = 2
; wipe_tower_cone_angle = 0
; wipe_tower_extra_flow = 100%
; wipe_tower_extra_spacing = 100%
; wipe_tower_extruder = 0
; wipe_tower_no_sparse_layers = 0
; wipe_tower_width = 60
; wiping_volumes_matrix = 0,140,140,140,140,140,0,140,140,140,140,140,0,140,140,140,140,140,0,140,140,140,140,140,0
; wiping_volumes_use_custom_matrix = 0
; xy_size_compensation = 0
; z_offset = 0
; prusaslicer_config = end
