; generated by PrusaSlicer 2.9.4 on 2026-06-26 at 05:01:32 UTC

; 

; external perimeters extrusion width = 0.45mm
; perimeters extrusion width = 0.45mm
; infill extrusion width = 0.45mm
; solid infill extrusion width = 0.45mm
; top infill extrusion width = 0.40mm
; first layer extrusion width = 0.70mm

;TYPE:Custom
M862.3 P "MK2S" ; printer model check
M862.1 P0.4 ; nozzle diameter check
M115 U3.2.3 ; tell printer latest fw version
G90 ; use absolute coordinates
M83 ; extruder relative mode
M204 S2000 T1500 ; MK2 firmware only supports the old M204 format
M104 S215 ; set extruder temp
M140 S55 ; set bed temp
M190 S55 ; wait for bed temp
M109 S215 ; wait for extruder temp
G28 W ; home all without mesh bed level
G80 ; mesh bed leveling
G1 Z0.2 F720
G1 Y-2 F1000 ; go outside print area
G92 E0
G1 X60 E9 F1000 ; intro line
G1 X100 E12.5 F1000 ; intro line
G92 E0
G21 ; set units to millimeters
G90 ; use absolute coordinates
M82 ; use absolute distances for extrusion
G92 E0
; Filament gcode
M107
;LAYER_CHANGE
;Z:0.35
;HEIGHT:0.35
G1 E-2 F2400
G92 E0
G1 Z.35 F7800
G92 E0
G1 X125 Y146.064
G1 E2 F2400
;TYPE:Perimeter
;WIDTH:0.7
G1 F1800
G1 X124.837 Y145.866 E2.02332
G1 X124.571 Y145.691 E2.05227
G1 X124.302 Y145.582 E2.07866
G1 X123.851 Y145.516 E2.12011
G1 X105.925 Y145.516 E3.75011
G1 X105.925 Y77.081 E9.97287
G1 X144.075 Y77.081 E13.44183
G1 X144.075 Y145.516 E19.66459
G1 X126.073 Y145.516 E21.3015
G1 X125.592 Y145.618 E21.34621
G1 X125.163 Y145.866 E21.39127
G1 X125.038 Y146.017 E21.40909
G1 X125.345 Y146.608 F7800
G1 F1800
G1 X125.322 Y146.636 E21.41238
G1 X125.215 Y147.159 E21.46092
G1 X125.298 Y147.346 E21.47952
;WIDTH:0.656952
G1 X125.38 Y147.533 E21.49681
;WIDTH:0.613905
G1 X124.62 Y147.533 E21.5564
;WIDTH:0.656952
G1 X124.702 Y147.346 E21.57369
;WIDTH:0.7
G1 X124.785 Y147.159 E21.59229
G1 X124.678 Y146.636 E21.64083
G1 X124.443 Y146.35 E21.67449
G1 X124.185 Y146.202 E21.70154
G1 X123.851 Y146.14 E21.73243
G1 X105.3 Y146.14 E23.41926
G1 X105.3 Y76.456 E29.75559
G1 X144.7 Y76.456 E33.33821
G1 X144.7 Y146.14 E39.67454
G1 X126.149 Y146.14 E41.36137
G1 X125.878 Y146.18 E41.38628
G1 X125.557 Y146.35 E41.41931
G1 X125.383 Y146.562 E41.44425
G1 X125.888 Y146.917 F7800
;TYPE:External perimeter
G1 F1800
G1 X125.873 Y146.931 E41.44612
G1 X125.837 Y147.105 E41.46228
G1 X125.881 Y147.238 E41.47502
G1 X126.407 Y148.115 E41.56801
G1 X123.593 Y148.115 E41.82389
G1 X124.165 Y147.162 E41.92496
G1 X124.127 Y146.931 E41.94625
G1 X124.048 Y146.835 E41.95755
G1 X123.851 Y146.765 E41.97656
G1 X104.675 Y146.765 E43.72022
G1 X104.675 Y75.831 E50.17021
G1 X145.325 Y75.831 E53.8665
G1 X145.325 Y146.765 E60.31649
G1 X126.061 Y146.765 E62.06816
G1 X125.933 Y146.878 E62.08369
G1 X125.913 Y147.277 F7800
G1 E60.08369 F2400
G92 E0
G1 X143.888 Y78.542 F7800
G1 E2 F2400
;TYPE:Solid infill
;WIDTH:0.704733
G1 F1800
G1 X142.896 Y77.55 E2.12853
G1 X142.005 Y77.55 E2.21016
G1 X143.607 Y79.151 E2.41766
G1 X143.607 Y80.041 E2.4992
G1 X141.115 Y77.55 E2.82202
G1 X140.224 Y77.55 E2.90365
G1 X143.607 Y80.932 E3.34191
G1 X143.607 Y81.822 E3.42345
G1 X139.334 Y77.55 E3.97703
G1 X138.444 Y77.55 E4.05857
G1 X143.607 Y82.713 E4.72753
G1 X143.607 Y83.603 E4.80907
G1 X137.553 Y77.55 E5.59341
G1 X136.663 Y77.55 E5.67495
G1 X143.607 Y84.493 E6.5746
G1 X143.607 Y85.384 E6.65623
G1 X135.772 Y77.55 E7.67133
G1 X134.882 Y77.55 E7.75287
G1 X143.607 Y86.274 E8.88328
G1 X143.607 Y87.165 E8.96491
G1 X133.992 Y77.55 E10.2107
G1 X133.101 Y77.55 E10.29233
G1 X143.607 Y88.055 E11.6535
G1 X143.607 Y88.945 E11.73504
G1 X132.211 Y77.55 E13.21153
G1 X131.32 Y77.55 E13.29316
G1 X143.607 Y89.836 E14.88509
G1 X143.607 Y90.726 E14.96663
G1 X130.43 Y77.55 E16.67388
G1 X129.539 Y77.55 E16.75551
G1 X143.607 Y91.617 E18.5782
G1 X143.607 Y92.507 E18.65974
G1 X128.649 Y77.55 E20.59775
G1 X127.759 Y77.55 E20.67929
G1 X143.607 Y93.398 E22.73268
G1 X143.607 Y94.288 E22.81422
G1 X126.868 Y77.55 E24.98299
G1 X125.978 Y77.55 E25.06453
G1 X143.607 Y95.178 E27.34862
G1 X143.607 Y96.069 E27.43025
G1 X125.087 Y77.55 E29.82978
G1 X124.197 Y77.55 E29.91132
G1 X143.607 Y96.959 E32.42617
G1 X143.607 Y97.85 E32.5078
G1 X123.307 Y77.55 E35.13803
G1 X122.416 Y77.55 E35.21966
G1 X143.607 Y98.74 E37.96527
G1 X143.607 Y99.631 E38.0469
G1 X121.526 Y77.55 E40.90789
G1 X120.635 Y77.55 E40.98952
G1 X143.607 Y100.521 E43.96589
G1 X143.607 Y101.411 E44.04743
G1 X119.745 Y77.55 E47.13911
G1 X118.854 Y77.55 E47.22074
G1 X143.607 Y102.302 E50.42787
G1 X143.607 Y103.192 E50.50941
G1 X117.964 Y77.55 E53.83185
G1 X117.074 Y77.55 E53.91339
G1 X143.607 Y104.083 E57.35121
G1 X143.607 Y104.973 E57.43275
G1 X116.183 Y77.55 E60.98595
G1 X115.293 Y77.55 E61.06749
G1 X143.607 Y105.863 E64.73601
G1 X143.607 Y106.754 E64.81764
G1 X114.402 Y77.55 E68.6016
G1 X113.512 Y77.55 E68.68314
G1 X143.607 Y107.644 E72.58242
G1 X143.607 Y108.535 E72.66405
G1 X112.621 Y77.55 E76.67877
G1 X111.731 Y77.55 E76.76031
G1 X143.607 Y109.425 E80.89035
G1 X143.607 Y110.316 E80.97198
G1 X110.841 Y77.55 E85.2174
G1 X109.95 Y77.55 E85.29903
G1 X143.607 Y111.206 E89.65983
G1 X143.607 Y112.096 E89.74137
G1 X109.06 Y77.55 E94.21748
G1 X108.169 Y77.55 E94.29911
G1 X143.607 Y112.987 E98.89067
G1 X143.607 Y113.877 E98.97221
G1 X107.279 Y77.55 E103.67908
G1 X106.393 Y77.55 E103.76025
G1 X143.607 Y114.768 E108.58224
G1 X143.607 Y115.658 E108.66378
G1 X106.393 Y78.445 E113.48545
G1 X106.393 Y79.335 E113.56699
G1 X143.607 Y116.549 E118.38872
G1 X143.607 Y117.439 E118.47026
G1 X106.393 Y80.226 E123.29193
G1 X106.393 Y81.116 E123.37347
G1 X143.607 Y118.329 E128.19514
G1 X143.607 Y119.22 E128.27677
G1 X106.393 Y82.007 E133.09844
G1 X106.393 Y82.897 E133.17998
G1 X143.607 Y120.11 E138.00165
G1 X143.607 Y121.001 E138.08328
G1 X106.393 Y83.787 E142.90501
G1 X106.393 Y84.678 E142.98664
G1 X143.607 Y121.891 E147.80831
G1 X143.607 Y122.781 E147.88985
G1 X106.393 Y85.568 E152.71152
G1 X106.393 Y86.459 E152.79315
G1 X143.607 Y123.672 E157.61482
G1 X143.607 Y124.562 E157.69636
G1 X106.393 Y87.349 E162.51803
G1 X106.393 Y88.24 E162.59966
G1 X143.607 Y125.453 E167.42133
G1 X143.607 Y126.343 E167.50287
G1 X106.393 Y89.13 E172.32454
G1 X106.393 Y90.02 E172.40608
G1 X143.607 Y127.234 E177.22781
G1 X143.607 Y128.124 E177.30935
G1 X106.393 Y90.911 E182.13102
G1 X106.393 Y91.801 E182.21256
G1 X143.607 Y129.014 E187.03423
G1 X143.607 Y129.905 E187.11586
G1 X106.393 Y92.692 E191.93753
G1 X106.393 Y93.582 E192.01907
G1 X143.607 Y130.795 E196.84074
G1 X143.607 Y131.686 E196.92237
G1 X106.393 Y94.473 E201.74404
G1 X106.393 Y95.363 E201.82558
G1 X143.607 Y132.576 E206.64725
G1 X143.607 Y133.466 E206.72879
G1 X106.393 Y96.253 E211.55046
G1 X106.393 Y97.144 E211.63209
G1 X143.607 Y134.357 E216.45376
G1 X143.607 Y135.247 E216.5353
G1 X106.393 Y98.034 E221.35697
G1 X106.393 Y98.925 E221.4386
G1 X143.607 Y136.138 E226.26027
G1 X143.607 Y137.028 E226.34181
G1 X106.393 Y99.815 E231.16348
G1 X106.393 Y100.705 E231.24502
G1 X143.607 Y137.919 E236.06675
G1 X143.607 Y138.809 E236.14829
G1 X106.393 Y101.596 E240.96996
G1 X106.393 Y102.486 E241.0515
G1 X143.607 Y139.699 E245.87317
G1 X143.607 Y140.59 E245.9548
G1 X106.393 Y103.377 E250.77647
G1 X106.393 Y104.267 E250.85801
G1 X143.607 Y141.48 E255.67968
G1 X143.607 Y142.371 E255.76131
G1 X106.393 Y105.158 E260.58298
G1 X106.393 Y106.048 E260.66452
G1 X143.607 Y143.261 E265.48619
G1 X143.607 Y144.152 E265.56782
G1 X106.393 Y106.938 E270.38955
G1 X106.393 Y107.829 E270.47118
G1 X143.607 Y145.047 E275.29317
G1 X142.721 Y145.047 E275.37434
G1 X106.393 Y108.719 E280.08128
G1 X106.393 Y109.61 E280.16291
G1 X141.831 Y145.047 E284.75447
G1 X140.94 Y145.047 E284.8361
G1 X106.393 Y110.5 E289.31228
G1 X106.393 Y111.391 E289.39391
G1 X140.05 Y145.047 E293.75471
G1 X139.159 Y145.047 E293.83634
G1 X106.393 Y112.281 E298.08176
G1 X106.393 Y113.171 E298.1633
G1 X138.269 Y145.047 E302.2934
G1 X137.379 Y145.047 E302.37494
G1 X106.393 Y114.062 E306.38966
G1 X106.393 Y114.952 E306.4712
G1 X136.488 Y145.047 E310.37054
G1 X135.598 Y145.047 E310.45208
G1 X106.393 Y115.843 E314.23604
G1 X106.393 Y116.733 E314.31758
G1 X134.707 Y145.047 E317.98616
G1 X133.817 Y145.047 E318.0677
G1 X106.393 Y117.623 E321.62097
G1 X106.393 Y118.514 E321.7026
G1 X132.926 Y145.047 E325.14042
G1 X132.036 Y145.047 E325.22196
G1 X106.393 Y119.404 E328.54447
G1 X106.393 Y120.295 E328.6261
G1 X131.146 Y145.047 E331.83323
G1 X130.255 Y145.047 E331.91486
G1 X106.393 Y121.185 E335.00661
G1 X106.393 Y122.076 E335.08824
G1 X129.365 Y145.047 E338.06461
G1 X128.474 Y145.047 E338.14624
G1 X106.393 Y122.966 E341.00723
G1 X106.393 Y123.856 E341.08877
G1 X127.584 Y145.047 E343.83444
G1 X126.693 Y145.047 E343.91607
G1 X106.393 Y124.747 E346.5463
G1 X106.393 Y125.637 E346.62784
G1 X125.831 Y145.075 E349.14638
G1 X125.427 Y145.179 E349.1846
G1 X125.169 Y145.303 E349.21083
G1 X106.393 Y126.528 E351.64353
G1 X106.393 Y127.418 E351.72507
G1 X124.039 Y145.063 E354.01136
G1 X123.858 Y145.047 E354.02801
G1 X123.132 Y145.047 E354.09452
G1 X106.393 Y128.308 E356.26335
G1 X106.393 Y129.199 E356.34498
G1 X122.241 Y145.047 E358.39837
G1 X121.351 Y145.047 E358.47991
G1 X106.393 Y130.089 E360.41798
G1 X106.393 Y130.98 E360.49961
G1 X120.461 Y145.047 E362.3223
G1 X119.57 Y145.047 E362.40393
G1 X106.393 Y131.87 E364.11124
G1 X106.393 Y132.761 E364.19287
G1 X118.68 Y145.047 E365.7848
G1 X117.789 Y145.047 E365.86643
G1 X106.393 Y133.651 E367.34298
G1 X106.393 Y134.541 E367.42452
G1 X116.899 Y145.047 E368.78576
G1 X116.008 Y145.047 E368.86739
G1 X106.393 Y135.432 E370.11318
G1 X106.393 Y136.322 E370.19472
G1 X115.118 Y145.047 E371.3252
G1 X114.228 Y145.047 E371.40674
G1 X106.393 Y137.213 E372.42184
G1 X106.393 Y138.103 E372.50338
G1 X113.337 Y145.047 E373.4031
G1 X112.447 Y145.047 E373.48464
G1 X106.393 Y138.994 E374.26898
G1 X106.393 Y139.884 E374.35052
G1 X111.556 Y145.047 E375.01948
G1 X110.666 Y145.047 E375.10102
G1 X106.393 Y140.774 E375.65466
G1 X106.393 Y141.665 E375.73629
G1 X109.776 Y145.047 E376.17455
G1 X108.885 Y145.047 E376.25618
G1 X106.393 Y142.555 E376.57906
G1 X106.393 Y143.446 E376.66069
G1 X107.995 Y145.047 E376.86819
G1 X107.104 Y145.047 E376.94982
G1 X106.112 Y144.055 E377.07835
;LAYER_CHANGE
;Z:0.65
;HEIGHT:0.3
G1 E375.07835 F2400
G92 E0
G1 Z.65 F7800
;AFTER_LAYER_CHANGE
;0.65
G1 X125.327 Y146.605
G1 E2 F2400
;TYPE:Perimeter
;WIDTH:0.45
G1 F1500
G1 X125.309 Y146.627 E2.00137
G1 X125.198 Y147.167 E2.02789
;WIDTH:0.46492
G1 X125.281 Y147.462 E2.0432
G1 X124.719 Y147.462 E2.07128
G1 X124.802 Y147.167 E2.08659
;WIDTH:0.45
G1 X124.691 Y146.627 E2.11311
G1 X124.451 Y146.336 E2.13125
G1 X124.187 Y146.183 E2.14593
G1 X123.842 Y146.119 E2.16281
G1 X105.321 Y146.119 E3.05361
G1 X105.321 Y75.915 E6.43018
G1 X144.679 Y75.915 E8.32316
G1 X144.679 Y146.119 E11.69973
G1 X126.158 Y146.119 E12.59053
G1 X125.878 Y146.161 E12.60415
G1 X125.549 Y146.336 E12.62207
G1 X125.365 Y146.559 E12.63598
G1 X125.665 Y146.794 F7800
G1 F1500
G1 X125.648 Y146.81 E12.6371
G1 X125.582 Y147.134 E12.653
G1 X125.662 Y147.381 E12.66549
G1 X125.947 Y147.855 E12.69209
G1 X124.053 Y147.855 E12.78318
G1 X124.338 Y147.381 E12.80978
G1 X124.414 Y147.171 E12.82052
G1 X124.352 Y146.81 E12.83814
G1 X124.109 Y146.57 E12.85457
G1 X123.842 Y146.505 E12.86779
G1 X104.936 Y146.505 E13.7771
G1 X104.936 Y75.529 E17.1908
G1 X145.064 Y75.529 E19.12082
G1 X145.064 Y146.505 E22.53452
G1 X126.158 Y146.505 E23.44383
G1 X125.891 Y146.57 E23.45705
G1 X125.707 Y146.751 E23.46946
G1 X126.008 Y147 F7800
;TYPE:External perimeter
G1 F1500
G1 X125.966 Y147.1 E23.47468
G1 X125.993 Y147.182 E23.47883
G1 X126.628 Y148.24 E23.53818
G1 X123.372 Y148.24 E23.69478
G1 X124.043 Y147.122 E23.75749
G1 X123.964 Y146.934 E23.7673
G1 X123.842 Y146.89 E23.77354
G1 X104.55 Y146.89 E24.70142
G1 X104.55 Y75.281 E28.14556
;TYPE:Overhang perimeter
;WIDTH:0.4
;HEIGHT:0.4
G1 X104.55 Y75.143 E28.15277
G1 X145.45 Y75.143 E30.28959
G1 X145.45 Y75.281 E30.2968
;TYPE:External perimeter
;WIDTH:0.45
;HEIGHT:0.3
G1 X145.45 Y146.89 E33.74094
G1 X126.158 Y146.89 E34.66882
G1 X126.036 Y146.934 E34.67506
G1 X126.032 Y146.945 E34.67562
G1 X126.095 Y147.34 F7800
G1 E32.67562 F2400
G92 E0
G1 X105.715 Y76.235 F7800
G1 E2 F2400
;TYPE:Solid infill
;WIDTH:0.543559
G1 F1200
G1 X105.673 Y76.193 E2.00355
G1 X105.615 Y76.208 E2.00713
G1 X105.599 Y76.266 E2.01073
G1 X105.642 Y76.308 E2.01432
G1 X105.7 Y76.293 E2.0179
;WIDTH:0.45
G1 X106.316 Y76.204 E2.04784
G1 X105.61 Y76.909 E2.09583
G1 X105.61 Y77.454 E2.12204
G1 X106.861 Y76.204 E2.2071
G1 X107.406 Y76.204 E2.23331
G1 X105.61 Y77.999 E2.35544
G1 X105.61 Y78.545 E2.3817
G1 X107.952 Y76.204 E2.54097
G1 X108.497 Y76.204 E2.56718
G1 X105.61 Y79.09 E2.76352
G1 X105.61 Y79.636 E2.78978
G1 X109.042 Y76.204 E3.02322
G1 X109.588 Y76.204 E3.04948
G1 X105.61 Y80.181 E3.32002
G1 X105.61 Y80.726 E3.34623
G1 X110.133 Y76.204 E3.65384
G1 X110.678 Y76.204 E3.68005
G1 X105.61 Y81.272 E4.02477
G1 X105.61 Y81.817 E4.05098
G1 X111.224 Y76.204 E4.4328
G1 X111.769 Y76.204 E4.45901
G1 X105.61 Y82.362 E4.8779
G1 X105.61 Y82.908 E4.90416
G1 X112.314 Y76.204 E5.36016
G1 X112.86 Y76.204 E5.38642
G1 X105.61 Y83.453 E5.87952
G1 X105.61 Y83.998 E5.90573
G1 X113.405 Y76.204 E6.4359
G1 X113.95 Y76.204 E6.46211
G1 X105.61 Y84.544 E7.02939
G1 X105.61 Y85.089 E7.0556
G1 X114.496 Y76.204 E7.65998
G1 X115.041 Y76.204 E7.68619
G1 X105.61 Y85.634 E8.32764
G1 X105.61 Y86.18 E8.3539
G1 X115.586 Y76.204 E9.03246
G1 X116.132 Y76.204 E9.05872
G1 X105.61 Y86.725 E9.77438
G1 X105.61 Y87.27 E9.80059
G1 X116.677 Y76.204 E10.55332
G1 X117.222 Y76.204 E10.57953
G1 X105.61 Y87.816 E11.36936
G1 X105.61 Y88.361 E11.39557
G1 X117.768 Y76.204 E12.22251
G1 X118.313 Y76.204 E12.24872
G1 X105.61 Y88.906 E13.11273
G1 X105.61 Y89.452 E13.13899
G1 X118.859 Y76.204 E14.04014
G1 X119.404 Y76.204 E14.06635
G1 X105.61 Y89.997 E15.00457
G1 X105.61 Y90.542 E15.03078
G1 X119.949 Y76.204 E16.00607
G1 X120.495 Y76.204 E16.03233
G1 X105.61 Y91.088 E17.04476
G1 X105.61 Y91.633 E17.07097
G1 X121.04 Y76.204 E18.12047
G1 X121.585 Y76.204 E18.14668
G1 X105.61 Y92.179 E19.23328
G1 X105.61 Y92.724 E19.25949
G1 X122.131 Y76.204 E20.38319
G1 X122.676 Y76.204 E20.4094
G1 X105.61 Y93.269 E21.57017
G1 X105.61 Y93.815 E21.59643
G1 X123.221 Y76.204 E22.79431
G1 X123.767 Y76.204 E22.82057
G1 X105.61 Y94.36 E24.05555
G1 X105.61 Y94.905 E24.08176
G1 X124.312 Y76.204 E25.35381
G1 X124.857 Y76.204 E25.38002
G1 X105.61 Y95.451 E26.68918
G1 X105.61 Y95.996 E26.71539
G1 X125.403 Y76.204 E28.06165
G1 X125.948 Y76.204 E28.08786
G1 X105.61 Y96.541 E29.47119
G1 X105.61 Y97.087 E29.49745
G1 X126.493 Y76.204 E30.91789
G1 X127.039 Y76.204 E30.94415
G1 X105.61 Y97.632 E32.40169
G1 X105.61 Y98.177 E32.4279
G1 X127.584 Y76.204 E33.92251
G1 X128.129 Y76.204 E33.94872
G1 X105.61 Y98.723 E35.48043
G1 X105.61 Y99.268 E35.50664
G1 X128.675 Y76.204 E37.07546
G1 X129.22 Y76.204 E37.10167
G1 X105.61 Y99.813 E38.70756
G1 X105.61 Y100.359 E38.73382
G1 X129.765 Y76.204 E40.37681
G1 X130.311 Y76.204 E40.40307
G1 X105.61 Y100.904 E42.08317
G1 X105.61 Y101.449 E42.10938
G1 X130.856 Y76.204 E43.82655
G1 X131.402 Y76.204 E43.85281
G1 X105.61 Y101.995 E45.60712
G1 X105.61 Y102.54 E45.63333
G1 X131.947 Y76.204 E47.42471
G1 X132.492 Y76.204 E47.45092
G1 X105.61 Y103.085 E49.27937
G1 X105.61 Y103.631 E49.30563
G1 X133.038 Y76.204 E51.17121
G1 X133.583 Y76.204 E51.19742
G1 X105.61 Y104.176 E53.10007
G1 X105.61 Y104.722 E53.12633
G1 X134.128 Y76.204 E55.06609
G1 X134.674 Y76.204 E55.09235
G1 X105.61 Y105.267 E57.06921
G1 X105.61 Y105.812 E57.09542
G1 X135.219 Y76.204 E59.10935
G1 X135.764 Y76.204 E59.13556
G1 X105.61 Y106.358 E61.1866
G1 X105.61 Y106.903 E61.21281
G1 X136.31 Y76.204 E63.30095
G1 X136.855 Y76.204 E63.32716
G1 X105.61 Y107.448 E65.45237
G1 X105.61 Y107.994 E65.47863
G1 X137.4 Y76.204 E67.64095
G1 X137.946 Y76.204 E67.66721
G1 X105.61 Y108.539 E69.86663
G1 X105.61 Y109.084 E69.89284
G1 X138.491 Y76.204 E72.12933
G1 X139.036 Y76.204 E72.15554
G1 X105.61 Y109.63 E74.42914
G1 X105.61 Y110.175 E74.45535
G1 X139.582 Y76.204 E76.76605
G1 X140.127 Y76.204 E76.79226
G1 X105.61 Y110.72 E79.14003
G1 X105.61 Y111.266 E79.16629
G1 X140.672 Y76.204 E81.55116
G1 X141.218 Y76.204 E81.57742
G1 X105.61 Y111.811 E83.9994
G1 X105.61 Y112.356 E84.02561
G1 X141.763 Y76.204 E86.48466
G1 X142.308 Y76.204 E86.51087
G1 X105.61 Y112.902 E89.00702
G1 X105.61 Y113.447 E89.03323
G1 X142.854 Y76.204 E91.56649
G1 X143.399 Y76.204 E91.5927
G1 X105.61 Y113.992 E94.16303
G1 X105.61 Y114.538 E94.18929
G1 X143.945 Y76.204 E96.79676
G1 X144.548 Y76.075 E96.82642
;WIDTH:0.404381
G1 X144.477 Y76.056 E96.82954
G1 X144.496 Y76.127 E96.83266
G1 X144.537 Y76.116 E96.83446
;WIDTH:0.45
G1 X144.39 Y76.304 E96.84594
G1 X105.61 Y115.083 E99.48367
G1 X105.61 Y115.628 E99.50988
G1 X144.39 Y76.849 E102.14761
G1 X144.39 Y77.395 E102.17387
G1 X105.61 Y116.174 E104.8116
G1 X105.61 Y116.719 E104.83781
G1 X144.39 Y77.94 E107.47554
G1 X144.39 Y78.485 E107.50175
G1 X105.61 Y117.265 E110.13952
G1 X105.61 Y117.81 E110.16573
G1 X144.39 Y79.031 E112.80346
G1 X144.39 Y79.576 E112.82967
G1 X105.61 Y118.355 E115.4674
G1 X105.61 Y118.901 E115.49366
G1 X144.39 Y80.121 E118.13143
G1 X144.39 Y80.667 E118.15769
G1 X105.61 Y119.446 E120.79542
G1 X105.61 Y119.991 E120.82163
G1 X144.39 Y81.212 E123.45936
G1 X144.39 Y81.758 E123.48562
G1 X105.61 Y120.537 E126.12335
G1 X105.61 Y121.082 E126.14956
G1 X144.39 Y82.303 E128.78729
G1 X144.39 Y82.848 E128.8135
G1 X105.61 Y121.627 E131.45123
G1 X105.61 Y122.173 E131.47749
G1 X144.39 Y83.394 E134.11522
G1 X144.39 Y83.939 E134.14143
G1 X105.61 Y122.718 E136.77916
G1 X105.61 Y123.263 E136.80537
G1 X144.39 Y84.484 E139.4431
G1 X144.39 Y85.03 E139.46936
G1 X105.61 Y123.809 E142.10709
G1 X105.61 Y124.354 E142.1333
G1 X144.39 Y85.575 E144.77103
G1 X144.39 Y86.12 E144.79724
G1 X105.61 Y124.899 E147.43497
G1 X105.61 Y125.445 E147.46123
G1 X144.39 Y86.666 E150.09896
G1 X144.39 Y87.211 E150.12517
G1 X105.61 Y125.99 E152.7629
G1 X105.61 Y126.535 E152.78911
G1 X144.39 Y87.756 E155.42684
G1 X144.39 Y88.302 E155.4531
G1 X105.61 Y127.081 E158.09083
G1 X105.61 Y127.626 E158.11704
G1 X144.39 Y88.847 E160.75477
G1 X144.39 Y89.392 E160.78098
G1 X105.61 Y128.171 E163.41871
G1 X105.61 Y128.717 E163.44497
G1 X144.39 Y89.938 E166.0827
G1 X144.39 Y90.483 E166.10891
G1 X105.61 Y129.262 E168.74664
G1 X105.61 Y129.808 E168.7729
G1 X144.39 Y91.028 E171.41067
G1 X144.39 Y91.574 E171.43693
G1 X105.61 Y130.353 E174.07466
G1 X105.61 Y130.898 E174.10087
G1 X144.39 Y92.119 E176.7386
G1 X144.39 Y92.664 E176.76481
G1 X105.61 Y131.444 E179.40258
G1 X105.61 Y131.989 E179.42879
G1 X144.39 Y93.21 E182.06652
G1 X144.39 Y93.755 E182.09273
G1 X105.61 Y132.534 E184.73046
G1 X105.61 Y133.08 E184.75672
G1 X144.39 Y94.301 E187.39445
G1 X144.39 Y94.846 E187.42066
G1 X105.61 Y133.625 E190.05839
G1 X105.61 Y134.17 E190.0846
G1 X144.39 Y95.391 E192.72233
G1 X144.39 Y95.937 E192.74859
G1 X105.61 Y134.716 E195.38632
G1 X105.61 Y135.261 E195.41253
G1 X144.39 Y96.482 E198.05026
G1 X144.39 Y97.027 E198.07647
G1 X105.61 Y135.806 E200.7142
G1 X105.61 Y136.352 E200.74046
G1 X144.39 Y97.573 E203.37819
G1 X144.39 Y98.118 E203.4044
G1 X105.61 Y136.897 E206.04213
G1 X105.61 Y137.442 E206.06834
G1 X144.39 Y98.663 E208.70607
G1 X144.39 Y99.209 E208.73233
G1 X105.61 Y137.988 E211.37006
G1 X105.61 Y138.533 E211.39627
G1 X144.39 Y99.754 E214.034
G1 X144.39 Y100.299 E214.06021
G1 X105.61 Y139.078 E216.69794
G1 X105.61 Y139.624 E216.7242
G1 X144.39 Y100.845 E219.36193
G1 X144.39 Y101.39 E219.38814
G1 X105.61 Y140.169 E222.02587
G1 X105.61 Y140.714 E222.05208
G1 X144.39 Y101.935 E224.68981
G1 X144.39 Y102.481 E224.71607
G1 X105.61 Y141.26 E227.3538
G1 X105.61 Y141.805 E227.38001
G1 X144.39 Y103.026 E230.01774
G1 X144.39 Y103.571 E230.04395
G1 X105.61 Y142.351 E232.68172
G1 X105.61 Y142.896 E232.70793
G1 X144.39 Y104.117 E235.34566
G1 X144.39 Y104.662 E235.37187
G1 X105.61 Y143.441 E238.0096
G1 X105.61 Y143.987 E238.03586
G1 X144.39 Y105.207 E240.67363
G1 X144.39 Y105.753 E240.69989
G1 X105.61 Y144.532 E243.33762
G1 X105.61 Y145.077 E243.36383
G1 X144.39 Y106.298 E246.00156
G1 X144.39 Y106.844 E246.02782
G1 X105.61 Y145.623 E248.66555
G1 X105.566 Y145.905 E248.67928
;WIDTH:0.404381
G1 X105.495 Y145.886 E248.6824
G1 X105.514 Y145.957 E248.68552
G1 X105.555 Y145.946 E248.68732
;WIDTH:0.45
G1 X105.948 Y145.83 E248.70703
G1 X144.39 Y107.389 E251.32177
G1 X144.39 Y107.934 E251.34798
G1 X106.494 Y145.83 E253.92562
G1 X107.039 Y145.83 E253.95183
G1 X144.39 Y108.48 E256.49236
G1 X144.39 Y109.025 E256.51857
G1 X107.584 Y145.83 E259.02203
G1 X108.13 Y145.83 E259.04829
G1 X144.39 Y109.57 E261.51465
G1 X144.39 Y110.116 E261.54091
G1 X108.675 Y145.83 E263.97017
G1 X109.22 Y145.83 E263.99638
G1 X144.39 Y110.661 E266.38857
G1 X144.39 Y111.206 E266.41478
G1 X109.765 Y145.83 E268.7699
G1 X110.311 Y145.831 E268.79616
G1 X144.39 Y111.752 E271.11417
G1 X144.39 Y112.297 E271.14038
G1 X110.856 Y145.831 E273.42132
G1 X111.401 Y145.831 E273.44753
G1 X144.39 Y112.842 E275.6914
G1 X144.39 Y113.388 E275.71766
G1 X111.946 Y145.831 E277.92443
G1 X112.492 Y145.831 E277.95069
G1 X144.39 Y113.933 E280.12035
G1 X144.39 Y114.478 E280.14656
G1 X113.037 Y145.831 E282.27915
G1 X113.582 Y145.831 E282.30536
G1 X144.39 Y115.024 E284.40085
G1 X144.39 Y115.569 E284.42706
G1 X114.127 Y145.831 E286.48548
G1 X114.673 Y145.831 E286.51174
G1 X144.39 Y116.114 E288.53305
G1 X144.39 Y116.66 E288.55931
G1 X115.218 Y145.831 E290.54352
G1 X115.763 Y145.831 E290.56973
G1 X144.39 Y117.205 E292.51687
G1 X144.39 Y117.75 E292.54308
G1 X116.309 Y145.831 E294.45311
G1 X116.854 Y145.832 E294.47932
G1 X144.39 Y118.296 E296.35228
G1 X144.39 Y118.841 E296.37849
G1 X117.399 Y145.832 E298.21438
G1 X117.944 Y145.832 E298.24059
G1 X144.39 Y119.386 E300.03941
G1 X144.39 Y119.932 E300.06567
G1 X118.49 Y145.832 E301.82736
G1 X119.035 Y145.832 E301.85357
G1 X144.39 Y120.477 E303.57819
G1 X144.39 Y121.023 E303.60445
G1 X119.58 Y145.832 E305.29196
G1 X120.125 Y145.832 E305.31817
G1 X144.39 Y121.568 E306.96861
G1 X144.39 Y122.113 E306.99482
G1 X120.671 Y145.832 E308.60816
G1 X121.216 Y145.832 E308.63437
G1 X144.39 Y122.659 E310.2106
G1 X144.39 Y123.204 E310.23681
G1 X121.761 Y145.832 E311.77597
G1 X122.306 Y145.832 E311.80218
G1 X144.39 Y123.749 E313.30427
G1 X144.39 Y124.295 E313.33053
G1 X122.852 Y145.832 E314.79548
G1 X123.397 Y145.833 E314.82169
G1 X144.39 Y124.84 E316.24961
G1 X144.39 Y125.385 E316.27582
G1 X123.94 Y145.834 E317.66677
G1 X124.37 Y145.95 E317.68819
G1 X144.39 Y125.931 E319.04989
G1 X144.39 Y126.476 E319.0761
G1 X124.689 Y146.176 E320.4161
G1 X124.884 Y146.791 E320.44713
;WIDTH:0.404381
G1 X124.981 Y146.793 E320.45124
G1 X125.086 Y146.75 E320.45605
;WIDTH:0.45
G1 X124.936 Y146.475 E320.47112
G1 X144.39 Y127.021 E321.79436
G1 X144.39 Y127.567 E321.82062
G1 X126.124 Y145.833 E323.06305
G1 X125.892 Y145.971 E323.07603
;WIDTH:0.404381
G1 X125.821 Y145.952 E323.07915
G1 X125.84 Y146.023 E323.08227
G1 X125.881 Y146.012 E323.08407
G1 X126.669 Y145.833 F7800
;WIDTH:0.45
G1 F1200
G1 X144.39 Y128.112 E324.28943
G1 X144.39 Y128.657 E324.31564
G1 X127.214 Y145.832 E325.4839
G1 X127.76 Y145.832 E325.51016
G1 X144.39 Y129.203 E326.64128
G1 X144.39 Y129.748 E326.66749
G1 X128.305 Y145.832 E327.76154
G1 X128.851 Y145.832 E327.7878
G1 X144.39 Y130.293 E328.84474
G1 X144.39 Y130.839 E328.871
G1 X129.396 Y145.832 E329.89084
G1 X129.942 Y145.832 E329.9171
G1 X144.39 Y131.384 E330.89984
G1 X144.39 Y131.929 E330.92605
G1 X130.487 Y145.832 E331.87171
G1 X131.032 Y145.832 E331.89792
G1 X144.39 Y132.475 E332.80648
G1 X144.39 Y133.02 E332.83269
G1 X131.578 Y145.832 E333.70415
G1 X132.123 Y145.832 E333.73036
G1 X144.39 Y133.566 E334.56471
G1 X144.39 Y134.111 E334.59092
G1 X132.669 Y145.832 E335.38817
G1 X133.214 Y145.832 E335.41438
G1 X144.39 Y134.656 E336.17456
G1 X144.39 Y135.202 E336.20082
G1 X133.76 Y145.831 E336.92383
G1 X134.305 Y145.831 E336.95004
G1 X144.39 Y135.747 E337.63598
G1 X144.39 Y136.292 E337.66219
G1 X134.851 Y145.831 E338.31102
G1 X135.396 Y145.831 E338.33723
G1 X144.39 Y136.838 E338.94896
G1 X144.39 Y137.383 E338.97517
G1 X135.941 Y145.831 E339.54983
G1 X136.487 Y145.831 E339.57609
G1 X144.39 Y137.928 E340.11364
G1 X144.39 Y138.474 E340.1399
G1 X137.032 Y145.831 E340.64035
G1 X137.578 Y145.831 E340.66661
G1 X144.39 Y139.019 E341.12995
G1 X144.39 Y139.564 E341.15616
G1 X138.123 Y145.831 E341.58243
G1 X138.669 Y145.831 E341.60869
G1 X144.39 Y140.11 E341.99783
G1 X144.39 Y140.655 E342.02404
G1 X139.214 Y145.831 E342.37611
G1 X139.759 Y145.831 E342.40232
G1 X144.39 Y141.2 E342.71731
G1 X144.39 Y141.746 E342.74357
G1 X140.305 Y145.83 E343.02139
G1 X140.85 Y145.83 E343.0476
G1 X144.39 Y142.291 E343.28835
G1 X144.39 Y142.836 E343.31456
G1 X141.396 Y145.83 E343.51821
G1 X141.941 Y145.83 E343.54442
G1 X144.39 Y143.382 E343.71096
G1 X144.39 Y143.927 E343.73717
G1 X142.487 Y145.83 E343.86661
G1 E341.86661 F2400
G92 E0
G1 X144.253 Y144.609 F7800
G1 E2 F2400
G1 F1200
G1 X143.032 Y145.83 E2.08305
G1 X144.39 Y145.83 E2.14837
G1 X144.39 Y144.472 E2.21369
G1 X144.041 Y145.419 F7800
;WIDTH:0.473919
G1 F1200
G1 X144.005 Y145.383 E2.21629
G1 X143.956 Y145.396 E2.21888
G1 X143.943 Y145.446 E2.22152
G1 X143.979 Y145.482 E2.22412
G1 X144.028 Y145.469 E2.22671
;LAYER_CHANGE
;Z:0.95
;HEIGHT:0.3
G1 E.22671 F2400
G92 E0
G1 Z.95 F7800
;AFTER_LAYER_CHANGE
;0.95
G1 X125.327 Y146.605
G1 E2 F2400
;TYPE:Perimeter
;WIDTH:0.45
G1 F1500
G1 X125.309 Y146.627 E2.00137
G1 X125.198 Y147.167 E2.02789
;WIDTH:0.464921
G1 X125.281 Y147.462 E2.0432
G1 X124.719 Y147.462 E2.07128
G1 X124.802 Y147.167 E2.08659
;WIDTH:0.45
G1 X124.691 Y146.627 E2.11311
G1 X124.451 Y146.336 E2.13125
G1 X124.187 Y146.183 E2.14593
G1 X123.842 Y146.119 E2.16281
G1 X105.321 Y146.119 E3.05361
G1 X105.321 Y75.395 E6.45519
G1 X120.958 Y75.398 E7.20728
G1 X121.537 Y75.488 E7.23546
G1 X125 Y75.882 E7.40309
G1 X128.463 Y75.488 E7.57072
G1 X129.052 Y75.395 E7.5994
G1 X144.679 Y75.395 E8.351
G1 X144.679 Y146.119 E11.75258
G1 X126.158 Y146.119 E12.64338
G1 X125.878 Y146.161 E12.657
G1 X125.549 Y146.336 E12.67492
G1 X125.365 Y146.559 E12.68883
G1 X125.665 Y146.794 F7800
G1 F1500
G1 X125.648 Y146.81 E12.68995
G1 X125.582 Y147.134 E12.70585
G1 X125.662 Y147.381 E12.71834
G1 X125.947 Y147.855 E12.74494
G1 X124.053 Y147.855 E12.83603
G1 X124.338 Y147.381 E12.86263
G1 X124.414 Y147.171 E12.87337
G1 X124.352 Y146.81 E12.89099
G1 X124.109 Y146.57 E12.90742
G1 X123.842 Y146.505 E12.92064
G1 X104.936 Y146.505 E13.82995
G1 X104.936 Y75.009 E17.26866
G1 X120.264 Y75.009 E18.00588
G1 X121.085 Y75.034 E18.04539
G1 X121.581 Y75.105 E18.06949
G1 X125 Y75.494 E18.23499
G1 X128.419 Y75.105 E18.40049
G1 X128.986 Y75.009 E18.42815
G1 X145.064 Y75.009 E19.20145
G1 X145.064 Y146.505 E22.64016
G1 X126.158 Y146.505 E23.54947
G1 X125.891 Y146.57 E23.56269
G1 X125.707 Y146.751 E23.5751
G1 X126.008 Y147 F7800
;TYPE:External perimeter
G1 F1500
G1 X125.966 Y147.1 E23.58032
G1 X125.993 Y147.182 E23.58447
G1 X126.628 Y148.24 E23.64382
G1 X123.372 Y148.24 E23.80042
G1 X124.043 Y147.122 E23.86313
G1 X123.964 Y146.934 E23.87294
G1 X123.842 Y146.89 E23.87918
G1 X104.55 Y146.89 E24.80706
G1 X104.55 Y74.718 E28.27828
;TYPE:Overhang perimeter
;WIDTH:0.4
;HEIGHT:0.4
G1 X104.55 Y74.624 E28.28319
G1 X120.939 Y74.624 E29.13943
G1 X121.596 Y74.718 E29.1741
;TYPE:External perimeter
;WIDTH:0.45
;HEIGHT:0.3
G1 X125 Y75.106 E29.33888
G1 X128.407 Y74.718 E29.5038
;TYPE:Overhang perimeter
;WIDTH:0.4
;HEIGHT:0.4
G1 X128.745 Y74.68 E29.52157
G1 X128.92 Y74.624 E29.53117
G1 X145.45 Y74.624 E30.39478
G1 X145.45 Y74.718 E30.39969
;TYPE:External perimeter
;WIDTH:0.45
;HEIGHT:0.3
G1 X145.45 Y146.89 E33.87091
G1 X126.158 Y146.89 E34.79879
G1 X126.036 Y146.934 E34.80503
G1 X126.032 Y146.945 E34.80559
G1 X126.095 Y147.34 F7800
G1 E32.80559 F2400
G92 E0
G1 X105.642 Y145.725 F7800
G1 E2 F2400
;TYPE:Solid infill
;WIDTH:0.543581
G1 F1200
G1 X105.599 Y145.768 E2.00363
G1 X105.615 Y145.825 E2.00717
G1 X105.673 Y145.841 E2.01077
G1 X105.715 Y145.799 E2.01432
G1 X105.7 Y145.741 E2.0179
;WIDTH:0.45
G1 X106.316 Y145.83 E2.04784
G1 X105.61 Y145.125 E2.09583
G1 X105.476 Y144.947 E2.10655
;WIDTH:0.404381
G1 X105.487 Y144.988 E2.10835
G1 X105.416 Y145.007 E2.11147
G1 X105.435 Y144.936 E2.11459
;WIDTH:0.45
G1 X105.61 Y144.579 E2.13371
G1 X106.861 Y145.83 E2.2188
G1 X107.407 Y145.83 E2.24506
G1 X105.61 Y144.034 E2.36726
G1 X105.61 Y143.489 E2.39347
G1 X107.952 Y145.83 E2.55274
G1 X108.497 Y145.83 E2.57895
G1 X105.61 Y142.943 E2.77532
G1 X105.61 Y142.398 E2.80153
G1 X109.043 Y145.83 E3.035
G1 X109.588 Y145.83 E3.06121
G1 X105.61 Y141.853 E3.33175
G1 X105.61 Y141.307 E3.35801
G1 X110.134 Y145.831 E3.66573
G1 X110.679 Y145.831 E3.69194
G1 X105.61 Y140.762 E4.03673
G1 X105.61 Y140.217 E4.06294
G1 X111.225 Y145.831 E4.44483
G1 X111.77 Y145.831 E4.47104
G1 X105.61 Y139.671 E4.89004
G1 X105.61 Y139.126 E4.91625
G1 X112.315 Y145.831 E5.37232
G1 X112.861 Y145.831 E5.39858
G1 X105.61 Y138.581 E5.89175
G1 X105.61 Y138.035 E5.91801
G1 X113.406 Y145.831 E6.44828
G1 X113.952 Y145.831 E6.47454
G1 X105.61 Y137.49 E7.04192
G1 X105.61 Y136.945 E7.06813
G1 X114.497 Y145.831 E7.67258
G1 X115.043 Y145.831 E7.69884
G1 X105.61 Y136.399 E8.34043
G1 X105.61 Y135.854 E8.36664
G1 X115.588 Y145.831 E9.0453
G1 X116.133 Y145.831 E9.07151
G1 X105.61 Y135.308 E9.78727
G1 X105.61 Y134.763 E9.81348
G1 X116.679 Y145.832 E10.56638
G1 X117.224 Y145.832 E10.59259
G1 X105.61 Y134.218 E11.38256
G1 X105.61 Y133.672 E11.40882
G1 X117.77 Y145.832 E12.23593
G1 X118.315 Y145.832 E12.26214
G1 X105.61 Y133.127 E13.12632
G1 X105.61 Y132.582 E13.15253
G1 X118.861 Y145.832 E14.05381
G1 X119.406 Y145.832 E14.08002
G1 X105.61 Y132.036 E15.01841
G1 X105.61 Y131.491 E15.04462
G1 X119.951 Y145.832 E16.02008
G1 X120.497 Y145.832 E16.04634
G1 X105.61 Y130.946 E17.0589
G1 X105.61 Y130.4 E17.08516
G1 X121.042 Y145.832 E18.13483
G1 X121.588 Y145.832 E18.16109
G1 X105.61 Y129.855 E19.24786
G1 X105.61 Y129.31 E19.27407
G1 X122.133 Y145.832 E20.39791
G1 X122.679 Y145.832 E20.42417
G1 X105.61 Y128.764 E21.58515
G1 X105.61 Y128.219 E21.61136
G1 X123.224 Y145.833 E22.80944
G1 X124.069 Y145.935 F7800
;WIDTH:0.404381
G1 F1200
G1 X124.08 Y145.976 E22.81124
G1 X124.009 Y145.995 E22.81436
G1 X124.028 Y145.924 E22.81748
;WIDTH:0.45
G1 X123.769 Y145.833 E22.83068
G1 X105.61 Y127.674 E24.06583
G1 X105.61 Y127.128 E24.09209
G1 X124.788 Y146.301 E25.39638
;WIDTH:0.480861
G1 X124.894 Y146.434 E25.40521
;WIDTH:0.518421
G1 X125 Y146.566 E25.4148
;WIDTH:0.45
G1 X125.262 Y146.235 E25.4351
G1 X105.61 Y126.583 E26.7718
G1 X105.61 Y126.038 E26.79801
G1 X125.558 Y145.985 E28.15481
G1 X125.969 Y145.851 E28.1756
G1 X105.61 Y125.492 E29.56039
G1 X105.61 Y124.947 E29.5866
G1 X126.496 Y145.833 E31.00724
G1 X127.041 Y145.832 E31.03345
G1 X105.61 Y124.402 E32.49113
G1 X105.61 Y123.856 E32.51739
G1 X127.587 Y145.832 E34.0122
G1 X128.132 Y145.832 E34.03841
G1 X105.61 Y123.311 E35.57029
G1 X105.61 Y122.765 E35.59655
G1 X128.677 Y145.832 E37.16554
G1 X129.222 Y145.832 E37.19175
G1 X105.61 Y122.22 E38.79781
G1 X105.61 Y121.675 E38.82402
G1 X129.768 Y145.832 E40.46718
G1 X130.313 Y145.832 E40.49339
G1 X105.61 Y121.129 E42.17366
G1 X105.61 Y120.584 E42.19987
G1 X130.858 Y145.832 E43.91721
G1 X131.404 Y145.832 E43.94347
G1 X105.61 Y120.039 E45.69791
G1 X105.61 Y119.493 E45.72417
G1 X131.949 Y145.832 E47.51572
G1 X132.494 Y145.832 E47.54193
G1 X105.61 Y118.948 E49.37055
G1 X105.61 Y118.403 E49.39676
G1 X133.039 Y145.832 E51.26245
G1 X133.585 Y145.831 E51.28871
G1 X105.61 Y117.857 E53.1915
G1 X105.61 Y117.312 E53.21771
G1 X134.13 Y145.831 E55.15757
G1 X134.675 Y145.831 E55.18378
G1 X105.61 Y116.767 E57.16071
G1 X105.61 Y116.221 E57.18697
G1 X135.22 Y145.831 E59.20101
G1 X135.766 Y145.831 E59.22727
G1 X105.61 Y115.676 E61.27841
G1 X105.61 Y115.131 E61.30462
G1 X136.311 Y145.831 E63.39283
G1 X136.856 Y145.831 E63.41904
G1 X105.61 Y114.585 E65.54435
G1 X105.61 Y114.04 E65.57056
G1 X137.401 Y145.831 E67.73294
G1 X137.947 Y145.831 E67.7592
G1 X105.61 Y113.495 E69.95869
G1 X105.61 Y112.949 E69.98495
G1 X138.492 Y145.831 E72.22154
G1 X139.037 Y145.831 E72.24775
G1 X105.61 Y112.404 E74.52141
G1 X105.61 Y111.859 E74.54762
G1 X139.582 Y145.831 E76.85835
G1 X140.128 Y145.831 E76.88461
G1 X105.61 Y111.313 E79.23248
G1 X105.61 Y110.768 E79.25869
G1 X140.673 Y145.83 E81.6436
G1 X141.218 Y145.83 E81.66981
G1 X105.61 Y110.223 E84.09179
G1 X105.61 Y109.677 E84.11805
G1 X141.764 Y145.83 E86.57717
G1 X142.309 Y145.83 E86.60338
G1 X105.61 Y109.132 E89.09957
G1 X105.61 Y108.586 E89.12583
G1 X142.854 Y145.83 E91.65912
G1 X143.399 Y145.83 E91.68533
G1 X105.61 Y108.041 E94.25569
G1 X105.61 Y107.496 E94.2819
G1 X143.945 Y145.83 E96.88937
G1 X144.537 Y145.917 E96.91815
;WIDTH:0.404381
G1 X144.548 Y145.958 E96.91995
G1 X144.477 Y145.977 E96.92307
G1 X144.496 Y145.906 E96.92619
;WIDTH:0.45
G1 X144.39 Y145.73 E96.93607
G1 X105.61 Y106.95 E99.57384
G1 X105.61 Y106.405 E99.60005
G1 X144.39 Y145.184 E102.23778
G1 X144.39 Y144.639 E102.26399
G1 X105.61 Y105.86 E104.90172
G1 X105.61 Y105.314 E104.92798
G1 X144.39 Y144.093 E107.56571
G1 X144.39 Y143.548 E107.59192
G1 X105.61 Y104.769 E110.22965
G1 X105.61 Y104.224 E110.25586
G1 X144.39 Y143.003 E112.89359
G1 X144.39 Y142.457 E112.91985
G1 X105.61 Y103.678 E115.55758
G1 X105.61 Y103.133 E115.58379
G1 X144.39 Y141.912 E118.22152
G1 X144.39 Y141.367 E118.24773
G1 X105.61 Y102.588 E120.88546
G1 X105.61 Y102.042 E120.91172
G1 X144.39 Y140.821 E123.54945
G1 X144.39 Y140.276 E123.57566
G1 X105.61 Y101.497 E126.21339
G1 X105.61 Y100.952 E126.2396
G1 X144.39 Y139.731 E128.87733
G1 X144.39 Y139.185 E128.90359
G1 X105.61 Y100.406 E131.54132
G1 X105.61 Y99.861 E131.56753
G1 X144.39 Y138.64 E134.20526
G1 X144.39 Y138.095 E134.23147
G1 X105.61 Y99.316 E136.8692
G1 X105.61 Y98.77 E136.89546
G1 X144.39 Y137.549 E139.53319
G1 X144.39 Y137.004 E139.5594
G1 X105.61 Y98.225 E142.19713
G1 X105.61 Y97.68 E142.22334
G1 X144.39 Y136.459 E144.86107
G1 X144.39 Y135.913 E144.88733
G1 X105.61 Y97.134 E147.52506
G1 X105.61 Y96.589 E147.55127
G1 X144.39 Y135.368 E150.189
G1 X144.39 Y134.823 E150.21521
G1 X105.61 Y96.043 E152.85298
G1 X105.61 Y95.498 E152.87919
G1 X144.39 Y134.277 E155.51692
G1 X144.39 Y133.732 E155.54313
G1 X105.61 Y94.953 E158.18086
G1 X105.61 Y94.407 E158.20712
G1 X144.39 Y133.187 E160.84489
G1 X144.39 Y132.641 E160.87115
G1 X105.61 Y93.862 E163.50888
G1 X105.61 Y93.317 E163.53509
G1 X144.39 Y132.096 E166.17282
G1 X144.39 Y131.55 E166.19908
G1 X105.61 Y92.771 E168.83681
G1 X105.61 Y92.226 E168.86302
G1 X144.39 Y131.005 E171.50075
G1 X144.39 Y130.46 E171.52696
G1 X105.61 Y91.681 E174.16469
G1 X105.61 Y91.135 E174.19095
G1 X144.39 Y129.914 E176.82868
G1 X144.39 Y129.369 E176.85489
G1 X105.61 Y90.59 E179.49262
G1 X105.61 Y90.045 E179.51883
G1 X144.39 Y128.824 E182.15656
G1 X144.39 Y128.278 E182.18282
G1 X105.61 Y89.499 E184.82055
G1 X105.61 Y88.954 E184.84676
G1 X144.39 Y127.733 E187.48449
G1 X144.39 Y127.188 E187.5107
G1 X105.61 Y88.409 E190.14843
G1 X105.61 Y87.863 E190.17469
G1 X144.39 Y126.642 E192.81242
G1 X144.39 Y126.097 E192.83863
G1 X105.61 Y87.318 E195.47636
G1 X105.61 Y86.773 E195.50257
G1 X144.39 Y125.552 E198.1403
G1 X144.39 Y125.006 E198.16656
G1 X105.61 Y86.227 E200.80429
G1 X105.61 Y85.682 E200.8305
G1 X144.39 Y124.461 E203.46823
G1 X144.39 Y123.916 E203.49444
G1 X105.61 Y85.137 E206.13217
G1 X105.61 Y84.591 E206.15843
G1 X144.39 Y123.37 E208.79616
G1 X144.39 Y122.825 E208.82237
G1 X105.61 Y84.046 E211.4601
G1 X105.61 Y83.5 E211.48636
G1 X144.39 Y122.28 E214.12413
G1 X144.39 Y121.734 E214.15039
G1 X105.61 Y82.955 E216.78812
G1 X105.61 Y82.41 E216.81433
G1 X144.39 Y121.189 E219.45206
G1 X144.39 Y120.644 E219.47827
G1 X105.61 Y81.864 E222.11604
G1 X105.61 Y81.319 E222.14225
G1 X144.39 Y120.098 E224.77998
G1 X144.39 Y119.553 E224.80619
G1 X105.61 Y80.774 E227.44392
G1 X105.61 Y80.228 E227.47018
G1 X144.39 Y119.007 E230.10791
G1 X144.39 Y118.462 E230.13412
G1 X105.61 Y79.683 E232.77185
G1 X105.61 Y79.138 E232.79806
G1 X144.39 Y117.917 E235.43579
G1 X144.39 Y117.371 E235.46205
G1 X105.61 Y78.592 E238.09978
G1 X105.61 Y78.047 E238.12599
G1 X144.39 Y116.826 E240.76372
G1 X144.39 Y116.281 E240.78993
G1 X105.61 Y77.502 E243.42766
G1 X105.61 Y76.956 E243.45392
G1 X144.39 Y115.735 E246.09165
G1 X144.39 Y115.19 E246.11786
G1 X105.61 Y76.411 E248.75559
G1 X105.61 Y75.866 E248.7818
G1 X144.39 Y114.645 E251.41953
G1 X144.39 Y114.099 E251.44579
G1 X105.974 Y75.684 E254.05876
G1 X106.52 Y75.684 E254.08502
G1 X144.39 Y113.554 E256.66089
G1 X144.39 Y113.009 E256.6871
G1 X107.065 Y75.684 E259.2259
G1 X107.61 Y75.684 E259.25211
G1 X144.39 Y112.463 E261.75381
G1 X144.39 Y111.918 E261.78002
G1 X108.156 Y75.684 E264.24461
G1 X108.701 Y75.684 E264.27082
G1 X144.39 Y111.373 E266.69834
G1 X144.39 Y110.827 E266.7246
G1 X109.246 Y75.684 E269.11502
G1 X109.792 Y75.684 E269.14128
G1 X144.39 Y110.282 E271.49459
G1 X144.39 Y109.737 E271.5208
G1 X110.337 Y75.684 E273.83704
G1 X110.882 Y75.684 E273.86325
G1 X144.39 Y109.191 E276.14239
G1 X144.39 Y108.646 E276.1686
G1 X111.428 Y75.684 E278.41063
G1 X111.973 Y75.684 E278.43684
G1 X144.39 Y108.101 E280.6418
G1 X144.39 Y107.555 E280.66806
G1 X112.518 Y75.684 E282.83592
G1 X113.064 Y75.684 E282.86218
G1 X144.39 Y107.01 E284.99294
G1 X144.39 Y106.464 E285.0192
G1 X113.609 Y75.684 E287.11285
G1 X114.155 Y75.684 E287.13911
G1 X144.39 Y105.919 E289.19566
G1 X144.39 Y105.374 E289.22187
G1 X114.7 Y75.684 E291.24135
G1 X115.245 Y75.684 E291.26756
G1 X144.39 Y104.828 E293.24993
G1 X144.39 Y104.283 E293.27614
G1 X115.791 Y75.684 E295.22141
G1 X116.336 Y75.684 E295.24762
G1 X144.39 Y103.738 E297.15582
G1 X144.39 Y103.192 E297.18208
G1 X116.881 Y75.684 E299.05317
G1 X117.427 Y75.684 E299.07943
G1 X144.39 Y102.647 E300.91342
G1 X144.39 Y102.102 E300.93963
G1 X117.972 Y75.684 E302.73655
G1 X118.517 Y75.684 E302.76276
G1 X144.39 Y101.556 E304.52258
G1 X144.39 Y101.011 E304.54879
G1 X119.063 Y75.684 E306.2715
G1 X119.608 Y75.684 E306.29771
G1 X144.39 Y100.466 E307.98335
G1 X144.39 Y99.92 E308.00961
G1 X120.153 Y75.684 E309.65815
G1 X120.699 Y75.684 E309.68441
G1 X144.39 Y99.375 E311.29584
G1 X144.39 Y98.83 E311.32205
G1 X121.313 Y75.753 E312.89172
G1 X121.927 Y75.822 E312.92144
G1 X144.39 Y98.284 E314.44931
G1 X144.39 Y97.739 E314.47552
G1 X122.541 Y75.891 E315.96163
G1 X123.155 Y75.959 E315.99134
G1 X144.39 Y97.194 E317.43572
G1 X144.39 Y96.648 E317.46198
G1 X123.769 Y76.028 E318.86456
G1 X124.383 Y76.097 E318.89428
G1 X144.39 Y96.103 E320.2551
G1 X144.39 Y95.558 E320.28131
G1 X124.997 Y76.165 E321.6004
G1 X125.488 Y76.111 E321.62416
G1 X144.39 Y95.012 E322.90982
G1 X144.39 Y94.467 E322.93603
G1 X125.979 Y76.056 E324.18832
G1 X126.469 Y76.001 E324.21204
G1 X144.39 Y93.921 E325.43097
G1 X144.39 Y93.376 E325.45718
G1 X126.96 Y75.946 E326.64275
G1 X127.45 Y75.892 E326.66646
G1 X144.39 Y92.831 E327.81866
G1 X144.39 Y92.285 E327.84492
G1 X127.941 Y75.837 E328.96373
G1 X128.431 Y75.782 E328.98745
G1 X144.39 Y91.74 E330.07293
G1 X144.39 Y91.195 E330.09914
G1 X128.917 Y75.722 E331.15159
G1 X129.424 Y75.684 E331.17604
G1 X144.39 Y90.649 E332.19397
G1 X144.39 Y90.104 E332.22018
G1 X129.97 Y75.684 E333.20101
G1 X130.515 Y75.684 E333.22722
G1 X144.39 Y89.559 E334.17098
G1 X144.39 Y89.013 E334.19724
G1 X131.06 Y75.684 E335.1039
G1 X131.606 Y75.684 E335.13016
G1 X144.39 Y88.468 E335.99971
G1 X144.39 Y87.923 E336.02592
G1 X132.151 Y75.684 E336.8584
G1 X132.696 Y75.684 E336.88461
G1 X144.39 Y87.377 E337.67999
G1 X144.39 Y86.832 E337.7062
G1 X133.242 Y75.684 E338.46447
G1 X133.787 Y75.684 E338.49068
G1 X144.39 Y86.287 E339.21188
G1 X144.39 Y85.741 E339.23814
G1 X134.332 Y75.684 E339.92224
G1 X134.878 Y75.684 E339.9485
G1 X144.39 Y85.196 E340.59549
G1 X144.39 Y84.651 E340.6217
G1 X135.423 Y75.684 E341.23162
G1 X135.968 Y75.684 E341.25783
G1 X144.39 Y84.105 E341.83065
G1 X144.39 Y83.56 E341.85686
G1 X136.514 Y75.684 E342.39258
G1 X137.059 Y75.684 E342.41879
G1 X144.39 Y83.015 E342.91744
G1 X144.39 Y82.469 E342.9437
G1 X137.604 Y75.684 E343.40524
G1 X138.15 Y75.684 E343.4315
G1 X144.39 Y81.924 E343.85594
G1 X144.39 Y81.378 E343.8822
G1 X138.695 Y75.684 E344.26953
G1 X139.241 Y75.684 E344.29579
G1 X144.39 Y80.833 E344.64602
G1 X144.39 Y80.288 E344.67223
G1 X139.786 Y75.684 E344.98539
G1 X140.331 Y75.684 E345.0116
G1 X144.39 Y79.742 E345.28765
G1 X144.39 Y79.197 E345.31386
G1 X140.877 Y75.684 E345.55281
G1 X141.422 Y75.684 E345.57902
G1 X144.39 Y78.652 E345.7809
G1 X144.39 Y78.106 E345.80716
G1 X141.967 Y75.684 E345.97194
G1 X142.513 Y75.684 E345.9982
G1 X144.39 Y77.561 E346.12587
G1 E344.12587 F2400
G92 E0
G1 X143.194 Y75.82 F7800
G1 E2 F2400
G1 F1200
G1 X144.39 Y77.016 E2.08135
G1 X144.39 Y75.684 E2.14541
G1 X143.058 Y75.684 E2.20947
G1 X143.987 Y76.027 F7800
;WIDTH:0.458795
G1 F1200
G1 X143.965 Y76.109 E2.21365
G1 X144.047 Y76.087 E2.21783
G1 X144.034 Y76.039 E2.22028
;LAYER_CHANGE
;Z:1.25
;HEIGHT:0.3
G1 E.22028 F2400
G92 E0
G1 Z1.25 F7800
;AFTER_LAYER_CHANGE
;1.25
G1 X125.327 Y146.605
G1 E2 F2400
;TYPE:Perimeter
;WIDTH:0.45
G1 F1500
G1 X125.309 Y146.627 E2.00137
G1 X125.198 Y147.167 E2.02789
;WIDTH:0.46492
G1 X125.281 Y147.462 E2.0432
G1 X124.719 Y147.462 E2.07128
G1 X124.802 Y147.167 E2.08659
;WIDTH:0.45
G1 X124.691 Y146.627 E2.11311
G1 X124.451 Y146.336 E2.13125
G1 X124.187 Y146.183 E2.14593
G1 X123.842 Y146.119 E2.16281
G1 X105.321 Y146.119 E3.05361
G1 X105.321 Y74.875 E6.4802
G1 X118.971 Y74.875 E7.13672
G1 X121.06 Y75.607 E7.24318
G1 X125 Y76.055 E7.4339
G1 X128.94 Y75.607 E7.62462
G1 X131.029 Y74.875 E7.73108
G1 X144.679 Y74.875 E8.3876
G1 X144.679 Y146.119 E11.81419
G1 X126.158 Y146.119 E12.70499
G1 X125.878 Y146.161 E12.71861
G1 X125.549 Y146.336 E12.73653
G1 X125.365 Y146.559 E12.75044
G1 X125.665 Y146.794 F7800
G1 F1500
G1 X125.648 Y146.81 E12.75156
G1 X125.582 Y147.134 E12.76746
G1 X125.662 Y147.381 E12.77995
G1 X125.947 Y147.855 E12.80655
G1 X124.053 Y147.855 E12.89764
G1 X124.338 Y147.381 E12.92424
G1 X124.414 Y147.171 E12.93498
G1 X124.352 Y146.81 E12.9526
G1 X124.109 Y146.57 E12.96903
G1 X123.842 Y146.505 E12.98225
G1 X104.936 Y146.505 E13.89156
G1 X104.936 Y74.49 E17.35523
G1 X119.036 Y74.49 E18.03339
G1 X121.146 Y75.229 E18.14092
G1 X125 Y75.667 E18.32748
G1 X128.854 Y75.229 E18.51404
G1 X130.964 Y74.49 E18.62157
G1 X145.064 Y74.49 E19.29973
G1 X145.064 Y146.505 E22.7634
G1 X126.158 Y146.505 E23.67271
G1 X125.891 Y146.57 E23.68593
G1 X125.707 Y146.751 E23.69834
G1 X126.008 Y147 F7800
;TYPE:External perimeter
G1 F1500
G1 X125.966 Y147.1 E23.70356
G1 X125.993 Y147.182 E23.70771
G1 X126.628 Y148.24 E23.76706
G1 X123.372 Y148.24 E23.92366
G1 X124.043 Y147.122 E23.98637
G1 X123.964 Y146.934 E23.99618
G1 X123.842 Y146.89 E24.00242
G1 X104.55 Y146.89 E24.9303
G1 X104.55 Y74.199 E28.42648
;TYPE:Overhang perimeter
;WIDTH:0.4
;HEIGHT:0.4
M106 S255
G1 X104.55 Y74.104 E28.43144
G1 X119.102 Y74.104 E29.19171
G1 X119.372 Y74.199 E29.20666
M107
;TYPE:External perimeter
;WIDTH:0.45
;HEIGHT:0.3
G1 X121.233 Y74.851 E29.3015
G1 X125 Y75.279 E29.48385
G1 X128.767 Y74.851 E29.6662
G1 X130.628 Y74.199 E29.76104
;TYPE:Overhang perimeter
;WIDTH:0.4
;HEIGHT:0.4
M106 S255
G1 X130.898 Y74.104 E29.77599
G1 X145.45 Y74.104 E30.53626
G1 X145.45 Y74.199 E30.54122
M107
;TYPE:External perimeter
;WIDTH:0.45
;HEIGHT:0.3
G1 X145.45 Y146.89 E34.0374
G1 X126.158 Y146.89 E34.96528
G1 X126.036 Y146.934 E34.97152
G1 X126.032 Y146.945 E34.97208
G1 X126.095 Y147.34 F7800
G1 E32.97208 F2400
G92 E0
G1 X128.224 Y145.285 F7800
G1 E2 F2400
;TYPE:Top solid infill
;WIDTH:0.400722
G1 F900
G1 X127.651 Y145.857 E2.03396
G1 X127.176 Y145.857 E2.05389
G1 X128.073 Y144.96 E2.10711
G1 X128.073 Y144.485 E2.12704
G1 X126.7 Y145.858 E2.2085
G1 X126.224 Y145.858 E2.22847
G1 X128.073 Y144.009 E2.33817
G1 X128.073 Y143.533 E2.35814
G1 X124.956 Y146.65 E2.54306
G1 X124.928 Y146.505 E2.54926
G1 X124.791 Y146.339 E2.55829
G1 X128.073 Y143.058 E2.75297
G1 X128.073 Y142.582 E2.77294
G1 X124.561 Y146.093 E2.98127
G1 X124.41 Y145.994 E2.98884
G1 X124.25 Y145.929 E2.99608
G1 X128.073 Y142.106 E3.22289
G1 X128.073 Y141.631 E3.24282
G1 X123.846 Y145.858 E3.49359
G1 X123.37 Y145.858 E3.51356
G1 X128.073 Y141.155 E3.79257
G1 X128.073 Y140.679 E3.81254
G1 X122.895 Y145.857 E4.11973
G1 X122.419 Y145.857 E4.1397
G1 X128.073 Y140.204 E4.4751
G1 X128.073 Y139.728 E4.49507
G1 X121.927 Y145.857 E4.85919
G1 X121.927 Y145.398 E4.87845
G1 X128.073 Y139.252 E5.24307
G1 X128.073 Y138.777 E5.263
G1 X121.927 Y144.922 E5.62759
G1 X121.927 Y144.447 E5.64752
G1 X128.073 Y138.301 E6.01214
G1 X128.073 Y137.825 E6.03211
G1 X121.927 Y143.971 E6.39673
G1 X121.927 Y143.495 E6.4167
G1 X128.073 Y137.35 E6.78129
G1 X128.073 Y136.874 E6.80126
G1 X121.927 Y143.02 E7.16588
G1 X121.927 Y142.544 E7.18585
G1 X128.073 Y136.398 E7.55047
G1 X128.073 Y135.923 E7.5704
G1 X121.927 Y142.068 E7.93499
G1 X121.927 Y141.593 E7.95492
G1 X128.073 Y135.447 E8.31954
G1 X128.073 Y134.971 E8.33951
G1 X121.927 Y141.117 E8.70413
G1 X121.927 Y140.641 E8.7241
G1 X128.073 Y134.496 E9.08869
G1 X128.073 Y134.02 E9.10866
G1 X121.927 Y140.166 E9.47328
G1 X121.927 Y139.69 E9.49325
G1 X128.073 Y133.544 E9.85787
G1 X128.073 Y133.069 E9.8778
G1 X121.927 Y139.214 E10.24239
G1 X121.927 Y138.739 E10.26232
G1 X128.073 Y132.593 E10.62694
G1 X128.073 Y132.117 E10.64691
G1 X121.927 Y138.263 E11.01153
G1 X121.927 Y137.787 E11.0315
G1 X128.073 Y131.642 E11.39609
G1 X128.073 Y131.166 E11.41606
G1 X121.927 Y137.312 E11.78068
G1 X121.927 Y136.836 E11.80065
G1 X128.073 Y130.69 E12.16527
G1 X128.073 Y130.215 E12.1852
G1 X121.927 Y136.36 E12.54979
G1 X121.927 Y135.885 E12.56972
G1 X128.073 Y129.739 E12.93434
G1 X128.073 Y129.263 E12.95431
G1 X121.927 Y135.409 E13.31893
G1 X121.927 Y134.933 E13.3389
G1 X128.073 Y128.788 E13.70349
G1 X128.073 Y128.312 E13.72346
G1 X121.927 Y134.458 E14.08808
G1 X121.927 Y133.982 E14.10805
G1 X128.073 Y127.837 E14.47264
G1 X128.073 Y127.361 E14.49261
G1 X121.927 Y133.507 E14.85723
G1 X121.927 Y133.031 E14.8772
G1 X128.073 Y126.885 E15.24182
G1 X128.073 Y126.41 E15.26175
G1 X121.927 Y132.555 E15.62634
G1 X121.927 Y132.08 E15.64627
G1 X128.073 Y125.934 E16.01089
G1 X128.073 Y125.458 E16.03086
G1 X121.927 Y131.604 E16.39548
G1 X121.927 Y131.128 E16.41545
G1 X128.073 Y124.983 E16.78004
G1 X128.073 Y124.507 E16.80001
G1 X121.927 Y130.653 E17.16463
G1 X121.927 Y130.177 E17.1846
G1 X128.073 Y124.031 E17.54922
G1 X128.073 Y123.556 E17.56915
G1 X121.927 Y129.701 E17.93374
G1 X121.927 Y129.226 E17.95367
G1 X128.073 Y123.08 E18.31829
G1 X128.073 Y122.604 E18.33826
G1 X121.927 Y128.75 E18.70288
G1 X121.927 Y128.274 E18.72285
G1 X128.073 Y122.129 E19.08744
G1 X128.073 Y121.653 E19.10741
G1 X121.927 Y127.799 E19.47203
G1 X121.927 Y127.323 E19.492
G1 X128.073 Y121.177 E19.85662
G1 X128.073 Y120.702 E19.87655
G1 X121.927 Y126.847 E20.24114
G1 X121.927 Y126.372 E20.26107
G1 X128.073 Y120.226 E20.62569
G1 X128.073 Y119.75 E20.64566
G1 X121.927 Y125.896 E21.01028
G1 X121.927 Y125.42 E21.03025
G1 X128.073 Y119.275 E21.39484
G1 X128.073 Y118.799 E21.41481
G1 X121.927 Y124.945 E21.77943
G1 X121.927 Y124.469 E21.7994
G1 X128.073 Y118.323 E22.16402
G1 X128.073 Y117.848 E22.18395
G1 X121.927 Y123.993 E22.54854
G1 X121.927 Y123.518 E22.56847
G1 X128.073 Y117.372 E22.93309
G1 X128.073 Y116.896 E22.95306
G1 X121.927 Y123.042 E23.31768
G1 X121.927 Y122.566 E23.33765
G1 X128.073 Y116.421 E23.70224
G1 X128.073 Y115.945 E23.72221
G1 X121.927 Y122.091 E24.08683
G1 X121.927 Y121.615 E24.1068
G1 X128.073 Y115.469 E24.47142
G1 X128.073 Y114.994 E24.49135
G1 X121.927 Y121.139 E24.85594
G1 X121.927 Y120.664 E24.87587
G1 X128.073 Y114.518 E25.24049
G1 X128.073 Y114.042 E25.26046
G1 X121.927 Y120.188 E25.62508
G1 X121.927 Y119.712 E25.64505
G1 X128.073 Y113.567 E26.00964
G1 X128.073 Y113.091 E26.02961
G1 X121.927 Y119.237 E26.39423
G1 X121.927 Y118.761 E26.4142
G1 X128.073 Y112.615 E26.77882
G1 X128.073 Y112.14 E26.79875
G1 X121.927 Y118.285 E27.16334
G1 X121.927 Y117.81 E27.18327
G1 X128.073 Y111.664 E27.54789
G1 X128.073 Y111.188 E27.56786
G1 X121.927 Y117.334 E27.93248
G1 X121.927 Y116.858 E27.95245
G1 X128.073 Y110.713 E28.31704
G1 X128.073 Y110.237 E28.33701
G1 X121.927 Y116.383 E28.70163
G1 X121.927 Y115.907 E28.7216
G1 X128.073 Y109.762 E29.08619
G1 X128.073 Y109.286 E29.10616
G1 X121.927 Y115.432 E29.47078
G1 X121.927 Y114.956 E29.49075
G1 X128.073 Y108.81 E29.85537
G1 X128.073 Y108.335 E29.8753
G1 X121.927 Y114.48 E30.23989
G1 X121.927 Y114.005 E30.25982
G1 X128.073 Y107.859 E30.62444
G1 X128.073 Y107.383 E30.64441
G1 X121.927 Y113.529 E31.00903
G1 X121.927 Y113.053 E31.029
G1 X128.073 Y106.908 E31.39359
G1 X128.073 Y106.432 E31.41356
G1 X121.927 Y112.578 E31.77818
G1 X121.927 Y112.102 E31.79815
G1 X128.073 Y105.956 E32.16277
G1 X128.073 Y105.481 E32.1827
G1 X121.927 Y111.626 E32.54729
G1 X121.927 Y111.151 E32.56722
G1 X128.073 Y105.005 E32.93184
G1 X128.073 Y104.529 E32.95181
G1 X121.927 Y110.675 E33.31643
G1 X121.927 Y110.199 E33.3364
G1 X128.073 Y104.054 E33.70099
G1 X128.073 Y103.578 E33.72096
G1 X121.927 Y109.724 E34.08558
G1 X121.927 Y109.248 E34.10555
G1 X128.073 Y103.102 E34.47017
G1 X128.073 Y102.627 E34.4901
G1 X121.927 Y108.772 E34.85469
G1 X121.927 Y108.297 E34.87462
G1 X128.073 Y102.151 E35.23924
G1 X128.073 Y101.675 E35.25921
G1 X121.927 Y107.821 E35.62383
G1 X121.927 Y107.345 E35.6438
G1 X128.073 Y101.2 E36.00839
G1 X128.073 Y100.724 E36.02836
G1 X121.927 Y106.87 E36.39298
G1 X121.927 Y106.394 E36.41295
G1 X128.073 Y100.248 E36.77757
G1 X128.073 Y99.773 E36.7975
G1 X121.927 Y105.918 E37.16209
G1 X121.927 Y105.443 E37.18202
G1 X128.073 Y99.297 E37.54664
G1 X128.073 Y98.821 E37.56661
G1 X121.927 Y104.967 E37.93123
G1 X121.927 Y104.491 E37.9512
G1 X128.073 Y98.346 E38.31579
G1 X128.073 Y97.87 E38.33576
G1 X121.927 Y104.016 E38.70038
G1 X121.927 Y103.54 E38.72035
G1 X128.073 Y97.394 E39.08497
G1 X128.073 Y96.919 E39.1049
G1 X121.927 Y103.064 E39.46949
G1 X121.927 Y102.589 E39.48942
G1 X128.073 Y96.443 E39.85404
G1 X128.073 Y95.967 E39.87401
G1 X121.927 Y102.113 E40.23863
G1 X121.927 Y101.637 E40.2586
G1 X128.073 Y95.492 E40.62319
G1 X128.073 Y95.016 E40.64316
G1 X121.927 Y101.162 E41.00778
G1 X121.927 Y100.686 E41.02775
G1 X128.073 Y94.54 E41.39237
G1 X128.073 Y94.065 E41.4123
G1 X121.927 Y100.21 E41.77689
G1 X121.927 Y99.735 E41.79682
G1 X128.073 Y93.589 E42.16144
G1 X128.073 Y93.113 E42.18141
G1 X121.927 Y99.259 E42.54603
G1 X121.927 Y98.783 E42.566
G1 X128.073 Y92.638 E42.93059
G1 X128.073 Y92.162 E42.95056
G1 X121.927 Y98.308 E43.31518
G1 X121.927 Y97.832 E43.33515
G1 X128.073 Y91.687 E43.69974
G1 X128.073 Y91.211 E43.71971
G1 X121.927 Y97.357 E44.08433
G1 X121.927 Y96.881 E44.1043
G1 X128.073 Y90.735 E44.46892
G1 X128.073 Y90.26 E44.48885
G1 X121.927 Y96.405 E44.85344
G1 X121.927 Y95.93 E44.87337
G1 X128.073 Y89.784 E45.23799
G1 X128.073 Y89.308 E45.25796
G1 X121.927 Y95.454 E45.62258
G1 X121.927 Y94.978 E45.64255
G1 X128.073 Y88.833 E46.00714
G1 X128.073 Y88.357 E46.02711
G1 X121.927 Y94.503 E46.39173
G1 X121.927 Y94.027 E46.4117
G1 X128.073 Y87.881 E46.77632
G1 X128.073 Y87.406 E46.79625
G1 X121.927 Y93.551 E47.16084
G1 X121.927 Y93.076 E47.18077
G1 X128.073 Y86.93 E47.54539
G1 X128.073 Y86.454 E47.56536
G1 X121.927 Y92.6 E47.92998
G1 X121.927 Y92.124 E47.94995
G1 X128.073 Y85.979 E48.31454
G1 X128.073 Y85.503 E48.33451
G1 X121.927 Y91.649 E48.69913
G1 X121.927 Y91.173 E48.7191
G1 X128.073 Y85.027 E49.08372
G1 X128.073 Y84.552 E49.10365
G1 X121.927 Y90.697 E49.46824
G1 X121.927 Y90.222 E49.48817
G1 X128.073 Y84.076 E49.85279
G1 X128.073 Y83.6 E49.87276
G1 X121.927 Y89.746 E50.23738
G1 X121.927 Y89.27 E50.25735
G1 X128.073 Y83.125 E50.62194
G1 X128.073 Y82.649 E50.64191
G1 X121.927 Y88.795 E51.00653
G1 X121.927 Y88.319 E51.0265
G1 X128.073 Y82.173 E51.39112
G1 X128.073 Y81.698 E51.41105
G1 X121.927 Y87.843 E51.77564
G1 X121.927 Y87.368 E51.79557
G1 X128.073 Y81.222 E52.16019
G1 X128.073 Y80.746 E52.18016
G1 X121.927 Y86.892 E52.54478
G1 X121.927 Y86.416 E52.56475
G1 X128.073 Y80.271 E52.92934
G1 X128.073 Y79.795 E52.94931
G1 X121.927 Y85.941 E53.31393
G1 X121.927 Y85.465 E53.3339
G1 X128.073 Y79.319 E53.69852
G1 X128.073 Y78.844 E53.71845
G1 X121.927 Y84.989 E54.08304
G1 X121.927 Y84.514 E54.10297
G1 X128.073 Y78.368 E54.46759
G1 X128.073 Y77.892 E54.48756
G1 X121.927 Y84.038 E54.85218
G1 X121.927 Y83.562 E54.87215
G1 X128.073 Y77.417 E55.23674
G1 X128.073 Y76.941 E55.25671
G1 X121.927 Y83.087 E55.62133
G1 X121.927 Y82.611 E55.6413
G1 X128.073 Y76.465 E56.00592
G1 X128.073 Y76.23 E56.01578
G1 X128.24 Y76.043 E56.0263
G1 X128.528 Y76.01 E56.03846
G1 X128.632 Y75.906 E56.04463
G1 X128.097 Y75.966 E56.06721
G1 X121.927 Y82.135 E56.43323
G1 X121.927 Y81.66 E56.45316
G1 X127.561 Y76.026 E56.78741
G1 X127.025 Y76.086 E56.81004
G1 X121.927 Y81.184 E57.11249
G1 X121.927 Y80.708 E57.13246
G1 X126.489 Y76.147 E57.40308
G1 X125.953 Y76.207 E57.42571
G1 X121.927 Y80.233 E57.66456
G1 X121.927 Y79.757 E57.68453
G1 X125.418 Y76.267 E57.89161
G1 X125 Y76.314 E57.90926
G1 X124.906 Y76.303 E57.91323
G1 X121.927 Y79.282 E58.08996
G1 X121.927 Y78.806 E58.10993
G1 X124.478 Y76.255 E58.26127
G1 X124.05 Y76.207 E58.27934
G1 X121.927 Y78.33 E58.40529
G1 X121.927 Y77.855 E58.42522
G1 X123.623 Y76.159 E58.52584
G1 X123.195 Y76.111 E58.54391
G1 X121.927 Y77.379 E58.61914
G1 X121.927 Y76.903 E58.63911
G1 X122.767 Y76.063 E58.68894
G1 X122.34 Y76.015 E58.70697
G1 X121.927 Y76.428 E58.73147
G1 X121.927 Y76.23 E58.73978
G1 X121.796 Y76.083 E58.74804
G1 X121.912 Y75.967 E58.75492
G1 X121.484 Y75.919 E58.77299
G1 X121.265 Y76.138 E58.78598
G1 E56.78598 F2400
G92 E0
G1 X131.079 Y75.164 F7800
G1 E2 F2400
;TYPE:Solid infill
;WIDTH:0.45
G1 F1200
G1 X144.39 Y75.164 E2.64021
G1 X144.39 Y75.899 E2.67556
G1 X129.2 Y75.901 E3.40615
G1 X129.194 Y75.825 E3.40982
G1 X130.897 Y75.228 E3.49662
G1 X131.141 Y75.533 E3.51541
;WIDTH:0.415131
G1 X144.022 Y75.532 E4.07892
G1 E2.07892 F2400
G92 E0
G1 X144.39 Y85.514 F7800
G1 E2 F2400
;TYPE:Internal infill
;WIDTH:0.45
G1 F1200
G1 X144.39 Y87.828 E2.1113
G1 X128.433 Y92.103 E2.90584
G1 X128.433 Y92.186 E2.90983
G1 X132.694 Y76.285 E3.7016
G1 X129.022 Y76.301 E3.87821
G1 X144.39 Y91.669 E4.92352
G1 X144.39 Y92.234 E4.95069
G1 X130.028 Y145.832 E7.61951
G1 X133.111 Y145.832 E7.76779
G1 X128.433 Y141.154 E8.08598
G1 X128.433 Y140.01 E8.141
G1 X144.39 Y135.735 E8.93554
G1 X144.39 Y135.297 E8.95661
G1 X128.433 Y119.34 E10.04199
G1 X128.433 Y116.057 E10.19989
G1 X144.39 Y111.781 E10.99445
G1 X144.39 Y113.483 E11.07631
G1 X128.433 Y97.526 E12.16169
G1 X128.433 Y100.088 E12.28491
G1 X144.39 Y95.812 E13.07947
G1 X144.39 Y98.126 E13.19077
G1 E11.19077 F2400
G92 E0
G1 X105.61 Y111.874 F7800
G1 E2 F2400
G1 F1200
G1 X105.61 Y114.188 E2.1113
G1 X121.567 Y109.912 E2.90586
G1 X121.567 Y112.474 E3.02908
G1 X105.61 Y96.517 E4.11446
G1 X105.61 Y98.219 E4.19632
G1 X121.567 Y93.943 E4.99088
G1 X121.567 Y90.66 E5.14878
G1 X107.192 Y76.285 E6.12655
G1 X108.741 Y76.285 E6.20105
G1 X105.61 Y87.968 E6.78279
G1 X105.61 Y90.234 E6.89178
G1 X121.567 Y85.959 E7.68632
G1 X121.567 Y88.015 E7.78521
G1 X106.075 Y145.83 E10.66401
G1 X106.713 Y145.83 E10.6947
G1 X121.567 Y141.85 E11.43433
G1 X121.567 Y145.194 E11.59516
G1 X105.61 Y129.238 E12.6805
G1 X105.61 Y130.157 E12.7247
G1 X121.567 Y125.881 E13.51926
G1 X121.567 Y123.38 E13.63955
G1 X105.61 Y107.424 E14.72489
G1 X105.61 Y106.203 E14.78362
G1 X121.567 Y101.928 E15.57816
G1 X121.567 Y101.567 E15.59552
G1 X105.61 Y85.61 E16.6809
G1 X105.61 Y82.25 E16.8425
G1 X121.567 Y77.974 E17.63706
G1 X121.567 Y79.753 E17.72262
G1 X118.099 Y76.285 E17.95851
G1 X116.725 Y76.285 E18.02459
G1 X105.61 Y117.766 E20.09007
G1 X105.61 Y118.331 E20.11724
G1 X121.567 Y134.287 E21.20258
G1 X121.567 Y133.866 E21.22283
G1 X105.61 Y138.141 E22.01737
G1 X105.61 Y140.145 E22.11376
G1 X111.296 Y145.831 E22.50052
G1 X114.059 Y145.831 E22.63341
G1 X121.567 Y117.814 E24.02848
G1 X121.567 Y117.897 E24.03247
G1 X105.61 Y122.172 E24.82701
G1 X105.61 Y124.486 E24.93831
G1 E22.93831 F2400
G92 E0
G1 X134.194 Y145.831 F7800
G1 E2 F2400
G1 F1200
G1 X136.508 Y145.831 E2.1113
G1 X144.39 Y143.719 E2.50377
G1 X144.39 Y145.83 E2.6053
G1 X144.016 Y145.83 E2.62329
G1 X128.433 Y130.247 E3.68323
G1 X128.433 Y132.026 E3.76879
G1 X144.39 Y127.75 E4.56335
G1 X144.39 Y124.39 E4.72495
G1 X128.433 Y108.433 E5.81033
G1 X128.433 Y108.072 E5.82769
G1 X144.39 Y103.797 E6.62223
G1 X144.39 Y102.576 E6.68096
G1 X128.433 Y86.62 E7.7663
G1 X128.433 Y84.119 E7.88659
G1 X144.39 Y79.843 E8.68115
G1 X144.39 Y80.762 E8.72535
G1 X139.913 Y76.285 E9.02987
G1 X140.679 Y76.285 E9.06671
G1 X128.433 Y121.985 E11.34227
G1 X128.433 Y124.041 E11.44116
G1 X144.39 Y119.766 E12.2357
G1 X144.39 Y122.032 E12.34469
G1 X138.013 Y145.831 E13.52972
G1 X140.326 Y145.83 E13.64097
G1 E11.64097 F2400
G92 E0
G1 X105.978 Y75.532 F7800
G1 E2 F2400
;TYPE:Solid infill
;WIDTH:0.413355
G1 F1200
G1 X118.859 Y75.532 E2.56066
;WIDTH:0.45
G1 X118.921 Y75.164 E2.57861
G1 X120.804 Y75.824 E2.67458
G1 X120.799 Y75.899 E2.6782
G1 X105.61 Y75.899 E3.40874
G1 X105.61 Y75.164 E3.44409
G1 X118.729 Y75.164 E4.07507
;LAYER_CHANGE
;Z:1.55
;HEIGHT:0.3
G1 E2.07507 F2400
G92 E0
G1 Z1.55 F7800
;AFTER_LAYER_CHANGE
;1.55
G1 X125.833 Y147.79
G1 E2 F2400
;TYPE:Perimeter
;WIDTH:0.578767
G1 F1200
G1 X124.167 Y147.79 E2.10689
G1 X126.088 Y147.34 F7800
;TYPE:External perimeter
;WIDTH:0.45
G1 F1200
G1 X126.628 Y148.24 E2.15737
G1 X123.372 Y148.24 E2.31397
G1 X123.912 Y147.34 E2.36445
G1 X126.028 Y147.34 E2.46622
G1 X126.273 Y147.656 F7800
G1 E.46622 F2400
G92 E0
G1 X128.063 Y146.119 F7800
G1 E2 F2400
;TYPE:Perimeter
G1 F1500
G1 X128.063 Y75.88 E5.37825
G1 X129.042 Y75.745 E5.42578
G1 X132.623 Y74.49 E5.60828
G1 X132.884 Y74.356 E5.62239
G1 X144.679 Y74.356 E6.18969
G1 X144.679 Y146.119 E9.64124
G1 X128.123 Y146.119 E10.43753
G1 X127.678 Y146.505 F7800
G1 F1500
G1 X127.678 Y75.536 E13.85089
G1 X128.854 Y75.402 E13.90782
G1 X132.495 Y74.126 E14.09338
G1 X132.774 Y73.97 E14.10875
G1 X145.064 Y73.97 E14.69986
G1 X145.064 Y146.505 E18.18854
G1 X127.738 Y146.505 E19.02186
G1 X127.292 Y146.89 F7800
;TYPE:External perimeter
G1 F1500
G1 X127.292 Y75.192 E22.47028
G1 X128.767 Y75.024 E22.54168
G1 X132.368 Y73.763 E22.72519
G1 X132.507 Y73.679 E22.733
;TYPE:Overhang perimeter
;WIDTH:0.4
;HEIGHT:0.4
M106 S255
G1 X132.665 Y73.584 E22.74263
G1 X145.45 Y73.584 E23.41058
G1 X145.45 Y73.679 E23.41554
M107
;TYPE:External perimeter
;WIDTH:0.45
;HEIGHT:0.3
G1 X145.45 Y146.89 E26.93673
G1 X127.352 Y146.89 E27.80718
G1 X127.293 Y146.495 F7800
G1 E25.80718 F2400
G92 E0
G1 X134.198 Y145.83 F7800
G1 E2 F2400
;TYPE:Internal infill
;WIDTH:0.45
G1 F1200
G1 X136.512 Y145.83 E2.1113
G1 X144.39 Y143.719 E2.50357
G1 X144.39 Y145.83 E2.6051
G1 X144.016 Y145.83 E2.62309
G1 X128.352 Y130.166 E3.68854
G1 X128.352 Y132.047 E3.77901
G1 X144.39 Y127.75 E4.57759
G1 X144.39 Y124.39 E4.73919
G1 X128.352 Y108.352 E5.83008
G1 X128.352 Y108.094 E5.84249
G1 X144.39 Y103.797 E6.64107
G1 X144.39 Y102.576 E6.6998
G1 X128.352 Y86.539 E7.79065
G1 X128.352 Y84.141 E7.90599
G1 X144.39 Y79.843 E8.70458
G1 X144.39 Y80.762 E8.74878
G1 X139.393 Y75.765 E9.08867
G1 X140.818 Y75.765 E9.15721
G1 X128.352 Y122.287 E11.4737
G1 X128.352 Y124.063 E11.55912
G1 X144.39 Y119.766 E12.3577
G1 X144.39 Y122.032 E12.46669
G1 X138.013 Y145.83 E13.65167
G1 X140.327 Y145.83 E13.76297
G1 E11.76297 F2400
G92 E0
G1 X144.39 Y98.126 F7800
G1 E2 F2400
G1 F1200
G1 X144.39 Y95.812 E2.1113
G1 X128.352 Y100.109 E2.90988
G1 X128.352 Y97.445 E3.03801
G1 X144.39 Y113.483 E4.1289
G1 X144.39 Y111.781 E4.21076
G1 X128.352 Y116.078 E5.00934
G1 X128.352 Y119.259 E5.16234
G1 X144.39 Y135.297 E6.25323
G1 X144.39 Y135.735 E6.2743
G1 X128.352 Y140.032 E7.07288
G1 X128.352 Y141.073 E7.12295
G1 X133.109 Y145.83 E7.44652
G1 X130.029 Y145.83 E7.59466
G1 X144.39 Y92.234 E10.26338
G1 X144.39 Y91.669 E10.29055
G1 X129.162 Y76.441 E11.32634
G1 X131.085 Y75.765 E11.42438
G1 X132.833 Y75.765 E11.50845
G1 X128.352 Y92.488 E12.34114
G1 X128.352 Y92.125 E12.3586
G1 X144.39 Y87.828 E13.15718
G1 X144.39 Y85.514 E13.26848
G1 E11.26848 F2400
G92 E0
G1 X128.369 Y76.153 F7800
G1 E2 F2400
;TYPE:Solid infill
;WIDTH:0.483957
G1 F1200
G1 X128.867 Y76.089 E2.02628
;WIDTH:0.471533
G1 X129.147 Y76.026 E2.04085
G1 X130.972 Y75.386 E2.13906
;WIDTH:0.481561
G1 X131.039 Y75.368 E2.14267
G1 X131.232 Y75.37 E2.15271
;WIDTH:0.47814
G1 X132.818 Y75.383 E2.23456
;WIDTH:0.45
G1 X144.39 Y75.38 E2.79113
G1 X144.39 Y74.645 E2.82648
G1 X132.961 Y74.645 E3.37618
G1 X132.713 Y74.765 E3.38943
;WIDTH:0.481561
G1 X131.039 Y75.368 E3.48201
G1 E1.48201 F2400
G92 E0
G1 X133.047 Y75.014 F7800
G1 E2 F2400
;WIDTH:0.417301
G1 F1200
G1 X144.022 Y75.012 E2.4831
G1 E.4831 F2400
G92 E0
G1 X121.937 Y146.119 F7800
G1 E2 F2400
;TYPE:Perimeter
;WIDTH:0.45
G1 F1500
G1 X105.321 Y146.119 E2.79917
G1 X105.321 Y74.356 E6.25072
G1 X117.116 Y74.356 E6.81802
G1 X117.377 Y74.49 E6.83213
G1 X121.06 Y75.78 E7.01982
G1 X121.937 Y75.88 E7.06227
G1 X121.937 Y146.059 E10.43764
G1 X122.322 Y146.505 F7800
G1 F1500
G1 X104.936 Y146.505 E11.27385
G1 X104.936 Y73.97 E14.76253
G1 X117.226 Y73.97 E15.35364
G1 X117.505 Y74.126 E15.36901
G1 X121.146 Y75.402 E15.55457
G1 X122.322 Y75.536 E15.6115
G1 X122.322 Y146.445 E19.02198
G1 X122.708 Y146.89 F7800
;TYPE:External perimeter
G1 F1500
G1 X104.55 Y146.89 E19.89532
G1 X104.55 Y73.679 E23.41651
;TYPE:Overhang perimeter
;WIDTH:0.4
;HEIGHT:0.4
M106 S255
G1 X104.55 Y73.584 E23.42147
G1 X117.335 Y73.584 E24.08942
G1 X117.493 Y73.679 E24.09905
M107
;TYPE:External perimeter
;WIDTH:0.45
;HEIGHT:0.3
G1 X117.632 Y73.763 E24.10686
G1 X121.233 Y75.024 E24.29037
G1 X122.708 Y75.192 E24.36177
G1 X122.708 Y146.83 E27.80731
G1 X122.312 Y146.89 F7800
G1 E25.80731 F2400
G92 E0
G1 X105.61 Y124.486 F7800
G1 E2 F2400
;TYPE:Internal infill
;WIDTH:0.45
G1 F1200
G1 X105.61 Y122.172 E2.1113
G1 X121.648 Y117.875 E2.90988
G1 X121.648 Y117.512 E2.92734
G1 X114.06 Y145.83 E4.33739
G1 X111.295 Y145.83 E4.47038
G1 X105.61 Y140.145 E4.85707
G1 X105.61 Y138.141 E4.95346
G1 X121.648 Y133.844 E5.75204
G1 X121.648 Y134.368 E5.77724
G1 X105.61 Y118.331 E6.86809
G1 X105.61 Y117.766 E6.89526
G1 X116.865 Y75.765 E8.98664
G1 X117.579 Y75.765 E9.02098
G1 X121.648 Y79.834 E9.29775
G1 X121.648 Y77.953 E9.38822
G1 X105.61 Y82.25 E10.1868
G1 X105.61 Y85.61 E10.3484
G1 X121.648 Y101.648 E11.43929
G1 X121.648 Y101.906 E11.4517
G1 X105.61 Y106.203 E12.25028
G1 X105.61 Y107.424 E12.30901
G1 X121.648 Y123.461 E13.39986
G1 X121.648 Y125.859 E13.5152
G1 X105.61 Y130.157 E14.31379
G1 X105.61 Y129.238 E14.35799
G1 X121.648 Y145.275 E15.44884
G1 X121.648 Y141.828 E15.61463
G1 X106.714 Y145.83 E16.35825
G1 X106.075 Y145.83 E16.38898
G1 X121.648 Y87.713 E19.28282
G1 X121.648 Y85.937 E19.36824
G1 X105.61 Y90.234 E20.16682
G1 X105.61 Y87.968 E20.27581
G1 X108.88 Y75.765 E20.88344
G1 X106.672 Y75.765 E20.98964
G1 X121.648 Y90.741 E22.00829
G1 X121.648 Y93.922 E22.16129
G1 X105.61 Y98.219 E22.95987
G1 X105.61 Y96.517 E23.04173
G1 X121.648 Y112.555 E24.13262
G1 X121.648 Y109.891 E24.26075
G1 X105.61 Y114.188 E25.05933
G1 X105.61 Y111.874 E25.17063
G1 E23.17063 F2400
G92 E0
G1 X105.61 Y74.838 F7800
G1 E2 F2400
;TYPE:Solid infill
;WIDTH:0.45
G1 F1200
G1 X105.61 Y75.379 E2.02602
G1 X117.183 Y75.379 E2.58264
;WIDTH:0.477434
G1 X118.958 Y75.366 E2.67409
G1 X117.287 Y74.765 E2.76558
;WIDTH:0.45
G1 X117.039 Y74.645 E2.77883
G1 X105.61 Y74.645 E3.32853
G1 X105.978 Y75.012 E3.35353
;WIDTH:0.413375
G1 X116.954 Y75.012 E3.8313
G1 E1.8313 F2400
G92 E0
G1 X118.96 Y75.367 F7800
G1 E2 F2400
;WIDTH:0.480027
G1 F1200
G1 X118.994 Y75.377 E2.00184
;WIDTH:0.476901
G1 X120.854 Y76.026 E2.1032
;WIDTH:0.495023
G1 X121.625 Y76.153 E2.14517
;LAYER_CHANGE
;Z:1.85
;HEIGHT:0.3
G1 E.14517 F2400
G92 E0
G1 Z1.85 F7800
;AFTER_LAYER_CHANGE
;1.85
G1 X125.833 Y147.79
G1 E2 F2400
;TYPE:Perimeter
;WIDTH:0.578767
G1 F1200
G1 X124.167 Y147.79 E2.10689
G1 X126.088 Y147.34 F7800
;TYPE:External perimeter
;WIDTH:0.45
G1 F1200
G1 X126.628 Y148.24 E2.15737
G1 X123.372 Y148.24 E2.31397
G1 X123.912 Y147.34 E2.36445
G1 X126.028 Y147.34 E2.46622
G1 X126.273 Y147.656 F7800
G1 E.46622 F2400
G92 E0
G1 X122.099 Y146.119 F7800
G1 E2 F2400
;TYPE:Perimeter
G1 F1500
G1 X105.321 Y146.119 E2.80696
G1 X105.321 Y73.836 E6.28352
G1 X115.994 Y73.836 E6.79685
G1 X117.279 Y74.629 E6.86948
G1 X121.06 Y75.954 E7.06218
G1 X122.099 Y76.072 E7.11247
G1 X122.099 Y146.059 E10.4786
G1 X122.484 Y146.505 F7800
G1 F1500
G1 X104.936 Y146.505 E11.3226
G1 X104.936 Y73.45 E14.83629
G1 X116.103 Y73.45 E15.37338
G1 X117.446 Y74.279 E15.44929
G1 X121.146 Y75.575 E15.63785
G1 X122.484 Y75.727 E15.70262
G1 X122.484 Y146.445 E19.10391
G1 X122.87 Y146.89 F7800
;TYPE:External perimeter
G1 F1500
G1 X104.55 Y146.89 E19.98504
G1 X104.55 Y73.159 E23.53124
;TYPE:Overhang perimeter
;WIDTH:0.4
;HEIGHT:0.4
M106 S255
G1 X104.55 Y73.065 E23.53615
G1 X116.213 Y73.065 E24.14548
G1 X116.366 Y73.159 E24.15486
M107
;TYPE:External perimeter
;WIDTH:0.45
;HEIGHT:0.3
G1 X117.612 Y73.929 E24.22531
G1 X121.233 Y75.197 E24.40984
G1 X122.87 Y75.383 E24.48908
G1 X122.87 Y146.83 E27.92543
G1 X122.474 Y146.89 F7800
G1 E25.92543 F2400
G92 E0
G1 X105.996 Y124.382 F7800
G1 E2 F2400
;TYPE:Internal infill
;WIDTH:0.45
G1 F1200
G1 X105.996 Y122.069 E2.11125
G1 X121.586 Y117.891 E2.88754
G1 X121.586 Y117.742 E2.89471
G1 X114.163 Y145.444 E4.27409
G1 X110.909 Y145.444 E4.4306
G1 X105.996 Y140.531 E4.76478
G1 X105.996 Y138.038 E4.88468
G1 X121.586 Y133.86 E5.66097
G1 X121.586 Y134.307 E5.68247
G1 X105.996 Y118.717 E6.74288
G1 X105.996 Y116.327 E6.85783
G1 X117.004 Y75.245 E8.90344
G1 X117.103 Y75.289 E8.90865
G1 X121.586 Y79.772 E9.21358
G1 X121.586 Y77.969 E9.3003
G1 X105.996 Y82.147 E10.07659
G1 X105.996 Y79.833 E10.18789
G1 E8.18789 F2400
G92 E0
G1 X105.996 Y85.996 F7800
G1 E2 F2400
G1 F1200
G1 X121.586 Y101.586 E3.06041
G1 X121.586 Y101.923 E3.07662
G1 X105.996 Y106.1 E3.85289
G1 X105.996 Y107.81 E3.93514
G1 X121.586 Y123.4 E4.99555
G1 X121.586 Y125.876 E5.11464
G1 X105.996 Y130.053 E5.89091
G1 X105.996 Y129.624 E5.91154
G1 X121.586 Y145.214 E6.97195
G1 X121.586 Y141.845 E7.13399
G1 X108.153 Y145.444 E7.80286
G1 X106.179 Y145.444 E7.8978
G1 X121.586 Y87.943 E10.76096
G1 X121.586 Y85.954 E10.85662
G1 X105.996 Y90.131 E11.63289
G1 X105.996 Y86.528 E11.80618
G1 X109.019 Y75.245 E12.36799
G1 X106.152 Y75.245 E12.50588
G1 X121.586 Y90.679 E13.55568
G1 X121.586 Y93.938 E13.71243
G1 X105.996 Y98.115 E14.4887
G1 X105.996 Y96.903 E14.54699
G1 X121.586 Y112.493 E15.6074
G1 X121.586 Y109.907 E15.73178
G1 X105.996 Y114.084 E16.50805
G1 X105.996 Y111.771 E16.6193
G1 E14.6193 F2400
G92 E0
G1 X115.719 Y74.125 F7800
G1 E2 F2400
;TYPE:Solid infill
;WIDTH:0.45
G1 F1200
G1 X105.61 Y74.125 E2.48621
G1 X105.61 Y75.053 E2.53084
G1 X105.803 Y74.86 E2.54397
G1 X115.807 Y74.86 E3.02513
;WIDTH:0.456426
G1 X117.096 Y74.86 E3.08816
G1 X116 Y74.18 E3.15123
;WIDTH:0.45
G1 X115.912 Y74.125 E3.15622
G1 X115.807 Y74.493 E3.17463
;WIDTH:0.413395
G1 X105.978 Y74.493 E3.6025
;WIDTH:0.45
G1 X105.61 Y75.053 E3.63473
G1 X105.61 Y145.394 E7.01789
G1 X105.694 Y145.776 E7.0367
;WIDTH:0.418047
G1 X105.803 Y145.795 E7.04158
;WIDTH:0.404381
G1 X106.714 Y145.792 E7.08021
;WIDTH:0.450029
G1 X106.868 Y145.83 E7.08784
G1 X107.713 Y145.83 E7.12848
G1 E5.12848 F2400
G92 E0
G1 X110.132 Y145.83 F7800
G1 E2 F2400
;WIDTH:0.450031
G1 F1200
G1 X121.779 Y145.83 E2.56023
;WIDTH:0.452325
G1 X121.808 Y145.829 E2.56163
G1 X121.891 Y145.637 E2.57175
;WIDTH:0.404381
G1 X121.891 Y76.694 E5.49539
;WIDTH:0.447541
G1 X121.85 Y76.583 E5.50104
;WIDTH:0.490702
G1 X121.809 Y76.473 E5.50728
;WIDTH:0.533863
G1 X121.768 Y76.362 E5.51421
G1 X121.337 Y76.29 E5.5398
;WIDTH:0.502681
G1 X120.907 Y76.218 E5.56363
;WIDTH:0.471499
G1 X117.309 Y74.955 E5.75726
;WIDTH:0.466557
G1 X117.116 Y74.863 E5.76798
G1 E3.76798 F2400
G92 E0
G1 X127.901 Y146.119 F7800
G1 E2 F2400
;TYPE:Perimeter
;WIDTH:0.45
G1 F1500
G1 X127.901 Y76.072 E5.36902
G1 X129.042 Y75.918 E5.4244
G1 X132.721 Y74.629 E5.61189
G1 X134.006 Y73.836 E5.68452
G1 X144.679 Y73.836 E6.19785
G1 X144.679 Y146.119 E9.67441
G1 X127.961 Y146.119 E10.47849
G1 X127.516 Y146.505 F7800
G1 F1500
G1 X127.516 Y75.727 E13.88267
G1 X128.854 Y75.575 E13.94744
G1 X132.554 Y74.279 E14.136
G1 X133.897 Y73.45 E14.21191
G1 X145.064 Y73.45 E14.749
G1 X145.064 Y146.505 E18.26269
G1 X127.576 Y146.505 E19.1038
G1 X127.13 Y146.89 F7800
;TYPE:External perimeter
G1 F1500
G1 X127.13 Y75.383 E22.54304
G1 X128.767 Y75.197 E22.62228
G1 X132.388 Y73.929 E22.80681
G1 X133.634 Y73.159 E22.87726
;TYPE:Overhang perimeter
;WIDTH:0.4
;HEIGHT:0.4
M106 S255
G1 X133.787 Y73.065 E22.88664
G1 X145.45 Y73.065 E23.49597
G1 X145.45 Y73.159 E23.50088
M107
;TYPE:External perimeter
;WIDTH:0.45
;HEIGHT:0.3
G1 X145.45 Y146.89 E27.04708
G1 X127.19 Y146.89 E27.92532
G1 X127.131 Y146.495 F7800
G1 E25.92532 F2400
G92 E0
G1 X130.728 Y145.83 F7800
G1 E2 F2400
;TYPE:Solid infill
;WIDTH:0.450031
G1 F1200
G1 X132.347 Y145.83 E2.07787
G1 X133.043 Y145.83 F7800
;WIDTH:0.450027
G1 F1200
G1 X137.612 Y145.83 E2.29764
G1 E.29764 F2400
G92 E0
G1 X144.004 Y130.167 F7800
G1 E2 F2400
;TYPE:Internal infill
;WIDTH:0.45
G1 F1200
G1 X144.004 Y127.854 E2.11125
G1 X128.414 Y132.031 E2.88752
G1 X128.414 Y130.228 E2.97424
G1 X143.63 Y145.444 E4.00921
G1 X144.004 Y145.444 E4.0272
G1 X144.004 Y143.822 E4.10521
G1 X137.951 Y145.444 E4.40661
G1 X138.116 Y145.444 E4.41455
G1 X144.004 Y123.472 E5.50861
G1 X144.004 Y119.869 E5.6819
G1 X128.414 Y124.046 E6.45817
G1 X128.414 Y122.057 E6.55383
G1 X140.957 Y75.245 E8.88475
G1 X138.873 Y75.245 E8.98498
G1 X144.004 Y80.376 E9.33398
G1 X144.004 Y79.947 E9.35461
G1 X128.414 Y84.124 E10.13088
G1 X128.414 Y86.6 E10.24997
G1 X144.004 Y102.19 E11.31038
G1 X144.004 Y103.9 E11.39263
G1 X128.414 Y108.077 E12.1689
G1 X128.414 Y108.414 E12.18511
G1 X144.004 Y124.004 E13.24552
G1 E11.24552 F2400
G92 E0
G1 X144.004 Y98.229 F7800
G1 E2 F2400
G1 F1200
G1 X144.004 Y95.916 E2.11125
G1 X128.414 Y100.093 E2.88752
G1 X128.414 Y97.507 E3.0119
G1 X144.004 Y113.097 E4.07231
G1 X144.004 Y111.885 E4.1306
G1 X128.414 Y116.062 E4.90687
G1 X128.414 Y119.321 E5.06362
G1 X144.004 Y134.911 E6.12403
G1 X144.004 Y135.838 E6.16862
G1 X128.414 Y140.015 E6.94489
G1 X128.414 Y141.135 E6.99876
G1 X132.723 Y145.444 E7.29185
G1 X130.132 Y145.444 E7.41647
G1 X144.004 Y93.673 E9.99432
G1 X144.004 Y91.283 E10.10927
G1 X129.29 Y76.569 E11.1101
G1 X132.973 Y75.245 E11.29834
G1 X128.414 Y92.258 E12.14548
G1 X128.414 Y92.109 E12.15265
G1 X144.004 Y87.931 E12.92894
G1 X144.004 Y85.618 E13.04019
G1 E11.04019 F2400
G92 E0
G1 X132.852 Y74.876 F7800
G1 E2 F2400
;TYPE:Solid infill
;WIDTH:0.468957
G1 F1200
G1 X132.671 Y74.963 E2.01013
;WIDTH:0.471577
G1 X129.147 Y76.199 E2.1998
G1 X128.861 Y76.264 E2.2147
;WIDTH:0.500108
G1 X128.546 Y76.315 E2.23204
;WIDTH:0.530417
G1 X128.231 Y76.366 E2.25059
G1 X128.19 Y76.475 E2.25736
;WIDTH:0.488405
G1 X128.15 Y76.584 E2.2635
;WIDTH:0.446393
G1 X128.109 Y76.694 E2.26909
;WIDTH:0.404381
G1 X128.109 Y145.655 E5.1935
;WIDTH:0.450039
G1 X128.221 Y145.83 E5.20349
G1 X130.016 Y145.83 E5.28983
G1 E3.28983 F2400
G92 E0
G1 X134.088 Y74.125 F7800
G1 E2 F2400
;WIDTH:0.45
G1 F1200
G1 X144.39 Y74.125 E2.49549
G1 X144.39 Y74.493 E2.51319
;WIDTH:0.452953
G1 X144.388 Y75.019 E2.53868
G1 X144.197 Y74.86 E2.55072
;WIDTH:0.45
G1 X134.193 Y74.86 E3.03188
;WIDTH:0.453499
G1 X132.889 Y74.858 E3.09517
G1 X133.924 Y74.227 E3.154
;WIDTH:0.450511
G1 X134.193 Y74.493 E3.17222
;WIDTH:0.413391
G1 X144.022 Y74.493 E3.60008
;WIDTH:0.45
G1 X144.388 Y75.019 E3.6309
;WIDTH:0.452953
G1 X144.39 Y75.053 E3.63255
;WIDTH:0.450031
G1 X144.39 Y145.637 E7.02767
;WIDTH:0.483112
G1 X144.373 Y145.717 E7.03194
;WIDTH:0.516195
G1 X144.356 Y145.797 E7.03655
G1 X144.181 Y145.813 E7.04645
;WIDTH:0.483113
G1 X144.006 Y145.83 E7.05563
;WIDTH:0.450031
G1 X143.819 Y145.794 E7.06479
G1 X143.694 Y145.83 E7.07105
G1 X140.063 Y145.83 E7.2457
;LAYER_CHANGE
;Z:2.15
;HEIGHT:0.3
G1 E5.2457 F2400
G92 E0
G1 Z2.15 F7800
;AFTER_LAYER_CHANGE
;2.15
G1 X125.833 Y147.79
G1 E2 F2400
;TYPE:Perimeter
;WIDTH:0.578764
G1 F1200
G1 X124.167 Y147.79 E2.10689
G1 X126.088 Y147.34 F7800
;TYPE:External perimeter
;WIDTH:0.45
G1 F1200
G1 X126.628 Y148.24 E2.15737
G1 X123.372 Y148.24 E2.31397
G1 X123.912 Y147.34 E2.36445
G1 X126.028 Y147.34 E2.46622
G1 X126.273 Y147.656 F7800
G1 E.46622 F2400
G92 E0
G1 X122.261 Y146.119 F7800
G1 E2 F2400
;TYPE:Perimeter
G1 F1500
G1 X105.321 Y146.119 E2.81476
G1 X105.321 Y73.316 E6.31633
G1 X114.871 Y73.316 E6.77565
G1 X116.668 Y74.425 E6.87721
G1 X117.377 Y74.837 E6.91665
G1 X121.06 Y76.127 E7.10434
G1 X122.261 Y76.263 E7.16247
G1 X122.261 Y146.059 E10.51942
G1 X122.646 Y146.505 F7800
G1 F1500
G1 X104.936 Y146.505 E11.37121
G1 X104.936 Y72.931 E14.90986
G1 X114.981 Y72.931 E15.39299
G1 X117.505 Y74.473 E15.53525
G1 X121.146 Y75.748 E15.7208
G1 X122.646 Y75.919 E15.79341
G1 X122.646 Y146.445 E19.18547
G1 X123.032 Y146.89 F7800
;TYPE:External perimeter
G1 F1500
G1 X104.55 Y146.89 E20.07439
G1 X104.55 Y72.64 E23.64556
;TYPE:Overhang perimeter
;WIDTH:0.4
;HEIGHT:0.4
M106 S255
G1 X104.55 Y72.545 E23.65052
G1 X115.09 Y72.545 E24.20118
G1 X115.243 Y72.64 E24.21059
M107
;TYPE:External perimeter
;WIDTH:0.45
;HEIGHT:0.3
G1 X117.632 Y74.109 E24.34548
G1 X121.233 Y75.37 E24.52899
G1 X123.032 Y75.575 E24.61608
G1 X123.032 Y146.83 E28.0432
G1 X122.636 Y146.89 F7800
G1 E26.0432 F2400
G92 E0
G1 X105.44 Y144.605 F7800
G1 E2 F2400
;TYPE:Bridge infill
;WIDTH:0.404906
;HEIGHT:0.4
M106 S255
G1 F1500
G1 X105.733 Y145.727 E2.06208
G1 X106.203 Y145.725 E2.08724
G1 X105.643 Y143.58 E2.20592
G1 X105.643 Y141.781 E2.30223
G1 X106.672 Y145.722 E2.52028
G1 X106.825 Y145.721 E2.52847
G1 X106.884 Y145.798 E2.53366
G1 X107.162 Y145.798 E2.54854
G1 X105.643 Y139.981 E2.87039
G1 X105.643 Y138.182 E2.9667
G1 X107.632 Y145.798 E3.38809
G1 X107.697 Y145.798 E3.39157
G1 X107.741 Y145.736 E3.39564
G1 X108.064 Y145.649 E3.41355
G1 X105.643 Y136.382 E3.9263
G1 X105.643 Y134.583 E4.02261
G1 X108.503 Y145.531 E4.62837
G1 X108.943 Y145.414 E4.65274
G1 X105.643 Y132.783 E5.35163
G1 X105.643 Y130.984 E5.44794
G1 X109.382 Y145.296 E6.23984
G1 X109.704 Y145.21 E6.25768
G1 X109.896 Y145.464 E6.27473
G1 X105.643 Y129.184 E7.17552
G1 X105.643 Y127.385 E7.27183
G1 X110.454 Y145.798 E8.29065
G1 X110.924 Y145.798 E8.31581
G1 X105.643 Y125.585 E9.43422
G1 X105.643 Y123.786 E9.53053
G1 X111.394 Y145.798 E10.74848
G1 X111.864 Y145.798 E10.77364
G1 X105.643 Y121.986 E12.09118
G1 X105.643 Y120.187 E12.18749
G1 X112.334 Y145.798 E13.60458
G1 X112.804 Y145.798 E13.62974
G1 X105.643 Y118.387 E15.14642
G1 X105.643 Y116.588 E15.24273
G1 X113.275 Y145.798 E16.85896
G1 X113.745 Y145.798 E16.88412
G1 X105.643 Y114.788 E18.59994
G1 X105.643 Y112.989 E18.69625
G1 X114.132 Y145.482 E20.49413
G1 X114.229 Y145.205 E20.50984
G1 X114.66 Y145.7 E20.54498
G1 X105.643 Y111.189 E22.45452
G1 X105.643 Y109.39 E22.55083
G1 X115.155 Y145.798 E24.56533
G1 X115.625 Y145.798 E24.59049
G1 X105.643 Y107.59 E26.70458
G1 X105.643 Y105.791 E26.80089
G1 X116.096 Y145.798 E29.01454
G1 X116.566 Y145.798 E29.0397
G1 X105.643 Y103.991 E31.35294
G1 X105.643 Y102.192 E31.44925
G1 X117.036 Y145.798 E33.86203
G1 X117.506 Y145.798 E33.88719
G1 X105.643 Y100.392 E36.39956
G1 X105.643 Y98.593 E36.49587
G1 X117.976 Y145.798 E39.10778
G1 X118.447 Y145.798 E39.13299
G1 X105.643 Y96.793 E41.84451
G1 X105.643 Y94.993 E41.94087
G1 X118.917 Y145.798 E44.75198
G1 X119.387 Y145.798 E44.77714
G1 X105.643 Y93.194 E47.68779
G1 X105.643 Y91.394 E47.78415
G1 X119.857 Y145.798 E50.79439
G1 X120.327 Y145.798 E50.81955
G1 X105.643 Y89.595 E53.92933
G1 X105.643 Y87.795 E54.02569
G1 X120.797 Y145.798 E57.23507
G1 X121.268 Y145.798 E57.26028
G1 X105.643 Y85.996 E60.56921
G1 X105.643 Y84.196 E60.66557
G1 X121.738 Y145.798 E64.07409
G1 X121.939 Y145.798 E64.08485
G1 X121.939 Y144.77 E64.13988
G1 X105.643 Y82.397 E67.59106
G1 X105.643 Y80.597 E67.68742
G1 X121.939 Y142.97 E71.1386
G1 X121.939 Y141.171 E71.23491
G1 X105.643 Y78.798 E74.68609
G1 X105.643 Y76.998 E74.78245
G1 X121.939 Y139.371 E78.23363
G1 X121.939 Y137.572 E78.32994
G1 X105.643 Y75.199 E81.78112
G1 X105.643 Y74.598 E81.81329
G1 X105.957 Y74.603 E81.8301
G1 X121.939 Y135.772 E85.21467
G1 X121.939 Y133.973 E85.31098
G1 X106.553 Y75.083 E88.56944
G1 X107.023 Y75.083 E88.5946
G1 X121.939 Y132.173 E91.75347
G1 X121.939 Y130.373 E91.84983
G1 X107.493 Y75.083 E94.9091
G1 X107.963 Y75.083 E94.93426
G1 X121.939 Y128.574 E97.89399
G1 X121.939 Y126.774 E97.99035
G1 X108.441 Y75.111 E100.84893
G1 X108.949 Y75.257 E100.87723
G1 X121.939 Y124.975 E103.6282
G1 X121.939 Y123.175 E103.72456
G1 X109.248 Y74.603 E106.41212
G1 X109.718 Y74.603 E106.43728
G1 X121.939 Y121.376 E109.0253
G1 X121.939 Y119.576 E109.12166
G1 X110.189 Y74.603 E111.61007
G1 X110.659 Y74.603 E111.63523
G1 X121.939 Y117.777 E114.0241
G1 X121.939 Y115.977 E114.12046
G1 X111.129 Y74.603 E116.40974
G1 X111.599 Y74.603 E116.4349
G1 X121.939 Y114.178 E118.62464
G1 X121.939 Y112.378 E118.721
G1 X112.069 Y74.603 E120.81115
G1 X112.54 Y74.603 E120.83636
G1 X121.939 Y110.579 E122.82695
G1 X121.939 Y108.779 E122.92331
G1 X113.01 Y74.603 E124.81431
G1 X113.48 Y74.603 E124.83947
G1 X121.939 Y106.98 E126.63093
G1 X121.939 Y105.18 E126.72729
G1 X113.95 Y74.603 E128.41916
G1 X114.42 Y74.603 E128.44432
G1 X121.939 Y103.381 E130.03665
G1 X121.939 Y101.581 E130.13301
G1 X114.89 Y74.603 E131.62574
G1 X115.361 Y74.603 E131.65095
G1 X121.939 Y99.782 E133.04413
G1 X121.939 Y97.982 E133.14049
G1 X115.831 Y74.603 E134.43408
G1 X116.301 Y74.603 E134.45924
G1 X121.939 Y96.183 E135.65329
G1 X121.939 Y94.383 E135.74965
G1 X116.853 Y74.918 E136.82668
G1 X117.027 Y75.024 E136.83759
G1 X117.393 Y75.183 E136.85895
G1 X121.939 Y92.584 E137.82177
G1 X121.939 Y90.784 E137.91813
G1 X117.91 Y75.364 E138.77134
G1 X118.428 Y75.545 E138.80071
G1 X121.939 Y88.985 E139.54436
G1 X121.939 Y87.185 E139.64072
G1 X118.946 Y75.727 E140.2747
G1 X119.463 Y75.908 E140.30402
G1 X121.939 Y85.385 E140.82839
G1 X121.939 Y83.586 E140.9247
G1 X119.981 Y76.089 E141.33951
G1 X120.498 Y76.271 E141.36885
G1 X121.939 Y81.786 E141.674
G1 X121.939 Y79.987 E141.77031
G1 X121.01 Y76.431 E141.96707
G1 X121.498 Y76.5 E141.99345
G1 X122.142 Y78.962 E142.12969
M107
G1 E140.12969 F2400
G92 E0
G1 X105.659 Y73.654 F7800
G1 E2 F2400
;TYPE:Solid infill
;WIDTH:0.546794
;HEIGHT:0.3
G1 F1200
G1 X105.941 Y73.654 E2.01697
;WIDTH:0.585644
G1 X106.23 Y73.673 E2.0358
;WIDTH:0.624494
G1 X106.52 Y73.693 E2.05611
G1 X108.616 Y73.693 E2.20254
G1 X108.81 Y73.673 E2.21616
;WIDTH:0.585644
G1 X109.003 Y73.654 E2.22877
;WIDTH:0.546793
G1 X114.707 Y73.654 E2.57197
G1 X114.834 Y73.69 E2.57991
G1 X115.557 Y74.136 E2.63102
G1 X109.003 Y74.136 E3.02537
;WIDTH:0.585644
G1 X108.907 Y74.156 E3.03175
;WIDTH:0.624495
G1 X108.81 Y74.175 E3.03866
G1 X108.767 Y74.253 E3.04488
G1 X106.392 Y74.253 E3.2108
G1 X106.352 Y74.203 E3.21527
G1 X106.263 Y74.171 E3.22188
;WIDTH:0.587471
G1 X106.175 Y74.138 E3.22801
;WIDTH:0.550449
G1 X105.841 Y74.136 E3.24826
;WIDTH:0.546794
G1 X105.659 Y73.955 E3.2637
G1 X105.659 Y73.847 E3.2702
G1 E1.2702 F2400
G92 E0
G1 X127.739 Y146.119 F7800
G1 E2 F2400
;TYPE:Perimeter
;WIDTH:0.45
G1 F1500
G1 X127.739 Y76.263 E5.35983
G1 X128.94 Y76.127 E5.41796
G1 X132.721 Y74.802 E5.61066
G1 X135.129 Y73.316 E5.74675
G1 X144.679 Y73.316 E6.20607
G1 X144.679 Y146.119 E9.70764
G1 X127.799 Y146.119 E10.51951
G1 X127.354 Y146.505 F7800
G1 F1500
G1 X127.354 Y75.919 E13.91445
G1 X128.854 Y75.748 E13.98706
G1 X132.554 Y74.452 E14.17562
G1 X135.019 Y72.931 E14.31493
G1 X145.064 Y72.931 E14.79806
G1 X145.064 Y146.505 E18.33671
G1 X127.414 Y146.505 E19.18561
G1 X126.968 Y146.89 F7800
;TYPE:External perimeter
G1 F1500
G1 X126.968 Y75.575 E22.61561
G1 X128.767 Y75.37 E22.7027
G1 X132.388 Y74.102 E22.88723
G1 X134.757 Y72.64 E23.02112
;TYPE:Overhang perimeter
;WIDTH:0.4
;HEIGHT:0.4
M106 S255
G1 X134.91 Y72.545 E23.03053
G1 X145.45 Y72.545 E23.58119
G1 X145.45 Y72.64 E23.58615
M107
;TYPE:External perimeter
;WIDTH:0.45
;HEIGHT:0.3
G1 X145.45 Y146.89 E27.15732
G1 X127.028 Y146.89 E28.04335
G1 X126.969 Y146.495 F7800
G1 X128.527 Y146
;TYPE:Bridge infill
;WIDTH:0.400096
;HEIGHT:0.4
M106 S255
G1 F1500
G1 X128.061 Y144.172 E28.14196
G1 X128.061 Y142.35 E28.2372
G1 X128.94 Y145.798 E28.42319
G1 X129.404 Y145.798 E28.44744
G1 X128.061 Y140.528 E28.73171
G1 X128.061 Y138.706 E28.82695
G1 X129.869 Y145.798 E29.20951
G1 X129.993 Y145.798 E29.21599
G1 X130.183 Y145.209 E29.24834
G1 X128.061 Y136.884 E29.6974
G1 X128.061 Y135.062 E29.79264
G1 X130.798 Y145.798 E30.37176
G1 X131.262 Y145.798 E30.39601
G1 X128.061 Y133.24 E31.07341
G1 X128.061 Y131.418 E31.16865
G1 X131.727 Y145.798 E31.94433
G1 X132.191 Y145.798 E31.96858
G1 X128.061 Y129.596 E32.84254
G1 X128.061 Y127.774 E32.93778
G1 X132.513 Y145.239 E33.87987
G1 X132.533 Y145.18 E33.88313
G1 X133.058 Y145.798 E33.92552
G1 X133.12 Y145.798 E33.92876
G1 X128.061 Y125.952 E34.99928
G1 X128.061 Y124.13 E35.09452
G1 X133.584 Y145.798 E36.26332
G1 X134.049 Y145.798 E36.28763
G1 X128.061 Y122.308 E37.55472
G1 X128.061 Y120.486 E37.64996
G1 X134.513 Y145.798 E39.01532
G1 X134.978 Y145.798 E39.03963
G1 X128.061 Y118.664 E40.50328
G1 X128.061 Y116.843 E40.59846
G1 X135.442 Y145.798 E42.16034
G1 X135.907 Y145.798 E42.18465
G1 X128.061 Y115.021 E43.84482
G1 X128.061 Y113.199 E43.94006
G1 X136.371 Y145.798 E45.6985
G1 X136.836 Y145.798 E45.72281
G1 X128.061 Y111.377 E47.57954
G1 X128.061 Y109.555 E47.67478
G1 X137.3 Y145.798 E49.62978
G1 X137.594 Y145.798 E49.64515
G1 X137.654 Y145.706 E49.65089
G1 X137.736 Y145.683 E49.65534
G1 X128.061 Y107.733 E51.70243
G1 X128.061 Y105.911 E51.79767
G1 X138.169 Y145.561 E53.93646
G1 X138.605 Y145.45 E53.95998
G1 X128.061 Y104.089 E56.19106
G1 X128.061 Y102.267 E56.2863
G1 X139.04 Y145.334 E58.60941
G1 X139.475 Y145.217 E58.63296
G1 X128.061 Y100.445 E61.04804
G1 X128.061 Y98.623 E61.14328
G1 X140.087 Y145.798 E63.68798
G1 X140.552 Y145.798 E63.71229
G1 X128.061 Y96.801 E66.35528
G1 X128.061 Y94.979 E66.45052
G1 X141.016 Y145.798 E69.19178
G1 X141.481 Y145.798 E69.21609
G1 X128.061 Y93.157 E72.05564
G1 X128.061 Y91.335 E72.15088
G1 X141.945 Y145.798 E75.08871
G1 X142.41 Y145.798 E75.11302
G1 X128.061 Y89.513 E78.14913
G1 X128.061 Y87.691 E78.24437
G1 X142.874 Y145.798 E81.37876
G1 X143.339 Y145.798 E81.40307
G1 X128.061 Y85.869 E84.63575
G1 X128.061 Y84.047 E84.73099
G1 X143.771 Y145.673 E88.0552
G1 X143.805 Y145.629 E88.05811
G1 X144.018 Y145.798 E88.07232
G1 X144.268 Y145.798 E88.08539
G1 X128.061 Y82.225 E91.51463
G1 X128.061 Y80.403 E91.60987
G1 X144.357 Y144.327 E95.05804
G1 X144.357 Y142.505 E95.15328
G1 X128.061 Y78.581 E98.60145
G1 X128.061 Y76.759 E98.69669
G1 X144.357 Y140.683 E102.14486
G1 X144.357 Y138.861 E102.2401
G1 X128.46 Y76.505 E105.6037
G1 X128.911 Y76.45 E105.62745
G1 X144.357 Y137.039 E108.89573
G1 X144.357 Y135.217 E108.99097
G1 X129.344 Y76.326 E112.16765
G1 X129.77 Y76.176 E112.19126
G1 X144.357 Y133.395 E115.27775
G1 X144.357 Y131.573 E115.37299
G1 X130.196 Y76.026 E118.3693
G1 X130.622 Y75.876 E118.39291
G1 X144.357 Y129.751 E121.29903
G1 X144.357 Y127.929 E121.39427
G1 X131.049 Y75.726 E124.21019
G1 X131.475 Y75.576 E124.2338
G1 X144.357 Y126.107 E126.95953
G1 X144.357 Y124.285 E127.05477
G1 X131.901 Y75.426 E129.69031
G1 X132.328 Y75.276 E129.71397
G1 X144.357 Y122.463 E132.25931
G1 X144.357 Y120.641 E132.35455
G1 X132.754 Y75.127 E134.80966
G1 X132.838 Y75.097 E134.81432
G1 X133.16 Y74.9 E134.83405
G1 X144.357 Y118.819 E137.20313
G1 X144.357 Y116.997 E137.29837
G1 X133.562 Y74.653 E139.58248
G1 X133.645 Y74.603 E139.58754
G1 X134.014 Y74.603 E139.60683
G1 X144.357 Y115.175 E141.79535
G1 X144.357 Y113.353 E141.89059
G1 X134.478 Y74.603 E143.98084
G1 X134.943 Y74.603 E144.00515
G1 X144.357 Y111.531 E145.99711
G1 X144.357 Y109.71 E146.09229
G1 X135.407 Y74.603 E147.98602
G1 X135.872 Y74.603 E148.01033
G1 X144.357 Y107.888 E149.80578
G1 X144.357 Y106.066 E149.90102
G1 X136.336 Y74.603 E151.59819
G1 X136.801 Y74.603 E151.6225
G1 X144.357 Y104.244 E153.22138
G1 X144.357 Y102.422 E153.31662
G1 X137.265 Y74.603 E154.81723
G1 X137.73 Y74.603 E154.84154
G1 X144.357 Y100.6 E156.24386
G1 X144.357 Y98.778 E156.3391
G1 X138.194 Y74.603 E157.64314
G1 X138.659 Y74.603 E157.66745
G1 X144.357 Y96.956 E158.8732
G1 X144.357 Y95.134 E158.96844
G1 X139.246 Y75.083 E160.05002
G1 X139.71 Y75.083 E160.07427
G1 X144.357 Y93.312 E161.05757
G1 X144.357 Y91.49 E161.15281
G1 X140.175 Y75.083 E162.03782
G1 X140.639 Y75.083 E162.06207
G1 X144.357 Y89.668 E162.84881
G1 X144.357 Y87.846 E162.94405
G1 X140.981 Y74.603 E163.6584
G1 X141.446 Y74.603 E163.68271
G1 X144.357 Y86.024 E164.29877
G1 X144.357 Y84.202 E164.39401
G1 X141.91 Y74.603 E164.9118
G1 X142.375 Y74.603 E164.93611
G1 X144.357 Y82.38 E165.35561
G1 X144.357 Y80.558 E165.45085
G1 X142.839 Y74.603 E165.77207
G1 X143.304 Y74.603 E165.79638
G1 X144.357 Y78.736 E166.01931
G1 X144.357 Y76.914 E166.11455
G1 X143.768 Y74.603 E166.23921
G1 X144.233 Y74.603 E166.26352
G1 X144.56 Y75.886 E166.33273
M107
G1 E164.33273 F2400
G92 E0
G1 X134.437 Y74.136 F7800
G1 E2 F2400
;TYPE:Solid infill
;WIDTH:0.546793
;HEIGHT:0.3
G1 F1200
G1 X135.224 Y73.654 E2.05553
G1 X138.81 Y73.654 E2.2713
;WIDTH:0.585644
G1 X139.004 Y73.673 E2.28397
;WIDTH:0.624496
G1 X139.197 Y73.693 E2.29753
G1 X140.33 Y73.693 E2.37668
G1 X140.523 Y73.673 E2.39024
;WIDTH:0.585644
G1 X140.717 Y73.654 E2.40291
;WIDTH:0.546793
G1 X144.341 Y73.654 E2.62096
G1 X144.341 Y74.097 E2.64761
G1 X144.243 Y74.059 E2.65393
G1 X144.159 Y74.136 E2.66079
G1 X140.717 Y74.136 E2.86789
;WIDTH:0.585644
G1 X140.62 Y74.156 E2.87433
;WIDTH:0.624496
G1 X140.523 Y74.175 E2.88124
G1 X140.477 Y74.253 E2.88757
G1 X139.068 Y74.253 E2.986
G1 X139.03 Y74.204 E2.99033
G1 X138.92 Y74.17 E2.99837
;WIDTH:0.585644
G1 X138.81 Y74.136 E3.00586
;WIDTH:0.546793
G1 X134.63 Y74.136 E3.25737
;LAYER_CHANGE
;Z:2.45
;HEIGHT:0.3
G1 E1.25737 F2400
G92 E0
G1 Z2.45 F7800
;AFTER_LAYER_CHANGE
;2.45
G1 X125.833 Y147.79
G1 E2 F2400
;TYPE:Perimeter
;WIDTH:0.578767
G1 F1200
G1 X124.167 Y147.79 E2.10689
G1 X126.088 Y147.34 F7800
;TYPE:External perimeter
;WIDTH:0.45
G1 F1200
G1 X126.628 Y148.24 E2.15737
G1 X123.372 Y148.24 E2.31397
G1 X123.912 Y147.34 E2.36445
G1 X126.028 Y147.34 E2.46622
G1 X126.273 Y147.656 F7800
G1 E.46622 F2400
G92 E0
G1 X122.423 Y146.119 F7800
G1 E2 F2400
;TYPE:Perimeter
G1 F1500
G1 X105.321 Y146.119 E2.82255
G1 X105.321 Y72.797 E6.34908
G1 X113.777 Y72.797 E6.75578
G1 X113.89 Y72.884 E6.76264
G1 X117.279 Y74.975 E6.95417
G1 X121.06 Y76.3 E7.14687
G1 X122.423 Y76.455 E7.21285
G1 X122.423 Y146.059 E10.56056
G1 X122.808 Y146.505 F7800
G1 F1500
G1 X104.936 Y146.505 E11.42014
G1 X104.936 Y72.411 E14.9838
G1 X113.922 Y72.411 E15.416
G1 X114.093 Y72.556 E15.42678
G1 X117.446 Y74.625 E15.61628
G1 X121.146 Y75.922 E15.80485
G1 X122.808 Y76.111 E15.8853
G1 X122.808 Y146.445 E19.26812
G1 X123.194 Y146.89 F7800
;TYPE:External perimeter
G1 F1500
G1 X104.55 Y146.89 E20.16483
G1 X104.55 Y72.12 E23.76101
;TYPE:Overhang perimeter
;WIDTH:0.4
;HEIGHT:0.4
M106 S255
G1 X104.55 Y72.026 E23.76592
G1 X114.076 Y72.026 E24.2636
G1 X114.179 Y72.12 E24.27089
M107
;TYPE:External perimeter
;WIDTH:0.45
;HEIGHT:0.3
G1 X114.295 Y72.228 E24.27851
G1 X117.612 Y74.275 E24.46598
G1 X121.233 Y75.543 E24.65051
G1 X123.194 Y75.766 E24.74544
G1 X123.194 Y146.83 E28.16337
G1 X122.798 Y146.89 F7800
G1 E26.16337 F2400
G92 E0
G1 X109.14 Y74.795 F7800
G1 E2 F2400
;TYPE:Internal infill
;WIDTH:0.45
G1 F1200
G1 X109.298 Y74.206 E2.02933
G1 E.02933 F2400
G92 E0
G1 X113.429 Y73.086 F7800
G1 E2 F2400
;TYPE:Solid infill
;WIDTH:0.45
G1 F1200
G1 X105.61 Y73.086 E2.37607
G1 X105.61 Y73.821 E2.41142
G1 X114.797 Y73.822 E2.85328
;WIDTH:0.447889
G1 X114.908 Y73.846 E2.85871
;WIDTH:0.45
G1 X113.755 Y73.14 E2.92374
G1 X113.622 Y73.086 E2.93064
G1 X113.563 Y73.453 E2.94852
;WIDTH:0.413375
G1 X105.978 Y73.453 E3.27868
G1 X105.747 Y75.236 F7800
;WIDTH:0.594457
G1 F1200
G1 X105.7 Y75.189 E3.28307
G1 X105.636 Y75.206 E3.28745
G1 X105.619 Y75.27 E3.29183
G1 X105.666 Y75.317 E3.29622
G1 X105.73 Y75.3 E3.3006
;WIDTH:0.45
G1 X106.402 Y75.181 E3.33342
G1 X105.487 Y76.11 E3.39614
;WIDTH:0.404381
G1 X105.416 Y76.09 E3.39927
G1 X105.435 Y76.162 E3.40243
G1 X105.476 Y76.151 E3.40423
;WIDTH:0.45
G1 X105.61 Y76.518 E3.42302
G1 X106.948 Y75.181 E3.514
G1 X107.493 Y75.181 E3.54021
G1 X105.61 Y77.063 E3.66826
G1 X105.61 Y77.609 E3.69452
G1 X108.038 Y75.181 E3.85967
G1 X108.584 Y75.181 E3.88593
G1 X105.61 Y78.154 E4.08818
G1 X105.61 Y78.699 E4.11439
G1 X109.129 Y75.181 E4.35371
G1 X109.674 Y75.181 E4.37992
G1 X105.61 Y79.245 E4.65635
G1 X105.61 Y79.79 E4.68256
G1 X110.22 Y75.181 E4.99609
G1 X110.765 Y75.181 E5.0223
G1 X105.61 Y80.335 E5.3729
G1 X105.61 Y80.881 E5.39916
G1 X111.311 Y75.181 E5.7869
G1 X111.856 Y75.181 E5.81311
G1 X105.61 Y81.426 E6.23792
G1 X105.61 Y81.971 E6.26413
G1 X112.401 Y75.181 E6.72601
G1 X112.947 Y75.181 E6.75227
G1 X105.61 Y82.517 E7.25129
G1 X105.61 Y83.062 E7.2775
G1 X113.492 Y75.181 E7.81359
G1 X114.037 Y75.181 E7.8398
G1 X105.61 Y83.607 E8.41296
G1 X105.61 Y84.153 E8.43922
G1 X114.583 Y75.181 E9.04952
G1 X115.128 Y75.181 E9.07573
G1 X105.61 Y84.698 E9.7231
G1 X105.61 Y85.243 E9.74931
G1 X115.673 Y75.181 E10.43375
G1 X115.946 Y75.068 E10.44796
;WIDTH:0.404381
G1 X116.019 Y75.007 E10.45199
;WIDTH:0.437536
G1 X116.106 Y74.827 E10.46129
;WIDTH:0.470691
G1 X116.192 Y74.647 E10.4714
G1 X116.119 Y74.589 E10.47612
;WIDTH:0.447919
G1 X114.941 Y73.864 E10.54229
;WIDTH:0.446955
G1 X114.911 Y73.848 E10.54391
G1 X116.546 Y74.853 F7800
;WIDTH:0.45
G1 F1200
G1 X105.61 Y85.789 E11.28776
G1 X105.61 Y86.334 E11.31397
G1 X116.884 Y75.06 E12.08081
G1 X117.229 Y75.261 E12.10001
G1 X105.61 Y86.879 E12.89029
G1 X105.61 Y87.425 E12.91655
G1 X117.633 Y75.403 E13.73431
G1 X118.036 Y75.544 E13.75485
G1 X105.61 Y87.97 E14.60005
G1 X105.61 Y88.515 E14.62626
G1 X118.44 Y75.686 E15.49891
G1 X118.843 Y75.828 E15.51946
G1 X105.61 Y89.061 E16.41955
G1 X105.61 Y89.606 E16.44576
G1 X119.247 Y75.97 E17.3733
G1 X119.65 Y76.112 E17.39385
G1 X105.61 Y90.152 E18.34883
G1 X105.61 Y90.697 E18.37504
G1 X120.054 Y76.253 E19.3575
G1 X120.458 Y76.395 E19.3781
G1 X105.61 Y91.242 E20.38801
G1 X105.61 Y91.788 E20.41427
G1 X120.861 Y76.537 E21.45162
G1 X121.322 Y76.621 E21.47416
G1 X105.61 Y92.333 E22.54287
G1 X105.61 Y92.878 E22.56908
G1 X121.812 Y76.677 E23.67109
G1 X122.274 Y76.613 E23.69352
;WIDTH:0.404381
G1 X122.203 Y76.594 E23.69664
G1 X122.222 Y76.665 E23.69976
G1 X122.263 Y76.654 E23.70156
;WIDTH:0.45
G1 X122.134 Y76.9 E23.71492
G1 X105.61 Y93.424 E24.83886
G1 X105.61 Y93.969 E24.86507
G1 X122.134 Y77.446 E25.98898
G1 X122.134 Y77.991 E26.01519
G1 X105.61 Y94.514 E27.1391
G1 X105.61 Y95.06 E27.16536
G1 X122.134 Y78.537 E28.28927
G1 X122.134 Y79.082 E28.31548
G1 X105.61 Y95.605 E29.43939
G1 X105.61 Y96.15 E29.4656
G1 X122.134 Y79.627 E30.58951
G1 X122.134 Y80.173 E30.61577
G1 X105.61 Y96.696 E31.73968
G1 X105.61 Y97.241 E31.76589
G1 X122.134 Y80.718 E32.8898
G1 X122.134 Y81.263 E32.91601
G1 X105.61 Y97.786 E34.03992
G1 X105.61 Y98.332 E34.06618
G1 X122.134 Y81.809 E35.19009
G1 X122.134 Y82.354 E35.2163
G1 X105.61 Y98.877 E36.34021
G1 X105.61 Y99.422 E36.36642
G1 X122.134 Y82.899 E37.49033
G1 X122.134 Y83.445 E37.51659
G1 X105.61 Y99.968 E38.6405
G1 X105.61 Y100.513 E38.66671
G1 X122.134 Y83.99 E39.79062
G1 X122.134 Y84.535 E39.81683
G1 X105.61 Y101.058 E40.94074
G1 X105.61 Y101.604 E40.967
G1 X122.134 Y85.081 E42.09091
G1 X122.134 Y85.626 E42.11712
G1 X105.61 Y102.149 E43.24103
G1 X105.61 Y102.695 E43.26729
G1 X122.134 Y86.171 E44.39123
G1 X122.134 Y86.717 E44.41749
G1 X105.61 Y103.24 E45.5414
G1 X105.61 Y103.785 E45.56761
G1 X122.134 Y87.262 E46.69152
G1 X122.134 Y87.807 E46.71773
G1 X105.61 Y104.331 E47.84167
G1 X105.61 Y104.876 E47.86788
G1 X122.134 Y88.353 E48.99179
G1 X122.134 Y88.898 E49.018
G1 X105.61 Y105.421 E50.14191
G1 X105.61 Y105.967 E50.16817
G1 X122.134 Y89.443 E51.29211
G1 X122.134 Y89.989 E51.31837
G1 X105.61 Y106.512 E52.44228
G1 X105.61 Y107.057 E52.46849
G1 X122.134 Y90.534 E53.5924
G1 X122.134 Y91.08 E53.61866
G1 X105.61 Y107.603 E54.74257
G1 X105.61 Y108.148 E54.76878
G1 X122.134 Y91.625 E55.89269
G1 X122.134 Y92.17 E55.9189
G1 X105.61 Y108.693 E57.04281
G1 X105.61 Y109.239 E57.06907
G1 X122.134 Y92.716 E58.19298
G1 X122.134 Y93.261 E58.21919
G1 X105.61 Y109.784 E59.3431
G1 X105.61 Y110.329 E59.36931
G1 X122.134 Y93.806 E60.49322
G1 X122.134 Y94.352 E60.51948
G1 X105.61 Y110.875 E61.64339
G1 X105.61 Y111.42 E61.6696
G1 X122.134 Y94.897 E62.79351
G1 X122.134 Y95.442 E62.81972
G1 X105.61 Y111.965 E63.94363
G1 X105.61 Y112.511 E63.96989
G1 X122.134 Y95.988 E65.0938
G1 X122.134 Y96.533 E65.12001
G1 X105.61 Y113.056 E66.24392
G1 X105.61 Y113.601 E66.27013
G1 X122.134 Y97.078 E67.39404
G1 X122.134 Y97.624 E67.4203
G1 X105.61 Y114.147 E68.54421
G1 X105.61 Y114.692 E68.57042
G1 X122.134 Y98.169 E69.69433
G1 X122.134 Y98.714 E69.72054
G1 X105.61 Y115.238 E70.84448
G1 X105.61 Y115.783 E70.87069
G1 X122.134 Y99.26 E71.9946
G1 X122.134 Y99.805 E72.02081
G1 X105.61 Y116.328 E73.14472
G1 X105.61 Y116.874 E73.17098
G1 X122.134 Y100.35 E74.29492
G1 X122.134 Y100.896 E74.32118
G1 X105.61 Y117.419 E75.44509
G1 X105.61 Y117.964 E75.4713
G1 X122.134 Y101.441 E76.59521
G1 X122.134 Y101.986 E76.62142
G1 X105.61 Y118.51 E77.74536
G1 X105.61 Y119.055 E77.77157
G1 X122.134 Y102.532 E78.89548
G1 X122.134 Y103.077 E78.92169
G1 X105.61 Y119.6 E80.0456
G1 X105.61 Y120.146 E80.07186
G1 X122.134 Y103.623 E81.19577
G1 X122.134 Y104.168 E81.22198
G1 X105.61 Y120.691 E82.34589
G1 X105.61 Y121.236 E82.3721
G1 X122.134 Y104.713 E83.49601
G1 X122.134 Y105.259 E83.52227
G1 X105.61 Y121.782 E84.64618
G1 X105.61 Y122.327 E84.67239
G1 X122.134 Y105.804 E85.7963
G1 X122.134 Y106.349 E85.82251
G1 X105.61 Y122.872 E86.94642
G1 X105.61 Y123.418 E86.97268
G1 X122.134 Y106.895 E88.09659
G1 X122.134 Y107.44 E88.1228
G1 X105.61 Y123.963 E89.24671
G1 X105.61 Y124.508 E89.27292
G1 X122.134 Y107.985 E90.39683
G1 X122.134 Y108.531 E90.42309
G1 X105.61 Y125.054 E91.547
G1 X105.61 Y125.599 E91.57321
G1 X122.134 Y109.076 E92.69712
G1 X122.134 Y109.621 E92.72333
G1 X105.61 Y126.144 E93.84724
G1 X105.61 Y126.69 E93.8735
G1 X122.134 Y110.167 E94.99741
G1 X122.134 Y110.712 E95.02362
G1 X105.61 Y127.235 E96.14753
G1 X105.61 Y127.781 E96.17379
G1 X122.134 Y111.257 E97.29773
G1 X122.134 Y111.803 E97.32399
G1 X105.61 Y128.326 E98.4479
G1 X105.61 Y128.871 E98.47411
G1 X122.134 Y112.348 E99.59802
G1 X122.134 Y112.893 E99.62423
G1 X105.61 Y129.417 E100.74817
G1 X105.61 Y129.962 E100.77438
G1 X122.134 Y113.439 E101.89829
G1 X122.134 Y113.984 E101.9245
G1 X105.61 Y130.507 E103.04841
G1 X105.61 Y131.053 E103.07467
G1 X122.134 Y114.529 E104.19861
G1 X122.134 Y115.075 E104.22487
G1 X105.61 Y131.598 E105.34878
G1 X105.61 Y132.143 E105.37499
G1 X122.134 Y115.62 E106.4989
G1 X122.134 Y116.166 E106.52516
G1 X105.61 Y132.689 E107.64907
G1 X105.61 Y133.234 E107.67528
G1 X122.134 Y116.711 E108.79919
G1 X122.134 Y117.256 E108.8254
G1 X105.61 Y133.779 E109.94931
G1 X105.61 Y134.325 E109.97557
G1 X122.134 Y117.802 E111.09948
G1 X122.134 Y118.347 E111.12569
G1 X105.61 Y134.87 E112.2496
G1 X105.61 Y135.415 E112.27581
G1 X122.134 Y118.892 E113.39972
G1 X122.134 Y119.438 E113.42598
G1 X105.61 Y135.961 E114.54989
G1 X105.61 Y136.506 E114.5761
G1 X122.134 Y119.983 E115.70001
G1 X122.134 Y120.528 E115.72622
G1 X105.61 Y137.051 E116.85013
G1 X105.61 Y137.597 E116.87639
G1 X122.134 Y121.074 E118.0003
G1 X122.134 Y121.619 E118.02651
G1 X105.61 Y138.142 E119.15042
G1 X105.61 Y138.687 E119.17663
G1 X122.134 Y122.164 E120.30054
G1 X122.134 Y122.71 E120.3268
G1 X105.61 Y139.233 E121.45071
G1 X105.61 Y139.778 E121.47692
G1 X122.134 Y123.255 E122.60083
G1 X122.134 Y123.8 E122.62704
G1 X105.61 Y140.323 E123.75095
G1 X105.61 Y140.869 E123.77721
G1 X122.134 Y124.346 E124.90112
G1 X122.134 Y124.891 E124.92733
G1 X105.61 Y141.414 E126.05124
G1 X105.61 Y141.96 E126.0775
G1 X122.134 Y125.436 E127.20144
G1 X122.134 Y125.982 E127.2277
G1 X105.61 Y142.505 E128.35161
G1 X105.61 Y143.05 E128.37782
G1 X122.134 Y126.527 E129.50173
G1 X122.134 Y127.072 E129.52794
G1 X105.61 Y143.596 E130.65188
G1 X105.61 Y144.141 E130.67809
G1 X122.134 Y127.618 E131.802
G1 X122.134 Y128.163 E131.82821
G1 X105.61 Y144.686 E132.95212
G1 X105.61 Y145.232 E132.97838
G1 X122.134 Y128.709 E134.10229
G1 X122.134 Y129.254 E134.1285
G1 X105.61 Y145.777 E135.25241
G1 X106.103 Y145.83 E135.27626
G1 X122.134 Y129.799 E136.36667
G1 X122.134 Y130.345 E136.39293
G1 X106.648 Y145.83 E137.44623
G1 X107.194 Y145.83 E137.47249
G1 X122.134 Y130.89 E138.48869
G1 X122.134 Y131.435 E138.5149
G1 X107.739 Y145.83 E139.49403
G1 X108.284 Y145.83 E139.52024
G1 X122.134 Y131.981 E140.46227
G1 X122.134 Y132.526 E140.48848
G1 X108.83 Y145.83 E141.3934
G1 X109.375 Y145.83 E141.41961
G1 X122.134 Y133.071 E142.28746
G1 X122.134 Y133.617 E142.31372
G1 X109.92 Y145.83 E143.14447
G1 X110.466 Y145.83 E143.17073
G1 X122.134 Y134.162 E143.96437
G1 X122.134 Y134.707 E143.99058
G1 X111.011 Y145.83 E144.74715
G1 X111.556 Y145.83 E144.77336
G1 X122.134 Y135.253 E145.49283
G1 X122.134 Y135.798 E145.51904
G1 X112.102 Y145.83 E146.2014
G1 X112.647 Y145.83 E146.22761
G1 X122.134 Y136.343 E146.8729
G1 X122.134 Y136.889 E146.89916
G1 X113.192 Y145.83 E147.50735
G1 X113.738 Y145.83 E147.53361
G1 X122.134 Y137.434 E148.1047
G1 X122.134 Y137.979 E148.13091
G1 X114.283 Y145.83 E148.66493
G1 X114.828 Y145.83 E148.69114
G1 X122.134 Y138.525 E149.18805
G1 X122.134 Y139.07 E149.21426
G1 X115.374 Y145.83 E149.67407
G1 X115.919 Y145.83 E149.70028
G1 X122.134 Y139.615 E150.12302
G1 X122.134 Y140.161 E150.14928
G1 X116.465 Y145.83 E150.53488
G1 X117.01 Y145.83 E150.56109
G1 X122.134 Y140.706 E150.90962
G1 X122.134 Y141.252 E150.93588
G1 X117.555 Y145.83 E151.2473
G1 X118.101 Y145.83 E151.27356
G1 X122.134 Y141.797 E151.54788
G1 X122.134 Y142.342 E151.57409
G1 X118.646 Y145.83 E151.81134
G1 X119.191 Y145.83 E151.83755
G1 X122.134 Y142.888 E152.0377
G1 X122.134 Y143.433 E152.06391
G1 X119.737 Y145.83 E152.22695
G1 X120.282 Y145.83 E152.25316
G1 X122.134 Y143.978 E152.37913
G1 X122.134 Y145.83 E152.4682
G1 X120.827 Y145.83 E152.53106
G1 X121.997 Y144.66 E152.61064
G1 E150.61064 F2400
G92 E0
G1 X127.577 Y146.119 F7800
G1 E2 F2400
;TYPE:Perimeter
G1 F1500
G1 X127.577 Y76.455 E5.3506
G1 X128.94 Y76.3 E5.41658
G1 X132.721 Y74.975 E5.60928
G1 X136.251 Y72.797 E5.80878
G1 X144.679 Y72.797 E6.21414
G1 X144.679 Y146.119 E9.74067
G1 X127.637 Y146.119 E10.56033
G1 X127.192 Y146.505 F7800
G1 F1500
G1 X127.192 Y76.111 E13.94604
G1 X128.854 Y75.922 E14.02649
G1 X132.554 Y74.625 E14.21506
G1 X135.907 Y72.556 E14.40456
G1 X136.078 Y72.411 E14.41534
G1 X145.064 Y72.411 E14.84754
G1 X145.064 Y146.505 E18.4112
G1 X127.252 Y146.505 E19.2679
G1 X126.806 Y146.89 F7800
;TYPE:External perimeter
G1 F1500
G1 X126.806 Y75.766 E22.68872
G1 X128.767 Y75.543 E22.78365
G1 X132.388 Y74.275 E22.96818
G1 X135.705 Y72.228 E23.15565
G1 X135.821 Y72.12 E23.16327
;TYPE:Overhang perimeter
;WIDTH:0.4
;HEIGHT:0.4
M106 S255
G1 X135.924 Y72.026 E23.17056
G1 X145.45 Y72.026 E23.66824
G1 X145.45 Y72.12 E23.67315
M107
;TYPE:External perimeter
;WIDTH:0.45
;HEIGHT:0.3
G1 X145.45 Y146.89 E27.26933
G1 X126.866 Y146.89 E28.16316
G1 X126.807 Y146.495 F7800
G1 E26.16316 F2400
G92 E0
G1 X135.52 Y74.206 F7800
G1 E2 F2400
;TYPE:Internal infill
;WIDTH:0.45
G1 F1200
G1 X137.834 Y74.206 E2.1113
G1 X138.423 Y74.795 E2.15136
G1 X141.078 Y74.795 E2.27906
G1 X141.236 Y74.206 E2.30839
G1 X143.549 Y74.206 E2.41964
G1 E.41964 F2400
G92 E0
G1 X135.105 Y73.836 F7800
G1 E2 F2400
;TYPE:Solid infill
;WIDTH:0.457985
G1 F1200
G1 X135.058 Y73.861 E2.00261
;WIDTH:0.450919
G1 X134.04 Y74.489 E2.06028
G1 E.06028 F2400
G92 E0
G1 X136.314 Y73.086 F7800
G1 E2 F2400
;WIDTH:0.45
G1 F1200
G1 X144.39 Y73.086 E2.38843
G1 X144.39 Y73.821 E2.42378
G1 X136.419 Y73.821 E2.80716
;WIDTH:0.455901
G1 X135.156 Y73.818 E2.86884
G1 X136.15 Y73.188 E2.92631
;WIDTH:0.450862
G1 X136.419 Y73.453 E2.94451
;WIDTH:0.413375
G1 X144.022 Y73.453 E3.27546
G1 E1.27546 F2400
G92 E0
G1 X127.981 Y76.746 F7800
G1 E2 F2400
;WIDTH:0.559105
G1 F1200
G1 X127.937 Y76.702 E2.00384
G1 X127.877 Y76.718 E2.00767
G1 X127.861 Y76.778 E2.0115
G1 X127.905 Y76.822 E2.01534
G1 X127.965 Y76.806 E2.01917
;WIDTH:0.45
G1 X128.685 Y76.62 E2.05494
G1 X127.743 Y77.576 E2.11949
;WIDTH:0.404381
G1 X127.672 Y77.557 E2.12261
G1 X127.691 Y77.628 E2.12573
G1 X127.732 Y77.617 E2.12753
;WIDTH:0.45
G1 X127.866 Y77.984 E2.14632
G1 X129.409 Y76.442 E2.25124
G1 X129.679 Y76.27 E2.26664
;WIDTH:0.404381
G1 X129.599 Y76.252 E2.27012
G1 X129.444 Y76.279 E2.27679
G1 X130.56 Y75.964 F7800
G1 F1200
G1 X130.489 Y75.944 E2.27992
G1 X130.508 Y76.016 E2.28308
G1 X130.549 Y76.005 E2.28488
;WIDTH:0.45
G1 X130.249 Y76.147 E2.30084
G1 X127.866 Y78.53 E2.46293
G1 X127.866 Y79.075 E2.48914
G1 X131.09 Y75.851 E2.70843
G1 X131.39 Y75.709 E2.72439
;WIDTH:0.404381
G1 X131.349 Y75.72 E2.72619
G1 X131.33 Y75.649 E2.72931
G1 X131.401 Y75.668 E2.73243
;WIDTH:0.45
G1 X131.931 Y75.556 E2.75848
G1 X127.866 Y79.62 E3.03494
G1 X127.866 Y80.166 E3.0612
G1 X132.771 Y75.261 E3.39483
G1 X133.791 Y74.786 F7800
G1 F1200
G1 X127.866 Y80.711 E3.79784
G1 X127.866 Y81.256 E3.82405
G1 X133.942 Y75.181 E4.2373
G1 X134.488 Y75.181 E4.26356
G1 X127.866 Y81.802 E4.71395
G1 X127.866 Y82.347 E4.74016
G1 X135.033 Y75.181 E5.22762
G1 X135.578 Y75.181 E5.25383
G1 X127.866 Y82.892 E5.77836
G1 X127.866 Y83.438 E5.80462
G1 X136.124 Y75.181 E6.36628
G1 X136.669 Y75.181 E6.39249
G1 X127.866 Y83.983 E6.99123
G1 X127.866 Y84.528 E7.01744
G1 X137.214 Y75.181 E7.65325
G1 X137.76 Y75.181 E7.67951
G1 X127.866 Y85.074 E8.35245
G1 X127.866 Y85.619 E8.37866
G1 X138.305 Y75.181 E9.08867
G1 X138.85 Y75.181 E9.11488
G1 X127.866 Y86.164 E9.86196
G1 X127.866 Y86.71 E9.88822
G1 X139.396 Y75.181 E10.67244
G1 X139.941 Y75.181 E10.69865
G1 X127.866 Y87.255 E11.51994
G1 X127.866 Y87.8 E11.54615
G1 X140.486 Y75.181 E12.40451
G1 X141.032 Y75.181 E12.43077
G1 X127.866 Y88.346 E13.32627
G1 X127.866 Y88.891 E13.35248
G1 X141.577 Y75.181 E14.28505
G1 X142.122 Y75.181 E14.31126
G1 X127.866 Y89.437 E15.28094
G1 X127.866 Y89.982 E15.30715
G1 X142.668 Y75.181 E16.31393
G1 X143.213 Y75.181 E16.34014
G1 X127.866 Y90.527 E17.38399
G1 X127.866 Y91.073 E17.41025
G1 X143.758 Y75.181 E18.4912
G1 X144.304 Y75.181 E18.51746
G1 X127.866 Y91.618 E19.63552
G1 X127.866 Y92.163 E19.66173
G1 X144.39 Y75.64 E20.78564
G1 X144.39 Y76.185 E20.81185
G1 X127.866 Y92.709 E21.93579
G1 X127.866 Y93.254 E21.962
G1 X144.39 Y76.731 E23.08591
G1 X144.39 Y77.276 E23.11212
G1 X127.866 Y93.799 E24.23603
G1 X127.866 Y94.345 E24.26229
G1 X144.39 Y77.822 E25.3862
G1 X144.39 Y78.367 E25.41241
G1 X127.866 Y94.89 E26.53632
G1 X127.866 Y95.435 E26.56253
G1 X144.39 Y78.912 E27.68644
G1 X144.39 Y79.458 E27.7127
G1 X127.866 Y95.981 E28.83661
G1 X127.866 Y96.526 E28.86282
G1 X144.39 Y80.003 E29.98673
G1 X144.39 Y80.548 E30.01294
G1 X127.866 Y97.071 E31.13685
G1 X127.866 Y97.617 E31.16311
G1 X144.39 Y81.094 E32.28702
G1 X144.39 Y81.639 E32.31323
G1 X127.866 Y98.162 E33.43714
G1 X127.866 Y98.707 E33.46335
G1 X144.39 Y82.184 E34.58726
G1 X144.39 Y82.73 E34.61352
G1 X127.866 Y99.253 E35.73743
G1 X127.866 Y99.798 E35.76364
G1 X144.39 Y83.275 E36.88755
G1 X144.39 Y83.82 E36.91376
G1 X127.866 Y100.343 E38.03767
G1 X127.866 Y100.889 E38.06393
G1 X144.39 Y84.366 E39.18784
G1 X144.39 Y84.911 E39.21405
G1 X127.866 Y101.434 E40.33796
G1 X127.866 Y101.979 E40.36417
G1 X144.39 Y85.456 E41.48808
G1 X144.39 Y86.002 E41.51434
G1 X127.866 Y102.525 E42.63825
G1 X127.866 Y103.07 E42.66446
G1 X144.39 Y86.547 E43.78837
G1 X144.39 Y87.092 E43.81458
G1 X127.866 Y103.616 E44.93852
G1 X127.866 Y104.161 E44.96473
G1 X144.39 Y87.638 E46.08864
G1 X144.39 Y88.183 E46.11485
G1 X127.866 Y104.706 E47.23876
G1 X127.866 Y105.252 E47.26502
G1 X144.39 Y88.728 E48.38896
G1 X144.39 Y89.274 E48.41522
G1 X127.866 Y105.797 E49.53913
G1 X127.866 Y106.342 E49.56534
G1 X144.39 Y89.819 E50.68925
G1 X144.39 Y90.365 E50.71551
G1 X127.866 Y106.888 E51.83942
G1 X127.866 Y107.433 E51.86563
G1 X144.39 Y90.91 E52.98954
G1 X144.39 Y91.455 E53.01575
G1 X127.866 Y107.978 E54.13966
G1 X127.866 Y108.524 E54.16592
G1 X144.39 Y92.001 E55.28983
G1 X144.39 Y92.546 E55.31604
G1 X127.866 Y109.069 E56.43995
G1 X127.866 Y109.614 E56.46616
G1 X144.39 Y93.091 E57.59007
G1 X144.39 Y93.637 E57.61633
G1 X127.866 Y110.16 E58.74024
G1 X127.866 Y110.705 E58.76645
G1 X144.39 Y94.182 E59.89036
G1 X144.39 Y94.727 E59.91657
G1 X127.866 Y111.25 E61.04048
G1 X127.866 Y111.796 E61.06674
G1 X144.39 Y95.273 E62.19065
G1 X144.39 Y95.818 E62.21686
G1 X127.866 Y112.341 E63.34077
G1 X127.866 Y112.886 E63.36698
G1 X144.39 Y96.363 E64.49089
G1 X144.39 Y96.909 E64.51715
G1 X127.866 Y113.432 E65.64106
G1 X127.866 Y113.977 E65.66727
G1 X144.39 Y97.454 E66.79118
G1 X144.39 Y97.999 E66.81739
G1 X127.866 Y114.522 E67.9413
G1 X127.866 Y115.068 E67.96756
G1 X144.39 Y98.545 E69.09147
G1 X144.39 Y99.09 E69.11768
G1 X127.866 Y115.613 E70.24159
G1 X127.866 Y116.159 E70.26785
G1 X144.39 Y99.635 E71.39179
G1 X144.39 Y100.181 E71.41805
G1 X127.866 Y116.704 E72.54196
G1 X127.866 Y117.249 E72.56817
G1 X144.39 Y100.726 E73.69208
G1 X144.39 Y101.271 E73.71829
G1 X127.866 Y117.795 E74.84223
G1 X127.866 Y118.34 E74.86844
G1 X144.39 Y101.817 E75.99235
G1 X144.39 Y102.362 E76.01856
G1 X127.866 Y118.885 E77.14247
G1 X127.866 Y119.431 E77.16873
G1 X144.39 Y102.908 E78.29264
G1 X144.39 Y103.453 E78.31885
G1 X127.866 Y119.976 E79.44276
G1 X127.866 Y120.521 E79.46897
G1 X144.39 Y103.998 E80.59288
G1 X144.39 Y104.544 E80.61914
G1 X127.866 Y121.067 E81.74305
G1 X127.866 Y121.612 E81.76926
G1 X144.39 Y105.089 E82.89317
G1 X144.39 Y105.634 E82.91938
G1 X127.866 Y122.157 E84.04329
G1 X127.866 Y122.703 E84.06955
G1 X144.39 Y106.18 E85.19346
G1 X144.39 Y106.725 E85.21967
G1 X127.866 Y123.248 E86.34358
G1 X127.866 Y123.793 E86.36979
G1 X144.39 Y107.27 E87.4937
G1 X144.39 Y107.816 E87.51996
G1 X127.866 Y124.339 E88.64387
G1 X127.866 Y124.884 E88.67008
G1 X144.39 Y108.361 E89.79399
G1 X144.39 Y108.906 E89.8202
G1 X127.866 Y125.429 E90.94411
G1 X127.866 Y125.975 E90.97037
G1 X144.39 Y109.452 E92.09428
G1 X144.39 Y109.997 E92.12049
G1 X127.866 Y126.52 E93.2444
G1 X127.866 Y127.065 E93.27061
G1 X144.39 Y110.542 E94.39452
G1 X144.39 Y111.088 E94.42078
G1 X127.866 Y127.611 E95.54469
G1 X127.866 Y128.156 E95.5709
G1 X144.39 Y111.633 E96.69481
G1 X144.39 Y112.178 E96.72102
G1 X127.866 Y128.702 E97.84496
G1 X127.866 Y129.247 E97.87117
G1 X144.39 Y112.724 E98.99508
G1 X144.39 Y113.269 E99.02129
G1 X127.866 Y129.792 E100.1452
G1 X127.866 Y130.338 E100.17146
G1 X144.39 Y113.814 E101.2954
G1 X144.39 Y114.36 E101.32166
G1 X127.866 Y130.883 E102.44557
G1 X127.866 Y131.428 E102.47178
G1 X144.39 Y114.905 E103.59569
G1 X144.39 Y115.45 E103.6219
G1 X127.866 Y131.974 E104.74584
G1 X127.866 Y132.519 E104.77205
G1 X144.39 Y115.996 E105.89596
G1 X144.39 Y116.541 E105.92217
G1 X127.866 Y133.064 E107.04608
G1 X127.866 Y133.61 E107.07234
G1 X144.39 Y117.087 E108.19625
G1 X144.39 Y117.632 E108.22246
G1 X127.866 Y134.155 E109.34637
G1 X127.866 Y134.7 E109.37258
G1 X144.39 Y118.177 E110.49649
G1 X144.39 Y118.723 E110.52275
G1 X127.866 Y135.246 E111.64666
G1 X127.866 Y135.791 E111.67287
G1 X144.39 Y119.268 E112.79678
G1 X144.39 Y119.813 E112.82299
G1 X127.866 Y136.336 E113.9469
G1 X127.866 Y136.882 E113.97316
G1 X144.39 Y120.359 E115.09707
G1 X144.39 Y120.904 E115.12328
G1 X127.866 Y137.427 E116.24719
G1 X127.866 Y137.972 E116.2734
G1 X144.39 Y121.449 E117.39731
G1 X144.39 Y121.995 E117.42357
G1 X127.866 Y138.518 E118.54748
G1 X127.866 Y139.063 E118.57369
G1 X144.39 Y122.54 E119.6976
G1 X144.39 Y123.085 E119.72381
G1 X127.866 Y139.608 E120.84772
G1 X127.866 Y140.154 E120.87398
G1 X144.39 Y123.631 E121.99789
G1 X144.39 Y124.176 E122.0241
G1 X127.866 Y140.699 E123.14801
G1 X127.866 Y141.245 E123.17427
G1 X144.39 Y124.721 E124.29821
G1 X144.39 Y125.267 E124.32447
G1 X127.866 Y141.79 E125.44838
G1 X127.866 Y142.335 E125.47459
G1 X144.39 Y125.812 E126.5985
G1 X144.39 Y126.357 E126.62471
G1 X127.866 Y142.881 E127.74865
G1 X127.866 Y143.426 E127.77486
G1 X144.39 Y126.903 E128.89877
G1 X144.39 Y127.448 E128.92498
G1 X127.866 Y143.971 E130.04889
G1 X127.866 Y144.517 E130.07515
G1 X144.39 Y127.993 E131.19909
G1 X144.39 Y128.539 E131.22535
G1 X127.866 Y145.062 E132.34926
G1 X127.824 Y145.902 F7800
;WIDTH:0.404381
G1 F1200
G1 X127.753 Y145.883 E132.35238
G1 X127.772 Y145.954 E132.3555
G1 X127.813 Y145.943 E132.3573
;WIDTH:0.45
G1 X127.866 Y145.607 E132.37366
G1 X144.39 Y129.084 E133.49757
G1 X144.39 Y129.63 E133.52383
G1 X128.189 Y145.83 E134.62577
G1 X128.735 Y145.83 E134.65203
G1 X144.39 Y130.175 E135.71686
G1 X144.39 Y130.72 E135.74307
G1 X129.28 Y145.83 E136.77083
G1 X129.825 Y145.83 E136.79704
G1 X144.39 Y131.266 E137.7877
G1 X144.39 Y131.811 E137.81391
G1 X130.371 Y145.83 E138.76746
G1 X130.916 Y145.83 E138.79367
G1 X144.39 Y132.356 E139.71015
G1 X144.39 Y132.902 E139.73641
G1 X131.461 Y145.83 E140.61579
G1 X132.007 Y145.83 E140.64205
G1 X144.39 Y133.447 E141.48433
G1 X144.39 Y133.992 E141.51054
G1 X132.552 Y145.83 E142.31575
G1 X133.097 Y145.83 E142.34196
G1 X144.39 Y134.538 E143.11006
G1 X144.39 Y135.083 E143.13627
G1 X133.643 Y145.83 E143.86727
G1 X134.188 Y145.83 E143.89348
G1 X144.39 Y135.628 E144.58741
G1 X144.39 Y136.174 E144.61367
G1 X134.733 Y145.83 E145.27049
G1 X135.279 Y145.83 E145.29675
G1 X144.39 Y136.719 E145.91647
G1 X144.39 Y137.264 E145.94268
G1 X135.824 Y145.83 E146.52533
G1 X136.369 Y145.83 E146.55154
G1 X144.39 Y137.81 E147.09708
G1 X144.39 Y138.355 E147.12329
G1 X136.915 Y145.83 E147.63173
G1 X137.46 Y145.83 E147.65794
G1 X144.39 Y138.9 E148.12931
G1 X144.39 Y139.446 E148.15557
G1 X138.005 Y145.83 E148.58984
G1 X138.551 Y145.83 E148.6161
G1 X144.39 Y139.991 E149.01326
G1 X144.39 Y140.536 E149.03947
G1 X139.096 Y145.83 E149.39956
G1 X139.642 Y145.83 E149.42582
G1 X144.39 Y141.082 E149.74877
G1 X144.39 Y141.627 E149.77498
G1 X140.187 Y145.83 E150.06086
G1 X140.732 Y145.83 E150.08707
G1 X144.39 Y142.173 E150.33585
G1 X144.39 Y142.718 E150.36206
G1 X141.278 Y145.83 E150.57373
G1 X141.823 Y145.83 E150.59994
G1 X144.39 Y143.263 E150.77454
G1 X144.39 Y143.809 E150.8008
G1 X142.368 Y145.83 E150.9383
G1 E148.9383 F2400
G92 E0
G1 X144.253 Y144.49 F7800
G1 E2 F2400
G1 F1200
G1 X142.914 Y145.83 E2.09111
G1 X144.39 Y145.83 E2.1621
G1 X144.39 Y144.354 E2.23309
G1 X144.015 Y145.382 F7800
;WIDTH:0.543333
G1 F1200
G1 X143.973 Y145.34 E2.23664
G1 X143.915 Y145.355 E2.24022
G1 X143.899 Y145.413 E2.24381
G1 X143.942 Y145.455 E2.2474
G1 X144 Y145.44 E2.25098
;LAYER_CHANGE
;Z:2.75
;HEIGHT:0.3
G1 E.25098 F2400
G92 E0
G1 Z2.75 F7800
;AFTER_LAYER_CHANGE
;2.75
G1 X125.833 Y147.79
G1 E2 F2400
;TYPE:Perimeter
;WIDTH:0.578767
G1 F1200
G1 X124.167 Y147.79 E2.10689
G1 X126.088 Y147.34 F7800
;TYPE:External perimeter
;WIDTH:0.45
G1 F1200
G1 X126.628 Y148.24 E2.15737
G1 X123.372 Y148.24 E2.31397
G1 X123.912 Y147.34 E2.36445
G1 X126.028 Y147.34 E2.46622
G1 X126.273 Y147.656 F7800
G1 E.46622 F2400
G92 E0
G1 X122.585 Y146.119 F7800
G1 E2 F2400
;TYPE:Perimeter
G1 F1500
G1 X105.321 Y146.119 E2.83034
G1 X105.321 Y72.277 E6.38188
G1 X113.037 Y72.277 E6.75299
G1 X113.734 Y72.937 E6.79916
G1 X114 Y73.125 E6.81483
G1 X117.279 Y75.149 E7.00016
G1 X121.06 Y76.473 E7.19284
G1 X122.585 Y76.647 E7.26666
G1 X122.585 Y146.059 E10.60514
G1 X122.97 Y146.505 F7800
G1 F1500
G1 X104.936 Y146.505 E11.47251
G1 X104.936 Y71.892 E15.06114
G1 X113.191 Y71.892 E15.45818
G1 X113.999 Y72.657 E15.5117
G1 X114.203 Y72.797 E15.5236
G1 X117.446 Y74.799 E15.7069
G1 X121.146 Y76.095 E15.89546
G1 X122.97 Y76.302 E15.98375
G1 X122.97 Y146.445 E19.35738
G1 X123.356 Y146.89 F7800
;TYPE:External perimeter
G1 F1500
G1 X104.55 Y146.89 E20.26188
G1 X104.55 Y71.601 E23.88302
;TYPE:Overhang perimeter
;WIDTH:0.4
;HEIGHT:0.4
M106 S255
G1 X104.55 Y71.506 E23.88798
G1 X113.345 Y71.506 E24.34747
G1 X113.445 Y71.601 E24.35468
M107
;TYPE:External perimeter
;WIDTH:0.45
;HEIGHT:0.3
G1 X114.264 Y72.377 E24.40894
G1 X117.612 Y74.448 E24.59828
G1 X121.233 Y75.717 E24.78282
G1 X123.356 Y75.958 E24.88558
G1 X123.356 Y146.83 E28.29428
G1 X122.96 Y146.89 F7800
G1 E26.29428 F2400
G92 E0
G1 X121.7 Y76.66 F7800
G1 E2 F2400
;TYPE:Top solid infill
;WIDTH:0.401764
G1 F900
G1 X122.321 Y77.281 E2.03696
G1 X122.321 Y77.758 E2.05703
G1 X121.333 Y76.77 E2.11583
G1 X121.134 Y76.747 E2.12426
G1 X120.72 Y76.634 E2.14232
G1 X122.321 Y78.235 E2.2376
G1 X122.321 Y78.712 E2.25767
G1 X119.984 Y76.376 E2.39672
G1 X119.852 Y76.329 E2.40262
G1 X119.461 Y76.329 E2.41907
G1 X122.321 Y79.189 E2.58927
G1 X122.321 Y79.666 E2.60934
G1 X118.514 Y75.86 E2.83587
G1 X117.779 Y75.602 E2.86865
G1 X122.321 Y80.143 E3.13892
G1 X122.321 Y80.62 E3.15899
G1 X116.967 Y75.267 E3.47758
G1 X115.72 Y74.497 E3.53925
G1 X122.321 Y81.098 E3.93208
G1 X122.321 Y81.575 E3.95215
G1 X115.121 Y74.375 E4.38063
G1 X114.644 Y74.375 E4.4007
G1 X122.321 Y82.052 E4.85756
G1 X122.321 Y82.529 E4.87763
G1 X114.166 Y74.375 E5.36291
G1 X113.689 Y74.375 E5.38298
G1 X122.321 Y83.006 E5.89664
G1 X122.321 Y83.483 E5.91671
G1 X113.212 Y74.375 E6.45876
G1 X112.735 Y74.375 E6.47883
G1 X122.321 Y83.96 E7.04927
G1 X122.321 Y84.438 E7.06938
G1 X112.258 Y74.375 E7.66823
G1 X111.781 Y74.375 E7.6883
G1 X122.321 Y84.915 E8.31554
G1 X122.321 Y85.392 E8.33561
G1 X111.304 Y74.375 E8.99124
G1 X110.827 Y74.375 E9.01131
G1 X122.321 Y85.869 E9.69532
G1 X122.321 Y86.346 E9.71539
G1 X110.349 Y74.375 E10.42782
G1 X109.872 Y74.375 E10.44789
G1 X122.321 Y86.823 E11.18871
G1 X122.321 Y87.3 E11.20878
G1 X109.395 Y74.375 E11.97798
G1 X108.918 Y74.375 E11.99805
G1 X122.321 Y87.777 E12.79564
G1 X122.321 Y88.255 E12.81575
G1 X108.441 Y74.375 E13.64176
G1 X107.964 Y74.375 E13.66183
G1 X122.321 Y88.732 E14.51622
G1 X122.321 Y89.209 E14.53629
G1 X107.487 Y74.375 E15.41907
G1 X107.009 Y74.375 E15.43918
G1 X122.321 Y89.686 E16.35037
G1 X122.321 Y90.163 E16.37044
G1 X106.532 Y74.375 E17.31002
G1 X106.055 Y74.375 E17.33009
G1 X122.321 Y90.64 E18.29806
G1 X122.321 Y91.117 E18.31813
G1 X105.585 Y74.382 E19.31407
G1 X105.585 Y74.859 E19.33414
G1 X122.321 Y91.595 E20.33011
G1 X122.321 Y92.072 E20.35018
G1 X105.585 Y75.336 E21.34615
G1 X105.585 Y75.814 E21.36626
G1 X122.321 Y92.549 E22.3622
G1 X122.321 Y93.026 E22.38227
G1 X105.585 Y76.291 E23.37821
G1 X105.585 Y76.768 E23.39828
G1 X122.321 Y93.503 E24.39422
G1 X122.321 Y93.98 E24.41429
G1 X105.585 Y77.245 E25.41023
G1 X105.585 Y77.722 E25.4303
G1 X122.321 Y94.457 E26.42624
G1 X122.321 Y94.934 E26.44631
G1 X105.585 Y78.199 E27.44225
G1 X105.585 Y78.676 E27.46232
G1 X122.321 Y95.412 E28.45829
G1 X122.321 Y95.889 E28.47836
G1 X105.585 Y79.154 E29.4743
G1 X105.585 Y79.631 E29.49437
G1 X122.321 Y96.366 E30.49031
G1 X122.321 Y96.843 E30.51038
G1 X105.585 Y80.108 E31.50632
G1 X105.585 Y80.585 E31.52639
G1 X122.321 Y97.32 E32.52233
G1 X122.321 Y97.797 E32.5424
G1 X105.585 Y81.062 E33.53834
G1 X105.585 Y81.539 E33.55841
G1 X122.321 Y98.274 E34.55435
G1 X122.321 Y98.751 E34.57442
G1 X105.585 Y82.016 E35.57036
G1 X105.585 Y82.493 E35.59043
G1 X122.321 Y99.229 E36.5864
G1 X122.321 Y99.706 E36.60647
G1 X105.585 Y82.971 E37.60241
G1 X105.585 Y83.448 E37.62248
G1 X122.321 Y100.183 E38.61842
G1 X122.321 Y100.66 E38.63849
G1 X105.585 Y83.925 E39.63443
G1 X105.585 Y84.402 E39.6545
G1 X122.321 Y101.137 E40.65044
G1 X122.321 Y101.614 E40.67051
G1 X105.585 Y84.879 E41.66645
G1 X105.585 Y85.356 E41.68652
G1 X122.321 Y102.091 E42.68246
G1 X122.321 Y102.569 E42.70257
G1 X105.585 Y85.833 E43.69854
G1 X105.585 Y86.311 E43.71865
G1 X122.321 Y103.046 E44.71459
G1 X122.321 Y103.523 E44.73466
G1 X105.585 Y86.788 E45.7306
G1 X105.585 Y87.265 E45.75067
G1 X122.321 Y104 E46.74661
G1 X122.321 Y104.477 E46.76668
G1 X105.585 Y87.742 E47.76262
G1 X105.585 Y88.219 E47.78269
G1 X122.321 Y104.954 E48.77863
G1 X122.321 Y105.431 E48.7987
G1 X105.585 Y88.696 E49.79464
G1 X105.585 Y89.173 E49.81471
G1 X122.321 Y105.908 E50.81065
G1 X122.321 Y106.386 E50.83076
G1 X105.585 Y89.65 E51.82673
G1 X105.585 Y90.128 E51.84684
G1 X122.321 Y106.863 E52.84278
G1 X122.321 Y107.34 E52.86285
G1 X105.585 Y90.605 E53.85879
G1 X105.585 Y91.082 E53.87886
G1 X122.321 Y107.817 E54.8748
G1 X122.321 Y108.294 E54.89487
G1 X105.585 Y91.559 E55.89081
G1 X105.585 Y92.036 E55.91088
G1 X122.321 Y108.771 E56.90682
G1 X122.321 Y109.248 E56.92689
G1 X105.585 Y92.513 E57.92283
G1 X105.585 Y92.99 E57.9429
G1 X122.321 Y109.726 E58.93887
G1 X122.321 Y110.203 E58.95894
G1 X105.585 Y93.467 E59.95491
G1 X105.585 Y93.945 E59.97502
G1 X122.321 Y110.68 E60.97096
G1 X122.321 Y111.157 E60.99103
G1 X105.585 Y94.422 E61.98697
G1 X105.585 Y94.899 E62.00704
G1 X122.321 Y111.634 E63.00298
G1 X122.321 Y112.111 E63.02305
G1 X105.585 Y95.376 E64.01899
G1 X105.585 Y95.853 E64.03906
G1 X122.321 Y112.588 E65.035
G1 X122.321 Y113.065 E65.05507
G1 X105.585 Y96.33 E66.05101
G1 X105.585 Y96.807 E66.07108
G1 X122.321 Y113.543 E67.06705
G1 X122.321 Y114.02 E67.08712
G1 X105.585 Y97.285 E68.08306
G1 X105.585 Y97.762 E68.10313
G1 X122.321 Y114.497 E69.09907
G1 X122.321 Y114.974 E69.11914
G1 X105.585 Y98.239 E70.11508
G1 X105.585 Y98.716 E70.13515
G1 X122.321 Y115.451 E71.13109
G1 X122.321 Y115.928 E71.15116
G1 X105.585 Y99.193 E72.1471
G1 X105.585 Y99.67 E72.16717
G1 X122.321 Y116.405 E73.16311
G1 X122.321 Y116.882 E73.18318
G1 X105.585 Y100.147 E74.17912
G1 X105.585 Y100.624 E74.19919
G1 X122.321 Y117.36 E75.19516
G1 X122.321 Y117.837 E75.21523
G1 X105.585 Y101.102 E76.21117
G1 X105.585 Y101.579 E76.23124
G1 X122.321 Y118.314 E77.22718
G1 X122.321 Y118.791 E77.24725
G1 X105.585 Y102.056 E78.24319
G1 X105.585 Y102.533 E78.26326
G1 X122.321 Y119.268 E79.2592
G1 X122.321 Y119.745 E79.27927
G1 X105.585 Y103.01 E80.27521
G1 X105.585 Y103.487 E80.29528
G1 X122.321 Y120.222 E81.29122
G1 X122.321 Y120.7 E81.31133
G1 X105.585 Y103.964 E82.3073
G1 X105.585 Y104.442 E82.32741
G1 X122.321 Y121.177 E83.32335
G1 X122.321 Y121.654 E83.34342
G1 X105.585 Y104.919 E84.33936
G1 X105.585 Y105.396 E84.35943
G1 X122.321 Y122.131 E85.35537
G1 X122.321 Y122.608 E85.37544
G1 X105.585 Y105.873 E86.37138
G1 X105.585 Y106.35 E86.39145
G1 X122.321 Y123.085 E87.38739
G1 X122.321 Y123.562 E87.40746
G1 X105.585 Y106.827 E88.4034
G1 X105.585 Y107.304 E88.42347
G1 X122.321 Y124.039 E89.41941
G1 X122.321 Y124.517 E89.43952
G1 X105.585 Y107.781 E90.43549
G1 X105.585 Y108.259 E90.4556
G1 X122.321 Y124.994 E91.45154
G1 X122.321 Y125.471 E91.47161
G1 X105.585 Y108.736 E92.46755
G1 X105.585 Y109.213 E92.48762
G1 X122.321 Y125.948 E93.48356
G1 X122.321 Y126.425 E93.50363
G1 X105.585 Y109.69 E94.49957
G1 X105.585 Y110.167 E94.51964
G1 X122.321 Y126.902 E95.51558
G1 X122.321 Y127.379 E95.53565
G1 X105.585 Y110.644 E96.53159
G1 X105.585 Y111.121 E96.55166
G1 X122.321 Y127.857 E97.54763
G1 X122.321 Y128.334 E97.5677
G1 X105.585 Y111.598 E98.56367
G1 X105.585 Y112.076 E98.58378
G1 X122.321 Y128.811 E99.57972
G1 X122.321 Y129.288 E99.59979
G1 X105.585 Y112.553 E100.59573
G1 X105.585 Y113.03 E100.6158
G1 X122.321 Y129.765 E101.61174
G1 X122.321 Y130.242 E101.63181
G1 X105.585 Y113.507 E102.62775
G1 X105.585 Y113.984 E102.64782
G1 X122.321 Y130.719 E103.64376
G1 X122.321 Y131.196 E103.66383
G1 X105.585 Y114.461 E104.65977
G1 X105.585 Y114.938 E104.67984
G1 X122.321 Y131.674 E105.67581
G1 X122.321 Y132.151 E105.69588
G1 X105.585 Y115.416 E106.69182
G1 X105.585 Y115.893 E106.71189
G1 X122.321 Y132.628 E107.70783
G1 X122.321 Y133.105 E107.7279
G1 X105.585 Y116.37 E108.72384
G1 X105.585 Y116.847 E108.74391
G1 X122.321 Y133.582 E109.73985
G1 X122.321 Y134.059 E109.75992
G1 X105.585 Y117.324 E110.75586
G1 X105.585 Y117.801 E110.77593
G1 X122.321 Y134.536 E111.77187
G1 X122.321 Y135.013 E111.79194
G1 X105.585 Y118.278 E112.78788
G1 X105.585 Y118.755 E112.80795
G1 X122.321 Y135.491 E113.80392
G1 X122.321 Y135.968 E113.82399
G1 X105.585 Y119.233 E114.81993
G1 X105.585 Y119.71 E114.84
G1 X122.321 Y136.445 E115.83594
G1 X122.321 Y136.922 E115.85601
G1 X105.585 Y120.187 E116.85195
G1 X105.585 Y120.664 E116.87202
G1 X122.321 Y137.399 E117.86796
G1 X122.321 Y137.876 E117.88803
G1 X105.585 Y121.141 E118.88397
G1 X105.585 Y121.618 E118.90404
G1 X122.321 Y138.353 E119.89998
G1 X122.321 Y138.831 E119.92009
G1 X105.585 Y122.095 E120.91606
G1 X105.585 Y122.573 E120.93617
G1 X122.321 Y139.308 E121.93211
G1 X122.321 Y139.785 E121.95218
G1 X105.585 Y123.05 E122.94812
G1 X105.585 Y123.527 E122.96819
G1 X122.321 Y140.262 E123.96413
G1 X122.321 Y140.739 E123.9842
G1 X105.585 Y124.004 E124.98014
G1 X105.585 Y124.481 E125.00021
G1 X122.321 Y141.216 E125.99615
G1 X122.321 Y141.693 E126.01622
G1 X105.585 Y124.958 E127.01216
G1 X105.585 Y125.435 E127.03223
G1 X122.321 Y142.17 E128.02817
G1 X122.321 Y142.648 E128.04828
G1 X105.585 Y125.912 E129.04425
G1 X105.585 Y126.39 E129.06436
G1 X122.321 Y143.125 E130.0603
G1 X122.321 Y143.602 E130.08037
G1 X105.585 Y126.867 E131.07631
G1 X105.585 Y127.344 E131.09638
G1 X122.321 Y144.079 E132.09232
G1 X122.321 Y144.556 E132.11239
G1 X105.585 Y127.821 E133.10833
G1 X105.585 Y128.298 E133.1284
G1 X122.321 Y145.033 E134.12434
G1 X122.321 Y145.51 E134.14441
G1 X105.585 Y128.775 E135.14035
G1 X105.585 Y129.252 E135.16042
G1 X122.188 Y145.855 E136.14847
G1 X121.711 Y145.855 E136.16854
G1 X105.585 Y129.73 E137.12818
G1 X105.585 Y130.207 E137.14825
G1 X121.234 Y145.855 E138.0795
G1 X120.757 Y145.855 E138.09957
G1 X105.585 Y130.684 E139.00243
G1 X105.585 Y131.161 E139.0225
G1 X120.279 Y145.855 E139.89695
G1 X119.802 Y145.855 E139.91702
G1 X105.585 Y131.638 E140.76308
G1 X105.585 Y132.115 E140.78315
G1 X119.325 Y145.855 E141.60082
G1 X118.848 Y145.855 E141.62089
G1 X105.585 Y132.592 E142.41018
G1 X105.585 Y133.069 E142.43025
G1 X118.371 Y145.855 E143.19115
G1 X117.894 Y145.855 E143.21122
G1 X105.585 Y133.547 E143.9437
G1 X105.585 Y134.024 E143.96377
G1 X117.417 Y145.855 E144.66787
G1 X116.939 Y145.855 E144.68798
G1 X105.585 Y134.501 E145.36366
G1 X105.585 Y134.978 E145.38373
G1 X116.462 Y145.855 E146.03103
G1 X115.985 Y145.855 E146.0511
G1 X105.585 Y135.455 E146.67001
G1 X105.585 Y135.932 E146.69008
G1 X115.508 Y145.855 E147.2806
G1 X115.031 Y145.855 E147.30067
G1 X105.585 Y136.409 E147.86281
G1 X105.585 Y136.886 E147.88288
G1 X114.554 Y145.855 E148.41663
G1 X114.077 Y145.855 E148.4367
G1 X105.585 Y137.364 E148.94203
G1 X105.585 Y137.841 E148.9621
G1 X113.6 Y145.855 E149.43905
G1 X113.122 Y145.855 E149.45916
G1 X105.585 Y138.318 E149.90769
G1 X105.585 Y138.795 E149.92776
G1 X112.645 Y145.855 E150.3479
G1 X112.168 Y145.855 E150.36797
G1 X105.585 Y139.272 E150.75973
G1 X105.585 Y139.749 E150.7798
G1 X111.691 Y145.855 E151.14317
G1 X111.214 Y145.855 E151.16324
G1 X105.585 Y140.226 E151.49822
G1 X105.585 Y140.704 E151.51833
G1 X110.737 Y145.855 E151.8249
G1 X110.26 Y145.855 E151.84497
G1 X105.585 Y141.181 E152.12315
G1 X105.585 Y141.658 E152.14322
G1 X109.782 Y145.855 E152.39299
G1 X109.305 Y145.855 E152.41306
G1 X105.585 Y142.135 E152.63444
G1 X105.585 Y142.612 E152.65451
G1 X108.828 Y145.855 E152.8475
G1 X108.351 Y145.855 E152.86757
G1 X105.585 Y143.089 E153.03218
G1 X105.585 Y143.566 E153.05225
G1 X107.874 Y145.855 E153.18847
G1 X107.397 Y145.855 E153.20854
G1 X105.585 Y144.043 E153.31637
G1 X105.585 Y144.521 E153.33648
G1 X106.92 Y145.855 E153.4159
G1 X106.443 Y145.855 E153.43597
G1 X105.585 Y144.998 E153.487
G1 X105.585 Y145.475 E153.50707
G1 X106.116 Y146.006 E153.53867
G1 E151.53867 F2400
G92 E0
G1 X105.61 Y74.014 F7800
G1 E2 F2400
;TYPE:Solid infill
;WIDTH:0.45
G1 F1200
G1 X105.61 Y72.566 E2.06964
G1 X112.922 Y72.566 E2.42132
G1 X113.743 Y73.306 E2.47448
G1 X114.89 Y74.014 E2.53931
G1 X105.803 Y74.014 E2.97636
G1 X106.069 Y73.556 E3.00183
;WIDTH:0.595506
G1 X106.069 Y73.025 E3.03701
G1 X112.74 Y73.025 E3.47893
G1 X113.314 Y73.556 E3.53073
G1 X106.262 Y73.556 E3.99789
G1 E1.99789 F2400
G92 E0
G1 X127.415 Y146.119 F7800
G1 E2 F2400
;TYPE:Perimeter
;WIDTH:0.45
G1 F1500
G1 X127.415 Y76.647 E5.34136
G1 X128.94 Y76.473 E5.41518
G1 X132.721 Y75.149 E5.60786
G1 X136.194 Y73.005 E5.80416
G1 X136.963 Y72.277 E5.85509
G1 X144.679 Y72.277 E6.2262
G1 X144.679 Y146.119 E9.77774
G1 X127.475 Y146.119 E10.60519
G1 X127.03 Y146.505 F7800
G1 F1500
G1 X127.03 Y76.302 E13.98171
G1 X128.854 Y76.095 E14.07
G1 X132.554 Y74.799 E14.25856
G1 X135.958 Y72.698 E14.45095
G1 X136.809 Y71.892 E14.50732
G1 X145.064 Y71.892 E14.90436
G1 X145.064 Y146.505 E18.49299
G1 X127.09 Y146.505 E19.35748
G1 X126.644 Y146.89 F7800
;TYPE:External perimeter
G1 F1500
G1 X126.644 Y75.958 E22.76906
G1 X128.767 Y75.717 E22.87182
G1 X132.388 Y74.448 E23.05636
G1 X135.722 Y72.391 E23.24478
G1 X136.555 Y71.601 E23.3
;TYPE:Overhang perimeter
;WIDTH:0.4
;HEIGHT:0.4
M106 S255
G1 X136.655 Y71.506 E23.30721
G1 X145.45 Y71.506 E23.7667
G1 X145.45 Y71.601 E23.77166
M107
;TYPE:External perimeter
;WIDTH:0.45
;HEIGHT:0.3
G1 X145.45 Y146.89 E27.3928
G1 X126.704 Y146.89 E28.29442
G1 X126.645 Y146.495 F7800
G1 E26.29442 F2400
G92 E0
G1 X135.11 Y74.014 F7800
G1 E2 F2400
;TYPE:Solid infill
G1 F1200
G1 X136.273 Y73.297 E2.06571
G1 X137.076 Y72.566 E2.11794
G1 X144.39 Y72.566 E2.46972
G1 X144.39 Y74.014 E2.53936
G1 X135.303 Y74.014 E2.97641
G1 X136.669 Y73.556 F7800
;WIDTH:0.595506
G1 F1200
G1 X137.253 Y73.025 E3.0287
G1 X143.931 Y73.025 E3.47108
G1 X143.931 Y73.556 E3.50626
G1 X136.862 Y73.556 E3.97454
G1 E1.97454 F2400
G92 E0
G1 X144.566 Y74.903 F7800
G1 E2 F2400
;TYPE:Top solid infill
;WIDTH:0.400488
G1 F900
G1 X144.037 Y74.375 E2.03133
G1 X143.562 Y74.375 E2.05124
G1 X144.415 Y75.228 E2.10181
G1 X144.415 Y75.703 E2.12172
G1 X143.086 Y74.375 E2.20048
G1 X142.611 Y74.375 E2.22039
G1 X144.415 Y76.178 E2.32731
G1 X144.415 Y76.654 E2.34726
G1 X142.136 Y74.375 E2.48237
G1 X141.66 Y74.375 E2.50232
G1 X144.415 Y77.129 E2.66562
G1 X144.415 Y77.604 E2.68553
G1 X141.185 Y74.375 E2.87699
G1 X140.71 Y74.375 E2.8969
G1 X144.415 Y78.08 E3.11655
G1 X144.415 Y78.555 E3.13646
G1 X140.235 Y74.375 E3.38427
G1 X139.759 Y74.375 E3.40422
G1 X144.415 Y79.03 E3.68022
G1 X144.415 Y79.506 E3.70017
G1 X139.284 Y74.375 E4.00436
G1 X138.809 Y74.375 E4.02427
G1 X144.415 Y79.981 E4.35662
G1 X144.415 Y80.456 E4.37653
G1 X138.333 Y74.375 E4.73707
G1 X137.858 Y74.375 E4.75698
G1 X144.415 Y80.932 E5.14571
G1 X144.415 Y81.407 E5.16562
G1 X137.383 Y74.375 E5.58251
G1 X136.907 Y74.375 E5.60246
G1 X144.415 Y81.882 E6.04755
G1 X144.415 Y82.358 E6.0675
G1 X136.432 Y74.375 E6.54078
G1 X135.957 Y74.375 E6.56069
G1 X144.415 Y82.833 E7.06213
G1 X144.415 Y83.308 E7.08204
G1 X135.481 Y74.375 E7.61167
G1 X135.006 Y74.375 E7.63158
G1 X144.415 Y83.784 E8.1894
G1 X144.415 Y84.259 E8.20931
G1 X134.531 Y74.375 E8.79529
G1 X134.478 Y74.375 E8.79751
G1 X134.217 Y74.536 E8.81037
G1 X144.415 Y84.734 E9.41496
G1 X144.415 Y85.21 E9.43491
G1 X133.923 Y74.718 E10.05693
G1 X133.629 Y74.899 E10.0714
G1 X144.415 Y85.685 E10.71085
G1 X144.415 Y86.16 E10.73076
G1 X133.335 Y75.08 E11.38764
G1 X133.041 Y75.262 E11.40214
G1 X144.415 Y86.636 E12.07645
G1 X144.415 Y87.111 E12.09636
G1 X132.728 Y75.424 E12.78923
G1 X132.376 Y75.547 E12.80486
G1 X144.415 Y87.586 E13.5186
G1 X144.415 Y88.062 E13.53855
G1 X132.024 Y75.671 E14.27316
G1 X131.672 Y75.794 E14.28879
G1 X144.415 Y88.537 E15.04426
G1 X144.415 Y89.012 E15.06417
G1 X131.32 Y75.918 E15.84048
G1 X130.968 Y76.041 E15.85611
G1 X144.415 Y89.487 E16.65329
G1 X144.415 Y89.963 E16.67324
G1 X130.781 Y76.329 E17.48154
G1 X130.306 Y76.329 E17.50145
G1 X144.415 Y90.438 E18.33791
G1 X144.415 Y90.913 E18.35782
G1 X129.913 Y76.412 E19.21755
G1 X129.561 Y76.535 E19.23318
G1 X144.415 Y91.389 E20.11381
G1 X144.415 Y91.864 E20.13372
G1 X129.209 Y76.659 E21.03518
G1 X128.827 Y76.752 E21.05166
G1 X144.415 Y92.339 E21.97577
G1 X144.415 Y92.815 E21.99572
G1 X128.4 Y76.8 E22.94518
G1 X127.973 Y76.849 E22.9632
G1 X144.415 Y93.29 E23.93794
G1 X144.415 Y93.765 E23.95785
G1 X127.679 Y77.03 E24.95002
G1 X127.679 Y77.506 E24.96997
G1 X144.415 Y94.241 E25.96214
G1 X144.415 Y94.716 E25.98205
G1 X127.679 Y77.981 E26.97422
G1 X127.679 Y78.456 E26.99413
G1 X144.415 Y95.191 E27.9863
G1 X144.415 Y95.667 E28.00625
G1 X127.679 Y78.932 E28.99842
G1 X127.679 Y79.407 E29.01833
G1 X144.415 Y96.142 E30.0105
G1 X144.415 Y96.617 E30.03041
G1 X127.679 Y79.882 E31.02258
G1 X127.679 Y80.358 E31.04253
G1 X144.415 Y97.093 E32.0347
G1 X144.415 Y97.568 E32.05461
G1 X127.679 Y80.833 E33.04678
G1 X127.679 Y81.308 E33.06669
G1 X144.415 Y98.043 E34.05886
G1 X144.415 Y98.519 E34.07881
G1 X127.679 Y81.784 E35.07098
G1 X127.679 Y82.259 E35.09089
G1 X144.415 Y98.994 E36.08306
G1 X144.415 Y99.469 E36.10297
G1 X127.679 Y82.734 E37.09514
G1 X127.679 Y83.21 E37.11509
G1 X144.415 Y99.945 E38.10726
G1 X144.415 Y100.42 E38.12717
G1 X127.679 Y83.685 E39.11934
G1 X127.679 Y84.16 E39.13925
G1 X144.415 Y100.895 E40.13142
G1 X144.415 Y101.371 E40.15137
G1 X127.679 Y84.636 E41.14354
G1 X127.679 Y85.111 E41.16345
G1 X144.415 Y101.846 E42.15562
G1 X144.415 Y102.321 E42.17553
G1 X127.679 Y85.586 E43.1677
G1 X127.679 Y86.062 E43.18765
G1 X144.415 Y102.797 E44.17982
G1 X144.415 Y103.272 E44.19973
G1 X127.679 Y86.537 E45.1919
G1 X127.679 Y87.012 E45.21181
G1 X144.415 Y103.747 E46.20398
G1 X144.415 Y104.223 E46.22393
G1 X127.679 Y87.487 E47.21613
G1 X127.679 Y87.963 E47.23608
G1 X144.415 Y104.698 E48.22825
G1 X144.415 Y105.173 E48.24816
G1 X127.679 Y88.438 E49.24033
G1 X127.679 Y88.913 E49.26024
G1 X144.415 Y105.649 E50.25244
G1 X144.415 Y106.124 E50.27235
G1 X127.679 Y89.389 E51.26452
G1 X127.679 Y89.864 E51.28443
G1 X144.415 Y106.599 E52.2766
G1 X144.415 Y107.075 E52.29655
G1 X127.679 Y90.339 E53.28875
G1 X127.679 Y90.815 E53.3087
G1 X144.415 Y107.55 E54.30087
G1 X144.415 Y108.025 E54.32078
G1 X127.679 Y91.29 E55.31295
G1 X127.679 Y91.765 E55.33286
G1 X144.415 Y108.501 E56.32506
G1 X144.415 Y108.976 E56.34497
G1 X127.679 Y92.241 E57.33714
G1 X127.679 Y92.716 E57.35705
G1 X144.415 Y109.451 E58.34922
G1 X144.415 Y109.927 E58.36917
G1 X127.679 Y93.191 E59.36137
G1 X127.679 Y93.667 E59.38132
G1 X144.415 Y110.402 E60.37349
G1 X144.415 Y110.877 E60.3934
G1 X127.679 Y94.142 E61.38557
G1 X127.679 Y94.617 E61.40548
G1 X144.415 Y111.353 E62.39768
G1 X144.415 Y111.828 E62.41759
G1 X127.679 Y95.093 E63.40976
G1 X127.679 Y95.568 E63.42967
G1 X144.415 Y112.303 E64.42184
G1 X144.415 Y112.779 E64.44179
G1 X127.679 Y96.043 E65.43399
G1 X127.679 Y96.519 E65.45394
G1 X144.415 Y113.254 E66.44611
G1 X144.415 Y113.729 E66.46602
G1 X127.679 Y96.994 E67.45819
G1 X127.679 Y97.469 E67.4781
G1 X144.415 Y114.204 E68.47027
G1 X144.415 Y114.68 E68.49022
G1 X127.679 Y97.945 E69.48239
G1 X127.679 Y98.42 E69.5023
G1 X144.415 Y115.155 E70.49447
G1 X144.415 Y115.63 E70.51438
G1 X127.679 Y98.895 E71.50655
G1 X127.679 Y99.371 E71.5265
G1 X144.415 Y116.106 E72.51867
G1 X144.415 Y116.581 E72.53858
G1 X127.679 Y99.846 E73.53075
G1 X127.679 Y100.321 E73.55066
G1 X144.415 Y117.056 E74.54283
G1 X144.415 Y117.532 E74.56278
G1 X127.679 Y100.797 E75.55495
G1 X127.679 Y101.272 E75.57486
G1 X144.415 Y118.007 E76.56703
G1 X144.415 Y118.482 E76.58694
G1 X127.679 Y101.747 E77.57911
G1 X127.679 Y102.223 E77.59906
G1 X144.415 Y118.958 E78.59123
G1 X144.415 Y119.433 E78.61114
G1 X127.679 Y102.698 E79.60331
G1 X127.679 Y103.173 E79.62322
G1 X144.415 Y119.908 E80.61539
G1 X144.415 Y120.384 E80.63534
G1 X127.679 Y103.649 E81.62751
G1 X127.679 Y104.124 E81.64742
G1 X144.415 Y120.859 E82.63959
G1 X144.415 Y121.334 E82.6595
G1 X127.679 Y104.599 E83.65167
G1 X127.679 Y105.075 E83.67162
G1 X144.415 Y121.81 E84.66379
G1 X144.415 Y122.285 E84.6837
G1 X127.679 Y105.55 E85.67587
G1 X127.679 Y106.025 E85.69578
G1 X144.415 Y122.76 E86.68795
G1 X144.415 Y123.236 E86.7079
G1 X127.679 Y106.501 E87.70007
G1 X127.679 Y106.976 E87.71998
G1 X144.415 Y123.711 E88.71215
G1 X144.415 Y124.186 E88.73206
G1 X127.679 Y107.451 E89.72423
G1 X127.679 Y107.927 E89.74418
G1 X144.415 Y124.662 E90.73635
G1 X144.415 Y125.137 E90.75626
G1 X127.679 Y108.402 E91.74843
G1 X127.679 Y108.877 E91.76834
G1 X144.415 Y125.612 E92.76051
G1 X144.415 Y126.088 E92.78046
G1 X127.679 Y109.353 E93.77263
G1 X127.679 Y109.828 E93.79254
G1 X144.415 Y126.563 E94.78471
G1 X144.415 Y127.038 E94.80462
G1 X127.679 Y110.303 E95.79679
G1 X127.679 Y110.779 E95.81674
G1 X144.415 Y127.514 E96.80891
G1 X144.415 Y127.989 E96.82882
G1 X127.679 Y111.254 E97.82099
G1 X127.679 Y111.729 E97.8409
G1 X144.415 Y128.464 E98.83307
G1 X144.415 Y128.94 E98.85302
G1 X127.679 Y112.204 E99.84522
G1 X127.679 Y112.68 E99.86517
G1 X144.415 Y129.415 E100.85734
G1 X144.415 Y129.89 E100.87725
G1 X127.679 Y113.155 E101.86942
G1 X127.679 Y113.63 E101.88933
G1 X144.415 Y130.366 E102.88153
G1 X144.415 Y130.841 E102.90144
G1 X127.679 Y114.106 E103.89361
G1 X127.679 Y114.581 E103.91352
G1 X144.415 Y131.316 E104.90569
G1 X144.415 Y131.792 E104.92564
G1 X127.679 Y115.056 E105.91784
G1 X127.679 Y115.532 E105.93779
G1 X144.415 Y132.267 E106.92996
G1 X144.415 Y132.742 E106.94987
G1 X127.679 Y116.007 E107.94204
G1 X127.679 Y116.482 E107.96195
G1 X144.415 Y133.218 E108.95415
G1 X144.415 Y133.693 E108.97406
G1 X127.679 Y116.958 E109.96623
G1 X127.679 Y117.433 E109.98614
G1 X144.415 Y134.168 E110.97831
G1 X144.415 Y134.644 E110.99826
G1 X127.679 Y117.908 E111.99046
G1 X127.679 Y118.384 E112.01041
G1 X144.415 Y135.119 E113.00258
G1 X144.415 Y135.594 E113.02249
G1 X127.679 Y118.859 E114.01466
G1 X127.679 Y119.334 E114.03457
G1 X144.415 Y136.07 E115.02677
G1 X144.415 Y136.545 E115.04668
G1 X127.679 Y119.81 E116.03885
G1 X127.679 Y120.285 E116.05876
G1 X144.415 Y137.02 E117.05093
G1 X144.415 Y137.496 E117.07088
G1 X127.679 Y120.76 E118.06308
G1 X127.679 Y121.236 E118.08303
G1 X144.415 Y137.971 E119.0752
G1 X144.415 Y138.446 E119.09511
G1 X127.679 Y121.711 E120.08728
G1 X127.679 Y122.186 E120.10719
G1 X144.415 Y138.922 E121.09939
G1 X144.415 Y139.397 E121.1193
G1 X127.679 Y122.662 E122.11147
G1 X127.679 Y123.137 E122.13138
G1 X144.415 Y139.872 E123.12355
G1 X144.415 Y140.347 E123.14346
G1 X127.679 Y123.612 E124.13563
G1 X127.679 Y124.088 E124.15558
G1 X144.415 Y140.823 E125.14775
G1 X144.415 Y141.298 E125.16766
G1 X127.679 Y124.563 E126.15983
G1 X127.679 Y125.038 E126.17974
G1 X144.415 Y141.773 E127.17191
G1 X144.415 Y142.249 E127.19186
G1 X127.679 Y125.514 E128.18403
G1 X127.679 Y125.989 E128.20394
G1 X144.415 Y142.724 E129.19611
G1 X144.415 Y143.199 E129.21602
G1 X127.679 Y126.464 E130.20819
G1 X127.679 Y126.94 E130.22814
G1 X144.415 Y143.675 E131.22031
G1 X144.415 Y144.15 E131.24022
G1 X127.679 Y127.415 E132.23239
G1 X127.679 Y127.89 E132.2523
G1 X144.415 Y144.625 E133.24447
G1 X144.415 Y145.101 E133.26442
G1 X127.679 Y128.366 E134.25659
G1 X127.679 Y128.841 E134.2765
G1 X144.415 Y145.576 E135.26867
G1 X144.415 Y145.855 E135.28037
G1 X144.218 Y145.855 E135.28863
G1 X127.679 Y129.316 E136.26915
G1 X127.679 Y129.792 E136.2891
G1 X143.743 Y145.855 E137.24143
G1 X143.267 Y145.855 E137.26138
G1 X127.679 Y130.267 E138.18552
G1 X127.679 Y130.742 E138.20543
G1 X142.792 Y145.855 E139.10141
G1 X142.317 Y145.855 E139.12132
G1 X127.679 Y131.218 E139.98911
G1 X127.679 Y131.693 E140.00902
G1 X141.841 Y145.855 E140.84862
G1 X141.366 Y145.855 E140.86853
G1 X127.679 Y132.168 E141.67997
G1 X127.679 Y132.644 E141.69992
G1 X140.891 Y145.855 E142.48317
G1 X140.415 Y145.855 E142.50312
G1 X127.679 Y133.119 E143.25818
G1 X127.679 Y133.594 E143.27809
G1 X139.94 Y145.855 E144.00499
G1 X139.465 Y145.855 E144.0249
G1 X127.679 Y134.07 E144.72361
G1 X127.679 Y134.545 E144.74352
G1 X138.989 Y145.855 E145.41404
G1 X138.514 Y145.855 E145.43395
G1 X127.679 Y135.02 E146.07631
G1 X127.679 Y135.496 E146.09626
G1 X138.039 Y145.855 E146.71043
G1 X137.563 Y145.855 E146.73038
G1 X127.679 Y135.971 E147.31636
G1 X127.679 Y136.446 E147.33627
G1 X137.088 Y145.855 E147.89409
G1 X136.613 Y145.855 E147.914
G1 X127.679 Y136.922 E148.44363
G1 X127.679 Y137.397 E148.46354
G1 X136.137 Y145.855 E148.96498
G1 X135.662 Y145.855 E148.98489
G1 X127.679 Y137.872 E149.45817
G1 X127.679 Y138.347 E149.47808
G1 X135.187 Y145.855 E149.92319
G1 X134.711 Y145.855 E149.94314
G1 X127.679 Y138.823 E150.36003
G1 X127.679 Y139.298 E150.37994
G1 X134.236 Y145.855 E150.76867
G1 X133.761 Y145.855 E150.78858
G1 X127.679 Y139.773 E151.14915
G1 X127.679 Y140.249 E151.1691
G1 X133.285 Y145.855 E151.50145
G1 X132.81 Y145.855 E151.52136
G1 X127.679 Y140.724 E151.82555
G1 X127.679 Y141.199 E151.84546
G1 X132.335 Y145.855 E152.12149
G1 X131.86 Y145.855 E152.1414
G1 X127.679 Y141.675 E152.38924
G1 X127.679 Y142.15 E152.40915
G1 X131.384 Y145.855 E152.6288
G1 X130.909 Y145.855 E152.64871
G1 X127.679 Y142.625 E152.8402
G1 X127.679 Y143.101 E152.86015
G1 X130.434 Y145.855 E153.02345
G1 X129.958 Y145.855 E153.0434
G1 X127.679 Y143.576 E153.17851
G1 X127.679 Y144.051 E153.19842
G1 X129.483 Y145.855 E153.30537
G1 X129.008 Y145.855 E153.32528
G1 X127.679 Y144.527 E153.40404
G1 X127.679 Y145.002 E153.42395
G1 X128.532 Y145.855 E153.47452
G1 X128.057 Y145.855 E153.49443
G1 X127.528 Y145.326 E153.52579
M106 S175.95
;LAYER_CHANGE
;Z:3.05
;HEIGHT:0.3
G1 E151.52579 F2400
G92 E0
G1 Z3.05 F7800
;AFTER_LAYER_CHANGE
;3.05
G1 X125.334 Y146.616
G1 E2 F2400
;TYPE:Overhang perimeter
;WIDTH:0.4
;HEIGHT:0.4
M106 S255
G1 F1500
G1 X125.258 Y146.739 E2.00755
G1 X125.233 Y146.915 E2.01684
M106 S175.95
;TYPE:Perimeter
;WIDTH:0.45
;HEIGHT:0.3
G1 X125.198 Y147.167 E2.02908
;WIDTH:0.46492
G1 X125.281 Y147.462 E2.04439
G1 X124.719 Y147.462 E2.07247
G1 X124.802 Y147.231 E2.08473
G1 X124.764 Y146.915 E2.10063
;TYPE:Overhang perimeter
;WIDTH:0.4
;HEIGHT:0.4
M106 S255
G1 X124.742 Y146.739 E2.1099
G1 X124.552 Y146.431 E2.12881
G1 X123.842 Y146.039 E2.17118
G1 X123.781 Y146.039 E2.17437
M106 S175.95
;TYPE:Perimeter
;WIDTH:0.61095
;HEIGHT:0.3
G1 X105.402 Y146.039 E3.42729
G1 X105.402 Y145.492 E3.46458
G1 X123.781 Y145.492 E4.7175
;TYPE:Overhang perimeter
;WIDTH:0.4
;HEIGHT:0.4
M106 S255
G1 X125 Y145.412 E4.78132
G1 X126.219 Y145.492 E4.84514
M106 S175.95
;TYPE:Perimeter
;WIDTH:0.61095
;HEIGHT:0.3
G1 X144.598 Y145.492 E6.09806
G1 X144.598 Y146.039 E6.13535
G1 X126.219 Y146.039 E7.38827
;TYPE:Overhang perimeter
;WIDTH:0.4
;HEIGHT:0.4
M106 S255
G1 X125.992 Y146.039 E7.40013
G1 X125.448 Y146.431 E7.43516
G1 X125.365 Y146.565 E7.44339
M106 S175.95
G1 X125.664 Y146.802 F7800
M106 S255
G1 F1500
G1 X125.618 Y146.877 E7.44799
G1 X125.612 Y146.915 E7.45
M106 S175.95
;TYPE:Perimeter
;WIDTH:0.45
;HEIGHT:0.3
G1 X125.582 Y147.134 E7.46063
G1 X125.662 Y147.381 E7.47312
G1 X125.947 Y147.855 E7.49972
G1 X124.053 Y147.855 E7.59081
G1 X124.338 Y147.381 E7.61741
G1 X124.414 Y147.171 E7.62815
G1 X124.386 Y146.915 E7.64054
;TYPE:Overhang perimeter
;WIDTH:0.4
;HEIGHT:0.4
M106 S255
G1 X124.382 Y146.877 E7.64254
G1 X124.268 Y146.692 E7.65389
G1 X123.842 Y146.505 E7.6782
G1 X123.781 Y146.505 E7.68139
M106 S175.95
;TYPE:Perimeter
;WIDTH:0.45
;HEIGHT:0.3
G1 X104.936 Y146.505 E8.58777
G1 X104.936 Y145.026 E8.6589
G1 X123.781 Y145.026 E9.56528
;TYPE:Overhang perimeter
;WIDTH:0.4
;HEIGHT:0.4
M106 S255
G1 X126.219 Y145.026 E9.69265
M106 S175.95
;TYPE:Perimeter
;WIDTH:0.45
;HEIGHT:0.3
G1 X145.064 Y145.026 E10.59903
G1 X145.064 Y146.505 E10.67016
G1 X126.219 Y146.505 E11.57654
;TYPE:Overhang perimeter
;WIDTH:0.4
;HEIGHT:0.4
M106 S255
G1 X126.074 Y146.505 E11.58412
G1 X125.732 Y146.692 E11.60448
G1 X125.696 Y146.751 E11.60809
M106 S175.95
G1 X126.007 Y146.99 F7800
;TYPE:External perimeter
;WIDTH:0.45
;HEIGHT:0.3
G1 F1500
G1 X125.978 Y147.014 E11.6099
G1 X125.993 Y147.182 E11.61801
G1 X126.628 Y148.24 E11.67736
G1 X123.372 Y148.24 E11.83396
G1 X124.038 Y147.131 E11.89618
G1 X123.984 Y146.953 E11.90513
G1 X123.899 Y146.915 E11.90961
;TYPE:Overhang perimeter
;WIDTH:0.4
;HEIGHT:0.4
M106 S255
G1 X123.842 Y146.89 E11.91286
G1 X123.781 Y146.89 E11.91605
M106 S175.95
;TYPE:External perimeter
;WIDTH:0.45
;HEIGHT:0.3
G1 X104.55 Y146.89 E12.84099
G1 X104.55 Y144.64 E12.94921
G1 X123.781 Y144.64 E13.87415
;TYPE:Overhang perimeter
;WIDTH:0.4
;HEIGHT:0.4
M106 S255
G1 X126.219 Y144.64 E14.00152
M106 S175.95
;TYPE:External perimeter
;WIDTH:0.45
;HEIGHT:0.3
G1 X145.45 Y144.64 E14.92646
G1 X145.45 Y146.89 E15.03468
G1 X126.219 Y146.89 E15.95962
;TYPE:Overhang perimeter
;WIDTH:0.4
;HEIGHT:0.4
M106 S255
G1 X126.128 Y146.89 E15.96437
G1 X126.098 Y146.915 E15.96641
M106 S175.95
;TYPE:External perimeter
;WIDTH:0.45
;HEIGHT:0.3
G1 X126.054 Y146.952 E15.96918
G1 X126.092 Y147.35 F7800
G1 E13.96918 F2400
G92 E0
G1 X124.313 Y145.625 F7800
G1 E2 F2400
;TYPE:Bridge infill
;WIDTH:0.432701
;HEIGHT:0.4
M106 S255
G1 F1500
G1 X125.622 Y145.866 E2.08137
G1 X125.207 Y146.216 E2.11456
G1 X125.171 Y146.274 E2.11873
G1 X124.24 Y146.103 E2.1766
M106 S175.95
G1 E.1766 F2400
G92 E0
G1 X128.761 Y75.913 F7800
G1 E2 F2400
;TYPE:External perimeter
;WIDTH:0.496099
;HEIGHT:0.3
G1 F1200
G1 X128.748 Y75.914 E2.0007
;WIDTH:0.494229
G1 X127.483 Y75.986 E2.06863
;WIDTH:0.457109
G1 X126.219 Y76.058 E2.13065
;TYPE:Overhang perimeter
;WIDTH:0.4
;HEIGHT:0.4
M106 S255
G1 X125.846 Y76.079 E2.15017
M106 S175.95
G1 X126.245 Y76.056 F7800
G1 E.15017 F2400
G92 E0
G1 X121.252 Y75.914 F7800
G1 E2 F2400
;TYPE:External perimeter
;WIDTH:0.494227
;HEIGHT:0.3
G1 F1200
G1 X122.517 Y75.986 E2.06793
;WIDTH:0.457108
G1 X123.781 Y76.058 E2.12995
;TYPE:Overhang perimeter
;WIDTH:0.4
;HEIGHT:0.4
M106 S255
G1 X124.154 Y76.079 E2.14947
M106 S175.95
G1 X123.755 Y76.056 F7800
G1 E.14947 F2400
G92 E0
G1 X105.321 Y75.165 F7800
G1 E2 F2400
;TYPE:Perimeter
;WIDTH:0.45
;HEIGHT:0.3
G1 F1200
G1 X105.321 Y71.758 E2.16386
G1 X112.306 Y71.758 E2.49981
G1 X113.806 Y73.178 E2.59915
G1 X117.025 Y75.165 E2.78109
G1 X105.381 Y75.165 E3.34113
G1 X104.936 Y75.551 F7800
G1 F1200
G1 X104.936 Y71.372 E3.54213
G1 X112.46 Y71.372 E3.90401
G1 X114.042 Y72.871 E4.00883
G1 X117.446 Y74.972 E4.20122
G1 X119.098 Y75.551 E4.28541
G1 X104.996 Y75.551 E4.96367
G1 X104.55 Y75.936 F7800
;TYPE:External perimeter
G1 F1200
G1 X104.55 Y71.081 E5.19718
;TYPE:Overhang perimeter
;WIDTH:0.4
;HEIGHT:0.4
M106 S255
G1 X104.55 Y70.986 E5.20214
G1 X112.614 Y70.986 E5.62344
G1 X112.714 Y71.081 E5.63065
M106 S175.95
;TYPE:External perimeter
;WIDTH:0.45
;HEIGHT:0.3
G1 X114.278 Y72.564 E5.73431
G1 X117.612 Y74.621 E5.92273
;WIDTH:0.48882
G1 X121.25 Y75.917 E6.12718
G1 X117.41 Y75.936 E6.33047
;WIDTH:0.45
G1 X104.61 Y75.936 E6.94611
G1 X104.551 Y75.541 F7800
G1 E4.94611 F2400
G92 E0
G1 X132.975 Y75.165 F7800
G1 E2 F2400
;TYPE:Perimeter
G1 F1200
G1 X136.194 Y73.178 E2.18194
G1 X137.694 Y71.758 E2.28128
G1 X144.679 Y71.758 E2.61723
G1 X144.679 Y75.165 E2.78109
G1 X133.035 Y75.165 E3.34113
G1 E1.34113 F2400
G92 E0
G1 X130.902 Y75.551 F7800
G1 E2 F2400
G1 F1200
G1 X132.554 Y74.972 E2.08419
G1 X135.958 Y72.871 E2.27658
G1 X137.54 Y71.372 E2.3814
G1 X145.064 Y71.372 E2.74328
G1 X145.064 Y75.551 E2.94428
G1 X130.962 Y75.551 E3.62254
G1 E1.62254 F2400
G92 E0
G1 X128.755 Y75.915 F7800
G1 E2 F2400
;TYPE:External perimeter
;WIDTH:0.491965
G1 F1200
G1 X132.388 Y74.621 E2.20567
;WIDTH:0.45
G1 X135.722 Y72.564 E2.39409
G1 X137.286 Y71.081 E2.49775
;TYPE:Overhang perimeter
;WIDTH:0.4
;HEIGHT:0.4
M106 S255
G1 X137.386 Y70.986 E2.50496
G1 X145.45 Y70.986 E2.92626
G1 X145.45 Y71.081 E2.93122
M106 S175.95
;TYPE:External perimeter
;WIDTH:0.45
;HEIGHT:0.3
G1 X145.45 Y75.936 E3.16473
G1 X132.59 Y75.936 E3.78325
;WIDTH:0.491965
G1 X128.815 Y75.915 E3.98458
G1 X129.184 Y75.759 F7800
G1 E1.98458 F2400
G92 E0
G1 X137.782 Y71.979 F7800
G1 E2 F2400
;TYPE:Solid infill
;WIDTH:0.404381
G1 F1200
G1 X136.345 Y73.368 E2.08475
;WIDTH:0.45
G1 X136.072 Y73.594 E2.1018
G1 X135.106 Y74.56 E2.16751
G1 X134.786 Y74.363 E2.18558
;WIDTH:0.409015
G1 X134.711 Y74.438 E2.19014
G1 X134.681 Y74.642 E2.199
G1 X134.883 Y74.896 E2.21295
G1 X134.063 Y74.896 E2.2482
G1 X134.016 Y74.839 E2.25138
G1 X134.622 Y74.465 E2.28199
G1 X135.335 Y74.876 F7800
;WIDTH:0.45
G1 F1200
G1 X138.164 Y72.047 E2.47442
G1 X138.71 Y72.047 E2.50068
G1 X135.881 Y74.876 E2.69311
G1 X136.426 Y74.876 E2.71932
G1 X139.255 Y72.047 E2.91175
G1 X139.8 Y72.047 E2.93796
G1 X136.971 Y74.876 E3.13039
G1 X137.517 Y74.876 E3.15665
G1 X140.346 Y72.047 E3.34908
G1 X140.891 Y72.047 E3.37529
G1 X138.062 Y74.876 E3.56772
G1 X138.607 Y74.876 E3.59393
G1 X141.436 Y72.047 E3.78636
G1 X141.982 Y72.047 E3.81262
G1 X139.153 Y74.876 E4.00505
G1 X139.698 Y74.876 E4.03126
G1 X142.527 Y72.047 E4.22369
G1 X143.072 Y72.047 E4.2499
G1 X140.243 Y74.876 E4.44233
G1 X140.789 Y74.876 E4.46859
G1 X143.618 Y72.047 E4.66102
G1 X144.513 Y71.953 F7800
;WIDTH:0.404381
G1 F1200
G1 X144.442 Y71.934 E4.66414
G1 X144.461 Y72.005 E4.66726
G1 X144.502 Y71.994 E4.66906
;WIDTH:0.45
G1 X144.163 Y72.047 E4.68556
G1 X141.334 Y74.876 E4.87799
G1 X141.879 Y74.876 E4.9042
G1 X144.39 Y72.366 E5.07496
G1 X144.39 Y72.911 E5.10117
G1 X142.425 Y74.876 E5.23483
G1 E3.23483 F2400
G92 E0
G1 X144.253 Y73.593 F7800
G1 E2 F2400
G1 F1200
G1 X142.97 Y74.876 E2.08727
G1 X144.39 Y74.876 E2.15557
G1 X144.39 Y73.456 E2.22387
G1 X144.028 Y74.446 F7800
;WIDTH:0.510231
G1 F1200
G1 X143.988 Y74.406 E2.22702
G1 X143.934 Y74.421 E2.23014
G1 X143.92 Y74.475 E2.23324
G1 X143.959 Y74.514 E2.23631
G1 X144.013 Y74.5 E2.23941
G1 E.23941 F2400
G92 E0
G1 X105.715 Y72.078 F7800
G1 E2 F2400
;WIDTH:0.543559
G1 F1200
G1 X105.673 Y72.036 E2.00355
G1 X105.615 Y72.051 E2.00713
G1 X105.599 Y72.109 E2.01073
G1 X105.642 Y72.151 E2.01432
G1 X105.7 Y72.136 E2.0179
;WIDTH:0.45
G1 X106.316 Y72.047 E2.04784
G1 X105.61 Y72.752 E2.09583
G1 X105.61 Y73.297 E2.12204
G1 X106.861 Y72.047 E2.2071
G1 X107.406 Y72.047 E2.23331
G1 X105.61 Y73.843 E2.35547
G1 X105.61 Y74.388 E2.38168
G1 X107.952 Y72.047 E2.54095
G1 X108.497 Y72.047 E2.56716
G1 X105.668 Y74.876 E2.75959
G1 X105.468 Y74.905 E2.76931
;WIDTH:0.404381
G1 X105.474 Y75.012 E2.77385
;WIDTH:0.45
G1 X106.213 Y74.876 E2.80999
G1 X109.042 Y72.047 E3.00242
G1 X109.588 Y72.047 E3.02868
G1 X106.759 Y74.876 E3.22111
G1 X107.304 Y74.876 E3.24732
G1 X110.133 Y72.047 E3.43975
G1 X110.678 Y72.047 E3.46596
G1 X107.849 Y74.876 E3.65839
G1 X108.395 Y74.876 E3.68465
G1 X111.224 Y72.047 E3.87708
G1 X111.769 Y72.047 E3.90329
G1 X108.94 Y74.876 E4.09572
G1 X109.485 Y74.876 E4.12193
G1 X112.254 Y72.107 E4.31027
G1 X112.534 Y72.372 E4.32881
G1 X110.031 Y74.876 E4.49909
G1 E2.49909 F2400
G92 E0
G1 X112.678 Y72.774 F7800
G1 E2 F2400
G1 F1200
G1 X110.576 Y74.876 E2.14298
G1 X115.952 Y74.876 E2.40155
G1 X115.96 Y74.848 E2.40295
G1 X113.743 Y73.479 E2.52827
G1 X112.814 Y72.637 E2.58857
G1 X112.822 Y73.176 E2.6145
G1 X113.54 Y73.807 E2.66047
G1 X114.646 Y74.49 E2.72299
G1 X111.507 Y74.49 E2.87396
G1 X112.685 Y73.312 E2.95409
G1 X112.829 Y73.693 E2.97368
;WIDTH:0.420404
G1 X113.34 Y74.119 E3.00322
G1 X112.402 Y74.119 E3.04487
G1 X112.692 Y73.829 E3.06308
M106 S183.6
;LAYER_CHANGE
;Z:3.35
;HEIGHT:0.3
G1 E1.06308 F2400
G92 E0
G1 Z3.35 F7800
;AFTER_LAYER_CHANGE
;3.35
G1 X125.334 Y146.616
G1 E2 F2400
;TYPE:Perimeter
;WIDTH:0.45
G1 F1500
G1 X125.258 Y146.739 E2.00695
G1 X125.198 Y147.167 E2.02774
;WIDTH:0.46492
G1 X125.281 Y147.462 E2.04305
G1 X124.719 Y147.462 E2.07113
G1 X124.802 Y147.231 E2.08339
G1 X124.742 Y146.739 E2.10815
;WIDTH:0.45
G1 X124.552 Y146.431 E2.12556
;WIDTH:0.490237
G1 X124.374 Y146.333 E2.13635
;WIDTH:0.530475
G1 X124.197 Y146.235 E2.14811
;WIDTH:0.570712
G1 X124.019 Y146.137 E2.16094
;WIDTH:0.61095
G1 X123.842 Y146.039 E2.17473
G1 X105.402 Y146.039 E3.4318
G1 X105.402 Y145.492 E3.46909
G1 X123.842 Y145.492 E4.72616
G1 X124.131 Y145.472 E4.74591
;WIDTH:0.570712
G1 X124.421 Y145.452 E4.76427
;WIDTH:0.530475
G1 X124.71 Y145.432 E4.78111
;WIDTH:0.490237
G1 X125 Y145.412 E4.79655
G1 X125.29 Y145.432 E4.81199
;WIDTH:0.530475
G1 X125.579 Y145.452 E4.82883
;WIDTH:0.570712
G1 X125.869 Y145.472 E4.84719
;WIDTH:0.61095
G1 X126.158 Y145.492 E4.86694
G1 X144.598 Y145.492 E6.12401
G1 X144.598 Y146.039 E6.1613
G1 X125.992 Y146.039 E7.42969
G1 X125.856 Y146.137 E7.44112
;WIDTH:0.570712
G1 X125.72 Y146.235 E7.45171
;WIDTH:0.530475
G1 X125.584 Y146.333 E7.46146
;WIDTH:0.490237
G1 X125.448 Y146.431 E7.47036
;WIDTH:0.45
G1 X125.365 Y146.565 E7.47794
G1 X125.664 Y146.802 F7800
G1 F1500
G1 X125.618 Y146.877 E7.48217
G1 X125.582 Y147.134 E7.49465
G1 X125.662 Y147.381 E7.50714
G1 X125.947 Y147.855 E7.53374
G1 X124.053 Y147.855 E7.62483
G1 X124.338 Y147.381 E7.65143
G1 X124.414 Y147.171 E7.66217
G1 X124.382 Y146.877 E7.67639
G1 X124.268 Y146.692 E7.68684
G1 X123.842 Y146.505 E7.70922
G1 X104.936 Y146.505 E8.61853
G1 X104.936 Y145.026 E8.68966
G1 X145.064 Y145.026 E10.61968
G1 X145.064 Y146.505 E10.69081
G1 X126.074 Y146.505 E11.60416
G1 X125.732 Y146.692 E11.62291
G1 X125.696 Y146.751 E11.62623
G1 X126.007 Y146.99 F7800
;TYPE:External perimeter
G1 F1500
G1 X125.978 Y147.014 E11.62804
G1 X125.993 Y147.182 E11.63615
G1 X126.628 Y148.24 E11.6955
G1 X123.372 Y148.24 E11.8521
G1 X124.038 Y147.131 E11.91432
G1 X123.984 Y146.953 E11.92327
G1 X123.842 Y146.89 E11.93074
G1 X104.55 Y146.89 E12.85862
G1 X104.55 Y144.64 E12.96684
G1 X145.45 Y144.64 E14.93399
G1 X145.45 Y146.89 E15.04221
G1 X126.128 Y146.89 E15.97153
G1 X126.054 Y146.952 E15.97617
G1 X126.092 Y147.35 F7800
G1 E13.97617 F2400
G92 E0
G1 X124.295 Y145.863 F7800
G1 E2 F2400
;TYPE:Solid infill
;WIDTH:0.574567
G1 F1200
G1 X124.996 Y145.765 E2.04504
G1 X125.57 Y145.871 E2.08218
G1 X125.215 Y146.17 E2.11171
G1 X125 Y146.494 E2.13645
G1 X124.759 Y146.154 E2.16297
G1 X124.458 Y145.965 E2.18559
G1 E.18559 F2400
G92 E0
G1 X134.131 Y74.645 F7800
G1 E2 F2400
;TYPE:Perimeter
;WIDTH:0.45
G1 F1200
G1 X134.098 Y74.645 E2.00159
G1 X136.194 Y73.352 E2.12004
G1 X138.425 Y71.238 E2.26786
G1 X144.679 Y71.238 E2.56866
G1 X144.679 Y74.645 E2.73252
G1 X134.191 Y74.645 E3.23696
G1 X132.743 Y75.031 F7800
G1 F1200
G1 X132.739 Y75.031 E3.23715
G1 X135.958 Y73.044 E3.41909
G1 X138.271 Y70.852 E3.57236
G1 X145.064 Y70.852 E3.89908
G1 X145.064 Y75.031 E4.10008
G1 X132.803 Y75.031 E4.68979
G1 E2.68979 F2400
G92 E0
G1 X130.612 Y75.417 F7800
G1 E2 F2400
;TYPE:External perimeter
G1 F1200
G1 X132.388 Y74.795 E2.09051
G1 X135.722 Y72.737 E2.27895
G1 X138.017 Y70.561 E2.43106
;TYPE:Overhang perimeter
;WIDTH:0.4
;HEIGHT:0.4
M106 S255
G1 X138.117 Y70.467 E2.43823
G1 X145.45 Y70.467 E2.82134
G1 X145.45 Y70.561 E2.82625
M106 S183.6
;TYPE:External perimeter
;WIDTH:0.45
;HEIGHT:0.3
G1 X145.45 Y75.417 E3.05981
G1 X130.672 Y75.417 E3.77058
G1 X131.041 Y75.263 F7800
G1 E1.77058 F2400
G92 E0
G1 X135.171 Y74.356 F7800
G1 E2 F2400
;TYPE:Solid infill
G1 F1200
G1 X135.175 Y74.321 E2.00169
G1 X136.372 Y73.582 E2.06935
G1 X138.264 Y71.789 E2.19472
G1 X140.831 Y74.356 E2.36932
G1 X135.363 Y74.356 E2.63231
G1 X136.474 Y73.971 F7800
G1 F1200
G1 X136.734 Y73.77 E2.64812
G1 X138.256 Y72.327 E2.74899
G1 X139.9 Y73.971 E2.86081
G1 X136.667 Y73.971 E3.01631
G1 X137.625 Y73.531 F7800
;WIDTH:0.557652
G1 F1200
G1 X138.248 Y72.94 E3.06914
G1 X138.839 Y73.531 E3.12056
G1 X137.817 Y73.531 E3.18344
G1 E1.18344 F2400
G92 E0
G1 X138.547 Y71.527 F7800
G1 E2 F2400
;WIDTH:0.45
G1 F1200
G1 X141.376 Y74.356 E2.19243
G1 X141.922 Y74.356 E2.21869
G1 X139.092 Y71.527 E2.41115
G1 X139.638 Y71.527 E2.43741
G1 X142.467 Y74.356 E2.62984
G1 X143.012 Y74.356 E2.65605
G1 X140.183 Y71.527 E2.84848
G1 X140.728 Y71.527 E2.87469
G1 X143.558 Y74.356 E3.06715
G1 X144.5 Y74.406 F7800
;WIDTH:0.404381
G1 F1200
G1 X144.511 Y74.447 E3.06895
G1 X144.44 Y74.466 E3.07207
G1 X144.459 Y74.395 E3.07519
;WIDTH:0.45
G1 X144.103 Y74.356 E3.09241
G1 X141.274 Y71.527 E3.28484
G1 X141.819 Y71.527 E3.31105
G1 X144.39 Y74.098 E3.48593
G1 X144.39 Y73.552 E3.51219
G1 X142.364 Y71.527 E3.64996
G1 X144.39 Y71.527 E3.7474
G1 X144.39 Y73.007 E3.81858
G1 X143.046 Y71.664 E3.90996
G1 X143.941 Y71.902 F7800
;WIDTH:0.545549
G1 F1200
G1 X143.898 Y71.945 E3.91361
G1 X143.914 Y72.003 E3.91722
G1 X143.972 Y72.019 E3.92083
G1 X144.014 Y71.976 E3.92444
G1 X143.999 Y71.918 E3.92804
G1 E1.92804 F2400
G92 E0
G1 X105.321 Y74.645 F7800
G1 E2 F2400
;TYPE:Perimeter
;WIDTH:0.45
G1 F1200
G1 X105.321 Y71.238 E2.16386
G1 X111.575 Y71.238 E2.46466
G1 X113.806 Y73.352 E2.61248
G1 X115.902 Y74.645 E2.73093
G1 X105.381 Y74.645 E3.23695
G1 X104.936 Y75.031 F7800
G1 F1200
G1 X104.936 Y70.852 E3.43795
G1 X111.729 Y70.852 E3.76467
G1 X114.042 Y73.044 E3.91794
G1 X117.261 Y75.031 E4.09988
G1 X104.996 Y75.031 E4.68978
G1 X104.55 Y75.417 F7800
;TYPE:External perimeter
G1 F1200
G1 X104.55 Y70.561 E4.92334
;TYPE:Overhang perimeter
;WIDTH:0.4
;HEIGHT:0.4
M106 S255
G1 X104.55 Y70.467 E4.92825
G1 X111.883 Y70.467 E5.31136
G1 X111.982 Y70.561 E5.31849
M106 S183.6
;TYPE:External perimeter
;WIDTH:0.45
;HEIGHT:0.3
G1 X114.278 Y72.737 E5.47063
G1 X117.612 Y74.795 E5.65907
G1 X119.388 Y75.417 E5.74958
G1 X104.61 Y75.417 E6.46035
G1 X104.551 Y75.021 F7800
G1 X105.642 Y74.252
;TYPE:Solid infill
;WIDTH:0.543559
G1 F1200
G1 X105.599 Y74.294 E6.46394
G1 X105.615 Y74.352 E6.46754
G1 X105.673 Y74.367 E6.47112
G1 X105.715 Y74.325 E6.47467
G1 X105.7 Y74.267 E6.47825
;WIDTH:0.45
G1 X105.61 Y73.651 E6.50819
G1 X106.316 Y74.356 E6.55618
G1 X106.861 Y74.356 E6.58239
G1 X105.61 Y73.106 E6.66745
G1 X105.61 Y72.561 E6.69366
G1 X107.406 Y74.356 E6.81579
G1 X107.952 Y74.356 E6.84205
G1 X105.61 Y72.015 E7.00132
G1 X105.468 Y71.498 E7.02711
;WIDTH:0.404381
G1 X105.474 Y71.391 E7.03165
;WIDTH:0.45
G1 X105.668 Y71.527 E7.04305
G1 X108.497 Y74.356 E7.23548
G1 X109.042 Y74.356 E7.26169
G1 X106.213 Y71.527 E7.45412
G1 X106.758 Y71.527 E7.48033
G1 X109.588 Y74.356 E7.67279
G1 X110.133 Y74.356 E7.699
G1 X107.304 Y71.527 E7.89143
G1 X107.849 Y71.527 E7.91764
G1 X110.678 Y74.356 E8.11007
G1 X111.224 Y74.356 E8.13633
G1 X108.395 Y71.527 E8.32876
G1 X108.94 Y71.527 E8.35497
G1 X111.769 Y74.356 E8.5474
G1 X112.314 Y74.356 E8.57361
G1 X109.485 Y71.527 E8.76604
G1 X110.031 Y71.527 E8.7923
G1 X112.86 Y74.356 E8.98473
G1 X113.405 Y74.356 E9.01094
G1 X110.576 Y71.527 E9.20337
G1 X110.962 Y71.322 E9.22439
;WIDTH:0.404381
G1 X110.943 Y71.393 E9.22751
G1 X111.014 Y71.374 E9.23063
G1 X111.003 Y71.333 E9.23243
;WIDTH:0.45
G1 X111.121 Y71.527 E9.24335
G1 X113.95 Y74.356 E9.43578
G1 X113.884 Y73.778 E9.46376
;WIDTH:0.400657
G1 X114.329 Y74.25 E9.49097
;WIDTH:0.364817
G1 X114.363 Y74.302 E9.4933
G1 X114.343 Y74.399 E9.49701
G1 X114.862 Y74.399 E9.51646
G1 X114.887 Y74.309 E9.51996
;WIDTH:0.411306
G1 X113.752 Y73.637 E9.57703
;WIDTH:0.412537
G1 X113.555 Y73.465 E9.58839
;WIDTH:0.404381
G1 X111.489 Y71.454 E9.71065
M106 S186.15
;LAYER_CHANGE
;Z:3.65
;HEIGHT:0.3
G1 E7.71065 F2400
G92 E0
G1 Z3.65 F7800
;AFTER_LAYER_CHANGE
;3.65
G1 X125.334 Y146.616
G1 E2 F2400
;TYPE:Perimeter
;WIDTH:0.45
G1 F1500
G1 X125.258 Y146.739 E2.00695
G1 X125.198 Y147.167 E2.02774
;WIDTH:0.46492
G1 X125.281 Y147.462 E2.04305
G1 X124.719 Y147.462 E2.07113
G1 X124.802 Y147.231 E2.08339
G1 X124.742 Y146.739 E2.10815
;WIDTH:0.45
G1 X124.552 Y146.431 E2.12556
;WIDTH:0.490237
G1 X124.374 Y146.333 E2.13635
;WIDTH:0.530475
G1 X124.197 Y146.235 E2.14811
;WIDTH:0.570712
G1 X124.019 Y146.137 E2.16094
;WIDTH:0.61095
G1 X123.842 Y146.039 E2.17473
G1 X105.402 Y146.039 E3.4318
G1 X105.402 Y145.492 E3.46909
G1 X123.842 Y145.492 E4.72616
G1 X124.131 Y145.472 E4.74591
;WIDTH:0.570712
G1 X124.421 Y145.452 E4.76427
;WIDTH:0.530475
G1 X124.71 Y145.432 E4.78111
;WIDTH:0.490237
G1 X125 Y145.412 E4.79655
G1 X125.29 Y145.432 E4.81199
;WIDTH:0.530475
G1 X125.579 Y145.452 E4.82883
;WIDTH:0.570712
G1 X125.869 Y145.472 E4.84719
;WIDTH:0.61095
G1 X126.158 Y145.492 E4.86694
G1 X144.598 Y145.492 E6.12401
G1 X144.598 Y146.039 E6.1613
G1 X125.992 Y146.039 E7.42969
G1 X125.856 Y146.137 E7.44112
;WIDTH:0.570712
G1 X125.72 Y146.235 E7.45171
;WIDTH:0.530475
G1 X125.584 Y146.333 E7.46146
;WIDTH:0.490237
G1 X125.448 Y146.431 E7.47036
;WIDTH:0.45
G1 X125.365 Y146.565 E7.47794
G1 X125.664 Y146.802 F7800
G1 F1500
G1 X125.618 Y146.877 E7.48217
G1 X125.582 Y147.134 E7.49465
G1 X125.662 Y147.381 E7.50714
G1 X125.947 Y147.855 E7.53374
G1 X124.053 Y147.855 E7.62483
G1 X124.338 Y147.381 E7.65143
G1 X124.414 Y147.171 E7.66217
G1 X124.382 Y146.877 E7.67639
G1 X124.268 Y146.692 E7.68684
G1 X123.842 Y146.505 E7.70922
G1 X104.936 Y146.505 E8.61853
G1 X104.936 Y145.026 E8.68966
G1 X145.064 Y145.026 E10.61968
G1 X145.064 Y146.505 E10.69081
G1 X126.074 Y146.505 E11.60416
G1 X125.732 Y146.692 E11.62291
G1 X125.696 Y146.751 E11.62623
G1 X126.007 Y146.99 F7800
;TYPE:External perimeter
G1 F1500
G1 X125.978 Y147.014 E11.62804
G1 X125.993 Y147.182 E11.63615
G1 X126.628 Y148.24 E11.6955
G1 X123.372 Y148.24 E11.8521
G1 X124.038 Y147.131 E11.91432
G1 X123.984 Y146.953 E11.92327
G1 X123.842 Y146.89 E11.93074
G1 X104.55 Y146.89 E12.85862
G1 X104.55 Y144.64 E12.96684
G1 X145.45 Y144.64 E14.93399
G1 X145.45 Y146.89 E15.04221
G1 X126.128 Y146.89 E15.97153
G1 X126.054 Y146.952 E15.97617
G1 X126.092 Y147.35 F7800
G1 X124.996 Y145.765
;TYPE:Solid infill
;WIDTH:0.574567
G1 F1200
G1 X125.57 Y145.871 E16.01331
G1 X125.215 Y146.17 E16.04284
G1 X125 Y146.494 E16.06758
G1 X124.759 Y146.154 E16.0941
G1 X124.295 Y145.863 E16.12895
G1 X124.805 Y145.792 E16.16172
G1 E14.16172 F2400
G92 E0
G1 X135.286 Y74.126 F7800
G1 E2 F2400
;TYPE:Perimeter
;WIDTH:0.45
G1 F1200
G1 X135.22 Y74.126 E2.00317
G1 X136.194 Y73.525 E2.05822
G1 X139.156 Y70.718 E2.25449
G1 X144.679 Y70.718 E2.52013
G1 X144.679 Y74.126 E2.68404
G1 X135.346 Y74.126 E3.13292
G1 X133.895 Y74.511 F7800
G1 F1200
G1 X133.861 Y74.511 E3.13456
G1 X135.958 Y73.218 E3.25305
G1 X138.98 Y70.333 E3.454
G1 X145.064 Y70.333 E3.74662
G1 X145.064 Y74.511 E3.94757
G1 X133.955 Y74.511 E4.48187
G1 X132.505 Y74.897 F7800
;TYPE:External perimeter
G1 F1200
G1 X132.502 Y74.897 E4.48201
G1 X135.722 Y72.91 E4.66399
G1 X138.627 Y70.157 E4.85648
G1 X138.711 Y70.042 E4.86333
;TYPE:Overhang perimeter
;WIDTH:0.4
;HEIGHT:0.4
M106 S255
G1 X138.781 Y69.947 E4.8695
G1 X145.45 Y69.947 E5.21792
G1 X145.45 Y70.042 E5.22288
M106 S186.15
;TYPE:External perimeter
;WIDTH:0.45
;HEIGHT:0.3
G1 X145.45 Y74.897 E5.45639
G1 X132.565 Y74.897 E6.07611
G1 X132.884 Y74.656 F7800
G1 E4.07611 F2400
G92 E0
G1 X139.331 Y71.008 F7800
G1 E2 F2400
;TYPE:Solid infill
G1 F1200
G1 X136.502 Y73.837 E2.19243
G1 X136.212 Y73.942 E2.20726
;WIDTH:0.404381
G1 X136.161 Y73.775 E2.21466
G1 X136.387 Y73.576 E2.22743
G1 X137.619 Y72.377 E2.30033
G1 X137.048 Y73.837 F7800
;WIDTH:0.45
G1 F1200
G1 X139.877 Y71.008 E2.49276
G1 X140.422 Y71.008 E2.51897
G1 X137.593 Y73.837 E2.7114
G1 X138.138 Y73.837 E2.73761
G1 X140.968 Y71.008 E2.93007
G1 X141.513 Y71.008 E2.95628
G1 X138.684 Y73.837 E3.14871
G1 X139.229 Y73.837 E3.17492
G1 X142.058 Y71.008 E3.36735
G1 X142.604 Y71.008 E3.39361
G1 X139.774 Y73.837 E3.58607
G1 X140.32 Y73.837 E3.61233
G1 X143.149 Y71.008 E3.80476
G1 X143.694 Y71.008 E3.83097
G1 X140.865 Y73.837 E4.0234
G1 X141.411 Y73.837 E4.04966
G1 X144.24 Y71.008 E4.24209
G1 X144.39 Y71.403 E4.26241
G1 X141.956 Y73.837 E4.42797
G1 X142.501 Y73.837 E4.45418
G1 X144.39 Y71.948 E4.58267
G1 X144.39 Y73.837 E4.67352
G1 X143.047 Y73.837 E4.73811
G1 X144.253 Y72.63 E4.82017
G1 X144.045 Y73.43 F7800
;WIDTH:0.465471
G1 F1200
G1 X144.009 Y73.395 E4.82268
G1 X143.961 Y73.408 E4.82517
G1 X143.948 Y73.456 E4.82766
G1 X143.983 Y73.492 E4.83017
G1 X144.032 Y73.479 E4.83271
G1 E2.83271 F2400
G92 E0
G1 X105.321 Y74.126 F7800
G1 E2 F2400
;TYPE:Perimeter
;WIDTH:0.45
G1 F1200
G1 X105.321 Y70.718 E2.16391
G1 X110.844 Y70.718 E2.42955
G1 X113.806 Y73.525 E2.62582
G1 X114.78 Y74.126 E2.68087
G1 X105.381 Y74.126 E3.13293
G1 X104.936 Y74.511 F7800
G1 F1200
G1 X104.936 Y70.333 E3.33388
G1 X110.997 Y70.333 E3.62539
G1 X114.042 Y73.218 E3.82714
G1 X116.139 Y74.511 E3.94563
G1 X104.996 Y74.511 E4.48157
G1 X104.55 Y74.897 F7800
;TYPE:External perimeter
G1 F1200
G1 X104.55 Y70.042 E4.71508
;TYPE:Overhang perimeter
;WIDTH:0.4
;HEIGHT:0.4
M106 S255
G1 X104.55 Y69.947 E4.72004
G1 X111.219 Y69.947 E5.06846
G1 X111.289 Y70.042 E5.07463
M106 S186.15
;TYPE:External perimeter
;WIDTH:0.45
;HEIGHT:0.3
G1 X111.373 Y70.157 E5.08148
G1 X114.278 Y72.91 E5.27397
G1 X117.498 Y74.897 E5.45595
G1 X104.61 Y74.897 E6.07582
G1 X104.551 Y74.502 F7800
G1 E4.07582 F2400
G92 E0
G1 X105.715 Y71.039 F7800
G1 E2 F2400
;TYPE:Solid infill
;WIDTH:0.543559
G1 F1200
G1 X105.673 Y70.996 E2.00359
G1 X105.615 Y71.012 E2.00719
G1 X105.599 Y71.07 E2.01079
G1 X105.642 Y71.112 E2.01438
G1 X105.7 Y71.097 E2.01796
;WIDTH:0.45
G1 X106.316 Y71.008 E2.0479
G1 X105.61 Y71.713 E2.09589
G1 X105.61 Y72.258 E2.1221
G1 X106.861 Y71.008 E2.20716
G1 X107.406 Y71.008 E2.23337
G1 X105.61 Y72.803 E2.3555
G1 X105.61 Y73.349 E2.38176
G1 X107.952 Y71.008 E2.54103
G1 X108.497 Y71.008 E2.56724
G1 X105.668 Y73.837 E2.75967
G1 X105.468 Y73.866 E2.76939
;WIDTH:0.404381
G1 X105.474 Y73.973 E2.77393
;WIDTH:0.45
G1 X106.213 Y73.837 E2.81007
G1 X109.042 Y71.008 E3.0025
G1 X109.588 Y71.008 E3.02876
G1 X106.758 Y73.837 E3.22122
G1 X107.304 Y73.837 E3.24748
G1 X110.133 Y71.008 E3.43991
G1 X110.678 Y71.008 E3.46612
G1 X107.849 Y73.837 E3.65855
G1 X108.395 Y73.837 E3.68481
G1 X110.983 Y71.248 E3.86088
G1 X111.263 Y71.514 E3.87946
G1 X108.94 Y73.837 E4.03747
G1 E2.03747 F2400
G92 E0
G1 X111.407 Y71.915 F7800
G1 E2 F2400
G1 F1200
G1 X109.485 Y73.837 E2.13073
G1 X113.714 Y73.837 E2.33413
G1 X111.543 Y71.779 E2.47801
G1 X111.55 Y72.317 E2.50389
G1 X112.747 Y73.451 E2.58319
G1 X110.416 Y73.451 E2.6953
G1 X111.414 Y72.453 E2.76318
G1 X111.627 Y72.96 E2.78963
;WIDTH:0.625529
G1 X111.577 Y72.91 E2.79458
G1 X111.509 Y72.928 E2.7995
G1 X111.491 Y72.996 E2.80442
G1 X111.541 Y73.045 E2.80932
G1 X111.609 Y73.027 E2.81424
M106 S191.25
;LAYER_CHANGE
;Z:3.95
;HEIGHT:0.3
G1 E.81424 F2400
G92 E0
G1 Z3.95 F7800
;AFTER_LAYER_CHANGE
;3.95
G1 X125.334 Y146.616
G1 E2 F2400
;TYPE:Perimeter
;WIDTH:0.45
G1 F1500
G1 X125.258 Y146.739 E2.00695
G1 X125.198 Y147.167 E2.02774
;WIDTH:0.46492
G1 X125.281 Y147.462 E2.04305
G1 X124.719 Y147.462 E2.07113
G1 X124.802 Y147.231 E2.08339
G1 X124.742 Y146.739 E2.10815
;WIDTH:0.45
G1 X124.552 Y146.431 E2.12556
;WIDTH:0.490237
G1 X124.374 Y146.333 E2.13635
;WIDTH:0.530475
G1 X124.197 Y146.235 E2.14811
;WIDTH:0.570712
G1 X124.019 Y146.137 E2.16094
;WIDTH:0.61095
G1 X123.842 Y146.039 E2.17473
G1 X105.402 Y146.039 E3.4318
G1 X105.402 Y145.492 E3.46909
G1 X123.842 Y145.492 E4.72616
G1 X124.131 Y145.472 E4.74591
;WIDTH:0.570712
G1 X124.421 Y145.452 E4.76427
;WIDTH:0.530475
G1 X124.71 Y145.432 E4.78111
;WIDTH:0.490237
G1 X125 Y145.412 E4.79655
G1 X125.29 Y145.432 E4.81199
;WIDTH:0.530475
G1 X125.579 Y145.452 E4.82883
;WIDTH:0.570712
G1 X125.869 Y145.472 E4.84719
;WIDTH:0.61095
G1 X126.158 Y145.492 E4.86694
G1 X144.598 Y145.492 E6.12401
G1 X144.598 Y146.039 E6.1613
G1 X125.992 Y146.039 E7.42969
G1 X125.856 Y146.137 E7.44112
;WIDTH:0.570712
G1 X125.72 Y146.235 E7.45171
;WIDTH:0.530475
G1 X125.584 Y146.333 E7.46146
;WIDTH:0.490237
G1 X125.448 Y146.431 E7.47036
;WIDTH:0.45
G1 X125.365 Y146.565 E7.47794
G1 X125.664 Y146.802 F7800
G1 F1500
G1 X125.618 Y146.877 E7.48217
G1 X125.582 Y147.134 E7.49465
G1 X125.662 Y147.381 E7.50714
G1 X125.947 Y147.855 E7.53374
G1 X124.053 Y147.855 E7.62483
G1 X124.338 Y147.381 E7.65143
G1 X124.414 Y147.171 E7.66217
G1 X124.382 Y146.877 E7.67639
G1 X124.268 Y146.692 E7.68684
G1 X123.842 Y146.505 E7.70922
G1 X104.936 Y146.505 E8.61853
G1 X104.936 Y145.026 E8.68966
G1 X145.064 Y145.026 E10.61968
G1 X145.064 Y146.505 E10.69081
G1 X126.074 Y146.505 E11.60416
G1 X125.732 Y146.692 E11.62291
G1 X125.696 Y146.751 E11.62623
G1 X126.007 Y146.99 F7800
;TYPE:External perimeter
G1 F1500
G1 X125.978 Y147.014 E11.62804
G1 X125.993 Y147.182 E11.63615
G1 X126.628 Y148.24 E11.6955
G1 X123.372 Y148.24 E11.8521
G1 X124.038 Y147.131 E11.91432
G1 X123.984 Y146.953 E11.92327
G1 X123.842 Y146.89 E11.93074
G1 X104.55 Y146.89 E12.85862
G1 X104.55 Y144.64 E12.96684
G1 X145.45 Y144.64 E14.93399
G1 X145.45 Y146.89 E15.04221
G1 X126.128 Y146.89 E15.97153
G1 X126.054 Y146.952 E15.97617
G1 X126.092 Y147.35 F7800
G1 E13.97617 F2400
G92 E0
G1 X124.295 Y145.863 F7800
G1 E2 F2400
;TYPE:Solid infill
;WIDTH:0.574567
G1 F1200
G1 X124.996 Y145.765 E2.04504
G1 X125.57 Y145.871 E2.08218
G1 X125.215 Y146.17 E2.11171
G1 X125 Y146.494 E2.13645
G1 X124.759 Y146.154 E2.16297
G1 X124.458 Y145.965 E2.18559
G1 E.18559 F2400
G92 E0
G1 X136.295 Y73.606 F7800
G1 E2 F2400
;TYPE:Perimeter
;WIDTH:0.45
G1 F1200
G1 X136.291 Y73.606 E2.00019
G1 X139.226 Y70.825 E2.19466
G1 X139.671 Y70.199 E2.2316
G1 X144.679 Y70.199 E2.47247
G1 X144.679 Y73.606 E2.63633
G1 X136.355 Y73.606 E3.03669
G1 X134.984 Y73.992 F7800
G1 F1200
G1 X135.958 Y73.391 E3.09174
G1 X138.934 Y70.571 E3.28893
G1 X139.472 Y69.813 E3.33364
G1 X145.064 Y69.813 E3.6026
G1 X145.064 Y73.992 E3.8036
G1 X135.044 Y73.992 E4.28553
G1 X133.625 Y74.378 F7800
;TYPE:External perimeter
G1 F1200
G1 X135.722 Y73.084 E4.40405
G1 X138.641 Y70.317 E4.5975
G1 X139.206 Y69.522 E4.64441
;TYPE:Overhang perimeter
;WIDTH:0.4
;HEIGHT:0.4
M106 S255
G1 X139.273 Y69.428 E4.65044
G1 X145.45 Y69.428 E4.97316
G1 X145.45 Y69.522 E4.97807
M106 S191.25
;TYPE:External perimeter
;WIDTH:0.45
;HEIGHT:0.3
G1 X145.45 Y74.378 E5.21163
G1 X133.685 Y74.378 E5.77749
G1 X134.005 Y74.138 F7800
G1 E3.77749 F2400
G92 E0
G1 X137.017 Y73.317 F7800
G1 E2 F2400
;TYPE:Solid infill
G1 F1200
G1 X139.365 Y71.091 E2.15561
G1 X139.779 Y70.539 E2.1888
G1 X139.8 Y70.624 E2.19301
G1 X142.493 Y73.317 E2.37618
G1 X137.21 Y73.317 E2.63027
G1 X137.984 Y72.931 F7800
G1 F1200
G1 X139.619 Y71.383 E2.73856
G1 X139.793 Y71.163 E2.75205
G1 X141.562 Y72.931 E2.87234
G1 X138.177 Y72.931 E3.03515
G1 X138.952 Y72.546 F7800
G1 F1200
G1 X139.814 Y71.729 E3.09227
G1 X140.631 Y72.546 E3.14784
G1 X139.145 Y72.546 E3.21931
G1 E1.21931 F2400
G92 E0
G1 X140.209 Y70.488 F7800
G1 E2 F2400
G1 F1200
G1 X143.038 Y73.317 E2.19243
G1 X143.583 Y73.317 E2.21864
G1 X140.754 Y70.488 E2.41107
G1 X141.3 Y70.488 E2.43733
G1 X144.129 Y73.317 E2.62976
G1 X144.459 Y73.356 E2.64574
;WIDTH:0.404381
G1 X144.44 Y73.427 E2.64886
G1 X144.511 Y73.408 E2.65198
G1 X144.5 Y73.367 E2.65378
;WIDTH:0.45
G1 X144.39 Y73.032 E2.67074
G1 X141.845 Y70.488 E2.84381
G1 X142.233 Y70.288 E2.8648
;WIDTH:0.360823
G1 X142.216 Y70.35 E2.86718
G1 X142.278 Y70.333 E2.86956
G1 X142.269 Y70.297 E2.87093
;WIDTH:0.405411
G1 X142.329 Y70.393 E2.87575
;WIDTH:0.45
G1 X142.39 Y70.488 E2.88118
G1 X144.39 Y72.487 E3.01718
G1 E1.01718 F2400
G92 E0
G1 X143.072 Y70.624 F7800
G1 E2 F2400
G1 F1200
G1 X144.39 Y71.942 E2.08965
G1 X144.39 Y70.488 E2.15958
G1 X142.936 Y70.488 E2.22951
G1 X143.949 Y70.857 F7800
;WIDTH:0.530381
G1 F1200
G1 X143.907 Y70.899 E2.23296
G1 X143.923 Y70.955 E2.23635
G1 X143.979 Y70.97 E2.23972
G1 X144.02 Y70.929 E2.24309
G1 X144.005 Y70.873 E2.24646
G1 E.24646 F2400
G92 E0
G1 X105.321 Y73.606 F7800
G1 E2 F2400
;TYPE:Perimeter
;WIDTH:0.45
G1 F1200
G1 X105.321 Y70.199 E2.16386
G1 X110.329 Y70.199 E2.40473
G1 X110.842 Y70.89 E2.44612
G1 X113.709 Y73.606 E2.63606
G1 X105.381 Y73.606 E3.03661
G1 X104.936 Y73.992 F7800
G1 F1200
G1 X104.936 Y69.813 E3.23761
G1 X110.528 Y69.813 E3.50657
G1 X111.107 Y70.61 E3.55395
G1 X114.042 Y73.391 E3.74842
G1 X115.016 Y73.992 E3.80347
G1 X104.996 Y73.992 E4.2854
G1 X104.55 Y74.378 F7800
;TYPE:External perimeter
G1 F1200
G1 X104.55 Y69.522 E4.51896
;TYPE:Overhang perimeter
;WIDTH:0.4
;HEIGHT:0.4
M106 S255
G1 X104.55 Y69.428 E4.52387
G1 X110.727 Y69.428 E4.84659
G1 X110.794 Y69.522 E4.85262
M106 S191.25
;TYPE:External perimeter
;WIDTH:0.45
;HEIGHT:0.3
G1 X111.359 Y70.317 E4.89953
G1 X114.278 Y73.084 E5.09298
G1 X116.375 Y74.378 E5.2115
G1 X104.61 Y74.378 E5.77736
G1 X104.551 Y73.982 F7800
G1 X105.642 Y73.212
;TYPE:Solid infill
;WIDTH:0.543559
G1 F1200
G1 X105.599 Y73.255 E5.78099
G1 X105.615 Y73.313 E5.78459
G1 X105.673 Y73.328 E5.78817
G1 X105.715 Y73.286 E5.79172
G1 X105.7 Y73.228 E5.7953
;WIDTH:0.45
G1 X105.61 Y72.612 E5.82524
G1 X106.316 Y73.317 E5.87323
G1 X106.861 Y73.317 E5.89944
G1 X105.61 Y72.067 E5.9845
G1 X105.61 Y71.521 E6.01076
G1 X107.406 Y73.317 E6.13292
G1 X107.952 Y73.317 E6.15918
G1 X105.61 Y70.976 E6.31845
G1 X105.468 Y70.459 E6.34424
;WIDTH:0.404381
G1 X105.474 Y70.352 E6.34878
;WIDTH:0.45
G1 X105.668 Y70.488 E6.36018
G1 X108.497 Y73.317 E6.55261
G1 X109.042 Y73.317 E6.57882
G1 X106.213 Y70.488 E6.77125
G1 X106.758 Y70.488 E6.79746
G1 X109.588 Y73.317 E6.98992
G1 X110.133 Y73.317 E7.01613
G1 X107.304 Y70.488 E7.20856
G1 X107.849 Y70.488 E7.23477
G1 X110.678 Y73.317 E7.4272
G1 X111.224 Y73.317 E7.45346
G1 X108.395 Y70.488 E7.64589
G1 X108.94 Y70.488 E7.6721
G1 X111.769 Y73.317 E7.86453
G1 X112.314 Y73.317 E7.89074
G1 X109.485 Y70.488 E8.08317
G1 E6.08317 F2400
G92 E0
G1 X112.86 Y73.317 F7800
G1 E2 F2400
G1 F1200
G1 X110.031 Y70.488 E2.19243
G1 X110.201 Y70.446 E2.20085
;WIDTH:0.404381
G1 X110.711 Y71.031 E2.23376
G1 X113.11 Y73.367 E2.37576
M106 S193.8
;LAYER_CHANGE
;Z:4.25
;HEIGHT:0.3
G1 E.37576 F2400
G92 E0
G1 Z4.25 F7800
;AFTER_LAYER_CHANGE
;4.25
G1 X125.334 Y146.616
G1 E2 F2400
;TYPE:Perimeter
;WIDTH:0.45
G1 F1500
G1 X125.258 Y146.739 E2.00695
G1 X125.198 Y147.167 E2.02774
;WIDTH:0.46492
G1 X125.281 Y147.462 E2.04305
G1 X124.719 Y147.462 E2.07113
G1 X124.802 Y147.231 E2.08339
G1 X124.742 Y146.739 E2.10815
;WIDTH:0.45
G1 X124.552 Y146.431 E2.12556
;WIDTH:0.490237
G1 X124.374 Y146.333 E2.13635
;WIDTH:0.530475
G1 X124.197 Y146.235 E2.14811
;WIDTH:0.570712
G1 X124.019 Y146.137 E2.16094
;WIDTH:0.61095
G1 X123.842 Y146.039 E2.17473
G1 X105.402 Y146.039 E3.4318
G1 X105.402 Y145.492 E3.46909
G1 X123.842 Y145.492 E4.72616
G1 X124.131 Y145.472 E4.74591
;WIDTH:0.570712
G1 X124.421 Y145.452 E4.76427
;WIDTH:0.530475
G1 X124.71 Y145.432 E4.78111
;WIDTH:0.490237
G1 X125 Y145.412 E4.79655
G1 X125.29 Y145.432 E4.81199
;WIDTH:0.530475
G1 X125.579 Y145.452 E4.82883
;WIDTH:0.570712
G1 X125.869 Y145.472 E4.84719
;WIDTH:0.61095
G1 X126.158 Y145.492 E4.86694
G1 X144.598 Y145.492 E6.12401
G1 X144.598 Y146.039 E6.1613
G1 X125.992 Y146.039 E7.42969
G1 X125.856 Y146.137 E7.44112
;WIDTH:0.570712
G1 X125.72 Y146.235 E7.45171
;WIDTH:0.530475
G1 X125.584 Y146.333 E7.46146
;WIDTH:0.490237
G1 X125.448 Y146.431 E7.47036
;WIDTH:0.45
G1 X125.365 Y146.565 E7.47794
G1 X125.664 Y146.802 F7800
G1 F1500
G1 X125.618 Y146.877 E7.48217
G1 X125.582 Y147.134 E7.49465
G1 X125.662 Y147.381 E7.50714
G1 X125.947 Y147.855 E7.53374
G1 X124.053 Y147.855 E7.62483
G1 X124.338 Y147.381 E7.65143
G1 X124.414 Y147.171 E7.66217
G1 X124.382 Y146.877 E7.67639
G1 X124.268 Y146.692 E7.68684
G1 X123.842 Y146.505 E7.70922
G1 X104.936 Y146.505 E8.61853
G1 X104.936 Y145.026 E8.68966
G1 X145.064 Y145.026 E10.61968
G1 X145.064 Y146.505 E10.69081
G1 X126.074 Y146.505 E11.60416
G1 X125.732 Y146.692 E11.62291
G1 X125.696 Y146.751 E11.62623
G1 X126.007 Y146.99 F7800
;TYPE:External perimeter
G1 F1500
G1 X125.978 Y147.014 E11.62804
G1 X125.993 Y147.182 E11.63615
G1 X126.628 Y148.24 E11.6955
G1 X123.372 Y148.24 E11.8521
G1 X124.038 Y147.131 E11.91432
G1 X123.984 Y146.953 E11.92327
G1 X123.842 Y146.89 E11.93074
G1 X104.55 Y146.89 E12.85862
G1 X104.55 Y144.64 E12.96684
G1 X145.45 Y144.64 E14.93399
G1 X145.45 Y146.89 E15.04221
G1 X126.128 Y146.89 E15.97153
G1 X126.054 Y146.952 E15.97617
G1 X126.092 Y147.35 F7800
G1 X124.996 Y145.765
;TYPE:Solid infill
;WIDTH:0.574567
G1 F1200
G1 X125.57 Y145.871 E16.01331
G1 X125.215 Y146.17 E16.04284
G1 X125 Y146.494 E16.06758
G1 X124.759 Y146.154 E16.0941
G1 X124.295 Y145.863 E16.12895
G1 X124.805 Y145.792 E16.16172
G1 E14.16172 F2400
G92 E0
G1 X137.057 Y73.087 F7800
G1 E2 F2400
;TYPE:Perimeter
;WIDTH:0.45
G1 F1200
G1 X137.022 Y73.087 E2.00168
G1 X139.226 Y70.998 E2.14773
G1 X140.164 Y69.679 E2.22558
G1 X144.679 Y69.679 E2.44274
G1 X144.679 Y73.087 E2.60665
G1 X137.117 Y73.087 E2.97036
G1 X136.059 Y73.472 F7800
G1 F1200
G1 X136.055 Y73.472 E2.97055
G1 X138.934 Y70.744 E3.16131
G1 X139.965 Y69.294 E3.24688
G1 X145.064 Y69.294 E3.49212
G1 X145.064 Y73.472 E3.69307
G1 X136.119 Y73.472 E4.12329
G1 X134.747 Y73.858 F7800
;TYPE:External perimeter
G1 F1200
G1 X135.722 Y73.257 E4.17838
G1 X138.641 Y70.49 E4.37183
G1 X139.698 Y69.003 E4.45958
;TYPE:Overhang perimeter
;WIDTH:0.4
;HEIGHT:0.4
M106 S255
G1 X139.766 Y68.908 E4.46568
G1 X145.45 Y68.908 E4.76264
G1 X145.45 Y69.003 E4.7676
M106 S193.8
;TYPE:External perimeter
;WIDTH:0.45
;HEIGHT:0.3
G1 X145.45 Y73.858 E5.00111
G1 X134.807 Y73.858 E5.513
G1 X135.128 Y73.618 F7800
G1 E3.513 F2400
G92 E0
G1 X139.934 Y70.256 F7800
G1 E2 F2400
;TYPE:Solid infill
;WIDTH:0.404381
G1 F1200
G1 X140.261 Y69.869 E2.02149
;WIDTH:0.45
G1 X140.566 Y69.968 E2.03691
G1 X139.691 Y70.843 E2.09643
G1 X139.453 Y71.116 E2.11385
;WIDTH:0.404381
G1 X139.33 Y71.251 E2.12159
;WIDTH:0.437185
G1 X137.878 Y72.666 E2.21586
;WIDTH:0.463455
G1 X137.838 Y72.722 E2.21929
;WIDTH:0.489725
G1 X137.798 Y72.778 E2.22294
;WIDTH:0.45
G1 X138.282 Y72.797 E2.24624
G1 X141.111 Y69.968 E2.43867
G1 X141.657 Y69.968 E2.46493
G1 X138.827 Y72.797 E2.65739
G1 X139.373 Y72.797 E2.68365
G1 X142.202 Y69.968 E2.87608
G1 X142.747 Y69.968 E2.90229
G1 X139.918 Y72.797 E3.09472
G1 X140.464 Y72.797 E3.12098
G1 X143.293 Y69.968 E3.31341
G1 X143.838 Y69.968 E3.33962
G1 X141.009 Y72.797 E3.53205
G1 X141.554 Y72.797 E3.55826
G1 X144.383 Y69.968 E3.75069
G1 X144.39 Y70.507 E3.77662
G1 X142.1 Y72.797 E3.93238
G1 X142.645 Y72.797 E3.95859
G1 X144.39 Y71.053 E4.07725
G1 X144.39 Y72.797 E4.16113
G1 X143.19 Y72.797 E4.21885
G1 X144.253 Y71.734 E4.29115
G1 E2.29115 F2400
G92 E0
G1 X105.321 Y73.087 F7800
G1 E2 F2400
;TYPE:Perimeter
G1 F1200
G1 X105.321 Y69.679 E2.16391
G1 X109.836 Y69.679 E2.38107
G1 X110.842 Y71.063 E2.46336
G1 X112.978 Y73.087 E2.60489
G1 X105.381 Y73.087 E2.97028
G1 X104.936 Y73.472 F7800
G1 F1200
G1 X104.936 Y69.294 E3.17123
G1 X110.035 Y69.294 E3.41647
G1 X111.107 Y70.783 E3.50472
G1 X113.945 Y73.472 E3.69276
G1 X104.996 Y73.472 E4.12318
G1 X104.55 Y73.858 F7800
;TYPE:External perimeter
G1 F1200
G1 X104.55 Y69.003 E4.35669
;TYPE:Overhang perimeter
;WIDTH:0.4
;HEIGHT:0.4
M106 S255
G1 X104.55 Y68.908 E4.36165
G1 X110.234 Y68.908 E4.65861
G1 X110.302 Y69.003 E4.66471
M106 S193.8
;TYPE:External perimeter
;WIDTH:0.45
;HEIGHT:0.3
G1 X111.373 Y70.503 E4.75336
G1 X114.278 Y73.257 E4.94589
G1 X115.253 Y73.858 E5.00098
G1 X104.61 Y73.858 E5.51287
G1 X104.551 Y73.462 F7800
G1 E3.51287 F2400
G92 E0
G1 X105.715 Y70 F7800
G1 E2 F2400
;TYPE:Solid infill
;WIDTH:0.543559
G1 F1200
G1 X105.673 Y69.957 E2.00359
G1 X105.615 Y69.973 E2.00719
G1 X105.599 Y70.031 E2.01079
G1 X105.642 Y70.073 E2.01438
G1 X105.7 Y70.057 E2.01798
;WIDTH:0.45
G1 X106.316 Y69.968 E2.04792
G1 X105.61 Y70.673 E2.09591
G1 X105.61 Y71.219 E2.12217
G1 X106.861 Y69.968 E2.20726
G1 X107.406 Y69.968 E2.23347
G1 X105.61 Y71.764 E2.35563
G1 X105.61 Y72.309 E2.38184
G1 X107.952 Y69.968 E2.54111
G1 X108.497 Y69.968 E2.56732
G1 X105.668 Y72.797 E2.75975
G1 X105.468 Y72.827 E2.76948
;WIDTH:0.404381
G1 X105.474 Y72.934 E2.77402
;WIDTH:0.45
G1 X106.213 Y72.797 E2.81017
G1 X109.042 Y69.968 E3.0026
G1 X109.588 Y69.968 E3.02886
G1 X106.758 Y72.797 E3.22132
G1 X107.304 Y72.797 E3.24758
G1 X109.872 Y70.229 E3.42225
G1 X110.099 Y70.548 E3.44108
G1 X107.849 Y72.797 E3.59409
G1 X107.742 Y72.951 E3.60311
;WIDTH:0.404381
G1 X107.671 Y72.932 E3.60623
G1 X107.69 Y73.003 E3.60935
G1 X107.731 Y72.992 E3.61115
G1 E1.61115 F2400
G92 E0
G1 X110.194 Y70.998 F7800
G1 E2 F2400
;WIDTH:0.45
G1 F1200
G1 X108.395 Y72.797 E2.12237
G1 X112.252 Y72.797 E2.30788
G1 X110.647 Y71.276 E2.41423
G1 X110.33 Y70.862 E2.43931
G1 X110.29 Y71.448 E2.46756
G1 X110.381 Y71.556 E2.47435
G1 X111.285 Y72.412 E2.53423
G1 X109.326 Y72.412 E2.62845
G1 X110.153 Y71.584 E2.68474
G1 X110.336 Y72.001 E2.70664
;WIDTH:0.474607
G1 X110.299 Y71.964 E2.70932
G1 X110.25 Y71.978 E2.71193
G1 X110.237 Y72.027 E2.71452
G1 X110.273 Y72.063 E2.71712
G1 X110.322 Y72.05 E2.71971
M106 S196.35
;LAYER_CHANGE
;Z:4.55
;HEIGHT:0.3
G1 E.71971 F2400
G92 E0
G1 Z4.55 F7800
;AFTER_LAYER_CHANGE
;4.55
G1 X125.334 Y146.616
G1 E2 F2400
;TYPE:Perimeter
;WIDTH:0.45
G1 F1500
G1 X125.258 Y146.739 E2.00695
G1 X125.198 Y147.167 E2.02774
;WIDTH:0.46492
G1 X125.281 Y147.462 E2.04305
G1 X124.719 Y147.462 E2.07113
G1 X124.802 Y147.231 E2.08339
G1 X124.742 Y146.739 E2.10815
;WIDTH:0.45
G1 X124.552 Y146.431 E2.12556
;WIDTH:0.490237
G1 X124.374 Y146.333 E2.13635
;WIDTH:0.530475
G1 X124.197 Y146.235 E2.14811
;WIDTH:0.570712
G1 X124.019 Y146.137 E2.16094
;WIDTH:0.61095
G1 X123.842 Y146.039 E2.17473
G1 X105.402 Y146.039 E3.4318
G1 X105.402 Y145.492 E3.46909
G1 X123.842 Y145.492 E4.72616
G1 X124.131 Y145.472 E4.74591
;WIDTH:0.570712
G1 X124.421 Y145.452 E4.76427
;WIDTH:0.530475
G1 X124.71 Y145.432 E4.78111
;WIDTH:0.490237
G1 X125 Y145.412 E4.79655
G1 X125.29 Y145.432 E4.81199
;WIDTH:0.530475
G1 X125.579 Y145.452 E4.82883
;WIDTH:0.570712
G1 X125.869 Y145.472 E4.84719
;WIDTH:0.61095
G1 X126.158 Y145.492 E4.86694
G1 X144.598 Y145.492 E6.12401
G1 X144.598 Y146.039 E6.1613
G1 X125.992 Y146.039 E7.42969
G1 X125.856 Y146.137 E7.44112
;WIDTH:0.570712
G1 X125.72 Y146.235 E7.45171
;WIDTH:0.530475
G1 X125.584 Y146.333 E7.46146
;WIDTH:0.490237
G1 X125.448 Y146.431 E7.47036
;WIDTH:0.45
G1 X125.365 Y146.565 E7.47794
G1 X125.664 Y146.802 F7800
G1 F1500
G1 X125.618 Y146.877 E7.48217
G1 X125.582 Y147.134 E7.49465
G1 X125.662 Y147.381 E7.50714
G1 X125.947 Y147.855 E7.53374
G1 X124.053 Y147.855 E7.62483
G1 X124.338 Y147.381 E7.65143
G1 X124.414 Y147.171 E7.66217
G1 X124.382 Y146.877 E7.67639
G1 X124.268 Y146.692 E7.68684
G1 X123.842 Y146.505 E7.70922
G1 X104.936 Y146.505 E8.61853
G1 X104.936 Y145.026 E8.68966
G1 X145.064 Y145.026 E10.61968
G1 X145.064 Y146.505 E10.69081
G1 X126.074 Y146.505 E11.60416
G1 X125.732 Y146.692 E11.62291
G1 X125.696 Y146.751 E11.62623
G1 X126.007 Y146.99 F7800
;TYPE:External perimeter
G1 F1500
G1 X125.978 Y147.014 E11.62804
G1 X125.993 Y147.182 E11.63615
G1 X126.628 Y148.24 E11.6955
G1 X123.372 Y148.24 E11.8521
G1 X124.038 Y147.131 E11.91432
G1 X123.984 Y146.953 E11.92327
G1 X123.842 Y146.89 E11.93074
G1 X104.55 Y146.89 E12.85862
G1 X104.55 Y144.64 E12.96684
G1 X145.45 Y144.64 E14.93399
G1 X145.45 Y146.89 E15.04221
G1 X126.128 Y146.89 E15.97153
G1 X126.054 Y146.952 E15.97617
G1 X126.092 Y147.35 F7800
G1 E13.97617 F2400
G92 E0
G1 X124.295 Y145.863 F7800
G1 E2 F2400
;TYPE:Solid infill
;WIDTH:0.574567
G1 F1200
G1 X124.996 Y145.765 E2.04504
G1 X125.57 Y145.871 E2.08218
G1 X125.215 Y146.17 E2.11171
G1 X125 Y146.494 E2.13645
G1 X124.759 Y146.154 E2.16297
G1 X124.458 Y145.965 E2.18559
G1 E.18559 F2400
G92 E0
G1 X137.824 Y72.567 F7800
G1 E2 F2400
;TYPE:Perimeter
;WIDTH:0.45
G1 F1200
G1 X137.753 Y72.567 E2.00341
G1 X139.226 Y71.171 E2.10102
G1 X140.656 Y69.16 E2.2197
G1 X144.679 Y69.16 E2.41319
G1 X144.679 Y72.567 E2.57705
G1 X137.884 Y72.567 E2.90387
G1 X136.823 Y72.953 F7800
G1 F1200
G1 X136.786 Y72.953 E2.90565
G1 X138.934 Y70.917 E3.048
G1 X140.457 Y68.774 E3.17445
G1 X145.064 Y68.774 E3.39603
G1 X145.064 Y72.953 E3.59703
G1 X136.883 Y72.953 E3.99051
G1 X135.822 Y73.338 F7800
;TYPE:External perimeter
G1 F1200
G1 X135.818 Y73.338 E3.9907
G1 X138.641 Y70.663 E4.17775
G1 X140.191 Y68.483 E4.3064
;TYPE:Overhang perimeter
;WIDTH:0.4
;HEIGHT:0.4
M106 S255
G1 X140.258 Y68.388 E4.31247
G1 X145.45 Y68.388 E4.58373
G1 X145.45 Y68.483 E4.58869
M106 S196.35
;TYPE:External perimeter
;WIDTH:0.45
;HEIGHT:0.3
G1 X145.45 Y73.338 E4.8222
G1 X135.882 Y73.338 E5.28239
G1 X136.136 Y73.029 F7800
G1 E3.28239 F2400
G92 E0
G1 X138.479 Y72.278 F7800
G1 E2 F2400
;TYPE:Solid infill
G1 F1200
G1 X139.446 Y71.362 E2.06406
G1 X139.985 Y70.603 E2.10883
G1 X140.676 Y69.563 E2.16888
;WIDTH:0.426496
G1 X140.748 Y69.399 E2.17697
G1 X140.745 Y69.557 E2.18411
;WIDTH:0.45
G1 X141.599 Y70.467 E2.24413
G1 X143.41 Y72.278 E2.36731
G1 X138.672 Y72.278 E2.59519
G1 X139.446 Y71.892 F7800
G1 F1200
G1 X139.833 Y71.482 E2.62231
G1 X140.762 Y70.175 E2.69943
G1 X142.479 Y71.892 E2.81622
G1 X139.639 Y71.892 E2.95281
G1 X140.382 Y71.458 F7800
;WIDTH:0.546457
G1 F1200
G1 X140.818 Y70.845 E2.99804
G1 X141.431 Y71.458 E3.05017
G1 X140.575 Y71.458 E3.10164
G1 E1.10164 F2400
G92 E0
G1 X141.126 Y69.449 F7800
G1 E2 F2400
;WIDTH:0.45
G1 F1200
G1 X143.955 Y72.278 E2.19243
G1 E.19243 F2400
G92 E0
G1 X141.808 Y69.585 F7800
G1 E2 F2400
G1 F1200
G1 X144.357 Y72.148 E2.17386
;WIDTH:0.430682
G1 X144.4 Y72.264 E2.17951
;WIDTH:0.45
G1 X144.39 Y69.449 E2.3149
G1 X141.671 Y69.449 E2.44567
G1 X142.602 Y69.834 F7800
G1 F1200
G1 X144.004 Y69.834 E2.5131
G1 X144.004 Y71.236 E2.58053
G1 X142.739 Y69.971 E2.66657
G1 X143.579 Y70.192 F7800
;WIDTH:0.499889
G1 F1200
G1 X143.541 Y70.231 E2.66953
G1 X143.555 Y70.283 E2.67246
G1 X143.607 Y70.297 E2.67539
G1 X143.646 Y70.259 E2.67835
G1 X143.632 Y70.206 E2.68133
G1 E.68133 F2400
G92 E0
G1 X105.321 Y72.567 F7800
G1 E2 F2400
;TYPE:Perimeter
;WIDTH:0.45
G1 F1200
G1 X105.321 Y69.16 E2.16386
G1 X109.344 Y69.16 E2.35735
G1 X110.774 Y71.171 E2.47603
G1 X112.247 Y72.567 E2.57364
G1 X105.381 Y72.567 E2.90387
G1 X104.936 Y72.953 F7800
G1 F1200
G1 X104.936 Y68.774 E3.10487
G1 X109.543 Y68.774 E3.32645
G1 X111.066 Y70.917 E3.4529
G1 X113.214 Y72.953 E3.59525
G1 X104.996 Y72.953 E3.99051
G1 X104.55 Y73.338 F7800
;TYPE:External perimeter
G1 F1200
G1 X104.55 Y68.483 E4.22402
;TYPE:Overhang perimeter
;WIDTH:0.4
;HEIGHT:0.4
M106 S255
G1 X104.55 Y68.388 E4.22898
G1 X109.742 Y68.388 E4.50024
G1 X109.809 Y68.483 E4.50631
M106 S196.35
;TYPE:External perimeter
;WIDTH:0.45
;HEIGHT:0.3
G1 X111.359 Y70.663 E4.63496
G1 X114.182 Y73.338 E4.82201
G1 X104.61 Y73.338 E5.28239
G1 X104.551 Y72.943 F7800
G1 X105.642 Y72.173
;TYPE:Solid infill
;WIDTH:0.543559
G1 F1200
G1 X105.599 Y72.216 E5.28602
G1 X105.615 Y72.273 E5.28956
G1 X105.673 Y72.289 E5.29316
G1 X105.715 Y72.247 E5.29671
G1 X105.7 Y72.189 E5.30029
;WIDTH:0.45
G1 X105.61 Y71.573 E5.33023
G1 X106.453 Y72.401 E5.38706
;WIDTH:0.404381
G1 X106.433 Y72.472 E5.39019
G1 X106.505 Y72.453 E5.39335
G1 X106.494 Y72.412 E5.39515
;WIDTH:0.45
G1 X106.861 Y72.278 E5.41394
G1 X105.61 Y71.027 E5.49903
G1 X105.61 Y70.482 E5.52524
G1 X107.406 Y72.278 E5.6474
G1 X107.952 Y72.278 E5.67366
G1 X105.61 Y69.937 E5.83293
G1 X105.468 Y69.419 E5.85876
;WIDTH:0.404381
G1 X105.474 Y69.313 E5.86326
;WIDTH:0.45
G1 X105.668 Y69.449 E5.87466
G1 X108.497 Y72.278 E6.06709
G1 X109.042 Y72.278 E6.0933
G1 X106.213 Y69.449 E6.28573
G1 X106.758 Y69.449 E6.31194
G1 X109.588 Y72.278 E6.5044
G1 X110.133 Y72.278 E6.53061
G1 X107.304 Y69.449 E6.72304
G1 X107.849 Y69.449 E6.74925
G1 X110.678 Y72.278 E6.94168
G1 X111.224 Y72.278 E6.96794
G1 X108.395 Y69.449 E7.16037
G1 X108.277 Y69.254 E7.17133
;WIDTH:0.404381
G1 X108.288 Y69.295 E7.17313
G1 X108.216 Y69.314 E7.17629
G1 X108.235 Y69.243 E7.17941
G1 X109.15 Y69.536 F7800
;WIDTH:0.623929
G1 F1200
G1 X109.447 Y69.887 E7.2115
;WIDTH:0.580019
G1 X109.744 Y70.238 E7.24107
;WIDTH:0.536109
G1 X110.041 Y70.59 E7.26817
;WIDTH:0.4922
G1 X110.337 Y70.941 E7.29267
;WIDTH:0.44829
G1 X110.634 Y71.292 E7.31469
;WIDTH:0.404381
G1 X111.571 Y72.204 E7.37014
G1 X111.636 Y72.324 E7.37593
M106 S198.9
;LAYER_CHANGE
;Z:4.85
;HEIGHT:0.3
G1 E5.37593 F2400
G92 E0
G1 Z4.85 F7800
;AFTER_LAYER_CHANGE
;4.85
G1 X125.334 Y146.616
G1 E2 F2400
;TYPE:Perimeter
;WIDTH:0.45
G1 F1500
G1 X125.258 Y146.739 E2.00695
G1 X125.198 Y147.167 E2.02774
;WIDTH:0.46492
G1 X125.281 Y147.462 E2.04305
G1 X124.719 Y147.462 E2.07113
G1 X124.802 Y147.231 E2.08339
G1 X124.742 Y146.739 E2.10815
;WIDTH:0.45
G1 X124.552 Y146.431 E2.12556
;WIDTH:0.490237
G1 X124.374 Y146.333 E2.13635
;WIDTH:0.530475
G1 X124.197 Y146.235 E2.14811
;WIDTH:0.570712
G1 X124.019 Y146.137 E2.16094
;WIDTH:0.61095
G1 X123.842 Y146.039 E2.17473
G1 X105.402 Y146.039 E3.4318
G1 X105.402 Y145.492 E3.46909
G1 X123.842 Y145.492 E4.72616
G1 X124.131 Y145.472 E4.74591
;WIDTH:0.570712
G1 X124.421 Y145.452 E4.76427
;WIDTH:0.530475
G1 X124.71 Y145.432 E4.78111
;WIDTH:0.490237
G1 X125 Y145.412 E4.79655
G1 X125.29 Y145.432 E4.81199
;WIDTH:0.530475
G1 X125.579 Y145.452 E4.82883
;WIDTH:0.570712
G1 X125.869 Y145.472 E4.84719
;WIDTH:0.61095
G1 X126.158 Y145.492 E4.86694
G1 X144.598 Y145.492 E6.12401
G1 X144.598 Y146.039 E6.1613
G1 X125.992 Y146.039 E7.42969
G1 X125.856 Y146.137 E7.44112
;WIDTH:0.570712
G1 X125.72 Y146.235 E7.45171
;WIDTH:0.530475
G1 X125.584 Y146.333 E7.46146
;WIDTH:0.490237
G1 X125.448 Y146.431 E7.47036
;WIDTH:0.45
G1 X125.365 Y146.565 E7.47794
G1 X125.664 Y146.802 F7800
G1 F1500
G1 X125.618 Y146.877 E7.48217
G1 X125.582 Y147.134 E7.49465
G1 X125.662 Y147.381 E7.50714
G1 X125.947 Y147.855 E7.53374
G1 X124.053 Y147.855 E7.62483
G1 X124.338 Y147.381 E7.65143
G1 X124.414 Y147.171 E7.66217
G1 X124.382 Y146.877 E7.67639
G1 X124.268 Y146.692 E7.68684
G1 X123.842 Y146.505 E7.70922
G1 X104.936 Y146.505 E8.61853
G1 X104.936 Y145.026 E8.68966
G1 X145.064 Y145.026 E10.61968
G1 X145.064 Y146.505 E10.69081
G1 X126.074 Y146.505 E11.60416
G1 X125.732 Y146.692 E11.62291
G1 X125.696 Y146.751 E11.62623
G1 X126.007 Y146.99 F7800
;TYPE:External perimeter
G1 F1500
G1 X125.978 Y147.014 E11.62804
G1 X125.993 Y147.182 E11.63615
G1 X126.628 Y148.24 E11.6955
G1 X123.372 Y148.24 E11.8521
G1 X124.038 Y147.131 E11.91432
G1 X123.984 Y146.953 E11.92327
G1 X123.842 Y146.89 E11.93074
G1 X104.55 Y146.89 E12.85862
G1 X104.55 Y144.64 E12.96684
G1 X145.45 Y144.64 E14.93399
G1 X145.45 Y146.89 E15.04221
G1 X126.128 Y146.89 E15.97153
G1 X126.054 Y146.952 E15.97617
G1 X126.092 Y147.35 F7800
G1 X124.996 Y145.765
;TYPE:Solid infill
;WIDTH:0.574567
G1 F1200
G1 X125.57 Y145.871 E16.01331
G1 X125.215 Y146.17 E16.04284
G1 X125 Y146.494 E16.06758
G1 X124.759 Y146.154 E16.0941
G1 X124.295 Y145.863 E16.12895
G1 X124.805 Y145.792 E16.16172
G1 E14.16172 F2400
G92 E0
G1 X138.484 Y72.047 F7800
G1 E2 F2400
;TYPE:Perimeter
;WIDTH:0.45
G1 F1200
G1 X139.281 Y71.268 E2.0536
G1 X141.148 Y68.64 E2.20865
G1 X144.679 Y68.64 E2.37848
G1 X144.679 Y72.047 E2.54234
G1 X138.544 Y72.047 E2.83741
G1 X137.517 Y72.433 F7800
G1 F1200
G1 X138.934 Y71.09 E2.93131
G1 X140.949 Y68.254 E3.09864
G1 X145.064 Y68.254 E3.29656
G1 X145.064 Y72.433 E3.49756
G1 X137.577 Y72.433 E3.85766
G1 X136.549 Y72.819 F7800
;TYPE:External perimeter
G1 F1200
G1 X138.641 Y70.836 E3.9963
G1 X140.683 Y67.963 E4.16583
;TYPE:Overhang perimeter
;WIDTH:0.4
;HEIGHT:0.4
M106 S255
G1 X140.75 Y67.869 E4.17186
G1 X145.45 Y67.869 E4.41741
G1 X145.45 Y67.963 E4.42232
M106 S198.9
;TYPE:External perimeter
;WIDTH:0.45
;HEIGHT:0.3
G1 X145.45 Y72.819 E4.65588
G1 X136.609 Y72.819 E5.0811
G1 X136.866 Y72.512 F7800
G1 E3.0811 F2400
G92 E0
G1 X140.919 Y69.217 F7800
G1 E2 F2400
;TYPE:Solid infill
;WIDTH:0.404381
G1 F1200
G1 X141.246 Y68.829 E2.02152
;WIDTH:0.45
G1 X141.551 Y68.929 E2.03696
G1 X140.676 Y69.804 E2.09648
G1 X140.446 Y70.076 E2.11361
;WIDTH:0.404381
G1 X139.579 Y71.102 E2.17057
G1 X138.991 Y71.887 F7800
G1 F1200
G1 X138.95 Y71.898 E2.17237
G1 X138.931 Y71.827 E2.17549
G1 X139.002 Y71.846 E2.17861
;WIDTH:0.45
G1 X139.267 Y71.758 E2.19204
G1 X142.096 Y68.929 E2.38447
G1 X142.641 Y68.929 E2.41068
G1 X139.812 Y71.758 E2.60311
G1 X140.358 Y71.758 E2.62937
G1 X143.187 Y68.929 E2.8218
G1 X143.732 Y68.929 E2.84801
G1 X140.903 Y71.758 E3.04044
G1 X141.448 Y71.758 E3.06665
G1 X144.277 Y68.929 E3.25908
G1 X144.532 Y68.846 E3.27198
;WIDTH:0.404381
G1 X144.491 Y68.857 E3.27378
G1 X144.472 Y68.786 E3.2769
G1 X144.543 Y68.805 E3.28002
;WIDTH:0.45
G1 X144.39 Y69.362 E3.3078
G1 X141.994 Y71.758 E3.47077
G1 X142.421 Y71.953 E3.49335
;WIDTH:0.404381
G1 X142.38 Y71.964 E3.49515
G1 X142.361 Y71.893 E3.49827
G1 X142.432 Y71.912 E3.50139
;WIDTH:0.45
G1 X142.539 Y71.758 E3.51041
G1 X144.39 Y69.908 E3.63628
G1 X144.39 Y71.758 E3.72526
G1 X143.084 Y71.758 E3.78807
G1 X144.253 Y70.589 E3.86758
G1 E1.86758 F2400
G92 E0
G1 X105.321 Y72.047 F7800
G1 E2 F2400
;TYPE:Perimeter
G1 F1200
G1 X105.321 Y68.64 E2.16386
G1 X108.852 Y68.64 E2.33369
G1 X110.774 Y71.345 E2.49329
G1 X111.516 Y72.047 E2.54242
G1 X105.381 Y72.047 E2.83749
G1 X104.936 Y72.433 F7800
G1 F1200
G1 X104.936 Y68.254 E3.03849
G1 X109.051 Y68.254 E3.23641
G1 X111.066 Y71.09 E3.40374
G1 X112.483 Y72.433 E3.49764
G1 X104.996 Y72.433 E3.85774
G1 X104.55 Y72.819 F7800
;TYPE:External perimeter
G1 F1200
G1 X104.55 Y67.963 E4.0913
;TYPE:Overhang perimeter
;WIDTH:0.4
;HEIGHT:0.4
M106 S255
G1 X104.55 Y67.869 E4.09621
G1 X109.25 Y67.869 E4.34176
G1 X109.317 Y67.963 E4.34779
M106 S198.9
;TYPE:External perimeter
;WIDTH:0.45
;HEIGHT:0.3
G1 X111.359 Y70.836 E4.51732
G1 X113.451 Y72.819 E4.65596
G1 X104.61 Y72.819 E5.08118
G1 X104.551 Y72.423 F7800
G1 E3.08118 F2400
G92 E0
G1 X105.715 Y68.96 F7800
G1 E2 F2400
;TYPE:Solid infill
;WIDTH:0.543559
G1 F1200
G1 X105.673 Y68.918 E2.00355
G1 X105.615 Y68.934 E2.00715
G1 X105.599 Y68.991 E2.01069
G1 X105.642 Y69.034 E2.01432
G1 X105.7 Y69.018 E2.01792
;WIDTH:0.45
G1 X105.61 Y69.634 E2.04786
G1 X106.316 Y68.929 E2.09585
G1 X106.494 Y68.795 E2.10657
;WIDTH:0.404381
G1 X106.453 Y68.806 E2.10837
G1 X106.433 Y68.734 E2.11154
G1 X106.505 Y68.754 E2.11471
;WIDTH:0.45
G1 X106.861 Y68.929 E2.13379
G1 X105.61 Y70.18 E2.21888
G1 X105.61 Y70.725 E2.24509
G1 X107.406 Y68.929 E2.36725
G1 X107.952 Y68.929 E2.39351
G1 X105.61 Y71.27 E2.55278
G1 X105.474 Y71.894 E2.5835
;WIDTH:0.404381
G1 X105.468 Y71.787 E2.58804
;WIDTH:0.45
G1 X105.668 Y71.758 E2.59776
G1 X108.497 Y68.929 E2.79019
G1 X108.797 Y69.062 E2.80597
G1 X107.978 Y69.993 E2.86561
G1 X106.213 Y71.758 E2.98566
G1 X110.803 Y71.758 E3.20642
G1 X110.481 Y71.432 E3.22846
G1 X109.552 Y70.125 E3.30558
G1 X108.861 Y69.007 E3.36879
;WIDTH:0.418817
G1 X108.826 Y68.889 E3.37423
G1 X108.794 Y69.723 F7800
;WIDTH:0.45
G1 F1200
G1 X109.966 Y71.373 E3.47157
G1 X107.144 Y71.373 E3.6073
G1 X108.657 Y69.859 E3.71025
G1 X108.739 Y70.372 E3.73524
;WIDTH:0.51999
G1 X109.151 Y70.952 E3.77567
G1 X108.16 Y70.952 E3.83198
G1 X108.603 Y70.509 E3.86758
M106 S204
;LAYER_CHANGE
;Z:5.15
;HEIGHT:0.3
G1 E1.86758 F2400
G92 E0
G1 Z5.15 F7800
;AFTER_LAYER_CHANGE
;5.15
G1 X125.334 Y146.616
G1 E2 F2400
;TYPE:Perimeter
;WIDTH:0.45
G1 F1500
G1 X125.258 Y146.739 E2.00695
G1 X125.198 Y147.167 E2.02774
;WIDTH:0.46492
G1 X125.281 Y147.462 E2.04305
G1 X124.719 Y147.462 E2.07113
G1 X124.802 Y147.231 E2.08339
G1 X124.742 Y146.739 E2.10815
;WIDTH:0.45
G1 X124.552 Y146.431 E2.12556
;WIDTH:0.490237
G1 X124.374 Y146.333 E2.13635
;WIDTH:0.530475
G1 X124.197 Y146.235 E2.14811
;WIDTH:0.570712
G1 X124.019 Y146.137 E2.16094
;WIDTH:0.61095
G1 X123.842 Y146.039 E2.17473
G1 X105.402 Y146.039 E3.4318
G1 X105.402 Y145.492 E3.46909
G1 X123.842 Y145.492 E4.72616
G1 X124.131 Y145.472 E4.74591
;WIDTH:0.570712
G1 X124.421 Y145.452 E4.76427
;WIDTH:0.530475
G1 X124.71 Y145.432 E4.78111
;WIDTH:0.490237
G1 X125 Y145.412 E4.79655
G1 X125.29 Y145.432 E4.81199
;WIDTH:0.530475
G1 X125.579 Y145.452 E4.82883
;WIDTH:0.570712
G1 X125.869 Y145.472 E4.84719
;WIDTH:0.61095
G1 X126.158 Y145.492 E4.86694
G1 X144.598 Y145.492 E6.12401
G1 X144.598 Y146.039 E6.1613
G1 X125.992 Y146.039 E7.42969
G1 X125.856 Y146.137 E7.44112
;WIDTH:0.570712
G1 X125.72 Y146.235 E7.45171
;WIDTH:0.530475
G1 X125.584 Y146.333 E7.46146
;WIDTH:0.490237
G1 X125.448 Y146.431 E7.47036
;WIDTH:0.45
G1 X125.365 Y146.565 E7.47794
G1 X125.664 Y146.802 F7800
G1 F1500
G1 X125.618 Y146.877 E7.48217
G1 X125.582 Y147.134 E7.49465
G1 X125.662 Y147.381 E7.50714
G1 X125.947 Y147.855 E7.53374
G1 X124.053 Y147.855 E7.62483
G1 X124.338 Y147.381 E7.65143
G1 X124.414 Y147.171 E7.66217
G1 X124.382 Y146.877 E7.67639
G1 X124.268 Y146.692 E7.68684
G1 X123.842 Y146.505 E7.70922
G1 X104.936 Y146.505 E8.61853
G1 X104.936 Y145.026 E8.68966
G1 X145.064 Y145.026 E10.61968
G1 X145.064 Y146.505 E10.69081
G1 X126.074 Y146.505 E11.60416
G1 X125.732 Y146.692 E11.62291
G1 X125.696 Y146.751 E11.62623
G1 X126.007 Y146.99 F7800
;TYPE:External perimeter
G1 F1500
G1 X125.978 Y147.014 E11.62804
G1 X125.993 Y147.182 E11.63615
G1 X126.628 Y148.24 E11.6955
G1 X123.372 Y148.24 E11.8521
G1 X124.038 Y147.131 E11.91432
G1 X123.984 Y146.953 E11.92327
G1 X123.842 Y146.89 E11.93074
G1 X104.55 Y146.89 E12.85862
G1 X104.55 Y144.64 E12.96684
G1 X145.45 Y144.64 E14.93399
G1 X145.45 Y146.89 E15.04221
G1 X126.128 Y146.89 E15.97153
G1 X126.054 Y146.952 E15.97617
G1 X126.092 Y147.35 F7800
G1 E13.97617 F2400
G92 E0
G1 X124.295 Y145.863 F7800
G1 E2 F2400
;TYPE:Solid infill
;WIDTH:0.574567
G1 F1200
G1 X124.996 Y145.765 E2.04504
G1 X125.57 Y145.871 E2.08218
G1 X125.215 Y146.17 E2.11171
G1 X125 Y146.494 E2.13645
G1 X124.759 Y146.154 E2.16297
G1 X124.458 Y145.965 E2.18559
G1 E.18559 F2400
G92 E0
G1 X139.205 Y71.528 F7800
G1 E2 F2400
;TYPE:Perimeter
;WIDTH:0.45
G1 F1200
G1 X141.641 Y68.12 E2.20148
G1 X144.679 Y68.12 E2.3476
G1 X144.679 Y71.528 E2.51151
G1 X139.265 Y71.528 E2.7719
G1 X138.248 Y71.913 F7800
G1 F1200
G1 X138.966 Y71.218 E2.81996
G1 X140.817 Y68.614 E2.97362
G1 X141.417 Y67.735 E3.02481
G1 X145.064 Y67.735 E3.20022
G1 X145.064 Y71.913 E3.40117
G1 X138.308 Y71.913 E3.72611
G1 X137.28 Y72.299 F7800
;TYPE:External perimeter
G1 F1200
G1 X138.641 Y71.01 E3.81627
G1 X141.025 Y67.656 E4.01418
G1 X141.125 Y67.444 E4.02545
;TYPE:Overhang perimeter
;WIDTH:0.4
;HEIGHT:0.4
M106 S255
G1 X141.17 Y67.349 E4.03094
G1 X145.45 Y67.349 E4.25455
G1 X145.45 Y67.444 E4.25951
M106 S204
;TYPE:External perimeter
;WIDTH:0.45
;HEIGHT:0.3
G1 X145.45 Y72.299 E4.49302
G1 X137.34 Y72.299 E4.88308
G1 X137.597 Y71.992 F7800
G1 E2.88308 F2400
G92 E0
G1 X139.779 Y71.239 F7800
G1 E2 F2400
;TYPE:Solid infill
G1 F1200
G1 X141.79 Y68.409 E2.16698
G1 X144.39 Y68.409 E2.29203
G1 X144.39 Y71.239 E2.42814
G1 X139.972 Y71.239 E2.64063
G1 X140.527 Y70.853 E2.67314
G1 X141.989 Y68.795 E2.79456
G1 X144.004 Y68.795 E2.89147
G1 X144.004 Y70.853 E2.99045
G1 X140.719 Y70.853 E3.14845
G1 X141.274 Y70.467 E3.18096
G1 X142.188 Y69.181 E3.25684
G1 X143.618 Y69.181 E3.32562
G1 X143.618 Y70.467 E3.38747
G1 X141.466 Y70.467 E3.49097
G1 X142.084 Y70.049 E3.52685
;WIDTH:0.51489
G1 X142.404 Y69.599 E3.55788
G1 X143.2 Y69.599 E3.60261
G1 X143.2 Y70.049 E3.6279
G1 X142.277 Y70.049 E3.67976
G1 E1.67976 F2400
G92 E0
G1 X105.321 Y71.528 F7800
G1 E2 F2400
;TYPE:Perimeter
;WIDTH:0.45
G1 F1200
G1 X105.321 Y68.12 E2.16391
G1 X108.359 Y68.12 E2.31003
G1 X110.781 Y71.528 E2.51112
G1 X105.381 Y71.528 E2.77084
G1 X104.936 Y71.913 F7800
G1 F1200
G1 X104.936 Y67.735 E2.97179
G1 X108.583 Y67.735 E3.1472
G1 X108.661 Y67.879 E3.15508
G1 X111.066 Y71.264 E3.35479
G1 X111.752 Y71.913 E3.40021
G1 X104.996 Y71.913 E3.72515
G1 X104.55 Y72.299 F7800
;TYPE:External perimeter
G1 F1200
G1 X104.55 Y67.444 E3.95866
;TYPE:Overhang perimeter
;WIDTH:0.4
;HEIGHT:0.4
M106 S255
G1 X104.55 Y67.349 E3.96362
G1 X108.83 Y67.349 E4.18723
G1 X108.875 Y67.444 E4.19272
M106 S204
;TYPE:External perimeter
;WIDTH:0.45
;HEIGHT:0.3
G1 X108.975 Y67.656 E4.20399
G1 X111.359 Y71.01 E4.4019
G1 X112.72 Y72.299 E4.49206
G1 X104.61 Y72.299 E4.88212
G1 X104.551 Y71.903 F7800
G1 X105.642 Y71.134
;TYPE:Solid infill
;WIDTH:0.543559
G1 F1200
G1 X105.599 Y71.176 E4.88571
G1 X105.615 Y71.234 E4.88931
G1 X105.673 Y71.25 E4.89291
G1 X105.715 Y71.207 E4.8965
G1 X105.7 Y71.149 E4.90008
;WIDTH:0.45
G1 X105.61 Y70.534 E4.92997
G1 X106.316 Y71.239 E4.97796
G1 X106.861 Y71.239 E5.00417
G1 X105.61 Y69.988 E5.08926
G1 X105.61 Y69.443 E5.11547
G1 X107.406 Y71.239 E5.23763
G1 X107.952 Y71.239 E5.26389
G1 X105.61 Y68.897 E5.42319
G1 X105.468 Y68.38 E5.44898
;WIDTH:0.404381
G1 X105.474 Y68.273 E5.45352
;WIDTH:0.45
G1 X105.668 Y68.409 E5.46492
G1 X108.497 Y71.239 E5.65738
G1 X109.042 Y71.239 E5.68359
G1 X106.213 Y68.409 E5.87605
G1 X106.758 Y68.409 E5.90226
G1 X109.588 Y71.239 E6.09475
G1 X110.133 Y71.239 E6.12096
G1 X107.304 Y68.409 E6.31342
G1 X107.186 Y68.215 E6.32434
;WIDTH:0.404381
G1 X107.197 Y68.256 E6.32614
G1 X107.126 Y68.275 E6.32926
G1 X107.145 Y68.204 E6.33238
;WIDTH:0.45
G1 X107.765 Y68.375 E6.36331
;WIDTH:0.380288
G1 X108.228 Y68.375 E6.38155
G1 X108.275 Y68.441 E6.38474
;WIDTH:0.427105
G1 X108.313 Y68.534 E6.38929
;WIDTH:0.473922
G1 X108.35 Y68.627 E6.3944
;WIDTH:0.520739
G1 X108.387 Y68.72 E6.4001
;WIDTH:0.567556
G1 X108.425 Y68.813 E6.4064
;WIDTH:0.614373
G1 X108.462 Y68.906 E6.41327
G1 X108.389 Y68.867 E6.41895
;WIDTH:0.566066
G1 X108.315 Y68.828 E6.42418
;WIDTH:0.517759
G1 X108.242 Y68.788 E6.42889
;WIDTH:0.469453
G1 X108.168 Y68.749 E6.43312
;WIDTH:0.421146
G1 X108.095 Y68.71 E6.4368
;WIDTH:0.377233
G1 X107.9 Y68.512 E6.44764
;LAYER_CHANGE
;Z:5.45
;HEIGHT:0.3
G1 E4.44764 F2400
G92 E0
G1 Z5.45 F7800
;AFTER_LAYER_CHANGE
;5.45
G1 X125.334 Y146.616
G1 E2 F2400
;TYPE:Perimeter
;WIDTH:0.45
G1 F1500
G1 X125.258 Y146.739 E2.00695
G1 X125.198 Y147.167 E2.02774
;WIDTH:0.46492
G1 X125.281 Y147.462 E2.04305
G1 X124.719 Y147.462 E2.07113
G1 X124.802 Y147.231 E2.08339
G1 X124.742 Y146.739 E2.10815
;WIDTH:0.45
G1 X124.552 Y146.431 E2.12556
;WIDTH:0.490237
G1 X124.374 Y146.333 E2.13635
;WIDTH:0.530475
G1 X124.197 Y146.235 E2.14811
;WIDTH:0.570712
G1 X124.019 Y146.137 E2.16094
;WIDTH:0.61095
G1 X123.842 Y146.039 E2.17473
G1 X105.402 Y146.039 E3.4318
G1 X105.402 Y145.492 E3.46909
G1 X123.842 Y145.492 E4.72616
G1 X124.131 Y145.472 E4.74591
;WIDTH:0.570712
G1 X124.421 Y145.452 E4.76427
;WIDTH:0.530475
G1 X124.71 Y145.432 E4.78111
;WIDTH:0.490237
G1 X125 Y145.412 E4.79655
G1 X125.29 Y145.432 E4.81199
;WIDTH:0.530475
G1 X125.579 Y145.452 E4.82883
;WIDTH:0.570712
G1 X125.869 Y145.472 E4.84719
;WIDTH:0.61095
G1 X126.158 Y145.492 E4.86694
G1 X144.598 Y145.492 E6.12401
G1 X144.598 Y146.039 E6.1613
G1 X125.992 Y146.039 E7.42969
G1 X125.856 Y146.137 E7.44112
;WIDTH:0.570712
G1 X125.72 Y146.235 E7.45171
;WIDTH:0.530475
G1 X125.584 Y146.333 E7.46146
;WIDTH:0.490237
G1 X125.448 Y146.431 E7.47036
;WIDTH:0.45
G1 X125.365 Y146.565 E7.47794
G1 X125.664 Y146.802 F7800
G1 F1500
G1 X125.618 Y146.877 E7.48217
G1 X125.582 Y147.134 E7.49465
G1 X125.662 Y147.381 E7.50714
G1 X125.947 Y147.855 E7.53374
G1 X124.053 Y147.855 E7.62483
G1 X124.338 Y147.381 E7.65143
G1 X124.414 Y147.171 E7.66217
G1 X124.382 Y146.877 E7.67639
G1 X124.268 Y146.692 E7.68684
G1 X123.842 Y146.505 E7.70922
G1 X104.936 Y146.505 E8.61853
G1 X104.936 Y145.026 E8.68966
G1 X145.064 Y145.026 E10.61968
G1 X145.064 Y146.505 E10.69081
G1 X126.074 Y146.505 E11.60416
G1 X125.732 Y146.692 E11.62291
G1 X125.696 Y146.751 E11.62623
G1 X126.007 Y146.99 F7800
;TYPE:External perimeter
G1 F1500
G1 X125.978 Y147.014 E11.62804
G1 X125.993 Y147.182 E11.63615
G1 X126.628 Y148.24 E11.6955
G1 X123.372 Y148.24 E11.8521
G1 X124.038 Y147.131 E11.91432
G1 X123.984 Y146.953 E11.92327
G1 X123.842 Y146.89 E11.93074
G1 X104.55 Y146.89 E12.85862
G1 X104.55 Y144.64 E12.96684
G1 X145.45 Y144.64 E14.93399
G1 X145.45 Y146.89 E15.04221
G1 X126.128 Y146.89 E15.97153
G1 X126.054 Y146.952 E15.97617
G1 X126.092 Y147.35 F7800
G1 X124.996 Y145.765
;TYPE:Solid infill
;WIDTH:0.574567
G1 F1200
G1 X125.57 Y145.871 E16.01331
G1 X125.215 Y146.17 E16.04284
G1 X125 Y146.494 E16.06758
G1 X124.759 Y146.154 E16.0941
G1 X124.295 Y145.863 E16.12895
G1 X124.805 Y145.792 E16.16172
G1 E14.16172 F2400
G92 E0
G1 X139.745 Y71.008 F7800
G1 E2 F2400
;TYPE:Perimeter
;WIDTH:0.45
G1 F1200
G1 X139.711 Y71.008 E2.00164
G1 X141.705 Y68.203 E2.16717
G1 X141.984 Y67.601 E2.19908
G1 X144.679 Y67.601 E2.3287
G1 X144.679 Y71.008 E2.49256
G1 X139.805 Y71.008 E2.72698
G1 X138.97 Y71.392 F7800
G1 F1200
G1 X138.968 Y71.392 E2.72708
G1 X141.37 Y68.009 E2.92663
G1 X141.737 Y67.215 E2.9687
G1 X145.064 Y67.215 E3.12872
G1 X145.064 Y71.394 E3.32972
G1 X139.03 Y71.392 E3.61993
G1 X138.012 Y71.779 F7800
;TYPE:External perimeter
G1 F1200
G1 X138.652 Y71.168 E3.66249
G1 X141.035 Y67.815 E3.86034
G1 X141.447 Y66.924 E3.90755
;TYPE:Overhang perimeter
;WIDTH:0.4
;HEIGHT:0.4
M106 S255
G1 X141.491 Y66.829 E3.91302
G1 X145.45 Y66.829 E4.11986
G1 X145.45 Y66.924 E4.12482
M106 S204
;TYPE:External perimeter
;WIDTH:0.45
;HEIGHT:0.3
G1 X145.45 Y71.779 E4.35833
G1 X138.072 Y71.779 E4.71319
G1 X138.327 Y71.472 F7800
G1 E2.71319 F2400
G92 E0
G1 X142.146 Y67.775 F7800
G1 E2 F2400
;TYPE:Solid infill
;WIDTH:0.404381
G1 F1200
G1 X142.075 Y67.755 E2.00313
G1 X142.094 Y67.827 E2.00629
G1 X142.135 Y67.816 E2.00809
;WIDTH:0.45
G1 X142.398 Y67.89 E2.02123
G1 X141.952 Y68.336 E2.05157
G1 X141.729 Y68.609 E2.06852
;WIDTH:0.404381
G1 X140.902 Y69.587 E2.12283
;WIDTH:0.45
G1 X140.659 Y70.174 E2.15339
G1 X142.943 Y67.89 E2.30874
G1 X143.489 Y67.89 E2.335
G1 X140.66 Y70.719 E2.52743
;WIDTH:0.489787
G1 X140.362 Y70.685 E2.54334
G1 X140.324 Y70.648 E2.54615
G1 X140.273 Y70.661 E2.54894
G1 X140.259 Y70.713 E2.5518
G1 X140.297 Y70.75 E2.55461
G1 X140.348 Y70.737 E2.5574
G1 X141.205 Y70.719 F7800
;WIDTH:0.45
G1 F1200
G1 X144.034 Y67.89 E2.74983
G1 X144.341 Y68.072 E2.767
G1 X143.07 Y69.399 E2.85538
G1 X141.75 Y70.719 E2.94516
G1 X144.39 Y70.719 E3.07213
G1 X144.431 Y68.004 E3.20273
;WIDTH:0.414983
G1 X144.444 Y67.914 E3.20671
G1 X144.004 Y69.011 F7800
;WIDTH:0.45
G1 F1200
G1 X144.004 Y70.333 E3.27029
G1 X142.681 Y70.333 E3.33392
G1 X143.868 Y69.147 E3.41462
G1 X143.664 Y69.933 F7800
;WIDTH:0.453571
G1 F1200
G1 X143.582 Y69.912 E3.41873
G1 X143.604 Y69.993 E3.4228
G1 X143.651 Y69.98 E3.42517
G1 E1.42517 F2400
G92 E0
G1 X105.321 Y71.008 F7800
G1 E2 F2400
;TYPE:Perimeter
;WIDTH:0.45
G1 F1200
G1 X105.321 Y67.601 E2.16386
G1 X108.016 Y67.601 E2.29348
G1 X108.347 Y68.276 E2.32964
G1 X110.289 Y71.008 E2.49085
G1 X105.381 Y71.008 E2.72691
G1 X104.936 Y71.394 F7800
G1 F1200
G1 X104.936 Y67.215 E2.92791
G1 X108.263 Y67.215 E3.08793
G1 X108.683 Y68.084 E3.13435
G1 X111.032 Y71.392 E3.32949
G1 X104.996 Y71.394 E3.6198
G1 X104.55 Y71.779 F7800
;TYPE:External perimeter
G1 F1200
G1 X104.55 Y66.924 E3.85331
;TYPE:Overhang perimeter
;WIDTH:0.4
;HEIGHT:0.4
M106 S255
G1 X104.55 Y66.829 E3.85827
G1 X108.509 Y66.829 E4.06511
G1 X108.553 Y66.924 E4.07058
M106 S204
;TYPE:External perimeter
;WIDTH:0.45
;HEIGHT:0.3
G1 X108.965 Y67.815 E4.11779
G1 X111.359 Y71.183 E4.31653
G1 X111.988 Y71.779 E4.35821
G1 X104.61 Y71.779 E4.71307
G1 X104.551 Y71.384 F7800
G1 E2.71307 F2400
G92 E0
G1 X105.61 Y67.89 F7800
G1 E2 F2400
;TYPE:Solid infill
G1 F1200
G1 X107.831 Y67.89 E2.10682
G1 X108.114 Y68.447 E2.13687
G1 X109.728 Y70.719 E2.27091
G1 X105.61 Y70.719 E2.46897
G1 X105.61 Y68.083 E2.59575
G1 X105.996 Y68.275 E2.61649
G1 X107.585 Y68.275 E2.69292
G1 X107.799 Y68.671 E2.71457
G1 X108.981 Y70.333 E2.81266
G1 X105.996 Y70.333 E2.95623
G1 X105.996 Y68.468 E3.04593
G1 X106.382 Y68.661 E3.06669
G1 X107.345 Y68.661 E3.11301
G1 X107.485 Y68.894 E3.12608
G1 X108.234 Y69.948 E3.18827
G1 X106.382 Y69.948 E3.27734
G1 X106.382 Y68.854 E3.32996
G1 X106.793 Y69.073 E3.35236
;WIDTH:0.502106
G1 X107.111 Y69.073 E3.36972
G1 X107.436 Y69.536 E3.4006
G1 X106.793 Y69.536 E3.4357
G1 X106.793 Y69.266 E3.45044
M106 S206.55
;LAYER_CHANGE
;Z:5.75
;HEIGHT:0.3
G1 E1.45044 F2400
G92 E0
G1 Z5.75 F7800
;AFTER_LAYER_CHANGE
;5.75
G1 X125.334 Y146.616
G1 E2 F2400
;TYPE:Perimeter
;WIDTH:0.45
G1 F1500
G1 X125.258 Y146.739 E2.00695
G1 X125.198 Y147.167 E2.02774
;WIDTH:0.46492
G1 X125.281 Y147.462 E2.04305
G1 X124.719 Y147.462 E2.07113
G1 X124.802 Y147.231 E2.08339
G1 X124.742 Y146.739 E2.10815
;WIDTH:0.45
G1 X124.552 Y146.431 E2.12556
;WIDTH:0.490237
G1 X124.374 Y146.333 E2.13635
;WIDTH:0.530475
G1 X124.197 Y146.235 E2.14811
;WIDTH:0.570712
G1 X124.019 Y146.137 E2.16094
;WIDTH:0.61095
G1 X123.842 Y146.039 E2.17473
G1 X105.402 Y146.039 E3.4318
G1 X105.402 Y145.492 E3.46909
G1 X123.842 Y145.492 E4.72616
G1 X124.131 Y145.472 E4.74591
;WIDTH:0.570712
G1 X124.421 Y145.452 E4.76427
;WIDTH:0.530475
G1 X124.71 Y145.432 E4.78111
;WIDTH:0.490237
G1 X125 Y145.412 E4.79655
G1 X125.29 Y145.432 E4.81199
;WIDTH:0.530475
G1 X125.579 Y145.452 E4.82883
;WIDTH:0.570712
G1 X125.869 Y145.472 E4.84719
;WIDTH:0.61095
G1 X126.158 Y145.492 E4.86694
G1 X144.598 Y145.492 E6.12401
G1 X144.598 Y146.039 E6.1613
G1 X125.992 Y146.039 E7.42969
G1 X125.856 Y146.137 E7.44112
;WIDTH:0.570712
G1 X125.72 Y146.235 E7.45171
;WIDTH:0.530475
G1 X125.584 Y146.333 E7.46146
;WIDTH:0.490237
G1 X125.448 Y146.431 E7.47036
;WIDTH:0.45
G1 X125.365 Y146.565 E7.47794
G1 X125.664 Y146.802 F7800
G1 F1500
G1 X125.618 Y146.877 E7.48217
G1 X125.582 Y147.134 E7.49465
G1 X125.662 Y147.381 E7.50714
G1 X125.947 Y147.855 E7.53374
G1 X124.053 Y147.855 E7.62483
G1 X124.338 Y147.381 E7.65143
G1 X124.414 Y147.171 E7.66217
G1 X124.382 Y146.877 E7.67639
G1 X124.268 Y146.692 E7.68684
G1 X123.842 Y146.505 E7.70922
G1 X104.936 Y146.505 E8.61853
G1 X104.936 Y145.026 E8.68966
G1 X145.064 Y145.026 E10.61968
G1 X145.064 Y146.505 E10.69081
G1 X126.074 Y146.505 E11.60416
G1 X125.732 Y146.692 E11.62291
G1 X125.696 Y146.751 E11.62623
G1 X126.007 Y146.99 F7800
;TYPE:External perimeter
G1 F1500
G1 X125.978 Y147.014 E11.62804
G1 X125.993 Y147.182 E11.63615
G1 X126.628 Y148.24 E11.6955
G1 X123.372 Y148.24 E11.8521
G1 X124.038 Y147.131 E11.91432
G1 X123.984 Y146.953 E11.92327
G1 X123.842 Y146.89 E11.93074
G1 X104.55 Y146.89 E12.85862
G1 X104.55 Y144.64 E12.96684
G1 X145.45 Y144.64 E14.93399
G1 X145.45 Y146.89 E15.04221
G1 X126.128 Y146.89 E15.97153
G1 X126.054 Y146.952 E15.97617
G1 X126.092 Y147.35 F7800
G1 E13.97617 F2400
G92 E0
G1 X124.295 Y145.863 F7800
G1 E2 F2400
;TYPE:Solid infill
;WIDTH:0.574567
G1 F1200
G1 X124.996 Y145.765 E2.04504
G1 X125.57 Y145.871 E2.08218
G1 X125.215 Y146.17 E2.11171
G1 X125 Y146.494 E2.13645
G1 X124.759 Y146.154 E2.16297
G1 X124.458 Y145.965 E2.18559
G1 E.18559 F2400
G92 E0
G1 X140.275 Y70.489 F7800
G1 E2 F2400
;TYPE:Perimeter
;WIDTH:0.45
G1 F1200
G1 X140.204 Y70.489 E2.00341
G1 X141.705 Y68.377 E2.12803
G1 X142.305 Y67.081 E2.19672
G1 X144.679 Y67.081 E2.3109
G1 X144.679 Y70.489 E2.47481
G1 X140.335 Y70.489 E2.68374
G1 X139.494 Y70.874 F7800
G1 F1200
G1 X139.457 Y70.874 E2.68552
G1 X141.37 Y68.182 E2.84436
G1 X142.058 Y66.695 E2.92316
G1 X145.064 Y66.695 E3.06774
G1 X145.064 Y70.874 E3.26874
G1 X139.554 Y70.874 E3.53375
G1 X138.714 Y71.26 F7800
;TYPE:External perimeter
G1 F1200
G1 X138.709 Y71.26 E3.53399
G1 X141.035 Y67.988 E3.72707
G1 X141.768 Y66.404 E3.81102
;TYPE:Overhang perimeter
;WIDTH:0.4
;HEIGHT:0.4
M106 S255
G1 X141.812 Y66.31 E3.81644
G1 X145.45 Y66.31 E4.00651
G1 X145.45 Y66.404 E4.01142
M106 S206.55
;TYPE:External perimeter
;WIDTH:0.45
;HEIGHT:0.3
G1 X145.45 Y71.26 E4.24498
G1 X138.774 Y71.26 E4.56607
G1 X138.956 Y70.903 F7800
G1 X140.764 Y70.199
;TYPE:Solid infill
G1 F1200
G1 X141.956 Y68.522 E4.66503
G1 X142.489 Y67.37 E4.72608
G1 X144.39 Y67.37 E4.81751
G1 X144.39 Y70.199 E4.95358
G1 X140.957 Y70.199 E5.1187
G1 X141.511 Y69.814 E5.15115
G1 X142.291 Y68.717 E5.21589
G1 X142.736 Y67.756 E5.26683
G1 X144.004 Y67.756 E5.32782
G1 X144.004 Y69.814 E5.4268
G1 X141.704 Y69.814 E5.53742
G1 X142.258 Y69.428 E5.5699
G1 X142.703 Y68.744 E5.60915
G1 X142.982 Y68.141 E5.64111
G1 X143.618 Y68.141 E5.6717
G1 X143.618 Y69.428 E5.7336
G1 X142.451 Y69.428 E5.78973
G1 X143.12 Y68.879 F7800
;WIDTH:0.639207
G1 F1200
G1 X143.069 Y68.929 E5.79485
G1 X143.087 Y68.999 E5.80003
G1 X143.157 Y69.017 E5.80521
G1 X143.208 Y68.967 E5.81033
G1 X143.189 Y68.897 E5.81553
G1 E3.81553 F2400
G92 E0
G1 X105.321 Y70.489 F7800
G1 E2 F2400
;TYPE:Perimeter
;WIDTH:0.45
G1 F1200
G1 X105.321 Y67.081 E2.16391
G1 X107.695 Y67.081 E2.27809
G1 X108.347 Y68.449 E2.35098
G1 X109.796 Y70.489 E2.47133
G1 X105.381 Y70.489 E2.68368
G1 X104.936 Y70.874 F7800
G1 F1200
G1 X104.936 Y66.695 E2.88468
G1 X107.942 Y66.695 E3.02926
G1 X108.661 Y68.226 E3.11061
G1 X110.543 Y70.874 E3.26686
G1 X104.996 Y70.874 E3.53365
G1 X104.55 Y71.26 F7800
;TYPE:External perimeter
G1 F1200
G1 X104.55 Y66.404 E3.76721
;TYPE:Overhang perimeter
;WIDTH:0.4
;HEIGHT:0.4
M106 S255
G1 X104.55 Y66.31 E3.77212
G1 X108.188 Y66.31 E3.96219
G1 X108.232 Y66.404 E3.96761
M106 S206.55
;TYPE:External perimeter
;WIDTH:0.45
;HEIGHT:0.3
G1 X108.965 Y67.988 E4.05156
G1 X111.291 Y71.26 E4.24464
G1 X104.61 Y71.26 E4.56597
G1 X104.551 Y70.864 F7800
G1 X105.642 Y70.095
;TYPE:Solid infill
;WIDTH:0.543559
G1 F1200
G1 X105.599 Y70.137 E4.56956
G1 X105.615 Y70.195 E4.57316
G1 X105.673 Y70.21 E4.57674
G1 X105.715 Y70.168 E4.58029
G1 X105.7 Y70.11 E4.58387
;WIDTH:0.45
G1 X105.61 Y69.494 E4.61381
G1 X106.453 Y70.323 E4.67068
;WIDTH:0.404381
G1 X106.433 Y70.394 E4.67381
G1 X106.505 Y70.375 E4.67697
G1 X106.494 Y70.334 E4.67877
;WIDTH:0.45
G1 X106.861 Y70.199 E4.69758
G1 X105.61 Y68.949 E4.78264
G1 X105.61 Y68.404 E4.80885
G1 X107.406 Y70.199 E4.93098
G1 X107.952 Y70.199 E4.95724
G1 X105.61 Y67.858 E5.11651
G1 X105.468 Y67.341 E5.1423
;WIDTH:0.404381
G1 X105.474 Y67.234 E5.14684
;WIDTH:0.45
G1 X105.668 Y67.37 E5.15824
G1 X108.497 Y70.199 E5.35067
G1 X109.042 Y70.199 E5.37688
G1 X106.213 Y67.37 E5.56931
G1 X106.095 Y67.176 E5.58023
;WIDTH:0.404381
G1 X106.106 Y67.217 E5.58203
G1 X106.035 Y67.236 E5.58515
G1 X106.054 Y67.165 E5.58827
G1 E3.58827 F2400
G92 E0
G1 X108.083 Y68.642 F7800
G1 E2 F2400
;WIDTH:0.524765
G1 F1200
G1 X108.509 Y69.146 E2.03789
;WIDTH:0.484637
G1 X108.935 Y69.65 E2.07248
;WIDTH:0.444509
G1 X109.361 Y70.154 E2.10377
;WIDTH:0.404381
G1 X109.392 Y70.28 E2.10927
G1 E.10927 F2400
G92 E0
G1 X106.959 Y67.533 F7800
G1 E2 F2400
;WIDTH:0.50352
G1 F1200
G1 X107.198 Y67.772 E2.01851
;WIDTH:0.511541
G1 X107.904 Y68.472 E2.07396
;WIDTH:0.52364
G1 X108.07 Y68.625 E2.08689
G1 X107.552 Y67.524 E2.15659
;WIDTH:0.50352
G1 X107.494 Y67.397 E2.16424
G1 X106.823 Y67.397 E2.20099
M106 S209.1
;LAYER_CHANGE
;Z:6.05
;HEIGHT:0.3
G1 E.20099 F2400
G92 E0
G1 Z6.05 F7800
;AFTER_LAYER_CHANGE
;6.05
G1 X125.334 Y146.616
G1 E2 F2400
;TYPE:Perimeter
;WIDTH:0.45
G1 F1500
G1 X125.258 Y146.739 E2.00695
G1 X125.198 Y147.167 E2.02774
;WIDTH:0.46492
G1 X125.281 Y147.462 E2.04305
G1 X124.719 Y147.462 E2.07113
G1 X124.802 Y147.231 E2.08339
G1 X124.742 Y146.739 E2.10815
;WIDTH:0.45
G1 X124.552 Y146.431 E2.12556
;WIDTH:0.490237
G1 X124.374 Y146.333 E2.13635
;WIDTH:0.530475
G1 X124.197 Y146.235 E2.14811
;WIDTH:0.570712
G1 X124.019 Y146.137 E2.16094
;WIDTH:0.61095
G1 X123.842 Y146.039 E2.17473
G1 X105.402 Y146.039 E3.4318
G1 X105.402 Y145.492 E3.46909
G1 X123.842 Y145.492 E4.72616
G1 X124.131 Y145.472 E4.74591
;WIDTH:0.570712
G1 X124.421 Y145.452 E4.76427
;WIDTH:0.530475
G1 X124.71 Y145.432 E4.78111
;WIDTH:0.490237
G1 X125 Y145.412 E4.79655
G1 X125.29 Y145.432 E4.81199
;WIDTH:0.530475
G1 X125.579 Y145.452 E4.82883
;WIDTH:0.570712
G1 X125.869 Y145.472 E4.84719
;WIDTH:0.61095
G1 X126.158 Y145.492 E4.86694
G1 X144.598 Y145.492 E6.12401
G1 X144.598 Y146.039 E6.1613
G1 X125.992 Y146.039 E7.42969
G1 X125.856 Y146.137 E7.44112
;WIDTH:0.570712
G1 X125.72 Y146.235 E7.45171
;WIDTH:0.530475
G1 X125.584 Y146.333 E7.46146
;WIDTH:0.490237
G1 X125.448 Y146.431 E7.47036
;WIDTH:0.45
G1 X125.365 Y146.565 E7.47794
G1 X125.664 Y146.802 F7800
G1 F1500
G1 X125.618 Y146.877 E7.48217
G1 X125.582 Y147.134 E7.49465
G1 X125.662 Y147.381 E7.50714
G1 X125.947 Y147.855 E7.53374
G1 X124.053 Y147.855 E7.62483
G1 X124.338 Y147.381 E7.65143
G1 X124.414 Y147.171 E7.66217
G1 X124.382 Y146.877 E7.67639
G1 X124.268 Y146.692 E7.68684
G1 X123.842 Y146.505 E7.70922
G1 X104.936 Y146.505 E8.61853
G1 X104.936 Y145.026 E8.68966
G1 X145.064 Y145.026 E10.61968
G1 X145.064 Y146.505 E10.69081
G1 X126.074 Y146.505 E11.60416
G1 X125.732 Y146.692 E11.62291
G1 X125.696 Y146.751 E11.62623
G1 X126.007 Y146.99 F7800
;TYPE:External perimeter
G1 F1500
G1 X125.978 Y147.014 E11.62804
G1 X125.993 Y147.182 E11.63615
G1 X126.628 Y148.24 E11.6955
G1 X123.372 Y148.24 E11.8521
G1 X124.038 Y147.131 E11.91432
G1 X123.984 Y146.953 E11.92327
G1 X123.842 Y146.89 E11.93074
G1 X104.55 Y146.89 E12.85862
G1 X104.55 Y144.64 E12.96684
G1 X145.45 Y144.64 E14.93399
G1 X145.45 Y146.89 E15.04221
G1 X126.128 Y146.89 E15.97153
G1 X126.054 Y146.952 E15.97617
G1 X126.092 Y147.35 F7800
G1 X124.996 Y145.765
;TYPE:Solid infill
;WIDTH:0.574567
G1 F1200
G1 X125.57 Y145.871 E16.01331
G1 X125.215 Y146.17 E16.04284
G1 X125 Y146.494 E16.06758
G1 X124.759 Y146.154 E16.0941
G1 X124.295 Y145.863 E16.12895
G1 X124.805 Y145.792 E16.16172
G1 E14.16172 F2400
G92 E0
G1 X140.696 Y69.969 F7800
G1 E2 F2400
;TYPE:Perimeter
;WIDTH:0.45
G1 F1200
G1 X141.705 Y68.55 E2.08374
G1 X142.625 Y66.561 E2.18914
G1 X144.679 Y66.561 E2.28793
G1 X144.679 Y69.969 E2.45184
G1 X140.756 Y69.969 E2.64052
G1 X139.949 Y70.355 F7800
G1 F1200
G1 X141.37 Y68.355 E2.75852
G1 X142.379 Y66.176 E2.87401
G1 X145.064 Y66.176 E3.00315
G1 X145.064 Y70.355 E3.20415
G1 X140.009 Y70.355 E3.44728
G1 X139.202 Y70.74 F7800
;TYPE:External perimeter
G1 F1200
G1 X141.035 Y68.161 E3.59946
G1 X142.089 Y65.885 E3.7201
;TYPE:Overhang perimeter
;WIDTH:0.4
;HEIGHT:0.4
M106 S255
G1 X142.132 Y65.79 E3.72555
G1 X145.45 Y65.79 E3.8989
G1 X145.45 Y65.885 E3.90386
M106 S209.1
;TYPE:External perimeter
;WIDTH:0.45
;HEIGHT:0.3
G1 X145.45 Y70.74 E4.13737
G1 X139.262 Y70.74 E4.43499
G1 X139.448 Y70.386 F7800
G1 E2.43499 F2400
G92 E0
G1 X142.787 Y66.735 F7800
G1 E2 F2400
;TYPE:Solid infill
;WIDTH:0.404381
G1 F1200
G1 X142.716 Y66.716 E2.00312
G1 X142.735 Y66.787 E2.00624
G1 X142.776 Y66.776 E2.00804
;WIDTH:0.45
G1 X143.039 Y66.851 E2.02119
G1 X142.612 Y67.278 E2.05023
G1 X143.585 Y66.851 F7800
G1 F1200
G1 X142.142 Y68.293 E2.14835
G1 X141.946 Y68.566 E2.16451
;WIDTH:0.404381
G1 X141.39 Y69.246 E2.20176
;WIDTH:0.45
G1 X141.301 Y69.68 E2.22307
G1 X144.13 Y66.851 E2.4155
G1 X144.493 Y66.851 E2.43296
;WIDTH:0.404381
G1 X144.473 Y66.767 E2.43662
;WIDTH:0.45
G1 X144.39 Y67.137 E2.45486
G1 X144.39 Y69.68 E2.57717
G1 X141.846 Y69.68 E2.69953
G1 X144.253 Y67.273 E2.86325
G1 X144.004 Y68.068 F7800
G1 F1200
G1 X144.004 Y69.294 E2.92222
G1 X142.777 Y69.294 E2.98123
G1 X143.868 Y68.204 E3.0554
G1 E1.0554 F2400
G92 E0
G1 X105.321 Y69.969 F7800
G1 E2 F2400
;TYPE:Perimeter
G1 F1200
G1 X105.321 Y66.561 E2.16391
G1 X107.375 Y66.561 E2.2627
G1 X108.347 Y68.622 E2.3723
G1 X109.304 Y69.969 E2.45177
G1 X105.381 Y69.969 E2.64045
G1 X104.936 Y70.355 F7800
G1 F1200
G1 X104.936 Y66.176 E2.84145
G1 X107.621 Y66.176 E2.97059
G1 X108.661 Y68.399 E3.08863
G1 X110.051 Y70.355 E3.20404
G1 X104.996 Y70.355 E3.44717
G1 X104.55 Y70.74 F7800
;TYPE:External perimeter
G1 F1200
G1 X104.55 Y65.885 E3.68068
;TYPE:Overhang perimeter
;WIDTH:0.4
;HEIGHT:0.4
M106 S255
G1 X104.55 Y65.79 E3.68564
G1 X107.868 Y65.79 E3.85899
G1 X107.911 Y65.885 E3.86444
M106 S209.1
;TYPE:External perimeter
;WIDTH:0.45
;HEIGHT:0.3
G1 X108.975 Y68.176 E3.98593
G1 X110.798 Y70.74 E4.13724
G1 X104.61 Y70.74 E4.43486
G1 X104.551 Y70.345 F7800
G1 E2.43486 F2400
G92 E0
G1 X105.61 Y66.851 F7800
G1 E2 F2400
;TYPE:Solid infill
G1 F1200
G1 X107.19 Y66.851 E2.07599
G1 X107.759 Y68.08 E2.14113
G1 X108.114 Y68.794 E2.17948
G1 X108.743 Y69.68 E2.23174
G1 X105.61 Y69.68 E2.38243
G1 X105.61 Y67.043 E2.50926
G1 X105.996 Y67.236 E2.53002
G1 X106.943 Y67.236 E2.57557
G1 X107.668 Y68.796 E2.65831
G1 X107.996 Y69.294 E2.68699
G1 X105.996 Y69.294 E2.78318
G1 X105.996 Y67.429 E2.87288
G1 X106.382 Y67.622 E2.89364
G1 X106.697 Y67.622 E2.90879
G1 X107.293 Y68.909 E2.97701
G1 X106.382 Y68.909 E3.02083
G1 X106.382 Y67.815 E3.07345
M106 S211.65
;LAYER_CHANGE
;Z:6.35
;HEIGHT:0.3
G1 E1.07345 F2400
G92 E0
G1 Z6.35 F7800
;AFTER_LAYER_CHANGE
;6.35
G1 X125.334 Y146.616
G1 E2 F2400
;TYPE:Perimeter
G1 F1500
G1 X125.258 Y146.739 E2.00695
G1 X125.198 Y147.167 E2.02774
;WIDTH:0.46492
G1 X125.281 Y147.462 E2.04305
G1 X124.719 Y147.462 E2.07113
G1 X124.802 Y147.231 E2.08339
G1 X124.742 Y146.739 E2.10815
;WIDTH:0.45
G1 X124.552 Y146.431 E2.12556
;WIDTH:0.490237
G1 X124.374 Y146.333 E2.13635
;WIDTH:0.530475
G1 X124.197 Y146.235 E2.14811
;WIDTH:0.570712
G1 X124.019 Y146.137 E2.16094
;WIDTH:0.61095
G1 X123.842 Y146.039 E2.17473
G1 X105.402 Y146.039 E3.4318
G1 X105.402 Y145.492 E3.46909
G1 X123.842 Y145.492 E4.72616
G1 X124.131 Y145.472 E4.74591
;WIDTH:0.570712
G1 X124.421 Y145.452 E4.76427
;WIDTH:0.530475
G1 X124.71 Y145.432 E4.78111
;WIDTH:0.490237
G1 X125 Y145.412 E4.79655
G1 X125.29 Y145.432 E4.81199
;WIDTH:0.530475
G1 X125.579 Y145.452 E4.82883
;WIDTH:0.570712
G1 X125.869 Y145.472 E4.84719
;WIDTH:0.61095
G1 X126.158 Y145.492 E4.86694
G1 X144.598 Y145.492 E6.12401
G1 X144.598 Y146.039 E6.1613
G1 X125.992 Y146.039 E7.42969
G1 X125.856 Y146.137 E7.44112
;WIDTH:0.570712
G1 X125.72 Y146.235 E7.45171
;WIDTH:0.530475
G1 X125.584 Y146.333 E7.46146
;WIDTH:0.490237
G1 X125.448 Y146.431 E7.47036
;WIDTH:0.45
G1 X125.365 Y146.565 E7.47794
G1 X125.664 Y146.802 F7800
G1 F1500
G1 X125.618 Y146.877 E7.48217
G1 X125.582 Y147.134 E7.49465
G1 X125.662 Y147.381 E7.50714
G1 X125.947 Y147.855 E7.53374
G1 X124.053 Y147.855 E7.62483
G1 X124.338 Y147.381 E7.65143
G1 X124.414 Y147.171 E7.66217
G1 X124.382 Y146.877 E7.67639
G1 X124.268 Y146.692 E7.68684
G1 X123.842 Y146.505 E7.70922
G1 X104.936 Y146.505 E8.61853
G1 X104.936 Y145.026 E8.68966
G1 X145.064 Y145.026 E10.61968
G1 X145.064 Y146.505 E10.69081
G1 X126.074 Y146.505 E11.60416
G1 X125.732 Y146.692 E11.62291
G1 X125.696 Y146.751 E11.62623
G1 X126.007 Y146.99 F7800
;TYPE:External perimeter
G1 F1500
G1 X125.978 Y147.014 E11.62804
G1 X125.993 Y147.182 E11.63615
G1 X126.628 Y148.24 E11.6955
G1 X123.372 Y148.24 E11.8521
G1 X124.038 Y147.131 E11.91432
G1 X123.984 Y146.953 E11.92327
G1 X123.842 Y146.89 E11.93074
G1 X104.55 Y146.89 E12.85862
G1 X104.55 Y144.64 E12.96684
G1 X145.45 Y144.64 E14.93399
G1 X145.45 Y146.89 E15.04221
G1 X126.128 Y146.89 E15.97153
G1 X126.054 Y146.952 E15.97617
G1 X126.092 Y147.35 F7800
G1 E13.97617 F2400
G92 E0
G1 X124.295 Y145.863 F7800
G1 E2 F2400
;TYPE:Solid infill
;WIDTH:0.574567
G1 F1200
G1 X124.996 Y145.765 E2.04504
G1 X125.57 Y145.871 E2.08218
G1 X125.215 Y146.17 E2.11171
G1 X125 Y146.494 E2.13645
G1 X124.759 Y146.154 E2.16297
G1 X124.458 Y145.965 E2.18559
G1 E.18559 F2400
G92 E0
G1 X141.189 Y69.449 F7800
G1 E2 F2400
;TYPE:Perimeter
;WIDTH:0.45
G1 F1200
G1 X141.742 Y68.642 E2.04705
G1 X142.946 Y66.042 E2.18486
G1 X144.679 Y66.042 E2.26821
G1 X144.679 Y69.449 E2.43207
G1 X141.249 Y69.449 E2.59704
G1 X140.441 Y69.835 F7800
G1 F1200
G1 X141.37 Y68.529 E2.67412
G1 X142.7 Y65.656 E2.82639
G1 X145.064 Y65.656 E2.94009
G1 X145.064 Y69.835 E3.14109
G1 X140.501 Y69.835 E3.36055
G1 X139.694 Y70.221 F7800
;TYPE:External perimeter
G1 F1200
G1 X141.035 Y68.334 E3.47189
G1 X142.409 Y65.365 E3.62924
;TYPE:Overhang perimeter
;WIDTH:0.4
;HEIGHT:0.4
M106 S255
G1 X142.453 Y65.271 E3.63466
G1 X145.45 Y65.271 E3.79124
G1 X145.45 Y65.365 E3.79615
M106 S211.65
;TYPE:External perimeter
;WIDTH:0.45
;HEIGHT:0.3
G1 X145.45 Y70.221 E4.02971
G1 X139.754 Y70.221 E4.30367
G1 X139.941 Y69.867 F7800
G1 X141.749 Y69.16
;TYPE:Solid infill
G1 F1200
G1 X142.007 Y68.76 E4.32656
G1 X143.131 Y66.331 E4.45529
G1 X144.39 Y66.331 E4.51584
G1 X144.39 Y69.16 E4.65191
G1 X141.942 Y69.16 E4.76965
G1 X142.425 Y68.775 E4.79936
G1 X143.377 Y66.717 E4.90842
G1 X144.004 Y66.717 E4.93858
G1 X144.004 Y68.775 E5.03756
G1 X142.617 Y68.775 E5.10427
G1 X143.057 Y68.37 E5.13303
;WIDTH:0.487324
G1 X143.6 Y67.199 E5.20112
G1 X143.6 Y68.37 E5.26289
G1 X143.25 Y68.37 E5.28135
G1 E3.28135 F2400
G92 E0
G1 X105.321 Y69.449 F7800
G1 E2 F2400
;TYPE:Perimeter
;WIDTH:0.45
G1 F1200
G1 X105.321 Y66.042 E2.16386
G1 X107.054 Y66.042 E2.24721
G1 X108.295 Y68.723 E2.3893
G1 X108.811 Y69.449 E2.43214
G1 X105.381 Y69.449 E2.59711
G1 X104.936 Y69.835 F7800
G1 F1200
G1 X104.936 Y65.656 E2.79811
G1 X107.3 Y65.656 E2.91181
G1 X108.63 Y68.529 E3.06408
G1 X109.559 Y69.835 E3.14116
G1 X104.996 Y69.835 E3.36062
G1 X104.55 Y70.221 F7800
;TYPE:External perimeter
G1 F1200
G1 X104.55 Y65.365 E3.59418
;TYPE:Overhang perimeter
;WIDTH:0.4
;HEIGHT:0.4
M106 S255
G1 X104.55 Y65.271 E3.59909
G1 X107.547 Y65.271 E3.75567
G1 X107.591 Y65.365 E3.76109
M106 S211.65
;TYPE:External perimeter
;WIDTH:0.45
;HEIGHT:0.3
G1 X108.965 Y68.334 E3.91844
G1 X110.306 Y70.221 E4.02978
G1 X104.61 Y70.221 E4.30374
G1 X104.551 Y69.825 F7800
G1 X105.61 Y69.16
;TYPE:Solid infill
G1 F1200
G1 X105.61 Y66.331 E4.43981
G1 X106.869 Y66.331 E4.50036
G1 X107.993 Y68.76 E4.62909
G1 X108.26 Y69.16 E4.65222
G1 X105.803 Y69.16 E4.77039
G1 X105.996 Y68.775 E4.7911
G1 X105.996 Y66.717 E4.89008
G1 X106.623 Y66.717 E4.92024
G1 X107.575 Y68.775 E5.0293
G1 X106.189 Y68.775 E5.09596
G1 X106.4 Y67.391 F7800
;WIDTH:0.487322
G1 F1200
G1 X106.4 Y68.37 E5.1476
G1 X106.943 Y68.37 E5.17624
G1 X106.4 Y67.199 E5.24433
;LAYER_CHANGE
;Z:6.65
;HEIGHT:0.3
G1 E3.24433 F2400
G92 E0
G1 Z6.65 F7800
;AFTER_LAYER_CHANGE
;6.65
G1 X125.334 Y146.616
G1 E2 F2400
;TYPE:Perimeter
;WIDTH:0.45
G1 F1500
G1 X125.258 Y146.739 E2.00695
G1 X125.198 Y147.167 E2.02774
;WIDTH:0.46492
G1 X125.281 Y147.462 E2.04305
G1 X124.719 Y147.462 E2.07113
G1 X124.802 Y147.231 E2.08339
G1 X124.742 Y146.739 E2.10815
;WIDTH:0.45
G1 X124.552 Y146.431 E2.12556
;WIDTH:0.490237
G1 X124.374 Y146.333 E2.13635
;WIDTH:0.530475
G1 X124.197 Y146.235 E2.14811
;WIDTH:0.570712
G1 X124.019 Y146.137 E2.16094
;WIDTH:0.61095
G1 X123.842 Y146.039 E2.17473
G1 X105.402 Y146.039 E3.4318
G1 X105.402 Y145.492 E3.46909
G1 X123.842 Y145.492 E4.72616
G1 X124.131 Y145.472 E4.74591
;WIDTH:0.570712
G1 X124.421 Y145.452 E4.76427
;WIDTH:0.530475
G1 X124.71 Y145.432 E4.78111
;WIDTH:0.490237
G1 X125 Y145.412 E4.79655
G1 X125.29 Y145.432 E4.81199
;WIDTH:0.530475
G1 X125.579 Y145.452 E4.82883
;WIDTH:0.570712
G1 X125.869 Y145.472 E4.84719
;WIDTH:0.61095
G1 X126.158 Y145.492 E4.86694
G1 X144.598 Y145.492 E6.12401
G1 X144.598 Y146.039 E6.1613
G1 X125.992 Y146.039 E7.42969
G1 X125.856 Y146.137 E7.44112
;WIDTH:0.570712
G1 X125.72 Y146.235 E7.45171
;WIDTH:0.530475
G1 X125.584 Y146.333 E7.46146
;WIDTH:0.490237
G1 X125.448 Y146.431 E7.47036
;WIDTH:0.45
G1 X125.365 Y146.565 E7.47794
G1 X125.664 Y146.802 F7800
G1 F1500
G1 X125.618 Y146.877 E7.48217
G1 X125.582 Y147.134 E7.49465
G1 X125.662 Y147.381 E7.50714
G1 X125.947 Y147.855 E7.53374
G1 X124.053 Y147.855 E7.62483
G1 X124.338 Y147.381 E7.65143
G1 X124.414 Y147.171 E7.66217
G1 X124.382 Y146.877 E7.67639
G1 X124.268 Y146.692 E7.68684
G1 X123.842 Y146.505 E7.70922
G1 X104.936 Y146.505 E8.61853
G1 X104.936 Y145.026 E8.68966
G1 X145.064 Y145.026 E10.61968
G1 X145.064 Y146.505 E10.69081
G1 X126.074 Y146.505 E11.60416
G1 X125.732 Y146.692 E11.62291
G1 X125.696 Y146.751 E11.62623
G1 X126.007 Y146.99 F7800
;TYPE:External perimeter
G1 F1500
G1 X125.978 Y147.014 E11.62804
G1 X125.993 Y147.182 E11.63615
G1 X126.628 Y148.24 E11.6955
G1 X123.372 Y148.24 E11.8521
G1 X124.038 Y147.131 E11.91432
G1 X123.984 Y146.953 E11.92327
G1 X123.842 Y146.89 E11.93074
G1 X104.55 Y146.89 E12.85862
G1 X104.55 Y144.64 E12.96684
G1 X145.45 Y144.64 E14.93399
G1 X145.45 Y146.89 E15.04221
G1 X126.128 Y146.89 E15.97153
G1 X126.054 Y146.952 E15.97617
G1 X126.092 Y147.35 F7800
G1 X124.996 Y145.765
;TYPE:Solid infill
;WIDTH:0.574567
G1 F1200
G1 X125.57 Y145.871 E16.01331
G1 X125.215 Y146.17 E16.04284
G1 X125 Y146.494 E16.06758
G1 X124.759 Y146.154 E16.0941
G1 X124.295 Y145.863 E16.12895
G1 X124.805 Y145.792 E16.16172
G1 E14.16172 F2400
G92 E0
G1 X141.676 Y68.93 F7800
G1 E2 F2400
;TYPE:Perimeter
;WIDTH:0.45
G1 F1200
G1 X143.256 Y65.522 E2.18067
G1 X144.679 Y65.522 E2.24911
G1 X144.679 Y68.93 E2.41302
G1 X141.736 Y68.93 E2.55457
G1 X140.934 Y69.315 F7800
G1 F1200
G1 X141.393 Y68.652 E2.59335
G1 X143.008 Y65.137 E2.7794
G1 X145.064 Y65.137 E2.87829
G1 X145.064 Y69.315 E3.07924
G1 X140.994 Y69.315 E3.27499
G1 X140.187 Y69.701 F7800
;TYPE:External perimeter
G1 F1200
G1 X141.035 Y68.507 E3.34543
G1 X142.718 Y64.846 E3.53923
;TYPE:Overhang perimeter
;WIDTH:0.4
;HEIGHT:0.4
M106 S255
G1 X142.761 Y64.751 E3.54468
G1 X145.45 Y64.751 E3.68517
G1 X145.45 Y64.846 E3.69013
M106 S211.65
;TYPE:External perimeter
;WIDTH:0.45
;HEIGHT:0.3
G1 X145.45 Y69.701 E3.92364
G1 X140.247 Y69.701 E4.17389
G1 X140.433 Y69.347 F7800
G1 E2.17389 F2400
G92 E0
G1 X144.197 Y65.811 F7800
G1 E2 F2400
;TYPE:Solid infill
G1 F1200
G1 X143.441 Y65.811 E2.03636
G1 X142.141 Y68.641 E2.18615
G1 X144.39 Y68.641 E2.29432
G1 X144.39 Y65.811 E2.43043
G1 X144.004 Y66.197 E2.45669
G1 X144.004 Y68.255 E2.55567
G1 X142.743 Y68.255 E2.61632
G1 X143.688 Y66.197 E2.72524
G1 X143.811 Y66.197 E2.73116
G1 X143.661 Y67.077 F7800
;WIDTH:0.364307
G1 F1200
G1 X143.661 Y67.912 E2.7624
G1 X143.277 Y67.912 E2.77676
G1 X143.581 Y67.252 E2.80394
G1 E.80394 F2400
G92 E0
G1 X105.321 Y68.93 F7800
G1 E2 F2400
;TYPE:Perimeter
;WIDTH:0.45
G1 F1200
G1 X105.321 Y65.522 E2.16391
G1 X106.733 Y65.522 E2.23182
G1 X108.311 Y68.93 E2.41245
G1 X105.381 Y68.93 E2.55337
G1 X104.936 Y69.315 F7800
G1 F1200
G1 X104.936 Y65.137 E2.75432
G1 X106.98 Y65.137 E2.85263
G1 X108.63 Y68.702 E3.04157
G1 X109.066 Y69.315 E3.07775
G1 X104.996 Y69.315 E3.2735
G1 X104.55 Y69.701 F7800
;TYPE:External perimeter
G1 F1200
G1 X104.55 Y64.846 E3.50701
;TYPE:Overhang perimeter
;WIDTH:0.4
;HEIGHT:0.4
M106 S255
G1 X104.55 Y64.751 E3.51197
G1 X107.226 Y64.751 E3.65178
G1 X107.27 Y64.846 E3.65725
M106 S211.65
;TYPE:External perimeter
;WIDTH:0.45
;HEIGHT:0.3
G1 X108.965 Y68.507 E3.85129
G1 X109.813 Y69.701 E3.92173
G1 X104.61 Y69.701 E4.17198
G1 X104.551 Y69.305 F7800
G1 E2.17198 F2400
G92 E0
G1 X105.61 Y65.811 F7800
G1 E2 F2400
;TYPE:Solid infill
G1 F1200
G1 X106.548 Y65.811 E2.04511
G1 X107.858 Y68.641 E2.1951
G1 X105.61 Y68.641 E2.30322
G1 X105.61 Y66.004 E2.43005
G1 X105.996 Y66.197 E2.45081
G1 X106.302 Y66.197 E2.46553
G1 X107.255 Y68.255 E2.57461
G1 X105.996 Y68.255 E2.63516
G1 X105.996 Y66.39 E2.72486
G1 X106.338 Y67.088 F7800
;WIDTH:0.362283
G1 F1200
G1 X106.72 Y67.913 E2.75864
G1 X106.338 Y67.913 E2.77283
G1 X106.338 Y67.281 E2.79631
M106 S214.2
;LAYER_CHANGE
;Z:6.95
;HEIGHT:0.3
G1 E.79631 F2400
G92 E0
G1 Z6.95 F7800
;AFTER_LAYER_CHANGE
;6.95
G1 X125.334 Y146.616
G1 E2 F2400
;TYPE:Perimeter
;WIDTH:0.45
G1 F1500
G1 X125.258 Y146.739 E2.00695
G1 X125.198 Y147.167 E2.02774
;WIDTH:0.46492
G1 X125.281 Y147.462 E2.04305
G1 X124.719 Y147.462 E2.07113
G1 X124.802 Y147.231 E2.08339
G1 X124.742 Y146.739 E2.10815
;WIDTH:0.45
G1 X124.552 Y146.431 E2.12556
;WIDTH:0.490237
G1 X124.374 Y146.333 E2.13635
;WIDTH:0.530475
G1 X124.197 Y146.235 E2.14811
;WIDTH:0.570712
G1 X124.019 Y146.137 E2.16094
;WIDTH:0.61095
G1 X123.842 Y146.039 E2.17473
G1 X105.402 Y146.039 E3.4318
G1 X105.402 Y145.492 E3.46909
G1 X123.842 Y145.492 E4.72616
G1 X124.131 Y145.472 E4.74591
;WIDTH:0.570712
G1 X124.421 Y145.452 E4.76427
;WIDTH:0.530475
G1 X124.71 Y145.432 E4.78111
;WIDTH:0.490237
G1 X125 Y145.412 E4.79655
G1 X125.29 Y145.432 E4.81199
;WIDTH:0.530475
G1 X125.579 Y145.452 E4.82883
;WIDTH:0.570712
G1 X125.869 Y145.472 E4.84719
;WIDTH:0.61095
G1 X126.158 Y145.492 E4.86694
G1 X144.598 Y145.492 E6.12401
G1 X144.598 Y146.039 E6.1613
G1 X125.992 Y146.039 E7.42969
G1 X125.856 Y146.137 E7.44112
;WIDTH:0.570712
G1 X125.72 Y146.235 E7.45171
;WIDTH:0.530475
G1 X125.584 Y146.333 E7.46146
;WIDTH:0.490237
G1 X125.448 Y146.431 E7.47036
;WIDTH:0.45
G1 X125.365 Y146.565 E7.47794
G1 X125.664 Y146.802 F7800
G1 F1500
G1 X125.618 Y146.877 E7.48217
G1 X125.582 Y147.134 E7.49465
G1 X125.662 Y147.381 E7.50714
G1 X125.947 Y147.855 E7.53374
G1 X124.053 Y147.855 E7.62483
G1 X124.338 Y147.381 E7.65143
G1 X124.414 Y147.171 E7.66217
G1 X124.382 Y146.877 E7.67639
G1 X124.268 Y146.692 E7.68684
G1 X123.842 Y146.505 E7.70922
G1 X104.936 Y146.505 E8.61853
G1 X104.936 Y145.026 E8.68966
G1 X145.064 Y145.026 E10.61968
G1 X145.064 Y146.505 E10.69081
G1 X126.074 Y146.505 E11.60416
G1 X125.732 Y146.692 E11.62291
G1 X125.696 Y146.751 E11.62623
G1 X126.007 Y146.99 F7800
;TYPE:External perimeter
G1 F1500
G1 X125.978 Y147.014 E11.62804
G1 X125.993 Y147.182 E11.63615
G1 X126.628 Y148.24 E11.6955
G1 X123.372 Y148.24 E11.8521
G1 X124.038 Y147.131 E11.91432
G1 X123.984 Y146.953 E11.92327
G1 X123.842 Y146.89 E11.93074
G1 X104.55 Y146.89 E12.85862
G1 X104.55 Y144.64 E12.96684
G1 X145.45 Y144.64 E14.93399
G1 X145.45 Y146.89 E15.04221
G1 X126.128 Y146.89 E15.97153
G1 X126.054 Y146.952 E15.97617
G1 X126.092 Y147.35 F7800
G1 E13.97617 F2400
G92 E0
G1 X124.295 Y145.863 F7800
G1 E2 F2400
;TYPE:Solid infill
;WIDTH:0.574567
G1 F1200
G1 X124.996 Y145.765 E2.04504
G1 X125.57 Y145.871 E2.08218
G1 X125.215 Y146.17 E2.11171
G1 X125 Y146.494 E2.13645
G1 X124.759 Y146.154 E2.16297
G1 X124.458 Y145.965 E2.18559
G1 E.18559 F2400
G92 E0
G1 X142.046 Y68.41 F7800
G1 E2 F2400
;TYPE:Perimeter
;WIDTH:0.45
G1 F1200
G1 X142.01 Y68.41 E2.00173
G1 X143.587 Y65.003 E2.1823
G1 X144.679 Y65.003 E2.23482
G1 X144.679 Y68.41 E2.39868
G1 X142.106 Y68.41 E2.52243
G1 X141.411 Y68.796 F7800
G1 F1200
G1 X141.407 Y68.796 E2.52262
G1 X143.155 Y65.018 E2.72284
G1 X143.27 Y64.617 E2.7429
G1 X145.064 Y64.617 E2.82919
G1 X145.064 Y68.796 E3.03019
G1 X141.471 Y68.796 E3.203
G1 X140.679 Y69.181 F7800
;TYPE:External perimeter
G1 F1200
G1 X141.042 Y68.665 E3.23334
G1 X142.812 Y64.841 E3.43601
G1 X142.948 Y64.326 E3.46163
;TYPE:Overhang perimeter
;WIDTH:0.4
;HEIGHT:0.4
M106 S255
G1 X142.973 Y64.231 E3.46676
G1 X145.45 Y64.231 E3.59617
G1 X145.45 Y64.326 E3.60113
M106 S214.2
;TYPE:External perimeter
;WIDTH:0.45
;HEIGHT:0.3
G1 X145.45 Y69.181 E3.83464
G1 X140.739 Y69.181 E4.06122
G1 X140.924 Y68.826 F7800
G1 X142.462 Y68.121
;TYPE:Solid infill
G1 F1200
G1 X143.766 Y65.292 E4.21104
G1 X144.39 Y65.292 E4.24105
G1 X144.39 Y68.121 E4.37712
G1 X142.655 Y68.121 E4.46057
G1 X143.065 Y67.735 E4.48765
G1 X144.004 Y65.696 E4.59562
G1 X144.004 Y67.735 E4.69369
G1 X143.257 Y67.735 E4.72962
G1 E2.72962 F2400
G92 E0
G1 X105.321 Y68.41 F7800
G1 E2 F2400
;TYPE:Perimeter
G1 F1200
G1 X105.321 Y65.003 E2.16386
G1 X106.414 Y65.003 E2.21643
G1 X107.99 Y68.41 E2.39698
G1 X105.381 Y68.41 E2.52246
G1 X104.936 Y68.796 F7800
G1 F1200
G1 X104.936 Y64.617 E2.72346
G1 X106.73 Y64.617 E2.80975
G1 X106.845 Y65.018 E2.82981
G1 X108.593 Y68.796 E3.03003
G1 X104.996 Y68.796 E3.20303
G1 X104.55 Y69.181 F7800
;TYPE:External perimeter
G1 F1200
G1 X104.55 Y64.326 E3.43654
;TYPE:Overhang perimeter
;WIDTH:0.4
;HEIGHT:0.4
M106 S255
G1 X104.55 Y64.231 E3.4415
G1 X107.027 Y64.231 E3.57091
G1 X107.053 Y64.326 E3.57606
M106 S214.2
;TYPE:External perimeter
;WIDTH:0.45
;HEIGHT:0.3
G1 X107.195 Y64.856 E3.60245
G1 X108.965 Y68.681 E3.80516
G1 X109.321 Y69.181 E3.83468
G1 X104.61 Y69.181 E4.06126
G1 X104.551 Y68.786 F7800
G1 X105.61 Y68.121
;TYPE:Solid infill
G1 F1200
G1 X105.61 Y65.292 E4.19733
G1 X106.228 Y65.292 E4.22705
G1 X107.537 Y68.121 E4.37697
G1 X105.803 Y68.121 E4.46037
G1 E2.46037 F2400
G92 E0
G1 X105.996 Y65.902 F7800
G1 E2 F2400
G1 F1200
G1 X105.996 Y67.735 E2.08816
G1 X106.934 Y67.735 E2.13327
G1 X105.996 Y65.709 E2.24065
;LAYER_CHANGE
;Z:7.25
;HEIGHT:0.3
G1 E.24065 F2400
G92 E0
G1 Z7.25 F7800
;AFTER_LAYER_CHANGE
;7.25
G1 X125.334 Y146.616
G1 E2 F2400
;TYPE:Perimeter
G1 F1500
G1 X125.258 Y146.739 E2.00695
G1 X125.198 Y147.167 E2.02774
;WIDTH:0.46492
G1 X125.281 Y147.462 E2.04305
G1 X124.719 Y147.462 E2.07113
G1 X124.802 Y147.231 E2.08339
G1 X124.742 Y146.739 E2.10815
;WIDTH:0.45
G1 X124.552 Y146.431 E2.12556
;WIDTH:0.490237
G1 X124.374 Y146.333 E2.13635
;WIDTH:0.530475
G1 X124.197 Y146.235 E2.14811
;WIDTH:0.570712
G1 X124.019 Y146.137 E2.16094
;WIDTH:0.61095
G1 X123.842 Y146.039 E2.17473
G1 X105.402 Y146.039 E3.4318
G1 X105.402 Y145.492 E3.46909
G1 X123.842 Y145.492 E4.72616
G1 X124.131 Y145.472 E4.74591
;WIDTH:0.570712
G1 X124.421 Y145.452 E4.76427
;WIDTH:0.530475
G1 X124.71 Y145.432 E4.78111
;WIDTH:0.490237
G1 X125 Y145.412 E4.79655
G1 X125.29 Y145.432 E4.81199
;WIDTH:0.530475
G1 X125.579 Y145.452 E4.82883
;WIDTH:0.570712
G1 X125.869 Y145.472 E4.84719
;WIDTH:0.61095
G1 X126.158 Y145.492 E4.86694
G1 X144.598 Y145.492 E6.12401
G1 X144.598 Y146.039 E6.1613
G1 X125.992 Y146.039 E7.42969
G1 X125.856 Y146.137 E7.44112
;WIDTH:0.570712
G1 X125.72 Y146.235 E7.45171
;WIDTH:0.530475
G1 X125.584 Y146.333 E7.46146
;WIDTH:0.490237
G1 X125.448 Y146.431 E7.47036
;WIDTH:0.45
G1 X125.365 Y146.565 E7.47794
G1 X125.664 Y146.802 F7800
G1 F1500
G1 X125.618 Y146.877 E7.48217
G1 X125.582 Y147.134 E7.49465
G1 X125.662 Y147.381 E7.50714
G1 X125.947 Y147.855 E7.53374
G1 X124.053 Y147.855 E7.62483
G1 X124.338 Y147.381 E7.65143
G1 X124.414 Y147.171 E7.66217
G1 X124.382 Y146.877 E7.67639
G1 X124.268 Y146.692 E7.68684
G1 X123.842 Y146.505 E7.70922
G1 X104.936 Y146.505 E8.61853
G1 X104.936 Y145.026 E8.68966
G1 X145.064 Y145.026 E10.61968
G1 X145.064 Y146.505 E10.69081
G1 X126.074 Y146.505 E11.60416
G1 X125.732 Y146.692 E11.62291
G1 X125.696 Y146.751 E11.62623
G1 X126.007 Y146.99 F7800
;TYPE:External perimeter
G1 F1500
G1 X125.978 Y147.014 E11.62804
G1 X125.993 Y147.182 E11.63615
G1 X126.628 Y148.24 E11.6955
G1 X123.372 Y148.24 E11.8521
G1 X124.038 Y147.131 E11.91432
G1 X123.984 Y146.953 E11.92327
G1 X123.842 Y146.89 E11.93074
G1 X104.55 Y146.89 E12.85862
G1 X104.55 Y144.64 E12.96684
G1 X145.45 Y144.64 E14.93399
G1 X145.45 Y146.89 E15.04221
G1 X126.128 Y146.89 E15.97153
G1 X126.054 Y146.952 E15.97617
G1 X126.092 Y147.35 F7800
G1 X124.996 Y145.765
;TYPE:Solid infill
;WIDTH:0.574567
G1 F1200
G1 X125.57 Y145.871 E16.01331
G1 X125.215 Y146.17 E16.04284
G1 X125 Y146.494 E16.06758
G1 X124.759 Y146.154 E16.0941
G1 X124.295 Y145.863 E16.12895
G1 X124.805 Y145.792 E16.16172
G1 E14.16172 F2400
G92 E0
G1 X142.407 Y67.89 F7800
G1 E2 F2400
;TYPE:Perimeter
;WIDTH:0.45
G1 F1200
G1 X142.331 Y67.89 E2.00366
G1 X143.541 Y65.276 E2.1422
G1 X143.749 Y64.483 E2.18163
G1 X144.679 Y64.483 E2.22636
G1 X144.679 Y67.89 E2.39022
G1 X142.467 Y67.89 E2.49661
G1 X141.771 Y68.276 F7800
G1 F1200
G1 X141.727 Y68.276 E2.49873
G1 X143.177 Y65.145 E2.66469
G1 X143.452 Y64.097 E2.7168
G1 X145.064 Y64.097 E2.79433
G1 X145.064 Y68.276 E2.99533
G1 X141.831 Y68.276 E3.15083
G1 X141.134 Y68.662 F7800
;TYPE:External perimeter
G1 F1200
G1 X141.124 Y68.662 E3.15131
G1 X142.812 Y65.014 E3.34464
G1 X143.13 Y63.806 E3.40472
;TYPE:Overhang perimeter
;WIDTH:0.4
;HEIGHT:0.4
M106 S255
G1 X143.155 Y63.712 E3.4098
G1 X145.45 Y63.712 E3.5297
G1 X145.45 Y63.806 E3.53461
M106 S214.2
;TYPE:External perimeter
;WIDTH:0.45
;HEIGHT:0.3
G1 X145.45 Y68.662 E3.76817
G1 X141.194 Y68.662 E3.97287
G1 X141.296 Y68.275 F7800
G1 E1.97287 F2400
G92 E0
G1 X144.197 Y64.772 F7800
G1 E2 F2400
;TYPE:Solid infill
G1 F1200
G1 X143.969 Y64.772 E2.01097
G1 X143.772 Y65.465 E2.04562
G1 X142.783 Y67.601 E2.15883
G1 X144.39 Y67.601 E2.23612
G1 X144.39 Y64.772 E2.37219
G1 X143.98 Y65.991 F7800
;WIDTH:0.497825
G1 F1200
G1 X143.98 Y67.192 E2.43712
G1 X143.424 Y67.192 E2.46718
G1 X143.899 Y66.166 E2.5283
G1 E.5283 F2400
G92 E0
G1 X105.321 Y67.89 F7800
G1 E2 F2400
;TYPE:Perimeter
;WIDTH:0.45
G1 F1200
G1 X105.321 Y64.483 E2.16386
G1 X106.251 Y64.483 E2.20859
G1 X106.495 Y65.353 E2.25205
G1 X107.669 Y67.89 E2.3865
G1 X105.381 Y67.89 E2.49654
G1 X104.936 Y68.276 F7800
G1 F1200
G1 X104.936 Y64.097 E2.69754
G1 X106.548 Y64.097 E2.77507
G1 X106.845 Y65.191 E2.82959
G1 X108.273 Y68.276 E2.99309
G1 X104.996 Y68.276 E3.1507
G1 X104.55 Y68.662 F7800
;TYPE:External perimeter
G1 F1200
G1 X104.55 Y63.806 E3.38426
;TYPE:Overhang perimeter
;WIDTH:0.4
;HEIGHT:0.4
M106 S255
G1 X104.55 Y63.712 E3.38917
G1 X106.845 Y63.712 E3.50907
G1 X106.871 Y63.806 E3.51417
M106 S214.2
;TYPE:External perimeter
;WIDTH:0.45
;HEIGHT:0.3
G1 X107.195 Y65.029 E3.57502
G1 X108.876 Y68.662 E3.76755
G1 X104.61 Y68.662 E3.97273
G1 X104.551 Y68.266 F7800
G1 E1.97273 F2400
G92 E0
G1 X105.61 Y64.772 F7800
G1 E2 F2400
;TYPE:Solid infill
G1 F1200
G1 X106.031 Y64.772 E2.02025
G1 X106.235 Y65.481 E2.05573
G1 X107.217 Y67.601 E2.1681
G1 X105.61 Y67.601 E2.24539
G1 X105.61 Y64.965 E2.37217
G1 X106.02 Y65.991 F7800
;WIDTH:0.497823
G1 F1200
G1 X106.576 Y67.192 E2.44372
G1 X106.02 Y67.192 E2.47378
G1 X106.02 Y66.184 E2.52827
M106 S216.75
;LAYER_CHANGE
;Z:7.55
;HEIGHT:0.3
G1 E.52827 F2400
G92 E0
G1 Z7.55 F7800
;AFTER_LAYER_CHANGE
;7.55
G1 X125.334 Y146.616
G1 E2 F2400
;TYPE:Perimeter
;WIDTH:0.45
G1 F1500
G1 X125.258 Y146.739 E2.00695
G1 X125.198 Y147.167 E2.02774
;WIDTH:0.46492
G1 X125.281 Y147.462 E2.04305
G1 X124.719 Y147.462 E2.07113
G1 X124.802 Y147.231 E2.08339
G1 X124.742 Y146.739 E2.10815
;WIDTH:0.45
G1 X124.552 Y146.431 E2.12556
;WIDTH:0.490237
G1 X124.374 Y146.333 E2.13635
;WIDTH:0.530475
G1 X124.197 Y146.235 E2.14811
;WIDTH:0.570712
G1 X124.019 Y146.137 E2.16094
;WIDTH:0.61095
G1 X123.842 Y146.039 E2.17473
G1 X105.402 Y146.039 E3.4318
G1 X105.402 Y145.492 E3.46909
G1 X123.842 Y145.492 E4.72616
G1 X124.131 Y145.472 E4.74591
;WIDTH:0.570712
G1 X124.421 Y145.452 E4.76427
;WIDTH:0.530475
G1 X124.71 Y145.432 E4.78111
;WIDTH:0.490237
G1 X125 Y145.412 E4.79655
G1 X125.29 Y145.432 E4.81199
;WIDTH:0.530475
G1 X125.579 Y145.452 E4.82883
;WIDTH:0.570712
G1 X125.869 Y145.472 E4.84719
;WIDTH:0.61095
G1 X126.158 Y145.492 E4.86694
G1 X144.598 Y145.492 E6.12401
G1 X144.598 Y146.039 E6.1613
G1 X125.992 Y146.039 E7.42969
G1 X125.856 Y146.137 E7.44112
;WIDTH:0.570712
G1 X125.72 Y146.235 E7.45171
;WIDTH:0.530475
G1 X125.584 Y146.333 E7.46146
;WIDTH:0.490237
G1 X125.448 Y146.431 E7.47036
;WIDTH:0.45
G1 X125.365 Y146.565 E7.47794
G1 X125.664 Y146.802 F7800
G1 F1500
G1 X125.618 Y146.877 E7.48217
G1 X125.582 Y147.134 E7.49465
G1 X125.662 Y147.381 E7.50714
G1 X125.947 Y147.855 E7.53374
G1 X124.053 Y147.855 E7.62483
G1 X124.338 Y147.381 E7.65143
G1 X124.414 Y147.171 E7.66217
G1 X124.382 Y146.877 E7.67639
G1 X124.268 Y146.692 E7.68684
G1 X123.842 Y146.505 E7.70922
G1 X104.936 Y146.505 E8.61853
G1 X104.936 Y145.026 E8.68966
G1 X145.064 Y145.026 E10.61968
G1 X145.064 Y146.505 E10.69081
G1 X126.074 Y146.505 E11.60416
G1 X125.732 Y146.692 E11.62291
G1 X125.696 Y146.751 E11.62623
G1 X126.007 Y146.99 F7800
;TYPE:External perimeter
G1 F1500
G1 X125.978 Y147.014 E11.62804
G1 X125.993 Y147.182 E11.63615
G1 X126.628 Y148.24 E11.6955
G1 X123.372 Y148.24 E11.8521
G1 X124.038 Y147.131 E11.91432
G1 X123.984 Y146.953 E11.92327
G1 X123.842 Y146.89 E11.93074
G1 X104.55 Y146.89 E12.85862
G1 X104.55 Y144.64 E12.96684
G1 X145.45 Y144.64 E14.93399
G1 X145.45 Y146.89 E15.04221
G1 X126.128 Y146.89 E15.97153
G1 X126.054 Y146.952 E15.97617
G1 X126.092 Y147.35 F7800
G1 E13.97617 F2400
G92 E0
G1 X124.295 Y145.863 F7800
G1 E2 F2400
;TYPE:Solid infill
;WIDTH:0.574567
G1 F1200
G1 X124.996 Y145.765 E2.04504
G1 X125.57 Y145.871 E2.08218
G1 X125.215 Y146.17 E2.11171
G1 X125 Y146.494 E2.13645
G1 X124.759 Y146.154 E2.16297
G1 X124.458 Y145.965 E2.18559
G1 E.18559 F2400
G92 E0
G1 X142.651 Y67.371 F7800
G1 E2 F2400
;TYPE:Perimeter
;WIDTH:0.45
G1 F1200
G1 X143.563 Y65.367 E2.1059
G1 X143.931 Y63.963 E2.17571
G1 X144.679 Y63.963 E2.21169
G1 X144.679 Y67.371 E2.3756
G1 X142.711 Y67.371 E2.47025
G1 X142.048 Y67.756 F7800
G1 F1200
G1 X143.19 Y65.269 E2.60187
G1 X143.634 Y63.578 E2.68596
G1 X145.064 Y63.578 E2.75474
G1 X145.064 Y67.756 E2.95569
G1 X142.108 Y67.756 E3.09786
G1 X141.445 Y68.142 F7800
;TYPE:External perimeter
G1 F1200
G1 X142.817 Y65.171 E3.25526
G1 X143.312 Y63.287 E3.34895
;TYPE:Overhang perimeter
;WIDTH:0.4
;HEIGHT:0.4
M106 S255
G1 X143.337 Y63.192 E3.35408
G1 X145.45 Y63.192 E3.46447
G1 X145.45 Y63.287 E3.46943
M106 S216.75
;TYPE:External perimeter
;WIDTH:0.45
;HEIGHT:0.3
G1 X145.45 Y68.142 E3.70294
G1 X141.505 Y68.142 E3.89268
G1 X141.618 Y67.759 F7800
G1 X143.104 Y67.082
;TYPE:Solid infill
G1 F1200
G1 X143.844 Y65.436 E3.97948
G1 X144.154 Y64.253 E4.0383
G1 X144.39 Y64.253 E4.04965
G1 X144.39 Y67.082 E4.18572
G1 X143.297 Y67.082 E4.23829
G1 X143.647 Y66.735 E4.26199
;WIDTH:0.372785
G1 X144.043 Y65.88 E4.29823
G1 X144.043 Y66.735 E4.33112
G1 X143.84 Y66.735 E4.33893
G1 E2.33893 F2400
G92 E0
G1 X105.321 Y67.371 F7800
G1 E2 F2400
;TYPE:Perimeter
;WIDTH:0.45
G1 F1200
G1 X105.321 Y63.963 E2.16391
G1 X106.069 Y63.963 E2.19989
G1 X106.459 Y65.449 E2.27378
G1 X107.349 Y67.371 E2.37565
G1 X105.381 Y67.371 E2.4703
G1 X104.936 Y67.756 F7800
G1 F1200
G1 X104.936 Y63.578 E2.67125
G1 X106.366 Y63.578 E2.74003
G1 X106.823 Y65.318 E2.82656
G1 X107.952 Y67.756 E2.95578
G1 X104.996 Y67.756 E3.09795
G1 X104.55 Y68.142 F7800
;TYPE:External perimeter
G1 F1200
G1 X104.55 Y63.287 E3.33146
;TYPE:Overhang perimeter
;WIDTH:0.4
;HEIGHT:0.4
M106 S255
G1 X104.55 Y63.192 E3.33642
G1 X106.663 Y63.192 E3.44681
G1 X106.688 Y63.287 E3.45194
M106 S216.75
;TYPE:External perimeter
;WIDTH:0.45
;HEIGHT:0.3
G1 X107.188 Y65.187 E3.54643
G1 X108.555 Y68.142 E3.70303
G1 X104.61 Y68.142 E3.89277
G1 X104.551 Y67.747 F7800
G1 X105.61 Y67.082
;TYPE:Solid infill
G1 F1200
G1 X105.61 Y64.253 E4.02884
G1 X105.846 Y64.253 E4.04019
G1 X106.186 Y65.547 E4.10454
G1 X106.896 Y67.082 E4.18588
G1 X105.803 Y67.082 E4.23845
G1 X105.957 Y66.073 F7800
;WIDTH:0.372782
G1 F1200
G1 X105.957 Y66.735 E4.26391
G1 X106.353 Y66.735 E4.27914
G1 X105.957 Y65.88 E4.31538
;LAYER_CHANGE
;Z:7.85
;HEIGHT:0.3
G1 E2.31538 F2400
G92 E0
G1 Z7.85 F7800
;AFTER_LAYER_CHANGE
;7.85
G1 X125.334 Y146.616
G1 E2 F2400
;TYPE:Perimeter
;WIDTH:0.45
G1 F1500
G1 X125.258 Y146.739 E2.00695
G1 X125.198 Y147.167 E2.02774
;WIDTH:0.46492
G1 X125.281 Y147.462 E2.04305
G1 X124.719 Y147.462 E2.07113
G1 X124.802 Y147.231 E2.08339
G1 X124.742 Y146.739 E2.10815
;WIDTH:0.45
G1 X124.552 Y146.431 E2.12556
;WIDTH:0.490237
G1 X124.374 Y146.333 E2.13635
;WIDTH:0.530475
G1 X124.197 Y146.235 E2.14811
;WIDTH:0.570712
G1 X124.019 Y146.137 E2.16094
;WIDTH:0.61095
G1 X123.842 Y146.039 E2.17473
G1 X105.402 Y146.039 E3.4318
G1 X105.402 Y145.492 E3.46909
G1 X123.842 Y145.492 E4.72616
G1 X124.131 Y145.472 E4.74591
;WIDTH:0.570712
G1 X124.421 Y145.452 E4.76427
;WIDTH:0.530475
G1 X124.71 Y145.432 E4.78111
;WIDTH:0.490237
G1 X125 Y145.412 E4.79655
G1 X125.29 Y145.432 E4.81199
;WIDTH:0.530475
G1 X125.579 Y145.452 E4.82883
;WIDTH:0.570712
G1 X125.869 Y145.472 E4.84719
;WIDTH:0.61095
G1 X126.158 Y145.492 E4.86694
G1 X144.598 Y145.492 E6.12401
G1 X144.598 Y146.039 E6.1613
G1 X125.992 Y146.039 E7.42969
G1 X125.856 Y146.137 E7.44112
;WIDTH:0.570712
G1 X125.72 Y146.235 E7.45171
;WIDTH:0.530475
G1 X125.584 Y146.333 E7.46146
;WIDTH:0.490237
G1 X125.448 Y146.431 E7.47036
;WIDTH:0.45
G1 X125.365 Y146.565 E7.47794
G1 X125.664 Y146.802 F7800
G1 F1500
G1 X125.618 Y146.877 E7.48217
G1 X125.582 Y147.134 E7.49465
G1 X125.662 Y147.381 E7.50714
G1 X125.947 Y147.855 E7.53374
G1 X124.053 Y147.855 E7.62483
G1 X124.338 Y147.381 E7.65143
G1 X124.414 Y147.171 E7.66217
G1 X124.382 Y146.877 E7.67639
G1 X124.268 Y146.692 E7.68684
G1 X123.842 Y146.505 E7.70922
G1 X104.936 Y146.505 E8.61853
G1 X104.936 Y145.026 E8.68966
G1 X145.064 Y145.026 E10.61968
G1 X145.064 Y146.505 E10.69081
G1 X126.074 Y146.505 E11.60416
G1 X125.732 Y146.692 E11.62291
G1 X125.696 Y146.751 E11.62623
G1 X126.007 Y146.99 F7800
;TYPE:External perimeter
G1 F1500
G1 X125.978 Y147.014 E11.62804
G1 X125.993 Y147.182 E11.63615
G1 X126.628 Y148.24 E11.6955
G1 X123.372 Y148.24 E11.8521
G1 X124.038 Y147.131 E11.91432
G1 X123.984 Y146.953 E11.92327
G1 X123.842 Y146.89 E11.93074
G1 X104.55 Y146.89 E12.85862
G1 X104.55 Y144.64 E12.96684
G1 X145.45 Y144.64 E14.93399
G1 X145.45 Y146.89 E15.04221
G1 X126.128 Y146.89 E15.97153
G1 X126.054 Y146.952 E15.97617
G1 X126.092 Y147.35 F7800
G1 X124.996 Y145.765
;TYPE:Solid infill
;WIDTH:0.574567
G1 F1200
G1 X125.57 Y145.871 E16.01331
G1 X125.215 Y146.17 E16.04284
G1 X125 Y146.494 E16.06758
G1 X124.759 Y146.154 E16.0941
G1 X124.295 Y145.863 E16.12895
G1 X124.805 Y145.792 E16.16172
G1 E14.16172 F2400
G92 E0
G1 X142.972 Y66.851 F7800
G1 E2 F2400
;TYPE:Perimeter
;WIDTH:0.45
G1 F1200
G1 X143.541 Y65.622 E2.06514
G1 X144.113 Y63.444 E2.17345
G1 X144.679 Y63.444 E2.20067
G1 X144.679 Y66.851 E2.36453
G1 X143.032 Y66.851 E2.44374
G1 X142.369 Y67.237 F7800
G1 F1200
G1 X143.177 Y65.491 E2.53627
G1 X143.816 Y63.058 E2.65726
G1 X145.064 Y63.058 E2.71728
G1 X145.064 Y67.237 E2.91828
G1 X142.429 Y67.237 E3.04501
G1 X141.765 Y67.623 F7800
;TYPE:External perimeter
G1 F1200
G1 X142.812 Y65.36 E3.16494
G1 X143.494 Y62.767 E3.2939
;TYPE:Overhang perimeter
;WIDTH:0.4
;HEIGHT:0.4
M106 S255
G1 X143.519 Y62.673 E3.29898
G1 X145.45 Y62.673 E3.39986
G1 X145.45 Y62.767 E3.40477
M106 S216.75
;TYPE:External perimeter
;WIDTH:0.45
;HEIGHT:0.3
G1 X145.45 Y67.623 E3.63833
G1 X141.825 Y67.623 E3.81268
G1 X141.939 Y67.239 F7800
G1 E1.81268 F2400
G92 E0
G1 X144.39 Y63.733 F7800
G1 E2 F2400
;TYPE:Solid infill
G1 F1200
G1 X144.39 Y66.562 E2.13607
G1 X143.425 Y66.562 E2.18248
G1 X143.844 Y65.609 E2.23255
G1 X144.298 Y63.881 E2.31848
G1 E.31848 F2400
G92 E0
G1 X105.321 Y66.851 F7800
G1 E2 F2400
;TYPE:Perimeter
G1 F1200
G1 X105.321 Y63.444 E2.16386
G1 X105.887 Y63.444 E2.19108
G1 X106.437 Y65.54 E2.2953
G1 X106.59 Y65.906 E2.31438
G1 X107.028 Y66.851 E2.36448
G1 X105.381 Y66.851 E2.44369
G1 X104.936 Y67.237 F7800
G1 F1200
G1 X104.936 Y63.058 E2.64469
G1 X106.184 Y63.058 E2.70471
G1 X106.81 Y65.442 E2.82326
G1 X106.94 Y65.744 E2.83907
G1 X107.631 Y67.237 E2.9182
G1 X104.996 Y67.237 E3.04493
G1 X104.55 Y67.623 F7800
;TYPE:External perimeter
G1 F1200
G1 X104.55 Y62.767 E3.27849
;TYPE:Overhang perimeter
;WIDTH:0.4
;HEIGHT:0.4
M106 S255
G1 X104.55 Y62.673 E3.2834
G1 X106.481 Y62.673 E3.38428
G1 X106.506 Y62.767 E3.38936
M106 S216.75
;TYPE:External perimeter
;WIDTH:0.45
;HEIGHT:0.3
G1 X107.183 Y65.344 E3.51751
G1 X107.29 Y65.582 E3.53006
G1 X108.235 Y67.623 E3.63824
G1 X104.61 Y67.623 E3.81259
G1 X104.551 Y67.227 F7800
G1 E1.81259 F2400
G92 E0
G1 X105.61 Y63.733 F7800
G1 E2 F2400
;TYPE:Solid infill
G1 F1200
G1 X105.669 Y63.755 E2.00303
G1 X106.186 Y65.721 E2.1008
G1 X106.575 Y66.562 E2.14537
G1 X105.61 Y66.562 E2.19178
G1 X105.61 Y63.926 E2.31856
M106 S219.3
;LAYER_CHANGE
;Z:8.15
;HEIGHT:0.3
G1 E.31856 F2400
G92 E0
G1 Z8.15 F7800
;AFTER_LAYER_CHANGE
;8.15
G1 X125.334 Y146.616
G1 E2 F2400
;TYPE:Perimeter
G1 F1500
G1 X125.258 Y146.739 E2.00695
G1 X125.198 Y147.167 E2.02774
;WIDTH:0.46492
G1 X125.281 Y147.462 E2.04305
G1 X124.719 Y147.462 E2.07113
G1 X124.802 Y147.231 E2.08339
G1 X124.742 Y146.739 E2.10815
;WIDTH:0.45
G1 X124.552 Y146.431 E2.12556
;WIDTH:0.490237
G1 X124.374 Y146.333 E2.13635
;WIDTH:0.530475
G1 X124.197 Y146.235 E2.14811
;WIDTH:0.570712
G1 X124.019 Y146.137 E2.16094
;WIDTH:0.61095
G1 X123.842 Y146.039 E2.17473
G1 X105.402 Y146.039 E3.4318
G1 X105.402 Y145.492 E3.46909
G1 X123.842 Y145.492 E4.72616
G1 X124.131 Y145.472 E4.74591
;WIDTH:0.570712
G1 X124.421 Y145.452 E4.76427
;WIDTH:0.530475
G1 X124.71 Y145.432 E4.78111
;WIDTH:0.490237
G1 X125 Y145.412 E4.79655
G1 X125.29 Y145.432 E4.81199
;WIDTH:0.530475
G1 X125.579 Y145.452 E4.82883
;WIDTH:0.570712
G1 X125.869 Y145.472 E4.84719
;WIDTH:0.61095
G1 X126.158 Y145.492 E4.86694
G1 X144.598 Y145.492 E6.12401
G1 X144.598 Y146.039 E6.1613
G1 X125.992 Y146.039 E7.42969
G1 X125.856 Y146.137 E7.44112
;WIDTH:0.570712
G1 X125.72 Y146.235 E7.45171
;WIDTH:0.530475
G1 X125.584 Y146.333 E7.46146
;WIDTH:0.490237
G1 X125.448 Y146.431 E7.47036
;WIDTH:0.45
G1 X125.365 Y146.565 E7.47794
G1 X125.664 Y146.802 F7800
G1 F1500
G1 X125.618 Y146.877 E7.48217
G1 X125.582 Y147.134 E7.49465
G1 X125.662 Y147.381 E7.50714
G1 X125.947 Y147.855 E7.53374
G1 X124.053 Y147.855 E7.62483
G1 X124.338 Y147.381 E7.65143
G1 X124.414 Y147.171 E7.66217
G1 X124.382 Y146.877 E7.67639
G1 X124.268 Y146.692 E7.68684
G1 X123.842 Y146.505 E7.70922
G1 X104.936 Y146.505 E8.61853
G1 X104.936 Y145.026 E8.68966
G1 X145.064 Y145.026 E10.61968
G1 X145.064 Y146.505 E10.69081
G1 X126.074 Y146.505 E11.60416
G1 X125.732 Y146.692 E11.62291
G1 X125.696 Y146.751 E11.62623
G1 X126.007 Y146.99 F7800
;TYPE:External perimeter
G1 F1500
G1 X125.978 Y147.014 E11.62804
G1 X125.993 Y147.182 E11.63615
G1 X126.628 Y148.24 E11.6955
G1 X123.372 Y148.24 E11.8521
G1 X124.038 Y147.131 E11.91432
G1 X123.984 Y146.953 E11.92327
G1 X123.842 Y146.89 E11.93074
G1 X104.55 Y146.89 E12.85862
G1 X104.55 Y144.64 E12.96684
G1 X145.45 Y144.64 E14.93399
G1 X145.45 Y146.89 E15.04221
G1 X126.128 Y146.89 E15.97153
G1 X126.054 Y146.952 E15.97617
G1 X126.092 Y147.35 F7800
G1 E13.97617 F2400
G92 E0
G1 X124.295 Y145.863 F7800
G1 E2 F2400
;TYPE:Solid infill
;WIDTH:0.574567
G1 F1200
G1 X124.996 Y145.765 E2.04504
G1 X125.57 Y145.871 E2.08218
G1 X125.215 Y146.17 E2.11171
G1 X125 Y146.494 E2.13645
G1 X124.759 Y146.154 E2.16297
G1 X124.458 Y145.965 E2.18559
G1 E.18559 F2400
G92 E0
G1 X143.293 Y66.332 F7800
G1 E2 F2400
;TYPE:Perimeter
;WIDTH:0.45
G1 F1200
G1 X143.563 Y65.713 E2.03248
G1 X144.295 Y62.924 E2.17116
G1 X144.679 Y62.924 E2.18963
G1 X144.679 Y66.332 E2.35354
G1 X143.353 Y66.332 E2.41732
G1 X142.689 Y66.717 F7800
G1 F1200
G1 X143.177 Y65.665 E2.4731
G1 X143.998 Y62.539 E2.62855
G1 X145.064 Y62.539 E2.67982
G1 X145.064 Y66.717 E2.88077
G1 X142.749 Y66.717 E2.99211
G1 X142.086 Y67.103 F7800
;TYPE:External perimeter
G1 F1200
G1 X142.812 Y65.534 E3.07526
G1 X143.676 Y62.248 E3.23868
;TYPE:Overhang perimeter
;WIDTH:0.4
;HEIGHT:0.4
M106 S255
G1 X143.701 Y62.153 E3.24381
G1 X145.45 Y62.153 E3.33519
G1 X145.45 Y62.248 E3.34015
M106 S219.3
;TYPE:External perimeter
;WIDTH:0.45
;HEIGHT:0.3
G1 X145.45 Y67.103 E3.57366
G1 X142.146 Y67.103 E3.73257
G1 X142.26 Y66.72 F7800
G1 X143.88 Y65.79
;TYPE:Solid infill
;WIDTH:0.524696
G1 F1200
G1 X144.352 Y63.993 E3.83924
G1 X144.352 Y66.005 E3.95475
G1 X143.794 Y66.005 E3.98679
G1 X143.809 Y65.969 E3.98903
G1 E1.98903 F2400
G92 E0
G1 X105.321 Y66.332 F7800
G1 E2 F2400
;TYPE:Perimeter
;WIDTH:0.45
G1 F1200
G1 X105.321 Y62.924 E2.16391
G1 X105.705 Y62.924 E2.18238
G1 X106.459 Y65.796 E2.32519
G1 X106.707 Y66.332 E2.3536
G1 X105.381 Y66.332 E2.41738
G1 X104.936 Y66.717 F7800
G1 F1200
G1 X104.936 Y62.539 E2.61833
G1 X106.002 Y62.539 E2.6696
G1 X106.823 Y65.665 E2.82505
G1 X107.311 Y66.717 E2.88083
G1 X104.996 Y66.717 E2.99217
G1 X104.55 Y67.103 F7800
;TYPE:External perimeter
G1 F1200
G1 X104.55 Y62.248 E3.22568
;TYPE:Overhang perimeter
;WIDTH:0.4
;HEIGHT:0.4
M106 S255
G1 X104.55 Y62.153 E3.23064
G1 X106.299 Y62.153 E3.32202
G1 X106.324 Y62.248 E3.32715
M106 S219.3
;TYPE:External perimeter
;WIDTH:0.45
;HEIGHT:0.3
G1 X107.188 Y65.534 E3.49057
G1 X107.914 Y67.103 E3.57372
G1 X104.61 Y67.103 E3.73263
G1 X104.551 Y66.707 F7800
G1 E1.73263 F2400
G92 E0
G1 X105.648 Y63.993 F7800
G1 E2 F2400
;TYPE:Solid infill
;WIDTH:0.524694
G1 F1200
G1 X106.101 Y65.716 E2.10228
G1 X106.206 Y66.005 E2.11993
G1 X105.648 Y66.005 E2.15197
G1 X105.648 Y64.186 E2.2564
;LAYER_CHANGE
;Z:8.45
;HEIGHT:0.3
G1 E.2564 F2400
G92 E0
G1 Z8.45 F7800
;AFTER_LAYER_CHANGE
;8.45
G1 X125.334 Y146.616
G1 E2 F2400
;TYPE:Perimeter
;WIDTH:0.45
G1 F1500
G1 X125.258 Y146.739 E2.00695
G1 X125.198 Y147.167 E2.02774
;WIDTH:0.46492
G1 X125.281 Y147.462 E2.04305
G1 X124.719 Y147.462 E2.07113
G1 X124.802 Y147.231 E2.08339
G1 X124.742 Y146.739 E2.10815
;WIDTH:0.45
G1 X124.552 Y146.431 E2.12556
;WIDTH:0.490237
G1 X124.374 Y146.333 E2.13635
;WIDTH:0.530475
G1 X124.197 Y146.235 E2.14811
;WIDTH:0.570712
G1 X124.019 Y146.137 E2.16094
;WIDTH:0.61095
G1 X123.842 Y146.039 E2.17473
G1 X105.402 Y146.039 E3.4318
G1 X105.402 Y145.492 E3.46909
G1 X123.842 Y145.492 E4.72616
G1 X124.131 Y145.472 E4.74591
;WIDTH:0.570712
G1 X124.421 Y145.452 E4.76427
;WIDTH:0.530475
G1 X124.71 Y145.432 E4.78111
;WIDTH:0.490237
G1 X125 Y145.412 E4.79655
G1 X125.29 Y145.432 E4.81199
;WIDTH:0.530475
G1 X125.579 Y145.452 E4.82883
;WIDTH:0.570712
G1 X125.869 Y145.472 E4.84719
;WIDTH:0.61095
G1 X126.158 Y145.492 E4.86694
G1 X144.598 Y145.492 E6.12401
G1 X144.598 Y146.039 E6.1613
G1 X125.992 Y146.039 E7.42969
G1 X125.856 Y146.137 E7.44112
;WIDTH:0.570712
G1 X125.72 Y146.235 E7.45171
;WIDTH:0.530475
G1 X125.584 Y146.333 E7.46146
;WIDTH:0.490237
G1 X125.448 Y146.431 E7.47036
;WIDTH:0.45
G1 X125.365 Y146.565 E7.47794
G1 X125.664 Y146.802 F7800
G1 F1500
G1 X125.618 Y146.877 E7.48217
G1 X125.582 Y147.134 E7.49465
G1 X125.662 Y147.381 E7.50714
G1 X125.947 Y147.855 E7.53374
G1 X124.053 Y147.855 E7.62483
G1 X124.338 Y147.381 E7.65143
G1 X124.414 Y147.171 E7.66217
G1 X124.382 Y146.877 E7.67639
G1 X124.268 Y146.692 E7.68684
G1 X123.842 Y146.505 E7.70922
G1 X104.936 Y146.505 E8.61853
G1 X104.936 Y145.026 E8.68966
G1 X145.064 Y145.026 E10.61968
G1 X145.064 Y146.505 E10.69081
G1 X126.074 Y146.505 E11.60416
G1 X125.732 Y146.692 E11.62291
G1 X125.696 Y146.751 E11.62623
G1 X126.007 Y146.99 F7800
;TYPE:External perimeter
G1 F1500
G1 X125.978 Y147.014 E11.62804
G1 X125.993 Y147.182 E11.63615
G1 X126.628 Y148.24 E11.6955
G1 X123.372 Y148.24 E11.8521
G1 X124.038 Y147.131 E11.91432
G1 X123.984 Y146.953 E11.92327
G1 X123.842 Y146.89 E11.93074
G1 X104.55 Y146.89 E12.85862
G1 X104.55 Y144.64 E12.96684
G1 X145.45 Y144.64 E14.93399
G1 X145.45 Y146.89 E15.04221
G1 X126.128 Y146.89 E15.97153
G1 X126.054 Y146.952 E15.97617
G1 X126.092 Y147.35 F7800
G1 X124.996 Y145.765
;TYPE:Solid infill
;WIDTH:0.574567
G1 F1200
G1 X125.57 Y145.871 E16.01331
G1 X125.215 Y146.17 E16.04284
G1 X125 Y146.494 E16.06758
G1 X124.759 Y146.154 E16.0941
G1 X124.295 Y145.863 E16.12895
G1 X124.805 Y145.792 E16.16172
G1 E14.16172 F2400
G92 E0
G1 X143.591 Y65.812 F7800
G1 E2 F2400
;TYPE:Perimeter
;WIDTH:0.45
G1 F1200
G1 X143.582 Y65.812 E2.00043
G1 X144.433 Y62.573 E2.1615
G1 X144.679 Y62.573 E2.17333
G1 X144.679 Y65.812 E2.32911
G1 X143.651 Y65.812 E2.37855
G1 X143.01 Y66.198 F7800
G1 F1200
G1 X143.19 Y65.788 E2.40009
G1 X144.136 Y62.187 E2.57916
G1 X145.064 Y62.187 E2.62379
G1 X145.064 Y66.198 E2.81671
G1 X143.07 Y66.198 E2.91261
G1 X142.407 Y66.583 F7800
;TYPE:External perimeter
G1 F1200
G1 X142.817 Y65.69 E2.95987
G1 X143.838 Y61.802 E3.15321
G1 X145.45 Y61.802 E3.23074
G1 X145.45 Y66.583 E3.46069
G1 X142.467 Y66.583 E3.60416
G1 X142.58 Y66.2 F7800
G1 E1.60416 F2400
G92 E0
G1 X144.392 Y64.007 F7800
G1 E2 F2400
;TYPE:Solid infill
;WIDTH:0.445448
G1 F1200
G1 X144.392 Y65.525 E2.07215
G1 X143.954 Y65.525 E2.09297
G1 X144.312 Y64.164 E2.15986
G1 E.15986 F2400
G92 E0
G1 X105.321 Y65.812 F7800
G1 E2 F2400
;TYPE:Perimeter
;WIDTH:0.45
G1 F1200
G1 X105.321 Y62.573 E2.15578
G1 X105.567 Y62.573 E2.16761
G1 X106.418 Y65.812 E2.32868
G1 X105.381 Y65.812 E2.37856
G1 X104.936 Y66.198 F7800
G1 F1200
G1 X104.936 Y62.187 E2.57148
G1 X105.864 Y62.187 E2.61611
G1 X106.81 Y65.788 E2.79518
G1 X106.99 Y66.198 E2.81672
G1 X104.996 Y66.198 E2.91262
G1 X104.55 Y66.583 F7800
;TYPE:External perimeter
G1 F1200
G1 X104.55 Y61.802 E3.14257
G1 X106.162 Y61.802 E3.2201
G1 X107.195 Y65.722 E3.41507
G1 X107.593 Y66.583 E3.46069
G1 X104.61 Y66.583 E3.60416
G1 X104.551 Y66.188 F7800
G1 E1.60416 F2400
G92 E0
G1 X105.646 Y64.003 F7800
G1 E2 F2400
;TYPE:Solid infill
;WIDTH:0.445447
G1 F1200
G1 X106.046 Y65.525 E2.0748
G1 X105.608 Y65.525 E2.09562
G1 X105.608 Y64.175 E2.15978
M106 S221.85
;LAYER_CHANGE
;Z:8.75
;HEIGHT:0.3
G1 E.15978 F2400
G92 E0
G1 Z8.75 F7800
;AFTER_LAYER_CHANGE
;8.75
G1 X125.334 Y146.616
G1 E2 F2400
;TYPE:Perimeter
;WIDTH:0.45
G1 F1500
G1 X125.258 Y146.739 E2.00695
G1 X125.198 Y147.167 E2.02774
;WIDTH:0.46492
G1 X125.281 Y147.462 E2.04305
G1 X124.719 Y147.462 E2.07113
G1 X124.802 Y147.231 E2.08339
G1 X124.742 Y146.739 E2.10815
;WIDTH:0.45
G1 X124.552 Y146.431 E2.12556
;WIDTH:0.490237
G1 X124.374 Y146.333 E2.13635
;WIDTH:0.530475
G1 X124.197 Y146.235 E2.14811
;WIDTH:0.570712
G1 X124.019 Y146.137 E2.16094
;WIDTH:0.61095
G1 X123.842 Y146.039 E2.17473
G1 X105.402 Y146.039 E3.4318
G1 X105.402 Y145.492 E3.46909
G1 X123.842 Y145.492 E4.72616
G1 X124.131 Y145.472 E4.74591
;WIDTH:0.570712
G1 X124.421 Y145.452 E4.76427
;WIDTH:0.530475
G1 X124.71 Y145.432 E4.78111
;WIDTH:0.490237
G1 X125 Y145.412 E4.79655
G1 X125.29 Y145.432 E4.81199
;WIDTH:0.530475
G1 X125.579 Y145.452 E4.82883
;WIDTH:0.570712
G1 X125.869 Y145.472 E4.84719
;WIDTH:0.61095
G1 X126.158 Y145.492 E4.86694
G1 X144.598 Y145.492 E6.12401
G1 X144.598 Y146.039 E6.1613
G1 X125.992 Y146.039 E7.42969
G1 X125.856 Y146.137 E7.44112
;WIDTH:0.570712
G1 X125.72 Y146.235 E7.45171
;WIDTH:0.530475
G1 X125.584 Y146.333 E7.46146
;WIDTH:0.490237
G1 X125.448 Y146.431 E7.47036
;WIDTH:0.45
G1 X125.365 Y146.565 E7.47794
G1 X125.664 Y146.802 F7800
G1 F1500
G1 X125.618 Y146.877 E7.48217
G1 X125.582 Y147.134 E7.49465
G1 X125.662 Y147.381 E7.50714
G1 X125.947 Y147.855 E7.53374
G1 X124.053 Y147.855 E7.62483
G1 X124.338 Y147.381 E7.65143
G1 X124.414 Y147.171 E7.66217
G1 X124.382 Y146.877 E7.67639
G1 X124.268 Y146.692 E7.68684
G1 X123.842 Y146.505 E7.70922
G1 X104.936 Y146.505 E8.61853
G1 X104.936 Y145.026 E8.68966
G1 X145.064 Y145.026 E10.61968
G1 X145.064 Y146.505 E10.69081
G1 X126.074 Y146.505 E11.60416
G1 X125.732 Y146.692 E11.62291
G1 X125.696 Y146.751 E11.62623
G1 X126.007 Y146.99 F7800
;TYPE:External perimeter
G1 F1500
G1 X125.978 Y147.014 E11.62804
G1 X125.993 Y147.182 E11.63615
G1 X126.628 Y148.24 E11.6955
G1 X123.372 Y148.24 E11.8521
G1 X124.038 Y147.131 E11.91432
G1 X123.984 Y146.953 E11.92327
G1 X123.842 Y146.89 E11.93074
G1 X104.55 Y146.89 E12.85862
G1 X104.55 Y144.64 E12.96684
G1 X145.45 Y144.64 E14.93399
G1 X145.45 Y146.89 E15.04221
G1 X126.128 Y146.89 E15.97153
G1 X126.054 Y146.952 E15.97617
G1 X126.092 Y147.35 F7800
G1 E13.97617 F2400
G92 E0
G1 X124.295 Y145.863 F7800
G1 E2 F2400
;TYPE:Solid infill
;WIDTH:0.574567
G1 F1200
G1 X124.996 Y145.765 E2.04504
G1 X125.57 Y145.871 E2.08218
G1 X125.215 Y146.17 E2.11171
G1 X125 Y146.494 E2.13645
G1 X124.759 Y146.154 E2.16297
G1 X124.458 Y145.965 E2.18559
G1 E.18559 F2400
G92 E0
G1 X143.816 Y65.292 F7800
G1 E2 F2400
;TYPE:Perimeter
;WIDTH:0.45
G1 F1200
G1 X143.764 Y65.292 E2.0025
G1 X144.433 Y62.746 E2.12911
G1 X144.679 Y62.746 E2.14094
G1 X144.679 Y65.292 E2.26339
G1 X143.876 Y65.292 E2.30201
G1 X143.284 Y65.678 F7800
G1 F1200
G1 X143.264 Y65.678 E2.30297
G1 X144.136 Y62.361 E2.46793
G1 X145.064 Y62.361 E2.51256
G1 X145.064 Y65.678 E2.6721
G1 X143.344 Y65.678 E2.75483
G1 X142.727 Y66.064 F7800
;TYPE:External perimeter
G1 F1200
G1 X142.817 Y65.863 E2.76542
G1 X143.838 Y61.975 E2.95876
G1 X145.45 Y61.975 E3.03629
G1 X145.45 Y66.064 E3.23296
G1 X142.787 Y66.064 E3.36104
G1 X142.866 Y65.671 F7800
G1 X144.085 Y65.045
;TYPE:Solid infill
;WIDTH:0.366196
G1 F1200
G1 X144.325 Y64.132 E3.39658
G1 X144.431 Y64.146 E3.4006
G1 X144.431 Y65.045 E3.43444
G1 X144.278 Y65.045 E3.4402
G1 E1.4402 F2400
G92 E0
G1 X105.321 Y65.292 F7800
G1 E2 F2400
;TYPE:Perimeter
;WIDTH:0.45
G1 F1200
G1 X105.321 Y62.746 E2.12245
G1 X105.567 Y62.746 E2.13428
G1 X106.236 Y65.292 E2.26089
G1 X105.381 Y65.292 E2.30201
G1 X104.936 Y65.678 F7800
G1 F1200
G1 X104.936 Y62.361 E2.46155
G1 X105.864 Y62.361 E2.50618
G1 X106.736 Y65.678 E2.67114
G1 X104.996 Y65.678 E2.75483
G1 X104.55 Y66.064 F7800
;TYPE:External perimeter
G1 F1200
G1 X104.55 Y61.975 E2.9515
G1 X106.162 Y61.975 E3.02903
G1 X107.183 Y65.863 E3.22237
G1 X107.273 Y66.064 E3.23296
G1 X104.61 Y66.064 E3.36104
G1 X104.551 Y65.668 F7800
G1 X105.569 Y65.045
;TYPE:Solid infill
;WIDTH:0.366195
G1 F1200
G1 X105.569 Y64.146 E3.39488
G1 X105.675 Y64.132 E3.3989
G1 X105.915 Y65.045 E3.43444
G1 X105.761 Y65.045 E3.44024
M106 S224.4
;LAYER_CHANGE
;Z:9.05
;HEIGHT:0.3
G1 E1.44024 F2400
G92 E0
G1 Z9.05 F7800
;AFTER_LAYER_CHANGE
;9.05
G1 X125.334 Y146.616
G1 E2 F2400
;TYPE:Perimeter
;WIDTH:0.45
G1 F1500
G1 X125.258 Y146.739 E2.00695
G1 X125.198 Y147.167 E2.02774
;WIDTH:0.46492
G1 X125.281 Y147.462 E2.04305
G1 X124.719 Y147.462 E2.07113
G1 X124.802 Y147.231 E2.08339
G1 X124.742 Y146.739 E2.10815
;WIDTH:0.45
G1 X124.552 Y146.431 E2.12556
;WIDTH:0.490237
G1 X124.374 Y146.333 E2.13635
;WIDTH:0.530475
G1 X124.197 Y146.235 E2.14811
;WIDTH:0.570712
G1 X124.019 Y146.137 E2.16094
;WIDTH:0.61095
G1 X123.842 Y146.039 E2.17473
G1 X105.402 Y146.039 E3.4318
G1 X105.402 Y145.492 E3.46909
G1 X123.842 Y145.492 E4.72616
G1 X124.131 Y145.472 E4.74591
;WIDTH:0.570712
G1 X124.421 Y145.452 E4.76427
;WIDTH:0.530475
G1 X124.71 Y145.432 E4.78111
;WIDTH:0.490237
G1 X125 Y145.412 E4.79655
G1 X125.29 Y145.432 E4.81199
;WIDTH:0.530475
G1 X125.579 Y145.452 E4.82883
;WIDTH:0.570712
G1 X125.869 Y145.472 E4.84719
;WIDTH:0.61095
G1 X126.158 Y145.492 E4.86694
G1 X144.598 Y145.492 E6.12401
G1 X144.598 Y146.039 E6.1613
G1 X125.992 Y146.039 E7.42969
G1 X125.856 Y146.137 E7.44112
;WIDTH:0.570712
G1 X125.72 Y146.235 E7.45171
;WIDTH:0.530475
G1 X125.584 Y146.333 E7.46146
;WIDTH:0.490237
G1 X125.448 Y146.431 E7.47036
;WIDTH:0.45
G1 X125.365 Y146.565 E7.47794
G1 X125.664 Y146.802 F7800
G1 F1500
G1 X125.618 Y146.877 E7.48217
G1 X125.582 Y147.134 E7.49465
G1 X125.662 Y147.381 E7.50714
G1 X125.947 Y147.855 E7.53374
G1 X124.053 Y147.855 E7.62483
G1 X124.338 Y147.381 E7.65143
G1 X124.414 Y147.171 E7.66217
G1 X124.382 Y146.877 E7.67639
G1 X124.268 Y146.692 E7.68684
G1 X123.842 Y146.505 E7.70922
G1 X104.936 Y146.505 E8.61853
G1 X104.936 Y145.026 E8.68966
G1 X145.064 Y145.026 E10.61968
G1 X145.064 Y146.505 E10.69081
G1 X126.074 Y146.505 E11.60416
G1 X125.732 Y146.692 E11.62291
G1 X125.696 Y146.751 E11.62623
G1 X126.007 Y146.99 F7800
;TYPE:External perimeter
G1 F1500
G1 X125.978 Y147.014 E11.62804
G1 X125.993 Y147.182 E11.63615
G1 X126.628 Y148.24 E11.6955
G1 X123.372 Y148.24 E11.8521
G1 X124.038 Y147.131 E11.91432
G1 X123.984 Y146.953 E11.92327
G1 X123.842 Y146.89 E11.93074
G1 X104.55 Y146.89 E12.85862
G1 X104.55 Y144.64 E12.96684
G1 X145.45 Y144.64 E14.93399
G1 X145.45 Y146.89 E15.04221
G1 X126.128 Y146.89 E15.97153
G1 X126.054 Y146.952 E15.97617
G1 X126.092 Y147.35 F7800
G1 X124.996 Y145.765
;TYPE:Solid infill
;WIDTH:0.574557
G1 F1200
G1 X125.57 Y145.871 E16.01331
G1 X125.215 Y146.17 E16.04284
G1 X125 Y146.494 E16.06758
G1 X124.759 Y146.154 E16.0941
G1 X124.295 Y145.863 E16.12895
G1 X124.805 Y145.792 E16.16172
G1 E14.16172 F2400
G92 E0
G1 X144.028 Y64.71 F7800
G1 E2 F2400
;TYPE:Perimeter
;WIDTH:0.576152
G1 F1200
G1 X144.482 Y62.983 E2.11398
G1 X144.616 Y62.983 E2.12253
G1 X144.616 Y64.71 E2.23277
G1 X144.088 Y64.71 E2.26647
G1 X143.446 Y65.158 F7800
;WIDTH:0.45
G1 F1200
G1 X144.136 Y62.534 E2.39697
G1 X145.064 Y62.534 E2.4416
G1 X145.064 Y65.158 E2.56781
G1 X143.506 Y65.158 E2.64274
G1 X142.946 Y65.544 F7800
;TYPE:External perimeter
G1 F1200
G1 X143.838 Y62.148 E2.81162
G1 X145.45 Y62.148 E2.88915
G1 X145.45 Y65.544 E3.05249
G1 X143.006 Y65.544 E3.17004
G1 X143.049 Y65.146 F7800
G1 E1.17004 F2400
G92 E0
G1 X105.384 Y64.71 F7800
G1 E2 F2400
;TYPE:Perimeter
;WIDTH:0.57615
G1 F1200
G1 X105.384 Y62.983 E2.11024
G1 X105.518 Y62.983 E2.11879
G1 X105.972 Y64.71 E2.23277
G1 X105.444 Y64.71 E2.26647
G1 X104.936 Y65.158 F7800
;WIDTH:0.45
G1 F1200
G1 X104.936 Y62.534 E2.39268
G1 X105.864 Y62.534 E2.43731
G1 X106.554 Y65.158 E2.56781
G1 X104.996 Y65.158 E2.64274
G1 X104.55 Y65.544 F7800
;TYPE:External perimeter
G1 F1200
G1 X104.55 Y62.148 E2.80608
G1 X106.162 Y62.148 E2.88361
G1 X107.054 Y65.544 E3.05249
G1 X104.61 Y65.544 E3.17004
G1 X104.551 Y65.148 F7800
;LAYER_CHANGE
;Z:9.35
;HEIGHT:0.3
G1 E1.17004 F2400
G92 E0
G1 Z9.35 F7800
;AFTER_LAYER_CHANGE
;9.35
G1 X125.334 Y146.616
G1 E2 F2400
;TYPE:Perimeter
G1 F1500
G1 X125.258 Y146.739 E2.00695
G1 X125.198 Y147.167 E2.02774
;WIDTH:0.46492
G1 X125.281 Y147.462 E2.04305
G1 X124.719 Y147.462 E2.07113
G1 X124.802 Y147.231 E2.08339
G1 X124.742 Y146.739 E2.10815
;WIDTH:0.45
G1 X124.552 Y146.431 E2.12556
;WIDTH:0.490237
G1 X124.374 Y146.333 E2.13635
;WIDTH:0.530475
G1 X124.197 Y146.235 E2.14811
;WIDTH:0.570712
G1 X124.019 Y146.137 E2.16094
;WIDTH:0.61095
G1 X123.842 Y146.039 E2.17473
G1 X105.402 Y146.039 E3.4318
G1 X105.402 Y145.492 E3.46909
G1 X123.842 Y145.492 E4.72616
G1 X124.131 Y145.472 E4.74591
;WIDTH:0.570712
G1 X124.421 Y145.452 E4.76427
;WIDTH:0.530475
G1 X124.71 Y145.432 E4.78111
;WIDTH:0.490237
G1 X125 Y145.412 E4.79655
G1 X125.29 Y145.432 E4.81199
;WIDTH:0.530475
G1 X125.579 Y145.452 E4.82883
;WIDTH:0.570712
G1 X125.869 Y145.472 E4.84719
;WIDTH:0.61095
G1 X126.158 Y145.492 E4.86694
G1 X144.598 Y145.492 E6.12401
G1 X144.598 Y146.039 E6.1613
G1 X125.992 Y146.039 E7.42969
G1 X125.856 Y146.137 E7.44112
;WIDTH:0.570712
G1 X125.72 Y146.235 E7.45171
;WIDTH:0.530475
G1 X125.584 Y146.333 E7.46146
;WIDTH:0.490237
G1 X125.448 Y146.431 E7.47036
;WIDTH:0.45
G1 X125.365 Y146.565 E7.47794
G1 X125.664 Y146.802 F7800
G1 F1500
G1 X125.618 Y146.877 E7.48217
G1 X125.582 Y147.134 E7.49465
G1 X125.662 Y147.381 E7.50714
G1 X125.947 Y147.855 E7.53374
G1 X124.053 Y147.855 E7.62483
G1 X124.338 Y147.381 E7.65143
G1 X124.414 Y147.171 E7.66217
G1 X124.382 Y146.877 E7.67639
G1 X124.268 Y146.692 E7.68684
G1 X123.842 Y146.505 E7.70922
G1 X104.936 Y146.505 E8.61853
G1 X104.936 Y145.026 E8.68966
G1 X145.064 Y145.026 E10.61968
G1 X145.064 Y146.505 E10.69081
G1 X126.074 Y146.505 E11.60416
G1 X125.732 Y146.692 E11.62291
G1 X125.696 Y146.751 E11.62623
G1 X126.007 Y146.99 F7800
;TYPE:External perimeter
G1 F1500
G1 X125.978 Y147.014 E11.62804
G1 X125.993 Y147.182 E11.63615
G1 X126.628 Y148.24 E11.6955
G1 X123.372 Y148.24 E11.8521
G1 X124.038 Y147.131 E11.91432
G1 X123.984 Y146.953 E11.92327
G1 X123.842 Y146.89 E11.93074
G1 X104.55 Y146.89 E12.85862
G1 X104.55 Y144.64 E12.96684
G1 X145.45 Y144.64 E14.93399
G1 X145.45 Y146.89 E15.04221
G1 X126.128 Y146.89 E15.97153
G1 X126.054 Y146.952 E15.97617
G1 X126.092 Y147.35 F7800
G1 E13.97617 F2400
G92 E0
G1 X124.295 Y145.863 F7800
G1 E2 F2400
;TYPE:Solid infill
;WIDTH:0.574557
G1 F1200
G1 X125.036 Y145.772 E2.04751
G1 X125.57 Y145.871 E2.08207
G1 X125.215 Y146.17 E2.1116
G1 X125 Y146.494 E2.13634
G1 X124.759 Y146.154 E2.16286
G1 X124.458 Y145.965 E2.18548
G1 E.18548 F2400
G92 E0
G1 X144.159 Y64.23 F7800
G1 E2 F2400
;TYPE:Perimeter
;WIDTH:0.496902
G1 F1200
G1 X144.451 Y63.116 E2.06213
G1 X144.655 Y63.116 E2.07314
G1 X144.655 Y64.23 E2.13324
G1 X144.219 Y64.23 E2.15676
G1 X143.628 Y64.639 F7800
;WIDTH:0.45
G1 F1200
G1 X144.136 Y62.707 E2.25284
G1 X145.064 Y62.707 E2.29747
G1 X145.064 Y64.639 E2.39039
G1 X143.688 Y64.639 E2.45657
G1 X143.128 Y65.024 F7800
;TYPE:External perimeter
G1 F1200
G1 X143.838 Y62.321 E2.59099
G1 X145.45 Y62.321 E2.66852
G1 X145.45 Y65.024 E2.79852
G1 X143.188 Y65.024 E2.90731
G1 X143.231 Y64.627 F7800
G1 E.90731 F2400
G92 E0
G1 X105.345 Y64.23 F7800
G1 E2 F2400
;TYPE:Perimeter
;WIDTH:0.496901
G1 F1200
G1 X105.345 Y63.116 E2.0601
G1 X105.549 Y63.116 E2.07111
G1 X105.841 Y64.23 E2.13324
G1 X105.405 Y64.23 E2.15676
G1 X104.936 Y64.639 F7800
;WIDTH:0.45
G1 F1200
G1 X104.936 Y62.707 E2.24968
G1 X105.864 Y62.707 E2.29431
G1 X106.372 Y64.639 E2.39039
G1 X104.996 Y64.639 E2.45657
G1 X104.55 Y65.024 F7800
;TYPE:External perimeter
G1 F1200
G1 X104.55 Y62.321 E2.58657
G1 X106.162 Y62.321 E2.6641
G1 X106.872 Y65.024 E2.79852
G1 X104.61 Y65.024 E2.90731
G1 X104.551 Y64.629 F7800
M106 S226.95
;LAYER_CHANGE
;Z:9.65
;HEIGHT:0.299999
G1 E.90731 F2400
G92 E0
G1 Z9.65 F7800
;AFTER_LAYER_CHANGE
;9.65
G1 X125.334 Y146.616
G1 E2 F2400
;TYPE:Perimeter
G1 F1500
G1 X125.258 Y146.739 E2.00695
G1 X125.198 Y147.167 E2.02774
;WIDTH:0.46492
G1 X125.281 Y147.462 E2.04305
G1 X124.719 Y147.462 E2.07113
G1 X124.802 Y147.231 E2.08339
G1 X124.742 Y146.739 E2.10815
;WIDTH:0.45
G1 X124.552 Y146.431 E2.12556
;WIDTH:0.490237
G1 X124.374 Y146.333 E2.13635
;WIDTH:0.530475
G1 X124.197 Y146.235 E2.14811
;WIDTH:0.570712
G1 X124.019 Y146.137 E2.16094
;WIDTH:0.61095
G1 X123.842 Y146.039 E2.17473
G1 X105.402 Y146.039 E3.4318
G1 X105.402 Y145.492 E3.46909
G1 X123.842 Y145.492 E4.72616
G1 X124.131 Y145.472 E4.74591
;WIDTH:0.570712
G1 X124.421 Y145.452 E4.76427
;WIDTH:0.530475
G1 X124.71 Y145.432 E4.78111
;WIDTH:0.490237
G1 X125 Y145.412 E4.79655
G1 X125.29 Y145.432 E4.81199
;WIDTH:0.530475
G1 X125.579 Y145.452 E4.82883
;WIDTH:0.570712
G1 X125.869 Y145.472 E4.84719
;WIDTH:0.61095
G1 X126.158 Y145.492 E4.86694
G1 X144.598 Y145.492 E6.12401
G1 X144.598 Y146.039 E6.1613
G1 X125.992 Y146.039 E7.42969
G1 X125.856 Y146.137 E7.44112
;WIDTH:0.570712
G1 X125.72 Y146.235 E7.45171
;WIDTH:0.530475
G1 X125.584 Y146.333 E7.46146
;WIDTH:0.490237
G1 X125.448 Y146.431 E7.47036
;WIDTH:0.45
G1 X125.365 Y146.565 E7.47794
G1 X125.664 Y146.802 F7800
G1 F1500
G1 X125.618 Y146.877 E7.48217
G1 X125.582 Y147.134 E7.49465
G1 X125.662 Y147.381 E7.50714
G1 X125.947 Y147.855 E7.53374
G1 X124.053 Y147.855 E7.62483
G1 X124.338 Y147.381 E7.65143
G1 X124.414 Y147.171 E7.66217
G1 X124.382 Y146.877 E7.67639
G1 X124.268 Y146.692 E7.68684
G1 X123.842 Y146.505 E7.70922
G1 X104.936 Y146.505 E8.61853
G1 X104.936 Y145.026 E8.68966
G1 X145.064 Y145.026 E10.61968
G1 X145.064 Y146.505 E10.69081
G1 X126.074 Y146.505 E11.60416
G1 X125.732 Y146.692 E11.62291
G1 X125.696 Y146.751 E11.62623
G1 X126.007 Y146.99 F7800
;TYPE:External perimeter
G1 F1500
G1 X125.978 Y147.014 E11.62804
G1 X125.993 Y147.182 E11.63615
G1 X126.628 Y148.24 E11.6955
G1 X123.372 Y148.24 E11.8521
G1 X124.038 Y147.131 E11.91432
G1 X123.984 Y146.953 E11.92327
G1 X123.842 Y146.89 E11.93074
G1 X104.55 Y146.89 E12.85862
G1 X104.55 Y144.64 E12.96684
G1 X145.45 Y144.64 E14.93399
G1 X145.45 Y146.89 E15.04221
G1 X126.128 Y146.89 E15.97153
G1 X126.054 Y146.952 E15.97617
G1 X126.092 Y147.35 F7800
G1 X124.996 Y145.765
;TYPE:Solid infill
;WIDTH:0.574557
G1 F1200
G1 X125.57 Y145.871 E16.01331
G1 X125.215 Y146.17 E16.04284
G1 X125 Y146.494 E16.06758
G1 X124.759 Y146.154 E16.0941
G1 X124.295 Y145.863 E16.12895
G1 X124.805 Y145.792 E16.16172
G1 E14.16172 F2400
G92 E0
G1 X144.289 Y63.75 F7800
G1 E2 F2400
;TYPE:Perimeter
;WIDTH:0.417652
G1 F1200
G1 X144.421 Y63.25 E2.02279
G1 X144.695 Y63.25 E2.03486
G1 X144.695 Y63.75 E2.05689
G1 X144.349 Y63.75 E2.07214
G1 X143.81 Y64.119 F7800
;WIDTH:0.45
G1 F1200
G1 X144.136 Y62.88 E2.13376
G1 X145.064 Y62.88 E2.17839
G1 X145.064 Y64.119 E2.23798
G1 X143.87 Y64.119 E2.29541
G1 X143.31 Y64.505 F7800
;TYPE:External perimeter
G1 F1200
G1 X143.838 Y62.495 E2.39536
G1 X145.45 Y62.495 E2.47289
G1 X145.45 Y64.505 E2.56956
G1 X143.37 Y64.505 E2.6696
G1 X143.413 Y64.107 F7800
G1 E.6696 F2400
G92 E0
G1 X105.305 Y63.75 F7800
G1 E2 F2400
;TYPE:Perimeter
;WIDTH:0.41765
G1 F1200
G1 X105.305 Y63.25 E2.02203
G1 X105.579 Y63.25 E2.0341
G1 X105.711 Y63.75 E2.05689
G1 X105.365 Y63.75 E2.07214
G1 X104.936 Y64.119 F7800
;WIDTH:0.45
G1 F1200
G1 X104.936 Y62.88 E2.13173
G1 X105.864 Y62.88 E2.17636
G1 X106.19 Y64.119 E2.23798
G1 X104.996 Y64.119 E2.29541
G1 X104.55 Y64.505 F7800
;TYPE:External perimeter
G1 F1200
G1 X104.55 Y62.495 E2.39208
G1 X106.162 Y62.495 E2.46961
G1 X106.69 Y64.505 E2.56956
G1 X104.61 Y64.505 E2.6696
G1 X104.551 Y64.109 F7800
M106 S229.5
;LAYER_CHANGE
;Z:9.95
;HEIGHT:0.3
G1 E.6696 F2400
G92 E0
G1 Z9.95 F7800
;AFTER_LAYER_CHANGE
;9.95
G1 X125.334 Y146.616
G1 E2 F2400
;TYPE:Perimeter
G1 F1500
G1 X125.258 Y146.739 E2.00695
G1 X125.198 Y147.167 E2.02774
;WIDTH:0.46492
G1 X125.281 Y147.462 E2.04305
G1 X124.719 Y147.462 E2.07113
G1 X124.802 Y147.231 E2.08339
G1 X124.742 Y146.739 E2.10815
;WIDTH:0.45
G1 X124.552 Y146.431 E2.12556
;WIDTH:0.490237
G1 X124.374 Y146.333 E2.13635
;WIDTH:0.530475
G1 X124.197 Y146.235 E2.14811
;WIDTH:0.570712
G1 X124.019 Y146.137 E2.16094
;WIDTH:0.61095
G1 X123.842 Y146.039 E2.17473
G1 X105.402 Y146.039 E3.4318
G1 X105.402 Y145.492 E3.46909
G1 X123.842 Y145.492 E4.72616
G1 X124.131 Y145.472 E4.74591
;WIDTH:0.570712
G1 X124.421 Y145.452 E4.76427
;WIDTH:0.530475
G1 X124.71 Y145.432 E4.78111
;WIDTH:0.490237
G1 X125 Y145.412 E4.79655
G1 X125.29 Y145.432 E4.81199
;WIDTH:0.530475
G1 X125.579 Y145.452 E4.82883
;WIDTH:0.570712
G1 X125.869 Y145.472 E4.84719
;WIDTH:0.61095
G1 X126.158 Y145.492 E4.86694
G1 X144.598 Y145.492 E6.12401
G1 X144.598 Y146.039 E6.1613
G1 X125.992 Y146.039 E7.42969
G1 X125.856 Y146.137 E7.44112
;WIDTH:0.570712
G1 X125.72 Y146.235 E7.45171
;WIDTH:0.530475
G1 X125.584 Y146.333 E7.46146
;WIDTH:0.490237
G1 X125.448 Y146.431 E7.47036
;WIDTH:0.45
G1 X125.365 Y146.565 E7.47794
G1 X125.664 Y146.802 F7800
G1 F1500
G1 X125.618 Y146.877 E7.48217
G1 X125.582 Y147.134 E7.49465
G1 X125.662 Y147.381 E7.50714
G1 X125.947 Y147.855 E7.53374
G1 X124.053 Y147.855 E7.62483
G1 X124.338 Y147.381 E7.65143
G1 X124.414 Y147.171 E7.66217
G1 X124.382 Y146.877 E7.67639
G1 X124.268 Y146.692 E7.68684
G1 X123.842 Y146.505 E7.70922
G1 X104.936 Y146.505 E8.61853
G1 X104.936 Y145.026 E8.68966
G1 X145.064 Y145.026 E10.61968
G1 X145.064 Y146.505 E10.69081
G1 X126.074 Y146.505 E11.60416
G1 X125.732 Y146.692 E11.62291
G1 X125.696 Y146.751 E11.62623
G1 X126.007 Y146.99 F7800
;TYPE:External perimeter
G1 F1500
G1 X125.978 Y147.014 E11.62804
G1 X125.993 Y147.182 E11.63615
G1 X126.628 Y148.24 E11.6955
G1 X123.372 Y148.24 E11.8521
G1 X124.038 Y147.131 E11.91432
G1 X123.984 Y146.953 E11.92327
G1 X123.842 Y146.89 E11.93074
G1 X104.55 Y146.89 E12.85862
G1 X104.55 Y144.64 E12.96684
G1 X145.45 Y144.64 E14.93399
G1 X145.45 Y146.89 E15.04221
G1 X126.128 Y146.89 E15.97153
G1 X126.054 Y146.952 E15.97617
G1 X126.092 Y147.35 F7800
G1 E13.97617 F2400
G92 E0
G1 X124.295 Y145.863 F7800
G1 E2 F2400
;TYPE:Solid infill
;WIDTH:0.574557
G1 F1200
G1 X124.996 Y145.765 E2.04504
G1 X125.57 Y145.871 E2.08218
G1 X125.215 Y146.17 E2.11171
G1 X125 Y146.494 E2.13645
G1 X124.759 Y146.154 E2.16297
G1 X124.458 Y145.965 E2.18559
G1 E.18559 F2400
G92 E0
G1 X144.044 Y63.559 F7800
G1 E2 F2400
;TYPE:Perimeter
;WIDTH:0.530228
G1 F1200
G1 X144.167 Y63.094 E2.02795
G1 X145.024 Y63.094 E2.07774
G1 X145.024 Y63.559 E2.10476
G1 X144.104 Y63.559 E2.15821
G1 X143.492 Y63.985 F7800
;TYPE:External perimeter
;WIDTH:0.45
G1 F1200
G1 X143.838 Y62.668 E2.2237
G1 X145.45 Y62.668 E2.30123
G1 X145.45 Y63.985 E2.36457
G1 X143.552 Y63.985 E2.45586
G1 X143.595 Y63.587 F7800
G1 E.45586 F2400
G92 E0
G1 X104.976 Y63.559 F7800
G1 E2 F2400
;TYPE:Perimeter
;WIDTH:0.530229
G1 F1200
G1 X104.976 Y63.094 E2.02702
G1 X105.833 Y63.094 E2.07681
G1 X105.956 Y63.559 E2.10476
G1 X105.036 Y63.559 E2.15821
G1 X104.55 Y63.985 F7800
;TYPE:External perimeter
;WIDTH:0.45
G1 F1200
G1 X104.55 Y62.668 E2.22155
G1 X106.162 Y62.668 E2.29908
G1 X106.508 Y63.985 E2.36457
G1 X104.61 Y63.985 E2.45586
G1 X104.551 Y63.59 F7800
;LAYER_CHANGE
;Z:10.25
;HEIGHT:0.3
G1 E.45586 F2400
G92 E0
G1 Z10.25 F7800
;AFTER_LAYER_CHANGE
;10.25
G1 X125.334 Y146.616
G1 E2 F2400
;TYPE:Perimeter
G1 F1500
G1 X125.258 Y146.739 E2.00695
G1 X125.198 Y147.167 E2.02774
;WIDTH:0.46492
G1 X125.281 Y147.462 E2.04305
G1 X124.719 Y147.462 E2.07113
G1 X124.802 Y147.231 E2.08339
G1 X124.742 Y146.739 E2.10815
;WIDTH:0.45
G1 X124.552 Y146.431 E2.12556
;WIDTH:0.490237
G1 X124.374 Y146.333 E2.13635
;WIDTH:0.530475
G1 X124.197 Y146.235 E2.14811
;WIDTH:0.570712
G1 X124.019 Y146.137 E2.16094
;WIDTH:0.61095
G1 X123.842 Y146.039 E2.17473
G1 X105.402 Y146.039 E3.4318
G1 X105.402 Y145.492 E3.46909
G1 X123.842 Y145.492 E4.72616
G1 X124.131 Y145.472 E4.74591
;WIDTH:0.570712
G1 X124.421 Y145.452 E4.76427
;WIDTH:0.530475
G1 X124.71 Y145.432 E4.78111
;WIDTH:0.490237
G1 X125 Y145.412 E4.79655
G1 X125.29 Y145.432 E4.81199
;WIDTH:0.530475
G1 X125.579 Y145.452 E4.82883
;WIDTH:0.570712
G1 X125.869 Y145.472 E4.84719
;WIDTH:0.61095
G1 X126.158 Y145.492 E4.86694
G1 X144.598 Y145.492 E6.12401
G1 X144.598 Y146.039 E6.1613
G1 X125.992 Y146.039 E7.42969
G1 X125.856 Y146.137 E7.44112
;WIDTH:0.570712
G1 X125.72 Y146.235 E7.45171
;WIDTH:0.530475
G1 X125.584 Y146.333 E7.46146
;WIDTH:0.490237
G1 X125.448 Y146.431 E7.47036
;WIDTH:0.45
G1 X125.365 Y146.565 E7.47794
G1 X125.664 Y146.802 F7800
G1 F1500
G1 X125.618 Y146.877 E7.48217
G1 X125.582 Y147.134 E7.49465
G1 X125.662 Y147.381 E7.50714
G1 X125.947 Y147.855 E7.53374
G1 X124.053 Y147.855 E7.62483
G1 X124.338 Y147.381 E7.65143
G1 X124.414 Y147.171 E7.66217
G1 X124.382 Y146.877 E7.67639
G1 X124.268 Y146.692 E7.68684
G1 X123.842 Y146.505 E7.70922
G1 X104.936 Y146.505 E8.61853
G1 X104.936 Y145.026 E8.68966
G1 X145.064 Y145.026 E10.61968
G1 X145.064 Y146.505 E10.69081
G1 X126.074 Y146.505 E11.60416
G1 X125.732 Y146.692 E11.62291
G1 X125.696 Y146.751 E11.62623
G1 X126.007 Y146.99 F7800
;TYPE:External perimeter
G1 F1500
G1 X125.978 Y147.014 E11.62804
G1 X125.993 Y147.182 E11.63615
G1 X126.628 Y148.24 E11.6955
G1 X123.372 Y148.24 E11.8521
G1 X124.038 Y147.131 E11.91432
G1 X123.984 Y146.953 E11.92327
G1 X123.842 Y146.89 E11.93074
G1 X104.55 Y146.89 E12.85862
G1 X104.55 Y144.64 E12.96684
G1 X145.45 Y144.64 E14.93399
G1 X145.45 Y146.89 E15.04221
G1 X126.128 Y146.89 E15.97153
G1 X126.054 Y146.952 E15.97617
G1 X126.092 Y147.35 F7800
G1 X124.996 Y145.765
;TYPE:Solid infill
;WIDTH:0.574557
G1 F1200
G1 X125.57 Y145.871 E16.01331
G1 X125.215 Y146.17 E16.04284
G1 X125 Y146.494 E16.06758
G1 X124.759 Y146.154 E16.0941
G1 X124.295 Y145.863 E16.12895
G1 X124.805 Y145.792 E16.16172
G1 E14.16172 F2400
G92 E0
G1 X143.752 Y63.406 F7800
G1 E2 F2400
;TYPE:External perimeter
;WIDTH:0.569437
G1 F1200
G1 X143.884 Y62.901 E2.03288
G1 X145.39 Y62.901 E2.12775
G1 X145.39 Y63.406 E2.15956
G1 X143.812 Y63.406 E2.25896
G1 X143.854 Y63.008 F7800
G1 E.25896 F2400
G92 E0
G1 X104.61 Y63.406 F7800
G1 E2 F2400
G1 F1200
G1 X104.61 Y62.901 E2.03181
G1 X106.116 Y62.901 E2.12668
G1 X106.248 Y63.406 E2.15956
G1 X104.67 Y63.406 E2.25896
G1 X104.61 Y63.01 F7800
;LAYER_CHANGE
;Z:10.55
;HEIGHT:0.3
G1 E.25896 F2400
G92 E0
G1 Z10.55 F7800
;AFTER_LAYER_CHANGE
;10.55
G1 X125.334 Y146.616
G1 E2 F2400
;TYPE:Perimeter
;WIDTH:0.45
G1 F1500
G1 X125.258 Y146.739 E2.00695
G1 X125.198 Y147.167 E2.02774
;WIDTH:0.46492
G1 X125.281 Y147.462 E2.04305
G1 X124.719 Y147.462 E2.07113
G1 X124.802 Y147.231 E2.08339
G1 X124.742 Y146.739 E2.10815
;WIDTH:0.45
G1 X124.552 Y146.431 E2.12556
;WIDTH:0.490237
G1 X124.374 Y146.333 E2.13635
;WIDTH:0.530475
G1 X124.197 Y146.235 E2.14811
;WIDTH:0.570712
G1 X124.019 Y146.137 E2.16094
;WIDTH:0.61095
G1 X123.842 Y146.039 E2.17473
G1 X105.402 Y146.039 E3.4318
G1 X105.402 Y145.492 E3.46909
G1 X123.842 Y145.492 E4.72616
G1 X124.131 Y145.472 E4.74591
;WIDTH:0.570712
G1 X124.421 Y145.452 E4.76427
;WIDTH:0.530475
G1 X124.71 Y145.432 E4.78111
;WIDTH:0.490237
G1 X125 Y145.412 E4.79655
G1 X125.29 Y145.432 E4.81199
;WIDTH:0.530475
G1 X125.579 Y145.452 E4.82883
;WIDTH:0.570712
G1 X125.869 Y145.472 E4.84719
;WIDTH:0.61095
G1 X126.158 Y145.492 E4.86694
G1 X144.598 Y145.492 E6.12401
G1 X144.598 Y146.039 E6.1613
G1 X125.992 Y146.039 E7.42969
G1 X125.856 Y146.137 E7.44112
;WIDTH:0.570712
G1 X125.72 Y146.235 E7.45171
;WIDTH:0.530475
G1 X125.584 Y146.333 E7.46146
;WIDTH:0.490237
G1 X125.448 Y146.431 E7.47036
;WIDTH:0.45
G1 X125.365 Y146.565 E7.47794
G1 X125.664 Y146.802 F7800
G1 F1500
G1 X125.618 Y146.877 E7.48217
G1 X125.582 Y147.134 E7.49465
G1 X125.662 Y147.381 E7.50714
G1 X125.947 Y147.855 E7.53374
G1 X124.053 Y147.855 E7.62483
G1 X124.338 Y147.381 E7.65143
G1 X124.414 Y147.171 E7.66217
G1 X124.382 Y146.877 E7.67639
G1 X124.268 Y146.692 E7.68684
G1 X123.842 Y146.505 E7.70922
G1 X104.936 Y146.505 E8.61853
G1 X104.936 Y145.026 E8.68966
G1 X145.064 Y145.026 E10.61968
G1 X145.064 Y146.505 E10.69081
G1 X126.074 Y146.505 E11.60416
G1 X125.732 Y146.692 E11.62291
G1 X125.696 Y146.751 E11.62623
G1 X126.007 Y146.99 F7800
;TYPE:External perimeter
G1 F1500
G1 X125.978 Y147.014 E11.62804
G1 X125.993 Y147.182 E11.63615
G1 X126.628 Y148.24 E11.6955
G1 X123.372 Y148.24 E11.8521
G1 X124.038 Y147.131 E11.91432
G1 X123.984 Y146.953 E11.92327
G1 X123.842 Y146.89 E11.93074
G1 X104.55 Y146.89 E12.85862
G1 X104.55 Y144.64 E12.96684
G1 X145.45 Y144.64 E14.93399
G1 X145.45 Y146.89 E15.04221
G1 X126.128 Y146.89 E15.97153
G1 X126.054 Y146.952 E15.97617
G1 X126.092 Y147.35 F7800
G1 E13.97617 F2400
G92 E0
G1 X124.295 Y145.863 F7800
G1 E2 F2400
;TYPE:Solid infill
;WIDTH:0.574557
G1 F1200
G1 X124.996 Y145.765 E2.04504
G1 X125.57 Y145.871 E2.08218
G1 X125.215 Y146.17 E2.11171
G1 X125 Y146.494 E2.13645
G1 X124.759 Y146.154 E2.16297
G1 X124.458 Y145.965 E2.18559
G1 E.18559 F2400
G92 E0
G1 X145.484 Y62.98 F7800
G1 E2 F2400
;TYPE:External perimeter
;WIDTH:0.404381
G1 F1200
G1 X143.812 Y62.98 E2.0709
G1 X144.212 Y62.98 F7800
G1 E.0709 F2400
G92 E0
G1 X106.188 Y62.98 F7800
G1 E2 F2400
G1 F1200
G1 X104.516 Y62.98 E2.0709
G1 X104.916 Y62.98 F7800
M106 S234.6
;LAYER_CHANGE
;Z:10.85
;HEIGHT:0.3
G1 E.0709 F2400
G92 E0
G1 Z10.85 F7800
;AFTER_LAYER_CHANGE
;10.85
G1 X125.334 Y146.616
G1 E2 F2400
;TYPE:Perimeter
;WIDTH:0.45
G1 F1500
G1 X125.258 Y146.739 E2.00695
G1 X125.198 Y147.167 E2.02774
;WIDTH:0.46492
G1 X125.281 Y147.462 E2.04305
G1 X124.719 Y147.462 E2.07113
G1 X124.802 Y147.231 E2.08339
G1 X124.742 Y146.739 E2.10815
;WIDTH:0.45
G1 X124.552 Y146.431 E2.12556
;WIDTH:0.490237
G1 X124.374 Y146.333 E2.13635
;WIDTH:0.530475
G1 X124.197 Y146.235 E2.14811
;WIDTH:0.570712
G1 X124.019 Y146.137 E2.16094
;WIDTH:0.61095
G1 X123.842 Y146.039 E2.17473
G1 X105.402 Y146.039 E3.4318
G1 X105.402 Y145.492 E3.46909
G1 X123.842 Y145.492 E4.72616
G1 X124.131 Y145.472 E4.74591
;WIDTH:0.570712
G1 X124.421 Y145.452 E4.76427
;WIDTH:0.530475
G1 X124.71 Y145.432 E4.78111
;WIDTH:0.490237
G1 X125 Y145.412 E4.79655
G1 X125.29 Y145.432 E4.81199
;WIDTH:0.530475
G1 X125.579 Y145.452 E4.82883
;WIDTH:0.570712
G1 X125.869 Y145.472 E4.84719
;WIDTH:0.61095
G1 X126.158 Y145.492 E4.86694
G1 X144.598 Y145.492 E6.12401
G1 X144.598 Y146.039 E6.1613
G1 X125.992 Y146.039 E7.42969
G1 X125.856 Y146.137 E7.44112
;WIDTH:0.570712
G1 X125.72 Y146.235 E7.45171
;WIDTH:0.530475
G1 X125.584 Y146.333 E7.46146
;WIDTH:0.490237
G1 X125.448 Y146.431 E7.47036
;WIDTH:0.45
G1 X125.365 Y146.565 E7.47794
G1 X125.664 Y146.802 F7800
G1 F1500
G1 X125.618 Y146.877 E7.48217
G1 X125.582 Y147.134 E7.49465
G1 X125.662 Y147.381 E7.50714
G1 X125.947 Y147.855 E7.53374
G1 X124.053 Y147.855 E7.62483
G1 X124.338 Y147.381 E7.65143
G1 X124.414 Y147.171 E7.66217
G1 X124.382 Y146.877 E7.67639
G1 X124.268 Y146.692 E7.68684
G1 X123.842 Y146.505 E7.70922
G1 X104.936 Y146.505 E8.61853
G1 X104.936 Y145.026 E8.68966
G1 X145.064 Y145.026 E10.61968
G1 X145.064 Y146.505 E10.69081
G1 X126.074 Y146.505 E11.60416
G1 X125.732 Y146.692 E11.62291
G1 X125.696 Y146.751 E11.62623
G1 X126.007 Y146.99 F7800
;TYPE:External perimeter
G1 F1500
G1 X125.978 Y147.014 E11.62804
G1 X125.993 Y147.182 E11.63615
G1 X126.628 Y148.24 E11.6955
G1 X123.372 Y148.24 E11.8521
G1 X124.038 Y147.131 E11.91432
G1 X123.984 Y146.953 E11.92327
G1 X123.842 Y146.89 E11.93074
G1 X104.55 Y146.89 E12.85862
G1 X104.55 Y144.64 E12.96684
G1 X145.45 Y144.64 E14.93399
G1 X145.45 Y146.89 E15.04221
G1 X126.128 Y146.89 E15.97153
G1 X126.054 Y146.952 E15.97617
G1 X126.092 Y147.35 F7800
G1 X124.996 Y145.765
;TYPE:Solid infill
;WIDTH:0.574557
G1 F1200
G1 X125.57 Y145.871 E16.01331
G1 X125.215 Y146.17 E16.04284
G1 X125 Y146.494 E16.06758
G1 X124.759 Y146.154 E16.0941
G1 X124.295 Y145.863 E16.12895
G1 X124.805 Y145.792 E16.16172
M106 S237.15
;LAYER_CHANGE
;Z:11.15
;HEIGHT:0.299999
G1 Z11.15 F7800
;AFTER_LAYER_CHANGE
;11.15
G1 X125.334 Y146.616
;TYPE:Perimeter
;WIDTH:0.45
G1 F1500
G1 X125.258 Y146.739 E16.16867
G1 X125.198 Y147.167 E16.18946
;WIDTH:0.46492
G1 X125.281 Y147.462 E16.20477
G1 X124.719 Y147.462 E16.23285
G1 X124.802 Y147.231 E16.24511
G1 X124.742 Y146.739 E16.26987
;WIDTH:0.45
G1 X124.552 Y146.431 E16.28728
;WIDTH:0.490237
G1 X124.374 Y146.333 E16.29807
;WIDTH:0.530474
G1 X124.197 Y146.235 E16.30983
;WIDTH:0.570711
G1 X124.019 Y146.137 E16.32266
;WIDTH:0.610949
G1 X123.842 Y146.039 E16.33645
G1 X105.402 Y146.039 E17.59352
G1 X105.402 Y145.492 E17.63081
G1 X123.842 Y145.492 E18.88788
G1 X124.131 Y145.472 E18.90763
;WIDTH:0.570711
G1 X124.421 Y145.452 E18.92599
;WIDTH:0.530474
G1 X124.71 Y145.432 E18.94283
;WIDTH:0.490237
G1 X125 Y145.412 E18.95827
G1 X125.29 Y145.432 E18.97371
;WIDTH:0.530474
G1 X125.579 Y145.452 E18.99055
;WIDTH:0.570711
G1 X125.869 Y145.472 E19.00891
;WIDTH:0.610948
G1 X126.158 Y145.492 E19.02866
G1 X144.598 Y145.492 E20.28573
G1 X144.598 Y146.039 E20.32302
;WIDTH:0.61095
G1 X125.992 Y146.039 E21.59141
G1 X125.856 Y146.137 E21.60284
;WIDTH:0.570711
G1 X125.72 Y146.235 E21.61343
;WIDTH:0.530474
G1 X125.584 Y146.333 E21.62317
;WIDTH:0.490237
G1 X125.448 Y146.431 E21.63207
;WIDTH:0.45
G1 X125.365 Y146.565 E21.63965
G1 X125.664 Y146.802 F7800
G1 F1500
G1 X125.618 Y146.877 E21.64388
G1 X125.582 Y147.134 E21.65636
G1 X125.662 Y147.381 E21.66885
G1 X125.947 Y147.855 E21.69545
G1 X124.053 Y147.855 E21.78654
G1 X124.338 Y147.381 E21.81314
G1 X124.414 Y147.171 E21.82388
G1 X124.382 Y146.877 E21.8381
G1 X124.268 Y146.692 E21.84855
G1 X123.842 Y146.505 E21.87093
G1 X104.936 Y146.505 E22.78024
G1 X104.936 Y145.026 E22.85137
G1 X145.064 Y145.026 E24.78139
G1 X145.064 Y146.505 E24.85252
G1 X126.074 Y146.505 E25.76587
G1 X125.732 Y146.692 E25.78462
G1 X125.696 Y146.751 E25.78794
G1 X126.007 Y146.99 F7800
;TYPE:External perimeter
G1 F1500
G1 X125.978 Y147.014 E25.78975
G1 X125.993 Y147.182 E25.79786
G1 X126.628 Y148.24 E25.85721
G1 X123.372 Y148.24 E26.01381
G1 X124.038 Y147.131 E26.07603
G1 X123.984 Y146.953 E26.08498
G1 X123.842 Y146.89 E26.09245
G1 X104.55 Y146.89 E27.02033
G1 X104.55 Y144.64 E27.12855
G1 X145.45 Y144.64 E29.0957
G1 X145.45 Y146.89 E29.20392
G1 X126.128 Y146.89 E30.13324
G1 X126.054 Y146.952 E30.13788
G1 X126.092 Y147.35 F7800
G1 E28.13788 F2400
G92 E0
G1 X124.295 Y145.863 F7800
G1 E2 F2400
;TYPE:Solid infill
;WIDTH:0.574557
G1 F1200
G1 X124.996 Y145.765 E2.04504
G1 X125.57 Y145.871 E2.08218
G1 X125.215 Y146.17 E2.11171
G1 X125 Y146.494 E2.13645
G1 X124.759 Y146.154 E2.16297
G1 X124.458 Y145.965 E2.18559
;LAYER_CHANGE
;Z:11.45
;HEIGHT:0.3
G1 Z11.45 F7800
;AFTER_LAYER_CHANGE
;11.45
G1 X125.334 Y146.616
;TYPE:Perimeter
;WIDTH:0.45
G1 F1500
G1 X125.258 Y146.739 E2.19254
G1 X125.198 Y147.167 E2.21333
;WIDTH:0.46492
G1 X125.281 Y147.462 E2.22864
G1 X124.719 Y147.462 E2.25672
G1 X124.802 Y147.231 E2.26898
G1 X124.742 Y146.739 E2.29374
;WIDTH:0.45
G1 X124.552 Y146.431 E2.31115
;WIDTH:0.490237
G1 X124.374 Y146.333 E2.32194
;WIDTH:0.530475
G1 X124.197 Y146.235 E2.3337
;WIDTH:0.570712
G1 X124.019 Y146.137 E2.34653
;WIDTH:0.61095
G1 X123.842 Y146.039 E2.36032
G1 X105.402 Y146.039 E3.61739
G1 X105.402 Y145.492 E3.65468
G1 X123.842 Y145.492 E4.91175
G1 X124.131 Y145.472 E4.9315
;WIDTH:0.570712
G1 X124.421 Y145.452 E4.94986
;WIDTH:0.530475
G1 X124.71 Y145.432 E4.9667
;WIDTH:0.490237
G1 X125 Y145.412 E4.98214
G1 X125.29 Y145.432 E4.99758
;WIDTH:0.530475
G1 X125.579 Y145.452 E5.01442
;WIDTH:0.570712
G1 X125.869 Y145.472 E5.03278
;WIDTH:0.61095
G1 X126.158 Y145.492 E5.05253
G1 X144.598 Y145.492 E6.3096
G1 X144.598 Y146.039 E6.34689
G1 X125.992 Y146.039 E7.61528
G1 X125.856 Y146.137 E7.62671
;WIDTH:0.570712
G1 X125.72 Y146.235 E7.6373
;WIDTH:0.530475
G1 X125.584 Y146.333 E7.64705
;WIDTH:0.490237
G1 X125.448 Y146.431 E7.65595
;WIDTH:0.45
G1 X125.365 Y146.565 E7.66353
G1 X125.664 Y146.802 F7800
G1 F1500
G1 X125.618 Y146.877 E7.66776
G1 X125.582 Y147.134 E7.68024
G1 X125.662 Y147.381 E7.69273
G1 X125.947 Y147.855 E7.71933
G1 X124.053 Y147.855 E7.81042
G1 X124.338 Y147.381 E7.83702
G1 X124.414 Y147.171 E7.84776
G1 X124.382 Y146.877 E7.86198
G1 X124.268 Y146.692 E7.87243
G1 X123.842 Y146.505 E7.89481
G1 X104.936 Y146.505 E8.80412
G1 X104.936 Y145.026 E8.87525
G1 X145.064 Y145.026 E10.80527
G1 X145.064 Y146.505 E10.8764
G1 X126.074 Y146.505 E11.78975
G1 X125.732 Y146.692 E11.8085
G1 X125.696 Y146.751 E11.81182
G1 X126.007 Y146.99 F7800
;TYPE:External perimeter
G1 F1500
G1 X125.978 Y147.014 E11.81363
G1 X125.993 Y147.182 E11.82174
G1 X126.628 Y148.24 E11.88109
G1 X123.372 Y148.24 E12.03769
G1 X124.038 Y147.131 E12.09991
G1 X123.984 Y146.953 E12.10886
G1 X123.842 Y146.89 E12.11633
G1 X104.55 Y146.89 E13.04421
G1 X104.55 Y144.64 E13.15243
G1 X145.45 Y144.64 E15.11958
G1 X145.45 Y146.89 E15.2278
G1 X126.128 Y146.89 E16.15712
G1 X126.054 Y146.952 E16.16176
G1 X126.092 Y147.35 F7800
G1 X124.996 Y145.765
;TYPE:Solid infill
;WIDTH:0.574557
G1 F1200
G1 X125.57 Y145.871 E16.1989
G1 X125.215 Y146.17 E16.22843
G1 X125 Y146.494 E16.25317
G1 X124.759 Y146.154 E16.27969
G1 X124.295 Y145.863 E16.31454
G1 X124.805 Y145.792 E16.34731
;LAYER_CHANGE
;Z:11.75
;HEIGHT:0.3
G1 Z11.75 F7800
;AFTER_LAYER_CHANGE
;11.75
G1 X125.334 Y146.616
;TYPE:Perimeter
;WIDTH:0.45
G1 F1500
G1 X125.258 Y146.739 E16.35426
G1 X125.198 Y147.167 E16.37505
;WIDTH:0.46492
G1 X125.281 Y147.462 E16.39036
G1 X124.719 Y147.462 E16.41844
G1 X124.802 Y147.231 E16.4307
G1 X124.742 Y146.739 E16.45546
;WIDTH:0.45
G1 X124.552 Y146.431 E16.47287
;WIDTH:0.490237
G1 X124.374 Y146.333 E16.48366
;WIDTH:0.530475
G1 X124.197 Y146.235 E16.49542
;WIDTH:0.570712
G1 X124.019 Y146.137 E16.50825
;WIDTH:0.61095
G1 X123.842 Y146.039 E16.52204
G1 X105.402 Y146.039 E17.77911
G1 X105.402 Y145.492 E17.8164
G1 X123.842 Y145.492 E19.07347
G1 X124.131 Y145.472 E19.09322
;WIDTH:0.570712
G1 X124.421 Y145.452 E19.11158
;WIDTH:0.530475
G1 X124.71 Y145.432 E19.12842
;WIDTH:0.490237
G1 X125 Y145.412 E19.14386
G1 X125.29 Y145.432 E19.1593
;WIDTH:0.530475
G1 X125.579 Y145.452 E19.17614
;WIDTH:0.570712
G1 X125.869 Y145.472 E19.1945
;WIDTH:0.61095
G1 X126.158 Y145.492 E19.21425
G1 X144.598 Y145.492 E20.47132
G1 X144.598 Y146.039 E20.50861
G1 X125.992 Y146.039 E21.777
G1 X125.856 Y146.137 E21.78843
;WIDTH:0.570712
G1 X125.72 Y146.235 E21.79902
;WIDTH:0.530475
G1 X125.584 Y146.333 E21.80877
;WIDTH:0.490237
G1 X125.448 Y146.431 E21.81767
;WIDTH:0.45
G1 X125.365 Y146.565 E21.82525
G1 X125.664 Y146.802 F7800
G1 F1500
G1 X125.618 Y146.877 E21.82948
G1 X125.582 Y147.134 E21.84196
G1 X125.662 Y147.381 E21.85445
G1 X125.947 Y147.855 E21.88105
G1 X124.053 Y147.855 E21.97214
G1 X124.338 Y147.381 E21.99874
G1 X124.414 Y147.171 E22.00948
G1 X124.382 Y146.877 E22.0237
G1 X124.268 Y146.692 E22.03415
G1 X123.842 Y146.505 E22.05653
G1 X104.936 Y146.505 E22.96584
G1 X104.936 Y145.026 E23.03697
G1 X145.064 Y145.026 E24.96699
G1 X145.064 Y146.505 E25.03812
G1 X126.074 Y146.505 E25.95147
G1 X125.732 Y146.692 E25.97022
G1 X125.696 Y146.751 E25.97354
G1 X126.007 Y146.99 F7800
;TYPE:External perimeter
G1 F1500
G1 X125.978 Y147.014 E25.97535
G1 X125.993 Y147.182 E25.98346
G1 X126.628 Y148.24 E26.04281
G1 X123.372 Y148.24 E26.19941
G1 X124.038 Y147.131 E26.26163
G1 X123.984 Y146.953 E26.27058
G1 X123.842 Y146.89 E26.27805
G1 X104.55 Y146.89 E27.20593
G1 X104.55 Y144.64 E27.31415
G1 X145.45 Y144.64 E29.2813
G1 X145.45 Y146.89 E29.38952
G1 X126.128 Y146.89 E30.31884
G1 X126.054 Y146.952 E30.32348
G1 X126.092 Y147.35 F7800
G1 E28.32348 F2400
G92 E0
G1 X124.295 Y145.863 F7800
G1 E2 F2400
;TYPE:Solid infill
;WIDTH:0.574557
G1 F1200
G1 X124.996 Y145.765 E2.04504
G1 X125.57 Y145.871 E2.08218
G1 X125.215 Y146.17 E2.11171
G1 X125 Y146.494 E2.13645
G1 X124.759 Y146.154 E2.16297
G1 X124.458 Y145.965 E2.18559
;LAYER_CHANGE
;Z:12.05
;HEIGHT:0.3
G1 Z12.05 F7800
;AFTER_LAYER_CHANGE
;12.05
G1 X125.334 Y146.616
;TYPE:Perimeter
;WIDTH:0.45
G1 F1500
G1 X125.258 Y146.739 E2.19254
G1 X125.198 Y147.167 E2.21333
;WIDTH:0.464919
G1 X125.281 Y147.462 E2.22864
G1 X124.719 Y147.462 E2.25672
G1 X124.802 Y147.231 E2.26898
G1 X124.742 Y146.739 E2.29374
;WIDTH:0.45
G1 X124.552 Y146.431 E2.31115
;WIDTH:0.490237
G1 X124.374 Y146.333 E2.32194
;WIDTH:0.530475
G1 X124.197 Y146.235 E2.3337
;WIDTH:0.570712
G1 X124.019 Y146.137 E2.34653
;WIDTH:0.61095
G1 X123.842 Y146.039 E2.36032
G1 X105.402 Y146.039 E3.61739
G1 X105.402 Y145.492 E3.65468
G1 X123.842 Y145.492 E4.91175
G1 X124.131 Y145.472 E4.9315
;WIDTH:0.570712
G1 X124.421 Y145.452 E4.94986
;WIDTH:0.530475
G1 X124.71 Y145.432 E4.9667
;WIDTH:0.490237
G1 X125 Y145.412 E4.98214
G1 X125.29 Y145.432 E4.99758
;WIDTH:0.530475
G1 X125.579 Y145.452 E5.01442
;WIDTH:0.570712
G1 X125.869 Y145.472 E5.03278
;WIDTH:0.61095
G1 X126.158 Y145.492 E5.05253
G1 X144.598 Y145.492 E6.3096
G1 X144.598 Y146.039 E6.34689
;WIDTH:0.610951
G1 X125.992 Y146.039 E7.61528
G1 X125.856 Y146.137 E7.62671
;WIDTH:0.570712
G1 X125.72 Y146.235 E7.6373
;WIDTH:0.530475
G1 X125.584 Y146.333 E7.64705
;WIDTH:0.490237
G1 X125.448 Y146.431 E7.65595
;WIDTH:0.45
G1 X125.365 Y146.565 E7.66353
G1 X125.664 Y146.802 F7800
G1 F1500
G1 X125.618 Y146.877 E7.66776
G1 X125.582 Y147.134 E7.68024
G1 X125.662 Y147.381 E7.69273
G1 X125.947 Y147.855 E7.71933
G1 X124.053 Y147.855 E7.81042
G1 X124.338 Y147.381 E7.83702
G1 X124.414 Y147.171 E7.84776
G1 X124.382 Y146.877 E7.86198
G1 X124.268 Y146.692 E7.87243
G1 X123.842 Y146.505 E7.89481
G1 X104.936 Y146.505 E8.80412
G1 X104.936 Y145.026 E8.87525
G1 X145.064 Y145.026 E10.80527
G1 X145.064 Y146.505 E10.8764
G1 X126.074 Y146.505 E11.78975
G1 X125.732 Y146.692 E11.8085
G1 X125.696 Y146.751 E11.81182
G1 X126.007 Y146.99 F7800
;TYPE:External perimeter
G1 F1500
G1 X125.978 Y147.014 E11.81363
G1 X125.993 Y147.182 E11.82174
G1 X126.628 Y148.24 E11.88109
G1 X123.372 Y148.24 E12.03769
G1 X124.038 Y147.131 E12.09991
G1 X123.984 Y146.953 E12.10886
G1 X123.842 Y146.89 E12.11633
G1 X104.55 Y146.89 E13.04421
G1 X104.55 Y144.64 E13.15243
G1 X145.45 Y144.64 E15.11958
G1 X145.45 Y146.89 E15.2278
G1 X126.128 Y146.89 E16.15712
G1 X126.054 Y146.952 E16.16176
G1 X126.092 Y147.35 F7800
G1 X124.996 Y145.765
;TYPE:Solid infill
;WIDTH:0.574558
G1 F1200
G1 X125.57 Y145.871 E16.1989
G1 X125.215 Y146.17 E16.22843
G1 X125 Y146.494 E16.25317
G1 X124.759 Y146.154 E16.27969
G1 X124.295 Y145.863 E16.31454
G1 X124.805 Y145.792 E16.34731
;LAYER_CHANGE
;Z:12.35
;HEIGHT:0.3
G1 Z12.35 F7800
;AFTER_LAYER_CHANGE
;12.35
G1 X125.334 Y146.616
;TYPE:Perimeter
;WIDTH:0.45
G1 F1500
G1 X125.258 Y146.739 E16.35426
G1 X125.198 Y147.167 E16.37505
;WIDTH:0.464921
G1 X125.281 Y147.462 E16.39036
G1 X124.719 Y147.462 E16.41844
G1 X124.802 Y147.231 E16.4307
G1 X124.742 Y146.739 E16.45546
;WIDTH:0.45
G1 X124.552 Y146.431 E16.47287
;WIDTH:0.490237
G1 X124.374 Y146.333 E16.48366
;WIDTH:0.530475
G1 X124.197 Y146.235 E16.49542
;WIDTH:0.570712
G1 X124.019 Y146.137 E16.50825
;WIDTH:0.61095
G1 X123.842 Y146.039 E16.52204
G1 X105.402 Y146.039 E17.77911
G1 X105.402 Y145.492 E17.8164
G1 X123.842 Y145.492 E19.07347
G1 X124.131 Y145.472 E19.09322
;WIDTH:0.570712
G1 X124.421 Y145.452 E19.11158
;WIDTH:0.530475
G1 X124.71 Y145.432 E19.12842
;WIDTH:0.490237
G1 X125 Y145.412 E19.14386
G1 X125.29 Y145.432 E19.1593
;WIDTH:0.530475
G1 X125.579 Y145.452 E19.17614
;WIDTH:0.570712
G1 X125.869 Y145.472 E19.1945
;WIDTH:0.61095
G1 X126.158 Y145.492 E19.21425
G1 X144.598 Y145.492 E20.47132
G1 X144.598 Y146.039 E20.50861
G1 X125.992 Y146.039 E21.777
G1 X125.856 Y146.137 E21.78843
;WIDTH:0.570712
G1 X125.72 Y146.235 E21.79902
;WIDTH:0.530475
G1 X125.584 Y146.333 E21.80877
;WIDTH:0.490237
G1 X125.448 Y146.431 E21.81767
;WIDTH:0.45
G1 X125.365 Y146.565 E21.82525
G1 X125.664 Y146.802 F7800
G1 F1500
G1 X125.618 Y146.877 E21.82948
G1 X125.582 Y147.134 E21.84196
G1 X125.662 Y147.381 E21.85445
G1 X125.947 Y147.855 E21.88105
G1 X124.053 Y147.855 E21.97214
G1 X124.338 Y147.381 E21.99874
G1 X124.414 Y147.171 E22.00948
G1 X124.382 Y146.877 E22.0237
G1 X124.268 Y146.692 E22.03415
G1 X123.842 Y146.505 E22.05653
G1 X104.936 Y146.505 E22.96584
G1 X104.936 Y145.026 E23.03697
G1 X145.064 Y145.026 E24.96699
G1 X145.064 Y146.505 E25.03812
G1 X126.074 Y146.505 E25.95147
G1 X125.732 Y146.692 E25.97022
G1 X125.696 Y146.751 E25.97354
G1 X126.007 Y146.99 F7800
;TYPE:External perimeter
G1 F1500
G1 X125.978 Y147.014 E25.97535
G1 X125.993 Y147.182 E25.98346
G1 X126.628 Y148.24 E26.04281
G1 X123.372 Y148.24 E26.19941
G1 X124.038 Y147.131 E26.26163
G1 X123.984 Y146.953 E26.27058
G1 X123.842 Y146.89 E26.27805
G1 X104.55 Y146.89 E27.20593
G1 X104.55 Y144.64 E27.31415
G1 X145.45 Y144.64 E29.2813
G1 X145.45 Y146.89 E29.38952
G1 X126.128 Y146.89 E30.31884
G1 X126.054 Y146.952 E30.32348
G1 X126.092 Y147.35 F7800
G1 E28.32348 F2400
G92 E0
G1 X124.295 Y145.863 F7800
G1 E2 F2400
;TYPE:Solid infill
;WIDTH:0.574558
G1 F1200
G1 X124.996 Y145.765 E2.04504
G1 X125.57 Y145.871 E2.08218
G1 X125.215 Y146.17 E2.11171
G1 X125 Y146.494 E2.13645
G1 X124.759 Y146.154 E2.16297
G1 X124.458 Y145.965 E2.18559
;LAYER_CHANGE
;Z:12.65
;HEIGHT:0.299999
G1 Z12.65 F7800
;AFTER_LAYER_CHANGE
;12.65
G1 X125.334 Y146.616
;TYPE:Perimeter
;WIDTH:0.45
G1 F1500
G1 X125.258 Y146.739 E2.19254
G1 X125.198 Y147.167 E2.21333
;WIDTH:0.464921
G1 X125.281 Y147.462 E2.22864
G1 X124.719 Y147.462 E2.25672
G1 X124.802 Y147.231 E2.26898
G1 X124.742 Y146.739 E2.29374
;WIDTH:0.45
G1 X124.552 Y146.431 E2.31115
;WIDTH:0.490237
G1 X124.374 Y146.333 E2.32194
;WIDTH:0.530475
G1 X124.197 Y146.235 E2.3337
;WIDTH:0.570712
G1 X124.019 Y146.137 E2.34653
;WIDTH:0.61095
G1 X123.842 Y146.039 E2.36032
G1 X105.402 Y146.039 E3.61739
G1 X105.402 Y145.492 E3.65468
G1 X123.842 Y145.492 E4.91175
G1 X124.131 Y145.472 E4.9315
;WIDTH:0.570712
G1 X124.421 Y145.452 E4.94986
;WIDTH:0.530475
G1 X124.71 Y145.432 E4.9667
;WIDTH:0.490237
G1 X125 Y145.412 E4.98214
G1 X125.29 Y145.432 E4.99758
;WIDTH:0.530475
G1 X125.579 Y145.452 E5.01442
;WIDTH:0.570712
G1 X125.869 Y145.472 E5.03278
;WIDTH:0.61095
G1 X126.158 Y145.492 E5.05253
G1 X144.598 Y145.492 E6.3096
G1 X144.598 Y146.039 E6.34689
;WIDTH:0.610951
G1 X125.992 Y146.039 E7.61528
G1 X125.856 Y146.137 E7.62671
;WIDTH:0.570712
G1 X125.72 Y146.235 E7.6373
;WIDTH:0.530475
G1 X125.584 Y146.333 E7.64705
;WIDTH:0.490237
G1 X125.448 Y146.431 E7.65595
;WIDTH:0.45
G1 X125.365 Y146.565 E7.66353
G1 X125.664 Y146.802 F7800
G1 F1500
G1 X125.618 Y146.877 E7.66776
G1 X125.582 Y147.134 E7.68024
G1 X125.662 Y147.381 E7.69273
G1 X125.947 Y147.855 E7.71933
G1 X124.053 Y147.855 E7.81042
G1 X124.338 Y147.381 E7.83702
G1 X124.414 Y147.171 E7.84776
G1 X124.382 Y146.877 E7.86198
G1 X124.268 Y146.692 E7.87243
G1 X123.842 Y146.505 E7.89481
G1 X104.936 Y146.505 E8.80412
G1 X104.936 Y145.026 E8.87525
G1 X145.064 Y145.026 E10.80527
G1 X145.064 Y146.505 E10.8764
G1 X126.074 Y146.505 E11.78975
G1 X125.732 Y146.692 E11.8085
G1 X125.696 Y146.751 E11.81182
G1 X126.007 Y146.99 F7800
;TYPE:External perimeter
G1 F1500
G1 X125.978 Y147.014 E11.81363
G1 X125.993 Y147.182 E11.82174
G1 X126.628 Y148.24 E11.88109
G1 X123.372 Y148.24 E12.03769
G1 X124.038 Y147.131 E12.09991
G1 X123.984 Y146.953 E12.10886
G1 X123.842 Y146.89 E12.11633
G1 X104.55 Y146.89 E13.04421
G1 X104.55 Y144.64 E13.15243
G1 X145.45 Y144.64 E15.11958
G1 X145.45 Y146.89 E15.2278
G1 X126.128 Y146.89 E16.15712
G1 X126.054 Y146.952 E16.16176
G1 X126.092 Y147.35 F7800
G1 X124.702 Y146.465
;TYPE:Top solid infill
;WIDTH:0.447055
G1 F900
G1 X125.414 Y145.753 E16.20982
G1 X124.998 Y145.677 E16.23
G1 X124.941 Y145.685 E16.23275
G1 X124.519 Y146.107 E16.26123
G1 X124.187 Y145.898 E16.27995
G1 X124.49 Y145.595 E16.3004
G1 E14.3004 F2400
G92 E0
M107
;TYPE:Custom
; Filament-specific end gcode 
;END gcode for filament
G1 Z13.65 F720 ; Move print head up
G1 X0 Y200 F3600 ; park
G1 Z61.65 F720 ; Move print head further up
G4 ; wait
M104 S0 ; turn off temperature
M140 S0 ; turn off heatbed
M107 ; turn off fan
M900 K0 ; reset LA
M84 ; disable motors
; objects_info = {"objects":[]}
; filament used [mm] = 3253.42
; filament used [cm3] = 7.83
; total filament used [g] = 0.00
; total filament cost = 0.00
; total filament used for wipe tower [g] = 0.00
; estimated printing time (normal mode) = 51m 47s
; estimated first layer printing time (normal mode) = 2m 48s

; prusaslicer_config = begin
; arc_fitting = disabled
; autoemit_temperature_commands = 1
; automatic_extrusion_widths = 0
; automatic_infill_combination = 0
; automatic_infill_combination_max_layer_height = 100%
; avoid_crossing_curled_overhangs = 0
; avoid_crossing_perimeters = 0
; avoid_crossing_perimeters_max_detour = 0
; bed_shape = 0x0,250x0,250x210,0x210
; bed_temperature = 55
; bed_temperature_extruder = 0
; before_layer_gcode = 
; between_objects_gcode = 
; binary_gcode = 0
; bottom_fill_pattern = monotonic
; bottom_solid_layers = 3
; bottom_solid_min_thickness = 0
; bridge_acceleration = 0
; bridge_angle = 0
; bridge_fan_speed = 100
; bridge_flow_ratio = 1
; bridge_speed = 25
; brim_separation = 0
; brim_type = no_brim
; brim_width = 0
; chamber_minimal_temperature = 0
; chamber_temperature = 0
; color_change_gcode = M600
; colorprint_heights = 
; complete_objects = 0
; cooling = 1
; cooling_perimeter_transition_distance = 0
; cooling_slowdown_logic = uniform_cooling
; cooling_tube_length = 5
; cooling_tube_retraction = 91.5
; custom_parameters_filament = ""
; custom_parameters_print = 
; custom_parameters_printer = 
; default_acceleration = 0
; deretract_speed = 0
; disable_fan_first_layers = 3
; dont_support_bridges = 1
; draft_shield = disabled
; duplicate_distance = 6
; elefant_foot_compensation = 0
; enable_dynamic_fan_speeds = 0
; enable_dynamic_overhang_speeds = 0
; end_filament_gcode = "; Filament-specific end gcode \n;END gcode for filament\n"
; end_gcode = {if layer_z < max_print_height}G1 Z{z_offset+min(max_layer_z+1, max_print_height)} F720 ; Move print head up{endif}\nG1 X0 Y200 F3600 ; park\n{if layer_z < max_print_height}G1 Z{z_offset+min(max_layer_z+49, max_print_height)} F720 ; Move print head further up{endif}\nG4 ; wait\nM104 S0 ; turn off temperature\nM140 S0 ; turn off heatbed\nM107 ; turn off fan\nM900 K0 ; reset LA\nM84 ; disable motors
; ensure_vertical_shell_thickness = enabled
; external_perimeter_acceleration = 0
; external_perimeter_extrusion_width = 0
; external_perimeter_speed = 25
; external_perimeters_first = 0
; extra_loading_move = -2
; extra_perimeters = 1
; extra_perimeters_on_overhangs = 0
; extruder_clearance_height = 20
; extruder_clearance_radius = 20
; extruder_colour = ""
; extruder_offset = 0x0
; extrusion_axis = E
; extrusion_multiplier = 1
; extrusion_width = 0
; fan_always_on = 0
; fan_below_layer_time = 60
; filament_abrasive = 0
; filament_colour = #29B2B2
; filament_cooling_final_speed = 3.4
; filament_cooling_initial_speed = 2.2
; filament_cooling_moves = 4
; filament_cost = 0
; filament_density = 0
; filament_diameter = 1.75
; filament_infill_max_crossing_speed = 0
; filament_infill_max_speed = 0
; filament_load_time = 0
; filament_loading_speed = 28
; filament_loading_speed_start = 3
; filament_max_volumetric_speed = 0
; filament_minimal_purge_on_wipe_tower = 15
; filament_multitool_ramming = 0
; filament_multitool_ramming_flow = 10
; filament_multitool_ramming_volume = 10
; filament_notes = ""
; filament_purge_multiplier = 100%
; filament_ramming_parameters = "120 100 6.6 6.8 7.2 7.6 7.9 8.2 8.7 9.4 9.9 10.0| 0.05 6.6 0.45 6.8 0.95 7.8 1.45 8.3 1.95 9.7 2.45 10 2.95 7.6 3.45 7.6 3.95 7.6 4.45 7.6 4.95 7.6"
; filament_seam_gap_distance = 15%
; filament_settings_id = ""
; filament_shrinkage_compensation_xy = 0%
; filament_shrinkage_compensation_z = 0%
; filament_soluble = 0
; filament_spool_weight = 0
; filament_stamping_distance = 0
; filament_stamping_loading_speed = 20
; filament_toolchange_delay = 0
; filament_type = PLA
; filament_unload_time = 0
; filament_unloading_speed = 90
; filament_unloading_speed_start = 100
; fill_angle = 45
; fill_density = 15%
; fill_pattern = stars
; first_layer_acceleration = 0
; first_layer_acceleration_over_raft = 0
; first_layer_bed_temperature = 55
; first_layer_extrusion_width = 200%
; first_layer_height = 0.35
; first_layer_infill_speed = 0
; first_layer_speed = 30
; first_layer_speed_over_raft = 30
; first_layer_temperature = 215
; full_fan_speed_layer = 0
; fuzzy_skin = none
; fuzzy_skin_point_dist = 0.8
; fuzzy_skin_thickness = 0.3
; gap_fill_enabled = 1
; gap_fill_speed = 20
; gcode_comments = 0
; gcode_flavor = reprap
; gcode_label_objects = disabled
; gcode_resolution = 0.0125
; gcode_substitutions = 
; high_current_on_filament_swap = 0
; idle_temperature = nil
; infill_acceleration = 0
; infill_anchor = 600%
; infill_anchor_max = 50
; infill_every_layers = 1
; infill_extruder = 1
; infill_extrusion_width = 0
; infill_first = 0
; infill_overlap = 25%
; infill_speed = 20
; interface_shells = 0
; interlocking_beam = 0
; interlocking_beam_layer_count = 2
; interlocking_beam_width = 0.8
; interlocking_boundary_avoidance = 2
; interlocking_depth = 2
; interlocking_orientation = 22.5
; ironing = 0
; ironing_flowrate = 15%
; ironing_spacing = 0.1
; ironing_speed = 15
; ironing_type = top
; layer_gcode = ;AFTER_LAYER_CHANGE\n;[layer_z]
; layer_height = 0.3
; machine_limits_usage = time_estimate_only
; machine_max_acceleration_e = 10000
; machine_max_acceleration_extruding = 2000
; machine_max_acceleration_retracting = 1500
; machine_max_acceleration_travel = 1500,1250
; machine_max_acceleration_x = 9000
; machine_max_acceleration_y = 9000
; machine_max_acceleration_z = 500
; machine_max_feedrate_e = 120
; machine_max_feedrate_x = 500
; machine_max_feedrate_y = 500
; machine_max_feedrate_z = 12
; machine_max_jerk_e = 2.5
; machine_max_jerk_x = 10
; machine_max_jerk_y = 10
; machine_max_jerk_z = 0.2
; machine_max_junction_deviation = 0,0
; machine_min_extruding_rate = 0
; machine_min_travel_rate = 0
; max_fan_speed = 100
; max_layer_height = 0
; max_print_height = 200
; max_print_speed = 80
; max_volumetric_extrusion_rate_slope_negative = 0
; max_volumetric_extrusion_rate_slope_positive = 0
; max_volumetric_speed = 0
; min_bead_width = 85%
; min_fan_speed = 35
; min_feature_size = 25%
; min_layer_height = 0.07
; min_print_speed = 10
; min_skirt_length = 0
; mmu_segmented_region_interlocking_depth = 0
; mmu_segmented_region_max_width = 0
; multimaterial_purging = 140
; notes = 
; nozzle_diameter = 0.4
; nozzle_high_flow = 0
; only_one_perimeter_first_layer = 0
; only_retract_when_crossing_perimeters = 0
; ooze_prevention = 0
; output_filename_format = [input_filename_base].gcode
; over_bridge_speed = 0
; overhang_fan_speed_0 = 0
; overhang_fan_speed_1 = 0
; overhang_fan_speed_2 = 0
; overhang_fan_speed_3 = 0
; overhang_speed_0 = 15
; overhang_speed_1 = 15
; overhang_speed_2 = 20
; overhang_speed_3 = 25
; overhangs = 1
; parking_pos_retraction = 92
; pause_print_gcode = M601
; perimeter_acceleration = 0
; perimeter_extruder = 1
; perimeter_extrusion_width = 0
; perimeter_generator = arachne
; perimeter_speed = 25
; perimeters = 3
; physical_printer_settings_id = 
; post_process = 
; prefer_clockwise_movements = 0
; print_settings_id = 
; printer_model = MK2S
; printer_notes = 
; printer_settings_id = 
; printer_technology = FFF
; printer_variant = 0.4
; raft_contact_distance = 0.1
; raft_expansion = 1.5
; raft_first_layer_density = 90%
; raft_first_layer_expansion = 3
; raft_layers = 0
; remaining_times = 0
; resolution = 0
; retract_before_travel = 2
; retract_before_wipe = 0%
; retract_layer_change = 0
; retract_length = 2
; retract_length_toolchange = 10
; retract_lift = 0
; retract_lift_above = 0
; retract_lift_below = 0
; retract_restart_extra = 0
; retract_restart_extra_toolchange = 0
; retract_speed = 40
; scarf_seam_entire_loop = 0
; scarf_seam_length = 20
; scarf_seam_max_segment_length = 1
; scarf_seam_on_inner_perimeters = 0
; scarf_seam_only_on_smooth = 1
; scarf_seam_placement = nowhere
; scarf_seam_start_height = 0%
; seam_gap_distance = 15%
; seam_position = aligned
; silent_mode = 1
; single_extruder_multi_material = 0
; single_extruder_multi_material_priming = 1
; skirt_distance = 6
; skirt_height = 1
; skirts = 0
; slice_closing_radius = 0.049
; slicing_mode = regular
; slowdown_below_layer_time = 5
; small_perimeter_speed = 20
; solid_infill_acceleration = 0
; solid_infill_below_area = 70
; solid_infill_every_layers = 0
; solid_infill_extruder = 1
; solid_infill_extrusion_width = 0
; solid_infill_speed = 20
; spiral_vase = 0
; staggered_inner_seams = 0
; standby_temperature_delta = -5
; start_filament_gcode = "; Filament gcode\n"
; start_gcode = M862.3 P "[printer_model]" ; printer model check\nM862.1 P[nozzle_diameter] ; nozzle diameter check\nM115 U3.2.3 ; tell printer latest fw version\nG90 ; use absolute coordinates\nM83 ; extruder relative mode\nM204 S[machine_max_acceleration_extruding] T[machine_max_acceleration_retracting] ; MK2 firmware only supports the old M204 format\nM104 S[first_layer_temperature] ; set extruder temp\nM140 S[first_layer_bed_temperature] ; set bed temp\nM190 S[first_layer_bed_temperature] ; wait for bed temp\nM109 S[first_layer_temperature] ; wait for extruder temp\nG28 W ; home all without mesh bed level\nG80 ; mesh bed leveling\nG1 Z0.2 F720\nG1 Y-2 F1000 ; go outside print area\nG92 E0\nG1 X60 E9 F1000 ; intro line\nG1 X100 E12.5 F1000 ; intro line\nG92 E0
; support_material = 0
; support_material_angle = 0
; support_material_auto = 1
; support_material_bottom_contact_distance = 0
; support_material_bottom_interface_layers = -1
; support_material_buildplate_only = 0
; support_material_closing_radius = 2
; support_material_contact_distance = 0.2
; support_material_enforce_layers = 0
; support_material_extruder = 1
; support_material_extrusion_width = 0
; support_material_interface_contact_loops = 0
; support_material_interface_extruder = 1
; support_material_interface_layers = 3
; support_material_interface_pattern = rectilinear
; support_material_interface_spacing = 0
; support_material_interface_speed = 100%
; support_material_pattern = rectilinear
; support_material_spacing = 2.5
; support_material_speed = 60
; support_material_style = grid
; support_material_synchronize_layers = 0
; support_material_threshold = 0
; support_material_with_sheath = 1
; support_material_xy_spacing = 50%
; support_tree_angle = 40
; support_tree_angle_slow = 25
; support_tree_branch_diameter = 2
; support_tree_branch_diameter_angle = 5
; support_tree_branch_diameter_double_wall = 3
; support_tree_branch_distance = 1
; support_tree_tip_diameter = 0.8
; support_tree_top_rate = 15%
; temperature = 215
; template_custom_gcode = 
; thick_bridges = 1
; thin_walls = 1
; thumbnails = 
; thumbnails_format = PNG
; toolchange_gcode = 
; top_fill_pattern = monotonic
; top_infill_extrusion_width = 0
; top_one_perimeter_type = none
; top_solid_infill_acceleration = 0
; top_solid_infill_speed = 15
; top_solid_layers = 3
; top_solid_min_thickness = 0
; travel_acceleration = 0
; travel_lift_before_obstacle = 0
; travel_max_lift = 0
; travel_ramping_lift = 0
; travel_short_distance_acceleration = 0
; travel_slope = 0
; travel_speed = 130
; travel_speed_z = 0
; use_firmware_retraction = 0
; use_relative_e_distances = 0
; use_volumetric_e = 0
; variable_layer_height = 1
; wall_distribution_count = 1
; wall_transition_angle = 10
; wall_transition_filter_deviation = 25%
; wall_transition_length = 100%
; wipe = 0
; wipe_into_infill = 0
; wipe_into_objects = 0
; wipe_tower = 0
; wipe_tower_acceleration = 0
; wipe_tower_bridging = 10
; wipe_tower_brim_width = 2
; wipe_tower_cone_angle = 0
; wipe_tower_extra_flow = 100%
; wipe_tower_extra_spacing = 100%
; wipe_tower_extruder = 0
; wipe_tower_no_sparse_layers = 0
; wipe_tower_width = 60
; wiping_volumes_matrix = 0,140,140,140,140,140,0,140,140,140,140,140,0,140,140,140,140,140,0,140,140,140,140,140,0
; wiping_volumes_use_custom_matrix = 0
; xy_size_compensation = 0
; z_offset = 0
; prusaslicer_config = end
M84 ; disable motors
