solid csg_export
	facet normal -1 0 0
		outer loop
			vertex 4.3232998847961 2.1159000396729 0
			vertex 4.3232998847961 2.1159000396729 0.43999999761581
			vertex 4.3232998847961 14.811200141907 0
		endloop
	endfacet
	facet normal 0 0 -1
		outer loop
			vertex 4.3232998847961 2.1159000396729 0
			vertex 4.8637156486511 14.811200141907 0
			vertex 8.1061840057373 2.1159000396729 0
		endloop
	endfacet
	facet normal 0 0 -1
		outer loop
			vertex 8.1061840057373 2.1159000396729 0
			vertex 8.6465997695923 14.811200141907 0
			vertex 8.6465997695923 2.1159000396729 0
		endloop
	endfacet
	facet normal 1 0 0
		outer loop
			vertex 8.6465997695923 2.1159000396729 0
			vertex 8.6465997695923 14.811200141907 0.43999999761581
			vertex 8.6465997695923 2.1159000396729 0.43999999761581
		endloop
	endfacet
	facet normal 0 0 1
		outer loop
			vertex 4.3232998847961 1.410605430603 0.43999999761581
			vertex 6.271999835968 2.1159000396729 0.43999999761581
			vertex 4.3232998847961 2.1159000396729 0.43999999761581
		endloop
	endfacet
	facet normal -0 0 1
		outer loop
			vertex 4.3232998847961 1.410605430603 0.43999999761581
			vertex 6.271999835968 1.0926984548569 0.43999999761581
			vertex 6.271999835968 2.1159000396729 0.43999999761581
		endloop
	endfacet
	facet normal -0 0 1
		outer loop
			vertex 6.6979999542236 1.023201584816 0.43999999761581
			vertex 8.6465997695923 0.70531088113785 0.43999999761581
			vertex 6.6979999542236 2.1159000396729 0.43999999761581
		endloop
	endfacet
	facet normal -0 0 1
		outer loop
			vertex 6.6979999542236 2.1159000396729 0.43999999761581
			vertex 8.6465997695923 0.70531088113785 0.43999999761581
			vertex 8.6465997695923 2.1159000396729 0.43999999761581
		endloop
	endfacet
	facet normal 0 0 1
		outer loop
			vertex 4.3232998847961 2.1159000396729 0.43999999761581
			vertex 6.271999835968 2.1159000396729 0.43999999761581
			vertex 4.3232998847961 13.684599876404 0.43999999761581
		endloop
	endfacet
	facet normal 0 0 1
		outer loop
			vertex 6.6979999542236 2.1159000396729 0.43999999761581
			vertex 8.6465997695923 2.1159000396729 0.43999999761581
			vertex 8.1035995483398 13.684599876404 0.43999999761581
		endloop
	endfacet
	facet normal 0 0 -1
		outer loop
			vertex 4.3232998847961 2.1159000396729 0
			vertex 4.3232998847961 14.811200141907 0
			vertex 4.8637156486511 14.811200141907 0
		endloop
	endfacet
	facet normal -1 0 0
		outer loop
			vertex 4.3232998847961 2.1159000396729 0.43999999761581
			vertex 4.3232998847961 13.684599876404 0.20499999821186
			vertex 4.3232998847961 14.811200141907 0
		endloop
	endfacet
	facet normal -1 0 0
		outer loop
			vertex 4.3232998847961 14.811200141907 0
			vertex 4.3232998847961 13.684599876404 0.20499999821186
			vertex 4.3232998847961 14.811200141907 0.20499999821186
		endloop
	endfacet
	facet normal 0 0 -1
		outer loop
			vertex 4.8637156486511 14.811200141907 0
			vertex 8.6465997695923 14.811200141907 0
			vertex 8.1061840057373 2.1159000396729 0
		endloop
	endfacet
	facet normal 1 0 0
		outer loop
			vertex 8.6465997695923 2.1159000396729 0
			vertex 8.6465997695923 14.811200141907 0
			vertex 8.6465997695923 14.811200141907 0.20499999821186
		endloop
	endfacet
	facet normal 1 0 0
		outer loop
			vertex 8.6465997695923 2.1159000396729 0
			vertex 8.6465997695923 13.684599876404 0.20499999821186
			vertex 8.6465997695923 13.684599876404 0.23170454800129
		endloop
	endfacet
	facet normal 1 0 0
		outer loop
			vertex 8.6465997695923 2.1159000396729 0
			vertex 8.6465997695923 14.811200141907 0.20499999821186
			vertex 8.6465997695923 13.684599876404 0.20499999821186
		endloop
	endfacet
	facet normal 1 0 0
		outer loop
			vertex 8.6465997695923 2.1159000396729 0
			vertex 8.6465997695923 13.684599876404 0.23170454800129
			vertex 8.6465997695923 14.811200141907 0.43999999761581
		endloop
	endfacet
	facet normal 1 0 0
		outer loop
			vertex 8.6465997695923 13.684599876404 0.23170454800129
			vertex 8.6465997695923 14.811200141907 0.23170454800129
			vertex 8.6465997695923 14.811200141907 0.43999999761581
		endloop
	endfacet
	facet normal -1 0 0
		outer loop
			vertex 4.3232998847961 2.1159000396729 0.43999999761581
			vertex 4.3232998847961 13.684599876404 0.43999999761581
			vertex 4.3232998847961 13.684599876404 0.20499999821186
		endloop
	endfacet
	facet normal 0 -0 1
		outer loop
			vertex 6.271999835968 2.1159000396729 0.43999999761581
			vertex 6.271999835968 12.625599861145 0.43999999761581
			vertex 4.3232998847961 13.684599876404 0.43999999761581
		endloop
	endfacet
	facet normal 0 0 1
		outer loop
			vertex 6.6979999542236 2.1159000396729 0.43999999761581
			vertex 8.1035995483398 13.684599876404 0.43999999761581
			vertex 6.6979999542236 12.625599861145 0.43999999761581
		endloop
	endfacet
	facet normal 0 0 1
		outer loop
			vertex 8.6465997695923 2.1159000396729 0.43999999761581
			vertex 8.5296001434326 13.684599876404 0.43999999761581
			vertex 8.1035995483398 13.684599876404 0.43999999761581
		endloop
	endfacet
	facet normal 0 -0 1
		outer loop
			vertex 8.6465997695923 2.1159000396729 0.43999999761581
			vertex 8.6465997695923 14.811200141907 0.43999999761581
			vertex 8.5296001434326 13.684599876404 0.43999999761581
		endloop
	endfacet
	facet normal 0 0 1
		outer loop
			vertex 6.271999835968 12.625599861145 0.43999999761581
			vertex 4.6462998390198 13.684599876404 0.43999999761581
			vertex 4.3232998847961 13.684599876404 0.43999999761581
		endloop
	endfacet
	facet normal 0 0 1
		outer loop
			vertex 6.271999835968 12.625599861145 0.43999999761581
			vertex 6.6979999542236 12.625599861145 0.43999999761581
			vertex 8.1035995483398 15.605094909668 0.43999999761581
		endloop
	endfacet
	facet normal 0 -0 1
		outer loop
			vertex 6.271999835968 12.625599861145 0.43999999761581
			vertex 8.1035995483398 15.605094909668 0.43999999761581
			vertex 4.6462998390198 13.684599876404 0.43999999761581
		endloop
	endfacet
	facet normal 0 0 1
		outer loop
			vertex 4.6462998390198 13.684599876404 0.43999999761581
			vertex 8.1035995483398 15.605094909668 0.43999999761581
			vertex 4.6462998390198 16.169111251831 0.43999999761581
		endloop
	endfacet
	facet normal 0 0 1
		outer loop
			vertex 6.6979999542236 12.625599861145 0.43999999761581
			vertex 8.1035995483398 13.684599876404 0.43999999761581
			vertex 8.1035995483398 15.605094909668 0.43999999761581
		endloop
	endfacet
	facet normal 0 0 1
		outer loop
			vertex 8.5296001434326 13.684599876404 0.43999999761581
			vertex 8.6465997695923 14.811200141907 0.43999999761581
			vertex 8.6465997695923 15.51651096344 0.43999999761581
		endloop
	endfacet
	facet normal 0 0 1
		outer loop
			vertex 8.5296001434326 13.684599876404 0.43999999761581
			vertex 8.6465997695923 15.51651096344 0.43999999761581
			vertex 8.5296001434326 15.535597801208 0.43999999761581
		endloop
	endfacet
	facet normal 0 0 -1
		outer loop
			vertex 0 0 0
			vertex 0.41090473532677 0.9199783205986 0
			vertex 0.41773143410683 0.90976142883301 0
		endloop
	endfacet
	facet normal 0 0 -1
		outer loop
			vertex 0 0 0
			vertex 0.40850749611855 0.93203002214432 0
			vertex 0.41090473532677 0.9199783205986 0
		endloop
	endfacet
	facet normal 0 0 -1
		outer loop
			vertex 0 0 0
			vertex 0.40850749611855 1.1839699745178 0
			vertex 0.40850749611855 0.93203002214432 0
		endloop
	endfacet
	facet normal 0 0 -1
		outer loop
			vertex 0 0 0
			vertex 0.41773143410683 0.90976142883301 0
			vertex 0.50171142816544 0.82578146457672 0
		endloop
	endfacet
	facet normal 0 0 -1
		outer loop
			vertex 0 0 0
			vertex 0.51192831993103 0.81895470619202 0
			vertex 0.52398002147675 0.81655752658844 0
		endloop
	endfacet
	facet normal 0 0 -1
		outer loop
			vertex 0 0 0
			vertex 0.50171142816544 0.82578146457672 0
			vertex 0.51192831993103 0.81895470619202 0
		endloop
	endfacet
	facet normal 0 0 -1
		outer loop
			vertex 0 0 0
			vertex 0.52398002147675 0.81655752658844 0
			vertex 0.77591997385025 0.81655752658844 0
		endloop
	endfacet
	facet normal 0 0 -1
		outer loop
			vertex 0 0 0
			vertex 0.77591997385025 0.81655752658844 0
			vertex 0.78797167539597 0.81895470619202 0
		endloop
	endfacet
	facet normal 0 0 -1
		outer loop
			vertex 0 0 0
			vertex 0.78797167539597 0.81895470619202 0
			vertex 0.92979609966278 0.81988227367401 0
		endloop
	endfacet
	facet normal 0 0 -1
		outer loop
			vertex 0.47149249911308 0.9450746178627 0
			vertex 0.76287537813187 1.2364574670792 0
			vertex 0.53702461719513 0.87954252958298 0
		endloop
	endfacet
	facet normal 0 0 -1
		outer loop
			vertex 0 0 0
			vertex 1.0137761831284 0.77789223194122 0
			vertex 1.0158083438873 0.77696472406387 0
		endloop
	endfacet
	facet normal 0 0 -1
		outer loop
			vertex 0 0 0
			vertex 1.0158083438873 0.77696472406387 0
			vertex 1.027860045433 0.77456748485565 0
		endloop
	endfacet
	facet normal 0 0 -1
		outer loop
			vertex 0 0 0
			vertex 0.92979609966278 0.81988227367401 0
			vertex 1.0137761831284 0.77789223194122 0
		endloop
	endfacet
	facet normal 0 0 -1
		outer loop
			vertex 0.53702461719513 0.87954252958298 0
			vertex 0.76287537813187 1.2364574670792 0
			vertex 0.76287537813187 0.87954252958298 0
		endloop
	endfacet
	facet normal 0 0 -1
		outer loop
			vertex 0.78797167539597 0.81895470619202 0
			vertex 0.79818856716156 0.82578146457672 0
			vertex 0.92979609966278 0.81988227367401 0
		endloop
	endfacet
	facet normal 0 0 -1
		outer loop
			vertex 0.79818856716156 0.82578146457672 0
			vertex 0.9216114282608 0.82578146457672 0
			vertex 0.92995738983154 0.82020485401154 0
		endloop
	endfacet
	facet normal 0 0 -1
		outer loop
			vertex 0.79818856716156 0.82578146457672 0
			vertex 0.92995738983154 0.82020485401154 0
			vertex 0.92979609966278 0.81988227367401 0
		endloop
	endfacet
	facet normal 0 0 -1
		outer loop
			vertex 0.79818856716156 0.82578146457672 0
			vertex 0.91238749027252 0.84804999828339 0
			vertex 0.91478472948074 0.83599835634232 0
		endloop
	endfacet
	facet normal 0 0 -1
		outer loop
			vertex 0.79818856716156 0.82578146457672 0
			vertex 0.91478472948074 0.83599835634232 0
			vertex 0.9216114282608 0.82578146457672 0
		endloop
	endfacet
	facet normal 0 0 -1
		outer loop
			vertex 0.79818856716156 0.82578146457672 0
			vertex 0.88216853141785 0.90976142883301 0
			vertex 0.91238749027252 0.84804999828339 0
		endloop
	endfacet
	facet normal 0 0 -1
		outer loop
			vertex 0.88216853141785 0.90976142883301 0
			vertex 0.88899528980255 0.9199783205986 0
			vertex 0.91238749027252 0.84804999828339 0
		endloop
	endfacet
	facet normal 0 0 -1
		outer loop
			vertex 0.76287537813187 0.87954252958298 0
			vertex 0.85989999771118 1.1524775028229 0
			vertex 0.83763146400452 0.95429855585098 0
		endloop
	endfacet
	facet normal 0 0 -1
		outer loop
			vertex 0.88216853141785 0.95429855585098 0
			vertex 0.91478472948074 0.94408166408539 0
			vertex 0.88899528980255 0.94408166408539 0
		endloop
	endfacet
	facet normal 0 0 -1
		outer loop
			vertex 0.83763146400452 0.95429855585098 0
			vertex 0.85989999771118 1.1524775028229 0
			vertex 0.84784835577011 0.96112525463104 0
		endloop
	endfacet
	facet normal 0 0 -1
		outer loop
			vertex 0.84784835577011 0.96112525463104 0
			vertex 0.9216114282608 1.0777214765549 0
			vertex 0.85989999771118 0.96352249383926 0
		endloop
	endfacet
	facet normal 0 0 -1
		outer loop
			vertex 0.85989999771118 0.96352249383926 0
			vertex 0.9216114282608 1.0777214765549 0
			vertex 0.87195163965225 0.96112525463104 0
		endloop
	endfacet
	facet normal 0 0 -1
		outer loop
			vertex 0.88216853141785 0.95429855585098 0
			vertex 0.87195163965225 0.96112525463104 0
			vertex 0.9216114282608 1.0777214765549 0
		endloop
	endfacet
	facet normal 0 0 -1
		outer loop
			vertex 0.84784835577011 0.96112525463104 0
			vertex 0.91238749027252 1.0999900102615 0
			vertex 0.91478472948074 1.0879383087158 0
		endloop
	endfacet
	facet normal 0 0 -1
		outer loop
			vertex 0.84784835577011 0.96112525463104 0
			vertex 0.91478472948074 1.0879383087158 0
			vertex 0.9216114282608 1.0777214765549 0
		endloop
	endfacet
	facet normal 0 0 -1
		outer loop
			vertex 1.0137761831284 0.77789223194122 0
			vertex 1.0139374732971 0.77821481227875 0
			vertex 1.0158083438873 0.77696472406387 0
		endloop
	endfacet
	facet normal 0 0 -1
		outer loop
			vertex 0.88899528980255 0.9199783205986 0
			vertex 0.89139252901077 0.93203002214432 0
			vertex 0.91238749027252 0.84804999828339 0
		endloop
	endfacet
	facet normal 0 0 -1
		outer loop
			vertex 0.89139252901077 0.93203002214432 0
			vertex 0.91238749027252 0.93203002214432 0
			vertex 0.91238749027252 0.84804999828339 0
		endloop
	endfacet
	facet normal 0 0 -1
		outer loop
			vertex 0.97537249326706 0.86751341819763 0
			vertex 0.97537249326706 0.91898536682129 0
			vertex 1.0352944135666 0.83755248785019 0
		endloop
	endfacet
	facet normal 0 0 -1
		outer loop
			vertex 0.97537249326706 0.91898536682129 0
			vertex 1.0409046411514 0.98451751470566 0
			vertex 1.0352944135666 0.83755248785019 0
		endloop
	endfacet
	facet normal 0 0 -1
		outer loop
			vertex 0.89139252901077 0.93203002214432 0
			vertex 0.88899528980255 0.94408166408539 0
			vertex 0.91238749027252 0.93203002214432 0
		endloop
	endfacet
	facet normal 0 0 -1
		outer loop
			vertex 0.88899528980255 0.94408166408539 0
			vertex 0.91478472948074 0.94408166408539 0
			vertex 0.91238749027252 0.93203002214432 0
		endloop
	endfacet
	facet normal 0 0 -1
		outer loop
			vertex 0.88216853141785 0.95429855585098 0
			vertex 0.9216114282608 0.95429855585098 0
			vertex 0.91478472948074 0.94408166408539 0
		endloop
	endfacet
	facet normal 0 0 -1
		outer loop
			vertex 0.88216853141785 0.95429855585098 0
			vertex 0.9216114282608 1.0777214765549 0
			vertex 0.9216114282608 0.95429855585098 0
		endloop
	endfacet
	facet normal 0 0 -1
		outer loop
			vertex 0.9216114282608 0.95429855585098 0
			vertex 0.9216114282608 1.0777214765549 0
			vertex 0.98332285881042 1.0160100460052 0
		endloop
	endfacet
	facet normal 0 0 -1
		outer loop
			vertex 1.0352944135666 0.83755248785019 0
			vertex 1.0409046411514 0.98451751470566 0
			vertex 1.2667553424835 0.98451751470566 0
		endloop
	endfacet
	facet normal 0 0 -1
		outer loop
			vertex 0 0 0
			vertex 0 2.1159000396729 0
			vertex 0.40850749611855 1.1839699745178 0
		endloop
	endfacet
	facet normal 0 0 -1
		outer loop
			vertex 0.40850749611855 1.1839699745178 0
			vertex 0 2.1159000396729 0
			vertex 0.41090473532677 1.1960216760635 0
		endloop
	endfacet
	facet normal -0 0 -1
		outer loop
			vertex 0.41773143410683 1.2062385082245 0
			vertex 0.41090473532677 1.1960216760635 0
			vertex 0 2.1159000396729 0
		endloop
	endfacet
	facet normal 0 0 -1
		outer loop
			vertex 0.47149249911308 0.9450746178627 0
			vertex 0.47149249911308 1.1709253787994 0
			vertex 0.76287537813187 1.2364574670792 0
		endloop
	endfacet
	facet normal 0 0 -1
		outer loop
			vertex 0.47149249911308 1.1709253787994 0
			vertex 0.53702461719513 1.2364574670792 0
			vertex 0.76287537813187 1.2364574670792 0
		endloop
	endfacet
	facet normal 0 0 -1
		outer loop
			vertex 0.41773143410683 1.2062385082245 0
			vertex 0 2.1159000396729 0
			vertex 0.50171142816544 1.2902185916901 0
		endloop
	endfacet
	facet normal 0 0 -1
		outer loop
			vertex 0.50171142816544 1.2902185916901 0
			vertex 0 2.1159000396729 0
			vertex 0.51192831993103 1.2970452308655 0
		endloop
	endfacet
	facet normal 0 0 -1
		outer loop
			vertex 0.51192831993103 1.2970452308655 0
			vertex 0 2.1159000396729 0
			vertex 0.52398002147675 1.2994425296783 0
		endloop
	endfacet
	facet normal 0 0 -1
		outer loop
			vertex 0.52398002147675 1.2994425296783 0
			vertex 0 2.1159000396729 0
			vertex 0.77591997385025 1.2994425296783 0
		endloop
	endfacet
	facet normal 0 0 -1
		outer loop
			vertex 0.77591997385025 1.2994425296783 0
			vertex 0 2.1159000396729 0
			vertex 0.78797167539597 1.2970452308655 0
		endloop
	endfacet
	facet normal 0 0 -1
		outer loop
			vertex 0.76287537813187 0.87954252958298 0
			vertex 0.83763146400452 1.1617014408112 0
			vertex 0.84784835577011 1.1548746824265 0
		endloop
	endfacet
	facet normal 0 0 -1
		outer loop
			vertex 0.76287537813187 0.87954252958298 0
			vertex 0.76287537813187 1.2364574670792 0
			vertex 0.83763146400452 1.1617014408112 0
		endloop
	endfacet
	facet normal 0 0 -1
		outer loop
			vertex 0.76287537813187 0.87954252958298 0
			vertex 0.84784835577011 1.1548746824265 0
			vertex 0.85989999771118 1.1524775028229 0
		endloop
	endfacet
	facet normal 0 0 -1
		outer loop
			vertex 0.84784835577011 0.96112525463104 0
			vertex 0.85989999771118 1.1524775028229 0
			vertex 0.91238749027252 1.0999900102615 0
		endloop
	endfacet
	facet normal 0 0 -1
		outer loop
			vertex 0.85989999771118 1.1524775028229 0
			vertex 0.87195163965225 1.1548746824265 0
			vertex 0.91238749027252 1.0999900102615 0
		endloop
	endfacet
	facet normal 0 0 -1
		outer loop
			vertex 0.87195163965225 1.1548746824265 0
			vertex 0.88216853141785 1.1617014408112 0
			vertex 0.91238749027252 1.0999900102615 0
		endloop
	endfacet
	facet normal 0 0 -1
		outer loop
			vertex 0.88216853141785 1.1617014408112 0
			vertex 0.88899528980255 1.1719183921814 0
			vertex 0.91238749027252 1.0999900102615 0
		endloop
	endfacet
	facet normal 0 0 -1
		outer loop
			vertex 0.88216853141785 1.2062385082245 0
			vertex 0.91478472948074 1.1960216760635 0
			vertex 0.88899528980255 1.1960216760635 0
		endloop
	endfacet
	facet normal 0 0 -1
		outer loop
			vertex 0.79818856716156 1.2902185916901 0
			vertex 0.9216114282608 1.2062385082245 0
			vertex 0.88216853141785 1.2062385082245 0
		endloop
	endfacet
	facet normal 0 0 -1
		outer loop
			vertex 0.78797167539597 1.2970452308655 0
			vertex 1.0055913925171 1.2902185916901 0
			vertex 0.79818856716156 1.2902185916901 0
		endloop
	endfacet
	facet normal 0 0 -1
		outer loop
			vertex 0.78797167539597 1.2970452308655 0
			vertex 0 2.1159000396729 0
			vertex 1.0055913925171 1.2902185916901 0
		endloop
	endfacet
	facet normal 0 0 -1
		outer loop
			vertex 1.0055913925171 1.2902185916901 0
			vertex 0 2.1159000396729 0
			vertex 1.0158083438873 1.2970452308655 0
		endloop
	endfacet
	facet normal 0 0 -1
		outer loop
			vertex 1.0158083438873 1.2970452308655 0
			vertex 0 2.1159000396729 0
			vertex 1.027860045433 1.2994425296783 0
		endloop
	endfacet
	facet normal 0 0 -1
		outer loop
			vertex 1.027860045433 1.2994425296783 0
			vertex 0 2.1159000396729 0
			vertex 1.2798000574112 1.2994425296783 0
		endloop
	endfacet
	facet normal 0 0 -1
		outer loop
			vertex 1.2798000574112 1.2994425296783 0
			vertex 0 2.1159000396729 0
			vertex 1.2918516397476 1.2970452308655 0
		endloop
	endfacet
	facet normal 0 0 -1
		outer loop
			vertex 0.88899528980255 1.1719183921814 0
			vertex 0.89139252901077 1.1839699745178 0
			vertex 0.91238749027252 1.0999900102615 0
		endloop
	endfacet
	facet normal 0 0 -1
		outer loop
			vertex 0.89139252901077 1.1839699745178 0
			vertex 0.91238749027252 1.1839699745178 0
			vertex 0.91238749027252 1.0999900102615 0
		endloop
	endfacet
	facet normal 0 0 -1
		outer loop
			vertex 0.89139252901077 1.1839699745178 0
			vertex 0.88899528980255 1.1960216760635 0
			vertex 0.91238749027252 1.1839699745178 0
		endloop
	endfacet
	facet normal 0 0 -1
		outer loop
			vertex 1.0363658666611 1.0520412921906 0
			vertex 0.97537249326706 1.1130346059799 0
			vertex 0.97537249326706 1.1709253787994 0
		endloop
	endfacet
	facet normal 0 0 -1
		outer loop
			vertex 1.0363658666611 1.0520412921906 0
			vertex 0.97537249326706 1.1709253787994 0
			vertex 1.0409046411514 1.2364574670792 0
		endloop
	endfacet
	facet normal 0 0 -1
		outer loop
			vertex 0.88899528980255 1.1960216760635 0
			vertex 0.91478472948074 1.1960216760635 0
			vertex 0.91238749027252 1.1839699745178 0
		endloop
	endfacet
	facet normal 0 0 -1
		outer loop
			vertex 0.88216853141785 1.2062385082245 0
			vertex 0.9216114282608 1.2062385082245 0
			vertex 0.91478472948074 1.1960216760635 0
		endloop
	endfacet
	facet normal 0 0 -1
		outer loop
			vertex 0.79818856716156 1.2902185916901 0
			vertex 1.0055913925171 1.2902185916901 0
			vertex 0.9216114282608 1.2062385082245 0
		endloop
	endfacet
	facet normal 0 0 -1
		outer loop
			vertex 1.0363658666611 1.0520412921906 0
			vertex 1.0409046411514 1.2364574670792 0
			vertex 1.2667553424835 1.2364574670792 0
		endloop
	endfacet
	facet normal 0 0 -1
		outer loop
			vertex 1.0363658666611 1.0520412921906 0
			vertex 1.2667553424835 1.2364574670792 0
			vertex 1.2627882957458 1.1275154352188 0
		endloop
	endfacet
	facet normal 0 0 -1
		outer loop
			vertex 1.2918516397476 1.2970452308655 0
			vertex 0 2.1159000396729 0
			vertex 1.4357082843781 1.2970452308655 0
		endloop
	endfacet
	facet normal 0 0 -1
		outer loop
			vertex 1.4357082843781 1.2970452308655 0
			vertex 0 2.1159000396729 0
			vertex 1.4477599859238 1.2994425296783 0
		endloop
	endfacet
	facet normal 0 0 -1
		outer loop
			vertex 1.4477599859238 1.2994425296783 0
			vertex 0 2.1159000396729 0
			vertex 1.7416900396347 1.2994425296783 0
		endloop
	endfacet
	facet normal 0 0 -1
		outer loop
			vertex 0 2.1159000396729 0
			vertex 1.7537416219711 1.2970452308655 0
			vertex 1.7416900396347 1.2994425296783 0
		endloop
	endfacet
	facet normal 0 0 -1
		outer loop
			vertex 1.2918516397476 0.77696472406387 0
			vertex 1.2937226295471 0.77821481227875 0
			vertex 1.2938839197159 0.77789223194122 0
		endloop
	endfacet
	facet normal 0 0 -1
		outer loop
			vertex 1.0352944135666 0.83755248785019 0
			vertex 1.3322875499725 0.91898536682129 0
			vertex 1.2723655700684 0.83755248785019 0
		endloop
	endfacet
	facet normal 0 0 -1
		outer loop
			vertex 1.0352944135666 0.83755248785019 0
			vertex 1.2667553424835 0.98451751470566 0
			vertex 1.3322875499725 0.91898536682129 0
		endloop
	endfacet
	facet normal 0 0 -1
		outer loop
			vertex 1.2723655700684 0.83755248785019 0
			vertex 1.3322875499725 0.91898536682129 0
			vertex 1.3322875499725 0.86751341819763 0
		endloop
	endfacet
	facet normal 0 0 -1
		outer loop
			vertex 1.2219254970551 1.0475025177002 0
			vertex 1.2897588014603 1.0701135396957 0
			vertex 1.2798000574112 1.0475025177002 0
		endloop
	endfacet
	facet normal 0 0 -1
		outer loop
			vertex 1.2798000574112 1.0475025177002 0
			vertex 1.2897588014603 1.0701135396957 0
			vertex 1.2918516397476 1.0451052188873 0
		endloop
	endfacet
	facet normal 0 0 -1
		outer loop
			vertex 1.2918516397476 1.0451052188873 0
			vertex 1.3020685911179 1.0777214765549 0
			vertex 1.3020685911179 1.0382785797119 0
		endloop
	endfacet
	facet normal 0 0 -1
		outer loop
			vertex 1.3777025938034 0.82020485401154 0
			vertex 1.3860485553741 0.82578146457672 0
			vertex 1.3778638839722 0.81988227367401 0
		endloop
	endfacet
	facet normal 0 0 -1
		outer loop
			vertex 1.3778638839722 0.81988227367401 0
			vertex 1.3860485553741 0.82578146457672 0
			vertex 1.4357082843781 0.81895470619202 0
		endloop
	endfacet
	facet normal 0 0 -1
		outer loop
			vertex 1.3860485553741 0.82578146457672 0
			vertex 1.4254914522171 0.82578146457672 0
			vertex 1.4357082843781 0.81895470619202 0
		endloop
	endfacet
	facet normal 0 0 -1
		outer loop
			vertex 1.3928753137589 0.83599835634232 0
			vertex 1.3952724933624 0.84804999828339 0
			vertex 1.4186646938324 0.83599835634232 0
		endloop
	endfacet
	facet normal 0 0 -1
		outer loop
			vertex 1.3860485553741 0.82578146457672 0
			vertex 1.3928753137589 0.83599835634232 0
			vertex 1.4254914522171 0.82578146457672 0
		endloop
	endfacet
	facet normal 0 0 -1
		outer loop
			vertex 1.3928753137589 0.83599835634232 0
			vertex 1.4186646938324 0.83599835634232 0
			vertex 1.4254914522171 0.82578146457672 0
		endloop
	endfacet
	facet normal 0 0 -1
		outer loop
			vertex 1.3952724933624 0.84804999828339 0
			vertex 1.4162675142288 0.84804999828339 0
			vertex 1.4186646938324 0.83599835634232 0
		endloop
	endfacet
	facet normal 0 0 -1
		outer loop
			vertex 1.3952724933624 0.84804999828339 0
			vertex 1.3952724933624 0.93203002214432 0
			vertex 1.4162675142288 0.84804999828339 0
		endloop
	endfacet
	facet normal 0 0 -1
		outer loop
			vertex 1.4162675142288 0.84804999828339 0
			vertex 1.3952724933624 0.93203002214432 0
			vertex 1.3928753137589 0.94408166408539 0
		endloop
	endfacet
	facet normal 0 0 -1
		outer loop
			vertex 1.3778638839722 0.81988227367401 0
			vertex 1.4357082843781 0.81895470619202 0
			vertex 1.4477599859238 0.81655752658844 0
		endloop
	endfacet
	facet normal 0 0 -1
		outer loop
			vertex 1.4162675142288 0.84804999828339 0
			vertex 1.3928753137589 0.94408166408539 0
			vertex 1.3928753137589 1.1719183921814 0
		endloop
	endfacet
	facet normal 0 0 -1
		outer loop
			vertex 1.3020685911179 1.0382785797119 0
			vertex 1.3860485553741 1.1617014408112 0
			vertex 1.3860485553741 0.95429855585098 0
		endloop
	endfacet
	facet normal 0 0 -1
		outer loop
			vertex 1.3860485553741 0.95429855585098 0
			vertex 1.3928753137589 1.1719183921814 0
			vertex 1.3928753137589 0.94408166408539 0
		endloop
	endfacet
	facet normal 0 0 -1
		outer loop
			vertex 1.3778638839722 0.81988227367401 0
			vertex 1.4477599859238 0.81655752658844 0
			vertex 2.0356199741364 0.77456748485565 0
		endloop
	endfacet
	facet normal 0 0 -1
		outer loop
			vertex 1.4792524576187 0.87954252958298 0
			vertex 1.4792524576187 1.0265074968338 0
			vertex 1.7365794181824 1.0265074968338 0
		endloop
	endfacet
	facet normal 0 0 -1
		outer loop
			vertex 1.4477599859238 0.81655752658844 0
			vertex 1.7416900396347 0.81655752658844 0
			vertex 2.0356199741364 0.77456748485565 0
		endloop
	endfacet
	facet normal 0 0 -1
		outer loop
			vertex 1.7537416219711 0.81895470619202 0
			vertex 1.7588232755661 0.82235014438629 0
			vertex 1.7591588497162 0.82184666395187 0
		endloop
	endfacet
	facet normal 0 0 -1
		outer loop
			vertex 1.4792524576187 0.87954252958298 0
			vertex 1.7365794181824 1.0265074968338 0
			vertex 1.7321548461914 0.87954252958298 0
		endloop
	endfacet
	facet normal 0 0 -1
		outer loop
			vertex 1.7321548461914 0.87954252958298 0
			vertex 1.7365794181824 1.0265074968338 0
			vertex 1.8361674547195 0.99331146478653 0
		endloop
	endfacet
	facet normal 0 0 -1
		outer loop
			vertex 1.7416900396347 0.81655752658844 0
			vertex 2.0215361118317 0.77789223194122 0
			vertex 2.0235683917999 0.77696472406387 0
		endloop
	endfacet
	facet normal 0 0 -1
		outer loop
			vertex 1.7416900396347 0.81655752658844 0
			vertex 2.0235683917999 0.77696472406387 0
			vertex 2.0356199741364 0.77456748485565 0
		endloop
	endfacet
	facet normal 0 0 -1
		outer loop
			vertex 2.0215361118317 0.77789223194122 0
			vertex 2.0216975212097 0.77821481227875 0
			vertex 2.0235683917999 0.77696472406387 0
		endloop
	endfacet
	facet normal 0 0 -1
		outer loop
			vertex 1.7537416219711 0.81895470619202 0
			vertex 1.7591588497162 0.82184666395187 0
			vertex 1.9375561475754 0.81988227367401 0
		endloop
	endfacet
	facet normal 0 0 -1
		outer loop
			vertex 1.7416900396347 0.81655752658844 0
			vertex 1.7537416219711 0.81895470619202 0
			vertex 2.0215361118317 0.77789223194122 0
		endloop
	endfacet
	facet normal 0 0 -1
		outer loop
			vertex 1.7591588497162 0.82184666395187 0
			vertex 1.8851288557053 0.90582662820816 0
			vertex 1.9201475381851 0.84804999828339 0
		endloop
	endfacet
	facet normal 0 0 -1
		outer loop
			vertex 1.7591588497162 0.82184666395187 0
			vertex 1.9293714761734 0.82578146457672 0
			vertex 1.9377174377441 0.82020485401154 0
		endloop
	endfacet
	facet normal 0 0 -1
		outer loop
			vertex 1.7591588497162 0.82184666395187 0
			vertex 1.9377174377441 0.82020485401154 0
			vertex 1.9375561475754 0.81988227367401 0
		endloop
	endfacet
	facet normal 0 0 -1
		outer loop
			vertex 1.7591588497162 0.82184666395187 0
			vertex 1.9201475381851 0.84804999828339 0
			vertex 1.9225447177887 0.83599835634232 0
		endloop
	endfacet
	facet normal 0 0 -1
		outer loop
			vertex 1.7591588497162 0.82184666395187 0
			vertex 1.9225447177887 0.83599835634232 0
			vertex 1.9293714761734 0.82578146457672 0
		endloop
	endfacet
	facet normal 0 0 -1
		outer loop
			vertex 1.7537416219711 0.81895470619202 0
			vertex 1.9375561475754 0.81988227367401 0
			vertex 2.0215361118317 0.77789223194122 0
		endloop
	endfacet
	facet normal 0 0 -1
		outer loop
			vertex 1.9201475381851 0.84804999828339 0
			vertex 1.8851288557053 0.90582662820816 0
			vertex 1.8899285793304 0.90976142883301 0
		endloop
	endfacet
	facet normal 0 0 -1
		outer loop
			vertex 1.9201475381851 0.84804999828339 0
			vertex 1.8899285793304 0.90976142883301 0
			vertex 1.8967552185059 0.9199783205986 0
		endloop
	endfacet
	facet normal 0 0 -1
		outer loop
			vertex 1.8847932815552 0.90633010864258 0
			vertex 1.8899285793304 0.90976142883301 0
			vertex 1.8851288557053 0.90582662820816 0
		endloop
	endfacet
	facet normal 0 0 -1
		outer loop
			vertex 1.9201475381851 0.84804999828339 0
			vertex 1.8967552185059 0.9199783205986 0
			vertex 1.8991525173187 0.93203002214432 0
		endloop
	endfacet
	facet normal 0 0 -1
		outer loop
			vertex 1.9201475381851 0.84804999828339 0
			vertex 1.8991525173187 0.93203002214432 0
			vertex 1.9201475381851 0.93203002214432 0
		endloop
	endfacet
	facet normal 0 0 -1
		outer loop
			vertex 1.7321548461914 0.87954252958298 0
			vertex 1.8361674547195 0.99331146478653 0
			vertex 1.8361674547195 0.94888424873352 0
		endloop
	endfacet
	facet normal 0 0 -1
		outer loop
			vertex 1.8991525173187 0.93203002214432 0
			vertex 1.8991525173187 1.0160100460052 0
			vertex 1.9201475381851 0.93203002214432 0
		endloop
	endfacet
	facet normal 0 0 -1
		outer loop
			vertex 1.9225447177887 0.94408166408539 0
			vertex 1.8991525173187 1.0160100460052 0
			vertex 1.9293714761734 0.95429855585098 0
		endloop
	endfacet
	facet normal 0 0 -1
		outer loop
			vertex 1.9201475381851 0.93203002214432 0
			vertex 1.8991525173187 1.0160100460052 0
			vertex 1.9225447177887 0.94408166408539 0
		endloop
	endfacet
	facet normal 0 -0 -1
		outer loop
			vertex 1.8776187896729 1.0458863973618 0
			vertex 1.8797116279602 1.0451052188873 0
			vertex 1.8775047063828 1.0455442667007 0
		endloop
	endfacet
	facet normal 0 0 -1
		outer loop
			vertex 1.8776187896729 1.0458863973618 0
			vertex 1.8776187896729 1.0701135396957 0
			vertex 1.8797116279602 1.0451052188873 0
		endloop
	endfacet
	facet normal 0 0 -1
		outer loop
			vertex 1.8797116279602 1.0451052188873 0
			vertex 1.8899285793304 1.0777214765549 0
			vertex 1.8899285793304 1.0382785797119 0
		endloop
	endfacet
	facet normal 0 0 -1
		outer loop
			vertex 1.8991525173187 1.0160100460052 0
			vertex 1.991082906723 1.0160100460052 0
			vertex 1.9293714761734 0.95429855585098 0
		endloop
	endfacet
	facet normal 0 0 -1
		outer loop
			vertex 1.8991525173187 1.0160100460052 0
			vertex 1.8967552185059 1.0280616283417 0
			vertex 1.991082906723 1.0160100460052 0
		endloop
	endfacet
	facet normal 0 0 -1
		outer loop
			vertex 1.8899285793304 1.0382785797119 0
			vertex 1.991082906723 1.0160100460052 0
			vertex 1.8967552185059 1.0280616283417 0
		endloop
	endfacet
	facet normal 0 0 -1
		outer loop
			vertex 1.8899285793304 1.0382785797119 0
			vertex 1.9293714761734 1.0777214765549 0
			vertex 1.991082906723 1.0160100460052 0
		endloop
	endfacet
	facet normal 0 0 -1
		outer loop
			vertex 1.983132481575 0.86751341819763 0
			vertex 1.983132481575 0.91898536682129 0
			vertex 2.0486645698547 0.98451751470566 0
		endloop
	endfacet
	facet normal 0 0 -1
		outer loop
			vertex 2.2996115684509 0.77696472406387 0
			vertex 2.3014826774597 0.77821481227875 0
			vertex 2.3016438484192 0.77789223194122 0
		endloop
	endfacet
	facet normal 0 0 -1
		outer loop
			vertex 2.2996115684509 0.77696472406387 0
			vertex 2.3016438484192 0.77789223194122 0
			vertex 2.5394999980927 0.81655752658844 0
		endloop
	endfacet
	facet normal 0 0 -1
		outer loop
			vertex 1.983132481575 0.86751341819763 0
			vertex 2.2745153903961 0.98451751470566 0
			vertex 2.0430543422699 0.83755248785019 0
		endloop
	endfacet
	facet normal 0 0 -1
		outer loop
			vertex 2.0430543422699 0.83755248785019 0
			vertex 2.2745153903961 0.98451751470566 0
			vertex 2.280125617981 0.83755248785019 0
		endloop
	endfacet
	facet normal 0 0 -1
		outer loop
			vertex 1.983132481575 0.86751341819763 0
			vertex 2.0486645698547 0.98451751470566 0
			vertex 2.2745153903961 0.98451751470566 0
		endloop
	endfacet
	facet normal 0 0 -1
		outer loop
			vertex 2.280125617981 0.83755248785019 0
			vertex 2.2745153903961 0.98451751470566 0
			vertex 2.3400475978851 0.91898536682129 0
		endloop
	endfacet
	facet normal 0 0 -1
		outer loop
			vertex 2.280125617981 0.83755248785019 0
			vertex 2.3400475978851 0.91898536682129 0
			vertex 2.3400475978851 0.86751341819763 0
		endloop
	endfacet
	facet normal 0 0 -1
		outer loop
			vertex 2.2296855449677 1.0475025177002 0
			vertex 2.2975187301636 1.0701135396957 0
			vertex 2.2875599861145 1.0475025177002 0
		endloop
	endfacet
	facet normal 0 0 -1
		outer loop
			vertex 2.2875599861145 1.0475025177002 0
			vertex 2.2975187301636 1.0701135396957 0
			vertex 2.2996115684509 1.0451052188873 0
		endloop
	endfacet
	facet normal 0 0 -1
		outer loop
			vertex 2.2996115684509 1.0451052188873 0
			vertex 2.4240274429321 1.0160100460052 0
			vertex 2.3098285198212 1.0382785797119 0
		endloop
	endfacet
	facet normal 0 0 -1
		outer loop
			vertex 2.2996115684509 1.0451052188873 0
			vertex 2.2996115684509 1.0708947181702 0
			vertex 2.4240274429321 1.0160100460052 0
		endloop
	endfacet
	facet normal 0 0 -1
		outer loop
			vertex 2.4240274429321 1.0160100460052 0
			vertex 2.2996115684509 1.0708947181702 0
			vertex 2.3098285198212 1.0777214765549 0
		endloop
	endfacet
	facet normal 0 0 -1
		outer loop
			vertex 2.3098285198212 1.0382785797119 0
			vertex 2.4240274429321 1.0160100460052 0
			vertex 2.3938086032867 0.95429855585098 0
		endloop
	endfacet
	facet normal 0 0 -1
		outer loop
			vertex 1.2897588014603 1.0701135396957 0
			vertex 1.2896447181702 1.070455789566 0
			vertex 1.2918516397476 1.0708947181702 0
		endloop
	endfacet
	facet normal 0 0 -1
		outer loop
			vertex 1.2918516397476 1.0451052188873 0
			vertex 1.2897588014603 1.0701135396957 0
			vertex 1.2918516397476 1.0708947181702 0
		endloop
	endfacet
	facet normal 0 0 -1
		outer loop
			vertex 1.2918516397476 1.0451052188873 0
			vertex 1.2918516397476 1.0708947181702 0
			vertex 1.3020685911179 1.0777214765549 0
		endloop
	endfacet
	facet normal 0 0 -1
		outer loop
			vertex 1.3020685911179 1.0382785797119 0
			vertex 1.3020685911179 1.0777214765549 0
			vertex 1.3860485553741 1.1617014408112 0
		endloop
	endfacet
	facet normal 0 0 -1
		outer loop
			vertex 1.2627882957458 1.1275154352188 0
			vertex 1.2667553424835 1.2364574670792 0
			vertex 1.3192428350449 1.1839699745178 0
		endloop
	endfacet
	facet normal 0 0 -1
		outer loop
			vertex 1.2918516397476 1.2970452308655 0
			vertex 1.4254914522171 1.2902185916901 0
			vertex 1.3020685911179 1.2902185916901 0
		endloop
	endfacet
	facet normal 0 0 -1
		outer loop
			vertex 1.4162675142288 0.84804999828339 0
			vertex 1.3928753137589 1.1719183921814 0
			vertex 1.3952724933624 1.1839699745178 0
		endloop
	endfacet
	facet normal 0 0 -1
		outer loop
			vertex 1.3860485553741 0.95429855585098 0
			vertex 1.3860485553741 1.1617014408112 0
			vertex 1.3928753137589 1.1719183921814 0
		endloop
	endfacet
	facet normal 0 0 -1
		outer loop
			vertex 1.4162675142288 0.84804999828339 0
			vertex 1.3952724933624 1.1839699745178 0
			vertex 1.4162675142288 1.2679500579834 0
		endloop
	endfacet
	facet normal 0 0 -1
		outer loop
			vertex 1.3020685911179 1.2902185916901 0
			vertex 1.4162675142288 1.2679500579834 0
			vertex 1.3860485553741 1.2062385082245 0
		endloop
	endfacet
	facet normal 0 0 -1
		outer loop
			vertex 1.3952724933624 1.1839699745178 0
			vertex 1.3928753137589 1.1960216760635 0
			vertex 1.4162675142288 1.2679500579834 0
		endloop
	endfacet
	facet normal 0 0 -1
		outer loop
			vertex 1.3860485553741 1.2062385082245 0
			vertex 1.4162675142288 1.2679500579834 0
			vertex 1.3928753137589 1.1960216760635 0
		endloop
	endfacet
	facet normal 0 0 -1
		outer loop
			vertex 1.3020685911179 1.2902185916901 0
			vertex 1.4185285568237 1.2793169021606 0
			vertex 1.4162675142288 1.2679500579834 0
		endloop
	endfacet
	facet normal 0 0 -1
		outer loop
			vertex 1.3020685911179 1.2902185916901 0
			vertex 1.4186646938324 1.2800016403198 0
			vertex 1.4185285568237 1.2793169021606 0
		endloop
	endfacet
	facet normal 0 0 -1
		outer loop
			vertex 1.3020685911179 1.2902185916901 0
			vertex 1.4254914522171 1.2902185916901 0
			vertex 1.4186646938324 1.2800016403198 0
		endloop
	endfacet
	facet normal 0 0 -1
		outer loop
			vertex 1.2918516397476 1.2970452308655 0
			vertex 1.4357082843781 1.2970452308655 0
			vertex 1.4254914522171 1.2902185916901 0
		endloop
	endfacet
	facet normal 0 0 -1
		outer loop
			vertex 0 2.1159000396729 0
			vertex 2.0235683917999 1.2970452308655 0
			vertex 1.7537416219711 1.2970452308655 0
		endloop
	endfacet
	facet normal 0 0 -1
		outer loop
			vertex 0 2.1159000396729 0
			vertex 2.0356199741364 1.2994425296783 0
			vertex 2.0235683917999 1.2970452308655 0
		endloop
	endfacet
	facet normal 0 0 -1
		outer loop
			vertex 0 2.1159000396729 0
			vertex 2.2875599861145 1.2994425296783 0
			vertex 2.0356199741364 1.2994425296783 0
		endloop
	endfacet
	facet normal 0 0 -1
		outer loop
			vertex 1.4792524576187 1.089492559433 0
			vertex 1.4792524576187 1.2364574670792 0
			vertex 1.7321548461914 1.2364574670792 0
		endloop
	endfacet
	facet normal 0 0 -1
		outer loop
			vertex 1.4792524576187 1.089492559433 0
			vertex 1.7321548461914 1.2364574670792 0
			vertex 1.7365794181824 1.089492559433 0
		endloop
	endfacet
	facet normal 0 0 -1
		outer loop
			vertex 1.7365794181824 1.089492559433 0
			vertex 1.7321548461914 1.2364574670792 0
			vertex 1.8361674547195 1.167115688324 0
		endloop
	endfacet
	facet normal 0 0 -1
		outer loop
			vertex 1.7537416219711 1.2970452308655 0
			vertex 1.7591588497162 1.2941533327103 0
			vertex 1.7588232755661 1.2936499118805 0
		endloop
	endfacet
	facet normal 0 0 -1
		outer loop
			vertex 0 2.1159000396729 0
			vertex 2.5274484157562 1.2970452308655 0
			vertex 2.2875599861145 1.2994425296783 0
		endloop
	endfacet
	facet normal 0 0 -1
		outer loop
			vertex 0 2.1159000396729 0
			vertex 2.5394999980927 1.2994425296783 0
			vertex 2.5274484157562 1.2970452308655 0
		endloop
	endfacet
	facet normal 0 0 -1
		outer loop
			vertex 0 2.1159000396729 0
			vertex 2.7914400100708 1.2994425296783 0
			vertex 2.5394999980927 1.2994425296783 0
		endloop
	endfacet
	facet normal 0 0 -1
		outer loop
			vertex 1.8776187896729 1.0458863973618 0
			vertex 1.8412780761719 1.0579999685287 0
			vertex 1.8776187896729 1.0701135396957 0
		endloop
	endfacet
	facet normal 0 0 -1
		outer loop
			vertex 1.7365794181824 1.089492559433 0
			vertex 1.8361674547195 1.167115688324 0
			vertex 1.8361674547195 1.1226885318756 0
		endloop
	endfacet
	facet normal 0 0 -1
		outer loop
			vertex 1.8775047063828 1.070455789566 0
			vertex 1.8797116279602 1.0708947181702 0
			vertex 1.8776187896729 1.0701135396957 0
		endloop
	endfacet
	facet normal 0 0 -1
		outer loop
			vertex 1.8797116279602 1.0451052188873 0
			vertex 1.8776187896729 1.0701135396957 0
			vertex 1.8797116279602 1.0708947181702 0
		endloop
	endfacet
	facet normal 0 0 -1
		outer loop
			vertex 1.8797116279602 1.0451052188873 0
			vertex 1.8797116279602 1.0708947181702 0
			vertex 1.8899285793304 1.0777214765549 0
		endloop
	endfacet
	facet normal 0 0 -1
		outer loop
			vertex 1.8899285793304 1.0382785797119 0
			vertex 1.8899285793304 1.0777214765549 0
			vertex 1.9293714761734 1.0777214765549 0
		endloop
	endfacet
	facet normal 0 0 -1
		outer loop
			vertex 1.8899285793304 1.0777214765549 0
			vertex 1.8967552185059 1.0879383087158 0
			vertex 1.9293714761734 1.0777214765549 0
		endloop
	endfacet
	facet normal 0 0 -1
		outer loop
			vertex 1.8967552185059 1.0879383087158 0
			vertex 1.9225447177887 1.0879383087158 0
			vertex 1.9293714761734 1.0777214765549 0
		endloop
	endfacet
	facet normal 0 0 -1
		outer loop
			vertex 1.8967552185059 1.0879383087158 0
			vertex 1.8991525173187 1.0999900102615 0
			vertex 1.9225447177887 1.0879383087158 0
		endloop
	endfacet
	facet normal 0 0 -1
		outer loop
			vertex 1.8991525173187 1.0999900102615 0
			vertex 1.9201475381851 1.0999900102615 0
			vertex 1.9225447177887 1.0879383087158 0
		endloop
	endfacet
	facet normal 0 0 -1
		outer loop
			vertex 1.8991525173187 1.0999900102615 0
			vertex 1.8991525173187 1.1839699745178 0
			vertex 1.9201475381851 1.0999900102615 0
		endloop
	endfacet
	facet normal 0 0 -1
		outer loop
			vertex 1.9201475381851 1.0999900102615 0
			vertex 1.8991525173187 1.1839699745178 0
			vertex 1.9201475381851 1.1839699745178 0
		endloop
	endfacet
	facet normal 0 0 -1
		outer loop
			vertex 1.8991525173187 1.1839699745178 0
			vertex 1.8967552185059 1.1960216760635 0
			vertex 1.9201475381851 1.1839699745178 0
		endloop
	endfacet
	facet normal 0 0 -1
		outer loop
			vertex 1.7591588497162 1.2941533327103 0
			vertex 1.9293714761734 1.2062385082245 0
			vertex 1.8851288557053 1.210173368454 0
		endloop
	endfacet
	facet normal 0 0 -1
		outer loop
			vertex 1.7537416219711 1.2970452308655 0
			vertex 2.0235683917999 1.2970452308655 0
			vertex 1.7591588497162 1.2941533327103 0
		endloop
	endfacet
	facet normal 0 0 -1
		outer loop
			vertex 1.8899285793304 1.2062385082245 0
			vertex 1.9225447177887 1.1960216760635 0
			vertex 1.8967552185059 1.1960216760635 0
		endloop
	endfacet
	facet normal 0 -0 -1
		outer loop
			vertex 1.8851288557053 1.210173368454 0
			vertex 1.8899285793304 1.2062385082245 0
			vertex 1.8847932815552 1.2096698284149 0
		endloop
	endfacet
	facet normal 0 0 -1
		outer loop
			vertex 1.8851288557053 1.210173368454 0
			vertex 1.9293714761734 1.2062385082245 0
			vertex 1.8899285793304 1.2062385082245 0
		endloop
	endfacet
	facet normal 0 0 -1
		outer loop
			vertex 1.9201475381851 1.1839699745178 0
			vertex 1.8967552185059 1.1960216760635 0
			vertex 1.9225447177887 1.1960216760635 0
		endloop
	endfacet
	facet normal 0 0 -1
		outer loop
			vertex 1.8899285793304 1.2062385082245 0
			vertex 1.9293714761734 1.2062385082245 0
			vertex 1.9225447177887 1.1960216760635 0
		endloop
	endfacet
	facet normal 0 0 -1
		outer loop
			vertex 1.7591588497162 1.2941533327103 0
			vertex 2.0133514404297 1.2902185916901 0
			vertex 1.9293714761734 1.2062385082245 0
		endloop
	endfacet
	facet normal 0 0 -1
		outer loop
			vertex 1.7591588497162 1.2941533327103 0
			vertex 2.0235683917999 1.2970452308655 0
			vertex 2.0133514404297 1.2902185916901 0
		endloop
	endfacet
	facet normal 0 0 -1
		outer loop
			vertex 2.0441257953644 1.0520412921906 0
			vertex 1.983132481575 1.1130346059799 0
			vertex 1.983132481575 1.1709253787994 0
		endloop
	endfacet
	facet normal 0 0 -1
		outer loop
			vertex 2.0441257953644 1.0520412921906 0
			vertex 1.983132481575 1.1709253787994 0
			vertex 2.0486645698547 1.2364574670792 0
		endloop
	endfacet
	facet normal 0 0 -1
		outer loop
			vertex 0 2.1159000396729 0
			vertex 2.9593999385834 1.2994425296783 0
			vertex 2.7914400100708 1.2994425296783 0
		endloop
	endfacet
	facet normal 0 0 -1
		outer loop
			vertex 2.0441257953644 1.0520412921906 0
			vertex 2.0486645698547 1.2364574670792 0
			vertex 2.2745153903961 1.2364574670792 0
		endloop
	endfacet
	facet normal 0 0 -1
		outer loop
			vertex 2.0441257953644 1.0520412921906 0
			vertex 2.2745153903961 1.2364574670792 0
			vertex 2.2705483436584 1.1275154352188 0
		endloop
	endfacet
	facet normal 0 0 -1
		outer loop
			vertex 2.2974047660828 1.070455789566 0
			vertex 2.2996115684509 1.0708947181702 0
			vertex 2.2975187301636 1.0701135396957 0
		endloop
	endfacet
	facet normal 0 0 -1
		outer loop
			vertex 2.2996115684509 1.0451052188873 0
			vertex 2.2975187301636 1.0701135396957 0
			vertex 2.2996115684509 1.0708947181702 0
		endloop
	endfacet
	facet normal 0 0 -1
		outer loop
			vertex 2.2705483436584 1.1275154352188 0
			vertex 2.2745153903961 1.2364574670792 0
			vertex 2.3270027637482 1.1839699745178 0
		endloop
	endfacet
	facet normal 0 0 -1
		outer loop
			vertex 2.4240274429321 1.0160100460052 0
			vertex 2.3098285198212 1.0777214765549 0
			vertex 2.3938086032867 1.1617014408112 0
		endloop
	endfacet
	facet normal 0 0 -1
		outer loop
			vertex 2.3098285198212 1.2902185916901 0
			vertex 2.4332513809204 1.2062385082245 0
			vertex 2.3938086032867 1.2062385082245 0
		endloop
	endfacet
	facet normal 0 0 -1
		outer loop
			vertex 2.2996115684509 1.2970452308655 0
			vertex 2.517231464386 1.2902185916901 0
			vertex 2.3098285198212 1.2902185916901 0
		endloop
	endfacet
	facet normal 0 0 -1
		outer loop
			vertex 2.2875599861145 1.2994425296783 0
			vertex 2.5274484157562 1.2970452308655 0
			vertex 2.2996115684509 1.2970452308655 0
		endloop
	endfacet
	facet normal 0 0 -1
		outer loop
			vertex 0 2.1159000396729 0
			vertex 3.3793001174927 1.2994425296783 0
			vertex 2.9593999385834 1.2994425296783 0
		endloop
	endfacet
	facet normal 0 0 -1
		outer loop
			vertex 0 2.1159000396729 0
			vertex 3.5472600460052 1.2994425296783 0
			vertex 3.3793001174927 1.2994425296783 0
		endloop
	endfacet
	facet normal -1 0 0
		outer loop
			vertex 0 0 0
			vertex 0 2.1159000396729 0.43999999761581
			vertex 0 2.1159000396729 0
		endloop
	endfacet
	facet normal 0 0 -1
		outer loop
			vertex 2.2875599861145 0.77456748485565 0
			vertex 2.2996115684509 0.77696472406387 0
			vertex 2.7914400100708 0.81655752658844 0
		endloop
	endfacet
	facet normal 0 0 -1
		outer loop
			vertex 2.3856239318848 0.81988227367401 0
			vertex 2.3854625225067 0.82020485401154 0
			vertex 2.3938086032867 0.82578146457672 0
		endloop
	endfacet
	facet normal 0 0 -1
		outer loop
			vertex 2.3016438484192 0.77789223194122 0
			vertex 2.3856239318848 0.81988227367401 0
			vertex 2.5394999980927 0.81655752658844 0
		endloop
	endfacet
	facet normal 0 0 -1
		outer loop
			vertex 2.3856239318848 0.81988227367401 0
			vertex 2.3938086032867 0.82578146457672 0
			vertex 2.5274484157562 0.81895470619202 0
		endloop
	endfacet
	facet normal 0 0 -1
		outer loop
			vertex 2.4006352424622 0.83599835634232 0
			vertex 2.403032541275 0.84804999828339 0
			vertex 2.517231464386 0.82578146457672 0
		endloop
	endfacet
	facet normal 0 0 -1
		outer loop
			vertex 2.3938086032867 0.82578146457672 0
			vertex 2.4006352424622 0.83599835634232 0
			vertex 2.517231464386 0.82578146457672 0
		endloop
	endfacet
	facet normal -0 -0 -1
		outer loop
			vertex 2.426424741745 0.9199783205986 0
			vertex 2.4332513809204 0.90976142883301 0
			vertex 2.403032541275 0.93203002214432 0
		endloop
	endfacet
	facet normal 0 0 -1
		outer loop
			vertex 2.403032541275 0.84804999828339 0
			vertex 2.403032541275 0.93203002214432 0
			vertex 2.517231464386 0.82578146457672 0
		endloop
	endfacet
	facet normal 0 0 -1
		outer loop
			vertex 2.403032541275 0.93203002214432 0
			vertex 2.4332513809204 0.90976142883301 0
			vertex 2.517231464386 0.82578146457672 0
		endloop
	endfacet
	facet normal 0 0 -1
		outer loop
			vertex 2.3938086032867 0.82578146457672 0
			vertex 2.517231464386 0.82578146457672 0
			vertex 2.5274484157562 0.81895470619202 0
		endloop
	endfacet
	facet normal 0 0 -1
		outer loop
			vertex 2.3856239318848 0.81988227367401 0
			vertex 2.5274484157562 0.81895470619202 0
			vertex 2.5394999980927 0.81655752658844 0
		endloop
	endfacet
	facet normal 0 0 -1
		outer loop
			vertex 2.3938086032867 0.95429855585098 0
			vertex 2.4240274429321 0.93203002214432 0
			vertex 2.4006352424622 0.94408166408539 0
		endloop
	endfacet
	facet normal 0 0 -1
		outer loop
			vertex 2.403032541275 0.93203002214432 0
			vertex 2.4006352424622 0.94408166408539 0
			vertex 2.4240274429321 0.93203002214432 0
		endloop
	endfacet
	facet normal 0 0 -1
		outer loop
			vertex 2.426424741745 0.9199783205986 0
			vertex 2.403032541275 0.93203002214432 0
			vertex 2.4240274429321 0.93203002214432 0
		endloop
	endfacet
	facet normal 0 0 -1
		outer loop
			vertex 2.3938086032867 0.95429855585098 0
			vertex 2.4240274429321 1.0160100460052 0
			vertex 2.4240274429321 0.93203002214432 0
		endloop
	endfacet
	facet normal 0 0 -1
		outer loop
			vertex 2.487012386322 0.9450746178627 0
			vertex 2.552544593811 1.0684975385666 0
			vertex 2.552544593811 0.87954252958298 0
		endloop
	endfacet
	facet normal 0 0 -1
		outer loop
			vertex 2.487012386322 0.9450746178627 0
			vertex 2.487012386322 1.0029653310776 0
			vertex 2.552544593811 1.0684975385666 0
		endloop
	endfacet
	facet normal 0 0 -1
		outer loop
			vertex 2.2996115684509 0.77696472406387 0
			vertex 2.5394999980927 0.81655752658844 0
			vertex 2.7914400100708 0.81655752658844 0
		endloop
	endfacet
	facet normal 0 0 -1
		outer loop
			vertex 2.552544593811 0.87954252958298 0
			vertex 2.552544593811 1.0684975385666 0
			vertex 2.7783954143524 0.87954252958298 0
		endloop
	endfacet
	facet normal 0 0 -1
		outer loop
			vertex 2.2875599861145 0.77456748485565 0
			vertex 2.7914400100708 0.81655752658844 0
			vertex 3.5472600460052 0.77456748485565 0
		endloop
	endfacet
	facet normal 0 0 -1
		outer loop
			vertex 2.7783954143524 0.87954252958298 0
			vertex 2.552544593811 1.0684975385666 0
			vertex 2.8439273834229 0.9450746178627 0
		endloop
	endfacet
	facet normal 0 0 -1
		outer loop
			vertex 2.8439273834229 0.9450746178627 0
			vertex 2.552544593811 1.0684975385666 0
			vertex 2.8439273834229 1.0684975385666 0
		endloop
	endfacet
	facet normal 0 0 -1
		outer loop
			vertex 2.8034915924072 0.81895470619202 0
			vertex 2.8137085437775 0.82578146457672 0
			vertex 3.1411821842194 0.8339661359787 0
		endloop
	endfacet
	facet normal 0 0 -1
		outer loop
			vertex 2.7914400100708 0.81655752658844 0
			vertex 2.8034915924072 0.81895470619202 0
			vertex 3.1693499088287 0.81655752658844 0
		endloop
	endfacet
	facet normal 0 0 -1
		outer loop
			vertex 2.8137085437775 0.82578146457672 0
			vertex 2.897688627243 0.90976142883301 0
			vertex 3.1411821842194 0.8339661359787 0
		endloop
	endfacet
	facet normal 0 0 -1
		outer loop
			vertex 2.897688627243 0.90976142883301 0
			vertex 2.9045152664185 0.9199783205986 0
			vertex 3.1411821842194 0.8339661359787 0
		endloop
	endfacet
	facet normal 0 0 -1
		outer loop
			vertex 2.9045152664185 0.9199783205986 0
			vertex 2.9069125652313 0.93203002214432 0
			vertex 3.1411821842194 0.8339661359787 0
		endloop
	endfacet
	facet normal 0 0 -1
		outer loop
			vertex 2.9069125652313 0.93203002214432 0
			vertex 2.9069125652313 1.1839699745178 0
			vertex 3.1411821842194 0.8339661359787 0
		endloop
	endfacet
	facet normal 0 0 -1
		outer loop
			vertex 2.8034915924072 0.81895470619202 0
			vertex 3.1411821842194 0.8339661359787 0
			vertex 3.1470813751221 0.82578146457672 0
		endloop
	endfacet
	facet normal 0 0 -1
		outer loop
			vertex 2.8034915924072 0.81895470619202 0
			vertex 3.1470813751221 0.82578146457672 0
			vertex 3.1572983264923 0.81895470619202 0
		endloop
	endfacet
	facet normal 0 0 -1
		outer loop
			vertex 2.8034915924072 0.81895470619202 0
			vertex 3.1572983264923 0.81895470619202 0
			vertex 3.1693499088287 0.81655752658844 0
		endloop
	endfacet
	facet normal 0 0 -1
		outer loop
			vertex 2.7914400100708 0.81655752658844 0
			vertex 3.1693499088287 0.81655752658844 0
			vertex 3.5352082252502 0.77696472406387 0
		endloop
	endfacet
	facet normal 0 0 -1
		outer loop
			vertex 3.1470813751221 0.82578146457672 0
			vertex 3.1411821842194 0.8339661359787 0
			vertex 3.1415047645569 0.83412742614746 0
		endloop
	endfacet
	facet normal 0 0 -1
		outer loop
			vertex 3.1916184425354 0.82578146457672 0
			vertex 3.1971950531006 0.83412742614746 0
			vertex 3.1975176334381 0.8339661359787 0
		endloop
	endfacet
	facet normal 0 -0 -1
		outer loop
			vertex 3.1916184425354 0.82578146457672 0
			vertex 3.449196100235 0.81988227367401 0
			vertex 3.1814017295837 0.81895470619202 0
		endloop
	endfacet
	facet normal 0 0 -1
		outer loop
			vertex 3.1916184425354 0.82578146457672 0
			vertex 3.1975176334381 0.8339661359787 0
			vertex 3.441011428833 0.82578146457672 0
		endloop
	endfacet
	facet normal 0 0 -1
		outer loop
			vertex 3.1153309345245 1.0265074968338 0
			vertex 3.2233691215515 1.0265074968338 0
			vertex 3.1693499088287 0.91846936941147 0
		endloop
	endfacet
	facet normal 0 0 -1
		outer loop
			vertex 2.7914400100708 0.81655752658844 0
			vertex 3.5352082252502 0.77696472406387 0
			vertex 3.5472600460052 0.77456748485565 0
		endloop
	endfacet
	facet normal 0 0 -1
		outer loop
			vertex 3.1814017295837 0.81895470619202 0
			vertex 3.5331761837006 0.77789223194122 0
			vertex 3.5352082252502 0.77696472406387 0
		endloop
	endfacet
	facet normal 0 0 -1
		outer loop
			vertex 3.5331761837006 0.77789223194122 0
			vertex 3.53333735466 0.77821481227875 0
			vertex 3.5352082252502 0.77696472406387 0
		endloop
	endfacet
	facet normal 0 0 -1
		outer loop
			vertex 3.1693499088287 0.81655752658844 0
			vertex 3.1814017295837 0.81895470619202 0
			vertex 3.5352082252502 0.77696472406387 0
		endloop
	endfacet
	facet normal 0 0 -1
		outer loop
			vertex 3.1975176334381 0.8339661359787 0
			vertex 3.4317874908447 0.84804999828339 0
			vertex 3.4341847896576 0.83599835634232 0
		endloop
	endfacet
	facet normal 0 0 -1
		outer loop
			vertex 3.1975176334381 0.8339661359787 0
			vertex 3.4341847896576 0.83599835634232 0
			vertex 3.441011428833 0.82578146457672 0
		endloop
	endfacet
	facet normal 0 0 -1
		outer loop
			vertex 3.1975176334381 0.8339661359787 0
			vertex 3.4317874908447 0.93203002214432 0
			vertex 3.4317874908447 0.84804999828339 0
		endloop
	endfacet
	facet normal 0 0 -1
		outer loop
			vertex 3.1975176334381 0.8339661359787 0
			vertex 3.4341847896576 0.94408166408539 0
			vertex 3.4317874908447 0.93203002214432 0
		endloop
	endfacet
	facet normal 0 0 -1
		outer loop
			vertex 3.1975176334381 0.8339661359787 0
			vertex 3.441011428833 0.95429855585098 0
			vertex 3.4341847896576 0.94408166408539 0
		endloop
	endfacet
	facet normal 0 0 -1
		outer loop
			vertex 3.1916184425354 0.82578146457672 0
			vertex 3.441011428833 0.82578146457672 0
			vertex 3.449357509613 0.82020485401154 0
		endloop
	endfacet
	facet normal 0 0 -1
		outer loop
			vertex 3.1916184425354 0.82578146457672 0
			vertex 3.449357509613 0.82020485401154 0
			vertex 3.449196100235 0.81988227367401 0
		endloop
	endfacet
	facet normal 0 0 -1
		outer loop
			vertex 3.1814017295837 0.81895470619202 0
			vertex 3.449196100235 0.81988227367401 0
			vertex 3.5331761837006 0.77789223194122 0
		endloop
	endfacet
	facet normal 0 0 -1
		outer loop
			vertex 3.1975176334381 0.8339661359787 0
			vertex 3.4317874908447 1.0999900102615 0
			vertex 3.4341847896576 1.0879383087158 0
		endloop
	endfacet
	facet normal 0 0 -1
		outer loop
			vertex 3.1975176334381 0.8339661359787 0
			vertex 3.4341847896576 1.0879383087158 0
			vertex 3.441011428833 1.0777214765549 0
		endloop
	endfacet
	facet normal 0 0 -1
		outer loop
			vertex 3.1975176334381 0.8339661359787 0
			vertex 3.4317874908447 1.1839699745178 0
			vertex 3.4317874908447 1.0999900102615 0
		endloop
	endfacet
	facet normal 0 0 -1
		outer loop
			vertex 3.1975176334381 0.8339661359787 0
			vertex 3.441011428833 1.0777214765549 0
			vertex 3.441011428833 0.95429855585098 0
		endloop
	endfacet
	facet normal 0 0 -1
		outer loop
			vertex 3.4947724342346 0.86751341819763 0
			vertex 3.4947724342346 0.91898536682129 0
			vertex 3.5546944141388 0.83755248785019 0
		endloop
	endfacet
	facet normal 0 0 -1
		outer loop
			vertex 3.4947724342346 0.91898536682129 0
			vertex 3.5603046417236 0.98451751470566 0
			vertex 3.5546944141388 0.83755248785019 0
		endloop
	endfacet
	facet normal 0 0 -1
		outer loop
			vertex 3.441011428833 0.95429855585098 0
			vertex 3.441011428833 1.0777214765549 0
			vertex 3.5027229785919 1.0160100460052 0
		endloop
	endfacet
	facet normal 0 0 -1
		outer loop
			vertex 2.4240274429321 1.0160100460052 0
			vertex 2.3938086032867 1.1617014408112 0
			vertex 2.426424741745 1.0280616283417 0
		endloop
	endfacet
	facet normal 0 0 -1
		outer loop
			vertex 2.426424741745 1.0280616283417 0
			vertex 2.3938086032867 1.1617014408112 0
			vertex 2.4332513809204 1.0382785797119 0
		endloop
	endfacet
	facet normal 0 0 -1
		outer loop
			vertex 2.3938086032867 1.1617014408112 0
			vertex 2.4006352424622 1.1719183921814 0
			vertex 2.4332513809204 1.0382785797119 0
		endloop
	endfacet
	facet normal 0 0 -1
		outer loop
			vertex 2.4006352424622 1.1719183921814 0
			vertex 2.4332513809204 1.1617014408112 0
			vertex 2.4332513809204 1.0382785797119 0
		endloop
	endfacet
	facet normal 0 0 -1
		outer loop
			vertex 2.4332513809204 1.0382785797119 0
			vertex 2.4434683322906 1.1548746824265 0
			vertex 2.4555199146271 1.1524775028229 0
		endloop
	endfacet
	facet normal 0 0 -1
		outer loop
			vertex 2.4332513809204 1.0382785797119 0
			vertex 2.4332513809204 1.1617014408112 0
			vertex 2.4434683322906 1.1548746824265 0
		endloop
	endfacet
	facet normal 0 0 -1
		outer loop
			vertex 2.4332513809204 1.0382785797119 0
			vertex 2.4555199146271 1.1524775028229 0
			vertex 2.4675717353821 1.1548746824265 0
		endloop
	endfacet
	facet normal 0 0 -1
		outer loop
			vertex 2.4332513809204 1.0382785797119 0
			vertex 2.4675717353821 1.1548746824265 0
			vertex 2.4777884483337 1.1617014408112 0
		endloop
	endfacet
	facet normal 0 0 -1
		outer loop
			vertex 2.4006352424622 1.1719183921814 0
			vertex 2.426424741745 1.1719183921814 0
			vertex 2.4332513809204 1.1617014408112 0
		endloop
	endfacet
	facet normal 0 0 -1
		outer loop
			vertex 2.403032541275 1.1839699745178 0
			vertex 2.4240274429321 1.1839699745178 0
			vertex 2.426424741745 1.1719183921814 0
		endloop
	endfacet
	facet normal 0 0 -1
		outer loop
			vertex 2.4006352424622 1.1719183921814 0
			vertex 2.403032541275 1.1839699745178 0
			vertex 2.426424741745 1.1719183921814 0
		endloop
	endfacet
	facet normal 0 0 -1
		outer loop
			vertex 2.403032541275 1.1839699745178 0
			vertex 2.4006352424622 1.1960216760635 0
			vertex 2.4240274429321 1.1839699745178 0
		endloop
	endfacet
	facet normal 0 0 -1
		outer loop
			vertex 2.4332513809204 1.0382785797119 0
			vertex 2.4777884483337 1.1617014408112 0
			vertex 2.517231464386 1.1222585439682 0
		endloop
	endfacet
	facet normal 0 0 -1
		outer loop
			vertex 2.4777884483337 1.1617014408112 0
			vertex 2.552544593811 1.2364574670792 0
			vertex 2.517231464386 1.1222585439682 0
		endloop
	endfacet
	facet normal 0 0 -1
		outer loop
			vertex 2.517231464386 1.1222585439682 0
			vertex 2.552544593811 1.2364574670792 0
			vertex 2.5274484157562 1.1290853023529 0
		endloop
	endfacet
	facet normal 0 0 -1
		outer loop
			vertex 2.4240274429321 1.1839699745178 0
			vertex 2.4006352424622 1.1960216760635 0
			vertex 2.426424741745 1.1960216760635 0
		endloop
	endfacet
	facet normal 0 0 -1
		outer loop
			vertex 2.3938086032867 1.2062385082245 0
			vertex 2.426424741745 1.1960216760635 0
			vertex 2.4006352424622 1.1960216760635 0
		endloop
	endfacet
	facet normal 0 0 -1
		outer loop
			vertex 2.3938086032867 1.2062385082245 0
			vertex 2.4332513809204 1.2062385082245 0
			vertex 2.426424741745 1.1960216760635 0
		endloop
	endfacet
	facet normal 0 0 -1
		outer loop
			vertex 2.3098285198212 1.2902185916901 0
			vertex 2.517231464386 1.2902185916901 0
			vertex 2.4332513809204 1.2062385082245 0
		endloop
	endfacet
	facet normal 0 0 -1
		outer loop
			vertex 2.2996115684509 1.2970452308655 0
			vertex 2.5274484157562 1.2970452308655 0
			vertex 2.517231464386 1.2902185916901 0
		endloop
	endfacet
	facet normal 0 0 -1
		outer loop
			vertex 2.5274484157562 1.1290853023529 0
			vertex 2.552544593811 1.2364574670792 0
			vertex 2.5394999980927 1.1314824819565 0
		endloop
	endfacet
	facet normal 0 0 -1
		outer loop
			vertex 2.5394999980927 1.1314824819565 0
			vertex 2.552544593811 1.2364574670792 0
			vertex 2.7783954143524 1.2364574670792 0
		endloop
	endfacet
	facet normal 0 0 -1
		outer loop
			vertex 0 2.1159000396729 0
			vertex 3.7992000579834 1.2994425296783 0
			vertex 3.5472600460052 1.2994425296783 0
		endloop
	endfacet
	facet normal 0 0 -1
		outer loop
			vertex 2.5394999980927 1.1314824819565 0
			vertex 2.7783954143524 1.2364574670792 0
			vertex 2.8439273834229 1.1709253787994 0
		endloop
	endfacet
	facet normal 0 0 -1
		outer loop
			vertex 2.5394999980927 1.1314824819565 0
			vertex 2.8439273834229 1.1709253787994 0
			vertex 2.8439273834229 1.1314824819565 0
		endloop
	endfacet
	facet normal 0 0 -1
		outer loop
			vertex 3.1411821842194 0.8339661359787 0
			vertex 2.9069125652313 1.1839699745178 0
			vertex 2.9045152664185 1.1960216760635 0
		endloop
	endfacet
	facet normal 0 0 -1
		outer loop
			vertex 2.8137085437775 1.2902185916901 0
			vertex 2.931232213974 1.2538660764694 0
			vertex 2.897688627243 1.2062385082245 0
		endloop
	endfacet
	facet normal 0 0 -1
		outer loop
			vertex 2.7914400100708 1.2994425296783 0
			vertex 2.9473483562469 1.2970452308655 0
			vertex 2.8034915924072 1.2970452308655 0
		endloop
	endfacet
	facet normal 0 0 -1
		outer loop
			vertex 2.8034915924072 1.2970452308655 0
			vertex 2.9371314048767 1.2902185916901 0
			vertex 2.8137085437775 1.2902185916901 0
		endloop
	endfacet
	facet normal 0 0 -1
		outer loop
			vertex 2.8137085437775 1.2902185916901 0
			vertex 2.9279074668884 1.2679500579834 0
			vertex 2.9303047657013 1.2558983564377 0
		endloop
	endfacet
	facet normal 0 0 -1
		outer loop
			vertex 2.8137085437775 1.2902185916901 0
			vertex 2.9303047657013 1.2558983564377 0
			vertex 2.931232213974 1.2538660764694 0
		endloop
	endfacet
	facet normal 0 0 -1
		outer loop
			vertex 2.8137085437775 1.2902185916901 0
			vertex 2.9303047657013 1.2800016403198 0
			vertex 2.9279074668884 1.2679500579834 0
		endloop
	endfacet
	facet normal 0 0 -1
		outer loop
			vertex 2.8137085437775 1.2902185916901 0
			vertex 2.9371314048767 1.2902185916901 0
			vertex 2.9303047657013 1.2800016403198 0
		endloop
	endfacet
	facet normal 0 0 -1
		outer loop
			vertex 2.8034915924072 1.2970452308655 0
			vertex 2.9473483562469 1.2970452308655 0
			vertex 2.9371314048767 1.2902185916901 0
		endloop
	endfacet
	facet normal 0 0 -1
		outer loop
			vertex 2.7914400100708 1.2994425296783 0
			vertex 2.9593999385834 1.2994425296783 0
			vertex 2.9473483562469 1.2970452308655 0
		endloop
	endfacet
	facet normal 0 0 -1
		outer loop
			vertex 2.897688627243 1.2062385082245 0
			vertex 2.931232213974 1.2538660764694 0
			vertex 2.9045152664185 1.1960216760635 0
		endloop
	endfacet
	facet normal 0 0 -1
		outer loop
			vertex 2.9303047657013 1.2558983564377 0
			vertex 2.9315547943115 1.2540273666382 0
			vertex 2.931232213974 1.2538660764694 0
		endloop
	endfacet
	facet normal 0 0 -1
		outer loop
			vertex 3.1411821842194 0.8339661359787 0
			vertex 2.9045152664185 1.1960216760635 0
			vertex 2.931232213974 1.2538660764694 0
		endloop
	endfacet
	facet normal 0 0 -1
		outer loop
			vertex 2.9875676631927 1.2820339202881 0
			vertex 3.2548615932465 1.089492559433 0
			vertex 3.0838384628296 1.089492559433 0
		endloop
	endfacet
	facet normal 0 0 -1
		outer loop
			vertex 2.9872450828552 1.2818726301193 0
			vertex 2.98166847229 1.2902185916901 0
			vertex 2.9875676631927 1.2820339202881 0
		endloop
	endfacet
	facet normal 0 0 -1
		outer loop
			vertex 2.9875676631927 1.2820339202881 0
			vertex 2.98166847229 1.2902185916901 0
			vertex 3.3570313453674 1.2902185916901 0
		endloop
	endfacet
	facet normal 0 0 -1
		outer loop
			vertex 2.9593999385834 1.2994425296783 0
			vertex 3.3672482967377 1.2970452308655 0
			vertex 2.9714517593384 1.2970452308655 0
		endloop
	endfacet
	facet normal 0 0 -1
		outer loop
			vertex 2.9714517593384 1.2970452308655 0
			vertex 3.3570313453674 1.2902185916901 0
			vertex 2.98166847229 1.2902185916901 0
		endloop
	endfacet
	facet normal 0 0 -1
		outer loop
			vertex 2.9875676631927 1.2820339202881 0
			vertex 3.3511321544647 1.2820339202881 0
			vertex 3.2548615932465 1.089492559433 0
		endloop
	endfacet
	facet normal 0 0 -1
		outer loop
			vertex 2.9875676631927 1.2820339202881 0
			vertex 3.3570313453674 1.2902185916901 0
			vertex 3.3511321544647 1.2820339202881 0
		endloop
	endfacet
	facet normal 0 0 -1
		outer loop
			vertex 2.9714517593384 1.2970452308655 0
			vertex 3.3672482967377 1.2970452308655 0
			vertex 3.3570313453674 1.2902185916901 0
		endloop
	endfacet
	facet normal 0 0 -1
		outer loop
			vertex 2.9593999385834 1.2994425296783 0
			vertex 3.3793001174927 1.2994425296783 0
			vertex 3.3672482967377 1.2970452308655 0
		endloop
	endfacet
	facet normal 0 0 -1
		outer loop
			vertex 3.1975176334381 0.8339661359787 0
			vertex 3.4074678421021 1.2538660764694 0
			vertex 3.4317874908447 1.1839699745178 0
		endloop
	endfacet
	facet normal 0 0 -1
		outer loop
			vertex 3.3514547348022 1.2818726301193 0
			vertex 3.3511321544647 1.2820339202881 0
			vertex 3.3570313453674 1.2902185916901 0
		endloop
	endfacet
	facet normal 0 0 -1
		outer loop
			vertex 3.4317874908447 1.1839699745178 0
			vertex 3.4074678421021 1.2538660764694 0
			vertex 3.4341847896576 1.1960216760635 0
		endloop
	endfacet
	facet normal 0 0 -1
		outer loop
			vertex 3.4074678421021 1.2538660764694 0
			vertex 3.441011428833 1.2062385082245 0
			vertex 3.4341847896576 1.1960216760635 0
		endloop
	endfacet
	facet normal 0 0 -1
		outer loop
			vertex 3.4071452617645 1.2540273666382 0
			vertex 3.4083952903748 1.2558983564377 0
			vertex 3.4074678421021 1.2538660764694 0
		endloop
	endfacet
	facet normal 0 0 -1
		outer loop
			vertex 3.5557658672333 1.0520412921906 0
			vertex 3.4947724342346 1.1130346059799 0
			vertex 3.4947724342346 1.1709253787994 0
		endloop
	endfacet
	facet normal 0 0 -1
		outer loop
			vertex 3.5557658672333 1.0520412921906 0
			vertex 3.4947724342346 1.1709253787994 0
			vertex 3.5603046417236 1.2364574670792 0
		endloop
	endfacet
	facet normal 0 0 -1
		outer loop
			vertex 3.4074678421021 1.2538660764694 0
			vertex 3.5249915122986 1.2902185916901 0
			vertex 3.441011428833 1.2062385082245 0
		endloop
	endfacet
	facet normal 0 -0 -1
		outer loop
			vertex 3.4083952903748 1.2558983564377 0
			vertex 3.5249915122986 1.2902185916901 0
			vertex 3.4074678421021 1.2538660764694 0
		endloop
	endfacet
	facet normal 0 0 -1
		outer loop
			vertex 3.4083952903748 1.2558983564377 0
			vertex 3.4107925891876 1.2679500579834 0
			vertex 3.5249915122986 1.2902185916901 0
		endloop
	endfacet
	facet normal 0 0 -1
		outer loop
			vertex 3.4083952903748 1.2800016403198 0
			vertex 3.4015686511993 1.2902185916901 0
			vertex 3.5249915122986 1.2902185916901 0
		endloop
	endfacet
	facet normal 0 0 -1
		outer loop
			vertex 3.4107925891876 1.2679500579834 0
			vertex 3.4083952903748 1.2800016403198 0
			vertex 3.5249915122986 1.2902185916901 0
		endloop
	endfacet
	facet normal 0 0 -1
		outer loop
			vertex 3.3913516998291 1.2970452308655 0
			vertex 3.5249915122986 1.2902185916901 0
			vertex 3.4015686511993 1.2902185916901 0
		endloop
	endfacet
	facet normal 0 0 -1
		outer loop
			vertex 3.3793001174927 1.2994425296783 0
			vertex 3.5352082252502 1.2970452308655 0
			vertex 3.3913516998291 1.2970452308655 0
		endloop
	endfacet
	facet normal 0 0 -1
		outer loop
			vertex 3.3913516998291 1.2970452308655 0
			vertex 3.5352082252502 1.2970452308655 0
			vertex 3.5249915122986 1.2902185916901 0
		endloop
	endfacet
	facet normal 0 0 -1
		outer loop
			vertex 3.3793001174927 1.2994425296783 0
			vertex 3.5472600460052 1.2994425296783 0
			vertex 3.5352082252502 1.2970452308655 0
		endloop
	endfacet
	facet normal 0 0 -1
		outer loop
			vertex 3.8112516403198 0.77696472406387 0
			vertex 3.81312251091 0.77821481227875 0
			vertex 3.8132839202881 0.77789223194122 0
		endloop
	endfacet
	facet normal 0 0 -1
		outer loop
			vertex 3.5546944141388 0.83755248785019 0
			vertex 3.786155462265 0.98451751470566 0
			vertex 3.8516874313354 0.91898536682129 0
		endloop
	endfacet
	facet normal 0 0 -1
		outer loop
			vertex 3.5546944141388 0.83755248785019 0
			vertex 3.5603046417236 0.98451751470566 0
			vertex 3.786155462265 0.98451751470566 0
		endloop
	endfacet
	facet normal 0 0 -1
		outer loop
			vertex 3.5546944141388 0.83755248785019 0
			vertex 3.8516874313354 0.91898536682129 0
			vertex 3.7917656898499 0.83755248785019 0
		endloop
	endfacet
	facet normal 0 0 -1
		outer loop
			vertex 3.7917656898499 0.83755248785019 0
			vertex 3.8516874313354 0.91898536682129 0
			vertex 3.8516874313354 0.86751341819763 0
		endloop
	endfacet
	facet normal 0 0 -1
		outer loop
			vertex 3.7413256168365 1.0475025177002 0
			vertex 3.8091588020325 1.0701135396957 0
			vertex 3.7992000579834 1.0475025177002 0
		endloop
	endfacet
	facet normal 0 0 -1
		outer loop
			vertex 3.7992000579834 1.0475025177002 0
			vertex 3.8091588020325 1.0701135396957 0
			vertex 3.8112516403198 1.0451052188873 0
		endloop
	endfacet
	facet normal 0 0 -1
		outer loop
			vertex 3.8112516403198 1.0451052188873 0
			vertex 3.8214685916901 1.0777214765549 0
			vertex 3.8214685916901 1.0382785797119 0
		endloop
	endfacet
	facet normal 0 0 -1
		outer loop
			vertex 3.8214685916901 1.0382785797119 0
			vertex 3.9054486751556 1.1617014408112 0
			vertex 3.9054486751556 0.95429855585098 0
		endloop
	endfacet
	facet normal 0 0 -1
		outer loop
			vertex 3.8971025943756 0.82020485401154 0
			vertex 3.9054486751556 0.82578146457672 0
			vertex 3.8972637653351 0.81988227367401 0
		endloop
	endfacet
	facet normal 0 0 -1
		outer loop
			vertex 3.9054486751556 0.95429855585098 0
			vertex 3.9122753143311 1.1719183921814 0
			vertex 3.9122753143311 0.94408166408539 0
		endloop
	endfacet
	facet normal 0 0 -1
		outer loop
			vertex 3.9122753143311 0.94408166408539 0
			vertex 3.9146726131439 1.1839699745178 0
			vertex 3.9146726131439 0.93203002214432 0
		endloop
	endfacet
	facet normal 0 0 -1
		outer loop
			vertex 0 0 0
			vertex 1.027860045433 0.77456748485565 0
			vertex 12.970000267029 0 0
		endloop
	endfacet
	facet normal 0 0 -1
		outer loop
			vertex 3.5557658672333 1.0520412921906 0
			vertex 3.5603046417236 1.2364574670792 0
			vertex 3.786155462265 1.2364574670792 0
		endloop
	endfacet
	facet normal 0 0 -1
		outer loop
			vertex 3.5557658672333 1.0520412921906 0
			vertex 3.786155462265 1.2364574670792 0
			vertex 3.7821884155273 1.1275154352188 0
		endloop
	endfacet
	facet normal 0 0 -1
		outer loop
			vertex 3.7821884155273 1.1275154352188 0
			vertex 3.786155462265 1.2364574670792 0
			vertex 3.8386428356171 1.1839699745178 0
		endloop
	endfacet
	facet normal 0 0 -1
		outer loop
			vertex 3.8090448379517 1.070455789566 0
			vertex 3.8112516403198 1.0708947181702 0
			vertex 3.8091588020325 1.0701135396957 0
		endloop
	endfacet
	facet normal 0 0 -1
		outer loop
			vertex 3.8112516403198 1.0451052188873 0
			vertex 3.8091588020325 1.0701135396957 0
			vertex 3.8112516403198 1.0708947181702 0
		endloop
	endfacet
	facet normal 0 0 -1
		outer loop
			vertex 3.8112516403198 1.0451052188873 0
			vertex 3.8112516403198 1.0708947181702 0
			vertex 3.8214685916901 1.0777214765549 0
		endloop
	endfacet
	facet normal 0 0 -1
		outer loop
			vertex 3.8214685916901 1.0382785797119 0
			vertex 3.8214685916901 1.0777214765549 0
			vertex 3.9054486751556 1.1617014408112 0
		endloop
	endfacet
	facet normal 0 0 -1
		outer loop
			vertex 3.9054486751556 0.95429855585098 0
			vertex 3.9054486751556 1.1617014408112 0
			vertex 3.9122753143311 1.1719183921814 0
		endloop
	endfacet
	facet normal 0 0 -1
		outer loop
			vertex 3.9122753143311 0.94408166408539 0
			vertex 3.9122753143311 1.1719183921814 0
			vertex 3.9146726131439 1.1839699745178 0
		endloop
	endfacet
	facet normal 0 0 -1
		outer loop
			vertex 0 2.1159000396729 0
			vertex 4.3232998847961 2.1159000396729 0
			vertex 9.5784482955933 0.81895470619202 0
		endloop
	endfacet
	facet normal 0 -1 0
		outer loop
			vertex 0 0 0
			vertex 6.8299999237061 0 0.20499999821186
			vertex 6.1399998664856 0 0.20499999821186
		endloop
	endfacet
	facet normal 0 1 0
		outer loop
			vertex 0 2.1159000396729 0
			vertex 4.3232998847961 2.1159000396729 0.43999999761581
			vertex 4.3232998847961 2.1159000396729 0
		endloop
	endfacet
	facet normal 0 -1 0
		outer loop
			vertex 0 0 0
			vertex 6.1399998664856 0 0.20499999821186
			vertex 0 0 0.43999999761581
		endloop
	endfacet
	facet normal -1 0 0
		outer loop
			vertex 0 0 0
			vertex 0 0 0.43999999761581
			vertex 0 2.1159000396729 0.43999999761581
		endloop
	endfacet
	facet normal 0 1 0
		outer loop
			vertex 0 2.1159000396729 0
			vertex 0 2.1159000396729 0.43999999761581
			vertex 4.3232998847961 2.1159000396729 0.43999999761581
		endloop
	endfacet
	facet normal 0 0 -1
		outer loop
			vertex 1.027860045433 0.77456748485565 0
			vertex 1.2798000574112 0.77456748485565 0
			vertex 12.970000267029 0 0
		endloop
	endfacet
	facet normal 0 0 -1
		outer loop
			vertex 1.2798000574112 0.77456748485565 0
			vertex 1.2918516397476 0.77696472406387 0
			vertex 12.970000267029 0 0
		endloop
	endfacet
	facet normal 0 0 -1
		outer loop
			vertex 1.2918516397476 0.77696472406387 0
			vertex 1.2938839197159 0.77789223194122 0
			vertex 12.970000267029 0 0
		endloop
	endfacet
	facet normal 0 0 -1
		outer loop
			vertex 1.2938839197159 0.77789223194122 0
			vertex 1.3778638839722 0.81988227367401 0
			vertex 12.970000267029 0 0
		endloop
	endfacet
	facet normal 0 0 -1
		outer loop
			vertex 2.0356199741364 0.77456748485565 0
			vertex 2.2875599861145 0.77456748485565 0
			vertex 12.970000267029 0 0
		endloop
	endfacet
	facet normal 0 0 -1
		outer loop
			vertex 1.3778638839722 0.81988227367401 0
			vertex 2.0356199741364 0.77456748485565 0
			vertex 12.970000267029 0 0
		endloop
	endfacet
	facet normal 0 0 -1
		outer loop
			vertex 0 2.1159000396729 0
			vertex 12.970000267029 0 0
			vertex 3.7992000579834 1.2994425296783 0
		endloop
	endfacet
	facet normal 0 0 -1
		outer loop
			vertex 2.2875599861145 0.77456748485565 0
			vertex 3.5472600460052 0.77456748485565 0
			vertex 12.970000267029 0 0
		endloop
	endfacet
	facet normal 0 0 -1
		outer loop
			vertex 3.5472600460052 0.77456748485565 0
			vertex 3.7992000579834 0.77456748485565 0
			vertex 12.970000267029 0 0
		endloop
	endfacet
	facet normal 0 0 -1
		outer loop
			vertex 3.8112516403198 0.77696472406387 0
			vertex 3.8132839202881 0.77789223194122 0
			vertex 12.970000267029 0 0
		endloop
	endfacet
	facet normal 0 0 -1
		outer loop
			vertex 3.7992000579834 0.77456748485565 0
			vertex 3.8112516403198 0.77696472406387 0
			vertex 12.970000267029 0 0
		endloop
	endfacet
	facet normal 0 0 -1
		outer loop
			vertex 3.7992000579834 1.2994425296783 0
			vertex 12.970000267029 0 0
			vertex 3.8112516403198 1.2970452308655 0
		endloop
	endfacet
	facet normal 0 0 -1
		outer loop
			vertex 3.8132839202881 0.77789223194122 0
			vertex 3.8972637653351 0.81988227367401 0
			vertex 12.970000267029 0 0
		endloop
	endfacet
	facet normal 0 0 -1
		outer loop
			vertex 3.8972637653351 0.81988227367401 0
			vertex 3.9054486751556 0.82578146457672 0
			vertex 12.970000267029 0 0
		endloop
	endfacet
	facet normal 0 0 -1
		outer loop
			vertex 3.9122753143311 0.83599835634232 0
			vertex 3.9146726131439 0.84804999828339 0
			vertex 12.970000267029 0 0
		endloop
	endfacet
	facet normal 0 0 -1
		outer loop
			vertex 3.9054486751556 0.82578146457672 0
			vertex 3.9122753143311 0.83599835634232 0
			vertex 12.970000267029 0 0
		endloop
	endfacet
	facet normal 0 0 -1
		outer loop
			vertex 3.9146726131439 0.84804999828339 0
			vertex 3.9146726131439 0.93203002214432 0
			vertex 12.970000267029 0 0
		endloop
	endfacet
	facet normal 0 0 -1
		outer loop
			vertex 3.9146726131439 0.93203002214432 0
			vertex 3.9146726131439 1.1839699745178 0
			vertex 12.970000267029 0 0
		endloop
	endfacet
	facet normal 0 0 -1
		outer loop
			vertex 3.9146726131439 1.1839699745178 0
			vertex 3.9122753143311 1.1960216760635 0
			vertex 12.970000267029 0 0
		endloop
	endfacet
	facet normal 0 0 -1
		outer loop
			vertex 3.8214685916901 1.2902185916901 0
			vertex 12.970000267029 0 0
			vertex 3.9054486751556 1.2062385082245 0
		endloop
	endfacet
	facet normal 0 0 -1
		outer loop
			vertex 3.9054486751556 1.2062385082245 0
			vertex 12.970000267029 0 0
			vertex 3.9122753143311 1.1960216760635 0
		endloop
	endfacet
	facet normal 0 0 -1
		outer loop
			vertex 3.8112516403198 1.2970452308655 0
			vertex 12.970000267029 0 0
			vertex 3.8214685916901 1.2902185916901 0
		endloop
	endfacet
	facet normal 0 -1 0
		outer loop
			vertex 0 0 0
			vertex 12.970000267029 0 0
			vertex 6.8299999237061 0 0.20499999821186
		endloop
	endfacet
	facet normal 0 0 -1
		outer loop
			vertex 0 2.1159000396729 0
			vertex 9.5784482955933 0.81895470619202 0
			vertex 12.970000267029 0 0
		endloop
	endfacet
	facet normal 0 0 -1
		outer loop
			vertex 4.3232998847961 2.1159000396729 0
			vertex 8.1061840057373 2.1159000396729 0
			vertex 9.5682315826416 0.82578146457672 0
		endloop
	endfacet
	facet normal 0 0 -1
		outer loop
			vertex 4.3232998847961 2.1159000396729 0
			vertex 9.5682315826416 0.82578146457672 0
			vertex 9.5784482955933 0.81895470619202 0
		endloop
	endfacet
	facet normal 0 0 -1
		outer loop
			vertex 8.1061840057373 2.1159000396729 0
			vertex 9.5614051818848 0.83599835634232 0
			vertex 9.5682315826416 0.82578146457672 0
		endloop
	endfacet
	facet normal 0 0 -1
		outer loop
			vertex 8.1061840057373 2.1159000396729 0
			vertex 9.5590076446533 0.84804999828339 0
			vertex 9.5614051818848 0.83599835634232 0
		endloop
	endfacet
	facet normal 0 0 -1
		outer loop
			vertex 8.1061840057373 2.1159000396729 0
			vertex 9.5614051818848 0.86010164022446 0
			vertex 9.5590076446533 0.84804999828339 0
		endloop
	endfacet
	facet normal 0 0 -1
		outer loop
			vertex 8.1061840057373 2.1159000396729 0
			vertex 9.5682315826416 0.87031853199005 0
			vertex 9.5614051818848 0.86010164022446 0
		endloop
	endfacet
	facet normal 0 0 -1
		outer loop
			vertex 8.1061840057373 2.1159000396729 0
			vertex 9.5784482955933 0.87714529037476 0
			vertex 9.5682315826416 0.87031853199005 0
		endloop
	endfacet
	facet normal 0 0 -1
		outer loop
			vertex 8.1061840057373 2.1159000396729 0
			vertex 9.7689571380615 1.2679500579834 0
			vertex 9.5784482955933 0.87714529037476 0
		endloop
	endfacet
	facet normal 0 0 -1
		outer loop
			vertex 8.1061840057373 2.1159000396729 0
			vertex 9.771354675293 1.2800016403198 0
			vertex 9.7689571380615 1.2679500579834 0
		endloop
	endfacet
	facet normal 0 0 -1
		outer loop
			vertex 8.1061840057373 2.1159000396729 0
			vertex 9.7781810760498 1.2902185916901 0
			vertex 9.771354675293 1.2800016403198 0
		endloop
	endfacet
	facet normal 0 0 -1
		outer loop
			vertex 8.1061840057373 2.1159000396729 0
			vertex 9.7883987426758 1.2970452308655 0
			vertex 9.7781810760498 1.2902185916901 0
		endloop
	endfacet
	facet normal 0 0 -1
		outer loop
			vertex 8.1061840057373 2.1159000396729 0
			vertex 9.8004503250122 1.2994425296783 0
			vertex 9.7883987426758 1.2970452308655 0
		endloop
	endfacet
	facet normal 0 0 -1
		outer loop
			vertex 8.1061840057373 2.1159000396729 0
			vertex 9.8125019073486 1.2970452308655 0
			vertex 9.8004503250122 1.2994425296783 0
		endloop
	endfacet
	facet normal 0 0 -1
		outer loop
			vertex 8.1061840057373 2.1159000396729 0
			vertex 10.272837638855 1.1733434200287 0
			vertex 9.8125019073486 1.2970452308655 0
		endloop
	endfacet
	facet normal 0 0 -1
		outer loop
			vertex 8.1061840057373 2.1159000396729 0
			vertex 8.6465997695923 2.1159000396729 0
			vertex 10.272837638855 1.1733434200287 0
		endloop
	endfacet
	facet normal 0 0 1
		outer loop
			vertex 0 0 0.43999999761581
			vertex 4.3232998847961 1.410605430603 0.43999999761581
			vertex 0 2.1159000396729 0.43999999761581
		endloop
	endfacet
	facet normal 0 -1 0
		outer loop
			vertex 6.1399998664856 0 0.20499999821186
			vertex 6.271999835968 0 0.43999999761581
			vertex 0 0 0.43999999761581
		endloop
	endfacet
	facet normal 0 0 1
		outer loop
			vertex 0 0 0.43999999761581
			vertex 6.271999835968 1.0926984548569 0.43999999761581
			vertex 4.3232998847961 1.410605430603 0.43999999761581
		endloop
	endfacet
	facet normal -0 0 1
		outer loop
			vertex 0 2.1159000396729 0.43999999761581
			vertex 4.3232998847961 1.410605430603 0.43999999761581
			vertex 4.3232998847961 2.1159000396729 0.43999999761581
		endloop
	endfacet
	facet normal 0 0 1
		outer loop
			vertex 0 0 0.43999999761581
			vertex 6.271999835968 0 0.43999999761581
			vertex 6.271999835968 1.0926984548569 0.43999999761581
		endloop
	endfacet
	facet normal 0 -1 0
		outer loop
			vertex 6.8299999237061 0 0.20499999821186
			vertex 12.970000267029 0 0.43999999761581
			vertex 6.6979999542236 0 0.43999999761581
		endloop
	endfacet
	facet normal 0 0 1
		outer loop
			vertex 6.6979999542236 0 0.43999999761581
			vertex 8.6465997695923 0.70531088113785 0.43999999761581
			vertex 6.6979999542236 1.023201584816 0.43999999761581
		endloop
	endfacet
	facet normal 0 0 1
		outer loop
			vertex 6.6979999542236 0 0.43999999761581
			vertex 12.970000267029 0 0.43999999761581
			vertex 8.6465997695923 0.70531088113785 0.43999999761581
		endloop
	endfacet
	facet normal 0 0 -1
		outer loop
			vertex 9.7689571380615 1.2679500579834 0
			vertex 9.5904998779297 0.87954252958298 0
			vertex 9.5784482955933 0.87714529037476 0
		endloop
	endfacet
	facet normal 0 -0 -1
		outer loop
			vertex 9.7689571380615 1.2679500579834 0
			vertex 9.7689571380615 0.87954252958298 0
			vertex 9.5904998779297 0.87954252958298 0
		endloop
	endfacet
	facet normal 0 0 -1
		outer loop
			vertex 9.8319425582886 1.2679500579834 0
			vertex 10.01039981842 0.87954252958298 0
			vertex 9.8319425582886 0.87954252958298 0
		endloop
	endfacet
	facet normal 0 0 -1
		outer loop
			vertex 9.8319425582886 1.2679500579834 0
			vertex 10.022451400757 0.87714529037476 0
			vertex 10.01039981842 0.87954252958298 0
		endloop
	endfacet
	facet normal 0 0 -1
		outer loop
			vertex 9.8319425582886 1.2679500579834 0
			vertex 10.032668113708 0.87031853199005 0
			vertex 10.022451400757 0.87714529037476 0
		endloop
	endfacet
	facet normal 0 -0 -1
		outer loop
			vertex 10.146867752075 0.93203002214432 0
			vertex 10.149264335632 0.9199783205986 0
			vertex 10.032668113708 0.87031853199005 0
		endloop
	endfacet
	facet normal 0 -0 -1
		outer loop
			vertex 10.149264335632 0.9199783205986 0
			vertex 10.156091690063 0.90976142883301 0
			vertex 10.032668113708 0.87031853199005 0
		endloop
	endfacet
	facet normal 0 0 -1
		outer loop
			vertex 10.149264335632 0.94408166408539 0
			vertex 10.146867752075 0.93203002214432 0
			vertex 10.032668113708 0.87031853199005 0
		endloop
	endfacet
	facet normal 0 -0 -1
		outer loop
			vertex 10.156091690063 0.90976142883301 0
			vertex 10.161227226257 0.90633010864258 0
			vertex 10.032668113708 0.87031853199005 0
		endloop
	endfacet
	facet normal 0 0 -1
		outer loop
			vertex 10.032668113708 0.87031853199005 0
			vertex 10.161227226257 0.90633010864258 0
			vertex 10.160891532898 0.90582662820816 0
		endloop
	endfacet
	facet normal 0 0 -1
		outer loop
			vertex 9.8295450210571 1.2800016403198 0
			vertex 10.149264335632 0.94408166408539 0
			vertex 10.032668113708 0.87031853199005 0
		endloop
	endfacet
	facet normal 0 0 -1
		outer loop
			vertex 10.032668113708 0.87031853199005 0
			vertex 10.286861419678 0.82184666395187 0
			vertex 10.292278289795 0.81895470619202 0
		endloop
	endfacet
	facet normal 0 0 -1
		outer loop
			vertex 10.032668113708 0.87031853199005 0
			vertex 10.160891532898 0.90582662820816 0
			vertex 10.286861419678 0.82184666395187 0
		endloop
	endfacet
	facet normal 0 0 -1
		outer loop
			vertex 10.286861419678 0.82184666395187 0
			vertex 10.287197113037 0.82235014438629 0
			vertex 10.292278289795 0.81895470619202 0
		endloop
	endfacet
	facet normal 0 0 -1
		outer loop
			vertex 10.19549369812 0.95772987604141 0
			vertex 10.190411567688 0.96112525463104 0
			vertex 10.195828437805 0.95823335647583 0
		endloop
	endfacet
	facet normal 0 0 -1
		outer loop
			vertex 10.272837638855 1.1733434200287 0
			vertex 10.178359985352 0.96352249383926 0
			vertex 10.166308403015 0.96112525463104 0
		endloop
	endfacet
	facet normal 0 0 -1
		outer loop
			vertex 10.272837638855 1.1733434200287 0
			vertex 10.166308403015 0.96112525463104 0
			vertex 10.156091690063 0.95429855585098 0
		endloop
	endfacet
	facet normal 0 0 -1
		outer loop
			vertex 10.272837638855 1.1733434200287 0
			vertex 10.195828437805 0.95823335647583 0
			vertex 10.190411567688 0.96112525463104 0
		endloop
	endfacet
	facet normal 0 0 -1
		outer loop
			vertex 10.272837638855 1.1733434200287 0
			vertex 10.190411567688 0.96112525463104 0
			vertex 10.178359985352 0.96352249383926 0
		endloop
	endfacet
	facet normal 0 -0 -1
		outer loop
			vertex 10.272837638855 1.1733434200287 0
			vertex 10.272837638855 0.90689426660538 0
			vertex 10.195828437805 0.95823335647583 0
		endloop
	endfacet
	facet normal 0 0 -1
		outer loop
			vertex 10.316381454468 0.81895470619202 0
			vertex 10.326598167419 0.82578146457672 0
			vertex 10.586208343506 0.81895470619202 0
		endloop
	endfacet
	facet normal 0 0 -1
		outer loop
			vertex 10.333425521851 0.83599835634232 0
			vertex 10.335822105408 0.84804999828339 0
			vertex 10.569164276123 0.83599835634232 0
		endloop
	endfacet
	facet normal 0 0 -1
		outer loop
			vertex 10.326598167419 0.82578146457672 0
			vertex 10.333425521851 0.83599835634232 0
			vertex 10.575991630554 0.82578146457672 0
		endloop
	endfacet
	facet normal 0 0 -1
		outer loop
			vertex 10.335822105408 0.84804999828339 0
			vertex 10.442351341248 1.238854765892 0
			vertex 10.566767692566 0.84804999828339 0
		endloop
	endfacet
	facet normal 0 0 -1
		outer loop
			vertex 12.970000267029 0 0
			vertex 9.5784482955933 0.81895470619202 0
			vertex 9.5904998779297 0.81655752658844 0
		endloop
	endfacet
	facet normal -0 -0 -1
		outer loop
			vertex 10.575991630554 0.82578146457672 0
			vertex 10.586208343506 0.81895470619202 0
			vertex 10.326598167419 0.82578146457672 0
		endloop
	endfacet
	facet normal 0 0 -1
		outer loop
			vertex 10.333425521851 0.83599835634232 0
			vertex 10.569164276123 0.83599835634232 0
			vertex 10.575991630554 0.82578146457672 0
		endloop
	endfacet
	facet normal 0 0 -1
		outer loop
			vertex 10.335822105408 0.84804999828339 0
			vertex 10.566767692566 0.84804999828339 0
			vertex 10.569164276123 0.83599835634232 0
		endloop
	endfacet
	facet normal 0 0 -1
		outer loop
			vertex 10.610311508179 0.81895470619202 0
			vertex 10.62052822113 0.82578146457672 0
			vertex 11.004076004028 0.81988227367401 0
		endloop
	endfacet
	facet normal 0 0 -1
		outer loop
			vertex 10.598259925842 0.81655752658844 0
			vertex 10.610311508179 0.81895470619202 0
			vertex 11.018159866333 0.81655752658844 0
		endloop
	endfacet
	facet normal 0 0 -1
		outer loop
			vertex 8.6465997695923 2.1159000396729 0
			vertex 10.166308403015 1.238854765892 0
			vertex 10.272837638855 1.1733434200287 0
		endloop
	endfacet
	facet normal 0 0 -1
		outer loop
			vertex 8.6465997695923 2.1159000396729 0
			vertex 10.156091690063 1.2456814050674 0
			vertex 10.166308403015 1.238854765892 0
		endloop
	endfacet
	facet normal 0 0 -1
		outer loop
			vertex 8.6465997695923 2.1159000396729 0
			vertex 10.146867752075 1.2679500579834 0
			vertex 10.149264335632 1.2558983564377 0
		endloop
	endfacet
	facet normal 0 0 -1
		outer loop
			vertex 8.6465997695923 2.1159000396729 0
			vertex 10.149264335632 1.2558983564377 0
			vertex 10.156091690063 1.2456814050674 0
		endloop
	endfacet
	facet normal 0 0 -1
		outer loop
			vertex 8.6465997695923 2.1159000396729 0
			vertex 10.156091690063 1.2902185916901 0
			vertex 10.149264335632 1.2800016403198 0
		endloop
	endfacet
	facet normal 0 0 -1
		outer loop
			vertex 8.6465997695923 2.1159000396729 0
			vertex 10.149264335632 1.2800016403198 0
			vertex 10.146867752075 1.2679500579834 0
		endloop
	endfacet
	facet normal 0 0 -1
		outer loop
			vertex 8.6465997695923 2.1159000396729 0
			vertex 10.166308403015 1.2970452308655 0
			vertex 10.156091690063 1.2902185916901 0
		endloop
	endfacet
	facet normal 0 0 -1
		outer loop
			vertex 8.6465997695923 2.1159000396729 0
			vertex 10.178359985352 1.2994425296783 0
			vertex 10.166308403015 1.2970452308655 0
		endloop
	endfacet
	facet normal 0 0 -1
		outer loop
			vertex 9.8295450210571 1.2800016403198 0
			vertex 10.032668113708 0.87031853199005 0
			vertex 9.8319425582886 1.2679500579834 0
		endloop
	endfacet
	facet normal 0 0 -1
		outer loop
			vertex 10.272837638855 1.1733434200287 0
			vertex 9.8227186203003 1.2902185916901 0
			vertex 9.8125019073486 1.2970452308655 0
		endloop
	endfacet
	facet normal 0 0 -1
		outer loop
			vertex 10.272837638855 1.1733434200287 0
			vertex 9.8295450210571 1.2800016403198 0
			vertex 9.8227186203003 1.2902185916901 0
		endloop
	endfacet
	facet normal 0 0 -1
		outer loop
			vertex 9.8295450210571 1.2800016403198 0
			vertex 10.156091690063 0.95429855585098 0
			vertex 10.149264335632 0.94408166408539 0
		endloop
	endfacet
	facet normal -0 0 -1
		outer loop
			vertex 10.272837638855 1.1733434200287 0
			vertex 10.156091690063 0.95429855585098 0
			vertex 9.8295450210571 1.2800016403198 0
		endloop
	endfacet
	facet normal 0 0 -1
		outer loop
			vertex 10.272837638855 1.1733434200287 0
			vertex 10.166308403015 1.238854765892 0
			vertex 10.178359985352 1.2364574670792 0
		endloop
	endfacet
	facet normal 0 0 -1
		outer loop
			vertex 10.178359985352 1.2364574670792 0
			vertex 10.272837638855 1.2364574670792 0
			vertex 10.272837638855 1.1733434200287 0
		endloop
	endfacet
	facet normal 0 0 -1
		outer loop
			vertex 10.335822105408 0.84804999828339 0
			vertex 10.335822105408 1.2364574670792 0
			vertex 10.430299758911 1.2364574670792 0
		endloop
	endfacet
	facet normal 0 0 -1
		outer loop
			vertex 10.335822105408 0.84804999828339 0
			vertex 10.430299758911 1.2364574670792 0
			vertex 10.442351341248 1.238854765892 0
		endloop
	endfacet
	facet normal 0 0 -1
		outer loop
			vertex 10.566767692566 0.84804999828339 0
			vertex 10.442351341248 1.238854765892 0
			vertex 10.452569007874 1.2456814050674 0
		endloop
	endfacet
	facet normal 0 0 -1
		outer loop
			vertex 10.566767692566 0.84804999828339 0
			vertex 10.452569007874 1.2456814050674 0
			vertex 10.45939540863 1.2558983564377 0
		endloop
	endfacet
	facet normal 0 0 -1
		outer loop
			vertex 10.566767692566 0.84804999828339 0
			vertex 10.45939540863 1.2558983564377 0
			vertex 10.566767692566 1.2679500579834 0
		endloop
	endfacet
	facet normal 0 0 -1
		outer loop
			vertex 10.45939540863 1.2558983564377 0
			vertex 10.461792945862 1.2679500579834 0
			vertex 10.566767692566 1.2679500579834 0
		endloop
	endfacet
	facet normal 0 0 -1
		outer loop
			vertex 10.461792945862 1.2679500579834 0
			vertex 10.45939540863 1.2800016403198 0
			vertex 10.566767692566 1.2679500579834 0
		endloop
	endfacet
	facet normal 0 0 -1
		outer loop
			vertex 10.45939540863 1.2800016403198 0
			vertex 10.452569007874 1.2902185916901 0
			vertex 10.569164276123 1.2800016403198 0
		endloop
	endfacet
	facet normal 0 0 -1
		outer loop
			vertex 10.452569007874 1.2902185916901 0
			vertex 10.442351341248 1.2970452308655 0
			vertex 10.575991630554 1.2902185916901 0
		endloop
	endfacet
	facet normal 0 0 -1
		outer loop
			vertex 10.45939540863 1.2800016403198 0
			vertex 10.569164276123 1.2800016403198 0
			vertex 10.566767692566 1.2679500579834 0
		endloop
	endfacet
	facet normal 0 0 -1
		outer loop
			vertex 10.452569007874 1.2902185916901 0
			vertex 10.575991630554 1.2902185916901 0
			vertex 10.569164276123 1.2800016403198 0
		endloop
	endfacet
	facet normal 0 0 -1
		outer loop
			vertex 10.442351341248 1.2970452308655 0
			vertex 10.586208343506 1.2970452308655 0
			vertex 10.575991630554 1.2902185916901 0
		endloop
	endfacet
	facet normal 0 0 -1
		outer loop
			vertex 10.62052822113 1.2902185916901 0
			vertex 10.610311508179 1.2970452308655 0
			vertex 11.004076004028 1.2961177825928 0
		endloop
	endfacet
	facet normal 0 0 -1
		outer loop
			vertex 8.6465997695923 2.1159000396729 0
			vertex 12.970000267029 2.1159000396729 0
			vertex 10.178359985352 1.2994425296783 0
		endloop
	endfacet
	facet normal 0 0 -1
		outer loop
			vertex 12.970000267029 0 0
			vertex 9.5904998779297 0.81655752658844 0
			vertex 10.01039981842 0.81655752658844 0
		endloop
	endfacet
	facet normal 0 0 -1
		outer loop
			vertex 12.970000267029 0 0
			vertex 10.01039981842 0.81655752658844 0
			vertex 10.022451400757 0.81895470619202 0
		endloop
	endfacet
	facet normal 0 0 -1
		outer loop
			vertex 12.970000267029 0 0
			vertex 10.022451400757 0.81895470619202 0
			vertex 10.032668113708 0.82578146457672 0
		endloop
	endfacet
	facet normal 0 0 -1
		outer loop
			vertex 12.970000267029 0 0
			vertex 10.032668113708 0.82578146457672 0
			vertex 10.03949546814 0.83599835634232 0
		endloop
	endfacet
	facet normal 0 0 -1
		outer loop
			vertex 12.970000267029 0 0
			vertex 10.03949546814 0.83599835634232 0
			vertex 10.041892051697 0.84804999828339 0
		endloop
	endfacet
	facet normal 0 0 -1
		outer loop
			vertex 12.970000267029 0 0
			vertex 10.041892051697 0.84804999828339 0
			vertex 10.03949546814 0.86010164022446 0
		endloop
	endfacet
	facet normal 0 0 -1
		outer loop
			vertex 12.970000267029 0 0
			vertex 10.03949546814 0.86010164022446 0
			vertex 10.032668113708 0.87031853199005 0
		endloop
	endfacet
	facet normal 0 0 -1
		outer loop
			vertex 10.62052822113 0.82578146457672 0
			vertex 10.627355575562 0.83599835634232 0
			vertex 11.004076004028 0.81988227367401 0
		endloop
	endfacet
	facet normal 0 0 -1
		outer loop
			vertex 10.627355575562 0.83599835634232 0
			vertex 10.629752159119 0.84804999828339 0
			vertex 11.004076004028 0.81988227367401 0
		endloop
	endfacet
	facet normal 0 0 -1
		outer loop
			vertex 10.629752159119 1.0070440769196 0
			vertex 11.004076004028 0.81988227367401 0
			vertex 10.629752159119 0.84804999828339 0
		endloop
	endfacet
	facet normal 0 0 -1
		outer loop
			vertex 10.610311508179 0.81895470619202 0
			vertex 11.004076004028 0.81988227367401 0
			vertex 11.006108283997 0.81895470619202 0
		endloop
	endfacet
	facet normal 0 0 -1
		outer loop
			vertex 10.610311508179 0.81895470619202 0
			vertex 11.006108283997 0.81895470619202 0
			vertex 11.018159866333 0.81655752658844 0
		endloop
	endfacet
	facet normal 0 0 -1
		outer loop
			vertex 11.004076004028 0.81988227367401 0
			vertex 11.004237174988 0.82020485401154 0
			vertex 11.006108283997 0.81895470619202 0
		endloop
	endfacet
	facet normal 0 0 -1
		outer loop
			vertex 11.073972702026 0.86213386058807 0
			vertex 11.032243728638 0.87621772289276 0
			vertex 10.668679237366 1.0579999685287 0
		endloop
	endfacet
	facet normal 0 -0 -1
		outer loop
			vertex 11.032243728638 1.2397822141647 0
			vertex 11.073972702026 0.86213386058807 0
			vertex 10.668679237366 1.0579999685287 0
		endloop
	endfacet
	facet normal 0 0 -1
		outer loop
			vertex 12.970000267029 0 0
			vertex 10.032668113708 0.87031853199005 0
			vertex 10.292278289795 0.81895470619202 0
		endloop
	endfacet
	facet normal 0 0 -1
		outer loop
			vertex 12.970000267029 0 0
			vertex 10.292278289795 0.81895470619202 0
			vertex 10.304329872131 0.81655752658844 0
		endloop
	endfacet
	facet normal 0 0 -1
		outer loop
			vertex 12.970000267029 0 0
			vertex 10.304329872131 0.81655752658844 0
			vertex 10.316381454468 0.81895470619202 0
		endloop
	endfacet
	facet normal 0 0 -1
		outer loop
			vertex 12.970000267029 0 0
			vertex 10.316381454468 0.81895470619202 0
			vertex 10.586208343506 0.81895470619202 0
		endloop
	endfacet
	facet normal 0 -0 -1
		outer loop
			vertex 11.049652099609 0.84804999828339 0
			vertex 11.073044776917 0.83599835634232 0
			vertex 11.047255516052 0.83599835634232 0
		endloop
	endfacet
	facet normal 0 0 -1
		outer loop
			vertex 11.049652099609 0.84804999828339 0
			vertex 11.047255516052 0.86010164022446 0
			vertex 11.070647239685 0.84804999828339 0
		endloop
	endfacet
	facet normal 0 0 -1
		outer loop
			vertex 11.047255516052 0.86010164022446 0
			vertex 11.073044776917 0.86010164022446 0
			vertex 11.070647239685 0.84804999828339 0
		endloop
	endfacet
	facet normal -0 -0 -1
		outer loop
			vertex 11.073044776917 0.83599835634232 0
			vertex 11.079871177673 0.82578146457672 0
			vertex 11.047255516052 0.83599835634232 0
		endloop
	endfacet
	facet normal -0 -0 -1
		outer loop
			vertex 11.079871177673 0.82578146457672 0
			vertex 11.090087890625 0.81895470619202 0
			vertex 11.047255516052 0.83599835634232 0
		endloop
	endfacet
	facet normal 0 0 -1
		outer loop
			vertex 11.049652099609 0.84804999828339 0
			vertex 11.070647239685 0.84804999828339 0
			vertex 11.073044776917 0.83599835634232 0
		endloop
	endfacet
	facet normal 0 0 -1
		outer loop
			vertex 11.073972702026 0.86213386058807 0
			vertex 11.032082557678 0.87589514255524 0
			vertex 11.032243728638 0.87621772289276 0
		endloop
	endfacet
	facet normal 0 0 -1
		outer loop
			vertex 11.073972702026 0.86213386058807 0
			vertex 11.040428161621 0.87031853199005 0
			vertex 11.032082557678 0.87589514255524 0
		endloop
	endfacet
	facet normal 0 0 -1
		outer loop
			vertex 11.047255516052 0.86010164022446 0
			vertex 11.040428161621 0.87031853199005 0
			vertex 11.073044776917 0.86010164022446 0
		endloop
	endfacet
	facet normal -0 0 -1
		outer loop
			vertex 11.073972702026 0.86213386058807 0
			vertex 11.073044776917 0.86010164022446 0
			vertex 11.040428161621 0.87031853199005 0
		endloop
	endfacet
	facet normal 0 -0 -1
		outer loop
			vertex 11.073972702026 0.86213386058807 0
			vertex 11.074295043945 0.86197257041931 0
			vertex 11.073044776917 0.86010164022446 0
		endloop
	endfacet
	facet normal 0 0 -1
		outer loop
			vertex 11.124408721924 0.82578146457672 0
			vertex 11.129984855652 0.83412742614746 0
			vertex 11.130308151245 0.8339661359787 0
		endloop
	endfacet
	facet normal 0 0 -1
		outer loop
			vertex 11.130308151245 0.8339661359787 0
			vertex 11.312089920044 1.1975306272507 0
			vertex 11.493872642517 0.8339661359787 0
		endloop
	endfacet
	facet normal 0 0 -1
		outer loop
			vertex 12.970000267029 0 0
			vertex 10.586208343506 0.81895470619202 0
			vertex 10.598259925842 0.81655752658844 0
		endloop
	endfacet
	facet normal 0 0 -1
		outer loop
			vertex 12.970000267029 0 0
			vertex 10.598259925842 0.81655752658844 0
			vertex 11.018159866333 0.81655752658844 0
		endloop
	endfacet
	facet normal 0 0 -1
		outer loop
			vertex 11.130308151245 0.8339661359787 0
			vertex 11.499771118164 0.82578146457672 0
			vertex 11.50998878479 0.81895470619202 0
		endloop
	endfacet
	facet normal 0 0 -1
		outer loop
			vertex 11.130308151245 0.8339661359787 0
			vertex 11.493872642517 0.8339661359787 0
			vertex 11.499771118164 0.82578146457672 0
		endloop
	endfacet
	facet normal 0 0 -1
		outer loop
			vertex 11.130308151245 0.8339661359787 0
			vertex 11.50998878479 0.81895470619202 0
			vertex 11.522040367126 0.81655752658844 0
		endloop
	endfacet
	facet normal 0 -0 -1
		outer loop
			vertex 11.494194984436 0.83412742614746 0
			vertex 11.499771118164 0.82578146457672 0
			vertex 11.493872642517 0.8339661359787 0
		endloop
	endfacet
	facet normal 0 -0 -1
		outer loop
			vertex 11.550208091736 0.86213386058807 0
			vertex 11.551135063171 0.86010164022446 0
			vertex 11.549884796143 0.86197257041931 0
		endloop
	endfacet
	facet normal 0 0 -1
		outer loop
			vertex 11.534091949463 0.81895470619202 0
			vertex 11.544308662415 0.82578146457672 0
			vertex 11.798501014709 0.82184666395187 0
		endloop
	endfacet
	facet normal 0 0 -1
		outer loop
			vertex 11.551135063171 0.83599835634232 0
			vertex 11.553532600403 0.84804999828339 0
			vertex 11.798501014709 0.82184666395187 0
		endloop
	endfacet
	facet normal 0 0 -1
		outer loop
			vertex 11.544308662415 0.82578146457672 0
			vertex 11.551135063171 0.83599835634232 0
			vertex 11.798501014709 0.82184666395187 0
		endloop
	endfacet
	facet normal 0 0 -1
		outer loop
			vertex 11.667731285095 0.90976142883301 0
			vertex 11.553532600403 0.84804999828339 0
			vertex 11.551135063171 0.86010164022446 0
		endloop
	endfacet
	facet normal 0 0 -1
		outer loop
			vertex 11.660904884338 0.9199783205986 0
			vertex 11.551135063171 0.86010164022446 0
			vertex 11.550208091736 0.86213386058807 0
		endloop
	endfacet
	facet normal 0 -0 -1
		outer loop
			vertex 11.667731285095 0.90976142883301 0
			vertex 11.672866821289 0.90633010864258 0
			vertex 11.553532600403 0.84804999828339 0
		endloop
	endfacet
	facet normal 0 0 -1
		outer loop
			vertex 11.553532600403 0.84804999828339 0
			vertex 11.672866821289 0.90633010864258 0
			vertex 11.67253112793 0.90582662820816 0
		endloop
	endfacet
	facet normal 0 -0 -1
		outer loop
			vertex 11.660904884338 0.9199783205986 0
			vertex 11.667731285095 0.90976142883301 0
			vertex 11.551135063171 0.86010164022446 0
		endloop
	endfacet
	facet normal 0 0 -1
		outer loop
			vertex 11.340257644653 1.2820339202881 0
			vertex 11.660904884338 0.9199783205986 0
			vertex 11.550208091736 0.86213386058807 0
		endloop
	endfacet
	facet normal 0 0 -1
		outer loop
			vertex 11.340257644653 1.2820339202881 0
			vertex 11.660904884338 0.94408166408539 0
			vertex 11.658507347107 0.93203002214432 0
		endloop
	endfacet
	facet normal 0 0 -1
		outer loop
			vertex 11.340257644653 1.2820339202881 0
			vertex 11.658507347107 0.93203002214432 0
			vertex 11.660904884338 0.9199783205986 0
		endloop
	endfacet
	facet normal 0 0 -1
		outer loop
			vertex 12.970000267029 0 0
			vertex 11.018159866333 0.81655752658844 0
			vertex 11.030211448669 0.81895470619202 0
		endloop
	endfacet
	facet normal 0 0 -1
		outer loop
			vertex 12.970000267029 0 0
			vertex 11.040428161621 0.82578146457672 0
			vertex 11.047255516052 0.83599835634232 0
		endloop
	endfacet
	facet normal 0 0 -1
		outer loop
			vertex 12.970000267029 0 0
			vertex 11.030211448669 0.81895470619202 0
			vertex 11.040428161621 0.82578146457672 0
		endloop
	endfacet
	facet normal 0 0 -1
		outer loop
			vertex 12.970000267029 0 0
			vertex 11.047255516052 0.83599835634232 0
			vertex 11.090087890625 0.81895470619202 0
		endloop
	endfacet
	facet normal 0 0 -1
		outer loop
			vertex 12.970000267029 0 0
			vertex 11.090087890625 0.81895470619202 0
			vertex 11.102140426636 0.81655752658844 0
		endloop
	endfacet
	facet normal 0 0 -1
		outer loop
			vertex 12.970000267029 0 0
			vertex 11.102140426636 0.81655752658844 0
			vertex 11.114192008972 0.81895470619202 0
		endloop
	endfacet
	facet normal 0 0 -1
		outer loop
			vertex 12.970000267029 0 0
			vertex 11.114192008972 0.81895470619202 0
			vertex 11.124408721924 0.82578146457672 0
		endloop
	endfacet
	facet normal 0 0 -1
		outer loop
			vertex 12.970000267029 0 0
			vertex 11.124408721924 0.82578146457672 0
			vertex 11.130308151245 0.8339661359787 0
		endloop
	endfacet
	facet normal 0 0 -1
		outer loop
			vertex 12.970000267029 0 0
			vertex 11.130308151245 0.8339661359787 0
			vertex 11.522040367126 0.81655752658844 0
		endloop
	endfacet
	facet normal 0 0 -1
		outer loop
			vertex 11.553532600403 0.84804999828339 0
			vertex 11.67253112793 0.90582662820816 0
			vertex 11.798501014709 0.82184666395187 0
		endloop
	endfacet
	facet normal 0 0 -1
		outer loop
			vertex 11.534091949463 0.81895470619202 0
			vertex 11.798501014709 0.82184666395187 0
			vertex 11.803917884827 0.81895470619202 0
		endloop
	endfacet
	facet normal 0 0 -1
		outer loop
			vertex 11.707133293152 0.95772987604141 0
			vertex 11.702052116394 0.96112525463104 0
			vertex 11.707468986511 0.95823335647583 0
		endloop
	endfacet
	facet normal 0 -0 -1
		outer loop
			vertex 11.677947998047 1.238854765892 0
			vertex 11.677947998047 0.96112525463104 0
			vertex 11.667731285095 0.95429855585098 0
		endloop
	endfacet
	facet normal 0 0 -1
		outer loop
			vertex 11.677947998047 1.238854765892 0
			vertex 11.702052116394 0.96112525463104 0
			vertex 11.689999580383 0.96352249383926 0
		endloop
	endfacet
	facet normal 0 0 -1
		outer loop
			vertex 11.677947998047 1.238854765892 0
			vertex 11.689999580383 0.96352249383926 0
			vertex 11.677947998047 0.96112525463104 0
		endloop
	endfacet
	facet normal 0 0 -1
		outer loop
			vertex 11.677947998047 1.238854765892 0
			vertex 11.707468986511 0.95823335647583 0
			vertex 11.702052116394 0.96112525463104 0
		endloop
	endfacet
	facet normal 0 0 -1
		outer loop
			vertex 11.689999580383 1.2364574670792 0
			vertex 11.784477233887 0.90689426660538 0
			vertex 11.707468986511 0.95823335647583 0
		endloop
	endfacet
	facet normal 0 0 -1
		outer loop
			vertex 11.798501014709 0.82184666395187 0
			vertex 11.798836708069 0.82235014438629 0
			vertex 11.803917884827 0.81895470619202 0
		endloop
	endfacet
	facet normal 0 0 -1
		outer loop
			vertex 10.629752159119 1.1089559793472 0
			vertex 10.629752159119 1.2679500579834 0
			vertex 11.004076004028 1.2961177825928 0
		endloop
	endfacet
	facet normal 0 0 -1
		outer loop
			vertex 10.627355575562 1.2800016403198 0
			vertex 10.62052822113 1.2902185916901 0
			vertex 11.004076004028 1.2961177825928 0
		endloop
	endfacet
	facet normal 0 0 -1
		outer loop
			vertex 11.004076004028 1.2961177825928 0
			vertex 10.629752159119 1.2679500579834 0
			vertex 10.627355575562 1.2800016403198 0
		endloop
	endfacet
	facet normal 0 0 -1
		outer loop
			vertex 10.610311508179 1.2970452308655 0
			vertex 11.006108283997 1.2970452308655 0
			vertex 11.004076004028 1.2961177825928 0
		endloop
	endfacet
	facet normal 0 0 -1
		outer loop
			vertex 11.040428161621 1.2456814050674 0
			vertex 11.032243728638 1.2397822141647 0
			vertex 11.032082557678 1.2401047945023 0
		endloop
	endfacet
	facet normal 0 0 -1
		outer loop
			vertex 11.006108283997 1.2970452308655 0
			vertex 11.004237174988 1.2957952022552 0
			vertex 11.004076004028 1.2961177825928 0
		endloop
	endfacet
	facet normal 0 0 -1
		outer loop
			vertex 11.073972702026 0.86213386058807 0
			vertex 11.032243728638 1.2397822141647 0
			vertex 11.283922195435 1.2820339202881 0
		endloop
	endfacet
	facet normal 0 -0 -1
		outer loop
			vertex 11.040428161621 1.2456814050674 0
			vertex 11.283922195435 1.2820339202881 0
			vertex 11.032243728638 1.2397822141647 0
		endloop
	endfacet
	facet normal 0 0 -1
		outer loop
			vertex 11.040428161621 1.2902185916901 0
			vertex 11.030211448669 1.2970452308655 0
			vertex 11.289821624756 1.2902185916901 0
		endloop
	endfacet
	facet normal 0 -0 -1
		outer loop
			vertex 11.047255516052 1.2558983564377 0
			vertex 11.283922195435 1.2820339202881 0
			vertex 11.040428161621 1.2456814050674 0
		endloop
	endfacet
	facet normal 0 0 -1
		outer loop
			vertex 11.047255516052 1.2558983564377 0
			vertex 11.049652099609 1.2679500579834 0
			vertex 11.283922195435 1.2820339202881 0
		endloop
	endfacet
	facet normal 0 0 -1
		outer loop
			vertex 11.049652099609 1.2679500579834 0
			vertex 11.047255516052 1.2800016403198 0
			vertex 11.283922195435 1.2820339202881 0
		endloop
	endfacet
	facet normal 0 0 -1
		outer loop
			vertex 11.047255516052 1.2800016403198 0
			vertex 11.040428161621 1.2902185916901 0
			vertex 11.283922195435 1.2820339202881 0
		endloop
	endfacet
	facet normal 0 0 -1
		outer loop
			vertex 11.040428161621 1.2902185916901 0
			vertex 11.289821624756 1.2902185916901 0
			vertex 11.283922195435 1.2820339202881 0
		endloop
	endfacet
	facet normal 0 0 -1
		outer loop
			vertex 11.030211448669 1.2970452308655 0
			vertex 11.300038337708 1.2970452308655 0
			vertex 11.289821624756 1.2902185916901 0
		endloop
	endfacet
	facet normal 0 0 -1
		outer loop
			vertex 11.284244537354 1.2818726301193 0
			vertex 11.283922195435 1.2820339202881 0
			vertex 11.289821624756 1.2902185916901 0
		endloop
	endfacet
	facet normal 0 0 -1
		outer loop
			vertex 11.339935302734 1.2818726301193 0
			vertex 11.334358215332 1.2902185916901 0
			vertex 11.340257644653 1.2820339202881 0
		endloop
	endfacet
	facet normal 0 0 -1
		outer loop
			vertex 12.970000267029 2.1159000396729 0
			vertex 10.430299758911 1.2994425296783 0
			vertex 10.178359985352 1.2994425296783 0
		endloop
	endfacet
	facet normal 0 0 -1
		outer loop
			vertex 12.970000267029 2.1159000396729 0
			vertex 10.442351341248 1.2970452308655 0
			vertex 10.430299758911 1.2994425296783 0
		endloop
	endfacet
	facet normal 0 0 -1
		outer loop
			vertex 12.970000267029 2.1159000396729 0
			vertex 10.586208343506 1.2970452308655 0
			vertex 10.442351341248 1.2970452308655 0
		endloop
	endfacet
	facet normal 0 0 -1
		outer loop
			vertex 11.334358215332 1.2902185916901 0
			vertex 11.32414150238 1.2970452308655 0
			vertex 11.677947998047 1.2970452308655 0
		endloop
	endfacet
	facet normal 0 0 -1
		outer loop
			vertex 11.334358215332 1.2902185916901 0
			vertex 11.677947998047 1.2970452308655 0
			vertex 11.340257644653 1.2820339202881 0
		endloop
	endfacet
	facet normal 0 0 -1
		outer loop
			vertex 11.340257644653 1.2820339202881 0
			vertex 11.667731285095 0.95429855585098 0
			vertex 11.660904884338 0.94408166408539 0
		endloop
	endfacet
	facet normal 0 0 -1
		outer loop
			vertex 11.340257644653 1.2820339202881 0
			vertex 11.677947998047 1.238854765892 0
			vertex 11.667731285095 0.95429855585098 0
		endloop
	endfacet
	facet normal -0 -0 -1
		outer loop
			vertex 11.667731285095 1.2456814050674 0
			vertex 11.677947998047 1.238854765892 0
			vertex 11.340257644653 1.2820339202881 0
		endloop
	endfacet
	facet normal -0 -0 -1
		outer loop
			vertex 11.658507347107 1.2679500579834 0
			vertex 11.660904884338 1.2558983564377 0
			vertex 11.340257644653 1.2820339202881 0
		endloop
	endfacet
	facet normal -0 -0 -1
		outer loop
			vertex 11.660904884338 1.2558983564377 0
			vertex 11.667731285095 1.2456814050674 0
			vertex 11.340257644653 1.2820339202881 0
		endloop
	endfacet
	facet normal -0 0 -1
		outer loop
			vertex 11.660904884338 1.2800016403198 0
			vertex 11.658507347107 1.2679500579834 0
			vertex 11.340257644653 1.2820339202881 0
		endloop
	endfacet
	facet normal 0 0 -1
		outer loop
			vertex 11.667731285095 1.2902185916901 0
			vertex 11.660904884338 1.2800016403198 0
			vertex 11.340257644653 1.2820339202881 0
		endloop
	endfacet
	facet normal 0 0 -1
		outer loop
			vertex 11.677947998047 1.2970452308655 0
			vertex 11.667731285095 1.2902185916901 0
			vertex 11.340257644653 1.2820339202881 0
		endloop
	endfacet
	facet normal 0 0 -1
		outer loop
			vertex 12.970000267029 2.1159000396729 0
			vertex 10.598259925842 1.2994425296783 0
			vertex 10.586208343506 1.2970452308655 0
		endloop
	endfacet
	facet normal 0 0 -1
		outer loop
			vertex 12.970000267029 2.1159000396729 0
			vertex 10.610311508179 1.2970452308655 0
			vertex 10.598259925842 1.2994425296783 0
		endloop
	endfacet
	facet normal 0 0 -1
		outer loop
			vertex 12.970000267029 2.1159000396729 0
			vertex 11.006108283997 1.2970452308655 0
			vertex 10.610311508179 1.2970452308655 0
		endloop
	endfacet
	facet normal 0 0 -1
		outer loop
			vertex 11.677947998047 1.238854765892 0
			vertex 11.689999580383 1.2364574670792 0
			vertex 11.707468986511 0.95823335647583 0
		endloop
	endfacet
	facet normal 0 0 -1
		outer loop
			vertex 11.689999580383 1.2364574670792 0
			vertex 11.784477233887 1.2364574670792 0
			vertex 11.784477233887 0.90689426660538 0
		endloop
	endfacet
	facet normal -0 0 -1
		outer loop
			vertex 11.941940307617 1.2364574670792 0
			vertex 11.847462654114 0.84804999828339 0
			vertex 11.847462654114 1.2364574670792 0
		endloop
	endfacet
	facet normal 0 0 -1
		outer loop
			vertex 11.847462654114 0.84804999828339 0
			vertex 11.941940307617 1.2364574670792 0
			vertex 11.953991889954 1.238854765892 0
		endloop
	endfacet
	facet normal 0 -0 -1
		outer loop
			vertex 11.953991889954 1.238854765892 0
			vertex 11.964208602905 1.2456814050674 0
			vertex 11.847462654114 0.84804999828339 0
		endloop
	endfacet
	facet normal 0 0 -1
		outer loop
			vertex 12.970000267029 2.1159000396729 0
			vertex 11.018159866333 1.2994425296783 0
			vertex 11.006108283997 1.2970452308655 0
		endloop
	endfacet
	facet normal 0 0 -1
		outer loop
			vertex 12.970000267029 2.1159000396729 0
			vertex 11.030211448669 1.2970452308655 0
			vertex 11.018159866333 1.2994425296783 0
		endloop
	endfacet
	facet normal 0 0 -1
		outer loop
			vertex 12.970000267029 2.1159000396729 0
			vertex 11.300038337708 1.2970452308655 0
			vertex 11.030211448669 1.2970452308655 0
		endloop
	endfacet
	facet normal 0 0 -1
		outer loop
			vertex 12.970000267029 2.1159000396729 0
			vertex 11.312089920044 1.2994425296783 0
			vertex 11.300038337708 1.2970452308655 0
		endloop
	endfacet
	facet normal 0 0 -1
		outer loop
			vertex 12.970000267029 2.1159000396729 0
			vertex 11.32414150238 1.2970452308655 0
			vertex 11.312089920044 1.2994425296783 0
		endloop
	endfacet
	facet normal 0 1 0
		outer loop
			vertex 8.6465997695923 2.1159000396729 0
			vertex 12.970000267029 2.1159000396729 0.43999999761581
			vertex 12.970000267029 2.1159000396729 0
		endloop
	endfacet
	facet normal 0 0 -1
		outer loop
			vertex 12.970000267029 0 0
			vertex 11.522040367126 0.81655752658844 0
			vertex 11.534091949463 0.81895470619202 0
		endloop
	endfacet
	facet normal 0 0 -1
		outer loop
			vertex 12.970000267029 0 0
			vertex 11.534091949463 0.81895470619202 0
			vertex 11.803917884827 0.81895470619202 0
		endloop
	endfacet
	facet normal 0 0 -1
		outer loop
			vertex 12.970000267029 0 0
			vertex 11.803917884827 0.81895470619202 0
			vertex 11.815970420837 0.81655752658844 0
		endloop
	endfacet
	facet normal 0 0 -1
		outer loop
			vertex 12.970000267029 0 0
			vertex 11.815970420837 0.81655752658844 0
			vertex 11.828022003174 0.81895470619202 0
		endloop
	endfacet
	facet normal 0 0 -1
		outer loop
			vertex 12.970000267029 0 0
			vertex 11.845065116882 0.83599835634232 0
			vertex 11.847462654114 0.84804999828339 0
		endloop
	endfacet
	facet normal 0 0 -1
		outer loop
			vertex 12.970000267029 0 0
			vertex 11.838238716125 0.82578146457672 0
			vertex 11.845065116882 0.83599835634232 0
		endloop
	endfacet
	facet normal 0 0 -1
		outer loop
			vertex 12.970000267029 0 0
			vertex 11.828022003174 0.81895470619202 0
			vertex 11.838238716125 0.82578146457672 0
		endloop
	endfacet
	facet normal 0 0 -1
		outer loop
			vertex 12.970000267029 0 0
			vertex 11.847462654114 0.84804999828339 0
			vertex 11.964208602905 1.2456814050674 0
		endloop
	endfacet
	facet normal 0 0 -1
		outer loop
			vertex 12.970000267029 0 0
			vertex 11.971035003662 1.2558983564377 0
			vertex 11.973432540894 1.2679500579834 0
		endloop
	endfacet
	facet normal 0 0 -1
		outer loop
			vertex 12.970000267029 0 0
			vertex 11.964208602905 1.2456814050674 0
			vertex 11.971035003662 1.2558983564377 0
		endloop
	endfacet
	facet normal 0 0 -1
		outer loop
			vertex 12.970000267029 0 0
			vertex 11.973432540894 1.2679500579834 0
			vertex 11.971035003662 1.2800016403198 0
		endloop
	endfacet
	facet normal 0 0 -1
		outer loop
			vertex 12.970000267029 2.1159000396729 0
			vertex 11.677947998047 1.2970452308655 0
			vertex 11.32414150238 1.2970452308655 0
		endloop
	endfacet
	facet normal 0 0 -1
		outer loop
			vertex 12.970000267029 2.1159000396729 0
			vertex 11.689999580383 1.2994425296783 0
			vertex 11.677947998047 1.2970452308655 0
		endloop
	endfacet
	facet normal 0 0 -1
		outer loop
			vertex 12.970000267029 2.1159000396729 0
			vertex 11.941940307617 1.2994425296783 0
			vertex 11.689999580383 1.2994425296783 0
		endloop
	endfacet
	facet normal 0 0 -1
		outer loop
			vertex 12.970000267029 2.1159000396729 0
			vertex 11.953991889954 1.2970452308655 0
			vertex 11.941940307617 1.2994425296783 0
		endloop
	endfacet
	facet normal 0 0 -1
		outer loop
			vertex 12.970000267029 2.1159000396729 0
			vertex 11.964208602905 1.2902185916901 0
			vertex 11.953991889954 1.2970452308655 0
		endloop
	endfacet
	facet normal 0 0 -1
		outer loop
			vertex 12.970000267029 2.1159000396729 0
			vertex 11.971035003662 1.2800016403198 0
			vertex 11.964208602905 1.2902185916901 0
		endloop
	endfacet
	facet normal 0 0 -1
		outer loop
			vertex 12.970000267029 0 0
			vertex 11.971035003662 1.2800016403198 0
			vertex 12.970000267029 2.1159000396729 0
		endloop
	endfacet
	facet normal 1 0 0
		outer loop
			vertex 12.970000267029 0 0
			vertex 12.970000267029 2.1159000396729 0
			vertex 12.970000267029 0 0.43999999761581
		endloop
	endfacet
	facet normal 0 -1 0
		outer loop
			vertex 6.8299999237061 0 0.20499999821186
			vertex 12.970000267029 0 0
			vertex 12.970000267029 0 0.43999999761581
		endloop
	endfacet
	facet normal 0 1 0
		outer loop
			vertex 8.6465997695923 2.1159000396729 0
			vertex 8.6465997695923 2.1159000396729 0.43999999761581
			vertex 12.970000267029 2.1159000396729 0.43999999761581
		endloop
	endfacet
	facet normal 1 0 -0
		outer loop
			vertex 12.970000267029 2.1159000396729 0
			vertex 12.970000267029 2.1159000396729 0.43999999761581
			vertex 12.970000267029 0 0.43999999761581
		endloop
	endfacet
	facet normal 0 0 1
		outer loop
			vertex 8.6465997695923 0.70531088113785 0.43999999761581
			vertex 12.970000267029 2.1159000396729 0.43999999761581
			vertex 8.6465997695923 2.1159000396729 0.43999999761581
		endloop
	endfacet
	facet normal -0 0 1
		outer loop
			vertex 8.6465997695923 0.70531088113785 0.43999999761581
			vertex 12.970000267029 0 0.43999999761581
			vertex 12.970000267029 2.1159000396729 0.43999999761581
		endloop
	endfacet
	facet normal 0 -1 0
		outer loop
			vertex 0 14.811200141907 0
			vertex 4.3232998847961 14.811200141907 0
			vertex 0 14.811200141907 0.43999999761581
		endloop
	endfacet
	facet normal 0 0 -1
		outer loop
			vertex 0 14.811200141907 0
			vertex 0 16.927099227905 0
			vertex 4.3232998847961 14.811200141907 0
		endloop
	endfacet
	facet normal -1 0 0
		outer loop
			vertex 0 14.811200141907 0
			vertex 0 16.927099227905 0.43999999761581
			vertex 0 16.927099227905 0
		endloop
	endfacet
	facet normal 0 -1 0
		outer loop
			vertex 4.3232998847961 14.811200141907 0
			vertex 4.3232998847961 14.811200141907 0.20499999821186
			vertex 4.0883002281189 14.811200141907 0.20499999821186
		endloop
	endfacet
	facet normal 0 0 -1
		outer loop
			vertex 0 16.927099227905 0
			vertex 4.8637156486511 14.811200141907 0
			vertex 4.3232998847961 14.811200141907 0
		endloop
	endfacet
	facet normal 0 0 -1
		outer loop
			vertex 0 16.927099227905 0
			vertex 8.6465997695923 14.811200141907 0
			vertex 4.8637156486511 14.811200141907 0
		endloop
	endfacet
	facet normal 0 1 0
		outer loop
			vertex 0 16.927099227905 0
			vertex 4.0883002281189 16.927099227905 0.20499999821186
			vertex 4.7782998085022 16.927099227905 0.20499999821186
		endloop
	endfacet
	facet normal 0 1 0
		outer loop
			vertex 0 16.927099227905 0
			vertex 4.7782998085022 16.927099227905 0.20499999821186
			vertex 7.9716000556946 16.927099227905 0.20499999821186
		endloop
	endfacet
	facet normal 0 1 0
		outer loop
			vertex 0 16.927099227905 0
			vertex 0 16.927099227905 0.43999999761581
			vertex 4.0883002281189 16.927099227905 0.20499999821186
		endloop
	endfacet
	facet normal -1 0 0
		outer loop
			vertex 0 14.811200141907 0
			vertex 0 14.811200141907 0.43999999761581
			vertex 0 16.927099227905 0.43999999761581
		endloop
	endfacet
	facet normal 0 -1 0
		outer loop
			vertex 4.3232998847961 14.811200141907 0
			vertex 4.0883002281189 14.811200141907 0.20499999821186
			vertex 0 14.811200141907 0.43999999761581
		endloop
	endfacet
	facet normal 0 1 0
		outer loop
			vertex 0 16.927099227905 0
			vertex 7.9716000556946 16.927099227905 0.20499999821186
			vertex 8.661600112915 16.927099227905 0.20499999821186
		endloop
	endfacet
	facet normal 0 -1 0
		outer loop
			vertex 8.6465997695923 14.811200141907 0
			vertex 8.661600112915 14.811200141907 0.20499999821186
			vertex 8.6465997695923 14.811200141907 0.20499999821186
		endloop
	endfacet
	facet normal 0 0 -1
		outer loop
			vertex 0 16.927099227905 0
			vertex 12.970000267029 14.811200141907 0
			vertex 8.6465997695923 14.811200141907 0
		endloop
	endfacet
	facet normal 0 1 0
		outer loop
			vertex 0 16.927099227905 0
			vertex 8.661600112915 16.927099227905 0.20499999821186
			vertex 12.970000267029 16.927099227905 0
		endloop
	endfacet
	facet normal 0 0 -1
		outer loop
			vertex 0 16.927099227905 0
			vertex 12.970000267029 16.927099227905 0
			vertex 12.970000267029 14.811200141907 0
		endloop
	endfacet
	facet normal 0 1 0
		outer loop
			vertex 4.7782998085022 16.927099227905 0.20499999821186
			vertex 8.1035995483398 16.927099227905 0.43999999761581
			vertex 7.9716000556946 16.927099227905 0.20499999821186
		endloop
	endfacet
	facet normal 0 0 1
		outer loop
			vertex 0 14.811200141907 0.43999999761581
			vertex 4.2203001976013 16.927099227905 0.43999999761581
			vertex 0 16.927099227905 0.43999999761581
		endloop
	endfacet
	facet normal 0 -1 0
		outer loop
			vertex 4.0883002281189 14.811200141907 0.20499999821186
			vertex 4.2203001976013 14.811200141907 0.43999999761581
			vertex 0 14.811200141907 0.43999999761581
		endloop
	endfacet
	facet normal 0 1 -0
		outer loop
			vertex 4.0883002281189 16.927099227905 0.20499999821186
			vertex 0 16.927099227905 0.43999999761581
			vertex 4.2203001976013 16.927099227905 0.43999999761581
		endloop
	endfacet
	facet normal 0 0 1
		outer loop
			vertex 0 14.811200141907 0.43999999761581
			vertex 4.2203001976013 14.811200141907 0.43999999761581
			vertex 4.2203001976013 16.927099227905 0.43999999761581
		endloop
	endfacet
	facet normal 0 1 -0
		outer loop
			vertex 4.7782998085022 16.927099227905 0.20499999821186
			vertex 4.6462998390198 16.927099227905 0.43999999761581
			vertex 8.1035995483398 16.927099227905 0.43999999761581
		endloop
	endfacet
	facet normal 0 0 1
		outer loop
			vertex 4.6462998390198 16.169111251831 0.43999999761581
			vertex 8.1035995483398 16.927099227905 0.43999999761581
			vertex 4.6462998390198 16.927099227905 0.43999999761581
		endloop
	endfacet
	facet normal -0 0 1
		outer loop
			vertex 4.6462998390198 16.169111251831 0.43999999761581
			vertex 8.1035995483398 15.605094909668 0.43999999761581
			vertex 8.1035995483398 16.927099227905 0.43999999761581
		endloop
	endfacet
	facet normal 0 -1 0
		outer loop
			vertex 8.6465997695923 14.811200141907 0
			vertex 12.970000267029 14.811200141907 0
			vertex 8.661600112915 14.811200141907 0.20499999821186
		endloop
	endfacet
	facet normal 0 -1 0
		outer loop
			vertex 8.661600112915 14.811200141907 0.20499999821186
			vertex 12.970000267029 14.811200141907 0
			vertex 8.6465997695923 14.811200141907 0.23170454800129
		endloop
	endfacet
	facet normal 1 0 0
		outer loop
			vertex 12.970000267029 14.811200141907 0
			vertex 12.970000267029 16.927099227905 0
			vertex 12.970000267029 14.811200141907 0.43999999761581
		endloop
	endfacet
	facet normal 0 -1 0
		outer loop
			vertex 12.970000267029 14.811200141907 0
			vertex 8.6465997695923 14.811200141907 0.43999999761581
			vertex 8.6465997695923 14.811200141907 0.23170454800129
		endloop
	endfacet
	facet normal 0 -1 0
		outer loop
			vertex 12.970000267029 14.811200141907 0
			vertex 12.970000267029 14.811200141907 0.43999999761581
			vertex 8.6465997695923 14.811200141907 0.43999999761581
		endloop
	endfacet
	facet normal -0 1 0
		outer loop
			vertex 8.661600112915 16.927099227905 0.20499999821186
			vertex 12.970000267029 16.927099227905 0.43999999761581
			vertex 12.970000267029 16.927099227905 0
		endloop
	endfacet
	facet normal 1 0 -0
		outer loop
			vertex 12.970000267029 16.927099227905 0
			vertex 12.970000267029 16.927099227905 0.43999999761581
			vertex 12.970000267029 14.811200141907 0.43999999761581
		endloop
	endfacet
	facet normal 0 1 -0
		outer loop
			vertex 8.661600112915 16.927099227905 0.20499999821186
			vertex 8.5296001434326 16.927099227905 0.43999999761581
			vertex 12.970000267029 16.927099227905 0.43999999761581
		endloop
	endfacet
	facet normal 0 0 1
		outer loop
			vertex 8.6465997695923 14.811200141907 0.43999999761581
			vertex 12.970000267029 14.811200141907 0.43999999761581
			vertex 8.6465997695923 15.51651096344 0.43999999761581
		endloop
	endfacet
	facet normal -0 0 1
		outer loop
			vertex 8.5296001434326 15.535597801208 0.43999999761581
			vertex 8.6465997695923 15.51651096344 0.43999999761581
			vertex 12.970000267029 16.927099227905 0.43999999761581
		endloop
	endfacet
	facet normal 0 0 1
		outer loop
			vertex 8.5296001434326 15.535597801208 0.43999999761581
			vertex 12.970000267029 16.927099227905 0.43999999761581
			vertex 8.5296001434326 16.927099227905 0.43999999761581
		endloop
	endfacet
	facet normal -0 0 1
		outer loop
			vertex 8.6465997695923 15.51651096344 0.43999999761581
			vertex 12.970000267029 14.811200141907 0.43999999761581
			vertex 12.970000267029 16.927099227905 0.43999999761581
		endloop
	endfacet
	facet normal 0 0 1
		outer loop
			vertex 6.1399998664856 0 0.20499999821186
			vertex 6.8299999237061 0 0.20499999821186
			vertex 6.8299999237061 2.1159000396729 0.20499999821186
		endloop
	endfacet
	facet normal 0 0 1
		outer loop
			vertex 6.1399998664856 0 0.20499999821186
			vertex 6.8299999237061 2.1159000396729 0.20499999821186
			vertex 6.1399998664856 2.1159000396729 0.20499999821186
		endloop
	endfacet
	facet normal 0.87187267280999 0 -0.4897326233846
		outer loop
			vertex 6.1399998664856 0 0.20499999821186
			vertex 6.1399998664856 2.1159000396729 0.20499999821186
			vertex 6.271999835968 0 0.43999999761581
		endloop
	endfacet
	facet normal -0.87187267280999 0 -0.4897326233846
		outer loop
			vertex 6.8299999237061 0 0.20499999821186
			vertex 6.6979999542236 2.1159000396729 0.43999999761581
			vertex 6.8299999237061 2.1159000396729 0.20499999821186
		endloop
	endfacet
	facet normal -0.87187267280999 0 -0.4897326233846
		outer loop
			vertex 6.8299999237061 0 0.20499999821186
			vertex 6.6979999542236 0 0.43999999761581
			vertex 6.6979999542236 1.023201584816 0.43999999761581
		endloop
	endfacet
	facet normal -0.87187267280999 0 -0.4897326233846
		outer loop
			vertex 6.8299999237061 0 0.20499999821186
			vertex 6.6979999542236 1.023201584816 0.43999999761581
			vertex 6.6979999542236 2.1159000396729 0.43999999761581
		endloop
	endfacet
	facet normal 0.87187267280999 0 -0.4897326233846
		outer loop
			vertex 6.1399998664856 2.1159000396729 0.20499999821186
			vertex 6.271999835968 1.0926984548569 0.43999999761581
			vertex 6.271999835968 0 0.43999999761581
		endloop
	endfacet
	facet normal 0.87187267280999 0 -0.4897326233846
		outer loop
			vertex 6.1399998664856 2.1159000396729 0.20499999821186
			vertex 6.271999835968 2.1159000396729 0.43999999761581
			vertex 6.271999835968 1.0926984548569 0.43999999761581
		endloop
	endfacet
	facet normal 0 0 1
		outer loop
			vertex 6.1399998664856 2.1159000396729 0.20499999821186
			vertex 6.8299999237061 2.1159000396729 0.20499999821186
			vertex 6.8299999237061 12.625599861145 0.20499999821186
		endloop
	endfacet
	facet normal 0.87187267280999 0 -0.4897326233846
		outer loop
			vertex 6.1399998664856 2.1159000396729 0.20499999821186
			vertex 6.1399998664856 12.625599861145 0.20499999821186
			vertex 6.271999835968 2.1159000396729 0.43999999761581
		endloop
	endfacet
	facet normal -0.87187267280999 0 -0.4897326233846
		outer loop
			vertex 6.8299999237061 2.1159000396729 0.20499999821186
			vertex 6.6979999542236 2.1159000396729 0.43999999761581
			vertex 6.6979999542236 12.625599861145 0.43999999761581
		endloop
	endfacet
	facet normal 0 0 1
		outer loop
			vertex 6.1399998664856 2.1159000396729 0.20499999821186
			vertex 6.8299999237061 12.625599861145 0.20499999821186
			vertex 6.1399998664856 12.625599861145 0.20499999821186
		endloop
	endfacet
	facet normal -0.87187267280999 0 -0.4897326233846
		outer loop
			vertex 6.8299999237061 2.1159000396729 0.20499999821186
			vertex 6.6979999542236 12.625599861145 0.43999999761581
			vertex 6.8299999237061 12.625599861145 0.20499999821186
		endloop
	endfacet
	facet normal 0 -1 0
		outer loop
			vertex 6.1399998664856 12.625599861145 0.20499999821186
			vertex 6.8299999237061 12.625599861145 0.20499999821186
			vertex 6.6979999542236 12.625599861145 0.43999999761581
		endloop
	endfacet
	facet normal 0.87187267280999 0 -0.4897326233846
		outer loop
			vertex 6.271999835968 2.1159000396729 0.43999999761581
			vertex 6.1399998664856 12.625599861145 0.20499999821186
			vertex 6.271999835968 12.625599861145 0.43999999761581
		endloop
	endfacet
	facet normal 0 -1 0
		outer loop
			vertex 6.1399998664856 12.625599861145 0.20499999821186
			vertex 6.6979999542236 12.625599861145 0.43999999761581
			vertex 6.271999835968 12.625599861145 0.43999999761581
		endloop
	endfacet
	facet normal 0 0 1
		outer loop
			vertex 4.3232998847961 13.684599876404 0.20499999821186
			vertex 4.7782998085022 13.684599876404 0.20499999821186
			vertex 4.3232998847961 14.811200141907 0.20499999821186
		endloop
	endfacet
	facet normal 0 1 0
		outer loop
			vertex 4.3232998847961 13.684599876404 0.20499999821186
			vertex 4.6462998390198 13.684599876404 0.43999999761581
			vertex 4.7782998085022 13.684599876404 0.20499999821186
		endloop
	endfacet
	facet normal 0 0 1
		outer loop
			vertex 4.0883002281189 14.811200141907 0.20499999821186
			vertex 4.3232998847961 14.811200141907 0.20499999821186
			vertex 4.0883002281189 16.927099227905 0.20499999821186
		endloop
	endfacet
	facet normal 0 -0 1
		outer loop
			vertex 4.7782998085022 13.684599876404 0.20499999821186
			vertex 4.7782998085022 16.927099227905 0.20499999821186
			vertex 4.3232998847961 14.811200141907 0.20499999821186
		endloop
	endfacet
	facet normal 0 -0 1
		outer loop
			vertex 4.3232998847961 14.811200141907 0.20499999821186
			vertex 4.7782998085022 16.927099227905 0.20499999821186
			vertex 4.0883002281189 16.927099227905 0.20499999821186
		endloop
	endfacet
	facet normal 0.87187267280999 0 -0.4897326233846
		outer loop
			vertex 4.0883002281189 14.811200141907 0.20499999821186
			vertex 4.0883002281189 16.927099227905 0.20499999821186
			vertex 4.2203001976013 14.811200141907 0.43999999761581
		endloop
	endfacet
	facet normal -0.87187267280999 0 -0.4897326233846
		outer loop
			vertex 4.7782998085022 13.684599876404 0.20499999821186
			vertex 4.6462998390198 16.927099227905 0.43999999761581
			vertex 4.7782998085022 16.927099227905 0.20499999821186
		endloop
	endfacet
	facet normal 0 1 0
		outer loop
			vertex 4.3232998847961 13.684599876404 0.20499999821186
			vertex 4.3232998847961 13.684599876404 0.43999999761581
			vertex 4.6462998390198 13.684599876404 0.43999999761581
		endloop
	endfacet
	facet normal -0.87187267280999 0 -0.4897326233846
		outer loop
			vertex 4.7782998085022 13.684599876404 0.20499999821186
			vertex 4.6462998390198 13.684599876404 0.43999999761581
			vertex 4.6462998390198 16.169111251831 0.43999999761581
		endloop
	endfacet
	facet normal -0.87187267280999 0 -0.4897326233846
		outer loop
			vertex 4.7782998085022 13.684599876404 0.20499999821186
			vertex 4.6462998390198 16.169111251831 0.43999999761581
			vertex 4.6462998390198 16.927099227905 0.43999999761581
		endloop
	endfacet
	facet normal 0.87187267280999 0 -0.4897326233846
		outer loop
			vertex 4.0883002281189 16.927099227905 0.20499999821186
			vertex 4.2203001976013 16.927099227905 0.43999999761581
			vertex 4.2203001976013 14.811200141907 0.43999999761581
		endloop
	endfacet
	facet normal 0 1 0
		outer loop
			vertex 7.9716000556946 13.684599876404 0.20499999821186
			vertex 8.6465997695923 13.684599876404 0.23170454800129
			vertex 8.6465997695923 13.684599876404 0.20499999821186
		endloop
	endfacet
	facet normal 0 0 1
		outer loop
			vertex 7.9716000556946 13.684599876404 0.20499999821186
			vertex 8.6465997695923 13.684599876404 0.20499999821186
			vertex 8.6465997695923 14.811200141907 0.20499999821186
		endloop
	endfacet
	facet normal 0.87187342819294 0 -0.48973127857131
		outer loop
			vertex 7.9716000556946 13.684599876404 0.20499999821186
			vertex 7.9716000556946 16.927099227905 0.20499999821186
			vertex 8.1035995483398 13.684599876404 0.43999999761581
		endloop
	endfacet
	facet normal 0 1 0
		outer loop
			vertex 7.9716000556946 13.684599876404 0.20499999821186
			vertex 8.5296001434326 13.684599876404 0.43999999761581
			vertex 8.6465997695923 13.684599876404 0.23170454800129
		endloop
	endfacet
	facet normal -0.87187328819166 0 -0.48973152781688
		outer loop
			vertex 8.6465997695923 13.684599876404 0.23170454800129
			vertex 8.5296001434326 13.684599876404 0.43999999761581
			vertex 8.6465997695923 14.811200141907 0.23170454800129
		endloop
	endfacet
	facet normal 0 0 1
		outer loop
			vertex 7.9716000556946 13.684599876404 0.20499999821186
			vertex 8.661600112915 16.927099227905 0.20499999821186
			vertex 7.9716000556946 16.927099227905 0.20499999821186
		endloop
	endfacet
	facet normal 0 0 1
		outer loop
			vertex 7.9716000556946 13.684599876404 0.20499999821186
			vertex 8.6465997695923 14.811200141907 0.20499999821186
			vertex 8.661600112915 16.927099227905 0.20499999821186
		endloop
	endfacet
	facet normal 0 0 1
		outer loop
			vertex 8.6465997695923 14.811200141907 0.20499999821186
			vertex 8.661600112915 14.811200141907 0.20499999821186
			vertex 8.661600112915 16.927099227905 0.20499999821186
		endloop
	endfacet
	facet normal -0.87186787281642 0 -0.48974116873158
		outer loop
			vertex 8.661600112915 14.811200141907 0.20499999821186
			vertex 8.6465997695923 14.811200141907 0.23170454800129
			vertex 8.661600112915 16.927099227905 0.20499999821186
		endloop
	endfacet
	facet normal -0.87187267280998 1.4187878688688e-07 -0.48973262338459
		outer loop
			vertex 8.661600112915 16.927099227905 0.20499999821186
			vertex 8.6465997695923 14.811200141907 0.23170454800129
			vertex 8.5296001434326 16.927099227905 0.43999999761581
		endloop
	endfacet
	facet normal 0 1 0
		outer loop
			vertex 7.9716000556946 13.684599876404 0.20499999821186
			vertex 8.1035995483398 13.684599876404 0.43999999761581
			vertex 8.5296001434326 13.684599876404 0.43999999761581
		endloop
	endfacet
	facet normal -0.87187328819166 0 -0.48973152781688
		outer loop
			vertex 8.6465997695923 14.811200141907 0.23170454800129
			vertex 8.5296001434326 13.684599876404 0.43999999761581
			vertex 8.5296001434326 15.535597801208 0.43999999761581
		endloop
	endfacet
	facet normal 0.87187342819294 0 -0.48973127857131
		outer loop
			vertex 7.9716000556946 16.927099227905 0.20499999821186
			vertex 8.1035995483398 15.605094909668 0.43999999761581
			vertex 8.1035995483398 13.684599876404 0.43999999761581
		endloop
	endfacet
	facet normal 0.87187342819294 0 -0.48973127857131
		outer loop
			vertex 7.9716000556946 16.927099227905 0.20499999821186
			vertex 8.1035995483398 16.927099227905 0.43999999761581
			vertex 8.1035995483398 15.605094909668 0.43999999761581
		endloop
	endfacet
	facet normal -0.87187328819166 0 -0.48973152781688
		outer loop
			vertex 8.6465997695923 14.811200141907 0.23170454800129
			vertex 8.5296001434326 15.535597801208 0.43999999761581
			vertex 8.5296001434326 16.927099227905 0.43999999761581
		endloop
	endfacet
	facet normal 0.70710649929061 0.70710706308237 -0
		outer loop
			vertex 0.76287537813187 1.2364574670792 0
			vertex 0.76287537813187 1.2364574670792 0.16599999368191
			vertex 0.83763146400452 1.1617014408112 0
		endloop
	endfacet
	facet normal -0.70710728305392 -0.70710627931882 0
		outer loop
			vertex 0.79818856716156 1.2902185916901 0
			vertex 0.88216853141785 1.2062385082245 0
			vertex 0.88216853141785 1.2062385082245 0.16599999368191
		endloop
	endfacet
	facet normal 0.70710649929061 0.70710706308237 -0
		outer loop
			vertex 0.83763146400452 1.1617014408112 0
			vertex 0.76287537813187 1.2364574670792 0.16599999368191
			vertex 0.83763146400452 1.1617014408112 0.16599999368191
		endloop
	endfacet
	facet normal -0.70710728305392 -0.70710627931882 0
		outer loop
			vertex 0.79818856716156 1.2902185916901 0
			vertex 0.88216853141785 1.2062385082245 0.16599999368191
			vertex 0.79818856716156 1.2902185916901 0.16599999368191
		endloop
	endfacet
	facet normal 0 0 -1
		outer loop
			vertex 0.75852715969086 1.2408057451248 0.16599999368191
			vertex 0.77591997385025 1.2388470172882 0.16599999368191
			vertex 0.76287537813187 1.2364574670792 0.16599999368191
		endloop
	endfacet
	facet normal 0 0 -1
		outer loop
			vertex 0.76287537813187 1.2364574670792 0.16599999368191
			vertex 0.77591997385025 1.2388470172882 0.16599999368191
			vertex 0.83763146400452 1.1617014408112 0.16599999368191
		endloop
	endfacet
	facet normal 0 0 -1
		outer loop
			vertex 0.77591997385025 1.2388470172882 0.16599999368191
			vertex 0.78114491701126 1.2731750011444 0.16599999368191
			vertex 0.85989999771118 1.2130728960037 0.16599999368191
		endloop
	endfacet
	facet normal 0 0 -1
		outer loop
			vertex 0.78114491701126 1.2731750011444 0.16599999368191
			vertex 0.79818856716156 1.2902185916901 0.16599999368191
			vertex 0.85989999771118 1.2130728960037 0.16599999368191
		endloop
	endfacet
	facet normal 0 0 -1
		outer loop
			vertex 0.77591997385025 1.2388470172882 0.16599999368191
			vertex 0.85467505455017 1.1787450313568 0.16599999368191
			vertex 0.83763146400452 1.1617014408112 0.16599999368191
		endloop
	endfacet
	facet normal 0 0 -1
		outer loop
			vertex 0.77591997385025 1.2388470172882 0.16599999368191
			vertex 0.85989999771118 1.2130728960037 0.16599999368191
			vertex 0.85467505455017 1.1787450313568 0.16599999368191
		endloop
	endfacet
	facet normal 0 0 -1
		outer loop
			vertex 0.79818856716156 1.2902185916901 0.16599999368191
			vertex 0.88216853141785 1.2062385082245 0.16599999368191
			vertex 0.85989999771118 1.2130728960037 0.16599999368191
		endloop
	endfacet
	facet normal 0 1 0
		outer loop
			vertex 0.53702461719513 1.2364574670792 0
			vertex 0.53702461719513 1.2364574670792 0.16599999368191
			vertex 0.76287537813187 1.2364574670792 0
		endloop
	endfacet
	facet normal 0 -1 0
		outer loop
			vertex 0.52398002147675 1.2994425296783 0
			vertex 0.77591997385025 1.2994425296783 0
			vertex 0.77591997385025 1.2994425296783 0.16599999368191
		endloop
	endfacet
	facet normal 0 -1 0
		outer loop
			vertex 0.52398002147675 1.2994425296783 0
			vertex 0.77591997385025 1.2994425296783 0.16599999368191
			vertex 0.52398002147675 1.2994425296783 0.16599999368191
		endloop
	endfacet
	facet normal 0 1 -0
		outer loop
			vertex 0.76287537813187 1.2364574670792 0
			vertex 0.53702461719513 1.2364574670792 0.16599999368191
			vertex 0.76287537813187 1.2364574670792 0.16599999368191
		endloop
	endfacet
	facet normal 0 0 -1
		outer loop
			vertex 0.53702461719513 1.2364574670792 0.16599999368191
			vertex 0.52398002147675 1.2679500579834 0.16599999368191
			vertex 0.75852715969086 1.2408057451248 0.16599999368191
		endloop
	endfacet
	facet normal 0 0 -1
		outer loop
			vertex 0.52398002147675 1.2679500579834 0.16599999368191
			vertex 0.52398002147675 1.2994425296783 0.16599999368191
			vertex 0.75852715969086 1.2408057451248 0.16599999368191
		endloop
	endfacet
	facet normal 0 0 -1
		outer loop
			vertex 0.53702461719513 1.2364574670792 0.16599999368191
			vertex 0.75852715969086 1.2408057451248 0.16599999368191
			vertex 0.76287537813187 1.2364574670792 0.16599999368191
		endloop
	endfacet
	facet normal 0 0 -1
		outer loop
			vertex 0.52398002147675 1.2994425296783 0.16599999368191
			vertex 0.77591997385025 1.2994425296783 0.16599999368191
			vertex 0.75852715969086 1.2408057451248 0.16599999368191
		endloop
	endfacet
	facet normal 0 0 -1
		outer loop
			vertex 0.75852715969086 1.2408057451248 0.16599999368191
			vertex 0.77591997385025 1.2994425296783 0.16599999368191
			vertex 0.77591997385025 1.2388470172882 0.16599999368191
		endloop
	endfacet
	facet normal -0.7071066203995 0.70710694197356 0
		outer loop
			vertex 0.47149249911308 1.1709253787994 0
			vertex 0.47149249911308 1.1709253787994 0.16599999368191
			vertex 0.53702461719513 1.2364574670792 0
		endloop
	endfacet
	facet normal 0.70710715758704 -0.70710640478585 0
		outer loop
			vertex 0.41773143410683 1.2062385082245 0
			vertex 0.50171142816544 1.2902185916901 0
			vertex 0.50171142816544 1.2902185916901 0.16599999368191
		endloop
	endfacet
	facet normal 0.70710715758704 -0.70710640478585 0
		outer loop
			vertex 0.41773143410683 1.2062385082245 0
			vertex 0.50171142816544 1.2902185916901 0.16599999368191
			vertex 0.41773143410683 1.2062385082245 0.16599999368191
		endloop
	endfacet
	facet normal -0.7071066203995 0.70710694197356 0
		outer loop
			vertex 0.53702461719513 1.2364574670792 0
			vertex 0.47149249911308 1.1709253787994 0.16599999368191
			vertex 0.53702461719513 1.2364574670792 0.16599999368191
		endloop
	endfacet
	facet normal 0 0 -1
		outer loop
			vertex 0.43525749444962 1.188712477684 0.16599999368191
			vertex 0.41773143410683 1.2062385082245 0.16599999368191
			vertex 0.46910294890404 1.1839699745178 0.16599999368191
		endloop
	endfacet
	facet normal 0 0 -1
		outer loop
			vertex 0.47136217355728 1.170795083046 0.16599999368191
			vertex 0.46910294890404 1.1839699745178 0.16599999368191
			vertex 0.47149249911308 1.1709253787994 0.16599999368191
		endloop
	endfacet
	facet normal 0 0 -1
		outer loop
			vertex 0.46910294890404 1.1839699745178 0.16599999368191
			vertex 0.41773143410683 1.2062385082245 0.16599999368191
			vertex 0.50171142816544 1.2902185916901 0.16599999368191
		endloop
	endfacet
	facet normal 0 0 -1
		outer loop
			vertex 0.47149249911308 1.1709253787994 0.16599999368191
			vertex 0.46910294890404 1.1839699745178 0.16599999368191
			vertex 0.53702461719513 1.2364574670792 0.16599999368191
		endloop
	endfacet
	facet normal 0 0 -1
		outer loop
			vertex 0.46910294890404 1.1839699745178 0.16599999368191
			vertex 0.50171142816544 1.2902185916901 0.16599999368191
			vertex 0.52398002147675 1.2679500579834 0.16599999368191
		endloop
	endfacet
	facet normal 0 0 -1
		outer loop
			vertex 0.46910294890404 1.1839699745178 0.16599999368191
			vertex 0.52398002147675 1.2679500579834 0.16599999368191
			vertex 0.53702461719513 1.2364574670792 0.16599999368191
		endloop
	endfacet
	facet normal -1 0 0
		outer loop
			vertex 0.47149249911308 0.9450746178627 0
			vertex 0.47149249911308 0.9450746178627 0.16599999368191
			vertex 0.47149249911308 1.1709253787994 0
		endloop
	endfacet
	facet normal 1 0 0
		outer loop
			vertex 0.40850749611855 0.93203002214432 0
			vertex 0.40850749611855 1.1839699745178 0
			vertex 0.40850749611855 1.1839699745178 0.16599999368191
		endloop
	endfacet
	facet normal 1 0 0
		outer loop
			vertex 0.40850749611855 0.93203002214432 0
			vertex 0.40850749611855 1.1839699745178 0.16599999368191
			vertex 0.40850749611855 0.93203002214432 0.16599999368191
		endloop
	endfacet
	facet normal -1 0 0
		outer loop
			vertex 0.47149249911308 1.1709253787994 0
			vertex 0.47149249911308 0.9450746178627 0.16599999368191
			vertex 0.47149249911308 1.1709253787994 0.16599999368191
		endloop
	endfacet
	facet normal 0 0 -1
		outer loop
			vertex 0.40850749611855 0.93203002214432 0.16599999368191
			vertex 0.46170189976692 0.9537318944931 0.16599999368191
			vertex 0.43999999761581 0.93203002214432 0.16599999368191
		endloop
	endfacet
	facet normal 0 0 -1
		outer loop
			vertex 0.40850749611855 0.93203002214432 0.16599999368191
			vertex 0.41090473532677 1.1743811368942 0.16599999368191
			vertex 0.46170189976692 0.9537318944931 0.16599999368191
		endloop
	endfacet
	facet normal 0 0 -1
		outer loop
			vertex 0.46170189976692 0.9537318944931 0.16599999368191
			vertex 0.41090473532677 1.1743811368942 0.16599999368191
			vertex 0.46714428067207 0.94942283630371 0.16599999368191
		endloop
	endfacet
	facet normal 0 0 -1
		outer loop
			vertex 0.46714428067207 0.94942283630371 0.16599999368191
			vertex 0.47149249911308 1.1709253787994 0.16599999368191
			vertex 0.47149249911308 0.9450746178627 0.16599999368191
		endloop
	endfacet
	facet normal 0 0 -1
		outer loop
			vertex 0.40850749611855 0.93203002214432 0.16599999368191
			vertex 0.40850749611855 1.1839699745178 0.16599999368191
			vertex 0.41090473532677 1.1743811368942 0.16599999368191
		endloop
	endfacet
	facet normal 0 0 -1
		outer loop
			vertex 0.46714428067207 0.94942283630371 0.16599999368191
			vertex 0.41090473532677 1.1743811368942 0.16599999368191
			vertex 0.41330194473267 1.1839699745178 0.16599999368191
		endloop
	endfacet
	facet normal 0 0 -1
		outer loop
			vertex 0.46714428067207 0.94942283630371 0.16599999368191
			vertex 0.41330194473267 1.1839699745178 0.16599999368191
			vertex 0.47136217355728 1.170795083046 0.16599999368191
		endloop
	endfacet
	facet normal 0 0 -1
		outer loop
			vertex 0.46714428067207 0.94942283630371 0.16599999368191
			vertex 0.47136217355728 1.170795083046 0.16599999368191
			vertex 0.47149249911308 1.1709253787994 0.16599999368191
		endloop
	endfacet
	facet normal 0 0 -1
		outer loop
			vertex 0.41330194473267 1.1839699745178 0.16599999368191
			vertex 0.46910294890404 1.1839699745178 0.16599999368191
			vertex 0.47136217355728 1.170795083046 0.16599999368191
		endloop
	endfacet
	facet normal 0.70710665571958 0.70710690665349 -0
		outer loop
			vertex 0.41773143410683 0.90976142883301 0
			vertex 0.41773143410683 0.90976142883301 0.16599999368191
			vertex 0.50171142816544 0.82578146457672 0
		endloop
	endfacet
	facet normal -0.7071066203995 -0.70710694197356 0
		outer loop
			vertex 0.47149249911308 0.9450746178627 0
			vertex 0.53702461719513 0.87954252958298 0
			vertex 0.53702461719513 0.87954252958298 0.16599999368191
		endloop
	endfacet
	facet normal 0.70710665571958 0.70710690665349 -0
		outer loop
			vertex 0.50171142816544 0.82578146457672 0
			vertex 0.41773143410683 0.90976142883301 0.16599999368191
			vertex 0.50171142816544 0.82578146457672 0.16599999368191
		endloop
	endfacet
	facet normal -0.7071066203995 -0.70710694197356 0
		outer loop
			vertex 0.47149249911308 0.9450746178627 0
			vertex 0.53702461719513 0.87954252958298 0.16599999368191
			vertex 0.47149249911308 0.9450746178627 0.16599999368191
		endloop
	endfacet
	facet normal 0 0 -1
		outer loop
			vertex 0.41773143410683 0.90976142883301 0.16599999368191
			vertex 0.43999999761581 0.93203002214432 0.16599999368191
			vertex 0.47149249911308 0.9450746178627 0.16599999368191
		endloop
	endfacet
	facet normal 0 0 -1
		outer loop
			vertex 0.41773143410683 0.90976142883301 0.16599999368191
			vertex 0.47149249911308 0.9450746178627 0.16599999368191
			vertex 0.50171142816544 0.82578146457672 0.16599999368191
		endloop
	endfacet
	facet normal 0 0 -1
		outer loop
			vertex 0.50171142816544 0.82578146457672 0.16599999368191
			vertex 0.47149249911308 0.9450746178627 0.16599999368191
			vertex 0.51875507831573 0.84282505512238 0.16599999368191
		endloop
	endfacet
	facet normal 0 0 -1
		outer loop
			vertex 0.47149249911308 0.9450746178627 0.16599999368191
			vertex 0.52398002147675 0.87715297937393 0.16599999368191
			vertex 0.51875507831573 0.84282505512238 0.16599999368191
		endloop
	endfacet
	facet normal 0 0 -1
		outer loop
			vertex 0.47149249911308 0.9450746178627 0.16599999368191
			vertex 0.53702461719513 0.87954252958298 0.16599999368191
			vertex 0.52398002147675 0.87715297937393 0.16599999368191
		endloop
	endfacet
	facet normal 0 0 -1
		outer loop
			vertex 0.52398002147675 0.87715297937393 0.16599999368191
			vertex 0.53702461719513 0.87954252958298 0.16599999368191
			vertex 0.54137283563614 0.87519431114197 0.16599999368191
		endloop
	endfacet
	facet normal 0 0 -1
		outer loop
			vertex 0.43999999761581 0.93203002214432 0.16599999368191
			vertex 0.46714428067207 0.94942283630371 0.16599999368191
			vertex 0.47149249911308 0.9450746178627 0.16599999368191
		endloop
	endfacet
	facet normal 0 0 -1
		outer loop
			vertex 0.43999999761581 0.93203002214432 0.16599999368191
			vertex 0.46170189976692 0.9537318944931 0.16599999368191
			vertex 0.46714428067207 0.94942283630371 0.16599999368191
		endloop
	endfacet
	facet normal 0 1 0
		outer loop
			vertex 0.52398002147675 0.81655752658844 0
			vertex 0.52398002147675 0.81655752658844 0.16599999368191
			vertex 0.77591997385025 0.81655752658844 0
		endloop
	endfacet
	facet normal 0 -1 0
		outer loop
			vertex 0.53702461719513 0.87954252958298 0
			vertex 0.76287537813187 0.87954252958298 0
			vertex 0.76287537813187 0.87954252958298 0.16599999368191
		endloop
	endfacet
	facet normal 0 -1 0
		outer loop
			vertex 0.53702461719513 0.87954252958298 0
			vertex 0.76287537813187 0.87954252958298 0.16599999368191
			vertex 0.53702461719513 0.87954252958298 0.16599999368191
		endloop
	endfacet
	facet normal 0 1 -0
		outer loop
			vertex 0.77591997385025 0.81655752658844 0
			vertex 0.52398002147675 0.81655752658844 0.16599999368191
			vertex 0.77591997385025 0.81655752658844 0.16599999368191
		endloop
	endfacet
	facet normal 0 0 -1
		outer loop
			vertex 0.52398002147675 0.81655752658844 0.16599999368191
			vertex 0.52398002147675 0.87715297937393 0.16599999368191
			vertex 0.54137283563614 0.87519431114197 0.16599999368191
		endloop
	endfacet
	facet normal 0 0 -1
		outer loop
			vertex 0.52398002147675 0.81655752658844 0.16599999368191
			vertex 0.54137283563614 0.87519431114197 0.16599999368191
			vertex 0.77591997385025 0.81655752658844 0.16599999368191
		endloop
	endfacet
	facet normal 0 0 -1
		outer loop
			vertex 0.54137283563614 0.87519431114197 0.16599999368191
			vertex 0.53702461719513 0.87954252958298 0.16599999368191
			vertex 0.76287537813187 0.87954252958298 0.16599999368191
		endloop
	endfacet
	facet normal 0 0 -1
		outer loop
			vertex 0.54137283563614 0.87519431114197 0.16599999368191
			vertex 0.77591997385025 0.84804999828339 0.16599999368191
			vertex 0.77591997385025 0.81655752658844 0.16599999368191
		endloop
	endfacet
	facet normal 0 0 -1
		outer loop
			vertex 0.54137283563614 0.87519431114197 0.16599999368191
			vertex 0.76287537813187 0.87954252958298 0.16599999368191
			vertex 0.77591997385025 0.84804999828339 0.16599999368191
		endloop
	endfacet
	facet normal -0.70710678118655 0.70710678118655 0
		outer loop
			vertex 0.79818856716156 0.82578146457672 0
			vertex 0.88216853141785 0.90976142883301 0.16599999368191
			vertex 0.88216853141785 0.90976142883301 0
		endloop
	endfacet
	facet normal 0.70710649929061 -0.70710706308237 0
		outer loop
			vertex 0.76287537813187 0.87954252958298 0
			vertex 0.83763146400452 0.95429855585098 0
			vertex 0.83763146400452 0.95429855585098 0.16599999368191
		endloop
	endfacet
	facet normal 0.70710649929061 -0.70710706308237 0
		outer loop
			vertex 0.76287537813187 0.87954252958298 0
			vertex 0.83763146400452 0.95429855585098 0.16599999368191
			vertex 0.76287537813187 0.87954252958298 0.16599999368191
		endloop
	endfacet
	facet normal -0.70710678118655 0.70710678118655 0
		outer loop
			vertex 0.79818856716156 0.82578146457672 0
			vertex 0.79818856716156 0.82578146457672 0.16599999368191
			vertex 0.88216853141785 0.90976142883301 0.16599999368191
		endloop
	endfacet
	facet normal 0 0 -1
		outer loop
			vertex 0.77591997385025 0.84804999828339 0.16599999368191
			vertex 0.83763146400452 0.95429855585098 0.16599999368191
			vertex 0.79818856716156 0.82578146457672 0.16599999368191
		endloop
	endfacet
	facet normal 0 0 -1
		outer loop
			vertex 0.77591997385025 0.84804999828339 0.16599999368191
			vertex 0.76287537813187 0.87954252958298 0.16599999368191
			vertex 0.83763146400452 0.95429855585098 0.16599999368191
		endloop
	endfacet
	facet normal 0 0 -1
		outer loop
			vertex 0.79818856716156 0.82578146457672 0.16599999368191
			vertex 0.83763146400452 0.95429855585098 0.16599999368191
			vertex 0.88216853141785 0.90976142883301 0.16599999368191
		endloop
	endfacet
	facet normal 0.19508711033531 0.9807859192408 -0
		outer loop
			vertex 0.84784835577011 1.1548746824265 0
			vertex 0.84784835577011 1.1548746824265 0.16599999368191
			vertex 0.85989999771118 1.1524775028229 0
		endloop
	endfacet
	facet normal 0.55557302144455 0.8314677491298 0
		outer loop
			vertex 0.84784835577011 1.1548746824265 0
			vertex 0.83763146400452 1.1617014408112 0
			vertex 0.83763146400452 1.1617014408112 0.16599999368191
		endloop
	endfacet
	facet normal -0.19508711033531 0.9807859192408 0
		outer loop
			vertex 0.85989999771118 1.1524775028229 0
			vertex 0.85989999771118 1.1524775028229 0.16599999368191
			vertex 0.87195163965225 1.1548746824265 0
		endloop
	endfacet
	facet normal -0.55557302144455 0.8314677491298 0
		outer loop
			vertex 0.87195163965225 1.1548746824265 0
			vertex 0.87195163965225 1.1548746824265 0.16599999368191
			vertex 0.88216853141785 1.1617014408112 0
		endloop
	endfacet
	facet normal -0.83146924635245 0.55557078070223 0
		outer loop
			vertex 0.88216853141785 1.1617014408112 0
			vertex 0.88216853141785 1.1617014408112 0.16599999368191
			vertex 0.88899528980255 1.1719183921814 0
		endloop
	endfacet
	facet normal -0.98078517571771 -0.19509084830505 0
		outer loop
			vertex 0.89139252901077 1.1839699745178 0
			vertex 0.89139252901077 1.1839699745178 0.16599999368191
			vertex 0.88899528980255 1.1960216760635 0
		endloop
	endfacet
	facet normal -0.98078480647186 0.19509270461488 0
		outer loop
			vertex 0.88899528980255 1.1719183921814 0
			vertex 0.88899528980255 1.1719183921814 0.16599999368191
			vertex 0.89139252901077 1.1839699745178 0
		endloop
	endfacet
	facet normal -0.83146625188903 -0.55557526220091 0
		outer loop
			vertex 0.88216853141785 1.2062385082245 0
			vertex 0.88899528980255 1.1960216760635 0
			vertex 0.88899528980255 1.1960216760635 0.16599999368191
		endloop
	endfacet
	facet normal 0.19508711033531 0.9807859192408 -0
		outer loop
			vertex 0.85989999771118 1.1524775028229 0
			vertex 0.84784835577011 1.1548746824265 0.16599999368191
			vertex 0.85989999771118 1.1524775028229 0.16599999368191
		endloop
	endfacet
	facet normal 0.55557302144455 0.8314677491298 -0
		outer loop
			vertex 0.84784835577011 1.1548746824265 0
			vertex 0.83763146400452 1.1617014408112 0.16599999368191
			vertex 0.84784835577011 1.1548746824265 0.16599999368191
		endloop
	endfacet
	facet normal -0.19508711033531 0.9807859192408 0
		outer loop
			vertex 0.87195163965225 1.1548746824265 0
			vertex 0.85989999771118 1.1524775028229 0.16599999368191
			vertex 0.87195163965225 1.1548746824265 0.16599999368191
		endloop
	endfacet
	facet normal -0.55557302144455 0.8314677491298 0
		outer loop
			vertex 0.88216853141785 1.1617014408112 0
			vertex 0.87195163965225 1.1548746824265 0.16599999368191
			vertex 0.88216853141785 1.1617014408112 0.16599999368191
		endloop
	endfacet
	facet normal -0.83146924635245 0.55557078070223 0
		outer loop
			vertex 0.88899528980255 1.1719183921814 0
			vertex 0.88216853141785 1.1617014408112 0.16599999368191
			vertex 0.88899528980255 1.1719183921814 0.16599999368191
		endloop
	endfacet
	facet normal -0.98078480647186 0.19509270461488 0
		outer loop
			vertex 0.89139252901077 1.1839699745178 0
			vertex 0.88899528980255 1.1719183921814 0.16599999368191
			vertex 0.89139252901077 1.1839699745178 0.16599999368191
		endloop
	endfacet
	facet normal -0.83146625188903 -0.55557526220091 0
		outer loop
			vertex 0.88216853141785 1.2062385082245 0
			vertex 0.88899528980255 1.1960216760635 0.16599999368191
			vertex 0.88216853141785 1.2062385082245 0.16599999368191
		endloop
	endfacet
	facet normal -0.98078517571771 -0.19509084830505 0
		outer loop
			vertex 0.88899528980255 1.1960216760635 0
			vertex 0.89139252901077 1.1839699745178 0.16599999368191
			vertex 0.88899528980255 1.1960216760635 0.16599999368191
		endloop
	endfacet
	facet normal 0 0 -1
		outer loop
			vertex 0.84784835577011 1.1548746824265 0.16599999368191
			vertex 0.83763146400452 1.1617014408112 0.16599999368191
			vertex 0.85467505455017 1.1787450313568 0.16599999368191
		endloop
	endfacet
	facet normal 0 0 -1
		outer loop
			vertex 0.84784835577011 1.1548746824265 0.16599999368191
			vertex 0.85467505455017 1.1787450313568 0.16599999368191
			vertex 0.85989999771118 1.1524775028229 0.16599999368191
		endloop
	endfacet
	facet normal 0 0 -1
		outer loop
			vertex 0.85989999771118 1.1524775028229 0.16599999368191
			vertex 0.85467505455017 1.1787450313568 0.16599999368191
			vertex 0.85989999771118 1.2130728960037 0.16599999368191
		endloop
	endfacet
	facet normal 0 0 -1
		outer loop
			vertex 0.85989999771118 1.1524775028229 0.16599999368191
			vertex 0.85989999771118 1.2130728960037 0.16599999368191
			vertex 0.87195163965225 1.1548746824265 0.16599999368191
		endloop
	endfacet
	facet normal 0 0 -1
		outer loop
			vertex 0.88216853141785 1.1617014408112 0.16599999368191
			vertex 0.88216853141785 1.2062385082245 0.16599999368191
			vertex 0.88899528980255 1.1719183921814 0.16599999368191
		endloop
	endfacet
	facet normal 0 0 -1
		outer loop
			vertex 0.87195163965225 1.1548746824265 0.16599999368191
			vertex 0.88216853141785 1.2062385082245 0.16599999368191
			vertex 0.88216853141785 1.1617014408112 0.16599999368191
		endloop
	endfacet
	facet normal 0 0 -1
		outer loop
			vertex 0.88899528980255 1.1719183921814 0.16599999368191
			vertex 0.88899528980255 1.1960216760635 0.16599999368191
			vertex 0.89139252901077 1.1839699745178 0.16599999368191
		endloop
	endfacet
	facet normal 0 0 -1
		outer loop
			vertex 0.87195163965225 1.1548746824265 0.16599999368191
			vertex 0.85989999771118 1.2130728960037 0.16599999368191
			vertex 0.88216853141785 1.2062385082245 0.16599999368191
		endloop
	endfacet
	facet normal 0 0 -1
		outer loop
			vertex 0.88899528980255 1.1719183921814 0.16599999368191
			vertex 0.88216853141785 1.2062385082245 0.16599999368191
			vertex 0.88899528980255 1.1960216760635 0.16599999368191
		endloop
	endfacet
	facet normal -0.19509551439169 -0.98078424756123 0
		outer loop
			vertex 0.77591997385025 1.2994425296783 0
			vertex 0.78797167539597 1.2970452308655 0
			vertex 0.78797167539597 1.2970452308655 0.16599999368191
		endloop
	endfacet
	facet normal -0.55556631440228 -0.83147223062558 0
		outer loop
			vertex 0.78797167539597 1.2970452308655 0
			vertex 0.79818856716156 1.2902185916901 0
			vertex 0.79818856716156 1.2902185916901 0.16599999368191
		endloop
	endfacet
	facet normal -0.19509551439169 -0.98078424756123 0
		outer loop
			vertex 0.77591997385025 1.2994425296783 0
			vertex 0.78797167539597 1.2970452308655 0.16599999368191
			vertex 0.77591997385025 1.2994425296783 0.16599999368191
		endloop
	endfacet
	facet normal -0.55556631440228 -0.83147223062558 0
		outer loop
			vertex 0.78797167539597 1.2970452308655 0
			vertex 0.79818856716156 1.2902185916901 0.16599999368191
			vertex 0.78797167539597 1.2970452308655 0.16599999368191
		endloop
	endfacet
	facet normal 0 0 -1
		outer loop
			vertex 0.77591997385025 1.2388470172882 0.16599999368191
			vertex 0.77591997385025 1.2994425296783 0.16599999368191
			vertex 0.78114491701126 1.2731750011444 0.16599999368191
		endloop
	endfacet
	facet normal 0 0 -1
		outer loop
			vertex 0.78114491701126 1.2731750011444 0.16599999368191
			vertex 0.77591997385025 1.2994425296783 0.16599999368191
			vertex 0.78797167539597 1.2970452308655 0.16599999368191
		endloop
	endfacet
	facet normal 0 0 -1
		outer loop
			vertex 0.78114491701126 1.2731750011444 0.16599999368191
			vertex 0.78797167539597 1.2970452308655 0.16599999368191
			vertex 0.79818856716156 1.2902185916901 0.16599999368191
		endloop
	endfacet
	facet normal 0.55556631440228 -0.83147223062558 0
		outer loop
			vertex 0.50171142816544 1.2902185916901 0
			vertex 0.51192831993103 1.2970452308655 0
			vertex 0.51192831993103 1.2970452308655 0.16599999368191
		endloop
	endfacet
	facet normal 0.19509551439169 -0.98078424756123 0
		outer loop
			vertex 0.51192831993103 1.2970452308655 0
			vertex 0.52398002147675 1.2994425296783 0
			vertex 0.52398002147675 1.2994425296783 0.16599999368191
		endloop
	endfacet
	facet normal 0.55556631440228 -0.83147223062558 0
		outer loop
			vertex 0.50171142816544 1.2902185916901 0
			vertex 0.51192831993103 1.2970452308655 0.16599999368191
			vertex 0.50171142816544 1.2902185916901 0.16599999368191
		endloop
	endfacet
	facet normal 0.19509551439169 -0.98078424756123 0
		outer loop
			vertex 0.51192831993103 1.2970452308655 0
			vertex 0.52398002147675 1.2994425296783 0.16599999368191
			vertex 0.51192831993103 1.2970452308655 0.16599999368191
		endloop
	endfacet
	facet normal 0 0 -1
		outer loop
			vertex 0.50171142816544 1.2902185916901 0.16599999368191
			vertex 0.52398002147675 1.2994425296783 0.16599999368191
			vertex 0.52398002147675 1.2679500579834 0.16599999368191
		endloop
	endfacet
	facet normal 0 0 -1
		outer loop
			vertex 0.50171142816544 1.2902185916901 0.16599999368191
			vertex 0.51192831993103 1.2970452308655 0.16599999368191
			vertex 0.52398002147675 1.2994425296783 0.16599999368191
		endloop
	endfacet
	facet normal 0.98078517571771 -0.19509084830505 0
		outer loop
			vertex 0.40850749611855 1.1839699745178 0
			vertex 0.41090473532677 1.1960216760635 0
			vertex 0.41090473532677 1.1960216760635 0.16599999368191
		endloop
	endfacet
	facet normal 0.83146849265168 -0.55557190869188 0
		outer loop
			vertex 0.41773143410683 1.2062385082245 0
			vertex 0.41773143410683 1.2062385082245 0.16599999368191
			vertex 0.41090473532677 1.1960216760635 0
		endloop
	endfacet
	facet normal 0.98078517571771 -0.19509084830505 0
		outer loop
			vertex 0.40850749611855 1.1839699745178 0
			vertex 0.41090473532677 1.1960216760635 0.16599999368191
			vertex 0.40850749611855 1.1839699745178 0.16599999368191
		endloop
	endfacet
	facet normal 0.83146849265168 -0.55557190869188 0
		outer loop
			vertex 0.41090473532677 1.1960216760635 0
			vertex 0.41773143410683 1.2062385082245 0.16599999368191
			vertex 0.41090473532677 1.1960216760635 0.16599999368191
		endloop
	endfacet
	facet normal 0 0 -1
		outer loop
			vertex 0.40850749611855 1.1839699745178 0.16599999368191
			vertex 0.41090473532677 1.1960216760635 0.16599999368191
			vertex 0.41090473532677 1.1743811368942 0.16599999368191
		endloop
	endfacet
	facet normal -0 0 -1
		outer loop
			vertex 0.41330194473267 1.1839699745178 0.16599999368191
			vertex 0.41090473532677 1.1743811368942 0.16599999368191
			vertex 0.41090473532677 1.1960216760635 0.16599999368191
		endloop
	endfacet
	facet normal 0 0 -1
		outer loop
			vertex 0.41330194473267 1.1839699745178 0.16599999368191
			vertex 0.43525749444962 1.188712477684 0.16599999368191
			vertex 0.46910294890404 1.1839699745178 0.16599999368191
		endloop
	endfacet
	facet normal 0 0 -1
		outer loop
			vertex 0.41330194473267 1.1839699745178 0.16599999368191
			vertex 0.41090473532677 1.1960216760635 0.16599999368191
			vertex 0.41773143410683 1.2062385082245 0.16599999368191
		endloop
	endfacet
	facet normal 0 0 -1
		outer loop
			vertex 0.41330194473267 1.1839699745178 0.16599999368191
			vertex 0.41773143410683 1.2062385082245 0.16599999368191
			vertex 0.43525749444962 1.188712477684 0.16599999368191
		endloop
	endfacet
	facet normal 0.83146998987841 0.55556966793697 -0
		outer loop
			vertex 0.41090473532677 0.9199783205986 0
			vertex 0.41090473532677 0.9199783205986 0.16599999368191
			vertex 0.41773143410683 0.90976142883301 0
		endloop
	endfacet
	facet normal 0.98078517571771 0.19509084830505 0
		outer loop
			vertex 0.41090473532677 0.9199783205986 0
			vertex 0.40850749611855 0.93203002214432 0
			vertex 0.40850749611855 0.93203002214432 0.16599999368191
		endloop
	endfacet
	facet normal 0.98078517571771 0.19509084830505 -0
		outer loop
			vertex 0.41090473532677 0.9199783205986 0
			vertex 0.40850749611855 0.93203002214432 0.16599999368191
			vertex 0.41090473532677 0.9199783205986 0.16599999368191
		endloop
	endfacet
	facet normal 0.83146998987841 0.55556966793697 -0
		outer loop
			vertex 0.41773143410683 0.90976142883301 0
			vertex 0.41090473532677 0.9199783205986 0.16599999368191
			vertex 0.41773143410683 0.90976142883301 0.16599999368191
		endloop
	endfacet
	facet normal 0 0 -1
		outer loop
			vertex 0.41090473532677 0.9199783205986 0.16599999368191
			vertex 0.40850749611855 0.93203002214432 0.16599999368191
			vertex 0.41773143410683 0.90976142883301 0.16599999368191
		endloop
	endfacet
	facet normal 0 0 -1
		outer loop
			vertex 0.41773143410683 0.90976142883301 0.16599999368191
			vertex 0.40850749611855 0.93203002214432 0.16599999368191
			vertex 0.43999999761581 0.93203002214432 0.16599999368191
		endloop
	endfacet
	facet normal 0.55557302144455 0.8314677491298 -0
		outer loop
			vertex 0.50171142816544 0.82578146457672 0
			vertex 0.50171142816544 0.82578146457672 0.16599999368191
			vertex 0.51192831993103 0.81895470619202 0
		endloop
	endfacet
	facet normal 0.19508618220516 0.98078610385375 -0
		outer loop
			vertex 0.51192831993103 0.81895470619202 0
			vertex 0.51192831993103 0.81895470619202 0.16599999368191
			vertex 0.52398002147675 0.81655752658844 0
		endloop
	endfacet
	facet normal 0.55557302144455 0.8314677491298 -0
		outer loop
			vertex 0.51192831993103 0.81895470619202 0
			vertex 0.50171142816544 0.82578146457672 0.16599999368191
			vertex 0.51192831993103 0.81895470619202 0.16599999368191
		endloop
	endfacet
	facet normal 0.19508618220516 0.98078610385375 -0
		outer loop
			vertex 0.52398002147675 0.81655752658844 0
			vertex 0.51192831993103 0.81895470619202 0.16599999368191
			vertex 0.52398002147675 0.81655752658844 0.16599999368191
		endloop
	endfacet
	facet normal 0 0 -1
		outer loop
			vertex 0.51192831993103 0.81895470619202 0.16599999368191
			vertex 0.51875507831573 0.84282505512238 0.16599999368191
			vertex 0.52398002147675 0.81655752658844 0.16599999368191
		endloop
	endfacet
	facet normal 0 0 -1
		outer loop
			vertex 0.50171142816544 0.82578146457672 0.16599999368191
			vertex 0.51875507831573 0.84282505512238 0.16599999368191
			vertex 0.51192831993103 0.81895470619202 0.16599999368191
		endloop
	endfacet
	facet normal 0 0 -1
		outer loop
			vertex 0.52398002147675 0.81655752658844 0.16599999368191
			vertex 0.51875507831573 0.84282505512238 0.16599999368191
			vertex 0.52398002147675 0.87715297937393 0.16599999368191
		endloop
	endfacet
	facet normal -0.19508618220516 0.98078610385375 0
		outer loop
			vertex 0.77591997385025 0.81655752658844 0
			vertex 0.77591997385025 0.81655752658844 0.16599999368191
			vertex 0.78797167539597 0.81895470619202 0
		endloop
	endfacet
	facet normal -0.55557302144455 0.8314677491298 0
		outer loop
			vertex 0.78797167539597 0.81895470619202 0
			vertex 0.78797167539597 0.81895470619202 0.16599999368191
			vertex 0.79818856716156 0.82578146457672 0
		endloop
	endfacet
	facet normal -0.19508618220516 0.98078610385375 0
		outer loop
			vertex 0.78797167539597 0.81895470619202 0
			vertex 0.77591997385025 0.81655752658844 0.16599999368191
			vertex 0.78797167539597 0.81895470619202 0.16599999368191
		endloop
	endfacet
	facet normal -0.55557302144455 0.8314677491298 0
		outer loop
			vertex 0.79818856716156 0.82578146457672 0
			vertex 0.78797167539597 0.81895470619202 0.16599999368191
			vertex 0.79818856716156 0.82578146457672 0.16599999368191
		endloop
	endfacet
	facet normal 0 0 -1
		outer loop
			vertex 0.77591997385025 0.81655752658844 0.16599999368191
			vertex 0.77591997385025 0.84804999828339 0.16599999368191
			vertex 0.79818856716156 0.82578146457672 0.16599999368191
		endloop
	endfacet
	facet normal 0 0 -1
		outer loop
			vertex 0.77591997385025 0.81655752658844 0.16599999368191
			vertex 0.79818856716156 0.82578146457672 0.16599999368191
			vertex 0.78797167539597 0.81895470619202 0.16599999368191
		endloop
	endfacet
	facet normal -0.8314677491298 0.55557302144455 0
		outer loop
			vertex 0.88216853141785 0.90976142883301 0
			vertex 0.88216853141785 0.90976142883301 0.16599999368191
			vertex 0.88899528980255 0.9199783205986 0
		endloop
	endfacet
	facet normal -0.98078517571771 0.19509084830505 0
		outer loop
			vertex 0.88899528980255 0.9199783205986 0
			vertex 0.88899528980255 0.9199783205986 0.16599999368191
			vertex 0.89139252901077 0.93203002214432 0
		endloop
	endfacet
	facet normal 0.55556966793697 -0.83146998987841 0
		outer loop
			vertex 0.83763146400452 0.95429855585098 0
			vertex 0.84784835577011 0.96112525463104 0
			vertex 0.84784835577011 0.96112525463104 0.16599999368191
		endloop
	endfacet
	facet normal 0.19509177645563 -0.9807849910961 0
		outer loop
			vertex 0.84784835577011 0.96112525463104 0
			vertex 0.85989999771118 0.96352249383926 0
			vertex 0.85989999771118 0.96352249383926 0.16599999368191
		endloop
	endfacet
	facet normal -0.9807849910961 -0.19509177645563 0
		outer loop
			vertex 0.89139252901077 0.93203002214432 0
			vertex 0.89139252901077 0.93203002214432 0.16599999368191
			vertex 0.88899528980255 0.94408166408539 0
		endloop
	endfacet
	facet normal -0.55556966793697 -0.83146998987841 0
		outer loop
			vertex 0.88216853141785 0.95429855585098 0
			vertex 0.88216853141785 0.95429855585098 0.16599999368191
			vertex 0.87195163965225 0.96112525463104 0
		endloop
	endfacet
	facet normal -0.8314677491298 -0.55557302144455 0
		outer loop
			vertex 0.88216853141785 0.95429855585098 0
			vertex 0.88899528980255 0.94408166408539 0
			vertex 0.88899528980255 0.94408166408539 0.16599999368191
		endloop
	endfacet
	facet normal -0.19509177645563 -0.9807849910961 0
		outer loop
			vertex 0.85989999771118 0.96352249383926 0
			vertex 0.87195163965225 0.96112525463104 0
			vertex 0.87195163965225 0.96112525463104 0.16599999368191
		endloop
	endfacet
	facet normal -0.8314677491298 0.55557302144455 0
		outer loop
			vertex 0.88899528980255 0.9199783205986 0
			vertex 0.88216853141785 0.90976142883301 0.16599999368191
			vertex 0.88899528980255 0.9199783205986 0.16599999368191
		endloop
	endfacet
	facet normal 0.55556966793697 -0.83146998987841 0
		outer loop
			vertex 0.83763146400452 0.95429855585098 0
			vertex 0.84784835577011 0.96112525463104 0.16599999368191
			vertex 0.83763146400452 0.95429855585098 0.16599999368191
		endloop
	endfacet
	facet normal 0.19509177645563 -0.9807849910961 0
		outer loop
			vertex 0.84784835577011 0.96112525463104 0
			vertex 0.85989999771118 0.96352249383926 0.16599999368191
			vertex 0.84784835577011 0.96112525463104 0.16599999368191
		endloop
	endfacet
	facet normal -0.9807849910961 -0.19509177645563 0
		outer loop
			vertex 0.88899528980255 0.94408166408539 0
			vertex 0.89139252901077 0.93203002214432 0.16599999368191
			vertex 0.88899528980255 0.94408166408539 0.16599999368191
		endloop
	endfacet
	facet normal -0.98078517571771 0.19509084830505 0
		outer loop
			vertex 0.89139252901077 0.93203002214432 0
			vertex 0.88899528980255 0.9199783205986 0.16599999368191
			vertex 0.89139252901077 0.93203002214432 0.16599999368191
		endloop
	endfacet
	facet normal -0.8314677491298 -0.55557302144455 0
		outer loop
			vertex 0.88216853141785 0.95429855585098 0
			vertex 0.88899528980255 0.94408166408539 0.16599999368191
			vertex 0.88216853141785 0.95429855585098 0.16599999368191
		endloop
	endfacet
	facet normal -0.19509177645563 -0.9807849910961 0
		outer loop
			vertex 0.85989999771118 0.96352249383926 0
			vertex 0.87195163965225 0.96112525463104 0.16599999368191
			vertex 0.85989999771118 0.96352249383926 0.16599999368191
		endloop
	endfacet
	facet normal -0.55556966793697 -0.83146998987841 0
		outer loop
			vertex 0.87195163965225 0.96112525463104 0
			vertex 0.88216853141785 0.95429855585098 0.16599999368191
			vertex 0.87195163965225 0.96112525463104 0.16599999368191
		endloop
	endfacet
	facet normal 0 0 -1
		outer loop
			vertex 0.83763146400452 0.95429855585098 0.16599999368191
			vertex 0.84784835577011 0.96112525463104 0.16599999368191
			vertex 0.85989999771118 0.96352249383926 0.16599999368191
		endloop
	endfacet
	facet normal 0 0 -1
		outer loop
			vertex 0.83763146400452 0.95429855585098 0.16599999368191
			vertex 0.85989999771118 0.96352249383926 0.16599999368191
			vertex 0.87195163965225 0.96112525463104 0.16599999368191
		endloop
	endfacet
	facet normal 0 0 -1
		outer loop
			vertex 0.88216853141785 0.90976142883301 0.16599999368191
			vertex 0.83763146400452 0.95429855585098 0.16599999368191
			vertex 0.87195163965225 0.96112525463104 0.16599999368191
		endloop
	endfacet
	facet normal 0 0 -1
		outer loop
			vertex 0.88216853141785 0.90976142883301 0.16599999368191
			vertex 0.87195163965225 0.96112525463104 0.16599999368191
			vertex 0.88216853141785 0.95429855585098 0.16599999368191
		endloop
	endfacet
	facet normal 0 0 -1
		outer loop
			vertex 0.88216853141785 0.90976142883301 0.16599999368191
			vertex 0.88216853141785 0.95429855585098 0.16599999368191
			vertex 0.88899528980255 0.9199783205986 0.16599999368191
		endloop
	endfacet
	facet normal 0 0 -1
		outer loop
			vertex 0.88899528980255 0.9199783205986 0.16599999368191
			vertex 0.88216853141785 0.95429855585098 0.16599999368191
			vertex 0.88899528980255 0.94408166408539 0.16599999368191
		endloop
	endfacet
	facet normal 0 0 -1
		outer loop
			vertex 0.88899528980255 0.9199783205986 0.16599999368191
			vertex 0.88899528980255 0.94408166408539 0.16599999368191
			vertex 0.89139252901077 0.93203002214432 0.16599999368191
		endloop
	endfacet
	facet normal -0.70710645961249 0.70710710276046 0
		outer loop
			vertex 0.97537249326706 1.1709253787994 0
			vertex 0.97537249326706 1.1709253787994 0.16599999368191
			vertex 1.0409046411514 1.2364574670792 0
		endloop
	endfacet
	facet normal 0.70710728305392 -0.70710627931882 0
		outer loop
			vertex 0.9216114282608 1.2062385082245 0
			vertex 1.0055913925171 1.2902185916901 0
			vertex 1.0055913925171 1.2902185916901 0.16599999368191
		endloop
	endfacet
	facet normal 0.70710728305392 -0.70710627931882 0
		outer loop
			vertex 0.9216114282608 1.2062385082245 0
			vertex 1.0055913925171 1.2902185916901 0.16599999368191
			vertex 0.9216114282608 1.2062385082245 0.16599999368191
		endloop
	endfacet
	facet normal -0.70710645961249 0.70710710276046 0
		outer loop
			vertex 1.0409046411514 1.2364574670792 0
			vertex 0.97537249326706 1.1709253787994 0.16599999368191
			vertex 1.0409046411514 1.2364574670792 0.16599999368191
		endloop
	endfacet
	facet normal 0 0 -1
		outer loop
			vertex 0.96880567073822 1.164358496666 0.16599999368191
			vertex 0.97298294305801 1.1839699745178 0.16599999368191
			vertex 0.97537249326706 1.1709253787994 0.16599999368191
		endloop
	endfacet
	facet normal 0 0 -1
		outer loop
			vertex 0.94228768348694 1.1855623722076 0.16599999368191
			vertex 0.9216114282608 1.2062385082245 0.16599999368191
			vertex 0.97298294305801 1.1839699745178 0.16599999368191
		endloop
	endfacet
	facet normal 0 0 -1
		outer loop
			vertex 0.97298294305801 1.1839699745178 0.16599999368191
			vertex 0.9216114282608 1.2062385082245 0.16599999368191
			vertex 1.027860045433 1.2679500579834 0.16599999368191
		endloop
	endfacet
	facet normal 0 0 -1
		outer loop
			vertex 0.97298294305801 1.1839699745178 0.16599999368191
			vertex 1.0409046411514 1.2364574670792 0.16599999368191
			vertex 0.97537249326706 1.1709253787994 0.16599999368191
		endloop
	endfacet
	facet normal 0 0 -1
		outer loop
			vertex 0.9216114282608 1.2062385082245 0.16599999368191
			vertex 1.0158083438873 1.2800016403198 0.16599999368191
			vertex 1.0200402736664 1.2757697105408 0.16599999368191
		endloop
	endfacet
	facet normal 0 0 -1
		outer loop
			vertex 0.9216114282608 1.2062385082245 0.16599999368191
			vertex 1.0200402736664 1.2757697105408 0.16599999368191
			vertex 1.027860045433 1.2679500579834 0.16599999368191
		endloop
	endfacet
	facet normal 0 0 -1
		outer loop
			vertex 0.97298294305801 1.1839699745178 0.16599999368191
			vertex 1.027860045433 1.2679500579834 0.16599999368191
			vertex 1.0409046411514 1.2364574670792 0.16599999368191
		endloop
	endfacet
	facet normal 0 0 -1
		outer loop
			vertex 1.0409046411514 1.2364574670792 0.16599999368191
			vertex 1.027860045433 1.2679500579834 0.16599999368191
			vertex 1.0452527999878 1.2408057451248 0.16599999368191
		endloop
	endfacet
	facet normal 0 0 -1
		outer loop
			vertex 0.9216114282608 1.2062385082245 0.16599999368191
			vertex 1.0055913925171 1.2902185916901 0.16599999368191
			vertex 1.0158083438873 1.2800016403198 0.16599999368191
		endloop
	endfacet
	facet normal 1 0 0
		outer loop
			vertex 0.91238749027252 1.0999900102615 0
			vertex 0.91238749027252 1.1839699745178 0
			vertex 0.91238749027252 1.1839699745178 0.16599999368191
		endloop
	endfacet
	facet normal -1 0 0
		outer loop
			vertex 0.97537249326706 1.1130346059799 0
			vertex 0.97537249326706 1.1130346059799 0.16599999368191
			vertex 0.97537249326706 1.1709253787994 0
		endloop
	endfacet
	facet normal 1 0 0
		outer loop
			vertex 0.91238749027252 1.0999900102615 0
			vertex 0.91238749027252 1.1839699745178 0.16599999368191
			vertex 0.91238749027252 1.0999900102615 0.16599999368191
		endloop
	endfacet
	facet normal -1 0 0
		outer loop
			vertex 0.97537249326706 1.1709253787994 0
			vertex 0.97537249326706 1.1130346059799 0.16599999368191
			vertex 0.97537249326706 1.1709253787994 0.16599999368191
		endloop
	endfacet
	facet normal 0 0 -1
		outer loop
			vertex 0.91238749027252 1.0999900102615 0.16599999368191
			vertex 0.9318283200264 1.1580488681793 0.16599999368191
			vertex 0.94388002157211 1.0999900102615 0.16599999368191
		endloop
	endfacet
	facet normal 0 0 -1
		outer loop
			vertex 0.94388002157211 1.0999900102615 0.16599999368191
			vertex 0.95593166351318 1.1259111166 0.16599999368191
			vertex 0.95194488763809 1.1080548763275 0.16599999368191
		endloop
	endfacet
	facet normal 0 0 -1
		outer loop
			vertex 0.91238749027252 1.0999900102615 0.16599999368191
			vertex 0.91238749027252 1.1839699745178 0.16599999368191
			vertex 0.9318283200264 1.1580488681793 0.16599999368191
		endloop
	endfacet
	facet normal 0 0 -1
		outer loop
			vertex 0.94388002157211 1.0999900102615 0.16599999368191
			vertex 0.9318283200264 1.1580488681793 0.16599999368191
			vertex 0.95593166351318 1.1259111166 0.16599999368191
		endloop
	endfacet
	facet normal 0 0 -1
		outer loop
			vertex 0.9318283200264 1.1580488681793 0.16599999368191
			vertex 0.93761575222015 1.1839699745178 0.16599999368191
			vertex 0.95593166351318 1.1259111166 0.16599999368191
		endloop
	endfacet
	facet normal 0 0 -1
		outer loop
			vertex 0.96187573671341 1.1179857254028 0.16599999368191
			vertex 0.95593166351318 1.1259111166 0.16599999368191
			vertex 0.96880567073822 1.164358496666 0.16599999368191
		endloop
	endfacet
	facet normal 0 0 -1
		outer loop
			vertex 0.96187573671341 1.1179857254028 0.16599999368191
			vertex 0.96880567073822 1.164358496666 0.16599999368191
			vertex 0.97537249326706 1.1709253787994 0.16599999368191
		endloop
	endfacet
	facet normal 0 0 -1
		outer loop
			vertex 0.95593166351318 1.1259111166 0.16599999368191
			vertex 0.93761575222015 1.1839699745178 0.16599999368191
			vertex 0.96880567073822 1.164358496666 0.16599999368191
		endloop
	endfacet
	facet normal 0 0 -1
		outer loop
			vertex 0.93761575222015 1.1839699745178 0.16599999368191
			vertex 0.97298294305801 1.1839699745178 0.16599999368191
			vertex 0.96880567073822 1.164358496666 0.16599999368191
		endloop
	endfacet
	facet normal 0 0 -1
		outer loop
			vertex 0.96187573671341 1.1179857254028 0.16599999368191
			vertex 0.97537249326706 1.1130346059799 0.16599999368191
			vertex 0.97537249326706 1.1097222566605 0.16599999368191
		endloop
	endfacet
	facet normal 0 0 -1
		outer loop
			vertex 0.96187573671341 1.1179857254028 0.16599999368191
			vertex 0.97537249326706 1.1709253787994 0.16599999368191
			vertex 0.97537249326706 1.1130346059799 0.16599999368191
		endloop
	endfacet
	facet normal 0.70710678118655 0.70710678118655 0
		outer loop
			vertex 0.98332285881042 1.0160100460052 0
			vertex 0.9216114282608 1.0777214765549 0
			vertex 0.9216114282608 1.0777214765549 0.16599999368191
		endloop
	endfacet
	facet normal -0.70710643568279 -0.70710712669014 0
		outer loop
			vertex 1.0363658666611 1.0520412921906 0
			vertex 1.0363658666611 1.0520412921906 0.16599999368191
			vertex 0.97537249326706 1.1130346059799 0
		endloop
	endfacet
	facet normal 0.70710678118655 0.70710678118655 -0
		outer loop
			vertex 0.98332285881042 1.0160100460052 0
			vertex 0.9216114282608 1.0777214765549 0.16599999368191
			vertex 0.98332285881042 1.0160100460052 0.16599999368191
		endloop
	endfacet
	facet normal -0.70710643568279 -0.70710712669014 0
		outer loop
			vertex 0.97537249326706 1.1130346059799 0
			vertex 1.0363658666611 1.0520412921906 0.16599999368191
			vertex 0.97537249326706 1.1130346059799 0.16599999368191
		endloop
	endfacet
	facet normal 0 0 -1
		outer loop
			vertex 0.98332285881042 1.0160100460052 0.16599999368191
			vertex 1.0066647529602 1.0328823328018 0.16599999368191
			vertex 1.0091515779495 1.0203803777695 0.16599999368191
		endloop
	endfacet
	facet normal 0 0 -1
		outer loop
			vertex 0.98332285881042 1.0160100460052 0.16599999368191
			vertex 1.0091515779495 1.0203803777695 0.16599999368191
			vertex 0.99513256549835 1.0042003393173 0.16599999368191
		endloop
	endfacet
	facet normal 0 0 -1
		outer loop
			vertex 0.98332285881042 1.0160100460052 0.16599999368191
			vertex 0.9216114282608 1.0777214765549 0.16599999368191
			vertex 1.0066647529602 1.0328823328018 0.16599999368191
		endloop
	endfacet
	facet normal 0 0 -1
		outer loop
			vertex 1.0066647529602 1.0328823328018 0.16599999368191
			vertex 0.9216114282608 1.0777214765549 0.16599999368191
			vertex 1.0214669704437 1.0470750331879 0.16599999368191
		endloop
	endfacet
	facet normal 0 0 -1
		outer loop
			vertex 1.0158083438873 1.0280648469925 0.16599999368191
			vertex 1.0214669704437 1.0470750331879 0.16599999368191
			vertex 1.0216338634491 1.0462640523911 0.16599999368191
		endloop
	endfacet
	facet normal 0 0 -1
		outer loop
			vertex 1.0066647529602 1.0328823328018 0.16599999368191
			vertex 1.0214669704437 1.0470750331879 0.16599999368191
			vertex 1.0158083438873 1.0280648469925 0.16599999368191
		endloop
	endfacet
	facet normal 0 0 -1
		outer loop
			vertex 1.0158083438873 1.0280648469925 0.16599999368191
			vertex 1.0216338634491 1.0462640523911 0.16599999368191
			vertex 1.0158083438873 1.0280616283417 0.16599999368191
		endloop
	endfacet
	facet normal 0 0 -1
		outer loop
			vertex 1.0200402736664 1.0238296985626 0.16599999368191
			vertex 1.0158083438873 1.0280616283417 0.16599999368191
			vertex 1.0216338634491 1.0462640523911 0.16599999368191
		endloop
	endfacet
	facet normal 0 0 -1
		outer loop
			vertex 1.0214669704437 1.0470750331879 0.16599999368191
			vertex 0.9216114282608 1.0777214765549 0.16599999368191
			vertex 0.94388002157211 1.0999900102615 0.16599999368191
		endloop
	endfacet
	facet normal 0 0 -1
		outer loop
			vertex 0.95194488763809 1.1080548763275 0.16599999368191
			vertex 0.96187573671341 1.1179857254028 0.16599999368191
			vertex 0.97537249326706 1.1097222566605 0.16599999368191
		endloop
	endfacet
	facet normal 0 0 -1
		outer loop
			vertex 1.0214669704437 1.0470750331879 0.16599999368191
			vertex 0.94388002157211 1.0999900102615 0.16599999368191
			vertex 0.95194488763809 1.1080548763275 0.16599999368191
		endloop
	endfacet
	facet normal 0 0 -1
		outer loop
			vertex 1.0214669704437 1.0470750331879 0.16599999368191
			vertex 0.95194488763809 1.1080548763275 0.16599999368191
			vertex 0.97537249326706 1.1097222566605 0.16599999368191
		endloop
	endfacet
	facet normal 0 0 -1
		outer loop
			vertex 1.0214669704437 1.0470750331879 0.16599999368191
			vertex 0.97537249326706 1.1097222566605 0.16599999368191
			vertex 0.97537249326706 1.1130346059799 0.16599999368191
		endloop
	endfacet
	facet normal 0 0 -1
		outer loop
			vertex 1.0214669704437 1.0470750331879 0.16599999368191
			vertex 0.97537249326706 1.1130346059799 0.16599999368191
			vertex 1.0363658666611 1.0520412921906 0.16599999368191
		endloop
	endfacet
	facet normal 0 1 0
		outer loop
			vertex 1.0409046411514 0.98451751470566 0
			vertex 1.0409046411514 0.98451751470566 0.16599999368191
			vertex 1.2667553424835 0.98451751470566 0
		endloop
	endfacet
	facet normal 0 -1 0
		outer loop
			vertex 1.2219254970551 1.0475025177002 0
			vertex 1.2798000574112 1.0475025177002 0
			vertex 1.2798000574112 1.0475025177002 0.16599999368191
		endloop
	endfacet
	facet normal 0 1 -0
		outer loop
			vertex 1.2667553424835 0.98451751470566 0
			vertex 1.0409046411514 0.98451751470566 0.16599999368191
			vertex 1.2667553424835 0.98451751470566 0.16599999368191
		endloop
	endfacet
	facet normal 0 -1 0
		outer loop
			vertex 1.2219254970551 1.0475025177002 0
			vertex 1.2798000574112 1.0475025177002 0.16599999368191
			vertex 1.2219254970551 1.0475025177002 0.16599999368191
		endloop
	endfacet
	facet normal 0 0 -1
		outer loop
			vertex 1.0448758602142 0.9894540309906 0.16599999368191
			vertex 1.2648918628693 0.98638099431992 0.16599999368191
			vertex 1.0459749698639 0.98885232210159 0.16599999368191
		endloop
	endfacet
	facet normal 0 0 -1
		outer loop
			vertex 1.0448716878891 0.98848456144333 0.16599999368191
			vertex 1.0459749698639 0.98885232210159 0.16599999368191
			vertex 1.2667553424835 0.98451751470566 0.16599999368191
		endloop
	endfacet
	facet normal 0 -0 -1
		outer loop
			vertex 1.0448716878891 0.98848456144333 0.16599999368191
			vertex 1.2667553424835 0.98451751470566 0.16599999368191
			vertex 1.0409046411514 0.98451751470566 0.16599999368191
		endloop
	endfacet
	facet normal 0 0 -1
		outer loop
			vertex 1.027860045433 1.0160100460052 0.16599999368191
			vertex 1.0352944135666 1.0475025177002 0.16599999368191
			vertex 1.1007564067841 1.0251220464706 0.16599999368191
		endloop
	endfacet
	facet normal 0 0 -1
		outer loop
			vertex 1.0352944135666 1.0475025177002 0.16599999368191
			vertex 1.0959458351135 1.0475025177002 0.16599999368191
			vertex 1.1007564067841 1.0251220464706 0.16599999368191
		endloop
	endfacet
	facet normal 0 0 -1
		outer loop
			vertex 1.0448758602142 0.9894540309906 0.16599999368191
			vertex 1.027860045433 1.0160100460052 0.16599999368191
			vertex 1.2648918628693 0.98638099431992 0.16599999368191
		endloop
	endfacet
	facet normal 0 0 -1
		outer loop
			vertex 1.0459749698639 0.98885232210159 0.16599999368191
			vertex 1.2648918628693 0.98638099431992 0.16599999368191
			vertex 1.2667553424835 0.98451751470566 0.16599999368191
		endloop
	endfacet
	facet normal 0 0 -1
		outer loop
			vertex 1.027860045433 1.0160100460052 0.16599999368191
			vertex 1.1007564067841 1.0251220464706 0.16599999368191
			vertex 1.2648918628693 0.98638099431992 0.16599999368191
		endloop
	endfacet
	facet normal 0 0 -1
		outer loop
			vertex 1.1007564067841 1.0251220464706 0.16599999368191
			vertex 1.1278902292252 1.0285137891769 0.16599999368191
			vertex 1.2648918628693 0.98638099431992 0.16599999368191
		endloop
	endfacet
	facet normal 0 0 -1
		outer loop
			vertex 1.1278902292252 1.0285137891769 0.16599999368191
			vertex 1.2798000574112 1.0475025177002 0.16599999368191
			vertex 1.2648918628693 0.98638099431992 0.16599999368191
		endloop
	endfacet
	facet normal 0 0 -1
		outer loop
			vertex 1.1278902292252 1.0285137891769 0.16599999368191
			vertex 1.2219254970551 1.0475025177002 0.16599999368191
			vertex 1.2798000574112 1.0475025177002 0.16599999368191
		endloop
	endfacet
	facet normal 0 0 -1
		outer loop
			vertex 1.2648918628693 0.98638099431992 0.16599999368191
			vertex 1.2798000574112 1.0475025177002 0.16599999368191
			vertex 1.2798000574112 0.9869070649147 0.16599999368191
		endloop
	endfacet
	facet normal 0.70710645961278 0.70710710276017 -0
		outer loop
			vertex 1.2667553424835 0.98451751470566 0
			vertex 1.2667553424835 0.98451751470566 0.16599999368191
			vertex 1.3322875499725 0.91898536682129 0
		endloop
	endfacet
	facet normal -0.70710703212037 -0.70710653025264 0
		outer loop
			vertex 1.3020685911179 1.0382785797119 0
			vertex 1.3860485553741 0.95429855585098 0
			vertex 1.3860485553741 0.95429855585098 0.16599999368191
		endloop
	endfacet
	facet normal 0.70710645961278 0.70710710276017 -0
		outer loop
			vertex 1.3322875499725 0.91898536682129 0
			vertex 1.2667553424835 0.98451751470566 0.16599999368191
			vertex 1.3322875499725 0.91898536682129 0.16599999368191
		endloop
	endfacet
	facet normal -0.70710703212037 -0.70710653025264 0
		outer loop
			vertex 1.3020685911179 1.0382785797119 0
			vertex 1.3860485553741 0.95429855585098 0.16599999368191
			vertex 1.3020685911179 1.0382785797119 0.16599999368191
		endloop
	endfacet
	facet normal 0 0 -1
		outer loop
			vertex 1.2648918628693 0.98638099431992 0.16599999368191
			vertex 1.2798000574112 0.9869070649147 0.16599999368191
			vertex 1.2667553424835 0.98451751470566 0.16599999368191
		endloop
	endfacet
	facet normal 0 0 -1
		outer loop
			vertex 1.2667553424835 0.98451751470566 0.16599999368191
			vertex 1.2798000574112 0.9869070649147 0.16599999368191
			vertex 1.3322875499725 0.91898536682129 0.16599999368191
		endloop
	endfacet
	facet normal 0 0 -1
		outer loop
			vertex 1.2798000574112 0.9869070649147 0.16599999368191
			vertex 1.3557151556015 0.92396509647369 0.16599999368191
			vertex 1.3322875499725 0.91898536682129 0.16599999368191
		endloop
	endfacet
	facet normal 0 0 -1
		outer loop
			vertex 1.2798000574112 0.9869070649147 0.16599999368191
			vertex 1.3637800216675 0.93203002214432 0.16599999368191
			vertex 1.3557151556015 0.92396509647369 0.16599999368191
		endloop
	endfacet
	facet normal 0 0 -1
		outer loop
			vertex 1.2798000574112 0.9869070649147 0.16599999368191
			vertex 1.3860485553741 0.95429855585098 0.16599999368191
			vertex 1.3637800216675 0.93203002214432 0.16599999368191
		endloop
	endfacet
	facet normal 0 0 -1
		outer loop
			vertex 1.2798000574112 0.9869070649147 0.16599999368191
			vertex 1.2850250005722 1.0212349891663 0.16599999368191
			vertex 1.3020685911179 1.0382785797119 0.16599999368191
		endloop
	endfacet
	facet normal 0 0 -1
		outer loop
			vertex 1.2798000574112 0.9869070649147 0.16599999368191
			vertex 1.3020685911179 1.0382785797119 0.16599999368191
			vertex 1.3860485553741 0.95429855585098 0.16599999368191
		endloop
	endfacet
	facet normal 0 0 -1
		outer loop
			vertex 1.3322875499725 0.91898536682129 0.16599999368191
			vertex 1.3557151556015 0.92396509647369 0.16599999368191
			vertex 1.3457843065262 0.91403430700302 0.16599999368191
		endloop
	endfacet
	facet normal 1 0 0
		outer loop
			vertex 1.3322875499725 0.86751341819763 0
			vertex 1.3322875499725 0.91898536682129 0
			vertex 1.3322875499725 0.91898536682129 0.16599999368191
		endloop
	endfacet
	facet normal -1 0 0
		outer loop
			vertex 1.3952724933624 0.84804999828339 0
			vertex 1.3952724933624 0.84804999828339 0.16599999368191
			vertex 1.3952724933624 0.93203002214432 0
		endloop
	endfacet
	facet normal 1 0 0
		outer loop
			vertex 1.3322875499725 0.86751341819763 0
			vertex 1.3322875499725 0.91898536682129 0.16599999368191
			vertex 1.3322875499725 0.86751341819763 0.16599999368191
		endloop
	endfacet
	facet normal -1 0 0
		outer loop
			vertex 1.3952724933624 0.93203002214432 0
			vertex 1.3952724933624 0.84804999828339 0.16599999368191
			vertex 1.3952724933624 0.93203002214432 0.16599999368191
		endloop
	endfacet
	facet normal 0 0 -1
		outer loop
			vertex 1.3322875499725 0.86751341819763 0.16599999368191
			vertex 1.3457843065262 0.91403430700302 0.16599999368191
			vertex 1.3401153087616 0.87142735719681 0.16599999368191
		endloop
	endfacet
	facet normal 0 0 -1
		outer loop
			vertex 1.3322875499725 0.86751341819763 0.16599999368191
			vertex 1.3322875499725 0.91898536682129 0.16599999368191
			vertex 1.3457843065262 0.91403430700302 0.16599999368191
		endloop
	endfacet
	facet normal 0 0 -1
		outer loop
			vertex 1.3337073326111 0.84804999828339 0.16599999368191
			vertex 1.3401153087616 0.87142735719681 0.16599999368191
			vertex 1.3700442314148 0.84804999828339 0.16599999368191
		endloop
	endfacet
	facet normal 0 0 -1
		outer loop
			vertex 1.3401153087616 0.87142735719681 0.16599999368191
			vertex 1.3517283201218 0.90610885620117 0.16599999368191
			vertex 1.3700442314148 0.84804999828339 0.16599999368191
		endloop
	endfacet
	facet normal 0 0 -1
		outer loop
			vertex 1.3517283201218 0.90610885620117 0.16599999368191
			vertex 1.3758316040039 0.87397110462189 0.16599999368191
			vertex 1.3700442314148 0.84804999828339 0.16599999368191
		endloop
	endfacet
	facet normal 0 0 -1
		outer loop
			vertex 1.3401153087616 0.87142735719681 0.16599999368191
			vertex 1.3457843065262 0.91403430700302 0.16599999368191
			vertex 1.3517283201218 0.90610885620117 0.16599999368191
		endloop
	endfacet
	facet normal 0 0 -1
		outer loop
			vertex 1.3517283201218 0.90610885620117 0.16599999368191
			vertex 1.3557151556015 0.92396509647369 0.16599999368191
			vertex 1.3637800216675 0.93203002214432 0.16599999368191
		endloop
	endfacet
	facet normal 0 0 -1
		outer loop
			vertex 1.3517283201218 0.90610885620117 0.16599999368191
			vertex 1.3637800216675 0.93203002214432 0.16599999368191
			vertex 1.3758316040039 0.87397110462189 0.16599999368191
		endloop
	endfacet
	facet normal 0 0 -1
		outer loop
			vertex 1.3758316040039 0.87397110462189 0.16599999368191
			vertex 1.3637800216675 0.93203002214432 0.16599999368191
			vertex 1.3952724933624 0.93203002214432 0.16599999368191
		endloop
	endfacet
	facet normal 0 0 -1
		outer loop
			vertex 1.3952724933624 0.84804999828339 0.16599999368191
			vertex 1.3758316040039 0.87397110462189 0.16599999368191
			vertex 1.3952724933624 0.93203002214432 0.16599999368191
		endloop
	endfacet
	facet normal 0.89442719099992 0.44721359549996 0
		outer loop
			vertex 1.2938839197159 0.77789223194122 0
			vertex 1.2937226295471 0.77821481227875 0
			vertex 1.2937226295471 0.77821481227875 0.16599999368191
		endloop
	endfacet
	facet normal -0.44721410335435 0.89442693707254 0
		outer loop
			vertex 1.2938839197159 0.77789223194122 0
			vertex 1.2938839197159 0.77789223194122 0.16599999368191
			vertex 1.3778638839722 0.81988227367401 0
		endloop
	endfacet
	facet normal 0.44721288374715 -0.89442754687597 0
		outer loop
			vertex 1.2723655700684 0.83755248785019 0
			vertex 1.3322875499725 0.86751341819763 0
			vertex 1.3322875499725 0.86751341819763 0.16599999368191
		endloop
	endfacet
	facet normal -0.89442719099992 -0.44721359549996 0
		outer loop
			vertex 1.3777025938034 0.82020485401154 0
			vertex 1.3778638839722 0.81988227367401 0
			vertex 1.3778638839722 0.81988227367401 0.16599999368191
		endloop
	endfacet
	facet normal 0.89442719099992 0.44721359549996 -0
		outer loop
			vertex 1.2938839197159 0.77789223194122 0
			vertex 1.2937226295471 0.77821481227875 0.16599999368191
			vertex 1.2938839197159 0.77789223194122 0.16599999368191
		endloop
	endfacet
	facet normal 0.44721288374715 -0.89442754687597 0
		outer loop
			vertex 1.2723655700684 0.83755248785019 0
			vertex 1.3322875499725 0.86751341819763 0.16599999368191
			vertex 1.2723655700684 0.83755248785019 0.16599999368191
		endloop
	endfacet
	facet normal -0.44721410335435 0.89442693707254 0
		outer loop
			vertex 1.3778638839722 0.81988227367401 0
			vertex 1.2938839197159 0.77789223194122 0.16599999368191
			vertex 1.3778638839722 0.81988227367401 0.16599999368191
		endloop
	endfacet
	facet normal -0.89442719099992 -0.44721359549996 0
		outer loop
			vertex 1.3777025938034 0.82020485401154 0
			vertex 1.3778638839722 0.81988227367401 0.16599999368191
			vertex 1.3777025938034 0.82020485401154 0.16599999368191
		endloop
	endfacet
	facet normal 0 0 -1
		outer loop
			vertex 1.2918516397476 0.78195667266846 0.16599999368191
			vertex 1.2798000574112 0.80606001615524 0.16599999368191
			vertex 1.3008135557175 0.79010051488876 0.16599999368191
		endloop
	endfacet
	facet normal 0 0 -1
		outer loop
			vertex 1.2937226295471 0.77821481227875 0.16599999368191
			vertex 1.2942774295807 0.77858555316925 0.16599999368191
			vertex 1.2938839197159 0.77789223194122 0.16599999368191
		endloop
	endfacet
	facet normal 0 -0 -1
		outer loop
			vertex 1.2942774295807 0.77858555316925 0.16599999368191
			vertex 1.3778638839722 0.81988227367401 0.16599999368191
			vertex 1.2938839197159 0.77789223194122 0.16599999368191
		endloop
	endfacet
	facet normal 0 0 -1
		outer loop
			vertex 1.3008135557175 0.79010051488876 0.16599999368191
			vertex 1.2798000574112 0.80606001615524 0.16599999368191
			vertex 1.2723655700684 0.83755248785019 0.16599999368191
		endloop
	endfacet
	facet normal 0 0 -1
		outer loop
			vertex 1.3008135557175 0.79010051488876 0.16599999368191
			vertex 1.2723655700684 0.83755248785019 0.16599999368191
			vertex 1.3326559066772 0.84619772434235 0.16599999368191
		endloop
	endfacet
	facet normal 0 -0 -1
		outer loop
			vertex 1.3008135557175 0.79010051488876 0.16599999368191
			vertex 1.3778638839722 0.81988227367401 0.16599999368191
			vertex 1.2942774295807 0.77858555316925 0.16599999368191
		endloop
	endfacet
	facet normal 0 0 -1
		outer loop
			vertex 1.2723655700684 0.83755248785019 0.16599999368191
			vertex 1.3322875499725 0.86751341819763 0.16599999368191
			vertex 1.3337073326111 0.84804999828339 0.16599999368191
		endloop
	endfacet
	facet normal 0 0 -1
		outer loop
			vertex 1.2723655700684 0.83755248785019 0.16599999368191
			vertex 1.3337073326111 0.84804999828339 0.16599999368191
			vertex 1.3326559066772 0.84619772434235 0.16599999368191
		endloop
	endfacet
	facet normal 0 0 -1
		outer loop
			vertex 1.3008135557175 0.79010051488876 0.16599999368191
			vertex 1.3326559066772 0.84619772434235 0.16599999368191
			vertex 1.3646920919418 0.84622579813004 0.16599999368191
		endloop
	endfacet
	facet normal 0 0 -1
		outer loop
			vertex 1.3337073326111 0.84804999828339 0.16599999368191
			vertex 1.3322875499725 0.86751341819763 0.16599999368191
			vertex 1.3401153087616 0.87142735719681 0.16599999368191
		endloop
	endfacet
	facet normal 0 0 -1
		outer loop
			vertex 1.3008135557175 0.79010051488876 0.16599999368191
			vertex 1.3646920919418 0.84622579813004 0.16599999368191
			vertex 1.3777025938034 0.82020485401154 0.16599999368191
		endloop
	endfacet
	facet normal 0 0 -1
		outer loop
			vertex 1.3008135557175 0.79010051488876 0.16599999368191
			vertex 1.3777025938034 0.82020485401154 0.16599999368191
			vertex 1.3778638839722 0.81988227367401 0.16599999368191
		endloop
	endfacet
	facet normal 0 1 0
		outer loop
			vertex 1.027860045433 0.77456748485565 0
			vertex 1.027860045433 0.77456748485565 0.16599999368191
			vertex 1.2798000574112 0.77456748485565 0
		endloop
	endfacet
	facet normal 0 -1 0
		outer loop
			vertex 1.0352944135666 0.83755248785019 0
			vertex 1.2723655700684 0.83755248785019 0
			vertex 1.2723655700684 0.83755248785019 0.16599999368191
		endloop
	endfacet
	facet normal 0 -1 0
		outer loop
			vertex 1.0352944135666 0.83755248785019 0
			vertex 1.2723655700684 0.83755248785019 0.16599999368191
			vertex 1.0352944135666 0.83755248785019 0.16599999368191
		endloop
	endfacet
	facet normal 0 1 -0
		outer loop
			vertex 1.2798000574112 0.77456748485565 0
			vertex 1.027860045433 0.77456748485565 0.16599999368191
			vertex 1.2798000574112 0.77456748485565 0.16599999368191
		endloop
	endfacet
	facet normal 0 0 -1
		outer loop
			vertex 1.027860045433 0.77456748485565 0.16599999368191
			vertex 1.027860045433 0.80606001615524 0.16599999368191
			vertex 1.2798000574112 0.77456748485565 0.16599999368191
		endloop
	endfacet
	facet normal 0 0 -1
		outer loop
			vertex 1.027860045433 0.80606001615524 0.16599999368191
			vertex 1.0418566465378 0.83405333757401 0.16599999368191
			vertex 1.2798000574112 0.77456748485565 0.16599999368191
		endloop
	endfacet
	facet normal 0 0 -1
		outer loop
			vertex 1.0352944135666 0.83755248785019 0.16599999368191
			vertex 1.2723655700684 0.83755248785019 0.16599999368191
			vertex 1.0414246320724 0.83416134119034 0.16599999368191
		endloop
	endfacet
	facet normal 0 0 -1
		outer loop
			vertex 1.0414246320724 0.83416134119034 0.16599999368191
			vertex 1.2798000574112 0.80606001615524 0.16599999368191
			vertex 1.0418566465378 0.83405333757401 0.16599999368191
		endloop
	endfacet
	facet normal 0 0 -1
		outer loop
			vertex 1.0418566465378 0.83405333757401 0.16599999368191
			vertex 1.2798000574112 0.80606001615524 0.16599999368191
			vertex 1.2798000574112 0.77456748485565 0.16599999368191
		endloop
	endfacet
	facet normal 0 0 -1
		outer loop
			vertex 1.0414246320724 0.83416134119034 0.16599999368191
			vertex 1.2723655700684 0.83755248785019 0.16599999368191
			vertex 1.2798000574112 0.80606001615524 0.16599999368191
		endloop
	endfacet
	facet normal -0.89442719099992 0.44721359549996 0
		outer loop
			vertex 1.0137761831284 0.77789223194122 0
			vertex 1.0137761831284 0.77789223194122 0.16599999368191
			vertex 1.0139374732971 0.77821481227875 0
		endloop
	endfacet
	facet normal 0.89442719099992 -0.44721359549996 0
		outer loop
			vertex 0.92979609966278 0.81988227367401 0
			vertex 0.92995738983154 0.82020485401154 0
			vertex 0.92995738983154 0.82020485401154 0.16599999368191
		endloop
	endfacet
	facet normal 0.44721359549996 0.89442719099992 -0
		outer loop
			vertex 0.92979609966278 0.81988227367401 0
			vertex 0.92979609966278 0.81988227367401 0.16599999368191
			vertex 1.0137761831284 0.77789223194122 0
		endloop
	endfacet
	facet normal -0.44721323962331 -0.89442736893815 0
		outer loop
			vertex 0.97537249326706 0.86751341819763 0
			vertex 1.0352944135666 0.83755248785019 0
			vertex 1.0352944135666 0.83755248785019 0.16599999368191
		endloop
	endfacet
	facet normal 0.44721359549996 0.89442719099992 -0
		outer loop
			vertex 1.0137761831284 0.77789223194122 0
			vertex 0.92979609966278 0.81988227367401 0.16599999368191
			vertex 1.0137761831284 0.77789223194122 0.16599999368191
		endloop
	endfacet
	facet normal -0.89442719099992 0.44721359549996 0
		outer loop
			vertex 1.0139374732971 0.77821481227875 0
			vertex 1.0137761831284 0.77789223194122 0.16599999368191
			vertex 1.0139374732971 0.77821481227875 0.16599999368191
		endloop
	endfacet
	facet normal 0.89442719099992 -0.44721359549996 0
		outer loop
			vertex 0.92979609966278 0.81988227367401 0
			vertex 0.92995738983154 0.82020485401154 0.16599999368191
			vertex 0.92979609966278 0.81988227367401 0.16599999368191
		endloop
	endfacet
	facet normal -0.44721323962331 -0.89442736893815 0
		outer loop
			vertex 0.97537249326706 0.86751341819763 0
			vertex 1.0352944135666 0.83755248785019 0.16599999368191
			vertex 0.97537249326706 0.86751341819763 0.16599999368191
		endloop
	endfacet
	facet normal 0 0 -1
		outer loop
			vertex 0.96383649110794 0.82423657178879 0.16599999368191
			vertex 1.0139374732971 0.77821481227875 0.16599999368191
			vertex 1.0137761831284 0.77789223194122 0.16599999368191
		endloop
	endfacet
	facet normal 0 -0 -1
		outer loop
			vertex 0.92995738983154 0.82020485401154 0.16599999368191
			vertex 0.93033671379089 0.81995141506195 0.16599999368191
			vertex 0.92979609966278 0.81988227367401 0.16599999368191
		endloop
	endfacet
	facet normal 0 0 -1
		outer loop
			vertex 0.92979609966278 0.81988227367401 0.16599999368191
			vertex 0.93033671379089 0.81995141506195 0.16599999368191
			vertex 1.0137761831284 0.77789223194122 0.16599999368191
		endloop
	endfacet
	facet normal 0 0 -1
		outer loop
			vertex 0.93033671379089 0.81995141506195 0.16599999368191
			vertex 0.93264132738113 0.82024621963501 0.16599999368191
			vertex 1.0137761831284 0.77789223194122 0.16599999368191
		endloop
	endfacet
	facet normal 0 0 -1
		outer loop
			vertex 0.93264132738113 0.82024621963501 0.16599999368191
			vertex 0.95510321855545 0.82311946153641 0.16599999368191
			vertex 1.0137761831284 0.77789223194122 0.16599999368191
		endloop
	endfacet
	facet normal 0 0 -1
		outer loop
			vertex 0.95510321855545 0.82311946153641 0.16599999368191
			vertex 0.93987113237381 0.84003233909607 0.16599999368191
			vertex 0.94388002157211 0.84804999828339 0.16599999368191
		endloop
	endfacet
	facet normal 0 0 -1
		outer loop
			vertex 0.93264132738113 0.82024621963501 0.16599999368191
			vertex 0.93987113237381 0.84003233909607 0.16599999368191
			vertex 0.95510321855545 0.82311946153641 0.16599999368191
		endloop
	endfacet
	facet normal 0 0 -1
		outer loop
			vertex 0.95510321855545 0.82311946153641 0.16599999368191
			vertex 0.94388002157211 0.84804999828339 0.16599999368191
			vertex 0.95519834756851 0.87068670988083 0.16599999368191
		endloop
	endfacet
	facet normal 0 0 -1
		outer loop
			vertex 0.95620232820511 0.87269461154938 0.16599999368191
			vertex 0.97537249326706 0.86751341819763 0.16599999368191
			vertex 0.96383649110794 0.82423657178879 0.16599999368191
		endloop
	endfacet
	facet normal 0 -0 -1
		outer loop
			vertex 0.95647698640823 0.87324398756027 0.16599999368191
			vertex 0.97537249326706 0.86751341819763 0.16599999368191
			vertex 0.95620232820511 0.87269461154938 0.16599999368191
		endloop
	endfacet
	facet normal 0 0 -1
		outer loop
			vertex 0.95510321855545 0.82311946153641 0.16599999368191
			vertex 0.96383649110794 0.82423657178879 0.16599999368191
			vertex 1.0137761831284 0.77789223194122 0.16599999368191
		endloop
	endfacet
	facet normal 0 0 -1
		outer loop
			vertex 0.96383649110794 0.82423657178879 0.16599999368191
			vertex 1.0150979757309 0.78053593635559 0.16599999368191
			vertex 1.0139374732971 0.77821481227875 0.16599999368191
		endloop
	endfacet
	facet normal 0 0 -1
		outer loop
			vertex 0.96383649110794 0.82423657178879 0.16599999368191
			vertex 1.0158083438873 0.83088457584381 0.16599999368191
			vertex 1.0150979757309 0.78053593635559 0.16599999368191
		endloop
	endfacet
	facet normal 0 0 -1
		outer loop
			vertex 0.96383649110794 0.82423657178879 0.16599999368191
			vertex 0.97537249326706 0.86751341819763 0.16599999368191
			vertex 1.0158083438873 0.83088457584381 0.16599999368191
		endloop
	endfacet
	facet normal 0 0 -1
		outer loop
			vertex 1.0158083438873 0.78195667266846 0.16599999368191
			vertex 1.0158083438873 0.83088457584381 0.16599999368191
			vertex 1.027860045433 0.80606001615524 0.16599999368191
		endloop
	endfacet
	facet normal 0 0 -1
		outer loop
			vertex 1.027860045433 0.80606001615524 0.16599999368191
			vertex 1.0158083438873 0.83088457584381 0.16599999368191
			vertex 1.0418566465378 0.83405333757401 0.16599999368191
		endloop
	endfacet
	facet normal 0 0 -1
		outer loop
			vertex 0.97537249326706 0.86751341819763 0.16599999368191
			vertex 1.0352944135666 0.83755248785019 0.16599999368191
			vertex 1.0158083438873 0.83088457584381 0.16599999368191
		endloop
	endfacet
	facet normal 0 0 -1
		outer loop
			vertex 1.0158083438873 0.83088457584381 0.16599999368191
			vertex 1.0352944135666 0.83755248785019 0.16599999368191
			vertex 1.0414246320724 0.83416134119034 0.16599999368191
		endloop
	endfacet
	facet normal 0 0 -1
		outer loop
			vertex 1.0158083438873 0.83088457584381 0.16599999368191
			vertex 1.0414246320724 0.83416134119034 0.16599999368191
			vertex 1.0418566465378 0.83405333757401 0.16599999368191
		endloop
	endfacet
	facet normal 1 0 0
		outer loop
			vertex 0.91238749027252 0.84804999828339 0
			vertex 0.91238749027252 0.93203002214432 0
			vertex 0.91238749027252 0.93203002214432 0.16599999368191
		endloop
	endfacet
	facet normal -1 0 0
		outer loop
			vertex 0.97537249326706 0.86751341819763 0
			vertex 0.97537249326706 0.86751341819763 0.16599999368191
			vertex 0.97537249326706 0.91898536682129 0
		endloop
	endfacet
	facet normal 1 0 0
		outer loop
			vertex 0.91238749027252 0.84804999828339 0
			vertex 0.91238749027252 0.93203002214432 0.16599999368191
			vertex 0.91238749027252 0.84804999828339 0.16599999368191
		endloop
	endfacet
	facet normal -1 0 0
		outer loop
			vertex 0.97537249326706 0.91898536682129 0
			vertex 0.97537249326706 0.86751341819763 0.16599999368191
			vertex 0.97537249326706 0.91898536682129 0.16599999368191
		endloop
	endfacet
	facet normal 0 0 -1
		outer loop
			vertex 0.91238749027252 0.84804999828339 0.16599999368191
			vertex 0.91478472948074 0.92669802904129 0.16599999368191
			vertex 0.94388002157211 0.84804999828339 0.16599999368191
		endloop
	endfacet
	facet normal 0 0 -1
		outer loop
			vertex 0.91238749027252 0.84804999828339 0.16599999368191
			vertex 0.91238749027252 0.93203002214432 0.16599999368191
			vertex 0.91478472948074 0.92669802904129 0.16599999368191
		endloop
	endfacet
	facet normal 0 0 -1
		outer loop
			vertex 0.9318283200264 0.90610885620117 0.16599999368191
			vertex 0.91478472948074 0.92669802904129 0.16599999368191
			vertex 0.91478472948074 0.92883372306824 0.16599999368191
		endloop
	endfacet
	facet normal -0 0 -1
		outer loop
			vertex 0.95593166351318 0.87397110462189 0.16599999368191
			vertex 0.95519834756851 0.87068670988083 0.16599999368191
			vertex 0.91478472948074 0.92669802904129 0.16599999368191
		endloop
	endfacet
	facet normal 0 0 -1
		outer loop
			vertex 0.94388002157211 0.84804999828339 0.16599999368191
			vertex 0.91478472948074 0.92669802904129 0.16599999368191
			vertex 0.95519834756851 0.87068670988083 0.16599999368191
		endloop
	endfacet
	facet normal 0 0 -1
		outer loop
			vertex 0.95593166351318 0.87397110462189 0.16599999368191
			vertex 0.97537249326706 0.86751341819763 0.16599999368191
			vertex 0.95647698640823 0.87324398756027 0.16599999368191
		endloop
	endfacet
	facet normal 0 0 -1
		outer loop
			vertex 0.95593166351318 0.87397110462189 0.16599999368191
			vertex 0.97537249326706 0.91898536682129 0.16599999368191
			vertex 0.97537249326706 0.86751341819763 0.16599999368191
		endloop
	endfacet
	facet normal -0 -0 -1
		outer loop
			vertex 0.9318283200264 0.90610885620117 0.16599999368191
			vertex 0.95593166351318 0.87397110462189 0.16599999368191
			vertex 0.91478472948074 0.92669802904129 0.16599999368191
		endloop
	endfacet
	facet normal 0 0 -1
		outer loop
			vertex 0.9318283200264 0.90610885620117 0.16599999368191
			vertex 0.94388002157211 0.93203002214432 0.16599999368191
			vertex 0.95593166351318 0.87397110462189 0.16599999368191
		endloop
	endfacet
	facet normal 0 0 -1
		outer loop
			vertex 0.9318283200264 0.90610885620117 0.16599999368191
			vertex 0.93761575222015 0.93203002214432 0.16599999368191
			vertex 0.94388002157211 0.93203002214432 0.16599999368191
		endloop
	endfacet
	facet normal 0 0 -1
		outer loop
			vertex 0.95593166351318 0.87397110462189 0.16599999368191
			vertex 0.94388002157211 0.93203002214432 0.16599999368191
			vertex 0.97537249326706 0.91898536682129 0.16599999368191
		endloop
	endfacet
	facet normal 0 0 -1
		outer loop
			vertex 0.97537249326706 0.91898536682129 0.16599999368191
			vertex 0.94388002157211 0.93203002214432 0.16599999368191
			vertex 0.9741285443306 0.92577618360519 0.16599999368191
		endloop
	endfacet
	facet normal 0 0 -1
		outer loop
			vertex 0.94388002157211 0.93203002214432 0.16599999368191
			vertex 0.97297525405884 0.93203002214432 0.16599999368191
			vertex 0.9741285443306 0.92577618360519 0.16599999368191
		endloop
	endfacet
	facet normal 0.70710712266962 -0.70710643970331 0
		outer loop
			vertex 0.9216114282608 0.95429855585098 0
			vertex 0.98332285881042 1.0160100460052 0
			vertex 0.98332285881042 1.0160100460052 0.16599999368191
		endloop
	endfacet
	facet normal -0.70710678118655 0.70710678118655 0
		outer loop
			vertex 0.97537249326706 0.91898536682129 0
			vertex 0.97537249326706 0.91898536682129 0.16599999368191
			vertex 1.0409046411514 0.98451751470566 0
		endloop
	endfacet
	facet normal 0.70710712266962 -0.70710643970331 0
		outer loop
			vertex 0.9216114282608 0.95429855585098 0
			vertex 0.98332285881042 1.0160100460052 0.16599999368191
			vertex 0.9216114282608 0.95429855585098 0.16599999368191
		endloop
	endfacet
	facet normal -0.70710678118655 0.70710678118655 0
		outer loop
			vertex 1.0409046411514 0.98451751470566 0
			vertex 0.97537249326706 0.91898536682129 0.16599999368191
			vertex 1.0409046411514 0.98451751470566 0.16599999368191
		endloop
	endfacet
	facet normal 0 0 -1
		outer loop
			vertex 0.9216114282608 0.95429855585098 0.16599999368191
			vertex 0.97297525405884 0.93203330039978 0.16599999368191
			vertex 0.94388002157211 0.93203002214432 0.16599999368191
		endloop
	endfacet
	facet normal 0 0 -1
		outer loop
			vertex 0.9216114282608 0.95429855585098 0.16599999368191
			vertex 0.97443282604218 0.93675410747528 0.16599999368191
			vertex 0.97297525405884 0.93203330039978 0.16599999368191
		endloop
	endfacet
	facet normal 0 0 -1
		outer loop
			vertex 0.94388002157211 0.93203002214432 0.16599999368191
			vertex 0.97297525405884 0.93203330039978 0.16599999368191
			vertex 0.97297525405884 0.93203002214432 0.16599999368191
		endloop
	endfacet
	facet normal 0 0 -1
		outer loop
			vertex 0.9216114282608 0.95429855585098 0.16599999368191
			vertex 0.99513256549835 1.0042003393173 0.16599999368191
			vertex 0.97443282604218 0.93675410747528 0.16599999368191
		endloop
	endfacet
	facet normal 0 0 -1
		outer loop
			vertex 0.9216114282608 0.95429855585098 0.16599999368191
			vertex 0.98332285881042 1.0160100460052 0.16599999368191
			vertex 0.99513256549835 1.0042003393173 0.16599999368191
		endloop
	endfacet
	facet normal 0 0 -1
		outer loop
			vertex 0.97537249326706 0.91898536682129 0.16599999368191
			vertex 0.9741285443306 0.92577618360519 0.16599999368191
			vertex 0.97505414485931 0.93363052606583 0.16599999368191
		endloop
	endfacet
	facet normal 0 0 -1
		outer loop
			vertex 0.97443282604218 0.93675410747528 0.16599999368191
			vertex 1.0409046411514 0.98451751470566 0.16599999368191
			vertex 0.97505414485931 0.93363052606583 0.16599999368191
		endloop
	endfacet
	facet normal 0 0 -1
		outer loop
			vertex 0.97537249326706 0.91898536682129 0.16599999368191
			vertex 0.97505414485931 0.93363052606583 0.16599999368191
			vertex 1.0409046411514 0.98451751470566 0.16599999368191
		endloop
	endfacet
	facet normal 0 0 -1
		outer loop
			vertex 0.97443282604218 0.93675410747528 0.16599999368191
			vertex 0.99513256549835 1.0042003393173 0.16599999368191
			vertex 1.0230230093002 1.0088346004486 0.16599999368191
		endloop
	endfacet
	facet normal 0 0 -1
		outer loop
			vertex 0.97443282604218 0.93675410747528 0.16599999368191
			vertex 1.0448758602142 0.9894540309906 0.16599999368191
			vertex 1.0446920394897 0.98842465877533 0.16599999368191
		endloop
	endfacet
	facet normal 0 0 -1
		outer loop
			vertex 0.97443282604218 0.93675410747528 0.16599999368191
			vertex 1.0446920394897 0.98842465877533 0.16599999368191
			vertex 1.0409046411514 0.98451751470566 0.16599999368191
		endloop
	endfacet
	facet normal 0 0 -1
		outer loop
			vertex 0.97443282604218 0.93675410747528 0.16599999368191
			vertex 1.0230230093002 1.0088346004486 0.16599999368191
			vertex 1.0448758602142 0.9894540309906 0.16599999368191
		endloop
	endfacet
	facet normal 0 -0 -1
		outer loop
			vertex 1.0446920394897 0.98842465877533 0.16599999368191
			vertex 1.0448716878891 0.98848456144333 0.16599999368191
			vertex 1.0409046411514 0.98451751470566 0.16599999368191
		endloop
	endfacet
	facet normal 0 0 -1
		outer loop
			vertex 0.99513256549835 1.0042003393173 0.16599999368191
			vertex 1.0091515779495 1.0203803777695 0.16599999368191
			vertex 1.0230230093002 1.0088346004486 0.16599999368191
		endloop
	endfacet
	facet normal 0 0 -1
		outer loop
			vertex 1.0091515779495 1.0203803777695 0.16599999368191
			vertex 1.0158083438873 1.0280616283417 0.16599999368191
			vertex 1.0200402736664 1.0238296985626 0.16599999368191
		endloop
	endfacet
	facet normal 0 0 -1
		outer loop
			vertex 1.0091515779495 1.0203803777695 0.16599999368191
			vertex 1.0200402736664 1.0238296985626 0.16599999368191
			vertex 1.0230230093002 1.0088346004486 0.16599999368191
		endloop
	endfacet
	facet normal 0 0 -1
		outer loop
			vertex 1.0448758602142 0.9894540309906 0.16599999368191
			vertex 1.0230230093002 1.0088346004486 0.16599999368191
			vertex 1.027860045433 1.0160100460052 0.16599999368191
		endloop
	endfacet
	facet normal 0.31622776601684 -0.94868329805051 0
		outer loop
			vertex 1.0363658666611 1.0520412921906 0
			vertex 1.2627882957458 1.1275154352188 0
			vertex 1.2627882957458 1.1275154352188 0.16599999368191
		endloop
	endfacet
	facet normal -0.31622676569475 0.94868363149063 0
		outer loop
			vertex 1.2219254970551 1.0475025177002 0
			vertex 1.2219254970551 1.0475025177002 0.16599999368191
			vertex 1.2897588014603 1.0701135396957 0
		endloop
	endfacet
	facet normal -0.94868329805051 -0.31622776601684 0
		outer loop
			vertex 1.2897588014603 1.0701135396957 0
			vertex 1.2897588014603 1.0701135396957 0.16599999368191
			vertex 1.2896447181702 1.070455789566 0
		endloop
	endfacet
	facet normal 0.31622776601684 -0.94868329805051 0
		outer loop
			vertex 1.0363658666611 1.0520412921906 0
			vertex 1.2627882957458 1.1275154352188 0.16599999368191
			vertex 1.0363658666611 1.0520412921906 0.16599999368191
		endloop
	endfacet
	facet normal -0.31622676569475 0.94868363149063 0
		outer loop
			vertex 1.2897588014603 1.0701135396957 0
			vertex 1.2219254970551 1.0475025177002 0.16599999368191
			vertex 1.2897588014603 1.0701135396957 0.16599999368191
		endloop
	endfacet
	facet normal -0.94868329805051 -0.31622776601684 0
		outer loop
			vertex 1.2896447181702 1.070455789566 0
			vertex 1.2897588014603 1.0701135396957 0.16599999368191
			vertex 1.2896447181702 1.070455789566 0.16599999368191
		endloop
	endfacet
	facet normal 0 0 -1
		outer loop
			vertex 1.0448758602142 0.9894540309906 0.16599999368191
			vertex 1.0448716878891 0.98848456144333 0.16599999368191
			vertex 1.0446920394897 0.98842465877533 0.16599999368191
		endloop
	endfacet
	facet normal 0 0 -1
		outer loop
			vertex 1.0214669704437 1.0470750331879 0.16599999368191
			vertex 1.0352944135666 1.0475025177002 0.16599999368191
			vertex 1.0216338634491 1.0462640523911 0.16599999368191
		endloop
	endfacet
	facet normal 0 0 -1
		outer loop
			vertex 1.027860045433 1.0160100460052 0.16599999368191
			vertex 1.0216338634491 1.0462640523911 0.16599999368191
			vertex 1.0352944135666 1.0475025177002 0.16599999368191
		endloop
	endfacet
	facet normal 0 0 -1
		outer loop
			vertex 1.0214669704437 1.0470750331879 0.16599999368191
			vertex 1.0363658666611 1.0520412921906 0.16599999368191
			vertex 1.0352944135666 1.0475025177002 0.16599999368191
		endloop
	endfacet
	facet normal 0 -0 -1
		outer loop
			vertex 1.0448758602142 0.9894540309906 0.16599999368191
			vertex 1.0459749698639 0.98885232210159 0.16599999368191
			vertex 1.0448716878891 0.98848456144333 0.16599999368191
		endloop
	endfacet
	facet normal 0 -0 -1
		outer loop
			vertex 1.0363658666611 1.0520412921906 0.16599999368191
			vertex 1.0959458351135 1.0475025177002 0.16599999368191
			vertex 1.0352944135666 1.0475025177002 0.16599999368191
		endloop
	endfacet
	facet normal 0 0 -1
		outer loop
			vertex 1.0363658666611 1.0520412921906 0.16599999368191
			vertex 1.2575191259384 1.1222401857376 0.16599999368191
			vertex 1.0959458351135 1.0475025177002 0.16599999368191
		endloop
	endfacet
	facet normal 0 0 -1
		outer loop
			vertex 1.1007564067841 1.0251220464706 0.16599999368191
			vertex 1.0959458351135 1.0475025177002 0.16599999368191
			vertex 1.257511138916 1.1222282648087 0.16599999368191
		endloop
	endfacet
	facet normal 0 0 -1
		outer loop
			vertex 1.1007564067841 1.0251220464706 0.16599999368191
			vertex 1.257511138916 1.1222282648087 0.16599999368191
			vertex 1.1278902292252 1.0285137891769 0.16599999368191
		endloop
	endfacet
	facet normal 0 0 -1
		outer loop
			vertex 1.0363658666611 1.0520412921906 0.16599999368191
			vertex 1.2627882957458 1.1275154352188 0.16599999368191
			vertex 1.2575969696045 1.1223022937775 0.16599999368191
		endloop
	endfacet
	facet normal 0 0 -1
		outer loop
			vertex 1.0363658666611 1.0520412921906 0.16599999368191
			vertex 1.2575969696045 1.1223022937775 0.16599999368191
			vertex 1.2575191259384 1.1222401857376 0.16599999368191
		endloop
	endfacet
	facet normal 0 0 -1
		outer loop
			vertex 1.1278902292252 1.0285137891769 0.16599999368191
			vertex 1.2553868293762 1.0885031223297 0.16599999368191
			vertex 1.2219254970551 1.0475025177002 0.16599999368191
		endloop
	endfacet
	facet normal 0 0 -1
		outer loop
			vertex 1.1278902292252 1.0285137891769 0.16599999368191
			vertex 1.257511138916 1.1222282648087 0.16599999368191
			vertex 1.2553868293762 1.0885031223297 0.16599999368191
		endloop
	endfacet
	facet normal 0 0 -1
		outer loop
			vertex 1.0959458351135 1.0475025177002 0.16599999368191
			vertex 1.2575191259384 1.1222401857376 0.16599999368191
			vertex 1.257511138916 1.1222282648087 0.16599999368191
		endloop
	endfacet
	facet normal 0 0 -1
		outer loop
			vertex 1.2219254970551 1.0475025177002 0.16599999368191
			vertex 1.2553868293762 1.0885031223297 0.16599999368191
			vertex 1.2896447181702 1.070455789566 0.16599999368191
		endloop
	endfacet
	facet normal 0 0 -1
		outer loop
			vertex 1.2219254970551 1.0475025177002 0.16599999368191
			vertex 1.2896447181702 1.070455789566 0.16599999368191
			vertex 1.2897588014603 1.0701135396957 0.16599999368191
		endloop
	endfacet
	facet normal -0 0 -1
		outer loop
			vertex 1.2575341463089 1.1222449541092 0.16599999368191
			vertex 1.2575191259384 1.1222401857376 0.16599999368191
			vertex 1.2575969696045 1.1223022937775 0.16599999368191
		endloop
	endfacet
	facet normal 0 0 -1
		outer loop
			vertex 1.2553868293762 1.0885031223297 0.16599999368191
			vertex 1.2798000574112 1.0999900102615 0.16599999368191
			vertex 1.2896447181702 1.070455789566 0.16599999368191
		endloop
	endfacet
	facet normal -0.70710678118655 0.70710678118655 0
		outer loop
			vertex 1.3020685911179 1.0777214765549 0
			vertex 1.3020685911179 1.0777214765549 0.16599999368191
			vertex 1.3860485553741 1.1617014408112 0
		endloop
	endfacet
	facet normal 0.70710678118655 -0.70710678118655 0
		outer loop
			vertex 1.2627882957458 1.1275154352188 0
			vertex 1.3192428350449 1.1839699745178 0
			vertex 1.3192428350449 1.1839699745178 0.16599999368191
		endloop
	endfacet
	facet normal 0.70710678118655 -0.70710678118655 0
		outer loop
			vertex 1.2627882957458 1.1275154352188 0
			vertex 1.3192428350449 1.1839699745178 0.16599999368191
			vertex 1.2627882957458 1.1275154352188 0.16599999368191
		endloop
	endfacet
	facet normal -0.70710678118655 0.70710678118655 0
		outer loop
			vertex 1.3860485553741 1.1617014408112 0
			vertex 1.3020685911179 1.0777214765549 0.16599999368191
			vertex 1.3860485553741 1.1617014408112 0.16599999368191
		endloop
	endfacet
	facet normal 0 0 -1
		outer loop
			vertex 1.2575969696045 1.1223022937775 0.16599999368191
			vertex 1.2627882957458 1.1275154352188 0.16599999368191
			vertex 1.2677483558655 1.1194900274277 0.16599999368191
		endloop
	endfacet
	facet normal 0 0 -1
		outer loop
			vertex 1.2627882957458 1.1275154352188 0.16599999368191
			vertex 1.2930883169174 1.1228684186935 0.16599999368191
			vertex 1.2677483558655 1.1194900274277 0.16599999368191
		endloop
	endfacet
	facet normal 0 0 -1
		outer loop
			vertex 1.2677483558655 1.1194900274277 0.16599999368191
			vertex 1.2930883169174 1.1228684186935 0.16599999368191
			vertex 1.2798000574112 1.0999900102615 0.16599999368191
		endloop
	endfacet
	facet normal 0 0 -1
		outer loop
			vertex 1.3020685911179 1.0777214765549 0.16599999368191
			vertex 1.2930883169174 1.1228684186935 0.16599999368191
			vertex 1.3860485553741 1.1617014408112 0.16599999368191
		endloop
	endfacet
	facet normal 0 0 -1
		outer loop
			vertex 1.2627882957458 1.1275154352188 0.16599999368191
			vertex 1.3192428350449 1.1839699745178 0.16599999368191
			vertex 1.2930883169174 1.1228684186935 0.16599999368191
		endloop
	endfacet
	facet normal 0 0 -1
		outer loop
			vertex 1.2930883169174 1.1228684186935 0.16599999368191
			vertex 1.3192428350449 1.1839699745178 0.16599999368191
			vertex 1.3265248537064 1.1804361343384 0.16599999368191
		endloop
	endfacet
	facet normal 0 0 -1
		outer loop
			vertex 1.2930883169174 1.1228684186935 0.16599999368191
			vertex 1.3265248537064 1.1804361343384 0.16599999368191
			vertex 1.331632733345 1.1740508079529 0.16599999368191
		endloop
	endfacet
	facet normal 0 0 -1
		outer loop
			vertex 1.2930883169174 1.1228684186935 0.16599999368191
			vertex 1.331632733345 1.1740508079529 0.16599999368191
			vertex 1.3599355220795 1.1878144741058 0.16599999368191
		endloop
	endfacet
	facet normal 0 0 -1
		outer loop
			vertex 1.331632733345 1.1740508079529 0.16599999368191
			vertex 1.3379091024399 1.194501042366 0.16599999368191
			vertex 1.3599355220795 1.1878144741058 0.16599999368191
		endloop
	endfacet
	facet normal 0 0 -1
		outer loop
			vertex 1.2930883169174 1.1228684186935 0.16599999368191
			vertex 1.3599355220795 1.1878144741058 0.16599999368191
			vertex 1.3860485553741 1.1617014408112 0.16599999368191
		endloop
	endfacet
	facet normal 0.70710678118655 0.70710678118655 -0
		outer loop
			vertex 1.2667553424835 1.2364574670792 0
			vertex 1.2667553424835 1.2364574670792 0.16599999368191
			vertex 1.3192428350449 1.1839699745178 0
		endloop
	endfacet
	facet normal -0.70710728305392 -0.70710627931882 0
		outer loop
			vertex 1.3020685911179 1.2902185916901 0
			vertex 1.3860485553741 1.2062385082245 0
			vertex 1.3860485553741 1.2062385082245 0.16599999368191
		endloop
	endfacet
	facet normal 0.70710678118655 0.70710678118655 -0
		outer loop
			vertex 1.3192428350449 1.1839699745178 0
			vertex 1.2667553424835 1.2364574670792 0.16599999368191
			vertex 1.3192428350449 1.1839699745178 0.16599999368191
		endloop
	endfacet
	facet normal -0.70710728305392 -0.70710627931882 0
		outer loop
			vertex 1.3020685911179 1.2902185916901 0
			vertex 1.3860485553741 1.2062385082245 0.16599999368191
			vertex 1.3020685911179 1.2902185916901 0.16599999368191
		endloop
	endfacet
	facet normal 0 0 -1
		outer loop
			vertex 1.3265248537064 1.1804361343384 0.16599999368191
			vertex 1.3379091024399 1.194501042366 0.16599999368191
			vertex 1.331632733345 1.1740508079529 0.16599999368191
		endloop
	endfacet
	facet normal 0 0 -1
		outer loop
			vertex 1.2667553424835 1.2364574670792 0.16599999368191
			vertex 1.279341340065 1.2387630939484 0.16599999368191
			vertex 1.3192428350449 1.1839699745178 0.16599999368191
		endloop
	endfacet
	facet normal 0 0 -1
		outer loop
			vertex 1.279341340065 1.2387630939484 0.16599999368191
			vertex 1.2798000574112 1.2388470172882 0.16599999368191
			vertex 1.3192428350449 1.1839699745178 0.16599999368191
		endloop
	endfacet
	facet normal 0 0 -1
		outer loop
			vertex 1.2798000574112 1.2388470172882 0.16599999368191
			vertex 1.3265248537064 1.1804361343384 0.16599999368191
			vertex 1.3192428350449 1.1839699745178 0.16599999368191
		endloop
	endfacet
	facet normal 0 0 -1
		outer loop
			vertex 1.2798000574112 1.2388470172882 0.16599999368191
			vertex 1.3379091024399 1.194501042366 0.16599999368191
			vertex 1.3265248537064 1.1804361343384 0.16599999368191
		endloop
	endfacet
	facet normal 0 0 -1
		outer loop
			vertex 1.2798000574112 1.2388470172882 0.16599999368191
			vertex 1.3637800216675 1.2130728960037 0.16599999368191
			vertex 1.3379091024399 1.194501042366 0.16599999368191
		endloop
	endfacet
	facet normal 0 0 -1
		outer loop
			vertex 1.2798000574112 1.2388470172882 0.16599999368191
			vertex 1.2798000574112 1.2579972743988 0.16599999368191
			vertex 1.3637800216675 1.2130728960037 0.16599999368191
		endloop
	endfacet
	facet normal 0 0 -1
		outer loop
			vertex 1.2870000600815 1.2632451057434 0.16599999368191
			vertex 1.2850250005722 1.2731750011444 0.16599999368191
			vertex 1.3637800216675 1.2130728960037 0.16599999368191
		endloop
	endfacet
	facet normal 0 0 -1
		outer loop
			vertex 1.2798000574112 1.2579972743988 0.16599999368191
			vertex 1.2870000600815 1.2632451057434 0.16599999368191
			vertex 1.3637800216675 1.2130728960037 0.16599999368191
		endloop
	endfacet
	facet normal 0 0 -1
		outer loop
			vertex 1.2850250005722 1.2731750011444 0.16599999368191
			vertex 1.3020685911179 1.2902185916901 0.16599999368191
			vertex 1.3637800216675 1.2130728960037 0.16599999368191
		endloop
	endfacet
	facet normal 0 0 -1
		outer loop
			vertex 1.3599355220795 1.1878144741058 0.16599999368191
			vertex 1.3379091024399 1.194501042366 0.16599999368191
			vertex 1.3637800216675 1.2130728960037 0.16599999368191
		endloop
	endfacet
	facet normal 0 0 -1
		outer loop
			vertex 1.3020685911179 1.2902185916901 0.16599999368191
			vertex 1.3860485553741 1.2062385082245 0.16599999368191
			vertex 1.3637800216675 1.2130728960037 0.16599999368191
		endloop
	endfacet
	facet normal 0 1 0
		outer loop
			vertex 1.0409046411514 1.2364574670792 0
			vertex 1.0409046411514 1.2364574670792 0.16599999368191
			vertex 1.2667553424835 1.2364574670792 0
		endloop
	endfacet
	facet normal 0 -1 0
		outer loop
			vertex 1.027860045433 1.2994425296783 0
			vertex 1.2798000574112 1.2994425296783 0
			vertex 1.2798000574112 1.2994425296783 0.16599999368191
		endloop
	endfacet
	facet normal 0 -1 0
		outer loop
			vertex 1.027860045433 1.2994425296783 0
			vertex 1.2798000574112 1.2994425296783 0.16599999368191
			vertex 1.027860045433 1.2994425296783 0.16599999368191
		endloop
	endfacet
	facet normal 0 1 -0
		outer loop
			vertex 1.2667553424835 1.2364574670792 0
			vertex 1.0409046411514 1.2364574670792 0.16599999368191
			vertex 1.2667553424835 1.2364574670792 0.16599999368191
		endloop
	endfacet
	facet normal 0 0 -1
		outer loop
			vertex 1.0409046411514 1.2364574670792 0.16599999368191
			vertex 1.0452527999878 1.2408057451248 0.16599999368191
			vertex 1.2667553424835 1.2364574670792 0.16599999368191
		endloop
	endfacet
	facet normal 0 0 -1
		outer loop
			vertex 1.0452527999878 1.2408057451248 0.16599999368191
			vertex 1.027860045433 1.2679500579834 0.16599999368191
			vertex 1.2798000574112 1.2994425296783 0.16599999368191
		endloop
	endfacet
	facet normal 0 0 -1
		outer loop
			vertex 1.027860045433 1.2679500579834 0.16599999368191
			vertex 1.027860045433 1.2790087461472 0.16599999368191
			vertex 1.2798000574112 1.2994425296783 0.16599999368191
		endloop
	endfacet
	facet normal 0 0 -1
		outer loop
			vertex 1.027860045433 1.2790087461472 0.16599999368191
			vertex 1.027860045433 1.2994425296783 0.16599999368191
			vertex 1.2798000574112 1.2994425296783 0.16599999368191
		endloop
	endfacet
	facet normal 0 0 -1
		outer loop
			vertex 1.0452527999878 1.2408057451248 0.16599999368191
			vertex 1.2798000574112 1.2579972743988 0.16599999368191
			vertex 1.2667553424835 1.2364574670792 0.16599999368191
		endloop
	endfacet
	facet normal 0 0 -1
		outer loop
			vertex 1.0452527999878 1.2408057451248 0.16599999368191
			vertex 1.2798000574112 1.2994425296783 0.16599999368191
			vertex 1.2798000574112 1.2579972743988 0.16599999368191
		endloop
	endfacet
	facet normal 0 0 -1
		outer loop
			vertex 1.2667553424835 1.2364574670792 0.16599999368191
			vertex 1.2798000574112 1.2579972743988 0.16599999368191
			vertex 1.279341340065 1.2387630939484 0.16599999368191
		endloop
	endfacet
	facet normal 0.55556407366285 -0.83147372782015 0
		outer loop
			vertex 1.0055913925171 1.2902185916901 0
			vertex 1.0158083438873 1.2970452308655 0
			vertex 1.0158083438873 1.2970452308655 0.16599999368191
		endloop
	endfacet
	facet normal 0.55556407366285 -0.83147372782015 0
		outer loop
			vertex 1.0055913925171 1.2902185916901 0
			vertex 1.0158083438873 1.2970452308655 0.16599999368191
			vertex 1.0055913925171 1.2902185916901 0.16599999368191
		endloop
	endfacet
	facet normal 0 0 -1
		outer loop
			vertex 1.0055913925171 1.2902185916901 0.16599999368191
			vertex 1.0158083438873 1.2970452308655 0.16599999368191
			vertex 1.0158083438873 1.2800016403198 0.16599999368191
		endloop
	endfacet
	facet normal 0 0 -1
		outer loop
			vertex 1.0200402736664 1.2757697105408 0.16599999368191
			vertex 1.027860045433 1.2790087461472 0.16599999368191
			vertex 1.027860045433 1.2679500579834 0.16599999368191
		endloop
	endfacet
	facet normal 0.98078517571771 -0.19509084830505 0
		outer loop
			vertex 0.91238749027252 1.1839699745178 0
			vertex 0.91478472948074 1.1960216760635 0
			vertex 0.91478472948074 1.1960216760635 0.16599999368191
		endloop
	endfacet
	facet normal 0.83146849265168 -0.55557190869188 0
		outer loop
			vertex 0.9216114282608 1.2062385082245 0
			vertex 0.9216114282608 1.2062385082245 0.16599999368191
			vertex 0.91478472948074 1.1960216760635 0
		endloop
	endfacet
	facet normal 0.98078517571771 -0.19509084830505 0
		outer loop
			vertex 0.91238749027252 1.1839699745178 0
			vertex 0.91478472948074 1.1960216760635 0.16599999368191
			vertex 0.91238749027252 1.1839699745178 0.16599999368191
		endloop
	endfacet
	facet normal 0.83146849265168 -0.55557190869188 0
		outer loop
			vertex 0.91478472948074 1.1960216760635 0
			vertex 0.9216114282608 1.2062385082245 0.16599999368191
			vertex 0.91478472948074 1.1960216760635 0.16599999368191
		endloop
	endfacet
	facet normal 0 0 -1
		outer loop
			vertex 0.91238749027252 1.1839699745178 0.16599999368191
			vertex 0.9216114282608 1.2062385082245 0.16599999368191
			vertex 0.9318283200264 1.1580488681793 0.16599999368191
		endloop
	endfacet
	facet normal 0 0 -1
		outer loop
			vertex 0.9318283200264 1.1580488681793 0.16599999368191
			vertex 0.9216114282608 1.2062385082245 0.16599999368191
			vertex 0.93761575222015 1.1839699745178 0.16599999368191
		endloop
	endfacet
	facet normal 0 -0 -1
		outer loop
			vertex 0.94228768348694 1.1855623722076 0.16599999368191
			vertex 0.97298294305801 1.1839699745178 0.16599999368191
			vertex 0.93761575222015 1.1839699745178 0.16599999368191
		endloop
	endfacet
	facet normal 0 0 -1
		outer loop
			vertex 0.91238749027252 1.1839699745178 0.16599999368191
			vertex 0.91478472948074 1.1960216760635 0.16599999368191
			vertex 0.9216114282608 1.2062385082245 0.16599999368191
		endloop
	endfacet
	facet normal -0 0 -1
		outer loop
			vertex 0.94228768348694 1.1855623722076 0.16599999368191
			vertex 0.93761575222015 1.1839699745178 0.16599999368191
			vertex 0.9216114282608 1.2062385082245 0.16599999368191
		endloop
	endfacet
	facet normal 0.83146849265168 0.55557190869188 -0
		outer loop
			vertex 0.91478472948074 1.0879383087158 0
			vertex 0.91478472948074 1.0879383087158 0.16599999368191
			vertex 0.9216114282608 1.0777214765549 0
		endloop
	endfacet
	facet normal 0.98078517571771 0.19509084830505 0
		outer loop
			vertex 0.91478472948074 1.0879383087158 0
			vertex 0.91238749027252 1.0999900102615 0
			vertex 0.91238749027252 1.0999900102615 0.16599999368191
		endloop
	endfacet
	facet normal 0.83146849265168 0.55557190869188 -0
		outer loop
			vertex 0.9216114282608 1.0777214765549 0
			vertex 0.91478472948074 1.0879383087158 0.16599999368191
			vertex 0.9216114282608 1.0777214765549 0.16599999368191
		endloop
	endfacet
	facet normal 0.98078517571771 0.19509084830505 -0
		outer loop
			vertex 0.91478472948074 1.0879383087158 0
			vertex 0.91238749027252 1.0999900102615 0.16599999368191
			vertex 0.91478472948074 1.0879383087158 0.16599999368191
		endloop
	endfacet
	facet normal 0 0 -1
		outer loop
			vertex 0.91478472948074 1.0879383087158 0.16599999368191
			vertex 0.91238749027252 1.0999900102615 0.16599999368191
			vertex 0.9216114282608 1.0777214765549 0.16599999368191
		endloop
	endfacet
	facet normal 0 0 -1
		outer loop
			vertex 0.9216114282608 1.0777214765549 0.16599999368191
			vertex 0.91238749027252 1.0999900102615 0.16599999368191
			vertex 0.94388002157211 1.0999900102615 0.16599999368191
		endloop
	endfacet
	facet normal 0 0 -1
		outer loop
			vertex 0.95194488763809 1.1080548763275 0.16599999368191
			vertex 0.95593166351318 1.1259111166 0.16599999368191
			vertex 0.96187573671341 1.1179857254028 0.16599999368191
		endloop
	endfacet
	facet normal -0.55556407366285 -0.83147372782015 0
		outer loop
			vertex 1.2918516397476 1.0451052188873 0
			vertex 1.3020685911179 1.0382785797119 0
			vertex 1.3020685911179 1.0382785797119 0.16599999368191
		endloop
	endfacet
	facet normal -0.1950973707424 -0.98078387829807 0
		outer loop
			vertex 1.2798000574112 1.0475025177002 0
			vertex 1.2918516397476 1.0451052188873 0
			vertex 1.2918516397476 1.0451052188873 0.16599999368191
		endloop
	endfacet
	facet normal -0.1950973707424 -0.98078387829807 0
		outer loop
			vertex 1.2798000574112 1.0475025177002 0
			vertex 1.2918516397476 1.0451052188873 0.16599999368191
			vertex 1.2798000574112 1.0475025177002 0.16599999368191
		endloop
	endfacet
	facet normal -0.55556407366285 -0.83147372782015 0
		outer loop
			vertex 1.2918516397476 1.0451052188873 0
			vertex 1.3020685911179 1.0382785797119 0.16599999368191
			vertex 1.2918516397476 1.0451052188873 0.16599999368191
		endloop
	endfacet
	facet normal 0 0 -1
		outer loop
			vertex 1.2798000574112 0.9869070649147 0.16599999368191
			vertex 1.2798000574112 1.0475025177002 0.16599999368191
			vertex 1.2850250005722 1.0212349891663 0.16599999368191
		endloop
	endfacet
	facet normal 0 0 -1
		outer loop
			vertex 1.2850250005722 1.0212349891663 0.16599999368191
			vertex 1.2798000574112 1.0475025177002 0.16599999368191
			vertex 1.2918516397476 1.0451052188873 0.16599999368191
		endloop
	endfacet
	facet normal 0 0 -1
		outer loop
			vertex 1.2850250005722 1.0212349891663 0.16599999368191
			vertex 1.2918516397476 1.0451052188873 0.16599999368191
			vertex 1.3020685911179 1.0382785797119 0.16599999368191
		endloop
	endfacet
	facet normal -0.9807859192408 -0.19508711033531 0
		outer loop
			vertex 1.3928753137589 0.94408166408539 0
			vertex 1.3952724933624 0.93203002214432 0
			vertex 1.3952724933624 0.93203002214432 0.16599999368191
		endloop
	endfacet
	facet normal -0.8314677491298 -0.55557302144455 0
		outer loop
			vertex 1.3860485553741 0.95429855585098 0
			vertex 1.3928753137589 0.94408166408539 0
			vertex 1.3928753137589 0.94408166408539 0.16599999368191
		endloop
	endfacet
	facet normal -0.9807859192408 -0.19508711033531 0
		outer loop
			vertex 1.3928753137589 0.94408166408539 0
			vertex 1.3952724933624 0.93203002214432 0.16599999368191
			vertex 1.3928753137589 0.94408166408539 0.16599999368191
		endloop
	endfacet
	facet normal -0.8314677491298 -0.55557302144455 0
		outer loop
			vertex 1.3860485553741 0.95429855585098 0
			vertex 1.3928753137589 0.94408166408539 0.16599999368191
			vertex 1.3860485553741 0.95429855585098 0.16599999368191
		endloop
	endfacet
	facet normal 0 0 -1
		outer loop
			vertex 1.3517283201218 0.90610885620117 0.16599999368191
			vertex 1.3457843065262 0.91403430700302 0.16599999368191
			vertex 1.3557151556015 0.92396509647369 0.16599999368191
		endloop
	endfacet
	facet normal 0 0 -1
		outer loop
			vertex 1.3637800216675 0.93203002214432 0.16599999368191
			vertex 1.3860485553741 0.95429855585098 0.16599999368191
			vertex 1.3952724933624 0.93203002214432 0.16599999368191
		endloop
	endfacet
	facet normal 0 0 -1
		outer loop
			vertex 1.3860485553741 0.95429855585098 0.16599999368191
			vertex 1.3928753137589 0.94408166408539 0.16599999368191
			vertex 1.3952724933624 0.93203002214432 0.16599999368191
		endloop
	endfacet
	facet normal -0.55557142667452 0.83146881472659 0
		outer loop
			vertex 1.3777025938034 0.82020485401154 0
			vertex 1.3777025938034 0.82020485401154 0.16599999368191
			vertex 1.3860485553741 0.82578146457672 0
		endloop
	endfacet
	facet normal -0.8314677491298 0.55557302144455 0
		outer loop
			vertex 1.3860485553741 0.82578146457672 0
			vertex 1.3860485553741 0.82578146457672 0.16599999368191
			vertex 1.3928753137589 0.83599835634232 0
		endloop
	endfacet
	facet normal -0.9807859192408 0.19508711033531 0
		outer loop
			vertex 1.3928753137589 0.83599835634232 0
			vertex 1.3928753137589 0.83599835634232 0.16599999368191
			vertex 1.3952724933624 0.84804999828339 0
		endloop
	endfacet
	facet normal -0.55557142667452 0.83146881472659 0
		outer loop
			vertex 1.3860485553741 0.82578146457672 0
			vertex 1.3777025938034 0.82020485401154 0.16599999368191
			vertex 1.3860485553741 0.82578146457672 0.16599999368191
		endloop
	endfacet
	facet normal -0.8314677491298 0.55557302144455 0
		outer loop
			vertex 1.3928753137589 0.83599835634232 0
			vertex 1.3860485553741 0.82578146457672 0.16599999368191
			vertex 1.3928753137589 0.83599835634232 0.16599999368191
		endloop
	endfacet
	facet normal -0.9807859192408 0.19508711033531 0
		outer loop
			vertex 1.3952724933624 0.84804999828339 0
			vertex 1.3928753137589 0.83599835634232 0.16599999368191
			vertex 1.3952724933624 0.84804999828339 0.16599999368191
		endloop
	endfacet
	facet normal 0 -0 -1
		outer loop
			vertex 1.3337073326111 0.84804999828339 0.16599999368191
			vertex 1.3646920919418 0.84622579813004 0.16599999368191
			vertex 1.3326559066772 0.84619772434235 0.16599999368191
		endloop
	endfacet
	facet normal 0 0 -1
		outer loop
			vertex 1.3337073326111 0.84804999828339 0.16599999368191
			vertex 1.3700442314148 0.84804999828339 0.16599999368191
			vertex 1.3646920919418 0.84622579813004 0.16599999368191
		endloop
	endfacet
	facet normal 0 0 -1
		outer loop
			vertex 1.3646920919418 0.84622579813004 0.16599999368191
			vertex 1.3700442314148 0.84804999828339 0.16599999368191
			vertex 1.3777025938034 0.82020485401154 0.16599999368191
		endloop
	endfacet
	facet normal 0 0 -1
		outer loop
			vertex 1.3777025938034 0.82020485401154 0.16599999368191
			vertex 1.3758316040039 0.87397110462189 0.16599999368191
			vertex 1.3860485553741 0.82578146457672 0.16599999368191
		endloop
	endfacet
	facet normal 0 0 -1
		outer loop
			vertex 1.3777025938034 0.82020485401154 0.16599999368191
			vertex 1.3700442314148 0.84804999828339 0.16599999368191
			vertex 1.3758316040039 0.87397110462189 0.16599999368191
		endloop
	endfacet
	facet normal 0 0 -1
		outer loop
			vertex 1.3860485553741 0.82578146457672 0.16599999368191
			vertex 1.3952724933624 0.84804999828339 0.16599999368191
			vertex 1.3928753137589 0.83599835634232 0.16599999368191
		endloop
	endfacet
	facet normal 0 0 -1
		outer loop
			vertex 1.3860485553741 0.82578146457672 0.16599999368191
			vertex 1.3758316040039 0.87397110462189 0.16599999368191
			vertex 1.3952724933624 0.84804999828339 0.16599999368191
		endloop
	endfacet
	facet normal -0.19509270461488 0.98078480647186 0
		outer loop
			vertex 1.2798000574112 0.77456748485565 0
			vertex 1.2798000574112 0.77456748485565 0.16599999368191
			vertex 1.2918516397476 0.77696472406387 0
		endloop
	endfacet
	facet normal -0.55554958617315 0.83148340771349 0
		outer loop
			vertex 1.2918516397476 0.77696472406387 0
			vertex 1.2918516397476 0.77696472406387 0.16599999368191
			vertex 1.2937226295471 0.77821481227875 0
		endloop
	endfacet
	facet normal -0.19509270461488 0.98078480647186 0
		outer loop
			vertex 1.2918516397476 0.77696472406387 0
			vertex 1.2798000574112 0.77456748485565 0.16599999368191
			vertex 1.2918516397476 0.77696472406387 0.16599999368191
		endloop
	endfacet
	facet normal -0.55554958617315 0.83148340771349 0
		outer loop
			vertex 1.2937226295471 0.77821481227875 0
			vertex 1.2918516397476 0.77696472406387 0.16599999368191
			vertex 1.2937226295471 0.77821481227875 0.16599999368191
		endloop
	endfacet
	facet normal 0 0 -1
		outer loop
			vertex 1.2798000574112 0.77456748485565 0.16599999368191
			vertex 1.2798000574112 0.80606001615524 0.16599999368191
			vertex 1.2918516397476 0.78195667266846 0.16599999368191
		endloop
	endfacet
	facet normal 0 0 -1
		outer loop
			vertex 1.2798000574112 0.77456748485565 0.16599999368191
			vertex 1.2918516397476 0.78195667266846 0.16599999368191
			vertex 1.2918516397476 0.77696472406387 0.16599999368191
		endloop
	endfacet
	facet normal 0 0 -1
		outer loop
			vertex 1.2918516397476 0.78195667266846 0.16599999368191
			vertex 1.3008135557175 0.79010051488876 0.16599999368191
			vertex 1.2942774295807 0.77858555316925 0.16599999368191
		endloop
	endfacet
	facet normal 0 0 -1
		outer loop
			vertex 1.2918516397476 0.78195667266846 0.16599999368191
			vertex 1.2942774295807 0.77858555316925 0.16599999368191
			vertex 1.2937226295471 0.77821481227875 0.16599999368191
		endloop
	endfacet
	facet normal 0 0 -1
		outer loop
			vertex 1.2918516397476 0.78195667266846 0.16599999368191
			vertex 1.2937226295471 0.77821481227875 0.16599999368191
			vertex 1.2918516397476 0.77696472406387 0.16599999368191
		endloop
	endfacet
	facet normal 0.19509084830505 0.98078517571771 -0
		outer loop
			vertex 1.0158083438873 0.77696472406387 0
			vertex 1.0158083438873 0.77696472406387 0.16599999368191
			vertex 1.027860045433 0.77456748485565 0
		endloop
	endfacet
	facet normal 0.55557405896653 0.83146705587381 -0
		outer loop
			vertex 1.0139374732971 0.77821481227875 0
			vertex 1.0139374732971 0.77821481227875 0.16599999368191
			vertex 1.0158083438873 0.77696472406387 0
		endloop
	endfacet
	facet normal 0.19509084830505 0.98078517571771 -0
		outer loop
			vertex 1.027860045433 0.77456748485565 0
			vertex 1.0158083438873 0.77696472406387 0.16599999368191
			vertex 1.027860045433 0.77456748485565 0.16599999368191
		endloop
	endfacet
	facet normal 0.55557405896653 0.83146705587381 -0
		outer loop
			vertex 1.0158083438873 0.77696472406387 0
			vertex 1.0139374732971 0.77821481227875 0.16599999368191
			vertex 1.0158083438873 0.77696472406387 0.16599999368191
		endloop
	endfacet
	facet normal 0 0 -1
		outer loop
			vertex 1.0158083438873 0.78195667266846 0.16599999368191
			vertex 1.027860045433 0.80606001615524 0.16599999368191
			vertex 1.027860045433 0.77456748485565 0.16599999368191
		endloop
	endfacet
	facet normal 0 -0 -1
		outer loop
			vertex 1.0158083438873 0.78195667266846 0.16599999368191
			vertex 1.0158083438873 0.77696472406387 0.16599999368191
			vertex 1.0150979757309 0.78053593635559 0.16599999368191
		endloop
	endfacet
	facet normal 0 -0 -1
		outer loop
			vertex 1.0150979757309 0.78053593635559 0.16599999368191
			vertex 1.0158083438873 0.77696472406387 0.16599999368191
			vertex 1.0139374732971 0.77821481227875 0.16599999368191
		endloop
	endfacet
	facet normal 0 0 -1
		outer loop
			vertex 1.0158083438873 0.78195667266846 0.16599999368191
			vertex 1.027860045433 0.77456748485565 0.16599999368191
			vertex 1.0158083438873 0.77696472406387 0.16599999368191
		endloop
	endfacet
	facet normal -0 0 -1
		outer loop
			vertex 1.0158083438873 0.78195667266846 0.16599999368191
			vertex 1.0150979757309 0.78053593635559 0.16599999368191
			vertex 1.0158083438873 0.83088457584381 0.16599999368191
		endloop
	endfacet
	facet normal 0.55557142667452 0.83146881472659 -0
		outer loop
			vertex 0.9216114282608 0.82578146457672 0
			vertex 0.9216114282608 0.82578146457672 0.16599999368191
			vertex 0.92995738983154 0.82020485401154 0
		endloop
	endfacet
	facet normal 0.9807849910961 0.19509177645563 0
		outer loop
			vertex 0.91478472948074 0.83599835634232 0
			vertex 0.91238749027252 0.84804999828339 0
			vertex 0.91238749027252 0.84804999828339 0.16599999368191
		endloop
	endfacet
	facet normal 0.83146998987841 0.55556966793697 0
		outer loop
			vertex 0.9216114282608 0.82578146457672 0
			vertex 0.91478472948074 0.83599835634232 0
			vertex 0.91478472948074 0.83599835634232 0.16599999368191
		endloop
	endfacet
	facet normal 0.55557142667452 0.83146881472659 -0
		outer loop
			vertex 0.92995738983154 0.82020485401154 0
			vertex 0.9216114282608 0.82578146457672 0.16599999368191
			vertex 0.92995738983154 0.82020485401154 0.16599999368191
		endloop
	endfacet
	facet normal 0.9807849910961 0.19509177645563 -0
		outer loop
			vertex 0.91478472948074 0.83599835634232 0
			vertex 0.91238749027252 0.84804999828339 0.16599999368191
			vertex 0.91478472948074 0.83599835634232 0.16599999368191
		endloop
	endfacet
	facet normal 0.83146998987841 0.55556966793697 -0
		outer loop
			vertex 0.9216114282608 0.82578146457672 0
			vertex 0.91478472948074 0.83599835634232 0.16599999368191
			vertex 0.9216114282608 0.82578146457672 0.16599999368191
		endloop
	endfacet
	facet normal 0 0 -1
		outer loop
			vertex 0.91478472948074 0.83599835634232 0.16599999368191
			vertex 0.91238749027252 0.84804999828339 0.16599999368191
			vertex 0.93987113237381 0.84003233909607 0.16599999368191
		endloop
	endfacet
	facet normal 0 0 -1
		outer loop
			vertex 0.9216114282608 0.82578146457672 0.16599999368191
			vertex 0.91478472948074 0.83599835634232 0.16599999368191
			vertex 0.93987113237381 0.84003233909607 0.16599999368191
		endloop
	endfacet
	facet normal 0 0 -1
		outer loop
			vertex 0.9216114282608 0.82578146457672 0.16599999368191
			vertex 0.93987113237381 0.84003233909607 0.16599999368191
			vertex 0.92995738983154 0.82020485401154 0.16599999368191
		endloop
	endfacet
	facet normal 0 0 -1
		outer loop
			vertex 0.91238749027252 0.84804999828339 0.16599999368191
			vertex 0.94388002157211 0.84804999828339 0.16599999368191
			vertex 0.93987113237381 0.84003233909607 0.16599999368191
		endloop
	endfacet
	facet normal 0 0 -1
		outer loop
			vertex 0.92995738983154 0.82020485401154 0.16599999368191
			vertex 0.93987113237381 0.84003233909607 0.16599999368191
			vertex 0.93033671379089 0.81995141506195 0.16599999368191
		endloop
	endfacet
	facet normal 0 0 -1
		outer loop
			vertex 0.93033671379089 0.81995141506195 0.16599999368191
			vertex 0.93987113237381 0.84003233909607 0.16599999368191
			vertex 0.93264132738113 0.82024621963501 0.16599999368191
		endloop
	endfacet
	facet normal 0 0 -1
		outer loop
			vertex 0.95510321855545 0.82311946153641 0.16599999368191
			vertex 0.95620232820511 0.87269461154938 0.16599999368191
			vertex 0.96383649110794 0.82423657178879 0.16599999368191
		endloop
	endfacet
	facet normal 0 0 -1
		outer loop
			vertex 0.95510321855545 0.82311946153641 0.16599999368191
			vertex 0.95593166351318 0.87397110462189 0.16599999368191
			vertex 0.95620232820511 0.87269461154938 0.16599999368191
		endloop
	endfacet
	facet normal 0 0 -1
		outer loop
			vertex 0.95510321855545 0.82311946153641 0.16599999368191
			vertex 0.95519834756851 0.87068670988083 0.16599999368191
			vertex 0.95593166351318 0.87397110462189 0.16599999368191
		endloop
	endfacet
	facet normal 0 0 -1
		outer loop
			vertex 0.95593166351318 0.87397110462189 0.16599999368191
			vertex 0.95647698640823 0.87324398756027 0.16599999368191
			vertex 0.95620232820511 0.87269461154938 0.16599999368191
		endloop
	endfacet
	facet normal 0.9807849910961 -0.19509177645563 0
		outer loop
			vertex 0.91238749027252 0.93203002214432 0
			vertex 0.91478472948074 0.94408166408539 0
			vertex 0.91478472948074 0.94408166408539 0.16599999368191
		endloop
	endfacet
	facet normal 0.83146998987841 -0.55556966793697 0
		outer loop
			vertex 0.91478472948074 0.94408166408539 0
			vertex 0.9216114282608 0.95429855585098 0
			vertex 0.9216114282608 0.95429855585098 0.16599999368191
		endloop
	endfacet
	facet normal 0.9807849910961 -0.19509177645563 0
		outer loop
			vertex 0.91238749027252 0.93203002214432 0
			vertex 0.91478472948074 0.94408166408539 0.16599999368191
			vertex 0.91238749027252 0.93203002214432 0.16599999368191
		endloop
	endfacet
	facet normal 0.83146998987841 -0.55556966793697 0
		outer loop
			vertex 0.91478472948074 0.94408166408539 0
			vertex 0.9216114282608 0.95429855585098 0.16599999368191
			vertex 0.91478472948074 0.94408166408539 0.16599999368191
		endloop
	endfacet
	facet normal 0 0 -1
		outer loop
			vertex 0.91238749027252 0.93203002214432 0.16599999368191
			vertex 0.91478472948074 0.94408166408539 0.16599999368191
			vertex 0.91478472948074 0.92883372306824 0.16599999368191
		endloop
	endfacet
	facet normal 0 0 -1
		outer loop
			vertex 0.91238749027252 0.93203002214432 0.16599999368191
			vertex 0.91478472948074 0.92883372306824 0.16599999368191
			vertex 0.91478472948074 0.92669802904129 0.16599999368191
		endloop
	endfacet
	facet normal 0 0 -1
		outer loop
			vertex 0.9318283200264 0.90610885620117 0.16599999368191
			vertex 0.91478472948074 0.94408166408539 0.16599999368191
			vertex 0.9216114282608 0.95429855585098 0.16599999368191
		endloop
	endfacet
	facet normal 0 0 -1
		outer loop
			vertex 0.9318283200264 0.90610885620117 0.16599999368191
			vertex 0.91478472948074 0.92883372306824 0.16599999368191
			vertex 0.91478472948074 0.94408166408539 0.16599999368191
		endloop
	endfacet
	facet normal 0 0 -1
		outer loop
			vertex 0.9318283200264 0.90610885620117 0.16599999368191
			vertex 0.9216114282608 0.95429855585098 0.16599999368191
			vertex 0.93761575222015 0.93203002214432 0.16599999368191
		endloop
	endfacet
	facet normal 0 0 -1
		outer loop
			vertex 0.9216114282608 0.95429855585098 0.16599999368191
			vertex 0.94388002157211 0.93203002214432 0.16599999368191
			vertex 0.93761575222015 0.93203002214432 0.16599999368191
		endloop
	endfacet
	facet normal 0 -0 -1
		outer loop
			vertex 0.97443282604218 0.93675410747528 0.16599999368191
			vertex 0.97505414485931 0.93363052606583 0.16599999368191
			vertex 0.97297525405884 0.93203330039978 0.16599999368191
		endloop
	endfacet
	facet normal 0 0 -1
		outer loop
			vertex 0.97505414485931 0.93363052606583 0.16599999368191
			vertex 0.97297525405884 0.93203002214432 0.16599999368191
			vertex 0.97297525405884 0.93203330039978 0.16599999368191
		endloop
	endfacet
	facet normal 0 0 -1
		outer loop
			vertex 0.97505414485931 0.93363052606583 0.16599999368191
			vertex 0.9741285443306 0.92577618360519 0.16599999368191
			vertex 0.97297525405884 0.93203002214432 0.16599999368191
		endloop
	endfacet
	facet normal 0 0 -1
		outer loop
			vertex 1.0200402736664 1.0238296985626 0.16599999368191
			vertex 1.027860045433 1.0160100460052 0.16599999368191
			vertex 1.0230230093002 1.0088346004486 0.16599999368191
		endloop
	endfacet
	facet normal 0 0 -1
		outer loop
			vertex 1.0091515779495 1.0203803777695 0.16599999368191
			vertex 1.0066647529602 1.0328823328018 0.16599999368191
			vertex 1.0158083438873 1.0280648469925 0.16599999368191
		endloop
	endfacet
	facet normal 0 0 -1
		outer loop
			vertex 1.0200402736664 1.0238296985626 0.16599999368191
			vertex 1.0216338634491 1.0462640523911 0.16599999368191
			vertex 1.027860045433 1.0160100460052 0.16599999368191
		endloop
	endfacet
	facet normal 0 0 -1
		outer loop
			vertex 1.0091515779495 1.0203803777695 0.16599999368191
			vertex 1.0158083438873 1.0280648469925 0.16599999368191
			vertex 1.0158083438873 1.0280616283417 0.16599999368191
		endloop
	endfacet
	facet normal -0.19506664205913 0.98078999034237 0
		outer loop
			vertex 1.2896447181702 1.070455789566 0
			vertex 1.2896447181702 1.070455789566 0.16599999368191
			vertex 1.2918516397476 1.0708947181702 0
		endloop
	endfacet
	facet normal -0.55557078070223 0.83146924635245 0
		outer loop
			vertex 1.2918516397476 1.0708947181702 0
			vertex 1.2918516397476 1.0708947181702 0.16599999368191
			vertex 1.3020685911179 1.0777214765549 0
		endloop
	endfacet
	facet normal -0.19506664205913 0.98078999034237 0
		outer loop
			vertex 1.2918516397476 1.0708947181702 0
			vertex 1.2896447181702 1.070455789566 0.16599999368191
			vertex 1.2918516397476 1.0708947181702 0.16599999368191
		endloop
	endfacet
	facet normal -0.55557078070223 0.83146924635245 0
		outer loop
			vertex 1.3020685911179 1.0777214765549 0
			vertex 1.2918516397476 1.0708947181702 0.16599999368191
			vertex 1.3020685911179 1.0777214765549 0.16599999368191
		endloop
	endfacet
	facet normal 0 0 -1
		outer loop
			vertex 1.2553868293762 1.0885031223297 0.16599999368191
			vertex 1.2677483558655 1.1194900274277 0.16599999368191
			vertex 1.2798000574112 1.0999900102615 0.16599999368191
		endloop
	endfacet
	facet normal 0 0 -1
		outer loop
			vertex 1.2553868293762 1.0885031223297 0.16599999368191
			vertex 1.2575191259384 1.1222401857376 0.16599999368191
			vertex 1.2575341463089 1.1222449541092 0.16599999368191
		endloop
	endfacet
	facet normal 0 0 -1
		outer loop
			vertex 1.2553868293762 1.0885031223297 0.16599999368191
			vertex 1.257511138916 1.1222282648087 0.16599999368191
			vertex 1.2575191259384 1.1222401857376 0.16599999368191
		endloop
	endfacet
	facet normal 0 0 -1
		outer loop
			vertex 1.2553868293762 1.0885031223297 0.16599999368191
			vertex 1.2575341463089 1.1222449541092 0.16599999368191
			vertex 1.2575969696045 1.1223022937775 0.16599999368191
		endloop
	endfacet
	facet normal 0 0 -1
		outer loop
			vertex 1.2553868293762 1.0885031223297 0.16599999368191
			vertex 1.2575969696045 1.1223022937775 0.16599999368191
			vertex 1.2677483558655 1.1194900274277 0.16599999368191
		endloop
	endfacet
	facet normal -0 0 -1
		outer loop
			vertex 1.2918516397476 1.0708947181702 0.16599999368191
			vertex 1.2896447181702 1.070455789566 0.16599999368191
			vertex 1.2798000574112 1.0999900102615 0.16599999368191
		endloop
	endfacet
	facet normal 0 0 -1
		outer loop
			vertex 1.2918516397476 1.0708947181702 0.16599999368191
			vertex 1.2930883169174 1.1228684186935 0.16599999368191
			vertex 1.3020685911179 1.0777214765549 0.16599999368191
		endloop
	endfacet
	facet normal 0 0 -1
		outer loop
			vertex 1.2918516397476 1.0708947181702 0.16599999368191
			vertex 1.2798000574112 1.0999900102615 0.16599999368191
			vertex 1.2930883169174 1.1228684186935 0.16599999368191
		endloop
	endfacet
	facet normal -0.83146924635245 0.55557078070223 0
		outer loop
			vertex 1.3928753137589 1.1719183921814 0
			vertex 1.3860485553741 1.1617014408112 0
			vertex 1.3860485553741 1.1617014408112 0.16599999368191
		endloop
	endfacet
	facet normal -0.98078610385375 -0.19508618220516 0
		outer loop
			vertex 1.3952724933624 1.1839699745178 0
			vertex 1.3952724933624 1.1839699745178 0.16599999368191
			vertex 1.3928753137589 1.1960216760635 0
		endloop
	endfacet
	facet normal -0.98078573462522 0.19508803847411 0
		outer loop
			vertex 1.3928753137589 1.1719183921814 0
			vertex 1.3928753137589 1.1719183921814 0.16599999368191
			vertex 1.3952724933624 1.1839699745178 0
		endloop
	endfacet
	facet normal -0.83146625188903 -0.55557526220091 0
		outer loop
			vertex 1.3860485553741 1.2062385082245 0
			vertex 1.3928753137589 1.1960216760635 0
			vertex 1.3928753137589 1.1960216760635 0.16599999368191
		endloop
	endfacet
	facet normal -0.83146924635245 0.55557078070223 0
		outer loop
			vertex 1.3928753137589 1.1719183921814 0
			vertex 1.3860485553741 1.1617014408112 0.16599999368191
			vertex 1.3928753137589 1.1719183921814 0.16599999368191
		endloop
	endfacet
	facet normal -0.98078573462522 0.19508803847411 0
		outer loop
			vertex 1.3952724933624 1.1839699745178 0
			vertex 1.3928753137589 1.1719183921814 0.16599999368191
			vertex 1.3952724933624 1.1839699745178 0.16599999368191
		endloop
	endfacet
	facet normal -0.83146625188903 -0.55557526220091 0
		outer loop
			vertex 1.3860485553741 1.2062385082245 0
			vertex 1.3928753137589 1.1960216760635 0.16599999368191
			vertex 1.3860485553741 1.2062385082245 0.16599999368191
		endloop
	endfacet
	facet normal -0.98078610385375 -0.19508618220516 0
		outer loop
			vertex 1.3928753137589 1.1960216760635 0
			vertex 1.3952724933624 1.1839699745178 0.16599999368191
			vertex 1.3928753137589 1.1960216760635 0.16599999368191
		endloop
	endfacet
	facet normal 0 0 -1
		outer loop
			vertex 1.3599355220795 1.1878144741058 0.16599999368191
			vertex 1.3860485553741 1.2062385082245 0.16599999368191
			vertex 1.3860485553741 1.1617014408112 0.16599999368191
		endloop
	endfacet
	facet normal -0 0 -1
		outer loop
			vertex 1.3928753137589 1.1719183921814 0.16599999368191
			vertex 1.3860485553741 1.1617014408112 0.16599999368191
			vertex 1.3860485553741 1.2062385082245 0.16599999368191
		endloop
	endfacet
	facet normal 0 0 -1
		outer loop
			vertex 1.3928753137589 1.1719183921814 0.16599999368191
			vertex 1.3928753137589 1.1960216760635 0.16599999368191
			vertex 1.3952724933624 1.1839699745178 0.16599999368191
		endloop
	endfacet
	facet normal 0 0 -1
		outer loop
			vertex 1.3599355220795 1.1878144741058 0.16599999368191
			vertex 1.3637800216675 1.2130728960037 0.16599999368191
			vertex 1.3860485553741 1.2062385082245 0.16599999368191
		endloop
	endfacet
	facet normal 0 0 -1
		outer loop
			vertex 1.3928753137589 1.1719183921814 0.16599999368191
			vertex 1.3860485553741 1.2062385082245 0.16599999368191
			vertex 1.3928753137589 1.1960216760635 0.16599999368191
		endloop
	endfacet
	facet normal -0.1950973707424 -0.98078387829807 0
		outer loop
			vertex 1.2798000574112 1.2994425296783 0
			vertex 1.2918516397476 1.2970452308655 0
			vertex 1.2918516397476 1.2970452308655 0.16599999368191
		endloop
	endfacet
	facet normal -0.55556407366285 -0.83147372782015 0
		outer loop
			vertex 1.2918516397476 1.2970452308655 0
			vertex 1.3020685911179 1.2902185916901 0
			vertex 1.3020685911179 1.2902185916901 0.16599999368191
		endloop
	endfacet
	facet normal -0.1950973707424 -0.98078387829807 0
		outer loop
			vertex 1.2798000574112 1.2994425296783 0
			vertex 1.2918516397476 1.2970452308655 0.16599999368191
			vertex 1.2798000574112 1.2994425296783 0.16599999368191
		endloop
	endfacet
	facet normal -0.55556407366285 -0.83147372782015 0
		outer loop
			vertex 1.2918516397476 1.2970452308655 0
			vertex 1.3020685911179 1.2902185916901 0.16599999368191
			vertex 1.2918516397476 1.2970452308655 0.16599999368191
		endloop
	endfacet
	facet normal 0 0 -1
		outer loop
			vertex 1.279341340065 1.2387630939484 0.16599999368191
			vertex 1.2798000574112 1.2579972743988 0.16599999368191
			vertex 1.2798000574112 1.2388470172882 0.16599999368191
		endloop
	endfacet
	facet normal 0 0 -1
		outer loop
			vertex 1.2798000574112 1.2579972743988 0.16599999368191
			vertex 1.2850250005722 1.2731750011444 0.16599999368191
			vertex 1.2870000600815 1.2632451057434 0.16599999368191
		endloop
	endfacet
	facet normal 0 0 -1
		outer loop
			vertex 1.2798000574112 1.2579972743988 0.16599999368191
			vertex 1.2798000574112 1.2994425296783 0.16599999368191
			vertex 1.2850250005722 1.2731750011444 0.16599999368191
		endloop
	endfacet
	facet normal 0 0 -1
		outer loop
			vertex 1.2850250005722 1.2731750011444 0.16599999368191
			vertex 1.2798000574112 1.2994425296783 0.16599999368191
			vertex 1.3020685911179 1.2902185916901 0.16599999368191
		endloop
	endfacet
	facet normal 0 0 -1
		outer loop
			vertex 1.2798000574112 1.2994425296783 0.16599999368191
			vertex 1.2918516397476 1.2970452308655 0.16599999368191
			vertex 1.3020685911179 1.2902185916901 0.16599999368191
		endloop
	endfacet
	facet normal 0.19509551439169 -0.98078424756123 0
		outer loop
			vertex 1.0158083438873 1.2970452308655 0
			vertex 1.027860045433 1.2994425296783 0
			vertex 1.027860045433 1.2994425296783 0.16599999368191
		endloop
	endfacet
	facet normal 0.19509551439169 -0.98078424756123 0
		outer loop
			vertex 1.0158083438873 1.2970452308655 0
			vertex 1.027860045433 1.2994425296783 0.16599999368191
			vertex 1.0158083438873 1.2970452308655 0.16599999368191
		endloop
	endfacet
	facet normal 0 0 -1
		outer loop
			vertex 1.0158083438873 1.2800016403198 0.16599999368191
			vertex 1.0158083438873 1.2970452308655 0.16599999368191
			vertex 1.027860045433 1.2790087461472 0.16599999368191
		endloop
	endfacet
	facet normal 0 0 -1
		outer loop
			vertex 1.0158083438873 1.2800016403198 0.16599999368191
			vertex 1.027860045433 1.2790087461472 0.16599999368191
			vertex 1.0200402736664 1.2757697105408 0.16599999368191
		endloop
	endfacet
	facet normal 0 0 -1
		outer loop
			vertex 1.027860045433 1.2790087461472 0.16599999368191
			vertex 1.0158083438873 1.2970452308655 0.16599999368191
			vertex 1.027860045433 1.2994425296783 0.16599999368191
		endloop
	endfacet
	facet normal 1 0 0
		outer loop
			vertex 1.4162675142288 0.84804999828339 0
			vertex 1.4162675142288 1.2679500579834 0
			vertex 1.4162675142288 0.84804999828339 0.16599999368191
		endloop
	endfacet
	facet normal -1 0 0
		outer loop
			vertex 1.4792524576187 0.87954252958298 0
			vertex 1.4792524576187 0.87954252958298 0.16599999368191
			vertex 1.4792524576187 1.0265074968338 0
		endloop
	endfacet
	facet normal -1 0 0
		outer loop
			vertex 1.4792524576187 1.089492559433 0
			vertex 1.4792524576187 1.089492559433 0.16599999368191
			vertex 1.4792524576187 1.2364574670792 0
		endloop
	endfacet
	facet normal -1 0 0
		outer loop
			vertex 1.4792524576187 1.0265074968338 0
			vertex 1.4792524576187 0.87954252958298 0.16599999368191
			vertex 1.4792524576187 1.0265074968338 0.16599999368191
		endloop
	endfacet
	facet normal 1 0 -0
		outer loop
			vertex 1.4162675142288 1.2679500579834 0
			vertex 1.4162675142288 1.2679500579834 0.16599999368191
			vertex 1.4162675142288 0.84804999828339 0.16599999368191
		endloop
	endfacet
	facet normal -1 0 0
		outer loop
			vertex 1.4792524576187 1.2364574670792 0
			vertex 1.4792524576187 1.089492559433 0.16599999368191
			vertex 1.4792524576187 1.2364574670792 0.16599999368191
		endloop
	endfacet
	facet normal 0 0 -1
		outer loop
			vertex 1.4162675142288 0.84804999828339 0.16599999368191
			vertex 1.4524838924408 1.0265074968338 0.16599999368191
			vertex 1.4477599859238 0.84804999828339 0.16599999368191
		endloop
	endfacet
	facet normal 0 0 -1
		outer loop
			vertex 1.4477599859238 0.84804999828339 0.16599999368191
			vertex 1.4524838924408 1.0265074968338 0.16599999368191
			vertex 1.4754176139832 0.87361586093903 0.16599999368191
		endloop
	endfacet
	facet normal 0 0 -1
		outer loop
			vertex 1.4162675142288 0.84804999828339 0.16599999368191
			vertex 1.4477599859238 1.0579999685287 0.16599999368191
			vertex 1.4524838924408 1.0265074968338 0.16599999368191
		endloop
	endfacet
	facet normal 0 0 -1
		outer loop
			vertex 1.4754176139832 0.87361586093903 0.16599999368191
			vertex 1.4524838924408 1.0265074968338 0.16599999368191
			vertex 1.4792524576187 0.87954252958298 0.16599999368191
		endloop
	endfacet
	facet normal 0 0 -1
		outer loop
			vertex 1.4792524576187 0.87954252958298 0.16599999368191
			vertex 1.4524838924408 1.0265074968338 0.16599999368191
			vertex 1.4792524576187 1.0265074968338 0.16599999368191
		endloop
	endfacet
	facet normal 0 0 -1
		outer loop
			vertex 1.4162675142288 0.84804999828339 0.16599999368191
			vertex 1.4162675142288 1.2679500579834 0.16599999368191
			vertex 1.4477599859238 1.0579999685287 0.16599999368191
		endloop
	endfacet
	facet normal 0 0 -1
		outer loop
			vertex 1.4477599859238 1.0579999685287 0.16599999368191
			vertex 1.4477599859238 1.2679500579834 0.16599999368191
			vertex 1.4792524576187 1.0827441215515 0.16599999368191
		endloop
	endfacet
	facet normal -0 -0 -1
		outer loop
			vertex 1.4792524576187 1.089492559433 0.16599999368191
			vertex 1.4792524576187 1.0827441215515 0.16599999368191
			vertex 1.4477599859238 1.2679500579834 0.16599999368191
		endloop
	endfacet
	facet normal 0 0 -1
		outer loop
			vertex 1.4162675142288 1.2679500579834 0.16599999368191
			vertex 1.4210619926453 1.2679500579834 0.16599999368191
			vertex 1.4477599859238 1.0579999685287 0.16599999368191
		endloop
	endfacet
	facet normal 0 0 -1
		outer loop
			vertex 1.4477599859238 1.0579999685287 0.16599999368191
			vertex 1.4210619926453 1.2679500579834 0.16599999368191
			vertex 1.4477599859238 1.2679500579834 0.16599999368191
		endloop
	endfacet
	facet normal 0 0 -1
		outer loop
			vertex 1.4792524576187 1.089492559433 0.16599999368191
			vertex 1.4477599859238 1.2679500579834 0.16599999368191
			vertex 1.4792524576187 1.2364574670792 0.16599999368191
		endloop
	endfacet
	facet normal 0 0 -1
		outer loop
			vertex 1.4477599859238 1.2679500579834 0.16599999368191
			vertex 1.4792524576187 1.2432059049606 0.16599999368191
			vertex 1.4792524576187 1.2364574670792 0.16599999368191
		endloop
	endfacet
	facet normal 0 1 0
		outer loop
			vertex 1.4477599859238 0.81655752658844 0
			vertex 1.4477599859238 0.81655752658844 0.16599999368191
			vertex 1.7416900396347 0.81655752658844 0
		endloop
	endfacet
	facet normal 0 -1 0
		outer loop
			vertex 1.4792524576187 0.87954252958298 0
			vertex 1.7321548461914 0.87954252958298 0
			vertex 1.7321548461914 0.87954252958298 0.16599999368191
		endloop
	endfacet
	facet normal 0 -1 0
		outer loop
			vertex 1.4792524576187 0.87954252958298 0
			vertex 1.7321548461914 0.87954252958298 0.16599999368191
			vertex 1.4792524576187 0.87954252958298 0.16599999368191
		endloop
	endfacet
	facet normal 0 1 -0
		outer loop
			vertex 1.7416900396347 0.81655752658844 0
			vertex 1.4477599859238 0.81655752658844 0.16599999368191
			vertex 1.7416900396347 0.81655752658844 0.16599999368191
		endloop
	endfacet
	facet normal 0 0 -1
		outer loop
			vertex 1.4477599859238 0.81655752658844 0.16599999368191
			vertex 1.4477599859238 0.84804999828339 0.16599999368191
			vertex 1.4754176139832 0.87361586093903 0.16599999368191
		endloop
	endfacet
	facet normal 0 0 -1
		outer loop
			vertex 1.4477599859238 0.81655752658844 0.16599999368191
			vertex 1.4754176139832 0.87361586093903 0.16599999368191
			vertex 1.7416900396347 0.81655752658844 0.16599999368191
		endloop
	endfacet
	facet normal 0 0 -1
		outer loop
			vertex 1.4754176139832 0.87361586093903 0.16599999368191
			vertex 1.4792524576187 0.87954252958298 0.16599999368191
			vertex 1.7321548461914 0.87954252958298 0.16599999368191
		endloop
	endfacet
	facet normal 0 0 -1
		outer loop
			vertex 1.4754176139832 0.87361586093903 0.16599999368191
			vertex 1.7416900396347 0.84804999828339 0.16599999368191
			vertex 1.7416900396347 0.81655752658844 0.16599999368191
		endloop
	endfacet
	facet normal 0 0 -1
		outer loop
			vertex 1.4754176139832 0.87361586093903 0.16599999368191
			vertex 1.7321548461914 0.87954252958298 0.16599999368191
			vertex 1.7416900396347 0.84804999828339 0.16599999368191
		endloop
	endfacet
	facet normal 0.8321109106846 0.55460926093931 0
		outer loop
			vertex 1.7591588497162 0.82184666395187 0
			vertex 1.7588232755661 0.82235014438629 0
			vertex 1.7588232755661 0.82235014438629 0.16599999368191
		endloop
	endfacet
	facet normal -0.5547000145187 0.8320504154755 0
		outer loop
			vertex 1.7591588497162 0.82184666395187 0
			vertex 1.8851288557053 0.90582662820816 0.16599999368191
			vertex 1.8851288557053 0.90582662820816 0
		endloop
	endfacet
	facet normal -0.8321109106846 -0.55460926093931 0
		outer loop
			vertex 1.8847932815552 0.90633010864258 0
			vertex 1.8851288557053 0.90582662820816 0
			vertex 1.8851288557053 0.90582662820816 0.16599999368191
		endloop
	endfacet
	facet normal 0.55470008619256 -0.83205036769295 0
		outer loop
			vertex 1.7321548461914 0.87954252958298 0
			vertex 1.8361674547195 0.94888424873352 0
			vertex 1.8361674547195 0.94888424873352 0.16599999368191
		endloop
	endfacet
	facet normal 0.8321109106846 0.55460926093931 -0
		outer loop
			vertex 1.7591588497162 0.82184666395187 0
			vertex 1.7588232755661 0.82235014438629 0.16599999368191
			vertex 1.7591588497162 0.82184666395187 0.16599999368191
		endloop
	endfacet
	facet normal 0.55470008619256 -0.83205036769295 0
		outer loop
			vertex 1.7321548461914 0.87954252958298 0
			vertex 1.8361674547195 0.94888424873352 0.16599999368191
			vertex 1.7321548461914 0.87954252958298 0.16599999368191
		endloop
	endfacet
	facet normal -0.5547000145187 0.8320504154755 0
		outer loop
			vertex 1.7591588497162 0.82184666395187 0
			vertex 1.7591588497162 0.82184666395187 0.16599999368191
			vertex 1.8851288557053 0.90582662820816 0.16599999368191
		endloop
	endfacet
	facet normal -0.8321109106846 -0.55460926093931 0
		outer loop
			vertex 1.8847932815552 0.90633010864258 0
			vertex 1.8851288557053 0.90582662820816 0.16599999368191
			vertex 1.8847932815552 0.90633010864258 0.16599999368191
		endloop
	endfacet
	facet normal 0 0 -1
		outer loop
			vertex 1.7416900396347 0.84804999828339 0.16599999368191
			vertex 1.7321548461914 0.87954252958298 0.16599999368191
			vertex 1.8361674547195 0.93722283840179 0.16599999368191
		endloop
	endfacet
	facet normal 0 0 -1
		outer loop
			vertex 1.7416900396347 0.84804999828339 0.16599999368191
			vertex 1.8361674547195 0.93722283840179 0.16599999368191
			vertex 1.7588232755661 0.82235014438629 0.16599999368191
		endloop
	endfacet
	facet normal 0 0 -1
		outer loop
			vertex 1.7588232755661 0.82235014438629 0.16599999368191
			vertex 1.8361674547195 0.93722283840179 0.16599999368191
			vertex 1.7591588497162 0.82184666395187 0.16599999368191
		endloop
	endfacet
	facet normal 0 0 -1
		outer loop
			vertex 1.7321548461914 0.87954252958298 0.16599999368191
			vertex 1.8361674547195 0.94888424873352 0.16599999368191
			vertex 1.8361674547195 0.93722283840179 0.16599999368191
		endloop
	endfacet
	facet normal 0 0 -1
		outer loop
			vertex 1.7591588497162 0.82184666395187 0.16599999368191
			vertex 1.8361674547195 0.93722283840179 0.16599999368191
			vertex 1.8676600456238 0.93203002214432 0.16599999368191
		endloop
	endfacet
	facet normal 0 0 -1
		outer loop
			vertex 1.7591588497162 0.82184666395187 0.16599999368191
			vertex 1.8676600456238 0.93203002214432 0.16599999368191
			vertex 1.8847932815552 0.90633010864258 0.16599999368191
		endloop
	endfacet
	facet normal 0 0 -1
		outer loop
			vertex 1.7591588497162 0.82184666395187 0.16599999368191
			vertex 1.8847932815552 0.90633010864258 0.16599999368191
			vertex 1.8851288557053 0.90582662820816 0.16599999368191
		endloop
	endfacet
	facet normal 0 0 -1
		outer loop
			vertex 1.8361674547195 0.93722283840179 0.16599999368191
			vertex 1.839656829834 0.94245058298111 0.16599999368191
			vertex 1.8676600456238 0.93203002214432 0.16599999368191
		endloop
	endfacet
	facet normal 1 0 0
		outer loop
			vertex 1.8361674547195 0.94888424873352 0
			vertex 1.8361674547195 0.99331146478653 0
			vertex 1.8361674547195 0.99331146478653 0.16599999368191
		endloop
	endfacet
	facet normal -1 0 0
		outer loop
			vertex 1.8991525173187 0.93203002214432 0
			vertex 1.8991525173187 0.93203002214432 0.16599999368191
			vertex 1.8991525173187 1.0160100460052 0
		endloop
	endfacet
	facet normal 1 0 0
		outer loop
			vertex 1.8361674547195 0.94888424873352 0
			vertex 1.8361674547195 0.99331146478653 0.16599999368191
			vertex 1.8361674547195 0.94888424873352 0.16599999368191
		endloop
	endfacet
	facet normal -1 0 0
		outer loop
			vertex 1.8991525173187 1.0160100460052 0
			vertex 1.8991525173187 0.93203002214432 0.16599999368191
			vertex 1.8991525173187 1.0160100460052 0.16599999368191
		endloop
	endfacet
	facet normal 0 0 -1
		outer loop
			vertex 1.8361674547195 0.93722283840179 0.16599999368191
			vertex 1.8361674547195 0.94888424873352 0.16599999368191
			vertex 1.839656829834 0.94245058298111 0.16599999368191
		endloop
	endfacet
	facet normal 0 0 -1
		outer loop
			vertex 1.839656829834 0.94245058298111 0.16599999368191
			vertex 1.8567221164703 0.98655849695206 0.16599999368191
			vertex 1.8676600456238 0.93203002214432 0.16599999368191
		endloop
	endfacet
	facet normal 0 0 -1
		outer loop
			vertex 1.839656829834 0.94245058298111 0.16599999368191
			vertex 1.8361674547195 0.99331146478653 0.16599999368191
			vertex 1.8567221164703 0.98655849695206 0.16599999368191
		endloop
	endfacet
	facet normal 0 0 -1
		outer loop
			vertex 1.8361674547195 0.94888424873352 0.16599999368191
			vertex 1.8361674547195 0.99331146478653 0.16599999368191
			vertex 1.839656829834 0.94245058298111 0.16599999368191
		endloop
	endfacet
	facet normal 0 0 -1
		outer loop
			vertex 1.8567221164703 0.98655849695206 0.16599999368191
			vertex 1.8361674547195 0.99331146478653 0.16599999368191
			vertex 1.8361674547195 0.99547868967056 0.16599999368191
		endloop
	endfacet
	facet normal 0 -0 -1
		outer loop
			vertex 1.8579699993134 0.98694002628326 0.16599999368191
			vertex 1.8797116279602 0.95795112848282 0.16599999368191
			vertex 1.8567221164703 0.98655849695206 0.16599999368191
		endloop
	endfacet
	facet normal 0 0 -1
		outer loop
			vertex 1.8676600456238 0.93203002214432 0.16599999368191
			vertex 1.8567221164703 0.98655849695206 0.16599999368191
			vertex 1.8739242553711 0.93203002214432 0.16599999368191
		endloop
	endfacet
	facet normal 0 0 -1
		outer loop
			vertex 1.8739242553711 0.93203002214432 0.16599999368191
			vertex 1.8567221164703 0.98655849695206 0.16599999368191
			vertex 1.8797116279602 0.95795112848282 0.16599999368191
		endloop
	endfacet
	facet normal 0 0 -1
		outer loop
			vertex 1.8579699993134 0.98694002628326 0.16599999368191
			vertex 1.8676600456238 1.0160100460052 0.16599999368191
			vertex 1.8797116279602 0.95795112848282 0.16599999368191
		endloop
	endfacet
	facet normal 0 0 -1
		outer loop
			vertex 1.8797116279602 0.95795112848282 0.16599999368191
			vertex 1.8991525173187 1.0160100460052 0.16599999368191
			vertex 1.8991525173187 0.93203002214432 0.16599999368191
		endloop
	endfacet
	facet normal 0 0 -1
		outer loop
			vertex 1.8676600456238 1.0160100460052 0.16599999368191
			vertex 1.8991525173187 1.0160100460052 0.16599999368191
			vertex 1.8797116279602 0.95795112848282 0.16599999368191
		endloop
	endfacet
	facet normal 0.31622793635635 0.94868324127066 -0
		outer loop
			vertex 1.7365794181824 1.0265074968338 0
			vertex 1.7365794181824 1.0265074968338 0.16599999368191
			vertex 1.8361674547195 0.99331146478653 0
		endloop
	endfacet
	facet normal -0.31622776601684 -0.94868329805051 0
		outer loop
			vertex 1.8776187896729 1.0458863973618 0
			vertex 1.8776187896729 1.0458863973618 0.16599999368191
			vertex 1.8412780761719 1.0579999685287 0
		endloop
	endfacet
	facet normal -0.94865023885272 0.31632692633521 0
		outer loop
			vertex 1.8776187896729 1.0458863973618 0
			vertex 1.8775047063828 1.0455442667007 0
			vertex 1.8775047063828 1.0455442667007 0.16599999368191
		endloop
	endfacet
	facet normal 0.31622793635635 0.94868324127066 -0
		outer loop
			vertex 1.8361674547195 0.99331146478653 0
			vertex 1.7365794181824 1.0265074968338 0.16599999368191
			vertex 1.8361674547195 0.99331146478653 0.16599999368191
		endloop
	endfacet
	facet normal -0.31622776601684 -0.94868329805051 0
		outer loop
			vertex 1.8412780761719 1.0579999685287 0
			vertex 1.8776187896729 1.0458863973618 0.16599999368191
			vertex 1.8412780761719 1.0579999685287 0.16599999368191
		endloop
	endfacet
	facet normal -0.94865023885272 0.31632692633521 0
		outer loop
			vertex 1.8776187896729 1.0458863973618 0
			vertex 1.8775047063828 1.0455442667007 0.16599999368191
			vertex 1.8776187896729 1.0458863973618 0.16599999368191
		endloop
	endfacet
	facet normal 0 0 -1
		outer loop
			vertex 1.7336459159851 1.0281075239182 0.16599999368191
			vertex 1.7411406040192 1.0292692184448 0.16599999368191
			vertex 1.7365794181824 1.0265074968338 0.16599999368191
		endloop
	endfacet
	facet normal 0 -0 -1
		outer loop
			vertex 1.7411406040192 1.0292692184448 0.16599999368191
			vertex 1.7411831617355 1.0290555953979 0.16599999368191
			vertex 1.7365794181824 1.0265074968338 0.16599999368191
		endloop
	endfacet
	facet normal 0 -0 -1
		outer loop
			vertex 1.7411831617355 1.0290555953979 0.16599999368191
			vertex 1.8361674547195 0.99331146478653 0.16599999368191
			vertex 1.7365794181824 1.0265074968338 0.16599999368191
		endloop
	endfacet
	facet normal 0 -0 -1
		outer loop
			vertex 1.7416900396347 1.0293360948563 0.16599999368191
			vertex 1.8361674547195 0.99331146478653 0.16599999368191
			vertex 1.7411831617355 1.0290555953979 0.16599999368191
		endloop
	endfacet
	facet normal 0 0 -1
		outer loop
			vertex 1.7416900396347 1.0293360948563 0.16599999368191
			vertex 1.7537416219711 1.0308035612106 0.16599999368191
			vertex 1.8361674547195 0.99331146478653 0.16599999368191
		endloop
	endfacet
	facet normal 0 0 -1
		outer loop
			vertex 1.7537416219711 1.0308035612106 0.16599999368191
			vertex 1.7558690309525 1.0303262472153 0.16599999368191
			vertex 1.8361674547195 0.99331146478653 0.16599999368191
		endloop
	endfacet
	facet normal 0 0 -1
		outer loop
			vertex 1.7586491107941 1.0321837663651 0.16599999368191
			vertex 1.7632566690445 1.0392597913742 0.16599999368191
			vertex 1.7639585733414 1.0394283533096 0.16599999368191
		endloop
	endfacet
	facet normal 0 0 -1
		outer loop
			vertex 1.7639585733414 1.0394283533096 0.16599999368191
			vertex 1.7706960439682 1.0463968515396 0.16599999368191
			vertex 1.7707853317261 1.0464824438095 0.16599999368191
		endloop
	endfacet
	facet normal 0 0 -1
		outer loop
			vertex 1.7639585733414 1.0399330854416 0.16599999368191
			vertex 1.7706960439682 1.0463968515396 0.16599999368191
			vertex 1.7639585733414 1.0394283533096 0.16599999368191
		endloop
	endfacet
	facet normal 0 -0 -1
		outer loop
			vertex 1.7567957639694 1.0309454202652 0.16599999368191
			vertex 1.8412780761719 1.0579999685287 0.16599999368191
			vertex 1.7558690309525 1.0303262472153 0.16599999368191
		endloop
	endfacet
	facet normal 0 0 -1
		outer loop
			vertex 1.7567957639694 1.0309454202652 0.16599999368191
			vertex 1.7586491107941 1.0321837663651 0.16599999368191
			vertex 1.8412780761719 1.0579999685287 0.16599999368191
		endloop
	endfacet
	facet normal 0 0 -1
		outer loop
			vertex 1.7586491107941 1.0321837663651 0.16599999368191
			vertex 1.7639585733414 1.0394283533096 0.16599999368191
			vertex 1.8412780761719 1.0579999685287 0.16599999368191
		endloop
	endfacet
	facet normal 0 0 -1
		outer loop
			vertex 1.7558690309525 1.0303262472153 0.16599999368191
			vertex 1.8361674547195 0.99547868967056 0.16599999368191
			vertex 1.8361674547195 0.99331146478653 0.16599999368191
		endloop
	endfacet
	facet normal 0 0 -1
		outer loop
			vertex 1.7558690309525 1.0303262472153 0.16599999368191
			vertex 1.8775047063828 1.0455442667007 0.16599999368191
			vertex 1.8361674547195 0.99547868967056 0.16599999368191
		endloop
	endfacet
	facet normal 0 0 -1
		outer loop
			vertex 1.7639585733414 1.0394283533096 0.16599999368191
			vertex 1.7707853317261 1.0464824438095 0.16599999368191
			vertex 1.8412780761719 1.0579999685287 0.16599999368191
		endloop
	endfacet
	facet normal 0 0 -1
		outer loop
			vertex 1.7558690309525 1.0303262472153 0.16599999368191
			vertex 1.8412780761719 1.0579999685287 0.16599999368191
			vertex 1.8776187896729 1.0458863973618 0.16599999368191
		endloop
	endfacet
	facet normal 0 0 -1
		outer loop
			vertex 1.8567221164703 0.98655849695206 0.16599999368191
			vertex 1.8361674547195 0.99547868967056 0.16599999368191
			vertex 1.8676600456238 1.0160100460052 0.16599999368191
		endloop
	endfacet
	facet normal -0 0 -1
		outer loop
			vertex 1.8579699993134 0.98694002628326 0.16599999368191
			vertex 1.8567221164703 0.98655849695206 0.16599999368191
			vertex 1.8676600456238 1.0160100460052 0.16599999368191
		endloop
	endfacet
	facet normal 0 0 -1
		outer loop
			vertex 1.8361674547195 0.99547868967056 0.16599999368191
			vertex 1.8775047063828 1.0455442667007 0.16599999368191
			vertex 1.8676600456238 1.0160100460052 0.16599999368191
		endloop
	endfacet
	facet normal 0 0 -1
		outer loop
			vertex 1.7558690309525 1.0303262472153 0.16599999368191
			vertex 1.8776187896729 1.0458863973618 0.16599999368191
			vertex 1.8775047063828 1.0455442667007 0.16599999368191
		endloop
	endfacet
	facet normal 0 0 -1
		outer loop
			vertex 1.7707853317261 1.0464824438095 0.16599999368191
			vertex 1.7978721857071 1.0724686384201 0.16599999368191
			vertex 1.8412780761719 1.0579999685287 0.16599999368191
		endloop
	endfacet
	facet normal 0 1 0
		outer loop
			vertex 1.4792524576187 1.0265074968338 0
			vertex 1.4792524576187 1.0265074968338 0.16599999368191
			vertex 1.7365794181824 1.0265074968338 0
		endloop
	endfacet
	facet normal 0 -1 0
		outer loop
			vertex 1.4792524576187 1.089492559433 0
			vertex 1.7365794181824 1.089492559433 0
			vertex 1.7365794181824 1.089492559433 0.16599999368191
		endloop
	endfacet
	facet normal 0 1 -0
		outer loop
			vertex 1.7365794181824 1.0265074968338 0
			vertex 1.4792524576187 1.0265074968338 0.16599999368191
			vertex 1.7365794181824 1.0265074968338 0.16599999368191
		endloop
	endfacet
	facet normal 0 -1 0
		outer loop
			vertex 1.4792524576187 1.089492559433 0
			vertex 1.7365794181824 1.089492559433 0.16599999368191
			vertex 1.4792524576187 1.089492559433 0.16599999368191
		endloop
	endfacet
	facet normal 0 0 -1
		outer loop
			vertex 1.4524838924408 1.0265074968338 0.16599999368191
			vertex 1.4477599859238 1.0579999685287 0.16599999368191
			vertex 1.4792524576187 1.0265074968338 0.16599999368191
		endloop
	endfacet
	facet normal 0 0 -1
		outer loop
			vertex 1.4792524576187 1.0265074968338 0.16599999368191
			vertex 1.4477599859238 1.0579999685287 0.16599999368191
			vertex 1.4792524576187 1.0827441215515 0.16599999368191
		endloop
	endfacet
	facet normal 0 0 -1
		outer loop
			vertex 1.4792524576187 1.0265074968338 0.16599999368191
			vertex 1.4792524576187 1.0827441215515 0.16599999368191
			vertex 1.729638338089 1.0290900468826 0.16599999368191
		endloop
	endfacet
	facet normal 0 0 -1
		outer loop
			vertex 1.4792524576187 1.0265074968338 0.16599999368191
			vertex 1.729638338089 1.0290900468826 0.16599999368191
			vertex 1.7326443195343 1.0283068418503 0.16599999368191
		endloop
	endfacet
	facet normal 0 0 -1
		outer loop
			vertex 1.4792524576187 1.0265074968338 0.16599999368191
			vertex 1.7326443195343 1.0283068418503 0.16599999368191
			vertex 1.7365794181824 1.0265074968338 0.16599999368191
		endloop
	endfacet
	facet normal 0 0 -1
		outer loop
			vertex 1.4792524576187 1.0827441215515 0.16599999368191
			vertex 1.7353060245514 1.058601975441 0.16599999368191
			vertex 1.7411406040192 1.0292692184448 0.16599999368191
		endloop
	endfacet
	facet normal 0 0 -1
		outer loop
			vertex 1.4792524576187 1.0827441215515 0.16599999368191
			vertex 1.7411406040192 1.0292692184448 0.16599999368191
			vertex 1.729638338089 1.0290900468826 0.16599999368191
		endloop
	endfacet
	facet normal 0 0 -1
		outer loop
			vertex 1.7326443195343 1.0283068418503 0.16599999368191
			vertex 1.7336459159851 1.0281075239182 0.16599999368191
			vertex 1.7365794181824 1.0265074968338 0.16599999368191
		endloop
	endfacet
	facet normal 0 0 -1
		outer loop
			vertex 1.4792524576187 1.089492559433 0.16599999368191
			vertex 1.7365794181824 1.089492559433 0.16599999368191
			vertex 1.4792524576187 1.0827441215515 0.16599999368191
		endloop
	endfacet
	facet normal 0 0 -1
		outer loop
			vertex 1.4792524576187 1.0827441215515 0.16599999368191
			vertex 1.7365794181824 1.089492559433 0.16599999368191
			vertex 1.7396434545517 1.089492559433 0.16599999368191
		endloop
	endfacet
	facet normal 0 0 -1
		outer loop
			vertex 1.4792524576187 1.0827441215515 0.16599999368191
			vertex 1.7396434545517 1.089492559433 0.16599999368191
			vertex 1.7353060245514 1.058601975441 0.16599999368191
		endloop
	endfacet
	facet normal 0 0 -1
		outer loop
			vertex 1.7353060245514 1.058601975441 0.16599999368191
			vertex 1.7396434545517 1.089492559433 0.16599999368191
			vertex 1.7396695613861 1.0890905857086 0.16599999368191
		endloop
	endfacet
	facet normal 0.98078467432185 -0.19509336896827 0
		outer loop
			vertex 1.4162675142288 1.2679500579834 0
			vertex 1.4185285568237 1.2793169021606 0
			vertex 1.4162675142288 1.2679500579834 0.16599999368191
		endloop
	endfacet
	facet normal 0 0 -1
		outer loop
			vertex 1.4210619926453 1.2679500579834 0.16599999368191
			vertex 1.4186646938324 1.2800016403198 0.16599999368191
			vertex 1.4254914522171 1.2786437273026 0.16599999368191
		endloop
	endfacet
	facet normal 0 0 -1
		outer loop
			vertex 1.4186646938324 1.2800016403198 0.16599999368191
			vertex 1.4254914522171 1.2902185916901 0.16599999368191
			vertex 1.4254914522171 1.2786437273026 0.16599999368191
		endloop
	endfacet
	facet normal 0 0 -1
		outer loop
			vertex 1.4210619926453 1.2679500579834 0.16599999368191
			vertex 1.4278886318207 1.2781668901443 0.16599999368191
			vertex 1.4357082843781 1.2859865427017 0.16599999368191
		endloop
	endfacet
	facet normal 0 0 -1
		outer loop
			vertex 1.4210619926453 1.2679500579834 0.16599999368191
			vertex 1.4254914522171 1.2786437273026 0.16599999368191
			vertex 1.4278886318207 1.2781668901443 0.16599999368191
		endloop
	endfacet
	facet normal 0 0 -1
		outer loop
			vertex 1.4210619926453 1.2679500579834 0.16599999368191
			vertex 1.4381055831909 1.2849936485291 0.16599999368191
			vertex 1.4477599859238 1.2889926433563 0.16599999368191
		endloop
	endfacet
	facet normal 0 0 -1
		outer loop
			vertex 1.4210619926453 1.2679500579834 0.16599999368191
			vertex 1.4357082843781 1.2859865427017 0.16599999368191
			vertex 1.4381055831909 1.2849936485291 0.16599999368191
		endloop
	endfacet
	facet normal 0 0 -1
		outer loop
			vertex 1.4210619926453 1.2679500579834 0.16599999368191
			vertex 1.4477599859238 1.2889926433563 0.16599999368191
			vertex 1.4477599859238 1.2679500579834 0.16599999368191
		endloop
	endfacet
	facet normal 0.9807859192408 0.19508711033531 -0
		outer loop
			vertex 1.4162675142288 0.84804999828339 0
			vertex 1.4162675142288 0.84804999828339 0.16599999368191
			vertex 1.4186646938324 0.83599835634232 0
		endloop
	endfacet
	facet normal 0.55557526220091 0.83146625188903 -0
		outer loop
			vertex 1.4254914522171 0.82578146457672 0
			vertex 1.4254914522171 0.82578146457672 0.16599999368191
			vertex 1.4357082843781 0.81895470619202 0
		endloop
	endfacet
	facet normal 0.19508618220516 0.98078610385375 -0
		outer loop
			vertex 1.4357082843781 0.81895470619202 0
			vertex 1.4357082843781 0.81895470619202 0.16599999368191
			vertex 1.4477599859238 0.81655752658844 0
		endloop
	endfacet
	facet normal 0.8314677491298 0.55557302144455 0
		outer loop
			vertex 1.4254914522171 0.82578146457672 0
			vertex 1.4186646938324 0.83599835634232 0
			vertex 1.4186646938324 0.83599835634232 0.16599999368191
		endloop
	endfacet
	facet normal 0.9807859192408 0.19508711033531 -0
		outer loop
			vertex 1.4186646938324 0.83599835634232 0
			vertex 1.4162675142288 0.84804999828339 0.16599999368191
			vertex 1.4186646938324 0.83599835634232 0.16599999368191
		endloop
	endfacet
	facet normal 0.55557526220091 0.83146625188903 -0
		outer loop
			vertex 1.4357082843781 0.81895470619202 0
			vertex 1.4254914522171 0.82578146457672 0.16599999368191
			vertex 1.4357082843781 0.81895470619202 0.16599999368191
		endloop
	endfacet
	facet normal 0.19508618220516 0.98078610385375 -0
		outer loop
			vertex 1.4477599859238 0.81655752658844 0
			vertex 1.4357082843781 0.81895470619202 0.16599999368191
			vertex 1.4477599859238 0.81655752658844 0.16599999368191
		endloop
	endfacet
	facet normal 0.8314677491298 0.55557302144455 -0
		outer loop
			vertex 1.4254914522171 0.82578146457672 0
			vertex 1.4186646938324 0.83599835634232 0.16599999368191
			vertex 1.4254914522171 0.82578146457672 0.16599999368191
		endloop
	endfacet
	facet normal 0 0 -1
		outer loop
			vertex 1.4254914522171 0.82578146457672 0.16599999368191
			vertex 1.4186646938324 0.83599835634232 0.16599999368191
			vertex 1.4477599859238 0.84804999828339 0.16599999368191
		endloop
	endfacet
	facet normal 0 0 -1
		outer loop
			vertex 1.4254914522171 0.82578146457672 0.16599999368191
			vertex 1.4477599859238 0.84804999828339 0.16599999368191
			vertex 1.4357082843781 0.81895470619202 0.16599999368191
		endloop
	endfacet
	facet normal 0 0 -1
		outer loop
			vertex 1.4162675142288 0.84804999828339 0.16599999368191
			vertex 1.4477599859238 0.84804999828339 0.16599999368191
			vertex 1.4186646938324 0.83599835634232 0.16599999368191
		endloop
	endfacet
	facet normal 0 0 -1
		outer loop
			vertex 1.4357082843781 0.81895470619202 0.16599999368191
			vertex 1.4477599859238 0.84804999828339 0.16599999368191
			vertex 1.4477599859238 0.81655752658844 0.16599999368191
		endloop
	endfacet
	facet normal -0.19508803847411 0.98078573462522 0
		outer loop
			vertex 1.7416900396347 0.81655752658844 0
			vertex 1.7416900396347 0.81655752658844 0.16599999368191
			vertex 1.7537416219711 0.81895470619202 0
		endloop
	endfacet
	facet normal -0.55556862863362 0.83147068431675 0
		outer loop
			vertex 1.7537416219711 0.81895470619202 0
			vertex 1.7537416219711 0.81895470619202 0.16599999368191
			vertex 1.7588232755661 0.82235014438629 0
		endloop
	endfacet
	facet normal -0.19508803847411 0.98078573462522 0
		outer loop
			vertex 1.7537416219711 0.81895470619202 0
			vertex 1.7416900396347 0.81655752658844 0.16599999368191
			vertex 1.7537416219711 0.81895470619202 0.16599999368191
		endloop
	endfacet
	facet normal -0.55556862863362 0.83147068431675 0
		outer loop
			vertex 1.7588232755661 0.82235014438629 0
			vertex 1.7537416219711 0.81895470619202 0.16599999368191
			vertex 1.7588232755661 0.82235014438629 0.16599999368191
		endloop
	endfacet
	facet normal 0 0 -1
		outer loop
			vertex 1.7416900396347 0.81655752658844 0.16599999368191
			vertex 1.7588232755661 0.82235014438629 0.16599999368191
			vertex 1.7537416219711 0.81895470619202 0.16599999368191
		endloop
	endfacet
	facet normal 0 0 -1
		outer loop
			vertex 1.7416900396347 0.81655752658844 0.16599999368191
			vertex 1.7416900396347 0.84804999828339 0.16599999368191
			vertex 1.7588232755661 0.82235014438629 0.16599999368191
		endloop
	endfacet
	facet normal -0.55557291027899 0.83146782340878 0
		outer loop
			vertex 1.8847932815552 0.90633010864258 0
			vertex 1.8847932815552 0.90633010864258 0.16599999368191
			vertex 1.8899285793304 0.90976142883301 0
		endloop
	endfacet
	facet normal -0.98078424756123 0.19509551439169 0
		outer loop
			vertex 1.8967552185059 0.9199783205986 0
			vertex 1.8967552185059 0.9199783205986 0.16599999368191
			vertex 1.8991525173187 0.93203002214432 0
		endloop
	endfacet
	facet normal -0.83147223062558 0.55556631440228 0
		outer loop
			vertex 1.8967552185059 0.9199783205986 0
			vertex 1.8899285793304 0.90976142883301 0
			vertex 1.8899285793304 0.90976142883301 0.16599999368191
		endloop
	endfacet
	facet normal -0.55557291027899 0.83146782340878 0
		outer loop
			vertex 1.8899285793304 0.90976142883301 0
			vertex 1.8847932815552 0.90633010864258 0.16599999368191
			vertex 1.8899285793304 0.90976142883301 0.16599999368191
		endloop
	endfacet
	facet normal -0.83147223062558 0.55556631440228 0
		outer loop
			vertex 1.8967552185059 0.9199783205986 0
			vertex 1.8899285793304 0.90976142883301 0.16599999368191
			vertex 1.8967552185059 0.9199783205986 0.16599999368191
		endloop
	endfacet
	facet normal -0.98078424756123 0.19509551439169 0
		outer loop
			vertex 1.8991525173187 0.93203002214432 0
			vertex 1.8967552185059 0.9199783205986 0.16599999368191
			vertex 1.8991525173187 0.93203002214432 0.16599999368191
		endloop
	endfacet
	facet normal 0 0 -1
		outer loop
			vertex 1.8847932815552 0.90633010864258 0.16599999368191
			vertex 1.8676600456238 0.93203002214432 0.16599999368191
			vertex 1.8739242553711 0.93203002214432 0.16599999368191
		endloop
	endfacet
	facet normal 0 0 -1
		outer loop
			vertex 1.8847932815552 0.90633010864258 0.16599999368191
			vertex 1.8797116279602 0.95795112848282 0.16599999368191
			vertex 1.8899285793304 0.90976142883301 0.16599999368191
		endloop
	endfacet
	facet normal -0 0 -1
		outer loop
			vertex 1.8967552185059 0.9199783205986 0.16599999368191
			vertex 1.8899285793304 0.90976142883301 0.16599999368191
			vertex 1.8991525173187 0.93203002214432 0.16599999368191
		endloop
	endfacet
	facet normal 0 0 -1
		outer loop
			vertex 1.8847932815552 0.90633010864258 0.16599999368191
			vertex 1.8739242553711 0.93203002214432 0.16599999368191
			vertex 1.8797116279602 0.95795112848282 0.16599999368191
		endloop
	endfacet
	facet normal 0 0 -1
		outer loop
			vertex 1.8899285793304 0.90976142883301 0.16599999368191
			vertex 1.8797116279602 0.95795112848282 0.16599999368191
			vertex 1.8991525173187 0.93203002214432 0.16599999368191
		endloop
	endfacet
	facet normal -0.98078387829807 -0.1950973707424 0
		outer loop
			vertex 1.8991525173187 1.0160100460052 0
			vertex 1.8991525173187 1.0160100460052 0.16599999368191
			vertex 1.8967552185059 1.0280616283417 0
		endloop
	endfacet
	facet normal -0.19511760383351 -0.98077985331789 0
		outer loop
			vertex 1.8797116279602 1.0451052188873 0
			vertex 1.8797116279602 1.0451052188873 0.16599999368191
			vertex 1.8775047063828 1.0455442667007 0
		endloop
	endfacet
	facet normal -0.55556407366285 -0.83147372782015 0
		outer loop
			vertex 1.8797116279602 1.0451052188873 0
			vertex 1.8899285793304 1.0382785797119 0
			vertex 1.8899285793304 1.0382785797119 0.16599999368191
		endloop
	endfacet
	facet normal -0.83147372782015 -0.55556407366285 0
		outer loop
			vertex 1.8899285793304 1.0382785797119 0
			vertex 1.8967552185059 1.0280616283417 0
			vertex 1.8967552185059 1.0280616283417 0.16599999368191
		endloop
	endfacet
	facet normal -0.98078387829807 -0.1950973707424 0
		outer loop
			vertex 1.8967552185059 1.0280616283417 0
			vertex 1.8991525173187 1.0160100460052 0.16599999368191
			vertex 1.8967552185059 1.0280616283417 0.16599999368191
		endloop
	endfacet
	facet normal -0.19511760383351 -0.98077985331789 0
		outer loop
			vertex 1.8775047063828 1.0455442667007 0
			vertex 1.8797116279602 1.0451052188873 0.16599999368191
			vertex 1.8775047063828 1.0455442667007 0.16599999368191
		endloop
	endfacet
	facet normal -0.55556407366285 -0.83147372782015 0
		outer loop
			vertex 1.8797116279602 1.0451052188873 0
			vertex 1.8899285793304 1.0382785797119 0.16599999368191
			vertex 1.8797116279602 1.0451052188873 0.16599999368191
		endloop
	endfacet
	facet normal -0.83147372782015 -0.55556407366285 0
		outer loop
			vertex 1.8899285793304 1.0382785797119 0
			vertex 1.8967552185059 1.0280616283417 0.16599999368191
			vertex 1.8899285793304 1.0382785797119 0.16599999368191
		endloop
	endfacet
	facet normal 0 0 -1
		outer loop
			vertex 1.8676600456238 1.0160100460052 0.16599999368191
			vertex 1.8775047063828 1.0455442667007 0.16599999368191
			vertex 1.8991525173187 1.0160100460052 0.16599999368191
		endloop
	endfacet
	facet normal 0 0 -1
		outer loop
			vertex 1.8775047063828 1.0455442667007 0.16599999368191
			vertex 1.8797116279602 1.0451052188873 0.16599999368191
			vertex 1.8899285793304 1.0382785797119 0.16599999368191
		endloop
	endfacet
	facet normal 0 0 -1
		outer loop
			vertex 1.8775047063828 1.0455442667007 0.16599999368191
			vertex 1.8899285793304 1.0382785797119 0.16599999368191
			vertex 1.8967552185059 1.0280616283417 0.16599999368191
		endloop
	endfacet
	facet normal 0 0 -1
		outer loop
			vertex 1.8991525173187 1.0160100460052 0.16599999368191
			vertex 1.8775047063828 1.0455442667007 0.16599999368191
			vertex 1.8967552185059 1.0280616283417 0.16599999368191
		endloop
	endfacet
	facet normal 0 0 -1
		outer loop
			vertex 1.7416900396347 1.0293360948563 0.16599999368191
			vertex 1.7416900396347 1.0579999685287 0.16599999368191
			vertex 1.7657897472382 1.0710623264313 0.16599999368191
		endloop
	endfacet
	facet normal 0 0 -1
		outer loop
			vertex 1.7416900396347 1.0293360948563 0.16599999368191
			vertex 1.7657897472382 1.0710623264313 0.16599999368191
			vertex 1.7537416219711 1.0308035612106 0.16599999368191
		endloop
	endfacet
	facet normal -0 0 -1
		outer loop
			vertex 1.7567957639694 1.0309454202652 0.16599999368191
			vertex 1.7558690309525 1.0303262472153 0.16599999368191
			vertex 1.7615368366241 1.0479063987732 0.16599999368191
		endloop
	endfacet
	facet normal 0 0 -1
		outer loop
			vertex 1.7537416219711 1.0308035612106 0.16599999368191
			vertex 1.7657897472382 1.0710623264313 0.16599999368191
			vertex 1.7558690309525 1.0303262472153 0.16599999368191
		endloop
	endfacet
	facet normal 0 0 -1
		outer loop
			vertex 1.7615368366241 1.0479063987732 0.16599999368191
			vertex 1.7657897472382 1.0710623264313 0.16599999368191
			vertex 1.7639585733414 1.0480712652206 0.16599999368191
		endloop
	endfacet
	facet normal 0 0 -1
		outer loop
			vertex 1.7639585733414 1.0480712652206 0.16599999368191
			vertex 1.7657897472382 1.0710623264313 0.16599999368191
			vertex 1.7706960439682 1.0463968515396 0.16599999368191
		endloop
	endfacet
	facet normal 0 0 -1
		outer loop
			vertex 1.7558690309525 1.0303262472153 0.16599999368191
			vertex 1.7657897472382 1.0710623264313 0.16599999368191
			vertex 1.7615368366241 1.0479063987732 0.16599999368191
		endloop
	endfacet
	facet normal 0 0 -1
		outer loop
			vertex 1.7632566690445 1.0392597913742 0.16599999368191
			vertex 1.7615368366241 1.0479063987732 0.16599999368191
			vertex 1.7639585733414 1.0480712652206 0.16599999368191
		endloop
	endfacet
	facet normal 0 0 -1
		outer loop
			vertex 1.7639585733414 1.0399330854416 0.16599999368191
			vertex 1.7639585733414 1.0480712652206 0.16599999368191
			vertex 1.7706960439682 1.0463968515396 0.16599999368191
		endloop
	endfacet
	facet normal 0.31622742533772 -0.94868341161015 0
		outer loop
			vertex 1.7365794181824 1.089492559433 0
			vertex 1.8361674547195 1.1226885318756 0
			vertex 1.8361674547195 1.1226885318756 0.16599999368191
		endloop
	endfacet
	facet normal -0.31622776601684 0.94868329805051 0
		outer loop
			vertex 1.8412780761719 1.0579999685287 0
			vertex 1.8412780761719 1.0579999685287 0.16599999368191
			vertex 1.8776187896729 1.0701135396957 0
		endloop
	endfacet
	facet normal -0.94868329805051 -0.31622776601684 0
		outer loop
			vertex 1.8775047063828 1.070455789566 0
			vertex 1.8776187896729 1.0701135396957 0
			vertex 1.8776187896729 1.0701135396957 0.16599999368191
		endloop
	endfacet
	facet normal 0.31622742533772 -0.94868341161015 0
		outer loop
			vertex 1.7365794181824 1.089492559433 0
			vertex 1.8361674547195 1.1226885318756 0.16599999368191
			vertex 1.7365794181824 1.089492559433 0.16599999368191
		endloop
	endfacet
	facet normal -0.31622776601684 0.94868329805051 0
		outer loop
			vertex 1.8776187896729 1.0701135396957 0
			vertex 1.8412780761719 1.0579999685287 0.16599999368191
			vertex 1.8776187896729 1.0701135396957 0.16599999368191
		endloop
	endfacet
	facet normal -0.94868329805051 -0.31622776601684 0
		outer loop
			vertex 1.8775047063828 1.070455789566 0
			vertex 1.8776187896729 1.0701135396957 0.16599999368191
			vertex 1.8775047063828 1.070455789566 0.16599999368191
		endloop
	endfacet
	facet normal 0 0 -1
		outer loop
			vertex 1.7416900396347 1.0579999685287 0.16599999368191
			vertex 1.7396695613861 1.0890905857086 0.16599999368191
			vertex 1.7657897472382 1.0710623264313 0.16599999368191
		endloop
	endfacet
	facet normal 0 0 -1
		outer loop
			vertex 1.7396434545517 1.089492559433 0.16599999368191
			vertex 1.7657897472382 1.0710623264313 0.16599999368191
			vertex 1.7396695613861 1.0890905857086 0.16599999368191
		endloop
	endfacet
	facet normal 0 0 -1
		outer loop
			vertex 1.7396434545517 1.089492559433 0.16599999368191
			vertex 1.7689613103867 1.0727813243866 0.16599999368191
			vertex 1.7657897472382 1.0710623264313 0.16599999368191
		endloop
	endfacet
	facet normal 0 0 -1
		outer loop
			vertex 1.7689613103867 1.0727813243866 0.16599999368191
			vertex 1.7978721857071 1.0724686384201 0.16599999368191
			vertex 1.769986987114 1.0712462663651 0.16599999368191
		endloop
	endfacet
	facet normal 0 0 -1
		outer loop
			vertex 1.769986987114 1.0712462663651 0.16599999368191
			vertex 1.7978721857071 1.0724686384201 0.16599999368191
			vertex 1.7707853317261 1.0654928684235 0.16599999368191
		endloop
	endfacet
	facet normal 0 0 -1
		outer loop
			vertex 1.7707853317261 1.0464824438095 0.16599999368191
			vertex 1.7707853317261 1.0654928684235 0.16599999368191
			vertex 1.7978721857071 1.0724686384201 0.16599999368191
		endloop
	endfacet
	facet normal 0 0 -1
		outer loop
			vertex 1.7396434545517 1.089492559433 0.16599999368191
			vertex 1.8361674547195 1.1092077493668 0.16599999368191
			vertex 1.7689613103867 1.0727813243866 0.16599999368191
		endloop
	endfacet
	facet normal 0 0 -1
		outer loop
			vertex 1.7365794181824 1.089492559433 0.16599999368191
			vertex 1.8361674547195 1.1226885318756 0.16599999368191
			vertex 1.7396434545517 1.089492559433 0.16599999368191
		endloop
	endfacet
	facet normal 0 0 -1
		outer loop
			vertex 1.7689613103867 1.0727813243866 0.16599999368191
			vertex 1.8361674547195 1.1092077493668 0.16599999368191
			vertex 1.7978721857071 1.0724686384201 0.16599999368191
		endloop
	endfacet
	facet normal 0 0 -1
		outer loop
			vertex 1.7978721857071 1.0724686384201 0.16599999368191
			vertex 1.8361674547195 1.1092077493668 0.16599999368191
			vertex 1.8412780761719 1.0579999685287 0.16599999368191
		endloop
	endfacet
	facet normal 0 0 -1
		outer loop
			vertex 1.7396434545517 1.089492559433 0.16599999368191
			vertex 1.8361674547195 1.1226885318756 0.16599999368191
			vertex 1.8361674547195 1.1092077493668 0.16599999368191
		endloop
	endfacet
	facet normal 0 0 -1
		outer loop
			vertex 1.8412780761719 1.0579999685287 0.16599999368191
			vertex 1.8361674547195 1.1092077493668 0.16599999368191
			vertex 1.8512213230133 1.0738259553909 0.16599999368191
		endloop
	endfacet
	facet normal 0 0 -1
		outer loop
			vertex 1.8412780761719 1.0579999685287 0.16599999368191
			vertex 1.8512213230133 1.0738259553909 0.16599999368191
			vertex 1.8776187896729 1.0701135396957 0.16599999368191
		endloop
	endfacet
	facet normal 0 0 -1
		outer loop
			vertex 1.8512213230133 1.0738259553909 0.16599999368191
			vertex 1.8676600456238 1.0999900102615 0.16599999368191
			vertex 1.8775047063828 1.070455789566 0.16599999368191
		endloop
	endfacet
	facet normal 0 0 -1
		outer loop
			vertex 1.8361674547195 1.1092077493668 0.16599999368191
			vertex 1.8393114805222 1.1082875728607 0.16599999368191
			vertex 1.8512213230133 1.0738259553909 0.16599999368191
		endloop
	endfacet
	facet normal -0 -0 -1
		outer loop
			vertex 1.8453913927078 1.106507897377 0.16599999368191
			vertex 1.8512213230133 1.0738259553909 0.16599999368191
			vertex 1.8393114805222 1.1082875728607 0.16599999368191
		endloop
	endfacet
	facet normal 0 0 -1
		outer loop
			vertex 1.8512213230133 1.0738259553909 0.16599999368191
			vertex 1.8775047063828 1.070455789566 0.16599999368191
			vertex 1.8776187896729 1.0701135396957 0.16599999368191
		endloop
	endfacet
	facet normal 1 0 0
		outer loop
			vertex 1.8361674547195 1.1226885318756 0
			vertex 1.8361674547195 1.167115688324 0
			vertex 1.8361674547195 1.167115688324 0.16599999368191
		endloop
	endfacet
	facet normal -1 0 0
		outer loop
			vertex 1.8991525173187 1.0999900102615 0
			vertex 1.8991525173187 1.0999900102615 0.16599999368191
			vertex 1.8991525173187 1.1839699745178 0
		endloop
	endfacet
	facet normal 1 0 0
		outer loop
			vertex 1.8361674547195 1.1226885318756 0
			vertex 1.8361674547195 1.167115688324 0.16599999368191
			vertex 1.8361674547195 1.1226885318756 0.16599999368191
		endloop
	endfacet
	facet normal -1 0 0
		outer loop
			vertex 1.8991525173187 1.1839699745178 0
			vertex 1.8991525173187 1.0999900102615 0.16599999368191
			vertex 1.8991525173187 1.1839699745178 0.16599999368191
		endloop
	endfacet
	facet normal 0 0 -1
		outer loop
			vertex 1.8361674547195 1.1226885318756 0.16599999368191
			vertex 1.8453913927078 1.1160402297974 0.16599999368191
			vertex 1.8393114805222 1.1082875728607 0.16599999368191
		endloop
	endfacet
	facet normal 0 0 -1
		outer loop
			vertex 1.8361674547195 1.1226885318756 0.16599999368191
			vertex 1.8393114805222 1.1082875728607 0.16599999368191
			vertex 1.8361674547195 1.1092077493668 0.16599999368191
		endloop
	endfacet
	facet normal 0 0 -1
		outer loop
			vertex 1.8361674547195 1.1226885318756 0.16599999368191
			vertex 1.8443742990494 1.1620850563049 0.16599999368191
			vertex 1.8453913927078 1.1160402297974 0.16599999368191
		endloop
	endfacet
	facet normal 0 0 -1
		outer loop
			vertex 1.8361674547195 1.1226885318756 0.16599999368191
			vertex 1.8361674547195 1.167115688324 0.16599999368191
			vertex 1.8443742990494 1.1620850563049 0.16599999368191
		endloop
	endfacet
	facet normal 0 0 -1
		outer loop
			vertex 1.8453913927078 1.1160402297974 0.16599999368191
			vertex 1.8443742990494 1.1620850563049 0.16599999368191
			vertex 1.8676600456238 1.0999900102615 0.16599999368191
		endloop
	endfacet
	facet normal 0 0 -1
		outer loop
			vertex 1.8676600456238 1.0999900102615 0.16599999368191
			vertex 1.8528399467468 1.1617399454117 0.16599999368191
			vertex 1.8637824058533 1.1839699745178 0.16599999368191
		endloop
	endfacet
	facet normal 0 0 -1
		outer loop
			vertex 1.8676600456238 1.0999900102615 0.16599999368191
			vertex 1.8443742990494 1.1620850563049 0.16599999368191
			vertex 1.8528399467468 1.1617399454117 0.16599999368191
		endloop
	endfacet
	facet normal 0 0 -1
		outer loop
			vertex 1.8440066576004 1.1630656719208 0.16599999368191
			vertex 1.8528399467468 1.1617399454117 0.16599999368191
			vertex 1.8443742990494 1.1620850563049 0.16599999368191
		endloop
	endfacet
	facet normal 0 0 -1
		outer loop
			vertex 1.8485993146896 1.1839699745178 0.16599999368191
			vertex 1.8637824058533 1.1839699745178 0.16599999368191
			vertex 1.8528399467468 1.1617399454117 0.16599999368191
		endloop
	endfacet
	facet normal 0 0 -1
		outer loop
			vertex 1.8676600456238 1.0999900102615 0.16599999368191
			vertex 1.8797116279602 1.1259111166 0.16599999368191
			vertex 1.8739242553711 1.0999900102615 0.16599999368191
		endloop
	endfacet
	facet normal 0 0 -1
		outer loop
			vertex 1.8676600456238 1.0999900102615 0.16599999368191
			vertex 1.8637824058533 1.1839699745178 0.16599999368191
			vertex 1.8797116279602 1.1259111166 0.16599999368191
		endloop
	endfacet
	facet normal 0 0 -1
		outer loop
			vertex 1.8991525173187 1.0999900102615 0.16599999368191
			vertex 1.8797116279602 1.1259111166 0.16599999368191
			vertex 1.8991525173187 1.1839699745178 0.16599999368191
		endloop
	endfacet
	facet normal 0 0 -1
		outer loop
			vertex 1.8637824058533 1.1839699745178 0.16599999368191
			vertex 1.8991525173187 1.1839699745178 0.16599999368191
			vertex 1.8797116279602 1.1259111166 0.16599999368191
		endloop
	endfacet
	facet normal 0.55470041629048 0.83205014762763 -0
		outer loop
			vertex 1.7321548461914 1.2364574670792 0
			vertex 1.7321548461914 1.2364574670792 0.16599999368191
			vertex 1.8361674547195 1.167115688324 0
		endloop
	endfacet
	facet normal 0.83208060623798 -0.55465472568314 0
		outer loop
			vertex 1.7591588497162 1.2941533327103 0
			vertex 1.7591588497162 1.2941533327103 0.16599999368191
			vertex 1.7588232755661 1.2936499118805 0
		endloop
	endfacet
	facet normal -0.5547000145187 -0.8320504154755 0
		outer loop
			vertex 1.7591588497162 1.2941533327103 0
			vertex 1.8851288557053 1.210173368454 0
			vertex 1.8851288557053 1.210173368454 0.16599999368191
		endloop
	endfacet
	facet normal -0.83214120767989 0.55456380199311 0
		outer loop
			vertex 1.8851288557053 1.210173368454 0
			vertex 1.8847932815552 1.2096698284149 0
			vertex 1.8847932815552 1.2096698284149 0.16599999368191
		endloop
	endfacet
	facet normal 0.83208060623798 -0.55465472568314 0
		outer loop
			vertex 1.7588232755661 1.2936499118805 0
			vertex 1.7591588497162 1.2941533327103 0.16599999368191
			vertex 1.7588232755661 1.2936499118805 0.16599999368191
		endloop
	endfacet
	facet normal 0.55470041629048 0.83205014762763 -0
		outer loop
			vertex 1.8361674547195 1.167115688324 0
			vertex 1.7321548461914 1.2364574670792 0.16599999368191
			vertex 1.8361674547195 1.167115688324 0.16599999368191
		endloop
	endfacet
	facet normal -0.5547000145187 -0.8320504154755 0
		outer loop
			vertex 1.7591588497162 1.2941533327103 0
			vertex 1.8851288557053 1.210173368454 0.16599999368191
			vertex 1.7591588497162 1.2941533327103 0.16599999368191
		endloop
	endfacet
	facet normal -0.83214120767989 0.55456380199311 0
		outer loop
			vertex 1.8851288557053 1.210173368454 0
			vertex 1.8847932815552 1.2096698284149 0.16599999368191
			vertex 1.8851288557053 1.210173368454 0.16599999368191
		endloop
	endfacet
	facet normal 0 0 -1
		outer loop
			vertex 1.7321548461914 1.2364574670792 0.16599999368191
			vertex 1.7416900396347 1.2383189201355 0.16599999368191
			vertex 1.8361674547195 1.167115688324 0.16599999368191
		endloop
	endfacet
	facet normal 0 0 -1
		outer loop
			vertex 1.7416900396347 1.2383189201355 0.16599999368191
			vertex 1.7436674833298 1.2368508577347 0.16599999368191
			vertex 1.8361674547195 1.167115688324 0.16599999368191
		endloop
	endfacet
	facet normal 0 0 -1
		outer loop
			vertex 1.7436674833298 1.2368508577347 0.16599999368191
			vertex 1.7464008331299 1.2373945713043 0.16599999368191
			vertex 1.8440066576004 1.1630656719208 0.16599999368191
		endloop
	endfacet
	facet normal 0 0 -1
		outer loop
			vertex 1.7464008331299 1.2373945713043 0.16599999368191
			vertex 1.7485423088074 1.2649936676025 0.16599999368191
			vertex 1.8676600456238 1.2136011123657 0.16599999368191
		endloop
	endfacet
	facet normal 0 0 -1
		outer loop
			vertex 1.7465146780014 1.2751870155334 0.16599999368191
			vertex 1.8676600456238 1.2136011123657 0.16599999368191
			vertex 1.7485423088074 1.2649936676025 0.16599999368191
		endloop
	endfacet
	facet normal 0 0 -1
		outer loop
			vertex 1.7465146780014 1.2751870155334 0.16599999368191
			vertex 1.7554296255112 1.2885594367981 0.16599999368191
			vertex 1.8676600456238 1.2136011123657 0.16599999368191
		endloop
	endfacet
	facet normal 0 0 -1
		outer loop
			vertex 1.7436674833298 1.2368508577347 0.16599999368191
			vertex 1.8443742990494 1.1620850563049 0.16599999368191
			vertex 1.8361674547195 1.167115688324 0.16599999368191
		endloop
	endfacet
	facet normal 0 0 -1
		outer loop
			vertex 1.7436674833298 1.2368508577347 0.16599999368191
			vertex 1.8440066576004 1.1630656719208 0.16599999368191
			vertex 1.8443742990494 1.1620850563049 0.16599999368191
		endloop
	endfacet
	facet normal 0 0 -1
		outer loop
			vertex 1.8440066576004 1.1630656719208 0.16599999368191
			vertex 1.8485993146896 1.1839699745178 0.16599999368191
			vertex 1.8528399467468 1.1617399454117 0.16599999368191
		endloop
	endfacet
	facet normal 0 0 -1
		outer loop
			vertex 1.7464008331299 1.2373945713043 0.16599999368191
			vertex 1.8485993146896 1.1839699745178 0.16599999368191
			vertex 1.8440066576004 1.1630656719208 0.16599999368191
		endloop
	endfacet
	facet normal 0 0 -1
		outer loop
			vertex 1.7464008331299 1.2373945713043 0.16599999368191
			vertex 1.8676600456238 1.2136011123657 0.16599999368191
			vertex 1.8485993146896 1.1839699745178 0.16599999368191
		endloop
	endfacet
	facet normal 0 0 -1
		outer loop
			vertex 1.8485993146896 1.1839699745178 0.16599999368191
			vertex 1.8676600456238 1.2136011123657 0.16599999368191
			vertex 1.8637824058533 1.1839699745178 0.16599999368191
		endloop
	endfacet
	facet normal 0 0 -1
		outer loop
			vertex 1.7591588497162 1.2941533327103 0.16599999368191
			vertex 1.8835868835449 1.2104759216309 0.16599999368191
			vertex 1.8676600456238 1.2136011123657 0.16599999368191
		endloop
	endfacet
	facet normal 0 0 -1
		outer loop
			vertex 1.7591588497162 1.2941533327103 0.16599999368191
			vertex 1.8851288557053 1.210173368454 0.16599999368191
			vertex 1.8835868835449 1.2104759216309 0.16599999368191
		endloop
	endfacet
	facet normal 0 -0 -1
		outer loop
			vertex 1.7591588497162 1.2941533327103 0.16599999368191
			vertex 1.8676600456238 1.2136011123657 0.16599999368191
			vertex 1.7588232755661 1.2936499118805 0.16599999368191
		endloop
	endfacet
	facet normal 0 0 -1
		outer loop
			vertex 1.7554296255112 1.2885594367981 0.16599999368191
			vertex 1.7588232755661 1.2936499118805 0.16599999368191
			vertex 1.8676600456238 1.2136011123657 0.16599999368191
		endloop
	endfacet
	facet normal 0 0 -1
		outer loop
			vertex 1.8835868835449 1.2104759216309 0.16599999368191
			vertex 1.8851288557053 1.210173368454 0.16599999368191
			vertex 1.8847932815552 1.2096698284149 0.16599999368191
		endloop
	endfacet
	facet normal 0 1 0
		outer loop
			vertex 1.4792524576187 1.2364574670792 0
			vertex 1.4792524576187 1.2364574670792 0.16599999368191
			vertex 1.7321548461914 1.2364574670792 0
		endloop
	endfacet
	facet normal 0 -1 0
		outer loop
			vertex 1.4477599859238 1.2994425296783 0
			vertex 1.7416900396347 1.2994425296783 0
			vertex 1.7416900396347 1.2994425296783 0.16599999368191
		endloop
	endfacet
	facet normal 0 -1 0
		outer loop
			vertex 1.4477599859238 1.2994425296783 0
			vertex 1.7416900396347 1.2994425296783 0.16599999368191
			vertex 1.4477599859238 1.2994425296783 0.16599999368191
		endloop
	endfacet
	facet normal 0 1 -0
		outer loop
			vertex 1.7321548461914 1.2364574670792 0
			vertex 1.4792524576187 1.2364574670792 0.16599999368191
			vertex 1.7321548461914 1.2364574670792 0.16599999368191
		endloop
	endfacet
	facet normal 0 0 -1
		outer loop
			vertex 1.4792524576187 1.2364574670792 0.16599999368191
			vertex 1.4792524576187 1.2432059049606 0.16599999368191
			vertex 1.7321548461914 1.2364574670792 0.16599999368191
		endloop
	endfacet
	facet normal 0 0 -1
		outer loop
			vertex 1.4477599859238 1.2679500579834 0.16599999368191
			vertex 1.4477599859238 1.2889926433563 0.16599999368191
			vertex 1.7416900396347 1.2994425296783 0.16599999368191
		endloop
	endfacet
	facet normal 0 0 -1
		outer loop
			vertex 1.4477599859238 1.2679500579834 0.16599999368191
			vertex 1.7416900396347 1.2994425296783 0.16599999368191
			vertex 1.4792524576187 1.2432059049606 0.16599999368191
		endloop
	endfacet
	facet normal 0 0 -1
		outer loop
			vertex 1.4477599859238 1.2889926433563 0.16599999368191
			vertex 1.4477599859238 1.2994425296783 0.16599999368191
			vertex 1.7416900396347 1.2994425296783 0.16599999368191
		endloop
	endfacet
	facet normal 0 0 -1
		outer loop
			vertex 1.4792524576187 1.2432059049606 0.16599999368191
			vertex 1.7416900396347 1.2383189201355 0.16599999368191
			vertex 1.7321548461914 1.2364574670792 0.16599999368191
		endloop
	endfacet
	facet normal 0 0 -1
		outer loop
			vertex 1.4792524576187 1.2432059049606 0.16599999368191
			vertex 1.7416900396347 1.2994425296783 0.16599999368191
			vertex 1.7416900396347 1.2383189201355 0.16599999368191
		endloop
	endfacet
	facet normal 0 0 -1
		outer loop
			vertex 1.729638338089 1.0290900468826 0.16599999368191
			vertex 1.7411406040192 1.0292692184448 0.16599999368191
			vertex 1.7336459159851 1.0281075239182 0.16599999368191
		endloop
	endfacet
	facet normal 0 0 -1
		outer loop
			vertex 1.729638338089 1.0290900468826 0.16599999368191
			vertex 1.7336459159851 1.0281075239182 0.16599999368191
			vertex 1.7326443195343 1.0283068418503 0.16599999368191
		endloop
	endfacet
	facet normal -0 0 -1
		outer loop
			vertex 1.7416900396347 1.0293360948563 0.16599999368191
			vertex 1.7411406040192 1.0292692184448 0.16599999368191
			vertex 1.7416900396347 1.0579999685287 0.16599999368191
		endloop
	endfacet
	facet normal 0 0 -1
		outer loop
			vertex 1.7416900396347 1.0293360948563 0.16599999368191
			vertex 1.7411831617355 1.0290555953979 0.16599999368191
			vertex 1.7411406040192 1.0292692184448 0.16599999368191
		endloop
	endfacet
	facet normal 0 0 -1
		outer loop
			vertex 1.7411406040192 1.0292692184448 0.16599999368191
			vertex 1.7353060245514 1.058601975441 0.16599999368191
			vertex 1.7416900396347 1.0579999685287 0.16599999368191
		endloop
	endfacet
	facet normal 0 0 -1
		outer loop
			vertex 1.7567957639694 1.0309454202652 0.16599999368191
			vertex 1.7615368366241 1.0479063987732 0.16599999368191
			vertex 1.7632566690445 1.0392597913742 0.16599999368191
		endloop
	endfacet
	facet normal 0 0 -1
		outer loop
			vertex 1.7567957639694 1.0309454202652 0.16599999368191
			vertex 1.7632566690445 1.0392597913742 0.16599999368191
			vertex 1.7586491107941 1.0321837663651 0.16599999368191
		endloop
	endfacet
	facet normal 0 -0 -1
		outer loop
			vertex 1.7639585733414 1.0399330854416 0.16599999368191
			vertex 1.7639585733414 1.0394283533096 0.16599999368191
			vertex 1.7632566690445 1.0392597913742 0.16599999368191
		endloop
	endfacet
	facet normal -0 0 -1
		outer loop
			vertex 1.7707853317261 1.0464824438095 0.16599999368191
			vertex 1.7706960439682 1.0463968515396 0.16599999368191
			vertex 1.7707853317261 1.0654928684235 0.16599999368191
		endloop
	endfacet
	facet normal -0 0 -1
		outer loop
			vertex 1.7639585733414 1.0399330854416 0.16599999368191
			vertex 1.7632566690445 1.0392597913742 0.16599999368191
			vertex 1.7639585733414 1.0480712652206 0.16599999368191
		endloop
	endfacet
	facet normal 0 0 -1
		outer loop
			vertex 1.7353060245514 1.058601975441 0.16599999368191
			vertex 1.7396695613861 1.0890905857086 0.16599999368191
			vertex 1.7416900396347 1.0579999685287 0.16599999368191
		endloop
	endfacet
	facet normal 0 -0 -1
		outer loop
			vertex 1.7689613103867 1.0727813243866 0.16599999368191
			vertex 1.769986987114 1.0712462663651 0.16599999368191
			vertex 1.7657897472382 1.0710623264313 0.16599999368191
		endloop
	endfacet
	facet normal 0 0 -1
		outer loop
			vertex 1.7657897472382 1.0710623264313 0.16599999368191
			vertex 1.769986987114 1.0712462663651 0.16599999368191
			vertex 1.7707853317261 1.0654928684235 0.16599999368191
		endloop
	endfacet
	facet normal 0 0 -1
		outer loop
			vertex 1.7706960439682 1.0463968515396 0.16599999368191
			vertex 1.7657897472382 1.0710623264313 0.16599999368191
			vertex 1.7707853317261 1.0654928684235 0.16599999368191
		endloop
	endfacet
	facet normal -0.19506664205913 0.98078999034237 0
		outer loop
			vertex 1.8775047063828 1.070455789566 0
			vertex 1.8775047063828 1.070455789566 0.16599999368191
			vertex 1.8797116279602 1.0708947181702 0
		endloop
	endfacet
	facet normal -0.55557078070223 0.83146924635245 0
		outer loop
			vertex 1.8797116279602 1.0708947181702 0
			vertex 1.8797116279602 1.0708947181702 0.16599999368191
			vertex 1.8899285793304 1.0777214765549 0
		endloop
	endfacet
	facet normal -0.83147073341289 0.55556855515574 0
		outer loop
			vertex 1.8899285793304 1.0777214765549 0
			vertex 1.8899285793304 1.0777214765549 0.16599999368191
			vertex 1.8967552185059 1.0879383087158 0
		endloop
	endfacet
	facet normal -0.98078424756123 0.19509551439169 0
		outer loop
			vertex 1.8967552185059 1.0879383087158 0
			vertex 1.8967552185059 1.0879383087158 0.16599999368191
			vertex 1.8991525173187 1.0999900102615 0
		endloop
	endfacet
	facet normal -0.19506664205913 0.98078999034237 0
		outer loop
			vertex 1.8797116279602 1.0708947181702 0
			vertex 1.8775047063828 1.070455789566 0.16599999368191
			vertex 1.8797116279602 1.0708947181702 0.16599999368191
		endloop
	endfacet
	facet normal -0.55557078070223 0.83146924635245 0
		outer loop
			vertex 1.8899285793304 1.0777214765549 0
			vertex 1.8797116279602 1.0708947181702 0.16599999368191
			vertex 1.8899285793304 1.0777214765549 0.16599999368191
		endloop
	endfacet
	facet normal -0.83147073341289 0.55556855515574 0
		outer loop
			vertex 1.8967552185059 1.0879383087158 0
			vertex 1.8899285793304 1.0777214765549 0.16599999368191
			vertex 1.8967552185059 1.0879383087158 0.16599999368191
		endloop
	endfacet
	facet normal -0.98078424756123 0.19509551439169 0
		outer loop
			vertex 1.8991525173187 1.0999900102615 0
			vertex 1.8967552185059 1.0879383087158 0.16599999368191
			vertex 1.8991525173187 1.0999900102615 0.16599999368191
		endloop
	endfacet
	facet normal 0 0 -1
		outer loop
			vertex 1.8453913927078 1.106507897377 0.16599999368191
			vertex 1.8393114805222 1.1082875728607 0.16599999368191
			vertex 1.8453913927078 1.1160402297974 0.16599999368191
		endloop
	endfacet
	facet normal 0 0 -1
		outer loop
			vertex 1.8453913927078 1.106507897377 0.16599999368191
			vertex 1.8453913927078 1.1160402297974 0.16599999368191
			vertex 1.8676600456238 1.0999900102615 0.16599999368191
		endloop
	endfacet
	facet normal 0 0 -1
		outer loop
			vertex 1.8453913927078 1.106507897377 0.16599999368191
			vertex 1.8676600456238 1.0999900102615 0.16599999368191
			vertex 1.8512213230133 1.0738259553909 0.16599999368191
		endloop
	endfacet
	facet normal 0 0 -1
		outer loop
			vertex 1.8676600456238 1.0999900102615 0.16599999368191
			vertex 1.8739242553711 1.0999900102615 0.16599999368191
			vertex 1.8775047063828 1.070455789566 0.16599999368191
		endloop
	endfacet
	facet normal 0 0 -1
		outer loop
			vertex 1.8739242553711 1.0999900102615 0.16599999368191
			vertex 1.8797116279602 1.0708947181702 0.16599999368191
			vertex 1.8775047063828 1.070455789566 0.16599999368191
		endloop
	endfacet
	facet normal -0 0 -1
		outer loop
			vertex 1.8967552185059 1.0879383087158 0.16599999368191
			vertex 1.8899285793304 1.0777214765549 0.16599999368191
			vertex 1.8991525173187 1.0999900102615 0.16599999368191
		endloop
	endfacet
	facet normal 0 0 -1
		outer loop
			vertex 1.8739242553711 1.0999900102615 0.16599999368191
			vertex 1.8797116279602 1.1259111166 0.16599999368191
			vertex 1.8797116279602 1.0708947181702 0.16599999368191
		endloop
	endfacet
	facet normal 0 0 -1
		outer loop
			vertex 1.8797116279602 1.0708947181702 0.16599999368191
			vertex 1.8797116279602 1.1259111166 0.16599999368191
			vertex 1.8899285793304 1.0777214765549 0.16599999368191
		endloop
	endfacet
	facet normal 0 0 -1
		outer loop
			vertex 1.8899285793304 1.0777214765549 0.16599999368191
			vertex 1.8797116279602 1.1259111166 0.16599999368191
			vertex 1.8991525173187 1.0999900102615 0.16599999368191
		endloop
	endfacet
	facet normal -0.98078424756123 -0.19509551439169 0
		outer loop
			vertex 1.8991525173187 1.1839699745178 0
			vertex 1.8991525173187 1.1839699745178 0.16599999368191
			vertex 1.8967552185059 1.1960216760635 0
		endloop
	endfacet
	facet normal -0.83147073341289 -0.55556855515574 0
		outer loop
			vertex 1.8899285793304 1.2062385082245 0
			vertex 1.8967552185059 1.1960216760635 0
			vertex 1.8967552185059 1.1960216760635 0.16599999368191
		endloop
	endfacet
	facet normal -0.55557291027899 -0.83146782340878 0
		outer loop
			vertex 1.8847932815552 1.2096698284149 0
			vertex 1.8899285793304 1.2062385082245 0
			vertex 1.8899285793304 1.2062385082245 0.16599999368191
		endloop
	endfacet
	facet normal -0.83147073341289 -0.55556855515574 0
		outer loop
			vertex 1.8899285793304 1.2062385082245 0
			vertex 1.8967552185059 1.1960216760635 0.16599999368191
			vertex 1.8899285793304 1.2062385082245 0.16599999368191
		endloop
	endfacet
	facet normal -0.98078424756123 -0.19509551439169 0
		outer loop
			vertex 1.8967552185059 1.1960216760635 0
			vertex 1.8991525173187 1.1839699745178 0.16599999368191
			vertex 1.8967552185059 1.1960216760635 0.16599999368191
		endloop
	endfacet
	facet normal -0.55557291027899 -0.83146782340878 0
		outer loop
			vertex 1.8847932815552 1.2096698284149 0
			vertex 1.8899285793304 1.2062385082245 0.16599999368191
			vertex 1.8847932815552 1.2096698284149 0.16599999368191
		endloop
	endfacet
	facet normal 0 0 -1
		outer loop
			vertex 1.8637824058533 1.1839699745178 0.16599999368191
			vertex 1.8967552185059 1.1960216760635 0.16599999368191
			vertex 1.8991525173187 1.1839699745178 0.16599999368191
		endloop
	endfacet
	facet normal 0 0 -1
		outer loop
			vertex 1.8637824058533 1.1839699745178 0.16599999368191
			vertex 1.8676600456238 1.2136011123657 0.16599999368191
			vertex 1.8835868835449 1.2104759216309 0.16599999368191
		endloop
	endfacet
	facet normal 0 0 -1
		outer loop
			vertex 1.8637824058533 1.1839699745178 0.16599999368191
			vertex 1.8835868835449 1.2104759216309 0.16599999368191
			vertex 1.8847932815552 1.2096698284149 0.16599999368191
		endloop
	endfacet
	facet normal 0 0 -1
		outer loop
			vertex 1.8637824058533 1.1839699745178 0.16599999368191
			vertex 1.8847932815552 1.2096698284149 0.16599999368191
			vertex 1.8899285793304 1.2062385082245 0.16599999368191
		endloop
	endfacet
	facet normal 0 0 -1
		outer loop
			vertex 1.8637824058533 1.1839699745178 0.16599999368191
			vertex 1.8899285793304 1.2062385082245 0.16599999368191
			vertex 1.8967552185059 1.1960216760635 0.16599999368191
		endloop
	endfacet
	facet normal -0.1950973707424 -0.98078387829807 0
		outer loop
			vertex 1.7416900396347 1.2994425296783 0
			vertex 1.7537416219711 1.2970452308655 0
			vertex 1.7537416219711 1.2970452308655 0.16599999368191
		endloop
	endfacet
	facet normal -0.55555514357225 -0.83147969455087 0
		outer loop
			vertex 1.7537416219711 1.2970452308655 0
			vertex 1.7588232755661 1.2936499118805 0
			vertex 1.7588232755661 1.2936499118805 0.16599999368191
		endloop
	endfacet
	facet normal -0.1950973707424 -0.98078387829807 0
		outer loop
			vertex 1.7416900396347 1.2994425296783 0
			vertex 1.7537416219711 1.2970452308655 0.16599999368191
			vertex 1.7416900396347 1.2994425296783 0.16599999368191
		endloop
	endfacet
	facet normal -0.55555514357225 -0.83147969455087 0
		outer loop
			vertex 1.7537416219711 1.2970452308655 0
			vertex 1.7588232755661 1.2936499118805 0.16599999368191
			vertex 1.7537416219711 1.2970452308655 0.16599999368191
		endloop
	endfacet
	facet normal 0 0 -1
		outer loop
			vertex 1.7416900396347 1.2383189201355 0.16599999368191
			vertex 1.7464008331299 1.2373945713043 0.16599999368191
			vertex 1.7436674833298 1.2368508577347 0.16599999368191
		endloop
	endfacet
	facet normal 0 0 -1
		outer loop
			vertex 1.7416900396347 1.2383189201355 0.16599999368191
			vertex 1.7485423088074 1.2649936676025 0.16599999368191
			vertex 1.7464008331299 1.2373945713043 0.16599999368191
		endloop
	endfacet
	facet normal 0 0 -1
		outer loop
			vertex 1.7416900396347 1.2383189201355 0.16599999368191
			vertex 1.7416900396347 1.2994425296783 0.16599999368191
			vertex 1.7465146780014 1.2751870155334 0.16599999368191
		endloop
	endfacet
	facet normal 0 0 -1
		outer loop
			vertex 1.7416900396347 1.2383189201355 0.16599999368191
			vertex 1.7465146780014 1.2751870155334 0.16599999368191
			vertex 1.7485423088074 1.2649936676025 0.16599999368191
		endloop
	endfacet
	facet normal 0 0 -1
		outer loop
			vertex 1.7465146780014 1.2751870155334 0.16599999368191
			vertex 1.7416900396347 1.2994425296783 0.16599999368191
			vertex 1.7554296255112 1.2885594367981 0.16599999368191
		endloop
	endfacet
	facet normal 0 0 -1
		outer loop
			vertex 1.7416900396347 1.2994425296783 0.16599999368191
			vertex 1.7537416219711 1.2970452308655 0.16599999368191
			vertex 1.7554296255112 1.2885594367981 0.16599999368191
		endloop
	endfacet
	facet normal 0 0 -1
		outer loop
			vertex 1.7554296255112 1.2885594367981 0.16599999368191
			vertex 1.7537416219711 1.2970452308655 0.16599999368191
			vertex 1.7588232755661 1.2936499118805 0.16599999368191
		endloop
	endfacet
	facet normal 0.83146924635245 -0.55557078070223 0
		outer loop
			vertex 1.4186646938324 1.2800016403198 0
			vertex 1.4254914522171 1.2902185916901 0
			vertex 1.4254914522171 1.2902185916901 0.16599999368191
		endloop
	endfacet
	facet normal 0.98080333205898 -0.19499954826103 0
		outer loop
			vertex 1.4185285568237 1.2793169021606 0
			vertex 1.4186646938324 1.2800016403198 0
			vertex 1.4186646938324 1.2800016403198 0.16599999368191
		endloop
	endfacet
	facet normal 0.55556855515574 -0.83147073341289 0
		outer loop
			vertex 1.4254914522171 1.2902185916901 0
			vertex 1.4357082843781 1.2970452308655 0
			vertex 1.4357082843781 1.2970452308655 0.16599999368191
		endloop
	endfacet
	facet normal 0.19509551439169 -0.98078424756123 0
		outer loop
			vertex 1.4357082843781 1.2970452308655 0
			vertex 1.4477599859238 1.2994425296783 0
			vertex 1.4477599859238 1.2994425296783 0.16599999368191
		endloop
	endfacet
	facet normal 0.98078573462515 -0.19508803847409 3.7944753011521e-07
		outer loop
			vertex 1.4185285568237 1.2793169021606 0
			vertex 1.4186646938324 1.2800016403198 0.16599999368191
			vertex 1.4162675142288 1.2679500579834 0.16599999368191
		endloop
	endfacet
	facet normal 0.83146924635245 -0.55557078070223 0
		outer loop
			vertex 1.4186646938324 1.2800016403198 0
			vertex 1.4254914522171 1.2902185916901 0.16599999368191
			vertex 1.4186646938324 1.2800016403198 0.16599999368191
		endloop
	endfacet
	facet normal 0.55556855515574 -0.83147073341289 0
		outer loop
			vertex 1.4254914522171 1.2902185916901 0
			vertex 1.4357082843781 1.2970452308655 0.16599999368191
			vertex 1.4254914522171 1.2902185916901 0.16599999368191
		endloop
	endfacet
	facet normal 0.19509551439169 -0.98078424756123 0
		outer loop
			vertex 1.4357082843781 1.2970452308655 0
			vertex 1.4477599859238 1.2994425296783 0.16599999368191
			vertex 1.4357082843781 1.2970452308655 0.16599999368191
		endloop
	endfacet
	facet normal 0 0 -1
		outer loop
			vertex 1.4162675142288 1.2679500579834 0.16599999368191
			vertex 1.4186646938324 1.2800016403198 0.16599999368191
			vertex 1.4210619926453 1.2679500579834 0.16599999368191
		endloop
	endfacet
	facet normal 0 0 -1
		outer loop
			vertex 1.4278886318207 1.2781668901443 0.16599999368191
			vertex 1.4254914522171 1.2902185916901 0.16599999368191
			vertex 1.4357082843781 1.2859865427017 0.16599999368191
		endloop
	endfacet
	facet normal 0 0 -1
		outer loop
			vertex 1.4254914522171 1.2786437273026 0.16599999368191
			vertex 1.4254914522171 1.2902185916901 0.16599999368191
			vertex 1.4278886318207 1.2781668901443 0.16599999368191
		endloop
	endfacet
	facet normal 0 0 -1
		outer loop
			vertex 1.4357082843781 1.2859865427017 0.16599999368191
			vertex 1.4357082843781 1.2970452308655 0.16599999368191
			vertex 1.4381055831909 1.2849936485291 0.16599999368191
		endloop
	endfacet
	facet normal 0 0 -1
		outer loop
			vertex 1.4357082843781 1.2859865427017 0.16599999368191
			vertex 1.4254914522171 1.2902185916901 0.16599999368191
			vertex 1.4357082843781 1.2970452308655 0.16599999368191
		endloop
	endfacet
	facet normal 0 0 -1
		outer loop
			vertex 1.4357082843781 1.2970452308655 0.16599999368191
			vertex 1.4477599859238 1.2994425296783 0.16599999368191
			vertex 1.4477599859238 1.2889926433563 0.16599999368191
		endloop
	endfacet
	facet normal 0 0 -1
		outer loop
			vertex 1.4381055831909 1.2849936485291 0.16599999368191
			vertex 1.4357082843781 1.2970452308655 0.16599999368191
			vertex 1.4477599859238 1.2889926433563 0.16599999368191
		endloop
	endfacet
	facet normal -0.70710678118655 0.70710678118655 0
		outer loop
			vertex 1.983132481575 1.1709253787994 0
			vertex 1.983132481575 1.1709253787994 0.16599999368191
			vertex 2.0486645698547 1.2364574670792 0
		endloop
	endfacet
	facet normal 0.70710728305392 -0.70710627931882 0
		outer loop
			vertex 1.9293714761734 1.2062385082245 0
			vertex 2.0133514404297 1.2902185916901 0
			vertex 2.0133514404297 1.2902185916901 0.16599999368191
		endloop
	endfacet
	facet normal 0.70710728305392 -0.70710627931882 0
		outer loop
			vertex 1.9293714761734 1.2062385082245 0
			vertex 2.0133514404297 1.2902185916901 0.16599999368191
			vertex 1.9293714761734 1.2062385082245 0.16599999368191
		endloop
	endfacet
	facet normal -0.70710678118655 0.70710678118655 0
		outer loop
			vertex 2.0486645698547 1.2364574670792 0
			vertex 1.983132481575 1.1709253787994 0.16599999368191
			vertex 2.0486645698547 1.2364574670792 0.16599999368191
		endloop
	endfacet
	facet normal -0 0 -1
		outer loop
			vertex 1.983132481575 1.1709253787994 0.16599999368191
			vertex 1.9765657186508 1.164358496666 0.16599999368191
			vertex 1.980742931366 1.1839699745178 0.16599999368191
		endloop
	endfacet
	facet normal 0 0 -1
		outer loop
			vertex 1.9500476121902 1.1855623722076 0.16599999368191
			vertex 1.9293714761734 1.2062385082245 0.16599999368191
			vertex 1.980742931366 1.1839699745178 0.16599999368191
		endloop
	endfacet
	facet normal 0 0 -1
		outer loop
			vertex 1.980742931366 1.1839699745178 0.16599999368191
			vertex 1.9293714761734 1.2062385082245 0.16599999368191
			vertex 2.0356199741364 1.2679500579834 0.16599999368191
		endloop
	endfacet
	facet normal 0 0 -1
		outer loop
			vertex 1.983132481575 1.1709253787994 0.16599999368191
			vertex 1.980742931366 1.1839699745178 0.16599999368191
			vertex 2.0486645698547 1.2364574670792 0.16599999368191
		endloop
	endfacet
	facet normal 0 0 -1
		outer loop
			vertex 1.9293714761734 1.2062385082245 0.16599999368191
			vertex 2.027800321579 1.2757697105408 0.16599999368191
			vertex 2.0356199741364 1.2679500579834 0.16599999368191
		endloop
	endfacet
	facet normal 0 0 -1
		outer loop
			vertex 1.9293714761734 1.2062385082245 0.16599999368191
			vertex 2.0133514404297 1.2902185916901 0.16599999368191
			vertex 2.027800321579 1.2757697105408 0.16599999368191
		endloop
	endfacet
	facet normal 0 0 -1
		outer loop
			vertex 1.980742931366 1.1839699745178 0.16599999368191
			vertex 2.0356199741364 1.2679500579834 0.16599999368191
			vertex 2.0486645698547 1.2364574670792 0.16599999368191
		endloop
	endfacet
	facet normal 0 0 -1
		outer loop
			vertex 2.0486645698547 1.2364574670792 0.16599999368191
			vertex 2.0356199741364 1.2679500579834 0.16599999368191
			vertex 2.0530128479004 1.2408057451248 0.16599999368191
		endloop
	endfacet
	facet normal 1 0 0
		outer loop
			vertex 1.9201475381851 1.0999900102615 0
			vertex 1.9201475381851 1.1839699745178 0
			vertex 1.9201475381851 1.1839699745178 0.16599999368191
		endloop
	endfacet
	facet normal -1 0 0
		outer loop
			vertex 1.983132481575 1.1130346059799 0
			vertex 1.983132481575 1.1130346059799 0.16599999368191
			vertex 1.983132481575 1.1709253787994 0
		endloop
	endfacet
	facet normal 1 0 0
		outer loop
			vertex 1.9201475381851 1.0999900102615 0
			vertex 1.9201475381851 1.1839699745178 0.16599999368191
			vertex 1.9201475381851 1.0999900102615 0.16599999368191
		endloop
	endfacet
	facet normal -1 0 0
		outer loop
			vertex 1.983132481575 1.1709253787994 0
			vertex 1.983132481575 1.1130346059799 0.16599999368191
			vertex 1.983132481575 1.1709253787994 0.16599999368191
		endloop
	endfacet
	facet normal 0 0 -1
		outer loop
			vertex 1.9201475381851 1.0999900102615 0.16599999368191
			vertex 1.9395883083344 1.1580488681793 0.16599999368191
			vertex 1.9516400098801 1.0999900102615 0.16599999368191
		endloop
	endfacet
	facet normal 0 0 -1
		outer loop
			vertex 1.9201475381851 1.0999900102615 0.16599999368191
			vertex 1.9201475381851 1.1839699745178 0.16599999368191
			vertex 1.9395883083344 1.1580488681793 0.16599999368191
		endloop
	endfacet
	facet normal 0 0 -1
		outer loop
			vertex 1.9516400098801 1.0999900102615 0.16599999368191
			vertex 1.9636917114258 1.1259111166 0.16599999368191
			vertex 1.959704875946 1.1080548763275 0.16599999368191
		endloop
	endfacet
	facet normal 0 0 -1
		outer loop
			vertex 1.9696357250214 1.1179857254028 0.16599999368191
			vertex 1.983132481575 1.1130346059799 0.16599999368191
			vertex 1.983132481575 1.1097222566605 0.16599999368191
		endloop
	endfacet
	facet normal 0 0 -1
		outer loop
			vertex 1.9516400098801 1.0999900102615 0.16599999368191
			vertex 1.9395883083344 1.1580488681793 0.16599999368191
			vertex 1.9636917114258 1.1259111166 0.16599999368191
		endloop
	endfacet
	facet normal 0 0 -1
		outer loop
			vertex 1.9395883083344 1.1580488681793 0.16599999368191
			vertex 1.9453758001328 1.1839699745178 0.16599999368191
			vertex 1.9636917114258 1.1259111166 0.16599999368191
		endloop
	endfacet
	facet normal 0 0 -1
		outer loop
			vertex 1.9696357250214 1.1179857254028 0.16599999368191
			vertex 1.9636917114258 1.1259111166 0.16599999368191
			vertex 1.9765657186508 1.164358496666 0.16599999368191
		endloop
	endfacet
	facet normal 0 0 -1
		outer loop
			vertex 1.9696357250214 1.1179857254028 0.16599999368191
			vertex 1.9765657186508 1.164358496666 0.16599999368191
			vertex 1.983132481575 1.1709253787994 0.16599999368191
		endloop
	endfacet
	facet normal 0 0 -1
		outer loop
			vertex 1.9453758001328 1.1839699745178 0.16599999368191
			vertex 1.9765657186508 1.164358496666 0.16599999368191
			vertex 1.9636917114258 1.1259111166 0.16599999368191
		endloop
	endfacet
	facet normal 0 0 -1
		outer loop
			vertex 1.9453758001328 1.1839699745178 0.16599999368191
			vertex 1.980742931366 1.1839699745178 0.16599999368191
			vertex 1.9765657186508 1.164358496666 0.16599999368191
		endloop
	endfacet
	facet normal 0 0 -1
		outer loop
			vertex 1.9696357250214 1.1179857254028 0.16599999368191
			vertex 1.983132481575 1.1709253787994 0.16599999368191
			vertex 1.983132481575 1.1130346059799 0.16599999368191
		endloop
	endfacet
	facet normal 0.70710678118655 0.70710678118655 0
		outer loop
			vertex 1.991082906723 1.0160100460052 0
			vertex 1.9293714761734 1.0777214765549 0
			vertex 1.9293714761734 1.0777214765549 0.16599999368191
		endloop
	endfacet
	facet normal -0.70710678118655 -0.70710678118655 0
		outer loop
			vertex 2.0441257953644 1.0520412921906 0
			vertex 2.0441257953644 1.0520412921906 0.16599999368191
			vertex 1.983132481575 1.1130346059799 0
		endloop
	endfacet
	facet normal 0.70710678118655 0.70710678118655 -0
		outer loop
			vertex 1.991082906723 1.0160100460052 0
			vertex 1.9293714761734 1.0777214765549 0.16599999368191
			vertex 1.991082906723 1.0160100460052 0.16599999368191
		endloop
	endfacet
	facet normal -0.70710678118655 -0.70710678118655 0
		outer loop
			vertex 1.983132481575 1.1130346059799 0
			vertex 2.0441257953644 1.0520412921906 0.16599999368191
			vertex 1.983132481575 1.1130346059799 0.16599999368191
		endloop
	endfacet
	facet normal 0 0 -1
		outer loop
			vertex 1.991082906723 1.0160100460052 0.16599999368191
			vertex 2.0144248008728 1.0328823328018 0.16599999368191
			vertex 2.0169115066528 1.0203803777695 0.16599999368191
		endloop
	endfacet
	facet normal 0 0 -1
		outer loop
			vertex 1.991082906723 1.0160100460052 0.16599999368191
			vertex 2.0169115066528 1.0203803777695 0.16599999368191
			vertex 2.0028924942017 1.0042003393173 0.16599999368191
		endloop
	endfacet
	facet normal 0 0 -1
		outer loop
			vertex 1.991082906723 1.0160100460052 0.16599999368191
			vertex 1.9293714761734 1.0777214765549 0.16599999368191
			vertex 2.0144248008728 1.0328823328018 0.16599999368191
		endloop
	endfacet
	facet normal 0 0 -1
		outer loop
			vertex 2.0144248008728 1.0328823328018 0.16599999368191
			vertex 1.9293714761734 1.0777214765549 0.16599999368191
			vertex 2.0292270183563 1.0470750331879 0.16599999368191
		endloop
	endfacet
	facet normal 0 0 -1
		outer loop
			vertex 2.0235683917999 1.0280648469925 0.16599999368191
			vertex 2.0356199741364 1.0160100460052 0.16599999368191
			vertex 2.0235683917999 1.0280616283417 0.16599999368191
		endloop
	endfacet
	facet normal 0 0 -1
		outer loop
			vertex 2.0144248008728 1.0328823328018 0.16599999368191
			vertex 2.0292270183563 1.0470750331879 0.16599999368191
			vertex 2.0235683917999 1.0280648469925 0.16599999368191
		endloop
	endfacet
	facet normal 0 0 -1
		outer loop
			vertex 2.0235683917999 1.0280648469925 0.16599999368191
			vertex 2.0292270183563 1.0470750331879 0.16599999368191
			vertex 2.0356199741364 1.0160100460052 0.16599999368191
		endloop
	endfacet
	facet normal 0 0 -1
		outer loop
			vertex 2.0292270183563 1.0470750331879 0.16599999368191
			vertex 1.9293714761734 1.0777214765549 0.16599999368191
			vertex 1.9516400098801 1.0999900102615 0.16599999368191
		endloop
	endfacet
	facet normal 0 0 -1
		outer loop
			vertex 1.959704875946 1.1080548763275 0.16599999368191
			vertex 1.9696357250214 1.1179857254028 0.16599999368191
			vertex 1.983132481575 1.1097222566605 0.16599999368191
		endloop
	endfacet
	facet normal 0 0 -1
		outer loop
			vertex 2.0292270183563 1.0470750331879 0.16599999368191
			vertex 1.9516400098801 1.0999900102615 0.16599999368191
			vertex 1.959704875946 1.1080548763275 0.16599999368191
		endloop
	endfacet
	facet normal 0 0 -1
		outer loop
			vertex 2.0292270183563 1.0470750331879 0.16599999368191
			vertex 1.959704875946 1.1080548763275 0.16599999368191
			vertex 1.983132481575 1.1097222566605 0.16599999368191
		endloop
	endfacet
	facet normal 0 0 -1
		outer loop
			vertex 2.0292270183563 1.0470750331879 0.16599999368191
			vertex 1.983132481575 1.1097222566605 0.16599999368191
			vertex 1.983132481575 1.1130346059799 0.16599999368191
		endloop
	endfacet
	facet normal 0 0 -1
		outer loop
			vertex 2.0292270183563 1.0470750331879 0.16599999368191
			vertex 1.983132481575 1.1130346059799 0.16599999368191
			vertex 2.0441257953644 1.0520412921906 0.16599999368191
		endloop
	endfacet
	facet normal 0 1 0
		outer loop
			vertex 2.0486645698547 0.98451751470566 0
			vertex 2.0486645698547 0.98451751470566 0.16599999368191
			vertex 2.2745153903961 0.98451751470566 0
		endloop
	endfacet
	facet normal 0 -1 0
		outer loop
			vertex 2.2296855449677 1.0475025177002 0
			vertex 2.2875599861145 1.0475025177002 0
			vertex 2.2875599861145 1.0475025177002 0.16599999368191
		endloop
	endfacet
	facet normal 0 1 -0
		outer loop
			vertex 2.2745153903961 0.98451751470566 0
			vertex 2.0486645698547 0.98451751470566 0.16599999368191
			vertex 2.2745153903961 0.98451751470566 0.16599999368191
		endloop
	endfacet
	facet normal 0 -1 0
		outer loop
			vertex 2.2296855449677 1.0475025177002 0
			vertex 2.2875599861145 1.0475025177002 0.16599999368191
			vertex 2.2296855449677 1.0475025177002 0.16599999368191
		endloop
	endfacet
	facet normal 0 0 -1
		outer loop
			vertex 2.052286863327 0.98999857902527 0.16599999368191
			vertex 2.0578854084015 0.9937572479248 0.16599999368191
			vertex 2.0526359081268 0.9894540309906 0.16599999368191
		endloop
	endfacet
	facet normal 0 0 -1
		outer loop
			vertex 2.0526359081268 0.9894540309906 0.16599999368191
			vertex 2.0578854084015 0.9937572479248 0.16599999368191
			vertex 2.1085164546967 1.0251220464706 0.16599999368191
		endloop
	endfacet
	facet normal 0 0 -1
		outer loop
			vertex 2.0526359081268 0.9894540309906 0.16599999368191
			vertex 2.1085164546967 1.0251220464706 0.16599999368191
			vertex 2.0537350177765 0.98885232210159 0.16599999368191
		endloop
	endfacet
	facet normal 0 -0 -1
		outer loop
			vertex 2.0537350177765 0.98885232210159 0.16599999368191
			vertex 2.2745153903961 0.98451751470566 0.16599999368191
			vertex 2.0526316165924 0.98848456144333 0.16599999368191
		endloop
	endfacet
	facet normal 0 0 -1
		outer loop
			vertex 2.0486645698547 0.98451751470566 0.16599999368191
			vertex 2.0526316165924 0.98848456144333 0.16599999368191
			vertex 2.2745153903961 0.98451751470566 0.16599999368191
		endloop
	endfacet
	facet normal 0 0 -1
		outer loop
			vertex 2.0537350177765 0.98885232210159 0.16599999368191
			vertex 2.1085164546967 1.0251220464706 0.16599999368191
			vertex 2.2745153903961 0.98451751470566 0.16599999368191
		endloop
	endfacet
	facet normal 0 0 -1
		outer loop
			vertex 2.1085164546967 1.0251220464706 0.16599999368191
			vertex 2.1356501579285 1.0285137891769 0.16599999368191
			vertex 2.2726519107819 0.98638099431992 0.16599999368191
		endloop
	endfacet
	facet normal 0 0 -1
		outer loop
			vertex 2.1085164546967 1.0251220464706 0.16599999368191
			vertex 2.2726519107819 0.98638099431992 0.16599999368191
			vertex 2.2745153903961 0.98451751470566 0.16599999368191
		endloop
	endfacet
	facet normal 0 0 -1
		outer loop
			vertex 2.1356501579285 1.0285137891769 0.16599999368191
			vertex 2.2875599861145 1.0475025177002 0.16599999368191
			vertex 2.2726519107819 0.98638099431992 0.16599999368191
		endloop
	endfacet
	facet normal 0 0 -1
		outer loop
			vertex 2.1356501579285 1.0285137891769 0.16599999368191
			vertex 2.2296855449677 1.0475025177002 0.16599999368191
			vertex 2.2875599861145 1.0475025177002 0.16599999368191
		endloop
	endfacet
	facet normal 0 0 -1
		outer loop
			vertex 2.2726519107819 0.98638099431992 0.16599999368191
			vertex 2.2875599861145 1.0475025177002 0.16599999368191
			vertex 2.2875599861145 0.9869070649147 0.16599999368191
		endloop
	endfacet
	facet normal 0.70710645961278 0.70710710276017 -0
		outer loop
			vertex 2.2745153903961 0.98451751470566 0
			vertex 2.2745153903961 0.98451751470566 0.16599999368191
			vertex 2.3400475978851 0.91898536682129 0
		endloop
	endfacet
	facet normal -0.70710653025282 -0.70710703212019 0
		outer loop
			vertex 2.3098285198212 1.0382785797119 0
			vertex 2.3938086032867 0.95429855585098 0
			vertex 2.3938086032867 0.95429855585098 0.16599999368191
		endloop
	endfacet
	facet normal 0.70710645961278 0.70710710276017 -0
		outer loop
			vertex 2.3400475978851 0.91898536682129 0
			vertex 2.2745153903961 0.98451751470566 0.16599999368191
			vertex 2.3400475978851 0.91898536682129 0.16599999368191
		endloop
	endfacet
	facet normal -0.70710653025282 -0.70710703212019 0
		outer loop
			vertex 2.3098285198212 1.0382785797119 0
			vertex 2.3938086032867 0.95429855585098 0.16599999368191
			vertex 2.3098285198212 1.0382785797119 0.16599999368191
		endloop
	endfacet
	facet normal 0 0 -1
		outer loop
			vertex 2.3400475978851 0.91898536682129 0.16599999368191
			vertex 2.3634750843048 0.92396509647369 0.16599999368191
			vertex 2.3535442352295 0.91403430700302 0.16599999368191
		endloop
	endfacet
	facet normal 0 0 -1
		outer loop
			vertex 2.2726519107819 0.98638099431992 0.16599999368191
			vertex 2.2875599861145 0.9869070649147 0.16599999368191
			vertex 2.2745153903961 0.98451751470566 0.16599999368191
		endloop
	endfacet
	facet normal 0 0 -1
		outer loop
			vertex 2.2745153903961 0.98451751470566 0.16599999368191
			vertex 2.2875599861145 0.9869070649147 0.16599999368191
			vertex 2.3400475978851 0.91898536682129 0.16599999368191
		endloop
	endfacet
	facet normal 0 0 -1
		outer loop
			vertex 2.2875599861145 0.9869070649147 0.16599999368191
			vertex 2.2927849292755 1.0212349891663 0.16599999368191
			vertex 2.3098285198212 1.0382785797119 0.16599999368191
		endloop
	endfacet
	facet normal 0 0 -1
		outer loop
			vertex 2.2875599861145 0.9869070649147 0.16599999368191
			vertex 2.3634750843048 0.92396509647369 0.16599999368191
			vertex 2.3400475978851 0.91898536682129 0.16599999368191
		endloop
	endfacet
	facet normal 0 0 -1
		outer loop
			vertex 2.2875599861145 0.9869070649147 0.16599999368191
			vertex 2.3715400695801 0.93203002214432 0.16599999368191
			vertex 2.3634750843048 0.92396509647369 0.16599999368191
		endloop
	endfacet
	facet normal 0 0 -1
		outer loop
			vertex 2.2875599861145 0.9869070649147 0.16599999368191
			vertex 2.3938086032867 0.95429855585098 0.16599999368191
			vertex 2.3715400695801 0.93203002214432 0.16599999368191
		endloop
	endfacet
	facet normal 0 0 -1
		outer loop
			vertex 2.2875599861145 0.9869070649147 0.16599999368191
			vertex 2.3098285198212 1.0382785797119 0.16599999368191
			vertex 2.3938086032867 0.95429855585098 0.16599999368191
		endloop
	endfacet
	facet normal 1 0 0
		outer loop
			vertex 2.3400475978851 0.86751341819763 0
			vertex 2.3400475978851 0.91898536682129 0
			vertex 2.3400475978851 0.91898536682129 0.16599999368191
		endloop
	endfacet
	facet normal 1 0 0
		outer loop
			vertex 2.3400475978851 0.86751341819763 0
			vertex 2.3400475978851 0.91898536682129 0.16599999368191
			vertex 2.3400475978851 0.86751341819763 0.16599999368191
		endloop
	endfacet
	facet normal -1 0 0
		outer loop
			vertex 2.403032541275 0.84804999828339 0
			vertex 2.403032541275 0.84804999828339 0.16599999368191
			vertex 2.403032541275 0.93203002214432 0
		endloop
	endfacet
	facet normal -1 0 0
		outer loop
			vertex 2.403032541275 0.93203002214432 0
			vertex 2.403032541275 0.84804999828339 0.16599999368191
			vertex 2.403032541275 0.93203002214432 0.16599999368191
		endloop
	endfacet
	facet normal 0 0 -1
		outer loop
			vertex 2.3414673805237 0.84804999828339 0.16599999368191
			vertex 2.3478753566742 0.87142735719681 0.16599999368191
			vertex 2.3778042793274 0.84804999828339 0.16599999368191
		endloop
	endfacet
	facet normal 0 0 -1
		outer loop
			vertex 2.3400475978851 0.86751341819763 0.16599999368191
			vertex 2.3535442352295 0.91403430700302 0.16599999368191
			vertex 2.3478753566742 0.87142735719681 0.16599999368191
		endloop
	endfacet
	facet normal 0 0 -1
		outer loop
			vertex 2.3400475978851 0.86751341819763 0.16599999368191
			vertex 2.3400475978851 0.91898536682129 0.16599999368191
			vertex 2.3535442352295 0.91403430700302 0.16599999368191
		endloop
	endfacet
	facet normal 0 0 -1
		outer loop
			vertex 2.3778042793274 0.84804999828339 0.16599999368191
			vertex 2.3478753566742 0.87142735719681 0.16599999368191
			vertex 2.3594882488251 0.90610885620117 0.16599999368191
		endloop
	endfacet
	facet normal 0 0 -1
		outer loop
			vertex 2.3778042793274 0.84804999828339 0.16599999368191
			vertex 2.3594882488251 0.90610885620117 0.16599999368191
			vertex 2.3835916519165 0.87397110462189 0.16599999368191
		endloop
	endfacet
	facet normal 0 0 -1
		outer loop
			vertex 2.3478753566742 0.87142735719681 0.16599999368191
			vertex 2.3535442352295 0.91403430700302 0.16599999368191
			vertex 2.3594882488251 0.90610885620117 0.16599999368191
		endloop
	endfacet
	facet normal 0 0 -1
		outer loop
			vertex 2.3594882488251 0.90610885620117 0.16599999368191
			vertex 2.3634750843048 0.92396509647369 0.16599999368191
			vertex 2.3715400695801 0.93203002214432 0.16599999368191
		endloop
	endfacet
	facet normal 0 0 -1
		outer loop
			vertex 2.3594882488251 0.90610885620117 0.16599999368191
			vertex 2.3715400695801 0.93203002214432 0.16599999368191
			vertex 2.3835916519165 0.87397110462189 0.16599999368191
		endloop
	endfacet
	facet normal 0 0 -1
		outer loop
			vertex 2.3835916519165 0.87397110462189 0.16599999368191
			vertex 2.3715400695801 0.93203002214432 0.16599999368191
			vertex 2.403032541275 0.93203002214432 0.16599999368191
		endloop
	endfacet
	facet normal 0 0 -1
		outer loop
			vertex 2.403032541275 0.84804999828339 0.16599999368191
			vertex 2.3835916519165 0.87397110462189 0.16599999368191
			vertex 2.403032541275 0.93203002214432 0.16599999368191
		endloop
	endfacet
	facet normal 0.89455938536493 0.44694910902195 0
		outer loop
			vertex 2.3016438484192 0.77789223194122 0
			vertex 2.3014826774597 0.77821481227875 0
			vertex 2.3014826774597 0.77821481227875 0.16599999368191
		endloop
	endfacet
	facet normal -0.44721359549996 0.89442719099992 0
		outer loop
			vertex 2.3016438484192 0.77789223194122 0
			vertex 2.3016438484192 0.77789223194122 0.16599999368191
			vertex 2.3856239318848 0.81988227367401 0
		endloop
	endfacet
	facet normal 0.44721288374715 -0.89442754687597 0
		outer loop
			vertex 2.280125617981 0.83755248785019 0
			vertex 2.3400475978851 0.86751341819763 0
			vertex 2.3400475978851 0.86751341819763 0.16599999368191
		endloop
	endfacet
	facet normal -0.89429495754726 -0.44747796471507 0
		outer loop
			vertex 2.3856239318848 0.81988227367401 0
			vertex 2.3856239318848 0.81988227367401 0.16599999368191
			vertex 2.3854625225067 0.82020485401154 0
		endloop
	endfacet
	facet normal 0.89455938536493 0.44694910902195 -0
		outer loop
			vertex 2.3016438484192 0.77789223194122 0
			vertex 2.3014826774597 0.77821481227875 0.16599999368191
			vertex 2.3016438484192 0.77789223194122 0.16599999368191
		endloop
	endfacet
	facet normal 0.44721288374715 -0.89442754687597 0
		outer loop
			vertex 2.280125617981 0.83755248785019 0
			vertex 2.3400475978851 0.86751341819763 0.16599999368191
			vertex 2.280125617981 0.83755248785019 0.16599999368191
		endloop
	endfacet
	facet normal -0.44721359549996 0.89442719099992 0
		outer loop
			vertex 2.3856239318848 0.81988227367401 0
			vertex 2.3016438484192 0.77789223194122 0.16599999368191
			vertex 2.3856239318848 0.81988227367401 0.16599999368191
		endloop
	endfacet
	facet normal -0.89429495754726 -0.44747796471507 0
		outer loop
			vertex 2.3854625225067 0.82020485401154 0
			vertex 2.3856239318848 0.81988227367401 0.16599999368191
			vertex 2.3854625225067 0.82020485401154 0.16599999368191
		endloop
	endfacet
	facet normal 0 0 -1
		outer loop
			vertex 2.2996115684509 0.78195667266846 0.16599999368191
			vertex 2.2875599861145 0.80606001615524 0.16599999368191
			vertex 2.3085737228394 0.79010051488876 0.16599999368191
		endloop
	endfacet
	facet normal 0 0 -1
		outer loop
			vertex 2.3014826774597 0.77821481227875 0.16599999368191
			vertex 2.3020374774933 0.77858555316925 0.16599999368191
			vertex 2.3016438484192 0.77789223194122 0.16599999368191
		endloop
	endfacet
	facet normal 0 0 -1
		outer loop
			vertex 2.3016438484192 0.77789223194122 0.16599999368191
			vertex 2.3020374774933 0.77858555316925 0.16599999368191
			vertex 2.3856239318848 0.81988227367401 0.16599999368191
		endloop
	endfacet
	facet normal 0 0 -1
		outer loop
			vertex 2.3085737228394 0.79010051488876 0.16599999368191
			vertex 2.2875599861145 0.80606001615524 0.16599999368191
			vertex 2.280125617981 0.83755248785019 0.16599999368191
		endloop
	endfacet
	facet normal 0 0 -1
		outer loop
			vertex 2.3085737228394 0.79010051488876 0.16599999368191
			vertex 2.280125617981 0.83755248785019 0.16599999368191
			vertex 2.3404159545898 0.84619772434235 0.16599999368191
		endloop
	endfacet
	facet normal 0 0 -1
		outer loop
			vertex 2.3020374774933 0.77858555316925 0.16599999368191
			vertex 2.3085737228394 0.79010051488876 0.16599999368191
			vertex 2.3856239318848 0.81988227367401 0.16599999368191
		endloop
	endfacet
	facet normal 0 0 -1
		outer loop
			vertex 2.280125617981 0.83755248785019 0.16599999368191
			vertex 2.3400475978851 0.86751341819763 0.16599999368191
			vertex 2.3414673805237 0.84804999828339 0.16599999368191
		endloop
	endfacet
	facet normal 0 0 -1
		outer loop
			vertex 2.280125617981 0.83755248785019 0.16599999368191
			vertex 2.3414673805237 0.84804999828339 0.16599999368191
			vertex 2.3404159545898 0.84619772434235 0.16599999368191
		endloop
	endfacet
	facet normal 0 0 -1
		outer loop
			vertex 2.3085737228394 0.79010051488876 0.16599999368191
			vertex 2.3404159545898 0.84619772434235 0.16599999368191
			vertex 2.3724520206451 0.84622579813004 0.16599999368191
		endloop
	endfacet
	facet normal 0 0 -1
		outer loop
			vertex 2.3085737228394 0.79010051488876 0.16599999368191
			vertex 2.3724520206451 0.84622579813004 0.16599999368191
			vertex 2.3854625225067 0.82020485401154 0.16599999368191
		endloop
	endfacet
	facet normal 0 0 -1
		outer loop
			vertex 2.3085737228394 0.79010051488876 0.16599999368191
			vertex 2.3854625225067 0.82020485401154 0.16599999368191
			vertex 2.3856239318848 0.81988227367401 0.16599999368191
		endloop
	endfacet
	facet normal 0 0 -1
		outer loop
			vertex 2.3414673805237 0.84804999828339 0.16599999368191
			vertex 2.3400475978851 0.86751341819763 0.16599999368191
			vertex 2.3478753566742 0.87142735719681 0.16599999368191
		endloop
	endfacet
	facet normal 0 1 0
		outer loop
			vertex 2.0356199741364 0.77456748485565 0
			vertex 2.0356199741364 0.77456748485565 0.16599999368191
			vertex 2.2875599861145 0.77456748485565 0
		endloop
	endfacet
	facet normal 0 -1 0
		outer loop
			vertex 2.0430543422699 0.83755248785019 0
			vertex 2.280125617981 0.83755248785019 0
			vertex 2.280125617981 0.83755248785019 0.16599999368191
		endloop
	endfacet
	facet normal 0 1 -0
		outer loop
			vertex 2.2875599861145 0.77456748485565 0
			vertex 2.0356199741364 0.77456748485565 0.16599999368191
			vertex 2.2875599861145 0.77456748485565 0.16599999368191
		endloop
	endfacet
	facet normal 0 -1 0
		outer loop
			vertex 2.0430543422699 0.83755248785019 0
			vertex 2.280125617981 0.83755248785019 0.16599999368191
			vertex 2.0430543422699 0.83755248785019 0.16599999368191
		endloop
	endfacet
	facet normal 0 0 -1
		outer loop
			vertex 2.0476715564728 0.7775804400444 0.16599999368191
			vertex 2.0366244316101 0.83255463838577 0.16599999368191
			vertex 2.0491845607758 0.83416134119034 0.16599999368191
		endloop
	endfacet
	facet normal 0 0 -1
		outer loop
			vertex 2.0356199741364 0.77456748485565 0.16599999368191
			vertex 2.0476715564728 0.7775804400444 0.16599999368191
			vertex 2.2875599861145 0.77456748485565 0.16599999368191
		endloop
	endfacet
	facet normal 0 0 -1
		outer loop
			vertex 2.0430543422699 0.83755248785019 0.16599999368191
			vertex 2.280125617981 0.83755248785019 0.16599999368191
			vertex 2.0491845607758 0.83416134119034 0.16599999368191
		endloop
	endfacet
	facet normal 0 0 -1
		outer loop
			vertex 2.0476715564728 0.7775804400444 0.16599999368191
			vertex 2.0491845607758 0.83416134119034 0.16599999368191
			vertex 2.2875599861145 0.77456748485565 0.16599999368191
		endloop
	endfacet
	facet normal 0 0 -1
		outer loop
			vertex 2.0491845607758 0.83416134119034 0.16599999368191
			vertex 2.2875599861145 0.80606001615524 0.16599999368191
			vertex 2.2875599861145 0.77456748485565 0.16599999368191
		endloop
	endfacet
	facet normal 0 0 -1
		outer loop
			vertex 2.0491845607758 0.83416134119034 0.16599999368191
			vertex 2.280125617981 0.83755248785019 0.16599999368191
			vertex 2.2875599861145 0.80606001615524 0.16599999368191
		endloop
	endfacet
	facet normal -0.89429495754726 0.44747796471507 0
		outer loop
			vertex 2.0215361118317 0.77789223194122 0
			vertex 2.0215361118317 0.77789223194122 0.16599999368191
			vertex 2.0216975212097 0.77821481227875 0
		endloop
	endfacet
	facet normal 0.89442719099992 -0.44721359549996 0
		outer loop
			vertex 1.9375561475754 0.81988227367401 0
			vertex 1.9377174377441 0.82020485401154 0
			vertex 1.9377174377441 0.82020485401154 0.16599999368191
		endloop
	endfacet
	facet normal 0.44721410335435 0.89442693707254 0
		outer loop
			vertex 2.0215361118317 0.77789223194122 0
			vertex 1.9375561475754 0.81988227367401 0
			vertex 1.9375561475754 0.81988227367401 0.16599999368191
		endloop
	endfacet
	facet normal -0.44721359549996 -0.89442719099992 0
		outer loop
			vertex 1.983132481575 0.86751341819763 0
			vertex 2.0430543422699 0.83755248785019 0
			vertex 2.0430543422699 0.83755248785019 0.16599999368191
		endloop
	endfacet
	facet normal 0.44721410335435 0.89442693707254 -0
		outer loop
			vertex 2.0215361118317 0.77789223194122 0
			vertex 1.9375561475754 0.81988227367401 0.16599999368191
			vertex 2.0215361118317 0.77789223194122 0.16599999368191
		endloop
	endfacet
	facet normal -0.89429495754726 0.44747796471507 0
		outer loop
			vertex 2.0216975212097 0.77821481227875 0
			vertex 2.0215361118317 0.77789223194122 0.16599999368191
			vertex 2.0216975212097 0.77821481227875 0.16599999368191
		endloop
	endfacet
	facet normal 0.89442719099992 -0.44721359549996 0
		outer loop
			vertex 1.9375561475754 0.81988227367401 0
			vertex 1.9377174377441 0.82020485401154 0.16599999368191
			vertex 1.9375561475754 0.81988227367401 0.16599999368191
		endloop
	endfacet
	facet normal -0.44721359549996 -0.89442719099992 0
		outer loop
			vertex 1.983132481575 0.86751341819763 0
			vertex 2.0430543422699 0.83755248785019 0.16599999368191
			vertex 1.983132481575 0.86751341819763 0.16599999368191
		endloop
	endfacet
	facet normal -0 0 -1
		outer loop
			vertex 2.0216975212097 0.77821481227875 0.16599999368191
			vertex 2.0215361118317 0.77789223194122 0.16599999368191
			vertex 1.9715964794159 0.82423657178879 0.16599999368191
		endloop
	endfacet
	facet normal 0 -0 -1
		outer loop
			vertex 1.9377174377441 0.82020485401154 0.16599999368191
			vertex 1.9380967617035 0.81995141506195 0.16599999368191
			vertex 1.9375561475754 0.81988227367401 0.16599999368191
		endloop
	endfacet
	facet normal 0 0 -1
		outer loop
			vertex 2.0215361118317 0.77789223194122 0.16599999368191
			vertex 1.9375561475754 0.81988227367401 0.16599999368191
			vertex 1.9380967617035 0.81995141506195 0.16599999368191
		endloop
	endfacet
	facet normal 0 0 -1
		outer loop
			vertex 2.0215361118317 0.77789223194122 0.16599999368191
			vertex 1.9380967617035 0.81995141506195 0.16599999368191
			vertex 1.9404013156891 0.82024621963501 0.16599999368191
		endloop
	endfacet
	facet normal 0 0 -1
		outer loop
			vertex 2.0215361118317 0.77789223194122 0.16599999368191
			vertex 1.9404013156891 0.82024621963501 0.16599999368191
			vertex 1.9628632068634 0.82311946153641 0.16599999368191
		endloop
	endfacet
	facet normal 0 0 -1
		outer loop
			vertex 1.9404013156891 0.82024621963501 0.16599999368191
			vertex 1.9476311206818 0.84003233909607 0.16599999368191
			vertex 1.9628632068634 0.82311946153641 0.16599999368191
		endloop
	endfacet
	facet normal 0 0 -1
		outer loop
			vertex 1.9476311206818 0.84003233909607 0.16599999368191
			vertex 1.9516400098801 0.84804999828339 0.16599999368191
			vertex 1.9628632068634 0.82311946153641 0.16599999368191
		endloop
	endfacet
	facet normal 0 0 -1
		outer loop
			vertex 1.9628632068634 0.82311946153641 0.16599999368191
			vertex 1.9516400098801 0.84804999828339 0.16599999368191
			vertex 1.9629583358765 0.87068670988083 0.16599999368191
		endloop
	endfacet
	facet normal 0 0 -1
		outer loop
			vertex 1.9715964794159 0.82423657178879 0.16599999368191
			vertex 1.9639623165131 0.87269461154938 0.16599999368191
			vertex 1.983132481575 0.86751341819763 0.16599999368191
		endloop
	endfacet
	facet normal 0 0 -1
		outer loop
			vertex 2.0215361118317 0.77789223194122 0.16599999368191
			vertex 1.9628632068634 0.82311946153641 0.16599999368191
			vertex 1.9715964794159 0.82423657178879 0.16599999368191
		endloop
	endfacet
	facet normal -0 0 -1
		outer loop
			vertex 2.0228579044342 0.78053593635559 0.16599999368191
			vertex 2.0216975212097 0.77821481227875 0.16599999368191
			vertex 1.9715964794159 0.82423657178879 0.16599999368191
		endloop
	endfacet
	facet normal 0 0 -1
		outer loop
			vertex 2.0228579044342 0.78053593635559 0.16599999368191
			vertex 1.9715964794159 0.82423657178879 0.16599999368191
			vertex 2.0235683917999 0.83088457584381 0.16599999368191
		endloop
	endfacet
	facet normal 0 0 -1
		outer loop
			vertex 1.9715964794159 0.82423657178879 0.16599999368191
			vertex 1.983132481575 0.86751341819763 0.16599999368191
			vertex 2.0235683917999 0.83088457584381 0.16599999368191
		endloop
	endfacet
	facet normal 0 0 -1
		outer loop
			vertex 2.0235683917999 0.83088457584381 0.16599999368191
			vertex 1.983132481575 0.86751341819763 0.16599999368191
			vertex 2.0366244316101 0.83255463838577 0.16599999368191
		endloop
	endfacet
	facet normal 0 -0 -1
		outer loop
			vertex 1.9642369747162 0.87324398756027 0.16599999368191
			vertex 1.983132481575 0.86751341819763 0.16599999368191
			vertex 1.9639623165131 0.87269461154938 0.16599999368191
		endloop
	endfacet
	facet normal 0 0 -1
		outer loop
			vertex 1.983132481575 0.86751341819763 0.16599999368191
			vertex 2.0430543422699 0.83755248785019 0.16599999368191
			vertex 2.0366244316101 0.83255463838577 0.16599999368191
		endloop
	endfacet
	facet normal 0 0 -1
		outer loop
			vertex 2.0366244316101 0.83255463838577 0.16599999368191
			vertex 2.0430543422699 0.83755248785019 0.16599999368191
			vertex 2.0491845607758 0.83416134119034 0.16599999368191
		endloop
	endfacet
	facet normal 1 0 0
		outer loop
			vertex 1.9201475381851 0.84804999828339 0
			vertex 1.9201475381851 0.93203002214432 0
			vertex 1.9201475381851 0.93203002214432 0.16599999368191
		endloop
	endfacet
	facet normal -1 0 0
		outer loop
			vertex 1.983132481575 0.86751341819763 0
			vertex 1.983132481575 0.86751341819763 0.16599999368191
			vertex 1.983132481575 0.91898536682129 0
		endloop
	endfacet
	facet normal 1 0 0
		outer loop
			vertex 1.9201475381851 0.84804999828339 0
			vertex 1.9201475381851 0.93203002214432 0.16599999368191
			vertex 1.9201475381851 0.84804999828339 0.16599999368191
		endloop
	endfacet
	facet normal -1 0 0
		outer loop
			vertex 1.983132481575 0.91898536682129 0
			vertex 1.983132481575 0.86751341819763 0.16599999368191
			vertex 1.983132481575 0.91898536682129 0.16599999368191
		endloop
	endfacet
	facet normal 0 0 -1
		outer loop
			vertex 1.9201475381851 0.84804999828339 0.16599999368191
			vertex 1.9225447177887 0.92669802904129 0.16599999368191
			vertex 1.9516400098801 0.84804999828339 0.16599999368191
		endloop
	endfacet
	facet normal 0 0 -1
		outer loop
			vertex 1.9201475381851 0.84804999828339 0.16599999368191
			vertex 1.9201475381851 0.93203002214432 0.16599999368191
			vertex 1.9225447177887 0.92669802904129 0.16599999368191
		endloop
	endfacet
	facet normal 0 0 -1
		outer loop
			vertex 1.9225447177887 0.92883372306824 0.16599999368191
			vertex 1.9395883083344 0.90610885620117 0.16599999368191
			vertex 1.9225447177887 0.92669802904129 0.16599999368191
		endloop
	endfacet
	facet normal 0 0 -1
		outer loop
			vertex 1.9225447177887 0.92669802904129 0.16599999368191
			vertex 1.9636917114258 0.87397110462189 0.16599999368191
			vertex 1.9629583358765 0.87068670988083 0.16599999368191
		endloop
	endfacet
	facet normal 0 0 -1
		outer loop
			vertex 1.9225447177887 0.92669802904129 0.16599999368191
			vertex 1.9629583358765 0.87068670988083 0.16599999368191
			vertex 1.9516400098801 0.84804999828339 0.16599999368191
		endloop
	endfacet
	facet normal 0 0 -1
		outer loop
			vertex 1.9636917114258 0.87397110462189 0.16599999368191
			vertex 1.983132481575 0.86751341819763 0.16599999368191
			vertex 1.9642369747162 0.87324398756027 0.16599999368191
		endloop
	endfacet
	facet normal 0 0 -1
		outer loop
			vertex 1.9636917114258 0.87397110462189 0.16599999368191
			vertex 1.983132481575 0.91898536682129 0.16599999368191
			vertex 1.983132481575 0.86751341819763 0.16599999368191
		endloop
	endfacet
	facet normal 0 0 -1
		outer loop
			vertex 1.9225447177887 0.92669802904129 0.16599999368191
			vertex 1.9395883083344 0.90610885620117 0.16599999368191
			vertex 1.9636917114258 0.87397110462189 0.16599999368191
		endloop
	endfacet
	facet normal 0 0 -1
		outer loop
			vertex 1.9395883083344 0.90610885620117 0.16599999368191
			vertex 1.9516400098801 0.93203002214432 0.16599999368191
			vertex 1.9636917114258 0.87397110462189 0.16599999368191
		endloop
	endfacet
	facet normal 0 0 -1
		outer loop
			vertex 1.9395883083344 0.90610885620117 0.16599999368191
			vertex 1.9453758001328 0.93203002214432 0.16599999368191
			vertex 1.9516400098801 0.93203002214432 0.16599999368191
		endloop
	endfacet
	facet normal 0 0 -1
		outer loop
			vertex 1.9636917114258 0.87397110462189 0.16599999368191
			vertex 1.9516400098801 0.93203002214432 0.16599999368191
			vertex 1.983132481575 0.91898536682129 0.16599999368191
		endloop
	endfacet
	facet normal 0 0 -1
		outer loop
			vertex 1.983132481575 0.91898536682129 0.16599999368191
			vertex 1.9516400098801 0.93203002214432 0.16599999368191
			vertex 1.9818885326385 0.92577618360519 0.16599999368191
		endloop
	endfacet
	facet normal 0 0 -1
		outer loop
			vertex 1.9516400098801 0.93203002214432 0.16599999368191
			vertex 1.9807353019714 0.93203002214432 0.16599999368191
			vertex 1.9818885326385 0.92577618360519 0.16599999368191
		endloop
	endfacet
	facet normal -0.70710710276046 0.70710645961249 0
		outer loop
			vertex 1.983132481575 0.91898536682129 0
			vertex 1.983132481575 0.91898536682129 0.16599999368191
			vertex 2.0486645698547 0.98451751470566 0
		endloop
	endfacet
	facet normal 0.70710712266962 -0.70710643970331 0
		outer loop
			vertex 1.9293714761734 0.95429855585098 0
			vertex 1.991082906723 1.0160100460052 0
			vertex 1.991082906723 1.0160100460052 0.16599999368191
		endloop
	endfacet
	facet normal 0.70710712266962 -0.70710643970331 0
		outer loop
			vertex 1.9293714761734 0.95429855585098 0
			vertex 1.991082906723 1.0160100460052 0.16599999368191
			vertex 1.9293714761734 0.95429855585098 0.16599999368191
		endloop
	endfacet
	facet normal -0.70710710276046 0.70710645961249 0
		outer loop
			vertex 2.0486645698547 0.98451751470566 0
			vertex 1.983132481575 0.91898536682129 0.16599999368191
			vertex 2.0486645698547 0.98451751470566 0.16599999368191
		endloop
	endfacet
	facet normal 0 0 -1
		outer loop
			vertex 1.9293714761734 0.95429855585098 0.16599999368191
			vertex 1.9807353019714 0.93203330039978 0.16599999368191
			vertex 1.9516400098801 0.93203002214432 0.16599999368191
		endloop
	endfacet
	facet normal 0 0 -1
		outer loop
			vertex 1.9293714761734 0.95429855585098 0.16599999368191
			vertex 1.9821928739548 0.93675410747528 0.16599999368191
			vertex 1.9807353019714 0.93203330039978 0.16599999368191
		endloop
	endfacet
	facet normal 0 0 -1
		outer loop
			vertex 1.9516400098801 0.93203002214432 0.16599999368191
			vertex 1.9807353019714 0.93203330039978 0.16599999368191
			vertex 1.9807353019714 0.93203002214432 0.16599999368191
		endloop
	endfacet
	facet normal 0 0 -1
		outer loop
			vertex 1.9293714761734 0.95429855585098 0.16599999368191
			vertex 2.0028924942017 1.0042003393173 0.16599999368191
			vertex 1.9821928739548 0.93675410747528 0.16599999368191
		endloop
	endfacet
	facet normal 0 0 -1
		outer loop
			vertex 1.9293714761734 0.95429855585098 0.16599999368191
			vertex 1.991082906723 1.0160100460052 0.16599999368191
			vertex 2.0028924942017 1.0042003393173 0.16599999368191
		endloop
	endfacet
	facet normal 0 0 -1
		outer loop
			vertex 1.983132481575 0.91898536682129 0.16599999368191
			vertex 1.9818885326385 0.92577618360519 0.16599999368191
			vertex 1.9828141927719 0.93363052606583 0.16599999368191
		endloop
	endfacet
	facet normal 0 0 -1
		outer loop
			vertex 1.9821928739548 0.93675410747528 0.16599999368191
			vertex 2.0486645698547 0.98451751470566 0.16599999368191
			vertex 1.9828141927719 0.93363052606583 0.16599999368191
		endloop
	endfacet
	facet normal 0 0 -1
		outer loop
			vertex 1.983132481575 0.91898536682129 0.16599999368191
			vertex 1.9828141927719 0.93363052606583 0.16599999368191
			vertex 2.0486645698547 0.98451751470566 0.16599999368191
		endloop
	endfacet
	facet normal 0 0 -1
		outer loop
			vertex 1.9821928739548 0.93675410747528 0.16599999368191
			vertex 2.0028924942017 1.0042003393173 0.16599999368191
			vertex 2.0356199741364 1.0160100460052 0.16599999368191
		endloop
	endfacet
	facet normal 0 0 -1
		outer loop
			vertex 1.9821928739548 0.93675410747528 0.16599999368191
			vertex 2.0476715564728 0.99720144271851 0.16599999368191
			vertex 2.0490546226501 0.98783874511719 0.16599999368191
		endloop
	endfacet
	facet normal 0 0 -1
		outer loop
			vertex 1.9821928739548 0.93675410747528 0.16599999368191
			vertex 2.0526359081268 0.9894540309906 0.16599999368191
			vertex 2.0524520874023 0.98842465877533 0.16599999368191
		endloop
	endfacet
	facet normal 0 0 -1
		outer loop
			vertex 1.9821928739548 0.93675410747528 0.16599999368191
			vertex 2.0490546226501 0.98783874511719 0.16599999368191
			vertex 2.0526359081268 0.9894540309906 0.16599999368191
		endloop
	endfacet
	facet normal 0 0 -1
		outer loop
			vertex 1.9821928739548 0.93675410747528 0.16599999368191
			vertex 2.0524520874023 0.98842465877533 0.16599999368191
			vertex 2.0486645698547 0.98451751470566 0.16599999368191
		endloop
	endfacet
	facet normal 0 0 -1
		outer loop
			vertex 1.9821928739548 0.93675410747528 0.16599999368191
			vertex 2.0356199741364 1.0160100460052 0.16599999368191
			vertex 2.0447044372559 1.001832485199 0.16599999368191
		endloop
	endfacet
	facet normal 0 0 -1
		outer loop
			vertex 1.9821928739548 0.93675410747528 0.16599999368191
			vertex 2.0447044372559 1.001832485199 0.16599999368191
			vertex 2.0476715564728 0.99720144271851 0.16599999368191
		endloop
	endfacet
	facet normal 0 0 -1
		outer loop
			vertex 2.0490546226501 0.98783874511719 0.16599999368191
			vertex 2.052286863327 0.98999857902527 0.16599999368191
			vertex 2.0526359081268 0.9894540309906 0.16599999368191
		endloop
	endfacet
	facet normal 0 0 -1
		outer loop
			vertex 2.0486645698547 0.98451751470566 0.16599999368191
			vertex 2.0524520874023 0.98842465877533 0.16599999368191
			vertex 2.0526316165924 0.98848456144333 0.16599999368191
		endloop
	endfacet
	facet normal 0 0 -1
		outer loop
			vertex 2.0169115066528 1.0203803777695 0.16599999368191
			vertex 2.0235683917999 1.0280616283417 0.16599999368191
			vertex 2.0356199741364 1.0160100460052 0.16599999368191
		endloop
	endfacet
	facet normal 0 0 -1
		outer loop
			vertex 2.0028924942017 1.0042003393173 0.16599999368191
			vertex 2.0169115066528 1.0203803777695 0.16599999368191
			vertex 2.0356199741364 1.0160100460052 0.16599999368191
		endloop
	endfacet
	facet normal -0.31622726585504 0.94868346477096 0
		outer loop
			vertex 2.2296855449677 1.0475025177002 0
			vertex 2.2296855449677 1.0475025177002 0.16599999368191
			vertex 2.2975187301636 1.0701135396957 0
		endloop
	endfacet
	facet normal 0.31622761617504 -0.94868334799777 0
		outer loop
			vertex 2.0441257953644 1.0520412921906 0
			vertex 2.2705483436584 1.1275154352188 0
			vertex 2.2705483436584 1.1275154352188 0.16599999368191
		endloop
	endfacet
	facet normal -0.94878239274333 -0.31593032652825 0
		outer loop
			vertex 2.2974047660828 1.070455789566 0
			vertex 2.2975187301636 1.0701135396957 0
			vertex 2.2975187301636 1.0701135396957 0.16599999368191
		endloop
	endfacet
	facet normal 0.31622761617504 -0.94868334799777 0
		outer loop
			vertex 2.0441257953644 1.0520412921906 0
			vertex 2.2705483436584 1.1275154352188 0.16599999368191
			vertex 2.0441257953644 1.0520412921906 0.16599999368191
		endloop
	endfacet
	facet normal -0.31622726585504 0.94868346477096 0
		outer loop
			vertex 2.2975187301636 1.0701135396957 0
			vertex 2.2296855449677 1.0475025177002 0.16599999368191
			vertex 2.2975187301636 1.0701135396957 0.16599999368191
		endloop
	endfacet
	facet normal -0.94878239274333 -0.31593032652825 0
		outer loop
			vertex 2.2974047660828 1.070455789566 0
			vertex 2.2975187301636 1.0701135396957 0.16599999368191
			vertex 2.2974047660828 1.070455789566 0.16599999368191
		endloop
	endfacet
	facet normal 0 -0 -1
		outer loop
			vertex 2.0526359081268 0.9894540309906 0.16599999368191
			vertex 2.0537350177765 0.98885232210159 0.16599999368191
			vertex 2.0526316165924 0.98848456144333 0.16599999368191
		endloop
	endfacet
	facet normal 0 0 -1
		outer loop
			vertex 2.0526359081268 0.9894540309906 0.16599999368191
			vertex 2.0526316165924 0.98848456144333 0.16599999368191
			vertex 2.0524520874023 0.98842465877533 0.16599999368191
		endloop
	endfacet
	facet normal 0 0 -1
		outer loop
			vertex 2.0356199741364 1.0160100460052 0.16599999368191
			vertex 2.0292270183563 1.0470750331879 0.16599999368191
			vertex 2.0390195846558 1.0304112434387 0.16599999368191
		endloop
	endfacet
	facet normal 0 0 -1
		outer loop
			vertex 2.0390195846558 1.0304112434387 0.16599999368191
			vertex 2.0292270183563 1.0470750331879 0.16599999368191
			vertex 2.0441257953644 1.0520412921906 0.16599999368191
		endloop
	endfacet
	facet normal 0 0 -1
		outer loop
			vertex 2.0447044372559 1.001832485199 0.16599999368191
			vertex 2.1085164546967 1.0251220464706 0.16599999368191
			vertex 2.0476715564728 0.99720144271851 0.16599999368191
		endloop
	endfacet
	facet normal 0 0 -1
		outer loop
			vertex 2.0447044372559 1.001832485199 0.16599999368191
			vertex 2.0390195846558 1.0304112434387 0.16599999368191
			vertex 2.1085164546967 1.0251220464706 0.16599999368191
		endloop
	endfacet
	facet normal 0 0 -1
		outer loop
			vertex 2.0476715564728 0.99720144271851 0.16599999368191
			vertex 2.1085164546967 1.0251220464706 0.16599999368191
			vertex 2.0578854084015 0.9937572479248 0.16599999368191
		endloop
	endfacet
	facet normal 0 0 -1
		outer loop
			vertex 2.1356501579285 1.0285137891769 0.16599999368191
			vertex 2.2631468772888 1.0885031223297 0.16599999368191
			vertex 2.2296855449677 1.0475025177002 0.16599999368191
		endloop
	endfacet
	facet normal 0 0 -1
		outer loop
			vertex 2.0390195846558 1.0304112434387 0.16599999368191
			vertex 2.0441257953644 1.0520412921906 0.16599999368191
			vertex 2.2652792930603 1.1222401857376 0.16599999368191
		endloop
	endfacet
	facet normal 0 0 -1
		outer loop
			vertex 2.0390195846558 1.0304112434387 0.16599999368191
			vertex 2.2652792930603 1.1222401857376 0.16599999368191
			vertex 2.1085164546967 1.0251220464706 0.16599999368191
		endloop
	endfacet
	facet normal 0 0 -1
		outer loop
			vertex 2.1085164546967 1.0251220464706 0.16599999368191
			vertex 2.2652711868286 1.1222282648087 0.16599999368191
			vertex 2.1356501579285 1.0285137891769 0.16599999368191
		endloop
	endfacet
	facet normal 0 0 -1
		outer loop
			vertex 2.0441257953644 1.0520412921906 0.16599999368191
			vertex 2.2705483436584 1.1275154352188 0.16599999368191
			vertex 2.2653570175171 1.1223022937775 0.16599999368191
		endloop
	endfacet
	facet normal 0 0 -1
		outer loop
			vertex 2.0441257953644 1.0520412921906 0.16599999368191
			vertex 2.2653570175171 1.1223022937775 0.16599999368191
			vertex 2.2652792930603 1.1222401857376 0.16599999368191
		endloop
	endfacet
	facet normal 0 0 -1
		outer loop
			vertex 2.1085164546967 1.0251220464706 0.16599999368191
			vertex 2.2652792930603 1.1222401857376 0.16599999368191
			vertex 2.2652711868286 1.1222282648087 0.16599999368191
		endloop
	endfacet
	facet normal 0 0 -1
		outer loop
			vertex 2.1356501579285 1.0285137891769 0.16599999368191
			vertex 2.2652711868286 1.1222282648087 0.16599999368191
			vertex 2.2631468772888 1.0885031223297 0.16599999368191
		endloop
	endfacet
	facet normal 0 0 -1
		outer loop
			vertex 2.2296855449677 1.0475025177002 0.16599999368191
			vertex 2.2631468772888 1.0885031223297 0.16599999368191
			vertex 2.2974047660828 1.070455789566 0.16599999368191
		endloop
	endfacet
	facet normal 0 0 -1
		outer loop
			vertex 2.2296855449677 1.0475025177002 0.16599999368191
			vertex 2.2974047660828 1.070455789566 0.16599999368191
			vertex 2.2975187301636 1.0701135396957 0.16599999368191
		endloop
	endfacet
	facet normal -0 0 -1
		outer loop
			vertex 2.2652940750122 1.1222449541092 0.16599999368191
			vertex 2.2652792930603 1.1222401857376 0.16599999368191
			vertex 2.2653570175171 1.1223022937775 0.16599999368191
		endloop
	endfacet
	facet normal 0 0 -1
		outer loop
			vertex 2.2631468772888 1.0885031223297 0.16599999368191
			vertex 2.2875599861145 1.0999900102615 0.16599999368191
			vertex 2.2974047660828 1.070455789566 0.16599999368191
		endloop
	endfacet
	facet normal 0.70710752774956 -0.70710603462275 0
		outer loop
			vertex 2.2705483436584 1.1275154352188 0
			vertex 2.3270027637482 1.1839699745178 0
			vertex 2.3270027637482 1.1839699745178 0.16599999368191
		endloop
	endfacet
	facet normal -0.70710627931882 0.70710728305392 0
		outer loop
			vertex 2.3098285198212 1.0777214765549 0
			vertex 2.3098285198212 1.0777214765549 0.16599999368191
			vertex 2.3938086032867 1.1617014408112 0
		endloop
	endfacet
	facet normal 0.70710752774956 -0.70710603462275 0
		outer loop
			vertex 2.2705483436584 1.1275154352188 0
			vertex 2.3270027637482 1.1839699745178 0.16599999368191
			vertex 2.2705483436584 1.1275154352188 0.16599999368191
		endloop
	endfacet
	facet normal -0.70710627931882 0.70710728305392 0
		outer loop
			vertex 2.3938086032867 1.1617014408112 0
			vertex 2.3098285198212 1.0777214765549 0.16599999368191
			vertex 2.3938086032867 1.1617014408112 0.16599999368191
		endloop
	endfacet
	facet normal 0 0 -1
		outer loop
			vertex 2.2653570175171 1.1223022937775 0.16599999368191
			vertex 2.2705483436584 1.1275154352188 0.16599999368191
			vertex 2.2755084037781 1.1194900274277 0.16599999368191
		endloop
	endfacet
	facet normal 0 0 -1
		outer loop
			vertex 2.2755084037781 1.1194900274277 0.16599999368191
			vertex 2.2705483436584 1.1275154352188 0.16599999368191
			vertex 2.3008482456207 1.1228684186935 0.16599999368191
		endloop
	endfacet
	facet normal 0 0 -1
		outer loop
			vertex 2.2755084037781 1.1194900274277 0.16599999368191
			vertex 2.3008482456207 1.1228684186935 0.16599999368191
			vertex 2.2875599861145 1.0999900102615 0.16599999368191
		endloop
	endfacet
	facet normal 0 0 -1
		outer loop
			vertex 2.2705483436584 1.1275154352188 0.16599999368191
			vertex 2.3270027637482 1.1839699745178 0.16599999368191
			vertex 2.3008482456207 1.1228684186935 0.16599999368191
		endloop
	endfacet
	facet normal 0 0 -1
		outer loop
			vertex 2.3008482456207 1.1228684186935 0.16599999368191
			vertex 2.3938086032867 1.1617014408112 0.16599999368191
			vertex 2.3098285198212 1.0777214765549 0.16599999368191
		endloop
	endfacet
	facet normal 0 0 -1
		outer loop
			vertex 2.3008482456207 1.1228684186935 0.16599999368191
			vertex 2.3270027637482 1.1839699745178 0.16599999368191
			vertex 2.3388125896454 1.1721602678299 0.16599999368191
		endloop
	endfacet
	facet normal 0 0 -1
		outer loop
			vertex 2.3008482456207 1.1228684186935 0.16599999368191
			vertex 2.3388125896454 1.1721602678299 0.16599999368191
			vertex 2.3676955699921 1.1878144741058 0.16599999368191
		endloop
	endfacet
	facet normal 0 0 -1
		outer loop
			vertex 2.3388125896454 1.1721602678299 0.16599999368191
			vertex 2.3456690311432 1.194501042366 0.16599999368191
			vertex 2.3676955699921 1.1878144741058 0.16599999368191
		endloop
	endfacet
	facet normal 0 0 -1
		outer loop
			vertex 2.3008482456207 1.1228684186935 0.16599999368191
			vertex 2.3676955699921 1.1878144741058 0.16599999368191
			vertex 2.3938086032867 1.1617014408112 0.16599999368191
		endloop
	endfacet
	facet normal 0.70710758417542 0.70710597819676 0
		outer loop
			vertex 2.3270027637482 1.1839699745178 0
			vertex 2.2745153903961 1.2364574670792 0
			vertex 2.2745153903961 1.2364574670792 0.16599999368191
		endloop
	endfacet
	facet normal -0.70710678118655 -0.70710678118655 0
		outer loop
			vertex 2.3098285198212 1.2902185916901 0
			vertex 2.3938086032867 1.2062385082245 0
			vertex 2.3938086032867 1.2062385082245 0.16599999368191
		endloop
	endfacet
	facet normal 0.70710758417542 0.70710597819676 -0
		outer loop
			vertex 2.3270027637482 1.1839699745178 0
			vertex 2.2745153903961 1.2364574670792 0.16599999368191
			vertex 2.3270027637482 1.1839699745178 0.16599999368191
		endloop
	endfacet
	facet normal -0.70710678118655 -0.70710678118655 0
		outer loop
			vertex 2.3098285198212 1.2902185916901 0
			vertex 2.3938086032867 1.2062385082245 0.16599999368191
			vertex 2.3098285198212 1.2902185916901 0.16599999368191
		endloop
	endfacet
	facet normal 0 0 -1
		outer loop
			vertex 2.3270027637482 1.1839699745178 0.16599999368191
			vertex 2.2745153903961 1.2364574670792 0.16599999368191
			vertex 2.2875599861145 1.2388470172882 0.16599999368191
		endloop
	endfacet
	facet normal 0 0 -1
		outer loop
			vertex 2.3270027637482 1.1839699745178 0.16599999368191
			vertex 2.2875599861145 1.2388470172882 0.16599999368191
			vertex 2.2892091274261 1.236785531044 0.16599999368191
		endloop
	endfacet
	facet normal 0 0 -1
		outer loop
			vertex 2.2892091274261 1.236785531044 0.16599999368191
			vertex 2.2922840118408 1.2373971939087 0.16599999368191
			vertex 2.3456690311432 1.194501042366 0.16599999368191
		endloop
	endfacet
	facet normal 0 0 -1
		outer loop
			vertex 2.2892091274261 1.236785531044 0.16599999368191
			vertex 2.3456690311432 1.194501042366 0.16599999368191
			vertex 2.3388125896454 1.1721602678299 0.16599999368191
		endloop
	endfacet
	facet normal 0 0 -1
		outer loop
			vertex 2.3270027637482 1.1839699745178 0.16599999368191
			vertex 2.2892091274261 1.236785531044 0.16599999368191
			vertex 2.3388125896454 1.1721602678299 0.16599999368191
		endloop
	endfacet
	facet normal 0 0 -1
		outer loop
			vertex 2.2922840118408 1.2373971939087 0.16599999368191
			vertex 2.3715400695801 1.2130728960037 0.16599999368191
			vertex 2.3456690311432 1.194501042366 0.16599999368191
		endloop
	endfacet
	facet normal 0 0 -1
		outer loop
			vertex 2.2922840118408 1.2373971939087 0.16599999368191
			vertex 2.2947602272034 1.2632451057434 0.16599999368191
			vertex 2.3715400695801 1.2130728960037 0.16599999368191
		endloop
	endfacet
	facet normal 0 0 -1
		outer loop
			vertex 2.2947602272034 1.2632451057434 0.16599999368191
			vertex 2.2927849292755 1.2731750011444 0.16599999368191
			vertex 2.3715400695801 1.2130728960037 0.16599999368191
		endloop
	endfacet
	facet normal 0 0 -1
		outer loop
			vertex 2.3676955699921 1.1878144741058 0.16599999368191
			vertex 2.3456690311432 1.194501042366 0.16599999368191
			vertex 2.3715400695801 1.2130728960037 0.16599999368191
		endloop
	endfacet
	facet normal 0 0 -1
		outer loop
			vertex 2.3098285198212 1.2902185916901 0.16599999368191
			vertex 2.3938086032867 1.2062385082245 0.16599999368191
			vertex 2.3715400695801 1.2130728960037 0.16599999368191
		endloop
	endfacet
	facet normal 0 0 -1
		outer loop
			vertex 2.2927849292755 1.2731750011444 0.16599999368191
			vertex 2.3098285198212 1.2902185916901 0.16599999368191
			vertex 2.3715400695801 1.2130728960037 0.16599999368191
		endloop
	endfacet
	facet normal 0 1 0
		outer loop
			vertex 2.0486645698547 1.2364574670792 0
			vertex 2.0486645698547 1.2364574670792 0.16599999368191
			vertex 2.2745153903961 1.2364574670792 0
		endloop
	endfacet
	facet normal 0 -1 0
		outer loop
			vertex 2.0356199741364 1.2994425296783 0
			vertex 2.2875599861145 1.2994425296783 0
			vertex 2.2875599861145 1.2994425296783 0.16599999368191
		endloop
	endfacet
	facet normal 0 -1 0
		outer loop
			vertex 2.0356199741364 1.2994425296783 0
			vertex 2.2875599861145 1.2994425296783 0.16599999368191
			vertex 2.0356199741364 1.2994425296783 0.16599999368191
		endloop
	endfacet
	facet normal 0 1 -0
		outer loop
			vertex 2.2745153903961 1.2364574670792 0
			vertex 2.0486645698547 1.2364574670792 0.16599999368191
			vertex 2.2745153903961 1.2364574670792 0.16599999368191
		endloop
	endfacet
	facet normal 0 0 -1
		outer loop
			vertex 2.0486645698547 1.2364574670792 0.16599999368191
			vertex 2.0530128479004 1.2408057451248 0.16599999368191
			vertex 2.2745153903961 1.2364574670792 0.16599999368191
		endloop
	endfacet
	facet normal 0 0 -1
		outer loop
			vertex 2.0530128479004 1.2408057451248 0.16599999368191
			vertex 2.0356199741364 1.2679500579834 0.16599999368191
			vertex 2.2875599861145 1.2994425296783 0.16599999368191
		endloop
	endfacet
	facet normal 0 0 -1
		outer loop
			vertex 2.0356199741364 1.2679500579834 0.16599999368191
			vertex 2.0356199741364 1.2790087461472 0.16599999368191
			vertex 2.2875599861145 1.2994425296783 0.16599999368191
		endloop
	endfacet
	facet normal 0 0 -1
		outer loop
			vertex 2.0356199741364 1.2790087461472 0.16599999368191
			vertex 2.0356199741364 1.2994425296783 0.16599999368191
			vertex 2.2875599861145 1.2994425296783 0.16599999368191
		endloop
	endfacet
	facet normal 0 0 -1
		outer loop
			vertex 2.0530128479004 1.2408057451248 0.16599999368191
			vertex 2.2875599861145 1.2388470172882 0.16599999368191
			vertex 2.2745153903961 1.2364574670792 0.16599999368191
		endloop
	endfacet
	facet normal 0 0 -1
		outer loop
			vertex 2.0530128479004 1.2408057451248 0.16599999368191
			vertex 2.2875599861145 1.2994425296783 0.16599999368191
			vertex 2.2875599861145 1.2388470172882 0.16599999368191
		endloop
	endfacet
	facet normal 0 0 -1
		outer loop
			vertex 2.0235683917999 1.2970452308655 0.16599999368191
			vertex 2.0356199741364 1.2790087461472 0.16599999368191
			vertex 2.027800321579 1.2757697105408 0.16599999368191
		endloop
	endfacet
	facet normal 0 0 -1
		outer loop
			vertex 2.0356199741364 1.2679500579834 0.16599999368191
			vertex 2.027800321579 1.2757697105408 0.16599999368191
			vertex 2.0356199741364 1.2790087461472 0.16599999368191
		endloop
	endfacet
	facet normal 0.98078610385375 -0.19508618220516 0
		outer loop
			vertex 1.9201475381851 1.1839699745178 0
			vertex 1.9225447177887 1.1960216760635 0
			vertex 1.9225447177887 1.1960216760635 0.16599999368191
		endloop
	endfacet
	facet normal 0.83146625188903 -0.55557526220091 0
		outer loop
			vertex 1.9225447177887 1.1960216760635 0
			vertex 1.9293714761734 1.2062385082245 0
			vertex 1.9293714761734 1.2062385082245 0.16599999368191
		endloop
	endfacet
	facet normal 0.98078610385375 -0.19508618220516 0
		outer loop
			vertex 1.9201475381851 1.1839699745178 0
			vertex 1.9225447177887 1.1960216760635 0.16599999368191
			vertex 1.9201475381851 1.1839699745178 0.16599999368191
		endloop
	endfacet
	facet normal 0.83146625188903 -0.55557526220091 0
		outer loop
			vertex 1.9225447177887 1.1960216760635 0
			vertex 1.9293714761734 1.2062385082245 0.16599999368191
			vertex 1.9225447177887 1.1960216760635 0.16599999368191
		endloop
	endfacet
	facet normal 0 0 -1
		outer loop
			vertex 1.9201475381851 1.1839699745178 0.16599999368191
			vertex 1.9293714761734 1.2062385082245 0.16599999368191
			vertex 1.9395883083344 1.1580488681793 0.16599999368191
		endloop
	endfacet
	facet normal 0 0 -1
		outer loop
			vertex 1.9395883083344 1.1580488681793 0.16599999368191
			vertex 1.9293714761734 1.2062385082245 0.16599999368191
			vertex 1.9453758001328 1.1839699745178 0.16599999368191
		endloop
	endfacet
	facet normal 0 0 -1
		outer loop
			vertex 1.9201475381851 1.1839699745178 0.16599999368191
			vertex 1.9225447177887 1.1960216760635 0.16599999368191
			vertex 1.9293714761734 1.2062385082245 0.16599999368191
		endloop
	endfacet
	facet normal 0 -0 -1
		outer loop
			vertex 1.9500476121902 1.1855623722076 0.16599999368191
			vertex 1.980742931366 1.1839699745178 0.16599999368191
			vertex 1.9453758001328 1.1839699745178 0.16599999368191
		endloop
	endfacet
	facet normal -0 0 -1
		outer loop
			vertex 1.9500476121902 1.1855623722076 0.16599999368191
			vertex 1.9453758001328 1.1839699745178 0.16599999368191
			vertex 1.9293714761734 1.2062385082245 0.16599999368191
		endloop
	endfacet
	facet normal 0.83146625188903 0.55557526220091 -0
		outer loop
			vertex 1.9225447177887 1.0879383087158 0
			vertex 1.9225447177887 1.0879383087158 0.16599999368191
			vertex 1.9293714761734 1.0777214765549 0
		endloop
	endfacet
	facet normal 0.98078610385375 0.19508618220516 0
		outer loop
			vertex 1.9225447177887 1.0879383087158 0
			vertex 1.9201475381851 1.0999900102615 0
			vertex 1.9201475381851 1.0999900102615 0.16599999368191
		endloop
	endfacet
	facet normal 0.83146625188903 0.55557526220091 -0
		outer loop
			vertex 1.9293714761734 1.0777214765549 0
			vertex 1.9225447177887 1.0879383087158 0.16599999368191
			vertex 1.9293714761734 1.0777214765549 0.16599999368191
		endloop
	endfacet
	facet normal 0.98078610385375 0.19508618220516 -0
		outer loop
			vertex 1.9225447177887 1.0879383087158 0
			vertex 1.9201475381851 1.0999900102615 0.16599999368191
			vertex 1.9225447177887 1.0879383087158 0.16599999368191
		endloop
	endfacet
	facet normal 0 0 -1
		outer loop
			vertex 1.9225447177887 1.0879383087158 0.16599999368191
			vertex 1.9201475381851 1.0999900102615 0.16599999368191
			vertex 1.9293714761734 1.0777214765549 0.16599999368191
		endloop
	endfacet
	facet normal 0 0 -1
		outer loop
			vertex 1.9201475381851 1.0999900102615 0.16599999368191
			vertex 1.9516400098801 1.0999900102615 0.16599999368191
			vertex 1.9293714761734 1.0777214765549 0.16599999368191
		endloop
	endfacet
	facet normal 0 0 -1
		outer loop
			vertex 1.959704875946 1.1080548763275 0.16599999368191
			vertex 1.9636917114258 1.1259111166 0.16599999368191
			vertex 1.9696357250214 1.1179857254028 0.16599999368191
		endloop
	endfacet
	facet normal 0 0 -1
		outer loop
			vertex 2.0490546226501 0.98783874511719 0.16599999368191
			vertex 2.0476715564728 0.99720144271851 0.16599999368191
			vertex 2.052286863327 0.98999857902527 0.16599999368191
		endloop
	endfacet
	facet normal 0 0 -1
		outer loop
			vertex 2.0356199741364 1.0160100460052 0.16599999368191
			vertex 2.0390195846558 1.0304112434387 0.16599999368191
			vertex 2.0447044372559 1.001832485199 0.16599999368191
		endloop
	endfacet
	facet normal 0 0 -1
		outer loop
			vertex 2.052286863327 0.98999857902527 0.16599999368191
			vertex 2.0476715564728 0.99720144271851 0.16599999368191
			vertex 2.0578854084015 0.9937572479248 0.16599999368191
		endloop
	endfacet
	facet normal -0.55556407366285 -0.83147372782015 0
		outer loop
			vertex 2.2996115684509 1.0451052188873 0
			vertex 2.3098285198212 1.0382785797119 0
			vertex 2.3098285198212 1.0382785797119 0.16599999368191
		endloop
	endfacet
	facet normal -0.1950973707424 -0.98078387829807 0
		outer loop
			vertex 2.2875599861145 1.0475025177002 0
			vertex 2.2996115684509 1.0451052188873 0
			vertex 2.2996115684509 1.0451052188873 0.16599999368191
		endloop
	endfacet
	facet normal -0.1950973707424 -0.98078387829807 0
		outer loop
			vertex 2.2875599861145 1.0475025177002 0
			vertex 2.2996115684509 1.0451052188873 0.16599999368191
			vertex 2.2875599861145 1.0475025177002 0.16599999368191
		endloop
	endfacet
	facet normal -0.55556407366285 -0.83147372782015 0
		outer loop
			vertex 2.2996115684509 1.0451052188873 0
			vertex 2.3098285198212 1.0382785797119 0.16599999368191
			vertex 2.2996115684509 1.0451052188873 0.16599999368191
		endloop
	endfacet
	facet normal 0 0 -1
		outer loop
			vertex 2.2875599861145 0.9869070649147 0.16599999368191
			vertex 2.2875599861145 1.0475025177002 0.16599999368191
			vertex 2.2927849292755 1.0212349891663 0.16599999368191
		endloop
	endfacet
	facet normal 0 0 -1
		outer loop
			vertex 2.2927849292755 1.0212349891663 0.16599999368191
			vertex 2.2875599861145 1.0475025177002 0.16599999368191
			vertex 2.2996115684509 1.0451052188873 0.16599999368191
		endloop
	endfacet
	facet normal 0 0 -1
		outer loop
			vertex 2.2927849292755 1.0212349891663 0.16599999368191
			vertex 2.2996115684509 1.0451052188873 0.16599999368191
			vertex 2.3098285198212 1.0382785797119 0.16599999368191
		endloop
	endfacet
	facet normal -0.98078406293097 -0.19509644256272 0
		outer loop
			vertex 2.403032541275 0.93203002214432 0
			vertex 2.403032541275 0.93203002214432 0.16599999368191
			vertex 2.4006352424622 0.94408166408539 0
		endloop
	endfacet
	facet normal -0.83147223062558 -0.55556631440228 0
		outer loop
			vertex 2.3938086032867 0.95429855585098 0
			vertex 2.4006352424622 0.94408166408539 0
			vertex 2.4006352424622 0.94408166408539 0.16599999368191
		endloop
	endfacet
	facet normal -0.98078406293097 -0.19509644256272 0
		outer loop
			vertex 2.4006352424622 0.94408166408539 0
			vertex 2.403032541275 0.93203002214432 0.16599999368191
			vertex 2.4006352424622 0.94408166408539 0.16599999368191
		endloop
	endfacet
	facet normal -0.83147223062558 -0.55556631440228 0
		outer loop
			vertex 2.3938086032867 0.95429855585098 0
			vertex 2.4006352424622 0.94408166408539 0.16599999368191
			vertex 2.3938086032867 0.95429855585098 0.16599999368191
		endloop
	endfacet
	facet normal 0 0 -1
		outer loop
			vertex 2.3535442352295 0.91403430700302 0.16599999368191
			vertex 2.3634750843048 0.92396509647369 0.16599999368191
			vertex 2.3594882488251 0.90610885620117 0.16599999368191
		endloop
	endfacet
	facet normal 0 0 -1
		outer loop
			vertex 2.3715400695801 0.93203002214432 0.16599999368191
			vertex 2.3938086032867 0.95429855585098 0.16599999368191
			vertex 2.403032541275 0.93203002214432 0.16599999368191
		endloop
	endfacet
	facet normal 0 0 -1
		outer loop
			vertex 2.3938086032867 0.95429855585098 0.16599999368191
			vertex 2.4006352424622 0.94408166408539 0.16599999368191
			vertex 2.403032541275 0.93203002214432 0.16599999368191
		endloop
	endfacet
	facet normal -0.55556594059347 0.83147248039397 0
		outer loop
			vertex 2.3854625225067 0.82020485401154 0
			vertex 2.3854625225067 0.82020485401154 0.16599999368191
			vertex 2.3938086032867 0.82578146457672 0
		endloop
	endfacet
	facet normal -0.98078406293097 0.19509644256272 0
		outer loop
			vertex 2.4006352424622 0.83599835634232 0
			vertex 2.4006352424622 0.83599835634232 0.16599999368191
			vertex 2.403032541275 0.84804999828339 0
		endloop
	endfacet
	facet normal -0.83147223062558 0.55556631440228 0
		outer loop
			vertex 2.3938086032867 0.82578146457672 0
			vertex 2.3938086032867 0.82578146457672 0.16599999368191
			vertex 2.4006352424622 0.83599835634232 0
		endloop
	endfacet
	facet normal -0.55556594059347 0.83147248039397 0
		outer loop
			vertex 2.3938086032867 0.82578146457672 0
			vertex 2.3854625225067 0.82020485401154 0.16599999368191
			vertex 2.3938086032867 0.82578146457672 0.16599999368191
		endloop
	endfacet
	facet normal -0.83147223062558 0.55556631440228 0
		outer loop
			vertex 2.4006352424622 0.83599835634232 0
			vertex 2.3938086032867 0.82578146457672 0.16599999368191
			vertex 2.4006352424622 0.83599835634232 0.16599999368191
		endloop
	endfacet
	facet normal -0.98078406293097 0.19509644256272 0
		outer loop
			vertex 2.403032541275 0.84804999828339 0
			vertex 2.4006352424622 0.83599835634232 0.16599999368191
			vertex 2.403032541275 0.84804999828339 0.16599999368191
		endloop
	endfacet
	facet normal 0 -0 -1
		outer loop
			vertex 2.3414673805237 0.84804999828339 0.16599999368191
			vertex 2.3724520206451 0.84622579813004 0.16599999368191
			vertex 2.3404159545898 0.84619772434235 0.16599999368191
		endloop
	endfacet
	facet normal 0 0 -1
		outer loop
			vertex 2.3414673805237 0.84804999828339 0.16599999368191
			vertex 2.3778042793274 0.84804999828339 0.16599999368191
			vertex 2.3724520206451 0.84622579813004 0.16599999368191
		endloop
	endfacet
	facet normal 0 -0 -1
		outer loop
			vertex 2.3778042793274 0.84804999828339 0.16599999368191
			vertex 2.3854625225067 0.82020485401154 0.16599999368191
			vertex 2.3724520206451 0.84622579813004 0.16599999368191
		endloop
	endfacet
	facet normal -0 0 -1
		outer loop
			vertex 2.3938086032867 0.82578146457672 0.16599999368191
			vertex 2.3854625225067 0.82020485401154 0.16599999368191
			vertex 2.3835916519165 0.87397110462189 0.16599999368191
		endloop
	endfacet
	facet normal 0 0 -1
		outer loop
			vertex 2.3778042793274 0.84804999828339 0.16599999368191
			vertex 2.3835916519165 0.87397110462189 0.16599999368191
			vertex 2.3854625225067 0.82020485401154 0.16599999368191
		endloop
	endfacet
	facet normal 0 0 -1
		outer loop
			vertex 2.3938086032867 0.82578146457672 0.16599999368191
			vertex 2.403032541275 0.84804999828339 0.16599999368191
			vertex 2.4006352424622 0.83599835634232 0.16599999368191
		endloop
	endfacet
	facet normal 0 0 -1
		outer loop
			vertex 2.3938086032867 0.82578146457672 0.16599999368191
			vertex 2.3835916519165 0.87397110462189 0.16599999368191
			vertex 2.403032541275 0.84804999828339 0.16599999368191
		endloop
	endfacet
	facet normal -0.19509270461488 0.98078480647186 0
		outer loop
			vertex 2.2875599861145 0.77456748485565 0
			vertex 2.2875599861145 0.77456748485565 0.16599999368191
			vertex 2.2996115684509 0.77696472406387 0
		endloop
	endfacet
	facet normal -0.55552511505452 0.83149975739243 0
		outer loop
			vertex 2.2996115684509 0.77696472406387 0
			vertex 2.2996115684509 0.77696472406387 0.16599999368191
			vertex 2.3014826774597 0.77821481227875 0
		endloop
	endfacet
	facet normal -0.19509270461488 0.98078480647186 0
		outer loop
			vertex 2.2996115684509 0.77696472406387 0
			vertex 2.2875599861145 0.77456748485565 0.16599999368191
			vertex 2.2996115684509 0.77696472406387 0.16599999368191
		endloop
	endfacet
	facet normal -0.55552511505452 0.83149975739243 0
		outer loop
			vertex 2.3014826774597 0.77821481227875 0
			vertex 2.2996115684509 0.77696472406387 0.16599999368191
			vertex 2.3014826774597 0.77821481227875 0.16599999368191
		endloop
	endfacet
	facet normal 0 0 -1
		outer loop
			vertex 2.2875599861145 0.77456748485565 0.16599999368191
			vertex 2.2875599861145 0.80606001615524 0.16599999368191
			vertex 2.2996115684509 0.78195667266846 0.16599999368191
		endloop
	endfacet
	facet normal 0 0 -1
		outer loop
			vertex 2.2996115684509 0.78195667266846 0.16599999368191
			vertex 2.3085737228394 0.79010051488876 0.16599999368191
			vertex 2.3020374774933 0.77858555316925 0.16599999368191
		endloop
	endfacet
	facet normal 0 0 -1
		outer loop
			vertex 2.2875599861145 0.77456748485565 0.16599999368191
			vertex 2.2996115684509 0.78195667266846 0.16599999368191
			vertex 2.2996115684509 0.77696472406387 0.16599999368191
		endloop
	endfacet
	facet normal 0 0 -1
		outer loop
			vertex 2.2996115684509 0.78195667266846 0.16599999368191
			vertex 2.3020374774933 0.77858555316925 0.16599999368191
			vertex 2.3014826774597 0.77821481227875 0.16599999368191
		endloop
	endfacet
	facet normal 0 0 -1
		outer loop
			vertex 2.2996115684509 0.78195667266846 0.16599999368191
			vertex 2.3014826774597 0.77821481227875 0.16599999368191
			vertex 2.2996115684509 0.77696472406387 0.16599999368191
		endloop
	endfacet
	facet normal 0.19509270461488 0.98078480647186 -0
		outer loop
			vertex 2.0235683917999 0.77696472406387 0
			vertex 2.0235683917999 0.77696472406387 0.16599999368191
			vertex 2.0356199741364 0.77456748485565 0
		endloop
	endfacet
	facet normal 0.55557405896653 0.83146705587381 -0
		outer loop
			vertex 2.0216975212097 0.77821481227875 0
			vertex 2.0216975212097 0.77821481227875 0.16599999368191
			vertex 2.0235683917999 0.77696472406387 0
		endloop
	endfacet
	facet normal 0.19509270461488 0.98078480647186 -0
		outer loop
			vertex 2.0356199741364 0.77456748485565 0
			vertex 2.0235683917999 0.77696472406387 0.16599999368191
			vertex 2.0356199741364 0.77456748485565 0.16599999368191
		endloop
	endfacet
	facet normal 0.55557405896653 0.83146705587381 -0
		outer loop
			vertex 2.0235683917999 0.77696472406387 0
			vertex 2.0216975212097 0.77821481227875 0.16599999368191
			vertex 2.0235683917999 0.77696472406387 0.16599999368191
		endloop
	endfacet
	facet normal 0 -0 -1
		outer loop
			vertex 2.0228579044342 0.78053593635559 0.16599999368191
			vertex 2.0235683917999 0.77696472406387 0.16599999368191
			vertex 2.0216975212097 0.77821481227875 0.16599999368191
		endloop
	endfacet
	facet normal 0 0 -1
		outer loop
			vertex 2.0228579044342 0.78053593635559 0.16599999368191
			vertex 2.0235683917999 0.83088457584381 0.16599999368191
			vertex 2.0235683917999 0.77696472406387 0.16599999368191
		endloop
	endfacet
	facet normal 0 0 -1
		outer loop
			vertex 2.0235683917999 0.77696472406387 0.16599999368191
			vertex 2.0366244316101 0.83255463838577 0.16599999368191
			vertex 2.0356199741364 0.77456748485565 0.16599999368191
		endloop
	endfacet
	facet normal 0 0 -1
		outer loop
			vertex 2.0235683917999 0.77696472406387 0.16599999368191
			vertex 2.0235683917999 0.83088457584381 0.16599999368191
			vertex 2.0366244316101 0.83255463838577 0.16599999368191
		endloop
	endfacet
	facet normal 0 0 -1
		outer loop
			vertex 2.0356199741364 0.77456748485565 0.16599999368191
			vertex 2.0366244316101 0.83255463838577 0.16599999368191
			vertex 2.0476715564728 0.7775804400444 0.16599999368191
		endloop
	endfacet
	facet normal 0.55557142667452 0.83146881472659 -0
		outer loop
			vertex 1.9293714761734 0.82578146457672 0
			vertex 1.9293714761734 0.82578146457672 0.16599999368191
			vertex 1.9377174377441 0.82020485401154 0
		endloop
	endfacet
	facet normal 0.9807859192408 0.19508711033531 0
		outer loop
			vertex 1.9225447177887 0.83599835634232 0
			vertex 1.9201475381851 0.84804999828339 0
			vertex 1.9201475381851 0.84804999828339 0.16599999368191
		endloop
	endfacet
	facet normal 0.8314677491298 0.55557302144455 -0
		outer loop
			vertex 1.9225447177887 0.83599835634232 0
			vertex 1.9225447177887 0.83599835634232 0.16599999368191
			vertex 1.9293714761734 0.82578146457672 0
		endloop
	endfacet
	facet normal 0.55557142667452 0.83146881472659 -0
		outer loop
			vertex 1.9377174377441 0.82020485401154 0
			vertex 1.9293714761734 0.82578146457672 0.16599999368191
			vertex 1.9377174377441 0.82020485401154 0.16599999368191
		endloop
	endfacet
	facet normal 0.9807859192408 0.19508711033531 -0
		outer loop
			vertex 1.9225447177887 0.83599835634232 0
			vertex 1.9201475381851 0.84804999828339 0.16599999368191
			vertex 1.9225447177887 0.83599835634232 0.16599999368191
		endloop
	endfacet
	facet normal 0.8314677491298 0.55557302144455 -0
		outer loop
			vertex 1.9293714761734 0.82578146457672 0
			vertex 1.9225447177887 0.83599835634232 0.16599999368191
			vertex 1.9293714761734 0.82578146457672 0.16599999368191
		endloop
	endfacet
	facet normal 0 0 -1
		outer loop
			vertex 1.9225447177887 0.83599835634232 0.16599999368191
			vertex 1.9201475381851 0.84804999828339 0.16599999368191
			vertex 1.9476311206818 0.84003233909607 0.16599999368191
		endloop
	endfacet
	facet normal 0 0 -1
		outer loop
			vertex 1.9225447177887 0.83599835634232 0.16599999368191
			vertex 1.9476311206818 0.84003233909607 0.16599999368191
			vertex 1.9293714761734 0.82578146457672 0.16599999368191
		endloop
	endfacet
	facet normal 0 0 -1
		outer loop
			vertex 1.9293714761734 0.82578146457672 0.16599999368191
			vertex 1.9476311206818 0.84003233909607 0.16599999368191
			vertex 1.9377174377441 0.82020485401154 0.16599999368191
		endloop
	endfacet
	facet normal 0 0 -1
		outer loop
			vertex 1.9201475381851 0.84804999828339 0.16599999368191
			vertex 1.9516400098801 0.84804999828339 0.16599999368191
			vertex 1.9476311206818 0.84003233909607 0.16599999368191
		endloop
	endfacet
	facet normal 0 0 -1
		outer loop
			vertex 1.9377174377441 0.82020485401154 0.16599999368191
			vertex 1.9476311206818 0.84003233909607 0.16599999368191
			vertex 1.9380967617035 0.81995141506195 0.16599999368191
		endloop
	endfacet
	facet normal 0 0 -1
		outer loop
			vertex 1.9380967617035 0.81995141506195 0.16599999368191
			vertex 1.9476311206818 0.84003233909607 0.16599999368191
			vertex 1.9404013156891 0.82024621963501 0.16599999368191
		endloop
	endfacet
	facet normal 0 0 -1
		outer loop
			vertex 1.9628632068634 0.82311946153641 0.16599999368191
			vertex 1.9639623165131 0.87269461154938 0.16599999368191
			vertex 1.9715964794159 0.82423657178879 0.16599999368191
		endloop
	endfacet
	facet normal 0 0 -1
		outer loop
			vertex 1.9628632068634 0.82311946153641 0.16599999368191
			vertex 1.9629583358765 0.87068670988083 0.16599999368191
			vertex 1.9636917114258 0.87397110462189 0.16599999368191
		endloop
	endfacet
	facet normal 0 0 -1
		outer loop
			vertex 1.9628632068634 0.82311946153641 0.16599999368191
			vertex 1.9636917114258 0.87397110462189 0.16599999368191
			vertex 1.9639623165131 0.87269461154938 0.16599999368191
		endloop
	endfacet
	facet normal 0 0 -1
		outer loop
			vertex 1.9636917114258 0.87397110462189 0.16599999368191
			vertex 1.9642369747162 0.87324398756027 0.16599999368191
			vertex 1.9639623165131 0.87269461154938 0.16599999368191
		endloop
	endfacet
	facet normal 0.9807859192408 -0.19508711033531 0
		outer loop
			vertex 1.9201475381851 0.93203002214432 0
			vertex 1.9225447177887 0.94408166408539 0
			vertex 1.9225447177887 0.94408166408539 0.16599999368191
		endloop
	endfacet
	facet normal 0.8314677491298 -0.55557302144455 0
		outer loop
			vertex 1.9225447177887 0.94408166408539 0
			vertex 1.9293714761734 0.95429855585098 0
			vertex 1.9293714761734 0.95429855585098 0.16599999368191
		endloop
	endfacet
	facet normal 0.9807859192408 -0.19508711033531 0
		outer loop
			vertex 1.9201475381851 0.93203002214432 0
			vertex 1.9225447177887 0.94408166408539 0.16599999368191
			vertex 1.9201475381851 0.93203002214432 0.16599999368191
		endloop
	endfacet
	facet normal 0.8314677491298 -0.55557302144455 0
		outer loop
			vertex 1.9225447177887 0.94408166408539 0
			vertex 1.9293714761734 0.95429855585098 0.16599999368191
			vertex 1.9225447177887 0.94408166408539 0.16599999368191
		endloop
	endfacet
	facet normal 0 0 -1
		outer loop
			vertex 1.9201475381851 0.93203002214432 0.16599999368191
			vertex 1.9225447177887 0.94408166408539 0.16599999368191
			vertex 1.9225447177887 0.92883372306824 0.16599999368191
		endloop
	endfacet
	facet normal 0 0 -1
		outer loop
			vertex 1.9201475381851 0.93203002214432 0.16599999368191
			vertex 1.9225447177887 0.92883372306824 0.16599999368191
			vertex 1.9225447177887 0.92669802904129 0.16599999368191
		endloop
	endfacet
	facet normal 0 0 -1
		outer loop
			vertex 1.9225447177887 0.94408166408539 0.16599999368191
			vertex 1.9293714761734 0.95429855585098 0.16599999368191
			vertex 1.9395883083344 0.90610885620117 0.16599999368191
		endloop
	endfacet
	facet normal 0 0 -1
		outer loop
			vertex 1.9225447177887 0.92883372306824 0.16599999368191
			vertex 1.9225447177887 0.94408166408539 0.16599999368191
			vertex 1.9395883083344 0.90610885620117 0.16599999368191
		endloop
	endfacet
	facet normal 0 0 -1
		outer loop
			vertex 1.9395883083344 0.90610885620117 0.16599999368191
			vertex 1.9293714761734 0.95429855585098 0.16599999368191
			vertex 1.9453758001328 0.93203002214432 0.16599999368191
		endloop
	endfacet
	facet normal 0 0 -1
		outer loop
			vertex 1.9293714761734 0.95429855585098 0.16599999368191
			vertex 1.9516400098801 0.93203002214432 0.16599999368191
			vertex 1.9453758001328 0.93203002214432 0.16599999368191
		endloop
	endfacet
	facet normal 0 -0 -1
		outer loop
			vertex 1.9821928739548 0.93675410747528 0.16599999368191
			vertex 1.9828141927719 0.93363052606583 0.16599999368191
			vertex 1.9807353019714 0.93203330039978 0.16599999368191
		endloop
	endfacet
	facet normal 0 0 -1
		outer loop
			vertex 1.9828141927719 0.93363052606583 0.16599999368191
			vertex 1.9807353019714 0.93203002214432 0.16599999368191
			vertex 1.9807353019714 0.93203330039978 0.16599999368191
		endloop
	endfacet
	facet normal 0 0 -1
		outer loop
			vertex 1.9828141927719 0.93363052606583 0.16599999368191
			vertex 1.9818885326385 0.92577618360519 0.16599999368191
			vertex 1.9807353019714 0.93203002214432 0.16599999368191
		endloop
	endfacet
	facet normal 0 0 -1
		outer loop
			vertex 2.0169115066528 1.0203803777695 0.16599999368191
			vertex 2.0144248008728 1.0328823328018 0.16599999368191
			vertex 2.0235683917999 1.0280648469925 0.16599999368191
		endloop
	endfacet
	facet normal 0 0 -1
		outer loop
			vertex 2.0169115066528 1.0203803777695 0.16599999368191
			vertex 2.0235683917999 1.0280648469925 0.16599999368191
			vertex 2.0235683917999 1.0280616283417 0.16599999368191
		endloop
	endfacet
	facet normal -0.19507677838063 0.98078797430262 0
		outer loop
			vertex 2.2974047660828 1.070455789566 0
			vertex 2.2974047660828 1.070455789566 0.16599999368191
			vertex 2.2996115684509 1.0708947181702 0
		endloop
	endfacet
	facet normal -0.55557078070223 0.83146924635245 0
		outer loop
			vertex 2.2996115684509 1.0708947181702 0
			vertex 2.2996115684509 1.0708947181702 0.16599999368191
			vertex 2.3098285198212 1.0777214765549 0
		endloop
	endfacet
	facet normal -0.19507677838063 0.98078797430262 0
		outer loop
			vertex 2.2996115684509 1.0708947181702 0
			vertex 2.2974047660828 1.070455789566 0.16599999368191
			vertex 2.2996115684509 1.0708947181702 0.16599999368191
		endloop
	endfacet
	facet normal -0.55557078070223 0.83146924635245 0
		outer loop
			vertex 2.3098285198212 1.0777214765549 0
			vertex 2.2996115684509 1.0708947181702 0.16599999368191
			vertex 2.3098285198212 1.0777214765549 0.16599999368191
		endloop
	endfacet
	facet normal 0 0 -1
		outer loop
			vertex 2.2631468772888 1.0885031223297 0.16599999368191
			vertex 2.2755084037781 1.1194900274277 0.16599999368191
			vertex 2.2875599861145 1.0999900102615 0.16599999368191
		endloop
	endfacet
	facet normal 0 0 -1
		outer loop
			vertex 2.2631468772888 1.0885031223297 0.16599999368191
			vertex 2.2652792930603 1.1222401857376 0.16599999368191
			vertex 2.2652940750122 1.1222449541092 0.16599999368191
		endloop
	endfacet
	facet normal 0 0 -1
		outer loop
			vertex 2.2631468772888 1.0885031223297 0.16599999368191
			vertex 2.2652711868286 1.1222282648087 0.16599999368191
			vertex 2.2652792930603 1.1222401857376 0.16599999368191
		endloop
	endfacet
	facet normal 0 0 -1
		outer loop
			vertex 2.2631468772888 1.0885031223297 0.16599999368191
			vertex 2.2652940750122 1.1222449541092 0.16599999368191
			vertex 2.2653570175171 1.1223022937775 0.16599999368191
		endloop
	endfacet
	facet normal 0 0 -1
		outer loop
			vertex 2.2631468772888 1.0885031223297 0.16599999368191
			vertex 2.2653570175171 1.1223022937775 0.16599999368191
			vertex 2.2755084037781 1.1194900274277 0.16599999368191
		endloop
	endfacet
	facet normal 0 0 -1
		outer loop
			vertex 2.2974047660828 1.070455789566 0.16599999368191
			vertex 2.2875599861145 1.0999900102615 0.16599999368191
			vertex 2.2996115684509 1.0708947181702 0.16599999368191
		endloop
	endfacet
	facet normal 0 0 -1
		outer loop
			vertex 2.2996115684509 1.0708947181702 0.16599999368191
			vertex 2.3008482456207 1.1228684186935 0.16599999368191
			vertex 2.3098285198212 1.0777214765549 0.16599999368191
		endloop
	endfacet
	facet normal 0 0 -1
		outer loop
			vertex 2.2996115684509 1.0708947181702 0.16599999368191
			vertex 2.2875599861145 1.0999900102615 0.16599999368191
			vertex 2.3008482456207 1.1228684186935 0.16599999368191
		endloop
	endfacet
	facet normal -0.83147372782015 0.55556407366285 0
		outer loop
			vertex 2.3938086032867 1.1617014408112 0
			vertex 2.3938086032867 1.1617014408112 0.16599999368191
			vertex 2.4006352424622 1.1719183921814 0
		endloop
	endfacet
	facet normal -0.98078424756123 -0.19509551439169 0
		outer loop
			vertex 2.403032541275 1.1839699745178 0
			vertex 2.403032541275 1.1839699745178 0.16599999368191
			vertex 2.4006352424622 1.1960216760635 0
		endloop
	endfacet
	facet normal -0.98078387829807 0.1950973707424 0
		outer loop
			vertex 2.4006352424622 1.1719183921814 0
			vertex 2.4006352424622 1.1719183921814 0.16599999368191
			vertex 2.403032541275 1.1839699745178 0
		endloop
	endfacet
	facet normal -0.83147073341289 -0.55556855515574 0
		outer loop
			vertex 2.3938086032867 1.2062385082245 0
			vertex 2.4006352424622 1.1960216760635 0
			vertex 2.4006352424622 1.1960216760635 0.16599999368191
		endloop
	endfacet
	facet normal -0.83147372782015 0.55556407366285 0
		outer loop
			vertex 2.4006352424622 1.1719183921814 0
			vertex 2.3938086032867 1.1617014408112 0.16599999368191
			vertex 2.4006352424622 1.1719183921814 0.16599999368191
		endloop
	endfacet
	facet normal -0.98078387829807 0.1950973707424 0
		outer loop
			vertex 2.403032541275 1.1839699745178 0
			vertex 2.4006352424622 1.1719183921814 0.16599999368191
			vertex 2.403032541275 1.1839699745178 0.16599999368191
		endloop
	endfacet
	facet normal -0.83147073341289 -0.55556855515574 0
		outer loop
			vertex 2.3938086032867 1.2062385082245 0
			vertex 2.4006352424622 1.1960216760635 0.16599999368191
			vertex 2.3938086032867 1.2062385082245 0.16599999368191
		endloop
	endfacet
	facet normal -0.98078424756123 -0.19509551439169 0
		outer loop
			vertex 2.4006352424622 1.1960216760635 0
			vertex 2.403032541275 1.1839699745178 0.16599999368191
			vertex 2.4006352424622 1.1960216760635 0.16599999368191
		endloop
	endfacet
	facet normal 0 0 -1
		outer loop
			vertex 2.3676955699921 1.1878144741058 0.16599999368191
			vertex 2.3938086032867 1.2062385082245 0.16599999368191
			vertex 2.3938086032867 1.1617014408112 0.16599999368191
		endloop
	endfacet
	facet normal 0 0 -1
		outer loop
			vertex 2.3676955699921 1.1878144741058 0.16599999368191
			vertex 2.3715400695801 1.2130728960037 0.16599999368191
			vertex 2.3938086032867 1.2062385082245 0.16599999368191
		endloop
	endfacet
	facet normal 0 0 -1
		outer loop
			vertex 2.4006352424622 1.1719183921814 0.16599999368191
			vertex 2.4006352424622 1.1960216760635 0.16599999368191
			vertex 2.403032541275 1.1839699745178 0.16599999368191
		endloop
	endfacet
	facet normal 0 0 -1
		outer loop
			vertex 2.3938086032867 1.1617014408112 0.16599999368191
			vertex 2.3938086032867 1.2062385082245 0.16599999368191
			vertex 2.4006352424622 1.1719183921814 0.16599999368191
		endloop
	endfacet
	facet normal 0 0 -1
		outer loop
			vertex 2.4006352424622 1.1719183921814 0.16599999368191
			vertex 2.3938086032867 1.2062385082245 0.16599999368191
			vertex 2.4006352424622 1.1960216760635 0.16599999368191
		endloop
	endfacet
	facet normal -0.1950973707424 -0.98078387829807 0
		outer loop
			vertex 2.2875599861145 1.2994425296783 0
			vertex 2.2996115684509 1.2970452308655 0
			vertex 2.2996115684509 1.2970452308655 0.16599999368191
		endloop
	endfacet
	facet normal -0.55556407366285 -0.83147372782015 0
		outer loop
			vertex 2.2996115684509 1.2970452308655 0
			vertex 2.3098285198212 1.2902185916901 0
			vertex 2.3098285198212 1.2902185916901 0.16599999368191
		endloop
	endfacet
	facet normal -0.1950973707424 -0.98078387829807 0
		outer loop
			vertex 2.2875599861145 1.2994425296783 0
			vertex 2.2996115684509 1.2970452308655 0.16599999368191
			vertex 2.2875599861145 1.2994425296783 0.16599999368191
		endloop
	endfacet
	facet normal -0.55556407366285 -0.83147372782015 0
		outer loop
			vertex 2.2996115684509 1.2970452308655 0
			vertex 2.3098285198212 1.2902185916901 0.16599999368191
			vertex 2.2996115684509 1.2970452308655 0.16599999368191
		endloop
	endfacet
	facet normal 0 0 -1
		outer loop
			vertex 2.2875599861145 1.2388470172882 0.16599999368191
			vertex 2.2947602272034 1.2632451057434 0.16599999368191
			vertex 2.2892091274261 1.236785531044 0.16599999368191
		endloop
	endfacet
	facet normal 0 0 -1
		outer loop
			vertex 2.2892091274261 1.236785531044 0.16599999368191
			vertex 2.2947602272034 1.2632451057434 0.16599999368191
			vertex 2.2922840118408 1.2373971939087 0.16599999368191
		endloop
	endfacet
	facet normal 0 0 -1
		outer loop
			vertex 2.2875599861145 1.2388470172882 0.16599999368191
			vertex 2.2875599861145 1.2994425296783 0.16599999368191
			vertex 2.2927849292755 1.2731750011444 0.16599999368191
		endloop
	endfacet
	facet normal 0 0 -1
		outer loop
			vertex 2.2875599861145 1.2388470172882 0.16599999368191
			vertex 2.2927849292755 1.2731750011444 0.16599999368191
			vertex 2.2947602272034 1.2632451057434 0.16599999368191
		endloop
	endfacet
	facet normal 0 0 -1
		outer loop
			vertex 2.2927849292755 1.2731750011444 0.16599999368191
			vertex 2.2875599861145 1.2994425296783 0.16599999368191
			vertex 2.3098285198212 1.2902185916901 0.16599999368191
		endloop
	endfacet
	facet normal 0 0 -1
		outer loop
			vertex 2.2875599861145 1.2994425296783 0.16599999368191
			vertex 2.2996115684509 1.2970452308655 0.16599999368191
			vertex 2.3098285198212 1.2902185916901 0.16599999368191
		endloop
	endfacet
	facet normal 0.55556407366285 -0.83147372782015 0
		outer loop
			vertex 2.0133514404297 1.2902185916901 0
			vertex 2.0235683917999 1.2970452308655 0
			vertex 2.0235683917999 1.2970452308655 0.16599999368191
		endloop
	endfacet
	facet normal 0.1950973707424 -0.98078387829807 0
		outer loop
			vertex 2.0235683917999 1.2970452308655 0
			vertex 2.0356199741364 1.2994425296783 0
			vertex 2.0356199741364 1.2994425296783 0.16599999368191
		endloop
	endfacet
	facet normal 0.55556407366285 -0.83147372782015 0
		outer loop
			vertex 2.0133514404297 1.2902185916901 0
			vertex 2.0235683917999 1.2970452308655 0.16599999368191
			vertex 2.0133514404297 1.2902185916901 0.16599999368191
		endloop
	endfacet
	facet normal 0.1950973707424 -0.98078387829807 0
		outer loop
			vertex 2.0235683917999 1.2970452308655 0
			vertex 2.0356199741364 1.2994425296783 0.16599999368191
			vertex 2.0235683917999 1.2970452308655 0.16599999368191
		endloop
	endfacet
	facet normal 0 0 -1
		outer loop
			vertex 2.0133514404297 1.2902185916901 0.16599999368191
			vertex 2.0235683917999 1.2970452308655 0.16599999368191
			vertex 2.027800321579 1.2757697105408 0.16599999368191
		endloop
	endfacet
	facet normal 0 0 -1
		outer loop
			vertex 2.0235683917999 1.2970452308655 0.16599999368191
			vertex 2.0356199741364 1.2994425296783 0.16599999368191
			vertex 2.0356199741364 1.2790087461472 0.16599999368191
		endloop
	endfacet
	facet normal -0.70710621739479 0.70710734497786 0
		outer loop
			vertex 2.4777884483337 1.1617014408112 0
			vertex 2.4777884483337 1.1617014408112 0.16599999368191
			vertex 2.552544593811 1.2364574670792 0
		endloop
	endfacet
	facet normal 0.70710678118655 -0.70710678118655 0
		outer loop
			vertex 2.4332513809204 1.2062385082245 0
			vertex 2.517231464386 1.2902185916901 0
			vertex 2.517231464386 1.2902185916901 0.16599999368191
		endloop
	endfacet
	facet normal 0.70710678118655 -0.70710678118655 0
		outer loop
			vertex 2.4332513809204 1.2062385082245 0
			vertex 2.517231464386 1.2902185916901 0.16599999368191
			vertex 2.4332513809204 1.2062385082245 0.16599999368191
		endloop
	endfacet
	facet normal -0.70710621739479 0.70710734497786 0
		outer loop
			vertex 2.552544593811 1.2364574670792 0
			vertex 2.4777884483337 1.1617014408112 0.16599999368191
			vertex 2.552544593811 1.2364574670792 0.16599999368191
		endloop
	endfacet
	facet normal 0 0 -1
		outer loop
			vertex 2.4777884483337 1.1617014408112 0.16599999368191
			vertex 2.4332513809204 1.2062385082245 0.16599999368191
			vertex 2.552544593811 1.2364574670792 0.16599999368191
		endloop
	endfacet
	facet normal 0 0 -1
		outer loop
			vertex 2.4332513809204 1.2062385082245 0.16599999368191
			vertex 2.517231464386 1.2902185916901 0.16599999368191
			vertex 2.552544593811 1.2364574670792 0.16599999368191
		endloop
	endfacet
	facet normal 0 0 -1
		outer loop
			vertex 2.517231464386 1.2902185916901 0.16599999368191
			vertex 2.5394999980927 1.2679500579834 0.16599999368191
			vertex 2.552544593811 1.2364574670792 0.16599999368191
		endloop
	endfacet
	facet normal 0 1 0
		outer loop
			vertex 2.552544593811 1.2364574670792 0
			vertex 2.552544593811 1.2364574670792 0.16599999368191
			vertex 2.7783954143524 1.2364574670792 0
		endloop
	endfacet
	facet normal 0 -1 0
		outer loop
			vertex 2.5394999980927 1.2994425296783 0
			vertex 2.7914400100708 1.2994425296783 0
			vertex 2.7914400100708 1.2994425296783 0.16599999368191
		endloop
	endfacet
	facet normal 0 -1 0
		outer loop
			vertex 2.5394999980927 1.2994425296783 0
			vertex 2.7914400100708 1.2994425296783 0.16599999368191
			vertex 2.5394999980927 1.2994425296783 0.16599999368191
		endloop
	endfacet
	facet normal 0 1 -0
		outer loop
			vertex 2.7783954143524 1.2364574670792 0
			vertex 2.552544593811 1.2364574670792 0.16599999368191
			vertex 2.7783954143524 1.2364574670792 0.16599999368191
		endloop
	endfacet
	facet normal 0 0 -1
		outer loop
			vertex 2.552544593811 1.2364574670792 0.16599999368191
			vertex 2.5394999980927 1.2679500579834 0.16599999368191
			vertex 2.7740471363068 1.2408057451248 0.16599999368191
		endloop
	endfacet
	facet normal 0 0 -1
		outer loop
			vertex 2.5394999980927 1.2679500579834 0.16599999368191
			vertex 2.5394999980927 1.2994425296783 0.16599999368191
			vertex 2.7740471363068 1.2408057451248 0.16599999368191
		endloop
	endfacet
	facet normal 0 0 -1
		outer loop
			vertex 2.552544593811 1.2364574670792 0.16599999368191
			vertex 2.7740471363068 1.2408057451248 0.16599999368191
			vertex 2.7783954143524 1.2364574670792 0.16599999368191
		endloop
	endfacet
	facet normal 0 0 -1
		outer loop
			vertex 2.5394999980927 1.2994425296783 0.16599999368191
			vertex 2.7914400100708 1.2994425296783 0.16599999368191
			vertex 2.7740471363068 1.2408057451248 0.16599999368191
		endloop
	endfacet
	facet normal 0 0 -1
		outer loop
			vertex 2.7740471363068 1.2408057451248 0.16599999368191
			vertex 2.7914400100708 1.2994425296783 0.16599999368191
			vertex 2.7914400100708 1.2388470172882 0.16599999368191
		endloop
	endfacet
	facet normal 0.7071074243351 0.70710613803741 -0
		outer loop
			vertex 2.7783954143524 1.2364574670792 0
			vertex 2.7783954143524 1.2364574670792 0.16599999368191
			vertex 2.8439273834229 1.1709253787994 0
		endloop
	endfacet
	facet normal -0.70710678118655 -0.70710678118655 0
		outer loop
			vertex 2.8137085437775 1.2902185916901 0
			vertex 2.897688627243 1.2062385082245 0
			vertex 2.897688627243 1.2062385082245 0.16599999368191
		endloop
	endfacet
	facet normal 0.7071074243351 0.70710613803741 -0
		outer loop
			vertex 2.8439273834229 1.1709253787994 0
			vertex 2.7783954143524 1.2364574670792 0.16599999368191
			vertex 2.8439273834229 1.1709253787994 0.16599999368191
		endloop
	endfacet
	facet normal -0.70710678118655 -0.70710678118655 0
		outer loop
			vertex 2.8137085437775 1.2902185916901 0
			vertex 2.897688627243 1.2062385082245 0.16599999368191
			vertex 2.8137085437775 1.2902185916901 0.16599999368191
		endloop
	endfacet
	facet normal 0 0 -1
		outer loop
			vertex 2.7783954143524 1.2364574670792 0.16599999368191
			vertex 2.7740471363068 1.2408057451248 0.16599999368191
			vertex 2.7914400100708 1.2388470172882 0.16599999368191
		endloop
	endfacet
	facet normal 0 0 -1
		outer loop
			vertex 2.7783954143524 1.2364574670792 0.16599999368191
			vertex 2.7914400100708 1.2388470172882 0.16599999368191
			vertex 2.8439273834229 1.1709253787994 0.16599999368191
		endloop
	endfacet
	facet normal 0 0 -1
		outer loop
			vertex 2.7914400100708 1.2388470172882 0.16599999368191
			vertex 2.8137085437775 1.2902185916901 0.16599999368191
			vertex 2.897688627243 1.2062385082245 0.16599999368191
		endloop
	endfacet
	facet normal 0 0 -1
		outer loop
			vertex 2.7914400100708 1.2388470172882 0.16599999368191
			vertex 2.7966649532318 1.2731750011444 0.16599999368191
			vertex 2.8137085437775 1.2902185916901 0.16599999368191
		endloop
	endfacet
	facet normal 0 0 -1
		outer loop
			vertex 2.8439273834229 1.1709253787994 0.16599999368191
			vertex 2.8754200935364 1.1839699745178 0.16599999368191
			vertex 2.8520858287811 1.1627669334412 0.16599999368191
		endloop
	endfacet
	facet normal 0 0 -1
		outer loop
			vertex 2.8520858287811 1.1627669334412 0.16599999368191
			vertex 2.8754200935364 1.1839699745178 0.16599999368191
			vertex 2.8533277511597 1.1618777513504 0.16599999368191
		endloop
	endfacet
	facet normal 0 0 -1
		outer loop
			vertex 2.7914400100708 1.2388470172882 0.16599999368191
			vertex 2.8754200935364 1.1839699745178 0.16599999368191
			vertex 2.8439273834229 1.1709253787994 0.16599999368191
		endloop
	endfacet
	facet normal 0 0 -1
		outer loop
			vertex 2.7914400100708 1.2388470172882 0.16599999368191
			vertex 2.897688627243 1.2062385082245 0.16599999368191
			vertex 2.8754200935364 1.1839699745178 0.16599999368191
		endloop
	endfacet
	facet normal 1 0 0
		outer loop
			vertex 2.8439273834229 0.9450746178627 0
			vertex 2.8439273834229 1.0684975385666 0
			vertex 2.8439273834229 1.0684975385666 0.16599999368191
		endloop
	endfacet
	facet normal -1 0 0
		outer loop
			vertex 2.9069125652313 0.93203002214432 0
			vertex 2.9069125652313 0.93203002214432 0.16599999368191
			vertex 2.9069125652313 1.1839699745178 0
		endloop
	endfacet
	facet normal 1 0 0
		outer loop
			vertex 2.8439273834229 1.1314824819565 0
			vertex 2.8439273834229 1.1709253787994 0
			vertex 2.8439273834229 1.1709253787994 0.16599999368191
		endloop
	endfacet
	facet normal 1 0 0
		outer loop
			vertex 2.8439273834229 0.9450746178627 0
			vertex 2.8439273834229 1.0684975385666 0.16599999368191
			vertex 2.8439273834229 0.9450746178627 0.16599999368191
		endloop
	endfacet
	facet normal -1 0 0
		outer loop
			vertex 2.9069125652313 1.1839699745178 0
			vertex 2.9069125652313 0.93203002214432 0.16599999368191
			vertex 2.9069125652313 1.1839699745178 0.16599999368191
		endloop
	endfacet
	facet normal 1 0 0
		outer loop
			vertex 2.8439273834229 1.1314824819565 0
			vertex 2.8439273834229 1.1709253787994 0.16599999368191
			vertex 2.8439273834229 1.1314824819565 0.16599999368191
		endloop
	endfacet
	facet normal 0 0 -1
		outer loop
			vertex 2.8463170528412 0.93203002214432 0.16599999368191
			vertex 2.8439273834229 0.9450746178627 0.16599999368191
			vertex 2.9021179676056 0.93203002214432 0.16599999368191
		endloop
	endfacet
	facet normal 0 0 -1
		outer loop
			vertex 2.8439273834229 0.9450746178627 0.16599999368191
			vertex 2.8439273834229 1.0684975385666 0.16599999368191
			vertex 2.9021179676056 0.93203002214432 0.16599999368191
		endloop
	endfacet
	facet normal -0 0 -1
		outer loop
			vertex 2.9045152664185 0.94161891937256 0.16599999368191
			vertex 2.9021179676056 0.93203002214432 0.16599999368191
			vertex 2.8727955818176 1.0684975385666 0.16599999368191
		endloop
	endfacet
	facet normal 0 0 -1
		outer loop
			vertex 2.9021179676056 0.93203002214432 0.16599999368191
			vertex 2.8439273834229 1.0684975385666 0.16599999368191
			vertex 2.8727955818176 1.0684975385666 0.16599999368191
		endloop
	endfacet
	facet normal 0 0 -1
		outer loop
			vertex 2.9045152664185 0.94161891937256 0.16599999368191
			vertex 2.8754200935364 1.1839699745178 0.16599999368191
			vertex 2.9069125652313 0.93203002214432 0.16599999368191
		endloop
	endfacet
	facet normal 0 0 -1
		outer loop
			vertex 2.8727955818176 1.0684975385666 0.16599999368191
			vertex 2.8570494651794 1.1314824819565 0.16599999368191
			vertex 2.8533277511597 1.1618777513504 0.16599999368191
		endloop
	endfacet
	facet normal 0 0 -1
		outer loop
			vertex 2.9045152664185 0.94161891937256 0.16599999368191
			vertex 2.8727955818176 1.0684975385666 0.16599999368191
			vertex 2.8754200935364 1.1839699745178 0.16599999368191
		endloop
	endfacet
	facet normal 0 0 -1
		outer loop
			vertex 2.9069125652313 0.93203002214432 0.16599999368191
			vertex 2.8754200935364 1.1839699745178 0.16599999368191
			vertex 2.9069125652313 1.1839699745178 0.16599999368191
		endloop
	endfacet
	facet normal 0 0 -1
		outer loop
			vertex 2.8439273834229 1.1314824819565 0.16599999368191
			vertex 2.8439273834229 1.1709253787994 0.16599999368191
			vertex 2.8520858287811 1.1627669334412 0.16599999368191
		endloop
	endfacet
	facet normal 0 0 -1
		outer loop
			vertex 2.8570494651794 1.1314824819565 0.16599999368191
			vertex 2.8520858287811 1.1627669334412 0.16599999368191
			vertex 2.8533277511597 1.1618777513504 0.16599999368191
		endloop
	endfacet
	facet normal 0 0 -1
		outer loop
			vertex 2.8439273834229 1.1314824819565 0.16599999368191
			vertex 2.8520858287811 1.1627669334412 0.16599999368191
			vertex 2.8570494651794 1.1314824819565 0.16599999368191
		endloop
	endfacet
	facet normal 0 0 -1
		outer loop
			vertex 2.8727955818176 1.0684975385666 0.16599999368191
			vertex 2.8533277511597 1.1618777513504 0.16599999368191
			vertex 2.8754200935364 1.1839699745178 0.16599999368191
		endloop
	endfacet
	facet normal 0.7071074243351 -0.70710613803741 0
		outer loop
			vertex 2.7783954143524 0.87954252958298 0
			vertex 2.8439273834229 0.9450746178627 0
			vertex 2.8439273834229 0.9450746178627 0.16599999368191
		endloop
	endfacet
	facet normal -0.70710627931882 0.70710728305392 0
		outer loop
			vertex 2.8137085437775 0.82578146457672 0
			vertex 2.8137085437775 0.82578146457672 0.16599999368191
			vertex 2.897688627243 0.90976142883301 0
		endloop
	endfacet
	facet normal 0.7071074243351 -0.70710613803741 0
		outer loop
			vertex 2.7783954143524 0.87954252958298 0
			vertex 2.8439273834229 0.9450746178627 0.16599999368191
			vertex 2.7783954143524 0.87954252958298 0.16599999368191
		endloop
	endfacet
	facet normal -0.70710627931882 0.70710728305392 0
		outer loop
			vertex 2.897688627243 0.90976142883301 0
			vertex 2.8137085437775 0.82578146457672 0.16599999368191
			vertex 2.897688627243 0.90976142883301 0.16599999368191
		endloop
	endfacet
	facet normal 0 0 -1
		outer loop
			vertex 2.7914400100708 0.84804999828339 0.16599999368191
			vertex 2.8448672294617 0.92730587720871 0.16599999368191
			vertex 2.8137085437775 0.82578146457672 0.16599999368191
		endloop
	endfacet
	facet normal 0 0 -1
		outer loop
			vertex 2.7783954143524 0.87954252958298 0.16599999368191
			vertex 2.8448672294617 0.92730587720871 0.16599999368191
			vertex 2.7914400100708 0.84804999828339 0.16599999368191
		endloop
	endfacet
	facet normal 0 0 -1
		outer loop
			vertex 2.7783954143524 0.87954252958298 0.16599999368191
			vertex 2.8439273834229 0.9450746178627 0.16599999368191
			vertex 2.8463170528412 0.93203002214432 0.16599999368191
		endloop
	endfacet
	facet normal 0 0 -1
		outer loop
			vertex 2.7783954143524 0.87954252958298 0.16599999368191
			vertex 2.8463170528412 0.93203002214432 0.16599999368191
			vertex 2.8448672294617 0.92730587720871 0.16599999368191
		endloop
	endfacet
	facet normal 0 0 -1
		outer loop
			vertex 2.8137085437775 0.82578146457672 0.16599999368191
			vertex 2.8801624774933 0.92728745937347 0.16599999368191
			vertex 2.897688627243 0.90976142883301 0.16599999368191
		endloop
	endfacet
	facet normal 0 0 -1
		outer loop
			vertex 2.8137085437775 0.82578146457672 0.16599999368191
			vertex 2.8448672294617 0.92730587720871 0.16599999368191
			vertex 2.8801624774933 0.92728745937347 0.16599999368191
		endloop
	endfacet
	facet normal 0 1 0
		outer loop
			vertex 2.5394999980927 0.81655752658844 0
			vertex 2.5394999980927 0.81655752658844 0.16599999368191
			vertex 2.7914400100708 0.81655752658844 0
		endloop
	endfacet
	facet normal 0 -1 0
		outer loop
			vertex 2.552544593811 0.87954252958298 0
			vertex 2.7783954143524 0.87954252958298 0
			vertex 2.7783954143524 0.87954252958298 0.16599999368191
		endloop
	endfacet
	facet normal 0 -1 0
		outer loop
			vertex 2.552544593811 0.87954252958298 0
			vertex 2.7783954143524 0.87954252958298 0.16599999368191
			vertex 2.552544593811 0.87954252958298 0.16599999368191
		endloop
	endfacet
	facet normal 0 1 -0
		outer loop
			vertex 2.7914400100708 0.81655752658844 0
			vertex 2.5394999980927 0.81655752658844 0.16599999368191
			vertex 2.7914400100708 0.81655752658844 0.16599999368191
		endloop
	endfacet
	facet normal 0 0 -1
		outer loop
			vertex 2.5394999980927 0.81655752658844 0.16599999368191
			vertex 2.5394999980927 0.87715297937393 0.16599999368191
			vertex 2.5568928718567 0.87519431114197 0.16599999368191
		endloop
	endfacet
	facet normal 0 0 -1
		outer loop
			vertex 2.5394999980927 0.81655752658844 0.16599999368191
			vertex 2.5568928718567 0.87519431114197 0.16599999368191
			vertex 2.7914400100708 0.81655752658844 0.16599999368191
		endloop
	endfacet
	facet normal 0 0 -1
		outer loop
			vertex 2.5568928718567 0.87519431114197 0.16599999368191
			vertex 2.552544593811 0.87954252958298 0.16599999368191
			vertex 2.7783954143524 0.87954252958298 0.16599999368191
		endloop
	endfacet
	facet normal 0 0 -1
		outer loop
			vertex 2.5568928718567 0.87519431114197 0.16599999368191
			vertex 2.7914400100708 0.84804999828339 0.16599999368191
			vertex 2.7914400100708 0.81655752658844 0.16599999368191
		endloop
	endfacet
	facet normal 0 0 -1
		outer loop
			vertex 2.5568928718567 0.87519431114197 0.16599999368191
			vertex 2.7783954143524 0.87954252958298 0.16599999368191
			vertex 2.7914400100708 0.84804999828339 0.16599999368191
		endloop
	endfacet
	facet normal 0.70710627931882 0.70710728305392 -0
		outer loop
			vertex 2.4332513809204 0.90976142883301 0
			vertex 2.4332513809204 0.90976142883301 0.16599999368191
			vertex 2.517231464386 0.82578146457672 0
		endloop
	endfacet
	facet normal -0.70710613803858 -0.70710742433393 0
		outer loop
			vertex 2.487012386322 0.9450746178627 0
			vertex 2.552544593811 0.87954252958298 0
			vertex 2.552544593811 0.87954252958298 0.16599999368191
		endloop
	endfacet
	facet normal 0.70710627931882 0.70710728305392 -0
		outer loop
			vertex 2.517231464386 0.82578146457672 0
			vertex 2.4332513809204 0.90976142883301 0.16599999368191
			vertex 2.517231464386 0.82578146457672 0.16599999368191
		endloop
	endfacet
	facet normal -0.70710613803858 -0.70710742433393 0
		outer loop
			vertex 2.487012386322 0.9450746178627 0
			vertex 2.552544593811 0.87954252958298 0.16599999368191
			vertex 2.487012386322 0.9450746178627 0.16599999368191
		endloop
	endfacet
	facet normal 0 0 -1
		outer loop
			vertex 2.4332513809204 0.90976142883301 0.16599999368191
			vertex 2.487012386322 0.9450746178627 0.16599999368191
			vertex 2.517231464386 0.82578146457672 0.16599999368191
		endloop
	endfacet
	facet normal 0 0 -1
		outer loop
			vertex 2.517231464386 0.82578146457672 0.16599999368191
			vertex 2.487012386322 0.9450746178627 0.16599999368191
			vertex 2.5342750549316 0.84282505512238 0.16599999368191
		endloop
	endfacet
	facet normal 0 0 -1
		outer loop
			vertex 2.487012386322 0.9450746178627 0.16599999368191
			vertex 2.5394999980927 0.87715297937393 0.16599999368191
			vertex 2.5342750549316 0.84282505512238 0.16599999368191
		endloop
	endfacet
	facet normal 0 0 -1
		outer loop
			vertex 2.487012386322 0.9450746178627 0.16599999368191
			vertex 2.552544593811 0.87954252958298 0.16599999368191
			vertex 2.5394999980927 0.87715297937393 0.16599999368191
		endloop
	endfacet
	facet normal 0 0 -1
		outer loop
			vertex 2.4332513809204 0.90976142883301 0.16599999368191
			vertex 2.4555199146271 0.93203002214432 0.16599999368191
			vertex 2.487012386322 0.9450746178627 0.16599999368191
		endloop
	endfacet
	facet normal 0 0 -1
		outer loop
			vertex 2.4555199146271 0.93203002214432 0.16599999368191
			vertex 2.4635848999023 0.9400948882103 0.16599999368191
			vertex 2.487012386322 0.9450746178627 0.16599999368191
		endloop
	endfacet
	facet normal 0 0 -1
		outer loop
			vertex 2.4635848999023 0.9400948882103 0.16599999368191
			vertex 2.4735157489777 0.95002573728561 0.16599999368191
			vertex 2.487012386322 0.9450746178627 0.16599999368191
		endloop
	endfacet
	facet normal 0 0 -1
		outer loop
			vertex 2.5394999980927 0.87715297937393 0.16599999368191
			vertex 2.552544593811 0.87954252958298 0.16599999368191
			vertex 2.5568928718567 0.87519431114197 0.16599999368191
		endloop
	endfacet
	facet normal 1 0 0
		outer loop
			vertex 2.4240274429321 0.93203002214432 0
			vertex 2.4240274429321 1.0160100460052 0
			vertex 2.4240274429321 0.93203002214432 0.16599999368191
		endloop
	endfacet
	facet normal -1 0 0
		outer loop
			vertex 2.487012386322 0.9450746178627 0
			vertex 2.487012386322 0.9450746178627 0.16599999368191
			vertex 2.487012386322 1.0029653310776 0
		endloop
	endfacet
	facet normal 1 0 -0
		outer loop
			vertex 2.4240274429321 1.0160100460052 0
			vertex 2.4240274429321 1.0160100460052 0.16599999368191
			vertex 2.4240274429321 0.93203002214432 0.16599999368191
		endloop
	endfacet
	facet normal -1 0 0
		outer loop
			vertex 2.487012386322 1.0029653310776 0
			vertex 2.487012386322 0.9450746178627 0.16599999368191
			vertex 2.487012386322 1.0029653310776 0.16599999368191
		endloop
	endfacet
	facet normal 0 0 -1
		outer loop
			vertex 2.4240274429321 0.93203002214432 0.16599999368191
			vertex 2.4434683322906 0.9900888800621 0.16599999368191
			vertex 2.4555199146271 0.93203002214432 0.16599999368191
		endloop
	endfacet
	facet normal 0 0 -1
		outer loop
			vertex 2.4555199146271 0.93203002214432 0.16599999368191
			vertex 2.4675717353821 0.95795112848282 0.16599999368191
			vertex 2.4635848999023 0.9400948882103 0.16599999368191
		endloop
	endfacet
	facet normal 0 0 -1
		outer loop
			vertex 2.4240274429321 0.93203002214432 0.16599999368191
			vertex 2.4240274429321 1.0160100460052 0.16599999368191
			vertex 2.4434683322906 0.9900888800621 0.16599999368191
		endloop
	endfacet
	facet normal 0 0 -1
		outer loop
			vertex 2.4555199146271 0.93203002214432 0.16599999368191
			vertex 2.4434683322906 0.9900888800621 0.16599999368191
			vertex 2.4675717353821 0.95795112848282 0.16599999368191
		endloop
	endfacet
	facet normal 0 0 -1
		outer loop
			vertex 2.4434683322906 0.9900888800621 0.16599999368191
			vertex 2.4492557048798 1.0160100460052 0.16599999368191
			vertex 2.4675717353821 0.95795112848282 0.16599999368191
		endloop
	endfacet
	facet normal 0 0 -1
		outer loop
			vertex 2.4675717353821 0.95795112848282 0.16599999368191
			vertex 2.4804456233978 0.99639856815338 0.16599999368191
			vertex 2.4735157489777 0.95002573728561 0.16599999368191
		endloop
	endfacet
	facet normal 0 0 -1
		outer loop
			vertex 2.4735157489777 0.95002573728561 0.16599999368191
			vertex 2.4804456233978 0.99639856815338 0.16599999368191
			vertex 2.487012386322 0.9450746178627 0.16599999368191
		endloop
	endfacet
	facet normal 0 0 -1
		outer loop
			vertex 2.4675717353821 0.95795112848282 0.16599999368191
			vertex 2.4492557048798 1.0160100460052 0.16599999368191
			vertex 2.4804456233978 0.99639856815338 0.16599999368191
		endloop
	endfacet
	facet normal 0 0 -1
		outer loop
			vertex 2.4804456233978 0.99639856815338 0.16599999368191
			vertex 2.487012386322 1.0029653310776 0.16599999368191
			vertex 2.487012386322 0.9450746178627 0.16599999368191
		endloop
	endfacet
	facet normal 0 0 -1
		outer loop
			vertex 2.4492557048798 1.0160100460052 0.16599999368191
			vertex 2.4846229553223 1.0160100460052 0.16599999368191
			vertex 2.4804456233978 0.99639856815338 0.16599999368191
		endloop
	endfacet
	facet normal -0.70710678118655 0.70710678118655 0
		outer loop
			vertex 2.487012386322 1.0029653310776 0
			vertex 2.487012386322 1.0029653310776 0.16599999368191
			vertex 2.552544593811 1.0684975385666 0
		endloop
	endfacet
	facet normal 0.70710627931882 -0.70710728305392 0
		outer loop
			vertex 2.4332513809204 1.0382785797119 0
			vertex 2.517231464386 1.1222585439682 0
			vertex 2.517231464386 1.1222585439682 0.16599999368191
		endloop
	endfacet
	facet normal -0.70710678118655 0.70710678118655 0
		outer loop
			vertex 2.552544593811 1.0684975385666 0
			vertex 2.487012386322 1.0029653310776 0.16599999368191
			vertex 2.552544593811 1.0684975385666 0.16599999368191
		endloop
	endfacet
	facet normal 0.70710627931882 -0.70710728305392 0
		outer loop
			vertex 2.4332513809204 1.0382785797119 0
			vertex 2.517231464386 1.1222585439682 0.16599999368191
			vertex 2.4332513809204 1.0382785797119 0.16599999368191
		endloop
	endfacet
	facet normal 0 0 -1
		outer loop
			vertex 2.4804456233978 0.99639856815338 0.16599999368191
			vertex 2.4846229553223 1.0160100460052 0.16599999368191
			vertex 2.487012386322 1.0029653310776 0.16599999368191
		endloop
	endfacet
	facet normal 0 0 -1
		outer loop
			vertex 2.4539277553558 1.0176023244858 0.16599999368191
			vertex 2.4332513809204 1.0382785797119 0.16599999368191
			vertex 2.552544593811 1.0684975385666 0.16599999368191
		endloop
	endfacet
	facet normal 0 0 -1
		outer loop
			vertex 2.4539277553558 1.0176023244858 0.16599999368191
			vertex 2.552544593811 1.0684975385666 0.16599999368191
			vertex 2.4846229553223 1.0160100460052 0.16599999368191
		endloop
	endfacet
	facet normal 0 0 -1
		outer loop
			vertex 2.487012386322 1.0029653310776 0.16599999368191
			vertex 2.4846229553223 1.0160100460052 0.16599999368191
			vertex 2.552544593811 1.0684975385666 0.16599999368191
		endloop
	endfacet
	facet normal 0 0 -1
		outer loop
			vertex 2.4332513809204 1.0382785797119 0.16599999368191
			vertex 2.517231464386 1.1222585439682 0.16599999368191
			vertex 2.552544593811 1.0684975385666 0.16599999368191
		endloop
	endfacet
	facet normal 0 0 -1
		outer loop
			vertex 2.517231464386 1.1222585439682 0.16599999368191
			vertex 2.5394999980927 1.0999900102615 0.16599999368191
			vertex 2.552544593811 1.0684975385666 0.16599999368191
		endloop
	endfacet
	facet normal -0 0 -1
		outer loop
			vertex 2.5559475421906 1.0719004869461 0.16599999368191
			vertex 2.552544593811 1.0684975385666 0.16599999368191
			vertex 2.5394999980927 1.0999900102615 0.16599999368191
		endloop
	endfacet
	facet normal 0 1 0
		outer loop
			vertex 2.552544593811 1.0684975385666 0
			vertex 2.552544593811 1.0684975385666 0.16599999368191
			vertex 2.8439273834229 1.0684975385666 0
		endloop
	endfacet
	facet normal 0 -1 0
		outer loop
			vertex 2.5394999980927 1.1314824819565 0
			vertex 2.8439273834229 1.1314824819565 0
			vertex 2.8439273834229 1.1314824819565 0.16599999368191
		endloop
	endfacet
	facet normal 0 -1 0
		outer loop
			vertex 2.5394999980927 1.1314824819565 0
			vertex 2.8439273834229 1.1314824819565 0.16599999368191
			vertex 2.5394999980927 1.1314824819565 0.16599999368191
		endloop
	endfacet
	facet normal 0 1 -0
		outer loop
			vertex 2.8439273834229 1.0684975385666 0
			vertex 2.552544593811 1.0684975385666 0.16599999368191
			vertex 2.8439273834229 1.0684975385666 0.16599999368191
		endloop
	endfacet
	facet normal 0 0 -1
		outer loop
			vertex 2.5559475421906 1.0719004869461 0.16599999368191
			vertex 2.5394999980927 1.0999900102615 0.16599999368191
			vertex 2.5394999980927 1.1314824819565 0.16599999368191
		endloop
	endfacet
	facet normal 0 0 -1
		outer loop
			vertex 2.5559475421906 1.0719004869461 0.16599999368191
			vertex 2.5394999980927 1.1314824819565 0.16599999368191
			vertex 2.8439273834229 1.1314824819565 0.16599999368191
		endloop
	endfacet
	facet normal 0 -0 -1
		outer loop
			vertex 2.5559475421906 1.0719004869461 0.16599999368191
			vertex 2.8439273834229 1.0684975385666 0.16599999368191
			vertex 2.552544593811 1.0684975385666 0.16599999368191
		endloop
	endfacet
	facet normal 0 0 -1
		outer loop
			vertex 2.5559475421906 1.0719004869461 0.16599999368191
			vertex 2.8570494651794 1.1314824819565 0.16599999368191
			vertex 2.8439273834229 1.0684975385666 0.16599999368191
		endloop
	endfacet
	facet normal 0 0 -1
		outer loop
			vertex 2.5559475421906 1.0719004869461 0.16599999368191
			vertex 2.8439273834229 1.1314824819565 0.16599999368191
			vertex 2.8570494651794 1.1314824819565 0.16599999368191
		endloop
	endfacet
	facet normal 0 0 -1
		outer loop
			vertex 2.8439273834229 1.0684975385666 0.16599999368191
			vertex 2.8570494651794 1.1314824819565 0.16599999368191
			vertex 2.8727955818176 1.0684975385666 0.16599999368191
		endloop
	endfacet
	facet normal 0.98078387829807 0.1950973707424 0
		outer loop
			vertex 2.426424741745 1.1719183921814 0
			vertex 2.4240274429321 1.1839699745178 0
			vertex 2.4240274429321 1.1839699745178 0.16599999368191
		endloop
	endfacet
	facet normal 0.19508803847411 0.98078573462522 -0
		outer loop
			vertex 2.4434683322906 1.1548746824265 0
			vertex 2.4434683322906 1.1548746824265 0.16599999368191
			vertex 2.4555199146271 1.1524775028229 0
		endloop
	endfacet
	facet normal -0.19508432597084 0.98078647307174 0
		outer loop
			vertex 2.4555199146271 1.1524775028229 0
			vertex 2.4555199146271 1.1524775028229 0.16599999368191
			vertex 2.4675717353821 1.1548746824265 0
		endloop
	endfacet
	facet normal 0.83147372782015 0.55556407366285 -0
		outer loop
			vertex 2.426424741745 1.1719183921814 0
			vertex 2.426424741745 1.1719183921814 0.16599999368191
			vertex 2.4332513809204 1.1617014408112 0
		endloop
	endfacet
	facet normal 0.55557078070223 0.83146924635245 0
		outer loop
			vertex 2.4434683322906 1.1548746824265 0
			vertex 2.4332513809204 1.1617014408112 0
			vertex 2.4332513809204 1.1617014408112 0.16599999368191
		endloop
	endfacet
	facet normal -0.55557974375575 0.83146325735314 0
		outer loop
			vertex 2.4675717353821 1.1548746824265 0
			vertex 2.4675717353821 1.1548746824265 0.16599999368191
			vertex 2.4777884483337 1.1617014408112 0
		endloop
	endfacet
	facet normal 0.83147073341289 -0.55556855515574 0
		outer loop
			vertex 2.426424741745 1.1960216760635 0
			vertex 2.4332513809204 1.2062385082245 0
			vertex 2.4332513809204 1.2062385082245 0.16599999368191
		endloop
	endfacet
	facet normal 0.98078424756123 -0.19509551439169 0
		outer loop
			vertex 2.4240274429321 1.1839699745178 0
			vertex 2.426424741745 1.1960216760635 0
			vertex 2.426424741745 1.1960216760635 0.16599999368191
		endloop
	endfacet
	facet normal 0.98078424756123 -0.19509551439169 0
		outer loop
			vertex 2.4240274429321 1.1839699745178 0
			vertex 2.426424741745 1.1960216760635 0.16599999368191
			vertex 2.4240274429321 1.1839699745178 0.16599999368191
		endloop
	endfacet
	facet normal 0.19508803847411 0.98078573462522 -0
		outer loop
			vertex 2.4555199146271 1.1524775028229 0
			vertex 2.4434683322906 1.1548746824265 0.16599999368191
			vertex 2.4555199146271 1.1524775028229 0.16599999368191
		endloop
	endfacet
	facet normal 0.83147372782015 0.55556407366285 -0
		outer loop
			vertex 2.4332513809204 1.1617014408112 0
			vertex 2.426424741745 1.1719183921814 0.16599999368191
			vertex 2.4332513809204 1.1617014408112 0.16599999368191
		endloop
	endfacet
	facet normal 0.55557078070223 0.83146924635245 -0
		outer loop
			vertex 2.4434683322906 1.1548746824265 0
			vertex 2.4332513809204 1.1617014408112 0.16599999368191
			vertex 2.4434683322906 1.1548746824265 0.16599999368191
		endloop
	endfacet
	facet normal 0.98078387829807 0.1950973707424 -0
		outer loop
			vertex 2.426424741745 1.1719183921814 0
			vertex 2.4240274429321 1.1839699745178 0.16599999368191
			vertex 2.426424741745 1.1719183921814 0.16599999368191
		endloop
	endfacet
	facet normal -0.19508432597084 0.98078647307174 0
		outer loop
			vertex 2.4675717353821 1.1548746824265 0
			vertex 2.4555199146271 1.1524775028229 0.16599999368191
			vertex 2.4675717353821 1.1548746824265 0.16599999368191
		endloop
	endfacet
	facet normal -0.55557974375575 0.83146325735314 0
		outer loop
			vertex 2.4777884483337 1.1617014408112 0
			vertex 2.4675717353821 1.1548746824265 0.16599999368191
			vertex 2.4777884483337 1.1617014408112 0.16599999368191
		endloop
	endfacet
	facet normal 0.83147073341289 -0.55556855515574 0
		outer loop
			vertex 2.426424741745 1.1960216760635 0
			vertex 2.4332513809204 1.2062385082245 0.16599999368191
			vertex 2.426424741745 1.1960216760635 0.16599999368191
		endloop
	endfacet
	facet normal 0 0 -1
		outer loop
			vertex 2.4434683322906 1.1548746824265 0.16599999368191
			vertex 2.4777884483337 1.1617014408112 0.16599999368191
			vertex 2.4555199146271 1.1524775028229 0.16599999368191
		endloop
	endfacet
	facet normal 0 0 -1
		outer loop
			vertex 2.426424741745 1.1960216760635 0.16599999368191
			vertex 2.4332513809204 1.2062385082245 0.16599999368191
			vertex 2.4332513809204 1.1617014408112 0.16599999368191
		endloop
	endfacet
	facet normal 0 0 -1
		outer loop
			vertex 2.426424741745 1.1719183921814 0.16599999368191
			vertex 2.4240274429321 1.1839699745178 0.16599999368191
			vertex 2.426424741745 1.1960216760635 0.16599999368191
		endloop
	endfacet
	facet normal 0 0 -1
		outer loop
			vertex 2.426424741745 1.1719183921814 0.16599999368191
			vertex 2.426424741745 1.1960216760635 0.16599999368191
			vertex 2.4332513809204 1.1617014408112 0.16599999368191
		endloop
	endfacet
	facet normal 0 0 -1
		outer loop
			vertex 2.4434683322906 1.1548746824265 0.16599999368191
			vertex 2.4332513809204 1.1617014408112 0.16599999368191
			vertex 2.4332513809204 1.2062385082245 0.16599999368191
		endloop
	endfacet
	facet normal 0 0 -1
		outer loop
			vertex 2.4434683322906 1.1548746824265 0.16599999368191
			vertex 2.4332513809204 1.2062385082245 0.16599999368191
			vertex 2.4777884483337 1.1617014408112 0.16599999368191
		endloop
	endfacet
	facet normal 0 0 -1
		outer loop
			vertex 2.4555199146271 1.1524775028229 0.16599999368191
			vertex 2.4777884483337 1.1617014408112 0.16599999368191
			vertex 2.4675717353821 1.1548746824265 0.16599999368191
		endloop
	endfacet
	facet normal 0.55556407366285 -0.83147372782015 0
		outer loop
			vertex 2.517231464386 1.2902185916901 0
			vertex 2.5274484157562 1.2970452308655 0
			vertex 2.5274484157562 1.2970452308655 0.16599999368191
		endloop
	endfacet
	facet normal 0.1950973707424 -0.98078387829807 0
		outer loop
			vertex 2.5274484157562 1.2970452308655 0
			vertex 2.5394999980927 1.2994425296783 0
			vertex 2.5394999980927 1.2994425296783 0.16599999368191
		endloop
	endfacet
	facet normal 0.1950973707424 -0.98078387829807 0
		outer loop
			vertex 2.5274484157562 1.2970452308655 0
			vertex 2.5394999980927 1.2994425296783 0.16599999368191
			vertex 2.5274484157562 1.2970452308655 0.16599999368191
		endloop
	endfacet
	facet normal 0.55556407366285 -0.83147372782015 0
		outer loop
			vertex 2.517231464386 1.2902185916901 0
			vertex 2.5274484157562 1.2970452308655 0.16599999368191
			vertex 2.517231464386 1.2902185916901 0.16599999368191
		endloop
	endfacet
	facet normal 0 0 -1
		outer loop
			vertex 2.517231464386 1.2902185916901 0.16599999368191
			vertex 2.5394999980927 1.2994425296783 0.16599999368191
			vertex 2.5394999980927 1.2679500579834 0.16599999368191
		endloop
	endfacet
	facet normal 0 0 -1
		outer loop
			vertex 2.517231464386 1.2902185916901 0.16599999368191
			vertex 2.5274484157562 1.2970452308655 0.16599999368191
			vertex 2.5394999980927 1.2994425296783 0.16599999368191
		endloop
	endfacet
	facet normal -0.1950973707424 -0.98078387829807 0
		outer loop
			vertex 2.7914400100708 1.2994425296783 0
			vertex 2.8034915924072 1.2970452308655 0
			vertex 2.8034915924072 1.2970452308655 0.16599999368191
		endloop
	endfacet
	facet normal -0.55556407366285 -0.83147372782015 0
		outer loop
			vertex 2.8034915924072 1.2970452308655 0
			vertex 2.8137085437775 1.2902185916901 0
			vertex 2.8137085437775 1.2902185916901 0.16599999368191
		endloop
	endfacet
	facet normal -0.1950973707424 -0.98078387829807 0
		outer loop
			vertex 2.7914400100708 1.2994425296783 0
			vertex 2.8034915924072 1.2970452308655 0.16599999368191
			vertex 2.7914400100708 1.2994425296783 0.16599999368191
		endloop
	endfacet
	facet normal -0.55556407366285 -0.83147372782015 0
		outer loop
			vertex 2.8034915924072 1.2970452308655 0
			vertex 2.8137085437775 1.2902185916901 0.16599999368191
			vertex 2.8034915924072 1.2970452308655 0.16599999368191
		endloop
	endfacet
	facet normal 0 0 -1
		outer loop
			vertex 2.7914400100708 1.2388470172882 0.16599999368191
			vertex 2.7914400100708 1.2994425296783 0.16599999368191
			vertex 2.7966649532318 1.2731750011444 0.16599999368191
		endloop
	endfacet
	facet normal 0 0 -1
		outer loop
			vertex 2.7966649532318 1.2731750011444 0.16599999368191
			vertex 2.7914400100708 1.2994425296783 0.16599999368191
			vertex 2.8034915924072 1.2970452308655 0.16599999368191
		endloop
	endfacet
	facet normal 0 0 -1
		outer loop
			vertex 2.7966649532318 1.2731750011444 0.16599999368191
			vertex 2.8034915924072 1.2970452308655 0.16599999368191
			vertex 2.8137085437775 1.2902185916901 0.16599999368191
		endloop
	endfacet
	facet normal -0.98078424756123 -0.19509551439169 0
		outer loop
			vertex 2.9069125652313 1.1839699745178 0
			vertex 2.9069125652313 1.1839699745178 0.16599999368191
			vertex 2.9045152664185 1.1960216760635 0
		endloop
	endfacet
	facet normal -0.83147073341289 -0.55556855515574 0
		outer loop
			vertex 2.897688627243 1.2062385082245 0
			vertex 2.9045152664185 1.1960216760635 0
			vertex 2.9045152664185 1.1960216760635 0.16599999368191
		endloop
	endfacet
	facet normal -0.83147073341289 -0.55556855515574 0
		outer loop
			vertex 2.897688627243 1.2062385082245 0
			vertex 2.9045152664185 1.1960216760635 0.16599999368191
			vertex 2.897688627243 1.2062385082245 0.16599999368191
		endloop
	endfacet
	facet normal -0.98078424756123 -0.19509551439169 0
		outer loop
			vertex 2.9045152664185 1.1960216760635 0
			vertex 2.9069125652313 1.1839699745178 0.16599999368191
			vertex 2.9045152664185 1.1960216760635 0.16599999368191
		endloop
	endfacet
	facet normal 0 0 -1
		outer loop
			vertex 2.8754200935364 1.1839699745178 0.16599999368191
			vertex 2.897688627243 1.2062385082245 0.16599999368191
			vertex 2.9069125652313 1.1839699745178 0.16599999368191
		endloop
	endfacet
	facet normal 0 0 -1
		outer loop
			vertex 2.9069125652313 1.1839699745178 0.16599999368191
			vertex 2.897688627243 1.2062385082245 0.16599999368191
			vertex 2.9045152664185 1.1960216760635 0.16599999368191
		endloop
	endfacet
	facet normal -0.83147223062558 0.55556631440228 0
		outer loop
			vertex 2.897688627243 0.90976142883301 0
			vertex 2.897688627243 0.90976142883301 0.16599999368191
			vertex 2.9045152664185 0.9199783205986 0
		endloop
	endfacet
	facet normal -0.98078424756123 0.19509551439169 0
		outer loop
			vertex 2.9045152664185 0.9199783205986 0
			vertex 2.9045152664185 0.9199783205986 0.16599999368191
			vertex 2.9069125652313 0.93203002214432 0
		endloop
	endfacet
	facet normal -0.83147223062558 0.55556631440228 0
		outer loop
			vertex 2.9045152664185 0.9199783205986 0
			vertex 2.897688627243 0.90976142883301 0.16599999368191
			vertex 2.9045152664185 0.9199783205986 0.16599999368191
		endloop
	endfacet
	facet normal -0.98078424756123 0.19509551439169 0
		outer loop
			vertex 2.9069125652313 0.93203002214432 0
			vertex 2.9045152664185 0.9199783205986 0.16599999368191
			vertex 2.9069125652313 0.93203002214432 0.16599999368191
		endloop
	endfacet
	facet normal 0 0 -1
		outer loop
			vertex 2.897688627243 0.90976142883301 0.16599999368191
			vertex 2.8801624774933 0.92728745937347 0.16599999368191
			vertex 2.9021179676056 0.93203002214432 0.16599999368191
		endloop
	endfacet
	facet normal 0 0 -1
		outer loop
			vertex 2.897688627243 0.90976142883301 0.16599999368191
			vertex 2.9021179676056 0.93203002214432 0.16599999368191
			vertex 2.9045152664185 0.9199783205986 0.16599999368191
		endloop
	endfacet
	facet normal 0 -0 -1
		outer loop
			vertex 2.8463170528412 0.93203002214432 0.16599999368191
			vertex 2.8801624774933 0.92728745937347 0.16599999368191
			vertex 2.8448672294617 0.92730587720871 0.16599999368191
		endloop
	endfacet
	facet normal 0 0 -1
		outer loop
			vertex 2.8463170528412 0.93203002214432 0.16599999368191
			vertex 2.9021179676056 0.93203002214432 0.16599999368191
			vertex 2.8801624774933 0.92728745937347 0.16599999368191
		endloop
	endfacet
	facet normal 0 0 -1
		outer loop
			vertex 2.9045152664185 0.9199783205986 0.16599999368191
			vertex 2.9021179676056 0.93203002214432 0.16599999368191
			vertex 2.9045152664185 0.94161891937256 0.16599999368191
		endloop
	endfacet
	facet normal 0 0 -1
		outer loop
			vertex 2.9045152664185 0.9199783205986 0.16599999368191
			vertex 2.9045152664185 0.94161891937256 0.16599999368191
			vertex 2.9069125652313 0.93203002214432 0.16599999368191
		endloop
	endfacet
	facet normal -0.19508803847411 0.98078573462522 0
		outer loop
			vertex 2.7914400100708 0.81655752658844 0
			vertex 2.7914400100708 0.81655752658844 0.16599999368191
			vertex 2.8034915924072 0.81895470619202 0
		endloop
	endfacet
	facet normal -0.55557078070223 0.83146924635245 0
		outer loop
			vertex 2.8034915924072 0.81895470619202 0
			vertex 2.8034915924072 0.81895470619202 0.16599999368191
			vertex 2.8137085437775 0.82578146457672 0
		endloop
	endfacet
	facet normal -0.55557078070223 0.83146924635245 0
		outer loop
			vertex 2.8137085437775 0.82578146457672 0
			vertex 2.8034915924072 0.81895470619202 0.16599999368191
			vertex 2.8137085437775 0.82578146457672 0.16599999368191
		endloop
	endfacet
	facet normal -0.19508803847411 0.98078573462522 0
		outer loop
			vertex 2.8034915924072 0.81895470619202 0
			vertex 2.7914400100708 0.81655752658844 0.16599999368191
			vertex 2.8034915924072 0.81895470619202 0.16599999368191
		endloop
	endfacet
	facet normal 0 0 -1
		outer loop
			vertex 2.7914400100708 0.81655752658844 0.16599999368191
			vertex 2.8137085437775 0.82578146457672 0.16599999368191
			vertex 2.8034915924072 0.81895470619202 0.16599999368191
		endloop
	endfacet
	facet normal 0 0 -1
		outer loop
			vertex 2.7914400100708 0.81655752658844 0.16599999368191
			vertex 2.7914400100708 0.84804999828339 0.16599999368191
			vertex 2.8137085437775 0.82578146457672 0.16599999368191
		endloop
	endfacet
	facet normal 0.55557078070223 0.83146924635245 -0
		outer loop
			vertex 2.517231464386 0.82578146457672 0
			vertex 2.517231464386 0.82578146457672 0.16599999368191
			vertex 2.5274484157562 0.81895470619202 0
		endloop
	endfacet
	facet normal 0.19508803847411 0.98078573462522 -0
		outer loop
			vertex 2.5274484157562 0.81895470619202 0
			vertex 2.5274484157562 0.81895470619202 0.16599999368191
			vertex 2.5394999980927 0.81655752658844 0
		endloop
	endfacet
	facet normal 0.55557078070223 0.83146924635245 -0
		outer loop
			vertex 2.5274484157562 0.81895470619202 0
			vertex 2.517231464386 0.82578146457672 0.16599999368191
			vertex 2.5274484157562 0.81895470619202 0.16599999368191
		endloop
	endfacet
	facet normal 0.19508803847411 0.98078573462522 -0
		outer loop
			vertex 2.5394999980927 0.81655752658844 0
			vertex 2.5274484157562 0.81895470619202 0.16599999368191
			vertex 2.5394999980927 0.81655752658844 0.16599999368191
		endloop
	endfacet
	facet normal 0 0 -1
		outer loop
			vertex 2.5274484157562 0.81895470619202 0.16599999368191
			vertex 2.5342750549316 0.84282505512238 0.16599999368191
			vertex 2.5394999980927 0.81655752658844 0.16599999368191
		endloop
	endfacet
	facet normal 0 0 -1
		outer loop
			vertex 2.517231464386 0.82578146457672 0.16599999368191
			vertex 2.5342750549316 0.84282505512238 0.16599999368191
			vertex 2.5274484157562 0.81895470619202 0.16599999368191
		endloop
	endfacet
	facet normal 0 0 -1
		outer loop
			vertex 2.5394999980927 0.81655752658844 0.16599999368191
			vertex 2.5342750549316 0.84282505512238 0.16599999368191
			vertex 2.5394999980927 0.87715297937393 0.16599999368191
		endloop
	endfacet
	facet normal 0.83147223062558 0.55556631440228 -0
		outer loop
			vertex 2.426424741745 0.9199783205986 0
			vertex 2.426424741745 0.9199783205986 0.16599999368191
			vertex 2.4332513809204 0.90976142883301 0
		endloop
	endfacet
	facet normal 0.98078424756123 0.19509551439169 0
		outer loop
			vertex 2.426424741745 0.9199783205986 0
			vertex 2.4240274429321 0.93203002214432 0
			vertex 2.4240274429321 0.93203002214432 0.16599999368191
		endloop
	endfacet
	facet normal 0.98078424756123 0.19509551439169 -0
		outer loop
			vertex 2.426424741745 0.9199783205986 0
			vertex 2.4240274429321 0.93203002214432 0.16599999368191
			vertex 2.426424741745 0.9199783205986 0.16599999368191
		endloop
	endfacet
	facet normal 0.83147223062558 0.55556631440228 -0
		outer loop
			vertex 2.4332513809204 0.90976142883301 0
			vertex 2.426424741745 0.9199783205986 0.16599999368191
			vertex 2.4332513809204 0.90976142883301 0.16599999368191
		endloop
	endfacet
	facet normal 0 0 -1
		outer loop
			vertex 2.426424741745 0.9199783205986 0.16599999368191
			vertex 2.4240274429321 0.93203002214432 0.16599999368191
			vertex 2.4332513809204 0.90976142883301 0.16599999368191
		endloop
	endfacet
	facet normal 0 0 -1
		outer loop
			vertex 2.4240274429321 0.93203002214432 0.16599999368191
			vertex 2.4555199146271 0.93203002214432 0.16599999368191
			vertex 2.4332513809204 0.90976142883301 0.16599999368191
		endloop
	endfacet
	facet normal 0 0 -1
		outer loop
			vertex 2.4635848999023 0.9400948882103 0.16599999368191
			vertex 2.4675717353821 0.95795112848282 0.16599999368191
			vertex 2.4735157489777 0.95002573728561 0.16599999368191
		endloop
	endfacet
	facet normal 0.98078387829807 -0.1950973707424 0
		outer loop
			vertex 2.4240274429321 1.0160100460052 0
			vertex 2.426424741745 1.0280616283417 0
			vertex 2.426424741745 1.0280616283417 0.16599999368191
		endloop
	endfacet
	facet normal 0.83147372782015 -0.55556407366285 0
		outer loop
			vertex 2.426424741745 1.0280616283417 0
			vertex 2.4332513809204 1.0382785797119 0
			vertex 2.4332513809204 1.0382785797119 0.16599999368191
		endloop
	endfacet
	facet normal 0.98078387829807 -0.1950973707424 0
		outer loop
			vertex 2.4240274429321 1.0160100460052 0
			vertex 2.426424741745 1.0280616283417 0.16599999368191
			vertex 2.4240274429321 1.0160100460052 0.16599999368191
		endloop
	endfacet
	facet normal 0.83147372782015 -0.55556407366285 0
		outer loop
			vertex 2.426424741745 1.0280616283417 0
			vertex 2.4332513809204 1.0382785797119 0.16599999368191
			vertex 2.426424741745 1.0280616283417 0.16599999368191
		endloop
	endfacet
	facet normal 0 0 -1
		outer loop
			vertex 2.4240274429321 1.0160100460052 0.16599999368191
			vertex 2.4332513809204 1.0382785797119 0.16599999368191
			vertex 2.4434683322906 0.9900888800621 0.16599999368191
		endloop
	endfacet
	facet normal 0 0 -1
		outer loop
			vertex 2.4434683322906 0.9900888800621 0.16599999368191
			vertex 2.4332513809204 1.0382785797119 0.16599999368191
			vertex 2.4492557048798 1.0160100460052 0.16599999368191
		endloop
	endfacet
	facet normal -0 0 -1
		outer loop
			vertex 2.4539277553558 1.0176023244858 0.16599999368191
			vertex 2.4492557048798 1.0160100460052 0.16599999368191
			vertex 2.4332513809204 1.0382785797119 0.16599999368191
		endloop
	endfacet
	facet normal 0 -0 -1
		outer loop
			vertex 2.4539277553558 1.0176023244858 0.16599999368191
			vertex 2.4846229553223 1.0160100460052 0.16599999368191
			vertex 2.4492557048798 1.0160100460052 0.16599999368191
		endloop
	endfacet
	facet normal 0 0 -1
		outer loop
			vertex 2.4240274429321 1.0160100460052 0.16599999368191
			vertex 2.426424741745 1.0280616283417 0.16599999368191
			vertex 2.4332513809204 1.0382785797119 0.16599999368191
		endloop
	endfacet
	facet normal 0.55557078070223 -0.83146924635245 0
		outer loop
			vertex 2.517231464386 1.1222585439682 0
			vertex 2.5274484157562 1.1290853023529 0
			vertex 2.5274484157562 1.1290853023529 0.16599999368191
		endloop
	endfacet
	facet normal 0.19508803847411 -0.98078573462522 0
		outer loop
			vertex 2.5274484157562 1.1290853023529 0
			vertex 2.5394999980927 1.1314824819565 0
			vertex 2.5394999980927 1.1314824819565 0.16599999368191
		endloop
	endfacet
	facet normal 0.19508803847411 -0.98078573462522 0
		outer loop
			vertex 2.5274484157562 1.1290853023529 0
			vertex 2.5394999980927 1.1314824819565 0.16599999368191
			vertex 2.5274484157562 1.1290853023529 0.16599999368191
		endloop
	endfacet
	facet normal 0.55557078070223 -0.83146924635245 0
		outer loop
			vertex 2.517231464386 1.1222585439682 0
			vertex 2.5274484157562 1.1290853023529 0.16599999368191
			vertex 2.517231464386 1.1222585439682 0.16599999368191
		endloop
	endfacet
	facet normal 0 0 -1
		outer loop
			vertex 2.517231464386 1.1222585439682 0.16599999368191
			vertex 2.5394999980927 1.1314824819565 0.16599999368191
			vertex 2.5394999980927 1.0999900102615 0.16599999368191
		endloop
	endfacet
	facet normal 0 0 -1
		outer loop
			vertex 2.517231464386 1.1222585439682 0.16599999368191
			vertex 2.5274484157562 1.1290853023529 0.16599999368191
			vertex 2.5394999980927 1.1314824819565 0.16599999368191
		endloop
	endfacet
	facet normal 0.89442719099992 0.44721359549996 -0
		outer loop
			vertex 3.1411821842194 0.8339661359787 0
			vertex 2.931232213974 1.2538660764694 0
			vertex 3.1411821842194 0.8339661359787 0.16599999368191
		endloop
	endfacet
	facet normal -0.44721359549996 0.89442719099992 0
		outer loop
			vertex 3.1411821842194 0.8339661359787 0
			vertex 3.1411821842194 0.8339661359787 0.16599999368191
			vertex 3.1415047645569 0.83412742614746 0
		endloop
	endfacet
	facet normal -0.89442748707316 -0.44721300335299 0
		outer loop
			vertex 3.1153309345245 1.0265074968338 0
			vertex 3.1693499088287 0.91846936941147 0
			vertex 3.1693499088287 0.91846936941147 0.16599999368191
		endloop
	endfacet
	facet normal 0.44721359549996 -0.89442719099992 0
		outer loop
			vertex 2.931232213974 1.2538660764694 0
			vertex 2.9315547943115 1.2540273666382 0
			vertex 2.9315547943115 1.2540273666382 0.16599999368191
		endloop
	endfacet
	facet normal -0.89442696949103 -0.44721403851746 0
		outer loop
			vertex 2.9875676631927 1.2820339202881 0
			vertex 3.0838384628296 1.089492559433 0
			vertex 3.0838384628296 1.089492559433 0.16599999368191
		endloop
	endfacet
	facet normal 0.44721359549996 -0.89442719099992 0
		outer loop
			vertex 2.9872450828552 1.2818726301193 0
			vertex 2.9875676631927 1.2820339202881 0
			vertex 2.9875676631927 1.2820339202881 0.16599999368191
		endloop
	endfacet
	facet normal -0.89442748707316 -0.44721300335299 0
		outer loop
			vertex 3.1153309345245 1.0265074968338 0
			vertex 3.1693499088287 0.91846936941147 0.16599999368191
			vertex 3.1153309345245 1.0265074968338 0.16599999368191
		endloop
	endfacet
	facet normal -0.44721359549996 0.89442719099992 0
		outer loop
			vertex 3.1415047645569 0.83412742614746 0
			vertex 3.1411821842194 0.8339661359787 0.16599999368191
			vertex 3.1415047645569 0.83412742614746 0.16599999368191
		endloop
	endfacet
	facet normal 0.44721359549996 -0.89442719099992 0
		outer loop
			vertex 2.931232213974 1.2538660764694 0
			vertex 2.9315547943115 1.2540273666382 0.16599999368191
			vertex 2.931232213974 1.2538660764694 0.16599999368191
		endloop
	endfacet
	facet normal 0.89442719099992 0.44721359549996 -0
		outer loop
			vertex 2.931232213974 1.2538660764694 0
			vertex 2.931232213974 1.2538660764694 0.16599999368191
			vertex 3.1411821842194 0.8339661359787 0.16599999368191
		endloop
	endfacet
	facet normal -0.89442696949103 -0.44721403851746 0
		outer loop
			vertex 2.9875676631927 1.2820339202881 0
			vertex 3.0838384628296 1.089492559433 0.16599999368191
			vertex 2.9875676631927 1.2820339202881 0.16599999368191
		endloop
	endfacet
	facet normal 0.44721359549996 -0.89442719099992 0
		outer loop
			vertex 2.9872450828552 1.2818726301193 0
			vertex 2.9875676631927 1.2820339202881 0.16599999368191
			vertex 2.9872450828552 1.2818726301193 0.16599999368191
		endloop
	endfacet
	facet normal 0 0 -1
		outer loop
			vertex 3.1411821842194 0.8339661359787 0.16599999368191
			vertex 2.931232213974 1.2538660764694 0.16599999368191
			vertex 3.1650578975677 0.9098853468895 0.16599999368191
		endloop
	endfacet
	facet normal 0 0 -1
		outer loop
			vertex 3.1650578975677 0.9098853468895 0.16599999368191
			vertex 2.931232213974 1.2538660764694 0.16599999368191
			vertex 3.1693499088287 0.91846936941147 0.16599999368191
		endloop
	endfacet
	facet normal -0 0 -1
		outer loop
			vertex 3.1415047645569 0.83412742614746 0.16599999368191
			vertex 3.1411821842194 0.8339661359787 0.16599999368191
			vertex 3.1650578975677 0.9098853468895 0.16599999368191
		endloop
	endfacet
	facet normal -0 0 -1
		outer loop
			vertex 3.1450669765472 0.83590853214264 0.16599999368191
			vertex 3.1415047645569 0.83412742614746 0.16599999368191
			vertex 3.1650578975677 0.9098853468895 0.16599999368191
		endloop
	endfacet
	facet normal 0 0 -1
		outer loop
			vertex 3.1450669765472 0.83590853214264 0.16599999368191
			vertex 3.1650578975677 0.9098853468895 0.16599999368191
			vertex 3.1693499088287 0.84804999828339 0.16599999368191
		endloop
	endfacet
	facet normal 0 0 -1
		outer loop
			vertex 3.1693499088287 0.91846936941147 0.16599999368191
			vertex 2.931232213974 1.2538660764694 0.16599999368191
			vertex 2.9315547943115 1.2540273666382 0.16599999368191
		endloop
	endfacet
	facet normal 0 0 -1
		outer loop
			vertex 3.1693499088287 0.91846936941147 0.16599999368191
			vertex 2.9315547943115 1.2540273666382 0.16599999368191
			vertex 2.9872450828552 1.2818726301193 0.16599999368191
		endloop
	endfacet
	facet normal 0 0 -1
		outer loop
			vertex 3.1086845397949 1.0398004055023 0.16599999368191
			vertex 2.9872450828552 1.2818726301193 0.16599999368191
			vertex 3.0838384628296 1.089492559433 0.16599999368191
		endloop
	endfacet
	facet normal -0 -0 -1
		outer loop
			vertex 3.1153309345245 1.0265074968338 0.16599999368191
			vertex 3.1693499088287 0.91846936941147 0.16599999368191
			vertex 2.9872450828552 1.2818726301193 0.16599999368191
		endloop
	endfacet
	facet normal -0 -0 -1
		outer loop
			vertex 3.1086845397949 1.0398004055023 0.16599999368191
			vertex 3.1153309345245 1.0265074968338 0.16599999368191
			vertex 2.9872450828552 1.2818726301193 0.16599999368191
		endloop
	endfacet
	facet normal 0 -0 -1
		outer loop
			vertex 2.9875676631927 1.2820339202881 0.16599999368191
			vertex 3.0838384628296 1.089492559433 0.16599999368191
			vertex 2.9872450828552 1.2818726301193 0.16599999368191
		endloop
	endfacet
	facet normal 0.44721359549996 0.89442719099992 -0
		outer loop
			vertex 3.1971950531006 0.83412742614746 0
			vertex 3.1971950531006 0.83412742614746 0.16599999368191
			vertex 3.1975176334381 0.8339661359787 0
		endloop
	endfacet
	facet normal 0.89442669754408 -0.44721458241027 0
		outer loop
			vertex 3.1693499088287 0.91846936941147 0
			vertex 3.2233691215515 1.0265074968338 0
			vertex 3.2233691215515 1.0265074968338 0.16599999368191
		endloop
	endfacet
	facet normal -0.89442698785808 0.44721400178339 0
		outer loop
			vertex 3.1975176334381 0.8339661359787 0
			vertex 3.4074678421021 1.2538660764694 0.16599999368191
			vertex 3.4074678421021 1.2538660764694 0
		endloop
	endfacet
	facet normal 0.89442741250869 -0.44721315248213 0
		outer loop
			vertex 3.2548615932465 1.089492559433 0
			vertex 3.3511321544647 1.2820339202881 0
			vertex 3.3511321544647 1.2820339202881 0.16599999368191
		endloop
	endfacet
	facet normal -0.44721359549996 -0.89442719099992 0
		outer loop
			vertex 3.3514547348022 1.2818726301193 0
			vertex 3.3514547348022 1.2818726301193 0.16599999368191
			vertex 3.3511321544647 1.2820339202881 0
		endloop
	endfacet
	facet normal -0.44721359549996 -0.89442719099992 0
		outer loop
			vertex 3.4071452617645 1.2540273666382 0
			vertex 3.4074678421021 1.2538660764694 0
			vertex 3.4074678421021 1.2538660764694 0.16599999368191
		endloop
	endfacet
	facet normal 0.44721359549996 0.89442719099992 -0
		outer loop
			vertex 3.1975176334381 0.8339661359787 0
			vertex 3.1971950531006 0.83412742614746 0.16599999368191
			vertex 3.1975176334381 0.8339661359787 0.16599999368191
		endloop
	endfacet
	facet normal 0.89442669754408 -0.44721458241027 0
		outer loop
			vertex 3.1693499088287 0.91846936941147 0
			vertex 3.2233691215515 1.0265074968338 0.16599999368191
			vertex 3.1693499088287 0.91846936941147 0.16599999368191
		endloop
	endfacet
	facet normal -0.89442698785808 0.44721400178339 0
		outer loop
			vertex 3.1975176334381 0.8339661359787 0
			vertex 3.1975176334381 0.8339661359787 0.16599999368191
			vertex 3.4074678421021 1.2538660764694 0.16599999368191
		endloop
	endfacet
	facet normal 0.89442741250869 -0.44721315248213 0
		outer loop
			vertex 3.2548615932465 1.089492559433 0
			vertex 3.3511321544647 1.2820339202881 0.16599999368191
			vertex 3.2548615932465 1.089492559433 0.16599999368191
		endloop
	endfacet
	facet normal -0.44721359549996 -0.89442719099992 0
		outer loop
			vertex 3.3511321544647 1.2820339202881 0
			vertex 3.3514547348022 1.2818726301193 0.16599999368191
			vertex 3.3511321544647 1.2820339202881 0.16599999368191
		endloop
	endfacet
	facet normal -0.44721359549996 -0.89442719099992 0
		outer loop
			vertex 3.4071452617645 1.2540273666382 0
			vertex 3.4074678421021 1.2538660764694 0.16599999368191
			vertex 3.4071452617645 1.2540273666382 0.16599999368191
		endloop
	endfacet
	facet normal 0 0 -1
		outer loop
			vertex 3.1693499088287 0.84804999828339 0.16599999368191
			vertex 3.1650578975677 0.9098853468895 0.16599999368191
			vertex 3.1693499088287 0.87954252958298 0.16599999368191
		endloop
	endfacet
	facet normal 0 0 -1
		outer loop
			vertex 3.1650578975677 0.9098853468895 0.16599999368191
			vertex 3.1693499088287 0.91846936941147 0.16599999368191
			vertex 3.1693499088287 0.87954252958298 0.16599999368191
		endloop
	endfacet
	facet normal 0 0 -1
		outer loop
			vertex 3.1693499088287 0.87954252958298 0.16599999368191
			vertex 3.1693499088287 0.91846936941147 0.16599999368191
			vertex 3.2233691215515 1.0265074968338 0.16599999368191
		endloop
	endfacet
	facet normal 0 0 -1
		outer loop
			vertex 3.1735973358154 0.85818994045258 0.16599999368191
			vertex 3.1693499088287 0.87954252958298 0.16599999368191
			vertex 3.2514269351959 1.0826230049133 0.16599999368191
		endloop
	endfacet
	facet normal 0 0 -1
		outer loop
			vertex 3.1735973358154 0.85818994045258 0.16599999368191
			vertex 3.2548615932465 1.089492559433 0.16599999368191
			vertex 3.1814453601837 0.87692606449127 0.16599999368191
		endloop
	endfacet
	facet normal 0 0 -1
		outer loop
			vertex 3.1916184425354 0.83691573143005 0.16599999368191
			vertex 3.3511321544647 1.2820339202881 0.16599999368191
			vertex 3.1971950531006 0.83412742614746 0.16599999368191
		endloop
	endfacet
	facet normal 0 0 -1
		outer loop
			vertex 3.1971950531006 0.83412742614746 0.16599999368191
			vertex 3.3511321544647 1.2820339202881 0.16599999368191
			vertex 3.1975176334381 0.8339661359787 0.16599999368191
		endloop
	endfacet
	facet normal 0 0 -1
		outer loop
			vertex 3.1693499088287 0.87954252958298 0.16599999368191
			vertex 3.2233691215515 1.0265074968338 0.16599999368191
			vertex 3.2514269351959 1.0826230049133 0.16599999368191
		endloop
	endfacet
	facet normal 0 0 -1
		outer loop
			vertex 3.1735973358154 0.85818994045258 0.16599999368191
			vertex 3.2514269351959 1.0826230049133 0.16599999368191
			vertex 3.2548615932465 1.089492559433 0.16599999368191
		endloop
	endfacet
	facet normal 0 0 -1
		outer loop
			vertex 3.1916184425354 0.83691573143005 0.16599999368191
			vertex 3.1814453601837 0.87692606449127 0.16599999368191
			vertex 3.3511321544647 1.2820339202881 0.16599999368191
		endloop
	endfacet
	facet normal 0 0 -1
		outer loop
			vertex 3.1814453601837 0.87692606449127 0.16599999368191
			vertex 3.2548615932465 1.089492559433 0.16599999368191
			vertex 3.3511321544647 1.2820339202881 0.16599999368191
		endloop
	endfacet
	facet normal 0 0 -1
		outer loop
			vertex 3.1975176334381 0.8339661359787 0.16599999368191
			vertex 3.3570313453674 1.2790843248367 0.16599999368191
			vertex 3.4015686511993 1.2568156719208 0.16599999368191
		endloop
	endfacet
	facet normal 0 0 -1
		outer loop
			vertex 3.1975176334381 0.8339661359787 0.16599999368191
			vertex 3.4015686511993 1.2568156719208 0.16599999368191
			vertex 3.4071452617645 1.2540273666382 0.16599999368191
		endloop
	endfacet
	facet normal 0 0 -1
		outer loop
			vertex 3.1975176334381 0.8339661359787 0.16599999368191
			vertex 3.4071452617645 1.2540273666382 0.16599999368191
			vertex 3.4074678421021 1.2538660764694 0.16599999368191
		endloop
	endfacet
	facet normal 0 0 -1
		outer loop
			vertex 3.1975176334381 0.8339661359787 0.16599999368191
			vertex 3.3511321544647 1.2820339202881 0.16599999368191
			vertex 3.3514547348022 1.2818726301193 0.16599999368191
		endloop
	endfacet
	facet normal 0 0 -1
		outer loop
			vertex 3.1975176334381 0.8339661359787 0.16599999368191
			vertex 3.3514547348022 1.2818726301193 0.16599999368191
			vertex 3.3570313453674 1.2790843248367 0.16599999368191
		endloop
	endfacet
	facet normal 0.83149564366987 0.5555312723493 -0
		outer loop
			vertex 2.9303047657013 1.2558983564377 0
			vertex 2.9303047657013 1.2558983564377 0.16599999368191
			vertex 2.9315547943115 1.2540273666382 0
		endloop
	endfacet
	facet normal 0.98078424756123 0.19509551439169 0
		outer loop
			vertex 2.9303047657013 1.2558983564377 0
			vertex 2.9279074668884 1.2679500579834 0
			vertex 2.9279074668884 1.2679500579834 0.16599999368191
		endloop
	endfacet
	facet normal 0.83147372782015 -0.55556407366285 0
		outer loop
			vertex 2.9303047657013 1.2800016403198 0
			vertex 2.9371314048767 1.2902185916901 0
			vertex 2.9371314048767 1.2902185916901 0.16599999368191
		endloop
	endfacet
	facet normal 0.98078387829807 -0.1950973707424 0
		outer loop
			vertex 2.9279074668884 1.2679500579834 0
			vertex 2.9303047657013 1.2800016403198 0
			vertex 2.9303047657013 1.2800016403198 0.16599999368191
		endloop
	endfacet
	facet normal 0.55556407366285 -0.83147372782015 0
		outer loop
			vertex 2.9371314048767 1.2902185916901 0
			vertex 2.9473483562469 1.2970452308655 0
			vertex 2.9473483562469 1.2970452308655 0.16599999368191
		endloop
	endfacet
	facet normal 0.1950973707424 -0.98078387829807 0
		outer loop
			vertex 2.9473483562469 1.2970452308655 0
			vertex 2.9593999385834 1.2994425296783 0
			vertex 2.9593999385834 1.2994425296783 0.16599999368191
		endloop
	endfacet
	facet normal -0.19509365807559 -0.98078461681385 0
		outer loop
			vertex 2.9593999385834 1.2994425296783 0
			vertex 2.9714517593384 1.2970452308655 0
			vertex 2.9714517593384 1.2970452308655 0.16599999368191
		endloop
	endfacet
	facet normal -0.55557303670478 -0.83146773893316 0
		outer loop
			vertex 2.9714517593384 1.2970452308655 0
			vertex 2.98166847229 1.2902185916901 0
			vertex 2.98166847229 1.2902185916901 0.16599999368191
		endloop
	endfacet
	facet normal -0.83146881472659 -0.55557142667452 0
		outer loop
			vertex 2.9872450828552 1.2818726301193 0
			vertex 2.9872450828552 1.2818726301193 0.16599999368191
			vertex 2.98166847229 1.2902185916901 0
		endloop
	endfacet
	facet normal 0.83149564366987 0.5555312723493 -0
		outer loop
			vertex 2.9315547943115 1.2540273666382 0
			vertex 2.9303047657013 1.2558983564377 0.16599999368191
			vertex 2.9315547943115 1.2540273666382 0.16599999368191
		endloop
	endfacet
	facet normal 0.98078387829807 -0.1950973707424 0
		outer loop
			vertex 2.9279074668884 1.2679500579834 0
			vertex 2.9303047657013 1.2800016403198 0.16599999368191
			vertex 2.9279074668884 1.2679500579834 0.16599999368191
		endloop
	endfacet
	facet normal 0.98078424756123 0.19509551439169 -0
		outer loop
			vertex 2.9303047657013 1.2558983564377 0
			vertex 2.9279074668884 1.2679500579834 0.16599999368191
			vertex 2.9303047657013 1.2558983564377 0.16599999368191
		endloop
	endfacet
	facet normal 0.83147372782015 -0.55556407366285 0
		outer loop
			vertex 2.9303047657013 1.2800016403198 0
			vertex 2.9371314048767 1.2902185916901 0.16599999368191
			vertex 2.9303047657013 1.2800016403198 0.16599999368191
		endloop
	endfacet
	facet normal 0.55556407366285 -0.83147372782015 0
		outer loop
			vertex 2.9371314048767 1.2902185916901 0
			vertex 2.9473483562469 1.2970452308655 0.16599999368191
			vertex 2.9371314048767 1.2902185916901 0.16599999368191
		endloop
	endfacet
	facet normal -0.83146881472659 -0.55557142667452 0
		outer loop
			vertex 2.98166847229 1.2902185916901 0
			vertex 2.9872450828552 1.2818726301193 0.16599999368191
			vertex 2.98166847229 1.2902185916901 0.16599999368191
		endloop
	endfacet
	facet normal 0.1950973707424 -0.98078387829807 0
		outer loop
			vertex 2.9473483562469 1.2970452308655 0
			vertex 2.9593999385834 1.2994425296783 0.16599999368191
			vertex 2.9473483562469 1.2970452308655 0.16599999368191
		endloop
	endfacet
	facet normal -0.19509365807559 -0.98078461681385 0
		outer loop
			vertex 2.9593999385834 1.2994425296783 0
			vertex 2.9714517593384 1.2970452308655 0.16599999368191
			vertex 2.9593999385834 1.2994425296783 0.16599999368191
		endloop
	endfacet
	facet normal -0.55557303670478 -0.83146773893316 0
		outer loop
			vertex 2.9714517593384 1.2970452308655 0
			vertex 2.98166847229 1.2902185916901 0.16599999368191
			vertex 2.9714517593384 1.2970452308655 0.16599999368191
		endloop
	endfacet
	facet normal 0 0 -1
		outer loop
			vertex 2.9303047657013 1.2558983564377 0.16599999368191
			vertex 2.9279074668884 1.2679500579834 0.16599999368191
			vertex 2.9303047657013 1.2800016403198 0.16599999368191
		endloop
	endfacet
	facet normal 0 0 -1
		outer loop
			vertex 2.9303047657013 1.2558983564377 0.16599999368191
			vertex 2.9303047657013 1.2800016403198 0.16599999368191
			vertex 2.9315547943115 1.2540273666382 0.16599999368191
		endloop
	endfacet
	facet normal 0 0 -1
		outer loop
			vertex 2.9315547943115 1.2540273666382 0.16599999368191
			vertex 2.9303047657013 1.2800016403198 0.16599999368191
			vertex 2.9371314048767 1.2902185916901 0.16599999368191
		endloop
	endfacet
	facet normal 0 0 -1
		outer loop
			vertex 2.9315547943115 1.2540273666382 0.16599999368191
			vertex 2.9473483562469 1.2970452308655 0.16599999368191
			vertex 2.9593999385834 1.2994425296783 0.16599999368191
		endloop
	endfacet
	facet normal 0 0 -1
		outer loop
			vertex 2.9315547943115 1.2540273666382 0.16599999368191
			vertex 2.9371314048767 1.2902185916901 0.16599999368191
			vertex 2.9473483562469 1.2970452308655 0.16599999368191
		endloop
	endfacet
	facet normal 0 0 -1
		outer loop
			vertex 2.9315547943115 1.2540273666382 0.16599999368191
			vertex 2.9593999385834 1.2994425296783 0.16599999368191
			vertex 2.9714517593384 1.2970452308655 0.16599999368191
		endloop
	endfacet
	facet normal 0 0 -1
		outer loop
			vertex 2.9315547943115 1.2540273666382 0.16599999368191
			vertex 2.9714517593384 1.2970452308655 0.16599999368191
			vertex 2.98166847229 1.2902185916901 0.16599999368191
		endloop
	endfacet
	facet normal 0 0 -1
		outer loop
			vertex 2.9315547943115 1.2540273666382 0.16599999368191
			vertex 2.98166847229 1.2902185916901 0.16599999368191
			vertex 2.9872450828552 1.2818726301193 0.16599999368191
		endloop
	endfacet
	facet normal 0.55557078070223 0.83146924635245 -0
		outer loop
			vertex 3.1470813751221 0.82578146457672 0
			vertex 3.1470813751221 0.82578146457672 0.16599999368191
			vertex 3.1572983264923 0.81895470619202 0
		endloop
	endfacet
	facet normal 0.19508803847411 0.98078573462522 -0
		outer loop
			vertex 3.1572983264923 0.81895470619202 0
			vertex 3.1572983264923 0.81895470619202 0.16599999368191
			vertex 3.1693499088287 0.81655752658844 0
		endloop
	endfacet
	facet normal 0.83146881472659 0.55557142667452 0
		outer loop
			vertex 3.1470813751221 0.82578146457672 0
			vertex 3.1415047645569 0.83412742614746 0
			vertex 3.1415047645569 0.83412742614746 0.16599999368191
		endloop
	endfacet
	facet normal -0.19508432597084 0.98078647307174 0
		outer loop
			vertex 3.1693499088287 0.81655752658844 0
			vertex 3.1693499088287 0.81655752658844 0.16599999368191
			vertex 3.1814017295837 0.81895470619202 0
		endloop
	endfacet
	facet normal -0.55557974375575 0.83146325735314 0
		outer loop
			vertex 3.1916184425354 0.82578146457672 0
			vertex 3.1814017295837 0.81895470619202 0
			vertex 3.1814017295837 0.81895470619202 0.16599999368191
		endloop
	endfacet
	facet normal -0.83146881472659 0.55557142667452 0
		outer loop
			vertex 3.1916184425354 0.82578146457672 0
			vertex 3.1971950531006 0.83412742614746 0.16599999368191
			vertex 3.1971950531006 0.83412742614746 0
		endloop
	endfacet
	facet normal 0.55557078070223 0.83146924635245 -0
		outer loop
			vertex 3.1572983264923 0.81895470619202 0
			vertex 3.1470813751221 0.82578146457672 0.16599999368191
			vertex 3.1572983264923 0.81895470619202 0.16599999368191
		endloop
	endfacet
	facet normal 0.19508803847411 0.98078573462522 -0
		outer loop
			vertex 3.1693499088287 0.81655752658844 0
			vertex 3.1572983264923 0.81895470619202 0.16599999368191
			vertex 3.1693499088287 0.81655752658844 0.16599999368191
		endloop
	endfacet
	facet normal 0.83146881472659 0.55557142667452 -0
		outer loop
			vertex 3.1470813751221 0.82578146457672 0
			vertex 3.1415047645569 0.83412742614746 0.16599999368191
			vertex 3.1470813751221 0.82578146457672 0.16599999368191
		endloop
	endfacet
	facet normal -0.19508432597084 0.98078647307174 0
		outer loop
			vertex 3.1814017295837 0.81895470619202 0
			vertex 3.1693499088287 0.81655752658844 0.16599999368191
			vertex 3.1814017295837 0.81895470619202 0.16599999368191
		endloop
	endfacet
	facet normal -0.55557974375575 0.83146325735314 0
		outer loop
			vertex 3.1916184425354 0.82578146457672 0
			vertex 3.1814017295837 0.81895470619202 0.16599999368191
			vertex 3.1916184425354 0.82578146457672 0.16599999368191
		endloop
	endfacet
	facet normal -0.83146881472659 0.55557142667452 0
		outer loop
			vertex 3.1916184425354 0.82578146457672 0
			vertex 3.1916184425354 0.82578146457672 0.16599999368191
			vertex 3.1971950531006 0.83412742614746 0.16599999368191
		endloop
	endfacet
	facet normal 0 0 -1
		outer loop
			vertex 3.1572983264923 0.81895470619202 0.16599999368191
			vertex 3.1450669765472 0.83590853214264 0.16599999368191
			vertex 3.1693499088287 0.81655752658844 0.16599999368191
		endloop
	endfacet
	facet normal 0 0 -1
		outer loop
			vertex 3.1470813751221 0.82578146457672 0.16599999368191
			vertex 3.1415047645569 0.83412742614746 0.16599999368191
			vertex 3.1450669765472 0.83590853214264 0.16599999368191
		endloop
	endfacet
	facet normal 0 0 -1
		outer loop
			vertex 3.1470813751221 0.82578146457672 0.16599999368191
			vertex 3.1450669765472 0.83590853214264 0.16599999368191
			vertex 3.1572983264923 0.81895470619202 0.16599999368191
		endloop
	endfacet
	facet normal 0 0 -1
		outer loop
			vertex 3.1450669765472 0.83590853214264 0.16599999368191
			vertex 3.1693499088287 0.84804999828339 0.16599999368191
			vertex 3.1693499088287 0.81655752658844 0.16599999368191
		endloop
	endfacet
	facet normal 0 0 -1
		outer loop
			vertex 3.1814017295837 0.81895470619202 0.16599999368191
			vertex 3.1693499088287 0.84804999828339 0.16599999368191
			vertex 3.1735973358154 0.85818994045258 0.16599999368191
		endloop
	endfacet
	facet normal 0 0 -1
		outer loop
			vertex 3.1693499088287 0.81655752658844 0.16599999368191
			vertex 3.1693499088287 0.84804999828339 0.16599999368191
			vertex 3.1814017295837 0.81895470619202 0.16599999368191
		endloop
	endfacet
	facet normal -0 0 -1
		outer loop
			vertex 3.1916184425354 0.82578146457672 0.16599999368191
			vertex 3.1814017295837 0.81895470619202 0.16599999368191
			vertex 3.1735973358154 0.85818994045258 0.16599999368191
		endloop
	endfacet
	facet normal 0 0 -1
		outer loop
			vertex 3.1916184425354 0.82578146457672 0.16599999368191
			vertex 3.1735973358154 0.85818994045258 0.16599999368191
			vertex 3.1814453601837 0.87692606449127 0.16599999368191
		endloop
	endfacet
	facet normal 0 0 -1
		outer loop
			vertex 3.1916184425354 0.82578146457672 0.16599999368191
			vertex 3.1814453601837 0.87692606449127 0.16599999368191
			vertex 3.1916184425354 0.83691573143005 0.16599999368191
		endloop
	endfacet
	facet normal 0 0 -1
		outer loop
			vertex 3.1916184425354 0.82578146457672 0.16599999368191
			vertex 3.1916184425354 0.83691573143005 0.16599999368191
			vertex 3.1971950531006 0.83412742614746 0.16599999368191
		endloop
	endfacet
	facet normal -0 0 -1
		outer loop
			vertex 3.1735973358154 0.85818994045258 0.16599999368191
			vertex 3.1693499088287 0.84804999828339 0.16599999368191
			vertex 3.1693499088287 0.87954252958298 0.16599999368191
		endloop
	endfacet
	facet normal 0.83146881472659 -0.55557142667452 0
		outer loop
			vertex 3.3514547348022 1.2818726301193 0
			vertex 3.3570313453674 1.2902185916901 0
			vertex 3.3514547348022 1.2818726301193 0.16599999368191
		endloop
	endfacet
	facet normal -0.83149564366987 0.5555312723493 0
		outer loop
			vertex 3.4071452617645 1.2540273666382 0
			vertex 3.4071452617645 1.2540273666382 0.16599999368191
			vertex 3.4083952903748 1.2558983564377 0
		endloop
	endfacet
	facet normal 0.55556407366285 -0.83147372782015 0
		outer loop
			vertex 3.3570313453674 1.2902185916901 0
			vertex 3.3672482967377 1.2970452308655 0
			vertex 3.3672482967377 1.2970452308655 0.16599999368191
		endloop
	endfacet
	facet normal 0.19509365807559 -0.98078461681385 0
		outer loop
			vertex 3.3672482967377 1.2970452308655 0
			vertex 3.3793001174927 1.2994425296783 0
			vertex 3.3793001174927 1.2994425296783 0.16599999368191
		endloop
	endfacet
	facet normal -0.1950973707424 -0.98078387829807 0
		outer loop
			vertex 3.3793001174927 1.2994425296783 0
			vertex 3.3913516998291 1.2970452308655 0
			vertex 3.3913516998291 1.2970452308655 0.16599999368191
		endloop
	endfacet
	facet normal -0.98078387829807 -0.1950973707424 0
		outer loop
			vertex 3.4107925891876 1.2679500579834 0
			vertex 3.4107925891876 1.2679500579834 0.16599999368191
			vertex 3.4083952903748 1.2800016403198 0
		endloop
	endfacet
	facet normal -0.98078424756123 0.19509551439169 0
		outer loop
			vertex 3.4083952903748 1.2558983564377 0
			vertex 3.4083952903748 1.2558983564377 0.16599999368191
			vertex 3.4107925891876 1.2679500579834 0
		endloop
	endfacet
	facet normal -0.83147372782015 -0.55556407366285 0
		outer loop
			vertex 3.4083952903748 1.2800016403198 0
			vertex 3.4083952903748 1.2800016403198 0.16599999368191
			vertex 3.4015686511993 1.2902185916901 0
		endloop
	endfacet
	facet normal -0.55556407366285 -0.83147372782015 0
		outer loop
			vertex 3.3913516998291 1.2970452308655 0
			vertex 3.4015686511993 1.2902185916901 0
			vertex 3.4015686511993 1.2902185916901 0.16599999368191
		endloop
	endfacet
	facet normal 0.83146881472659 -0.55557142667452 0
		outer loop
			vertex 3.3570313453674 1.2902185916901 0
			vertex 3.3570313453674 1.2902185916901 0.16599999368191
			vertex 3.3514547348022 1.2818726301193 0.16599999368191
		endloop
	endfacet
	facet normal -0.83149564366987 0.5555312723493 0
		outer loop
			vertex 3.4083952903748 1.2558983564377 0
			vertex 3.4071452617645 1.2540273666382 0.16599999368191
			vertex 3.4083952903748 1.2558983564377 0.16599999368191
		endloop
	endfacet
	facet normal 0.55556407366285 -0.83147372782015 0
		outer loop
			vertex 3.3570313453674 1.2902185916901 0
			vertex 3.3672482967377 1.2970452308655 0.16599999368191
			vertex 3.3570313453674 1.2902185916901 0.16599999368191
		endloop
	endfacet
	facet normal 0.19509365807559 -0.98078461681385 0
		outer loop
			vertex 3.3672482967377 1.2970452308655 0
			vertex 3.3793001174927 1.2994425296783 0.16599999368191
			vertex 3.3672482967377 1.2970452308655 0.16599999368191
		endloop
	endfacet
	facet normal -0.1950973707424 -0.98078387829807 0
		outer loop
			vertex 3.3793001174927 1.2994425296783 0
			vertex 3.3913516998291 1.2970452308655 0.16599999368191
			vertex 3.3793001174927 1.2994425296783 0.16599999368191
		endloop
	endfacet
	facet normal -0.55556407366285 -0.83147372782015 0
		outer loop
			vertex 3.3913516998291 1.2970452308655 0
			vertex 3.4015686511993 1.2902185916901 0.16599999368191
			vertex 3.3913516998291 1.2970452308655 0.16599999368191
		endloop
	endfacet
	facet normal -0.98078424756123 0.19509551439169 0
		outer loop
			vertex 3.4107925891876 1.2679500579834 0
			vertex 3.4083952903748 1.2558983564377 0.16599999368191
			vertex 3.4107925891876 1.2679500579834 0.16599999368191
		endloop
	endfacet
	facet normal -0.83147372782015 -0.55556407366285 0
		outer loop
			vertex 3.4015686511993 1.2902185916901 0
			vertex 3.4083952903748 1.2800016403198 0.16599999368191
			vertex 3.4015686511993 1.2902185916901 0.16599999368191
		endloop
	endfacet
	facet normal -0.98078387829807 -0.1950973707424 0
		outer loop
			vertex 3.4083952903748 1.2800016403198 0
			vertex 3.4107925891876 1.2679500579834 0.16599999368191
			vertex 3.4083952903748 1.2800016403198 0.16599999368191
		endloop
	endfacet
	facet normal 0 0 -1
		outer loop
			vertex 3.3514547348022 1.2818726301193 0.16599999368191
			vertex 3.3570313453674 1.2902185916901 0.16599999368191
			vertex 3.3570313453674 1.2790843248367 0.16599999368191
		endloop
	endfacet
	facet normal 0 0 -1
		outer loop
			vertex 3.4071452617645 1.2540273666382 0.16599999368191
			vertex 3.4015686511993 1.2568156719208 0.16599999368191
			vertex 3.4083952903748 1.2558983564377 0.16599999368191
		endloop
	endfacet
	facet normal 0 0 -1
		outer loop
			vertex 3.3570313453674 1.2902185916901 0.16599999368191
			vertex 3.3672482967377 1.2970452308655 0.16599999368191
			vertex 3.4015686511993 1.2568156719208 0.16599999368191
		endloop
	endfacet
	facet normal 0 0 -1
		outer loop
			vertex 3.3570313453674 1.2790843248367 0.16599999368191
			vertex 3.3570313453674 1.2902185916901 0.16599999368191
			vertex 3.4015686511993 1.2568156719208 0.16599999368191
		endloop
	endfacet
	facet normal 0 0 -1
		outer loop
			vertex 3.3672482967377 1.2970452308655 0.16599999368191
			vertex 3.3793001174927 1.2994425296783 0.16599999368191
			vertex 3.4015686511993 1.2568156719208 0.16599999368191
		endloop
	endfacet
	facet normal 0 0 -1
		outer loop
			vertex 3.3793001174927 1.2994425296783 0.16599999368191
			vertex 3.3913516998291 1.2970452308655 0.16599999368191
			vertex 3.4015686511993 1.2568156719208 0.16599999368191
		endloop
	endfacet
	facet normal 0 0 -1
		outer loop
			vertex 3.4083952903748 1.2558983564377 0.16599999368191
			vertex 3.4015686511993 1.2568156719208 0.16599999368191
			vertex 3.4015686511993 1.2902185916901 0.16599999368191
		endloop
	endfacet
	facet normal 0 0 -1
		outer loop
			vertex 3.4083952903748 1.2558983564377 0.16599999368191
			vertex 3.4083952903748 1.2800016403198 0.16599999368191
			vertex 3.4107925891876 1.2679500579834 0.16599999368191
		endloop
	endfacet
	facet normal 0 0 -1
		outer loop
			vertex 3.3913516998291 1.2970452308655 0.16599999368191
			vertex 3.4015686511993 1.2902185916901 0.16599999368191
			vertex 3.4015686511993 1.2568156719208 0.16599999368191
		endloop
	endfacet
	facet normal 0 0 -1
		outer loop
			vertex 3.4083952903748 1.2558983564377 0.16599999368191
			vertex 3.4015686511993 1.2902185916901 0.16599999368191
			vertex 3.4083952903748 1.2800016403198 0.16599999368191
		endloop
	endfacet
	facet normal 0 1 0
		outer loop
			vertex 3.1153309345245 1.0265074968338 0
			vertex 3.1153309345245 1.0265074968338 0.16599999368191
			vertex 3.2233691215515 1.0265074968338 0
		endloop
	endfacet
	facet normal 0 -1 0
		outer loop
			vertex 3.0838384628296 1.089492559433 0
			vertex 3.2548615932465 1.089492559433 0
			vertex 3.2548615932465 1.089492559433 0.16599999368191
		endloop
	endfacet
	facet normal 0 1 -0
		outer loop
			vertex 3.2233691215515 1.0265074968338 0
			vertex 3.1153309345245 1.0265074968338 0.16599999368191
			vertex 3.2233691215515 1.0265074968338 0.16599999368191
		endloop
	endfacet
	facet normal 0 -1 0
		outer loop
			vertex 3.0838384628296 1.089492559433 0
			vertex 3.2548615932465 1.089492559433 0.16599999368191
			vertex 3.0838384628296 1.089492559433 0.16599999368191
		endloop
	endfacet
	facet normal 0 0 -1
		outer loop
			vertex 3.1086845397949 1.0398004055023 0.16599999368191
			vertex 3.2233691215515 1.0265074968338 0.16599999368191
			vertex 3.1153309345245 1.0265074968338 0.16599999368191
		endloop
	endfacet
	facet normal 0 0 -1
		outer loop
			vertex 3.1086845397949 1.0398004055023 0.16599999368191
			vertex 3.2514269351959 1.0826230049133 0.16599999368191
			vertex 3.2233691215515 1.0265074968338 0.16599999368191
		endloop
	endfacet
	facet normal 0 0 -1
		outer loop
			vertex 3.1086845397949 1.0398004055023 0.16599999368191
			vertex 3.0838384628296 1.089492559433 0.16599999368191
			vertex 3.2548615932465 1.089492559433 0.16599999368191
		endloop
	endfacet
	facet normal 0 0 -1
		outer loop
			vertex 3.1086845397949 1.0398004055023 0.16599999368191
			vertex 3.2548615932465 1.089492559433 0.16599999368191
			vertex 3.2514269351959 1.0826230049133 0.16599999368191
		endloop
	endfacet
	facet normal 0.70710678118655 -0.70710678118655 0
		outer loop
			vertex 3.441011428833 1.2062385082245 0
			vertex 3.5249915122986 1.2902185916901 0
			vertex 3.441011428833 1.2062385082245 0.16599999368191
		endloop
	endfacet
	facet normal -0.70710613803858 0.70710742433393 0
		outer loop
			vertex 3.4947724342346 1.1709253787994 0
			vertex 3.4947724342346 1.1709253787994 0.16599999368191
			vertex 3.5603046417236 1.2364574670792 0
		endloop
	endfacet
	facet normal 0.70710678118655 -0.70710678118655 0
		outer loop
			vertex 3.5249915122986 1.2902185916901 0
			vertex 3.5249915122986 1.2902185916901 0.16599999368191
			vertex 3.441011428833 1.2062385082245 0.16599999368191
		endloop
	endfacet
	facet normal -0.70710613803858 0.70710742433393 0
		outer loop
			vertex 3.5603046417236 1.2364574670792 0
			vertex 3.4947724342346 1.1709253787994 0.16599999368191
			vertex 3.5603046417236 1.2364574670792 0.16599999368191
		endloop
	endfacet
	facet normal -0 0 -1
		outer loop
			vertex 3.4947724342346 1.1709253787994 0.16599999368191
			vertex 3.4882056713104 1.164358496666 0.16599999368191
			vertex 3.4923830032349 1.1839699745178 0.16599999368191
		endloop
	endfacet
	facet normal 0 0 -1
		outer loop
			vertex 3.441011428833 1.2062385082245 0.16599999368191
			vertex 3.4923830032349 1.1839699745178 0.16599999368191
			vertex 3.4616875648499 1.1855623722076 0.16599999368191
		endloop
	endfacet
	facet normal 0 0 -1
		outer loop
			vertex 3.441011428833 1.2062385082245 0.16599999368191
			vertex 3.5472600460052 1.2679500579834 0.16599999368191
			vertex 3.4923830032349 1.1839699745178 0.16599999368191
		endloop
	endfacet
	facet normal 0 0 -1
		outer loop
			vertex 3.441011428833 1.2062385082245 0.16599999368191
			vertex 3.5352082252502 1.2800016403198 0.16599999368191
			vertex 3.5394403934479 1.2757697105408 0.16599999368191
		endloop
	endfacet
	facet normal 0 0 -1
		outer loop
			vertex 3.441011428833 1.2062385082245 0.16599999368191
			vertex 3.5249915122986 1.2902185916901 0.16599999368191
			vertex 3.5352082252502 1.2800016403198 0.16599999368191
		endloop
	endfacet
	facet normal 0 0 -1
		outer loop
			vertex 3.4947724342346 1.1709253787994 0.16599999368191
			vertex 3.4923830032349 1.1839699745178 0.16599999368191
			vertex 3.5603046417236 1.2364574670792 0.16599999368191
		endloop
	endfacet
	facet normal 0 0 -1
		outer loop
			vertex 3.441011428833 1.2062385082245 0.16599999368191
			vertex 3.5394403934479 1.2757697105408 0.16599999368191
			vertex 3.5472600460052 1.2679500579834 0.16599999368191
		endloop
	endfacet
	facet normal 0 0 -1
		outer loop
			vertex 3.4923830032349 1.1839699745178 0.16599999368191
			vertex 3.5472600460052 1.2679500579834 0.16599999368191
			vertex 3.5603046417236 1.2364574670792 0.16599999368191
		endloop
	endfacet
	facet normal 0 0 -1
		outer loop
			vertex 3.5603046417236 1.2364574670792 0.16599999368191
			vertex 3.5472600460052 1.2679500579834 0.16599999368191
			vertex 3.5646529197693 1.2408057451248 0.16599999368191
		endloop
	endfacet
	facet normal 1 0 0
		outer loop
			vertex 3.4317874908447 1.0999900102615 0
			vertex 3.4317874908447 1.1839699745178 0
			vertex 3.4317874908447 1.1839699745178 0.16599999368191
		endloop
	endfacet
	facet normal -1 0 0
		outer loop
			vertex 3.4947724342346 1.1130346059799 0
			vertex 3.4947724342346 1.1130346059799 0.16599999368191
			vertex 3.4947724342346 1.1709253787994 0
		endloop
	endfacet
	facet normal 1 0 0
		outer loop
			vertex 3.4317874908447 1.0999900102615 0
			vertex 3.4317874908447 1.1839699745178 0.16599999368191
			vertex 3.4317874908447 1.0999900102615 0.16599999368191
		endloop
	endfacet
	facet normal -1 0 0
		outer loop
			vertex 3.4947724342346 1.1709253787994 0
			vertex 3.4947724342346 1.1130346059799 0.16599999368191
			vertex 3.4947724342346 1.1709253787994 0.16599999368191
		endloop
	endfacet
	facet normal 0 0 -1
		outer loop
			vertex 3.4317874908447 1.0999900102615 0.16599999368191
			vertex 3.4512283802032 1.1580488681793 0.16599999368191
			vertex 3.4632799625397 1.0999900102615 0.16599999368191
		endloop
	endfacet
	facet normal 0 0 -1
		outer loop
			vertex 3.4632799625397 1.0999900102615 0.16599999368191
			vertex 3.4753315448761 1.1259111166 0.16599999368191
			vertex 3.4713449478149 1.1080548763275 0.16599999368191
		endloop
	endfacet
	facet normal 0 0 -1
		outer loop
			vertex 3.4812757968903 1.1179857254028 0.16599999368191
			vertex 3.4947724342346 1.1130346059799 0.16599999368191
			vertex 3.4947724342346 1.1097222566605 0.16599999368191
		endloop
	endfacet
	facet normal 0 0 -1
		outer loop
			vertex 3.4317874908447 1.0999900102615 0.16599999368191
			vertex 3.4317874908447 1.1839699745178 0.16599999368191
			vertex 3.4512283802032 1.1580488681793 0.16599999368191
		endloop
	endfacet
	facet normal 0 0 -1
		outer loop
			vertex 3.4632799625397 1.0999900102615 0.16599999368191
			vertex 3.4512283802032 1.1580488681793 0.16599999368191
			vertex 3.4753315448761 1.1259111166 0.16599999368191
		endloop
	endfacet
	facet normal 0 0 -1
		outer loop
			vertex 3.4512283802032 1.1580488681793 0.16599999368191
			vertex 3.4570157527924 1.1839699745178 0.16599999368191
			vertex 3.4753315448761 1.1259111166 0.16599999368191
		endloop
	endfacet
	facet normal 0 0 -1
		outer loop
			vertex 3.4812757968903 1.1179857254028 0.16599999368191
			vertex 3.4753315448761 1.1259111166 0.16599999368191
			vertex 3.4882056713104 1.164358496666 0.16599999368191
		endloop
	endfacet
	facet normal 0 0 -1
		outer loop
			vertex 3.4812757968903 1.1179857254028 0.16599999368191
			vertex 3.4882056713104 1.164358496666 0.16599999368191
			vertex 3.4947724342346 1.1709253787994 0.16599999368191
		endloop
	endfacet
	facet normal 0 0 -1
		outer loop
			vertex 3.4812757968903 1.1179857254028 0.16599999368191
			vertex 3.4947724342346 1.1709253787994 0.16599999368191
			vertex 3.4947724342346 1.1130346059799 0.16599999368191
		endloop
	endfacet
	facet normal 0 0 -1
		outer loop
			vertex 3.4570157527924 1.1839699745178 0.16599999368191
			vertex 3.4882056713104 1.164358496666 0.16599999368191
			vertex 3.4753315448761 1.1259111166 0.16599999368191
		endloop
	endfacet
	facet normal 0 0 -1
		outer loop
			vertex 3.4570157527924 1.1839699745178 0.16599999368191
			vertex 3.4923830032349 1.1839699745178 0.16599999368191
			vertex 3.4882056713104 1.164358496666 0.16599999368191
		endloop
	endfacet
	facet normal 0.70710609822024 0.7071074641522 0
		outer loop
			vertex 3.5027229785919 1.0160100460052 0
			vertex 3.441011428833 1.0777214765549 0
			vertex 3.441011428833 1.0777214765549 0.16599999368191
		endloop
	endfacet
	facet normal -0.7071060901792 -0.70710747219322 0
		outer loop
			vertex 3.5557658672333 1.0520412921906 0
			vertex 3.5557658672333 1.0520412921906 0.16599999368191
			vertex 3.4947724342346 1.1130346059799 0
		endloop
	endfacet
	facet normal 0.70710609822024 0.7071074641522 -0
		outer loop
			vertex 3.5027229785919 1.0160100460052 0
			vertex 3.441011428833 1.0777214765549 0.16599999368191
			vertex 3.5027229785919 1.0160100460052 0.16599999368191
		endloop
	endfacet
	facet normal -0.7071060901792 -0.70710747219322 0
		outer loop
			vertex 3.4947724342346 1.1130346059799 0
			vertex 3.5557658672333 1.0520412921906 0.16599999368191
			vertex 3.4947724342346 1.1130346059799 0.16599999368191
		endloop
	endfacet
	facet normal 0 0 -1
		outer loop
			vertex 3.5027229785919 1.0160100460052 0.16599999368191
			vertex 3.441011428833 1.0777214765549 0.16599999368191
			vertex 3.5260648727417 1.0328823328018 0.16599999368191
		endloop
	endfacet
	facet normal 0 0 -1
		outer loop
			vertex 3.5260648727417 1.0328823328018 0.16599999368191
			vertex 3.441011428833 1.0777214765549 0.16599999368191
			vertex 3.5408670902252 1.0470750331879 0.16599999368191
		endloop
	endfacet
	facet normal 0 0 -1
		outer loop
			vertex 3.5027229785919 1.0160100460052 0.16599999368191
			vertex 3.5260648727417 1.0328823328018 0.16599999368191
			vertex 3.5285515785217 1.0203803777695 0.16599999368191
		endloop
	endfacet
	facet normal 0 0 -1
		outer loop
			vertex 3.5027229785919 1.0160100460052 0.16599999368191
			vertex 3.5285515785217 1.0203803777695 0.16599999368191
			vertex 3.5145325660706 1.0042003393173 0.16599999368191
		endloop
	endfacet
	facet normal 0 0 -1
		outer loop
			vertex 3.5352082252502 1.0280648469925 0.16599999368191
			vertex 3.5472600460052 1.0160100460052 0.16599999368191
			vertex 3.5352082252502 1.0280616283417 0.16599999368191
		endloop
	endfacet
	facet normal 0 0 -1
		outer loop
			vertex 3.5260648727417 1.0328823328018 0.16599999368191
			vertex 3.5408670902252 1.0470750331879 0.16599999368191
			vertex 3.5352082252502 1.0280648469925 0.16599999368191
		endloop
	endfacet
	facet normal 0 0 -1
		outer loop
			vertex 3.5352082252502 1.0280648469925 0.16599999368191
			vertex 3.5408670902252 1.0470750331879 0.16599999368191
			vertex 3.5472600460052 1.0160100460052 0.16599999368191
		endloop
	endfacet
	facet normal 0 0 -1
		outer loop
			vertex 3.5408670902252 1.0470750331879 0.16599999368191
			vertex 3.441011428833 1.0777214765549 0.16599999368191
			vertex 3.4632799625397 1.0999900102615 0.16599999368191
		endloop
	endfacet
	facet normal 0 0 -1
		outer loop
			vertex 3.5408670902252 1.0470750331879 0.16599999368191
			vertex 3.4632799625397 1.0999900102615 0.16599999368191
			vertex 3.4713449478149 1.1080548763275 0.16599999368191
		endloop
	endfacet
	facet normal 0 0 -1
		outer loop
			vertex 3.5408670902252 1.0470750331879 0.16599999368191
			vertex 3.4713449478149 1.1080548763275 0.16599999368191
			vertex 3.4947724342346 1.1097222566605 0.16599999368191
		endloop
	endfacet
	facet normal 0 0 -1
		outer loop
			vertex 3.4713449478149 1.1080548763275 0.16599999368191
			vertex 3.4812757968903 1.1179857254028 0.16599999368191
			vertex 3.4947724342346 1.1097222566605 0.16599999368191
		endloop
	endfacet
	facet normal 0 0 -1
		outer loop
			vertex 3.5408670902252 1.0470750331879 0.16599999368191
			vertex 3.4947724342346 1.1097222566605 0.16599999368191
			vertex 3.4947724342346 1.1130346059799 0.16599999368191
		endloop
	endfacet
	facet normal 0 0 -1
		outer loop
			vertex 3.5408670902252 1.0470750331879 0.16599999368191
			vertex 3.4947724342346 1.1130346059799 0.16599999368191
			vertex 3.5557658672333 1.0520412921906 0.16599999368191
		endloop
	endfacet
	facet normal 0 1 0
		outer loop
			vertex 3.5603046417236 0.98451751470566 0
			vertex 3.5603046417236 0.98451751470566 0.16599999368191
			vertex 3.786155462265 0.98451751470566 0
		endloop
	endfacet
	facet normal 0 -1 0
		outer loop
			vertex 3.7413256168365 1.0475025177002 0
			vertex 3.7992000579834 1.0475025177002 0
			vertex 3.7992000579834 1.0475025177002 0.16599999368191
		endloop
	endfacet
	facet normal 0 1 -0
		outer loop
			vertex 3.786155462265 0.98451751470566 0
			vertex 3.5603046417236 0.98451751470566 0.16599999368191
			vertex 3.786155462265 0.98451751470566 0.16599999368191
		endloop
	endfacet
	facet normal 0 -1 0
		outer loop
			vertex 3.7413256168365 1.0475025177002 0
			vertex 3.7992000579834 1.0475025177002 0.16599999368191
			vertex 3.7413256168365 1.0475025177002 0.16599999368191
		endloop
	endfacet
	facet normal 0 0 -1
		outer loop
			vertex 3.5642757415771 0.9894540309906 0.16599999368191
			vertex 3.5563442707062 1.001832485199 0.16599999368191
			vertex 3.5533723831177 1.016774058342 0.16599999368191
		endloop
	endfacet
	facet normal 0 0 -1
		outer loop
			vertex 3.5642757415771 0.9894540309906 0.16599999368191
			vertex 3.7842917442322 0.98638099431992 0.16599999368191
			vertex 3.5653750896454 0.98885232210159 0.16599999368191
		endloop
	endfacet
	facet normal 0 -0 -1
		outer loop
			vertex 3.5642716884613 0.98848456144333 0.16599999368191
			vertex 3.786155462265 0.98451751470566 0.16599999368191
			vertex 3.5603046417236 0.98451751470566 0.16599999368191
		endloop
	endfacet
	facet normal 0 -0 -1
		outer loop
			vertex 3.5653750896454 0.98885232210159 0.16599999368191
			vertex 3.786155462265 0.98451751470566 0.16599999368191
			vertex 3.5642716884613 0.98848456144333 0.16599999368191
		endloop
	endfacet
	facet normal 0 0 -1
		outer loop
			vertex 3.5642757415771 0.9894540309906 0.16599999368191
			vertex 3.5533723831177 1.016774058342 0.16599999368191
			vertex 3.7842917442322 0.98638099431992 0.16599999368191
		endloop
	endfacet
	facet normal 0 0 -1
		outer loop
			vertex 3.5653750896454 0.98885232210159 0.16599999368191
			vertex 3.7842917442322 0.98638099431992 0.16599999368191
			vertex 3.786155462265 0.98451751470566 0.16599999368191
		endloop
	endfacet
	facet normal 0 0 -1
		outer loop
			vertex 3.5533723831177 1.016774058342 0.16599999368191
			vertex 3.6472902297974 1.0285137891769 0.16599999368191
			vertex 3.7842917442322 0.98638099431992 0.16599999368191
		endloop
	endfacet
	facet normal 0 0 -1
		outer loop
			vertex 3.6472902297974 1.0285137891769 0.16599999368191
			vertex 3.7413256168365 1.0475025177002 0.16599999368191
			vertex 3.7992000579834 1.0475025177002 0.16599999368191
		endloop
	endfacet
	facet normal 0 0 -1
		outer loop
			vertex 3.6472902297974 1.0285137891769 0.16599999368191
			vertex 3.7992000579834 1.0475025177002 0.16599999368191
			vertex 3.7842917442322 0.98638099431992 0.16599999368191
		endloop
	endfacet
	facet normal 0 0 -1
		outer loop
			vertex 3.7842917442322 0.98638099431992 0.16599999368191
			vertex 3.7992000579834 1.0475025177002 0.16599999368191
			vertex 3.7992000579834 0.9869070649147 0.16599999368191
		endloop
	endfacet
	facet normal 0.70710774590872 0.70710581646306 -0
		outer loop
			vertex 3.786155462265 0.98451751470566 0
			vertex 3.786155462265 0.98451751470566 0.16599999368191
			vertex 3.8516874313354 0.91898536682129 0
		endloop
	endfacet
	facet normal -0.70710653025282 -0.70710703212019 0
		outer loop
			vertex 3.8214685916901 1.0382785797119 0
			vertex 3.9054486751556 0.95429855585098 0
			vertex 3.9054486751556 0.95429855585098 0.16599999368191
		endloop
	endfacet
	facet normal 0.70710774590872 0.70710581646306 -0
		outer loop
			vertex 3.8516874313354 0.91898536682129 0
			vertex 3.786155462265 0.98451751470566 0.16599999368191
			vertex 3.8516874313354 0.91898536682129 0.16599999368191
		endloop
	endfacet
	facet normal -0.70710653025282 -0.70710703212019 0
		outer loop
			vertex 3.8214685916901 1.0382785797119 0
			vertex 3.9054486751556 0.95429855585098 0.16599999368191
			vertex 3.8214685916901 1.0382785797119 0.16599999368191
		endloop
	endfacet
	facet normal 0 0 -1
		outer loop
			vertex 3.8516874313354 0.91898536682129 0.16599999368191
			vertex 3.8751151561737 0.92396509647369 0.16599999368191
			vertex 3.8651843070984 0.91403430700302 0.16599999368191
		endloop
	endfacet
	facet normal 0 0 -1
		outer loop
			vertex 3.7842917442322 0.98638099431992 0.16599999368191
			vertex 3.7992000579834 0.9869070649147 0.16599999368191
			vertex 3.786155462265 0.98451751470566 0.16599999368191
		endloop
	endfacet
	facet normal 0 0 -1
		outer loop
			vertex 3.7992000579834 0.9869070649147 0.16599999368191
			vertex 3.8751151561737 0.92396509647369 0.16599999368191
			vertex 3.8516874313354 0.91898536682129 0.16599999368191
		endloop
	endfacet
	facet normal 0 0 -1
		outer loop
			vertex 3.786155462265 0.98451751470566 0.16599999368191
			vertex 3.7992000579834 0.9869070649147 0.16599999368191
			vertex 3.8516874313354 0.91898536682129 0.16599999368191
		endloop
	endfacet
	facet normal 0 0 -1
		outer loop
			vertex 3.7992000579834 0.9869070649147 0.16599999368191
			vertex 3.8831799030304 0.93203002214432 0.16599999368191
			vertex 3.8751151561737 0.92396509647369 0.16599999368191
		endloop
	endfacet
	facet normal 0 0 -1
		outer loop
			vertex 3.7992000579834 0.9869070649147 0.16599999368191
			vertex 3.9054486751556 0.95429855585098 0.16599999368191
			vertex 3.8831799030304 0.93203002214432 0.16599999368191
		endloop
	endfacet
	facet normal 0 0 -1
		outer loop
			vertex 3.7992000579834 0.9869070649147 0.16599999368191
			vertex 3.8044250011444 1.0212349891663 0.16599999368191
			vertex 3.8214685916901 1.0382785797119 0.16599999368191
		endloop
	endfacet
	facet normal 0 0 -1
		outer loop
			vertex 3.7992000579834 0.9869070649147 0.16599999368191
			vertex 3.8214685916901 1.0382785797119 0.16599999368191
			vertex 3.9054486751556 0.95429855585098 0.16599999368191
		endloop
	endfacet
	facet normal 1 0 0
		outer loop
			vertex 3.8516874313354 0.86751341819763 0
			vertex 3.8516874313354 0.91898536682129 0
			vertex 3.8516874313354 0.91898536682129 0.16599999368191
		endloop
	endfacet
	facet normal -1 0 0
		outer loop
			vertex 3.9146726131439 0.84804999828339 0
			vertex 3.9146726131439 0.84804999828339 0.16599999368191
			vertex 3.9146726131439 0.93203002214432 0
		endloop
	endfacet
	facet normal 1 0 0
		outer loop
			vertex 3.8516874313354 0.86751341819763 0
			vertex 3.8516874313354 0.91898536682129 0.16599999368191
			vertex 3.8516874313354 0.86751341819763 0.16599999368191
		endloop
	endfacet
	facet normal -1 0 0
		outer loop
			vertex 3.9146726131439 0.93203002214432 0
			vertex 3.9146726131439 0.84804999828339 0.16599999368191
			vertex 3.9146726131439 0.93203002214432 0.16599999368191
		endloop
	endfacet
	facet normal 0 0 -1
		outer loop
			vertex 3.8531074523926 0.84804999828339 0.16599999368191
			vertex 3.8595154285431 0.87142735719681 0.16599999368191
			vertex 3.8894443511963 0.84804999828339 0.16599999368191
		endloop
	endfacet
	facet normal -0 0 -1
		outer loop
			vertex 3.8595154285431 0.87142735719681 0.16599999368191
			vertex 3.8516874313354 0.86751341819763 0.16599999368191
			vertex 3.8651843070984 0.91403430700302 0.16599999368191
		endloop
	endfacet
	facet normal 0 0 -1
		outer loop
			vertex 3.8894443511963 0.84804999828339 0.16599999368191
			vertex 3.8595154285431 0.87142735719681 0.16599999368191
			vertex 3.871128320694 0.90610885620117 0.16599999368191
		endloop
	endfacet
	facet normal 0 0 -1
		outer loop
			vertex 3.8516874313354 0.86751341819763 0.16599999368191
			vertex 3.8516874313354 0.91898536682129 0.16599999368191
			vertex 3.8651843070984 0.91403430700302 0.16599999368191
		endloop
	endfacet
	facet normal 0 0 -1
		outer loop
			vertex 3.8595154285431 0.87142735719681 0.16599999368191
			vertex 3.8651843070984 0.91403430700302 0.16599999368191
			vertex 3.871128320694 0.90610885620117 0.16599999368191
		endloop
	endfacet
	facet normal 0 0 -1
		outer loop
			vertex 3.871128320694 0.90610885620117 0.16599999368191
			vertex 3.8751151561737 0.92396509647369 0.16599999368191
			vertex 3.8831799030304 0.93203002214432 0.16599999368191
		endloop
	endfacet
	facet normal 0 0 -1
		outer loop
			vertex 3.8894443511963 0.84804999828339 0.16599999368191
			vertex 3.871128320694 0.90610885620117 0.16599999368191
			vertex 3.8952317237854 0.87397110462189 0.16599999368191
		endloop
	endfacet
	facet normal 0 0 -1
		outer loop
			vertex 3.8952317237854 0.87397110462189 0.16599999368191
			vertex 3.9146726131439 0.93203002214432 0.16599999368191
			vertex 3.9146726131439 0.84804999828339 0.16599999368191
		endloop
	endfacet
	facet normal 0 0 -1
		outer loop
			vertex 3.871128320694 0.90610885620117 0.16599999368191
			vertex 3.8831799030304 0.93203002214432 0.16599999368191
			vertex 3.8952317237854 0.87397110462189 0.16599999368191
		endloop
	endfacet
	facet normal 0 0 -1
		outer loop
			vertex 3.8952317237854 0.87397110462189 0.16599999368191
			vertex 3.8831799030304 0.93203002214432 0.16599999368191
			vertex 3.9146726131439 0.93203002214432 0.16599999368191
		endloop
	endfacet
	facet normal 0.89429495754726 0.44747796471507 0
		outer loop
			vertex 3.8132839202881 0.77789223194122 0
			vertex 3.81312251091 0.77821481227875 0
			vertex 3.81312251091 0.77821481227875 0.16599999368191
		endloop
	endfacet
	facet normal -0.44721461120975 0.8944266831443 0
		outer loop
			vertex 3.8132839202881 0.77789223194122 0
			vertex 3.8132839202881 0.77789223194122 0.16599999368191
			vertex 3.8972637653351 0.81988227367401 0
		endloop
	endfacet
	facet normal 0.44721430725475 -0.89442683512217 0
		outer loop
			vertex 3.7917656898499 0.83755248785019 0
			vertex 3.8516874313354 0.86751341819763 0
			vertex 3.8516874313354 0.86751341819763 0.16599999368191
		endloop
	endfacet
	facet normal -0.89455938536493 -0.44694910902195 0
		outer loop
			vertex 3.8971025943756 0.82020485401154 0
			vertex 3.8972637653351 0.81988227367401 0
			vertex 3.8972637653351 0.81988227367401 0.16599999368191
		endloop
	endfacet
	facet normal 0.89429495754726 0.44747796471507 -0
		outer loop
			vertex 3.8132839202881 0.77789223194122 0
			vertex 3.81312251091 0.77821481227875 0.16599999368191
			vertex 3.8132839202881 0.77789223194122 0.16599999368191
		endloop
	endfacet
	facet normal 0.44721430725475 -0.89442683512217 0
		outer loop
			vertex 3.7917656898499 0.83755248785019 0
			vertex 3.8516874313354 0.86751341819763 0.16599999368191
			vertex 3.7917656898499 0.83755248785019 0.16599999368191
		endloop
	endfacet
	facet normal -0.44721461120975 0.8944266831443 0
		outer loop
			vertex 3.8972637653351 0.81988227367401 0
			vertex 3.8132839202881 0.77789223194122 0.16599999368191
			vertex 3.8972637653351 0.81988227367401 0.16599999368191
		endloop
	endfacet
	facet normal -0.89455938536493 -0.44694910902195 0
		outer loop
			vertex 3.8971025943756 0.82020485401154 0
			vertex 3.8972637653351 0.81988227367401 0.16599999368191
			vertex 3.8971025943756 0.82020485401154 0.16599999368191
		endloop
	endfacet
	facet normal 0 0 -1
		outer loop
			vertex 3.8112516403198 0.78195667266846 0.16599999368191
			vertex 3.7992000579834 0.80606001615524 0.16599999368191
			vertex 3.8202135562897 0.79010051488876 0.16599999368191
		endloop
	endfacet
	facet normal 0 0 -1
		outer loop
			vertex 3.81312251091 0.77821481227875 0.16599999368191
			vertex 3.8136773109436 0.77858555316925 0.16599999368191
			vertex 3.8132839202881 0.77789223194122 0.16599999368191
		endloop
	endfacet
	facet normal 0 -0 -1
		outer loop
			vertex 3.8136773109436 0.77858555316925 0.16599999368191
			vertex 3.8972637653351 0.81988227367401 0.16599999368191
			vertex 3.8132839202881 0.77789223194122 0.16599999368191
		endloop
	endfacet
	facet normal 0 0 -1
		outer loop
			vertex 3.8202135562897 0.79010051488876 0.16599999368191
			vertex 3.7992000579834 0.80606001615524 0.16599999368191
			vertex 3.7917656898499 0.83755248785019 0.16599999368191
		endloop
	endfacet
	facet normal 0 0 -1
		outer loop
			vertex 3.8202135562897 0.79010051488876 0.16599999368191
			vertex 3.7917656898499 0.83755248785019 0.16599999368191
			vertex 3.8520560264587 0.84619772434235 0.16599999368191
		endloop
	endfacet
	facet normal 0 0 -1
		outer loop
			vertex 3.7917656898499 0.83755248785019 0.16599999368191
			vertex 3.8516874313354 0.86751341819763 0.16599999368191
			vertex 3.8531074523926 0.84804999828339 0.16599999368191
		endloop
	endfacet
	facet normal 0 0 -1
		outer loop
			vertex 3.7917656898499 0.83755248785019 0.16599999368191
			vertex 3.8531074523926 0.84804999828339 0.16599999368191
			vertex 3.8520560264587 0.84619772434235 0.16599999368191
		endloop
	endfacet
	facet normal 0 -0 -1
		outer loop
			vertex 3.8202135562897 0.79010051488876 0.16599999368191
			vertex 3.8972637653351 0.81988227367401 0.16599999368191
			vertex 3.8136773109436 0.77858555316925 0.16599999368191
		endloop
	endfacet
	facet normal 0 0 -1
		outer loop
			vertex 3.8202135562897 0.79010051488876 0.16599999368191
			vertex 3.884092092514 0.84622579813004 0.16599999368191
			vertex 3.8971025943756 0.82020485401154 0.16599999368191
		endloop
	endfacet
	facet normal 0 0 -1
		outer loop
			vertex 3.8202135562897 0.79010051488876 0.16599999368191
			vertex 3.8971025943756 0.82020485401154 0.16599999368191
			vertex 3.8972637653351 0.81988227367401 0.16599999368191
		endloop
	endfacet
	facet normal 0 0 -1
		outer loop
			vertex 3.8202135562897 0.79010051488876 0.16599999368191
			vertex 3.8520560264587 0.84619772434235 0.16599999368191
			vertex 3.884092092514 0.84622579813004 0.16599999368191
		endloop
	endfacet
	facet normal 0 0 -1
		outer loop
			vertex 3.8531074523926 0.84804999828339 0.16599999368191
			vertex 3.8516874313354 0.86751341819763 0.16599999368191
			vertex 3.8595154285431 0.87142735719681 0.16599999368191
		endloop
	endfacet
	facet normal 0 1 0
		outer loop
			vertex 3.5472600460052 0.77456748485565 0
			vertex 3.5472600460052 0.77456748485565 0.16599999368191
			vertex 3.7992000579834 0.77456748485565 0
		endloop
	endfacet
	facet normal 0 -1 0
		outer loop
			vertex 3.5546944141388 0.83755248785019 0
			vertex 3.7917656898499 0.83755248785019 0
			vertex 3.7917656898499 0.83755248785019 0.16599999368191
		endloop
	endfacet
	facet normal 0 1 -0
		outer loop
			vertex 3.7992000579834 0.77456748485565 0
			vertex 3.5472600460052 0.77456748485565 0.16599999368191
			vertex 3.7992000579834 0.77456748485565 0.16599999368191
		endloop
	endfacet
	facet normal 0 -1 0
		outer loop
			vertex 3.5546944141388 0.83755248785019 0
			vertex 3.7917656898499 0.83755248785019 0.16599999368191
			vertex 3.5546944141388 0.83755248785019 0.16599999368191
		endloop
	endfacet
	facet normal 0 0 -1
		outer loop
			vertex 3.5472600460052 0.77456748485565 0.16599999368191
			vertex 3.5472600460052 0.83242619037628 0.16599999368191
			vertex 3.5608246326447 0.83416134119034 0.16599999368191
		endloop
	endfacet
	facet normal 0 0 -1
		outer loop
			vertex 3.5472600460052 0.77456748485565 0.16599999368191
			vertex 3.5608246326447 0.83416134119034 0.16599999368191
			vertex 3.7992000579834 0.77456748485565 0.16599999368191
		endloop
	endfacet
	facet normal 0 0 -1
		outer loop
			vertex 3.5546944141388 0.83755248785019 0.16599999368191
			vertex 3.7917656898499 0.83755248785019 0.16599999368191
			vertex 3.5608246326447 0.83416134119034 0.16599999368191
		endloop
	endfacet
	facet normal 0 0 -1
		outer loop
			vertex 3.5608246326447 0.83416134119034 0.16599999368191
			vertex 3.7992000579834 0.80606001615524 0.16599999368191
			vertex 3.7992000579834 0.77456748485565 0.16599999368191
		endloop
	endfacet
	facet normal 0 0 -1
		outer loop
			vertex 3.5608246326447 0.83416134119034 0.16599999368191
			vertex 3.7917656898499 0.83755248785019 0.16599999368191
			vertex 3.7992000579834 0.80606001615524 0.16599999368191
		endloop
	endfacet
	facet normal -0.89455938536493 0.44694910902195 0
		outer loop
			vertex 3.5331761837006 0.77789223194122 0
			vertex 3.5331761837006 0.77789223194122 0.16599999368191
			vertex 3.53333735466 0.77821481227875 0
		endloop
	endfacet
	facet normal 0.89429495754726 -0.44747796471507 0
		outer loop
			vertex 3.449196100235 0.81988227367401 0
			vertex 3.449357509613 0.82020485401154 0
			vertex 3.449357509613 0.82020485401154 0.16599999368191
		endloop
	endfacet
	facet normal 0.44721359549996 0.89442719099992 0
		outer loop
			vertex 3.5331761837006 0.77789223194122 0
			vertex 3.449196100235 0.81988227367401 0
			vertex 3.449196100235 0.81988227367401 0.16599999368191
		endloop
	endfacet
	facet normal -0.44721288374715 -0.89442754687597 0
		outer loop
			vertex 3.4947724342346 0.86751341819763 0
			vertex 3.5546944141388 0.83755248785019 0
			vertex 3.5546944141388 0.83755248785019 0.16599999368191
		endloop
	endfacet
	facet normal 0.44721359549996 0.89442719099992 -0
		outer loop
			vertex 3.5331761837006 0.77789223194122 0
			vertex 3.449196100235 0.81988227367401 0.16599999368191
			vertex 3.5331761837006 0.77789223194122 0.16599999368191
		endloop
	endfacet
	facet normal -0.89455938536493 0.44694910902195 0
		outer loop
			vertex 3.53333735466 0.77821481227875 0
			vertex 3.5331761837006 0.77789223194122 0.16599999368191
			vertex 3.53333735466 0.77821481227875 0.16599999368191
		endloop
	endfacet
	facet normal 0.89429495754726 -0.44747796471507 0
		outer loop
			vertex 3.449196100235 0.81988227367401 0
			vertex 3.449357509613 0.82020485401154 0.16599999368191
			vertex 3.449196100235 0.81988227367401 0.16599999368191
		endloop
	endfacet
	facet normal -0.44721288374715 -0.89442754687597 0
		outer loop
			vertex 3.4947724342346 0.86751341819763 0
			vertex 3.5546944141388 0.83755248785019 0.16599999368191
			vertex 3.4947724342346 0.86751341819763 0.16599999368191
		endloop
	endfacet
	facet normal -0 0 -1
		outer loop
			vertex 3.53333735466 0.77821481227875 0.16599999368191
			vertex 3.5331761837006 0.77789223194122 0.16599999368191
			vertex 3.4832365512848 0.82423657178879 0.16599999368191
		endloop
	endfacet
	facet normal 0 -0 -1
		outer loop
			vertex 3.449357509613 0.82020485401154 0.16599999368191
			vertex 3.4497365951538 0.81995141506195 0.16599999368191
			vertex 3.449196100235 0.81988227367401 0.16599999368191
		endloop
	endfacet
	facet normal 0 0 -1
		outer loop
			vertex 3.4592711925507 0.84003233909607 0.16599999368191
			vertex 3.4632799625397 0.84804999828339 0.16599999368191
			vertex 3.4745032787323 0.82311946153641 0.16599999368191
		endloop
	endfacet
	facet normal 0 0 -1
		outer loop
			vertex 3.452041387558 0.82024621963501 0.16599999368191
			vertex 3.4592711925507 0.84003233909607 0.16599999368191
			vertex 3.4745032787323 0.82311946153641 0.16599999368191
		endloop
	endfacet
	facet normal 0 0 -1
		outer loop
			vertex 3.5331761837006 0.77789223194122 0.16599999368191
			vertex 3.449196100235 0.81988227367401 0.16599999368191
			vertex 3.4497365951538 0.81995141506195 0.16599999368191
		endloop
	endfacet
	facet normal 0 0 -1
		outer loop
			vertex 3.5331761837006 0.77789223194122 0.16599999368191
			vertex 3.4497365951538 0.81995141506195 0.16599999368191
			vertex 3.452041387558 0.82024621963501 0.16599999368191
		endloop
	endfacet
	facet normal 0 0 -1
		outer loop
			vertex 3.5331761837006 0.77789223194122 0.16599999368191
			vertex 3.452041387558 0.82024621963501 0.16599999368191
			vertex 3.4745032787323 0.82311946153641 0.16599999368191
		endloop
	endfacet
	facet normal 0 0 -1
		outer loop
			vertex 3.5331761837006 0.77789223194122 0.16599999368191
			vertex 3.4745032787323 0.82311946153641 0.16599999368191
			vertex 3.4832365512848 0.82423657178879 0.16599999368191
		endloop
	endfacet
	facet normal 0 0 -1
		outer loop
			vertex 3.4632799625397 0.84804999828339 0.16599999368191
			vertex 3.4745984077454 0.87068670988083 0.16599999368191
			vertex 3.4745032787323 0.82311946153641 0.16599999368191
		endloop
	endfacet
	facet normal 0 0 -1
		outer loop
			vertex 3.4832365512848 0.82423657178879 0.16599999368191
			vertex 3.475602388382 0.87269461154938 0.16599999368191
			vertex 3.4947724342346 0.86751341819763 0.16599999368191
		endloop
	endfacet
	facet normal 0 0 -1
		outer loop
			vertex 3.4832365512848 0.82423657178879 0.16599999368191
			vertex 3.4947724342346 0.86751341819763 0.16599999368191
			vertex 3.5352082252502 0.83088457584381 0.16599999368191
		endloop
	endfacet
	facet normal 0 -0 -1
		outer loop
			vertex 3.4758770465851 0.87324398756027 0.16599999368191
			vertex 3.4947724342346 0.86751341819763 0.16599999368191
			vertex 3.475602388382 0.87269461154938 0.16599999368191
		endloop
	endfacet
	facet normal 0 0 -1
		outer loop
			vertex 3.53333735466 0.77821481227875 0.16599999368191
			vertex 3.4832365512848 0.82423657178879 0.16599999368191
			vertex 3.5344979763031 0.78053593635559 0.16599999368191
		endloop
	endfacet
	facet normal 0 0 -1
		outer loop
			vertex 3.5344979763031 0.78053593635559 0.16599999368191
			vertex 3.4832365512848 0.82423657178879 0.16599999368191
			vertex 3.5352082252502 0.83088457584381 0.16599999368191
		endloop
	endfacet
	facet normal 0 0 -1
		outer loop
			vertex 3.4947724342346 0.86751341819763 0.16599999368191
			vertex 3.5472600460052 0.83242619037628 0.16599999368191
			vertex 3.5352082252502 0.83088457584381 0.16599999368191
		endloop
	endfacet
	facet normal 0 0 -1
		outer loop
			vertex 3.4947724342346 0.86751341819763 0.16599999368191
			vertex 3.5546944141388 0.83755248785019 0.16599999368191
			vertex 3.5472600460052 0.83242619037628 0.16599999368191
		endloop
	endfacet
	facet normal 0 -0 -1
		outer loop
			vertex 3.5546944141388 0.83755248785019 0.16599999368191
			vertex 3.5608246326447 0.83416134119034 0.16599999368191
			vertex 3.5472600460052 0.83242619037628 0.16599999368191
		endloop
	endfacet
	facet normal 1 0 0
		outer loop
			vertex 3.4317874908447 0.84804999828339 0
			vertex 3.4317874908447 0.93203002214432 0
			vertex 3.4317874908447 0.93203002214432 0.16599999368191
		endloop
	endfacet
	facet normal -1 0 0
		outer loop
			vertex 3.4947724342346 0.86751341819763 0
			vertex 3.4947724342346 0.86751341819763 0.16599999368191
			vertex 3.4947724342346 0.91898536682129 0
		endloop
	endfacet
	facet normal 1 0 0
		outer loop
			vertex 3.4317874908447 0.84804999828339 0
			vertex 3.4317874908447 0.93203002214432 0.16599999368191
			vertex 3.4317874908447 0.84804999828339 0.16599999368191
		endloop
	endfacet
	facet normal -1 0 0
		outer loop
			vertex 3.4947724342346 0.91898536682129 0
			vertex 3.4947724342346 0.86751341819763 0.16599999368191
			vertex 3.4947724342346 0.91898536682129 0.16599999368191
		endloop
	endfacet
	facet normal 0 0 -1
		outer loop
			vertex 3.4317874908447 0.84804999828339 0.16599999368191
			vertex 3.4317874908447 0.93203002214432 0.16599999368191
			vertex 3.4341847896576 0.92669802904129 0.16599999368191
		endloop
	endfacet
	facet normal 0 0 -1
		outer loop
			vertex 3.4317874908447 0.84804999828339 0.16599999368191
			vertex 3.4341847896576 0.92669802904129 0.16599999368191
			vertex 3.4632799625397 0.84804999828339 0.16599999368191
		endloop
	endfacet
	facet normal 0 0 -1
		outer loop
			vertex 3.4341847896576 0.92669802904129 0.16599999368191
			vertex 3.4745984077454 0.87068670988083 0.16599999368191
			vertex 3.4632799625397 0.84804999828339 0.16599999368191
		endloop
	endfacet
	facet normal 0 0 -1
		outer loop
			vertex 3.4341847896576 0.92669802904129 0.16599999368191
			vertex 3.4753315448761 0.87397110462189 0.16599999368191
			vertex 3.4745984077454 0.87068670988083 0.16599999368191
		endloop
	endfacet
	facet normal 0 0 -1
		outer loop
			vertex 3.4341847896576 0.92883372306824 0.16599999368191
			vertex 3.4512283802032 0.90610885620117 0.16599999368191
			vertex 3.4341847896576 0.92669802904129 0.16599999368191
		endloop
	endfacet
	facet normal 0 0 -1
		outer loop
			vertex 3.4341847896576 0.92669802904129 0.16599999368191
			vertex 3.4512283802032 0.90610885620117 0.16599999368191
			vertex 3.4753315448761 0.87397110462189 0.16599999368191
		endloop
	endfacet
	facet normal 0 0 -1
		outer loop
			vertex 3.4512283802032 0.90610885620117 0.16599999368191
			vertex 3.4632799625397 0.93203002214432 0.16599999368191
			vertex 3.4753315448761 0.87397110462189 0.16599999368191
		endloop
	endfacet
	facet normal 0 0 -1
		outer loop
			vertex 3.4512283802032 0.90610885620117 0.16599999368191
			vertex 3.4570157527924 0.93203002214432 0.16599999368191
			vertex 3.4632799625397 0.93203002214432 0.16599999368191
		endloop
	endfacet
	facet normal 0 0 -1
		outer loop
			vertex 3.4753315448761 0.87397110462189 0.16599999368191
			vertex 3.4947724342346 0.86751341819763 0.16599999368191
			vertex 3.4758770465851 0.87324398756027 0.16599999368191
		endloop
	endfacet
	facet normal 0 0 -1
		outer loop
			vertex 3.4753315448761 0.87397110462189 0.16599999368191
			vertex 3.4947724342346 0.91898536682129 0.16599999368191
			vertex 3.4947724342346 0.86751341819763 0.16599999368191
		endloop
	endfacet
	facet normal 0 0 -1
		outer loop
			vertex 3.4753315448761 0.87397110462189 0.16599999368191
			vertex 3.4632799625397 0.93203002214432 0.16599999368191
			vertex 3.4947724342346 0.91898536682129 0.16599999368191
		endloop
	endfacet
	facet normal 0 0 -1
		outer loop
			vertex 3.4947724342346 0.91898536682129 0.16599999368191
			vertex 3.4632799625397 0.93203002214432 0.16599999368191
			vertex 3.4935286045074 0.92577618360519 0.16599999368191
		endloop
	endfacet
	facet normal 0 0 -1
		outer loop
			vertex 3.4632799625397 0.93203002214432 0.16599999368191
			vertex 3.4923753738403 0.93203002214432 0.16599999368191
			vertex 3.4935286045074 0.92577618360519 0.16599999368191
		endloop
	endfacet
	facet normal 0.70710643970364 -0.70710712266929 0
		outer loop
			vertex 3.441011428833 0.95429855585098 0
			vertex 3.5027229785919 1.0160100460052 0
			vertex 3.5027229785919 1.0160100460052 0.16599999368191
		endloop
	endfacet
	facet normal -0.70710645961278 0.70710710276017 0
		outer loop
			vertex 3.4947724342346 0.91898536682129 0
			vertex 3.4947724342346 0.91898536682129 0.16599999368191
			vertex 3.5603046417236 0.98451751470566 0
		endloop
	endfacet
	facet normal 0.70710643970364 -0.70710712266929 0
		outer loop
			vertex 3.441011428833 0.95429855585098 0
			vertex 3.5027229785919 1.0160100460052 0.16599999368191
			vertex 3.441011428833 0.95429855585098 0.16599999368191
		endloop
	endfacet
	facet normal -0.70710645961278 0.70710710276017 0
		outer loop
			vertex 3.5603046417236 0.98451751470566 0
			vertex 3.4947724342346 0.91898536682129 0.16599999368191
			vertex 3.5603046417236 0.98451751470566 0.16599999368191
		endloop
	endfacet
	facet normal 0 0 -1
		outer loop
			vertex 3.441011428833 0.95429855585098 0.16599999368191
			vertex 3.4923753738403 0.93203330039978 0.16599999368191
			vertex 3.4632799625397 0.93203002214432 0.16599999368191
		endloop
	endfacet
	facet normal 0 0 -1
		outer loop
			vertex 3.441011428833 0.95429855585098 0.16599999368191
			vertex 3.4938328266144 0.93675410747528 0.16599999368191
			vertex 3.4923753738403 0.93203330039978 0.16599999368191
		endloop
	endfacet
	facet normal 0 0 -1
		outer loop
			vertex 3.4632799625397 0.93203002214432 0.16599999368191
			vertex 3.4923753738403 0.93203330039978 0.16599999368191
			vertex 3.4923753738403 0.93203002214432 0.16599999368191
		endloop
	endfacet
	facet normal 0 0 -1
		outer loop
			vertex 3.4947724342346 0.91898536682129 0.16599999368191
			vertex 3.4935286045074 0.92577618360519 0.16599999368191
			vertex 3.4944541454315 0.93363052606583 0.16599999368191
		endloop
	endfacet
	facet normal 0 0 -1
		outer loop
			vertex 3.441011428833 0.95429855585098 0.16599999368191
			vertex 3.5145325660706 1.0042003393173 0.16599999368191
			vertex 3.4938328266144 0.93675410747528 0.16599999368191
		endloop
	endfacet
	facet normal 0 0 -1
		outer loop
			vertex 3.441011428833 0.95429855585098 0.16599999368191
			vertex 3.5027229785919 1.0160100460052 0.16599999368191
			vertex 3.5145325660706 1.0042003393173 0.16599999368191
		endloop
	endfacet
	facet normal 0 0 -1
		outer loop
			vertex 3.4938328266144 0.93675410747528 0.16599999368191
			vertex 3.5603046417236 0.98451751470566 0.16599999368191
			vertex 3.4944541454315 0.93363052606583 0.16599999368191
		endloop
	endfacet
	facet normal 0 0 -1
		outer loop
			vertex 3.4947724342346 0.91898536682129 0.16599999368191
			vertex 3.4944541454315 0.93363052606583 0.16599999368191
			vertex 3.5603046417236 0.98451751470566 0.16599999368191
		endloop
	endfacet
	facet normal 0 0 -1
		outer loop
			vertex 3.4938328266144 0.93675410747528 0.16599999368191
			vertex 3.5145325660706 1.0042003393173 0.16599999368191
			vertex 3.5472600460052 1.0160100460052 0.16599999368191
		endloop
	endfacet
	facet normal 0 0 -1
		outer loop
			vertex 3.4938328266144 0.93675410747528 0.16599999368191
			vertex 3.5642757415771 0.9894540309906 0.16599999368191
			vertex 3.5640919208527 0.98842465877533 0.16599999368191
		endloop
	endfacet
	facet normal 0 0 -1
		outer loop
			vertex 3.4938328266144 0.93675410747528 0.16599999368191
			vertex 3.5640919208527 0.98842465877533 0.16599999368191
			vertex 3.5603046417236 0.98451751470566 0.16599999368191
		endloop
	endfacet
	facet normal 0 0 -1
		outer loop
			vertex 3.4938328266144 0.93675410747528 0.16599999368191
			vertex 3.5472600460052 1.0160100460052 0.16599999368191
			vertex 3.5563442707062 1.001832485199 0.16599999368191
		endloop
	endfacet
	facet normal 0 0 -1
		outer loop
			vertex 3.4938328266144 0.93675410747528 0.16599999368191
			vertex 3.5563442707062 1.001832485199 0.16599999368191
			vertex 3.5642757415771 0.9894540309906 0.16599999368191
		endloop
	endfacet
	facet normal 0 -0 -1
		outer loop
			vertex 3.5640919208527 0.98842465877533 0.16599999368191
			vertex 3.5642716884613 0.98848456144333 0.16599999368191
			vertex 3.5603046417236 0.98451751470566 0.16599999368191
		endloop
	endfacet
	facet normal 0 0 -1
		outer loop
			vertex 3.5145325660706 1.0042003393173 0.16599999368191
			vertex 3.5285515785217 1.0203803777695 0.16599999368191
			vertex 3.5472600460052 1.0160100460052 0.16599999368191
		endloop
	endfacet
	facet normal 0 0 -1
		outer loop
			vertex 3.5285515785217 1.0203803777695 0.16599999368191
			vertex 3.5352082252502 1.0280616283417 0.16599999368191
			vertex 3.5472600460052 1.0160100460052 0.16599999368191
		endloop
	endfacet
	facet normal -0.31622726585504 0.94868346477096 0
		outer loop
			vertex 3.7413256168365 1.0475025177002 0
			vertex 3.7413256168365 1.0475025177002 0.16599999368191
			vertex 3.8091588020325 1.0701135396957 0
		endloop
	endfacet
	facet normal 0.31622761617504 -0.94868334799777 0
		outer loop
			vertex 3.5557658672333 1.0520412921906 0
			vertex 3.7821884155273 1.1275154352188 0
			vertex 3.7821884155273 1.1275154352188 0.16599999368191
		endloop
	endfacet
	facet normal -0.94878239274333 -0.31593032652825 0
		outer loop
			vertex 3.8090448379517 1.070455789566 0
			vertex 3.8091588020325 1.0701135396957 0
			vertex 3.8091588020325 1.0701135396957 0.16599999368191
		endloop
	endfacet
	facet normal 0.31622761617504 -0.94868334799777 0
		outer loop
			vertex 3.5557658672333 1.0520412921906 0
			vertex 3.7821884155273 1.1275154352188 0.16599999368191
			vertex 3.5557658672333 1.0520412921906 0.16599999368191
		endloop
	endfacet
	facet normal -0.31622726585504 0.94868346477096 0
		outer loop
			vertex 3.8091588020325 1.0701135396957 0
			vertex 3.7413256168365 1.0475025177002 0.16599999368191
			vertex 3.8091588020325 1.0701135396957 0.16599999368191
		endloop
	endfacet
	facet normal -0.94878239274333 -0.31593032652825 0
		outer loop
			vertex 3.8090448379517 1.070455789566 0
			vertex 3.8091588020325 1.0701135396957 0.16599999368191
			vertex 3.8090448379517 1.070455789566 0.16599999368191
		endloop
	endfacet
	facet normal 0 -0 -1
		outer loop
			vertex 3.5642757415771 0.9894540309906 0.16599999368191
			vertex 3.5653750896454 0.98885232210159 0.16599999368191
			vertex 3.5642716884613 0.98848456144333 0.16599999368191
		endloop
	endfacet
	facet normal 0 0 -1
		outer loop
			vertex 3.5642757415771 0.9894540309906 0.16599999368191
			vertex 3.5642716884613 0.98848456144333 0.16599999368191
			vertex 3.5640919208527 0.98842465877533 0.16599999368191
		endloop
	endfacet
	facet normal 0 0 -1
		outer loop
			vertex 3.5408670902252 1.0470750331879 0.16599999368191
			vertex 3.5506596565247 1.0304112434387 0.16599999368191
			vertex 3.5472600460052 1.0160100460052 0.16599999368191
		endloop
	endfacet
	facet normal 0 0 -1
		outer loop
			vertex 3.5408670902252 1.0470750331879 0.16599999368191
			vertex 3.5557658672333 1.0520412921906 0.16599999368191
			vertex 3.5506596565247 1.0304112434387 0.16599999368191
		endloop
	endfacet
	facet normal 0 0 -1
		outer loop
			vertex 3.5533723831177 1.016774058342 0.16599999368191
			vertex 3.5506596565247 1.0304112434387 0.16599999368191
			vertex 3.6472902297974 1.0285137891769 0.16599999368191
		endloop
	endfacet
	facet normal 0 0 -1
		outer loop
			vertex 3.6472902297974 1.0285137891769 0.16599999368191
			vertex 3.7747867107391 1.0885031223297 0.16599999368191
			vertex 3.7413256168365 1.0475025177002 0.16599999368191
		endloop
	endfacet
	facet normal 0 0 -1
		outer loop
			vertex 3.5506596565247 1.0304112434387 0.16599999368191
			vertex 3.5557658672333 1.0520412921906 0.16599999368191
			vertex 3.7769191265106 1.1222401857376 0.16599999368191
		endloop
	endfacet
	facet normal 0 0 -1
		outer loop
			vertex 3.5506596565247 1.0304112434387 0.16599999368191
			vertex 3.7769191265106 1.1222401857376 0.16599999368191
			vertex 3.6472902297974 1.0285137891769 0.16599999368191
		endloop
	endfacet
	facet normal 0 0 -1
		outer loop
			vertex 3.5557658672333 1.0520412921906 0.16599999368191
			vertex 3.7821884155273 1.1275154352188 0.16599999368191
			vertex 3.7769968509674 1.1223022937775 0.16599999368191
		endloop
	endfacet
	facet normal 0 0 -1
		outer loop
			vertex 3.5557658672333 1.0520412921906 0.16599999368191
			vertex 3.7769968509674 1.1223022937775 0.16599999368191
			vertex 3.7769191265106 1.1222401857376 0.16599999368191
		endloop
	endfacet
	facet normal 0 0 -1
		outer loop
			vertex 3.6472902297974 1.0285137891769 0.16599999368191
			vertex 3.7769191265106 1.1222401857376 0.16599999368191
			vertex 3.7769112586975 1.1222282648087 0.16599999368191
		endloop
	endfacet
	facet normal 0 0 -1
		outer loop
			vertex 3.6472902297974 1.0285137891769 0.16599999368191
			vertex 3.7769112586975 1.1222282648087 0.16599999368191
			vertex 3.7747867107391 1.0885031223297 0.16599999368191
		endloop
	endfacet
	facet normal 0 0 -1
		outer loop
			vertex 3.7413256168365 1.0475025177002 0.16599999368191
			vertex 3.7747867107391 1.0885031223297 0.16599999368191
			vertex 3.8090448379517 1.070455789566 0.16599999368191
		endloop
	endfacet
	facet normal 0 0 -1
		outer loop
			vertex 3.7413256168365 1.0475025177002 0.16599999368191
			vertex 3.8090448379517 1.070455789566 0.16599999368191
			vertex 3.8091588020325 1.0701135396957 0.16599999368191
		endloop
	endfacet
	facet normal 0 0 -1
		outer loop
			vertex 3.7747867107391 1.0885031223297 0.16599999368191
			vertex 3.7992000579834 1.0999900102615 0.16599999368191
			vertex 3.8090448379517 1.070455789566 0.16599999368191
		endloop
	endfacet
	facet normal -0 0 -1
		outer loop
			vertex 3.7769341468811 1.1222449541092 0.16599999368191
			vertex 3.7769191265106 1.1222401857376 0.16599999368191
			vertex 3.7769968509674 1.1223022937775 0.16599999368191
		endloop
	endfacet
	facet normal -0.70710627931882 0.70710728305392 0
		outer loop
			vertex 3.8214685916901 1.0777214765549 0
			vertex 3.8214685916901 1.0777214765549 0.16599999368191
			vertex 3.9054486751556 1.1617014408112 0
		endloop
	endfacet
	facet normal 0.70710752774956 -0.70710603462275 0
		outer loop
			vertex 3.7821884155273 1.1275154352188 0
			vertex 3.8386428356171 1.1839699745178 0
			vertex 3.8386428356171 1.1839699745178 0.16599999368191
		endloop
	endfacet
	facet normal 0.70710752774956 -0.70710603462275 0
		outer loop
			vertex 3.7821884155273 1.1275154352188 0
			vertex 3.8386428356171 1.1839699745178 0.16599999368191
			vertex 3.7821884155273 1.1275154352188 0.16599999368191
		endloop
	endfacet
	facet normal -0.70710627931882 0.70710728305392 0
		outer loop
			vertex 3.9054486751556 1.1617014408112 0
			vertex 3.8214685916901 1.0777214765549 0.16599999368191
			vertex 3.9054486751556 1.1617014408112 0.16599999368191
		endloop
	endfacet
	facet normal 0 0 -1
		outer loop
			vertex 3.7769968509674 1.1223022937775 0.16599999368191
			vertex 3.7821884155273 1.1275154352188 0.16599999368191
			vertex 3.7871482372284 1.1194900274277 0.16599999368191
		endloop
	endfacet
	facet normal 0 0 -1
		outer loop
			vertex 3.7871482372284 1.1194900274277 0.16599999368191
			vertex 3.7821884155273 1.1275154352188 0.16599999368191
			vertex 3.8124883174896 1.1228684186935 0.16599999368191
		endloop
	endfacet
	facet normal 0 0 -1
		outer loop
			vertex 3.7992000579834 1.0999900102615 0.16599999368191
			vertex 3.7871482372284 1.1194900274277 0.16599999368191
			vertex 3.8124883174896 1.1228684186935 0.16599999368191
		endloop
	endfacet
	facet normal 0 0 -1
		outer loop
			vertex 3.8214685916901 1.0777214765549 0.16599999368191
			vertex 3.8124883174896 1.1228684186935 0.16599999368191
			vertex 3.9054486751556 1.1617014408112 0.16599999368191
		endloop
	endfacet
	facet normal 0 0 -1
		outer loop
			vertex 3.7821884155273 1.1275154352188 0.16599999368191
			vertex 3.8386428356171 1.1839699745178 0.16599999368191
			vertex 3.8124883174896 1.1228684186935 0.16599999368191
		endloop
	endfacet
	facet normal 0 0 -1
		outer loop
			vertex 3.8124883174896 1.1228684186935 0.16599999368191
			vertex 3.8386428356171 1.1839699745178 0.16599999368191
			vertex 3.8459248542786 1.1804361343384 0.16599999368191
		endloop
	endfacet
	facet normal 0 0 -1
		outer loop
			vertex 3.8124883174896 1.1228684186935 0.16599999368191
			vertex 3.8459248542786 1.1804361343384 0.16599999368191
			vertex 3.8510327339172 1.1740508079529 0.16599999368191
		endloop
	endfacet
	facet normal 0 0 -1
		outer loop
			vertex 3.8124883174896 1.1228684186935 0.16599999368191
			vertex 3.8510327339172 1.1740508079529 0.16599999368191
			vertex 3.8793354034424 1.1878144741058 0.16599999368191
		endloop
	endfacet
	facet normal 0 0 -1
		outer loop
			vertex 3.8124883174896 1.1228684186935 0.16599999368191
			vertex 3.8793354034424 1.1878144741058 0.16599999368191
			vertex 3.9054486751556 1.1617014408112 0.16599999368191
		endloop
	endfacet
	facet normal 0 0 -1
		outer loop
			vertex 3.8510327339172 1.1740508079529 0.16599999368191
			vertex 3.8573091030121 1.194501042366 0.16599999368191
			vertex 3.8793354034424 1.1878144741058 0.16599999368191
		endloop
	endfacet
	facet normal 0.70710758417542 0.70710597819676 0
		outer loop
			vertex 3.8386428356171 1.1839699745178 0
			vertex 3.786155462265 1.2364574670792 0
			vertex 3.786155462265 1.2364574670792 0.16599999368191
		endloop
	endfacet
	facet normal -0.70710678118655 -0.70710678118655 0
		outer loop
			vertex 3.8214685916901 1.2902185916901 0
			vertex 3.9054486751556 1.2062385082245 0
			vertex 3.9054486751556 1.2062385082245 0.16599999368191
		endloop
	endfacet
	facet normal 0.70710758417542 0.70710597819676 -0
		outer loop
			vertex 3.8386428356171 1.1839699745178 0
			vertex 3.786155462265 1.2364574670792 0.16599999368191
			vertex 3.8386428356171 1.1839699745178 0.16599999368191
		endloop
	endfacet
	facet normal -0.70710678118655 -0.70710678118655 0
		outer loop
			vertex 3.8214685916901 1.2902185916901 0
			vertex 3.9054486751556 1.2062385082245 0.16599999368191
			vertex 3.8214685916901 1.2902185916901 0.16599999368191
		endloop
	endfacet
	facet normal 0 0 -1
		outer loop
			vertex 3.8459248542786 1.1804361343384 0.16599999368191
			vertex 3.8573091030121 1.194501042366 0.16599999368191
			vertex 3.8510327339172 1.1740508079529 0.16599999368191
		endloop
	endfacet
	facet normal 0 0 -1
		outer loop
			vertex 3.8386428356171 1.1839699745178 0.16599999368191
			vertex 3.786155462265 1.2364574670792 0.16599999368191
			vertex 3.7987413406372 1.2387630939484 0.16599999368191
		endloop
	endfacet
	facet normal 0 0 -1
		outer loop
			vertex 3.8386428356171 1.1839699745178 0.16599999368191
			vertex 3.7987413406372 1.2387630939484 0.16599999368191
			vertex 3.7992000579834 1.2388470172882 0.16599999368191
		endloop
	endfacet
	facet normal 0 0 -1
		outer loop
			vertex 3.8386428356171 1.1839699745178 0.16599999368191
			vertex 3.7992000579834 1.2388470172882 0.16599999368191
			vertex 3.8459248542786 1.1804361343384 0.16599999368191
		endloop
	endfacet
	facet normal 0 0 -1
		outer loop
			vertex 3.8459248542786 1.1804361343384 0.16599999368191
			vertex 3.7992000579834 1.2388470172882 0.16599999368191
			vertex 3.8573091030121 1.194501042366 0.16599999368191
		endloop
	endfacet
	facet normal 0 0 -1
		outer loop
			vertex 3.7992000579834 1.2388470172882 0.16599999368191
			vertex 3.7992000579834 1.2579972743988 0.16599999368191
			vertex 3.8831799030304 1.2130728960037 0.16599999368191
		endloop
	endfacet
	facet normal 0 0 -1
		outer loop
			vertex 3.8064000606537 1.2632451057434 0.16599999368191
			vertex 3.8044250011444 1.2731750011444 0.16599999368191
			vertex 3.8831799030304 1.2130728960037 0.16599999368191
		endloop
	endfacet
	facet normal 0 0 -1
		outer loop
			vertex 3.7992000579834 1.2579972743988 0.16599999368191
			vertex 3.8064000606537 1.2632451057434 0.16599999368191
			vertex 3.8831799030304 1.2130728960037 0.16599999368191
		endloop
	endfacet
	facet normal 0 0 -1
		outer loop
			vertex 3.7992000579834 1.2388470172882 0.16599999368191
			vertex 3.8831799030304 1.2130728960037 0.16599999368191
			vertex 3.8573091030121 1.194501042366 0.16599999368191
		endloop
	endfacet
	facet normal 0 0 -1
		outer loop
			vertex 3.8793354034424 1.1878144741058 0.16599999368191
			vertex 3.8573091030121 1.194501042366 0.16599999368191
			vertex 3.8831799030304 1.2130728960037 0.16599999368191
		endloop
	endfacet
	facet normal 0 0 -1
		outer loop
			vertex 3.8214685916901 1.2902185916901 0.16599999368191
			vertex 3.9054486751556 1.2062385082245 0.16599999368191
			vertex 3.8831799030304 1.2130728960037 0.16599999368191
		endloop
	endfacet
	facet normal 0 0 -1
		outer loop
			vertex 3.8044250011444 1.2731750011444 0.16599999368191
			vertex 3.8214685916901 1.2902185916901 0.16599999368191
			vertex 3.8831799030304 1.2130728960037 0.16599999368191
		endloop
	endfacet
	facet normal 0 1 0
		outer loop
			vertex 3.5603046417236 1.2364574670792 0
			vertex 3.5603046417236 1.2364574670792 0.16599999368191
			vertex 3.786155462265 1.2364574670792 0
		endloop
	endfacet
	facet normal 0 -1 0
		outer loop
			vertex 3.5472600460052 1.2994425296783 0
			vertex 3.7992000579834 1.2994425296783 0
			vertex 3.7992000579834 1.2994425296783 0.16599999368191
		endloop
	endfacet
	facet normal 0 -1 0
		outer loop
			vertex 3.5472600460052 1.2994425296783 0
			vertex 3.7992000579834 1.2994425296783 0.16599999368191
			vertex 3.5472600460052 1.2994425296783 0.16599999368191
		endloop
	endfacet
	facet normal 0 1 -0
		outer loop
			vertex 3.786155462265 1.2364574670792 0
			vertex 3.5603046417236 1.2364574670792 0.16599999368191
			vertex 3.786155462265 1.2364574670792 0.16599999368191
		endloop
	endfacet
	facet normal 0 0 -1
		outer loop
			vertex 3.5603046417236 1.2364574670792 0.16599999368191
			vertex 3.5646529197693 1.2408057451248 0.16599999368191
			vertex 3.786155462265 1.2364574670792 0.16599999368191
		endloop
	endfacet
	facet normal 0 0 -1
		outer loop
			vertex 3.5646529197693 1.2408057451248 0.16599999368191
			vertex 3.5472600460052 1.2679500579834 0.16599999368191
			vertex 3.7992000579834 1.2994425296783 0.16599999368191
		endloop
	endfacet
	facet normal 0 0 -1
		outer loop
			vertex 3.5472600460052 1.2679500579834 0.16599999368191
			vertex 3.5472600460052 1.2790087461472 0.16599999368191
			vertex 3.7992000579834 1.2994425296783 0.16599999368191
		endloop
	endfacet
	facet normal 0 0 -1
		outer loop
			vertex 3.5472600460052 1.2790087461472 0.16599999368191
			vertex 3.5472600460052 1.2994425296783 0.16599999368191
			vertex 3.7992000579834 1.2994425296783 0.16599999368191
		endloop
	endfacet
	facet normal 0 0 -1
		outer loop
			vertex 3.5646529197693 1.2408057451248 0.16599999368191
			vertex 3.7992000579834 1.2579972743988 0.16599999368191
			vertex 3.786155462265 1.2364574670792 0.16599999368191
		endloop
	endfacet
	facet normal 0 0 -1
		outer loop
			vertex 3.5646529197693 1.2408057451248 0.16599999368191
			vertex 3.7992000579834 1.2994425296783 0.16599999368191
			vertex 3.7992000579834 1.2579972743988 0.16599999368191
		endloop
	endfacet
	facet normal 0 0 -1
		outer loop
			vertex 3.786155462265 1.2364574670792 0.16599999368191
			vertex 3.7992000579834 1.2579972743988 0.16599999368191
			vertex 3.7987413406372 1.2387630939484 0.16599999368191
		endloop
	endfacet
	facet normal 0.55557303670478 -0.83146773893316 0
		outer loop
			vertex 3.5249915122986 1.2902185916901 0
			vertex 3.5352082252502 1.2970452308655 0
			vertex 3.5352082252502 1.2970452308655 0.16599999368191
		endloop
	endfacet
	facet normal 0.55557303670478 -0.83146773893316 0
		outer loop
			vertex 3.5249915122986 1.2902185916901 0
			vertex 3.5352082252502 1.2970452308655 0.16599999368191
			vertex 3.5249915122986 1.2902185916901 0.16599999368191
		endloop
	endfacet
	facet normal 0 0 -1
		outer loop
			vertex 3.5352082252502 1.2800016403198 0.16599999368191
			vertex 3.5249915122986 1.2902185916901 0.16599999368191
			vertex 3.5352082252502 1.2970452308655 0.16599999368191
		endloop
	endfacet
	facet normal 0 0 -1
		outer loop
			vertex 3.5394403934479 1.2757697105408 0.16599999368191
			vertex 3.5472600460052 1.2790087461472 0.16599999368191
			vertex 3.5472600460052 1.2679500579834 0.16599999368191
		endloop
	endfacet
	facet normal 0.83147073341289 -0.55556855515574 0
		outer loop
			vertex 3.441011428833 1.2062385082245 0
			vertex 3.441011428833 1.2062385082245 0.16599999368191
			vertex 3.4341847896576 1.1960216760635 0
		endloop
	endfacet
	facet normal 0.98078424756123 -0.19509551439169 0
		outer loop
			vertex 3.4317874908447 1.1839699745178 0
			vertex 3.4341847896576 1.1960216760635 0
			vertex 3.4341847896576 1.1960216760635 0.16599999368191
		endloop
	endfacet
	facet normal 0.98078424756123 -0.19509551439169 0
		outer loop
			vertex 3.4317874908447 1.1839699745178 0
			vertex 3.4341847896576 1.1960216760635 0.16599999368191
			vertex 3.4317874908447 1.1839699745178 0.16599999368191
		endloop
	endfacet
	facet normal 0.83147073341289 -0.55556855515574 0
		outer loop
			vertex 3.4341847896576 1.1960216760635 0
			vertex 3.441011428833 1.2062385082245 0.16599999368191
			vertex 3.4341847896576 1.1960216760635 0.16599999368191
		endloop
	endfacet
	facet normal 0 0 -1
		outer loop
			vertex 3.4317874908447 1.1839699745178 0.16599999368191
			vertex 3.441011428833 1.2062385082245 0.16599999368191
			vertex 3.4512283802032 1.1580488681793 0.16599999368191
		endloop
	endfacet
	facet normal 0 0 -1
		outer loop
			vertex 3.441011428833 1.2062385082245 0.16599999368191
			vertex 3.4570157527924 1.1839699745178 0.16599999368191
			vertex 3.4512283802032 1.1580488681793 0.16599999368191
		endloop
	endfacet
	facet normal 0 0 -1
		outer loop
			vertex 3.4570157527924 1.1839699745178 0.16599999368191
			vertex 3.4616875648499 1.1855623722076 0.16599999368191
			vertex 3.4923830032349 1.1839699745178 0.16599999368191
		endloop
	endfacet
	facet normal 0 0 -1
		outer loop
			vertex 3.4317874908447 1.1839699745178 0.16599999368191
			vertex 3.4341847896576 1.1960216760635 0.16599999368191
			vertex 3.441011428833 1.2062385082245 0.16599999368191
		endloop
	endfacet
	facet normal 0 0 -1
		outer loop
			vertex 3.441011428833 1.2062385082245 0.16599999368191
			vertex 3.4616875648499 1.1855623722076 0.16599999368191
			vertex 3.4570157527924 1.1839699745178 0.16599999368191
		endloop
	endfacet
	facet normal 0.98078424756123 0.19509551439169 0
		outer loop
			vertex 3.4341847896576 1.0879383087158 0
			vertex 3.4317874908447 1.0999900102615 0
			vertex 3.4317874908447 1.0999900102615 0.16599999368191
		endloop
	endfacet
	facet normal 0.83147073341289 0.55556855515574 -0
		outer loop
			vertex 3.4341847896576 1.0879383087158 0
			vertex 3.4341847896576 1.0879383087158 0.16599999368191
			vertex 3.441011428833 1.0777214765549 0
		endloop
	endfacet
	facet normal 0.83147073341289 0.55556855515574 -0
		outer loop
			vertex 3.441011428833 1.0777214765549 0
			vertex 3.4341847896576 1.0879383087158 0.16599999368191
			vertex 3.441011428833 1.0777214765549 0.16599999368191
		endloop
	endfacet
	facet normal 0.98078424756123 0.19509551439169 -0
		outer loop
			vertex 3.4341847896576 1.0879383087158 0
			vertex 3.4317874908447 1.0999900102615 0.16599999368191
			vertex 3.4341847896576 1.0879383087158 0.16599999368191
		endloop
	endfacet
	facet normal 0 0 -1
		outer loop
			vertex 3.4341847896576 1.0879383087158 0.16599999368191
			vertex 3.4317874908447 1.0999900102615 0.16599999368191
			vertex 3.441011428833 1.0777214765549 0.16599999368191
		endloop
	endfacet
	facet normal 0 0 -1
		outer loop
			vertex 3.441011428833 1.0777214765549 0.16599999368191
			vertex 3.4317874908447 1.0999900102615 0.16599999368191
			vertex 3.4632799625397 1.0999900102615 0.16599999368191
		endloop
	endfacet
	facet normal 0 0 -1
		outer loop
			vertex 3.4713449478149 1.1080548763275 0.16599999368191
			vertex 3.4753315448761 1.1259111166 0.16599999368191
			vertex 3.4812757968903 1.1179857254028 0.16599999368191
		endloop
	endfacet
	facet normal -0 0 -1
		outer loop
			vertex 3.5533723831177 1.016774058342 0.16599999368191
			vertex 3.5472600460052 1.0160100460052 0.16599999368191
			vertex 3.5506596565247 1.0304112434387 0.16599999368191
		endloop
	endfacet
	facet normal 0 0 -1
		outer loop
			vertex 3.5563442707062 1.001832485199 0.16599999368191
			vertex 3.5472600460052 1.0160100460052 0.16599999368191
			vertex 3.5533723831177 1.016774058342 0.16599999368191
		endloop
	endfacet
	facet normal -0.55556407366285 -0.83147372782015 0
		outer loop
			vertex 3.8112516403198 1.0451052188873 0
			vertex 3.8214685916901 1.0382785797119 0
			vertex 3.8214685916901 1.0382785797119 0.16599999368191
		endloop
	endfacet
	facet normal -0.1950973707424 -0.98078387829807 0
		outer loop
			vertex 3.7992000579834 1.0475025177002 0
			vertex 3.8112516403198 1.0451052188873 0
			vertex 3.8112516403198 1.0451052188873 0.16599999368191
		endloop
	endfacet
	facet normal -0.1950973707424 -0.98078387829807 0
		outer loop
			vertex 3.7992000579834 1.0475025177002 0
			vertex 3.8112516403198 1.0451052188873 0.16599999368191
			vertex 3.7992000579834 1.0475025177002 0.16599999368191
		endloop
	endfacet
	facet normal -0.55556407366285 -0.83147372782015 0
		outer loop
			vertex 3.8112516403198 1.0451052188873 0
			vertex 3.8214685916901 1.0382785797119 0.16599999368191
			vertex 3.8112516403198 1.0451052188873 0.16599999368191
		endloop
	endfacet
	facet normal 0 0 -1
		outer loop
			vertex 3.7992000579834 0.9869070649147 0.16599999368191
			vertex 3.7992000579834 1.0475025177002 0.16599999368191
			vertex 3.8044250011444 1.0212349891663 0.16599999368191
		endloop
	endfacet
	facet normal 0 0 -1
		outer loop
			vertex 3.7992000579834 1.0475025177002 0.16599999368191
			vertex 3.8112516403198 1.0451052188873 0.16599999368191
			vertex 3.8044250011444 1.0212349891663 0.16599999368191
		endloop
	endfacet
	facet normal 0 0 -1
		outer loop
			vertex 3.8044250011444 1.0212349891663 0.16599999368191
			vertex 3.8112516403198 1.0451052188873 0.16599999368191
			vertex 3.8214685916901 1.0382785797119 0.16599999368191
		endloop
	endfacet
	facet normal -0.98078406293097 -0.19509644256272 0
		outer loop
			vertex 3.9122753143311 0.94408166408539 0
			vertex 3.9146726131439 0.93203002214432 0
			vertex 3.9146726131439 0.93203002214432 0.16599999368191
		endloop
	endfacet
	facet normal -0.83147223062558 -0.55556631440228 0
		outer loop
			vertex 3.9054486751556 0.95429855585098 0
			vertex 3.9122753143311 0.94408166408539 0
			vertex 3.9122753143311 0.94408166408539 0.16599999368191
		endloop
	endfacet
	facet normal -0.98078406293097 -0.19509644256272 0
		outer loop
			vertex 3.9122753143311 0.94408166408539 0
			vertex 3.9146726131439 0.93203002214432 0.16599999368191
			vertex 3.9122753143311 0.94408166408539 0.16599999368191
		endloop
	endfacet
	facet normal -0.83147223062558 -0.55556631440228 0
		outer loop
			vertex 3.9054486751556 0.95429855585098 0
			vertex 3.9122753143311 0.94408166408539 0.16599999368191
			vertex 3.9054486751556 0.95429855585098 0.16599999368191
		endloop
	endfacet
	facet normal 0 0 -1
		outer loop
			vertex 3.871128320694 0.90610885620117 0.16599999368191
			vertex 3.8651843070984 0.91403430700302 0.16599999368191
			vertex 3.8751151561737 0.92396509647369 0.16599999368191
		endloop
	endfacet
	facet normal 0 0 -1
		outer loop
			vertex 3.8831799030304 0.93203002214432 0.16599999368191
			vertex 3.9054486751556 0.95429855585098 0.16599999368191
			vertex 3.9146726131439 0.93203002214432 0.16599999368191
		endloop
	endfacet
	facet normal 0 0 -1
		outer loop
			vertex 3.9054486751556 0.95429855585098 0.16599999368191
			vertex 3.9122753143311 0.94408166408539 0.16599999368191
			vertex 3.9146726131439 0.93203002214432 0.16599999368191
		endloop
	endfacet
	facet normal -0.55556594059347 0.83147248039397 0
		outer loop
			vertex 3.8971025943756 0.82020485401154 0
			vertex 3.8971025943756 0.82020485401154 0.16599999368191
			vertex 3.9054486751556 0.82578146457672 0
		endloop
	endfacet
	facet normal -0.98078406293097 0.19509644256272 0
		outer loop
			vertex 3.9122753143311 0.83599835634232 0
			vertex 3.9122753143311 0.83599835634232 0.16599999368191
			vertex 3.9146726131439 0.84804999828339 0
		endloop
	endfacet
	facet normal -0.83147223062558 0.55556631440228 0
		outer loop
			vertex 3.9054486751556 0.82578146457672 0
			vertex 3.9054486751556 0.82578146457672 0.16599999368191
			vertex 3.9122753143311 0.83599835634232 0
		endloop
	endfacet
	facet normal -0.55556594059347 0.83147248039397 0
		outer loop
			vertex 3.9054486751556 0.82578146457672 0
			vertex 3.8971025943756 0.82020485401154 0.16599999368191
			vertex 3.9054486751556 0.82578146457672 0.16599999368191
		endloop
	endfacet
	facet normal -0.83147223062558 0.55556631440228 0
		outer loop
			vertex 3.9122753143311 0.83599835634232 0
			vertex 3.9054486751556 0.82578146457672 0.16599999368191
			vertex 3.9122753143311 0.83599835634232 0.16599999368191
		endloop
	endfacet
	facet normal -0.98078406293097 0.19509644256272 0
		outer loop
			vertex 3.9146726131439 0.84804999828339 0
			vertex 3.9122753143311 0.83599835634232 0.16599999368191
			vertex 3.9146726131439 0.84804999828339 0.16599999368191
		endloop
	endfacet
	facet normal 0 -0 -1
		outer loop
			vertex 3.8531074523926 0.84804999828339 0.16599999368191
			vertex 3.884092092514 0.84622579813004 0.16599999368191
			vertex 3.8520560264587 0.84619772434235 0.16599999368191
		endloop
	endfacet
	facet normal 0 0 -1
		outer loop
			vertex 3.8531074523926 0.84804999828339 0.16599999368191
			vertex 3.8894443511963 0.84804999828339 0.16599999368191
			vertex 3.884092092514 0.84622579813004 0.16599999368191
		endloop
	endfacet
	facet normal 0 0 -1
		outer loop
			vertex 3.8971025943756 0.82020485401154 0.16599999368191
			vertex 3.884092092514 0.84622579813004 0.16599999368191
			vertex 3.8894443511963 0.84804999828339 0.16599999368191
		endloop
	endfacet
	facet normal 0 0 -1
		outer loop
			vertex 3.8971025943756 0.82020485401154 0.16599999368191
			vertex 3.8952317237854 0.87397110462189 0.16599999368191
			vertex 3.9054486751556 0.82578146457672 0.16599999368191
		endloop
	endfacet
	facet normal 0 0 -1
		outer loop
			vertex 3.8971025943756 0.82020485401154 0.16599999368191
			vertex 3.8894443511963 0.84804999828339 0.16599999368191
			vertex 3.8952317237854 0.87397110462189 0.16599999368191
		endloop
	endfacet
	facet normal 0 0 -1
		outer loop
			vertex 3.9054486751556 0.82578146457672 0.16599999368191
			vertex 3.9146726131439 0.84804999828339 0.16599999368191
			vertex 3.9122753143311 0.83599835634232 0.16599999368191
		endloop
	endfacet
	facet normal 0 0 -1
		outer loop
			vertex 3.8952317237854 0.87397110462189 0.16599999368191
			vertex 3.9146726131439 0.84804999828339 0.16599999368191
			vertex 3.9054486751556 0.82578146457672 0.16599999368191
		endloop
	endfacet
	facet normal -0.19509270461488 0.98078480647186 0
		outer loop
			vertex 3.7992000579834 0.77456748485565 0
			vertex 3.7992000579834 0.77456748485565 0.16599999368191
			vertex 3.8112516403198 0.77696472406387 0
		endloop
	endfacet
	facet normal -0.55557405896653 0.83146705587381 0
		outer loop
			vertex 3.8112516403198 0.77696472406387 0
			vertex 3.8112516403198 0.77696472406387 0.16599999368191
			vertex 3.81312251091 0.77821481227875 0
		endloop
	endfacet
	facet normal -0.19509270461488 0.98078480647186 0
		outer loop
			vertex 3.8112516403198 0.77696472406387 0
			vertex 3.7992000579834 0.77456748485565 0.16599999368191
			vertex 3.8112516403198 0.77696472406387 0.16599999368191
		endloop
	endfacet
	facet normal -0.55557405896653 0.83146705587381 0
		outer loop
			vertex 3.81312251091 0.77821481227875 0
			vertex 3.8112516403198 0.77696472406387 0.16599999368191
			vertex 3.81312251091 0.77821481227875 0.16599999368191
		endloop
	endfacet
	facet normal 0 0 -1
		outer loop
			vertex 3.7992000579834 0.77456748485565 0.16599999368191
			vertex 3.7992000579834 0.80606001615524 0.16599999368191
			vertex 3.8112516403198 0.78195667266846 0.16599999368191
		endloop
	endfacet
	facet normal 0 0 -1
		outer loop
			vertex 3.8112516403198 0.78195667266846 0.16599999368191
			vertex 3.81312251091 0.77821481227875 0.16599999368191
			vertex 3.8112516403198 0.77696472406387 0.16599999368191
		endloop
	endfacet
	facet normal 0 0 -1
		outer loop
			vertex 3.7992000579834 0.77456748485565 0.16599999368191
			vertex 3.8112516403198 0.78195667266846 0.16599999368191
			vertex 3.8112516403198 0.77696472406387 0.16599999368191
		endloop
	endfacet
	facet normal 0 0 -1
		outer loop
			vertex 3.8112516403198 0.78195667266846 0.16599999368191
			vertex 3.8202135562897 0.79010051488876 0.16599999368191
			vertex 3.8136773109436 0.77858555316925 0.16599999368191
		endloop
	endfacet
	facet normal 0 0 -1
		outer loop
			vertex 3.8112516403198 0.78195667266846 0.16599999368191
			vertex 3.8136773109436 0.77858555316925 0.16599999368191
			vertex 3.81312251091 0.77821481227875 0.16599999368191
		endloop
	endfacet
	facet normal 0.19508899202984 0.98078554495301 -0
		outer loop
			vertex 3.5352082252502 0.77696472406387 0
			vertex 3.5352082252502 0.77696472406387 0.16599999368191
			vertex 3.5472600460052 0.77456748485565 0
		endloop
	endfacet
	facet normal 0.55557405896653 0.83146705587381 -0
		outer loop
			vertex 3.53333735466 0.77821481227875 0
			vertex 3.53333735466 0.77821481227875 0.16599999368191
			vertex 3.5352082252502 0.77696472406387 0
		endloop
	endfacet
	facet normal 0.19508899202984 0.98078554495301 -0
		outer loop
			vertex 3.5472600460052 0.77456748485565 0
			vertex 3.5352082252502 0.77696472406387 0.16599999368191
			vertex 3.5472600460052 0.77456748485565 0.16599999368191
		endloop
	endfacet
	facet normal 0.55557405896653 0.83146705587381 -0
		outer loop
			vertex 3.5352082252502 0.77696472406387 0
			vertex 3.53333735466 0.77821481227875 0.16599999368191
			vertex 3.5352082252502 0.77696472406387 0.16599999368191
		endloop
	endfacet
	facet normal 0 0 -1
		outer loop
			vertex 3.53333735466 0.77821481227875 0.16599999368191
			vertex 3.5344979763031 0.78053593635559 0.16599999368191
			vertex 3.5352082252502 0.77696472406387 0.16599999368191
		endloop
	endfacet
	facet normal 0 0 -1
		outer loop
			vertex 3.5344979763031 0.78053593635559 0.16599999368191
			vertex 3.5352082252502 0.83088457584381 0.16599999368191
			vertex 3.5352082252502 0.77696472406387 0.16599999368191
		endloop
	endfacet
	facet normal 0 0 -1
		outer loop
			vertex 3.5352082252502 0.77696472406387 0.16599999368191
			vertex 3.5472600460052 0.83242619037628 0.16599999368191
			vertex 3.5472600460052 0.77456748485565 0.16599999368191
		endloop
	endfacet
	facet normal 0 0 -1
		outer loop
			vertex 3.5352082252502 0.77696472406387 0.16599999368191
			vertex 3.5352082252502 0.83088457584381 0.16599999368191
			vertex 3.5472600460052 0.83242619037628 0.16599999368191
		endloop
	endfacet
	facet normal 0.98078406293097 0.19509644256272 -0
		outer loop
			vertex 3.4317874908447 0.84804999828339 0
			vertex 3.4317874908447 0.84804999828339 0.16599999368191
			vertex 3.4341847896576 0.83599835634232 0
		endloop
	endfacet
	facet normal 0.55556594059347 0.83147248039397 -0
		outer loop
			vertex 3.441011428833 0.82578146457672 0
			vertex 3.441011428833 0.82578146457672 0.16599999368191
			vertex 3.449357509613 0.82020485401154 0
		endloop
	endfacet
	facet normal 0.83147223062558 0.55556631440228 0
		outer loop
			vertex 3.441011428833 0.82578146457672 0
			vertex 3.4341847896576 0.83599835634232 0
			vertex 3.4341847896576 0.83599835634232 0.16599999368191
		endloop
	endfacet
	facet normal 0.55556594059347 0.83147248039397 -0
		outer loop
			vertex 3.449357509613 0.82020485401154 0
			vertex 3.441011428833 0.82578146457672 0.16599999368191
			vertex 3.449357509613 0.82020485401154 0.16599999368191
		endloop
	endfacet
	facet normal 0.98078406293097 0.19509644256272 -0
		outer loop
			vertex 3.4341847896576 0.83599835634232 0
			vertex 3.4317874908447 0.84804999828339 0.16599999368191
			vertex 3.4341847896576 0.83599835634232 0.16599999368191
		endloop
	endfacet
	facet normal 0.83147223062558 0.55556631440228 -0
		outer loop
			vertex 3.441011428833 0.82578146457672 0
			vertex 3.4341847896576 0.83599835634232 0.16599999368191
			vertex 3.441011428833 0.82578146457672 0.16599999368191
		endloop
	endfacet
	facet normal 0 0 -1
		outer loop
			vertex 3.4317874908447 0.84804999828339 0.16599999368191
			vertex 3.4592711925507 0.84003233909607 0.16599999368191
			vertex 3.4341847896576 0.83599835634232 0.16599999368191
		endloop
	endfacet
	facet normal 0 0 -1
		outer loop
			vertex 3.441011428833 0.82578146457672 0.16599999368191
			vertex 3.4341847896576 0.83599835634232 0.16599999368191
			vertex 3.4592711925507 0.84003233909607 0.16599999368191
		endloop
	endfacet
	facet normal 0 0 -1
		outer loop
			vertex 3.441011428833 0.82578146457672 0.16599999368191
			vertex 3.4592711925507 0.84003233909607 0.16599999368191
			vertex 3.449357509613 0.82020485401154 0.16599999368191
		endloop
	endfacet
	facet normal 0 0 -1
		outer loop
			vertex 3.4317874908447 0.84804999828339 0.16599999368191
			vertex 3.4632799625397 0.84804999828339 0.16599999368191
			vertex 3.4592711925507 0.84003233909607 0.16599999368191
		endloop
	endfacet
	facet normal 0 0 -1
		outer loop
			vertex 3.449357509613 0.82020485401154 0.16599999368191
			vertex 3.4592711925507 0.84003233909607 0.16599999368191
			vertex 3.4497365951538 0.81995141506195 0.16599999368191
		endloop
	endfacet
	facet normal -0 0 -1
		outer loop
			vertex 3.452041387558 0.82024621963501 0.16599999368191
			vertex 3.4497365951538 0.81995141506195 0.16599999368191
			vertex 3.4592711925507 0.84003233909607 0.16599999368191
		endloop
	endfacet
	facet normal 0 0 -1
		outer loop
			vertex 3.4745032787323 0.82311946153641 0.16599999368191
			vertex 3.475602388382 0.87269461154938 0.16599999368191
			vertex 3.4832365512848 0.82423657178879 0.16599999368191
		endloop
	endfacet
	facet normal 0 0 -1
		outer loop
			vertex 3.4745032787323 0.82311946153641 0.16599999368191
			vertex 3.4753315448761 0.87397110462189 0.16599999368191
			vertex 3.475602388382 0.87269461154938 0.16599999368191
		endloop
	endfacet
	facet normal 0 0 -1
		outer loop
			vertex 3.4745032787323 0.82311946153641 0.16599999368191
			vertex 3.4745984077454 0.87068670988083 0.16599999368191
			vertex 3.4753315448761 0.87397110462189 0.16599999368191
		endloop
	endfacet
	facet normal 0 0 -1
		outer loop
			vertex 3.4753315448761 0.87397110462189 0.16599999368191
			vertex 3.4758770465851 0.87324398756027 0.16599999368191
			vertex 3.475602388382 0.87269461154938 0.16599999368191
		endloop
	endfacet
	facet normal 0.98078406293097 -0.19509644256272 0
		outer loop
			vertex 3.4317874908447 0.93203002214432 0
			vertex 3.4341847896576 0.94408166408539 0
			vertex 3.4341847896576 0.94408166408539 0.16599999368191
		endloop
	endfacet
	facet normal 0.83147223062558 -0.55556631440228 0
		outer loop
			vertex 3.4341847896576 0.94408166408539 0
			vertex 3.441011428833 0.95429855585098 0
			vertex 3.441011428833 0.95429855585098 0.16599999368191
		endloop
	endfacet
	facet normal 0.98078406293097 -0.19509644256272 0
		outer loop
			vertex 3.4317874908447 0.93203002214432 0
			vertex 3.4341847896576 0.94408166408539 0.16599999368191
			vertex 3.4317874908447 0.93203002214432 0.16599999368191
		endloop
	endfacet
	facet normal 0.83147223062558 -0.55556631440228 0
		outer loop
			vertex 3.4341847896576 0.94408166408539 0
			vertex 3.441011428833 0.95429855585098 0.16599999368191
			vertex 3.4341847896576 0.94408166408539 0.16599999368191
		endloop
	endfacet
	facet normal 0 0 -1
		outer loop
			vertex 3.4317874908447 0.93203002214432 0.16599999368191
			vertex 3.4341847896576 0.94408166408539 0.16599999368191
			vertex 3.4341847896576 0.92883372306824 0.16599999368191
		endloop
	endfacet
	facet normal 0 -0 -1
		outer loop
			vertex 3.441011428833 0.95429855585098 0.16599999368191
			vertex 3.4512283802032 0.90610885620117 0.16599999368191
			vertex 3.4341847896576 0.94408166408539 0.16599999368191
		endloop
	endfacet
	facet normal 0 0 -1
		outer loop
			vertex 3.4317874908447 0.93203002214432 0.16599999368191
			vertex 3.4341847896576 0.92883372306824 0.16599999368191
			vertex 3.4341847896576 0.92669802904129 0.16599999368191
		endloop
	endfacet
	facet normal 0 0 -1
		outer loop
			vertex 3.4341847896576 0.92883372306824 0.16599999368191
			vertex 3.4341847896576 0.94408166408539 0.16599999368191
			vertex 3.4512283802032 0.90610885620117 0.16599999368191
		endloop
	endfacet
	facet normal 0 0 -1
		outer loop
			vertex 3.441011428833 0.95429855585098 0.16599999368191
			vertex 3.4570157527924 0.93203002214432 0.16599999368191
			vertex 3.4512283802032 0.90610885620117 0.16599999368191
		endloop
	endfacet
	facet normal 0 0 -1
		outer loop
			vertex 3.441011428833 0.95429855585098 0.16599999368191
			vertex 3.4632799625397 0.93203002214432 0.16599999368191
			vertex 3.4570157527924 0.93203002214432 0.16599999368191
		endloop
	endfacet
	facet normal 0 -0 -1
		outer loop
			vertex 3.4938328266144 0.93675410747528 0.16599999368191
			vertex 3.4944541454315 0.93363052606583 0.16599999368191
			vertex 3.4923753738403 0.93203330039978 0.16599999368191
		endloop
	endfacet
	facet normal 0 0 -1
		outer loop
			vertex 3.4944541454315 0.93363052606583 0.16599999368191
			vertex 3.4923753738403 0.93203002214432 0.16599999368191
			vertex 3.4923753738403 0.93203330039978 0.16599999368191
		endloop
	endfacet
	facet normal 0 0 -1
		outer loop
			vertex 3.4944541454315 0.93363052606583 0.16599999368191
			vertex 3.4935286045074 0.92577618360519 0.16599999368191
			vertex 3.4923753738403 0.93203002214432 0.16599999368191
		endloop
	endfacet
	facet normal 0 0 -1
		outer loop
			vertex 3.5285515785217 1.0203803777695 0.16599999368191
			vertex 3.5260648727417 1.0328823328018 0.16599999368191
			vertex 3.5352082252502 1.0280648469925 0.16599999368191
		endloop
	endfacet
	facet normal 0 0 -1
		outer loop
			vertex 3.5285515785217 1.0203803777695 0.16599999368191
			vertex 3.5352082252502 1.0280648469925 0.16599999368191
			vertex 3.5352082252502 1.0280616283417 0.16599999368191
		endloop
	endfacet
	facet normal -0.19507677838063 0.98078797430262 0
		outer loop
			vertex 3.8090448379517 1.070455789566 0
			vertex 3.8090448379517 1.070455789566 0.16599999368191
			vertex 3.8112516403198 1.0708947181702 0
		endloop
	endfacet
	facet normal -0.55557078070223 0.83146924635245 0
		outer loop
			vertex 3.8112516403198 1.0708947181702 0
			vertex 3.8112516403198 1.0708947181702 0.16599999368191
			vertex 3.8214685916901 1.0777214765549 0
		endloop
	endfacet
	facet normal -0.19507677838063 0.98078797430262 0
		outer loop
			vertex 3.8112516403198 1.0708947181702 0
			vertex 3.8090448379517 1.070455789566 0.16599999368191
			vertex 3.8112516403198 1.0708947181702 0.16599999368191
		endloop
	endfacet
	facet normal -0.55557078070223 0.83146924635245 0
		outer loop
			vertex 3.8214685916901 1.0777214765549 0
			vertex 3.8112516403198 1.0708947181702 0.16599999368191
			vertex 3.8214685916901 1.0777214765549 0.16599999368191
		endloop
	endfacet
	facet normal 0 0 -1
		outer loop
			vertex 3.7747867107391 1.0885031223297 0.16599999368191
			vertex 3.7871482372284 1.1194900274277 0.16599999368191
			vertex 3.7992000579834 1.0999900102615 0.16599999368191
		endloop
	endfacet
	facet normal 0 0 -1
		outer loop
			vertex 3.7747867107391 1.0885031223297 0.16599999368191
			vertex 3.7769191265106 1.1222401857376 0.16599999368191
			vertex 3.7769341468811 1.1222449541092 0.16599999368191
		endloop
	endfacet
	facet normal 0 0 -1
		outer loop
			vertex 3.7747867107391 1.0885031223297 0.16599999368191
			vertex 3.7769112586975 1.1222282648087 0.16599999368191
			vertex 3.7769191265106 1.1222401857376 0.16599999368191
		endloop
	endfacet
	facet normal 0 0 -1
		outer loop
			vertex 3.7747867107391 1.0885031223297 0.16599999368191
			vertex 3.7769341468811 1.1222449541092 0.16599999368191
			vertex 3.7769968509674 1.1223022937775 0.16599999368191
		endloop
	endfacet
	facet normal 0 0 -1
		outer loop
			vertex 3.7747867107391 1.0885031223297 0.16599999368191
			vertex 3.7769968509674 1.1223022937775 0.16599999368191
			vertex 3.7871482372284 1.1194900274277 0.16599999368191
		endloop
	endfacet
	facet normal 0 0 -1
		outer loop
			vertex 3.7992000579834 1.0999900102615 0.16599999368191
			vertex 3.8112516403198 1.0708947181702 0.16599999368191
			vertex 3.8090448379517 1.070455789566 0.16599999368191
		endloop
	endfacet
	facet normal 0 0 -1
		outer loop
			vertex 3.8112516403198 1.0708947181702 0.16599999368191
			vertex 3.8124883174896 1.1228684186935 0.16599999368191
			vertex 3.8214685916901 1.0777214765549 0.16599999368191
		endloop
	endfacet
	facet normal 0 0 -1
		outer loop
			vertex 3.7992000579834 1.0999900102615 0.16599999368191
			vertex 3.8124883174896 1.1228684186935 0.16599999368191
			vertex 3.8112516403198 1.0708947181702 0.16599999368191
		endloop
	endfacet
	facet normal -0.83147372782015 0.55556407366285 0
		outer loop
			vertex 3.9122753143311 1.1719183921814 0
			vertex 3.9054486751556 1.1617014408112 0
			vertex 3.9054486751556 1.1617014408112 0.16599999368191
		endloop
	endfacet
	facet normal -0.98078387829807 0.1950973707424 0
		outer loop
			vertex 3.9122753143311 1.1719183921814 0
			vertex 3.9122753143311 1.1719183921814 0.16599999368191
			vertex 3.9146726131439 1.1839699745178 0
		endloop
	endfacet
	facet normal -0.98078424756123 -0.19509551439169 0
		outer loop
			vertex 3.9146726131439 1.1839699745178 0
			vertex 3.9146726131439 1.1839699745178 0.16599999368191
			vertex 3.9122753143311 1.1960216760635 0
		endloop
	endfacet
	facet normal -0.83147073341289 -0.55556855515574 0
		outer loop
			vertex 3.9054486751556 1.2062385082245 0
			vertex 3.9122753143311 1.1960216760635 0
			vertex 3.9122753143311 1.1960216760635 0.16599999368191
		endloop
	endfacet
	facet normal -0.83147372782015 0.55556407366285 0
		outer loop
			vertex 3.9122753143311 1.1719183921814 0
			vertex 3.9054486751556 1.1617014408112 0.16599999368191
			vertex 3.9122753143311 1.1719183921814 0.16599999368191
		endloop
	endfacet
	facet normal -0.98078387829807 0.1950973707424 0
		outer loop
			vertex 3.9146726131439 1.1839699745178 0
			vertex 3.9122753143311 1.1719183921814 0.16599999368191
			vertex 3.9146726131439 1.1839699745178 0.16599999368191
		endloop
	endfacet
	facet normal -0.83147073341289 -0.55556855515574 0
		outer loop
			vertex 3.9054486751556 1.2062385082245 0
			vertex 3.9122753143311 1.1960216760635 0.16599999368191
			vertex 3.9054486751556 1.2062385082245 0.16599999368191
		endloop
	endfacet
	facet normal -0.98078424756123 -0.19509551439169 0
		outer loop
			vertex 3.9122753143311 1.1960216760635 0
			vertex 3.9146726131439 1.1839699745178 0.16599999368191
			vertex 3.9122753143311 1.1960216760635 0.16599999368191
		endloop
	endfacet
	facet normal 0 0 -1
		outer loop
			vertex 3.8793354034424 1.1878144741058 0.16599999368191
			vertex 3.9054486751556 1.2062385082245 0.16599999368191
			vertex 3.9054486751556 1.1617014408112 0.16599999368191
		endloop
	endfacet
	facet normal 0 0 -1
		outer loop
			vertex 3.9122753143311 1.1719183921814 0.16599999368191
			vertex 3.9122753143311 1.1960216760635 0.16599999368191
			vertex 3.9146726131439 1.1839699745178 0.16599999368191
		endloop
	endfacet
	facet normal -0 0 -1
		outer loop
			vertex 3.9122753143311 1.1719183921814 0.16599999368191
			vertex 3.9054486751556 1.1617014408112 0.16599999368191
			vertex 3.9054486751556 1.2062385082245 0.16599999368191
		endloop
	endfacet
	facet normal 0 0 -1
		outer loop
			vertex 3.8793354034424 1.1878144741058 0.16599999368191
			vertex 3.8831799030304 1.2130728960037 0.16599999368191
			vertex 3.9054486751556 1.2062385082245 0.16599999368191
		endloop
	endfacet
	facet normal 0 0 -1
		outer loop
			vertex 3.9122753143311 1.1719183921814 0.16599999368191
			vertex 3.9054486751556 1.2062385082245 0.16599999368191
			vertex 3.9122753143311 1.1960216760635 0.16599999368191
		endloop
	endfacet
	facet normal -0.1950973707424 -0.98078387829807 0
		outer loop
			vertex 3.7992000579834 1.2994425296783 0
			vertex 3.8112516403198 1.2970452308655 0
			vertex 3.8112516403198 1.2970452308655 0.16599999368191
		endloop
	endfacet
	facet normal -0.55556407366285 -0.83147372782015 0
		outer loop
			vertex 3.8112516403198 1.2970452308655 0
			vertex 3.8214685916901 1.2902185916901 0
			vertex 3.8214685916901 1.2902185916901 0.16599999368191
		endloop
	endfacet
	facet normal -0.1950973707424 -0.98078387829807 0
		outer loop
			vertex 3.7992000579834 1.2994425296783 0
			vertex 3.8112516403198 1.2970452308655 0.16599999368191
			vertex 3.7992000579834 1.2994425296783 0.16599999368191
		endloop
	endfacet
	facet normal -0.55556407366285 -0.83147372782015 0
		outer loop
			vertex 3.8112516403198 1.2970452308655 0
			vertex 3.8214685916901 1.2902185916901 0.16599999368191
			vertex 3.8112516403198 1.2970452308655 0.16599999368191
		endloop
	endfacet
	facet normal 0 0 -1
		outer loop
			vertex 3.7987413406372 1.2387630939484 0.16599999368191
			vertex 3.7992000579834 1.2579972743988 0.16599999368191
			vertex 3.7992000579834 1.2388470172882 0.16599999368191
		endloop
	endfacet
	facet normal 0 0 -1
		outer loop
			vertex 3.7992000579834 1.2579972743988 0.16599999368191
			vertex 3.8044250011444 1.2731750011444 0.16599999368191
			vertex 3.8064000606537 1.2632451057434 0.16599999368191
		endloop
	endfacet
	facet normal 0 0 -1
		outer loop
			vertex 3.7992000579834 1.2579972743988 0.16599999368191
			vertex 3.7992000579834 1.2994425296783 0.16599999368191
			vertex 3.8044250011444 1.2731750011444 0.16599999368191
		endloop
	endfacet
	facet normal 0 0 -1
		outer loop
			vertex 3.7992000579834 1.2994425296783 0.16599999368191
			vertex 3.8214685916901 1.2902185916901 0.16599999368191
			vertex 3.8044250011444 1.2731750011444 0.16599999368191
		endloop
	endfacet
	facet normal 0 0 -1
		outer loop
			vertex 3.7992000579834 1.2994425296783 0.16599999368191
			vertex 3.8112516403198 1.2970452308655 0.16599999368191
			vertex 3.8214685916901 1.2902185916901 0.16599999368191
		endloop
	endfacet
	facet normal 0.19509365807559 -0.98078461681385 0
		outer loop
			vertex 3.5352082252502 1.2970452308655 0
			vertex 3.5472600460052 1.2994425296783 0
			vertex 3.5472600460052 1.2994425296783 0.16599999368191
		endloop
	endfacet
	facet normal 0.19509365807559 -0.98078461681385 0
		outer loop
			vertex 3.5352082252502 1.2970452308655 0
			vertex 3.5472600460052 1.2994425296783 0.16599999368191
			vertex 3.5352082252502 1.2970452308655 0.16599999368191
		endloop
	endfacet
	facet normal 0 0 -1
		outer loop
			vertex 3.5352082252502 1.2800016403198 0.16599999368191
			vertex 3.5352082252502 1.2970452308655 0.16599999368191
			vertex 3.5472600460052 1.2790087461472 0.16599999368191
		endloop
	endfacet
	facet normal 0 0 -1
		outer loop
			vertex 3.5352082252502 1.2800016403198 0.16599999368191
			vertex 3.5472600460052 1.2790087461472 0.16599999368191
			vertex 3.5394403934479 1.2757697105408 0.16599999368191
		endloop
	endfacet
	facet normal 0 0 -1
		outer loop
			vertex 3.5352082252502 1.2970452308655 0.16599999368191
			vertex 3.5472600460052 1.2994425296783 0.16599999368191
			vertex 3.5472600460052 1.2790087461472 0.16599999368191
		endloop
	endfacet
	facet normal -1 0 0
		outer loop
			vertex 9.8319425582886 0.87954252958298 0.16599999368191
			vertex 9.8319425582886 1.2679500579834 0
			vertex 9.8319425582886 0.87954252958298 0
		endloop
	endfacet
	facet normal 1 0 0
		outer loop
			vertex 9.7689571380615 1.2679500579834 0.16599999368191
			vertex 9.7689571380615 0.87954252958298 0
			vertex 9.7689571380615 1.2679500579834 0
		endloop
	endfacet
	facet normal 1 0 0
		outer loop
			vertex 9.7689571380615 1.2679500579834 0.16599999368191
			vertex 9.7689571380615 0.87954252958298 0.16599999368191
			vertex 9.7689571380615 0.87954252958298 0
		endloop
	endfacet
	facet normal -1 -0 -0
		outer loop
			vertex 9.8319425582886 1.2679500579834 0.16599999368191
			vertex 9.8319425582886 1.2679500579834 0
			vertex 9.8319425582886 0.87954252958298 0.16599999368191
		endloop
	endfacet
	facet normal 0 0 -1
		outer loop
			vertex 9.7689571380615 1.2679500579834 0.16599999368191
			vertex 9.8319425582886 0.85277390480042 0.16599999368191
			vertex 9.8004503250122 0.84804999828339 0.16599999368191
		endloop
	endfacet
	facet normal 0 0 -1
		outer loop
			vertex 9.7689571380615 1.2679500579834 0.16599999368191
			vertex 9.8004503250122 0.84804999828339 0.16599999368191
			vertex 9.7689571380615 0.87954252958298 0.16599999368191
		endloop
	endfacet
	facet normal 0 0 -1
		outer loop
			vertex 9.7689571380615 1.2679500579834 0.16599999368191
			vertex 9.8319425582886 0.87954252958298 0.16599999368191
			vertex 9.8319425582886 0.85277390480042 0.16599999368191
		endloop
	endfacet
	facet normal 0 0 -1
		outer loop
			vertex 9.7689571380615 1.2679500579834 0.16599999368191
			vertex 9.8319425582886 1.2679500579834 0.16599999368191
			vertex 9.8319425582886 0.87954252958298 0.16599999368191
		endloop
	endfacet
	facet normal 0.83148269073816 -0.55555065925875 0
		outer loop
			vertex 9.7781810760498 1.2902185916901 0.16599999368191
			vertex 9.771354675293 1.2800016403198 0
			vertex 9.7781810760498 1.2902185916901 0
		endloop
	endfacet
	facet normal 0.98078016539847 -0.19511603512002 0
		outer loop
			vertex 9.771354675293 1.2800016403198 0.16599999368191
			vertex 9.7689571380615 1.2679500579834 0
			vertex 9.771354675293 1.2800016403198 0
		endloop
	endfacet
	facet normal 0.55553718588491 -0.83149169274207 0
		outer loop
			vertex 9.7883987426758 1.2970452308655 0.16599999368191
			vertex 9.7781810760498 1.2902185916901 0
			vertex 9.7883987426758 1.2970452308655 0
		endloop
	endfacet
	facet normal 0.1950973707424 -0.98078387829807 0
		outer loop
			vertex 9.8004503250122 1.2994425296783 0.16599999368191
			vertex 9.7883987426758 1.2970452308655 0
			vertex 9.8004503250122 1.2994425296783 0
		endloop
	endfacet
	facet normal -0.1950973707424 -0.98078387829807 -0
		outer loop
			vertex 9.8125019073486 1.2970452308655 0.16599999368191
			vertex 9.8004503250122 1.2994425296783 0
			vertex 9.8125019073486 1.2970452308655 0
		endloop
	endfacet
	facet normal -0.98078016539847 -0.19511603512002 -0
		outer loop
			vertex 9.8319425582886 1.2679500579834 0.16599999368191
			vertex 9.8295450210571 1.2800016403198 0
			vertex 9.8319425582886 1.2679500579834 0
		endloop
	endfacet
	facet normal -0.83148269073816 -0.55555065925875 -0
		outer loop
			vertex 9.8295450210571 1.2800016403198 0.16599999368191
			vertex 9.8227186203003 1.2902185916901 0
			vertex 9.8295450210571 1.2800016403198 0
		endloop
	endfacet
	facet normal -0.55557303670478 -0.83146773893316 -0
		outer loop
			vertex 9.8227186203003 1.2902185916901 0.16599999368191
			vertex 9.8125019073486 1.2970452308655 0
			vertex 9.8227186203003 1.2902185916901 0
		endloop
	endfacet
	facet normal 0.98078016539847 -0.19511603512002 0
		outer loop
			vertex 9.771354675293 1.2800016403198 0.16599999368191
			vertex 9.7689571380615 1.2679500579834 0.16599999368191
			vertex 9.7689571380615 1.2679500579834 0
		endloop
	endfacet
	facet normal 0.83148269073816 -0.55555065925875 0
		outer loop
			vertex 9.7781810760498 1.2902185916901 0.16599999368191
			vertex 9.771354675293 1.2800016403198 0.16599999368191
			vertex 9.771354675293 1.2800016403198 0
		endloop
	endfacet
	facet normal 0.55553718588491 -0.83149169274207 0
		outer loop
			vertex 9.7781810760498 1.2902185916901 0.16599999368191
			vertex 9.7781810760498 1.2902185916901 0
			vertex 9.7883987426758 1.2970452308655 0.16599999368191
		endloop
	endfacet
	facet normal 0.1950973707424 -0.98078387829807 0
		outer loop
			vertex 9.7883987426758 1.2970452308655 0.16599999368191
			vertex 9.7883987426758 1.2970452308655 0
			vertex 9.8004503250122 1.2994425296783 0.16599999368191
		endloop
	endfacet
	facet normal -0.1950973707424 -0.98078387829807 -0
		outer loop
			vertex 9.8004503250122 1.2994425296783 0.16599999368191
			vertex 9.8004503250122 1.2994425296783 0
			vertex 9.8125019073486 1.2970452308655 0.16599999368191
		endloop
	endfacet
	facet normal -0.83148269073816 -0.55555065925875 -0
		outer loop
			vertex 9.8227186203003 1.2902185916901 0.16599999368191
			vertex 9.8227186203003 1.2902185916901 0
			vertex 9.8295450210571 1.2800016403198 0.16599999368191
		endloop
	endfacet
	facet normal -0.98078016539847 -0.19511603512002 -0
		outer loop
			vertex 9.8295450210571 1.2800016403198 0.16599999368191
			vertex 9.8295450210571 1.2800016403198 0
			vertex 9.8319425582886 1.2679500579834 0.16599999368191
		endloop
	endfacet
	facet normal -0.55557303670478 -0.83146773893316 -0
		outer loop
			vertex 9.8125019073486 1.2970452308655 0.16599999368191
			vertex 9.8125019073486 1.2970452308655 0
			vertex 9.8227186203003 1.2902185916901 0.16599999368191
		endloop
	endfacet
	facet normal 0 -0 -1
		outer loop
			vertex 9.771354675293 1.2800016403198 0.16599999368191
			vertex 9.8319425582886 1.2679500579834 0.16599999368191
			vertex 9.7689571380615 1.2679500579834 0.16599999368191
		endloop
	endfacet
	facet normal 0 -0 -1
		outer loop
			vertex 9.7781810760498 1.2902185916901 0.16599999368191
			vertex 9.8319425582886 1.2679500579834 0.16599999368191
			vertex 9.771354675293 1.2800016403198 0.16599999368191
		endloop
	endfacet
	facet normal 0 0 -1
		outer loop
			vertex 9.7781810760498 1.2902185916901 0.16599999368191
			vertex 9.7883987426758 1.2970452308655 0.16599999368191
			vertex 9.8319425582886 1.2679500579834 0.16599999368191
		endloop
	endfacet
	facet normal 0 0 -1
		outer loop
			vertex 9.7883987426758 1.2970452308655 0.16599999368191
			vertex 9.8004503250122 1.2994425296783 0.16599999368191
			vertex 9.8319425582886 1.2679500579834 0.16599999368191
		endloop
	endfacet
	facet normal 0 0 -1
		outer loop
			vertex 9.8004503250122 1.2994425296783 0.16599999368191
			vertex 9.8125019073486 1.2970452308655 0.16599999368191
			vertex 9.8319425582886 1.2679500579834 0.16599999368191
		endloop
	endfacet
	facet normal 0 0 -1
		outer loop
			vertex 9.8125019073486 1.2970452308655 0.16599999368191
			vertex 9.8227186203003 1.2902185916901 0.16599999368191
			vertex 9.8319425582886 1.2679500579834 0.16599999368191
		endloop
	endfacet
	facet normal 0 0 -1
		outer loop
			vertex 9.8227186203003 1.2902185916901 0.16599999368191
			vertex 9.8295450210571 1.2800016403198 0.16599999368191
			vertex 9.8319425582886 1.2679500579834 0.16599999368191
		endloop
	endfacet
	facet normal 0 1 0
		outer loop
			vertex 9.5904998779297 0.81655752658844 0.16599999368191
			vertex 10.01039981842 0.81655752658844 0
			vertex 9.5904998779297 0.81655752658844 0
		endloop
	endfacet
	facet normal 0 -1 -0
		outer loop
			vertex 9.7689571380615 0.87954252958298 0.16599999368191
			vertex 9.5904998779297 0.87954252958298 0
			vertex 9.7689571380615 0.87954252958298 0
		endloop
	endfacet
	facet normal 0 -1 -0
		outer loop
			vertex 10.01039981842 0.87954252958298 0.16599999368191
			vertex 9.8319425582886 0.87954252958298 0
			vertex 10.01039981842 0.87954252958298 0
		endloop
	endfacet
	facet normal 0 -1 0
		outer loop
			vertex 9.5904998779297 0.87954252958298 0.16599999368191
			vertex 9.5904998779297 0.87954252958298 0
			vertex 9.7689571380615 0.87954252958298 0.16599999368191
		endloop
	endfacet
	facet normal -0 1 0
		outer loop
			vertex 9.5904998779297 0.81655752658844 0.16599999368191
			vertex 10.01039981842 0.81655752658844 0.16599999368191
			vertex 10.01039981842 0.81655752658844 0
		endloop
	endfacet
	facet normal 0 -1 0
		outer loop
			vertex 9.8319425582886 0.87954252958298 0.16599999368191
			vertex 9.8319425582886 0.87954252958298 0
			vertex 10.01039981842 0.87954252958298 0.16599999368191
		endloop
	endfacet
	facet normal 0 0 -1
		outer loop
			vertex 9.5904998779297 0.87954252958298 0.16599999368191
			vertex 9.7689571380615 0.87954252958298 0.16599999368191
			vertex 9.5904998779297 0.81655752658844 0.16599999368191
		endloop
	endfacet
	facet normal 0 -0 -1
		outer loop
			vertex 9.7689571380615 0.87954252958298 0.16599999368191
			vertex 9.8004503250122 0.84804999828339 0.16599999368191
			vertex 9.5904998779297 0.81655752658844 0.16599999368191
		endloop
	endfacet
	facet normal 0 0 -1
		outer loop
			vertex 9.5904998779297 0.81655752658844 0.16599999368191
			vertex 9.8004503250122 0.84804999828339 0.16599999368191
			vertex 10.01039981842 0.81655752658844 0.16599999368191
		endloop
	endfacet
	facet normal 0 0 -1
		outer loop
			vertex 9.8004503250122 0.84804999828339 0.16599999368191
			vertex 9.8319425582886 0.85277390480042 0.16599999368191
			vertex 10.01039981842 0.81655752658844 0.16599999368191
		endloop
	endfacet
	facet normal 0 0 -1
		outer loop
			vertex 9.8319425582886 0.87954252958298 0.16599999368191
			vertex 10.01039981842 0.87954252958298 0.16599999368191
			vertex 9.8319425582886 0.85277390480042 0.16599999368191
		endloop
	endfacet
	facet normal 0 0 -1
		outer loop
			vertex 9.8319425582886 0.85277390480042 0.16599999368191
			vertex 10.01039981842 0.87954252958298 0.16599999368191
			vertex 10.01039981842 0.81655752658844 0.16599999368191
		endloop
	endfacet
	facet normal 0.55557974375575 0.83146325735314 0
		outer loop
			vertex 9.5682315826416 0.82578146457672 0.16599999368191
			vertex 9.5784482955933 0.81895470619202 0
			vertex 9.5682315826416 0.82578146457672 0
		endloop
	endfacet
	facet normal 0.19508803847411 0.98078573462522 0
		outer loop
			vertex 9.5784482955933 0.81895470619202 0.16599999368191
			vertex 9.5904998779297 0.81655752658844 0
			vertex 9.5784482955933 0.81895470619202 0
		endloop
	endfacet
	facet normal 0.83148119359975 0.55555289999237 0
		outer loop
			vertex 9.5614051818848 0.83599835634232 0.16599999368191
			vertex 9.5682315826416 0.82578146457672 0
			vertex 9.5614051818848 0.83599835634232 0
		endloop
	endfacet
	facet normal 0.98078035006599 -0.19511510685857 0
		outer loop
			vertex 9.5614051818848 0.86010164022446 0.16599999368191
			vertex 9.5590076446533 0.84804999828339 0
			vertex 9.5614051818848 0.86010164022446 0
		endloop
	endfacet
	facet normal 0.98078035006599 0.19511510685857 0
		outer loop
			vertex 9.5590076446533 0.84804999828339 0.16599999368191
			vertex 9.5614051818848 0.83599835634232 0
			vertex 9.5590076446533 0.84804999828339 0
		endloop
	endfacet
	facet normal 0.83148119359975 -0.55555289999237 0
		outer loop
			vertex 9.5682315826416 0.87031853199005 0.16599999368191
			vertex 9.5614051818848 0.86010164022446 0
			vertex 9.5682315826416 0.87031853199005 0
		endloop
	endfacet
	facet normal 0.55557974375575 -0.83146325735314 0
		outer loop
			vertex 9.5784482955933 0.87714529037476 0.16599999368191
			vertex 9.5682315826416 0.87031853199005 0
			vertex 9.5784482955933 0.87714529037476 0
		endloop
	endfacet
	facet normal 0.19509270461488 -0.98078480647186 0
		outer loop
			vertex 9.5904998779297 0.87954252958298 0.16599999368191
			vertex 9.5784482955933 0.87714529037476 0
			vertex 9.5904998779297 0.87954252958298 0
		endloop
	endfacet
	facet normal 0.55557974375575 0.83146325735314 0
		outer loop
			vertex 9.5682315826416 0.82578146457672 0.16599999368191
			vertex 9.5784482955933 0.81895470619202 0.16599999368191
			vertex 9.5784482955933 0.81895470619202 0
		endloop
	endfacet
	facet normal 0.19508803847411 0.98078573462522 0
		outer loop
			vertex 9.5784482955933 0.81895470619202 0.16599999368191
			vertex 9.5904998779297 0.81655752658844 0.16599999368191
			vertex 9.5904998779297 0.81655752658844 0
		endloop
	endfacet
	facet normal 0.98078035006599 0.19511510685857 0
		outer loop
			vertex 9.5590076446533 0.84804999828339 0.16599999368191
			vertex 9.5614051818848 0.83599835634232 0.16599999368191
			vertex 9.5614051818848 0.83599835634232 0
		endloop
	endfacet
	facet normal 0.83148119359975 0.55555289999237 0
		outer loop
			vertex 9.5614051818848 0.83599835634232 0.16599999368191
			vertex 9.5682315826416 0.82578146457672 0.16599999368191
			vertex 9.5682315826416 0.82578146457672 0
		endloop
	endfacet
	facet normal 0.98078035006599 -0.19511510685857 0
		outer loop
			vertex 9.5614051818848 0.86010164022446 0.16599999368191
			vertex 9.5590076446533 0.84804999828339 0.16599999368191
			vertex 9.5590076446533 0.84804999828339 0
		endloop
	endfacet
	facet normal 0.55557974375575 -0.83146325735314 0
		outer loop
			vertex 9.5784482955933 0.87714529037476 0.16599999368191
			vertex 9.5682315826416 0.87031853199005 0.16599999368191
			vertex 9.5682315826416 0.87031853199005 0
		endloop
	endfacet
	facet normal 0.83148119359975 -0.55555289999237 0
		outer loop
			vertex 9.5682315826416 0.87031853199005 0.16599999368191
			vertex 9.5614051818848 0.86010164022446 0.16599999368191
			vertex 9.5614051818848 0.86010164022446 0
		endloop
	endfacet
	facet normal 0.19509270461488 -0.98078480647186 0
		outer loop
			vertex 9.5784482955933 0.87714529037476 0.16599999368191
			vertex 9.5784482955933 0.87714529037476 0
			vertex 9.5904998779297 0.87954252958298 0.16599999368191
		endloop
	endfacet
	facet normal 0 0 -1
		outer loop
			vertex 9.5614051818848 0.86010164022446 0.16599999368191
			vertex 9.5682315826416 0.82578146457672 0.16599999368191
			vertex 9.5614051818848 0.83599835634232 0.16599999368191
		endloop
	endfacet
	facet normal 0 0 -1
		outer loop
			vertex 9.5682315826416 0.87031853199005 0.16599999368191
			vertex 9.5784482955933 0.81895470619202 0.16599999368191
			vertex 9.5682315826416 0.82578146457672 0.16599999368191
		endloop
	endfacet
	facet normal 0 -0 -1
		outer loop
			vertex 9.5614051818848 0.86010164022446 0.16599999368191
			vertex 9.5614051818848 0.83599835634232 0.16599999368191
			vertex 9.5590076446533 0.84804999828339 0.16599999368191
		endloop
	endfacet
	facet normal 0 -0 -1
		outer loop
			vertex 9.5682315826416 0.87031853199005 0.16599999368191
			vertex 9.5682315826416 0.82578146457672 0.16599999368191
			vertex 9.5614051818848 0.86010164022446 0.16599999368191
		endloop
	endfacet
	facet normal 0 0 -1
		outer loop
			vertex 9.5784482955933 0.87714529037476 0.16599999368191
			vertex 9.5904998779297 0.81655752658844 0.16599999368191
			vertex 9.5784482955933 0.81895470619202 0.16599999368191
		endloop
	endfacet
	facet normal 0 -0 -1
		outer loop
			vertex 9.5784482955933 0.87714529037476 0.16599999368191
			vertex 9.5784482955933 0.81895470619202 0.16599999368191
			vertex 9.5682315826416 0.87031853199005 0.16599999368191
		endloop
	endfacet
	facet normal 0 0 -1
		outer loop
			vertex 9.5784482955933 0.87714529037476 0.16599999368191
			vertex 9.5904998779297 0.87954252958298 0.16599999368191
			vertex 9.5904998779297 0.81655752658844 0.16599999368191
		endloop
	endfacet
	facet normal -0.19508803847411 0.98078573462522 0
		outer loop
			vertex 10.01039981842 0.81655752658844 0.16599999368191
			vertex 10.022451400757 0.81895470619202 0
			vertex 10.01039981842 0.81655752658844 0
		endloop
	endfacet
	facet normal -0.55557974375575 0.83146325735314 0
		outer loop
			vertex 10.022451400757 0.81895470619202 0.16599999368191
			vertex 10.032668113708 0.82578146457672 0
			vertex 10.022451400757 0.81895470619202 0
		endloop
	endfacet
	facet normal -0.83144534156405 0.55560655502922 0
		outer loop
			vertex 10.032668113708 0.82578146457672 0.16599999368191
			vertex 10.03949546814 0.83599835634232 0
			vertex 10.032668113708 0.82578146457672 0
		endloop
	endfacet
	facet normal -0.98079519956338 0.19504044840348 0
		outer loop
			vertex 10.03949546814 0.83599835634232 0.16599999368191
			vertex 10.041892051697 0.84804999828339 0
			vertex 10.03949546814 0.83599835634232 0
		endloop
	endfacet
	facet normal -0.98079519956338 -0.19504044840348 -0
		outer loop
			vertex 10.041892051697 0.84804999828339 0.16599999368191
			vertex 10.03949546814 0.86010164022446 0
			vertex 10.041892051697 0.84804999828339 0
		endloop
	endfacet
	facet normal -0.19509270461488 -0.98078480647186 -0
		outer loop
			vertex 10.022451400757 0.87714529037476 0.16599999368191
			vertex 10.01039981842 0.87954252958298 0
			vertex 10.022451400757 0.87714529037476 0
		endloop
	endfacet
	facet normal -0.55557974375575 -0.83146325735314 -0
		outer loop
			vertex 10.032668113708 0.87031853199005 0.16599999368191
			vertex 10.022451400757 0.87714529037476 0
			vertex 10.032668113708 0.87031853199005 0
		endloop
	endfacet
	facet normal -0.83144534156405 -0.55560655502922 -0
		outer loop
			vertex 10.03949546814 0.86010164022446 0.16599999368191
			vertex 10.032668113708 0.87031853199005 0
			vertex 10.03949546814 0.86010164022446 0
		endloop
	endfacet
	facet normal -0.19508803847411 0.98078573462522 0
		outer loop
			vertex 10.01039981842 0.81655752658844 0.16599999368191
			vertex 10.022451400757 0.81895470619202 0.16599999368191
			vertex 10.022451400757 0.81895470619202 0
		endloop
	endfacet
	facet normal -0.55557974375575 0.83146325735314 0
		outer loop
			vertex 10.032668113708 0.82578146457672 0.16599999368191
			vertex 10.032668113708 0.82578146457672 0
			vertex 10.022451400757 0.81895470619202 0.16599999368191
		endloop
	endfacet
	facet normal -0.83144534156405 0.55560655502922 0
		outer loop
			vertex 10.03949546814 0.83599835634232 0.16599999368191
			vertex 10.03949546814 0.83599835634232 0
			vertex 10.032668113708 0.82578146457672 0.16599999368191
		endloop
	endfacet
	facet normal -0.98079519956338 -0.19504044840348 -0
		outer loop
			vertex 10.03949546814 0.86010164022446 0.16599999368191
			vertex 10.03949546814 0.86010164022446 0
			vertex 10.041892051697 0.84804999828339 0.16599999368191
		endloop
	endfacet
	facet normal -0.98079519956338 0.19504044840348 0
		outer loop
			vertex 10.041892051697 0.84804999828339 0.16599999368191
			vertex 10.041892051697 0.84804999828339 0
			vertex 10.03949546814 0.83599835634232 0.16599999368191
		endloop
	endfacet
	facet normal -0.19509270461488 -0.98078480647186 -0
		outer loop
			vertex 10.01039981842 0.87954252958298 0.16599999368191
			vertex 10.01039981842 0.87954252958298 0
			vertex 10.022451400757 0.87714529037476 0.16599999368191
		endloop
	endfacet
	facet normal -0.55557974375575 -0.83146325735314 -0
		outer loop
			vertex 10.022451400757 0.87714529037476 0.16599999368191
			vertex 10.022451400757 0.87714529037476 0
			vertex 10.032668113708 0.87031853199005 0.16599999368191
		endloop
	endfacet
	facet normal -0.83144534156405 -0.55560655502922 -0
		outer loop
			vertex 10.032668113708 0.87031853199005 0.16599999368191
			vertex 10.032668113708 0.87031853199005 0
			vertex 10.03949546814 0.86010164022446 0.16599999368191
		endloop
	endfacet
	facet normal 0 0 -1
		outer loop
			vertex 10.01039981842 0.87954252958298 0.16599999368191
			vertex 10.022451400757 0.81895470619202 0.16599999368191
			vertex 10.01039981842 0.81655752658844 0.16599999368191
		endloop
	endfacet
	facet normal 0 0 -1
		outer loop
			vertex 10.01039981842 0.87954252958298 0.16599999368191
			vertex 10.022451400757 0.87714529037476 0.16599999368191
			vertex 10.022451400757 0.81895470619202 0.16599999368191
		endloop
	endfacet
	facet normal 0 0 -1
		outer loop
			vertex 10.022451400757 0.87714529037476 0.16599999368191
			vertex 10.032668113708 0.82578146457672 0.16599999368191
			vertex 10.022451400757 0.81895470619202 0.16599999368191
		endloop
	endfacet
	facet normal 0 0 -1
		outer loop
			vertex 10.022451400757 0.87714529037476 0.16599999368191
			vertex 10.032668113708 0.87031853199005 0.16599999368191
			vertex 10.032668113708 0.82578146457672 0.16599999368191
		endloop
	endfacet
	facet normal 0 0 -1
		outer loop
			vertex 10.032668113708 0.87031853199005 0.16599999368191
			vertex 10.03949546814 0.86010164022446 0.16599999368191
			vertex 10.03949546814 0.83599835634232 0.16599999368191
		endloop
	endfacet
	facet normal 0 0 -1
		outer loop
			vertex 10.032668113708 0.87031853199005 0.16599999368191
			vertex 10.03949546814 0.83599835634232 0.16599999368191
			vertex 10.032668113708 0.82578146457672 0.16599999368191
		endloop
	endfacet
	facet normal 0 0 -1
		outer loop
			vertex 10.03949546814 0.86010164022446 0.16599999368191
			vertex 10.041892051697 0.84804999828339 0.16599999368191
			vertex 10.03949546814 0.83599835634232 0.16599999368191
		endloop
	endfacet
	facet normal 0.83201998575017 -0.55474565641588 0
		outer loop
			vertex 10.161227226257 0.90633010864258 0.16599999368191
			vertex 10.160891532898 0.90582662820816 0
			vertex 10.161227226257 0.90633010864258 0
		endloop
	endfacet
	facet normal 0.55470037793185 0.83205017320007 0
		outer loop
			vertex 10.160891532898 0.90582662820816 0.16599999368191
			vertex 10.286861419678 0.82184666395187 0
			vertex 10.160891532898 0.90582662820816 0
		endloop
	endfacet
	facet normal -0.83201998575017 0.55474565641588 0
		outer loop
			vertex 10.286861419678 0.82184666395187 0.16599999368191
			vertex 10.287197113037 0.82235014438629 0
			vertex 10.286861419678 0.82184666395187 0
		endloop
	endfacet
	facet normal -0.55469737251555 -0.83205217680404 -0
		outer loop
			vertex 10.272837638855 0.90689426660538 0.16599999368191
			vertex 10.195828437805 0.95823335647583 0
			vertex 10.272837638855 0.90689426660538 0
		endloop
	endfacet
	facet normal 0.83274731451534 -0.55365324000451 0
		outer loop
			vertex 10.195828437805 0.95823335647583 0.16599999368191
			vertex 10.19549369812 0.95772987604141 0
			vertex 10.195828437805 0.95823335647583 0
		endloop
	endfacet
	facet normal 0.83201998575017 -0.55474565641588 0
		outer loop
			vertex 10.161227226257 0.90633010864258 0.16599999368191
			vertex 10.160891532898 0.90582662820816 0.16599999368191
			vertex 10.160891532898 0.90582662820816 0
		endloop
	endfacet
	facet normal 0.55470037793185 0.83205017320007 0
		outer loop
			vertex 10.160891532898 0.90582662820816 0.16599999368191
			vertex 10.286861419678 0.82184666395187 0.16599999368191
			vertex 10.286861419678 0.82184666395187 0
		endloop
	endfacet
	facet normal -0.83201998575017 0.55474565641588 0
		outer loop
			vertex 10.287197113037 0.82235014438629 0.16599999368191
			vertex 10.287197113037 0.82235014438629 0
			vertex 10.286861419678 0.82184666395187 0.16599999368191
		endloop
	endfacet
	facet normal 0.83274731451534 -0.55365324000451 0
		outer loop
			vertex 10.195828437805 0.95823335647583 0.16599999368191
			vertex 10.19549369812 0.95772987604141 0.16599999368191
			vertex 10.19549369812 0.95772987604141 0
		endloop
	endfacet
	facet normal -0.55469737251555 -0.83205217680404 -0
		outer loop
			vertex 10.195828437805 0.95823335647583 0.16599999368191
			vertex 10.195828437805 0.95823335647583 0
			vertex 10.272837638855 0.90689426660538 0.16599999368191
		endloop
	endfacet
	facet normal 0 0 -1
		outer loop
			vertex 10.161227226257 0.90633010864258 0.16599999368191
			vertex 10.164620399475 0.91142058372498 0.16599999368191
			vertex 10.272837638855 0.88346362113953 0.16599999368191
		endloop
	endfacet
	facet normal 0 -0 -1
		outer loop
			vertex 10.161227226257 0.90633010864258 0.16599999368191
			vertex 10.272837638855 0.88346362113953 0.16599999368191
			vertex 10.160891532898 0.90582662820816 0.16599999368191
		endloop
	endfacet
	facet normal 0 -0 -1
		outer loop
			vertex 10.19549369812 0.95772987604141 0.16599999368191
			vertex 10.272837638855 0.88346362113953 0.16599999368191
			vertex 10.164620399475 0.91142058372498 0.16599999368191
		endloop
	endfacet
	facet normal 0 0 -1
		outer loop
			vertex 10.160891532898 0.90582662820816 0.16599999368191
			vertex 10.290590286255 0.82744061946869 0.16599999368191
			vertex 10.287197113037 0.82235014438629 0.16599999368191
		endloop
	endfacet
	facet normal 0 0 -1
		outer loop
			vertex 10.160891532898 0.90582662820816 0.16599999368191
			vertex 10.287197113037 0.82235014438629 0.16599999368191
			vertex 10.286861419678 0.82184666395187 0.16599999368191
		endloop
	endfacet
	facet normal 0 0 -1
		outer loop
			vertex 10.272837638855 0.88346362113953 0.16599999368191
			vertex 10.304329872131 0.84804999828339 0.16599999368191
			vertex 10.290590286255 0.82744061946869 0.16599999368191
		endloop
	endfacet
	facet normal 0 0 -1
		outer loop
			vertex 10.160891532898 0.90582662820816 0.16599999368191
			vertex 10.272837638855 0.88346362113953 0.16599999368191
			vertex 10.290590286255 0.82744061946869 0.16599999368191
		endloop
	endfacet
	facet normal 0 0 -1
		outer loop
			vertex 10.19549369812 0.95772987604141 0.16599999368191
			vertex 10.272837638855 0.90689426660538 0.16599999368191
			vertex 10.272837638855 0.88346362113953 0.16599999368191
		endloop
	endfacet
	facet normal 0 -0 -1
		outer loop
			vertex 10.195828437805 0.95823335647583 0.16599999368191
			vertex 10.272837638855 0.90689426660538 0.16599999368191
			vertex 10.19549369812 0.95772987604141 0.16599999368191
		endloop
	endfacet
	facet normal 1 0 0
		outer loop
			vertex 10.272837638855 0.90689426660538 0.16599999368191
			vertex 10.272837638855 0.90689426660538 0
			vertex 10.272837638855 1.1733434200287 0
		endloop
	endfacet
	facet normal 1 0 0
		outer loop
			vertex 10.272837638855 1.2364574670792 0.16599999368191
			vertex 10.272837638855 1.1733434200287 0
			vertex 10.272837638855 1.2364574670792 0
		endloop
	endfacet
	facet normal -1 0 -0
		outer loop
			vertex 10.335822105408 1.2364574670792 0.16599999368191
			vertex 10.335822105408 1.2364574670792 0
			vertex 10.335822105408 0.84804999828339 0
		endloop
	endfacet
	facet normal -1 -0 0
		outer loop
			vertex 10.335822105408 1.2364574670792 0.16599999368191
			vertex 10.335822105408 0.84804999828339 0
			vertex 10.335822105408 0.84804999828339 0.16599999368191
		endloop
	endfacet
	facet normal 1 0 0
		outer loop
			vertex 10.272837638855 1.2364574670792 0.16599999368191
			vertex 10.272837638855 0.90689426660538 0.16599999368191
			vertex 10.272837638855 1.1733434200287 0
		endloop
	endfacet
	facet normal 0 0 -1
		outer loop
			vertex 10.272837638855 0.90689426660538 0.16599999368191
			vertex 10.335822105408 0.84804999828339 0.16599999368191
			vertex 10.272837638855 0.88346362113953 0.16599999368191
		endloop
	endfacet
	facet normal 0 -0 -1
		outer loop
			vertex 10.277561187744 1.2364574670792 0.16599999368191
			vertex 10.335822105408 0.84804999828339 0.16599999368191
			vertex 10.272837638855 0.90689426660538 0.16599999368191
		endloop
	endfacet
	facet normal 0 0 -1
		outer loop
			vertex 10.272837638855 0.88346362113953 0.16599999368191
			vertex 10.335822105408 0.84804999828339 0.16599999368191
			vertex 10.304329872131 0.84804999828339 0.16599999368191
		endloop
	endfacet
	facet normal 0 0 -1
		outer loop
			vertex 10.272837638855 1.2364574670792 0.16599999368191
			vertex 10.277561187744 1.2364574670792 0.16599999368191
			vertex 10.272837638855 0.90689426660538 0.16599999368191
		endloop
	endfacet
	facet normal 0 0 -1
		outer loop
			vertex 10.277561187744 1.2364574670792 0.16599999368191
			vertex 10.335822105408 1.2364574670792 0.16599999368191
			vertex 10.335822105408 0.84804999828339 0.16599999368191
		endloop
	endfacet
	facet normal 0.98079519956338 -0.19504044840348 0
		outer loop
			vertex 10.149264335632 0.94408166408539 0.16599999368191
			vertex 10.146867752075 0.93203002214432 0
			vertex 10.149264335632 0.94408166408539 0
		endloop
	endfacet
	facet normal 0.98079538408977 0.19503952047777 0
		outer loop
			vertex 10.146867752075 0.93203002214432 0.16599999368191
			vertex 10.149264335632 0.9199783205986 0
			vertex 10.146867752075 0.93203002214432 0
		endloop
	endfacet
	facet normal 0.55555507846226 0.83147973805427 0
		outer loop
			vertex 10.156091690063 0.90976142883301 0.16599999368191
			vertex 10.161227226257 0.90633010864258 0
			vertex 10.156091690063 0.90976142883301 0
		endloop
	endfacet
	facet normal 0.83144534156405 0.55560655502922 0
		outer loop
			vertex 10.149264335632 0.9199783205986 0.16599999368191
			vertex 10.156091690063 0.90976142883301 0
			vertex 10.149264335632 0.9199783205986 0
		endloop
	endfacet
	facet normal 0.83144534156405 -0.55560655502922 0
		outer loop
			vertex 10.156091690063 0.95429855585098 0.16599999368191
			vertex 10.149264335632 0.94408166408539 0
			vertex 10.156091690063 0.95429855585098 0
		endloop
	endfacet
	facet normal 0.55557639024382 -0.83146549814388 0
		outer loop
			vertex 10.166308403015 0.96112525463104 0.16599999368191
			vertex 10.156091690063 0.95429855585098 0
			vertex 10.166308403015 0.96112525463104 0
		endloop
	endfacet
	facet normal 0.19509270461488 -0.98078480647186 0
		outer loop
			vertex 10.178359985352 0.96352249383926 0.16599999368191
			vertex 10.166308403015 0.96112525463104 0
			vertex 10.178359985352 0.96352249383926 0
		endloop
	endfacet
	facet normal -0.19509270461488 -0.98078480647186 -0
		outer loop
			vertex 10.190411567688 0.96112525463104 0.16599999368191
			vertex 10.178359985352 0.96352249383926 0
			vertex 10.190411567688 0.96112525463104 0
		endloop
	endfacet
	facet normal -0.55552584703735 -0.83149926835412 -0
		outer loop
			vertex 10.19549369812 0.95772987604141 0.16599999368191
			vertex 10.190411567688 0.96112525463104 0
			vertex 10.19549369812 0.95772987604141 0
		endloop
	endfacet
	facet normal 0.98079538408977 0.19503952047777 0
		outer loop
			vertex 10.146867752075 0.93203002214432 0.16599999368191
			vertex 10.149264335632 0.9199783205986 0.16599999368191
			vertex 10.149264335632 0.9199783205986 0
		endloop
	endfacet
	facet normal 0.98079519956338 -0.19504044840348 0
		outer loop
			vertex 10.149264335632 0.94408166408539 0.16599999368191
			vertex 10.146867752075 0.93203002214432 0.16599999368191
			vertex 10.146867752075 0.93203002214432 0
		endloop
	endfacet
	facet normal 0.55555507846226 0.83147973805427 0
		outer loop
			vertex 10.156091690063 0.90976142883301 0.16599999368191
			vertex 10.161227226257 0.90633010864258 0.16599999368191
			vertex 10.161227226257 0.90633010864258 0
		endloop
	endfacet
	facet normal 0.83144534156405 0.55560655502922 0
		outer loop
			vertex 10.149264335632 0.9199783205986 0.16599999368191
			vertex 10.156091690063 0.90976142883301 0.16599999368191
			vertex 10.156091690063 0.90976142883301 0
		endloop
	endfacet
	facet normal 0.83144534156405 -0.55560655502922 0
		outer loop
			vertex 10.156091690063 0.95429855585098 0.16599999368191
			vertex 10.149264335632 0.94408166408539 0.16599999368191
			vertex 10.149264335632 0.94408166408539 0
		endloop
	endfacet
	facet normal 0.55557639024382 -0.83146549814388 0
		outer loop
			vertex 10.156091690063 0.95429855585098 0.16599999368191
			vertex 10.156091690063 0.95429855585098 0
			vertex 10.166308403015 0.96112525463104 0.16599999368191
		endloop
	endfacet
	facet normal 0.19509270461488 -0.98078480647186 0
		outer loop
			vertex 10.166308403015 0.96112525463104 0.16599999368191
			vertex 10.166308403015 0.96112525463104 0
			vertex 10.178359985352 0.96352249383926 0.16599999368191
		endloop
	endfacet
	facet normal -0.19509270461488 -0.98078480647186 -0
		outer loop
			vertex 10.178359985352 0.96352249383926 0.16599999368191
			vertex 10.178359985352 0.96352249383926 0
			vertex 10.190411567688 0.96112525463104 0.16599999368191
		endloop
	endfacet
	facet normal -0.55552584703735 -0.83149926835412 -0
		outer loop
			vertex 10.190411567688 0.96112525463104 0.16599999368191
			vertex 10.190411567688 0.96112525463104 0
			vertex 10.19549369812 0.95772987604141 0.16599999368191
		endloop
	endfacet
	facet normal 0 -0 -1
		outer loop
			vertex 10.149264335632 0.94408166408539 0.16599999368191
			vertex 10.149264335632 0.9199783205986 0.16599999368191
			vertex 10.146867752075 0.93203002214432 0.16599999368191
		endloop
	endfacet
	facet normal 0 0 -1
		outer loop
			vertex 10.149264335632 0.94408166408539 0.16599999368191
			vertex 10.156091690063 0.90976142883301 0.16599999368191
			vertex 10.149264335632 0.9199783205986 0.16599999368191
		endloop
	endfacet
	facet normal 0 0 -1
		outer loop
			vertex 10.156091690063 0.95429855585098 0.16599999368191
			vertex 10.164620399475 0.91142058372498 0.16599999368191
			vertex 10.156091690063 0.90976142883301 0.16599999368191
		endloop
	endfacet
	facet normal 0 0 -1
		outer loop
			vertex 10.156091690063 0.90976142883301 0.16599999368191
			vertex 10.164620399475 0.91142058372498 0.16599999368191
			vertex 10.161227226257 0.90633010864258 0.16599999368191
		endloop
	endfacet
	facet normal 0 -0 -1
		outer loop
			vertex 10.156091690063 0.95429855585098 0.16599999368191
			vertex 10.156091690063 0.90976142883301 0.16599999368191
			vertex 10.149264335632 0.94408166408539 0.16599999368191
		endloop
	endfacet
	facet normal 0 0 -1
		outer loop
			vertex 10.156091690063 0.95429855585098 0.16599999368191
			vertex 10.19549369812 0.95772987604141 0.16599999368191
			vertex 10.164620399475 0.91142058372498 0.16599999368191
		endloop
	endfacet
	facet normal 0 0 -1
		outer loop
			vertex 10.156091690063 0.95429855585098 0.16599999368191
			vertex 10.166308403015 0.96112525463104 0.16599999368191
			vertex 10.19549369812 0.95772987604141 0.16599999368191
		endloop
	endfacet
	facet normal 0 0 -1
		outer loop
			vertex 10.166308403015 0.96112525463104 0.16599999368191
			vertex 10.178359985352 0.96352249383926 0.16599999368191
			vertex 10.19549369812 0.95772987604141 0.16599999368191
		endloop
	endfacet
	facet normal 0 0 -1
		outer loop
			vertex 10.178359985352 0.96352249383926 0.16599999368191
			vertex 10.190411567688 0.96112525463104 0.16599999368191
			vertex 10.19549369812 0.95772987604141 0.16599999368191
		endloop
	endfacet
	facet normal 0.55560467143316 0.83144660025864 0
		outer loop
			vertex 10.287197113037 0.82235014438629 0.16599999368191
			vertex 10.292278289795 0.81895470619202 0
			vertex 10.287197113037 0.82235014438629 0
		endloop
	endfacet
	facet normal 0.19508803847411 0.98078573462522 0
		outer loop
			vertex 10.292278289795 0.81895470619202 0.16599999368191
			vertex 10.304329872131 0.81655752658844 0
			vertex 10.292278289795 0.81895470619202 0
		endloop
	endfacet
	facet normal -0.19508803847411 0.98078573462522 0
		outer loop
			vertex 10.304329872131 0.81655752658844 0.16599999368191
			vertex 10.316381454468 0.81895470619202 0
			vertex 10.304329872131 0.81655752658844 0
		endloop
	endfacet
	facet normal -0.55557974375575 0.83146325735314 0
		outer loop
			vertex 10.316381454468 0.81895470619202 0.16599999368191
			vertex 10.326598167419 0.82578146457672 0
			vertex 10.316381454468 0.81895470619202 0
		endloop
	endfacet
	facet normal -0.98079519956338 0.19504044840348 0
		outer loop
			vertex 10.333425521851 0.83599835634232 0.16599999368191
			vertex 10.335822105408 0.84804999828339 0
			vertex 10.333425521851 0.83599835634232 0
		endloop
	endfacet
	facet normal -0.83144534156405 0.55560655502922 0
		outer loop
			vertex 10.326598167419 0.82578146457672 0.16599999368191
			vertex 10.333425521851 0.83599835634232 0
			vertex 10.326598167419 0.82578146457672 0
		endloop
	endfacet
	facet normal 0.55560467143316 0.83144660025864 0
		outer loop
			vertex 10.287197113037 0.82235014438629 0.16599999368191
			vertex 10.292278289795 0.81895470619202 0.16599999368191
			vertex 10.292278289795 0.81895470619202 0
		endloop
	endfacet
	facet normal 0.19508803847411 0.98078573462522 0
		outer loop
			vertex 10.292278289795 0.81895470619202 0.16599999368191
			vertex 10.304329872131 0.81655752658844 0.16599999368191
			vertex 10.304329872131 0.81655752658844 0
		endloop
	endfacet
	facet normal -0.19508803847411 0.98078573462522 0
		outer loop
			vertex 10.304329872131 0.81655752658844 0.16599999368191
			vertex 10.316381454468 0.81895470619202 0.16599999368191
			vertex 10.316381454468 0.81895470619202 0
		endloop
	endfacet
	facet normal -0.55557974375575 0.83146325735314 0
		outer loop
			vertex 10.326598167419 0.82578146457672 0.16599999368191
			vertex 10.326598167419 0.82578146457672 0
			vertex 10.316381454468 0.81895470619202 0.16599999368191
		endloop
	endfacet
	facet normal -0.83144534156405 0.55560655502922 0
		outer loop
			vertex 10.333425521851 0.83599835634232 0.16599999368191
			vertex 10.333425521851 0.83599835634232 0
			vertex 10.326598167419 0.82578146457672 0.16599999368191
		endloop
	endfacet
	facet normal -0.98079519956338 0.19504044840348 0
		outer loop
			vertex 10.335822105408 0.84804999828339 0.16599999368191
			vertex 10.335822105408 0.84804999828339 0
			vertex 10.333425521851 0.83599835634232 0.16599999368191
		endloop
	endfacet
	facet normal 0 -0 -1
		outer loop
			vertex 10.290590286255 0.82744061946869 0.16599999368191
			vertex 10.292278289795 0.81895470619202 0.16599999368191
			vertex 10.287197113037 0.82235014438629 0.16599999368191
		endloop
	endfacet
	facet normal 0 0 -1
		outer loop
			vertex 10.290590286255 0.82744061946869 0.16599999368191
			vertex 10.304329872131 0.81655752658844 0.16599999368191
			vertex 10.292278289795 0.81895470619202 0.16599999368191
		endloop
	endfacet
	facet normal 0 0 -1
		outer loop
			vertex 10.290590286255 0.82744061946869 0.16599999368191
			vertex 10.316381454468 0.81895470619202 0.16599999368191
			vertex 10.304329872131 0.81655752658844 0.16599999368191
		endloop
	endfacet
	facet normal 0 0 -1
		outer loop
			vertex 10.290590286255 0.82744061946869 0.16599999368191
			vertex 10.326598167419 0.82578146457672 0.16599999368191
			vertex 10.316381454468 0.81895470619202 0.16599999368191
		endloop
	endfacet
	facet normal 0 -0 -1
		outer loop
			vertex 10.304329872131 0.84804999828339 0.16599999368191
			vertex 10.335822105408 0.84804999828339 0.16599999368191
			vertex 10.290590286255 0.82744061946869 0.16599999368191
		endloop
	endfacet
	facet normal 0 0 -1
		outer loop
			vertex 10.290590286255 0.82744061946869 0.16599999368191
			vertex 10.335822105408 0.84804999828339 0.16599999368191
			vertex 10.326598167419 0.82578146457672 0.16599999368191
		endloop
	endfacet
	facet normal 0 0 -1
		outer loop
			vertex 10.335822105408 0.84804999828339 0.16599999368191
			vertex 10.333425521851 0.83599835634232 0.16599999368191
			vertex 10.326598167419 0.82578146457672 0.16599999368191
		endloop
	endfacet
	facet normal 0 1 0
		outer loop
			vertex 10.178359985352 1.2364574670792 0.16599999368191
			vertex 10.272837638855 1.2364574670792 0
			vertex 10.178359985352 1.2364574670792 0
		endloop
	endfacet
	facet normal 0 1 0
		outer loop
			vertex 10.335822105408 1.2364574670792 0.16599999368191
			vertex 10.430299758911 1.2364574670792 0
			vertex 10.335822105408 1.2364574670792 0
		endloop
	endfacet
	facet normal 0 -1 -0
		outer loop
			vertex 10.430299758911 1.2994425296783 0.16599999368191
			vertex 10.178359985352 1.2994425296783 0
			vertex 10.430299758911 1.2994425296783 0
		endloop
	endfacet
	facet normal -0 1 0
		outer loop
			vertex 10.178359985352 1.2364574670792 0.16599999368191
			vertex 10.272837638855 1.2364574670792 0.16599999368191
			vertex 10.272837638855 1.2364574670792 0
		endloop
	endfacet
	facet normal 0 -1 0
		outer loop
			vertex 10.178359985352 1.2994425296783 0.16599999368191
			vertex 10.178359985352 1.2994425296783 0
			vertex 10.430299758911 1.2994425296783 0.16599999368191
		endloop
	endfacet
	facet normal -0 1 0
		outer loop
			vertex 10.335822105408 1.2364574670792 0.16599999368191
			vertex 10.430299758911 1.2364574670792 0.16599999368191
			vertex 10.430299758911 1.2364574670792 0
		endloop
	endfacet
	facet normal 0 0 -1
		outer loop
			vertex 10.178359985352 1.2994425296783 0.16599999368191
			vertex 10.272837638855 1.2364574670792 0.16599999368191
			vertex 10.178359985352 1.2364574670792 0.16599999368191
		endloop
	endfacet
	facet normal 0 0 -1
		outer loop
			vertex 10.178359985352 1.2994425296783 0.16599999368191
			vertex 10.277561187744 1.2364574670792 0.16599999368191
			vertex 10.272837638855 1.2364574670792 0.16599999368191
		endloop
	endfacet
	facet normal 0 0 -1
		outer loop
			vertex 10.178359985352 1.2994425296783 0.16599999368191
			vertex 10.335822105408 1.2364574670792 0.16599999368191
			vertex 10.277561187744 1.2364574670792 0.16599999368191
		endloop
	endfacet
	facet normal 0 0 -1
		outer loop
			vertex 10.178359985352 1.2994425296783 0.16599999368191
			vertex 10.430299758911 1.2364574670792 0.16599999368191
			vertex 10.335822105408 1.2364574670792 0.16599999368191
		endloop
	endfacet
	facet normal 0 0 -1
		outer loop
			vertex 10.178359985352 1.2994425296783 0.16599999368191
			vertex 10.430299758911 1.2994425296783 0.16599999368191
			vertex 10.430299758911 1.2364574670792 0.16599999368191
		endloop
	endfacet
	facet normal 0.98079538408977 0.19503952047777 0
		outer loop
			vertex 10.146867752075 1.2679500579834 0.16599999368191
			vertex 10.149264335632 1.2558983564377 0
			vertex 10.146867752075 1.2679500579834 0
		endloop
	endfacet
	facet normal 0.98079501503435 -0.19504137633784 0
		outer loop
			vertex 10.149264335632 1.2800016403198 0.16599999368191
			vertex 10.146867752075 1.2679500579834 0
			vertex 10.149264335632 1.2800016403198 0
		endloop
	endfacet
	facet normal 0.8314468389271 0.55560431427243 0
		outer loop
			vertex 10.149264335632 1.2558983564377 0.16599999368191
			vertex 10.156091690063 1.2456814050674 0
			vertex 10.149264335632 1.2558983564377 0
		endloop
	endfacet
	facet normal 0.55557303670478 0.83146773893316 0
		outer loop
			vertex 10.156091690063 1.2456814050674 0.16599999368191
			vertex 10.166308403015 1.238854765892 0
			vertex 10.156091690063 1.2456814050674 0
		endloop
	endfacet
	facet normal 0.1950973707424 0.98078387829807 0
		outer loop
			vertex 10.166308403015 1.238854765892 0.16599999368191
			vertex 10.178359985352 1.2364574670792 0
			vertex 10.166308403015 1.238854765892 0
		endloop
	endfacet
	facet normal 0.8314468389271 -0.55560431427243 0
		outer loop
			vertex 10.156091690063 1.2902185916901 0.16599999368191
			vertex 10.149264335632 1.2800016403198 0
			vertex 10.156091690063 1.2902185916901 0
		endloop
	endfacet
	facet normal 0.55557303670478 -0.83146773893316 0
		outer loop
			vertex 10.166308403015 1.2970452308655 0.16599999368191
			vertex 10.156091690063 1.2902185916901 0
			vertex 10.166308403015 1.2970452308655 0
		endloop
	endfacet
	facet normal 0.1950973707424 -0.98078387829807 0
		outer loop
			vertex 10.178359985352 1.2994425296783 0.16599999368191
			vertex 10.166308403015 1.2970452308655 0
			vertex 10.178359985352 1.2994425296783 0
		endloop
	endfacet
	facet normal 0.98079501503435 -0.19504137633784 0
		outer loop
			vertex 10.149264335632 1.2800016403198 0.16599999368191
			vertex 10.146867752075 1.2679500579834 0.16599999368191
			vertex 10.146867752075 1.2679500579834 0
		endloop
	endfacet
	facet normal 0.98079538408977 0.19503952047777 0
		outer loop
			vertex 10.146867752075 1.2679500579834 0.16599999368191
			vertex 10.149264335632 1.2558983564377 0.16599999368191
			vertex 10.149264335632 1.2558983564377 0
		endloop
	endfacet
	facet normal 0.8314468389271 0.55560431427243 0
		outer loop
			vertex 10.149264335632 1.2558983564377 0.16599999368191
			vertex 10.156091690063 1.2456814050674 0.16599999368191
			vertex 10.156091690063 1.2456814050674 0
		endloop
	endfacet
	facet normal 0.55557303670478 0.83146773893316 0
		outer loop
			vertex 10.156091690063 1.2456814050674 0.16599999368191
			vertex 10.166308403015 1.238854765892 0.16599999368191
			vertex 10.166308403015 1.238854765892 0
		endloop
	endfacet
	facet normal 0.1950973707424 0.98078387829807 0
		outer loop
			vertex 10.166308403015 1.238854765892 0.16599999368191
			vertex 10.178359985352 1.2364574670792 0.16599999368191
			vertex 10.178359985352 1.2364574670792 0
		endloop
	endfacet
	facet normal 0.8314468389271 -0.55560431427243 0
		outer loop
			vertex 10.156091690063 1.2902185916901 0.16599999368191
			vertex 10.149264335632 1.2800016403198 0.16599999368191
			vertex 10.149264335632 1.2800016403198 0
		endloop
	endfacet
	facet normal 0.55557303670478 -0.83146773893316 0
		outer loop
			vertex 10.156091690063 1.2902185916901 0.16599999368191
			vertex 10.156091690063 1.2902185916901 0
			vertex 10.166308403015 1.2970452308655 0.16599999368191
		endloop
	endfacet
	facet normal 0.1950973707424 -0.98078387829807 0
		outer loop
			vertex 10.166308403015 1.2970452308655 0.16599999368191
			vertex 10.166308403015 1.2970452308655 0
			vertex 10.178359985352 1.2994425296783 0.16599999368191
		endloop
	endfacet
	facet normal 0 -0 -1
		outer loop
			vertex 10.149264335632 1.2800016403198 0.16599999368191
			vertex 10.149264335632 1.2558983564377 0.16599999368191
			vertex 10.146867752075 1.2679500579834 0.16599999368191
		endloop
	endfacet
	facet normal 0 -0 -1
		outer loop
			vertex 10.156091690063 1.2902185916901 0.16599999368191
			vertex 10.156091690063 1.2456814050674 0.16599999368191
			vertex 10.149264335632 1.2800016403198 0.16599999368191
		endloop
	endfacet
	facet normal 0 0 -1
		outer loop
			vertex 10.149264335632 1.2800016403198 0.16599999368191
			vertex 10.156091690063 1.2456814050674 0.16599999368191
			vertex 10.149264335632 1.2558983564377 0.16599999368191
		endloop
	endfacet
	facet normal 0 0 -1
		outer loop
			vertex 10.156091690063 1.2902185916901 0.16599999368191
			vertex 10.166308403015 1.238854765892 0.16599999368191
			vertex 10.156091690063 1.2456814050674 0.16599999368191
		endloop
	endfacet
	facet normal 0 0 -1
		outer loop
			vertex 10.156091690063 1.2902185916901 0.16599999368191
			vertex 10.166308403015 1.2970452308655 0.16599999368191
			vertex 10.166308403015 1.238854765892 0.16599999368191
		endloop
	endfacet
	facet normal 0 0 -1
		outer loop
			vertex 10.166308403015 1.2970452308655 0.16599999368191
			vertex 10.178359985352 1.2364574670792 0.16599999368191
			vertex 10.166308403015 1.238854765892 0.16599999368191
		endloop
	endfacet
	facet normal 0 0 -1
		outer loop
			vertex 10.166308403015 1.2970452308655 0.16599999368191
			vertex 10.178359985352 1.2994425296783 0.16599999368191
			vertex 10.178359985352 1.2364574670792 0.16599999368191
		endloop
	endfacet
	facet normal -0.1950973707424 0.98078387829807 0
		outer loop
			vertex 10.430299758911 1.2364574670792 0.16599999368191
			vertex 10.442351341248 1.238854765892 0
			vertex 10.430299758911 1.2364574670792 0
		endloop
	endfacet
	facet normal -0.55553718588491 0.83149169274207 0
		outer loop
			vertex 10.442351341248 1.238854765892 0.16599999368191
			vertex 10.452569007874 1.2456814050674 0
			vertex 10.442351341248 1.238854765892 0
		endloop
	endfacet
	facet normal -0.1950973707424 -0.98078387829807 -0
		outer loop
			vertex 10.442351341248 1.2970452308655 0.16599999368191
			vertex 10.430299758911 1.2994425296783 0
			vertex 10.442351341248 1.2970452308655 0
		endloop
	endfacet
	facet normal -0.83148269073816 0.55555065925875 0
		outer loop
			vertex 10.452569007874 1.2456814050674 0.16599999368191
			vertex 10.45939540863 1.2558983564377 0
			vertex 10.452569007874 1.2456814050674 0
		endloop
	endfacet
	facet normal -0.98078016539847 -0.19511603512002 -0
		outer loop
			vertex 10.461792945862 1.2679500579834 0.16599999368191
			vertex 10.45939540863 1.2800016403198 0
			vertex 10.461792945862 1.2679500579834 0
		endloop
	endfacet
	facet normal -0.98078053473088 0.19511417860577 0
		outer loop
			vertex 10.45939540863 1.2558983564377 0.16599999368191
			vertex 10.461792945862 1.2679500579834 0
			vertex 10.45939540863 1.2558983564377 0
		endloop
	endfacet
	facet normal -0.83148269073816 -0.55555065925875 -0
		outer loop
			vertex 10.45939540863 1.2800016403198 0.16599999368191
			vertex 10.452569007874 1.2902185916901 0
			vertex 10.45939540863 1.2800016403198 0
		endloop
	endfacet
	facet normal -0.55553718588491 -0.83149169274207 -0
		outer loop
			vertex 10.452569007874 1.2902185916901 0.16599999368191
			vertex 10.442351341248 1.2970452308655 0
			vertex 10.452569007874 1.2902185916901 0
		endloop
	endfacet
	facet normal -0.1950973707424 0.98078387829807 0
		outer loop
			vertex 10.430299758911 1.2364574670792 0.16599999368191
			vertex 10.442351341248 1.238854765892 0.16599999368191
			vertex 10.442351341248 1.238854765892 0
		endloop
	endfacet
	facet normal -0.1950973707424 -0.98078387829807 -0
		outer loop
			vertex 10.430299758911 1.2994425296783 0.16599999368191
			vertex 10.430299758911 1.2994425296783 0
			vertex 10.442351341248 1.2970452308655 0.16599999368191
		endloop
	endfacet
	facet normal -0.55553718588491 -0.83149169274207 -0
		outer loop
			vertex 10.442351341248 1.2970452308655 0.16599999368191
			vertex 10.442351341248 1.2970452308655 0
			vertex 10.452569007874 1.2902185916901 0.16599999368191
		endloop
	endfacet
	facet normal -0.55553718588491 0.83149169274207 0
		outer loop
			vertex 10.452569007874 1.2456814050674 0.16599999368191
			vertex 10.452569007874 1.2456814050674 0
			vertex 10.442351341248 1.238854765892 0.16599999368191
		endloop
	endfacet
	facet normal -0.83148269073816 0.55555065925875 0
		outer loop
			vertex 10.45939540863 1.2558983564377 0.16599999368191
			vertex 10.45939540863 1.2558983564377 0
			vertex 10.452569007874 1.2456814050674 0.16599999368191
		endloop
	endfacet
	facet normal -0.98078053473088 0.19511417860577 0
		outer loop
			vertex 10.461792945862 1.2679500579834 0.16599999368191
			vertex 10.461792945862 1.2679500579834 0
			vertex 10.45939540863 1.2558983564377 0.16599999368191
		endloop
	endfacet
	facet normal -0.83148269073816 -0.55555065925875 -0
		outer loop
			vertex 10.452569007874 1.2902185916901 0.16599999368191
			vertex 10.452569007874 1.2902185916901 0
			vertex 10.45939540863 1.2800016403198 0.16599999368191
		endloop
	endfacet
	facet normal -0.98078016539847 -0.19511603512002 -0
		outer loop
			vertex 10.45939540863 1.2800016403198 0.16599999368191
			vertex 10.45939540863 1.2800016403198 0
			vertex 10.461792945862 1.2679500579834 0.16599999368191
		endloop
	endfacet
	facet normal 0 0 -1
		outer loop
			vertex 10.430299758911 1.2994425296783 0.16599999368191
			vertex 10.442351341248 1.238854765892 0.16599999368191
			vertex 10.430299758911 1.2364574670792 0.16599999368191
		endloop
	endfacet
	facet normal 0 0 -1
		outer loop
			vertex 10.442351341248 1.2970452308655 0.16599999368191
			vertex 10.452569007874 1.2456814050674 0.16599999368191
			vertex 10.442351341248 1.238854765892 0.16599999368191
		endloop
	endfacet
	facet normal 0 0 -1
		outer loop
			vertex 10.430299758911 1.2994425296783 0.16599999368191
			vertex 10.442351341248 1.2970452308655 0.16599999368191
			vertex 10.442351341248 1.238854765892 0.16599999368191
		endloop
	endfacet
	facet normal 0 0 -1
		outer loop
			vertex 10.45939540863 1.2800016403198 0.16599999368191
			vertex 10.461792945862 1.2679500579834 0.16599999368191
			vertex 10.45939540863 1.2558983564377 0.16599999368191
		endloop
	endfacet
	facet normal 0 0 -1
		outer loop
			vertex 10.452569007874 1.2902185916901 0.16599999368191
			vertex 10.45939540863 1.2558983564377 0.16599999368191
			vertex 10.452569007874 1.2456814050674 0.16599999368191
		endloop
	endfacet
	facet normal 0 0 -1
		outer loop
			vertex 10.442351341248 1.2970452308655 0.16599999368191
			vertex 10.452569007874 1.2902185916901 0.16599999368191
			vertex 10.452569007874 1.2456814050674 0.16599999368191
		endloop
	endfacet
	facet normal 0 0 -1
		outer loop
			vertex 10.452569007874 1.2902185916901 0.16599999368191
			vertex 10.45939540863 1.2800016403198 0.16599999368191
			vertex 10.45939540863 1.2558983564377 0.16599999368191
		endloop
	endfacet
	facet normal -1 0 0
		outer loop
			vertex 10.629752159119 0.84804999828339 0.16599999368191
			vertex 10.629752159119 1.0070440769196 0
			vertex 10.629752159119 0.84804999828339 0
		endloop
	endfacet
	facet normal 1 0 0
		outer loop
			vertex 10.566767692566 1.2679500579834 0.16599999368191
			vertex 10.566767692566 0.84804999828339 0
			vertex 10.566767692566 1.2679500579834 0
		endloop
	endfacet
	facet normal -1 0 0
		outer loop
			vertex 10.629752159119 1.1089559793472 0.16599999368191
			vertex 10.629752159119 1.2679500579834 0
			vertex 10.629752159119 1.1089559793472 0
		endloop
	endfacet
	facet normal 1 0 0
		outer loop
			vertex 10.566767692566 1.2679500579834 0.16599999368191
			vertex 10.566767692566 0.84804999828339 0.16599999368191
			vertex 10.566767692566 0.84804999828339 0
		endloop
	endfacet
	facet normal -1 -0 -0
		outer loop
			vertex 10.629752159119 1.0070440769196 0.16599999368191
			vertex 10.629752159119 1.0070440769196 0
			vertex 10.629752159119 0.84804999828339 0.16599999368191
		endloop
	endfacet
	facet normal -1 -0 -0
		outer loop
			vertex 10.629752159119 1.2679500579834 0.16599999368191
			vertex 10.629752159119 1.2679500579834 0
			vertex 10.629752159119 1.1089559793472 0.16599999368191
		endloop
	endfacet
	facet normal 0 -0 -1
		outer loop
			vertex 10.593401908875 1.0903861522675 0.16599999368191
			vertex 10.629752159119 0.84804999828339 0.16599999368191
			vertex 10.566767692566 0.84804999828339 0.16599999368191
		endloop
	endfacet
	facet normal 0 0 -1
		outer loop
			vertex 10.593401908875 1.0903861522675 0.16599999368191
			vertex 10.629752159119 1.0070440769196 0.16599999368191
			vertex 10.629752159119 0.84804999828339 0.16599999368191
		endloop
	endfacet
	facet normal 0 0 -1
		outer loop
			vertex 10.593401908875 1.0903861522675 0.16599999368191
			vertex 10.629752159119 1.0142070055008 0.16599999368191
			vertex 10.629752159119 1.0070440769196 0.16599999368191
		endloop
	endfacet
	facet normal 0 0 -1
		outer loop
			vertex 10.566767692566 1.2679500579834 0.16599999368191
			vertex 10.593401908875 1.0903861522675 0.16599999368191
			vertex 10.566767692566 0.84804999828339 0.16599999368191
		endloop
	endfacet
	facet normal 0 0 -1
		outer loop
			vertex 10.566767692566 1.2679500579834 0.16599999368191
			vertex 10.629752159119 1.1085963249207 0.16599999368191
			vertex 10.593401908875 1.0903861522675 0.16599999368191
		endloop
	endfacet
	facet normal 0 0 -1
		outer loop
			vertex 10.593401908875 1.0903861522675 0.16599999368191
			vertex 10.605690002441 1.0728594064713 0.16599999368191
			vertex 10.629752159119 1.0142070055008 0.16599999368191
		endloop
	endfacet
	facet normal 0 0 -1
		outer loop
			vertex 10.593401908875 1.0903861522675 0.16599999368191
			vertex 10.606049537659 1.0735787153244 0.16599999368191
			vertex 10.605690002441 1.0728594064713 0.16599999368191
		endloop
	endfacet
	facet normal 0 0 -1
		outer loop
			vertex 10.566767692566 1.2679500579834 0.16599999368191
			vertex 10.629752159119 1.1089559793472 0.16599999368191
			vertex 10.629752159119 1.1085963249207 0.16599999368191
		endloop
	endfacet
	facet normal 0 0 -1
		outer loop
			vertex 10.566767692566 1.2679500579834 0.16599999368191
			vertex 10.629752159119 1.2679500579834 0.16599999368191
			vertex 10.629752159119 1.1089559793472 0.16599999368191
		endloop
	endfacet
	facet normal 0.8314468389271 -0.55560431427243 0
		outer loop
			vertex 10.575991630554 1.2902185916901 0.16599999368191
			vertex 10.569164276123 1.2800016403198 0
			vertex 10.575991630554 1.2902185916901 0
		endloop
	endfacet
	facet normal 0.98079501503435 -0.19504137633784 0
		outer loop
			vertex 10.569164276123 1.2800016403198 0.16599999368191
			vertex 10.566767692566 1.2679500579834 0
			vertex 10.569164276123 1.2800016403198 0
		endloop
	endfacet
	facet normal 0.55557303670478 -0.83146773893316 0
		outer loop
			vertex 10.586208343506 1.2970452308655 0.16599999368191
			vertex 10.575991630554 1.2902185916901 0
			vertex 10.586208343506 1.2970452308655 0
		endloop
	endfacet
	facet normal 0.1950973707424 -0.98078387829807 0
		outer loop
			vertex 10.598259925842 1.2994425296783 0.16599999368191
			vertex 10.586208343506 1.2970452308655 0
			vertex 10.598259925842 1.2994425296783 0
		endloop
	endfacet
	facet normal -0.98079501503435 -0.19504137633784 -0
		outer loop
			vertex 10.629752159119 1.2679500579834 0.16599999368191
			vertex 10.627355575562 1.2800016403198 0
			vertex 10.629752159119 1.2679500579834 0
		endloop
	endfacet
	facet normal -0.8314468389271 -0.55560431427243 -0
		outer loop
			vertex 10.627355575562 1.2800016403198 0.16599999368191
			vertex 10.62052822113 1.2902185916901 0
			vertex 10.627355575562 1.2800016403198 0
		endloop
	endfacet
	facet normal -0.1950973707424 -0.98078387829807 -0
		outer loop
			vertex 10.610311508179 1.2970452308655 0.16599999368191
			vertex 10.598259925842 1.2994425296783 0
			vertex 10.610311508179 1.2970452308655 0
		endloop
	endfacet
	facet normal -0.55557303670478 -0.83146773893316 -0
		outer loop
			vertex 10.62052822113 1.2902185916901 0.16599999368191
			vertex 10.610311508179 1.2970452308655 0
			vertex 10.62052822113 1.2902185916901 0
		endloop
	endfacet
	facet normal 0.98079501503435 -0.19504137633784 0
		outer loop
			vertex 10.569164276123 1.2800016403198 0.16599999368191
			vertex 10.566767692566 1.2679500579834 0.16599999368191
			vertex 10.566767692566 1.2679500579834 0
		endloop
	endfacet
	facet normal 0.8314468389271 -0.55560431427243 0
		outer loop
			vertex 10.575991630554 1.2902185916901 0.16599999368191
			vertex 10.569164276123 1.2800016403198 0.16599999368191
			vertex 10.569164276123 1.2800016403198 0
		endloop
	endfacet
	facet normal 0.55557303670478 -0.83146773893316 0
		outer loop
			vertex 10.575991630554 1.2902185916901 0.16599999368191
			vertex 10.575991630554 1.2902185916901 0
			vertex 10.586208343506 1.2970452308655 0.16599999368191
		endloop
	endfacet
	facet normal 0.1950973707424 -0.98078387829807 0
		outer loop
			vertex 10.586208343506 1.2970452308655 0.16599999368191
			vertex 10.586208343506 1.2970452308655 0
			vertex 10.598259925842 1.2994425296783 0.16599999368191
		endloop
	endfacet
	facet normal -0.8314468389271 -0.55560431427243 -0
		outer loop
			vertex 10.62052822113 1.2902185916901 0.16599999368191
			vertex 10.62052822113 1.2902185916901 0
			vertex 10.627355575562 1.2800016403198 0.16599999368191
		endloop
	endfacet
	facet normal -0.98079501503435 -0.19504137633784 -0
		outer loop
			vertex 10.627355575562 1.2800016403198 0.16599999368191
			vertex 10.627355575562 1.2800016403198 0
			vertex 10.629752159119 1.2679500579834 0.16599999368191
		endloop
	endfacet
	facet normal -0.1950973707424 -0.98078387829807 -0
		outer loop
			vertex 10.598259925842 1.2994425296783 0.16599999368191
			vertex 10.598259925842 1.2994425296783 0
			vertex 10.610311508179 1.2970452308655 0.16599999368191
		endloop
	endfacet
	facet normal -0.55557303670478 -0.83146773893316 -0
		outer loop
			vertex 10.610311508179 1.2970452308655 0.16599999368191
			vertex 10.610311508179 1.2970452308655 0
			vertex 10.62052822113 1.2902185916901 0.16599999368191
		endloop
	endfacet
	facet normal 0 0 -1
		outer loop
			vertex 10.575991630554 1.2902185916901 0.16599999368191
			vertex 10.566767692566 1.2679500579834 0.16599999368191
			vertex 10.569164276123 1.2800016403198 0.16599999368191
		endloop
	endfacet
	facet normal 0 -0 -1
		outer loop
			vertex 10.575991630554 1.2902185916901 0.16599999368191
			vertex 10.586208343506 1.2970452308655 0.16599999368191
			vertex 10.566767692566 1.2679500579834 0.16599999368191
		endloop
	endfacet
	facet normal 0 -0 -1
		outer loop
			vertex 10.586208343506 1.2970452308655 0.16599999368191
			vertex 10.598259925842 1.2994425296783 0.16599999368191
			vertex 10.566767692566 1.2679500579834 0.16599999368191
		endloop
	endfacet
	facet normal 0 -0 -1
		outer loop
			vertex 10.598259925842 1.2994425296783 0.16599999368191
			vertex 10.610311508179 1.2970452308655 0.16599999368191
			vertex 10.566767692566 1.2679500579834 0.16599999368191
		endloop
	endfacet
	facet normal 0 0 -1
		outer loop
			vertex 10.566767692566 1.2679500579834 0.16599999368191
			vertex 10.627355575562 1.2800016403198 0.16599999368191
			vertex 10.629752159119 1.2679500579834 0.16599999368191
		endloop
	endfacet
	facet normal 0 -0 -1
		outer loop
			vertex 10.610311508179 1.2970452308655 0.16599999368191
			vertex 10.62052822113 1.2902185916901 0.16599999368191
			vertex 10.566767692566 1.2679500579834 0.16599999368191
		endloop
	endfacet
	facet normal 0 0 -1
		outer loop
			vertex 10.566767692566 1.2679500579834 0.16599999368191
			vertex 10.62052822113 1.2902185916901 0.16599999368191
			vertex 10.627355575562 1.2800016403198 0.16599999368191
		endloop
	endfacet
	facet normal 0.55557974375575 0.83146325735314 0
		outer loop
			vertex 10.575991630554 0.82578146457672 0.16599999368191
			vertex 10.586208343506 0.81895470619202 0
			vertex 10.575991630554 0.82578146457672 0
		endloop
	endfacet
	facet normal 0.19508803847411 0.98078573462522 0
		outer loop
			vertex 10.586208343506 0.81895470619202 0.16599999368191
			vertex 10.598259925842 0.81655752658844 0
			vertex 10.586208343506 0.81895470619202 0
		endloop
	endfacet
	facet normal 0.83144534156405 0.55560655502922 0
		outer loop
			vertex 10.569164276123 0.83599835634232 0.16599999368191
			vertex 10.575991630554 0.82578146457672 0
			vertex 10.569164276123 0.83599835634232 0
		endloop
	endfacet
	facet normal 0.98079519956338 0.19504044840348 0
		outer loop
			vertex 10.566767692566 0.84804999828339 0.16599999368191
			vertex 10.569164276123 0.83599835634232 0
			vertex 10.566767692566 0.84804999828339 0
		endloop
	endfacet
	facet normal -0.55557974375575 0.83146325735314 0
		outer loop
			vertex 10.610311508179 0.81895470619202 0.16599999368191
			vertex 10.62052822113 0.82578146457672 0
			vertex 10.610311508179 0.81895470619202 0
		endloop
	endfacet
	facet normal -0.19508803847411 0.98078573462522 0
		outer loop
			vertex 10.598259925842 0.81655752658844 0.16599999368191
			vertex 10.610311508179 0.81895470619202 0
			vertex 10.598259925842 0.81655752658844 0
		endloop
	endfacet
	facet normal -0.83144534156405 0.55560655502922 0
		outer loop
			vertex 10.62052822113 0.82578146457672 0.16599999368191
			vertex 10.627355575562 0.83599835634232 0
			vertex 10.62052822113 0.82578146457672 0
		endloop
	endfacet
	facet normal -0.98079519956338 0.19504044840348 0
		outer loop
			vertex 10.627355575562 0.83599835634232 0.16599999368191
			vertex 10.629752159119 0.84804999828339 0
			vertex 10.627355575562 0.83599835634232 0
		endloop
	endfacet
	facet normal 0.55557974375575 0.83146325735314 0
		outer loop
			vertex 10.575991630554 0.82578146457672 0.16599999368191
			vertex 10.586208343506 0.81895470619202 0.16599999368191
			vertex 10.586208343506 0.81895470619202 0
		endloop
	endfacet
	facet normal 0.19508803847411 0.98078573462522 0
		outer loop
			vertex 10.586208343506 0.81895470619202 0.16599999368191
			vertex 10.598259925842 0.81655752658844 0.16599999368191
			vertex 10.598259925842 0.81655752658844 0
		endloop
	endfacet
	facet normal 0.98079519956338 0.19504044840348 0
		outer loop
			vertex 10.566767692566 0.84804999828339 0.16599999368191
			vertex 10.569164276123 0.83599835634232 0.16599999368191
			vertex 10.569164276123 0.83599835634232 0
		endloop
	endfacet
	facet normal 0.83144534156405 0.55560655502922 0
		outer loop
			vertex 10.569164276123 0.83599835634232 0.16599999368191
			vertex 10.575991630554 0.82578146457672 0.16599999368191
			vertex 10.575991630554 0.82578146457672 0
		endloop
	endfacet
	facet normal -0.19508803847411 0.98078573462522 0
		outer loop
			vertex 10.598259925842 0.81655752658844 0.16599999368191
			vertex 10.610311508179 0.81895470619202 0.16599999368191
			vertex 10.610311508179 0.81895470619202 0
		endloop
	endfacet
	facet normal -0.55557974375575 0.83146325735314 0
		outer loop
			vertex 10.610311508179 0.81895470619202 0.16599999368191
			vertex 10.62052822113 0.82578146457672 0.16599999368191
			vertex 10.62052822113 0.82578146457672 0
		endloop
	endfacet
	facet normal -0.83144534156405 0.55560655502922 0
		outer loop
			vertex 10.627355575562 0.83599835634232 0.16599999368191
			vertex 10.627355575562 0.83599835634232 0
			vertex 10.62052822113 0.82578146457672 0.16599999368191
		endloop
	endfacet
	facet normal -0.98079519956338 0.19504044840348 0
		outer loop
			vertex 10.629752159119 0.84804999828339 0.16599999368191
			vertex 10.629752159119 0.84804999828339 0
			vertex 10.627355575562 0.83599835634232 0.16599999368191
		endloop
	endfacet
	facet normal 0 0 -1
		outer loop
			vertex 10.569164276123 0.83599835634232 0.16599999368191
			vertex 10.629752159119 0.84804999828339 0.16599999368191
			vertex 10.575991630554 0.82578146457672 0.16599999368191
		endloop
	endfacet
	facet normal 0 0 -1
		outer loop
			vertex 10.575991630554 0.82578146457672 0.16599999368191
			vertex 10.629752159119 0.84804999828339 0.16599999368191
			vertex 10.586208343506 0.81895470619202 0.16599999368191
		endloop
	endfacet
	facet normal 0 0 -1
		outer loop
			vertex 10.566767692566 0.84804999828339 0.16599999368191
			vertex 10.629752159119 0.84804999828339 0.16599999368191
			vertex 10.569164276123 0.83599835634232 0.16599999368191
		endloop
	endfacet
	facet normal 0 0 -1
		outer loop
			vertex 10.586208343506 0.81895470619202 0.16599999368191
			vertex 10.629752159119 0.84804999828339 0.16599999368191
			vertex 10.598259925842 0.81655752658844 0.16599999368191
		endloop
	endfacet
	facet normal 0 0 -1
		outer loop
			vertex 10.598259925842 0.81655752658844 0.16599999368191
			vertex 10.629752159119 0.84804999828339 0.16599999368191
			vertex 10.610311508179 0.81895470619202 0.16599999368191
		endloop
	endfacet
	facet normal 0 0 -1
		outer loop
			vertex 10.629752159119 0.84804999828339 0.16599999368191
			vertex 10.627355575562 0.83599835634232 0.16599999368191
			vertex 10.62052822113 0.82578146457672 0.16599999368191
		endloop
	endfacet
	facet normal 0 0 -1
		outer loop
			vertex 10.610311508179 0.81895470619202 0.16599999368191
			vertex 10.629752159119 0.84804999828339 0.16599999368191
			vertex 10.62052822113 0.82578146457672 0.16599999368191
		endloop
	endfacet
	facet normal 0.44721336762444 0.89442730493764 0
		outer loop
			vertex 10.629752159119 1.0070440769196 0.16599999368191
			vertex 11.004076004028 0.81988227367401 0
			vertex 10.629752159119 1.0070440769196 0
		endloop
	endfacet
	facet normal -0.89455938536493 0.44694910902195 0
		outer loop
			vertex 11.004076004028 0.81988227367401 0.16599999368191
			vertex 11.004237174988 0.82020485401154 0
			vertex 11.004076004028 0.81988227367401 0
		endloop
	endfacet
	facet normal -0.89455938536493 0.44694910902195 0
		outer loop
			vertex 11.032082557678 0.87589514255524 0.16599999368191
			vertex 11.032243728638 0.87621772289276 0
			vertex 11.032082557678 0.87589514255524 0
		endloop
	endfacet
	facet normal -0.44721359549996 -0.89442719099992 -0
		outer loop
			vertex 11.032243728638 0.87621772289276 0.16599999368191
			vertex 10.668679237366 1.0579999685287 0
			vertex 11.032243728638 0.87621772289276 0
		endloop
	endfacet
	facet normal 0.44721336762444 0.89442730493764 0
		outer loop
			vertex 10.629752159119 1.0070440769196 0.16599999368191
			vertex 11.004076004028 0.81988227367401 0.16599999368191
			vertex 11.004076004028 0.81988227367401 0
		endloop
	endfacet
	facet normal -0.44721359549996 -0.89442719099992 -0
		outer loop
			vertex 10.668679237366 1.0579999685287 0.16599999368191
			vertex 10.668679237366 1.0579999685287 0
			vertex 11.032243728638 0.87621772289276 0.16599999368191
		endloop
	endfacet
	facet normal -0.89455938536493 0.44694910902195 0
		outer loop
			vertex 11.004076004028 0.81988227367401 0.16599999368191
			vertex 11.004237174988 0.82020485401154 0.16599999368191
			vertex 11.004237174988 0.82020485401154 0
		endloop
	endfacet
	facet normal -0.89455938536493 0.44694910902195 0
		outer loop
			vertex 11.032243728638 0.87621772289276 0.16599999368191
			vertex 11.032243728638 0.87621772289276 0
			vertex 11.032082557678 0.87589514255524 0.16599999368191
		endloop
	endfacet
	facet normal 0 -0 -1
		outer loop
			vertex 10.606049537659 1.0735787153244 0.16599999368191
			vertex 10.629752159119 1.0142070055008 0.16599999368191
			vertex 10.605690002441 1.0728594064713 0.16599999368191
		endloop
	endfacet
	facet normal 0 0 -1
		outer loop
			vertex 10.606049537659 1.0735787153244 0.16599999368191
			vertex 10.629752159119 1.077463388443 0.16599999368191
			vertex 10.629752159119 1.0142070055008 0.16599999368191
		endloop
	endfacet
	facet normal 0 0 -1
		outer loop
			vertex 10.629752159119 1.077463388443 0.16599999368191
			vertex 10.668679237366 1.0579999685287 0.16599999368191
			vertex 10.629752159119 1.0142070055008 0.16599999368191
		endloop
	endfacet
	facet normal 0 0 -1
		outer loop
			vertex 10.629752159119 1.0070440769196 0.16599999368191
			vertex 11.004237174988 0.82020485401154 0.16599999368191
			vertex 11.004076004028 0.81988227367401 0.16599999368191
		endloop
	endfacet
	facet normal 0 0 -1
		outer loop
			vertex 10.629752159119 1.0070440769196 0.16599999368191
			vertex 11.022641181946 0.85701286792755 0.16599999368191
			vertex 11.004237174988 0.82020485401154 0.16599999368191
		endloop
	endfacet
	facet normal 0 0 -1
		outer loop
			vertex 10.629752159119 1.0070440769196 0.16599999368191
			vertex 11.030211448669 0.87691444158554 0.16599999368191
			vertex 11.022641181946 0.85701286792755 0.16599999368191
		endloop
	endfacet
	facet normal 0 0 -1
		outer loop
			vertex 10.629752159119 1.0142070055008 0.16599999368191
			vertex 11.030211448669 0.87691444158554 0.16599999368191
			vertex 10.629752159119 1.0070440769196 0.16599999368191
		endloop
	endfacet
	facet normal 0 -0 -1
		outer loop
			vertex 10.668679237366 1.0579999685287 0.16599999368191
			vertex 11.030211448669 0.87691444158554 0.16599999368191
			vertex 10.629752159119 1.0142070055008 0.16599999368191
		endloop
	endfacet
	facet normal 0 0 -1
		outer loop
			vertex 11.030261039734 0.87689757347107 0.16599999368191
			vertex 11.032243728638 0.87621772289276 0.16599999368191
			vertex 11.032082557678 0.87589514255524 0.16599999368191
		endloop
	endfacet
	facet normal 0 0 -1
		outer loop
			vertex 10.668679237366 1.0579999685287 0.16599999368191
			vertex 11.030261039734 0.87689757347107 0.16599999368191
			vertex 11.030211448669 0.87691444158554 0.16599999368191
		endloop
	endfacet
	facet normal 0 0 -1
		outer loop
			vertex 10.668679237366 1.0579999685287 0.16599999368191
			vertex 11.032243728638 0.87621772289276 0.16599999368191
			vertex 11.030261039734 0.87689757347107 0.16599999368191
		endloop
	endfacet
	facet normal 0.55554342798341 0.83148752223015 0
		outer loop
			vertex 11.004237174988 0.82020485401154 0.16599999368191
			vertex 11.006108283997 0.81895470619202 0
			vertex 11.004237174988 0.82020485401154 0
		endloop
	endfacet
	facet normal 0.19508803847411 0.98078573462522 0
		outer loop
			vertex 11.006108283997 0.81895470619202 0.16599999368191
			vertex 11.018159866333 0.81655752658844 0
			vertex 11.006108283997 0.81895470619202 0
		endloop
	endfacet
	facet normal -0.19508803847411 0.98078573462522 0
		outer loop
			vertex 11.018159866333 0.81655752658844 0.16599999368191
			vertex 11.030211448669 0.81895470619202 0
			vertex 11.018159866333 0.81655752658844 0
		endloop
	endfacet
	facet normal -0.55557974375575 0.83146325735314 0
		outer loop
			vertex 11.030211448669 0.81895470619202 0.16599999368191
			vertex 11.040428161621 0.82578146457672 0
			vertex 11.030211448669 0.81895470619202 0
		endloop
	endfacet
	facet normal -0.83144534156405 0.55560655502922 0
		outer loop
			vertex 11.040428161621 0.82578146457672 0.16599999368191
			vertex 11.047255516052 0.83599835634232 0
			vertex 11.040428161621 0.82578146457672 0
		endloop
	endfacet
	facet normal -0.55558788542265 -0.83145781707287 -0
		outer loop
			vertex 11.040428161621 0.87031853199005 0.16599999368191
			vertex 11.032082557678 0.87589514255524 0
			vertex 11.040428161621 0.87031853199005 0
		endloop
	endfacet
	facet normal -0.83144534156405 -0.55560655502922 -0
		outer loop
			vertex 11.047255516052 0.86010164022446 0.16599999368191
			vertex 11.040428161621 0.87031853199005 0
			vertex 11.047255516052 0.86010164022446 0
		endloop
	endfacet
	facet normal -0.98079519956338 0.19504044840348 0
		outer loop
			vertex 11.049652099609 0.84804999828339 0.16599999368191
			vertex 11.049652099609 0.84804999828339 0
			vertex 11.047255516052 0.83599835634232 0
		endloop
	endfacet
	facet normal -0.98079519956338 -0.19504044840348 -0
		outer loop
			vertex 11.049652099609 0.84804999828339 0.16599999368191
			vertex 11.047255516052 0.86010164022446 0
			vertex 11.049652099609 0.84804999828339 0
		endloop
	endfacet
	facet normal 0.55554342798341 0.83148752223015 0
		outer loop
			vertex 11.004237174988 0.82020485401154 0.16599999368191
			vertex 11.006108283997 0.81895470619202 0.16599999368191
			vertex 11.006108283997 0.81895470619202 0
		endloop
	endfacet
	facet normal 0.19508803847411 0.98078573462522 0
		outer loop
			vertex 11.006108283997 0.81895470619202 0.16599999368191
			vertex 11.018159866333 0.81655752658844 0.16599999368191
			vertex 11.018159866333 0.81655752658844 0
		endloop
	endfacet
	facet normal -0.19508803847411 0.98078573462522 0
		outer loop
			vertex 11.018159866333 0.81655752658844 0.16599999368191
			vertex 11.030211448669 0.81895470619202 0.16599999368191
			vertex 11.030211448669 0.81895470619202 0
		endloop
	endfacet
	facet normal -0.55557974375575 0.83146325735314 0
		outer loop
			vertex 11.030211448669 0.81895470619202 0.16599999368191
			vertex 11.040428161621 0.82578146457672 0.16599999368191
			vertex 11.040428161621 0.82578146457672 0
		endloop
	endfacet
	facet normal -0.83144534156405 0.55560655502922 0
		outer loop
			vertex 11.047255516052 0.83599835634232 0.16599999368191
			vertex 11.047255516052 0.83599835634232 0
			vertex 11.040428161621 0.82578146457672 0.16599999368191
		endloop
	endfacet
	facet normal -0.55558788542265 -0.83145781707287 -0
		outer loop
			vertex 11.032082557678 0.87589514255524 0.16599999368191
			vertex 11.032082557678 0.87589514255524 0
			vertex 11.040428161621 0.87031853199005 0.16599999368191
		endloop
	endfacet
	facet normal -0.83144534156405 -0.55560655502922 -0
		outer loop
			vertex 11.040428161621 0.87031853199005 0.16599999368191
			vertex 11.040428161621 0.87031853199005 0
			vertex 11.047255516052 0.86010164022446 0.16599999368191
		endloop
	endfacet
	facet normal -0.98079519956338 0.19504044840348 0
		outer loop
			vertex 11.049652099609 0.84804999828339 0.16599999368191
			vertex 11.047255516052 0.83599835634232 0
			vertex 11.047255516052 0.83599835634232 0.16599999368191
		endloop
	endfacet
	facet normal -0.98079519956338 -0.19504044840348 -0
		outer loop
			vertex 11.047255516052 0.86010164022446 0.16599999368191
			vertex 11.047255516052 0.86010164022446 0
			vertex 11.049652099609 0.84804999828339 0.16599999368191
		endloop
	endfacet
	facet normal 0 0 -1
		outer loop
			vertex 11.022641181946 0.85701286792755 0.16599999368191
			vertex 11.006108283997 0.81895470619202 0.16599999368191
			vertex 11.004237174988 0.82020485401154 0.16599999368191
		endloop
	endfacet
	facet normal 0 0 -1
		outer loop
			vertex 11.022641181946 0.85701286792755 0.16599999368191
			vertex 11.018159866333 0.81655752658844 0.16599999368191
			vertex 11.006108283997 0.81895470619202 0.16599999368191
		endloop
	endfacet
	facet normal 0 -0 -1
		outer loop
			vertex 11.022641181946 0.85701286792755 0.16599999368191
			vertex 11.030211448669 0.81895470619202 0.16599999368191
			vertex 11.018159866333 0.81655752658844 0.16599999368191
		endloop
	endfacet
	facet normal 0 0 -1
		outer loop
			vertex 11.030211448669 0.87691444158554 0.16599999368191
			vertex 11.040428161621 0.82578146457672 0.16599999368191
			vertex 11.030211448669 0.81895470619202 0.16599999368191
		endloop
	endfacet
	facet normal 0 -0 -1
		outer loop
			vertex 11.030211448669 0.87691444158554 0.16599999368191
			vertex 11.030211448669 0.81895470619202 0.16599999368191
			vertex 11.022641181946 0.85701286792755 0.16599999368191
		endloop
	endfacet
	facet normal 0 0 -1
		outer loop
			vertex 11.030261039734 0.87689757347107 0.16599999368191
			vertex 11.032082557678 0.87589514255524 0.16599999368191
			vertex 11.040428161621 0.82578146457672 0.16599999368191
		endloop
	endfacet
	facet normal 0 0 -1
		outer loop
			vertex 11.032082557678 0.87589514255524 0.16599999368191
			vertex 11.040428161621 0.87031853199005 0.16599999368191
			vertex 11.040428161621 0.82578146457672 0.16599999368191
		endloop
	endfacet
	facet normal 0 0 -1
		outer loop
			vertex 11.040428161621 0.87031853199005 0.16599999368191
			vertex 11.047255516052 0.83599835634232 0.16599999368191
			vertex 11.040428161621 0.82578146457672 0.16599999368191
		endloop
	endfacet
	facet normal 0 0 -1
		outer loop
			vertex 11.040428161621 0.87031853199005 0.16599999368191
			vertex 11.047255516052 0.86010164022446 0.16599999368191
			vertex 11.047255516052 0.83599835634232 0.16599999368191
		endloop
	endfacet
	facet normal 0 0 -1
		outer loop
			vertex 11.030211448669 0.87691444158554 0.16599999368191
			vertex 11.030261039734 0.87689757347107 0.16599999368191
			vertex 11.040428161621 0.82578146457672 0.16599999368191
		endloop
	endfacet
	facet normal 0 0 -1
		outer loop
			vertex 11.047255516052 0.86010164022446 0.16599999368191
			vertex 11.049652099609 0.84804999828339 0.16599999368191
			vertex 11.047255516052 0.83599835634232 0.16599999368191
		endloop
	endfacet
	facet normal -0.44721359549996 0.89442719099992 0
		outer loop
			vertex 10.668679237366 1.0579999685287 0.16599999368191
			vertex 11.032243728638 1.2397822141647 0
			vertex 10.668679237366 1.0579999685287 0
		endloop
	endfacet
	facet normal 0.44721336762444 -0.89442730493764 0
		outer loop
			vertex 10.629752159119 1.1089559793472 0.16599999368191
			vertex 10.629752159119 1.1089559793472 0
			vertex 11.004076004028 1.2961177825928 0
		endloop
	endfacet
	facet normal -0.89455938536493 -0.44694910902195 -0
		outer loop
			vertex 11.032243728638 1.2397822141647 0.16599999368191
			vertex 11.032082557678 1.2401047945023 0
			vertex 11.032243728638 1.2397822141647 0
		endloop
	endfacet
	facet normal -0.89455938536493 -0.44694910902195 -0
		outer loop
			vertex 11.004237174988 1.2957952022552 0.16599999368191
			vertex 11.004076004028 1.2961177825928 0
			vertex 11.004237174988 1.2957952022552 0
		endloop
	endfacet
	facet normal 0.44721336762444 -0.89442730493764 0
		outer loop
			vertex 10.629752159119 1.1089559793472 0.16599999368191
			vertex 11.004076004028 1.2961177825928 0
			vertex 11.004076004028 1.2961177825928 0.16599999368191
		endloop
	endfacet
	facet normal -0.44721359549996 0.89442719099992 0
		outer loop
			vertex 10.668679237366 1.0579999685287 0.16599999368191
			vertex 11.032243728638 1.2397822141647 0.16599999368191
			vertex 11.032243728638 1.2397822141647 0
		endloop
	endfacet
	facet normal -0.89455938536493 -0.44694910902195 -0
		outer loop
			vertex 11.032082557678 1.2401047945023 0.16599999368191
			vertex 11.032082557678 1.2401047945023 0
			vertex 11.032243728638 1.2397822141647 0.16599999368191
		endloop
	endfacet
	facet normal -0.89455938536493 -0.44694910902195 -0
		outer loop
			vertex 11.004076004028 1.2961177825928 0.16599999368191
			vertex 11.004076004028 1.2961177825928 0
			vertex 11.004237174988 1.2957952022552 0.16599999368191
		endloop
	endfacet
	facet normal 0 0 -1
		outer loop
			vertex 10.593401908875 1.0903861522675 0.16599999368191
			vertex 10.629752159119 1.077463388443 0.16599999368191
			vertex 10.606049537659 1.0735787153244 0.16599999368191
		endloop
	endfacet
	facet normal 0 0 -1
		outer loop
			vertex 10.593401908875 1.0903861522675 0.16599999368191
			vertex 10.629752159119 1.1085963249207 0.16599999368191
			vertex 10.629752159119 1.077463388443 0.16599999368191
		endloop
	endfacet
	facet normal 0 0 -1
		outer loop
			vertex 10.629752159119 1.077463388443 0.16599999368191
			vertex 11.032082557678 1.2401047945023 0.16599999368191
			vertex 10.668679237366 1.0579999685287 0.16599999368191
		endloop
	endfacet
	facet normal 0 0 -1
		outer loop
			vertex 10.629752159119 1.1089559793472 0.16599999368191
			vertex 11.004076004028 1.2961177825928 0.16599999368191
			vertex 10.629752159119 1.1085963249207 0.16599999368191
		endloop
	endfacet
	facet normal 0 0 -1
		outer loop
			vertex 10.629752159119 1.1085963249207 0.16599999368191
			vertex 11.004076004028 1.2961177825928 0.16599999368191
			vertex 10.629752159119 1.077463388443 0.16599999368191
		endloop
	endfacet
	facet normal 0 0 -1
		outer loop
			vertex 10.629752159119 1.077463388443 0.16599999368191
			vertex 11.004237174988 1.2957952022552 0.16599999368191
			vertex 11.032082557678 1.2401047945023 0.16599999368191
		endloop
	endfacet
	facet normal 0 0 -1
		outer loop
			vertex 10.629752159119 1.077463388443 0.16599999368191
			vertex 11.004076004028 1.2961177825928 0.16599999368191
			vertex 11.004237174988 1.2957952022552 0.16599999368191
		endloop
	endfacet
	facet normal 0 0 -1
		outer loop
			vertex 10.668679237366 1.0579999685287 0.16599999368191
			vertex 11.032082557678 1.2401047945023 0.16599999368191
			vertex 11.032243728638 1.2397822141647 0.16599999368191
		endloop
	endfacet
	facet normal -0.55558788542265 0.83145781707287 0
		outer loop
			vertex 11.032082557678 1.2401047945023 0.16599999368191
			vertex 11.040428161621 1.2456814050674 0
			vertex 11.032082557678 1.2401047945023 0
		endloop
	endfacet
	facet normal -0.8314468389271 0.55560431427243 0
		outer loop
			vertex 11.040428161621 1.2456814050674 0.16599999368191
			vertex 11.047255516052 1.2558983564377 0
			vertex 11.040428161621 1.2456814050674 0
		endloop
	endfacet
	facet normal 0.5555068013172 -0.83151199251143 0
		outer loop
			vertex 11.006108283997 1.2970452308655 0.16599999368191
			vertex 11.004237174988 1.2957952022552 0
			vertex 11.006108283997 1.2970452308655 0
		endloop
	endfacet
	facet normal -0.8314468389271 -0.55560431427243 -0
		outer loop
			vertex 11.047255516052 1.2800016403198 0.16599999368191
			vertex 11.040428161621 1.2902185916901 0
			vertex 11.047255516052 1.2800016403198 0
		endloop
	endfacet
	facet normal 0.1950973707424 -0.98078387829807 0
		outer loop
			vertex 11.018159866333 1.2994425296783 0.16599999368191
			vertex 11.006108283997 1.2970452308655 0
			vertex 11.018159866333 1.2994425296783 0
		endloop
	endfacet
	facet normal -0.1950973707424 -0.98078387829807 -0
		outer loop
			vertex 11.030211448669 1.2970452308655 0.16599999368191
			vertex 11.018159866333 1.2994425296783 0
			vertex 11.030211448669 1.2970452308655 0
		endloop
	endfacet
	facet normal -0.55557303670478 -0.83146773893316 -0
		outer loop
			vertex 11.040428161621 1.2902185916901 0.16599999368191
			vertex 11.030211448669 1.2970452308655 0
			vertex 11.040428161621 1.2902185916901 0
		endloop
	endfacet
	facet normal -0.98079501503435 -0.19504137633784 -0
		outer loop
			vertex 11.049652099609 1.2679500579834 0.16599999368191
			vertex 11.047255516052 1.2800016403198 0
			vertex 11.049652099609 1.2679500579834 0
		endloop
	endfacet
	facet normal -0.98079538408977 0.19503952047777 0
		outer loop
			vertex 11.047255516052 1.2558983564377 0.16599999368191
			vertex 11.049652099609 1.2679500579834 0
			vertex 11.047255516052 1.2558983564377 0
		endloop
	endfacet
	facet normal -0.55558788542265 0.83145781707287 0
		outer loop
			vertex 11.040428161621 1.2456814050674 0.16599999368191
			vertex 11.040428161621 1.2456814050674 0
			vertex 11.032082557678 1.2401047945023 0.16599999368191
		endloop
	endfacet
	facet normal -0.8314468389271 0.55560431427243 0
		outer loop
			vertex 11.047255516052 1.2558983564377 0.16599999368191
			vertex 11.047255516052 1.2558983564377 0
			vertex 11.040428161621 1.2456814050674 0.16599999368191
		endloop
	endfacet
	facet normal 0.5555068013172 -0.83151199251143 0
		outer loop
			vertex 11.006108283997 1.2970452308655 0.16599999368191
			vertex 11.004237174988 1.2957952022552 0.16599999368191
			vertex 11.004237174988 1.2957952022552 0
		endloop
	endfacet
	facet normal -0.8314468389271 -0.55560431427243 -0
		outer loop
			vertex 11.040428161621 1.2902185916901 0.16599999368191
			vertex 11.040428161621 1.2902185916901 0
			vertex 11.047255516052 1.2800016403198 0.16599999368191
		endloop
	endfacet
	facet normal 0.1950973707424 -0.98078387829807 0
		outer loop
			vertex 11.006108283997 1.2970452308655 0.16599999368191
			vertex 11.006108283997 1.2970452308655 0
			vertex 11.018159866333 1.2994425296783 0.16599999368191
		endloop
	endfacet
	facet normal -0.1950973707424 -0.98078387829807 -0
		outer loop
			vertex 11.018159866333 1.2994425296783 0.16599999368191
			vertex 11.018159866333 1.2994425296783 0
			vertex 11.030211448669 1.2970452308655 0.16599999368191
		endloop
	endfacet
	facet normal -0.55557303670478 -0.83146773893316 -0
		outer loop
			vertex 11.030211448669 1.2970452308655 0.16599999368191
			vertex 11.030211448669 1.2970452308655 0
			vertex 11.040428161621 1.2902185916901 0.16599999368191
		endloop
	endfacet
	facet normal -0.98079538408977 0.19503952047777 0
		outer loop
			vertex 11.049652099609 1.2679500579834 0.16599999368191
			vertex 11.049652099609 1.2679500579834 0
			vertex 11.047255516052 1.2558983564377 0.16599999368191
		endloop
	endfacet
	facet normal -0.98079501503435 -0.19504137633784 -0
		outer loop
			vertex 11.047255516052 1.2800016403198 0.16599999368191
			vertex 11.047255516052 1.2800016403198 0
			vertex 11.049652099609 1.2679500579834 0.16599999368191
		endloop
	endfacet
	facet normal 0 0 -1
		outer loop
			vertex 11.004237174988 1.2957952022552 0.16599999368191
			vertex 11.040428161621 1.2456814050674 0.16599999368191
			vertex 11.032082557678 1.2401047945023 0.16599999368191
		endloop
	endfacet
	facet normal 0 0 -1
		outer loop
			vertex 11.004237174988 1.2957952022552 0.16599999368191
			vertex 11.030211448669 1.2970452308655 0.16599999368191
			vertex 11.040428161621 1.2456814050674 0.16599999368191
		endloop
	endfacet
	facet normal 0 0 -1
		outer loop
			vertex 11.040428161621 1.2902185916901 0.16599999368191
			vertex 11.047255516052 1.2558983564377 0.16599999368191
			vertex 11.040428161621 1.2456814050674 0.16599999368191
		endloop
	endfacet
	facet normal 0 0 -1
		outer loop
			vertex 11.030211448669 1.2970452308655 0.16599999368191
			vertex 11.040428161621 1.2902185916901 0.16599999368191
			vertex 11.040428161621 1.2456814050674 0.16599999368191
		endloop
	endfacet
	facet normal 0 0 -1
		outer loop
			vertex 11.040428161621 1.2902185916901 0.16599999368191
			vertex 11.047255516052 1.2800016403198 0.16599999368191
			vertex 11.047255516052 1.2558983564377 0.16599999368191
		endloop
	endfacet
	facet normal 0 -0 -1
		outer loop
			vertex 11.006108283997 1.2970452308655 0.16599999368191
			vertex 11.018159866333 1.2994425296783 0.16599999368191
			vertex 11.004237174988 1.2957952022552 0.16599999368191
		endloop
	endfacet
	facet normal 0 0 -1
		outer loop
			vertex 11.004237174988 1.2957952022552 0.16599999368191
			vertex 11.018159866333 1.2994425296783 0.16599999368191
			vertex 11.030211448669 1.2970452308655 0.16599999368191
		endloop
	endfacet
	facet normal 0 0 -1
		outer loop
			vertex 11.047255516052 1.2800016403198 0.16599999368191
			vertex 11.049652099609 1.2679500579834 0.16599999368191
			vertex 11.047255516052 1.2558983564377 0.16599999368191
		endloop
	endfacet
	facet normal 0.44747816021104 0.89429485972701 0
		outer loop
			vertex 11.073972702026 0.86213386058807 0.16599999368191
			vertex 11.074295043945 0.86197257041931 0
			vertex 11.073972702026 0.86213386058807 0
		endloop
	endfacet
	facet normal 0.44642154166192 0.8948227797392 0
		outer loop
			vertex 11.129984855652 0.83412742614746 0.16599999368191
			vertex 11.130308151245 0.8339661359787 0
			vertex 11.129984855652 0.83412742614746 0
		endloop
	endfacet
	facet normal 0.89442764806857 -0.44721268136148 0
		outer loop
			vertex 11.073972702026 0.86213386058807 0.16599999368191
			vertex 11.073972702026 0.86213386058807 0
			vertex 11.283922195435 1.2820339202881 0
		endloop
	endfacet
	facet normal -0.89442766023815 0.44721265702227 0
		outer loop
			vertex 11.312089920044 1.1975306272507 0.16599999368191
			vertex 11.312089920044 1.1975306272507 0
			vertex 11.130308151245 0.8339661359787 0
		endloop
	endfacet
	facet normal -0.44747816021104 -0.89429485972701 -0
		outer loop
			vertex 11.284244537354 1.2818726301193 0.16599999368191
			vertex 11.283922195435 1.2820339202881 0
			vertex 11.284244537354 1.2818726301193 0
		endloop
	endfacet
	facet normal 0.44747816021104 0.89429485972701 0
		outer loop
			vertex 11.073972702026 0.86213386058807 0.16599999368191
			vertex 11.074295043945 0.86197257041931 0.16599999368191
			vertex 11.074295043945 0.86197257041931 0
		endloop
	endfacet
	facet normal 0.44642154166192 0.8948227797392 0
		outer loop
			vertex 11.129984855652 0.83412742614746 0.16599999368191
			vertex 11.130308151245 0.8339661359787 0.16599999368191
			vertex 11.130308151245 0.8339661359787 0
		endloop
	endfacet
	facet normal -0.89442766023815 0.44721265702227 0
		outer loop
			vertex 11.312089920044 1.1975306272507 0.16599999368191
			vertex 11.130308151245 0.8339661359787 0
			vertex 11.130308151245 0.8339661359787 0.16599999368191
		endloop
	endfacet
	facet normal 0.89442764806857 -0.44721268136148 0
		outer loop
			vertex 11.283922195435 1.2820339202881 0.16599999368191
			vertex 11.073972702026 0.86213386058807 0.16599999368191
			vertex 11.283922195435 1.2820339202881 0
		endloop
	endfacet
	facet normal -0.44747816021104 -0.89429485972701 -0
		outer loop
			vertex 11.283922195435 1.2820339202881 0.16599999368191
			vertex 11.283922195435 1.2820339202881 0
			vertex 11.284244537354 1.2818726301193 0.16599999368191
		endloop
	endfacet
	facet normal 0 0 -1
		outer loop
			vertex 11.130761146545 0.83528888225555 0.16599999368191
			vertex 11.130308151245 0.8339661359787 0.16599999368191
			vertex 11.129984855652 0.83412742614746 0.16599999368191
		endloop
	endfacet
	facet normal 0 0 -1
		outer loop
			vertex 11.312089920044 1.1975306272507 0.16599999368191
			vertex 11.130308151245 0.8339661359787 0.16599999368191
			vertex 11.130761146545 0.83528888225555 0.16599999368191
		endloop
	endfacet
	facet normal 0 0 -1
		outer loop
			vertex 11.283922195435 1.2820339202881 0.16599999368191
			vertex 11.130761146545 0.83528888225555 0.16599999368191
			vertex 11.124408721924 0.83691573143005 0.16599999368191
		endloop
	endfacet
	facet normal 0 0 -1
		outer loop
			vertex 11.283922195435 1.2820339202881 0.16599999368191
			vertex 11.074295043945 0.86197257041931 0.16599999368191
			vertex 11.073972702026 0.86213386058807 0.16599999368191
		endloop
	endfacet
	facet normal 0 0 -1
		outer loop
			vertex 11.283922195435 1.2820339202881 0.16599999368191
			vertex 11.124408721924 0.83691573143005 0.16599999368191
			vertex 11.074295043945 0.86197257041931 0.16599999368191
		endloop
	endfacet
	facet normal 0 -0 -1
		outer loop
			vertex 11.283922195435 1.2820339202881 0.16599999368191
			vertex 11.312089920044 1.1975306272507 0.16599999368191
			vertex 11.130761146545 0.83528888225555 0.16599999368191
		endloop
	endfacet
	facet normal 0 0 -1
		outer loop
			vertex 11.283922195435 1.2820339202881 0.16599999368191
			vertex 11.316382408142 1.2061146497726 0.16599999368191
			vertex 11.312089920044 1.1975306272507 0.16599999368191
		endloop
	endfacet
	facet normal 0 0 -1
		outer loop
			vertex 11.284244537354 1.2818726301193 0.16599999368191
			vertex 11.289821624756 1.2790843248367 0.16599999368191
			vertex 11.316382408142 1.2061146497726 0.16599999368191
		endloop
	endfacet
	facet normal 0 0 -1
		outer loop
			vertex 11.289821624756 1.2790843248367 0.16599999368191
			vertex 11.312089920044 1.2679500579834 0.16599999368191
			vertex 11.316382408142 1.2061146497726 0.16599999368191
		endloop
	endfacet
	facet normal 0 0 -1
		outer loop
			vertex 11.283922195435 1.2820339202881 0.16599999368191
			vertex 11.284244537354 1.2818726301193 0.16599999368191
			vertex 11.316382408142 1.2061146497726 0.16599999368191
		endloop
	endfacet
	facet normal -0.89442683550175 -0.44721430649558 -0
		outer loop
			vertex 11.550208091736 0.86213386058807 0.16599999368191
			vertex 11.340257644653 1.2820339202881 0
			vertex 11.550208091736 0.86213386058807 0
		endloop
	endfacet
	facet normal -0.44747816021104 0.89429485972701 0
		outer loop
			vertex 11.493872642517 0.8339661359787 0.16599999368191
			vertex 11.494194984436 0.83412742614746 0
			vertex 11.493872642517 0.8339661359787 0
		endloop
	endfacet
	facet normal -0.44642154166192 0.8948227797392 0
		outer loop
			vertex 11.549884796143 0.86197257041931 0.16599999368191
			vertex 11.550208091736 0.86213386058807 0
			vertex 11.549884796143 0.86197257041931 0
		endloop
	endfacet
	facet normal 0.44747816021104 -0.89429485972701 0
		outer loop
			vertex 11.340257644653 1.2820339202881 0.16599999368191
			vertex 11.339935302734 1.2818726301193 0
			vertex 11.340257644653 1.2820339202881 0
		endloop
	endfacet
	facet normal 0.89442672176119 0.44721453397617 0
		outer loop
			vertex 11.312089920044 1.1975306272507 0.16599999368191
			vertex 11.493872642517 0.8339661359787 0
			vertex 11.312089920044 1.1975306272507 0
		endloop
	endfacet
	facet normal 0.89442672176119 0.44721453397617 0
		outer loop
			vertex 11.312089920044 1.1975306272507 0.16599999368191
			vertex 11.493872642517 0.8339661359787 0.16599999368191
			vertex 11.493872642517 0.8339661359787 0
		endloop
	endfacet
	facet normal -0.44747816021104 0.89429485972701 0
		outer loop
			vertex 11.494194984436 0.83412742614746 0.16599999368191
			vertex 11.494194984436 0.83412742614746 0
			vertex 11.493872642517 0.8339661359787 0.16599999368191
		endloop
	endfacet
	facet normal -0.44642154166192 0.8948227797392 0
		outer loop
			vertex 11.550208091736 0.86213386058807 0.16599999368191
			vertex 11.550208091736 0.86213386058807 0
			vertex 11.549884796143 0.86197257041931 0.16599999368191
		endloop
	endfacet
	facet normal 0.44747816021104 -0.89429485972701 0
		outer loop
			vertex 11.340257644653 1.2820339202881 0.16599999368191
			vertex 11.339935302734 1.2818726301193 0.16599999368191
			vertex 11.339935302734 1.2818726301193 0
		endloop
	endfacet
	facet normal -0.89442683550175 -0.44721430649558 -0
		outer loop
			vertex 11.340257644653 1.2820339202881 0.16599999368191
			vertex 11.340257644653 1.2820339202881 0
			vertex 11.550208091736 0.86213386058807 0.16599999368191
		endloop
	endfacet
	facet normal 0 0 -1
		outer loop
			vertex 11.312089920044 1.1975306272507 0.16599999368191
			vertex 11.494194984436 0.83412742614746 0.16599999368191
			vertex 11.493872642517 0.8339661359787 0.16599999368191
		endloop
	endfacet
	facet normal 0 0 -1
		outer loop
			vertex 11.312089920044 1.1975306272507 0.16599999368191
			vertex 11.497756958008 0.83590853214264 0.16599999368191
			vertex 11.494194984436 0.83412742614746 0.16599999368191
		endloop
	endfacet
	facet normal 0 0 -1
		outer loop
			vertex 11.312089920044 1.1975306272507 0.16599999368191
			vertex 11.549884796143 0.86197257041931 0.16599999368191
			vertex 11.497756958008 0.83590853214264 0.16599999368191
		endloop
	endfacet
	facet normal 0 0 -1
		outer loop
			vertex 11.312089920044 1.1975306272507 0.16599999368191
			vertex 11.550208091736 0.86213386058807 0.16599999368191
			vertex 11.549884796143 0.86197257041931 0.16599999368191
		endloop
	endfacet
	facet normal 0 0 -1
		outer loop
			vertex 11.339935302734 1.2818726301193 0.16599999368191
			vertex 11.316382408142 1.2061146497726 0.16599999368191
			vertex 11.312089920044 1.2679500579834 0.16599999368191
		endloop
	endfacet
	facet normal 0 0 -1
		outer loop
			vertex 11.340257644653 1.2820339202881 0.16599999368191
			vertex 11.316382408142 1.2061146497726 0.16599999368191
			vertex 11.339935302734 1.2818726301193 0.16599999368191
		endloop
	endfacet
	facet normal 0 -0 -1
		outer loop
			vertex 11.316382408142 1.2061146497726 0.16599999368191
			vertex 11.550208091736 0.86213386058807 0.16599999368191
			vertex 11.312089920044 1.1975306272507 0.16599999368191
		endloop
	endfacet
	facet normal 0 -0 -1
		outer loop
			vertex 11.340257644653 1.2820339202881 0.16599999368191
			vertex 11.550208091736 0.86213386058807 0.16599999368191
			vertex 11.316382408142 1.2061146497726 0.16599999368191
		endloop
	endfacet
	facet normal 0.83148119359975 0.55555289999237 0
		outer loop
			vertex 11.073044776917 0.83599835634232 0.16599999368191
			vertex 11.079871177673 0.82578146457672 0
			vertex 11.073044776917 0.83599835634232 0
		endloop
	endfacet
	facet normal 0.98078035006599 -0.19511510685857 0
		outer loop
			vertex 11.073044776917 0.86010164022446 0.16599999368191
			vertex 11.070647239685 0.84804999828339 0
			vertex 11.073044776917 0.86010164022446 0
		endloop
	endfacet
	facet normal 0.98078035006599 0.19511510685857 0
		outer loop
			vertex 11.070647239685 0.84804999828339 0.16599999368191
			vertex 11.073044776917 0.83599835634232 0
			vertex 11.070647239685 0.84804999828339 0
		endloop
	endfacet
	facet normal 0.55557974375575 0.83146325735314 0
		outer loop
			vertex 11.079871177673 0.82578146457672 0.16599999368191
			vertex 11.090087890625 0.81895470619202 0
			vertex 11.079871177673 0.82578146457672 0
		endloop
	endfacet
	facet normal 0.19507318929199 0.98078868815839 0
		outer loop
			vertex 11.090087890625 0.81895470619202 0.16599999368191
			vertex 11.102140426636 0.81655752658844 0
			vertex 11.090087890625 0.81895470619202 0
		endloop
	endfacet
	facet normal -0.19508803847411 0.98078573462522 0
		outer loop
			vertex 11.102140426636 0.81655752658844 0.16599999368191
			vertex 11.114192008972 0.81895470619202 0
			vertex 11.102140426636 0.81655752658844 0
		endloop
	endfacet
	facet normal -0.55557974375575 0.83146325735314 0
		outer loop
			vertex 11.114192008972 0.81895470619202 0.16599999368191
			vertex 11.124408721924 0.82578146457672 0
			vertex 11.114192008972 0.81895470619202 0
		endloop
	endfacet
	facet normal 0.83143852267945 -0.55561675911065 0
		outer loop
			vertex 11.074295043945 0.86197257041931 0.16599999368191
			vertex 11.073044776917 0.86010164022446 0
			vertex 11.074295043945 0.86197257041931 0
		endloop
	endfacet
	facet normal -0.83149075914964 0.5555385832224 0
		outer loop
			vertex 11.129984855652 0.83412742614746 0.16599999368191
			vertex 11.129984855652 0.83412742614746 0
			vertex 11.124408721924 0.82578146457672 0
		endloop
	endfacet
	facet normal 0.98078035006599 0.19511510685857 0
		outer loop
			vertex 11.070647239685 0.84804999828339 0.16599999368191
			vertex 11.073044776917 0.83599835634232 0.16599999368191
			vertex 11.073044776917 0.83599835634232 0
		endloop
	endfacet
	facet normal 0.83148119359975 0.55555289999237 0
		outer loop
			vertex 11.073044776917 0.83599835634232 0.16599999368191
			vertex 11.079871177673 0.82578146457672 0.16599999368191
			vertex 11.079871177673 0.82578146457672 0
		endloop
	endfacet
	facet normal 0.98078035006599 -0.19511510685857 0
		outer loop
			vertex 11.073044776917 0.86010164022446 0.16599999368191
			vertex 11.070647239685 0.84804999828339 0.16599999368191
			vertex 11.070647239685 0.84804999828339 0
		endloop
	endfacet
	facet normal 0.55557974375575 0.83146325735314 0
		outer loop
			vertex 11.079871177673 0.82578146457672 0.16599999368191
			vertex 11.090087890625 0.81895470619202 0.16599999368191
			vertex 11.090087890625 0.81895470619202 0
		endloop
	endfacet
	facet normal 0.19507318929199 0.98078868815839 0
		outer loop
			vertex 11.090087890625 0.81895470619202 0.16599999368191
			vertex 11.102140426636 0.81655752658844 0.16599999368191
			vertex 11.102140426636 0.81655752658844 0
		endloop
	endfacet
	facet normal -0.19508803847411 0.98078573462522 0
		outer loop
			vertex 11.102140426636 0.81655752658844 0.16599999368191
			vertex 11.114192008972 0.81895470619202 0.16599999368191
			vertex 11.114192008972 0.81895470619202 0
		endloop
	endfacet
	facet normal 0.83143852267945 -0.55561675911065 0
		outer loop
			vertex 11.074295043945 0.86197257041931 0.16599999368191
			vertex 11.073044776917 0.86010164022446 0.16599999368191
			vertex 11.073044776917 0.86010164022446 0
		endloop
	endfacet
	facet normal -0.55557974375575 0.83146325735314 0
		outer loop
			vertex 11.124408721924 0.82578146457672 0.16599999368191
			vertex 11.124408721924 0.82578146457672 0
			vertex 11.114192008972 0.81895470619202 0.16599999368191
		endloop
	endfacet
	facet normal -0.83149075914964 0.5555385832224 0
		outer loop
			vertex 11.129984855652 0.83412742614746 0.16599999368191
			vertex 11.124408721924 0.82578146457672 0
			vertex 11.124408721924 0.82578146457672 0.16599999368191
		endloop
	endfacet
	facet normal 0 0 -1
		outer loop
			vertex 11.073044776917 0.86010164022446 0.16599999368191
			vertex 11.079871177673 0.82578146457672 0.16599999368191
			vertex 11.073044776917 0.83599835634232 0.16599999368191
		endloop
	endfacet
	facet normal 0 -0 -1
		outer loop
			vertex 11.073044776917 0.86010164022446 0.16599999368191
			vertex 11.073044776917 0.83599835634232 0.16599999368191
			vertex 11.070647239685 0.84804999828339 0.16599999368191
		endloop
	endfacet
	facet normal 0 0 -1
		outer loop
			vertex 11.124408721924 0.83691573143005 0.16599999368191
			vertex 11.102140426636 0.81655752658844 0.16599999368191
			vertex 11.090087890625 0.81895470619202 0.16599999368191
		endloop
	endfacet
	facet normal 0 0 -1
		outer loop
			vertex 11.124408721924 0.83691573143005 0.16599999368191
			vertex 11.114192008972 0.81895470619202 0.16599999368191
			vertex 11.102140426636 0.81655752658844 0.16599999368191
		endloop
	endfacet
	facet normal 0 0 -1
		outer loop
			vertex 11.073044776917 0.86010164022446 0.16599999368191
			vertex 11.124408721924 0.83691573143005 0.16599999368191
			vertex 11.079871177673 0.82578146457672 0.16599999368191
		endloop
	endfacet
	facet normal 0 0 -1
		outer loop
			vertex 11.124408721924 0.83691573143005 0.16599999368191
			vertex 11.090087890625 0.81895470619202 0.16599999368191
			vertex 11.079871177673 0.82578146457672 0.16599999368191
		endloop
	endfacet
	facet normal 0 -0 -1
		outer loop
			vertex 11.074295043945 0.86197257041931 0.16599999368191
			vertex 11.124408721924 0.83691573143005 0.16599999368191
			vertex 11.073044776917 0.86010164022446 0.16599999368191
		endloop
	endfacet
	facet normal 0 0 -1
		outer loop
			vertex 11.124408721924 0.83691573143005 0.16599999368191
			vertex 11.130761146545 0.83528888225555 0.16599999368191
			vertex 11.129984855652 0.83412742614746 0.16599999368191
		endloop
	endfacet
	facet normal 0 0 -1
		outer loop
			vertex 11.124408721924 0.83691573143005 0.16599999368191
			vertex 11.129984855652 0.83412742614746 0.16599999368191
			vertex 11.124408721924 0.82578146457672 0.16599999368191
		endloop
	endfacet
	facet normal 0 -0 -1
		outer loop
			vertex 11.124408721924 0.83691573143005 0.16599999368191
			vertex 11.124408721924 0.82578146457672 0.16599999368191
			vertex 11.114192008972 0.81895470619202 0.16599999368191
		endloop
	endfacet
	facet normal 0.83144687016464 -0.55560426752628 0
		outer loop
			vertex 11.284244537354 1.2818726301193 0.16599999368191
			vertex 11.284244537354 1.2818726301193 0
			vertex 11.289821624756 1.2902185916901 0
		endloop
	endfacet
	facet normal 0.55557303670478 -0.83146773893316 0
		outer loop
			vertex 11.300038337708 1.2970452308655 0.16599999368191
			vertex 11.289821624756 1.2902185916901 0
			vertex 11.300038337708 1.2970452308655 0
		endloop
	endfacet
	facet normal -0.83144687016464 -0.55560426752628 -0
		outer loop
			vertex 11.339935302734 1.2818726301193 0.16599999368191
			vertex 11.334358215332 1.2902185916901 0
			vertex 11.339935302734 1.2818726301193 0
		endloop
	endfacet
	facet normal 0.1950973707424 -0.98078387829807 0
		outer loop
			vertex 11.312089920044 1.2994425296783 0.16599999368191
			vertex 11.300038337708 1.2970452308655 0
			vertex 11.312089920044 1.2994425296783 0
		endloop
	endfacet
	facet normal -0.1950973707424 -0.98078387829807 -0
		outer loop
			vertex 11.32414150238 1.2970452308655 0.16599999368191
			vertex 11.312089920044 1.2994425296783 0
			vertex 11.32414150238 1.2970452308655 0
		endloop
	endfacet
	facet normal -0.55557303670478 -0.83146773893316 -0
		outer loop
			vertex 11.334358215332 1.2902185916901 0.16599999368191
			vertex 11.32414150238 1.2970452308655 0
			vertex 11.334358215332 1.2902185916901 0
		endloop
	endfacet
	facet normal 0.83144687016464 -0.55560426752628 0
		outer loop
			vertex 11.289821624756 1.2902185916901 0.16599999368191
			vertex 11.284244537354 1.2818726301193 0.16599999368191
			vertex 11.289821624756 1.2902185916901 0
		endloop
	endfacet
	facet normal 0.55557303670478 -0.83146773893316 0
		outer loop
			vertex 11.289821624756 1.2902185916901 0.16599999368191
			vertex 11.289821624756 1.2902185916901 0
			vertex 11.300038337708 1.2970452308655 0.16599999368191
		endloop
	endfacet
	facet normal 0.1950973707424 -0.98078387829807 0
		outer loop
			vertex 11.300038337708 1.2970452308655 0.16599999368191
			vertex 11.300038337708 1.2970452308655 0
			vertex 11.312089920044 1.2994425296783 0.16599999368191
		endloop
	endfacet
	facet normal -0.83144687016464 -0.55560426752628 -0
		outer loop
			vertex 11.334358215332 1.2902185916901 0.16599999368191
			vertex 11.334358215332 1.2902185916901 0
			vertex 11.339935302734 1.2818726301193 0.16599999368191
		endloop
	endfacet
	facet normal -0.1950973707424 -0.98078387829807 -0
		outer loop
			vertex 11.312089920044 1.2994425296783 0.16599999368191
			vertex 11.312089920044 1.2994425296783 0
			vertex 11.32414150238 1.2970452308655 0.16599999368191
		endloop
	endfacet
	facet normal -0.55557303670478 -0.83146773893316 -0
		outer loop
			vertex 11.32414150238 1.2970452308655 0.16599999368191
			vertex 11.32414150238 1.2970452308655 0
			vertex 11.334358215332 1.2902185916901 0.16599999368191
		endloop
	endfacet
	facet normal 0 -0 -1
		outer loop
			vertex 11.289821624756 1.2902185916901 0.16599999368191
			vertex 11.289821624756 1.2790843248367 0.16599999368191
			vertex 11.284244537354 1.2818726301193 0.16599999368191
		endloop
	endfacet
	facet normal 0 0 -1
		outer loop
			vertex 11.289821624756 1.2902185916901 0.16599999368191
			vertex 11.312089920044 1.2679500579834 0.16599999368191
			vertex 11.289821624756 1.2790843248367 0.16599999368191
		endloop
	endfacet
	facet normal 0 0 -1
		outer loop
			vertex 11.289821624756 1.2902185916901 0.16599999368191
			vertex 11.300038337708 1.2970452308655 0.16599999368191
			vertex 11.312089920044 1.2679500579834 0.16599999368191
		endloop
	endfacet
	facet normal 0 0 -1
		outer loop
			vertex 11.300038337708 1.2970452308655 0.16599999368191
			vertex 11.312089920044 1.2994425296783 0.16599999368191
			vertex 11.312089920044 1.2679500579834 0.16599999368191
		endloop
	endfacet
	facet normal 0 0 -1
		outer loop
			vertex 11.312089920044 1.2994425296783 0.16599999368191
			vertex 11.339935302734 1.2818726301193 0.16599999368191
			vertex 11.312089920044 1.2679500579834 0.16599999368191
		endloop
	endfacet
	facet normal 0 0 -1
		outer loop
			vertex 11.312089920044 1.2994425296783 0.16599999368191
			vertex 11.32414150238 1.2970452308655 0.16599999368191
			vertex 11.339935302734 1.2818726301193 0.16599999368191
		endloop
	endfacet
	facet normal 0 0 -1
		outer loop
			vertex 11.32414150238 1.2970452308655 0.16599999368191
			vertex 11.334358215332 1.2902185916901 0.16599999368191
			vertex 11.339935302734 1.2818726301193 0.16599999368191
		endloop
	endfacet
	facet normal 0.55554389288951 0.83148721161132 0
		outer loop
			vertex 11.499771118164 0.82578146457672 0.16599999368191
			vertex 11.50998878479 0.81895470619202 0
			vertex 11.499771118164 0.82578146457672 0
		endloop
	endfacet
	facet normal 0.19508803847411 0.98078573462522 0
		outer loop
			vertex 11.50998878479 0.81895470619202 0.16599999368191
			vertex 11.522040367126 0.81655752658844 0
			vertex 11.50998878479 0.81895470619202 0
		endloop
	endfacet
	facet normal -0.19508803847411 0.98078573462522 0
		outer loop
			vertex 11.522040367126 0.81655752658844 0.16599999368191
			vertex 11.534091949463 0.81895470619202 0
			vertex 11.522040367126 0.81655752658844 0
		endloop
	endfacet
	facet normal 0.83149075914964 0.5555385832224 0
		outer loop
			vertex 11.494194984436 0.83412742614746 0.16599999368191
			vertex 11.499771118164 0.82578146457672 0
			vertex 11.494194984436 0.83412742614746 0
		endloop
	endfacet
	facet normal -0.55557974375575 0.83146325735314 0
		outer loop
			vertex 11.534091949463 0.81895470619202 0.16599999368191
			vertex 11.544308662415 0.82578146457672 0
			vertex 11.534091949463 0.81895470619202 0
		endloop
	endfacet
	facet normal -0.83148119359975 0.55555289999237 0
		outer loop
			vertex 11.544308662415 0.82578146457672 0.16599999368191
			vertex 11.551135063171 0.83599835634232 0
			vertex 11.544308662415 0.82578146457672 0
		endloop
	endfacet
	facet normal -0.98078035006599 0.19511510685857 0
		outer loop
			vertex 11.551135063171 0.83599835634232 0.16599999368191
			vertex 11.553532600403 0.84804999828339 0
			vertex 11.551135063171 0.83599835634232 0
		endloop
	endfacet
	facet normal -0.98078035006599 -0.19511510685857 -0
		outer loop
			vertex 11.553532600403 0.84804999828339 0.16599999368191
			vertex 11.551135063171 0.86010164022446 0
			vertex 11.553532600403 0.84804999828339 0
		endloop
	endfacet
	facet normal -0.83143852267945 -0.55561675911065 -0
		outer loop
			vertex 11.549884796143 0.86197257041931 0.16599999368191
			vertex 11.549884796143 0.86197257041931 0
			vertex 11.551135063171 0.86010164022446 0
		endloop
	endfacet
	facet normal 0.55554389288951 0.83148721161132 0
		outer loop
			vertex 11.499771118164 0.82578146457672 0.16599999368191
			vertex 11.50998878479 0.81895470619202 0.16599999368191
			vertex 11.50998878479 0.81895470619202 0
		endloop
	endfacet
	facet normal 0.19508803847411 0.98078573462522 0
		outer loop
			vertex 11.50998878479 0.81895470619202 0.16599999368191
			vertex 11.522040367126 0.81655752658844 0.16599999368191
			vertex 11.522040367126 0.81655752658844 0
		endloop
	endfacet
	facet normal -0.19508803847411 0.98078573462522 0
		outer loop
			vertex 11.522040367126 0.81655752658844 0.16599999368191
			vertex 11.534091949463 0.81895470619202 0.16599999368191
			vertex 11.534091949463 0.81895470619202 0
		endloop
	endfacet
	facet normal 0.83149075914964 0.5555385832224 0
		outer loop
			vertex 11.494194984436 0.83412742614746 0.16599999368191
			vertex 11.499771118164 0.82578146457672 0.16599999368191
			vertex 11.499771118164 0.82578146457672 0
		endloop
	endfacet
	facet normal -0.55557974375575 0.83146325735314 0
		outer loop
			vertex 11.544308662415 0.82578146457672 0.16599999368191
			vertex 11.544308662415 0.82578146457672 0
			vertex 11.534091949463 0.81895470619202 0.16599999368191
		endloop
	endfacet
	facet normal -0.83148119359975 0.55555289999237 0
		outer loop
			vertex 11.551135063171 0.83599835634232 0.16599999368191
			vertex 11.551135063171 0.83599835634232 0
			vertex 11.544308662415 0.82578146457672 0.16599999368191
		endloop
	endfacet
	facet normal -0.98078035006599 -0.19511510685857 -0
		outer loop
			vertex 11.551135063171 0.86010164022446 0.16599999368191
			vertex 11.551135063171 0.86010164022446 0
			vertex 11.553532600403 0.84804999828339 0.16599999368191
		endloop
	endfacet
	facet normal -0.98078035006599 0.19511510685857 0
		outer loop
			vertex 11.553532600403 0.84804999828339 0.16599999368191
			vertex 11.553532600403 0.84804999828339 0
			vertex 11.551135063171 0.83599835634232 0.16599999368191
		endloop
	endfacet
	facet normal -0.83143852267945 -0.55561675911065 0
		outer loop
			vertex 11.549884796143 0.86197257041931 0.16599999368191
			vertex 11.551135063171 0.86010164022446 0
			vertex 11.551135063171 0.86010164022446 0.16599999368191
		endloop
	endfacet
	facet normal 0 0 -1
		outer loop
			vertex 11.497756958008 0.83590853214264 0.16599999368191
			vertex 11.522040367126 0.81655752658844 0.16599999368191
			vertex 11.50998878479 0.81895470619202 0.16599999368191
		endloop
	endfacet
	facet normal 0 0 -1
		outer loop
			vertex 11.497756958008 0.83590853214264 0.16599999368191
			vertex 11.534091949463 0.81895470619202 0.16599999368191
			vertex 11.522040367126 0.81655752658844 0.16599999368191
		endloop
	endfacet
	facet normal 0 -0 -1
		outer loop
			vertex 11.497756958008 0.83590853214264 0.16599999368191
			vertex 11.499771118164 0.82578146457672 0.16599999368191
			vertex 11.494194984436 0.83412742614746 0.16599999368191
		endloop
	endfacet
	facet normal 0 0 -1
		outer loop
			vertex 11.497756958008 0.83590853214264 0.16599999368191
			vertex 11.50998878479 0.81895470619202 0.16599999368191
			vertex 11.499771118164 0.82578146457672 0.16599999368191
		endloop
	endfacet
	facet normal 0 0 -1
		outer loop
			vertex 11.497756958008 0.83590853214264 0.16599999368191
			vertex 11.544308662415 0.82578146457672 0.16599999368191
			vertex 11.534091949463 0.81895470619202 0.16599999368191
		endloop
	endfacet
	facet normal 0 0 -1
		outer loop
			vertex 11.497756958008 0.83590853214264 0.16599999368191
			vertex 11.551135063171 0.83599835634232 0.16599999368191
			vertex 11.544308662415 0.82578146457672 0.16599999368191
		endloop
	endfacet
	facet normal 0 0 -1
		outer loop
			vertex 11.497756958008 0.83590853214264 0.16599999368191
			vertex 11.549884796143 0.86197257041931 0.16599999368191
			vertex 11.551135063171 0.86010164022446 0.16599999368191
		endloop
	endfacet
	facet normal 0 0 -1
		outer loop
			vertex 11.497756958008 0.83590853214264 0.16599999368191
			vertex 11.551135063171 0.86010164022446 0.16599999368191
			vertex 11.551135063171 0.83599835634232 0.16599999368191
		endloop
	endfacet
	facet normal 0 0 -1
		outer loop
			vertex 11.551135063171 0.86010164022446 0.16599999368191
			vertex 11.553532600403 0.84804999828339 0.16599999368191
			vertex 11.551135063171 0.83599835634232 0.16599999368191
		endloop
	endfacet
	facet normal 0.83201998575017 -0.55474565641588 0
		outer loop
			vertex 11.672866821289 0.90633010864258 0.16599999368191
			vertex 11.67253112793 0.90582662820816 0
			vertex 11.672866821289 0.90633010864258 0
		endloop
	endfacet
	facet normal 0.55470037793185 0.83205017320007 0
		outer loop
			vertex 11.67253112793 0.90582662820816 0.16599999368191
			vertex 11.798501014709 0.82184666395187 0
			vertex 11.67253112793 0.90582662820816 0
		endloop
	endfacet
	facet normal -0.55470212825 -0.83204900631809 -0
		outer loop
			vertex 11.784477233887 0.90689426660538 0.16599999368191
			vertex 11.707468986511 0.95823335647583 0
			vertex 11.784477233887 0.90689426660538 0
		endloop
	endfacet
	facet normal 0.83201998575017 -0.55474565641588 0
		outer loop
			vertex 11.707468986511 0.95823335647583 0.16599999368191
			vertex 11.707133293152 0.95772987604141 0
			vertex 11.707468986511 0.95823335647583 0
		endloop
	endfacet
	facet normal -0.83201998575017 0.55474565641588 0
		outer loop
			vertex 11.798501014709 0.82184666395187 0.16599999368191
			vertex 11.798836708069 0.82235014438629 0
			vertex 11.798501014709 0.82184666395187 0
		endloop
	endfacet
	facet normal 0.83201998575017 -0.55474565641588 0
		outer loop
			vertex 11.672866821289 0.90633010864258 0.16599999368191
			vertex 11.67253112793 0.90582662820816 0.16599999368191
			vertex 11.67253112793 0.90582662820816 0
		endloop
	endfacet
	facet normal 0.55470037793185 0.83205017320007 0
		outer loop
			vertex 11.67253112793 0.90582662820816 0.16599999368191
			vertex 11.798501014709 0.82184666395187 0.16599999368191
			vertex 11.798501014709 0.82184666395187 0
		endloop
	endfacet
	facet normal 0.83201998575017 -0.55474565641588 0
		outer loop
			vertex 11.707468986511 0.95823335647583 0.16599999368191
			vertex 11.707133293152 0.95772987604141 0.16599999368191
			vertex 11.707133293152 0.95772987604141 0
		endloop
	endfacet
	facet normal -0.55470212825 -0.83204900631809 -0
		outer loop
			vertex 11.707468986511 0.95823335647583 0.16599999368191
			vertex 11.707468986511 0.95823335647583 0
			vertex 11.784477233887 0.90689426660538 0.16599999368191
		endloop
	endfacet
	facet normal -0.83201998575017 0.55474565641588 0
		outer loop
			vertex 11.798836708069 0.82235014438629 0.16599999368191
			vertex 11.798836708069 0.82235014438629 0
			vertex 11.798501014709 0.82184666395187 0.16599999368191
		endloop
	endfacet
	facet normal 0 -0 -1
		outer loop
			vertex 11.676259994507 0.91142058372498 0.16599999368191
			vertex 11.784477233887 0.88346362113953 0.16599999368191
			vertex 11.672866821289 0.90633010864258 0.16599999368191
		endloop
	endfacet
	facet normal 0 -0 -1
		outer loop
			vertex 11.672866821289 0.90633010864258 0.16599999368191
			vertex 11.784477233887 0.88346362113953 0.16599999368191
			vertex 11.67253112793 0.90582662820816 0.16599999368191
		endloop
	endfacet
	facet normal 0 0 -1
		outer loop
			vertex 11.67253112793 0.90582662820816 0.16599999368191
			vertex 11.802230834961 0.82744061946869 0.16599999368191
			vertex 11.798836708069 0.82235014438629 0.16599999368191
		endloop
	endfacet
	facet normal 0 0 -1
		outer loop
			vertex 11.67253112793 0.90582662820816 0.16599999368191
			vertex 11.798836708069 0.82235014438629 0.16599999368191
			vertex 11.798501014709 0.82184666395187 0.16599999368191
		endloop
	endfacet
	facet normal 0 0 -1
		outer loop
			vertex 11.67253112793 0.90582662820816 0.16599999368191
			vertex 11.784477233887 0.88346362113953 0.16599999368191
			vertex 11.802230834961 0.82744061946869 0.16599999368191
		endloop
	endfacet
	facet normal 0 -0 -1
		outer loop
			vertex 11.707133293152 0.95772987604141 0.16599999368191
			vertex 11.784477233887 0.88346362113953 0.16599999368191
			vertex 11.676259994507 0.91142058372498 0.16599999368191
		endloop
	endfacet
	facet normal 0 0 -1
		outer loop
			vertex 11.707133293152 0.95772987604141 0.16599999368191
			vertex 11.784477233887 0.90689426660538 0.16599999368191
			vertex 11.784477233887 0.88346362113953 0.16599999368191
		endloop
	endfacet
	facet normal 0 -0 -1
		outer loop
			vertex 11.707468986511 0.95823335647583 0.16599999368191
			vertex 11.784477233887 0.90689426660538 0.16599999368191
			vertex 11.707133293152 0.95772987604141 0.16599999368191
		endloop
	endfacet
	facet normal 0 0 -1
		outer loop
			vertex 11.784477233887 0.88346362113953 0.16599999368191
			vertex 11.815970420837 0.84804999828339 0.16599999368191
			vertex 11.802230834961 0.82744061946869 0.16599999368191
		endloop
	endfacet
	facet normal 1 0 0
		outer loop
			vertex 11.784477233887 1.2364574670792 0.16599999368191
			vertex 11.784477233887 0.90689426660538 0
			vertex 11.784477233887 1.2364574670792 0
		endloop
	endfacet
	facet normal -1 0 -0
		outer loop
			vertex 11.847462654114 1.2364574670792 0.16599999368191
			vertex 11.847462654114 1.2364574670792 0
			vertex 11.847462654114 0.84804999828339 0
		endloop
	endfacet
	facet normal 1 0 0
		outer loop
			vertex 11.784477233887 1.2364574670792 0.16599999368191
			vertex 11.784477233887 0.90689426660538 0.16599999368191
			vertex 11.784477233887 0.90689426660538 0
		endloop
	endfacet
	facet normal -1 -0 0
		outer loop
			vertex 11.847462654114 1.2364574670792 0.16599999368191
			vertex 11.847462654114 0.84804999828339 0
			vertex 11.847462654114 0.84804999828339 0.16599999368191
		endloop
	endfacet
	facet normal 0 0 -1
		outer loop
			vertex 11.784477233887 0.90689426660538 0.16599999368191
			vertex 11.847462654114 0.84804999828339 0.16599999368191
			vertex 11.784477233887 0.88346362113953 0.16599999368191
		endloop
	endfacet
	facet normal 0 0 -1
		outer loop
			vertex 11.784477233887 0.88346362113953 0.16599999368191
			vertex 11.847462654114 0.84804999828339 0.16599999368191
			vertex 11.815970420837 0.84804999828339 0.16599999368191
		endloop
	endfacet
	facet normal 0 -0 -1
		outer loop
			vertex 11.78920173645 1.2364574670792 0.16599999368191
			vertex 11.847462654114 0.84804999828339 0.16599999368191
			vertex 11.784477233887 0.90689426660538 0.16599999368191
		endloop
	endfacet
	facet normal 0 0 -1
		outer loop
			vertex 11.784477233887 1.2364574670792 0.16599999368191
			vertex 11.78920173645 1.2364574670792 0.16599999368191
			vertex 11.784477233887 0.90689426660538 0.16599999368191
		endloop
	endfacet
	facet normal 0 0 -1
		outer loop
			vertex 11.78920173645 1.2364574670792 0.16599999368191
			vertex 11.847462654114 1.2364574670792 0.16599999368191
			vertex 11.847462654114 0.84804999828339 0.16599999368191
		endloop
	endfacet
	facet normal 0.55555507846226 0.83147973805427 0
		outer loop
			vertex 11.667731285095 0.90976142883301 0.16599999368191
			vertex 11.672866821289 0.90633010864258 0
			vertex 11.667731285095 0.90976142883301 0
		endloop
	endfacet
	facet normal 0.83148119359975 0.55555289999237 0
		outer loop
			vertex 11.660904884338 0.9199783205986 0.16599999368191
			vertex 11.667731285095 0.90976142883301 0
			vertex 11.660904884338 0.9199783205986 0
		endloop
	endfacet
	facet normal 0.98078035006599 -0.19511510685857 0
		outer loop
			vertex 11.660904884338 0.94408166408539 0.16599999368191
			vertex 11.658507347107 0.93203002214432 0
			vertex 11.660904884338 0.94408166408539 0
		endloop
	endfacet
	facet normal 0.98078053473088 0.19511417860577 0
		outer loop
			vertex 11.658507347107 0.93203002214432 0.16599999368191
			vertex 11.660904884338 0.9199783205986 0
			vertex 11.658507347107 0.93203002214432 0
		endloop
	endfacet
	facet normal 0.83148119359975 -0.55555289999237 0
		outer loop
			vertex 11.667731285095 0.95429855585098 0.16599999368191
			vertex 11.660904884338 0.94408166408539 0
			vertex 11.667731285095 0.95429855585098 0
		endloop
	endfacet
	facet normal 0.55557639024382 -0.83146549814388 0
		outer loop
			vertex 11.677947998047 0.96112525463104 0.16599999368191
			vertex 11.667731285095 0.95429855585098 0
			vertex 11.677947998047 0.96112525463104 0
		endloop
	endfacet
	facet normal 0.19509270461488 -0.98078480647186 0
		outer loop
			vertex 11.689999580383 0.96352249383926 0.16599999368191
			vertex 11.677947998047 0.96112525463104 0
			vertex 11.689999580383 0.96352249383926 0
		endloop
	endfacet
	facet normal -0.1950778551057 -0.98078776014353 -0
		outer loop
			vertex 11.702052116394 0.96112525463104 0.16599999368191
			vertex 11.689999580383 0.96352249383926 0
			vertex 11.702052116394 0.96112525463104 0
		endloop
	endfacet
	facet normal -0.55559792891046 -0.83145110583269 -0
		outer loop
			vertex 11.707133293152 0.95772987604141 0.16599999368191
			vertex 11.702052116394 0.96112525463104 0
			vertex 11.707133293152 0.95772987604141 0
		endloop
	endfacet
	facet normal 0.98078053473088 0.19511417860577 0
		outer loop
			vertex 11.658507347107 0.93203002214432 0.16599999368191
			vertex 11.660904884338 0.9199783205986 0.16599999368191
			vertex 11.660904884338 0.9199783205986 0
		endloop
	endfacet
	facet normal 0.55555507846226 0.83147973805427 0
		outer loop
			vertex 11.667731285095 0.90976142883301 0.16599999368191
			vertex 11.672866821289 0.90633010864258 0.16599999368191
			vertex 11.672866821289 0.90633010864258 0
		endloop
	endfacet
	facet normal 0.83148119359975 0.55555289999237 0
		outer loop
			vertex 11.660904884338 0.9199783205986 0.16599999368191
			vertex 11.667731285095 0.90976142883301 0.16599999368191
			vertex 11.667731285095 0.90976142883301 0
		endloop
	endfacet
	facet normal 0.98078035006599 -0.19511510685857 0
		outer loop
			vertex 11.660904884338 0.94408166408539 0.16599999368191
			vertex 11.658507347107 0.93203002214432 0.16599999368191
			vertex 11.658507347107 0.93203002214432 0
		endloop
	endfacet
	facet normal 0.83148119359975 -0.55555289999237 0
		outer loop
			vertex 11.667731285095 0.95429855585098 0.16599999368191
			vertex 11.660904884338 0.94408166408539 0.16599999368191
			vertex 11.660904884338 0.94408166408539 0
		endloop
	endfacet
	facet normal 0.55557639024382 -0.83146549814388 0
		outer loop
			vertex 11.667731285095 0.95429855585098 0.16599999368191
			vertex 11.667731285095 0.95429855585098 0
			vertex 11.677947998047 0.96112525463104 0.16599999368191
		endloop
	endfacet
	facet normal 0.19509270461488 -0.98078480647186 0
		outer loop
			vertex 11.677947998047 0.96112525463104 0.16599999368191
			vertex 11.677947998047 0.96112525463104 0
			vertex 11.689999580383 0.96352249383926 0.16599999368191
		endloop
	endfacet
	facet normal -0.1950778551057 -0.98078776014353 -0
		outer loop
			vertex 11.689999580383 0.96352249383926 0.16599999368191
			vertex 11.689999580383 0.96352249383926 0
			vertex 11.702052116394 0.96112525463104 0.16599999368191
		endloop
	endfacet
	facet normal -0.55559792891046 -0.83145110583269 -0
		outer loop
			vertex 11.702052116394 0.96112525463104 0.16599999368191
			vertex 11.702052116394 0.96112525463104 0
			vertex 11.707133293152 0.95772987604141 0.16599999368191
		endloop
	endfacet
	facet normal 0 0 -1
		outer loop
			vertex 11.660904884338 0.94408166408539 0.16599999368191
			vertex 11.667731285095 0.90976142883301 0.16599999368191
			vertex 11.660904884338 0.9199783205986 0.16599999368191
		endloop
	endfacet
	facet normal 0 0 -1
		outer loop
			vertex 11.667731285095 0.95429855585098 0.16599999368191
			vertex 11.676259994507 0.91142058372498 0.16599999368191
			vertex 11.667731285095 0.90976142883301 0.16599999368191
		endloop
	endfacet
	facet normal 0 0 -1
		outer loop
			vertex 11.667731285095 0.90976142883301 0.16599999368191
			vertex 11.676259994507 0.91142058372498 0.16599999368191
			vertex 11.672866821289 0.90633010864258 0.16599999368191
		endloop
	endfacet
	facet normal 0 -0 -1
		outer loop
			vertex 11.660904884338 0.94408166408539 0.16599999368191
			vertex 11.660904884338 0.9199783205986 0.16599999368191
			vertex 11.658507347107 0.93203002214432 0.16599999368191
		endloop
	endfacet
	facet normal 0 -0 -1
		outer loop
			vertex 11.667731285095 0.95429855585098 0.16599999368191
			vertex 11.667731285095 0.90976142883301 0.16599999368191
			vertex 11.660904884338 0.94408166408539 0.16599999368191
		endloop
	endfacet
	facet normal 0 0 -1
		outer loop
			vertex 11.667731285095 0.95429855585098 0.16599999368191
			vertex 11.707133293152 0.95772987604141 0.16599999368191
			vertex 11.676259994507 0.91142058372498 0.16599999368191
		endloop
	endfacet
	facet normal 0 0 -1
		outer loop
			vertex 11.667731285095 0.95429855585098 0.16599999368191
			vertex 11.677947998047 0.96112525463104 0.16599999368191
			vertex 11.707133293152 0.95772987604141 0.16599999368191
		endloop
	endfacet
	facet normal 0 0 -1
		outer loop
			vertex 11.677947998047 0.96112525463104 0.16599999368191
			vertex 11.689999580383 0.96352249383926 0.16599999368191
			vertex 11.707133293152 0.95772987604141 0.16599999368191
		endloop
	endfacet
	facet normal 0 0 -1
		outer loop
			vertex 11.689999580383 0.96352249383926 0.16599999368191
			vertex 11.702052116394 0.96112525463104 0.16599999368191
			vertex 11.707133293152 0.95772987604141 0.16599999368191
		endloop
	endfacet
	facet normal 0.55560467143316 0.83144660025864 0
		outer loop
			vertex 11.798836708069 0.82235014438629 0.16599999368191
			vertex 11.803917884827 0.81895470619202 0
			vertex 11.798836708069 0.82235014438629 0
		endloop
	endfacet
	facet normal 0.19507318929199 0.98078868815839 0
		outer loop
			vertex 11.803917884827 0.81895470619202 0.16599999368191
			vertex 11.815970420837 0.81655752658844 0
			vertex 11.803917884827 0.81895470619202 0
		endloop
	endfacet
	facet normal -0.19508803847411 0.98078573462522 0
		outer loop
			vertex 11.815970420837 0.81655752658844 0.16599999368191
			vertex 11.828022003174 0.81895470619202 0
			vertex 11.815970420837 0.81655752658844 0
		endloop
	endfacet
	facet normal -0.55557974375575 0.83146325735314 0
		outer loop
			vertex 11.828022003174 0.81895470619202 0.16599999368191
			vertex 11.838238716125 0.82578146457672 0
			vertex 11.828022003174 0.81895470619202 0
		endloop
	endfacet
	facet normal -0.83148119359975 0.55555289999237 0
		outer loop
			vertex 11.838238716125 0.82578146457672 0.16599999368191
			vertex 11.845065116882 0.83599835634232 0
			vertex 11.838238716125 0.82578146457672 0
		endloop
	endfacet
	facet normal -0.98078035006599 0.19511510685857 0
		outer loop
			vertex 11.845065116882 0.83599835634232 0.16599999368191
			vertex 11.847462654114 0.84804999828339 0
			vertex 11.845065116882 0.83599835634232 0
		endloop
	endfacet
	facet normal 0.55560467143316 0.83144660025864 0
		outer loop
			vertex 11.798836708069 0.82235014438629 0.16599999368191
			vertex 11.803917884827 0.81895470619202 0.16599999368191
			vertex 11.803917884827 0.81895470619202 0
		endloop
	endfacet
	facet normal 0.19507318929199 0.98078868815839 0
		outer loop
			vertex 11.803917884827 0.81895470619202 0.16599999368191
			vertex 11.815970420837 0.81655752658844 0.16599999368191
			vertex 11.815970420837 0.81655752658844 0
		endloop
	endfacet
	facet normal -0.19508803847411 0.98078573462522 0
		outer loop
			vertex 11.815970420837 0.81655752658844 0.16599999368191
			vertex 11.828022003174 0.81895470619202 0.16599999368191
			vertex 11.828022003174 0.81895470619202 0
		endloop
	endfacet
	facet normal -0.55557974375575 0.83146325735314 0
		outer loop
			vertex 11.838238716125 0.82578146457672 0.16599999368191
			vertex 11.838238716125 0.82578146457672 0
			vertex 11.828022003174 0.81895470619202 0.16599999368191
		endloop
	endfacet
	facet normal -0.83148119359975 0.55555289999237 0
		outer loop
			vertex 11.845065116882 0.83599835634232 0.16599999368191
			vertex 11.845065116882 0.83599835634232 0
			vertex 11.838238716125 0.82578146457672 0.16599999368191
		endloop
	endfacet
	facet normal -0.98078035006599 0.19511510685857 0
		outer loop
			vertex 11.847462654114 0.84804999828339 0.16599999368191
			vertex 11.847462654114 0.84804999828339 0
			vertex 11.845065116882 0.83599835634232 0.16599999368191
		endloop
	endfacet
	facet normal 0 -0 -1
		outer loop
			vertex 11.802230834961 0.82744061946869 0.16599999368191
			vertex 11.803917884827 0.81895470619202 0.16599999368191
			vertex 11.798836708069 0.82235014438629 0.16599999368191
		endloop
	endfacet
	facet normal 0 0 -1
		outer loop
			vertex 11.802230834961 0.82744061946869 0.16599999368191
			vertex 11.815970420837 0.81655752658844 0.16599999368191
			vertex 11.803917884827 0.81895470619202 0.16599999368191
		endloop
	endfacet
	facet normal 0 0 -1
		outer loop
			vertex 11.802230834961 0.82744061946869 0.16599999368191
			vertex 11.828022003174 0.81895470619202 0.16599999368191
			vertex 11.815970420837 0.81655752658844 0.16599999368191
		endloop
	endfacet
	facet normal 0 0 -1
		outer loop
			vertex 11.802230834961 0.82744061946869 0.16599999368191
			vertex 11.838238716125 0.82578146457672 0.16599999368191
			vertex 11.828022003174 0.81895470619202 0.16599999368191
		endloop
	endfacet
	facet normal 0 -0 -1
		outer loop
			vertex 11.815970420837 0.84804999828339 0.16599999368191
			vertex 11.847462654114 0.84804999828339 0.16599999368191
			vertex 11.802230834961 0.82744061946869 0.16599999368191
		endloop
	endfacet
	facet normal 0 0 -1
		outer loop
			vertex 11.802230834961 0.82744061946869 0.16599999368191
			vertex 11.847462654114 0.84804999828339 0.16599999368191
			vertex 11.838238716125 0.82578146457672 0.16599999368191
		endloop
	endfacet
	facet normal 0 0 -1
		outer loop
			vertex 11.847462654114 0.84804999828339 0.16599999368191
			vertex 11.845065116882 0.83599835634232 0.16599999368191
			vertex 11.838238716125 0.82578146457672 0.16599999368191
		endloop
	endfacet
	facet normal 0 1 0
		outer loop
			vertex 11.689999580383 1.2364574670792 0.16599999368191
			vertex 11.784477233887 1.2364574670792 0
			vertex 11.689999580383 1.2364574670792 0
		endloop
	endfacet
	facet normal 0 -1 -0
		outer loop
			vertex 11.941940307617 1.2994425296783 0.16599999368191
			vertex 11.689999580383 1.2994425296783 0
			vertex 11.941940307617 1.2994425296783 0
		endloop
	endfacet
	facet normal 0 1 0
		outer loop
			vertex 11.847462654114 1.2364574670792 0.16599999368191
			vertex 11.941940307617 1.2364574670792 0
			vertex 11.847462654114 1.2364574670792 0
		endloop
	endfacet
	facet normal -0 1 0
		outer loop
			vertex 11.689999580383 1.2364574670792 0.16599999368191
			vertex 11.784477233887 1.2364574670792 0.16599999368191
			vertex 11.784477233887 1.2364574670792 0
		endloop
	endfacet
	facet normal 0 -1 0
		outer loop
			vertex 11.689999580383 1.2994425296783 0.16599999368191
			vertex 11.689999580383 1.2994425296783 0
			vertex 11.941940307617 1.2994425296783 0.16599999368191
		endloop
	endfacet
	facet normal -0 1 0
		outer loop
			vertex 11.847462654114 1.2364574670792 0.16599999368191
			vertex 11.941940307617 1.2364574670792 0.16599999368191
			vertex 11.941940307617 1.2364574670792 0
		endloop
	endfacet
	facet normal 0 0 -1
		outer loop
			vertex 11.689999580383 1.2994425296783 0.16599999368191
			vertex 11.784477233887 1.2364574670792 0.16599999368191
			vertex 11.689999580383 1.2364574670792 0.16599999368191
		endloop
	endfacet
	facet normal 0 0 -1
		outer loop
			vertex 11.689999580383 1.2994425296783 0.16599999368191
			vertex 11.78920173645 1.2364574670792 0.16599999368191
			vertex 11.784477233887 1.2364574670792 0.16599999368191
		endloop
	endfacet
	facet normal 0 0 -1
		outer loop
			vertex 11.689999580383 1.2994425296783 0.16599999368191
			vertex 11.847462654114 1.2364574670792 0.16599999368191
			vertex 11.78920173645 1.2364574670792 0.16599999368191
		endloop
	endfacet
	facet normal 0 0 -1
		outer loop
			vertex 11.689999580383 1.2994425296783 0.16599999368191
			vertex 11.941940307617 1.2364574670792 0.16599999368191
			vertex 11.847462654114 1.2364574670792 0.16599999368191
		endloop
	endfacet
	facet normal 0 0 -1
		outer loop
			vertex 11.689999580383 1.2994425296783 0.16599999368191
			vertex 11.941940307617 1.2994425296783 0.16599999368191
			vertex 11.941940307617 1.2364574670792 0.16599999368191
		endloop
	endfacet
	facet normal 0.83148269073816 0.55555065925875 0
		outer loop
			vertex 11.660904884338 1.2558983564377 0.16599999368191
			vertex 11.667731285095 1.2456814050674 0
			vertex 11.660904884338 1.2558983564377 0
		endloop
	endfacet
	facet normal 0.55557303670478 0.83146773893316 0
		outer loop
			vertex 11.667731285095 1.2456814050674 0.16599999368191
			vertex 11.677947998047 1.238854765892 0
			vertex 11.667731285095 1.2456814050674 0
		endloop
	endfacet
	facet normal 0.1950973707424 0.98078387829807 0
		outer loop
			vertex 11.677947998047 1.238854765892 0.16599999368191
			vertex 11.689999580383 1.2364574670792 0
			vertex 11.677947998047 1.238854765892 0
		endloop
	endfacet
	facet normal 0.98078053473088 0.19511417860577 0
		outer loop
			vertex 11.658507347107 1.2679500579834 0.16599999368191
			vertex 11.660904884338 1.2558983564377 0
			vertex 11.658507347107 1.2679500579834 0
		endloop
	endfacet
	facet normal 0.98078016539847 -0.19511603512002 0
		outer loop
			vertex 11.660904884338 1.2800016403198 0.16599999368191
			vertex 11.658507347107 1.2679500579834 0
			vertex 11.660904884338 1.2800016403198 0
		endloop
	endfacet
	facet normal 0.83148269073816 -0.55555065925875 0
		outer loop
			vertex 11.667731285095 1.2902185916901 0.16599999368191
			vertex 11.660904884338 1.2800016403198 0
			vertex 11.667731285095 1.2902185916901 0
		endloop
	endfacet
	facet normal 0.55557303670478 -0.83146773893316 0
		outer loop
			vertex 11.677947998047 1.2970452308655 0.16599999368191
			vertex 11.667731285095 1.2902185916901 0
			vertex 11.677947998047 1.2970452308655 0
		endloop
	endfacet
	facet normal 0.1950973707424 -0.98078387829807 0
		outer loop
			vertex 11.689999580383 1.2994425296783 0.16599999368191
			vertex 11.677947998047 1.2970452308655 0
			vertex 11.689999580383 1.2994425296783 0
		endloop
	endfacet
	facet normal 0.83148269073816 0.55555065925875 0
		outer loop
			vertex 11.660904884338 1.2558983564377 0.16599999368191
			vertex 11.667731285095 1.2456814050674 0.16599999368191
			vertex 11.667731285095 1.2456814050674 0
		endloop
	endfacet
	facet normal 0.55557303670478 0.83146773893316 0
		outer loop
			vertex 11.667731285095 1.2456814050674 0.16599999368191
			vertex 11.677947998047 1.238854765892 0.16599999368191
			vertex 11.677947998047 1.238854765892 0
		endloop
	endfacet
	facet normal 0.1950973707424 0.98078387829807 0
		outer loop
			vertex 11.677947998047 1.238854765892 0.16599999368191
			vertex 11.689999580383 1.2364574670792 0.16599999368191
			vertex 11.689999580383 1.2364574670792 0
		endloop
	endfacet
	facet normal 0.98078016539847 -0.19511603512002 0
		outer loop
			vertex 11.660904884338 1.2800016403198 0.16599999368191
			vertex 11.658507347107 1.2679500579834 0.16599999368191
			vertex 11.658507347107 1.2679500579834 0
		endloop
	endfacet
	facet normal 0.98078053473088 0.19511417860577 0
		outer loop
			vertex 11.658507347107 1.2679500579834 0.16599999368191
			vertex 11.660904884338 1.2558983564377 0.16599999368191
			vertex 11.660904884338 1.2558983564377 0
		endloop
	endfacet
	facet normal 0.83148269073816 -0.55555065925875 0
		outer loop
			vertex 11.667731285095 1.2902185916901 0.16599999368191
			vertex 11.660904884338 1.2800016403198 0.16599999368191
			vertex 11.660904884338 1.2800016403198 0
		endloop
	endfacet
	facet normal 0.55557303670478 -0.83146773893316 0
		outer loop
			vertex 11.667731285095 1.2902185916901 0.16599999368191
			vertex 11.667731285095 1.2902185916901 0
			vertex 11.677947998047 1.2970452308655 0.16599999368191
		endloop
	endfacet
	facet normal 0.1950973707424 -0.98078387829807 0
		outer loop
			vertex 11.677947998047 1.2970452308655 0.16599999368191
			vertex 11.677947998047 1.2970452308655 0
			vertex 11.689999580383 1.2994425296783 0.16599999368191
		endloop
	endfacet
	facet normal 0 -0 -1
		outer loop
			vertex 11.660904884338 1.2800016403198 0.16599999368191
			vertex 11.660904884338 1.2558983564377 0.16599999368191
			vertex 11.658507347107 1.2679500579834 0.16599999368191
		endloop
	endfacet
	facet normal 0 0 -1
		outer loop
			vertex 11.660904884338 1.2800016403198 0.16599999368191
			vertex 11.667731285095 1.2456814050674 0.16599999368191
			vertex 11.660904884338 1.2558983564377 0.16599999368191
		endloop
	endfacet
	facet normal 0 -0 -1
		outer loop
			vertex 11.667731285095 1.2902185916901 0.16599999368191
			vertex 11.667731285095 1.2456814050674 0.16599999368191
			vertex 11.660904884338 1.2800016403198 0.16599999368191
		endloop
	endfacet
	facet normal 0 0 -1
		outer loop
			vertex 11.667731285095 1.2902185916901 0.16599999368191
			vertex 11.677947998047 1.238854765892 0.16599999368191
			vertex 11.667731285095 1.2456814050674 0.16599999368191
		endloop
	endfacet
	facet normal 0 0 -1
		outer loop
			vertex 11.667731285095 1.2902185916901 0.16599999368191
			vertex 11.677947998047 1.2970452308655 0.16599999368191
			vertex 11.677947998047 1.238854765892 0.16599999368191
		endloop
	endfacet
	facet normal 0 0 -1
		outer loop
			vertex 11.677947998047 1.2970452308655 0.16599999368191
			vertex 11.689999580383 1.2364574670792 0.16599999368191
			vertex 11.677947998047 1.238854765892 0.16599999368191
		endloop
	endfacet
	facet normal 0 0 -1
		outer loop
			vertex 11.677947998047 1.2970452308655 0.16599999368191
			vertex 11.689999580383 1.2994425296783 0.16599999368191
			vertex 11.689999580383 1.2364574670792 0.16599999368191
		endloop
	endfacet
	facet normal -0.1950973707424 0.98078387829807 0
		outer loop
			vertex 11.941940307617 1.2364574670792 0.16599999368191
			vertex 11.953991889954 1.238854765892 0
			vertex 11.941940307617 1.2364574670792 0
		endloop
	endfacet
	facet normal -0.55557303670478 0.83146773893316 0
		outer loop
			vertex 11.953991889954 1.238854765892 0.16599999368191
			vertex 11.964208602905 1.2456814050674 0
			vertex 11.953991889954 1.238854765892 0
		endloop
	endfacet
	facet normal -0.83148269073816 0.55555065925875 0
		outer loop
			vertex 11.964208602905 1.2456814050674 0.16599999368191
			vertex 11.971035003662 1.2558983564377 0
			vertex 11.964208602905 1.2456814050674 0
		endloop
	endfacet
	facet normal -0.98078016539847 -0.19511603512002 -0
		outer loop
			vertex 11.973432540894 1.2679500579834 0.16599999368191
			vertex 11.971035003662 1.2800016403198 0
			vertex 11.973432540894 1.2679500579834 0
		endloop
	endfacet
	facet normal -0.98078053473088 0.19511417860577 0
		outer loop
			vertex 11.971035003662 1.2558983564377 0.16599999368191
			vertex 11.973432540894 1.2679500579834 0
			vertex 11.971035003662 1.2558983564377 0
		endloop
	endfacet
	facet normal -0.83148269073816 -0.55555065925875 -0
		outer loop
			vertex 11.971035003662 1.2800016403198 0.16599999368191
			vertex 11.964208602905 1.2902185916901 0
			vertex 11.971035003662 1.2800016403198 0
		endloop
	endfacet
	facet normal -0.1950973707424 -0.98078387829807 -0
		outer loop
			vertex 11.953991889954 1.2970452308655 0.16599999368191
			vertex 11.941940307617 1.2994425296783 0
			vertex 11.953991889954 1.2970452308655 0
		endloop
	endfacet
	facet normal -0.55557303670478 -0.83146773893316 -0
		outer loop
			vertex 11.964208602905 1.2902185916901 0.16599999368191
			vertex 11.953991889954 1.2970452308655 0
			vertex 11.964208602905 1.2902185916901 0
		endloop
	endfacet
	facet normal -0.1950973707424 0.98078387829807 0
		outer loop
			vertex 11.941940307617 1.2364574670792 0.16599999368191
			vertex 11.953991889954 1.238854765892 0.16599999368191
			vertex 11.953991889954 1.238854765892 0
		endloop
	endfacet
	facet normal -0.83148269073816 0.55555065925875 0
		outer loop
			vertex 11.971035003662 1.2558983564377 0.16599999368191
			vertex 11.971035003662 1.2558983564377 0
			vertex 11.964208602905 1.2456814050674 0.16599999368191
		endloop
	endfacet
	facet normal -0.55557303670478 0.83146773893316 0
		outer loop
			vertex 11.964208602905 1.2456814050674 0.16599999368191
			vertex 11.964208602905 1.2456814050674 0
			vertex 11.953991889954 1.238854765892 0.16599999368191
		endloop
	endfacet
	facet normal -0.98078053473088 0.19511417860577 0
		outer loop
			vertex 11.973432540894 1.2679500579834 0.16599999368191
			vertex 11.973432540894 1.2679500579834 0
			vertex 11.971035003662 1.2558983564377 0.16599999368191
		endloop
	endfacet
	facet normal -0.83148269073816 -0.55555065925875 -0
		outer loop
			vertex 11.964208602905 1.2902185916901 0.16599999368191
			vertex 11.964208602905 1.2902185916901 0
			vertex 11.971035003662 1.2800016403198 0.16599999368191
		endloop
	endfacet
	facet normal -0.98078016539847 -0.19511603512002 -0
		outer loop
			vertex 11.971035003662 1.2800016403198 0.16599999368191
			vertex 11.971035003662 1.2800016403198 0
			vertex 11.973432540894 1.2679500579834 0.16599999368191
		endloop
	endfacet
	facet normal -0.1950973707424 -0.98078387829807 -0
		outer loop
			vertex 11.941940307617 1.2994425296783 0.16599999368191
			vertex 11.941940307617 1.2994425296783 0
			vertex 11.953991889954 1.2970452308655 0.16599999368191
		endloop
	endfacet
	facet normal -0.55557303670478 -0.83146773893316 -0
		outer loop
			vertex 11.953991889954 1.2970452308655 0.16599999368191
			vertex 11.953991889954 1.2970452308655 0
			vertex 11.964208602905 1.2902185916901 0.16599999368191
		endloop
	endfacet
	facet normal 0 0 -1
		outer loop
			vertex 11.941940307617 1.2994425296783 0.16599999368191
			vertex 11.953991889954 1.238854765892 0.16599999368191
			vertex 11.941940307617 1.2364574670792 0.16599999368191
		endloop
	endfacet
	facet normal 0 0 -1
		outer loop
			vertex 11.953991889954 1.2970452308655 0.16599999368191
			vertex 11.964208602905 1.2456814050674 0.16599999368191
			vertex 11.953991889954 1.238854765892 0.16599999368191
		endloop
	endfacet
	facet normal 0 0 -1
		outer loop
			vertex 11.941940307617 1.2994425296783 0.16599999368191
			vertex 11.953991889954 1.2970452308655 0.16599999368191
			vertex 11.953991889954 1.238854765892 0.16599999368191
		endloop
	endfacet
	facet normal 0 0 -1
		outer loop
			vertex 11.964208602905 1.2902185916901 0.16599999368191
			vertex 11.971035003662 1.2558983564377 0.16599999368191
			vertex 11.964208602905 1.2456814050674 0.16599999368191
		endloop
	endfacet
	facet normal 0 0 -1
		outer loop
			vertex 11.971035003662 1.2800016403198 0.16599999368191
			vertex 11.973432540894 1.2679500579834 0.16599999368191
			vertex 11.971035003662 1.2558983564377 0.16599999368191
		endloop
	endfacet
	facet normal 0 0 -1
		outer loop
			vertex 11.953991889954 1.2970452308655 0.16599999368191
			vertex 11.964208602905 1.2902185916901 0.16599999368191
			vertex 11.964208602905 1.2456814050674 0.16599999368191
		endloop
	endfacet
	facet normal 0 0 -1
		outer loop
			vertex 11.964208602905 1.2902185916901 0.16599999368191
			vertex 11.971035003662 1.2800016403198 0.16599999368191
			vertex 11.971035003662 1.2558983564377 0.16599999368191
		endloop
	endfacet
	facet normal -1 0 0
		outer loop
			vertex 13.489999771118 0 0.13199999928474
			vertex 13.489999771118 0.74826925992966 0.10153846442699
			vertex 13.489999771118 0 0
		endloop
	endfacet
	facet normal -1 0 0
		outer loop
			vertex 13.489999771118 0.74826925992966 0.10153846442699
			vertex 13.489999771118 0 0.13199999928474
			vertex 13.489999771118 3.2425000667572 0.13199999928474
		endloop
	endfacet
	facet normal -1 0 0
		outer loop
			vertex 13.489999771118 3.2425000667572 0
			vertex 13.489999771118 0.74826925992966 0.10153846442699
			vertex 13.489999771118 3.2425000667572 0.13199999928474
		endloop
	endfacet
	facet normal -0 1 0
		outer loop
			vertex 13.489999771118 3.2425000667572 0.13199999928474
			vertex 13.930000305176 3.2425000667572 0.43999999761581
			vertex 13.489999771118 3.2425000667572 0
		endloop
	endfacet
	facet normal 0.50000004870462 -0.86602537566481 0
		outer loop
			vertex 19.106174468994 3.2425000667572 0
			vertex 13.930000305176 0.25403413176537 0.43999999761581
			vertex 13.930000305176 0.25403413176537 0
		endloop
	endfacet
	facet normal -0 0 -1
		outer loop
			vertex 19.106174468994 3.2425000667572 0
			vertex 13.930000305176 0.25403413176537 0
			vertex 13.930000305176 3.2425000667572 0
		endloop
	endfacet
	facet normal 0 1 0
		outer loop
			vertex 13.489999771118 3.2425000667572 0
			vertex 19.106174468994 3.2425000667572 0.43999999761581
			vertex 13.930000305176 3.2425000667572 0
		endloop
	endfacet
	facet normal 0 1 0
		outer loop
			vertex 19.106174468994 3.2425000667572 0.43999999761581
			vertex 19.106174468994 3.2425000667572 0
			vertex 13.930000305176 3.2425000667572 0
		endloop
	endfacet
	facet normal 0 1 0
		outer loop
			vertex 13.489999771118 3.2425000667572 0
			vertex 13.930000305176 3.2425000667572 0.43999999761581
			vertex 19.106174468994 3.2425000667572 0.43999999761581
		endloop
	endfacet
	facet normal 0.50000004870462 -0.86602537566481 0
		outer loop
			vertex 19.106174468994 3.2425000667572 0.43999999761581
			vertex 13.930000305176 0.25403413176537 0.43999999761581
			vertex 19.106174468994 3.2425000667572 0
		endloop
	endfacet
	facet normal 0 1 0
		outer loop
			vertex 13.489999771118 3.2425000667572 0.13199999928474
			vertex 13.489999771118 3.2425000667572 0.43999999761581
			vertex 13.930000305176 3.2425000667572 0.43999999761581
		endloop
	endfacet
	facet normal 0 0 1
		outer loop
			vertex 19.106174468994 3.2425000667572 0.43999999761581
			vertex 13.930000305176 3.2425000667572 0.43999999761581
			vertex 13.930000305176 0.25403413176537 0.43999999761581
		endloop
	endfacet
	facet normal 0 0 -1
		outer loop
			vertex 13.489999771118 0 0
			vertex 13.489999771118 3.2425000667572 0
			vertex 13.930000305176 0 0
		endloop
	endfacet
	facet normal -1 0 0
		outer loop
			vertex 13.489999771118 0 0
			vertex 13.489999771118 0.74826925992966 0.10153846442699
			vertex 13.489999771118 3.2425000667572 0
		endloop
	endfacet
	facet normal 0 0 -1
		outer loop
			vertex 13.930000305176 0 0
			vertex 13.489999771118 3.2425000667572 0
			vertex 13.930000305176 0.25403413176537 0
		endloop
	endfacet
	facet normal 1 0 0
		outer loop
			vertex 13.930000305176 0 0
			vertex 13.930000305176 0.25403413176537 0
			vertex 13.930000305176 0.25403413176537 0.43999999761581
		endloop
	endfacet
	facet normal 0 0 -1
		outer loop
			vertex 13.489999771118 3.2425000667572 0
			vertex 13.930000305176 3.2425000667572 0
			vertex 13.930000305176 0.25403413176537 0
		endloop
	endfacet
	facet normal 0 -1 -0
		outer loop
			vertex 13.930000305176 0 0.66000002622604
			vertex 13.489999771118 0 0
			vertex 13.930000305176 0 0
		endloop
	endfacet
	facet normal 0 -1 0
		outer loop
			vertex 13.489999771118 0 0.13199999928474
			vertex 13.489999771118 0 0
			vertex 13.930000305176 0 0.66000002622604
		endloop
	endfacet
	facet normal 1 0 0
		outer loop
			vertex 13.930000305176 0 0.66000002622604
			vertex 13.930000305176 0 0
			vertex 13.930000305176 0.25403413176537 0.43999999761581
		endloop
	endfacet
	facet normal 0 -1 0
		outer loop
			vertex 13.489999771118 0 0.13199999928474
			vertex 13.930000305176 0 0.66000002622604
			vertex 13.489999771118 0 0.43999999761581
		endloop
	endfacet
	facet normal 0 -1 0
		outer loop
			vertex 13.489999771118 0 0.52799999713898
			vertex 13.489999771118 0 0.43999999761581
			vertex 13.930000305176 0 0.66000002622604
		endloop
	endfacet
	facet normal 1 0 0
		outer loop
			vertex 13.930000305176 0 0.66000002622604
			vertex 13.930000305176 0.25403413176537 0.43999999761581
			vertex 13.930000305176 3.2425000667572 0.43999999761581
		endloop
	endfacet
	facet normal -1 0 0
		outer loop
			vertex 13.489999771118 0 0.66000002622604
			vertex 13.489999771118 3.2425000667572 0.52799999713898
			vertex 13.489999771118 0 0.52799999713898
		endloop
	endfacet
	facet normal 0 -1 0
		outer loop
			vertex 13.489999771118 0 0.66000002622604
			vertex 13.489999771118 0 0.52799999713898
			vertex 13.930000305176 0 0.66000002622604
		endloop
	endfacet
	facet normal 0 0 1
		outer loop
			vertex 13.489999771118 0 0.66000002622604
			vertex 13.930000305176 0 0.66000002622604
			vertex 13.930000305176 3.2425000667572 0.66000002622604
		endloop
	endfacet
	facet normal 0 1 0
		outer loop
			vertex 13.930000305176 3.2425000667572 0.66000002622604
			vertex 13.930000305176 3.2425000667572 0.43999999761581
			vertex 13.489999771118 3.2425000667572 0.43999999761581
		endloop
	endfacet
	facet normal 0 1 0
		outer loop
			vertex 13.930000305176 3.2425000667572 0.66000002622604
			vertex 13.489999771118 3.2425000667572 0.43999999761581
			vertex 13.489999771118 3.2425000667572 0.52799999713898
		endloop
	endfacet
	facet normal -1 0 0
		outer loop
			vertex 13.489999771118 0 0.66000002622604
			vertex 13.489999771118 3.2425000667572 0.66000002622604
			vertex 13.489999771118 3.2425000667572 0.52799999713898
		endloop
	endfacet
	facet normal 1 -0 0
		outer loop
			vertex 13.930000305176 0 0.66000002622604
			vertex 13.930000305176 3.2425000667572 0.43999999761581
			vertex 13.930000305176 3.2425000667572 0.66000002622604
		endloop
	endfacet
	facet normal 0 0 1
		outer loop
			vertex 13.489999771118 0 0.66000002622604
			vertex 13.930000305176 3.2425000667572 0.66000002622604
			vertex 13.489999771118 3.2425000667572 0.66000002622604
		endloop
	endfacet
	facet normal -0 1 0
		outer loop
			vertex 13.489999771118 3.2425000667572 0.66000002622604
			vertex 13.930000305176 3.2425000667572 0.66000002622604
			vertex 13.489999771118 3.2425000667572 0.52799999713898
		endloop
	endfacet
	facet normal 0.51449693411582 0 -0.85749221849847
		outer loop
			vertex 13.270000457764 0 0
			vertex 13.489999771118 3.2425000667572 0.13199999928474
			vertex 13.489999771118 0 0.13199999928474
		endloop
	endfacet
	facet normal 0.51449693411582 0 -0.85749221849847
		outer loop
			vertex 13.270000457764 0 0
			vertex 13.270000457764 3.2425000667572 0
			vertex 13.489999771118 3.2425000667572 0.13199999928474
		endloop
	endfacet
	facet normal -1 0 0
		outer loop
			vertex 13.270000457764 0 0.66000002622604
			vertex 13.270000457764 3.2425000667572 0
			vertex 13.270000457764 0 0
		endloop
	endfacet
	facet normal 0 -1 0
		outer loop
			vertex 13.270000457764 0 0.66000002622604
			vertex 13.270000457764 0 0
			vertex 13.489999771118 0 0.13199999928474
		endloop
	endfacet
	facet normal 0 1 0
		outer loop
			vertex 13.270000457764 3.2425000667572 0.66000002622604
			vertex 13.489999771118 3.2425000667572 0.13199999928474
			vertex 13.270000457764 3.2425000667572 0
		endloop
	endfacet
	facet normal 0 -1 0
		outer loop
			vertex 13.270000457764 0 0.66000002622604
			vertex 13.489999771118 0 0.13199999928474
			vertex 13.489999771118 0 0.43999999761581
		endloop
	endfacet
	facet normal 0 1 0
		outer loop
			vertex 13.270000457764 3.2425000667572 0.66000002622604
			vertex 13.489999771118 3.2425000667572 0.43999999761581
			vertex 13.489999771118 3.2425000667572 0.13199999928474
		endloop
	endfacet
	facet normal -1 0 0
		outer loop
			vertex 13.270000457764 0 0.66000002622604
			vertex 13.270000457764 3.2425000667572 0.66000002622604
			vertex 13.270000457764 3.2425000667572 0
		endloop
	endfacet
	facet normal 0 -1 0
		outer loop
			vertex 13.270000457764 0 0.66000002622604
			vertex 13.489999771118 0 0.43999999761581
			vertex 13.489999771118 0 0.52799999713898
		endloop
	endfacet
	facet normal 0.5144970195279 -0 0.85749216725105
		outer loop
			vertex 13.270000457764 0 0.66000002622604
			vertex 13.489999771118 0 0.52799999713898
			vertex 13.270000457764 3.2425000667572 0.66000002622604
		endloop
	endfacet
	facet normal 0.5144970195279 -0 0.85749216725105
		outer loop
			vertex 13.489999771118 0 0.52799999713898
			vertex 13.489999771118 3.2425000667572 0.52799999713898
			vertex 13.270000457764 3.2425000667572 0.66000002622604
		endloop
	endfacet
	facet normal 0 1 0
		outer loop
			vertex 13.270000457764 3.2425000667572 0.66000002622604
			vertex 13.489999771118 3.2425000667572 0.52799999713898
			vertex 13.489999771118 3.2425000667572 0.43999999761581
		endloop
	endfacet
	facet normal 0 -1 0
		outer loop
			vertex 13.489999771118 3.5425000190735 0.13199999928474
			vertex 13.489999771118 3.5425000190735 0
			vertex 13.930000305176 3.5425000190735 0.43999999761581
		endloop
	endfacet
	facet normal -1 0 0
		outer loop
			vertex 13.489999771118 3.5425000190735 0
			vertex 13.489999771118 3.5425000190735 0.13199999928474
			vertex 13.489999771118 6.0367307662964 0.10153846442699
		endloop
	endfacet
	facet normal -1 0 0
		outer loop
			vertex 13.489999771118 6.0367307662964 0.10153846442699
			vertex 13.489999771118 3.5425000190735 0.13199999928474
			vertex 13.489999771118 6.7849998474121 0.13199999928474
		endloop
	endfacet
	facet normal -1 0 -0
		outer loop
			vertex 13.489999771118 6.7849998474121 0.13199999928474
			vertex 13.489999771118 6.7849998474121 0
			vertex 13.489999771118 6.0367307662964 0.10153846442699
		endloop
	endfacet
	facet normal 0 -1 0
		outer loop
			vertex 13.489999771118 3.5425000190735 0
			vertex 13.930000305176 3.5425000190735 0
			vertex 19.106174468994 3.5425000190735 0.43999999761581
		endloop
	endfacet
	facet normal 0 -1 -0
		outer loop
			vertex 19.106174468994 3.5425000190735 0.43999999761581
			vertex 13.930000305176 3.5425000190735 0
			vertex 19.106174468994 3.5425000190735 0
		endloop
	endfacet
	facet normal 0 -1 0
		outer loop
			vertex 13.489999771118 3.5425000190735 0
			vertex 19.106174468994 3.5425000190735 0.43999999761581
			vertex 13.930000305176 3.5425000190735 0.43999999761581
		endloop
	endfacet
	facet normal 0 0 -1
		outer loop
			vertex 19.106174468994 3.5425000190735 0
			vertex 13.930000305176 3.5425000190735 0
			vertex 13.930000305176 6.5309658050537 0
		endloop
	endfacet
	facet normal 0.50000003000628 0.8660253864603 0
		outer loop
			vertex 19.106174468994 3.5425000190735 0
			vertex 13.930000305176 6.5309658050537 0
			vertex 13.930000305176 6.5309658050537 0.43999999761581
		endloop
	endfacet
	facet normal 0.50000003000628 0.8660253864603 0
		outer loop
			vertex 19.106174468994 3.5425000190735 0.43999999761581
			vertex 19.106174468994 3.5425000190735 0
			vertex 13.930000305176 6.5309658050537 0.43999999761581
		endloop
	endfacet
	facet normal 0 -1 0
		outer loop
			vertex 13.489999771118 3.5425000190735 0.13199999928474
			vertex 13.930000305176 3.5425000190735 0.43999999761581
			vertex 13.489999771118 3.5425000190735 0.43999999761581
		endloop
	endfacet
	facet normal 0 0 1
		outer loop
			vertex 19.106174468994 3.5425000190735 0.43999999761581
			vertex 13.930000305176 6.5309658050537 0.43999999761581
			vertex 13.930000305176 3.5425000190735 0.43999999761581
		endloop
	endfacet
	facet normal 0 0 -1
		outer loop
			vertex 13.489999771118 3.5425000190735 0
			vertex 13.930000305176 6.5309658050537 0
			vertex 13.930000305176 3.5425000190735 0
		endloop
	endfacet
	facet normal 0 0 -1
		outer loop
			vertex 13.489999771118 6.7849998474121 0
			vertex 13.930000305176 6.7849998474121 0
			vertex 13.489999771118 3.5425000190735 0
		endloop
	endfacet
	facet normal -1 0 0
		outer loop
			vertex 13.489999771118 6.7849998474121 0
			vertex 13.489999771118 3.5425000190735 0
			vertex 13.489999771118 6.0367307662964 0.10153846442699
		endloop
	endfacet
	facet normal 0 -0 -1
		outer loop
			vertex 13.930000305176 6.7849998474121 0
			vertex 13.930000305176 6.5309658050537 0
			vertex 13.489999771118 3.5425000190735 0
		endloop
	endfacet
	facet normal 1 0 0
		outer loop
			vertex 13.930000305176 6.7849998474121 0
			vertex 13.930000305176 6.5309658050537 0.43999999761581
			vertex 13.930000305176 6.5309658050537 0
		endloop
	endfacet
	facet normal 0 1 0
		outer loop
			vertex 13.930000305176 6.7849998474121 0.66000002622604
			vertex 13.930000305176 6.7849998474121 0
			vertex 13.489999771118 6.7849998474121 0
		endloop
	endfacet
	facet normal -0 1 0
		outer loop
			vertex 13.489999771118 6.7849998474121 0.13199999928474
			vertex 13.930000305176 6.7849998474121 0.66000002622604
			vertex 13.489999771118 6.7849998474121 0
		endloop
	endfacet
	facet normal 0 -1 -0
		outer loop
			vertex 13.930000305176 3.5425000190735 0.66000002622604
			vertex 13.489999771118 3.5425000190735 0.43999999761581
			vertex 13.930000305176 3.5425000190735 0.43999999761581
		endloop
	endfacet
	facet normal 0 -1 0
		outer loop
			vertex 13.930000305176 3.5425000190735 0.66000002622604
			vertex 13.489999771118 3.5425000190735 0.52799999713898
			vertex 13.489999771118 3.5425000190735 0.43999999761581
		endloop
	endfacet
	facet normal 0 -1 0
		outer loop
			vertex 13.489999771118 3.5425000190735 0.66000002622604
			vertex 13.489999771118 3.5425000190735 0.52799999713898
			vertex 13.930000305176 3.5425000190735 0.66000002622604
		endloop
	endfacet
	facet normal 1 0 0
		outer loop
			vertex 13.930000305176 6.7849998474121 0.66000002622604
			vertex 13.930000305176 6.5309658050537 0.43999999761581
			vertex 13.930000305176 6.7849998474121 0
		endloop
	endfacet
	facet normal 0 1 0
		outer loop
			vertex 13.489999771118 6.7849998474121 0.13199999928474
			vertex 13.489999771118 6.7849998474121 0.43999999761581
			vertex 13.930000305176 6.7849998474121 0.66000002622604
		endloop
	endfacet
	facet normal 1 0 0
		outer loop
			vertex 13.930000305176 6.7849998474121 0.66000002622604
			vertex 13.930000305176 3.5425000190735 0.43999999761581
			vertex 13.930000305176 6.5309658050537 0.43999999761581
		endloop
	endfacet
	facet normal -1 0 -0
		outer loop
			vertex 13.489999771118 6.7849998474121 0.66000002622604
			vertex 13.489999771118 6.7849998474121 0.52799999713898
			vertex 13.489999771118 3.5425000190735 0.52799999713898
		endloop
	endfacet
	facet normal -1 -0 0
		outer loop
			vertex 13.489999771118 6.7849998474121 0.66000002622604
			vertex 13.489999771118 3.5425000190735 0.52799999713898
			vertex 13.489999771118 3.5425000190735 0.66000002622604
		endloop
	endfacet
	facet normal 1 0 0
		outer loop
			vertex 13.930000305176 6.7849998474121 0.66000002622604
			vertex 13.930000305176 3.5425000190735 0.66000002622604
			vertex 13.930000305176 3.5425000190735 0.43999999761581
		endloop
	endfacet
	facet normal 0 0 1
		outer loop
			vertex 13.489999771118 6.7849998474121 0.66000002622604
			vertex 13.489999771118 3.5425000190735 0.66000002622604
			vertex 13.930000305176 3.5425000190735 0.66000002622604
		endloop
	endfacet
	facet normal -0 0 1
		outer loop
			vertex 13.489999771118 6.7849998474121 0.66000002622604
			vertex 13.930000305176 3.5425000190735 0.66000002622604
			vertex 13.930000305176 6.7849998474121 0.66000002622604
		endloop
	endfacet
	facet normal -0 1 0
		outer loop
			vertex 13.489999771118 6.7849998474121 0.52799999713898
			vertex 13.930000305176 6.7849998474121 0.66000002622604
			vertex 13.489999771118 6.7849998474121 0.43999999761581
		endloop
	endfacet
	facet normal -0 1 0
		outer loop
			vertex 13.489999771118 6.7849998474121 0.66000002622604
			vertex 13.930000305176 6.7849998474121 0.66000002622604
			vertex 13.489999771118 6.7849998474121 0.52799999713898
		endloop
	endfacet
	facet normal 0 -1 0
		outer loop
			vertex 13.270000457764 3.5425000190735 0.66000002622604
			vertex 13.270000457764 3.5425000190735 0
			vertex 13.489999771118 3.5425000190735 0.13199999928474
		endloop
	endfacet
	facet normal 0.51449693411582 0 -0.85749221849847
		outer loop
			vertex 13.270000457764 6.7849998474121 0
			vertex 13.489999771118 3.5425000190735 0.13199999928474
			vertex 13.270000457764 3.5425000190735 0
		endloop
	endfacet
	facet normal 0.51449693411582 0 -0.85749221849847
		outer loop
			vertex 13.270000457764 6.7849998474121 0
			vertex 13.489999771118 6.7849998474121 0.13199999928474
			vertex 13.489999771118 3.5425000190735 0.13199999928474
		endloop
	endfacet
	facet normal -1 0 -0
		outer loop
			vertex 13.270000457764 6.7849998474121 0.66000002622604
			vertex 13.270000457764 6.7849998474121 0
			vertex 13.270000457764 3.5425000190735 0
		endloop
	endfacet
	facet normal 0 1 0
		outer loop
			vertex 13.270000457764 6.7849998474121 0.66000002622604
			vertex 13.489999771118 6.7849998474121 0.13199999928474
			vertex 13.270000457764 6.7849998474121 0
		endloop
	endfacet
	facet normal 0 -1 0
		outer loop
			vertex 13.270000457764 3.5425000190735 0.66000002622604
			vertex 13.489999771118 3.5425000190735 0.13199999928474
			vertex 13.489999771118 3.5425000190735 0.43999999761581
		endloop
	endfacet
	facet normal 0 -1 0
		outer loop
			vertex 13.270000457764 3.5425000190735 0.66000002622604
			vertex 13.489999771118 3.5425000190735 0.43999999761581
			vertex 13.489999771118 3.5425000190735 0.52799999713898
		endloop
	endfacet
	facet normal -1 -0 0
		outer loop
			vertex 13.270000457764 6.7849998474121 0.66000002622604
			vertex 13.270000457764 3.5425000190735 0
			vertex 13.270000457764 3.5425000190735 0.66000002622604
		endloop
	endfacet
	facet normal 0 1 0
		outer loop
			vertex 13.270000457764 6.7849998474121 0.66000002622604
			vertex 13.489999771118 6.7849998474121 0.43999999761581
			vertex 13.489999771118 6.7849998474121 0.13199999928474
		endloop
	endfacet
	facet normal 0.5144970195279 0 0.85749216725105
		outer loop
			vertex 13.489999771118 6.7849998474121 0.52799999713898
			vertex 13.270000457764 3.5425000190735 0.66000002622604
			vertex 13.489999771118 3.5425000190735 0.52799999713898
		endloop
	endfacet
	facet normal 0.5144970195279 0 0.85749216725105
		outer loop
			vertex 13.270000457764 6.7849998474121 0.66000002622604
			vertex 13.270000457764 3.5425000190735 0.66000002622604
			vertex 13.489999771118 6.7849998474121 0.52799999713898
		endloop
	endfacet
	facet normal 0 1 0
		outer loop
			vertex 13.270000457764 6.7849998474121 0.66000002622604
			vertex 13.489999771118 6.7849998474121 0.52799999713898
			vertex 13.489999771118 6.7849998474121 0.43999999761581
		endloop
	endfacet
endsolid