; generated by PrusaSlicer 2.9.4 on 2026-06-26 at 05:01:21 UTC

; 

; external perimeters extrusion width = 0.45mm
; perimeters extrusion width = 0.45mm
; infill extrusion width = 0.45mm
; solid infill extrusion width = 0.45mm
; top infill extrusion width = 0.40mm
; first layer extrusion width = 0.70mm

;TYPE:Custom
M862.3 P "MK2S" ; printer model check
M862.1 P0.4 ; nozzle diameter check
M115 U3.2.3 ; tell printer latest fw version
G90 ; use absolute coordinates
M83 ; extruder relative mode
M204 S2000 T1500 ; MK2 firmware only supports the old M204 format
M104 S215 ; set extruder temp
M140 S55 ; set bed temp
M190 S55 ; wait for bed temp
M109 S215 ; wait for extruder temp
G28 W ; home all without mesh bed level
G80 ; mesh bed leveling
G1 Z0.2 F720
G1 Y-2 F1000 ; go outside print area
G92 E0
G1 X60 E9 F1000 ; intro line
G1 X100 E12.5 F1000 ; intro line
G92 E0
G21 ; set units to millimeters
G90 ; use absolute coordinates
M82 ; use absolute distances for extrusion
G92 E0
; Filament gcode
M107
;LAYER_CHANGE
;Z:0.35
;HEIGHT:0.35
G1 E-2 F2400
G92 E0
G1 Z.35 F7800
G92 E0
G1 X150.168 Y49.088
G1 E2 F2400
;TYPE:Perimeter
;WIDTH:0.589719
G1 F1800
G1 X150.182 Y48.841 E2.01853
;WIDTH:0.617287
G1 X150.196 Y48.595 E2.03797
;WIDTH:0.646648
G1 X150.211 Y48.521 E2.04425
;WIDTH:0.676009
G1 X150.225 Y48.447 E2.05084
G1 X150.204 Y48.285 E2.06512
;WIDTH:0.633947
G1 X150.183 Y48.122 E2.07848
;WIDTH:0.591886
G1 X150.162 Y47.96 E2.09076
;WIDTH:0.549825
G1 X150.162 Y47.465 E2.12495
G1 E.12495 F2400
G92 E0
G1 X159.189 Y44.588 F7800
G1 E2 F2400
;WIDTH:0.7
G1 F1800
G1 X159.213 Y44.594 E2.00225
G1 X159.622 Y44.475 E2.04098
G1 X161.781 Y44.475 E2.2373
G1 X163.391 Y44.504 E2.38372
G1 X163.919 Y44.674 E2.43416
G1 X164.3 Y44.953 E2.4771
G1 X164.598 Y45.274 E2.51693
G1 X164.723 Y45.475 E2.53845
G1 X164.992 Y45.106 E2.57997
G1 X165.365 Y44.77 E2.62562
G1 X165.87 Y44.543 E2.67597
G1 X166.463 Y44.495 E2.73007
G1 X166.98 Y44.582 E2.77774
G1 X167.427 Y44.82 E2.82379
G1 X167.478 Y44.883 E2.83116
G1 X167.881 Y44.646 E2.87367
G1 X168.363 Y44.5 E2.91946
G1 X168.868 Y44.494 E2.96538
G1 X169.328 Y44.603 E3.00837
G1 X169.718 Y44.821 E3.049
G1 X170.067 Y45.14 E3.09199
G1 X170.373 Y45.713 E3.15106
G1 X170.463 Y46.006 E3.17893
G1 X170.494 Y47.092 E3.27772
G1 X170.494 Y47.992 E3.35956
G1 X170.979 Y48.332 E3.41342
G1 X171.274 Y48.794 E3.46326
G1 X171.453 Y49.322 E3.51395
G1 X171.463 Y49.798 E3.55724
G1 X171.274 Y50.39 E3.61375
G1 X171.087 Y50.722 E3.6484
G1 X170.846 Y50.98 E3.6805
G1 X170.237 Y51.316 E3.74375
G1 X169.824 Y51.437 E3.78288
G1 X167.664 Y51.437 E3.97929
G1 X167.353 Y51.406 E4.00771
G1 X166.874 Y51.238 E4.05387
G1 X166.415 Y50.948 E4.10324
G1 X166.191 Y50.688 E4.13445
G1 X165.936 Y50.959 E4.16829
G1 X165.501 Y51.266 E4.2167
G1 X165.101 Y51.393 E4.25486
G1 X164.614 Y51.416 E4.29919
G1 X164.27 Y51.378 E4.33066
G1 X163.776 Y51.172 E4.37933
G1 X163.356 Y50.805 E4.43005
G1 X163.28 Y50.7 E4.44184
G1 X163.029 Y50.948 E4.47392
G1 X162.575 Y51.237 E4.52286
G1 X162.089 Y51.407 E4.56968
G1 X161.781 Y51.437 E4.59782
G1 X159.811 Y51.437 E4.77695
G1 X158.684 Y51.372 E4.8796
G1 X158.453 Y51.318 E4.90117
G1 X158.044 Y51.437 E4.9399
G1 X155.885 Y51.437 E5.13622
G1 X154.758 Y51.372 E5.23887
G1 X154.527 Y51.318 E5.26044
G1 X154.118 Y51.437 E5.29917
G1 X151.958 Y51.437 E5.49558
G1 X151.65 Y51.407 E5.52372
G1 X151.167 Y51.238 E5.57025
G1 X150.965 Y51.137 E5.59079
G1 X150.457 Y50.696 E5.65196
G1 X150.32 Y50.899 E5.67423
G1 X150.015 Y51.136 E5.70935
G1 X149.615 Y51.319 E5.74935
G1 X149.223 Y51.424 E5.78625
G1 X148.747 Y51.414 E5.82954
G1 X148.219 Y51.236 E5.88021
G1 X147.92 Y51.072 E5.91122
G1 X147.679 Y50.864 E5.94017
G1 X147.376 Y50.398 E5.99071
G1 X147.191 Y49.838 E6.04434
G1 X147.172 Y48.124 E6.2002
G1 X146.774 Y48.044 E6.23711
G1 X146.253 Y47.778 E6.2903
G1 X145.854 Y47.346 E6.34377
G1 X145.607 Y46.788 E6.39926
G1 X145.536 Y46.356 E6.43907
G1 X145.579 Y45.952 E6.47601
G1 X145.737 Y45.522 E6.51767
G1 X146.039 Y45.053 E6.56839
G1 X146.279 Y44.843 E6.59739
G1 X146.774 Y44.596 E6.64769
G1 X147.188 Y44.475 E6.68691
G1 X154.583 Y44.475 E7.35933
G1 X155.006 Y44.533 E7.39815
G1 X155.234 Y44.616 E7.42021
G1 X155.691 Y44.475 E7.4637
G1 X157.855 Y44.475 E7.66047
G1 X158.982 Y44.539 E7.76311
G1 X159.131 Y44.574 E7.77703
G1 X158.951 Y45.198 F7800
G1 F1800
G1 X159.167 Y45.295 E7.79856
G1 X159.686 Y45.1 E7.84897
G1 X161.781 Y45.1 E8.03947
G1 X162.862 Y45.126 E8.13779
G1 X163.087 Y45.099 E8.1584
G1 X163.378 Y45.139 E8.18511
G1 X163.726 Y45.285 E8.21943
G1 X164.131 Y45.681 E8.27094
G1 X164.723 Y46.863 E8.39115
G1 X165.258 Y45.792 E8.50001
G1 X165.434 Y45.548 E8.52737
G1 X165.815 Y45.227 E8.57267
G1 X166.088 Y45.135 E8.59887
G1 X166.466 Y45.12 E8.63327
G1 X166.856 Y45.205 E8.66957
G1 X167.08 Y45.34 E8.69335
G1 X167.377 Y45.702 E8.73593
G1 X167.977 Y45.302 E8.8015
G1 X168.353 Y45.144 E8.83859
G1 X168.633 Y45.101 E8.86435
G1 X169.1 Y45.185 E8.9075
G1 X169.37 Y45.34 E8.93581
G1 X169.58 Y45.532 E8.96168
G1 X169.797 Y45.955 E9.00491
G1 X169.869 Y46.316 E9.03838
G1 X169.869 Y48.419 E9.2296
G1 X170.193 Y48.527 E9.26065
G1 X170.52 Y48.756 E9.29695
G1 X170.78 Y49.233 E9.34635
G1 X170.852 Y49.592 E9.37964
G1 X170.78 Y49.951 E9.41293
G1 X170.585 Y50.35 E9.45331
G1 X170.44 Y50.505 E9.47261
G1 X169.996 Y50.74 E9.51829
G1 X169.634 Y50.812 E9.55185
G1 X167.664 Y50.812 E9.73098
G1 X167.302 Y50.74 E9.76454
G1 X166.999 Y50.605 E9.7947
G1 X166.757 Y50.405 E9.82325
G1 X166.599 Y50.147 E9.85076
G1 X166.518 Y49.951 E9.87004
G1 X166.533 Y49.801 E9.88375
;WIDTH:0.651693
G1 X166.548 Y49.651 E9.8964
;WIDTH:0.603387
G1 X166.563 Y49.501 E9.90799
;WIDTH:0.55508
G1 X166.578 Y49.352 E9.91845
;WIDTH:0.506774
G1 X166.722 Y49.019 E9.94124
;WIDTH:0.538958
G1 X166.854 Y48.865 E9.95493
;WIDTH:0.586783
G1 X166.986 Y48.711 E9.97003
;WIDTH:0.634608
G1 X167.118 Y48.557 E9.98654
;WIDTH:0.637682
G1 X167.46 Y48.44 E10.01613
G1 X167.46 Y48.141 E10.04061
G1 X167.145 Y48.043 E10.06762
G1 X166.909 Y47.879 E10.09115
G1 X166.722 Y48.197 E10.12135
;WIDTH:0.588832
G1 X166.536 Y48.515 E10.14889
;WIDTH:0.539982
G1 X166.35 Y48.833 E10.17381
;WIDTH:0.506774
G1 X166.178 Y49.193 E10.19887
;WIDTH:0.55508
G1 X166.113 Y49.377 E10.2125
;WIDTH:0.603387
G1 X166.048 Y49.561 E10.2275
;WIDTH:0.651693
G1 X165.983 Y49.745 E10.24387
;WIDTH:0.7
G1 X165.918 Y49.929 E10.26161
G1 X165.734 Y50.263 E10.29628
G1 X165.337 Y50.644 E10.34631
G1 X164.993 Y50.777 E10.37985
G1 X164.614 Y50.791 E10.41434
G1 X164.216 Y50.703 E10.4514
G1 X163.892 Y50.457 E10.48839
G1 X163.622 Y50.12 E10.52766
G1 X163.391 Y49.658 E10.57463
G1 X163.066 Y50.03 E10.61955
G1 X162.638 Y50.457 E10.67452
G1 X162.334 Y50.661 E10.70781
G1 X161.903 Y50.812 E10.74934
G1 X159.811 Y50.812 E10.93956
G1 X159.269 Y50.791 E10.98888
G1 X158.831 Y50.765 E11.02878
G1 X158.499 Y50.617 E11.06183
G1 X157.98 Y50.812 E11.11224
G1 X155.885 Y50.812 E11.30274
G1 X154.905 Y50.765 E11.39195
G1 X154.573 Y50.617 E11.425
G1 X154.053 Y50.812 E11.4755
G1 X151.958 Y50.812 E11.666
G1 X151.599 Y50.741 E11.69928
G1 X151.285 Y50.6 E11.73058
G1 X150.68 Y50.036 E11.80579
G1 X150.282 Y49.584 E11.86055
G1 X150.237 Y49.491 E11.86994
G1 X150.199 Y49.86 E11.90367
G1 X150.082 Y50.154 E11.93244
G1 X149.879 Y50.456 E11.96553
G1 X149.576 Y50.659 E11.99869
G1 X149.141 Y50.805 E12.04041
G1 X148.855 Y50.799 E12.06642
G1 X148.458 Y50.659 E12.1047
G1 X148.134 Y50.435 E12.14052
G1 X147.952 Y50.156 E12.17081
G1 X147.808 Y49.741 E12.21075
G1 X147.797 Y47.54 E12.41089
G1 X147.377 Y47.54 E12.44908
G1 X147.016 Y47.468 E12.48255
G1 X146.624 Y47.275 E12.52228
G1 X146.345 Y46.945 E12.56157
G1 X146.168 Y46.443 E12.60997
G1 X146.186 Y46.099 E12.64129
G1 X146.388 Y45.619 E12.68864
G1 X146.64 Y45.354 E12.72189
G1 X147.016 Y45.172 E12.75987
G1 X147.377 Y45.1 E12.79334
G1 X150.657 Y45.1 E13.09159
G1 X151.051 Y45.135 E13.12756
G1 X151.304 Y45.1 E13.15078
G1 X154.583 Y45.1 E13.44894
G1 X154.945 Y45.172 E13.4825
G1 X155.233 Y45.301 E13.51119
G1 X155.759 Y45.1 E13.56239
G1 X157.855 Y45.1 E13.75298
G1 X158.395 Y45.121 E13.80212
G1 X158.835 Y45.147 E13.8422
G1 X158.896 Y45.174 E13.84827
G1 X158.728 Y45.769 F7800
;TYPE:External perimeter
G1 F1800
G1 X158.989 Y45.99 E13.87937
G1 X159.085 Y46.215 E13.90161
G1 X159.467 Y45.843 E13.95009
G1 X159.811 Y45.725 E13.98316
G1 X161.781 Y45.725 E14.16229
G1 X161.983 Y45.761 E14.18095
G1 X162.119 Y45.822 E14.1945
G1 X162.323 Y45.745 E14.21433
G1 X162.637 Y45.76 E14.24291
G1 X162.766 Y45.831 E14.2563
G1 X163.087 Y45.724 E14.28707
G1 X163.372 Y45.8 E14.31389
G1 X163.628 Y46.072 E14.34785
G1 X164.723 Y48.261 E14.57041
G1 X165.817 Y46.072 E14.79293
G1 X166.105 Y45.781 E14.83016
G1 X166.249 Y45.745 E14.84366
G1 X166.596 Y45.773 E14.87532
G1 X166.733 Y45.86 E14.89008
G1 X166.848 Y46 E14.90655
G1 X166.954 Y46.297 E14.93522
G1 X166.882 Y46.453 E14.95084
;WIDTH:0.661713
G1 X166.81 Y46.609 E14.96551
;WIDTH:0.623426
G1 X166.737 Y46.766 E14.97932
;WIDTH:0.63382
G1 X166.71 Y46.874 E14.98837
;WIDTH:0.6825
G1 X166.683 Y46.983 E14.99829
;WIDTH:0.7
G1 X165.264 Y49.841 E15.28844
G1 X165 Y50.117 E15.32317
G1 X164.831 Y50.167 E15.3392
G1 X164.481 Y50.137 E15.37114
G1 X164.24 Y49.922 E15.40051
G1 X163.028 Y47.533 E15.6441
G1 X163.028 Y48.941 E15.77213
G1 X162.924 Y49.255 E15.80221
G1 X162.29 Y49.922 E15.88589
G1 X162.095 Y50.083 E15.90888
G1 X161.781 Y50.187 E15.93896
G1 X159.811 Y50.187 E16.11809
G1 X159.61 Y50.151 E16.13666
G1 X159.473 Y50.09 E16.1503
G1 X159.269 Y50.167 E16.17013
G1 X158.942 Y50.147 E16.19992
G1 X158.677 Y49.922 E16.23153
G1 X158.577 Y49.692 E16.25434
G1 X158.199 Y50.069 E16.30288
G1 X157.855 Y50.187 E16.33595
G1 X155.885 Y50.187 E16.51508
G1 X155.683 Y50.151 E16.53374
G1 X155.547 Y50.09 E16.54729
G1 X155.342 Y50.167 E16.5672
G1 X155.016 Y50.147 E16.5969
G1 X154.751 Y49.922 E16.62851
G1 X154.65 Y49.693 E16.65127
G1 X154.273 Y50.069 E16.69969
G1 X153.929 Y50.187 E16.73276
G1 X151.958 Y50.187 E16.91198
G1 X151.604 Y50.063 E16.94609
G1 X151.122 Y49.595 E17.00718
G1 X150.816 Y49.254 E17.04884
G1 X150.711 Y48.938 E17.07912
G1 X150.852 Y48.556 E17.11615
G1 X150.955 Y48.501 E17.12677
;WIDTH:0.674168
G1 X151.058 Y48.447 E17.13691
G1 X150.955 Y48.392 E17.14709
;WIDTH:0.7
G1 X150.852 Y48.338 E17.15766
G1 X150.717 Y48.014 E17.18958
G1 X150.712 Y46.904 E17.29051
G1 X149.612 Y46.915 E17.39054
G1 X149.612 Y49.596 E17.63432
G1 X149.506 Y49.913 E17.66471
G1 X149.377 Y50.061 E17.68256
G1 X149.017 Y50.188 E17.71727
G1 X148.637 Y50.049 E17.75406
G1 X148.528 Y49.914 E17.76984
G1 X148.422 Y49.597 E17.80023
G1 X148.422 Y46.915 E18.0441
G1 X147.377 Y46.915 E18.13912
G1 X146.995 Y46.772 E18.17621
G1 X146.799 Y46.414 E18.21332
G1 X146.809 Y46.2 E18.2328
G1 X146.952 Y45.906 E18.26253
G1 X147.304 Y45.725 E18.29852
G1 X150.657 Y45.725 E18.60341
G1 X150.86 Y45.761 E18.62216
G1 X150.986 Y45.831 E18.63527
G1 X151.304 Y45.725 E18.66575
G1 X154.583 Y45.725 E18.96391
G1 X154.938 Y45.85 E18.99813
G1 X155.069 Y46 E19.01624
G1 X155.163 Y46.203 E19.03658
G1 X155.531 Y45.849 E19.08301
G1 X155.885 Y45.725 E19.11712
G1 X157.855 Y45.725 E19.29625
G1 X158.056 Y45.761 E19.31482
G1 X158.193 Y45.822 E19.32846
G1 X158.397 Y45.745 E19.34829
G1 X158.669 Y45.762 E19.37307
G1 X158.978 Y46.016 F7800
G1 E17.37307 F2400
G92 E0
G1 X154.814 Y49.374 F7800
G1 E2 F2400
;WIDTH:0.458585
G1 F1800
G1 X154.907 Y49.26 E2.00821
;WIDTH:0.427279
G1 X154.907 Y49.187 E2.01195
G1 E.01195 F2400
G92 E0
G1 X158.741 Y49.373 F7800
G1 E2 F2400
;WIDTH:0.458399
G1 F1800
G1 X158.833 Y49.274 E2.00754
G1 E.00754 F2400
G92 E0
G1 X158.88 Y46.971 F7800
G1 E2 F2400
;WIDTH:0.447647
G1 F1800
G1 X158.81 Y47.011 E2.00437
G1 X158.81 Y46.93 E2.00876
G1 X158.856 Y46.93 E2.01125
G1 X158.833 Y46.638 E2.02713
;WIDTH:0.456013
G1 X158.912 Y46.553 E2.03356
G1 E.03356 F2400
G92 E0
G1 X162.879 Y46.922 F7800
G1 E2 F2400
;WIDTH:0.417963
G1 F1800
G1 X162.738 Y46.639 E2.01577
;WIDTH:0.417019
G1 X162.749 Y46.321 E2.0316
G1 E.0316 F2400
G92 E0
G1 X170.048 Y50.004 F7800
G1 E2 F2400
;WIDTH:0.7
G1 F1800
G1 X170.034 Y50.03 E2.00269
G1 X169.678 Y50.187 E2.03807
G1 X167.664 Y50.187 E2.2212
G1 X167.311 Y50.063 E2.25522
G1 X167.177 Y49.908 E2.27385
G1 X167.095 Y49.712 E2.29317
G1 X167.095 Y49.472 E2.31499
G1 X167.187 Y49.252 E2.33667
G1 X167.354 Y49.1 E2.3572
G1 X167.664 Y48.997 E2.3869
G1 X168.054 Y48.997 E2.42236
G1 X168.054 Y47.433 E2.56457
G1 X167.76 Y47.558 E2.59362
G1 X167.468 Y47.535 E2.62025
G1 X167.338 Y47.457 E2.63404
G1 X167.184 Y47.304 E2.65378
G1 X167.102 Y47.082 E2.6753
;WIDTH:0.6825
G1 X167.145 Y46.95 E2.68757
;WIDTH:0.645236
G1 X167.188 Y46.818 E2.69909
;WIDTH:0.607972
G1 X167.231 Y46.686 E2.70985
;WIDTH:0.613806
G1 X167.265 Y46.618 E2.71581
;WIDTH:0.656903
G1 X167.299 Y46.55 E2.72225
;WIDTH:0.7
G1 X167.332 Y46.482 E2.72912
G1 X168.323 Y45.822 E2.83739
G1 X168.633 Y45.726 E2.8669
G1 X168.93 Y45.798 E2.89469
G1 X169.093 Y45.924 E2.91342
G1 X169.238 Y46.254 E2.9462
G1 X169.244 Y48.997 E3.19562
G1 X169.755 Y49.021 E3.24214
G1 X170.061 Y49.179 E3.27345
G1 X170.224 Y49.551 E3.31038
G1 X170.203 Y49.712 E3.32514
G1 X170.076 Y49.951 E3.34975
G1 X169.733 Y50.157 F7800
G1 E1.34975 F2400
G92 E0
G1 X96.99 Y47.919 F7800
G1 E2 F2400
;WIDTH:0.415111
G1 F1800
G1 X96.927 Y47.956 E2.00361
G1 X96.99 Y47.992 E2.0072
G1 X97.012 Y47.956 E2.00929
G1 E.00929 F2400
G92 E0
G1 X93.13 Y46.638 F7800
G1 E2 F2400
;WIDTH:0.456019
G1 F1800
G1 X93.209 Y46.553 E2.00643
G1 E.00643 F2400
G92 E0
G1 X94.835 Y44.475 F7800
G1 E2 F2400
;TYPE:Perimeter
;WIDTH:0.7
G1 F1800
G1 X96.079 Y44.475 E2.11312
G1 X96.501 Y44.533 E2.15185
G1 X96.73 Y44.616 E2.174
G1 X97.187 Y44.475 E2.21749
G1 X100.66 Y44.475 E2.53329
G1 X101.082 Y44.533 E2.57202
G1 X101.31 Y44.616 E2.59408
G1 X101.767 Y44.475 E2.63757
G1 X103.932 Y44.475 E2.83443
G1 X104.47 Y44.496 E2.88339
G1 X105.111 Y44.553 E2.94191
G1 X105.49 Y44.716 E2.97942
G1 X105.948 Y45.106 E3.03412
G1 X106.139 Y45.336 E3.0613
G1 X106.353 Y45.804 E3.10809
G1 X106.407 Y46.211 E3.14542
G1 X106.407 Y46.72 E3.1917
G1 X106.428 Y46.971 E3.2146
G1 X106.428 Y48.941 E3.39373
G1 X106.36 Y49.397 E3.43565
G1 X106.141 Y49.911 E3.48645
G1 X105.89 Y50.24 E3.52408
G1 X105.23 Y50.899 E3.60889
G1 X105.001 Y51.089 E3.63595
G1 X104.53 Y51.318 E3.68357
G1 X104.121 Y51.437 E3.7223
G1 X101.961 Y51.437 E3.91871
G1 X101.419 Y51.416 E3.96803
G1 X100.745 Y51.348 E4.02963
G1 X100.232 Y51.079 E4.0823
G1 X99.792 Y50.629 E4.13953
G1 X99.572 Y50.213 E4.18232
G1 X99.494 Y49.801 E4.22045
G1 X99.207 Y49.801 E4.24655
G1 X99.108 Y50.199 E4.28384
G1 X98.888 Y50.653 E4.32971
G1 X98.651 Y50.934 E4.36314
G1 X98.397 Y51.127 E4.39215
G1 X97.982 Y51.319 E4.43373
G1 X97.529 Y51.431 E4.47616
G1 X97.057 Y51.403 E4.51915
G1 X96.731 Y51.296 E4.55035
G1 X96.273 Y51.437 E4.59392
G1 X94.108 Y51.437 E4.79078
G1 X93.575 Y51.343 E4.83999
G1 X93.13 Y51.145 E4.88428
G1 X92.634 Y51.361 E4.93347
G1 X92.152 Y51.437 E4.97784
G1 X90.182 Y51.437 E5.15697
G1 X89.054 Y51.372 E5.25971
G1 X88.829 Y51.316 E5.28079
G1 X88.416 Y51.437 E5.31992
G1 X86.256 Y51.437 E5.51633
G1 X85.722 Y51.343 E5.56563
G1 X85.278 Y51.145 E5.60984
G1 X84.781 Y51.361 E5.65912
G1 X84.3 Y51.437 E5.7034
G1 X82.329 Y51.437 E5.88262
G1 X81.202 Y51.372 E5.98527
G1 X80.971 Y51.318 E6.00684
G1 X80.562 Y51.437 E6.04557
G1 X78.403 Y51.437 E6.24189
G1 X77.805 Y51.318 E6.29733
G1 X77.611 Y51.238 E6.31641
G1 X77.104 Y50.899 E6.37187
G1 X76.445 Y50.24 E6.45661
G1 X76.104 Y49.728 E6.51255
G1 X76.038 Y49.524 E6.53205
;WIDTH:0.66845
G1 X76.039 Y49.427 E6.54043
;WIDTH:0.626326
G1 X76.041 Y49.329 E6.54829
;WIDTH:0.584203
G1 X76.043 Y49.231 E6.55555
;WIDTH:0.54208
G1 X76.045 Y49.133 E6.56221
;WIDTH:0.499957
G1 X76.046 Y49.035 E6.56827
;WIDTH:0.457834
G1 X76.048 Y48.938 E6.57367
;WIDTH:0.453471
G1 X76.117 Y48.448 E6.60091
G1 X76.049 Y47.96 E6.62804
;WIDTH:0.416078
G1 X76.049 Y46.316 E6.70961
;WIDTH:0.463398
G1 X76.045 Y46.216 E6.71526
;WIDTH:0.510718
G1 X76.042 Y46.115 E6.72166
;WIDTH:0.558039
G1 X76.038 Y46.015 E6.72869
;WIDTH:0.605359
G1 X76.035 Y45.914 E6.73649
;WIDTH:0.652679
G1 X76.031 Y45.814 E6.7449
;WIDTH:0.7
G1 X76.028 Y45.713 E6.75409
G1 X76.11 Y45.517 E6.77341
G1 X76.483 Y44.98 E6.83286
G1 X76.949 Y44.678 E6.88335
G1 X77.603 Y44.475 E6.94562
G1 X81.028 Y44.475 E7.25705
G1 X81.45 Y44.533 E7.29578
G1 X81.678 Y44.616 E7.31784
G1 X82.135 Y44.475 E7.36133
G1 X84.3 Y44.475 E7.55819
G1 X85.058 Y44.495 E7.62714
G1 X85.572 Y44.582 E7.67454
G1 X85.956 Y44.779 E7.71378
G1 X86.075 Y44.879 E7.72791
G1 X86.465 Y44.649 E7.76908
G1 X86.955 Y44.5 E7.81565
G1 X87.46 Y44.494 E7.86157
G1 X88.013 Y44.644 E7.91367
G1 X88.417 Y44.9 E7.95716
G1 X88.68 Y45.216 E7.99454
G1 X89.118 Y44.82 E8.04823
G1 X89.584 Y44.594 E8.09532
G1 X89.993 Y44.475 E8.13405
G1 X92.803 Y44.474 E8.38956
G1 X93.307 Y44.546 E8.43585
G1 X93.51 Y44.594 E8.45482
G1 X93.919 Y44.475 E8.49355
G1 X94.775 Y44.475 E8.57139
G1 E6.57139 F2400
G92 E0
G1 X86.096 Y48.462 F7800
G1 E2 F2400
;WIDTH:0.549819
G1 F1800
G1 X86.096 Y48.105 E2.02466
G1 E.02466 F2400
G92 E0
G1 X88.386 Y48.462 F7800
G1 E2 F2400
;WIDTH:0.549827
G1 F1800
G1 X88.386 Y46.971 E2.10299
G1 E.10299 F2400
G92 E0
G1 X93.731 Y45.195 F7800
G1 E2 F2400
;WIDTH:0.7
G1 F1800
G1 X93.984 Y45.1 E2.02457
G1 X96.079 Y45.1 E2.21507
G1 X96.443 Y45.173 E2.24883
G1 X96.73 Y45.301 E2.2774
G1 X97.255 Y45.1 E2.32852
G1 X100.66 Y45.1 E2.63814
G1 X101.021 Y45.172 E2.67161
G1 X101.31 Y45.301 E2.70039
G1 X101.836 Y45.1 E2.75159
G1 X103.932 Y45.1 E2.94218
G1 X104.472 Y45.121 E2.99132
G1 X104.943 Y45.155 E3.03426
G1 X105.17 Y45.252 E3.05671
G1 X105.507 Y45.548 E3.0975
G1 X105.7 Y45.829 E3.1285
G1 X105.782 Y46.211 E3.16403
G1 X105.78 Y46.765 E3.21441
G1 X105.803 Y46.971 E3.23326
G1 X105.803 Y48.941 E3.41239
G1 X105.731 Y49.3 E3.44568
G1 X105.518 Y49.72 E3.4885
G1 X104.788 Y50.457 E3.58282
G1 X104.484 Y50.661 E3.61611
G1 X104.054 Y50.812 E3.65755
G1 X101.961 Y50.812 E3.84787
G1 X100.928 Y50.75 E3.94197
G1 X100.62 Y50.589 E3.97357
G1 X100.295 Y50.258 E4.01575
G1 X100.163 Y50.008 E4.04146
G1 X100.111 Y49.609 E4.07805
G1 X100.105 Y49.077 E4.12643
G1 X99.768 Y49.172 E4.15827
G1 X98.604 Y49.176 E4.26411
G1 X98.583 Y49.794 E4.32034
G1 X98.367 Y50.309 E4.37112
G1 X98.141 Y50.547 E4.40096
G1 X97.743 Y50.742 E4.44126
G1 X97.384 Y50.813 E4.47454
G1 X97.024 Y50.741 E4.50792
G1 X96.73 Y50.612 E4.53711
G1 X96.204 Y50.812 E4.58828
G1 X94.108 Y50.812 E4.77887
G1 X93.75 Y50.741 E4.81206
G1 X93.441 Y50.603 E4.84283
G1 X93.13 Y50.336 E4.8801
G1 X92.82 Y50.603 E4.9173
G1 X92.278 Y50.812 E4.97012
G1 X90.182 Y50.812 E5.16071
G1 X89.64 Y50.791 E5.21003
G1 X89.201 Y50.765 E5.25002
G1 X88.874 Y50.614 E5.28277
G1 X88.351 Y50.812 E5.33362
G1 X86.256 Y50.812 E5.52412
G1 X85.894 Y50.74 E5.55768
G1 X85.583 Y50.6 E5.58869
G1 X85.398 Y50.457 E5.60995
G1 X85.301 Y50.313 E5.62574
G1 X84.971 Y50.601 E5.66557
G1 X84.425 Y50.812 E5.7188
G1 X82.329 Y50.812 E5.90939
G1 X81.787 Y50.791 E5.95871
G1 X81.349 Y50.765 E5.99861
G1 X81.018 Y50.617 E6.03158
G1 X80.498 Y50.812 E6.08208
G1 X78.403 Y50.812 E6.27258
G1 X78.044 Y50.741 E6.30586
G1 X77.85 Y50.661 E6.32494
G1 X77.546 Y50.457 E6.35823
G1 X76.887 Y49.798 E6.44297
G1 X76.682 Y49.491 E6.47654
G1 X76.545 Y49.1 E6.51421
G1 X76.574 Y48.655 E6.55476
G1 X76.657 Y48.447 E6.57512
G1 X76.532 Y48.08 E6.61037
G1 X76.532 Y46.316 E6.77077
G1 X76.604 Y45.955 E6.80424
G1 X76.687 Y45.758 E6.82368
G1 X76.91 Y45.436 E6.8593
G1 X77.387 Y45.172 E6.90887
G1 X77.748 Y45.1 E6.94234
G1 X81.028 Y45.1 E7.24059
G1 X81.389 Y45.172 E7.27406
G1 X81.678 Y45.301 E7.30284
G1 X82.204 Y45.1 E7.35404
G1 X84.3 Y45.1 E7.54463
G1 X84.84 Y45.121 E7.59377
G1 X85.367 Y45.172 E7.64191
G1 X85.597 Y45.29 E7.66542
G1 X85.875 Y45.548 E7.69991
G1 X85.945 Y45.717 E7.71654
G1 X86.568 Y45.302 E7.78461
G1 X86.945 Y45.144 E7.82178
G1 X87.225 Y45.101 E7.84754
G1 X87.489 Y45.131 E7.8717
G1 X87.869 Y45.278 E7.90875
G1 X88.103 Y45.456 E7.93548
G1 X88.306 Y45.758 E7.96857
G1 X88.423 Y46.052 E7.99734
G1 X88.462 Y46.418 E8.03081
G1 X88.666 Y46.114 E8.0641
G1 X89.325 Y45.455 E8.14884
G1 X89.629 Y45.251 E8.18213
G1 X90.06 Y45.1 E8.22366
G1 X92.152 Y45.1 E8.41388
G1 X92.548 Y45.134 E8.45002
G1 X92.803 Y45.099 E8.47342
G1 X93.24 Y45.18 E8.51383
G1 X93.464 Y45.295 E8.53673
G1 X93.675 Y45.216 E8.55722
G1 E6.55722 F2400
G92 E0
G1 X93.13 Y49.452 F7800
G1 E2 F2400
;TYPE:External perimeter
G1 F1800
G1 X92.567 Y50.016 E2.07246
G1 X92.211 Y50.187 E2.10837
G1 X90.182 Y50.187 E2.29287
G1 X89.981 Y50.151 E2.31144
G1 X89.844 Y50.09 E2.32508
G1 X89.64 Y50.167 E2.34491
G1 X89.312 Y50.146 E2.3748
G1 X89.048 Y49.921 E2.40634
G1 X89.049 Y49.872 E2.4108
;WIDTH:0.652886
G1 X89.05 Y49.823 E2.41492
;WIDTH:0.605773
G1 X89.051 Y49.774 E2.4187
;WIDTH:0.55866
G1 X89.052 Y49.725 E2.42215
;WIDTH:0.542449
G1 X89.096 Y49.326 E2.44945
G1 X89.144 Y49.271 E2.45441
;WIDTH:0.581836
G1 X89.092 Y49.156 E2.46372
;WIDTH:0.621224
G1 X89.04 Y49.04 E2.47382
;WIDTH:0.660612
G1 X88.988 Y48.925 E2.48457
;WIDTH:0.7
G1 X88.936 Y48.809 E2.49613
G1 X88.936 Y46.971 E2.66326
G1 X89.054 Y46.627 E2.69633
G1 X89.767 Y45.896 E2.78918
G1 X90.133 Y45.725 E2.82591
G1 X92.152 Y45.725 E3.0095
G1 X92.353 Y45.76 E3.02805
G1 X92.491 Y45.826 E3.04196
G1 X92.803 Y45.724 E3.07181
G1 X93.093 Y45.804 E3.09916
G1 X93.286 Y45.991 E3.1236
G1 X93.382 Y46.215 E3.14576
G1 X93.764 Y45.843 E3.19424
G1 X94.108 Y45.725 E3.22731
G1 X96.079 Y45.725 E3.40653
G1 X96.432 Y45.849 E3.44055
G1 X96.796 Y46.199 E3.48647
G1 X96.963 Y45.897 E3.51785
G1 X97.336 Y45.725 E3.5552
G1 X100.66 Y45.725 E3.85745
G1 X101.015 Y45.85 E3.89167
G1 X101.145 Y46 E3.90972
G1 X101.24 Y46.203 E3.9301
G1 X101.608 Y45.849 E3.97653
G1 X101.961 Y45.725 E4.01055
G1 X103.932 Y45.725 E4.18977
G1 X104.133 Y45.761 E4.20834
G1 X104.269 Y45.822 E4.22189
G1 X104.473 Y45.745 E4.24172
G1 X104.774 Y45.757 E4.26911
G1 X104.911 Y45.836 E4.28349
G1 X105.13 Y46.084 E4.31357
G1 X105.154 Y46.474 E4.3491
G1 X105.076 Y46.663 E4.36769
G1 X105.178 Y46.971 E4.39719
G1 X105.178 Y48.945 E4.57668
G1 X105.056 Y49.29 E4.60995
G1 X104.346 Y50.016 E4.70229
G1 X103.976 Y50.187 E4.73935
G1 X101.961 Y50.187 E4.92257
G1 X101.76 Y50.151 E4.94114
G1 X101.623 Y50.09 E4.95478
G1 X101.419 Y50.167 E4.97461
G1 X101.11 Y50.153 E5.00274
G1 X100.981 Y50.075 E5.01645
G1 X100.753 Y49.803 E5.04872
G1 X100.743 Y49.416 E5.08392
G1 X100.817 Y49.249 E5.10053
G1 X100.715 Y48.924 E5.1315
G1 X100.721 Y48.386 E5.18042
;WIDTH:0.687552
G1 X100.735 Y48.065 E5.20905
;WIDTH:0.659248
G1 X100.75 Y47.743 E5.23645
;WIDTH:0.670695
G1 X100.73 Y47.486 E5.25879
;WIDTH:0.710446
G1 X100.71 Y47.228 E5.28271
;WIDTH:0.750198
G1 X100.697 Y46.933 E5.31172
G1 X100.352 Y46.941 E5.34562
G1 X100.128 Y46.917 E5.36775
;WIDTH:0.703517
G1 X99.903 Y46.894 E5.38843
;WIDTH:0.656836
G1 X99.678 Y46.87 E5.40758
;WIDTH:0.610156
G1 X97.934 Y46.87 E5.54336
G1 X97.934 Y47.406 E5.58509
G1 X99.678 Y47.406 E5.72087
;WIDTH:0.656836
G1 X99.823 Y47.443 E5.73354
;WIDTH:0.703517
G1 X99.968 Y47.48 E5.74722
;WIDTH:0.750198
G1 X100.114 Y47.517 E5.76202
G1 X100.151 Y47.663 E5.77682
;WIDTH:0.703395
G1 X100.188 Y47.81 E5.79068
;WIDTH:0.656592
G1 X100.225 Y47.956 E5.80342
;WIDTH:0.64867
G1 X100.192 Y48.115 E5.81697
;WIDTH:0.687552
G1 X100.158 Y48.274 E5.83146
;WIDTH:0.7
G1 X99.979 Y48.452 E5.85441
G1 X99.678 Y48.551 E5.88322
G1 X97.979 Y48.551 E6.03771
G1 X97.979 Y49.596 E6.13273
G1 X97.845 Y49.965 E6.16843
G1 X97.704 Y50.081 E6.18503
G1 X97.384 Y50.188 E6.21571
G1 X97.026 Y50.062 E6.25022
G1 X96.895 Y49.913 E6.26826
G1 X96.796 Y49.713 E6.28855
G1 X96.432 Y50.064 E6.33453
G1 X96.079 Y50.187 E6.36852
G1 X94.108 Y50.187 E6.54774
G1 X93.757 Y50.064 E6.58156
G1 X93.173 Y49.494 E6.65576
G1 X92.852 Y49.732 F7800
G1 E4.65576 F2400
G92 E0
G1 X85.849 Y50.003 F7800
G1 E2 F2400
G1 F1800
G1 X85.77 Y49.912 E2.01096
G1 X85.687 Y49.712 E2.03065
G1 X85.798 Y49.436 E2.0577
;WIDTH:0.663102
G1 X85.909 Y49.16 E2.08315
G1 X86.022 Y49.09 E2.09452
;WIDTH:0.7
G1 X86.135 Y49.021 E2.10656
G1 X86.645 Y48.997 E2.15299
G1 X86.645 Y47.433 E2.2952
G1 X86.352 Y47.558 E2.32417
G1 X86.09 Y47.543 E2.34803
G1 X85.93 Y47.457 E2.36455
G1 X85.868 Y47.366 E2.37456
;WIDTH:0.657255
G1 X85.806 Y47.274 E2.38396
;WIDTH:0.61451
G1 X85.801 Y47.019 E2.40398
;WIDTH:0.569515
G1 X85.796 Y46.765 E2.42226
;WIDTH:0.568358
G1 X85.84 Y46.687 E2.42869
;WIDTH:0.612196
G1 X85.884 Y46.608 E2.43576
;WIDTH:0.656034
G1 X85.928 Y46.529 E2.4434
;WIDTH:0.699872
G1 X85.972 Y46.451 E2.45154
;WIDTH:0.7
G1 X86.915 Y45.822 E2.55461
G1 X87.225 Y45.726 E2.58412
G1 X87.522 Y45.798 E2.61191
G1 X87.662 Y45.898 E2.62755
G1 X87.824 Y46.228 E2.66098
G1 X87.836 Y48.997 E2.91277
G1 X88.347 Y49.021 E2.95929
G1 X88.459 Y49.09 E2.97125
;WIDTH:0.663099
G1 X88.572 Y49.16 E2.98262
;WIDTH:0.626199
G1 X88.602 Y49.254 E2.99053
;WIDTH:0.585733
G1 X88.633 Y49.349 E2.99796
;WIDTH:0.545268
G1 X88.663 Y49.443 E3.00471
;WIDTH:0.504803
G1 X88.693 Y49.538 E3.01094
;WIDTH:0.51147
G1 X88.692 Y49.622 E3.01627
;WIDTH:0.558602
G1 X88.69 Y49.707 E3.02225
;WIDTH:0.605735
G1 X88.689 Y49.792 E3.02881
;WIDTH:0.652867
G1 X88.688 Y49.876 E3.03587
;WIDTH:0.7
G1 X88.686 Y49.961 E3.0436
G1 X88.544 Y50.081 E3.06051
G1 X88.226 Y50.187 E3.09099
G1 X86.256 Y50.187 E3.27012
G1 X85.9 Y50.062 E3.30443
G1 X85.888 Y50.048 E3.30611
G1 X85.724 Y49.683 F7800
G1 E1.30611 F2400
G92 E0
G1 X81.259 Y49.373 F7800
G1 E2 F2400
;WIDTH:0.458405
G1 F1800
G1 X81.351 Y49.26 E2.00813
;WIDTH:0.427279
G1 X81.351 Y49.187 E2.01187
G1 X81.095 Y49.692 F7800
;WIDTH:0.7
G1 F1800
G1 X80.717 Y50.069 E2.06041
G1 X80.373 Y50.187 E2.09348
G1 X78.403 Y50.187 E2.27261
G1 X78.089 Y50.083 E2.30269
G1 X77.328 Y49.356 E2.39839
G1 X77.161 Y48.992 E2.43481
G1 X77.18 Y48.818 E2.45073
G1 X77.297 Y48.556 E2.47682
G1 X77.4 Y48.501 E2.48744
;WIDTH:0.674169
G1 X77.503 Y48.447 E2.49758
G1 X77.4 Y48.392 E2.50776
;WIDTH:0.7
G1 X77.297 Y48.338 E2.51833
G1 X77.157 Y48.002 E2.55143
G1 X77.157 Y46.316 E2.70474
G1 X77.263 Y45.999 E2.73513
G1 X77.431 Y45.831 E2.75673
G1 X77.748 Y45.725 E2.78712
G1 X81.028 Y45.725 E3.08537
G1 X81.383 Y45.85 E3.11959
G1 X81.513 Y46 E3.13764
G1 X81.608 Y46.203 E3.15802
G1 X81.976 Y45.849 E3.20445
G1 X82.329 Y45.725 E3.23847
G1 X84.3 Y45.725 E3.41769
G1 X84.501 Y45.761 E3.43626
G1 X84.637 Y45.822 E3.44981
G1 X84.841 Y45.745 E3.46964
G1 X85.19 Y45.774 E3.50148
G1 X85.433 Y45.99 E3.53104
G1 X85.525 Y46.211 E3.55281
;WIDTH:0.699872
G1 X85.501 Y46.284 E3.5598
;WIDTH:0.657757
G1 X85.477 Y46.356 E3.56623
;WIDTH:0.615643
G1 X85.453 Y46.429 E3.57227
;WIDTH:0.573528
G1 X85.429 Y46.501 E3.57777
;WIDTH:0.531414
G1 X85.327 Y46.64 E3.58922
;WIDTH:0.524521
G1 X85.374 Y46.779 E3.59882
;WIDTH:0.494623
G1 X85.421 Y46.917 E3.60772
;WIDTH:0.464726
G1 X85.426 Y47.149 E3.62088
;WIDTH:0.507901
G1 X85.45 Y47.243 E3.62699
;WIDTH:0.555926
G1 X85.474 Y47.336 E3.63371
;WIDTH:0.60395
G1 X85.498 Y47.43 E3.64118
;WIDTH:0.651975
G1 X85.522 Y47.523 E3.64924
;WIDTH:0.7
G1 X85.546 Y47.616 E3.65797
G1 X85.546 Y48.629 E3.75008
G1 X85.527 Y48.785 E3.76437
;WIDTH:0.663102
G1 X85.509 Y48.941 E3.77781
;WIDTH:0.626204
G1 X85.334 Y49.316 E3.811
;WIDTH:0.624668
G1 X85.215 Y49.462 E3.82606
;WIDTH:0.662334
G1 X85.095 Y49.608 E3.84221
;WIDTH:0.7
G1 X84.976 Y49.754 E3.85934
G1 X84.613 Y50.083 E3.90389
G1 X84.3 Y50.187 E3.93388
G1 X82.329 Y50.187 E4.1131
G1 X82.128 Y50.151 E4.13167
G1 X81.991 Y50.09 E4.14531
G1 X81.787 Y50.167 E4.16514
G1 X81.46 Y50.147 E4.19493
G1 X81.195 Y49.921 E4.2266
G1 X81.119 Y49.747 E4.24387
G1 X80.798 Y49.985 F7800
G1 X80.409 Y48.774
;WIDTH:0.610156
G1 F1800
G1 X80.142 Y49.042 E4.27332
G1 X78.634 Y49.042 E4.39073
G1 X78.139 Y48.546 E4.44529
G1 X78.021 Y48.491 E4.45543
G1 X78.155 Y48.506 E4.46593
G1 X80.142 Y48.506 E4.62063
G1 X80.367 Y48.732 E4.64546
G1 X80.118 Y49.045 F7800
G1 E2.64546 F2400
G92 E0
G1 X81.165 Y46.833 F7800
G1 E2 F2400
;WIDTH:0.639573
G1 F1800
G1 X81.131 Y46.902 E2.00632
;WIDTH:0.673315
G1 X81.096 Y46.971 E2.01305
G1 X81.096 Y47.873 E2.09157
G1 X80.682 Y47.477 E2.14144
G1 X80.528 Y47.441 E2.15521
;WIDTH:0.641735
G1 X80.373 Y47.406 E2.16831
;WIDTH:0.610156
G1 X78.302 Y47.406 E2.32955
G1 X78.302 Y46.87 E2.37128
G1 X80.373 Y46.87 E2.53252
;WIDTH:0.641735
G1 X80.7 Y46.886 E2.55951
;WIDTH:0.673315
G1 X81.028 Y46.902 E2.5881
G1 X81.096 Y46.868 E2.59472
;WIDTH:0.639573
G1 X81.112 Y46.86 E2.59619
G1 X81.095 Y47.26 F7800
G1 E.59619 F2400
G92 E0
G1 X94.456 Y48.355 F7800
G1 E2 F2400
;TYPE:Perimeter
;WIDTH:0.403784
G1 F1800
G1 X94.484 Y48.448 E2.00465
G1 X94.213 Y48.177 E2.02298
G1 X93.89 Y47.978 E2.04112
G1 X93.875 Y47.94 E2.04307
G1 X94.11 Y47.822 E2.05565
G1 X94.491 Y47.458 E2.08085
G1 X94.371 Y47.805 E2.09841
G1 X94.369 Y48.065 E2.11085
G1 X94.439 Y48.298 E2.12249
G1 X94.887 Y48.175 F7800
;TYPE:External perimeter
;WIDTH:0.7
G1 F1800
G1 X94.899 Y48.238 E2.12832
G1 X95.067 Y48.43 E2.15152
G1 X95.271 Y48.532 E2.17226
G1 X96.089 Y48.737 E2.24894
G1 X95.829 Y48.997 E2.28237
G1 X94.359 Y48.997 E2.41604
G1 X93.876 Y48.514 E2.47815
G1 X93.576 Y48.365 E2.50861
G1 X93.399 Y48.365 E2.5247
G1 X93.399 Y47.547 E2.59908
G1 X93.576 Y47.547 E2.61517
G1 X93.876 Y47.398 E2.64563
;WIDTH:0.748928
G1 X94.047 Y47.262 E2.66705
;WIDTH:0.797856
G1 X94.218 Y47.125 E2.69009
;WIDTH:0.846785
G1 X94.389 Y46.989 E2.71462
G1 X95.758 Y46.989 E2.86834
G1 X95.946 Y47.136 E2.89514
G1 X95.217 Y47.32 E2.97957
G1 X95.038 Y47.422 E3.0027
G1 X94.854 Y47.611 E3.03232
G1 X94.851 Y47.726 E3.04524
;WIDTH:0.797856
G1 X94.849 Y47.841 E3.05734
;WIDTH:0.748928
G1 X94.846 Y47.956 E3.06862
;WIDTH:0.7
G1 X94.876 Y48.116 E3.08342
G1 X95.117 Y48.436 F7800
G1 E1.08342 F2400
G92 E0
G1 X151.577 Y48.491 F7800
G1 E2 F2400
;WIDTH:0.610156
G1 F1800
G1 X151.71 Y48.506 E2.01042
G1 X153.697 Y48.506 E2.16512
G1 X153.965 Y48.774 E2.19463
G1 X153.697 Y49.042 E2.22414
G1 X152.19 Y49.042 E2.34147
G1 X151.694 Y48.546 E2.39608
G1 X151.631 Y48.517 E2.40148
G1 X152.031 Y48.505 F7800
G1 X151.858 Y47.406
G1 F1800
G1 X151.858 Y46.87 E2.44321
G1 X153.929 Y46.87 E2.60445
;WIDTH:0.641736
G1 X154.256 Y46.886 E2.63144
;WIDTH:0.673316
G1 X154.583 Y46.902 E2.65994
G1 X154.652 Y46.868 E2.66664
;WIDTH:0.639575
G1 X154.721 Y46.833 E2.67299
G1 X154.686 Y46.902 E2.67934
;WIDTH:0.673316
G1 X154.652 Y46.971 E2.68604
G1 X154.652 Y47.873 E2.76456
G1 X154.238 Y47.477 E2.81443
G1 X154.083 Y47.441 E2.82828
;WIDTH:0.641736
G1 X153.929 Y47.406 E2.8413
;WIDTH:0.610156
G1 X151.918 Y47.406 E2.99787
G1 X151.859 Y47.01 F7800
G1 E.99787 F2400
G92 E0
G1 X140.782 Y155.031 F7800
G1 E2 F2400
;TYPE:Perimeter
;WIDTH:0.7
G1 F1800
G1 X141.019 Y155.237 E2.02855
G1 X141.42 Y155.426 E2.06886
G1 X141.878 Y155.495 E2.11098
G1 X174.15 Y155.495 E5.04546
G1 X174.15 Y168.593 E6.23645
G1 X75.85 Y168.593 E15.17482
G1 X75.85 Y155.495 E16.36581
G1 X108.322 Y155.495 E19.31847
G1 X108.856 Y155.311 E19.36983
G1 X109.198 Y155.064 E19.40819
G1 X109.44 Y154.769 E19.44289
G1 X109.62 Y154.37 E19.48269
G1 X109.683 Y153.933 E19.52284
G1 X109.683 Y56.724 E28.36201
G1 X109.675 Y55.908 E28.43621
G1 X109.556 Y55.451 E28.47915
G1 X109.313 Y55.059 E28.52109
G1 X109.025 Y54.794 E28.55668
G1 X108.614 Y54.585 E28.59861
G1 X108.121 Y54.505 E28.64402
G1 X75.85 Y54.505 E31.57841
G1 X75.85 Y50.486 E31.94386
G1 X75.834 Y49.565 E32.02762
;WIDTH:0.66845
G1 X75.81 Y49.495 E32.03401
;WIDTH:0.620312
G1 X75.786 Y49.425 E32.03988
;WIDTH:0.572174
G1 X75.762 Y49.355 E32.04523
;WIDTH:0.524036
G1 X75.738 Y49.285 E32.05006
;WIDTH:0.475898
G1 X75.714 Y49.214 E32.05443
;WIDTH:0.427761
G1 X75.708 Y48.938 E32.0686
;WIDTH:0.416078
G1 X75.708 Y46.316 E32.19869
;WIDTH:0.463398
G1 X75.731 Y46.21 E32.20482
;WIDTH:0.510718
G1 X75.755 Y46.103 E32.21177
;WIDTH:0.558039
G1 X75.779 Y45.997 E32.21941
;WIDTH:0.605359
G1 X75.802 Y45.891 E32.22778
;WIDTH:0.652679
G1 X75.826 Y45.784 E32.237
;WIDTH:0.7
G1 X75.85 Y45.678 E32.24688
G1 X75.85 Y41.407 E32.63524
G1 X174.15 Y41.407 E41.57361
G1 X174.15 Y54.505 E42.7646
G1 X142.538 Y54.505 E45.63906
G1 X141.623 Y54.526 E45.72228
G1 X141.198 Y54.661 E45.76283
G1 X140.854 Y54.888 E45.80031
G1 X140.538 Y55.264 E45.84497
G1 X140.374 Y55.648 E45.88294
G1 X140.316 Y56.067 E45.9214
G1 X140.316 Y153.277 E54.76066
G1 X140.325 Y154.097 E54.83523
G1 X140.451 Y154.567 E54.87948
G1 X140.709 Y154.969 E54.92291
G1 X140.736 Y154.992 E54.92614
G1 X141.216 Y154.589 F7800
G1 F1800
G1 X141.232 Y154.611 E54.92861
G1 X141.518 Y154.798 E54.95968
G1 X141.878 Y154.87 E54.99306
G1 X174.775 Y154.87 E57.98437
G1 X174.775 Y169.218 E59.28903
G1 X75.225 Y169.218 E68.34106
G1 X75.225 Y154.87 E69.64572
G1 X108.199 Y154.87 E72.64403
G1 X108.562 Y154.76 E72.67852
G1 X108.822 Y154.554 E72.70868
G1 X109.001 Y154.253 E72.74052
G1 X109.058 Y153.933 E72.77008
G1 X109.058 Y56.724 E81.60925
G1 X109.057 Y56.021 E81.67317
G1 X108.982 Y55.698 E81.70332
G1 X108.784 Y55.406 E81.7354
G1 X108.501 Y55.211 E81.76665
G1 X108.121 Y55.13 E81.80198
G1 X75.225 Y55.13 E84.7932
G1 X75.225 Y40.782 E86.09786
G1 X174.775 Y40.782 E95.14989
G1 X174.775 Y55.13 E96.45455
G1 X141.797 Y55.134 E99.45322
G1 X141.47 Y55.224 E99.48406
G1 X141.207 Y55.414 E99.51356
G1 X141.015 Y55.702 E99.54503
G1 X140.941 Y56.067 E99.57889
G1 X140.941 Y153.277 E108.41815
G1 X140.942 Y153.981 E108.48216
G1 X141.022 Y154.313 E108.51321
G1 X141.182 Y154.54 E108.53846
G1 X141.663 Y154.144 F7800
;TYPE:External perimeter
G1 F1800
G1 X141.684 Y154.177 E108.54202
G1 X141.878 Y154.245 E108.56071
G1 X175.4 Y154.245 E111.60885
G1 X175.4 Y169.843 E113.02717
G1 X74.6 Y169.843 E122.19287
G1 X74.6 Y154.245 E123.61119
G1 X108.193 Y154.245 E126.66579
G1 X108.371 Y154.12 E126.68557
G1 X108.433 Y153.933 E126.70348
G1 X108.426 Y56.001 E135.60839
G1 X108.313 Y55.821 E135.62772
G1 X108.121 Y55.755 E135.64618
G1 X74.6 Y55.755 E138.69423
G1 X74.6 Y40.157 E140.11255
G1 X175.4 Y40.157 E149.27825
G1 X175.4 Y55.755 E150.69657
G1 X141.818 Y55.761 E153.75017
G1 X141.638 Y55.868 E153.76921
G1 X141.566 Y56.067 E153.78845
G1 X141.574 Y154.001 E162.69354
G1 X141.631 Y154.093 E162.70338
G1 X142.005 Y154.234 F7800
G1 E160.70338 F2400
G92 E0
G1 X172.697 Y41.594 F7800
G1 E2 F2400
;TYPE:Solid infill
;WIDTH:0.7011
G1 F1800
G1 X173.682 Y42.579 E2.12689
G1 X173.682 Y43.464 E2.2075
G1 X172.093 Y41.875 E2.4122
G1 X171.208 Y41.875 E2.49281
G1 X173.682 Y44.349 E2.81151
G1 X173.682 Y45.234 E2.89212
G1 X170.323 Y41.875 E3.32483
G1 X169.437 Y41.875 E3.40554
G1 X173.682 Y46.12 E3.95238
G1 X173.682 Y47.005 E4.03299
G1 X168.552 Y41.875 E4.69384
G1 X167.667 Y41.875 E4.77445
G1 X173.682 Y47.89 E5.5493
G1 X173.682 Y48.776 E5.63001
G1 X170.935 Y46.029 E5.98388
G1 X170.923 Y45.913 E5.9945
G1 X170.809 Y45.54 E6.03003
G1 X170.719 Y45.326 E6.05118
G1 X170.433 Y44.845 E6.10215
G1 X169.983 Y44.433 E6.15773
G1 X169.499 Y44.166 E6.20808
G1 X168.936 Y44.03 E6.26084
G1 X166.781 Y41.875 E6.53845
G1 X165.896 Y41.875 E6.61906
G1 X168.106 Y44.085 E6.90375
G1 X167.694 Y44.215 E6.9431
G1 X167.502 Y44.317 E6.9629
G1 X167.389 Y44.253 E6.97473
G1 X165.011 Y41.875 E7.28106
G1 X164.126 Y41.875 E7.36167
G1 X166.277 Y44.027 E7.63883
G1 X165.756 Y44.087 E7.6866
G1 X165.536 Y44.171 E7.70805
G1 X163.24 Y41.875 E8.00382
G1 X162.355 Y41.875 E8.08443
G1 X164.97 Y44.491 E8.42136
G1 X164.723 Y44.717 E8.45186
G1 X164.347 Y44.385 E8.49755
G1 X164.131 Y44.255 E8.52051
G1 X163.695 Y44.101 E8.56263
G1 X161.47 Y41.875 E8.84932
G1 X160.585 Y41.875 E8.92993
G1 X162.744 Y44.035 E9.20812
G1 X162.131 Y44.038 E9.26396
G1 X161.834 Y44.01 E9.29113
G1 X159.699 Y41.875 E9.56616
G1 X158.814 Y41.875 E9.64677
G1 X160.945 Y44.006 E9.92129
G1 X160.059 Y44.006 E10.002
G1 X157.929 Y41.875 E10.27645
G1 X157.043 Y41.875 E10.35716
G1 X159.259 Y44.091 E10.64263
G1 X159.181 Y44.113 E10.65001
G1 X158.968 Y44.057 E10.67007
G1 X158.618 Y44.026 E10.70208
G1 X158.317 Y44.035 E10.72951
G1 X156.158 Y41.875 E11.0077
G1 X155.273 Y41.875 E11.08831
G1 X157.404 Y44.006 E11.36283
G1 X156.518 Y44.006 E11.44354
G1 X154.388 Y41.875 E11.71799
G1 X153.502 Y41.875 E11.7987
G1 X155.653 Y44.026 E12.07579
G1 X155.533 Y44.036 E12.08676
G1 X155.235 Y44.119 E12.11494
G1 X155.004 Y44.05 E12.1369
G1 X154.766 Y44.025 E12.1587
G1 X152.617 Y41.875 E12.4356
G1 X151.732 Y41.875 E12.51621
G1 X153.862 Y44.006 E12.79066
G1 X152.977 Y44.006 E12.87127
G1 X150.846 Y41.875 E13.14579
G1 X149.961 Y41.875 E13.2264
G1 X152.092 Y44.006 E13.50092
G1 X151.214 Y44.014 E13.5809
G1 X149.076 Y41.875 E13.85638
G1 X148.191 Y41.875 E13.93699
G1 X150.321 Y44.006 E14.21144
G1 X149.436 Y44.006 E14.29205
G1 X147.305 Y41.875 E14.56657
G1 X146.42 Y41.875 E14.64718
G1 X148.551 Y44.006 E14.9217
G1 X147.665 Y44.006 E15.00241
G1 X145.535 Y41.875 E15.27686
G1 X144.649 Y41.875 E15.35757
G1 X146.859 Y44.085 E15.64226
G1 X146.602 Y44.16 E15.66665
G1 X146.227 Y44.339 E15.7045
G1 X143.764 Y41.875 E16.02185
G1 X142.879 Y41.875 E16.10246
G1 X145.717 Y44.714 E16.46812
G1 X145.463 Y45.034 E16.50533
G1 X145.357 Y45.239 E16.52635
G1 X141.994 Y41.875 E16.95964
G1 X141.108 Y41.875 E17.04035
G1 X145.116 Y45.883 E17.55666
G1 X145.076 Y46.117 E17.57828
G1 X145.067 Y46.366 E17.60098
G1 X145.084 Y46.59 E17.62144
G1 X145.126 Y46.778 E17.63899
G1 X140.223 Y41.875 E18.2706
G1 X139.338 Y41.875 E18.35121
G1 X146.984 Y49.522 E19.33623
G1 E17.33623 F2400
G92 E0
G1 X170.682 Y46.661 F7800
G1 E2 F2400
G1 F1800
G1 X173.682 Y49.661 E2.38646
G1 X173.682 Y50.546 E2.46707
G1 X171.641 Y48.505 E2.72999
G1 X171.702 Y48.601 E2.74035
G1 X171.794 Y48.823 E2.76224
G1 X171.915 Y49.239 E2.8017
G1 X171.946 Y49.592 E2.83398
G1 X171.937 Y49.687 E2.84267
G1 X173.682 Y51.431 E3.0674
G1 X173.682 Y52.317 E3.14811
G1 X171.774 Y50.409 E3.3939
G1 X171.704 Y50.579 E3.41065
G1 X171.471 Y50.991 E3.45376
G1 X173.682 Y53.202 E3.73858
G1 X173.682 Y54.037 E3.81464
G1 X173.631 Y54.037 E3.81929
G1 X171.016 Y51.422 E4.15615
G1 X170.626 Y51.661 E4.19781
G1 X170.446 Y51.737 E4.21561
G1 X172.746 Y54.037 E4.5119
G1 X171.861 Y54.037 E4.59251
G1 X169.722 Y51.898 E4.86806
G1 X168.844 Y51.906 E4.94804
G1 X170.976 Y54.037 E5.22262
G1 X170.091 Y54.037 E5.30323
G1 X167.959 Y51.906 E5.57781
G1 X167.656 Y51.906 E5.60541
G1 X167.26 Y51.866 E5.64167
G1 X166.934 Y51.766 E5.67273
G1 X169.205 Y54.038 E5.96534
G1 X168.32 Y54.038 E6.04595
G1 X165.875 Y51.593 E6.36092
G1 X165.692 Y51.694 E6.37996
G1 X165.238 Y51.841 E6.42343
G1 X167.435 Y54.038 E6.70645
G1 X166.55 Y54.038 E6.78706
G1 X164.371 Y51.859 E7.06776
G1 X164.166 Y51.836 E7.08655
G1 X163.754 Y51.694 E7.12625
G1 X163.52 Y51.566 E7.15055
G1 X163.26 Y51.354 E7.18111
G1 X163.1 Y51.473 E7.19927
G1 X165.665 Y54.038 E7.52969
G1 X164.78 Y54.039 E7.6103
G1 X162.509 Y51.767 E7.90291
G1 X162.182 Y51.867 E7.93406
G1 X161.762 Y51.906 E7.97248
G1 X163.895 Y54.039 E8.24725
G1 X163.01 Y54.039 E8.32786
G1 X160.877 Y51.906 E8.60263
G1 X159.992 Y51.906 E8.68324
G1 X162.125 Y54.039 E8.95801
G1 X161.24 Y54.039 E9.03862
G1 X159.085 Y51.884 E9.31623
G1 X158.699 Y51.855 E9.35149
G1 X158.485 Y51.799 E9.37164
G1 X158.192 Y51.877 E9.39926
G1 X160.355 Y54.04 E9.6779
G1 X159.47 Y54.04 E9.75851
G1 X157.336 Y51.906 E10.03341
G1 X156.45 Y51.906 E10.11412
G1 X158.584 Y54.04 E10.38902
G1 X157.699 Y54.04 E10.46963
G1 X155.533 Y51.874 E10.74865
G1 X155.12 Y51.885 E10.78628
G1 X154.772 Y51.855 E10.8181
G1 X154.578 Y51.804 E10.83637
G1 X156.814 Y54.04 E11.12441
G1 X155.929 Y54.04 E11.20502
G1 X153.795 Y51.906 E11.47992
G1 X152.909 Y51.906 E11.56063
G1 X155.044 Y54.041 E11.83566
G1 X154.159 Y54.041 E11.91627
G1 X152.024 Y51.906 E12.1913
G1 X151.558 Y51.867 E12.2339
G1 X151.185 Y51.753 E12.26943
G1 X150.815 Y51.582 E12.30656
G1 X153.274 Y54.041 E12.62333
G1 X152.389 Y54.041 E12.70394
G1 X150.003 Y51.656 E13.01124
G1 X149.788 Y51.755 E13.0328
G1 X149.338 Y51.876 E13.07525
G1 X151.504 Y54.041 E13.35421
G1 X150.619 Y54.042 E13.43482
G1 X148.367 Y51.79 E13.72492
G1 X148.031 Y51.666 E13.75754
G1 X147.651 Y51.457 E13.79704
G1 X147.338 Y51.186 E13.83475
G1 X147.103 Y50.884 E13.86961
G1 X146.861 Y50.382 E13.92037
G1 X146.809 Y50.232 E13.93483
G1 X138.452 Y41.875 E15.01138
G1 X137.567 Y41.875 E15.09199
G1 X149.734 Y54.042 E16.65934
G1 X148.848 Y54.042 E16.74005
G1 X136.682 Y41.875 E18.30734
G1 X135.797 Y41.875 E18.38795
G1 X147.963 Y54.042 E19.95524
G1 X147.078 Y54.042 E20.03585
G1 X134.911 Y41.875 E21.6032
G1 X134.026 Y41.875 E21.68381
G1 X146.193 Y54.043 E23.25123
G1 X145.308 Y54.043 E23.33184
G1 X133.141 Y41.875 E24.89926
G1 X132.255 Y41.875 E24.97997
G1 X144.423 Y54.043 E26.54745
G1 X143.538 Y54.043 E26.62806
G1 X131.37 Y41.875 E28.19554
G1 X130.485 Y41.875 E28.27615
G1 X142.653 Y54.043 E29.84363
G1 X141.768 Y54.044 E29.92424
G1 X129.6 Y41.875 E31.49179
G1 X128.714 Y41.875 E31.5725
G1 X141.054 Y54.216 E33.1622
G1 X140.682 Y54.425 E33.20107
G1 X140.52 Y54.566 E33.22063
G1 X127.829 Y41.875 E34.85549
G1 X126.944 Y41.875 E34.9361
G1 X140.128 Y55.059 E36.63446
G1 X140.008 Y55.275 E36.65697
G1 X139.886 Y55.703 E36.69751
G1 X126.059 Y41.875 E38.47877
G1 X125.173 Y41.875 E38.55948
G1 X139.848 Y56.55 E40.44992
G1 X139.848 Y57.435 E40.53053
G1 X124.288 Y41.875 E42.53497
G1 X123.403 Y41.875 E42.61558
G1 X139.848 Y58.32 E44.73403
G1 X139.848 Y59.206 E44.81474
G1 X122.517 Y41.875 E47.04732
G1 X121.632 Y41.875 E47.12793
G1 X139.848 Y60.091 E49.47452
G1 X139.848 Y60.976 E49.55513
G1 X120.747 Y41.875 E52.01572
G1 X119.862 Y41.875 E52.09633
G1 X139.848 Y61.861 E54.67093
G1 X139.848 Y62.747 E54.75164
G1 X118.976 Y41.875 E57.44037
G1 X118.091 Y41.875 E57.52098
G1 X139.848 Y63.632 E60.32372
G1 X139.848 Y64.517 E60.40433
G1 X117.206 Y41.875 E63.32108
G1 X116.32 Y41.875 E63.40179
G1 X139.848 Y65.403 E66.43267
G1 X139.848 Y66.288 E66.51328
G1 X115.435 Y41.875 E69.65817
G1 X114.55 Y41.875 E69.73878
G1 X139.848 Y67.173 E72.99767
G1 X139.848 Y68.058 E73.07828
G1 X113.665 Y41.875 E76.45118
G1 X112.779 Y41.875 E76.53189
G1 X139.848 Y68.944 E80.01892
G1 X139.848 Y69.829 E80.09953
G1 X111.894 Y41.875 E83.70057
G1 X111.009 Y41.875 E83.78118
G1 X139.848 Y70.714 E87.49622
G1 X139.848 Y71.6 E87.57693
G1 X110.123 Y41.875 E91.40611
G1 X109.238 Y41.875 E91.48672
G1 X139.848 Y72.485 E95.4299
G1 X139.848 Y73.37 E95.51051
G1 X108.353 Y41.875 E99.5677
G1 X107.468 Y41.875 E99.64831
G1 X139.848 Y74.255 E103.81951
G1 X139.848 Y75.141 E103.90022
G1 X106.582 Y41.875 E108.18555
G1 X105.697 Y41.875 E108.26616
G1 X139.848 Y76.026 E112.6655
G1 X139.848 Y76.911 E112.74611
G1 X104.812 Y41.875 E117.25945
G1 X103.926 Y41.875 E117.34016
G1 X139.848 Y77.797 E121.96764
G1 X139.848 Y78.682 E122.04825
G1 X103.041 Y41.875 E126.78973
G1 X102.156 Y41.875 E126.87034
G1 X104.317 Y44.037 E127.14878
G1 X103.939 Y44.006 E127.18333
G1 X103.401 Y44.006 E127.23234
G1 X101.271 Y41.875 E127.50679
G1 X100.385 Y41.875 E127.5875
G1 X102.516 Y44.006 E127.86202
G1 X101.954 Y44.006 E127.91321
G1 X101.657 Y44.032 E127.94037
G1 X99.5 Y41.875 E128.21824
G1 X98.615 Y41.875 E128.29885
G1 X100.755 Y44.015 E128.57453
G1 X99.86 Y44.006 E128.65606
G1 X97.729 Y41.875 E128.93058
G1 X96.844 Y41.875 E129.01119
G1 X98.975 Y44.006 E129.28571
G1 X98.09 Y44.006 E129.36632
G1 X95.959 Y41.875 E129.64084
G1 X95.074 Y41.875 E129.72145
G1 X97.218 Y44.02 E129.9977
G1 X97.028 Y44.036 E130.01507
G1 X96.731 Y44.119 E130.04316
G1 X96.5 Y44.05 E130.06512
G1 X96.346 Y44.033 E130.07923
G1 X94.188 Y41.875 E130.35722
G1 X93.303 Y41.875 E130.43783
G1 X95.434 Y44.006 E130.71235
G1 X94.548 Y44.006 E130.79306
G1 X92.418 Y41.875 E131.06751
G1 X91.532 Y41.875 E131.14822
G1 X93.707 Y44.05 E131.4284
G1 X93.477 Y44.112 E131.4501
G1 X93.195 Y44.043 E131.47655
G1 X92.779 Y44.007 E131.51458
G1 X90.647 Y41.875 E131.78922
G1 X89.762 Y41.875 E131.86983
G1 X91.893 Y44.006 E132.14435
G1 X91.007 Y44.006 E132.22506
G1 X88.877 Y41.875 E132.49951
G1 X87.991 Y41.875 E132.58022
G1 X90.127 Y44.011 E132.85538
G1 X89.782 Y44.045 E132.88696
G1 X89.396 Y44.165 E132.92378
G1 X87.106 Y41.875 E133.21878
G1 X86.221 Y41.875 E133.29939
G1 X88.816 Y44.471 E133.63374
G1 X88.716 Y44.547 E133.64518
G1 X88.572 Y44.432 E133.66197
G1 X88.21 Y44.217 E133.70032
G1 X87.661 Y44.05 E133.75259
G1 X87.494 Y44.034 E133.76787
G1 X85.336 Y41.875 E134.04593
G1 X84.45 Y41.875 E134.12664
G1 X86.664 Y44.089 E134.41185
G1 X86.276 Y44.22 E134.44915
G1 X86.094 Y44.319 E134.46802
G1 X85.899 Y44.209 E134.48841
G1 X83.565 Y41.875 E134.78908
G1 X82.68 Y41.875 E134.86969
G1 X84.837 Y44.033 E135.14762
G1 X83.925 Y44.006 E135.23073
G1 X81.794 Y41.875 E135.50525
G1 X80.909 Y41.875 E135.58586
G1 X83.04 Y44.006 E135.86038
G1 X82.168 Y44.02 E135.93982
G1 X80.024 Y41.875 E136.21607
G1 X79.139 Y41.875 E136.29668
G1 X81.297 Y44.034 E136.57474
G1 X81.036 Y44.006 E136.59865
G1 X80.384 Y44.006 E136.65804
G1 X78.253 Y41.875 E136.93256
G1 X77.368 Y41.875 E137.01317
G1 X79.499 Y44.006 E137.28769
G1 X78.613 Y44.006 E137.3684
G1 X76.483 Y41.875 E137.64285
G1 X76.318 Y41.875 E137.65788
G1 X76.318 Y42.596 E137.72356
G1 X77.729 Y44.007 E137.90533
G1 X77.51 Y44.02 E137.92531
G1 X76.992 Y44.155 E137.97407
G1 X76.318 Y43.482 E138.06083
G1 X76.318 Y44.367 E138.14144
G1 X76.623 Y44.672 E138.18073
G1 E136.18073 F2400
G92 E0
G1 X106.591 Y46.311 F7800
G1 E2 F2400
G1 F1800
G1 X139.848 Y79.567 E6.28411
G1 X139.848 Y80.452 E6.36472
G1 X106.896 Y47.5 E10.6096
G1 X106.895 Y48.385 E10.69021
G1 X139.848 Y81.338 E14.93522
G1 X139.848 Y82.223 E15.01583
G1 X106.873 Y49.249 E19.26361
G1 X106.808 Y49.534 E19.29024
G1 X106.658 Y49.919 E19.32788
G1 X139.848 Y83.108 E23.60336
G1 X139.848 Y83.994 E23.68407
G1 X106.315 Y50.461 E28.0038
G1 X105.877 Y50.909 E28.06087
G1 X139.848 Y84.879 E32.43695
G1 X139.848 Y85.764 E32.51756
G1 X110.151 Y56.068 E36.34307
G1 X110.127 Y55.751 E36.37203
G1 X110.074 Y55.511 E36.39442
G1 X109.928 Y55.14 E36.43074
G1 X109.77 Y54.881 E36.45838
G1 X109.56 Y54.635 E36.48784
G1 X109.37 Y54.466 E36.511
G1 X109.089 Y54.282 E36.5416
G1 X108.762 Y54.14 E36.57407
G1 X108.433 Y54.06 E36.60491
G1 X108.12 Y54.037 E36.6335
G1 X105.427 Y51.343 E36.98048
G1 X105.264 Y51.478 E36.99976
G1 X104.879 Y51.681 E37.03941
G1 X107.235 Y54.037 E37.34291
G1 X106.349 Y54.037 E37.42362
G1 X104.193 Y51.881 E37.70136
G1 X103.939 Y51.906 E37.72461
G1 X103.333 Y51.906 E37.77981
G1 X105.464 Y54.037 E38.05433
G1 X104.579 Y54.037 E38.13494
G1 X102.448 Y51.906 E38.40946
G1 X101.954 Y51.906 E38.45446
G1 X101.533 Y51.876 E38.49291
G1 X103.694 Y54.037 E38.77129
G1 X102.808 Y54.037 E38.852
G1 X100.536 Y51.764 E39.14474
G1 X100.089 Y51.555 E39.18969
G1 X99.769 Y51.294 E39.2273
G1 X99.414 Y50.908 E39.27507
G1 X99.345 Y50.787 E39.28776
G1 X99.281 Y50.91 E39.30039
G1 X99.065 Y51.179 E39.33181
G1 X101.923 Y54.037 E39.69998
G1 X101.038 Y54.037 E39.78059
G1 X98.565 Y51.564 E40.09916
G1 X98.157 Y51.754 E40.14016
G1 X97.935 Y51.819 E40.16123
G1 X100.152 Y54.037 E40.44689
G1 X99.267 Y54.037 E40.5275
G1 X97.114 Y51.884 E40.80485
G1 X96.73 Y51.792 E40.84082
G1 X96.431 Y51.876 E40.86911
G1 X96.238 Y51.893 E40.88676
G1 X98.382 Y54.037 E41.16295
G1 X97.497 Y54.037 E41.24356
G1 X95.366 Y51.906 E41.51808
G1 X94.481 Y51.906 E41.59869
G1 X96.611 Y54.037 E41.87314
G1 X95.726 Y54.037 E41.95375
G1 X93.501 Y51.812 E42.24037
G1 X93.13 Y51.662 E42.27682
G1 X92.779 Y51.807 E42.31141
G1 X92.645 Y51.841 E42.324
G1 X94.841 Y54.037 E42.60689
G1 X93.956 Y54.037 E42.6875
G1 X91.825 Y51.906 E42.96202
G1 X90.94 Y51.906 E43.04263
G1 X93.07 Y54.037 E43.31708
G1 X92.185 Y54.037 E43.39769
G1 X90.042 Y51.893 E43.67382
G1 X89.834 Y51.874 E43.69285
G1 X89.418 Y51.885 E43.73076
G1 X89.122 Y51.859 E43.75783
G1 X91.3 Y54.037 E44.0384
G1 X90.414 Y54.037 E44.11911
G1 X88.28 Y51.902 E44.39408
G1 X87.398 Y51.906 E44.47442
G1 X89.529 Y54.037 E44.74894
G1 X88.644 Y54.037 E44.82955
G1 X86.513 Y51.906 E45.10407
G1 X86.243 Y51.906 E45.12866
G1 X85.635 Y51.81 E45.18473
G1 X85.459 Y51.737 E45.20209
G1 X87.759 Y54.037 E45.49838
G1 X86.873 Y54.037 E45.57909
G1 X84.7 Y51.863 E45.85908
G1 X84.306 Y51.906 E45.89518
G1 X83.857 Y51.906 E45.93608
G1 X85.988 Y54.037 E46.2106
G1 X85.103 Y54.037 E46.29121
G1 X82.972 Y51.906 E46.56573
G1 X82.322 Y51.906 E46.62494
G1 X82.063 Y51.882 E46.64863
G1 X84.217 Y54.037 E46.92617
G1 X83.332 Y54.037 E47.00678
G1 X81.127 Y51.831 E47.29089
G1 X81.004 Y51.799 E47.30247
G1 X80.725 Y51.876 E47.32883
G1 X80.316 Y51.906 E47.36619
G1 X82.447 Y54.037 E47.64071
G1 X81.562 Y54.037 E47.72132
G1 X79.431 Y51.906 E47.99584
G1 X78.546 Y51.906 E48.07645
G1 X80.676 Y54.037 E48.3509
G1 X79.791 Y54.037 E48.43151
G1 X77.421 Y51.667 E48.73681
G1 X76.784 Y51.242 E48.80656
G1 X76.318 Y50.776 E48.86659
G1 X76.318 Y51.449 E48.92789
G1 X78.906 Y54.037 E49.26128
G1 X78.02 Y54.037 E49.34199
G1 X76.318 Y52.335 E49.56124
G1 X76.318 Y53.22 E49.64185
G1 X77.416 Y54.318 E49.78329
G1 E47.78329 F2400
G92 E0
G1 X140.129 Y86.931 F7800
G1 E2 F2400
G1 F1800
G1 X110.151 Y56.953 E5.86177
G1 X110.151 Y57.839 E5.94248
G1 X139.848 Y87.535 E9.76799
G1 X139.848 Y88.42 E9.8486
G1 X110.151 Y58.724 E13.67411
G1 X110.151 Y59.609 E13.75472
G1 X139.848 Y89.305 E17.58023
G1 X139.848 Y90.191 E17.66094
G1 X110.151 Y60.494 E21.48651
G1 X110.151 Y61.38 E21.56722
G1 X139.848 Y91.076 E25.39273
G1 X139.848 Y91.961 E25.47334
G1 X110.151 Y62.265 E29.29885
G1 X110.151 Y63.15 E29.37946
G1 X139.848 Y92.846 E33.20497
G1 X139.848 Y93.732 E33.28568
G1 X110.151 Y64.035 E37.11125
G1 X110.151 Y64.921 E37.19196
G1 X139.848 Y94.617 E41.01747
G1 X139.848 Y95.502 E41.09808
G1 X110.151 Y65.806 E44.92359
G1 X110.151 Y66.691 E45.0042
G1 X139.848 Y96.387 E48.82971
G1 X139.848 Y97.273 E48.91042
G1 X110.151 Y67.576 E52.73599
G1 X110.151 Y68.462 E52.8167
G1 X139.848 Y98.158 E56.64221
G1 X139.848 Y99.043 E56.72282
G1 X110.151 Y69.347 E60.54833
G1 X110.151 Y70.232 E60.62894
G1 X139.848 Y99.929 E64.45451
G1 X139.848 Y100.814 E64.53512
G1 X110.151 Y71.117 E68.36069
G1 X110.151 Y72.003 E68.4414
G1 X139.848 Y101.699 E72.26691
G1 X139.848 Y102.584 E72.34752
G1 X110.151 Y72.888 E76.17303
G1 X110.151 Y73.773 E76.25364
G1 X139.848 Y103.47 E80.07921
G1 X139.848 Y104.355 E80.15982
G1 X110.151 Y74.658 E83.98539
G1 X110.151 Y75.544 E84.0661
G1 X139.848 Y105.24 E87.89161
G1 X139.848 Y106.126 E87.97232
G1 X110.151 Y76.429 E91.79789
G1 X110.151 Y77.314 E91.8785
G1 X139.848 Y107.011 E95.70407
G1 X139.848 Y107.896 E95.78468
G1 X110.151 Y78.199 E99.61025
G1 X110.151 Y79.085 E99.69096
G1 X139.848 Y108.781 E103.51647
G1 X139.848 Y109.667 E103.59718
G1 X110.151 Y79.97 E107.42275
G1 X110.151 Y80.855 E107.50336
G1 X139.848 Y110.552 E111.32893
G1 X139.848 Y111.437 E111.40954
G1 X110.151 Y81.741 E115.23505
G1 X110.151 Y82.626 E115.31566
G1 X139.848 Y112.323 E119.14123
G1 X139.848 Y113.208 E119.22184
G1 X110.151 Y83.511 E123.04741
G1 X110.151 Y84.396 E123.12802
G1 X139.848 Y114.093 E126.95359
G1 X139.848 Y114.978 E127.0342
G1 X110.151 Y85.282 E130.85971
G1 X110.151 Y86.167 E130.94032
G1 X139.848 Y115.864 E134.76589
G1 X139.848 Y116.749 E134.8465
G1 X110.151 Y87.052 E138.67207
G1 X110.151 Y87.937 E138.75268
G1 X139.848 Y117.634 E142.57825
G1 X139.848 Y118.52 E142.65896
G1 X110.151 Y88.823 E146.48453
G1 X110.151 Y89.708 E146.56514
G1 X139.848 Y119.405 E150.39071
G1 X139.848 Y120.29 E150.47132
G1 X110.151 Y90.593 E154.29689
G1 X110.151 Y91.478 E154.3775
G1 X139.848 Y121.175 E158.20307
G1 X139.848 Y122.061 E158.28378
G1 X110.151 Y92.364 E162.10935
G1 X110.151 Y93.249 E162.18996
G1 X139.848 Y122.946 E166.01553
G1 X139.848 Y123.831 E166.09614
G1 X110.15 Y94.134 E169.92178
G1 X110.15 Y95.019 E170.00239
G1 X139.848 Y124.717 E173.82809
G1 X139.848 Y125.602 E173.9087
G1 X110.15 Y95.905 E177.73434
G1 X110.15 Y96.79 E177.81495
G1 X139.848 Y126.487 E181.64059
G1 X139.848 Y127.372 E181.7212
G1 X110.15 Y97.675 E185.54684
G1 X110.15 Y98.56 E185.62745
G1 X139.848 Y128.258 E189.45315
G1 X139.848 Y129.143 E189.53376
G1 X110.15 Y99.446 E193.3594
G1 X110.15 Y100.331 E193.44001
G1 X139.848 Y130.028 E197.26565
G1 X139.848 Y130.913 E197.34626
G1 X110.15 Y101.216 E201.1719
G1 X110.15 Y102.101 E201.25251
G1 X139.848 Y131.799 E205.07821
G1 X139.848 Y132.684 E205.15882
G1 X110.15 Y102.987 E208.98446
G1 X110.15 Y103.872 E209.06507
G1 X139.848 Y133.569 E212.89071
G1 X139.848 Y134.455 E212.97142
G1 X110.15 Y104.757 E216.79712
G1 X110.15 Y105.643 E216.87783
G1 X139.848 Y135.34 E220.70347
G1 X139.848 Y136.225 E220.78408
G1 X110.15 Y106.528 E224.60972
G1 X110.15 Y107.413 E224.69033
G1 X139.848 Y137.11 E228.51597
G1 X139.848 Y137.996 E228.59668
G1 X110.15 Y108.298 E232.42238
G1 X110.15 Y109.184 E232.50309
G1 X139.848 Y138.881 E236.32873
G1 X139.848 Y139.766 E236.40934
G1 X110.15 Y110.069 E240.23498
G1 X110.15 Y110.954 E240.31559
G1 X139.848 Y140.652 E244.14129
G1 X139.848 Y141.537 E244.2219
G1 X110.15 Y111.839 E248.0476
G1 X110.15 Y112.725 E248.12831
G1 X139.848 Y142.422 E251.95395
G1 X139.848 Y143.307 E252.03456
G1 X110.15 Y113.61 E255.8602
G1 X110.15 Y114.495 E255.94081
G1 X139.848 Y144.193 E259.76651
G1 X139.848 Y145.078 E259.84712
G1 X110.15 Y115.38 E263.67282
G1 X110.15 Y116.266 E263.75353
G1 X139.848 Y145.963 E267.57917
G1 X139.848 Y146.849 E267.65988
G1 X110.15 Y117.151 E271.48558
G1 X110.15 Y118.036 E271.56619
G1 X139.848 Y147.734 E275.39189
G1 X139.848 Y148.619 E275.4725
G1 X110.15 Y118.921 E279.2982
G1 X110.15 Y119.807 E279.37891
G1 X139.848 Y149.504 E283.20455
G1 X139.848 Y150.39 E283.28526
G1 X110.15 Y120.692 E287.11096
G1 X110.15 Y121.577 E287.19157
G1 X139.848 Y151.275 E291.01727
G1 X139.848 Y152.16 E291.09788
G1 X110.15 Y122.462 E294.92358
G1 X110.15 Y123.348 E295.00429
G1 X140.129 Y153.327 E298.86619
G1 E296.86619 F2400
G92 E0
G1 X172.584 Y155.682 F7800
G1 E2 F2400
G1 F1800
G1 X173.682 Y156.78 E2.14144
G1 X173.682 Y157.665 E2.22205
G1 X171.98 Y155.963 E2.4413
G1 X171.094 Y155.963 E2.52201
G1 X173.682 Y158.551 E2.8554
G1 X173.682 Y159.436 E2.93601
G1 X170.209 Y155.963 E3.3834
G1 X169.324 Y155.963 E3.46401
G1 X173.682 Y160.321 E4.02541
G1 X173.682 Y161.206 E4.10602
G1 X168.439 Y155.963 E4.78142
G1 X167.553 Y155.963 E4.86213
G1 X173.682 Y162.092 E5.65167
G1 X173.682 Y162.977 E5.73228
G1 X166.668 Y155.963 E6.63582
G1 X165.783 Y155.963 E6.71643
G1 X173.682 Y163.862 E7.73398
G1 X173.682 Y164.747 E7.81459
G1 X164.898 Y155.963 E8.94615
G1 X164.012 Y155.963 E9.02686
G1 X173.682 Y165.633 E10.27255
G1 X173.682 Y166.518 E10.35316
G1 X163.127 Y155.963 E11.71286
G1 X162.242 Y155.963 E11.79347
G1 X173.682 Y167.403 E13.26717
G1 X173.682 Y168.125 E13.33294
G1 X173.518 Y168.125 E13.34788
G1 X161.356 Y155.963 E14.91459
G1 X160.471 Y155.963 E14.9952
G1 X172.632 Y168.125 E16.56185
G1 X171.747 Y168.125 E16.64246
G1 X159.586 Y155.963 E18.20911
G1 X158.701 Y155.963 E18.28972
G1 X170.862 Y168.125 E19.85637
G1 X169.976 Y168.125 E19.93708
G1 X157.815 Y155.963 E21.50373
G1 X156.93 Y155.963 E21.58434
G1 X169.091 Y168.125 E23.15099
G1 X168.206 Y168.125 E23.2316
G1 X156.045 Y155.963 E24.79825
G1 X155.159 Y155.963 E24.87896
G1 X167.321 Y168.125 E26.44567
G1 X166.435 Y168.125 E26.52638
G1 X154.274 Y155.963 E28.09303
G1 X153.389 Y155.963 E28.17364
G1 X165.55 Y168.125 E29.74029
G1 X164.665 Y168.125 E29.8209
G1 X152.504 Y155.963 E31.38755
G1 X151.618 Y155.963 E31.46826
G1 X163.779 Y168.125 E33.03491
G1 X162.894 Y168.125 E33.11552
G1 X150.733 Y155.963 E34.68217
G1 X149.848 Y155.963 E34.76278
G1 X162.009 Y168.125 E36.32943
G1 X161.124 Y168.125 E36.41004
G1 X148.962 Y155.963 E37.97675
G1 X148.077 Y155.963 E38.05736
G1 X160.238 Y168.125 E39.62401
G1 X159.353 Y168.125 E39.70462
G1 X147.192 Y155.963 E41.27127
G1 X146.307 Y155.963 E41.35188
G1 X158.468 Y168.125 E42.91853
G1 X157.582 Y168.125 E42.99924
G1 X145.421 Y155.963 E44.56589
G1 X144.536 Y155.963 E44.6465
G1 X156.697 Y168.125 E46.21315
G1 X155.812 Y168.125 E46.29376
G1 X143.651 Y155.963 E47.86041
G1 X142.765 Y155.963 E47.94112
G1 X154.927 Y168.125 E49.50783
G1 X154.041 Y168.125 E49.58854
G1 X141.88 Y155.963 E51.15519
G1 X141.529 Y155.934 E51.18727
G1 X141.28 Y155.874 E51.2106
G1 X140.923 Y155.725 E51.24584
G1 X140.612 Y155.521 E51.27972
G1 X140.358 Y155.28 E51.31161
G1 X140.163 Y155.021 E51.34114
G1 X140.022 Y154.758 E51.36832
G1 X139.929 Y154.502 E51.39313
G1 X139.873 Y154.258 E51.41593
G1 X139.848 Y153.931 E51.4458
G1 X110.15 Y124.233 E55.2715
G1 X110.15 Y125.118 E55.35211
G1 X153.156 Y168.125 E60.89221
G1 X152.271 Y168.125 E60.97282
G1 X110.15 Y126.004 E66.39885
G1 X110.15 Y126.889 E66.47946
G1 X151.385 Y168.125 E71.79142
G1 X150.5 Y168.125 E71.87203
G1 X110.15 Y127.774 E77.06999
G1 X110.15 Y128.659 E77.1506
G1 X149.615 Y168.125 E82.23455
G1 X148.73 Y168.125 E82.31516
G1 X110.15 Y129.545 E87.28504
G1 X110.15 Y130.43 E87.36565
G1 X147.844 Y168.125 E92.22146
G1 X146.959 Y168.125 E92.30207
G1 X110.15 Y131.315 E97.04387
G1 X110.15 Y132.2 E97.12448
G1 X146.074 Y168.125 E101.75228
G1 X145.188 Y168.125 E101.83299
G1 X110.15 Y133.086 E106.34665
G1 X110.149 Y133.971 E106.42726
G1 X144.303 Y168.125 E110.82698
G1 X143.418 Y168.125 E110.90759
G1 X110.149 Y134.856 E115.19331
G1 X110.149 Y135.741 E115.27392
G1 X142.533 Y168.125 E119.44563
G1 X141.647 Y168.125 E119.52634
G1 X110.149 Y136.627 E123.58392
G1 X110.149 Y137.512 E123.66453
G1 X140.762 Y168.125 E127.6081
G1 X139.877 Y168.125 E127.68871
G1 X110.149 Y138.397 E131.51827
G1 X110.149 Y139.282 E131.59888
G1 X138.992 Y168.125 E135.31444
G1 X138.106 Y168.125 E135.39515
G1 X110.149 Y140.168 E138.99657
G1 X110.149 Y141.053 E139.07718
G1 X137.221 Y168.125 E142.5646
G1 X136.336 Y168.125 E142.64521
G1 X110.149 Y141.938 E146.01862
G1 X110.149 Y142.823 E146.09923
G1 X135.45 Y168.125 E149.35857
G1 X134.565 Y168.125 E149.43918
G1 X110.149 Y143.709 E152.58445
G1 X110.149 Y144.594 E152.66506
G1 X133.68 Y168.125 E155.69633
G1 X132.795 Y168.125 E155.77694
G1 X110.149 Y145.479 E158.6942
G1 X110.149 Y146.364 E158.77481
G1 X131.909 Y168.125 E161.578
G1 X131.024 Y168.125 E161.65861
G1 X110.149 Y147.25 E164.34773
G1 X110.149 Y148.135 E164.42834
G1 X130.139 Y168.125 E167.00345
G1 X129.253 Y168.125 E167.08416
G1 X110.149 Y149.02 E169.5452
G1 X110.149 Y149.906 E169.62591
G1 X128.368 Y168.125 E171.97288
G1 X127.483 Y168.125 E172.05349
G1 X110.149 Y150.791 E174.28646
G1 X110.149 Y151.676 E174.36707
G1 X126.598 Y168.125 E176.48603
G1 X125.712 Y168.125 E176.56674
G1 X110.149 Y152.561 E178.57163
G1 X110.149 Y153.447 E178.65234
G1 X124.827 Y168.125 E180.54316
G1 X123.942 Y168.125 E180.62377
G1 X110.114 Y154.297 E182.40509
G1 X110.102 Y154.38 E182.41273
G1 X109.978 Y154.756 E182.44879
G1 X109.877 Y154.945 E182.46831
G1 X123.056 Y168.125 E184.16609
G1 X122.171 Y168.125 E184.2467
G1 X109.48 Y155.433 E185.88162
G1 X109.387 Y155.521 E185.89328
G1 X109.076 Y155.725 E185.92716
G1 X108.942 Y155.781 E185.94039
G1 X121.286 Y168.125 E187.53055
G1 X120.401 Y168.125 E187.61116
G1 X108.23 Y155.954 E189.17903
G1 X107.345 Y155.954 E189.25964
G1 X119.515 Y168.125 E190.82745
G1 X118.63 Y168.125 E190.90806
G1 X106.46 Y155.955 E192.4758
G1 X105.575 Y155.955 E192.55641
G1 X117.745 Y168.125 E194.12415
G1 X116.859 Y168.125 E194.20486
G1 X104.69 Y155.955 E195.77254
G1 X103.805 Y155.955 E195.85315
G1 X115.974 Y168.125 E197.42083
G1 X115.089 Y168.125 E197.50144
G1 X102.92 Y155.956 E199.06905
G1 X102.035 Y155.956 E199.14966
G1 X114.204 Y168.125 E200.71727
G1 X113.318 Y168.125 E200.79798
G1 X101.15 Y155.956 E202.36553
G1 X100.265 Y155.956 E202.44614
G1 X112.433 Y168.125 E204.01369
G1 X111.548 Y168.125 E204.0943
G1 X99.38 Y155.957 E205.66178
G1 X98.495 Y155.957 E205.74239
G1 X110.662 Y168.125 E207.30981
G1 X109.777 Y168.125 E207.39042
G1 X97.61 Y155.957 E208.95784
G1 X96.725 Y155.957 E209.03845
G1 X108.892 Y168.125 E210.60587
G1 X108.007 Y168.125 E210.68648
G1 X95.84 Y155.958 E212.25383
G1 X94.955 Y155.958 E212.33444
G1 X107.121 Y168.125 E213.90173
G1 X106.236 Y168.125 E213.98234
G1 X94.07 Y155.958 E215.54963
G1 X93.185 Y155.958 E215.63024
G1 X105.351 Y168.125 E217.19753
G1 X104.465 Y168.125 E217.27824
G1 X92.3 Y155.959 E218.8454
G1 X91.415 Y155.959 E218.92601
G1 X103.58 Y168.125 E220.49317
G1 X102.695 Y168.125 E220.57378
G1 X90.53 Y155.959 E222.14094
G1 X89.645 Y155.96 E222.22155
G1 X101.81 Y168.125 E223.78865
G1 X100.924 Y168.125 E223.86936
G1 X88.76 Y155.96 E225.43639
G1 X87.875 Y155.96 E225.517
G1 X100.039 Y168.125 E227.08403
G1 X99.154 Y168.125 E227.16464
G1 X86.99 Y155.96 E228.73167
G1 X86.105 Y155.961 E228.81228
G1 X98.269 Y168.125 E230.37925
G1 X97.383 Y168.125 E230.45996
G1 X85.219 Y155.961 E232.02693
G1 X84.334 Y155.961 E232.10754
G1 X96.498 Y168.125 E233.67451
G1 X95.613 Y168.125 E233.75512
G1 X83.449 Y155.961 E235.32209
G1 X82.564 Y155.962 E235.4027
G1 X94.727 Y168.125 E236.96954
G1 X93.842 Y168.125 E237.05015
G1 X81.679 Y155.962 E238.61699
G1 X80.794 Y155.962 E238.6976
G1 X92.957 Y168.125 E240.26444
G1 X92.072 Y168.125 E240.34505
G1 X79.909 Y155.962 E241.91189
G1 X79.024 Y155.963 E241.9925
G1 X91.186 Y168.125 E243.55921
G1 X90.301 Y168.125 E243.63982
G1 X78.139 Y155.963 E245.20653
G1 X77.254 Y155.963 E245.28714
G1 X89.416 Y168.125 E246.85385
G1 X88.53 Y168.125 E246.93456
G1 X76.369 Y155.963 E248.50121
G1 X76.318 Y155.963 E248.50586
G1 X76.318 Y156.798 E248.58192
G1 X87.645 Y168.125 E250.04107
G1 X86.76 Y168.125 E250.12168
G1 X76.318 Y157.683 E251.46682
G1 X76.318 Y158.568 E251.54743
G1 X85.875 Y168.125 E252.77856
G1 X84.989 Y168.125 E252.85927
G1 X76.318 Y159.454 E253.97627
G1 X76.318 Y160.339 E254.05688
G1 X84.104 Y168.125 E255.05987
G1 X83.219 Y168.125 E255.14048
G1 X76.318 Y161.224 E256.02947
G1 X76.318 Y162.11 E256.11018
G1 X82.333 Y168.125 E256.88503
G1 X81.448 Y168.125 E256.96564
G1 X76.318 Y162.995 E257.62649
G1 X76.318 Y163.88 E257.7071
G1 X80.563 Y168.125 E258.25394
G1 X79.678 Y168.125 E258.33455
G1 X76.318 Y164.765 E258.76739
G1 X76.318 Y165.651 E258.8481
G1 X78.792 Y168.125 E259.1668
G1 X77.907 Y168.125 E259.24741
G1 X76.318 Y166.536 E259.45211
G1 X76.318 Y167.421 E259.53272
G1 X77.303 Y168.406 E259.65961
G1 E257.65961 F2400
G92 E0
G1 X161.828 Y47.779 F7800
G1 E2 F2400
;TYPE:External perimeter
;WIDTH:0.71762
G1 F1800
G1 X161.828 Y48.687 E2.08489
G1 X161.528 Y48.988 E2.12462
G1 X160.619 Y48.988 E2.20961
G1 X161.786 Y47.821 E2.36391
G1 X161.833 Y48.218 F7800
G1 E.36391 F2400
G92 E0
G1 X159.764 Y48.133 F7800
G1 E2 F2400
;WIDTH:0.717617
G1 F1800
G1 X159.764 Y47.225 E2.08489
G1 X160.064 Y46.925 E2.12456
G1 X160.967 Y46.931 E2.20899
G1 X159.807 Y48.091 E2.36236
G1 X159.76 Y47.694 F7800
G1 X157.902 Y47.779
;WIDTH:0.717619
G1 F1800
G1 X157.902 Y48.687 E2.44725
G1 X157.601 Y48.988 E2.48705
G1 X156.692 Y48.988 E2.57204
G1 X157.859 Y47.821 E2.72634
G1 X157.906 Y48.218 F7800
G1 X156.99 Y46.93
;WIDTH:0.717617
G1 F1800
G1 X157.041 Y46.931 E2.73111
G1 X155.838 Y48.133 E2.8901
G1 X155.838 Y47.225 E2.97499
G1 X156.138 Y46.925 E3.01466
G1 X156.93 Y46.93 E3.08871
G1 X156.737 Y47.281 F7800
G1 E1.08871 F2400
G92 E0
G1 X103.978 Y47.826 F7800
G1 E2 F2400
;WIDTH:0.717619
G1 F1800
G1 X103.978 Y48.687 E2.0805
G1 X103.678 Y48.988 E2.12023
G1 X102.769 Y48.988 E2.20522
G1 X103.969 Y47.788 E2.36388
G1 X103.977 Y48.187 F7800
G1 X103.124 Y46.924
G1 F1800
G1 X101.915 Y48.133 E2.52373
G1 X101.915 Y47.225 E2.60862
G1 X102.215 Y46.924 E2.64835
G1 X103.064 Y46.924 E2.72773
G1 X102.816 Y47.238 F7800
G1 E.72773 F2400
G92 E0
G1 X92.199 Y47.779 F7800
G1 E2 F2400
G1 F1800
G1 X92.199 Y48.687 E2.08489
G1 X91.899 Y48.988 E2.12462
G1 X90.99 Y48.988 E2.20961
G1 X92.157 Y47.821 E2.36391
G1 X92.204 Y48.218 F7800
G1 E.36391 F2400
G92 E0
G1 X90.135 Y48.086 F7800
G1 E2 F2400
;WIDTH:0.717618
G1 F1800
G1 X90.135 Y47.225 E2.0805
G1 X90.435 Y46.925 E2.12017
G1 X91.338 Y46.931 E2.2046
G1 X90.144 Y48.124 E2.3624
G1 X90.136 Y47.725 F7800
G1 E.3624 F2400
G92 E0
G1 X83.185 Y48.988 F7800
G1 E2 F2400
;WIDTH:0.717619
G1 F1800
G1 X83.137 Y48.988 E2.00449
G1 X84.346 Y47.779 E2.16434
G1 X84.346 Y48.687 E2.24923
G1 X84.046 Y48.988 E2.28896
G1 X83.245 Y48.988 E2.36385
G1 X83.442 Y48.64 F7800
G1 X82.283 Y48.133
;WIDTH:0.717618
G1 F1800
G1 X82.283 Y47.225 E2.44874
G1 X82.582 Y46.925 E2.48834
G1 X83.485 Y46.931 E2.57277
G1 X82.325 Y48.091 E2.72614
G1 X82.278 Y47.694 F7800
;LAYER_CHANGE
;Z:0.65
;HEIGHT:0.3
G1 E.72614 F2400
G92 E0
G1 Z.65 F7800
;AFTER_LAYER_CHANGE
;0.65
G1 X167.389 Y48.383
G1 E2 F2400
;TYPE:Perimeter
;WIDTH:0.485981
G1 F1200
G1 X167.092 Y48.489 E2.01658
;WIDTH:0.528826
G1 X166.906 Y48.635 E2.03028
;WIDTH:0.571671
G1 X166.721 Y48.781 E2.04519
;WIDTH:0.614516
G1 X166.535 Y48.928 E2.06146
G1 X166.669 Y48.611 E2.08507
;WIDTH:0.571671
G1 X166.803 Y48.294 E2.10685
;WIDTH:0.528826
G1 X166.938 Y47.978 E2.12676
;WIDTH:0.485981
G1 X167.112 Y48.105 E2.13809
G1 X167.369 Y48.195 E2.15241
G1 X167.383 Y48.323 E2.15918
G1 X166.372 Y49.289 F7800
;WIDTH:0.645545
G1 F1200
G1 X166.535 Y48.928 E2.18789
G1 E.18789 F2400
G92 E0
G1 X158.854 Y45.142 F7800
G1 E2 F2400
;WIDTH:0.45
G1 F1500
G1 X158.95 Y45.16 E2.0047
G1 X159.164 Y45.273 E2.01634
G1 X159.684 Y45.078 E2.04305
G1 X161.781 Y45.078 E2.14391
G1 X162.172 Y45.114 E2.1628
G1 X162.534 Y45.083 E2.18027
G1 X162.826 Y45.114 E2.19439
G1 X163.087 Y45.078 E2.20706
G1 X163.381 Y45.117 E2.22132
G1 X163.739 Y45.268 E2.24001
G1 X164.149 Y45.669 E2.26759
G1 X164.723 Y46.816 E2.32928
G1 X165.239 Y45.783 E2.38482
G1 X165.419 Y45.532 E2.39968
G1 X165.805 Y45.209 E2.42389
G1 X166.086 Y45.113 E2.43817
G1 X166.464 Y45.098 E2.45636
G1 X166.882 Y45.193 E2.47698
G1 X167.144 Y45.379 E2.49243
G1 X167.296 Y45.531 E2.50277
G1 X167.361 Y45.686 E2.51085
G1 X167.964 Y45.285 E2.54568
G1 X168.298 Y45.136 E2.56327
G1 X168.609 Y45.085 E2.57843
G1 X169.079 Y45.154 E2.60128
G1 X169.381 Y45.322 E2.6179
G1 X169.597 Y45.519 E2.63196
G1 X169.816 Y45.945 E2.655
G1 X169.891 Y46.317 E2.67325
G1 X169.891 Y48.402 E2.77353
G1 X170.199 Y48.506 E2.78917
G1 X170.536 Y48.741 E2.80893
G1 X170.799 Y49.223 E2.83534
G1 X170.873 Y49.592 E2.85344
G1 X170.799 Y49.961 E2.87154
G1 X170.602 Y50.362 E2.89303
G1 X170.454 Y50.521 E2.90348
G1 X170.005 Y50.759 E2.92792
G1 X169.634 Y50.834 E2.94612
G1 X167.664 Y50.834 E3.04087
G1 X167.293 Y50.759 E3.05907
G1 X166.989 Y50.624 E3.07507
G1 X166.741 Y50.419 E3.09055
G1 X166.579 Y50.155 E3.10545
G1 X166.499 Y49.961 E3.11554
;WIDTH:0.498886
G1 X166.467 Y49.793 E3.12481
;WIDTH:0.547772
G1 X166.435 Y49.625 E3.13512
;WIDTH:0.596658
G1 X166.403 Y49.457 E3.14647
;WIDTH:0.645545
G1 X166.372 Y49.289 E3.15885
G1 X166.263 Y49.452 E3.17306
;WIDTH:0.596658
G1 X166.154 Y49.615 E3.18608
;WIDTH:0.547772
G1 X166.045 Y49.778 E3.1979
;WIDTH:0.498886
G1 X165.936 Y49.941 E3.20853
;WIDTH:0.45
G1 X165.752 Y50.276 E3.22691
G1 X165.348 Y50.661 E3.25375
G1 X164.996 Y50.799 E3.27193
G1 X164.616 Y50.813 E3.29022
G1 X164.206 Y50.722 E3.31042
G1 X163.876 Y50.473 E3.3303
G1 X163.603 Y50.129 E3.35142
G1 X163.388 Y49.7 E3.3745
G1 X162.747 Y50.379 E3.41941
G1 X162.453 Y50.626 E3.43788
G1 X161.923 Y50.834 E3.46526
G1 X159.811 Y50.834 E3.56684
G1 X159.267 Y50.813 E3.59302
G1 X158.826 Y50.786 E3.61427
G1 X158.502 Y50.639 E3.63138
G1 X157.982 Y50.834 E3.65809
G1 X155.885 Y50.834 E3.75895
G1 X155.34 Y50.813 E3.78518
G1 X154.9 Y50.786 E3.80638
G1 X154.576 Y50.639 E3.82349
G1 X154.056 Y50.834 E3.8502
G1 X151.959 Y50.834 E3.95106
G1 X151.59 Y50.76 E3.96916
G1 X151.27 Y50.616 E3.98604
G1 X150.682 Y50.052 E4.02523
G1 X150.259 Y49.595 E4.05518
G1 X150.184 Y49.967 E4.07343
G1 X149.908 Y50.458 E4.10052
G1 X149.583 Y50.679 E4.11942
G1 X149.144 Y50.826 E4.14169
G1 X148.85 Y50.82 E4.15583
G1 X148.451 Y50.679 E4.17618
G1 X148.118 Y50.449 E4.19565
G1 X147.931 Y50.16 E4.21221
G1 X147.787 Y49.744 E4.23338
G1 X147.775 Y47.562 E4.33833
G1 X147.378 Y47.562 E4.35742
G1 X147.006 Y47.487 E4.37567
G1 X146.612 Y47.293 E4.39679
G1 X146.366 Y47.027 E4.41422
G1 X146.164 Y46.539 E4.43962
G1 X146.144 Y46.224 E4.4548
G1 X146.294 Y45.754 E4.47853
G1 X146.48 Y45.465 E4.49506
G1 X146.813 Y45.234 E4.51455
G1 X147.252 Y45.078 E4.53696
G1 X150.656 Y45.078 E4.70068
G1 X151.08 Y45.105 E4.72111
G1 X151.304 Y45.078 E4.73196
G1 X154.583 Y45.078 E4.88967
G1 X154.954 Y45.153 E4.90787
G1 X155.233 Y45.277 E4.92255
G1 X155.757 Y45.078 E4.94951
G1 X157.855 Y45.078 E5.05042
G1 X158.245 Y45.114 E5.06926
G1 X158.506 Y45.078 E5.08193
G1 X158.795 Y45.131 E5.09606
G1 X158.759 Y45.511 F7800
G1 F1500
G1 X158.815 Y45.521 E5.0988
G1 X159.146 Y45.778 E5.11896
G1 X159.399 Y45.587 E5.13421
G1 X159.735 Y45.464 E5.15142
G1 X161.781 Y45.464 E5.24983
G1 X162.062 Y45.513 E5.26355
G1 X162.119 Y45.545 E5.26669
G1 X162.432 Y45.463 E5.28225
G1 X162.718 Y45.513 E5.29621
G1 X162.774 Y45.545 E5.29931
G1 X163.087 Y45.463 E5.31487
G1 X163.461 Y45.55 E5.33334
G1 X163.826 Y45.885 E5.35717
G1 X164.723 Y47.678 E5.4536
G1 X165.584 Y45.955 E5.54624
G1 X165.843 Y45.654 E5.56534
G1 X166.111 Y45.502 E5.58016
G1 X166.464 Y45.484 E5.59716
G1 X166.714 Y45.541 E5.60949
G1 X167.024 Y45.804 E5.62904
G1 X167.194 Y46.261 E5.65249
G1 X168.178 Y45.605 E5.70937
G1 X168.539 Y45.475 E5.72782
G1 X168.949 Y45.517 E5.74764
G1 X169.167 Y45.642 E5.75973
G1 X169.379 Y45.9 E5.77579
G1 X169.494 Y46.202 E5.79133
G1 X169.505 Y48.736 E5.91321
G1 X169.857 Y48.781 E5.93028
G1 X170.252 Y49.003 E5.95207
G1 X170.443 Y49.371 E5.97201
G1 X170.482 Y49.668 E5.98642
G1 X170.362 Y50.01 E6.00385
G1 X170.203 Y50.228 E6.01683
G1 X169.857 Y50.403 E6.03548
G1 X169.634 Y50.448 E6.04642
G1 X167.664 Y50.448 E6.14117
G1 X167.441 Y50.403 E6.15211
G1 X167.081 Y50.216 E6.17162
G1 X166.935 Y50.008 E6.18384
G1 X166.855 Y49.813 E6.19398
G1 X166.855 Y49.371 E6.21524
G1 X166.953 Y49.137 E6.22744
G1 X167.253 Y48.859 E6.24711
G1 X167.664 Y48.736 E6.26774
G1 X167.793 Y48.736 E6.27394
G1 X167.793 Y47.809 E6.31853
G1 X167.41 Y47.79 E6.33697
G1 X167.152 Y47.64 E6.35132
G1 X167.001 Y47.49 E6.36156
G1 X166.879 Y47.193 E6.377
G1 X165.497 Y49.958 E6.52567
G1 X165.238 Y50.258 E6.54473
G1 X165.075 Y50.373 E6.55432
G1 X164.829 Y50.427 E6.56643
G1 X164.489 Y50.413 E6.5828
G1 X164.306 Y50.337 E6.59233
G1 X164.056 Y50.107 E6.60867
G1 X163.802 Y49.664 E6.63323
G1 X163.288 Y48.637 E6.68847
G1 X163.288 Y48.941 E6.70309
G1 X163.165 Y49.353 E6.72377
G1 X163.04 Y49.541 E6.73463
G1 X162.381 Y50.2 E6.77945
G1 X162.193 Y50.325 E6.79031
G1 X161.857 Y50.448 E6.80752
G1 X159.811 Y50.448 E6.90593
G1 X159.445 Y50.399 E6.92369
G1 X159.054 Y50.427 E6.94254
G1 X158.772 Y50.354 E6.95655
G1 X158.52 Y50.134 E6.97264
G1 X158.267 Y50.325 E6.98789
G1 X157.931 Y50.448 E7.0051
G1 X155.885 Y50.448 E7.10351
G1 X155.518 Y50.399 E7.12132
G1 X155.127 Y50.427 E7.14017
G1 X154.846 Y50.354 E7.15413
G1 X154.594 Y50.134 E7.17022
G1 X154.34 Y50.325 E7.18551
G1 X154.004 Y50.448 E7.20272
G1 X151.959 Y50.448 E7.30108
G1 X151.737 Y50.404 E7.31197
G1 X151.469 Y50.286 E7.32605
G1 X150.96 Y49.785 E7.3604
G1 X150.576 Y49.375 E7.38742
;WIDTH:0.487766
G1 X150.525 Y49.301 E7.39217
;WIDTH:0.525532
G1 X150.475 Y49.227 E7.39731
;WIDTH:0.563298
G1 X150.425 Y49.154 E7.40282
G1 X150.418 Y48.833 E7.4228
;WIDTH:0.604241
G1 X150.504 Y48.468 E7.44805
G1 X150.454 Y48.214 E7.46548
;WIDTH:0.575306
G1 X150.403 Y47.959 E7.48205
;WIDTH:0.546373
G1 X150.403 Y47.224 E7.52624
G1 X149.921 Y47.224 E7.55522
G1 X149.921 Y47.959 E7.59941
;WIDTH:0.556137
G1 X149.926 Y48.833 E7.65302
;WIDTH:0.563298
G1 X149.93 Y49.197 E7.67567
G1 X149.896 Y49.404 E7.68872
;WIDTH:0.525532
G1 X149.862 Y49.611 E7.70079
;WIDTH:0.487766
G1 X149.828 Y49.818 E7.71187
;WIDTH:0.45
G1 X149.63 Y50.19 E7.73214
G1 X149.435 Y50.323 E7.74349
G1 X149.093 Y50.444 E7.76094
G1 X148.796 Y50.405 E7.77535
G1 X148.488 Y50.262 E7.79168
G1 X148.332 Y50.099 E7.80253
G1 X148.168 Y49.685 E7.82395
G1 X148.161 Y47.176 E7.94462
G1 X147.378 Y47.176 E7.98228
G1 X146.961 Y47.05 E8.00323
G1 X146.841 Y46.982 E8.00986
G1 X146.669 Y46.779 E8.02266
G1 X146.529 Y46.396 E8.04227
G1 X146.568 Y46.099 E8.05668
G1 X146.762 Y45.728 E8.07682
G1 X146.961 Y45.59 E8.08847
G1 X147.301 Y45.464 E8.10591
G1 X150.656 Y45.464 E8.26727
G1 X150.98 Y45.551 E8.28341
G1 X151.304 Y45.464 E8.29955
G1 X154.583 Y45.464 E8.45726
G1 X154.806 Y45.509 E8.4682
G1 X155.069 Y45.625 E8.48203
G1 X155.224 Y45.773 E8.49234
G1 X155.473 Y45.587 E8.50729
G1 X155.809 Y45.464 E8.5245
G1 X157.855 Y45.464 E8.62291
G1 X158.136 Y45.513 E8.63663
G1 X158.193 Y45.545 E8.63977
G1 X158.506 Y45.463 E8.65533
G1 X158.7 Y45.5 E8.66483
G1 X158.665 Y45.89 F7800
;TYPE:External perimeter
G1 F1500
G1 X158.724 Y45.906 E8.66777
G1 X158.899 Y46.077 E8.67954
;WIDTH:0.450251
G1 X158.956 Y46.214 E8.68668
;WIDTH:0.453529
G1 X158.957 Y46.426 E8.69697
;WIDTH:0.455689
G1 X158.911 Y46.555 E8.70365
G1 X159.392 Y46.077 E8.73675
;WIDTH:0.45
G1 X159.547 Y45.943 E8.7466
G1 X159.811 Y45.85 E8.76006
G1 X161.781 Y45.85 E8.85481
G1 X162.011 Y45.918 E8.86635
G1 X162.102 Y45.985 E8.87179
G1 X162.432 Y45.849 E8.88896
G1 X162.668 Y45.92 E8.90081
G1 X162.752 Y46.066 E8.90891
G1 X162.816 Y45.945 E8.91549
G1 X163.087 Y45.849 E8.92932
G1 X163.302 Y45.904 E8.93999
G1 X163.516 Y46.128 E8.95489
G1 X164.723 Y48.54 E9.08461
G1 X165.929 Y46.128 E9.21431
G1 X166.163 Y45.892 E9.23029
G1 X166.464 Y45.869 E9.24481
G1 X166.6 Y45.925 E9.25188
G1 X166.752 Y46.077 E9.26222
;WIDTH:0.450464
G1 X166.809 Y46.269 E9.27186
;WIDTH:0.484948
G1 X166.814 Y46.397 E9.27858
;WIDTH:0.519432
G1 X166.82 Y46.526 E9.28591
G1 X166.59 Y46.946 E9.31309
;WIDTH:0.484716
G1 X166.361 Y47.365 E9.33812
;WIDTH:0.45
G1 X165.152 Y49.785 E9.46823
G1 X164.911 Y50.024 E9.48455
G1 X164.574 Y50.037 E9.50077
G1 X164.329 Y49.834 E9.51607
G1 X163.905 Y49.014 E9.56047
G1 X162.901 Y46.968 E9.67009
;WIDTH:0.42198
G1 X162.888 Y46.941 E9.67143
;WIDTH:0.45
G1 X162.903 Y48.941 E9.76763
G1 X162.767 Y49.268 E9.78466
G1 X162.108 Y49.927 E9.82948
G1 X161.781 Y50.062 E9.8465
G1 X159.811 Y50.062 E9.94125
G1 X159.582 Y49.995 E9.95273
G1 X159.487 Y49.913 E9.95877
G1 X159.281 Y50.041 E9.97043
G1 X158.96 Y50.017 E9.98591
G1 X158.767 Y49.835 E9.99867
;WIDTH:0.45077
G1 X158.71 Y49.698 E10.00582
;WIDTH:0.458171
G1 X158.742 Y49.372 E10.02191
G1 X158.274 Y49.835 E10.05424
;WIDTH:0.45
G1 X158.119 Y49.969 E10.06409
G1 X157.855 Y50.062 E10.07755
G1 X155.885 Y50.062 E10.1723
G1 X155.655 Y49.995 E10.18382
G1 X155.561 Y49.913 E10.18982
G1 X155.355 Y50.041 E10.20148
G1 X155.033 Y50.017 E10.21701
G1 X154.84 Y49.835 E10.22977
;WIDTH:0.45077
G1 X154.784 Y49.698 E10.2369
;WIDTH:0.458175
G1 X154.816 Y49.372 E10.25299
G1 X154.347 Y49.835 E10.28536
;WIDTH:0.45
G1 X154.193 Y49.969 E10.29518
G1 X153.928 Y50.062 E10.30869
G1 X151.959 Y50.062 E10.40339
G1 X151.668 Y49.956 E10.41829
G1 X150.892 Y49.154 E10.47196
G1 X150.857 Y48.833 E10.48749
G1 X150.95 Y48.634 E10.49805
;WIDTH:0.484726
G1 X151.227 Y48.465 E10.51506
;WIDTH:0.491803
G1 X151.287 Y48.447 E10.5184
G1 X151.034 Y48.335 E10.53315
;WIDTH:0.460516
G1 X150.933 Y48.227 E10.54046
;WIDTH:0.45
G1 X150.837 Y47.959 E10.55415
G1 X150.837 Y46.731 E10.61321
G1 X150.656 Y46.79 E10.62237
G1 X149.487 Y46.79 E10.67859
G1 X149.487 Y49.595 E10.8135
G1 X149.353 Y49.923 E10.83054
G1 X149.042 Y50.061 E10.8469
G1 X148.746 Y49.967 E10.86184
G1 X148.642 Y49.863 E10.86891
G1 X148.547 Y49.595 E10.88259
G1 X148.547 Y46.79 E11.0175
G1 X147.378 Y46.79 E11.07372
G1 X147.07 Y46.672 E11.08958
G1 X146.915 Y46.364 E11.10616
G1 X146.925 Y46.246 E11.11186
G1 X147.073 Y45.966 E11.12709
G1 X147.378 Y45.85 E11.14278
G1 X150.656 Y45.85 E11.30044
G1 X150.924 Y45.945 E11.31412
G1 X150.98 Y46.002 E11.31796
G1 X151.257 Y45.85 E11.33316
G1 X154.583 Y45.85 E11.49313
G1 X154.912 Y45.986 E11.51025
G1 X155.036 Y46.246 E11.5241
G1 X155.034 Y46.393 E11.53117
;WIDTH:0.445648
G1 X154.958 Y46.594 E11.54139
;WIDTH:0.45
G1 X155.62 Y45.943 E11.58605
G1 X155.885 Y45.85 E11.59956
G1 X157.855 Y45.85 E11.69431
G1 X158.085 Y45.918 E11.70585
G1 X158.175 Y45.985 E11.71125
G1 X158.506 Y45.849 E11.72846
G1 X158.607 Y45.875 E11.73348
G1 X158.907 Y46.139 F7800
G1 E9.73348 F2400
G92 E0
G1 X154.907 Y48.961 F7800
G1 E2 F2400
;WIDTH:0.428339
G1 F1200
G1 X154.907 Y49.26 E2.01357
;WIDTH:0.458175
G1 X154.816 Y49.372 E2.02066
G1 E.02066 F2400
G92 E0
G1 X158.742 Y49.372 F7800
G1 E2 F2400
;WIDTH:0.458171
G1 F1200
G1 X158.833 Y49.274 E2.00657
G1 E.00657 F2400
G92 E0
G1 X158.833 Y46.638 F7800
G1 E2 F2400
;WIDTH:0.455689
G1 F1200
G1 X158.911 Y46.555 E2.00556
G1 E.00556 F2400
G92 E0
G1 X162.879 Y46.921 F7800
G1 E2 F2400
;WIDTH:0.417707
G1 F1200
G1 X162.738 Y46.639 E2.01389
;WIDTH:0.417037
G1 X162.749 Y46.321 E2.02789
G1 E.02789 F2400
G92 E0
G1 X169.961 Y49.917 F7800
G1 E2 F2400
;WIDTH:0.45
G1 F1200
G1 X169.953 Y49.935 E2.00095
G1 X169.634 Y50.062 E2.01746
G1 X167.664 Y50.062 E2.11221
G1 X167.341 Y49.931 E2.12897
G1 X167.211 Y49.666 E2.14317
G1 X167.211 Y49.518 E2.15029
G1 X167.298 Y49.309 E2.16118
G1 X167.401 Y49.215 E2.16789
G1 X167.664 Y49.122 E2.18131
G1 X168.179 Y49.122 E2.20608
G1 X168.179 Y47.199 E2.29857
G1 X167.873 Y47.393 E2.316
G1 X167.631 Y47.442 E2.32788
G1 X167.425 Y47.368 E2.33841
G1 X167.274 Y47.217 E2.34868
;WIDTH:0.45779
G1 X167.214 Y47.081 E2.35597
;WIDTH:0.488171
G1 X167.211 Y46.923 E2.36432
;WIDTH:0.518553
G1 X167.208 Y46.765 E2.37327
G1 X167.328 Y46.66 E2.3823
;WIDTH:0.484276
G1 X167.449 Y46.555 E2.39069
;WIDTH:0.45
G1 X168.392 Y45.926 E2.44521
G1 X168.626 Y45.857 E2.45694
G1 X168.861 Y45.902 E2.46845
G1 X169.024 Y46.049 E2.47901
G1 X169.119 Y46.317 E2.49269
G1 X169.119 Y49.122 E2.6276
G1 X169.634 Y49.122 E2.65237
G1 X169.902 Y49.217 E2.66605
G1 X170.005 Y49.321 E2.67309
G1 X170.099 Y49.625 E2.68839
G1 X169.987 Y49.863 E2.70104
G1 X169.631 Y50.045 F7800
G1 E.70104 F2400
G92 E0
G1 X97.056 Y47.009 F7800
G1 E2 F2400
;WIDTH:0.404381
G1 F1200
G1 X97.047 Y47.737 E2.03087
G1 X96.968 Y47.949 E2.04046
G1 E.04046 F2400
G92 E0
G1 X85.855 Y48.803 F7800
G1 E2 F2400
;TYPE:Perimeter
;WIDTH:0.54637
G1 F1200
G1 X85.855 Y47.752 E2.06318
G1 X86.03 Y47.846 E2.07512
G1 X86.337 Y47.858 E2.09359
G1 X86.337 Y48.688 E2.14349
G1 X86.14 Y48.699 E2.15535
G1 X85.911 Y48.782 E2.16999
G1 E.16999 F2400
G92 E0
G1 X93.743 Y45.168 F7800
G1 E2 F2400
;WIDTH:0.45
G1 F1500
G1 X93.981 Y45.078 E2.01224
G1 X96.078 Y45.078 E2.1131
G1 X96.452 Y45.154 E2.13146
G1 X96.73 Y45.277 E2.14608
G1 X97.252 Y45.078 E2.17295
G1 X100.659 Y45.078 E2.33681
G1 X101.031 Y45.153 E2.35506
G1 X101.31 Y45.277 E2.36974
G1 X101.833 Y45.078 E2.39665
G1 X103.931 Y45.078 E2.49756
G1 X104.322 Y45.114 E2.51645
G1 X104.582 Y45.078 E2.52907
G1 X104.877 Y45.117 E2.54338
G1 X105.153 Y45.218 E2.55752
G1 X105.521 Y45.532 E2.58079
G1 X105.72 Y45.82 E2.59763
G1 X105.796 Y46.094 E2.61131
G1 X105.793 Y46.566 E2.63401
G1 X105.77 Y46.664 E2.63885
G1 X105.824 Y46.971 E2.65384
G1 X105.824 Y48.941 E2.74859
G1 X105.751 Y49.31 E2.76668
G1 X105.533 Y49.734 E2.78961
G1 X104.804 Y50.472 E2.8395
G1 X104.491 Y50.681 E2.8576
G1 X104.056 Y50.834 E2.87978
G1 X101.962 Y50.834 E2.98049
G1 X100.922 Y50.771 E3.0306
G1 X100.606 Y50.605 E3.04777
G1 X100.278 Y50.271 E3.07029
G1 X100.143 Y50.015 E3.08421
G1 X100.089 Y49.609 E3.10391
G1 X100.087 Y49.108 E3.12801
G1 X99.768 Y49.193 E3.14389
G1 X98.626 Y49.198 E3.19882
G1 X98.604 Y49.798 E3.2277
G1 X98.385 Y50.32 E3.25493
G1 X98.154 Y50.564 E3.27109
G1 X97.753 Y50.761 E3.29258
G1 X97.384 Y50.834 E3.31067
G1 X97.014 Y50.76 E3.32882
G1 X96.73 Y50.635 E3.34374
G1 X96.207 Y50.834 E3.37065
G1 X94.109 Y50.834 E3.47156
G1 X93.74 Y50.76 E3.48966
G1 X93.431 Y50.622 E3.50594
G1 X93.13 Y50.366 E3.52494
G1 X92.83 Y50.622 E3.54391
G1 X92.281 Y50.834 E3.57222
G1 X90.182 Y50.834 E3.67317
G1 X89.638 Y50.813 E3.69935
G1 X89.197 Y50.786 E3.7206
G1 X88.873 Y50.639 E3.73771
G1 X88.354 Y50.834 E3.76438
G1 X86.256 Y50.834 E3.86529
G1 X85.884 Y50.759 E3.88354
G1 X85.573 Y50.62 E3.89992
G1 X85.382 Y50.472 E3.91154
G1 X85.298 Y50.346 E3.91882
G1 X84.981 Y50.62 E3.93897
G1 X84.428 Y50.834 E3.96749
G1 X82.33 Y50.834 E4.0684
G1 X81.785 Y50.813 E4.09463
G1 X81.345 Y50.786 E4.11583
G1 X81.02 Y50.639 E4.13299
G1 X80.501 Y50.834 E4.15966
G1 X78.403 Y50.834 E4.26057
G1 X78.034 Y50.76 E4.27867
G1 X77.843 Y50.681 E4.28861
G1 X77.531 Y50.472 E4.30667
G1 X76.872 Y49.813 E4.35149
G1 X76.662 Y49.498 E4.3697
G1 X76.524 Y49.104 E4.38978
G1 X76.51 Y48.938 E4.39779
G1 X76.585 Y48.564 E4.41614
G1 X76.633 Y48.447 E4.42222
G1 X76.51 Y48.083 E4.4407
G1 X76.51 Y46.317 E4.52564
G1 X76.585 Y45.945 E4.54389
G1 X76.666 Y45.752 E4.55396
G1 X76.896 Y45.42 E4.57339
G1 X77.377 Y45.153 E4.59985
G1 X77.749 Y45.078 E4.6181
G1 X81.027 Y45.078 E4.77576
G1 X81.399 Y45.153 E4.79401
G1 X81.678 Y45.277 E4.80869
G1 X82.201 Y45.078 E4.8356
G1 X84.299 Y45.078 E4.93651
G1 X84.69 Y45.114 E4.9554
G1 X84.95 Y45.078 E4.96802
G1 X85.389 Y45.158 E4.98948
G1 X85.61 Y45.274 E5.00148
G1 X85.885 Y45.527 E5.01945
G1 X85.952 Y45.687 E5.02779
G1 X86.556 Y45.285 E5.06269
G1 X86.89 Y45.136 E5.08028
G1 X87.201 Y45.085 E5.09544
G1 X87.431 Y45.102 E5.10653
G1 X87.811 Y45.218 E5.12564
G1 X88.118 Y45.441 E5.14389
G1 X88.327 Y45.752 E5.16191
G1 X88.444 Y46.046 E5.17713
G1 X88.485 Y46.317 E5.19031
G1 X88.887 Y45.862 E5.21951
G1 X89.31 Y45.44 E5.24825
G1 X89.623 Y45.231 E5.26635
G1 X90.057 Y45.078 E5.28848
G1 X92.152 Y45.078 E5.38924
G1 X92.543 Y45.114 E5.40813
G1 X92.803 Y45.078 E5.42075
G1 X93.248 Y45.16 E5.44251
G1 X93.461 Y45.273 E5.45411
G1 X93.687 Y45.189 E5.46571
G1 E3.46571 F2400
G92 E0
G1 X99.678 Y47.138 F7800
G1 E2 F2400
;WIDTH:0.373963
G1 F1200
G1 X98.202 Y47.138 E2.05699
G1 E.05699 F2400
G92 E0
G1 X100.493 Y47.956 F7800
G1 E2 F2400
;WIDTH:0.373333
G1 F1200
G1 X100.448 Y47.751 E2.00809
;WIDTH:0.365735
G1 X100.248 Y47.382 E2.02387
;WIDTH:0.359258
G1 X100.077 Y47.267 E2.03145
;WIDTH:0.373963
G1 X99.678 Y47.138 E2.04764
G1 X99.894 Y47.134 E2.05598
;WIDTH:0.365957
G1 X100.5 Y47.131 E2.07877
;WIDTH:0.359258
G1 X100.5 Y47.278 E2.08418
;WIDTH:0.373333
G1 X100.493 Y47.896 E2.108
G1 X100.489 Y48.05 F7800
;WIDTH:0.381517
G1 F1200
G1 X100.493 Y47.956 E2.11172
G1 E.11172 F2400
G92 E0
G1 X93.443 Y45.778 F7800
G1 E2 F2400
;WIDTH:0.45
G1 F1500
G1 X93.697 Y45.587 E2.01529
G1 X94.033 Y45.464 E2.0325
G1 X96.078 Y45.464 E2.13086
G1 X96.304 Y45.51 E2.14195
G1 X96.564 Y45.624 E2.1556
G1 X96.739 Y45.773 E2.16665
G1 X96.894 Y45.625 E2.17696
G1 X97.303 Y45.464 E2.1981
G1 X100.659 Y45.464 E2.35951
G1 X100.882 Y45.509 E2.37045
G1 X101.146 Y45.625 E2.38432
G1 X101.301 Y45.773 E2.39463
G1 X101.549 Y45.587 E2.40954
G1 X101.885 Y45.464 E2.42675
G1 X103.931 Y45.464 E2.52516
G1 X104.212 Y45.513 E2.53888
G1 X104.27 Y45.545 E2.54207
G1 X104.582 Y45.463 E2.55759
G1 X104.967 Y45.556 E2.57664
G1 X105.319 Y45.89 E2.59998
G1 X105.413 Y46.142 E2.61292
G1 X105.389 Y46.607 E2.63531
G1 X105.358 Y46.662 E2.63835
G1 X105.438 Y46.971 E2.6537
G1 X105.438 Y48.941 E2.74845
G1 X105.394 Y49.162 E2.75929
G1 X105.232 Y49.493 E2.77701
G1 X104.531 Y50.2 E2.8249
G1 X104.343 Y50.325 E2.83576
G1 X104.007 Y50.448 E2.85297
G1 X101.962 Y50.448 E2.95133
G1 X101.595 Y50.399 E2.96914
G1 X101.204 Y50.427 E2.98799
G1 X100.887 Y50.333 E3.00389
G1 X100.588 Y50.042 E3.02396
G1 X100.482 Y49.786 E3.03729
G1 X100.489 Y49.359 E3.05783
G1 X100.535 Y49.25 E3.06352
G1 X100.454 Y48.926 E3.07958
G1 X100.46 Y48.384 E3.10565
;WIDTH:0.439584
G1 X100.465 Y48.168 E3.11576
G1 X100.401 Y48.372 E3.12577
;WIDTH:0.45
G1 X100.081 Y48.692 E3.14754
G1 X99.732 Y48.809 E3.16524
G1 X98.24 Y48.812 E3.237
G1 X98.24 Y49.595 E3.27466
G1 X98.195 Y49.818 E3.2856
G1 X98.01 Y50.176 E3.30498
G1 X97.802 Y50.323 E3.31723
G1 X97.438 Y50.446 E3.33571
G1 X97.161 Y50.404 E3.34919
G1 X96.895 Y50.288 E3.36315
G1 X96.739 Y50.139 E3.37353
G1 X96.491 Y50.325 E3.38844
G1 X96.155 Y50.448 E3.40565
G1 X94.109 Y50.448 E3.50406
G1 X93.697 Y50.325 E3.52474
G1 X93.509 Y50.2 E3.5356
G1 X93.13 Y49.821 E3.56138
G1 X92.752 Y50.2 E3.58713
G1 X92.564 Y50.325 E3.59799
G1 X92.228 Y50.448 E3.6152
G1 X90.182 Y50.448 E3.71361
G1 X89.816 Y50.399 E3.73137
G1 X89.425 Y50.427 E3.75022
G1 X89.14 Y50.352 E3.76439
G1 X88.884 Y50.126 E3.78081
G1 X88.698 Y50.295 E3.7929
G1 X88.303 Y50.448 E3.81327
G1 X86.256 Y50.448 E3.91172
G1 X86.033 Y50.403 E3.92266
G1 X85.769 Y50.287 E3.93653
G1 X85.654 Y50.199 E3.94349
G1 X85.447 Y49.813 E3.96456
G1 X85.434 Y49.665 E3.97171
G1 X84.899 Y50.2 E4.0081
G1 X84.711 Y50.325 E4.01896
G1 X84.375 Y50.448 E4.03617
G1 X82.33 Y50.448 E4.13453
G1 X81.963 Y50.399 E4.15234
G1 X81.572 Y50.427 E4.17119
G1 X81.29 Y50.354 E4.1852
G1 X81.039 Y50.134 E4.20125
G1 X80.785 Y50.325 E4.21654
G1 X80.449 Y50.448 E4.23375
G1 X78.403 Y50.448 E4.33216
G1 X78.182 Y50.404 E4.343
G1 X77.803 Y50.2 E4.3637
G1 X77.144 Y49.541 E4.40852
G1 X76.939 Y49.157 E4.42946
G1 X76.895 Y48.938 E4.4402
G1 X76.941 Y48.711 E4.45134
G1 X77.061 Y48.447 E4.46529
G1 X76.896 Y48.038 E4.4865
G1 X76.896 Y46.317 E4.56927
G1 X77.022 Y45.9 E4.59022
G1 X77.16 Y45.701 E4.60187
G1 X77.526 Y45.509 E4.62175
G1 X77.749 Y45.464 E4.63269
G1 X81.027 Y45.464 E4.79035
G1 X81.25 Y45.509 E4.80129
G1 X81.514 Y45.625 E4.81516
G1 X81.669 Y45.773 E4.82547
G1 X81.917 Y45.587 E4.84038
G1 X82.253 Y45.464 E4.85759
G1 X84.299 Y45.464 E4.956
G1 X84.58 Y45.513 E4.96972
G1 X84.638 Y45.545 E4.97291
G1 X84.95 Y45.463 E4.98843
G1 X85.307 Y45.542 E5.00602
G1 X85.614 Y45.801 E5.02534
;WIDTH:0.450169
G1 X85.786 Y46.261 E5.04897
G1 X86.367 Y45.874 E5.08256
;WIDTH:0.45
G1 X86.852 Y45.56 E5.11035
G1 X87.201 Y45.471 E5.12767
G1 X87.592 Y45.539 E5.14676
G1 X87.846 Y45.714 E5.1616
G1 X88.052 Y46.094 E5.18239
G1 X88.097 Y46.419 E5.19817
;WIDTH:0.498187
G1 X88.121 Y46.695 E5.21316
;WIDTH:0.546374
G1 X88.145 Y46.971 E5.22981
G1 X88.145 Y48.688 E5.33303
G1 X88.467 Y48.736 E5.3526
G1 X88.627 Y48.803 E5.36303
G1 X88.627 Y46.971 E5.47316
G1 X88.726 Y46.737 E5.48843
;WIDTH:0.498187
G1 X88.825 Y46.503 E5.50218
;WIDTH:0.45
G1 X89.583 Y45.712 E5.55487
G1 X89.77 Y45.587 E5.56569
G1 X90.106 Y45.464 E5.5829
G1 X92.152 Y45.464 E5.68131
G1 X92.433 Y45.513 E5.69503
G1 X92.49 Y45.545 E5.69817
G1 X92.803 Y45.463 E5.71373
G1 X93.113 Y45.521 E5.7289
G1 X93.396 Y45.742 E5.74617
G1 E3.74617 F2400
G92 E0
G1 X93.13 Y49.276 F7800
G1 E2 F2400
;TYPE:External perimeter
G1 F1500
G1 X92.479 Y49.927 E2.04428
G1 X92.152 Y50.062 E2.0613
G1 X90.182 Y50.062 E2.15605
G1 X89.953 Y49.995 E2.16753
G1 X89.858 Y49.913 E2.17357
G1 X89.652 Y50.041 E2.18523
G1 X89.33 Y50.017 E2.20076
;WIDTH:0.450842
G1 X89.115 Y49.808 E2.21521
;WIDTH:0.493833
G1 X89.093 Y49.586 E2.22716
;WIDTH:0.536824
G1 X89.071 Y49.365 E2.24025
G1 X89.147 Y49.271 E2.24737
;WIDTH:0.542177
G1 X89.033 Y49.032 E2.26315
G1 X89.047 Y48.747 E2.28015
;WIDTH:0.496088
G1 X89.061 Y48.462 E2.29551
;WIDTH:0.45
G1 X89.061 Y46.971 E2.36722
G1 X89.196 Y46.644 E2.38424
G1 X89.855 Y45.985 E2.42906
G1 X90.156 Y45.85 E2.44493
G1 X92.152 Y45.85 E2.54093
G1 X92.382 Y45.918 E2.55247
G1 X92.473 Y45.985 E2.55791
G1 X92.803 Y45.849 E2.57508
G1 X93.021 Y45.906 E2.58592
G1 X93.197 Y46.077 E2.59772
;WIDTH:0.450251
G1 X93.253 Y46.214 E2.60484
;WIDTH:0.45353
G1 X93.255 Y46.426 E2.61513
;WIDTH:0.455691
G1 X93.208 Y46.555 E2.62183
G1 X93.69 Y46.077 E2.65496
;WIDTH:0.45
G1 X93.844 Y45.943 E2.66478
G1 X94.109 Y45.85 E2.67829
G1 X96.078 Y45.85 E2.77299
G1 X96.406 Y45.985 E2.79005
G1 X96.914 Y46.493 E2.8246
G1 X96.929 Y46.243 E2.83665
G1 X97.051 Y45.986 E2.85033
G1 X97.381 Y45.85 E2.8675
G1 X100.659 Y45.85 E3.02516
G1 X100.989 Y45.986 E3.04233
G1 X101.112 Y46.246 E3.05616
G1 X101.11 Y46.393 E3.06323
;WIDTH:0.445647
G1 X101.034 Y46.594 E3.07345
;WIDTH:0.45
G1 X101.697 Y45.943 E3.11814
G1 X101.962 Y45.85 E3.13165
G1 X103.931 Y45.85 E3.22635
G1 X104.162 Y45.918 E3.23793
G1 X104.252 Y45.985 E3.24333
G1 X104.582 Y45.849 E3.2605
G1 X104.782 Y45.894 E3.27036
G1 X105.015 Y46.135 E3.28648
G1 X105.023 Y46.487 E3.30341
G1 X104.917 Y46.644 E3.31252
G1 X105.053 Y46.971 E3.32955
G1 X105.053 Y48.943 E3.4244
G1 X104.917 Y49.268 E3.44134
G1 X104.258 Y49.927 E3.48616
G1 X103.931 Y50.062 E3.50318
G1 X101.962 Y50.062 E3.59788
G1 X101.732 Y49.995 E3.6094
G1 X101.638 Y49.913 E3.6154
G1 X101.431 Y50.041 E3.62711
G1 X101.098 Y50.01 E3.6432
G1 X100.871 Y49.762 E3.65937
G1 X100.87 Y49.425 E3.67558
G1 X100.976 Y49.268 E3.68469
G1 X100.84 Y48.941 E3.70172
G1 X100.84 Y46.971 E3.79647
G1 X100.921 Y46.691 E3.81049
G1 X100.659 Y46.79 E3.82396
G1 X97.854 Y46.79 E3.95887
G1 X97.854 Y47.486 E3.99235
G1 X99.678 Y47.486 E4.08008
G1 X100.007 Y47.623 E4.09722
G1 X100.145 Y47.956 E4.11456
G1 X100.049 Y48.227 E4.12839
G1 X99.932 Y48.336 E4.13608
G1 X99.678 Y48.426 E4.14904
G1 X97.854 Y48.426 E4.23677
G1 X97.854 Y49.595 E4.29299
G1 X97.724 Y49.918 E4.30974
G1 X97.402 Y50.062 E4.32671
G1 X97.09 Y49.955 E4.34257
G1 X97.009 Y49.863 E4.34847
G1 X96.914 Y49.595 E4.36215
G1 X96.914 Y49.419 E4.37061
G1 X96.406 Y49.927 E4.40516
G1 X96.078 Y50.062 E4.42222
G1 X94.109 Y50.062 E4.51692
G1 X93.782 Y49.927 E4.53394
G1 X93.173 Y49.318 E4.57536
G1 X92.851 Y49.556 F7800
G1 E2.57536 F2400
G92 E0
G1 X93.13 Y46.638 F7800
G1 E2 F2400
;WIDTH:0.455691
G1 F1200
G1 X93.208 Y46.555 E2.00556
G1 E.00556 F2400
G92 E0
G1 X85.924 Y49.919 F7800
G1 E2 F2400
;WIDTH:0.483027
G1 F1200
G1 X85.844 Y49.733 E2.01057
;WIDTH:0.516054
G1 X85.761 Y49.542 E2.0223
;WIDTH:0.54217
G1 X85.866 Y49.259 E2.04029
G1 X86.061 Y49.191 E2.0526
;WIDTH:0.496085
G1 X86.256 Y49.122 E2.06374
;WIDTH:0.45
G1 X86.77 Y49.122 E2.08846
G1 X86.77 Y47.199 E2.18095
G1 X86.465 Y47.393 E2.19834
G1 X86.223 Y47.442 E2.21022
G1 X86.016 Y47.368 E2.22079
;WIDTH:0.454395
G1 X85.81 Y47.115 E2.23666
;WIDTH:0.497444
G1 X85.817 Y46.917 E2.24736
;WIDTH:0.526345
G1 X85.824 Y46.72 E2.25872
G1 X86.203 Y46.457 E2.2853
;WIDTH:0.488172
G1 X86.581 Y46.194 E2.30964
;WIDTH:0.45
G1 X87.011 Y45.911 E2.3344
G1 X87.218 Y45.857 E2.34469
G1 X87.453 Y45.902 E2.3562
G1 X87.615 Y46.049 E2.36672
G1 X87.711 Y46.317 E2.38041
G1 X87.711 Y49.122 E2.51532
G1 X88.226 Y49.122 E2.54009
;WIDTH:0.496088
G1 X88.421 Y49.191 E2.55123
;WIDTH:0.542177
G1 X88.616 Y49.259 E2.56354
G1 X88.655 Y49.426 E2.57376
;WIDTH:0.496662
G1 X88.694 Y49.592 E2.58295
;WIDTH:0.451148
G1 X88.581 Y49.894 E2.5985
;WIDTH:0.45
G1 X88.493 Y49.967 E2.604
G1 X88.226 Y50.062 E2.61763
G1 X86.256 Y50.062 E2.71238
G1 X85.976 Y49.946 E2.72696
G1 X85.787 Y49.593 F7800
G1 E.72696 F2400
G92 E0
G1 X81.351 Y48.961 F7800
G1 E2 F2400
;WIDTH:0.447691
G1 F1200
G1 X81.351 Y49.274 E2.01496
;WIDTH:0.458173
G1 X81.26 Y49.372 E2.02153
G1 X81.239 Y49.592 F7800
G1 F1200
G1 X81.26 Y49.372 E2.03238
G1 X80.792 Y49.835 E2.06471
;WIDTH:0.45
G1 X80.637 Y49.969 E2.07456
G1 X80.373 Y50.062 E2.08802
G1 X78.403 Y50.062 E2.18277
G1 X78.076 Y49.927 E2.19979
G1 X77.417 Y49.268 E2.24461
G1 X77.281 Y48.938 E2.26178
G1 X77.398 Y48.629 E2.27767
;WIDTH:0.48419
G1 X77.669 Y48.465 E2.29426
;WIDTH:0.491431
G1 X77.731 Y48.446 E2.29771
G1 X77.479 Y48.335 E2.31238
;WIDTH:0.460449
G1 X77.376 Y48.225 E2.31982
;WIDTH:0.45
G1 X77.282 Y47.959 E2.33339
G1 X77.282 Y46.317 E2.41236
G1 X77.377 Y46.049 E2.42604
G1 X77.481 Y45.945 E2.43311
G1 X77.749 Y45.85 E2.44679
G1 X81.027 Y45.85 E2.60445
G1 X81.357 Y45.986 E2.62162
G1 X81.48 Y46.246 E2.63545
G1 X81.478 Y46.393 E2.64252
;WIDTH:0.445647
G1 X81.402 Y46.594 E2.65274
;WIDTH:0.45
G1 X82.065 Y45.943 E2.69743
G1 X82.33 Y45.85 E2.71094
G1 X84.299 Y45.85 E2.80564
G1 X84.53 Y45.918 E2.81722
G1 X84.62 Y45.985 E2.82262
G1 X84.95 Y45.849 E2.83979
G1 X85.168 Y45.905 E2.85062
G1 X85.343 Y46.075 E2.86235
;WIDTH:0.462474
G1 X85.406 Y46.268 E2.87243
;WIDTH:0.494409
G1 X85.416 Y46.384 E2.87867
;WIDTH:0.526345
G1 X85.426 Y46.5 E2.88538
G1 X85.323 Y46.64 E2.89539
;WIDTH:0.519241
G1 X85.371 Y46.779 E2.90373
;WIDTH:0.489029
G1 X85.418 Y46.918 E2.9115
;WIDTH:0.458818
G1 X85.421 Y47.614 E2.94574
;WIDTH:0.45
G1 X85.421 Y48.63 E2.99461
;WIDTH:0.496085
G1 X85.435 Y48.831 E3.00546
;WIDTH:0.54217
G1 X85.449 Y49.032 E3.01747
G1 X85.309 Y49.291 E3.03502
;WIDTH:0.516054
G1 X85.099 Y49.478 E3.05086
;WIDTH:0.483027
G1 X84.889 Y49.664 E3.06551
;WIDTH:0.45
G1 X84.564 Y49.969 E3.08695
G1 X84.299 Y50.062 E3.10046
G1 X82.33 Y50.062 E3.19516
G1 X82.1 Y49.995 E3.20668
G1 X82.006 Y49.913 E3.21268
G1 X81.799 Y50.041 E3.22439
G1 X81.478 Y50.017 E3.23987
G1 X81.285 Y49.835 E3.25263
;WIDTH:0.45077
G1 X81.228 Y49.698 E3.25978
;WIDTH:0.458173
G1 X81.233 Y49.652 E3.26205
G1 X81.014 Y49.317 F7800
G1 E1.26205 F2400
G92 E0
G1 X78.57 Y47.138 F7800
G1 E2 F2400
;TYPE:Perimeter
;WIDTH:0.373963
G1 F1200
G1 X80.373 Y47.138 E2.06962
;WIDTH:0.416011
G1 X80.514 Y47.159 E2.07587
;WIDTH:0.458059
G1 X80.656 Y47.18 E2.08292
;WIDTH:0.500107
G1 X80.797 Y47.201 E2.09067
G1 X81.289 Y46.691 F7800
;TYPE:External perimeter
;WIDTH:0.45
G1 F1200
G1 X81.208 Y46.971 E2.10469
G1 X81.208 Y48.15 E2.1614
G1 X80.703 Y47.624 E2.19647
G1 X80.373 Y47.486 E2.21367
G1 X78.222 Y47.486 E2.31713
G1 X78.222 Y46.79 E2.35061
G1 X81.027 Y46.79 E2.48552
G1 X81.233 Y46.712 E2.49611
G1 X81.206 Y47.111 F7800
G1 E.49611 F2400
G92 E0
G1 X80.031 Y48.774 F7800
G1 E2 F2400
;TYPE:Perimeter
;WIDTH:0.373963
G1 F1200
G1 X78.745 Y48.774 E2.04966
G1 X80.522 Y48.774 F7800
;TYPE:External perimeter
;WIDTH:0.45
G1 F1200
G1 X80.175 Y49.122 E2.0733
G1 X78.601 Y49.122 E2.149
G1 X78.499 Y49.02 E2.15594
;WIDTH:0.45999
G1 X78.021 Y48.556 E2.18881
;WIDTH:0.489807
G1 X77.75 Y48.446 E2.20433
G1 X78.155 Y48.426 E2.22585
;WIDTH:0.45
G1 X80.175 Y48.426 E2.323
G1 X80.48 Y48.732 E2.34378
G1 X80.242 Y49.053 F7800
G1 E.34378 F2400
G92 E0
G1 X94.252 Y47.956 F7800
G1 E2 F2400
;TYPE:Perimeter
;WIDTH:0.439543
G1 F1200
G1 X94.228 Y47.997 E2.00222
G1 X94.158 Y47.956 E2.00602
G1 X94.228 Y47.915 E2.00982
G1 X94.659 Y48.271 F7800
;WIDTH:0.45
G1 F1200
G1 X94.744 Y48.475 E2.02045
G1 X95.062 Y48.731 E2.04008
G1 X94.467 Y48.736 E2.0687
G1 X94.037 Y48.308 E2.09788
G1 X93.677 Y48.124 E2.11733
G1 X93.659 Y47.788 E2.13351
G1 X93.808 Y47.734 E2.14113
G1 X94.061 Y47.582 E2.15533
;WIDTH:0.455755
G1 X94.468 Y47.179 E2.18329
G1 X95.096 Y47.179 E2.21395
G1 X94.902 Y47.289 E2.22484
G1 X94.704 Y47.494 E2.23875
G1 X94.586 Y47.817 E2.25554
;WIDTH:0.45
G1 X94.586 Y48.095 E2.26891
G1 X94.636 Y48.216 E2.27521
G1 X95.002 Y48.129 F7800
;TYPE:External perimeter
G1 F1200
G1 X95.064 Y48.261 E2.28222
G1 X95.302 Y48.411 E2.29575
G1 X96.259 Y48.65 E2.34319
G1 X96.259 Y48.743 E2.34766
G1 X95.88 Y49.122 E2.37344
G1 X94.307 Y49.122 E2.4491
G1 X93.788 Y48.603 E2.4844
G1 X93.531 Y48.481 E2.49808
G1 X93.384 Y48.481 E2.50515
G1 X93.274 Y48.527 E2.51088
G1 X93.274 Y47.385 E2.56581
G1 X93.384 Y47.431 E2.57154
G1 X93.531 Y47.431 E2.57861
G1 X93.788 Y47.309 E2.59229
G1 X94.307 Y46.79 E2.62759
G1 X95.88 Y46.79 E2.70325
G1 X96.236 Y47.146 E2.72746
G1 X96.259 Y47.262 E2.73315
G1 X95.266 Y47.512 E2.7824
G1 X95.006 Y47.739 E2.799
G1 X94.971 Y48.062 E2.81463
G1 X94.977 Y48.075 E2.81532
G1 X95.251 Y48.366 F7800
G1 E.81532 F2400
G92 E0
G1 X152.301 Y48.774 F7800
G1 E2 F2400
;TYPE:Perimeter
;WIDTH:0.373961
G1 F1200
G1 X153.586 Y48.774 E2.04962
G1 E.04962 F2400
G92 E0
G1 X151.307 Y48.446 F7800
G1 E2 F2400
;TYPE:External perimeter
;WIDTH:0.490165
G1 F1200
G1 X151.711 Y48.426 E2.02148
;WIDTH:0.45
G1 X153.73 Y48.426 E2.11859
G1 X154.078 Y48.774 E2.14226
G1 X153.73 Y49.122 E2.16593
G1 X152.157 Y49.122 E2.24159
G1 X152.055 Y49.02 E2.24853
;WIDTH:0.460215
G1 X151.577 Y48.556 E2.28142
;WIDTH:0.490165
G1 X151.363 Y48.469 E2.29369
G1 X151.76 Y48.42 F7800
G1 X152.125 Y47.138
;TYPE:Perimeter
;WIDTH:0.373963
G1 F1200
G1 X153.928 Y47.138 E2.36331
;WIDTH:0.416011
G1 X154.07 Y47.159 E2.36961
;WIDTH:0.45806
G1 X154.211 Y47.18 E2.37661
;WIDTH:0.500109
G1 X154.353 Y47.201 E2.38441
G1 E.38441 F2400
G92 E0
G1 X151.778 Y47.486 F7800
G1 E2 F2400
;TYPE:External perimeter
;WIDTH:0.45
G1 F1200
G1 X151.778 Y46.79 E2.03348
G1 X154.583 Y46.79 E2.16839
G1 X154.894 Y46.66 E2.1846
G1 X154.763 Y46.971 E2.20083
G1 X154.763 Y48.15 E2.25754
G1 X154.258 Y47.624 E2.29261
G1 X153.928 Y47.486 E2.30981
G1 X151.838 Y47.486 E2.41033
G1 X151.778 Y47.09 F7800
G1 E.41033 F2400
G92 E0
G1 X141.203 Y154.603 F7800
G1 E2 F2400
;TYPE:Perimeter
G1 F1500
G1 X141.219 Y154.625 E2.00131
G1 X141.513 Y154.817 E2.0182
G1 X141.884 Y154.891 E2.0364
G1 X174.754 Y154.891 E3.61733
G1 X174.754 Y169.197 E4.3054
G1 X75.246 Y169.197 E9.09139
G1 X75.246 Y154.891 E9.77946
G1 X108.196 Y154.891 E11.36424
G1 X108.569 Y154.778 E11.38299
G1 X108.837 Y154.567 E11.3994
G1 X109.021 Y154.257 E11.41674
G1 X109.079 Y153.927 E11.43286
G1 X109.079 Y56.724 E16.10799
G1 X109.074 Y55.974 E16.14406
G1 X108.973 Y55.632 E16.16121
G1 X108.738 Y55.337 E16.17935
G1 X108.42 Y55.158 E16.1969
G1 X108.115 Y55.109 E16.21176
G1 X75.246 Y55.109 E17.79264
G1 X75.246 Y40.803 E18.48071
G1 X174.754 Y40.803 E23.2667
G1 X174.754 Y55.109 E23.95477
G1 X142.54 Y55.109 E25.50415
G1 X141.725 Y55.122 E25.54335
G1 X141.387 Y55.247 E25.56068
G1 X141.141 Y55.458 E25.57627
G1 X140.973 Y55.756 E25.59272
G1 X140.92 Y56.073 E25.60818
G1 X140.92 Y153.277 E30.28335
G1 X140.921 Y153.977 E30.31702
G1 X141.003 Y154.319 E30.33394
G1 X141.168 Y154.554 E30.34775
G1 X141.488 Y154.323 F7800
G1 F1500
G1 X141.612 Y154.438 E30.35588
G1 X141.884 Y154.506 E30.36936
G1 X175.139 Y154.506 E31.96881
G1 X175.139 Y169.582 E32.69391
G1 X74.861 Y169.582 E37.51693
G1 X74.861 Y154.506 E38.24203
G1 X108.165 Y154.506 E39.84384
G1 X108.434 Y154.41 E39.85758
G1 X108.626 Y154.199 E39.8713
G1 X108.694 Y153.927 E39.88478
G1 X108.686 Y55.982 E44.59559
G1 X108.585 Y55.735 E44.60842
G1 X108.391 Y55.565 E44.62083
G1 X108.115 Y55.494 E44.63454
G1 X74.861 Y55.494 E46.23394
G1 X74.861 Y40.418 E46.95904
G1 X175.139 Y40.418 E51.78206
G1 X175.139 Y55.494 E52.50716
G1 X141.789 Y55.502 E54.11118
G1 X141.543 Y55.605 E54.12401
G1 X141.368 Y55.812 E54.13705
G1 X141.305 Y56.073 E54.14996
G1 X141.306 Y153.957 E58.85784
G1 X141.395 Y154.237 E58.87197
G1 X141.444 Y154.282 E58.87517
G1 X141.756 Y154.062 F7800
;TYPE:External perimeter
G1 F1500
G1 X141.884 Y154.12 E58.88193
G1 X175.525 Y154.12 E60.49995
G1 X175.525 Y169.968 E61.26218
G1 X74.475 Y169.968 E66.12233
G1 X74.475 Y154.12 E66.88456
G1 X108.115 Y154.12 E68.50253
G1 X108.248 Y154.067 E68.50942
G1 X108.308 Y153.927 E68.51675
G1 X108.308 Y56.073 E73.22319
G1 X108.262 Y55.948 E73.2296
G1 X108.115 Y55.88 E73.23739
G1 X74.475 Y55.88 E74.85536
G1 X74.475 Y40.032 E75.61759
G1 X175.525 Y40.032 E80.47774
G1 X175.525 Y55.88 E81.23997
G1 X141.884 Y55.88 E82.85799
G1 X141.757 Y55.927 E82.8645
G1 X141.691 Y56.073 E82.87221
G1 X141.691 Y153.927 E87.57865
G1 X141.725 Y154.016 E87.58323
G1 X142.113 Y154.112 F7800
G1 E85.58323 F2400
G92 E0
G1 X98.957 Y49.483 F7800
G1 E2 F2400
;TYPE:Solid infill
;WIDTH:0.468957
G1 F1200
G1 X98.921 Y49.447 E2.00257
G1 X98.872 Y49.461 E2.00514
G1 X98.859 Y49.509 E2.00765
G1 X98.895 Y49.545 E2.01022
G1 X98.944 Y49.532 E2.01278
G1 E.01278 F2400
G92 E0
G1 X75.625 Y41.182 F7800
G1 E2 F2400
;WIDTH:0.543559
G1 F1200
G1 X75.567 Y41.197 E2.00358
G1 X75.524 Y41.155 E2.00717
G1 X75.54 Y41.097 E2.01077
G1 X75.598 Y41.081 E2.01437
G1 X75.64 Y41.124 E2.01796
;WIDTH:0.45
G1 X76.241 Y41.092 E2.04691
G1 X75.535 Y41.798 E2.09493
G1 X75.535 Y42.343 E2.12114
G1 X76.786 Y41.092 E2.20623
G1 X77.331 Y41.092 E2.23244
G1 X75.535 Y42.888 E2.3546
G1 X75.535 Y43.434 E2.38086
G1 X77.877 Y41.092 E2.54016
G1 X78.422 Y41.092 E2.56637
G1 X75.535 Y43.979 E2.76274
G1 X75.535 Y44.524 E2.78895
G1 X78.967 Y41.092 E3.02239
G1 X79.513 Y41.092 E3.04865
G1 X75.535 Y45.07 E3.31923
G1 X75.535 Y45.615 E3.34544
G1 X80.058 Y41.092 E3.65309
G1 X80.603 Y41.092 E3.6793
G1 X75.763 Y45.933 E4.00854
G1 X76.157 Y46.084 E4.02883
G1 X75.899 Y46.342 E4.04638
G1 X75.804 Y46.394 E4.05159
G1 X75.612 Y46.326 E4.06139
G1 X75.535 Y46.23 E4.06731
G1 X75.535 Y53.795 E4.43116
G1 X78.244 Y51.087 E4.61539
G1 X78.011 Y51.059 E4.62668
G1 X77.708 Y50.934 E4.64244
G1 X77.271 Y50.622 E4.66827
G1 X76.674 Y50.025 E4.70888
G1 X76.388 Y49.591 E4.73388
G1 X76.237 Y49.134 E4.75703
G1 X76.226 Y48.898 E4.76839
G1 X76.327 Y48.458 E4.7901
G1 X76.221 Y48.1 E4.80806
G1 X76.225 Y46.289 E4.89516
G1 X76.293 Y45.948 E4.91188
G1 X76.77 Y45.306 F7800
;WIDTH:0.404381
G1 F1200
G1 X77.115 Y45.039 E4.93038
;WIDTH:0.45
G1 X77.388 Y44.853 E4.94627
G1 X81.149 Y41.092 E5.20209
G1 X81.694 Y41.092 E5.2283
G1 X77.997 Y44.789 E5.47977
G1 X78.543 Y44.789 E5.50603
G1 X82.239 Y41.092 E5.75746
G1 X82.785 Y41.092 E5.78372
G1 X79.088 Y44.789 E6.03519
G1 X79.633 Y44.789 E6.0614
G1 X83.33 Y41.092 E6.31287
G1 X83.875 Y41.092 E6.33908
G1 X80.179 Y44.789 E6.59051
G1 X80.724 Y44.789 E6.61672
G1 X84.421 Y41.092 E6.86819
G1 X84.966 Y41.092 E6.8944
G1 X81.241 Y44.818 E7.1478
G1 X81.655 Y44.949 E7.16869
G1 X85.511 Y41.092 E7.431
G1 X86.057 Y41.092 E7.45726
G1 X82.36 Y44.789 E7.70873
G1 X82.905 Y44.789 E7.73494
G1 X86.602 Y41.092 E7.98641
G1 X87.147 Y41.092 E8.01262
G1 X83.451 Y44.789 E8.26405
G1 X83.996 Y44.789 E8.29026
G1 X87.693 Y41.092 E8.54173
G1 X88.238 Y41.092 E8.56794
G1 X84.514 Y44.817 E8.82128
G1 X85.07 Y44.806 E8.84803
G1 X88.784 Y41.092 E9.10065
G1 X89.329 Y41.092 E9.12686
G1 X85.521 Y44.901 E9.38591
G1 X86.067 Y45.368 E9.42047
;WIDTH:0.404381
G1 X86.026 Y45.379 E9.42227
G1 X86.007 Y45.307 E9.42543
G1 X86.078 Y45.327 E9.42856
;WIDTH:0.45
G1 X85.856 Y45.111 E9.44346
G1 X89.874 Y41.092 E9.71679
G1 X90.42 Y41.092 E9.74305
G1 X86.541 Y44.971 E10.00689
G1 X87.249 Y44.809 E10.04182
G1 X90.965 Y41.092 E10.29461
G1 X91.51 Y41.092 E10.32082
G1 X87.72 Y44.883 E10.57865
G1 X88.088 Y45.06 E10.59829
G1 X92.056 Y41.092 E10.86819
G1 X92.601 Y41.092 E10.8944
G1 X88.378 Y45.315 E11.18164
G1 X88.595 Y45.643 E11.20056
G1 X93.146 Y41.092 E11.51011
G1 E9.51011 F2400
G92 E0
G1 X89.408 Y45.177 F7800
G1 E2 F2400
;WIDTH:0.404381
G1 F1200
G1 X89.734 Y44.977 E2.01622
G1 X89.408 Y45.177 E2.03244
;WIDTH:0.45
G1 X89.975 Y44.809 E2.06495
G1 X93.692 Y41.092 E2.31778
G1 X94.237 Y41.092 E2.34399
G1 X90.54 Y44.789 E2.59546
G1 X91.086 Y44.789 E2.62172
G1 X94.782 Y41.092 E2.87315
G1 X95.328 Y41.092 E2.89941
G1 X91.631 Y44.789 E3.15088
G1 X92.174 Y44.791 E3.177
G1 X95.873 Y41.092 E3.4286
G1 X96.418 Y41.092 E3.45481
G1 X92.71 Y44.801 E3.70706
G1 X93.504 Y45.095 F7800
;WIDTH:0.404381
G1 F1200
G1 X93.463 Y45.106 E3.70886
G1 X93.444 Y45.035 E3.71198
G1 X93.515 Y45.054 E3.7151
;WIDTH:0.45
G1 X93.209 Y44.847 E3.73287
G1 X96.964 Y41.092 E3.98828
G1 X97.509 Y41.092 E4.01449
G1 X93.756 Y44.846 E4.2698
G1 X94.358 Y44.789 E4.29888
G1 X98.054 Y41.092 E4.55031
G1 X98.6 Y41.092 E4.57657
G1 X94.903 Y44.789 E4.82804
G1 X95.448 Y44.789 E4.85425
G1 X99.145 Y41.092 E5.10572
G1 X99.69 Y41.092 E5.13193
G1 X95.994 Y44.789 E5.38336
G1 X96.76 Y45.099 F7800
;WIDTH:0.404381
G1 F1200
G1 X96.719 Y45.11 E5.38516
G1 X96.7 Y45.039 E5.38828
G1 X96.771 Y45.058 E5.3914
;WIDTH:0.45
G1 X96.472 Y44.857 E5.40873
G1 X100.236 Y41.092 E5.66479
G1 X100.781 Y41.092 E5.691
G1 X97.036 Y44.838 E5.94576
G1 X97.63 Y44.789 E5.97443
G1 X101.327 Y41.092 E6.2259
G1 X101.872 Y41.092 E6.25211
G1 X98.175 Y44.789 E6.50358
G1 X98.721 Y44.789 E6.52984
G1 X102.417 Y41.092 E6.78127
G1 X102.963 Y41.092 E6.80753
G1 X99.266 Y44.789 E7.059
G1 X99.811 Y44.789 E7.08521
G1 X103.508 Y41.092 E7.33668
G1 X104.053 Y41.092 E7.36289
G1 X100.357 Y44.789 E7.61432
G1 X100.873 Y44.818 E7.63918
G1 X104.599 Y41.092 E7.89262
G1 X105.144 Y41.092 E7.91883
G1 X101.287 Y44.949 E8.18118
G1 X101.993 Y44.789 E8.216
G1 X105.689 Y41.092 E8.46743
G1 X106.235 Y41.092 E8.49369
G1 X102.538 Y44.789 E8.74516
G1 X103.083 Y44.789 E8.77137
G1 X106.78 Y41.092 E9.02284
G1 X107.325 Y41.092 E9.04905
G1 X103.629 Y44.789 E9.30048
G1 X104.146 Y44.817 E9.32538
G1 X107.871 Y41.092 E9.57875
G1 X108.416 Y41.092 E9.60496
G1 X104.705 Y44.804 E9.85741
G1 X105.144 Y44.909 E9.87912
G1 X108.961 Y41.092 E10.13875
G1 X109.507 Y41.092 E10.16501
G1 X105.489 Y45.111 E10.43834
G1 X105.762 Y45.383 E10.45688
G1 X110.052 Y41.092 E10.74871
G1 X110.597 Y41.092 E10.77492
G1 X105.985 Y45.705 E11.08866
G1 X106.085 Y46.15 E11.1106
G1 X111.143 Y41.092 E11.45464
G1 X111.688 Y41.092 E11.48085
G1 X106.08 Y46.701 E11.86233
G1 X106.113 Y47.213 E11.88701
G1 X112.233 Y41.092 E12.30332
G1 X112.779 Y41.092 E12.32958
G1 X106.113 Y47.758 E12.78299
G1 X106.113 Y48.303 E12.8092
G1 X113.324 Y41.092 E13.29968
G1 X113.87 Y41.092 E13.32594
G1 X106.113 Y48.849 E13.85356
G1 E11.85356 F2400
G92 E0
G1 X78.753 Y51.123 F7800
G1 E2 F2400
G1 F1200
G1 X75.535 Y54.341 E2.21888
G1 X75.403 Y54.952 E2.24894
;WIDTH:0.404381
G1 X75.393 Y54.802 E2.25532
;WIDTH:0.45
G1 X75.602 Y54.82 E2.26541
G1 X79.298 Y51.123 E2.51684
G1 X79.844 Y51.123 E2.5431
G1 X76.147 Y54.82 E2.79457
G1 X76.692 Y54.82 E2.82078
G1 X80.391 Y51.121 E3.07238
G1 X81.007 Y50.819 E3.10538
;WIDTH:0.404381
G1 X80.921 Y50.845 E3.10919
;WIDTH:0.45
G1 X81.069 Y50.988 E3.11909
G1 X77.238 Y54.82 E3.3797
G1 X77.783 Y54.82 E3.40591
G1 X81.507 Y51.095 E3.65925
G1 X82.059 Y51.089 E3.6858
G1 X78.329 Y54.82 E3.93954
G1 X78.874 Y54.82 E3.96575
G1 X82.571 Y51.123 E4.21722
G1 X83.116 Y51.123 E4.24343
G1 X79.419 Y54.82 E4.4949
G1 X79.965 Y54.82 E4.52116
G1 X83.661 Y51.123 E4.77259
G1 X84.207 Y51.123 E4.79885
G1 X80.51 Y54.82 E5.05032
G1 X81.055 Y54.82 E5.07653
G1 X84.904 Y50.971 E5.33833
G1 X85.324 Y50.66 E5.36347
;WIDTH:0.404381
G1 X85.253 Y50.641 E5.36659
G1 X85.272 Y50.712 E5.36971
G1 X85.313 Y50.701 E5.37151
;WIDTH:0.45
G1 X85.512 Y50.908 E5.38532
G1 X81.601 Y54.82 E5.65138
G1 X82.146 Y54.82 E5.67759
G1 X85.898 Y51.068 E5.9328
G1 X86.388 Y51.123 E5.95652
G1 X82.691 Y54.82 E6.20799
G1 X83.237 Y54.82 E6.23425
G1 X86.933 Y51.123 E6.48568
G1 X87.479 Y51.123 E6.51194
G1 X83.782 Y54.82 E6.76341
G1 X84.327 Y54.82 E6.78962
G1 X88.024 Y51.123 E7.04109
G1 X88.648 Y51.044 E7.07134
G1 X84.873 Y54.82 E7.32814
G1 X85.418 Y54.82 E7.35435
G1 X89.166 Y51.072 E7.60928
G1 X88.89 Y50.866 E7.62584
;WIDTH:0.404381
G1 X88.849 Y50.877 E7.62764
G1 X88.83 Y50.806 E7.63076
G1 X88.901 Y50.825 E7.63388
G1 X89.694 Y51.089 F7800
;WIDTH:0.45
G1 F1200
G1 X85.963 Y54.82 E7.88766
G1 X86.509 Y54.82 E7.91392
G1 X90.205 Y51.123 E8.16535
G1 X90.751 Y51.123 E8.19161
G1 X87.054 Y54.82 E8.44308
G1 X87.599 Y54.82 E8.46929
G1 X91.296 Y51.123 E8.72076
G1 X91.841 Y51.123 E8.74697
G1 X88.145 Y54.82 E8.9984
G1 X88.69 Y54.82 E9.02461
G1 X92.42 Y51.09 E9.27832
G1 X92.553 Y50.902 E9.2894
;WIDTH:0.404381
G1 X92.693 Y50.92 E9.29539
G1 X93.13 Y50.577 E9.31895
;WIDTH:0.45
G1 X93.227 Y50.828 E9.33189
G1 X89.235 Y54.82 E9.60342
G1 X89.781 Y54.82 E9.62968
G1 X93.59 Y51.01 E9.8888
G1 X94.034 Y51.112 E9.91071
G1 X90.326 Y54.82 E10.16292
G1 X90.872 Y54.82 E10.18918
G1 X94.568 Y51.123 E10.44061
G1 X95.114 Y51.123 E10.46687
G1 X91.417 Y54.82 E10.71834
G1 X91.962 Y54.82 E10.74455
G1 X95.659 Y51.123 E10.99602
G1 X96.223 Y51.104 E11.02316
G1 X92.508 Y54.82 E11.27588
G1 X93.053 Y54.82 E11.30209
G1 X96.865 Y51.007 E11.56141
G1 X96.76 Y50.856 E11.57026
;WIDTH:0.404381
G1 X96.719 Y50.867 E11.57206
G1 X96.7 Y50.796 E11.57518
G1 X96.771 Y50.815 E11.5783
;WIDTH:0.45
G1 X97.304 Y51.113 E11.60767
G1 X93.598 Y54.82 E11.85978
G1 X94.144 Y54.82 E11.88604
G1 X97.986 Y50.978 E12.14737
G1 X98.258 Y50.777 E12.16364
;WIDTH:0.404381
G1 X98.559 Y50.478 E12.18163
;WIDTH:0.45
G1 X98.758 Y50.205 E12.19788
G1 X99.476 Y49.487 E12.24672
G1 X99.807 Y49.701 E12.26568
G1 X94.689 Y54.82 E12.61383
G1 X95.234 Y54.82 E12.64004
G1 X99.897 Y50.157 E12.95721
G1 X100.1 Y50.5 E12.97638
G1 X95.78 Y54.82 E13.27022
G1 X96.325 Y54.82 E13.29643
G1 X100.369 Y50.775 E13.57153
G1 X100.704 Y50.986 E13.59057
G1 X96.87 Y54.82 E13.85135
G1 X97.416 Y54.82 E13.87761
G1 X101.141 Y51.094 E14.13101
G1 X101.692 Y51.089 E14.15751
G1 X97.961 Y54.82 E14.41129
G1 X98.506 Y54.82 E14.4375
G1 X102.203 Y51.123 E14.68897
G1 X102.748 Y51.123 E14.71518
G1 X99.052 Y54.82 E14.96661
G1 X99.597 Y54.82 E14.99282
G1 X103.294 Y51.123 E15.24429
G1 X103.839 Y51.123 E15.2705
G1 X100.142 Y54.82 E15.52197
G1 X100.57 Y55.014 E15.54457
;WIDTH:0.404381
G1 X100.529 Y55.025 E15.54637
G1 X100.51 Y54.954 E15.54949
G1 X100.581 Y54.973 E15.55261
;WIDTH:0.45
G1 X100.688 Y54.82 E15.56159
G1 X104.535 Y50.972 E15.82329
G1 X104.808 Y50.774 E15.83951
;WIDTH:0.404381
G1 X105.761 Y49.817 E15.89678
;WIDTH:0.45
G1 X105.963 Y49.544 E15.91311
G1 X114.415 Y41.092 E16.488
G1 X114.96 Y41.092 E16.51421
G1 X101.233 Y54.82 E17.44794
G1 X101.001 Y54.922 E17.46013
;WIDTH:0.404381
G1 X100.93 Y54.902 E17.46326
G1 X100.949 Y54.974 E17.46642
G1 X100.99 Y54.963 E17.46822
G1 X101.778 Y54.82 F7800
;WIDTH:0.45
G1 F1200
G1 X115.506 Y41.092 E18.40198
G1 X116.051 Y41.092 E18.42819
G1 X102.324 Y54.82 E19.36192
G1 X102.869 Y54.82 E19.38813
G1 X116.596 Y41.092 E20.32186
G1 X117.142 Y41.092 E20.34812
G1 X103.415 Y54.82 E21.28185
G1 X103.96 Y54.82 E21.30806
G1 X117.687 Y41.092 E22.24179
G1 X118.232 Y41.092 E22.268
G1 X104.505 Y54.82 E23.20173
G1 X105.051 Y54.82 E23.22799
G1 X118.778 Y41.092 E24.16172
G1 X119.323 Y41.092 E24.18793
G1 X105.596 Y54.82 E25.12166
G1 X106.141 Y54.82 E25.14787
G1 X119.868 Y41.092 E26.0816
G1 X120.414 Y41.092 E26.10786
G1 X106.687 Y54.82 E27.04159
G1 X107.232 Y54.82 E27.0678
G1 X120.959 Y41.092 E28.00153
G1 X121.504 Y41.092 E28.02774
G1 X107.777 Y54.82 E28.96147
G1 X107.682 Y54.973 E28.97013
;WIDTH:0.404381
G1 X107.61 Y54.954 E28.97329
G1 X107.63 Y55.025 E28.97642
G1 X107.671 Y55.014 E28.97822
;WIDTH:0.45
G1 X108.308 Y54.834 E29.01006
G1 X122.05 Y41.092 E29.94477
G1 X122.595 Y41.092 E29.97098
G1 X108.715 Y54.972 E30.91508
G1 X109.02 Y55.213 E30.93378
G1 X123.14 Y41.092 E31.89424
G1 X123.686 Y41.092 E31.9205
G1 X109.244 Y55.534 E32.90283
G1 X109.357 Y55.966 E32.92431
G1 X124.231 Y41.092 E33.93602
G1 X124.776 Y41.092 E33.96223
G1 X109.368 Y56.5 E35.01026
G1 X109.368 Y57.046 E35.03652
G1 X125.322 Y41.092 E36.12169
G1 X125.867 Y41.092 E36.1479
G1 X109.368 Y57.591 E37.27014
G1 X109.368 Y58.137 E37.2964
G1 X126.413 Y41.092 E38.45578
G1 X126.958 Y41.092 E38.48199
G1 X109.368 Y58.682 E39.67844
G1 X109.368 Y59.227 E39.70465
G1 X127.503 Y41.092 E40.93817
G1 X128.049 Y41.092 E40.96443
G1 X109.368 Y59.773 E42.23509
G1 X109.368 Y60.318 E42.2613
G1 X128.594 Y41.092 E43.56903
G1 X129.139 Y41.092 E43.59524
G1 X109.368 Y60.863 E44.94004
G1 X109.368 Y61.409 E44.9663
G1 X129.685 Y41.092 E46.34824
G1 X130.23 Y41.092 E46.37445
G1 X109.368 Y61.954 E47.79346
G1 X109.368 Y62.499 E47.81967
G1 X130.775 Y41.092 E49.27575
G1 X131.321 Y41.092 E49.30201
G1 X109.368 Y63.045 E50.79523
G1 X109.368 Y63.59 E50.82144
G1 X131.866 Y41.092 E52.35173
G1 X132.411 Y41.092 E52.37794
G1 X109.368 Y64.135 E53.9453
G1 X109.368 Y64.681 E53.97156
G1 X132.957 Y41.092 E55.57605
G1 X133.502 Y41.092 E55.60226
G1 X109.368 Y65.226 E57.24382
G1 X109.368 Y65.772 E57.27008
G1 X134.047 Y41.092 E58.94875
G1 X134.593 Y41.092 E58.97501
G1 X109.368 Y66.317 E60.69078
G1 X109.368 Y66.862 E60.71699
G1 X135.138 Y41.092 E62.46983
G1 X135.683 Y41.092 E62.49604
G1 X109.368 Y67.408 E64.28599
G1 X109.368 Y67.953 E64.3122
G1 X136.229 Y41.092 E66.13925
G1 X136.774 Y41.092 E66.16546
G1 X109.368 Y68.498 E68.02958
G1 X109.368 Y69.044 E68.05584
G1 X137.319 Y41.092 E69.95707
G1 X137.865 Y41.092 E69.98333
G1 X109.368 Y69.589 E71.92166
G1 X109.368 Y70.134 E71.94787
G1 X138.41 Y41.092 E73.92327
G1 X138.956 Y41.092 E73.94953
G1 X109.368 Y70.68 E75.96207
G1 X109.368 Y71.225 E75.98828
G1 X139.501 Y41.092 E78.03789
G1 X140.046 Y41.092 E78.0641
G1 X109.368 Y71.77 E80.15078
G1 X109.368 Y72.316 E80.17704
G1 X140.592 Y41.092 E82.30086
G1 X141.137 Y41.092 E82.32707
G1 X109.368 Y72.861 E84.48796
G1 X109.368 Y73.407 E84.51422
G1 X141.682 Y41.092 E86.71221
G1 X142.228 Y41.092 E86.73847
G1 X109.368 Y73.952 E88.97357
G1 X109.368 Y74.497 E88.99978
G1 X142.773 Y41.092 E91.27195
G1 X143.318 Y41.092 E91.29816
G1 X109.368 Y75.043 E93.60743
G1 X109.368 Y75.588 E93.63364
G1 X143.864 Y41.092 E95.98002
G1 X144.409 Y41.092 E96.00623
G1 X109.368 Y76.133 E98.38968
G1 X109.368 Y76.679 E98.41594
G1 X144.954 Y41.092 E100.83649
G1 X145.5 Y41.092 E100.86275
G1 X109.368 Y77.224 E103.3204
G1 X109.368 Y77.769 E103.34661
G1 X146.045 Y41.092 E105.84133
G1 X146.59 Y41.092 E105.86754
G1 X109.368 Y78.315 E108.39937
G1 X109.368 Y78.86 E108.42558
G1 X147.136 Y41.092 E110.99451
G1 X147.681 Y41.092 E111.02072
G1 X109.368 Y79.405 E113.62672
G1 X109.368 Y79.951 E113.65298
G1 X148.226 Y41.092 E116.29609
G1 X148.772 Y41.092 E116.32235
G1 X109.368 Y80.496 E119.00256
G1 X109.368 Y81.041 E119.02877
G1 X149.317 Y41.092 E121.74605
G1 X149.862 Y41.092 E121.77226
G1 X109.368 Y81.587 E124.52665
G1 X109.285 Y82.435 F7800
;WIDTH:0.404381
G1 F1200
G1 X109.244 Y82.446 E124.52845
G1 X109.225 Y82.375 E124.53157
G1 X109.296 Y82.394 E124.53469
;WIDTH:0.45
G1 X109.368 Y82.132 E124.54776
G1 X150.408 Y41.092 E127.33925
G1 X150.953 Y41.092 E127.36546
G1 X147.245 Y44.8 E127.61767
G1 X147.014 Y44.943 E127.63074
;WIDTH:0.404381
G1 X146.943 Y44.924 E127.63386
G1 X146.962 Y44.995 E127.63698
G1 X147.003 Y44.984 E127.63878
G1 X147.802 Y44.789 F7800
;WIDTH:0.45
G1 F1200
G1 X151.499 Y41.092 E127.89025
G1 X152.044 Y41.092 E127.91646
G1 X148.347 Y44.789 E128.16793
G1 X148.893 Y44.789 E128.19419
G1 X152.589 Y41.092 E128.44562
G1 X153.135 Y41.092 E128.47188
G1 X149.438 Y44.789 E128.72335
G1 X149.983 Y44.789 E128.74956
G1 X153.68 Y41.092 E129.00103
G1 X154.225 Y41.092 E129.02724
G1 X150.529 Y44.789 E129.27867
G1 X151.043 Y44.82 E129.30344
G1 X154.771 Y41.092 E129.55701
G1 X155.316 Y41.092 E129.58322
G1 X151.619 Y44.789 E129.83469
G1 X152.165 Y44.789 E129.86095
G1 X155.861 Y41.092 E130.11238
G1 X156.407 Y41.092 E130.13864
G1 X152.71 Y44.789 E130.39011
G1 X153.255 Y44.789 E130.41632
G1 X156.952 Y41.092 E130.66779
G1 X157.497 Y41.092 E130.694
G1 X153.801 Y44.789 E130.94543
G1 X154.346 Y44.789 E130.97164
G1 X158.043 Y41.092 E131.22311
G1 X158.588 Y41.092 E131.24932
G1 X154.855 Y44.826 E131.50327
G1 X155.29 Y44.935 E131.52484
G1 X159.133 Y41.092 E131.78624
G1 X159.679 Y41.092 E131.8125
G1 X155.982 Y44.789 E132.06397
G1 X156.527 Y44.789 E132.09018
G1 X160.224 Y41.092 E132.34165
G1 X160.769 Y41.092 E132.36786
G1 X157.073 Y44.789 E132.61929
G1 X157.618 Y44.789 E132.6455
G1 X161.315 Y41.092 E132.89697
G1 X161.86 Y41.092 E132.92318
G1 X158.128 Y44.824 E133.17703
G1 X158.684 Y44.814 E133.20378
G1 X162.405 Y41.092 E133.45691
G1 X162.951 Y41.092 E133.48317
G1 X159.119 Y44.924 E133.74382
G1 X159.331 Y45.043 E133.75551
;WIDTH:0.404381
G1 X159.179 Y45.085 E133.7622
;WIDTH:0.45
G1 X159.799 Y44.79 E133.79522
G1 X163.496 Y41.092 E134.04672
G1 X164.042 Y41.092 E134.07298
G1 X160.345 Y44.789 E134.32445
G1 X160.89 Y44.789 E134.35066
G1 X164.587 Y41.092 E134.60213
G1 X165.132 Y41.092 E134.62834
G1 X161.436 Y44.789 E134.87977
G1 X161.958 Y44.812 E134.9049
G1 X165.678 Y41.092 E135.15793
G1 X166.223 Y41.092 E135.18414
G1 X162.517 Y44.799 E135.43625
G1 X163.072 Y44.789 E135.46295
G1 X166.768 Y41.092 E135.71438
G1 X167.314 Y41.092 E135.74064
G1 X163.538 Y44.868 E135.99748
G1 X163.913 Y45.038 E136.01728
G1 X167.859 Y41.092 E136.28568
G1 X168.404 Y41.092 E136.31189
G1 X164.196 Y45.301 E136.59815
G1 X164.436 Y45.606 E136.61682
G1 X168.95 Y41.092 E136.92386
G1 X169.495 Y41.092 E136.95007
G1 X165.308 Y45.267 E137.23446
;WIDTH:0.438447
G1 X165.087 Y45.493 E137.24921
;WIDTH:0.484714
G1 X164.997 Y45.615 E137.25716
;WIDTH:0.530982
G1 X164.907 Y45.738 E137.26603
;WIDTH:0.577249
G1 X164.817 Y45.861 E137.27578
;WIDTH:0.623516
G1 X164.727 Y45.983 E137.28635
G1 X166.323 Y44.809 F7800
;WIDTH:0.45
G1 F1200
G1 X170.04 Y41.092 E137.53918
G1 X170.586 Y41.092 E137.56544
G1 X166.812 Y44.866 E137.82214
G1 X167.186 Y45.037 E137.84192
G1 X171.131 Y41.092 E138.11025
G1 X171.676 Y41.092 E138.13646
G1 X167.552 Y45.217 E138.417
G1 X168.266 Y44.987 E138.45308
;WIDTH:0.404381
G1 X168.225 Y44.998 E138.45488
G1 X168.206 Y44.927 E138.458
G1 X168.277 Y44.946 E138.46112
;WIDTH:0.45
G1 X168.509 Y44.805 E138.47418
G1 X172.222 Y41.092 E138.72673
G1 X172.767 Y41.092 E138.75294
G1 X169.014 Y44.846 E139.00825
G1 X169.401 Y45.004 E139.02835
G1 X173.312 Y41.092 E139.29441
G1 X173.858 Y41.092 E139.32067
G1 X169.714 Y45.237 E139.60257
G1 X169.948 Y45.547 E139.62125
G1 X174.403 Y41.092 E139.92427
G1 X174.465 Y41.576 E139.94774
G1 X170.108 Y45.933 E140.2441
G1 X170.18 Y46.406 E140.26711
G1 X174.465 Y42.122 E140.55854
G1 X174.465 Y42.667 E140.58475
G1 X170.18 Y46.952 E140.87621
G1 X170.18 Y47.497 E140.90242
G1 X174.465 Y43.212 E141.19388
G1 X174.465 Y43.758 E141.22014
G1 X170.18 Y48.042 E141.51157
G1 X170.075 Y48.304 E141.52515
;WIDTH:0.404381
G1 X170.034 Y48.315 E141.52695
G1 X170.015 Y48.244 E141.53007
G1 X170.086 Y48.263 E141.53319
;WIDTH:0.45
G1 X170.44 Y48.327 E141.55049
G1 X174.465 Y44.303 E141.82423
G1 X174.465 Y44.848 E141.85044
G1 X170.757 Y48.556 E142.10265
G1 X170.97 Y48.889 E142.12166
G1 X174.465 Y45.394 E142.35939
G1 X174.465 Y45.939 E142.3856
G1 X171.118 Y49.286 E142.61326
G1 X171.009 Y50.108 F7800
;WIDTH:0.404381
G1 F1200
G1 X170.968 Y50.119 E142.61506
G1 X170.949 Y50.048 E142.61818
G1 X171.02 Y50.067 E142.6213
;WIDTH:0.45
G1 X171.144 Y49.805 E142.63524
G1 X174.465 Y46.485 E142.8611
G1 E140.8611 F2400
G92 E0
G1 X150.407 Y49.988 F7800
G1 E2 F2400
;WIDTH:0.404381
G1 F1200
G1 X150.336 Y49.969 E2.00312
G1 X150.355 Y50.04 E2.00624
G1 X150.396 Y50.029 E2.00804
;WIDTH:0.45
G1 X150.496 Y50.276 E2.02086
G1 X150.128 Y50.643 E2.04586
G1 E.04586 F2400
G92 E0
G1 X146.052 Y45.906 F7800
G1 E2 F2400
;WIDTH:0.404381
G1 F1200
G1 X145.981 Y45.887 E2.00312
G1 X146 Y45.958 E2.00624
G1 X146.041 Y45.947 E2.00804
;WIDTH:0.45
G1 X145.856 Y46.19 E2.02273
G1 X109.368 Y82.678 E4.5046
G1 X109.368 Y83.223 E4.53081
G1 X145.905 Y46.686 E7.01601
G1 X146.062 Y47.074 E7.03614
G1 X109.368 Y83.768 E9.53202
G1 X109.368 Y84.314 E9.55828
G1 X146.296 Y47.386 E12.07008
G1 X146.607 Y47.62 E12.0888
G1 X109.368 Y84.859 E14.62175
G1 X109.368 Y85.404 E14.64796
G1 X146.996 Y47.776 E17.20737
G1 X147.467 Y47.851 E17.23031
G1 X109.368 Y85.95 E19.82176
G1 X109.296 Y86.757 F7800
;WIDTH:0.404381
G1 F1200
G1 X109.225 Y86.738 E19.82488
G1 X109.244 Y86.809 E19.828
G1 X109.285 Y86.798 E19.8298
;WIDTH:0.45
G1 X109.368 Y86.495 E19.84491
G1 X147.486 Y48.377 E22.43765
G1 X147.486 Y48.922 E22.46386
G1 X141.534 Y54.875 E22.86874
G1 X141.261 Y55.075 E22.88502
;WIDTH:0.404381
G1 X141.027 Y55.272 E22.89799
G1 X140.881 Y55.45 E22.90775
;WIDTH:0.45
G1 X140.685 Y55.723 E22.92391
G1 X109.368 Y87.04 E25.05405
G1 X109.368 Y87.586 E25.08031
G1 X140.631 Y56.323 E27.20678
G1 X140.631 Y56.869 E27.23304
G1 X109.368 Y88.131 E29.35948
G1 X109.368 Y88.676 E29.38569
G1 X140.631 Y57.414 E31.51213
G1 X140.631 Y57.959 E31.53834
G1 X109.368 Y89.222 E33.66481
G1 X109.368 Y89.767 E33.69102
G1 X140.631 Y58.505 E35.81746
G1 X140.631 Y59.05 E35.84367
G1 X109.368 Y90.313 E37.97014
G1 X109.368 Y90.858 E37.99635
G1 X140.631 Y59.595 E40.12282
G1 X140.631 Y60.141 E40.14908
G1 X109.368 Y91.403 E42.27552
G1 X109.368 Y91.949 E42.30178
G1 X140.631 Y60.686 E44.42825
G1 X140.631 Y61.231 E44.45446
G1 X109.368 Y92.494 E46.58093
G1 X109.368 Y93.039 E46.60714
G1 X140.631 Y61.777 E48.73358
G1 X140.631 Y62.322 E48.75979
G1 X109.368 Y93.585 E50.88626
G1 X109.368 Y94.13 E50.91247
G1 X140.631 Y62.867 E53.03894
G1 X140.631 Y63.413 E53.0652
G1 X109.368 Y94.675 E55.19164
G1 X109.368 Y95.221 E55.2179
G1 X140.631 Y63.958 E57.34437
G1 X140.631 Y64.503 E57.37058
G1 X109.368 Y95.766 E59.49705
G1 X109.368 Y96.311 E59.52326
G1 X140.631 Y65.049 E61.6497
G1 X140.631 Y65.594 E61.67591
G1 X109.368 Y96.857 E63.80238
G1 X109.368 Y97.402 E63.82859
G1 X140.631 Y66.139 E65.95506
G1 X140.631 Y66.685 E65.98132
G1 X109.368 Y97.948 E68.10779
G1 X109.368 Y98.493 E68.134
G1 X140.631 Y67.23 E70.26047
G1 X140.631 Y67.775 E70.28668
G1 X109.368 Y99.038 E72.41315
G1 X109.368 Y99.584 E72.43941
G1 X140.631 Y68.321 E74.56588
G1 X140.631 Y68.866 E74.59209
G1 X109.368 Y100.129 E76.71856
G1 X109.368 Y100.674 E76.74477
G1 X140.631 Y69.412 E78.87121
G1 X140.631 Y69.957 E78.89742
G1 X109.368 Y101.22 E81.02389
G1 X109.368 Y101.765 E81.0501
G1 X140.631 Y70.502 E83.17657
G1 X140.631 Y71.048 E83.20283
G1 X109.368 Y102.31 E85.32927
G1 X109.368 Y102.856 E85.35553
G1 X140.631 Y71.593 E87.482
G1 X140.631 Y72.138 E87.50821
G1 X109.368 Y103.401 E89.63468
G1 X109.368 Y103.946 E89.66089
G1 X140.631 Y72.684 E91.78733
G1 X140.631 Y73.229 E91.81354
G1 X109.368 Y104.492 E93.94001
G1 X109.368 Y105.037 E93.96622
G1 X140.631 Y73.774 E96.09269
G1 X140.631 Y74.32 E96.11895
G1 X109.368 Y105.583 E98.24542
G1 X109.368 Y106.128 E98.27163
G1 X140.631 Y74.865 E100.3981
G1 X140.631 Y75.41 E100.42431
G1 X109.368 Y106.673 E102.55078
G1 X109.368 Y107.219 E102.57704
G1 X140.631 Y75.956 E104.70351
G1 X140.631 Y76.501 E104.72972
G1 X109.368 Y107.764 E106.85619
G1 X109.368 Y108.309 E106.8824
G1 X140.631 Y77.046 E109.00887
G1 X140.631 Y77.592 E109.03513
G1 X109.368 Y108.855 E111.1616
G1 X109.368 Y109.4 E111.18781
G1 X140.631 Y78.137 E113.31428
G1 X140.631 Y78.682 E113.34049
G1 X109.368 Y109.945 E115.46696
G1 X109.368 Y110.491 E115.49322
G1 X140.631 Y79.228 E117.61969
G1 X140.631 Y79.773 E117.6459
G1 X109.368 Y111.036 E119.77237
G1 X109.368 Y111.581 E119.79858
G1 X140.631 Y80.318 E121.92505
G1 X140.631 Y80.864 E121.95131
G1 X109.368 Y112.127 E124.07778
G1 X109.368 Y112.672 E124.10399
G1 X140.631 Y81.409 E126.23046
G1 X140.631 Y81.955 E126.25672
G1 X109.368 Y113.218 E128.38319
G1 X109.368 Y113.763 E128.4094
G1 X140.631 Y82.5 E130.53587
G1 X140.631 Y83.045 E130.56208
G1 X109.368 Y114.308 E132.68855
G1 X109.368 Y114.854 E132.71481
G1 X140.631 Y83.591 E134.84128
G1 X140.631 Y84.136 E134.86749
G1 X109.368 Y115.399 E136.99396
G1 X109.368 Y115.944 E137.02017
G1 X140.631 Y84.681 E139.14664
G1 X140.631 Y85.227 E139.1729
G1 X109.368 Y116.49 E141.29937
G1 X109.368 Y117.035 E141.32558
G1 X140.631 Y85.772 E143.45205
G1 X140.631 Y86.317 E143.47826
G1 X109.367 Y117.58 E145.60476
G1 X109.367 Y118.126 E145.63102
G1 X140.631 Y86.863 E147.75752
G1 X140.631 Y87.408 E147.78373
G1 X109.367 Y118.671 E149.91023
G1 X109.367 Y119.216 E149.93644
G1 X140.631 Y87.953 E152.06294
G1 X140.631 Y88.499 E152.0892
G1 X109.367 Y119.762 E154.2157
G1 X109.367 Y120.307 E154.24191
G1 X140.631 Y89.044 E156.36841
G1 X140.631 Y89.589 E156.39462
G1 X109.367 Y120.852 E158.52112
G1 X109.367 Y121.398 E158.54738
G1 X140.631 Y90.135 E160.67388
G1 X140.631 Y90.68 E160.70009
G1 X109.367 Y121.943 E162.82659
G1 X109.367 Y122.489 E162.85285
G1 X140.631 Y91.225 E164.97939
G1 X140.631 Y91.771 E165.00565
G1 X109.367 Y123.034 E167.13215
G1 X109.367 Y123.579 E167.15836
G1 X140.631 Y92.316 E169.28486
G1 X140.631 Y92.861 E169.31107
G1 X109.367 Y124.125 E171.43761
G1 X109.367 Y124.67 E171.46382
G1 X140.631 Y93.407 E173.59032
G1 X140.631 Y93.952 E173.61653
G1 X109.367 Y125.215 E175.74303
G1 X109.367 Y125.761 E175.76929
G1 X140.631 Y94.498 E177.89579
G1 X140.631 Y95.043 E177.922
G1 X109.367 Y126.306 E180.0485
G1 X109.367 Y126.851 E180.07471
G1 X140.631 Y95.588 E182.20121
G1 X140.631 Y96.134 E182.22747
G1 X109.367 Y127.397 E184.35397
G1 X109.367 Y127.942 E184.38018
G1 X140.631 Y96.679 E186.50668
G1 X140.631 Y97.224 E186.53289
G1 X109.367 Y128.487 E188.65939
G1 X109.367 Y129.033 E188.68565
G1 X140.631 Y97.77 E190.81215
G1 X140.631 Y98.315 E190.83836
G1 X109.367 Y129.578 E192.96486
G1 X109.367 Y130.124 E192.99112
G1 X140.631 Y98.86 E195.11766
G1 X140.631 Y99.406 E195.14392
G1 X109.367 Y130.669 E197.27042
G1 X109.367 Y131.214 E197.29663
G1 X140.631 Y99.951 E199.42313
G1 X140.631 Y100.496 E199.44934
G1 X109.367 Y131.76 E201.57588
G1 X109.367 Y132.305 E201.60209
G1 X140.631 Y101.042 E203.72859
G1 X140.631 Y101.587 E203.7548
G1 X109.367 Y132.85 E205.8813
G1 X109.367 Y133.396 E205.90756
G1 X140.631 Y102.132 E208.0341
G1 X140.631 Y102.678 E208.06036
G1 X109.367 Y133.941 E210.18686
G1 X109.367 Y134.486 E210.21307
G1 X140.631 Y103.223 E212.33957
G1 X140.631 Y103.768 E212.36578
G1 X109.367 Y135.032 E214.49232
G1 X109.367 Y135.577 E214.51853
G1 X140.631 Y104.314 E216.64503
G1 X140.631 Y104.859 E216.67124
G1 X109.367 Y136.122 E218.79774
G1 X109.367 Y136.668 E218.824
G1 X140.631 Y105.404 E220.95054
G1 X140.631 Y105.95 E220.9768
G1 X109.367 Y137.213 E223.1033
G1 X109.367 Y137.759 E223.12956
G1 X140.631 Y106.495 E225.2561
G1 X140.631 Y107.041 E225.28236
G1 X109.367 Y138.304 E227.40886
G1 X109.367 Y138.849 E227.43507
G1 X140.631 Y107.586 E229.56157
G1 X140.631 Y108.131 E229.58778
G1 X109.367 Y139.395 E231.71432
G1 X109.367 Y139.94 E231.74053
G1 X140.631 Y108.677 E233.86703
G1 X140.631 Y109.222 E233.89324
G1 X109.367 Y140.485 E236.01974
G1 X109.367 Y141.031 E236.046
G1 X140.631 Y109.767 E238.17254
G1 X140.631 Y110.313 E238.1988
G1 X109.367 Y141.576 E240.3253
G1 X109.367 Y142.121 E240.35151
G1 X140.631 Y110.858 E242.47801
G1 X140.631 Y111.403 E242.50422
G1 X109.367 Y142.667 E244.63076
G1 X109.367 Y143.212 E244.65697
G1 X140.631 Y111.949 E246.78347
G1 X140.631 Y112.494 E246.80968
G1 X109.367 Y143.757 E248.93618
G1 X109.367 Y144.303 E248.96244
G1 X140.631 Y113.039 E251.08898
G1 X140.631 Y113.585 E251.11524
G1 X109.367 Y144.848 E253.24174
G1 X109.367 Y145.394 E253.268
G1 X140.631 Y114.13 E255.39454
G1 X140.631 Y114.675 E255.42075
G1 X109.367 Y145.939 E257.54729
G1 X109.367 Y146.484 E257.5735
G1 X140.631 Y115.221 E259.7
G1 X140.631 Y115.766 E259.72621
G1 X109.367 Y147.03 E261.85275
G1 X109.367 Y147.575 E261.87896
G1 X140.631 Y116.311 E264.0055
G1 X140.631 Y116.857 E264.03176
G1 X109.367 Y148.12 E266.15826
G1 X109.367 Y148.666 E266.18452
G1 X140.631 Y117.402 E268.31106
G1 X140.631 Y117.947 E268.33727
G1 X109.367 Y149.211 E270.46381
G1 X109.367 Y149.756 E270.49002
G1 X140.631 Y118.493 E272.61652
G1 X140.631 Y119.038 E272.64273
G1 X109.367 Y150.302 E274.76927
G1 X109.367 Y150.847 E274.79548
G1 X140.631 Y119.584 E276.92198
G1 X140.631 Y120.129 E276.94819
G1 X109.367 Y151.392 E279.07469
G1 X109.367 Y151.938 E279.10095
G1 X140.631 Y120.674 E281.22749
G1 X140.631 Y121.22 E281.25375
G1 X109.367 Y152.483 E283.38025
G1 X109.367 Y153.028 E283.40646
G1 X140.631 Y121.765 E285.53296
G1 X140.631 Y122.31 E285.55917
G1 X109.367 Y153.574 E287.68571
G1 X108.44 Y154.974 F7800
;WIDTH:0.404381
G1 F1200
G1 X108.599 Y154.995 E287.69251
G1 X108.91 Y154.739 E287.70959
G1 X109.185 Y154.412 E287.72771
;WIDTH:0.45
G1 X109.347 Y154.139 E287.74298
G1 X140.631 Y122.856 E289.87084
G1 E287.87084 F2400
G92 E0
G1 X142.134 Y54.82 F7800
G1 E2 F2400
G1 F1200
G1 X147.486 Y49.468 E2.36404
G1 X147.547 Y49.952 E2.3875
G1 X142.68 Y54.82 E2.71858
G1 X143.225 Y54.82 E2.74479
G1 X147.705 Y50.339 E3.04955
G1 X147.926 Y50.664 E3.06845
G1 X143.77 Y54.82 E3.35114
G1 X144.316 Y54.82 E3.3774
G1 X148.242 Y50.893 E3.64448
G1 X148.626 Y51.054 E3.66451
G1 X144.861 Y54.82 E3.92063
G1 X145.406 Y54.82 E3.94684
G1 X149.11 Y51.116 E4.19878
G1 X149.41 Y50.995 E4.21434
;WIDTH:0.404381
G1 X149.369 Y51.006 E4.21614
G1 X149.35 Y50.935 E4.21926
G1 X149.421 Y50.954 E4.22238
;WIDTH:0.45
G1 X150.094 Y50.677 E4.25738
G1 X145.952 Y54.82 E4.53915
G1 X146.497 Y54.82 E4.56536
G1 X150.763 Y50.554 E4.85553
G1 X151.052 Y50.81 E4.8741
G1 X147.042 Y54.82 E5.14686
G1 X147.588 Y54.82 E5.17312
G1 X151.411 Y50.996 E5.43319
G1 X151.841 Y51.112 E5.45461
G1 X148.133 Y54.82 E5.70682
G1 X148.678 Y54.82 E5.73303
G1 X152.375 Y51.123 E5.9845
G1 X152.92 Y51.123 E6.01071
G1 X149.224 Y54.82 E6.26214
G1 X149.769 Y54.82 E6.28835
G1 X153.466 Y51.123 E6.53982
G1 X154.023 Y51.111 E6.56662
G1 X150.314 Y54.82 E6.8189
G1 X150.86 Y54.82 E6.84516
G1 X154.666 Y51.013 E7.10407
G1 X154.595 Y50.861 E7.11214
;WIDTH:0.404381
G1 X154.554 Y50.872 E7.11394
G1 X154.535 Y50.801 E7.11706
G1 X154.606 Y50.82 E7.12018
;WIDTH:0.45
G1 X155.131 Y51.093 E7.14864
G1 X151.405 Y54.82 E7.40211
G1 X151.95 Y54.82 E7.42832
G1 X155.674 Y51.096 E7.68162
G1 X156.192 Y51.123 E7.70657
G1 X152.496 Y54.82 E7.958
G1 X153.041 Y54.82 E7.98421
G1 X156.738 Y51.123 E8.23568
G1 X157.283 Y51.123 E8.26189
G1 X153.586 Y54.82 E8.51336
G1 X154.132 Y54.82 E8.53962
G1 X157.829 Y51.123 E8.79109
G1 X158.52 Y50.977 E8.82506
G1 X154.677 Y54.82 E9.08646
G1 X155.223 Y54.82 E9.11272
G1 X158.951 Y51.091 E9.36633
G1 X159.504 Y51.084 E9.39293
G1 X155.768 Y54.82 E9.64705
G1 X156.313 Y54.82 E9.67326
G1 X160.01 Y51.123 E9.92473
G1 X160.555 Y51.123 E9.95094
G1 X156.859 Y54.82 E10.20237
G1 X157.404 Y54.82 E10.22858
G1 X161.101 Y51.123 E10.48005
G1 X161.646 Y51.123 E10.50626
G1 X157.949 Y54.82 E10.75773
G1 X158.495 Y54.82 E10.78399
G1 X162.308 Y51.006 E11.04338
G1 X162.58 Y50.817 E11.05931
;WIDTH:0.404381
G1 X163.33 Y50.095 E11.10346
;WIDTH:0.45
G1 X163.451 Y50.409 E11.11964
G1 X159.04 Y54.82 E11.41967
G1 X159.585 Y54.82 E11.44588
G1 X163.7 Y50.705 E11.72578
G1 X164.008 Y50.942 E11.74447
G1 X160.131 Y54.82 E12.00821
G1 X160.676 Y54.82 E12.03442
G1 X164.415 Y51.08 E12.28878
G1 E10.28878 F2400
G92 E0
G1 X166.208 Y49.911 F7800
G1 E2 F2400
;WIDTH:0.404381
G1 F1200
G1 X165.866 Y50.372 E2.02434
G1 X165.44 Y50.788 E2.04959
G1 X165.225 Y50.93 E2.06052
;WIDTH:0.45
G1 X164.953 Y51.088 E2.07565
G1 X161.221 Y54.82 E2.3295
G1 X161.767 Y54.82 E2.35576
G1 X166.321 Y50.265 E2.66555
G1 X166.523 Y50.609 E2.68474
G1 X162.312 Y54.82 E2.97117
G1 X162.857 Y54.82 E2.99738
G1 X166.82 Y50.857 E3.26694
G1 X167.192 Y51.03 E3.28667
G1 X163.403 Y54.82 E3.54443
G1 X163.948 Y54.82 E3.57064
G1 X167.646 Y51.122 E3.82217
G1 X168.19 Y51.123 E3.84833
G1 X164.493 Y54.82 E4.0998
G1 X165.039 Y54.82 E4.12606
G1 X168.735 Y51.123 E4.37749
G1 X169.281 Y51.123 E4.40375
G1 X165.584 Y54.82 E4.65522
G1 X166.129 Y54.82 E4.68143
G1 X169.844 Y51.105 E4.93412
G1 X170.117 Y50.941 E4.94944
;WIDTH:0.404381
G1 X169.94 Y50.919 E4.957
G1 E2.957 F2400
G92 E0
G1 X166.675 Y54.82 F7800
G1 E2 F2400
;WIDTH:0.45
G1 F1200
G1 X174.465 Y47.03 E2.52987
G1 X174.465 Y47.575 E2.55608
G1 X167.22 Y54.82 E3.04888
G1 X167.766 Y54.82 E3.07514
G1 X174.465 Y48.121 E3.5308
G1 X174.465 Y48.666 E3.55701
G1 X168.311 Y54.82 E3.9756
G1 X168.856 Y54.82 E4.00181
G1 X174.465 Y49.211 E4.38333
G1 X174.465 Y49.757 E4.40959
G1 X169.402 Y54.82 E4.75397
G1 X169.947 Y54.82 E4.78018
G1 X174.465 Y50.302 E5.08749
G1 X174.465 Y50.847 E5.1137
G1 X170.492 Y54.82 E5.38394
G1 X171.038 Y54.82 E5.4102
G1 X174.465 Y51.393 E5.6433
G1 X174.465 Y51.938 E5.66951
G1 X171.583 Y54.82 E5.86554
G1 X172.128 Y54.82 E5.89175
G1 X174.465 Y52.483 E6.05071
G1 X174.465 Y53.029 E6.07697
G1 X172.674 Y54.82 E6.19879
G1 X174.328 Y53.71 F7800
G1 F1200
G1 X173.219 Y54.82 E6.27426
G1 X174.465 Y54.82 E6.33419
G1 X174.465 Y53.574 E6.39412
G1 E4.39412 F2400
G92 E0
G1 X75.901 Y49.299 F7800
G1 E2 F2400
G1 F1200
G1 X76.089 Y49.849 E2.02796
G1 X76.401 Y50.297 E2.05422
G1 X77.047 Y50.943 E2.09816
G1 X77.518 Y51.267 E2.12566
G1 X75.921 Y52.864 E2.23429
G1 X75.908 Y49.492 E2.39647
;WIDTH:0.417152
G1 X75.89 Y49.212 E2.40882
;WIDTH:0.388069
G1 X75.879 Y48.987 E2.41791
;WIDTH:0.411588
G1 X75.902 Y48.73 E2.42908
;WIDTH:0.456689
G1 X75.924 Y48.473 E2.4417
G1 X75.901 Y48.214 E2.45442
;WIDTH:0.410573
G1 X75.878 Y47.955 E2.46565
;WIDTH:0.364457
G1 X75.878 Y46.729 E2.51154
G1 E.51154 F2400
G92 E0
G1 X76.333 Y50.812 F7800
G1 E2 F2400
;WIDTH:0.502672
G1 F1200
G1 X76.873 Y51.33 E2.04091
G1 X76.333 Y51.87 E2.08266
G1 X76.333 Y51.004 E2.13
G1 E.13 F2400
G92 E0
G1 X75.6 Y155.182 F7800
G1 E2 F2400
;WIDTH:0.478907
G1 F1200
G1 X75.563 Y155.145 E2.00271
G1 X75.513 Y155.158 E2.00538
G1 X75.5 Y155.208 E2.00805
G1 X75.536 Y155.245 E2.01072
G1 X75.587 Y155.232 E2.01344
;WIDTH:0.45
G1 X76.13 Y155.18 E2.03968
G1 X75.412 Y155.912 E2.089
;WIDTH:0.404381
G1 X75.341 Y155.893 E2.09212
G1 X75.36 Y155.964 E2.09524
G1 X75.401 Y155.953 E2.09704
;WIDTH:0.45
G1 X75.535 Y156.321 E2.11588
G1 X76.676 Y155.18 E2.19349
G1 X77.221 Y155.18 E2.2197
G1 X75.535 Y156.866 E2.33438
G1 X75.535 Y157.411 E2.36059
G1 X77.766 Y155.18 E2.51234
G1 X78.312 Y155.18 E2.5386
G1 X75.535 Y157.957 E2.72749
G1 X75.535 Y158.502 E2.7537
G1 X78.857 Y155.18 E2.97966
G1 X79.402 Y155.18 E3.00587
G1 X75.535 Y159.047 E3.2689
G1 X75.535 Y159.593 E3.29516
G1 X79.948 Y155.18 E3.59533
G1 X80.493 Y155.18 E3.62154
G1 X75.535 Y160.138 E3.95878
G1 X75.535 Y160.683 E3.98499
G1 X81.038 Y155.18 E4.3593
G1 X81.584 Y155.18 E4.38556
G1 X75.535 Y161.229 E4.79701
G1 X75.535 Y161.774 E4.82322
G1 X82.129 Y155.18 E5.27174
G1 X82.674 Y155.18 E5.29795
G1 X75.535 Y162.319 E5.78354
G1 X75.535 Y162.865 E5.8098
G1 X83.22 Y155.18 E6.33252
G1 X83.765 Y155.18 E6.35873
G1 X75.535 Y163.41 E6.91852
G1 X75.535 Y163.955 E6.94473
G1 X84.31 Y155.18 E7.54159
G1 X84.856 Y155.18 E7.56785
G1 X75.535 Y164.501 E8.20185
G1 X75.535 Y165.046 E8.22806
G1 X85.401 Y155.18 E8.89913
G1 X85.946 Y155.18 E8.92534
G1 X75.535 Y165.591 E9.63348
G1 X75.535 Y166.137 E9.65974
G1 X86.492 Y155.18 E10.40502
G1 X87.037 Y155.18 E10.43123
G1 X75.535 Y166.682 E11.21358
G1 X75.535 Y167.227 E11.23979
G1 X87.582 Y155.18 E12.05921
G1 X88.128 Y155.18 E12.08547
G1 X75.535 Y167.773 E12.94203
G1 X75.535 Y168.318 E12.96824
G1 X88.673 Y155.18 E13.86187
G1 X89.219 Y155.18 E13.88813
G1 X75.535 Y168.864 E14.8189
G1 X76.037 Y168.908 E14.84314
G1 X89.764 Y155.18 E15.77687
G1 X90.309 Y155.18 E15.80308
G1 X76.582 Y168.908 E16.73681
G1 X77.127 Y168.908 E16.76302
G1 X90.855 Y155.18 E17.69678
G1 X91.4 Y155.18 E17.72299
G1 X77.673 Y168.908 E18.65672
G1 X78.218 Y168.908 E18.68293
G1 X91.945 Y155.18 E19.61666
G1 X92.491 Y155.18 E19.64292
G1 X78.763 Y168.908 E20.57668
G1 X79.309 Y168.908 E20.60294
G1 X93.036 Y155.18 E21.53667
G1 X93.581 Y155.18 E21.56288
G1 X79.854 Y168.908 E22.49661
G1 X80.4 Y168.908 E22.52287
G1 X94.127 Y155.18 E23.4566
G1 X94.672 Y155.18 E23.48281
G1 X80.945 Y168.908 E24.41654
G1 X81.49 Y168.908 E24.44275
G1 X95.217 Y155.18 E25.37648
G1 X95.763 Y155.18 E25.40274
G1 X82.036 Y168.908 E26.33647
G1 X82.581 Y168.908 E26.36268
G1 X96.308 Y155.18 E27.29641
G1 X96.853 Y155.18 E27.32262
G1 X83.126 Y168.908 E28.25635
G1 X83.672 Y168.908 E28.28261
G1 X97.399 Y155.18 E29.21634
G1 X97.944 Y155.18 E29.24255
G1 X84.217 Y168.908 E30.17628
G1 X84.762 Y168.908 E30.20249
G1 X98.489 Y155.18 E31.13622
G1 X99.035 Y155.18 E31.16248
G1 X85.308 Y168.908 E32.09621
G1 X85.853 Y168.908 E32.12242
G1 X99.58 Y155.18 E33.05615
G1 X100.125 Y155.18 E33.08236
G1 X86.398 Y168.908 E34.01609
G1 X86.944 Y168.908 E34.04235
G1 X100.671 Y155.18 E34.97608
G1 X101.216 Y155.18 E35.00229
G1 X87.489 Y168.908 E35.93602
G1 X88.034 Y168.908 E35.96223
G1 X101.762 Y155.18 E36.89599
G1 X102.307 Y155.18 E36.9222
G1 X88.58 Y168.908 E37.85593
G1 X89.125 Y168.908 E37.88214
G1 X102.852 Y155.18 E38.81587
G1 X103.398 Y155.18 E38.84213
G1 X89.67 Y168.908 E39.77589
G1 X90.216 Y168.908 E39.80215
G1 X103.943 Y155.18 E40.73588
G1 X104.488 Y155.18 E40.76209
G1 X90.761 Y168.908 E41.69582
G1 X91.306 Y168.908 E41.72203
G1 X105.034 Y155.18 E42.65579
G1 X105.579 Y155.18 E42.682
G1 X91.852 Y168.908 E43.61573
G1 X92.397 Y168.908 E43.64194
G1 X106.124 Y155.18 E44.57567
G1 X106.67 Y155.18 E44.60193
G1 X92.943 Y168.908 E45.53566
G1 X93.488 Y168.908 E45.56187
G1 X107.215 Y155.18 E46.4956
G1 X107.76 Y155.18 E46.52181
G1 X94.033 Y168.908 E47.45554
G1 X94.881 Y169.051 F7800
;WIDTH:0.404381
G1 F1200
G1 X94.84 Y169.062 E47.45734
G1 X94.821 Y168.99 E47.4605
G1 X94.892 Y169.01 E47.46363
;WIDTH:0.45
G1 X94.579 Y168.908 E47.47946
G1 X108.326 Y155.16 E48.41455
G1 E46.41455 F2400
G92 E0
G1 X95.124 Y168.908 F7800
G1 E2 F2400
G1 F1200
G1 X140.631 Y123.401 E5.09533
G1 X140.631 Y123.946 E5.12154
G1 X95.669 Y168.908 E8.1798
G1 X96.215 Y168.908 E8.20606
G1 X140.631 Y124.492 E11.22718
G1 X140.631 Y125.037 E11.25339
G1 X96.76 Y168.908 E14.23744
G1 X97.305 Y168.908 E14.26365
G1 X140.631 Y125.582 E17.21063
G1 X140.631 Y126.128 E17.23689
G1 X97.851 Y168.908 E20.14673
G1 X98.396 Y168.908 E20.17294
G1 X140.631 Y126.673 E23.04571
G1 X140.631 Y127.218 E23.07192
G1 X98.941 Y168.908 E25.90762
G1 X99.487 Y168.908 E25.93388
G1 X140.631 Y127.764 E28.73244
G1 X140.631 Y128.309 E28.75865
G1 X100.032 Y168.908 E31.52014
G1 X100.577 Y168.908 E31.54635
G1 X140.631 Y128.854 E34.27077
G1 X140.631 Y129.4 E34.29703
G1 X101.123 Y168.908 E36.98432
G1 X101.668 Y168.908 E37.01053
G1 X140.631 Y129.945 E39.66074
G1 X140.631 Y130.49 E39.68695
G1 X102.213 Y168.908 E42.30009
G1 X102.759 Y168.908 E42.32635
G1 X140.631 Y131.036 E44.90236
G1 X140.631 Y131.581 E44.92857
G1 X103.304 Y168.908 E47.46751
G1 X103.849 Y168.908 E47.49372
G1 X140.631 Y132.126 E49.99559
G1 X140.631 Y132.672 E50.02185
G1 X104.395 Y168.908 E52.48658
G1 X104.94 Y168.908 E52.51279
G1 X140.631 Y133.217 E54.94045
G1 X140.631 Y133.763 E54.96671
G1 X105.486 Y168.908 E57.35723
G1 X106.031 Y168.908 E57.38344
G1 X140.631 Y134.308 E59.73689
G1 X140.631 Y134.853 E59.7631
G1 X106.576 Y168.908 E62.07948
G1 X107.122 Y168.908 E62.10574
G1 X140.631 Y135.399 E64.38498
G1 X140.631 Y135.944 E64.41119
G1 X107.667 Y168.908 E66.65336
G1 X108.212 Y168.908 E66.67957
G1 X140.631 Y136.489 E68.88467
G1 X140.631 Y137.035 E68.91093
G1 X108.758 Y168.908 E71.07889
G1 X109.303 Y168.908 E71.1051
G1 X140.631 Y137.58 E73.23599
G1 X140.631 Y138.125 E73.2622
G1 X109.848 Y168.908 E75.35602
G1 X110.394 Y168.908 E75.38228
G1 X140.631 Y138.671 E77.43896
G1 X140.631 Y139.216 E77.46517
G1 X110.939 Y168.908 E79.48478
G1 X111.484 Y168.908 E79.51099
G1 X140.631 Y139.761 E81.49353
G1 X140.631 Y140.307 E81.51979
G1 X112.03 Y168.908 E83.46519
G1 X112.575 Y168.908 E83.4914
G1 X140.631 Y140.852 E85.39973
G1 X140.631 Y141.397 E85.42594
G1 X113.12 Y168.908 E87.2972
G1 X113.666 Y168.908 E87.32346
G1 X140.631 Y141.943 E89.15759
G1 X140.631 Y142.488 E89.1838
G1 X114.211 Y168.908 E90.98086
G1 X114.756 Y168.908 E91.00707
G1 X140.631 Y143.033 E92.76706
G1 X140.631 Y143.579 E92.79332
G1 X115.302 Y168.908 E94.51617
G1 X115.847 Y168.908 E94.54238
G1 X140.631 Y144.124 E96.22816
G1 X140.631 Y144.669 E96.25437
G1 X116.392 Y168.908 E97.90308
G1 X116.938 Y168.908 E97.92934
G1 X140.631 Y145.215 E99.54091
G1 X140.631 Y145.76 E99.56712
G1 X117.483 Y168.908 E101.14162
G1 X118.029 Y168.908 E101.16788
G1 X140.631 Y146.306 E102.70524
G1 X140.631 Y146.851 E102.73145
G1 X118.574 Y168.908 E104.23174
G1 X119.119 Y168.908 E104.25795
G1 X140.631 Y147.396 E105.72117
G1 X140.631 Y147.942 E105.74743
G1 X119.665 Y168.908 E107.17351
G1 X120.21 Y168.908 E107.19972
G1 X140.631 Y148.487 E108.58873
G1 X140.631 Y149.032 E108.61494
G1 X120.755 Y168.908 E109.96688
G1 X121.301 Y168.908 E109.99314
G1 X140.631 Y149.578 E111.30794
G1 X140.631 Y150.123 E111.33415
G1 X121.846 Y168.908 E112.61188
G1 X122.391 Y168.908 E112.63809
G1 X140.631 Y150.668 E113.87875
G1 X140.631 Y151.214 E113.90501
G1 X122.937 Y168.908 E115.10853
G1 X123.482 Y168.908 E115.13474
G1 X140.631 Y151.759 E116.30119
G1 X140.631 Y152.304 E116.3274
G1 X124.027 Y168.908 E117.45678
G1 X124.573 Y168.908 E117.48304
G1 X140.631 Y152.85 E118.57529
G1 X140.631 Y153.395 E118.6015
G1 X125.118 Y168.908 E119.65668
G1 X125.663 Y168.908 E119.68289
G1 X140.631 Y153.94 E120.70099
G1 X140.729 Y154.387 E120.723
G1 X126.209 Y168.908 E121.71067
G1 X126.754 Y168.908 E121.73688
G1 X140.927 Y154.734 E122.70094
G1 X141.221 Y154.986 E122.71956
G1 X127.299 Y168.908 E123.66652
G1 X127.845 Y168.908 E123.69278
G1 X141.612 Y155.141 E124.62919
G1 X142.117 Y155.18 E124.65355
G1 X128.39 Y168.908 E125.58728
G1 X128.935 Y168.908 E125.61349
G1 X142.663 Y155.18 E126.54725
G1 X143.208 Y155.18 E126.57346
G1 X129.481 Y168.908 E127.50719
G1 X130.026 Y168.908 E127.5334
G1 X143.753 Y155.18 E128.46713
G1 X144.299 Y155.18 E128.49339
G1 X130.572 Y168.908 E129.42712
G1 X131.117 Y168.908 E129.45333
G1 X144.844 Y155.18 E130.38706
G1 X145.389 Y155.18 E130.41327
G1 X131.662 Y168.908 E131.347
G1 X132.208 Y168.908 E131.37326
G1 X145.935 Y155.18 E132.30699
G1 X146.48 Y155.18 E132.3332
G1 X132.753 Y168.908 E133.26693
G1 X133.298 Y168.908 E133.29314
G1 X147.025 Y155.18 E134.22687
G1 X147.571 Y155.18 E134.25313
G1 X133.844 Y168.908 E135.18686
G1 X134.389 Y168.908 E135.21307
G1 X148.116 Y155.18 E136.1468
G1 X148.661 Y155.18 E136.17301
G1 X134.934 Y168.908 E137.10674
G1 X135.48 Y168.908 E137.133
G1 X149.207 Y155.18 E138.06673
G1 X149.752 Y155.18 E138.09294
G1 X136.025 Y168.908 E139.02667
G1 X136.57 Y168.908 E139.05288
G1 X150.297 Y155.18 E139.98661
G1 X150.843 Y155.18 E140.01287
G1 X137.116 Y168.908 E140.9466
G1 X137.661 Y168.908 E140.97281
G1 X151.388 Y155.18 E141.90654
G1 X151.933 Y155.18 E141.93275
G1 X138.206 Y168.908 E142.86648
G1 X138.752 Y168.908 E142.89274
G1 X152.479 Y155.18 E143.82647
G1 X153.024 Y155.18 E143.85268
G1 X139.297 Y168.908 E144.78641
G1 X139.842 Y168.908 E144.81262
G1 X153.57 Y155.18 E145.74638
G1 X154.115 Y155.18 E145.77259
G1 X140.388 Y168.908 E146.70632
G1 X140.933 Y168.908 E146.73253
G1 X154.66 Y155.18 E147.66626
G1 X155.206 Y155.18 E147.69252
G1 X141.478 Y168.908 E148.62628
G1 X142.024 Y168.908 E148.65254
G1 X155.751 Y155.18 E149.58627
G1 X156.296 Y155.18 E149.61248
G1 X142.569 Y168.908 E150.54621
G1 X143.115 Y168.908 E150.57247
G1 X156.842 Y155.18 E151.5062
G1 X157.387 Y155.18 E151.53241
G1 X143.66 Y168.908 E152.46614
G1 X144.205 Y168.908 E152.49235
G1 X157.932 Y155.18 E153.42608
G1 X158.478 Y155.18 E153.45234
G1 X144.751 Y168.908 E154.38607
G1 X145.296 Y168.908 E154.41228
G1 X159.023 Y155.18 E155.34601
G1 X159.568 Y155.18 E155.37222
G1 X145.841 Y168.908 E156.30595
G1 X146.387 Y168.908 E156.33221
G1 X160.114 Y155.18 E157.26594
G1 X160.659 Y155.18 E157.29215
G1 X146.932 Y168.908 E158.22588
G1 X147.477 Y168.908 E158.25209
G1 X161.204 Y155.18 E159.18582
G1 X161.75 Y155.18 E159.21208
G1 X148.023 Y168.908 E160.14581
G1 X148.568 Y168.908 E160.17202
G1 X162.295 Y155.18 E161.10575
G1 X162.84 Y155.18 E161.13196
G1 X149.113 Y168.908 E162.06569
G1 X149.659 Y168.908 E162.09195
G1 X163.386 Y155.18 E163.02568
G1 X163.931 Y155.18 E163.05189
G1 X150.204 Y168.908 E163.98562
G1 X150.749 Y168.908 E164.01183
G1 X164.476 Y155.18 E164.94556
G1 X165.022 Y155.18 E164.97182
G1 X151.295 Y168.908 E165.90555
G1 X151.84 Y168.908 E165.93176
G1 X165.567 Y155.18 E166.86549
G1 X166.113 Y155.18 E166.89175
G1 X152.385 Y168.908 E167.82551
G1 X152.931 Y168.908 E167.85177
G1 X166.658 Y155.18 E168.7855
G1 X167.203 Y155.18 E168.81171
G1 X153.476 Y168.908 E169.74544
G1 X154.021 Y168.908 E169.77165
G1 X167.749 Y155.18 E170.70541
G1 X168.294 Y155.18 E170.73162
G1 X154.567 Y168.908 E171.66535
G1 X155.112 Y168.908 E171.69156
G1 X168.839 Y155.18 E172.62529
G1 X169.385 Y155.18 E172.65155
G1 X155.658 Y168.908 E173.58528
G1 X156.203 Y168.908 E173.61149
G1 X169.93 Y155.18 E174.54522
G1 X170.475 Y155.18 E174.57143
G1 X156.748 Y168.908 E175.50516
G1 X157.294 Y168.908 E175.53142
G1 X171.021 Y155.18 E176.46515
G1 X171.566 Y155.18 E176.49136
G1 X157.839 Y168.908 E177.42509
G1 X158.384 Y168.908 E177.4513
G1 X172.111 Y155.18 E178.38503
G1 X172.657 Y155.18 E178.41129
G1 X158.93 Y168.908 E179.34502
G1 X159.475 Y168.908 E179.37123
G1 X173.202 Y155.18 E180.30496
G1 X173.747 Y155.18 E180.33117
G1 X160.02 Y168.908 E181.2649
G1 X160.566 Y168.908 E181.29116
G1 X174.293 Y155.18 E182.22489
G1 X174.465 Y155.554 E182.24469
G1 X161.111 Y168.908 E183.15301
G1 X161.656 Y168.908 E183.17922
G1 X174.465 Y156.099 E184.05047
G1 X174.465 Y156.645 E184.07673
G1 X162.202 Y168.908 E184.91084
G1 X162.747 Y168.908 E184.93705
G1 X174.465 Y157.19 E185.73409
G1 X174.465 Y157.735 E185.7603
G1 X163.292 Y168.908 E186.52027
G1 X163.838 Y168.908 E186.54653
G1 X174.465 Y158.281 E187.26937
G1 X174.465 Y158.826 E187.29558
G1 X164.383 Y168.908 E187.98135
G1 X164.928 Y168.908 E188.00756
G1 X174.465 Y159.371 E188.65625
G1 X174.465 Y159.917 E188.68251
G1 X165.474 Y168.908 E189.29407
G1 X166.019 Y168.908 E189.32028
G1 X174.465 Y160.462 E189.89477
G1 X174.465 Y161.007 E189.92098
G1 X166.564 Y168.908 E190.4584
G1 X167.11 Y168.908 E190.48466
G1 X174.465 Y161.553 E190.98494
G1 X174.465 Y162.098 E191.01115
G1 X167.655 Y168.908 E191.47436
G1 X168.201 Y168.908 E191.50062
G1 X174.465 Y162.644 E191.92669
G1 X174.465 Y163.189 E191.9529
G1 X168.746 Y168.908 E192.3419
G1 X169.291 Y168.908 E192.36811
G1 X174.465 Y163.734 E192.72004
G1 X174.465 Y164.28 E192.7463
G1 X169.837 Y168.908 E193.06109
G1 X170.382 Y168.908 E193.0873
G1 X174.465 Y164.825 E193.36502
G1 X174.465 Y165.37 E193.39123
G1 X170.927 Y168.908 E193.63188
G1 X171.473 Y168.908 E193.65814
G1 X174.465 Y165.916 E193.86165
G1 X174.465 Y166.461 E193.88786
G1 X172.018 Y168.908 E194.0543
G1 X172.445 Y169.102 E194.07686
;WIDTH:0.404381
G1 X172.404 Y169.113 E194.07866
G1 X172.385 Y169.042 E194.08178
G1 X172.456 Y169.061 E194.0849
;WIDTH:0.45
G1 X172.563 Y168.908 E194.09388
G1 X174.465 Y167.006 E194.22325
G1 X174.465 Y168.908 E194.31473
G1 X173.109 Y168.908 E194.37995
G1 X174.328 Y167.688 E194.4629
G1 X174.117 Y168.497 F7800
;WIDTH:0.473023
G1 F1200
G1 X174.081 Y168.461 E194.46549
G1 X174.031 Y168.474 E194.46812
G1 X174.018 Y168.524 E194.47075
G1 X174.054 Y168.56 E194.47334
G1 X174.104 Y168.547 E194.47597
G1 E192.47597 F2400
G92 E0
G1 X161.394 Y48.667 F7800
G1 E2 F2400
;TYPE:Perimeter
;WIDTH:0.588889
G1 F1200
G1 X161.507 Y48.554 E2.01045
G1 X161.962 Y47.456 F7800
;TYPE:External perimeter
;WIDTH:0.45
G1 F1200
G1 X161.962 Y48.743 E2.07235
G1 X161.583 Y49.122 E2.09813
G1 X160.296 Y49.122 E2.16003
G1 X161.919 Y47.498 E2.27046
G1 X161.967 Y47.895 F7800
G1 X160.086 Y47.358
;TYPE:Perimeter
;WIDTH:0.588886
G1 F1200
G1 X160.198 Y47.245 E2.28087
G1 X159.631 Y48.456 F7800
;TYPE:External perimeter
;WIDTH:0.45
G1 F1200
G1 X159.631 Y47.169 E2.34277
G1 X160.009 Y46.79 E2.36852
G1 X161.297 Y46.79 E2.43047
G1 X159.673 Y48.414 E2.54093
G1 X159.626 Y48.017 F7800
G1 E.54093 F2400
G92 E0
G1 X157.468 Y48.667 F7800
G1 E2 F2400
;TYPE:Perimeter
;WIDTH:0.588886
G1 F1200
G1 X157.58 Y48.554 E2.01041
G1 X158.035 Y47.456 F7800
;TYPE:External perimeter
;WIDTH:0.45
G1 F1200
G1 X158.035 Y48.743 E2.07231
G1 X157.657 Y49.122 E2.09806
G1 X156.369 Y49.122 E2.16001
G1 X157.993 Y47.498 E2.27047
G1 X158.04 Y47.895 F7800
G1 X156.159 Y47.358
;TYPE:Perimeter
;WIDTH:0.588885
G1 F1200
G1 X156.272 Y47.245 E2.28092
G1 X157.348 Y46.79 F7800
;TYPE:External perimeter
;WIDTH:0.45
G1 F1200
G1 X157.37 Y46.79 E2.28198
G1 X155.704 Y48.456 E2.3953
G1 X155.704 Y47.169 E2.4572
G1 X156.083 Y46.79 E2.48298
G1 X157.288 Y46.79 E2.54094
G1 X157.06 Y47.119 F7800
G1 E.54094 F2400
G92 E0
G1 X103.545 Y48.667 F7800
G1 E2 F2400
;TYPE:Perimeter
;WIDTH:0.588886
G1 F1200
G1 X103.657 Y48.554 E2.01041
G1 X104.112 Y47.477 F7800
;TYPE:External perimeter
;WIDTH:0.45
G1 F1200
G1 X104.112 Y48.743 E2.0713
G1 X103.733 Y49.122 E2.09708
G1 X102.446 Y49.122 E2.15898
G1 X104.085 Y47.483 E2.27046
G1 X104.112 Y47.882 F7800
G1 X102.236 Y47.358
;TYPE:Perimeter
;WIDTH:0.588886
G1 F1200
G1 X102.348 Y47.245 E2.28087
G1 X103.447 Y46.79 F7800
;TYPE:External perimeter
;WIDTH:0.45
G1 F1200
G1 X101.781 Y48.456 E2.39419
G1 X101.781 Y47.169 E2.45609
G1 X102.16 Y46.79 E2.48187
G1 X103.387 Y46.79 E2.54088
G1 X103.139 Y47.105 F7800
G1 E.54088 F2400
G92 E0
G1 X91.765 Y48.667 F7800
G1 E2 F2400
;TYPE:Perimeter
;WIDTH:0.588886
G1 F1200
G1 X91.878 Y48.554 E2.01045
G1 X92.333 Y47.456 F7800
;TYPE:External perimeter
;WIDTH:0.45
G1 F1200
G1 X92.333 Y48.743 E2.07235
G1 X91.954 Y49.122 E2.09813
G1 X90.667 Y49.122 E2.16003
G1 X92.29 Y47.498 E2.27046
G1 X92.338 Y47.895 F7800
G1 X90.457 Y47.358
;TYPE:Perimeter
;WIDTH:0.588889
G1 F1200
G1 X90.569 Y47.245 E2.28087
G1 X90.002 Y48.435 F7800
;TYPE:External perimeter
;WIDTH:0.45
G1 F1200
G1 X90.002 Y47.169 E2.34176
G1 X90.38 Y46.79 E2.36751
G1 X91.668 Y46.79 E2.42946
G1 X90.029 Y48.429 E2.54094
G1 X90.001 Y48.03 F7800
G1 E.54094 F2400
G92 E0
G1 X83.913 Y48.667 F7800
G1 E2 F2400
;TYPE:Perimeter
;WIDTH:0.588886
G1 F1200
G1 X84.025 Y48.554 E2.01041
G1 X82.836 Y49.122 F7800
;TYPE:External perimeter
;WIDTH:0.45
G1 F1200
G1 X82.814 Y49.122 E2.01147
G1 X84.48 Y47.456 E2.12479
G1 X84.48 Y48.743 E2.18669
G1 X84.101 Y49.122 E2.21247
G1 X82.896 Y49.122 E2.27043
G1 X83.124 Y48.793 F7800
G1 X82.604 Y47.358
;TYPE:Perimeter
;WIDTH:0.588886
G1 F1200
G1 X82.716 Y47.245 E2.28084
G1 X82.149 Y48.456 F7800
;TYPE:External perimeter
;WIDTH:0.45
G1 F1200
G1 X82.149 Y47.169 E2.34274
G1 X82.528 Y46.79 E2.36852
G1 X83.815 Y46.79 E2.43042
G1 X82.191 Y48.414 E2.54088
G1 X82.144 Y48.017 F7800
;LAYER_CHANGE
;Z:0.95
;HEIGHT:0.3
G1 E.54088 F2400
G92 E0
G1 Z.95 F7800
;AFTER_LAYER_CHANGE
;0.95
G1 X167.389 Y48.383
G1 E2 F2400
;TYPE:Perimeter
;WIDTH:0.485982
G1 F1200
G1 X167.092 Y48.489 E2.01658
;WIDTH:0.528827
G1 X166.906 Y48.635 E2.03028
;WIDTH:0.571673
G1 X166.721 Y48.781 E2.04519
;WIDTH:0.614519
G1 X166.535 Y48.928 E2.06146
G1 X166.669 Y48.611 E2.08507
;WIDTH:0.571673
G1 X166.803 Y48.294 E2.10685
;WIDTH:0.528827
G1 X166.938 Y47.978 E2.12676
;WIDTH:0.485982
G1 X167.112 Y48.105 E2.13809
G1 X167.369 Y48.195 E2.15241
G1 X167.383 Y48.323 E2.15918
G1 X166.372 Y49.289 F7800
;WIDTH:0.645545
G1 F1200
G1 X166.535 Y48.928 E2.18789
G1 E.18789 F2400
G92 E0
G1 X158.855 Y45.143 F7800
G1 E2 F2400
;WIDTH:0.45
G1 F1500
G1 X158.95 Y45.16 E2.00464
G1 X159.164 Y45.273 E2.01628
G1 X159.684 Y45.078 E2.04299
G1 X161.781 Y45.078 E2.14385
G1 X162.172 Y45.114 E2.16274
G1 X162.554 Y45.085 E2.18117
G1 X163.429 Y45.128 E2.22331
G1 X163.74 Y45.269 E2.23973
G1 X164.147 Y45.664 E2.26701
G1 X164.723 Y46.816 E2.32896
G1 X165.239 Y45.783 E2.3845
G1 X165.508 Y45.414 E2.40646
G1 X165.798 Y45.229 E2.423
G1 X166.264 Y45.082 E2.4465
G1 X166.653 Y45.117 E2.46529
G1 X167.019 Y45.274 E2.48444
G1 X167.297 Y45.532 E2.50268
G1 X167.361 Y45.686 E2.5107
G1 X167.963 Y45.285 E2.54549
G1 X168.372 Y45.118 E2.56674
G1 X168.649 Y45.078 E2.5802
G1 X169.018 Y45.151 E2.59829
G1 X169.432 Y45.358 E2.62055
G1 X169.597 Y45.519 E2.63164
G1 X169.816 Y45.945 E2.65468
G1 X169.891 Y46.317 E2.67293
G1 X169.891 Y48.402 E2.77321
G1 X170.199 Y48.506 E2.78885
G1 X170.536 Y48.741 E2.80861
G1 X170.799 Y49.223 E2.83502
G1 X170.873 Y49.592 E2.85312
G1 X170.799 Y49.961 E2.87122
G1 X170.602 Y50.362 E2.89271
G1 X170.454 Y50.521 E2.90316
G1 X170.005 Y50.759 E2.9276
G1 X169.634 Y50.834 E2.9458
G1 X167.664 Y50.834 E3.04055
G1 X167.293 Y50.759 E3.05875
G1 X166.989 Y50.624 E3.07475
G1 X166.741 Y50.419 E3.09023
G1 X166.579 Y50.155 E3.10513
G1 X166.499 Y49.961 E3.11522
;WIDTH:0.498886
G1 X166.467 Y49.793 E3.12449
;WIDTH:0.547772
G1 X166.435 Y49.625 E3.1348
;WIDTH:0.596658
G1 X166.403 Y49.457 E3.14615
;WIDTH:0.645545
G1 X166.372 Y49.289 E3.15853
G1 X166.263 Y49.452 E3.17274
;WIDTH:0.596658
G1 X166.154 Y49.615 E3.18576
;WIDTH:0.547772
G1 X166.045 Y49.778 E3.19758
;WIDTH:0.498886
G1 X165.936 Y49.941 E3.20821
;WIDTH:0.45
G1 X165.752 Y50.276 E3.22659
G1 X165.348 Y50.661 E3.25343
G1 X164.996 Y50.799 E3.27161
G1 X164.616 Y50.813 E3.2899
G1 X164.206 Y50.722 E3.3101
G1 X163.876 Y50.473 E3.32998
G1 X163.603 Y50.129 E3.3511
G1 X163.388 Y49.7 E3.37418
G1 X162.747 Y50.379 E3.41909
G1 X162.453 Y50.626 E3.43756
G1 X161.923 Y50.834 E3.46494
G1 X159.811 Y50.834 E3.56652
G1 X159.267 Y50.813 E3.5927
G1 X158.826 Y50.786 E3.61395
G1 X158.502 Y50.639 E3.63106
G1 X157.982 Y50.834 E3.65777
G1 X155.885 Y50.834 E3.75863
G1 X155.34 Y50.813 E3.78486
G1 X154.9 Y50.786 E3.80606
G1 X154.576 Y50.639 E3.82317
G1 X154.056 Y50.834 E3.84988
G1 X151.959 Y50.834 E3.95074
G1 X151.59 Y50.76 E3.96884
G1 X151.274 Y50.619 E3.98548
G1 X150.664 Y50.05 E4.0256
G1 X150.261 Y49.595 E4.05483
G1 X150.184 Y49.967 E4.0731
G1 X150.103 Y50.16 E4.08317
G1 X149.894 Y50.471 E4.10119
G1 X149.583 Y50.679 E4.11919
G1 X149.144 Y50.826 E4.14146
G1 X148.85 Y50.82 E4.1556
G1 X148.451 Y50.679 E4.17595
G1 X148.118 Y50.449 E4.19542
G1 X147.931 Y50.16 E4.21198
G1 X147.782 Y49.711 E4.23473
G1 X147.775 Y47.562 E4.33809
G1 X147.19 Y47.543 E4.36624
G1 X146.833 Y47.434 E4.38419
G1 X146.477 Y47.142 E4.40634
G1 X146.261 Y46.858 E4.4235
G1 X146.163 Y46.51 E4.44089
G1 X146.156 Y46.143 E4.45854
G1 X146.31 Y45.716 E4.48037
G1 X146.421 Y45.535 E4.49058
G1 X146.588 Y45.366 E4.50201
G1 X147.006 Y45.153 E4.52457
G1 X147.378 Y45.078 E4.54282
G1 X150.656 Y45.078 E4.70048
G1 X151.08 Y45.105 E4.72091
G1 X151.304 Y45.078 E4.73176
G1 X154.583 Y45.078 E4.88947
G1 X154.954 Y45.153 E4.90767
G1 X155.233 Y45.277 E4.92235
G1 X155.757 Y45.078 E4.94931
G1 X157.855 Y45.078 E5.05022
G1 X158.245 Y45.114 E5.06906
G1 X158.506 Y45.078 E5.08173
G1 X158.796 Y45.132 E5.09592
G1 X158.76 Y45.511 F7800
G1 F1500
G1 X158.815 Y45.521 E5.09861
G1 X159.146 Y45.778 E5.11877
G1 X159.399 Y45.587 E5.13402
G1 X159.735 Y45.464 E5.15123
G1 X161.781 Y45.464 E5.24964
G1 X162.06 Y45.512 E5.26326
G1 X162.119 Y45.545 E5.26651
G1 X162.432 Y45.463 E5.28207
G1 X162.798 Y45.514 E5.29984
G1 X163.193 Y45.485 E5.31889
G1 X163.463 Y45.552 E5.33227
G1 X163.824 Y45.882 E5.35579
G1 X164.723 Y47.678 E5.45239
G1 X165.584 Y45.955 E5.54503
G1 X165.77 Y45.697 E5.56033
G1 X166.14 Y45.506 E5.58036
G1 X166.359 Y45.463 E5.59109
G1 X166.709 Y45.538 E5.60831
G1 X167.025 Y45.805 E5.62821
G1 X167.194 Y46.261 E5.6516
G1 X168.177 Y45.606 E5.70841
G1 X168.549 Y45.472 E5.72743
G1 X168.749 Y45.472 E5.73705
G1 X169.197 Y45.664 E5.76049
G1 X169.379 Y45.9 E5.77482
G1 X169.494 Y46.202 E5.79036
G1 X169.505 Y48.736 E5.91224
G1 X169.857 Y48.781 E5.92931
G1 X170.252 Y49.003 E5.9511
G1 X170.443 Y49.371 E5.97104
G1 X170.482 Y49.668 E5.98545
G1 X170.362 Y50.01 E6.00288
G1 X170.203 Y50.228 E6.01586
G1 X169.857 Y50.403 E6.03451
G1 X169.634 Y50.448 E6.04545
G1 X167.664 Y50.448 E6.1402
G1 X167.441 Y50.403 E6.15114
G1 X167.081 Y50.216 E6.17065
G1 X166.935 Y50.008 E6.18287
G1 X166.855 Y49.813 E6.19301
G1 X166.855 Y49.371 E6.21427
G1 X166.953 Y49.137 E6.22647
G1 X167.253 Y48.859 E6.24614
G1 X167.664 Y48.736 E6.26677
G1 X167.793 Y48.736 E6.27297
G1 X167.793 Y47.809 E6.31756
G1 X167.41 Y47.79 E6.336
G1 X167.152 Y47.64 E6.35035
G1 X167.001 Y47.49 E6.36059
G1 X166.879 Y47.193 E6.37603
G1 X165.497 Y49.958 E6.5247
G1 X165.238 Y50.258 E6.54376
G1 X165.075 Y50.373 E6.55335
G1 X164.829 Y50.427 E6.56546
G1 X164.489 Y50.413 E6.58183
G1 X164.306 Y50.337 E6.59136
G1 X164.056 Y50.107 E6.6077
G1 X163.802 Y49.664 E6.63226
G1 X163.288 Y48.637 E6.6875
G1 X163.288 Y48.941 E6.70212
G1 X163.165 Y49.353 E6.7228
G1 X163.04 Y49.541 E6.73366
G1 X162.381 Y50.2 E6.77848
G1 X162.193 Y50.325 E6.78934
G1 X161.857 Y50.448 E6.80655
G1 X159.811 Y50.448 E6.90496
G1 X159.445 Y50.399 E6.92272
G1 X159.054 Y50.427 E6.94157
G1 X158.772 Y50.354 E6.95558
G1 X158.52 Y50.134 E6.97167
G1 X158.267 Y50.325 E6.98692
G1 X157.931 Y50.448 E7.00413
G1 X155.885 Y50.448 E7.10254
G1 X155.518 Y50.399 E7.12035
G1 X155.127 Y50.427 E7.1392
G1 X154.846 Y50.354 E7.15316
G1 X154.594 Y50.134 E7.16925
G1 X154.34 Y50.325 E7.18454
G1 X154.004 Y50.448 E7.20175
G1 X151.959 Y50.448 E7.30011
G1 X151.737 Y50.404 E7.311
G1 X151.472 Y50.287 E7.32493
G1 X150.936 Y49.777 E7.36051
G1 X150.601 Y49.409 E7.38444
;WIDTH:0.484209
G1 X150.537 Y49.288 E7.39161
;WIDTH:0.518418
G1 X150.473 Y49.167 E7.39936
;WIDTH:0.552628
G1 X150.409 Y49.046 E7.4077
;WIDTH:0.600886
G1 X150.425 Y48.687 E7.43175
;WIDTH:0.609312
G1 X150.526 Y48.447 E7.44945
G1 X150.468 Y48.257 E7.46295
;WIDTH:0.581129
G1 X150.409 Y48.068 E7.47571
;WIDTH:0.552947
G1 X150.403 Y47.465 E7.51246
;WIDTH:0.546373
G1 X150.403 Y47.224 E7.52695
G1 X149.921 Y47.224 E7.55593
G1 X149.921 Y47.959 E7.60012
;WIDTH:0.573629
G1 X149.935 Y48.276 E7.62027
;WIDTH:0.600886
G1 X149.948 Y48.593 E7.6415
G1 X149.924 Y48.935 E7.66444
;WIDTH:0.55235
G1 X149.9 Y49.277 E7.68531
;WIDTH:0.503814
G1 X149.864 Y49.548 E7.70029
;WIDTH:0.476907
G1 X149.828 Y49.818 E7.71431
;WIDTH:0.45
G1 X149.622 Y50.198 E7.7351
G1 X149.435 Y50.323 E7.74592
G1 X149.093 Y50.444 E7.76337
G1 X148.796 Y50.405 E7.77778
G1 X148.488 Y50.262 E7.79411
G1 X148.332 Y50.099 E7.80496
G1 X148.165 Y49.664 E7.82737
G1 X148.161 Y47.176 E7.94703
G1 X147.378 Y47.176 E7.98469
G1 X147.01 Y47.091 E8.00286
G1 X146.672 Y46.787 E8.02472
G1 X146.558 Y46.549 E8.03741
G1 X146.538 Y46.199 E8.05427
G1 X146.66 Y45.879 E8.07074
G1 X146.726 Y45.77 E8.07687
G1 X146.961 Y45.59 E8.09111
G1 X147.301 Y45.464 E8.10855
G1 X150.656 Y45.464 E8.26991
G1 X150.98 Y45.551 E8.28605
G1 X151.304 Y45.464 E8.30219
G1 X154.583 Y45.464 E8.4599
G1 X154.806 Y45.509 E8.47084
G1 X155.069 Y45.625 E8.48467
G1 X155.224 Y45.773 E8.49498
G1 X155.473 Y45.587 E8.50993
G1 X155.809 Y45.464 E8.52714
G1 X157.855 Y45.464 E8.62555
G1 X158.134 Y45.512 E8.63917
G1 X158.193 Y45.545 E8.64242
G1 X158.506 Y45.463 E8.65798
G1 X158.701 Y45.5 E8.66753
G1 X158.665 Y45.89 F7800
;TYPE:External perimeter
G1 F1500
G1 X158.724 Y45.906 E8.67047
G1 X158.899 Y46.077 E8.68224
;WIDTH:0.450251
G1 X158.956 Y46.214 E8.68938
;WIDTH:0.453528
G1 X158.957 Y46.426 E8.69967
;WIDTH:0.455687
G1 X158.911 Y46.555 E8.70635
G1 X159.392 Y46.077 E8.73945
;WIDTH:0.45
G1 X159.547 Y45.943 E8.7493
G1 X159.811 Y45.85 E8.76276
G1 X161.781 Y45.85 E8.85751
G1 X162.011 Y45.917 E8.86903
G1 X162.103 Y45.984 E8.8745
G1 X162.432 Y45.849 E8.8916
G1 X162.599 Y45.88 E8.89977
G1 X162.669 Y45.933 E8.90399
;WIDTH:0.446726
G1 X162.765 Y46.146 E8.91513
;WIDTH:0.44697
G1 X162.85 Y45.932 E8.92612
;WIDTH:0.45
G1 X162.98 Y45.87 E8.93305
G1 X163.283 Y45.892 E8.94766
G1 X163.516 Y46.128 E8.96361
G1 X164.723 Y48.54 E9.09333
G1 X165.929 Y46.128 E9.22303
G1 X166.09 Y45.943 E9.23483
G1 X166.396 Y45.853 E9.25017
G1 X166.601 Y45.927 E9.26065
G1 X166.752 Y46.077 E9.27089
;WIDTH:0.450466
G1 X166.809 Y46.269 E9.28053
;WIDTH:0.484949
G1 X166.814 Y46.397 E9.28725
;WIDTH:0.519433
G1 X166.82 Y46.526 E9.29458
G1 X166.59 Y46.946 E9.32176
;WIDTH:0.484716
G1 X166.361 Y47.365 E9.34679
;WIDTH:0.45
G1 X165.152 Y49.785 E9.4769
G1 X164.911 Y50.024 E9.49322
G1 X164.574 Y50.037 E9.50944
G1 X164.329 Y49.834 E9.52474
G1 X163.905 Y49.014 E9.56914
G1 X162.901 Y46.968 E9.67876
;WIDTH:0.42198
G1 X162.888 Y46.941 E9.6801
;WIDTH:0.45
G1 X162.903 Y48.941 E9.7763
G1 X162.767 Y49.268 E9.79333
G1 X162.108 Y49.927 E9.83815
G1 X161.781 Y50.062 E9.85517
G1 X159.811 Y50.062 E9.94992
G1 X159.582 Y49.995 E9.9614
G1 X159.487 Y49.913 E9.96744
G1 X159.281 Y50.041 E9.9791
G1 X158.96 Y50.017 E9.99458
G1 X158.767 Y49.835 E10.00734
;WIDTH:0.450769
G1 X158.71 Y49.698 E10.01449
;WIDTH:0.458167
G1 X158.742 Y49.372 E10.03058
G1 X158.274 Y49.835 E10.06291
;WIDTH:0.45
G1 X158.119 Y49.969 E10.07276
G1 X157.855 Y50.062 E10.08622
G1 X155.885 Y50.062 E10.18097
G1 X155.655 Y49.995 E10.19249
G1 X155.561 Y49.913 E10.19849
G1 X155.355 Y50.041 E10.21015
G1 X155.033 Y50.017 E10.22568
G1 X154.84 Y49.835 E10.23844
;WIDTH:0.45077
G1 X154.784 Y49.698 E10.24557
;WIDTH:0.458175
G1 X154.816 Y49.372 E10.26166
G1 X154.347 Y49.835 E10.29403
;WIDTH:0.45
G1 X154.193 Y49.969 E10.30385
G1 X153.928 Y50.062 E10.31736
G1 X151.959 Y50.062 E10.41206
G1 X151.631 Y49.927 E10.42912
G1 X150.971 Y49.267 E10.47401
G1 X150.836 Y48.938 E10.49111
G1 X150.954 Y48.629 E10.50702
;WIDTH:0.484724
G1 X151.227 Y48.465 E10.52372
;WIDTH:0.491801
G1 X151.287 Y48.447 E10.52706
G1 X151.034 Y48.335 E10.54181
;WIDTH:0.460516
G1 X150.906 Y48.163 E10.5524
;WIDTH:0.45
G1 X150.837 Y47.959 E10.56276
G1 X150.837 Y46.731 E10.62182
G1 X150.656 Y46.79 E10.63098
G1 X149.487 Y46.79 E10.6872
G1 X149.487 Y49.595 E10.82211
G1 X149.35 Y49.925 E10.8393
G1 X149.017 Y50.063 E10.85664
G1 X148.71 Y49.947 E10.87242
G1 X148.553 Y49.646 E10.88875
G1 X148.547 Y46.79 E11.02611
G1 X147.378 Y46.79 E11.08233
G1 X147.145 Y46.72 E11.09403
G1 X146.935 Y46.466 E11.10988
G1 X146.936 Y46.201 E11.12263
G1 X147.032 Y46.006 E11.13308
G1 X147.35 Y45.85 E11.15012
G1 X150.656 Y45.85 E11.30913
G1 X150.924 Y45.945 E11.32281
G1 X150.98 Y46.002 E11.32665
G1 X151.257 Y45.85 E11.34185
G1 X154.583 Y45.85 E11.50182
G1 X154.912 Y45.986 E11.51894
G1 X155.036 Y46.246 E11.53279
G1 X155.034 Y46.393 E11.53986
;WIDTH:0.445648
G1 X154.958 Y46.594 E11.55008
;WIDTH:0.45
G1 X155.62 Y45.943 E11.59474
G1 X155.885 Y45.85 E11.60825
G1 X157.855 Y45.85 E11.703
G1 X158.084 Y45.917 E11.71448
G1 X158.177 Y45.984 E11.71999
G1 X158.506 Y45.849 E11.73709
G1 X158.607 Y45.875 E11.74211
G1 X158.907 Y46.139 F7800
G1 E9.74211 F2400
G92 E0
G1 X154.907 Y48.961 F7800
G1 E2 F2400
;WIDTH:0.428327
G1 F1200
G1 X154.907 Y49.26 E2.01357
;WIDTH:0.458175
G1 X154.816 Y49.372 E2.02066
G1 E.02066 F2400
G92 E0
G1 X158.742 Y49.372 F7800
G1 E2 F2400
;WIDTH:0.458167
G1 F1200
G1 X158.833 Y49.274 E2.00657
G1 E.00657 F2400
G92 E0
G1 X158.833 Y46.638 F7800
G1 E2 F2400
;WIDTH:0.455687
G1 F1200
G1 X158.911 Y46.555 E2.00556
G1 E.00556 F2400
G92 E0
G1 X162.879 Y46.921 F7800
G1 E2 F2400
;WIDTH:0.417707
G1 F1200
G1 X162.738 Y46.639 E2.01389
;WIDTH:0.417037
G1 X162.76 Y46.214 E2.03261
G1 E.03261 F2400
G92 E0
G1 X169.961 Y49.917 F7800
G1 E2 F2400
;WIDTH:0.45
G1 F1200
G1 X169.953 Y49.935 E2.00095
G1 X169.634 Y50.062 E2.01746
G1 X167.664 Y50.062 E2.11221
G1 X167.396 Y49.967 E2.12589
G1 X167.291 Y49.86 E2.1331
G1 X167.211 Y49.666 E2.14319
G1 X167.211 Y49.518 E2.15031
G1 X167.298 Y49.309 E2.1612
G1 X167.401 Y49.215 E2.16791
G1 X167.664 Y49.122 E2.18133
G1 X168.179 Y49.122 E2.2061
G1 X168.179 Y47.199 E2.29859
G1 X167.873 Y47.393 E2.31602
G1 X167.631 Y47.442 E2.3279
G1 X167.425 Y47.368 E2.33843
G1 X167.274 Y47.217 E2.3487
;WIDTH:0.45779
G1 X167.214 Y47.081 E2.35599
;WIDTH:0.488171
G1 X167.211 Y46.923 E2.36434
;WIDTH:0.518553
G1 X167.208 Y46.765 E2.37329
G1 X167.328 Y46.66 E2.38232
;WIDTH:0.484276
G1 X167.449 Y46.555 E2.39071
;WIDTH:0.45
G1 X168.391 Y45.927 E2.44516
G1 X168.682 Y45.852 E2.45961
G1 X168.996 Y46.002 E2.47635
G1 X169.119 Y46.317 E2.49261
G1 X169.119 Y49.122 E2.62752
G1 X169.634 Y49.122 E2.65229
G1 X169.902 Y49.217 E2.66597
G1 X170.005 Y49.321 E2.67301
G1 X170.099 Y49.625 E2.68831
G1 X169.987 Y49.863 E2.70096
G1 X169.631 Y50.045 F7800
G1 E.70096 F2400
G92 E0
G1 X97.056 Y47.009 F7800
G1 E2 F2400
;WIDTH:0.404381
G1 F1200
G1 X97.047 Y47.737 E2.03087
G1 X96.968 Y47.949 E2.04046
G1 E.04046 F2400
G92 E0
G1 X85.855 Y48.803 F7800
G1 E2 F2400
;TYPE:Perimeter
;WIDTH:0.54637
G1 F1200
G1 X85.855 Y47.763 E2.06252
G1 X86.141 Y47.868 E2.08084
G1 X86.337 Y47.858 E2.09264
G1 X86.337 Y48.688 E2.14254
G1 X86.14 Y48.699 E2.1544
G1 X85.911 Y48.782 E2.16904
G1 E.16904 F2400
G92 E0
G1 X93.743 Y45.168 F7800
G1 E2 F2400
;WIDTH:0.45
G1 F1500
G1 X93.981 Y45.078 E2.01224
G1 X96.078 Y45.078 E2.1131
G1 X96.452 Y45.154 E2.13146
G1 X96.73 Y45.277 E2.14608
G1 X97.252 Y45.078 E2.17295
G1 X100.659 Y45.078 E2.33681
G1 X101.031 Y45.153 E2.35506
G1 X101.31 Y45.277 E2.36974
G1 X101.833 Y45.078 E2.39665
G1 X103.931 Y45.078 E2.49756
G1 X104.322 Y45.114 E2.51645
G1 X104.582 Y45.078 E2.52907
G1 X104.877 Y45.117 E2.54338
G1 X105.153 Y45.218 E2.55752
G1 X105.521 Y45.532 E2.58079
G1 X105.72 Y45.82 E2.59763
G1 X105.796 Y46.094 E2.61131
G1 X105.793 Y46.566 E2.63401
G1 X105.77 Y46.664 E2.63885
G1 X105.824 Y46.971 E2.65384
G1 X105.824 Y48.941 E2.74859
G1 X105.751 Y49.31 E2.76668
G1 X105.533 Y49.734 E2.78961
G1 X104.804 Y50.472 E2.8395
G1 X104.491 Y50.681 E2.8576
G1 X104.056 Y50.834 E2.87978
G1 X101.962 Y50.834 E2.98049
G1 X100.922 Y50.771 E3.0306
G1 X100.606 Y50.605 E3.04777
G1 X100.278 Y50.271 E3.07029
G1 X100.143 Y50.015 E3.08421
G1 X100.089 Y49.609 E3.10391
G1 X100.087 Y49.108 E3.12801
G1 X99.768 Y49.193 E3.14389
G1 X98.626 Y49.198 E3.19882
G1 X98.604 Y49.798 E3.2277
G1 X98.385 Y50.32 E3.25493
G1 X98.154 Y50.564 E3.27109
G1 X97.753 Y50.761 E3.29258
G1 X97.384 Y50.834 E3.31067
G1 X97.014 Y50.76 E3.32882
G1 X96.73 Y50.635 E3.34374
G1 X96.207 Y50.834 E3.37065
G1 X94.109 Y50.834 E3.47156
G1 X93.74 Y50.76 E3.48966
G1 X93.431 Y50.622 E3.50594
G1 X93.13 Y50.366 E3.52494
G1 X92.83 Y50.622 E3.54391
G1 X92.281 Y50.834 E3.57222
G1 X90.182 Y50.834 E3.67317
G1 X89.638 Y50.813 E3.69935
G1 X89.197 Y50.786 E3.7206
G1 X88.873 Y50.639 E3.73771
G1 X88.354 Y50.834 E3.76438
G1 X86.256 Y50.834 E3.86529
G1 X85.884 Y50.759 E3.88354
G1 X85.573 Y50.62 E3.89992
G1 X85.382 Y50.472 E3.91154
G1 X85.298 Y50.346 E3.91882
G1 X84.981 Y50.62 E3.93897
G1 X84.428 Y50.834 E3.96749
G1 X82.33 Y50.834 E4.0684
G1 X81.785 Y50.813 E4.09463
G1 X81.345 Y50.786 E4.11583
G1 X81.02 Y50.639 E4.13299
G1 X80.501 Y50.834 E4.15966
G1 X78.403 Y50.834 E4.26057
G1 X78.034 Y50.76 E4.27867
G1 X77.843 Y50.681 E4.28861
G1 X77.531 Y50.472 E4.30667
G1 X76.872 Y49.813 E4.35149
G1 X76.662 Y49.498 E4.3697
G1 X76.524 Y49.104 E4.38978
G1 X76.51 Y48.938 E4.39779
G1 X76.585 Y48.564 E4.41614
G1 X76.633 Y48.447 E4.42222
G1 X76.51 Y48.083 E4.4407
G1 X76.51 Y46.317 E4.52564
G1 X76.585 Y45.945 E4.54389
G1 X76.666 Y45.752 E4.55396
G1 X76.896 Y45.42 E4.57339
G1 X77.377 Y45.153 E4.59985
G1 X77.749 Y45.078 E4.6181
G1 X81.027 Y45.078 E4.77576
G1 X81.399 Y45.153 E4.79401
G1 X81.678 Y45.277 E4.80869
G1 X82.201 Y45.078 E4.8356
G1 X84.299 Y45.078 E4.93651
G1 X84.69 Y45.114 E4.9554
G1 X84.95 Y45.078 E4.96802
G1 X85.374 Y45.153 E4.98873
G1 X85.61 Y45.274 E5.00149
G1 X85.889 Y45.532 E5.01977
G1 X85.953 Y45.686 E5.02779
G1 X86.555 Y45.285 E5.06258
G1 X86.964 Y45.118 E5.08383
G1 X87.241 Y45.078 E5.09729
G1 X87.61 Y45.151 E5.11538
G1 X87.93 Y45.295 E5.13226
G1 X88.118 Y45.441 E5.14371
G1 X88.327 Y45.752 E5.16173
G1 X88.444 Y46.046 E5.17695
G1 X88.485 Y46.317 E5.19013
G1 X88.887 Y45.862 E5.21933
G1 X89.31 Y45.44 E5.24807
G1 X89.623 Y45.231 E5.26617
G1 X90.057 Y45.078 E5.2883
G1 X92.152 Y45.078 E5.38906
G1 X92.543 Y45.114 E5.40795
G1 X92.803 Y45.078 E5.42057
G1 X93.248 Y45.16 E5.44233
G1 X93.461 Y45.273 E5.45393
G1 X93.687 Y45.189 E5.46553
G1 E3.46553 F2400
G92 E0
G1 X98.202 Y47.138 F7800
G1 E2 F2400
;WIDTH:0.373963
G1 F1200
G1 X99.678 Y47.138 E2.05699
G1 X100.493 Y47.956 F7800
;WIDTH:0.373333
G1 F1200
G1 X100.448 Y47.751 E2.06508
;WIDTH:0.365735
G1 X100.248 Y47.382 E2.08086
;WIDTH:0.359258
G1 X100.077 Y47.267 E2.08844
;WIDTH:0.373963
G1 X99.678 Y47.138 E2.10463
G1 X99.894 Y47.134 E2.11297
;WIDTH:0.365957
G1 X100.5 Y47.131 E2.13576
;WIDTH:0.359258
G1 X100.5 Y47.278 E2.14117
;WIDTH:0.373333
G1 X100.493 Y47.896 E2.16499
G1 X100.489 Y48.05 F7800
;WIDTH:0.381517
G1 F1200
G1 X100.493 Y47.956 E2.16871
G1 E.16871 F2400
G92 E0
G1 X93.443 Y45.778 F7800
G1 E2 F2400
;WIDTH:0.45
G1 F1500
G1 X93.697 Y45.587 E2.01529
G1 X94.033 Y45.464 E2.0325
G1 X96.078 Y45.464 E2.13086
G1 X96.304 Y45.51 E2.14195
G1 X96.564 Y45.624 E2.1556
G1 X96.739 Y45.773 E2.16665
G1 X96.894 Y45.625 E2.17696
G1 X97.303 Y45.464 E2.1981
G1 X100.659 Y45.464 E2.35951
G1 X100.882 Y45.509 E2.37045
G1 X101.146 Y45.625 E2.38432
G1 X101.301 Y45.773 E2.39463
G1 X101.549 Y45.587 E2.40954
G1 X101.885 Y45.464 E2.42675
G1 X103.931 Y45.464 E2.52516
G1 X104.212 Y45.513 E2.53888
G1 X104.27 Y45.545 E2.54207
G1 X104.582 Y45.463 E2.55759
G1 X104.967 Y45.556 E2.57664
G1 X105.319 Y45.89 E2.59998
G1 X105.413 Y46.142 E2.61292
G1 X105.389 Y46.607 E2.63531
G1 X105.358 Y46.662 E2.63835
G1 X105.438 Y46.971 E2.6537
G1 X105.438 Y48.941 E2.74845
G1 X105.394 Y49.162 E2.75929
G1 X105.232 Y49.493 E2.77701
G1 X104.531 Y50.2 E2.8249
G1 X104.343 Y50.325 E2.83576
G1 X104.007 Y50.448 E2.85297
G1 X101.962 Y50.448 E2.95133
G1 X101.595 Y50.399 E2.96914
G1 X101.204 Y50.427 E2.98799
G1 X100.887 Y50.333 E3.00389
G1 X100.588 Y50.042 E3.02396
G1 X100.482 Y49.786 E3.03729
G1 X100.489 Y49.359 E3.05783
G1 X100.535 Y49.25 E3.06352
G1 X100.454 Y48.926 E3.07958
G1 X100.46 Y48.384 E3.10565
;WIDTH:0.439585
G1 X100.465 Y48.168 E3.11576
G1 X100.401 Y48.372 E3.12577
;WIDTH:0.45
G1 X100.081 Y48.692 E3.14754
G1 X99.732 Y48.809 E3.16524
G1 X98.24 Y48.812 E3.237
G1 X98.24 Y49.595 E3.27466
G1 X98.195 Y49.818 E3.2856
G1 X98.01 Y50.176 E3.30498
G1 X97.802 Y50.323 E3.31723
G1 X97.438 Y50.446 E3.33571
G1 X97.161 Y50.404 E3.34919
G1 X96.895 Y50.288 E3.36315
G1 X96.739 Y50.139 E3.37353
G1 X96.491 Y50.325 E3.38844
G1 X96.155 Y50.448 E3.40565
G1 X94.109 Y50.448 E3.50406
G1 X93.697 Y50.325 E3.52474
G1 X93.509 Y50.2 E3.5356
G1 X93.13 Y49.821 E3.56138
G1 X92.752 Y50.2 E3.58713
G1 X92.564 Y50.325 E3.59799
G1 X92.228 Y50.448 E3.6152
G1 X90.182 Y50.448 E3.71361
G1 X89.816 Y50.399 E3.73137
G1 X89.425 Y50.427 E3.75022
G1 X89.14 Y50.352 E3.76439
G1 X88.884 Y50.126 E3.78081
G1 X88.698 Y50.295 E3.7929
G1 X88.303 Y50.448 E3.81327
G1 X86.256 Y50.448 E3.91172
G1 X86.033 Y50.403 E3.92266
G1 X85.769 Y50.287 E3.93653
G1 X85.654 Y50.199 E3.94349
G1 X85.447 Y49.813 E3.96456
G1 X85.434 Y49.665 E3.97171
G1 X84.899 Y50.2 E4.0081
G1 X84.711 Y50.325 E4.01896
G1 X84.375 Y50.448 E4.03617
G1 X82.33 Y50.448 E4.13453
G1 X81.963 Y50.399 E4.15234
G1 X81.572 Y50.427 E4.17119
G1 X81.29 Y50.354 E4.1852
G1 X81.039 Y50.134 E4.20125
G1 X80.785 Y50.325 E4.21654
G1 X80.449 Y50.448 E4.23375
G1 X78.403 Y50.448 E4.33216
G1 X78.182 Y50.404 E4.343
G1 X77.803 Y50.2 E4.3637
G1 X77.144 Y49.541 E4.40852
G1 X76.939 Y49.157 E4.42946
G1 X76.895 Y48.938 E4.4402
G1 X76.941 Y48.711 E4.45134
G1 X77.061 Y48.447 E4.46529
G1 X76.896 Y48.038 E4.4865
G1 X76.896 Y46.317 E4.56927
G1 X77.022 Y45.9 E4.59022
G1 X77.16 Y45.701 E4.60187
G1 X77.526 Y45.509 E4.62175
G1 X77.749 Y45.464 E4.63269
G1 X81.027 Y45.464 E4.79035
G1 X81.25 Y45.509 E4.80129
G1 X81.514 Y45.625 E4.81516
G1 X81.669 Y45.773 E4.82547
G1 X81.917 Y45.587 E4.84038
G1 X82.253 Y45.464 E4.85759
G1 X84.299 Y45.464 E4.956
G1 X84.578 Y45.512 E4.96962
G1 X84.637 Y45.545 E4.97287
G1 X84.95 Y45.463 E4.98843
G1 X85.3 Y45.538 E5.00565
G1 X85.616 Y45.805 E5.02555
;WIDTH:0.450757
G1 X85.787 Y46.259 E5.04893
G1 X86.36 Y45.878 E5.08209
;WIDTH:0.45
G1 X86.859 Y45.557 E5.11063
G1 X87.241 Y45.463 E5.12955
G1 X87.462 Y45.507 E5.14039
G1 X87.733 Y45.626 E5.15463
G1 X87.846 Y45.714 E5.16152
G1 X88.052 Y46.094 E5.18231
G1 X88.097 Y46.419 E5.19809
;WIDTH:0.498187
G1 X88.121 Y46.695 E5.21308
;WIDTH:0.546374
G1 X88.145 Y46.971 E5.22973
G1 X88.145 Y48.688 E5.33295
G1 X88.467 Y48.736 E5.35252
G1 X88.627 Y48.803 E5.36295
G1 X88.627 Y46.971 E5.47308
G1 X88.726 Y46.737 E5.48835
;WIDTH:0.498187
G1 X88.825 Y46.503 E5.5021
;WIDTH:0.45
G1 X89.583 Y45.712 E5.55479
G1 X89.77 Y45.587 E5.56561
G1 X90.106 Y45.464 E5.58282
G1 X92.152 Y45.464 E5.68123
G1 X92.433 Y45.513 E5.69495
G1 X92.49 Y45.545 E5.69809
G1 X92.803 Y45.463 E5.71365
G1 X93.113 Y45.521 E5.72882
G1 X93.396 Y45.742 E5.74609
G1 E3.74609 F2400
G92 E0
G1 X93.13 Y49.276 F7800
G1 E2 F2400
;TYPE:External perimeter
G1 F1500
G1 X92.479 Y49.927 E2.04428
G1 X92.152 Y50.062 E2.0613
G1 X90.182 Y50.062 E2.15605
G1 X89.953 Y49.995 E2.16753
G1 X89.858 Y49.913 E2.17357
G1 X89.652 Y50.041 E2.18523
G1 X89.33 Y50.017 E2.20076
;WIDTH:0.450842
G1 X89.115 Y49.808 E2.21521
;WIDTH:0.493833
G1 X89.093 Y49.586 E2.22716
;WIDTH:0.536824
G1 X89.071 Y49.365 E2.24025
G1 X89.147 Y49.271 E2.24737
;WIDTH:0.542177
G1 X89.033 Y49.032 E2.26315
G1 X89.047 Y48.747 E2.28015
;WIDTH:0.496088
G1 X89.061 Y48.462 E2.29551
;WIDTH:0.45
G1 X89.061 Y46.971 E2.36722
G1 X89.196 Y46.644 E2.38424
G1 X89.855 Y45.985 E2.42906
G1 X90.182 Y45.85 E2.44608
G1 X92.152 Y45.85 E2.54083
G1 X92.382 Y45.918 E2.55237
G1 X92.473 Y45.985 E2.55781
G1 X92.803 Y45.849 E2.57498
G1 X93.021 Y45.906 E2.58582
G1 X93.197 Y46.077 E2.59762
;WIDTH:0.450251
G1 X93.253 Y46.214 E2.60474
;WIDTH:0.45353
G1 X93.255 Y46.426 E2.61503
;WIDTH:0.455691
G1 X93.208 Y46.555 E2.62173
G1 X93.69 Y46.077 E2.65486
;WIDTH:0.45
G1 X93.844 Y45.943 E2.66468
G1 X94.109 Y45.85 E2.67819
G1 X96.078 Y45.85 E2.77289
G1 X96.406 Y45.985 E2.78995
G1 X96.914 Y46.493 E2.8245
G1 X96.929 Y46.243 E2.83655
G1 X97.051 Y45.986 E2.85023
G1 X97.381 Y45.85 E2.8674
G1 X100.659 Y45.85 E3.02506
G1 X100.989 Y45.986 E3.04223
G1 X101.112 Y46.246 E3.05606
G1 X101.11 Y46.393 E3.06313
;WIDTH:0.445648
G1 X101.034 Y46.594 E3.07335
;WIDTH:0.45
G1 X101.697 Y45.943 E3.11804
G1 X101.962 Y45.85 E3.13155
G1 X103.931 Y45.85 E3.22625
G1 X104.162 Y45.918 E3.23783
G1 X104.252 Y45.985 E3.24323
G1 X104.582 Y45.849 E3.2604
G1 X104.782 Y45.894 E3.27026
G1 X105.015 Y46.135 E3.28638
G1 X105.023 Y46.487 E3.30331
G1 X104.917 Y46.644 E3.31242
G1 X105.053 Y46.971 E3.32945
G1 X105.053 Y48.943 E3.4243
G1 X104.917 Y49.268 E3.44124
G1 X104.258 Y49.927 E3.48606
G1 X103.931 Y50.062 E3.50308
G1 X101.962 Y50.062 E3.59778
G1 X101.732 Y49.995 E3.6093
G1 X101.638 Y49.913 E3.6153
G1 X101.431 Y50.041 E3.62701
G1 X101.098 Y50.01 E3.6431
G1 X100.871 Y49.762 E3.65927
G1 X100.87 Y49.425 E3.67548
G1 X100.976 Y49.268 E3.68459
G1 X100.84 Y48.941 E3.70162
G1 X100.84 Y46.971 E3.79637
G1 X100.921 Y46.691 E3.81039
G1 X100.659 Y46.79 E3.82386
G1 X97.854 Y46.79 E3.95877
G1 X97.854 Y47.486 E3.99225
G1 X99.678 Y47.486 E4.07998
G1 X100.007 Y47.623 E4.09712
G1 X100.145 Y47.956 E4.11446
G1 X100.049 Y48.227 E4.12829
G1 X99.932 Y48.336 E4.13598
G1 X99.678 Y48.426 E4.14894
G1 X97.854 Y48.426 E4.23667
G1 X97.854 Y49.595 E4.29289
G1 X97.724 Y49.918 E4.30964
G1 X97.402 Y50.062 E4.32661
G1 X97.09 Y49.955 E4.34247
G1 X97.009 Y49.863 E4.34837
G1 X96.914 Y49.595 E4.36205
G1 X96.914 Y49.419 E4.37051
G1 X96.406 Y49.927 E4.40506
G1 X96.078 Y50.062 E4.42212
G1 X94.109 Y50.062 E4.51682
G1 X93.782 Y49.927 E4.53384
G1 X93.173 Y49.318 E4.57526
G1 X92.851 Y49.556 F7800
G1 E2.57526 F2400
G92 E0
G1 X93.13 Y46.638 F7800
G1 E2 F2400
;WIDTH:0.455691
G1 F1200
G1 X93.208 Y46.555 E2.00556
G1 E.00556 F2400
G92 E0
G1 X85.924 Y49.919 F7800
G1 E2 F2400
;WIDTH:0.483027
G1 F1200
G1 X85.844 Y49.733 E2.01057
;WIDTH:0.516054
G1 X85.761 Y49.542 E2.0223
;WIDTH:0.542171
G1 X85.866 Y49.259 E2.04029
G1 X86.061 Y49.191 E2.0526
;WIDTH:0.496085
G1 X86.256 Y49.122 E2.06374
;WIDTH:0.45
G1 X86.77 Y49.122 E2.08846
G1 X86.77 Y47.199 E2.18095
G1 X86.465 Y47.393 E2.19834
G1 X86.224 Y47.442 E2.21017
G1 X85.987 Y47.348 E2.22243
;WIDTH:0.450414
G1 X85.823 Y47.132 E2.23549
;WIDTH:0.468544
G1 X85.802 Y46.841 E2.2502
;WIDTH:0.497443
G1 X85.813 Y46.781 E2.25349
;WIDTH:0.526343
G1 X85.824 Y46.72 E2.25706
G1 X86.199 Y46.459 E2.28339
;WIDTH:0.488171
G1 X86.574 Y46.199 E2.30751
;WIDTH:0.45
G1 X87.013 Y45.91 E2.33279
G1 X87.274 Y45.852 E2.34565
G1 X87.574 Y45.987 E2.36147
G1 X87.711 Y46.317 E2.37866
G1 X87.711 Y49.122 E2.51357
G1 X88.226 Y49.122 E2.53834
;WIDTH:0.496088
G1 X88.421 Y49.191 E2.54948
;WIDTH:0.542177
G1 X88.616 Y49.259 E2.56179
G1 X88.655 Y49.426 E2.57201
;WIDTH:0.496662
G1 X88.694 Y49.592 E2.5812
;WIDTH:0.451148
G1 X88.581 Y49.894 E2.59675
;WIDTH:0.45
G1 X88.493 Y49.967 E2.60225
G1 X88.226 Y50.062 E2.61588
G1 X86.256 Y50.062 E2.71063
G1 X85.976 Y49.946 E2.72521
G1 X85.787 Y49.593 F7800
G1 E.72521 F2400
G92 E0
G1 X81.351 Y48.961 F7800
G1 E2 F2400
;WIDTH:0.447691
G1 F1200
G1 X81.351 Y49.274 E2.01496
;WIDTH:0.458171
G1 X81.26 Y49.372 E2.02153
G1 X81.239 Y49.592 F7800
G1 F1200
G1 X81.26 Y49.372 E2.03238
G1 X80.792 Y49.835 E2.06471
;WIDTH:0.45
G1 X80.637 Y49.969 E2.07456
G1 X80.373 Y50.062 E2.08802
G1 X78.403 Y50.062 E2.18277
G1 X78.076 Y49.927 E2.19979
G1 X77.417 Y49.268 E2.24461
G1 X77.281 Y48.938 E2.26178
G1 X77.398 Y48.629 E2.27767
;WIDTH:0.484726
G1 X77.672 Y48.465 E2.29441
;WIDTH:0.491803
G1 X77.732 Y48.447 E2.29775
G1 X77.479 Y48.335 E2.3125
;WIDTH:0.460516
G1 X77.376 Y48.225 E2.31995
;WIDTH:0.45
G1 X77.282 Y47.959 E2.33352
G1 X77.282 Y46.317 E2.41249
G1 X77.377 Y46.049 E2.42617
G1 X77.481 Y45.945 E2.43324
G1 X77.749 Y45.85 E2.44692
G1 X81.027 Y45.85 E2.60458
G1 X81.357 Y45.986 E2.62175
G1 X81.48 Y46.246 E2.63558
G1 X81.478 Y46.393 E2.64265
;WIDTH:0.445648
G1 X81.402 Y46.594 E2.65287
;WIDTH:0.45
G1 X82.065 Y45.943 E2.69756
G1 X82.33 Y45.85 E2.71107
G1 X84.299 Y45.85 E2.80577
G1 X84.529 Y45.917 E2.81729
G1 X84.621 Y45.984 E2.82276
G1 X84.95 Y45.849 E2.83986
G1 X85.168 Y45.905 E2.85069
G1 X85.344 Y46.077 E2.86253
;WIDTH:0.462493
G1 X85.406 Y46.268 E2.8725
;WIDTH:0.494418
G1 X85.416 Y46.384 E2.87874
;WIDTH:0.526343
G1 X85.426 Y46.5 E2.88545
G1 X85.323 Y46.64 E2.89546
;WIDTH:0.519238
G1 X85.37 Y46.775 E2.90357
;WIDTH:0.490377
G1 X85.417 Y46.91 E2.91117
;WIDTH:0.461516
G1 X85.421 Y47.727 E2.95164
;WIDTH:0.45
G1 X85.421 Y48.63 E2.99507
;WIDTH:0.496085
G1 X85.435 Y48.831 E3.00592
;WIDTH:0.542171
G1 X85.449 Y49.032 E3.01793
G1 X85.309 Y49.291 E3.03548
;WIDTH:0.516054
G1 X85.099 Y49.478 E3.05132
;WIDTH:0.483027
G1 X84.889 Y49.664 E3.06597
;WIDTH:0.45
G1 X84.564 Y49.969 E3.08741
G1 X84.299 Y50.062 E3.10092
G1 X82.33 Y50.062 E3.19562
G1 X82.1 Y49.995 E3.20714
G1 X82.006 Y49.913 E3.21314
G1 X81.822 Y50.038 E3.22384
G1 X81.478 Y50.017 E3.24042
G1 X81.285 Y49.835 E3.25318
;WIDTH:0.450769
G1 X81.228 Y49.698 E3.26033
;WIDTH:0.458171
G1 X81.233 Y49.652 E3.2626
G1 X81.014 Y49.317 F7800
G1 E1.2626 F2400
G92 E0
G1 X78.57 Y47.138 F7800
G1 E2 F2400
;TYPE:Perimeter
;WIDTH:0.373963
G1 F1200
G1 X80.373 Y47.138 E2.06962
;WIDTH:0.416011
G1 X80.514 Y47.159 E2.07587
;WIDTH:0.458059
G1 X80.656 Y47.18 E2.08292
;WIDTH:0.500107
G1 X80.797 Y47.201 E2.09067
G1 X81.289 Y46.691 F7800
;TYPE:External perimeter
;WIDTH:0.45
G1 F1200
G1 X81.208 Y46.971 E2.10469
G1 X81.208 Y48.15 E2.1614
G1 X80.703 Y47.624 E2.19647
G1 X80.373 Y47.486 E2.21367
G1 X78.222 Y47.486 E2.31713
G1 X78.222 Y46.79 E2.35061
G1 X81.027 Y46.79 E2.48552
G1 X81.233 Y46.712 E2.49611
G1 X81.206 Y47.111 F7800
G1 E.49611 F2400
G92 E0
G1 X80.031 Y48.774 F7800
G1 E2 F2400
;TYPE:Perimeter
;WIDTH:0.373963
G1 F1200
G1 X78.745 Y48.774 E2.04966
G1 X80.522 Y48.774 F7800
;TYPE:External perimeter
;WIDTH:0.45
G1 F1200
G1 X80.175 Y49.122 E2.0733
G1 X78.601 Y49.122 E2.149
G1 X78.499 Y49.02 E2.15594
;WIDTH:0.460215
G1 X78.021 Y48.556 E2.18883
;WIDTH:0.490165
G1 X77.752 Y48.446 E2.20426
G1 X78.155 Y48.426 E2.22569
;WIDTH:0.45
G1 X80.175 Y48.426 E2.32284
G1 X80.48 Y48.732 E2.34362
G1 X80.242 Y49.053 F7800
G1 E.34362 F2400
G92 E0
G1 X94.25 Y47.951 F7800
G1 E2 F2400
;TYPE:Perimeter
;WIDTH:0.445179
G1 F1200
G1 X94.226 Y47.992 E2.00226
G1 X94.155 Y47.951 E2.00615
G1 X94.226 Y47.909 E2.01007
G1 X94.659 Y48.271 F7800
;WIDTH:0.45
G1 F1200
G1 X94.744 Y48.475 E2.0207
G1 X95.062 Y48.731 E2.04033
G1 X94.467 Y48.736 E2.06895
G1 X94.037 Y48.308 E2.09813
G1 X93.677 Y48.124 E2.11758
G1 X93.659 Y47.797 E2.13333
G1 X93.793 Y47.763 E2.13998
G1 X94.011 Y47.604 E2.15296
;WIDTH:0.460009
G1 X94.461 Y47.181 E2.18344
G1 X95.088 Y47.181 E2.21438
G1 X94.901 Y47.287 E2.22499
G1 X94.698 Y47.498 E2.23944
G1 X94.585 Y47.85 E2.25768
;WIDTH:0.45
G1 X94.586 Y48.095 E2.26946
G1 X94.636 Y48.216 E2.27576
G1 X95.002 Y48.129 F7800
;TYPE:External perimeter
G1 F1200
G1 X95.064 Y48.261 E2.28277
G1 X95.302 Y48.411 E2.2963
G1 X96.259 Y48.65 E2.34374
G1 X96.259 Y48.743 E2.34821
G1 X95.88 Y49.122 E2.37399
G1 X94.307 Y49.122 E2.44965
G1 X93.788 Y48.603 E2.48495
G1 X93.531 Y48.481 E2.49863
G1 X93.384 Y48.481 E2.5057
G1 X93.274 Y48.527 E2.51143
G1 X93.274 Y47.39 E2.56612
G1 X93.338 Y47.42 E2.56952
G1 X93.58 Y47.425 E2.58116
G1 X93.696 Y47.372 E2.58729
G1 X94.304 Y46.79 E2.62777
G1 X95.88 Y46.79 E2.70357
G1 X96.236 Y47.146 E2.72778
G1 X96.259 Y47.262 E2.73347
G1 X95.266 Y47.512 E2.78272
G1 X95.008 Y47.735 E2.79912
G1 X94.971 Y48.062 E2.81495
G1 X94.977 Y48.075 E2.81564
G1 X95.251 Y48.366 F7800
G1 E.81564 F2400
G92 E0
G1 X153.586 Y48.774 F7800
G1 E2 F2400
;TYPE:Perimeter
;WIDTH:0.373963
G1 F1200
G1 X152.301 Y48.774 E2.04962
G1 X151.307 Y48.446 F7800
;TYPE:External perimeter
;WIDTH:0.490163
G1 F1200
G1 X151.711 Y48.426 E2.0711
;WIDTH:0.45
G1 X153.73 Y48.426 E2.16821
G1 X154.078 Y48.774 E2.19188
G1 X153.73 Y49.122 E2.21555
G1 X152.157 Y49.122 E2.29121
G1 X152.055 Y49.02 E2.29815
;WIDTH:0.460215
G1 X151.577 Y48.556 E2.33104
;WIDTH:0.490163
G1 X151.363 Y48.469 E2.34331
G1 X151.76 Y48.42 F7800
G1 X152.125 Y47.138
;TYPE:Perimeter
;WIDTH:0.373963
G1 F1200
G1 X153.928 Y47.138 E2.41293
;WIDTH:0.416011
G1 X154.07 Y47.159 E2.41923
;WIDTH:0.458059
G1 X154.211 Y47.18 E2.42623
;WIDTH:0.500107
G1 X154.353 Y47.201 E2.43403
G1 E.43403 F2400
G92 E0
G1 X151.778 Y47.486 F7800
G1 E2 F2400
;TYPE:External perimeter
;WIDTH:0.45
G1 F1200
G1 X151.778 Y46.79 E2.03348
G1 X154.583 Y46.79 E2.16839
G1 X154.894 Y46.66 E2.1846
G1 X154.763 Y46.971 E2.20083
G1 X154.763 Y48.15 E2.25754
G1 X154.258 Y47.624 E2.29261
G1 X153.928 Y47.486 E2.30981
G1 X151.838 Y47.486 E2.41033
G1 X151.778 Y47.09 F7800
G1 E.41033 F2400
G92 E0
G1 X141.203 Y154.603 F7800
G1 E2 F2400
;TYPE:Perimeter
G1 F1500
G1 X141.219 Y154.625 E2.00131
G1 X141.513 Y154.817 E2.0182
G1 X141.884 Y154.891 E2.0364
G1 X174.754 Y154.891 E3.61733
G1 X174.754 Y169.197 E4.3054
G1 X75.246 Y169.197 E9.09139
G1 X75.246 Y154.891 E9.77946
G1 X108.196 Y154.891 E11.36424
G1 X108.569 Y154.778 E11.38299
G1 X108.837 Y154.567 E11.3994
G1 X109.021 Y154.257 E11.41674
G1 X109.079 Y153.927 E11.43286
G1 X109.079 Y56.724 E16.10799
G1 X109.074 Y55.974 E16.14406
G1 X108.973 Y55.632 E16.16121
G1 X108.738 Y55.337 E16.17935
G1 X108.42 Y55.158 E16.1969
G1 X108.115 Y55.109 E16.21176
G1 X75.246 Y55.109 E17.79264
G1 X75.246 Y40.803 E18.48071
G1 X174.754 Y40.803 E23.2667
G1 X174.754 Y55.109 E23.95477
G1 X142.5 Y55.109 E25.50608
G1 X141.686 Y55.129 E25.54524
G1 X141.386 Y55.247 E25.56074
G1 X141.141 Y55.458 E25.57629
G1 X140.973 Y55.756 E25.59274
G1 X140.92 Y56.073 E25.6082
G1 X140.92 Y153.277 E30.28337
G1 X140.921 Y153.977 E30.31704
G1 X141.003 Y154.319 E30.33396
G1 X141.168 Y154.554 E30.34777
G1 X141.488 Y154.323 F7800
G1 F1500
G1 X141.612 Y154.438 E30.3559
G1 X141.884 Y154.506 E30.36938
G1 X175.139 Y154.506 E31.96883
G1 X175.139 Y169.582 E32.69393
G1 X74.861 Y169.582 E37.51695
G1 X74.861 Y154.506 E38.24205
G1 X108.165 Y154.506 E39.84386
G1 X108.434 Y154.41 E39.8576
G1 X108.626 Y154.199 E39.87132
G1 X108.694 Y153.927 E39.8848
G1 X108.686 Y55.982 E44.59561
G1 X108.585 Y55.735 E44.60844
G1 X108.391 Y55.565 E44.62085
G1 X108.115 Y55.494 E44.63456
G1 X74.861 Y55.494 E46.23396
G1 X74.861 Y40.418 E46.95906
G1 X175.139 Y40.418 E51.78208
G1 X175.139 Y55.494 E52.50718
G1 X141.765 Y55.507 E54.11235
G1 X141.543 Y55.606 E54.12404
G1 X141.368 Y55.812 E54.13704
G1 X141.305 Y56.073 E54.14995
G1 X141.306 Y153.957 E58.85783
G1 X141.395 Y154.237 E58.87196
G1 X141.444 Y154.282 E58.87516
G1 X141.756 Y154.062 F7800
;TYPE:External perimeter
G1 F1500
G1 X141.884 Y154.12 E58.88192
G1 X175.525 Y154.12 E60.49994
G1 X175.525 Y169.968 E61.26217
G1 X74.475 Y169.968 E66.12232
G1 X74.475 Y154.12 E66.88455
G1 X108.115 Y154.12 E68.50252
G1 X108.248 Y154.067 E68.50941
G1 X108.308 Y153.927 E68.51674
G1 X108.308 Y56.073 E73.22318
G1 X108.262 Y55.948 E73.22959
G1 X108.115 Y55.88 E73.23738
G1 X74.475 Y55.88 E74.85535
G1 X74.475 Y40.032 E75.61758
G1 X175.525 Y40.032 E80.47773
G1 X175.525 Y55.88 E81.23996
G1 X141.884 Y55.88 E82.85798
G1 X141.757 Y55.927 E82.86449
G1 X141.691 Y56.073 E82.8722
G1 X141.691 Y153.927 E87.57864
G1 X141.725 Y154.016 E87.58322
G1 X142.113 Y154.112 F7800
G1 E85.58322 F2400
G92 E0
G1 X75.536 Y54.755 F7800
G1 E2 F2400
;TYPE:Solid infill
;WIDTH:0.478921
G1 F1200
G1 X75.5 Y54.792 E2.00267
G1 X75.513 Y54.842 E2.00534
G1 X75.563 Y54.855 E2.00801
G1 X75.6 Y54.819 E2.01068
G1 X75.587 Y54.768 E2.0134
;WIDTH:0.45
G1 X75.535 Y54.225 E2.03964
G1 X76.13 Y54.82 E2.08011
G1 X76.676 Y54.82 E2.10637
G1 X75.535 Y53.679 E2.18398
G1 X75.535 Y53.134 E2.21019
G1 X77.221 Y54.82 E2.32487
G1 X77.766 Y54.82 E2.35108
G1 X75.535 Y52.589 E2.50283
G1 X75.535 Y52.043 E2.52909
G1 X78.312 Y54.82 E2.71798
G1 X78.857 Y54.82 E2.74419
G1 X75.535 Y51.498 E2.97015
G1 X75.535 Y50.953 E2.99636
G1 X79.402 Y54.82 E3.25939
G1 X79.948 Y54.82 E3.28565
G1 X75.535 Y50.407 E3.58582
G1 X75.535 Y49.862 E3.61203
G1 X80.493 Y54.82 E3.94927
G1 X81.038 Y54.82 E3.97548
G1 X75.601 Y49.382 E4.34533
G1 X75.404 Y49.237 E4.35709
;WIDTH:0.404381
G1 X75.393 Y49.394 E4.36376
;WIDTH:0.45
G1 X75.516 Y48.828 E4.39162
;WIDTH:0.441287
G1 X75.499 Y49.007 E4.40007
;WIDTH:0.45
G1 X75.705 Y48.947 E4.41039
G1 X76.407 Y49.637 E4.45773
G1 X76.237 Y49.134 E4.48327
G1 X76.242 Y48.828 E4.49799
G1 X76.327 Y48.458 E4.51625
G1 X76.221 Y48.1 E4.53421
G1 X76.221 Y46.326 E4.61953
G1 X76.322 Y45.825 E4.64411
G1 X76.414 Y45.614 E4.65518
G1 X76.728 Y45.188 E4.68063
G1 X77.096 Y44.958 E4.7015
G1 X77.629 Y44.797 E4.72828
G1 X78.104 Y44.796 E4.75113
G1 X75.535 Y42.227 E4.92587
G1 X75.535 Y48.636 E5.23412
G1 X75.924 Y48.473 E5.25441
;WIDTH:0.456687
G1 X75.901 Y48.214 E5.26713
;WIDTH:0.410572
G1 X75.878 Y47.955 E5.27836
;WIDTH:0.364457
G1 X75.878 Y46.326 E5.33933
;WIDTH:0.375011
G1 X75.884 Y46.22 E5.34344
;WIDTH:0.412505
G1 X75.902 Y46.002 E5.35294
;WIDTH:0.45
G1 X75.921 Y45.784 E5.36346
G1 X75.921 Y43.158 E5.48976
G1 X77.262 Y44.5 E5.58101
G1 X76.978 Y44.591 E5.59535
G1 X76.681 Y44.759 E5.61176
G1 X76.357 Y45.02 E5.63177
G1 X76.098 Y45.394 E5.65365
G1 X75.966 Y45.676 E5.66863
G1 X75.912 Y46.029 E5.68581
G1 X76.264 Y44.643 F7800
;WIDTH:0.363637
G1 F1200
G1 X76.264 Y43.985 E5.71037
G1 X76.65 Y44.371 E5.73075
G1 X76.421 Y44.532 E5.7412
G1 E3.7412 F2400
G92 E0
G1 X78.648 Y44.794 F7800
G1 E2 F2400
;WIDTH:0.45
G1 F1200
G1 X75.535 Y41.682 E2.21171
G1 X75.401 Y41.504 E2.22243
;WIDTH:0.404381
G1 X75.412 Y41.545 E2.22423
G1 X75.341 Y41.564 E2.22735
G1 X75.36 Y41.493 E2.23047
;WIDTH:0.45
G1 X75.535 Y41.136 E2.24959
G1 X79.192 Y44.793 E2.49833
G1 X79.736 Y44.792 E2.52449
G1 X76.037 Y41.092 E2.77613
G1 X76.582 Y41.092 E2.80234
G1 X80.28 Y44.791 E3.05391
G1 X80.825 Y44.79 E3.08012
G1 X77.127 Y41.092 E3.33165
G1 X77.673 Y41.092 E3.35791
G1 X81.448 Y44.867 E3.61468
G1 X81.667 Y45.038 E3.62804
;WIDTH:0.404381
G1 X81.648 Y45.109 E3.63116
G1 X81.719 Y45.09 E3.63428
G1 X81.708 Y45.049 E3.63608
;WIDTH:0.45
G1 X81.969 Y44.844 E3.65204
G1 X78.218 Y41.092 E3.90721
G1 X78.764 Y41.092 E3.93347
G1 X82.46 Y44.789 E4.1849
G1 X83.006 Y44.789 E4.21116
G1 X79.309 Y41.092 E4.46263
G1 X79.854 Y41.092 E4.48884
G1 X83.551 Y44.789 E4.74031
G1 X84.096 Y44.789 E4.76652
G1 X80.4 Y41.092 E5.01795
G1 X80.945 Y41.092 E5.04416
G1 X84.678 Y44.826 E5.29811
G1 X86.026 Y45.445 F7800
;WIDTH:0.404381
G1 F1200
G1 X85.692 Y45.126 E5.3177
G1 X85.494 Y44.992 E5.32784
;WIDTH:0.45
G1 X85.221 Y44.823 E5.34328
G1 X81.49 Y41.092 E5.59706
G1 X82.036 Y41.092 E5.62332
G1 X86.15 Y45.207 E5.90318
G1 X86.487 Y44.999 E5.92223
G1 X82.581 Y41.092 E6.18795
G1 X83.126 Y41.092 E6.21416
G1 X86.88 Y44.846 E6.4695
G1 X87.641 Y44.918 E6.50626
;WIDTH:0.404381
G1 X87.622 Y44.989 E6.50938
G1 X87.693 Y44.97 E6.5125
G1 X87.682 Y44.929 E6.5143
;WIDTH:0.45
G1 X87.379 Y44.8 E6.53014
G1 X83.672 Y41.092 E6.78232
G1 X84.217 Y41.092 E6.80853
G1 X88.733 Y45.608 E7.1157
G1 X88.576 Y45.831 E7.12882
;WIDTH:0.404381
G1 X88.557 Y45.902 E7.13194
G1 X88.628 Y45.883 E7.13506
G1 X88.617 Y45.842 E7.13686
;WIDTH:0.45
G1 X89.005 Y45.335 E7.16757
G1 X84.762 Y41.092 E7.45617
G1 X85.308 Y41.092 E7.48243
G1 X89.299 Y45.084 E7.75393
G1 X89.663 Y44.902 E7.7735
G1 X85.853 Y41.092 E8.03265
G1 X86.398 Y41.092 E8.05886
G1 X90.103 Y44.797 E8.31087
G1 X90.64 Y44.789 E8.3367
G1 X86.944 Y41.092 E8.58813
G1 X87.489 Y41.092 E8.61434
G1 X91.186 Y44.789 E8.86581
G1 X91.731 Y44.789 E8.89202
G1 X88.034 Y41.092 E9.14349
G1 X88.58 Y41.092 E9.16975
G1 X92.294 Y44.807 E9.42241
G1 X92.823 Y44.79 E9.44787
G1 X89.125 Y41.092 E9.6994
G1 X89.67 Y41.092 E9.72561
G1 X93.512 Y44.934 E9.98694
G1 X93.932 Y44.809 E10.00802
G1 X90.216 Y41.092 E10.26081
G1 X90.761 Y41.092 E10.28702
G1 X94.458 Y44.789 E10.53849
G1 X95.003 Y44.789 E10.5647
G1 X91.307 Y41.092 E10.81613
G1 X91.852 Y41.092 E10.84234
G1 X95.549 Y44.789 E11.09381
G1 X96.095 Y44.791 E11.12007
G1 X92.397 Y41.092 E11.37164
G1 X92.943 Y41.092 E11.3979
G1 X96.786 Y44.936 E11.65933
G1 X96.581 Y45.052 E11.67066
;WIDTH:0.404381
G1 X96.727 Y45.096 E11.67713
;WIDTH:0.45
G1 X97.208 Y44.812 E11.704
G1 X93.488 Y41.092 E11.95703
G1 X94.033 Y41.092 E11.98324
G1 X97.73 Y44.789 E12.23471
G1 X98.275 Y44.789 E12.26092
G1 X94.579 Y41.092 E12.51235
G1 X95.124 Y41.092 E12.53856
G1 X98.821 Y44.789 E12.79003
G1 X99.366 Y44.789 E12.81624
G1 X95.669 Y41.092 E13.06771
G1 X96.215 Y41.092 E13.09397
G1 X99.911 Y44.789 E13.3454
G1 X100.457 Y44.789 E13.37166
G1 X96.76 Y41.092 E13.62313
G1 X97.305 Y41.092 E13.64934
G1 X101.081 Y44.868 E13.90618
G1 X101.299 Y45.038 E13.91948
;WIDTH:0.404381
G1 X101.28 Y45.109 E13.9226
G1 X101.351 Y45.09 E13.92572
G1 X101.34 Y45.049 E13.92752
;WIDTH:0.45
G1 X101.602 Y44.844 E13.94352
G1 X97.851 Y41.092 E14.19869
G1 X98.396 Y41.092 E14.2249
G1 X102.093 Y44.789 E14.47637
G1 X102.638 Y44.789 E14.50258
G1 X98.941 Y41.092 E14.75405
G1 X99.487 Y41.092 E14.78031
G1 X103.183 Y44.789 E15.03174
G1 X103.729 Y44.789 E15.058
G1 X100.032 Y41.092 E15.30947
G1 X100.577 Y41.092 E15.33568
G1 X104.308 Y44.823 E15.58946
G1 E13.58946 F2400
G92 E0
G1 X81.584 Y54.82 F7800
G1 E2 F2400
G1 F1200
G1 X77.678 Y50.914 E2.26568
G1 X77.406 Y50.691 E2.2826
;WIDTH:0.404381
G1 X76.682 Y49.974 E2.32581
G1 X78.152 Y50.946 F7800
G1 F1200
G1 X78.133 Y51.017 E2.32893
G1 X78.204 Y50.998 E2.33205
G1 X78.193 Y50.957 E2.33385
;WIDTH:0.45
G1 X78.432 Y51.123 E2.34785
G1 X82.129 Y54.82 E2.59932
G1 X82.674 Y54.82 E2.62553
G1 X78.978 Y51.123 E2.87696
G1 X79.523 Y51.123 E2.90317
G1 X83.22 Y54.82 E3.15464
G1 X83.765 Y54.82 E3.18085
G1 X80.068 Y51.123 E3.43232
G1 X79.961 Y50.928 E3.44302
;WIDTH:0.404381
G1 X79.972 Y50.969 E3.44482
G1 X79.901 Y50.988 E3.44794
G1 X79.92 Y50.917 E3.45106
;WIDTH:0.45
G1 X80.585 Y51.095 E3.48417
G1 X84.31 Y54.82 E3.73754
G1 X84.856 Y54.82 E3.7638
G1 X81.003 Y50.966 E4.02591
G1 X81.679 Y51.097 E4.05903
G1 X85.401 Y54.82 E4.31223
G1 X85.946 Y54.82 E4.33844
G1 X82.239 Y51.112 E4.59062
G1 X82.795 Y51.123 E4.61737
G1 X86.492 Y54.82 E4.86884
G1 X87.037 Y54.82 E4.89505
G1 X83.34 Y51.123 E5.14652
G1 X83.886 Y51.123 E5.17278
G1 X87.582 Y54.82 E5.42421
G1 X88.128 Y54.82 E5.45047
G1 X84.421 Y51.113 E5.70262
G1 X84.849 Y50.996 E5.72396
G1 X88.673 Y54.82 E5.98406
G1 X89.219 Y54.82 E6.01032
G1 X85.208 Y50.809 E6.28314
G1 X85.454 Y50.711 E6.29588
;WIDTH:0.404381
G1 X85.761 Y50.929 E6.31185
;WIDTH:0.45
G1 X86.033 Y51.089 E6.32703
G1 X89.764 Y54.82 E6.58081
G1 X90.309 Y54.82 E6.60702
G1 X86.613 Y51.123 E6.85845
G1 X87.158 Y51.123 E6.88466
G1 X90.855 Y54.82 E7.13613
G1 X91.4 Y54.82 E7.16234
G1 X87.703 Y51.123 E7.41381
G1 X88.247 Y51.121 E7.43997
G1 X91.945 Y54.82 E7.69154
G1 X92.491 Y54.82 E7.7178
G1 X88.696 Y51.025 E7.97593
G1 X88.893 Y50.811 E7.98992
;WIDTH:0.404381
G1 X88.904 Y50.852 E7.99172
G1 X88.833 Y50.871 E7.99484
G1 X88.852 Y50.8 E7.99796
;WIDTH:0.45
G1 X89.305 Y51.089 E8.0238
G1 X93.036 Y54.82 E8.27758
G1 X93.581 Y54.82 E8.30379
G1 X89.844 Y51.082 E8.55801
G1 X90.43 Y51.123 E8.58626
G1 X94.127 Y54.82 E8.83773
G1 X94.672 Y54.82 E8.86394
G1 X90.975 Y51.123 E9.11541
G1 X91.521 Y51.123 E9.14167
G1 X95.217 Y54.82 E9.3931
G1 X95.763 Y54.82 E9.41936
G1 X92.066 Y51.123 E9.67083
G1 X92.542 Y51.054 E9.69396
G1 X96.308 Y54.82 E9.95012
G1 X96.853 Y54.82 E9.97633
G1 X92.928 Y50.894 E10.24334
G1 X93.588 Y51.009 E10.27556
G1 X97.399 Y54.82 E10.53478
G1 X97.944 Y54.82 E10.56099
G1 X94.247 Y51.123 E10.81246
G1 X94.793 Y51.123 E10.83872
G1 X98.489 Y54.82 E11.09015
G1 X99.035 Y54.82 E11.11641
G1 X95.338 Y51.123 E11.36788
G1 X95.883 Y51.123 E11.39409
G1 X99.58 Y54.82 E11.64556
G1 X100.125 Y54.82 E11.67177
G1 X96.387 Y51.081 E11.92606
G1 X96.847 Y50.996 E11.94856
G1 X100.671 Y54.82 E12.20866
G1 X101.216 Y54.82 E12.23487
G1 X97.513 Y51.116 E12.48678
G1 X97.939 Y50.997 E12.50805
G1 X101.762 Y54.82 E12.76809
G1 X102.307 Y54.82 E12.7943
G1 X98.3 Y50.812 E13.06689
G1 X98.577 Y50.544 E13.08543
G1 X102.852 Y54.82 E13.37624
G1 X103.398 Y54.82 E13.4025
G1 X98.766 Y50.188 E13.71756
G1 X98.977 Y49.413 F7800
;WIDTH:0.447837
G1 F1200
G1 X99.616 Y49.486 E13.74832
G1 X99.801 Y49.47 E13.7572
G1 X99.814 Y49.863 E13.77601
G1 X99.924 Y50.214 E13.7936
;WIDTH:0.431953
G1 X100.053 Y50.415 E13.80455
G1 X99.89 Y50.234 E13.81572
;WIDTH:0.447837
G1 X99.48 Y49.813 E13.84383
G1 X99.128 Y49.533 E13.86534
;WIDTH:0.45
G1 X98.893 Y49.77 E13.88139
G1 X103.943 Y54.82 E14.22488
G1 X104.488 Y54.82 E14.25109
G1 X100.611 Y50.942 E14.51483
G1 X100.338 Y50.7 E14.53238
;WIDTH:0.407205
G1 X100.053 Y50.415 E14.54961
G1 X101.311 Y51.097 F7800
;WIDTH:0.45
G1 F1200
G1 X105.034 Y54.82 E14.80284
G1 X105.579 Y54.82 E14.82905
G1 X101.871 Y51.112 E15.08126
G1 X102.428 Y51.123 E15.10805
G1 X106.124 Y54.82 E15.35948
G1 X106.67 Y54.82 E15.38574
G1 X102.973 Y51.123 E15.63721
G1 X103.518 Y51.123 E15.66342
G1 X107.215 Y54.82 E15.91489
G1 X107.76 Y54.82 E15.9411
G1 X104.053 Y51.113 E16.19325
G1 X104.48 Y50.994 E16.21457
G1 X108.324 Y54.838 E16.47603
G1 X108.597 Y55.007 E16.49147
;WIDTH:0.404381
G1 X108.975 Y55.328 E16.5125
G1 X109.183 Y55.587 E16.52659
G1 X109.16 Y55.749 E16.53353
G1 E14.53353 F2400
G92 E0
G1 X170.06 Y48.221 F7800
G1 E2 F2400
G1 F1200
G1 X170.041 Y48.292 E2.00312
G1 X170.112 Y48.273 E2.00624
G1 X170.101 Y48.232 E2.00804
;WIDTH:0.45
G1 X170.18 Y47.98 E2.02074
G1 X170.729 Y48.529 E2.05808
G1 E.05808 F2400
G92 E0
G1 X75.625 Y168.818 F7800
G1 E2 F2400
;WIDTH:0.543559
G1 F1200
G1 X75.64 Y168.876 E2.00358
G1 X75.598 Y168.919 E2.00717
G1 X75.54 Y168.903 E2.01077
G1 X75.524 Y168.845 E2.01437
G1 X75.567 Y168.803 E2.01796
;WIDTH:0.45
G1 X75.535 Y168.202 E2.04691
G1 X76.241 Y168.908 E2.09493
G1 X76.786 Y168.908 E2.12114
G1 X75.535 Y167.657 E2.20623
G1 X75.535 Y167.112 E2.23244
G1 X77.331 Y168.908 E2.3546
G1 X77.877 Y168.908 E2.38086
G1 X75.535 Y166.566 E2.54016
G1 X75.535 Y166.021 E2.56637
G1 X78.422 Y168.908 E2.76274
G1 X78.967 Y168.908 E2.78895
G1 X75.535 Y165.476 E3.02239
G1 X75.535 Y164.93 E3.04865
G1 X79.513 Y168.908 E3.31923
G1 X80.058 Y168.908 E3.34544
G1 X75.535 Y164.385 E3.65309
G1 X75.535 Y163.84 E3.6793
G1 X80.603 Y168.908 E4.02402
G1 X81.149 Y168.908 E4.05028
G1 X75.535 Y163.294 E4.43214
G1 X75.535 Y162.749 E4.45835
G1 X81.694 Y168.908 E4.87728
G1 X82.239 Y168.908 E4.90349
G1 X75.535 Y162.204 E5.35949
G1 X75.535 Y161.658 E5.38575
G1 X82.785 Y168.908 E5.87889
G1 X83.33 Y168.908 E5.9051
G1 X75.535 Y161.113 E6.43531
G1 X75.535 Y160.568 E6.46152
G1 X83.875 Y168.908 E7.0288
G1 X84.421 Y168.908 E7.05506
G1 X75.535 Y160.022 E7.65947
G1 X75.535 Y159.477 E7.68568
G1 X84.966 Y168.908 E8.32716
G1 X85.511 Y168.908 E8.35337
G1 X75.535 Y158.932 E9.03193
G1 X75.535 Y158.386 E9.05819
G1 X86.057 Y168.908 E9.77388
G1 X86.602 Y168.908 E9.80009
G1 X75.535 Y157.841 E10.55285
G1 X75.535 Y157.296 E10.57906
G1 X87.147 Y168.908 E11.36889
G1 X87.693 Y168.908 E11.39515
G1 X75.535 Y156.75 E12.22212
G1 X75.535 Y156.205 E12.24833
G1 X88.238 Y168.908 E13.11237
G1 X88.784 Y168.908 E13.13863
G1 X75.535 Y155.659 E14.03981
G1 X75.393 Y155.198 E14.06301
;WIDTH:0.404381
G1 X75.403 Y155.048 E14.06939
;WIDTH:0.45
G1 X75.602 Y155.18 E14.08088
G1 X89.329 Y168.908 E15.01461
G1 X89.874 Y168.908 E15.04082
G1 X76.147 Y155.18 E15.97455
G1 X76.692 Y155.18 E16.00076
G1 X90.42 Y168.908 E16.93452
G1 X90.965 Y168.908 E16.96073
G1 X77.238 Y155.18 E17.89446
G1 X77.783 Y155.18 E17.92067
G1 X91.51 Y168.908 E18.8544
G1 X92.056 Y168.908 E18.88066
G1 X78.329 Y155.18 E19.81439
G1 X78.874 Y155.18 E19.8406
G1 X92.601 Y168.908 E20.77433
G1 X93.146 Y168.908 E20.80054
G1 X79.419 Y155.18 E21.73427
G1 X79.965 Y155.18 E21.76053
G1 X93.692 Y168.908 E22.69426
G1 X94.237 Y168.908 E22.72047
G1 X80.51 Y155.18 E23.6542
G1 X81.055 Y155.18 E23.68041
G1 X94.782 Y168.908 E24.61414
G1 X95.328 Y168.908 E24.6404
G1 X81.601 Y155.18 E25.57413
G1 X82.146 Y155.18 E25.60034
G1 X95.873 Y168.908 E26.53407
G1 X96.418 Y168.908 E26.56028
G1 X82.691 Y155.18 E27.49401
G1 X83.237 Y155.18 E27.52027
G1 X96.964 Y168.908 E28.454
G1 X97.509 Y168.908 E28.48021
G1 X83.782 Y155.18 E29.41394
G1 X84.327 Y155.18 E29.44015
G1 X98.054 Y168.908 E30.37388
G1 X98.6 Y168.908 E30.40014
G1 X84.873 Y155.18 E31.33387
G1 X85.418 Y155.18 E31.36008
G1 X99.145 Y168.908 E32.29381
G1 X99.69 Y168.908 E32.32002
G1 X85.963 Y155.18 E33.25375
G1 X86.509 Y155.18 E33.28001
G1 X100.236 Y168.908 E34.21374
G1 X100.781 Y168.908 E34.23995
G1 X87.054 Y155.18 E35.17368
G1 X87.599 Y155.18 E35.19989
G1 X101.327 Y168.908 E36.13365
G1 X101.872 Y168.908 E36.15986
G1 X88.145 Y155.18 E37.09359
G1 X88.69 Y155.18 E37.1198
G1 X102.417 Y168.908 E38.05353
G1 X102.963 Y168.908 E38.07979
G1 X89.235 Y155.18 E39.01355
G1 X89.781 Y155.18 E39.03981
G1 X103.508 Y168.908 E39.97354
G1 X104.053 Y168.908 E39.99975
G1 X90.326 Y155.18 E40.93348
G1 X90.872 Y155.18 E40.95974
G1 X104.599 Y168.908 E41.89347
G1 X105.144 Y168.908 E41.91968
G1 X91.417 Y155.18 E42.85341
G1 X91.962 Y155.18 E42.87962
G1 X105.689 Y168.908 E43.81335
G1 X106.235 Y168.908 E43.83961
G1 X92.508 Y155.18 E44.77334
G1 X93.053 Y155.18 E44.79955
G1 X106.78 Y168.908 E45.73328
G1 X107.325 Y168.908 E45.75949
G1 X93.598 Y155.18 E46.69322
G1 X94.144 Y155.18 E46.71948
G1 X107.871 Y168.908 E47.65321
G1 X108.416 Y168.908 E47.67942
G1 X94.689 Y155.18 E48.61315
G1 X95.234 Y155.18 E48.63936
G1 X108.961 Y168.908 E49.57309
G1 X109.507 Y168.908 E49.59935
G1 X95.78 Y155.18 E50.53308
G1 X96.325 Y155.18 E50.55929
G1 X110.052 Y168.908 E51.49302
G1 X110.597 Y168.908 E51.51923
G1 X96.87 Y155.18 E52.45296
G1 X97.416 Y155.18 E52.47922
G1 X111.143 Y168.908 E53.41295
G1 X111.688 Y168.908 E53.43916
G1 X97.961 Y155.18 E54.37289
G1 X98.506 Y155.18 E54.3991
G1 X112.233 Y168.908 E55.33283
G1 X112.779 Y168.908 E55.35909
G1 X99.052 Y155.18 E56.29282
G1 X99.597 Y155.18 E56.31903
G1 X113.324 Y168.908 E57.25276
G1 X113.87 Y168.908 E57.27902
G1 X100.142 Y155.18 E58.21278
G1 X100.688 Y155.18 E58.23904
G1 X114.415 Y168.908 E59.17277
G1 X114.96 Y168.908 E59.19898
G1 X101.233 Y155.18 E60.13271
G1 X101.778 Y155.18 E60.15892
G1 X115.506 Y168.908 E61.09268
G1 X116.051 Y168.908 E61.11889
G1 X102.324 Y155.18 E62.05262
G1 X102.869 Y155.18 E62.07883
G1 X116.596 Y168.908 E63.01256
G1 X117.142 Y168.908 E63.03882
G1 X103.415 Y155.18 E63.97255
G1 X103.96 Y155.18 E63.99876
G1 X117.687 Y168.908 E64.93249
G1 X118.232 Y168.908 E64.9587
G1 X104.505 Y155.18 E65.89243
G1 X105.051 Y155.18 E65.91869
G1 X118.778 Y168.908 E66.85242
G1 X119.323 Y168.908 E66.87863
G1 X105.596 Y155.18 E67.81236
G1 X106.141 Y155.18 E67.83857
G1 X119.868 Y168.908 E68.7723
G1 X120.414 Y168.908 E68.79856
G1 X106.687 Y155.18 E69.73229
G1 X107.232 Y155.18 E69.7585
G1 X120.959 Y168.908 E70.69223
G1 X121.504 Y168.908 E70.71844
G1 X107.777 Y155.18 E71.65217
G1 X108.304 Y155.162 E71.67753
G1 X122.05 Y168.908 E72.61252
G1 X122.595 Y168.908 E72.63873
G1 X108.711 Y155.024 E73.5831
G1 X109.021 Y154.788 E73.60184
G1 X123.14 Y168.908 E74.56223
G1 X123.686 Y168.908 E74.58849
G1 X109.244 Y154.466 E75.57082
G1 X109.361 Y154.037 E75.59221
G1 X124.231 Y168.908 E76.60368
G1 X124.776 Y168.908 E76.62989
G1 X109.367 Y153.498 E77.67803
G1 X109.367 Y152.953 E77.70424
G1 X125.322 Y168.908 E78.78948
G1 X125.867 Y168.908 E78.81569
G1 X109.367 Y152.407 E79.93803
G1 X109.367 Y151.862 E79.96424
G1 X126.413 Y168.908 E81.12369
G1 X126.958 Y168.908 E81.1499
G1 X109.367 Y151.317 E82.34642
G1 X109.367 Y150.771 E82.37268
G1 X127.503 Y168.908 E83.6063
G1 X128.049 Y168.908 E83.63256
G1 X109.367 Y150.226 E84.90329
G1 X109.367 Y149.681 E84.9295
G1 X128.594 Y168.908 E86.2373
G1 X129.139 Y168.908 E86.26351
G1 X109.367 Y149.135 E87.60841
G1 X109.367 Y148.59 E87.63462
G1 X129.685 Y168.908 E89.01663
G1 X130.23 Y168.908 E89.04284
G1 X109.367 Y148.045 E90.46192
G1 X109.367 Y147.499 E90.48818
G1 X130.775 Y168.908 E91.94436
G1 X131.321 Y168.908 E91.97062
G1 X109.367 Y146.954 E93.4639
G1 X109.367 Y146.409 E93.49011
G1 X131.866 Y168.908 E95.02046
G1 X132.411 Y168.908 E95.04667
G1 X109.367 Y145.863 E96.61413
G1 X109.367 Y145.318 E96.64034
G1 X132.957 Y168.908 E98.2449
G1 X133.502 Y168.908 E98.27111
G1 X109.367 Y144.773 E99.91274
G1 X109.367 Y144.227 E99.939
G1 X134.047 Y168.908 E101.61774
G1 X134.593 Y168.908 E101.644
G1 X109.367 Y143.682 E103.35984
G1 X109.367 Y143.137 E103.38605
G1 X135.138 Y168.908 E105.13896
G1 X135.683 Y168.908 E105.16517
G1 X109.367 Y142.591 E106.95519
G1 X109.367 Y142.046 E106.9814
G1 X136.229 Y168.908 E108.80852
G1 X136.774 Y168.908 E108.83473
G1 X109.367 Y141.501 E110.69892
G1 X109.367 Y140.955 E110.72518
G1 X137.319 Y168.908 E112.62647
G1 X137.865 Y168.908 E112.65273
G1 X109.367 Y140.41 E114.59113
G1 X109.367 Y139.865 E114.61734
G1 X138.41 Y168.908 E116.59281
G1 X138.956 Y168.908 E116.61907
G1 X109.367 Y139.319 E118.63168
G1 X109.367 Y138.774 E118.65789
G1 X139.501 Y168.908 E120.70757
G1 X140.046 Y168.908 E120.73378
G1 X109.367 Y138.229 E122.82053
G1 X109.367 Y137.683 E122.84679
G1 X140.592 Y168.908 E124.97068
G1 X141.137 Y168.908 E124.99689
G1 X109.367 Y137.138 E127.15785
G1 X109.367 Y136.593 E127.18406
G1 X141.682 Y168.908 E129.38209
G1 X142.228 Y168.908 E129.40835
G1 X109.367 Y136.047 E131.64351
G1 X109.367 Y135.502 E131.66972
G1 X142.773 Y168.908 E133.94195
G1 X143.318 Y168.908 E133.96816
G1 X109.367 Y134.956 E136.2775
G1 X109.367 Y134.411 E136.30371
G1 X143.864 Y168.908 E138.65015
G1 X144.409 Y168.908 E138.67636
G1 X109.367 Y133.866 E141.05987
G1 X109.367 Y133.32 E141.08613
G1 X144.954 Y168.908 E143.50675
G1 X145.5 Y168.908 E143.53301
G1 X109.367 Y132.775 E145.99073
G1 X109.367 Y132.23 E146.01694
G1 X146.045 Y168.908 E148.51173
G1 X146.59 Y168.908 E148.53794
G1 X109.367 Y131.684 E151.06984
G1 X109.367 Y131.139 E151.09605
G1 X147.136 Y168.908 E153.66505
G1 X147.681 Y168.908 E153.69126
G1 X109.367 Y130.594 E156.29733
G1 X109.367 Y130.048 E156.32359
G1 X148.226 Y168.908 E158.96676
G1 X148.772 Y168.908 E158.99302
G1 X109.367 Y129.503 E161.6733
G1 X109.367 Y128.958 E161.69951
G1 X149.317 Y168.908 E164.41686
G1 X149.862 Y168.908 E164.44307
G1 X109.367 Y128.412 E167.19752
G1 X109.367 Y127.867 E167.22373
G1 X150.408 Y168.908 E170.01529
G1 X150.953 Y168.908 E170.0415
G1 X109.367 Y127.322 E172.87013
G1 X109.367 Y126.776 E172.89639
G1 X151.498 Y168.908 E175.76212
G1 X152.044 Y168.908 E175.78838
G1 X109.367 Y126.231 E178.69122
G1 X109.367 Y125.686 E178.71743
G1 X152.589 Y168.908 E181.65734
G1 X153.135 Y168.908 E181.6836
G1 X109.367 Y125.14 E184.66065
G1 X109.367 Y124.595 E184.68686
G1 X153.68 Y168.908 E187.70098
G1 X154.225 Y168.908 E187.72719
G1 X109.367 Y124.05 E190.77838
G1 X109.367 Y123.504 E190.80464
G1 X154.771 Y168.908 E193.89296
G1 X155.032 Y168.979 E193.90597
;WIDTH:0.404381
G1 X155.013 Y169.051 E193.90913
G1 X155.084 Y169.032 E193.91225
G1 X155.073 Y168.99 E193.91409
G1 E191.91409 F2400
G92 E0
G1 X140.679 Y154.27 F7800
G1 E2 F2400
;WIDTH:0.45
G1 F1200
G1 X109.367 Y122.959 E4.12977
G1 X109.367 Y122.414 E4.15598
G1 X140.631 Y153.677 E6.28248
G1 X140.631 Y153.131 E6.30874
G1 X109.367 Y121.868 E8.43524
G1 X109.367 Y121.323 E8.46145
G1 X140.631 Y152.586 E10.58795
G1 X140.631 Y152.041 E10.61416
G1 X109.367 Y120.778 E12.74066
G1 X109.367 Y120.232 E12.76692
G1 X140.631 Y151.495 E14.89342
G1 X140.631 Y150.95 E14.91963
G1 X109.367 Y119.687 E17.04613
G1 X109.367 Y119.142 E17.07234
G1 X140.631 Y150.405 E19.19884
G1 X140.631 Y149.859 E19.2251
G1 X109.367 Y118.596 E21.3516
G1 X109.367 Y118.051 E21.37781
G1 X140.631 Y149.314 E23.50431
G1 X140.631 Y148.769 E23.53052
G1 X109.368 Y117.506 E25.65699
G1 X109.368 Y116.96 E25.68325
G1 X140.631 Y148.223 E27.80972
G1 X140.631 Y147.678 E27.83593
G1 X109.368 Y116.415 E29.9624
G1 X109.368 Y115.87 E29.98861
G1 X140.631 Y147.133 E32.11508
G1 X140.631 Y146.587 E32.14134
G1 X109.368 Y115.324 E34.26781
G1 X109.368 Y114.779 E34.29402
G1 X140.631 Y146.042 E36.42049
G1 X140.631 Y145.497 E36.4467
G1 X109.368 Y114.234 E38.57317
G1 X109.368 Y113.688 E38.59943
G1 X140.631 Y144.951 E40.7259
G1 X140.631 Y144.406 E40.75211
G1 X109.368 Y113.143 E42.87858
G1 X109.368 Y112.598 E42.90479
G1 X140.631 Y143.861 E45.03126
G1 X140.631 Y143.315 E45.05752
G1 X109.368 Y112.052 E47.18399
G1 X109.368 Y111.507 E47.2102
G1 X140.631 Y142.77 E49.33667
G1 X140.631 Y142.225 E49.36288
G1 X109.368 Y110.962 E51.48935
G1 X109.368 Y110.416 E51.51561
G1 X140.631 Y141.679 E53.64208
G1 X140.631 Y141.134 E53.66829
G1 X109.368 Y109.871 E55.79476
G1 X109.368 Y109.326 E55.82097
G1 X140.631 Y140.588 E57.94741
G1 X140.631 Y140.043 E57.97362
G1 X109.368 Y108.78 E60.10009
G1 X109.368 Y108.235 E60.1263
G1 X140.631 Y139.498 E62.25277
G1 X140.631 Y138.952 E62.27903
G1 X109.368 Y107.69 E64.40547
G1 X109.368 Y107.144 E64.43173
G1 X140.631 Y138.407 E66.5582
G1 X140.631 Y137.862 E66.58441
G1 X109.368 Y106.599 E68.71088
G1 X109.368 Y106.054 E68.73709
G1 X140.631 Y137.316 E70.86353
G1 X140.631 Y136.771 E70.88974
G1 X109.368 Y105.508 E73.01621
G1 X109.368 Y104.963 E73.04242
G1 X140.631 Y136.226 E75.16889
G1 X140.631 Y135.68 E75.19515
G1 X109.368 Y104.418 E77.32159
G1 X109.368 Y103.872 E77.34785
G1 X140.631 Y135.135 E79.47432
G1 X140.631 Y134.59 E79.50053
G1 X109.368 Y103.327 E81.627
G1 X109.368 Y102.781 E81.65326
G1 X140.631 Y134.044 E83.77973
G1 X140.631 Y133.499 E83.80594
G1 X109.368 Y102.236 E85.93241
G1 X109.368 Y101.691 E85.95862
G1 X140.631 Y132.954 E88.08509
G1 X140.631 Y132.408 E88.11135
G1 X109.368 Y101.145 E90.23782
G1 X109.368 Y100.6 E90.26403
G1 X140.631 Y131.863 E92.3905
G1 X140.631 Y131.318 E92.41671
G1 X109.368 Y100.055 E94.54318
G1 X109.368 Y99.509 E94.56944
G1 X140.631 Y130.772 E96.69591
G1 X140.631 Y130.227 E96.72212
G1 X109.368 Y98.964 E98.84859
G1 X109.368 Y98.419 E98.8748
G1 X140.631 Y129.682 E101.00127
G1 X140.631 Y129.136 E101.02753
G1 X109.368 Y97.873 E103.154
G1 X109.368 Y97.328 E103.18021
G1 X140.631 Y128.591 E105.30668
G1 X140.631 Y128.045 E105.33294
G1 X109.368 Y96.783 E107.45938
G1 X109.368 Y96.237 E107.48564
G1 X140.631 Y127.5 E109.61211
G1 X140.631 Y126.955 E109.63832
G1 X109.368 Y95.692 E111.76479
G1 X109.368 Y95.147 E111.791
G1 X140.631 Y126.409 E113.91744
G1 X140.631 Y125.864 E113.94365
G1 X109.368 Y94.601 E116.07012
G1 X109.368 Y94.056 E116.09633
G1 X140.631 Y125.319 E118.2228
G1 X140.631 Y124.773 E118.24906
G1 X109.368 Y93.511 E120.3755
G1 X109.368 Y92.965 E120.40176
G1 X140.631 Y124.228 E122.52823
G1 X140.631 Y123.683 E122.55444
G1 X109.368 Y92.42 E124.68091
G1 X109.368 Y91.875 E124.70712
G1 X140.631 Y123.137 E126.83356
G1 X140.631 Y122.592 E126.85977
G1 X109.368 Y91.329 E128.98624
G1 X109.368 Y90.784 E129.01245
G1 X140.631 Y122.047 E131.13892
G1 X140.631 Y121.501 E131.16518
G1 X109.368 Y90.239 E133.29162
G1 X109.368 Y89.693 E133.31788
G1 X140.631 Y120.956 E135.44435
G1 X140.631 Y120.411 E135.47056
G1 X109.368 Y89.148 E137.59703
G1 X109.368 Y88.603 E137.62324
G1 X140.631 Y119.865 E139.74968
G1 X140.631 Y119.32 E139.77589
G1 X109.368 Y88.057 E141.90236
G1 X109.368 Y87.512 E141.92857
G1 X140.631 Y118.775 E144.05504
G1 X140.631 Y118.229 E144.0813
G1 X109.368 Y86.967 E146.20774
G1 X109.368 Y86.421 E146.234
G1 X140.631 Y117.684 E148.36047
G1 X140.631 Y117.139 E148.38668
G1 X109.368 Y85.876 E150.51315
G1 X109.368 Y85.331 E150.53936
G1 X140.631 Y116.593 E152.6658
G1 X140.631 Y116.048 E152.69201
G1 X109.368 Y84.785 E154.81848
G1 X109.368 Y84.24 E154.84469
G1 X140.631 Y115.502 E156.97113
G1 X140.631 Y114.957 E156.99734
G1 X109.368 Y83.695 E159.12378
G1 X109.368 Y83.149 E159.15004
G1 X140.631 Y114.412 E161.27651
G1 X140.631 Y113.866 E161.30277
G1 X109.368 Y82.604 E163.42921
G1 X109.368 Y82.059 E163.45542
G1 X140.631 Y113.321 E165.58186
G1 X140.631 Y112.776 E165.60807
G1 X109.368 Y81.513 E167.73454
G1 X109.368 Y80.968 E167.76075
G1 X140.631 Y112.23 E169.88719
G1 X140.631 Y111.685 E169.9134
G1 X109.368 Y80.423 E172.03984
G1 X109.368 Y79.877 E172.0661
G1 X140.631 Y111.14 E174.19257
G1 X140.631 Y110.594 E174.21883
G1 X109.368 Y79.332 E176.34527
G1 X109.368 Y78.787 E176.37148
G1 X140.631 Y110.049 E178.49792
G1 X140.631 Y109.504 E178.52413
G1 X109.368 Y78.241 E180.6506
G1 X109.368 Y77.696 E180.67681
G1 X140.631 Y108.958 E182.80325
G1 X140.631 Y108.413 E182.82946
G1 X109.368 Y77.151 E184.9559
G1 X109.368 Y76.605 E184.98216
G1 X140.631 Y107.868 E187.10863
G1 X140.631 Y107.322 E187.13489
G1 X109.368 Y76.06 E189.26133
G1 X109.368 Y75.515 E189.28754
G1 X140.631 Y106.777 E191.41398
G1 X140.631 Y106.232 E191.44019
G1 X109.368 Y74.969 E193.56666
G1 X109.368 Y74.424 E193.59287
G1 X140.631 Y105.686 E195.71931
G1 X140.631 Y105.141 E195.74552
G1 X109.368 Y73.879 E197.87196
G1 X109.368 Y73.333 E197.89822
G1 X140.631 Y104.596 E200.02469
G1 X140.631 Y104.05 E200.05095
G1 X109.368 Y72.788 E202.17739
G1 X109.368 Y72.242 E202.20365
G1 X140.631 Y103.505 E204.33012
G1 X140.631 Y102.959 E204.35638
G1 X109.368 Y71.697 E206.48282
G1 X109.368 Y71.152 E206.50903
G1 X140.631 Y102.414 E208.63547
G1 X140.631 Y101.869 E208.66168
G1 X109.368 Y70.606 E210.78815
G1 X109.368 Y70.061 E210.81436
G1 X140.631 Y101.323 E212.9408
G1 X140.631 Y100.778 E212.96701
G1 X109.368 Y69.516 E215.09345
G1 X109.368 Y68.97 E215.11971
G1 X140.631 Y100.233 E217.24618
G1 X140.631 Y99.687 E217.27244
G1 X109.368 Y68.425 E219.39888
G1 X109.368 Y67.88 E219.42509
G1 X140.631 Y99.142 E221.55153
G1 X140.631 Y98.597 E221.57774
G1 X109.368 Y67.334 E223.70421
G1 X109.368 Y66.789 E223.73042
G1 X140.631 Y98.051 E225.85686
G1 X140.631 Y97.506 E225.88307
G1 X109.368 Y66.244 E228.00951
G1 X109.368 Y65.698 E228.03577
G1 X140.631 Y96.961 E230.16224
G1 X140.631 Y96.415 E230.1885
G1 X109.368 Y65.153 E232.31494
G1 X109.368 Y64.608 E232.34115
G1 X140.631 Y95.87 E234.46759
G1 X140.631 Y95.325 E234.4938
G1 X109.368 Y64.062 E236.62027
G1 X109.368 Y63.517 E236.64648
G1 X140.631 Y94.779 E238.77292
G1 X140.631 Y94.234 E238.79913
G1 X109.368 Y62.972 E240.92557
G1 X109.368 Y62.426 E240.95183
G1 X140.631 Y93.689 E243.0783
G1 X140.631 Y93.143 E243.10456
G1 X109.368 Y61.881 E245.231
G1 X109.368 Y61.336 E245.25721
G1 X140.631 Y92.598 E247.38365
G1 X140.631 Y92.053 E247.40986
G1 X109.368 Y60.79 E249.53633
G1 X109.368 Y60.245 E249.56254
G1 X140.631 Y91.507 E251.68898
G1 X140.631 Y90.962 E251.71519
G1 X109.368 Y59.7 E253.84163
G1 X109.368 Y59.154 E253.86789
G1 X140.631 Y90.417 E255.99436
G1 X140.631 Y89.871 E256.02062
G1 X109.368 Y58.609 E258.14706
G1 X109.368 Y58.064 E258.17327
G1 X140.631 Y89.326 E260.29971
G1 X140.631 Y88.78 E260.32597
G1 X109.368 Y57.518 E262.45241
G1 X109.368 Y56.973 E262.47862
G1 X140.631 Y88.235 E264.60506
G1 X140.631 Y87.69 E264.63127
G1 X109.368 Y56.428 E266.75771
G1 X109.346 Y55.86 E266.78505
G1 X140.631 Y87.144 E268.91298
G1 X140.631 Y86.599 E268.93919
G1 X104.844 Y50.813 E271.37334
G1 X105.131 Y50.554 E271.39193
G1 X140.631 Y86.054 E273.8066
G1 X140.631 Y85.508 E273.83286
G1 X105.404 Y50.281 E276.22896
G1 X105.676 Y50.008 E276.2475
G1 X140.631 Y84.963 E278.6251
G1 X140.631 Y84.418 E278.65131
G1 X105.901 Y49.688 E281.0136
G1 X106.06 Y49.302 E281.03368
G1 X140.631 Y83.872 E283.38512
G1 X140.631 Y83.327 E283.41133
G1 X106.112 Y48.808 E285.75927
G1 X106.112 Y48.263 E285.78548
G1 X140.631 Y82.782 E288.13342
G1 X140.631 Y82.236 E288.15968
G1 X106.113 Y47.718 E290.50755
G1 X106.113 Y47.173 E290.53376
G1 X140.631 Y81.691 E292.88163
G1 X140.631 Y81.146 E292.90784
G1 X106.077 Y46.592 E295.25816
G1 X106.071 Y46.04 E295.28471
G1 X140.631 Y80.6 E297.63544
G1 E295.63544 F2400
G92 E0
G1 X105.916 Y45.768 F7800
G1 E2 F2400
;WIDTH:0.404381
G1 F1200
G1 X105.626 Y45.412 E2.01947
G1 X105.253 Y45.07 E2.04093
G1 X105.126 Y44.986 E2.04739
;WIDTH:0.45
G1 X104.853 Y44.823 E2.06268
G1 X101.123 Y41.092 E2.31642
G1 X101.425 Y40.949 E2.33249
;WIDTH:0.404381
G1 X101.436 Y40.991 E2.33433
G1 X101.365 Y41.01 E2.33745
G1 X101.384 Y40.938 E2.34061
;WIDTH:0.45
G1 X101.668 Y41.092 E2.35615
G1 X140.631 Y80.055 E5.00636
G1 X140.631 Y79.51 E5.03257
G1 X102.213 Y41.092 E7.64571
G1 X102.759 Y41.092 E7.67197
G1 X140.631 Y78.964 E10.24798
G1 X140.631 Y78.419 E10.27419
G1 X103.304 Y41.092 E12.81313
G1 X103.85 Y41.092 E12.83939
G1 X140.631 Y77.874 E15.34122
G1 X140.631 Y77.328 E15.36748
G1 X104.395 Y41.092 E17.83221
G1 X104.94 Y41.092 E17.85842
G1 X140.631 Y76.783 E20.28608
G1 X140.631 Y76.237 E20.31234
G1 X105.486 Y41.092 E22.70286
G1 X106.031 Y41.092 E22.72907
G1 X140.631 Y75.692 E25.08252
G1 X140.631 Y75.147 E25.10873
G1 X106.576 Y41.092 E27.42511
G1 X107.122 Y41.092 E27.45137
G1 X140.631 Y74.601 E29.73061
G1 X140.631 Y74.056 E29.75682
G1 X107.667 Y41.092 E31.99899
G1 X108.212 Y41.092 E32.0252
G1 X140.631 Y73.511 E34.2303
G1 X140.631 Y72.965 E34.25656
G1 X108.758 Y41.092 E36.42452
G1 X109.303 Y41.092 E36.45073
G1 X140.631 Y72.42 E38.58162
G1 X140.631 Y71.875 E38.60783
G1 X109.848 Y41.092 E40.70165
G1 X110.394 Y41.092 E40.72791
G1 X140.631 Y71.329 E42.78459
G1 X140.631 Y70.784 E42.8108
G1 X110.939 Y41.092 E44.83041
G1 X111.484 Y41.092 E44.85662
G1 X140.631 Y70.239 E46.83916
G1 X140.631 Y69.693 E46.86542
G1 X112.03 Y41.092 E48.81082
G1 X112.575 Y41.092 E48.83703
G1 X140.631 Y69.148 E50.74536
G1 X140.631 Y68.603 E50.77157
G1 X113.12 Y41.092 E52.64283
G1 X113.666 Y41.092 E52.66909
G1 X140.631 Y68.057 E54.50322
G1 X140.631 Y67.512 E54.52943
G1 X114.211 Y41.092 E56.32649
G1 X114.756 Y41.092 E56.3527
G1 X140.631 Y66.967 E58.11269
G1 X140.631 Y66.421 E58.13895
G1 X115.302 Y41.092 E59.8618
G1 X115.847 Y41.092 E59.88801
G1 X140.631 Y65.876 E61.57379
G1 X140.631 Y65.331 E61.6
G1 X116.393 Y41.092 E63.24867
G1 X116.938 Y41.092 E63.27488
G1 X140.631 Y64.785 E64.88645
G1 X140.631 Y64.24 E64.91266
G1 X117.483 Y41.092 E66.48716
G1 X118.029 Y41.092 E66.51342
G1 X140.631 Y63.694 E68.05078
G1 X140.631 Y63.149 E68.07699
G1 X118.574 Y41.092 E69.57728
G1 X119.119 Y41.092 E69.60349
G1 X140.631 Y62.604 E71.06671
G1 X140.631 Y62.058 E71.09297
G1 X119.665 Y41.092 E72.51905
G1 X120.21 Y41.092 E72.54526
G1 X140.631 Y61.513 E73.93427
G1 X140.631 Y60.968 E73.96048
G1 X120.755 Y41.092 E75.31242
G1 X121.301 Y41.092 E75.33868
G1 X140.631 Y60.422 E76.65348
G1 X140.631 Y59.877 E76.67969
G1 X121.846 Y41.092 E77.95742
G1 X122.391 Y41.092 E77.98363
G1 X140.631 Y59.332 E79.22429
G1 X140.631 Y58.786 E79.25055
G1 X122.937 Y41.092 E80.45407
G1 X123.482 Y41.092 E80.48028
G1 X140.631 Y58.241 E81.64673
G1 X140.631 Y57.696 E81.67294
G1 X124.027 Y41.092 E82.80232
G1 X124.573 Y41.092 E82.82858
G1 X140.631 Y57.15 E83.92083
G1 X140.631 Y56.605 E83.94704
G1 X125.118 Y41.092 E85.00222
G1 X125.663 Y41.092 E85.02843
G1 X140.631 Y56.06 E86.04653
G1 X140.722 Y55.606 E86.0688
G1 X126.209 Y41.092 E87.05599
G1 X126.754 Y41.092 E87.0822
G1 X140.929 Y55.267 E88.04637
G1 X141.219 Y55.012 E88.06494
G1 X127.299 Y41.092 E89.01176
G1 X127.845 Y41.092 E89.03802
G1 X141.605 Y54.852 E89.97396
G1 X142.117 Y54.82 E89.99863
G1 X128.39 Y41.092 E90.93236
G1 X128.935 Y41.092 E90.95857
G1 X142.663 Y54.82 E91.89233
G1 X143.208 Y54.82 E91.91854
G1 X129.481 Y41.092 E92.85227
G1 X130.026 Y41.092 E92.87848
G1 X143.753 Y54.82 E93.81221
G1 X144.299 Y54.82 E93.83847
G1 X130.572 Y41.092 E94.7722
G1 X131.117 Y41.092 E94.79841
G1 X144.844 Y54.82 E95.73214
G1 X145.389 Y54.82 E95.75835
G1 X131.662 Y41.092 E96.69208
G1 X132.208 Y41.092 E96.71834
G1 X145.935 Y54.82 E97.65207
G1 X146.48 Y54.82 E97.67828
G1 X132.753 Y41.092 E98.61201
G1 X133.298 Y41.092 E98.63822
G1 X147.025 Y54.82 E99.57195
G1 X147.571 Y54.82 E99.59821
G1 X133.844 Y41.092 E100.53194
G1 X134.389 Y41.092 E100.55815
G1 X148.116 Y54.82 E101.49188
G1 X148.661 Y54.82 E101.51809
G1 X134.934 Y41.092 E102.45182
G1 X135.48 Y41.092 E102.47808
G1 X149.207 Y54.82 E103.41181
G1 X149.752 Y54.82 E103.43802
G1 X136.025 Y41.092 E104.37175
G1 X136.57 Y41.092 E104.39796
G1 X150.297 Y54.82 E105.33169
G1 X150.843 Y54.82 E105.35795
G1 X137.116 Y41.092 E106.29168
G1 X137.661 Y41.092 E106.31789
G1 X151.388 Y54.82 E107.25162
G1 X152.195 Y54.891 F7800
;WIDTH:0.404381
G1 F1200
G1 X152.176 Y54.963 E107.25478
G1 X152.247 Y54.943 E107.25791
G1 X152.236 Y54.902 E107.25971
;WIDTH:0.45
G1 X151.934 Y54.82 E107.27476
G1 X138.206 Y41.092 E108.20852
G1 X138.752 Y41.092 E108.23478
G1 X147.519 Y49.86 E108.83113
G1 X147.689 Y50.132 E108.84656
;WIDTH:0.404381
G1 X147.867 Y50.387 E108.85975
G1 X148.168 Y50.698 E108.8781
G1 X148.477 Y50.92 E108.89423
;WIDTH:0.45
G1 X148.75 Y51.09 E108.9097
G1 X152.479 Y54.82 E109.16338
G1 X152.657 Y54.954 E109.1741
;WIDTH:0.404381
G1 X152.668 Y54.995 E109.1759
G1 X152.597 Y55.014 E109.17902
G1 X152.616 Y54.943 E109.18214
;WIDTH:0.45
G1 X153.024 Y54.82 E109.20264
G1 X149.293 Y51.088 E109.45645
G1 X149.691 Y50.941 E109.47686
G1 X153.57 Y54.82 E109.7407
G1 X154.115 Y54.82 E109.76691
G1 X150.028 Y50.732 E110.04494
G1 X150.268 Y50.427 E110.06361
G1 X154.66 Y54.82 E110.36238
G1 E108.36238 F2400
G92 E0
G1 X151.392 Y50.822 F7800
G1 E2 F2400
;WIDTH:0.404381
G1 F1200
G1 X151.237 Y50.774 E2.00688
G1 X151.087 Y50.773 E2.01324
G1 X150.388 Y50.092 E2.05462
G1 X151.359 Y50.973 F7800
;WIDTH:0.45
G1 F1200
G1 X155.206 Y54.82 E2.31629
G1 X155.751 Y54.82 E2.3425
G1 X152.054 Y51.123 E2.59397
G1 X152.6 Y51.123 E2.62023
G1 X156.296 Y54.82 E2.87166
G1 X156.842 Y54.82 E2.89792
G1 X153.145 Y51.123 E3.14939
G1 X153.69 Y51.123 E3.1756
G1 X157.387 Y54.82 E3.42707
G1 X157.932 Y54.82 E3.45328
G1 X154.199 Y51.087 E3.70719
G1 X154.676 Y51.017 E3.73038
G1 X158.478 Y54.82 E3.98902
G1 X159.023 Y54.82 E4.01523
G1 X155.304 Y51.101 E4.26819
G1 X155.871 Y51.122 E4.29548
G1 X159.568 Y54.82 E4.54698
G1 X160.114 Y54.82 E4.57324
G1 X156.417 Y51.123 E4.82471
G1 X156.962 Y51.123 E4.85092
G1 X160.659 Y54.82 E5.10239
G1 X161.204 Y54.82 E5.1286
G1 X157.508 Y51.123 E5.38003
G1 X158.03 Y51.1 E5.40516
G1 X161.75 Y54.82 E5.65819
G1 X162.295 Y54.82 E5.6844
G1 X158.454 Y50.978 E5.94569
G1 X159.12 Y51.099 E5.97825
G1 X162.84 Y54.82 E6.23131
G1 X163.386 Y54.82 E6.25757
G1 X159.672 Y51.106 E6.51019
G1 X160.234 Y51.123 E6.53723
G1 X163.931 Y54.82 E6.7887
G1 X164.476 Y54.82 E6.81491
G1 X160.78 Y51.123 E7.06634
G1 X161.325 Y51.123 E7.09255
G1 X165.022 Y54.82 E7.34402
G1 X165.567 Y54.82 E7.37023
G1 X161.863 Y51.115 E7.62221
G1 X162.302 Y51.009 E7.64393
G1 X166.113 Y54.82 E7.90315
G1 X166.658 Y54.82 E7.92936
G1 X162.666 Y50.827 E8.20092
G1 X162.959 Y50.575 E8.21951
G1 X167.203 Y54.82 E8.50822
G1 X167.749 Y54.82 E8.53448
G1 X163.232 Y50.303 E8.84172
G1 X164.132 Y50.853 F7800
;WIDTH:0.404381
G1 F1200
G1 X164.3 Y50.959 E8.85014
;WIDTH:0.45
G1 X164.572 Y51.098 E8.86483
G1 X168.294 Y54.82 E9.118
G1 X168.839 Y54.82 E9.14421
G1 X165.09 Y51.07 E9.39925
G1 X165.482 Y50.917 E9.41949
G1 X169.385 Y54.82 E9.68497
G1 X169.93 Y54.82 E9.71118
G1 X165.78 Y50.67 E9.99346
G1 X166.03 Y50.374 E10.01209
G1 X170.475 Y54.82 E10.31447
G1 X171.021 Y54.82 E10.34073
G1 X167.248 Y51.047 E10.59736
G1 X166.976 Y50.861 E10.61321
;WIDTH:0.404381
G1 X166.685 Y50.628 E10.62902
;WIDTH:0.438727
G1 X166.214 Y50.02 E10.66493
G1 X167.869 Y51.123 F7800
;WIDTH:0.45
G1 F1200
G1 X171.566 Y54.82 E10.9164
G1 X172.111 Y54.82 E10.94261
G1 X168.415 Y51.123 E11.19404
G1 X168.96 Y51.123 E11.22025
G1 X172.657 Y54.82 E11.47172
G1 X173.202 Y54.82 E11.49793
G1 X169.505 Y51.123 E11.7494
G1 X169.991 Y51.063 E11.77295
G1 X173.747 Y54.82 E12.02846
G1 X174.588 Y54.883 F7800
;WIDTH:0.404381
G1 F1200
G1 X174.599 Y54.924 E12.03026
G1 X174.528 Y54.943 E12.03338
G1 X174.547 Y54.872 E12.0365
;WIDTH:0.45
G1 X174.293 Y54.82 E12.04897
G1 X170.378 Y50.905 E12.31526
G1 X170.699 Y50.681 E12.33409
G1 X174.465 Y54.446 E12.59021
G1 X174.465 Y53.901 E12.61642
G1 X170.93 Y50.367 E12.85683
G1 X171.093 Y49.984 E12.87685
G1 X174.465 Y53.355 E13.10618
G1 X174.465 Y52.81 E13.13239
G1 X171.154 Y49.5 E13.35757
G1 X170.759 Y48.559 F7800
G1 F1200
G1 X174.465 Y52.265 E13.60965
G1 X174.465 Y51.719 E13.63591
G1 X170.18 Y47.435 E13.92734
G1 X170.045 Y47.256 E13.93812
;WIDTH:0.404381
G1 X170.056 Y47.298 E13.93996
G1 X169.985 Y47.317 E13.94308
G1 X170.004 Y47.245 E13.94624
;WIDTH:0.45
G1 X170.18 Y46.889 E13.96534
G1 X174.465 Y51.174 E14.2568
G1 X174.465 Y50.629 E14.28301
G1 X170.18 Y46.344 E14.57447
G1 E12.57447 F2400
G92 E0
G1 X147.488 Y49.284 F7800
G1 E2 F2400
G1 F1200
G1 X139.297 Y41.092 E2.55718
G1 X139.842 Y41.092 E2.58339
G1 X147.488 Y48.738 E3.10346
G1 X146.893 Y47.704 F7800
;WIDTH:0.383882
G1 F1200
G1 X147.04 Y47.811 E3.11071
;WIDTH:0.364581
G1 X147.531 Y48.297 E3.13658
;WIDTH:0.362472
G1 X147.53 Y47.797 E3.15517
;WIDTH:0.369483
G1 X147.025 Y47.748 E3.17448
;WIDTH:0.404381
G1 X146.737 Y47.59 E3.18841
G1 X146.335 Y47.224 E3.21146
G1 X146.041 Y46.864 E3.23117
;WIDTH:0.45
G1 X145.887 Y46.591 E3.24625
G1 X140.388 Y41.092 E3.62029
G1 X140.933 Y41.092 E3.6465
G1 X145.888 Y46.048 E3.98357
G1 X146.028 Y45.642 E4.00423
G1 X141.478 Y41.092 E4.31372
G1 X142.024 Y41.092 E4.33998
G1 X146.24 Y45.308 E4.62675
G1 X146.538 Y45.062 E4.64534
G1 X142.569 Y41.092 E4.91534
G1 X143.115 Y41.092 E4.9416
G1 X146.905 Y44.883 E5.19943
G1 X147.358 Y44.791 E5.22166
G1 X143.66 Y41.092 E5.47323
G1 X144.205 Y41.092 E5.49944
G1 X147.902 Y44.789 E5.75091
G1 X148.447 Y44.789 E5.77712
G1 X144.751 Y41.092 E6.02855
G1 X145.296 Y41.092 E6.05476
G1 X148.993 Y44.789 E6.30623
G1 X149.538 Y44.789 E6.33244
G1 X145.841 Y41.092 E6.58391
G1 X146.387 Y41.092 E6.61017
G1 X150.083 Y44.789 E6.8616
G1 X150.629 Y44.789 E6.88786
G1 X146.932 Y41.092 E7.13933
G1 X147.477 Y41.092 E7.16554
G1 X151.184 Y44.799 E7.41769
G1 X151.719 Y44.789 E7.44343
G1 X148.023 Y41.092 E7.69486
G1 X148.568 Y41.092 E7.72107
G1 X152.265 Y44.789 E7.97254
G1 X152.81 Y44.789 E7.99875
G1 X149.113 Y41.092 E8.25022
G1 X149.659 Y41.092 E8.27648
G1 X153.355 Y44.789 E8.52791
G1 X153.901 Y44.789 E8.55417
G1 X150.204 Y41.092 E8.80564
G1 X150.749 Y41.092 E8.83185
G1 X154.446 Y44.789 E9.08332
G1 X155.263 Y45.073 F7800
;WIDTH:0.404381
G1 F1200
G1 X155.274 Y45.114 E9.08512
G1 X155.203 Y45.133 E9.08824
G1 X155.222 Y45.062 E9.09136
;WIDTH:0.45
G1 X155.113 Y44.91 E9.10036
G1 X151.295 Y41.092 E9.36006
G1 X151.84 Y41.092 E9.38627
G1 X155.578 Y44.831 E9.64056
G1 X156.082 Y44.789 E9.66488
G1 X152.385 Y41.092 E9.91635
G1 X152.931 Y41.092 E9.94261
G1 X156.627 Y44.789 E10.19404
G1 X157.173 Y44.789 E10.2203
G1 X153.476 Y41.092 E10.47177
G1 X154.021 Y41.092 E10.49798
G1 X157.718 Y44.789 E10.74945
G1 X158.292 Y44.818 E10.77709
G1 X154.567 Y41.092 E11.03049
G1 X155.112 Y41.092 E11.0567
G1 X158.859 Y44.84 E11.3116
G1 X159.163 Y45.023 E11.32867
;WIDTH:0.404381
G1 X159.144 Y45.094 E11.33179
G1 X159.216 Y45.075 E11.33495
G1 X159.205 Y45.034 E11.33675
;WIDTH:0.45
G1 X159.423 Y44.858 E11.35023
G1 X155.658 Y41.092 E11.60635
G1 X156.203 Y41.092 E11.63256
G1 X159.9 Y44.789 E11.88403
G1 X160.445 Y44.789 E11.91024
G1 X156.748 Y41.092 E12.16171
G1 X157.294 Y41.092 E12.18797
G1 X160.99 Y44.789 E12.4394
G1 X161.536 Y44.789 E12.46566
G1 X157.839 Y41.092 E12.71713
G1 X158.384 Y41.092 E12.74334
G1 X162.122 Y44.83 E12.99759
G1 X162.646 Y44.809 E13.02281
G1 X158.93 Y41.092 E13.2756
G1 X159.475 Y41.092 E13.30181
G1 X163.192 Y44.81 E13.55467
G1 X163.495 Y44.912 E13.57005
;WIDTH:0.404381
G1 X163.506 Y44.953 E13.57185
G1 X163.435 Y44.972 E13.57497
G1 X163.454 Y44.901 E13.57809
G1 X164.752 Y46.245 F7800
G1 F1200
G1 X164.763 Y46.286 E13.57989
G1 X164.692 Y46.305 E13.58301
G1 X164.711 Y46.234 E13.58613
;WIDTH:0.45
G1 X164.847 Y45.919 E13.60263
G1 X160.02 Y41.092 E13.93096
G1 X160.566 Y41.092 E13.95722
G1 X165.039 Y45.565 E14.26147
G1 X165.27 Y45.252 E14.28018
G1 X161.111 Y41.092 E14.5631
G1 X161.656 Y41.092 E14.58931
G1 X165.579 Y45.015 E14.85615
G1 X165.967 Y44.857 E14.8763
G1 X162.202 Y41.092 E15.13239
G1 X162.747 Y41.092 E15.1586
G1 X166.451 Y44.796 E15.41054
G1 X166.712 Y44.897 E15.424
;WIDTH:0.404381
G1 X166.693 Y44.968 E15.42712
G1 X166.764 Y44.949 E15.43024
G1 X166.753 Y44.908 E15.43204
G1 X167.468 Y45.268 F7800
;WIDTH:0.45
G1 F1200
G1 X163.292 Y41.092 E15.71609
G1 X163.838 Y41.092 E15.74235
G1 X167.795 Y45.05 E16.01153
G1 X168.171 Y44.88 E16.03138
G1 X164.383 Y41.092 E16.28904
G1 X164.928 Y41.092 E16.31525
G1 X168.629 Y44.793 E16.56699
G1 X169.743 Y45.322 F7800
;WIDTH:0.404381
G1 F1200
G1 X169.646 Y45.218 E16.57302
;WIDTH:0.45
G1 X169.374 Y44.992 E16.59003
G1 X165.474 Y41.092 E16.8553
G1 E14.8553 F2400
G92 E0
G1 X169.976 Y45.595 F7800
G1 E2 F2400
G1 F1200
G1 X174.465 Y50.083 E2.3053
G1 X174.567 Y49.769 E2.32118
;WIDTH:0.404381
G1 X174.547 Y49.841 E2.32435
G1 X174.619 Y49.822 E2.32751
G1 X174.608 Y49.78 E2.32935
;WIDTH:0.45
G1 X174.465 Y49.538 E2.34287
G1 X166.019 Y41.092 E2.91736
G1 X166.564 Y41.092 E2.94357
G1 X174.465 Y48.993 E3.48099
G1 X174.465 Y48.447 E3.50725
G1 X167.11 Y41.092 E4.00753
G1 X167.655 Y41.092 E4.03374
G1 X174.465 Y47.902 E4.49695
G1 X174.465 Y47.356 E4.52321
G1 X168.201 Y41.092 E4.94928
G1 X168.746 Y41.092 E4.97549
G1 X174.465 Y46.811 E5.36449
G1 X174.465 Y46.266 E5.3907
G1 X169.291 Y41.092 E5.74263
G1 X169.837 Y41.092 E5.76889
G1 X174.465 Y45.72 E6.08368
G1 X174.465 Y45.175 E6.10989
G1 X170.382 Y41.092 E6.38761
G1 X170.927 Y41.092 E6.41382
G1 X174.465 Y44.63 E6.65447
G1 X174.465 Y44.084 E6.68073
G1 X171.473 Y41.092 E6.88424
G1 X172.018 Y41.092 E6.91045
G1 X174.465 Y43.539 E7.07689
G1 X174.465 Y42.994 E7.1031
G1 X172.563 Y41.092 E7.23247
G1 X174.465 Y41.092 E7.32395
G1 X174.465 Y42.448 E7.38917
G1 X173.245 Y41.229 E7.47212
G1 X174.054 Y41.44 F7800
;WIDTH:0.473021
G1 F1200
G1 X174.018 Y41.476 E7.47471
G1 X174.031 Y41.526 E7.47734
G1 X174.081 Y41.539 E7.47997
G1 X174.117 Y41.503 E7.48256
G1 X174.104 Y41.453 E7.48519
G1 E5.48519 F2400
G92 E0
G1 X140.88 Y154.543 F7800
G1 E2 F2400
;WIDTH:0.404381
G1 F1200
G1 X140.988 Y154.686 E2.0076
G1 X141.265 Y154.939 E2.02351
;WIDTH:0.45
G1 X141.538 Y155.13 E2.03953
G1 X155.316 Y168.908 E2.97669
G1 X155.861 Y168.908 E3.0029
G1 X142.134 Y155.18 E3.93663
G1 X142.68 Y155.18 E3.96289
G1 X156.407 Y168.908 E4.89662
G1 X156.952 Y168.908 E4.92283
G1 X143.225 Y155.18 E5.85656
G1 X143.77 Y155.18 E5.88277
G1 X157.497 Y168.908 E6.8165
G1 X158.043 Y168.908 E6.84276
G1 X144.316 Y155.18 E7.77649
G1 X144.861 Y155.18 E7.8027
G1 X158.588 Y168.908 E8.73643
G1 X159.133 Y168.908 E8.76264
G1 X145.406 Y155.18 E9.69637
G1 X145.952 Y155.18 E9.72263
G1 X159.679 Y168.908 E10.65636
G1 X160.224 Y168.908 E10.68257
G1 X146.497 Y155.18 E11.6163
G1 X147.042 Y155.18 E11.64251
G1 X160.769 Y168.908 E12.57624
G1 X161.315 Y168.908 E12.6025
G1 X147.588 Y155.18 E13.53623
G1 X148.133 Y155.18 E13.56244
G1 X161.86 Y168.908 E14.49617
G1 X162.405 Y168.908 E14.52238
G1 X148.678 Y155.18 E15.45611
G1 X149.224 Y155.18 E15.48237
G1 X162.951 Y168.908 E16.4161
G1 X163.496 Y168.908 E16.44231
G1 X149.769 Y155.18 E17.37604
G1 X150.314 Y155.18 E17.40225
G1 X164.041 Y168.908 E18.33598
G1 X164.587 Y168.908 E18.36224
G1 X150.86 Y155.18 E19.29597
G1 X151.405 Y155.18 E19.32218
G1 X165.132 Y168.908 E20.25591
G1 X165.678 Y168.908 E20.28217
G1 X151.95 Y155.18 E21.21593
G1 X152.496 Y155.18 E21.24219
G1 X166.223 Y168.908 E22.17592
G1 X166.768 Y168.908 E22.20213
G1 X153.041 Y155.18 E23.13586
G1 X153.586 Y155.18 E23.16207
G1 X167.314 Y168.908 E24.09583
G1 X167.859 Y168.908 E24.12204
G1 X154.132 Y155.18 E25.05577
G1 X154.677 Y155.18 E25.08198
G1 X168.404 Y168.908 E26.01571
G1 X168.95 Y168.908 E26.04197
G1 X155.223 Y155.18 E26.9757
G1 X155.768 Y155.18 E27.00191
G1 X169.495 Y168.908 E27.93564
G1 X170.04 Y168.908 E27.96185
G1 X156.313 Y155.18 E28.89558
G1 X156.859 Y155.18 E28.92184
G1 X170.586 Y168.908 E29.85557
G1 X171.131 Y168.908 E29.88178
G1 X157.404 Y155.18 E30.81551
G1 X157.949 Y155.18 E30.84172
G1 X171.676 Y168.908 E31.77545
G1 X172.222 Y168.908 E31.80171
G1 X158.495 Y155.18 E32.73544
G1 X159.04 Y155.18 E32.76165
G1 X172.767 Y168.908 E33.69538
G1 X173.312 Y168.908 E33.72159
G1 X159.585 Y155.18 E34.65532
G1 X160.131 Y155.18 E34.68158
G1 X173.858 Y168.908 E35.61531
G1 X174.607 Y168.914 E35.65134
;WIDTH:0.404381
G1 X174.599 Y169.042 E35.65678
;WIDTH:0.45
G1 X174.403 Y168.908 E35.6682
G1 X160.676 Y155.18 E36.60193
G1 X161.221 Y155.18 E36.62814
G1 X174.465 Y168.424 E37.52898
G1 X174.465 Y167.878 E37.55524
G1 X161.767 Y155.18 E38.41894
G1 X162.312 Y155.18 E38.44515
G1 X174.465 Y167.333 E39.27178
G1 X174.465 Y166.788 E39.29799
G1 X162.857 Y155.18 E40.08755
G1 X163.403 Y155.18 E40.11381
G1 X174.465 Y166.242 E40.86623
G1 X174.465 Y165.697 E40.89244
G1 X163.948 Y155.18 E41.60779
G1 X164.493 Y155.18 E41.634
G1 X174.465 Y165.152 E42.31228
G1 X174.465 Y164.606 E42.33854
G1 X165.039 Y155.18 E42.97968
G1 X165.584 Y155.18 E43.00589
G1 X174.465 Y164.061 E43.60996
G1 X174.465 Y163.516 E43.63617
G1 X166.129 Y155.18 E44.20317
G1 X166.675 Y155.18 E44.22943
G1 X174.465 Y162.97 E44.7593
G1 X174.465 Y162.425 E44.78551
G1 X167.22 Y155.18 E45.27831
G1 X167.766 Y155.18 E45.30457
G1 X174.465 Y161.879 E45.76023
G1 X174.465 Y161.334 E45.78644
G1 X168.311 Y155.18 E46.20503
G1 X168.856 Y155.18 E46.23124
G1 X174.465 Y160.789 E46.61276
G1 X174.465 Y160.243 E46.63902
G1 X169.402 Y155.18 E46.9834
G1 X169.947 Y155.18 E47.00961
G1 X174.465 Y159.698 E47.31692
G1 X174.465 Y159.153 E47.34313
G1 X170.492 Y155.18 E47.61337
G1 X171.038 Y155.18 E47.63963
G1 X174.465 Y158.607 E47.87273
G1 X174.465 Y158.062 E47.89894
G1 X171.583 Y155.18 E48.09497
G1 X172.128 Y155.18 E48.12118
G1 X174.465 Y157.517 E48.28014
G1 X174.465 Y156.971 E48.3064
G1 X172.674 Y155.18 E48.42822
G1 X174.465 Y155.18 E48.51436
G1 X174.465 Y156.426 E48.57429
G1 X173.355 Y155.317 E48.64976
G1 E46.64976 F2400
G92 E0
G1 X161.394 Y48.667 F7800
G1 E2 F2400
;TYPE:Perimeter
;WIDTH:0.588889
G1 F1200
G1 X161.507 Y48.554 E2.01045
G1 X161.962 Y47.456 F7800
;TYPE:External perimeter
;WIDTH:0.45
G1 F1200
G1 X161.962 Y48.743 E2.07235
G1 X161.583 Y49.122 E2.09813
G1 X160.296 Y49.122 E2.16003
G1 X161.919 Y47.498 E2.27046
G1 X161.967 Y47.895 F7800
G1 X160.086 Y47.358
;TYPE:Perimeter
;WIDTH:0.588885
G1 F1200
G1 X160.198 Y47.245 E2.28087
G1 X159.631 Y48.456 F7800
;TYPE:External perimeter
;WIDTH:0.45
G1 F1200
G1 X159.631 Y47.169 E2.34277
G1 X160.009 Y46.79 E2.36852
G1 X161.297 Y46.79 E2.43047
G1 X159.673 Y48.414 E2.54093
G1 X159.626 Y48.017 F7800
G1 E.54093 F2400
G92 E0
G1 X157.468 Y48.667 F7800
G1 E2 F2400
;TYPE:Perimeter
;WIDTH:0.588886
G1 F1200
G1 X157.58 Y48.554 E2.01041
G1 X158.035 Y47.456 F7800
;TYPE:External perimeter
;WIDTH:0.45
G1 F1200
G1 X158.035 Y48.743 E2.07231
G1 X157.657 Y49.122 E2.09806
G1 X156.369 Y49.122 E2.16001
G1 X157.993 Y47.498 E2.27047
G1 X158.04 Y47.895 F7800
G1 X156.159 Y47.358
;TYPE:Perimeter
;WIDTH:0.588885
G1 F1200
G1 X156.272 Y47.245 E2.28092
G1 X157.348 Y46.79 F7800
;TYPE:External perimeter
;WIDTH:0.45
G1 F1200
G1 X157.37 Y46.79 E2.28198
G1 X155.704 Y48.456 E2.3953
G1 X155.704 Y47.169 E2.4572
G1 X156.083 Y46.79 E2.48298
G1 X157.288 Y46.79 E2.54094
G1 X157.06 Y47.119 F7800
G1 E.54094 F2400
G92 E0
G1 X103.545 Y48.667 F7800
G1 E2 F2400
;TYPE:Perimeter
;WIDTH:0.588886
G1 F1200
G1 X103.657 Y48.554 E2.01041
G1 X104.112 Y47.477 F7800
;TYPE:External perimeter
;WIDTH:0.45
G1 F1200
G1 X104.112 Y48.743 E2.0713
G1 X103.733 Y49.122 E2.09708
G1 X102.446 Y49.122 E2.15898
G1 X104.085 Y47.483 E2.27046
G1 X104.112 Y47.882 F7800
G1 X102.236 Y47.358
;TYPE:Perimeter
;WIDTH:0.588886
G1 F1200
G1 X102.348 Y47.245 E2.28087
G1 X103.447 Y46.79 F7800
;TYPE:External perimeter
;WIDTH:0.45
G1 F1200
G1 X101.781 Y48.456 E2.39419
G1 X101.781 Y47.169 E2.45609
G1 X102.16 Y46.79 E2.48187
G1 X103.387 Y46.79 E2.54088
G1 X103.139 Y47.105 F7800
G1 E.54088 F2400
G92 E0
G1 X91.765 Y48.667 F7800
G1 E2 F2400
;TYPE:Perimeter
;WIDTH:0.588886
G1 F1200
G1 X91.878 Y48.554 E2.01045
G1 X92.333 Y47.456 F7800
;TYPE:External perimeter
;WIDTH:0.45
G1 F1200
G1 X92.333 Y48.743 E2.07235
G1 X91.954 Y49.122 E2.09813
G1 X90.667 Y49.122 E2.16003
G1 X92.29 Y47.498 E2.27046
G1 X92.338 Y47.895 F7800
G1 X90.457 Y47.358
;TYPE:Perimeter
;WIDTH:0.588886
G1 F1200
G1 X90.569 Y47.245 E2.28087
G1 X90.002 Y48.435 F7800
;TYPE:External perimeter
;WIDTH:0.45
G1 F1200
G1 X90.002 Y47.169 E2.34176
G1 X90.38 Y46.79 E2.36751
G1 X91.668 Y46.79 E2.42946
G1 X90.029 Y48.429 E2.54094
G1 X90.001 Y48.03 F7800
G1 E.54094 F2400
G92 E0
G1 X83.913 Y48.667 F7800
G1 E2 F2400
;TYPE:Perimeter
;WIDTH:0.588886
G1 F1200
G1 X84.025 Y48.554 E2.01041
G1 X82.836 Y49.122 F7800
;TYPE:External perimeter
;WIDTH:0.45
G1 F1200
G1 X82.814 Y49.122 E2.01147
G1 X84.48 Y47.456 E2.12479
G1 X84.48 Y48.743 E2.18669
G1 X84.101 Y49.122 E2.21247
G1 X82.896 Y49.122 E2.27043
G1 X83.124 Y48.793 F7800
G1 X82.604 Y47.358
;TYPE:Perimeter
;WIDTH:0.588886
G1 F1200
G1 X82.716 Y47.245 E2.28084
G1 X82.149 Y48.456 F7800
;TYPE:External perimeter
;WIDTH:0.45
G1 F1200
G1 X82.149 Y47.169 E2.34274
G1 X82.528 Y46.79 E2.36852
G1 X83.815 Y46.79 E2.43042
G1 X82.191 Y48.414 E2.54088
G1 X82.144 Y48.017 F7800
;LAYER_CHANGE
;Z:1.25
;HEIGHT:0.3
G1 E.54088 F2400
G92 E0
G1 Z1.25 F7800
;AFTER_LAYER_CHANGE
;1.25
G1 X167.389 Y48.383
G1 E2 F2400
;TYPE:Perimeter
;WIDTH:0.48598
G1 F1200
G1 X167.092 Y48.489 E2.01658
;WIDTH:0.528826
G1 X166.906 Y48.635 E2.03028
;WIDTH:0.571672
G1 X166.721 Y48.781 E2.04519
;WIDTH:0.614519
G1 X166.535 Y48.928 E2.06146
G1 X166.669 Y48.611 E2.08507
;WIDTH:0.571672
G1 X166.803 Y48.294 E2.10685
;WIDTH:0.528826
G1 X166.938 Y47.978 E2.12676
;WIDTH:0.48598
G1 X167.112 Y48.105 E2.13809
G1 X167.369 Y48.195 E2.15241
G1 X167.383 Y48.323 E2.15918
G1 X166.372 Y49.289 F7800
;WIDTH:0.645545
G1 F1200
G1 X166.535 Y48.928 E2.18789
G1 E.18789 F2400
G92 E0
G1 X158.855 Y45.142 F7800
G1 E2 F2400
;WIDTH:0.45
G1 F1500
G1 X158.95 Y45.16 E2.00465
G1 X159.164 Y45.273 E2.01629
G1 X159.684 Y45.078 E2.043
G1 X161.781 Y45.078 E2.14386
G1 X162.172 Y45.114 E2.16275
G1 X162.554 Y45.085 E2.18118
G1 X163.429 Y45.128 E2.22332
G1 X163.741 Y45.269 E2.23979
G1 X164.147 Y45.664 E2.26703
G1 X164.723 Y46.816 E2.32898
G1 X165.239 Y45.783 E2.38452
G1 X165.508 Y45.414 E2.40648
G1 X165.795 Y45.231 E2.42285
G1 X166.263 Y45.082 E2.44647
G1 X166.653 Y45.117 E2.4653
G1 X166.991 Y45.255 E2.48286
G1 X167.297 Y45.532 E2.50271
G1 X167.363 Y45.69 E2.51095
G1 X168.029 Y45.254 E2.54924
G1 X168.369 Y45.115 E2.56691
G1 X168.746 Y45.083 E2.58511
G1 X169.215 Y45.233 E2.60879
G1 X169.432 Y45.358 E2.62083
G1 X169.597 Y45.519 E2.63192
G1 X169.816 Y45.945 E2.65496
G1 X169.891 Y46.317 E2.67321
G1 X169.891 Y48.416 E2.77416
G1 X170.314 Y48.562 E2.79568
G1 X170.542 Y48.752 E2.80995
G1 X170.805 Y49.237 E2.83649
G1 X170.873 Y49.592 E2.85387
G1 X170.799 Y49.961 E2.87197
G1 X170.602 Y50.362 E2.89346
G1 X170.454 Y50.521 E2.90391
G1 X170.005 Y50.759 E2.92835
G1 X169.634 Y50.834 E2.94655
G1 X167.664 Y50.834 E3.0413
G1 X167.293 Y50.759 E3.0595
G1 X166.989 Y50.624 E3.0755
G1 X166.741 Y50.419 E3.09098
G1 X166.579 Y50.155 E3.10588
G1 X166.499 Y49.961 E3.11597
;WIDTH:0.498886
G1 X166.467 Y49.793 E3.12524
;WIDTH:0.547772
G1 X166.435 Y49.625 E3.13555
;WIDTH:0.596658
G1 X166.403 Y49.457 E3.1469
;WIDTH:0.645545
G1 X166.372 Y49.289 E3.15928
G1 X166.263 Y49.452 E3.17349
;WIDTH:0.596658
G1 X166.154 Y49.615 E3.18651
;WIDTH:0.547772
G1 X166.045 Y49.778 E3.19833
;WIDTH:0.498886
G1 X165.936 Y49.941 E3.20896
;WIDTH:0.45
G1 X165.752 Y50.276 E3.22734
G1 X165.348 Y50.661 E3.25418
G1 X164.996 Y50.799 E3.27236
G1 X164.616 Y50.813 E3.29065
G1 X164.206 Y50.722 E3.31085
G1 X163.876 Y50.473 E3.33073
G1 X163.603 Y50.129 E3.35185
G1 X163.388 Y49.7 E3.37493
G1 X162.747 Y50.379 E3.41984
G1 X162.453 Y50.626 E3.43831
G1 X161.923 Y50.834 E3.46569
G1 X159.811 Y50.834 E3.56727
G1 X159.37 Y50.809 E3.58851
G1 X158.948 Y50.811 E3.60881
G1 X158.506 Y50.635 E3.63169
G1 X157.983 Y50.834 E3.6586
G1 X155.885 Y50.834 E3.75951
G1 X155.34 Y50.813 E3.78574
G1 X154.9 Y50.786 E3.80694
G1 X154.576 Y50.639 E3.82405
G1 X154.056 Y50.834 E3.85076
G1 X151.959 Y50.834 E3.95162
G1 X151.59 Y50.76 E3.96972
G1 X151.274 Y50.619 E3.98636
G1 X150.665 Y50.051 E4.02641
G1 X150.261 Y49.596 E4.05568
G1 X150.184 Y49.969 E4.074
G1 X150.103 Y50.162 E4.08407
G1 X149.894 Y50.471 E4.10201
G1 X149.583 Y50.679 E4.12001
G1 X149.144 Y50.826 E4.14228
G1 X148.85 Y50.82 E4.15642
G1 X148.451 Y50.679 E4.17677
G1 X148.118 Y50.449 E4.19624
G1 X147.931 Y50.16 E4.2128
G1 X147.782 Y49.71 E4.2356
G1 X147.775 Y47.562 E4.33891
G1 X147.19 Y47.543 E4.36706
G1 X146.833 Y47.434 E4.38501
G1 X146.474 Y47.139 E4.40736
G1 X146.262 Y46.858 E4.42429
G1 X146.17 Y46.565 E4.43906
G1 X146.146 Y46.211 E4.45613
G1 X146.17 Y46.072 E4.46291
G1 X146.376 Y45.598 E4.48777
G1 X146.632 Y45.333 E4.50549
G1 X147.006 Y45.153 E4.52545
G1 X147.378 Y45.078 E4.5437
G1 X150.656 Y45.078 E4.70136
G1 X151.08 Y45.105 E4.72179
G1 X151.304 Y45.078 E4.73264
G1 X154.583 Y45.078 E4.89035
G1 X154.954 Y45.153 E4.90855
G1 X155.233 Y45.277 E4.92323
G1 X155.757 Y45.078 E4.95019
G1 X157.855 Y45.078 E5.0511
G1 X158.245 Y45.114 E5.06994
G1 X158.506 Y45.078 E5.08261
G1 X158.796 Y45.131 E5.09679
G1 X158.76 Y45.511 F7800
G1 F1500
G1 X158.815 Y45.521 E5.09948
G1 X159.146 Y45.778 E5.11964
G1 X159.399 Y45.587 E5.13489
G1 X159.735 Y45.464 E5.1521
G1 X161.781 Y45.464 E5.25051
G1 X162.061 Y45.512 E5.26417
G1 X162.119 Y45.545 E5.26738
G1 X162.432 Y45.463 E5.28294
G1 X162.798 Y45.514 E5.30071
G1 X163.193 Y45.485 E5.31976
G1 X163.463 Y45.552 E5.33314
G1 X163.825 Y45.882 E5.3567
G1 X164.723 Y47.678 E5.45328
G1 X165.584 Y45.955 E5.54592
G1 X165.77 Y45.698 E5.56118
G1 X166.138 Y45.507 E5.58112
G1 X166.359 Y45.463 E5.59196
G1 X166.703 Y45.536 E5.60887
G1 X167.025 Y45.805 E5.62905
G1 X167.194 Y46.261 E5.65244
G1 X168.24 Y45.576 E5.71258
G1 X168.549 Y45.472 E5.72826
G1 X168.749 Y45.472 E5.73788
G1 X169.197 Y45.664 E5.76132
G1 X169.379 Y45.9 E5.77565
G1 X169.494 Y46.202 E5.79119
G1 X169.505 Y48.751 E5.91379
G1 X169.753 Y48.757 E5.92572
G1 X170.084 Y48.871 E5.94256
G1 X170.26 Y49.014 E5.95347
G1 X170.447 Y49.379 E5.9732
G1 X170.482 Y49.671 E5.98734
G1 X170.362 Y50.01 E6.00464
G1 X170.203 Y50.228 E6.01762
G1 X169.857 Y50.403 E6.03627
G1 X169.634 Y50.448 E6.04721
G1 X167.664 Y50.448 E6.14196
G1 X167.441 Y50.403 E6.1529
G1 X167.081 Y50.216 E6.17241
G1 X166.935 Y50.008 E6.18463
G1 X166.855 Y49.813 E6.19477
G1 X166.855 Y49.371 E6.21603
G1 X166.953 Y49.137 E6.22823
G1 X167.253 Y48.859 E6.2479
G1 X167.664 Y48.736 E6.26853
G1 X167.793 Y48.736 E6.27473
G1 X167.793 Y47.809 E6.31932
G1 X167.41 Y47.79 E6.33776
G1 X167.152 Y47.64 E6.35211
G1 X167.001 Y47.49 E6.36235
G1 X166.879 Y47.193 E6.37779
G1 X165.497 Y49.958 E6.52646
G1 X165.238 Y50.258 E6.54552
G1 X165.075 Y50.373 E6.55511
G1 X164.829 Y50.427 E6.56722
G1 X164.489 Y50.413 E6.58359
G1 X164.306 Y50.337 E6.59312
G1 X164.056 Y50.107 E6.60946
G1 X163.802 Y49.664 E6.63402
G1 X163.288 Y48.637 E6.68926
G1 X163.288 Y48.941 E6.70388
G1 X163.165 Y49.353 E6.72456
G1 X163.04 Y49.541 E6.73542
G1 X162.381 Y50.2 E6.78024
G1 X162.193 Y50.325 E6.7911
G1 X161.857 Y50.448 E6.80831
G1 X159.811 Y50.448 E6.90672
G1 X159.445 Y50.399 E6.92448
G1 X159.145 Y50.446 E6.93908
G1 X158.915 Y50.398 E6.95038
G1 X158.556 Y50.199 E6.97012
G1 X158.511 Y50.143 E6.97358
G1 X158.267 Y50.325 E6.98822
G1 X157.931 Y50.448 E7.00543
G1 X155.885 Y50.448 E7.10384
G1 X155.518 Y50.399 E7.12165
G1 X155.127 Y50.427 E7.1405
G1 X154.846 Y50.354 E7.15446
G1 X154.594 Y50.134 E7.17055
G1 X154.34 Y50.325 E7.18584
G1 X154.004 Y50.448 E7.20305
G1 X151.959 Y50.448 E7.30141
G1 X151.737 Y50.404 E7.3123
G1 X151.472 Y50.287 E7.32623
G1 X150.938 Y49.779 E7.36168
G1 X150.602 Y49.41 E7.38568
;WIDTH:0.484209
G1 X150.537 Y49.289 E7.39287
;WIDTH:0.518418
G1 X150.473 Y49.167 E7.40067
;WIDTH:0.552628
G1 X150.409 Y49.046 E7.40901
;WIDTH:0.600889
G1 X150.425 Y48.687 E7.43306
;WIDTH:0.609313
G1 X150.526 Y48.447 E7.45076
G1 X150.468 Y48.257 E7.46426
;WIDTH:0.58113
G1 X150.409 Y48.068 E7.47702
;WIDTH:0.552947
G1 X150.403 Y47.465 E7.51377
;WIDTH:0.546372
G1 X150.403 Y47.224 E7.52826
G1 X149.921 Y47.224 E7.55724
G1 X149.921 Y47.959 E7.60143
;WIDTH:0.57363
G1 X149.935 Y48.276 E7.62158
;WIDTH:0.600889
G1 X149.948 Y48.593 E7.64281
G1 X149.924 Y48.936 E7.66582
;WIDTH:0.551966
G1 X149.9 Y49.28 E7.68679
;WIDTH:0.503043
G1 X149.864 Y49.55 E7.70169
;WIDTH:0.476521
G1 X149.828 Y49.82 E7.71569
;WIDTH:0.45
G1 X149.622 Y50.198 E7.73639
G1 X149.435 Y50.323 E7.74721
G1 X149.093 Y50.444 E7.76466
G1 X148.796 Y50.405 E7.77907
G1 X148.488 Y50.262 E7.7954
G1 X148.332 Y50.099 E7.80625
G1 X148.165 Y49.664 E7.82866
G1 X148.161 Y47.176 E7.94832
G1 X147.378 Y47.176 E7.98598
G1 X147.01 Y47.091 E8.00415
G1 X146.673 Y46.788 E8.02595
G1 X146.559 Y46.55 E8.03864
G1 X146.53 Y46.248 E8.05323
G1 X146.699 Y45.808 E8.0759
G1 X146.853 Y45.649 E8.08655
G1 X147.299 Y45.464 E8.10977
G1 X150.656 Y45.464 E8.27123
G1 X150.98 Y45.551 E8.28737
G1 X151.304 Y45.464 E8.30351
G1 X154.583 Y45.464 E8.46122
G1 X154.806 Y45.509 E8.47216
G1 X155.069 Y45.625 E8.48599
G1 X155.224 Y45.773 E8.4963
G1 X155.473 Y45.587 E8.51125
G1 X155.809 Y45.464 E8.52846
G1 X157.855 Y45.464 E8.62687
G1 X158.135 Y45.512 E8.64053
G1 X158.193 Y45.545 E8.64374
G1 X158.506 Y45.463 E8.6593
G1 X158.701 Y45.5 E8.66885
G1 X158.665 Y45.89 F7800
;TYPE:External perimeter
G1 F1500
G1 X158.724 Y45.906 E8.67179
G1 X158.899 Y46.077 E8.68356
;WIDTH:0.450251
G1 X158.956 Y46.214 E8.6907
;WIDTH:0.45353
G1 X158.957 Y46.426 E8.70099
;WIDTH:0.455691
G1 X158.911 Y46.555 E8.70767
G1 X159.392 Y46.077 E8.74077
;WIDTH:0.45
G1 X159.547 Y45.943 E8.75062
G1 X159.811 Y45.85 E8.76408
G1 X161.781 Y45.85 E8.85883
G1 X162.011 Y45.917 E8.87035
G1 X162.102 Y45.985 E8.87581
G1 X162.432 Y45.849 E8.89298
G1 X162.599 Y45.88 E8.90115
G1 X162.669 Y45.933 E8.90537
;WIDTH:0.446726
G1 X162.765 Y46.149 E8.91664
G1 X162.85 Y45.933 E8.92771
;WIDTH:0.45
G1 X162.98 Y45.87 E8.93466
G1 X163.283 Y45.893 E8.94928
G1 X163.516 Y46.128 E8.9652
G1 X164.723 Y48.54 E9.09492
G1 X165.929 Y46.128 E9.22462
G1 X166.089 Y45.944 E9.23635
G1 X166.396 Y45.853 E9.25175
G1 X166.601 Y45.927 E9.26223
G1 X166.752 Y46.077 E9.27247
G1 X166.809 Y46.264 E9.28187
;WIDTH:0.484716
G1 X166.814 Y46.395 E9.28874
;WIDTH:0.519432
G1 X166.82 Y46.526 E9.29618
G1 X166.59 Y46.946 E9.32336
;WIDTH:0.484716
G1 X166.361 Y47.365 E9.34839
;WIDTH:0.45
G1 X165.152 Y49.785 E9.4785
G1 X164.911 Y50.024 E9.49482
G1 X164.574 Y50.037 E9.51104
G1 X164.329 Y49.834 E9.52634
G1 X163.905 Y49.014 E9.57074
G1 X162.901 Y46.968 E9.68036
;WIDTH:0.42198
G1 X162.888 Y46.941 E9.6817
;WIDTH:0.45
G1 X162.903 Y48.941 E9.7779
G1 X162.767 Y49.268 E9.79493
G1 X162.108 Y49.927 E9.83975
G1 X161.781 Y50.062 E9.85677
G1 X159.811 Y50.062 E9.95152
G1 X159.582 Y49.995 E9.963
G1 X159.487 Y49.913 E9.96904
G1 X159.294 Y50.04 E9.98015
G1 X159.068 Y50.044 E9.99102
G1 X158.827 Y49.925 E10.00395
;WIDTH:0.451197
G1 X158.707 Y49.68 E10.01711
;WIDTH:0.458167
G1 X158.742 Y49.372 E10.03233
G1 X158.372 Y49.737 E10.05786
;WIDTH:0.45
G1 X158.119 Y49.969 E10.07437
G1 X157.855 Y50.062 E10.08783
G1 X155.885 Y50.062 E10.18258
G1 X155.655 Y49.995 E10.1941
G1 X155.561 Y49.913 E10.2001
G1 X155.355 Y50.041 E10.21176
G1 X155.033 Y50.017 E10.22729
G1 X154.84 Y49.835 E10.24005
;WIDTH:0.45077
G1 X154.784 Y49.698 E10.24718
;WIDTH:0.458175
G1 X154.816 Y49.372 E10.26327
G1 X154.347 Y49.835 E10.29564
;WIDTH:0.45
G1 X154.193 Y49.969 E10.30546
G1 X153.928 Y50.062 E10.31897
G1 X151.959 Y50.062 E10.41367
G1 X151.631 Y49.927 E10.43073
G1 X150.973 Y49.268 E10.47552
G1 X150.836 Y48.938 E10.49271
G1 X150.954 Y48.629 E10.50862
;WIDTH:0.484726
G1 X151.227 Y48.465 E10.52532
;WIDTH:0.491803
G1 X151.287 Y48.447 E10.52866
G1 X151.034 Y48.335 E10.54341
;WIDTH:0.460516
G1 X150.906 Y48.163 E10.554
;WIDTH:0.45
G1 X150.837 Y47.959 E10.56436
G1 X150.837 Y46.731 E10.62342
G1 X150.656 Y46.79 E10.63258
G1 X149.487 Y46.79 E10.6888
G1 X149.487 Y49.596 E10.82376
G1 X149.35 Y49.925 E10.8409
G1 X149.017 Y50.063 E10.85824
G1 X148.71 Y49.947 E10.87402
G1 X148.553 Y49.646 E10.89035
G1 X148.547 Y46.79 E11.02771
G1 X147.378 Y46.79 E11.08393
G1 X147.145 Y46.72 E11.09563
G1 X146.935 Y46.467 E11.11144
G1 X146.919 Y46.258 E11.12152
G1 X147.074 Y45.965 E11.13746
G1 X147.378 Y45.85 E11.15309
G1 X150.656 Y45.85 E11.31075
G1 X150.924 Y45.945 E11.32443
G1 X150.98 Y46.002 E11.32827
G1 X151.257 Y45.85 E11.34347
G1 X154.583 Y45.85 E11.50344
G1 X154.912 Y45.986 E11.52056
G1 X155.036 Y46.246 E11.53441
G1 X155.034 Y46.393 E11.54148
;WIDTH:0.445649
G1 X154.958 Y46.594 E11.5517
;WIDTH:0.45
G1 X155.62 Y45.943 E11.59636
G1 X155.885 Y45.85 E11.60987
G1 X157.855 Y45.85 E11.70462
G1 X158.084 Y45.917 E11.7161
G1 X158.176 Y45.985 E11.7216
G1 X158.506 Y45.849 E11.73877
G1 X158.607 Y45.875 E11.74379
G1 X158.907 Y46.139 F7800
G1 E9.74379 F2400
G92 E0
G1 X154.907 Y48.961 F7800
G1 E2 F2400
;WIDTH:0.428333
G1 F1200
G1 X154.907 Y49.26 E2.01357
;WIDTH:0.458175
G1 X154.816 Y49.372 E2.02066
G1 E.02066 F2400
G92 E0
G1 X158.742 Y49.372 F7800
G1 E2 F2400
;WIDTH:0.458167
G1 F1200
G1 X158.833 Y49.274 E2.00657
G1 E.00657 F2400
G92 E0
G1 X158.833 Y46.638 F7800
G1 E2 F2400
;WIDTH:0.455691
G1 F1200
G1 X158.911 Y46.555 E2.00556
G1 E.00556 F2400
G92 E0
G1 X162.879 Y46.921 F7800
G1 E2 F2400
;WIDTH:0.417707
G1 F1200
G1 X162.738 Y46.639 E2.01389
;WIDTH:0.417037
G1 X162.759 Y46.214 E2.03261
G1 E.03261 F2400
G92 E0
G1 X169.952 Y49.918 F7800
G1 E2 F2400
;WIDTH:0.45
G1 F1200
G1 X169.664 Y50.062 E2.01549
G1 X167.664 Y50.062 E2.11168
G1 X167.396 Y49.967 E2.12536
G1 X167.291 Y49.86 E2.13257
G1 X167.211 Y49.666 E2.14266
G1 X167.211 Y49.518 E2.14978
G1 X167.298 Y49.309 E2.16067
G1 X167.401 Y49.215 E2.16738
G1 X167.664 Y49.122 E2.1808
G1 X168.179 Y49.122 E2.20557
G1 X168.179 Y47.199 E2.29806
G1 X167.873 Y47.393 E2.31549
G1 X167.631 Y47.442 E2.32737
G1 X167.425 Y47.368 E2.3379
G1 X167.274 Y47.217 E2.34817
;WIDTH:0.45779
G1 X167.214 Y47.081 E2.35546
;WIDTH:0.488171
G1 X167.211 Y46.923 E2.36381
;WIDTH:0.518553
G1 X167.208 Y46.765 E2.37276
G1 X167.327 Y46.661 E2.38171
;WIDTH:0.484276
G1 X167.446 Y46.557 E2.38999
;WIDTH:0.45
G1 X168.452 Y45.899 E2.44781
G1 X168.682 Y45.852 E2.4591
G1 X168.996 Y46.002 E2.47584
G1 X169.119 Y46.317 E2.4921
G1 X169.119 Y49.126 E2.6272
G1 X169.743 Y49.142 E2.65722
G1 X169.977 Y49.277 E2.67021
G1 X170.102 Y49.592 E2.68651
G1 X169.992 Y49.879 E2.70129
G1 X169.627 Y50.044 F7800
G1 E.70129 F2400
G92 E0
G1 X97.056 Y47.009 F7800
G1 E2 F2400
;WIDTH:0.404381
G1 F1200
G1 X97.047 Y47.737 E2.03087
G1 X96.968 Y47.949 E2.04046
G1 E.04046 F2400
G92 E0
G1 X85.855 Y48.803 F7800
G1 E2 F2400
;TYPE:Perimeter
;WIDTH:0.54637
G1 F1200
G1 X85.855 Y47.763 E2.06252
G1 X86.141 Y47.868 E2.08084
G1 X86.337 Y47.858 E2.09264
G1 X86.337 Y48.688 E2.14254
G1 X86.14 Y48.699 E2.1544
G1 X85.911 Y48.782 E2.16904
G1 E.16904 F2400
G92 E0
G1 X93.743 Y45.168 F7800
G1 E2 F2400
;WIDTH:0.45
G1 F1500
G1 X93.981 Y45.078 E2.01224
G1 X96.078 Y45.078 E2.1131
G1 X96.452 Y45.154 E2.13146
G1 X96.73 Y45.277 E2.14608
G1 X97.252 Y45.078 E2.17295
G1 X100.659 Y45.078 E2.33681
G1 X101.031 Y45.153 E2.35506
G1 X101.31 Y45.277 E2.36974
G1 X101.833 Y45.078 E2.39665
G1 X103.931 Y45.078 E2.49756
G1 X104.322 Y45.114 E2.51645
G1 X104.582 Y45.078 E2.52907
G1 X104.877 Y45.117 E2.54338
G1 X105.153 Y45.218 E2.55752
G1 X105.521 Y45.532 E2.58079
G1 X105.72 Y45.82 E2.59763
G1 X105.796 Y46.094 E2.61131
G1 X105.793 Y46.566 E2.63401
G1 X105.77 Y46.664 E2.63885
G1 X105.824 Y46.971 E2.65384
G1 X105.824 Y48.941 E2.74859
G1 X105.751 Y49.31 E2.76668
G1 X105.533 Y49.734 E2.78961
G1 X104.804 Y50.472 E2.8395
G1 X104.491 Y50.681 E2.8576
G1 X104.056 Y50.834 E2.87978
G1 X101.962 Y50.834 E2.98049
G1 X100.922 Y50.771 E3.0306
G1 X100.606 Y50.605 E3.04777
G1 X100.278 Y50.271 E3.07029
G1 X100.143 Y50.015 E3.08421
G1 X100.089 Y49.609 E3.10391
G1 X100.087 Y49.108 E3.12801
G1 X99.768 Y49.193 E3.14389
G1 X98.626 Y49.198 E3.19882
G1 X98.604 Y49.798 E3.2277
G1 X98.385 Y50.32 E3.25493
G1 X98.154 Y50.564 E3.27109
G1 X97.753 Y50.761 E3.29258
G1 X97.384 Y50.834 E3.31067
G1 X97.014 Y50.76 E3.32882
G1 X96.73 Y50.635 E3.34374
G1 X96.207 Y50.834 E3.37065
G1 X94.109 Y50.834 E3.47156
G1 X93.74 Y50.76 E3.48966
G1 X93.431 Y50.622 E3.50594
G1 X93.13 Y50.366 E3.52494
G1 X92.83 Y50.622 E3.54391
G1 X92.281 Y50.834 E3.57222
G1 X90.182 Y50.834 E3.67317
G1 X89.638 Y50.813 E3.69935
G1 X89.197 Y50.786 E3.7206
G1 X88.873 Y50.639 E3.73771
G1 X88.354 Y50.834 E3.76438
G1 X86.256 Y50.834 E3.86529
G1 X85.884 Y50.759 E3.88354
G1 X85.573 Y50.62 E3.89992
G1 X85.382 Y50.472 E3.91154
G1 X85.298 Y50.346 E3.91882
G1 X84.981 Y50.62 E3.93897
G1 X84.428 Y50.834 E3.96749
G1 X82.33 Y50.834 E4.0684
G1 X81.785 Y50.813 E4.09463
G1 X81.345 Y50.786 E4.11583
G1 X81.02 Y50.639 E4.13299
G1 X80.501 Y50.834 E4.15966
G1 X78.403 Y50.834 E4.26057
G1 X78.034 Y50.76 E4.27867
G1 X77.843 Y50.681 E4.28861
G1 X77.517 Y50.459 E4.30758
G1 X76.8 Y49.712 E4.35738
G1 X76.606 Y49.417 E4.37436
G1 X76.531 Y49.043 E4.39271
G1 X76.571 Y48.555 E4.41626
G1 X76.625 Y48.428 E4.4229
G1 X76.51 Y48.082 E4.44044
G1 X76.51 Y46.317 E4.52533
G1 X76.585 Y45.945 E4.54358
G1 X76.666 Y45.752 E4.55365
G1 X76.896 Y45.42 E4.57308
G1 X77.377 Y45.153 E4.59954
G1 X77.749 Y45.078 E4.61779
G1 X81.027 Y45.078 E4.77545
G1 X81.399 Y45.153 E4.7937
G1 X81.678 Y45.277 E4.80838
G1 X82.201 Y45.078 E4.83529
G1 X84.299 Y45.078 E4.9362
G1 X84.69 Y45.114 E4.95509
G1 X84.95 Y45.078 E4.96771
G1 X85.371 Y45.151 E4.98826
G1 X85.583 Y45.255 E4.99962
G1 X85.889 Y45.532 E5.01947
G1 X85.955 Y45.69 E5.02771
G1 X86.621 Y45.254 E5.066
G1 X86.961 Y45.115 E5.08367
G1 X87.337 Y45.083 E5.10182
G1 X87.813 Y45.235 E5.12585
G1 X88.118 Y45.441 E5.14355
G1 X88.327 Y45.752 E5.16157
G1 X88.444 Y46.046 E5.17679
G1 X88.485 Y46.317 E5.18997
G1 X88.887 Y45.862 E5.21917
G1 X89.31 Y45.44 E5.24791
G1 X89.623 Y45.231 E5.26601
G1 X90.057 Y45.078 E5.28814
G1 X92.152 Y45.078 E5.3889
G1 X92.543 Y45.114 E5.40779
G1 X92.803 Y45.078 E5.42041
G1 X93.248 Y45.16 E5.44217
G1 X93.461 Y45.273 E5.45377
G1 X93.687 Y45.189 E5.46537
G1 E3.46537 F2400
G92 E0
G1 X99.678 Y47.138 F7800
G1 E2 F2400
;WIDTH:0.373963
G1 F1200
G1 X98.202 Y47.138 E2.05699
G1 E.05699 F2400
G92 E0
G1 X100.493 Y47.956 F7800
G1 E2 F2400
;WIDTH:0.373333
G1 F1200
G1 X100.448 Y47.751 E2.00809
;WIDTH:0.365735
G1 X100.248 Y47.382 E2.02387
;WIDTH:0.359258
G1 X100.077 Y47.267 E2.03145
;WIDTH:0.373963
G1 X99.678 Y47.138 E2.04764
G1 X99.894 Y47.134 E2.05598
;WIDTH:0.365956
G1 X100.5 Y47.131 E2.07877
;WIDTH:0.359258
G1 X100.5 Y47.278 E2.08418
;WIDTH:0.373333
G1 X100.493 Y47.896 E2.108
G1 X100.489 Y48.05 F7800
;WIDTH:0.381517
G1 F1200
G1 X100.493 Y47.956 E2.11172
G1 E.11172 F2400
G92 E0
G1 X93.443 Y45.778 F7800
G1 E2 F2400
;WIDTH:0.45
G1 F1500
G1 X93.697 Y45.587 E2.01529
G1 X94.033 Y45.464 E2.0325
G1 X96.078 Y45.464 E2.13086
G1 X96.304 Y45.51 E2.14195
G1 X96.564 Y45.624 E2.1556
G1 X96.739 Y45.773 E2.16665
G1 X96.894 Y45.625 E2.17696
G1 X97.303 Y45.464 E2.1981
G1 X100.659 Y45.464 E2.35951
G1 X100.882 Y45.509 E2.37045
G1 X101.146 Y45.625 E2.38432
G1 X101.301 Y45.773 E2.39463
G1 X101.549 Y45.587 E2.40954
G1 X101.885 Y45.464 E2.42675
G1 X103.931 Y45.464 E2.52516
G1 X104.212 Y45.513 E2.53888
G1 X104.27 Y45.545 E2.54207
G1 X104.582 Y45.463 E2.55759
G1 X104.967 Y45.556 E2.57664
G1 X105.319 Y45.89 E2.59998
G1 X105.413 Y46.142 E2.61292
G1 X105.389 Y46.607 E2.63531
G1 X105.358 Y46.662 E2.63835
G1 X105.438 Y46.971 E2.6537
G1 X105.438 Y48.941 E2.74845
G1 X105.394 Y49.162 E2.75929
G1 X105.232 Y49.493 E2.77701
G1 X104.531 Y50.2 E2.8249
G1 X104.343 Y50.325 E2.83576
G1 X104.007 Y50.448 E2.85297
G1 X101.962 Y50.448 E2.95133
G1 X101.595 Y50.399 E2.96914
G1 X101.204 Y50.427 E2.98799
G1 X100.887 Y50.333 E3.00389
G1 X100.588 Y50.042 E3.02396
G1 X100.482 Y49.786 E3.03729
G1 X100.489 Y49.359 E3.05783
G1 X100.535 Y49.25 E3.06352
G1 X100.454 Y48.926 E3.07958
G1 X100.46 Y48.384 E3.10565
;WIDTH:0.439585
G1 X100.465 Y48.168 E3.11576
G1 X100.401 Y48.372 E3.12577
;WIDTH:0.45
G1 X100.081 Y48.692 E3.14754
G1 X99.732 Y48.809 E3.16524
G1 X98.24 Y48.812 E3.237
G1 X98.24 Y49.595 E3.27466
G1 X98.195 Y49.818 E3.2856
G1 X98.01 Y50.176 E3.30498
G1 X97.802 Y50.323 E3.31723
G1 X97.438 Y50.446 E3.33571
G1 X97.161 Y50.404 E3.34919
G1 X96.895 Y50.288 E3.36315
G1 X96.739 Y50.139 E3.37353
G1 X96.491 Y50.325 E3.38844
G1 X96.155 Y50.448 E3.40565
G1 X94.109 Y50.448 E3.50406
G1 X93.697 Y50.325 E3.52474
G1 X93.509 Y50.2 E3.5356
G1 X93.13 Y49.821 E3.56138
G1 X92.752 Y50.2 E3.58713
G1 X92.564 Y50.325 E3.59799
G1 X92.228 Y50.448 E3.6152
G1 X90.182 Y50.448 E3.71361
G1 X89.816 Y50.399 E3.73137
G1 X89.425 Y50.427 E3.75022
G1 X89.14 Y50.352 E3.76439
G1 X88.884 Y50.126 E3.78081
G1 X88.698 Y50.295 E3.7929
G1 X88.303 Y50.448 E3.81327
G1 X86.256 Y50.448 E3.91172
G1 X86.033 Y50.403 E3.92266
G1 X85.769 Y50.287 E3.93653
G1 X85.654 Y50.199 E3.94349
G1 X85.447 Y49.813 E3.96456
G1 X85.434 Y49.665 E3.97171
G1 X84.899 Y50.2 E4.0081
G1 X84.711 Y50.325 E4.01896
G1 X84.375 Y50.448 E4.03617
G1 X82.33 Y50.448 E4.13453
G1 X81.963 Y50.399 E4.15234
G1 X81.572 Y50.427 E4.17119
G1 X81.29 Y50.354 E4.1852
G1 X81.039 Y50.134 E4.20125
G1 X80.785 Y50.325 E4.21654
G1 X80.449 Y50.448 E4.23375
G1 X78.403 Y50.448 E4.33216
G1 X78.182 Y50.404 E4.343
G1 X77.795 Y50.191 E4.36425
G1 X77.078 Y49.445 E4.41402
G1 X76.925 Y49.144 E4.43026
G1 X76.941 Y48.665 E4.45331
G1 X77.038 Y48.411 E4.46639
G1 X76.896 Y48.036 E4.48568
G1 X76.896 Y46.317 E4.56836
G1 X77.022 Y45.9 E4.58931
G1 X77.16 Y45.701 E4.60096
G1 X77.526 Y45.509 E4.62084
G1 X77.749 Y45.464 E4.63178
G1 X81.027 Y45.464 E4.78944
G1 X81.25 Y45.509 E4.80038
G1 X81.514 Y45.625 E4.81425
G1 X81.669 Y45.773 E4.82456
G1 X81.917 Y45.587 E4.83947
G1 X82.253 Y45.464 E4.85668
G1 X84.299 Y45.464 E4.95509
G1 X84.58 Y45.513 E4.96881
G1 X84.638 Y45.545 E4.972
G1 X84.95 Y45.463 E4.98752
G1 X85.295 Y45.536 E5.00448
G1 X85.616 Y45.805 E5.02462
;WIDTH:0.450743
G1 X85.787 Y46.259 E5.048
G1 X86.365 Y45.882 E5.08125
;WIDTH:0.45
G1 X86.832 Y45.576 E5.1081
G1 X87.141 Y45.472 E5.12378
G1 X87.341 Y45.472 E5.1334
G1 X87.733 Y45.626 E5.15366
G1 X87.846 Y45.714 E5.16055
G1 X88.052 Y46.094 E5.18134
G1 X88.097 Y46.419 E5.19712
;WIDTH:0.498187
G1 X88.121 Y46.695 E5.21211
;WIDTH:0.546374
G1 X88.145 Y46.971 E5.22876
G1 X88.145 Y48.704 E5.33294
G1 X88.37 Y48.71 E5.34647
G1 X88.627 Y48.804 E5.36292
G1 X88.627 Y46.971 E5.47311
G1 X88.726 Y46.737 E5.48838
;WIDTH:0.498187
G1 X88.825 Y46.503 E5.50213
;WIDTH:0.45
G1 X89.583 Y45.712 E5.55482
G1 X89.77 Y45.587 E5.56564
G1 X90.106 Y45.464 E5.58285
G1 X92.152 Y45.464 E5.68126
G1 X92.432 Y45.512 E5.69492
G1 X92.49 Y45.545 E5.69813
G1 X92.803 Y45.463 E5.71369
G1 X93.113 Y45.521 E5.72886
G1 X93.396 Y45.742 E5.74613
G1 E3.74613 F2400
G92 E0
G1 X93.13 Y49.276 F7800
G1 E2 F2400
;TYPE:External perimeter
G1 F1500
G1 X92.479 Y49.927 E2.04428
G1 X92.152 Y50.062 E2.0613
G1 X90.182 Y50.062 E2.15605
G1 X89.953 Y49.995 E2.16753
G1 X89.858 Y49.913 E2.17357
G1 X89.652 Y50.041 E2.18523
G1 X89.33 Y50.017 E2.20076
;WIDTH:0.450842
G1 X89.115 Y49.808 E2.21521
;WIDTH:0.493127
G1 X89.093 Y49.587 E2.22709
;WIDTH:0.535412
G1 X89.072 Y49.365 E2.24019
G1 X89.148 Y49.271 E2.24729
;WIDTH:0.542431
G1 X89.033 Y49.032 E2.2631
G1 X89.047 Y48.751 E2.27988
;WIDTH:0.496215
G1 X89.061 Y48.469 E2.29509
;WIDTH:0.45
G1 X89.061 Y46.971 E2.36714
G1 X89.196 Y46.644 E2.38416
G1 X89.855 Y45.985 E2.42898
G1 X90.182 Y45.85 E2.446
G1 X92.152 Y45.85 E2.54075
G1 X92.382 Y45.917 E2.55227
G1 X92.473 Y45.985 E2.55773
G1 X92.803 Y45.849 E2.5749
G1 X93.021 Y45.906 E2.58574
G1 X93.197 Y46.077 E2.59754
;WIDTH:0.450251
G1 X93.253 Y46.214 E2.60466
;WIDTH:0.45353
G1 X93.255 Y46.426 E2.61495
;WIDTH:0.455691
G1 X93.208 Y46.555 E2.62165
G1 X93.69 Y46.077 E2.65478
;WIDTH:0.45
G1 X93.844 Y45.943 E2.6646
G1 X94.109 Y45.85 E2.67811
G1 X96.078 Y45.85 E2.77281
G1 X96.406 Y45.985 E2.78987
G1 X96.914 Y46.493 E2.82442
G1 X96.929 Y46.243 E2.83647
G1 X97.051 Y45.986 E2.85015
G1 X97.381 Y45.85 E2.86732
G1 X100.659 Y45.85 E3.02498
G1 X100.989 Y45.986 E3.04215
G1 X101.112 Y46.246 E3.05598
G1 X101.11 Y46.393 E3.06305
;WIDTH:0.445648
G1 X101.034 Y46.594 E3.07327
;WIDTH:0.45
G1 X101.697 Y45.943 E3.11796
G1 X101.962 Y45.85 E3.13147
G1 X103.931 Y45.85 E3.22617
G1 X104.162 Y45.918 E3.23775
G1 X104.252 Y45.985 E3.24315
G1 X104.582 Y45.849 E3.26032
G1 X104.782 Y45.894 E3.27018
G1 X105.015 Y46.135 E3.2863
G1 X105.023 Y46.487 E3.30323
G1 X104.917 Y46.644 E3.31234
G1 X105.053 Y46.971 E3.32937
G1 X105.053 Y48.943 E3.42422
G1 X104.917 Y49.268 E3.44116
G1 X104.258 Y49.927 E3.48598
G1 X103.931 Y50.062 E3.503
G1 X101.962 Y50.062 E3.5977
G1 X101.732 Y49.995 E3.60922
G1 X101.638 Y49.913 E3.61522
G1 X101.431 Y50.041 E3.62693
G1 X101.098 Y50.01 E3.64302
G1 X100.871 Y49.762 E3.65919
G1 X100.87 Y49.425 E3.6754
G1 X100.976 Y49.268 E3.68451
G1 X100.84 Y48.941 E3.70154
G1 X100.84 Y46.971 E3.79629
G1 X100.921 Y46.691 E3.81031
G1 X100.659 Y46.79 E3.82378
G1 X97.854 Y46.79 E3.95869
G1 X97.854 Y47.486 E3.99217
G1 X99.678 Y47.486 E4.0799
G1 X100.007 Y47.623 E4.09704
G1 X100.145 Y47.956 E4.11438
G1 X100.049 Y48.227 E4.12821
G1 X99.932 Y48.336 E4.1359
G1 X99.678 Y48.426 E4.14886
G1 X97.854 Y48.426 E4.23659
G1 X97.854 Y49.595 E4.29281
G1 X97.724 Y49.918 E4.30956
G1 X97.402 Y50.062 E4.32653
G1 X97.09 Y49.955 E4.34239
G1 X97.009 Y49.863 E4.34829
G1 X96.914 Y49.595 E4.36197
G1 X96.914 Y49.419 E4.37043
G1 X96.406 Y49.927 E4.40498
G1 X96.078 Y50.062 E4.42204
G1 X94.109 Y50.062 E4.51674
G1 X93.782 Y49.927 E4.53376
G1 X93.173 Y49.318 E4.57518
G1 X92.851 Y49.556 F7800
G1 E2.57518 F2400
G92 E0
G1 X93.13 Y46.638 F7800
G1 E2 F2400
;WIDTH:0.455691
G1 F1200
G1 X93.208 Y46.555 E2.00556
G1 E.00556 F2400
G92 E0
G1 X85.924 Y49.919 F7800
G1 E2 F2400
;WIDTH:0.483028
G1 F1200
G1 X85.844 Y49.733 E2.01057
;WIDTH:0.516057
G1 X85.761 Y49.542 E2.0223
;WIDTH:0.542172
G1 X85.866 Y49.259 E2.04029
G1 X86.061 Y49.191 E2.0526
;WIDTH:0.496086
G1 X86.256 Y49.122 E2.06374
;WIDTH:0.45
G1 X86.77 Y49.122 E2.08846
G1 X86.77 Y47.199 E2.18095
G1 X86.465 Y47.393 E2.19834
G1 X86.224 Y47.442 E2.21017
G1 X85.988 Y47.349 E2.22237
;WIDTH:0.451805
G1 X85.833 Y47.165 E2.234
G1 X85.807 Y46.975 E2.24327
;WIDTH:0.488528
G1 X85.816 Y46.847 E2.25006
;WIDTH:0.526345
G1 X85.824 Y46.72 E2.25739
G1 X86.2 Y46.462 E2.28366
;WIDTH:0.488172
G1 X86.576 Y46.204 E2.30776
;WIDTH:0.45
G1 X87.043 Y45.899 E2.33459
G1 X87.274 Y45.852 E2.34593
G1 X87.574 Y45.987 E2.36175
G1 X87.711 Y46.317 E2.37894
G1 X87.711 Y49.126 E2.51404
G1 X88.335 Y49.142 E2.54406
;WIDTH:0.496215
G1 X88.477 Y49.204 E2.55241
;WIDTH:0.542431
G1 X88.62 Y49.266 E2.5617
G1 X88.657 Y49.429 E2.57167
;WIDTH:0.496789
G1 X88.694 Y49.592 E2.58068
;WIDTH:0.451147
G1 X88.581 Y49.894 E2.59623
;WIDTH:0.45
G1 X88.493 Y49.967 E2.60173
G1 X88.226 Y50.062 E2.61536
G1 X86.256 Y50.062 E2.71011
G1 X85.976 Y49.946 E2.72469
G1 X85.787 Y49.593 F7800
G1 E.72469 F2400
G92 E0
G1 X81.351 Y48.961 F7800
G1 E2 F2400
;WIDTH:0.447691
G1 F1200
G1 X81.351 Y49.274 E2.01496
;WIDTH:0.458171
G1 X81.26 Y49.372 E2.02153
G1 X81.239 Y49.592 F7800
G1 F1200
G1 X81.26 Y49.372 E2.03238
G1 X80.792 Y49.835 E2.06471
;WIDTH:0.45
G1 X80.637 Y49.969 E2.07456
G1 X80.373 Y50.062 E2.08802
G1 X78.403 Y50.062 E2.18277
G1 X78.073 Y49.924 E2.19997
G1 X77.356 Y49.178 E2.24974
G1 X77.302 Y49.044 E2.25669
G1 X77.333 Y48.726 E2.27206
;WIDTH:0.46282
G1 X77.495 Y48.547 E2.28406
;WIDTH:0.491801
G1 X77.732 Y48.447 E2.29777
G1 X77.479 Y48.336 E2.3125
;WIDTH:0.460578
G1 X77.377 Y48.227 E2.31988
;WIDTH:0.45
G1 X77.282 Y47.959 E2.33356
G1 X77.282 Y46.317 E2.41253
G1 X77.377 Y46.049 E2.42621
G1 X77.481 Y45.945 E2.43328
G1 X77.749 Y45.85 E2.44696
G1 X81.027 Y45.85 E2.60462
G1 X81.357 Y45.986 E2.62179
G1 X81.48 Y46.246 E2.63562
G1 X81.478 Y46.393 E2.64269
;WIDTH:0.445649
G1 X81.402 Y46.594 E2.65291
;WIDTH:0.45
G1 X82.065 Y45.943 E2.6976
G1 X82.33 Y45.85 E2.71111
G1 X84.299 Y45.85 E2.80581
G1 X84.53 Y45.918 E2.81739
G1 X84.62 Y45.985 E2.82279
G1 X84.95 Y45.849 E2.83996
G1 X85.162 Y45.901 E2.85046
G1 X85.344 Y46.077 E2.86264
;WIDTH:0.461431
G1 X85.406 Y46.263 E2.87235
;WIDTH:0.493888
G1 X85.416 Y46.381 E2.87869
;WIDTH:0.526345
G1 X85.426 Y46.5 E2.88557
G1 X85.323 Y46.64 E2.89558
;WIDTH:0.519239
G1 X85.37 Y46.778 E2.90385
;WIDTH:0.489468
G1 X85.418 Y46.915 E2.91155
;WIDTH:0.459698
G1 X85.421 Y47.728 E2.95164
;WIDTH:0.45
G1 X85.421 Y48.63 E2.99502
;WIDTH:0.496086
G1 X85.435 Y48.831 E3.00587
;WIDTH:0.542172
G1 X85.449 Y49.032 E3.01788
G1 X85.309 Y49.291 E3.03543
;WIDTH:0.516057
G1 X85.099 Y49.478 E3.05127
;WIDTH:0.483028
G1 X84.889 Y49.664 E3.06592
;WIDTH:0.45
G1 X84.564 Y49.969 E3.08736
G1 X84.299 Y50.062 E3.10087
G1 X82.33 Y50.062 E3.19557
G1 X82.1 Y49.995 E3.20709
G1 X82.006 Y49.913 E3.21309
G1 X81.844 Y50.032 E3.22276
G1 X81.504 Y50.03 E3.23911
G1 X81.285 Y49.835 E3.25321
;WIDTH:0.450769
G1 X81.228 Y49.698 E3.26036
;WIDTH:0.458171
G1 X81.233 Y49.652 E3.26263
G1 X81.014 Y49.317 F7800
G1 E1.26263 F2400
G92 E0
G1 X78.745 Y48.774 F7800
G1 E2 F2400
;TYPE:Perimeter
;WIDTH:0.373963
G1 F1200
G1 X80.031 Y48.774 E2.04966
G1 X80.522 Y48.774 F7800
;TYPE:External perimeter
;WIDTH:0.45
G1 F1200
G1 X80.175 Y49.122 E2.0733
G1 X78.601 Y49.122 E2.149
G1 X78.499 Y49.02 E2.15594
;WIDTH:0.460215
G1 X78.021 Y48.556 E2.18883
;WIDTH:0.490163
G1 X77.752 Y48.446 E2.20426
G1 X78.155 Y48.426 E2.22569
;WIDTH:0.45
G1 X80.175 Y48.426 E2.32284
G1 X80.48 Y48.732 E2.34362
G1 X80.242 Y49.053 F7800
G1 E.34362 F2400
G92 E0
G1 X78.57 Y47.138 F7800
G1 E2 F2400
;TYPE:Perimeter
;WIDTH:0.373963
G1 F1200
G1 X80.373 Y47.138 E2.06962
;WIDTH:0.416011
G1 X80.514 Y47.159 E2.07587
;WIDTH:0.458059
G1 X80.656 Y47.18 E2.08292
;WIDTH:0.500107
G1 X80.797 Y47.201 E2.09067
G1 X81.289 Y46.691 F7800
;TYPE:External perimeter
;WIDTH:0.45
G1 F1200
G1 X81.208 Y46.971 E2.10469
G1 X81.208 Y48.15 E2.1614
G1 X80.703 Y47.624 E2.19647
G1 X80.373 Y47.486 E2.21367
G1 X78.222 Y47.486 E2.31713
G1 X78.222 Y46.79 E2.35061
G1 X81.027 Y46.79 E2.48552
G1 X81.233 Y46.712 E2.49611
G1 X81.206 Y47.111 F7800
G1 E.49611 F2400
G92 E0
G1 X94.25 Y47.951 F7800
G1 E2 F2400
;TYPE:Perimeter
;WIDTH:0.445093
G1 F1200
G1 X94.226 Y47.992 E2.00226
G1 X94.155 Y47.951 E2.00615
G1 X94.226 Y47.909 E2.01007
G1 X94.659 Y48.271 F7800
;WIDTH:0.45
G1 F1200
G1 X94.744 Y48.475 E2.0207
G1 X95.062 Y48.731 E2.04033
G1 X94.467 Y48.736 E2.06895
G1 X94.037 Y48.308 E2.09813
G1 X93.677 Y48.124 E2.11758
G1 X93.659 Y47.801 E2.13314
G1 X93.794 Y47.763 E2.13989
G1 X94.011 Y47.604 E2.15283
;WIDTH:0.459975
G1 X94.461 Y47.181 E2.1833
G1 X95.088 Y47.181 E2.21424
G1 X94.901 Y47.287 E2.22485
G1 X94.698 Y47.498 E2.2393
G1 X94.585 Y47.85 E2.25754
;WIDTH:0.45
G1 X94.586 Y48.095 E2.26932
G1 X94.636 Y48.216 E2.27562
G1 X95.002 Y48.129 F7800
;TYPE:External perimeter
G1 F1200
G1 X95.064 Y48.261 E2.28263
G1 X95.302 Y48.411 E2.29616
G1 X96.259 Y48.65 E2.3436
G1 X96.259 Y48.743 E2.34807
G1 X95.88 Y49.122 E2.37385
G1 X94.307 Y49.122 E2.44951
G1 X93.788 Y48.603 E2.48481
G1 X93.531 Y48.481 E2.49849
G1 X93.384 Y48.481 E2.50556
G1 X93.274 Y48.527 E2.51129
G1 X93.274 Y47.387 E2.56612
G1 X93.47 Y47.44 E2.57589
G1 X93.697 Y47.371 E2.5873
G1 X94.304 Y46.79 E2.62771
G1 X95.88 Y46.79 E2.70351
G1 X96.236 Y47.146 E2.72772
G1 X96.259 Y47.262 E2.73341
G1 X95.266 Y47.512 E2.78266
G1 X95.008 Y47.735 E2.79906
G1 X94.971 Y48.062 E2.81489
G1 X94.977 Y48.075 E2.81558
G1 X95.251 Y48.366 F7800
G1 E.81558 F2400
G92 E0
G1 X153.586 Y48.774 F7800
G1 E2 F2400
;TYPE:Perimeter
;WIDTH:0.373963
G1 F1200
G1 X152.301 Y48.774 E2.04962
G1 X151.307 Y48.446 F7800
;TYPE:External perimeter
;WIDTH:0.490165
G1 F1200
G1 X151.711 Y48.426 E2.0711
;WIDTH:0.45
G1 X153.73 Y48.426 E2.16821
G1 X154.078 Y48.774 E2.19188
G1 X153.73 Y49.122 E2.21555
G1 X152.157 Y49.122 E2.29121
G1 X152.055 Y49.02 E2.29815
;WIDTH:0.460215
G1 X151.577 Y48.556 E2.33104
;WIDTH:0.490165
G1 X151.363 Y48.469 E2.34331
G1 X151.76 Y48.42 F7800
G1 X152.125 Y47.138
;TYPE:Perimeter
;WIDTH:0.373963
G1 F1200
G1 X153.928 Y47.138 E2.41293
;WIDTH:0.416011
G1 X154.07 Y47.159 E2.41923
;WIDTH:0.45806
G1 X154.211 Y47.18 E2.42623
;WIDTH:0.500109
G1 X154.353 Y47.201 E2.43403
G1 E.43403 F2400
G92 E0
G1 X151.778 Y47.486 F7800
G1 E2 F2400
;TYPE:External perimeter
;WIDTH:0.45
G1 F1200
G1 X151.778 Y46.79 E2.03348
G1 X154.583 Y46.79 E2.16839
G1 X154.894 Y46.66 E2.1846
G1 X154.763 Y46.971 E2.20083
G1 X154.763 Y48.15 E2.25754
G1 X154.258 Y47.624 E2.29261
G1 X153.928 Y47.486 E2.30981
G1 X151.838 Y47.486 E2.41033
G1 X151.778 Y47.09 F7800
G1 E.41033 F2400
G92 E0
G1 X141.203 Y154.603 F7800
G1 E2 F2400
;TYPE:Perimeter
G1 F1500
G1 X141.219 Y154.625 E2.00131
G1 X141.513 Y154.817 E2.0182
G1 X141.884 Y154.891 E2.0364
G1 X174.754 Y154.891 E3.61733
G1 X174.754 Y169.197 E4.3054
G1 X75.246 Y169.197 E9.09139
G1 X75.246 Y154.891 E9.77946
G1 X108.196 Y154.891 E11.36424
G1 X108.569 Y154.778 E11.38299
G1 X108.837 Y154.567 E11.3994
G1 X109.021 Y154.257 E11.41674
G1 X109.079 Y153.927 E11.43286
G1 X109.079 Y56.724 E16.10799
G1 X109.074 Y55.974 E16.14406
G1 X108.973 Y55.632 E16.16121
G1 X108.738 Y55.337 E16.17935
G1 X108.42 Y55.158 E16.1969
G1 X108.115 Y55.109 E16.21176
G1 X75.246 Y55.109 E17.79264
G1 X75.246 Y40.803 E18.48071
G1 X174.754 Y40.803 E23.2667
G1 X174.754 Y55.109 E23.95477
G1 X142.503 Y55.109 E25.50593
G1 X141.686 Y55.129 E25.54524
G1 X141.386 Y55.247 E25.56074
G1 X141.141 Y55.458 E25.57629
G1 X140.973 Y55.756 E25.59274
G1 X140.92 Y56.073 E25.6082
G1 X140.92 Y153.277 E30.28337
G1 X140.921 Y153.977 E30.31704
G1 X141.003 Y154.319 E30.33396
G1 X141.168 Y154.554 E30.34777
G1 X141.488 Y154.323 F7800
G1 F1500
G1 X141.612 Y154.438 E30.3559
G1 X141.884 Y154.506 E30.36938
G1 X175.139 Y154.506 E31.96883
G1 X175.139 Y169.582 E32.69393
G1 X74.861 Y169.582 E37.51695
G1 X74.861 Y154.506 E38.24205
G1 X108.165 Y154.506 E39.84386
G1 X108.434 Y154.41 E39.8576
G1 X108.626 Y154.199 E39.87132
G1 X108.694 Y153.927 E39.8848
G1 X108.686 Y55.982 E44.59561
G1 X108.585 Y55.735 E44.60844
G1 X108.391 Y55.565 E44.62085
G1 X108.115 Y55.494 E44.63456
G1 X74.861 Y55.494 E46.23396
G1 X74.861 Y40.418 E46.95906
G1 X175.139 Y40.418 E51.78208
G1 X175.139 Y55.494 E52.50718
G1 X141.765 Y55.507 E54.11235
G1 X141.543 Y55.606 E54.12404
G1 X141.368 Y55.812 E54.13704
G1 X141.305 Y56.073 E54.14995
G1 X141.306 Y153.957 E58.85783
G1 X141.395 Y154.237 E58.87196
G1 X141.444 Y154.282 E58.87516
G1 X141.756 Y154.062 F7800
;TYPE:External perimeter
G1 F1500
G1 X141.884 Y154.12 E58.88192
G1 X175.525 Y154.12 E60.49994
G1 X175.525 Y169.968 E61.26217
G1 X74.475 Y169.968 E66.12232
G1 X74.475 Y154.12 E66.88455
G1 X108.115 Y154.12 E68.50252
G1 X108.248 Y154.067 E68.50941
G1 X108.308 Y153.927 E68.51674
G1 X108.308 Y56.073 E73.22318
G1 X108.262 Y55.948 E73.22959
G1 X108.115 Y55.88 E73.23738
G1 X74.475 Y55.88 E74.85535
G1 X74.475 Y40.032 E75.61758
G1 X175.525 Y40.032 E80.47773
G1 X175.525 Y55.88 E81.23996
G1 X141.884 Y55.88 E82.85798
G1 X141.757 Y55.927 E82.86449
G1 X141.691 Y56.073 E82.8722
G1 X141.691 Y153.927 E87.57864
G1 X141.725 Y154.016 E87.58322
G1 X142.113 Y154.112 F7800
G1 E85.58322 F2400
G92 E0
G1 X145.806 Y155.18 F7800
G1 E2 F2400
;TYPE:Internal infill
;WIDTH:0.45
G1 F1200
G1 X143.492 Y155.18 E2.1113
G1 X143.377 Y155.609 E2.13266
G1 X143.377 Y156.098 E2.15618
G1 X156.187 Y168.908 E3.0275
G1 X155.783 Y168.908 E3.04693
G1 X159.461 Y155.18 E3.73049
G1 X157.147 Y155.18 E3.84179
G1 E1.84179 F2400
G92 E0
G1 X161.453 Y168.908 F7800
G1 E2 F2400
G1 F1200
G1 X163.767 Y168.908 E2.1113
G1 X167.445 Y155.18 E2.79486
G1 X174.465 Y155.18 E3.1325
G1 X174.465 Y158.783 E3.30579
G1 X171.752 Y168.908 E3.80995
G1 X174.065 Y168.908 E3.9212
G1 E1.9212 F2400
G92 E0
G1 X174.465 Y159.614 F7800
G1 E2 F2400
G1 F1200
G1 X143.377 Y167.944 E3.54797
G1 X143.377 Y167.005 E3.59313
G1 X145.28 Y168.908 E3.72257
G1 X147.798 Y168.908 E3.84368
G1 X151.476 Y155.18 E4.52724
G1 X153.367 Y155.18 E4.61819
G1 X167.094 Y168.908 E5.55192
G1 X169.578 Y168.908 E5.67139
G1 X174.465 Y167.598 E5.91474
G1 X174.465 Y165.372 E6.0218
G1 X164.273 Y155.18 E6.71505
G1 X161.212 Y155.18 E6.86227
G1 X143.377 Y159.959 E7.75033
G1 X143.377 Y162.273 E7.86163
G1 E5.86163 F2400
G92 E0
G1 X136.018 Y143.86 F7800
G1 E2 F2400
;TYPE:Solid infill
;WIDTH:0.404381
G1 F1200
G1 X135.571 Y144.323 E2.02729
;WIDTH:0.45
G1 X135.605 Y144.653 E2.04325
G1 X136.405 Y143.853 E2.09767
G1 X136.966 Y143.837 E2.12466
G1 X135.59 Y145.213 E2.21825
G1 X135.59 Y145.759 E2.24451
G1 X137.512 Y143.837 E2.37524
G1 X138.057 Y143.837 E2.40145
G1 X135.59 Y146.304 E2.56925
G1 X135.59 Y146.849 E2.59546
G1 X138.602 Y143.837 E2.80033
G1 X139.148 Y143.837 E2.82659
G1 X135.59 Y147.395 E3.0686
G1 X135.59 Y147.94 E3.09481
G1 X139.693 Y143.837 E3.37389
G1 X140.239 Y143.837 E3.40015
G1 X135.59 Y148.485 E3.71634
G1 X135.59 Y149.031 E3.7426
G1 X140.631 Y143.99 E4.08548
G1 X140.759 Y143.768 E4.09781
;WIDTH:0.404381
G1 X140.718 Y143.779 E4.09961
G1 X140.699 Y143.708 E4.10273
G1 X140.77 Y143.727 E4.10585
G1 X140.631 Y144.536 F7800
;WIDTH:0.45
G1 F1200
G1 X135.59 Y149.576 E4.4487
G1 X135.59 Y150.121 E4.47491
G1 X140.631 Y145.081 E4.81776
G1 X140.631 Y145.627 E4.84402
G1 X135.59 Y150.667 E5.18687
G1 X135.59 Y151.212 E5.21308
G1 X140.631 Y146.172 E5.55593
G1 X140.631 Y146.717 E5.58214
G1 X135.59 Y151.757 E5.92499
G1 X135.59 Y152.303 E5.95125
G1 X140.631 Y147.263 E6.2941
G1 X140.631 Y147.808 E6.32031
G1 X135.59 Y152.848 E6.66316
G1 X135.59 Y153.393 E6.68937
G1 X140.631 Y148.353 E7.03222
G1 X140.631 Y148.899 E7.05848
G1 X135.59 Y153.939 E7.40133
G1 X135.59 Y154.484 E7.42754
G1 X140.631 Y149.444 E7.77039
G1 X140.631 Y149.989 E7.7966
G1 X135.59 Y155.029 E8.13945
G1 X135.59 Y155.575 E8.16571
G1 X140.631 Y150.535 E8.50856
G1 X140.631 Y151.08 E8.53477
G1 X135.59 Y156.12 E8.87762
G1 X135.59 Y156.665 E8.90383
G1 X140.631 Y151.625 E9.24668
G1 X140.631 Y152.171 E9.27294
G1 X135.59 Y157.211 E9.61579
G1 X135.59 Y157.756 E9.642
G1 X140.631 Y152.716 E9.98485
G1 X140.631 Y153.261 E10.01106
G1 X135.59 Y158.301 E10.35391
G1 X135.59 Y158.847 E10.38017
G1 X140.631 Y153.807 E10.72302
G1 X140.825 Y153.698 E10.73372
;WIDTH:0.404381
G1 X140.784 Y153.709 E10.73552
G1 X140.765 Y153.638 E10.73864
G1 X140.836 Y153.657 E10.74176
;WIDTH:0.45
G1 X140.687 Y154.295 E10.77327
G1 X135.59 Y159.392 E11.11996
G1 X135.59 Y159.938 E11.14622
G1 X140.87 Y154.658 E11.50536
G1 X141.141 Y154.933 E11.52393
G1 X135.59 Y160.483 E11.90147
G1 X135.59 Y161.028 E11.92768
G1 X141.5 Y155.119 E12.32964
G1 X141.984 Y155.18 E12.3531
G1 X135.59 Y161.574 E12.78801
G1 X135.59 Y162.119 E12.81422
G1 X142.529 Y155.18 E13.2862
G1 X143.154 Y155.044 E13.31696
;WIDTH:0.404381
G1 X143.083 Y155.025 E13.32008
G1 X143.102 Y155.096 E13.3232
G1 X143.143 Y155.085 E13.325
;WIDTH:0.45
G1 X142.992 Y155.263 E13.33623
G1 X135.59 Y162.664 E13.83967
G1 X135.59 Y163.21 E13.86593
G1 X142.992 Y155.809 E14.36937
G1 X142.992 Y156.354 E14.39558
G1 X135.59 Y163.755 E14.89902
G1 X135.59 Y164.3 E14.92523
G1 X142.992 Y156.899 E15.42867
G1 X142.992 Y157.445 E15.45493
G1 X135.59 Y164.846 E15.95837
G1 X135.59 Y165.391 E15.98458
G1 X142.992 Y157.99 E16.48802
G1 X142.992 Y158.535 E16.51423
G1 X135.59 Y165.936 E17.01767
G1 X135.59 Y166.482 E17.04393
G1 X142.992 Y159.081 E17.54737
G1 X142.992 Y159.626 E17.57358
G1 X135.59 Y167.027 E18.07702
G1 X135.59 Y167.572 E18.10323
G1 X142.992 Y160.171 E18.60667
G1 X142.992 Y160.717 E18.63293
G1 X135.59 Y168.118 E19.13637
G1 X135.54 Y169.019 F7800
;WIDTH:0.404381
G1 F1200
G1 X135.498 Y169.03 E19.13821
G1 X135.479 Y168.958 E19.14137
G1 X135.551 Y168.978 E19.14454
;WIDTH:0.45
G1 X135.59 Y168.663 E19.15981
G1 X142.992 Y161.262 E19.66325
G1 X142.992 Y161.807 E19.68946
G1 X135.891 Y168.908 E20.17246
G1 X136.437 Y168.908 E20.19872
G1 X142.992 Y162.353 E20.64458
G1 X142.992 Y162.898 E20.67079
G1 X136.982 Y168.908 E21.07958
G1 X137.527 Y168.908 E21.10579
G1 X142.992 Y163.443 E21.47751
G1 X142.992 Y163.989 E21.50377
G1 X138.073 Y168.908 E21.83835
G1 X138.618 Y168.908 E21.86456
G1 X142.992 Y164.534 E22.16207
G1 X142.992 Y165.079 E22.18828
G1 X139.163 Y168.908 E22.44872
G1 X139.709 Y168.908 E22.47498
G1 X142.992 Y165.625 E22.69829
G1 X142.992 Y166.17 E22.7245
G1 X140.254 Y168.908 E22.91074
G1 X140.681 Y169.102 E22.9333
;WIDTH:0.404381
G1 X140.64 Y169.113 E22.9351
G1 X140.621 Y169.042 E22.93822
G1 X140.692 Y169.061 E22.94134
;WIDTH:0.45
G1 X140.799 Y168.908 E22.95032
G1 X142.992 Y166.715 E23.09949
G1 X142.992 Y168.908 E23.20497
G1 X141.345 Y168.908 E23.28418
G1 X142.855 Y167.397 E23.38692
G1 X142.579 Y168.407 F7800
;WIDTH:0.643399
G1 F1200
G1 X142.528 Y168.355 E23.39218
G1 X142.458 Y168.374 E23.39742
G1 X142.439 Y168.444 E23.40266
G1 X142.491 Y168.495 E23.40792
G1 X142.56 Y168.476 E23.41309
G1 E21.41309 F2400
G92 E0
G1 X140.631 Y136.742 F7800
G1 E2 F2400
;TYPE:Internal infill
;WIDTH:0.45
G1 F1200
G1 X112.894 Y144.174 E3.38111
G1 X113.044 Y144.771 E3.41072
G1 X113.044 Y147.579 E3.54578
G1 X134.373 Y168.908 E4.99655
G1 X131.829 Y168.908 E5.11891
G1 X135.205 Y156.31 E5.74621
G1 X135.205 Y154.165 E5.84938
G1 X113.044 Y160.102 E6.95284
G1 X113.044 Y158.486 E7.03056
G1 X123.466 Y168.908 E7.73945
G1 X123.845 Y168.908 E7.75768
G1 X140.631 Y106.263 E10.87698
G1 X140.631 Y104.804 E10.94715
G1 X129.08 Y107.899 E11.52231
G1 X129.08 Y109.08 E11.57911
G1 X140.631 Y120.631 E12.3648
G1 X140.631 Y120.773 E12.37163
G1 X129.079 Y123.868 E12.94684
G1 X129.078 Y126.182 E13.05814
G1 E11.05814 F2400
G92 E0
G1 X127.401 Y134.473 F7800
G1 E2 F2400
G1 F1200
G1 X125.087 Y134.473 E2.1113
G1 X115.86 Y168.908 E3.82593
G1 X113.044 Y168.908 E3.96137
G1 X113.044 Y168.087 E4.00086
G1 X135.205 Y162.149 E5.10433
G1 X135.205 Y158.833 E5.26382
G1 X109.367 Y132.995 E7.02129
G1 E5.02129 F2400
G92 E0
G1 X109.367 Y126.836 F7800
G1 E2 F2400
G1 F1200
G1 X109.367 Y129.15 E2.1113
G1 X120.914 Y126.056 E2.68626
G1 X120.914 Y122.728 E2.84633
G1 X109.368 Y111.182 E3.63168
G1 X109.368 Y113.181 E3.72783
G1 X120.914 Y110.087 E4.30275
G1 X120.914 Y111.821 E4.38615
G1 X109.368 Y100.275 E5.1715
G1 X109.368 Y97.212 E5.31882
G1 X120.914 Y94.118 E5.89374
G1 X120.914 Y96.432 E6.00504
G1 E4.00504 F2400
G92 E0
G1 X120.914 Y83.82 F7800
G1 E2 F2400
G1 F1200
G1 X120.914 Y86.134 E2.1113
G1 X109.368 Y89.227 E2.6862
G1 X109.368 Y89.368 E2.69298
G1 X120.914 Y100.914 E3.47833
G1 X120.914 Y102.103 E3.53552
G1 X109.368 Y105.196 E4.11042
G1 X109.368 Y103.744 E4.18026
G1 X120.914 Y60.653 E6.3259
G1 X120.914 Y58.339 E6.4372
G1 E4.4372 F2400
G92 E0
G1 X120.914 Y64.494 F7800
G1 E2 F2400
G1 F1200
G1 X120.914 Y62.18 E2.1113
G1 X109.368 Y65.274 E2.68622
G1 X109.368 Y67.554 E2.79588
G1 X120.914 Y79.1 E3.58123
G1 X120.914 Y78.149 E3.62697
G1 X109.368 Y81.243 E4.20189
G1 X109.368 Y78.461 E4.33569
G1 X120.914 Y90.007 E5.12104
G1 X120.914 Y90.451 E5.14239
G1 X109.367 Y133.544 E7.28813
G1 X109.367 Y137.134 E7.4608
G1 X121.206 Y133.962 E8.0503
G1 X109.367 Y122.088 E8.85677
G1 X109.367 Y121.165 E8.90116
G1 X120.914 Y118.072 E9.47611
G1 X120.914 Y120.25 E9.58086
G1 X113.044 Y149.62 E11.04329
G1 X113.044 Y152.118 E11.16344
G1 X135.205 Y146.18 E12.26691
G1 X135.205 Y147.926 E12.35089
G1 X121.333 Y134.107 E13.29265
G1 E11.29265 F2400
G92 E0
G1 X109.488 Y143.88 F7800
G1 E2 F2400
;TYPE:Solid infill
;WIDTH:0.569063
G1 F1200
G1 X109.443 Y143.836 E2.00396
G1 X109.382 Y143.852 E2.00793
G1 X109.366 Y143.913 E2.0119
G1 X109.41 Y143.958 E2.01586
G1 X109.471 Y143.941 E2.01985
;WIDTH:0.45
G1 X110.116 Y143.837 E2.05127
G1 X109.244 Y144.723 E2.11106
;WIDTH:0.404381
G1 X109.172 Y144.704 E2.11422
G1 X109.191 Y144.775 E2.11734
G1 X109.233 Y144.764 E2.11918
;WIDTH:0.45
G1 X109.367 Y145.131 E2.13797
G1 X110.661 Y143.837 E2.22599
G1 X111.206 Y143.837 E2.2522
G1 X109.367 Y145.677 E2.37732
G1 X109.367 Y146.222 E2.40353
G1 X111.747 Y143.842 E2.56541
G1 X112.173 Y143.961 E2.58668
G1 X109.367 Y146.767 E2.77754
G1 X109.367 Y147.313 E2.8038
G1 X112.457 Y144.223 E3.01398
G1 X112.635 Y144.59 E3.0336
G1 X109.367 Y147.858 E3.25589
G1 X109.367 Y148.403 E3.2821
G1 X112.659 Y145.112 E3.50598
G1 X112.659 Y145.657 E3.53219
G1 X109.367 Y148.949 E3.75611
G1 X109.367 Y149.494 E3.78232
G1 X112.659 Y146.202 E4.00624
G1 X112.659 Y146.748 E4.0325
G1 X109.367 Y150.039 E4.25638
G1 X109.367 Y150.585 E4.28264
G1 X112.659 Y147.293 E4.50656
G1 X112.659 Y147.838 E4.53277
G1 X109.367 Y151.13 E4.75669
G1 X109.367 Y151.675 E4.7829
G1 X112.659 Y148.384 E5.00678
G1 X112.659 Y148.929 E5.03299
G1 X109.367 Y152.221 E5.25691
G1 X109.367 Y152.766 E5.28312
G1 X112.659 Y149.475 E5.507
G1 X112.659 Y150.02 E5.53321
G1 X109.367 Y153.311 E5.75709
G1 X109.271 Y154.156 F7800
;WIDTH:0.404381
G1 F1200
G1 X109.23 Y154.167 E5.75889
G1 X109.211 Y154.096 E5.76201
G1 X109.282 Y154.115 E5.76513
;WIDTH:0.45
G1 X109.367 Y153.857 E5.7782
G1 X112.659 Y150.565 E6.00212
G1 X112.659 Y151.111 E6.02838
G1 X109.159 Y154.61 E6.26641
G1 X108.909 Y154.76 E6.28043
;WIDTH:0.404381
G1 X109.057 Y154.883 E6.28859
G1 E4.28859 F2400
G92 E0
G1 X105.326 Y155.184 F7800
G1 E2 F2400
;WIDTH:0.484643
G1 F1200
G1 X105.288 Y155.147 E2.00278
G1 X105.238 Y155.161 E2.0055
G1 X105.224 Y155.211 E2.00822
G1 X105.261 Y155.249 E2.011
G1 X105.312 Y155.235 E2.01377
;WIDTH:0.45
G1 X105.862 Y155.18 E2.04036
G1 X105.134 Y155.922 E2.09036
;WIDTH:0.404381
G1 X105.063 Y155.903 E2.09348
G1 X105.082 Y155.974 E2.0966
G1 X105.123 Y155.963 E2.0984
;WIDTH:0.45
G1 X105.257 Y156.33 E2.11719
G1 X106.407 Y155.18 E2.19541
G1 X106.953 Y155.18 E2.22167
G1 X105.257 Y156.876 E2.33703
G1 X105.257 Y157.421 E2.36324
G1 X107.498 Y155.18 E2.51567
G1 X108.043 Y155.18 E2.54188
G1 X105.257 Y157.966 E2.73138
G1 X105.175 Y158.814 F7800
;WIDTH:0.404381
G1 F1200
G1 X105.133 Y158.825 E2.73322
G1 X105.114 Y158.754 E2.73634
G1 X105.186 Y158.773 E2.7395
;WIDTH:0.45
G1 X105.257 Y158.512 E2.75251
G1 X108.784 Y154.985 E2.99241
G1 E.99241 F2400
G92 E0
G1 X112.659 Y151.656 F7800
G1 E2 F2400
G1 F1200
G1 X105.257 Y159.057 E2.50344
G1 X105.257 Y159.602 E2.52965
G1 X112.659 Y152.201 E3.03309
G1 X112.659 Y152.747 E3.05935
G1 X105.257 Y160.148 E3.56279
G1 X105.257 Y160.693 E3.589
G1 X112.659 Y153.292 E4.09244
G1 X112.659 Y153.837 E4.11865
G1 X105.257 Y161.238 E4.62209
G1 X105.257 Y161.784 E4.64835
G1 X112.659 Y154.383 E5.15179
G1 X112.659 Y154.928 E5.178
G1 X105.257 Y162.329 E5.68144
G1 X105.257 Y162.874 E5.70765
G1 X112.659 Y155.473 E6.21109
G1 X112.659 Y156.019 E6.23735
G1 X105.257 Y163.42 E6.74079
G1 X105.257 Y163.965 E6.767
G1 X112.659 Y156.564 E7.27044
G1 X112.659 Y157.109 E7.29665
G1 X105.257 Y164.511 E7.80012
G1 X105.257 Y165.056 E7.82633
G1 X112.659 Y157.655 E8.32977
G1 X112.659 Y158.2 E8.35598
G1 X105.257 Y165.601 E8.85942
G1 X105.257 Y166.147 E8.88568
G1 X112.659 Y158.745 E9.38915
G1 X112.659 Y159.291 E9.41541
G1 X105.257 Y166.692 E9.91885
G1 X105.257 Y167.237 E9.94506
G1 X112.659 Y159.836 E10.4485
G1 X112.659 Y160.381 E10.47471
G1 X105.257 Y167.783 E10.97818
G1 X105.257 Y168.328 E11.00439
G1 X112.659 Y160.927 E11.50783
G1 X112.659 Y161.472 E11.53404
G1 X105.257 Y168.873 E12.03748
G1 X105.769 Y168.908 E12.06216
G1 X112.659 Y162.018 E12.53081
G1 X112.659 Y162.563 E12.55702
G1 X106.314 Y168.908 E12.9886
G1 X106.859 Y168.908 E13.01481
G1 X112.659 Y163.108 E13.40932
G1 X112.659 Y163.654 E13.43558
G1 X107.405 Y168.908 E13.79295
G1 X107.95 Y168.908 E13.81916
G1 X112.659 Y164.199 E14.13946
G1 X112.659 Y164.744 E14.16567
G1 X108.495 Y168.908 E14.4489
G1 X109.041 Y168.908 E14.47516
G1 X112.659 Y165.29 E14.72125
G1 X112.659 Y165.835 E14.74746
G1 X109.586 Y168.908 E14.95648
G1 X110.131 Y168.908 E14.98269
G1 X112.659 Y166.38 E15.15464
G1 X112.659 Y166.926 E15.1809
G1 X110.677 Y168.908 E15.31571
G1 E13.31571 F2400
G92 E0
G1 X112.522 Y167.607 F7800
G1 E2 F2400
G1 F1200
G1 X111.222 Y168.908 E2.08846
G1 X112.659 Y168.908 E2.15757
G1 X112.659 Y167.471 E2.22668
G1 X112.293 Y168.472 F7800
;WIDTH:0.520277
G1 F1200
G1 X112.253 Y168.432 E2.2299
G1 X112.198 Y168.447 E2.23314
G1 X112.183 Y168.502 E2.23638
G1 X112.223 Y168.542 E2.2396
G1 X112.278 Y168.527 E2.24284
G1 E.24284 F2400
G92 E0
G1 X86.236 Y168.908 F7800
G1 E2 F2400
;TYPE:Internal infill
;WIDTH:0.45
G1 F1200
G1 X83.923 Y168.908 E2.11125
G1 X87.601 Y155.18 E2.79481
G1 X87.925 Y155.18 E2.81039
G1 X101.652 Y168.908 E3.74412
G1 X99.892 Y168.908 E3.82877
G1 X103.57 Y155.18 E4.51233
G1 X101.615 Y155.18 E4.60636
G1 X75.535 Y162.168 E5.90497
G1 X75.535 Y164.605 E6.02218
G1 X79.838 Y168.908 E6.31487
G1 X80.183 Y168.908 E6.33146
G1 X104.872 Y162.292 E7.56081
G1 X104.872 Y161.221 E7.61232
G1 X98.832 Y155.18 E8.02319
G1 X95.585 Y155.18 E8.17936
G1 X91.907 Y168.908 E8.86292
G1 X90.745 Y168.908 E8.91881
G1 X77.018 Y155.18 E9.85254
G1 X79.616 Y155.18 E9.97749
G1 X75.938 Y168.908 E10.66105
G1 X75.535 Y168.908 E10.68043
G1 X75.535 Y166.997 E10.77234
G1 E8.77234 F2400
G92 E0
G1 X140.631 Y133.747 F7800
G1 E2 F2400
G1 F1200
G1 X140.631 Y136.061 E2.1113
G1 X138.65 Y143.452 E2.47933
G1 X140.631 Y143.452 E2.57461
G1 X140.631 Y142.444 E2.62309
G1 X129.078 Y130.892 E3.40888
G1 X129.078 Y131.853 E3.4551
G1 X140.631 Y128.757 E4.03037
G1 X140.631 Y131.538 E4.16413
G1 X129.079 Y119.986 E4.94988
G1 X129.079 Y119.576 E4.9696
G1 X140.631 Y76.464 E7.11629
G1 X140.631 Y72.866 E7.28934
G1 X129.083 Y75.96 E7.86435
G1 X129.083 Y76.362 E7.88368
G1 X140.631 Y87.91 E8.66916
G1 X140.631 Y88.835 E8.71365
G1 X129.081 Y91.93 E9.28876
G1 X129.082 Y89.767 E9.39279
G1 X142.124 Y41.092 E11.81647
G1 X140.018 Y41.092 E11.91776
G1 X129.086 Y44.022 E12.46211
G1 X129.086 Y43.644 E12.48029
G1 X140.835 Y55.393 E13.27944
G1 X140.658 Y55.809 E13.30118
G1 X140.631 Y56.897 E13.35353
G1 X129.084 Y59.991 E13.92849
G1 X134.14 Y41.092 E14.86943
G1 X137.441 Y41.092 E15.0282
G1 X151.168 Y54.82 E15.96193
G1 X154.415 Y54.82 E16.1181
G1 X155.415 Y51.088 E16.30393
G1 X157.861 Y51.123 E16.42159
G1 X158.293 Y51.038 E16.44277
G1 X162.075 Y54.82 E16.70002
G1 X162.399 Y54.82 E16.7156
G1 X163.546 Y50.54 E16.92872
G1 X163.708 Y50.714 E16.94015
G1 X148.385 Y54.82 E17.70313
G1 X146.43 Y54.82 E17.79716
G1 X147.658 Y50.238 E18.02532
G1 X147.489 Y49.682 E18.05327
G1 X147.486 Y47.851 E18.14133
G1 X147.027 Y47.806 E18.16351
G1 X146.701 Y47.692 E18.18012
G1 X146.319 Y47.389 E18.20357
G1 X129.085 Y52.006 E19.0617
G1 X129.085 Y54.55 E19.18406
G1 X140.631 Y66.096 E19.96941
G1 X140.631 Y64.882 E20.0278
G1 X129.084 Y67.976 E20.60276
G1 X129.084 Y65.456 E20.72396
G1 X140.631 Y77.003 E21.50937
G1 E19.50937 F2400
G92 E0
G1 X140.631 Y83.164 F7800
G1 E2 F2400
G1 F1200
G1 X140.631 Y80.851 E2.11125
G1 X129.082 Y83.945 E2.68631
G1 X129.082 Y87.268 E2.84613
G1 X140.631 Y98.817 E3.63168
G1 X140.631 Y96.82 E3.72773
G1 X129.081 Y99.914 E4.30283
G1 X129.081 Y98.174 E4.38652
G1 X140.631 Y109.724 E5.17214
G1 X140.631 Y112.788 E5.31951
G1 X129.079 Y115.884 E5.89473
G1 X129.079 Y113.57 E6.00603
G1 E4.00603 F2400
G92 E0
G1 X109.368 Y76.257 F7800
G1 E2 F2400
G1 F1200
G1 X109.368 Y73.944 E2.11125
G1 X118.171 Y41.092 E3.74706
G1 X115.627 Y41.092 E3.86942
G1 X120.914 Y46.379 E4.22904
G1 X120.914 Y46.211 E4.23712
G1 X105.281 Y50.4 E5.01554
G1 X105.761 Y49.914 E5.04839
G1 X105.937 Y49.617 E5.06499
G1 X106.06 Y49.304 E5.08116
G1 X106.113 Y48.962 E5.09781
G1 X106.093 Y46.207 E5.23032
G1 X106.05 Y45.889 E5.24575
G1 X105.877 Y45.51 E5.26579
G1 X105.572 Y45.173 E5.28765
G1 X105.292 Y44.963 E5.30448
G1 X104.938 Y44.834 E5.3226
G1 X104.582 Y44.788 E5.33986
G1 X104.265 Y44.832 E5.35525
G1 X101.955 Y44.789 E5.46637
G1 X101.624 Y44.835 E5.48244
G1 X101.31 Y44.958 E5.49866
G1 X101.18 Y44.907 E5.50538
G1 X102.202 Y41.092 E5.69534
G1 X104.72 Y41.092 E5.81645
G1 X120.914 Y57.286 E6.91795
G1 X120.914 Y54.196 E7.06657
G1 X109.368 Y57.29 E7.64149
G1 X109.368 Y56.648 E7.67237
G1 X120.914 Y68.193 E8.45768
G1 X120.914 Y70.165 E8.55253
G1 X109.368 Y73.258 E9.12743
G1 E7.12743 F2400
G92 E0
G1 X92.853 Y54.82 F7800
G1 E2 F2400
G1 F1200
G1 X90.539 Y54.82 E2.1113
G1 X91.53 Y51.123 E2.29539
G1 X92.37 Y51.104 E2.3358
G1 X92.776 Y50.962 E2.35649
G1 X96.633 Y54.82 E2.61887
G1 X98.524 Y54.82 E2.70982
G1 X99.83 Y49.943 E2.95265
G1 X99.8 Y49.472 E2.97535
G1 X98.909 Y49.487 E3.01821
G1 X98.888 Y49.856 E3.03599
G1 X98.67 Y50.391 E3.06378
G1 E1.06378 F2400
G92 E0
G1 X97.51 Y44.789 F7800
G1 E2 F2400
G1 F1200
G1 X93.813 Y41.092 E2.25147
G1 X94.217 Y41.092 E2.2709
G1 X93.211 Y44.85 E2.45801
G1 X93.478 Y44.947 E2.47167
G1 X94.103 Y44.789 E2.50268
G1 X96.309 Y44.82 E2.60879
G1 X110.22 Y41.092 E3.30147
G1 X106.508 Y54.82 E3.98545
G1 X107.54 Y54.82 E4.03509
G1 X103.844 Y51.123 E4.28652
G1 X102.584 Y51.123 E4.34712
G1 X88.788 Y54.82 E5.03407
G1 X85.727 Y54.82 E5.18129
G1 X82.001 Y51.081 E5.43517
G1 X83.545 Y51.123 E5.50946
G1 X82.555 Y54.82 E5.69354
G1 X75.535 Y54.82 E6.03118
G1 X75.535 Y51.217 E6.20447
G1 X76.298 Y48.371 E6.34619
G1 X76.221 Y47.963 E6.36616
G1 X76.221 Y46.307 E6.44581
G1 X76.268 Y46.071 E6.45738
G1 E4.45738 F2400
G92 E0
G1 X75.535 Y50.386 F7800
G1 E2 F2400
G1 F1200
G1 X76.737 Y50.064 E2.05985
G1 X77.316 Y50.666 E2.10002
G1 X77.724 Y50.945 E2.12379
G1 X78.033 Y51.067 E2.13977
G1 X78.681 Y51.123 E2.17105
G1 E.17105 F2400
G92 E0
G1 X75.935 Y41.092 F7800
G1 E2 F2400
G1 F1200
G1 X78.248 Y41.092 E2.11125
G1 X77.228 Y44.902 E2.30095
G1 X76.696 Y45.209 E2.33049
G1 X76.458 Y45.551 E2.35053
G1 X75.535 Y44.628 E2.41331
G1 X75.535 Y42.402 E2.52037
G1 X80.422 Y41.092 E2.76372
G1 X82.906 Y41.092 E2.88319
G1 X86.705 Y44.891 E3.14159
G1 X86.046 Y45.284 E3.17849
G1 X85.742 Y45.013 E3.19808
G1 X85.233 Y44.825 E3.22418
G1 X86.233 Y41.092 E3.41006
G1 X88.547 Y41.092 E3.52136
G1 E1.52136 F2400
G92 E0
G1 X121.42 Y41.136 F7800
G1 E2 F2400
;TYPE:Solid infill
;WIDTH:0.569069
G1 F1200
G1 X121.375 Y41.091 E2.00401
G1 X121.314 Y41.107 E2.00798
G1 X121.298 Y41.168 E2.01195
G1 X121.343 Y41.213 E2.01596
G1 X121.404 Y41.197 E2.01993
;WIDTH:0.45
G1 X121.299 Y41.841 E2.05131
G1 X122.048 Y41.092 E2.10226
G1 X122.593 Y41.092 E2.12847
G1 X121.299 Y42.386 E2.21649
G1 X121.299 Y42.932 E2.24275
G1 X123.139 Y41.092 E2.3679
G1 X123.684 Y41.092 E2.39411
G1 X121.299 Y43.477 E2.55633
G1 X121.299 Y44.022 E2.58254
G1 X124.229 Y41.092 E2.78183
G1 X124.775 Y41.092 E2.80809
G1 X121.299 Y44.568 E3.04452
G1 X121.299 Y45.113 E3.07073
G1 X125.32 Y41.092 E3.34423
G1 X125.866 Y41.092 E3.37049
G1 X121.299 Y45.659 E3.68113
G1 X121.299 Y46.204 E3.70734
G1 X126.411 Y41.092 E4.05505
G1 X126.956 Y41.092 E4.08126
G1 X121.299 Y46.749 E4.46604
G1 X121.299 Y47.295 E4.4923
G1 X127.502 Y41.092 E4.91422
G1 X128.047 Y41.092 E4.94043
G1 X121.299 Y47.84 E5.39942
G1 X121.299 Y48.385 E5.42563
G1 X128.592 Y41.092 E5.92169
G1 X128.701 Y41.53 E5.9434
G1 X121.299 Y48.931 E6.44684
G1 X121.299 Y49.476 E6.47305
G1 X128.7 Y42.075 E6.97646
G1 X128.7 Y42.62 E7.00267
G1 X121.299 Y50.021 E7.50608
G1 X121.299 Y50.567 E7.53234
G1 X128.7 Y43.166 E8.03575
G1 X128.7 Y43.711 E8.06196
G1 X121.299 Y51.112 E8.56537
G1 X121.299 Y51.657 E8.59158
G1 X128.7 Y44.257 E9.09495
G1 X128.7 Y44.802 E9.12116
G1 X121.299 Y52.203 E9.62457
G1 X121.299 Y52.748 E9.65078
G1 X128.7 Y45.347 E10.15419
G1 X128.7 Y45.893 E10.18045
G1 X121.299 Y53.293 E10.68382
G1 X121.299 Y53.839 E10.71008
G1 X128.7 Y46.438 E11.21349
G1 X128.7 Y46.984 E11.23975
G1 X121.299 Y54.384 E11.74312
G1 X121.299 Y54.929 E11.76933
G1 X128.7 Y47.529 E12.2727
G1 X128.7 Y48.074 E12.29891
G1 X121.299 Y55.475 E12.80232
G1 X121.299 Y56.02 E12.82853
G1 X128.7 Y48.62 E13.3319
G1 X128.7 Y49.165 E13.35811
G1 X121.299 Y56.565 E13.86148
G1 X121.299 Y57.111 E13.88774
G1 X128.7 Y49.71 E14.39115
G1 X128.7 Y50.256 E14.41741
G1 X121.299 Y57.656 E14.92078
G1 X121.299 Y58.201 E14.94699
G1 X128.7 Y50.801 E15.45036
G1 X128.7 Y51.347 E15.47662
G1 X121.299 Y58.747 E15.97999
G1 X121.299 Y59.292 E16.0062
G1 X128.7 Y51.892 E16.50957
G1 X128.7 Y52.437 E16.53578
G1 X121.299 Y59.838 E17.03919
G1 X121.299 Y60.383 E17.0654
G1 X128.699 Y52.983 E17.56874
G1 X128.699 Y53.528 E17.59495
G1 X121.299 Y60.928 E18.09829
G1 X121.299 Y61.474 E18.12455
G1 X128.699 Y54.074 E18.62789
G1 X128.699 Y54.619 E18.6541
G1 X121.299 Y62.019 E19.15744
G1 X121.299 Y62.564 E19.18365
G1 X128.699 Y55.164 E19.68699
G1 X128.699 Y55.71 E19.71325
G1 X121.299 Y63.11 E20.21659
G1 X121.299 Y63.655 E20.2428
G1 X128.699 Y56.255 E20.74614
G1 X128.699 Y56.801 E20.7724
G1 X121.299 Y64.2 E21.2757
G1 X121.299 Y64.746 E21.30196
G1 X128.699 Y57.346 E21.8053
G1 X128.699 Y57.891 E21.83151
G1 X121.299 Y65.291 E22.33485
G1 X121.299 Y65.836 E22.36106
G1 X128.699 Y58.437 E22.86436
G1 X128.699 Y58.982 E22.89057
G1 X121.299 Y66.382 E23.39391
G1 X121.299 Y66.927 E23.42012
G1 X128.699 Y59.528 E23.92342
G1 X128.699 Y60.073 E23.94963
G1 X121.299 Y67.472 E24.45293
G1 X121.299 Y68.018 E24.47919
G1 X128.699 Y60.618 E24.98253
G1 X128.699 Y61.164 E25.00879
G1 X121.299 Y68.563 E25.51209
G1 X121.299 Y69.108 E25.5383
G1 X128.699 Y61.709 E26.0416
G1 X128.699 Y62.255 E26.06786
G1 X121.299 Y69.654 E26.57116
G1 X121.299 Y70.199 E26.59737
G1 X128.699 Y62.8 E27.10067
G1 X128.698 Y63.345 E27.12688
G1 X121.299 Y70.744 E27.63015
G1 X121.299 Y71.29 E27.65641
G1 X128.698 Y63.891 E28.15968
G1 X128.698 Y64.436 E28.18589
G1 X121.299 Y71.835 E28.68916
G1 X121.299 Y72.381 E28.71542
G1 X128.698 Y64.982 E29.21869
G1 X128.698 Y65.527 E29.2449
G1 X121.299 Y72.926 E29.74817
G1 X121.299 Y73.471 E29.77438
G1 X128.698 Y66.072 E30.27765
G1 X128.698 Y66.618 E30.30391
G1 X121.299 Y74.017 E30.80718
G1 X121.299 Y74.562 E30.83339
G1 X128.698 Y67.163 E31.33666
G1 X128.698 Y67.709 E31.36292
G1 X121.299 Y75.107 E31.86616
G1 X121.299 Y75.653 E31.89242
G1 X128.698 Y68.254 E32.39569
G1 X128.698 Y68.799 E32.4219
G1 X121.299 Y76.198 E32.92517
G1 X121.299 Y76.743 E32.95138
G1 X128.698 Y69.345 E33.45462
G1 X128.698 Y69.89 E33.48083
G1 X121.299 Y77.289 E33.9841
G1 X121.299 Y77.834 E34.01031
G1 X128.698 Y70.436 E34.51355
G1 X128.698 Y70.981 E34.53976
G1 X121.299 Y78.379 E35.043
G1 X121.299 Y78.925 E35.06926
G1 X128.698 Y71.526 E35.57253
G1 X128.698 Y72.072 E35.59879
G1 X121.299 Y79.47 E36.10203
G1 X121.299 Y80.015 E36.12824
G1 X128.698 Y72.617 E36.63148
G1 X128.698 Y73.163 E36.65774
G1 X121.299 Y80.561 E37.16098
G1 X121.299 Y81.106 E37.18719
G1 X128.698 Y73.708 E37.69043
G1 X128.697 Y74.253 E37.71664
G1 X121.299 Y81.651 E38.21984
G1 X121.299 Y82.197 E38.2461
G1 X128.697 Y74.799 E38.7493
G1 X128.697 Y75.344 E38.77551
G1 X121.299 Y82.742 E39.27871
G1 X121.299 Y83.287 E39.30492
G1 X128.697 Y75.89 E39.80809
G1 X128.697 Y76.435 E39.8343
G1 X121.299 Y83.833 E40.3375
G1 X121.299 Y84.378 E40.36371
G1 X128.697 Y76.98 E40.86691
G1 X128.697 Y77.526 E40.89317
G1 X121.299 Y84.924 E41.39637
G1 X121.299 Y85.469 E41.42258
G1 X128.697 Y78.071 E41.92578
G1 X128.697 Y78.617 E41.95204
G1 X121.299 Y86.014 E42.45521
G1 X121.299 Y86.56 E42.48147
G1 X128.697 Y79.162 E42.98467
G1 X128.697 Y79.707 E43.01088
G1 X121.299 Y87.105 E43.51408
G1 X121.299 Y87.65 E43.54029
G1 X128.697 Y80.253 E44.04346
G1 X128.697 Y80.798 E44.06967
G1 X121.299 Y88.196 E44.57287
G1 X121.299 Y88.741 E44.59908
G1 X128.697 Y81.344 E45.10225
G1 X128.697 Y81.889 E45.12846
G1 X121.299 Y89.286 E45.63163
G1 X121.299 Y89.832 E45.65789
G1 X128.697 Y82.434 E46.16109
G1 X128.697 Y82.98 E46.18735
G1 X121.299 Y90.377 E46.69052
G1 X121.299 Y90.922 E46.71673
G1 X128.697 Y83.525 E47.2199
G1 X128.697 Y84.071 E47.24616
G1 X121.299 Y91.468 E47.74933
G1 X121.299 Y92.013 E47.77554
G1 X128.697 Y84.616 E48.27871
G1 X128.696 Y85.161 E48.30492
G1 X121.299 Y92.558 E48.80805
G1 X121.299 Y93.104 E48.83431
G1 X128.696 Y85.707 E49.33744
G1 X128.696 Y86.252 E49.36365
G1 X121.299 Y93.649 E49.86678
G1 X121.299 Y94.194 E49.89299
G1 X128.696 Y86.798 E50.39609
G1 X128.696 Y87.343 E50.4223
G1 X121.299 Y94.74 E50.92543
G1 X121.299 Y95.285 E50.95164
G1 X128.696 Y87.888 E51.45477
G1 X128.696 Y88.434 E51.48103
G1 X121.299 Y95.83 E51.98413
G1 X121.299 Y96.376 E52.01039
G1 X128.696 Y88.979 E52.51352
G1 X128.696 Y89.525 E52.53978
G1 X121.299 Y96.921 E53.04288
G1 X121.299 Y97.467 E53.06914
G1 X128.696 Y90.07 E53.57227
G1 X128.696 Y90.615 E53.59848
G1 X121.299 Y98.012 E54.10161
G1 X121.299 Y98.557 E54.12782
G1 X128.696 Y91.161 E54.63092
G1 X128.696 Y91.706 E54.65713
G1 X121.299 Y99.103 E55.16026
G1 X121.299 Y99.648 E55.18647
G1 X128.696 Y92.252 E55.68957
G1 X128.696 Y92.797 E55.71578
G1 X121.299 Y100.193 E56.21888
G1 X121.299 Y100.739 E56.24514
G1 X128.696 Y93.342 E56.74827
G1 X128.696 Y93.888 E56.77453
G1 X121.299 Y101.284 E57.27763
G1 X121.299 Y101.829 E57.30384
G1 X128.696 Y94.433 E57.80694
G1 X128.696 Y94.979 E57.8332
G1 X121.299 Y102.375 E58.3363
G1 X121.299 Y102.92 E58.36251
G1 X128.696 Y95.524 E58.86561
G1 X128.695 Y96.069 E58.89182
G1 X121.299 Y103.465 E59.39489
G1 X121.299 Y104.011 E59.42115
G1 X128.695 Y96.615 E59.92422
G1 X128.695 Y97.16 E59.95043
G1 X121.299 Y104.556 E60.4535
G1 X121.299 Y105.101 E60.47971
G1 X128.695 Y97.706 E60.98274
G1 X128.695 Y98.251 E61.00895
G1 X121.299 Y105.647 E61.51202
G1 X121.299 Y106.192 E61.53823
G1 X128.695 Y98.796 E62.0413
G1 X128.695 Y99.342 E62.06756
G1 X121.299 Y106.737 E62.57059
G1 X121.299 Y107.283 E62.59685
G1 X128.695 Y99.887 E63.09992
G1 X128.695 Y100.433 E63.12618
G1 X121.299 Y107.828 E63.62921
G1 X121.299 Y108.373 E63.65542
G1 X128.695 Y100.978 E64.15845
G1 X128.695 Y101.523 E64.18466
G1 X121.299 Y108.919 E64.68773
G1 X121.299 Y109.464 E64.71394
G1 X128.695 Y102.069 E65.21697
G1 X128.695 Y102.614 E65.24318
G1 X121.299 Y110.01 E65.74625
G1 X121.299 Y110.555 E65.77246
G1 X128.695 Y103.159 E66.27553
G1 X128.695 Y103.705 E66.30179
G1 X121.299 Y111.1 E66.80482
G1 X121.299 Y111.646 E66.83108
G1 X128.695 Y104.25 E67.33415
G1 X128.695 Y104.796 E67.36041
G1 X121.299 Y112.191 E67.86344
G1 X121.299 Y112.736 E67.88965
G1 X128.695 Y105.341 E68.39268
G1 X128.695 Y105.886 E68.41889
G1 X121.299 Y113.282 E68.92196
G1 X121.299 Y113.827 E68.94817
G1 X128.695 Y106.432 E69.4512
G1 X128.694 Y106.977 E69.47741
G1 X121.299 Y114.372 E69.98041
G1 X121.299 Y114.918 E70.00667
G1 X128.694 Y107.523 E70.50967
G1 X128.694 Y108.068 E70.53588
G1 X121.299 Y115.463 E71.03888
G1 X121.299 Y116.008 E71.06509
G1 X128.694 Y108.613 E71.56809
G1 X128.694 Y109.159 E71.59435
G1 X121.299 Y116.554 E72.09735
G1 X121.299 Y117.099 E72.12356
G1 X128.694 Y109.704 E72.62656
G1 X128.694 Y110.25 E72.65282
G1 X121.299 Y117.644 E73.15578
G1 X121.299 Y118.19 E73.18204
G1 X128.694 Y110.795 E73.68504
G1 X128.694 Y111.34 E73.71125
G1 X121.299 Y118.735 E74.21425
G1 X121.299 Y119.28 E74.24046
G1 X128.694 Y111.886 E74.74342
G1 X128.694 Y112.431 E74.76963
G1 X121.299 Y119.826 E75.27263
G1 X121.299 Y120.371 E75.29884
G1 X128.694 Y112.977 E75.8018
G1 X128.694 Y113.522 E75.82801
G1 X121.299 Y120.916 E76.33097
G1 X121.299 Y121.462 E76.35723
G1 X128.694 Y114.067 E76.86023
G1 X128.694 Y114.613 E76.88649
G1 X121.299 Y122.007 E77.38945
G1 X121.299 Y122.553 E77.41571
G1 X128.694 Y115.158 E77.91871
G1 X128.694 Y115.704 E77.94497
G1 X121.299 Y123.098 E78.44793
G1 X121.299 Y123.643 E78.47414
G1 X128.694 Y116.249 E78.9771
G1 X128.694 Y116.794 E79.00331
G1 X121.299 Y124.189 E79.50631
G1 X121.299 Y124.734 E79.53252
G1 X128.694 Y117.34 E80.03548
G1 X128.693 Y117.885 E80.06169
G1 X121.299 Y125.279 E80.56462
G1 X121.299 Y125.825 E80.59088
G1 X128.693 Y118.431 E81.09381
G1 X128.693 Y118.976 E81.12002
G1 X121.299 Y126.37 E81.62295
G1 X121.299 Y126.915 E81.64916
G1 X128.693 Y119.521 E82.15209
G1 X128.693 Y120.067 E82.17835
G1 X121.299 Y127.461 E82.68128
G1 X121.299 Y128.006 E82.70749
G1 X128.693 Y120.612 E83.21042
G1 X128.693 Y121.158 E83.23668
G1 X121.299 Y128.551 E83.73958
G1 X121.299 Y129.097 E83.76584
G1 X128.693 Y121.703 E84.26877
G1 X128.693 Y122.248 E84.29498
G1 X121.299 Y129.642 E84.79791
G1 X121.299 Y130.187 E84.82412
G1 X128.693 Y122.794 E85.32702
G1 X128.693 Y123.339 E85.35323
G1 X121.299 Y130.733 E85.85616
G1 X121.299 Y131.278 E85.88237
G1 X128.693 Y123.885 E86.38527
G1 X128.693 Y124.43 E86.41148
G1 X121.299 Y131.823 E86.91438
G1 X121.299 Y132.369 E86.94064
G1 X128.693 Y124.975 E87.44357
G1 X128.693 Y125.521 E87.46983
G1 X121.299 Y132.914 E87.97273
G1 X121.344 Y133.415 E87.99692
G1 X128.693 Y126.066 E88.49679
G1 X128.693 Y126.612 E88.52305
G1 X121.541 Y133.763 E89.00949
G1 X121.853 Y133.997 E89.02825
G1 X128.693 Y127.157 E89.4935
G1 X128.693 Y127.702 E89.51971
G1 X122.307 Y134.088 E89.95408
G1 X122.852 Y134.088 E89.98029
G1 X128.692 Y128.248 E90.37752
G1 X128.692 Y128.793 E90.40373
G1 X123.398 Y134.088 E90.76386
G1 X123.943 Y134.088 E90.79007
G1 X128.692 Y129.339 E91.11309
G1 X128.692 Y129.884 E91.1393
G1 X124.489 Y134.088 E91.42522
G1 X125.034 Y134.088 E91.45143
G1 X128.692 Y130.429 E91.70028
G1 X128.692 Y130.975 E91.72654
G1 X125.579 Y134.088 E91.93828
G1 X126.125 Y134.088 E91.96454
G1 X128.692 Y131.52 E92.13918
G1 X128.898 Y131.907 E92.16027
;WIDTH:0.404381
G1 X128.827 Y131.888 E92.16339
G1 X128.846 Y131.959 E92.16651
G1 X128.887 Y131.948 E92.16831
;WIDTH:0.45
G1 X128.692 Y132.066 E92.17927
G1 X126.67 Y134.088 E92.3168
G1 E90.3168 F2400
G92 E0
G1 X128.496 Y132.891 F7800
G1 E2 F2400
;WIDTH:0.568467
G1 F1200
G1 X128.128 Y133.258 E2.03268
;WIDTH:0.581758
G1 X127.375 Y134.022 E2.1019
G1 X127.742 Y134.018 E2.12558
G1 X128.167 Y133.905 E2.15396
G1 X128.384 Y133.74 E2.17155
G1 X128.507 Y133.589 E2.18412
;WIDTH:0.568467
G1 X128.631 Y133.219 E2.20865
G1 X128.632 Y132.755 E2.23782
G1 E.23782 F2400
G92 E0
G1 X164.356 Y51.074 F7800
G1 E2 F2400
;TYPE:Internal infill
;WIDTH:0.45
G1 F1200
G1 X165.105 Y51.072 E2.03602
G1 X165.506 Y50.904 E2.05693
G1 X165.983 Y50.45 E2.0886
G1 X166.217 Y50.041 E2.11126
G1 X166.413 Y50.462 E2.1336
G1 X166.627 Y50.716 E2.14957
G1 X167.184 Y51.027 E2.18025
G1 X167.659 Y51.123 E2.20356
G1 X169.286 Y51.123 E2.28181
G1 X172.982 Y54.82 E2.53324
G1 X170.384 Y54.82 E2.65819
G1 X174.062 Y41.092 E3.34175
G1 X174.465 Y41.092 E3.36113
G1 X174.465 Y43.003 E3.45304
G1 E1.45304 F2400
G92 E0
G1 X170.18 Y46.857 F7800
G1 E2 F2400
G1 F1200
G1 X170.18 Y48.219 E2.06551
G1 X170.478 Y48.322 E2.08067
G1 X170.756 Y48.556 E2.09815
G1 X170.902 Y48.786 E2.11125
G1 X174.465 Y47.832 E2.28865
G1 X174.465 Y45.395 E2.40586
G1 X170.162 Y41.092 E2.69855
G1 X169.817 Y41.092 E2.71514
G1 X156.02 Y44.789 E3.40214
G1 X155.548 Y44.835 E3.42495
G1 X155.233 Y44.958 E3.44121
G1 X154.92 Y44.835 E3.45738
G1 X154.589 Y44.789 E3.47345
G1 X152.045 Y44.789 E3.59581
G1 X148.348 Y41.092 E3.84728
G1 X150.108 Y41.092 E3.93193
G1 X149.118 Y44.789 E4.11601
G1 X147.374 Y44.789 E4.19989
G1 X146.822 Y44.916 E4.22713
G1 E2.22713 F2400
G92 E0
G1 X157.102 Y44.789 F7800
G1 E2 F2400
G1 F1200
G1 X158.093 Y41.092 E2.18409
G1 X159.255 Y41.092 E2.23998
G1 X162.983 Y44.82 E2.49355
G1 X163.499 Y44.847 E2.5184
G1 X163.776 Y44.953 E2.53266
G1 X164.232 Y45.33 E2.56112
G1 X164.387 Y45.518 E2.57284
G1 X164.718 Y46.165 E2.60779
G1 X166.077 Y41.092 E2.86039
G1 X163.764 Y41.092 E2.97164
G1 E.97164 F2400
G92 E0
G1 X161.394 Y48.667 F7800
G1 E2 F2400
;TYPE:Perimeter
;WIDTH:0.588886
G1 F1200
G1 X161.505 Y48.556 E2.01027
G1 X161.952 Y47.465 F7800
;TYPE:External perimeter
;WIDTH:0.45
G1 F1200
G1 X161.961 Y48.743 E2.07174
G1 X161.583 Y49.122 E2.09749
G1 X160.296 Y49.122 E2.15939
G1 X161.91 Y47.508 E2.26917
G1 X161.96 Y47.905 F7800
G1 X160.086 Y47.358
;TYPE:Perimeter
;WIDTH:0.588885
G1 F1200
G1 X160.198 Y47.245 E2.27958
G1 X159.631 Y48.456 F7800
;TYPE:External perimeter
;WIDTH:0.45
G1 F1200
G1 X159.631 Y47.169 E2.34148
G1 X160.009 Y46.79 E2.36723
G1 X161.297 Y46.79 E2.42918
G1 X159.673 Y48.414 E2.53964
G1 X159.626 Y48.017 F7800
G1 E.53964 F2400
G92 E0
G1 X157.468 Y48.667 F7800
G1 E2 F2400
;TYPE:Perimeter
;WIDTH:0.588886
G1 F1200
G1 X157.578 Y48.556 E2.01022
G1 X158.026 Y47.465 F7800
;TYPE:External perimeter
;WIDTH:0.45
G1 F1200
G1 X158.035 Y48.743 E2.07169
G1 X157.657 Y49.122 E2.09744
G1 X156.369 Y49.122 E2.15939
G1 X157.983 Y47.508 E2.26917
G1 X158.033 Y47.905 F7800
G1 X156.159 Y47.358
;TYPE:Perimeter
;WIDTH:0.588885
G1 F1200
G1 X156.272 Y47.245 E2.27962
G1 X157.348 Y46.79 F7800
;TYPE:External perimeter
;WIDTH:0.45
G1 F1200
G1 X157.37 Y46.79 E2.28068
G1 X155.704 Y48.456 E2.394
G1 X155.704 Y47.169 E2.4559
G1 X156.083 Y46.79 E2.48168
G1 X157.288 Y46.79 E2.53964
G1 X157.06 Y47.119 F7800
G1 E.53964 F2400
G92 E0
G1 X103.545 Y48.667 F7800
G1 E2 F2400
;TYPE:Perimeter
;WIDTH:0.588886
G1 F1200
G1 X103.655 Y48.556 E2.01022
G1 X104.102 Y47.491 F7800
;TYPE:External perimeter
;WIDTH:0.45
G1 F1200
G1 X104.111 Y48.743 E2.07044
G1 X103.733 Y49.122 E2.09619
G1 X102.446 Y49.122 E2.15809
G1 X104.078 Y47.49 E2.2691
G1 X104.105 Y47.889 F7800
G1 X102.236 Y47.358
;TYPE:Perimeter
;WIDTH:0.588886
G1 F1200
G1 X102.348 Y47.245 E2.27951
G1 X103.447 Y46.79 F7800
;TYPE:External perimeter
;WIDTH:0.45
G1 F1200
G1 X101.781 Y48.456 E2.39283
G1 X101.781 Y47.169 E2.45473
G1 X102.16 Y46.79 E2.48051
G1 X103.387 Y46.79 E2.53952
G1 X103.139 Y47.105 F7800
G1 E.53952 F2400
G92 E0
G1 X91.765 Y48.667 F7800
G1 E2 F2400
;TYPE:Perimeter
;WIDTH:0.588886
G1 F1200
G1 X91.876 Y48.556 E2.01027
G1 X92.323 Y47.465 F7800
;TYPE:External perimeter
;WIDTH:0.45
G1 F1200
G1 X92.332 Y48.743 E2.07174
G1 X91.954 Y49.122 E2.09749
G1 X90.667 Y49.122 E2.15939
G1 X92.281 Y47.508 E2.26917
G1 X92.331 Y47.905 F7800
G1 X90.457 Y47.358
;TYPE:Perimeter
;WIDTH:0.588889
G1 F1200
G1 X90.569 Y47.245 E2.27958
G1 X90.002 Y48.435 F7800
;TYPE:External perimeter
;WIDTH:0.45
G1 F1200
G1 X90.002 Y47.169 E2.34047
G1 X90.38 Y46.79 E2.36622
G1 X91.668 Y46.79 E2.42817
G1 X90.029 Y48.429 E2.53965
G1 X90.001 Y48.03 F7800
G1 E.53965 F2400
G92 E0
G1 X83.913 Y48.667 F7800
G1 E2 F2400
;TYPE:Perimeter
;WIDTH:0.588886
G1 F1200
G1 X84.023 Y48.556 E2.01022
G1 X82.836 Y49.122 F7800
;TYPE:External perimeter
;WIDTH:0.45
G1 F1200
G1 X82.814 Y49.122 E2.01128
G1 X84.47 Y47.465 E2.12395
G1 X84.479 Y48.743 E2.18542
G1 X84.101 Y49.122 E2.21117
G1 X82.896 Y49.122 E2.26913
G1 X83.124 Y48.793 F7800
G1 X82.604 Y47.358
;TYPE:Perimeter
;WIDTH:0.588886
G1 F1200
G1 X82.716 Y47.245 E2.27954
G1 X82.149 Y48.456 F7800
;TYPE:External perimeter
;WIDTH:0.45
G1 F1200
G1 X82.149 Y47.169 E2.34144
G1 X82.528 Y46.79 E2.36722
G1 X83.815 Y46.79 E2.42912
G1 X82.191 Y48.414 E2.53958
G1 X82.144 Y48.017 F7800
;LAYER_CHANGE
;Z:1.55
;HEIGHT:0.3
G1 E.53958 F2400
G92 E0
G1 Z1.55 F7800
;AFTER_LAYER_CHANGE
;1.55
G1 X141.203 Y154.603
G1 E2 F2400
;TYPE:Perimeter
G1 F1500
G1 X141.219 Y154.625 E2.00131
G1 X141.513 Y154.817 E2.0182
G1 X141.884 Y154.891 E2.0364
G1 X174.754 Y154.891 E3.61733
G1 X174.754 Y169.197 E4.3054
G1 X75.246 Y169.197 E9.09139
G1 X75.246 Y154.891 E9.77946
G1 X108.196 Y154.891 E11.36424
G1 X108.569 Y154.778 E11.38299
G1 X108.837 Y154.567 E11.3994
G1 X109.021 Y154.257 E11.41674
G1 X109.079 Y153.927 E11.43286
G1 X109.079 Y56.724 E16.10799
G1 X109.078 Y56.023 E16.14171
G1 X108.996 Y55.681 E16.15863
G1 X108.78 Y55.375 E16.17664
G1 X108.486 Y55.183 E16.19353
G1 X108.115 Y55.109 E16.21173
G1 X75.246 Y55.109 E17.79261
G1 X75.246 Y40.803 E18.48068
G1 X174.754 Y40.803 E23.26667
G1 X174.754 Y55.109 E23.95474
G1 X141.803 Y55.109 E25.53957
G1 X141.43 Y55.222 E25.55832
G1 X141.162 Y55.433 E25.57473
G1 X140.978 Y55.743 E25.59207
G1 X140.92 Y56.073 E25.60819
G1 X140.92 Y153.277 E30.28336
G1 X140.921 Y153.977 E30.31703
G1 X141.003 Y154.319 E30.33395
G1 X141.168 Y154.554 E30.34776
G1 X141.488 Y154.323 F7800
G1 F1500
G1 X141.612 Y154.438 E30.35589
G1 X141.884 Y154.506 E30.36937
G1 X175.139 Y154.506 E31.96882
G1 X175.139 Y169.582 E32.69392
G1 X74.861 Y169.582 E37.51694
G1 X74.861 Y154.506 E38.24204
G1 X108.165 Y154.506 E39.84385
G1 X108.434 Y154.41 E39.85759
G1 X108.626 Y154.199 E39.87131
G1 X108.694 Y153.927 E39.88479
G1 X108.693 Y56.043 E44.59267
G1 X108.604 Y55.763 E44.6068
G1 X108.387 Y55.562 E44.62103
G1 X108.115 Y55.494 E44.63451
G1 X74.861 Y55.494 E46.23391
G1 X74.861 Y40.418 E46.95901
G1 X175.139 Y40.418 E51.78203
G1 X175.139 Y55.494 E52.50713
G1 X141.834 Y55.494 E54.10898
G1 X141.565 Y55.59 E54.12272
G1 X141.373 Y55.801 E54.13644
G1 X141.305 Y56.073 E54.14992
G1 X141.306 Y153.957 E58.8578
G1 X141.395 Y154.237 E58.87193
G1 X141.444 Y154.282 E58.87513
G1 X141.756 Y154.062 F7800
;TYPE:External perimeter
G1 F1500
G1 X141.884 Y154.12 E58.88189
G1 X175.525 Y154.12 E60.49991
G1 X175.525 Y169.968 E61.26214
G1 X74.475 Y169.968 E66.12229
G1 X74.475 Y154.12 E66.88452
G1 X108.115 Y154.12 E68.50249
G1 X108.248 Y154.067 E68.50938
G1 X108.308 Y153.927 E68.51671
G1 X108.308 Y56.073 E73.22315
G1 X108.259 Y55.945 E73.22974
G1 X108.115 Y55.88 E73.23734
G1 X74.475 Y55.88 E74.85531
G1 X74.475 Y40.032 E75.61754
G1 X175.525 Y40.032 E80.47769
G1 X175.525 Y55.88 E81.23992
G1 X141.884 Y55.88 E82.85794
G1 X141.751 Y55.933 E82.86483
G1 X141.691 Y56.073 E82.87216
G1 X141.691 Y153.927 E87.5786
G1 X141.725 Y154.016 E87.58318
G1 X142.113 Y154.112 F7800
G1 E85.58318 F2400
G92 E0
G1 X145.806 Y155.18 F7800
G1 E2 F2400
;TYPE:Internal infill
;WIDTH:0.45
G1 F1200
G1 X143.492 Y155.18 E2.1113
G1 X143.377 Y155.609 E2.13266
G1 X143.377 Y156.098 E2.15618
G1 X156.187 Y168.908 E3.0275
G1 X155.783 Y168.908 E3.04693
G1 X159.461 Y155.18 E3.73049
G1 X157.147 Y155.18 E3.84179
G1 E1.84179 F2400
G92 E0
G1 X161.453 Y168.908 F7800
G1 E2 F2400
G1 F1200
G1 X163.767 Y168.908 E2.1113
G1 X167.445 Y155.18 E2.79486
G1 X174.465 Y155.18 E3.1325
G1 X174.465 Y158.783 E3.30579
G1 X171.752 Y168.908 E3.80995
G1 X174.065 Y168.908 E3.9212
G1 E1.9212 F2400
G92 E0
G1 X174.465 Y159.614 F7800
G1 E2 F2400
G1 F1200
G1 X143.377 Y167.944 E3.54797
G1 X143.377 Y167.005 E3.59313
G1 X145.28 Y168.908 E3.72257
G1 X147.798 Y168.908 E3.84368
G1 X151.476 Y155.18 E4.52724
G1 X153.367 Y155.18 E4.61819
G1 X167.094 Y168.908 E5.55192
G1 X169.578 Y168.908 E5.67139
G1 X174.465 Y167.598 E5.91474
G1 X174.465 Y165.372 E6.0218
G1 X164.273 Y155.18 E6.71505
G1 X161.212 Y155.18 E6.86227
G1 X143.377 Y159.959 E7.75033
G1 X143.377 Y162.273 E7.86163
G1 E5.86163 F2400
G92 E0
G1 X140.075 Y143.661 F7800
G1 E2 F2400
;TYPE:Top solid infill
;WIDTH:0.404616
G1 F900
G1 X140.656 Y144.242 E2.03487
G1 X140.656 Y144.723 E2.05528
G1 X139.745 Y143.812 E2.10995
G1 X139.263 Y143.812 E2.1304
G1 X140.656 Y145.204 E2.21397
G1 X140.656 Y145.685 E2.23438
G1 X138.782 Y143.812 E2.34682
G1 X138.301 Y143.812 E2.36723
G1 X140.656 Y146.167 E2.50856
G1 X140.656 Y146.648 E2.52897
G1 X137.82 Y143.812 E2.69917
G1 X137.339 Y143.812 E2.71958
G1 X140.656 Y147.129 E2.91864
G1 X140.656 Y147.61 E2.93905
G1 X136.858 Y143.812 E3.16698
G1 X136.394 Y143.829 E3.18668
G1 X140.656 Y148.091 E3.44246
G1 X140.656 Y148.572 E3.46287
G1 X136.038 Y143.955 E3.73998
G1 X135.883 Y144.067 E3.7481
G1 X135.785 Y144.183 E3.75454
G1 X140.656 Y149.054 E4.04687
G1 X140.656 Y149.535 E4.06728
G1 X135.617 Y144.497 E4.36966
G1 X135.586 Y144.594 E4.37398
G1 X135.565 Y144.926 E4.3881
G1 X140.656 Y150.016 E4.6936
G1 X140.656 Y150.497 E4.71401
G1 X135.565 Y145.407 E5.01951
G1 X135.565 Y145.888 E5.03992
G1 X140.656 Y150.978 E5.34542
G1 X140.656 Y151.459 E5.36583
G1 X135.565 Y146.369 E5.67133
G1 X135.565 Y146.85 E5.69174
G1 X140.656 Y151.941 E5.99727
G1 X140.656 Y152.422 E6.01768
G1 X135.565 Y147.332 E6.32318
G1 X135.565 Y147.813 E6.34359
G1 X140.656 Y152.903 E6.64909
G1 X140.656 Y153.384 E6.6695
G1 X135.565 Y148.294 E6.975
G1 X135.565 Y148.775 E6.99541
G1 X140.822 Y154.032 E7.3109
G1 E5.3109 F2400
G92 E0
G1 X142.757 Y155.004 F7800
G1 E2 F2400
G1 F900
G1 X143.017 Y155.264 E2.0156
G1 X143.017 Y155.745 E2.03601
G1 X142.427 Y155.155 E2.07142
G1 X141.946 Y155.155 E2.09183
G1 X143.017 Y156.226 E2.1561
G1 X143.017 Y156.707 E2.17651
G1 X135.565 Y149.256 E2.6237
G1 X135.565 Y149.737 E2.64411
G1 X143.017 Y157.189 E3.09133
G1 X143.017 Y157.67 E3.11174
G1 X135.565 Y150.219 E3.55893
G1 X135.565 Y150.7 E3.57934
G1 X143.017 Y158.151 E4.02653
G1 X143.017 Y158.632 E4.04694
G1 X135.565 Y151.181 E4.49413
G1 X135.565 Y151.662 E4.51454
G1 X143.017 Y159.113 E4.96173
G1 X143.017 Y159.594 E4.98214
G1 X135.565 Y152.143 E5.42933
G1 X135.565 Y152.624 E5.44974
G1 X143.017 Y160.076 E5.89696
G1 X143.017 Y160.557 E5.91737
G1 X135.565 Y153.106 E6.36456
G1 X135.565 Y153.587 E6.38497
G1 X143.017 Y161.038 E6.83216
G1 X143.017 Y161.519 E6.85257
G1 X135.565 Y154.068 E7.29976
G1 X135.565 Y154.549 E7.32017
G1 X143.017 Y162 E7.76736
G1 X143.017 Y162.481 E7.78777
G1 X135.565 Y155.03 E8.23496
G1 X135.565 Y155.511 E8.25537
G1 X143.017 Y162.963 E8.70259
G1 X143.017 Y163.444 E8.723
G1 X135.565 Y155.993 E9.17019
G1 X135.565 Y156.474 E9.1906
G1 X143.017 Y163.925 E9.63779
G1 X143.017 Y164.406 E9.6582
G1 X135.565 Y156.955 E10.10539
G1 X135.565 Y157.436 E10.1258
G1 X143.017 Y164.887 E10.57299
G1 X143.017 Y165.368 E10.5934
G1 X135.565 Y157.917 E11.04059
G1 X135.565 Y158.398 E11.061
G1 X143.017 Y165.85 E11.50822
G1 X143.017 Y166.331 E11.52863
G1 X135.565 Y158.88 E11.97582
G1 X135.565 Y159.361 E11.99623
G1 X143.017 Y166.812 E12.44342
G1 X143.017 Y167.293 E12.46383
G1 X135.565 Y159.842 E12.91102
G1 X135.565 Y160.323 E12.93143
G1 X143.017 Y167.774 E13.37862
G1 X143.017 Y168.255 E13.39903
G1 X135.565 Y160.804 E13.84622
G1 X135.565 Y161.285 E13.86663
G1 X143.017 Y168.737 E14.31385
G1 X143.017 Y168.933 E14.32217
G1 X142.731 Y168.933 E14.33431
G1 X135.565 Y161.767 E14.76437
G1 X135.565 Y162.248 E14.78478
G1 X142.25 Y168.933 E15.18597
G1 X141.769 Y168.933 E15.20638
G1 X135.565 Y162.729 E15.5787
G1 X135.565 Y163.21 E15.59911
G1 X141.288 Y168.933 E15.94257
G1 X140.807 Y168.933 E15.96298
G1 X135.565 Y163.691 E16.27757
G1 X135.565 Y164.172 E16.29798
G1 X140.326 Y168.933 E16.5837
G1 X139.844 Y168.933 E16.60415
G1 X135.565 Y164.654 E16.86095
G1 X135.565 Y165.135 E16.88136
G1 X139.363 Y168.933 E17.10929
G1 X138.882 Y168.933 E17.1297
G1 X135.565 Y165.616 E17.32876
G1 X135.565 Y166.097 E17.34917
G1 X138.401 Y168.933 E17.51937
G1 X137.92 Y168.933 E17.53978
G1 X135.565 Y166.578 E17.68111
G1 X135.565 Y167.059 E17.70152
G1 X137.439 Y168.933 E17.81399
G1 X136.957 Y168.933 E17.83444
G1 X135.565 Y167.541 E17.91798
G1 X135.565 Y168.022 E17.93839
G1 X136.476 Y168.933 E17.99306
G1 X135.995 Y168.933 E18.01347
G1 X135.414 Y168.352 E18.04834
G1 E16.04834 F2400
G92 E0
G1 X140.631 Y136.742 F7800
G1 E2 F2400
;TYPE:Internal infill
;WIDTH:0.45
G1 F1200
G1 X112.894 Y144.174 E3.38111
G1 X113.044 Y144.77 E3.41067
G1 X113.044 Y147.579 E3.54577
G1 X134.373 Y168.908 E4.99654
G1 X131.829 Y168.908 E5.1189
G1 X135.205 Y156.31 E5.7462
G1 X135.205 Y154.165 E5.84937
G1 X113.044 Y160.102 E6.95283
G1 X113.044 Y158.486 E7.03055
G1 X123.466 Y168.908 E7.73944
G1 X123.845 Y168.908 E7.75767
G1 X140.631 Y106.263 E10.87697
G1 X140.631 Y104.804 E10.94714
G1 X129.08 Y107.899 E11.5223
G1 X129.08 Y109.08 E11.5791
G1 X140.631 Y120.631 E12.36479
G1 X140.631 Y120.773 E12.37162
G1 X129.079 Y123.868 E12.94683
G1 X129.078 Y126.182 E13.05813
G1 E11.05813 F2400
G92 E0
G1 X127.401 Y134.473 F7800
G1 E2 F2400
G1 F1200
G1 X125.087 Y134.473 E2.1113
G1 X115.86 Y168.908 E3.82593
G1 X113.044 Y168.908 E3.96137
G1 X113.044 Y168.087 E4.00086
G1 X135.205 Y162.149 E5.10433
G1 X135.205 Y158.833 E5.26382
G1 X109.368 Y132.996 E7.02122
G1 E5.02122 F2400
G92 E0
G1 X109.368 Y126.836 F7800
G1 E2 F2400
G1 F1200
G1 X109.368 Y129.15 E2.1113
G1 X120.914 Y126.056 E2.68622
G1 X120.914 Y122.728 E2.84629
G1 X109.368 Y111.182 E3.63164
G1 X109.368 Y113.181 E3.72779
G1 X120.914 Y110.087 E4.30271
G1 X120.914 Y111.821 E4.38611
G1 X109.368 Y100.275 E5.17146
G1 X109.368 Y97.212 E5.31878
G1 X120.914 Y94.118 E5.8937
G1 X120.914 Y96.432 E6.005
G1 E4.005 F2400
G92 E0
G1 X120.914 Y83.82 F7800
G1 E2 F2400
G1 F1200
G1 X120.914 Y86.134 E2.1113
G1 X109.368 Y89.227 E2.6862
G1 X109.368 Y89.368 E2.69298
G1 X120.914 Y100.914 E3.47833
G1 X120.914 Y102.103 E3.53552
G1 X109.368 Y105.196 E4.11042
G1 X109.368 Y103.741 E4.1804
G1 X120.914 Y60.653 E6.3259
G1 X120.914 Y58.339 E6.4372
G1 E4.4372 F2400
G92 E0
G1 X120.914 Y64.494 F7800
G1 E2 F2400
G1 F1200
G1 X120.914 Y62.18 E2.1113
G1 X109.368 Y65.274 E2.68622
G1 X109.368 Y67.555 E2.79593
G1 X120.914 Y79.1 E3.58124
G1 X120.914 Y78.149 E3.62698
G1 X109.368 Y81.243 E4.2019
G1 X109.368 Y78.461 E4.3357
G1 X120.914 Y90.007 E5.12105
G1 X120.914 Y90.451 E5.1424
G1 X109.368 Y133.539 E7.2879
G1 X109.368 Y137.134 E7.46081
G1 X121.206 Y133.962 E8.05026
G1 X109.368 Y122.089 E8.85666
G1 X109.368 Y121.165 E8.9011
G1 X120.914 Y118.072 E9.476
G1 X120.914 Y120.25 E9.58075
G1 X113.044 Y149.62 E11.04318
G1 X113.044 Y152.118 E11.16333
G1 X135.205 Y146.18 E12.2668
G1 X135.205 Y147.926 E12.35078
G1 X121.333 Y134.107 E13.29254
G1 E11.29254 F2400
G92 E0
G1 X112.009 Y143.712 F7800
G1 E2 F2400
;TYPE:Top solid infill
;WIDTH:0.402641
G1 F900
G1 X112.401 Y144.103 E2.02336
G1 X112.575 Y144.342 E2.03583
G1 X112.67 Y144.627 E2.0485
G1 X112.684 Y144.864 E2.05852
G1 X111.632 Y143.812 E2.12129
G1 X111.153 Y143.812 E2.1415
G1 X112.684 Y145.342 E2.23282
G1 X112.684 Y145.821 E2.25303
G1 X110.675 Y143.812 E2.3729
G1 X110.197 Y143.812 E2.39307
G1 X112.684 Y146.299 E2.54146
G1 X112.684 Y146.778 E2.56167
G1 X109.718 Y143.812 E2.73864
G1 X109.343 Y143.812 E2.75446
G1 X109.343 Y143.916 E2.75885
G1 X112.684 Y147.256 E2.95816
G1 X112.684 Y147.734 E2.97833
G1 X109.343 Y144.394 E3.17764
G1 X109.343 Y144.873 E3.19785
G1 X112.684 Y148.213 E3.39716
G1 X112.684 Y148.691 E3.41733
G1 X109.343 Y145.351 E3.61664
G1 X109.343 Y145.829 E3.63681
G1 X112.684 Y149.169 E3.83612
G1 X112.684 Y149.648 E3.85633
G1 X109.343 Y146.308 E4.05564
G1 X109.343 Y146.786 E4.07581
G1 X112.684 Y150.126 E4.27512
G1 X112.684 Y150.605 E4.29533
G1 X109.343 Y147.264 E4.49467
G1 X109.343 Y147.743 E4.51488
G1 X112.684 Y151.083 E4.71419
G1 X112.684 Y151.561 E4.73436
G1 X109.343 Y148.221 E4.93367
G1 X109.343 Y148.7 E4.95388
G1 X112.684 Y152.04 E5.15319
G1 X112.684 Y152.518 E5.17336
G1 X109.343 Y149.178 E5.37267
G1 X109.343 Y149.656 E5.39284
G1 X112.684 Y152.996 E5.59215
G1 X112.684 Y153.475 E5.61236
G1 X109.343 Y150.135 E5.81167
G1 X109.343 Y150.613 E5.83184
G1 X112.684 Y153.953 E6.03115
G1 X112.684 Y154.432 E6.05136
G1 X109.343 Y151.091 E6.2507
G1 X109.343 Y151.57 E6.27091
G1 X112.684 Y154.91 E6.47022
G1 X112.684 Y155.388 E6.49039
G1 X109.343 Y152.048 E6.6897
G1 X109.343 Y152.527 E6.70991
G1 X112.684 Y155.867 E6.90922
G1 X112.684 Y156.345 E6.92939
G1 X109.343 Y153.005 E7.1287
G1 X109.343 Y153.483 E7.14887
G1 X112.684 Y156.823 E7.34818
G1 X112.684 Y157.302 E7.36839
G1 X109.34 Y153.959 E7.56788
G1 X109.314 Y154.196 E7.57794
G1 X109.261 Y154.357 E7.58509
G1 X112.684 Y157.78 E7.78932
G1 X112.684 Y158.258 E7.80949
G1 X109.094 Y154.669 E8.02366
G1 X108.962 Y154.817 E8.03203
G1 X108.852 Y154.905 E8.03797
G1 X112.684 Y158.737 E8.26661
G1 X112.684 Y159.215 E8.28678
G1 X108.543 Y155.075 E8.53382
G1 X108.358 Y155.131 E8.54197
G1 X108.143 Y155.153 E8.55109
G1 X112.684 Y159.694 E8.82203
G1 X112.684 Y160.172 E8.8422
G1 X107.667 Y155.155 E9.14154
G1 X107.189 Y155.155 E9.16171
G1 X112.684 Y160.65 E9.48957
G1 X112.684 Y161.129 E9.50978
G1 X106.71 Y155.155 E9.86622
G1 X106.232 Y155.155 E9.88639
G1 X112.684 Y161.607 E10.27135
G1 X112.684 Y162.085 E10.29152
G1 X105.754 Y155.155 E10.705
G1 X105.275 Y155.155 E10.72521
G1 X112.684 Y162.564 E11.16727
G1 X112.684 Y163.042 E11.18744
G1 X105.232 Y155.591 E11.63204
G1 X105.232 Y156.069 E11.65221
G1 X112.684 Y163.521 E12.09683
G1 X112.684 Y163.999 E12.117
G1 X105.232 Y156.548 E12.5616
G1 X105.232 Y157.026 E12.58177
G1 X112.684 Y164.477 E13.02637
G1 X112.684 Y164.956 E13.04658
G1 X105.232 Y157.505 E13.49118
G1 X105.232 Y157.983 E13.51135
G1 X112.684 Y165.434 E13.95595
G1 X112.684 Y165.912 E13.97612
G1 X105.232 Y158.461 E14.42072
G1 X105.232 Y158.94 E14.44093
G1 X112.684 Y166.391 E14.88553
G1 X112.684 Y166.869 E14.9057
G1 X105.232 Y159.418 E15.3503
G1 X105.232 Y159.896 E15.37047
G1 X112.684 Y167.348 E15.81509
G1 X112.684 Y167.826 E15.83526
G1 X105.232 Y160.375 E16.27986
G1 X105.232 Y160.853 E16.30003
G1 X112.684 Y168.304 E16.74463
G1 X112.684 Y168.783 E16.76484
G1 X105.232 Y161.332 E17.20944
G1 X105.232 Y161.81 E17.22961
G1 X112.355 Y168.933 E17.65461
G1 X111.877 Y168.933 E17.67478
G1 X105.232 Y162.288 E18.07126
G1 X105.232 Y162.767 E18.09147
G1 X111.398 Y168.933 E18.45937
G1 X110.92 Y168.933 E18.47954
G1 X105.232 Y163.245 E18.81892
G1 X105.232 Y163.723 E18.83909
G1 X110.442 Y168.933 E19.14995
G1 X109.963 Y168.933 E19.17016
G1 X105.232 Y164.202 E19.45244
G1 X105.232 Y164.68 E19.47261
G1 X109.485 Y168.933 E19.72637
G1 X109.006 Y168.933 E19.74658
G1 X105.232 Y165.159 E19.97176
G1 X105.232 Y165.637 E19.99193
G1 X108.528 Y168.933 E20.18859
G1 X108.05 Y168.933 E20.20876
G1 X105.232 Y166.115 E20.3769
G1 X105.232 Y166.594 E20.39711
G1 X107.571 Y168.933 E20.53667
G1 X107.093 Y168.933 E20.55684
G1 X105.232 Y167.072 E20.66788
G1 X105.232 Y167.55 E20.68805
G1 X106.615 Y168.933 E20.77057
G1 X106.136 Y168.933 E20.79078
G1 X105.232 Y168.029 E20.84472
G1 X105.232 Y168.507 E20.86489
G1 X105.809 Y169.084 E20.89932
G1 E18.89932 F2400
G92 E0
G1 X86.236 Y168.908 F7800
G1 E2 F2400
;TYPE:Internal infill
;WIDTH:0.45
G1 F1200
G1 X83.923 Y168.908 E2.11125
G1 X87.601 Y155.18 E2.79481
G1 X87.925 Y155.18 E2.81039
G1 X101.652 Y168.908 E3.74412
G1 X99.892 Y168.908 E3.82877
G1 X103.57 Y155.18 E4.51233
G1 X101.615 Y155.18 E4.60636
G1 X75.535 Y162.168 E5.90497
G1 X75.535 Y164.605 E6.02218
G1 X79.838 Y168.908 E6.31487
G1 X80.183 Y168.908 E6.33146
G1 X104.872 Y162.292 E7.56081
G1 X104.872 Y161.221 E7.61232
G1 X98.832 Y155.18 E8.02319
G1 X95.585 Y155.18 E8.17936
G1 X91.907 Y168.908 E8.86292
G1 X90.745 Y168.908 E8.91881
G1 X77.018 Y155.18 E9.85254
G1 X79.616 Y155.18 E9.97749
G1 X75.938 Y168.908 E10.66105
G1 X75.535 Y168.908 E10.68043
G1 X75.535 Y166.997 E10.77234
G1 E8.77234 F2400
G92 E0
G1 X140.631 Y133.747 F7800
G1 E2 F2400
G1 F1200
G1 X140.631 Y136.061 E2.1113
G1 X138.65 Y143.452 E2.47933
G1 X140.631 Y143.452 E2.57461
G1 X140.631 Y142.444 E2.62309
G1 X129.078 Y130.892 E3.40888
G1 X129.078 Y131.853 E3.4551
G1 X140.631 Y128.757 E4.03037
G1 X140.631 Y131.538 E4.16413
G1 X129.079 Y119.986 E4.94988
G1 X129.079 Y119.576 E4.9696
G1 X140.631 Y76.464 E7.11629
G1 X140.631 Y72.866 E7.28934
G1 X129.083 Y75.96 E7.86435
G1 X129.083 Y76.362 E7.88368
G1 X140.631 Y87.91 E8.66916
G1 X140.631 Y88.835 E8.71365
G1 X129.081 Y91.93 E9.28876
G1 X129.082 Y89.767 E9.39279
G1 X142.124 Y41.092 E11.81647
G1 X140.018 Y41.092 E11.91776
G1 X129.086 Y44.022 E12.46211
G1 X129.086 Y43.644 E12.48029
G1 X140.837 Y55.395 E13.27958
G1 X140.66 Y55.798 E13.30075
G1 X140.631 Y56.897 E13.35363
G1 X129.084 Y59.991 E13.92859
G1 X134.14 Y41.092 E14.86953
G1 X137.441 Y41.092 E15.0283
G1 X151.168 Y54.82 E15.96203
G1 X154.415 Y54.82 E16.1182
G1 X155.39 Y51.179 E16.29949
G1 X157.853 Y51.204 E16.41796
G1 X158.357 Y51.101 E16.4427
G1 X162.075 Y54.82 E16.69563
G1 X162.399 Y54.82 E16.71121
G1 X163.519 Y50.639 E16.91939
G1 X163.618 Y50.738 E16.92612
G1 X148.385 Y54.82 E17.68462
G1 X146.43 Y54.82 E17.77865
G1 X147.625 Y50.36 E18.00073
G1 X147.411 Y49.706 E18.03383
G1 X147.405 Y47.932 E18.11915
G1 X147.029 Y47.888 E18.13736
G1 X146.69 Y47.774 E18.15456
G1 X146.227 Y47.413 E18.1828
G1 X129.085 Y52.006 E19.03635
G1 X129.085 Y54.55 E19.15871
G1 X140.631 Y66.096 E19.94406
G1 X140.631 Y64.882 E20.00245
G1 X129.084 Y67.976 E20.57741
G1 X129.084 Y65.456 E20.69861
G1 X140.631 Y77.003 E21.48402
G1 E19.48402 F2400
G92 E0
G1 X140.631 Y83.164 F7800
G1 E2 F2400
G1 F1200
G1 X140.631 Y80.851 E2.11125
G1 X129.082 Y83.945 E2.68631
G1 X129.082 Y87.268 E2.84613
G1 X140.631 Y98.817 E3.63168
G1 X140.631 Y96.82 E3.72773
G1 X129.081 Y99.914 E4.30283
G1 X129.081 Y98.174 E4.38652
G1 X140.631 Y109.724 E5.17214
G1 X140.631 Y112.788 E5.31951
G1 X129.079 Y115.884 E5.89473
G1 X129.079 Y113.57 E6.00603
G1 E4.00603 F2400
G92 E0
G1 X109.368 Y76.256 F7800
G1 E2 F2400
G1 F1200
G1 X109.368 Y73.943 E2.11125
G1 X118.171 Y41.092 E3.74702
G1 X115.627 Y41.092 E3.86938
G1 X120.914 Y46.379 E4.229
G1 X120.914 Y46.211 E4.23708
G1 X105.442 Y50.357 E5.00748
G1 X105.945 Y49.783 E5.04419
G1 X106.131 Y49.346 E5.06703
G1 X106.19 Y49.032 E5.0824
G1 X106.172 Y46.188 E5.21919
G1 X106.122 Y45.85 E5.23562
G1 X105.934 Y45.451 E5.25683
G1 X105.355 Y44.909 E5.29498
G1 X104.935 Y44.752 E5.31655
G1 X104.571 Y44.708 E5.33418
G1 X104.259 Y44.75 E5.34932
G1 X101.963 Y44.708 E5.45977
G1 X101.628 Y44.752 E5.47602
G1 X101.31 Y44.871 E5.49235
G1 X101.201 Y44.828 E5.49799
G1 X102.202 Y41.092 E5.68402
G1 X104.72 Y41.092 E5.80513
G1 X120.914 Y57.286 E6.90663
G1 X120.914 Y54.196 E7.05525
G1 X109.368 Y57.29 E7.63017
G1 X109.368 Y56.648 E7.66105
G1 X120.914 Y68.193 E8.44636
G1 X120.914 Y70.165 E8.54121
G1 X109.368 Y73.258 E9.11611
G1 E7.11611 F2400
G92 E0
G1 X92.853 Y54.82 F7800
G1 E2 F2400
G1 F1200
G1 X90.539 Y54.82 E2.1113
G1 X91.508 Y51.204 E2.29135
G1 X92.385 Y51.184 E2.33354
G1 X92.838 Y51.024 E2.35665
G1 X96.633 Y54.82 E2.61482
G1 X98.524 Y54.82 E2.70577
G1 X99.791 Y50.09 E2.94129
G1 X99.722 Y49.564 E2.96681
G1 X98.986 Y49.568 E3.00221
G1 X98.899 Y50.092 E3.02776
G1 X98.676 Y50.548 E3.05217
G1 X98.632 Y50.158 F7800
;TYPE:Bridge infill
;WIDTH:0.414792
;HEIGHT:0.4
M106 S255
G1 F1500
G1 X96.005 Y50.786 E3.20391
G1 X94.055 Y50.775 E3.31346
G1 X98.766 Y49.648 E3.58559
M107
G1 E1.58559 F2400
G92 E0
G1 X103.151 Y50.989 F7800
G1 E2 F2400
M106 S255
G1 F1500
G1 X104.22 Y50.733 E2.06175
G1 X104.467 Y50.639 E2.0766
G1 X104.636 Y50.548 E2.08738
G1 X104.778 Y50.43 E2.09775
G1 X105.184 Y50.024 E2.13001
G1 X101.999 Y50.786 E2.31399
G1 X101.629 Y50.744 E2.33491
G1 X101.216 Y50.765 E2.35814
G1 X100.936 Y50.723 E2.37405
G1 X100.71 Y50.617 E2.38807
G1 X105.646 Y49.436 E2.6732
G1 X105.734 Y49.213 E2.68667
G1 X105.776 Y48.927 E2.70291
G1 X100.312 Y50.234 E3.01854
G1 X100.232 Y50.1 E3.02731
G1 X100.148 Y49.795 E3.04508
G1 X105.776 Y48.449 E3.37018
G1 X105.776 Y47.971 E3.39703
G1 X99.867 Y49.384 E3.73836
M107
G1 E1.73836 F2400
G92 E0
G1 X105.979 Y47.445 F7800
G1 E2 F2400
M106 S255
G1 F1500
G1 X92.009 Y50.786 E2.80697
G1 X90.198 Y50.786 E2.90871
G1 X90.076 Y50.77 E2.91562
G1 X105.776 Y47.015 E3.82253
G1 X105.764 Y46.825 E3.83323
G1 X105.734 Y46.706 E3.84012
G1 X105.743 Y46.545 E3.84918
G1 X88.013 Y50.786 E4.87336
G1 X86.275 Y50.786 E4.971
G1 X86.118 Y50.761 E4.97993
G1 X105.735 Y46.069 E6.11311
G1 X105.676 Y45.841 E6.12634
G1 X105.545 Y45.637 E6.13996
G1 X84.016 Y50.786 E7.38358
G1 X82.345 Y50.786 E7.47746
G1 X82.133 Y50.759 E7.48947
G1 X105.123 Y45.26 E8.81749
G1 X104.857 Y45.163 E8.8334
G1 X104.573 Y45.126 E8.84949
G1 X104.241 Y45.169 E8.8683
G1 X103.915 Y45.126 E8.88677
G1 X103.685 Y45.126 E8.89969
G1 X80.02 Y50.786 E10.2667
G1 X78.421 Y50.786 E10.35653
G1 X78.178 Y50.749 E10.37034
G1 X101.146 Y45.255 E11.69709
G1 X100.911 Y45.163 E11.71127
G1 X100.643 Y45.126 E11.72647
G1 X99.689 Y45.126 E11.78007
G1 X77.547 Y50.422 E13.0591
G1 X77.162 Y50.036 E13.08973
G1 X97.69 Y45.126 E14.27553
G1 X97.397 Y45.126 E14.29199
G1 X97.129 Y45.163 E14.30719
G1 X96.804 Y45.291 E14.32681
G1 X96.657 Y45.291 E14.33507
G1 X96.33 Y45.163 E14.3548
G1 X96.062 Y45.126 E14.37
G1 X95.692 Y45.126 E14.39079
G1 X76.814 Y49.641 E15.48127
G1 X76.649 Y49.389 E15.49819
G1 X76.598 Y49.215 E15.50838
G1 X93.277 Y45.226 E16.47184
G1 X93.087 Y45.164 E16.48307
G1 X92.794 Y45.126 E16.49967
G1 X92.462 Y45.169 E16.51848
G1 X92.136 Y45.126 E16.53695
G1 X91.696 Y45.126 E16.56167
G1 X76.591 Y48.739 E17.43421
G1 X76.647 Y48.484 E17.44888
G1 X76.648 Y48.366 E17.45551
G1 X76.615 Y48.255 E17.46202
G1 X88.102 Y45.508 E18.12556
G1 X87.899 Y45.333 E18.14062
G1 X87.506 Y45.172 E18.16448
G1 X76.558 Y47.791 E18.7969
G1 X76.558 Y47.313 E18.82375
G1 X85.364 Y45.207 E19.33243
G1 X85.23 Y45.164 E19.34034
G1 X84.952 Y45.128 E19.35609
G1 X84.608 Y45.169 E19.37555
G1 X84.283 Y45.126 E19.39397
G1 X83.704 Y45.126 E19.4265
G1 X76.558 Y46.835 E19.83929
G1 X76.558 Y46.357 E19.86614
G1 X81.382 Y45.203 E20.1448
G1 X81.279 Y45.163 E20.15101
G1 X81.011 Y45.126 E20.16621
G1 X79.708 Y45.126 E20.23941
G1 X76.676 Y45.851 E20.41455
G1 X76.935 Y45.455 E20.44113
G1 X77.222 Y45.269 E20.46034
G1 X77.372 Y45.207 E20.46946
G1 X78.556 Y44.923 E20.53786
M107
G1 E18.53786 F2400
G92 E0
G1 X76.14 Y46.664 F7800
G1 E2 F2400
;TYPE:Internal infill
;WIDTH:0.45
;HEIGHT:0.3
G1 F1200
G1 X76.141 Y47.976 E2.0631
G1 X76.228 Y48.42 E2.08486
G1 X76.141 Y48.958 E2.11107
G1 X75.535 Y51.217 E2.22356
G1 X75.535 Y54.82 E2.39685
G1 X82.555 Y54.82 E2.73449
G1 X83.523 Y51.204 E2.91453
G1 X82.08 Y51.173 E2.98395
G1 X85.727 Y54.82 E3.23201
G1 X88.788 Y54.82 E3.37923
G1 X102.282 Y51.204 E4.05114
G1 X103.925 Y51.204 E4.13016
G1 X107.54 Y54.82 E4.37608
G1 X106.508 Y54.82 E4.42572
G1 X110.22 Y41.092 E5.1097
G1 X96.482 Y44.774 E5.79377
G1 X96.077 Y44.708 E5.81351
G1 X94.11 Y44.708 E5.90812
G1 X93.481 Y44.859 E5.93923
G1 X93.232 Y44.77 E5.95195
G1 X94.217 Y41.092 E6.13508
G1 X93.813 Y41.092 E6.15451
G1 X97.429 Y44.708 E6.40047
G1 E4.40047 F2400
G92 E0
G1 X88.547 Y41.092 F7800
G1 E2 F2400
G1 F1200
G1 X86.233 Y41.092 E2.1113
G1 X85.254 Y44.746 E2.29324
G1 X85.642 Y44.865 E2.31276
G1 X86.053 Y45.175 E2.33752
G1 X86.645 Y44.831 E2.37045
G1 X82.906 Y41.092 E2.62477
G1 X80.422 Y41.092 E2.74424
G1 X75.535 Y42.402 E2.98759
G1 X75.535 Y44.628 E3.09465
G1 X76.4 Y45.493 E3.15349
G1 X76.672 Y45.127 E3.17542
G1 X77.254 Y44.805 E3.20741
G1 X78.248 Y41.092 E3.39228
G1 X75.935 Y41.092 E3.50353
G1 E1.50353 F2400
G92 E0
G1 X75.535 Y50.386 F7800
G1 E2 F2400
G1 F1200
G1 X76.628 Y50.093 E2.05443
G1 X77.267 Y50.732 E2.09789
G1 X77.669 Y51.005 E2.12126
G1 X78.034 Y51.149 E2.14013
G1 X78.561 Y51.204 E2.16561
G1 E.16561 F2400
G92 E0
G1 X128.877 Y41.641 F7800
G1 E2 F2400
;TYPE:Top solid infill
;WIDTH:0.401023
G1 F900
G1 X128.303 Y41.067 E2.03408
G1 X127.827 Y41.067 E2.05407
G1 X128.725 Y41.966 E2.10742
G1 X128.725 Y42.442 E2.12741
G1 X127.351 Y41.067 E2.20903
G1 X126.875 Y41.067 E2.22902
G1 X128.725 Y42.918 E2.3389
G1 X128.725 Y43.394 E2.35889
G1 X126.399 Y41.067 E2.49704
G1 X125.923 Y41.067 E2.51703
G1 X128.725 Y43.87 E2.68344
G1 X128.725 Y44.346 E2.70343
G1 X125.447 Y41.067 E2.89811
G1 X124.971 Y41.067 E2.9181
G1 X128.725 Y44.822 E3.14104
G1 X128.725 Y45.298 E3.16103
G1 X124.495 Y41.067 E3.41224
G1 X124.019 Y41.067 E3.43223
G1 X128.725 Y45.774 E3.7117
G1 X128.725 Y46.25 E3.73169
G1 X123.543 Y41.067 E4.03943
G1 X123.067 Y41.067 E4.05942
G1 X128.725 Y46.726 E4.39542
G1 X128.725 Y47.202 E4.41541
G1 X122.59 Y41.067 E4.7797
G1 X122.114 Y41.067 E4.79969
G1 X128.725 Y47.678 E5.19225
G1 X128.725 Y48.154 E5.21224
G1 X121.638 Y41.067 E5.63306
G1 X121.274 Y41.067 E5.64834
G1 X121.274 Y41.18 E5.65308
G1 X128.725 Y48.63 E6.09549
G1 X128.725 Y49.106 E6.11548
G1 X121.274 Y41.656 E6.55789
G1 X121.274 Y42.132 E6.57788
G1 X128.725 Y49.582 E7.02029
G1 X128.725 Y50.058 E7.04028
G1 X121.274 Y42.608 E7.48269
G1 X121.274 Y43.084 E7.50268
G1 X128.725 Y50.534 E7.94509
G1 X128.725 Y51.01 E7.96508
G1 X121.274 Y43.56 E8.40749
G1 X121.274 Y44.036 E8.42748
G1 X128.725 Y51.486 E8.86989
G1 X128.725 Y51.962 E8.88988
G1 X121.274 Y44.512 E9.33229
G1 X121.274 Y44.988 E9.35228
G1 X128.725 Y52.438 E9.79469
G1 X128.724 Y52.914 E9.81468
G1 X121.274 Y45.464 E10.25706
G1 X121.274 Y45.941 E10.27709
G1 X128.724 Y53.391 E10.71947
G1 X128.724 Y53.867 E10.73946
G1 X121.274 Y46.417 E11.18184
G1 X121.274 Y46.893 E11.20183
G1 X128.724 Y54.343 E11.64421
G1 X128.724 Y54.819 E11.6642
G1 X121.274 Y47.369 E12.10658
G1 X121.274 Y47.845 E12.12657
G1 X128.724 Y55.295 E12.56895
G1 X128.724 Y55.771 E12.58894
G1 X121.274 Y48.321 E13.03132
G1 X121.274 Y48.797 E13.05131
G1 X128.724 Y56.247 E13.49369
G1 X128.724 Y56.723 E13.51368
G1 X121.274 Y49.273 E13.95606
G1 X121.274 Y49.749 E13.97605
G1 X128.724 Y57.199 E14.41843
G1 X128.724 Y57.675 E14.43842
G1 X121.274 Y50.225 E14.8808
G1 X121.274 Y50.701 E14.90079
G1 X128.724 Y58.151 E15.34317
G1 X128.724 Y58.627 E15.36316
G1 X121.274 Y51.177 E15.80554
G1 X121.274 Y51.654 E15.82557
G1 X128.724 Y59.103 E16.26792
G1 X128.724 Y59.579 E16.28791
G1 X121.274 Y52.13 E16.73026
G1 X121.274 Y52.606 E16.75025
G1 X128.724 Y60.055 E17.1926
G1 X128.724 Y60.531 E17.21259
G1 X121.274 Y53.082 E17.65494
G1 X121.274 Y53.558 E17.67493
G1 X128.724 Y61.007 E18.11728
G1 X128.724 Y61.483 E18.13727
G1 X121.274 Y54.034 E18.57962
G1 X121.274 Y54.51 E18.59961
G1 X128.724 Y61.959 E19.04196
G1 X128.724 Y62.435 E19.06195
G1 X121.274 Y54.986 E19.5043
G1 X121.274 Y55.462 E19.52429
G1 X128.724 Y62.911 E19.96664
G1 X128.723 Y63.387 E19.98663
G1 X121.274 Y55.938 E20.42895
G1 X121.274 Y56.414 E20.44894
G1 X128.723 Y63.863 E20.89126
G1 X128.723 Y64.339 E20.91125
G1 X121.274 Y56.89 E21.35357
G1 X121.274 Y57.367 E21.3736
G1 X128.723 Y64.815 E21.81589
G1 X128.723 Y65.292 E21.83592
G1 X121.274 Y57.843 E22.27824
G1 X121.274 Y58.319 E22.29823
G1 X128.723 Y65.768 E22.74055
G1 X128.723 Y66.244 E22.76054
G1 X121.274 Y58.795 E23.20286
G1 X121.274 Y59.271 E23.22285
G1 X128.723 Y66.72 E23.66517
G1 X128.723 Y67.196 E23.68516
G1 X121.274 Y59.747 E24.12748
G1 X121.274 Y60.223 E24.14747
G1 X128.723 Y67.672 E24.58979
G1 X128.723 Y68.148 E24.60978
G1 X121.274 Y60.699 E25.0521
G1 X121.274 Y61.175 E25.07209
G1 X128.723 Y68.624 E25.51441
G1 X128.723 Y69.1 E25.5344
G1 X121.274 Y61.651 E25.97672
G1 X121.274 Y62.127 E25.99671
G1 X128.723 Y69.576 E26.43903
G1 X128.723 Y70.052 E26.45902
G1 X121.274 Y62.603 E26.90134
G1 X121.274 Y63.08 E26.92137
G1 X128.723 Y70.528 E27.36366
G1 X128.723 Y71.004 E27.38365
G1 X121.274 Y63.556 E27.82594
G1 X121.274 Y64.032 E27.84593
G1 X128.723 Y71.48 E28.28822
G1 X128.723 Y71.956 E28.30821
G1 X121.274 Y64.508 E28.7505
G1 X121.274 Y64.984 E28.77049
G1 X128.723 Y72.432 E29.21278
G1 X128.723 Y72.908 E29.23277
G1 X121.274 Y65.46 E29.67506
G1 X121.274 Y65.936 E29.69505
G1 X128.723 Y73.384 E30.13734
G1 X128.723 Y73.86 E30.15733
G1 X121.274 Y66.412 E30.59962
G1 X121.274 Y66.888 E30.61961
G1 X128.722 Y74.336 E31.06187
G1 X128.722 Y74.812 E31.08186
G1 X121.274 Y67.364 E31.52412
G1 X121.274 Y67.84 E31.54411
G1 X128.722 Y75.288 E31.98637
G1 X128.722 Y75.764 E32.00636
G1 X121.274 Y68.316 E32.44862
G1 X121.274 Y68.793 E32.46865
G1 X128.722 Y76.24 E32.91088
G1 X128.722 Y76.716 E32.93087
G1 X121.274 Y69.269 E33.3731
G1 X121.274 Y69.745 E33.39309
G1 X128.722 Y77.193 E33.83535
G1 X128.722 Y77.669 E33.85534
G1 X121.274 Y70.221 E34.2976
G1 X121.274 Y70.697 E34.31759
G1 X128.722 Y78.145 E34.75985
G1 X128.722 Y78.621 E34.77984
G1 X121.274 Y71.173 E35.2221
G1 X121.274 Y71.649 E35.24209
G1 X128.722 Y79.097 E35.68435
G1 X128.722 Y79.573 E35.70434
G1 X121.274 Y72.125 E36.1466
G1 X121.274 Y72.601 E36.16659
G1 X128.722 Y80.049 E36.60885
G1 X128.722 Y80.525 E36.62884
G1 X121.274 Y73.077 E37.0711
G1 X121.274 Y73.553 E37.09109
G1 X128.722 Y81.001 E37.53335
G1 X128.722 Y81.477 E37.55334
G1 X121.274 Y74.029 E37.9956
G1 X121.274 Y74.506 E38.01563
G1 X128.722 Y81.953 E38.45786
G1 X128.722 Y82.429 E38.47785
G1 X121.274 Y74.982 E38.92008
G1 X121.274 Y75.458 E38.94007
G1 X128.722 Y82.905 E39.3823
G1 X128.722 Y83.381 E39.40229
G1 X121.274 Y75.934 E39.84452
G1 X121.274 Y76.41 E39.86451
G1 X128.722 Y83.857 E40.30674
G1 X128.722 Y84.333 E40.32673
G1 X121.274 Y76.886 E40.76896
G1 X121.274 Y77.362 E40.78895
G1 X128.722 Y84.809 E41.23118
G1 X128.721 Y85.285 E41.25117
G1 X121.274 Y77.838 E41.69337
G1 X121.274 Y78.314 E41.71336
G1 X128.721 Y85.761 E42.15556
G1 X128.721 Y86.237 E42.17555
G1 X121.274 Y78.79 E42.61775
G1 X121.274 Y79.266 E42.63774
G1 X128.721 Y86.713 E43.07994
G1 X128.721 Y87.189 E43.09993
G1 X121.274 Y79.742 E43.54213
G1 X121.274 Y80.219 E43.56216
G1 X128.721 Y87.665 E44.00433
G1 X128.721 Y88.141 E44.02432
G1 X121.274 Y80.695 E44.46649
G1 X121.274 Y81.171 E44.48648
G1 X128.721 Y88.617 E44.92865
G1 X128.721 Y89.093 E44.94864
G1 X121.274 Y81.647 E45.39081
G1 X121.274 Y82.123 E45.4108
G1 X128.721 Y89.57 E45.853
G1 X128.721 Y90.046 E45.87299
G1 X121.274 Y82.599 E46.31519
G1 X121.274 Y83.075 E46.33518
G1 X128.721 Y90.522 E46.77738
G1 X128.721 Y90.998 E46.79737
G1 X121.274 Y83.551 E47.23957
G1 X121.274 Y84.027 E47.25956
G1 X128.721 Y91.474 E47.70176
G1 X128.721 Y91.95 E47.72175
G1 X121.274 Y84.503 E48.16395
G1 X121.274 Y84.979 E48.18394
G1 X128.721 Y92.426 E48.62614
G1 X128.721 Y92.902 E48.64613
G1 X121.274 Y85.455 E49.08833
G1 X121.274 Y85.932 E49.10836
G1 X128.721 Y93.378 E49.55053
G1 X128.721 Y93.854 E49.57052
G1 X121.274 Y86.408 E50.01269
G1 X121.274 Y86.884 E50.03268
G1 X128.721 Y94.33 E50.47485
G1 X128.721 Y94.806 E50.49484
G1 X121.274 Y87.36 E50.93701
G1 X121.274 Y87.836 E50.957
G1 X128.721 Y95.282 E51.39917
G1 X128.72 Y95.758 E51.41916
G1 X121.274 Y88.312 E51.8613
G1 X121.274 Y88.788 E51.88129
G1 X128.72 Y96.234 E52.32343
G1 X128.72 Y96.71 E52.34342
G1 X121.274 Y89.264 E52.78556
G1 X121.274 Y89.74 E52.80555
G1 X128.72 Y97.186 E53.24769
G1 X128.72 Y97.662 E53.26768
G1 X121.274 Y90.216 E53.70982
G1 X121.274 Y90.692 E53.72981
G1 X128.72 Y98.138 E54.17195
G1 X128.72 Y98.614 E54.19194
G1 X121.274 Y91.169 E54.63405
G1 X121.274 Y91.645 E54.65404
G1 X128.72 Y99.09 E55.09615
G1 X128.72 Y99.566 E55.11614
G1 X121.274 Y92.121 E55.55825
G1 X121.274 Y92.597 E55.57824
G1 X128.72 Y100.042 E56.02035
G1 X128.72 Y100.518 E56.04034
G1 X121.274 Y93.073 E56.48245
G1 X121.274 Y93.549 E56.50244
G1 X128.72 Y100.994 E56.94455
G1 X128.72 Y101.471 E56.96458
G1 X121.274 Y94.025 E57.40672
G1 X121.274 Y94.501 E57.42671
G1 X128.72 Y101.947 E57.86885
G1 X128.72 Y102.423 E57.88884
G1 X121.274 Y94.977 E58.33098
G1 X121.274 Y95.453 E58.35097
G1 X128.72 Y102.899 E58.79311
G1 X128.72 Y103.375 E58.8131
G1 X121.274 Y95.929 E59.25524
G1 X121.274 Y96.405 E59.27523
G1 X128.72 Y103.851 E59.71737
G1 X128.72 Y104.327 E59.73736
G1 X121.274 Y96.882 E60.17947
G1 X121.274 Y97.358 E60.19946
G1 X128.72 Y104.803 E60.64157
G1 X128.72 Y105.279 E60.66156
G1 X121.274 Y97.834 E61.10367
G1 X121.274 Y98.31 E61.12366
G1 X128.72 Y105.755 E61.56577
G1 X128.72 Y106.231 E61.58576
G1 X121.274 Y98.786 E62.02787
G1 X121.274 Y99.262 E62.04786
G1 X128.719 Y106.707 E62.48994
G1 X128.719 Y107.183 E62.50993
G1 X121.274 Y99.738 E62.95201
G1 X121.274 Y100.214 E62.972
G1 X128.719 Y107.659 E63.41408
G1 X128.719 Y108.135 E63.43407
G1 X121.274 Y100.69 E63.87615
G1 X121.274 Y101.166 E63.89614
G1 X128.719 Y108.611 E64.33822
G1 X128.719 Y109.087 E64.35821
G1 X121.274 Y101.642 E64.80029
G1 X121.274 Y102.118 E64.82028
G1 X128.719 Y109.563 E65.26236
G1 X128.719 Y110.039 E65.28235
G1 X121.274 Y102.595 E65.7244
G1 X121.274 Y103.071 E65.74439
G1 X128.719 Y110.515 E66.18644
G1 X128.719 Y110.991 E66.20643
G1 X121.274 Y103.547 E66.64848
G1 X121.274 Y104.023 E66.66847
G1 X128.719 Y111.467 E67.11052
G1 X128.719 Y111.943 E67.13051
G1 X121.274 Y104.499 E67.57256
G1 X121.274 Y104.975 E67.59255
G1 X128.719 Y112.419 E68.0346
G1 X128.719 Y112.895 E68.05459
G1 X121.274 Y105.451 E68.49664
G1 X121.274 Y105.927 E68.51663
G1 X128.719 Y113.372 E68.95871
G1 X128.719 Y113.848 E68.9787
G1 X121.274 Y106.403 E69.42078
G1 X121.274 Y106.879 E69.44077
G1 X128.719 Y114.324 E69.88285
G1 X128.719 Y114.8 E69.90284
G1 X121.274 Y107.355 E70.34492
G1 X121.274 Y107.831 E70.36491
G1 X128.719 Y115.276 E70.80699
G1 X128.719 Y115.752 E70.82698
G1 X121.274 Y108.308 E71.26903
G1 X121.274 Y108.784 E71.28902
G1 X128.719 Y116.228 E71.73107
G1 X128.719 Y116.704 E71.75106
G1 X121.274 Y109.26 E72.19311
G1 X121.274 Y109.736 E72.2131
G1 X128.719 Y117.18 E72.65515
G1 X128.718 Y117.656 E72.67514
G1 X121.274 Y110.212 E73.11716
G1 X121.274 Y110.688 E73.13715
G1 X128.718 Y118.132 E73.57917
G1 X128.718 Y118.608 E73.59916
G1 X121.274 Y111.164 E74.04118
G1 X121.274 Y111.64 E74.06117
G1 X128.718 Y119.084 E74.50319
G1 X128.718 Y119.56 E74.52318
G1 X121.274 Y112.116 E74.9652
G1 X121.274 Y112.592 E74.98519
G1 X128.718 Y120.036 E75.42721
G1 X128.718 Y120.512 E75.4472
G1 X121.274 Y113.068 E75.88922
G1 X121.274 Y113.544 E75.90921
G1 X128.718 Y120.988 E76.35123
G1 X128.718 Y121.464 E76.37122
G1 X121.274 Y114.021 E76.81321
G1 X121.274 Y114.497 E76.8332
G1 X128.718 Y121.94 E77.27519
G1 X128.718 Y122.416 E77.29518
G1 X121.274 Y114.973 E77.73717
G1 X121.274 Y115.449 E77.75716
G1 X128.718 Y122.892 E78.19915
G1 X128.718 Y123.368 E78.21914
G1 X121.274 Y115.925 E78.66113
G1 X121.274 Y116.401 E78.68112
G1 X128.718 Y123.844 E79.12311
G1 X128.718 Y124.32 E79.1431
G1 X121.274 Y116.877 E79.58509
G1 X121.274 Y117.353 E79.60508
G1 X128.718 Y124.796 E80.04707
G1 X128.718 Y125.273 E80.0671
G1 X121.274 Y117.829 E80.50912
G1 X121.274 Y118.305 E80.52911
G1 X128.718 Y125.749 E80.97113
G1 X128.718 Y126.225 E80.99112
G1 X121.274 Y118.781 E81.43314
G1 X121.274 Y119.257 E81.45313
G1 X128.718 Y126.701 E81.89515
G1 X128.718 Y127.177 E81.91514
G1 X121.274 Y119.734 E82.35713
G1 X121.274 Y120.21 E82.37712
G1 X128.718 Y127.653 E82.81911
G1 X128.718 Y128.129 E82.8391
G1 X121.274 Y120.686 E83.28109
G1 X121.274 Y121.162 E83.30108
G1 X128.717 Y128.605 E83.74304
G1 X128.717 Y129.081 E83.76303
G1 X121.274 Y121.638 E84.20499
G1 X121.274 Y122.114 E84.22498
G1 X128.717 Y129.557 E84.66694
G1 X128.717 Y130.033 E84.68693
G1 X121.274 Y122.59 E85.12889
G1 X121.274 Y123.066 E85.14888
G1 X128.717 Y130.509 E85.59084
G1 X128.717 Y130.985 E85.61083
G1 X121.274 Y123.542 E86.05279
G1 X121.274 Y124.018 E86.07278
G1 X128.717 Y131.461 E86.51474
G1 X128.717 Y131.937 E86.53473
G1 X121.274 Y124.494 E86.97669
G1 X121.274 Y124.97 E86.99668
G1 X128.717 Y132.413 E87.43864
G1 X128.717 Y132.889 E87.45863
G1 X121.274 Y125.447 E87.90056
G1 X121.274 Y125.923 E87.92055
G1 X128.701 Y133.349 E88.36153
G1 X128.614 Y133.59 E88.37229
G1 X128.558 Y133.683 E88.37685
G1 X121.274 Y126.399 E88.80937
G1 X121.274 Y126.875 E88.82936
G1 X128.321 Y133.922 E89.24781
G1 X128.18 Y134.013 E89.25486
G1 X127.994 Y134.071 E89.26304
G1 X121.274 Y127.351 E89.66207
G1 X121.274 Y127.827 E89.68206
G1 X127.56 Y134.113 E90.05532
G1 X127.084 Y134.113 E90.07531
G1 X121.274 Y128.303 E90.42031
G1 X121.274 Y128.779 E90.4403
G1 X126.608 Y134.113 E90.75703
G1 X126.132 Y134.113 E90.77702
G1 X121.274 Y129.255 E91.06549
G1 X121.274 Y129.731 E91.08548
G1 X125.656 Y134.113 E91.34568
G1 X125.18 Y134.113 E91.36567
G1 X121.274 Y130.207 E91.59761
G1 X121.274 Y130.683 E91.6176
G1 X124.704 Y134.113 E91.82127
G1 X124.228 Y134.113 E91.84126
G1 X121.274 Y131.16 E92.01664
G1 X121.274 Y131.636 E92.03663
G1 X123.752 Y134.113 E92.18374
G1 X123.276 Y134.113 E92.20373
G1 X121.274 Y132.112 E92.32258
G1 X121.274 Y132.588 E92.34257
G1 X122.799 Y134.113 E92.43312
G1 X122.323 Y134.113 E92.45311
G1 X121.274 Y133.064 E92.5154
G1 X121.29 Y133.309 E92.52571
G1 X121.335 Y133.473 E92.53285
G1 X121.43 Y133.665 E92.54184
G1 X121.555 Y133.821 E92.55023
G1 X121.956 Y134.221 E92.57401
G1 E90.57401 F2400
G92 E0
G1 X146.841 Y44.821 F7800
G1 E2 F2400
;TYPE:Internal infill
;WIDTH:0.45
G1 F1200
G1 X147.361 Y44.709 E2.02558
G1 X149.14 Y44.708 E2.11114
G1 X150.108 Y41.092 E2.29118
G1 X148.348 Y41.092 E2.37583
G1 X151.964 Y44.708 E2.62179
G1 X154.581 Y44.708 E2.74766
G1 X154.917 Y44.752 E2.76396
G1 X155.233 Y44.871 E2.7802
G1 X155.551 Y44.752 E2.79653
G1 X156.323 Y44.708 E2.83372
G1 X169.817 Y41.092 E3.50563
G1 X170.162 Y41.092 E3.52222
G1 X174.465 Y45.395 E3.81491
G1 X174.465 Y47.832 E3.93212
G1 X170.986 Y48.764 E4.10535
G1 X171.148 Y49.101 E4.12333
G1 X171.243 Y49.606 E4.14804
G1 X171.148 Y50.083 E4.17143
G1 X170.913 Y50.562 E4.19709
G1 X170.669 Y50.821 E4.2142
G1 X170.149 Y51.1 E4.24258
G1 X169.847 Y51.186 E4.25768
G1 X169.367 Y51.204 E4.28078
G1 X172.982 Y54.82 E4.5267
G1 X170.384 Y54.82 E4.65165
G1 X174.062 Y41.092 E5.33521
G1 X174.465 Y41.092 E5.35459
G1 X174.465 Y43.003 E5.4465
G1 E3.4465 F2400
G92 E0
G1 X170.8 Y50.324 F7800
G1 E2 F2400
;TYPE:Bridge infill
;WIDTH:0.407688
;HEIGHT:0.4
M106 S255
G1 F1500
G1 X170.107 Y50.665 E2.04192
G1 X169.789 Y50.772 E2.06013
G1 X168.824 Y50.786 E2.11251
G1 X170.79 Y49.819 E2.23142
G1 X170.825 Y49.594 E2.24378
G1 X170.811 Y49.437 E2.25233
G1 X170.776 Y49.316 E2.25917
G1 X167.787 Y50.786 E2.43995
G1 X167.482 Y50.767 E2.45654
G1 X167.303 Y50.712 E2.4667
G1 X167.093 Y50.617 E2.47921
G1 X170.579 Y48.903 E2.69004
G1 X170.5 Y48.78 E2.69797
G1 X170.309 Y48.62 E2.71149
G1 X170.208 Y48.575 E2.71749
G1 X166.526 Y50.386 E2.94018
M107
G1 E.94018 F2400
G92 E0
G1 X164.367 Y50.938 F7800
G1 E2 F2400
M106 S255
G1 F1500
G1 X165.669 Y50.298 E2.07874
G1 X165.804 Y50.1 E2.09175
G1 X165.974 Y49.758 E2.11248
G1 X166.46 Y49.765 E2.13886
G1 X166.514 Y49.882 E2.14585
G1 X169.843 Y48.245 E2.34719
G1 X169.843 Y47.735 E2.37487
G1 X164.068 Y50.575 E2.72414
G1 X163.831 Y50.359 E2.74154
G1 X163.736 Y50.228 E2.75032
G1 X169.843 Y47.224 E3.11969
G1 X169.843 Y46.714 E3.14737
G1 X161.566 Y50.786 E3.648
G1 X160.529 Y50.786 E3.70428
G1 X169.831 Y46.21 E4.2669
G1 X169.824 Y46.141 E4.27066
G1 X169.689 Y45.77 E4.29209
G1 X159.562 Y50.752 E4.90462
G1 X159.466 Y50.745 E4.90984
G1 X159.147 Y50.782 E4.92727
G1 X158.839 Y50.738 E4.94416
G1 X158.678 Y50.676 E4.95352
G1 X169.403 Y45.398 E5.60226
G1 X169.182 Y45.271 E5.61609
G1 X168.862 Y45.157 E5.63453
G1 X157.418 Y50.786 E6.32669
G1 X156.381 Y50.786 E6.38297
G1 X167.173 Y45.478 E7.03569
G1 X166.962 Y45.294 E7.05088
G1 X166.723 Y45.189 E7.06505
G1 X165.219 Y45.928 E7.156
G1 X164.961 Y46.446 E7.18741
G1 X164.485 Y46.448 E7.21324
G1 X164.42 Y46.322 E7.22093
G1 X155.401 Y50.759 E7.76644
G1 X154.963 Y50.749 E7.79022
G1 X154.616 Y50.635 E7.81004
G1 X164.211 Y45.914 E8.39041
G1 X164.104 Y45.704 E8.4032
G1 X163.953 Y45.531 E8.41566
G1 X153.271 Y50.786 E9.06175
G1 X152.234 Y50.786 E9.11803
G1 X163.541 Y45.224 E9.80192
G1 X163.417 Y45.176 E9.80914
G1 X163.184 Y45.147 E9.82188
G1 X162.766 Y45.168 E9.84459
G1 X162.651 Y45.152 E9.85089
G1 X151.468 Y50.653 E10.52728
G1 X151.3 Y50.577 E10.53729
G1 X151.036 Y50.355 E10.55601
G1 X161.666 Y45.126 E11.19895
G1 X160.629 Y45.126 E11.25523
G1 X150.694 Y50.013 E11.85613
G1 X150.546 Y49.865 E11.86749
G1 X150.141 Y49.946 E11.88991
G1 X150.068 Y50.122 E11.90025
G1 X149.867 Y50.42 E11.91976
G1 X149.147 Y50.774 E11.9633
G1 X149.017 Y50.786 E11.97039
G1 X148.862 Y50.772 E11.97884
G1 X148.654 Y50.712 E11.99059
G1 X148.435 Y50.615 E12.00359
G1 X159.365 Y45.238 E12.66468
G1 X159.244 Y45.282 E12.67167
G1 X159.103 Y45.28 E12.67932
G1 X158.843 Y45.178 E12.69448
G1 X158.541 Y45.133 E12.71105
G1 X148.056 Y50.291 E13.34523
G1 X147.868 Y49.873 E13.3701
G1 X157.519 Y45.126 E13.95382
G1 X156.482 Y45.126 E14.0101
G1 X147.825 Y49.384 E14.53369
G1 X147.825 Y48.875 E14.56131
G1 X155.132 Y45.28 E15.00328
G1 X154.834 Y45.163 E15.02066
G1 X154.566 Y45.126 E15.03534
G1 X154.408 Y45.126 E15.04392
G1 X147.824 Y48.365 E15.44215
G1 X147.823 Y47.855 E15.46983
G1 X153.371 Y45.126 E15.80539
G1 X152.334 Y45.126 E15.86167
G1 X147.48 Y47.514 E16.15526
G1 X147.393 Y47.514 E16.15998
G1 X147.105 Y47.476 E16.17575
G1 X146.851 Y47.388 E16.19034
G1 X146.785 Y47.346 E16.19459
G1 X151.294 Y45.128 E16.46731
G1 X150.932 Y45.171 E16.48709
G1 X150.646 Y45.126 E16.5028
G1 X150.26 Y45.126 E16.52375
G1 X146.424 Y47.013 E16.75577
G1 X146.307 Y46.838 E16.76719
G1 X146.226 Y46.6 E16.78083
G1 X149.223 Y45.126 E16.96209
G1 X148.187 Y45.126 E17.01832
G1 X146.218 Y46.095 E17.13742
G1 X146.267 Y45.937 E17.1464
G1 X146.419 Y45.621 E17.16543
G1 X146.618 Y45.405 E17.18137
G1 X146.771 Y45.312 E17.19109
G1 X147.561 Y44.923 E17.23888
M107
G1 E15.23888 F2400
G92 E0
G1 X157.124 Y44.708 F7800
G1 E2 F2400
;TYPE:Internal infill
;WIDTH:0.45
;HEIGHT:0.3
G1 F1200
G1 X158.093 Y41.092 E2.18005
G1 X159.255 Y41.092 E2.23594
G1 X162.905 Y44.743 E2.48424
G1 X163.494 Y44.765 E2.51259
G1 X163.94 Y44.958 E2.53596
G1 X164.441 Y45.457 E2.56997
G1 X164.721 Y45.992 E2.59901
G1 X164.815 Y45.802 E2.60921
G1 X166.077 Y41.092 E2.84374
G1 X163.764 Y41.092 E2.95499
;LAYER_CHANGE
;Z:1.85
;HEIGHT:0.3
G1 E.95499 F2400
G92 E0
G1 Z1.85 F7800
;AFTER_LAYER_CHANGE
;1.85
G1 X143.007 Y154.891
G1 E2 F2400
;TYPE:Perimeter
;WIDTH:0.45
G1 F1500
G1 X174.754 Y154.891 E3.52692
G1 X174.754 Y169.197 E4.21499
G1 X143.007 Y169.197 E5.74191
G1 X143.007 Y154.951 E6.42709
G1 X142.621 Y154.506 F7800
G1 F1500
G1 X175.139 Y154.506 E7.99109
G1 X175.139 Y169.582 E8.71619
G1 X142.621 Y169.582 E10.28019
G1 X142.621 Y154.566 E11.00241
G1 X142.236 Y154.12 F7800
;TYPE:External perimeter
G1 F1500
G1 X175.525 Y154.12 E12.6035
G1 X175.525 Y169.968 E13.36573
G1 X142.236 Y169.968 E14.96682
G1 X142.236 Y154.18 E15.72617
G1 X142.631 Y154.121 F7800
G1 E13.72617 F2400
G92 E0
G1 X145.806 Y155.18 F7800
G1 E2 F2400
;TYPE:Internal infill
;WIDTH:0.45
G1 F1200
G1 X143.492 Y155.18 E2.1113
G1 X143.296 Y156.017 E2.15265
G1 X156.187 Y168.908 E3.02948
G1 X155.783 Y168.908 E3.04891
G1 X159.461 Y155.18 E3.73247
G1 X157.147 Y155.18 E3.84377
G1 E1.84377 F2400
G92 E0
G1 X161.453 Y168.908 F7800
G1 E2 F2400
G1 F1200
G1 X163.767 Y168.908 E2.1113
G1 X167.445 Y155.18 E2.79486
G1 X174.465 Y155.18 E3.1325
G1 X174.465 Y158.783 E3.30579
G1 X171.752 Y168.908 E3.80995
G1 X174.065 Y168.908 E3.9212
G1 E1.9212 F2400
G92 E0
G1 X174.465 Y159.614 F7800
G1 E2 F2400
G1 F1200
G1 X143.296 Y167.965 E3.552
G1 X143.296 Y166.924 E3.60207
G1 X145.28 Y168.908 E3.73702
G1 X147.798 Y168.908 E3.85813
G1 X151.476 Y155.18 E4.54169
G1 X153.367 Y155.18 E4.63264
G1 X167.094 Y168.908 E5.56637
G1 X169.578 Y168.908 E5.68584
G1 X174.465 Y167.598 E5.92919
G1 X174.465 Y165.372 E6.03625
G1 X164.273 Y155.18 E6.7295
G1 X161.212 Y155.18 E6.87672
G1 X143.296 Y159.981 E7.76882
G1 X143.296 Y162.295 E7.88012
G1 E5.88012 F2400
G92 E0
G1 X135.864 Y144.109 F7800
G1 E2 F2400
;TYPE:Perimeter
;WIDTH:0.45
G1 F1500
G1 X135.816 Y144.148 E2.00297
G1 X135.634 Y144.453 E2.02005
G1 X135.575 Y144.786 E2.03632
G1 X135.575 Y169.197 E3.2104
G1 X112.674 Y169.197 E4.31186
G1 X112.674 Y145.554 E5.44901
G1 X112.649 Y144.566 E5.49654
G1 X112.52 Y144.263 E5.51238
G1 X112.32 Y144.039 E5.52682
G1 X112.038 Y143.879 E5.54241
G1 X111.71 Y143.822 E5.55842
G1 X109.079 Y143.822 E5.68496
G1 X109.079 Y55.944 E9.91159
G1 X108.933 Y55.562 E9.93126
G1 X108.744 Y55.342 E9.94521
G1 X108.416 Y55.157 E9.96332
G1 X108.115 Y55.109 E9.97798
G1 X75.246 Y55.109 E11.55886
G1 X75.246 Y40.803 E12.24693
G1 X121.284 Y40.803 E14.4612
G1 X121.284 Y133.269 E18.90849
G1 X121.438 Y133.662 E18.92879
G1 X121.642 Y133.889 E18.94347
G1 X121.893 Y134.035 E18.95744
G1 X122.248 Y134.103 E18.97482
G1 X127.901 Y134.092 E19.24671
G1 X128.258 Y133.96 E19.26502
G1 X128.494 Y133.755 E19.28006
G1 X128.654 Y133.48 E19.29536
G1 X128.716 Y133.139 E19.31203
G1 X128.716 Y40.803 E23.75307
G1 X174.754 Y40.803 E25.96734
G1 X174.754 Y55.109 E26.65541
G1 X141.757 Y55.109 E28.24245
G1 X141.404 Y55.236 E28.26049
G1 X141.124 Y55.48 E28.27835
G1 X140.975 Y55.751 E28.29322
G1 X140.92 Y56.073 E28.30893
G1 X140.92 Y143.822 E32.52935
G1 X136.446 Y143.822 E32.74453
G1 X136.059 Y143.95 E32.76414
G1 X135.911 Y144.071 E32.77333
G1 X136.141 Y144.388 F7800
G1 F1500
G1 X136.014 Y144.543 E32.78297
G1 X135.961 Y144.786 E32.79493
G1 X135.961 Y169.582 E33.98753
G1 X112.288 Y169.582 E35.12612
G1 X112.281 Y144.693 E36.32319
G1 X112.161 Y144.424 E36.33736
G1 X111.974 Y144.271 E36.34898
G1 X111.71 Y144.207 E36.36205
G1 X108.694 Y144.207 E36.50711
G1 X108.694 Y55.992 E40.74995
G1 X108.571 Y55.717 E40.76444
G1 X108.351 Y55.545 E40.77787
G1 X108.115 Y55.494 E40.78948
G1 X74.861 Y55.494 E42.38888
G1 X74.861 Y40.418 E43.11398
G1 X121.67 Y40.418 E45.36533
G1 X121.67 Y133.22 E49.82878
G1 X121.798 Y133.503 E49.84372
G1 X121.984 Y133.654 E49.85524
G1 X122.248 Y133.718 E49.86831
G1 X127.842 Y133.711 E50.13736
G1 X128.108 Y133.595 E50.15132
G1 X128.266 Y133.405 E50.16321
G1 X128.33 Y133.139 E50.17637
G1 X128.33 Y40.418 E54.63593
G1 X175.139 Y40.418 E56.88728
G1 X175.139 Y55.494 E57.61238
G1 X141.831 Y55.494 E59.21438
G1 X141.548 Y55.602 E59.22895
G1 X141.363 Y55.821 E59.24274
G1 X141.305 Y56.073 E59.25518
G1 X141.305 Y144.207 E63.49412
G1 X136.482 Y144.207 E63.72609
G1 X136.198 Y144.318 E63.74076
G1 X136.179 Y144.342 E63.74223
G1 X136.403 Y144.657 F7800
;TYPE:External perimeter
G1 F1500
G1 X136.346 Y144.786 E63.74901
G1 X136.346 Y169.968 E64.96018
G1 X111.903 Y169.968 E66.1358
G1 X111.903 Y144.786 E67.34697
G1 X111.851 Y144.655 E67.35375
G1 X111.71 Y144.593 E67.36116
G1 X108.308 Y144.593 E67.52478
G1 X108.308 Y56.073 E71.78228
G1 X108.255 Y55.94 E71.78917
G1 X108.115 Y55.88 E71.7965
G1 X74.475 Y55.88 E73.41447
G1 X74.475 Y40.032 E74.1767
G1 X122.055 Y40.032 E76.46513
G1 X122.055 Y133.139 E80.94325
G1 X122.107 Y133.27 E80.95003
G1 X122.248 Y133.332 E80.95744
G1 X127.752 Y133.332 E81.22216
G1 X127.881 Y133.282 E81.22881
G1 X127.945 Y133.139 E81.23635
G1 X127.945 Y40.032 E85.71447
G1 X175.525 Y40.032 E88.0029
G1 X175.525 Y55.88 E88.76513
G1 X141.884 Y55.88 E90.38315
G1 X141.758 Y55.927 E90.38962
G1 X141.691 Y56.073 E90.39735
G1 X141.691 Y144.593 E94.65485
G1 X136.539 Y144.593 E94.90264
G1 X136.451 Y144.627 E94.90718
G1 X136.354 Y145.015 F7800
G1 E92.90718 F2400
G92 E0
G1 X140.631 Y136.742 F7800
G1 E2 F2400
;TYPE:Internal infill
;WIDTH:0.45
G1 F1200
G1 X112.814 Y144.195 E3.38509
G1 X112.963 Y144.782 E3.41422
G1 X112.963 Y147.498 E3.54485
G1 X134.373 Y168.908 E5.00113
G1 X131.829 Y168.908 E5.12349
G1 X135.286 Y156.008 E5.76583
G1 X135.286 Y154.143 E5.85553
G1 X112.963 Y160.124 E6.96706
G1 X112.963 Y158.405 E7.04974
G1 X123.466 Y168.908 E7.76414
G1 X123.845 Y168.908 E7.78237
G1 X140.631 Y106.263 E10.90167
G1 X140.631 Y104.804 E10.97184
G1 X128.999 Y107.921 E11.55104
G1 X128.999 Y108.999 E11.60289
G1 X140.631 Y120.631 E12.39409
G1 X140.631 Y120.773 E12.40092
G1 X128.998 Y123.89 E12.98016
G1 X128.997 Y126.204 E13.09146
G1 E11.09146 F2400
G92 E0
G1 X127.422 Y134.392 F7800
G1 E2 F2400
G1 F1200
G1 X125.109 Y134.392 E2.11125
G1 X115.86 Y168.908 E3.82992
G1 X112.963 Y168.908 E3.96926
G1 X112.963 Y168.109 E4.00769
G1 X135.286 Y162.127 E5.11923
G1 X135.286 Y158.914 E5.27376
G1 X109.368 Y132.996 E7.03667
G1 E5.03667 F2400
G92 E0
G1 X109.368 Y126.836 F7800
G1 E2 F2400
G1 F1200
G1 X109.368 Y129.15 E2.1113
G1 X120.995 Y126.034 E2.69025
G1 X120.995 Y122.809 E2.84536
G1 X109.368 Y111.182 E3.63622
G1 X109.368 Y113.181 E3.73237
G1 X120.995 Y110.065 E4.31132
G1 X120.995 Y111.902 E4.39967
G1 X109.368 Y100.275 E5.19053
G1 X109.368 Y97.212 E5.33785
G1 X120.995 Y94.097 E5.91679
G1 X120.995 Y96.41 E6.02804
G1 E4.02804 F2400
G92 E0
G1 X120.995 Y83.798 F7800
G1 E2 F2400
G1 F1200
G1 X120.995 Y86.112 E2.1113
G1 X109.368 Y89.227 E2.69024
G1 X109.368 Y89.368 E2.69702
G1 X120.995 Y100.995 E3.48788
G1 X120.995 Y102.081 E3.54011
G1 X109.368 Y105.196 E4.11905
G1 X109.368 Y103.741 E4.18903
G1 X120.995 Y60.351 E6.34957
G1 X120.995 Y57.367 E6.49309
G1 X104.72 Y41.092 E7.6001
G1 X102.202 Y41.092 E7.72121
G1 X101.201 Y44.828 E7.90724
G1 X101.31 Y44.871 E7.91288
G1 X101.628 Y44.752 E7.92921
G1 X101.963 Y44.708 E7.94546
G1 X104.264 Y44.751 E8.05615
G1 X104.609 Y44.709 E8.07287
G1 X104.978 Y44.763 E8.09081
G1 X105.355 Y44.909 E8.11025
G1 X105.928 Y45.445 E8.14799
G1 X106.122 Y45.85 E8.16959
G1 X106.172 Y46.188 E8.18602
G1 X106.192 Y48.983 E8.32045
G1 X106.13 Y49.346 E8.33816
G1 X106.001 Y49.666 E8.35475
G1 X105.808 Y49.982 E8.37256
G1 X105.436 Y50.359 E8.39803
G1 X120.995 Y46.19 E9.17276
G1 X120.995 Y46.46 E9.18575
G1 X115.627 Y41.092 E9.55088
G1 X118.171 Y41.092 E9.67324
G1 X109.368 Y73.943 E11.30901
G1 X109.368 Y76.256 E11.42026
G1 E9.42026 F2400
G92 E0
G1 X109.368 Y73.258 F7800
G1 E2 F2400
G1 F1200
G1 X120.995 Y70.143 E2.57894
G1 X120.995 Y68.274 E2.66883
G1 X109.368 Y56.648 E3.45965
G1 X109.368 Y57.29 E3.49053
G1 X120.995 Y54.174 E4.06948
G1 X120.995 Y51.861 E4.18073
G1 E2.18073 F2400
G92 E0
G1 X120.995 Y64.472 F7800
G1 E2 F2400
G1 F1200
G1 X120.995 Y62.159 E2.11125
G1 X109.368 Y65.274 E2.69019
G1 X109.368 Y67.555 E2.7999
G1 X120.995 Y79.181 E3.59072
G1 X120.995 Y78.128 E3.64137
G1 X109.368 Y81.243 E4.22031
G1 X109.368 Y78.461 E4.35411
G1 X120.995 Y90.088 E5.14497
G1 X120.995 Y90.149 E5.1479
G1 X109.368 Y133.539 E7.30844
G1 X109.368 Y137.134 E7.48135
G1 X121.292 Y133.939 E8.07508
G1 E6.07508 F2400
G92 E0
G1 X140.631 Y133.747 F7800
G1 E2 F2400
G1 F1200
G1 X140.631 Y136.061 E2.1113
G1 X138.629 Y143.533 E2.48335
G1 X140.631 Y143.533 E2.57964
G1 X140.631 Y142.444 E2.63202
G1 X128.997 Y130.811 E3.42332
G1 X128.997 Y131.875 E3.47449
G1 X140.631 Y128.757 E4.05379
G1 X140.631 Y131.538 E4.18755
G1 X128.998 Y119.905 E4.97881
G1 X140.631 Y76.464 E7.14179
G1 X140.631 Y72.866 E7.31484
G1 X129.002 Y75.982 E7.89389
G1 X129.002 Y76.281 E7.90827
G1 X140.631 Y87.91 E8.69926
G1 X140.631 Y88.835 E8.74375
G1 X129 Y91.951 E9.32289
G1 X129.001 Y90.069 E9.41341
G1 X142.124 Y41.092 E11.85213
G1 X140.018 Y41.092 E11.95342
G1 X129.005 Y44.043 E12.50179
G1 X129.005 Y43.563 E12.52488
G1 X140.837 Y55.395 E13.32968
G1 X140.649 Y55.856 E13.35363
G1 X140.631 Y56.897 E13.40371
G1 X129.003 Y60.013 E13.98271
G1 X129.003 Y60.261 E13.99464
G1 X134.14 Y41.092 E14.94914
G1 X137.441 Y41.092 E15.10791
G1 X151.168 Y54.82 E16.04164
G1 X154.415 Y54.82 E16.19781
G1 X155.392 Y51.17 E16.37954
G1 X157.853 Y51.204 E16.49792
G1 X158.356 Y51.1 E16.52262
G1 X162.075 Y54.82 E16.77562
G1 X162.399 Y54.82 E16.7912
G1 X163.519 Y50.639 E16.99938
G1 X163.618 Y50.738 E17.00611
G1 X148.385 Y54.82 E17.76461
G1 X146.43 Y54.82 E17.85864
G1 X147.625 Y50.36 E18.08072
G1 X147.411 Y49.706 E18.11382
G1 X147.405 Y47.932 E18.19914
G1 X147.029 Y47.888 E18.21735
G1 X146.69 Y47.774 E18.23455
G1 X146.229 Y47.413 E18.26271
G1 X129.004 Y52.028 E19.12039
G1 X129.004 Y54.469 E19.23779
G1 X140.631 Y66.096 E20.02865
G1 X140.631 Y64.882 E20.08704
G1 X129.003 Y67.997 E20.66603
G1 X129.003 Y65.375 E20.79214
G1 X140.631 Y77.003 E21.58306
G1 E19.58306 F2400
G92 E0
G1 X140.631 Y83.164 F7800
G1 E2 F2400
G1 F1200
G1 X140.631 Y80.851 E2.11125
G1 X129.001 Y83.967 E2.69034
G1 X129.001 Y87.187 E2.84521
G1 X140.631 Y98.817 E3.63627
G1 X140.631 Y96.82 E3.73232
G1 X129 Y99.936 E4.31146
G1 X129 Y98.093 E4.4001
G1 X140.631 Y109.724 E5.19123
G1 X140.631 Y112.788 E5.3386
G1 X128.998 Y115.905 E5.91784
G1 X128.998 Y113.592 E6.02909
G1 E4.02909 F2400
G92 E0
G1 X112.963 Y151.947 F7800
G1 E2 F2400
G1 F1200
G1 X112.963 Y149.922 E2.0974
G1 X120.995 Y119.948 E3.58991
G1 X120.995 Y118.05 E3.6812
G1 X109.368 Y121.165 E4.26014
G1 X109.368 Y122.089 E4.30458
G1 X135.286 Y148.007 E6.06749
G1 X135.286 Y146.158 E6.15642
G1 X112.963 Y152.14 E7.26796
G1 X112.963 Y154.453 E7.37921
G1 E5.37921 F2400
G92 E0
G1 X92.853 Y54.82 F7800
G1 E2 F2400
G1 F1200
G1 X90.539 Y54.82 E2.1113
G1 X91.508 Y51.204 E2.29135
G1 X92.365 Y51.186 E2.33258
G1 X92.838 Y51.024 E2.35663
G1 X96.633 Y54.82 E2.6148
G1 X98.524 Y54.82 E2.70575
G1 X99.791 Y50.09 E2.94127
G1 X99.722 Y49.564 E2.96679
G1 X98.986 Y49.568 E3.00219
G1 X98.899 Y50.093 E3.02779
G1 X98.676 Y50.548 E3.05216
G1 E1.05216 F2400
G92 E0
G1 X97.429 Y44.708 F7800
G1 E2 F2400
G1 F1200
G1 X93.813 Y41.092 E2.24596
G1 X94.217 Y41.092 E2.26539
G1 X93.232 Y44.771 E2.44857
G1 X93.481 Y44.859 E2.46127
G1 X94.11 Y44.708 E2.49238
G1 X96.077 Y44.708 E2.58699
G1 X96.482 Y44.774 E2.60673
G1 X110.22 Y41.092 E3.2908
G1 X106.508 Y54.82 E3.97478
G1 X107.54 Y54.82 E4.02442
G1 X103.925 Y51.204 E4.27034
G1 X102.282 Y51.204 E4.34936
G1 X88.788 Y54.82 E5.02127
G1 X85.727 Y54.82 E5.16849
G1 X82.08 Y51.173 E5.41655
G1 X83.523 Y51.204 E5.48597
G1 X82.555 Y54.82 E5.66601
G1 X75.535 Y54.82 E6.00365
G1 X75.535 Y51.217 E6.17694
G1 X76.163 Y48.876 E6.29352
G1 X76.228 Y48.42 E6.31567
G1 X76.141 Y47.976 E6.33743
G1 X76.14 Y46.58 E6.40457
G1 X76.858 Y45.352 F7800
;TYPE:Solid infill
;WIDTH:0.404381
G1 F1200
G1 X76.56 Y45.702 E6.42406
;WIDTH:0.45
G1 X76.588 Y46.029 E6.43985
G1 X77.47 Y45.147 E6.49984
G1 X78.068 Y45.094 E6.52871
G1 X76.526 Y46.636 E6.63359
G1 X76.526 Y47.181 E6.6598
G1 X78.613 Y45.094 E6.80176
G1 X79.159 Y45.094 E6.82802
G1 X76.526 Y47.727 E7.00711
G1 X76.572 Y48.225 E7.03116
G1 X79.704 Y45.094 E7.24416
G1 X80.249 Y45.094 E7.27037
G1 X76.553 Y48.79 E7.52177
G1 X76.589 Y49.3 E7.54636
G1 X80.795 Y45.094 E7.83245
G1 X81.298 Y45.136 E7.85673
G1 X76.782 Y49.651 E8.16387
G1 X77.04 Y49.939 E8.18247
G1 X81.72 Y45.259 E8.5008
G1 X81.861 Y45.066 E8.5123
;WIDTH:0.404381
G1 X82.342 Y44.955 E8.53323
;WIDTH:0.45
G1 X82.431 Y45.094 E8.54117
G1 X77.307 Y50.217 E8.88966
G1 X77.587 Y50.483 E8.90824
G1 X82.976 Y45.094 E9.27479
G1 X83.521 Y45.094 E9.301
G1 X77.92 Y50.695 E9.68197
G1 X78.352 Y50.808 E9.70345
G1 X84.067 Y45.094 E10.09214
G1 X84.574 Y45.132 E10.11659
G1 X78.888 Y50.818 E10.50334
G1 X79.433 Y50.818 E10.52955
G1 X85.132 Y45.119 E10.91719
G1 X85.544 Y45.252 E10.93801
G1 X79.978 Y50.818 E11.3166
G1 X80.55 Y50.792 E11.34414
G1 X85.836 Y45.506 E11.70369
G1 X87.066 Y44.99 F7800
;WIDTH:0.404381
G1 F1200
G1 X86.76 Y45.076 E11.71717
;WIDTH:0.45
G1 X86.605 Y45.283 E11.72961
G1 X81.182 Y50.705 E12.09844
G1 X81.638 Y50.794 E12.12079
G1 X87.333 Y45.1 E12.50812
G1 X87.751 Y45.226 E12.52912
G1 X82.181 Y50.797 E12.90802
G1 X82.705 Y50.818 E12.93324
G1 X88.086 Y45.437 E13.29925
G1 X88.309 Y45.759 E13.31809
G1 X83.25 Y50.818 E13.6622
G1 X83.796 Y50.818 E13.68846
G1 X88.628 Y45.986 E14.01713
G1 X88.896 Y45.797 E14.0329
;WIDTH:0.404381
G1 X89.478 Y45.24 E14.06706
;WIDTH:0.45
G1 X90.051 Y45.108 E14.09534
G1 X84.346 Y50.813 E14.48339
G1 X84.999 Y50.692 E14.51533
;WIDTH:0.404381
G1 X84.958 Y50.703 E14.51713
G1 X84.939 Y50.632 E14.52025
G1 X85.01 Y50.651 E14.52337
;WIDTH:0.45
G1 X85.242 Y50.463 E14.53773
G1 X90.611 Y45.094 E14.90292
G1 X91.156 Y45.094 E14.92913
G1 X85.625 Y50.625 E15.30534
G1 X86.017 Y50.778 E15.32558
G1 X91.701 Y45.094 E15.7122
G1 X92.234 Y45.106 E15.73784
G1 X86.522 Y50.818 E16.12636
G1 X87.068 Y50.818 E16.15262
G1 X92.792 Y45.094 E16.54196
G1 X93.252 Y45.179 E16.56446
G1 X87.613 Y50.818 E16.94802
G1 X88.242 Y50.957 E16.979
;WIDTH:0.404381
G1 X88.505 Y50.91 E16.99033
;WIDTH:0.45
G1 X88.158 Y50.818 E17.0076
G1 X93.836 Y45.141 E17.39378
G1 X94.428 Y45.094 E17.42234
G1 X88.861 Y50.661 E17.801
G1 X89.288 Y50.78 E17.82232
G1 X94.974 Y45.094 E18.20907
G1 X95.519 Y45.094 E18.23528
G1 X89.836 Y50.777 E18.62183
G1 X90.34 Y50.818 E18.64615
G1 X96.064 Y45.094 E19.03549
G1 X96.506 Y45.197 E19.05732
G1 X90.885 Y50.818 E19.43965
G1 X91.431 Y50.818 E19.46591
G1 X97.115 Y45.134 E19.85253
G1 X97.7 Y45.094 E19.88073
G1 X91.976 Y50.818 E20.27007
G1 X92.144 Y50.952 E20.28041
;WIDTH:0.404381
G1 X92.562 Y50.859 E20.29857
;WIDTH:0.45
G1 X92.658 Y50.682 E20.30825
G1 X98.246 Y45.094 E20.68834
G1 X98.791 Y45.094 E20.71455
G1 X93.348 Y50.537 E21.08478
G1 X93.703 Y50.727 E21.10415
G1 X99.336 Y45.094 E21.4873
G1 X99.882 Y45.094 E21.51356
G1 X94.157 Y50.818 E21.90293
G1 X94.703 Y50.818 E21.92919
G1 X100.427 Y45.094 E22.31853
G1 X100.93 Y45.136 E22.34281
G1 X95.248 Y50.818 E22.72929
G1 X95.793 Y50.818 E22.7555
G1 X101.353 Y45.259 E23.13365
G1 X101.494 Y45.065 E23.14518
;WIDTH:0.404381
G1 X101.974 Y44.955 E23.16606
;WIDTH:0.45
G1 X102.063 Y45.094 E23.174
G1 X96.401 Y50.756 E23.55912
G1 X96.981 Y50.721 E23.58707
G1 X102.608 Y45.094 E23.96981
G1 X103.154 Y45.094 E23.99607
G1 X99.065 Y49.182 E24.27416
G1 X98.793 Y49.328 E24.28901
;WIDTH:0.404381
G1 X98.715 Y49.405 E24.29366
;WIDTH:0.406912
G1 X98.57 Y49.612 E24.30446
;WIDTH:0.408471
G1 X98.479 Y49.739 E24.31117
G1 X98.123 Y50.095 E24.33278
;WIDTH:0.412328
G1 X97.395 Y50.825 E24.37752
G1 X97.766 Y50.756 E24.3939
G1 X98.165 Y50.548 E24.41343
G1 X98.37 Y50.335 E24.42626
;WIDTH:0.408471
G1 X98.599 Y49.82 E24.45045
G1 X98.683 Y49.456 E24.46648
G1 X99.611 Y49.182 F7800
;WIDTH:0.45
G1 F1200
G1 X103.699 Y45.094 E24.74454
G1 X104.206 Y45.132 E24.76899
G1 X100.035 Y49.304 E25.05273
G1 X100.115 Y49.769 E25.07542
G1 X104.765 Y45.119 E25.39171
G1 X105.174 Y45.255 E25.41244
G1 X100.245 Y50.184 E25.7477
G1 X100.501 Y50.474 E25.76631
G1 X105.465 Y45.509 E26.10399
G1 X105.701 Y45.819 E26.12273
G1 X100.817 Y50.703 E26.45493
G1 X101.271 Y50.794 E26.4772
G1 X105.788 Y46.277 E26.78444
G1 X105.795 Y46.816 E26.81037
G1 X101.813 Y50.797 E27.08119
G1 X102.337 Y50.818 E27.10641
G1 X105.809 Y47.347 E27.34254
G1 X105.809 Y47.892 E27.36875
G1 X102.883 Y50.818 E27.56777
G1 X103.428 Y50.818 E27.59398
G1 X105.809 Y48.438 E27.7559
G1 X105.8 Y48.991 E27.7825
G1 X103.979 Y50.812 E27.90636
G1 X104.821 Y50.474 F7800
;WIDTH:0.404381
G1 F1200
G1 X105.535 Y49.756 E27.9493
G1 E25.9493 F2400
G92 E0
G1 X88.547 Y41.092 F7800
G1 E2 F2400
;TYPE:Internal infill
;WIDTH:0.45
G1 F1200
G1 X86.233 Y41.092 E2.1113
G1 X85.254 Y44.746 E2.29324
G1 X85.619 Y44.854 E2.31155
G1 X86.058 Y45.18 E2.33785
G1 X86.645 Y44.831 E2.3707
G1 X82.906 Y41.092 E2.62502
G1 X80.422 Y41.092 E2.74449
G1 X75.535 Y42.402 E2.98784
G1 X75.535 Y44.628 E3.0949
G1 X76.4 Y45.493 E3.15374
G1 X76.672 Y45.127 E3.17567
G1 X77.254 Y44.805 E3.20766
G1 X78.248 Y41.092 E3.39253
G1 X75.935 Y41.092 E3.50378
G1 E1.50378 F2400
G92 E0
G1 X75.535 Y50.386 F7800
G1 E2 F2400
G1 F1200
G1 X76.648 Y50.088 E2.05542
G1 X77.249 Y50.713 E2.09712
G1 X77.667 Y51.004 E2.12162
G1 X78.034 Y51.15 E2.14062
G1 X78.572 Y51.204 E2.16663
G1 E.16663 F2400
G92 E0
G1 X146.841 Y44.821 F7800
G1 E2 F2400
G1 F1200
G1 X147.361 Y44.709 E2.02558
G1 X149.14 Y44.708 E2.11114
G1 X150.108 Y41.092 E2.29118
G1 X148.348 Y41.092 E2.37583
G1 X151.964 Y44.708 E2.62179
G1 X154.581 Y44.708 E2.74766
G1 X154.916 Y44.752 E2.76391
G1 X155.233 Y44.871 E2.7802
G1 X155.551 Y44.752 E2.79653
G1 X156.323 Y44.708 E2.83372
G1 X169.817 Y41.092 E3.50563
G1 X170.162 Y41.092 E3.52222
G1 X174.465 Y45.395 E3.81491
G1 X174.465 Y47.832 E3.93212
G1 X170.984 Y48.764 E4.10544
G1 X171.216 Y49.333 E4.13499
G1 X171.243 Y49.606 E4.14818
G1 X171.141 Y50.104 E4.17263
G1 X170.913 Y50.562 E4.19724
G1 X170.669 Y50.821 E4.21435
G1 X170.149 Y51.1 E4.24273
G1 X169.846 Y51.186 E4.25788
G1 X169.367 Y51.204 E4.28093
G1 X172.982 Y54.82 E4.52685
G1 X170.384 Y54.82 E4.6518
G1 X174.062 Y41.092 E5.33536
G1 X174.465 Y41.092 E5.35474
G1 X174.465 Y43.003 E5.44665
G1 E3.44665 F2400
G92 E0
G1 X163.764 Y41.092 F7800
G1 E2 F2400
G1 F1200
G1 X166.077 Y41.092 E2.11125
G1 X164.808 Y45.828 E2.34707
G1 X164.723 Y45.996 E2.35613
G1 X164.441 Y45.457 E2.38539
G1 X163.94 Y44.958 E2.4194
G1 X163.494 Y44.765 E2.44277
G1 X162.905 Y44.743 E2.47112
G1 X159.255 Y41.092 E2.71942
G1 X158.093 Y41.092 E2.77531
G1 X157.124 Y44.708 E2.95536
G1 E.95536 F2400
G92 E0
G1 X147.402 Y45.094 F7800
G1 E2 F2400
;TYPE:Solid infill
;WIDTH:0.45
G1 F1200
G1 X150.418 Y45.094 E2.14506
G1 X147.758 Y47.754 E2.32599
G1 X147.734 Y47.697 E2.32896
G1 X147.522 Y47.547 E2.34145
G1 X147.085 Y47.503 E2.36257
G1 X146.716 Y47.331 E2.38215
G1 X146.381 Y47.013 E2.40437
G1 X146.24 Y46.743 E2.41902
G1 X146.161 Y46.334 E2.43906
G1 X146.241 Y45.919 E2.45939
G1 X146.394 Y45.605 E2.47619
G1 X146.654 Y45.341 E2.49401
G1 X147.004 Y45.172 E2.5127
G1 X147.213 Y45.131 E2.52294
G1 E.52294 F2400
G92 E0
G1 X149.295 Y45.48 F7800
G1 E2 F2400
G1 F1200
G1 X147.44 Y45.479 E2.08922
G1 X147.007 Y45.599 E2.11083
G1 X146.795 Y45.748 E2.12329
G1 X146.654 Y45.951 E2.13518
G1 X146.552 Y46.347 E2.15485
G1 X146.625 Y46.675 E2.17101
G1 X146.879 Y46.974 E2.18988
G1 X147.171 Y47.125 E2.20569
G1 X147.561 Y47.163 E2.22454
G1 X147.726 Y47.242 E2.23334
G1 X149.487 Y45.48 E2.35316
G1 X150.922 Y45.135 F7800
G1 F1200
G1 X147.791 Y48.266 E2.56613
G1 X147.792 Y48.811 E2.59234
G1 X151.509 Y45.094 E2.84517
G1 X152.055 Y45.094 E2.87143
G1 X147.793 Y49.355 E3.16129
G1 X147.831 Y49.863 E3.18579
G1 X152.6 Y45.094 E3.51017
G1 X153.145 Y45.094 E3.53638
G1 X147.996 Y50.243 E3.88661
G1 X148.246 Y50.538 E3.90521
G1 X153.691 Y45.094 E4.27554
G1 X154.236 Y45.094 E4.30175
G1 X148.604 Y50.726 E4.68483
G1 X149.061 Y50.814 E4.70721
G1 X154.756 Y45.12 E5.09454
G1 X155.163 Y45.258 E5.11521
G1 X150.517 Y49.904 E5.43123
G1 X150.245 Y50.053 E5.44615
;WIDTH:0.404381
G1 X149.906 Y50.473 E5.46904
G1 X149.711 Y50.645 E5.48007
G1 X150.801 Y50.165 F7800
;WIDTH:0.45
G1 F1200
G1 X155.868 Y45.098 E5.82472
G1 X156.417 Y45.094 E5.85113
G1 X151.073 Y50.438 E6.21462
G1 X151.399 Y50.657 E6.23351
G1 X156.963 Y45.094 E6.61193
G1 X157.508 Y45.094 E6.63814
G1 X151.8 Y50.801 E7.02636
G1 X152.329 Y50.818 E7.05182
G1 X158.029 Y45.119 E7.43949
G1 X158.586 Y45.107 E7.46629
G1 X152.874 Y50.818 E7.85478
G1 X153.42 Y50.818 E7.88104
G1 X159.024 Y45.214 E8.26222
G1 X159.672 Y45.111 E8.29378
G1 X153.973 Y50.81 E8.68142
G1 X154.655 Y50.674 E8.71487
G1 X160.235 Y45.094 E9.09441
G1 X160.78 Y45.094 E9.12062
G1 X155.083 Y50.791 E9.50812
G1 X155.635 Y50.784 E9.53467
G1 X161.326 Y45.094 E9.92173
G1 X161.859 Y45.106 E9.94737
G1 X156.147 Y50.818 E10.33589
G1 X156.692 Y50.818 E10.3621
G1 X162.412 Y45.098 E10.75117
G1 X162.928 Y45.128 E10.77603
G1 X157.237 Y50.818 E11.16309
G1 X157.843 Y50.961 E11.19304
;WIDTH:0.404381
G1 X158.133 Y50.908 E11.20554
;WIDTH:0.45
G1 X157.783 Y50.818 E11.22292
G1 X163.447 Y45.153 E11.60821
G1 X163.799 Y45.347 E11.62754
G1 X158.492 Y50.654 E11.98852
G1 X158.909 Y50.782 E12.0095
G1 X164.074 Y45.617 E12.36082
G1 X164.273 Y45.964 E12.38006
G1 X159.458 Y50.779 E12.70757
G1 X159.964 Y50.818 E12.73198
G1 X164.458 Y46.324 E13.03766
G1 X164.971 Y46.357 E13.06238
G1 X166.215 Y45.112 E13.14703
G1 X164.91 Y46.418 F7800
G1 F1200
G1 X160.509 Y50.818 E13.44635
G1 X160.812 Y50.961 E13.46246
;WIDTH:0.404381
G1 X160.771 Y50.972 E13.46426
G1 X160.752 Y50.901 E13.46738
G1 X160.823 Y50.92 E13.4705
;WIDTH:0.45
G1 X161.055 Y50.818 E13.48269
G1 X166.712 Y45.161 E13.86747
G1 X167.074 Y45.344 E13.88698
G1 X161.6 Y50.818 E14.25931
G1 X161.779 Y50.952 E14.27006
;WIDTH:0.404381
G1 X162.122 Y50.883 E14.2849
;WIDTH:0.45
G1 X162.277 Y50.687 E14.29692
G1 X167.395 Y45.569 E14.64504
G1 X167.692 Y45.444 E14.66054
;WIDTH:0.404381
G1 X167.651 Y45.455 E14.66234
G1 X167.632 Y45.384 E14.66546
G1 X167.703 Y45.403 E14.66858
;WIDTH:0.45
G1 X168.375 Y45.134 E14.70339
G1 X163.531 Y49.978 E15.03287
G1 X163.298 Y50.054 E15.04466
;WIDTH:0.404381
G1 X163.227 Y50.035 E15.04778
G1 X163.246 Y50.106 E15.0509
G1 X163.287 Y50.095 E15.0527
;WIDTH:0.45
G1 X163.751 Y50.304 E15.07718
G1 X168.916 Y45.139 E15.4285
G1 X169.299 Y45.301 E15.4485
G1 X164.021 Y50.579 E15.8075
G1 X164.381 Y50.764 E15.82697
G1 X169.595 Y45.55 E16.18162
G1 X169.777 Y45.914 E16.20119
G1 X164.902 Y50.788 E16.53275
G1 X165.393 Y50.717 E16.55661
;WIDTH:0.404381
G1 X165.798 Y50.321 E16.58063
;WIDTH:0.45
G1 X166.191 Y49.94 E16.60696
;WIDTH:0.404381
G1 X166.15 Y49.951 E16.60876
G1 X166.131 Y49.88 E16.61188
G1 X166.202 Y49.899 E16.615
;WIDTH:0.45
G1 X166.439 Y49.797 E16.62741
G1 X169.875 Y46.36 E16.86116
G1 X169.875 Y46.906 E16.88742
G1 X166.612 Y50.169 E17.10937
G1 X166.835 Y50.491 E17.12821
G1 X169.875 Y47.451 E17.33499
G1 X169.875 Y47.996 E17.3612
G1 X167.18 Y50.692 E17.54454
G1 X167.606 Y50.811 E17.56581
G1 X169.977 Y48.44 E17.72708
G1 X170.213 Y48.749 E17.74578
G1 X168.144 Y50.818 E17.88651
G1 X169.609 Y50.818 E17.95697
G1 X170.1 Y50.69 E17.98137
G1 X170.439 Y50.508 E17.99988
G1 X170.702 Y50.151 E18.02121
G1 X170.844 Y49.728 E18.04267
G1 X170.813 Y49.353 E18.06077
G1 X170.695 Y49.036 E18.07704
G1 X170.489 Y48.729 E18.09482
G1 X170.35 Y48.613 E18.10353
G1 X170.318 Y49.277 E18.1355
;WIDTH:0.572092
G1 X170.396 Y49.627 E18.15821
G1 X170.301 Y49.943 E18.17911
G1 X170.2 Y50.112 E18.19158
;WIDTH:0.572197
G1 X169.889 Y50.297 E18.2145
G1 X169.578 Y50.369 E18.23472
G1 X169.223 Y50.372 E18.25721
G1 X169.9 Y49.694 E18.3179
;WIDTH:0.572092
G1 X170.182 Y49.413 E18.34311
G1 E16.34311 F2400
G92 E0
G1 X148.557 Y45.865 F7800
G1 E2 F2400
;WIDTH:0.45
G1 F1200
G1 X147.628 Y46.794 E2.06319
G1 X147.258 Y46.746 E2.08113
G1 X147.077 Y46.624 E2.09163
G1 X146.952 Y46.441 E2.10229
G1 X146.979 Y46.165 E2.11563
G1 X147.11 Y45.978 E2.12661
G1 X147.477 Y45.865 E2.14508
G1 X148.364 Y45.865 E2.18774
G1 X147.533 Y46.303 F7800
;WIDTH:0.569095
G1 F1200
G1 X147.489 Y46.259 E2.19166
G1 X147.428 Y46.275 E2.19563
G1 X147.411 Y46.336 E2.19962
G1 X147.456 Y46.381 E2.20363
G1 X147.517 Y46.364 E2.20762
G1 E.20762 F2400
G92 E0
G1 X105.242 Y154.891 F7800
G1 E2 F2400
;TYPE:Perimeter
;WIDTH:0.45
G1 F1500
G1 X105.242 Y169.197 E2.68807
G1 X75.246 Y169.197 E4.13077
G1 X75.246 Y154.891 E4.81884
G1 X105.182 Y154.891 E6.25866
G1 X105.628 Y154.506 F7800
G1 F1500
G1 X105.628 Y169.582 E6.98376
G1 X74.861 Y169.582 E8.46355
G1 X74.861 Y154.506 E9.18865
G1 X105.568 Y154.506 E10.66555
G1 X106.013 Y154.12 F7800
;TYPE:External perimeter
G1 F1500
G1 X106.013 Y169.968 E11.42778
G1 X74.475 Y169.968 E12.94465
G1 X74.475 Y154.12 E13.70688
G1 X105.953 Y154.12 E15.22086
G1 X106.013 Y154.516 F7800
G1 E13.22086 F2400
G92 E0
G1 X86.236 Y168.908 F7800
G1 E2 F2400
;TYPE:Internal infill
;WIDTH:0.45
G1 F1200
G1 X83.923 Y168.908 E2.11125
G1 X87.601 Y155.18 E2.79481
G1 X87.925 Y155.18 E2.81039
G1 X101.652 Y168.908 E3.74412
G1 X99.892 Y168.908 E3.82877
G1 X103.57 Y155.18 E4.51233
G1 X101.615 Y155.18 E4.60636
G1 X75.535 Y162.168 E5.90497
G1 X75.535 Y164.605 E6.02218
G1 X79.838 Y168.908 E6.31487
G1 X80.183 Y168.908 E6.33146
G1 X104.953 Y162.271 E7.56484
G1 X104.953 Y161.302 E7.61145
G1 X98.832 Y155.18 E8.02783
G1 X95.585 Y155.18 E8.184
G1 X91.907 Y168.908 E8.86756
G1 X90.745 Y168.908 E8.92345
G1 X77.018 Y155.18 E9.85718
G1 X79.616 Y155.18 E9.98213
G1 X75.938 Y168.908 E10.66569
G1 X75.535 Y168.908 E10.68507
G1 X75.535 Y166.997 E10.77698
;LAYER_CHANGE
;Z:2.15
;HEIGHT:0.3
G1 E8.77698 F2400
G92 E0
G1 Z2.15 F7800
;AFTER_LAYER_CHANGE
;2.15
G1 X136.022 Y144.109
G1 E2 F2400
;TYPE:Perimeter
;WIDTH:0.45
G1 F1500
G1 X135.816 Y144.414 E2.0177
G1 X135.741 Y144.786 E2.03595
G1 X135.741 Y169.197 E3.21003
G1 X112.508 Y169.197 E4.32746
G1 X112.508 Y145.72 E5.45662
G1 X112.494 Y144.619 E5.50958
G1 X112.38 Y144.305 E5.52565
G1 X112.165 Y144.048 E5.54177
G1 X111.893 Y143.887 E5.55697
G1 X111.544 Y143.822 E5.57404
G1 X109.079 Y143.822 E5.6926
G1 X109.079 Y55.986 E9.91721
G1 X108.986 Y55.659 E9.93356
G1 X108.754 Y55.351 E9.95211
G1 X108.464 Y55.174 E9.96845
G1 X108.115 Y55.109 E9.98552
G1 X75.246 Y55.109 E11.5664
G1 X75.246 Y40.803 E12.25447
G1 X121.45 Y40.803 E14.47672
G1 X121.45 Y133.23 E18.92214
G1 X121.551 Y133.57 E18.9392
G1 X121.783 Y133.869 E18.9574
G1 X122.062 Y134.037 E18.97306
G1 X122.414 Y134.103 E18.99029
G1 X127.734 Y134.092 E19.24616
G1 X128.091 Y133.96 E19.26447
G1 X128.331 Y133.752 E19.27975
G1 X128.489 Y133.476 E19.29505
G1 X128.55 Y133.139 E19.31152
G1 X128.55 Y40.803 E23.75256
G1 X174.754 Y40.803 E25.97481
G1 X174.754 Y55.109 E26.66288
G1 X141.756 Y55.109 E28.24997
G1 X141.382 Y55.249 E28.26918
G1 X141.117 Y55.488 E28.28634
G1 X140.973 Y55.756 E28.30097
G1 X140.92 Y56.073 E28.31643
G1 X140.92 Y143.822 E32.53685
G1 X136.607 Y143.822 E32.74429
G1 X136.289 Y143.916 E32.76024
G1 X136.067 Y144.071 E32.77326
G1 X136.308 Y144.39 F7800
G1 F1500
G1 X136.193 Y144.516 E32.78146
G1 X136.126 Y144.786 E32.79484
G1 X136.126 Y169.582 E33.98744
G1 X112.123 Y169.582 E35.1419
G1 X112.118 Y144.717 E36.33782
G1 X112.02 Y144.456 E36.35123
G1 X111.823 Y144.279 E36.36397
G1 X111.544 Y144.207 E36.37783
G1 X108.694 Y144.207 E36.51491
G1 X108.694 Y55.993 E40.7577
G1 X108.575 Y55.722 E40.77194
G1 X108.372 Y55.554 E40.78461
G1 X108.115 Y55.494 E40.7973
G1 X74.861 Y55.494 E42.3967
G1 X74.861 Y40.418 E43.1218
G1 X121.835 Y40.418 E45.38109
G1 X121.835 Y133.22 E49.84454
G1 X121.964 Y133.503 E49.8595
G1 X122.161 Y133.659 E49.87159
G1 X122.414 Y133.718 E49.88408
G1 X127.675 Y133.711 E50.13712
G1 X127.942 Y133.595 E50.15112
G1 X128.101 Y133.402 E50.16315
G1 X128.165 Y133.139 E50.17617
G1 X128.165 Y40.418 E54.63573
G1 X175.139 Y40.418 E56.89502
G1 X175.139 Y55.494 E57.62012
G1 X141.804 Y55.494 E59.22342
G1 X141.542 Y55.606 E59.23712
G1 X141.361 Y55.825 E59.25079
G1 X141.305 Y56.073 E59.26302
G1 X141.305 Y144.207 E63.50196
G1 X136.643 Y144.207 E63.72619
G1 X136.389 Y144.301 E63.73922
G1 X136.349 Y144.345 E63.74208
G1 X136.568 Y144.657 F7800
;TYPE:External perimeter
G1 F1500
G1 X136.512 Y144.786 E63.74884
G1 X136.512 Y169.968 E64.96001
G1 X111.737 Y169.968 E66.1516
G1 X111.737 Y144.786 E67.36277
G1 X111.692 Y144.663 E67.36907
G1 X111.544 Y144.593 E67.37694
G1 X108.308 Y144.593 E67.53258
G1 X108.308 Y56.073 E71.79008
G1 X108.256 Y55.941 E71.7969
G1 X108.115 Y55.88 E71.80429
G1 X74.475 Y55.88 E73.42226
G1 X74.475 Y40.032 E74.18449
G1 X122.221 Y40.032 E76.48091
G1 X122.221 Y133.139 E80.95903
G1 X122.271 Y133.268 E80.96568
G1 X122.414 Y133.332 E80.97322
G1 X127.586 Y133.332 E81.22198
G1 X127.718 Y133.28 E81.2288
G1 X127.779 Y133.139 E81.23619
G1 X127.779 Y40.032 E85.71431
G1 X175.525 Y40.032 E88.01073
G1 X175.525 Y55.88 E88.77296
G1 X141.884 Y55.88 E90.39098
G1 X141.756 Y55.928 E90.39755
G1 X141.691 Y56.073 E90.40519
G1 X141.691 Y144.593 E94.66269
G1 X136.705 Y144.593 E94.9025
G1 X136.617 Y144.628 E94.90705
G1 X136.519 Y145.016 F7800
G1 E92.90705 F2400
G92 E0
G1 X142.841 Y154.891 F7800
G1 E2 F2400
;TYPE:Perimeter
G1 F1500
G1 X174.754 Y154.891 E3.5349
G1 X174.754 Y169.197 E4.22297
G1 X142.841 Y169.197 E5.75787
G1 X142.841 Y154.951 E6.44305
G1 X142.456 Y154.506 F7800
G1 F1500
G1 X175.139 Y154.506 E8.01499
G1 X175.139 Y169.582 E8.74009
G1 X142.456 Y169.582 E10.31203
G1 X142.456 Y154.566 E11.03425
G1 X142.07 Y154.12 F7800
;TYPE:External perimeter
G1 F1500
G1 X175.525 Y154.12 E12.64332
G1 X175.525 Y169.968 E13.40555
G1 X142.07 Y169.968 E15.01462
G1 X142.07 Y154.18 E15.77397
G1 X142.466 Y154.121 F7800
G1 X143.13 Y155.851
;TYPE:Internal infill
;WIDTH:0.45
G1 F1200
G1 X156.187 Y168.908 E16.66209
G1 X155.783 Y168.908 E16.68152
G1 X159.461 Y155.18 E17.36508
G1 X157.147 Y155.18 E17.47638
G1 E15.47638 F2400
G92 E0
G1 X145.806 Y155.18 F7800
G1 E2 F2400
G1 F1200
G1 X143.492 Y155.18 E2.1113
G1 X143.13 Y156.53 E2.17852
G1 X143.13 Y160.025 E2.34662
G1 X161.212 Y155.18 E3.24698
G1 X164.273 Y155.18 E3.3942
G1 X174.465 Y165.372 E4.08745
G1 X174.465 Y167.598 E4.19451
G1 X169.578 Y168.908 E4.43786
G1 X167.094 Y168.908 E4.55733
G1 X153.367 Y155.18 E5.49106
G1 X151.476 Y155.18 E5.58201
G1 X147.798 Y168.908 E6.26557
G1 X145.28 Y168.908 E6.38668
G1 X143.13 Y166.758 E6.53292
G1 X143.13 Y168.01 E6.59314
G1 X174.465 Y159.614 E8.15341
G1 E6.15341 F2400
G92 E0
G1 X174.065 Y168.908 F7800
G1 E2 F2400
G1 F1200
G1 X171.752 Y168.908 E2.11125
G1 X174.465 Y158.783 E2.61541
G1 X174.465 Y155.18 E2.7887
G1 X167.445 Y155.18 E3.12634
G1 X163.767 Y168.908 E3.8099
G1 X161.453 Y168.908 E3.9212
G1 E1.9212 F2400
G92 E0
G1 X135.452 Y150.486 F7800
G1 E2 F2400
G1 F1200
G1 X135.452 Y148.173 E2.11125
G1 X109.368 Y122.089 E3.88545
G1 X109.368 Y121.165 E3.92989
G1 X121.161 Y118.005 E4.5171
G1 X121.161 Y119.329 E4.58078
G1 X112.791 Y150.564 E6.13608
G1 X112.792 Y152.186 E6.21409
G1 X135.452 Y146.114 E7.34241
G1 X135.488 Y144.485 E7.42078
G1 X135.595 Y144.202 E7.43533
G1 X135.822 Y143.899 E7.45354
G1 E5.45354 F2400
G92 E0
G1 X140.631 Y136.742 F7800
G1 E2 F2400
G1 F1200
G1 X112.668 Y144.234 E3.39236
G1 X112.789 Y144.638 E3.41264
G1 X112.79 Y147.325 E3.54188
G1 X134.373 Y168.908 E5.00993
G1 X131.829 Y168.908 E5.13229
G1 X135.452 Y155.389 E5.80545
G1 X135.452 Y154.098 E5.86754
G1 X112.794 Y160.169 E6.99575
G1 X112.794 Y158.236 E7.08872
G1 X123.466 Y168.908 E7.81462
G1 X123.845 Y168.908 E7.83285
G1 X140.631 Y106.263 E10.95215
G1 X140.631 Y104.804 E11.02232
G1 X128.833 Y107.965 E11.60978
G1 X128.833 Y108.833 E11.65153
G1 X140.631 Y120.631 E12.45402
G1 X140.631 Y120.773 E12.46085
G1 X128.832 Y123.934 E13.04835
G1 X128.832 Y120.496 E13.21371
G1 X140.631 Y76.464 E15.40621
G1 X140.631 Y72.866 E15.57926
G1 X128.836 Y76.027 E16.16658
G1 X128.836 Y76.115 E16.17081
G1 X140.631 Y87.91 E16.97309
G1 X140.631 Y88.835 E17.01758
G1 X128.835 Y91.996 E17.60494
G1 X128.835 Y90.688 E17.66785
G1 X142.124 Y41.092 E20.13739
G1 X140.018 Y41.092 E20.23868
G1 X128.839 Y44.088 E20.79533
G1 X128.839 Y43.397 E20.82856
G1 X140.837 Y55.395 E21.64465
G1 X140.649 Y55.857 E21.66864
G1 X140.631 Y56.897 E21.71867
G1 X128.838 Y60.057 E22.30588
G1 E20.30588 F2400
G92 E0
G1 X128.837 Y63.193 F7800
G1 E2 F2400
G1 F1200
G1 X128.838 Y60.879 E2.1113
G1 X134.14 Y41.092 E3.09656
G1 X137.441 Y41.092 E3.25533
G1 X151.168 Y54.82 E4.18906
G1 X154.415 Y54.82 E4.34523
G1 X155.683 Y50.087 E4.5809
G1 X155.879 Y50.13 E4.59055
G1 X157.386 Y50.13 E4.66303
G1 X162.075 Y54.82 E4.982
G1 X162.399 Y54.82 E4.99758
G1 X163.912 Y49.174 E5.27871
G1 X162.971 Y47.292 E5.37991
G1 X162.971 Y47.502 E5.39001
G1 E3.39001 F2400
G92 E0
G1 X166.688 Y45.898 F7800
G1 E2 F2400
G1 F1200
G1 X166.869 Y46.152 E2.015
G1 X166.87 Y46.484 E2.03097
G1 X166.135 Y47.972 E2.11079
G1 X167.335 Y49.172 E2.19241
G1 X167.157 Y49.424 E2.20725
G1 X167.168 Y49.787 E2.22472
G1 X148.385 Y54.82 E3.15999
G1 X146.43 Y54.82 E3.25402
G1 X148.479 Y47.175 E3.6347
G1 X148.479 Y46.858 E3.64995
G1 X148.298 Y46.858 E3.65866
G1 X128.838 Y52.073 E4.62765
G1 X128.838 Y54.303 E4.73491
G1 X140.631 Y66.096 E5.53706
G1 X140.631 Y64.882 E5.59545
G1 X128.837 Y68.042 E6.18271
G1 X128.837 Y65.209 E6.31897
G1 X140.631 Y77.003 E7.12118
G1 E5.12118 F2400
G92 E0
G1 X140.631 Y83.164 F7800
G1 E2 F2400
G1 F1200
G1 X140.631 Y80.851 E2.11125
G1 X128.836 Y84.011 E2.69856
G1 X128.835 Y87.021 E2.84333
G1 X140.631 Y98.817 E3.64568
G1 X140.631 Y96.82 E3.74173
G1 X128.834 Y99.98 E4.32913
G1 X128.834 Y97.927 E4.42787
G1 X140.631 Y109.724 E5.23029
G1 X140.631 Y112.788 E5.37766
G1 X128.833 Y115.95 E5.96513
G1 X128.833 Y113.636 E6.07643
G1 E4.07643 F2400
G92 E0
G1 X128.832 Y119.739 F7800
G1 E2 F2400
G1 F1200
G1 X140.631 Y131.538 E2.80255
G1 X140.631 Y128.757 E2.93631
G1 X128.831 Y131.919 E3.52387
G1 X128.831 Y130.645 E3.58515
G1 X140.631 Y142.444 E4.38774
G1 X140.631 Y143.533 E4.44012
G1 X138.627 Y143.537 E4.53651
G1 X140.631 Y136.061 E4.90877
G1 X140.631 Y133.747 E5.02007
G1 E3.02007 F2400
G92 E0
G1 X127.422 Y134.392 F7800
G1 E2 F2400
G1 F1200
G1 X125.109 Y134.392 E2.11125
G1 X115.86 Y168.908 E3.82992
G1 X112.797 Y168.908 E3.97724
G1 X112.797 Y168.153 E4.01355
G1 X135.452 Y162.083 E5.14161
G1 X135.452 Y159.079 E5.28609
G1 X109.368 Y132.996 E7.06026
G1 E5.06026 F2400
G92 E0
G1 X109.368 Y126.836 F7800
G1 E2 F2400
G1 F1200
G1 X109.368 Y129.15 E2.1113
G1 X121.161 Y125.99 E2.69851
G1 X121.161 Y122.975 E2.84352
G1 X109.368 Y111.182 E3.64567
G1 X109.368 Y113.181 E3.74182
G1 X121.161 Y110.021 E4.32903
G1 X121.161 Y112.068 E4.42748
G1 X109.368 Y100.275 E5.22963
G1 X109.368 Y97.212 E5.37695
G1 X121.161 Y94.052 E5.96416
G1 X121.161 Y96.366 E6.07546
G1 E4.07546 F2400
G92 E0
G1 X121.161 Y90.254 F7800
G1 E2 F2400
G1 F1200
G1 X109.368 Y78.461 E2.80215
G1 X109.368 Y81.243 E2.93595
G1 X121.161 Y78.083 E3.52316
G1 X121.161 Y79.347 E3.58395
G1 X109.368 Y67.555 E4.38606
G1 X109.368 Y65.274 E4.49577
G1 X121.161 Y62.114 E5.08298
G1 X121.161 Y64.428 E5.19428
G1 E3.19428 F2400
G92 E0
G1 X121.161 Y51.816 F7800
G1 E2 F2400
G1 F1200
G1 X121.161 Y54.13 E2.1113
G1 X109.368 Y57.29 E2.69851
G1 X109.368 Y56.648 E2.72939
G1 X121.161 Y68.44 E3.5315
G1 X121.161 Y70.099 E3.61129
G1 X109.368 Y73.258 E4.19849
G1 E2.19849 F2400
G92 E0
G1 X109.368 Y76.256 F7800
G1 E2 F2400
G1 F1200
G1 X109.368 Y73.943 E2.11125
G1 X118.171 Y41.092 E3.74702
G1 X115.627 Y41.092 E3.86938
G1 X121.161 Y46.626 E4.2458
G1 X121.161 Y46.145 E4.26893
G1 X88.788 Y54.82 E5.8809
G1 X85.727 Y54.82 E6.02812
G1 X80.815 Y49.908 E6.36223
G1 X80.612 Y50.072 E6.37478
G1 X80.378 Y50.13 E6.38638
G1 X78.398 Y50.13 E6.48161
G1 X78.164 Y50.072 E6.49321
G1 X77.825 Y49.773 E6.51495
G1 X75.535 Y50.386 E6.62897
G1 E4.62897 F2400
G92 E0
G1 X78.226 Y48.494 F7800
G1 E2 F2400
G1 F1200
G1 X78.05 Y48.494 E2.00846
G1 X78.629 Y49.054 E2.0472
G1 X79.96 Y49.054 E2.11122
G1 X79.401 Y48.494 E2.14928
G1 X80.147 Y48.494 E2.18516
G1 X80.426 Y48.774 E2.20417
G1 X80.151 Y49.049 E2.22288
G1 X81.551 Y50.111 F7800
G1 F1200
G1 X81.847 Y50.103 E2.23712
G1 X82.006 Y50.015 E2.24586
G1 X82.324 Y50.13 E2.26212
G1 X83.811 Y50.13 E2.33364
G1 X82.555 Y54.82 E2.56716
G1 X75.535 Y54.82 E2.9048
G1 X75.535 Y51.217 E3.07809
G1 X78.248 Y41.092 E3.58225
G1 X75.935 Y41.092 E3.6935
G1 E1.6935 F2400
G92 E0
G1 X79.236 Y45.782 F7800
G1 E2 F2400
G1 F1200
G1 X77.584 Y45.809 E2.07947
G1 X77.345 Y45.969 E2.0933
G1 X77.214 Y46.307 E2.11073
G1 X75.535 Y44.628 E2.22493
G1 X75.535 Y42.402 E2.33199
G1 X80.422 Y41.092 E2.57534
G1 X82.906 Y41.092 E2.69481
G1 X88.993 Y47.179 E3.10884
G1 X89.036 Y46.769 E3.12867
G1 X87.779 Y47.105 E3.19125
G1 X87.779 Y49.054 E3.28499
G1 X88.391 Y49.081 E3.31445
G1 X88.63 Y49.241 E3.32828
G1 X88.733 Y49.424 E3.33838
G1 X88.759 Y49.632 E3.34846
G1 X88.63 Y49.943 E3.36465
G1 X88.465 Y50.072 E3.37472
G1 X88.231 Y50.13 E3.38632
G1 X86.25 Y50.13 E3.4816
G1 X86.017 Y50.072 E3.49315
G1 X85.852 Y49.943 E3.50322
G1 X85.723 Y49.632 E3.51941
G1 X85.748 Y49.424 E3.52949
G1 X85.852 Y49.241 E3.53961
G1 X86.091 Y49.081 E3.55344
G1 X86.702 Y49.054 E3.58286
G1 X86.702 Y47.394 E3.6627
G1 X85.489 Y47.719 E3.7231
G1 X85.485 Y46.926 E3.76124
G1 X85.374 Y46.647 E3.77568
G1 X85.487 Y46.36 E3.79052
G1 X85.461 Y46.152 E3.8006
G1 X85.301 Y45.913 E3.81443
G1 X84.976 Y45.784 E3.83125
G1 X86.233 Y41.092 E4.06488
G1 X88.547 Y41.092 E4.17618
G1 E2.17618 F2400
G92 E0
G1 X90.125 Y45.788 F7800
G1 E2 F2400
G1 F1200
G1 X92.158 Y45.782 E2.09778
G1 X92.423 Y45.861 E2.11108
G1 X110.22 Y41.092 E2.99725
G1 X106.508 Y54.82 E3.68123
G1 X107.54 Y54.82 E3.73087
G1 X102.851 Y50.13 E4.04984
G1 X101.956 Y50.13 E4.09289
G1 X101.638 Y50.015 E4.10915
G1 X101.27 Y50.128 E4.12767
G1 X101.068 Y50.072 E4.13775
G1 X100.903 Y49.943 E4.14782
G1 X100.774 Y49.632 E4.16401
G1 X100.887 Y49.265 E4.18248
G1 X100.772 Y48.946 E4.19879
G1 X100.772 Y48.051 E4.24184
G1 X99.579 Y46.858 E4.32299
G1 X100.657 Y46.858 E4.37484
G1 X98.524 Y54.82 E4.77129
G1 X96.633 Y54.82 E4.86224
G1 X91.944 Y50.13 E5.18121
G1 X91.796 Y50.13 E5.18833
G1 X90.539 Y54.82 E5.42186
G1 X92.853 Y54.82 E5.53316
G1 E3.53316 F2400
G92 E0
G1 X89.36 Y48.475 F7800
G1 E2 F2400
;TYPE:Solid infill
;WIDTH:0.409018
G1 F1200
G1 X89.36 Y46.981 E2.06422
G1 X89.546 Y46.718 E2.07807
;WIDTH:0.423865
G1 X90.104 Y46.196 E2.11233
G1 X90.364 Y46.147 E2.12419
;WIDTH:0.409826
G1 X92.008 Y46.15 E2.19502
;WIDTH:0.45
G1 X92.526 Y46.289 E2.22082
G1 X92.748 Y46.187 E2.23257
G1 X92.905 Y46.22 E2.24029
G1 X92.936 Y46.576 E2.25748
G1 X92.997 Y46.657 E2.26236
G1 X93.326 Y46.81 E2.27981
G1 X93.448 Y46.741 E2.28655
;WIDTH:0.42393
G1 X94.03 Y46.197 E2.32228
G1 X94.29 Y46.147 E2.33415
;WIDTH:0.409826
G1 X96.06 Y46.151 E2.41041
;WIDTH:0.41004
G1 X96.323 Y46.324 E2.42398
;WIDTH:0.410178
G1 X96.721 Y46.721 E2.44823
;WIDTH:0.45
G1 X96.893 Y46.779 E2.45696
G1 X97.182 Y46.63 E2.4726
;WIDTH:0.465203
G1 X97.228 Y46.479 E2.48049
;WIDTH:0.493013
G1 X97.273 Y46.328 E2.48891
G1 X97.342 Y46.205 E2.49645
G1 X97.583 Y46.176 E2.50943
;WIDTH:0.451367
G1 X97.825 Y46.148 E2.52119
;WIDTH:0.409722
G1 X100.712 Y46.151 E2.64554
;WIDTH:0.407702
G1 X100.807 Y46.23 E2.65083
;WIDTH:0.407247
G1 X100.839 Y46.363 E2.65668
;WIDTH:0.407105
G1 X100.924 Y46.554 E2.66562
;WIDTH:0.405282
G1 X100.852 Y46.509 E2.66923
;WIDTH:0.407702
G1 X100.631 Y46.494 E2.67872
;WIDTH:0.409722
G1 X97.825 Y46.493 E2.79958
;WIDTH:0.439469
G1 X97.753 Y46.508 E2.80302
;WIDTH:0.469217
G1 X97.681 Y46.523 E2.80673
G1 X97.572 Y46.656 E2.81541
;WIDTH:0.44746
G1 X97.538 Y46.973 E2.83064
;WIDTH:0.45
G1 X97.547 Y47.578 E2.85974
G1 X97.69 Y47.745 E2.87031
;WIDTH:0.444483
G1 X97.825 Y47.783 E2.87696
;WIDTH:0.410041
G1 X99.687 Y47.786 E2.95724
;WIDTH:0.406759
G1 X99.829 Y47.896 E2.96491
G1 X99.809 Y48.046 E2.97137
G1 X99.66 Y48.128 E2.97863
;WIDTH:0.410041
G1 X97.824 Y48.129 E3.05778
;WIDTH:0.444483
G1 X97.69 Y48.167 E3.06438
;WIDTH:0.45
G1 X97.593 Y48.26 E3.07084
G1 X97.537 Y48.396 E3.07791
G1 X97.554 Y49.591 E3.13539
;WIDTH:0.407108
G1 X97.474 Y49.726 E3.1421
G1 X97.324 Y49.746 E3.14857
G1 X97.242 Y49.65 E3.15397
;WIDTH:0.408094
G1 X97.21 Y49.399 E3.16482
;WIDTH:0.45
G1 X97.112 Y49.222 E3.17455
G1 X96.822 Y49.133 E3.18914
;WIDTH:0.435455
G1 X96.716 Y49.196 E3.19485
;WIDTH:0.42394
G1 X96.157 Y49.715 E3.22906
G1 X95.897 Y49.765 E3.24093
;WIDTH:0.409828
G1 X94.127 Y49.761 E3.31719
;WIDTH:0.410042
G1 X93.865 Y49.589 E3.3307
G1 X93.321 Y49.054 E3.36359
;WIDTH:0.441354
G1 X92.987 Y48.994 E3.37955
G1 X92.789 Y49.195 E3.39282
;WIDTH:0.423911
G1 X92.23 Y49.715 E3.42706
G1 X91.97 Y49.765 E3.43893
;WIDTH:0.409828
G1 X90.647 Y49.762 E3.49593
;WIDTH:0.45
G1 X90.141 Y49.719 E3.52035
G1 X89.788 Y49.624 E3.53793
G1 X89.623 Y49.701 E3.54669
G1 X89.478 Y49.725 E3.55376
G1 X89.388 Y49.593 E3.56144
G1 X89.5 Y49.335 E3.57497
G1 X89.398 Y48.969 E3.59324
;WIDTH:0.445176
G1 X89.375 Y48.667 E3.60762
;WIDTH:0.423086
G1 X89.705 Y48.475 E3.6247
;WIDTH:0.409018
G1 X89.705 Y47.152 E3.68157
;WIDTH:0.411346
G1 X89.76 Y46.993 E3.68885
;WIDTH:0.420298
G1 X90.243 Y46.535 E3.7184
G1 X90.364 Y46.493 E3.72409
;WIDTH:0.409826
G1 X91.686 Y46.494 E3.78105
;WIDTH:0.45
G1 X91.864 Y46.592 E3.79082
G1 X91.954 Y46.888 E3.8057
;WIDTH:0.437193
G1 X91.891 Y46.988 E3.8112
;WIDTH:0.411362
G1 X90.188 Y48.69 E3.9154
;WIDTH:0.45
G1 X90.035 Y48.746 E3.92324
G1 X89.791 Y48.643 E3.93598
G1 X90.382 Y49.024 E3.9698
;WIDTH:0.434695
G1 X90.443 Y48.924 E3.97521
;WIDTH:0.410042
G1 X92.135 Y47.232 E4.07837
;WIDTH:0.437193
G1 X92.235 Y47.169 E4.08387
;WIDTH:0.45
G1 X92.531 Y47.259 E4.09875
G1 X92.6 Y47.32 E4.10318
;WIDTH:0.432365
G1 X92.63 Y47.437 E4.10872
;WIDTH:0.410041
G1 X92.63 Y48.531 E4.15589
;WIDTH:0.436535
G1 X92.629 Y48.831 E4.16982
G1 X92.55 Y48.946 E4.1763
;WIDTH:0.420443
G1 X92.092 Y49.377 E4.20423
G1 X91.971 Y49.419 E4.20992
;WIDTH:0.409828
G1 X90.648 Y49.418 E4.26692
;WIDTH:0.45
G1 X90.47 Y49.32 E4.27669
G1 X90.437 Y49.209 E4.28226
G1 E2.28226 F2400
G92 E0
G1 X92.976 Y48.634 F7800
G1 E2 F2400
;WIDTH:0.410041
G1 F1200
G1 X92.976 Y47.437 E2.05161
;WIDTH:0.45
G1 X93.02 Y47.238 E2.06141
G1 X93.208 Y47.101 E2.0726
G1 X93.54 Y47.108 E2.08857
;WIDTH:0.422831
G1 X94.168 Y46.536 E2.12655
;WIDTH:0.420473
G1 X94.29 Y46.493 E2.1323
;WIDTH:0.409826
G1 X95.898 Y46.494 E2.20158
;WIDTH:0.419405
G1 X96.035 Y46.531 E2.20786
G1 X96.472 Y46.961 E2.23501
;WIDTH:0.435456
G1 X96.543 Y47.07 E2.24103
;WIDTH:0.45
G1 X96.566 Y47.352 E2.25464
G1 X96.425 Y47.534 E2.26571
G1 X95.428 Y47.805 E2.3154
G1 X95.289 Y47.9 E2.3235
G1 X95.318 Y48.054 E2.33104
G1 X95.43 Y48.116 E2.3372
G1 X96.364 Y48.349 E2.3835
G1 X96.536 Y48.505 E2.39467
G1 X96.575 Y48.648 E2.4018
G1 X96.543 Y48.842 E2.41126
;WIDTH:0.435455
G1 X96.477 Y48.946 E2.41696
;WIDTH:0.420535
G1 X96.018 Y49.377 E2.44493
G1 X95.897 Y49.419 E2.45062
;WIDTH:0.409828
G1 X94.29 Y49.418 E2.51986
;WIDTH:0.412661
G1 X94.131 Y49.364 E2.52715
G1 X93.613 Y48.851 E2.55882
;WIDTH:0.409108
G1 X93.458 Y48.766 E2.56642
;WIDTH:0.396609
G1 X93.161 Y48.74 E2.57877
;WIDTH:0.375693
G1 X93.144 Y48.73 E2.57954
G1 E.57954 F2400
G92 E0
G1 X96.541 Y47.956 F7800
G1 E2 F2400
;WIDTH:0.555005
G1 F1200
G1 X96.788 Y47.794 E2.01808
G1 X96.814 Y47.712 E2.02334
;WIDTH:0.508957
G1 X96.841 Y47.629 E2.02818
;WIDTH:0.46291
G1 X96.867 Y47.547 E2.03246
;WIDTH:0.416862
G1 X96.893 Y47.465 E2.03624
;WIDTH:0.370815
G1 X96.896 Y47.112 E2.04973
;WIDTH:0.352781
G1 X97.2 Y47.018 E2.06118
G1 X97.2 Y47.288 E2.07089
;WIDTH:0.393699
G1 X97.196 Y47.414 E2.07607
;WIDTH:0.435775
G1 X97.191 Y47.54 E2.08191
;WIDTH:0.477851
G1 X97.186 Y47.666 E2.08841
;WIDTH:0.519927
G1 X97.182 Y47.791 E2.09552
;WIDTH:0.555005
G1 X97.279 Y47.956 E2.10723
G1 X97.184 Y48.079 E2.11674
G1 X97.183 Y48.123 E2.11943
;WIDTH:0.521499
G1 X97.181 Y48.166 E2.12188
;WIDTH:0.487994
G1 X97.18 Y48.209 E2.12415
;WIDTH:0.454489
G1 X97.186 Y48.437 E2.13525
;WIDTH:0.420406
G1 X97.192 Y48.665 E2.14538
;WIDTH:0.386323
G1 X97.198 Y48.893 E2.15454
;WIDTH:0.352241
G1 X96.895 Y48.8 E2.16592
;WIDTH:0.371276
G1 X96.892 Y48.445 E2.17951
;WIDTH:0.417208
G1 X96.866 Y48.363 E2.1833
;WIDTH:0.46314
G1 X96.84 Y48.282 E2.18753
;WIDTH:0.509072
G1 X96.814 Y48.2 E2.1923
;WIDTH:0.555005
G1 X96.788 Y48.118 E2.19756
G1 X96.702 Y48.062 E2.20384
G1 E.20384 F2400
G92 E0
G1 X101.139 Y48.475 F7800
G1 E2 F2400
;WIDTH:0.409018
G1 F1200
G1 X101.139 Y47.152 E2.05687
;WIDTH:0.426975
G1 X101.201 Y46.807 E2.07272
G1 X101.325 Y46.716 E2.07968
;WIDTH:0.423933
G1 X101.883 Y46.197 E2.11385
G1 X102.143 Y46.147 E2.12572
;WIDTH:0.409827
G1 X103.466 Y46.15 E2.18272
;WIDTH:0.45
G1 X103.972 Y46.193 E2.20714
G1 X104.326 Y46.288 E2.22477
G1 X104.527 Y46.187 E2.23559
G1 X104.66 Y46.204 E2.24204
G1 X104.725 Y46.319 E2.24839
G1 X104.614 Y46.577 E2.2619
G1 X104.715 Y46.943 E2.28016
;WIDTH:0.445175
G1 X104.754 Y47.437 E2.3037
;WIDTH:0.409019
G1 X104.754 Y48.931 E2.36792
;WIDTH:0.409148
G1 X104.568 Y49.194 E2.38177
;WIDTH:0.423412
G1 X104.011 Y49.715 E2.41592
G1 X103.75 Y49.763 E2.4278
;WIDTH:0.409019
G1 X102.428 Y49.763 E2.48463
;WIDTH:0.45
G1 X101.935 Y49.723 E2.50842
G1 X101.567 Y49.624 E2.52675
G1 X101.402 Y49.701 E2.53551
G1 X101.257 Y49.725 E2.54258
G1 X101.167 Y49.593 E2.55026
G1 X101.279 Y49.335 E2.56379
G1 X101.177 Y48.969 E2.58206
;WIDTH:0.445176
G1 X101.154 Y48.667 E2.59644
;WIDTH:0.423086
G1 X101.484 Y48.475 E2.61352
;WIDTH:0.409018
G1 X101.484 Y47.152 E2.67039
;WIDTH:0.411484
G1 X101.545 Y46.985 E2.67809
;WIDTH:0.420519
G1 X102.022 Y46.535 E2.70722
G1 X102.143 Y46.493 E2.71291
;WIDTH:0.409827
G1 X103.466 Y46.494 E2.76991
;WIDTH:0.45
G1 X103.643 Y46.592 E2.77964
G1 X103.732 Y46.888 E2.79451
;WIDTH:0.434695
G1 X103.67 Y46.988 E2.79994
;WIDTH:0.411363
G1 X101.968 Y48.69 E2.90411
;WIDTH:0.45
G1 X101.814 Y48.746 E2.91199
G1 X101.571 Y48.643 E2.92468
G1 X102.161 Y49.024 E2.95846
;WIDTH:0.434696
G1 X102.223 Y48.924 E2.96389
;WIDTH:0.411362
G1 X103.925 Y47.222 E3.06806
;WIDTH:0.45
G1 X104.079 Y47.166 E3.07594
G1 X104.334 Y47.274 E3.08926
;WIDTH:0.445175
G1 X104.409 Y47.437 E3.09778
;WIDTH:0.409019
G1 X104.409 Y48.76 E3.15465
;WIDTH:0.411628
G1 X104.354 Y48.919 E3.16194
;WIDTH:0.421482
G1 X103.871 Y49.377 E3.19159
G1 X103.75 Y49.419 E3.19729
;WIDTH:0.409019
G1 X102.428 Y49.419 E3.25412
;WIDTH:0.45
G1 X102.25 Y49.32 E3.26392
G1 X102.216 Y49.209 E3.2695
G1 E1.2695 F2400
G92 E0
G1 X104.16 Y46.663 F7800
G1 E2 F2400
;WIDTH:0.581545
G1 F1200
G1 X104.114 Y46.709 E2.0042
G1 X104.131 Y46.771 E2.00835
G1 X104.193 Y46.788 E2.0125
G1 X104.239 Y46.742 E2.0167
G1 X104.222 Y46.68 E2.02085
G1 E.02085 F2400
G92 E0
G1 X92.954 Y45.806 F7800
G1 E2 F2400
;TYPE:Internal infill
;WIDTH:0.45
G1 F1200
G1 X94.217 Y41.092 E2.23472
G1 X93.813 Y41.092 E2.25415
G1 X98.502 Y45.782 E2.57312
G1 X100.665 Y45.782 E2.67715
G1 X100.925 Y45.858 E2.69018
G1 X102.202 Y41.092 E2.92749
G1 X104.72 Y41.092 E3.0486
G1 X121.161 Y57.533 E4.1669
G1 X121.161 Y59.732 E4.27266
G1 X109.368 Y103.741 E6.46402
G1 X109.368 Y105.196 E6.534
G1 X121.161 Y102.037 E7.1212
G1 X121.161 Y101.161 E7.16333
G1 X109.368 Y89.368 E7.96548
G1 X109.368 Y89.227 E7.97226
G1 X121.161 Y86.068 E8.55946
G1 X121.161 Y89.53 E8.72597
G1 X109.368 Y133.539 E10.91733
G1 X109.368 Y137.134 E11.09024
G1 X121.427 Y133.903 E11.69069
G1 E9.69069 F2400
G92 E0
G1 X147.227 Y46.38 F7800
G1 E2 F2400
;TYPE:Solid infill
;WIDTH:0.406774
G1 F1200
G1 X147.247 Y46.23 E2.00646
G1 X147.395 Y46.148 E2.01369
;WIDTH:0.409019
G1 X148.578 Y46.149 E2.06454
;WIDTH:0.447253
G1 X148.717 Y46.168 E2.07124
;WIDTH:0.485487
G1 X148.857 Y46.187 E2.07866
;WIDTH:0.523721
G1 X148.996 Y46.206 E2.0867
G1 X149.15 Y46.187 E2.09559
;WIDTH:0.485486
G1 X149.304 Y46.168 E2.10374
;WIDTH:0.447252
G1 X149.458 Y46.149 E2.11115
;WIDTH:0.409018
G1 X150.62 Y46.149 E2.1611
G1 X150.918 Y46.268 E2.17489
;WIDTH:0.445589
G1 X150.922 Y46.286 E2.17577
;WIDTH:0.48216
G1 X150.927 Y46.304 E2.17674
;WIDTH:0.518732
G1 X150.931 Y46.323 E2.17784
G1 X151.029 Y46.323 E2.18339
G1 X151.246 Y46.227 E2.19684
;WIDTH:0.513624
G1 X151.414 Y46.2 E2.20637
;WIDTH:0.478989
G1 X151.581 Y46.174 E2.21511
;WIDTH:0.444355
G1 X151.748 Y46.148 E2.22312
;WIDTH:0.409721
G1 X154.635 Y46.151 E2.34747
;WIDTH:0.407703
G1 X154.73 Y46.23 E2.35276
;WIDTH:0.407248
G1 X154.763 Y46.363 E2.35862
;WIDTH:0.407106
G1 X154.847 Y46.554 E2.36754
;WIDTH:0.405282
G1 X154.776 Y46.509 E2.37111
;WIDTH:0.407703
G1 X154.554 Y46.494 E2.38064
;WIDTH:0.409721
G1 X151.748 Y46.493 E2.5015
;WIDTH:0.444355
G1 X151.67 Y46.523 E2.50546
;WIDTH:0.478989
G1 X151.592 Y46.553 E2.50978
;WIDTH:0.513624
G1 X151.513 Y46.582 E2.5145
G1 X151.502 Y46.642 E2.51792
;WIDTH:0.479096
G1 X151.491 Y46.701 E2.52102
;WIDTH:0.444568
G1 X151.48 Y46.761 E2.52391
;WIDTH:0.410041
G1 X151.48 Y47.515 E2.55642
;WIDTH:0.453588
G1 X151.514 Y47.616 E2.56159
;WIDTH:0.497135
G1 X151.547 Y47.716 E2.56727
G1 X151.648 Y47.75 E2.57302
;WIDTH:0.453588
G1 X151.748 Y47.783 E2.57813
;WIDTH:0.410041
G1 X153.91 Y47.787 E2.67134
G1 X154.173 Y47.96 E2.68491
;WIDTH:0.452238
G1 X154.341 Y48.129 E2.69644
;WIDTH:0.494435
G1 X154.509 Y48.297 E2.70918
;WIDTH:0.536632
G1 X154.676 Y48.466 E2.72317
G1 X154.842 Y48.379 E2.73421
;WIDTH:0.487588
G1 X155.007 Y48.292 E2.74406
;WIDTH:0.438544
G1 X155.061 Y48.148 E2.75124
;WIDTH:0.41004
G1 X155.064 Y47.152 E2.79418
;WIDTH:0.427399
G1 X155.125 Y46.809 E2.80995
G1 X155.248 Y46.716 E2.81693
;WIDTH:0.423933
G1 X155.806 Y46.197 E2.8511
G1 X156.067 Y46.147 E2.86302
;WIDTH:0.409826
G1 X157.713 Y46.15 E2.93394
;WIDTH:0.45
G1 X158.212 Y46.287 E2.95883
G1 X158.411 Y46.213 E2.96904
G1 X158.559 Y46.187 E2.97627
G1 X158.633 Y46.28 E2.98199
G1 X158.626 Y46.474 E2.99133
G1 X158.674 Y46.633 E2.99932
G1 X158.938 Y46.787 E3.01402
G1 X159.079 Y46.792 E3.02081
;WIDTH:0.428102
G1 X159.174 Y46.716 E3.02633
;WIDTH:0.423932
G1 X159.733 Y46.197 E3.06054
G1 X159.993 Y46.147 E3.07241
;WIDTH:0.409826
G1 X161.641 Y46.15 E3.14342
;WIDTH:0.45
G1 X162.12 Y46.284 E3.16734
;WIDTH:0.454923
G1 X162.435 Y46.19 E3.18335
G1 X162.598 Y46.256 E3.19192
;WIDTH:0.489078
G1 X162.703 Y46.291 E3.19778
;WIDTH:0.523233
G1 X162.809 Y46.325 E3.20415
;WIDTH:0.532593
G1 X163.103 Y46.229 E3.22221
G1 X163.187 Y46.296 E3.22848
G1 X163.289 Y46.445 E3.23902
;WIDTH:0.491742
G1 X163.39 Y46.594 E3.24861
;WIDTH:0.450891
G1 X163.491 Y46.743 E3.25729
;WIDTH:0.410043
G1 X164.468 Y48.696 E3.35144
;WIDTH:0.448994
G1 X164.623 Y48.811 E3.3607
;WIDTH:0.45
G1 X164.823 Y48.812 E3.37032
G1 X164.977 Y48.696 E3.37959
;WIDTH:0.409208
G1 X166.199 Y46.252 E3.49711
;WIDTH:0.407577
G1 X166.362 Y46.155 E3.50523
G1 X166.493 Y46.23 E3.51169
G1 X166.512 Y46.393 E3.51871
;WIDTH:0.409208
G1 X165.285 Y48.85 E3.63683
;WIDTH:0.45
G1 X164.89 Y49.597 E3.67747
G1 X164.778 Y49.724 E3.68561
G1 X164.618 Y49.692 E3.69346
G1 X164.159 Y48.851 E3.73954
;WIDTH:0.410043
G1 X163.182 Y46.897 E3.83373
;WIDTH:0.450891
G1 X163.131 Y46.845 E3.83724
;WIDTH:0.491742
G1 X163.081 Y46.793 E3.84109
;WIDTH:0.532593
G1 X163.031 Y46.74 E3.84535
G1 X162.728 Y46.823 E3.8637
;WIDTH:0.497436
G1 X162.603 Y46.953 E3.87344
;WIDTH:0.45
G1 X162.604 Y47.438 E3.89677
;WIDTH:0.40954
G1 X162.601 Y48.936 E3.96126
;WIDTH:0.409692
G1 X162.418 Y49.195 E3.97492
;WIDTH:0.423913
G1 X161.859 Y49.715 E4.00916
G1 X161.599 Y49.765 E4.02103
;WIDTH:0.409828
G1 X159.955 Y49.762 E4.09186
;WIDTH:0.45
G1 X159.437 Y49.623 E4.11766
G1 X159.255 Y49.699 E4.12715
G1 X159.107 Y49.725 E4.13438
G1 X159.033 Y49.632 E4.1401
G1 X159.04 Y49.438 E4.14944
G1 X158.992 Y49.279 E4.15743
G1 X158.728 Y49.125 E4.17213
G1 X158.587 Y49.119 E4.17892
;WIDTH:0.429336
G1 X158.492 Y49.196 E4.18449
;WIDTH:0.423932
G1 X157.933 Y49.715 E4.2187
G1 X157.673 Y49.765 E4.23057
;WIDTH:0.409828
G1 X156.029 Y49.762 E4.3014
;WIDTH:0.45
G1 X155.511 Y49.623 E4.3272
G1 X155.289 Y49.725 E4.33895
G1 X155.132 Y49.692 E4.34667
G1 X155.101 Y49.336 E4.36386
;WIDTH:0.483966
G1 X154.977 Y49.241 E4.37203
;WIDTH:0.517932
G1 X154.852 Y49.146 E4.38091
;WIDTH:0.551899
G1 X154.727 Y49.052 E4.39042
G1 X154.666 Y49.107 E4.39541
;WIDTH:0.504596
G1 X154.604 Y49.163 E4.4
;WIDTH:0.457294
G1 X154.543 Y49.218 E4.40403
;WIDTH:0.423934
G1 X154.007 Y49.715 E4.43681
G1 X153.747 Y49.765 E4.44868
;WIDTH:0.409828
G1 X151.965 Y49.761 E4.52546
G1 X151.714 Y49.588 E4.53859
G1 X151.222 Y49.094 E4.56863
;WIDTH:0.409094
G1 X151.143 Y48.941 E4.57603
G1 X151.182 Y48.847 E4.58041
G1 X151.323 Y48.765 E4.58742
G1 X151.466 Y48.851 E4.59459
;WIDTH:0.412467
G1 X151.98 Y49.364 E4.62612
G1 X152.139 Y49.418 E4.63341
;WIDTH:0.409828
G1 X153.747 Y49.419 E4.70269
;WIDTH:0.42053
G1 X153.868 Y49.377 E4.70838
G1 X154.327 Y48.944 E4.73641
;WIDTH:0.46145
G1 X154.363 Y48.884 E4.73988
;WIDTH:0.510937
G1 X154.399 Y48.823 E4.74383
;WIDTH:0.560424
G1 X154.435 Y48.762 E4.74821
G1 X154.404 Y48.718 E4.75154
;WIDTH:0.522828
G1 X154.372 Y48.673 E4.7547
;WIDTH:0.485232
G1 X154.341 Y48.629 E4.75753
;WIDTH:0.447636
G1 X154.309 Y48.585 E4.76013
;WIDTH:0.419407
G1 X153.885 Y48.167 E4.78649
G1 X153.747 Y48.13 E4.79282
;WIDTH:0.410041
G1 X151.747 Y48.129 E4.87905
;WIDTH:0.453588
G1 X151.531 Y48.102 E4.88962
;WIDTH:0.497135
G1 X151.315 Y48.075 E4.90137
G1 X151.194 Y47.997 E4.90914
G1 X151.164 Y47.756 E4.92225
;WIDTH:0.453588
G1 X151.135 Y47.515 E4.93403
;WIDTH:0.446271
G1 X151.137 Y47.206 E4.94875
;WIDTH:0.482501
G1 X151.139 Y46.897 E4.96486
;WIDTH:0.518732
G1 X151.142 Y46.588 E4.98237
G1 X150.916 Y46.415 E4.9985
G1 X150.906 Y46.431 E4.99957
;WIDTH:0.48216
G1 X150.896 Y46.447 E5.00055
;WIDTH:0.445589
G1 X150.886 Y46.463 E5.00145
;WIDTH:0.409018
G1 X150.62 Y46.493 E5.01296
G1 X149.43 Y46.493 E5.06411
;WIDTH:0.447252
G1 X149.354 Y46.528 E5.06811
;WIDTH:0.485486
G1 X149.277 Y46.563 E5.07255
;WIDTH:0.523721
G1 X149.2 Y46.598 E5.0774
G1 X149.197 Y46.652 E5.0805
;WIDTH:0.485828
G1 X149.193 Y46.706 E5.08335
;WIDTH:0.447935
G1 X149.19 Y46.76 E5.08594
;WIDTH:0.410042
G1 X149.187 Y49.544 E5.20597
;WIDTH:0.406708
G1 X149.137 Y49.706 E5.21321
G1 X149.041 Y49.746 E5.21765
G1 X148.898 Y49.707 E5.22398
G1 X148.845 Y49.544 E5.2313
;WIDTH:0.448684
G1 X148.844 Y48.564 E5.27827
;WIDTH:0.490661
G1 X148.844 Y47.583 E5.33043
;WIDTH:0.532638
G1 X148.844 Y46.603 E5.38767
G1 X148.782 Y46.563 E5.39198
;WIDTH:0.500393
G1 X148.719 Y46.523 E5.39604
;WIDTH:0.468149
G1 X148.648 Y46.508 E5.39969
;WIDTH:0.438584
G1 X148.577 Y46.493 E5.40308
;WIDTH:0.409019
G1 X147.382 Y46.49 E5.45445
G1 E3.45445 F2400
G92 E0
G1 X155.029 Y48.761 F7800
G1 E2 F2400
;WIDTH:0.56814
G1 F1200
G1 X155.279 Y48.962 E2.02016
;WIDTH:0.601783
G1 X155.529 Y49.162 E2.04162
G1 X155.639 Y49.186 E2.04917
G1 X155.405 Y47.345 F7800
;WIDTH:0.438544
G1 F1200
G1 X155.392 Y48.475 E2.10191
;WIDTH:0.45
G1 X155.45 Y48.618 E2.10933
G1 X155.737 Y48.746 E2.12444
G1 X155.902 Y48.68 E2.13299
;WIDTH:0.410043
G1 X157.594 Y46.988 E2.23615
;WIDTH:0.434696
G1 X157.655 Y46.888 E2.24156
;WIDTH:0.45
G1 X157.567 Y46.592 E2.25641
G1 X157.389 Y46.494 E2.26618
;WIDTH:0.409826
G1 X156.066 Y46.493 E2.32318
;WIDTH:0.420518
G1 X155.945 Y46.535 E2.32887
G1 X155.468 Y46.985 E2.358
;WIDTH:0.411485
G1 X155.408 Y47.152 E2.36568
G1 E.36568 F2400
G92 E0
G1 X156.08 Y49.088 F7800
G1 E2 F2400
;WIDTH:0.45
G1 F1200
G1 X156.146 Y48.924 E2.0085
;WIDTH:0.411363
G1 X157.849 Y47.222 E2.1127
;WIDTH:0.45
G1 X158.018 Y47.17 E2.1212
G1 X158.289 Y47.294 E2.13553
G1 X158.353 Y47.437 E2.14307
G1 X158.353 Y48.76 E2.2067
G1 X158.253 Y48.946 E2.21686
;WIDTH:0.420516
G1 X157.794 Y49.377 E2.24483
G1 X157.673 Y49.419 E2.25052
;WIDTH:0.409828
G1 X156.351 Y49.418 E2.30748
;WIDTH:0.45
G1 X156.183 Y49.341 E2.31637
G1 X156.153 Y49.267 E2.32021
G1 E.32021 F2400
G92 E0
G1 X158.1 Y46.726 F7800
G1 E2 F2400
;WIDTH:0.601801
G1 F1200
G1 X158.211 Y46.75 E2.00761
G1 X158.732 Y47.173 E2.05259
;WIDTH:0.595938
G1 X158.782 Y47.226 E2.05742
;WIDTH:0.638865
G1 X158.833 Y47.28 E2.06274
G1 X158.833 Y48.475 E2.14837
;WIDTH:0.660007
G1 X158.844 Y48.643 E2.16088
G1 X158.953 Y48.736 E2.17152
;WIDTH:0.610698
G1 X159.063 Y48.829 E2.18134
;WIDTH:0.561389
G1 X159.172 Y48.922 E2.19022
;WIDTH:0.51208
G1 X159.282 Y49.015 E2.19826
;WIDTH:0.509134
G1 X159.34 Y49.064 E2.20247
;WIDTH:0.555497
G1 X159.398 Y49.113 E2.20712
;WIDTH:0.601861
G1 X159.455 Y49.162 E2.21216
G1 X159.566 Y49.186 E2.21977
G1 X159.313 Y47.345 F7800
;WIDTH:0.45
G1 F1200
G1 X159.313 Y48.475 E2.27412
G1 X159.377 Y48.618 E2.28166
G1 X159.663 Y48.746 E2.29673
G1 X159.828 Y48.68 E2.30528
;WIDTH:0.410042
G1 X161.52 Y46.988 E2.40844
;WIDTH:0.437192
G1 X161.583 Y46.888 E2.41394
;WIDTH:0.45
G1 X161.493 Y46.592 E2.42882
G1 X161.315 Y46.494 E2.43859
;WIDTH:0.409826
G1 X159.948 Y46.493 E2.49749
;WIDTH:0.420519
G1 X159.872 Y46.535 E2.50135
G1 X159.413 Y46.966 E2.52932
;WIDTH:0.45
G1 X159.313 Y47.152 E2.53948
G1 X160.01 Y49.024 F7800
;WIDTH:0.437194
G1 F1200
G1 X160.072 Y48.924 E2.54495
;WIDTH:0.410042
G1 X161.764 Y47.232 E2.64811
;WIDTH:0.45
G1 X161.929 Y47.166 E2.65666
G1 X162.18 Y47.271 E2.66975
;WIDTH:0.44666
G1 X162.259 Y47.437 E2.67852
;WIDTH:0.40954
G1 X162.258 Y48.76 E2.73548
;WIDTH:0.412209
G1 X162.204 Y48.92 E2.74281
;WIDTH:0.420452
G1 X161.721 Y49.377 E2.77234
G1 X161.6 Y49.419 E2.77803
;WIDTH:0.409828
G1 X160.277 Y49.418 E2.83503
;WIDTH:0.45
G1 X160.099 Y49.32 E2.8448
G1 X160.066 Y49.209 E2.85037
G1 E.85037 F2400
G92 E0
G1 X162.027 Y46.726 F7800
G1 E2 F2400
;WIDTH:0.616995
G1 F1200
G1 X162.176 Y46.758 E2.0105
G1 E.0105 F2400
G92 E0
G1 X158.986 Y46.078 F7800
G1 E2 F2400
;TYPE:Internal infill
;WIDTH:0.45
G1 F1200
G1 X158.857 Y45.913 E2.01007
G1 X158.546 Y45.784 E2.02626
G1 X158.179 Y45.897 E2.04473
G1 X157.86 Y45.782 E2.06104
G1 X156.836 Y45.782 E2.11029
G1 X158.093 Y41.092 E2.34382
G1 X159.255 Y41.092 E2.39971
G1 X165.332 Y47.169 E2.81306
G1 X164.723 Y48.388 E2.8786
G1 X164.332 Y47.607 E2.92061
G1 X166.077 Y41.092 E3.245
G1 X163.764 Y41.092 E3.35625
G1 E1.35625 F2400
G92 E0
G1 X167.528 Y47.059 F7800
G1 E2 F2400
;TYPE:Solid infill
;WIDTH:0.392356
G1 F1200
G1 X167.508 Y46.91 E2.00615
;WIDTH:0.409769
G1 X167.854 Y46.643 E2.02498
;WIDTH:0.455122
G1 X168.045 Y46.546 E2.03542
;WIDTH:0.500476
G1 X168.236 Y46.449 E2.04707
;WIDTH:0.54583
G1 X168.426 Y46.352 E2.05988
;WIDTH:0.591184
G1 X168.617 Y46.256 E2.07393
G1 X168.716 Y46.295 E2.08092
G1 X168.731 Y46.662 E2.10505
G1 X168.754 Y46.789 E2.11353
;WIDTH:0.545898
G1 X168.777 Y46.917 E2.12134
;WIDTH:0.500612
G1 X168.799 Y47.044 E2.12835
;WIDTH:0.455326
G1 X168.822 Y47.171 E2.13464
;WIDTH:0.450905
G1 X168.822 Y47.884 E2.16901
;WIDTH:0.491771
G1 X168.822 Y48.597 E2.20702
;WIDTH:0.532637
G1 X168.822 Y49.309 E2.2486
G1 X168.884 Y49.349 E2.25291
;WIDTH:0.500393
G1 X168.947 Y49.389 E2.25697
;WIDTH:0.468149
G1 X169.017 Y49.404 E2.26058
;WIDTH:0.438586
G1 X169.088 Y49.419 E2.26397
;WIDTH:0.409024
G1 X169.66 Y49.436 E2.28857
;WIDTH:0.406953
G1 X169.785 Y49.532 E2.2953
G1 X169.765 Y49.682 E2.30177
G1 X169.617 Y49.764 E2.309
;WIDTH:0.409024
G1 X169.087 Y49.763 E2.33178
;WIDTH:0.447256
G1 X168.948 Y49.744 E2.33848
;WIDTH:0.485488
G1 X168.809 Y49.725 E2.34585
;WIDTH:0.523721
G1 X168.67 Y49.706 E2.35389
G1 X168.536 Y49.725 E2.36164
;WIDTH:0.486357
G1 X168.402 Y49.743 E2.36876
;WIDTH:0.448993
G1 X168.268 Y49.762 E2.37525
;WIDTH:0.411629
G1 X167.716 Y49.764 E2.39916
;WIDTH:0.408118
G1 X167.553 Y49.711 E2.40651
G1 X167.514 Y49.617 E2.41087
G1 X167.553 Y49.473 E2.41727
G1 X167.715 Y49.42 E2.42458
;WIDTH:0.411629
G1 X168.238 Y49.417 E2.44723
;WIDTH:0.448993
G1 X168.314 Y49.383 E2.45122
;WIDTH:0.486357
G1 X168.39 Y49.348 E2.45562
;WIDTH:0.523721
G1 X168.466 Y49.314 E2.46039
G1 X168.469 Y49.265 E2.4632
;WIDTH:0.486267
G1 X168.473 Y49.216 E2.46579
;WIDTH:0.448813
G1 X168.476 Y49.167 E2.46814
;WIDTH:0.411359
G1 X168.476 Y47.171 E2.55452
;WIDTH:0.451384
G1 X168.456 Y47.102 E2.55799
;WIDTH:0.492728
G1 X168.435 Y47.033 E2.56184
;WIDTH:0.534072
G1 X168.414 Y46.964 E2.56607
;WIDTH:0.562628
G1 X168.379 Y46.929 E2.56915
;WIDTH:0.591184
G1 X168.344 Y46.894 E2.5724
G1 X168.293 Y46.884 E2.57581
;WIDTH:0.561777
G1 X168.243 Y46.874 E2.57897
;WIDTH:0.532371
G1 X168.175 Y46.894 E2.58311
;WIDTH:0.491503
G1 X168.108 Y46.913 E2.58682
;WIDTH:0.450636
G1 X168.041 Y46.933 E2.59019
;WIDTH:0.409769
G1 X167.772 Y47.111 E2.60409
;WIDTH:0.392356
G1 X167.688 Y47.123 E2.60756
G1 E.60756 F2400
G92 E0
G1 X174.465 Y43.003 F7800
G1 E2 F2400
;TYPE:Internal infill
;WIDTH:0.45
G1 F1200
G1 X174.465 Y41.092 E2.09191
G1 X174.062 Y41.092 E2.11129
G1 X170.384 Y54.82 E2.79485
G1 X172.982 Y54.82 E2.9198
G1 X168.293 Y50.13 E3.23877
G1 X169.799 Y50.103 E3.31122
G1 X170.038 Y49.943 E3.32505
G1 X170.167 Y49.632 E3.34124
G1 X170.111 Y49.35 E3.35507
G1 X169.982 Y49.185 E3.36514
G1 X169.8 Y49.082 E3.3752
G1 X174.465 Y47.832 E3.60749
G1 X174.465 Y45.395 E3.7247
G1 X170.162 Y41.092 E4.01739
G1 X169.817 Y41.092 E4.03398
G1 X152.317 Y45.782 E4.90537
G1 X151.299 Y45.782 E4.95433
G1 X150.98 Y45.897 E4.97064
G1 X150.662 Y45.782 E4.9869
G1 X148.852 Y45.782 E5.07395
G1 X150.108 Y41.092 E5.30747
G1 X148.348 Y41.092 E5.39212
G1 X153.037 Y45.782 E5.71109
G1 X154.114 Y46.858 F7800
G1 F1200
G1 X154.695 Y47.44 E5.75064
G1 X156.307 Y47.757 F7800
G1 F1200
G1 X156.548 Y46.858 E5.79541
G1 E3.79541 F2400
G92 E0
G1 X86.12 Y47.059 F7800
G1 E2 F2400
;TYPE:Solid infill
;WIDTH:0.392355
G1 F1200
G1 X86.1 Y46.91 E2.00615
;WIDTH:0.409768
G1 X86.446 Y46.643 E2.02498
;WIDTH:0.455122
G1 X86.637 Y46.546 E2.03542
;WIDTH:0.500476
G1 X86.828 Y46.449 E2.04707
;WIDTH:0.54583
G1 X87.018 Y46.352 E2.05988
;WIDTH:0.591184
G1 X87.209 Y46.256 E2.07393
G1 X87.308 Y46.295 E2.08092
G1 X87.323 Y46.662 E2.10505
G1 X87.346 Y46.789 E2.11353
;WIDTH:0.545899
G1 X87.368 Y46.917 E2.12133
;WIDTH:0.500613
G1 X87.391 Y47.044 E2.12835
;WIDTH:0.455327
G1 X87.414 Y47.171 E2.13464
;WIDTH:0.450907
G1 X87.414 Y47.884 E2.16901
;WIDTH:0.491773
G1 X87.414 Y48.597 E2.20702
;WIDTH:0.532639
G1 X87.414 Y49.309 E2.2486
G1 X87.476 Y49.349 E2.25291
;WIDTH:0.500394
G1 X87.539 Y49.389 E2.25697
;WIDTH:0.46815
G1 X87.609 Y49.404 E2.26058
;WIDTH:0.438587
G1 X87.68 Y49.419 E2.26397
;WIDTH:0.409024
G1 X88.252 Y49.436 E2.28857
;WIDTH:0.406952
G1 X88.376 Y49.532 E2.29527
G1 X88.357 Y49.682 E2.30173
G1 X88.209 Y49.764 E2.30896
;WIDTH:0.409024
G1 X87.678 Y49.763 E2.33179
;WIDTH:0.447256
G1 X87.54 Y49.744 E2.33844
;WIDTH:0.485489
G1 X87.401 Y49.725 E2.34581
;WIDTH:0.523722
G1 X87.262 Y49.706 E2.35385
G1 X87.128 Y49.725 E2.3616
;WIDTH:0.486358
G1 X86.994 Y49.743 E2.36872
;WIDTH:0.448994
G1 X86.86 Y49.762 E2.37521
;WIDTH:0.411631
G1 X86.308 Y49.764 E2.39912
;WIDTH:0.40812
G1 X86.145 Y49.711 E2.40647
G1 X86.106 Y49.617 E2.41083
G1 X86.145 Y49.473 E2.41723
G1 X86.307 Y49.42 E2.42454
;WIDTH:0.411631
G1 X86.83 Y49.417 E2.44719
;WIDTH:0.451967
G1 X86.91 Y49.381 E2.45143
;WIDTH:0.492303
G1 X86.989 Y49.345 E2.45606
;WIDTH:0.532639
G1 X87.068 Y49.309 E2.46113
G1 X87.068 Y48.597 E2.50271
;WIDTH:0.491773
G1 X87.068 Y47.884 E2.54072
;WIDTH:0.450907
G1 X87.068 Y47.171 E2.57509
;WIDTH:0.451385
G1 X87.047 Y47.102 E2.57857
;WIDTH:0.492729
G1 X87.027 Y47.033 E2.58241
;WIDTH:0.534074
G1 X87.006 Y46.964 E2.58664
;WIDTH:0.562629
G1 X86.971 Y46.929 E2.58972
;WIDTH:0.591184
G1 X86.935 Y46.894 E2.59302
G1 X86.885 Y46.884 E2.59637
;WIDTH:0.561777
G1 X86.834 Y46.874 E2.59959
;WIDTH:0.53237
G1 X86.767 Y46.894 E2.60367
;WIDTH:0.491502
G1 X86.7 Y46.913 E2.60738
;WIDTH:0.450635
G1 X86.633 Y46.933 E2.61075
;WIDTH:0.409768
G1 X86.364 Y47.111 E2.62465
;WIDTH:0.392355
G1 X86.28 Y47.123 E2.62812
G1 X84.412 Y47.695 F7800
;TYPE:Internal infill
;WIDTH:0.45
G1 F1200
G1 X84.412 Y47.62 E2.63173
G1 X83.882 Y48.15 E2.66778
G1 X84.412 Y48.008 E2.69417
G1 X84.412 Y47.888 E2.69994
G1 X84.073 Y49.054 E2.75834
G1 X82.978 Y49.054 E2.81101
G1 X83.746 Y48.286 E2.86325
G1 E.86325 F2400
G92 E0
G1 X77.58 Y47.515 F7800
G1 E2 F2400
;TYPE:Solid infill
;WIDTH:0.409411
G1 F1200
G1 X77.582 Y46.76 E2.03249
;WIDTH:0.452059
G1 X77.604 Y46.545 E2.04294
;WIDTH:0.495792
G1 X77.627 Y46.331 E2.05452
G1 X77.7 Y46.214 E2.06194
G1 X77.946 Y46.181 E2.0753
;WIDTH:0.452756
G1 X78.193 Y46.148 E2.08737
;WIDTH:0.409721
G1 X81.08 Y46.151 E2.21172
;WIDTH:0.407702
G1 X81.175 Y46.23 E2.21701
;WIDTH:0.407247
G1 X81.207 Y46.363 E2.22286
;WIDTH:0.407105
G1 X81.292 Y46.554 E2.2318
;WIDTH:0.405282
G1 X81.22 Y46.509 E2.23541
;WIDTH:0.407702
G1 X80.999 Y46.494 E2.2449
;WIDTH:0.409721
G1 X78.193 Y46.493 E2.36576
;WIDTH:0.452756
G1 X78.094 Y46.526 E2.37081
;WIDTH:0.495792
G1 X77.995 Y46.558 E2.37641
G1 X77.96 Y46.659 E2.38216
;WIDTH:0.452059
G1 X77.926 Y46.76 E2.38731
;WIDTH:0.409411
G1 X77.925 Y47.515 E2.4198
;WIDTH:0.453236
G1 X77.959 Y47.616 E2.42497
;WIDTH:0.497062
G1 X77.992 Y47.716 E2.43065
G1 X78.092 Y47.75 E2.43635
;WIDTH:0.453551
G1 X78.192 Y47.783 E2.44146
;WIDTH:0.410041
G1 X80.354 Y47.787 E2.53467
G1 X80.618 Y47.96 E2.54828
;WIDTH:0.45224
G1 X80.785 Y48.129 E2.55977
;WIDTH:0.494438
G1 X80.953 Y48.297 E2.57251
;WIDTH:0.536636
G1 X81.121 Y48.466 E2.58655
G1 X81.286 Y48.379 E2.59754
;WIDTH:0.48759
G1 X81.451 Y48.292 E2.60739
;WIDTH:0.438545
G1 X81.506 Y48.148 E2.61458
;WIDTH:0.410041
G1 X81.509 Y47.152 E2.65752
;WIDTH:0.4274
G1 X81.569 Y46.809 E2.67329
G1 X81.693 Y46.716 E2.68031
;WIDTH:0.423932
G1 X82.251 Y46.197 E2.71448
G1 X82.511 Y46.147 E2.72635
;WIDTH:0.409828
G1 X83.834 Y46.15 E2.78335
;WIDTH:0.45
G1 X84.34 Y46.193 E2.80777
G1 X84.694 Y46.288 E2.8254
G1 X84.895 Y46.187 E2.83622
G1 X85.028 Y46.204 E2.84267
G1 X85.093 Y46.319 E2.84902
G1 X84.982 Y46.577 E2.86253
G1 X85.083 Y46.943 E2.88079
;WIDTH:0.445175
G1 X85.122 Y47.437 E2.90433
;WIDTH:0.409019
G1 X85.122 Y48.931 E2.96855
;WIDTH:0.409149
G1 X84.936 Y49.194 E2.9824
;WIDTH:0.423412
G1 X84.379 Y49.715 E3.01655
G1 X84.118 Y49.763 E3.02843
;WIDTH:0.409018
G1 X82.48 Y49.763 E3.09884
;WIDTH:0.45
G1 X81.955 Y49.623 E3.12497
G1 X81.734 Y49.725 E3.13668
G1 X81.576 Y49.692 E3.14444
G1 X81.546 Y49.336 E3.16162
;WIDTH:0.483968
G1 X81.421 Y49.241 E3.16984
;WIDTH:0.517936
G1 X81.296 Y49.146 E3.17872
;WIDTH:0.551905
G1 X81.172 Y49.052 E3.18818
G1 X81.11 Y49.107 E3.19322
;WIDTH:0.5046
G1 X81.049 Y49.163 E3.19777
;WIDTH:0.457295
G1 X80.987 Y49.218 E3.20183
;WIDTH:0.423934
G1 X80.451 Y49.715 E3.23461
G1 X80.191 Y49.765 E3.24648
;WIDTH:0.409828
G1 X78.409 Y49.761 E3.32326
G1 X78.158 Y49.588 E3.33639
G1 X77.666 Y49.094 E3.36643
;WIDTH:0.409095
G1 X77.588 Y48.941 E3.37381
G1 X77.626 Y48.847 E3.37817
G1 X77.768 Y48.765 E3.38522
G1 X77.91 Y48.851 E3.39236
;WIDTH:0.412467
G1 X78.425 Y49.364 E3.42392
G1 X78.584 Y49.418 E3.43121
;WIDTH:0.409828
G1 X80.192 Y49.419 E3.50049
;WIDTH:0.42053
G1 X80.312 Y49.377 E3.50614
G1 X80.771 Y48.944 E3.53417
;WIDTH:0.46145
G1 X80.808 Y48.884 E3.53766
;WIDTH:0.510937
G1 X80.844 Y48.823 E3.54161
;WIDTH:0.560425
G1 X80.88 Y48.762 E3.54599
G1 X80.848 Y48.718 E3.54936
;WIDTH:0.522829
G1 X80.817 Y48.673 E3.55248
;WIDTH:0.485233
G1 X80.785 Y48.629 E3.55534
;WIDTH:0.447637
G1 X80.754 Y48.585 E3.55791
;WIDTH:0.419407
G1 X80.33 Y48.167 E3.58427
G1 X80.192 Y48.13 E3.5906
;WIDTH:0.410041
G1 X78.192 Y48.129 E3.67683
;WIDTH:0.453551
G1 X77.975 Y48.102 E3.68744
;WIDTH:0.497062
G1 X77.759 Y48.075 E3.69919
G1 X77.639 Y47.997 E3.70691
G1 X77.621 Y47.852 E3.7148
;WIDTH:0.47064
G1 X77.603 Y47.706 E3.72225
G1 E1.72225 F2400
G92 E0
G1 X81.473 Y48.761 F7800
G1 E2 F2400
;WIDTH:0.568147
G1 F1200
G1 X81.723 Y48.962 E2.02016
;WIDTH:0.601787
G1 X81.974 Y49.162 E2.04167
G1 X82.084 Y49.186 E2.04922
G1 X81.85 Y47.345 F7800
;WIDTH:0.438545
G1 F1200
G1 X81.837 Y48.475 E2.10196
;WIDTH:0.45
G1 X81.895 Y48.618 E2.10938
G1 X82.181 Y48.746 E2.12445
G1 X82.346 Y48.68 E2.133
;WIDTH:0.410043
G1 X84.038 Y46.988 E2.23616
;WIDTH:0.434696
G1 X84.1 Y46.888 E2.24159
;WIDTH:0.45
G1 X84.011 Y46.592 E2.25646
G1 X83.834 Y46.494 E2.26619
;WIDTH:0.409828
G1 X82.511 Y46.493 E2.32319
;WIDTH:0.420518
G1 X82.39 Y46.535 E2.32888
G1 X81.913 Y46.985 E2.35801
;WIDTH:0.411483
G1 X81.852 Y47.152 E2.36571
G1 E.36571 F2400
G92 E0
G1 X84.777 Y48.567 F7800
G1 E2 F2400
;WIDTH:0.409019
G1 F1200
G1 X84.777 Y47.437 E2.04857
;WIDTH:0.445175
G1 X84.702 Y47.274 E2.05709
;WIDTH:0.45
G1 X84.447 Y47.166 E2.07041
G1 X84.293 Y47.222 E2.07829
;WIDTH:0.411363
G1 X82.591 Y48.924 E2.18246
;WIDTH:0.437193
G1 X82.528 Y49.024 E2.18796
;WIDTH:0.45
G1 X82.618 Y49.32 E2.20284
G1 X82.796 Y49.419 E2.21264
;WIDTH:0.409018
G1 X84.118 Y49.419 E2.26947
;WIDTH:0.421481
G1 X84.239 Y49.377 E2.27517
G1 X84.697 Y48.946 E2.30318
;WIDTH:0.420711
G1 X84.777 Y48.76 E2.31218
G1 E.31218 F2400
G92 E0
G1 X84.59 Y46.68 F7800
G1 E2 F2400
;WIDTH:0.581541
G1 F1200
G1 X84.607 Y46.742 E2.00415
G1 X84.561 Y46.788 E2.00835
G1 X84.499 Y46.771 E2.0125
G1 X84.482 Y46.709 E2.01665
G1 X84.528 Y46.663 E2.02085
G1 E.02085 F2400
G92 E0
G1 X105.408 Y154.891 F7800
G1 E2 F2400
;TYPE:Perimeter
;WIDTH:0.45
G1 F1500
G1 X105.408 Y169.197 E2.68807
G1 X75.246 Y169.197 E4.13876
G1 X75.246 Y154.891 E4.82683
G1 X105.348 Y154.891 E6.27463
G1 X105.793 Y154.506 F7800
G1 F1500
G1 X105.793 Y169.582 E6.99973
G1 X74.861 Y169.582 E8.48745
G1 X74.861 Y154.506 E9.21255
G1 X105.733 Y154.506 E10.69739
G1 X106.179 Y154.12 F7800
;TYPE:External perimeter
G1 F1500
G1 X106.179 Y169.968 E11.45962
G1 X74.475 Y169.968 E12.98447
G1 X74.475 Y154.12 E13.7467
G1 X106.119 Y154.12 E15.26867
G1 X106.178 Y154.516 F7800
G1 E13.26867 F2400
G92 E0
G1 X86.236 Y168.908 F7800
G1 E2 F2400
;TYPE:Internal infill
;WIDTH:0.45
G1 F1200
G1 X83.923 Y168.908 E2.11125
G1 X87.601 Y155.18 E2.79481
G1 X87.925 Y155.18 E2.81039
G1 X101.652 Y168.908 E3.74412
G1 X99.892 Y168.908 E3.82877
G1 X103.57 Y155.18 E4.51233
G1 X101.615 Y155.18 E4.60636
G1 X75.535 Y162.168 E5.90497
G1 X75.535 Y164.605 E6.02218
G1 X79.838 Y168.908 E6.31487
G1 X80.183 Y168.908 E6.33146
G1 X105.119 Y162.226 E7.57311
G1 X105.119 Y161.467 E7.60962
G1 X98.832 Y155.18 E8.03725
G1 X95.585 Y155.18 E8.19342
G1 X91.907 Y168.908 E8.87698
G1 X90.745 Y168.908 E8.93287
G1 X77.018 Y155.18 E9.8666
G1 X79.616 Y155.18 E9.99155
G1 X75.938 Y168.908 E10.67511
G1 X75.535 Y168.908 E10.69449
G1 X75.535 Y166.997 E10.7864
;LAYER_CHANGE
;Z:2.45
;HEIGHT:0.3
G1 E8.7864 F2400
G92 E0
G1 Z2.45 F7800
;AFTER_LAYER_CHANGE
;2.45
G1 X141.798 Y153.942
G1 E2 F2400
;TYPE:External perimeter
;WIDTH:0.404381
G1 F1200
G1 X141.798 Y144.786 E2.38828
G1 X141.798 Y145.186 F7800
G1 E.38828 F2400
G92 E0
G1 X136.2 Y144.115 F7800
G1 E2 F2400
;TYPE:Perimeter
;WIDTH:0.45
G1 F1500
G1 X136.102 Y144.204 E2.00637
G1 X135.959 Y144.472 E2.02098
G1 X135.907 Y144.786 E2.03629
G1 X135.907 Y169.197 E3.21037
G1 X112.342 Y169.197 E4.34376
G1 X112.342 Y144.714 E5.52131
G1 X112.23 Y144.334 E5.54036
G1 X112.023 Y144.069 E5.55653
G1 X111.748 Y143.896 E5.57216
G1 X111.378 Y143.822 E5.59031
G1 X109.079 Y143.822 E5.70088
G1 X109.079 Y55.987 E9.92544
G1 X108.989 Y55.666 E9.94147
G1 X108.763 Y55.359 E9.95981
G1 X108.471 Y55.177 E9.97636
G1 X108.115 Y55.109 E9.99379
G1 X75.246 Y55.109 E11.57467
G1 X75.246 Y40.803 E12.26274
G1 X121.616 Y40.803 E14.49298
G1 X121.616 Y133.23 E18.9384
G1 X121.718 Y133.571 E18.95552
G1 X121.952 Y133.871 E18.97382
G1 X122.232 Y134.038 E18.9895
G1 X122.58 Y134.103 E19.00653
G1 X127.478 Y134.102 E19.24211
G1 X127.832 Y134.011 E19.25969
G1 X128.12 Y133.802 E19.2768
G1 X128.325 Y133.473 E19.29544
G1 X128.384 Y133.139 E19.31175
G1 X128.384 Y40.803 E23.75279
G1 X174.754 Y40.803 E25.98303
G1 X174.754 Y55.109 E26.6711
G1 X141.755 Y55.109 E28.25824
G1 X141.372 Y55.256 E28.27797
G1 X141.111 Y55.496 E28.29502
G1 X140.972 Y55.761 E28.30941
G1 X140.92 Y56.073 E28.32462
G1 X140.92 Y143.822 E32.54504
G1 X136.76 Y143.822 E32.74512
G1 X136.366 Y143.964 E32.76526
G1 X136.245 Y144.074 E32.77313
G1 X136.473 Y144.389 F7800
G1 F1500
G1 X136.357 Y144.519 E32.78151
G1 X136.292 Y144.786 E32.79473
G1 X136.292 Y169.582 E33.98733
G1 X111.957 Y169.582 E35.15776
G1 X111.957 Y144.741 E36.35253
G1 X111.865 Y144.473 E36.36616
G1 X111.672 Y144.287 E36.37905
G1 X111.378 Y144.207 E36.3937
G1 X108.694 Y144.207 E36.52279
G1 X108.694 Y55.993 E40.76558
G1 X108.579 Y55.727 E40.77952
G1 X108.377 Y55.557 E40.79222
G1 X108.115 Y55.494 E40.80518
G1 X74.861 Y55.494 E42.40458
G1 X74.861 Y40.418 E43.12968
G1 X122.001 Y40.418 E45.39695
G1 X122.001 Y133.22 E49.8604
G1 X122.13 Y133.504 E49.8754
G1 X122.329 Y133.66 E49.88756
G1 X122.58 Y133.718 E49.89995
G1 X127.492 Y133.713 E50.1362
G1 X127.744 Y133.618 E50.14915
G1 X127.937 Y133.4 E50.16315
G1 X127.999 Y133.139 E50.17605
G1 X127.999 Y40.418 E54.63561
G1 X175.139 Y40.418 E56.90288
G1 X175.139 Y55.494 E57.62798
G1 X141.804 Y55.494 E59.23128
G1 X141.535 Y55.611 E59.24539
G1 X141.359 Y55.829 E59.25887
G1 X141.305 Y56.073 E59.27089
G1 X141.305 Y144.207 E63.50983
G1 X136.803 Y144.207 E63.72636
G1 X136.547 Y144.307 E63.73958
G1 X136.513 Y144.344 E63.742
G1 X136.735 Y144.657 F7800
;TYPE:External perimeter
G1 F1500
G1 X136.678 Y144.786 E63.74878
G1 X136.678 Y169.968 E64.95995
G1 X111.571 Y169.968 E66.16751
G1 X111.571 Y144.786 E67.37868
G1 X111.524 Y144.659 E67.38519
G1 X111.378 Y144.593 E67.3929
G1 X108.308 Y144.593 E67.54056
G1 X108.308 Y56.073 E71.79806
G1 X108.258 Y55.943 E71.80476
G1 X108.115 Y55.88 E71.81228
G1 X74.475 Y55.88 E73.43025
G1 X74.475 Y40.032 E74.19248
G1 X122.387 Y40.032 E76.49688
G1 X122.387 Y133.139 E80.975
G1 X122.434 Y133.266 E80.98151
G1 X122.58 Y133.332 E80.98922
G1 X127.42 Y133.332 E81.22201
G1 X127.547 Y133.284 E81.22854
G1 X127.613 Y133.139 E81.2362
G1 X127.613 Y40.032 E85.71432
G1 X175.525 Y40.032 E88.01872
G1 X175.525 Y55.88 E88.78095
G1 X141.884 Y55.88 E90.39897
G1 X141.754 Y55.93 E90.40567
G1 X141.691 Y56.073 E90.41319
G1 X141.691 Y139.773 E94.43887
G1 X141.746 Y144.613 E94.67167
;WIDTH:0.426371
G1 X141.798 Y144.786 E94.67983
G1 X141.711 Y144.648 E94.6872
;WIDTH:0.45
G1 X136.871 Y144.593 E94.92
G1 X136.782 Y144.627 E94.92458
G1 X136.685 Y145.015 F7800
G1 E92.92458 F2400
G92 E0
G1 X142.905 Y154.891 F7800
G1 E2 F2400
;TYPE:Perimeter
G1 F1500
G1 X174.754 Y154.891 E3.53183
G1 X174.754 Y169.197 E4.2199
G1 X142.675 Y169.197 E5.76279
G1 X142.675 Y154.891 E6.45086
G1 X142.845 Y154.891 E6.45904
G1 X142.378 Y154.506 F7800
G1 F1500
G1 X175.139 Y154.506 E8.03473
G1 X175.139 Y169.582 E8.75983
G1 X142.29 Y169.582 E10.33975
G1 X142.29 Y154.506 E11.06485
G1 X142.318 Y154.506 E11.0662
G1 X141.846 Y154.1 F7800
;TYPE:External perimeter
;WIDTH:0.424818
G1 F1500
G1 X141.798 Y153.942 E11.07362
G1 X141.884 Y154.062 E11.08026
;WIDTH:0.45
G1 X149.828 Y154.12 E11.46235
G1 X175.525 Y154.12 E12.69829
G1 X175.525 Y169.968 E13.46052
G1 X141.904 Y169.968 E15.07757
G1 X141.904 Y162.044 E15.45869
G1 X141.846 Y154.16 E15.83789
G1 X142.163 Y153.915 F7800
G1 X143.184 Y155.18
;TYPE:Solid infill
;WIDTH:0.450031
G1 F1200
G1 X174.272 Y155.18 E17.33324
;WIDTH:0.483114
G1 X174.352 Y155.197 E17.33751
;WIDTH:0.516197
G1 X174.431 Y155.214 E17.34206
G1 X174.448 Y155.293 E17.34661
;WIDTH:0.483114
G1 X174.465 Y155.373 E17.35088
;WIDTH:0.450031
G1 X174.465 Y168.715 E17.99264
;WIDTH:0.483115
G1 X174.448 Y168.795 E17.99691
;WIDTH:0.516199
G1 X174.431 Y168.874 E18.00146
G1 X174.365 Y168.891 E18.0053
;WIDTH:0.483115
G1 X174.299 Y168.908 E18.00886
;WIDTH:0.450031
G1 X143.184 Y168.908 E19.5055
;WIDTH:0.491332
G1 X143.095 Y168.887 E19.51037
;WIDTH:0.532633
G1 X143.006 Y168.866 E19.51571
G1 X142.992 Y168.79 E19.52022
;WIDTH:0.504812
G1 X142.978 Y168.715 E19.52441
;WIDTH:0.476991
G1 X142.978 Y155.373 E20.21103
;WIDTH:0.503075
G1 X142.991 Y155.302 E20.21498
;WIDTH:0.529161
G1 X143.004 Y155.231 E20.21916
G1 E18.21916 F2400
G92 E0
G1 X159.358 Y155.566 F7800
G1 E2 F2400
;TYPE:Internal infill
;WIDTH:0.45
G1 F1200
G1 X155.886 Y168.522 E2.64513
G1 X155.801 Y168.522 E2.64922
G1 X143.377 Y156.098 E3.49429
G1 X143.377 Y159.959 E3.67999
G1 X159.773 Y155.566 E4.4964
G1 X162.086 Y155.566 E4.60765
G1 E2.60765 F2400
G92 E0
G1 X168.704 Y168.522 F7800
G1 E2 F2400
G1 F1200
G1 X171.018 Y168.522 E2.1113
G1 X174.079 Y167.702 E2.26371
G1 X174.079 Y164.986 E2.39434
G1 X164.659 Y155.566 E3.03508
G1 X167.342 Y155.566 E3.16412
G1 X163.871 Y168.522 E3.80923
G1 X166.708 Y168.522 E3.94568
G1 X153.752 Y155.566 E4.82693
G1 X151.373 Y155.566 E4.94135
G1 X147.902 Y168.522 E5.58646
G1 X144.894 Y168.522 E5.73113
G1 X143.377 Y167.005 E5.83431
G1 X143.377 Y167.944 E5.87947
G1 X174.079 Y159.717 E7.40823
G1 X174.079 Y160.222 E7.43252
G1 X171.855 Y168.522 E7.8458
G1 E5.8458 F2400
G92 E0
G1 X127.319 Y134.774 F7800
G1 E2 F2400
G1 F1200
G1 X125.005 Y134.778 E2.1113
G1 X115.964 Y168.522 E3.79151
G1 X113.044 Y168.522 E3.93195
G1 X113.044 Y168.087 E3.95287
G1 X135.205 Y162.149 E5.05634
G1 X135.205 Y158.833 E5.21583
G1 X109.754 Y133.382 E6.94698
G1 X109.754 Y132.1 E7.00864
G1 X120.914 Y90.451 E9.08248
G1 X120.914 Y90.007 E9.10383
G1 X109.754 Y78.847 E9.86292
G1 X109.754 Y81.14 E9.97321
G1 X120.914 Y78.149 E10.52891
G1 X120.914 Y79.1 E10.57465
G1 X109.754 Y67.94 E11.33374
G1 X109.754 Y65.171 E11.46692
G1 X120.914 Y62.18 E12.02262
G1 X120.914 Y64.494 E12.13392
G1 E10.13392 F2400
G92 E0
G1 X120.914 Y58.339 F7800
G1 E2 F2400
G1 F1200
G1 X120.914 Y60.653 E2.1113
G1 X109.754 Y102.302 E4.18514
G1 X109.754 Y105.093 E4.31938
G1 X120.914 Y102.103 E4.87507
G1 X120.914 Y100.914 E4.93226
G1 X109.754 Y89.754 E5.69135
G1 X109.754 Y89.124 E5.72165
G1 X120.914 Y86.134 E6.27734
G1 X120.914 Y83.82 E6.38864
G1 E4.38864 F2400
G92 E0
G1 X120.914 Y96.432 F7800
G1 E2 F2400
G1 F1200
G1 X120.914 Y94.118 E2.1113
G1 X109.754 Y97.108 E2.66699
G1 X109.754 Y100.661 E2.83788
G1 X120.914 Y111.821 E3.59697
G1 X120.914 Y110.087 E3.68037
G1 X109.754 Y113.077 E4.23606
G1 X109.754 Y111.568 E4.30864
G1 X120.914 Y122.728 E5.06773
G1 X120.914 Y126.056 E5.2278
G1 X109.754 Y129.046 E5.78349
G1 X109.754 Y126.733 E5.89474
G1 E3.89474 F2400
G92 E0
G1 X109.754 Y139.344 F7800
G1 E2 F2400
G1 F1200
G1 X109.754 Y137.031 E2.11125
G1 X121.206 Y133.962 E2.68149
G1 X109.754 Y122.475 E3.46163
G1 X109.754 Y121.062 E3.52959
G1 X120.914 Y118.072 E4.08528
G1 X120.914 Y120.25 E4.19003
G1 X113.044 Y149.62 E5.65246
G1 X113.044 Y152.118 E5.77261
G1 X135.205 Y146.18 E6.87608
G1 X135.205 Y147.926 E6.96006
G1 X121.542 Y134.263 E7.8894
G1 X121.481 Y134.303 E7.89291
G1 X121.327 Y134.112 E7.90471
G1 E5.90471 F2400
G92 E0
G1 X129.078 Y126.182 F7800
G1 E2 F2400
G1 F1200
G1 X129.079 Y123.868 E2.1113
G1 X140.245 Y120.876 E2.66729
G1 X140.245 Y120.245 E2.69764
G1 X129.08 Y109.08 E3.45707
G1 X129.08 Y107.899 E3.51387
G1 X140.245 Y104.907 E4.06982
G1 X140.245 Y107.702 E4.20425
G1 X123.948 Y168.522 E7.23268
G1 X123.08 Y168.522 E7.27443
G1 X113.044 Y158.486 E7.95707
G1 X113.044 Y160.102 E8.03479
G1 X135.205 Y154.165 E9.13825
G1 X135.205 Y156.31 E9.24142
G1 X131.933 Y168.522 E9.84949
G1 X133.987 Y168.522 E9.94828
G1 X113.044 Y147.579 E11.3728
G1 X113.044 Y144.771 E11.50786
G1 X112.894 Y144.174 E11.53747
G1 X140.245 Y136.845 E12.89937
G1 X140.245 Y137.5 E12.93087
G1 X138.73 Y143.153 E13.21235
G1 X140.245 Y143.148 E13.28522
G1 X140.245 Y142.059 E13.3376
G1 X129.078 Y130.892 E14.09717
G1 X129.078 Y131.853 E14.14339
G1 X140.245 Y128.861 E14.69943
G1 X140.245 Y131.152 E14.80962
G1 X129.079 Y119.986 E15.56912
G1 X129.079 Y119.576 E15.58884
G1 X140.245 Y77.904 E17.66382
G1 X140.245 Y76.617 E17.72572
G1 X129.084 Y65.456 E18.48488
G1 X129.084 Y67.976 E18.60608
G1 X140.245 Y64.985 E19.16183
G1 X140.245 Y65.71 E19.1967
G1 X129.085 Y54.55 E19.95579
G1 X129.085 Y52.006 E20.07815
G1 X168.378 Y41.478 E22.03467
G1 X170.548 Y41.478 E22.13904
G1 X174.079 Y45.009 E22.37921
G1 X174.079 Y47.935 E22.51994
G1 X149.824 Y54.434 E23.72767
G1 X146.534 Y54.434 E23.88591
G1 X150.005 Y41.478 E24.53102
G1 X148.734 Y41.478 E24.59215
G1 X161.69 Y54.434 E25.4734
G1 X162.502 Y54.434 E25.51245
G1 X165.974 Y41.478 E26.15758
G1 X163.66 Y41.478 E26.26888
G1 E24.26888 F2400
G92 E0
G1 X171.645 Y41.478 F7800
G1 E2 F2400
G1 F1200
G1 X173.958 Y41.478 E2.11125
G1 X170.487 Y54.434 E2.75636
G1 X172.597 Y54.434 E2.85784
G1 X159.641 Y41.478 E3.73909
G1 X157.99 Y41.478 E3.8185
G1 X154.518 Y54.434 E4.46363
G1 X156.832 Y54.434 E4.57493
G1 E2.57493 F2400
G92 E0
G1 X150.783 Y54.434 F7800
G1 E2 F2400
G1 F1200
G1 X137.827 Y41.478 E2.88125
G1 E.88125 F2400
G92 E0
G1 X131.722 Y41.478 F7800
G1 E2 F2400
G1 F1200
G1 X134.036 Y41.478 E2.1113
G1 X129.084 Y59.991 E3.03302
G1 X140.245 Y57.001 E3.58876
G1 X140.268 Y55.792 E3.64692
G1 X140.347 Y55.507 E3.66114
G1 X140.555 Y55.113 E3.68257
G1 X129.086 Y43.644 E4.46268
G1 X129.086 Y44.022 E4.48086
G1 X138.579 Y41.478 E4.95355
G1 X142.021 Y41.478 E5.1191
G1 X129.082 Y89.767 E7.52357
G1 X129.081 Y91.93 E7.6276
G1 X140.245 Y88.938 E8.1835
G1 X140.245 Y87.524 E8.25151
G1 X129.083 Y76.362 E9.01074
G1 X129.083 Y75.96 E9.03007
G1 X140.245 Y72.97 E9.58585
G1 X140.245 Y70.656 E9.69715
G1 E7.69715 F2400
G92 E0
G1 X140.245 Y83.268 F7800
G1 E2 F2400
G1 F1200
G1 X140.245 Y80.954 E2.1113
G1 X129.082 Y83.945 E2.66714
G1 X129.082 Y87.268 E2.82696
G1 X140.245 Y98.431 E3.58625
G1 X140.245 Y96.923 E3.65878
G1 X129.081 Y99.914 E4.21467
G1 X129.081 Y98.174 E4.29836
G1 X140.245 Y109.338 E5.05772
G1 X140.245 Y112.892 E5.22866
G1 X129.079 Y115.884 E5.78465
G1 X129.079 Y113.57 E5.89595
G1 E3.89595 F2400
G92 E0
G1 X90.642 Y54.434 F7800
G1 E2 F2400
G1 F1200
G1 X94.114 Y41.478 E2.64513
G1 X94.199 Y41.478 E2.64922
G1 X107.155 Y54.434 E3.53047
G1 X106.611 Y54.434 E3.55663
G1 X110.083 Y41.478 E4.20176
G1 X108.781 Y41.478 E4.26438
G1 X75.921 Y50.283 E5.90059
G1 X75.921 Y49.778 E5.92488
G1 X78.145 Y41.478 E6.33816
G1 E4.33816 F2400
G92 E0
G1 X81.296 Y41.478 F7800
G1 E2 F2400
G1 F1200
G1 X78.982 Y41.478 E2.1113
G1 X75.921 Y42.298 E2.26371
G1 X75.921 Y45.014 E2.39434
G1 X85.341 Y54.434 E3.03508
G1 X82.658 Y54.434 E3.16412
G1 X86.129 Y41.478 E3.80923
G1 X83.292 Y41.478 E3.94568
G1 X96.248 Y54.434 E4.82693
G1 X98.627 Y54.434 E4.94135
G1 X102.098 Y41.478 E5.58646
G1 X105.106 Y41.478 E5.73113
G1 X120.914 Y57.286 E6.80637
G1 X120.914 Y54.196 E6.95499
G1 X109.754 Y57.186 E7.51068
G1 X109.754 Y57.033 E7.51804
G1 X120.914 Y68.193 E8.27713
G1 X120.914 Y70.165 E8.37198
G1 X109.754 Y73.155 E8.92767
G1 X109.754 Y72.503 E8.95903
G1 X118.067 Y41.478 E10.50386
G1 X116.013 Y41.478 E10.60265
G1 X120.914 Y46.379 E10.93601
G1 X120.914 Y46.211 E10.94409
G1 X90.227 Y54.434 E12.4721
G1 X87.914 Y54.434 E12.58335
G1 E10.58335 F2400
G92 E0
G1 X128.893 Y41.092 F7800
G1 E2 F2400
;TYPE:Solid infill
;WIDTH:0.450031
G1 F1200
G1 X174.272 Y41.092 E4.18275
;WIDTH:0.483111
G1 X174.352 Y41.109 E4.18702
;WIDTH:0.516195
G1 X174.431 Y41.126 E4.19157
G1 X174.448 Y41.205 E4.19612
;WIDTH:0.483112
G1 X174.465 Y41.285 E4.20039
;WIDTH:0.450031
G1 X174.465 Y54.627 E4.84215
;WIDTH:0.483115
G1 X174.448 Y54.707 E4.84642
;WIDTH:0.516199
G1 X174.431 Y54.786 E4.85097
G1 X174.352 Y54.803 E4.85552
;WIDTH:0.483115
G1 X174.272 Y54.82 E4.85979
;WIDTH:0.450031
G1 X141.891 Y54.82 E6.41733
G1 X141.423 Y54.918 E6.44033
;WIDTH:0.443205
G1 X141.105 Y55.109 E6.45786
;WIDTH:0.446703
G1 X140.856 Y55.366 E6.47492
G1 X140.692 Y55.709 E6.49305
;WIDTH:0.450029
G1 X140.631 Y56.077 E6.51099
G1 X140.631 Y143.341 E10.7084
;WIDTH:0.482789
G1 X140.614 Y143.42 E10.71262
;WIDTH:0.515549
G1 X140.598 Y143.5 E10.71721
G1 X140.518 Y143.516 E10.7218
;WIDTH:0.482243
G1 X140.438 Y143.533 E10.72606
;WIDTH:0.448937
G1 X137.04 Y143.538 E10.88904
;WIDTH:0.439187
G1 X136.544 Y143.613 E10.91249
;WIDTH:0.404381
G1 X136.315 Y143.718 E10.92317
;WIDTH:0.405885
G1 X135.887 Y144.068 E10.94672
;WIDTH:0.432943
G1 X135.788 Y144.225 E10.95525
;WIDTH:0.460001
G1 X135.69 Y144.383 E10.96442
;WIDTH:0.476447
G1 X135.604 Y144.793 E10.98595
;WIDTH:0.476989
G1 X135.604 Y168.715 E12.21704
;WIDTH:0.504812
G1 X135.59 Y168.79 E12.22123
;WIDTH:0.532635
G1 X135.576 Y168.866 E12.22574
G1 X135.501 Y168.887 E12.23029
;WIDTH:0.491333
G1 X135.426 Y168.908 E12.23444
;WIDTH:0.450031
G1 X112.851 Y168.908 E13.32031
;WIDTH:0.491353
G1 X112.762 Y168.887 E13.32518
;WIDTH:0.532675
G1 X112.673 Y168.866 E13.33052
G1 X112.659 Y168.79 E13.33503
;WIDTH:0.504901
G1 X112.645 Y168.715 E13.33922
;WIDTH:0.488543
G1 X112.639 Y144.799 E14.60447
G1 X112.614 Y144.566 E14.61687
;WIDTH:0.462545
G1 X112.509 Y144.339 E14.62929
;WIDTH:0.433463
G1 X112.404 Y144.111 E14.64085
;WIDTH:0.404381
G1 X111.904 Y143.699 E14.66832
;WIDTH:0.450041
G1 X111.367 Y143.533 E14.69536
G1 X109.561 Y143.533 E14.78223
;WIDTH:0.483112
G1 X109.481 Y143.516 E14.7865
;WIDTH:0.516195
G1 X109.402 Y143.499 E14.79105
G1 X109.385 Y143.42 E14.7956
;WIDTH:0.483113
G1 X109.368 Y143.34 E14.79987
;WIDTH:0.450031
G1 X109.368 Y56.078 E18.99721
G1 X109.262 Y55.573 E19.02203
;WIDTH:0.449123
G1 X109.02 Y55.211 E19.04293
;WIDTH:0.448117
G1 X108.756 Y55 E19.05911
;WIDTH:0.449039
G1 X108.441 Y54.866 E19.07553
G1 X108.108 Y54.821 E19.09165
;WIDTH:0.450031
G1 X75.728 Y54.82 E20.64914
;WIDTH:0.483115
G1 X75.648 Y54.803 E20.65341
;WIDTH:0.516199
G1 X75.569 Y54.786 E20.65796
G1 X75.552 Y54.707 E20.66251
;WIDTH:0.483115
G1 X75.535 Y54.627 E20.66678
;WIDTH:0.450031
G1 X75.535 Y41.285 E21.30854
;WIDTH:0.483114
G1 X75.552 Y41.205 E21.31281
;WIDTH:0.516197
G1 X75.569 Y41.126 E21.31736
G1 X75.648 Y41.109 E21.32191
;WIDTH:0.483114
G1 X75.728 Y41.092 E21.32618
;WIDTH:0.450031
G1 X121.107 Y41.092 E23.50893
;WIDTH:0.491332
G1 X121.196 Y41.113 E23.5138
;WIDTH:0.532633
G1 X121.285 Y41.134 E23.51914
G1 X121.299 Y41.21 E23.52365
;WIDTH:0.504811
G1 X121.313 Y41.285 E23.52784
;WIDTH:0.476991
G1 X121.313 Y133.125 E28.2542
G1 X121.427 Y133.601 E28.27939
;WIDTH:0.435741
G1 X121.574 Y133.824 E28.29176
;WIDTH:0.423131
G1 X122.01 Y134.195 E28.31738
;WIDTH:0.416047
G1 X122.285 Y134.323 E28.33068
;WIDTH:0.450037
G1 X122.752 Y134.392 E28.35339
G1 X127.259 Y134.392 E28.57018
G1 X127.487 Y134.377 E28.58117
;WIDTH:0.437761
G1 X127.91 Y134.249 E28.60175
;WIDTH:0.404381
G1 X128.352 Y133.911 E28.62535
;WIDTH:0.431266
G1 X128.468 Y133.745 E28.63462
;WIDTH:0.458151
G1 X128.583 Y133.58 E28.6445
;WIDTH:0.474887
G1 X128.678 Y133.256 E28.66179
;WIDTH:0.476991
G1 X128.687 Y41.285 E33.39489
;WIDTH:0.50307
G1 X128.7 Y41.214 E33.39884
;WIDTH:0.52915
G1 X128.713 Y41.143 E33.40302
G1 E31.40302 F2400
G92 E0
G1 X105.574 Y154.891 F7800
G1 E2 F2400
;TYPE:Perimeter
;WIDTH:0.45
G1 F1500
G1 X105.574 Y169.197 E2.68807
G1 X75.246 Y169.197 E4.14674
G1 X75.246 Y154.891 E4.83481
G1 X105.514 Y154.891 E6.2906
G1 X105.959 Y154.506 F7800
G1 F1500
G1 X105.959 Y169.582 E7.0157
G1 X74.861 Y169.582 E8.51141
G1 X74.861 Y154.506 E9.23651
G1 X105.899 Y154.506 E10.72933
G1 X106.345 Y154.12 F7800
;TYPE:External perimeter
G1 F1500
G1 X106.345 Y169.968 E11.49156
G1 X74.475 Y169.968 E13.0244
G1 X74.475 Y154.12 E13.78663
G1 X106.285 Y154.12 E15.31658
G1 X106.344 Y154.516 F7800
G1 X105.065 Y155.18
;TYPE:Solid infill
;WIDTH:0.491327
G1 F1200
G1 X105.154 Y155.201 E15.32145
;WIDTH:0.532627
G1 X105.243 Y155.222 E15.32679
G1 X105.257 Y155.298 E15.3313
;WIDTH:0.504804
G1 X105.271 Y155.373 E15.33549
;WIDTH:0.476989
G1 X105.271 Y168.715 E16.02211
;WIDTH:0.504812
G1 X105.257 Y168.79 E16.0263
;WIDTH:0.532635
G1 X105.243 Y168.866 E16.03081
G1 X105.168 Y168.887 E16.03536
;WIDTH:0.491333
G1 X105.093 Y168.908 E16.03951
;WIDTH:0.450031
G1 X75.728 Y168.908 E17.45198
;WIDTH:0.483113
G1 X75.648 Y168.891 E17.45625
;WIDTH:0.516195
G1 X75.569 Y168.874 E17.4608
G1 X75.552 Y168.795 E17.46535
;WIDTH:0.483113
G1 X75.535 Y168.715 E17.46962
;WIDTH:0.450031
G1 X75.535 Y155.373 E18.11138
;WIDTH:0.483113
G1 X75.552 Y155.293 E18.11565
;WIDTH:0.516197
G1 X75.569 Y155.214 E18.1202
G1 X75.648 Y155.197 E18.12475
;WIDTH:0.483112
G1 X75.728 Y155.18 E18.12902
;WIDTH:0.450027
G1 X104.872 Y155.18 E19.53084
G1 E17.53084 F2400
G92 E0
G1 X99.217 Y155.566 F7800
G1 E2 F2400
;TYPE:Internal infill
;WIDTH:0.45
G1 F1200
G1 X104.872 Y161.221 E2.38465
G1 X104.872 Y162.292 E2.43616
G1 X81.622 Y168.522 E3.59386
G1 X79.452 Y168.522 E3.69823
G1 X75.921 Y164.991 E3.9384
G1 X75.921 Y162.065 E4.07913
G1 X100.176 Y155.566 E5.28686
G1 X103.466 Y155.566 E5.4451
G1 X99.995 Y168.522 E6.09021
G1 X101.266 Y168.522 E6.15134
G1 X88.31 Y155.566 E7.03259
G1 X87.497 Y155.566 E7.07169
G1 X84.026 Y168.522 E7.7168
G1 X86.34 Y168.522 E7.8281
G1 E5.8281 F2400
G92 E0
G1 X78.355 Y168.522 F7800
G1 E2 F2400
G1 F1200
G1 X76.042 Y168.522 E2.11125
G1 X79.513 Y155.566 E2.75636
G1 X77.403 Y155.566 E2.85784
G1 X90.359 Y168.522 E3.73909
G1 X92.01 Y168.522 E3.8185
G1 X95.482 Y155.566 E4.46363
G1 X93.168 Y155.566 E4.57493
;LAYER_CHANGE
;Z:2.75
;HEIGHT:0.3
G1 E2.57493 F2400
G92 E0
G1 Z2.75 F7800
;AFTER_LAYER_CHANGE
;2.75
G1 X141.716 Y153.957
G1 E2 F2400
;TYPE:External perimeter
;WIDTH:0.405195
G1 F1200
G1 X141.715 Y153.927 E2.00128
;WIDTH:0.404381
G1 X141.715 Y144.786 E2.38892
G1 X141.715 Y145.186 F7800
G1 E.38892 F2400
G92 E0
G1 X136.364 Y144.112 F7800
G1 E2 F2400
;TYPE:Perimeter
;WIDTH:0.45
G1 F1500
G1 X136.301 Y144.163 E2.0039
G1 X136.137 Y144.44 E2.01938
G1 X136.072 Y144.786 E2.03631
G1 X136.072 Y169.197 E3.21039
G1 X112.177 Y169.197 E4.35966
G1 X112.177 Y144.736 E5.53615
G1 X112.079 Y144.364 E5.55465
G1 X111.88 Y144.09 E5.57094
G1 X111.604 Y143.905 E5.58692
G1 X111.213 Y143.822 E5.60614
G1 X109.079 Y143.822 E5.70878
G1 X109.079 Y55.989 E9.93324
G1 X108.992 Y55.672 E9.94905
G1 X108.772 Y55.367 E9.96714
G1 X108.479 Y55.18 E9.98386
G1 X108.115 Y55.109 E10.0017
G1 X75.246 Y55.109 E11.58258
G1 X75.246 Y40.803 E12.27065
G1 X121.781 Y40.803 E14.50882
G1 X121.781 Y133.221 E18.9538
G1 X121.898 Y133.6 E18.97288
G1 X122.121 Y133.874 E18.98987
G1 X122.402 Y134.04 E19.00557
G1 X122.745 Y134.103 E19.02234
G1 X127.311 Y134.102 E19.24195
G1 X127.663 Y134.012 E19.25942
G1 X127.955 Y133.801 E19.27675
G1 X128.16 Y133.471 E19.29544
G1 X128.219 Y133.139 E19.31166
G1 X128.219 Y40.803 E23.7527
G1 X174.754 Y40.803 E25.99087
G1 X174.754 Y55.109 E26.67894
G1 X141.805 Y55.109 E28.26367
G1 X141.439 Y55.218 E28.28204
G1 X141.164 Y55.431 E28.29877
G1 X140.97 Y55.766 E28.31739
G1 X140.92 Y56.073 E28.33235
G1 X140.92 Y143.822 E32.55277
G1 X136.921 Y143.822 E32.74511
G1 X136.582 Y143.936 E32.76231
G1 X136.411 Y144.074 E32.77288
G1 X136.639 Y144.389 F7800
G1 F1500
G1 X136.514 Y144.538 E32.78223
G1 X136.458 Y144.786 E32.79446
G1 X136.458 Y169.582 E33.98706
G1 X111.791 Y169.582 E35.17346
G1 X111.791 Y144.684 E36.37097
G1 X111.654 Y144.412 E36.38562
G1 X111.448 Y144.257 E36.39802
G1 X111.213 Y144.207 E36.40958
G1 X108.694 Y144.207 E36.53074
G1 X108.694 Y55.993 E40.77353
G1 X108.582 Y55.732 E40.78719
G1 X108.382 Y55.56 E40.79988
G1 X108.115 Y55.494 E40.81311
G1 X74.861 Y55.494 E42.41251
G1 X74.861 Y40.418 E43.13761
G1 X122.167 Y40.418 E45.41286
G1 X122.167 Y133.22 E49.87631
G1 X122.297 Y133.505 E49.89138
G1 X122.497 Y133.662 E49.90361
G1 X122.745 Y133.718 E49.91584
G1 X127.326 Y133.713 E50.13617
G1 X127.587 Y133.613 E50.14961
G1 X127.772 Y133.398 E50.16325
G1 X127.833 Y133.139 E50.17605
G1 X127.833 Y40.418 E54.63561
G1 X175.139 Y40.418 E56.91086
G1 X175.139 Y55.494 E57.63596
G1 X141.804 Y55.494 E59.23926
G1 X141.529 Y55.616 E59.25373
G1 X141.358 Y55.832 E59.26698
G1 X141.305 Y56.073 E59.27885
G1 X141.305 Y144.207 E63.51779
G1 X136.964 Y144.207 E63.72658
G1 X136.704 Y144.312 E63.74007
G1 X136.678 Y144.343 E63.74202
G1 X136.898 Y144.656 F7800
;TYPE:External perimeter
G1 F1500
G1 X136.844 Y144.786 E63.74879
G1 X136.844 Y169.968 E64.95996
G1 X111.405 Y169.968 E66.18349
G1 X111.405 Y144.786 E67.39466
G1 X111.36 Y144.661 E67.40105
G1 X111.213 Y144.593 E67.40884
G1 X108.308 Y144.593 E67.54856
G1 X108.308 Y56.073 E71.80606
G1 X108.259 Y55.945 E71.81265
G1 X108.115 Y55.88 E71.82025
G1 X74.475 Y55.88 E73.43822
G1 X74.475 Y40.032 E74.20045
G1 X122.553 Y40.032 E76.51283
G1 X122.553 Y133.139 E80.99095
G1 X122.596 Y133.261 E80.99717
G1 X122.745 Y133.332 E81.00511
G1 X127.255 Y133.332 E81.22203
G1 X127.381 Y133.284 E81.22852
G1 X127.447 Y133.139 E81.23618
G1 X127.447 Y40.032 E85.7143
G1 X175.525 Y40.032 E88.02668
G1 X175.525 Y55.88 E88.78891
G1 X141.884 Y55.88 E90.40693
G1 X141.752 Y55.932 E90.41375
G1 X141.691 Y56.073 E90.42114
G1 X141.692 Y144.761 E94.68672
;WIDTH:0.44751
G1 X141.546 Y144.594 E94.69732
;WIDTH:0.45
G1 X137.036 Y144.593 E94.91424
G1 X136.949 Y144.629 E94.91877
G1 X136.851 Y145.016 F7800
G1 E92.91877 F2400
G92 E0
G1 X142.51 Y154.944 F7800
G1 E2 F2400
;TYPE:Perimeter
G1 F1500
G1 X142.51 Y154.891 E2.00255
G1 X174.754 Y154.891 E3.55337
G1 X174.754 Y169.197 E4.24144
G1 X142.51 Y169.197 E5.79226
G1 X142.51 Y155.004 E6.47489
G1 X142.124 Y154.506 F7800
G1 F1500
G1 X175.139 Y154.506 E8.0628
G1 X175.139 Y169.582 E8.7879
G1 X142.124 Y169.582 E10.37581
G1 X142.124 Y154.566 E11.09803
G1 X141.89 Y154.117 F7800
;TYPE:External perimeter
G1 F1500
G1 X175.525 Y154.12 E12.71576
G1 X175.525 Y169.968 E13.47799
G1 X141.738 Y169.968 E15.10303
G1 X141.736 Y153.975 E15.87224
;WIDTH:0.444564
G1 X141.845 Y154.08 E15.87942
G1 X142.244 Y154.113 F7800
G1 E13.87942 F2400
G92 E0
G1 X145.811 Y169.078 F7800
G1 E2 F2400
;TYPE:Bridge infill
;WIDTH:0.403106
;HEIGHT:0.4
M106 S255
G1 F1500
G1 X142.831 Y168.453 E2.16156
G1 X142.831 Y167.99 E2.18613
G1 X147.053 Y168.875 E2.41502
G1 X149.261 Y168.875 E2.53218
G1 X142.831 Y167.527 E2.88077
G1 X142.831 Y167.064 E2.90534
G1 X151.469 Y168.875 E3.37363
G1 X153.677 Y168.875 E3.49079
G1 X142.831 Y166.601 E4.07878
G1 X142.831 Y166.138 E4.10335
G1 X155.885 Y168.875 E4.81105
G1 X158.093 Y168.875 E4.92821
G1 X142.831 Y165.675 E5.75561
G1 X142.831 Y165.212 E5.78018
G1 X160.301 Y168.875 E6.72728
G1 X162.509 Y168.875 E6.84444
G1 X142.831 Y164.749 E7.91125
G1 X142.831 Y164.286 E7.93582
G1 X164.717 Y168.875 E9.12233
G1 X166.925 Y168.875 E9.23949
G1 X142.831 Y163.823 E10.5457
G1 X142.831 Y163.36 E10.57027
G1 X169.133 Y168.875 E11.99619
G1 X171.341 Y168.875 E12.11335
G1 X142.831 Y162.898 E13.65896
G1 X142.831 Y162.435 E13.68353
G1 X173.549 Y168.875 E15.34884
G1 X174.432 Y168.875 E15.39569
G1 X174.432 Y168.598 E15.41039
G1 X142.831 Y161.972 E17.12358
G1 X142.831 Y161.509 E17.14815
G1 X174.432 Y168.135 E18.86134
G1 X174.432 Y167.672 E18.88591
G1 X142.831 Y161.046 E20.5991
G1 X142.831 Y160.583 E20.62367
G1 X174.432 Y167.209 E22.33686
G1 X174.432 Y166.746 E22.36143
G1 X142.831 Y160.12 E24.07462
G1 X142.831 Y159.657 E24.09919
G1 X174.432 Y166.283 E25.81238
G1 X174.432 Y165.82 E25.83695
G1 X142.831 Y159.194 E27.55014
G1 X142.831 Y158.731 E27.57471
G1 X174.432 Y165.357 E29.2879
G1 X174.432 Y164.894 E29.31247
G1 X142.831 Y158.268 E31.02566
G1 X142.831 Y157.805 E31.05023
G1 X174.432 Y164.431 E32.76342
G1 X174.432 Y163.968 E32.78799
G1 X142.831 Y157.342 E34.50118
G1 X142.831 Y156.879 E34.52575
G1 X174.432 Y163.505 E36.23894
G1 X174.432 Y163.042 E36.26351
G1 X142.831 Y156.416 E37.9767
G1 X142.831 Y155.953 E38.00127
G1 X174.432 Y162.579 E39.71446
G1 X174.432 Y162.116 E39.73903
G1 X142.831 Y155.49 E41.45222
G1 X142.831 Y155.213 E41.46692
G1 X143.715 Y155.213 E41.51382
G1 X174.432 Y161.653 E43.17908
G1 X174.432 Y161.19 E43.20365
G1 X145.923 Y155.213 E44.74921
G1 X148.131 Y155.213 E44.86637
G1 X174.432 Y160.727 E46.29222
G1 X174.432 Y160.264 E46.31679
G1 X150.339 Y155.213 E47.62294
G1 X152.547 Y155.213 E47.7401
G1 X174.432 Y159.801 E48.92655
G1 X174.432 Y159.339 E48.95106
G1 X154.755 Y155.213 E50.01782
G1 X156.963 Y155.213 E50.13498
G1 X174.432 Y158.876 E51.08203
G1 X174.432 Y158.413 E51.1066
G1 X159.171 Y155.213 E51.93395
G1 X161.379 Y155.213 E52.05111
G1 X174.432 Y157.95 E52.75876
G1 X174.432 Y157.487 E52.78333
G1 X163.587 Y155.213 E53.37127
G1 X165.795 Y155.213 E53.48843
G1 X174.432 Y157.024 E53.95667
G1 X174.432 Y156.561 E53.98124
G1 X168.003 Y155.213 E54.32978
G1 X170.211 Y155.213 E54.44694
G1 X174.432 Y156.098 E54.67577
G1 X174.432 Y155.635 E54.70034
G1 X171.453 Y155.01 E54.86185
M107
G1 E52.86185 F2400
G92 E0
G1 X117.313 Y169.078 F7800
G1 E2 F2400
;WIDTH:0.400699
M106 S255
G1 F1500
G1 X112.498 Y168.448 E2.25459
G1 X112.498 Y167.993 E2.27844
G1 X119.24 Y168.875 E2.63492
G1 X122.714 Y168.875 E2.81705
G1 X112.498 Y167.539 E3.35721
G1 X112.497 Y167.084 E3.38106
G1 X126.189 Y168.875 E4.10501
G1 X129.663 Y168.875 E4.28714
G1 X112.497 Y166.63 E5.19478
G1 X112.497 Y166.175 E5.21863
G1 X133.138 Y168.875 E6.31001
G1 X135.751 Y168.875 E6.447
G1 X135.751 Y168.763 E6.45287
G1 X112.497 Y165.721 E7.68241
G1 X112.497 Y165.266 E7.70626
G1 X135.751 Y168.308 E8.9358
G1 X135.751 Y167.854 E8.9596
G1 X112.497 Y164.811 E10.18915
G1 X112.497 Y164.357 E10.21295
G1 X135.751 Y167.399 E11.44249
G1 X135.751 Y166.945 E11.46629
G1 X112.497 Y163.902 E12.69584
G1 X112.496 Y163.448 E12.71964
G1 X135.751 Y166.49 E13.94923
G1 X135.751 Y166.035 E13.97308
G1 X112.496 Y162.993 E15.20267
G1 X112.496 Y162.539 E15.22647
G1 X135.751 Y165.581 E16.45606
G1 X135.751 Y165.126 E16.47991
G1 X112.496 Y162.084 E17.7095
G1 X112.496 Y161.63 E17.7333
G1 X135.751 Y164.672 E18.96289
G1 X135.751 Y164.217 E18.98674
G1 X112.496 Y161.175 E20.21633
G1 X112.496 Y160.72 E20.24018
G1 X135.751 Y163.763 E21.46978
G1 X135.751 Y163.308 E21.49363
G1 X112.495 Y160.266 E22.72327
G1 X112.495 Y159.811 E22.74712
G1 X135.751 Y162.854 E23.97677
G1 X135.751 Y162.399 E24.00062
G1 X112.495 Y159.357 E25.23026
G1 X112.495 Y158.902 E25.25411
G1 X135.751 Y161.945 E26.48376
G1 X135.751 Y161.49 E26.50761
G1 X112.495 Y158.448 E27.73725
G1 X112.495 Y157.993 E27.7611
G1 X135.751 Y161.036 E28.99075
G1 X135.751 Y160.581 E29.0146
G1 X112.495 Y157.539 E30.24424
G1 X112.495 Y157.084 E30.26809
G1 X135.751 Y160.126 E31.49773
G1 X135.751 Y159.672 E31.52153
G1 X112.494 Y156.629 E32.75123
G1 X112.494 Y156.175 E32.77503
G1 X135.751 Y159.217 E34.00473
G1 X135.751 Y158.763 E34.02853
G1 X112.494 Y155.72 E35.25823
G1 X112.494 Y155.266 E35.28203
G1 X135.751 Y158.308 E36.51173
G1 X135.751 Y157.854 E36.53553
G1 X112.494 Y154.811 E37.76523
G1 X112.494 Y154.357 E37.78903
G1 X135.751 Y157.399 E39.01873
G1 X135.751 Y156.945 E39.04253
G1 X112.494 Y153.902 E40.27223
G1 X112.493 Y153.448 E40.29603
G1 X135.751 Y156.49 E41.52578
G1 X135.751 Y156.036 E41.54958
G1 X112.493 Y152.993 E42.77933
G1 X112.493 Y152.538 E42.80318
G1 X135.751 Y155.581 E44.03293
G1 X135.751 Y155.126 E44.05678
G1 X112.493 Y152.084 E45.28653
G1 X112.493 Y151.629 E45.31038
G1 X135.751 Y154.672 E46.54013
G1 X135.751 Y154.217 E46.56398
G1 X112.493 Y151.175 E47.79373
G1 X112.493 Y150.72 E47.81758
G1 X135.751 Y153.763 E49.04733
G1 X135.751 Y153.308 E49.07118
G1 X112.493 Y150.266 E50.30093
G1 X112.492 Y149.811 E50.32478
G1 X135.751 Y152.854 E51.55459
G1 X135.751 Y152.399 E51.57844
G1 X112.492 Y149.357 E52.80824
G1 X112.492 Y148.902 E52.83209
G1 X135.751 Y151.945 E54.0619
G1 X135.751 Y151.49 E54.08575
G1 X112.492 Y148.447 E55.31556
G1 X112.492 Y147.993 E55.33936
G1 X135.751 Y151.036 E56.56917
G1 X135.751 Y150.581 E56.59302
G1 X112.492 Y147.538 E57.82283
G1 X112.492 Y147.084 E57.84663
G1 X135.751 Y150.127 E59.07644
G1 X135.751 Y149.672 E59.10029
G1 X112.491 Y146.629 E60.33015
G1 X112.491 Y146.175 E60.35395
G1 X135.751 Y149.217 E61.5838
G1 X135.751 Y148.763 E61.6076
G1 X112.491 Y145.72 E62.83746
G1 X112.491 Y145.266 E62.86126
G1 X135.751 Y148.308 E64.09111
G1 X135.751 Y147.854 E64.11491
G1 X112.491 Y144.811 E65.34477
G1 X112.491 Y144.642 E65.35363
G1 X112.418 Y144.347 E65.36956
G1 X135.751 Y147.399 E66.60327
G1 X135.751 Y146.945 E66.62707
G1 X112.073 Y143.847 E67.87903
G1 X111.901 Y143.699 E67.89093
G1 X111.734 Y143.61 E67.90085
G1 X111.512 Y143.535 E67.91314
G1 X111.22 Y143.5 E67.92856
G1 X109.401 Y143.498 E68.02393
G1 X109.401 Y143.043 E68.04778
G1 X135.751 Y146.49 E69.44102
G1 X135.751 Y146.036 E69.46482
G1 X109.401 Y142.589 E70.85806
G1 X109.401 Y142.134 E70.88191
G1 X135.751 Y145.581 E72.27515
G1 X135.751 Y145.127 E72.29895
G1 X109.401 Y141.679 E73.6922
G1 X109.401 Y141.225 E73.716
G1 X135.76 Y144.673 E75.10971
G1 X135.77 Y144.563 E75.1155
G1 X135.836 Y144.326 E75.1284
G1 X135.879 Y144.234 E75.13372
G1 X109.401 Y140.77 E76.53373
G1 X109.401 Y140.316 E76.55753
G1 X136.197 Y143.821 E77.97435
G1 X136.428 Y143.652 E77.98936
G1 X136.668 Y143.554 E78.00295
G1 X136.837 Y143.516 E78.01203
G1 X137.218 Y143.5 E78.03202
G1 X109.401 Y139.861 E79.50283
G1 X109.401 Y139.407 E79.52663
G1 X140.598 Y143.488 E81.17615
G1 X140.598 Y143.034 E81.19995
G1 X109.401 Y138.952 E82.84948
G1 X109.401 Y138.498 E82.87328
G1 X140.598 Y142.579 E84.5228
G1 X140.598 Y142.124 E84.54665
G1 X109.401 Y138.043 E86.19617
G1 X109.401 Y137.589 E86.21997
G1 X140.598 Y141.67 E87.86949
G1 X140.598 Y141.215 E87.89334
G1 X109.401 Y137.134 E89.54286
G1 X109.401 Y136.68 E89.56666
G1 X140.598 Y140.761 E91.21618
G1 X140.598 Y140.306 E91.24003
G1 X109.401 Y136.225 E92.88955
G1 X109.401 Y135.77 E92.9134
G1 X140.598 Y139.852 E94.56293
G1 X140.598 Y139.397 E94.58678
G1 X109.401 Y135.316 E96.2363
G1 X109.401 Y134.861 E96.26015
G1 X140.598 Y138.943 E97.90968
G1 X140.598 Y138.488 E97.93353
G1 X109.401 Y134.407 E99.58305
G1 X109.401 Y133.952 E99.6069
G1 X140.598 Y138.034 E101.25643
G1 X140.598 Y137.579 E101.28028
G1 X109.401 Y133.498 E102.9298
G1 X109.401 Y133.043 E102.95365
G1 X140.598 Y137.125 E104.60318
G1 X140.598 Y136.67 E104.62703
G1 X109.401 Y132.589 E106.27655
G1 X109.401 Y132.134 E106.3004
G1 X121.61 Y133.731 E106.94594
G1 X121.561 Y133.641 E106.95131
G1 X121.486 Y133.398 E106.96464
G1 X121.471 Y133.259 E106.97197
G1 X109.401 Y131.68 E107.61016
G1 X109.401 Y131.225 E107.63401
G1 X121.46 Y132.803 E108.27163
G1 X121.46 Y132.348 E108.29548
G1 X109.401 Y130.771 E108.93309
G1 X109.401 Y130.316 E108.95694
G1 X121.46 Y131.894 E109.59456
G1 X121.46 Y131.439 E109.61841
G1 X109.401 Y129.861 E110.25603
G1 X109.401 Y129.407 E110.27983
G1 X121.46 Y130.985 E110.91745
G1 X121.46 Y130.53 E110.9413
G1 X109.401 Y128.952 E111.57892
G1 X109.401 Y128.498 E111.60272
G1 X121.46 Y130.075 E112.24033
G1 X121.46 Y129.621 E112.26413
G1 X109.401 Y128.043 E112.90175
G1 X109.401 Y127.589 E112.92555
G1 X121.46 Y129.166 E113.56316
G1 X121.46 Y128.712 E113.58696
G1 X109.401 Y127.134 E114.22458
G1 X109.401 Y126.68 E114.24838
G1 X121.46 Y128.257 E114.88599
G1 X121.46 Y127.803 E114.90979
G1 X109.401 Y126.225 E115.54741
G1 X109.401 Y125.771 E115.57121
G1 X121.46 Y127.348 E116.20882
G1 X121.46 Y126.894 E116.23262
G1 X109.401 Y125.316 E116.87024
G1 X109.401 Y124.862 E116.89404
G1 X121.46 Y126.439 E117.53165
G1 X121.46 Y125.985 E117.55545
G1 X109.401 Y124.407 E118.19307
G1 X109.401 Y123.952 E118.21692
G1 X121.46 Y125.53 E118.85454
G1 X121.46 Y125.075 E118.87839
G1 X109.401 Y123.498 E119.516
G1 X109.401 Y123.043 E119.53985
G1 X121.46 Y124.621 E120.17747
G1 X121.46 Y124.166 E120.20132
G1 X109.401 Y122.589 E120.83893
G1 X109.401 Y122.134 E120.86278
G1 X121.46 Y123.712 E121.5004
G1 X121.46 Y123.257 E121.52425
G1 X109.401 Y121.68 E122.16186
G1 X109.401 Y121.225 E122.18571
G1 X121.46 Y122.803 E122.82333
G1 X121.46 Y122.348 E122.84718
G1 X109.401 Y120.771 E123.48479
G1 X109.401 Y120.316 E123.50864
G1 X121.46 Y121.894 E124.14626
G1 X121.46 Y121.439 E124.17011
G1 X109.401 Y119.862 E124.80772
G1 X109.401 Y119.407 E124.83157
G1 X121.46 Y120.985 E125.46919
G1 X121.46 Y120.53 E125.49304
G1 X109.401 Y118.952 E126.13066
G1 X109.401 Y118.498 E126.15446
G1 X121.46 Y120.076 E126.79208
G1 X121.46 Y119.621 E126.81593
G1 X109.401 Y118.043 E127.45355
G1 X109.401 Y117.589 E127.47735
G1 X121.46 Y119.166 E128.11496
G1 X121.46 Y118.712 E128.13876
G1 X109.401 Y117.134 E128.77638
G1 X109.401 Y116.68 E128.80018
G1 X121.46 Y118.257 E129.43779
G1 X121.46 Y117.803 E129.46159
G1 X109.401 Y116.225 E130.09921
G1 X109.401 Y115.771 E130.12301
G1 X121.46 Y117.348 E130.76062
G1 X121.46 Y116.894 E130.78442
G1 X109.401 Y115.316 E131.42204
G1 X109.401 Y114.862 E131.44584
G1 X121.46 Y116.439 E132.08345
G1 X121.46 Y115.985 E132.10725
G1 X109.401 Y114.407 E132.74487
G1 X109.401 Y113.953 E132.76867
G1 X121.46 Y115.53 E133.40628
G1 X121.46 Y115.076 E133.43008
G1 X109.401 Y113.498 E134.0677
G1 X109.401 Y113.043 E134.09155
G1 X121.46 Y114.621 E134.72917
G1 X121.46 Y114.167 E134.75297
G1 X109.401 Y112.589 E135.39059
G1 X109.401 Y112.134 E135.41444
G1 X121.46 Y113.712 E136.05206
G1 X121.46 Y113.257 E136.07591
G1 X109.401 Y111.68 E136.71352
G1 X109.401 Y111.225 E136.73737
G1 X121.46 Y112.803 E137.37499
G1 X121.46 Y112.348 E137.39884
G1 X109.401 Y110.771 E138.03645
G1 X109.401 Y110.316 E138.0603
G1 X121.46 Y111.894 E138.69792
G1 X121.46 Y111.439 E138.72177
G1 X109.401 Y109.862 E139.35938
G1 X109.401 Y109.407 E139.38323
G1 X121.46 Y110.985 E140.02085
G1 X121.46 Y110.53 E140.0447
G1 X109.401 Y108.953 E140.68231
G1 X109.401 Y108.498 E140.70616
G1 X121.46 Y110.076 E141.34378
G1 X121.46 Y109.621 E141.36763
G1 X109.401 Y108.044 E142.00524
G1 X109.401 Y107.589 E142.02909
G1 X121.46 Y109.167 E142.66671
G1 X121.46 Y108.712 E142.69056
G1 X109.401 Y107.134 E143.32818
G1 X109.401 Y106.68 E143.35198
G1 X121.46 Y108.258 E143.9896
G1 X121.46 Y107.803 E144.01345
G1 X109.401 Y106.225 E144.65107
G1 X109.401 Y105.771 E144.67487
G1 X121.46 Y107.348 E145.31248
G1 X121.46 Y106.894 E145.33628
G1 X109.401 Y105.316 E145.9739
G1 X109.401 Y104.862 E145.9977
G1 X121.46 Y106.439 E146.63531
G1 X121.46 Y105.985 E146.65911
G1 X109.401 Y104.407 E147.29673
G1 X109.401 Y103.953 E147.32053
G1 X121.46 Y105.53 E147.95814
G1 X121.46 Y105.076 E147.98194
G1 X109.401 Y103.498 E148.61956
G1 X109.401 Y103.044 E148.64336
G1 X121.46 Y104.621 E149.28097
G1 X121.46 Y104.167 E149.30477
G1 X109.401 Y102.589 E149.94239
G1 X109.401 Y102.135 E149.96619
G1 X121.46 Y103.712 E150.6038
G1 X121.46 Y103.258 E150.6276
G1 X109.401 Y101.68 E151.26522
G1 X109.401 Y101.225 E151.28907
G1 X121.46 Y102.803 E151.92669
G1 X121.46 Y102.349 E151.95049
G1 X109.401 Y100.771 E152.58811
G1 X109.401 Y100.316 E152.61196
G1 X121.46 Y101.894 E153.24958
G1 X121.46 Y101.439 E153.27343
G1 X109.401 Y99.862 E153.91104
G1 X109.401 Y99.407 E153.93489
G1 X121.46 Y100.985 E154.57251
G1 X121.46 Y100.53 E154.59636
G1 X109.401 Y98.953 E155.23397
G1 X109.401 Y98.498 E155.25782
G1 X121.46 Y100.076 E155.89544
G1 X121.46 Y99.621 E155.91929
G1 X109.401 Y98.044 E156.5569
G1 X109.401 Y97.589 E156.58075
G1 X121.46 Y99.167 E157.21837
G1 X121.46 Y98.712 E157.24222
G1 X109.401 Y97.135 E157.87983
G1 X109.401 Y96.68 E157.90368
G1 X121.46 Y98.258 E158.5413
G1 X121.46 Y97.803 E158.56515
G1 X109.401 Y96.226 E159.20276
G1 X109.401 Y95.771 E159.22661
G1 X121.46 Y97.349 E159.86423
G1 X121.46 Y96.894 E159.88808
G1 X109.401 Y95.316 E160.5257
G1 X109.401 Y94.862 E160.5495
G1 X121.46 Y96.44 E161.18712
G1 X121.46 Y95.985 E161.21097
G1 X109.401 Y94.407 E161.84859
G1 X109.401 Y93.953 E161.87239
G1 X121.46 Y95.53 E162.51
G1 X121.46 Y95.076 E162.5338
G1 X109.401 Y93.498 E163.17142
G1 X109.401 Y93.044 E163.19522
G1 X121.46 Y94.621 E163.83283
G1 X121.46 Y94.167 E163.85663
G1 X109.401 Y92.589 E164.49425
G1 X109.401 Y92.135 E164.51805
G1 X121.46 Y93.712 E165.15566
G1 X121.46 Y93.258 E165.17946
G1 X109.401 Y91.68 E165.81708
G1 X109.401 Y91.226 E165.84088
G1 X121.46 Y92.803 E166.47849
G1 X121.46 Y92.349 E166.50229
G1 X109.401 Y90.771 E167.13991
G1 X109.401 Y90.317 E167.16371
G1 X121.46 Y91.894 E167.80132
G1 X121.46 Y91.44 E167.82512
G1 X109.401 Y89.862 E168.46274
G1 X109.401 Y89.407 E168.48659
G1 X121.46 Y90.985 E169.12421
G1 X121.46 Y90.531 E169.14801
G1 X109.401 Y88.953 E169.78563
G1 X109.401 Y88.498 E169.80948
G1 X121.46 Y90.076 E170.4471
G1 X121.46 Y89.621 E170.47095
G1 X109.401 Y88.044 E171.10856
G1 X109.401 Y87.589 E171.13241
G1 X121.46 Y89.167 E171.77003
G1 X121.46 Y88.712 E171.79388
G1 X109.401 Y87.135 E172.43149
G1 X109.401 Y86.68 E172.45534
G1 X121.46 Y88.258 E173.09296
G1 X121.46 Y87.803 E173.11681
G1 X109.401 Y86.226 E173.75442
G1 X109.401 Y85.771 E173.77827
G1 X121.46 Y87.349 E174.41589
G1 X121.46 Y86.894 E174.43974
G1 X109.401 Y85.317 E175.07735
G1 X109.401 Y84.862 E175.1012
G1 X121.46 Y86.44 E175.73882
G1 X121.46 Y85.985 E175.76267
G1 X109.401 Y84.408 E176.40028
G1 X109.401 Y83.953 E176.42413
G1 X121.46 Y85.531 E177.06175
G1 X121.46 Y85.076 E177.0856
G1 X109.401 Y83.498 E177.72322
G1 X109.401 Y83.044 E177.74702
G1 X121.46 Y84.622 E178.38464
G1 X121.46 Y84.167 E178.40849
G1 X109.401 Y82.589 E179.04611
G1 X109.401 Y82.135 E179.06991
G1 X121.46 Y83.712 E179.70752
G1 X121.46 Y83.258 E179.73132
G1 X109.401 Y81.68 E180.36894
G1 X109.401 Y81.226 E180.39274
G1 X121.46 Y82.803 E181.03035
G1 X121.46 Y82.349 E181.05415
G1 X109.401 Y80.771 E181.69177
G1 X109.401 Y80.317 E181.71557
G1 X121.46 Y81.894 E182.35318
G1 X121.46 Y81.44 E182.37698
G1 X109.401 Y79.862 E183.0146
G1 X109.401 Y79.408 E183.0384
G1 X121.46 Y80.985 E183.67601
G1 X121.46 Y80.531 E183.69981
G1 X109.401 Y78.953 E184.33743
G1 X109.401 Y78.498 E184.36128
G1 X121.46 Y80.076 E184.9989
G1 X121.46 Y79.622 E185.0227
G1 X109.401 Y78.044 E185.66032
G1 X109.401 Y77.589 E185.68417
G1 X121.46 Y79.167 E186.32179
G1 X121.46 Y78.712 E186.34564
G1 X109.401 Y77.135 E186.98325
G1 X109.401 Y76.68 E187.0071
G1 X121.46 Y78.258 E187.64472
G1 X121.46 Y77.803 E187.66857
G1 X109.401 Y76.226 E188.30618
G1 X109.401 Y75.771 E188.33003
G1 X121.46 Y77.349 E188.96765
G1 X121.46 Y76.894 E188.9915
G1 X109.401 Y75.317 E189.62911
G1 X109.401 Y74.862 E189.65296
G1 X121.46 Y76.44 E190.29058
G1 X121.46 Y75.985 E190.31443
G1 X109.401 Y74.408 E190.95204
G1 X109.401 Y73.953 E190.97589
G1 X121.46 Y75.531 E191.61351
G1 X121.46 Y75.076 E191.63736
G1 X109.401 Y73.499 E192.27497
G1 X109.401 Y73.044 E192.29882
G1 X121.46 Y74.622 E192.93644
G1 X121.46 Y74.167 E192.96029
G1 X109.401 Y72.589 E193.59791
G1 X109.401 Y72.135 E193.62171
G1 X121.46 Y73.713 E194.25933
G1 X121.46 Y73.258 E194.28318
G1 X109.401 Y71.68 E194.9208
G1 X109.401 Y71.226 E194.9446
G1 X121.46 Y72.803 E195.58221
G1 X121.46 Y72.349 E195.60601
G1 X109.401 Y70.771 E196.24363
G1 X109.401 Y70.317 E196.26743
G1 X121.46 Y71.894 E196.90504
G1 X121.46 Y71.44 E196.92884
G1 X109.401 Y69.862 E197.56646
G1 X109.401 Y69.408 E197.59026
G1 X121.46 Y70.985 E198.22787
G1 X121.46 Y70.531 E198.25167
G1 X109.401 Y68.953 E198.88929
G1 X109.401 Y68.499 E198.91309
G1 X121.46 Y70.076 E199.5507
G1 X121.46 Y69.622 E199.5745
G1 X109.401 Y68.044 E200.21212
G1 X109.401 Y67.59 E200.23592
G1 X121.46 Y69.167 E200.87353
G1 X121.46 Y68.713 E200.89733
G1 X109.401 Y67.135 E201.53495
G1 X109.401 Y66.68 E201.5588
G1 X121.46 Y68.258 E202.19642
G1 X121.46 Y67.804 E202.22022
G1 X109.401 Y66.226 E202.85784
G1 X109.401 Y65.771 E202.88169
G1 X121.46 Y67.349 E203.51931
G1 X121.46 Y66.894 E203.54316
G1 X109.401 Y65.317 E204.18077
G1 X109.401 Y64.862 E204.20462
G1 X121.46 Y66.44 E204.84224
G1 X121.46 Y65.985 E204.86609
G1 X109.401 Y64.408 E205.5037
G1 X109.401 Y63.953 E205.52755
G1 X121.46 Y65.531 E206.16517
G1 X121.46 Y65.076 E206.18902
G1 X109.401 Y63.499 E206.82663
G1 X109.401 Y63.044 E206.85048
G1 X121.46 Y64.622 E207.4881
G1 X121.46 Y64.167 E207.51195
G1 X109.401 Y62.59 E208.14956
G1 X109.401 Y62.135 E208.17341
G1 X121.46 Y63.713 E208.81103
G1 X121.46 Y63.258 E208.83488
G1 X109.401 Y61.681 E209.47249
G1 X109.401 Y61.226 E209.49634
G1 X121.46 Y62.804 E210.13396
G1 X121.46 Y62.349 E210.15781
G1 X109.401 Y60.771 E210.79543
G1 X109.401 Y60.317 E210.81923
G1 X121.46 Y61.895 E211.45685
G1 X121.46 Y61.44 E211.4807
G1 X109.401 Y59.862 E212.11832
G1 X109.401 Y59.408 E212.14212
G1 X121.46 Y60.985 E212.77973
G1 X121.46 Y60.531 E212.80353
G1 X109.401 Y58.953 E213.44115
G1 X109.401 Y58.499 E213.46495
G1 X121.46 Y60.076 E214.10256
G1 X121.46 Y59.622 E214.12636
G1 X109.401 Y58.044 E214.76398
G1 X109.401 Y57.59 E214.78778
G1 X121.46 Y59.167 E215.42539
G1 X121.46 Y58.713 E215.44919
G1 X109.401 Y57.135 E216.08681
G1 X109.401 Y56.681 E216.11061
G1 X121.46 Y58.258 E216.74822
G1 X121.46 Y57.804 E216.77202
G1 X109.401 Y56.226 E217.40964
G1 X109.401 Y56.066 E217.41803
G1 X109.361 Y55.766 E217.4339
G1 X121.662 Y57.376 E218.08431
M107
G1 E216.08431 F2400
G92 E0
G1 X79.104 Y54.99 F7800
G1 E2 F2400
M106 S255
G1 F1500
G1 X75.568 Y54.527 E2.18697
G1 X75.568 Y54.073 E2.21077
G1 X81.031 Y54.787 E2.49962
G1 X84.505 Y54.787 E2.68175
G1 X75.568 Y53.618 E3.15429
G1 X75.568 Y53.164 E3.17809
G1 X87.98 Y54.787 E3.83436
G1 X91.454 Y54.787 E4.01649
G1 X75.568 Y52.709 E4.85645
G1 X75.568 Y52.255 E4.88025
G1 X94.929 Y54.787 E5.90395
G1 X98.403 Y54.787 E6.08608
G1 X75.568 Y51.8 E7.29346
G1 X75.568 Y51.345 E7.31731
G1 X103.426 Y54.99 E8.79029
M107
G1 E6.79029 F2400
G92 E0
G1 X121.662 Y56.921 F7800
G1 E2 F2400
M106 S255
G1 F1500
G1 X109.117 Y55.28 E2.66331
G1 X109.077 Y55.217 E2.66722
G1 X108.811 Y54.99 E2.68555
G1 X108.485 Y54.84 E2.70436
G1 X108.125 Y54.787 E2.72344
G1 X105.352 Y54.787 E2.86882
G1 X75.568 Y50.891 E4.44363
G1 X75.568 Y50.436 E4.46748
G1 X121.46 Y56.44 E6.89399
G1 X121.46 Y55.986 E6.91779
G1 X75.568 Y49.982 E9.3443
G1 X75.568 Y49.527 E9.36815
G1 X121.46 Y55.531 E11.79466
G1 X121.46 Y55.076 E11.81851
G1 X75.568 Y49.073 E14.24502
G1 X75.568 Y48.618 E14.26887
G1 X121.46 Y54.622 E16.69538
G1 X121.46 Y54.167 E16.71923
G1 X75.568 Y48.164 E19.14574
G1 X75.568 Y47.709 E19.16959
G1 X121.46 Y53.713 E21.5961
G1 X121.46 Y53.258 E21.61995
G1 X75.568 Y47.255 E24.04646
G1 X75.568 Y46.8 E24.07031
G1 X121.46 Y52.804 E26.49682
G1 X121.46 Y52.349 E26.52067
G1 X75.568 Y46.346 E28.94718
G1 X75.568 Y45.891 E28.97103
G1 X121.46 Y51.895 E31.39754
G1 X121.46 Y51.44 E31.42139
G1 X75.568 Y45.436 E33.8479
G1 X75.568 Y44.982 E33.8717
G1 X121.46 Y50.986 E36.29821
G1 X121.46 Y50.531 E36.32206
G1 X75.568 Y44.527 E38.74857
G1 X75.568 Y44.073 E38.77237
G1 X121.46 Y50.077 E41.19888
G1 X121.46 Y49.622 E41.22273
G1 X75.568 Y43.618 E43.64924
G1 X75.568 Y43.164 E43.67304
G1 X121.46 Y49.167 E46.09955
G1 X121.46 Y48.713 E46.12335
G1 X75.568 Y42.709 E48.54986
G1 X75.568 Y42.255 E48.57366
G1 X121.46 Y48.258 E51.00017
G1 X121.46 Y47.804 E51.02397
G1 X75.568 Y41.8 E53.45048
G1 X75.568 Y41.346 E53.47428
G1 X121.46 Y47.349 E55.90079
G1 X121.46 Y46.895 E55.92459
G1 X77.353 Y41.125 E58.25672
G1 X80.828 Y41.125 E58.43891
G1 X121.46 Y46.44 E60.5873
G1 X121.46 Y45.986 E60.6111
G1 X84.302 Y41.125 E62.57581
G1 X87.777 Y41.125 E62.758
G1 X121.46 Y45.531 E64.53896
G1 X121.46 Y45.077 E64.56276
G1 X91.251 Y41.125 E66.16004
G1 X94.726 Y41.125 E66.34223
G1 X121.46 Y44.622 E67.75577
G1 X121.46 Y44.168 E67.77957
G1 X98.2 Y41.125 E69.00943
G1 X101.675 Y41.125 E69.19162
G1 X121.46 Y43.713 E70.23774
G1 X121.46 Y43.258 E70.26159
G1 X105.149 Y41.125 E71.12402
G1 X108.624 Y41.125 E71.30621
G1 X121.46 Y42.804 E71.9849
G1 X121.46 Y42.349 E72.00875
G1 X112.098 Y41.125 E72.50375
G1 X115.573 Y41.125 E72.68594
G1 X121.46 Y41.895 E72.99721
G1 X121.46 Y41.44 E73.02106
G1 X117.499 Y40.922 E73.23049
M107
G1 E71.23049 F2400
G92 E0
G1 X125.362 Y134.222 F7800
G1 E2 F2400
M106 S255
G1 F1500
G1 X140.598 Y136.215 E2.80559
G1 X140.598 Y135.761 E2.82939
G1 X128.066 Y134.121 E3.49202
G1 X128.19 Y134.023 E3.50031
G1 X128.406 Y133.711 E3.5202
G1 X140.598 Y135.306 E4.16484
G1 X140.598 Y134.852 E4.18864
G1 X128.532 Y133.273 E4.82663
G1 X128.532 Y132.819 E4.85043
G1 X140.598 Y134.397 E5.48841
G1 X140.598 Y133.943 E5.51221
G1 X128.532 Y132.364 E6.1502
G1 X128.532 Y131.91 E6.174
G1 X140.598 Y133.488 E6.81198
G1 X140.598 Y133.034 E6.83578
G1 X128.532 Y131.455 E7.47377
G1 X128.532 Y131.001 E7.49757
G1 X140.598 Y132.579 E8.13555
G1 X140.598 Y132.125 E8.15935
G1 X128.532 Y130.546 E8.79734
G1 X128.532 Y130.092 E8.82114
G1 X140.598 Y131.67 E9.45912
G1 X140.598 Y131.216 E9.48292
G1 X128.532 Y129.637 E10.12091
G1 X128.532 Y129.182 E10.14476
G1 X140.598 Y130.761 E10.78275
G1 X140.598 Y130.306 E10.8066
G1 X128.532 Y128.728 E11.44458
G1 X128.532 Y128.273 E11.46843
G1 X140.598 Y129.852 E12.10642
G1 X140.598 Y129.397 E12.13027
G1 X128.532 Y127.819 E12.76825
G1 X128.532 Y127.364 E12.7921
G1 X140.598 Y128.943 E13.43009
G1 X140.598 Y128.488 E13.45394
G1 X128.533 Y126.91 E14.09187
G1 X128.533 Y126.455 E14.11572
G1 X140.598 Y128.034 E14.75365
G1 X140.598 Y127.579 E14.7775
G1 X128.533 Y126.001 E15.41543
G1 X128.533 Y125.546 E15.43928
G1 X140.598 Y127.125 E16.07721
G1 X140.598 Y126.67 E16.10106
G1 X128.533 Y125.092 E16.73899
G1 X128.533 Y124.637 E16.76284
G1 X140.598 Y126.216 E17.40077
G1 X140.598 Y125.761 E17.42462
G1 X128.533 Y124.183 E18.06255
G1 X128.533 Y123.728 E18.0864
G1 X140.598 Y125.307 E18.72433
G1 X140.598 Y124.852 E18.74818
G1 X128.533 Y123.274 E19.38611
G1 X128.533 Y122.819 E19.40996
G1 X140.598 Y124.397 E20.04789
G1 X140.598 Y123.943 E20.07169
G1 X128.533 Y122.364 E20.70962
G1 X128.533 Y121.91 E20.73342
G1 X140.598 Y123.488 E21.37135
G1 X140.598 Y123.034 E21.39515
G1 X128.533 Y121.455 E22.03308
G1 X128.533 Y121.001 E22.05688
G1 X140.598 Y122.579 E22.69481
G1 X140.598 Y122.125 E22.71861
G1 X128.533 Y120.546 E23.35654
G1 X128.533 Y120.092 E23.38034
G1 X140.598 Y121.67 E24.01827
G1 X140.598 Y121.216 E24.04207
G1 X128.533 Y119.637 E24.68
G1 X128.533 Y119.183 E24.7038
G1 X140.598 Y120.761 E25.34173
G1 X140.598 Y120.307 E25.36553
G1 X128.533 Y118.728 E26.00346
G1 X128.533 Y118.274 E26.02726
G1 X140.598 Y119.852 E26.66519
G1 X140.598 Y119.397 E26.68904
G1 X128.533 Y117.819 E27.32697
G1 X128.533 Y117.365 E27.35077
G1 X140.598 Y118.943 E27.9887
G1 X140.598 Y118.488 E28.01255
G1 X128.533 Y116.91 E28.65048
G1 X128.533 Y116.456 E28.67428
G1 X140.598 Y118.034 E29.31221
G1 X140.598 Y117.579 E29.33606
G1 X128.533 Y116.001 E29.97399
G1 X128.534 Y115.546 E29.99784
G1 X140.598 Y117.125 E30.63572
G1 X140.598 Y116.67 E30.65957
G1 X128.534 Y115.092 E31.29744
G1 X128.534 Y114.637 E31.32129
G1 X140.598 Y116.216 E31.95917
G1 X140.598 Y115.761 E31.98302
G1 X128.534 Y114.183 E32.62089
G1 X128.534 Y113.728 E32.64474
G1 X140.598 Y115.307 E33.28262
G1 X140.598 Y114.852 E33.30647
G1 X128.534 Y113.274 E33.94434
G1 X128.534 Y112.819 E33.96819
G1 X140.598 Y114.398 E34.60607
G1 X140.598 Y113.943 E34.62992
G1 X128.534 Y112.365 E35.26779
G1 X128.534 Y111.91 E35.29164
G1 X140.598 Y113.488 E35.92951
G1 X140.598 Y113.034 E35.95331
G1 X128.534 Y111.456 E36.59118
G1 X128.534 Y111.001 E36.61503
G1 X140.598 Y112.579 E37.2529
G1 X140.598 Y112.125 E37.2767
G1 X128.534 Y110.547 E37.91457
G1 X128.534 Y110.092 E37.93842
G1 X140.598 Y111.67 E38.57629
G1 X140.598 Y111.216 E38.60009
G1 X128.534 Y109.638 E39.23796
G1 X128.534 Y109.183 E39.26181
G1 X140.598 Y110.761 E39.89968
G1 X140.598 Y110.307 E39.92348
G1 X128.534 Y108.728 E40.56136
G1 X128.534 Y108.274 E40.58516
G1 X140.598 Y109.852 E41.22303
G1 X140.598 Y109.398 E41.24683
G1 X128.534 Y107.819 E41.88471
G1 X128.534 Y107.365 E41.90851
G1 X140.598 Y108.943 E42.54638
G1 X140.598 Y108.489 E42.57018
G1 X128.534 Y106.91 E43.20806
G1 X128.534 Y106.456 E43.23186
G1 X140.598 Y108.034 E43.86973
G1 X140.598 Y107.579 E43.89358
G1 X128.534 Y106.001 E44.53145
G1 X128.534 Y105.547 E44.55525
G1 X140.598 Y107.125 E45.19312
G1 X140.598 Y106.67 E45.21697
G1 X128.534 Y105.092 E45.85484
G1 X128.534 Y104.638 E45.87864
G1 X140.598 Y106.216 E46.51651
G1 X140.598 Y105.761 E46.54036
G1 X128.534 Y104.183 E47.17823
G1 X128.535 Y103.729 E47.20203
G1 X140.598 Y105.307 E47.83985
G1 X140.598 Y104.852 E47.8637
G1 X128.535 Y103.274 E48.50152
G1 X128.535 Y102.82 E48.52532
G1 X140.598 Y104.398 E49.16314
G1 X140.598 Y103.943 E49.18699
G1 X128.535 Y102.365 E49.82481
G1 X128.535 Y101.91 E49.84866
G1 X140.598 Y103.489 E50.48649
G1 X140.598 Y103.034 E50.51034
G1 X128.535 Y101.456 E51.14816
G1 X128.535 Y101.001 E51.17201
G1 X140.598 Y102.58 E51.80984
G1 X140.598 Y102.125 E51.83369
G1 X128.535 Y100.547 E52.47151
G1 X128.535 Y100.092 E52.49536
G1 X140.598 Y101.67 E53.13318
G1 X140.598 Y101.216 E53.15698
G1 X128.535 Y99.638 E53.7948
G1 X128.535 Y99.183 E53.81865
G1 X140.598 Y100.761 E54.45647
G1 X140.598 Y100.307 E54.48027
G1 X128.535 Y98.729 E55.11809
G1 X128.535 Y98.274 E55.14194
G1 X140.598 Y99.852 E55.77976
G1 X140.598 Y99.398 E55.80356
G1 X128.535 Y97.82 E56.44138
G1 X128.535 Y97.365 E56.46523
G1 X140.598 Y98.943 E57.10305
G1 X140.598 Y98.489 E57.12685
G1 X128.535 Y96.911 E57.76467
G1 X128.535 Y96.456 E57.78852
G1 X140.598 Y98.034 E58.42634
G1 X140.598 Y97.58 E58.45014
G1 X128.535 Y96.001 E59.08797
G1 X128.535 Y95.547 E59.11177
G1 X140.598 Y97.125 E59.74959
G1 X140.598 Y96.671 E59.77339
G1 X128.535 Y95.092 E60.41122
G1 X128.535 Y94.638 E60.43502
G1 X140.598 Y96.216 E61.07284
G1 X140.598 Y95.761 E61.09669
G1 X128.535 Y94.183 E61.73451
G1 X128.535 Y93.729 E61.75831
G1 X140.598 Y95.307 E62.39613
G1 X140.598 Y94.852 E62.41998
G1 X128.535 Y93.274 E63.0578
G1 X128.535 Y92.82 E63.0816
G1 X140.598 Y94.398 E63.71942
G1 X140.598 Y93.943 E63.74327
G1 X128.536 Y92.365 E64.38104
G1 X128.536 Y91.911 E64.40484
G1 X140.598 Y93.489 E65.04261
G1 X140.598 Y93.034 E65.06646
G1 X128.536 Y91.456 E65.70423
G1 X128.536 Y91.002 E65.72803
G1 X140.598 Y92.58 E66.3658
G1 X140.598 Y92.125 E66.38965
G1 X128.536 Y90.547 E67.02742
G1 X128.536 Y90.093 E67.05122
G1 X140.598 Y91.671 E67.68899
G1 X140.598 Y91.216 E67.71284
G1 X128.536 Y89.638 E68.35061
G1 X128.536 Y89.183 E68.37446
G1 X140.598 Y90.762 E69.01224
G1 X140.598 Y90.307 E69.03609
G1 X128.536 Y88.729 E69.67386
G1 X128.536 Y88.274 E69.69771
G1 X140.598 Y89.852 E70.33548
G1 X140.598 Y89.398 E70.35928
G1 X128.536 Y87.82 E70.99705
G1 X128.536 Y87.365 E71.0209
G1 X140.598 Y88.943 E71.65867
G1 X140.598 Y88.489 E71.68247
G1 X128.536 Y86.911 E72.32024
G1 X128.536 Y86.456 E72.34409
G1 X140.598 Y88.034 E72.98186
G1 X140.598 Y87.58 E73.00566
G1 X128.536 Y86.002 E73.64343
G1 X128.536 Y85.547 E73.66728
G1 X140.598 Y87.125 E74.30505
G1 X140.598 Y86.671 E74.32885
G1 X128.536 Y85.093 E74.96662
G1 X128.536 Y84.638 E74.99047
G1 X140.598 Y86.216 E75.62824
G1 X140.598 Y85.762 E75.65204
G1 X128.536 Y84.184 E76.28981
G1 X128.536 Y83.729 E76.31366
G1 X140.598 Y85.307 E76.95143
G1 X140.598 Y84.853 E76.97523
G1 X128.536 Y83.275 E77.613
G1 X128.536 Y82.82 E77.63685
G1 X140.598 Y84.398 E78.27462
G1 X140.598 Y83.943 E78.29847
G1 X128.536 Y82.365 E78.93624
G1 X128.536 Y81.911 E78.96004
G1 X140.598 Y83.489 E79.59781
G1 X140.598 Y83.034 E79.62166
G1 X128.536 Y81.456 E80.25943
G1 X128.537 Y81.002 E80.28323
G1 X140.598 Y82.58 E80.92095
G1 X140.598 Y82.125 E80.9448
G1 X128.537 Y80.547 E81.58252
G1 X128.537 Y80.093 E81.60632
G1 X140.598 Y81.671 E82.24404
G1 X140.598 Y81.216 E82.26789
G1 X128.537 Y79.638 E82.90561
G1 X128.537 Y79.184 E82.92941
G1 X140.598 Y80.762 E83.56713
G1 X140.598 Y80.307 E83.59098
G1 X128.537 Y78.729 E84.2287
G1 X128.537 Y78.275 E84.2525
G1 X140.598 Y79.853 E84.89022
G1 X140.598 Y79.398 E84.91407
G1 X128.537 Y77.82 E85.55179
G1 X128.537 Y77.366 E85.57559
G1 X140.598 Y78.943 E86.2133
G1 X140.598 Y78.489 E86.2371
G1 X128.537 Y76.911 E86.87482
G1 X128.537 Y76.457 E86.89862
G1 X140.598 Y78.034 E87.53633
G1 X140.598 Y77.58 E87.56013
G1 X128.537 Y76.002 E88.19785
G1 X128.537 Y75.547 E88.2217
G1 X140.598 Y77.125 E88.85942
G1 X140.598 Y76.671 E88.88322
G1 X128.537 Y75.093 E89.52094
G1 X128.537 Y74.638 E89.54479
G1 X140.598 Y76.216 E90.18251
G1 X140.598 Y75.762 E90.20631
G1 X128.537 Y74.184 E90.84403
G1 X128.537 Y73.729 E90.86788
G1 X140.598 Y75.307 E91.5056
G1 X140.598 Y74.853 E91.5294
G1 X128.537 Y73.275 E92.16712
G1 X128.537 Y72.82 E92.19097
G1 X140.598 Y74.398 E92.82869
G1 X140.598 Y73.944 E92.85249
G1 X128.537 Y72.366 E93.49021
G1 X128.537 Y71.911 E93.51406
G1 X140.598 Y73.489 E94.15178
G1 X140.598 Y73.034 E94.17563
G1 X128.537 Y71.457 E94.81334
G1 X128.537 Y71.002 E94.83719
G1 X140.598 Y72.58 E95.47491
G1 X140.598 Y72.125 E95.49876
G1 X128.537 Y70.548 E96.13647
G1 X128.537 Y70.093 E96.16032
G1 X140.598 Y71.671 E96.79804
G1 X140.598 Y71.216 E96.82189
G1 X128.538 Y69.639 E97.45955
G1 X128.538 Y69.184 E97.4834
G1 X140.598 Y70.762 E98.12107
G1 X140.598 Y70.307 E98.14492
G1 X128.538 Y68.729 E98.78259
G1 X128.538 Y68.275 E98.80639
G1 X140.598 Y69.853 E99.44406
G1 X140.598 Y69.398 E99.46791
G1 X128.538 Y67.82 E100.10558
G1 X128.538 Y67.366 E100.12938
G1 X140.598 Y68.944 E100.76705
G1 X140.598 Y68.489 E100.7909
G1 X128.538 Y66.911 E101.42857
G1 X128.538 Y66.457 E101.45237
G1 X140.598 Y68.035 E102.09004
G1 X140.598 Y67.58 E102.11389
G1 X128.538 Y66.002 E102.75156
G1 X128.538 Y65.548 E102.77536
G1 X140.598 Y67.125 E103.41302
G1 X140.598 Y66.671 E103.43682
G1 X128.538 Y65.093 E104.07449
G1 X128.538 Y64.639 E104.09829
G1 X140.598 Y66.216 E104.73595
G1 X140.598 Y65.762 E104.75975
G1 X128.538 Y64.184 E105.39742
G1 X128.538 Y63.73 E105.42122
G1 X140.598 Y65.307 E106.05888
G1 X140.598 Y64.853 E106.08268
G1 X128.538 Y63.275 E106.72035
G1 X128.538 Y62.821 E106.74415
G1 X140.598 Y64.398 E107.38181
G1 X140.598 Y63.944 E107.40561
G1 X128.538 Y62.366 E108.04328
G1 X128.538 Y61.911 E108.06713
G1 X140.598 Y63.489 E108.7048
G1 X140.598 Y63.035 E108.7286
G1 X128.538 Y61.457 E109.36627
G1 X128.538 Y61.002 E109.39012
G1 X140.598 Y62.58 E110.02779
G1 X140.598 Y62.126 E110.05159
G1 X128.538 Y60.548 E110.68926
G1 X128.538 Y60.093 E110.71311
G1 X140.598 Y61.671 E111.35078
G1 X140.598 Y61.216 E111.37463
G1 X128.538 Y59.639 E112.01229
G1 X128.538 Y59.184 E112.03614
G1 X140.598 Y60.762 E112.67381
G1 X140.598 Y60.307 E112.69766
G1 X128.538 Y58.73 E113.33532
G1 X128.539 Y58.275 E113.35917
G1 X140.598 Y59.853 E113.99679
G1 X140.598 Y59.398 E114.02064
G1 X128.539 Y57.821 E114.65825
G1 X128.539 Y57.366 E114.6821
G1 X140.598 Y58.944 E115.31972
G1 X140.598 Y58.489 E115.34357
G1 X128.539 Y56.912 E115.98118
G1 X128.539 Y56.457 E116.00503
G1 X140.598 Y58.035 E116.64265
G1 X140.598 Y57.58 E116.6665
G1 X128.539 Y56.002 E117.30412
G1 X128.539 Y55.548 E117.32792
G1 X140.598 Y57.126 E117.96554
G1 X140.598 Y56.671 E117.98939
G1 X128.539 Y55.093 E118.62701
G1 X128.539 Y54.639 E118.65081
G1 X140.598 Y56.217 E119.28843
G1 X140.617 Y55.851 E119.30764
G1 X140.639 Y55.767 E119.31219
G1 X128.539 Y54.184 E119.95197
G1 X128.539 Y53.73 E119.97577
G1 X140.832 Y55.338 E120.62575
G1 X141.093 Y55.059 E120.64578
G1 X141.275 Y54.941 E120.65715
G1 X128.539 Y53.275 E121.33056
G1 X128.539 Y52.821 E121.35436
G1 X143.572 Y54.787 E122.14922
G1 X147.046 Y54.787 E122.33135
G1 X128.539 Y52.366 E123.3099
G1 X128.539 Y51.912 E123.3337
G1 X150.521 Y54.787 E124.49598
G1 X153.995 Y54.787 E124.67811
G1 X128.539 Y51.457 E126.02408
G1 X128.539 Y51.003 E126.04788
G1 X157.47 Y54.787 E127.57758
G1 X160.944 Y54.787 E127.75971
G1 X128.539 Y50.548 E129.4731
G1 X128.539 Y50.094 E129.4969
G1 X164.419 Y54.787 E131.39403
G1 X167.893 Y54.787 E131.57616
G1 X128.539 Y49.639 E133.65698
G1 X128.539 Y49.184 E133.68083
G1 X171.368 Y54.787 E135.94539
G1 X174.432 Y54.787 E136.10603
G1 X174.432 Y54.734 E136.10881
G1 X128.539 Y48.73 E138.53538
G1 X128.539 Y48.275 E138.55923
G1 X174.432 Y54.279 E140.9858
G1 X174.432 Y53.825 E141.0096
G1 X128.539 Y47.821 E143.43617
G1 X128.539 Y47.366 E143.46002
G1 X174.432 Y53.37 E145.88659
G1 X174.432 Y52.916 E145.91039
G1 X128.539 Y46.912 E148.33696
G1 X128.54 Y46.457 E148.36081
G1 X174.432 Y52.461 E150.78732
G1 X174.432 Y52.006 E150.81117
G1 X128.54 Y46.003 E153.23768
G1 X128.54 Y45.548 E153.26153
G1 X174.432 Y51.552 E155.68804
G1 X174.432 Y51.097 E155.71189
G1 X128.54 Y45.094 E158.1384
G1 X128.54 Y44.639 E158.16225
G1 X174.432 Y50.643 E160.58876
G1 X174.432 Y50.188 E160.61261
G1 X128.54 Y44.185 E163.03912
G1 X128.54 Y43.73 E163.06297
G1 X174.432 Y49.734 E165.48948
G1 X174.432 Y49.279 E165.51333
G1 X128.54 Y43.276 E167.93984
G1 X128.54 Y42.821 E167.96369
G1 X174.432 Y48.825 E170.3902
G1 X174.432 Y48.37 E170.41405
G1 X128.54 Y42.366 E172.84056
G1 X128.54 Y41.912 E172.86436
G1 X174.432 Y47.916 E175.29087
G1 X174.432 Y47.461 E175.31472
G1 X128.54 Y41.457 E177.74123
G1 X128.54 Y41.125 E177.75864
G1 X129.471 Y41.125 E177.80745
G1 X174.432 Y47.007 E180.18474
G1 X174.432 Y46.552 E180.20859
G1 X132.945 Y41.125 E182.40219
G1 X136.42 Y41.125 E182.58438
G1 X174.432 Y46.097 E184.59424
G1 X174.432 Y45.643 E184.61804
G1 X139.894 Y41.125 E186.44421
G1 X143.369 Y41.125 E186.6264
G1 X174.432 Y45.188 E188.26883
G1 X174.432 Y44.734 E188.29263
G1 X146.844 Y41.125 E189.75133
G1 X150.318 Y41.125 E189.93346
G1 X174.432 Y44.279 E191.20847
G1 X174.432 Y43.825 E191.23227
G1 X153.793 Y41.125 E192.32354
G1 X157.267 Y41.125 E192.50567
G1 X174.432 Y43.37 E193.41325
G1 X174.432 Y42.916 E193.43705
G1 X160.742 Y41.125 E194.1609
G1 X164.216 Y41.125 E194.34303
G1 X174.432 Y42.461 E194.88319
G1 X174.432 Y42.007 E194.90699
G1 X167.691 Y41.125 E195.26342
G1 X171.165 Y41.125 E195.44555
G1 X174.635 Y41.579 E195.62902
M107
G1 E193.62902 F2400
G92 E0
G1 X105.739 Y154.891 F7800
G1 E2 F2400
;TYPE:Perimeter
;WIDTH:0.45
;HEIGHT:0.3
G1 F1500
G1 X105.739 Y169.197 E2.68807
G1 X75.246 Y169.197 E4.15468
G1 X75.246 Y154.891 E4.84275
G1 X105.679 Y154.891 E6.30647
G1 X106.125 Y154.506 F7800
G1 F1500
G1 X106.125 Y169.582 E7.03157
G1 X74.861 Y169.582 E8.53526
G1 X74.861 Y154.506 E9.26036
G1 X106.065 Y154.506 E10.76116
G1 X106.511 Y154.12 F7800
;TYPE:External perimeter
G1 F1500
G1 X106.511 Y169.968 E11.52339
G1 X74.475 Y169.968 E13.06421
G1 X74.475 Y154.12 E13.82644
G1 X106.451 Y154.12 E15.36437
G1 X106.51 Y154.516 F7800
G1 E13.36437 F2400
G92 E0
G1 X78.286 Y169.078 F7800
G1 E2 F2400
;TYPE:Bridge infill
;WIDTH:0.40749
;HEIGHT:0.4
M106 S255
G1 F1500
G1 X75.568 Y168.448 E2.15128
G1 X75.568 Y167.978 E2.17676
G1 X79.439 Y168.875 E2.39221
G1 X81.466 Y168.875 E2.50211
G1 X75.568 Y167.509 E2.83036
G1 X75.568 Y167.039 E2.85584
G1 X83.493 Y168.875 E3.29691
G1 X85.521 Y168.875 E3.40687
G1 X75.568 Y166.57 E3.9608
G1 X75.568 Y166.1 E3.98628
G1 X87.548 Y168.875 E4.65303
G1 X89.575 Y168.875 E4.76293
G1 X75.568 Y165.63 E5.5425
G1 X75.568 Y165.161 E5.56793
G1 X91.602 Y168.875 E6.46031
G1 X93.629 Y168.875 E6.57021
G1 X75.568 Y164.691 E7.57541
G1 X75.568 Y164.222 E7.60084
G1 X95.656 Y168.875 E8.71884
G1 X97.683 Y168.875 E8.82874
G1 X75.568 Y163.752 E10.05956
G1 X75.568 Y163.282 E10.08504
G1 X99.71 Y168.875 E11.42868
G1 X101.737 Y168.875 E11.53858
G1 X75.568 Y162.813 E12.99503
G1 X75.568 Y162.343 E13.02051
G1 X103.764 Y168.875 E14.58978
G1 X105.418 Y168.875 E14.67946
G1 X105.418 Y168.789 E14.68412
G1 X75.568 Y161.874 E16.34544
G1 X75.568 Y161.404 E16.37092
G1 X105.418 Y168.319 E18.03224
G1 X105.418 Y167.85 E18.05767
G1 X75.568 Y160.934 E19.719
G1 X75.568 Y160.465 E19.74443
G1 X105.418 Y167.38 E21.40575
G1 X105.418 Y166.91 E21.43123
G1 X75.568 Y159.995 E23.09255
G1 X75.568 Y159.526 E23.11798
G1 X105.418 Y166.441 E24.7793
G1 X105.418 Y165.971 E24.80478
G1 X75.568 Y159.056 E26.4661
G1 X75.568 Y158.586 E26.49158
G1 X105.418 Y165.502 E28.15291
G1 X105.418 Y165.032 E28.17839
G1 X75.568 Y158.117 E29.83971
G1 X75.568 Y157.647 E29.86519
G1 X105.418 Y164.562 E31.52651
G1 X105.418 Y164.093 E31.55194
G1 X75.568 Y157.177 E33.21327
G1 X75.568 Y156.708 E33.2387
G1 X105.418 Y163.623 E34.90002
G1 X105.418 Y163.154 E34.92545
G1 X75.568 Y156.238 E36.58678
G1 X75.568 Y155.769 E36.61221
G1 X105.418 Y162.684 E38.27353
G1 X105.418 Y162.214 E38.29901
G1 X75.568 Y155.299 E39.96033
G1 X75.568 Y155.213 E39.96499
G1 X77.222 Y155.213 E40.05467
G1 X105.418 Y161.745 E41.62394
G1 X105.418 Y161.275 E41.64942
G1 X79.249 Y155.213 E43.10587
G1 X81.276 Y155.213 E43.21577
G1 X105.418 Y160.806 E44.55941
G1 X105.418 Y160.336 E44.58489
G1 X83.303 Y155.213 E45.81571
G1 X85.33 Y155.213 E45.92561
G1 X105.418 Y159.866 E47.04361
G1 X105.418 Y159.397 E47.06904
G1 X87.357 Y155.213 E48.07424
G1 X89.384 Y155.213 E48.18414
G1 X105.418 Y158.927 E49.07652
G1 X105.418 Y158.458 E49.10195
G1 X91.411 Y155.213 E49.88152
G1 X93.438 Y155.213 E49.99142
G1 X105.418 Y157.988 E50.65817
G1 X105.418 Y157.518 E50.68365
G1 X95.465 Y155.213 E51.23758
G1 X97.492 Y155.213 E51.34748
G1 X105.418 Y157.049 E51.78861
G1 X105.418 Y156.579 E51.81409
G1 X99.52 Y155.213 E52.14234
G1 X101.547 Y155.213 E52.25224
G1 X105.418 Y156.11 E52.46769
G1 X105.418 Y155.64 E52.49317
G1 X102.7 Y155.01 E52.64445
M107
;LAYER_CHANGE
;Z:3.05
;HEIGHT:0.3
G1 E50.64445 F2400
G92 E0
G1 Z3.05 F7800
;AFTER_LAYER_CHANGE
;3.05
G1 X141.634 Y153.971
G1 E2 F2400
;TYPE:External perimeter
;WIDTH:0.572241
G1 F1200
G1 X141.632 Y153.927 E2.00279
;WIDTH:0.568422
G1 X141.632 Y144.786 E2.57746
G1 X141.632 Y145.186 F7800
G1 E.57746 F2400
G92 E0
G1 X136.532 Y144.114 F7800
G1 E2 F2400
;TYPE:Perimeter
;WIDTH:0.45
G1 F1500
G1 X136.445 Y144.19 E2.00556
G1 X136.291 Y144.472 E2.02101
G1 X136.238 Y144.786 E2.03633
G1 X136.238 Y169.197 E3.21041
G1 X112.011 Y169.197 E4.37564
G1 X112.011 Y144.744 E5.55174
G1 X111.922 Y144.381 E5.56972
G1 X111.735 Y144.111 E5.58552
G1 X111.461 Y143.915 E5.60172
G1 X111.047 Y143.822 E5.62213
G1 X109.079 Y143.822 E5.71678
G1 X109.079 Y55.99 E9.94119
G1 X108.995 Y55.678 E9.95673
G1 X108.781 Y55.376 E9.97453
G1 X108.486 Y55.183 E9.99149
G1 X108.115 Y55.109 E10.00969
G1 X75.246 Y55.109 E11.59057
G1 X75.246 Y40.803 E12.27864
G1 X121.947 Y40.803 E14.5248
G1 X121.947 Y133.221 E18.96978
G1 X122.065 Y133.602 E18.98896
G1 X122.285 Y133.872 E19.00571
G1 X122.558 Y134.036 E19.02103
G1 X122.911 Y134.103 E19.03831
G1 X126.322 Y134.103 E19.20237
G1 X127.272 Y134.086 E19.24807
G1 X127.573 Y133.973 E19.26353
G1 X127.849 Y133.732 E19.28115
G1 X127.995 Y133.469 E19.29562
G1 X128.053 Y133.139 E19.31174
G1 X128.053 Y40.803 E23.75278
G1 X174.754 Y40.803 E25.99894
G1 X174.754 Y55.109 E26.68701
G1 X141.803 Y55.109 E28.27184
G1 X141.43 Y55.222 E28.29059
G1 X141.157 Y55.44 E28.30739
G1 X140.968 Y55.771 E28.32572
G1 X140.92 Y56.073 E28.34043
G1 X140.92 Y143.822 E32.56085
G1 X137.078 Y143.822 E32.74564
G1 X136.722 Y143.95 E32.76384
G1 X136.577 Y144.075 E32.77305
G1 X136.803 Y144.387 F7800
G1 F1500
G1 X136.691 Y144.514 E32.78119
G1 X136.624 Y144.786 E32.79466
G1 X136.624 Y169.582 E33.98726
G1 X111.625 Y169.582 E35.18963
G1 X111.625 Y144.689 E36.3869
G1 X111.494 Y144.419 E36.40133
G1 X111.295 Y144.263 E36.41349
G1 X111.047 Y144.207 E36.42572
G1 X108.694 Y144.207 E36.53889
G1 X108.694 Y56.02 E40.78038
G1 X108.586 Y55.736 E40.79499
G1 X108.387 Y55.562 E40.8077
G1 X108.115 Y55.494 E40.82118
G1 X74.861 Y55.494 E42.42058
G1 X74.861 Y40.418 E43.14568
G1 X122.333 Y40.418 E45.42892
G1 X122.333 Y133.22 E49.89237
G1 X122.464 Y133.506 E49.9075
G1 X122.659 Y133.66 E49.91945
G1 X122.911 Y133.718 E49.93189
G1 X127.159 Y133.713 E50.1362
G1 X127.425 Y133.61 E50.14992
G1 X127.607 Y133.397 E50.1634
G1 X127.667 Y133.139 E50.17614
G1 X127.667 Y40.418 E54.6357
G1 X175.139 Y40.418 E56.91894
G1 X175.139 Y55.494 E57.64404
G1 X141.803 Y55.494 E59.24739
G1 X141.523 Y55.621 E59.26218
G1 X141.356 Y55.836 E59.27527
G1 X141.305 Y56.073 E59.28693
G1 X141.305 Y144.207 E63.52587
G1 X137.124 Y144.207 E63.72696
G1 X136.868 Y144.314 E63.7403
G1 X136.843 Y144.342 E63.74211
G1 X137.068 Y144.658 F7800
;TYPE:External perimeter
G1 F1500
G1 X137.009 Y144.786 E63.74889
G1 X137.009 Y169.968 E64.96006
G1 X111.24 Y169.968 E66.19946
G1 X111.24 Y144.786 E67.41063
G1 X111.196 Y144.664 E67.41687
G1 X111.047 Y144.593 E67.42481
G1 X108.308 Y144.593 E67.55655
G1 X108.308 Y56.073 E71.81405
G1 X108.261 Y55.946 E71.82056
G1 X108.115 Y55.88 E71.82827
G1 X74.475 Y55.88 E73.44624
G1 X74.475 Y40.032 E74.20847
G1 X122.718 Y40.032 E76.52879
G1 X122.718 Y133.139 E81.00691
G1 X122.762 Y133.262 E81.01319
G1 X122.911 Y133.332 E81.02111
G1 X127.089 Y133.332 E81.22206
G1 X127.216 Y133.284 E81.22859
G1 X127.282 Y133.139 E81.23625
G1 X127.282 Y40.032 E85.71437
G1 X175.525 Y40.032 E88.03469
G1 X175.525 Y55.88 E88.79692
G1 X141.884 Y55.88 E90.41494
G1 X141.751 Y55.933 E90.42183
G1 X141.691 Y56.073 E90.42916
G1 X141.691 Y144.282 E94.67171
;WIDTH:0.489473
G1 X141.671 Y144.45 E94.68068
;WIDTH:0.528947
G1 X141.652 Y144.618 E94.69048
;WIDTH:0.568421
G1 X141.632 Y144.786 E94.70112
G1 X141.548 Y144.722 E94.70776
;WIDTH:0.528947
G1 X141.464 Y144.657 E94.71391
;WIDTH:0.489473
G1 X141.38 Y144.593 E94.71951
;WIDTH:0.45
G1 X137.202 Y144.593 E94.92046
G1 X137.114 Y144.626 E94.92498
G1 X137.017 Y145.014 F7800
G1 E92.92498 F2400
G92 E0
G1 X142.344 Y154.929 F7800
G1 E2 F2400
;TYPE:Perimeter
G1 F1500
G1 X142.344 Y154.891 E2.00183
G1 X174.754 Y154.891 E3.56064
G1 X174.754 Y169.197 E4.24871
G1 X142.344 Y169.197 E5.80752
G1 X142.344 Y154.989 E6.49088
G1 X141.958 Y154.506 F7800
G1 F1500
G1 X175.139 Y154.506 E8.08677
G1 X175.139 Y169.582 E8.81187
G1 X141.958 Y169.582 E10.40776
G1 X141.958 Y154.566 E11.12998
G1 X141.882 Y154.119 F7800
;TYPE:External perimeter
;WIDTH:0.490747
G1 F1500
G1 X141.884 Y154.12 E11.1301
;WIDTH:0.45
G1 X175.525 Y154.12 E12.74812
G1 X175.525 Y169.968 E13.51035
G1 X141.573 Y169.968 E15.14332
G1 X141.573 Y154.431 E15.8906
;WIDTH:0.490747
G1 X141.593 Y154.278 E15.89881
;WIDTH:0.531494
G1 X141.613 Y154.124 E15.90786
;WIDTH:0.572241
G1 X141.634 Y153.971 E15.91764
G1 X141.717 Y154.021 E15.92378
;WIDTH:0.531494
G1 X141.8 Y154.07 E15.9294
;WIDTH:0.490747
G1 X141.83 Y154.088 E15.93126
G1 X142.229 Y154.116 F7800
G1 X142.738 Y155.212
;TYPE:Solid infill
;WIDTH:0.543559
G1 F1200
G1 X142.695 Y155.169 E15.93489
G1 X142.637 Y155.185 E15.93849
G1 X142.622 Y155.243 E15.94207
G1 X142.664 Y155.285 E15.94562
G1 X142.722 Y155.27 E15.9492
;WIDTH:0.45
G1 X142.633 Y155.886 E15.97914
G1 X143.338 Y155.18 E16.02713
G1 X143.883 Y155.18 E16.05334
G1 X142.633 Y156.431 E16.1384
G1 X142.633 Y156.976 E16.16461
G1 X144.429 Y155.18 E16.28677
G1 X144.974 Y155.18 E16.31298
G1 X142.633 Y157.522 E16.47225
G1 X142.633 Y158.067 E16.49846
G1 X145.519 Y155.18 E16.6948
G1 X146.065 Y155.18 E16.72106
G1 X142.633 Y158.612 E16.9545
G1 X142.633 Y159.158 E16.98076
G1 X146.61 Y155.18 E17.2513
G1 X147.156 Y155.18 E17.27756
G1 X142.633 Y159.703 E17.58521
G1 X142.633 Y160.248 E17.61142
G1 X147.701 Y155.18 E17.95614
G1 X148.246 Y155.18 E17.98235
G1 X142.633 Y160.794 E18.36417
G1 X142.633 Y161.339 E18.39038
G1 X148.792 Y155.18 E18.80931
G1 X149.337 Y155.18 E18.83552
G1 X142.633 Y161.884 E19.29152
G1 X142.633 Y162.43 E19.31778
G1 X149.882 Y155.18 E19.81088
G1 X150.428 Y155.18 E19.83714
G1 X142.633 Y162.975 E20.36735
G1 X142.633 Y163.52 E20.39356
G1 X150.973 Y155.18 E20.96084
G1 X151.518 Y155.18 E20.98705
G1 X142.633 Y164.066 E21.59143
G1 X142.633 Y164.611 E21.61764
G1 X152.064 Y155.18 E22.25912
G1 X152.609 Y155.18 E22.28533
G1 X142.633 Y165.156 E22.96389
G1 X142.633 Y165.702 E22.99015
G1 X153.154 Y155.18 E23.70581
G1 X153.7 Y155.18 E23.73207
G1 X142.633 Y166.247 E24.48483
G1 X142.633 Y166.792 E24.51104
G1 X154.245 Y155.18 E25.30087
G1 X154.79 Y155.18 E25.32708
G1 X142.633 Y167.338 E26.15402
G1 X142.633 Y167.883 E26.18023
G1 X155.336 Y155.18 E27.04427
G1 X155.881 Y155.18 E27.07048
G1 X142.633 Y168.429 E27.97163
G1 X142.501 Y169.04 E28.00169
;WIDTH:0.404381
G1 X142.491 Y168.89 E28.00807
;WIDTH:0.45
G1 X142.699 Y168.908 E28.01811
G1 X156.426 Y155.18 E28.95184
G1 X156.972 Y155.18 E28.9781
G1 X143.245 Y168.908 E29.91183
G1 X143.79 Y168.908 E29.93804
G1 X157.517 Y155.18 E30.87177
G1 X158.062 Y155.18 E30.89798
G1 X144.335 Y168.908 E31.83171
G1 X144.881 Y168.908 E31.85797
G1 X158.608 Y155.18 E32.7917
G1 X159.153 Y155.18 E32.81791
G1 X145.426 Y168.908 E33.75164
G1 X145.971 Y168.908 E33.77785
G1 X159.699 Y155.18 E34.71161
G1 X160.244 Y155.18 E34.73782
G1 X146.517 Y168.908 E35.67155
G1 X147.062 Y168.908 E35.69776
G1 X160.789 Y155.18 E36.63149
G1 X161.335 Y155.18 E36.65775
G1 X147.607 Y168.908 E37.59151
G1 X148.153 Y168.908 E37.61777
G1 X161.88 Y155.18 E38.5515
G1 X162.425 Y155.18 E38.57771
G1 X148.698 Y168.908 E39.51144
G1 X149.244 Y168.908 E39.5377
G1 X162.971 Y155.18 E40.47143
G1 X163.516 Y155.18 E40.49764
G1 X149.789 Y168.908 E41.43137
G1 X150.334 Y168.908 E41.45758
G1 X164.061 Y155.18 E42.39131
G1 X164.607 Y155.18 E42.41757
G1 X150.88 Y168.908 E43.3513
G1 X151.425 Y168.908 E43.37751
G1 X165.152 Y155.18 E44.31124
G1 X165.697 Y155.18 E44.33745
G1 X151.97 Y168.908 E45.27118
G1 X152.516 Y168.908 E45.29744
G1 X166.243 Y155.18 E46.23117
G1 X166.788 Y155.18 E46.25738
G1 X153.061 Y168.908 E47.19111
G1 X153.606 Y168.908 E47.21732
G1 X167.333 Y155.18 E48.15105
G1 X167.879 Y155.18 E48.17731
G1 X154.152 Y168.908 E49.11104
G1 X154.697 Y168.908 E49.13725
G1 X168.424 Y155.18 E50.07098
G1 X168.969 Y155.18 E50.09719
G1 X155.242 Y168.908 E51.03092
G1 X155.788 Y168.908 E51.05718
G1 X169.515 Y155.18 E51.99091
G1 X170.06 Y155.18 E52.01712
G1 X156.333 Y168.908 E52.95085
G1 X156.878 Y168.908 E52.97706
G1 X170.605 Y155.18 E53.91079
G1 X171.151 Y155.18 E53.93705
G1 X157.424 Y168.908 E54.87078
G1 X157.969 Y168.908 E54.89699
G1 X171.696 Y155.18 E55.83072
G1 X172.242 Y155.18 E55.85698
G1 X158.514 Y168.908 E56.79074
G1 X159.06 Y168.908 E56.817
G1 X172.787 Y155.18 E57.75073
G1 X173.332 Y155.18 E57.77694
G1 X159.605 Y168.908 E58.71067
G1 X160.15 Y168.908 E58.73688
G1 X173.878 Y155.18 E59.67064
G1 X174.423 Y155.18 E59.69685
G1 X160.696 Y168.908 E60.63058
G1 X161.241 Y168.908 E60.65679
G1 X174.465 Y155.684 E61.55627
G1 X174.465 Y156.23 E61.58253
G1 X161.786 Y168.908 E62.44491
G1 X162.332 Y168.908 E62.47117
G1 X174.465 Y156.775 E63.29644
G1 X174.465 Y157.32 E63.32265
G1 X162.877 Y168.908 E64.11085
G1 X163.423 Y168.908 E64.13711
G1 X174.465 Y157.866 E64.88817
G1 X174.465 Y158.411 E64.91438
G1 X163.968 Y168.908 E65.62837
G1 X164.513 Y168.908 E65.65458
G1 X174.465 Y158.956 E66.3315
G1 X174.465 Y159.502 E66.35776
G1 X165.059 Y168.908 E66.99754
G1 X165.604 Y168.908 E67.02375
G1 X174.465 Y160.047 E67.62646
G1 X174.465 Y160.592 E67.65267
G1 X166.149 Y168.908 E68.21831
G1 X166.695 Y168.908 E68.24457
G1 X174.465 Y161.138 E68.77308
G1 X174.465 Y161.683 E68.79929
G1 X167.24 Y168.908 E69.29073
G1 X167.785 Y168.908 E69.31694
G1 X174.465 Y162.228 E69.77131
G1 X174.465 Y162.774 E69.79757
G1 X168.331 Y168.908 E70.2148
G1 X168.876 Y168.908 E70.24101
G1 X174.465 Y163.319 E70.62117
G1 X174.465 Y163.864 E70.64738
G1 X169.421 Y168.908 E70.99047
G1 X169.967 Y168.908 E71.01673
G1 X174.465 Y164.41 E71.32268
G1 X174.465 Y164.955 E71.34889
G1 X170.512 Y168.908 E71.61777
G1 X171.057 Y168.908 E71.64398
G1 X174.465 Y165.5 E71.87579
G1 X174.465 Y166.046 E71.90205
G1 X171.603 Y168.908 E72.09672
G1 X172.148 Y168.908 E72.12293
G1 X174.465 Y166.591 E72.28053
G1 X174.465 Y167.136 E72.30674
G1 X172.693 Y168.908 E72.42727
G1 X172.586 Y169.061 E72.43625
;WIDTH:0.404381
G1 X172.515 Y169.042 E72.43937
G1 X172.534 Y169.113 E72.44249
G1 X172.575 Y169.102 E72.44429
G1 E70.44429 F2400
G92 E0
G1 X174.328 Y167.818 F7800
G1 E2 F2400
;WIDTH:0.45
G1 F1200
G1 X173.239 Y168.908 E2.07411
G1 X174.465 Y168.908 E2.13308
G1 X174.465 Y167.682 E2.19205
G1 E.19205 F2400
G92 E0
G1 X128.48 Y41.149 F7800
G1 E2 F2400
;WIDTH:0.597547
G1 F1200
G1 X128.433 Y41.102 E2.00442
G1 X128.369 Y41.119 E2.00882
G1 X128.351 Y41.183 E2.01324
G1 X128.399 Y41.231 E2.01775
G1 X128.463 Y41.213 E2.02217
;WIDTH:0.45
G1 X129.139 Y41.092 E2.0552
G1 X128.342 Y41.89 E2.10944
G1 X128.342 Y42.435 E2.13565
G1 X129.685 Y41.092 E2.227
G1 X130.23 Y41.092 E2.25321
G1 X128.342 Y42.981 E2.38166
G1 X128.342 Y43.526 E2.40787
G1 X130.775 Y41.092 E2.57339
G1 X131.321 Y41.092 E2.59965
G1 X128.342 Y44.071 E2.80228
G1 X128.342 Y44.617 E2.82854
G1 X131.866 Y41.092 E3.06827
G1 X132.411 Y41.092 E3.09448
G1 X128.342 Y45.162 E3.37128
G1 X128.342 Y45.708 E3.39754
G1 X132.957 Y41.092 E3.71148
G1 X133.502 Y41.092 E3.73769
G1 X128.342 Y46.253 E4.0887
G1 X128.342 Y46.798 E4.11491
G1 X134.047 Y41.092 E4.50299
G1 X134.593 Y41.092 E4.52925
G1 X128.341 Y47.344 E4.9545
G1 X128.341 Y47.889 E4.98071
G1 X135.138 Y41.092 E5.44303
G1 X135.683 Y41.092 E5.46924
G1 X128.341 Y48.434 E5.96863
G1 X128.341 Y48.98 E5.99489
G1 X136.229 Y41.092 E6.53142
G1 X136.774 Y41.092 E6.55763
G1 X128.341 Y49.525 E7.13123
G1 X128.341 Y50.071 E7.15749
G1 X137.319 Y41.092 E7.7682
G1 X137.865 Y41.092 E7.79446
G1 X128.341 Y50.616 E8.44227
G1 X128.341 Y51.161 E8.46848
G1 X138.41 Y41.092 E9.15336
G1 X138.956 Y41.092 E9.17962
G1 X128.341 Y51.707 E9.90164
G1 X128.341 Y52.252 E9.92785
G1 X139.501 Y41.092 E10.68694
G1 X140.046 Y41.092 E10.71315
G1 X128.341 Y52.798 E11.50934
G1 X128.341 Y53.343 E11.53555
G1 X140.592 Y41.092 E12.36885
G1 X141.137 Y41.092 E12.39506
G1 X128.341 Y53.888 E13.26543
G1 X128.341 Y54.434 E13.29169
G1 X141.682 Y41.092 E14.19916
G1 X142.228 Y41.092 E14.22542
G1 X128.341 Y54.979 E15.17
G1 X128.341 Y55.525 E15.19626
G1 X142.773 Y41.092 E16.17794
G1 X143.318 Y41.092 E16.20415
G1 X128.341 Y56.07 E17.2229
G1 X128.341 Y56.615 E17.24911
G1 X143.864 Y41.092 E18.30497
G1 X144.409 Y41.092 E18.33118
G1 X128.341 Y57.161 E19.42414
G1 X128.341 Y57.706 E19.45035
G1 X144.954 Y41.092 E20.58038
G1 X145.5 Y41.092 E20.60664
G1 X128.341 Y58.252 E21.77381
G1 X128.34 Y58.797 E21.80002
G1 X146.045 Y41.092 E23.00429
G1 X146.59 Y41.092 E23.0305
G1 X128.34 Y59.342 E24.27184
G1 X128.34 Y59.888 E24.2981
G1 X147.136 Y41.092 E25.57658
G1 X147.681 Y41.092 E25.60279
G1 X128.34 Y60.433 E26.91834
G1 X128.34 Y60.979 E26.9446
G1 X148.226 Y41.092 E28.29726
G1 X148.772 Y41.092 E28.32352
G1 X128.34 Y61.524 E29.71328
G1 X128.34 Y62.069 E29.73949
G1 X149.317 Y41.092 E31.16632
G1 X149.862 Y41.092 E31.19253
G1 X128.34 Y62.615 E32.65646
G1 X128.34 Y63.16 E32.68267
G1 X150.408 Y41.092 E34.18371
G1 X150.953 Y41.092 E34.20992
G1 X128.34 Y63.706 E35.74806
G1 X128.34 Y64.251 E35.77427
G1 X151.499 Y41.092 E37.34952
G1 X152.044 Y41.092 E37.37573
G1 X128.34 Y64.796 E38.98805
G1 X128.34 Y65.342 E39.01431
G1 X152.589 Y41.092 E40.66373
G1 X153.135 Y41.092 E40.68999
G1 X128.34 Y65.887 E42.37652
G1 X128.34 Y66.433 E42.40278
G1 X153.68 Y41.092 E44.12641
G1 X154.225 Y41.092 E44.15262
G1 X128.34 Y66.978 E45.91332
G1 X128.268 Y67.785 F7800
;WIDTH:0.404381
G1 F1200
G1 X128.197 Y67.766 E45.91644
G1 X128.216 Y67.837 E45.91956
G1 X128.257 Y67.826 E45.92136
;WIDTH:0.45
G1 X128.34 Y67.523 E45.93647
G1 X154.771 Y41.092 E47.73427
G1 X155.316 Y41.092 E47.76048
G1 X141.538 Y54.87 E48.69764
G1 X141.265 Y55.058 E48.71358
;WIDTH:0.404381
G1 X140.875 Y55.454 E48.73715
;WIDTH:0.45
G1 X140.682 Y55.727 E48.75323
G1 X128.34 Y68.069 E49.59272
G1 X128.34 Y68.614 E49.61893
G1 X140.631 Y56.323 E50.45495
G1 X140.631 Y56.869 E50.48121
G1 X128.34 Y69.159 E51.31719
G1 X128.34 Y69.705 E51.34345
G1 X140.631 Y57.414 E52.17947
G1 X140.631 Y57.959 E52.20568
G1 X128.34 Y70.25 E53.0417
G1 X128.339 Y70.796 E53.06796
G1 X140.631 Y58.505 E53.90401
G1 X140.631 Y59.05 E53.93022
G1 X128.339 Y71.341 E54.76627
G1 X128.339 Y71.886 E54.79248
G1 X140.631 Y59.595 E55.62853
G1 X140.631 Y60.141 E55.65479
G1 X128.339 Y72.432 E56.49084
G1 X128.339 Y72.977 E56.51705
G1 X140.631 Y60.686 E57.3531
G1 X140.631 Y61.231 E57.37931
G1 X128.339 Y73.523 E58.2154
G1 X128.339 Y74.068 E58.24161
G1 X140.631 Y61.777 E59.07766
G1 X140.631 Y62.322 E59.10387
G1 X128.339 Y74.613 E59.93992
G1 X128.339 Y75.159 E59.96618
G1 X140.631 Y62.867 E60.80227
G1 X140.631 Y63.413 E60.82853
G1 X128.339 Y75.704 E61.66458
G1 X128.339 Y76.25 E61.69084
G1 X140.631 Y63.958 E62.52693
G1 X140.631 Y64.503 E62.55314
G1 X128.339 Y76.795 E63.38923
G1 X128.339 Y77.34 E63.41544
G1 X140.631 Y65.049 E64.25149
G1 X140.631 Y65.594 E64.2777
G1 X128.339 Y77.886 E65.11379
G1 X128.339 Y78.431 E65.14
G1 X140.631 Y66.139 E65.97609
G1 X140.631 Y66.685 E66.00235
G1 X128.339 Y78.977 E66.83844
G1 X128.339 Y79.522 E66.86465
G1 X140.631 Y67.23 E67.70074
G1 X140.631 Y67.775 E67.72695
G1 X128.339 Y80.067 E68.56304
G1 X128.339 Y80.613 E68.5893
G1 X140.631 Y68.321 E69.42539
G1 X140.631 Y68.866 E69.4516
G1 X128.339 Y81.158 E70.28769
G1 X128.339 Y81.704 E70.31395
G1 X140.631 Y69.412 E71.15004
G1 X140.631 Y69.957 E71.17625
G1 X128.338 Y82.249 E72.01237
G1 X128.338 Y82.794 E72.03858
G1 X140.631 Y70.502 E72.8747
G1 X140.631 Y71.048 E72.90096
G1 X128.338 Y83.34 E73.73708
G1 X128.338 Y83.885 E73.76329
G1 X140.631 Y71.593 E74.59941
G1 X140.631 Y72.138 E74.62562
G1 X128.338 Y84.431 E75.46177
G1 X128.338 Y84.976 E75.48798
G1 X140.631 Y72.684 E76.3241
G1 X140.631 Y73.229 E76.35031
G1 X128.338 Y85.521 E77.18643
G1 X128.338 Y86.067 E77.21269
G1 X140.631 Y73.774 E78.04884
G1 X140.631 Y74.32 E78.0751
G1 X128.338 Y86.612 E78.91122
G1 X128.338 Y87.157 E78.93743
G1 X140.631 Y74.865 E79.77355
G1 X140.631 Y75.41 E79.79976
G1 X128.338 Y87.703 E80.63591
G1 X128.338 Y88.248 E80.66212
G1 X140.631 Y75.956 E81.49824
G1 X140.631 Y76.501 E81.52445
G1 X128.338 Y88.794 E82.3606
G1 X128.338 Y89.339 E82.38681
G1 X140.631 Y77.046 E83.22296
G1 X140.631 Y77.592 E83.24922
G1 X128.338 Y89.884 E84.08534
G1 X128.338 Y90.43 E84.1116
G1 X140.631 Y78.137 E84.94775
G1 X140.631 Y78.682 E84.97396
G1 X128.338 Y90.975 E85.81011
G1 X128.338 Y91.521 E85.83637
G1 X140.631 Y79.228 E86.67252
G1 X140.631 Y79.773 E86.69873
G1 X128.338 Y92.066 E87.53488
G1 X128.338 Y92.611 E87.56109
G1 X140.631 Y80.318 E88.39724
G1 X140.631 Y80.864 E88.4235
G1 X128.338 Y93.157 E89.25965
G1 X128.337 Y93.702 E89.28586
G1 X140.631 Y81.409 E90.12205
G1 X140.631 Y81.955 E90.14831
G1 X128.337 Y94.248 E90.9845
G1 X128.337 Y94.793 E91.01071
G1 X140.631 Y82.5 E91.8469
G1 X140.631 Y83.045 E91.87311
G1 X128.337 Y95.338 E92.7093
G1 X128.337 Y95.884 E92.73556
G1 X140.631 Y83.591 E93.57175
G1 X140.631 Y84.136 E93.59796
G1 X128.337 Y96.429 E94.43415
G1 X128.337 Y96.975 E94.46041
G1 X140.631 Y84.681 E95.29663
G1 X140.631 Y85.227 E95.32289
G1 X128.337 Y97.52 E96.15908
G1 X128.337 Y98.065 E96.18529
G1 X140.631 Y85.772 E97.02148
G1 X140.631 Y86.317 E97.04769
G1 X128.337 Y98.611 E97.88391
G1 X128.337 Y99.156 E97.91012
G1 X140.631 Y86.863 E98.74631
G1 X140.631 Y87.408 E98.77252
G1 X128.337 Y99.702 E99.60874
G1 X128.337 Y100.247 E99.63495
G1 X140.631 Y87.953 E100.47117
G1 X140.631 Y88.499 E100.49743
G1 X128.337 Y100.792 E101.33362
G1 X128.337 Y101.338 E101.35988
G1 X140.631 Y89.044 E102.1961
G1 X140.631 Y89.589 E102.22231
G1 X128.337 Y101.883 E103.05853
G1 X128.337 Y102.429 E103.08479
G1 X140.631 Y90.135 E103.92101
G1 X140.631 Y90.68 E103.94722
G1 X128.337 Y102.974 E104.78344
G1 X128.337 Y103.519 E104.80965
G1 X140.631 Y91.225 E105.64587
G1 X140.631 Y91.771 E105.67213
G1 X128.337 Y104.065 E106.50835
G1 X128.337 Y104.61 E106.53456
G1 X140.631 Y92.316 E107.37078
G1 X140.631 Y92.861 E107.39699
G1 X128.336 Y105.156 E108.23328
G1 X128.336 Y105.701 E108.25949
G1 X140.631 Y93.407 E109.09575
G1 X140.631 Y93.952 E109.12196
G1 X128.336 Y106.246 E109.95822
G1 X128.336 Y106.792 E109.98448
G1 X140.631 Y94.497 E110.82077
G1 X140.631 Y95.043 E110.84703
G1 X128.336 Y107.337 E111.68329
G1 X128.336 Y107.882 E111.7095
G1 X140.631 Y95.588 E112.54576
G1 X140.631 Y96.134 E112.57202
G1 X128.336 Y108.428 E113.40828
G1 X128.336 Y108.973 E113.43449
G1 X140.631 Y96.679 E114.27075
G1 X140.631 Y97.224 E114.29696
G1 X128.336 Y109.519 E115.13325
G1 X128.336 Y110.064 E115.15946
G1 X140.631 Y97.77 E115.99572
G1 X140.631 Y98.315 E116.02193
G1 X128.336 Y110.609 E116.85819
G1 X128.336 Y111.155 E116.88445
G1 X140.631 Y98.86 E117.72074
G1 X140.631 Y99.406 E117.747
G1 X128.336 Y111.7 E118.58326
G1 X128.336 Y112.246 E118.60952
G1 X140.631 Y99.951 E119.44581
G1 X140.631 Y100.496 E119.47202
G1 X128.336 Y112.791 E120.30831
G1 X128.336 Y113.336 E120.33452
G1 X140.631 Y101.042 E121.17078
G1 X140.631 Y101.587 E121.19699
G1 X128.336 Y113.882 E122.03328
G1 X128.336 Y114.427 E122.05949
G1 X140.631 Y102.132 E122.89578
G1 X140.631 Y102.678 E122.92204
G1 X128.336 Y114.973 E123.75833
G1 X128.336 Y115.518 E123.78454
G1 X140.631 Y103.223 E124.62083
G1 X140.631 Y103.768 E124.64704
G1 X128.336 Y116.063 E125.48333
G1 X128.336 Y116.609 E125.50959
G1 X140.631 Y104.314 E126.34588
G1 X140.631 Y104.859 E126.37209
G1 X128.335 Y117.154 E127.20841
G1 X128.335 Y117.7 E127.23467
G1 X140.631 Y105.404 E128.07103
G1 X140.631 Y105.95 E128.09729
G1 X128.335 Y118.245 E128.93361
G1 X128.335 Y118.79 E128.95982
G1 X140.631 Y106.495 E129.79614
G1 X140.631 Y107.04 E129.82235
G1 X128.335 Y119.336 E130.65871
G1 X128.335 Y119.881 E130.68492
G1 X140.631 Y107.586 E131.52124
G1 X140.631 Y108.131 E131.54745
G1 X128.335 Y120.427 E132.38381
G1 X128.335 Y120.972 E132.41002
G1 X140.631 Y108.677 E133.24634
G1 X140.631 Y109.222 E133.27255
G1 X128.335 Y121.517 E134.10887
G1 X128.335 Y122.063 E134.13513
G1 X140.631 Y109.767 E134.97149
G1 X140.631 Y110.313 E134.99775
G1 X128.335 Y122.608 E135.83407
G1 X128.335 Y123.154 E135.86033
G1 X140.631 Y110.858 E136.69669
G1 X140.631 Y111.403 E136.7229
G1 X128.335 Y123.699 E137.55926
G1 X128.335 Y124.244 E137.58547
G1 X140.631 Y111.949 E138.42179
G1 X140.631 Y112.494 E138.448
G1 X128.335 Y124.79 E139.28436
G1 X128.335 Y125.335 E139.31057
G1 X140.631 Y113.039 E140.14693
G1 X140.631 Y113.585 E140.17319
G1 X128.335 Y125.881 E141.00955
G1 X128.335 Y126.426 E141.03576
G1 X140.631 Y114.13 E141.87212
G1 X140.631 Y114.675 E141.89833
G1 X128.335 Y126.971 E142.73469
G1 X128.335 Y127.517 E142.76095
G1 X140.631 Y115.221 E143.59731
G1 X140.631 Y115.766 E143.62352
G1 X128.335 Y128.062 E144.45988
G1 X128.334 Y128.607 E144.48609
G1 X140.631 Y116.311 E145.32248
G1 X140.631 Y116.857 E145.34874
G1 X128.334 Y129.153 E146.18513
G1 X128.334 Y129.698 E146.21134
G1 X140.631 Y117.402 E147.04773
G1 X140.631 Y117.947 E147.07394
G1 X128.334 Y130.244 E147.91037
G1 X128.334 Y130.789 E147.93658
G1 X140.631 Y118.493 E148.77297
G1 X140.631 Y119.038 E148.79918
G1 X128.334 Y131.334 E149.63557
G1 X128.334 Y131.88 E149.66183
G1 X140.631 Y119.583 E150.49826
G1 X140.631 Y120.129 E150.52452
G1 X128.334 Y132.425 E151.36091
G1 X128.334 Y132.971 E151.38717
G1 X140.631 Y120.674 E152.2236
G1 E150.2236 F2400
G92 E0
G1 X142.134 Y54.82 F7800
G1 E2 F2400
G1 F1200
G1 X155.861 Y41.092 E2.93373
G1 X156.407 Y41.092 E2.95999
G1 X142.68 Y54.82 E3.89372
G1 X143.225 Y54.82 E3.91993
G1 X156.952 Y41.092 E4.85366
G1 X157.497 Y41.092 E4.87987
G1 X143.77 Y54.82 E5.8136
G1 X144.316 Y54.82 E5.83986
G1 X158.043 Y41.092 E6.77359
G1 X158.588 Y41.092 E6.7998
G1 X144.861 Y54.82 E7.73353
G1 X145.406 Y54.82 E7.75974
G1 X159.133 Y41.092 E8.69347
G1 X159.679 Y41.092 E8.71973
G1 X145.952 Y54.82 E9.65346
G1 X146.497 Y54.82 E9.67967
G1 X160.224 Y41.092 E10.6134
G1 X160.769 Y41.092 E10.63961
G1 X147.042 Y54.82 E11.57334
G1 X147.588 Y54.82 E11.5996
G1 X161.315 Y41.092 E12.53333
G1 X161.86 Y41.092 E12.55954
G1 X148.133 Y54.82 E13.49327
G1 X148.678 Y54.82 E13.51948
G1 X162.405 Y41.092 E14.45321
G1 X162.951 Y41.092 E14.47947
G1 X149.224 Y54.82 E15.4132
G1 X149.769 Y54.82 E15.43941
G1 X163.496 Y41.092 E16.37314
G1 X164.042 Y41.092 E16.3994
G1 X150.314 Y54.82 E17.33316
G1 X150.86 Y54.82 E17.35942
G1 X164.587 Y41.092 E18.29315
G1 X165.132 Y41.092 E18.31936
G1 X151.405 Y54.82 E19.25309
G1 X151.95 Y54.82 E19.2793
G1 X165.678 Y41.092 E20.21306
G1 X166.223 Y41.092 E20.23927
G1 X152.496 Y54.82 E21.173
G1 X153.041 Y54.82 E21.19921
G1 X166.768 Y41.092 E22.13294
G1 X167.314 Y41.092 E22.1592
G1 X153.586 Y54.82 E23.09296
G1 X154.132 Y54.82 E23.11922
G1 X167.859 Y41.092 E24.05295
G1 X168.404 Y41.092 E24.07916
G1 X154.677 Y54.82 E25.01289
G1 X155.223 Y54.82 E25.03915
G1 X168.95 Y41.092 E25.97288
G1 X169.495 Y41.092 E25.99909
G1 X155.768 Y54.82 E26.93282
G1 X156.313 Y54.82 E26.95903
G1 X170.04 Y41.092 E27.89276
G1 X170.586 Y41.092 E27.91902
G1 X156.859 Y54.82 E28.85275
G1 X157.404 Y54.82 E28.87896
G1 X171.131 Y41.092 E29.81269
G1 X171.676 Y41.092 E29.8389
G1 X157.949 Y54.82 E30.77263
G1 X158.495 Y54.82 E30.79889
G1 X172.222 Y41.092 E31.73262
G1 X172.767 Y41.092 E31.75883
G1 X159.04 Y54.82 E32.69256
G1 X159.585 Y54.82 E32.71877
G1 X173.312 Y41.092 E33.6525
G1 X173.858 Y41.092 E33.67876
G1 X160.131 Y54.82 E34.61249
G1 X160.676 Y54.82 E34.6387
G1 X174.403 Y41.092 E35.57243
G1 X174.465 Y41.576 E35.5959
G1 X161.221 Y54.82 E36.49674
G1 X161.767 Y54.82 E36.523
G1 X174.465 Y42.122 E37.3867
G1 X174.465 Y42.667 E37.41291
G1 X162.312 Y54.82 E38.23954
G1 X162.857 Y54.82 E38.26575
G1 X174.465 Y43.212 E39.05531
G1 X174.465 Y43.758 E39.08157
G1 X163.403 Y54.82 E39.83399
G1 X163.948 Y54.82 E39.8602
G1 X174.465 Y44.303 E40.57555
G1 X174.465 Y44.848 E40.60176
G1 X164.493 Y54.82 E41.28004
G1 X165.039 Y54.82 E41.3063
G1 X174.465 Y45.394 E41.94744
G1 X174.465 Y45.939 E41.97365
G1 X165.584 Y54.82 E42.57772
G1 X166.129 Y54.82 E42.60393
G1 X174.465 Y46.484 E43.17093
G1 X174.465 Y47.03 E43.19719
G1 X166.675 Y54.82 E43.72706
G1 X167.22 Y54.82 E43.75327
G1 X174.465 Y47.575 E44.24607
G1 X174.465 Y48.121 E44.27233
G1 X167.766 Y54.82 E44.72799
G1 X168.311 Y54.82 E44.7542
G1 X174.465 Y48.666 E45.17279
G1 X174.465 Y49.211 E45.199
G1 X168.856 Y54.82 E45.58052
G1 X169.402 Y54.82 E45.60678
G1 X174.465 Y49.757 E45.95116
G1 X174.465 Y50.302 E45.97737
G1 X169.947 Y54.82 E46.28468
G1 X170.492 Y54.82 E46.31089
G1 X174.465 Y50.847 E46.58113
G1 X174.465 Y51.393 E46.60739
G1 X171.038 Y54.82 E46.84049
G1 X171.583 Y54.82 E46.8667
G1 X174.465 Y51.938 E47.06273
G1 X174.465 Y52.483 E47.08894
G1 X172.128 Y54.82 E47.2479
G1 X172.674 Y54.82 E47.27416
G1 X174.465 Y53.029 E47.39598
G1 X174.465 Y54.82 E47.48212
G1 X173.219 Y54.82 E47.54205
G1 X174.328 Y53.71 E47.61752
G1 E45.61752 F2400
G92 E0
G1 X75.64 Y41.124 F7800
G1 E2 F2400
;WIDTH:0.543559
G1 F1200
G1 X75.598 Y41.081 E2.00359
G1 X75.54 Y41.097 E2.00719
G1 X75.524 Y41.155 E2.01079
G1 X75.567 Y41.197 E2.01438
G1 X75.625 Y41.182 E2.01796
;WIDTH:0.45
G1 X76.241 Y41.092 E2.0479
G1 X75.535 Y41.798 E2.09592
G1 X75.535 Y42.343 E2.12213
G1 X76.786 Y41.092 E2.20722
G1 X77.331 Y41.092 E2.23343
G1 X75.535 Y42.888 E2.35559
G1 X75.535 Y43.434 E2.38185
G1 X77.877 Y41.092 E2.54115
G1 X78.422 Y41.092 E2.56736
G1 X75.535 Y43.979 E2.76373
G1 X75.535 Y44.524 E2.78994
G1 X78.967 Y41.092 E3.02338
G1 X79.513 Y41.092 E3.04964
G1 X75.535 Y45.07 E3.32022
G1 X75.535 Y45.615 E3.34643
G1 X80.058 Y41.092 E3.65408
G1 X80.603 Y41.092 E3.68029
G1 X75.535 Y46.16 E4.02501
G1 X75.535 Y46.706 E4.05127
G1 X81.149 Y41.092 E4.43313
G1 X81.694 Y41.092 E4.45934
G1 X75.535 Y47.251 E4.87827
G1 X75.535 Y47.796 E4.90448
G1 X82.239 Y41.092 E5.36048
G1 X82.785 Y41.092 E5.38674
G1 X75.535 Y48.342 E5.87988
G1 X75.535 Y48.887 E5.90609
G1 X83.33 Y41.092 E6.4363
G1 X83.875 Y41.092 E6.46251
G1 X75.535 Y49.432 E7.02979
G1 X75.535 Y49.978 E7.05605
G1 X84.421 Y41.092 E7.66046
G1 X84.966 Y41.092 E7.68667
G1 X75.535 Y50.523 E8.32815
G1 X75.535 Y51.068 E8.35436
G1 X85.511 Y41.092 E9.03292
G1 X86.057 Y41.092 E9.05918
G1 X75.535 Y51.614 E9.77487
G1 X75.535 Y52.159 E9.80108
G1 X86.602 Y41.092 E10.55384
G1 X87.147 Y41.092 E10.58005
G1 X75.535 Y52.704 E11.36988
G1 X75.535 Y53.25 E11.39614
G1 X87.693 Y41.092 E12.22311
G1 X88.238 Y41.092 E12.24932
G1 X75.535 Y53.795 E13.11336
G1 X75.535 Y54.341 E13.13962
G1 X88.784 Y41.092 E14.0408
G1 X89.329 Y41.092 E14.06701
G1 X75.602 Y54.82 E15.00074
G1 X75.393 Y54.802 E15.01083
;WIDTH:0.404381
G1 X75.403 Y54.952 E15.01721
;WIDTH:0.45
G1 X76.147 Y54.82 E15.05355
G1 X89.874 Y41.092 E15.98728
G1 X90.42 Y41.092 E16.01354
G1 X76.692 Y54.82 E16.9473
G1 X77.238 Y54.82 E16.97356
G1 X90.965 Y41.092 E17.90729
G1 X91.51 Y41.092 E17.9335
G1 X77.783 Y54.82 E18.86723
G1 X78.328 Y54.82 E18.89344
G1 X92.056 Y41.092 E19.8272
G1 X92.601 Y41.092 E19.85341
G1 X78.874 Y54.82 E20.78714
G1 X79.419 Y54.82 E20.81335
G1 X93.146 Y41.092 E21.74708
G1 X93.692 Y41.092 E21.77334
G1 X79.965 Y54.82 E22.70707
G1 X80.51 Y54.82 E22.73328
G1 X94.237 Y41.092 E23.66701
G1 X94.782 Y41.092 E23.69322
G1 X81.055 Y54.82 E24.62695
G1 X81.601 Y54.82 E24.65321
G1 X95.328 Y41.092 E25.58694
G1 X95.873 Y41.092 E25.61315
G1 X82.146 Y54.82 E26.54688
G1 X82.691 Y54.82 E26.57309
G1 X96.418 Y41.092 E27.50682
G1 X96.964 Y41.092 E27.53308
G1 X83.237 Y54.82 E28.46681
G1 X83.782 Y54.82 E28.49302
G1 X97.509 Y41.092 E29.42675
G1 X98.054 Y41.092 E29.45296
G1 X84.327 Y54.82 E30.38669
G1 X84.873 Y54.82 E30.41295
G1 X98.6 Y41.092 E31.34668
G1 X99.145 Y41.092 E31.37289
G1 X85.418 Y54.82 E32.30662
G1 X85.963 Y54.82 E32.33283
G1 X99.69 Y41.092 E33.26656
G1 X100.236 Y41.092 E33.29282
G1 X86.509 Y54.82 E34.22655
G1 X87.054 Y54.82 E34.25276
G1 X100.781 Y41.092 E35.18649
G1 X101.327 Y41.092 E35.21275
G1 X87.599 Y54.82 E36.14651
G1 X88.145 Y54.82 E36.17277
G1 X101.872 Y41.092 E37.1065
G1 X102.417 Y41.092 E37.13271
G1 X88.69 Y54.82 E38.06644
G1 X89.235 Y54.82 E38.09265
G1 X102.963 Y41.092 E39.02641
G1 X103.508 Y41.092 E39.05262
G1 X89.781 Y54.82 E39.98635
G1 X90.326 Y54.82 E40.01256
G1 X104.053 Y41.092 E40.94629
G1 X104.599 Y41.092 E40.97255
G1 X90.871 Y54.82 E41.90631
G1 X91.417 Y54.82 E41.93257
G1 X105.144 Y41.092 E42.8663
G1 X105.689 Y41.092 E42.89251
G1 X91.962 Y54.82 E43.82624
G1 X92.508 Y54.82 E43.8525
G1 X106.235 Y41.092 E44.78623
G1 X106.78 Y41.092 E44.81244
G1 X93.053 Y54.82 E45.74617
G1 X93.598 Y54.82 E45.77238
G1 X107.325 Y41.092 E46.70611
G1 X107.871 Y41.092 E46.73237
G1 X94.144 Y54.82 E47.6661
G1 X94.689 Y54.82 E47.69231
G1 X108.416 Y41.092 E48.62604
G1 X108.961 Y41.092 E48.65225
G1 X95.234 Y54.82 E49.58598
G1 X95.78 Y54.82 E49.61224
G1 X109.507 Y41.092 E50.54597
G1 X110.052 Y41.092 E50.57218
G1 X96.325 Y54.82 E51.50591
G1 X96.87 Y54.82 E51.53212
G1 X110.597 Y41.092 E52.46585
G1 X111.143 Y41.092 E52.49211
G1 X97.416 Y54.82 E53.42584
G1 X97.961 Y54.82 E53.45205
G1 X111.688 Y41.092 E54.38578
G1 X112.233 Y41.092 E54.41199
G1 X98.506 Y54.82 E55.34572
G1 X99.052 Y54.82 E55.37198
G1 X112.779 Y41.092 E56.30571
G1 X113.324 Y41.092 E56.33192
G1 X99.597 Y54.82 E57.26565
G1 X100.142 Y54.82 E57.29186
G1 X113.87 Y41.092 E58.22562
G1 X114.415 Y41.092 E58.25183
G1 X100.688 Y54.82 E59.18556
G1 X101.233 Y54.82 E59.21177
G1 X114.96 Y41.092 E60.1455
G1 X115.506 Y41.092 E60.17176
G1 X101.778 Y54.82 E61.10552
G1 X102.324 Y54.82 E61.13178
G1 X116.051 Y41.092 E62.06551
G1 X116.596 Y41.092 E62.09172
G1 X102.869 Y54.82 E63.02545
G1 X103.414 Y54.82 E63.05166
G1 X117.142 Y41.092 E63.98542
G1 X117.687 Y41.092 E64.01163
G1 X103.96 Y54.82 E64.94536
G1 X104.505 Y54.82 E64.97157
G1 X118.232 Y41.092 E65.9053
G1 X118.778 Y41.092 E65.93156
G1 X105.051 Y54.82 E66.86529
G1 X105.596 Y54.82 E66.8915
G1 X119.323 Y41.092 E67.82523
G1 X119.868 Y41.092 E67.85144
G1 X106.141 Y54.82 E68.78517
G1 X106.687 Y54.82 E68.81143
G1 X120.414 Y41.092 E69.74516
G1 X120.959 Y41.092 E69.77137
G1 X107.232 Y54.82 E70.7051
G1 X107.777 Y54.82 E70.73131
G1 X121.504 Y41.092 E71.66504
G1 X121.787 Y41.024 E71.67904
;WIDTH:0.404381
G1 X121.746 Y41.035 E71.68084
G1 X121.727 Y40.964 E71.68396
G1 X121.798 Y40.983 E71.68708
;WIDTH:0.45
G1 X121.658 Y41.484 E71.7121
G1 X108.296 Y54.846 E72.62097
G1 X108.708 Y54.98 E72.64181
G1 X121.658 Y42.03 E73.52265
G1 X121.658 Y42.575 E73.54886
G1 X109.02 Y55.213 E74.40848
G1 X109.244 Y55.535 E74.42735
G1 X121.658 Y43.12 E75.27177
G1 X121.658 Y43.666 E75.29803
G1 X109.358 Y55.966 E76.13466
G1 X109.234 Y56.668 E76.16895
;WIDTH:0.404381
G1 X109.193 Y56.679 E76.17075
G1 X109.174 Y56.608 E76.17387
G1 X109.245 Y56.627 E76.17699
;WIDTH:0.45
G1 X121.658 Y44.211 E77.02141
G1 X121.658 Y44.756 E77.04762
G1 X109.368 Y57.046 E77.88357
G1 X109.368 Y57.591 E77.90978
G1 X121.658 Y45.302 E78.7457
G1 X121.658 Y45.847 E78.77191
G1 X109.368 Y58.137 E79.60786
G1 X109.368 Y58.682 E79.63407
G1 X121.658 Y46.392 E80.47002
G1 X121.658 Y46.938 E80.49628
G1 X109.368 Y59.227 E81.3322
G1 X109.368 Y59.773 E81.35846
G1 X121.658 Y47.483 E82.19441
G1 X121.658 Y48.028 E82.22062
G1 X109.368 Y60.318 E83.05657
G1 X109.368 Y60.863 E83.08278
G1 X121.658 Y48.574 E83.9187
G1 X121.658 Y49.119 E83.94491
G1 X109.368 Y61.409 E84.78086
G1 X109.368 Y61.954 E84.80707
G1 X121.658 Y49.664 E85.64302
G1 X121.658 Y50.21 E85.66928
G1 X109.368 Y62.499 E86.5052
G1 X109.368 Y63.045 E86.53146
G1 X121.658 Y50.755 E87.36741
G1 X121.658 Y51.3 E87.39362
G1 X109.368 Y63.59 E88.22957
G1 X109.368 Y64.135 E88.25578
G1 X121.658 Y51.846 E89.0917
G1 X121.658 Y52.391 E89.11791
G1 X109.368 Y64.681 E89.95386
G1 X109.368 Y65.226 E89.98007
G1 X121.658 Y52.936 E90.81602
G1 X121.658 Y53.482 E90.84228
G1 X109.368 Y65.771 E91.6782
G1 X109.368 Y66.317 E91.70446
G1 X121.658 Y54.027 E92.54041
G1 X121.658 Y54.573 E92.56667
G1 X109.368 Y66.862 E93.40259
G1 X109.368 Y67.407 E93.4288
G1 X121.658 Y55.118 E94.26472
G1 X121.658 Y55.663 E94.29093
G1 X109.368 Y67.953 E95.12688
G1 X109.368 Y68.498 E95.15309
G1 X121.658 Y56.209 E95.98901
G1 X121.658 Y56.754 E96.01522
G1 X109.368 Y69.043 E96.85114
G1 X109.368 Y69.589 E96.8774
G1 X121.658 Y57.299 E97.71335
G1 X121.658 Y57.845 E97.73961
G1 X109.368 Y70.134 E98.57553
G1 X109.368 Y70.68 E98.60179
G1 X121.658 Y58.39 E99.43774
G1 X121.658 Y58.935 E99.46395
G1 X109.368 Y71.225 E100.2999
G1 X109.368 Y71.77 E100.32611
G1 X121.658 Y59.481 E101.16203
G1 X121.658 Y60.026 E101.18824
G1 X109.368 Y72.316 E102.02419
G1 X109.368 Y72.861 E102.0504
G1 X121.658 Y60.571 E102.88635
G1 X121.658 Y61.117 E102.91261
G1 X109.368 Y73.406 E103.74853
G1 X109.368 Y73.952 E103.77479
G1 X121.658 Y61.662 E104.61074
G1 X121.658 Y62.207 E104.63695
G1 X109.368 Y74.497 E105.4729
G1 X109.368 Y75.042 E105.49911
G1 X121.658 Y62.753 E106.33503
G1 X121.658 Y63.298 E106.36124
G1 X109.368 Y75.588 E107.19719
G1 X109.368 Y76.133 E107.2234
G1 X121.658 Y63.843 E108.05935
G1 X121.658 Y64.389 E108.08561
G1 X109.368 Y76.678 E108.92153
G1 X109.368 Y77.224 E108.94779
G1 X121.658 Y64.934 E109.78374
G1 X121.658 Y65.479 E109.80995
G1 X109.368 Y77.769 E110.6459
G1 X109.368 Y78.314 E110.67211
G1 X121.658 Y66.025 E111.50803
G1 X121.658 Y66.57 E111.53424
G1 X109.368 Y78.86 E112.37019
G1 X109.368 Y79.405 E112.3964
G1 X121.658 Y67.116 E113.23232
G1 X121.658 Y67.661 E113.25853
G1 X109.368 Y79.95 E114.09445
G1 X109.368 Y80.496 E114.12071
G1 X121.658 Y68.206 E114.95666
G1 X121.658 Y68.752 E114.98292
G1 X109.368 Y81.041 E115.81884
G1 X109.368 Y81.586 E115.84505
G1 X121.658 Y69.297 E116.68097
G1 X121.658 Y69.842 E116.70718
G1 X109.368 Y82.132 E117.54313
G1 X109.368 Y82.677 E117.56934
G1 X121.658 Y70.388 E118.40526
G1 X121.658 Y70.933 E118.43147
G1 X109.368 Y83.222 E119.26739
G1 X109.368 Y83.768 E119.29365
G1 X121.658 Y71.478 E120.1296
G1 X121.658 Y72.024 E120.15586
G1 X109.368 Y84.313 E120.99178
G1 X109.368 Y84.859 E121.01804
G1 X121.658 Y72.569 E121.85399
G1 X121.658 Y73.114 E121.8802
G1 X109.368 Y85.404 E122.71615
G1 X109.368 Y85.949 E122.74236
G1 X121.658 Y73.66 E123.57828
G1 X121.658 Y74.205 E123.60449
G1 X109.368 Y86.495 E124.44044
G1 X109.368 Y87.04 E124.46665
G1 X121.658 Y74.75 E125.3026
G1 X121.658 Y75.296 E125.32886
G1 X109.368 Y87.585 E126.16478
G1 X109.368 Y88.131 E126.19104
G1 X121.658 Y75.841 E127.02699
G1 X121.658 Y76.386 E127.0532
G1 X109.368 Y88.676 E127.88915
G1 X109.368 Y89.221 E127.91536
G1 X121.658 Y76.932 E128.75128
G1 X121.658 Y77.477 E128.77749
G1 X109.368 Y89.767 E129.61344
G1 X109.368 Y90.312 E129.63965
G1 X121.658 Y78.022 E130.4756
G1 X121.658 Y78.568 E130.50186
G1 X109.368 Y90.857 E131.33778
G1 X109.368 Y91.403 E131.36404
G1 X121.658 Y79.113 E132.19999
G1 X121.658 Y79.659 E132.22625
G1 X109.368 Y91.948 E133.06217
G1 X109.368 Y92.493 E133.08838
G1 X121.658 Y80.204 E133.9243
G1 X121.658 Y80.749 E133.95051
G1 X109.368 Y93.039 E134.78646
G1 X109.368 Y93.584 E134.81267
G1 X121.658 Y81.295 E135.64859
G1 X121.658 Y81.84 E135.6748
G1 X109.368 Y94.129 E136.51072
G1 X109.368 Y94.675 E136.53698
G1 X121.658 Y82.385 E137.37293
G1 X121.658 Y82.931 E137.39919
G1 X109.368 Y95.22 E138.23511
G1 X109.368 Y95.765 E138.26132
G1 X121.658 Y83.476 E139.09724
G1 X121.658 Y84.021 E139.12345
G1 X109.368 Y96.311 E139.9594
G1 X109.368 Y96.856 E139.98561
G1 X121.658 Y84.567 E140.82153
G1 X121.658 Y85.112 E140.84774
G1 X109.368 Y97.402 E141.68369
G1 X109.368 Y97.947 E141.7099
G1 X121.658 Y85.657 E142.54585
G1 X121.658 Y86.203 E142.57211
G1 X109.368 Y98.492 E143.40803
G1 X109.368 Y99.038 E143.43429
G1 X121.658 Y86.748 E144.27024
G1 X121.658 Y87.293 E144.29645
G1 X109.368 Y99.583 E145.1324
G1 X109.368 Y100.128 E145.15861
G1 X121.658 Y87.839 E145.99453
G1 X121.658 Y88.384 E146.02074
G1 X109.368 Y100.674 E146.85669
G1 X109.368 Y101.219 E146.8829
G1 X121.658 Y88.929 E147.71885
G1 X121.658 Y89.475 E147.74511
G1 X109.368 Y101.764 E148.58103
G1 X109.368 Y102.31 E148.60729
G1 X121.658 Y90.02 E149.44324
G1 X121.658 Y90.565 E149.46945
G1 X109.368 Y102.855 E150.3054
G1 X109.368 Y103.4 E150.33161
G1 X121.658 Y91.111 E151.16753
G1 X121.658 Y91.656 E151.19374
G1 X109.368 Y103.946 E152.02969
G1 X109.368 Y104.491 E152.0559
G1 X121.658 Y92.202 E152.89182
G1 X121.658 Y92.747 E152.91803
G1 X109.368 Y105.036 E153.75395
G1 X109.368 Y105.582 E153.78021
G1 X121.658 Y93.292 E154.61616
G1 X121.658 Y93.838 E154.64242
G1 X109.368 Y106.127 E155.47834
G1 X109.368 Y106.672 E155.50455
G1 X121.658 Y94.383 E156.34047
G1 X121.658 Y94.928 E156.36668
G1 X109.368 Y107.218 E157.20263
G1 X109.368 Y107.763 E157.22884
G1 X121.658 Y95.474 E158.06476
G1 X121.658 Y96.019 E158.09097
G1 X109.368 Y108.308 E158.92689
G1 X109.368 Y108.854 E158.95315
G1 X121.658 Y96.564 E159.7891
G1 X121.658 Y97.11 E159.81536
G1 X109.368 Y109.399 E160.65128
G1 X109.368 Y109.945 E160.67754
G1 X121.658 Y97.655 E161.51349
G1 X121.658 Y98.2 E161.5397
G1 X109.368 Y110.49 E162.37565
G1 X109.368 Y111.035 E162.40186
G1 X121.658 Y98.746 E163.23778
G1 X121.658 Y99.291 E163.26399
G1 X109.368 Y111.581 E164.09994
G1 X109.368 Y112.126 E164.12615
G1 X121.658 Y99.836 E164.9621
G1 X121.658 Y100.382 E164.98836
G1 X109.368 Y112.671 E165.82428
G1 X109.368 Y113.217 E165.85054
G1 X121.658 Y100.927 E166.68649
G1 X121.658 Y101.472 E166.7127
G1 X109.368 Y113.762 E167.54865
G1 X109.368 Y114.307 E167.57486
G1 X121.658 Y102.018 E168.41078
G1 X121.658 Y102.563 E168.43699
G1 X109.368 Y114.853 E169.27294
G1 X109.368 Y115.398 E169.29915
G1 X121.658 Y103.108 E170.1351
G1 X121.658 Y103.654 E170.16136
G1 X109.368 Y115.943 E170.99728
G1 X109.368 Y116.489 E171.02354
G1 X121.658 Y104.199 E171.85949
G1 X121.658 Y104.745 E171.88575
G1 X109.368 Y117.034 E172.72167
G1 X109.368 Y117.579 E172.74788
G1 X121.658 Y105.29 E173.5838
G1 X121.658 Y105.835 E173.61001
G1 X109.368 Y118.125 E174.44596
G1 X109.368 Y118.67 E174.47217
G1 X121.658 Y106.381 E175.30809
G1 X121.658 Y106.926 E175.3343
G1 X109.368 Y119.215 E176.17022
G1 X109.368 Y119.761 E176.19648
G1 X121.658 Y107.471 E177.03243
G1 X121.658 Y108.017 E177.05869
G1 X109.368 Y120.306 E177.89461
G1 X109.368 Y120.851 E177.92082
G1 X121.658 Y108.562 E178.75674
G1 X121.658 Y109.107 E178.78295
G1 X109.368 Y121.397 E179.6189
G1 X109.368 Y121.942 E179.64511
G1 X121.658 Y109.653 E180.48103
G1 X121.658 Y110.198 E180.50724
G1 X109.368 Y122.488 E181.34319
G1 X109.368 Y123.033 E181.3694
G1 X121.658 Y110.743 E182.20535
G1 X121.658 Y111.289 E182.23161
G1 X109.368 Y123.578 E183.06753
G1 X109.368 Y124.124 E183.09379
G1 X121.658 Y111.834 E183.92974
G1 X121.658 Y112.379 E183.95595
G1 X109.368 Y124.669 E184.7919
G1 X109.368 Y125.214 E184.81811
G1 X121.658 Y112.925 E185.65403
G1 X121.658 Y113.47 E185.68024
G1 X109.368 Y125.76 E186.51619
G1 X109.368 Y126.305 E186.5424
G1 X121.658 Y114.015 E187.37835
G1 X121.658 Y114.561 E187.40461
G1 X109.368 Y126.85 E188.24053
G1 X109.368 Y127.396 E188.26679
G1 X121.658 Y115.106 E189.10274
G1 X121.658 Y115.651 E189.12895
G1 X109.368 Y127.941 E189.9649
G1 X109.368 Y128.486 E189.99111
G1 X121.658 Y116.197 E190.82703
G1 X121.658 Y116.742 E190.85324
G1 X109.368 Y129.032 E191.68919
G1 X109.368 Y129.577 E191.7154
G1 X121.658 Y117.287 E192.55135
G1 X121.658 Y117.833 E192.57761
G1 X109.368 Y130.122 E193.41353
G1 X109.368 Y130.668 E193.43979
G1 X121.658 Y118.378 E194.27574
G1 X121.658 Y118.924 E194.302
G1 X109.368 Y131.213 E195.13792
G1 X109.368 Y131.758 E195.16413
G1 X121.658 Y119.469 E196.00005
G1 X121.658 Y120.014 E196.02626
G1 X109.368 Y132.304 E196.86221
G1 X109.368 Y132.849 E196.88842
G1 X121.658 Y120.56 E197.72434
G1 X121.658 Y121.105 E197.75055
G1 X109.368 Y133.394 E198.58647
G1 X109.368 Y133.94 E198.61273
G1 X121.658 Y121.65 E199.44868
G1 X121.658 Y122.196 E199.47494
G1 X109.368 Y134.485 E200.31086
G1 X109.368 Y135.031 E200.33712
G1 X121.658 Y122.741 E201.17307
G1 X121.658 Y123.286 E201.19928
G1 X109.368 Y135.576 E202.03523
G1 X109.368 Y136.121 E202.06144
G1 X121.658 Y123.832 E202.89736
G1 X121.658 Y124.377 E202.92357
G1 X109.368 Y136.667 E203.75952
G1 X109.368 Y137.212 E203.78573
G1 X121.658 Y124.922 E204.62168
G1 X121.658 Y125.468 E204.64794
G1 X109.368 Y137.757 E205.48386
G1 X109.368 Y138.303 E205.51012
G1 X121.658 Y126.013 E206.34607
G1 X121.658 Y126.558 E206.37228
G1 X109.368 Y138.848 E207.20823
G1 X109.368 Y139.393 E207.23444
G1 X121.658 Y127.104 E208.07036
G1 X121.658 Y127.649 E208.09657
G1 X109.368 Y139.939 E208.93252
G1 X109.368 Y140.484 E208.95873
G1 X121.658 Y128.194 E209.79468
G1 X121.658 Y128.74 E209.82094
G1 X109.368 Y141.029 E210.65686
G1 X109.368 Y141.575 E210.68312
G1 X121.658 Y129.285 E211.51907
G1 X121.658 Y129.83 E211.54528
G1 X109.368 Y142.12 E212.38123
G1 X109.368 Y142.665 E212.40744
G1 X121.658 Y130.376 E213.24336
G1 X121.658 Y130.921 E213.26957
G1 X109.368 Y143.211 E214.10552
G1 X109.315 Y143.646 E214.1266
;WIDTH:0.404381
G1 X109.274 Y143.657 E214.1284
G1 X109.255 Y143.586 E214.13152
G1 X109.326 Y143.605 E214.13464
;WIDTH:0.45
G1 X109.592 Y143.533 E214.14789
G1 X121.658 Y131.467 E214.9686
G1 X121.658 Y132.012 E214.99481
G1 X110.137 Y143.533 E215.77845
G1 X110.683 Y143.533 E215.80471
G1 X121.658 Y132.557 E216.55125
G1 X121.658 Y133.103 E216.57751
G1 X111.208 Y143.552 E217.28827
G1 X111.628 Y143.678 E217.30936
G1 X121.738 Y133.568 E217.99703
G1 X121.934 Y133.917 E218.01628
G1 X111.935 Y143.916 E218.6964
G1 X112.167 Y144.23 E218.71518
G1 X122.218 Y134.179 E219.39884
G1 X122.596 Y134.346 E219.41872
G1 X112.292 Y144.65 E220.11959
G1 X112.294 Y145.193 E220.14571
G1 X123.095 Y134.392 E220.88038
G1 X123.64 Y134.392 E220.90659
G1 X112.295 Y145.738 E221.6783
G1 X112.295 Y146.283 E221.70451
G1 X124.186 Y134.392 E222.51332
G1 X124.731 Y134.392 E222.53953
G1 X112.295 Y146.829 E223.38545
G1 X112.295 Y147.374 E223.41166
G1 X125.276 Y134.392 E224.29465
G1 X125.822 Y134.392 E224.32091
G1 X112.295 Y147.919 E225.241
G1 X112.295 Y148.464 E225.26721
G1 X126.367 Y134.392 E226.22437
G1 X126.912 Y134.392 E226.25058
G1 X112.295 Y149.009 E227.24481
G1 X112.295 Y149.555 E227.27107
G1 X127.547 Y134.304 E228.30846
G1 X127.819 Y134.09 E228.32511
;WIDTH:0.404381
G1 X128.033 Y133.878 E228.33788
;WIDTH:0.45
G1 X128.245 Y133.605 E228.3545
G1 X140.631 Y121.22 E229.19695
G1 X140.631 Y121.765 E229.22316
G1 X112.296 Y150.1 E231.15047
G1 X112.296 Y150.645 E231.17668
G1 X140.631 Y122.31 E233.10399
G1 X140.631 Y122.856 E233.13025
G1 X112.296 Y151.19 E235.05753
G1 X112.296 Y151.735 E235.08374
G1 X140.631 Y123.401 E237.01102
G1 X140.631 Y123.946 E237.03723
G1 X112.296 Y152.281 E238.96454
G1 X112.296 Y152.826 E238.99075
G1 X140.631 Y124.492 E240.91803
G1 X140.631 Y125.037 E240.94424
G1 X112.296 Y153.371 E242.87152
G1 X112.296 Y153.916 E242.89773
G1 X140.631 Y125.582 E244.82501
G1 X140.631 Y126.128 E244.85127
G1 X112.297 Y154.462 E246.77851
G1 X112.297 Y155.007 E246.80472
G1 X140.631 Y126.673 E248.73196
G1 X140.631 Y127.218 E248.75817
G1 X112.297 Y155.552 E250.68541
G1 X112.297 Y156.097 E250.71162
G1 X140.631 Y127.764 E252.63883
G1 X140.631 Y128.309 E252.66504
G1 X112.297 Y156.642 E254.59225
G1 X112.297 Y157.188 E254.61851
G1 X140.631 Y128.854 E256.54575
G1 X140.631 Y129.4 E256.57201
G1 X112.297 Y157.733 E258.49922
G1 X112.298 Y158.278 E258.52543
G1 X140.631 Y129.945 E260.45261
G1 X140.631 Y130.49 E260.47882
G1 X112.298 Y158.823 E262.406
G1 X112.298 Y159.369 E262.43226
G1 X140.631 Y131.036 E264.35944
G1 X140.631 Y131.581 E264.38565
G1 X112.298 Y159.914 E266.31283
G1 X112.298 Y160.459 E266.33904
G1 X140.631 Y132.126 E268.26622
G1 X140.631 Y132.672 E268.29248
G1 X112.298 Y161.004 E270.21962
G1 X112.298 Y161.549 E270.24583
G1 X140.631 Y133.217 E272.17297
G1 X140.631 Y133.763 E272.19923
G1 X112.298 Y162.095 E274.12637
G1 X112.299 Y162.64 E274.15258
G1 X140.631 Y134.308 E276.07969
G1 X140.631 Y134.853 E276.1059
G1 X112.299 Y163.185 E278.03301
G1 X112.299 Y163.73 E278.05922
G1 X140.631 Y135.399 E279.98629
G1 X140.631 Y135.944 E280.0125
G1 X112.299 Y164.276 E281.93961
G1 X112.299 Y164.821 E281.96582
G1 X140.631 Y136.489 E283.89293
G1 X140.631 Y137.035 E283.91919
G1 X112.299 Y165.366 E285.84626
G1 X112.299 Y165.911 E285.87247
G1 X140.631 Y137.58 E287.79954
G1 X140.631 Y138.125 E287.82575
G1 X112.299 Y166.456 E289.75282
G1 X112.3 Y167.002 E289.77908
G1 X140.631 Y138.671 E291.70612
G1 X140.631 Y139.216 E291.73233
G1 X112.3 Y167.547 E293.65937
G1 X112.228 Y167.809 E293.67244
;WIDTH:0.404381
G1 X112.157 Y167.789 E293.67557
G1 X112.176 Y167.861 E293.67873
G1 X112.217 Y167.85 E293.68053
G1 E291.68053 F2400
G92 E0
G1 X136.241 Y144.08 F7800
G1 E2 F2400
G1 F1200
G1 X136.512 Y143.811 E2.01619
;WIDTH:0.45
G1 X136.785 Y143.607 E2.03258
G1 X140.631 Y139.761 E2.29418
G1 X140.631 Y140.307 E2.32044
G1 X137.405 Y143.533 E2.53987
G1 X137.95 Y143.533 E2.56608
G1 X140.631 Y140.852 E2.74844
G1 X140.631 Y141.397 E2.77465
G1 X138.495 Y143.533 E2.91994
G1 E.91994 F2400
G92 E0
G1 X140.494 Y142.079 F7800
G1 E2 F2400
G1 F1200
G1 X139.041 Y143.533 E2.09887
G1 X140.631 Y143.533 E2.17534
G1 X140.631 Y141.943 E2.25181
G1 X140.231 Y143.049 F7800
;WIDTH:0.610053
G1 F1200
G1 X140.183 Y143.001 E2.25643
G1 X140.117 Y143.019 E2.26109
G1 X140.099 Y143.085 E2.26575
G1 X140.147 Y143.133 E2.27037
G1 X140.213 Y143.115 E2.27503
G1 E.27503 F2400
G92 E0
G1 X136.039 Y144.353 F7800
G1 E2 F2400
;WIDTH:0.45
G1 F1200
G1 X112.3 Y168.092 E3.6147
G1 X112.261 Y168.976 F7800
;WIDTH:0.404381
G1 F1200
G1 X112.19 Y168.957 E3.61782
G1 X112.209 Y169.029 E3.62098
G1 X112.25 Y169.018 E3.62278
;WIDTH:0.45
G1 X112.3 Y168.637 E3.64126
G1 X135.949 Y144.988 E5.24984
G1 X135.949 Y145.534 E5.2761
G1 X112.575 Y168.908 E6.86597
G1 X113.12 Y168.908 E6.89218
G1 X135.949 Y146.079 E8.44498
G1 X135.949 Y146.624 E8.47119
G1 X113.666 Y168.908 E9.98689
G1 X114.211 Y168.908 E10.0131
G1 X135.949 Y147.17 E11.49169
G1 X135.949 Y147.715 E11.5179
G1 X114.756 Y168.908 E12.95942
G1 X115.302 Y168.908 E12.98568
G1 X135.949 Y148.26 E14.3901
G1 X135.949 Y148.806 E14.41636
G1 X115.847 Y168.908 E15.78367
G1 X116.392 Y168.908 E15.80988
G1 X135.949 Y149.351 E17.14012
G1 X135.949 Y149.896 E17.16633
G1 X116.938 Y168.908 E18.45947
G1 X117.483 Y168.908 E18.48568
G1 X135.949 Y150.442 E19.74171
G1 X135.949 Y150.987 E19.76792
G1 X118.029 Y168.908 E20.98685
G1 X118.574 Y168.908 E21.01306
G1 X135.949 Y151.532 E22.19492
G1 X135.949 Y152.078 E22.22118
G1 X119.119 Y168.908 E23.36594
G1 X119.665 Y168.908 E23.3922
G1 X135.949 Y152.623 E24.49985
G1 X135.949 Y153.168 E24.52606
G1 X120.21 Y168.908 E25.59664
G1 X120.755 Y168.908 E25.62285
G1 X135.949 Y153.714 E26.65633
G1 X135.949 Y154.259 E26.68254
G1 X121.301 Y168.908 E27.67891
G1 X121.846 Y168.908 E27.70512
G1 X135.949 Y154.805 E28.66439
G1 X135.949 Y155.35 E28.6906
G1 X122.391 Y168.908 E29.6128
G1 X122.937 Y168.908 E29.63906
G1 X135.949 Y155.895 E30.52415
G1 X135.949 Y156.441 E30.55041
G1 X123.482 Y168.908 E31.3984
G1 X124.027 Y168.908 E31.42461
G1 X135.949 Y156.986 E32.23553
G1 X135.949 Y157.531 E32.26174
G1 X124.573 Y168.908 E33.03556
G1 X125.118 Y168.908 E33.06177
G1 X135.949 Y158.077 E33.79848
G1 X135.949 Y158.622 E33.82469
G1 X125.663 Y168.908 E34.52433
G1 X126.209 Y168.908 E34.55059
G1 X135.949 Y159.167 E35.21313
G1 X135.949 Y159.713 E35.23939
G1 X126.754 Y168.908 E35.86482
G1 X127.299 Y168.908 E35.89103
G1 X135.949 Y160.258 E36.47939
G1 X135.949 Y160.803 E36.5056
G1 X127.845 Y168.908 E37.05686
G1 X128.39 Y168.908 E37.08307
G1 X135.949 Y161.349 E37.59722
G1 X135.949 Y161.894 E37.62343
G1 X128.935 Y168.908 E38.10051
G1 X129.481 Y168.908 E38.12677
G1 X135.949 Y162.439 E38.56675
G1 X135.949 Y162.985 E38.59301
G1 X130.026 Y168.908 E38.99589
G1 X130.571 Y168.908 E39.0221
G1 X135.949 Y163.53 E39.3879
G1 X135.949 Y164.075 E39.41411
G1 X131.117 Y168.908 E39.74281
G1 X131.662 Y168.908 E39.76902
G1 X135.949 Y164.621 E40.06062
G1 X135.949 Y165.166 E40.08683
G1 X132.208 Y168.908 E40.34132
G1 X132.753 Y168.908 E40.36753
G1 X135.949 Y165.711 E40.58495
G1 X135.949 Y166.257 E40.61121
G1 X133.298 Y168.908 E40.79153
G1 X133.726 Y169.102 E40.81413
;WIDTH:0.404381
G1 X133.685 Y169.113 E40.81593
G1 X133.665 Y169.042 E40.81906
G1 X133.737 Y169.061 E40.82222
;WIDTH:0.45
G1 X133.844 Y168.908 E40.8312
G1 X135.949 Y166.802 E40.97441
G1 X135.949 Y168.908 E41.0757
G1 X134.389 Y168.908 E41.15073
G1 X135.813 Y167.484 E41.24759
G1 X135.556 Y168.434 F7800
;WIDTH:0.592609
G1 F1200
G1 X135.509 Y168.387 E41.25197
G1 X135.445 Y168.404 E41.25633
G1 X135.428 Y168.468 E41.26069
G1 X135.475 Y168.514 E41.26502
G1 X135.539 Y168.497 E41.26938
G1 E39.26938 F2400
G92 E0
G1 X105.905 Y154.891 F7800
G1 E2 F2400
;TYPE:Perimeter
;WIDTH:0.45
G1 F1500
G1 X105.905 Y169.197 E2.68807
G1 X75.246 Y169.197 E4.16266
G1 X75.246 Y154.891 E4.85073
G1 X105.845 Y154.891 E6.32244
G1 X106.291 Y154.506 F7800
G1 F1500
G1 X106.291 Y169.582 E7.04754
G1 X74.861 Y169.582 E8.55921
G1 X74.861 Y154.506 E9.28431
G1 X106.231 Y154.506 E10.7931
G1 X106.676 Y154.12 F7800
;TYPE:External perimeter
G1 F1500
G1 X106.676 Y169.968 E11.55533
G1 X74.475 Y169.968 E13.10409
G1 X74.475 Y154.12 E13.86632
G1 X106.616 Y154.12 E15.41219
G1 X106.676 Y154.516 F7800
G1 E13.41219 F2400
G92 E0
G1 X75.64 Y155.212 F7800
G1 E2 F2400
;TYPE:Solid infill
;WIDTH:0.543559
G1 F1200
G1 X75.598 Y155.169 E2.00359
G1 X75.54 Y155.185 E2.00719
G1 X75.524 Y155.243 E2.01079
G1 X75.567 Y155.285 E2.01438
G1 X75.625 Y155.27 E2.01796
;WIDTH:0.45
G1 X75.535 Y155.886 E2.0479
G1 X76.241 Y155.18 E2.09592
G1 X76.786 Y155.18 E2.12213
G1 X75.535 Y156.431 E2.20722
G1 X75.535 Y156.976 E2.23343
G1 X77.331 Y155.18 E2.35559
G1 X77.877 Y155.18 E2.38185
G1 X75.535 Y157.522 E2.54115
G1 X75.535 Y158.067 E2.56736
G1 X78.422 Y155.18 E2.76373
G1 X78.967 Y155.18 E2.78994
G1 X75.535 Y158.612 E3.02338
G1 X75.535 Y159.158 E3.04964
G1 X79.513 Y155.18 E3.32022
G1 X80.058 Y155.18 E3.34643
G1 X75.535 Y159.703 E3.65408
G1 X75.535 Y160.248 E3.68029
G1 X80.603 Y155.18 E4.02501
G1 X81.149 Y155.18 E4.05127
G1 X75.535 Y160.794 E4.43313
G1 X75.535 Y161.339 E4.45934
G1 X81.694 Y155.18 E4.87827
G1 X82.239 Y155.18 E4.90448
G1 X75.535 Y161.884 E5.36048
G1 X75.535 Y162.43 E5.38674
G1 X82.785 Y155.18 E5.87988
G1 X83.33 Y155.18 E5.90609
G1 X75.535 Y162.975 E6.4363
G1 X75.535 Y163.52 E6.46251
G1 X83.875 Y155.18 E7.02979
G1 X84.421 Y155.18 E7.05605
G1 X75.535 Y164.066 E7.66046
G1 X75.535 Y164.611 E7.68667
G1 X84.966 Y155.18 E8.32815
G1 X85.511 Y155.18 E8.35436
G1 X75.535 Y165.156 E9.03292
G1 X75.535 Y165.702 E9.05918
G1 X86.057 Y155.18 E9.77487
G1 X86.602 Y155.18 E9.80108
G1 X75.535 Y166.247 E10.55384
G1 X75.535 Y166.792 E10.58005
G1 X87.147 Y155.18 E11.36988
G1 X87.693 Y155.18 E11.39614
G1 X75.535 Y167.338 E12.22311
G1 X75.535 Y167.883 E12.24932
G1 X88.238 Y155.18 E13.11336
G1 X88.784 Y155.18 E13.13962
G1 X75.535 Y168.429 E14.0408
G1 X75.403 Y169.04 E14.07086
;WIDTH:0.404381
G1 X75.393 Y168.89 E14.07724
;WIDTH:0.45
G1 X75.602 Y168.908 E14.08733
G1 X89.329 Y155.18 E15.02106
G1 X89.874 Y155.18 E15.04727
G1 X76.147 Y168.908 E15.981
G1 X76.692 Y168.908 E16.00721
G1 X90.42 Y155.18 E16.94097
G1 X90.965 Y155.18 E16.96718
G1 X77.238 Y168.908 E17.90091
G1 X77.783 Y168.908 E17.92712
G1 X91.51 Y155.18 E18.86085
G1 X92.056 Y155.18 E18.88711
G1 X78.328 Y168.908 E19.82087
G1 X78.874 Y168.908 E19.84713
G1 X92.601 Y155.18 E20.78086
G1 X93.146 Y155.18 E20.80707
G1 X79.419 Y168.908 E21.7408
G1 X79.965 Y168.908 E21.76706
G1 X93.692 Y155.18 E22.70079
G1 X94.237 Y155.18 E22.727
G1 X80.51 Y168.908 E23.66073
G1 X81.055 Y168.908 E23.68694
G1 X94.782 Y155.18 E24.62067
G1 X95.328 Y155.18 E24.64693
G1 X81.601 Y168.908 E25.58066
G1 X82.146 Y168.908 E25.60687
G1 X95.873 Y155.18 E26.5406
G1 X96.418 Y155.18 E26.56681
G1 X82.691 Y168.908 E27.50054
G1 X83.237 Y168.908 E27.5268
G1 X96.964 Y155.18 E28.46053
G1 X97.509 Y155.18 E28.48674
G1 X83.782 Y168.908 E29.42047
G1 X84.327 Y168.908 E29.44668
G1 X98.054 Y155.18 E30.38041
G1 X98.6 Y155.18 E30.40667
G1 X84.873 Y168.908 E31.3404
G1 X85.418 Y168.908 E31.36661
G1 X99.145 Y155.18 E32.30034
G1 X99.69 Y155.18 E32.32655
G1 X85.963 Y168.908 E33.26028
G1 X86.509 Y168.908 E33.28654
G1 X100.236 Y155.18 E34.22027
G1 X100.781 Y155.18 E34.24648
G1 X87.054 Y168.908 E35.18021
G1 X87.599 Y168.908 E35.20642
G1 X101.327 Y155.18 E36.14018
G1 X101.872 Y155.18 E36.16639
G1 X88.145 Y168.908 E37.10012
G1 X88.69 Y168.908 E37.12633
G1 X102.417 Y155.18 E38.06006
G1 X102.963 Y155.18 E38.08632
G1 X89.235 Y168.908 E39.02008
G1 X89.781 Y168.908 E39.04634
G1 X103.508 Y155.18 E39.98007
G1 X104.053 Y155.18 E40.00628
G1 X90.326 Y168.908 E40.94001
G1 X90.871 Y168.908 E40.96622
G1 X104.599 Y155.18 E41.89998
G1 X105.144 Y155.18 E41.92619
G1 X91.417 Y168.908 E42.85992
G1 X91.962 Y168.908 E42.88613
G1 X105.616 Y155.254 E43.81486
G1 X105.745 Y155.052 E43.82639
;WIDTH:0.404381
G1 X105.572 Y155.038 E43.83375
;WIDTH:0.45
G1 X105.616 Y155.799 E43.87041
G1 X92.508 Y168.908 E44.76203
G1 X93.053 Y168.908 E44.78824
G1 X105.616 Y156.344 E45.64279
G1 X105.616 Y156.89 E45.66905
G1 X93.598 Y168.908 E46.4865
G1 X94.144 Y168.908 E46.51276
G1 X105.616 Y157.435 E47.29311
G1 X105.616 Y157.981 E47.31937
G1 X94.689 Y168.908 E48.06261
G1 X95.234 Y168.908 E48.08882
G1 X105.616 Y158.526 E48.79499
G1 X105.616 Y159.071 E48.8212
G1 X95.78 Y168.908 E49.49027
G1 X96.325 Y168.908 E49.51648
G1 X105.616 Y159.617 E50.14844
G1 X105.616 Y160.162 E50.17465
G1 X96.87 Y168.908 E50.76954
G1 X97.416 Y168.908 E50.7958
G1 X105.616 Y160.707 E51.35359
G1 X105.616 Y161.253 E51.37985
G1 X97.961 Y168.908 E51.90053
G1 X98.506 Y168.908 E51.92674
G1 X105.616 Y161.798 E52.41035
G1 X105.616 Y162.343 E52.43656
G1 X99.052 Y168.908 E52.88307
G1 X99.597 Y168.908 E52.90928
G1 X105.616 Y162.889 E53.31868
G1 X105.616 Y163.434 E53.34489
G1 X100.142 Y168.908 E53.71722
G1 X100.688 Y168.908 E53.74348
G1 X105.616 Y163.979 E54.07871
G1 X105.616 Y164.525 E54.10497
G1 X101.233 Y168.908 E54.4031
G1 X101.778 Y168.908 E54.42931
G1 X105.616 Y165.07 E54.69037
G1 X105.616 Y165.615 E54.71658
G1 X102.324 Y168.908 E54.94053
G1 X102.869 Y168.908 E54.96674
G1 X105.616 Y166.161 E55.15359
G1 X105.616 Y166.706 E55.1798
G1 X103.414 Y168.908 E55.32958
G1 X103.307 Y169.061 E55.33856
;WIDTH:0.404381
G1 X103.236 Y169.042 E55.34168
G1 X103.255 Y169.113 E55.3448
G1 X103.296 Y169.102 E55.3466
G1 E53.3466 F2400
G92 E0
G1 X105.48 Y167.388 F7800
G1 E2 F2400
;WIDTH:0.45
G1 F1200
G1 X103.96 Y168.908 E2.10339
G1 X105.616 Y168.908 E2.18304
G1 X105.616 Y167.251 E2.26274
G1 X105.277 Y168.07 F7800
;WIDTH:0.356644
G1 F1200
G1 X105.277 Y168.569 E2.28093
G1 X104.778 Y168.569 E2.29912
G1 X105.141 Y168.206 E2.31783
;LAYER_CHANGE
;Z:3.35
;HEIGHT:0.3
G1 E.31783 F2400
G92 E0
G1 Z3.35 F7800
;AFTER_LAYER_CHANGE
;3.35
G1 X142.178 Y169.197
G1 E2 F2400
;TYPE:Perimeter
;WIDTH:0.45
G1 F1500
G1 X142.178 Y154.891 E2.68807
G1 X174.754 Y154.891 E4.25486
G1 X174.754 Y169.197 E4.94293
G1 X142.238 Y169.197 E6.50684
G1 X141.792 Y169.582 F7800
G1 F1500
G1 X141.792 Y154.429 E7.23565
G1 X141.884 Y154.506 E7.24142
G1 X175.139 Y154.506 E8.84087
G1 X175.139 Y169.582 E9.56597
G1 X141.852 Y169.582 E11.16696
G1 E9.16696 F2400
G92 E0
G1 X136.692 Y144.106 F7800
G1 E2 F2400
G1 F1500
G1 X136.664 Y144.127 E2.00168
G1 X136.47 Y144.435 E2.01919
G1 X136.404 Y144.786 E2.03637
G1 X136.404 Y169.197 E3.21045
G1 X111.845 Y169.197 E4.39165
G1 X111.845 Y145.335 E5.53933
G1 X111.823 Y144.583 E5.57551
G1 X111.688 Y144.259 E5.59239
G1 X111.442 Y144.002 E5.6095
G1 X111.139 Y143.857 E5.62566
G1 X110.881 Y143.822 E5.63818
G1 X109.079 Y143.822 E5.72485
G1 X109.079 Y55.992 E9.94917
G1 X108.998 Y55.685 E9.96444
G1 X108.79 Y55.384 E9.98204
G1 X108.493 Y55.186 E9.99921
G1 X108.115 Y55.109 E10.01776
G1 X75.246 Y55.109 E11.59864
G1 X75.246 Y40.803 E12.28671
G1 X122.113 Y40.803 E14.54085
G1 X122.113 Y133.219 E18.98574
G1 X122.191 Y133.52 E19.0007
G1 X122.39 Y133.815 E19.01781
G1 X122.709 Y134.03 E19.03631
G1 X123.077 Y134.103 E19.05435
G1 X126.978 Y134.102 E19.24197
G1 X127.326 Y134.015 E19.25922
G1 X127.627 Y133.798 E19.27707
G1 X127.83 Y133.467 E19.29575
G1 X127.887 Y133.139 E19.31176
G1 X127.887 Y40.803 E23.7528
G1 X174.754 Y40.803 E26.00694
G1 X174.754 Y55.109 E26.69501
G1 X141.802 Y55.109 E28.27989
G1 X141.421 Y55.227 E28.29907
G1 X141.15 Y55.448 E28.31589
G1 X140.967 Y55.776 E28.33395
G1 X140.92 Y56.073 E28.34841
G1 X140.92 Y143.822 E32.56883
G1 X137.24 Y143.822 E32.74583
G1 X136.94 Y143.922 E32.76104
G1 X136.74 Y144.07 E32.77301
G1 X136.968 Y144.387 F7800
G1 F1500
G1 X136.848 Y144.533 E32.7821
G1 X136.79 Y144.786 E32.79458
G1 X136.79 Y169.582 E33.98718
G1 X111.459 Y169.582 E35.20551
G1 X111.457 Y144.73 E36.4008
G1 X111.365 Y144.469 E36.41411
G1 X111.143 Y144.27 E36.42845
G1 X110.881 Y144.207 E36.44141
G1 X108.694 Y144.207 E36.5466
G1 X108.694 Y56.021 E40.78804
G1 X108.589 Y55.741 E40.80242
G1 X108.393 Y55.565 E40.81509
G1 X108.115 Y55.494 E40.82889
G1 X74.861 Y55.494 E42.42829
G1 X74.861 Y40.418 E43.15339
G1 X122.499 Y40.418 E45.44461
G1 X122.499 Y133.19 E49.90662
G1 X122.599 Y133.465 E49.92069
G1 X122.817 Y133.656 E49.93463
G1 X123.077 Y133.718 E49.94749
G1 X126.992 Y133.713 E50.13579
G1 X127.258 Y133.611 E50.14949
G1 X127.441 Y133.396 E50.16307
G1 X127.501 Y133.139 E50.17576
G1 X127.501 Y40.418 E54.63532
G1 X175.139 Y40.418 E56.92654
G1 X175.139 Y55.494 E57.65164
G1 X141.833 Y55.494 E59.25354
G1 X141.56 Y55.594 E59.26752
G1 X141.38 Y55.788 E59.28025
G1 X141.305 Y56.073 E59.29442
G1 X141.305 Y144.299 E63.53778
G1 X141.214 Y144.207 E63.544
G1 X137.284 Y144.207 E63.73302
G1 X137.021 Y144.323 E63.74685
G1 X137.006 Y144.341 E63.74798
G1 X137.231 Y144.657 F7800
;TYPE:External perimeter
G1 F1500
G1 X137.175 Y144.786 E63.75474
G1 X137.175 Y169.968 E64.96591
G1 X111.074 Y169.968 E66.22128
G1 X111.074 Y144.786 E67.43245
G1 X111.032 Y144.665 E67.43861
G1 X110.881 Y144.593 E67.44666
G1 X108.308 Y144.593 E67.57041
G1 X108.308 Y56.073 E71.82791
G1 X108.262 Y55.948 E71.83432
G1 X108.115 Y55.88 E71.84211
G1 X74.475 Y55.88 E73.46008
G1 X74.475 Y40.032 E74.22231
G1 X122.884 Y40.032 E76.55061
G1 X122.884 Y133.139 E81.02873
G1 X122.929 Y133.262 E81.03503
G1 X123.077 Y133.332 E81.0429
G1 X126.923 Y133.332 E81.22788
G1 X127.049 Y133.285 E81.23435
G1 X127.116 Y133.139 E81.24208
G1 X127.116 Y40.032 E85.7202
G1 X175.525 Y40.032 E88.0485
G1 X175.525 Y55.88 E88.81073
G1 X141.884 Y55.88 E90.42875
G1 X141.762 Y55.924 E90.43499
G1 X141.691 Y56.073 E90.44293
G1 X141.691 Y144.116 E94.67749
G1 X141.704 Y144.451 E94.69361
;WIDTH:0.424648
G1 X141.716 Y144.786 E94.70867
;WIDTH:0.399296
G1 X141.716 Y153.927 E95.09051
;WIDTH:0.424648
G1 X141.8 Y154.024 E95.09628
;WIDTH:0.45
G1 X141.884 Y154.12 E95.10242
G1 X175.525 Y154.12 E96.72044
G1 X175.525 Y169.968 E97.48267
G1 X141.407 Y169.968 E99.12363
G1 X141.394 Y154.262 E99.87903
;WIDTH:0.424648
G1 X141.381 Y153.927 E99.89409
;WIDTH:0.399296
G1 X141.381 Y144.786 E100.27593
;WIDTH:0.424648
G1 X141.298 Y144.689 E100.28167
;WIDTH:0.45
G1 X141.214 Y144.593 E100.28781
G1 X137.368 Y144.593 E100.47279
G1 X137.28 Y144.627 E100.47733
G1 X137.183 Y145.015 F7800
G1 E98.47733 F2400
G92 E0
G1 X174.641 Y155.69 F7800
G1 E2 F2400
;TYPE:Top solid infill
;WIDTH:0.403323
G1 F900
G1 X174.106 Y155.155 E2.03199
G1 X173.627 Y155.155 E2.05224
G1 X174.49 Y156.018 E2.10383
G1 X174.49 Y156.498 E2.12412
G1 X173.147 Y155.155 E2.20441
G1 X172.668 Y155.155 E2.22466
G1 X174.49 Y156.977 E2.33359
G1 X174.49 Y157.456 E2.35384
G1 X172.189 Y155.155 E2.49141
G1 X171.709 Y155.155 E2.5117
G1 X174.49 Y157.936 E2.67796
G1 X174.49 Y158.415 E2.69821
G1 X171.23 Y155.155 E2.89311
G1 X170.751 Y155.155 E2.91336
G1 X174.49 Y158.894 E3.1369
G1 X174.49 Y159.374 E3.15719
G1 X170.271 Y155.155 E3.40942
G1 X169.792 Y155.155 E3.42967
G1 X174.49 Y159.853 E3.71054
G1 X174.49 Y160.332 E3.73079
G1 X169.313 Y155.155 E4.0403
G1 X168.833 Y155.155 E4.06059
G1 X174.49 Y160.812 E4.3988
G1 X174.49 Y161.291 E4.41905
G1 X168.354 Y155.155 E4.78589
G1 X167.875 Y155.155 E4.80614
G1 X174.49 Y161.77 E5.20162
G1 X174.49 Y162.25 E5.22191
G1 X167.395 Y155.155 E5.64609
G1 X166.916 Y155.155 E5.66634
G1 X174.49 Y162.729 E6.11916
G1 X174.49 Y163.208 E6.13941
G1 X166.437 Y155.155 E6.62086
G1 X165.957 Y155.155 E6.64115
G1 X174.49 Y163.688 E7.1513
G1 X174.49 Y164.167 E7.17155
G1 X165.478 Y155.155 E7.71034
G1 X164.999 Y155.155 E7.73059
G1 X174.49 Y164.646 E8.29801
G1 X174.49 Y165.126 E8.3183
G1 X164.519 Y155.155 E8.91442
G1 X164.04 Y155.155 E8.93467
G1 X174.49 Y165.605 E9.55943
G1 X174.49 Y166.084 E9.57968
G1 X163.561 Y155.155 E10.23308
G1 X163.081 Y155.155 E10.25337
G1 X174.49 Y166.564 E10.93546
G1 X174.49 Y167.043 E10.95571
G1 X162.602 Y155.155 E11.66644
G1 X162.123 Y155.155 E11.68669
G1 X174.49 Y167.522 E12.42606
G1 X174.49 Y168.002 E12.44635
G1 X161.643 Y155.155 E13.21441
G1 X161.164 Y155.155 E13.23466
G1 X174.49 Y168.481 E14.03136
G1 X174.49 Y168.933 E14.05047
G1 X174.462 Y168.933 E14.05165
G1 X160.685 Y155.155 E14.87534
G1 X160.205 Y155.155 E14.89563
G1 X173.982 Y168.933 E15.71932
G1 X173.503 Y168.933 E15.73957
G1 X159.726 Y155.155 E16.56326
G1 X159.247 Y155.155 E16.58351
G1 X173.024 Y168.933 E17.4072
G1 X172.544 Y168.933 E17.42749
G1 X158.767 Y155.155 E18.25118
G1 X158.288 Y155.155 E18.27143
G1 X172.065 Y168.933 E19.09512
G1 X171.586 Y168.933 E19.11537
G1 X157.809 Y155.155 E19.93906
G1 X157.329 Y155.155 E19.95935
G1 X171.106 Y168.933 E20.78304
G1 X170.627 Y168.933 E20.80329
G1 X156.85 Y155.155 E21.62698
G1 X156.371 Y155.155 E21.64723
G1 X170.148 Y168.933 E22.47092
G1 X169.668 Y168.933 E22.49121
G1 X155.891 Y155.155 E23.3149
G1 X155.412 Y155.155 E23.33515
G1 X169.189 Y168.933 E24.15884
G1 X168.71 Y168.933 E24.17909
G1 X154.933 Y155.155 E25.00278
G1 X154.453 Y155.155 E25.02307
G1 X168.23 Y168.933 E25.84676
G1 X167.751 Y168.933 E25.86701
G1 X153.974 Y155.155 E26.6907
G1 X153.495 Y155.155 E26.71095
G1 X167.272 Y168.933 E27.53464
G1 X166.792 Y168.933 E27.55493
G1 X153.015 Y155.155 E28.37862
G1 X152.536 Y155.155 E28.39887
G1 X166.313 Y168.933 E29.22256
G1 X165.834 Y168.933 E29.24281
G1 X152.057 Y155.155 E30.0665
G1 X151.577 Y155.155 E30.08679
G1 X165.354 Y168.933 E30.91048
G1 X164.875 Y168.933 E30.93073
G1 X151.098 Y155.155 E31.75442
G1 X150.619 Y155.155 E31.77467
G1 X164.396 Y168.933 E32.59836
G1 X163.916 Y168.933 E32.61865
G1 X150.139 Y155.155 E33.44234
G1 X149.66 Y155.155 E33.46259
G1 X163.437 Y168.933 E34.28628
G1 X162.958 Y168.933 E34.30653
G1 X149.181 Y155.155 E35.13022
G1 X148.701 Y155.155 E35.15051
G1 X162.478 Y168.933 E35.9742
G1 X161.999 Y168.933 E35.99445
G1 X148.222 Y155.155 E36.81814
G1 X147.743 Y155.155 E36.83839
G1 X161.52 Y168.933 E37.66208
G1 X161.04 Y168.933 E37.68237
G1 X147.263 Y155.155 E38.50606
G1 X146.784 Y155.155 E38.52631
G1 X160.561 Y168.933 E39.35
G1 X160.082 Y168.933 E39.37025
G1 X146.305 Y155.155 E40.19394
G1 X145.825 Y155.155 E40.21423
G1 X159.602 Y168.933 E41.03792
G1 X159.123 Y168.933 E41.05817
G1 X145.346 Y155.155 E41.88186
G1 X144.867 Y155.155 E41.90211
G1 X158.644 Y168.933 E42.7258
G1 X158.164 Y168.933 E42.74609
G1 X144.387 Y155.155 E43.56978
G1 X143.908 Y155.155 E43.59003
G1 X157.685 Y168.933 E44.41372
G1 X157.206 Y168.933 E44.43397
G1 X143.429 Y155.155 E45.25766
G1 X142.949 Y155.155 E45.27795
G1 X156.726 Y168.933 E46.10164
G1 X156.247 Y168.933 E46.12189
G1 X142.47 Y155.155 E46.94558
G1 X142.442 Y155.155 E46.94676
G1 X142.442 Y155.607 E46.96587
G1 X155.768 Y168.933 E47.76257
G1 X155.288 Y168.933 E47.78286
G1 X142.442 Y156.086 E48.55089
G1 X142.442 Y156.566 E48.57118
G1 X154.809 Y168.933 E49.31055
G1 X154.33 Y168.933 E49.3308
G1 X142.442 Y157.045 E50.04153
G1 X142.442 Y157.524 E50.06178
G1 X153.85 Y168.933 E50.74384
G1 X153.371 Y168.933 E50.76409
G1 X142.442 Y158.004 E51.41749
G1 X142.442 Y158.483 E51.43774
G1 X152.892 Y168.933 E52.0625
G1 X152.412 Y168.933 E52.08279
G1 X142.442 Y158.962 E52.67888
G1 X142.442 Y159.442 E52.69917
G1 X151.933 Y168.933 E53.26659
G1 X151.454 Y168.933 E53.28684
G1 X142.442 Y159.921 E53.82563
G1 X142.442 Y160.4 E53.84588
G1 X150.974 Y168.933 E54.356
G1 X150.495 Y168.933 E54.37625
G1 X142.442 Y160.88 E54.8577
G1 X142.442 Y161.359 E54.87795
G1 X150.016 Y168.933 E55.33077
G1 X149.536 Y168.933 E55.35106
G1 X142.442 Y161.838 E55.77521
G1 X142.442 Y162.318 E55.7955
G1 X149.057 Y168.933 E56.19098
G1 X148.578 Y168.933 E56.21123
G1 X142.442 Y162.797 E56.57807
G1 X142.442 Y163.277 E56.59836
G1 X148.098 Y168.933 E56.93651
G1 X147.619 Y168.933 E56.95676
G1 X142.442 Y163.756 E57.26627
G1 X142.442 Y164.235 E57.28652
G1 X147.14 Y168.933 E57.56739
G1 X146.66 Y168.933 E57.58768
G1 X142.442 Y164.715 E57.83986
G1 X142.442 Y165.194 E57.86011
G1 X146.181 Y168.933 E58.08365
G1 X145.702 Y168.933 E58.1039
G1 X142.442 Y165.673 E58.2988
G1 X142.442 Y166.153 E58.31909
G1 X145.222 Y168.933 E58.48529
G1 X144.743 Y168.933 E58.50554
G1 X142.442 Y166.632 E58.64311
G1 X142.442 Y167.111 E58.66336
G1 X144.264 Y168.933 E58.77229
G1 X143.784 Y168.933 E58.79258
G1 X142.442 Y167.591 E58.87281
G1 X142.442 Y168.07 E58.89306
G1 X143.305 Y168.933 E58.94465
G1 X142.826 Y168.933 E58.9649
G1 X142.291 Y168.398 E58.99689
G1 E56.99689 F2400
G92 E0
G1 X122 Y41.67 F7800
G1 E2 F2400
;WIDTH:0.400198
G1 F900
G1 X121.397 Y41.067 E2.03572
G1 X120.922 Y41.067 E2.05562
G1 X121.849 Y41.994 E2.11053
G1 X121.849 Y42.469 E2.13043
G1 X120.447 Y41.067 E2.21348
G1 X119.972 Y41.067 E2.23338
G1 X121.849 Y42.944 E2.34456
G1 X121.849 Y43.419 E2.36446
G1 X119.497 Y41.067 E2.50378
G1 X119.022 Y41.067 E2.52368
G1 X121.849 Y43.894 E2.69114
G1 X121.849 Y44.369 E2.71104
G1 X118.547 Y41.067 E2.90663
G1 X118.073 Y41.067 E2.92648
G1 X121.849 Y44.844 E3.15018
G1 X121.849 Y45.319 E3.17008
G1 X117.598 Y41.067 E3.42191
G1 X117.123 Y41.067 E3.44181
G1 X121.849 Y45.794 E3.72178
G1 X121.849 Y46.268 E3.74163
G1 X116.648 Y41.067 E4.04971
G1 X116.173 Y41.067 E4.06961
G1 X121.849 Y46.743 E4.40582
G1 X121.849 Y47.218 E4.42572
G1 X115.698 Y41.067 E4.79007
G1 X115.223 Y41.067 E4.80997
G1 X121.849 Y47.693 E5.20246
G1 X121.849 Y48.168 E5.22236
G1 X114.748 Y41.067 E5.64298
G1 X114.273 Y41.067 E5.66288
G1 X121.849 Y48.643 E6.11164
G1 X121.849 Y49.118 E6.13154
G1 X113.798 Y41.067 E6.60844
G1 X113.323 Y41.067 E6.62834
G1 X121.849 Y49.593 E7.13337
G1 X121.849 Y50.068 E7.15327
G1 X112.848 Y41.067 E7.68644
G1 X112.374 Y41.067 E7.70629
G1 X121.849 Y50.543 E8.26756
G1 X121.849 Y51.018 E8.28746
G1 X111.899 Y41.067 E8.87687
G1 X111.424 Y41.067 E8.89677
G1 X121.849 Y51.493 E9.51432
G1 X121.849 Y51.967 E9.53417
G1 X110.949 Y41.067 E10.17982
G1 X110.474 Y41.067 E10.19972
G1 X121.849 Y52.442 E10.87351
G1 X121.849 Y52.917 E10.89341
G1 X109.999 Y41.067 E11.59534
G1 X109.524 Y41.067 E11.61524
G1 X121.849 Y53.392 E12.3453
G1 X121.849 Y53.867 E12.3652
G1 X109.049 Y41.067 E13.1234
G1 X108.574 Y41.067 E13.1433
G1 X121.849 Y54.342 E13.92963
G1 X121.849 Y54.817 E13.94953
G1 X108.099 Y41.067 E14.764
G1 X107.624 Y41.067 E14.7839
G1 X121.849 Y55.292 E15.62651
G1 X121.849 Y55.767 E15.64641
G1 X107.149 Y41.067 E16.51715
G1 X106.675 Y41.067 E16.537
G1 X121.849 Y56.242 E17.43585
G1 X121.849 Y56.717 E17.45575
G1 X106.2 Y41.067 E18.38274
G1 X105.725 Y41.067 E18.40264
G1 X121.849 Y57.192 E19.35776
G1 X121.849 Y57.666 E19.37761
G1 X105.25 Y41.067 E20.36084
G1 X104.775 Y41.067 E20.38074
G1 X121.849 Y58.141 E21.39211
G1 X121.849 Y58.616 E21.41201
G1 X104.3 Y41.067 E22.45151
G1 X103.825 Y41.067 E22.47141
G1 X121.849 Y59.091 E23.53905
G1 X121.849 Y59.566 E23.55895
G1 X103.35 Y41.067 E24.65472
G1 X102.875 Y41.067 E24.67462
G1 X121.849 Y60.041 E25.79853
G1 X121.849 Y60.516 E25.81843
G1 X102.4 Y41.067 E26.97048
G1 X101.925 Y41.067 E26.99038
G1 X121.849 Y60.991 E28.17056
G1 X121.849 Y61.466 E28.19046
G1 X101.45 Y41.067 E29.39878
G1 X100.976 Y41.067 E29.41863
G1 X121.849 Y61.941 E30.65506
G1 X121.849 Y62.416 E30.67496
G1 X100.501 Y41.067 E31.93952
G1 X100.026 Y41.067 E31.95942
G1 X121.849 Y62.891 E33.25212
G1 X121.849 Y63.365 E33.27197
G1 X99.551 Y41.067 E34.59278
G1 X99.076 Y41.067 E34.61268
G1 X121.849 Y63.84 E35.96162
G1 X121.849 Y64.315 E35.98152
G1 X98.601 Y41.067 E37.3586
G1 X98.126 Y41.067 E37.3785
G1 X121.849 Y64.79 E38.78371
G1 X121.849 Y65.265 E38.80361
G1 X97.651 Y41.067 E40.23696
G1 X97.176 Y41.067 E40.25686
G1 X121.849 Y65.74 E41.71835
G1 X121.849 Y66.215 E41.73825
G1 X96.701 Y41.067 E43.22787
G1 X96.226 Y41.067 E43.24777
G1 X121.849 Y66.69 E44.76553
G1 X121.849 Y67.165 E44.78543
G1 X95.751 Y41.067 E46.33133
G1 X95.277 Y41.067 E46.35118
G1 X121.849 Y67.64 E47.92518
G1 X121.849 Y68.115 E47.94508
G1 X94.802 Y41.067 E49.54722
G1 X94.327 Y41.067 E49.56712
G1 X108.104 Y54.845 E50.38322
G1 X107.629 Y54.845 E50.40312
G1 X93.852 Y41.067 E51.21922
G1 X93.377 Y41.067 E51.23912
G1 X107.154 Y54.845 E52.05522
G1 X106.679 Y54.845 E52.07512
G1 X92.902 Y41.067 E52.89122
G1 X92.427 Y41.067 E52.91112
G1 X106.204 Y54.845 E53.72722
G1 X105.729 Y54.845 E53.74712
G1 X91.952 Y41.067 E54.56322
G1 X91.477 Y41.067 E54.58312
G1 X105.254 Y54.845 E55.39922
G1 X104.779 Y54.845 E55.41912
G1 X91.002 Y41.067 E56.23522
G1 X90.527 Y41.067 E56.25512
G1 X104.304 Y54.845 E57.07122
G1 X103.83 Y54.845 E57.09107
G1 X90.052 Y41.067 E57.9072
G1 X89.578 Y41.067 E57.92705
G1 X103.355 Y54.845 E58.74315
G1 X102.88 Y54.845 E58.76305
G1 X89.103 Y41.067 E59.57915
G1 X88.628 Y41.067 E59.59905
G1 X102.405 Y54.845 E60.41515
G1 X101.93 Y54.845 E60.43505
G1 X88.153 Y41.067 E61.25115
G1 X87.678 Y41.067 E61.27105
G1 X101.455 Y54.845 E62.08715
G1 X100.98 Y54.845 E62.10705
G1 X87.203 Y41.067 E62.92315
G1 X86.728 Y41.067 E62.94305
G1 X100.505 Y54.845 E63.75915
G1 X100.03 Y54.845 E63.77905
G1 X86.253 Y41.067 E64.59515
G1 X85.778 Y41.067 E64.61505
G1 X99.555 Y54.845 E65.43115
G1 X99.08 Y54.845 E65.45105
G1 X85.303 Y41.067 E66.26715
G1 X84.828 Y41.067 E66.28705
G1 X98.605 Y54.845 E67.10315
G1 X98.131 Y54.845 E67.123
G1 X84.353 Y41.067 E67.93913
G1 X83.879 Y41.067 E67.95898
G1 X97.656 Y54.845 E68.77508
G1 X97.181 Y54.845 E68.79498
G1 X83.404 Y41.067 E69.61108
G1 X82.929 Y41.067 E69.63098
G1 X96.706 Y54.845 E70.44708
G1 X96.231 Y54.845 E70.46698
G1 X82.454 Y41.067 E71.28308
G1 X81.979 Y41.067 E71.30298
G1 X95.756 Y54.845 E72.11908
G1 X95.281 Y54.845 E72.13898
G1 X81.504 Y41.067 E72.95508
G1 X81.029 Y41.067 E72.97498
G1 X94.806 Y54.845 E73.79108
G1 X94.331 Y54.845 E73.81098
G1 X80.554 Y41.067 E74.62708
G1 X80.079 Y41.067 E74.64698
G1 X93.856 Y54.845 E75.46308
G1 X93.381 Y54.845 E75.48298
G1 X79.604 Y41.067 E76.29908
G1 X79.129 Y41.067 E76.31898
G1 X92.906 Y54.845 E77.13508
G1 X92.432 Y54.845 E77.15493
G1 X78.654 Y41.067 E77.97106
G1 X78.18 Y41.067 E77.99091
G1 X91.957 Y54.845 E78.80701
G1 X91.482 Y54.845 E78.82691
G1 X77.705 Y41.067 E79.64301
G1 X77.23 Y41.067 E79.66291
G1 X91.007 Y54.845 E80.47901
G1 X90.532 Y54.845 E80.49891
G1 X76.755 Y41.067 E81.31501
G1 X76.28 Y41.067 E81.33491
G1 X90.057 Y54.845 E82.15101
G1 X89.582 Y54.845 E82.17091
G1 X75.805 Y41.067 E82.98701
G1 X75.51 Y41.067 E82.99937
G1 X75.51 Y41.248 E83.00695
G1 X89.107 Y54.845 E83.81236
G1 X88.632 Y54.845 E83.83226
G1 X75.51 Y41.723 E84.60953
G1 X75.51 Y42.198 E84.62943
G1 X88.157 Y54.845 E85.37857
G1 X87.682 Y54.845 E85.39847
G1 X75.51 Y42.673 E86.11947
G1 X75.51 Y43.148 E86.13937
G1 X87.207 Y54.845 E86.83223
G1 X86.733 Y54.845 E86.85208
G1 X75.51 Y43.622 E87.51687
G1 X75.51 Y44.097 E87.53677
G1 X86.258 Y54.845 E88.17342
G1 X85.783 Y54.845 E88.19332
G1 X75.51 Y44.572 E88.80183
G1 X75.51 Y45.047 E88.82173
G1 X85.308 Y54.845 E89.40211
G1 X84.833 Y54.845 E89.42201
G1 X75.51 Y45.522 E89.97425
G1 X75.51 Y45.997 E89.99415
G1 X84.358 Y54.845 E90.51825
G1 X83.883 Y54.845 E90.53815
G1 X75.51 Y46.472 E91.03412
G1 X75.51 Y46.947 E91.05402
G1 X83.408 Y54.845 E91.52185
G1 X82.933 Y54.845 E91.54175
G1 X75.51 Y47.422 E91.98145
G1 X75.51 Y47.897 E92.00135
G1 X82.458 Y54.845 E92.41291
G1 X81.983 Y54.845 E92.43281
G1 X75.51 Y48.372 E92.81623
G1 X75.51 Y48.847 E92.83613
G1 X81.508 Y54.845 E93.19142
G1 X81.034 Y54.845 E93.21127
G1 X75.51 Y49.321 E93.53848
G1 X75.51 Y49.796 E93.55838
G1 X80.559 Y54.845 E93.85745
G1 X80.084 Y54.845 E93.87735
G1 X75.51 Y50.271 E94.14829
G1 X75.51 Y50.746 E94.16819
G1 X79.609 Y54.845 E94.41099
G1 X79.134 Y54.845 E94.43089
G1 X75.51 Y51.221 E94.64555
G1 X75.51 Y51.696 E94.66545
G1 X78.659 Y54.845 E94.85198
G1 X78.184 Y54.845 E94.87188
G1 X75.51 Y52.171 E95.03027
G1 X75.51 Y52.646 E95.05017
G1 X77.709 Y54.845 E95.18043
G1 X77.234 Y54.845 E95.20033
G1 X75.51 Y53.121 E95.30245
G1 X75.51 Y53.596 E95.32235
G1 X76.759 Y54.845 E95.39633
G1 X76.284 Y54.845 E95.41623
G1 X75.51 Y54.071 E95.46208
G1 X75.51 Y54.546 E95.48198
G1 X75.96 Y54.996 E95.50864
G1 E93.50864 F2400
G92 E0
G1 X109.176 Y55.916 F7800
G1 E2 F2400
G1 F900
G1 X121.849 Y68.59 E2.75071
G1 X121.849 Y69.064 E2.77056
G1 X109.343 Y56.559 E3.51131
G1 X109.343 Y57.034 E3.53121
G1 X121.849 Y69.539 E4.27196
G1 X121.849 Y70.014 E4.29186
G1 X109.343 Y57.509 E5.03261
G1 X109.343 Y57.984 E5.05251
G1 X121.849 Y70.489 E5.79326
G1 X121.849 Y70.964 E5.81316
G1 X109.343 Y58.459 E6.55391
G1 X109.343 Y58.934 E6.57381
G1 X121.849 Y71.439 E7.31456
G1 X121.849 Y71.914 E7.33446
G1 X109.343 Y59.409 E8.07521
G1 X109.343 Y59.884 E8.09511
G1 X121.849 Y72.389 E8.83586
G1 X121.849 Y72.864 E8.85576
G1 X109.343 Y60.358 E9.59654
G1 X109.343 Y60.833 E9.61644
G1 X121.849 Y73.339 E10.35722
G1 X121.849 Y73.814 E10.37712
G1 X109.343 Y61.308 E11.1179
G1 X109.343 Y61.783 E11.1378
G1 X121.849 Y74.289 E11.87858
G1 X121.849 Y74.763 E11.89843
G1 X109.343 Y62.258 E12.63918
G1 X109.343 Y62.733 E12.65908
G1 X121.849 Y75.238 E13.39983
G1 X121.849 Y75.713 E13.41973
G1 X109.343 Y63.208 E14.16048
G1 X109.343 Y63.683 E14.18038
G1 X121.849 Y76.188 E14.92113
G1 X121.849 Y76.663 E14.94103
G1 X109.343 Y64.158 E15.68178
G1 X109.343 Y64.633 E15.70168
G1 X121.849 Y77.138 E16.44243
G1 X121.849 Y77.613 E16.46233
G1 X109.343 Y65.108 E17.20308
G1 X109.343 Y65.583 E17.22298
G1 X121.849 Y78.088 E17.96373
G1 X121.849 Y78.563 E17.98363
G1 X109.343 Y66.057 E18.72441
G1 X109.343 Y66.532 E18.74431
G1 X121.849 Y79.038 E19.48509
G1 X121.849 Y79.513 E19.50499
G1 X109.343 Y67.007 E20.24577
G1 X109.343 Y67.482 E20.26567
G1 X121.849 Y79.988 E21.00645
G1 X121.849 Y80.462 E21.0263
G1 X109.343 Y67.957 E21.76705
G1 X109.343 Y68.432 E21.78695
G1 X121.849 Y80.937 E22.5277
G1 X121.849 Y81.412 E22.5476
G1 X109.343 Y68.907 E23.28835
G1 X109.343 Y69.382 E23.30825
G1 X121.849 Y81.887 E24.049
G1 X121.849 Y82.362 E24.0689
G1 X109.343 Y69.857 E24.80965
G1 X109.343 Y70.332 E24.82955
G1 X121.849 Y82.837 E25.5703
G1 X121.849 Y83.312 E25.5902
G1 X109.343 Y70.807 E26.33095
G1 X109.343 Y71.282 E26.35085
G1 X121.849 Y83.787 E27.0916
G1 X121.849 Y84.262 E27.1115
G1 X109.343 Y71.756 E27.85228
G1 X109.343 Y72.231 E27.87218
G1 X121.849 Y84.737 E28.61296
G1 X121.849 Y85.212 E28.63286
G1 X109.343 Y72.706 E29.37364
G1 X109.343 Y73.181 E29.39354
G1 X121.849 Y85.687 E30.13432
G1 X121.849 Y86.161 E30.15417
G1 X109.343 Y73.656 E30.89492
G1 X109.343 Y74.131 E30.91482
G1 X121.849 Y86.636 E31.65557
G1 X121.849 Y87.111 E31.67547
G1 X109.343 Y74.606 E32.41622
G1 X109.343 Y75.081 E32.43612
G1 X121.849 Y87.586 E33.17687
G1 X121.849 Y88.061 E33.19677
G1 X109.343 Y75.556 E33.93752
G1 X109.343 Y76.031 E33.95742
G1 X121.849 Y88.536 E34.69817
G1 X121.849 Y89.011 E34.71807
G1 X109.343 Y76.506 E35.45882
G1 X109.343 Y76.981 E35.47872
G1 X121.849 Y89.486 E36.21947
G1 X121.849 Y89.961 E36.23937
G1 X109.343 Y77.455 E36.98015
G1 X109.343 Y77.93 E37.00005
G1 X121.849 Y90.436 E37.74083
G1 X121.849 Y90.911 E37.76073
G1 X109.343 Y78.405 E38.50151
G1 X109.343 Y78.88 E38.52141
G1 X121.849 Y91.386 E39.26219
G1 X121.849 Y91.86 E39.28204
G1 X109.343 Y79.355 E40.02279
G1 X109.343 Y79.83 E40.04269
G1 X121.849 Y92.335 E40.78344
G1 X121.849 Y92.81 E40.80334
G1 X109.343 Y80.305 E41.54409
G1 X109.343 Y80.78 E41.56399
G1 X121.849 Y93.285 E42.30474
G1 X121.849 Y93.76 E42.32464
G1 X109.343 Y81.255 E43.06539
G1 X109.343 Y81.73 E43.08529
G1 X121.849 Y94.235 E43.82604
G1 X121.849 Y94.71 E43.84594
G1 X109.343 Y82.205 E44.58669
G1 X109.343 Y82.68 E44.60659
G1 X121.849 Y95.185 E45.34734
G1 X121.849 Y95.66 E45.36724
G1 X109.343 Y83.154 E46.10802
G1 X109.343 Y83.629 E46.12792
G1 X121.849 Y96.135 E46.8687
G1 X121.849 Y96.61 E46.8886
G1 X109.343 Y84.104 E47.62938
G1 X109.343 Y84.579 E47.64928
G1 X121.849 Y97.085 E48.39006
G1 X121.849 Y97.559 E48.40991
G1 X109.343 Y85.054 E49.15066
G1 X109.343 Y85.529 E49.17056
G1 X121.849 Y98.034 E49.91131
G1 X121.849 Y98.509 E49.93121
G1 X109.343 Y86.004 E50.67196
G1 X109.343 Y86.479 E50.69186
G1 X121.849 Y98.984 E51.43261
G1 X121.849 Y99.459 E51.45251
G1 X109.343 Y86.954 E52.19326
G1 X109.343 Y87.429 E52.21316
G1 X121.849 Y99.934 E52.95391
G1 X121.849 Y100.409 E52.97381
G1 X109.343 Y87.904 E53.71456
G1 X109.343 Y88.379 E53.73446
G1 X121.849 Y100.884 E54.47521
G1 X121.849 Y101.359 E54.49511
G1 X109.343 Y88.853 E55.23589
G1 X109.343 Y89.328 E55.25579
G1 X121.849 Y101.834 E55.99657
G1 X121.849 Y102.309 E56.01647
G1 X109.343 Y89.803 E56.75725
G1 X109.343 Y90.278 E56.77715
G1 X121.849 Y102.784 E57.51793
G1 X121.849 Y103.258 E57.53778
G1 X109.343 Y90.753 E58.27853
G1 X109.343 Y91.228 E58.29843
G1 X121.849 Y103.733 E59.03918
G1 X121.849 Y104.208 E59.05908
G1 X109.343 Y91.703 E59.79983
G1 X109.343 Y92.178 E59.81973
G1 X121.849 Y104.683 E60.56048
G1 X121.849 Y105.158 E60.58038
G1 X109.343 Y92.653 E61.32113
G1 X109.343 Y93.128 E61.34103
G1 X121.849 Y105.633 E62.08178
G1 X121.849 Y106.108 E62.10168
G1 X109.343 Y93.603 E62.84243
G1 X109.343 Y94.078 E62.86233
G1 X121.849 Y106.583 E63.60308
G1 X121.849 Y107.058 E63.62298
G1 X109.343 Y94.552 E64.36376
G1 X109.343 Y95.027 E64.38366
G1 X121.849 Y107.533 E65.12444
G1 X121.849 Y108.008 E65.14434
G1 X109.343 Y95.502 E65.88512
G1 X109.343 Y95.977 E65.90502
G1 X121.849 Y108.483 E66.6458
G1 X121.849 Y108.957 E66.66565
G1 X109.343 Y96.452 E67.4064
G1 X109.343 Y96.927 E67.4263
G1 X121.849 Y109.432 E68.16705
G1 X121.849 Y109.907 E68.18695
G1 X109.343 Y97.402 E68.9277
G1 X109.343 Y97.877 E68.9476
G1 X121.849 Y110.382 E69.68835
G1 X121.849 Y110.857 E69.70825
G1 X109.343 Y98.352 E70.449
G1 X109.343 Y98.827 E70.4689
G1 X121.849 Y111.332 E71.20965
G1 X121.849 Y111.807 E71.22955
G1 X109.343 Y99.302 E71.9703
G1 X109.343 Y99.777 E71.9902
G1 X121.849 Y112.282 E72.73095
G1 X121.849 Y112.757 E72.75085
G1 X109.343 Y100.251 E73.49163
G1 X109.343 Y100.726 E73.51153
G1 X121.849 Y113.232 E74.25231
G1 X121.849 Y113.707 E74.27221
G1 X109.343 Y101.201 E75.01299
G1 X109.343 Y101.676 E75.03289
G1 X121.849 Y114.182 E75.77367
G1 X121.849 Y114.656 E75.79352
G1 X109.343 Y102.151 E76.53427
G1 X109.343 Y102.626 E76.55417
G1 X121.849 Y115.131 E77.29492
G1 X121.849 Y115.606 E77.31482
G1 X109.343 Y103.101 E78.05557
G1 X109.343 Y103.576 E78.07547
G1 X121.849 Y116.081 E78.81622
G1 X121.849 Y116.556 E78.83612
G1 X109.343 Y104.051 E79.57687
G1 X109.343 Y104.526 E79.59677
G1 X121.849 Y117.031 E80.33752
G1 X121.849 Y117.506 E80.35742
G1 X109.343 Y105.001 E81.09817
G1 X109.343 Y105.476 E81.11807
G1 X121.849 Y117.981 E81.85882
G1 X121.849 Y118.456 E81.87872
G1 X109.343 Y105.95 E82.6195
G1 X109.343 Y106.425 E82.6394
G1 X121.849 Y118.931 E83.38018
G1 X121.849 Y119.406 E83.40008
G1 X109.343 Y106.9 E84.14086
G1 X109.343 Y107.375 E84.16076
G1 X121.849 Y119.881 E84.90154
G1 X121.849 Y120.355 E84.92139
G1 X109.343 Y107.85 E85.66214
G1 X109.343 Y108.325 E85.68204
G1 X121.849 Y120.83 E86.42279
G1 X121.849 Y121.305 E86.44269
G1 X109.343 Y108.8 E87.18344
G1 X109.343 Y109.275 E87.20334
G1 X121.849 Y121.78 E87.94409
G1 X121.849 Y122.255 E87.96399
G1 X109.343 Y109.75 E88.70474
G1 X109.343 Y110.225 E88.72464
G1 X121.849 Y122.73 E89.46539
G1 X121.849 Y123.205 E89.48529
G1 X109.343 Y110.7 E90.22604
G1 X109.343 Y111.175 E90.24594
G1 X121.849 Y123.68 E90.98669
G1 X121.849 Y124.155 E91.00659
G1 X109.343 Y111.649 E91.74737
G1 X109.343 Y112.124 E91.76727
G1 X121.849 Y124.63 E92.50805
G1 X121.849 Y125.105 E92.52795
G1 X109.343 Y112.599 E93.26873
G1 X109.343 Y113.074 E93.28863
G1 X121.849 Y125.58 E94.02941
G1 X121.849 Y126.054 E94.04926
G1 X109.343 Y113.549 E94.79001
G1 X109.343 Y114.024 E94.80991
G1 X121.849 Y126.529 E95.55066
G1 X121.849 Y127.004 E95.57056
G1 X109.343 Y114.499 E96.31131
G1 X109.343 Y114.974 E96.33121
G1 X121.849 Y127.479 E97.07196
G1 X121.849 Y127.954 E97.09186
G1 X109.343 Y115.449 E97.83261
G1 X109.343 Y115.924 E97.85251
G1 X121.849 Y128.429 E98.59326
G1 X121.849 Y128.904 E98.61316
G1 X109.343 Y116.399 E99.35391
G1 X109.343 Y116.874 E99.37381
G1 X121.849 Y129.379 E100.11456
G1 X121.849 Y129.854 E100.13446
G1 X109.343 Y117.348 E100.87524
G1 X109.343 Y117.823 E100.89514
G1 X121.849 Y130.329 E101.63592
G1 X121.849 Y130.804 E101.65582
G1 X109.343 Y118.298 E102.3966
G1 X109.343 Y118.773 E102.4165
G1 X121.849 Y131.279 E103.15728
G1 X121.849 Y131.753 E103.17713
G1 X109.343 Y119.248 E103.91788
G1 X109.343 Y119.723 E103.93778
G1 X121.849 Y132.228 E104.67853
G1 X121.849 Y132.703 E104.69843
G1 X109.192 Y120.047 E105.44813
G1 E103.44813 F2400
G92 E0
G1 X174.641 Y41.595 F7800
G1 E2 F2400
G1 F900
G1 X174.113 Y41.067 E2.03128
G1 X173.638 Y41.067 E2.05118
G1 X174.49 Y41.919 E2.10165
G1 X174.49 Y42.394 E2.12155
G1 X173.163 Y41.067 E2.20015
G1 X172.688 Y41.067 E2.22005
G1 X174.49 Y42.869 E2.32679
G1 X174.49 Y43.344 E2.34669
G1 X172.213 Y41.067 E2.48157
G1 X171.738 Y41.067 E2.50147
G1 X174.49 Y43.819 E2.66448
G1 X174.49 Y44.294 E2.68438
G1 X171.263 Y41.067 E2.87553
G1 X170.788 Y41.067 E2.89543
G1 X174.49 Y44.769 E3.11472
G1 X174.49 Y45.244 E3.13462
G1 X170.313 Y41.067 E3.38204
G1 X169.838 Y41.067 E3.40194
G1 X174.49 Y45.719 E3.6775
G1 X174.49 Y46.193 E3.69735
G1 X169.364 Y41.067 E4.00098
G1 X168.889 Y41.067 E4.02088
G1 X174.49 Y46.668 E4.35265
G1 X174.49 Y47.143 E4.37255
G1 X168.414 Y41.067 E4.73246
G1 X167.939 Y41.067 E4.75236
G1 X174.49 Y47.618 E5.1404
G1 X174.49 Y48.093 E5.1603
G1 X167.464 Y41.067 E5.57648
G1 X166.989 Y41.067 E5.59638
G1 X174.49 Y48.568 E6.0407
G1 X174.49 Y49.043 E6.0606
G1 X166.514 Y41.067 E6.53305
G1 X166.039 Y41.067 E6.55295
G1 X174.49 Y49.518 E7.05354
G1 X174.49 Y49.993 E7.07344
G1 X165.564 Y41.067 E7.60217
G1 X165.089 Y41.067 E7.62207
G1 X174.49 Y50.468 E8.17893
G1 X174.49 Y50.943 E8.19883
G1 X164.614 Y41.067 E8.78383
G1 X164.139 Y41.067 E8.80373
G1 X174.49 Y51.418 E9.41686
G1 X174.49 Y51.892 E9.43671
G1 X163.665 Y41.067 E10.07792
G1 X163.19 Y41.067 E10.09782
G1 X174.49 Y52.367 E10.76717
G1 X174.49 Y52.842 E10.78707
G1 X162.715 Y41.067 E11.48455
G1 X162.24 Y41.067 E11.50445
G1 X174.49 Y53.317 E12.23007
G1 X174.49 Y53.792 E12.24997
G1 X161.765 Y41.067 E13.00373
G1 X161.29 Y41.067 E13.02363
G1 X174.49 Y54.267 E13.80552
G1 X174.49 Y54.742 E13.82542
G1 X160.815 Y41.067 E14.63545
G1 X160.34 Y41.067 E14.65535
G1 X174.117 Y54.845 E15.47145
G1 X173.642 Y54.845 E15.49135
G1 X159.865 Y41.067 E16.30745
G1 X159.39 Y41.067 E16.32735
G1 X173.167 Y54.845 E17.14345
G1 X172.693 Y54.845 E17.1633
G1 X158.915 Y41.067 E17.97943
G1 X158.44 Y41.067 E17.99933
G1 X172.218 Y54.845 E18.81546
G1 X171.743 Y54.845 E18.83536
G1 X157.966 Y41.067 E19.65146
G1 X157.491 Y41.067 E19.67136
G1 X171.268 Y54.845 E20.48746
G1 X170.793 Y54.845 E20.50736
G1 X157.016 Y41.067 E21.32346
G1 X156.541 Y41.067 E21.34336
G1 X170.318 Y54.845 E22.15946
G1 X169.843 Y54.845 E22.17936
G1 X156.066 Y41.067 E22.99546
G1 X155.591 Y41.067 E23.01536
G1 X169.368 Y54.845 E23.83146
G1 X168.893 Y54.845 E23.85136
G1 X155.116 Y41.067 E24.66746
G1 X154.641 Y41.067 E24.68736
G1 X168.418 Y54.845 E25.50346
G1 X167.943 Y54.845 E25.52336
G1 X154.166 Y41.067 E26.33946
G1 X153.691 Y41.067 E26.35936
G1 X167.468 Y54.845 E27.17546
G1 X166.994 Y54.845 E27.19531
G1 X153.216 Y41.067 E28.01144
G1 X152.741 Y41.067 E28.03134
G1 X166.519 Y54.845 E28.84747
G1 X166.044 Y54.845 E28.86737
G1 X152.267 Y41.067 E29.68347
G1 X151.792 Y41.067 E29.70337
G1 X165.569 Y54.845 E30.51947
G1 X165.094 Y54.845 E30.53937
G1 X151.317 Y41.067 E31.35547
G1 X150.842 Y41.067 E31.37537
G1 X164.619 Y54.845 E32.19147
G1 X164.144 Y54.845 E32.21137
G1 X150.367 Y41.067 E33.02747
G1 X149.892 Y41.067 E33.04737
G1 X163.669 Y54.845 E33.86347
G1 X163.194 Y54.845 E33.88337
G1 X149.417 Y41.067 E34.69947
G1 X148.942 Y41.067 E34.71937
G1 X162.719 Y54.845 E35.53547
G1 X162.244 Y54.845 E35.55537
G1 X148.467 Y41.067 E36.37147
G1 X147.992 Y41.067 E36.39137
G1 X161.769 Y54.845 E37.20747
G1 X161.294 Y54.845 E37.22737
G1 X147.517 Y41.067 E38.04347
G1 X147.042 Y41.067 E38.06337
G1 X160.82 Y54.845 E38.8795
G1 X160.345 Y54.845 E38.8994
G1 X146.568 Y41.067 E39.7155
G1 X146.093 Y41.067 E39.7354
G1 X159.87 Y54.845 E40.5515
G1 X159.395 Y54.845 E40.5714
G1 X145.618 Y41.067 E41.3875
G1 X145.143 Y41.067 E41.4074
G1 X158.92 Y54.845 E42.2235
G1 X158.445 Y54.845 E42.2434
G1 X144.668 Y41.067 E43.0595
G1 X144.193 Y41.067 E43.0794
G1 X157.97 Y54.845 E43.8955
G1 X157.495 Y54.845 E43.9154
G1 X143.718 Y41.067 E44.7315
G1 X143.243 Y41.067 E44.7514
G1 X157.02 Y54.845 E45.5675
G1 X156.545 Y54.845 E45.5874
G1 X142.768 Y41.067 E46.4035
G1 X142.293 Y41.067 E46.4234
G1 X156.07 Y54.845 E47.2395
G1 X155.595 Y54.845 E47.2594
G1 X141.818 Y41.067 E48.0755
G1 X141.343 Y41.067 E48.0954
G1 X155.121 Y54.845 E48.91153
G1 X154.646 Y54.845 E48.93143
G1 X140.869 Y41.067 E49.74753
G1 X140.394 Y41.067 E49.76743
G1 X154.171 Y54.845 E50.58353
G1 X153.696 Y54.845 E50.60343
G1 X139.919 Y41.067 E51.41953
G1 X139.444 Y41.067 E51.43943
G1 X153.221 Y54.845 E52.25553
G1 X152.746 Y54.845 E52.27543
G1 X138.969 Y41.067 E53.09153
G1 X138.494 Y41.067 E53.11143
G1 X152.271 Y54.845 E53.92753
G1 X151.796 Y54.845 E53.94743
G1 X138.019 Y41.067 E54.76353
G1 X137.544 Y41.067 E54.78343
G1 X151.321 Y54.845 E55.59953
G1 X150.846 Y54.845 E55.61943
G1 X137.069 Y41.067 E56.43553
G1 X136.594 Y41.067 E56.45543
G1 X150.371 Y54.845 E57.27153
G1 X149.896 Y54.845 E57.29143
G1 X136.119 Y41.067 E58.10753
G1 X135.644 Y41.067 E58.12743
G1 X149.422 Y54.845 E58.94356
G1 X148.947 Y54.845 E58.96346
G1 X135.17 Y41.067 E59.77956
G1 X134.695 Y41.067 E59.79946
G1 X148.472 Y54.845 E60.61556
G1 X147.997 Y54.845 E60.63546
G1 X134.22 Y41.067 E61.45156
G1 X133.745 Y41.067 E61.47146
G1 X147.522 Y54.845 E62.28756
G1 X147.047 Y54.845 E62.30746
G1 X133.27 Y41.067 E63.12356
G1 X132.795 Y41.067 E63.14346
G1 X146.572 Y54.845 E63.95956
G1 X146.097 Y54.845 E63.97946
G1 X132.32 Y41.067 E64.79556
G1 X131.845 Y41.067 E64.81546
G1 X145.622 Y54.845 E65.63156
G1 X145.147 Y54.845 E65.65146
G1 X131.37 Y41.067 E66.46756
G1 X130.895 Y41.067 E66.48746
G1 X144.672 Y54.845 E67.30356
G1 X144.197 Y54.845 E67.32346
G1 X130.42 Y41.067 E68.13956
G1 X129.945 Y41.067 E68.15946
G1 X143.723 Y54.845 E68.97559
G1 X143.248 Y54.845 E68.99549
G1 X129.471 Y41.067 E69.81159
G1 X128.996 Y41.067 E69.83149
G1 X142.773 Y54.845 E70.64759
G1 X142.298 Y54.845 E70.66749
G1 X128.521 Y41.067 E71.48359
G1 X128.151 Y41.067 E71.49909
G1 X128.151 Y41.173 E71.50353
G1 X141.828 Y54.849 E72.31365
G1 X141.672 Y54.863 E72.32021
G1 X141.44 Y54.937 E72.33041
G1 X128.151 Y41.648 E73.11757
G1 X128.151 Y42.123 E73.13747
G1 X141.134 Y55.105 E73.90648
G1 X141.024 Y55.195 E73.91243
G1 X140.898 Y55.344 E73.9206
G1 X128.151 Y42.598 E74.67563
G1 X128.151 Y43.072 E74.69548
G1 X140.734 Y55.655 E75.44082
G1 X140.674 Y55.861 E75.44981
G1 X140.657 Y56.053 E75.45788
G1 X128.151 Y43.547 E76.19866
G1 X128.151 Y44.022 E76.21856
G1 X140.656 Y56.527 E76.95928
G1 X140.656 Y57.002 E76.97918
G1 X128.151 Y44.497 E77.7199
G1 X128.151 Y44.972 E77.7398
G1 X140.656 Y57.477 E78.48052
G1 X140.656 Y57.951 E78.50037
G1 X128.151 Y45.447 E79.24106
G1 X128.151 Y45.922 E79.26096
G1 X140.656 Y58.426 E80.00165
G1 X140.656 Y58.901 E80.02155
G1 X128.151 Y46.397 E80.76224
G1 X128.151 Y46.871 E80.78209
G1 X140.656 Y59.376 E81.52281
G1 X140.656 Y59.851 E81.54271
G1 X128.151 Y47.346 E82.28343
G1 X128.151 Y47.821 E82.30333
G1 X140.656 Y60.326 E83.04405
G1 X140.656 Y60.801 E83.06395
G1 X128.151 Y48.296 E83.80467
G1 X128.151 Y48.771 E83.82457
G1 X140.656 Y61.276 E84.56529
G1 X140.656 Y61.751 E84.58519
G1 X128.151 Y49.246 E85.32591
G1 X128.15 Y49.721 E85.34581
G1 X140.656 Y62.226 E86.08656
G1 X140.656 Y62.701 E86.10646
G1 X128.15 Y50.196 E86.84721
G1 X128.15 Y50.67 E86.86706
G1 X140.656 Y63.176 E87.60784
G1 X140.656 Y63.65 E87.62769
G1 X128.15 Y51.145 E88.36844
G1 X128.15 Y51.62 E88.38834
G1 X140.656 Y64.125 E89.12909
G1 X140.656 Y64.6 E89.14899
G1 X128.15 Y52.095 E89.88974
G1 X128.15 Y52.57 E89.90964
G1 X140.656 Y65.075 E90.65039
G1 X140.656 Y65.55 E90.67029
G1 X128.15 Y53.045 E91.41104
G1 X128.15 Y53.52 E91.43094
G1 X140.656 Y66.025 E92.17169
G1 X140.656 Y66.5 E92.19159
G1 X128.15 Y53.995 E92.93234
G1 X128.15 Y54.469 E92.95219
G1 X140.656 Y66.975 E93.69297
G1 X140.656 Y67.45 E93.71287
G1 X128.15 Y54.944 E94.45365
G1 X128.15 Y55.419 E94.47355
G1 X140.656 Y67.925 E95.21433
G1 X140.656 Y68.4 E95.23423
G1 X128.15 Y55.894 E95.97501
G1 X128.15 Y56.369 E95.99491
G1 X140.656 Y68.875 E96.73569
G1 X140.656 Y69.349 E96.75554
G1 X128.15 Y56.844 E97.49629
G1 X128.15 Y57.319 E97.51619
G1 X140.656 Y69.824 E98.25694
G1 X140.656 Y70.299 E98.27684
G1 X128.15 Y57.794 E99.01759
G1 X128.15 Y58.268 E99.03744
G1 X140.656 Y70.774 E99.77822
G1 X140.656 Y71.249 E99.79812
G1 X128.15 Y58.743 E100.5389
G1 X128.15 Y59.218 E100.5588
G1 X140.656 Y71.724 E101.29958
G1 X140.656 Y72.199 E101.31948
G1 X128.15 Y59.693 E102.06026
G1 X128.15 Y60.168 E102.08016
G1 X140.656 Y72.674 E102.82094
G1 X140.656 Y73.149 E102.84084
G1 X128.15 Y60.643 E103.58162
G1 X128.15 Y61.118 E103.60152
G1 X140.656 Y73.624 E104.3423
G1 X140.656 Y74.099 E104.3622
G1 X128.149 Y61.593 E105.10301
G1 X128.149 Y62.067 E105.12286
G1 X140.656 Y74.574 E105.8637
G1 X140.656 Y75.048 E105.88355
G1 X128.149 Y62.542 E106.62436
G1 X128.149 Y63.017 E106.64426
G1 X140.656 Y75.523 E107.38507
G1 X140.656 Y75.998 E107.40497
G1 X128.149 Y63.492 E108.14578
G1 X128.149 Y63.967 E108.16568
G1 X140.656 Y76.473 E108.90649
G1 X140.656 Y76.948 E108.92639
G1 X128.149 Y64.442 E109.6672
G1 X128.149 Y64.917 E109.6871
G1 X140.656 Y77.423 E110.42791
G1 X140.656 Y77.898 E110.44781
G1 X128.149 Y65.392 E111.18862
G1 X128.149 Y65.866 E111.20847
G1 X140.656 Y78.373 E111.94931
G1 X140.656 Y78.848 E111.96921
G1 X128.149 Y66.341 E112.71005
G1 X128.149 Y66.816 E112.72995
G1 X140.656 Y79.323 E113.47079
G1 X140.656 Y79.798 E113.49069
G1 X128.149 Y67.291 E114.23153
G1 X128.149 Y67.766 E114.25143
G1 X140.656 Y80.273 E114.99227
G1 X140.656 Y80.747 E115.01212
G1 X128.149 Y68.241 E115.75293
G1 X128.149 Y68.716 E115.77283
G1 X140.656 Y81.222 E116.51364
G1 X140.656 Y81.697 E116.53354
G1 X128.149 Y69.191 E117.27435
G1 X128.149 Y69.665 E117.2942
G1 X140.656 Y82.172 E118.03504
G1 X140.656 Y82.647 E118.05494
G1 X128.149 Y70.14 E118.79578
G1 X128.149 Y70.615 E118.81568
G1 X140.656 Y83.122 E119.55652
G1 X140.656 Y83.597 E119.57642
G1 X128.149 Y71.09 E120.31726
G1 X128.149 Y71.565 E120.33716
G1 X140.656 Y84.072 E121.078
G1 X140.656 Y84.547 E121.0979
G1 X128.149 Y72.04 E121.83874
G1 X128.149 Y72.515 E121.85864
G1 X140.656 Y85.022 E122.59948
G1 X140.656 Y85.497 E122.61938
G1 X128.149 Y72.99 E123.36022
G1 X128.148 Y73.464 E123.38007
G1 X140.656 Y85.972 E124.12097
G1 X140.656 Y86.446 E124.14082
G1 X128.148 Y73.939 E124.88169
G1 X128.148 Y74.414 E124.90159
G1 X140.656 Y86.921 E125.64246
G1 X140.656 Y87.396 E125.66236
G1 X128.148 Y74.889 E126.40323
G1 X128.148 Y75.364 E126.42313
G1 X140.656 Y87.871 E127.164
G1 X140.656 Y88.346 E127.1839
G1 X128.148 Y75.839 E127.92477
G1 X128.148 Y76.314 E127.94467
G1 X140.656 Y88.821 E128.68554
G1 X140.656 Y89.296 E128.70544
G1 X128.148 Y76.789 E129.44631
G1 X128.148 Y77.263 E129.46616
G1 X140.656 Y89.771 E130.20706
G1 X140.656 Y90.246 E130.22696
G1 X128.148 Y77.738 E130.96786
G1 X128.148 Y78.213 E130.98776
G1 X140.656 Y90.721 E131.72866
G1 X140.656 Y91.196 E131.74856
G1 X128.148 Y78.688 E132.48946
G1 X128.148 Y79.163 E132.50936
G1 X140.656 Y91.671 E133.25026
G1 X140.656 Y92.145 E133.27011
G1 X128.148 Y79.638 E134.01098
G1 X128.148 Y80.113 E134.03088
G1 X140.656 Y92.62 E134.77175
G1 X140.656 Y93.095 E134.79165
G1 X128.148 Y80.588 E135.53252
G1 X128.148 Y81.063 E135.55242
G1 X140.656 Y93.57 E136.29329
G1 X140.656 Y94.045 E136.31319
G1 X128.148 Y81.537 E137.05409
G1 X128.148 Y82.012 E137.07399
G1 X140.656 Y94.52 E137.81489
G1 X140.656 Y94.995 E137.83479
G1 X128.148 Y82.487 E138.57569
G1 X128.148 Y82.962 E138.59559
G1 X140.656 Y95.47 E139.33649
G1 X140.656 Y95.945 E139.35639
G1 X128.148 Y83.437 E140.09729
G1 X128.148 Y83.912 E140.11719
G1 X140.656 Y96.42 E140.85809
G1 X140.656 Y96.895 E140.87799
G1 X128.148 Y84.387 E141.61889
G1 X128.147 Y84.862 E141.63879
G1 X140.656 Y97.37 E142.37972
G1 X140.656 Y97.845 E142.39962
G1 X128.147 Y85.336 E143.14058
G1 X128.147 Y85.811 E143.16048
G1 X140.656 Y98.319 E143.90141
G1 X140.656 Y98.794 E143.92131
G1 X128.147 Y86.286 E144.66224
G1 X128.147 Y86.761 E144.68214
G1 X140.656 Y99.269 E145.42307
G1 X140.656 Y99.744 E145.44297
G1 X128.147 Y87.236 E146.1839
G1 X128.147 Y87.711 E146.2038
G1 X140.656 Y100.219 E146.94473
G1 X140.656 Y100.694 E146.96463
G1 X128.147 Y88.186 E147.70556
G1 X128.147 Y88.661 E147.72546
G1 X140.656 Y101.169 E148.46639
G1 X140.656 Y101.644 E148.48629
G1 X128.147 Y89.135 E149.22725
G1 X128.147 Y89.61 E149.24715
G1 X140.656 Y102.119 E149.98811
G1 X140.656 Y102.594 E150.00801
G1 X128.147 Y90.085 E150.74897
G1 X128.147 Y90.56 E150.76887
G1 X140.656 Y103.069 E151.50983
G1 X140.656 Y103.544 E151.52973
G1 X128.147 Y91.035 E152.27069
G1 X128.147 Y91.51 E152.29059
G1 X140.656 Y104.018 E153.03152
G1 X140.656 Y104.493 E153.05142
G1 X128.147 Y91.985 E153.79235
G1 X128.147 Y92.46 E153.81225
G1 X140.656 Y104.968 E154.55318
G1 X140.656 Y105.443 E154.57308
G1 X128.147 Y92.934 E155.31404
G1 X128.147 Y93.409 E155.33394
G1 X140.656 Y105.918 E156.0749
G1 X140.656 Y106.393 E156.0948
G1 X128.147 Y93.884 E156.83576
G1 X128.147 Y94.359 E156.85566
G1 X140.656 Y106.868 E157.59662
G1 X140.656 Y107.343 E157.61652
G1 X128.147 Y94.834 E158.35748
G1 X128.147 Y95.309 E158.37738
G1 X140.656 Y107.818 E159.11834
G1 X140.656 Y108.293 E159.13824
G1 X128.147 Y95.784 E159.8792
G1 X128.147 Y96.259 E159.8991
G1 X140.656 Y108.768 E160.64006
G1 X140.656 Y109.243 E160.65996
G1 X128.146 Y96.733 E161.40098
G1 X128.146 Y97.208 E161.42088
G1 X140.656 Y109.717 E162.16187
G1 X140.656 Y110.192 E162.18177
G1 X128.146 Y97.683 E162.92276
G1 X128.146 Y98.158 E162.94266
G1 X140.656 Y110.667 E163.68365
G1 X140.656 Y111.142 E163.70355
G1 X128.146 Y98.633 E164.44454
G1 X128.146 Y99.108 E164.46444
G1 X140.656 Y111.617 E165.20543
G1 X140.656 Y112.092 E165.22533
G1 X128.146 Y99.583 E165.96632
G1 X128.146 Y100.058 E165.98622
G1 X140.656 Y112.567 E166.72721
G1 X140.656 Y113.042 E166.74711
G1 X128.146 Y100.532 E167.48813
G1 X128.146 Y101.007 E167.50803
G1 X140.656 Y113.517 E168.24905
G1 X140.656 Y113.992 E168.26895
G1 X128.146 Y101.482 E169.00997
G1 X128.146 Y101.957 E169.02987
G1 X140.656 Y114.467 E169.77089
G1 X140.656 Y114.942 E169.79079
G1 X128.146 Y102.432 E170.53181
G1 X128.146 Y102.907 E170.55171
G1 X140.656 Y115.416 E171.2927
G1 X140.656 Y115.891 E171.3126
G1 X128.146 Y103.382 E172.05359
G1 X128.146 Y103.857 E172.07349
G1 X140.656 Y116.366 E172.81448
G1 X140.656 Y116.841 E172.83438
G1 X128.146 Y104.331 E173.5754
G1 X128.146 Y104.806 E173.5953
G1 X140.656 Y117.316 E174.33632
G1 X140.656 Y117.791 E174.35622
G1 X128.146 Y105.281 E175.09724
G1 X128.146 Y105.756 E175.11714
G1 X140.656 Y118.266 E175.85816
G1 X140.656 Y118.741 E175.87806
G1 X128.146 Y106.231 E176.61908
G1 X128.146 Y106.706 E176.63898
G1 X140.656 Y119.216 E177.38
G1 X140.656 Y119.691 E177.3999
G1 X128.146 Y107.181 E178.14092
G1 X128.146 Y107.656 E178.16082
G1 X140.656 Y120.166 E178.90184
G1 X140.656 Y120.641 E178.92174
G1 X128.146 Y108.13 E179.66279
G1 X128.145 Y108.605 E179.68269
G1 X140.656 Y121.115 E180.42374
G1 X140.656 Y121.59 E180.44364
G1 X128.145 Y109.08 E181.18469
G1 X128.145 Y109.555 E181.20459
G1 X140.656 Y122.065 E181.94564
G1 X140.656 Y122.54 E181.96554
G1 X128.145 Y110.03 E182.70659
G1 X128.145 Y110.505 E182.72649
G1 X140.656 Y123.015 E183.46754
G1 X140.656 Y123.49 E183.48744
G1 X128.145 Y110.98 E184.22849
G1 X128.145 Y111.455 E184.24839
G1 X140.656 Y123.965 E184.98944
G1 X140.656 Y124.44 E185.00934
G1 X128.145 Y111.929 E185.75042
G1 X128.145 Y112.404 E185.77032
G1 X140.656 Y124.915 E186.5114
G1 X140.656 Y125.39 E186.5313
G1 X128.145 Y112.879 E187.27238
G1 X128.145 Y113.354 E187.29228
G1 X140.656 Y125.865 E188.03336
G1 X140.656 Y126.34 E188.05326
G1 X128.145 Y113.829 E188.79434
G1 X128.145 Y114.304 E188.81424
G1 X140.656 Y126.814 E189.55529
G1 X140.656 Y127.289 E189.57519
G1 X128.145 Y114.779 E190.31624
G1 X128.145 Y115.254 E190.33614
G1 X140.656 Y127.764 E191.07719
G1 X140.656 Y128.239 E191.09709
G1 X128.145 Y115.728 E191.83817
G1 X128.145 Y116.203 E191.85807
G1 X140.656 Y128.714 E192.59915
G1 X140.656 Y129.189 E192.61905
G1 X128.145 Y116.678 E193.36013
G1 X128.145 Y117.153 E193.38003
G1 X140.656 Y129.664 E194.12111
G1 X140.656 Y130.139 E194.14101
G1 X128.145 Y117.628 E194.88209
G1 X128.145 Y118.103 E194.90199
G1 X140.656 Y130.614 E195.64307
G1 X140.656 Y131.089 E195.66297
G1 X128.145 Y118.578 E196.40405
G1 X128.145 Y119.053 E196.42395
G1 X140.656 Y131.564 E197.16503
G1 X140.656 Y132.039 E197.18493
G1 X128.145 Y119.527 E197.92604
G1 X128.144 Y120.002 E197.94594
G1 X140.656 Y132.513 E198.68705
G1 X140.656 Y132.988 E198.70695
G1 X128.144 Y120.477 E199.44806
G1 X128.144 Y120.952 E199.46796
G1 X140.656 Y133.463 E200.20907
G1 X140.656 Y133.938 E200.22897
G1 X128.144 Y121.427 E200.97008
G1 X128.144 Y121.902 E200.98998
G1 X140.656 Y134.413 E201.73109
G1 X140.656 Y134.888 E201.75099
G1 X128.144 Y122.377 E202.4921
G1 X128.144 Y122.852 E202.512
G1 X140.656 Y135.363 E203.25311
G1 X140.656 Y135.838 E203.27301
G1 X128.144 Y123.327 E204.01412
G1 X128.144 Y123.801 E204.03397
G1 X140.656 Y136.313 E204.77511
G1 X140.656 Y136.788 E204.79501
G1 X128.144 Y124.276 E205.53615
G1 X128.144 Y124.751 E205.55605
G1 X140.656 Y137.263 E206.29719
G1 X140.656 Y137.738 E206.31709
G1 X128.144 Y125.226 E207.05823
G1 X128.144 Y125.701 E207.07813
G1 X140.656 Y138.212 E207.81924
G1 X140.656 Y138.687 E207.83914
G1 X128.144 Y126.176 E208.58025
G1 X128.144 Y126.651 E208.60015
G1 X140.656 Y139.162 E209.34126
G1 X140.656 Y139.637 E209.36116
G1 X128.144 Y127.126 E210.10227
G1 X128.144 Y127.6 E210.12212
G1 X140.656 Y140.112 E210.86326
G1 X140.656 Y140.587 E210.88316
G1 X128.144 Y128.075 E211.6243
G1 X128.144 Y128.55 E211.6442
G1 X140.656 Y141.062 E212.38534
G1 X140.656 Y141.537 E212.40524
G1 X128.144 Y129.025 E213.14638
G1 X128.144 Y129.5 E213.16628
G1 X140.656 Y142.012 E213.90742
G1 X140.656 Y142.487 E213.92732
G1 X128.144 Y129.975 E214.66846
G1 X128.144 Y130.45 E214.68836
G1 X140.656 Y142.962 E215.4295
G1 X140.656 Y143.437 E215.4494
G1 X128.144 Y130.925 E216.19054
G1 X128.144 Y131.399 E216.21039
G1 X140.302 Y143.558 E216.93059
G1 X139.827 Y143.558 E216.95049
G1 X128.143 Y131.874 E217.64258
G1 X128.143 Y132.349 E217.66248
G1 X139.352 Y143.558 E218.32644
G1 X138.877 Y143.558 E218.34634
G1 X128.143 Y132.824 E218.98216
G1 X128.141 Y133.296 E219.00193
G1 X138.402 Y143.558 E219.60976
G1 X137.927 Y143.558 E219.62966
G1 X128.032 Y133.663 E220.21578
G1 X127.842 Y133.947 E220.23009
G1 X137.452 Y143.558 E220.79936
G1 X137.141 Y143.578 E220.81241
G1 X137.034 Y143.614 E220.81714
G1 X127.585 Y134.166 E221.37681
G1 X127.538 Y134.203 E221.37932
G1 X127.261 Y134.316 E221.39185
G1 X136.703 Y143.758 E221.95114
G1 X136.631 Y143.803 E221.9547
G1 X136.448 Y143.978 E221.96531
G1 X126.837 Y134.367 E222.53461
G1 X126.362 Y134.367 E222.55451
G1 X136.258 Y144.263 E223.14069
G1 X136.152 Y144.632 E223.15677
G1 X125.887 Y134.367 E223.76481
G1 X125.413 Y134.367 E223.78466
G1 X136.14 Y145.095 E224.4201
G1 X136.14 Y145.57 E224.44
G1 X124.938 Y134.367 E225.10357
G1 X124.463 Y134.367 E225.12347
G1 X136.14 Y146.044 E225.81515
G1 X136.14 Y146.519 E225.83505
G1 X123.988 Y134.367 E226.55486
G1 X123.513 Y134.367 E226.57476
G1 X136.14 Y146.994 E227.32271
G1 X136.14 Y147.469 E227.34261
G1 X123.034 Y134.364 E228.1189
G1 X122.835 Y134.344 E228.12728
G1 X122.607 Y134.274 E228.13727
G1 X122.359 Y134.136 E228.14916
G1 X122.201 Y134.001 E228.15786
G1 X122.062 Y133.832 E228.16703
G1 X121.948 Y133.625 E228.17693
G1 X121.874 Y133.39 E228.18725
G1 X121.853 Y133.182 E228.19601
G1 X109.343 Y120.673 E228.937
G1 X109.343 Y121.148 E228.9569
G1 X136.14 Y147.944 E230.54417
G1 X136.14 Y148.419 E230.56407
G1 X109.343 Y121.623 E232.15134
G1 X109.343 Y122.098 E232.17124
G1 X136.14 Y148.894 E233.75851
G1 X136.14 Y149.369 E233.77841
G1 X109.343 Y122.573 E235.36568
G1 X109.343 Y123.047 E235.38553
G1 X136.14 Y149.844 E236.97283
G1 X136.14 Y150.319 E236.99273
G1 X109.343 Y123.522 E238.58003
G1 X109.343 Y123.997 E238.59993
G1 X136.14 Y150.794 E240.18723
G1 X136.14 Y151.269 E240.20713
G1 X109.343 Y124.472 E241.79443
G1 X109.343 Y124.947 E241.81433
G1 X136.14 Y151.743 E243.4016
G1 X136.14 Y152.218 E243.4215
G1 X109.343 Y125.422 E245.00877
G1 X109.343 Y125.897 E245.02867
G1 X136.14 Y152.693 E246.61594
G1 X136.14 Y153.168 E246.63584
G1 X109.343 Y126.372 E248.22311
G1 X109.343 Y126.847 E248.24301
G1 X136.14 Y153.643 E249.83028
G1 X136.14 Y154.118 E249.85018
G1 X109.343 Y127.322 E251.43745
G1 X109.343 Y127.797 E251.45735
G1 X136.14 Y154.593 E253.04462
G1 X136.14 Y155.068 E253.06452
G1 X109.343 Y128.272 E254.65179
G1 X109.343 Y128.747 E254.67169
G1 X136.14 Y155.543 E256.25896
G1 X136.14 Y156.018 E256.27886
G1 X109.343 Y129.221 E257.86616
G1 X109.343 Y129.696 E257.88606
G1 X136.14 Y156.493 E259.47336
G1 X136.14 Y156.968 E259.49326
G1 X109.343 Y130.171 E261.08056
G1 X109.343 Y130.646 E261.10046
G1 X136.14 Y157.443 E262.68776
G1 X136.14 Y157.917 E262.70761
G1 X109.343 Y131.121 E264.29488
G1 X109.343 Y131.596 E264.31478
G1 X136.14 Y158.392 E265.90205
G1 X136.14 Y158.867 E265.92195
G1 X109.343 Y132.071 E267.50922
G1 X109.343 Y132.546 E267.52912
G1 X136.14 Y159.342 E269.11639
G1 X136.14 Y159.817 E269.13629
G1 X109.343 Y133.021 E270.72356
G1 X109.343 Y133.496 E270.74346
G1 X136.14 Y160.292 E272.33073
G1 X136.14 Y160.767 E272.35063
G1 X109.343 Y133.971 E273.9379
G1 X109.343 Y134.446 E273.9578
G1 X136.14 Y161.242 E275.54507
G1 X136.14 Y161.717 E275.56497
G1 X109.343 Y134.92 E277.15227
G1 X109.343 Y135.395 E277.17217
G1 X136.14 Y162.192 E278.75947
G1 X136.14 Y162.667 E278.77937
G1 X109.343 Y135.87 E280.36667
G1 X109.343 Y136.345 E280.38657
G1 X136.14 Y163.142 E281.97387
G1 X136.14 Y163.616 E281.99372
G1 X109.343 Y136.82 E283.58099
G1 X109.343 Y137.295 E283.60089
G1 X136.14 Y164.091 E285.18816
G1 X136.14 Y164.566 E285.20806
G1 X109.343 Y137.77 E286.79533
G1 X109.343 Y138.245 E286.81523
G1 X136.14 Y165.041 E288.4025
G1 X136.14 Y165.516 E288.4224
G1 X109.343 Y138.72 E290.00967
G1 X109.343 Y139.195 E290.02957
G1 X136.14 Y165.991 E291.61684
G1 X136.14 Y166.466 E291.63674
G1 X109.343 Y139.67 E293.22401
G1 X109.343 Y140.145 E293.24391
G1 X136.14 Y166.941 E294.83118
G1 X136.14 Y167.416 E294.85108
G1 X109.343 Y140.619 E296.43838
G1 X109.343 Y141.094 E296.45828
G1 X136.14 Y167.891 E298.04558
G1 X136.14 Y168.366 E298.06548
G1 X109.343 Y141.569 E299.65278
G1 X109.343 Y142.044 E299.67268
G1 X110.857 Y143.558 E299.76236
G1 X110.382 Y143.558 E299.78226
G1 X109.343 Y142.519 E299.8438
G1 X109.343 Y142.994 E299.8637
G1 X109.907 Y143.558 E299.89711
G1 X109.432 Y143.558 E299.91701
G1 X109.192 Y143.318 E299.93123
G1 E297.93123 F2400
G92 E0
G1 X111.946 Y144.647 F7800
G1 E2 F2400
G1 F900
G1 X136.14 Y168.841 E3.43311
G1 X136.14 Y168.933 E3.43696
G1 X135.757 Y168.933 E3.453
G1 X112.104 Y145.28 E4.85407
G1 X112.104 Y145.755 E4.87397
G1 X135.282 Y168.933 E6.2469
G1 X134.807 Y168.933 E6.2668
G1 X112.104 Y146.23 E7.6116
G1 X112.104 Y146.705 E7.6315
G1 X134.332 Y168.933 E8.94816
G1 X133.857 Y168.933 E8.96806
G1 X112.104 Y147.18 E10.25658
G1 X112.104 Y147.655 E10.27648
G1 X133.382 Y168.933 E11.53687
G1 X132.907 Y168.933 E11.55677
G1 X112.105 Y148.13 E12.78899
G1 X112.105 Y148.605 E12.80889
G1 X132.432 Y168.933 E14.01297
G1 X131.958 Y168.933 E14.03282
G1 X112.105 Y149.08 E15.2088
G1 X112.105 Y149.555 E15.2287
G1 X131.483 Y168.933 E16.37654
G1 X131.008 Y168.933 E16.39644
G1 X112.105 Y150.03 E17.51615
G1 X112.105 Y150.505 E17.53605
G1 X130.533 Y168.933 E18.62762
G1 X130.058 Y168.933 E18.64752
G1 X112.105 Y150.98 E19.71095
G1 X112.105 Y151.455 E19.73085
G1 X129.583 Y168.933 E20.76615
G1 X129.108 Y168.933 E20.78605
G1 X112.105 Y151.93 E21.79321
G1 X112.105 Y152.405 E21.81311
G1 X128.633 Y168.933 E22.79213
G1 X128.158 Y168.933 E22.81203
G1 X112.106 Y152.88 E23.76289
G1 X112.106 Y153.355 E23.78279
G1 X127.683 Y168.933 E24.70551
G1 X127.208 Y168.933 E24.72541
G1 X112.106 Y153.83 E25.62
G1 X112.106 Y154.305 E25.6399
G1 X126.733 Y168.933 E26.50635
G1 X126.259 Y168.933 E26.5262
G1 X112.106 Y154.78 E27.36454
G1 X112.106 Y155.255 E27.38444
G1 X125.784 Y168.933 E28.19465
G1 X125.309 Y168.933 E28.21455
G1 X112.106 Y155.73 E28.99662
G1 X112.106 Y156.205 E29.01652
G1 X124.834 Y168.933 E29.77045
G1 X124.359 Y168.933 E29.79035
G1 X112.106 Y156.68 E30.51615
G1 X112.107 Y157.155 E30.53605
G1 X123.884 Y168.933 E31.23368
G1 X123.409 Y168.933 E31.25358
G1 X112.107 Y157.63 E31.92308
G1 X112.107 Y158.105 E31.94298
G1 X122.934 Y168.933 E32.58434
G1 X122.459 Y168.933 E32.60424
G1 X112.107 Y158.58 E33.21746
G1 X112.107 Y159.055 E33.23736
G1 X121.984 Y168.933 E33.82245
G1 X121.509 Y168.933 E33.84235
G1 X112.107 Y159.53 E34.3993
G1 X112.107 Y160.005 E34.4192
G1 X121.034 Y168.933 E34.94801
G1 X120.56 Y168.933 E34.96786
G1 X112.107 Y160.48 E35.46857
G1 X112.107 Y160.955 E35.48847
G1 X120.085 Y168.933 E35.96104
G1 X119.61 Y168.933 E35.98094
G1 X112.108 Y161.43 E36.42535
G1 X112.108 Y161.905 E36.44525
G1 X119.135 Y168.933 E36.86152
G1 X118.66 Y168.933 E36.88142
G1 X112.108 Y162.38 E37.26955
G1 X112.108 Y162.855 E37.28945
G1 X118.185 Y168.933 E37.64945
G1 X117.71 Y168.933 E37.66935
G1 X112.108 Y163.33 E38.00121
G1 X112.108 Y163.805 E38.02111
G1 X117.235 Y168.933 E38.32483
G1 X116.76 Y168.933 E38.34473
G1 X112.108 Y164.28 E38.62032
G1 X112.108 Y164.756 E38.64026
G1 X116.285 Y168.933 E38.88768
G1 X115.81 Y168.933 E38.90758
G1 X112.108 Y165.231 E39.12687
G1 X112.108 Y165.706 E39.14677
G1 X115.335 Y168.933 E39.33792
G1 X114.861 Y168.933 E39.35777
G1 X112.109 Y166.181 E39.52078
G1 X112.109 Y166.656 E39.54068
G1 X114.386 Y168.933 E39.67556
G1 X113.911 Y168.933 E39.69546
G1 X112.109 Y167.131 E39.8022
G1 X112.109 Y167.606 E39.8221
G1 X113.436 Y168.933 E39.9007
G1 X112.961 Y168.933 E39.9206
G1 X112.109 Y168.081 E39.97107
G1 X112.109 Y168.556 E39.99097
G1 X112.637 Y169.084 E40.02225
G1 E38.02225 F2400
G92 E0
G1 X106.071 Y154.891 F7800
G1 E2 F2400
;TYPE:Perimeter
;WIDTH:0.45
G1 F1500
G1 X106.071 Y169.197 E2.68807
G1 X75.246 Y169.197 E4.17065
G1 X75.246 Y154.891 E4.85872
G1 X106.011 Y154.891 E6.33841
G1 X106.457 Y154.506 F7800
G1 F1500
G1 X106.457 Y169.582 E7.06351
G1 X74.861 Y169.582 E8.58317
G1 X74.861 Y154.506 E9.30827
G1 X106.397 Y154.506 E10.82504
G1 X106.842 Y154.12 F7800
;TYPE:External perimeter
G1 F1500
G1 X106.842 Y169.968 E11.58727
G1 X74.475 Y169.968 E13.14401
G1 X74.475 Y154.12 E13.90624
G1 X106.782 Y154.12 E15.46009
G1 X106.842 Y154.516 F7800
G1 X105.277 Y155.004
;TYPE:Top solid infill
;WIDTH:0.400968
G1 F900
G1 X105.807 Y155.534 E15.49156
G1 X105.807 Y156.01 E15.51154
G1 X104.952 Y155.155 E15.5623
G1 X104.476 Y155.155 E15.58228
G1 X105.807 Y156.486 E15.6613
G1 X105.807 Y156.962 E15.68128
G1 X104 Y155.155 E15.78856
G1 X103.524 Y155.155 E15.80854
G1 X105.807 Y157.438 E15.94408
G1 X105.807 Y157.914 E15.96406
G1 X103.048 Y155.155 E16.12786
G1 X102.572 Y155.155 E16.14784
G1 X105.807 Y158.39 E16.3399
G1 X105.807 Y158.866 E16.35988
G1 X102.096 Y155.155 E16.5802
G1 X101.62 Y155.155 E16.60018
G1 X105.807 Y159.342 E16.84876
G1 X105.807 Y159.818 E16.86874
G1 X101.144 Y155.155 E17.14558
G1 X100.668 Y155.155 E17.16556
G1 X105.807 Y160.294 E17.47066
G1 X105.807 Y160.77 E17.49064
G1 X100.192 Y155.155 E17.824
G1 X99.716 Y155.155 E17.84398
G1 X105.807 Y161.246 E18.2056
G1 X105.807 Y161.722 E18.22558
G1 X99.24 Y155.155 E18.61546
G1 X98.764 Y155.155 E18.63544
G1 X105.807 Y162.198 E19.05358
G1 X105.807 Y162.674 E19.07356
G1 X98.288 Y155.155 E19.51996
G1 X97.812 Y155.155 E19.53994
G1 X105.807 Y163.15 E20.0146
G1 X105.807 Y163.626 E20.03458
G1 X97.336 Y155.155 E20.5375
G1 X96.86 Y155.155 E20.55748
G1 X105.807 Y164.102 E21.08866
G1 X105.807 Y164.578 E21.10864
G1 X96.384 Y155.155 E21.66808
G1 X95.908 Y155.155 E21.68806
G1 X105.807 Y165.054 E22.27576
G1 X105.807 Y165.53 E22.29574
G1 X95.432 Y155.155 E22.9117
G1 X94.956 Y155.155 E22.93168
G1 X105.807 Y166.006 E23.5759
G1 X105.807 Y166.482 E23.59588
G1 X94.48 Y155.155 E24.26836
G1 X94.004 Y155.155 E24.28834
G1 X105.807 Y166.958 E24.98909
G1 X105.807 Y167.434 E25.00907
G1 X93.528 Y155.155 E25.73808
G1 X93.052 Y155.155 E25.75806
G1 X105.807 Y167.91 E26.51533
G1 X105.807 Y168.386 E26.53531
G1 X92.576 Y155.155 E27.32084
G1 X92.1 Y155.155 E27.34082
G1 X105.807 Y168.862 E28.15461
G1 X105.807 Y168.933 E28.15759
G1 X105.401 Y168.933 E28.17463
G1 X91.624 Y155.155 E28.9926
G1 X91.148 Y155.155 E29.01258
G1 X104.925 Y168.933 E29.83055
G1 X104.449 Y168.933 E29.85053
G1 X90.672 Y155.155 E30.6685
G1 X90.196 Y155.155 E30.68848
G1 X103.973 Y168.933 E31.50645
G1 X103.497 Y168.933 E31.52643
G1 X89.72 Y155.155 E32.3444
G1 X89.244 Y155.155 E32.36438
G1 X103.021 Y168.933 E33.18235
G1 X102.545 Y168.933 E33.20233
G1 X88.768 Y155.155 E34.0203
G1 X88.292 Y155.155 E34.04028
G1 X102.069 Y168.933 E34.85825
G1 X101.593 Y168.933 E34.87823
G1 X87.816 Y155.155 E35.6962
G1 X87.34 Y155.155 E35.71618
G1 X101.117 Y168.933 E36.53415
G1 X100.641 Y168.933 E36.55413
G1 X86.864 Y155.155 E37.3721
G1 X86.388 Y155.155 E37.39208
G1 X100.165 Y168.933 E38.21005
G1 X99.689 Y168.933 E38.23003
G1 X85.912 Y155.155 E39.048
G1 X85.436 Y155.155 E39.06798
G1 X99.213 Y168.933 E39.88595
G1 X98.737 Y168.933 E39.90593
G1 X84.96 Y155.155 E40.7239
G1 X84.484 Y155.155 E40.74388
G1 X98.261 Y168.933 E41.56185
G1 X97.785 Y168.933 E41.58183
G1 X84.008 Y155.155 E42.3998
G1 X83.532 Y155.155 E42.41978
G1 X97.309 Y168.933 E43.23775
G1 X96.833 Y168.933 E43.25773
G1 X83.056 Y155.155 E44.0757
G1 X82.58 Y155.155 E44.09568
G1 X96.357 Y168.933 E44.91365
G1 X95.881 Y168.933 E44.93363
G1 X82.104 Y155.155 E45.7516
G1 X81.628 Y155.155 E45.77158
G1 X95.405 Y168.933 E46.58955
G1 X94.929 Y168.933 E46.60953
G1 X81.152 Y155.155 E47.4275
G1 X80.676 Y155.155 E47.44748
G1 X94.453 Y168.933 E48.26545
G1 X93.977 Y168.933 E48.28543
G1 X80.2 Y155.155 E49.1034
G1 X79.724 Y155.155 E49.12338
G1 X93.501 Y168.933 E49.94135
G1 X93.025 Y168.933 E49.96133
G1 X79.248 Y155.155 E50.7793
G1 X78.772 Y155.155 E50.79928
G1 X92.549 Y168.933 E51.61725
G1 X92.073 Y168.933 E51.63723
G1 X78.296 Y155.155 E52.4552
G1 X77.82 Y155.155 E52.47518
G1 X91.597 Y168.933 E53.29315
G1 X91.121 Y168.933 E53.31313
G1 X77.344 Y155.155 E54.1311
G1 X76.868 Y155.155 E54.15108
G1 X90.645 Y168.933 E54.96905
G1 X90.169 Y168.933 E54.98903
G1 X76.392 Y155.155 E55.807
G1 X75.916 Y155.155 E55.82698
G1 X89.693 Y168.933 E56.64495
G1 X89.217 Y168.933 E56.66493
G1 X75.51 Y155.226 E57.47872
G1 X75.51 Y155.702 E57.4987
G1 X88.741 Y168.933 E58.28423
G1 X88.265 Y168.933 E58.30421
G1 X75.51 Y156.178 E59.06148
G1 X75.51 Y156.654 E59.08146
G1 X87.789 Y168.933 E59.81047
G1 X87.313 Y168.933 E59.83045
G1 X75.51 Y157.13 E60.5312
G1 X75.51 Y157.606 E60.55118
G1 X86.837 Y168.933 E61.22366
G1 X86.361 Y168.933 E61.24364
G1 X75.51 Y158.082 E61.88786
G1 X75.51 Y158.558 E61.90784
G1 X85.885 Y168.933 E62.5238
G1 X85.409 Y168.933 E62.54378
G1 X75.51 Y159.034 E63.13148
G1 X75.51 Y159.51 E63.15146
G1 X84.933 Y168.933 E63.7109
G1 X84.457 Y168.933 E63.73088
G1 X75.51 Y159.986 E64.26206
G1 X75.51 Y160.462 E64.28204
G1 X83.981 Y168.933 E64.78496
G1 X83.505 Y168.933 E64.80494
G1 X75.51 Y160.938 E65.2796
G1 X75.51 Y161.414 E65.29958
G1 X83.029 Y168.933 E65.74598
G1 X82.553 Y168.933 E65.76596
G1 X75.51 Y161.89 E66.1841
G1 X75.51 Y162.366 E66.20408
G1 X82.077 Y168.933 E66.59396
G1 X81.601 Y168.933 E66.61394
G1 X75.51 Y162.842 E66.97556
G1 X75.51 Y163.318 E66.99554
G1 X81.125 Y168.933 E67.3289
G1 X80.649 Y168.933 E67.34888
G1 X75.51 Y163.794 E67.65398
G1 X75.51 Y164.27 E67.67396
G1 X80.173 Y168.933 E67.9508
G1 X79.697 Y168.933 E67.97078
G1 X75.51 Y164.746 E68.21936
G1 X75.51 Y165.222 E68.23934
G1 X79.221 Y168.933 E68.45966
G1 X78.745 Y168.933 E68.47964
G1 X75.51 Y165.698 E68.6717
G1 X75.51 Y166.174 E68.69168
G1 X78.269 Y168.933 E68.85548
G1 X77.793 Y168.933 E68.87546
G1 X75.51 Y166.65 E69.011
G1 X75.51 Y167.126 E69.03098
G1 X77.317 Y168.933 E69.13826
G1 X76.841 Y168.933 E69.15824
G1 X75.51 Y167.602 E69.23726
G1 X75.51 Y168.078 E69.25724
G1 X76.365 Y168.933 E69.308
G1 X75.889 Y168.933 E69.32798
G1 X75.359 Y168.403 E69.35945
G1 E67.35945 F2400
G92 E0
M107
;TYPE:Custom
; Filament-specific end gcode 
;END gcode for filament
G1 Z4.35 F720 ; Move print head up
G1 X0 Y200 F3600 ; park
G1 Z52.35 F720 ; Move print head further up
G4 ; wait
M104 S0 ; turn off temperature
M140 S0 ; turn off heatbed
M107 ; turn off fan
M900 K0 ; reset LA
M84 ; disable motors
; objects_info = {"objects":[]}
; filament used [mm] = 6299.63
; filament used [cm3] = 15.15
; total filament used [g] = 0.00
; total filament cost = 0.00
; total filament used for wipe tower [g] = 0.00
; estimated printing time (normal mode) = 1h 41m 12s
; estimated first layer printing time (normal mode) = 6m 20s

; prusaslicer_config = begin
; arc_fitting = disabled
; autoemit_temperature_commands = 1
; automatic_extrusion_widths = 0
; automatic_infill_combination = 0
; automatic_infill_combination_max_layer_height = 100%
; avoid_crossing_curled_overhangs = 0
; avoid_crossing_perimeters = 0
; avoid_crossing_perimeters_max_detour = 0
; bed_shape = 0x0,250x0,250x210,0x210
; bed_temperature = 55
; bed_temperature_extruder = 0
; before_layer_gcode = 
; between_objects_gcode = 
; binary_gcode = 0
; bottom_fill_pattern = monotonic
; bottom_solid_layers = 3
; bottom_solid_min_thickness = 0
; bridge_acceleration = 0
; bridge_angle = 0
; bridge_fan_speed = 100
; bridge_flow_ratio = 1
; bridge_speed = 25
; brim_separation = 0
; brim_type = no_brim
; brim_width = 0
; chamber_minimal_temperature = 0
; chamber_temperature = 0
; color_change_gcode = M600
; colorprint_heights = 
; complete_objects = 0
; cooling = 1
; cooling_perimeter_transition_distance = 0
; cooling_slowdown_logic = uniform_cooling
; cooling_tube_length = 5
; cooling_tube_retraction = 91.5
; custom_parameters_filament = ""
; custom_parameters_print = 
; custom_parameters_printer = 
; default_acceleration = 0
; deretract_speed = 0
; disable_fan_first_layers = 3
; dont_support_bridges = 1
; draft_shield = disabled
; duplicate_distance = 6
; elefant_foot_compensation = 0
; enable_dynamic_fan_speeds = 0
; enable_dynamic_overhang_speeds = 0
; end_filament_gcode = "; Filament-specific end gcode \n;END gcode for filament\n"
; end_gcode = {if layer_z < max_print_height}G1 Z{z_offset+min(max_layer_z+1, max_print_height)} F720 ; Move print head up{endif}\nG1 X0 Y200 F3600 ; park\n{if layer_z < max_print_height}G1 Z{z_offset+min(max_layer_z+49, max_print_height)} F720 ; Move print head further up{endif}\nG4 ; wait\nM104 S0 ; turn off temperature\nM140 S0 ; turn off heatbed\nM107 ; turn off fan\nM900 K0 ; reset LA\nM84 ; disable motors
; ensure_vertical_shell_thickness = enabled
; external_perimeter_acceleration = 0
; external_perimeter_extrusion_width = 0
; external_perimeter_speed = 25
; external_perimeters_first = 0
; extra_loading_move = -2
; extra_perimeters = 1
; extra_perimeters_on_overhangs = 0
; extruder_clearance_height = 20
; extruder_clearance_radius = 20
; extruder_colour = ""
; extruder_offset = 0x0
; extrusion_axis = E
; extrusion_multiplier = 1
; extrusion_width = 0
; fan_always_on = 0
; fan_below_layer_time = 60
; filament_abrasive = 0
; filament_colour = #29B2B2
; filament_cooling_final_speed = 3.4
; filament_cooling_initial_speed = 2.2
; filament_cooling_moves = 4
; filament_cost = 0
; filament_density = 0
; filament_diameter = 1.75
; filament_infill_max_crossing_speed = 0
; filament_infill_max_speed = 0
; filament_load_time = 0
; filament_loading_speed = 28
; filament_loading_speed_start = 3
; filament_max_volumetric_speed = 0
; filament_minimal_purge_on_wipe_tower = 15
; filament_multitool_ramming = 0
; filament_multitool_ramming_flow = 10
; filament_multitool_ramming_volume = 10
; filament_notes = ""
; filament_purge_multiplier = 100%
; filament_ramming_parameters = "120 100 6.6 6.8 7.2 7.6 7.9 8.2 8.7 9.4 9.9 10.0| 0.05 6.6 0.45 6.8 0.95 7.8 1.45 8.3 1.95 9.7 2.45 10 2.95 7.6 3.45 7.6 3.95 7.6 4.45 7.6 4.95 7.6"
; filament_seam_gap_distance = 15%
; filament_settings_id = ""
; filament_shrinkage_compensation_xy = 0%
; filament_shrinkage_compensation_z = 0%
; filament_soluble = 0
; filament_spool_weight = 0
; filament_stamping_distance = 0
; filament_stamping_loading_speed = 20
; filament_toolchange_delay = 0
; filament_type = PLA
; filament_unload_time = 0
; filament_unloading_speed = 90
; filament_unloading_speed_start = 100
; fill_angle = 45
; fill_density = 15%
; fill_pattern = stars
; first_layer_acceleration = 0
; first_layer_acceleration_over_raft = 0
; first_layer_bed_temperature = 55
; first_layer_extrusion_width = 200%
; first_layer_height = 0.35
; first_layer_infill_speed = 0
; first_layer_speed = 30
; first_layer_speed_over_raft = 30
; first_layer_temperature = 215
; full_fan_speed_layer = 0
; fuzzy_skin = none
; fuzzy_skin_point_dist = 0.8
; fuzzy_skin_thickness = 0.3
; gap_fill_enabled = 1
; gap_fill_speed = 20
; gcode_comments = 0
; gcode_flavor = reprap
; gcode_label_objects = disabled
; gcode_resolution = 0.0125
; gcode_substitutions = 
; high_current_on_filament_swap = 0
; idle_temperature = nil
; infill_acceleration = 0
; infill_anchor = 600%
; infill_anchor_max = 50
; infill_every_layers = 1
; infill_extruder = 1
; infill_extrusion_width = 0
; infill_first = 0
; infill_overlap = 25%
; infill_speed = 20
; interface_shells = 0
; interlocking_beam = 0
; interlocking_beam_layer_count = 2
; interlocking_beam_width = 0.8
; interlocking_boundary_avoidance = 2
; interlocking_depth = 2
; interlocking_orientation = 22.5
; ironing = 0
; ironing_flowrate = 15%
; ironing_spacing = 0.1
; ironing_speed = 15
; ironing_type = top
; layer_gcode = ;AFTER_LAYER_CHANGE\n;[layer_z]
; layer_height = 0.3
; machine_limits_usage = time_estimate_only
; machine_max_acceleration_e = 10000
; machine_max_acceleration_extruding = 2000
; machine_max_acceleration_retracting = 1500
; machine_max_acceleration_travel = 1500,1250
; machine_max_acceleration_x = 9000
; machine_max_acceleration_y = 9000
; machine_max_acceleration_z = 500
; machine_max_feedrate_e = 120
; machine_max_feedrate_x = 500
; machine_max_feedrate_y = 500
; machine_max_feedrate_z = 12
; machine_max_jerk_e = 2.5
; machine_max_jerk_x = 10
; machine_max_jerk_y = 10
; machine_max_jerk_z = 0.2
; machine_max_junction_deviation = 0,0
; machine_min_extruding_rate = 0
; machine_min_travel_rate = 0
; max_fan_speed = 100
; max_layer_height = 0
; max_print_height = 200
; max_print_speed = 80
; max_volumetric_extrusion_rate_slope_negative = 0
; max_volumetric_extrusion_rate_slope_positive = 0
; max_volumetric_speed = 0
; min_bead_width = 85%
; min_fan_speed = 35
; min_feature_size = 25%
; min_layer_height = 0.07
; min_print_speed = 10
; min_skirt_length = 0
; mmu_segmented_region_interlocking_depth = 0
; mmu_segmented_region_max_width = 0
; multimaterial_purging = 140
; notes = 
; nozzle_diameter = 0.4
; nozzle_high_flow = 0
; only_one_perimeter_first_layer = 0
; only_retract_when_crossing_perimeters = 0
; ooze_prevention = 0
; output_filename_format = [input_filename_base].gcode
; over_bridge_speed = 0
; overhang_fan_speed_0 = 0
; overhang_fan_speed_1 = 0
; overhang_fan_speed_2 = 0
; overhang_fan_speed_3 = 0
; overhang_speed_0 = 15
; overhang_speed_1 = 15
; overhang_speed_2 = 20
; overhang_speed_3 = 25
; overhangs = 1
; parking_pos_retraction = 92
; pause_print_gcode = M601
; perimeter_acceleration = 0
; perimeter_extruder = 1
; perimeter_extrusion_width = 0
; perimeter_generator = arachne
; perimeter_speed = 25
; perimeters = 3
; physical_printer_settings_id = 
; post_process = 
; prefer_clockwise_movements = 0
; print_settings_id = 
; printer_model = MK2S
; printer_notes = 
; printer_settings_id = 
; printer_technology = FFF
; printer_variant = 0.4
; raft_contact_distance = 0.1
; raft_expansion = 1.5
; raft_first_layer_density = 90%
; raft_first_layer_expansion = 3
; raft_layers = 0
; remaining_times = 0
; resolution = 0
; retract_before_travel = 2
; retract_before_wipe = 0%
; retract_layer_change = 0
; retract_length = 2
; retract_length_toolchange = 10
; retract_lift = 0
; retract_lift_above = 0
; retract_lift_below = 0
; retract_restart_extra = 0
; retract_restart_extra_toolchange = 0
; retract_speed = 40
; scarf_seam_entire_loop = 0
; scarf_seam_length = 20
; scarf_seam_max_segment_length = 1
; scarf_seam_on_inner_perimeters = 0
; scarf_seam_only_on_smooth = 1
; scarf_seam_placement = nowhere
; scarf_seam_start_height = 0%
; seam_gap_distance = 15%
; seam_position = aligned
; silent_mode = 1
; single_extruder_multi_material = 0
; single_extruder_multi_material_priming = 1
; skirt_distance = 6
; skirt_height = 1
; skirts = 0
; slice_closing_radius = 0.049
; slicing_mode = regular
; slowdown_below_layer_time = 5
; small_perimeter_speed = 20
; solid_infill_acceleration = 0
; solid_infill_below_area = 70
; solid_infill_every_layers = 0
; solid_infill_extruder = 1
; solid_infill_extrusion_width = 0
; solid_infill_speed = 20
; spiral_vase = 0
; staggered_inner_seams = 0
; standby_temperature_delta = -5
; start_filament_gcode = "; Filament gcode\n"
; start_gcode = M862.3 P "[printer_model]" ; printer model check\nM862.1 P[nozzle_diameter] ; nozzle diameter check\nM115 U3.2.3 ; tell printer latest fw version\nG90 ; use absolute coordinates\nM83 ; extruder relative mode\nM204 S[machine_max_acceleration_extruding] T[machine_max_acceleration_retracting] ; MK2 firmware only supports the old M204 format\nM104 S[first_layer_temperature] ; set extruder temp\nM140 S[first_layer_bed_temperature] ; set bed temp\nM190 S[first_layer_bed_temperature] ; wait for bed temp\nM109 S[first_layer_temperature] ; wait for extruder temp\nG28 W ; home all without mesh bed level\nG80 ; mesh bed leveling\nG1 Z0.2 F720\nG1 Y-2 F1000 ; go outside print area\nG92 E0\nG1 X60 E9 F1000 ; intro line\nG1 X100 E12.5 F1000 ; intro line\nG92 E0
; support_material = 0
; support_material_angle = 0
; support_material_auto = 1
; support_material_bottom_contact_distance = 0
; support_material_bottom_interface_layers = -1
; support_material_buildplate_only = 0
; support_material_closing_radius = 2
; support_material_contact_distance = 0.2
; support_material_enforce_layers = 0
; support_material_extruder = 1
; support_material_extrusion_width = 0
; support_material_interface_contact_loops = 0
; support_material_interface_extruder = 1
; support_material_interface_layers = 3
; support_material_interface_pattern = rectilinear
; support_material_interface_spacing = 0
; support_material_interface_speed = 100%
; support_material_pattern = rectilinear
; support_material_spacing = 2.5
; support_material_speed = 60
; support_material_style = grid
; support_material_synchronize_layers = 0
; support_material_threshold = 0
; support_material_with_sheath = 1
; support_material_xy_spacing = 50%
; support_tree_angle = 40
; support_tree_angle_slow = 25
; support_tree_branch_diameter = 2
; support_tree_branch_diameter_angle = 5
; support_tree_branch_diameter_double_wall = 3
; support_tree_branch_distance = 1
; support_tree_tip_diameter = 0.8
; support_tree_top_rate = 15%
; temperature = 215
; template_custom_gcode = 
; thick_bridges = 1
; thin_walls = 1
; thumbnails = 
; thumbnails_format = PNG
; toolchange_gcode = 
; top_fill_pattern = monotonic
; top_infill_extrusion_width = 0
; top_one_perimeter_type = none
; top_solid_infill_acceleration = 0
; top_solid_infill_speed = 15
; top_solid_layers = 3
; top_solid_min_thickness = 0
; travel_acceleration = 0
; travel_lift_before_obstacle = 0
; travel_max_lift = 0
; travel_ramping_lift = 0
; travel_short_distance_acceleration = 0
; travel_slope = 0
; travel_speed = 130
; travel_speed_z = 0
; use_firmware_retraction = 0
; use_relative_e_distances = 0
; use_volumetric_e = 0
; variable_layer_height = 1
; wall_distribution_count = 1
; wall_transition_angle = 10
; wall_transition_filter_deviation = 25%
; wall_transition_length = 100%
; wipe = 0
; wipe_into_infill = 0
; wipe_into_objects = 0
; wipe_tower = 0
; wipe_tower_acceleration = 0
; wipe_tower_bridging = 10
; wipe_tower_brim_width = 2
; wipe_tower_cone_angle = 0
; wipe_tower_extra_flow = 100%
; wipe_tower_extra_spacing = 100%
; wipe_tower_extruder = 0
; wipe_tower_no_sparse_layers = 0
; wipe_tower_width = 60
; wiping_volumes_matrix = 0,140,140,140,140,140,0,140,140,140,140,140,0,140,140,140,140,140,0,140,140,140,140,140,0
; wiping_volumes_use_custom_matrix = 0
; xy_size_compensation = 0
; z_offset = 0
; prusaslicer_config = end
M84 ; disable motors
