; generated by PrusaSlicer 2.9.4 on 2026-06-26 at 05:01:28 UTC

; 

; external perimeters extrusion width = 0.45mm
; perimeters extrusion width = 0.45mm
; infill extrusion width = 0.45mm
; solid infill extrusion width = 0.45mm
; top infill extrusion width = 0.40mm
; first layer extrusion width = 0.70mm

;TYPE:Custom
M862.3 P "MK2S" ; printer model check
M862.1 P0.4 ; nozzle diameter check
M115 U3.2.3 ; tell printer latest fw version
G90 ; use absolute coordinates
M83 ; extruder relative mode
M204 S2000 T1500 ; MK2 firmware only supports the old M204 format
M104 S215 ; set extruder temp
M140 S55 ; set bed temp
M190 S55 ; wait for bed temp
M109 S215 ; wait for extruder temp
G28 W ; home all without mesh bed level
G80 ; mesh bed leveling
G1 Z0.2 F720
G1 Y-2 F1000 ; go outside print area
G92 E0
G1 X60 E9 F1000 ; intro line
G1 X100 E12.5 F1000 ; intro line
G92 E0
G21 ; set units to millimeters
G90 ; use absolute coordinates
M82 ; use absolute distances for extrusion
G92 E0
; Filament gcode
M107
;LAYER_CHANGE
;Z:0.35
;HEIGHT:0.35
G1 E-2 F2400
G92 E0
G1 Z.35 F7800
G92 E0
G1 X103.902 Y164.817
G1 E2 F2400
;TYPE:External perimeter
;WIDTH:0.415111
G1 F1800
G1 X103.902 Y139.733 E3.24102
G1 X103.902 Y140.133 F7800
G1 E1.24102 F2400
G92 E0
G1 X55.201 Y164.817 F7800
G1 E2 F2400
G1 F1800
G1 X55.201 Y139.733 E3.24102
G1 X55.201 Y140.133 F7800
G1 E1.24102 F2400
G92 E0
G1 X58.925 Y142.381 F7800
G1 E2 F2400
;TYPE:Perimeter
;WIDTH:0.7
G1 F1800
G1 X58.946 Y142.463 E2.0077
G1 X59.486 Y142.983 E2.07587
G1 X94.785 Y163.363 E5.78214
G1 X58.405 Y163.363 E9.09016
G1 X58.405 Y142.619 E10.9764
G1 X58.384 Y142.372 E10.99894
;WIDTH:0.659444
G1 X58.364 Y142.124 E11.0201
;WIDTH:0.618889
G1 X58.344 Y141.877 E11.03971
;WIDTH:0.578333
G1 X58.324 Y141.63 E11.05786
;WIDTH:0.537778
G1 X58.324 Y141.106 E11.09314
G1 X58.786 Y141.106 E11.12424
G1 X58.786 Y141.338 E11.13986
;WIDTH:0.550753
G1 X58.802 Y141.887 E11.17787
;WIDTH:0.600502
G1 X58.85 Y142.079 E11.193
;WIDTH:0.650251
G1 X58.898 Y142.271 E11.20956
;WIDTH:0.7
G1 X58.911 Y142.323 E11.21443
G1 X59.46 Y142.092 F7800
G1 F1800
G1 X59.474 Y142.13 E11.21811
G1 X59.799 Y142.442 E11.25908
G1 X97.117 Y163.988 E15.17735
G1 X57.78 Y163.988 E18.75424
G1 X57.78 Y140.563 E20.88426
G1 X59.33 Y140.563 E21.0252
G1 X59.344 Y141.792 E21.13696
G1 X59.438 Y142.036 E21.16074
G1 X59.999 Y141.782 F7800
;TYPE:External perimeter
G1 F1800
G1 X60.003 Y141.797 E21.16215
G1 X60.111 Y141.901 E21.17578
G1 X99.45 Y164.613 E25.30621
G1 X57.155 Y164.613 E29.15207
G1 X57.155 Y139.938 E31.39576
G1 X59.955 Y139.938 E31.65036
G1 X59.955 Y141.63 E31.80421
G1 X59.982 Y141.725 E31.81319
G1 X60.282 Y141.989 F7800
G1 E29.81319 F2400
G92 E0
G1 X90.196 Y160.929 F7800
G1 E2 F2400
;TYPE:Solid infill
;WIDTH:0.71456
G1 F1800
G1 X92.16 Y162.894 E2.25851
G1 X91.256 Y162.894 E2.34263
G1 X88.824 Y160.462 E2.66266
G1 X86.685 Y159.227 E2.89248
G1 X90.352 Y162.894 E3.37502
G1 X89.447 Y162.894 E3.45923
G1 X84.545 Y157.992 E4.10428
G1 X82.405 Y156.756 E4.33423
G1 X88.543 Y162.894 E5.14193
G1 X87.639 Y162.894 E5.22605
G1 X80.266 Y155.521 E6.19626
G1 X78.126 Y154.286 E6.42616
G1 X86.734 Y162.894 E7.55889
G1 X85.83 Y162.894 E7.64301
G1 X75.986 Y153.05 E8.93838
G1 X73.847 Y151.815 E9.1682
G1 X84.926 Y162.894 E10.62609
G1 X84.022 Y162.894 E10.71021
G1 X71.707 Y150.58 E12.33068
G1 X69.568 Y149.344 E12.56055
G1 X83.117 Y162.894 E14.34353
G1 X82.213 Y162.894 E14.42765
G1 X67.428 Y148.109 E16.37321
G1 X65.288 Y146.874 E16.60311
G1 X81.309 Y162.894 E18.71125
G1 X80.404 Y162.894 E18.79546
G1 X63.149 Y145.639 E21.06605
G1 X61.009 Y144.403 E21.296
G1 X79.5 Y162.894 E23.72923
G1 X78.596 Y162.894 E23.81335
G1 X58.873 Y143.172 E26.40863
G1 X58.873 Y144.076 E26.49275
G1 X77.691 Y162.894 E28.96901
G1 X76.787 Y162.894 E29.05313
G1 X58.873 Y144.981 E31.41037
G1 X58.873 Y145.885 E31.49449
G1 X75.883 Y162.894 E33.73277
G1 X74.978 Y162.894 E33.81698
G1 X58.873 Y146.789 E35.93624
G1 X58.873 Y147.694 E36.02045
G1 X74.074 Y162.894 E38.02068
G1 X73.17 Y162.894 E38.1048
G1 X58.873 Y148.598 E39.98608
G1 X58.873 Y149.502 E40.0702
G1 X72.265 Y162.894 E41.83245
G1 X71.361 Y162.894 E41.91657
G1 X58.873 Y150.407 E43.5598
G1 X58.873 Y151.311 E43.64392
G1 X70.457 Y162.894 E45.16819
G1 X69.552 Y162.894 E45.2524
G1 X58.873 Y152.215 E46.65765
G1 X58.873 Y153.119 E46.74177
G1 X68.648 Y162.894 E48.02806
G1 X67.744 Y162.894 E48.11218
G1 X58.873 Y154.024 E49.27945
G1 X58.873 Y154.928 E49.36357
G1 X66.839 Y162.894 E50.41182
G1 X65.935 Y162.894 E50.49594
G1 X58.873 Y155.832 E51.42523
G1 X58.873 Y156.737 E51.50944
G1 X65.031 Y162.894 E52.31971
G1 X64.127 Y162.894 E52.40383
G1 X58.873 Y157.641 E53.09514
G1 X58.873 Y158.545 E53.17926
G1 X63.222 Y162.894 E53.75155
G1 X62.318 Y162.894 E53.83567
G1 X58.873 Y159.45 E54.28893
G1 X58.873 Y160.354 E54.37305
G1 X61.414 Y162.894 E54.70735
G1 X60.509 Y162.894 E54.79156
G1 X58.873 Y161.258 E55.00684
G1 X58.873 Y162.163 E55.09105
G1 X59.886 Y163.175 E55.22428
G1 E53.22428 F2400
G92 E0
G1 X55.201 Y136.442 F7800
G1 E2 F2400
;TYPE:External perimeter
;WIDTH:0.415111
G1 F1800
G1 X55.201 Y59.731 E5.79523
G1 X55.201 Y60.131 F7800
G1 E3.79523 F2400
G92 E0
G1 X61.438 Y60.717 F7800
G1 E2 F2400
;TYPE:Perimeter
;WIDTH:0.7
G1 F1800
G1 X61.631 Y60.506 E2.026
G1 X61.833 Y60.09 E2.06805
G1 X61.905 Y59.623 E2.11102
G1 X61.905 Y48.387 E3.1327
G1 X137.496 Y48.387 E10.00615
G1 X58.405 Y132.549 E20.50787
G1 X58.405 Y61.185 E26.99696
G1 X60.343 Y61.185 E27.17318
G1 X60.893 Y61.085 E27.22401
G1 X61.333 Y60.831 E27.27021
G1 X61.397 Y60.761 E27.27883
G1 X60.999 Y60.283 F7800
G1 F1800
G1 X61.032 Y60.258 E27.28259
G1 X61.212 Y59.974 E27.31316
G1 X61.28 Y59.623 E27.34567
G1 X61.28 Y47.762 E28.42419
G1 X138.941 Y47.762 E35.48587
G1 X57.78 Y134.127 E46.26247
G1 X57.78 Y60.56 E52.95188
G1 X60.477 Y60.56 E53.19712
G1 X60.784 Y60.45 E53.22677
G1 X60.952 Y60.32 E53.24609
G1 X60.554 Y59.839 F7800
;TYPE:External perimeter
G1 F1800
G1 X60.583 Y59.822 E53.24915
G1 X60.655 Y59.623 E53.26839
G1 X60.655 Y47.137 E54.40374
G1 X140.386 Y47.137 E61.65364
G1 X57.155 Y135.704 E72.70504
G1 X57.155 Y59.935 E79.59468
G1 X60.394 Y59.935 E79.8892
G1 X60.503 Y59.87 E79.90074
G1 X60.644 Y59.496 F7800
G1 E77.90074 F2400
G92 E0
G1 X136.469 Y49.207 F7800
G1 E2 F2400
;TYPE:Solid infill
;WIDTH:0.701791
G1 F1800
G1 X136.118 Y48.856 E2.04527
G1 X135.232 Y48.856 E2.12606
G1 X135.841 Y49.465 E2.2046
G1 X135.411 Y49.921 E2.26175
G1 X134.346 Y48.856 E2.39909
G1 X133.459 Y48.856 E2.47998
G1 X134.982 Y50.378 E2.67633
G1 X134.553 Y50.835 E2.73349
G1 X132.573 Y48.856 E2.98877
G1 X131.687 Y48.856 E3.06956
G1 X134.123 Y51.292 E3.38371
G1 X133.694 Y51.749 E3.44087
G1 X130.801 Y48.856 E3.81396
G1 X129.914 Y48.856 E3.89485
G1 X133.264 Y52.206 E4.32687
G1 X132.835 Y52.663 E4.38403
G1 X129.028 Y48.856 E4.87499
G1 X128.142 Y48.856 E4.95578
G1 X132.406 Y53.12 E5.50568
G1 X131.976 Y53.577 E5.5629
G1 X127.255 Y48.856 E6.17173
G1 X126.369 Y48.856 E6.25252
G1 X131.547 Y54.034 E6.92029
G1 X131.118 Y54.49 E6.97738
G1 X125.483 Y48.856 E7.70402
G1 X124.597 Y48.856 E7.78481
G1 X130.688 Y54.947 E8.57032
G1 X130.259 Y55.404 E8.62748
G1 X123.71 Y48.856 E9.47199
G1 X122.824 Y48.856 E9.55278
G1 X129.829 Y55.861 E10.45616
G1 X129.4 Y56.318 E10.51332
G1 X121.938 Y48.856 E11.47564
G1 X121.052 Y48.856 E11.55643
G1 X128.971 Y56.775 E12.57768
G1 X128.541 Y57.232 E12.6349
G1 X120.165 Y48.856 E13.71509
G1 X119.279 Y48.856 E13.79588
G1 X128.112 Y57.689 E14.935
G1 X127.683 Y58.146 E14.99216
G1 X118.393 Y48.856 E16.19022
G1 X117.507 Y48.856 E16.27101
G1 X127.253 Y58.602 E17.52788
G1 X126.824 Y59.059 E17.58504
G1 X116.62 Y48.856 E18.90091
G1 X115.734 Y48.856 E18.9817
G1 X126.395 Y59.516 E20.3565
G1 X125.965 Y59.973 E20.41372
G1 X114.848 Y48.856 E21.84739
G1 X113.962 Y48.856 E21.92818
G1 X125.536 Y60.43 E23.42079
G1 X125.106 Y60.887 E23.47801
G1 X113.075 Y48.856 E25.02956
G1 X112.189 Y48.856 E25.11035
G1 X124.677 Y61.344 E26.72083
G1 X124.248 Y61.801 E26.77799
G1 X111.303 Y48.856 E28.44741
G1 X110.417 Y48.856 E28.5282
G1 X123.818 Y62.258 E30.25649
G1 X123.389 Y62.714 E30.31358
G1 X109.53 Y48.856 E32.1008
G1 X108.644 Y48.856 E32.18159
G1 X122.96 Y63.171 E34.02775
G1 X122.53 Y63.628 E34.08497
G1 X107.758 Y48.856 E35.99
G1 X106.872 Y48.856 E36.07079
G1 X122.101 Y64.085 E38.03476
G1 X121.672 Y64.542 E38.09192
G1 X105.985 Y48.856 E40.11489
G1 X105.099 Y48.856 E40.19568
G1 X121.242 Y64.999 E42.27752
G1 X120.813 Y65.456 E42.33468
G1 X104.213 Y48.856 E44.47545
G1 X103.326 Y48.856 E44.55634
G1 X120.383 Y65.913 E46.75605
G1 X119.954 Y66.37 E46.81321
G1 X102.44 Y48.856 E49.07186
G1 X101.554 Y48.856 E49.15265
G1 X119.525 Y66.827 E51.47023
G1 X119.095 Y67.283 E51.52738
G1 X100.668 Y48.856 E53.90377
G1 X99.781 Y48.856 E53.98466
G1 X118.666 Y67.74 E56.42005
G1 X118.237 Y68.197 E56.47721
G1 X98.895 Y48.856 E58.97154
G1 X98.009 Y48.856 E59.05233
G1 X117.807 Y68.654 E61.60553
G1 X117.378 Y69.111 E61.66269
G1 X97.123 Y48.856 E64.27482
G1 X96.236 Y48.856 E64.35571
G1 X116.949 Y69.568 E67.02684
G1 X116.519 Y70.025 E67.08406
G1 X95.35 Y48.856 E69.81406
G1 X94.464 Y48.856 E69.89485
G1 X116.09 Y70.482 E72.68379
G1 X115.66 Y70.939 E72.74101
G1 X93.578 Y48.856 E75.58882
G1 X92.691 Y48.856 E75.66971
G1 X115.231 Y71.395 E78.57646
G1 X114.802 Y71.852 E78.63362
G1 X91.805 Y48.856 E81.5993
G1 X90.919 Y48.856 E81.68009
G1 X114.372 Y72.309 E84.70464
G1 X113.943 Y72.766 E84.7618
G1 X90.033 Y48.856 E87.84529
G1 X89.146 Y48.856 E87.92618
G1 X113.514 Y73.223 E91.06867
G1 X113.084 Y73.68 E91.12589
G1 X88.26 Y48.856 E94.32725
G1 X87.374 Y48.856 E94.40804
G1 X112.655 Y74.137 E97.66834
G1 X112.225 Y74.594 E97.72556
G1 X86.488 Y48.856 E101.04473
G1 X85.601 Y48.856 E101.12562
G1 X111.796 Y75.051 E104.50379
G1 X111.367 Y75.508 E104.56095
G1 X84.715 Y48.856 E107.99805
G1 X83.829 Y48.856 E108.07884
G1 X110.937 Y75.964 E111.57475
G1 X110.508 Y76.421 E111.63191
G1 X82.943 Y48.856 E115.18676
G1 X82.056 Y48.856 E115.26765
G1 X110.079 Y76.878 E118.8815
G1 X109.649 Y77.335 E118.93872
G1 X81.17 Y48.856 E122.61144
G1 X80.284 Y48.856 E122.69223
G1 X109.22 Y77.792 E126.42388
G1 X108.791 Y78.249 E126.48104
G1 X79.397 Y48.856 E130.27169
G1 X78.511 Y48.856 E130.35248
G1 X108.361 Y78.706 E134.20201
G1 X107.932 Y79.163 E134.25917
G1 X77.625 Y48.856 E138.16763
G1 X76.739 Y48.856 E138.24842
G1 X107.502 Y79.62 E142.21575
G1 X107.073 Y80.076 E142.27284
G1 X75.852 Y48.856 E146.29911
G1 X74.966 Y48.856 E146.3799
G1 X106.644 Y80.533 E150.4651
G1 X106.214 Y80.99 E150.52232
G1 X74.08 Y48.856 E154.6664
G1 X73.194 Y48.856 E154.74719
G1 X105.785 Y81.447 E158.9502
G1 X105.356 Y81.904 E159.00736
G1 X72.307 Y48.856 E163.26937
G1 X71.421 Y48.856 E163.35016
G1 X104.926 Y82.361 E167.67104
G1 X104.497 Y82.818 E167.7282
G1 X70.535 Y48.856 E172.10802
G1 X69.649 Y48.856 E172.18881
G1 X104.068 Y83.275 E176.62756
G1 X103.638 Y83.732 E176.68478
G1 X68.762 Y48.856 E181.18247
G1 X67.876 Y48.856 E181.26326
G1 X103.209 Y84.188 E185.81982
G1 X102.779 Y84.645 E185.87704
G1 X66.99 Y48.856 E190.49247
G1 X66.104 Y48.856 E190.57326
G1 X102.35 Y85.102 E195.24763
G1 X101.921 Y85.559 E195.30479
G1 X65.217 Y48.856 E200.03816
G1 X64.331 Y48.856 E200.11895
G1 X101.491 Y86.016 E204.91119
G1 X101.062 Y86.473 E204.96835
G1 X63.445 Y48.856 E209.81953
G1 X62.559 Y48.856 E209.90032
G1 X100.633 Y86.93 E214.81043
G1 X100.203 Y87.387 E214.86765
G1 X62.373 Y49.557 E219.7463
G1 X62.373 Y50.443 E219.82709
G1 X99.774 Y87.844 E224.65041
G1 X99.344 Y88.301 E224.70763
G1 X62.373 Y51.329 E229.47556
G1 X62.373 Y52.216 E229.55645
G1 X98.915 Y88.757 E234.26893
G1 X98.486 Y89.214 E234.32609
G1 X62.373 Y53.102 E238.98324
G1 X62.373 Y53.988 E239.06403
G1 X98.056 Y89.671 E243.66579
G1 X97.627 Y90.128 E243.72295
G1 X62.373 Y54.874 E248.26939
G1 X62.373 Y55.761 E248.35028
G1 X97.198 Y90.585 E252.84133
G1 X96.768 Y91.042 E252.89855
G1 X62.373 Y56.647 E257.33421
G1 X62.373 Y57.533 E257.415
G1 X96.339 Y91.499 E261.79533
G1 X95.91 Y91.956 E261.85249
G1 X62.373 Y58.42 E266.17744
G1 X62.373 Y59.306 E266.25823
G1 X95.48 Y92.413 E270.52779
G1 X95.051 Y92.869 E270.58488
G1 X62.309 Y60.127 E274.80736
G1 X62.139 Y60.571 E274.85071
G1 X62.036 Y60.741 E274.86884
G1 X94.621 Y93.326 E279.07108
G1 X94.192 Y93.783 E279.12824
G1 X61.607 Y61.198 E283.33048
G1 X61.49 Y61.299 E283.34457
G1 X61.299 Y61.415 E283.36495
G1 X61.049 Y61.527 E283.38993
G1 X93.763 Y94.24 E287.60874
G1 X93.333 Y94.697 E287.66596
G1 X60.29 Y61.654 E291.92726
G1 X59.404 Y61.654 E292.00805
G1 X92.904 Y95.154 E296.32829
G1 X92.475 Y95.611 E296.38545
G1 X58.873 Y62.01 E300.71878
G1 X58.873 Y62.896 E300.79957
G1 X92.045 Y96.068 E305.07751
G1 X91.616 Y96.525 E305.13467
G1 X58.873 Y63.782 E309.35728
G1 X58.873 Y64.668 E309.43807
G1 X91.187 Y96.981 E313.60529
G1 X90.757 Y97.438 E313.66251
G1 X58.873 Y65.555 E317.77428
G1 X58.873 Y66.441 E317.85507
G1 X90.328 Y97.895 E321.91152
G1 X89.898 Y98.352 E321.96874
G1 X58.873 Y67.327 E325.9698
G1 X58.873 Y68.213 E326.05059
G1 X89.469 Y98.809 E329.99632
G1 X89.04 Y99.266 E330.05348
G1 X58.873 Y69.1 E333.94382
G1 X58.873 Y69.986 E334.02461
G1 X88.61 Y99.723 E337.85956
G1 X88.181 Y100.18 E337.91672
G1 X58.873 Y70.872 E341.69635
G1 X58.873 Y71.758 E341.77714
G1 X87.752 Y100.637 E345.50144
G1 X87.322 Y101.094 E345.55866
G1 X58.873 Y72.645 E349.22751
G1 X58.873 Y73.531 E349.3083
G1 X86.893 Y101.55 E352.92176
G1 X86.463 Y102.007 E352.97898
G1 X58.873 Y74.417 E356.53705
G1 X58.873 Y75.303 E356.61784
G1 X86.034 Y102.464 E360.12059
G1 X85.605 Y102.921 E360.17775
G1 X58.873 Y76.19 E363.62511
G1 X58.873 Y77.076 E363.7059
G1 X85.175 Y103.378 E367.09787
G1 X84.746 Y103.835 E367.15503
G1 X58.873 Y77.962 E370.49167
G1 X58.873 Y78.849 E370.57256
G1 X84.317 Y104.292 E373.85381
G1 X83.887 Y104.749 E373.91103
G1 X58.873 Y79.735 E377.13689
G1 X58.873 Y80.621 E377.21768
G1 X83.458 Y105.206 E380.38822
G1 X83.029 Y105.662 E380.44531
G1 X58.873 Y81.507 E383.56046
G1 X58.873 Y82.394 E383.64135
G1 X82.599 Y106.119 E386.70105
G1 X82.17 Y106.576 E386.75821
G1 X58.873 Y83.28 E389.76258
G1 X58.873 Y84.166 E389.84337
G1 X81.74 Y107.033 E392.79235
G1 X81.311 Y107.49 E392.84951
G1 X58.873 Y85.052 E395.74317
G1 X58.873 Y85.939 E395.82406
G1 X80.882 Y107.947 E398.66233
G1 X80.452 Y108.404 E398.71955
G1 X58.873 Y86.825 E401.50243
G1 X58.873 Y87.711 E401.58322
G1 X80.023 Y108.861 E404.31077
G1 X79.594 Y109.318 E404.36793
G1 X58.873 Y88.597 E407.04016
G1 X58.873 Y89.484 E407.12105
G1 X79.164 Y109.774 E409.73776
G1 X78.735 Y110.231 E409.79492
G1 X58.873 Y90.37 E412.35631
G1 X58.873 Y91.256 E412.4371
G1 X78.306 Y110.688 E414.94316
G1 X77.876 Y111.145 E415.00038
G1 X58.873 Y92.142 E417.45105
G1 X58.873 Y93.029 E417.53194
G1 X77.447 Y111.602 E419.92722
G1 X77.017 Y112.059 E419.98444
G1 X58.873 Y93.915 E422.32433
G1 X58.873 Y94.801 E422.40512
G1 X76.588 Y112.516 E424.68969
G1 X76.159 Y112.973 E424.74685
G1 X58.873 Y95.687 E426.97609
G1 X58.873 Y96.574 E427.05698
G1 X75.729 Y113.43 E429.23077
G1 X75.3 Y113.887 E429.28793
G1 X58.873 Y97.46 E431.40639
G1 X58.873 Y98.346 E431.48718
G1 X74.871 Y114.343 E433.55026
G1 X74.441 Y114.8 E433.60748
G1 X58.873 Y99.232 E435.61517
G1 X58.873 Y100.119 E435.69606
G1 X74.012 Y115.257 E437.64836
G1 X73.583 Y115.714 E437.70552
G1 X58.873 Y101.005 E439.60249
G1 X58.873 Y101.891 E439.68328
G1 X73.153 Y116.171 E441.52486
G1 X72.724 Y116.628 E441.58202
G1 X58.873 Y102.778 E443.36821
G1 X58.873 Y103.664 E443.449
G1 X72.294 Y117.085 E445.1798
G1 X71.865 Y117.542 E445.23696
G1 X58.873 Y104.55 E446.91244
G1 X58.873 Y105.436 E446.99323
G1 X71.436 Y117.999 E448.61338
G1 X71.006 Y118.455 E448.67053
G1 X58.873 Y106.323 E450.23517
G1 X58.873 Y107.209 E450.31596
G1 X70.577 Y118.912 E451.82527
G1 X70.148 Y119.369 E451.88243
G1 X58.873 Y108.095 E453.33642
G1 X58.873 Y108.981 E453.41721
G1 X69.718 Y119.826 E454.81581
G1 X69.289 Y120.283 E454.87297
G1 X58.873 Y109.868 E456.21618
G1 X58.873 Y110.754 E456.29697
G1 X68.859 Y120.74 E457.58479
G1 X68.43 Y121.197 E457.64195
G1 X58.873 Y111.64 E458.87444
G1 X58.873 Y112.526 E458.95523
G1 X68.001 Y121.654 E460.1324
G1 X67.571 Y122.111 E460.18962
G1 X58.873 Y113.413 E461.31133
G1 X58.873 Y114.299 E461.39212
G1 X67.142 Y122.567 E462.45845
G1 X66.713 Y123.024 E462.51561
G1 X58.873 Y115.185 E463.52661
G1 X58.873 Y116.071 E463.6074
G1 X66.283 Y123.481 E464.56301
G1 X65.854 Y123.938 E464.62017
G1 X58.873 Y116.958 E465.52039
G1 X58.873 Y117.844 E465.60118
G1 X65.425 Y124.395 E466.44608
G1 X64.995 Y124.852 E466.5033
G1 X58.873 Y118.73 E467.29281
G1 X58.873 Y119.616 E467.3736
G1 X64.566 Y125.309 E468.10778
G1 X64.136 Y125.766 E468.165
G1 X58.873 Y120.503 E468.84373
G1 X58.873 Y121.389 E468.92452
G1 X63.707 Y126.223 E469.54792
G1 X63.278 Y126.68 E469.60508
G1 X58.873 Y122.275 E470.17316
G1 X58.873 Y123.161 E470.25395
G1 X62.848 Y127.136 E470.76658
G1 X62.419 Y127.593 E470.82374
G1 X58.873 Y124.048 E471.28098
G1 X58.873 Y124.934 E471.36177
G1 X61.99 Y128.05 E471.76368
G1 X61.56 Y128.507 E471.8209
G1 X58.873 Y125.82 E472.16742
G1 X58.873 Y126.707 E472.24831
G1 X61.131 Y128.964 E472.53944
G1 X60.702 Y129.421 E472.5966
G1 X58.873 Y127.593 E472.83241
G1 X58.873 Y128.479 E472.9132
G1 X60.272 Y129.878 E473.09362
G1 X59.843 Y130.335 E473.15078
G1 X58.873 Y129.365 E473.27587
G1 X58.873 Y130.252 E473.35676
G1 X59.413 Y130.792 E473.4264
G1 X58.984 Y131.248 E473.48349
G1 X58.592 Y130.857 E473.53398
G1 E471.53398 F2400
G92 E0
G1 X60.451 Y45.183 F7800
G1 E2 F2400
;TYPE:External perimeter
;WIDTH:0.415111
G1 F1800
G1 X141.049 Y45.183 E5.98754
G1 X140.649 Y45.183 F7800
G1 E3.98754 F2400
G92 E0
G1 X169.743 Y154.308 F7800
G1 E2 F2400
;TYPE:Perimeter
;WIDTH:0.7
G1 F1800
G1 X169.618 Y154.511 E2.02168
G1 X169.57 Y154.858 E2.05353
G1 X169.522 Y154.511 E2.08538
G1 X169.218 Y154.015 E2.13828
G1 X168.77 Y153.673 E2.18953
G1 X168.485 Y153.561 E2.21737
G1 X168.061 Y153.503 E2.25628
G1 X145.795 Y153.503 E4.28092
G1 X145.795 Y142.398 E5.29069
G1 X145.644 Y141.89 E5.33888
G1 X145.365 Y141.484 E5.38367
G1 X144.96 Y141.178 E5.42983
G1 X144.778 Y141.156 E5.4465
;WIDTH:0.652682
G1 X144.596 Y141.135 E5.4619
;WIDTH:0.605365
G1 X144.414 Y141.114 E5.47604
;WIDTH:0.558048
G1 X144.233 Y141.093 E5.48884
G1 X144.414 Y141.072 E5.50164
;WIDTH:0.605365
G1 X144.596 Y141.05 E5.51579
;WIDTH:0.652682
G1 X144.778 Y141.029 E5.53119
;WIDTH:0.7
G1 X144.96 Y141.008 E5.54785
G1 X145.365 Y140.701 E5.59406
G1 X145.552 Y140.461 E5.62173
G1 X145.722 Y140.097 E5.65826
G1 X145.795 Y139.625 E5.70169
G1 X145.795 Y64.959 E12.49103
G1 X193.345 Y64.959 E16.81473
G1 X193.345 Y153.503 E24.86599
G1 X170.891 Y153.503 E26.90772
G1 X170.37 Y153.673 E26.95755
G1 X169.922 Y154.015 E27.0088
G1 X169.774 Y154.257 E27.03459
G1 X169.604 Y155.23 F7800
;WIDTH:0.626177
G1 F1800
G1 X169.536 Y155.23 E27.04004
G1 X169.501 Y155.29 E27.04561
G1 X169.536 Y155.35 E27.05118
G1 X169.604 Y155.35 E27.05663
G1 X169.639 Y155.29 E27.0622
G1 E25.0622 F2400
G92 E0
G1 X107.106 Y142.028 F7800
G1 E2 F2400
;WIDTH:0.7
G1 F1800
G1 X107.106 Y141.187 E2.07647
G1 X143.446 Y141.187 E5.38085
G1 X143.579 Y141.167 E5.39308
;WIDTH:0.658243
G1 X143.712 Y141.146 E5.40451
;WIDTH:0.616486
G1 X143.844 Y141.125 E5.41504
;WIDTH:0.574729
G1 X143.977 Y141.104 E5.42483
G1 X143.846 Y141.13 E5.43454
;WIDTH:0.616486
G1 X143.714 Y141.156 E5.44514
;WIDTH:0.658243
G1 X143.583 Y141.182 E5.45647
;WIDTH:0.7
G1 X143.451 Y141.207 E5.46869
G1 X108.187 Y161.567 E9.1713
G1 X107.646 Y162.088 E9.2396
G1 X107.607 Y162.296 E9.25884
;WIDTH:0.659445
G1 X107.567 Y162.504 E9.27685
;WIDTH:0.61889
G1 X107.527 Y162.712 E9.29361
;WIDTH:0.578335
G1 X107.487 Y162.92 E9.30912
;WIDTH:0.53778
G1 X107.487 Y163.444 E9.3444
G1 X107.024 Y163.444 E9.37557
G1 X107.024 Y162.92 E9.41085
;WIDTH:0.578335
G1 X107.045 Y162.673 E9.429
;WIDTH:0.61889
G1 X107.065 Y162.426 E9.44861
;WIDTH:0.659445
G1 X107.085 Y162.179 E9.46968
;WIDTH:0.7
G1 X107.106 Y161.932 E9.49222
G1 X107.106 Y142.088 E11.29663
G1 E9.29663 F2400
G92 E0
G1 X143.977 Y141.104 F7800
G1 E2 F2400
;WIDTH:0.532973
G1 F1800
G1 X144.233 Y141.093 E2.01707
G1 E.01707 F2400
G92 E0
G1 X170.277 Y154.61 F7800
G1 E2 F2400
;WIDTH:0.7
G1 F1800
G1 X170.202 Y154.733 E2.0131
G1 X170.145 Y155.147 E2.0511
G1 X170.275 Y155.547 E2.08934
G1 X170.473 Y155.878 E2.12441
G1 X168.667 Y155.878 E2.28863
G1 X168.865 Y155.547 E2.3237
G1 X168.988 Y155.203 E2.35692
G1 X168.938 Y154.733 E2.3999
G1 X168.755 Y154.435 E2.4317
G1 X168.597 Y154.296 E2.45084
G1 X168.41 Y154.195 E2.47017
G1 X168.061 Y154.128 E2.50248
G1 X145.17 Y154.128 E4.58395
G1 X145.17 Y142.56 E5.63582
G1 X145.109 Y142.227 E5.6666
G1 X144.912 Y141.915 E5.70015
G1 X144.669 Y141.731 E5.72787
G1 X144.233 Y141.623 E5.76871
G1 X144.071 Y141.637 E5.7835
G1 X143.764 Y141.749 E5.81322
G1 X108.5 Y162.108 E9.51578
G1 X108.175 Y162.421 E9.55681
G1 X108.031 Y162.92 E9.60404
G1 X108.031 Y163.988 E9.70115
G1 X106.481 Y163.988 E9.84209
G1 X106.481 Y140.563 E11.97211
G1 X144.233 Y140.563 E15.40488
G1 X144.669 Y140.455 E15.44572
G1 X144.912 Y140.271 E15.47344
G1 X145.109 Y139.958 E15.50707
G1 X145.17 Y139.625 E15.53785
G1 X145.17 Y64.335 E22.38393
G1 X193.97 Y64.335 E26.82129
G1 X193.97 Y154.128 E34.98612
G1 X171.023 Y154.128 E37.07268
G1 X170.654 Y154.23 E37.10749
G1 X170.385 Y154.435 E37.13824
G1 X170.309 Y154.559 E37.15146
G1 X170.823 Y154.914 F7800
;TYPE:External perimeter
G1 F1800
G1 X170.787 Y154.954 E37.15635
G1 X170.767 Y155.092 E37.16903
G1 X170.811 Y155.226 E37.18185
G1 X171.577 Y156.503 E37.31726
G1 X167.563 Y156.503 E37.68225
G1 X168.375 Y155.15 E37.82573
G1 X168.353 Y154.954 E37.84366
G1 X168.24 Y154.809 E37.86038
G1 X168.061 Y154.753 E37.87743
G1 X144.545 Y154.753 E40.01573
G1 X144.545 Y142.531 E41.12707
G1 X144.459 Y142.345 E41.1457
G1 X144.233 Y142.248 E41.16806
G1 X144.076 Y142.29 E41.18284
G1 X108.812 Y162.65 E44.88545
G1 X108.704 Y162.754 E44.89908
G1 X108.656 Y162.92 E44.91479
G1 X108.656 Y164.613 E45.06873
G1 X105.856 Y164.613 E45.32333
G1 X105.856 Y139.938 E47.56702
G1 X143.977 Y139.938 E51.03334
G1 X144.378 Y139.902 E51.06995
G1 X144.496 Y139.792 E51.08462
G1 X144.545 Y139.625 E51.10045
G1 X144.545 Y63.71 E58.00336
G1 X194.595 Y63.71 E62.55438
G1 X194.595 Y154.753 E70.83288
G1 X171.079 Y154.753 E72.97118
G1 X170.937 Y154.787 E72.98446
G1 X170.863 Y154.87 E72.99457
G1 X170.845 Y155.269 F7800
G1 E70.99457 F2400
G92 E0
G1 X140.572 Y141.375 F7800
G1 E2 F2400
;TYPE:Solid infill
;WIDTH:0.708455
G1 F1800
G1 X141.177 Y141.98 E2.07885
G1 X140.609 Y142.307 E2.13925
G1 X139.957 Y141.656 E2.22416
G1 X139.062 Y141.656 E2.30664
G1 X140.041 Y142.635 E2.43424
G1 X139.473 Y142.963 E2.49469
G1 X138.166 Y141.656 E2.66504
G1 X137.27 Y141.656 E2.74762
G1 X138.905 Y143.291 E2.96072
G1 X138.337 Y143.619 E3.02117
G1 X136.375 Y141.656 E3.27695
G1 X135.479 Y141.656 E3.35953
G1 X137.77 Y143.947 E3.65812
G1 X137.202 Y144.275 E3.71857
G1 X134.583 Y141.656 E4.05991
G1 X133.688 Y141.656 E4.14239
G1 X136.634 Y144.602 E4.52635
G1 X136.066 Y144.93 E4.5868
G1 X132.792 Y141.656 E5.01351
G1 X131.896 Y141.656 E5.09609
G1 X135.498 Y145.258 E5.56555
G1 X134.93 Y145.586 E5.626
G1 X131 Y141.656 E6.13821
G1 X130.105 Y141.656 E6.22069
G1 X134.363 Y145.914 E6.77565
G1 X133.795 Y146.242 E6.8361
G1 X129.209 Y141.656 E7.43381
G1 X128.313 Y141.656 E7.51639
G1 X133.227 Y146.569 E8.15678
G1 X132.659 Y146.897 E8.21723
G1 X127.418 Y141.656 E8.90031
G1 X126.522 Y141.656 E8.98289
G1 X132.091 Y147.225 E9.70872
G1 X131.523 Y147.553 E9.76917
G1 X125.626 Y141.656 E10.53775
G1 X124.731 Y141.656 E10.62023
G1 X130.955 Y147.881 E11.43149
G1 X130.388 Y148.209 E11.49186
G1 X123.835 Y141.656 E12.34594
G1 X122.939 Y141.656 E12.42852
G1 X129.82 Y148.537 E13.32535
G1 X129.252 Y148.864 E13.38575
G1 X122.044 Y141.656 E14.3252
G1 X121.148 Y141.656 E14.40778
G1 X128.684 Y149.192 E15.38997
G1 X128.116 Y149.52 E15.45042
G1 X120.252 Y141.656 E16.47536
G1 X119.357 Y141.656 E16.55784
G1 X127.548 Y149.848 E17.62547
G1 X126.981 Y150.176 E17.68584
G1 X118.461 Y141.656 E18.79628
G1 X117.565 Y141.656 E18.87886
G1 X126.413 Y150.504 E20.03205
G1 X125.845 Y150.831 E20.09245
G1 X116.67 Y141.656 E21.28826
G1 X115.774 Y141.656 E21.37084
G1 X125.277 Y151.159 E22.6094
G1 X124.709 Y151.487 E22.66985
G1 X114.878 Y141.656 E23.95116
G1 X113.983 Y141.656 E24.03364
G1 X124.141 Y151.815 E25.35763
G1 X123.574 Y152.143 E25.418
G1 X113.087 Y141.656 E26.78481
G1 X112.191 Y141.656 E26.86739
G1 X123.006 Y152.471 E28.27695
G1 X122.438 Y152.798 E28.33735
G1 X111.295 Y141.656 E29.78959
G1 X110.4 Y141.656 E29.87207
G1 X121.87 Y153.126 E31.367
G1 X121.302 Y153.454 E31.42745
G1 X109.504 Y141.656 E32.96513
G1 X108.608 Y141.656 E33.04771
G1 X120.734 Y153.782 E34.62814
G1 X120.167 Y154.11 E34.68851
G1 X107.713 Y141.656 E36.31169
G1 X107.574 Y141.656 E36.3245
G1 X107.574 Y142.413 E36.39426
G1 X119.599 Y154.438 E37.96152
G1 X119.031 Y154.766 E38.02197
G1 X107.574 Y143.309 E39.5152
G1 X107.574 Y144.205 E39.59778
G1 X118.463 Y155.093 E41.01692
G1 X117.895 Y155.421 E41.07737
G1 X107.574 Y145.1 E42.42254
G1 X107.574 Y145.996 E42.50512
G1 X117.327 Y155.749 E43.77626
G1 X116.759 Y156.077 E43.83671
G1 X107.574 Y146.892 E45.03382
G1 X107.574 Y147.787 E45.1163
G1 X116.192 Y156.405 E46.23952
G1 X115.624 Y156.733 E46.29997
G1 X107.574 Y148.683 E47.34916
G1 X107.574 Y149.579 E47.43174
G1 X115.056 Y157.06 E48.40683
G1 X114.488 Y157.388 E48.46728
G1 X107.574 Y150.474 E49.36841
G1 X107.574 Y151.37 E49.45099
G1 X113.92 Y157.716 E50.27809
G1 X113.352 Y158.044 E50.33854
G1 X107.574 Y152.266 E51.09161
G1 X107.574 Y153.161 E51.17409
G1 X112.785 Y158.372 E51.85326
G1 X112.217 Y158.7 E51.91371
G1 X107.574 Y154.057 E52.51885
G1 X107.574 Y154.953 E52.60143
G1 X111.649 Y159.027 E53.13247
G1 X111.081 Y159.355 E53.19292
G1 X107.574 Y155.848 E53.65
G1 X107.574 Y156.744 E53.73258
G1 X110.513 Y159.683 E54.11563
G1 X109.945 Y160.011 E54.17608
G1 X107.574 Y157.64 E54.4851
G1 X107.574 Y158.536 E54.56768
G1 X109.378 Y160.339 E54.80274
G1 X108.81 Y160.667 E54.86319
G1 X107.574 Y159.431 E55.02428
G1 X107.574 Y160.327 E55.10686
G1 X108.242 Y160.995 E55.19392
G1 X107.936 Y161.171 E55.22645
G1 X107.725 Y161.374 E55.25343
G1 X107.293 Y160.941 E55.3098
G1 E53.3098 F2400
G92 E0
G1 X191.892 Y65.147 F7800
G1 E2 F2400
;WIDTH:0.701196
G1 F1800
G1 X192.877 Y66.131 E2.12684
G1 X192.877 Y67.017 E2.20756
G1 X191.288 Y65.428 E2.41229
G1 X190.402 Y65.428 E2.49301
G1 X192.877 Y67.902 E2.81182
G1 X192.877 Y68.788 E2.89254
G1 X189.517 Y65.428 E3.32544
G1 X188.632 Y65.428 E3.40607
G1 X192.877 Y69.673 E3.953
G1 X192.877 Y70.558 E4.03363
G1 X187.746 Y65.428 E4.69464
G1 X186.861 Y65.428 E4.77527
G1 X192.877 Y71.444 E5.55037
G1 X192.877 Y72.329 E5.631
G1 X185.975 Y65.428 E6.52019
G1 X185.09 Y65.428 E6.60082
G1 X192.877 Y73.215 E7.6041
G1 X192.877 Y74.1 E7.68473
G1 X184.204 Y65.428 E8.80209
G1 X183.319 Y65.428 E8.88272
G1 X192.877 Y74.986 E10.11417
G1 X192.877 Y75.871 E10.1948
G1 X182.434 Y65.428 E11.54027
G1 X181.548 Y65.428 E11.62099
G1 X192.877 Y76.756 E13.08055
G1 X192.877 Y77.642 E13.16127
G1 X180.663 Y65.428 E14.73492
G1 X179.777 Y65.428 E14.81564
G1 X192.877 Y78.527 E16.50338
G1 X192.877 Y79.413 E16.5841
G1 X178.892 Y65.428 E18.38593
G1 X178.007 Y65.428 E18.46656
G1 X192.877 Y80.298 E20.38241
G1 X192.877 Y81.183 E20.46304
G1 X177.121 Y65.428 E22.49298
G1 X176.236 Y65.428 E22.57361
G1 X192.877 Y82.069 E24.71763
G1 X192.877 Y82.954 E24.79826
G1 X175.35 Y65.428 E27.05637
G1 X174.465 Y65.428 E27.137
G1 X192.877 Y83.84 E29.5092
G1 X192.877 Y84.725 E29.58983
G1 X173.579 Y65.428 E32.07612
G1 X172.694 Y65.428 E32.15675
G1 X192.877 Y85.611 E34.75713
G1 X192.877 Y86.496 E34.83776
G1 X171.809 Y65.428 E37.55216
G1 X170.923 Y65.428 E37.63288
G1 X192.877 Y87.381 E40.46137
G1 X192.877 Y88.267 E40.54209
G1 X170.038 Y65.428 E43.48466
G1 X169.152 Y65.428 E43.56538
G1 X192.877 Y89.152 E46.62204
G1 X192.877 Y90.038 E46.70276
G1 X168.267 Y65.428 E49.87351
G1 X167.382 Y65.428 E49.95414
G1 X192.877 Y90.923 E53.23891
G1 X192.877 Y91.809 E53.31963
G1 X166.496 Y65.428 E56.71855
G1 X165.611 Y65.428 E56.79918
G1 X192.877 Y92.694 E60.31213
G1 X192.877 Y93.579 E60.39276
G1 X164.725 Y65.428 E64.0198
G1 X163.84 Y65.428 E64.10043
G1 X192.877 Y94.465 E67.84155
G1 X192.877 Y95.35 E67.92218
G1 X162.954 Y65.428 E71.77739
G1 X162.069 Y65.428 E71.85802
G1 X192.877 Y96.236 E75.82732
G1 X192.877 Y97.121 E75.90795
G1 X161.184 Y65.428 E79.99127
G1 X160.298 Y65.428 E80.07199
G1 X192.877 Y98.006 E84.2694
G1 X192.877 Y98.892 E84.35012
G1 X159.413 Y65.428 E88.66162
G1 X158.527 Y65.428 E88.74234
G1 X192.877 Y99.777 E93.16793
G1 X192.877 Y100.663 E93.24865
G1 X157.642 Y65.428 E97.78832
G1 X156.757 Y65.428 E97.86895
G1 X192.877 Y101.548 E102.52265
G1 X192.877 Y102.434 E102.60337
G1 X155.871 Y65.428 E107.37122
G1 X154.986 Y65.428 E107.45185
G1 X192.877 Y103.319 E112.33372
G1 X192.877 Y104.204 E112.41435
G1 X154.1 Y65.428 E117.41031
G1 X153.215 Y65.428 E117.49094
G1 X192.877 Y105.09 E122.60099
G1 X192.877 Y105.975 E122.68162
G1 X152.329 Y65.428 E127.90576
G1 X151.444 Y65.428 E127.98639
G1 X192.877 Y106.861 E133.32461
G1 X192.877 Y107.746 E133.40524
G1 X150.559 Y65.428 E138.85749
G1 X149.673 Y65.428 E138.93821
G1 X192.877 Y108.631 E144.50454
G1 X192.877 Y109.517 E144.58526
G1 X148.788 Y65.428 E150.26568
G1 X147.902 Y65.428 E150.3464
G1 X192.877 Y110.402 E156.14091
G1 X192.877 Y111.288 E156.22163
G1 X147.017 Y65.428 E162.13023
G1 X146.263 Y65.428 E162.19892
G1 X146.263 Y65.56 E162.21095
G1 X192.877 Y112.173 E168.21663
G1 X192.877 Y113.059 E168.29735
G1 X146.263 Y66.445 E174.30309
G1 X146.263 Y67.331 E174.38381
G1 X192.877 Y113.944 E180.38949
G1 X192.877 Y114.829 E180.47012
G1 X146.263 Y68.216 E186.4758
G1 X146.263 Y69.102 E186.55652
G1 X192.877 Y115.715 E192.5622
G1 X192.877 Y116.6 E192.64283
G1 X146.263 Y69.987 E198.64851
G1 X146.263 Y70.872 E198.72914
G1 X192.877 Y117.486 E204.73488
G1 X192.877 Y118.371 E204.81551
G1 X146.263 Y71.758 E210.82119
G1 X146.263 Y72.643 E210.90182
G1 X192.877 Y119.256 E216.9075
G1 X192.877 Y120.142 E216.98822
G1 X146.263 Y73.529 E222.9939
G1 X146.263 Y74.414 E223.07453
G1 X192.877 Y121.027 E229.08021
G1 X192.877 Y121.913 E229.16093
G1 X146.263 Y75.3 E235.16661
G1 X146.263 Y76.185 E235.24724
G1 X192.877 Y122.798 E241.25292
G1 X192.877 Y123.684 E241.33364
G1 X146.263 Y77.07 E247.33938
G1 X146.263 Y77.956 E247.4201
G1 X192.877 Y124.569 E253.42578
G1 X192.877 Y125.454 E253.50641
G1 X146.263 Y78.841 E259.51209
G1 X146.263 Y79.727 E259.59281
G1 X192.877 Y126.34 E265.59849
G1 X192.877 Y127.225 E265.67912
G1 X146.263 Y80.612 E271.6848
G1 X146.263 Y81.497 E271.76543
G1 X192.877 Y128.111 E277.77117
G1 X192.877 Y128.996 E277.8518
G1 X146.263 Y82.383 E283.85748
G1 X146.263 Y83.268 E283.93811
G1 X192.877 Y129.881 E289.94379
G1 X192.877 Y130.767 E290.02451
G1 X146.263 Y84.154 E296.03019
G1 X146.263 Y85.039 E296.11082
G1 X192.877 Y131.652 E302.1165
G1 X192.877 Y132.538 E302.19722
G1 X146.263 Y85.925 E308.2029
G1 X146.263 Y86.81 E308.28353
G1 X192.877 Y133.423 E314.28921
G1 X192.877 Y134.309 E314.36993
G1 X146.263 Y87.695 E320.37567
G1 X146.263 Y88.581 E320.45639
G1 X192.877 Y135.194 E326.46207
G1 X192.877 Y136.079 E326.5427
G1 X146.263 Y89.466 E332.54838
G1 X146.263 Y90.352 E332.6291
G1 X192.877 Y136.965 E338.63478
G1 X192.877 Y137.85 E338.71541
G1 X146.263 Y91.237 E344.72109
G1 X146.263 Y92.123 E344.80181
G1 X192.877 Y138.736 E350.80749
G1 X192.877 Y139.621 E350.88812
G1 X146.263 Y93.008 E356.8938
G1 X146.263 Y93.893 E356.97443
G1 X192.877 Y140.506 E362.98011
G1 X192.877 Y141.392 E363.06083
G1 X146.263 Y94.779 E369.06651
G1 X146.263 Y95.664 E369.14714
G1 X192.877 Y142.277 E375.15282
G1 X192.877 Y143.163 E375.23354
G1 X146.263 Y96.55 E381.23922
G1 X146.263 Y97.435 E381.31985
G1 X192.877 Y144.048 E387.32553
G1 X192.877 Y144.934 E387.40625
G1 X146.263 Y98.32 E393.41199
G1 X146.263 Y99.206 E393.49271
G1 X192.877 Y145.819 E399.49839
G1 X192.877 Y146.704 E399.57902
G1 X146.263 Y100.091 E405.5847
G1 X146.263 Y100.977 E405.66542
G1 X192.877 Y147.59 E411.6711
G1 X192.877 Y148.475 E411.75173
G1 X146.263 Y101.862 E417.75741
G1 X146.263 Y102.748 E417.83813
G1 X192.877 Y149.361 E423.84381
G1 X192.877 Y150.246 E423.92444
G1 X146.263 Y103.633 E429.93012
G1 X146.263 Y104.518 E430.01075
G1 X192.877 Y151.132 E436.01649
G1 X192.877 Y152.017 E436.09712
G1 X146.263 Y105.404 E442.1028
G1 X146.263 Y106.289 E442.18343
G1 X192.877 Y152.902 E448.18911
G1 X192.877 Y153.034 E448.20114
G1 X192.123 Y153.034 E448.26983
G1 X146.263 Y107.175 E454.17836
G1 X146.263 Y108.06 E454.25899
G1 X191.238 Y153.034 E460.0535
G1 X190.352 Y153.034 E460.13422
G1 X146.263 Y108.945 E465.81464
G1 X146.263 Y109.831 E465.89536
G1 X189.467 Y153.034 E471.46169
G1 X188.582 Y153.034 E471.54232
G1 X146.263 Y110.716 E476.99463
G1 X146.263 Y111.602 E477.07535
G1 X187.696 Y153.035 E482.41357
G1 X186.811 Y153.035 E482.4942
G1 X146.263 Y112.487 E487.7184
G1 X146.263 Y113.373 E487.79912
G1 X185.925 Y153.035 E492.90917
G1 X185.04 Y153.035 E492.9898
G1 X146.263 Y114.258 E497.98582
G1 X146.263 Y115.143 E498.06645
G1 X184.155 Y153.035 E502.94845
G1 X183.269 Y153.035 E503.02917
G1 X146.263 Y116.029 E507.79702
G1 X146.263 Y116.914 E507.87765
G1 X182.384 Y153.035 E512.53148
G1 X181.499 Y153.035 E512.61211
G1 X146.263 Y117.8 E517.15185
G1 X146.263 Y118.685 E517.23248
G1 X180.613 Y153.035 E521.65813
G1 X179.728 Y153.035 E521.73876
G1 X146.263 Y119.57 E526.05039
G1 X146.263 Y120.456 E526.13111
G1 X178.842 Y153.035 E530.32858
G1 X177.957 Y153.035 E530.40921
G1 X146.263 Y121.341 E534.49266
G1 X146.263 Y122.227 E534.57338
G1 X177.072 Y153.035 E538.54274
G1 X176.186 Y153.035 E538.62346
G1 X146.263 Y123.112 E542.47874
G1 X146.263 Y123.998 E542.55946
G1 X175.301 Y153.035 E546.30065
G1 X174.415 Y153.035 E546.38137
G1 X146.263 Y124.883 E550.00847
G1 X146.263 Y125.768 E550.0891
G1 X173.53 Y153.035 E553.60218
G1 X172.645 Y153.035 E553.68281
G1 X146.263 Y126.654 E557.0818
G1 X146.263 Y127.539 E557.16243
G1 X171.759 Y153.035 E560.44733
G1 X171.011 Y153.035 E560.51548
G1 X170.89 Y153.052 E560.52661
G1 X146.263 Y128.425 E563.69955
G1 X146.263 Y129.31 E563.78018
G1 X170.194 Y153.241 E566.86345
G1 X169.915 Y153.4 E566.89271
G1 X169.677 Y153.609 E566.92157
G1 X146.263 Y130.195 E569.93823
G1 X146.263 Y131.081 E570.01895
G1 X168.232 Y153.049 E572.84937
G1 X167.332 Y153.035 E572.93137
G1 X146.263 Y131.966 E575.6459
G1 X146.263 Y132.852 E575.72662
G1 X166.447 Y153.035 E578.32706
G1 X165.561 Y153.035 E578.40778
G1 X146.263 Y133.737 E580.89413
G1 X146.263 Y134.623 E580.97485
G1 X164.676 Y153.035 E583.34711
G1 X163.79 Y153.035 E583.42783
G1 X146.263 Y135.508 E585.68601
G1 X146.263 Y136.393 E585.76664
G1 X162.905 Y153.035 E587.91079
G1 X162.02 Y153.035 E587.99142
G1 X146.263 Y137.279 E590.02149
G1 X146.263 Y138.164 E590.10212
G1 X161.134 Y153.035 E592.0181
G1 X160.249 Y153.035 E592.09873
G1 X146.263 Y139.05 E593.90062
G1 X146.263 Y139.63 E593.95346
G1 X146.241 Y139.913 E593.97932
G1 X159.363 Y153.035 E595.66996
G1 X158.478 Y153.035 E595.75059
G1 X146.022 Y140.579 E597.35542
G1 X145.947 Y140.715 E597.36957
G1 X145.702 Y141.029 E597.40585
G1 X145.636 Y141.079 E597.41339
G1 X157.592 Y153.035 E598.9538
G1 X156.707 Y153.035 E599.03443
G1 X146.261 Y142.589 E600.38029
G1 X146.261 Y143.474 E600.46092
G1 X155.821 Y153.035 E601.69269
G1 X154.936 Y153.035 E601.77332
G1 X146.261 Y144.36 E602.89101
G1 X146.261 Y145.246 E602.97173
G1 X154.05 Y153.035 E603.97526
G1 X153.165 Y153.035 E604.05589
G1 X146.262 Y146.131 E604.94534
G1 X146.262 Y147.017 E605.02606
G1 X152.28 Y153.035 E605.80142
G1 X151.394 Y153.035 E605.88214
G1 X146.262 Y147.902 E606.54341
G1 X146.262 Y148.788 E606.62413
G1 X150.509 Y153.034 E607.17125
G1 X149.623 Y153.034 E607.25197
G1 X146.263 Y149.674 E607.68487
G1 X146.263 Y150.559 E607.7655
G1 X148.738 Y153.034 E608.08438
G1 X147.852 Y153.034 E608.1651
G1 X146.263 Y151.445 E608.36983
G1 X146.263 Y152.331 E608.45055
G1 X147.248 Y153.316 E608.57746
;LAYER_CHANGE
;Z:0.65
;HEIGHT:0.3
G1 E606.57746 F2400
G92 E0
G1 Z.65 F7800
;AFTER_LAYER_CHANGE
;0.65
G1 X103.98 Y139.812
G1 E2 F2400
;TYPE:External perimeter
;WIDTH:0.448856
G1 F1500
G1 X104.247 Y139.812 E2.0128
;TYPE:Overhang perimeter
;WIDTH:0.4
;HEIGHT:0.4
G1 X104.365 Y139.812 E2.01896
G1 X104.365 Y164.738 E3.32122
G1 X104.247 Y164.738 E3.32738
;TYPE:External perimeter
;WIDTH:0.448856
;HEIGHT:0.3
G1 X103.98 Y164.738 E3.34018
G1 X103.98 Y139.872 E4.5326
G1 X104.378 Y139.826 F7800
G1 E2.5326 F2400
G92 E0
G1 X55.279 Y139.812 F7800
G1 E2 F2400
;WIDTH:0.448857
G1 F1500
G1 X55.547 Y139.812 E2.01285
;TYPE:Overhang perimeter
;WIDTH:0.4
;HEIGHT:0.4
G1 X55.664 Y139.812 E2.01896
G1 X55.664 Y164.738 E3.32122
G1 X55.547 Y164.738 E3.32733
;TYPE:External perimeter
;WIDTH:0.448857
;HEIGHT:0.3
G1 X55.279 Y164.738 E3.34018
G1 X55.279 Y139.872 E4.5326
G1 X55.677 Y139.826 F7800
G1 E2.5326 F2400
G92 E0
G1 X59.442 Y142.102 F7800
G1 E2 F2400
;TYPE:Perimeter
;WIDTH:0.45
G1 F1500
G1 X59.457 Y142.141 E2.00201
G1 X59.791 Y142.462 E2.02429
G1 X97.038 Y163.966 E4.09287
G1 X57.801 Y163.966 E5.98003
G1 X57.801 Y140.584 E7.10462
G1 X59.309 Y140.584 E7.17715
G1 X59.323 Y141.794 E7.23535
G1 X59.421 Y142.046 E7.24835
G1 X59.776 Y141.909 F7800
G1 F1500
G1 X59.783 Y141.935 E7.24965
G1 X59.984 Y142.128 E7.26305
G1 X98.477 Y164.352 E9.40084
G1 X57.416 Y164.352 E11.37573
G1 X57.416 Y140.198 E12.53745
G1 X59.694 Y140.198 E12.64701
G1 X59.694 Y141.627 E12.71574
G1 X59.759 Y141.851 E12.72696
G1 X60.121 Y141.715 F7800
;TYPE:External perimeter
G1 F1500
G1 X60.176 Y141.794 E12.73159
G1 X99.916 Y164.738 E14.93864
G1 X57.03 Y164.738 E17.00131
G1 X57.03 Y139.813 E18.20012
G1 X60.08 Y139.813 E18.34681
G1 X60.08 Y141.656 E18.43545
G1 X60.087 Y141.666 E18.43604
G1 X60.4 Y141.914 F7800
G1 E16.43604 F2400
G92 E0
G1 X58.09 Y140.873 F7800
G1 E2 F2400
;TYPE:Solid infill
G1 F1200
G1 X59.02 Y140.873 E2.04473
G1 X59.038 Y141.838 E2.09115
G1 X59.243 Y142.328 E2.1167
G1 X59.656 Y142.718 E2.14402
G1 X60.707 Y143.325 E2.20239
G1 X58.09 Y145.941 E2.38036
G1 X58.09 Y141.066 E2.61483
G1 X58.555 Y141.338 E2.64074
;WIDTH:0.626239
G1 X58.564 Y141.863 E2.67754
;WIDTH:0.633811
G1 X58.552 Y142.016 E2.68844
;WIDTH:0.601646
G1 X58.536 Y142.111 E2.6949
;WIDTH:0.56948
G1 X58.516 Y142.229 E2.70244
;WIDTH:0.529653
G1 X58.496 Y142.346 E2.70933
;WIDTH:0.489827
G1 X58.476 Y142.464 E2.71568
;WIDTH:0.45
G1 X58.476 Y145.01 E2.83813
G1 X60.079 Y143.407 E2.94716
G1 X59.464 Y143.052 E2.98131
G1 X58.975 Y142.606 E3.01314
;WIDTH:0.490908
G1 X58.86 Y142.415 E3.025
;WIDTH:0.531816
G1 X58.746 Y142.225 E3.03792
;WIDTH:0.572724
G1 X58.631 Y142.035 E3.052
;WIDTH:0.603267
G1 X58.6 Y141.978 E3.05636
;WIDTH:0.633811
G1 X58.568 Y141.921 E3.061
G1 X58.878 Y143.069 F7800
;WIDTH:0.482103
G1 F1200
G1 X59.073 Y143.257 E3.07511
G1 X59.425 Y143.493 E3.09719
G1 X58.878 Y144.04 E3.13749
G1 X58.878 Y143.262 E3.17802
G1 E1.17802 F2400
G92 E0
G1 X61.052 Y143.524 F7800
G1 E2 F2400
;WIDTH:0.45
G1 F1200
G1 X58.09 Y146.486 E2.20147
G1 X58.09 Y147.032 E2.22773
G1 X61.398 Y143.724 E2.45274
G1 X61.744 Y143.923 E2.47194
G1 X58.09 Y147.577 E2.72048
G1 X58.09 Y148.122 E2.74669
G1 X62.09 Y144.123 E3.01873
G1 X62.435 Y144.323 E3.03791
G1 X58.09 Y148.668 E3.33345
G1 X58.09 Y149.213 E3.35966
G1 X62.781 Y144.522 E3.67874
G1 X63.127 Y144.722 E3.69796
G1 X58.09 Y149.758 E4.04054
G1 X58.09 Y150.304 E4.0668
G1 X63.473 Y144.921 E4.43294
G1 X63.818 Y145.121 E4.45212
G1 X58.09 Y150.849 E4.84173
G1 X58.09 Y151.394 E4.86794
G1 X64.164 Y145.321 E5.28105
G1 X64.51 Y145.52 E5.30025
G1 X58.09 Y151.94 E5.73693
G1 X58.09 Y152.485 E5.76314
G1 X64.856 Y145.72 E6.22332
G1 X65.201 Y145.92 E6.2425
G1 X58.09 Y153.03 E6.72615
G1 X58.09 Y153.576 E6.75241
G1 X65.547 Y146.119 E7.25963
G1 X65.893 Y146.319 E7.27885
G1 X58.09 Y154.121 E7.80957
G1 X58.09 Y154.666 E7.83578
G1 X66.239 Y146.518 E8.39003
G1 X66.584 Y146.718 E8.40921
G1 X58.09 Y155.212 E8.98696
G1 X58.09 Y155.757 E9.01317
G1 X66.93 Y146.918 E9.61442
G1 X67.276 Y147.117 E9.63362
G1 X58.09 Y156.303 E10.25844
G1 X58.09 Y156.848 E10.28465
G1 X67.621 Y147.317 E10.93294
G1 X67.967 Y147.516 E10.95214
G1 X58.09 Y157.393 E11.62396
G1 X58.09 Y157.939 E11.65022
G1 X68.313 Y147.716 E12.34558
G1 X68.659 Y147.916 E12.3648
G1 X58.09 Y158.484 E13.08366
G1 X58.09 Y159.029 E13.10987
G1 X69.004 Y148.115 E13.85223
G1 X69.35 Y148.315 E13.87145
G1 X58.09 Y159.575 E14.63734
G1 X58.09 Y160.12 E14.66355
G1 X69.696 Y148.514 E15.45298
G1 X70.042 Y148.714 E15.4722
G1 X58.09 Y160.665 E16.28513
G1 X58.09 Y161.211 E16.31139
G1 X70.387 Y148.914 E17.14782
G1 X70.733 Y149.113 E17.16702
G1 X58.09 Y161.756 E18.02698
G1 X58.09 Y162.301 E18.05319
G1 X71.079 Y149.313 E18.93665
G1 X71.425 Y149.513 E18.95587
G1 X58.09 Y162.847 E19.86287
G1 X58.04 Y163.787 F7800
;WIDTH:0.404381
G1 F1200
G1 X57.999 Y163.798 E19.86467
G1 X57.98 Y163.727 E19.86779
G1 X58.051 Y163.746 E19.87091
;WIDTH:0.45
G1 X58.09 Y163.392 E19.88804
G1 X71.77 Y149.712 E20.81854
G1 X72.116 Y149.912 E20.83776
G1 X58.351 Y163.677 E21.77404
G1 X58.896 Y163.677 E21.80025
G1 X72.462 Y150.111 E22.72299
G1 X72.808 Y150.311 E22.74221
G1 X59.441 Y163.677 E23.65138
G1 X59.987 Y163.677 E23.67764
G1 X73.153 Y150.511 E24.57317
G1 X73.499 Y150.71 E24.59237
G1 X60.532 Y163.677 E25.47437
G1 X61.077 Y163.677 E25.50058
G1 X73.845 Y150.91 E26.36901
G1 X74.19 Y151.109 E26.38817
G1 X61.623 Y163.677 E27.243
G1 X62.168 Y163.677 E27.26921
G1 X74.536 Y151.309 E28.11047
G1 X74.882 Y151.509 E28.12969
G1 X62.713 Y163.677 E28.95738
G1 X63.259 Y163.677 E28.98364
G1 X75.228 Y151.708 E29.79776
G1 X75.573 Y151.908 E29.81694
G1 X63.804 Y163.677 E30.61745
G1 X64.349 Y163.677 E30.64366
G1 X75.919 Y152.107 E31.43064
G1 X76.265 Y152.307 E31.44986
G1 X64.895 Y163.677 E32.22323
G1 X65.44 Y163.677 E32.24944
G1 X76.611 Y152.507 E33.00924
G1 X76.956 Y152.706 E33.0284
G1 X65.986 Y163.677 E33.7746
G1 X66.531 Y163.677 E33.80081
G1 X77.302 Y152.906 E34.53344
G1 X77.648 Y153.106 E34.55266
G1 X67.076 Y163.677 E35.27172
G1 X67.622 Y163.677 E35.29798
G1 X77.994 Y153.305 E36.00347
G1 X78.339 Y153.505 E36.02265
G1 X68.167 Y163.677 E36.71454
G1 X68.712 Y163.677 E36.74075
G1 X78.685 Y153.704 E37.4191
G1 X79.031 Y153.904 E37.43832
G1 X69.258 Y163.677 E38.10307
G1 X69.803 Y163.677 E38.12928
G1 X79.377 Y154.104 E38.78046
G1 X79.722 Y154.303 E38.79962
G1 X70.348 Y163.677 E39.43723
G1 X70.894 Y163.677 E39.46349
G1 X80.068 Y154.503 E40.08749
G1 X80.414 Y154.702 E40.10669
G1 X71.439 Y163.677 E40.71716
G1 X71.984 Y163.677 E40.74337
G1 X80.759 Y154.902 E41.34023
G1 X81.105 Y155.102 E41.35945
G1 X72.53 Y163.677 E41.94271
G1 X73.075 Y163.677 E41.96892
G1 X81.451 Y155.301 E42.53865
G1 X81.797 Y155.501 E42.55787
G1 X73.62 Y163.677 E43.11403
G1 X74.166 Y163.677 E43.14029
G1 X82.142 Y155.7 E43.68284
G1 X82.488 Y155.9 E43.70206
G1 X74.711 Y163.677 E44.23104
G1 X75.256 Y163.677 E44.25725
G1 X82.834 Y156.1 E44.77266
G1 X83.18 Y156.299 E44.79186
G1 X75.802 Y163.677 E45.2937
G1 X76.347 Y163.677 E45.31991
G1 X83.525 Y156.499 E45.80815
G1 X83.871 Y156.699 E45.82737
G1 X76.892 Y163.677 E46.30204
G1 X77.438 Y163.677 E46.3283
G1 X84.217 Y156.898 E46.7894
G1 X84.563 Y157.098 E46.80862
G1 X77.983 Y163.677 E47.25615
G1 X78.529 Y163.677 E47.28241
G1 X84.908 Y157.297 E47.71634
G1 X85.254 Y157.497 E47.73556
G1 X79.074 Y163.677 E48.15592
G1 X79.619 Y163.677 E48.18213
G1 X85.6 Y157.697 E48.58892
G1 X85.946 Y157.896 E48.60812
G1 X80.165 Y163.677 E49.00134
G1 X80.71 Y163.677 E49.02755
G1 X86.291 Y158.096 E49.40716
G1 X86.637 Y158.295 E49.42636
G1 X81.255 Y163.677 E49.79244
G1 X81.801 Y163.677 E49.8187
G1 X86.983 Y158.495 E50.17117
G1 X87.328 Y158.695 E50.19035
G1 X82.346 Y163.677 E50.52922
G1 X82.891 Y163.677 E50.55543
G1 X87.674 Y158.894 E50.88076
G1 X88.02 Y159.094 E50.89998
G1 X83.437 Y163.677 E51.21171
G1 X83.982 Y163.677 E51.23792
G1 X88.366 Y159.293 E51.53611
G1 X88.711 Y159.493 E51.55529
G1 X84.527 Y163.677 E51.83988
G1 X85.073 Y163.677 E51.86614
G1 X89.057 Y159.693 E52.13713
G1 X89.403 Y159.892 E52.15633
G1 X85.618 Y163.677 E52.41378
G1 X86.163 Y163.677 E52.43999
G1 X89.749 Y160.092 E52.68387
G1 X90.094 Y160.292 E52.70305
G1 X86.709 Y163.677 E52.93329
G1 X87.254 Y163.677 E52.9595
G1 X90.44 Y160.491 E53.17621
G1 X90.786 Y160.691 E53.19543
G1 X87.799 Y163.677 E53.39857
G1 X88.345 Y163.677 E53.42483
G1 X91.132 Y160.89 E53.6144
G1 X91.477 Y161.09 E53.63358
G1 X88.89 Y163.677 E53.80954
G1 E51.80954 F2400
G92 E0
G1 X91.687 Y161.426 F7800
G1 E2 F2400
G1 F1200
G1 X89.435 Y163.677 E2.15314
G1 X95.901 Y163.677 E2.46413
G1 X95.909 Y163.649 E2.46553
G1 X91.823 Y161.29 E2.69245
G1 X91.886 Y161.772 E2.71583
G1 X94.519 Y163.292 E2.86206
G1 X90.366 Y163.292 E3.0618
G1 X91.75 Y161.908 E3.15594
G1 X91.958 Y162.314 E3.17788
;WIDTH:0.547242
G1 X92.899 Y162.857 E3.24331
G1 X91.415 Y162.857 E3.33268
G1 X91.822 Y162.451 E3.3673
G1 E1.3673 F2400
G92 E0
G1 X55.279 Y59.81 F7800
G1 E2 F2400
;TYPE:External perimeter
;WIDTH:0.448857
G1 F1500
G1 X55.547 Y59.81 E2.01285
;TYPE:Overhang perimeter
;WIDTH:0.4
;HEIGHT:0.4
G1 X55.664 Y59.81 E2.01896
G1 X55.664 Y136.363 E6.01846
G1 X55.547 Y136.363 E6.02457
;TYPE:External perimeter
;WIDTH:0.448857
;HEIGHT:0.3
G1 X55.279 Y136.363 E6.03742
G1 X55.279 Y59.87 E9.70556
G1 X55.677 Y59.824 F7800
G1 E7.70556 F2400
G92 E0
G1 X61.013 Y60.297 F7800
G1 E2 F2400
;TYPE:Perimeter
;WIDTH:0.45
G1 F1500
G1 X61.046 Y60.271 E2.00202
G1 X61.231 Y59.978 E2.01869
G1 X61.301 Y59.618 E2.03633
G1 X61.301 Y47.784 E2.6055
G1 X138.892 Y47.784 E6.33736
G1 X57.801 Y134.073 E12.03259
G1 X57.801 Y60.582 E15.56725
G1 X60.462 Y60.582 E15.69523
G1 X60.792 Y60.468 E15.71202
G1 X60.965 Y60.333 E15.72257
G1 X60.735 Y60.015 F7800
G1 F1500
G1 X60.848 Y59.889 E15.73071
G1 X60.916 Y59.618 E15.74415
G1 X60.916 Y47.398 E16.33189
G1 X139.783 Y47.398 E20.12512
G1 X57.416 Y135.046 E25.91001
G1 X57.416 Y60.196 E29.51003
G1 X60.412 Y60.196 E29.65413
G1 X60.663 Y60.096 E29.66713
G1 X60.695 Y60.06 E29.66945
G1 X60.47 Y59.744 F7800
;TYPE:External perimeter
G1 F1500
G1 X60.53 Y59.618 E29.67616
G1 X60.53 Y47.012 E30.28246
G1 X140.675 Y47.012 E34.13716
G1 X57.03 Y136.02 E40.01181
G1 X57.03 Y59.81 E43.67725
G1 X60.362 Y59.81 E43.83751
G1 X60.427 Y59.781 E43.84093
G1 X60.522 Y59.392 F7800
G1 E41.84093 F2400
G92 E0
G1 X61.695 Y48.104 F7800
G1 E2 F2400
;TYPE:Solid infill
;WIDTH:0.543559
G1 F1200
G1 X61.653 Y48.062 E2.00355
G1 X61.595 Y48.077 E2.00713
G1 X61.579 Y48.135 E2.01073
G1 X61.622 Y48.177 E2.01432
G1 X61.68 Y48.162 E2.0179
;WIDTH:0.45
G1 X61.59 Y48.778 E2.04784
G1 X62.296 Y48.073 E2.09583
G1 X62.474 Y47.938 E2.10657
;WIDTH:0.404381
G1 X62.433 Y47.949 E2.10837
G1 X62.414 Y47.878 E2.11149
G1 X62.485 Y47.897 E2.11461
;WIDTH:0.45
G1 X62.841 Y48.073 E2.13371
G1 X61.59 Y49.323 E2.21877
G1 X61.59 Y49.869 E2.24503
G1 X63.386 Y48.073 E2.36719
G1 X63.932 Y48.073 E2.39345
G1 X61.59 Y50.414 E2.55272
G1 X61.59 Y50.959 E2.57893
G1 X64.477 Y48.073 E2.77527
G1 X65.022 Y48.073 E2.80148
G1 X61.59 Y51.505 E3.03492
G1 X61.59 Y52.05 E3.06113
G1 X65.568 Y48.073 E3.33167
G1 X66.113 Y48.073 E3.35788
G1 X61.59 Y52.595 E3.66549
G1 X61.59 Y53.141 E3.69175
G1 X66.658 Y48.073 E4.03647
G1 X67.204 Y48.073 E4.06273
G1 X61.59 Y53.686 E4.44455
G1 X61.59 Y54.231 E4.47076
G1 X67.749 Y48.073 E4.88965
G1 X68.294 Y48.073 E4.91586
G1 X61.59 Y54.777 E5.37186
G1 X61.59 Y55.322 E5.39807
G1 X68.84 Y48.073 E5.89117
G1 X69.385 Y48.073 E5.91738
G1 X61.59 Y55.867 E6.44755
G1 X61.59 Y56.413 E6.47381
G1 X69.93 Y48.073 E7.04109
G1 X70.476 Y48.073 E7.06735
G1 X61.59 Y56.958 E7.67173
G1 X61.59 Y57.503 E7.69794
G1 X71.021 Y48.073 E8.33939
G1 X71.566 Y48.073 E8.3656
G1 X61.59 Y58.049 E9.04416
G1 X61.59 Y58.594 E9.07037
G1 X72.112 Y48.073 E9.78603
G1 X72.657 Y48.073 E9.81224
G1 X61.59 Y59.139 E10.56497
G1 X61.29 Y60.186 F7800
;WIDTH:0.404381
G1 F1200
G1 X61.438 Y59.967 E10.57618
;WIDTH:0.45
G1 X61.581 Y59.694 E10.591
G1 X73.202 Y48.073 E11.38145
G1 E9.38145 F2400
G92 E0
G1 X58.185 Y60.895 F7800
G1 E2 F2400
;WIDTH:0.527689
G1 F1200
G1 X58.144 Y60.854 E2.00335
G1 X58.088 Y60.869 E2.0067
G1 X58.073 Y60.925 E2.01005
G1 X58.114 Y60.966 E2.0134
G1 X58.17 Y60.951 E2.01675
;WIDTH:0.45
G1 X58.09 Y61.549 E2.04577
G1 X58.768 Y60.871 E2.09189
G1 X59.314 Y60.871 E2.11815
G1 X58.09 Y62.094 E2.20137
G1 X58.09 Y62.639 E2.22758
G1 X59.859 Y60.871 E2.34787
G1 X60.87 Y60.598 F7800
;WIDTH:0.404381
G1 F1200
G1 X60.684 Y60.717 E2.35723
;WIDTH:0.45
G1 X60.411 Y60.864 E2.37214
G1 X58.09 Y63.185 E2.53001
G1 X58.019 Y63.447 E2.54307
;WIDTH:0.404381
G1 X57.947 Y63.427 E2.54624
G1 X57.966 Y63.499 E2.5494
G1 X58.008 Y63.488 E2.55124
;WIDTH:0.45
G1 X58.09 Y63.73 E2.56353
G1 X73.748 Y48.073 E3.62853
G1 X74.293 Y48.073 E3.65474
G1 X58.09 Y64.276 E4.75685
G1 X58.09 Y64.821 E4.78306
G1 X74.839 Y48.073 E5.92227
G1 X75.384 Y48.073 E5.94848
G1 X58.09 Y65.366 E7.12476
G1 X58.09 Y65.912 E7.15102
G1 X75.929 Y48.073 E8.36441
G1 X76.475 Y48.073 E8.39067
G1 X58.09 Y66.457 E9.64116
G1 X58.09 Y67.002 E9.66737
G1 X77.02 Y48.073 E10.95493
G1 X77.565 Y48.073 E10.98114
G1 X58.09 Y67.548 E12.30581
G1 X58.09 Y68.093 E12.33202
G1 X78.111 Y48.073 E13.69379
G1 X78.656 Y48.073 E13.72
G1 X58.09 Y68.638 E15.11884
G1 X58.09 Y69.184 E15.1451
G1 X79.201 Y48.073 E16.58104
G1 X79.747 Y48.073 E16.6073
G1 X58.09 Y69.729 E18.08035
G1 X58.09 Y70.274 E18.10656
G1 X80.292 Y48.073 E19.61668
G1 X80.837 Y48.073 E19.64289
G1 X58.09 Y70.82 E21.19011
G1 X58.09 Y71.365 E21.21632
G1 X81.383 Y48.073 E22.80065
G1 X81.928 Y48.073 E22.82686
G1 X58.09 Y71.91 E24.44826
G1 X58.09 Y72.456 E24.47452
G1 X82.473 Y48.073 E26.13302
G1 X83.019 Y48.073 E26.15928
G1 X58.09 Y73.001 E27.85489
G1 X58.09 Y73.546 E27.8811
G1 X83.564 Y48.073 E29.61378
G1 X84.109 Y48.073 E29.63999
G1 X58.09 Y74.092 E31.40977
G1 X58.09 Y74.637 E31.43598
G1 X84.655 Y48.073 E33.24286
G1 X85.2 Y48.073 E33.26907
G1 X58.09 Y75.182 E35.11302
G1 X58.09 Y75.728 E35.13928
G1 X85.745 Y48.073 E37.02034
G1 X86.291 Y48.073 E37.0466
G1 X58.09 Y76.273 E38.96476
G1 X58.09 Y76.819 E38.99102
G1 X86.836 Y48.073 E40.94629
G1 X87.382 Y48.073 E40.97255
G1 X58.09 Y77.364 E42.96492
G1 X58.09 Y77.909 E42.99113
G1 X87.927 Y48.073 E45.02057
G1 X88.472 Y48.073 E45.04678
G1 X58.09 Y78.455 E47.11333
G1 X58.09 Y79 E47.13954
G1 X89.018 Y48.073 E49.24319
G1 X89.563 Y48.073 E49.2694
G1 X58.09 Y79.545 E51.41012
G1 X58.09 Y80.091 E51.43638
G1 X90.108 Y48.073 E53.6142
G1 X90.654 Y48.073 E53.64046
G1 X58.09 Y80.636 E55.85539
G1 X58.09 Y81.181 E55.8816
G1 X91.199 Y48.073 E58.1336
G1 X91.744 Y48.073 E58.15981
G1 X58.09 Y81.727 E60.44891
G1 X58.09 Y82.272 E60.47512
G1 X92.29 Y48.073 E62.80133
G1 X92.835 Y48.073 E62.82754
G1 X58.09 Y82.817 E65.19082
G1 X58.09 Y83.363 E65.21708
G1 X93.38 Y48.073 E67.61746
G1 X93.926 Y48.073 E67.64372
G1 X58.09 Y83.908 E70.08121
G1 X58.09 Y84.453 E70.10742
G1 X94.471 Y48.073 E72.58198
G1 X95.016 Y48.073 E72.60819
G1 X58.09 Y84.999 E75.11985
G1 X58.09 Y85.544 E75.14606
G1 X95.562 Y48.073 E77.69482
G1 X96.107 Y48.073 E77.72103
G1 X58.09 Y86.089 E80.30687
G1 X58.09 Y86.635 E80.33313
G1 X96.652 Y48.073 E82.95607
G1 X97.198 Y48.073 E82.98233
G1 X58.09 Y87.18 E85.64237
G1 X58.09 Y87.725 E85.66858
G1 X97.743 Y48.073 E88.36569
G1 X98.288 Y48.073 E88.3919
G1 X58.09 Y88.271 E91.12612
G1 X58.09 Y88.816 E91.15233
G1 X98.834 Y48.073 E93.92365
G1 X99.379 Y48.073 E93.94986
G1 X58.09 Y89.362 E96.75829
G1 X58.09 Y89.907 E96.7845
G1 X99.925 Y48.073 E99.63003
G1 X100.47 Y48.073 E99.65624
G1 X58.09 Y90.452 E102.53884
G1 X58.09 Y90.998 E102.5651
G1 X101.015 Y48.073 E105.48481
G1 X101.561 Y48.073 E105.51107
G1 X58.09 Y91.543 E108.46788
G1 X58.09 Y92.088 E108.49409
G1 X102.106 Y48.073 E111.48797
G1 X102.651 Y48.073 E111.51418
G1 X58.09 Y92.634 E114.54516
G1 X58.09 Y93.179 E114.57137
G1 X103.197 Y48.073 E117.63946
G1 X103.742 Y48.073 E117.66567
G1 X58.09 Y93.724 E120.77083
G1 X58.09 Y94.27 E120.79709
G1 X104.287 Y48.073 E123.93935
G1 X104.833 Y48.073 E123.96561
G1 X58.09 Y94.815 E127.14498
G1 X58.09 Y95.36 E127.17119
G1 X105.378 Y48.073 E130.38763
G1 X105.923 Y48.073 E130.41384
G1 X58.09 Y95.906 E133.66738
G1 X58.09 Y96.451 E133.69359
G1 X106.469 Y48.073 E136.98424
G1 X107.014 Y48.073 E137.01045
G1 X58.09 Y96.996 E140.33817
G1 X58.09 Y97.542 E140.36443
G1 X107.559 Y48.073 E143.72925
G1 X108.105 Y48.073 E143.75551
G1 X58.09 Y98.087 E147.15743
G1 X58.09 Y98.632 E147.18364
G1 X108.65 Y48.073 E150.62263
G1 X109.195 Y48.073 E150.64884
G1 X58.09 Y99.178 E154.12494
G1 X58.09 Y99.723 E154.15115
G1 X109.741 Y48.073 E157.66435
G1 X110.286 Y48.073 E157.69056
G1 X58.09 Y100.268 E161.24083
G1 X58.09 Y100.814 E161.26709
G1 X110.831 Y48.073 E164.85447
G1 X111.377 Y48.073 E164.88073
G1 X58.09 Y101.359 E168.50521
G1 X58.09 Y101.905 E168.53147
G1 X111.922 Y48.073 E172.19306
G1 X112.468 Y48.073 E172.21932
G1 X58.09 Y102.45 E175.91801
G1 X58.09 Y102.995 E175.94422
G1 X113.013 Y48.073 E179.67998
G1 X113.558 Y48.073 E179.70619
G1 X58.09 Y103.541 E183.47905
G1 X58.09 Y104.086 E183.50526
G1 X114.104 Y48.073 E187.31523
G1 X114.649 Y48.073 E187.34144
G1 X58.09 Y104.631 E191.18848
G1 X58.09 Y105.177 E191.21474
G1 X115.194 Y48.073 E195.09888
G1 X115.74 Y48.073 E195.12514
G1 X58.09 Y105.722 E199.04639
G1 X58.09 Y106.267 E199.0726
G1 X116.285 Y48.073 E203.03092
G1 X116.83 Y48.073 E203.05713
G1 X58.09 Y106.813 E207.05255
G1 X58.09 Y107.358 E207.07876
G1 X117.376 Y48.073 E211.11129
G1 X117.921 Y48.073 E211.1375
G1 X58.09 Y107.903 E215.2071
G1 X58.09 Y108.449 E215.23336
G1 X118.466 Y48.073 E219.34006
G1 X119.012 Y48.073 E219.36632
G1 X58.09 Y108.994 E223.51012
G1 X58.09 Y109.539 E223.53633
G1 X119.557 Y48.073 E227.71721
G1 X120.102 Y48.073 E227.74342
G1 X58.09 Y110.085 E231.9614
G1 X58.09 Y110.63 E231.98761
G1 X120.648 Y48.073 E236.24269
G1 X121.193 Y48.073 E236.2689
G1 X58.09 Y111.175 E240.56105
G1 X58.09 Y111.721 E240.58731
G1 X121.738 Y48.073 E244.91657
G1 X122.284 Y48.073 E244.94283
G1 X58.09 Y112.266 E249.30919
G1 X58.09 Y112.811 E249.3354
G1 X122.829 Y48.073 E253.73883
G1 X123.374 Y48.073 E253.76504
G1 X58.09 Y113.357 E258.20558
G1 X58.09 Y113.902 E258.23179
G1 X123.92 Y48.073 E262.70943
G1 X124.465 Y48.073 E262.73564
G1 X58.09 Y114.448 E267.25039
G1 X58.09 Y114.993 E267.2766
G1 X125.011 Y48.073 E271.82845
G1 X125.556 Y48.073 E271.85466
G1 X58.09 Y115.538 E276.44358
G1 X58.09 Y116.084 E276.46984
G1 X126.101 Y48.073 E281.09586
G1 X126.647 Y48.073 E281.12212
G1 X58.09 Y116.629 E285.78525
G1 X58.09 Y117.174 E285.81146
G1 X127.192 Y48.073 E290.51166
G1 X127.737 Y48.073 E290.53787
G1 X58.09 Y117.72 E295.27517
G1 X58.09 Y118.265 E295.30138
G1 X128.283 Y48.073 E300.07579
G1 X128.828 Y48.073 E300.102
G1 X58.09 Y118.81 E304.91348
G1 X58.09 Y119.356 E304.93974
G1 X129.373 Y48.073 E309.78832
G1 X129.919 Y48.073 E309.81458
G1 X58.09 Y119.901 E314.70027
G1 X58.09 Y120.446 E314.72648
G1 X130.464 Y48.073 E319.64924
G1 X131.009 Y48.073 E319.67545
G1 X58.09 Y120.992 E324.63531
G1 X58.09 Y121.537 E324.66152
G1 X131.555 Y48.073 E329.65848
G1 X132.1 Y48.073 E329.68469
G1 X58.09 Y122.082 E334.71872
G1 X58.09 Y122.628 E334.74498
G1 X132.645 Y48.073 E339.81612
G1 X133.191 Y48.073 E339.84238
G1 X58.09 Y123.173 E344.95062
G1 X58.09 Y123.718 E344.97683
G1 X133.736 Y48.073 E350.12214
G1 X134.281 Y48.073 E350.14835
G1 X58.09 Y124.264 E355.33077
G1 X58.09 Y124.809 E355.35698
G1 X134.827 Y48.073 E360.5765
G1 X135.372 Y48.073 E360.60271
G1 X58.09 Y125.354 E365.8593
G1 X58.09 Y125.9 E365.88556
G1 X135.917 Y48.073 E371.17926
G1 X136.463 Y48.073 E371.20552
G1 X58.09 Y126.445 E376.53632
G1 X58.09 Y126.991 E376.56258
G1 X137.008 Y48.073 E381.93048
G1 X137.554 Y48.073 E381.95674
G1 X58.09 Y127.536 E387.36175
G1 X58.09 Y128.081 E387.38796
G1 X138.099 Y48.073 E392.83004
G1 E390.83004 F2400
G92 E0
G1 X131.654 Y55.063 F7800
G1 E2 F2400
G1 F1200
G1 X58.09 Y128.627 E7.00373
G1 X58.09 Y129.172 E7.02994
G1 X123.411 Y63.843 E11.47327
;WIDTH:0.438199
G1 X129.545 Y57.516 E11.88414
G1 E9.88414 F2400
G92 E0
G1 X121.038 Y66.568 F7800
G1 E2 F2400
G1 F1200
G1 X114.905 Y72.894 E2.41081
;WIDTH:0.45
G1 X58.09 Y129.717 E6.27557
G1 X58.09 Y130.263 E6.30183
G1 X106.399 Y81.946 E9.58802
;WIDTH:0.438199
G1 X112.532 Y75.619 E9.99886
G1 E7.99886 F2400
G92 E0
G1 X104.026 Y84.671 F7800
G1 E2 F2400
G1 F1200
G1 X97.892 Y90.998 E2.41087
;WIDTH:0.45
G1 X58.09 Y130.808 E5.11842
G1 X58.09 Y131.353 E5.14463
G1 X89.386 Y100.049 E7.27362
;WIDTH:0.438199
G1 X95.519 Y93.723 E7.68443
G1 E5.68443 F2400
G92 E0
G1 X87.013 Y102.774 F7800
G1 E2 F2400
G1 F1200
G1 X80.88 Y109.101 E2.41084
;WIDTH:0.45
G1 X58.09 Y131.899 E3.96126
G1 X58.09 Y132.444 E3.98747
G1 X72.373 Y118.153 E4.95925
;WIDTH:0.438199
G1 X78.506 Y111.826 E5.37009
G1 E3.37009 F2400
G92 E0
G1 X70 Y120.878 F7800
G1 E2 F2400
G1 F1200
G1 X63.867 Y127.205 E2.41084
;WIDTH:0.45
G1 X58.09 Y132.989 E2.80402
G1 X58.059 Y133.421 E2.82485
;WIDTH:0.404381
G1 X58.178 Y133.35 E2.83073
G1 X61.494 Y129.93 E3.03274
G1 E1.03274 F2400
G92 E0
G1 X140.971 Y45.262 F7800
G1 E2 F2400
;TYPE:External perimeter
;WIDTH:0.448856
G1 F1500
G1 X140.971 Y45.529 E2.0128
;TYPE:Overhang perimeter
;WIDTH:0.4
;HEIGHT:0.4
G1 X140.971 Y45.646 E2.01891
G1 X60.529 Y45.646 E6.22159
G1 X60.529 Y45.529 E6.2277
;TYPE:External perimeter
;WIDTH:0.448856
;HEIGHT:0.3
G1 X60.529 Y45.262 E6.2405
G1 X140.911 Y45.262 E10.09513
G1 X140.957 Y45.659 F7800
G1 E8.09513 F2400
G92 E0
G1 X170.264 Y154.603 F7800
G1 E2 F2400
;TYPE:Perimeter
;WIDTH:0.45
G1 F1500
G1 X170.188 Y154.726 E2.00695
G1 X170.128 Y155.155 E2.02778
G1 X170.261 Y155.567 E2.0486
G1 X170.435 Y155.857 E2.06487
G1 X168.705 Y155.857 E2.14808
G1 X168.879 Y155.567 E2.16435
G1 X169.006 Y155.207 E2.18271
G1 X168.952 Y154.726 E2.20599
G1 X168.766 Y154.423 E2.22309
G1 X168.604 Y154.28 E2.23348
G1 X168.412 Y154.176 E2.24398
G1 X168.052 Y154.107 E2.26161
G1 X145.191 Y154.107 E3.36114
G1 X145.191 Y142.57 E3.91603
G1 X145.128 Y142.226 E3.93285
G1 X144.924 Y141.904 E3.95118
G1 X144.674 Y141.716 E3.96622
G1 X144.227 Y141.606 E3.98836
G1 X144.061 Y141.62 E3.99637
G1 X143.745 Y141.735 E4.01254
G1 X108.492 Y162.088 E5.97038
G1 X108.158 Y162.41 E5.99269
G1 X108.01 Y162.923 E6.01837
G1 X108.01 Y163.966 E6.06853
G1 X106.502 Y163.966 E6.14106
G1 X106.502 Y140.584 E7.26565
G1 X144.227 Y140.584 E9.08009
G1 X144.674 Y140.474 E9.10223
G1 X144.924 Y140.286 E9.11727
G1 X145.128 Y139.964 E9.1356
G1 X145.191 Y139.62 E9.15242
G1 X145.191 Y63.793 E12.79944
G1 X193.949 Y63.793 E15.14453
G1 X193.949 Y154.107 E19.48832
G1 X171.026 Y154.107 E20.59084
G1 X170.65 Y154.212 E20.60962
G1 X170.374 Y154.423 E20.62633
G1 X170.295 Y154.551 E20.63356
G1 X170.603 Y154.793 F7800
G1 F1500
G1 X170.548 Y154.864 E20.63788
G1 X170.512 Y155.121 E20.65036
G1 X170.592 Y155.368 E20.66285
G1 X171.117 Y156.242 E20.71189
G1 X168.023 Y156.242 E20.8607
G1 X168.548 Y155.368 E20.90974
G1 X168.624 Y155.152 E20.92075
G1 X168.592 Y154.864 E20.93469
G1 X168.48 Y154.682 E20.94497
G1 X168.315 Y154.555 E20.95498
G1 X168.052 Y154.492 E20.96799
G1 X144.806 Y154.492 E22.08604
G1 X144.806 Y142.541 E22.66084
G1 X144.715 Y142.259 E22.67509
G1 X144.495 Y142.057 E22.68946
G1 X144.227 Y141.991 E22.70273
G1 X143.938 Y142.069 E22.71713
G1 X108.684 Y162.422 E24.67501
G1 X108.484 Y162.615 E24.68838
G1 X108.395 Y162.923 E24.7038
G1 X108.395 Y164.352 E24.77253
G1 X106.116 Y164.352 E24.88214
G1 X106.116 Y140.198 E26.04386
G1 X144.227 Y140.198 E27.87687
G1 X144.495 Y140.132 E27.89014
G1 X144.645 Y140.019 E27.89917
G1 X144.749 Y139.869 E27.90795
G1 X144.806 Y139.62 E27.92024
G1 X144.806 Y63.407 E31.58582
G1 X194.334 Y63.407 E33.96794
G1 X194.334 Y154.492 E38.34881
G1 X171.04 Y154.492 E39.46917
G1 X170.757 Y154.596 E39.48367
G1 X170.64 Y154.746 E39.49282
G1 X170.934 Y154.976 F7800
;TYPE:External perimeter
G1 F1500
G1 X170.908 Y155.002 E39.49459
G1 X170.923 Y155.17 E39.5027
G1 X171.798 Y156.628 E39.58448
G1 X167.342 Y156.628 E39.7988
G1 X168.249 Y155.117 E39.88356
G1 X168.195 Y154.941 E39.89241
G1 X168.052 Y154.878 E39.89993
G1 X144.42 Y154.878 E41.03655
G1 X144.42 Y142.57 E41.62852
G1 X144.367 Y142.436 E41.63545
G1 X144.227 Y142.377 E41.64276
G1 X144.131 Y142.403 E41.64754
G1 X108.819 Y162.79 E43.60866
G1 X108.781 Y162.923 E43.61531
G1 X108.781 Y164.738 E43.70261
G1 X105.731 Y164.738 E43.8493
G1 X105.731 Y139.813 E45.04811
G1 X144.227 Y139.813 E46.89963
G1 X144.367 Y139.753 E46.90696
G1 X144.42 Y139.62 E46.91385
G1 X144.42 Y63.16 E50.59131
;TYPE:Overhang perimeter
;WIDTH:0.4
;HEIGHT:0.4
G1 X144.42 Y63.022 E50.59852
G1 X194.72 Y63.022 E53.22644
G1 X194.72 Y63.16 E53.23365
;TYPE:External perimeter
;WIDTH:0.45
;HEIGHT:0.3
G1 X194.72 Y154.878 E57.64497
G1 X171.038 Y154.878 E58.78399
G1 X170.978 Y154.935 E58.78797
G1 X171.023 Y155.332 F7800
G1 E56.78797 F2400
G92 E0
G1 X145.585 Y64.113 F7800
G1 E2 F2400
;TYPE:Solid infill
;WIDTH:0.543559
G1 F1200
G1 X145.543 Y64.071 E2.00355
G1 X145.485 Y64.087 E2.00715
G1 X145.469 Y64.144 E2.01069
G1 X145.512 Y64.187 E2.01432
G1 X145.57 Y64.171 E2.01792
;WIDTH:0.45
G1 X146.186 Y64.082 E2.04786
G1 X145.48 Y64.787 E2.09585
G1 X145.48 Y65.333 E2.12211
G1 X146.731 Y64.082 E2.2072
G1 X147.276 Y64.082 E2.23341
G1 X145.48 Y65.878 E2.35557
G1 X145.48 Y66.423 E2.38178
G1 X147.822 Y64.082 E2.54105
G1 X148.367 Y64.082 E2.56726
G1 X145.48 Y66.969 E2.76363
G1 X145.48 Y67.514 E2.78984
G1 X148.912 Y64.082 E3.02328
G1 X149.458 Y64.082 E3.04954
G1 X145.48 Y68.059 E3.32008
G1 X145.48 Y68.605 E3.34634
G1 X150.003 Y64.082 E3.65399
G1 X150.548 Y64.082 E3.6802
G1 X145.48 Y69.15 E4.02492
G1 X145.48 Y69.695 E4.05113
G1 X151.094 Y64.082 E4.43295
G1 X151.639 Y64.082 E4.45916
G1 X145.48 Y70.241 E4.87809
G1 X145.48 Y70.786 E4.9043
G1 X152.184 Y64.082 E5.3603
G1 X152.73 Y64.082 E5.38656
G1 X145.48 Y71.331 E5.87966
G1 X145.48 Y71.877 E5.90592
G1 X153.275 Y64.082 E6.43613
G1 X153.82 Y64.082 E6.46234
G1 X145.48 Y72.422 E7.02962
G1 X145.48 Y72.967 E7.05583
G1 X154.366 Y64.082 E7.66021
G1 X154.911 Y64.082 E7.68642
G1 X145.48 Y73.513 E8.3279
G1 X145.48 Y74.058 E8.35411
G1 X155.456 Y64.082 E9.03267
G1 X156.002 Y64.082 E9.05893
G1 X145.48 Y74.603 E9.77459
G1 X145.48 Y75.149 E9.80085
G1 X156.547 Y64.082 E10.55361
G1 X157.092 Y64.082 E10.57982
G1 X145.48 Y75.694 E11.36965
G1 X145.48 Y76.24 E11.39591
G1 X157.638 Y64.082 E12.22288
G1 X158.183 Y64.082 E12.24909
G1 X145.48 Y76.785 E13.11313
G1 X145.48 Y77.33 E13.13934
G1 X158.729 Y64.082 E14.04049
G1 X159.274 Y64.082 E14.0667
G1 X145.48 Y77.876 E15.00495
G1 X145.48 Y78.421 E15.03116
G1 X159.819 Y64.082 E16.00648
G1 X160.365 Y64.082 E16.03274
G1 X145.48 Y78.966 E17.04517
G1 X145.48 Y79.512 E17.07143
G1 X160.91 Y64.082 E18.12096
G1 X161.455 Y64.082 E18.14717
G1 X145.48 Y80.057 E19.23377
G1 X145.48 Y80.602 E19.25998
G1 X162.001 Y64.082 E20.38368
G1 X162.546 Y64.082 E20.40989
G1 X145.48 Y81.148 E21.5707
G1 X145.48 Y81.693 E21.59691
G1 X163.091 Y64.082 E22.79479
G1 X163.637 Y64.082 E22.82105
G1 X145.48 Y82.238 E24.05603
G1 X145.48 Y82.784 E24.08229
G1 X164.182 Y64.082 E25.35438
G1 X164.727 Y64.082 E25.38059
G1 X145.48 Y83.329 E26.68975
G1 X145.48 Y83.874 E26.71596
G1 X165.273 Y64.082 E28.06222
G1 X165.818 Y64.082 E28.08843
G1 X145.48 Y84.42 E29.4718
G1 X145.48 Y84.965 E29.49801
G1 X166.363 Y64.082 E30.91845
G1 X166.909 Y64.082 E30.94471
G1 X145.48 Y85.51 E32.40225
G1 X145.48 Y86.056 E32.42851
G1 X167.454 Y64.082 E33.92315
G1 X167.999 Y64.082 E33.94936
G1 X145.48 Y86.601 E35.48107
G1 X145.48 Y87.146 E35.50728
G1 X168.545 Y64.082 E37.0761
G1 X169.09 Y64.082 E37.10231
G1 X145.48 Y87.692 E38.70823
G1 X145.48 Y88.237 E38.73444
G1 X169.635 Y64.082 E40.37743
G1 X170.181 Y64.082 E40.40369
G1 X145.48 Y88.783 E42.08382
G1 X145.48 Y89.328 E42.11003
G1 X170.726 Y64.082 E43.82723
G1 X171.272 Y64.082 E43.85349
G1 X145.48 Y89.873 E45.6078
G1 X145.48 Y90.419 E45.63406
G1 X171.817 Y64.082 E47.42547
G1 X172.362 Y64.082 E47.45168
G1 X145.48 Y90.964 E49.28016
G1 X145.48 Y91.509 E49.30637
G1 X172.908 Y64.082 E51.17195
G1 X173.453 Y64.082 E51.19816
G1 X145.48 Y92.055 E53.10085
G1 X145.48 Y92.6 E53.12706
G1 X173.998 Y64.082 E55.06682
G1 X174.544 Y64.082 E55.09308
G1 X145.48 Y93.145 E57.06994
G1 X145.48 Y93.691 E57.0962
G1 X175.089 Y64.082 E59.11017
G1 X175.634 Y64.082 E59.13638
G1 X145.48 Y94.236 E61.18742
G1 X145.48 Y94.781 E61.21363
G1 X176.18 Y64.082 E63.30177
G1 X176.725 Y64.082 E63.32798
G1 X145.48 Y95.327 E65.45323
G1 X145.48 Y95.872 E65.47944
G1 X177.27 Y64.082 E67.64176
G1 X177.816 Y64.082 E67.66802
G1 X145.48 Y96.417 E69.86744
G1 X145.48 Y96.963 E69.8937
G1 X178.361 Y64.082 E72.13022
G1 X178.906 Y64.082 E72.15643
G1 X145.48 Y97.508 E74.43003
G1 X145.48 Y98.053 E74.45624
G1 X179.452 Y64.082 E76.76694
G1 X179.997 Y64.082 E76.79315
G1 X145.48 Y98.599 E79.14095
G1 X145.48 Y99.144 E79.16716
G1 X180.542 Y64.082 E81.55203
G1 X181.088 Y64.082 E81.57829
G1 X145.48 Y99.689 E84.00027
G1 X145.48 Y100.235 E84.02653
G1 X181.633 Y64.082 E86.48561
G1 X182.178 Y64.082 E86.51182
G1 X145.48 Y100.78 E89.00797
G1 X145.48 Y101.326 E89.03423
G1 X182.724 Y64.082 E91.56752
G1 X183.269 Y64.082 E91.59373
G1 X145.48 Y101.871 E94.16409
G1 X145.48 Y102.416 E94.1903
G1 X183.815 Y64.082 E96.79777
G1 X184.36 Y64.082 E96.82398
G1 X145.48 Y102.962 E99.46855
G1 X145.48 Y103.507 E99.49476
G1 X184.905 Y64.082 E102.1764
G1 X185.451 Y64.082 E102.20266
G1 X145.48 Y104.052 E104.9214
G1 X145.48 Y104.598 E104.94766
G1 X185.996 Y64.082 E107.70351
G1 X186.541 Y64.082 E107.72972
G1 X145.48 Y105.143 E110.52264
G1 X145.48 Y105.688 E110.54885
G1 X187.087 Y64.082 E113.37887
G1 X187.632 Y64.082 E113.40508
G1 X145.48 Y106.234 E116.27221
G1 X145.48 Y106.779 E116.29842
G1 X188.177 Y64.082 E119.20262
G1 X188.723 Y64.082 E119.22888
G1 X145.48 Y107.324 E122.17018
G1 X145.48 Y107.87 E122.19644
G1 X189.268 Y64.082 E125.17485
G1 X189.813 Y64.082 E125.20106
G1 X145.48 Y108.415 E128.21654
G1 X145.48 Y108.96 E128.24275
G1 X190.359 Y64.082 E131.29533
G1 X190.904 Y64.082 E131.32154
G1 X145.48 Y109.506 E134.41122
G1 X145.48 Y110.051 E134.43743
G1 X191.449 Y64.082 E137.56418
G1 X191.995 Y64.082 E137.59044
G1 X145.48 Y110.596 E140.7543
G1 X145.48 Y111.142 E140.78056
G1 X192.54 Y64.082 E143.98152
G1 X193.085 Y64.082 E144.00773
G1 X145.48 Y111.687 E147.24576
G1 X145.48 Y112.232 E147.27197
G1 X193.631 Y64.082 E150.54711
G1 X193.66 Y64.599 E150.57201
G1 X145.48 Y112.778 E153.84912
G1 X145.48 Y113.323 E153.87533
G1 X193.66 Y65.144 E157.15244
G1 X193.66 Y65.689 E157.17865
G1 X145.48 Y113.869 E160.45579
G1 X145.48 Y114.414 E160.482
G1 X193.66 Y66.235 E163.75911
G1 X193.66 Y66.78 E163.78532
G1 X145.48 Y114.959 E167.06243
G1 X145.48 Y115.505 E167.08869
G1 X193.66 Y67.325 E170.36583
G1 X193.66 Y67.871 E170.39209
G1 X145.48 Y116.05 E173.6692
G1 X145.48 Y116.595 E173.69541
G1 X193.66 Y68.416 E176.97252
G1 X193.66 Y68.962 E176.99878
G1 X145.48 Y117.141 E180.27589
G1 X145.48 Y117.686 E180.3021
G1 X193.66 Y69.507 E183.57921
G1 X193.66 Y70.052 E183.60542
G1 X145.48 Y118.231 E186.88253
G1 X145.48 Y118.777 E186.90879
G1 X193.66 Y70.598 E190.1859
G1 X193.66 Y71.143 E190.21211
G1 X145.48 Y119.322 E193.48922
G1 X145.48 Y119.867 E193.51543
G1 X193.66 Y71.688 E196.79254
G1 X193.66 Y72.234 E196.8188
G1 X145.48 Y120.413 E200.09591
G1 X145.48 Y120.958 E200.12212
G1 X193.66 Y72.779 E203.39923
G1 X193.66 Y73.324 E203.42544
G1 X145.48 Y121.503 E206.70255
G1 X145.48 Y122.049 E206.72881
G1 X193.66 Y73.87 E210.00592
G1 X193.66 Y74.415 E210.03213
G1 X145.48 Y122.594 E213.30924
G1 X145.48 Y123.139 E213.33545
G1 X193.66 Y74.96 E216.61256
G1 X193.66 Y75.506 E216.63882
G1 X145.48 Y123.685 E219.91593
G1 X145.48 Y124.23 E219.94214
G1 X193.66 Y76.051 E223.21925
G1 X193.66 Y76.596 E223.24546
G1 X145.48 Y124.775 E226.52257
G1 X145.48 Y125.321 E226.54883
G1 X193.66 Y77.142 E229.82594
G1 X193.66 Y77.687 E229.85215
G1 X145.48 Y125.866 E233.12926
G1 X145.48 Y126.412 E233.15552
G1 X193.66 Y78.232 E236.43266
G1 X193.66 Y78.778 E236.45892
G1 X145.48 Y126.957 E239.73603
G1 X145.48 Y127.502 E239.76224
G1 X193.66 Y79.323 E243.03935
G1 X193.66 Y79.868 E243.06556
G1 X145.48 Y128.048 E246.3427
G1 X145.48 Y128.593 E246.36891
G1 X193.66 Y80.414 E249.64602
G1 X193.66 Y80.959 E249.67223
G1 X145.48 Y129.138 E252.94934
G1 X145.48 Y129.684 E252.9756
G1 X193.66 Y81.504 E256.25274
G1 X193.66 Y82.05 E256.279
G1 X145.48 Y130.229 E259.55611
G1 X145.48 Y130.774 E259.58232
G1 X193.66 Y82.595 E262.85943
G1 X193.66 Y83.141 E262.88569
G1 X145.48 Y131.32 E266.1628
G1 X145.48 Y131.865 E266.18901
G1 X193.66 Y83.686 E269.46612
G1 X193.66 Y84.231 E269.49233
G1 X145.48 Y132.41 E272.76944
G1 X145.48 Y132.956 E272.7957
G1 X193.66 Y84.777 E276.07281
G1 X193.66 Y85.322 E276.09902
G1 X145.48 Y133.501 E279.37613
G1 X145.48 Y134.046 E279.40234
G1 X193.66 Y85.867 E282.67945
G1 X193.66 Y86.413 E282.70571
G1 X145.48 Y134.592 E285.98282
G1 X145.48 Y135.137 E286.00903
G1 X193.66 Y86.958 E289.28614
G1 X193.66 Y87.503 E289.31235
G1 X145.48 Y135.682 E292.58946
G1 X145.48 Y136.228 E292.61572
G1 X193.66 Y88.049 E295.89283
G1 X193.66 Y88.594 E295.91904
G1 X145.48 Y136.773 E299.19615
G1 X145.48 Y137.318 E299.22236
G1 X193.66 Y89.139 E302.49947
G1 X193.66 Y89.685 E302.52573
G1 X145.48 Y137.864 E305.80284
G1 X145.48 Y138.409 E305.82905
G1 X193.66 Y90.23 E309.10616
G1 X193.66 Y90.775 E309.13237
G1 X145.48 Y138.955 E312.40951
G1 X145.48 Y139.5 E312.43572
G1 X193.66 Y91.321 E315.71283
G1 X193.66 Y91.866 E315.73904
G1 X145.338 Y140.188 E319.02584
G1 E317.02584 F2400
G92 E0
G1 X106.922 Y140.924 F7800
G1 E2 F2400
;WIDTH:0.586103
G1 F1200
G1 X106.876 Y140.878 E2.00423
G1 X106.813 Y140.895 E2.00848
G1 X106.796 Y140.958 E2.01273
G1 X106.842 Y141.004 E2.01696
G1 X106.905 Y140.987 E2.02121
;WIDTH:0.45
G1 X106.791 Y141.651 E2.05361
G1 X107.569 Y140.873 E2.10653
G1 X107.747 Y140.739 E2.11725
;WIDTH:0.404381
G1 X107.706 Y140.75 E2.11905
G1 X107.687 Y140.678 E2.12221
G1 X107.758 Y140.697 E2.12533
;WIDTH:0.45
G1 X108.114 Y140.873 E2.14443
G1 X106.791 Y142.196 E2.23442
G1 X106.791 Y142.741 E2.26063
G1 X108.66 Y140.873 E2.38772
G1 X109.205 Y140.873 E2.41393
G1 X106.791 Y143.287 E2.57813
G1 X106.791 Y143.832 E2.60434
G1 X109.75 Y140.873 E2.80561
G1 X110.296 Y140.873 E2.83187
G1 X106.791 Y144.378 E3.07028
G1 X106.791 Y144.923 E3.09649
G1 X110.841 Y140.873 E3.37197
G1 X111.386 Y140.873 E3.39818
G1 X106.791 Y145.468 E3.71073
G1 X106.791 Y146.014 E3.73699
G1 X111.932 Y140.873 E4.08667
G1 X112.477 Y140.873 E4.11288
G1 X106.791 Y146.559 E4.49963
G1 X106.791 Y147.104 E4.52584
G1 X113.022 Y140.873 E4.94966
G1 X113.568 Y140.873 E4.97592
G1 X106.791 Y147.65 E5.43688
G1 X106.791 Y148.195 E5.46309
G1 X114.113 Y140.873 E5.96112
G1 X114.658 Y140.873 E5.98733
G1 X106.791 Y148.74 E6.52243
G1 X106.791 Y149.286 E6.54869
G1 X115.204 Y140.873 E7.12093
G1 X115.749 Y140.873 E7.14714
G1 X106.791 Y149.831 E7.75645
G1 X106.791 Y150.376 E7.78266
G1 X116.294 Y140.873 E8.42904
G1 X116.84 Y140.873 E8.4553
G1 X106.791 Y150.922 E9.13882
G1 X106.791 Y151.467 E9.16503
G1 X117.385 Y140.873 E9.88562
G1 X117.931 Y140.873 E9.91188
G1 X106.791 Y152.012 E10.66957
G1 X106.791 Y152.558 E10.69583
G1 X118.476 Y140.873 E11.49063
G1 X119.021 Y140.873 E11.51684
G1 X106.791 Y153.103 E12.34871
G1 X106.791 Y153.648 E12.37492
G1 X119.567 Y140.873 E13.24389
G1 X120.112 Y140.873 E13.2701
G1 X106.791 Y154.194 E14.17618
G1 X106.791 Y154.739 E14.20239
G1 X120.657 Y140.873 E15.14554
G1 X121.203 Y140.873 E15.1718
G1 X106.791 Y155.284 E16.15205
G1 X106.791 Y155.83 E16.17831
G1 X121.748 Y140.873 E17.19567
G1 X122.293 Y140.873 E17.22188
G1 X106.791 Y156.375 E18.27631
G1 X106.791 Y156.92 E18.30252
G1 X122.839 Y140.873 E19.39405
G1 X123.384 Y140.873 E19.42026
G1 X106.791 Y157.466 E20.5489
G1 X106.791 Y158.011 E20.57511
G1 X123.929 Y140.873 E21.74082
G1 X124.475 Y140.873 E21.76708
G1 X106.791 Y158.557 E22.96992
G1 X106.791 Y159.102 E22.99613
G1 X125.02 Y140.873 E24.23604
G1 X125.565 Y140.873 E24.26225
G1 X106.791 Y159.647 E25.53923
G1 X106.791 Y160.193 E25.56549
G1 X126.111 Y140.873 E26.87961
G1 X126.656 Y140.873 E26.90582
G1 X106.791 Y160.738 E28.25701
G1 X106.791 Y161.283 E28.28322
G1 X127.201 Y140.873 E29.67148
G1 X127.747 Y140.873 E29.69774
G1 X106.791 Y161.829 E31.12314
G1 X106.791 Y162.374 E31.14935
G1 X128.292 Y140.873 E32.61182
G1 X128.837 Y140.873 E32.63803
G1 X106.791 Y162.919 E34.13757
G1 X107.947 Y162.265 F7800
;WIDTH:0.404381
G1 F1200
G1 X108.242 Y161.978 E34.15502
;WIDTH:0.45
G1 X108.515 Y161.741 E34.17241
G1 X129.383 Y140.873 E35.59183
G1 X129.928 Y140.873 E35.61804
G1 X109.805 Y160.996 E36.98678
G1 X109.574 Y161.194 E37.00141
;WIDTH:0.404381
G1 X109.502 Y161.175 E37.00457
G1 X109.521 Y161.246 E37.00769
G1 X109.563 Y161.235 E37.00953
G1 X110.853 Y160.49 F7800
G1 F1200
G1 X110.812 Y160.501 E37.01133
G1 X110.793 Y160.43 E37.01445
G1 X110.864 Y160.449 E37.01757
;WIDTH:0.45
G1 X111.095 Y160.251 E37.0322
G1 X130.474 Y140.873 E38.3503
G1 X131.019 Y140.873 E38.37651
G1 X112.386 Y159.506 E39.6439
G1 X112.154 Y159.704 E39.65857
;WIDTH:0.404381
G1 X112.083 Y159.685 E39.66169
G1 X112.102 Y159.756 E39.66481
G1 X112.143 Y159.745 E39.66661
G1 X113.433 Y159 F7800
G1 F1200
G1 X113.392 Y159.011 E39.66841
G1 X113.373 Y158.94 E39.67153
G1 X113.444 Y158.959 E39.67465
;WIDTH:0.45
G1 X113.676 Y158.761 E39.68932
G1 X131.564 Y140.873 E40.90604
G1 X132.11 Y140.873 E40.9323
G1 X114.966 Y158.016 E42.09838
G1 X114.735 Y158.214 E42.11301
;WIDTH:0.404381
G1 X114.664 Y158.195 E42.11613
G1 X114.683 Y158.267 E42.11929
G1 X114.724 Y158.256 E42.12109
G1 X116.014 Y157.511 F7800
G1 F1200
G1 X115.973 Y157.522 E42.12289
G1 X115.954 Y157.45 E42.12605
G1 X116.025 Y157.47 E42.12918
;WIDTH:0.45
G1 X116.257 Y157.271 E42.14388
G1 X132.655 Y140.873 E43.25925
G1 X133.2 Y140.873 E43.28546
G1 X117.547 Y156.526 E44.35016
G1 X117.315 Y156.725 E44.36486
;WIDTH:0.404381
G1 X117.244 Y156.706 E44.36798
G1 X117.263 Y156.777 E44.3711
G1 X117.304 Y156.766 E44.3729
G1 X118.595 Y156.021 F7800
G1 F1200
G1 X118.554 Y156.032 E44.3747
G1 X118.535 Y155.961 E44.37782
G1 X118.606 Y155.98 E44.38094
;WIDTH:0.45
G1 X118.837 Y155.781 E44.3956
G1 X133.746 Y140.873 E45.40966
G1 X134.291 Y140.873 E45.43587
G1 X120.128 Y155.036 E46.39922
G1 X119.896 Y155.235 E46.41392
;WIDTH:0.404381
G1 X119.825 Y155.216 E46.41704
G1 X119.844 Y155.287 E46.42016
G1 X119.885 Y155.276 E46.42196
G1 X121.175 Y154.531 F7800
G1 F1200
G1 X121.134 Y154.542 E46.42376
G1 X121.115 Y154.471 E46.42688
G1 X121.186 Y154.49 E46.43
;WIDTH:0.45
G1 X121.418 Y154.291 E46.4447
G1 X134.836 Y140.873 E47.35738
G1 X135.382 Y140.873 E47.38364
G1 X122.708 Y153.546 E48.24568
G1 X122.477 Y153.745 E48.26034
;WIDTH:0.404381
G1 X122.406 Y153.726 E48.26346
G1 X122.425 Y153.797 E48.26658
G1 X122.466 Y153.786 E48.26838
G1 X123.756 Y153.041 F7800
G1 F1200
G1 X123.715 Y153.052 E48.27018
G1 X123.696 Y152.981 E48.2733
G1 X123.767 Y153 E48.27642
;WIDTH:0.45
G1 X123.999 Y152.802 E48.29109
G1 X135.927 Y140.873 E49.10245
G1 X136.472 Y140.873 E49.12866
G1 X125.289 Y152.057 E49.88935
G1 X125.057 Y152.255 E49.90402
;WIDTH:0.404381
G1 X124.986 Y152.236 E49.90714
G1 X125.005 Y152.307 E49.91026
G1 X125.046 Y152.296 E49.91206
G1 X126.337 Y151.551 F7800
G1 F1200
G1 X126.295 Y151.562 E49.9139
G1 X126.276 Y151.491 E49.91702
G1 X126.348 Y151.51 E49.92018
;WIDTH:0.45
G1 X126.579 Y151.312 E49.93481
G1 X137.018 Y140.873 E50.64486
G1 X137.563 Y140.873 E50.67107
G1 X127.869 Y150.567 E51.33044
G1 X127.638 Y150.765 E51.34507
;WIDTH:0.404381
G1 X127.567 Y150.746 E51.34819
G1 X127.586 Y150.817 E51.35131
G1 X127.627 Y150.806 E51.35311
G1 X128.917 Y150.061 F7800
G1 F1200
G1 X128.876 Y150.072 E51.35491
G1 X128.857 Y150.001 E51.35803
G1 X128.928 Y150.02 E51.36115
;WIDTH:0.45
G1 X129.16 Y149.822 E51.37582
G1 X138.108 Y140.873 E51.98449
G1 X138.654 Y140.873 E52.01075
G1 X130.45 Y149.077 E52.56878
G1 X130.218 Y149.275 E52.58345
;WIDTH:0.404381
G1 X130.147 Y149.256 E52.58657
G1 X130.166 Y149.327 E52.58969
G1 X130.207 Y149.316 E52.59149
G1 X131.498 Y148.571 F7800
G1 F1200
G1 X131.457 Y148.582 E52.59329
G1 X131.438 Y148.511 E52.59641
G1 X131.509 Y148.53 E52.59953
;WIDTH:0.45
G1 X131.74 Y148.332 E52.61416
G1 X139.199 Y140.873 E53.12151
G1 X139.744 Y140.873 E53.14772
G1 X133.031 Y147.587 E53.60436
G1 X132.799 Y147.785 E53.61903
;WIDTH:0.404381
G1 X132.728 Y147.766 E53.62215
G1 X132.747 Y147.837 E53.62527
G1 X132.788 Y147.826 E53.62707
G1 X134.078 Y147.081 F7800
G1 F1200
G1 X134.037 Y147.092 E53.62887
G1 X134.018 Y147.021 E53.63199
G1 X134.089 Y147.04 E53.63511
;WIDTH:0.45
G1 X134.321 Y146.842 E53.64978
G1 X140.29 Y140.873 E54.05578
G1 X140.835 Y140.873 E54.08199
G1 X135.611 Y146.097 E54.43732
G1 X135.38 Y146.295 E54.45195
;WIDTH:0.404381
G1 X135.309 Y146.276 E54.45507
G1 X135.328 Y146.347 E54.45819
G1 X135.369 Y146.336 E54.45999
G1 X136.659 Y145.591 F7800
G1 F1200
G1 X136.618 Y145.602 E54.46179
G1 X136.599 Y145.531 E54.46491
G1 X136.67 Y145.55 E54.46803
;WIDTH:0.45
G1 X136.902 Y145.352 E54.4827
G1 X141.38 Y140.873 E54.78732
G1 X141.926 Y140.873 E54.81358
G1 X138.192 Y144.607 E55.06756
G1 X137.96 Y144.805 E55.08223
;WIDTH:0.404381
G1 X137.889 Y144.786 E55.08535
G1 X137.908 Y144.857 E55.08847
G1 X137.949 Y144.846 E55.09027
G1 X139.24 Y144.101 F7800
G1 F1200
G1 X139.199 Y144.112 E55.09207
G1 X139.18 Y144.041 E55.09519
G1 X139.251 Y144.06 E55.09831
;WIDTH:0.45
G1 X139.482 Y143.862 E55.11294
G1 X142.471 Y140.873 E55.31625
G1 X143.017 Y140.873 E55.34251
G1 X140.773 Y143.117 E55.49514
G1 X140.541 Y143.315 E55.50981
;WIDTH:0.404381
G1 X140.47 Y143.296 E55.51293
G1 X140.489 Y143.367 E55.51605
G1 X140.53 Y143.356 E55.51785
G1 X141.831 Y142.57 F7800
G1 F1200
G1 X141.76 Y142.551 E55.52097
G1 X141.779 Y142.622 E55.52409
G1 X141.82 Y142.611 E55.52589
;WIDTH:0.45
G1 X143.39 Y141.045 E55.63254
G1 X143.568 Y140.822 E55.64626
;WIDTH:0.404381
G1 X143.527 Y140.833 E55.64806
G1 X143.508 Y140.762 E55.65118
G1 X143.579 Y140.781 E55.6543
;WIDTH:0.45
G1 X144.107 Y140.873 E55.68008
G1 X143.799 Y141.181 E55.70103
;WIDTH:0.478776
G1 X143.691 Y141.33 E55.71054
;WIDTH:0.507553
G1 X143.582 Y141.479 E55.72074
G1 X143.542 Y141.439 E55.72387
G1 X143.489 Y141.454 E55.72691
G1 X143.475 Y141.507 E55.72994
G1 X143.514 Y141.546 E55.73299
G1 X143.567 Y141.532 E55.73602
;WIDTH:0.45
G1 X144.208 Y141.318 E55.76852
G1 X144.787 Y140.738 E55.80794
G1 X144.653 Y141.418 E55.84127
G1 X193.66 Y92.411 E59.17467
G1 X193.66 Y92.957 E59.20093
G1 X145.008 Y141.608 E62.51014
G1 X145.276 Y141.885 E62.52868
G1 X193.66 Y93.502 E65.81967
G1 X193.66 Y94.047 E65.84588
G1 X145.441 Y142.266 E69.12568
G1 X145.474 Y142.778 E69.15036
G1 X193.66 Y94.593 E72.42788
G1 X193.66 Y95.138 E72.45409
G1 X145.474 Y143.323 E75.73161
G1 X145.475 Y143.868 E75.75782
G1 X193.66 Y95.684 E79.03527
G1 X193.66 Y96.229 E79.06148
G1 X145.475 Y144.413 E82.33893
G1 X145.475 Y144.958 E82.36514
G1 X193.66 Y96.774 E85.64259
G1 X193.66 Y97.32 E85.66885
G1 X145.476 Y145.503 E88.94623
G1 X145.476 Y146.048 E88.97244
G1 X193.66 Y97.865 E92.24982
G1 X193.66 Y98.41 E92.27603
G1 X145.476 Y146.593 E95.55341
G1 X145.477 Y147.139 E95.57967
G1 X193.66 Y98.956 E98.85702
G1 X193.66 Y99.501 E98.88323
G1 X145.477 Y147.684 E102.16058
G1 X145.477 Y148.229 E102.18679
G1 X193.66 Y100.046 E105.46414
G1 X193.66 Y100.592 E105.4904
G1 X145.478 Y148.774 E108.76768
G1 X145.478 Y149.319 E108.79389
G1 X193.66 Y101.137 E112.07117
G1 X193.66 Y101.682 E112.09738
G1 X145.478 Y149.864 E115.37466
G1 X145.478 Y150.409 E115.40087
G1 X193.66 Y102.228 E118.67812
G1 X193.66 Y102.773 E118.70433
G1 X145.479 Y150.954 E121.98154
G1 X145.479 Y151.499 E122.00775
G1 X193.66 Y103.318 E125.28496
G1 X193.66 Y103.864 E125.31122
G1 X145.479 Y152.044 E128.5884
G1 X145.48 Y152.589 E128.61461
G1 X193.66 Y104.409 E131.89175
G1 X193.66 Y104.954 E131.91796
G1 X145.48 Y153.134 E135.1951
G1 X145.407 Y153.951 F7800
;WIDTH:0.404381
G1 F1200
G1 X145.366 Y153.962 E135.1969
G1 X145.347 Y153.891 E135.20002
G1 X145.418 Y153.91 E135.20314
;WIDTH:0.45
G1 X145.48 Y153.679 E135.21464
G1 X193.66 Y105.5 E138.49175
G1 X193.66 Y106.045 E138.51796
G1 X145.887 Y153.817 E141.76739
G1 X146.433 Y153.817 E141.79365
G1 X193.66 Y106.59 E145.00597
G1 X193.66 Y107.136 E145.03223
G1 X146.978 Y153.818 E148.20748
G1 X147.523 Y153.818 E148.23369
G1 X193.66 Y107.681 E151.37187
G1 X193.66 Y108.227 E151.39813
G1 X148.068 Y153.818 E154.49921
G1 X148.614 Y153.818 E154.52547
G1 X193.66 Y108.772 E157.58944
G1 X193.66 Y109.317 E157.61565
G1 X149.159 Y153.818 E160.64255
G1 X149.704 Y153.818 E160.66876
G1 X193.66 Y109.863 E163.65856
G1 X193.66 Y110.408 E163.68477
G1 X150.25 Y153.818 E166.63746
G1 X150.795 Y153.818 E166.66367
G1 X193.66 Y110.953 E169.57929
G1 X193.66 Y111.499 E169.60555
G1 X151.34 Y153.818 E172.48407
G1 X151.885 Y153.818 E172.51028
G1 X193.66 Y112.044 E175.35173
G1 X193.66 Y112.589 E175.37794
G1 X152.431 Y153.818 E178.18229
G1 X152.976 Y153.818 E178.2085
G1 X193.66 Y113.135 E180.97574
G1 X193.66 Y113.68 E181.00195
G1 X153.521 Y153.818 E183.73212
G1 X154.066 Y153.818 E183.75833
G1 X193.66 Y114.225 E186.45143
G1 X193.66 Y114.771 E186.47769
G1 X154.612 Y153.818 E189.13365
G1 X155.157 Y153.819 E189.15986
G1 X193.66 Y115.316 E191.77879
G1 X193.66 Y115.861 E191.805
G1 X155.702 Y153.819 E194.38686
G1 X156.248 Y153.819 E194.41312
G1 X193.66 Y116.407 E196.95784
G1 X193.66 Y116.952 E196.98405
G1 X156.793 Y153.819 E199.4917
G1 X157.338 Y153.819 E199.51791
G1 X193.66 Y117.497 E201.98849
G1 X193.66 Y118.043 E202.01475
G1 X157.883 Y153.819 E204.44822
G1 X158.429 Y153.819 E204.47448
G1 X193.66 Y118.588 E206.87085
G1 X193.66 Y119.133 E206.89706
G1 X158.974 Y153.819 E209.25636
G1 X159.519 Y153.819 E209.28257
G1 X193.66 Y119.679 E211.60476
G1 X193.66 Y120.224 E211.63097
G1 X160.065 Y153.819 E213.91606
G1 X160.61 Y153.819 E213.94227
G1 X193.66 Y120.77 E216.19026
G1 X193.66 Y121.315 E216.21647
G1 X161.155 Y153.819 E218.42739
G1 X161.7 Y153.819 E218.4536
G1 X193.66 Y121.86 E220.62745
G1 X193.66 Y122.406 E220.65371
G1 X162.246 Y153.819 E222.79042
G1 X162.791 Y153.82 E222.81663
G1 X193.66 Y122.951 E224.9163
G1 X193.66 Y123.496 E224.94251
G1 X163.336 Y153.82 E227.00511
G1 X163.881 Y153.82 E227.03132
G1 X193.66 Y124.042 E229.05682
G1 X193.66 Y124.587 E229.08303
G1 X164.427 Y153.82 E231.07142
G1 X164.972 Y153.82 E231.09763
G1 X193.66 Y125.132 E233.04895
G1 X193.66 Y125.678 E233.07521
G1 X165.517 Y153.82 E234.98943
G1 X166.063 Y153.82 E235.01569
G1 X193.66 Y126.223 E236.8928
G1 X193.66 Y126.768 E236.91901
G1 X166.608 Y153.82 E238.75905
G1 X167.153 Y153.82 E238.78526
G1 X193.66 Y127.314 E240.5882
G1 X193.66 Y127.859 E240.61441
G1 X167.698 Y153.82 E242.38028
G1 X167.603 Y153.974 E242.38898
;WIDTH:0.404381
G1 X167.532 Y153.955 E242.3921
G1 X167.551 Y154.026 E242.39522
G1 X167.592 Y154.015 E242.39702
;WIDTH:0.45
G1 X168.227 Y153.837 E242.42874
G1 X193.66 Y128.404 E244.15866
G1 X193.66 Y128.95 E244.18492
G1 X168.635 Y153.974 E245.88706
G1 X168.952 Y154.203 E245.90587
G1 X193.66 Y129.495 E247.58648
G1 X193.66 Y130.04 E247.61269
G1 X169.168 Y154.532 E249.27861
G1 X169.274 Y154.972 E249.30038
G1 X193.66 Y130.586 E250.95909
G1 X193.66 Y131.131 E250.9853
G1 X170.964 Y153.826 E252.52902
G1 X170.692 Y153.977 E252.54398
;WIDTH:0.404381
G1 X170.264 Y154.326 E252.5674
;WIDTH:0.45
G1 X169.872 Y154.92 E252.60163
;WIDTH:0.452287
G1 X169.842 Y155.136 E252.61218
G1 X169.961 Y155.566 E252.63377
G1 X169.694 Y155.566 E252.64669
;WIDTH:0.49491
G1 X169.554 Y155.545 E252.65429
;WIDTH:0.537533
G1 X169.414 Y155.524 E252.66264
;WIDTH:0.580157
G1 X169.274 Y155.502 E252.67176
G1 X169.353 Y155.452 E252.67777
;WIDTH:0.545284
G1 X169.431 Y155.402 E252.68333
;WIDTH:0.510411
G1 X169.742 Y155.062 E252.70896
G1 E250.70896 F2400
G92 E0
G1 X171.516 Y153.82 F7800
G1 E2 F2400
;WIDTH:0.45
G1 F1200
G1 X193.66 Y131.676 E3.50621
G1 X193.66 Y132.222 E3.53247
G1 X172.061 Y153.82 E5.00157
G1 X172.606 Y153.82 E5.02778
G1 X193.66 Y132.767 E6.45981
G1 X193.66 Y133.313 E6.48607
G1 X173.152 Y153.82 E7.88096
G1 X173.697 Y153.82 E7.90717
G1 X193.66 Y133.858 E9.26499
G1 X193.66 Y134.403 E9.2912
G1 X174.243 Y153.82 E10.61192
G1 X174.788 Y153.82 E10.63813
G1 X193.66 Y134.949 E11.92175
G1 X193.66 Y135.494 E11.94796
G1 X175.334 Y153.82 E13.19447
G1 X175.879 Y153.82 E13.22068
G1 X193.66 Y136.039 E14.43012
G1 X193.66 Y136.585 E14.45638
G1 X176.424 Y153.82 E15.62872
G1 X176.97 Y153.82 E15.65498
G1 X193.66 Y137.13 E16.79021
G1 X193.66 Y137.675 E16.81642
G1 X177.515 Y153.82 E17.91458
G1 X178.061 Y153.819 E17.94084
G1 X193.66 Y138.221 E19.00183
G1 X193.66 Y138.766 E19.02804
G1 X178.606 Y153.819 E20.05196
G1 X179.152 Y153.819 E20.07822
G1 X193.66 Y139.311 E21.06504
G1 X193.66 Y139.857 E21.0913
G1 X179.697 Y153.819 E22.04101
G1 X180.242 Y153.819 E22.06722
G1 X193.66 Y140.402 E22.97986
G1 X193.66 Y140.947 E23.00607
G1 X180.788 Y153.819 E23.88161
G1 X181.333 Y153.819 E23.90782
G1 X193.66 Y141.493 E24.74625
G1 X193.66 Y142.038 E24.77246
G1 X181.879 Y153.819 E25.57379
G1 X182.424 Y153.819 E25.6
G1 X193.66 Y142.583 E26.36426
G1 X193.66 Y143.129 E26.39052
G1 X182.97 Y153.819 E27.11764
G1 X183.515 Y153.819 E27.14385
G1 X193.66 Y143.674 E27.8339
G1 X193.66 Y144.219 E27.86011
G1 X184.06 Y153.819 E28.51309
G1 X184.606 Y153.819 E28.53935
G1 X193.66 Y144.765 E29.15519
G1 X193.66 Y145.31 E29.1814
G1 X185.151 Y153.818 E29.76014
G1 X185.697 Y153.818 E29.7864
G1 X193.66 Y145.856 E30.328
G1 X193.66 Y146.401 E30.35421
G1 X186.242 Y153.818 E30.85874
G1 X186.787 Y153.818 E30.88495
G1 X193.66 Y146.946 E31.35241
G1 X193.66 Y147.492 E31.37867
G1 X187.333 Y153.818 E31.80899
G1 X187.878 Y153.818 E31.8352
G1 X193.66 Y148.037 E32.22845
G1 X193.66 Y148.582 E32.25466
G1 X188.424 Y153.818 E32.61081
G1 X188.969 Y153.818 E32.63702
G1 X193.66 Y149.128 E32.95606
G1 X193.66 Y149.673 E32.98227
G1 X189.515 Y153.818 E33.26421
G1 X190.06 Y153.818 E33.29042
G1 X193.66 Y150.218 E33.53529
G1 X193.66 Y150.764 E33.56155
G1 X190.605 Y153.818 E33.76931
G1 X191.151 Y153.818 E33.79557
G1 X193.66 Y151.309 E33.96623
G1 X193.66 Y151.854 E33.99244
G1 X191.696 Y153.818 E34.12603
G1 E32.12603 F2400
G92 E0
G1 X193.523 Y152.536 F7800
G1 E2 F2400
G1 F1200
G1 X192.242 Y153.818 E2.08717
G1 X193.66 Y153.817 E2.15537
G1 X193.66 Y152.4 E2.22352
G1 X193.298 Y153.388 F7800
;WIDTH:0.509225
G1 F1200
G1 X193.259 Y153.348 E2.22662
G1 X193.205 Y153.363 E2.22973
G1 X193.191 Y153.417 E2.23283
G1 X193.23 Y153.456 E2.23589
G1 X193.284 Y153.441 E2.239
G1 E.239 F2400
G92 E0
G1 X107.728 Y162.628 F7800
G1 E2 F2400
;WIDTH:0.591564
G1 F1200
G1 X107.66 Y162.864 E2.01615
G1 X107.65 Y163.606 E2.06494
G1 X106.862 Y163.606 E2.11675
G1 X106.862 Y163.418 E2.12911
G1 X106.978 Y163.378 E2.13718
G1 X107.592 Y162.764 E2.19428
;LAYER_CHANGE
;Z:0.95
;HEIGHT:0.3
G1 E.19428 F2400
G92 E0
G1 Z.95 F7800
;AFTER_LAYER_CHANGE
;0.95
G1 X104.422 Y164.296
G1 E2 F2400
;TYPE:Perimeter
;WIDTH:0.562093
G1 F1200
G1 X104.422 Y140.254 E3.49246
G1 X103.981 Y139.813 F7800
;TYPE:External perimeter
;WIDTH:0.45
G1 F1500
G1 X104.789 Y139.813 E3.53132
;TYPE:Overhang perimeter
;WIDTH:0.4
;HEIGHT:0.4
G1 X104.864 Y139.813 E3.53524
G1 X104.864 Y164.738 E4.83744
G1 X104.789 Y164.738 E4.84136
;TYPE:External perimeter
;WIDTH:0.45
;HEIGHT:0.3
G1 X103.981 Y164.738 E4.88022
G1 X103.981 Y139.873 E6.07614
G1 X104.376 Y139.813 F7800
G1 E4.07614 F2400
G92 E0
G1 X55.722 Y164.296 F7800
G1 E2 F2400
;TYPE:Perimeter
;WIDTH:0.562095
G1 F1200
G1 X55.722 Y140.254 E3.49247
G1 X55.28 Y139.813 F7800
;TYPE:External perimeter
;WIDTH:0.45
G1 F1500
G1 X56.088 Y139.813 E3.53133
;TYPE:Overhang perimeter
;WIDTH:0.4
;HEIGHT:0.4
G1 X56.163 Y139.813 E3.53525
G1 X56.163 Y164.738 E4.83745
G1 X56.088 Y164.738 E4.84137
;TYPE:External perimeter
;WIDTH:0.45
;HEIGHT:0.3
G1 X55.28 Y164.738 E4.88023
G1 X55.28 Y139.873 E6.07615
G1 X55.676 Y139.813 F7800
G1 E4.07615 F2400
G92 E0
G1 X59.442 Y142.102 F7800
G1 E2 F2400
;TYPE:Perimeter
G1 F1500
G1 X59.457 Y142.141 E2.00201
G1 X59.791 Y142.462 E2.02429
G1 X97.038 Y163.966 E4.09287
G1 X57.801 Y163.966 E5.98003
G1 X57.801 Y140.584 E7.10462
G1 X59.309 Y140.584 E7.17715
G1 X59.323 Y141.794 E7.23535
G1 X59.421 Y142.046 E7.24835
G1 X59.776 Y141.909 F7800
G1 F1500
G1 X59.783 Y141.935 E7.24965
G1 X59.984 Y142.128 E7.26305
G1 X98.477 Y164.352 E9.40084
G1 X57.416 Y164.352 E11.37573
G1 X57.416 Y140.198 E12.53745
G1 X59.694 Y140.198 E12.64701
G1 X59.694 Y141.627 E12.71574
G1 X59.759 Y141.851 E12.72696
G1 X60.121 Y141.715 F7800
;TYPE:External perimeter
G1 F1500
G1 X60.176 Y141.794 E12.73159
G1 X99.916 Y164.738 E14.93864
G1 X57.03 Y164.738 E17.00131
G1 X57.03 Y139.813 E18.20012
G1 X60.08 Y139.813 E18.34681
G1 X60.08 Y141.656 E18.43545
G1 X60.087 Y141.666 E18.43604
G1 X60.4 Y141.914 F7800
G1 E16.43604 F2400
G92 E0
G1 X58.122 Y163.573 F7800
G1 E2 F2400
;TYPE:Solid infill
;WIDTH:0.543559
G1 F1200
G1 X58.079 Y163.615 E2.00359
G1 X58.095 Y163.673 E2.00719
G1 X58.153 Y163.688 E2.01077
G1 X58.195 Y163.646 E2.01432
G1 X58.18 Y163.588 E2.0179
;WIDTH:0.45
G1 X58.09 Y162.972 E2.04784
G1 X58.796 Y163.677 E2.09583
G1 X59.341 Y163.677 E2.12204
G1 X58.09 Y162.427 E2.2071
G1 X58.09 Y161.881 E2.23336
G1 X59.886 Y163.677 E2.35552
G1 X60.432 Y163.677 E2.38178
G1 X58.09 Y161.336 E2.54105
G1 X58.09 Y160.791 E2.56726
G1 X60.977 Y163.677 E2.7636
G1 X61.522 Y163.677 E2.78981
G1 X58.09 Y160.245 E3.02325
G1 X58.09 Y159.7 E3.04946
G1 X62.068 Y163.677 E3.32
G1 X62.613 Y163.677 E3.34621
G1 X58.09 Y159.155 E3.65382
G1 X58.09 Y158.609 E3.68008
G1 X63.158 Y163.677 E4.0248
G1 X63.704 Y163.677 E4.05106
G1 X58.09 Y158.064 E4.43288
G1 X58.09 Y157.519 E4.45909
G1 X64.249 Y163.677 E4.87798
G1 X64.794 Y163.677 E4.90419
G1 X58.09 Y156.973 E5.36019
G1 X58.09 Y156.428 E5.3864
G1 X65.34 Y163.677 E5.8795
G1 X65.885 Y163.677 E5.90571
G1 X58.09 Y155.883 E6.43588
G1 X58.09 Y155.337 E6.46214
G1 X66.43 Y163.677 E7.02942
G1 X66.976 Y163.677 E7.05568
G1 X58.09 Y154.792 E7.66006
G1 X58.09 Y154.247 E7.68627
G1 X67.521 Y163.677 E8.32772
G1 X68.066 Y163.677 E8.35393
G1 X58.09 Y153.701 E9.03249
G1 X58.09 Y153.156 E9.0587
G1 X68.612 Y163.677 E9.77436
G1 X69.157 Y163.677 E9.80057
G1 X58.09 Y152.611 E10.5533
G1 X58.09 Y152.065 E10.57956
G1 X69.702 Y163.677 E11.36939
G1 X70.248 Y163.677 E11.39565
G1 X58.09 Y151.52 E12.22259
G1 X58.09 Y150.974 E12.24885
G1 X70.793 Y163.677 E13.11289
G1 X71.339 Y163.677 E13.13915
G1 X58.09 Y150.429 E14.0403
G1 X58.09 Y149.884 E14.06651
G1 X71.884 Y163.677 E15.00473
G1 X72.429 Y163.677 E15.03094
G1 X58.09 Y149.338 E16.00626
G1 X58.09 Y148.793 E16.03247
G1 X72.975 Y163.677 E17.0449
G1 X73.52 Y163.677 E17.07111
G1 X58.09 Y148.248 E18.12061
G1 X58.09 Y147.702 E18.14687
G1 X74.065 Y163.677 E19.23347
G1 X74.611 Y163.677 E19.25973
G1 X58.09 Y147.157 E20.38343
G1 X58.09 Y146.612 E20.40964
G1 X75.156 Y163.677 E21.57041
G1 X75.701 Y163.677 E21.59662
G1 X58.09 Y146.066 E22.7945
G1 X58.09 Y145.521 E22.82071
G1 X76.247 Y163.677 E24.05569
G1 X76.792 Y163.677 E24.0819
G1 X58.09 Y144.976 E25.35395
G1 X58.09 Y144.43 E25.38021
G1 X77.337 Y163.677 E26.68937
G1 X77.883 Y163.677 E26.71563
G1 X58.09 Y143.885 E28.06189
G1 X58.09 Y143.34 E28.0881
G1 X78.428 Y163.677 E29.47143
G1 X78.973 Y163.677 E29.49764
G1 X58.09 Y142.794 E30.91808
G1 X58.09 Y142.249 E30.94429
G1 X79.519 Y163.677 E32.40183
G1 X80.064 Y163.677 E32.42804
G1 X58.09 Y141.704 E33.92265
G1 X58.266 Y141.334 E33.94236
G1 X59.201 Y142.256 E34.00552
G1 X59.036 Y141.822 E34.02785
G1 X59.02 Y140.873 E34.0735
G1 X58.09 Y140.873 E34.11823
G1 X58.09 Y141.279 E34.13776
G1 X59.244 Y142.321 F7800
;WIDTH:0.440925
G1 F1200
G1 X59.37 Y142.444 E34.14603
;WIDTH:0.45
G1 X80.609 Y163.677 E35.59048
G1 X81.155 Y163.677 E35.61674
G1 X60.69 Y143.216 E37.00861
;WIDTH:0.404381
G1 X60.701 Y143.257 E37.01041
G1 X60.63 Y143.276 E37.01353
G1 X60.649 Y143.205 E37.01665
G1 X61.939 Y143.95 F7800
G1 F1200
G1 X61.92 Y144.021 E37.01977
G1 X61.991 Y144.002 E37.02289
G1 X61.98 Y143.961 E37.02469
;WIDTH:0.45
G1 X81.7 Y163.677 E38.36588
G1 X82.245 Y163.677 E38.39209
G1 X63.271 Y144.706 E39.68258
;WIDTH:0.404381
G1 X63.282 Y144.747 E39.68438
G1 X63.21 Y144.766 E39.68754
G1 X63.23 Y144.695 E39.69067
G1 X64.52 Y145.44 F7800
G1 F1200
G1 X64.501 Y145.511 E39.69379
G1 X64.572 Y145.492 E39.69691
G1 X64.561 Y145.451 E39.69871
;WIDTH:0.45
G1 X82.791 Y163.677 E40.93856
G1 X83.336 Y163.677 E40.96477
G1 X65.851 Y146.196 E42.15394
;WIDTH:0.404381
G1 X65.862 Y146.237 E42.15574
G1 X65.791 Y146.256 E42.15886
G1 X65.81 Y146.185 E42.16198
G1 X67.1 Y146.929 F7800
G1 F1200
G1 X67.081 Y147.001 E42.16514
G1 X67.152 Y146.982 E42.16826
G1 X67.141 Y146.94 E42.1701
;WIDTH:0.45
G1 X83.882 Y163.677 E43.30867
G1 X84.427 Y163.677 E43.33488
G1 X68.432 Y147.685 E44.42274
;WIDTH:0.404381
G1 X68.443 Y147.726 E44.42454
G1 X68.372 Y147.746 E44.42767
G1 X68.391 Y147.674 E44.43083
G1 X69.681 Y148.419 F7800
G1 F1200
G1 X69.662 Y148.491 E44.43399
G1 X69.733 Y148.471 E44.43712
G1 X69.722 Y148.43 E44.43892
;WIDTH:0.45
G1 X84.972 Y163.677 E45.4761
G1 X85.518 Y163.677 E45.50236
G1 X71.012 Y149.175 E46.4889
;WIDTH:0.404381
G1 X71.023 Y149.216 E46.4907
G1 X70.952 Y149.235 E46.49382
G1 X70.971 Y149.164 E46.49694
G1 X72.262 Y149.909 F7800
G1 F1200
G1 X72.243 Y149.98 E46.50006
G1 X72.314 Y149.961 E46.50318
G1 X72.303 Y149.92 E46.50498
;WIDTH:0.45
G1 X86.063 Y163.677 E47.44082
G1 X86.608 Y163.677 E47.46703
G1 X73.593 Y150.665 E48.35219
;WIDTH:0.404381
G1 X73.604 Y150.706 E48.35399
G1 X73.533 Y150.725 E48.35711
G1 X73.552 Y150.654 E48.36023
G1 X74.842 Y151.399 F7800
G1 F1200
G1 X74.823 Y151.47 E48.36335
G1 X74.894 Y151.451 E48.36647
G1 X74.883 Y151.41 E48.36827
;WIDTH:0.45
G1 X87.154 Y163.677 E49.20279
G1 X87.699 Y163.677 E49.229
G1 X76.174 Y152.155 E50.01281
;WIDTH:0.404381
G1 X76.185 Y152.196 E50.01461
G1 X76.114 Y152.215 E50.01773
G1 X76.133 Y152.144 E50.02085
G1 X77.423 Y152.889 F7800
G1 F1200
G1 X77.404 Y152.96 E50.02397
G1 X77.475 Y152.941 E50.02709
G1 X77.464 Y152.9 E50.02889
;WIDTH:0.45
G1 X88.244 Y163.677 E50.76203
G1 X88.79 Y163.677 E50.78829
G1 X78.754 Y153.645 E51.47079
;WIDTH:0.404381
G1 X78.765 Y153.686 E51.47259
G1 X78.694 Y153.705 E51.47571
G1 X78.713 Y153.634 E51.47883
G1 X80.003 Y154.379 F7800
G1 F1200
G1 X79.984 Y154.45 E51.48195
G1 X80.056 Y154.431 E51.48511
G1 X80.045 Y154.39 E51.48691
;WIDTH:0.45
G1 X89.335 Y163.677 E52.1187
G1 X89.88 Y163.677 E52.14491
G1 X81.335 Y155.135 E52.72603
;WIDTH:0.404381
G1 X81.346 Y155.176 E52.72783
G1 X81.275 Y155.195 E52.73095
G1 X81.294 Y155.124 E52.73407
G1 X82.584 Y155.869 F7800
G1 F1200
G1 X82.565 Y155.94 E52.73719
G1 X82.636 Y155.921 E52.74031
G1 X82.625 Y155.88 E52.74211
;WIDTH:0.45
G1 X90.426 Y163.677 E53.27259
G1 X90.971 Y163.677 E53.2988
G1 X83.915 Y156.625 E53.7786
;WIDTH:0.404381
G1 X83.926 Y156.666 E53.7804
G1 X83.855 Y156.685 E53.78352
G1 X83.874 Y156.614 E53.78664
G1 X85.165 Y157.359 F7800
G1 F1200
G1 X85.146 Y157.43 E53.78976
G1 X85.217 Y157.411 E53.79288
G1 X85.206 Y157.37 E53.79468
;WIDTH:0.45
G1 X91.516 Y163.677 E54.22378
G1 X92.062 Y163.677 E54.25004
G1 X86.496 Y158.115 E54.6285
;WIDTH:0.404381
G1 X86.507 Y158.156 E54.6303
G1 X86.436 Y158.175 E54.63342
G1 X86.455 Y158.104 E54.63654
G1 X87.745 Y158.849 F7800
G1 F1200
G1 X87.726 Y158.92 E54.63966
G1 X87.797 Y158.901 E54.64278
G1 X87.786 Y158.86 E54.64458
;WIDTH:0.45
G1 X92.607 Y163.677 E54.97236
G1 X93.152 Y163.677 E54.99857
G1 X89.077 Y159.605 E55.27564
;WIDTH:0.404381
G1 X89.088 Y159.646 E55.27744
G1 X89.017 Y159.665 E55.28056
G1 X89.036 Y159.594 E55.28368
G1 X90.326 Y160.339 F7800
G1 F1200
G1 X90.307 Y160.41 E55.2868
G1 X90.378 Y160.391 E55.28992
G1 X90.367 Y160.35 E55.29172
;WIDTH:0.45
G1 X93.698 Y163.677 E55.51815
G1 X94.243 Y163.677 E55.54436
G1 X91.657 Y161.095 E55.72012
;WIDTH:0.404381
G1 X91.668 Y161.136 E55.72192
G1 X91.597 Y161.155 E55.72504
G1 X91.616 Y161.084 E55.72816
G1 X92.907 Y161.829 F7800
G1 F1200
G1 X92.887 Y161.9 E55.73129
G1 X92.959 Y161.881 E55.73445
G1 X92.948 Y161.84 E55.73625
;WIDTH:0.45
G1 X94.674 Y163.562 E55.85351
G1 X94.56 Y162.917 E55.88501
;WIDTH:0.431365
G1 X95.076 Y163.433 E55.91841
G1 X95.127 Y163.533 E55.92355
G1 X95.078 Y163.687 E55.93095
G1 X95.908 Y163.687 E55.96894
G1 X95.4 Y163.344 E55.997
G1 X94.424 Y162.78 E56.0486
G1 E54.0486 F2400
G92 E0
G1 X55.722 Y135.921 F7800
G1 E2 F2400
;TYPE:Perimeter
;WIDTH:0.562095
G1 F1500
G1 X55.722 Y60.252 E6.69735
G1 X55.28 Y59.81 F7800
;TYPE:External perimeter
;WIDTH:0.45
G1 F1500
G1 X56.088 Y59.81 E6.73621
;TYPE:Overhang perimeter
;WIDTH:0.4
;HEIGHT:0.4
G1 X56.163 Y59.81 E6.74013
G1 X56.163 Y136.363 E10.73963
G1 X56.088 Y136.363 E10.74355
;TYPE:External perimeter
;WIDTH:0.45
;HEIGHT:0.3
G1 X55.28 Y136.363 E10.78241
G1 X55.28 Y59.87 E14.46146
G1 X55.676 Y59.811 F7800
G1 E12.46146 F2400
G92 E0
G1 X61.013 Y60.297 F7800
G1 E2 F2400
;TYPE:Perimeter
G1 F1500
G1 X61.046 Y60.271 E2.00202
G1 X61.231 Y59.978 E2.01869
G1 X61.301 Y59.618 E2.03633
G1 X61.301 Y47.784 E2.6055
G1 X138.892 Y47.784 E6.33736
G1 X57.801 Y134.073 E12.03259
G1 X57.801 Y60.582 E15.56725
G1 X60.475 Y60.582 E15.69586
G1 X60.792 Y60.468 E15.71206
G1 X60.965 Y60.333 E15.72261
G1 X60.735 Y60.015 F7800
G1 F1500
G1 X60.848 Y59.889 E15.73075
G1 X60.916 Y59.618 E15.74419
G1 X60.916 Y47.398 E16.33193
G1 X139.783 Y47.398 E20.12516
G1 X57.416 Y135.046 E25.91005
G1 X57.416 Y60.196 E29.51007
G1 X60.425 Y60.196 E29.65479
G1 X60.663 Y60.096 E29.66721
G1 X60.695 Y60.06 E29.66953
G1 X60.47 Y59.744 F7800
;TYPE:External perimeter
G1 F1500
G1 X60.53 Y59.618 E29.67624
G1 X60.53 Y47.012 E30.28254
G1 X140.675 Y47.012 E34.13724
G1 X57.03 Y136.02 E40.01189
G1 X57.03 Y59.81 E43.67733
G1 X60.337 Y59.81 E43.83639
G1 X60.426 Y59.779 E43.84092
G1 X60.522 Y59.39 F7800
G1 E41.84092 F2400
G92 E0
G1 X58.09 Y127.868 F7800
G1 E2 F2400
;TYPE:Solid infill
G1 F1200
G1 X60.743 Y130.52 E2.18042
G1 X58.09 Y133.343 E2.36675
G1 X58.09 Y127.322 E2.65634
G1 X61.007 Y130.239 E2.85475
G1 X61.271 Y129.958 E2.87329
G1 X58.09 Y126.777 E3.08966
G1 X58.09 Y126.232 E3.11587
G1 X61.536 Y129.677 E3.35023
G1 X61.8 Y129.396 E3.36877
G1 X58.09 Y125.686 E3.62112
G1 X58.09 Y125.141 E3.64733
G1 X62.064 Y129.114 E3.9176
G1 X62.328 Y128.833 E3.93614
G1 X58.09 Y124.596 E4.22437
G1 X58.09 Y124.05 E4.25063
G1 X62.592 Y128.552 E4.55685
G1 X62.857 Y128.271 E4.57543
G1 X58.09 Y123.505 E4.89964
G1 X58.09 Y122.96 E4.92585
G1 X63.121 Y127.99 E5.26802
G1 X63.385 Y127.709 E5.28656
G1 X58.09 Y122.414 E5.64672
G1 X58.09 Y121.869 E5.67293
G1 X63.649 Y127.428 E6.05105
G1 X63.913 Y127.146 E6.06963
G1 X58.09 Y121.324 E6.46567
G1 X58.09 Y120.778 E6.49193
G1 X64.178 Y126.865 E6.90599
G1 X64.442 Y126.584 E6.92453
G1 X58.09 Y120.233 E7.35655
G1 X58.09 Y119.688 E7.38276
G1 X64.706 Y126.303 E7.83274
G1 X64.97 Y126.022 E7.85128
G1 X58.09 Y119.142 E8.31925
G1 X58.09 Y118.597 E8.34546
G1 X65.234 Y125.741 E8.83139
G1 X65.499 Y125.46 E8.84997
G1 X58.09 Y118.051 E9.35392
G1 X58.09 Y117.506 E9.38013
G1 X65.763 Y125.178 E9.902
G1 X66.027 Y124.897 E9.92054
G1 X58.09 Y116.961 E10.46037
G1 X58.09 Y116.415 E10.48663
G1 X66.291 Y124.616 E11.04445
G1 X66.555 Y124.335 E11.06299
G1 X58.09 Y115.87 E11.63877
G1 X58.09 Y115.325 E11.66498
G1 X66.82 Y124.054 E12.25875
G1 X67.084 Y123.773 E12.27729
G1 X58.09 Y114.779 E12.88905
G1 X58.09 Y114.234 E12.91526
G1 X67.348 Y123.492 E13.54498
G1 X67.612 Y123.21 E13.56356
G1 X58.09 Y113.689 E14.2112
G1 X58.09 Y113.143 E14.23746
G1 X67.876 Y122.929 E14.90309
G1 X68.141 Y122.648 E14.92167
G1 X58.09 Y112.598 E15.60529
G1 X58.09 Y112.053 E15.6315
G1 X68.405 Y122.367 E16.33308
G1 X68.669 Y122.086 E16.35162
G1 X58.09 Y111.507 E17.07119
G1 X58.09 Y110.962 E17.0974
G1 X68.933 Y121.805 E17.83493
G1 X69.197 Y121.524 E17.85347
G1 X58.09 Y110.417 E18.60895
G1 X58.09 Y109.871 E18.63521
G1 X69.462 Y121.242 E19.40869
G1 X69.726 Y120.961 E19.42723
G1 X58.09 Y109.326 E20.21866
G1 X58.09 Y108.781 E20.24487
G1 X69.99 Y120.68 E21.05426
G1 X70.254 Y120.399 E21.0728
G1 X58.09 Y108.235 E21.90018
G1 X58.09 Y107.69 E21.92639
G1 X70.518 Y120.118 E22.77173
G1 X70.783 Y119.837 E22.79031
G1 X58.09 Y107.145 E23.65364
G1 X58.09 Y106.599 E23.6799
G1 X71.047 Y119.556 E24.56122
G1 X71.311 Y119.274 E24.5798
G1 X58.09 Y106.054 E25.47904
G1 X58.09 Y105.509 E25.50525
G1 X71.575 Y118.993 E26.42245
G1 X71.839 Y118.712 E26.44099
G1 X58.09 Y104.963 E27.37618
G1 X58.09 Y104.418 E27.40239
G1 X72.104 Y118.431 E28.35557
G1 X72.368 Y118.15 E28.37411
G1 X58.09 Y103.872 E29.34528
G1 X58.09 Y103.327 E29.37149
G1 X72.632 Y117.869 E30.36062
G1 X72.896 Y117.588 E30.37916
G1 X58.09 Y102.782 E31.38625
G1 X58.09 Y102.236 E31.41251
G1 X73.161 Y117.306 E32.43759
G1 X73.425 Y117.025 E32.45613
G1 X58.09 Y101.691 E33.49916
G1 X58.09 Y101.146 E33.52537
G1 X73.689 Y116.744 E34.58636
G1 X73.953 Y116.463 E34.6049
G1 X58.09 Y100.6 E35.68388
G1 X58.09 Y100.055 E35.71009
G1 X74.217 Y116.182 E36.80703
G1 X74.482 Y115.901 E36.82561
G1 X58.09 Y99.51 E37.94054
G1 X58.09 Y98.964 E37.9668
G1 X74.746 Y115.62 E39.09972
G1 X75.01 Y115.338 E39.1183
G1 X58.09 Y98.419 E40.26914
G1 X58.09 Y97.874 E40.29535
G1 X75.274 Y115.057 E41.46415
G1 X75.538 Y114.776 E41.48269
G1 X58.09 Y97.328 E42.66948
G1 X58.09 Y96.783 E42.69569
G1 X75.803 Y114.495 E43.90047
G1 X76.067 Y114.214 E43.91901
G1 X58.09 Y96.238 E45.14175
G1 X58.09 Y95.692 E45.16801
G1 X76.331 Y113.933 E46.40874
G1 X76.595 Y113.652 E46.42728
G1 X58.09 Y95.147 E47.68597
G1 X58.09 Y94.602 E47.71218
G1 X76.859 Y113.37 E48.98879
G1 X77.124 Y113.089 E49.00737
G1 X58.09 Y94.056 E50.30201
G1 X58.09 Y93.511 E50.32822
G1 X77.388 Y112.808 E51.64081
G1 X77.652 Y112.527 E51.65935
G1 X58.09 Y92.966 E52.9899
G1 X58.09 Y92.42 E53.01616
G1 X77.916 Y112.246 E54.3647
G1 X78.18 Y111.965 E54.38324
G1 X58.09 Y91.875 E55.74974
G1 X58.09 Y91.329 E55.776
G1 X78.445 Y111.684 E57.16052
G1 X78.709 Y111.402 E57.1791
G1 X58.09 Y90.784 E58.58154
G1 X58.09 Y90.239 E58.60775
G1 X78.973 Y111.121 E60.02815
G1 X79.237 Y110.84 E60.04669
G1 X58.09 Y89.693 E61.48508
G1 X58.09 Y89.148 E61.51129
G1 X79.501 Y110.559 E62.96764
G1 X79.766 Y110.278 E62.98622
G1 X58.09 Y88.603 E64.46056
G1 X58.09 Y88.057 E64.48682
G1 X80.03 Y109.997 E65.97915
G1 X80.294 Y109.716 E65.99769
G1 X58.09 Y87.512 E67.50798
G1 X58.09 Y86.967 E67.53419
G1 X80.558 Y109.434 E69.0624
G1 X80.822 Y109.153 E69.08094
G1 X58.09 Y86.421 E70.62714
G1 X58.09 Y85.876 E70.65335
G1 X81.087 Y108.872 E72.21754
G1 X81.351 Y108.591 E72.23608
G1 X58.09 Y85.331 E73.81823
G1 X58.09 Y84.785 E73.84449
G1 X81.615 Y108.31 E75.44463
G1 X81.879 Y108.029 E75.46317
G1 X58.09 Y84.24 E77.08127
G1 X58.09 Y83.695 E77.10748
G1 X82.143 Y107.748 E78.74354
G1 X82.408 Y107.466 E78.76215
G1 X58.09 Y83.149 E80.4162
G1 X58.09 Y82.604 E80.44241
G1 X82.672 Y107.185 E82.11441
G1 X82.936 Y106.904 E82.13295
G1 X58.09 Y82.059 E83.82291
G1 X58.09 Y81.513 E83.84917
G1 X83.2 Y106.623 E85.55712
G1 X83.464 Y106.342 E85.57566
G1 X58.09 Y80.968 E87.30157
G1 X58.09 Y80.423 E87.32778
G1 X83.729 Y106.061 E89.07168
G1 X83.993 Y105.78 E89.09022
G1 X58.09 Y79.877 E90.85211
G1 X58.09 Y79.332 E90.87832
G1 X84.257 Y105.498 E92.65813
G1 X84.521 Y105.217 E92.67667
G1 X58.09 Y78.786 E94.47447
G1 X58.09 Y78.241 E94.50068
G1 X84.786 Y104.936 E96.31647
G1 X85.05 Y104.655 E96.33501
G1 X58.09 Y77.696 E98.16876
G1 X58.09 Y77.15 E98.19502
G1 X85.314 Y104.374 E100.04676
G1 X85.578 Y104.093 E100.0653
G1 X58.09 Y76.605 E101.935
G1 X58.09 Y76.06 E101.96121
G1 X85.842 Y103.812 E103.84887
G1 X86.107 Y103.53 E103.86748
G1 X58.09 Y75.514 E105.77313
G1 X58.09 Y74.969 E105.79934
G1 X86.371 Y103.249 E107.72294
G1 X86.635 Y102.968 E107.74148
G1 X58.09 Y74.424 E109.68304
G1 X58.09 Y73.878 E109.7093
G1 X86.899 Y102.687 E111.66885
G1 X87.163 Y102.406 E111.68739
G1 X58.09 Y73.333 E113.6649
G1 X58.09 Y72.788 E113.69111
G1 X87.428 Y102.125 E115.68661
G1 X87.692 Y101.844 E115.70515
G1 X58.09 Y72.242 E117.71864
G1 X58.09 Y71.697 E117.74485
G1 X87.956 Y101.562 E119.77626
G1 X88.22 Y101.281 E119.7948
G1 X58.09 Y71.152 E121.84417
G1 X58.09 Y70.606 E121.87043
G1 X88.484 Y101 E123.93779
G1 X88.749 Y100.719 E123.95637
G1 X58.09 Y70.061 E126.04172
G1 X58.09 Y69.516 E126.06793
G1 X89.013 Y100.438 E128.17124
G1 X89.277 Y100.157 E128.18978
G1 X58.09 Y68.97 E130.31108
G1 X58.09 Y68.425 E130.33729
G1 X89.541 Y99.876 E132.47655
G1 X89.805 Y99.594 E132.49513
G1 X58.09 Y67.88 E134.65231
G1 X58.09 Y67.334 E134.67857
G1 X90.07 Y99.313 E136.85378
G1 X90.334 Y99.032 E136.87232
G1 X58.09 Y66.789 E139.06548
G1 X58.09 Y66.243 E139.09174
G1 X90.598 Y98.751 E141.30289
G1 X90.862 Y98.47 E141.32143
G1 X58.09 Y65.698 E143.55054
G1 X58.09 Y65.153 E143.57675
G1 X91.126 Y98.189 E145.82382
G1 X91.391 Y97.908 E145.8424
G1 X58.09 Y64.607 E148.10749
G1 X58.09 Y64.062 E148.1337
G1 X91.655 Y97.626 E150.41672
G1 X91.919 Y97.345 E150.43526
G1 X58.09 Y63.517 E152.73623
G1 X58.09 Y62.971 E152.76249
G1 X92.183 Y97.064 E155.08145
G1 X92.447 Y96.783 E155.09999
G1 X58.09 Y62.426 E157.43691
G1 X58.09 Y61.881 E157.46312
G1 X92.712 Y96.502 E159.81803
G1 X92.976 Y96.221 E159.83657
G1 X58.09 Y61.335 E162.20947
G1 X57.948 Y60.937 E162.22979
;WIDTH:0.404381
G1 X57.965 Y60.745 E162.23796
;WIDTH:0.45
G1 X58.171 Y60.871 E162.24957
G1 X93.24 Y95.94 E164.63492
G1 X93.504 Y95.658 E164.6535
G1 X58.717 Y60.871 E167.01967
G1 X59.262 Y60.871 E167.04588
G1 X93.768 Y95.377 E169.39294
G1 X94.033 Y95.096 E169.41152
G1 X59.807 Y60.871 E171.7395
G1 X60.352 Y60.87 E171.76571
G1 X94.297 Y94.815 E174.07461
G1 X94.561 Y94.534 E174.09315
G1 X60.798 Y60.771 E176.38967
G1 X61.142 Y60.569 E176.40886
G1 X94.825 Y94.253 E178.69997
G1 X95.09 Y93.972 E178.71855
G1 X61.397 Y60.28 E181.01027
G1 X61.555 Y59.892 E181.03042
G1 X95.354 Y93.69 E183.32935
G1 X95.618 Y93.409 E183.34789
G1 X61.59 Y59.382 E185.6624
G1 X61.456 Y59.215 E185.6727
;WIDTH:0.404381
G1 X61.467 Y59.256 E185.6745
G1 X61.396 Y59.275 E185.67762
G1 X61.415 Y59.204 E185.68074
;WIDTH:0.45
G1 X61.59 Y58.837 E185.7003
G1 X95.882 Y93.128 E188.03277
G1 X96.146 Y92.847 E188.05131
G1 X61.59 Y58.291 E190.40177
G1 X61.59 Y57.746 E190.42798
G1 X96.411 Y92.566 E192.79643
G1 X96.675 Y92.285 E192.81497
G1 X61.59 Y57.2 E195.20141
G1 X61.59 Y56.655 E195.22762
G1 X96.939 Y92.004 E197.63202
G1 X97.203 Y91.722 E197.6506
G1 X61.59 Y56.11 E200.07292
G1 X61.59 Y55.564 E200.09918
G1 X97.467 Y91.441 E202.53949
G1 X97.732 Y91.16 E202.55807
G1 X61.59 Y55.019 E205.01637
G1 X61.59 Y54.474 E205.04258
G1 X97.996 Y90.879 E207.51884
G1 X98.26 Y90.598 E207.53738
G1 X61.59 Y53.928 E210.03163
G1 X61.59 Y53.383 E210.05784
G1 X98.524 Y90.317 E212.57004
G1 X98.788 Y90.036 E212.58858
G1 X61.59 Y52.838 E215.11874
G1 X61.59 Y52.292 E215.145
G1 X99.053 Y89.754 E217.69315
G1 X99.317 Y89.473 E217.71169
G1 X61.59 Y51.747 E220.2778
G1 X61.59 Y51.202 E220.30401
G1 X99.581 Y89.192 E222.88808
G1 X99.845 Y88.911 E222.90662
G1 X61.59 Y50.656 E225.50868
G1 X61.59 Y50.111 E225.53489
G1 X100.109 Y88.63 E228.1549
G1 X100.374 Y88.349 E228.17348
G1 X61.59 Y49.566 E230.81149
G1 X61.59 Y49.02 E230.83775
G1 X100.638 Y88.068 E233.49375
G1 X100.902 Y87.786 E233.51233
G1 X61.59 Y48.475 E236.18625
G1 X61.478 Y47.93 E236.21301
;WIDTH:0.404381
G1 X61.458 Y48.001 E236.21614
G1 X61.53 Y47.982 E236.2193
G1 X61.519 Y47.941 E236.2211
;WIDTH:0.45
G1 X61.734 Y48.073 E236.23323
G1 X101.166 Y87.505 E238.91535
G1 X101.43 Y87.224 E238.93389
G1 X62.279 Y48.073 E241.59689
G1 X62.824 Y48.073 E241.6231
G1 X101.695 Y86.943 E244.26702
G1 X101.959 Y86.662 E244.28556
G1 X63.37 Y48.073 E246.91034
G1 X63.915 Y48.073 E246.93655
G1 X102.223 Y86.381 E249.54221
G1 X102.487 Y86.1 E249.56075
G1 X64.46 Y48.073 E252.1473
G1 X65.006 Y48.073 E252.17356
G1 X102.751 Y85.818 E254.74093
G1 X103.016 Y85.537 E254.75951
G1 X65.551 Y48.073 E257.3078
G1 X66.096 Y48.073 E257.33401
G1 X103.28 Y85.256 E259.86319
G1 X103.544 Y84.975 E259.88173
G1 X66.642 Y48.073 E262.39176
G1 X67.187 Y48.073 E262.41797
G1 X103.808 Y84.694 E264.90888
G1 X104.072 Y84.413 E264.92742
G1 X67.733 Y48.073 E267.39919
G1 X68.278 Y48.073 E267.4254
G1 X104.337 Y84.132 E269.87809
G1 X104.601 Y83.85 E269.89667
G1 X68.823 Y48.073 E272.33021
G1 X69.369 Y48.073 E272.35647
G1 X104.865 Y83.569 E274.77086
G1 X105.129 Y83.288 E274.7894
G1 X69.914 Y48.073 E277.18468
G1 X70.459 Y48.073 E277.21089
G1 X105.393 Y83.007 E279.58706
G1 X105.658 Y82.726 E279.60564
G1 X71.005 Y48.073 E281.96269
G1 X71.55 Y48.073 E281.9889
G1 X105.922 Y82.445 E284.32684
G1 X106.186 Y82.164 E284.34538
G1 X72.095 Y48.073 E286.66421
G1 X72.641 Y48.073 E286.69047
G1 X106.45 Y81.882 E288.99012
G1 X106.715 Y81.601 E289.0087
G1 X73.186 Y48.073 E291.28927
G1 X73.731 Y48.073 E291.31548
G1 X106.979 Y81.32 E293.57693
G1 X107.243 Y81.039 E293.59547
G1 X74.277 Y48.073 E295.83778
G1 X74.822 Y48.073 E295.86399
G1 X107.507 Y80.758 E298.08718
G1 X107.771 Y80.477 E298.10572
G1 X75.367 Y48.073 E300.3098
G1 X75.913 Y48.073 E300.33606
G1 X108.036 Y80.196 E302.52103
G1 X108.3 Y79.914 E302.53961
G1 X76.458 Y48.073 E304.70543
G1 X77.003 Y48.073 E304.73164
G1 X108.564 Y79.633 E306.87835
G1 X108.828 Y79.352 E306.89689
G1 X77.549 Y48.073 E309.02445
G1 X78.094 Y48.073 E309.05066
G1 X109.092 Y79.071 E311.15911
G1 X109.357 Y78.79 E311.17769
G1 X78.639 Y48.073 E313.26706
G1 X79.185 Y48.073 E313.29332
G1 X109.621 Y78.509 E315.36354
G1 X109.885 Y78.228 E315.38208
G1 X79.73 Y48.073 E317.43319
G1 X80.276 Y48.073 E317.45945
G1 X110.149 Y77.946 E319.49137
G1 X110.413 Y77.665 E319.50991
G1 X80.821 Y48.073 E321.52272
G1 X81.366 Y48.073 E321.54893
G1 X110.678 Y77.384 E323.54266
G1 X110.942 Y77.103 E323.5612
G1 X81.912 Y48.073 E325.53578
G1 X82.457 Y48.073 E325.56199
G1 X111.206 Y76.822 E327.51746
G1 X111.47 Y76.541 E327.536
G1 X83.002 Y48.073 E329.47236
G1 X83.548 Y48.073 E329.49862
G1 X111.734 Y76.26 E331.41583
G1 X111.999 Y75.978 E331.43444
G1 X84.093 Y48.073 E333.33254
G1 X84.638 Y48.073 E333.35875
G1 X112.263 Y75.697 E335.23773
G1 X112.527 Y75.416 E335.25627
G1 X85.184 Y48.073 E337.11611
G1 X85.729 Y48.073 E337.14232
G1 X112.791 Y75.135 E338.98304
G1 X113.055 Y74.854 E339.00158
G1 X86.274 Y48.073 E340.82319
G1 X86.82 Y48.073 E340.84945
G1 X113.32 Y74.573 E342.65195
G1 X113.584 Y74.292 E342.67049
G1 X87.365 Y48.073 E344.45387
G1 X87.91 Y48.073 E344.48008
G1 X113.848 Y74.01 E346.24432
G1 X114.112 Y73.729 E346.26286
G1 X88.456 Y48.073 E348.00795
G1 X89.001 Y48.073 E348.03416
G1 X114.376 Y73.448 E349.76014
G1 X114.641 Y73.167 E349.77872
G1 X89.546 Y48.073 E351.48562
G1 X90.092 Y48.073 E351.51188
G1 X114.905 Y72.886 E353.19963
G1 X115.169 Y72.605 E353.21817
G1 X90.637 Y48.073 E354.88681
G1 X91.182 Y48.073 E354.91302
G1 X115.433 Y72.324 E356.56254
G1 X115.697 Y72.042 E356.58112
G1 X91.728 Y48.073 E358.21146
G1 X92.273 Y48.073 E358.23767
G1 X115.962 Y71.761 E359.84893
G1 X116.226 Y71.48 E359.86747
G1 X92.819 Y48.073 E361.45959
G1 X93.364 Y48.073 E361.4858
G1 X116.49 Y71.199 E363.0588
G1 X116.754 Y70.918 E363.07734
G1 X93.909 Y48.073 E364.63123
G1 X94.455 Y48.073 E364.65749
G1 X117.018 Y70.637 E366.19223
G1 X117.283 Y70.356 E366.21081
G1 X95 Y48.073 E367.72647
G1 X95.545 Y48.073 E367.75268
G1 X117.547 Y70.074 E369.24919
G1 X117.811 Y69.793 E369.26773
G1 X96.091 Y48.073 E370.7451
G1 X96.636 Y48.073 E370.77131
G1 X118.075 Y69.512 E372.22956
G1 X118.34 Y69.231 E372.24814
G1 X97.181 Y48.073 E373.68731
G1 X97.727 Y48.073 E373.71357
G1 X118.604 Y68.95 E375.1336
G1 X118.868 Y68.669 E375.15214
G1 X98.272 Y48.073 E376.55305
G1 X98.817 Y48.073 E376.57926
G1 X119.132 Y68.388 E377.96106
G1 X119.396 Y68.106 E377.97964
G1 X99.363 Y48.073 E379.34226
G1 X99.908 Y48.073 E379.36847
G1 X119.661 Y67.825 E380.71201
G1 X119.925 Y67.544 E380.73055
G1 X100.453 Y48.073 E382.05498
G1 X100.999 Y48.073 E382.08124
G1 X120.189 Y67.263 E383.38652
G1 X120.453 Y66.982 E383.40506
G1 X101.544 Y48.073 E384.69123
G1 X102.089 Y48.073 E384.71744
G1 X120.717 Y66.701 E385.98449
G1 X120.982 Y66.42 E386.00307
G1 X102.635 Y48.073 E387.25101
G1 X103.18 Y48.073 E387.27722
G1 X121.246 Y66.138 E388.50601
G1 X121.51 Y65.857 E388.52455
G1 X103.725 Y48.073 E389.73423
G1 X104.271 Y48.073 E389.76049
G1 X121.774 Y65.576 E390.95102
G1 X122.038 Y65.295 E390.96956
G1 X104.816 Y48.073 E392.14098
G1 X105.362 Y48.073 E392.16724
G1 X122.303 Y65.014 E393.31955
G1 X122.567 Y64.733 E393.33809
G1 X105.907 Y48.073 E394.47128
G1 X106.452 Y48.073 E394.49749
G1 X122.831 Y64.452 E395.61157
G1 X123.095 Y64.17 E395.63015
G1 X106.998 Y48.073 E396.72505
G1 X107.543 Y48.073 E396.75126
G1 X123.359 Y63.889 E397.82704
G1 X123.624 Y63.608 E397.84562
G1 X108.088 Y48.073 E398.90233
G1 X108.634 Y48.073 E398.92859
G1 X123.888 Y63.327 E399.96615
G1 X124.152 Y63.046 E399.98469
G1 X109.179 Y48.073 E401.00313
G1 X109.724 Y48.073 E401.02934
G1 X124.416 Y62.765 E402.02867
G1 X124.68 Y62.484 E402.04721
G1 X110.27 Y48.073 E403.02739
G1 X110.815 Y48.073 E403.0536
G1 X124.945 Y62.202 E404.01467
G1 X125.209 Y61.921 E404.03321
G1 X111.36 Y48.073 E404.97517
G1 X111.906 Y48.073 E405.00143
G1 X125.473 Y61.64 E405.92424
G1 X125.737 Y61.359 E405.94278
G1 X112.451 Y48.073 E406.84648
G1 X112.996 Y48.073 E406.87269
G1 X126.001 Y61.078 E407.75727
G1 X126.266 Y60.797 E407.77585
G1 X113.542 Y48.073 E408.64132
G1 X114.087 Y48.073 E408.66753
G1 X126.53 Y60.516 E409.51389
G1 X126.794 Y60.234 E409.53247
G1 X114.632 Y48.073 E410.35968
G1 X115.178 Y48.073 E410.38594
G1 X127.058 Y59.953 E411.194
G1 X127.322 Y59.672 E411.21254
G1 X115.723 Y48.073 E412.00149
G1 X116.268 Y48.073 E412.0277
G1 X127.587 Y59.391 E412.79757
G1 X127.851 Y59.11 E412.81611
G1 X116.814 Y48.073 E413.56683
G1 X117.359 Y48.073 E413.59304
G1 X128.115 Y58.829 E414.32465
G1 X128.379 Y58.548 E414.34319
G1 X117.904 Y48.073 E415.05569
G1 X118.45 Y48.073 E415.08195
G1 X128.644 Y58.266 E415.7753
G1 X128.908 Y57.985 E415.79384
G1 X118.995 Y48.073 E416.46808
G1 X119.541 Y48.073 E416.49434
G1 X129.172 Y57.704 E417.14943
G1 X129.436 Y57.423 E417.16797
G1 X120.086 Y48.073 E417.80395
G1 X120.631 Y48.073 E417.83016
G1 X129.7 Y57.142 E418.44702
G1 X129.965 Y56.861 E418.4656
G1 X121.177 Y48.073 E419.06335
G1 X121.722 Y48.073 E419.08956
G1 X130.229 Y56.58 E419.6682
G1 X130.493 Y56.298 E419.68678
G1 X122.267 Y48.073 E420.24627
G1 X122.813 Y48.073 E420.27253
G1 X130.757 Y56.017 E420.81287
G1 X131.021 Y55.736 E420.83141
G1 X123.358 Y48.073 E421.35264
G1 X123.903 Y48.073 E421.37885
G1 X131.286 Y55.455 E421.881
G1 X131.55 Y55.174 E421.89954
G1 X124.449 Y48.073 E422.38254
G1 X124.994 Y48.073 E422.40875
G1 X131.814 Y54.893 E422.87264
G1 X132.078 Y54.612 E422.89118
G1 X125.539 Y48.073 E423.33595
G1 X126.085 Y48.073 E423.36221
G1 X132.342 Y54.33 E423.7878
G1 X132.607 Y54.049 E423.80638
G1 X126.63 Y48.073 E424.21289
G1 X127.175 Y48.073 E424.2391
G1 X132.871 Y53.768 E424.6265
G1 X133.135 Y53.487 E424.64504
G1 X127.721 Y48.073 E425.01329
G1 X128.266 Y48.073 E425.0395
G1 X133.399 Y53.206 E425.38864
G1 X133.663 Y52.925 E425.40718
G1 X128.811 Y48.073 E425.73721
G1 X129.357 Y48.073 E425.76347
G1 X133.928 Y52.644 E426.07438
G1 X134.192 Y52.362 E426.09296
G1 X129.902 Y48.073 E426.38473
G1 X130.447 Y48.073 E426.41094
G1 X134.456 Y52.081 E426.68359
G1 X134.72 Y51.8 E426.70213
G1 X130.993 Y48.073 E426.95564
G1 X131.538 Y48.073 E426.98185
G1 X134.984 Y51.519 E427.21624
G1 X135.249 Y51.238 E427.23482
G1 X132.084 Y48.073 E427.4501
G1 X132.629 Y48.073 E427.47631
G1 X135.513 Y50.957 E427.67248
G1 X135.777 Y50.676 E427.69102
G1 X133.174 Y48.073 E427.86807
G1 X133.72 Y48.073 E427.89433
G1 X136.041 Y50.394 E428.0522
G1 E426.0522 F2400
G92 E0
G1 X134.401 Y48.209 F7800
G1 E2 F2400
G1 F1200
G1 X136.305 Y50.113 E2.12951
G1 X138.223 Y48.073 E2.26418
G1 X134.265 Y48.073 E2.45455
G1 X135.196 Y48.458 F7800
G1 F1200
G1 X137.331 Y48.458 E2.55724
G1 X136.297 Y49.559 E2.62989
G1 X135.332 Y48.595 E2.69549
G1 X136.27 Y48.848 F7800
;WIDTH:0.582465
G1 F1200
G1 X136.224 Y48.894 E2.69969
G1 X136.241 Y48.956 E2.70384
G1 X136.304 Y48.973 E2.70806
G1 X136.349 Y48.927 E2.71222
G1 X136.333 Y48.864 E2.71642
G1 E.71642 F2400
G92 E0
G1 X58.476 Y128.799 F7800
G1 E2 F2400
;WIDTH:0.45
G1 F1200
G1 X60.206 Y130.529 E2.11767
G1 X58.476 Y132.369 E2.23914
G1 X58.476 Y128.992 E2.40156
G1 X58.934 Y129.904 F7800
;WIDTH:0.594561
G1 F1200
G1 X59.568 Y130.538 E2.46085
G1 X58.934 Y131.213 E2.52209
G1 X58.934 Y130.097 E2.59589
G1 E.59589 F2400
G92 E0
G1 X140.528 Y45.704 F7800
G1 E2 F2400
;TYPE:Perimeter
;WIDTH:0.562095
G1 F1500
G1 X60.972 Y45.704 E6.93865
G1 E4.93865 F2400
G92 E0
G1 X140.97 Y45.262 F7800
G1 E2 F2400
;TYPE:External perimeter
;WIDTH:0.45
G1 F1500
G1 X140.97 Y46.071 E2.03891
;TYPE:Overhang perimeter
;WIDTH:0.4
;HEIGHT:0.4
G1 X140.97 Y46.146 E2.04283
G1 X60.53 Y46.146 E6.24541
G1 X60.53 Y46.071 E6.24933
;TYPE:External perimeter
;WIDTH:0.45
;HEIGHT:0.3
G1 X60.53 Y45.262 E6.28824
G1 X140.91 Y45.262 E10.15424
G1 X140.969 Y45.658 F7800
G1 E8.15424 F2400
G92 E0
G1 X170.264 Y154.603 F7800
G1 E2 F2400
;TYPE:Perimeter
G1 F1500
G1 X170.188 Y154.726 E2.00695
G1 X170.128 Y155.155 E2.02778
G1 X170.261 Y155.567 E2.0486
G1 X170.435 Y155.857 E2.06487
G1 X168.705 Y155.857 E2.14808
G1 X168.879 Y155.567 E2.16435
G1 X169.006 Y155.207 E2.18271
G1 X168.952 Y154.726 E2.20599
G1 X168.766 Y154.423 E2.22309
G1 X168.604 Y154.28 E2.23348
G1 X168.412 Y154.176 E2.24398
G1 X168.052 Y154.107 E2.26161
G1 X145.191 Y154.107 E3.36114
G1 X145.191 Y142.57 E3.91603
G1 X145.128 Y142.226 E3.93285
G1 X144.924 Y141.904 E3.95118
G1 X144.674 Y141.716 E3.96622
G1 X144.227 Y141.606 E3.98836
G1 X144.061 Y141.62 E3.99637
G1 X143.745 Y141.735 E4.01254
G1 X108.492 Y162.088 E5.97038
G1 X108.158 Y162.41 E5.99269
G1 X108.01 Y162.923 E6.01837
G1 X108.01 Y163.966 E6.06853
G1 X106.502 Y163.966 E6.14106
G1 X106.502 Y140.584 E7.26565
G1 X144.227 Y140.584 E9.08009
G1 X144.674 Y140.474 E9.10223
G1 X144.924 Y140.286 E9.11727
G1 X145.128 Y139.964 E9.1356
G1 X145.191 Y139.62 E9.15242
G1 X145.191 Y63.273 E12.82445
G1 X168.809 Y63.273 E13.96039
G1 X169.679 Y63.347 E14.00239
G1 X170.331 Y63.273 E14.03395
G1 X193.949 Y63.273 E15.16989
G1 X193.949 Y154.107 E19.53869
G1 X171.026 Y154.107 E20.64121
G1 X170.65 Y154.212 E20.65999
G1 X170.374 Y154.423 E20.6767
G1 X170.295 Y154.551 E20.68393
G1 X170.603 Y154.793 F7800
G1 F1500
G1 X170.548 Y154.864 E20.68825
G1 X170.512 Y155.121 E20.70073
G1 X170.592 Y155.368 E20.71322
G1 X171.117 Y156.242 E20.76226
G1 X168.023 Y156.242 E20.91107
G1 X168.548 Y155.368 E20.96011
G1 X168.624 Y155.152 E20.97112
G1 X168.592 Y154.864 E20.98506
G1 X168.48 Y154.682 E20.99534
G1 X168.315 Y154.555 E21.00535
G1 X168.052 Y154.492 E21.01836
G1 X144.806 Y154.492 E22.13641
G1 X144.806 Y142.541 E22.71121
G1 X144.715 Y142.259 E22.72546
G1 X144.495 Y142.057 E22.73983
G1 X144.227 Y141.991 E22.7531
G1 X143.938 Y142.069 E22.7675
G1 X108.684 Y162.422 E24.72538
G1 X108.484 Y162.615 E24.73875
G1 X108.395 Y162.923 E24.75417
G1 X108.395 Y164.352 E24.8229
G1 X106.116 Y164.352 E24.93251
G1 X106.116 Y140.198 E26.09423
G1 X144.227 Y140.198 E27.92724
G1 X144.495 Y140.132 E27.94051
G1 X144.645 Y140.019 E27.94954
G1 X144.749 Y139.869 E27.95832
G1 X144.806 Y139.62 E27.97061
G1 X144.806 Y62.888 E31.66115
G1 X168.831 Y62.888 E32.81667
G1 X169.635 Y62.964 E32.85551
G1 X170.309 Y62.888 E32.88813
G1 X194.334 Y62.888 E34.04365
G1 X194.334 Y154.492 E38.44948
G1 X171.04 Y154.492 E39.56984
G1 X170.757 Y154.596 E39.58434
G1 X170.64 Y154.746 E39.59349
G1 X170.934 Y154.976 F7800
;TYPE:External perimeter
G1 F1500
G1 X170.908 Y155.002 E39.59526
G1 X170.923 Y155.17 E39.60337
G1 X171.798 Y156.628 E39.68515
G1 X167.342 Y156.628 E39.89947
G1 X168.249 Y155.117 E39.98423
G1 X168.195 Y154.941 E39.99308
G1 X168.052 Y154.878 E40.0006
G1 X144.42 Y154.878 E41.13722
G1 X144.42 Y142.57 E41.72919
G1 X144.367 Y142.436 E41.73612
G1 X144.227 Y142.377 E41.74343
G1 X144.131 Y142.403 E41.74821
G1 X108.819 Y162.79 E43.70933
G1 X108.781 Y162.923 E43.71598
G1 X108.781 Y164.738 E43.80328
G1 X105.731 Y164.738 E43.94997
G1 X105.731 Y139.813 E45.14878
G1 X144.227 Y139.813 E47.0003
G1 X144.367 Y139.753 E47.00763
G1 X144.42 Y139.62 E47.01452
G1 X144.42 Y62.597 E50.71906
;TYPE:Overhang perimeter
;WIDTH:0.4
;HEIGHT:0.4
G1 X144.42 Y62.502 E50.72402
G1 X168.853 Y62.502 E52.00052
G1 X169.592 Y62.581 E52.03935
G1 X170.287 Y62.502 E52.07589
G1 X194.72 Y62.502 E53.35239
G1 X194.72 Y62.597 E53.35735
;TYPE:External perimeter
;WIDTH:0.45
;HEIGHT:0.3
G1 X194.72 Y154.878 E57.79575
G1 X171.038 Y154.878 E58.93477
G1 X170.978 Y154.935 E58.93875
G1 X171.023 Y155.332 F7800
G1 E56.93875 F2400
G92 E0
G1 X106.791 Y158.609 F7800
G1 E2 F2400
;TYPE:Solid infill
G1 F1200
G1 X109.408 Y161.226 E2.17801
G1 X108.334 Y161.846 E2.23766
G1 X107.895 Y162.305 E2.26821
G1 X107.72 Y162.937 E2.29975
G1 X107.72 Y163.677 E2.33534
G1 X106.791 Y163.677 E2.38002
G1 X106.791 Y158.064 E2.64999
G1 X109.753 Y161.026 E2.85146
G1 X110.099 Y160.826 E2.87068
G1 X106.791 Y157.519 E3.09565
G1 X106.791 Y156.973 E3.12191
G1 X110.445 Y160.627 E3.37045
G1 X110.79 Y160.427 E3.38963
G1 X106.791 Y156.428 E3.66164
G1 X106.791 Y155.883 E3.68785
G1 X111.136 Y160.228 E3.98339
G1 X111.482 Y160.028 E4.00261
G1 X106.791 Y155.337 E4.32169
G1 X106.791 Y154.792 E4.3479
G1 X111.828 Y159.828 E4.69048
G1 X112.173 Y159.629 E4.70964
G1 X106.791 Y154.247 E5.07572
G1 X106.791 Y153.701 E5.10198
G1 X112.519 Y159.429 E5.49159
G1 X112.865 Y159.23 E5.51079
G1 X106.791 Y153.156 E5.92394
G1 X106.791 Y152.611 E5.95015
G1 X113.211 Y159.03 E6.3868
G1 X113.556 Y158.83 E6.40598
G1 X106.791 Y152.065 E6.86613
G1 X106.791 Y151.52 E6.89234
G1 X113.902 Y158.631 E7.37602
G1 X114.248 Y158.431 E7.39524
G1 X106.791 Y150.974 E7.90246
G1 X106.791 Y150.429 E7.92867
G1 X114.594 Y158.231 E8.45939
G1 X114.939 Y158.032 E8.47855
G1 X106.791 Y149.884 E9.03277
G1 X106.791 Y149.338 E9.05903
G1 X115.285 Y157.832 E9.63678
G1 X115.631 Y157.633 E9.65598
G1 X106.791 Y148.793 E10.25727
G1 X106.791 Y148.248 E10.28348
G1 X115.977 Y157.433 E10.90827
G1 X116.322 Y157.233 E10.92745
G1 X106.791 Y147.702 E11.57574
G1 X106.791 Y147.157 E11.60195
G1 X116.668 Y157.034 E12.27377
G1 X117.014 Y156.834 E12.29299
G1 X106.791 Y146.612 E12.98831
G1 X106.791 Y146.066 E13.01457
G1 X117.359 Y156.635 E13.73343
G1 X117.705 Y156.435 E13.75265
G1 X106.791 Y145.521 E14.49501
G1 X106.791 Y144.976 E14.52122
G1 X118.051 Y156.235 E15.28708
G1 X118.397 Y156.036 E15.30628
G1 X106.791 Y144.43 E16.09571
G1 X106.791 Y143.885 E16.12192
G1 X118.742 Y155.836 E16.93481
G1 X119.088 Y155.637 E16.95401
G1 X106.791 Y143.34 E17.79044
G1 X106.791 Y142.794 E17.8167
G1 X119.434 Y155.437 E18.67666
G1 X119.78 Y155.237 E18.69588
G1 X106.791 Y142.249 E19.57934
G1 X106.791 Y141.704 E19.60555
G1 X120.125 Y155.038 E20.51251
G1 X120.471 Y154.838 E20.53173
G1 X106.791 Y141.158 E21.46223
G1 X106.7 Y140.752 E21.48224
;WIDTH:0.404381
G1 X106.681 Y140.823 E21.48536
G1 X106.752 Y140.804 E21.48848
G1 X106.741 Y140.763 E21.49028
;WIDTH:0.45
G1 X107.051 Y140.873 E21.5061
G1 X120.817 Y154.638 E22.44241
G1 X121.163 Y154.439 E22.46161
G1 X107.597 Y140.873 E23.38435
G1 X108.142 Y140.873 E23.41056
G1 X121.508 Y154.239 E24.3197
G1 X121.854 Y154.04 E24.3389
G1 X108.687 Y140.873 E25.2345
G1 X109.233 Y140.873 E25.26076
G1 X122.2 Y153.84 E26.14276
G1 X122.546 Y153.64 E26.16198
G1 X109.778 Y140.873 E27.03041
G1 X110.324 Y140.873 E27.05667
G1 X122.891 Y153.441 E27.9115
G1 X123.237 Y153.241 E27.93072
G1 X110.869 Y140.873 E28.77198
G1 X111.414 Y140.873 E28.79819
G1 X123.583 Y153.042 E29.62591
G1 X123.928 Y152.842 E29.64509
G1 X111.96 Y140.873 E30.45917
G1 X112.505 Y140.873 E30.48538
G1 X124.274 Y152.642 E31.28589
G1 X124.62 Y152.443 E31.30509
G1 X113.05 Y140.873 E32.09207
G1 X113.596 Y140.873 E32.11833
G1 X124.966 Y152.243 E32.8917
G1 X125.311 Y152.044 E32.91086
G1 X114.141 Y140.873 E33.67066
G1 X114.686 Y140.873 E33.69687
G1 X125.657 Y151.844 E34.4431
G1 X126.003 Y151.644 E34.46232
G1 X115.232 Y140.873 E35.19495
G1 X115.777 Y140.873 E35.22116
G1 X126.349 Y151.445 E35.94025
G1 X126.694 Y151.245 E35.95943
G1 X116.322 Y140.873 E36.66492
G1 X116.868 Y140.873 E36.69118
G1 X127.04 Y151.045 E37.38307
G1 X127.386 Y150.846 E37.40227
G1 X117.413 Y140.873 E38.08062
G1 X117.958 Y140.873 E38.10683
G1 X127.732 Y150.646 E38.77161
G1 X128.077 Y150.447 E38.79077
G1 X118.504 Y140.873 E39.44195
G1 X119.049 Y140.873 E39.46816
G1 X128.423 Y150.247 E40.10577
G1 X128.769 Y150.047 E40.12499
G1 X119.594 Y140.873 E40.74903
G1 X120.14 Y140.873 E40.77529
G1 X129.115 Y149.848 E41.38576
G1 X129.46 Y149.648 E41.40494
G1 X120.685 Y140.873 E42.0018
G1 X121.23 Y140.873 E42.02801
G1 X129.806 Y149.449 E42.61134
G1 X130.152 Y149.249 E42.63056
G1 X121.776 Y140.873 E43.20029
G1 X122.321 Y140.873 E43.2265
G1 X130.497 Y149.049 E43.78262
G1 X130.843 Y148.85 E43.80182
G1 X122.867 Y140.873 E44.34437
G1 X123.412 Y140.873 E44.37058
G1 X131.189 Y148.65 E44.89956
G1 X131.535 Y148.451 E44.91876
G1 X123.957 Y140.873 E45.43421
G1 X124.503 Y140.873 E45.46047
G1 X131.88 Y148.251 E45.96228
G1 X132.226 Y148.051 E45.9815
G1 X125.048 Y140.873 E46.46974
G1 X125.593 Y140.873 E46.49595
G1 X132.572 Y147.852 E46.97065
G1 X132.918 Y147.652 E46.98987
G1 X126.139 Y140.873 E47.45097
G1 X126.684 Y140.873 E47.47718
G1 X133.263 Y147.452 E47.92468
G1 X133.609 Y147.253 E47.94388
G1 X127.229 Y140.873 E48.37784
G1 X127.775 Y140.873 E48.4041
G1 X133.955 Y147.053 E48.82446
G1 X134.301 Y146.854 E48.84366
G1 X128.32 Y140.873 E49.25048
G1 X128.865 Y140.873 E49.27669
G1 X134.646 Y146.654 E49.66991
G1 X134.992 Y146.454 E49.68913
G1 X129.411 Y140.873 E50.06874
G1 X129.956 Y140.873 E50.09495
G1 X135.338 Y146.255 E50.46103
G1 X135.684 Y146.055 E50.48025
G1 X130.501 Y140.873 E50.83276
G1 X131.047 Y140.873 E50.85902
G1 X136.029 Y145.856 E51.19792
G1 X136.375 Y145.656 E51.21714
G1 X131.592 Y140.873 E51.54247
G1 X132.137 Y140.873 E51.56868
G1 X136.721 Y145.456 E51.88044
G1 X137.066 Y145.257 E51.8996
G1 X132.683 Y140.873 E52.19776
G1 X133.228 Y140.873 E52.22397
G1 X137.412 Y145.057 E52.50856
G1 X137.758 Y144.858 E52.52776
G1 X133.773 Y140.873 E52.79881
G1 X134.319 Y140.873 E52.82507
G1 X138.104 Y144.658 E53.08252
G1 X138.449 Y144.458 E53.1017
G1 X134.864 Y140.873 E53.34555
G1 X135.41 Y140.873 E53.37181
G1 X138.795 Y144.259 E53.60209
G1 X139.141 Y144.059 E53.62131
G1 X135.955 Y140.873 E53.83802
G1 X136.5 Y140.873 E53.86423
G1 X139.487 Y143.859 E54.06737
G1 X139.832 Y143.66 E54.08653
G1 X137.046 Y140.873 E54.27606
G1 X137.591 Y140.873 E54.30227
G1 X140.178 Y143.46 E54.47823
G1 E52.47823 F2400
G92 E0
G1 X138.273 Y141.009 F7800
G1 E2 F2400
G1 F1200
G1 X140.524 Y143.261 E2.15314
G1 X143.628 Y141.456 E2.32584
G1 X143.313 Y141.129 E2.34768
G1 X143.381 Y140.873 E2.36042
G1 X138.136 Y140.873 E2.61269
G1 X139.067 Y141.259 F7800
G1 F1200
G1 X142.984 Y141.259 E2.80108
G1 X142.971 Y141.306 E2.80343
G1 X143.02 Y141.374 E2.80746
G1 X140.587 Y142.779 E2.94259
G1 X139.204 Y141.395 E3.03669
G1 X140.116 Y141.693 F7800
;WIDTH:0.547244
G1 F1200
G1 X141.599 Y141.693 E3.126
G1 X140.659 Y142.236 E3.19138
G1 X140.252 Y141.829 E3.22604
G1 E1.22604 F2400
G92 E0
G1 X143.757 Y141.04 F7800
G1 E2 F2400
;WIDTH:0.45
G1 F1200
G1 X144.048 Y141.332 E2.01983
G1 E.01983 F2400
G92 E0
G1 X145.508 Y153.717 F7800
G1 E2 F2400
;WIDTH:0.535915
G1 F1200
G1 X145.466 Y153.759 E2.00349
G1 X145.482 Y153.816 E2.00697
G1 X145.539 Y153.831 E2.01044
G1 X145.58 Y153.79 E2.01385
G1 X145.565 Y153.733 E2.01732
;WIDTH:0.45
G1 X146.172 Y153.817 E2.04679
G1 X145.48 Y153.125 E2.09386
G1 X145.48 Y152.579 E2.12012
G1 X146.718 Y153.817 E2.20433
G1 X147.263 Y153.818 E2.23054
G1 X145.479 Y152.034 E2.35189
G1 X145.479 Y151.488 E2.37815
G1 X147.809 Y153.818 E2.53663
G1 X148.354 Y153.818 E2.56284
G1 X145.479 Y150.942 E2.75843
G1 X145.478 Y150.397 E2.78464
G1 X148.9 Y153.818 E3.01737
G1 X149.445 Y153.818 E3.04358
G1 X145.478 Y149.851 E3.31341
G1 X145.478 Y149.305 E3.33967
G1 X149.99 Y153.818 E3.6466
G1 X150.536 Y153.818 E3.67286
G1 X145.478 Y148.76 E4.0169
G1 X145.477 Y148.214 E4.04316
G1 X151.081 Y153.818 E4.42434
G1 X151.627 Y153.818 E4.4506
G1 X145.477 Y147.668 E4.86892
G1 X145.477 Y147.123 E4.89513
G1 X152.172 Y153.818 E5.35052
G1 X152.717 Y153.818 E5.37673
G1 X145.476 Y146.577 E5.86925
G1 X145.476 Y146.031 E5.89551
G1 X153.263 Y153.818 E6.42517
G1 X153.808 Y153.818 E6.45138
G1 X145.476 Y145.486 E7.01811
G1 X145.475 Y144.94 E7.04437
G1 X154.354 Y153.818 E7.64827
G1 X154.899 Y153.819 E7.67448
G1 X145.475 Y144.394 E8.31552
G1 X145.475 Y143.849 E8.34173
G1 X155.445 Y153.819 E9.01988
G1 X155.99 Y153.819 E9.04609
G1 X145.474 Y143.303 E9.76138
G1 X145.474 Y142.757 E9.78764
G1 X156.535 Y153.819 E10.54003
G1 X157.081 Y153.819 E10.56629
G1 X145.398 Y142.136 E11.36095
G1 X145.19 Y141.863 E11.37746
;WIDTH:0.404381
G1 X144.962 Y141.633 E11.39119
;WIDTH:0.45
G1 X144.689 Y141.427 E11.40764
G1 X144.135 Y140.873 E11.44532
G1 X144.593 Y140.786 E11.46774
G1 X157.626 Y153.819 E12.35423
G1 X158.172 Y153.819 E12.38049
G1 X144.966 Y140.613 E13.27875
G1 X145.244 Y140.346 E13.29729
G1 X158.717 Y153.819 E14.21371
G1 X159.262 Y153.819 E14.23992
G1 X145.423 Y139.98 E15.18123
G1 X145.48 Y139.492 E15.20486
G1 X159.808 Y153.819 E16.1794
G1 X160.353 Y153.819 E16.20561
G1 X145.48 Y138.946 E17.21725
G1 X145.48 Y138.401 E17.24346
G1 X160.899 Y153.819 E18.29221
G1 X161.444 Y153.819 E18.31842
G1 X145.48 Y137.856 E19.40424
G1 X145.48 Y137.31 E19.4305
G1 X161.99 Y153.819 E20.55346
G1 X162.535 Y153.82 E20.57967
G1 X145.48 Y136.765 E21.73973
G1 X145.48 Y136.22 E21.76594
G1 X163.08 Y153.82 E22.96307
G1 X163.626 Y153.82 E22.98933
G1 X145.48 Y135.674 E24.2236
G1 X145.48 Y135.129 E24.24981
G1 X164.171 Y153.82 E25.52115
G1 X164.717 Y153.82 E25.54741
G1 X145.48 Y134.584 E26.85585
G1 X145.48 Y134.038 E26.88211
G1 X165.262 Y153.82 E28.22766
G1 X165.807 Y153.82 E28.25387
G1 X145.48 Y133.493 E29.63649
G1 X145.48 Y132.948 E29.6627
G1 X166.353 Y153.82 E31.08242
G1 X166.898 Y153.82 E31.10863
G1 X145.48 Y132.402 E32.56546
G1 X145.48 Y131.857 E32.59167
G1 X167.444 Y153.82 E34.0856
G1 X168.248 Y153.908 F7800
;WIDTH:0.404381
G1 F1200
G1 X168.229 Y153.979 E34.08872
G1 X168.3 Y153.96 E34.09184
G1 X168.289 Y153.919 E34.09364
;WIDTH:0.45
G1 X167.989 Y153.82 E34.10883
G1 X145.48 Y131.311 E35.63986
G1 X145.48 Y130.766 E35.66607
G1 X168.743 Y154.029 E37.24839
G1 X169.174 Y155.519 F7800
;WIDTH:0.453197
G1 F1200
G1 X169.153 Y155.6 E37.25245
G1 X169.234 Y155.578 E37.25652
G1 X169.221 Y155.531 E37.25888
;WIDTH:0.45
G1 X169.295 Y155.126 E37.27868
G1 X169.736 Y155.567 E37.30868
G1 X170.066 Y155.585 E37.32458
;WIDTH:0.404381
G1 X170.077 Y155.626 E37.32638
G1 X170.006 Y155.645 E37.3295
G1 X170.025 Y155.574 E37.33262
;WIDTH:0.45
G1 X169.844 Y155.13 E37.35568
G1 X169.044 Y154.33 E37.4101
G1 X169.911 Y154.651 F7800
G1 F1200
G1 X145.48 Y130.221 E39.07183
G1 X145.48 Y129.675 E39.09809
G1 X170.111 Y154.306 E40.77346
G1 X170.385 Y154.035 E40.792
G1 X145.48 Y129.13 E42.48601
G1 X145.48 Y128.585 E42.51222
G1 X170.762 Y153.867 E44.23187
G1 X171.261 Y153.82 E44.25598
G1 X145.48 Y128.039 E46.00957
G1 X145.48 Y127.494 E46.03578
G1 X171.807 Y153.82 E47.82648
G1 X172.352 Y153.82 E47.85269
G1 X145.48 Y126.949 E49.68046
G1 X145.48 Y126.403 E49.70672
G1 X172.897 Y153.82 E51.57159
G1 X173.443 Y153.82 E51.59785
G1 X145.48 Y125.858 E53.49982
G1 X145.48 Y125.313 E53.52603
G1 X173.988 Y153.82 E55.46507
G1 X174.533 Y153.82 E55.49128
G1 X145.48 Y124.767 E57.46743
G1 X145.48 Y124.222 E57.49364
G1 X175.078 Y153.82 E59.50686
G1 X175.624 Y153.82 E59.53312
G1 X145.48 Y123.677 E61.58344
G1 X145.48 Y123.131 E61.6097
G1 X176.169 Y153.82 E63.69713
G1 X176.714 Y153.82 E63.72334
G1 X145.48 Y122.586 E65.84784
G1 X145.48 Y122.041 E65.87405
G1 X177.259 Y153.82 E68.03562
G1 X177.805 Y153.82 E68.06188
G1 X145.48 Y121.495 E70.26059
G1 X145.48 Y120.95 E70.2868
G1 X178.35 Y153.819 E72.52254
G1 X178.895 Y153.819 E72.54875
G1 X145.48 Y120.405 E74.82156
G1 X145.48 Y119.859 E74.84782
G1 X179.441 Y153.819 E77.15777
G1 X179.986 Y153.819 E77.18398
G1 X145.48 Y119.314 E79.531
G1 X145.48 Y118.768 E79.55726
G1 X180.531 Y153.819 E81.94139
G1 X181.076 Y153.819 E81.9676
G1 X145.48 Y118.223 E84.3888
G1 X145.48 Y117.678 E84.41501
G1 X181.622 Y153.819 E86.87331
G1 X182.167 Y153.819 E86.89952
G1 X145.48 Y117.132 E89.39492
G1 X145.48 Y116.587 E89.42113
G1 X182.712 Y153.819 E91.9536
G1 X183.257 Y153.819 E91.97981
G1 X145.48 Y116.042 E94.54935
G1 X145.48 Y115.496 E94.57561
G1 X183.803 Y153.819 E97.18229
G1 X184.348 Y153.819 E97.2085
G1 X145.48 Y114.951 E99.85225
G1 X145.48 Y114.406 E99.87846
G1 X184.893 Y153.819 E102.55928
G1 X185.439 Y153.818 E102.58554
G1 X145.48 Y113.86 E105.30347
G1 X145.48 Y113.315 E105.32968
G1 X185.984 Y153.818 E108.08468
G1 X186.529 Y153.818 E108.11089
G1 X145.48 Y112.77 E110.90296
G1 X145.48 Y112.224 E110.92922
G1 X187.074 Y153.818 E113.75839
G1 X187.62 Y153.818 E113.78465
G1 X145.48 Y111.679 E116.65093
G1 X145.48 Y111.134 E116.67714
G1 X188.165 Y153.818 E119.58049
G1 X188.71 Y153.818 E119.6067
G1 X145.48 Y110.588 E122.54715
G1 X145.48 Y110.043 E122.57336
G1 X189.255 Y153.818 E125.55088
G1 X189.801 Y153.818 E125.57714
G1 X145.48 Y109.498 E128.59177
G1 X145.48 Y108.952 E128.61803
G1 X190.346 Y153.818 E131.66976
G1 X190.891 Y153.818 E131.69597
G1 X145.48 Y108.407 E134.78477
G1 X145.48 Y107.862 E134.81098
G1 X191.437 Y153.818 E137.93688
G1 X191.982 Y153.818 E137.96309
G1 X145.48 Y107.316 E141.1261
G1 X145.48 Y106.771 E141.15231
G1 X192.527 Y153.817 E144.35235
G1 X193.072 Y153.817 E144.37856
G1 X145.48 Y106.225 E147.61571
G1 X145.48 Y105.68 E147.64192
G1 X193.618 Y153.817 E150.91617
G1 X193.66 Y153.314 E150.94045
G1 X145.48 Y105.135 E154.21756
G1 X145.48 Y104.589 E154.24382
G1 X193.66 Y152.769 E157.52096
G1 X193.66 Y152.223 E157.54722
G1 X145.48 Y104.044 E160.82433
G1 X145.48 Y103.499 E160.85054
G1 X193.66 Y151.678 E164.12765
G1 X193.66 Y151.133 E164.15386
G1 X145.48 Y102.953 E167.431
G1 X145.48 Y102.408 E167.45721
G1 X193.66 Y150.587 E170.73432
G1 X193.66 Y150.042 E170.76053
G1 X145.48 Y101.863 E174.03764
G1 X145.48 Y101.317 E174.0639
G1 X193.66 Y149.496 E177.34101
G1 X193.66 Y148.951 E177.36722
G1 X145.48 Y100.772 E180.64433
G1 X145.48 Y100.227 E180.67054
G1 X193.66 Y148.406 E183.94765
G1 X193.66 Y147.86 E183.97391
G1 X145.48 Y99.681 E187.25102
G1 X145.48 Y99.136 E187.27723
G1 X193.66 Y147.315 E190.55434
G1 X193.66 Y146.77 E190.58055
G1 X145.48 Y98.591 E193.85766
G1 X145.48 Y98.045 E193.88392
G1 X193.66 Y146.224 E197.16103
G1 X193.66 Y145.679 E197.18724
G1 X145.48 Y97.5 E200.46435
G1 X145.48 Y96.955 E200.49056
G1 X193.66 Y145.134 E203.76767
G1 X193.66 Y144.588 E203.79393
G1 X145.48 Y96.409 E207.07104
G1 X145.48 Y95.864 E207.09725
G1 X193.66 Y144.043 E210.37436
G1 X193.66 Y143.498 E210.40057
G1 X145.48 Y95.319 E213.67768
G1 X145.48 Y94.773 E213.70394
G1 X193.66 Y142.952 E216.98105
G1 X193.66 Y142.407 E217.00726
G1 X145.48 Y94.228 E220.28437
G1 X145.48 Y93.682 E220.31063
G1 X193.66 Y141.862 E223.58777
G1 X193.66 Y141.316 E223.61403
G1 X145.48 Y93.137 E226.89114
G1 X145.48 Y92.592 E226.91735
G1 X193.66 Y140.771 E230.19446
G1 X193.66 Y140.226 E230.22067
G1 X145.48 Y92.046 E233.49781
G1 X145.48 Y91.501 E233.52402
G1 X193.66 Y139.68 E236.80113
G1 X193.66 Y139.135 E236.82734
G1 X145.48 Y90.956 E240.10445
G1 X145.48 Y90.41 E240.13071
G1 X193.66 Y138.59 E243.40785
G1 X193.66 Y138.044 E243.43411
G1 X145.48 Y89.865 E246.71122
G1 X145.48 Y89.32 E246.73743
G1 X193.66 Y137.499 E250.01454
G1 X193.66 Y136.953 E250.0408
G1 X145.48 Y88.774 E253.31791
G1 X145.48 Y88.229 E253.34412
G1 X193.66 Y136.408 E256.62123
G1 X193.66 Y135.863 E256.64744
G1 X145.48 Y87.684 E259.92455
G1 X145.48 Y87.138 E259.95081
G1 X193.66 Y135.317 E263.22792
G1 X193.66 Y134.772 E263.25413
G1 X145.48 Y86.593 E266.53124
G1 X145.48 Y86.048 E266.55745
G1 X193.66 Y134.227 E269.83456
G1 X193.66 Y133.681 E269.86082
G1 X145.48 Y85.502 E273.13793
G1 X145.48 Y84.957 E273.16414
G1 X193.66 Y133.136 E276.44125
G1 X193.66 Y132.591 E276.46746
G1 X145.48 Y84.412 E279.74457
G1 X145.48 Y83.866 E279.77083
G1 X193.66 Y132.045 E283.04794
G1 X193.66 Y131.5 E283.07415
G1 X145.48 Y83.321 E286.35126
G1 X145.48 Y82.776 E286.37747
G1 X193.66 Y130.955 E289.65458
G1 X193.66 Y130.409 E289.68084
G1 X145.48 Y82.23 E292.95795
G1 X145.48 Y81.685 E292.98416
G1 X193.66 Y129.864 E296.26127
G1 X193.66 Y129.319 E296.28748
G1 X145.48 Y81.139 E299.56462
G1 X145.48 Y80.594 E299.59083
G1 X193.66 Y128.773 E302.86794
G1 X193.66 Y128.228 E302.89415
G1 X145.48 Y80.049 E306.17126
G1 X145.48 Y79.503 E306.19752
G1 X193.66 Y127.683 E309.47466
G1 X193.66 Y127.137 E309.50092
G1 X145.48 Y78.958 E312.77803
G1 X145.48 Y78.413 E312.80424
G1 X193.66 Y126.592 E316.08135
G1 X193.66 Y126.047 E316.10756
G1 X145.48 Y77.867 E319.3847
G1 X145.48 Y77.322 E319.41091
G1 X193.66 Y125.501 E322.68802
G1 X193.66 Y124.956 E322.71423
G1 X145.48 Y76.777 E325.99134
G1 X145.48 Y76.231 E326.0176
G1 X193.66 Y124.41 E329.29471
G1 X193.66 Y123.865 E329.32092
G1 X145.48 Y75.686 E332.59803
G1 X145.48 Y75.141 E332.62424
G1 X193.66 Y123.32 E335.90135
G1 X193.66 Y122.774 E335.92761
G1 X145.48 Y74.595 E339.20472
G1 X145.48 Y74.05 E339.23093
G1 X193.66 Y122.229 E342.50804
G1 X193.66 Y121.684 E342.53425
G1 X145.48 Y73.505 E345.81136
G1 X145.48 Y72.959 E345.83762
G1 X193.66 Y121.138 E349.11473
G1 X193.66 Y120.593 E349.14094
G1 X145.48 Y72.414 E352.41805
G1 X145.48 Y71.869 E352.44426
G1 X193.66 Y120.048 E355.72137
G1 X193.66 Y119.502 E355.74763
G1 X145.48 Y71.323 E359.02474
G1 X145.48 Y70.778 E359.05095
G1 X193.66 Y118.957 E362.32806
G1 X193.66 Y118.412 E362.35427
G1 X145.48 Y70.233 E365.63138
G1 X145.48 Y69.687 E365.65764
G1 X193.66 Y117.866 E368.93475
G1 X193.66 Y117.321 E368.96096
G1 X145.48 Y69.142 E372.23807
G1 X145.48 Y68.596 E372.26433
G1 X193.66 Y116.776 E375.54147
G1 X193.66 Y116.23 E375.56773
G1 X145.48 Y68.051 E378.84484
G1 X145.48 Y67.506 E378.87105
G1 X193.66 Y115.685 E382.14816
G1 X193.66 Y115.14 E382.17437
G1 X145.48 Y66.96 E385.45151
G1 X145.48 Y66.415 E385.47772
G1 X193.66 Y114.594 E388.75483
G1 X193.66 Y114.049 E388.78104
G1 X145.48 Y65.87 E392.05815
G1 X145.48 Y65.324 E392.08441
G1 X193.66 Y113.504 E395.36155
G1 X193.66 Y112.958 E395.38781
G1 X145.48 Y64.779 E398.66492
G1 X145.48 Y64.234 E398.69113
G1 X193.66 Y112.413 E401.96824
G1 X193.66 Y111.867 E401.9945
G1 X145.48 Y63.688 E405.27161
G1 X145.9 Y63.563 E405.29269
G1 X193.66 Y111.322 E408.54123
G1 X193.66 Y110.777 E408.56744
G1 X146.445 Y63.563 E411.77891
G1 X146.991 Y63.563 E411.80517
G1 X193.66 Y110.231 E414.9795
G1 X193.66 Y109.686 E415.00571
G1 X147.536 Y63.563 E418.14297
G1 X148.081 Y63.563 E418.16918
G1 X193.66 Y109.141 E421.26937
G1 X193.66 Y108.595 E421.29563
G1 X148.627 Y63.563 E424.35868
G1 X149.172 Y63.563 E424.38489
G1 X193.66 Y108.05 E427.41087
G1 X193.66 Y107.505 E427.43708
G1 X149.717 Y63.563 E430.42599
G1 X150.263 Y63.563 E430.45225
G1 X193.66 Y106.959 E433.40403
G1 X193.66 Y106.414 E433.43024
G1 X150.808 Y63.563 E436.34495
G1 X151.353 Y63.563 E436.37116
G1 X193.66 Y105.869 E439.2488
G1 X193.66 Y105.323 E439.27506
G1 X151.899 Y63.563 E442.11556
G1 X152.444 Y63.563 E442.14177
G1 X193.66 Y104.778 E444.9452
G1 X193.66 Y104.233 E444.97141
G1 X152.989 Y63.563 E447.73777
G1 X153.535 Y63.563 E447.76403
G1 X193.66 Y103.687 E450.49325
G1 X193.66 Y103.142 E450.51946
G1 X154.08 Y63.563 E453.21161
G1 X154.626 Y63.563 E453.23787
G1 X193.66 Y102.597 E455.89291
G1 X193.66 Y102.051 E455.91917
G1 X155.171 Y63.563 E458.53711
G1 X155.716 Y63.563 E458.56332
G1 X193.66 Y101.506 E461.14419
G1 X193.66 Y100.961 E461.1704
G1 X156.262 Y63.563 E463.71417
G1 X156.807 Y63.563 E463.74038
G1 X193.66 Y100.415 E466.24704
G1 X193.66 Y99.87 E466.27325
G1 X157.352 Y63.563 E468.74284
G1 X157.898 Y63.563 E468.7691
G1 X193.66 Y99.324 E471.20155
G1 X193.66 Y98.779 E471.22776
G1 X158.443 Y63.563 E473.62314
G1 X158.988 Y63.563 E473.64935
G1 X193.66 Y98.234 E476.00766
G1 X193.66 Y97.688 E476.03392
G1 X159.534 Y63.563 E478.35509
G1 X160.079 Y63.563 E478.3813
G1 X193.66 Y97.143 E480.6654
G1 X193.66 Y96.598 E480.69161
G1 X160.624 Y63.563 E482.93864
G1 X161.17 Y63.563 E482.9649
G1 X193.66 Y96.052 E485.1748
G1 X193.66 Y95.507 E485.20101
G1 X161.715 Y63.563 E487.37384
G1 X162.26 Y63.563 E487.40005
G1 X193.66 Y94.962 E489.53581
G1 X193.66 Y94.416 E489.56207
G1 X162.806 Y63.563 E491.66069
G1 X163.351 Y63.563 E491.6869
G1 X193.66 Y93.871 E493.74845
G1 X193.66 Y93.326 E493.77466
G1 X163.896 Y63.563 E495.79914
G1 X164.442 Y63.563 E495.8254
G1 X193.66 Y92.78 E497.81274
G1 X193.66 Y92.235 E497.83895
G1 X164.987 Y63.563 E499.78922
G1 X165.532 Y63.563 E499.81543
G1 X193.66 Y91.69 E501.72863
G1 X193.66 Y91.144 E501.75489
G1 X166.078 Y63.563 E503.63095
G1 X166.623 Y63.563 E503.65716
G1 X193.66 Y90.599 E505.49615
G1 X193.66 Y90.054 E505.52236
G1 X167.169 Y63.563 E507.32424
G1 X167.714 Y63.563 E507.35045
G1 X193.66 Y89.508 E509.11523
G1 X193.66 Y88.963 E509.14144
G1 X168.259 Y63.563 E510.86915
G1 X168.806 Y63.564 E510.89546
G1 X193.66 Y88.418 E512.586
G1 X193.66 Y87.872 E512.61226
G1 X169.421 Y63.634 E514.26093
G1 X169.941 Y63.608 E514.28597
G1 X193.66 Y87.327 E515.89931
G1 X193.66 Y86.782 E515.92552
G1 X170.441 Y63.563 E517.50485
G1 X170.986 Y63.563 E517.53106
G1 X193.66 Y86.236 E519.07328
G1 X193.66 Y85.691 E519.09949
G1 X171.531 Y63.563 E520.60464
G1 X172.077 Y63.563 E520.6309
G1 X193.66 Y85.145 E522.09891
G1 X193.66 Y84.6 E522.12512
G1 X172.622 Y63.563 E523.55606
G1 X173.167 Y63.563 E523.58227
G1 X193.66 Y84.055 E524.97614
G1 X193.66 Y83.509 E525.0024
G1 X173.713 Y63.563 E526.35914
G1 X174.258 Y63.563 E526.38535
G1 X193.66 Y82.964 E527.70502
G1 X193.66 Y82.419 E527.73123
G1 X174.803 Y63.563 E529.01383
G1 X175.349 Y63.563 E529.04009
G1 X193.66 Y81.873 E530.28555
G1 X193.66 Y81.328 E530.31176
G1 X175.894 Y63.563 E531.52015
G1 X176.439 Y63.563 E531.54636
G1 X193.66 Y80.783 E532.71768
G1 X193.66 Y80.237 E532.74394
G1 X176.985 Y63.563 E533.87812
G1 X177.53 Y63.563 E533.90433
G1 X193.66 Y79.692 E535.00144
G1 X193.66 Y79.147 E535.02765
G1 X178.075 Y63.563 E536.08769
G1 X178.621 Y63.563 E536.11395
G1 X193.66 Y78.601 E537.13685
G1 X193.66 Y78.056 E537.16306
G1 X179.166 Y63.563 E538.14889
G1 X179.712 Y63.563 E538.17515
G1 X193.66 Y77.511 E539.12388
G1 X193.66 Y76.965 E539.15014
G1 X180.257 Y63.563 E540.06176
G1 X180.802 Y63.563 E540.08797
G1 X193.66 Y76.42 E540.96252
G1 X193.66 Y75.875 E540.98873
G1 X181.348 Y63.563 E541.82618
G1 X181.893 Y63.563 E541.85239
G1 X193.66 Y75.329 E542.65273
G1 X193.66 Y74.784 E542.67894
G1 X182.438 Y63.563 E543.44221
G1 X182.984 Y63.563 E543.46847
G1 X193.66 Y74.239 E544.19464
G1 X193.66 Y73.693 E544.2209
G1 X183.529 Y63.563 E544.90996
G1 X184.074 Y63.563 E544.93617
G1 X193.66 Y73.148 E545.58816
G1 X193.66 Y72.602 E545.61442
G1 X184.62 Y63.563 E546.22928
G1 X185.165 Y63.563 E546.25549
G1 X193.66 Y72.057 E546.83328
G1 X193.66 Y71.512 E546.85949
G1 X185.71 Y63.563 E547.40021
G1 X186.256 Y63.563 E547.42647
G1 X193.66 Y70.966 E547.93005
G1 X193.66 Y70.421 E547.95626
G1 X186.801 Y63.563 E548.42277
G1 X187.346 Y63.563 E548.44898
G1 X193.66 Y69.876 E548.87842
G1 X193.66 Y69.33 E548.90468
G1 X187.892 Y63.563 E549.29698
G1 X188.437 Y63.563 E549.32319
G1 X193.66 Y68.785 E549.67842
G1 X193.66 Y68.24 E549.70463
G1 X188.982 Y63.563 E550.02279
G1 X189.528 Y63.563 E550.04905
G1 X193.66 Y67.694 E550.33007
G1 X193.66 Y67.149 E550.35628
G1 X190.073 Y63.563 E550.60023
G1 X190.618 Y63.563 E550.62644
G1 X193.66 Y66.604 E550.83332
G1 X193.66 Y66.058 E550.85958
G1 X191.164 Y63.563 E551.02932
G1 X191.709 Y63.563 E551.05553
G1 X193.66 Y65.513 E551.1882
G1 E549.1882 F2400
G92 E0
G1 X192.391 Y63.699 F7800
G1 E2 F2400
G1 F1200
G1 X193.66 Y64.968 E2.08632
G1 X193.66 Y63.563 E2.1539
G1 X192.255 Y63.563 E2.22148
G1 X193.234 Y63.921 F7800
;WIDTH:0.501811
G1 F1200
G1 X193.195 Y63.96 E2.22449
G1 X193.209 Y64.013 E2.22748
G1 X193.262 Y64.027 E2.23047
G1 X193.301 Y63.988 E2.23348
G1 X193.287 Y63.935 E2.23647
G1 E.23647 F2400
G92 E0
G1 X107.269 Y162.751 F7800
G1 E2 F2400
;WIDTH:0.634187
G1 F1200
G1 X107.256 Y163.213 E2.03285
G1 X107.206 Y162.339 F7800
;WIDTH:0.550256
G1 F1200
G1 X107.227 Y162.477 E2.04131
;WIDTH:0.592221
G1 X107.248 Y162.614 E2.05043
;WIDTH:0.634187
G1 X107.269 Y162.751 E2.06028
G1 X107.333 Y162.613 E2.07109
;WIDTH:0.58814
G1 X107.397 Y162.474 E2.08109
;WIDTH:0.542093
G1 X107.461 Y162.336 E2.09015
;WIDTH:0.496046
G1 X107.524 Y162.198 E2.09832
;WIDTH:0.45
G1 X107.679 Y161.942 E2.11271
G1 X108.052 Y161.582 E2.13764
G1 X108.78 Y161.143 E2.17853
G1 X107.177 Y159.54 E2.28756
G1 X107.177 Y162.149 E2.41304
G1 X107.579 Y161.481 F7800
;WIDTH:0.482106
G1 F1200
G1 X107.579 Y160.51 E2.46363
G1 X108.125 Y161.057 E2.5039
G1 X107.964 Y161.15 E2.51359
G1 X107.725 Y161.355 E2.53
;LAYER_CHANGE
;Z:1.25
;HEIGHT:0.3
G1 E.53 F2400
G92 E0
G1 Z1.25 F7800
;AFTER_LAYER_CHANGE
;1.25
G1 X59.438 Y142.107
G1 E2 F2400
;TYPE:Perimeter
;WIDTH:0.45
G1 F1500
G1 X59.442 Y142.116 E2.00047
G1 X59.604 Y142.321 E2.01304
G1 X59.791 Y142.462 E2.0243
G1 X97.038 Y163.966 E4.09288
G1 X56.605 Y163.966 E6.03757
;TYPE:Overhang perimeter
;WIDTH:0.4
;HEIGHT:0.4
M106 S255
G1 X56.588 Y163.966 E6.03846
M107
;TYPE:Perimeter
;WIDTH:0.45
;HEIGHT:0.3
G1 X56.051 Y163.966 E6.06429
G1 X56.051 Y140.584 E7.18888
G1 X56.588 Y140.584 E7.21471
;TYPE:Overhang perimeter
;WIDTH:0.4
;HEIGHT:0.4
M106 S255
G1 X56.605 Y140.584 E7.2156
M107
;TYPE:Perimeter
;WIDTH:0.45
;HEIGHT:0.3
G1 X59.309 Y140.584 E7.34565
G1 X59.309 Y141.788 E7.40356
G1 X59.416 Y142.052 E7.41726
G1 X59.772 Y141.911 F7800
G1 F1500
G1 X59.774 Y141.92 E7.4177
G1 X59.984 Y142.128 E7.43192
G1 X98.477 Y164.352 E9.56971
G1 X56.605 Y164.352 E11.58361
;TYPE:Overhang perimeter
;WIDTH:0.4
;HEIGHT:0.4
M106 S255
G1 X56.588 Y164.352 E11.5845
M107
;TYPE:Perimeter
;WIDTH:0.45
;HEIGHT:0.3
G1 X55.666 Y164.352 E11.62884
G1 X55.666 Y140.198 E12.79056
G1 X56.588 Y140.198 E12.8349
;TYPE:Overhang perimeter
;WIDTH:0.4
;HEIGHT:0.4
M106 S255
G1 X56.605 Y140.198 E12.83579
M107
;TYPE:Perimeter
;WIDTH:0.45
;HEIGHT:0.3
G1 X59.694 Y140.198 E12.98436
G1 X59.694 Y141.627 E13.05309
G1 X59.756 Y141.853 E13.06436
G1 X60.118 Y141.716 F7800
;TYPE:External perimeter
G1 F1500
G1 X60.176 Y141.794 E13.06904
G1 X99.916 Y164.738 E15.27609
G1 X56.605 Y164.738 E17.3592
;TYPE:Overhang perimeter
;WIDTH:0.4
;HEIGHT:0.4
M106 S255
G1 X56.588 Y164.738 E17.36009
M107
;TYPE:External perimeter
;WIDTH:0.45
;HEIGHT:0.3
G1 X55.28 Y164.738 E17.423
G1 X55.28 Y139.813 E18.62181
G1 X56.588 Y139.813 E18.68472
;TYPE:Overhang perimeter
;WIDTH:0.4
;HEIGHT:0.4
M106 S255
G1 X56.605 Y139.813 E18.68561
M107
;TYPE:External perimeter
;WIDTH:0.45
;HEIGHT:0.3
G1 X60.08 Y139.813 E18.85275
G1 X60.08 Y141.665 E18.94182
G1 X60.082 Y141.668 E18.94199
G1 X60.398 Y141.914 F7800
G1 E16.94199 F2400
G92 E0
G1 X58.49 Y140.873 F7800
G1 E2 F2400
;TYPE:Internal infill
;WIDTH:0.45
G1 F1200
G1 X58.171 Y140.873 E2.01534
G1 X58.171 Y142.868 E2.11129
G1 X59.411 Y142.536 E2.17303
G1 X59.151 Y142.163 E2.1949
G1 X58.171 Y145.819 E2.37695
G1 X58.171 Y147.241 E2.44534
G1 X74.608 Y163.677 E3.56333
G1 X77.34 Y163.677 E3.69473
G1 X79.834 Y154.368 E4.15825
G1 X78.254 Y153.456 E4.24599
G1 X58.171 Y158.837 E5.24599
G1 X58.171 Y158.148 E5.27913
G1 X63.701 Y163.677 E5.65524
G1 X61.371 Y163.677 E5.76731
G1 X66.005 Y146.383 E6.62844
G1 X64.001 Y145.226 E6.73974
G1 E4.73974 F2400
G92 E0
G1 X56.653 Y140.703 F7800
G1 E2 F2400
;TYPE:Bridge infill
;WIDTH:0.480101
;HEIGHT:0.4
M106 S255
G1 F1500
G1 X56.653 Y163.645 E3.72671
G1 X57.184 Y163.645 E3.76668
G1 X57.184 Y140.905 E5.47819
G1 X57.714 Y140.905 E5.51808
G1 X57.714 Y163.847 E7.24479
M107
G1 E5.24479 F2400
G92 E0
G1 X58.171 Y153.166 F7800
G1 E2 F2400
;TYPE:Internal infill
;WIDTH:0.45
;HEIGHT:0.3
G1 F1200
G1 X58.171 Y150.852 E2.1113
G1 X68.808 Y148.002 E2.64095
G1 X71.248 Y149.41 E2.77644
G1 X85.514 Y163.677 E3.74683
G1 X85.324 Y163.677 E3.75597
G1 X86.749 Y158.36 E4.02072
G1 X87.7 Y158.909 E4.07353
G1 X69.905 Y163.677 E4.9596
G1 X69.355 Y163.677 E4.98605
G1 X72.919 Y150.376 E5.64835
G1 X74.923 Y151.532 E5.75962
G1 E3.75962 F2400
G92 E0
G1 X91.66 Y161.195 F7800
G1 E2 F2400
G1 F1200
G1 X93.664 Y162.352 E2.1113
G1 X93.309 Y163.677 E2.17728
G1 X90.995 Y163.677 E2.28858
G1 E.28858 F2400
G92 E0
G1 X61.014 Y60.299 F7800
G1 E2 F2400
;TYPE:Perimeter
;WIDTH:0.45
G1 F1500
G1 X61.032 Y60.286 E2.00107
G1 X61.231 Y59.979 E2.01867
G1 X61.301 Y59.618 E2.03636
G1 X61.301 Y46.587 E2.66311
;TYPE:Overhang perimeter
;WIDTH:0.4
;HEIGHT:0.4
M106 S255
G1 X61.301 Y46.571 E2.66395
M107
;TYPE:Perimeter
;WIDTH:0.45
;HEIGHT:0.3
G1 X61.301 Y46.034 E2.68978
G1 X140.199 Y46.034 E6.4845
G1 X140.199 Y46.393 E6.50177
G1 X140.032 Y46.571 E6.51351
;TYPE:Overhang perimeter
;WIDTH:0.4
;HEIGHT:0.4
M106 S255
G1 X140.016 Y46.587 E6.51469
M107
;TYPE:Perimeter
;WIDTH:0.45
;HEIGHT:0.3
G1 X56.605 Y135.346 E12.37291
;TYPE:Overhang perimeter
;WIDTH:0.4
;HEIGHT:0.4
M106 S255
G1 X56.588 Y135.363 E12.37417
M107
;TYPE:Perimeter
;WIDTH:0.45
;HEIGHT:0.3
G1 X56.374 Y135.591 E12.38921
G1 X56.051 Y135.591 E12.40475
G1 X56.051 Y60.582 E16.01242
G1 X56.588 Y60.582 E16.03825
;TYPE:Overhang perimeter
;WIDTH:0.4
;HEIGHT:0.4
M106 S255
G1 X56.605 Y60.582 E16.03914
M107
;TYPE:Perimeter
;WIDTH:0.45
;HEIGHT:0.3
G1 X60.439 Y60.582 E16.22354
G1 X60.756 Y60.486 E16.23947
G1 X60.965 Y60.334 E16.2519
G1 X60.736 Y60.016 F7800
G1 F1500
G1 X60.843 Y59.899 E16.25953
G1 X60.916 Y59.618 E16.27349
G1 X60.916 Y46.587 E16.90024
;TYPE:Overhang perimeter
;WIDTH:0.4
;HEIGHT:0.4
M106 S255
G1 X60.916 Y46.571 E16.90108
M107
;TYPE:Perimeter
;WIDTH:0.45
;HEIGHT:0.3
G1 X60.916 Y45.648 E16.94547
G1 X140.584 Y45.648 E20.77722
G1 X140.584 Y46.545 E20.82036
G1 X140.561 Y46.571 E20.82203
;TYPE:Overhang perimeter
;WIDTH:0.4
;HEIGHT:0.4
M106 S255
G1 X140.545 Y46.587 E20.82321
M107
;TYPE:Perimeter
;WIDTH:0.45
;HEIGHT:0.3
G1 X56.605 Y135.909 E26.71859
;TYPE:Overhang perimeter
;WIDTH:0.4
;HEIGHT:0.4
M106 S255
G1 X56.588 Y135.927 E26.71988
M107
;TYPE:Perimeter
;WIDTH:0.45
;HEIGHT:0.3
G1 X56.541 Y135.977 E26.72318
G1 X55.666 Y135.977 E26.76526
G1 X55.666 Y60.196 E30.41006
G1 X56.588 Y60.196 E30.4544
;TYPE:Overhang perimeter
;WIDTH:0.4
;HEIGHT:0.4
M106 S255
G1 X56.605 Y60.196 E30.45529
M107
;TYPE:Perimeter
;WIDTH:0.45
;HEIGHT:0.3
G1 X60.402 Y60.196 E30.63791
G1 X60.662 Y60.096 E30.65131
G1 X60.695 Y60.06 E30.65366
G1 X60.472 Y59.745 F7800
;TYPE:External perimeter
G1 F1500
G1 X60.53 Y59.618 E30.66038
G1 X60.53 Y46.587 E31.28713
;TYPE:Overhang perimeter
;WIDTH:0.4
;HEIGHT:0.4
M106 S255
G1 X60.53 Y46.571 E31.28797
M107
;TYPE:External perimeter
;WIDTH:0.45
;HEIGHT:0.3
G1 X60.53 Y45.262 E31.35093
G1 X140.97 Y45.262 E35.21981
G1 X140.97 Y46.571 E35.28277
;TYPE:Overhang perimeter
;WIDTH:0.4
;HEIGHT:0.4
M106 S255
G1 X140.97 Y46.587 E35.28361
M107
;TYPE:External perimeter
;WIDTH:0.45
;HEIGHT:0.3
G1 X140.97 Y46.698 E35.28895
G1 X56.708 Y136.363 E41.20695
G1 X56.605 Y136.363 E41.2119
;TYPE:Overhang perimeter
;WIDTH:0.4
;HEIGHT:0.4
M106 S255
G1 X56.588 Y136.363 E41.21279
M107
;TYPE:External perimeter
;WIDTH:0.45
;HEIGHT:0.3
G1 X55.28 Y136.363 E41.2757
G1 X55.28 Y59.81 E44.95763
G1 X56.588 Y59.81 E45.02054
;TYPE:Overhang perimeter
;WIDTH:0.4
;HEIGHT:0.4
M106 S255
G1 X56.605 Y59.81 E45.02143
M107
;TYPE:External perimeter
;WIDTH:0.45
;HEIGHT:0.3
G1 X60.337 Y59.81 E45.20093
G1 X60.426 Y59.777 E45.2055
G1 X60.522 Y59.389 F7800
G1 E43.2055 F2400
G92 E0
G1 X81.516 Y108.415 F7800
G1 E2 F2400
;TYPE:Internal infill
;WIDTH:0.45
G1 F1200
G1 X83.101 Y106.729 E2.1113
G1 X58.171 Y81.799 E3.80701
G1 X58.171 Y78.992 E3.94202
G1 X126.329 Y60.729 E7.33583
G1 X125.374 Y61.746 E7.40293
G1 X111.782 Y48.154 E8.32744
G1 X108.294 Y48.154 E8.4952
G1 X96.387 Y92.591 E10.70786
G1 X96.243 Y92.744 E10.71797
G1 X58.171 Y102.946 E12.61371
G1 X58.171 Y103.613 E12.64579
G1 X72.533 Y117.975 E13.62268
G1 X74.049 Y116.361 E13.72918
G1 X92.325 Y48.154 E17.12543
G1 X89.968 Y48.154 E17.23879
G1 X114.806 Y72.992 E18.92824
G1 X116.3 Y71.401 E19.03321
G1 X58.171 Y86.977 E21.92765
G1 X58.171 Y86.222 E21.96396
G1 X68.372 Y48.154 E23.8595
G1 X68.154 Y48.154 E23.86999
G1 X104.237 Y84.237 E26.32431
G1 X98.953 Y89.86 E26.69543
G1 X61.59 Y52.497 E29.23682
G1 X61.59 Y54.123 E29.31503
G1 X83.867 Y48.154 E30.42427
G1 X84.341 Y48.154 E30.44707
G1 X62.88 Y128.246 E34.43512
G1 X61.965 Y129.22 E34.4994
G1 X58.171 Y125.427 E34.75743
G1 X58.171 Y126.899 E34.82823
G1 X66.157 Y124.759 E35.22588
G1 X67.249 Y123.597 E35.30257
G1 X58.171 Y114.52 E35.92001
G1 X58.171 Y110.93 E36.09268
G1 X86.214 Y103.416 E37.48903
G1 X85.218 Y104.476 E37.55899
G1 X100.31 Y48.154 E40.36345
G1 X100.875 Y48.154 E40.39062
G1 X120.09 Y67.369 E41.6976
G1 X118.725 Y68.82 E41.79342
G1 X124.263 Y48.154 E42.82245
G1 X122.689 Y48.154 E42.89815
G1 X130.658 Y56.123 E43.44019
G1 X129.894 Y56.935 E43.49381
G1 X132.247 Y48.154 E43.93105
G1 X133.596 Y48.154 E43.99593
G1 X135.942 Y50.5 E44.1555
G1 X136.358 Y50.058 E44.18469
G1 X58.171 Y71.008 E48.07787
G1 X58.171 Y70.892 E48.08345
G1 X88.385 Y101.106 E50.13857
G1 X93.669 Y95.483 E50.50969
G1 X59.05 Y60.864 E52.86443
G1 X58.171 Y60.866 E52.90671
G1 X58.171 Y63.023 E53.01045
G1 X113.665 Y48.154 E55.77367
G1 X116.279 Y48.154 E55.89939
G1 X107.556 Y80.706 E57.52027
G1 X106.272 Y82.073 E57.61047
G1 X58.171 Y94.961 E60.00557
G1 X58.171 Y92.706 E60.11403
G1 X77.817 Y112.352 E61.45033
G1 X76.185 Y114.088 E61.56493
G1 X58.171 Y118.914 E62.4619
G1 X58.171 Y116.02 E62.60109
G1 X76.356 Y48.154 E65.98036
G1 X79.061 Y48.154 E66.11046
G1 X109.521 Y78.614 E68.18231
G1 X111.106 Y76.928 E68.29361
G1 E66.29361 F2400
G92 E0
G1 X139.807 Y46.636 F7800
G1 E2 F2400
;TYPE:Bridge infill
;WIDTH:0.480095
;HEIGHT:0.4
M106 S255
G1 F1500
G1 X61.623 Y46.636 E7.88432
G1 X61.623 Y47.166 E7.92421
G1 X139.031 Y47.166 E13.75012
G1 X138.533 Y47.696 E13.80486
G1 X61.42 Y47.696 E19.60857
M107
G1 E17.60857 F2400
G92 E0
G1 X56.653 Y135.121 F7800
G1 E2 F2400
;WIDTH:0.480105
M106 S255
G1 F1500
G1 X56.653 Y60.902 E7.58613
G1 X57.184 Y60.901 E7.6261
G1 X57.184 Y134.261 E13.14758
G1 X57.714 Y133.697 E13.20583
G1 X57.714 Y60.697 E18.70022
M107
G1 E16.70022 F2400
G92 E0
G1 X170.264 Y154.603 F7800
G1 E2 F2400
;TYPE:Perimeter
;WIDTH:0.45
;HEIGHT:0.3
G1 F1500
G1 X170.188 Y154.726 E2.00695
G1 X170.128 Y155.155 E2.02778
G1 X170.261 Y155.567 E2.0486
G1 X170.435 Y155.857 E2.06487
G1 X168.705 Y155.857 E2.14808
G1 X168.879 Y155.567 E2.16435
G1 X169.006 Y155.207 E2.18271
G1 X168.952 Y154.726 E2.20599
G1 X168.766 Y154.423 E2.22309
G1 X168.604 Y154.28 E2.23348
G1 X168.412 Y154.176 E2.24398
G1 X168.052 Y154.107 E2.26161
G1 X145.191 Y154.107 E3.36114
G1 X145.191 Y142.57 E3.91603
G1 X145.128 Y142.226 E3.93285
G1 X144.924 Y141.904 E3.95118
G1 X144.674 Y141.716 E3.96622
G1 X144.227 Y141.606 E3.98836
G1 X144.061 Y141.62 E3.99637
G1 X143.745 Y141.735 E4.01254
G1 X108.492 Y162.088 E5.97038
G1 X108.304 Y162.229 E5.98168
G1 X108.143 Y162.434 E5.99422
G1 X108.037 Y162.695 E6.00777
G1 X108.01 Y162.923 E6.01881
G1 X108.01 Y163.966 E6.06897
G1 X105.306 Y163.966 E6.19902
;TYPE:Overhang perimeter
;WIDTH:0.4
;HEIGHT:0.4
M106 S255
G1 X105.289 Y163.966 E6.19991
M107
;TYPE:Perimeter
;WIDTH:0.45
;HEIGHT:0.3
G1 X104.752 Y163.966 E6.22574
G1 X104.752 Y140.584 E7.35033
G1 X105.289 Y140.584 E7.37616
;TYPE:Overhang perimeter
;WIDTH:0.4
;HEIGHT:0.4
M106 S255
G1 X105.306 Y140.584 E7.37705
M107
;TYPE:Perimeter
;WIDTH:0.45
;HEIGHT:0.3
G1 X144.227 Y140.584 E9.24901
G1 X144.674 Y140.474 E9.27115
G1 X144.924 Y140.286 E9.28619
G1 X145.128 Y139.964 E9.30452
G1 X145.191 Y139.62 E9.32134
G1 X145.191 Y62.754 E13.01833
G1 X164.223 Y62.754 E13.9337
G1 X165.055 Y63.02 E13.97571
G1 X169.57 Y63.533 E14.19426
G1 X174.193 Y63.007 E14.41804
G1 X174.917 Y62.754 E14.45493
G1 X193.949 Y62.754 E15.3703
G1 X193.949 Y154.107 E19.76406
G1 X171.026 Y154.107 E20.86658
G1 X170.65 Y154.212 E20.88536
G1 X170.374 Y154.423 E20.90207
G1 X170.295 Y154.551 E20.9093
G1 X170.603 Y154.793 F7800
G1 F1500
G1 X170.548 Y154.864 E20.91362
G1 X170.512 Y155.121 E20.9261
G1 X170.592 Y155.368 E20.93859
G1 X171.117 Y156.242 E20.98763
G1 X168.023 Y156.242 E21.13644
G1 X168.548 Y155.368 E21.18548
G1 X168.624 Y155.152 E21.19649
G1 X168.592 Y154.864 E21.21043
G1 X168.48 Y154.682 E21.22071
G1 X168.315 Y154.555 E21.23072
G1 X168.052 Y154.492 E21.24373
G1 X144.806 Y154.492 E22.36178
G1 X144.806 Y142.541 E22.93658
G1 X144.715 Y142.259 E22.95083
G1 X144.495 Y142.057 E22.9652
G1 X144.227 Y141.991 E22.97847
G1 X143.938 Y142.069 E22.99287
G1 X108.684 Y162.422 E24.95075
G1 X108.475 Y162.63 E24.96493
G1 X108.395 Y162.923 E24.97954
G1 X108.395 Y164.352 E25.04827
G1 X105.306 Y164.352 E25.19684
;TYPE:Overhang perimeter
;WIDTH:0.4
;HEIGHT:0.4
M106 S255
G1 X105.289 Y164.352 E25.19773
M107
;TYPE:Perimeter
;WIDTH:0.45
;HEIGHT:0.3
G1 X104.366 Y164.352 E25.24212
G1 X104.366 Y140.198 E26.40384
G1 X105.289 Y140.198 E26.44823
;TYPE:Overhang perimeter
;WIDTH:0.4
;HEIGHT:0.4
M106 S255
G1 X105.306 Y140.198 E26.44912
M107
;TYPE:Perimeter
;WIDTH:0.45
;HEIGHT:0.3
G1 X144.227 Y140.198 E28.32108
G1 X144.495 Y140.132 E28.33435
G1 X144.645 Y140.019 E28.34338
G1 X144.749 Y139.869 E28.35216
G1 X144.806 Y139.62 E28.36445
G1 X144.806 Y62.368 E32.08
G1 X164.289 Y62.368 E33.01706
G1 X165.098 Y62.636 E33.05805
G1 X169.57 Y63.145 E33.27453
G1 X174.106 Y62.629 E33.4941
G1 X174.851 Y62.368 E33.53207
G1 X194.334 Y62.368 E34.46913
G1 X194.334 Y154.492 E38.89997
G1 X171.04 Y154.492 E40.02033
G1 X170.757 Y154.596 E40.03483
G1 X170.64 Y154.746 E40.04398
G1 X170.934 Y154.976 F7800
;TYPE:External perimeter
G1 F1500
G1 X170.908 Y155.002 E40.04575
G1 X170.923 Y155.17 E40.05386
G1 X171.798 Y156.628 E40.13564
G1 X167.342 Y156.628 E40.34996
G1 X168.249 Y155.117 E40.43472
G1 X168.195 Y154.941 E40.44357
G1 X168.052 Y154.878 E40.45109
G1 X144.42 Y154.878 E41.58771
G1 X144.42 Y142.57 E42.17968
G1 X144.367 Y142.436 E42.18661
G1 X144.227 Y142.377 E42.19392
G1 X144.131 Y142.403 E42.1987
G1 X108.843 Y162.776 E44.15848
G1 X108.781 Y162.923 E44.16615
G1 X108.781 Y164.738 E44.25345
G1 X105.306 Y164.738 E44.42059
;TYPE:Overhang perimeter
;WIDTH:0.4
;HEIGHT:0.4
M106 S255
G1 X105.289 Y164.738 E44.42148
M107
;TYPE:External perimeter
;WIDTH:0.45
;HEIGHT:0.3
G1 X103.981 Y164.738 E44.48439
G1 X103.981 Y139.813 E45.6832
G1 X105.289 Y139.813 E45.74611
;TYPE:Overhang perimeter
;WIDTH:0.4
;HEIGHT:0.4
M106 S255
G1 X105.306 Y139.813 E45.747
M107
;TYPE:External perimeter
;WIDTH:0.45
;HEIGHT:0.3
G1 X144.227 Y139.813 E47.61896
G1 X144.367 Y139.753 E47.62629
G1 X144.42 Y139.62 E47.63318
G1 X144.42 Y62.077 E51.36273
;TYPE:Overhang perimeter
;WIDTH:0.4
;HEIGHT:0.4
M106 S255
G1 X144.42 Y61.982 E51.36769
G1 X164.354 Y61.982 E52.40914
G1 X164.629 Y62.077 E52.42434
M107
;TYPE:External perimeter
;WIDTH:0.45
;HEIGHT:0.3
G1 X165.142 Y62.253 E52.45043
G1 X169.57 Y62.757 E52.66478
G1 X174.02 Y62.251 E52.88019
G1 X174.516 Y62.077 E52.90547
;TYPE:Overhang perimeter
;WIDTH:0.4
;HEIGHT:0.4
M106 S255
G1 X174.786 Y61.982 E52.92042
G1 X194.72 Y61.982 E53.96187
G1 X194.72 Y62.077 E53.96683
M107
;TYPE:External perimeter
;WIDTH:0.45
;HEIGHT:0.3
G1 X194.72 Y154.878 E58.43024
G1 X171.038 Y154.878 E59.56926
G1 X170.978 Y154.935 E59.57324
G1 X171.023 Y155.332 F7800
G1 E57.57324 F2400
G92 E0
G1 X165.226 Y153.82 F7800
G1 E2 F2400
;TYPE:Internal infill
;WIDTH:0.45
G1 F1200
G1 X162.913 Y153.82 E2.11125
G1 X145.48 Y136.387 E3.29702
G1 X145.48 Y135.442 E3.34247
G1 X165.484 Y130.082 E4.33853
G1 X165.484 Y132.703 E4.46459
G1 X159.826 Y153.819 E5.51602
G1 X157.512 Y153.819 E5.62732
G1 E3.62732 F2400
G92 E0
G1 X145.477 Y147.291 F7800
G1 E2 F2400
G1 F1200
G1 X152.004 Y153.818 E2.44396
G1 X151.841 Y153.818 E2.4518
G1 X165.484 Y102.904 E4.98698
G1 X165.484 Y101.856 E5.03739
G1 X145.48 Y81.853 E6.398
G1 X145.48 Y79.551 E6.50872
G1 X165.484 Y74.191 E7.50478
G1 E5.50478 F2400
G92 E0
G1 X173.656 Y72.001 F7800
G1 E2 F2400
G1 F1200
G1 X193.66 Y66.642 E2.99605
G1 X193.66 Y64.59 E3.09474
G1 X193.233 Y64.163 E3.12378
G1 X191.833 Y64.163 E3.19112
G1 X173.656 Y132.001 E6.56899
G1 X173.656 Y131.842 E6.57664
G1 X193.66 Y151.846 E7.93729
G1 X193.66 Y153.817 E8.03209
G1 X191.764 Y153.818 E8.12328
G1 X193.66 Y146.743 E8.47557
G1 X193.66 Y146.486 E8.48793
G1 X173.656 Y151.846 E9.48399
G1 X173.656 Y153.656 E9.57104
G1 X173.82 Y153.82 E9.5822
G1 X175.794 Y153.82 E9.67714
G1 X193.66 Y87.146 E12.99706
G1 X193.66 Y86.404 E13.03275
G1 X173.656 Y66.4 E14.3934
G1 X173.656 Y64.163 E14.50099
G1 X175.864 Y64.163 E14.60719
G1 X173.656 Y72.405 E15.01758
G1 X173.656 Y77.307 E15.25335
G1 X193.66 Y97.311 E16.614
G1 X193.66 Y98.579 E16.67499
G1 X173.656 Y103.939 E17.67105
G1 X173.656 Y102.203 E17.75455
G1 X183.849 Y64.163 E19.64869
G1 X182.326 Y64.163 E19.72194
G1 X193.66 Y75.497 E20.49287
G1 X193.66 Y74.626 E20.53476
G1 X173.656 Y79.986 E21.53082
G1 X173.656 Y82.3 E21.64212
G1 E19.64212 F2400
G92 E0
G1 X165.484 Y95.831 F7800
G1 E2 F2400
G1 F1200
G1 X165.484 Y98.145 E2.1113
G1 X145.48 Y103.505 E3.10736
G1 X145.48 Y103.667 E3.11515
G1 X165.484 Y123.67 E4.47576
G1 X165.484 Y122.098 E4.55137
G1 X145.48 Y127.458 E5.54743
G1 X145.48 Y125.48 E5.64257
G1 X165.484 Y145.484 E7.00322
G1 X165.484 Y146.051 E7.03049
G1 X145.479 Y151.412 E8.02661
G1 X145.477 Y147.772 E8.20168
G1 X165.484 Y73.106 E11.91955
G1 X165.484 Y69.135 E12.11054
G1 X160.512 Y64.163 E12.44873
G1 X159.896 Y64.163 E12.47836
G1 X145.48 Y117.961 E15.15715
G1 X145.48 Y119.473 E15.22987
G1 X165.484 Y114.114 E16.22592
G1 X165.484 Y112.763 E16.2909
G1 X145.48 Y92.76 E17.65151
G1 X145.48 Y95.52 E17.78426
G1 X165.484 Y90.16 E18.78032
G1 X165.484 Y90.949 E18.81827
G1 X145.48 Y70.946 E20.17888
G1 X145.48 Y71.567 E20.20875
G1 X165.484 Y66.207 E21.20481
G1 X165.484 Y64.163 E21.30312
G1 X165.214 Y64.163 E21.31611
G1 X163.978 Y63.043 F7800
;TYPE:Solid infill
;WIDTH:0.45
G1 F1200
G1 X145.48 Y63.043 E22.2058
G1 X145.48 Y63.778 E22.24115
G1 X164.111 Y63.778 E23.13724
;WIDTH:0.461604
G1 X165.582 Y63.772 E23.21012
;WIDTH:0.460489
G1 X165.719 Y63.833 E23.21753
;WIDTH:0.452758
G1 X165.813 Y63.929 E23.22404
;WIDTH:0.45
G1 X165.869 Y64.065 E23.23111
G1 X165.869 Y66.264 E23.33687
G1 X168.443 Y63.69 E23.51195
G1 X166.056 Y63.423 E23.62747
;WIDTH:0.492923
G1 X165.025 Y63.329 E23.68281
G1 X164.171 Y63.043 E23.73095
;WIDTH:0.45
G1 X164.111 Y63.41 E23.74884
;WIDTH:0.413357
G1 X145.848 Y63.41 E24.54376
G1 E22.54376 F2400
G92 E0
G1 X165.735 Y66.987 F7800
G1 E2 F2400
;WIDTH:0.404381
G1 F1200
G1 X165.694 Y66.998 E2.0018
G1 X165.675 Y66.927 E2.00492
G1 X165.746 Y66.946 E2.00804
;WIDTH:0.45
G1 X168.933 Y63.745 E2.22529
G1 X169.423 Y63.8 E2.24901
G1 X165.869 Y67.354 E2.49075
G1 X165.869 Y67.9 E2.51701
G1 X170.001 Y63.768 E2.79806
G1 X170.615 Y63.7 E2.82777
G1 X165.869 Y68.445 E3.15055
G1 X165.869 Y68.99 E3.17676
G1 X171.229 Y63.631 E3.54131
G1 X171.843 Y63.562 E3.57103
G1 X165.869 Y69.536 E3.97737
G1 X165.869 Y70.081 E4.00358
G1 X172.457 Y63.493 E4.45169
G1 X173.072 Y63.424 E4.48145
G1 X165.869 Y70.626 E4.97136
G1 X165.869 Y71.172 E4.99762
G1 X173.656 Y63.385 E5.52728
G1 X173.505 Y63.917 E5.55388
;WIDTH:0.404381
G1 X173.385 Y64.043 E5.56126
;WIDTH:0.45
G1 X173.271 Y64.316 E5.57549
G1 X165.869 Y71.717 E6.07893
G1 X165.869 Y72.262 E6.10514
G1 X173.271 Y64.861 E6.60858
G1 X173.271 Y65.407 E6.63484
G1 X165.869 Y72.808 E7.13828
G1 X165.869 Y73.353 E7.16449
G1 X173.271 Y65.952 E7.66793
G1 X173.271 Y66.497 E7.69414
G1 X165.869 Y73.898 E8.19758
G1 X165.869 Y74.444 E8.22384
G1 X173.271 Y67.043 E8.72728
G1 X173.271 Y67.588 E8.75349
G1 X165.869 Y74.989 E9.25693
G1 X165.869 Y75.535 E9.28319
G1 X173.271 Y68.133 E9.78666
G1 X173.271 Y68.679 E9.81292
G1 X165.869 Y76.08 E10.31636
G1 X165.869 Y76.625 E10.34257
G1 X173.271 Y69.224 E10.84601
G1 X173.271 Y69.769 E10.87222
G1 X165.869 Y77.171 E11.37569
G1 X165.869 Y77.716 E11.4019
G1 X173.271 Y70.315 E11.90534
G1 X173.271 Y70.86 E11.93155
G1 X165.869 Y78.261 E12.43499
G1 X165.869 Y78.807 E12.46125
G1 X173.271 Y71.406 E12.96469
G1 X173.271 Y71.951 E12.9909
G1 X165.869 Y79.352 E13.49434
G1 X165.869 Y79.897 E13.52055
G1 X173.271 Y72.496 E14.02399
G1 X173.271 Y73.042 E14.05025
G1 X165.869 Y80.443 E14.55369
G1 X165.869 Y80.988 E14.5799
G1 X173.271 Y73.587 E15.08334
G1 X173.271 Y74.132 E15.10955
G1 X165.869 Y81.533 E15.61299
G1 X165.869 Y82.079 E15.63925
G1 X173.271 Y74.678 E16.14269
G1 X173.271 Y75.223 E16.1689
G1 X165.869 Y82.624 E16.67234
G1 X165.869 Y83.169 E16.69855
G1 X173.271 Y75.768 E17.20199
G1 X173.271 Y76.314 E17.22825
G1 X165.869 Y83.715 E17.73169
G1 X165.869 Y84.26 E17.7579
G1 X173.271 Y76.859 E18.26134
G1 X173.271 Y77.404 E18.28755
G1 X165.869 Y84.805 E18.79099
G1 X165.869 Y85.351 E18.81725
G1 X173.271 Y77.95 E19.32069
G1 X173.271 Y78.495 E19.3469
G1 X165.869 Y85.896 E19.85034
G1 X165.869 Y86.441 E19.87655
G1 X173.271 Y79.04 E20.37999
G1 X173.271 Y79.586 E20.40625
G1 X165.869 Y86.987 E20.90969
G1 X165.869 Y87.532 E20.9359
G1 X173.271 Y80.131 E21.43934
G1 X173.271 Y80.676 E21.46555
G1 X165.869 Y88.078 E21.96902
G1 X165.869 Y88.623 E21.99523
G1 X173.271 Y81.222 E22.49867
G1 X173.271 Y81.767 E22.52488
G1 X165.869 Y89.168 E23.02832
G1 X165.869 Y89.714 E23.05458
G1 X173.271 Y82.312 E23.55805
G1 X173.271 Y82.858 E23.58431
G1 X165.869 Y90.259 E24.08775
G1 X165.869 Y90.804 E24.11396
G1 X173.271 Y83.403 E24.6174
G1 X173.271 Y83.949 E24.64366
G1 X165.869 Y91.35 E25.1471
G1 X165.869 Y91.895 E25.17331
G1 X173.271 Y84.494 E25.67675
G1 X173.271 Y85.039 E25.70296
G1 X165.869 Y92.44 E26.2064
G1 X165.869 Y92.986 E26.23266
G1 X173.271 Y85.585 E26.7361
G1 X173.271 Y86.13 E26.76231
G1 X165.869 Y93.531 E27.26575
G1 X165.869 Y94.076 E27.29196
G1 X173.271 Y86.675 E27.7954
G1 X173.271 Y87.221 E27.82166
G1 X165.869 Y94.622 E28.3251
G1 X165.869 Y95.167 E28.35131
G1 X173.271 Y87.766 E28.85475
G1 X173.271 Y88.311 E28.88096
G1 X165.869 Y95.712 E29.3844
G1 X165.869 Y96.258 E29.41066
G1 X173.271 Y88.857 E29.9141
G1 X173.271 Y89.402 E29.94031
G1 X165.869 Y96.803 E30.44375
G1 X165.869 Y97.348 E30.46996
G1 X173.271 Y89.947 E30.9734
G1 X173.271 Y90.493 E30.99966
G1 X165.869 Y97.894 E31.5031
G1 X165.869 Y98.439 E31.52931
G1 X173.271 Y91.038 E32.03275
G1 X173.271 Y91.583 E32.05896
G1 X165.869 Y98.984 E32.5624
G1 X165.869 Y99.53 E32.58866
G1 X173.271 Y92.129 E33.0921
G1 X173.271 Y92.674 E33.11831
G1 X165.869 Y100.075 E33.62175
G1 X165.869 Y100.621 E33.64801
G1 X173.271 Y93.219 E34.15148
G1 X173.271 Y93.765 E34.17774
G1 X165.869 Y101.166 E34.68118
G1 X165.869 Y101.711 E34.70739
G1 X173.271 Y94.31 E35.21083
G1 X173.271 Y94.855 E35.23704
G1 X165.869 Y102.257 E35.74051
G1 X165.869 Y102.802 E35.76672
G1 X173.271 Y95.401 E36.27016
G1 X173.271 Y95.946 E36.29637
G1 X165.869 Y103.347 E36.79981
G1 X165.869 Y103.893 E36.82607
G1 X173.271 Y96.492 E37.32951
G1 X173.271 Y97.037 E37.35572
G1 X165.869 Y104.438 E37.85916
G1 X165.869 Y104.983 E37.88537
G1 X173.271 Y97.582 E38.38881
G1 X173.271 Y98.128 E38.41507
G1 X165.869 Y105.529 E38.91851
G1 X165.869 Y106.074 E38.94472
G1 X173.271 Y98.673 E39.44816
G1 X173.271 Y99.218 E39.47437
G1 X165.869 Y106.619 E39.97781
G1 X165.869 Y107.165 E40.00407
G1 X173.271 Y99.764 E40.50751
G1 X173.271 Y100.309 E40.53372
G1 X165.869 Y107.71 E41.03716
G1 X165.869 Y108.255 E41.06337
G1 X173.271 Y100.854 E41.56681
G1 X173.271 Y101.4 E41.59307
G1 X165.869 Y108.801 E42.09651
G1 X165.869 Y109.346 E42.12272
G1 X173.271 Y101.945 E42.62616
G1 X173.271 Y102.49 E42.65237
G1 X165.869 Y109.891 E43.15581
G1 X165.869 Y110.437 E43.18207
G1 X173.271 Y103.036 E43.68551
G1 X173.271 Y103.581 E43.71172
G1 X165.869 Y110.982 E44.21516
G1 X165.869 Y111.527 E44.24137
G1 X173.271 Y104.126 E44.74481
G1 X173.271 Y104.672 E44.77107
G1 X165.869 Y112.073 E45.27451
G1 X165.869 Y112.618 E45.30072
G1 X173.271 Y105.217 E45.80416
G1 X173.271 Y105.762 E45.83037
G1 X165.869 Y113.164 E46.33384
G1 X165.869 Y113.709 E46.36005
G1 X173.271 Y106.308 E46.86349
G1 X173.271 Y106.853 E46.8897
G1 X165.869 Y114.254 E47.39314
G1 X165.869 Y114.8 E47.4194
G1 X173.271 Y107.398 E47.92287
G1 X173.271 Y107.944 E47.94913
G1 X165.869 Y115.345 E48.45257
G1 X165.869 Y115.89 E48.47878
G1 X173.271 Y108.489 E48.98222
G1 X173.271 Y109.034 E49.00843
G1 X165.869 Y116.436 E49.5119
G1 X165.869 Y116.981 E49.53811
G1 X173.271 Y109.58 E50.04155
G1 X173.271 Y110.125 E50.06776
G1 X165.869 Y117.526 E50.5712
G1 X165.869 Y118.072 E50.59746
G1 X173.271 Y110.671 E51.1009
G1 X173.271 Y111.216 E51.12711
G1 X165.869 Y118.617 E51.63055
G1 X165.869 Y119.162 E51.65676
G1 X173.271 Y111.761 E52.1602
G1 X173.271 Y112.307 E52.18646
G1 X165.869 Y119.708 E52.6899
G1 X165.869 Y120.253 E52.71611
G1 X173.271 Y112.852 E53.21955
G1 X173.271 Y113.397 E53.24576
G1 X165.869 Y120.798 E53.7492
G1 X165.869 Y121.344 E53.77546
G1 X173.271 Y113.943 E54.2789
G1 X173.271 Y114.488 E54.30511
G1 X165.869 Y121.889 E54.80855
G1 X165.869 Y122.434 E54.83476
G1 X173.271 Y115.033 E55.3382
G1 X173.271 Y115.579 E55.36446
G1 X165.869 Y122.98 E55.8679
G1 X165.869 Y123.525 E55.89411
G1 X173.271 Y116.124 E56.39755
G1 X173.271 Y116.669 E56.42376
G1 X165.869 Y124.07 E56.9272
G1 X165.869 Y124.616 E56.95346
G1 X173.271 Y117.215 E57.4569
G1 X173.271 Y117.76 E57.48311
G1 X165.869 Y125.161 E57.98655
G1 X165.869 Y125.707 E58.01281
G1 X173.271 Y118.305 E58.51628
G1 X173.271 Y118.851 E58.54254
G1 X165.869 Y126.252 E59.04598
G1 X165.869 Y126.797 E59.07219
G1 X173.271 Y119.396 E59.57563
G1 X173.271 Y119.941 E59.60184
G1 X165.869 Y127.343 E60.10531
G1 X165.869 Y127.888 E60.13152
G1 X173.271 Y120.487 E60.63496
G1 X173.271 Y121.032 E60.66117
G1 X165.869 Y128.433 E61.16461
G1 X165.869 Y128.979 E61.19087
G1 X173.271 Y121.577 E61.69434
G1 X173.271 Y122.123 E61.7206
G1 X165.869 Y129.524 E62.22404
G1 X165.869 Y130.069 E62.25025
G1 X173.271 Y122.668 E62.75369
G1 X173.271 Y123.214 E62.77995
G1 X165.869 Y130.615 E63.28339
G1 X165.869 Y131.16 E63.3096
G1 X173.271 Y123.759 E63.81304
G1 X173.271 Y124.304 E63.83925
G1 X165.869 Y131.705 E64.34269
G1 X165.869 Y132.251 E64.36895
G1 X173.271 Y124.85 E64.87239
G1 X173.271 Y125.395 E64.8986
G1 X165.869 Y132.796 E65.40204
G1 X165.869 Y133.341 E65.42825
G1 X173.271 Y125.94 E65.93169
G1 X173.271 Y126.486 E65.95795
G1 X165.869 Y133.887 E66.46139
G1 X165.869 Y134.432 E66.4876
G1 X173.271 Y127.031 E66.99104
G1 X173.271 Y127.576 E67.01725
G1 X165.869 Y134.977 E67.52069
G1 X165.869 Y135.523 E67.54695
G1 X173.271 Y128.122 E68.05039
G1 X173.271 Y128.667 E68.0766
G1 X165.869 Y136.068 E68.58004
G1 X165.869 Y136.613 E68.60625
G1 X173.271 Y129.212 E69.10969
G1 X173.271 Y129.758 E69.13595
G1 X165.869 Y137.159 E69.63939
G1 X165.869 Y137.704 E69.6656
G1 X173.271 Y130.303 E70.16904
G1 X173.271 Y130.848 E70.19525
G1 X165.869 Y138.249 E70.69869
G1 X165.869 Y138.795 E70.72495
G1 X173.271 Y131.394 E71.22839
G1 X173.271 Y131.939 E71.2546
G1 X165.869 Y139.34 E71.75804
G1 X165.869 Y139.886 E71.7843
G1 X173.271 Y132.484 E72.28777
G1 X173.271 Y133.03 E72.31403
G1 X165.869 Y140.431 E72.81747
G1 X165.869 Y140.976 E72.84368
G1 X173.271 Y133.575 E73.34712
G1 X173.271 Y134.12 E73.37333
G1 X165.869 Y141.522 E73.8768
G1 X165.869 Y142.067 E73.90301
G1 X173.271 Y134.666 E74.40645
G1 X173.271 Y135.211 E74.43266
G1 X165.869 Y142.612 E74.9361
G1 X165.869 Y143.158 E74.96236
G1 X173.271 Y135.757 E75.4658
G1 X173.271 Y136.302 E75.49201
G1 X165.869 Y143.703 E75.99545
G1 X165.869 Y144.248 E76.02166
G1 X173.271 Y136.847 E76.5251
G1 X173.271 Y137.393 E76.55136
G1 X165.869 Y144.794 E77.0548
G1 X165.869 Y145.339 E77.08101
G1 X173.271 Y137.938 E77.58445
G1 X173.271 Y138.483 E77.61066
G1 X165.869 Y145.884 E78.1141
G1 X165.869 Y146.43 E78.14036
G1 X173.271 Y139.029 E78.6438
G1 X173.271 Y139.574 E78.67001
G1 X165.869 Y146.975 E79.17345
G1 X165.869 Y147.52 E79.19966
G1 X173.271 Y140.119 E79.7031
G1 X173.271 Y140.665 E79.72936
G1 X165.869 Y148.066 E80.2328
G1 X165.869 Y148.611 E80.25901
G1 X173.271 Y141.21 E80.76245
G1 X173.271 Y141.755 E80.78866
G1 X165.869 Y149.156 E81.2921
G1 X165.869 Y149.702 E81.31836
G1 X173.271 Y142.301 E81.8218
G1 X173.271 Y142.846 E81.84801
G1 X165.869 Y150.247 E82.35145
G1 X165.869 Y150.792 E82.37766
G1 X173.271 Y143.391 E82.8811
G1 X173.271 Y143.937 E82.90736
G1 X165.869 Y151.338 E83.4108
G1 X165.869 Y151.883 E83.43701
G1 X173.271 Y144.482 E83.94045
G1 X173.271 Y145.027 E83.96666
G1 X165.869 Y152.429 E84.47013
G1 X165.869 Y152.974 E84.49634
G1 X173.271 Y145.573 E84.99978
G1 X173.271 Y146.118 E85.02599
G1 X165.869 Y153.519 E85.52943
G1 X165.83 Y153.89 E85.54737
;WIDTH:0.404381
G1 X165.758 Y153.871 E85.55053
G1 X165.777 Y153.942 E85.55365
G1 X165.819 Y153.931 E85.55549
;WIDTH:0.45
G1 X166.114 Y153.82 E85.57065
G1 X173.271 Y146.663 E86.05746
G1 X173.271 Y147.209 E86.08372
G1 X166.659 Y153.82 E86.53343
G1 X167.205 Y153.82 E86.55969
G1 X173.271 Y147.754 E86.97229
G1 X173.271 Y148.3 E86.99855
G1 X167.75 Y153.82 E87.37405
G1 X167.654 Y153.974 E87.38278
;WIDTH:0.404381
G1 X167.583 Y153.955 E87.3859
G1 X167.602 Y154.026 E87.38902
G1 X167.643 Y154.015 E87.39082
;WIDTH:0.45
G1 X168.27 Y153.845 E87.42207
G1 X173.271 Y148.845 E87.7622
G1 X173.271 Y149.39 E87.78841
G1 X168.669 Y153.992 E88.10143
G1 X168.979 Y154.227 E88.12014
G1 X173.271 Y149.936 E88.41204
G1 X173.271 Y150.481 E88.43825
G1 X169.188 Y154.564 E88.71597
G1 X169.28 Y155.017 E88.7382
G1 X173.271 Y151.026 E89.00966
G1 X173.271 Y151.572 E89.03592
G1 X171.022 Y153.82 E89.18886
G1 X170.79 Y153.952 E89.2017
;WIDTH:0.404381
G1 X170.719 Y153.933 E89.20482
G1 X170.738 Y154.004 E89.20794
G1 X170.779 Y153.993 E89.20974
;WIDTH:0.45
G1 X171.449 Y154.015 E89.24198
;WIDTH:0.404381
G1 X171.408 Y154.026 E89.24378
G1 X171.389 Y153.955 E89.2469
G1 X171.46 Y153.974 E89.25002
;WIDTH:0.45
G1 X171.567 Y153.82 E89.25904
G1 X173.271 Y152.117 E89.37491
G1 X173.271 Y153.82 E89.45682
G1 X172.113 Y153.82 E89.51252
G1 X173.134 Y152.799 E89.58197
G1 E87.58197 F2400
G92 E0
G1 X169.874 Y154.961 F7800
G1 E2 F2400
;WIDTH:0.438697
G1 F1200
G1 X169.849 Y155.137 E2.0083
G1 X169.971 Y155.573 E2.02944
;WIDTH:0.486847
G1 X169.625 Y155.549 E2.04772
;WIDTH:0.534997
G1 X169.28 Y155.525 E2.06802
G1 X169.429 Y155.439 E2.07812
;WIDTH:0.48707
G1 X169.742 Y155.102 E2.10237
G1 E.10237 F2400
G92 E0
G1 X166.228 Y64 F7800
G1 E2 F2400
;WIDTH:0.45
G1 F1200
G1 X166.255 Y64.065 E2.00339
G1 X166.255 Y65.333 E2.06438
G1 X167.603 Y63.984 E2.1561
G1 X166.154 Y63.822 E2.22623
G1 X166.735 Y64.293 E2.2622
;WIDTH:0.527709
G1 X166.695 Y64.252 E2.26551
G1 X166.639 Y64.267 E2.26886
G1 X166.624 Y64.323 E2.27221
G1 X166.665 Y64.364 E2.27556
G1 X166.72 Y64.349 E2.27885
G1 E.27885 F2400
G92 E0
G1 X174.779 Y63.101 F7800
G1 E2 F2400
;WIDTH:0.45
G1 F1200
G1 X174.108 Y63.315 E2.03387
G1 X174.114 Y63.437 E2.03974
G1 X173.809 Y63.778 E2.06174
G1 X193.66 Y63.778 E3.0165
G1 X193.66 Y63.043 E3.05185
G1 X174.963 Y63.043 E3.95111
G1 X175.02 Y63.41 E3.96897
;WIDTH:0.413355
G1 X193.292 Y63.41 E4.76428
G1 E2.76428 F2400
G92 E0
G1 X193.66 Y80.297 F7800
G1 E2 F2400
;TYPE:Internal infill
;WIDTH:0.45
G1 F1200
G1 X193.66 Y82.611 E2.1113
G1 X173.656 Y87.97 E3.10735
G1 X173.656 Y88.214 E3.11909
G1 X193.66 Y108.218 E4.47974
G1 X193.66 Y106.564 E4.55929
G1 X173.656 Y111.924 E5.55535
G1 X173.656 Y110.028 E5.64654
G1 X193.66 Y130.032 E7.00719
G1 X193.66 Y130.517 E7.03052
G1 X173.656 Y135.877 E8.02658
G1 X173.656 Y138.191 E8.13788
G1 E6.13788 F2400
G92 E0
G1 X173.656 Y125.579 F7800
G1 E2 F2400
G1 F1200
G1 X173.656 Y127.893 E2.1113
G1 X193.66 Y122.533 E3.10736
G1 X193.66 Y119.125 E3.27127
G1 X173.656 Y99.121 E4.63192
G1 X173.656 Y95.955 E4.78419
G1 X193.66 Y90.595 E5.78025
G1 X193.66 Y92.909 E5.89155
G1 E3.89155 F2400
G92 E0
G1 X165.484 Y108.443 F7800
G1 E2 F2400
G1 F1200
G1 X165.484 Y106.129 E2.1113
G1 X145.48 Y111.489 E3.10736
G1 X145.48 Y114.573 E3.25569
G1 X165.484 Y134.577 E4.61634
G1 X165.484 Y138.067 E4.7842
G1 X145.475 Y143.428 E5.78051
G1 X145.436 Y142.239 E5.83773
G1 X145.132 Y141.701 E5.86745
G1 X144.806 Y141.456 E5.88706
G1 X144.235 Y141.315 E5.91535
G1 X144.006 Y141.335 E5.92641
G1 X143.608 Y141.48 E5.94678
G1 X141.109 Y142.923 E6.08557
G1 X139.059 Y140.873 E6.22501
G1 X139.341 Y140.873 E6.23857
G1 X138.368 Y144.505 E6.41942
G1 X135.694 Y146.049 E6.56793
G1 X106.872 Y153.772 E8.00307
G1 X106.872 Y152.314 E8.07319
G1 X113.45 Y158.892 E8.52062
G1 X115.454 Y157.735 E8.63192
G1 E6.63192 F2400
G92 E0
G1 X108.234 Y161.922 F7800
G1 E2 F2400
G1 F1200
G1 X107.893 Y162.287 E2.02402
G1 X107.755 Y162.625 E2.04158
G1 X107.72 Y163.677 E2.09221
G1 X107.328 Y163.677 E2.11106
G1 X106.872 Y163.221 E2.14208
G1 X106.872 Y161.756 E2.21254
G1 X109.888 Y160.948 E2.36271
G1 X110.031 Y160.866 E2.37064
G1 X115.388 Y140.873 E3.36616
G1 X117.245 Y140.873 E3.45548
G1 X127.279 Y150.907 E4.13798
G1 X128.922 Y149.959 E4.22921
G1 X131.357 Y140.873 E4.68164
G1 X133.67 Y140.873 E4.79289
G1 E2.79289 F2400
G92 E0
G1 X132.19 Y148.072 F7800
G1 E2 F2400
G1 F1200
G1 X134.194 Y146.915 E2.1113
G1 X128.152 Y140.873 E2.52227
G1 X125.213 Y140.873 E2.66363
G1 X106.872 Y145.787 E3.57688
G1 X106.872 Y142.855 E3.7179
G1 X107.403 Y140.873 E3.81659
G1 X106.872 Y140.873 E3.84213
G1 X106.872 Y141.407 E3.86781
G1 X120.365 Y154.9 E4.78559
G1 X119.477 Y155.412 E4.83489
G1 X123.372 Y140.873 E5.55883
G1 X121.059 Y140.873 E5.67008
G1 E3.67008 F2400
G92 E0
G1 X105.354 Y140.703 F7800
G1 E2 F2400
;TYPE:Bridge infill
;WIDTH:0.480101
;HEIGHT:0.4
M106 S255
G1 F1500
G1 X105.354 Y163.645 E3.72671
G1 X105.884 Y163.645 E3.7666
G1 X105.884 Y140.905 E5.47811
G1 X106.414 Y140.905 E5.518
G1 X106.414 Y163.847 E7.24471
M107
G1 E5.24471 F2400
G92 E0
G1 X145.48 Y90.476 F7800
G1 E2 F2400
;TYPE:Internal infill
;WIDTH:0.45
;HEIGHT:0.3
G1 F1200
G1 X145.48 Y88.163 E2.11125
G1 X151.911 Y64.163 E3.30629
G1 X149.605 Y64.163 E3.4172
G1 X165.484 Y80.042 E4.49727
G1 X165.484 Y82.176 E4.59991
G1 X145.48 Y87.536 E5.59597
G1 E3.59597 F2400
G92 E0
G1 X193.66 Y136.188 F7800
G1 E2 F2400
G1 F1200
G1 X193.66 Y138.502 E2.1113
G1 X173.656 Y143.862 E3.10736
G1 X173.656 Y142.749 E3.16089
G1 X184.726 Y153.819 E3.91386
G1 X183.779 Y153.819 E3.95941
G1 X193.66 Y116.945 E5.79549
G1 X193.66 Y114.548 E5.91078
G1 X173.656 Y119.908 E6.90684
G1 X173.656 Y120.935 E6.95624
G1 X193.66 Y140.939 E8.31689
G1 X193.66 Y143.252 E8.42814
;LAYER_CHANGE
;Z:1.55
;HEIGHT:0.3
G1 E6.42814 F2400
G92 E0
G1 Z1.55 F7800
;AFTER_LAYER_CHANGE
;1.55
G1 X59.438 Y142.107
G1 E2 F2400
;TYPE:Perimeter
;WIDTH:0.45
G1 F1500
G1 X59.442 Y142.116 E2.00047
G1 X59.604 Y142.321 E2.01304
G1 X59.791 Y142.462 E2.0243
G1 X97.038 Y163.966 E4.09288
G1 X56.051 Y163.966 E6.06421
G1 X56.051 Y140.584 E7.1888
G1 X59.309 Y140.584 E7.3455
G1 X59.309 Y141.788 E7.40341
G1 X59.416 Y142.052 E7.41711
G1 X59.772 Y141.911 F7800
G1 F1500
G1 X59.774 Y141.92 E7.41755
G1 X59.984 Y142.128 E7.43177
G1 X98.477 Y164.352 E9.56956
G1 X55.666 Y164.352 E11.62862
G1 X55.666 Y140.198 E12.79034
G1 X59.694 Y140.198 E12.98407
G1 X59.694 Y141.627 E13.0528
G1 X59.756 Y141.853 E13.06407
G1 X60.118 Y141.716 F7800
;TYPE:External perimeter
G1 F1500
G1 X60.176 Y141.794 E13.06875
G1 X99.916 Y164.738 E15.2758
G1 X55.28 Y164.738 E17.42264
G1 X55.28 Y139.813 E18.62145
G1 X60.08 Y139.813 E18.85231
G1 X60.08 Y141.665 E18.94138
G1 X60.082 Y141.668 E18.94155
G1 X60.398 Y141.914 F7800
G1 E16.94155 F2400
G92 E0
G1 X58.49 Y140.873 F7800
G1 E2 F2400
;TYPE:Internal infill
;WIDTH:0.45
G1 F1200
G1 X58.171 Y140.873 E2.01534
G1 X58.171 Y142.868 E2.11129
G1 X59.411 Y142.536 E2.17303
G1 X59.151 Y142.163 E2.1949
G1 X58.171 Y145.819 E2.37695
G1 X58.171 Y147.241 E2.44534
G1 X74.608 Y163.677 E3.56333
G1 X77.34 Y163.677 E3.69473
G1 X79.834 Y154.368 E4.15825
G1 X78.254 Y153.456 E4.24599
G1 X58.171 Y158.837 E5.24599
G1 X58.171 Y158.148 E5.27913
G1 X63.701 Y163.677 E5.65524
G1 X61.371 Y163.677 E5.76731
G1 X66.005 Y146.383 E6.62844
G1 X64.001 Y145.226 E6.73974
G1 E4.73974 F2400
G92 E0
G1 X58.171 Y153.166 F7800
G1 E2 F2400
G1 F1200
G1 X58.171 Y150.852 E2.1113
G1 X68.808 Y148.002 E2.64095
G1 X71.248 Y149.41 E2.77644
G1 X85.514 Y163.677 E3.74683
G1 X85.324 Y163.677 E3.75597
G1 X86.749 Y158.36 E4.02072
G1 X87.7 Y158.909 E4.07353
G1 X69.905 Y163.677 E4.9596
G1 X69.355 Y163.677 E4.98605
G1 X72.919 Y150.376 E5.64835
G1 X74.923 Y151.532 E5.75962
G1 E3.75962 F2400
G92 E0
G1 X91.66 Y161.195 F7800
G1 E2 F2400
G1 F1200
G1 X93.664 Y162.352 E2.1113
G1 X93.309 Y163.677 E2.17728
G1 X90.995 Y163.677 E2.28858
G1 E.28858 F2400
G92 E0
G1 X56.34 Y163.677 F7800
G1 E2 F2400
;TYPE:Solid infill
;WIDTH:0.45
G1 F1200
G1 X56.34 Y140.873 E3.09679
G1 X57.786 Y140.873 E3.16634
G1 X57.786 Y163.677 E4.26313
G1 X56.533 Y163.677 E4.32339
G1 X56.798 Y163.147 E4.35189
;WIDTH:0.594253
G1 X56.798 Y163.219 E4.35665
G1 X57.328 Y163.219 E4.39168
G1 X57.328 Y141.331 E5.83823
G1 X56.798 Y141.331 E5.87326
G1 X56.798 Y162.954 E7.30229
G1 E5.30229 F2400
G92 E0
G1 X61.014 Y60.299 F7800
G1 E2 F2400
;TYPE:Perimeter
;WIDTH:0.45
G1 F1500
G1 X61.032 Y60.286 E2.00107
G1 X61.231 Y59.979 E2.01867
G1 X61.301 Y59.618 E2.03636
G1 X61.301 Y46.034 E2.6897
G1 X140.199 Y46.034 E6.48442
G1 X140.199 Y46.393 E6.50169
G1 X56.374 Y135.591 E12.38893
G1 X56.051 Y135.591 E12.40447
G1 X56.051 Y60.582 E16.01214
G1 X60.439 Y60.582 E16.22319
G1 X60.756 Y60.486 E16.23912
G1 X60.965 Y60.334 E16.25155
G1 X60.736 Y60.016 F7800
G1 F1500
G1 X60.843 Y59.899 E16.25918
G1 X60.916 Y59.618 E16.27314
G1 X60.916 Y45.648 E16.94505
G1 X140.584 Y45.648 E20.7768
G1 X140.584 Y46.545 E20.81994
G1 X56.541 Y135.977 E26.72256
G1 X55.666 Y135.977 E26.76464
G1 X55.666 Y60.196 E30.40944
G1 X60.402 Y60.196 E30.63723
G1 X60.662 Y60.096 E30.65063
G1 X60.695 Y60.06 E30.65298
G1 X60.472 Y59.745 F7800
;TYPE:External perimeter
G1 F1500
G1 X60.53 Y59.618 E30.6597
G1 X60.53 Y45.262 E31.35017
G1 X140.97 Y45.262 E35.21905
G1 X140.97 Y46.698 E35.28812
G1 X56.708 Y136.363 E41.20612
G1 X55.28 Y136.363 E41.2748
G1 X55.28 Y59.81 E44.95673
G1 X60.337 Y59.81 E45.19995
G1 X60.426 Y59.777 E45.20452
G1 X60.522 Y59.389 F7800
G1 E43.20452 F2400
G92 E0
G1 X61.59 Y46.516 F7800
G1 E2 F2400
;TYPE:Solid infill
G1 F1200
G1 X61.59 Y47.768 E2.06022
G1 X138.509 Y47.768 E5.75976
G1 X139.868 Y46.323 E5.85517
G1 X61.59 Y46.323 E9.62007
G1 X62.048 Y46.781 E9.65122
;WIDTH:0.594253
G1 X138.809 Y46.781 E14.72424
G1 X138.311 Y47.31 E14.77226
G1 X62.048 Y47.31 E19.81237
G1 X62.048 Y46.973 E19.83464
G1 E17.83464 F2400
G92 E0
G1 X111.106 Y76.928 F7800
G1 E2 F2400
;TYPE:Internal infill
;WIDTH:0.45
G1 F1200
G1 X109.521 Y78.614 E2.1113
G1 X79.061 Y48.154 E4.18315
G1 X76.356 Y48.154 E4.31325
G1 X58.171 Y116.02 E7.69252
G1 X58.171 Y118.914 E7.83171
G1 X76.185 Y114.088 E8.72868
G1 X77.817 Y112.352 E8.84328
G1 X58.171 Y92.706 E10.17958
G1 X58.171 Y94.961 E10.28804
G1 X106.272 Y82.073 E12.68314
G1 X107.556 Y80.706 E12.77334
G1 X116.279 Y48.154 E14.39422
G1 X113.665 Y48.154 E14.51994
G1 X58.171 Y63.023 E17.28316
G1 X58.171 Y60.866 E17.3869
G1 X59.05 Y60.864 E17.42918
G1 X93.669 Y95.483 E19.78392
G1 X88.385 Y101.106 E20.15504
G1 X58.171 Y70.892 E22.21016
G1 X58.171 Y71.008 E22.21574
G1 X136.358 Y50.058 E26.10892
G1 X135.942 Y50.5 E26.13811
G1 X133.596 Y48.154 E26.29768
G1 X132.247 Y48.154 E26.36256
G1 X129.894 Y56.935 E26.7998
G1 X130.658 Y56.123 E26.85342
G1 X122.689 Y48.154 E27.39546
G1 X124.263 Y48.154 E27.47116
G1 X118.725 Y68.82 E28.50019
G1 X120.09 Y67.369 E28.59601
G1 X100.875 Y48.154 E29.90299
G1 X100.31 Y48.154 E29.93016
G1 X85.218 Y104.476 E32.73462
G1 X86.214 Y103.416 E32.80458
G1 X58.171 Y110.93 E34.20093
G1 X58.171 Y114.52 E34.3736
G1 X67.249 Y123.597 E34.99104
G1 X66.157 Y124.759 E35.06773
G1 X58.171 Y126.899 E35.46538
G1 X58.171 Y125.427 E35.53618
G1 X61.965 Y129.22 E35.79421
G1 X62.88 Y128.246 E35.85849
G1 X84.341 Y48.154 E39.84654
G1 X83.867 Y48.154 E39.86934
G1 X61.59 Y54.123 E40.97858
G1 X61.59 Y52.497 E41.05679
G1 X98.953 Y89.86 E43.59818
G1 X104.237 Y84.237 E43.9693
G1 X68.154 Y48.154 E46.42362
G1 X68.372 Y48.154 E46.43411
G1 X58.171 Y86.222 E48.32965
G1 X58.171 Y86.977 E48.36596
G1 X116.3 Y71.401 E51.2604
G1 X114.806 Y72.992 E51.36537
G1 X89.968 Y48.154 E53.05482
G1 X92.325 Y48.154 E53.16818
G1 X74.049 Y116.361 E56.56443
G1 X72.533 Y117.975 E56.67093
G1 X58.171 Y103.613 E57.64782
G1 X58.171 Y102.946 E57.6799
G1 X96.243 Y92.744 E59.57564
G1 X96.387 Y92.591 E59.58575
G1 X108.294 Y48.154 E61.79841
G1 X111.782 Y48.154 E61.96617
G1 X125.374 Y61.746 E62.89068
G1 X126.329 Y60.729 E62.95778
G1 X58.171 Y78.992 E66.35159
G1 X58.171 Y81.799 E66.4866
G1 X83.101 Y106.729 E68.18231
G1 X81.516 Y108.415 E68.29361
G1 E66.29361 F2400
G92 E0
G1 X57.786 Y133.474 F7800
G1 E2 F2400
;TYPE:Solid infill
;WIDTH:0.45
G1 F1200
G1 X57.786 Y60.867 E5.49214
G1 X56.34 Y60.871 E5.56169
G1 X56.34 Y135.205 E9.1369
G1 X57.786 Y133.667 E9.23843
G1 X56.798 Y133.573 F7800
;WIDTH:0.594253
G1 F1200
G1 X56.798 Y134.049 E9.26989
G1 X57.328 Y133.486 E9.32099
G1 X57.328 Y61.326 E14.08994
G1 X56.798 Y61.327 E14.12497
G1 X56.798 Y133.381 E18.88691
G1 E16.88691 F2400
G92 E0
G1 X170.264 Y154.603 F7800
G1 E2 F2400
;TYPE:Perimeter
;WIDTH:0.45
G1 F1500
G1 X170.188 Y154.726 E2.00695
G1 X170.128 Y155.155 E2.02778
G1 X170.261 Y155.567 E2.0486
G1 X170.435 Y155.857 E2.06487
G1 X168.705 Y155.857 E2.14808
G1 X168.879 Y155.567 E2.16435
G1 X169.006 Y155.207 E2.18271
G1 X168.952 Y154.726 E2.20599
G1 X168.766 Y154.423 E2.22309
G1 X168.604 Y154.28 E2.23348
G1 X168.412 Y154.176 E2.24398
G1 X168.052 Y154.107 E2.26161
G1 X145.191 Y154.107 E3.36114
G1 X145.191 Y142.57 E3.91603
G1 X145.128 Y142.226 E3.93285
G1 X144.924 Y141.904 E3.95118
G1 X144.674 Y141.716 E3.96622
G1 X144.227 Y141.606 E3.98836
G1 X144.061 Y141.62 E3.99637
G1 X143.745 Y141.735 E4.01254
G1 X108.492 Y162.088 E5.97038
G1 X108.304 Y162.229 E5.98168
G1 X108.143 Y162.434 E5.99422
G1 X108.037 Y162.695 E6.00777
G1 X108.01 Y162.923 E6.01881
G1 X108.01 Y163.966 E6.06897
G1 X104.752 Y163.966 E6.22567
G1 X104.752 Y140.584 E7.35026
G1 X144.227 Y140.584 E9.24887
G1 X144.674 Y140.474 E9.27101
G1 X144.924 Y140.286 E9.28605
G1 X145.128 Y139.964 E9.30438
G1 X145.191 Y139.62 E9.3212
G1 X145.191 Y62.234 E13.0432
G1 X162.245 Y62.234 E13.86344
G1 X164.947 Y63.181 E14.00115
G1 X169.57 Y63.706 E14.22493
G1 X174.193 Y63.181 E14.44871
G1 X176.895 Y62.234 E14.58642
G1 X193.949 Y62.234 E15.40666
G1 X193.949 Y154.107 E19.82543
G1 X171.026 Y154.107 E20.92795
G1 X170.65 Y154.212 E20.94673
G1 X170.374 Y154.423 E20.96344
G1 X170.295 Y154.551 E20.97067
G1 X170.603 Y154.793 F7800
G1 F1500
G1 X170.548 Y154.864 E20.97499
G1 X170.512 Y155.121 E20.98747
G1 X170.592 Y155.368 E20.99996
G1 X171.117 Y156.242 E21.049
G1 X168.023 Y156.242 E21.19781
G1 X168.548 Y155.368 E21.24685
G1 X168.624 Y155.152 E21.25786
G1 X168.592 Y154.864 E21.2718
G1 X168.48 Y154.682 E21.28208
G1 X168.315 Y154.555 E21.29209
G1 X168.052 Y154.492 E21.3051
G1 X144.806 Y154.492 E22.42315
G1 X144.806 Y142.541 E22.99795
G1 X144.715 Y142.259 E23.0122
G1 X144.495 Y142.057 E23.02657
G1 X144.227 Y141.991 E23.03984
G1 X143.938 Y142.069 E23.05424
G1 X108.684 Y162.422 E25.01212
G1 X108.475 Y162.63 E25.0263
G1 X108.395 Y162.923 E25.04091
G1 X108.395 Y164.352 E25.10964
G1 X104.366 Y164.352 E25.30342
G1 X104.366 Y140.198 E26.46514
G1 X144.227 Y140.198 E28.38232
G1 X144.495 Y140.132 E28.39559
G1 X144.645 Y140.019 E28.40462
G1 X144.749 Y139.869 E28.4134
G1 X144.806 Y139.62 E28.42569
G1 X144.806 Y61.848 E32.16625
G1 X162.311 Y61.848 E33.00818
G1 X165.034 Y62.802 E33.14695
G1 X169.57 Y63.318 E33.36652
G1 X174.106 Y62.802 E33.58609
G1 X176.829 Y61.848 E33.72486
G1 X194.334 Y61.848 E34.56679
G1 X194.334 Y154.492 E39.02264
G1 X171.04 Y154.492 E40.143
G1 X170.757 Y154.596 E40.1575
G1 X170.64 Y154.746 E40.16665
G1 X170.934 Y154.976 F7800
;TYPE:External perimeter
G1 F1500
G1 X170.908 Y155.002 E40.16842
G1 X170.923 Y155.17 E40.17653
G1 X171.798 Y156.628 E40.25831
G1 X167.342 Y156.628 E40.47263
G1 X168.249 Y155.117 E40.55739
G1 X168.195 Y154.941 E40.56624
G1 X168.052 Y154.878 E40.57376
G1 X144.42 Y154.878 E41.71038
G1 X144.42 Y142.57 E42.30235
G1 X144.367 Y142.436 E42.30928
G1 X144.227 Y142.377 E42.31659
G1 X144.131 Y142.403 E42.32137
G1 X108.843 Y162.776 E44.28115
G1 X108.781 Y162.923 E44.28882
G1 X108.781 Y164.738 E44.37612
G1 X103.981 Y164.738 E44.60698
G1 X103.981 Y139.813 E45.80579
G1 X144.227 Y139.813 E47.74148
G1 X144.367 Y139.753 E47.74881
G1 X144.42 Y139.62 E47.7557
G1 X144.42 Y61.557 E51.51026
;TYPE:Overhang perimeter
;WIDTH:0.4
;HEIGHT:0.4
M106 S255
G1 X144.42 Y61.463 E51.51517
G1 X162.376 Y61.463 E52.45328
G1 X162.646 Y61.557 E52.46822
M107
;TYPE:External perimeter
;WIDTH:0.45
;HEIGHT:0.3
G1 X165.12 Y62.424 E52.59431
G1 X169.57 Y62.93 E52.80972
G1 X174.02 Y62.424 E53.02513
G1 X176.494 Y61.557 E53.15122
;TYPE:Overhang perimeter
;WIDTH:0.4
;HEIGHT:0.4
M106 S255
G1 X176.764 Y61.463 E53.16616
G1 X194.72 Y61.463 E54.10427
G1 X194.72 Y61.557 E54.10918
M107
;TYPE:External perimeter
;WIDTH:0.45
;HEIGHT:0.3
G1 X194.72 Y154.878 E58.5976
G1 X171.038 Y154.878 E59.73662
G1 X170.978 Y154.935 E59.7406
G1 X171.023 Y155.332 F7800
G1 E57.7406 F2400
G92 E0
G1 X165.226 Y153.82 F7800
G1 E2 F2400
;TYPE:Internal infill
;WIDTH:0.45
G1 F1200
G1 X162.913 Y153.82 E2.11125
G1 X145.48 Y136.387 E3.29702
G1 X145.48 Y135.442 E3.34247
G1 X165.484 Y130.082 E4.33853
G1 X165.484 Y132.703 E4.46459
G1 X159.826 Y153.819 E5.51602
G1 X157.512 Y153.819 E5.62732
G1 E3.62732 F2400
G92 E0
G1 X145.477 Y147.291 F7800
G1 E2 F2400
G1 F1200
G1 X152.004 Y153.818 E2.44396
G1 X151.841 Y153.818 E2.4518
G1 X165.484 Y102.904 E4.98698
G1 X165.484 Y101.856 E5.03739
G1 X145.48 Y81.853 E6.398
G1 X145.48 Y79.551 E6.50872
G1 X165.484 Y74.191 E7.50478
G1 E5.50478 F2400
G92 E0
G1 X173.656 Y72.001 F7800
G1 E2 F2400
G1 F1200
G1 X193.66 Y66.642 E2.99605
G1 X193.66 Y64.59 E3.09474
G1 X192.713 Y63.644 E3.15912
G1 X191.973 Y63.644 E3.19471
G1 X173.656 Y132.001 E6.59844
G1 X173.656 Y131.842 E6.60609
G1 X193.66 Y151.846 E7.96674
G1 X193.66 Y153.817 E8.06154
G1 X191.764 Y153.818 E8.15273
G1 X193.66 Y146.743 E8.50502
G1 X193.66 Y146.486 E8.51738
G1 X173.656 Y151.846 E9.51344
G1 X173.656 Y153.656 E9.60049
G1 X173.82 Y153.82 E9.61165
G1 X175.794 Y153.82 E9.70659
G1 X193.66 Y87.146 E13.02651
G1 X193.66 Y86.404 E13.0622
G1 X173.656 Y66.4 E14.42285
G1 X173.656 Y63.961 E14.54016
G1 X174.397 Y63.846 E14.57623
G1 X174.98 Y63.644 E14.60591
G1 X176.004 Y63.644 E14.65516
G1 X173.656 Y72.405 E15.0914
G1 X173.656 Y77.307 E15.32717
G1 X193.66 Y97.311 E16.68782
G1 X193.66 Y98.579 E16.74881
G1 X173.656 Y103.939 E17.74487
G1 X173.656 Y102.203 E17.82837
G1 X183.988 Y63.644 E19.74835
G1 X181.806 Y63.644 E19.8533
G1 X193.66 Y75.497 E20.65956
G1 X193.66 Y74.626 E20.70145
G1 X173.656 Y79.986 E21.69751
G1 X173.656 Y82.3 E21.80881
G1 E19.80881 F2400
G92 E0
G1 X165.484 Y95.831 F7800
G1 E2 F2400
G1 F1200
G1 X165.484 Y98.145 E2.1113
G1 X145.48 Y103.505 E3.10736
G1 X145.48 Y103.667 E3.11515
G1 X165.484 Y123.67 E4.47576
G1 X165.484 Y122.098 E4.55137
G1 X145.48 Y127.458 E5.54743
G1 X145.48 Y125.48 E5.64257
G1 X165.484 Y145.484 E7.00322
G1 X165.484 Y146.051 E7.03049
G1 X145.479 Y151.412 E8.02661
G1 X145.477 Y147.772 E8.20168
G1 X165.484 Y73.106 E11.91955
G1 X165.484 Y69.135 E12.11054
G1 X159.992 Y63.644 E12.48407
G1 X160.035 Y63.644 E12.48614
G1 X145.48 Y117.961 E15.19077
G1 X145.48 Y119.473 E15.26349
G1 X165.484 Y114.114 E16.25954
G1 X165.484 Y112.763 E16.32452
G1 X145.48 Y92.76 E17.68513
G1 X145.48 Y95.52 E17.81788
G1 X165.484 Y90.16 E18.81394
G1 X165.484 Y90.949 E18.85189
G1 X145.48 Y70.946 E20.2125
G1 X145.48 Y71.567 E20.24237
G1 X165.484 Y66.207 E21.23843
G1 X165.484 Y63.961 E21.34645
G1 X165.417 Y63.953 E21.3497
G1 E19.3497 F2400
G92 E0
G1 X173.596 Y63.358 F7800
G1 E2 F2400
;TYPE:Top solid infill
;WIDTH:0.400147
G1 F900
G1 X173.817 Y63.579 E2.01309
G1 X173.463 Y63.62 E2.02801
G1 X173.425 Y63.662 E2.03038
G1 X173.306 Y63.543 E2.03743
G1 X172.88 Y63.592 E2.05539
G1 X173.296 Y64.007 E2.08
G1 X173.296 Y64.482 E2.09989
G1 X172.454 Y63.64 E2.14976
G1 X172.027 Y63.689 E2.16776
G1 X173.296 Y64.957 E2.24289
G1 X173.296 Y65.432 E2.26278
G1 X171.601 Y63.737 E2.36317
G1 X171.175 Y63.786 E2.38113
G1 X173.296 Y65.907 E2.50675
G1 X173.296 Y66.382 E2.52664
G1 X170.749 Y63.835 E2.67749
G1 X170.322 Y63.883 E2.69548
G1 X173.296 Y66.856 E2.87159
G1 X173.296 Y67.331 E2.89148
G1 X169.896 Y63.932 E3.09282
G1 X169.612 Y63.964 E3.10479
G1 X169.434 Y63.944 E3.11229
G1 X173.296 Y67.806 E3.34102
G1 X173.296 Y68.281 E3.36091
G1 X168.9 Y63.885 E3.62126
G1 X168.365 Y63.826 E3.6438
G1 X173.296 Y68.756 E3.93581
G1 X173.296 Y69.231 E3.9557
G1 X167.831 Y63.766 E4.27937
G1 X167.297 Y63.707 E4.30187
G1 X173.296 Y69.706 E4.65716
G1 X173.296 Y70.18 E4.67701
G1 X166.763 Y63.648 E5.0639
G1 X166.229 Y63.589 E5.0864
G1 X173.296 Y70.655 E5.50492
G1 X173.296 Y71.13 E5.52481
G1 X165.695 Y63.53 E5.97495
G1 X165.161 Y63.47 E5.99745
G1 X165.263 Y63.573 E6.00352
G1 X165.677 Y63.62 E6.02097
G1 X165.844 Y63.807 E6.03147
G1 X165.844 Y64.154 E6.046
G1 X173.296 Y71.605 E6.48732
G1 X173.296 Y72.08 E6.50721
G1 X165.844 Y64.629 E6.94853
G1 X165.844 Y65.103 E6.96838
G1 X173.296 Y72.555 E7.40973
G1 X173.296 Y73.029 E7.42958
G1 X165.844 Y65.578 E7.8709
G1 X165.844 Y66.053 E7.89079
G1 X173.296 Y73.504 E8.33211
G1 X173.296 Y73.979 E8.352
G1 X165.844 Y66.528 E8.79332
G1 X165.844 Y67.003 E8.81321
G1 X173.296 Y74.454 E9.25453
G1 X173.296 Y74.929 E9.27442
G1 X165.844 Y67.478 E9.71574
G1 X165.844 Y67.953 E9.73563
G1 X173.296 Y75.404 E10.17695
G1 X173.296 Y75.879 E10.19684
G1 X165.844 Y68.427 E10.63819
G1 X165.844 Y68.902 E10.65808
G1 X173.296 Y76.353 E11.0994
G1 X173.296 Y76.828 E11.11929
G1 X165.844 Y69.377 E11.56061
G1 X165.844 Y69.852 E11.5805
G1 X173.296 Y77.303 E12.02182
G1 X173.296 Y77.778 E12.04171
G1 X165.844 Y70.327 E12.48303
G1 X165.844 Y70.802 E12.50292
G1 X173.296 Y78.253 E12.94424
G1 X173.296 Y78.728 E12.96413
G1 X165.844 Y71.276 E13.40548
G1 X165.844 Y71.751 E13.42537
G1 X173.296 Y79.202 E13.86669
G1 X173.296 Y79.677 E13.88658
G1 X165.844 Y72.226 E14.3279
G1 X165.844 Y72.701 E14.34779
G1 X173.296 Y80.152 E14.78911
G1 X173.296 Y80.627 E14.809
G1 X165.844 Y73.176 E15.25032
G1 X165.844 Y73.651 E15.27021
G1 X173.296 Y81.102 E15.71153
G1 X173.296 Y81.577 E15.73142
G1 X165.844 Y74.126 E16.17274
G1 X165.844 Y74.6 E16.19259
G1 X173.296 Y82.051 E16.63391
G1 X173.296 Y82.526 E16.6538
G1 X165.844 Y75.075 E17.09512
G1 X165.844 Y75.55 E17.11501
G1 X173.296 Y83.001 E17.55633
G1 X173.296 Y83.476 E17.57622
G1 X165.844 Y76.025 E18.01754
G1 X165.844 Y76.5 E18.03743
G1 X173.296 Y83.951 E18.47875
G1 X173.296 Y84.426 E18.49864
G1 X165.844 Y76.975 E18.93996
G1 X165.844 Y77.449 E18.95981
G1 X173.296 Y84.901 E19.40116
G1 X173.296 Y85.375 E19.42101
G1 X165.844 Y77.924 E19.86233
G1 X165.844 Y78.399 E19.88222
G1 X173.296 Y85.85 E20.32354
G1 X173.296 Y86.325 E20.34343
G1 X165.844 Y78.874 E20.78475
G1 X165.844 Y79.349 E20.80464
G1 X173.296 Y86.8 E21.24596
G1 X173.296 Y87.275 E21.26585
G1 X165.844 Y79.824 E21.70717
G1 X165.844 Y80.298 E21.72702
G1 X173.296 Y87.75 E22.16837
G1 X173.296 Y88.224 E22.18822
G1 X165.844 Y80.773 E22.62954
G1 X165.844 Y81.248 E22.64943
G1 X173.296 Y88.699 E23.09075
G1 X173.296 Y89.174 E23.11064
G1 X165.844 Y81.723 E23.55196
G1 X165.844 Y82.198 E23.57185
G1 X173.296 Y89.649 E24.01317
G1 X173.296 Y90.124 E24.03306
G1 X165.844 Y82.673 E24.47438
G1 X165.844 Y83.148 E24.49427
G1 X173.296 Y90.599 E24.93559
G1 X173.296 Y91.074 E24.95548
G1 X165.844 Y83.622 E25.39683
G1 X165.844 Y84.097 E25.41672
G1 X173.296 Y91.548 E25.85804
G1 X173.296 Y92.023 E25.87793
G1 X165.844 Y84.572 E26.31925
G1 X165.844 Y85.047 E26.33914
G1 X173.296 Y92.498 E26.78046
G1 X173.296 Y92.973 E26.80035
G1 X165.844 Y85.522 E27.24167
G1 X165.844 Y85.997 E27.26156
G1 X173.296 Y93.448 E27.70288
G1 X173.296 Y93.923 E27.72277
G1 X165.844 Y86.471 E28.16412
G1 X165.844 Y86.946 E28.18401
G1 X173.296 Y94.397 E28.62533
G1 X173.296 Y94.872 E28.64522
G1 X165.844 Y87.421 E29.08654
G1 X165.844 Y87.896 E29.10643
G1 X173.296 Y95.347 E29.54775
G1 X173.296 Y95.822 E29.56764
G1 X165.844 Y88.371 E30.00896
G1 X165.844 Y88.846 E30.02885
G1 X173.296 Y96.297 E30.47017
G1 X173.296 Y96.772 E30.49006
G1 X165.844 Y89.321 E30.93138
G1 X165.844 Y89.795 E30.95123
G1 X173.296 Y97.247 E31.39258
G1 X173.296 Y97.721 E31.41243
G1 X165.844 Y90.27 E31.85375
G1 X165.844 Y90.745 E31.87364
G1 X173.296 Y98.196 E32.31496
G1 X173.296 Y98.671 E32.33485
G1 X165.844 Y91.22 E32.77617
G1 X165.844 Y91.695 E32.79606
G1 X173.296 Y99.146 E33.23738
G1 X173.296 Y99.621 E33.25727
G1 X165.844 Y92.17 E33.69859
G1 X165.844 Y92.644 E33.71844
G1 X173.296 Y100.096 E34.15979
G1 X173.296 Y100.57 E34.17964
G1 X165.844 Y93.119 E34.62096
G1 X165.844 Y93.594 E34.64085
G1 X173.296 Y101.045 E35.08217
G1 X173.296 Y101.52 E35.10206
G1 X165.844 Y94.069 E35.54338
G1 X165.844 Y94.544 E35.56327
G1 X173.296 Y101.995 E36.00459
G1 X173.296 Y102.47 E36.02448
G1 X165.844 Y95.019 E36.4658
G1 X165.844 Y95.494 E36.48569
G1 X173.296 Y102.945 E36.92701
G1 X173.296 Y103.42 E36.9469
G1 X165.844 Y95.968 E37.38825
G1 X165.844 Y96.443 E37.40814
G1 X173.296 Y103.894 E37.84946
G1 X173.296 Y104.369 E37.86935
G1 X165.844 Y96.918 E38.31067
G1 X165.844 Y97.393 E38.33056
G1 X173.296 Y104.844 E38.77188
G1 X173.296 Y105.319 E38.79177
G1 X165.844 Y97.868 E39.23309
G1 X165.844 Y98.343 E39.25298
G1 X173.296 Y105.794 E39.6943
G1 X173.296 Y106.269 E39.71419
G1 X165.844 Y98.817 E40.15554
G1 X165.844 Y99.292 E40.17543
G1 X173.296 Y106.743 E40.61675
G1 X173.296 Y107.218 E40.63664
G1 X165.844 Y99.767 E41.07796
G1 X165.844 Y100.242 E41.09785
G1 X173.296 Y107.693 E41.53917
G1 X173.296 Y108.168 E41.55906
G1 X165.844 Y100.717 E42.00038
G1 X165.844 Y101.192 E42.02027
G1 X173.296 Y108.643 E42.46159
G1 X173.296 Y109.118 E42.48148
G1 X165.844 Y101.667 E42.9228
G1 X165.844 Y102.141 E42.94265
G1 X173.296 Y109.592 E43.38397
G1 X173.296 Y110.067 E43.40386
G1 X165.844 Y102.616 E43.84518
G1 X165.844 Y103.091 E43.86507
G1 X173.296 Y110.542 E44.30639
G1 X173.296 Y111.017 E44.32628
G1 X165.844 Y103.566 E44.7676
G1 X165.844 Y104.041 E44.78749
G1 X173.296 Y111.492 E45.22881
G1 X173.296 Y111.967 E45.2487
G1 X165.844 Y104.516 E45.69002
G1 X165.844 Y104.99 E45.70987
G1 X173.296 Y112.442 E46.15122
G1 X173.296 Y112.916 E46.17107
G1 X165.844 Y105.465 E46.61239
G1 X165.844 Y105.94 E46.63228
G1 X173.296 Y113.391 E47.0736
G1 X173.296 Y113.866 E47.09349
G1 X165.844 Y106.415 E47.53481
G1 X165.844 Y106.89 E47.5547
G1 X173.296 Y114.341 E47.99602
G1 X173.296 Y114.816 E48.01591
G1 X165.844 Y107.365 E48.45723
G1 X165.844 Y107.84 E48.47712
G1 X173.296 Y115.291 E48.91844
G1 X173.296 Y115.765 E48.93829
G1 X165.844 Y108.314 E49.37961
G1 X165.844 Y108.789 E49.3995
G1 X173.296 Y116.24 E49.84082
G1 X173.296 Y116.715 E49.86071
G1 X165.844 Y109.264 E50.30203
G1 X165.844 Y109.739 E50.32192
G1 X173.296 Y117.19 E50.76324
G1 X173.296 Y117.665 E50.78313
G1 X165.844 Y110.214 E51.22445
G1 X165.844 Y110.689 E51.24434
G1 X173.296 Y118.14 E51.68566
G1 X173.296 Y118.615 E51.70555
G1 X165.844 Y111.163 E52.1469
G1 X165.844 Y111.638 E52.16679
G1 X173.296 Y119.089 E52.60811
G1 X173.296 Y119.564 E52.628
G1 X165.844 Y112.113 E53.06932
G1 X165.844 Y112.588 E53.08921
G1 X173.296 Y120.039 E53.53053
G1 X173.296 Y120.514 E53.55042
G1 X165.844 Y113.063 E53.99174
G1 X165.844 Y113.538 E54.01163
G1 X173.296 Y120.989 E54.45295
G1 X173.296 Y121.464 E54.47284
G1 X165.844 Y114.012 E54.91419
G1 X165.844 Y114.487 E54.93408
G1 X173.296 Y121.938 E55.3754
G1 X173.296 Y122.413 E55.39529
G1 X165.844 Y114.962 E55.83661
G1 X165.844 Y115.437 E55.8565
G1 X173.296 Y122.888 E56.29782
G1 X173.296 Y123.363 E56.31771
G1 X165.844 Y115.912 E56.75903
G1 X165.844 Y116.387 E56.77892
G1 X173.296 Y123.838 E57.22024
G1 X173.296 Y124.313 E57.24013
G1 X165.844 Y116.862 E57.68145
G1 X165.844 Y117.336 E57.7013
G1 X173.296 Y124.788 E58.14265
G1 X173.296 Y125.262 E58.1625
G1 X165.844 Y117.811 E58.60382
G1 X165.844 Y118.286 E58.62371
G1 X173.296 Y125.737 E59.06503
G1 X173.296 Y126.212 E59.08492
G1 X165.844 Y118.761 E59.52624
G1 X165.844 Y119.236 E59.54613
G1 X173.296 Y126.687 E59.98745
G1 X173.296 Y127.162 E60.00734
G1 X165.844 Y119.711 E60.44866
G1 X165.844 Y120.185 E60.46851
G1 X173.296 Y127.637 E60.90986
G1 X173.296 Y128.111 E60.92971
G1 X165.844 Y120.66 E61.37103
G1 X165.844 Y121.135 E61.39092
G1 X173.296 Y128.586 E61.83224
G1 X173.296 Y129.061 E61.85213
G1 X165.844 Y121.61 E62.29345
G1 X165.844 Y122.085 E62.31334
G1 X173.296 Y129.536 E62.75466
G1 X173.296 Y130.011 E62.77455
G1 X165.844 Y122.56 E63.21587
G1 X165.844 Y123.035 E63.23576
G1 X173.296 Y130.486 E63.67708
G1 X173.296 Y130.961 E63.69697
G1 X165.844 Y123.509 E64.13832
G1 X165.844 Y123.984 E64.15821
G1 X173.296 Y131.435 E64.59953
G1 X173.296 Y131.91 E64.61942
G1 X165.844 Y124.459 E65.06074
G1 X165.844 Y124.934 E65.08063
G1 X173.296 Y132.385 E65.52195
G1 X173.296 Y132.86 E65.54184
G1 X165.844 Y125.409 E65.98316
G1 X165.844 Y125.884 E66.00305
G1 X173.296 Y133.335 E66.44437
G1 X173.296 Y133.81 E66.46426
G1 X165.844 Y126.358 E66.90561
G1 X165.844 Y126.833 E66.9255
G1 X173.296 Y134.284 E67.36682
G1 X173.296 Y134.759 E67.38671
G1 X165.844 Y127.308 E67.82803
G1 X165.844 Y127.783 E67.84792
G1 X173.296 Y135.234 E68.28924
G1 X173.296 Y135.709 E68.30913
G1 X165.844 Y128.258 E68.75045
G1 X165.844 Y128.733 E68.77034
G1 X173.296 Y136.184 E69.21166
G1 X173.296 Y136.659 E69.23155
G1 X165.844 Y129.208 E69.67287
G1 X165.844 Y129.682 E69.69272
G1 X173.296 Y137.133 E70.13404
G1 X173.296 Y137.608 E70.15393
G1 X165.844 Y130.157 E70.59525
G1 X165.844 Y130.632 E70.61514
G1 X173.296 Y138.083 E71.05646
G1 X173.296 Y138.558 E71.07635
G1 X165.844 Y131.107 E71.51767
G1 X165.844 Y131.582 E71.53756
G1 X173.296 Y139.033 E71.97888
G1 X173.296 Y139.508 E71.99877
G1 X165.844 Y132.057 E72.44009
G1 X165.844 Y132.531 E72.45994
G1 X173.296 Y139.983 E72.90129
G1 X173.296 Y140.457 E72.92114
G1 X165.844 Y133.006 E73.36246
G1 X165.844 Y133.481 E73.38235
G1 X173.296 Y140.932 E73.82367
G1 X173.296 Y141.407 E73.84356
G1 X165.844 Y133.956 E74.28488
G1 X165.844 Y134.431 E74.30477
G1 X173.296 Y141.882 E74.74609
G1 X173.296 Y142.357 E74.76598
G1 X165.844 Y134.906 E75.2073
G1 X165.844 Y135.381 E75.22719
G1 X173.296 Y142.832 E75.66851
G1 X173.296 Y143.306 E75.68836
G1 X165.844 Y135.855 E76.12968
G1 X165.844 Y136.33 E76.14957
G1 X173.296 Y143.781 E76.59089
G1 X173.296 Y144.256 E76.61078
G1 X165.844 Y136.805 E77.0521
G1 X165.844 Y137.28 E77.07199
G1 X173.296 Y144.731 E77.51331
G1 X173.296 Y145.206 E77.5332
G1 X165.844 Y137.755 E77.97452
G1 X165.844 Y138.23 E77.99441
G1 X173.296 Y145.681 E78.43573
G1 X173.296 Y146.156 E78.45562
G1 X165.844 Y138.704 E78.89697
G1 X165.844 Y139.179 E78.91686
G1 X173.296 Y146.63 E79.35818
G1 X173.296 Y147.105 E79.37807
G1 X165.844 Y139.654 E79.81939
G1 X165.844 Y140.129 E79.83928
G1 X173.296 Y147.58 E80.2806
G1 X173.296 Y148.055 E80.30049
G1 X165.844 Y140.604 E80.74181
G1 X165.844 Y141.079 E80.7617
G1 X173.296 Y148.53 E81.20302
G1 X173.296 Y149.005 E81.22291
G1 X165.844 Y141.553 E81.66426
G1 X165.844 Y142.028 E81.68415
G1 X173.296 Y149.479 E82.12547
G1 X173.296 Y149.954 E82.14536
G1 X165.844 Y142.503 E82.58668
G1 X165.844 Y142.978 E82.60657
G1 X173.296 Y150.429 E83.04789
G1 X173.296 Y150.904 E83.06778
G1 X165.844 Y143.453 E83.5091
G1 X165.844 Y143.928 E83.52899
G1 X173.296 Y151.379 E83.97031
G1 X173.296 Y151.854 E83.9902
G1 X165.844 Y144.403 E84.43152
G1 X165.844 Y144.877 E84.45137
G1 X173.296 Y152.329 E84.89272
G1 X173.296 Y152.803 E84.91257
G1 X165.844 Y145.352 E85.35389
G1 X165.844 Y145.827 E85.37378
G1 X173.296 Y153.278 E85.8151
G1 X173.296 Y153.753 E85.83499
G1 X165.844 Y146.302 E86.27631
G1 X165.844 Y146.777 E86.2962
G1 X172.913 Y153.845 E86.71483
G1 X172.438 Y153.845 E86.73472
G1 X165.844 Y147.252 E87.12522
G1 X165.844 Y147.726 E87.14507
G1 X171.963 Y153.845 E87.50747
G1 X171.489 Y153.845 E87.52732
G1 X165.844 Y148.201 E87.86162
G1 X165.844 Y148.676 E87.88151
G1 X171.014 Y153.845 E88.18767
G1 X170.7 Y153.905 E88.20106
G1 X170.632 Y153.939 E88.20424
G1 X165.844 Y149.151 E88.48781
G1 X165.844 Y149.626 E88.5077
G1 X170.33 Y154.111 E88.77335
G1 X170.176 Y154.246 E88.78193
G1 X170.105 Y154.362 E88.78763
G1 X165.844 Y150.101 E89.03999
G1 X165.844 Y150.576 E89.05988
G1 X169.934 Y154.666 E89.30211
G1 X169.876 Y155.082 E89.3197
G1 X165.844 Y151.05 E89.5585
G1 X165.844 Y151.525 E89.57839
G1 X168.17 Y153.851 E89.71615
G1 X168.44 Y153.905 E89.72768
G1 X168.754 Y154.062 E89.74238
G1 X168.964 Y154.246 E89.75407
G1 X169.201 Y154.633 E89.77307
G1 X169.242 Y154.922 E89.78529
G1 X169.912 Y155.592 E89.82497
G1 X169.437 Y155.592 E89.84486
G1 X169.095 Y155.251 E89.86509
G1 X167.841 Y153.996 F7800
G1 F900
G1 X165.844 Y152 E89.98333
G1 X165.844 Y152.475 E90.00322
G1 X167.215 Y153.845 E90.08439
G1 X166.74 Y153.845 E90.10428
G1 X165.844 Y152.95 E90.15732
G1 X165.844 Y153.425 E90.17721
G1 X166.416 Y153.996 E90.21106
G1 E88.21106 F2400
G92 E0
G1 X173.656 Y138.191 F7800
G1 E2 F2400
;TYPE:Internal infill
;WIDTH:0.45
G1 F1200
G1 X173.656 Y135.877 E2.1113
G1 X193.66 Y130.517 E3.10736
G1 X193.66 Y130.032 E3.13069
G1 X173.656 Y110.028 E4.49134
G1 X173.656 Y111.924 E4.58253
G1 X193.66 Y106.564 E5.57859
G1 X193.66 Y108.218 E5.65814
G1 X173.656 Y88.214 E7.01879
G1 X173.656 Y87.97 E7.03053
G1 X193.66 Y82.611 E8.02658
G1 X193.66 Y80.297 E8.13788
G1 E6.13788 F2400
G92 E0
G1 X193.66 Y92.909 F7800
G1 E2 F2400
G1 F1200
G1 X193.66 Y90.595 E2.1113
G1 X173.656 Y95.955 E3.10736
G1 X173.656 Y99.121 E3.25963
G1 X193.66 Y119.125 E4.62028
G1 X193.66 Y122.533 E4.78419
G1 X173.656 Y127.893 E5.78025
G1 X173.656 Y125.579 E5.89155
G1 E3.89155 F2400
G92 E0
G1 X165.484 Y108.443 F7800
G1 E2 F2400
G1 F1200
G1 X165.484 Y106.129 E2.1113
G1 X145.48 Y111.489 E3.10736
G1 X145.48 Y114.573 E3.25569
G1 X165.484 Y134.577 E4.61634
G1 X165.484 Y138.067 E4.7842
G1 X145.475 Y143.428 E5.78051
G1 X145.436 Y142.239 E5.83773
G1 X145.132 Y141.701 E5.86745
G1 X144.806 Y141.456 E5.88706
G1 X144.235 Y141.315 E5.91535
G1 X144.006 Y141.335 E5.92641
G1 X143.608 Y141.48 E5.94678
G1 X141.109 Y142.923 E6.08557
G1 X139.059 Y140.873 E6.22501
G1 X139.341 Y140.873 E6.23857
G1 X138.368 Y144.505 E6.41942
G1 X135.694 Y146.049 E6.56793
G1 X106.872 Y153.772 E8.00307
G1 X106.872 Y152.314 E8.07319
G1 X113.45 Y158.892 E8.52062
G1 X115.454 Y157.735 E8.63192
G1 E6.63192 F2400
G92 E0
G1 X108.234 Y161.922 F7800
G1 E2 F2400
G1 F1200
G1 X107.893 Y162.287 E2.02402
G1 X107.755 Y162.625 E2.04158
G1 X107.72 Y163.677 E2.09221
G1 X107.328 Y163.677 E2.11106
G1 X106.872 Y163.221 E2.14208
G1 X106.872 Y161.756 E2.21254
G1 X109.888 Y160.948 E2.36271
G1 X110.031 Y160.866 E2.37064
G1 X115.388 Y140.873 E3.36616
G1 X117.245 Y140.873 E3.45548
G1 X127.279 Y150.907 E4.13798
G1 X128.922 Y149.959 E4.22921
G1 X131.357 Y140.873 E4.68164
G1 X133.67 Y140.873 E4.79289
G1 E2.79289 F2400
G92 E0
G1 X132.19 Y148.072 F7800
G1 E2 F2400
G1 F1200
G1 X134.194 Y146.915 E2.1113
G1 X128.152 Y140.873 E2.52227
G1 X125.213 Y140.873 E2.66363
G1 X106.872 Y145.787 E3.57688
G1 X106.872 Y142.855 E3.7179
G1 X107.403 Y140.873 E3.81659
G1 X106.872 Y140.873 E3.84213
G1 X106.872 Y141.407 E3.86781
G1 X120.365 Y154.9 E4.78559
G1 X119.477 Y155.412 E4.83489
G1 X123.372 Y140.873 E5.55883
G1 X121.059 Y140.873 E5.67008
G1 E3.67008 F2400
G92 E0
G1 X105.041 Y163.677 F7800
G1 E2 F2400
;TYPE:Solid infill
;WIDTH:0.45
G1 F1200
G1 X105.041 Y140.873 E3.09679
G1 X106.487 Y140.873 E3.16634
G1 X106.487 Y163.677 E4.26313
G1 X105.234 Y163.677 E4.32339
G1 X105.499 Y163.219 E4.34884
;WIDTH:0.594251
G1 X105.499 Y141.331 E5.79538
G1 X106.029 Y141.331 E5.83041
G1 X106.029 Y163.219 E7.27695
G1 X105.692 Y163.219 E7.29922
G1 E5.29922 F2400
G92 E0
G1 X145.48 Y90.476 F7800
G1 E2 F2400
;TYPE:Internal infill
;WIDTH:0.45
G1 F1200
G1 X145.48 Y88.163 E2.11125
G1 X152.05 Y63.644 E3.33213
G1 X149.085 Y63.644 E3.47474
G1 X165.484 Y80.042 E4.59015
G1 X165.484 Y82.176 E4.69279
G1 X145.48 Y87.536 E5.68885
G1 E3.68885 F2400
G92 E0
G1 X145.48 Y62.716 F7800
G1 E2 F2400
;TYPE:Solid infill
;WIDTH:0.45
G1 F1200
G1 X145.48 Y63.258 E2.02607
G1 X162.133 Y63.262 E2.82702
;WIDTH:0.474188
G1 X164.237 Y63.25 E2.93456
G1 X162.197 Y62.523 E3.04525
;WIDTH:0.45
G1 X145.48 Y62.523 E3.84928
G1 X145.848 Y62.891 E3.87431
;WIDTH:0.417435
G1 X162.133 Y62.893 E4.59142
G1 E2.59142 F2400
G92 E0
G1 X164.239 Y63.252 F7800
G1 E2 F2400
;WIDTH:0.476441
G1 F1200
G1 X164.713 Y63.412 E2.02571
G1 E.02571 F2400
G92 E0
G1 X174.434 Y63.409 F7800
G1 E2 F2400
;WIDTH:0.492637
G1 F1200
G1 X174.934 Y63.241 E2.02817
G1 X175.127 Y63.243 E2.03848
;WIDTH:0.488669
G1 X177.006 Y63.262 E2.13792
;WIDTH:0.45
G1 X193.66 Y63.258 E2.93892
G1 X193.66 Y62.523 E2.97427
G1 X176.942 Y62.523 E3.77835
;WIDTH:0.492637
G1 X174.934 Y63.241 E3.89226
G1 E1.89226 F2400
G92 E0
G1 X177.006 Y62.893 F7800
G1 E2 F2400
;WIDTH:0.417435
G1 F1200
G1 X193.292 Y62.891 E2.71715
G1 E.71715 F2400
G92 E0
G1 X193.66 Y136.188 F7800
G1 E2 F2400
;TYPE:Internal infill
;WIDTH:0.45
G1 F1200
G1 X193.66 Y138.502 E2.1113
G1 X173.656 Y143.862 E3.10736
G1 X173.656 Y142.749 E3.16089
G1 X184.726 Y153.819 E3.91386
G1 X183.779 Y153.819 E3.95941
G1 X193.66 Y116.945 E5.79549
G1 X193.66 Y114.548 E5.91078
G1 X173.656 Y119.908 E6.90684
G1 X173.656 Y120.935 E6.95624
G1 X193.66 Y140.939 E8.31689
G1 X193.66 Y143.252 E8.42814
;LAYER_CHANGE
;Z:1.85
;HEIGHT:0.3
G1 E6.42814 F2400
G92 E0
G1 Z1.85 F7800
;AFTER_LAYER_CHANGE
;1.85
G1 X59.438 Y142.107
G1 E2 F2400
;TYPE:Perimeter
;WIDTH:0.45
G1 F1500
G1 X59.442 Y142.116 E2.00047
G1 X59.604 Y142.321 E2.01304
G1 X59.791 Y142.462 E2.0243
G1 X97.038 Y163.966 E4.09288
G1 X56.051 Y163.966 E6.06421
G1 X56.051 Y140.584 E7.1888
G1 X59.309 Y140.584 E7.3455
G1 X59.309 Y141.788 E7.40341
G1 X59.416 Y142.052 E7.41711
G1 X59.772 Y141.911 F7800
G1 F1500
G1 X59.774 Y141.92 E7.41755
G1 X59.984 Y142.128 E7.43177
G1 X98.477 Y164.352 E9.56956
G1 X55.666 Y164.352 E11.62862
G1 X55.666 Y140.198 E12.79034
G1 X59.694 Y140.198 E12.98407
G1 X59.694 Y141.627 E13.0528
G1 X59.756 Y141.853 E13.06407
G1 X60.118 Y141.716 F7800
;TYPE:External perimeter
G1 F1500
G1 X60.176 Y141.794 E13.06875
G1 X99.916 Y164.738 E15.2758
G1 X55.28 Y164.738 E17.42264
G1 X55.28 Y139.813 E18.62145
G1 X60.08 Y139.813 E18.85231
G1 X60.08 Y141.665 E18.94138
G1 X60.082 Y141.668 E18.94155
G1 X60.398 Y141.914 F7800
G1 E16.94155 F2400
G92 E0
G1 X56.751 Y140.835 F7800
G1 E2 F2400
;TYPE:Solid infill
;WIDTH:0.372977
G1 F1200
G1 X56.751 Y163.716 E2.88068
G1 X56.442 Y163.716 E2.89257
G1 X56.442 Y140.835 E3.77325
G1 X56.558 Y140.835 E3.77771
G1 E1.77771 F2400
G92 E0
G1 X64.001 Y145.226 F7800
G1 E2 F2400
;TYPE:Internal infill
;WIDTH:0.45
G1 F1200
G1 X66.005 Y146.383 E2.1113
G1 X61.371 Y163.677 E2.97243
G1 X63.701 Y163.677 E3.0845
G1 X57.098 Y157.075 E3.53359
G1 X57.098 Y159.124 E3.63214
G1 X78.254 Y153.456 E4.68556
G1 X79.834 Y154.368 E4.7733
G1 X77.34 Y163.677 E5.23682
G1 X74.608 Y163.677 E5.36822
G1 X57.098 Y146.168 E6.5592
G1 X57.098 Y143.155 E6.70412
G1 X59.411 Y142.536 E6.81928
G1 X59.151 Y142.163 E6.84115
G1 X57.098 Y149.825 E7.22267
G1 X57.098 Y151.14 E7.28592
G1 X68.808 Y148.002 E7.869
G1 X71.248 Y149.41 E8.00449
G1 X85.514 Y163.677 E8.97488
G1 X85.324 Y163.677 E8.98402
G1 X86.749 Y158.36 E9.24877
G1 X87.7 Y158.909 E9.30158
G1 X69.905 Y163.677 E10.18765
G1 X69.355 Y163.677 E10.2141
G1 X72.919 Y150.376 E10.8764
G1 X74.923 Y151.532 E10.98767
G1 E8.98767 F2400
G92 E0
G1 X91.66 Y161.195 F7800
G1 E2 F2400
G1 F1200
G1 X93.664 Y162.352 E2.1113
G1 X93.309 Y163.677 E2.17728
G1 X90.995 Y163.677 E2.28858
G1 E.28858 F2400
G92 E0
G1 X170.779 Y155.749 F7800
G1 E2 F2400
;TYPE:Perimeter
;WIDTH:0.521566
G1 F1200
G1 X171.053 Y156.206 E2.03038
G1 X168.087 Y156.206 E2.19951
G1 X168.361 Y155.749 E2.22989
G1 X170.719 Y155.749 E2.36435
G1 X171.018 Y155.328 F7800
;TYPE:External perimeter
;WIDTH:0.45
G1 F1200
G1 X171.798 Y156.628 E2.43727
G1 X167.342 Y156.628 E2.65159
G1 X168.122 Y155.328 E2.72451
G1 X170.958 Y155.328 E2.86091
G1 X171.203 Y155.644 F7800
G1 E.86091 F2400
G92 E0
G1 X173.286 Y154.107 F7800
G1 E2 F2400
;TYPE:Perimeter
G1 F1500
G1 X173.286 Y63.457 E6.35995
G1 X174.295 Y63.318 E6.40894
G1 X178.532 Y61.834 E6.62486
G1 X178.768 Y61.714 E6.63759
G1 X193.949 Y61.714 E7.36774
G1 X193.949 Y154.107 E11.81152
G1 X173.346 Y154.107 E12.80245
G1 X172.9 Y154.492 F7800
G1 F1500
G1 X172.9 Y63.113 E17.19746
G1 X174.106 Y62.975 E17.25584
G1 X178.405 Y61.47 E17.47491
G1 X178.659 Y61.329 E17.48888
G1 X194.334 Y61.329 E18.24279
G1 X194.334 Y154.492 E22.72361
G1 X172.96 Y154.492 E23.75163
G1 X172.515 Y154.878 F7800
;TYPE:External perimeter
G1 F1500
G1 X172.515 Y62.768 E28.1818
G1 X174.02 Y62.597 E28.25465
G1 X178.277 Y61.106 E28.47159
G1 X178.391 Y61.038 E28.47797
;TYPE:Overhang perimeter
;WIDTH:0.4
;HEIGHT:0.4
M106 S255
G1 X178.549 Y60.943 E28.4876
G1 X194.72 Y60.943 E29.33245
G1 X194.72 Y61.038 E29.33741
M107
;TYPE:External perimeter
;WIDTH:0.45
;HEIGHT:0.3
G1 X194.72 Y154.878 E33.85079
G1 X172.575 Y154.878 E34.91589
G1 X172.515 Y154.482 F7800
G1 E32.91589 F2400
G92 E0
G1 X173.575 Y131.761 F7800
G1 E2 F2400
;TYPE:Internal infill
;WIDTH:0.45
G1 F1200
G1 X193.66 Y151.846 E3.36616
G1 X193.66 Y153.817 E3.46096
G1 X191.764 Y153.817 E3.55215
G1 X193.66 Y146.743 E3.90439
G1 X193.66 Y146.486 E3.91675
G1 X173.575 Y151.868 E4.91685
G1 X173.575 Y153.575 E4.99895
G1 X173.817 Y153.817 E5.01541
G1 X175.795 Y153.817 E5.11055
G1 X193.66 Y87.146 E8.43032
G1 X193.66 Y86.404 E8.46601
G1 X173.575 Y66.319 E9.83217
G1 X173.575 Y64.143 E9.93683
G1 X174.397 Y64.02 E9.97681
G1 X176.059 Y63.438 E10.06151
G1 X173.575 Y72.707 E10.52305
G1 X173.575 Y75.021 E10.63435
G1 E8.63435 F2400
G92 E0
G1 X173.575 Y72.023 F7800
G1 E2 F2400
G1 F1200
G1 X193.66 Y66.642 E3.00009
G1 X193.66 Y64.59 E3.09878
G1 X192.194 Y63.124 E3.1985
G1 X192.112 Y63.124 E3.20244
G1 X173.575 Y132.304 E6.64714
G1 X173.575 Y135.899 E6.82005
G1 X193.66 Y130.517 E7.82015
G1 X193.66 Y130.032 E7.84348
G1 X173.575 Y109.947 E9.20964
G1 X173.575 Y111.945 E9.30574
G1 X193.66 Y106.564 E10.30583
G1 X193.66 Y108.218 E10.38538
G1 X173.575 Y88.133 E11.75154
G1 X173.575 Y87.992 E11.75832
G1 X193.66 Y82.611 E12.75841
G1 X193.66 Y80.297 E12.86971
G1 E10.86971 F2400
G92 E0
G1 X193.66 Y92.909 F7800
G1 E2 F2400
G1 F1200
G1 X193.66 Y90.595 E2.1113
G1 X173.575 Y95.977 E3.1114
G1 X173.575 Y99.04 E3.25872
G1 X193.66 Y119.125 E4.62488
G1 X193.66 Y122.533 E4.78879
G1 X173.575 Y127.914 E5.78888
G1 X173.575 Y125.601 E5.90013
G1 E3.90013 F2400
G92 E0
G1 X193.66 Y136.188 F7800
G1 E2 F2400
G1 F1200
G1 X193.66 Y138.502 E2.1113
G1 X173.575 Y143.883 E3.11139
G1 X173.575 Y142.668 E3.16983
G1 X184.724 Y153.817 E3.92817
G1 X183.78 Y153.817 E3.97357
G1 X193.66 Y116.945 E5.80955
G1 X193.66 Y114.548 E5.92484
G1 X173.575 Y119.93 E6.92494
G1 X173.575 Y120.854 E6.96938
G1 X193.66 Y140.939 E8.33554
G1 X193.66 Y143.252 E8.44679
G1 E6.44679 F2400
G92 E0
G1 X186.441 Y63.124 F7800
G1 E2 F2400
G1 F1200
G1 X184.127 Y63.124 E2.1113
G1 X173.575 Y102.505 E4.07221
G1 X173.575 Y103.961 E4.14224
G1 X193.66 Y98.579 E5.14234
G1 X193.66 Y97.311 E5.20333
G1 X173.575 Y77.226 E6.56949
G1 X173.575 Y80.008 E6.70329
G1 X193.66 Y74.626 E7.70339
G1 X193.66 Y75.497 E7.74528
G1 X181.287 Y63.124 E8.58688
G1 X178.973 Y63.124 E8.69818
G1 E6.69818 F2400
G92 E0
G1 X176.906 Y62.727 F7800
G1 E2 F2400
;TYPE:Solid infill
;WIDTH:0.482243
G1 F1200
G1 X176.839 Y62.744 E2.0036
;WIDTH:0.471591
G1 X174.399 Y63.599 E2.13491
G1 X174.114 Y63.663 E2.14975
;WIDTH:0.484143
G1 X173.592 Y63.73 E2.1773
G1 E.1773 F2400
G92 E0
G1 X178.67 Y62.086 F7800
G1 E2 F2400
;WIDTH:0.45
G1 F1200
G1 X178.623 Y62.109 E2.00252
;WIDTH:0.482243
G1 X176.906 Y62.727 E2.09763
G1 X178.731 Y62.742 E2.19275
;WIDTH:0.45
G1 X193.66 Y62.738 E2.91078
G1 X193.66 Y62.004 E2.94608
G1 X178.845 Y62.004 E3.65863
G1 X178.928 Y62.373 E3.67682
;WIDTH:0.417429
G1 X193.292 Y62.371 E4.30933
G1 E2.30933 F2400
G92 E0
G1 X165.854 Y154.107 F7800
G1 E2 F2400
;TYPE:Perimeter
;WIDTH:0.45
G1 F1500
G1 X145.191 Y154.107 E2.99382
G1 X145.191 Y142.57 E3.54871
G1 X145.132 Y142.237 E3.56498
G1 X144.937 Y141.918 E3.58296
G1 X144.688 Y141.723 E3.59817
G1 X144.227 Y141.606 E3.62105
G1 X144.061 Y141.62 E3.62906
G1 X143.745 Y141.735 E3.64523
G1 X108.492 Y162.088 E5.60307
G1 X108.304 Y162.229 E5.61437
G1 X108.143 Y162.434 E5.62691
G1 X108.037 Y162.695 E5.64046
G1 X108.01 Y162.923 E5.6515
G1 X108.01 Y163.966 E5.70166
G1 X104.752 Y163.966 E5.85836
G1 X104.752 Y140.584 E6.98295
G1 X144.227 Y140.584 E8.88156
G1 X144.688 Y140.466 E8.90445
G1 X144.937 Y140.272 E8.91963
G1 X145.132 Y139.952 E8.93765
G1 X145.191 Y139.62 E8.95387
G1 X145.191 Y61.714 E12.70088
G1 X160.315 Y61.714 E13.42829
G1 X160.608 Y61.834 E13.44352
G1 X164.947 Y63.354 E13.66465
G1 X165.854 Y63.457 E13.70855
G1 X165.854 Y154.047 E18.06561
G1 X166.24 Y154.492 F7800
G1 F1500
G1 X144.806 Y154.492 E19.09651
G1 X144.806 Y142.536 E19.67155
G1 X144.721 Y142.268 E19.68507
G1 X144.504 Y142.062 E19.69946
G1 X144.227 Y141.991 E19.71321
G1 X143.938 Y142.069 E19.72761
G1 X108.684 Y162.422 E21.68549
G1 X108.475 Y162.63 E21.69967
G1 X108.395 Y162.923 E21.71428
G1 X108.395 Y164.352 E21.78301
G1 X104.366 Y164.352 E21.97679
G1 X104.366 Y140.198 E23.13851
G1 X144.227 Y140.198 E25.05569
G1 X144.504 Y140.128 E25.06943
G1 X144.653 Y140.011 E25.07854
G1 X144.753 Y139.861 E25.08721
G1 X144.806 Y139.62 E25.09908
G1 X144.806 Y61.329 E28.86461
G1 X160.481 Y61.329 E29.61852
G1 X160.735 Y61.47 E29.63249
G1 X165.034 Y62.975 E29.85156
G1 X166.24 Y63.113 E29.90994
G1 X166.24 Y154.432 E34.30207
G1 X166.625 Y154.878 F7800
;TYPE:External perimeter
G1 F1500
G1 X144.42 Y154.878 E35.37005
G1 X144.42 Y142.57 E35.96202
G1 X144.369 Y142.439 E35.96878
G1 X144.227 Y142.377 E35.97623
G1 X144.131 Y142.403 E35.98101
G1 X108.843 Y162.776 E37.94079
G1 X108.781 Y162.923 E37.94846
G1 X108.781 Y164.738 E38.03576
G1 X103.981 Y164.738 E38.26662
G1 X103.981 Y139.813 E39.46543
G1 X144.227 Y139.813 E41.40112
G1 X144.369 Y139.75 E41.40859
G1 X144.42 Y139.62 E41.41531
G1 X144.42 Y61.038 E45.19483
;TYPE:Overhang perimeter
;WIDTH:0.4
;HEIGHT:0.4
M106 S255
G1 X144.42 Y60.943 E45.19979
G1 X160.591 Y60.943 E46.04464
G1 X160.749 Y61.038 E46.05427
M107
;TYPE:External perimeter
;WIDTH:0.45
;HEIGHT:0.3
G1 X160.863 Y61.106 E46.06065
G1 X165.12 Y62.597 E46.27759
G1 X166.625 Y62.768 E46.35044
G1 X166.625 Y154.818 E50.77773
G1 X166.23 Y154.877 F7800
G1 X165.224 Y153.817
;TYPE:Internal infill
;WIDTH:0.45
G1 F1200
G1 X162.91 Y153.817 E50.88903
G1 X145.48 Y136.387 E52.0746
G1 X145.48 Y135.442 E52.12005
G1 X165.565 Y130.061 E53.12014
G1 X165.565 Y132.4 E53.23264
G1 X159.826 Y153.817 E54.29907
G1 X157.512 Y153.817 E54.41037
G1 E52.41037 F2400
G92 E0
G1 X145.475 Y147.289 F7800
G1 E2 F2400
G1 F1200
G1 X152.003 Y153.817 E2.44403
G1 X151.842 Y153.817 E2.45177
G1 X165.565 Y102.602 E5.00193
G1 X165.565 Y101.937 E5.03391
G1 X145.48 Y81.853 E6.40003
G1 X145.48 Y79.551 E6.51075
G1 X165.565 Y74.17 E7.51084
G1 X165.565 Y76.483 E7.62209
G1 E5.62209 F2400
G92 E0
G1 X145.48 Y65.896 F7800
G1 E2 F2400
G1 F1200
G1 X145.48 Y63.582 E2.1113
G1 X147.191 Y63.124 E2.19649
G1 X148.566 Y63.124 E2.26262
G1 X165.565 Y80.123 E3.41887
G1 X165.565 Y82.154 E3.51655
G1 X145.48 Y87.536 E4.51665
G1 E2.51665 F2400
G92 E0
G1 X145.48 Y90.476 F7800
G1 E2 F2400
G1 F1200
G1 X145.48 Y88.163 E2.11125
G1 X152.19 Y63.124 E3.35803
G1 X154.503 Y63.124 E3.46928
G1 E1.46928 F2400
G92 E0
G1 X160.104 Y62.005 F7800
G1 E2 F2400
;TYPE:Solid infill
;WIDTH:0.45
G1 F1200
G1 X145.48 Y62.004 E2.70336
G1 X145.48 Y62.738 E2.73866
G1 X160.41 Y62.738 E3.45674
;WIDTH:0.475789
G1 X162.238 Y62.725 E3.55054
G1 X160.517 Y62.109 E3.64434
;WIDTH:0.45
G1 X160.297 Y62.005 E3.65604
G1 X160.214 Y62.372 E3.67414
;WIDTH:0.413341
G1 X145.848 Y62.371 E4.29941
G1 E2.29941 F2400
G92 E0
G1 X162.24 Y62.727 F7800
G1 E2 F2400
;WIDTH:0.478215
G1 F1200
G1 X162.274 Y62.737 E2.00183
;WIDTH:0.475103
G1 X164.741 Y63.6 E2.13572
;WIDTH:0.494855
G1 X165.542 Y63.73 E2.17929
G1 X165.295 Y64.112 F7800
;TYPE:Internal infill
;WIDTH:0.45
G1 F1200
G1 X165.565 Y64.143 E2.19236
G1 X165.565 Y66.185 E2.29057
G1 X145.48 Y71.567 E3.29067
G1 X145.48 Y70.946 E3.32054
G1 X165.565 Y91.03 E4.68666
G1 X165.565 Y90.138 E4.72956
G1 X145.48 Y95.52 E5.72966
G1 X145.48 Y92.76 E5.86241
G1 X165.565 Y112.844 E7.22853
G1 X165.565 Y114.092 E7.28855
G1 X145.48 Y119.473 E8.28864
G1 X145.48 Y117.961 E8.36136
G1 X160.174 Y63.124 E11.09188
G1 X159.473 Y63.124 E11.1256
G1 X165.565 Y69.216 E11.53997
G1 X165.565 Y72.804 E11.71254
G1 X145.475 Y147.779 E15.4458
G1 X145.478 Y151.412 E15.62053
G1 X165.565 Y146.03 E16.62072
G1 X165.565 Y145.565 E16.64308
G1 X145.48 Y125.48 E18.00924
G1 X145.48 Y127.458 E18.10438
G1 X165.565 Y122.076 E19.10448
G1 X165.565 Y123.751 E19.18504
G1 X145.48 Y103.667 E20.55116
G1 X145.48 Y103.505 E20.55895
G1 X165.565 Y98.123 E21.55905
G1 X165.565 Y95.809 E21.67035
G1 E19.67035 F2400
G92 E0
G1 X165.565 Y108.421 F7800
G1 E2 F2400
G1 F1200
G1 X165.565 Y106.107 E2.1113
G1 X145.48 Y111.489 E3.1114
G1 X145.48 Y114.573 E3.25973
G1 X165.565 Y134.658 E4.62589
G1 X165.565 Y138.045 E4.78879
G1 X145.471 Y143.429 E5.78933
G1 X145.471 Y142.408 E5.83844
G1 X145.404 Y142.138 E5.85182
G1 X145.149 Y141.719 E5.87541
G1 X144.824 Y141.465 E5.89525
G1 X144.235 Y141.315 E5.92448
G1 X144.006 Y141.335 E5.93554
G1 X143.608 Y141.48 E5.95591
G1 X141.109 Y142.923 E6.0947
G1 X139.059 Y140.873 E6.23414
G1 X139.341 Y140.873 E6.2477
G1 X138.368 Y144.505 E6.42855
G1 X135.694 Y146.049 E6.57706
G1 X105.799 Y154.059 E8.06562
G1 X105.799 Y151.241 E8.20116
G1 X113.45 Y158.892 E8.72157
G1 X115.454 Y157.735 E8.83287
G1 E6.83287 F2400
G92 E0
G1 X105.799 Y162.893 F7800
G1 E2 F2400
G1 F1200
G1 X105.799 Y163.677 E2.03771
G1 X107.328 Y163.677 E2.11125
G1 X105.799 Y162.148 E2.21525
G1 X105.799 Y162.044 E2.22025
G1 X109.888 Y160.948 E2.42386
G1 X110.031 Y160.866 E2.43179
G1 X115.388 Y140.873 E3.42731
G1 X117.245 Y140.873 E3.51663
G1 X127.279 Y150.907 E4.19913
G1 X128.922 Y149.959 E4.29036
G1 X131.357 Y140.873 E4.74279
G1 X133.67 Y140.873 E4.85404
G1 E2.85404 F2400
G92 E0
G1 X132.19 Y148.072 F7800
G1 E2 F2400
G1 F1200
G1 X134.194 Y146.915 E2.1113
G1 X128.152 Y140.873 E2.52227
G1 X125.213 Y140.873 E2.66363
G1 X105.799 Y146.075 E3.63032
G1 E1.63032 F2400
G92 E0
G1 X105.799 Y149.175 F7800
G1 E2 F2400
G1 F1200
G1 X105.799 Y146.861 E2.1113
G1 X107.403 Y140.873 E2.40946
G1 X106.338 Y140.873 E2.46068
G1 X120.365 Y154.9 E3.41478
G1 X119.477 Y155.412 E3.46408
G1 X123.372 Y140.873 E4.18802
G1 X121.059 Y140.873 E4.29927
G1 E2.29927 F2400
G92 E0
G1 X105.143 Y140.835 F7800
G1 E2 F2400
;TYPE:Solid infill
;WIDTH:0.372976
G1 F1200
G1 X105.452 Y140.835 E2.01189
G1 X105.452 Y163.716 E2.89257
G1 X105.143 Y163.716 E2.90446
G1 X105.143 Y141.027 E3.77775
G1 E1.77775 F2400
G92 E0
G1 X61.014 Y60.299 F7800
G1 E2 F2400
;TYPE:Perimeter
;WIDTH:0.45
G1 F1500
G1 X61.032 Y60.286 E2.00107
G1 X61.231 Y59.979 E2.01867
G1 X61.301 Y59.618 E2.03636
G1 X61.301 Y46.034 E2.6897
G1 X140.199 Y46.034 E6.48442
G1 X140.199 Y46.393 E6.50169
G1 X56.374 Y135.591 E12.38893
G1 X56.051 Y135.591 E12.40447
G1 X56.051 Y60.582 E16.01214
G1 X60.439 Y60.582 E16.22319
G1 X60.756 Y60.486 E16.23912
G1 X60.965 Y60.334 E16.25155
G1 X60.736 Y60.016 F7800
G1 F1500
G1 X60.843 Y59.899 E16.25918
G1 X60.916 Y59.618 E16.27314
G1 X60.916 Y45.648 E16.94505
G1 X140.584 Y45.648 E20.7768
G1 X140.584 Y46.545 E20.81994
G1 X56.541 Y135.977 E26.72256
G1 X55.666 Y135.977 E26.76464
G1 X55.666 Y60.196 E30.40944
G1 X60.402 Y60.196 E30.63723
G1 X60.662 Y60.096 E30.65063
G1 X60.695 Y60.06 E30.65298
G1 X60.472 Y59.745 F7800
;TYPE:External perimeter
G1 F1500
G1 X60.53 Y59.618 E30.6597
G1 X60.53 Y45.262 E31.35017
G1 X140.97 Y45.262 E35.21905
G1 X140.97 Y46.698 E35.28812
G1 X56.708 Y136.363 E41.20612
G1 X55.28 Y136.363 E41.2748
G1 X55.28 Y59.81 E44.95673
G1 X60.337 Y59.81 E45.19995
G1 X60.426 Y59.777 E45.20452
G1 X60.522 Y59.389 F7800
G1 E43.20452 F2400
G92 E0
G1 X56.751 Y60.831 F7800
G1 E2 F2400
;TYPE:Solid infill
;WIDTH:0.372976
G1 F1200
G1 X56.751 Y134.763 E4.84562
G1 X56.709 Y134.869 E4.85001
G1 X56.442 Y135.153 E4.86501
G1 X56.442 Y60.832 E7.7256
G1 X56.558 Y60.831 E7.73006
G1 E5.73006 F2400
G92 E0
G1 X57.098 Y84.951 F7800
G1 E2 F2400
;TYPE:Internal infill
;WIDTH:0.45
G1 F1200
G1 X57.098 Y87.264 E2.11125
G1 X116.3 Y71.401 E5.05911
G1 X114.806 Y72.992 E5.16408
G1 X88.894 Y47.08 E6.92658
G1 X87.872 Y47.08 E6.97573
G1 X61.59 Y54.123 E8.28441
G1 X61.59 Y52.497 E8.36262
G1 X98.953 Y89.86 E10.90401
G1 X104.237 Y84.237 E11.27513
G1 X67.08 Y47.08 E13.80251
G1 X68.659 Y47.08 E13.87845
G1 X57.098 Y90.228 E16.02692
G1 X57.098 Y91.633 E16.0945
G1 X77.817 Y112.352 E17.50378
G1 X76.185 Y114.088 E17.61838
G1 X57.098 Y119.202 E18.56878
G1 E16.56878 F2400
G92 E0
G1 X57.098 Y122.34 F7800
G1 E2 F2400
G1 F1200
G1 X57.098 Y120.026 E2.1113
G1 X76.644 Y47.08 E5.74352
G1 X77.987 Y47.08 E5.80811
G1 X109.521 Y78.614 E7.95302
G1 X111.106 Y76.928 E8.06432
G1 E6.06432 F2400
G92 E0
G1 X116.566 Y47.08 F7800
G1 E2 F2400
G1 F1200
G1 X107.556 Y80.706 E3.67435
G1 X106.272 Y82.073 E3.76455
G1 X57.098 Y95.249 E6.21308
G1 X57.098 Y97.562 E6.32433
G1 E4.32433 F2400
G92 E0
G1 X81.516 Y108.415 F7800
G1 E2 F2400
G1 F1200
G1 X83.101 Y106.729 E2.1113
G1 X57.098 Y80.726 E3.87999
G1 X57.098 Y79.28 E3.94954
G1 X126.329 Y60.729 E7.39678
G1 X125.374 Y61.746 E7.46388
G1 X110.708 Y47.08 E8.46144
G1 X108.582 Y47.08 E8.56369
G1 X96.387 Y92.591 E10.82984
G1 X96.243 Y92.744 E10.83995
G1 X57.098 Y103.233 E12.78911
G1 X57.098 Y102.54 E12.82244
G1 X72.533 Y117.975 E13.87231
G1 X74.049 Y116.361 E13.97881
G1 X92.613 Y47.08 E17.42854
G1 X94.926 Y47.08 E17.53979
G1 E15.53979 F2400
G92 E0
G1 X82.315 Y47.08 F7800
G1 E2 F2400
G1 F1200
G1 X84.628 Y47.08 E2.11125
G1 X62.88 Y128.246 E6.15276
G1 X61.965 Y129.22 E6.21704
G1 X57.098 Y124.354 E6.54805
G1 X57.098 Y127.186 E6.68426
G1 X66.157 Y124.759 E7.13533
G1 X67.249 Y123.597 E7.21202
G1 X57.098 Y113.447 E7.90245
G1 X57.098 Y111.218 E8.00966
G1 X86.214 Y103.416 E9.45945
G1 X85.218 Y104.476 E9.52941
G1 X100.597 Y47.08 E12.38734
G1 X99.801 Y47.08 E12.42562
G1 X120.09 Y67.369 E13.80565
G1 X118.725 Y68.82 E13.90147
G1 X124.551 Y47.08 E14.98398
G1 X121.615 Y47.08 E15.12519
G1 X130.658 Y56.123 E15.74028
G1 X129.894 Y56.935 E15.7939
G1 X132.522 Y47.08 E16.28446
G1 X135.942 Y50.5 E16.51708
G1 X136.358 Y50.058 E16.54627
G1 X57.098 Y71.295 E20.49287
G1 X57.098 Y69.819 E20.56386
G1 X88.385 Y101.106 E22.69197
G1 X93.669 Y95.483 E23.06309
G1 X59.05 Y60.864 E25.41783
G1 X57.098 Y60.869 E25.51171
G1 X57.098 Y63.311 E25.62916
G1 X117.671 Y47.08 E28.64529
G1 X119.985 Y47.08 E28.75659
G1 E26.75659 F2400
G92 E0
G1 X139.825 Y46.425 F7800
G1 E2 F2400
;TYPE:Solid infill
;WIDTH:0.372976
G1 F1200
G1 X139.535 Y46.733 E2.01628
G1 X61.552 Y46.733 E5.01782
G1 X61.552 Y46.425 E5.02967
G1 X139.632 Y46.425 E8.03494
;LAYER_CHANGE
;Z:2.15
;HEIGHT:0.3
G1 E6.03494 F2400
G92 E0
G1 Z2.15 F7800
;AFTER_LAYER_CHANGE
;2.15
G1 X59.438 Y142.107
G1 E2 F2400
;TYPE:Perimeter
;WIDTH:0.45
G1 F1500
G1 X59.442 Y142.116 E2.00047
G1 X59.604 Y142.321 E2.01304
G1 X59.791 Y142.462 E2.0243
G1 X97.038 Y163.966 E4.09288
G1 X56.051 Y163.966 E6.06421
G1 X56.051 Y140.584 E7.1888
G1 X59.309 Y140.584 E7.3455
G1 X59.309 Y141.788 E7.40341
G1 X59.416 Y142.052 E7.41711
G1 X59.772 Y141.911 F7800
G1 F1500
G1 X59.774 Y141.92 E7.41755
G1 X59.984 Y142.128 E7.43177
G1 X98.477 Y164.352 E9.56956
G1 X55.666 Y164.352 E11.62862
G1 X55.666 Y140.198 E12.79034
G1 X59.694 Y140.198 E12.98407
G1 X59.694 Y141.627 E13.0528
G1 X59.756 Y141.853 E13.06407
G1 X60.118 Y141.716 F7800
;TYPE:External perimeter
G1 F1500
G1 X60.176 Y141.794 E13.06875
G1 X99.916 Y164.738 E15.2758
G1 X55.28 Y164.738 E17.42264
G1 X55.28 Y139.813 E18.62145
G1 X60.08 Y139.813 E18.85231
G1 X60.08 Y141.665 E18.94138
G1 X60.082 Y141.668 E18.94155
G1 X60.398 Y141.914 F7800
G1 E16.94155 F2400
G92 E0
G1 X64.001 Y145.226 F7800
G1 E2 F2400
;TYPE:Internal infill
;WIDTH:0.45
G1 F1200
G1 X66.005 Y146.383 E2.1113
G1 X61.371 Y163.677 E2.97243
G1 X63.701 Y163.677 E3.0845
G1 X56.34 Y156.317 E3.58515
G1 X56.34 Y159.327 E3.72992
G1 X78.254 Y153.456 E4.82108
G1 X79.834 Y154.368 E4.90882
G1 X77.34 Y163.677 E5.37234
G1 X74.608 Y163.677 E5.50374
G1 X56.34 Y145.41 E6.74627
G1 X56.34 Y143.358 E6.84496
G1 X59.411 Y142.536 E6.99786
G1 X59.151 Y142.163 E7.01973
G1 X56.34 Y152.652 E7.54202
G1 X56.34 Y154.966 E7.65332
G1 E5.65332 F2400
G92 E0
G1 X56.34 Y149.029 F7800
G1 E2 F2400
G1 F1200
G1 X56.34 Y151.343 E2.1113
G1 X68.808 Y148.002 E2.73212
G1 X71.248 Y149.41 E2.86761
G1 X85.514 Y163.677 E3.838
G1 X85.324 Y163.677 E3.84714
G1 X86.749 Y158.36 E4.11189
G1 X87.7 Y158.909 E4.1647
G1 X69.905 Y163.677 E5.05077
G1 X69.355 Y163.677 E5.07722
G1 X72.919 Y150.376 E5.73952
G1 X74.923 Y151.532 E5.85079
G1 E3.85079 F2400
G92 E0
G1 X91.66 Y161.195 F7800
G1 E2 F2400
G1 F1200
G1 X93.664 Y162.352 E2.1113
G1 X93.309 Y163.677 E2.17728
G1 X90.995 Y163.677 E2.28858
G1 E.28858 F2400
G92 E0
G1 X170.779 Y155.749 F7800
G1 E2 F2400
;TYPE:Perimeter
;WIDTH:0.521566
G1 F1200
G1 X171.053 Y156.206 E2.03038
G1 X168.087 Y156.206 E2.19951
G1 X168.361 Y155.749 E2.22989
G1 X170.719 Y155.749 E2.36435
G1 X171.018 Y155.328 F7800
;TYPE:External perimeter
;WIDTH:0.45
G1 F1200
G1 X171.798 Y156.628 E2.43727
G1 X167.342 Y156.628 E2.65159
G1 X168.122 Y155.328 E2.72451
G1 X170.958 Y155.328 E2.86091
G1 X171.203 Y155.644 F7800
G1 E.86091 F2400
G92 E0
G1 X173.12 Y154.107 F7800
G1 E2 F2400
;TYPE:Perimeter
G1 F1500
G1 X173.12 Y63.649 E6.35072
G1 X174.295 Y63.491 E6.40774
G1 X178.631 Y61.972 E6.62871
G1 X179.891 Y61.195 E6.69991
G1 X193.949 Y61.195 E7.37605
G1 X193.949 Y154.107 E11.84479
G1 X173.18 Y154.107 E12.84371
G1 X172.735 Y154.492 F7800
G1 F1500
G1 X172.735 Y63.305 E17.22949
G1 X174.106 Y63.149 E17.29586
G1 X178.464 Y61.622 E17.51796
G1 X179.781 Y60.809 E17.5924
G1 X194.334 Y60.809 E18.29235
G1 X194.334 Y154.492 E22.79818
G1 X172.795 Y154.492 E23.83413
G1 X172.349 Y154.878 F7800
;TYPE:External perimeter
G1 F1500
G1 X172.349 Y62.96 E28.25507
G1 X174.02 Y62.77 E28.33596
G1 X178.297 Y61.272 E28.55392
G1 X179.519 Y60.518 E28.62298
;TYPE:Overhang perimeter
;WIDTH:0.4
;HEIGHT:0.4
M106 S255
G1 X179.672 Y60.424 E28.63236
G1 X194.72 Y60.424 E29.41854
G1 X194.72 Y60.518 E29.42345
M107
;TYPE:External perimeter
;WIDTH:0.45
;HEIGHT:0.3
G1 X194.72 Y154.878 E33.96184
G1 X172.409 Y154.878 E35.03492
G1 X172.35 Y154.482 F7800
G1 E33.03492 F2400
G92 E0
G1 X193.66 Y143.252 F7800
G1 E2 F2400
;TYPE:Internal infill
;WIDTH:0.45
G1 F1200
G1 X193.66 Y140.939 E2.11125
G1 X173.409 Y120.689 E3.48867
G1 X173.409 Y119.974 E3.52306
G1 X193.66 Y114.548 E4.53142
G1 X193.66 Y116.945 E4.64671
G1 X183.78 Y153.817 E6.48269
G1 X184.724 Y153.817 E6.52809
G1 X173.409 Y142.502 E7.29772
G1 X173.409 Y143.928 E7.36631
G1 X193.66 Y138.502 E8.37467
G1 X193.66 Y136.188 E8.48597
G1 E6.48597 F2400
G92 E0
G1 X193.66 Y92.909 F7800
G1 E2 F2400
G1 F1200
G1 X193.66 Y90.595 E2.1113
G1 X173.409 Y96.021 E3.11966
G1 X173.409 Y98.875 E3.25693
G1 X193.66 Y119.125 E4.63435
G1 X193.66 Y122.533 E4.79826
G1 X173.409 Y127.959 E5.80662
G1 X173.409 Y131.595 E5.9815
G1 X193.66 Y151.846 E7.35895
G1 X193.66 Y153.817 E7.45375
G1 X191.764 Y153.817 E7.54494
G1 X193.66 Y146.743 E7.89718
G1 X193.66 Y146.486 E7.90954
G1 X173.409 Y151.912 E8.9179
G1 X173.409 Y153.409 E8.9899
G1 X173.817 Y153.817 E9.01765
G1 X175.795 Y153.817 E9.11279
G1 X193.66 Y87.146 E12.43256
G1 X193.66 Y86.404 E12.46825
G1 X173.409 Y66.154 E13.84567
G1 X173.409 Y64.335 E13.93316
G1 X174.397 Y64.193 E13.98117
G1 X176.008 Y63.629 E14.06326
G1 X173.409 Y73.326 E14.54611
G1 X173.409 Y75.639 E14.65736
G1 E12.65736 F2400
G92 E0
G1 X173.409 Y69.754 F7800
G1 E2 F2400
G1 F1200
G1 X173.409 Y72.068 E2.1113
G1 X193.66 Y66.642 E3.11966
G1 X193.66 Y64.59 E3.21835
G1 X191.674 Y62.604 E3.35344
G1 X192.251 Y62.604 E3.38119
G1 X173.409 Y132.922 E6.88256
G1 X173.409 Y135.943 E7.02786
G1 X193.66 Y130.517 E8.03622
G1 X193.66 Y130.032 E8.05955
G1 X173.409 Y109.782 E9.43697
G1 X173.409 Y111.99 E9.54317
G1 X193.66 Y106.564 E10.55153
G1 X193.66 Y108.218 E10.63108
G1 X173.409 Y87.968 E12.0085
G1 X173.409 Y88.037 E12.01182
G1 X193.66 Y82.611 E13.02018
G1 X193.66 Y80.297 E13.13148
G1 E11.13148 F2400
G92 E0
G1 X186.58 Y62.604 F7800
G1 E2 F2400
G1 F1200
G1 X184.267 Y62.604 E2.11125
G1 X173.409 Y103.124 E4.12888
G1 X173.409 Y104.005 E4.17125
G1 X193.66 Y98.579 E5.17961
G1 X193.66 Y97.311 E5.2406
G1 X173.409 Y77.061 E6.61802
G1 X173.409 Y80.052 E6.76188
G1 X193.66 Y74.626 E7.77024
G1 X193.66 Y75.497 E7.81213
G1 X180.767 Y62.604 E8.6891
G1 X178.849 Y62.604 E8.78135
G1 X178.487 Y62.759 E8.80029
G1 E6.80029 F2400
G92 E0
G1 X173.427 Y63.923 F7800
G1 E2 F2400
;TYPE:Solid infill
;WIDTH:0.484985
G1 F1200
G1 X174.114 Y63.836 E2.03633
;WIDTH:0.471597
G1 X174.399 Y63.772 E2.05117
G1 X178.57 Y62.311 E2.27564
;WIDTH:0.469805
G1 X178.765 Y62.221 E2.2865
;WIDTH:0.460195
G1 X178.969 Y62.216 E2.29657
;WIDTH:0.455819
G1 X180.077 Y62.219 E2.35067
;WIDTH:0.45
G1 X193.66 Y62.219 E3.00397
G1 X193.66 Y61.484 E3.03932
G1 X179.972 Y61.484 E3.69767
;WIDTH:0.456833
G1 X178.777 Y62.215 E3.76624
G1 X180.077 Y61.851 F7800
;WIDTH:0.413373
G1 F1200
G1 X193.292 Y61.851 E4.34147
G1 E2.34147 F2400
G92 E0
G1 X166.02 Y154.107 F7800
G1 E2 F2400
;TYPE:Perimeter
;WIDTH:0.45
G1 F1500
G1 X145.191 Y154.107 E3.0018
G1 X145.191 Y142.57 E3.55669
G1 X145.133 Y142.24 E3.57281
G1 X144.94 Y141.92 E3.59078
G1 X144.691 Y141.724 E3.60602
G1 X144.227 Y141.606 E3.62905
G1 X144.061 Y141.62 E3.63706
G1 X143.745 Y141.735 E3.65323
G1 X108.492 Y162.088 E5.61107
G1 X108.304 Y162.229 E5.62237
G1 X108.143 Y162.434 E5.63491
G1 X108.037 Y162.695 E5.64846
G1 X108.01 Y162.923 E5.6595
G1 X108.01 Y163.966 E5.70966
G1 X104.752 Y163.966 E5.86636
G1 X104.752 Y140.584 E6.99095
G1 X144.227 Y140.584 E8.88956
G1 X144.691 Y140.465 E8.9126
G1 X144.94 Y140.269 E8.92784
G1 X145.133 Y139.95 E8.94577
G1 X145.191 Y139.62 E8.96189
G1 X145.191 Y61.195 E12.73386
G1 X159.249 Y61.195 E13.41
G1 X160.509 Y61.972 E13.4812
G1 X164.947 Y63.527 E13.70738
G1 X166.02 Y63.649 E13.75932
G1 X166.02 Y154.047 E18.10715
G1 X166.405 Y154.492 F7800
G1 F1500
G1 X144.806 Y154.492 E19.14599
G1 X144.806 Y142.536 E19.72103
G1 X144.722 Y142.269 E19.73449
G1 X144.505 Y142.063 E19.74888
G1 X144.227 Y141.991 E19.76269
G1 X143.938 Y142.069 E19.77709
G1 X108.684 Y162.422 E21.73497
G1 X108.475 Y162.63 E21.74915
G1 X108.395 Y162.923 E21.76376
G1 X108.395 Y164.352 E21.83249
G1 X104.366 Y164.352 E22.02627
G1 X104.366 Y140.198 E23.18799
G1 X144.227 Y140.198 E25.10517
G1 X144.505 Y140.127 E25.11897
G1 X144.655 Y140.009 E25.12815
G1 X144.754 Y139.86 E25.13675
G1 X144.806 Y139.62 E25.14856
G1 X144.806 Y60.809 E28.9391
G1 X159.359 Y60.809 E29.63905
G1 X160.676 Y61.622 E29.71349
G1 X165.034 Y63.149 E29.93559
G1 X166.405 Y63.305 E30.00196
G1 X166.405 Y154.432 E34.38485
G1 X166.791 Y154.878 F7800
;TYPE:External perimeter
G1 F1500
G1 X144.42 Y154.878 E35.46082
G1 X144.42 Y142.57 E36.05279
G1 X144.37 Y142.44 E36.05949
G1 X144.227 Y142.377 E36.06701
G1 X144.131 Y142.403 E36.07179
G1 X108.843 Y162.776 E38.03157
G1 X108.781 Y162.923 E38.03924
G1 X108.781 Y164.738 E38.12654
G1 X103.981 Y164.738 E38.3574
G1 X103.981 Y139.813 E39.55621
G1 X144.227 Y139.813 E41.4919
G1 X144.37 Y139.75 E41.49942
G1 X144.42 Y139.62 E41.50612
G1 X144.42 Y60.518 E45.31065
;TYPE:Overhang perimeter
;WIDTH:0.4
;HEIGHT:0.4
M106 S255
G1 X144.42 Y60.424 E45.31556
G1 X159.468 Y60.424 E46.10174
G1 X159.621 Y60.518 E46.11112
M107
;TYPE:External perimeter
;WIDTH:0.45
;HEIGHT:0.3
G1 X160.843 Y61.272 E46.18018
G1 X165.12 Y62.77 E46.39814
G1 X166.791 Y62.96 E46.47903
G1 X166.791 Y154.818 E50.89708
G1 X166.395 Y154.877 F7800
G1 X165.224 Y153.817
;TYPE:Internal infill
;WIDTH:0.45
G1 F1200
G1 X162.91 Y153.817 E51.00838
G1 X145.48 Y136.387 E52.19395
G1 X145.48 Y135.442 E52.2394
G1 X165.731 Y130.016 E53.24776
G1 X165.731 Y131.782 E53.3327
G1 X159.826 Y153.817 E54.4299
G1 X157.512 Y153.817 E54.5412
G1 E52.5412 F2400
G92 E0
G1 X145.475 Y147.289 F7800
G1 E2 F2400
G1 F1200
G1 X152.003 Y153.817 E2.44403
G1 X151.842 Y153.817 E2.45177
G1 X165.731 Y101.983 E5.03275
G1 X165.731 Y102.103 E5.03852
G1 X145.48 Y81.853 E6.41594
G1 X145.48 Y79.551 E6.52666
G1 X165.731 Y74.125 E7.53502
G1 X165.731 Y76.439 E7.64632
G1 E5.64632 F2400
G92 E0
G1 X145.48 Y65.896 F7800
G1 E2 F2400
G1 F1200
G1 X145.48 Y63.582 E2.1113
G1 X149.13 Y62.604 E2.29305
G1 X152.329 Y62.604 E2.44691
G1 X145.48 Y88.163 E3.71958
G1 X145.48 Y90.476 E3.83083
G1 E1.83083 F2400
G92 E0
G1 X145.48 Y87.536 F7800
G1 E2 F2400
G1 F1200
G1 X165.731 Y82.11 E3.00836
G1 X165.731 Y80.289 E3.09594
G1 X148.046 Y62.604 E4.29885
G1 E2.29885 F2400
G92 E0
G1 X145.48 Y61.677 F7800
G1 E2 F2400
;TYPE:Solid infill
;WIDTH:0.45
G1 F1200
G1 X145.48 Y62.219 E2.02607
G1 X159.063 Y62.219 E2.67937
;WIDTH:0.454223
G1 X160.363 Y62.225 E2.74258
G1 X159.256 Y61.539 E2.8059
;WIDTH:0.45
G1 X159.167 Y61.484 E2.81093
G1 X145.48 Y61.484 E3.46923
G1 X145.848 Y61.851 E3.49423
;WIDTH:0.413373
G1 X159.063 Y61.851 E4.06946
G1 X160.407 Y62.234 F7800
;WIDTH:0.467411
G1 F1200
G1 X160.55 Y62.302 E4.07742
;WIDTH:0.472187
G1 X164.74 Y63.773 E4.30329
;WIDTH:0.494081
G1 X165.709 Y63.922 E4.35583
G1 X165.226 Y64.278 F7800
;TYPE:Internal infill
;WIDTH:0.45
G1 F1200
G1 X165.731 Y64.335 E4.38027
G1 X165.731 Y66.141 E4.46713
G1 X145.48 Y71.567 E5.47549
G1 X145.48 Y70.946 E5.50536
G1 X165.731 Y91.196 E6.88278
G1 X165.731 Y90.094 E6.93578
G1 X145.48 Y95.52 E7.94414
G1 X145.48 Y92.76 E8.07689
G1 X165.731 Y113.01 E9.45431
G1 X165.731 Y114.047 E9.50419
G1 X145.48 Y119.473 E10.51255
G1 X145.48 Y117.961 E10.58527
G1 X160.31 Y62.616 E13.34108
G1 X158.953 Y62.604 E13.40635
G1 X165.731 Y69.382 E13.86738
G1 X165.731 Y72.185 E14.00219
G1 X145.475 Y147.779 E17.76627
G1 X145.478 Y151.412 E17.941
G1 X165.731 Y145.985 E18.94947
G1 X165.731 Y145.731 E18.96169
G1 X145.48 Y125.48 E20.33914
G1 X145.48 Y127.458 E20.43428
G1 X165.731 Y122.032 E21.44264
G1 X165.731 Y123.917 E21.5333
G1 X145.48 Y103.667 E22.91072
G1 X145.48 Y103.505 E22.91851
G1 X165.731 Y98.078 E23.92688
G1 X165.731 Y95.765 E24.03813
G1 E22.03813 F2400
G92 E0
G1 X165.731 Y108.377 F7800
G1 E2 F2400
G1 F1200
G1 X165.731 Y106.063 E2.1113
G1 X145.48 Y111.489 E3.11966
G1 X145.48 Y114.573 E3.26799
G1 X165.731 Y134.824 E4.64544
G1 X165.731 Y138.001 E4.79824
G1 X145.472 Y143.429 E5.807
G1 X145.471 Y142.409 E5.85606
G1 X145.405 Y142.141 E5.86934
G1 X145.152 Y141.723 E5.89284
G1 X144.827 Y141.467 E5.91274
G1 X144.235 Y141.315 E5.94214
G1 X144.006 Y141.335 E5.9532
G1 X143.608 Y141.48 E5.97357
G1 X141.109 Y142.923 E6.11236
G1 X139.059 Y140.873 E6.2518
G1 X139.341 Y140.873 E6.26536
G1 X138.368 Y144.505 E6.44621
G1 X135.694 Y146.049 E6.59472
G1 X105.041 Y154.262 E8.12103
G1 X105.041 Y156.576 E8.23233
G1 E6.23233 F2400
G92 E0
G1 X105.041 Y163.651 F7800
G1 E2 F2400
G1 F1200
G1 X107.328 Y163.677 E2.11
G1 X105.041 Y161.39 E2.26556
G1 X105.041 Y162.247 E2.30678
G1 X109.888 Y160.948 E2.54813
G1 X110.031 Y160.866 E2.55606
G1 X115.388 Y140.873 E3.55158
G1 X117.245 Y140.873 E3.6409
G1 X127.279 Y150.907 E4.3234
G1 X128.922 Y149.959 E4.41463
G1 X131.357 Y140.873 E4.86706
G1 X133.67 Y140.873 E4.97831
G1 E2.97831 F2400
G92 E0
G1 X132.19 Y148.072 F7800
G1 E2 F2400
G1 F1200
G1 X134.194 Y146.915 E2.1113
G1 X128.152 Y140.873 E2.52227
G1 X125.213 Y140.873 E2.66363
G1 X105.041 Y146.278 E3.66806
G1 X105.041 Y143.964 E3.77936
G1 E1.77936 F2400
G92 E0
G1 X121.059 Y140.873 F7800
G1 E2 F2400
G1 F1200
G1 X123.372 Y140.873 E2.11125
G1 X119.477 Y155.412 E2.83519
G1 X120.365 Y154.9 E2.88449
G1 X106.338 Y140.873 E3.83859
G1 X107.403 Y140.873 E3.88981
G1 X105.041 Y149.689 E4.32878
G1 X105.041 Y150.483 E4.36697
G1 X113.45 Y158.892 E4.93894
G1 X115.454 Y157.735 E5.05024
G1 E3.05024 F2400
G92 E0
G1 X61.014 Y60.299 F7800
G1 E2 F2400
;TYPE:Perimeter
;WIDTH:0.45
G1 F1500
G1 X61.032 Y60.286 E2.00107
G1 X61.231 Y59.979 E2.01867
G1 X61.301 Y59.618 E2.03636
G1 X61.301 Y46.034 E2.6897
G1 X140.199 Y46.034 E6.48442
G1 X140.199 Y46.393 E6.50169
G1 X56.374 Y135.591 E12.38893
G1 X56.051 Y135.591 E12.40447
G1 X56.051 Y60.582 E16.01214
G1 X60.439 Y60.582 E16.22319
G1 X60.756 Y60.486 E16.23912
G1 X60.965 Y60.334 E16.25155
G1 X60.736 Y60.016 F7800
G1 F1500
G1 X60.843 Y59.899 E16.25918
G1 X60.916 Y59.618 E16.27314
G1 X60.916 Y45.648 E16.94505
G1 X140.584 Y45.648 E20.7768
G1 X140.584 Y46.545 E20.81994
G1 X56.541 Y135.977 E26.72256
G1 X55.666 Y135.977 E26.76464
G1 X55.666 Y60.196 E30.40944
G1 X60.402 Y60.196 E30.63723
G1 X60.662 Y60.096 E30.65063
G1 X60.695 Y60.06 E30.65298
G1 X60.472 Y59.745 F7800
;TYPE:External perimeter
G1 F1500
G1 X60.53 Y59.618 E30.6597
G1 X60.53 Y45.262 E31.35017
G1 X140.97 Y45.262 E35.21905
G1 X140.97 Y46.698 E35.28812
G1 X56.708 Y136.363 E41.20612
G1 X55.28 Y136.363 E41.2748
G1 X55.28 Y59.81 E44.95673
G1 X60.337 Y59.81 E45.19995
G1 X60.426 Y59.777 E45.20452
G1 X60.522 Y59.389 F7800
G1 E43.20452 F2400
G92 E0
G1 X92.085 Y97.169 F7800
G1 E2 F2400
;TYPE:Internal infill
;WIDTH:0.45
G1 F1200
G1 X93.669 Y95.483 E2.11126
G1 X59.05 Y60.864 E4.466
G1 X56.98 Y60.869 E4.56556
G1 X56.34 Y63.257 E4.68447
G1 X56.34 Y63.514 E4.69683
G1 X120.498 Y46.323 E7.89146
G1 X120.858 Y46.323 E7.90877
G1 X130.658 Y56.123 E8.57535
G1 X129.894 Y56.935 E8.62897
G1 X132.738 Y46.323 E9.15738
G1 X131.765 Y46.323 E9.20418
G1 X135.942 Y50.5 E9.48829
G1 X136.358 Y50.058 E9.51748
G1 X56.34 Y71.498 E13.50183
G1 X56.34 Y69.061 E13.61904
G1 X88.385 Y101.106 E15.7987
G1 X89.969 Y99.42 E15.90996
G1 E13.90996 F2400
G92 E0
G1 X81.516 Y108.415 F7800
G1 E2 F2400
G1 F1200
G1 X83.101 Y106.729 E2.1113
G1 X56.34 Y79.968 E3.93155
G1 X56.34 Y79.483 E3.95488
G1 X126.329 Y60.729 E7.43987
G1 X125.374 Y61.746 E7.50697
G1 X109.951 Y46.323 E8.55602
G1 X108.785 Y46.323 E8.6121
G1 X96.387 Y92.591 E10.91594
G1 X96.243 Y92.744 E10.92605
G1 X56.34 Y103.436 E12.91295
G1 X56.34 Y101.782 E12.9925
G1 X72.533 Y117.975 E14.09393
G1 X74.049 Y116.361 E14.20043
G1 X92.816 Y46.323 E17.68785
G1 X90.7 Y46.323 E17.78962
G1 X61.59 Y54.123 E19.2391
G1 X61.59 Y52.497 E19.31731
G1 X98.953 Y89.86 E21.8587
G1 X104.237 Y84.237 E22.22982
G1 X66.323 Y46.323 E24.80869
G1 X68.862 Y46.323 E24.93081
G1 X56.34 Y93.055 E27.25775
G1 X56.34 Y95.452 E27.37304
G1 X106.272 Y82.073 E29.85931
G1 X107.556 Y80.706 E29.94951
G1 X116.769 Y46.323 E31.66155
G1 X114.455 Y46.323 E31.77285
G1 E29.77285 F2400
G92 E0
G1 X127.067 Y46.323 F7800
G1 E2 F2400
G1 F1200
G1 X124.754 Y46.323 E2.11125
G1 X118.725 Y68.82 E3.23146
G1 X120.09 Y67.369 E3.32728
G1 X99.044 Y46.323 E4.7588
G1 X100.8 Y46.323 E4.84326
G1 X85.218 Y104.476 E7.73889
G1 X86.214 Y103.416 E7.80885
G1 X56.34 Y111.421 E9.29638
G1 X56.34 Y112.689 E9.35737
G1 X67.249 Y123.597 E10.09935
G1 X66.157 Y124.759 E10.17604
G1 X56.34 Y127.389 E10.66485
G1 X56.34 Y134.503 E11.00701
G1 X56.68 Y134.843 E11.03014
G1 X58.265 Y133.157 E11.14144
G1 E9.14144 F2400
G92 E0
G1 X56.34 Y117.091 F7800
G1 E2 F2400
G1 F1200
G1 X56.34 Y119.405 E2.1113
G1 X76.185 Y114.088 E3.09944
G1 X77.817 Y112.352 E3.21404
G1 X56.34 Y90.875 E4.67488
G1 X56.34 Y87.467 E4.83879
G1 X116.3 Y71.401 E7.82439
G1 X114.806 Y72.992 E7.92936
G1 X88.137 Y46.323 E9.74335
G1 X84.831 Y46.323 E9.90236
G1 X62.88 Y128.246 E13.98157
G1 X61.965 Y129.22 E14.04585
G1 X56.34 Y123.596 E14.42842
G1 X56.34 Y122.854 E14.46411
G1 X76.847 Y46.323 E18.27484
G1 X77.23 Y46.323 E18.29326
G1 X109.521 Y78.614 E20.48966
G1 X111.106 Y76.928 E20.60096
;LAYER_CHANGE
;Z:2.45
;HEIGHT:0.3
G1 E18.60096 F2400
G92 E0
G1 Z2.45 F7800
;AFTER_LAYER_CHANGE
;2.45
G1 X59.438 Y142.107
G1 E2 F2400
;TYPE:Perimeter
;WIDTH:0.45
G1 F1500
G1 X59.442 Y142.116 E2.00047
G1 X59.604 Y142.321 E2.01304
G1 X59.791 Y142.462 E2.0243
G1 X97.038 Y163.966 E4.09288
G1 X56.051 Y163.966 E6.06421
G1 X56.051 Y140.584 E7.1888
G1 X59.309 Y140.584 E7.3455
G1 X59.309 Y141.788 E7.40341
G1 X59.416 Y142.052 E7.41711
G1 X59.772 Y141.911 F7800
G1 F1500
G1 X59.774 Y141.92 E7.41755
G1 X59.984 Y142.128 E7.43177
G1 X98.477 Y164.352 E9.56956
G1 X55.666 Y164.352 E11.62862
G1 X55.666 Y140.198 E12.79034
G1 X59.694 Y140.198 E12.98407
G1 X59.694 Y141.627 E13.0528
G1 X59.756 Y141.853 E13.06407
G1 X60.118 Y141.716 F7800
;TYPE:External perimeter
G1 F1500
G1 X60.176 Y141.794 E13.06875
G1 X99.916 Y164.738 E15.2758
G1 X55.28 Y164.738 E17.42264
G1 X55.28 Y139.813 E18.62145
G1 X60.08 Y139.813 E18.85231
G1 X60.08 Y141.665 E18.94138
G1 X60.082 Y141.668 E18.94155
G1 X60.398 Y141.914 F7800
G1 E16.94155 F2400
G92 E0
G1 X64.001 Y145.226 F7800
G1 E2 F2400
;TYPE:Internal infill
;WIDTH:0.45
G1 F1200
G1 X66.005 Y146.383 E2.1113
G1 X61.371 Y163.677 E2.97243
G1 X63.701 Y163.677 E3.0845
G1 X56.34 Y156.317 E3.58515
G1 X56.34 Y159.327 E3.72992
G1 X78.254 Y153.456 E4.82108
G1 X79.834 Y154.368 E4.90882
G1 X77.34 Y163.677 E5.37234
G1 X74.608 Y163.677 E5.50374
G1 X56.34 Y145.41 E6.74627
G1 X56.34 Y143.358 E6.84496
G1 X59.411 Y142.536 E6.99786
G1 X59.151 Y142.163 E7.01973
G1 X56.34 Y152.652 E7.54202
G1 X56.34 Y154.966 E7.65332
G1 E5.65332 F2400
G92 E0
G1 X56.34 Y149.029 F7800
G1 E2 F2400
G1 F1200
G1 X56.34 Y151.343 E2.1113
G1 X68.808 Y148.002 E2.73212
G1 X71.248 Y149.41 E2.86761
G1 X85.514 Y163.677 E3.838
G1 X85.324 Y163.677 E3.84714
G1 X86.749 Y158.36 E4.11189
G1 X87.7 Y158.909 E4.1647
G1 X69.905 Y163.677 E5.05077
G1 X69.355 Y163.677 E5.07722
G1 X72.919 Y150.376 E5.73952
G1 X74.923 Y151.532 E5.85079
G1 E3.85079 F2400
G92 E0
G1 X91.66 Y161.195 F7800
G1 E2 F2400
G1 F1200
G1 X93.664 Y162.352 E2.1113
G1 X93.309 Y163.677 E2.17728
G1 X90.995 Y163.677 E2.28858
G1 E.28858 F2400
G92 E0
G1 X170.779 Y155.749 F7800
G1 E2 F2400
;TYPE:Perimeter
;WIDTH:0.521566
G1 F1200
G1 X171.053 Y156.206 E2.03038
G1 X168.087 Y156.206 E2.19951
G1 X168.361 Y155.749 E2.22989
G1 X170.719 Y155.749 E2.36435
G1 X171.018 Y155.328 F7800
;TYPE:External perimeter
;WIDTH:0.45
G1 F1200
G1 X171.798 Y156.628 E2.43727
G1 X167.342 Y156.628 E2.65159
G1 X168.122 Y155.328 E2.72451
G1 X170.958 Y155.328 E2.86091
G1 X171.203 Y155.644 F7800
G1 E.86091 F2400
G92 E0
G1 X172.954 Y154.107 F7800
G1 E2 F2400
;TYPE:Perimeter
G1 F1500
G1 X172.954 Y63.841 E6.34148
G1 X174.193 Y63.7 E6.40146
G1 X178.631 Y62.146 E6.62762
G1 X181.013 Y60.675 E6.76227
G1 X193.949 Y60.675 E7.38445
G1 X193.949 Y154.107 E11.8782
G1 X173.014 Y154.107 E12.8851
G1 X172.569 Y154.492 F7800
G1 F1500
G1 X172.569 Y63.497 E17.26164
G1 X174.106 Y63.322 E17.33604
G1 X178.464 Y61.796 E17.55812
G1 X180.904 Y60.29 E17.69603
G1 X194.334 Y60.29 E18.34197
G1 X194.334 Y154.492 E22.87276
G1 X172.629 Y154.492 E23.9167
G1 X172.183 Y154.878 F7800
;TYPE:External perimeter
G1 F1500
G1 X172.183 Y63.153 E28.32835
G1 X174.02 Y62.944 E28.41727
G1 X178.297 Y61.445 E28.63525
G1 X180.641 Y59.999 E28.76771
;TYPE:Overhang perimeter
;WIDTH:0.4
;HEIGHT:0.4
M106 S255
G1 X180.794 Y59.904 E28.77712
G1 X194.72 Y59.904 E29.50468
G1 X194.72 Y59.999 E29.50964
M107
;TYPE:External perimeter
;WIDTH:0.45
;HEIGHT:0.3
G1 X194.72 Y154.878 E34.07299
G1 X172.243 Y154.878 E35.15406
G1 X172.184 Y154.482 F7800
G1 E33.15406 F2400
G92 E0
G1 X173.656 Y138.191 F7800
G1 E2 F2400
;TYPE:Internal infill
;WIDTH:0.45
G1 F1200
G1 X173.656 Y135.877 E2.1113
G1 X193.66 Y130.517 E3.10736
G1 X193.66 Y130.032 E3.13069
G1 X173.656 Y110.028 E4.49134
G1 X173.656 Y111.924 E4.58253
G1 X193.66 Y106.564 E5.57859
G1 X193.66 Y108.218 E5.65814
G1 X173.656 Y88.214 E7.01879
G1 X173.656 Y87.97 E7.03053
G1 X193.66 Y82.611 E8.02658
G1 X193.66 Y80.297 E8.13788
G1 E6.13788 F2400
G92 E0
G1 X193.66 Y92.909 F7800
G1 E2 F2400
G1 F1200
G1 X193.66 Y90.595 E2.1113
G1 X173.656 Y95.955 E3.10736
G1 X173.656 Y99.121 E3.25963
G1 X193.66 Y119.125 E4.62028
G1 X193.66 Y122.533 E4.78419
G1 X173.656 Y127.893 E5.78025
G1 X173.656 Y125.579 E5.89155
G1 E3.89155 F2400
G92 E0
G1 X193.66 Y136.188 F7800
G1 E2 F2400
G1 F1200
G1 X193.66 Y138.502 E2.1113
G1 X173.656 Y143.862 E3.10736
G1 X173.656 Y142.749 E3.16089
G1 X184.724 Y153.817 E3.91372
G1 X183.78 Y153.817 E3.95912
G1 X193.66 Y116.945 E5.7951
G1 X193.66 Y114.548 E5.91039
G1 X173.656 Y119.908 E6.90645
G1 X173.656 Y120.935 E6.95585
G1 X193.66 Y140.939 E8.3165
G1 X193.66 Y143.252 E8.42775
G1 E6.42775 F2400
G92 E0
G1 X173.656 Y68.714 F7800
G1 E2 F2400
G1 F1200
G1 X173.656 Y66.4 E2.1113
G1 X193.66 Y86.404 E3.47195
G1 X193.66 Y87.146 E3.50764
G1 X175.795 Y153.817 E6.82741
G1 X173.817 Y153.817 E6.92255
G1 X173.656 Y153.656 E6.9335
G1 X173.656 Y151.846 E7.02055
G1 X193.66 Y146.486 E8.01661
G1 X193.66 Y146.743 E8.02897
G1 X191.764 Y153.817 E8.38121
G1 X193.66 Y153.817 E8.4724
G1 X193.66 Y151.846 E8.5672
G1 X173.656 Y131.842 E9.92785
G1 X173.656 Y132.001 E9.9355
G1 X192.39 Y62.085 E13.41685
G1 X191.154 Y62.085 E13.4763
G1 X193.66 Y64.59 E13.64672
G1 X193.66 Y66.642 E13.74541
G1 X173.656 Y72.001 E14.74146
G1 E12.74146 F2400
G92 E0
G1 X173.656 Y74.718 F7800
G1 E2 F2400
G1 F1200
G1 X173.656 Y72.405 E2.11125
G1 X175.956 Y63.82 E2.53872
G1 X178.717 Y62.852 E2.67944
G1 X179.327 Y62.498 E2.71336
G1 X180.868 Y62.085 E2.79009
G1 X184.406 Y62.085 E2.96026
G1 X173.656 Y102.203 E4.95787
G1 X173.656 Y103.939 E5.04137
G1 X193.66 Y98.579 E6.03743
G1 X193.66 Y97.311 E6.09842
G1 X173.656 Y77.307 E7.45907
G1 X173.656 Y79.986 E7.58792
G1 X193.66 Y74.626 E8.58398
G1 X193.66 Y75.497 E8.62587
G1 X180.247 Y62.085 E9.53817
G1 X179.868 Y61.717 F7800
;TYPE:Solid infill
;WIDTH:0.453779
G1 F1200
G1 X179.821 Y61.742 E9.54076
;WIDTH:0.473197
G1 X178.673 Y62.447 E9.60945
G1 X174.4 Y63.946 E9.84035
;WIDTH:0.489699
G1 X173.514 Y64.088 E9.88795
;WIDTH:0.523575
G1 X173.448 Y64.113 E9.89199
;WIDTH:0.557451
G1 X173.381 Y64.138 E9.89639
;WIDTH:0.591327
G1 X173.314 Y64.162 E9.90107
G1 X173.295 Y64.238 E9.90622
;WIDTH:0.553203
G1 X173.276 Y64.315 E9.91106
;WIDTH:0.515079
G1 X173.257 Y64.391 E9.91546
;WIDTH:0.476959
G1 X173.257 Y153.804 E14.51656
G1 E12.51656 F2400
G92 E0
G1 X180.93 Y61.065 F7800
G1 E2 F2400
;WIDTH:0.452799
G1 F1200
G1 X179.899 Y61.698 E2.05861
G1 X181.198 Y61.699 E2.12154
;WIDTH:0.45
G1 X193.66 Y61.699 E2.72092
G1 X193.66 Y60.964 E2.75627
G1 X181.095 Y60.964 E3.3606
G1 X181.198 Y61.332 E3.37898
;WIDTH:0.413371
G1 X193.292 Y61.332 E3.90541
G1 E1.90541 F2400
G92 E0
G1 X166.186 Y154.107 F7800
G1 E2 F2400
;TYPE:Perimeter
;WIDTH:0.45
G1 F1500
G1 X145.191 Y154.107 E3.00979
G1 X145.191 Y142.57 E3.56468
G1 X145.134 Y142.242 E3.58069
G1 X144.942 Y141.923 E3.5986
G1 X144.694 Y141.726 E3.61383
G1 X144.227 Y141.606 E3.63702
G1 X144.061 Y141.62 E3.64503
G1 X143.745 Y141.735 E3.6612
G1 X108.492 Y162.088 E5.61904
G1 X108.304 Y162.229 E5.63034
G1 X108.143 Y162.434 E5.64288
G1 X108.037 Y162.695 E5.65643
G1 X108.01 Y162.923 E5.66747
G1 X108.01 Y163.966 E5.71763
G1 X104.752 Y163.966 E5.87433
G1 X104.752 Y140.584 E6.99892
G1 X144.227 Y140.584 E8.89753
G1 X144.694 Y140.464 E8.92072
G1 X144.942 Y140.267 E8.93595
G1 X145.134 Y139.948 E8.95386
G1 X145.191 Y139.62 E8.96987
G1 X145.191 Y60.675 E12.76685
G1 X158.127 Y60.675 E13.38903
G1 X160.509 Y62.146 E13.52368
G1 X164.947 Y63.7 E13.74984
G1 X166.186 Y63.841 E13.80982
G1 X166.186 Y154.047 E18.14842
G1 X166.571 Y154.492 F7800
G1 F1500
G1 X144.806 Y154.492 E19.19524
G1 X144.806 Y142.536 E19.77028
G1 X144.723 Y142.271 E19.78364
G1 X144.507 Y142.063 E19.79806
G1 X144.227 Y141.991 E19.81197
G1 X143.938 Y142.069 E19.82637
G1 X108.684 Y162.422 E21.78425
G1 X108.475 Y162.63 E21.79843
G1 X108.395 Y162.923 E21.81304
G1 X108.395 Y164.352 E21.88177
G1 X104.366 Y164.352 E22.07555
G1 X104.366 Y140.198 E23.23727
G1 X144.227 Y140.198 E25.15445
G1 X144.507 Y140.126 E25.16836
G1 X144.656 Y140.008 E25.1775
G1 X144.754 Y139.858 E25.18612
G1 X144.806 Y139.62 E25.19784
G1 X144.806 Y60.29 E29.01334
G1 X158.236 Y60.29 E29.65928
G1 X160.676 Y61.796 E29.79719
G1 X165.034 Y63.322 E30.01927
G1 X166.571 Y63.497 E30.09367
G1 X166.571 Y154.432 E34.46733
G1 X166.957 Y154.878 F7800
;TYPE:External perimeter
G1 F1500
G1 X144.42 Y154.878 E35.55128
G1 X144.42 Y142.57 E36.14325
G1 X144.37 Y142.44 E36.14995
G1 X144.227 Y142.377 E36.15747
G1 X144.131 Y142.403 E36.16225
G1 X108.843 Y162.776 E38.12203
G1 X108.781 Y162.923 E38.1297
G1 X108.781 Y164.738 E38.217
G1 X103.981 Y164.738 E38.44786
G1 X103.981 Y139.813 E39.64667
G1 X144.227 Y139.813 E41.58236
G1 X144.37 Y139.749 E41.5899
G1 X144.42 Y139.62 E41.59655
G1 X144.42 Y59.999 E45.42604
;TYPE:Overhang perimeter
;WIDTH:0.4
;HEIGHT:0.4
M106 S255
G1 X144.42 Y59.904 E45.431
G1 X158.346 Y59.904 E46.15856
G1 X158.499 Y59.999 E46.16797
M107
;TYPE:External perimeter
;WIDTH:0.45
;HEIGHT:0.3
G1 X160.843 Y61.445 E46.30043
G1 X165.12 Y62.944 E46.51841
G1 X166.957 Y63.153 E46.60733
G1 X166.957 Y154.818 E51.0161
G1 X166.561 Y154.877 F7800
G1 X165.224 Y153.817
;TYPE:Internal infill
;WIDTH:0.45
G1 F1200
G1 X162.91 Y153.817 E51.1274
G1 X145.48 Y136.387 E52.31297
G1 X145.48 Y135.442 E52.35842
G1 X165.484 Y130.082 E53.35448
G1 X165.484 Y132.703 E53.48054
G1 X159.826 Y153.817 E54.53188
G1 X157.512 Y153.817 E54.64318
G1 E52.64318 F2400
G92 E0
G1 X145.475 Y147.289 F7800
G1 E2 F2400
G1 F1200
G1 X152.003 Y153.817 E2.44403
G1 X151.842 Y153.817 E2.45177
G1 X165.484 Y102.904 E4.98689
G1 X165.484 Y101.856 E5.0373
G1 X145.48 Y81.853 E6.39791
G1 X145.48 Y79.551 E6.50863
G1 X165.484 Y74.191 E7.50469
G1 E5.50469 F2400
G92 E0
G1 X164.902 Y64.402 F7800
G1 E2 F2400
G1 F1200
G1 X165.484 Y64.48 E2.02824
G1 X165.484 Y66.207 E2.1113
G1 X145.48 Y71.567 E3.10736
G1 X145.48 Y70.946 E3.13723
G1 X165.484 Y90.949 E4.49784
G1 X165.484 Y90.16 E4.53579
G1 X145.48 Y95.52 E5.53185
G1 X145.48 Y92.76 E5.6646
G1 X165.484 Y112.763 E7.02521
G1 X165.484 Y114.114 E7.09019
G1 X145.48 Y119.473 E8.08624
G1 X145.48 Y117.961 E8.15896
G1 X160.268 Y62.774 E10.90691
G1 X159.146 Y62.086 E10.97021
G1 X158.434 Y62.086 E11.00445
G1 X165.484 Y69.135 E11.48395
G1 X165.484 Y73.106 E11.67494
G1 X145.475 Y147.778 E15.39311
G1 X145.478 Y151.412 E15.56789
G1 X165.484 Y146.051 E16.56406
G1 X165.484 Y145.484 E16.59133
G1 X145.48 Y125.48 E17.95198
G1 X145.48 Y127.458 E18.04712
G1 X165.484 Y122.098 E19.04318
G1 X165.484 Y123.67 E19.11879
G1 X145.48 Y103.667 E20.4794
G1 X145.48 Y103.505 E20.48719
G1 X165.484 Y98.145 E21.48325
G1 X165.484 Y95.831 E21.59455
G1 E19.59455 F2400
G92 E0
G1 X165.484 Y108.443 F7800
G1 E2 F2400
G1 F1200
G1 X165.484 Y106.129 E2.1113
G1 X145.48 Y111.489 E3.10736
G1 X145.48 Y114.573 E3.25569
G1 X165.484 Y134.577 E4.61634
G1 X165.484 Y138.067 E4.7842
G1 X145.472 Y143.429 E5.78066
G1 X145.471 Y142.41 E5.82967
G1 X145.406 Y142.144 E5.84284
G1 X145.155 Y141.726 E5.86629
G1 X144.831 Y141.469 E5.88618
G1 X144.235 Y141.315 E5.91579
G1 X144.006 Y141.335 E5.92685
G1 X143.608 Y141.48 E5.94722
G1 X141.109 Y142.923 E6.08601
G1 X139.059 Y140.873 E6.22545
G1 X139.341 Y140.873 E6.23901
G1 X138.368 Y144.505 E6.41986
G1 X135.694 Y146.049 E6.56837
G1 X105.041 Y154.262 E8.09468
G1 X105.041 Y156.576 E8.20598
G1 E6.20598 F2400
G92 E0
G1 X105.041 Y163.651 F7800
G1 E2 F2400
G1 F1200
G1 X107.328 Y163.677 E2.11
G1 X105.041 Y161.39 E2.26556
G1 X105.041 Y162.247 E2.30678
G1 X109.888 Y160.948 E2.54813
G1 X110.031 Y160.866 E2.55606
G1 X115.388 Y140.873 E3.55158
G1 X117.245 Y140.873 E3.6409
G1 X127.279 Y150.907 E4.3234
G1 X128.922 Y149.959 E4.41463
G1 X131.357 Y140.873 E4.86706
G1 X133.67 Y140.873 E4.97831
G1 E2.97831 F2400
G92 E0
G1 X132.19 Y148.072 F7800
G1 E2 F2400
G1 F1200
G1 X134.194 Y146.915 E2.1113
G1 X128.152 Y140.873 E2.52227
G1 X125.213 Y140.873 E2.66363
G1 X105.041 Y146.278 E3.66806
G1 X105.041 Y143.964 E3.77936
G1 E1.77936 F2400
G92 E0
G1 X121.059 Y140.873 F7800
G1 E2 F2400
G1 F1200
G1 X123.372 Y140.873 E2.11125
G1 X119.477 Y155.412 E2.83519
G1 X120.365 Y154.9 E2.88449
G1 X106.338 Y140.873 E3.83859
G1 X107.403 Y140.873 E3.88981
G1 X105.041 Y149.689 E4.32878
G1 X105.041 Y150.483 E4.36697
G1 X113.45 Y158.892 E4.93894
G1 X115.454 Y157.735 E5.05024
G1 E3.05024 F2400
G92 E0
G1 X145.48 Y90.476 F7800
G1 E2 F2400
G1 F1200
G1 X145.48 Y88.163 E2.11125
G1 X152.468 Y62.085 E3.40976
G1 X151.068 Y62.085 E3.4771
G1 X145.48 Y63.582 E3.75534
G1 X145.48 Y62.085 E3.82734
G1 X147.527 Y62.085 E3.92579
G1 X165.484 Y80.042 E5.1472
G1 X165.484 Y82.176 E5.24984
G1 X145.48 Y87.536 E6.2459
G1 E4.2459 F2400
G92 E0
G1 X157.852 Y60.964 F7800
G1 E2 F2400
;TYPE:Solid infill
;WIDTH:0.45
G1 F1200
G1 X145.48 Y60.964 E2.59505
G1 X145.48 Y61.699 E2.6304
G1 X159.177 Y61.7 E3.28918
;WIDTH:0.449663
G1 X159.291 Y61.726 E3.2948
;WIDTH:0.45
G1 X158.045 Y60.964 E3.36505
G1 X157.941 Y61.332 E3.38344
;WIDTH:0.414321
G1 X145.848 Y61.332 E3.91126
G1 E1.91126 F2400
G92 E0
G1 X159.291 Y61.726 F7800
G1 E2 F2400
;WIDTH:0.449515
G1 F1200
G1 X159.321 Y61.743 E2.00166
;WIDTH:0.472205
G1 X160.464 Y62.445 E2.06989
G1 X164.74 Y63.946 E2.3004
;WIDTH:0.488925
G1 X165.066 Y64.024 E2.31815
;WIDTH:0.489573
G1 X165.619 Y64.088 E2.34767
;WIDTH:0.523491
G1 X165.688 Y64.112 E2.35185
;WIDTH:0.557409
G1 X165.757 Y64.137 E2.35636
;WIDTH:0.591327
G1 X165.826 Y64.162 E2.36118
G1 X165.845 Y64.238 E2.36633
;WIDTH:0.553205
G1 X165.864 Y64.315 E2.37117
;WIDTH:0.515083
G1 X165.883 Y64.391 E2.37557
;WIDTH:0.476961
G1 X165.883 Y153.804 E6.9767
G1 E4.9767 F2400
G92 E0
G1 X61.014 Y60.299 F7800
G1 E2 F2400
;TYPE:Perimeter
;WIDTH:0.45
G1 F1500
G1 X61.032 Y60.286 E2.00107
G1 X61.231 Y59.979 E2.01867
G1 X61.301 Y59.618 E2.03636
G1 X61.301 Y46.034 E2.6897
G1 X140.199 Y46.034 E6.48442
G1 X140.199 Y46.393 E6.50169
G1 X56.374 Y135.591 E12.38893
G1 X56.051 Y135.591 E12.40447
G1 X56.051 Y60.582 E16.01214
G1 X60.439 Y60.582 E16.22319
G1 X60.756 Y60.486 E16.23912
G1 X60.965 Y60.334 E16.25155
G1 X60.736 Y60.016 F7800
G1 F1500
G1 X60.843 Y59.899 E16.25918
G1 X60.916 Y59.618 E16.27314
G1 X60.916 Y45.648 E16.94505
G1 X140.584 Y45.648 E20.7768
G1 X140.584 Y46.545 E20.81994
G1 X56.541 Y135.977 E26.72256
G1 X55.666 Y135.977 E26.76464
G1 X55.666 Y60.196 E30.40944
G1 X60.402 Y60.196 E30.63723
G1 X60.662 Y60.096 E30.65063
G1 X60.695 Y60.06 E30.65298
G1 X60.472 Y59.745 F7800
;TYPE:External perimeter
G1 F1500
G1 X60.53 Y59.618 E30.6597
G1 X60.53 Y45.262 E31.35017
G1 X140.97 Y45.262 E35.21905
G1 X140.97 Y46.698 E35.28812
G1 X56.708 Y136.363 E41.20612
G1 X55.28 Y136.363 E41.2748
G1 X55.28 Y59.81 E44.95673
G1 X60.337 Y59.81 E45.19995
G1 X60.426 Y59.777 E45.20452
G1 X60.522 Y59.389 F7800
G1 E43.20452 F2400
G92 E0
G1 X92.085 Y97.169 F7800
G1 E2 F2400
;TYPE:Internal infill
;WIDTH:0.45
G1 F1200
G1 X93.669 Y95.483 E2.11126
G1 X59.05 Y60.864 E4.466
G1 X56.98 Y60.869 E4.56556
G1 X56.34 Y63.257 E4.68447
G1 X56.34 Y63.514 E4.69683
G1 X120.498 Y46.323 E7.89146
G1 X120.858 Y46.323 E7.90877
G1 X130.658 Y56.123 E8.57535
G1 X129.894 Y56.935 E8.62897
G1 X132.738 Y46.323 E9.15738
G1 X131.765 Y46.323 E9.20418
G1 X135.942 Y50.5 E9.48829
G1 X136.358 Y50.058 E9.51748
G1 X56.34 Y71.498 E13.50183
G1 X56.34 Y69.061 E13.61904
G1 X88.385 Y101.106 E15.7987
G1 X89.969 Y99.42 E15.90996
G1 E13.90996 F2400
G92 E0
G1 X81.516 Y108.415 F7800
G1 E2 F2400
G1 F1200
G1 X83.101 Y106.729 E2.1113
G1 X56.34 Y79.968 E3.93155
G1 X56.34 Y79.483 E3.95488
G1 X126.329 Y60.729 E7.43987
G1 X125.374 Y61.746 E7.50697
G1 X109.951 Y46.323 E8.55602
G1 X108.785 Y46.323 E8.6121
G1 X96.387 Y92.591 E10.91594
G1 X96.243 Y92.744 E10.92605
G1 X56.34 Y103.436 E12.91295
G1 X56.34 Y101.782 E12.9925
G1 X72.533 Y117.975 E14.09393
G1 X74.049 Y116.361 E14.20043
G1 X92.816 Y46.323 E17.68785
G1 X90.7 Y46.323 E17.78962
G1 X61.59 Y54.123 E19.2391
G1 X61.59 Y52.497 E19.31731
G1 X98.953 Y89.86 E21.8587
G1 X104.237 Y84.237 E22.22982
G1 X66.323 Y46.323 E24.80869
G1 X68.862 Y46.323 E24.93081
G1 X56.34 Y93.055 E27.25775
G1 X56.34 Y95.452 E27.37304
G1 X106.272 Y82.073 E29.85931
G1 X107.556 Y80.706 E29.94951
G1 X116.769 Y46.323 E31.66155
G1 X114.455 Y46.323 E31.77285
G1 E29.77285 F2400
G92 E0
G1 X127.067 Y46.323 F7800
G1 E2 F2400
G1 F1200
G1 X124.754 Y46.323 E2.11125
G1 X118.725 Y68.82 E3.23146
G1 X120.09 Y67.369 E3.32728
G1 X99.044 Y46.323 E4.7588
G1 X100.8 Y46.323 E4.84326
G1 X85.218 Y104.476 E7.73889
G1 X86.214 Y103.416 E7.80885
G1 X56.34 Y111.421 E9.29638
G1 X56.34 Y112.689 E9.35737
G1 X67.249 Y123.597 E10.09935
G1 X66.157 Y124.759 E10.17604
G1 X56.34 Y127.389 E10.66485
G1 X56.34 Y134.503 E11.00701
G1 X56.68 Y134.843 E11.03014
G1 X58.265 Y133.157 E11.14144
G1 E9.14144 F2400
G92 E0
G1 X56.34 Y117.091 F7800
G1 E2 F2400
G1 F1200
G1 X56.34 Y119.405 E2.1113
G1 X76.185 Y114.088 E3.09944
G1 X77.817 Y112.352 E3.21404
G1 X56.34 Y90.875 E4.67488
G1 X56.34 Y87.467 E4.83879
G1 X116.3 Y71.401 E7.82439
G1 X114.806 Y72.992 E7.92936
G1 X88.137 Y46.323 E9.74335
G1 X84.831 Y46.323 E9.90236
G1 X62.88 Y128.246 E13.98157
G1 X61.965 Y129.22 E14.04585
G1 X56.34 Y123.596 E14.42842
G1 X56.34 Y122.854 E14.46411
G1 X76.847 Y46.323 E18.27484
G1 X77.23 Y46.323 E18.29326
G1 X109.521 Y78.614 E20.48966
G1 X111.106 Y76.928 E20.60096
;LAYER_CHANGE
;Z:2.75
;HEIGHT:0.3
G1 E18.60096 F2400
G92 E0
G1 Z2.75 F7800
;AFTER_LAYER_CHANGE
;2.75
G1 X59.438 Y142.107
G1 E2 F2400
;TYPE:Perimeter
;WIDTH:0.45
G1 F1500
G1 X59.442 Y142.116 E2.00047
G1 X59.604 Y142.321 E2.01304
G1 X59.791 Y142.462 E2.0243
G1 X97.038 Y163.966 E4.09288
G1 X56.051 Y163.966 E6.06421
G1 X56.051 Y140.584 E7.1888
G1 X59.309 Y140.584 E7.3455
G1 X59.309 Y141.788 E7.40341
G1 X59.416 Y142.052 E7.41711
G1 X59.772 Y141.911 F7800
G1 F1500
G1 X59.774 Y141.92 E7.41755
G1 X59.984 Y142.128 E7.43177
G1 X98.477 Y164.352 E9.56956
G1 X55.666 Y164.352 E11.62862
G1 X55.666 Y140.198 E12.79034
G1 X59.694 Y140.198 E12.98407
G1 X59.694 Y141.627 E13.0528
G1 X59.756 Y141.853 E13.06407
G1 X60.118 Y141.716 F7800
;TYPE:External perimeter
G1 F1500
G1 X60.176 Y141.794 E13.06875
G1 X99.916 Y164.738 E15.2758
G1 X55.28 Y164.738 E17.42264
G1 X55.28 Y139.813 E18.62145
G1 X60.08 Y139.813 E18.85231
G1 X60.08 Y141.665 E18.94138
G1 X60.082 Y141.668 E18.94155
G1 X60.398 Y141.914 F7800
G1 X59.451 Y142.567
;TYPE:Solid infill
;WIDTH:0.450033
G1 F1200
G1 X59.651 Y142.715 E18.95352
G1 X95.303 Y163.299 E20.93371
;WIDTH:0.495447
G1 X95.342 Y163.352 E20.93725
;WIDTH:0.540863
G1 X95.381 Y163.405 E20.94116
;WIDTH:0.586278
G1 X95.42 Y163.458 E20.94544
;WIDTH:0.631694
G1 X95.459 Y163.511 E20.9501
;WIDTH:0.677111
G1 X95.498 Y163.564 E20.95513
G1 X95.438 Y163.586 E20.96001
;WIDTH:0.631694
G1 X95.379 Y163.609 E20.96449
;WIDTH:0.586278
G1 X95.32 Y163.632 E20.96861
;WIDTH:0.540863
G1 X95.261 Y163.654 E20.97235
;WIDTH:0.495447
G1 X95.202 Y163.677 E20.97575
;WIDTH:0.450031
G1 X58.889 Y163.677 E22.72242
G1 E20.72242 F2400
G92 E0
G1 X56.34 Y162.761 F7800
G1 E2 F2400
;WIDTH:0.450033
G1 F1200
G1 X56.34 Y159.332 E2.16494
G1 E.16494 F2400
G92 E0
G1 X56.726 Y161.538 F7800
G1 E2 F2400
;TYPE:Internal infill
;WIDTH:0.45
G1 F1200
G1 X56.726 Y159.224 E2.1113
G1 X77.727 Y153.597 E3.15701
G1 X79.731 Y154.753 E3.26828
G1 X77.443 Y163.292 E3.69346
G1 X74.222 Y163.292 E3.84838
G1 X56.34 Y145.41 E5.06469
G1 X56.34 Y143.358 E5.16338
G1 X59.002 Y142.645 E5.29593
G1 X56.726 Y151.24 E5.72357
G1 X68.282 Y148.143 E6.29899
G1 X65.901 Y146.769 E6.43121
G1 X61.474 Y163.292 E7.25394
G1 X63.315 Y163.292 E7.34249
G1 X56.726 Y156.703 E7.79067
G1 X56.726 Y154.389 E7.90197
G1 X56.34 Y156.338 F7800
;TYPE:Solid infill
;WIDTH:0.450031
G1 F1200
G1 X56.34 Y151.676 E8.12621
G1 E6.12621 F2400
G92 E0
G1 X70.298 Y149.307 F7800
G1 E2 F2400
;TYPE:Internal infill
;WIDTH:0.45
G1 F1200
G1 X72.301 Y150.464 E2.11125
G1 X85.129 Y163.292 E2.9838
G1 X85.427 Y163.292 E2.99813
G1 X86.646 Y158.746 E3.2245
G1 X87.173 Y159.05 E3.25376
G1 X71.344 Y163.292 E4.04195
G1 X69.459 Y163.292 E4.13261
G1 X72.816 Y150.761 E4.75656
G1 E2.75656 F2400
G92 E0
G1 X91.557 Y161.581 F7800
G1 E2 F2400
G1 F1200
G1 X93.56 Y162.738 E2.11125
G1 X93.412 Y163.292 E2.13883
G1 X91.098 Y163.292 E2.25013
G1 E.25013 F2400
G92 E0
G1 X170.779 Y155.749 F7800
G1 E2 F2400
;TYPE:Perimeter
;WIDTH:0.521566
G1 F1200
G1 X171.053 Y156.206 E2.03038
G1 X168.087 Y156.206 E2.19951
G1 X168.361 Y155.749 E2.22989
G1 X170.719 Y155.749 E2.36435
G1 X171.018 Y155.328 F7800
;TYPE:External perimeter
;WIDTH:0.45
G1 F1200
G1 X171.798 Y156.628 E2.43727
G1 X167.342 Y156.628 E2.65159
G1 X168.122 Y155.328 E2.72451
G1 X170.958 Y155.328 E2.86091
G1 X171.203 Y155.644 F7800
G1 E.86091 F2400
G92 E0
G1 X172.789 Y154.107 F7800
G1 E2 F2400
;TYPE:Perimeter
G1 F1500
G1 X172.789 Y64.033 E6.33225
G1 X174.193 Y63.873 E6.40021
G1 X178.631 Y62.319 E6.62637
G1 X182.136 Y60.156 E6.82446
G1 X193.949 Y60.156 E7.39262
G1 X193.949 Y154.107 E11.91134
G1 X172.849 Y154.107 E12.92618
G1 X172.403 Y154.492 F7800
G1 F1500
G1 X172.403 Y63.689 E17.29349
G1 X174.106 Y63.495 E17.37593
G1 X178.464 Y61.969 E17.59801
G1 X182.026 Y59.77 E17.79935
G1 X194.334 Y59.77 E18.39132
G1 X194.334 Y154.492 E22.94712
G1 X172.463 Y154.492 E23.99904
G1 X172.017 Y154.878 F7800
;TYPE:External perimeter
G1 F1500
G1 X172.017 Y63.345 E28.40146
G1 X174.02 Y63.117 E28.49842
G1 X178.297 Y61.619 E28.71638
G1 X181.764 Y59.479 E28.91234
;TYPE:Overhang perimeter
;WIDTH:0.4
;HEIGHT:0.4
M106 S255
G1 X181.917 Y59.384 E28.92175
G1 X194.72 Y59.384 E29.59064
G1 X194.72 Y59.479 E29.5956
M107
;TYPE:External perimeter
;WIDTH:0.45
;HEIGHT:0.3
G1 X194.72 Y154.878 E34.18396
G1 X172.077 Y154.878 E35.27301
G1 X172.018 Y154.482 F7800
G1 E33.27301 F2400
G92 E0
G1 X176.626 Y153.817 F7800
G1 E2 F2400
;TYPE:Solid infill
;WIDTH:0.450031
G1 F1200
G1 X173.298 Y153.817 E2.16008
;WIDTH:0.491332
G1 X173.208 Y153.797 E2.16499
;WIDTH:0.532633
G1 X173.119 Y153.776 E2.17033
G1 X173.105 Y153.7 E2.17484
;WIDTH:0.504812
G1 X173.091 Y153.624 E2.17909
;WIDTH:0.476991
G1 X173.091 Y64.583 E6.76141
;WIDTH:0.515102
G1 X173.11 Y64.507 E6.76581
;WIDTH:0.553225
G1 X173.129 Y64.431 E6.77059
;WIDTH:0.591349
G1 X173.148 Y64.354 E6.7758
G1 X173.216 Y64.33 E6.78054
;WIDTH:0.557459
G1 X173.283 Y64.305 E6.78494
;WIDTH:0.52357
G1 X173.35 Y64.28 E6.78904
;WIDTH:0.489681
G1 X174.114 Y64.182 E6.8299
;WIDTH:0.471451
G1 X174.4 Y64.119 E6.84477
G1 X178.668 Y62.618 E7.07448
;WIDTH:0.449857
G1 X179.71 Y61.977 E7.1333
;WIDTH:0.442959
G1 X180.935 Y61.225 E7.20117
;WIDTH:0.446431
G1 X180.981 Y61.201 E7.20364
;WIDTH:0.447742
G1 X181.225 Y61.181 E7.21535
;WIDTH:0.45
G1 X193.66 Y61.179 E7.81343
G1 X193.66 Y60.445 E7.84873
G1 X182.218 Y60.445 E8.39905
G1 X181.067 Y61.148 E8.46392
;WIDTH:0.447345
G1 X181.032 Y61.181 E8.46622
G1 X182.321 Y60.812 F7800
;WIDTH:0.413389
G1 F1200
G1 X193.292 Y60.812 E8.94379
G1 E6.94379 F2400
G92 E0
G1 X180.254 Y62.091 F7800
G1 E2 F2400
;TYPE:Internal infill
;WIDTH:0.45
G1 F1200
G1 X193.274 Y75.111 E2.88561
G1 X193.274 Y74.729 E2.90398
G1 X173.49 Y80.03 E3.88909
G1 X173.49 Y77.142 E4.02799
G1 X193.274 Y96.925 E5.37364
G1 X193.274 Y98.683 E5.45819
G1 X173.49 Y103.984 E6.4433
G1 X173.49 Y102.822 E6.49919
G1 X184.545 Y61.565 E8.55351
G1 X182.807 Y61.565 E8.6371
G1 X179.823 Y62.365 E8.78569
G1 X178.802 Y62.986 E8.84317
G1 X177.749 Y63.361 E8.89693
G1 E6.89693 F2400
G92 E0
G1 X173.49 Y72.046 F7800
G1 E2 F2400
G1 F1200
G1 X193.274 Y66.745 E2.98511
G1 X193.274 Y64.204 E3.10732
G1 X190.635 Y61.565 E3.28682
G1 X192.53 Y61.565 E3.37796
G1 X173.49 Y132.62 E6.91603
G1 X173.49 Y135.922 E7.07484
G1 X193.274 Y130.621 E8.05995
G1 X193.274 Y129.646 E8.10684
G1 X173.49 Y109.863 E9.45249
G1 X173.49 Y111.968 E9.55373
G1 X193.274 Y106.667 E10.53884
G1 X193.274 Y107.832 E10.59487
G1 X173.49 Y88.015 E11.94168
G1 X193.274 Y82.714 E12.92679
G1 X193.274 Y80.4 E13.03809
G1 E11.03809 F2400
G92 E0
G1 X193.274 Y93.012 F7800
G1 E2 F2400
G1 F1200
G1 X193.274 Y90.698 E2.1113
G1 X173.49 Y95.999 E3.09641
G1 X173.49 Y98.956 E3.23863
G1 X193.274 Y118.739 E4.58428
G1 X193.274 Y118.384 E4.60135
G1 X183.78 Y153.817 E6.36567
G1 X184.724 Y153.817 E6.41107
G1 X173.49 Y142.583 E7.17519
G1 X173.49 Y143.906 E7.23882
G1 X193.274 Y138.605 E8.22393
G1 X193.274 Y140.553 E8.31762
G1 X173.49 Y120.77 E9.66327
G1 X173.49 Y119.953 E9.70256
G1 X193.274 Y114.652 E10.68767
G1 X193.274 Y112.338 E10.79897
G1 E8.79897 F2400
G92 E0
G1 X193.274 Y124.95 F7800
G1 E2 F2400
G1 F1200
G1 X193.274 Y122.636 E2.1113
G1 X173.49 Y127.937 E3.09641
G1 X173.49 Y125.623 E3.20771
G1 E1.20771 F2400
G92 E0
G1 X173.49 Y131.676 F7800
G1 E2 F2400
G1 F1200
G1 X193.274 Y151.46 E3.34568
G1 X193.274 Y152.669 E3.40383
G1 X193.66 Y152.613 E3.42259
G1 X193.66 Y153.817 E3.4805
G1 X191.764 Y153.817 E3.57169
G1 X193.274 Y148.182 E3.85228
G1 X193.274 Y146.589 E3.9289
G1 X173.49 Y151.89 E4.91401
G1 X173.49 Y153.432 E4.98817
G1 X175.898 Y153.432 E5.10399
G1 X193.274 Y88.585 E8.33294
G1 X193.274 Y86.018 E8.4564
G1 X173.49 Y66.235 E9.80205
G1 X173.49 Y64.672 E9.87722
G1 X174.397 Y64.539 E9.92131
G1 X175.906 Y64.01 E9.99822
G1 X173.49 Y73.023 E10.44702
G1 X173.49 Y75.337 E10.55832
G1 E8.55832 F2400
G92 E0
G1 X193.66 Y152.223 F7800
G1 E2 F2400
;TYPE:Solid infill
;WIDTH:0.450029
G1 F1200
G1 X193.66 Y63.913 E6.24772
G1 E4.24772 F2400
G92 E0
G1 X166.351 Y154.107 F7800
G1 E2 F2400
;TYPE:Perimeter
;WIDTH:0.45
G1 F1500
G1 X145.191 Y154.107 E3.01772
G1 X145.191 Y142.57 E3.57261
G1 X145.134 Y142.244 E3.58853
G1 X144.944 Y141.926 E3.60635
G1 X144.696 Y141.727 E3.62164
G1 X144.227 Y141.606 E3.64494
G1 X144.061 Y141.62 E3.65295
G1 X143.745 Y141.735 E3.66912
G1 X108.492 Y162.088 E5.62696
G1 X108.304 Y162.229 E5.63826
G1 X108.143 Y162.434 E5.6508
G1 X108.037 Y162.695 E5.66435
G1 X108.01 Y162.923 E5.67539
G1 X108.01 Y163.966 E5.72555
G1 X104.752 Y163.966 E5.88225
G1 X104.752 Y140.584 E7.00684
G1 X144.227 Y140.584 E8.90545
G1 X144.696 Y140.462 E8.92876
G1 X144.944 Y140.264 E8.94402
G1 X145.134 Y139.946 E8.96184
G1 X145.191 Y139.62 E8.97776
G1 X145.191 Y60.156 E12.7997
G1 X157.004 Y60.156 E13.36786
G1 X160.509 Y62.319 E13.56595
G1 X164.947 Y63.873 E13.79211
G1 X166.351 Y64.033 E13.86007
G1 X166.351 Y154.047 E18.18943
G1 X166.737 Y154.492 F7800
G1 F1500
G1 X144.806 Y154.492 E19.24423
G1 X144.804 Y142.533 E19.81942
G1 X144.723 Y142.273 E19.83252
G1 X144.509 Y142.064 E19.84691
G1 X144.227 Y141.991 E19.86092
G1 X143.938 Y142.069 E19.87532
G1 X108.684 Y162.422 E21.8332
G1 X108.475 Y162.63 E21.84738
G1 X108.395 Y162.923 E21.86199
G1 X108.395 Y164.352 E21.93072
G1 X104.366 Y164.352 E22.1245
G1 X104.366 Y140.198 E23.28622
G1 X144.227 Y140.198 E25.2034
G1 X144.509 Y140.125 E25.21741
G1 X144.658 Y140.006 E25.22658
G1 X144.755 Y139.857 E25.23513
G1 X144.806 Y139.62 E25.24679
G1 X144.806 Y59.77 E29.0873
G1 X157.114 Y59.77 E29.67927
G1 X160.676 Y61.969 E29.88061
G1 X165.034 Y63.495 E30.10269
G1 X166.737 Y63.689 E30.18513
G1 X166.737 Y154.432 E34.54955
G1 X167.123 Y154.878 F7800
;TYPE:External perimeter
G1 F1500
G1 X144.42 Y154.878 E35.64149
G1 X144.42 Y142.57 E36.23346
G1 X144.371 Y142.441 E36.2401
G1 X144.227 Y142.377 E36.24768
G1 X144.131 Y142.403 E36.25246
G1 X108.843 Y162.776 E38.21224
G1 X108.781 Y162.923 E38.21991
G1 X108.781 Y164.738 E38.30721
G1 X103.981 Y164.738 E38.53807
G1 X103.981 Y139.813 E39.73688
G1 X144.227 Y139.813 E41.67257
G1 X144.371 Y139.749 E41.68015
G1 X144.42 Y139.62 E41.68679
G1 X144.42 Y59.479 E45.54129
;TYPE:Overhang perimeter
;WIDTH:0.4
;HEIGHT:0.4
M106 S255
G1 X144.42 Y59.384 E45.54625
G1 X157.223 Y59.384 E46.21514
G1 X157.376 Y59.479 E46.22455
M107
;TYPE:External perimeter
;WIDTH:0.45
;HEIGHT:0.3
G1 X160.843 Y61.619 E46.42051
G1 X165.12 Y63.117 E46.63847
G1 X167.123 Y63.345 E46.73543
G1 X167.123 Y154.818 E51.13496
G1 X166.727 Y154.877 F7800
G1 E49.13496 F2400
G92 E0
G1 X164.838 Y153.432 F7800
G1 E2 F2400
;TYPE:Internal infill
;WIDTH:0.45
G1 F1200
G1 X162.525 Y153.432 E2.11125
G1 X145.866 Y136.773 E3.24438
G1 X145.866 Y135.339 E3.31335
G1 X165.65 Y130.038 E4.29846
G1 X165.65 Y132.084 E4.39687
G1 X159.826 Y153.817 E5.47903
G1 X157.512 Y153.817 E5.59033
G1 E3.59033 F2400
G92 E0
G1 X145.48 Y153.182 F7800
G1 E2 F2400
G1 F1200
G1 X145.479 Y152.588 E2.02857
G1 X145.865 Y152.639 E2.0473
G1 X145.864 Y151.308 E2.11132
G1 X165.65 Y146.007 E3.09652
G1 X165.65 Y145.65 E3.11369
G1 X145.866 Y125.866 E4.45937
G1 X145.866 Y127.355 E4.53099
G1 X165.65 Y122.054 E5.5161
G1 X165.65 Y123.836 E5.60181
G1 X145.866 Y104.052 E6.94749
G1 X145.866 Y103.401 E6.9788
G1 X165.65 Y98.1 E7.96391
G1 X165.65 Y95.786 E8.07521
G1 E6.07521 F2400
G92 E0
G1 X165.65 Y108.398 F7800
G1 E2 F2400
G1 F1200
G1 X165.65 Y106.085 E2.11125
G1 X145.866 Y111.386 E3.09636
G1 X145.866 Y114.959 E3.26821
G1 X165.65 Y134.743 E4.61389
G1 X165.65 Y138.022 E4.7716
G1 X145.857 Y143.326 E5.75716
G1 X145.857 Y142.366 E5.80333
G1 X145.773 Y142.019 E5.8205
G1 X145.44 Y141.462 E5.85171
G1 X145.171 Y141.246 E5.8683
G1 E3.8683 F2400
G92 E0
G1 X142.83 Y141.484 F7800
G1 E2 F2400
G1 F1200
G1 X140.827 Y142.641 E2.11125
G1 X139.445 Y141.259 E2.20525
G1 X139.238 Y141.259 E2.21521
G1 X138.509 Y143.979 E2.35065
G1 X134.255 Y146.435 E2.5869
G1 X105.427 Y154.159 E4.02233
G1 X105.427 Y156.473 E4.13363
G1 E2.13363 F2400
G92 E0
G1 X105.041 Y160.492 F7800
G1 E2 F2400
;TYPE:Solid infill
;WIDTH:0.450031
G1 F1200
G1 X105.041 Y154.332 E2.2963
G1 E.2963 F2400
G92 E0
G1 X105.041 Y150.613 F7800
G1 E2 F2400
;WIDTH:0.450029
G1 F1200
G1 X105.041 Y148.784 E2.08798
G1 E.08798 F2400
G92 E0
G1 X105.041 Y143.964 F7800
G1 E2 F2400
;TYPE:Internal infill
;WIDTH:0.45
G1 F1200
G1 X105.041 Y146.278 E2.1113
G1 X123.773 Y141.259 E3.04402
G1 X126.087 Y141.259 E3.15532
G1 E1.15532 F2400
G92 E0
G1 X123.269 Y141.259 F7800
G1 E2 F2400
G1 F1200
G1 X119.618 Y154.886 E2.67853
G1 X120.082 Y154.617 E2.70433
G1 X106.724 Y141.259 E3.61293
G1 X107.3 Y141.259 E3.64063
G1 X105.427 Y148.25 E3.98873
G1 X105.427 Y150.869 E4.11469
G1 X113.168 Y158.609 E4.64119
G1 X115.171 Y157.453 E4.75242
G1 E2.75242 F2400
G92 E0
G1 X108.672 Y161.651 F7800
G1 E2 F2400
;TYPE:Solid infill
;WIDTH:0.450029
G1 F1200
G1 X143.593 Y141.489 E3.93956
G1 X144.032 Y141.335 E3.96194
G1 X144.285 Y141.328 E3.97411
G1 X144.794 Y141.461 E3.99941
;WIDTH:0.449187
G1 X145.171 Y141.751 E4.02224
;WIDTH:0.460557
G1 X145.358 Y142.058 E4.04
G1 X145.471 Y142.434 E4.0594
;WIDTH:0.450041
G1 X145.479 Y152.199 E4.52911
G1 E2.52911 F2400
G92 E0
G1 X133.912 Y146.633 F7800
G1 E2 F2400
;TYPE:Internal infill
;WIDTH:0.45
G1 F1200
G1 X128.538 Y141.259 E2.36553
G1 X131.253 Y141.259 E2.49611
G1 X129.063 Y149.432 E2.90307
G1 X126.997 Y150.625 E3.01781
G1 X117.631 Y141.259 E3.65487
G1 X115.285 Y141.259 E3.7677
G1 X110.172 Y160.339 E4.71776
G1 X108.449 Y161.334 E4.81346
G1 X105.041 Y162.247 E4.98315
G1 X105.041 Y161.39 E5.02437
G1 X107.328 Y163.677 E5.17993
G1 X105.041 Y163.651 E5.28993
G1 E3.28993 F2400
G92 E0
G1 X106.793 Y140.873 F7800
G1 E2 F2400
;TYPE:Solid infill
;WIDTH:0.450029
G1 F1200
G1 X144.215 Y140.873 E3.8
G1 X144.797 Y140.727 E3.82886
;WIDTH:0.472141
G1 X145.152 Y140.45 E3.85176
G1 X145.292 Y140.265 E3.86356
;WIDTH:0.464771
G1 X145.428 Y139.948 E3.88079
;WIDTH:0.449805
G1 X145.48 Y139.615 E3.89699
;WIDTH:0.450029
G1 X145.48 Y63.544 E7.55602
G1 E5.55602 F2400
G92 E0
G1 X152.607 Y61.565 F7800
G1 E2 F2400
;TYPE:Internal infill
;WIDTH:0.45
G1 F1200
G1 X145.866 Y86.724 E3.25274
G1 X145.866 Y87.432 E3.28679
G1 X165.65 Y82.131 E4.2719
G1 X165.65 Y80.208 E4.36439
G1 X147.007 Y61.565 E5.63247
G1 X145.48 Y61.565 E5.70591
G1 X145.48 Y63.155 E5.78238
G1 X145.866 Y63.104 E5.80111
G1 X145.866 Y63.479 E5.81915
G1 X153.009 Y61.565 E6.17482
G1 X157.914 Y61.565 E6.41073
G1 X165.65 Y69.301 E6.93692
G1 X165.65 Y66.162 E7.0879
G1 X145.866 Y71.463 E8.07301
G1 X145.866 Y71.331 E8.07936
G1 X165.65 Y91.115 E9.42504
G1 X165.65 Y90.116 E9.47309
G1 X145.866 Y95.417 E10.4582
G1 X145.866 Y93.145 E10.56748
G1 X165.65 Y112.929 E11.91316
G1 X165.65 Y114.069 E11.96799
G1 X145.866 Y119.37 E12.9531
G1 X145.866 Y116.522 E13.09008
G1 X160.228 Y62.923 E15.75895
G1 X162.399 Y63.716 E15.87012
G1 E13.87012 F2400
G92 E0
G1 X158.154 Y61.199 F7800
G1 E2 F2400
;TYPE:Solid infill
;WIDTH:0.449089
G1 F1200
G1 X158.201 Y61.224 E2.00255
;WIDTH:0.443961
G1 X159.303 Y61.9 E2.06376
;WIDTH:0.455811
G1 X160.471 Y62.618 E2.1307
;WIDTH:0.472119
G1 X164.74 Y64.119 E2.36083
;WIDTH:0.488937
G1 X165.066 Y64.197 E2.37858
;WIDTH:0.489595
G1 X165.784 Y64.28 E2.41691
;WIDTH:0.523513
G1 X165.853 Y64.304 E2.42109
;WIDTH:0.557432
G1 X165.922 Y64.329 E2.4256
;WIDTH:0.59135
G1 X165.992 Y64.354 E2.43049
G1 X166.011 Y64.431 E2.4357
;WIDTH:0.553227
G1 X166.03 Y64.507 E2.44048
;WIDTH:0.515103
G1 X166.049 Y64.583 E2.44488
;WIDTH:0.476989
G1 X166.049 Y153.624 E7.02717
;WIDTH:0.504811
G1 X166.035 Y153.7 E7.03142
;WIDTH:0.532633
G1 X166.021 Y153.776 E7.03593
G1 X165.932 Y153.797 E7.04127
;WIDTH:0.491332
G1 X165.842 Y153.817 E7.04618
;WIDTH:0.450031
G1 X162.672 Y153.817 E7.19866
G1 E5.19866 F2400
G92 E0
G1 X145.673 Y61.179 F7800
G1 E2 F2400
;WIDTH:0.45
G1 F1200
G1 X158.059 Y61.18 E2.59572
;WIDTH:0.449323
G1 X158.154 Y61.199 E2.60037
;WIDTH:0.45
G1 X156.922 Y60.445 E2.66984
G1 X145.48 Y60.445 E3.22016
G1 X145.48 Y61.179 E3.25546
G1 X145.848 Y60.812 E3.28046
;WIDTH:0.413391
G1 X156.819 Y60.812 E3.75803
G1 E1.75803 F2400
G92 E0
G1 X165.65 Y70.173 F7800
G1 E2 F2400
;TYPE:Internal infill
;WIDTH:0.45
G1 F1200
G1 X165.65 Y72.487 E2.1113
G1 X145.86 Y146.343 E5.78883
G1 X145.861 Y147.675 E5.85289
G1 X152.003 Y153.817 E6.27066
G1 X151.842 Y153.817 E6.2784
G1 X165.65 Y102.286 E8.8443
G1 X165.65 Y102.022 E8.857
G1 X145.866 Y82.238 E10.20268
G1 X145.866 Y79.448 E10.33687
G1 X165.65 Y74.147 E11.32198
G1 X165.65 Y76.461 E11.43328
G1 E9.43328 F2400
G92 E0
G1 X61.014 Y60.299 F7800
G1 E2 F2400
;TYPE:Perimeter
;WIDTH:0.45
G1 F1500
G1 X61.032 Y60.286 E2.00107
G1 X61.231 Y59.979 E2.01867
G1 X61.301 Y59.618 E2.03636
G1 X61.301 Y46.034 E2.6897
G1 X140.199 Y46.034 E6.48442
G1 X140.199 Y46.393 E6.50169
G1 X56.374 Y135.591 E12.38893
G1 X56.051 Y135.591 E12.40447
G1 X56.051 Y60.582 E16.01214
G1 X60.439 Y60.582 E16.22319
G1 X60.756 Y60.486 E16.23912
G1 X60.965 Y60.334 E16.25155
G1 X60.736 Y60.016 F7800
G1 F1500
G1 X60.843 Y59.899 E16.25918
G1 X60.916 Y59.618 E16.27314
G1 X60.916 Y45.648 E16.94505
G1 X140.584 Y45.648 E20.7768
G1 X140.584 Y46.545 E20.81994
G1 X56.541 Y135.977 E26.72256
G1 X55.666 Y135.977 E26.76464
G1 X55.666 Y60.196 E30.40944
G1 X60.402 Y60.196 E30.63723
G1 X60.662 Y60.096 E30.65063
G1 X60.695 Y60.06 E30.65298
G1 X60.472 Y59.745 F7800
;TYPE:External perimeter
G1 F1500
G1 X60.53 Y59.618 E30.6597
G1 X60.53 Y45.262 E31.35017
G1 X140.97 Y45.262 E35.21905
G1 X140.97 Y46.698 E35.28812
G1 X56.708 Y136.363 E41.20612
G1 X55.28 Y136.363 E41.2748
G1 X55.28 Y59.81 E44.95673
G1 X60.337 Y59.81 E45.19995
G1 X60.426 Y59.777 E45.20452
G1 X60.522 Y59.389 F7800
G1 E43.20452 F2400
G92 E0
G1 X92.085 Y97.169 F7800
G1 E2 F2400
;TYPE:Internal infill
;WIDTH:0.45
G1 F1200
G1 X93.669 Y95.483 E2.11126
G1 X59.05 Y60.864 E4.466
G1 X56.98 Y60.869 E4.56556
G1 X56.34 Y63.257 E4.68447
G1 X56.34 Y63.514 E4.69683
G1 X120.498 Y46.323 E7.89146
G1 X120.858 Y46.323 E7.90877
G1 X130.658 Y56.123 E8.57535
G1 X129.894 Y56.935 E8.62897
G1 X132.738 Y46.323 E9.15738
G1 X131.765 Y46.323 E9.20418
G1 X135.942 Y50.5 E9.48829
G1 X136.358 Y50.058 E9.51748
G1 X56.34 Y71.498 E13.50183
G1 X56.34 Y69.061 E13.61904
G1 X88.385 Y101.106 E15.7987
G1 X89.969 Y99.42 E15.90996
G1 E13.90996 F2400
G92 E0
G1 X81.516 Y108.415 F7800
G1 E2 F2400
G1 F1200
G1 X83.101 Y106.729 E2.1113
G1 X56.34 Y79.968 E3.93155
G1 X56.34 Y79.483 E3.95488
G1 X126.329 Y60.729 E7.43987
G1 X125.374 Y61.746 E7.50697
G1 X109.951 Y46.323 E8.55602
G1 X108.785 Y46.323 E8.6121
G1 X96.387 Y92.591 E10.91594
G1 X96.243 Y92.744 E10.92605
G1 X56.34 Y103.436 E12.91295
G1 X56.34 Y101.782 E12.9925
G1 X72.533 Y117.975 E14.09393
G1 X74.049 Y116.361 E14.20043
G1 X92.816 Y46.323 E17.68785
G1 X90.7 Y46.323 E17.78962
G1 X61.59 Y54.123 E19.2391
G1 X61.59 Y52.497 E19.31731
G1 X98.953 Y89.86 E21.8587
G1 X104.237 Y84.237 E22.22982
G1 X66.323 Y46.323 E24.80869
G1 X68.862 Y46.323 E24.93081
G1 X56.34 Y93.055 E27.25775
G1 X56.34 Y95.452 E27.37304
G1 X106.272 Y82.073 E29.85931
G1 X107.556 Y80.706 E29.94951
G1 X116.769 Y46.323 E31.66155
G1 X114.455 Y46.323 E31.77285
G1 E29.77285 F2400
G92 E0
G1 X127.067 Y46.323 F7800
G1 E2 F2400
G1 F1200
G1 X124.754 Y46.323 E2.11125
G1 X118.725 Y68.82 E3.23146
G1 X120.09 Y67.369 E3.32728
G1 X99.044 Y46.323 E4.7588
G1 X100.8 Y46.323 E4.84326
G1 X85.218 Y104.476 E7.73889
G1 X86.214 Y103.416 E7.80885
G1 X56.34 Y111.421 E9.29638
G1 X56.34 Y112.689 E9.35737
G1 X67.249 Y123.597 E10.09935
G1 X66.157 Y124.759 E10.17604
G1 X56.34 Y127.389 E10.66485
G1 X56.34 Y134.503 E11.00701
G1 X56.68 Y134.843 E11.03014
G1 X58.265 Y133.157 E11.14144
G1 E9.14144 F2400
G92 E0
G1 X56.34 Y117.091 F7800
G1 E2 F2400
G1 F1200
G1 X56.34 Y119.405 E2.1113
G1 X76.185 Y114.088 E3.09944
G1 X77.817 Y112.352 E3.21404
G1 X56.34 Y90.875 E4.67488
G1 X56.34 Y87.467 E4.83879
G1 X116.3 Y71.401 E7.82439
G1 X114.806 Y72.992 E7.92936
G1 X88.137 Y46.323 E9.74335
G1 X84.831 Y46.323 E9.90236
G1 X62.88 Y128.246 E13.98157
G1 X61.965 Y129.22 E14.04585
G1 X56.34 Y123.596 E14.42842
G1 X56.34 Y122.854 E14.46411
G1 X76.847 Y46.323 E18.27484
G1 X77.23 Y46.323 E18.29326
G1 X109.521 Y78.614 E20.48966
G1 X111.106 Y76.928 E20.60096
;LAYER_CHANGE
;Z:3.05
;HEIGHT:0.3
G1 E18.60096 F2400
G92 E0
G1 Z3.05 F7800
;AFTER_LAYER_CHANGE
;3.05
G1 X59.438 Y142.107
G1 E2 F2400
;TYPE:Perimeter
;WIDTH:0.45
G1 F1500
G1 X59.442 Y142.116 E2.00047
G1 X59.604 Y142.321 E2.01304
G1 X59.791 Y142.462 E2.0243
G1 X97.038 Y163.966 E4.09288
G1 X56.051 Y163.966 E6.06421
G1 X56.051 Y140.584 E7.1888
G1 X59.309 Y140.584 E7.3455
G1 X59.309 Y141.788 E7.40341
G1 X59.416 Y142.052 E7.41711
G1 X59.772 Y141.911 F7800
G1 F1500
G1 X59.774 Y141.92 E7.41755
G1 X59.984 Y142.128 E7.43177
G1 X98.477 Y164.352 E9.56956
G1 X55.666 Y164.352 E11.62862
G1 X55.666 Y140.198 E12.79034
G1 X59.694 Y140.198 E12.98407
G1 X59.694 Y141.627 E13.0528
G1 X59.756 Y141.853 E13.06407
G1 X60.118 Y141.716 F7800
;TYPE:External perimeter
G1 F1500
G1 X60.176 Y141.794 E13.06875
G1 X99.916 Y164.738 E15.2758
G1 X55.28 Y164.738 E17.42264
G1 X55.28 Y139.813 E18.62145
G1 X60.08 Y139.813 E18.85231
G1 X60.08 Y141.665 E18.94138
G1 X60.082 Y141.668 E18.94155
G1 X60.398 Y141.914 F7800
G1 X59.02 Y141.222
;TYPE:Internal infill
;WIDTH:0.45
G1 F1200
G1 X59.02 Y141.633 E18.96132
G1 X59.115 Y142.075 E18.98306
G1 X58.598 Y141.936 E19.00881
G1 X58.362 Y142.817 E19.05268
G1 X56.34 Y143.358 E19.15335
G1 X56.34 Y145.41 E19.25204
G1 X57.387 Y146.457 E19.32326
G1 X57.3 Y146.779 E19.3393
G1 X57.758 Y147.363 E19.375
G1 X57.505 Y148.308 E19.42205
G1 X56.9 Y148.274 E19.45119
G1 X56.585 Y149.449 E19.5097
G1 X57.129 Y149.708 E19.53868
G1 X56.836 Y150.803 E19.5932
G1 X56.34 Y150.936 E19.6179
G1 X56.34 Y149.135 E19.70452
G1 E17.70452 F2400
G92 E0
G1 X56.34 Y157.095 F7800
G1 E2 F2400
G1 F1200
G1 X56.34 Y156.873 E2.01068
G1 X56.961 Y157.493 E2.05289
G1 X58.051 Y158.028 E2.11129
G1 X58.411 Y158.387 E2.13574
G1 X57.983 Y158.515 E2.15723
G1 X58.276 Y158.809 E2.17719
G1 X57.729 Y158.955 E2.20442
G1 X56.541 Y158.866 E2.26172
G1 X56.34 Y158.928 E2.27184
G1 X56.34 Y158.016 E2.3157
G1 E.3157 F2400
G92 E0
G1 X58.558 Y163.553 F7800
G1 E2 F2400
;TYPE:Bridge infill
;WIDTH:0.404891
;HEIGHT:0.4
M106 S255
G1 F1500
G1 X58.903 Y163.645 E2.01911
G1 X60.66 Y163.645 E2.11316
G1 X56.373 Y162.496 E2.35074
G1 X56.373 Y162.025 E2.37595
G1 X62.418 Y163.645 E2.71096
G1 X64.176 Y163.645 E2.80507
G1 X56.373 Y161.554 E3.2375
G1 X56.373 Y161.083 E3.26271
G1 X65.933 Y163.645 E3.79252
G1 X67.691 Y163.645 E3.88663
G1 X56.373 Y160.612 E4.51386
G1 X56.373 Y160.141 E4.53907
G1 X69.448 Y163.645 E5.26368
G1 X71.206 Y163.645 E5.35779
G1 X56.373 Y159.67 E6.17982
G1 X56.373 Y159.356 E6.19663
G1 X56.589 Y159.288 E6.20875
G1 X56.749 Y159.3 E6.21734
G1 X72.963 Y163.645 E7.11591
G1 X74.721 Y163.645 E7.21002
G1 X59.196 Y159.485 E8.0704
G1 X59.572 Y159.514 E8.09059
G1 X59.028 Y158.969 E8.13181
G1 X76.478 Y163.645 E9.09887
G1 X78.236 Y163.645 E9.19298
G1 X59.277 Y158.565 E10.24366
G1 X59.787 Y158.413 E10.27215
G1 X58.965 Y158.01 E10.32116
G1 X79.994 Y163.645 E11.48656
G1 X81.751 Y163.645 E11.58061
G1 X57.098 Y157.039 E12.94685
G1 X56.446 Y156.393 E12.99598
G1 X83.509 Y163.645 E14.49578
G1 X85.266 Y163.645 E14.58983
G1 X56.373 Y155.903 E16.19104
G1 X56.373 Y155.432 E16.21625
G1 X87.024 Y163.645 E17.91489
G1 X88.781 Y163.645 E18.00894
G1 X56.373 Y154.961 E19.80495
G1 X56.373 Y154.49 E19.83016
G1 X90.539 Y163.645 E21.7236
G1 X92.297 Y163.645 E21.81771
G1 X56.373 Y154.019 E23.80857
G1 X56.373 Y153.548 E23.83378
G1 X94.054 Y163.645 E25.92202
G1 X95.812 Y163.645 E26.01613
G1 X56.373 Y153.077 E28.20179
G1 X56.373 Y152.606 E28.227
G1 X94.339 Y162.78 E30.33104
G1 X92.817 Y161.901 E30.42512
G1 X56.373 Y152.135 E32.44481
G1 X56.373 Y151.692 E32.46852
G1 X56.401 Y151.672 E32.47036
G1 X91.295 Y161.022 E34.40414
G1 X89.773 Y160.143 E34.49822
G1 X56.683 Y151.277 E36.33202
G1 X57.562 Y151.041 E36.38074
G1 X88.251 Y159.264 E38.08148
G1 X86.729 Y158.386 E38.17554
G1 X58.441 Y150.806 E39.74323
G1 X59.32 Y150.57 E39.79195
G1 X85.207 Y157.507 E41.22658
G1 X83.685 Y156.628 E41.32066
G1 X58.411 Y149.856 E42.72131
G1 X57.079 Y149.222 E42.80028
G1 X57.127 Y149.041 E42.8103
G1 X82.162 Y155.749 E44.19771
G1 X80.64 Y154.87 E44.29179
G1 X57.763 Y148.741 E45.55959
G1 X59.822 Y148.856 E45.66998
G1 X59.774 Y148.808 E45.67361
G1 X79.118 Y153.992 E46.74564
G1 X77.596 Y153.113 E46.83972
G1 X59.131 Y148.165 E47.86303
G1 X58.487 Y147.522 E47.91175
G1 X76.074 Y152.234 E48.88639
G1 X74.552 Y151.355 E48.98047
G1 X57.926 Y146.9 E49.90186
G1 X57.758 Y146.686 E49.91642
G1 X57.833 Y146.405 E49.93199
G1 X73.03 Y150.477 E50.77419
G1 X71.508 Y149.598 E50.86827
G1 X57.951 Y145.965 E51.61959
G1 X58.069 Y145.526 E51.64392
G1 X69.986 Y148.719 E52.30434
G1 X68.464 Y147.84 E52.39842
G1 X58.187 Y145.086 E52.96796
G1 X58.304 Y144.647 E52.99228
G1 X66.942 Y146.961 E53.47098
G1 X65.419 Y146.083 E53.56508
G1 X58.422 Y144.208 E53.95285
G1 X58.54 Y143.768 E53.97724
G1 X63.897 Y145.204 E54.27413
G1 X62.375 Y144.325 E54.36821
G1 X58.657 Y143.329 E54.57425
G1 X58.775 Y142.89 E54.59858
G1 X60.853 Y143.446 E54.71373
G1 X59.623 Y142.736 E54.78975
G1 X59.437 Y142.596 E54.80221
G1 X58.697 Y142.398 E54.84322
M107
G1 E52.84322 F2400
G92 E0
G1 X170.779 Y155.749 F7800
G1 E2 F2400
;TYPE:Perimeter
;WIDTH:0.521566
;HEIGHT:0.3
G1 F1200
G1 X171.053 Y156.206 E2.03038
G1 X168.087 Y156.206 E2.19951
G1 X168.361 Y155.749 E2.22989
G1 X170.719 Y155.749 E2.36435
G1 X171.018 Y155.328 F7800
;TYPE:External perimeter
;WIDTH:0.45
G1 F1200
G1 X171.798 Y156.628 E2.43727
G1 X167.342 Y156.628 E2.65159
G1 X168.122 Y155.328 E2.72451
G1 X170.958 Y155.328 E2.86091
G1 X171.203 Y155.644 F7800
G1 E.86091 F2400
G92 E0
G1 X172.623 Y154.107 F7800
G1 E2 F2400
;TYPE:Perimeter
G1 F1500
G1 X172.623 Y64.225 E6.32301
G1 X174.193 Y64.047 E6.39901
G1 X178.631 Y62.492 E6.62519
G1 X182.624 Y60.027 E6.85089
G1 X183.067 Y59.636 E6.87931
G1 X193.949 Y59.636 E7.4027
G1 X193.949 Y154.107 E11.94643
G1 X172.683 Y154.107 E12.96925
G1 X172.237 Y154.492 F7800
G1 F1500
G1 X172.237 Y63.881 E17.32732
G1 X174.106 Y63.668 E17.41779
G1 X178.464 Y62.142 E17.63987
G1 X182.472 Y59.668 E17.86641
G1 X182.913 Y59.25 E17.89563
G1 X194.334 Y59.25 E18.44494
G1 X194.334 Y154.492 E23.02575
G1 X172.297 Y154.492 E24.08565
G1 X171.852 Y154.878 F7800
;TYPE:External perimeter
G1 F1500
G1 X171.852 Y63.537 E28.47883
G1 X174.02 Y63.29 E28.58378
G1 X178.297 Y61.792 E28.80174
G1 X182.236 Y59.361 E29.02437
G1 X182.659 Y58.959 E29.05244
;TYPE:Overhang perimeter
;WIDTH:0.4
;HEIGHT:0.4
M106 S255
G1 X182.759 Y58.865 E29.05961
G1 X194.72 Y58.865 E29.68451
G1 X194.72 Y58.959 E29.68942
M107
;TYPE:External perimeter
;WIDTH:0.45
;HEIGHT:0.3
G1 X194.72 Y154.878 E34.30279
G1 X171.912 Y154.878 E35.39978
G1 X171.852 Y154.482 F7800
G1 X172.742 Y153.331
;TYPE:Bridge infill
;WIDTH:0.401387
;HEIGHT:0.4
M106 S255
G1 F1500
G1 X176.402 Y153.749 E35.59358
G1 X176.036 Y153.579 E35.61481
G1 X176.12 Y153.262 E35.63206
G1 X172.944 Y152.9 E35.80022
G1 X172.944 Y152.446 E35.8241
G1 X176.239 Y152.822 E35.99857
G1 X176.357 Y152.381 E36.02259
G1 X172.944 Y151.991 E36.20331
G1 X172.944 Y151.537 E36.22719
G1 X183.503 Y152.742 E36.78628
G1 X183.711 Y152.311 E36.81146
G1 X172.944 Y151.083 E37.38156
G1 X172.944 Y150.628 E37.4055
G1 X192.206 Y152.826 E38.42541
G1 X192.324 Y152.385 E38.44943
G1 X172.944 Y150.174 E39.47558
G1 X172.944 Y149.72 E39.49946
G1 X193.627 Y152.08 E40.59461
G1 X193.627 Y151.625 E40.61855
G1 X172.944 Y149.265 E41.7137
G1 X172.944 Y148.811 E41.73758
G1 X193.627 Y151.171 E42.83273
G1 X193.627 Y150.717 E42.85661
G1 X172.944 Y148.357 E43.95176
G1 X172.944 Y147.902 E43.9757
G1 X193.627 Y150.262 E45.07085
G1 X193.627 Y149.808 E45.09473
G1 X172.944 Y147.448 E46.18988
G1 X172.944 Y146.994 E46.21376
G1 X193.627 Y149.354 E47.30891
G1 X193.627 Y148.9 E47.33279
G1 X172.944 Y146.54 E48.42794
G1 X172.944 Y146.085 E48.45188
G1 X193.627 Y148.445 E49.54703
G1 X193.627 Y147.991 E49.57091
G1 X172.944 Y145.631 E50.66606
G1 X172.944 Y145.177 E50.68994
G1 X193.627 Y147.537 E51.78509
G1 X193.627 Y147.082 E51.80903
G1 X172.944 Y144.722 E52.90418
G1 X172.944 Y144.268 E52.92806
G1 X193.627 Y146.628 E54.02321
G1 X193.627 Y146.174 E54.04709
G1 X172.944 Y143.814 E55.14224
G1 X172.944 Y143.359 E55.16618
G1 X193.627 Y145.719 E56.26133
G1 X193.627 Y145.265 E56.28521
G1 X172.944 Y142.905 E57.38036
G1 X172.944 Y142.451 E57.40424
G1 X193.627 Y144.811 E58.49939
G1 X193.627 Y144.356 E58.52333
G1 X172.944 Y141.996 E59.61848
G1 X172.944 Y141.542 E59.64236
G1 X193.627 Y143.902 E60.73751
G1 X193.627 Y143.448 E60.76139
G1 X172.944 Y141.088 E61.85654
G1 X172.944 Y140.633 E61.88048
G1 X193.627 Y142.993 E62.97563
G1 X193.627 Y142.539 E62.99951
G1 X172.944 Y140.179 E64.09466
G1 X172.944 Y139.725 E64.11854
G1 X193.627 Y142.085 E65.21369
G1 X193.627 Y141.63 E65.23763
G1 X172.944 Y139.27 E66.33278
G1 X172.944 Y138.816 E66.35666
G1 X193.627 Y141.176 E67.45181
G1 X193.627 Y140.722 E67.47569
G1 X172.944 Y138.362 E68.57084
G1 X172.944 Y137.908 E68.59472
G1 X193.627 Y140.268 E69.68987
G1 X193.627 Y139.813 E69.71381
G1 X172.944 Y137.453 E70.80896
G1 X172.944 Y136.999 E70.83284
G1 X193.627 Y139.359 E71.92799
G1 X193.627 Y138.905 E71.95187
G1 X172.944 Y136.545 E73.04702
G1 X172.944 Y136.09 E73.07096
G1 X193.627 Y138.45 E74.16611
G1 X193.627 Y137.996 E74.18999
G1 X172.944 Y135.636 E75.28514
G1 X172.944 Y135.182 E75.30902
G1 X193.627 Y137.542 E76.40417
G1 X193.627 Y137.087 E76.42811
G1 X172.944 Y134.727 E77.52326
G1 X172.944 Y134.273 E77.54714
G1 X193.627 Y136.633 E78.64229
G1 X193.627 Y136.179 E78.66617
G1 X172.944 Y133.819 E79.76132
G1 X172.944 Y133.364 E79.78526
G1 X193.627 Y135.724 E80.88041
G1 X193.627 Y135.27 E80.90429
G1 X172.944 Y132.91 E81.99944
G1 X172.944 Y132.456 E82.02332
G1 X193.627 Y134.816 E83.11847
G1 X193.627 Y134.361 E83.14241
G1 X172.944 Y132.001 E84.23756
G1 X172.944 Y131.547 E84.26144
G1 X193.627 Y133.907 E85.35659
G1 X193.627 Y133.453 E85.38047
G1 X172.944 Y131.093 E86.47562
G1 X172.944 Y130.638 E86.49956
G1 X193.627 Y132.998 E87.59471
G1 X193.627 Y132.544 E87.61859
G1 X172.944 Y130.184 E88.71374
G1 X172.944 Y129.73 E88.73762
G1 X193.627 Y132.09 E89.83277
G1 X193.627 Y131.636 E89.85665
G1 X172.944 Y129.276 E90.9518
G1 X172.944 Y128.821 E90.97574
G1 X193.627 Y131.181 E92.07089
G1 X193.627 Y130.727 E92.09477
G1 X172.944 Y128.367 E93.18992
G1 X172.944 Y127.913 E93.2138
G1 X193.627 Y130.273 E94.30895
G1 X193.627 Y129.818 E94.33289
G1 X172.944 Y127.458 E95.42804
G1 X172.944 Y127.004 E95.45192
G1 X193.627 Y129.364 E96.54707
G1 X193.627 Y128.91 E96.57095
G1 X172.944 Y126.55 E97.6661
G1 X172.944 Y126.095 E97.69004
G1 X193.627 Y128.455 E98.78519
G1 X193.627 Y128.001 E98.80907
G1 X172.944 Y125.641 E99.90422
G1 X172.944 Y125.187 E99.9281
G1 X193.627 Y127.547 E101.02325
G1 X193.627 Y127.092 E101.04719
G1 X172.944 Y124.732 E102.14234
G1 X172.944 Y124.278 E102.16622
G1 X193.627 Y126.638 E103.26137
G1 X193.627 Y126.184 E103.28525
G1 X172.944 Y123.824 E104.3804
G1 X172.944 Y123.369 E104.40434
G1 X193.627 Y125.729 E105.49949
G1 X193.627 Y125.275 E105.52337
G1 X172.944 Y122.915 E106.61852
G1 X172.944 Y122.461 E106.6424
G1 X193.627 Y124.821 E107.73755
G1 X193.627 Y124.366 E107.76149
G1 X172.944 Y122.006 E108.85664
G1 X172.944 Y121.552 E108.88052
G1 X193.627 Y123.912 E109.97567
G1 X193.627 Y123.458 E109.99955
G1 X172.944 Y121.098 E111.0947
G1 X172.944 Y120.644 E111.11858
G1 X193.627 Y123.004 E112.21373
G1 X193.627 Y122.549 E112.23767
G1 X172.944 Y120.189 E113.33282
G1 X172.944 Y119.735 E113.3567
G1 X193.627 Y122.095 E114.45185
G1 X193.627 Y121.641 E114.47573
G1 X172.944 Y119.281 E115.57088
G1 X172.944 Y118.826 E115.59482
G1 X193.627 Y121.186 E116.68997
G1 X193.627 Y120.732 E116.71385
G1 X172.944 Y118.372 E117.809
G1 X172.944 Y117.918 E117.83288
G1 X193.627 Y120.278 E118.92803
G1 X193.627 Y119.823 E118.95197
G1 X172.944 Y117.463 E120.04712
G1 X172.944 Y117.009 E120.071
G1 X193.627 Y119.369 E121.16615
G1 X193.627 Y118.915 E121.19003
G1 X172.944 Y116.555 E122.28518
G1 X172.944 Y116.1 E122.30912
G1 X193.627 Y118.46 E123.40427
G1 X193.627 Y118.006 E123.42815
G1 X172.944 Y115.646 E124.5233
G1 X172.944 Y115.192 E124.54718
G1 X193.627 Y117.552 E125.64233
G1 X193.627 Y117.097 E125.66627
G1 X172.944 Y114.737 E126.76142
G1 X172.944 Y114.283 E126.7853
G1 X193.627 Y116.643 E127.88045
G1 X193.627 Y116.189 E127.90433
G1 X172.944 Y113.829 E128.99948
G1 X172.944 Y113.374 E129.02342
G1 X193.627 Y115.734 E130.11857
G1 X193.627 Y115.28 E130.14245
G1 X172.944 Y112.92 E131.2376
G1 X172.944 Y112.466 E131.26148
G1 X193.627 Y114.826 E132.35663
G1 X193.627 Y114.372 E132.38051
G1 X172.944 Y112.012 E133.47566
G1 X172.944 Y111.557 E133.4996
G1 X193.627 Y113.917 E134.59475
G1 X193.627 Y113.463 E134.61863
G1 X172.944 Y111.103 E135.71378
G1 X172.944 Y110.649 E135.73766
G1 X193.627 Y113.009 E136.83281
G1 X193.627 Y112.554 E136.85675
G1 X172.944 Y110.194 E137.9519
G1 X172.944 Y109.74 E137.97578
G1 X193.627 Y112.1 E139.07093
G1 X193.627 Y111.646 E139.09481
G1 X172.944 Y109.286 E140.18996
G1 X172.944 Y108.831 E140.2139
G1 X193.627 Y111.191 E141.30905
G1 X193.627 Y110.737 E141.33293
G1 X172.944 Y108.377 E142.42808
G1 X172.944 Y107.923 E142.45196
G1 X193.627 Y110.283 E143.54711
G1 X193.627 Y109.828 E143.57105
G1 X172.944 Y107.468 E144.6662
G1 X172.944 Y107.014 E144.69008
G1 X193.627 Y109.374 E145.78523
G1 X193.627 Y108.92 E145.80911
G1 X172.944 Y106.56 E146.90426
G1 X172.944 Y106.105 E146.9282
G1 X193.627 Y108.465 E148.02335
G1 X193.627 Y108.011 E148.04723
G1 X172.944 Y105.651 E149.14238
G1 X172.944 Y105.197 E149.16626
G1 X193.627 Y107.557 E150.26141
G1 X193.627 Y107.102 E150.28535
G1 X172.944 Y104.742 E151.3805
G1 X172.944 Y104.288 E151.40438
G1 X193.627 Y106.648 E152.49953
G1 X193.627 Y106.194 E152.52341
G1 X172.944 Y103.834 E153.61856
G1 X172.944 Y103.38 E153.64244
G1 X193.627 Y105.74 E154.73759
G1 X193.627 Y105.285 E154.76153
G1 X172.944 Y102.925 E155.85668
G1 X172.944 Y102.471 E155.88056
G1 X193.627 Y104.831 E156.97571
G1 X193.627 Y104.377 E156.99959
G1 X172.944 Y102.017 E158.09474
G1 X172.944 Y101.562 E158.11868
G1 X193.627 Y103.922 E159.21383
G1 X193.627 Y103.468 E159.23771
G1 X172.944 Y101.108 E160.33286
G1 X172.944 Y100.654 E160.35674
G1 X193.627 Y103.014 E161.45189
G1 X193.627 Y102.559 E161.47583
G1 X172.944 Y100.199 E162.57098
G1 X172.944 Y99.745 E162.59486
G1 X193.627 Y102.105 E163.69001
G1 X193.627 Y101.651 E163.71389
G1 X172.944 Y99.291 E164.80904
G1 X172.944 Y98.836 E164.83298
G1 X193.627 Y101.196 E165.92813
G1 X193.627 Y100.742 E165.95201
G1 X172.944 Y98.382 E167.04716
G1 X172.944 Y97.928 E167.07104
G1 X193.627 Y100.288 E168.16619
G1 X193.627 Y99.833 E168.19013
G1 X172.944 Y97.473 E169.28528
G1 X172.944 Y97.019 E169.30916
G1 X193.627 Y99.379 E170.40431
G1 X193.627 Y98.925 E170.42819
G1 X172.944 Y96.565 E171.52334
G1 X172.944 Y96.11 E171.54728
G1 X193.627 Y98.47 E172.64243
G1 X193.627 Y98.016 E172.66631
G1 X172.944 Y95.656 E173.76146
G1 X172.944 Y95.202 E173.78534
G1 X193.627 Y97.562 E174.88049
G1 X193.627 Y97.108 E174.90437
G1 X172.944 Y94.747 E175.99952
G1 X172.944 Y94.293 E176.0234
G1 X193.627 Y96.653 E177.11855
G1 X193.627 Y96.199 E177.14243
G1 X172.944 Y93.839 E178.23758
G1 X172.944 Y93.385 E178.26146
G1 X193.627 Y95.745 E179.35661
G1 X193.627 Y95.29 E179.38055
G1 X172.944 Y92.93 E180.4757
G1 X172.944 Y92.476 E180.49958
G1 X193.627 Y94.836 E181.59473
G1 X193.627 Y94.382 E181.61861
G1 X172.944 Y92.022 E182.71376
G1 X172.944 Y91.567 E182.7377
G1 X193.627 Y93.927 E183.83285
G1 X193.627 Y93.473 E183.85673
G1 X172.944 Y91.113 E184.95188
G1 X172.944 Y90.659 E184.97576
G1 X193.627 Y93.019 E186.07091
G1 X193.627 Y92.564 E186.09485
G1 X172.944 Y90.204 E187.19
G1 X172.944 Y89.75 E187.21388
G1 X193.627 Y92.11 E188.30903
G1 X193.627 Y91.656 E188.33291
G1 X172.944 Y89.296 E189.42806
G1 X172.944 Y88.841 E189.452
G1 X193.627 Y91.201 E190.54715
G1 X193.627 Y90.747 E190.57103
G1 X172.944 Y88.387 E191.66618
G1 X172.944 Y87.933 E191.69006
G1 X193.627 Y90.293 E192.78521
G1 X193.627 Y89.838 E192.80915
G1 X172.944 Y87.478 E193.9043
G1 X172.944 Y87.024 E193.92818
G1 X193.627 Y89.384 E195.02333
G1 X193.627 Y88.93 E195.04721
G1 X172.944 Y86.57 E196.14236
G1 X172.944 Y86.115 E196.1663
G1 X193.627 Y88.476 E197.26145
G1 X193.627 Y88.021 E197.28539
G1 X172.944 Y85.661 E198.38054
G1 X172.944 Y85.207 E198.40442
G1 X193.627 Y87.567 E199.49957
G1 X193.627 Y87.113 E199.52345
G1 X172.944 Y84.753 E200.6186
G1 X172.944 Y84.298 E200.64254
G1 X193.627 Y86.658 E201.73769
G1 X193.627 Y86.204 E201.76157
G1 X172.944 Y83.844 E202.85672
G1 X172.944 Y83.39 E202.8806
G1 X193.627 Y85.75 E203.97575
G1 X193.627 Y85.295 E203.99969
G1 X172.944 Y82.935 E205.09484
G1 X172.944 Y82.481 E205.11872
G1 X193.627 Y84.841 E206.21387
G1 X193.627 Y84.387 E206.23775
G1 X172.944 Y82.027 E207.3329
G1 X172.944 Y81.572 E207.35684
G1 X193.627 Y83.932 E208.45199
G1 X193.627 Y83.478 E208.47587
G1 X172.944 Y81.118 E209.57102
G1 X172.944 Y80.664 E209.5949
G1 X193.627 Y83.024 E210.69005
G1 X193.627 Y82.569 E210.71399
G1 X172.944 Y80.209 E211.80914
G1 X172.944 Y79.755 E211.83302
G1 X193.627 Y82.115 E212.92817
G1 X193.627 Y81.661 E212.95205
G1 X172.944 Y79.301 E214.0472
G1 X172.944 Y78.846 E214.07114
G1 X193.627 Y81.206 E215.16629
G1 X193.627 Y80.752 E215.19017
G1 X172.944 Y78.392 E216.28532
G1 X172.944 Y77.938 E216.3092
G1 X193.627 Y80.298 E217.40435
G1 X193.627 Y79.844 E217.42823
G1 X172.944 Y77.483 E218.52338
G1 X172.944 Y77.029 E218.54726
G1 X193.627 Y79.389 E219.64241
G1 X193.627 Y78.935 E219.66629
G1 X172.944 Y76.575 E220.76144
G1 X172.944 Y76.121 E220.78532
G1 X193.627 Y78.481 E221.88047
G1 X193.627 Y78.026 E221.90441
G1 X172.944 Y75.666 E222.99956
G1 X172.944 Y75.212 E223.02344
G1 X193.627 Y77.572 E224.11859
G1 X193.627 Y77.118 E224.14247
G1 X172.944 Y74.758 E225.23762
G1 X172.944 Y74.303 E225.26156
G1 X193.627 Y76.663 E226.35671
G1 X193.627 Y76.209 E226.38059
G1 X172.944 Y73.849 E227.47574
G1 X172.944 Y73.395 E227.49962
G1 X193.627 Y75.755 E228.59477
G1 X193.627 Y75.3 E228.61871
G1 X172.944 Y72.94 E229.71386
G1 X172.944 Y72.486 E229.73774
G1 X193.627 Y74.846 E230.83289
G1 X193.627 Y74.392 E230.85677
G1 X172.944 Y72.032 E231.95192
G1 X172.944 Y71.577 E231.97586
G1 X193.627 Y73.937 E233.07101
G1 X193.627 Y73.483 E233.09489
G1 X172.944 Y71.123 E234.19004
G1 X172.944 Y70.669 E234.21392
G1 X193.627 Y73.029 E235.30907
G1 X193.627 Y72.574 E235.33301
G1 X172.944 Y70.214 E236.42816
G1 X172.944 Y69.76 E236.45204
G1 X193.627 Y72.12 E237.54719
G1 X193.627 Y71.666 E237.57107
G1 X172.944 Y69.306 E238.66622
G1 X172.944 Y68.851 E238.69016
G1 X193.627 Y71.212 E239.78531
G1 X193.627 Y70.757 E239.80925
G1 X172.944 Y68.397 E240.9044
G1 X172.944 Y67.943 E240.92828
G1 X193.627 Y70.303 E242.02343
G1 X193.627 Y69.849 E242.04731
G1 X172.944 Y67.489 E243.14246
G1 X172.944 Y67.034 E243.1664
G1 X193.627 Y69.394 E244.26155
G1 X193.627 Y68.94 E244.28543
G1 X172.944 Y66.58 E245.38058
G1 X172.944 Y66.126 E245.40446
G1 X193.627 Y68.486 E246.49961
G1 X193.627 Y68.031 E246.52355
G1 X172.944 Y65.671 E247.6187
G1 X172.944 Y65.217 E247.64258
G1 X193.627 Y67.577 E248.73773
G1 X193.627 Y67.123 E248.76161
G1 X172.944 Y64.763 E249.85676
G1 X172.944 Y64.512 E249.86996
G1 X173.838 Y64.41 E249.9173
G1 X193.627 Y66.668 E250.96511
G1 X193.627 Y66.214 E250.98899
G1 X175.033 Y64.092 E251.97353
G1 X176.011 Y63.75 E252.02804
G1 X193.627 Y65.76 E252.96079
G1 X193.627 Y65.305 E252.98473
G1 X176.988 Y63.407 E253.86575
G1 X177.965 Y63.064 E253.92022
G1 X193.627 Y64.851 E254.74951
G1 X193.627 Y64.397 E254.77339
G1 X183.907 Y63.288 E255.28806
G1 X183.79 Y63.725 E255.31186
G1 X181.681 Y63.484 E255.42353
G1 X181.172 Y62.976 E255.46136
G1 X178.882 Y62.714 E255.58262
G1 X179.504 Y62.331 E255.62105
G1 X180.983 Y62.5 E255.69936
M107
G1 E253.69936 F2400
G92 E0
G1 X183.822 Y62.824 F7800
G1 E2 F2400
M106 S255
G1 F1500
G1 X193.83 Y63.966 E2.52992
M107
G1 X193.66 Y62.368 F7800
;TYPE:Internal infill
;WIDTH:0.45
;HEIGHT:0.3
G1 F1200
G1 X193.66 Y61.045 E2.59355
G1 X192.669 Y61.045 E2.64121
G1 X192.054 Y63.342 E2.75558
G1 X192.457 Y63.388 E2.77509
G1 X190.115 Y61.045 E2.93442
G1 X187.801 Y61.045 E3.04572
G1 E1.04572 F2400
G92 E0
G1 X186.605 Y62.72 F7800
G1 E2 F2400
G1 F1200
G1 X184.306 Y62.458 E2.11129
G1 X184.684 Y61.045 E2.18164
G1 X184.746 Y61.045 E2.18462
G1 X180.871 Y62.084 E2.37758
G1 X181.873 Y63.086 E2.44573
G1 X182.764 Y63.187 E2.48886
G1 E.48886 F2400
G92 E0
G1 X182.106 Y60.683 F7800
G1 E2 F2400
;TYPE:Solid infill
;WIDTH:0.442667
G1 F1200
G1 X182.06 Y60.707 E2.00245
;WIDTH:0.435459
G1 X180.003 Y61.975 E2.11429
G1 E.11429 F2400
G92 E0
G1 X183.177 Y59.925 F7800
G1 E2 F2400
;WIDTH:0.45
G1 F1200
G1 X193.66 Y59.925 E2.5042
G1 X193.66 Y60.66 E2.53955
G1 X182.149 Y60.67 E3.09319
;WIDTH:0.444536
G1 X182.192 Y60.631 E3.09594
;WIDTH:0.45
G1 X182.797 Y60.257 E3.13015
G1 X183.032 Y60.052 E3.14515
G1 X183.315 Y60.293 E3.16303
;WIDTH:0.413375
G1 X193.292 Y60.293 E3.59731
G1 E1.59731 F2400
G92 E0
G1 X183.863 Y152.956 F7800
G1 E2 F2400
;TYPE:Internal infill
;WIDTH:0.45
G1 F1200
G1 X184.724 Y153.817 E2.05856
G1 X183.78 Y153.817 E2.10396
G1 X184.131 Y152.504 E2.16933
G1 X191.879 Y153.388 E2.5444
G1 X191.764 Y153.817 E2.56576
G1 X189.45 Y153.817 E2.67706
G1 E.67706 F2400
G92 E0
G1 X166.517 Y154.107 F7800
G1 E2 F2400
;TYPE:Perimeter
;WIDTH:0.45
G1 F1500
G1 X145.191 Y154.107 E3.02571
G1 X145.191 Y142.57 E3.5806
G1 X145.135 Y142.246 E3.59641
G1 X144.947 Y141.928 E3.61418
G1 X144.699 Y141.729 E3.62947
G1 X144.227 Y141.606 E3.65293
G1 X144.061 Y141.62 E3.66094
G1 X143.745 Y141.735 E3.67711
G1 X108.492 Y162.088 E5.63495
G1 X108.304 Y162.229 E5.64625
G1 X108.143 Y162.434 E5.65879
G1 X108.037 Y162.695 E5.67234
G1 X108.01 Y162.923 E5.68338
G1 X108.01 Y163.966 E5.73354
G1 X104.752 Y163.966 E5.89024
G1 X104.752 Y140.584 E7.01483
G1 X144.227 Y140.584 E8.91344
G1 X144.699 Y140.461 E8.9369
G1 X144.947 Y140.261 E8.95222
G1 X145.135 Y139.944 E8.96995
G1 X145.191 Y139.62 E8.98576
G1 X145.191 Y59.636 E12.83271
G1 X156.073 Y59.636 E13.3561
G1 X156.516 Y60.027 E13.38452
G1 X160.509 Y62.492 E13.61022
G1 X164.947 Y64.047 E13.8364
G1 X166.517 Y64.225 E13.9124
G1 X166.517 Y154.047 E18.23253
G1 X166.903 Y154.492 F7800
G1 F1500
G1 X144.806 Y154.492 E19.29532
G1 X144.804 Y142.533 E19.87051
G1 X144.724 Y142.274 E19.88355
G1 X144.51 Y142.065 E19.89794
G1 X144.227 Y141.991 E19.91201
G1 X143.938 Y142.069 E19.92641
G1 X108.684 Y162.422 E21.88429
G1 X108.475 Y162.63 E21.89847
G1 X108.395 Y162.923 E21.91308
G1 X108.395 Y164.352 E21.98181
G1 X104.366 Y164.352 E22.17559
G1 X104.366 Y140.198 E23.33731
G1 X144.227 Y140.198 E25.25449
G1 X144.51 Y140.124 E25.26856
G1 X144.659 Y140.005 E25.27773
G1 X144.755 Y139.855 E25.2863
G1 X144.806 Y139.62 E25.29787
G1 X144.806 Y59.25 E29.16339
G1 X156.227 Y59.25 E29.7127
G1 X156.718 Y59.699 E29.7447
G1 X160.676 Y62.142 E29.96841
G1 X165.034 Y63.668 E30.19049
G1 X166.903 Y63.881 E30.28096
G1 X166.903 Y154.432 E34.63615
G1 X167.288 Y154.878 F7800
;TYPE:External perimeter
G1 F1500
G1 X144.42 Y154.878 E35.73602
G1 X144.42 Y142.57 E36.32799
G1 X144.371 Y142.441 E36.33463
G1 X144.227 Y142.377 E36.34221
G1 X144.131 Y142.403 E36.34699
G1 X108.843 Y162.776 E38.30677
G1 X108.781 Y162.923 E38.31444
G1 X108.781 Y164.738 E38.40174
G1 X103.981 Y164.738 E38.6326
G1 X103.981 Y139.813 E39.83141
G1 X144.227 Y139.813 E41.7671
G1 X144.371 Y139.748 E41.7747
G1 X144.42 Y139.62 E41.78129
G1 X144.42 Y58.959 E45.6608
;TYPE:Overhang perimeter
;WIDTH:0.4
;HEIGHT:0.4
M106 S255
G1 X144.42 Y58.865 E45.66571
G1 X156.381 Y58.865 E46.29061
G1 X156.482 Y58.959 E46.29782
M107
;TYPE:External perimeter
;WIDTH:0.45
;HEIGHT:0.3
G1 X156.921 Y59.371 E46.32678
G1 X160.843 Y61.792 E46.54846
G1 X165.12 Y63.29 E46.76642
G1 X167.288 Y63.537 E46.87137
G1 X167.288 Y154.818 E51.26167
G1 X166.893 Y154.877 F7800
G1 E49.26167 F2400
G92 E0
G1 X157.512 Y153.817 F7800
G1 E2 F2400
;TYPE:Internal infill
;WIDTH:0.45
G1 F1200
G1 X159.826 Y153.817 E2.1113
G1 X160.008 Y153.139 E2.14506
G1 X152.879 Y152.201 E2.4909
G1 X152.856 Y152.379 E2.49953
G1 X152.204 Y152.465 E2.53116
G1 X151.842 Y153.817 E2.59848
G1 X152.003 Y153.817 E2.60622
G1 X151.07 Y152.884 E2.66968
G1 X150.867 Y153.297 E2.69181
G1 X149.029 Y153.055 E2.78097
G1 E.78097 F2400
G92 E0
G1 X107.975 Y161.526 F7800
G1 E2 F2400
;TYPE:Bridge infill
;WIDTH:0.400961
;HEIGHT:0.4
M106 S255
G1 F1500
G1 X108.666 Y161.617 E2.03659
G1 X109.307 Y161.246 E2.07547
G1 X108.235 Y161.105 E2.13223
G1 X108.264 Y160.884 E2.14393
G1 X105.073 Y160.464 E2.31289
G1 X105.073 Y160.234 E2.32496
G1 X109.949 Y160.876 E2.58314
G1 X110.59 Y160.506 E2.62199
G1 X105.073 Y159.779 E2.91412
G1 X105.073 Y159.324 E2.93801
G1 X111.232 Y160.135 E3.26413
G1 X111.873 Y159.765 E3.30298
G1 X105.073 Y158.87 E3.66303
G1 X105.073 Y158.415 E3.68692
G1 X112.515 Y159.394 E4.08096
G1 X113.156 Y159.024 E4.11981
G1 X105.073 Y157.96 E4.5478
G1 X105.073 Y157.505 E4.57169
G1 X113.798 Y158.654 E5.03367
G1 X114.44 Y158.283 E5.0726
G1 X105.073 Y157.05 E5.56857
G1 X105.073 Y156.595 E5.59246
G1 X115.081 Y157.913 E6.12238
G1 X115.723 Y157.542 E6.16131
G1 X105.073 Y156.14 E6.72522
G1 X105.073 Y155.686 E6.74905
G1 X116.364 Y157.172 E7.3469
G1 X117.006 Y156.802 E7.3858
G1 X105.073 Y155.231 E8.01764
G1 X105.073 Y154.776 E8.04153
G1 X117.647 Y156.431 E8.70731
G1 X118.289 Y156.061 E8.74621
G1 X105.11 Y154.326 E9.44403
G1 X105.131 Y154.313 E9.44533
G1 X106.233 Y154.019 E9.5052
G1 X118.93 Y155.691 E10.1775
G1 X119.572 Y155.32 E10.21643
G1 X107.832 Y153.775 E10.83805
G1 X108.244 Y153.712 E10.85993
G1 X107.855 Y153.323 E10.88881
G1 X120.213 Y154.95 E11.54316
G1 X120.855 Y154.579 E11.58209
G1 X107.331 Y152.799 E12.29817
G1 X106.807 Y152.275 E12.33707
G1 X121.496 Y154.209 E13.11484
G1 X122.138 Y153.839 E13.15374
G1 X106.283 Y151.751 E13.99325
G1 X105.759 Y151.227 E14.03215
G1 X122.779 Y153.468 E14.93335
G1 X123.421 Y153.098 E14.97225
G1 X105.211 Y150.7 E15.93646
G1 X105.073 Y150.594 E15.94559
G1 X105.073 Y150.227 E15.96486
G1 X124.063 Y152.727 E16.97037
G1 X124.704 Y152.357 E17.00922
G1 X105.073 Y149.773 E18.04866
G1 X105.073 Y149.318 E18.07255
G1 X125.346 Y151.987 E19.14599
G1 X125.987 Y151.616 E19.18487
G1 X105.073 Y148.863 E20.29225
G1 X105.073 Y148.799 E20.29561
G1 X105.111 Y148.767 E20.29822
G1 X105.202 Y148.425 E20.3168
G1 X126.629 Y151.246 E21.45134
G1 X127.27 Y150.875 E21.49022
G1 X105.32 Y147.986 E22.65245
G1 X105.438 Y147.546 E22.67636
G1 X127.912 Y150.505 E23.86634
G1 X128.553 Y150.135 E23.90519
G1 X105.555 Y147.107 E25.12292
G1 X105.673 Y146.668 E25.14678
G1 X129.195 Y149.764 E26.39225
G1 X129.836 Y149.394 E26.4311
G1 X105.791 Y146.228 E27.70427
G1 X105.801 Y146.189 E27.70638
G1 X106.734 Y145.897 E27.7577
G1 X130.478 Y149.023 E29.01493
G1 X131.119 Y148.653 E29.05378
G1 X107.001 Y145.478 E30.33081
G1 X107.015 Y145.025 E30.3546
G1 X131.761 Y148.283 E31.66488
G1 X132.403 Y147.912 E31.70381
G1 X106.262 Y144.471 E33.08795
G1 X106.379 Y144.031 E33.11185
G1 X133.044 Y147.542 E34.52374
G1 X133.686 Y147.171 E34.56267
G1 X106.497 Y143.592 E36.0023
G1 X106.615 Y143.153 E36.02616
G1 X134.327 Y146.801 E37.49349
G1 X134.969 Y146.431 E37.53239
G1 X107.914 Y142.869 E38.96493
G1 X108.183 Y142.814 E38.97934
G1 X107.804 Y142.4 E39.00881
G1 X135.61 Y146.06 E40.48111
G1 X136.252 Y145.69 E40.52001
G1 X107.33 Y141.882 E42.05141
G1 X107.04 Y141.566 E42.07393
G1 X107.086 Y141.395 E42.08323
G1 X136.893 Y145.32 E43.66149
G1 X137.535 Y144.949 E43.70042
G1 X106.895 Y140.905 E45.32285
G1 X110.274 Y140.905 E45.50023
G1 X138.176 Y144.579 E46.97762
G1 X138.818 Y144.208 E47.01655
G1 X113.728 Y140.905 E48.34504
G1 X117.183 Y140.905 E48.52641
G1 X139.459 Y143.838 E49.70591
G1 X140.101 Y143.468 E49.74481
G1 X120.638 Y140.905 E50.77537
G1 X124.093 Y140.905 E50.95674
G1 X140.743 Y143.097 E51.83834
G1 X141.384 Y142.727 E51.87719
G1 X127.548 Y140.905 E52.6098
G1 X131.003 Y140.905 E52.79117
G1 X142.026 Y142.356 E53.37483
G1 X142.667 Y141.986 E53.41368
G1 X134.458 Y140.905 E53.84834
G1 X137.913 Y140.905 E54.02971
G1 X143.639 Y141.659 E54.3329
M107
G1 E52.3329 F2400
G92 E0
G1 X145.308 Y151.886 F7800
G1 E2 F2400
M106 S255
G1 F1500
G1 X150.744 Y152.601 E2.28783
G1 X150.936 Y152.212 E2.3106
G1 X151.088 Y152.192 E2.31865
G1 X145.511 Y151.457 E2.61395
G1 X145.51 Y151.003 E2.63778
G1 X152.494 Y151.922 E3.00757
G1 X152.519 Y151.732 E3.01763
G1 X160.289 Y152.755 E3.42905
G1 X160.356 Y152.502 E3.44279
G1 X145.51 Y150.548 E4.22887
G1 X145.51 Y150.093 E4.25276
G1 X160.676 Y152.089 E5.05578
M107
G1 E3.05578 F2400
G92 E0
G1 X164.729 Y153.988 F7800
G1 E2 F2400
M106 S255
G1 F1500
G1 X162.642 Y153.713 E2.11051
G1 X162.386 Y153.319 E2.13518
G1 X162.277 Y153.21 E2.14327
G1 X166.196 Y153.726 E2.35078
G1 X166.196 Y153.271 E2.37467
G1 X161.753 Y152.686 E2.60992
G1 X161.229 Y152.162 E2.64882
G1 X166.196 Y152.816 E2.91182
G1 X166.196 Y152.361 E2.93571
G1 X145.509 Y149.638 E4.03107
G1 X145.509 Y149.183 E4.05496
G1 X166.196 Y151.906 E5.15032
G1 X166.196 Y151.452 E5.17415
G1 X145.508 Y148.728 E6.26957
G1 X145.508 Y148.273 E6.29346
G1 X166.196 Y150.997 E7.38888
G1 X166.196 Y150.542 E7.41277
G1 X145.508 Y147.818 E8.50819
G1 X145.507 Y147.363 E8.53208
G1 X166.196 Y150.087 E9.62755
G1 X166.196 Y149.632 E9.65144
G1 X145.507 Y146.908 E10.74691
G1 X145.507 Y146.453 E10.7708
G1 X166.196 Y149.177 E11.86627
G1 X166.196 Y148.722 E11.89016
G1 X145.506 Y145.999 E12.98567
G1 X145.506 Y145.544 E13.00956
G1 X166.196 Y148.268 E14.10508
G1 X166.196 Y147.813 E14.12897
G1 X145.506 Y145.089 E15.22449
G1 X145.505 Y144.634 E15.24838
G1 X166.196 Y147.358 E16.34395
G1 X166.196 Y146.903 E16.36784
G1 X145.505 Y144.179 E17.46341
G1 X145.504 Y143.724 E17.4873
G1 X166.196 Y146.448 E18.58292
G1 X166.196 Y145.993 E18.60681
G1 X145.504 Y143.269 E19.70243
G1 X145.504 Y142.814 E19.72632
G1 X166.196 Y145.538 E20.82194
G1 X166.196 Y145.084 E20.84577
G1 X145.491 Y142.358 E21.94208
G1 X145.439 Y142.138 E21.95395
G1 X145.308 Y141.879 E21.96919
G1 X166.196 Y144.629 E23.07519
G1 X166.196 Y144.174 E23.09908
G1 X141.368 Y140.905 E24.41371
G1 X144.244 Y140.905 E24.56469
G1 X144.438 Y140.855 E24.57521
G1 X166.196 Y143.719 E25.72728
G1 X166.196 Y143.264 E25.75117
G1 X145.164 Y140.495 E26.8648
G1 X145.331 Y140.279 E26.87913
G1 X145.425 Y140.075 E26.89092
G1 X166.196 Y142.809 E27.99072
G1 X166.196 Y142.354 E28.01461
G1 X145.512 Y139.631 E29.10981
G1 X145.513 Y139.177 E29.13364
G1 X166.196 Y141.9 E30.22879
G1 X166.196 Y141.445 E30.25268
G1 X145.513 Y138.722 E31.34783
G1 X145.513 Y138.267 E31.37172
G1 X166.196 Y140.99 E32.46687
G1 X166.196 Y140.535 E32.49076
G1 X145.513 Y137.812 E33.58591
G1 X145.513 Y137.357 E33.6098
G1 X166.196 Y140.08 E34.70495
G1 X166.196 Y139.625 E34.72884
G1 X145.513 Y136.902 E35.82399
G1 X145.513 Y136.448 E35.84782
G1 X166.196 Y139.171 E36.94297
G1 X166.196 Y138.716 E36.96686
G1 X145.513 Y135.993 E38.06201
G1 X145.513 Y135.538 E38.0859
G1 X166.196 Y138.261 E39.18105
G1 X166.196 Y137.806 E39.20494
G1 X145.513 Y135.083 E40.30009
G1 X145.513 Y134.628 E40.32398
G1 X166.196 Y137.351 E41.41913
G1 X166.196 Y136.896 E41.44302
G1 X145.513 Y134.173 E42.53817
G1 X145.513 Y133.718 E42.56206
G1 X166.196 Y136.441 E43.65721
G1 X166.196 Y135.987 E43.68104
G1 X145.513 Y133.264 E44.77619
G1 X145.513 Y132.809 E44.80008
G1 X166.196 Y135.532 E45.89523
G1 X166.196 Y135.077 E45.91912
G1 X145.513 Y132.354 E47.01427
G1 X145.513 Y131.899 E47.03816
G1 X166.196 Y134.622 E48.13331
G1 X166.196 Y134.167 E48.1572
G1 X145.513 Y131.444 E49.25235
G1 X145.513 Y130.989 E49.27624
G1 X166.196 Y133.712 E50.37139
G1 X166.196 Y133.257 E50.39528
G1 X145.513 Y130.534 E51.49043
G1 X145.513 Y130.08 E51.51426
G1 X166.196 Y132.803 E52.60941
G1 X166.196 Y132.348 E52.6333
G1 X145.513 Y129.625 E53.72845
G1 X145.513 Y129.17 E53.75234
G1 X166.196 Y131.893 E54.84749
G1 X166.196 Y131.438 E54.87138
G1 X145.513 Y128.715 E55.96653
G1 X145.513 Y128.26 E55.99042
G1 X166.196 Y130.983 E57.08557
G1 X166.196 Y130.528 E57.10946
G1 X145.513 Y127.805 E58.20461
G1 X145.513 Y127.35 E58.2285
G1 X166.196 Y130.073 E59.32365
G1 X166.196 Y129.619 E59.34748
G1 X145.513 Y126.896 E60.44263
G1 X145.513 Y126.441 E60.46652
G1 X166.196 Y129.164 E61.56167
G1 X166.196 Y128.709 E61.58556
G1 X145.513 Y125.986 E62.68071
G1 X145.513 Y125.531 E62.7046
G1 X166.196 Y128.254 E63.79975
G1 X166.196 Y127.799 E63.82364
G1 X145.513 Y125.076 E64.91879
G1 X145.513 Y124.621 E64.94268
G1 X166.196 Y127.344 E66.03783
G1 X166.196 Y126.89 E66.06166
G1 X145.513 Y124.167 E67.15681
G1 X145.513 Y123.712 E67.1807
G1 X166.196 Y126.435 E68.27585
G1 X166.196 Y125.98 E68.29974
G1 X145.513 Y123.257 E69.39489
G1 X145.513 Y122.802 E69.41878
G1 X166.196 Y125.525 E70.51393
G1 X166.196 Y125.07 E70.53782
G1 X145.513 Y122.347 E71.63297
G1 X145.513 Y121.892 E71.65686
G1 X166.196 Y124.615 E72.75201
G1 X166.196 Y124.16 E72.7759
G1 X145.513 Y121.437 E73.87105
G1 X145.513 Y120.983 E73.89488
G1 X166.196 Y123.706 E74.99003
G1 X166.196 Y123.251 E75.01392
G1 X145.513 Y120.528 E76.10907
G1 X145.513 Y120.073 E76.13296
G1 X166.196 Y122.796 E77.22811
G1 X166.196 Y122.341 E77.252
G1 X145.513 Y119.618 E78.34715
G1 X145.513 Y119.163 E78.37104
G1 X166.196 Y121.886 E79.46619
G1 X166.196 Y121.431 E79.49008
G1 X145.513 Y118.708 E80.58523
G1 X145.513 Y118.253 E80.60912
G1 X166.196 Y120.976 E81.70427
G1 X166.196 Y120.522 E81.7281
G1 X145.513 Y117.799 E82.82325
G1 X145.513 Y117.344 E82.84714
G1 X166.196 Y120.067 E83.94229
G1 X166.196 Y119.612 E83.96618
G1 X145.513 Y116.889 E85.06133
G1 X145.513 Y116.434 E85.08522
G1 X166.196 Y119.157 E86.18037
G1 X166.196 Y118.702 E86.20426
G1 X145.513 Y115.979 E87.29941
G1 X145.513 Y115.524 E87.3233
G1 X166.196 Y118.247 E88.41845
G1 X166.196 Y117.792 E88.44234
G1 X145.513 Y115.069 E89.53749
G1 X145.513 Y114.615 E89.56132
G1 X166.196 Y117.338 E90.65647
G1 X166.196 Y116.883 E90.68036
G1 X145.513 Y114.16 E91.77551
G1 X145.513 Y113.705 E91.7994
G1 X166.196 Y116.428 E92.89455
G1 X166.196 Y115.973 E92.91844
G1 X145.513 Y113.25 E94.01359
G1 X145.513 Y112.795 E94.03748
G1 X166.196 Y115.518 E95.13263
G1 X166.196 Y115.063 E95.15652
G1 X145.513 Y112.34 E96.25167
G1 X145.513 Y111.886 E96.2755
G1 X166.196 Y114.609 E97.37065
G1 X166.196 Y114.154 E97.39454
G1 X145.513 Y111.431 E98.48969
G1 X145.513 Y110.976 E98.51358
G1 X166.196 Y113.699 E99.60873
G1 X166.196 Y113.244 E99.63262
G1 X145.513 Y110.521 E100.72777
G1 X145.513 Y110.066 E100.75166
G1 X166.196 Y112.789 E101.84681
G1 X166.196 Y112.334 E101.8707
G1 X145.513 Y109.611 E102.96585
G1 X145.513 Y109.156 E102.98974
G1 X166.196 Y111.879 E104.08489
G1 X166.196 Y111.425 E104.10872
G1 X145.513 Y108.702 E105.20387
G1 X145.513 Y108.247 E105.22776
G1 X166.196 Y110.97 E106.32291
G1 X166.196 Y110.515 E106.3468
G1 X145.513 Y107.792 E107.44195
G1 X145.513 Y107.337 E107.46584
G1 X166.196 Y110.06 E108.56099
G1 X166.196 Y109.605 E108.58488
G1 X145.513 Y106.882 E109.68003
G1 X145.513 Y106.427 E109.70392
G1 X166.196 Y109.15 E110.79907
G1 X166.196 Y108.695 E110.82296
G1 X145.513 Y105.972 E111.91811
G1 X145.513 Y105.518 E111.94194
G1 X166.196 Y108.241 E113.03709
G1 X166.196 Y107.786 E113.06098
G1 X145.513 Y105.063 E114.15613
G1 X145.513 Y104.608 E114.18002
G1 X166.196 Y107.331 E115.27517
G1 X166.196 Y106.876 E115.29906
G1 X145.513 Y104.153 E116.39421
G1 X145.513 Y103.698 E116.4181
G1 X166.196 Y106.421 E117.51325
G1 X166.196 Y105.966 E117.53714
G1 X145.513 Y103.243 E118.63229
G1 X145.513 Y102.788 E118.65618
G1 X166.196 Y105.511 E119.75133
G1 X166.196 Y105.057 E119.77516
G1 X145.513 Y102.334 E120.87031
G1 X145.513 Y101.879 E120.8942
G1 X166.196 Y104.602 E121.98935
G1 X166.196 Y104.147 E122.01324
G1 X145.513 Y101.424 E123.10839
G1 X145.513 Y100.969 E123.13228
G1 X166.196 Y103.692 E124.22743
G1 X166.196 Y103.237 E124.25132
G1 X145.513 Y100.514 E125.34647
G1 X145.513 Y100.059 E125.37036
G1 X166.196 Y102.782 E126.46551
G1 X166.196 Y102.327 E126.4894
G1 X145.513 Y99.605 E127.58454
G1 X145.513 Y99.15 E127.60843
G1 X166.196 Y101.873 E128.70358
G1 X166.196 Y101.418 E128.72747
G1 X145.513 Y98.695 E129.82262
G1 X145.513 Y98.24 E129.84651
G1 X166.196 Y100.963 E130.94166
G1 X166.196 Y100.508 E130.96555
G1 X145.513 Y97.785 E132.0607
G1 X145.513 Y97.33 E132.08459
G1 X166.196 Y100.053 E133.17974
G1 X166.196 Y99.598 E133.20363
G1 X145.513 Y96.875 E134.29878
G1 X145.513 Y96.421 E134.32261
G1 X166.196 Y99.144 E135.41776
G1 X166.196 Y98.689 E135.44165
G1 X145.513 Y95.966 E136.5368
G1 X145.513 Y95.511 E136.56069
G1 X166.196 Y98.234 E137.65584
G1 X166.196 Y97.779 E137.67973
G1 X145.513 Y95.056 E138.77488
G1 X145.513 Y94.601 E138.79877
G1 X166.196 Y97.324 E139.89392
G1 X166.196 Y96.869 E139.91781
G1 X145.513 Y94.146 E141.01296
G1 X145.513 Y93.691 E141.03685
G1 X166.196 Y96.414 E142.132
G1 X166.196 Y95.96 E142.15583
G1 X145.513 Y93.237 E143.25098
G1 X145.513 Y92.782 E143.27487
G1 X166.196 Y95.505 E144.37002
G1 X166.196 Y95.05 E144.39391
G1 X145.513 Y92.327 E145.48906
G1 X145.513 Y91.872 E145.51295
G1 X166.196 Y94.595 E146.6081
G1 X166.196 Y94.14 E146.63199
G1 X145.513 Y91.417 E147.72714
G1 X145.513 Y90.962 E147.75103
G1 X166.196 Y93.685 E148.84618
G1 X166.196 Y93.23 E148.87007
G1 X145.513 Y90.507 E149.96522
G1 X145.513 Y90.053 E149.98905
G1 X166.196 Y92.776 E151.0842
G1 X166.196 Y92.321 E151.10809
G1 X145.513 Y89.598 E152.20324
G1 X145.513 Y89.143 E152.22713
G1 X166.196 Y91.866 E153.32228
G1 X166.196 Y91.411 E153.34617
G1 X145.513 Y88.688 E154.44132
G1 X145.513 Y88.233 E154.46521
G1 X166.196 Y90.956 E155.56036
G1 X166.196 Y90.501 E155.58425
G1 X145.513 Y87.778 E156.6794
G1 X145.513 Y87.323 E156.70329
G1 X166.196 Y90.046 E157.79844
G1 X166.196 Y89.592 E157.82227
G1 X145.513 Y86.869 E158.91742
G1 X145.513 Y86.414 E158.94131
G1 X166.196 Y89.137 E160.03646
G1 X166.196 Y88.682 E160.06035
G1 X145.513 Y85.959 E161.1555
G1 X145.513 Y85.504 E161.17939
G1 X166.196 Y88.227 E162.27454
G1 X166.196 Y87.772 E162.29843
G1 X145.513 Y85.049 E163.39358
G1 X145.513 Y84.594 E163.41747
G1 X166.196 Y87.317 E164.51262
G1 X166.196 Y86.863 E164.53645
G1 X145.513 Y84.14 E165.6316
G1 X145.513 Y83.685 E165.65549
G1 X166.196 Y86.408 E166.75064
G1 X166.196 Y85.953 E166.77453
G1 X145.513 Y83.23 E167.86968
G1 X145.513 Y82.775 E167.89357
G1 X166.196 Y85.498 E168.98872
G1 X166.196 Y85.043 E169.01261
G1 X145.513 Y82.32 E170.10776
G1 X145.513 Y81.865 E170.13165
G1 X166.196 Y84.588 E171.2268
G1 X166.196 Y84.133 E171.25069
G1 X145.513 Y81.41 E172.34584
G1 X145.513 Y80.956 E172.36967
G1 X166.196 Y83.679 E173.46482
G1 X166.196 Y83.224 E173.48871
G1 X145.513 Y80.501 E174.58386
G1 X145.513 Y80.046 E174.60775
G1 X166.196 Y82.769 E175.7029
G1 X166.196 Y82.314 E175.72679
G1 X145.513 Y79.591 E176.82194
G1 X145.513 Y79.136 E176.84583
G1 X166.196 Y81.859 E177.94098
G1 X166.196 Y81.404 E177.96487
G1 X145.513 Y78.681 E179.06002
G1 X145.513 Y78.226 E179.08391
G1 X166.196 Y80.949 E180.17906
G1 X166.196 Y80.495 E180.20289
G1 X145.513 Y77.772 E181.29804
G1 X145.513 Y77.317 E181.32193
G1 X166.196 Y80.04 E182.41708
G1 X166.196 Y79.585 E182.44097
G1 X145.513 Y76.862 E183.53612
G1 X145.513 Y76.407 E183.56001
G1 X166.196 Y79.13 E184.65516
G1 X166.196 Y78.675 E184.67905
G1 X145.513 Y75.952 E185.7742
G1 X145.513 Y75.497 E185.79809
G1 X166.196 Y78.22 E186.89324
G1 X166.196 Y77.765 E186.91713
G1 X145.513 Y75.042 E188.01228
G1 X145.513 Y74.588 E188.03611
G1 X166.196 Y77.311 E189.13126
G1 X166.196 Y76.856 E189.15515
G1 X145.513 Y74.133 E190.2503
G1 X145.513 Y73.678 E190.27419
G1 X166.196 Y76.401 E191.36934
G1 X166.196 Y75.946 E191.39323
G1 X145.513 Y73.223 E192.48838
G1 X145.513 Y72.768 E192.51227
G1 X166.196 Y75.491 E193.60742
G1 X166.196 Y75.036 E193.63131
G1 X145.513 Y72.313 E194.72646
G1 X145.513 Y71.859 E194.75029
G1 X166.196 Y74.581 E195.84543
G1 X166.196 Y74.127 E195.86926
G1 X145.513 Y71.404 E196.96441
G1 X145.513 Y70.949 E196.9883
G1 X166.196 Y73.672 E198.08345
G1 X166.196 Y73.217 E198.10734
G1 X145.513 Y70.494 E199.20249
G1 X145.513 Y70.039 E199.22638
G1 X166.196 Y72.762 E200.32153
G1 X166.196 Y72.307 E200.34542
G1 X145.513 Y69.584 E201.44057
G1 X145.513 Y69.129 E201.46446
G1 X166.196 Y71.852 E202.55961
G1 X166.196 Y71.398 E202.58344
G1 X145.513 Y68.675 E203.67859
G1 X145.513 Y68.22 E203.70248
G1 X166.196 Y70.943 E204.79763
G1 X166.196 Y70.488 E204.82152
G1 X145.513 Y67.765 E205.91667
G1 X145.513 Y67.31 E205.94056
G1 X166.196 Y70.033 E207.03571
G1 X166.196 Y69.578 E207.0596
G1 X145.513 Y66.855 E208.15475
G1 X145.513 Y66.4 E208.17864
G1 X166.196 Y69.123 E209.27379
G1 X166.196 Y68.668 E209.29768
G1 X145.513 Y65.945 E210.39283
G1 X145.513 Y65.491 E210.41666
G1 X166.196 Y68.214 E211.51181
G1 X166.196 Y67.759 E211.5357
G1 X145.513 Y65.036 E212.63085
G1 X145.513 Y64.581 E212.65474
G1 X166.196 Y67.304 E213.74989
G1 X166.196 Y66.849 E213.77378
G1 X145.513 Y64.126 E214.86893
G1 X145.513 Y63.671 E214.89282
G1 X166.196 Y66.394 E215.98797
G1 X166.196 Y65.939 E216.01186
G1 X147.08 Y63.423 E217.02403
G1 X148.408 Y63.321 E217.09395
G1 X148.431 Y63.146 E217.10322
G1 X166.196 Y65.484 E218.04386
G1 X166.196 Y65.03 E218.06769
G1 X152.002 Y63.161 E218.81925
G1 X152.12 Y62.722 E218.84311
G1 X166.196 Y64.575 E219.58842
G1 X166.196 Y64.512 E219.59173
G1 X165.011 Y64.377 E219.65434
G1 X164.745 Y64.316 E219.66867
G1 X162.977 Y63.696 E219.76702
G1 X158.807 Y63.147 E219.98782
G1 X159.018 Y62.72 E220.01282
G1 X160.901 Y62.968 E220.11252
G1 X160.429 Y62.802 E220.13879
G1 X159.668 Y62.351 E220.18523
G1 X158.807 Y62.237 E220.23082
M107
G1 E218.23082 F2400
G92 E0
G1 X155.963 Y59.925 F7800
G1 E2 F2400
;TYPE:Solid infill
;WIDTH:0.45
;HEIGHT:0.3
G1 F1200
G1 X156.368 Y60.276 E2.02578
G1 X157.052 Y60.691 E2.06426
;WIDTH:0.441834
G1 X156.939 Y60.664 E2.06973
;WIDTH:0.45
G1 X145.48 Y60.66 E2.62087
G1 X145.48 Y59.925 E2.65622
G1 X155.77 Y59.925 E3.15113
G1 X155.825 Y60.293 E3.16903
;WIDTH:0.413375
G1 X145.848 Y60.293 E3.60331
G1 E1.60331 F2400
G92 E0
G1 X157.052 Y60.691 F7800
G1 E2 F2400
;WIDTH:0.438271
G1 F1200
G1 X157.08 Y60.707 E2.0015
;WIDTH:0.435461
G1 X158.915 Y61.838 E2.10127
G1 E.10127 F2400
G92 E0
G1 X148.311 Y62.703 F7800
G1 E2 F2400
;TYPE:Internal infill
;WIDTH:0.45
G1 F1200
G1 X148.613 Y62.743 E2.01465
G1 X154.948 Y61.045 E2.3301
G1 X156.908 Y61.045 E2.42437
G1 X158.631 Y62.107 E2.52172
G1 X158.369 Y62.638 E2.5502
G1 X158.519 Y62.787 E2.56037
G1 X158.356 Y63.118 E2.57812
G1 X152.401 Y62.334 E2.86701
G1 X152.746 Y61.045 E2.93119
G1 X146.487 Y61.045 E3.23223
G1 X148.12 Y62.678 E3.3433
G1 X148.072 Y62.672 E3.34563
G1 X148.042 Y62.896 E3.3565
G1 X145.558 Y63.145 E3.47657
G1 E1.47657 F2400
G92 E0
G1 X105.62 Y140.873 F7800
G1 E2 F2400
G1 F1200
G1 X106.116 Y140.873 E2.02386
G1 X106.687 Y141.269 E2.05728
G1 X106.577 Y141.679 E2.0777
G1 X107.049 Y142.194 E2.1113
G1 X106.929 Y142.644 E2.1337
G1 X106.283 Y142.777 E2.16542
G1 X106.017 Y143.769 E2.21482
G1 X105.737 Y144.813 E2.26681
G1 X106.291 Y145.025 E2.29534
G1 X106.123 Y145.65 E2.32647
G1 X105.457 Y145.858 E2.36003
G1 X105.368 Y146.19 E2.37656
G1 X105.041 Y146.278 E2.39285
G1 X105.041 Y143.964 E2.50415
G1 E.50415 F2400
G92 E0
G1 X105.777 Y160.978 F7800
G1 E2 F2400
G1 F1200
G1 X107.795 Y161.243 E2.09789
G1 X107.759 Y161.519 E2.11128
G1 X105.041 Y162.247 E2.24661
G1 X105.041 Y161.39 E2.28783
G1 X107.328 Y163.677 E2.44339
G1 X105.041 Y163.651 E2.55339
G1 E.55339 F2400
G92 E0
G1 X61.014 Y60.299 F7800
G1 E2 F2400
;TYPE:Perimeter
;WIDTH:0.45
G1 F1500
G1 X61.032 Y60.286 E2.00107
G1 X61.231 Y59.979 E2.01867
G1 X61.301 Y59.618 E2.03636
G1 X61.301 Y46.034 E2.6897
G1 X140.199 Y46.034 E6.48442
G1 X140.199 Y46.393 E6.50169
G1 X56.374 Y135.591 E12.38893
G1 X56.051 Y135.591 E12.40447
G1 X56.051 Y60.582 E16.01214
G1 X60.439 Y60.582 E16.22319
G1 X60.756 Y60.486 E16.23912
G1 X60.965 Y60.334 E16.25155
G1 X60.736 Y60.016 F7800
G1 F1500
G1 X60.843 Y59.899 E16.25918
G1 X60.916 Y59.618 E16.27314
G1 X60.916 Y45.648 E16.94505
G1 X140.584 Y45.648 E20.7768
G1 X140.584 Y46.545 E20.81994
G1 X56.541 Y135.977 E26.72256
G1 X55.666 Y135.977 E26.76464
G1 X55.666 Y60.196 E30.40944
G1 X60.402 Y60.196 E30.63723
G1 X60.662 Y60.096 E30.65063
G1 X60.695 Y60.06 E30.65298
G1 X60.472 Y59.745 F7800
;TYPE:External perimeter
G1 F1500
G1 X60.53 Y59.618 E30.6597
G1 X60.53 Y45.262 E31.35017
G1 X140.97 Y45.262 E35.21905
G1 X140.97 Y46.698 E35.28812
G1 X56.708 Y136.363 E41.20612
G1 X55.28 Y136.363 E41.2748
G1 X55.28 Y59.81 E44.95673
G1 X60.337 Y59.81 E45.19995
G1 X60.426 Y59.777 E45.20452
G1 X60.522 Y59.389 F7800
G1 E43.20452 F2400
G92 E0
G1 X92.085 Y97.169 F7800
G1 E2 F2400
;TYPE:Internal infill
;WIDTH:0.45
G1 F1200
G1 X93.669 Y95.483 E2.11126
G1 X59.05 Y60.864 E4.466
G1 X56.98 Y60.869 E4.56556
G1 X56.34 Y63.257 E4.68447
G1 X56.34 Y63.514 E4.69683
G1 X120.498 Y46.323 E7.89146
G1 X120.858 Y46.323 E7.90877
G1 X130.658 Y56.123 E8.57535
G1 X129.894 Y56.935 E8.62897
G1 X132.738 Y46.323 E9.15738
G1 X131.765 Y46.323 E9.20418
G1 X135.942 Y50.5 E9.48829
G1 X136.358 Y50.058 E9.51748
G1 X56.34 Y71.498 E13.50183
G1 X56.34 Y69.061 E13.61904
G1 X88.385 Y101.106 E15.7987
G1 X89.969 Y99.42 E15.90996
G1 E13.90996 F2400
G92 E0
G1 X81.516 Y108.415 F7800
G1 E2 F2400
G1 F1200
G1 X83.101 Y106.729 E2.1113
G1 X56.34 Y79.968 E3.93155
G1 X56.34 Y79.483 E3.95488
G1 X126.329 Y60.729 E7.43987
G1 X125.374 Y61.746 E7.50697
G1 X109.951 Y46.323 E8.55602
G1 X108.785 Y46.323 E8.6121
G1 X96.387 Y92.591 E10.91594
G1 X96.243 Y92.744 E10.92605
G1 X56.34 Y103.436 E12.91295
G1 X56.34 Y101.782 E12.9925
G1 X72.533 Y117.975 E14.09393
G1 X74.049 Y116.361 E14.20043
G1 X92.816 Y46.323 E17.68785
G1 X90.7 Y46.323 E17.78962
G1 X61.59 Y54.123 E19.2391
G1 X61.59 Y52.497 E19.31731
G1 X98.953 Y89.86 E21.8587
G1 X104.237 Y84.237 E22.22982
G1 X66.323 Y46.323 E24.80869
G1 X68.862 Y46.323 E24.93081
G1 X56.34 Y93.055 E27.25775
G1 X56.34 Y95.452 E27.37304
G1 X106.272 Y82.073 E29.85931
G1 X107.556 Y80.706 E29.94951
G1 X116.769 Y46.323 E31.66155
G1 X114.455 Y46.323 E31.77285
G1 E29.77285 F2400
G92 E0
G1 X127.067 Y46.323 F7800
G1 E2 F2400
G1 F1200
G1 X124.754 Y46.323 E2.11125
G1 X118.725 Y68.82 E3.23146
G1 X120.09 Y67.369 E3.32728
G1 X99.044 Y46.323 E4.7588
G1 X100.8 Y46.323 E4.84326
G1 X85.218 Y104.476 E7.73889
G1 X86.214 Y103.416 E7.80885
G1 X56.34 Y111.421 E9.29638
G1 X56.34 Y112.689 E9.35737
G1 X67.249 Y123.597 E10.09935
G1 X66.157 Y124.759 E10.17604
G1 X56.34 Y127.389 E10.66485
G1 X56.34 Y134.503 E11.00701
G1 X56.68 Y134.843 E11.03014
G1 X58.265 Y133.157 E11.14144
G1 E9.14144 F2400
G92 E0
G1 X56.34 Y117.091 F7800
G1 E2 F2400
G1 F1200
G1 X56.34 Y119.405 E2.1113
G1 X76.185 Y114.088 E3.09944
G1 X77.817 Y112.352 E3.21404
G1 X56.34 Y90.875 E4.67488
G1 X56.34 Y87.467 E4.83879
G1 X116.3 Y71.401 E7.82439
G1 X114.806 Y72.992 E7.92936
G1 X88.137 Y46.323 E9.74335
G1 X84.831 Y46.323 E9.90236
G1 X62.88 Y128.246 E13.98157
G1 X61.965 Y129.22 E14.04585
G1 X56.34 Y123.596 E14.42842
G1 X56.34 Y122.854 E14.46411
G1 X76.847 Y46.323 E18.27484
G1 X77.23 Y46.323 E18.29326
G1 X109.521 Y78.614 E20.48966
G1 X111.106 Y76.928 E20.60096
;LAYER_CHANGE
;Z:3.35
;HEIGHT:0.3
G1 E18.60096 F2400
G92 E0
G1 Z3.35 F7800
;AFTER_LAYER_CHANGE
;3.35
G1 X59.438 Y142.107
G1 E2 F2400
;TYPE:Perimeter
;WIDTH:0.45
G1 F1500
G1 X59.442 Y142.116 E2.00047
G1 X59.604 Y142.321 E2.01304
G1 X59.791 Y142.462 E2.0243
G1 X97.038 Y163.966 E4.09288
G1 X56.051 Y163.966 E6.06421
G1 X56.051 Y140.584 E7.1888
G1 X59.309 Y140.584 E7.3455
G1 X59.309 Y141.788 E7.40341
G1 X59.416 Y142.052 E7.41711
G1 X59.772 Y141.911 F7800
G1 F1500
G1 X59.774 Y141.92 E7.41755
G1 X59.984 Y142.128 E7.43177
G1 X98.477 Y164.352 E9.56956
G1 X55.666 Y164.352 E11.62862
G1 X55.666 Y140.198 E12.79034
G1 X59.694 Y140.198 E12.98407
G1 X59.694 Y141.627 E13.0528
G1 X59.756 Y141.853 E13.06407
G1 X60.118 Y141.716 F7800
;TYPE:External perimeter
G1 F1500
G1 X60.176 Y141.794 E13.06875
G1 X99.916 Y164.738 E15.2758
G1 X55.28 Y164.738 E17.42264
G1 X55.28 Y139.813 E18.62145
G1 X60.08 Y139.813 E18.85231
G1 X60.08 Y141.665 E18.94138
G1 X60.082 Y141.668 E18.94155
G1 X60.398 Y141.914 F7800
G1 E16.94155 F2400
G92 E0
G1 X56.34 Y149.029 F7800
G1 E2 F2400
;TYPE:Internal infill
;WIDTH:0.45
G1 F1200
G1 X56.34 Y151.343 E2.1113
G1 X58.939 Y150.647 E2.24071
G1 X58.939 Y148.008 E2.36764
G1 X56.34 Y145.41 E2.54439
G1 X56.34 Y143.358 E2.64308
G1 X58.939 Y142.662 E2.77249
G1 X58.939 Y142.956 E2.78663
G1 X56.34 Y152.652 E3.26944
G1 X56.34 Y156.317 E3.44571
G1 X58.939 Y158.915 E3.62246
G1 X58.939 Y158.631 E3.63612
G1 X56.34 Y159.327 E3.76553
G1 X56.34 Y161.641 E3.87683
G1 E1.87683 F2400
G92 E0
G1 X59.367 Y163.557 F7800
G1 E2 F2400
;TYPE:Solid infill
;WIDTH:0.569069
G1 F1200
G1 X59.323 Y163.601 E2.00392
G1 X59.339 Y163.662 E2.00789
G1 X59.4 Y163.679 E2.01188
G1 X59.445 Y163.634 E2.01589
G1 X59.428 Y163.573 E2.01988
;WIDTH:0.45
G1 X59.324 Y162.929 E2.05126
G1 X60.073 Y163.677 E2.10217
G1 X60.618 Y163.677 E2.12838
G1 X59.324 Y162.383 E2.2164
G1 X59.324 Y161.838 E2.24261
G1 X61.163 Y163.677 E2.3677
G1 X61.709 Y163.677 E2.39396
G1 X59.324 Y161.293 E2.55615
G1 X59.324 Y160.747 E2.58241
G1 X62.254 Y163.677 E2.7817
G1 X62.8 Y163.677 E2.80796
G1 X59.324 Y160.202 E3.04436
G1 X59.324 Y159.656 E3.07062
G1 X63.345 Y163.677 E3.34412
G1 X63.89 Y163.677 E3.37033
G1 X59.324 Y159.111 E3.6809
G1 X59.324 Y158.566 E3.70711
G1 X64.436 Y163.677 E4.05479
G1 X64.981 Y163.677 E4.081
G1 X59.324 Y158.02 E4.46578
G1 X59.324 Y157.475 E4.49199
G1 X65.526 Y163.677 E4.91384
G1 X66.072 Y163.677 E4.9401
G1 X59.324 Y156.93 E5.39906
G1 X59.324 Y156.384 E5.42532
G1 X66.617 Y163.677 E5.92138
G1 X67.162 Y163.677 E5.94759
G1 X59.324 Y155.839 E6.48072
G1 X59.324 Y155.294 E6.50693
G1 X67.708 Y163.677 E7.07717
G1 X68.253 Y163.677 E7.10338
G1 X59.324 Y154.748 E7.71072
G1 X59.324 Y154.203 E7.73693
G1 X68.798 Y163.677 E8.38134
G1 X69.344 Y163.677 E8.4076
G1 X59.324 Y153.658 E9.08911
G1 X59.324 Y153.112 E9.11537
G1 X69.889 Y163.677 E9.83399
G1 X70.434 Y163.677 E9.8602
G1 X59.324 Y152.567 E10.61589
G1 X59.324 Y152.022 E10.6421
G1 X70.98 Y163.677 E11.43489
G1 X71.525 Y163.677 E11.4611
G1 X59.324 Y151.476 E12.291
G1 X59.324 Y150.931 E12.31721
G1 X72.07 Y163.677 E13.18418
G1 X72.616 Y163.677 E13.21044
G1 X59.324 Y150.386 E14.11451
G1 X59.324 Y149.84 E14.14077
G1 X73.161 Y163.677 E15.08195
G1 X73.706 Y163.677 E15.10816
G1 X59.324 Y149.295 E16.08641
G1 X59.324 Y148.75 E16.11262
G1 X74.252 Y163.677 E17.12797
G1 X74.797 Y163.677 E17.15418
G1 X59.324 Y148.204 E18.20663
G1 X59.324 Y147.659 E18.23284
G1 X75.343 Y163.677 E19.3224
G1 X75.888 Y163.677 E19.34861
G1 X59.324 Y147.113 E20.47527
G1 X59.324 Y146.568 E20.50148
G1 X76.433 Y163.677 E21.66521
G1 X76.979 Y163.677 E21.69147
G1 X59.324 Y146.023 E22.89231
G1 X59.324 Y145.477 E22.91857
G1 X77.524 Y163.677 E24.15651
G1 X78.069 Y163.677 E24.18272
G1 X59.324 Y144.932 E25.45773
G1 X59.324 Y144.387 E25.48394
G1 X78.615 Y163.677 E26.79606
G1 X79.16 Y163.677 E26.82227
G1 X59.324 Y143.841 E28.17149
G1 X59.324 Y143.296 E28.1977
G1 X79.705 Y163.677 E29.58399
G1 X80.251 Y163.677 E29.61025
G1 X59.324 Y142.751 E31.03364
G1 X59.29 Y142.323 E31.05429
;WIDTH:0.404381
G1 X59.404 Y142.398 E31.06008
G1 X59.811 Y142.749 E31.08287
;WIDTH:0.45
G1 X60.084 Y142.965 E31.09961
G1 X80.796 Y163.677 E32.50841
G1 X81.341 Y163.677 E32.53462
G1 X61.131 Y143.471 E33.90914
;WIDTH:0.404381
G1 X61.142 Y143.512 E33.91094
G1 X61.071 Y143.531 E33.91406
G1 X61.09 Y143.46 E33.91718
G1 X62.381 Y144.205 F7800
G1 F1200
G1 X62.362 Y144.276 E33.9203
G1 X62.433 Y144.257 E33.92342
G1 X62.422 Y144.216 E33.92522
;WIDTH:0.45
G1 X81.887 Y163.677 E35.24907
G1 X82.432 Y163.677 E35.27528
G1 X63.712 Y144.96 E36.54849
;WIDTH:0.404381
G1 X63.723 Y145.002 E36.55033
G1 X63.652 Y145.021 E36.55345
G1 X63.671 Y144.949 E36.55661
G1 X64.961 Y145.694 F7800
G1 F1200
G1 X64.942 Y145.766 E36.55977
G1 X65.013 Y145.746 E36.5629
G1 X65.002 Y145.705 E36.5647
;WIDTH:0.45
G1 X82.977 Y163.677 E37.78724
G1 X83.523 Y163.677 E37.8135
G1 X66.293 Y146.45 E38.98536
;WIDTH:0.404381
G1 X66.304 Y146.491 E38.98716
G1 X66.233 Y146.511 E38.99029
G1 X66.252 Y146.439 E38.99345
G1 X67.542 Y147.184 F7800
G1 F1200
G1 X67.523 Y147.255 E38.99657
G1 X67.594 Y147.236 E38.99969
G1 X67.583 Y147.195 E39.00149
;WIDTH:0.45
G1 X84.068 Y163.677 E40.12268
G1 X84.613 Y163.677 E40.14889
G1 X68.873 Y147.94 E41.2194
;WIDTH:0.404381
G1 X68.884 Y147.981 E41.2212
G1 X68.813 Y148 E41.22432
G1 X68.832 Y147.929 E41.22744
G1 X70.123 Y148.674 F7800
G1 F1200
G1 X70.103 Y148.745 E41.23057
G1 X70.175 Y148.726 E41.23373
G1 X70.164 Y148.685 E41.23553
;WIDTH:0.45
G1 X85.159 Y163.677 E42.25537
G1 X85.704 Y163.677 E42.28158
G1 X71.454 Y149.43 E43.25075
;WIDTH:0.404381
G1 X71.465 Y149.471 E43.25255
G1 X71.394 Y149.49 E43.25567
G1 X71.413 Y149.419 E43.25879
G1 X72.703 Y150.164 F7800
G1 F1200
G1 X72.684 Y150.235 E43.26191
G1 X72.755 Y150.216 E43.26503
G1 X72.744 Y150.175 E43.26683
;WIDTH:0.45
G1 X86.249 Y163.677 E44.18532
G1 X86.795 Y163.677 E44.21158
G1 X74.034 Y150.92 E45.07943
;WIDTH:0.404381
G1 X74.045 Y150.961 E45.08123
G1 X73.974 Y150.98 E45.08435
G1 X73.993 Y150.909 E45.08747
G1 X75.284 Y151.654 F7800
G1 F1200
G1 X75.265 Y151.725 E45.09059
G1 X75.336 Y151.706 E45.09371
G1 X75.325 Y151.665 E45.09551
;WIDTH:0.45
G1 X87.34 Y163.677 E45.91265
G1 X87.886 Y163.677 E45.93891
G1 X76.615 Y152.41 E46.70541
;WIDTH:0.404381
G1 X76.626 Y152.451 E46.70721
G1 X76.555 Y152.47 E46.71033
G1 X76.574 Y152.399 E46.71345
G1 X77.864 Y153.144 F7800
G1 F1200
G1 X77.845 Y153.215 E46.71657
G1 X77.916 Y153.196 E46.71969
G1 X77.905 Y153.155 E46.72149
;WIDTH:0.45
G1 X88.431 Y163.677 E47.43732
G1 X88.976 Y163.677 E47.46353
G1 X79.196 Y153.9 E48.12865
;WIDTH:0.404381
G1 X79.207 Y153.941 E48.13045
G1 X79.136 Y153.96 E48.13357
G1 X79.155 Y153.889 E48.13669
G1 X80.445 Y154.634 F7800
G1 F1200
G1 X80.426 Y154.705 E48.13981
G1 X80.497 Y154.686 E48.14293
G1 X80.486 Y154.645 E48.14473
;WIDTH:0.45
G1 X89.522 Y163.677 E48.75921
G1 X90.067 Y163.677 E48.78542
G1 X81.776 Y155.39 E49.34923
;WIDTH:0.404381
G1 X81.787 Y155.431 E49.35103
G1 X81.716 Y155.45 E49.35415
G1 X81.735 Y155.379 E49.35727
G1 X83.026 Y156.124 F7800
G1 F1200
G1 X83.007 Y156.195 E49.36039
G1 X83.078 Y156.176 E49.36351
G1 X83.067 Y156.135 E49.36531
;WIDTH:0.45
G1 X90.612 Y163.677 E49.87841
G1 X91.158 Y163.677 E49.90467
G1 X84.357 Y156.88 E50.36713
;WIDTH:0.404381
G1 X84.368 Y156.921 E50.36893
G1 X84.297 Y156.94 E50.37205
G1 X84.316 Y156.869 E50.37517
G1 X85.606 Y157.614 F7800
G1 F1200
G1 X85.587 Y157.685 E50.37829
G1 X85.658 Y157.666 E50.38141
G1 X85.647 Y157.625 E50.38321
;WIDTH:0.45
G1 X91.703 Y163.677 E50.795
G1 X92.248 Y163.677 E50.82121
G1 X86.938 Y158.37 E51.18229
;WIDTH:0.404381
G1 X86.949 Y158.411 E51.18409
G1 X86.877 Y158.43 E51.18725
G1 X86.896 Y158.359 E51.19037
G1 X88.187 Y159.104 F7800
G1 F1200
G1 X88.168 Y159.175 E51.19349
G1 X88.239 Y159.156 E51.19661
G1 X88.228 Y159.115 E51.19841
;WIDTH:0.45
G1 X92.794 Y163.677 E51.50885
G1 X93.339 Y163.677 E51.53506
G1 X89.518 Y159.86 E51.79482
;WIDTH:0.404381
G1 X89.529 Y159.901 E51.79662
G1 X89.458 Y159.92 E51.79974
G1 X89.477 Y159.849 E51.80286
G1 X90.767 Y160.594 F7800
G1 F1200
G1 X90.748 Y160.665 E51.80598
G1 X90.819 Y160.646 E51.8091
G1 X90.808 Y160.605 E51.8109
;WIDTH:0.45
G1 X93.884 Y163.677 E52.01999
G1 X94.43 Y163.677 E52.04625
G1 X92.099 Y161.35 E52.20467
;WIDTH:0.404381
G1 X92.11 Y161.391 E52.20647
G1 X92.039 Y161.41 E52.20959
G1 X92.058 Y161.339 E52.21271
G1 X93.348 Y162.084 F7800
G1 F1200
G1 X93.329 Y162.155 E52.21583
G1 X93.4 Y162.136 E52.21895
G1 X93.389 Y162.095 E52.22075
;WIDTH:0.45
G1 X94.713 Y163.415 E52.31067
G1 X94.981 Y163.156 E52.3286
;WIDTH:0.424682
G1 X95.113 Y163.288 E52.33699
G1 X95.16 Y163.462 E52.34509
G1 X94.958 Y163.69 E52.35878
G1 X95.911 Y163.69 E52.40161
G1 X95.423 Y163.354 E52.42824
G1 X94.845 Y163.02 E52.45824
G1 E50.45824 F2400
G92 E0
G1 X170.779 Y155.749 F7800
G1 E2 F2400
;TYPE:Perimeter
;WIDTH:0.521566
G1 F1200
G1 X171.053 Y156.206 E2.03038
G1 X168.087 Y156.206 E2.19951
G1 X168.361 Y155.749 E2.22989
G1 X170.719 Y155.749 E2.36435
G1 X171.018 Y155.328 F7800
;TYPE:External perimeter
;WIDTH:0.45
G1 F1200
G1 X171.798 Y156.628 E2.43727
G1 X167.342 Y156.628 E2.65159
G1 X168.122 Y155.328 E2.72451
G1 X170.958 Y155.328 E2.86091
G1 X171.203 Y155.644 F7800
G1 X172.457 Y154.107
;TYPE:Perimeter
G1 F1500
G1 X172.457 Y64.417 E7.17469
G1 X174.193 Y64.22 E7.25872
G1 X178.631 Y62.665 E7.4849
G1 X182.709 Y60.148 E7.71539
G1 X183.798 Y59.116 E7.78755
G1 X193.949 Y59.116 E8.27578
G1 X193.949 Y154.107 E12.84452
G1 X172.517 Y154.107 E13.87532
G1 X172.071 Y154.492 F7800
G1 F1500
G1 X172.071 Y64.073 E18.22416
G1 X174.106 Y63.841 E18.32267
G1 X178.464 Y62.315 E18.54475
G1 X182.472 Y59.841 E18.77129
G1 X183.644 Y58.731 E18.84893
G1 X194.334 Y58.731 E19.36308
G1 X194.334 Y154.492 E23.96885
G1 X172.131 Y154.492 E25.03674
G1 X171.686 Y154.878 F7800
;TYPE:External perimeter
G1 F1500
G1 X171.686 Y63.729 E29.42069
G1 X174.02 Y63.463 E29.53367
G1 X178.297 Y61.965 E29.75163
G1 X182.236 Y59.534 E29.97426
G1 X183.391 Y58.44 E30.05078
;TYPE:Overhang perimeter
;WIDTH:0.4
;HEIGHT:0.4
M106 S255
G1 X183.49 Y58.345 E30.05795
G1 X194.72 Y58.345 E30.64466
G1 X194.72 Y58.44 E30.64962
M107
;TYPE:External perimeter
;WIDTH:0.45
;HEIGHT:0.3
G1 X194.72 Y154.878 E35.28795
G1 X171.746 Y154.878 E36.39292
G1 X171.686 Y154.482 F7800
G1 E34.39292 F2400
G92 E0
G1 X172.798 Y152.693 F7800
G1 E2 F2400
;TYPE:Solid infill
;WIDTH:0.554153
G1 F1200
G1 X172.779 Y152.782 E2.00556
;WIDTH:0.515558
G1 X172.76 Y152.871 E2.01068
;WIDTH:0.476963
G1 X172.76 Y153.804 E2.05869
G1 X173.308 Y152.584 F7800
;WIDTH:0.45
G1 F1200
G1 X172.746 Y152.022 E2.09692
G1 X172.612 Y151.843 E2.10767
;WIDTH:0.404381
G1 X172.623 Y151.884 E2.10947
G1 X172.552 Y151.904 E2.1126
G1 X172.571 Y151.832 E2.11576
;WIDTH:0.45
G1 X172.746 Y151.476 E2.13484
G1 X173.854 Y152.584 E2.2102
G1 X174.399 Y152.584 E2.23641
G1 X172.746 Y150.931 E2.34885
G1 X172.746 Y150.385 E2.37511
G1 X174.944 Y152.584 E2.52465
G1 X175.49 Y152.584 E2.55091
G1 X172.746 Y149.84 E2.73755
G1 X172.746 Y149.295 E2.76376
G1 X176.035 Y152.584 E2.98747
G1 X176.58 Y152.584 E3.01368
G1 X172.746 Y148.749 E3.2745
G1 X172.746 Y148.204 E3.30071
G1 X177.126 Y152.584 E3.59863
G1 X177.671 Y152.584 E3.62484
G1 X172.746 Y147.659 E3.95983
G1 X172.746 Y147.113 E3.98609
G1 X178.216 Y152.584 E4.35819
G1 X178.762 Y152.584 E4.38445
G1 X172.746 Y146.568 E4.79365
G1 X172.746 Y146.023 E4.81986
G1 X179.307 Y152.584 E5.26613
G1 X179.852 Y152.584 E5.29234
G1 X172.746 Y145.477 E5.77572
G1 X172.746 Y144.932 E5.80193
G1 X180.398 Y152.584 E6.32241
G1 X180.943 Y152.584 E6.34862
G1 X172.746 Y144.387 E6.90617
G1 X172.746 Y143.841 E6.93243
G1 X181.488 Y152.584 E7.52708
G1 X182.034 Y152.584 E7.55334
G1 X172.746 Y143.296 E8.1851
G1 X172.746 Y142.751 E8.21131
G1 X182.579 Y152.584 E8.88014
G1 X183.125 Y152.584 E8.9064
G1 X172.746 Y142.205 E9.61237
G1 X172.746 Y141.66 E9.63858
G1 X183.67 Y152.584 E10.38162
G1 X184.215 Y152.584 E10.40783
G1 X172.746 Y141.115 E11.18794
G1 X172.746 Y140.569 E11.2142
G1 X184.761 Y152.584 E12.03145
G1 X185.306 Y152.584 E12.05766
G1 X172.746 Y140.024 E12.91198
G1 X172.746 Y139.479 E12.93819
G1 X185.851 Y152.584 E13.82958
G1 X186.397 Y152.584 E13.85584
G1 X172.746 Y138.933 E14.78436
G1 X172.746 Y138.388 E14.81057
G1 X186.942 Y152.584 E15.77616
G1 X187.487 Y152.584 E15.80237
G1 X172.746 Y137.842 E16.80507
G1 X172.746 Y137.297 E16.83128
G1 X188.033 Y152.584 E17.87108
G1 X188.578 Y152.584 E17.89729
G1 X172.746 Y136.752 E18.97416
G1 X172.746 Y136.206 E19.00042
G1 X189.123 Y152.584 E20.1144
G1 X189.669 Y152.584 E20.14066
G1 X172.746 Y135.661 E21.29174
G1 X172.746 Y135.116 E21.31795
G1 X190.214 Y152.584 E22.5061
G1 X190.759 Y152.584 E22.53231
G1 X172.746 Y134.57 E23.75757
G1 X172.746 Y134.025 E23.78378
G1 X191.305 Y152.584 E25.04614
G1 X191.85 Y152.584 E25.07235
G1 X172.746 Y133.48 E26.37178
G1 X172.746 Y132.934 E26.39804
G1 X192.395 Y152.584 E27.73457
G1 X192.941 Y152.584 E27.76083
G1 X172.746 Y132.389 E29.13447
G1 X172.746 Y131.844 E29.16068
G1 X193.486 Y152.584 E30.57139
G1 X193.742 Y152.636 E30.58395
;WIDTH:0.404381
G1 X193.723 Y152.707 E30.58707
G1 X193.794 Y152.688 E30.59019
G1 X193.783 Y152.647 E30.59199
;WIDTH:0.45
G1 X193.66 Y152.212 E30.61373
G1 X172.746 Y131.298 E32.03627
G1 X172.746 Y130.753 E32.06248
G1 X193.66 Y151.666 E33.48499
G1 X193.66 Y151.121 E33.5112
G1 X172.746 Y130.208 E34.93371
G1 X172.746 Y129.662 E34.95997
G1 X193.66 Y150.576 E36.38251
G1 X193.66 Y150.03 E36.40877
G1 X172.746 Y129.117 E37.83128
G1 X172.746 Y128.572 E37.85749
G1 X193.66 Y149.485 E39.28
G1 X193.66 Y148.94 E39.30621
G1 X172.746 Y128.026 E40.72875
G1 X172.746 Y127.481 E40.75496
G1 X193.66 Y148.394 E42.17747
G1 X193.66 Y147.849 E42.20368
G1 X172.746 Y126.936 E43.62619
G1 X172.746 Y126.39 E43.65245
G1 X193.66 Y147.304 E45.07499
G1 X193.66 Y146.758 E45.10125
G1 X172.746 Y125.845 E46.52376
G1 X172.746 Y125.3 E46.54997
G1 X193.66 Y146.213 E47.97248
G1 X193.66 Y145.667 E47.99874
G1 X172.746 Y124.754 E49.42125
G1 X172.746 Y124.209 E49.44746
G1 X193.66 Y145.122 E50.86997
G1 X193.66 Y144.577 E50.89618
G1 X172.746 Y123.663 E52.31872
G1 X172.746 Y123.118 E52.34493
G1 X193.66 Y144.031 E53.76744
G1 X193.66 Y143.486 E53.79365
G1 X172.746 Y122.573 E55.21616
G1 X172.746 Y122.027 E55.24242
G1 X193.66 Y142.941 E56.66496
G1 X193.66 Y142.395 E56.69122
G1 X172.746 Y121.482 E58.11373
G1 X172.746 Y120.937 E58.13994
G1 X193.66 Y141.85 E59.56245
G1 X193.66 Y141.305 E59.58866
G1 X172.746 Y120.391 E61.0112
G1 X172.746 Y119.846 E61.03741
G1 X193.66 Y140.759 E62.45992
G1 X193.66 Y140.214 E62.48613
G1 X172.746 Y119.301 E63.90864
G1 X172.746 Y118.755 E63.9349
G1 X193.66 Y139.669 E65.35744
G1 X193.66 Y139.123 E65.3837
G1 X172.746 Y118.21 E66.80621
G1 X172.746 Y117.665 E66.83242
G1 X193.66 Y138.578 E68.25493
G1 X193.66 Y138.033 E68.28114
G1 X172.746 Y117.119 E69.70368
G1 X172.746 Y116.574 E69.72989
G1 X193.66 Y137.487 E71.1524
G1 X193.66 Y136.942 E71.17861
G1 X172.746 Y116.029 E72.60112
G1 X172.746 Y115.483 E72.62738
G1 X193.66 Y136.397 E74.04992
G1 X193.66 Y135.851 E74.07618
G1 X172.746 Y114.938 E75.49869
G1 X172.746 Y114.393 E75.5249
G1 X193.66 Y135.306 E76.94741
G1 X193.66 Y134.761 E76.97362
G1 X172.746 Y113.847 E78.39616
G1 X172.746 Y113.302 E78.42237
G1 X193.66 Y134.215 E79.84488
G1 X193.66 Y133.67 E79.87109
G1 X172.746 Y112.757 E81.2936
G1 X172.746 Y112.211 E81.31986
G1 X193.66 Y133.124 E82.74237
G1 X193.66 Y132.579 E82.76858
G1 X172.746 Y111.666 E84.19109
G1 X172.746 Y111.12 E84.21735
G1 X193.66 Y132.034 E85.63989
G1 X193.66 Y131.488 E85.66615
G1 X172.746 Y110.575 E87.08866
G1 X172.746 Y110.03 E87.11487
G1 X193.66 Y130.943 E88.53738
G1 X193.66 Y130.398 E88.56359
G1 X172.746 Y109.484 E89.98613
G1 X172.746 Y108.939 E90.01234
G1 X193.66 Y129.852 E91.43485
G1 X193.66 Y129.307 E91.46106
G1 X172.746 Y108.394 E92.88357
G1 X172.746 Y107.848 E92.90983
G1 X193.66 Y128.762 E94.33237
G1 X193.66 Y128.216 E94.35863
G1 X172.746 Y107.303 E95.78114
G1 X172.746 Y106.758 E95.80735
G1 X193.66 Y127.671 E97.22986
G1 X193.66 Y127.126 E97.25607
G1 X172.746 Y106.212 E98.67861
G1 X172.746 Y105.667 E98.70482
G1 X193.66 Y126.58 E100.12733
G1 X193.66 Y126.035 E100.15354
G1 X172.746 Y105.122 E101.57605
G1 X172.746 Y104.576 E101.60231
G1 X193.66 Y125.49 E103.02485
G1 X193.66 Y124.944 E103.05111
G1 X172.746 Y104.031 E104.47362
G1 X172.746 Y103.486 E104.49983
G1 X193.66 Y124.399 E105.92234
G1 X193.66 Y123.854 E105.94855
G1 X172.746 Y102.94 E107.37109
G1 X172.746 Y102.395 E107.3973
G1 X193.66 Y123.308 E108.81981
G1 X193.66 Y122.763 E108.84602
G1 X172.746 Y101.85 E110.26853
G1 X172.746 Y101.304 E110.29479
G1 X193.66 Y122.218 E111.71733
G1 X193.66 Y121.672 E111.74359
G1 X172.746 Y100.759 E113.1661
G1 X172.746 Y100.214 E113.19231
G1 X193.66 Y121.127 E114.61482
G1 X193.66 Y120.581 E114.64108
G1 X172.746 Y99.668 E116.06359
G1 X172.746 Y99.123 E116.0898
G1 X193.66 Y120.036 E117.51231
G1 X193.66 Y119.491 E117.53852
G1 X172.746 Y98.577 E118.96106
G1 X172.746 Y98.032 E118.98727
G1 X193.66 Y118.945 E120.40978
G1 X193.66 Y118.4 E120.43599
G1 X172.746 Y97.487 E121.8585
G1 X172.746 Y96.941 E121.88476
G1 X193.66 Y117.855 E123.3073
G1 X193.66 Y117.309 E123.33356
G1 X172.746 Y96.396 E124.75607
G1 X172.746 Y95.851 E124.78228
G1 X193.66 Y116.764 E126.20479
G1 X193.66 Y116.219 E126.231
G1 X172.746 Y95.305 E127.65354
G1 X172.746 Y94.76 E127.67975
G1 X193.66 Y115.673 E129.10226
G1 X193.66 Y115.128 E129.12847
G1 X172.746 Y94.215 E130.55098
G1 X172.746 Y93.669 E130.57724
G1 X193.66 Y114.583 E131.99978
G1 X193.66 Y114.037 E132.02604
G1 X172.746 Y93.124 E133.44855
G1 X172.746 Y92.579 E133.47476
G1 X193.66 Y113.492 E134.89727
G1 X193.66 Y112.947 E134.92348
G1 X172.746 Y92.033 E136.34602
G1 X172.746 Y91.488 E136.37223
G1 X193.66 Y112.401 E137.79474
G1 X193.66 Y111.856 E137.82095
G1 X172.746 Y90.943 E139.24346
G1 X172.746 Y90.397 E139.26972
G1 X193.66 Y111.311 E140.69226
G1 X193.66 Y110.765 E140.71852
G1 X172.746 Y89.852 E142.14103
G1 X172.746 Y89.307 E142.16724
G1 X193.66 Y110.22 E143.58975
G1 X193.66 Y109.675 E143.61596
G1 X172.746 Y88.761 E145.0385
G1 X172.746 Y88.216 E145.06471
G1 X193.66 Y109.129 E146.48722
G1 X193.66 Y108.584 E146.51343
G1 X172.746 Y87.671 E147.93594
G1 X172.746 Y87.125 E147.9622
G1 X193.66 Y108.038 E149.38471
G1 X193.66 Y107.493 E149.41092
G1 X172.746 Y86.58 E150.83343
G1 X172.746 Y86.034 E150.85969
G1 X193.66 Y106.948 E152.28223
G1 X193.66 Y106.402 E152.30849
G1 X172.746 Y85.489 E153.731
G1 X172.746 Y84.944 E153.75721
G1 X193.66 Y105.857 E155.17972
G1 X193.66 Y105.312 E155.20593
G1 X172.746 Y84.398 E156.62847
G1 X172.746 Y83.853 E156.65468
G1 X193.66 Y104.766 E158.07719
G1 X193.66 Y104.221 E158.1034
G1 X172.746 Y83.308 E159.52591
G1 X172.746 Y82.762 E159.55217
G1 X193.66 Y103.676 E160.97471
G1 X193.66 Y103.13 E161.00097
G1 X172.746 Y82.217 E162.42348
G1 X172.746 Y81.672 E162.44969
G1 X193.66 Y102.585 E163.8722
G1 X193.66 Y102.04 E163.89841
G1 X172.746 Y81.126 E165.32095
G1 X172.746 Y80.581 E165.34716
G1 X193.66 Y101.494 E166.76967
G1 X193.66 Y100.949 E166.79588
G1 X172.746 Y80.036 E168.21839
G1 X172.746 Y79.49 E168.24465
G1 X193.66 Y100.404 E169.66719
G1 X193.66 Y99.858 E169.69345
G1 X172.746 Y78.945 E171.11596
G1 X172.746 Y78.4 E171.14217
G1 X193.66 Y99.313 E172.56468
G1 X193.66 Y98.768 E172.59089
G1 X172.746 Y77.854 E174.01343
G1 X172.746 Y77.309 E174.03964
G1 X193.66 Y98.222 E175.46215
G1 X193.66 Y97.677 E175.48836
G1 X172.746 Y76.764 E176.91087
G1 X172.746 Y76.218 E176.93713
G1 X193.66 Y97.132 E178.35967
G1 X193.66 Y96.586 E178.38593
G1 X172.746 Y75.673 E179.80844
G1 X172.746 Y75.128 E179.83465
G1 X193.66 Y96.041 E181.25716
G1 X193.66 Y95.496 E181.28337
G1 X172.746 Y74.582 E182.70591
G1 X172.746 Y74.037 E182.73212
G1 X193.66 Y94.95 E184.15463
G1 X193.66 Y94.405 E184.18084
G1 X172.746 Y73.491 E185.60338
G1 X172.746 Y72.946 E185.62959
G1 X193.66 Y93.859 E187.0521
G1 X193.66 Y93.314 E187.07831
G1 X172.746 Y72.401 E188.50082
G1 X172.746 Y71.855 E188.52708
G1 X193.66 Y92.769 E189.94962
G1 X193.66 Y92.223 E189.97588
G1 X172.746 Y71.31 E191.39839
G1 X172.746 Y70.765 E191.4246
G1 X193.66 Y91.678 E192.84711
G1 X193.66 Y91.133 E192.87332
G1 X172.746 Y70.219 E194.29586
G1 X172.746 Y69.674 E194.32207
G1 X193.66 Y90.587 E195.74458
G1 X193.66 Y90.042 E195.77079
G1 X172.746 Y69.129 E197.1933
G1 X172.746 Y68.583 E197.21956
G1 X193.66 Y89.497 E198.6421
G1 X193.66 Y88.951 E198.66836
G1 X172.746 Y68.038 E200.09087
G1 X172.746 Y67.493 E200.11708
G1 X193.66 Y88.406 E201.53959
G1 X193.66 Y87.861 E201.5658
G1 X172.746 Y66.947 E202.98834
G1 X172.746 Y66.402 E203.01455
G1 X193.66 Y87.315 E204.43706
G1 X193.66 Y86.77 E204.46327
G1 X172.746 Y65.857 E205.88578
G1 X172.746 Y65.311 E205.91204
G1 X193.66 Y86.225 E207.33458
G1 X193.66 Y85.679 E207.36084
G1 X172.746 Y64.766 E208.78335
G1 X173.155 Y64.629 E208.8041
G1 X193.66 Y85.134 E210.19882
G1 X193.66 Y84.589 E210.22503
G1 X173.644 Y64.573 E211.58649
G1 X174.133 Y64.517 E211.61016
G1 X193.66 Y84.043 E212.93833
G1 X193.66 Y83.498 E212.96454
G1 X174.559 Y64.398 E214.26373
G1 X174.963 Y64.256 E214.28433
G1 X193.66 Y82.953 E215.55608
G1 X193.66 Y82.407 E215.58234
G1 X175.366 Y64.114 E216.82664
G1 X175.77 Y63.972 E216.84724
G1 X193.66 Y81.862 E218.0641
G1 X193.66 Y81.316 E218.09036
G1 X176.173 Y63.83 E219.27977
G1 X176.576 Y63.688 E219.30032
G1 X193.66 Y80.771 E220.46232
G1 X193.66 Y80.226 E220.48853
G1 X176.98 Y63.546 E221.62308
G1 X177.383 Y63.404 E221.64363
G1 X193.66 Y79.68 E222.75074
G1 X193.66 Y79.135 E222.77695
G1 X177.787 Y63.262 E223.85661
G1 X178.19 Y63.12 E223.87716
G1 X193.66 Y78.59 E224.92941
G1 X193.66 Y78.044 E224.95567
G1 X178.594 Y62.978 E225.98044
G1 X178.956 Y62.796 E225.99993
G1 X193.66 Y77.499 E227.00004
G1 X193.66 Y76.954 E227.02625
G1 X179.806 Y63.1 E227.96858
G1 X179.533 Y62.977 E227.98298
;WIDTH:0.447041
G1 X179.314 Y62.574 E228.00487
G1 X182.611 Y60.54 E228.18976
;WIDTH:0.444179
G1 X183.057 Y60.192 E228.21656
;WIDTH:0.434673
G1 X183.154 Y60.106 E228.22255
;WIDTH:0.45
G1 X183.913 Y59.406 E228.27221
G1 X193.66 Y59.406 E228.74101
G1 X193.66 Y60.14 E228.77631
G1 X183.242 Y60.147 E229.27738
G1 X184.058 Y59.773 F7800
;WIDTH:0.413375
G1 F1200
G1 X193.292 Y59.773 E229.67932
G1 E227.67932 F2400
G92 E0
G1 X180.351 Y63.1 F7800
G1 E2 F2400
;WIDTH:0.45
G1 F1200
G1 X193.66 Y76.408 E2.90523
G1 X193.66 Y75.863 E2.93144
G1 X180.897 Y63.1 E3.79956
G1 X181.442 Y63.1 E3.82577
G1 X193.66 Y75.318 E4.65682
G1 X193.66 Y74.772 E4.68308
G1 X181.987 Y63.1 E5.47703
G1 X182.533 Y63.1 E5.50329
G1 X193.66 Y74.227 E6.26013
G1 X193.66 Y73.682 E6.28634
G1 X183.078 Y63.1 E7.00611
G1 X183.623 Y63.1 E7.03232
G1 X193.66 Y73.136 E7.71499
G1 X193.66 Y72.591 E7.7412
G1 X184.169 Y63.1 E8.38677
G1 X184.714 Y63.1 E8.41298
G1 X193.66 Y72.046 E9.02148
G1 X193.66 Y71.5 E9.04774
G1 X185.259 Y63.1 E9.61913
G1 X185.805 Y63.1 E9.64539
G1 X193.66 Y70.955 E10.17968
G1 X193.66 Y70.41 E10.20589
G1 X186.35 Y63.1 E10.70311
G1 X186.896 Y63.1 E10.72937
G1 X193.66 Y69.864 E11.18945
G1 X193.66 Y69.319 E11.21566
G1 X187.441 Y63.1 E11.63867
G1 X187.986 Y63.1 E11.66488
G1 X193.66 Y68.773 E12.05078
G1 X193.66 Y68.228 E12.07699
G1 X188.532 Y63.1 E12.42579
G1 X189.077 Y63.1 E12.452
G1 X193.66 Y67.683 E12.76373
G1 X193.66 Y67.137 E12.78999
G1 X189.622 Y63.1 E13.06462
G1 X190.168 Y63.1 E13.09088
G1 X193.66 Y66.592 E13.3284
G1 X193.66 Y66.047 E13.35461
G1 X190.713 Y63.1 E13.55506
G1 X191.258 Y63.1 E13.58127
G1 X193.66 Y65.501 E13.74462
G1 X193.66 Y64.956 E13.77083
G1 X191.804 Y63.1 E13.89707
G1 X193.66 Y63.1 E13.98634
G1 X193.66 Y64.411 E14.04939
G1 X192.485 Y63.236 E14.12931
G1 X193.66 Y61.988 F7800
;TYPE:Internal infill
;WIDTH:0.45
G1 F1200
G1 X193.66 Y60.526 E14.19963
G1 X192.808 Y60.526 E14.24061
G1 X192.222 Y62.715 E14.3496
G1 X191.784 Y62.715 E14.37067
G1 X189.596 Y60.526 E14.51953
G1 X186.685 Y60.526 E14.65954
G1 X180.815 Y62.099 E14.95183
G1 X180.473 Y62.31 E14.97116
G1 X180.877 Y62.715 E14.99867
G1 X184.237 Y62.715 E15.16027
G1 X184.824 Y60.526 E15.26927
G1 X183.214 Y60.526 E15.34671
G1 X182.662 Y60.959 E15.38045
G1 E13.38045 F2400
G92 E0
G1 X189.677 Y152.969 F7800
G1 E2 F2400
G1 F1200
G1 X191.991 Y152.969 E2.1113
G1 X191.764 Y153.817 E2.15352
G1 X184.724 Y153.817 E2.49212
G1 X183.876 Y152.969 E2.5498
G1 X184.007 Y152.969 E2.5561
G1 X183.78 Y153.817 E2.59832
G1 X181.466 Y153.817 E2.70962
G1 E.70962 F2400
G92 E0
G1 X178.336 Y152.969 F7800
G1 E2 F2400
G1 F1200
G1 X176.022 Y152.969 E2.1113
G1 X175.795 Y153.817 E2.15352
G1 X173.817 Y153.817 E2.24866
G1 X173.159 Y153.159 E2.29342
G1 X173.159 Y152.969 E2.30256
G1 X175.283 Y152.969 E2.40472
G1 E.40472 F2400
G92 E0
G1 X166.683 Y154.107 F7800
G1 E2 F2400
;TYPE:Perimeter
;WIDTH:0.45
G1 F1500
G1 X145.191 Y154.107 E3.03369
G1 X145.191 Y142.57 E3.58858
G1 X145.121 Y142.208 E3.60631
G1 X144.905 Y141.884 E3.62504
G1 X144.654 Y141.705 E3.63987
G1 X144.227 Y141.606 E3.66095
G1 X144.061 Y141.62 E3.66896
G1 X143.745 Y141.735 E3.68513
G1 X108.492 Y162.088 E5.64297
G1 X108.304 Y162.229 E5.65427
G1 X108.143 Y162.434 E5.66681
G1 X108.037 Y162.695 E5.68036
G1 X108.01 Y162.923 E5.6914
G1 X108.01 Y163.966 E5.74156
G1 X104.752 Y163.966 E5.89826
G1 X104.752 Y140.584 E7.02285
G1 X144.227 Y140.584 E8.92146
G1 X144.654 Y140.484 E8.94255
G1 X144.905 Y140.305 E8.95738
G1 X145.121 Y139.981 E8.97611
G1 X145.191 Y139.62 E8.9938
G1 X145.191 Y59.116 E12.86576
G1 X155.342 Y59.116 E13.35399
G1 X156.359 Y60.08 E13.42139
G1 X156.559 Y60.227 E13.43333
G1 X160.509 Y62.665 E13.65658
G1 X164.947 Y64.22 E13.88276
G1 X166.683 Y64.417 E13.96679
G1 X166.683 Y154.047 E18.27768
G1 X167.069 Y154.492 F7800
G1 F1500
G1 X144.806 Y154.492 E19.34845
G1 X144.801 Y142.497 E19.92537
G1 X144.707 Y142.246 E19.93826
G1 X144.483 Y142.051 E19.95254
G1 X144.227 Y141.991 E19.96519
G1 X143.938 Y142.069 E19.97959
G1 X108.684 Y162.422 E21.93747
G1 X108.475 Y162.63 E21.95165
G1 X108.395 Y162.923 E21.96626
G1 X108.395 Y164.352 E22.03499
G1 X104.366 Y164.352 E22.22877
G1 X104.366 Y140.198 E23.39049
G1 X144.227 Y140.198 E25.30767
G1 X144.483 Y140.138 E25.32032
G1 X144.634 Y140.031 E25.32922
G1 X144.743 Y139.881 E25.33814
G1 X144.806 Y139.62 E25.35105
G1 X144.806 Y58.731 E29.24153
G1 X155.496 Y58.731 E29.75568
G1 X156.668 Y59.841 E29.83332
G1 X160.676 Y62.315 E30.05986
G1 X165.034 Y63.841 E30.28194
G1 X167.069 Y64.073 E30.38045
G1 X167.069 Y154.432 E34.7264
G1 X167.454 Y154.878 F7800
;TYPE:External perimeter
G1 F1500
G1 X144.42 Y154.878 E35.83426
G1 X144.42 Y142.57 E36.42623
G1 X144.363 Y142.433 E36.43337
G1 X144.227 Y142.377 E36.44044
G1 X144.131 Y142.403 E36.44522
G1 X108.843 Y162.776 E38.405
G1 X108.781 Y162.923 E38.41267
G1 X108.781 Y164.738 E38.49997
G1 X103.981 Y164.738 E38.73083
G1 X103.981 Y139.813 E39.92964
G1 X144.227 Y139.813 E41.86533
G1 X144.363 Y139.757 E41.8724
G1 X144.42 Y139.62 E41.87954
G1 X144.42 Y58.44 E45.78402
;TYPE:Overhang perimeter
;WIDTH:0.4
;HEIGHT:0.4
M106 S255
G1 X144.42 Y58.345 E45.78898
G1 X155.65 Y58.345 E46.37569
G1 X155.749 Y58.44 E46.38286
M107
;TYPE:External perimeter
;WIDTH:0.45
;HEIGHT:0.3
G1 X156.904 Y59.534 E46.45938
G1 X160.843 Y61.965 E46.68201
G1 X165.12 Y63.463 E46.89997
G1 X167.454 Y63.729 E47.01295
G1 X167.454 Y154.818 E51.39401
G1 X167.059 Y154.877 F7800
G1 E49.39401 F2400
G92 E0
G1 X165.224 Y153.817 F7800
G1 E2 F2400
;TYPE:Internal infill
;WIDTH:0.45
G1 F1200
G1 X162.91 Y153.817 E2.1113
G1 X162.062 Y152.969 E2.16898
G1 X160.053 Y152.969 E2.26561
G1 X159.826 Y153.817 E2.30783
G1 X157.512 Y153.817 E2.41913
G1 E.41913 F2400
G92 E0
G1 X154.383 Y152.969 F7800
G1 E2 F2400
G1 F1200
G1 X152.069 Y152.969 E2.1113
G1 X151.842 Y153.817 E2.15352
G1 X152.003 Y153.817 E2.16126
G1 X151.155 Y152.969 E2.21894
G1 X148.842 Y152.969 E2.33019
G1 E.33019 F2400
G92 E0
G1 X105.041 Y143.964 F7800
G1 E2 F2400
G1 F1200
G1 X105.041 Y146.278 E2.1113
G1 X107.639 Y145.582 E2.24066
G1 X107.639 Y142.174 E2.40457
G1 X106.338 Y140.873 E2.49306
G1 X107.403 Y140.873 E2.54428
G1 X105.041 Y149.689 E2.98325
G1 X105.041 Y150.483 E3.02144
G1 X107.639 Y153.081 E3.19815
G1 X107.639 Y153.566 E3.22148
G1 X105.041 Y154.262 E3.35084
G1 X105.041 Y156.576 E3.46214
G1 E1.46214 F2400
G92 E0
G1 X108.025 Y157.629 F7800
G1 E2 F2400
;TYPE:Solid infill
;WIDTH:0.45
G1 F1200
G1 X110.811 Y160.415 E2.1895
G1 X108.338 Y161.843 E2.32685
G1 X108.025 Y162.125 E2.34711
G1 X108.025 Y157.822 E2.55407
G1 X107.849 Y156.895 F7800
;WIDTH:0.404381
G1 F1200
G1 X107.83 Y156.966 E2.55719
G1 X107.901 Y156.947 E2.56031
G1 X107.89 Y156.906 E2.56211
;WIDTH:0.45
G1 X108.025 Y157.084 E2.57285
G1 X111.157 Y160.216 E2.78588
G1 X111.503 Y160.016 E2.8051
G1 X108.025 Y156.539 E3.04164
G1 X108.025 Y155.993 E3.0679
G1 X111.848 Y159.816 E3.32794
G1 X112.194 Y159.617 E3.34714
G1 X108.025 Y155.448 E3.63071
G1 X108.025 Y154.902 E3.65697
G1 X112.54 Y159.417 E3.96407
G1 X112.885 Y159.218 E3.98323
G1 X108.025 Y154.357 E4.31384
G1 X108.025 Y153.812 E4.34005
G1 X113.231 Y159.018 E4.69416
G1 X113.577 Y158.818 E4.71338
G1 X108.025 Y153.266 E5.09102
G1 X108.025 Y152.721 E5.11723
G1 X113.923 Y158.619 E5.5184
G1 X114.268 Y158.419 E5.53758
G1 X108.025 Y152.176 E5.96222
G1 X108.025 Y151.63 E5.98848
G1 X114.614 Y158.22 E6.43669
G1 X114.96 Y158.02 E6.45591
G1 X108.025 Y151.085 E6.92762
G1 X108.025 Y150.54 E6.95383
G1 X115.306 Y157.82 E7.44904
G1 X115.651 Y157.621 E7.4682
G1 X108.025 Y149.994 E7.98695
G1 X108.025 Y149.449 E8.01316
G1 X115.997 Y157.421 E8.55541
G1 X116.343 Y157.222 E8.57461
G1 X108.025 Y148.904 E9.14039
G1 X108.025 Y148.358 E9.16665
G1 X116.689 Y157.022 E9.75596
G1 X117.034 Y156.822 E9.77514
G1 X108.025 Y147.813 E10.38792
G1 X108.025 Y147.268 E10.41413
G1 X117.38 Y156.623 E11.05045
G1 X117.726 Y156.423 E11.06967
G1 X108.025 Y146.722 E11.72952
G1 X108.025 Y146.177 E11.75573
G1 X118.072 Y156.223 E12.43908
G1 X118.417 Y156.024 E12.45824
G1 X108.025 Y145.632 E13.16509
G1 X108.025 Y145.086 E13.19135
G1 X118.763 Y155.824 E13.92174
G1 X119.109 Y155.625 E13.94094
G1 X108.025 Y144.541 E14.69486
G1 X108.025 Y143.996 E14.72107
G1 X119.454 Y155.425 E15.49846
G1 X119.8 Y155.225 E15.51768
G1 X108.025 Y143.45 E16.3186
G1 X108.025 Y142.905 E16.34481
G1 X120.146 Y155.026 E17.16927
G1 X120.492 Y154.826 E17.18849
G1 X108.025 Y142.359 E18.03648
G1 X108.025 Y141.814 E18.06269
G1 X120.837 Y154.627 E18.93418
G1 X121.183 Y154.427 E18.9534
G1 X108.025 Y141.269 E19.84839
G1 X107.914 Y140.732 E19.87476
;WIDTH:0.404381
G1 X107.895 Y140.803 E19.87788
G1 X107.966 Y140.784 E19.881
G1 X107.955 Y140.743 E19.8828
;WIDTH:0.45
G1 X108.175 Y140.873 E19.89509
G1 X121.529 Y154.227 E20.80341
G1 X121.875 Y154.028 E20.82261
G1 X108.72 Y140.873 E21.7174
G1 X109.265 Y140.873 E21.74361
G1 X122.22 Y153.828 E22.62479
G1 X122.566 Y153.629 E22.64399
G1 X109.811 Y140.873 E23.5116
G1 X110.356 Y140.873 E23.53781
G1 X122.912 Y153.429 E24.39185
G1 X123.258 Y153.229 E24.41107
G1 X110.901 Y140.873 E25.25154
G1 X111.447 Y140.873 E25.2778
G1 X123.603 Y153.03 E26.10467
G1 X123.949 Y152.83 E26.12389
G1 X111.992 Y140.873 E26.93719
G1 X112.537 Y140.873 E26.9634
G1 X124.295 Y152.63 E27.76313
G1 X124.641 Y152.431 E27.78233
G1 X113.083 Y140.873 E28.56849
G1 X113.628 Y140.873 E28.5947
G1 X124.986 Y152.231 E29.36726
G1 X125.332 Y152.032 E29.38646
G1 X114.173 Y140.873 E30.14548
G1 X114.719 Y140.873 E30.17174
G1 X125.678 Y151.832 E30.91716
G1 X126.023 Y151.632 E30.93634
G1 X115.264 Y140.873 E31.66815
G1 X115.809 Y140.873 E31.69436
G1 X126.369 Y151.433 E32.41264
G1 X126.715 Y151.233 E32.43186
G1 X116.355 Y140.873 E33.13653
G1 X116.9 Y140.873 E33.16274
G1 X127.061 Y151.034 E33.85388
G1 X127.406 Y150.834 E33.87306
G1 X117.445 Y140.873 E34.55059
G1 X117.991 Y140.873 E34.57685
G1 X127.752 Y150.634 E35.24078
G1 X128.098 Y150.435 E35.25998
G1 X118.536 Y140.873 E35.91038
G1 X119.082 Y140.873 E35.93664
G1 X128.444 Y150.235 E36.57343
G1 X128.789 Y150.036 E36.59259
G1 X119.627 Y140.873 E37.21581
G1 X120.172 Y140.873 E37.24202
G1 X129.135 Y149.836 E37.85167
G1 X129.481 Y149.636 E37.87089
G1 X120.718 Y140.873 E38.46694
G1 X121.263 Y140.873 E38.49315
G1 X129.827 Y149.437 E39.07566
G1 X130.172 Y149.237 E39.09484
G1 X121.808 Y140.873 E39.66375
G1 X122.354 Y140.873 E39.69001
G1 X130.518 Y149.037 E40.24532
G1 X130.864 Y148.838 E40.26452
G1 X122.899 Y140.873 E40.80629
G1 X123.444 Y140.873 E40.8325
G1 X131.21 Y148.638 E41.3607
G1 X131.555 Y148.439 E41.37986
G1 X123.99 Y140.873 E41.89446
G1 X124.535 Y140.873 E41.92067
G1 X131.901 Y148.239 E42.4217
G1 X132.247 Y148.039 E42.44092
G1 X125.08 Y140.873 E42.92838
G1 X125.626 Y140.873 E42.95464
G1 X132.592 Y147.84 E43.42849
G1 X132.938 Y147.64 E43.44771
G1 X126.171 Y140.873 E43.90799
G1 X126.716 Y140.873 E43.9342
G1 X133.284 Y147.441 E44.38095
G1 X133.63 Y147.241 E44.40017
G1 X127.262 Y140.873 E44.83331
G1 X127.807 Y140.873 E44.85952
G1 X133.975 Y147.041 E45.27906
G1 X134.321 Y146.842 E45.29826
G1 X128.352 Y140.873 E45.70426
G1 X128.898 Y140.873 E45.73052
G1 X134.667 Y146.642 E46.12292
G1 X135.013 Y146.443 E46.14212
G1 X129.443 Y140.873 E46.52098
G1 X129.988 Y140.873 E46.54719
G1 X135.358 Y146.243 E46.91245
G1 X135.704 Y146.043 E46.93167
G1 X130.534 Y140.873 E47.28333
G1 X131.079 Y140.873 E47.30954
G1 X136.05 Y145.844 E47.64766
G1 X136.396 Y145.644 E47.66688
G1 X131.625 Y140.873 E47.9914
G1 X132.17 Y140.873 E48.01761
G1 X136.741 Y145.444 E48.32852
G1 X137.087 Y145.245 E48.34772
G1 X132.715 Y140.873 E48.6451
G1 X133.261 Y140.873 E48.67136
G1 X137.433 Y145.045 E48.95513
G1 X137.779 Y144.846 E48.97433
G1 X133.806 Y140.873 E49.24457
G1 X134.351 Y140.873 E49.27078
G1 X138.124 Y144.646 E49.52741
G1 X138.47 Y144.446 E49.54663
G1 X134.897 Y140.873 E49.78966
G1 X135.442 Y140.873 E49.81587
G1 X138.816 Y144.247 E50.04537
G1 X139.161 Y144.047 E50.06455
G1 X135.987 Y140.873 E50.28044
G1 X136.533 Y140.873 E50.3067
G1 X139.507 Y143.848 E50.50902
G1 X139.853 Y143.648 E50.52824
G1 X137.078 Y140.873 E50.71699
G1 X137.623 Y140.873 E50.7432
G1 X140.199 Y143.448 E50.91838
G1 E48.91838 F2400
G92 E0
G1 X138.305 Y141.009 F7800
G1 E2 F2400
G1 F1200
G1 X140.544 Y143.249 E2.15233
G1 X143.664 Y141.46 E2.32531
G1 X143.315 Y141.103 E2.34932
G1 X143.344 Y140.873 E2.36047
G1 X138.169 Y140.873 E2.60937
G1 X139.1 Y141.259 F7800
G1 F1200
G1 X142.988 Y141.259 E2.79637
G1 X143.035 Y141.366 E2.80199
G1 X140.608 Y142.767 E2.93677
G1 X139.236 Y141.395 E3.03009
G1 X140.142 Y141.69 F7800
;WIDTH:0.541967
G1 F1200
G1 X141.609 Y141.69 E3.11748
G1 X140.679 Y142.227 E3.18145
G1 X140.278 Y141.827 E3.21519
G1 E1.21519 F2400
G92 E0
G1 X143.754 Y141.005 F7800
G1 E2 F2400
;WIDTH:0.45
G1 F1200
G1 X144.078 Y141.329 E2.02204
G1 E.02204 F2400
G92 E0
G1 X145.477 Y152.524 F7800
G1 E2 F2400
;WIDTH:0.471697
G1 F1200
G1 X145.441 Y152.56 E2.00259
G1 X145.454 Y152.609 E2.00517
G1 X145.503 Y152.622 E2.00775
G1 X145.539 Y152.586 E2.01034
G1 X145.526 Y152.537 E2.01292
;WIDTH:0.45
G1 X146.062 Y152.584 E2.0388
G1 X145.479 Y152.001 E2.07845
G1 X145.478 Y151.455 E2.10471
G1 X146.607 Y152.584 E2.1815
G1 X147.152 Y152.584 E2.20771
G1 X145.478 Y150.909 E2.32161
G1 X145.478 Y150.363 E2.34787
G1 X147.698 Y152.584 E2.49891
G1 X148.243 Y152.584 E2.52512
G1 X145.477 Y149.818 E2.71326
G1 X145.477 Y149.272 E2.73952
G1 X148.789 Y152.584 E2.9648
G1 X149.334 Y152.584 E2.99101
G1 X145.476 Y148.726 E3.25343
G1 X145.476 Y148.18 E3.27969
G1 X149.879 Y152.584 E3.57921
G1 X150.425 Y152.584 E3.60547
G1 X145.475 Y147.634 E3.94216
G1 X145.475 Y147.089 E3.96837
G1 X150.97 Y152.584 E4.34213
G1 X151.515 Y152.584 E4.36834
G1 X145.475 Y146.543 E4.77921
G1 X145.474 Y145.997 E4.80547
G1 X152.061 Y152.584 E5.25351
G1 X152.606 Y152.584 E5.27972
G1 X145.474 Y145.451 E5.76486
G1 X145.473 Y144.906 E5.79107
G1 X153.151 Y152.584 E6.31332
G1 X153.697 Y152.584 E6.33958
G1 X145.473 Y144.36 E6.89897
G1 X145.472 Y143.814 E6.92523
G1 X154.242 Y152.584 E7.52175
G1 X154.787 Y152.584 E7.54796
G1 X145.472 Y143.268 E8.18159
G1 X145.472 Y142.722 E8.20785
G1 X155.333 Y152.584 E8.87862
G1 X155.878 Y152.584 E8.90483
G1 X145.377 Y142.082 E9.61913
G1 X145.159 Y141.81 E9.6359
;WIDTH:0.404381
G1 X144.997 Y141.646 E9.64568
;WIDTH:0.45
G1 X144.724 Y141.43 E9.66242
G1 X144.168 Y140.873 E9.70027
G1 X144.623 Y140.783 E9.72258
G1 X156.423 Y152.584 E10.52524
G1 X156.969 Y152.584 E10.5515
G1 X144.985 Y140.6 E11.36664
G1 X145.26 Y140.329 E11.38521
G1 X157.514 Y152.584 E12.21875
G1 X158.059 Y152.584 E12.24496
G1 X145.43 Y139.954 E13.104
G1 X145.48 Y139.459 E13.12793
G1 X158.605 Y152.584 E14.02068
G1 X159.15 Y152.584 E14.04689
G1 X145.48 Y138.914 E14.97671
G1 X145.48 Y138.369 E15.00292
G1 X159.695 Y152.584 E15.96981
G1 X160.241 Y152.584 E15.99607
G1 X145.48 Y137.823 E17.00009
G1 X145.48 Y137.278 E17.0263
G1 X160.786 Y152.584 E18.0674
G1 X161.331 Y152.584 E18.09361
G1 X145.48 Y136.733 E19.17178
G1 X145.48 Y136.187 E19.19804
G1 X161.877 Y152.584 E20.31334
G1 X162.422 Y152.584 E20.33955
G1 X145.48 Y135.642 E21.49192
G1 X145.48 Y135.096 E21.51818
G1 X162.968 Y152.584 E22.70769
G1 X163.513 Y152.584 E22.7339
G1 X145.48 Y134.551 E23.96048
G1 X145.48 Y134.006 E23.98669
G1 X164.058 Y152.584 E25.25034
G1 X164.604 Y152.584 E25.2766
G1 X145.48 Y133.46 E26.57739
G1 X145.48 Y132.915 E26.6036
G1 X165.149 Y152.584 E27.94146
G1 X165.694 Y152.584 E27.96767
G1 X145.48 Y132.37 E29.3426
G1 X145.48 Y131.824 E29.36886
G1 X166.394 Y152.738 E30.7914
;WIDTH:0.476963
G1 X166.38 Y153.804 E30.84626
G1 X166.394 Y152.192 F7800
;WIDTH:0.45
G1 F1200
G1 X145.48 Y131.279 E32.26877
G1 X145.48 Y130.734 E32.29498
G1 X166.394 Y151.647 E33.71749
G1 X166.394 Y151.102 E33.7437
G1 X145.48 Y130.188 E35.16624
G1 X145.48 Y129.643 E35.19245
G1 X166.394 Y150.556 E36.61496
G1 X166.394 Y150.011 E36.64117
G1 X145.48 Y129.098 E38.06368
G1 X145.48 Y128.552 E38.08994
G1 X166.394 Y149.466 E39.51248
G1 X166.394 Y148.92 E39.53874
G1 X145.48 Y128.007 E40.96125
G1 X145.48 Y127.462 E40.98746
G1 X166.394 Y148.375 E42.40997
G1 X166.394 Y147.83 E42.43618
G1 X145.48 Y126.916 E43.85872
G1 X145.48 Y126.371 E43.88493
G1 X166.394 Y147.284 E45.30744
G1 X166.394 Y146.739 E45.33365
G1 X145.48 Y125.826 E46.75616
G1 X145.48 Y125.28 E46.78242
G1 X166.394 Y146.194 E48.20496
G1 X166.394 Y145.648 E48.23122
G1 X145.48 Y124.735 E49.65373
G1 X145.48 Y124.19 E49.67994
G1 X166.394 Y145.103 E51.10245
G1 X166.394 Y144.557 E51.12871
G1 X145.48 Y123.644 E52.55122
G1 X145.48 Y123.099 E52.57743
G1 X166.394 Y144.012 E53.99994
G1 X166.394 Y143.467 E54.02615
G1 X145.48 Y122.553 E55.44869
G1 X145.48 Y122.008 E55.4749
G1 X166.394 Y142.921 E56.89741
G1 X166.394 Y142.376 E56.92362
G1 X145.48 Y121.463 E58.34613
G1 X145.48 Y120.917 E58.37239
G1 X166.394 Y141.831 E59.79493
G1 X166.394 Y141.285 E59.82119
G1 X145.48 Y120.372 E61.2437
G1 X145.48 Y119.827 E61.26991
G1 X166.394 Y140.74 E62.69242
G1 X166.394 Y140.195 E62.71863
G1 X145.48 Y119.281 E64.14117
G1 X145.48 Y118.736 E64.16738
G1 X166.394 Y139.649 E65.58989
G1 X166.394 Y139.104 E65.6161
G1 X145.48 Y118.191 E67.03861
G1 X145.48 Y117.645 E67.06487
G1 X166.394 Y138.559 E68.48741
G1 X166.394 Y138.013 E68.51367
G1 X145.48 Y117.1 E69.93618
G1 X145.48 Y116.555 E69.96239
G1 X166.394 Y137.468 E71.3849
G1 X166.394 Y136.923 E71.41111
G1 X145.48 Y116.009 E72.83365
G1 X145.48 Y115.464 E72.85986
G1 X166.394 Y136.377 E74.28237
G1 X166.394 Y135.832 E74.30858
G1 X145.48 Y114.919 E75.73109
G1 X145.48 Y114.373 E75.75735
G1 X166.394 Y135.287 E77.17989
G1 X166.394 Y134.741 E77.20615
G1 X145.48 Y113.828 E78.62866
G1 X145.48 Y113.283 E78.65487
G1 X166.394 Y134.196 E80.07738
G1 X166.394 Y133.651 E80.10359
G1 X145.48 Y112.737 E81.52613
G1 X145.48 Y112.192 E81.55234
G1 X166.394 Y133.105 E82.97485
G1 X166.394 Y132.56 E83.00106
G1 X145.48 Y111.647 E84.42357
G1 X145.48 Y111.101 E84.44983
G1 X166.394 Y132.014 E85.87234
G1 X166.394 Y131.469 E85.89855
G1 X145.48 Y110.556 E87.32106
G1 X145.48 Y110.01 E87.34732
G1 X166.394 Y130.924 E88.76986
G1 X166.394 Y130.378 E88.79612
G1 X145.48 Y109.465 E90.21863
G1 X145.48 Y108.92 E90.24484
G1 X166.394 Y129.833 E91.66735
G1 X166.394 Y129.288 E91.69356
G1 X145.48 Y108.374 E93.1161
G1 X145.48 Y107.829 E93.14231
G1 X166.394 Y128.742 E94.56482
G1 X166.394 Y128.197 E94.59103
G1 X145.48 Y107.284 E96.01354
G1 X145.48 Y106.738 E96.0398
G1 X166.394 Y127.652 E97.46234
G1 X166.394 Y127.106 E97.4886
G1 X145.48 Y106.193 E98.91111
G1 X145.48 Y105.648 E98.93732
G1 X166.394 Y126.561 E100.35983
G1 X166.394 Y126.016 E100.38604
G1 X145.48 Y105.102 E101.80858
G1 X145.48 Y104.557 E101.83479
G1 X166.394 Y125.47 E103.2573
G1 X166.394 Y124.925 E103.28351
G1 X145.48 Y104.012 E104.70602
G1 X145.48 Y103.466 E104.73228
G1 X166.394 Y124.38 E106.15482
G1 X166.394 Y123.834 E106.18108
G1 X145.48 Y102.921 E107.60359
G1 X145.48 Y102.376 E107.6298
G1 X166.394 Y123.289 E109.05231
G1 X166.394 Y122.744 E109.07852
G1 X145.48 Y101.83 E110.50106
G1 X145.48 Y101.285 E110.52727
G1 X166.394 Y122.198 E111.94978
G1 X166.394 Y121.653 E111.97599
G1 X145.48 Y100.74 E113.3985
G1 X145.48 Y100.194 E113.42476
G1 X166.394 Y121.108 E114.8473
G1 X166.394 Y120.562 E114.87356
G1 X145.48 Y99.649 E116.29607
G1 X145.48 Y99.104 E116.32228
G1 X166.394 Y120.017 E117.74479
G1 X166.394 Y119.472 E117.771
G1 X145.48 Y98.558 E119.19354
G1 X145.48 Y98.013 E119.21975
G1 X166.394 Y118.926 E120.64226
G1 X166.394 Y118.381 E120.66847
G1 X145.48 Y97.467 E122.09101
G1 X145.48 Y96.922 E122.11722
G1 X166.394 Y117.835 E123.53973
G1 X166.394 Y117.29 E123.56594
G1 X145.48 Y96.377 E124.98845
G1 X145.48 Y95.831 E125.01471
G1 X166.394 Y116.745 E126.43725
G1 X166.394 Y116.199 E126.46351
G1 X145.48 Y95.286 E127.88602
G1 X145.48 Y94.741 E127.91223
G1 X166.394 Y115.654 E129.33474
G1 X166.394 Y115.109 E129.36095
G1 X145.48 Y94.195 E130.78349
G1 X145.48 Y93.65 E130.8097
G1 X166.394 Y114.563 E132.23221
G1 X166.394 Y114.018 E132.25842
G1 X145.48 Y93.105 E133.68093
G1 X145.48 Y92.559 E133.70719
G1 X166.394 Y113.473 E135.12973
G1 X166.394 Y112.927 E135.15599
G1 X145.48 Y92.014 E136.5785
G1 X145.48 Y91.469 E136.60471
G1 X166.394 Y112.382 E138.02722
G1 X166.394 Y111.837 E138.05343
G1 X145.48 Y90.923 E139.47597
G1 X145.48 Y90.378 E139.50218
G1 X166.394 Y111.291 E140.92469
G1 X166.394 Y110.746 E140.9509
G1 X145.48 Y89.833 E142.37341
G1 X145.48 Y89.287 E142.39967
G1 X166.394 Y110.201 E143.82221
G1 X166.394 Y109.655 E143.84847
G1 X145.48 Y88.742 E145.27098
G1 X145.48 Y88.197 E145.29719
G1 X166.394 Y109.11 E146.7197
G1 X166.394 Y108.565 E146.74591
G1 X145.48 Y87.651 E148.16845
G1 X145.48 Y87.106 E148.19466
G1 X166.394 Y108.019 E149.61717
G1 X166.394 Y107.474 E149.64338
G1 X145.48 Y86.561 E151.06589
G1 X145.48 Y86.015 E151.09215
G1 X166.394 Y106.929 E152.51469
G1 X166.394 Y106.383 E152.54095
G1 X145.48 Y85.47 E153.96346
G1 X145.48 Y84.924 E153.98972
G1 X166.394 Y105.838 E155.41226
G1 X166.394 Y105.292 E155.43852
G1 X145.48 Y84.379 E156.86103
G1 X145.48 Y83.834 E156.88724
G1 X166.394 Y104.747 E158.30975
G1 X166.394 Y104.202 E158.33596
G1 X145.48 Y83.288 E159.7585
G1 X145.48 Y82.743 E159.78471
G1 X166.394 Y103.656 E161.20722
G1 X166.394 Y103.111 E161.23343
G1 X145.48 Y82.198 E162.65594
G1 X145.48 Y81.652 E162.6822
G1 X166.394 Y102.566 E164.10474
G1 X166.394 Y102.02 E164.131
G1 X145.48 Y81.107 E165.55351
G1 X145.48 Y80.562 E165.57972
G1 X166.394 Y101.475 E167.00223
G1 X166.394 Y100.93 E167.02844
G1 X145.48 Y80.016 E168.45098
G1 X145.48 Y79.471 E168.47719
G1 X166.394 Y100.384 E169.8997
G1 X166.394 Y99.839 E169.92591
G1 X145.48 Y78.926 E171.34842
G1 X145.48 Y78.38 E171.37468
G1 X166.394 Y99.294 E172.79722
G1 X166.394 Y98.748 E172.82348
G1 X145.48 Y77.835 E174.24599
G1 X145.48 Y77.29 E174.2722
G1 X166.394 Y98.203 E175.69471
G1 X166.394 Y97.658 E175.72092
G1 X145.48 Y76.744 E177.14346
G1 X145.48 Y76.199 E177.16967
G1 X166.394 Y97.112 E178.59218
G1 X166.394 Y96.567 E178.61839
G1 X145.48 Y75.654 E180.0409
G1 X145.48 Y75.108 E180.06716
G1 X166.394 Y96.022 E181.4897
G1 X166.394 Y95.476 E181.51596
G1 X145.48 Y74.563 E182.93847
G1 X145.48 Y74.018 E182.96468
G1 X166.394 Y94.931 E184.38719
G1 X166.394 Y94.386 E184.4134
G1 X145.48 Y73.472 E185.83594
G1 X145.48 Y72.927 E185.86215
G1 X166.394 Y93.84 E187.28466
G1 X166.394 Y93.295 E187.31087
G1 X145.48 Y72.381 E188.73341
G1 X145.48 Y71.836 E188.75962
G1 X166.394 Y92.749 E190.18213
G1 X166.394 Y92.204 E190.20834
G1 X145.48 Y71.291 E191.63085
G1 X145.48 Y70.745 E191.65711
G1 X166.394 Y91.659 E193.07965
G1 X166.394 Y91.113 E193.10591
G1 X145.48 Y70.2 E194.52842
G1 X145.48 Y69.655 E194.55463
G1 X166.394 Y90.568 E195.97714
G1 X166.394 Y90.023 E196.00335
G1 X145.48 Y69.109 E197.42589
G1 X145.48 Y68.564 E197.4521
G1 X166.394 Y89.477 E198.87461
G1 X166.394 Y88.932 E198.90082
G1 X145.48 Y68.019 E200.32333
G1 X145.48 Y67.473 E200.34959
G1 X166.394 Y88.387 E201.77213
G1 X166.394 Y87.841 E201.79839
G1 X145.48 Y66.928 E203.2209
G1 X145.48 Y66.383 E203.24711
G1 X166.394 Y87.296 E204.66962
G1 X166.394 Y86.751 E204.69583
G1 X145.48 Y65.837 E206.11837
G1 X145.48 Y65.292 E206.14458
G1 X166.394 Y86.205 E207.56709
G1 X166.394 Y85.66 E207.5933
G1 X145.48 Y64.747 E209.01581
G1 X145.48 Y64.201 E209.04207
G1 X166.394 Y85.115 E210.46461
G1 X166.394 Y84.569 E210.49087
G1 X145.48 Y63.656 E211.91338
G1 X145.48 Y63.111 E211.93959
G1 X166.394 Y84.024 E213.3621
G1 X166.394 Y83.479 E213.38831
G1 X146.015 Y63.1 E214.77446
G1 X146.561 Y63.1 E214.80072
G1 X166.394 Y82.933 E216.14974
G1 X166.394 Y82.388 E216.17595
G1 X147.106 Y63.1 E217.4879
G1 X147.651 Y63.1 E217.51411
G1 X166.394 Y81.843 E218.78899
G1 X166.394 Y81.297 E218.81525
G1 X148.197 Y63.1 E220.05299
G1 X148.742 Y63.1 E220.0792
G1 X166.394 Y80.752 E221.27987
G1 X166.394 Y80.206 E221.30613
G1 X149.287 Y63.1 E222.46969
G1 X149.833 Y63.1 E222.49595
G1 X166.394 Y79.661 E223.62241
G1 X166.394 Y79.116 E223.64862
G1 X150.378 Y63.1 E224.73801
G1 X150.923 Y63.1 E224.76422
G1 X166.394 Y78.57 E225.8165
G1 X166.394 Y78.025 E225.84271
G1 X151.469 Y63.1 E226.85789
G1 X152.014 Y63.1 E226.8841
G1 X166.394 Y77.48 E227.86221
G1 X166.394 Y76.934 E227.88847
G1 X152.56 Y63.1 E228.82944
G1 X153.105 Y63.1 E228.85565
G1 X166.394 Y76.389 E229.75955
G1 X166.394 Y75.844 E229.78576
G1 X153.65 Y63.1 E230.65259
G1 X154.196 Y63.1 E230.67885
G1 X166.394 Y75.298 E231.50854
G1 X166.394 Y74.753 E231.53475
G1 X154.741 Y63.1 E232.32737
G1 X155.286 Y63.1 E232.35358
G1 X166.394 Y74.208 E233.10913
G1 X166.394 Y73.662 E233.13539
G1 X155.832 Y63.1 E233.8538
G1 X156.377 Y63.1 E233.88001
G1 X166.394 Y73.117 E234.56135
G1 X166.394 Y72.572 E234.58756
G1 X156.922 Y63.1 E235.23183
G1 X157.468 Y63.1 E235.25809
G1 X166.394 Y72.026 E235.86523
G1 X166.394 Y71.481 E235.89144
G1 X158.013 Y63.1 E236.46151
G1 X158.558 Y63.1 E236.48772
G1 X166.394 Y70.936 E237.02071
G1 X166.394 Y70.39 E237.04697
G1 X159.104 Y63.1 E237.54283
G1 X159.649 Y63.1 E237.56904
G1 X166.394 Y69.845 E238.02783
G1 E236.02783 F2400
G92 E0
G1 X145.48 Y59.598 F7800
G1 E2 F2400
G1 F1200
G1 X145.48 Y60.14 E2.02607
G1 X155.969 Y60.154 E2.53055
;WIDTH:0.426783
G1 X156.136 Y60.23 E2.53884
;WIDTH:0.45
G1 X155.227 Y59.406 E2.59785
G1 X145.48 Y59.406 E3.06665
G1 X145.848 Y59.773 E3.09165
;WIDTH:0.413371
G1 X155.081 Y59.773 E3.49354
G1 X156.136 Y60.23 F7800
;WIDTH:0.439903
G1 F1200
G1 X156.53 Y60.543 E3.51711
;WIDTH:0.445995
G1 X159.567 Y62.414 E3.68689
;WIDTH:0.45
G1 X159.809 Y62.715 E3.70547
G1 X166.394 Y69.3 E4.15337
G1 X166.394 Y68.754 E4.17963
G1 X160.657 Y63.017 E4.56985
G1 X160.414 Y62.81 E4.5852
;WIDTH:0.404381
G1 X160.425 Y62.851 E4.587
G1 X160.354 Y62.87 E4.59012
G1 X160.373 Y62.799 E4.59324
G1 X161.215 Y63.104 F7800
G1 F1200
G1 X161.196 Y63.175 E4.59636
G1 X161.267 Y63.156 E4.59948
G1 X161.256 Y63.115 E4.60128
;WIDTH:0.45
G1 X161.498 Y63.313 E4.61632
G1 X166.394 Y68.209 E4.94934
G1 X166.394 Y67.663 E4.9756
G1 X162.34 Y63.609 E5.25135
G1 X162.097 Y63.411 E5.26643
;WIDTH:0.404381
G1 X162.108 Y63.452 E5.26823
G1 X162.037 Y63.471 E5.27135
G1 X162.056 Y63.4 E5.27447
G1 X162.897 Y63.696 F7800
G1 F1200
G1 X162.878 Y63.767 E5.27759
G1 X162.949 Y63.748 E5.28071
G1 X162.938 Y63.707 E5.28251
;WIDTH:0.45
G1 X163.181 Y63.905 E5.29759
G1 X166.394 Y67.118 E5.51613
G1 X166.394 Y66.573 E5.54234
G1 X164.022 Y64.201 E5.70368
G1 X163.78 Y64.003 E5.71872
;WIDTH:0.404381
G1 X163.791 Y64.044 E5.72052
G1 X163.719 Y64.063 E5.72368
G1 X163.738 Y63.992 E5.7268
G1 X164.562 Y64.277 F7800
G1 F1200
G1 X164.543 Y64.348 E5.72992
G1 X164.614 Y64.329 E5.73304
G1 X164.603 Y64.288 E5.73484
;WIDTH:0.45
G1 X164.846 Y64.48 E5.74974
G1 X166.394 Y66.027 E5.855
G1 X165.69 Y64.742 F7800
;WIDTH:0.501137
G1 F1200
G1 X166.368 Y65.42 E5.90723
G1 X166.368 Y64.698 E5.94656
G1 X165.553 Y64.606 E5.99124
G1 E3.99124 F2400
G92 E0
G1 X108.411 Y158.56 F7800
G1 E2 F2400
;WIDTH:0.45
G1 F1200
G1 X110.183 Y160.333 E2.12056
G1 X108.411 Y161.356 E2.21897
G1 X108.411 Y158.753 E2.34417
G1 X108.844 Y159.607 F7800
;WIDTH:0.545855
G1 F1200
G1 X109.477 Y160.24 E2.39793
G1 X108.844 Y160.605 E2.44181
G1 X108.844 Y159.8 E2.49015
G1 X107.639 Y159.237 F7800
;TYPE:Internal infill
;WIDTH:0.45
G1 F1200
G1 X107.639 Y161.551 E2.60145
G1 X105.041 Y162.247 E2.73081
G1 X105.041 Y161.39 E2.77203
G1 X107.328 Y163.677 E2.92759
G1 X105.041 Y163.651 E3.03759
G1 E1.03759 F2400
G92 E0
G1 X148.281 Y60.526 F7800
G1 E2 F2400
G1 F1200
G1 X145.968 Y60.526 E2.11125
G1 X148.156 Y62.715 E2.26011
G1 X148.719 Y62.715 E2.28719
G1 X156.142 Y60.725 E2.65682
G1 X158.645 Y62.296 E2.79895
G1 X159.063 Y62.715 E2.82742
G1 X152.299 Y62.715 E3.15275
G1 X152.886 Y60.526 E3.26175
G1 X150.572 Y60.526 E3.37305
G1 E1.37305 F2400
G92 E0
G1 X61.014 Y60.299 F7800
G1 E2 F2400
;TYPE:Perimeter
;WIDTH:0.45
G1 F1500
G1 X61.032 Y60.286 E2.00107
G1 X61.231 Y59.979 E2.01867
G1 X61.301 Y59.618 E2.03636
G1 X61.301 Y46.034 E2.6897
G1 X140.199 Y46.034 E6.48442
G1 X140.199 Y46.393 E6.50169
G1 X56.374 Y135.591 E12.38893
G1 X56.051 Y135.591 E12.40447
G1 X56.051 Y60.582 E16.01214
G1 X60.439 Y60.582 E16.22319
G1 X60.756 Y60.486 E16.23912
G1 X60.965 Y60.334 E16.25155
G1 X60.736 Y60.016 F7800
G1 F1500
G1 X60.843 Y59.899 E16.25918
G1 X60.916 Y59.618 E16.27314
G1 X60.916 Y45.648 E16.94505
G1 X140.584 Y45.648 E20.7768
G1 X140.584 Y46.545 E20.81994
G1 X56.541 Y135.977 E26.72256
G1 X55.666 Y135.977 E26.76464
G1 X55.666 Y60.196 E30.40944
G1 X60.402 Y60.196 E30.63723
G1 X60.662 Y60.096 E30.65063
G1 X60.695 Y60.06 E30.65298
G1 X60.472 Y59.745 F7800
;TYPE:External perimeter
G1 F1500
G1 X60.53 Y59.618 E30.6597
G1 X60.53 Y45.262 E31.35017
G1 X140.97 Y45.262 E35.21905
G1 X140.97 Y46.698 E35.28812
G1 X56.708 Y136.363 E41.20612
G1 X55.28 Y136.363 E41.2748
G1 X55.28 Y59.81 E44.95673
G1 X60.337 Y59.81 E45.19995
G1 X60.426 Y59.777 E45.20452
G1 X60.522 Y59.389 F7800
G1 E43.20452 F2400
G92 E0
G1 X92.085 Y97.169 F7800
G1 E2 F2400
;TYPE:Internal infill
;WIDTH:0.45
G1 F1200
G1 X93.669 Y95.483 E2.11126
G1 X59.05 Y60.864 E4.466
G1 X56.98 Y60.869 E4.56556
G1 X56.34 Y63.257 E4.68447
G1 X56.34 Y63.514 E4.69683
G1 X120.498 Y46.323 E7.89146
G1 X120.858 Y46.323 E7.90877
G1 X130.658 Y56.123 E8.57535
G1 X129.894 Y56.935 E8.62897
G1 X132.738 Y46.323 E9.15738
G1 X131.765 Y46.323 E9.20418
G1 X135.942 Y50.5 E9.48829
G1 X136.358 Y50.058 E9.51748
G1 X56.34 Y71.498 E13.50183
G1 X56.34 Y69.061 E13.61904
G1 X88.385 Y101.106 E15.7987
G1 X89.969 Y99.42 E15.90996
G1 E13.90996 F2400
G92 E0
G1 X81.516 Y108.415 F7800
G1 E2 F2400
G1 F1200
G1 X83.101 Y106.729 E2.1113
G1 X56.34 Y79.968 E3.93155
G1 X56.34 Y79.483 E3.95488
G1 X126.329 Y60.729 E7.43987
G1 X125.374 Y61.746 E7.50697
G1 X109.951 Y46.323 E8.55602
G1 X108.785 Y46.323 E8.6121
G1 X96.387 Y92.591 E10.91594
G1 X96.243 Y92.744 E10.92605
G1 X56.34 Y103.436 E12.91295
G1 X56.34 Y101.782 E12.9925
G1 X72.533 Y117.975 E14.09393
G1 X74.049 Y116.361 E14.20043
G1 X92.816 Y46.323 E17.68785
G1 X90.7 Y46.323 E17.78962
G1 X61.59 Y54.123 E19.2391
G1 X61.59 Y52.497 E19.31731
G1 X98.953 Y89.86 E21.8587
G1 X104.237 Y84.237 E22.22982
G1 X66.323 Y46.323 E24.80869
G1 X68.862 Y46.323 E24.93081
G1 X56.34 Y93.055 E27.25775
G1 X56.34 Y95.452 E27.37304
G1 X106.272 Y82.073 E29.85931
G1 X107.556 Y80.706 E29.94951
G1 X116.769 Y46.323 E31.66155
G1 X114.455 Y46.323 E31.77285
G1 E29.77285 F2400
G92 E0
G1 X127.067 Y46.323 F7800
G1 E2 F2400
G1 F1200
G1 X124.754 Y46.323 E2.11125
G1 X118.725 Y68.82 E3.23146
G1 X120.09 Y67.369 E3.32728
G1 X99.044 Y46.323 E4.7588
G1 X100.8 Y46.323 E4.84326
G1 X85.218 Y104.476 E7.73889
G1 X86.214 Y103.416 E7.80885
G1 X56.34 Y111.421 E9.29638
G1 X56.34 Y112.689 E9.35737
G1 X67.249 Y123.597 E10.09935
G1 X66.157 Y124.759 E10.17604
G1 X56.34 Y127.389 E10.66485
G1 X56.34 Y134.503 E11.00701
G1 X56.68 Y134.843 E11.03014
G1 X58.265 Y133.157 E11.14144
G1 E9.14144 F2400
G92 E0
G1 X56.34 Y117.091 F7800
G1 E2 F2400
G1 F1200
G1 X56.34 Y119.405 E2.1113
G1 X76.185 Y114.088 E3.09944
G1 X77.817 Y112.352 E3.21404
G1 X56.34 Y90.875 E4.67488
G1 X56.34 Y87.467 E4.83879
G1 X116.3 Y71.401 E7.82439
G1 X114.806 Y72.992 E7.92936
G1 X88.137 Y46.323 E9.74335
G1 X84.831 Y46.323 E9.90236
G1 X62.88 Y128.246 E13.98157
G1 X61.965 Y129.22 E14.04585
G1 X56.34 Y123.596 E14.42842
G1 X56.34 Y122.854 E14.46411
G1 X76.847 Y46.323 E18.27484
G1 X77.23 Y46.323 E18.29326
G1 X109.521 Y78.614 E20.48966
G1 X111.106 Y76.928 E20.60096
;LAYER_CHANGE
;Z:3.65
;HEIGHT:0.3
G1 E18.60096 F2400
G92 E0
G1 Z3.65 F7800
;AFTER_LAYER_CHANGE
;3.65
G1 X59.438 Y142.107
G1 E2 F2400
;TYPE:Perimeter
;WIDTH:0.45
G1 F1500
G1 X59.442 Y142.116 E2.00047
G1 X59.604 Y142.321 E2.01304
G1 X59.791 Y142.462 E2.0243
G1 X97.038 Y163.966 E4.09288
G1 X56.051 Y163.966 E6.06421
G1 X56.051 Y140.584 E7.1888
G1 X59.309 Y140.584 E7.3455
G1 X59.309 Y141.788 E7.40341
G1 X59.416 Y142.052 E7.41711
G1 X59.772 Y141.911 F7800
G1 F1500
G1 X59.774 Y141.92 E7.41755
G1 X59.984 Y142.128 E7.43177
G1 X98.477 Y164.352 E9.56956
G1 X55.666 Y164.352 E11.62862
G1 X55.666 Y140.198 E12.79034
G1 X59.694 Y140.198 E12.98407
G1 X59.694 Y141.627 E13.0528
G1 X59.756 Y141.853 E13.06407
G1 X60.118 Y141.716 F7800
;TYPE:External perimeter
G1 F1500
G1 X60.176 Y141.794 E13.06875
G1 X99.916 Y164.738 E15.2758
G1 X55.28 Y164.738 E17.42264
G1 X55.28 Y139.813 E18.62145
G1 X60.08 Y139.813 E18.85231
G1 X60.08 Y141.665 E18.94138
G1 X60.082 Y141.668 E18.94155
G1 X60.398 Y141.914 F7800
G1 E16.94155 F2400
G92 E0
G1 X57.515 Y141.259 F7800
G1 E2 F2400
;TYPE:Internal infill
;WIDTH:0.45
G1 F1200
G1 X57.098 Y141.259 E2.02006
G1 X57.098 Y143.155 E2.11125
G1 X58.939 Y142.662 E2.20292
G1 X58.939 Y142.956 E2.21706
G1 X57.098 Y149.825 E2.5591
G1 X57.098 Y151.14 E2.62235
G1 X58.939 Y150.647 E2.71402
G1 X58.939 Y148.008 E2.84095
G1 X57.098 Y146.168 E2.96614
G1 X57.098 Y143.854 E3.07744
G1 E1.07744 F2400
G92 E0
G1 X56.679 Y140.876 F7800
G1 E2 F2400
;TYPE:Solid infill
;WIDTH:0.449422
G1 F1200
G1 X56.337 Y140.879 E2.01643
;WIDTH:0.443195
G1 X56.337 Y163.681 E3.09377
;WIDTH:0.450007
G1 X56.905 Y163.677 E3.12109
G1 X56.716 Y163.484 E3.13408
;WIDTH:0.443195
G1 X56.716 Y141.078 E4.19271
;WIDTH:0.452935
G1 X56.872 Y140.875 E4.20512
G1 X56.905 Y140.873 E4.20672
;WIDTH:0.450011
G1 X58.827 Y140.873 E4.29916
;WIDTH:0.48309
G1 X58.907 Y140.89 E4.30343
;WIDTH:0.516173
G1 X58.986 Y140.906 E4.30797
G1 X59.003 Y140.986 E4.31258
;WIDTH:0.483092
G1 X59.02 Y141.066 E4.31685
;WIDTH:0.450011
G1 X59.037 Y141.93 E4.35841
G1 E2.35841 F2400
G92 E0
G1 X58.939 Y163.677 F7800
G1 E2 F2400
;WIDTH:0.450007
G1 F1200
G1 X56.905 Y163.677 E2.09783
G1 E.09783 F2400
G92 E0
G1 X57.098 Y161.438 F7800
G1 E2 F2400
;TYPE:Internal infill
;WIDTH:0.45
G1 F1200
G1 X57.098 Y159.124 E2.1113
G1 X58.939 Y158.631 E2.20297
G1 X58.939 Y158.915 E2.21663
G1 X57.098 Y157.075 E2.34182
G1 X57.098 Y154.761 E2.45312
G1 E.45312 F2400
G92 E0
G1 X95.814 Y163.391 F7800
G1 E2 F2400
;TYPE:Top solid infill
;WIDTH:0.40116
G1 F900
G1 X95.503 Y163.702 E2.01847
G1 X95.026 Y163.702 E2.03851
G1 X95.402 Y163.327 E2.06082
G1 X95.1 Y163.152 E2.07548
G1 X94.55 Y163.702 E2.10815
G1 X94.074 Y163.702 E2.12814
G1 X94.798 Y162.978 E2.17115
G1 X94.496 Y162.804 E2.18579
G1 X93.597 Y163.702 E2.23916
G1 X93.121 Y163.702 E2.25915
G1 X94.194 Y162.63 E2.32286
G1 X93.892 Y162.455 E2.33752
G1 X92.645 Y163.702 E2.4116
G1 X92.169 Y163.702 E2.43159
G1 X93.59 Y162.281 E2.516
G1 X93.288 Y162.107 E2.53064
G1 X91.692 Y163.702 E2.62542
G1 X91.216 Y163.702 E2.64541
G1 X92.986 Y161.932 E2.75055
G1 X92.684 Y161.758 E2.76519
G1 X90.74 Y163.702 E2.88067
G1 X90.263 Y163.702 E2.90071
G1 X92.382 Y161.584 E3.02656
G1 X92.08 Y161.409 E3.04122
G1 X89.787 Y163.702 E3.17743
G1 X89.311 Y163.702 E3.19742
G1 X91.778 Y161.235 E3.34397
G1 X91.476 Y161.061 E3.35861
G1 X88.835 Y163.702 E3.5155
G1 X88.358 Y163.702 E3.53554
G1 X91.174 Y160.886 E3.70282
G1 X90.872 Y160.712 E3.71746
G1 X87.882 Y163.702 E3.89508
G1 X87.406 Y163.702 E3.91507
G1 X90.57 Y160.538 E4.10302
G1 X90.269 Y160.363 E4.11765
G1 X86.93 Y163.702 E4.316
G1 X86.453 Y163.702 E4.33604
G1 X89.967 Y160.189 E4.54476
G1 X89.665 Y160.015 E4.5594
G1 X85.977 Y163.702 E4.77845
G1 X85.501 Y163.702 E4.79844
G1 X89.363 Y159.84 E5.02786
G1 X89.061 Y159.666 E5.0425
G1 X85.024 Y163.702 E5.28228
G1 X84.548 Y163.702 E5.30227
G1 X88.759 Y159.492 E5.55239
G1 X88.457 Y159.317 E5.56705
G1 X84.072 Y163.702 E5.82754
G1 X83.596 Y163.702 E5.84753
G1 X88.155 Y159.143 E6.11835
G1 X87.853 Y158.969 E6.13299
G1 X83.119 Y163.702 E6.41418
G1 X82.643 Y163.702 E6.43417
G1 X87.551 Y158.794 E6.72572
G1 X87.249 Y158.62 E6.74036
G1 X82.167 Y163.702 E7.04225
G1 X81.69 Y163.702 E7.06229
G1 X86.947 Y158.446 E7.37455
G1 X86.645 Y158.271 E7.38921
G1 X81.214 Y163.702 E7.71183
G1 X80.738 Y163.702 E7.73182
G1 X86.343 Y158.097 E8.06478
G1 X86.041 Y157.923 E8.07942
G1 X80.262 Y163.702 E8.42272
G1 X79.785 Y163.702 E8.44276
G1 X85.739 Y157.748 E8.79645
G1 X85.437 Y157.574 E8.81109
G1 X79.309 Y163.702 E9.17512
G1 X78.833 Y163.702 E9.19511
G1 X85.135 Y157.4 E9.56947
G1 X84.833 Y157.225 E9.58413
G1 X78.357 Y163.702 E9.96886
G1 X77.88 Y163.702 E9.9889
G1 X84.532 Y157.051 E10.38403
G1 X84.23 Y156.877 E10.39867
G1 X77.404 Y163.702 E10.80413
G1 X76.928 Y163.702 E10.82412
G1 X83.928 Y156.702 E11.23995
G1 X83.626 Y156.528 E11.25459
G1 X76.451 Y163.702 E11.68078
G1 X75.975 Y163.702 E11.70077
G1 X83.324 Y156.354 E12.1373
G1 X83.022 Y156.179 E12.15196
G1 X75.499 Y163.702 E12.59886
G1 X75.023 Y163.702 E12.61885
G1 X82.72 Y156.005 E13.07608
G1 X82.418 Y155.831 E13.09072
G1 X74.546 Y163.702 E13.55832
G1 X74.07 Y163.702 E13.57831
G1 X82.116 Y155.656 E14.05627
G1 X81.814 Y155.482 E14.07091
G1 X73.594 Y163.702 E14.55921
G1 X73.117 Y163.702 E14.57925
G1 X81.512 Y155.308 E15.07792
G1 X81.21 Y155.133 E15.09258
G1 X72.641 Y163.702 E15.60161
G1 X72.165 Y163.702 E15.6216
G1 X80.908 Y154.959 E16.14097
G1 X80.606 Y154.785 E16.15561
G1 X71.689 Y163.702 E16.68531
G1 X71.212 Y163.702 E16.70535
G1 X80.304 Y154.61 E17.24545
G1 X80.002 Y154.436 E17.26009
G1 X70.736 Y163.702 E17.81053
G1 X70.26 Y163.702 E17.83052
G1 X79.7 Y154.262 E18.39129
G1 X79.398 Y154.087 E18.40595
G1 X69.784 Y163.702 E18.97709
G1 X69.307 Y163.702 E18.99713
G1 X79.096 Y153.913 E19.57864
G1 X78.795 Y153.739 E19.59324
G1 X68.831 Y163.702 E20.18511
G1 X68.355 Y163.702 E20.2051
G1 X78.493 Y153.564 E20.80734
G1 X78.191 Y153.39 E20.82198
G1 X67.878 Y163.702 E21.43458
G1 X67.402 Y163.702 E21.45457
G1 X77.889 Y153.216 E22.07751
G1 X77.587 Y153.041 E22.09217
G1 X66.926 Y163.702 E22.72548
G1 X66.45 Y163.702 E22.74547
G1 X77.285 Y152.867 E23.38911
G1 X76.983 Y152.693 E23.40375
G1 X65.973 Y163.702 E24.05776
G1 X65.497 Y163.702 E24.07775
G1 X76.681 Y152.518 E24.74212
G1 X76.379 Y152.344 E24.75676
G1 X65.021 Y163.702 E25.43147
G1 X64.545 Y163.702 E25.45146
G1 X76.077 Y152.17 E26.13651
G1 X75.775 Y151.995 E26.15117
G1 X64.068 Y163.702 E26.84661
G1 X63.592 Y163.702 E26.8666
G1 X75.473 Y151.821 E27.57238
G1 X75.171 Y151.647 E27.58702
G1 X63.116 Y163.702 E28.30313
G1 X62.639 Y163.702 E28.32317
G1 X74.869 Y151.472 E29.04968
G1 X74.567 Y151.298 E29.06432
G1 X62.163 Y163.702 E29.80117
G1 X61.687 Y163.702 E29.82116
G1 X74.265 Y151.124 E30.56834
G1 X73.963 Y150.949 E30.583
G1 X61.211 Y163.702 E31.34055
G1 X60.734 Y163.702 E31.36059
G1 X73.661 Y150.775 E32.1285
G1 X73.359 Y150.601 E32.14314
G1 X60.258 Y163.702 E32.92139
G1 X59.782 Y163.702 E32.94138
G1 X73.057 Y150.426 E33.73
G1 X72.756 Y150.252 E33.7446
G1 X59.299 Y163.702 E34.54379
G1 X59.299 Y163.232 E34.56353
G1 X72.454 Y150.078 E35.34496
G1 X72.152 Y149.903 E35.35962
G1 X59.299 Y162.756 E36.12314
G1 X59.299 Y162.28 E36.14313
G1 X71.85 Y149.729 E36.88871
G1 X71.548 Y149.555 E36.90335
G1 X59.299 Y161.803 E37.63096
G1 X59.299 Y161.327 E37.65095
G1 X71.246 Y149.38 E38.36065
G1 X70.944 Y149.206 E38.37529
G1 X59.299 Y160.851 E39.06705
G1 X59.299 Y160.375 E39.08704
G1 X70.642 Y149.032 E39.76086
G1 X70.34 Y148.857 E39.77552
G1 X59.299 Y159.898 E40.4314
G1 X59.299 Y159.422 E40.45139
G1 X70.038 Y148.683 E41.08933
G1 X69.736 Y148.509 E41.10397
G1 X59.299 Y158.946 E41.72397
G1 X59.299 Y158.469 E41.74401
G1 X69.434 Y148.334 E42.34607
G1 X69.132 Y148.16 E42.36071
G1 X59.299 Y157.993 E42.94483
G1 X59.299 Y157.517 E42.96482
G1 X68.83 Y147.986 E43.531
G1 X68.528 Y147.811 E43.54566
G1 X59.299 Y157.041 E44.09393
G1 X59.299 Y156.564 E44.11397
G1 X68.226 Y147.637 E44.64427
G1 X67.924 Y147.463 E44.65891
G1 X59.299 Y156.088 E45.17127
G1 X59.299 Y155.612 E45.19126
G1 X67.622 Y147.288 E45.68571
G1 X67.32 Y147.114 E45.70035
G1 X59.299 Y155.135 E46.17683
G1 X59.299 Y154.659 E46.19682
G1 X67.019 Y146.94 E46.65539
G1 X66.717 Y146.766 E46.67003
G1 X59.299 Y154.183 E47.11066
G1 X59.299 Y153.707 E47.13065
G1 X66.415 Y146.591 E47.55337
G1 X66.113 Y146.417 E47.56801
G1 X59.299 Y153.23 E47.97276
G1 X59.299 Y152.754 E47.99275
G1 X65.811 Y146.243 E48.37956
G1 X65.509 Y146.068 E48.39422
G1 X59.299 Y152.278 E48.76312
G1 X59.299 Y151.802 E48.78311
G1 X65.207 Y145.894 E49.13407
G1 X64.905 Y145.72 E49.14871
G1 X59.299 Y151.325 E49.4817
G1 X59.299 Y150.849 E49.50169
G1 X64.603 Y145.545 E49.81677
G1 X64.301 Y145.371 E49.83141
G1 X59.299 Y150.373 E50.12855
G1 X59.299 Y149.896 E50.14859
G1 X63.999 Y145.197 E50.42776
G1 X63.697 Y145.022 E50.44242
G1 X59.299 Y149.42 E50.70368
G1 X59.299 Y148.944 E50.72367
G1 X63.395 Y144.848 E50.96699
G1 X63.093 Y144.674 E50.98163
G1 X59.299 Y148.468 E51.20701
G1 X59.299 Y147.991 E51.22705
G1 X62.791 Y144.499 E51.43449
G1 X62.489 Y144.325 E51.44913
G1 X59.299 Y147.515 E51.63863
G1 X59.299 Y147.039 E51.65862
G1 X62.187 Y144.151 E51.83018
G1 X61.885 Y143.976 E51.84484
G1 X59.299 Y146.562 E51.99846
G1 X59.299 Y146.086 E52.01845
G1 X61.583 Y143.802 E52.15413
G1 X61.282 Y143.628 E52.16873
G1 X59.299 Y145.61 E52.2865
G1 X59.299 Y145.134 E52.30649
G1 X60.98 Y143.453 E52.40635
G1 X60.678 Y143.279 E52.42099
G1 X59.299 Y144.657 E52.50288
G1 X59.299 Y144.181 E52.52287
G1 X60.376 Y143.105 E52.58682
G1 X60.074 Y142.93 E52.60148
G1 X59.299 Y143.705 E52.64752
G1 X59.299 Y143.229 E52.66751
G1 X59.772 Y142.756 E52.69561
G1 X59.488 Y142.563 E52.71003
G1 X59.148 Y142.903 E52.73023
G1 E50.73023 F2400
G92 E0
G1 X170.779 Y155.749 F7800
G1 E2 F2400
;TYPE:Perimeter
;WIDTH:0.521566
G1 F1200
G1 X171.053 Y156.206 E2.03038
G1 X168.087 Y156.206 E2.19951
G1 X168.361 Y155.749 E2.22989
G1 X170.719 Y155.749 E2.36435
G1 X171.018 Y155.328 F7800
;TYPE:External perimeter
;WIDTH:0.45
G1 F1200
G1 X171.798 Y156.628 E2.43727
G1 X167.342 Y156.628 E2.65159
G1 X168.122 Y155.328 E2.72451
G1 X170.958 Y155.328 E2.86091
G1 X171.203 Y155.644 F7800
G1 X172.291 Y154.107
;TYPE:Perimeter
G1 F1500
G1 X172.291 Y64.609 E7.16545
G1 X174.193 Y64.393 E7.25752
G1 X178.631 Y62.839 E7.48368
G1 X182.709 Y60.322 E7.71417
G1 X184.529 Y58.597 E7.83478
G1 X193.949 Y58.597 E8.28785
G1 X193.949 Y154.107 E12.88155
G1 X172.351 Y154.107 E13.92034
G1 X171.906 Y154.492 F7800
G1 F1500
G1 X171.906 Y64.265 E18.25995
G1 X174.106 Y64.015 E18.36644
G1 X178.464 Y62.488 E18.58854
G1 X182.472 Y60.014 E18.81508
G1 X184.375 Y58.211 E18.94116
G1 X194.334 Y58.211 E19.42015
G1 X194.334 Y154.492 E24.05093
G1 X171.966 Y154.492 E25.12675
G1 X171.52 Y154.878 F7800
;TYPE:External perimeter
G1 F1500
G1 X171.52 Y63.921 E29.50147
G1 X174.02 Y63.636 E29.62249
G1 X178.297 Y62.138 E29.84045
G1 X182.236 Y59.707 E30.06308
G1 X184.122 Y57.92 E30.18804
;TYPE:Overhang perimeter
;WIDTH:0.4
;HEIGHT:0.4
M106 S255
G1 X184.221 Y57.826 E30.19517
G1 X194.72 Y57.826 E30.74369
G1 X194.72 Y57.92 E30.7486
M107
;TYPE:External perimeter
;WIDTH:0.45
;HEIGHT:0.3
G1 X194.72 Y154.878 E35.41194
G1 X171.58 Y154.878 E36.52489
G1 X171.521 Y154.482 F7800
G1 X172.614 Y153.784
;TYPE:Solid infill
;WIDTH:0.517503
G1 F1200
G1 X193.626 Y153.784 E37.7124
G1 X193.836 Y152.86 F7800
;TYPE:Top solid infill
;WIDTH:0.400642
G1 F900
G1 X193.307 Y153.389 E37.74378
G1 X192.831 Y153.389 E37.76374
G1 X193.685 Y152.536 E37.81436
G1 X193.685 Y152.06 E37.83432
G1 X192.356 Y153.389 E37.91315
G1 X191.88 Y153.389 E37.93311
G1 X193.685 Y151.585 E38.04014
G1 X193.685 Y151.109 E38.0601
G1 X191.405 Y153.389 E38.19533
G1 X190.929 Y153.389 E38.21529
G1 X193.685 Y150.634 E38.37873
G1 X193.685 Y150.158 E38.39869
G1 X190.454 Y153.389 E38.59033
G1 X189.978 Y153.389 E38.61029
G1 X193.685 Y149.683 E38.83013
G1 X193.685 Y149.207 E38.85009
G1 X189.502 Y153.389 E39.09816
G1 X189.027 Y153.389 E39.11808
G1 X193.685 Y148.732 E39.39433
G1 X193.685 Y148.256 E39.41429
G1 X188.551 Y153.389 E39.71877
G1 X188.076 Y153.389 E39.73869
G1 X193.685 Y147.78 E40.07137
G1 X193.685 Y147.305 E40.09129
G1 X187.6 Y153.389 E40.45218
G1 X187.125 Y153.389 E40.4721
G1 X193.685 Y146.829 E40.86119
G1 X193.685 Y146.354 E40.88111
G1 X186.649 Y153.389 E41.2984
G1 X186.174 Y153.389 E41.31832
G1 X193.685 Y145.878 E41.76382
G1 X193.685 Y145.403 E41.78374
G1 X185.698 Y153.389 E42.25744
G1 X185.223 Y153.389 E42.27736
G1 X193.685 Y144.927 E42.77926
G1 X193.685 Y144.452 E42.79918
G1 X184.747 Y153.389 E43.32929
G1 X184.271 Y153.389 E43.34925
G1 X193.685 Y143.976 E43.90759
G1 X193.685 Y143.501 E43.92751
G1 X183.796 Y153.389 E44.51402
G1 X183.32 Y153.389 E44.53398
G1 X193.685 Y143.025 E45.14873
G1 X193.685 Y142.549 E45.16869
G1 X182.845 Y153.389 E45.81164
G1 X182.369 Y153.389 E45.8316
G1 X193.685 Y142.074 E46.50275
G1 X193.685 Y141.598 E46.52271
G1 X181.894 Y153.389 E47.22206
G1 X181.418 Y153.389 E47.24202
G1 X193.685 Y141.123 E47.96958
G1 X193.685 Y140.647 E47.98954
G1 X180.943 Y153.389 E48.7453
G1 X180.467 Y153.389 E48.76526
G1 X193.685 Y140.172 E49.54922
G1 X193.685 Y139.696 E49.56918
G1 X179.992 Y153.389 E50.38135
G1 X179.516 Y153.389 E50.40131
G1 X193.685 Y139.221 E51.24168
G1 X193.685 Y138.745 E51.26164
G1 X179.04 Y153.389 E52.13024
G1 X178.565 Y153.389 E52.15016
G1 X193.685 Y138.27 E53.04694
G1 X193.685 Y137.794 E53.0669
G1 X178.089 Y153.389 E53.99191
G1 X177.614 Y153.389 E54.01183
G1 X193.685 Y137.318 E54.96504
G1 X193.685 Y136.843 E54.98496
G1 X177.138 Y153.389 E55.96638
G1 X176.663 Y153.389 E55.9863
G1 X193.685 Y136.367 E56.99592
G1 X193.685 Y135.892 E57.01584
G1 X176.187 Y153.389 E58.05366
G1 X175.712 Y153.389 E58.07358
G1 X193.685 Y135.416 E59.1396
G1 X193.685 Y134.941 E59.15952
G1 X175.236 Y153.389 E60.25375
G1 X174.761 Y153.389 E60.27367
G1 X193.685 Y134.465 E61.3961
G1 X193.685 Y133.99 E61.41602
G1 X174.285 Y153.389 E62.56665
G1 X173.809 Y153.389 E62.58661
G1 X193.685 Y133.514 E63.76548
G1 X193.685 Y133.039 E63.7854
G1 X173.334 Y153.389 E64.99244
G1 X172.858 Y153.389 E65.0124
G1 X193.685 Y132.563 E66.24767
G1 X193.685 Y132.087 E66.26763
G1 X172.555 Y153.217 E67.5209
G1 X172.555 Y152.741 E67.54086
G1 X193.685 Y131.612 E68.79411
G1 X193.685 Y131.136 E68.81407
G1 X172.555 Y152.265 E70.06732
G1 X172.555 Y151.79 E70.08724
G1 X193.685 Y130.661 E71.34049
G1 X193.685 Y130.185 E71.36045
G1 X172.555 Y151.314 E72.6137
G1 X172.555 Y150.839 E72.63362
G1 X193.685 Y129.71 E73.88687
G1 X193.685 Y129.234 E73.90683
G1 X172.555 Y150.363 E75.16008
G1 X172.555 Y149.888 E75.18
G1 X193.685 Y128.759 E76.43325
G1 X193.685 Y128.283 E76.45321
G1 X172.555 Y149.412 E77.70646
G1 X172.555 Y148.937 E77.72638
G1 X193.685 Y127.808 E78.97963
G1 X193.685 Y127.332 E78.99959
G1 X172.555 Y148.461 E80.25284
G1 X172.555 Y147.986 E80.27276
G1 X193.685 Y126.856 E81.52603
G1 X193.685 Y126.381 E81.54595
G1 X172.555 Y147.51 E82.7992
G1 X172.555 Y147.034 E82.81916
G1 X193.685 Y125.905 E84.07241
G1 X193.685 Y125.43 E84.09233
G1 X172.555 Y146.559 E85.34558
G1 X172.555 Y146.083 E85.36554
G1 X193.685 Y124.954 E86.61879
G1 X193.685 Y124.479 E86.63871
G1 X172.555 Y145.608 E87.89196
G1 X172.555 Y145.132 E87.91192
G1 X193.685 Y124.003 E89.16517
G1 X193.685 Y123.528 E89.18509
G1 X172.555 Y144.657 E90.43834
G1 X172.555 Y144.181 E90.4583
G1 X193.685 Y123.052 E91.71155
G1 X193.685 Y122.577 E91.73147
G1 X172.555 Y143.706 E92.98472
G1 X172.555 Y143.23 E93.00468
G1 X193.685 Y122.101 E94.25793
G1 X193.685 Y121.625 E94.27789
G1 X172.555 Y142.755 E95.53116
G1 X172.555 Y142.279 E95.55112
G1 X193.685 Y121.15 E96.80437
G1 X193.685 Y120.674 E96.82433
G1 X172.555 Y141.804 E98.0776
G1 X172.555 Y141.328 E98.09756
G1 X193.685 Y120.199 E99.35081
G1 X193.685 Y119.723 E99.37077
G1 X172.555 Y140.852 E100.62402
G1 X172.555 Y140.377 E100.64394
G1 X193.685 Y119.248 E101.89719
G1 X193.685 Y118.772 E101.91715
G1 X172.555 Y139.901 E103.1704
G1 X172.555 Y139.426 E103.19032
G1 X193.685 Y118.297 E104.44357
G1 X193.685 Y117.821 E104.46353
G1 X172.555 Y138.95 E105.71678
G1 X172.555 Y138.475 E105.7367
G1 X193.685 Y117.346 E106.98995
G1 X193.685 Y116.87 E107.00991
G1 X172.555 Y137.999 E108.26316
G1 X172.555 Y137.524 E108.28308
G1 X193.685 Y116.394 E109.53635
G1 X193.685 Y115.919 E109.55627
G1 X172.555 Y137.048 E110.80952
G1 X172.555 Y136.573 E110.82944
G1 X193.685 Y115.443 E112.08271
G1 X193.685 Y114.968 E112.10263
G1 X172.555 Y136.097 E113.35588
G1 X172.555 Y135.621 E113.37584
G1 X193.685 Y114.492 E114.62909
G1 X193.685 Y114.017 E114.64901
G1 X172.555 Y135.146 E115.90226
G1 X172.555 Y134.67 E115.92222
G1 X193.685 Y113.541 E117.17547
G1 X193.685 Y113.066 E117.19539
G1 X172.555 Y134.195 E118.44864
G1 X172.555 Y133.719 E118.4686
G1 X193.685 Y112.59 E119.72185
G1 X193.685 Y112.115 E119.74177
G1 X172.555 Y133.244 E120.99502
G1 X172.555 Y132.768 E121.01498
G1 X193.685 Y111.639 E122.26823
G1 X193.685 Y111.163 E122.28819
G1 X172.555 Y132.293 E123.54146
G1 X172.555 Y131.817 E123.56142
G1 X193.685 Y110.688 E124.81467
G1 X193.685 Y110.212 E124.83463
G1 X172.555 Y131.342 E126.0879
G1 X172.555 Y130.866 E126.10786
G1 X193.685 Y109.737 E127.36111
G1 X193.685 Y109.261 E127.38107
G1 X172.555 Y130.39 E128.63432
G1 X172.555 Y129.915 E128.65424
G1 X193.685 Y108.786 E129.90749
G1 X193.685 Y108.31 E129.92745
G1 X172.555 Y129.439 E131.1807
G1 X172.555 Y128.964 E131.20062
G1 X193.685 Y107.835 E132.45387
G1 X193.685 Y107.359 E132.47383
G1 X172.555 Y128.488 E133.72708
G1 X172.555 Y128.013 E133.747
G1 X193.685 Y106.884 E135.00025
G1 X193.685 Y106.408 E135.02021
G1 X172.555 Y127.537 E136.27346
G1 X172.555 Y127.062 E136.29338
G1 X193.685 Y105.932 E137.54665
G1 X193.685 Y105.457 E137.56657
G1 X172.555 Y126.586 E138.81982
G1 X172.555 Y126.111 E138.83974
G1 X193.685 Y104.981 E140.09301
G1 X193.685 Y104.506 E140.11293
G1 X172.555 Y125.635 E141.36618
G1 X172.555 Y125.159 E141.38614
G1 X193.685 Y104.03 E142.63939
G1 X193.685 Y103.555 E142.65931
G1 X172.555 Y124.684 E143.91256
G1 X172.555 Y124.208 E143.93252
G1 X193.685 Y103.079 E145.18577
G1 X193.685 Y102.604 E145.20569
G1 X172.555 Y123.733 E146.45894
G1 X172.555 Y123.257 E146.4789
G1 X193.685 Y102.128 E147.73215
G1 X193.685 Y101.653 E147.75207
G1 X172.555 Y122.782 E149.00532
G1 X172.555 Y122.306 E149.02528
G1 X193.685 Y101.177 E150.27853
G1 X193.685 Y100.701 E150.29849
G1 X172.555 Y121.831 E151.55176
G1 X172.555 Y121.355 E151.57172
G1 X193.685 Y100.226 E152.82497
G1 X193.685 Y99.75 E152.84493
G1 X172.555 Y120.88 E154.0982
G1 X172.555 Y120.404 E154.11816
G1 X193.685 Y99.275 E155.37141
G1 X193.685 Y98.799 E155.39137
G1 X172.555 Y119.928 E156.64462
G1 X172.555 Y119.453 E156.66454
G1 X193.685 Y98.324 E157.91779
G1 X193.685 Y97.848 E157.93775
G1 X172.555 Y118.977 E159.191
G1 X172.555 Y118.502 E159.21092
G1 X193.685 Y97.373 E160.46417
G1 X193.685 Y96.897 E160.48413
G1 X172.555 Y118.026 E161.73738
G1 X172.555 Y117.551 E161.7573
G1 X193.685 Y96.422 E163.01055
G1 X193.685 Y95.946 E163.03051
G1 X172.555 Y117.075 E164.28376
G1 X172.555 Y116.6 E164.30368
G1 X193.685 Y95.47 E165.55695
G1 X193.685 Y94.995 E165.57687
G1 X172.555 Y116.124 E166.83012
G1 X172.555 Y115.649 E166.85004
G1 X193.685 Y94.519 E168.10331
G1 X193.685 Y94.044 E168.12323
G1 X172.555 Y115.173 E169.37648
G1 X172.555 Y114.697 E169.39644
G1 X193.685 Y93.568 E170.64969
G1 X193.685 Y93.093 E170.66961
G1 X172.555 Y114.222 E171.92286
G1 X172.555 Y113.746 E171.94282
G1 X193.685 Y92.617 E173.19607
G1 X193.685 Y92.142 E173.21599
G1 X172.555 Y113.271 E174.46924
G1 X172.555 Y112.795 E174.4892
G1 X193.685 Y91.666 E175.74245
G1 X193.685 Y91.191 E175.76237
G1 X172.555 Y112.32 E177.01562
G1 X172.555 Y111.844 E177.03558
G1 X193.685 Y90.715 E178.28883
G1 X193.685 Y90.24 E178.30875
G1 X172.555 Y111.369 E179.562
G1 X172.555 Y110.893 E179.58196
G1 X193.685 Y89.764 E180.83521
G1 X193.685 Y89.288 E180.85517
G1 X172.555 Y110.418 E182.10844
G1 X172.555 Y109.942 E182.1284
G1 X193.685 Y88.813 E183.38165
G1 X193.685 Y88.337 E183.40161
G1 X172.555 Y109.466 E184.65486
G1 X172.555 Y108.991 E184.67478
G1 X193.685 Y87.862 E185.92803
G1 X193.685 Y87.386 E185.94799
G1 X172.555 Y108.515 E187.20124
G1 X172.555 Y108.04 E187.22116
G1 X193.685 Y86.911 E188.47441
G1 X193.685 Y86.435 E188.49437
G1 X172.555 Y107.564 E189.74762
G1 X172.555 Y107.089 E189.76754
G1 X193.685 Y85.96 E191.02079
G1 X193.685 Y85.484 E191.04075
G1 X172.555 Y106.613 E192.294
G1 X172.555 Y106.138 E192.31392
G1 X193.685 Y85.009 E193.56717
G1 X193.685 Y84.533 E193.58713
G1 X172.555 Y105.662 E194.84038
G1 X172.555 Y105.187 E194.8603
G1 X193.685 Y84.057 E196.11357
G1 X193.685 Y83.582 E196.13349
G1 X172.555 Y104.711 E197.38674
G1 X172.555 Y104.235 E197.4067
G1 X193.685 Y83.106 E198.65995
G1 X193.685 Y82.631 E198.67987
G1 X172.555 Y103.76 E199.93312
G1 X172.555 Y103.284 E199.95308
G1 X193.685 Y82.155 E201.20633
G1 X193.685 Y81.68 E201.22625
G1 X172.555 Y102.809 E202.4795
G1 X172.555 Y102.333 E202.49946
G1 X193.685 Y81.204 E203.75271
G1 X193.685 Y80.729 E203.77263
G1 X172.555 Y101.858 E205.02588
G1 X172.555 Y101.382 E205.04584
G1 X193.685 Y80.253 E206.29909
G1 X193.685 Y79.778 E206.31901
G1 X172.555 Y100.907 E207.57226
G1 X172.555 Y100.431 E207.59222
G1 X193.685 Y79.302 E208.84547
G1 X193.685 Y78.826 E208.86543
G1 X172.555 Y99.956 E210.1187
G1 X172.555 Y99.48 E210.13866
G1 X193.685 Y78.351 E211.39191
G1 X193.685 Y77.875 E211.41187
G1 X172.555 Y99.004 E212.66512
G1 X172.555 Y98.529 E212.68504
G1 X193.685 Y77.4 E213.93829
G1 X193.685 Y76.924 E213.95825
G1 X172.555 Y98.053 E215.2115
G1 X172.555 Y97.578 E215.23142
G1 X193.685 Y76.449 E216.48467
G1 X193.685 Y75.973 E216.50463
G1 X172.555 Y97.102 E217.75788
G1 X172.555 Y96.627 E217.7778
G1 X193.685 Y75.498 E219.03105
G1 X193.685 Y75.022 E219.05101
G1 X172.555 Y96.151 E220.30426
G1 X172.555 Y95.676 E220.32418
G1 X193.685 Y74.547 E221.57743
G1 X193.685 Y74.071 E221.59739
G1 X172.555 Y95.2 E222.85064
G1 X172.555 Y94.725 E222.87056
G1 X193.685 Y73.595 E224.12383
G1 X193.685 Y73.12 E224.14375
G1 X172.555 Y94.249 E225.397
G1 X172.555 Y93.773 E225.41696
G1 X193.685 Y72.644 E226.67021
G1 X193.685 Y72.169 E226.69013
G1 X172.555 Y93.298 E227.94338
G1 X172.555 Y92.822 E227.96334
G1 X193.685 Y71.693 E229.21659
G1 X193.685 Y71.218 E229.23651
G1 X172.555 Y92.347 E230.48976
G1 X172.555 Y91.871 E230.50972
G1 X193.685 Y70.742 E231.76297
G1 X193.685 Y70.267 E231.78289
G1 X172.555 Y91.396 E233.03614
G1 X172.555 Y90.92 E233.0561
G1 X193.685 Y69.791 E234.30935
G1 X193.685 Y69.316 E234.32927
G1 X172.555 Y90.445 E235.58252
G1 X172.555 Y89.969 E235.60248
G1 X193.685 Y68.84 E236.85573
G1 X193.685 Y68.364 E236.87569
G1 X172.555 Y89.494 E238.12896
G1 X172.555 Y89.018 E238.14892
G1 X193.685 Y67.889 E239.40217
G1 X193.685 Y67.413 E239.42213
G1 X172.555 Y88.542 E240.67538
G1 X172.555 Y88.067 E240.6953
G1 X193.685 Y66.938 E241.94855
G1 X193.685 Y66.462 E241.96851
G1 X172.555 Y87.591 E243.22176
G1 X172.555 Y87.116 E243.24168
G1 X193.685 Y65.987 E244.49493
G1 X193.685 Y65.511 E244.51489
G1 X172.555 Y86.64 E245.76814
G1 X172.555 Y86.165 E245.78806
G1 X193.685 Y65.036 E247.04131
G1 X193.685 Y64.56 E247.06127
G1 X172.555 Y85.689 E248.31452
G1 X172.555 Y85.214 E248.33444
G1 X193.685 Y64.085 E249.58769
G1 X193.685 Y63.609 E249.60765
G1 X172.555 Y84.738 E250.8609
G1 X172.555 Y84.263 E250.88082
G1 X193.685 Y63.133 E252.13409
G1 X193.685 Y62.658 E252.15401
G1 X172.555 Y83.787 E253.40726
G1 X172.555 Y83.311 E253.42722
G1 X193.311 Y62.556 E254.65828
G1 X192.836 Y62.556 E254.6782
G1 X172.555 Y82.836 E255.88109
G1 X172.555 Y82.36 E255.90105
G1 X192.36 Y62.556 E257.07571
G1 X191.885 Y62.556 E257.09563
G1 X172.555 Y81.885 E258.24211
G1 X172.555 Y81.409 E258.26207
G1 X191.409 Y62.556 E259.38032
G1 X190.934 Y62.556 E259.40024
G1 X172.555 Y80.934 E260.49032
G1 X172.555 Y80.458 E260.51028
G1 X190.458 Y62.556 E261.57212
G1 X189.983 Y62.556 E261.59204
G1 X172.555 Y79.983 E262.62571
G1 X172.555 Y79.507 E262.64567
G1 X189.507 Y62.556 E263.65111
G1 X189.032 Y62.556 E263.67103
G1 X172.555 Y79.032 E264.64829
G1 X172.555 Y78.556 E264.66825
G1 X188.556 Y62.556 E265.61728
G1 X188.08 Y62.556 E265.63724
G1 X172.555 Y78.081 E266.55807
G1 X172.555 Y77.605 E266.57803
G1 X187.605 Y62.556 E267.47065
G1 X187.129 Y62.556 E267.49061
G1 X172.555 Y77.129 E268.355
G1 X172.555 Y76.654 E268.37492
G1 X186.654 Y62.556 E269.21114
G1 X186.178 Y62.556 E269.2311
G1 X172.555 Y76.178 E270.03909
G1 X172.555 Y75.703 E270.05901
G1 X185.703 Y62.556 E270.83882
G1 X185.227 Y62.556 E270.85878
G1 X172.555 Y75.227 E271.61036
G1 X172.555 Y74.752 E271.63028
G1 X184.752 Y62.556 E272.35369
G1 X184.276 Y62.556 E272.37365
G1 X172.555 Y74.276 E273.06882
G1 X172.555 Y73.801 E273.08874
G1 X183.801 Y62.556 E273.75574
G1 X183.325 Y62.556 E273.7757
G1 X172.555 Y73.325 E274.41447
G1 X172.555 Y72.85 E274.43439
G1 X182.849 Y62.556 E275.04495
G1 X182.374 Y62.556 E275.06487
G1 X172.555 Y72.374 E275.64723
G1 X172.555 Y71.898 E275.66719
G1 X181.898 Y62.556 E276.22132
G1 X181.423 Y62.556 E276.24124
G1 X172.555 Y71.423 E276.76719
G1 X172.555 Y70.947 E276.78715
G1 X180.947 Y62.556 E277.28487
G1 X180.582 Y62.556 E277.30018
G1 X180.557 Y62.47 E277.30394
G1 X172.555 Y70.472 E277.77856
G1 X172.555 Y69.996 E277.79852
G1 X180.257 Y62.295 E278.25532
G1 X180.001 Y62.295 E278.26606
G1 X179.43 Y62.647 E278.29419
G1 X172.555 Y69.521 E278.70193
G1 X172.555 Y69.045 E278.72189
G1 X178.409 Y63.191 E279.06911
G1 X177.676 Y63.449 E279.1017
G1 X172.555 Y68.57 E279.40544
G1 X172.555 Y68.094 E279.4254
G1 X176.943 Y63.707 E279.68563
G1 X176.21 Y63.964 E279.71821
G1 X172.555 Y67.619 E279.935
G1 X172.555 Y67.143 E279.95496
G1 X175.476 Y64.222 E280.12821
G1 X174.743 Y64.48 E280.1608
G1 X172.555 Y66.667 E280.29055
G1 X172.555 Y66.192 E280.31047
G1 X174.075 Y64.672 E280.40063
G1 X173.538 Y64.733 E280.4233
G1 X172.555 Y65.716 E280.4816
G1 X172.555 Y65.241 E280.50152
G1 X173.173 Y64.623 E280.53818
G1 E278.53818 F2400
G92 E0
G1 X180.629 Y61.936 F7800
G1 E2 F2400
;TYPE:Solid infill
;WIDTH:0.446769
G1 F1200
G1 X182.6 Y60.721 E2.11043
;WIDTH:0.444407
G1 X182.871 Y60.519 E2.12645
G1 X183.304 Y60.492 F7800
;TYPE:Internal infill
;WIDTH:0.45
G1 F1200
G1 X183.15 Y60.292 E2.13859
G1 X183.516 Y59.947 E2.16278
G1 X183.621 Y60.113 E2.17223
G1 X183.889 Y60.006 E2.18611
G1 X184.963 Y60.006 E2.23777
G1 X184.376 Y62.195 E2.34677
G1 X180.94 Y62.195 E2.51203
G1 X181.31 Y61.966 E2.53296
G1 X188.625 Y60.006 E2.8972
G1 X189.076 Y60.006 E2.91889
G1 X191.265 Y62.195 E3.06778
G1 X192.361 Y62.195 E3.12049
G1 X192.947 Y60.006 E3.22948
G1 X193.66 Y60.006 E3.26377
G1 X193.66 Y61.608 E3.34082
G1 E1.34082 F2400
G92 E0
G1 X193.467 Y58.886 F7800
G1 E2 F2400
;TYPE:Solid infill
;WIDTH:0.45
G1 F1200
G1 X184.644 Y58.886 E2.42436
G1 X183.867 Y59.619 E2.47574
G1 X193.66 Y59.621 E2.94675
G1 X193.66 Y58.886 E2.9821
G1 X193.292 Y59.253 E3.0071
;WIDTH:0.413373
G1 X184.79 Y59.253 E3.37718
G1 E1.37718 F2400
G92 E0
G1 X166.849 Y154.107 F7800
G1 E2 F2400
;TYPE:Perimeter
;WIDTH:0.45
G1 F1500
G1 X145.191 Y154.107 E3.04167
G1 X145.191 Y142.57 E3.59656
G1 X145.122 Y142.21 E3.61419
G1 X144.907 Y141.886 E3.63289
G1 X144.657 Y141.707 E3.64768
G1 X144.227 Y141.606 E3.66892
G1 X144.061 Y141.62 E3.67693
G1 X143.745 Y141.735 E3.6931
G1 X108.492 Y162.088 E5.65094
G1 X108.304 Y162.229 E5.66224
G1 X108.143 Y162.434 E5.67478
G1 X108.037 Y162.695 E5.68833
G1 X108.01 Y162.923 E5.69937
G1 X108.01 Y163.966 E5.74953
G1 X104.752 Y163.966 E5.90623
G1 X104.752 Y140.584 E7.03082
G1 X144.227 Y140.584 E8.92943
G1 X144.657 Y140.483 E8.95067
G1 X144.907 Y140.303 E8.96549
G1 X145.122 Y139.979 E8.98419
G1 X145.191 Y139.62 E9.00177
G1 X145.191 Y58.597 E12.89869
G1 X154.611 Y58.597 E13.35176
G1 X156.431 Y60.322 E13.47237
G1 X160.509 Y62.839 E13.70286
G1 X164.947 Y64.393 E13.92902
G1 X166.849 Y64.609 E14.02109
G1 X166.849 Y154.047 E18.32275
G1 X167.234 Y154.492 F7800
G1 F1500
G1 X144.806 Y154.492 E19.40146
G1 X144.801 Y142.498 E19.97833
G1 X144.708 Y142.248 E19.99116
G1 X144.485 Y142.052 E20.00544
G1 X144.227 Y141.991 E20.01819
G1 X143.938 Y142.069 E20.03259
G1 X108.684 Y162.422 E21.99047
G1 X108.475 Y162.63 E22.00465
G1 X108.395 Y162.923 E22.01926
G1 X108.395 Y164.352 E22.08799
G1 X104.366 Y164.352 E22.28177
G1 X104.366 Y140.198 E23.44349
G1 X144.227 Y140.198 E25.36067
G1 X144.485 Y140.138 E25.37341
G1 X144.635 Y140.03 E25.3823
G1 X144.744 Y139.879 E25.39126
G1 X144.806 Y139.62 E25.40407
G1 X144.806 Y58.211 E29.31956
G1 X154.765 Y58.211 E29.79855
G1 X156.668 Y60.014 E29.92463
G1 X160.676 Y62.488 E30.15117
G1 X165.034 Y64.015 E30.37327
G1 X167.234 Y64.265 E30.47976
G1 X167.234 Y154.432 E34.81648
G1 X167.62 Y154.878 F7800
;TYPE:External perimeter
G1 F1500
G1 X144.42 Y154.878 E35.93232
G1 X144.42 Y142.57 E36.52429
G1 X144.363 Y142.433 E36.53143
G1 X144.227 Y142.377 E36.5385
G1 X144.131 Y142.403 E36.54328
G1 X108.843 Y162.776 E38.50306
G1 X108.781 Y162.923 E38.51073
G1 X108.781 Y164.738 E38.59803
G1 X103.981 Y164.738 E38.82889
G1 X103.981 Y139.813 E40.0277
G1 X144.227 Y139.813 E41.96339
G1 X144.363 Y139.756 E41.97048
G1 X144.42 Y139.62 E41.97757
G1 X144.42 Y57.92 E45.90706
;TYPE:Overhang perimeter
;WIDTH:0.4
;HEIGHT:0.4
M106 S255
G1 X144.42 Y57.826 E45.91197
G1 X154.919 Y57.826 E46.46049
G1 X155.018 Y57.92 E46.46762
M107
;TYPE:External perimeter
;WIDTH:0.45
;HEIGHT:0.3
G1 X156.904 Y59.707 E46.59258
G1 X160.843 Y62.138 E46.81521
G1 X165.12 Y63.636 E47.03317
G1 X167.62 Y63.921 E47.15419
G1 X167.62 Y154.818 E51.52602
G1 X167.224 Y154.877 F7800
G1 E49.52602 F2400
G92 E0
G1 X166.736 Y152.861 F7800
G1 E2 F2400
;TYPE:Top solid infill
;WIDTH:0.400303
G1 F900
G1 X166.208 Y153.389 E2.03129
G1 X165.732 Y153.389 E2.05123
G1 X166.585 Y152.537 E2.10174
G1 X166.585 Y152.062 E2.12164
G1 X165.257 Y153.389 E2.2003
G1 X164.782 Y153.389 E2.2202
G1 X166.585 Y151.587 E2.327
G1 X166.585 Y151.112 E2.3469
G1 X164.307 Y153.389 E2.48185
G1 X163.832 Y153.389 E2.50175
G1 X166.585 Y150.637 E2.66484
G1 X166.585 Y150.162 E2.68474
G1 X163.357 Y153.389 E2.87598
G1 X162.882 Y153.389 E2.89588
G1 X166.585 Y149.687 E3.11526
G1 X166.585 Y149.212 E3.13516
G1 X162.407 Y153.389 E3.38269
G1 X161.932 Y153.389 E3.40259
G1 X166.585 Y148.737 E3.67826
G1 X166.585 Y148.261 E3.6982
G1 X161.457 Y153.389 E4.00205
G1 X160.982 Y153.389 E4.02195
G1 X166.585 Y147.786 E4.35394
G1 X166.585 Y147.311 E4.37384
G1 X160.507 Y153.389 E4.73398
G1 X160.032 Y153.389 E4.75388
G1 X166.585 Y146.836 E5.14216
G1 X166.585 Y146.361 E5.16206
G1 X159.557 Y153.389 E5.57849
G1 X159.082 Y153.389 E5.59839
G1 X166.585 Y145.886 E6.04296
G1 X166.585 Y145.411 E6.06286
G1 X158.606 Y153.389 E6.53561
G1 X158.131 Y153.389 E6.55551
G1 X166.585 Y144.936 E7.0564
G1 X166.585 Y144.461 E7.0763
G1 X157.656 Y153.389 E7.60534
G1 X157.181 Y153.389 E7.62524
G1 X166.585 Y143.986 E8.18242
G1 X166.585 Y143.511 E8.20232
G1 X156.706 Y153.389 E8.78765
G1 X156.231 Y153.389 E8.80755
G1 X166.585 Y143.036 E9.42102
G1 X166.585 Y142.561 E9.44092
G1 X155.756 Y153.389 E10.08254
G1 X155.281 Y153.389 E10.10244
G1 X166.585 Y142.086 E10.7722
G1 X166.585 Y141.611 E10.7921
G1 X154.806 Y153.389 E11.49001
G1 X154.331 Y153.389 E11.50991
G1 X166.585 Y141.135 E12.23599
G1 X166.585 Y140.66 E12.25589
G1 X153.856 Y153.389 E13.01012
G1 X153.381 Y153.389 E13.03002
G1 X166.585 Y140.185 E13.81239
G1 X166.585 Y139.71 E13.83229
G1 X152.906 Y153.389 E14.64281
G1 X152.431 Y153.389 E14.66271
G1 X166.585 Y139.235 E15.50137
G1 X166.585 Y138.76 E15.52127
G1 X151.956 Y153.389 E16.38808
G1 X151.48 Y153.389 E16.40802
G1 X166.585 Y138.285 E17.303
G1 X166.585 Y137.81 E17.3229
G1 X151.005 Y153.389 E18.24603
G1 X150.53 Y153.389 E18.26593
G1 X166.585 Y137.335 E19.2172
G1 X166.585 Y136.86 E19.2371
G1 X150.055 Y153.389 E20.21652
G1 X149.58 Y153.389 E20.23642
G1 X166.585 Y136.385 E21.24398
G1 X166.585 Y135.91 E21.26388
G1 X149.105 Y153.389 E22.29959
G1 X148.63 Y153.389 E22.31949
G1 X166.585 Y135.435 E23.38334
G1 X166.585 Y134.96 E23.40324
G1 X148.155 Y153.389 E24.49524
G1 X147.68 Y153.389 E24.51514
G1 X166.585 Y134.485 E25.63528
G1 X166.585 Y134.01 E25.65518
G1 X147.205 Y153.389 E26.80347
G1 X146.73 Y153.389 E26.82337
G1 X166.585 Y133.534 E27.99983
G1 X166.585 Y133.059 E28.01973
G1 X146.255 Y153.389 E29.22434
G1 X145.78 Y153.389 E29.24424
G1 X166.585 Y132.584 E30.47699
G1 X166.585 Y132.109 E30.49689
G1 X145.455 Y153.239 E31.7489
G1 X145.455 Y152.764 E31.7688
G1 X166.585 Y131.634 E33.02081
G1 X166.585 Y131.159 E33.04071
G1 X145.454 Y152.29 E34.29278
G1 X145.454 Y151.815 E34.31268
G1 X166.585 Y130.684 E35.56475
G1 X166.585 Y130.209 E35.58465
G1 X145.453 Y151.34 E36.83675
G1 X145.453 Y150.865 E36.85665
G1 X166.585 Y129.734 E38.10875
G1 X166.585 Y129.259 E38.12865
G1 X145.453 Y150.391 E39.38078
G1 X145.452 Y149.916 E39.40068
G1 X166.585 Y128.784 E40.65284
G1 X166.585 Y128.309 E40.67274
G1 X145.452 Y149.441 E41.9249
G1 X145.452 Y148.967 E41.94476
G1 X166.585 Y127.834 E43.19695
G1 X166.585 Y127.359 E43.21685
G1 X145.451 Y148.492 E44.46907
G1 X145.451 Y148.017 E44.48897
G1 X166.585 Y126.884 E45.74119
G1 X166.585 Y126.408 E45.76113
G1 X145.45 Y147.543 E47.01344
G1 X145.45 Y147.068 E47.03334
G1 X166.585 Y125.933 E48.28565
G1 X166.585 Y125.458 E48.30555
G1 X145.45 Y146.593 E49.55786
G1 X145.449 Y146.119 E49.57772
G1 X166.585 Y124.983 E50.83009
G1 X166.585 Y124.508 E50.84999
G1 X145.449 Y145.644 E52.10236
G1 X145.449 Y145.169 E52.12226
G1 X166.585 Y124.033 E53.37463
G1 X166.585 Y123.558 E53.39453
G1 X145.448 Y144.694 E54.64693
G1 X145.448 Y144.22 E54.66679
G1 X166.585 Y123.083 E55.91922
G1 X166.585 Y122.608 E55.93912
G1 X145.447 Y143.745 E57.19158
G1 X145.447 Y143.27 E57.21148
G1 X166.585 Y122.133 E58.46394
G1 X166.585 Y121.658 E58.48384
G1 X145.447 Y142.796 E59.73633
G1 X145.446 Y142.418 E59.75217
G1 X145.43 Y142.337 E59.75563
G1 X166.585 Y121.183 E61.00909
G1 X166.585 Y120.708 E61.02899
G1 X145.306 Y141.986 E62.2898
G1 X145.105 Y141.712 E62.30404
G1 X166.585 Y120.233 E63.57676
G1 X166.585 Y119.758 E63.59666
G1 X144.832 Y141.51 E64.88556
G1 X144.773 Y141.468 E64.88859
G1 X144.47 Y141.397 E64.90163
G1 X166.585 Y119.282 E66.21201
G1 X166.585 Y118.807 E66.23191
G1 X143.791 Y141.601 E67.58252
G1 X144.22 Y140.696 F7800
G1 F900
G1 X143.135 Y141.782 E67.64684
G1 X142.011 Y142.431 E67.70122
G1 X143.594 Y140.848 E67.79502
G1 X143.119 Y140.848 E67.81492
G1 X140.887 Y143.08 E67.94717
G1 X139.763 Y143.729 E68.00155
G1 X142.644 Y140.848 E68.17226
G1 X142.169 Y140.848 E68.19216
G1 X138.639 Y144.378 E68.40132
G1 X137.515 Y145.027 E68.4557
G1 X141.694 Y140.848 E68.70332
G1 X141.218 Y140.848 E68.72326
G1 X136.391 Y145.676 E69.0093
G1 X135.267 Y146.325 E69.06368
G1 X140.743 Y140.848 E69.38818
G1 X140.268 Y140.848 E69.40808
G1 X134.143 Y146.974 E69.77103
G1 X133.019 Y147.623 E69.82541
G1 X139.793 Y140.848 E70.22682
G1 X139.318 Y140.848 E70.24672
G1 X131.895 Y148.272 E70.68658
G1 X130.771 Y148.92 E70.74094
G1 X138.843 Y140.848 E71.21923
G1 X138.368 Y140.848 E71.23913
G1 X129.647 Y149.569 E71.75587
G1 X128.523 Y150.218 E71.81025
G1 X137.893 Y140.848 E72.36545
G1 X137.418 Y140.848 E72.38535
G1 X127.399 Y150.867 E72.979
G1 X126.275 Y151.516 E73.03338
G1 X136.943 Y140.848 E73.66549
G1 X136.468 Y140.848 E73.68539
G1 X125.151 Y152.165 E74.35595
G1 X124.027 Y152.814 E74.41033
G1 X135.993 Y140.848 E75.11935
G1 X135.518 Y140.848 E75.13925
G1 X122.903 Y153.463 E75.88672
G1 X121.779 Y154.112 E75.9411
G1 X135.043 Y140.848 E76.72703
G1 X134.568 Y140.848 E76.74693
G1 X120.655 Y154.761 E77.57131
G1 X119.531 Y155.41 E77.62569
G1 X134.092 Y140.848 E78.4885
G1 X133.617 Y140.848 E78.5084
G1 X118.406 Y156.059 E79.40969
G1 X117.282 Y156.708 E79.46407
G1 X133.142 Y140.848 E80.40382
G1 X132.667 Y140.848 E80.42372
G1 X116.158 Y157.357 E81.40192
G1 X115.034 Y158.006 E81.4563
G1 X132.192 Y140.848 E82.47296
G1 X131.717 Y140.848 E82.49286
G1 X113.91 Y158.655 E83.54797
G1 X112.786 Y159.304 E83.60235
G1 X131.242 Y140.848 E84.69592
G1 X130.767 Y140.848 E84.71582
G1 X111.662 Y159.953 E85.84784
G1 X110.538 Y160.602 E85.90222
G1 X130.292 Y140.848 E87.0727
G1 X129.817 Y140.848 E87.0926
G1 X109.002 Y161.663 E88.32595
G1 X107.855 Y162.335 F7800
G1 F900
G1 X129.342 Y140.848 E89.59911
G1 X128.867 Y140.848 E89.61901
G1 X108 Y161.715 E90.85544
G1 X108 Y161.24 E90.87534
G1 X128.392 Y140.848 E92.08362
G1 X127.917 Y140.848 E92.10352
G1 X108 Y160.765 E93.28366
G1 X108 Y160.29 E93.30356
G1 X127.442 Y140.848 E94.45555
G1 X126.967 Y140.848 E94.47545
G1 X108 Y159.815 E95.5993
G1 X108 Y159.34 E95.6192
G1 X126.491 Y140.848 E96.71487
G1 X126.016 Y140.848 E96.73477
G1 X108 Y158.864 E97.80227
G1 X108 Y158.389 E97.82217
G1 X125.541 Y140.848 E98.86152
G1 X125.066 Y140.848 E98.88142
G1 X108 Y157.914 E99.89263
G1 X108 Y157.439 E99.91253
G1 X124.591 Y140.848 E100.89559
G1 X124.116 Y140.848 E100.91549
G1 X108 Y156.964 E101.87041
G1 X108 Y156.489 E101.89031
G1 X123.641 Y140.848 E102.81708
G1 X123.166 Y140.848 E102.83698
G1 X108 Y156.014 E103.73561
G1 X108 Y155.539 E103.75551
G1 X122.691 Y140.848 E104.62599
G1 X122.216 Y140.848 E104.64589
G1 X108 Y155.064 E105.48823
G1 X108 Y154.589 E105.50813
G1 X121.741 Y140.848 E106.32232
G1 X121.266 Y140.848 E106.34222
G1 X108 Y154.114 E107.12827
G1 X108 Y153.639 E107.14817
G1 X120.791 Y140.848 E107.90607
G1 X120.316 Y140.848 E107.92597
G1 X108 Y153.164 E108.65573
G1 X108 Y152.689 E108.67563
G1 X119.841 Y140.848 E109.37724
G1 X119.365 Y140.848 E109.39718
G1 X108 Y152.214 E110.07062
G1 X108 Y151.738 E110.09056
G1 X118.89 Y140.848 E110.73582
G1 X118.415 Y140.848 E110.75572
G1 X108 Y151.263 E111.37284
G1 X108 Y150.788 E111.39274
G1 X117.94 Y140.848 E111.98171
G1 X117.465 Y140.848 E112.00161
G1 X108 Y150.313 E112.56244
G1 X108 Y149.838 E112.58234
G1 X116.99 Y140.848 E113.11502
G1 X116.515 Y140.848 E113.13492
G1 X108 Y149.363 E113.63946
G1 X108 Y148.888 E113.65936
G1 X116.04 Y140.848 E114.13575
G1 X115.565 Y140.848 E114.15565
G1 X108 Y148.413 E114.6039
G1 X108 Y147.938 E114.6238
G1 X115.09 Y140.848 E115.0439
G1 X114.615 Y140.848 E115.0638
G1 X108 Y147.463 E115.45576
G1 X108 Y146.988 E115.47566
G1 X114.14 Y140.848 E115.83947
G1 X113.665 Y140.848 E115.85937
G1 X108 Y146.513 E116.19504
G1 X108 Y146.038 E116.21494
G1 X113.19 Y140.848 E116.52246
G1 X112.715 Y140.848 E116.54236
G1 X108 Y145.563 E116.82174
G1 X108 Y145.088 E116.84164
G1 X112.239 Y140.848 E117.09284
G1 X111.764 Y140.848 E117.11274
G1 X108 Y144.613 E117.3358
G1 X108 Y144.137 E117.35574
G1 X111.289 Y140.848 E117.55062
G1 X110.814 Y140.848 E117.57052
G1 X108 Y143.662 E117.73726
G1 X108 Y143.187 E117.75716
G1 X110.339 Y140.848 E117.89575
G1 X109.864 Y140.848 E117.91565
G1 X108 Y142.712 E118.0261
G1 X108 Y142.237 E118.046
G1 X109.389 Y140.848 E118.1283
G1 X108.914 Y140.848 E118.1482
G1 X108 Y141.762 E118.20236
G1 X108 Y141.287 E118.22226
G1 X108.59 Y140.697 E118.25722
G1 E116.25722 F2400
G92 E0
G1 X145.304 Y139.613 F7800
G1 E2 F2400
G1 F900
G1 X166.585 Y118.332 E3.26096
G1 X166.585 Y117.857 E3.28086
G1 X145.455 Y138.986 E4.53284
G1 X145.455 Y138.511 E4.55274
G1 X166.585 Y117.382 E5.80472
G1 X166.585 Y116.907 E5.82462
G1 X145.455 Y138.036 E7.0766
G1 X145.455 Y137.561 E7.0965
G1 X166.585 Y116.432 E8.34848
G1 X166.585 Y115.957 E8.36838
G1 X145.455 Y137.086 E9.62036
G1 X145.455 Y136.611 E9.64026
G1 X166.585 Y115.482 E10.89224
G1 X166.585 Y115.007 E10.91214
G1 X145.455 Y136.136 E12.16412
G1 X145.455 Y135.661 E12.18402
G1 X166.585 Y114.532 E13.436
G1 X166.585 Y114.057 E13.4559
G1 X145.455 Y135.186 E14.70788
G1 X145.455 Y134.711 E14.72778
G1 X166.585 Y113.582 E15.97976
G1 X166.585 Y113.107 E15.99966
G1 X145.455 Y134.236 E17.25164
G1 X145.455 Y133.761 E17.27154
G1 X166.585 Y112.632 E18.52352
G1 X166.585 Y112.157 E18.54342
G1 X145.455 Y133.286 E19.7954
G1 X145.455 Y132.811 E19.8153
G1 X166.585 Y111.681 E21.06731
G1 X166.585 Y111.206 E21.08721
G1 X145.455 Y132.336 E22.33922
G1 X145.455 Y131.86 E22.35916
G1 X166.585 Y110.731 E23.61114
G1 X166.585 Y110.256 E23.63104
G1 X145.455 Y131.385 E24.88302
G1 X145.455 Y130.91 E24.90292
G1 X166.585 Y109.781 E26.1549
G1 X166.585 Y109.306 E26.1748
G1 X145.455 Y130.435 E27.42678
G1 X145.455 Y129.96 E27.44668
G1 X166.585 Y108.831 E28.69866
G1 X166.585 Y108.356 E28.71856
G1 X145.455 Y129.485 E29.97054
G1 X145.455 Y129.01 E29.99044
G1 X166.585 Y107.881 E31.24242
G1 X166.585 Y107.406 E31.26232
G1 X145.455 Y128.535 E32.5143
G1 X145.455 Y128.06 E32.5342
G1 X166.585 Y106.931 E33.78618
G1 X166.585 Y106.456 E33.80608
G1 X145.455 Y127.585 E35.05806
G1 X145.455 Y127.11 E35.07796
G1 X166.585 Y105.981 E36.32994
G1 X166.585 Y105.506 E36.34984
G1 X145.455 Y126.635 E37.60182
G1 X145.455 Y126.16 E37.62172
G1 X166.585 Y105.031 E38.8737
G1 X166.585 Y104.555 E38.89364
G1 X145.455 Y125.685 E40.14565
G1 X145.455 Y125.21 E40.16555
G1 X166.585 Y104.08 E41.41756
G1 X166.585 Y103.605 E41.43746
G1 X145.455 Y124.734 E42.68944
G1 X145.455 Y124.259 E42.70934
G1 X166.585 Y103.13 E43.96132
G1 X166.585 Y102.655 E43.98122
G1 X145.455 Y123.784 E45.2332
G1 X145.455 Y123.309 E45.2531
G1 X166.585 Y102.18 E46.50508
G1 X166.585 Y101.705 E46.52498
G1 X145.455 Y122.834 E47.77696
G1 X145.455 Y122.359 E47.79686
G1 X166.585 Y101.23 E49.04884
G1 X166.585 Y100.755 E49.06874
G1 X145.455 Y121.884 E50.32072
G1 X145.455 Y121.409 E50.34062
G1 X166.585 Y100.28 E51.5926
G1 X166.585 Y99.805 E51.6125
G1 X145.455 Y120.934 E52.86448
G1 X145.455 Y120.459 E52.88438
G1 X166.585 Y99.33 E54.13636
G1 X166.585 Y98.855 E54.15626
G1 X145.455 Y119.984 E55.40824
G1 X145.455 Y119.509 E55.42814
G1 X166.585 Y98.38 E56.68012
G1 X166.585 Y97.905 E56.70002
G1 X145.455 Y119.034 E57.952
G1 X145.455 Y118.559 E57.9719
G1 X166.585 Y97.429 E59.22391
G1 X166.585 Y96.954 E59.24381
G1 X145.455 Y118.084 E60.49582
G1 X145.455 Y117.608 E60.51576
G1 X166.585 Y96.479 E61.76774
G1 X166.585 Y96.004 E61.78764
G1 X145.455 Y117.133 E63.03962
G1 X145.455 Y116.658 E63.05952
G1 X166.585 Y95.529 E64.3115
G1 X166.585 Y95.054 E64.3314
G1 X145.455 Y116.183 E65.58338
G1 X145.455 Y115.708 E65.60328
G1 X166.585 Y94.579 E66.85526
G1 X166.585 Y94.104 E66.87516
G1 X145.455 Y115.233 E68.12714
G1 X145.455 Y114.758 E68.14704
G1 X166.585 Y93.629 E69.39902
G1 X166.585 Y93.154 E69.41892
G1 X145.455 Y114.283 E70.6709
G1 X145.455 Y113.808 E70.6908
G1 X166.585 Y92.679 E71.94278
G1 X166.585 Y92.204 E71.96268
G1 X145.455 Y113.333 E73.21466
G1 X145.455 Y112.858 E73.23456
G1 X166.585 Y91.729 E74.48654
G1 X166.585 Y91.254 E74.50644
G1 X145.455 Y112.383 E75.75842
G1 X145.455 Y111.908 E75.77832
G1 X166.585 Y90.779 E77.0303
G1 X166.585 Y90.304 E77.0502
G1 X145.455 Y111.433 E78.30218
G1 X145.455 Y110.958 E78.32208
G1 X166.585 Y89.828 E79.57409
G1 X166.585 Y89.353 E79.59399
G1 X145.455 Y110.483 E80.846
G1 X145.455 Y110.007 E80.86594
G1 X166.585 Y88.878 E82.11792
G1 X166.585 Y88.403 E82.13782
G1 X145.455 Y109.532 E83.3898
G1 X145.455 Y109.057 E83.4097
G1 X166.585 Y87.928 E84.66168
G1 X166.585 Y87.453 E84.68158
G1 X145.455 Y108.582 E85.93356
G1 X145.455 Y108.107 E85.95346
G1 X166.585 Y86.978 E87.20544
G1 X166.585 Y86.503 E87.22534
G1 X145.455 Y107.632 E88.47732
G1 X145.455 Y107.157 E88.49722
G1 X166.585 Y86.028 E89.7492
G1 X166.585 Y85.553 E89.7691
G1 X145.455 Y106.682 E91.02108
G1 X145.455 Y106.207 E91.04098
G1 X166.585 Y85.078 E92.29296
G1 X166.585 Y84.603 E92.31286
G1 X145.455 Y105.732 E93.56484
G1 X145.455 Y105.257 E93.58474
G1 X166.585 Y84.128 E94.83672
G1 X166.585 Y83.653 E94.85662
G1 X145.455 Y104.782 E96.1086
G1 X145.455 Y104.307 E96.1285
G1 X166.585 Y83.178 E97.38048
G1 X166.585 Y82.702 E97.40042
G1 X145.455 Y103.832 E98.65243
G1 X145.455 Y103.357 E98.67233
G1 X166.585 Y82.227 E99.92434
G1 X166.585 Y81.752 E99.94424
G1 X145.455 Y102.881 E101.19622
G1 X145.455 Y102.406 E101.21612
G1 X166.585 Y81.277 E102.4681
G1 X166.585 Y80.802 E102.488
G1 X145.455 Y101.931 E103.73998
G1 X145.455 Y101.456 E103.75988
G1 X166.585 Y80.327 E105.01186
G1 X166.585 Y79.852 E105.03176
G1 X145.455 Y100.981 E106.28374
G1 X145.455 Y100.506 E106.30364
G1 X166.585 Y79.377 E107.55562
G1 X166.585 Y78.902 E107.57552
G1 X145.455 Y100.031 E108.8275
G1 X145.455 Y99.556 E108.8474
G1 X166.585 Y78.427 E110.09938
G1 X166.585 Y77.952 E110.11928
G1 X145.455 Y99.081 E111.37126
G1 X145.455 Y98.606 E111.39116
G1 X166.585 Y77.477 E112.64314
G1 X166.585 Y77.002 E112.66304
G1 X145.455 Y98.131 E113.91502
G1 X145.455 Y97.656 E113.93492
G1 X166.585 Y76.527 E115.1869
G1 X166.585 Y76.052 E115.2068
G1 X145.455 Y97.181 E116.45878
G1 X145.455 Y96.706 E116.47868
G1 X166.585 Y75.576 E117.73069
G1 X166.585 Y75.101 E117.75059
G1 X145.455 Y96.231 E119.0026
G1 X145.455 Y95.755 E119.02254
G1 X166.585 Y74.626 E120.27452
G1 X166.585 Y74.151 E120.29442
G1 X145.455 Y95.28 E121.5464
G1 X145.455 Y94.805 E121.5663
G1 X166.585 Y73.676 E122.81828
G1 X166.585 Y73.201 E122.83818
G1 X145.455 Y94.33 E124.09016
G1 X145.455 Y93.855 E124.11006
G1 X166.585 Y72.726 E125.36204
G1 X166.585 Y72.251 E125.38194
G1 X145.455 Y93.38 E126.63392
G1 X145.455 Y92.905 E126.65382
G1 X166.585 Y71.776 E127.9058
G1 X166.585 Y71.301 E127.9257
G1 X145.455 Y92.43 E129.17768
G1 X145.455 Y91.955 E129.19758
G1 X166.585 Y70.826 E130.44956
G1 X166.585 Y70.351 E130.46946
G1 X145.455 Y91.48 E131.72144
G1 X145.455 Y91.005 E131.74134
G1 X166.585 Y69.876 E132.99332
G1 X166.585 Y69.401 E133.01322
G1 X145.455 Y90.53 E134.2652
G1 X145.455 Y90.055 E134.2851
G1 X166.585 Y68.926 E135.53708
G1 X166.585 Y68.45 E135.55702
G1 X145.455 Y89.58 E136.80903
G1 X145.455 Y89.105 E136.82893
G1 X166.585 Y67.975 E138.08094
G1 X166.585 Y67.5 E138.10084
G1 X145.455 Y88.63 E139.35285
G1 X145.455 Y88.154 E139.37279
G1 X166.585 Y67.025 E140.62477
G1 X166.585 Y66.55 E140.64467
G1 X145.455 Y87.679 E141.89665
G1 X145.455 Y87.204 E141.91655
G1 X166.585 Y66.075 E143.16853
G1 X166.585 Y65.6 E143.18843
G1 X145.455 Y86.729 E144.44041
G1 X145.455 Y86.254 E144.46031
G1 X166.585 Y65.125 E145.71229
G1 X166.585 Y64.845 E145.72402
G1 X166.409 Y64.825 E145.73144
G1 X145.455 Y85.779 E146.97302
G1 X145.455 Y85.304 E146.99292
G1 X165.983 Y64.777 E148.20923
G1 X165.556 Y64.728 E148.22724
G1 X145.455 Y84.829 E149.41828
G1 X145.455 Y84.354 E149.43818
G1 X165.13 Y64.68 E150.60395
G1 X164.735 Y64.599 E150.62084
G1 X145.455 Y83.879 E151.76323
G1 X145.455 Y83.404 E151.78313
G1 X164.384 Y64.475 E152.90473
G1 X164.032 Y64.352 E152.92035
G1 X145.455 Y82.929 E154.02109
G1 X145.455 Y82.454 E154.04099
G1 X163.681 Y64.228 E155.12093
G1 X163.329 Y64.105 E155.13655
G1 X145.455 Y81.979 E156.19563
G1 X145.455 Y81.504 E156.21553
G1 X162.978 Y63.981 E157.25382
G1 X162.626 Y63.857 E157.26946
G1 X145.455 Y81.028 E158.28689
G1 X145.455 Y80.553 E158.30679
G1 X162.275 Y63.734 E159.30339
G1 X161.923 Y63.61 E159.31903
G1 X145.455 Y80.078 E160.2948
G1 X145.455 Y79.603 E160.3147
G1 X161.572 Y63.487 E161.26965
G1 X161.22 Y63.363 E161.28529
G1 X145.455 Y79.128 E162.21941
G1 X145.455 Y78.653 E162.23931
G1 X160.869 Y63.24 E163.1526
G1 X160.517 Y63.116 E163.16824
G1 X145.455 Y78.178 E164.06071
G1 X145.455 Y77.703 E164.08061
G1 X160.206 Y62.952 E164.95465
G1 X159.912 Y62.771 E164.96912
G1 X145.455 Y77.228 E165.82574
G1 X145.455 Y76.753 E165.84564
G1 X159.618 Y62.59 E166.68484
G1 X159.324 Y62.409 E166.69931
G1 X145.455 Y76.278 E167.52109
G1 X145.455 Y75.803 E167.54099
G1 X158.964 Y62.295 E168.34141
G1 X158.632 Y62.295 E168.35532
G1 X158.558 Y62.556 E168.36669
G1 X158.228 Y62.556 E168.38052
G1 X145.455 Y75.328 E169.13733
G1 X145.455 Y74.853 E169.15723
G1 X157.753 Y62.556 E169.88589
G1 X157.277 Y62.556 E169.90583
G1 X145.455 Y74.378 E170.60632
G1 X145.455 Y73.902 E170.62626
G1 X156.802 Y62.556 E171.29857
G1 X156.327 Y62.556 E171.31847
G1 X145.455 Y73.427 E171.96264
G1 X145.455 Y72.952 E171.98254
G1 X155.852 Y62.556 E172.59856
G1 X155.377 Y62.556 E172.61846
G1 X145.455 Y72.477 E173.20634
G1 X145.455 Y72.002 E173.22624
G1 X154.902 Y62.556 E173.78597
G1 X154.427 Y62.556 E173.80587
G1 X145.455 Y71.527 E174.33746
G1 X145.455 Y71.052 E174.35736
G1 X153.952 Y62.556 E174.8608
G1 X153.477 Y62.556 E174.8807
G1 X145.455 Y70.577 E175.356
G1 X145.455 Y70.102 E175.3759
G1 X153.002 Y62.556 E175.82305
G1 X152.527 Y62.556 E175.84295
G1 X145.455 Y69.627 E176.26196
G1 X145.455 Y69.152 E176.28186
G1 X152.052 Y62.556 E176.67272
G1 X151.577 Y62.556 E176.69262
G1 X145.455 Y68.677 E177.05534
G1 X145.455 Y68.202 E177.07524
G1 X151.102 Y62.556 E177.40981
G1 X150.627 Y62.556 E177.42971
G1 X145.455 Y67.727 E177.73614
G1 X145.455 Y67.252 E177.75604
G1 X150.151 Y62.556 E178.03429
G1 X149.676 Y62.556 E178.05419
G1 X145.455 Y66.776 E178.30427
G1 X145.455 Y66.301 E178.32417
G1 X149.201 Y62.556 E178.5461
G1 X148.726 Y62.556 E178.566
G1 X145.455 Y65.826 E178.75979
G1 X145.455 Y65.351 E178.77969
G1 X148.251 Y62.556 E178.94533
G1 X147.776 Y62.556 E178.96523
G1 X145.455 Y64.876 E179.10273
G1 X145.455 Y64.401 E179.12263
G1 X147.301 Y62.556 E179.23198
G1 X146.826 Y62.556 E179.25188
G1 X145.455 Y63.926 E179.33309
G1 X145.455 Y63.451 E179.35299
G1 X146.351 Y62.556 E179.40605
G1 X145.876 Y62.556 E179.42595
G1 X145.304 Y63.127 E179.45981
G1 E177.45981 F2400
G92 E0
G1 X147.762 Y60.006 F7800
G1 E2 F2400
;TYPE:Internal infill
;WIDTH:0.45
G1 F1200
G1 X145.48 Y60.039 E2.10977
G1 X147.637 Y62.195 E2.25645
G1 X150.658 Y62.195 E2.40175
G1 X155.995 Y60.765 E2.6675
G1 X155.782 Y60.563 E2.68162
G1 X155.99 Y60.292 E2.69805
G1 X155.624 Y59.947 E2.72224
G1 X155.519 Y60.113 E2.73169
G1 X155.251 Y60.006 E2.74557
G1 X153.025 Y60.006 E2.85263
G1 X152.438 Y62.195 E2.96163
G1 X154.752 Y62.195 E3.07293
G1 E1.07293 F2400
G92 E0
G1 X156.27 Y60.519 F7800
G1 E2 F2400
;TYPE:Solid infill
;WIDTH:0.443839
G1 F1200
G1 X156.531 Y60.715 E2.01545
;WIDTH:0.446753
G1 X158.509 Y61.934 E2.12626
G1 E.12626 F2400
G92 E0
G1 X145.48 Y58.886 F7800
G1 E2 F2400
;WIDTH:0.45
G1 F1200
G1 X154.496 Y58.886 E2.43364
G1 X155.273 Y59.619 E2.48502
G1 X145.48 Y59.621 E2.95603
G1 X145.48 Y59.079 E2.9821
G1 X145.848 Y59.253 E3.00168
;WIDTH:0.413375
G1 X154.35 Y59.253 E3.37176
G1 E1.37176 F2400
G92 E0
G1 X145.514 Y153.784 F7800
G1 E2 F2400
;WIDTH:0.517503
G1 F1200
G1 X166.526 Y153.784 E3.18751
G1 E1.18751 F2400
G92 E0
G1 X107.639 Y159.237 F7800
G1 E2 F2400
;TYPE:Internal infill
;WIDTH:0.45
G1 F1200
G1 X107.639 Y161.551 E2.1113
G1 X105.799 Y162.044 E2.20292
G1 X105.799 Y162.148 E2.20792
G1 X106.943 Y163.292 E2.28573
G1 X105.799 Y163.292 E2.34075
G1 X105.799 Y162.34 E2.38654
G1 E.38654 F2400
G92 E0
G1 X105.799 Y156.373 F7800
G1 E2 F2400
G1 F1200
G1 X105.799 Y154.059 E2.1113
G1 X107.639 Y153.566 E2.20292
G1 X107.639 Y153.081 E2.22625
G1 X105.799 Y151.241 E2.3514
G1 X105.799 Y146.861 E2.56206
G1 X107.3 Y141.259 E2.841
G1 X106.724 Y141.259 E2.8687
G1 X107.639 Y142.174 E2.93094
G1 X107.639 Y145.582 E3.09485
G1 X105.799 Y146.075 E3.18647
G1 E1.18647 F2400
G92 E0
G1 X105.38 Y140.876 F7800
G1 E2 F2400
;TYPE:Solid infill
;WIDTH:0.449423
G1 F1200
G1 X105.038 Y140.879 E2.01643
;WIDTH:0.443193
G1 X105.038 Y163.681 E3.09377
;WIDTH:0.450011
G1 X105.606 Y163.677 E3.12109
G1 X105.417 Y163.484 E3.13408
;WIDTH:0.443193
G1 X105.417 Y141.078 E4.19271
;WIDTH:0.452937
G1 X105.572 Y140.875 E4.20509
G1 X105.606 Y140.873 E4.20674
;WIDTH:0.450011
G1 X107.61 Y140.873 E4.30313
G1 E2.30313 F2400
G92 E0
G1 X107.738 Y162.62 F7800
G1 E2 F2400
;WIDTH:0.450007
G1 F1200
G1 X107.72 Y163.484 E2.04157
;WIDTH:0.48309
G1 X107.704 Y163.564 E2.04583
;WIDTH:0.516173
G1 X107.687 Y163.644 E2.05044
G1 X107.607 Y163.661 E2.05505
;WIDTH:0.483092
G1 X107.528 Y163.677 E2.05926
;WIDTH:0.450011
G1 X105.606 Y163.677 E2.1517
G1 E.1517 F2400
G92 E0
G1 X61.014 Y60.299 F7800
G1 E2 F2400
;TYPE:Perimeter
;WIDTH:0.45
G1 F1500
G1 X61.032 Y60.286 E2.00107
G1 X61.231 Y59.979 E2.01867
G1 X61.301 Y59.618 E2.03636
G1 X61.301 Y46.034 E2.6897
G1 X140.199 Y46.034 E6.48442
G1 X140.199 Y46.393 E6.50169
G1 X56.374 Y135.591 E12.38893
G1 X56.051 Y135.591 E12.40447
G1 X56.051 Y60.582 E16.01214
G1 X60.439 Y60.582 E16.22319
G1 X60.756 Y60.486 E16.23912
G1 X60.965 Y60.334 E16.25155
G1 X60.736 Y60.016 F7800
G1 F1500
G1 X60.843 Y59.899 E16.25918
G1 X60.916 Y59.618 E16.27314
G1 X60.916 Y45.648 E16.94505
G1 X140.584 Y45.648 E20.7768
G1 X140.584 Y46.545 E20.81994
G1 X56.541 Y135.977 E26.72256
G1 X55.666 Y135.977 E26.76464
G1 X55.666 Y60.196 E30.40944
G1 X60.402 Y60.196 E30.63723
G1 X60.662 Y60.096 E30.65063
G1 X60.695 Y60.06 E30.65298
G1 X60.472 Y59.745 F7800
;TYPE:External perimeter
G1 F1500
G1 X60.53 Y59.618 E30.6597
G1 X60.53 Y45.262 E31.35017
G1 X140.97 Y45.262 E35.21905
G1 X140.97 Y46.698 E35.28812
G1 X56.708 Y136.363 E41.20612
G1 X55.28 Y136.363 E41.2748
G1 X55.28 Y59.81 E44.95673
G1 X60.337 Y59.81 E45.19995
G1 X60.426 Y59.777 E45.20452
G1 X60.522 Y59.389 F7800
G1 E43.20452 F2400
G92 E0
G1 X56.678 Y60.873 F7800
G1 E2 F2400
;TYPE:Solid infill
;WIDTH:0.449419
G1 F1200
G1 X56.337 Y60.876 E2.01638
;WIDTH:0.443195
G1 X56.337 Y134.322 E5.48654
;WIDTH:0.469296
G1 X56.35 Y134.735 E5.50741
;WIDTH:0.4954
G1 X56.363 Y135.148 E5.52962
G1 X57.022 Y134.478 E5.58014
G1 X56.742 Y134.463 E5.59521
G1 X56.729 Y134.393 E5.59904
;WIDTH:0.469296
G1 X56.716 Y134.322 E5.60269
;WIDTH:0.443195
G1 X56.716 Y61.075 E9.06345
;WIDTH:0.452935
G1 X56.871 Y60.871 E9.07587
G1 X56.905 Y60.869 E9.07752
;WIDTH:0.450011
G1 X59.619 Y60.862 E9.20806
G1 E7.20806 F2400
G92 E0
G1 X61.994 Y129.189 F7800
G1 E2 F2400
;WIDTH:0.450009
G1 F1200
G1 X57.046 Y134.454 E2.34751
;WIDTH:0.452927
G1 X57.022 Y134.478 E2.34915
G1 E.34915 F2400
G92 E0
G1 X57.098 Y122.34 F7800
G1 E2 F2400
;TYPE:Internal infill
;WIDTH:0.45
G1 F1200
G1 X57.098 Y120.026 E2.1113
G1 X76.644 Y47.08 E5.74352
G1 X77.987 Y47.08 E5.80811
G1 X109.521 Y78.614 E7.95302
G1 X111.106 Y76.928 E8.06432
G1 E6.06432 F2400
G92 E0
G1 X116.566 Y47.08 F7800
G1 E2 F2400
G1 F1200
G1 X107.556 Y80.706 E3.67435
G1 X106.272 Y82.073 E3.76455
G1 X57.098 Y95.249 E6.21308
G1 X57.098 Y97.562 E6.32433
G1 E4.32433 F2400
G92 E0
G1 X57.098 Y84.951 F7800
G1 E2 F2400
G1 F1200
G1 X57.098 Y87.264 E2.11125
G1 X116.3 Y71.401 E5.05911
G1 X114.806 Y72.992 E5.16408
G1 X88.894 Y47.08 E6.92658
G1 X87.872 Y47.08 E6.97573
G1 X61.59 Y54.123 E8.28441
G1 X61.59 Y52.497 E8.36262
G1 X98.953 Y89.86 E10.90401
G1 X104.237 Y84.237 E11.27513
G1 X67.08 Y47.08 E13.80251
G1 X68.659 Y47.08 E13.87845
G1 X57.098 Y90.228 E16.02692
G1 X57.098 Y91.633 E16.0945
G1 X77.817 Y112.352 E17.50378
G1 X76.185 Y114.088 E17.61838
G1 X57.098 Y119.202 E18.56878
G1 E16.56878 F2400
G92 E0
G1 X81.516 Y108.415 F7800
G1 E2 F2400
G1 F1200
G1 X83.101 Y106.729 E2.1113
G1 X57.098 Y80.726 E3.87999
G1 X57.098 Y79.28 E3.94954
G1 X126.329 Y60.729 E7.39678
G1 X125.374 Y61.746 E7.46388
G1 X110.708 Y47.08 E8.46144
G1 X108.582 Y47.08 E8.56369
G1 X96.387 Y92.591 E10.82984
G1 X96.243 Y92.744 E10.83995
G1 X57.098 Y103.233 E12.78911
G1 X57.098 Y102.54 E12.82244
G1 X72.533 Y117.975 E13.87231
G1 X74.049 Y116.361 E13.97881
G1 X92.613 Y47.08 E17.42854
G1 X94.926 Y47.08 E17.53979
G1 E15.53979 F2400
G92 E0
G1 X82.315 Y47.08 F7800
G1 E2 F2400
G1 F1200
G1 X84.628 Y47.08 E2.11125
G1 X62.88 Y128.246 E6.15276
G1 X62.278 Y128.887 E6.19505
G1 X62.005 Y128.614 E6.21362
G1 X61.692 Y128.947 E6.2356
G1 X57.098 Y124.354 E6.54804
G1 X57.098 Y127.186 E6.68425
G1 X66.157 Y124.759 E7.13532
G1 X67.249 Y123.597 E7.21201
G1 X57.098 Y113.447 E7.90244
G1 X57.098 Y111.218 E8.00965
G1 X86.214 Y103.416 E9.45944
G1 X85.218 Y104.476 E9.5294
G1 X100.597 Y47.08 E12.38733
G1 X99.801 Y47.08 E12.42561
G1 X120.09 Y67.369 E13.80564
G1 X118.725 Y68.82 E13.90146
G1 X124.551 Y47.08 E14.98397
G1 X121.615 Y47.08 E15.12518
G1 X130.658 Y56.123 E15.74027
G1 X129.894 Y56.935 E15.79389
G1 X132.522 Y47.08 E16.28445
G1 X135.669 Y50.227 E16.49851
G1 X57.098 Y71.295 E20.411
G1 X57.098 Y69.819 E20.48199
G1 X88.385 Y101.106 E22.6101
G1 X93.669 Y95.483 E22.98122
G1 X59.434 Y61.248 E25.30985
G1 X57.098 Y61.254 E25.4222
G1 X57.098 Y63.311 E25.52113
G1 X117.671 Y47.08 E28.53726
G1 X119.985 Y47.08 E28.64856
G1 E26.64856 F2400
G92 E0
G1 X61.59 Y46.888 F7800
G1 E2 F2400
;TYPE:Solid infill
;WIDTH:0.450011
G1 F1200
G1 X61.59 Y48.306 E2.0682
G1 E.0682 F2400
G92 E0
G1 X136.03 Y50.406 F7800
G1 E2 F2400
;WIDTH:0.450009
G1 F1200
G1 X139.213 Y47.02 E2.22352
;WIDTH:0.488229
G1 X139.823 Y46.342 E2.27173
G1 X139.072 Y46.319 E2.31145
;WIDTH:0.443224
G1 X61.587 Y46.319 E5.97272
;WIDTH:0.450011
G1 X61.59 Y46.888 E6.00009
G1 X61.783 Y46.698 E6.01312
;WIDTH:0.443195
G1 X139.072 Y46.698 E9.66485
;WIDTH:0.488229
G1 X139.203 Y46.721 E9.67188
G1 X139.213 Y47.02 E9.6877
;LAYER_CHANGE
;Z:3.95
;HEIGHT:0.3
G1 E7.6877 F2400
G92 E0
G1 Z3.95 F7800
;AFTER_LAYER_CHANGE
;3.95
G1 X61.014 Y60.299
G1 E2 F2400
;TYPE:Perimeter
;WIDTH:0.45
G1 F1500
G1 X61.032 Y60.286 E2.00107
G1 X61.231 Y59.979 E2.01867
G1 X61.301 Y59.618 E2.03636
G1 X61.301 Y46.034 E2.6897
G1 X140.199 Y46.034 E6.48442
G1 X140.199 Y46.393 E6.50169
G1 X56.374 Y135.591 E12.38893
G1 X56.051 Y135.591 E12.40447
G1 X56.051 Y60.582 E16.01214
G1 X60.439 Y60.582 E16.22319
G1 X60.756 Y60.486 E16.23912
G1 X60.965 Y60.334 E16.25155
G1 X60.736 Y60.016 F7800
G1 F1500
G1 X60.843 Y59.899 E16.25918
G1 X60.916 Y59.618 E16.27314
G1 X60.916 Y45.648 E16.94505
G1 X140.584 Y45.648 E20.7768
G1 X140.584 Y46.545 E20.81994
G1 X56.541 Y135.977 E26.72256
G1 X55.666 Y135.977 E26.76464
G1 X55.666 Y60.196 E30.40944
G1 X60.402 Y60.196 E30.63723
G1 X60.662 Y60.096 E30.65063
G1 X60.695 Y60.06 E30.65298
G1 X60.472 Y59.745 F7800
;TYPE:External perimeter
G1 F1500
G1 X60.53 Y59.618 E30.6597
G1 X60.53 Y45.262 E31.35017
G1 X140.97 Y45.262 E35.21905
G1 X140.97 Y46.698 E35.28812
G1 X56.708 Y136.363 E41.20612
G1 X55.28 Y136.363 E41.2748
G1 X55.28 Y59.81 E44.95673
G1 X60.337 Y59.81 E45.19995
G1 X60.426 Y59.777 E45.20452
G1 X60.522 Y59.389 F7800
G1 E43.20452 F2400
G92 E0
G1 X63.185 Y64.352 F7800
G1 E2 F2400
;TYPE:Internal infill
;WIDTH:0.45
G1 F1200
G1 X62.038 Y63.205 E2.07802
G1 X61.348 Y63.162 E2.11127
G1 X60.678 Y62.492 E2.15684
G1 X60.954 Y62.278 E2.17364
G1 X90.026 Y54.488 E3.62123
G1 X90.498 Y54.972 E3.65375
G1 X74.049 Y116.361 E6.71051
G1 X72.533 Y117.975 E6.81701
G1 X61.271 Y106.713 E7.58304
G1 X61.362 Y106.371 E7.60006
G1 X60.93 Y105.725 E7.63744
G1 X61.85 Y102.291 E7.80843
G1 X62.471 Y102.125 E7.83935
G1 X62.588 Y101.762 E7.85769
G1 X96.243 Y92.744 E9.53348
G1 X96.387 Y92.591 E9.54359
G1 X107.717 Y50.308 E11.649
G1 X108.333 Y50.083 E11.68054
G1 X108.477 Y49.544 E11.70737
G1 X108.967 Y49.413 E11.73177
G1 X109.684 Y49.781 E11.77053
G1 X112.622 Y48.994 E11.91682
G1 X125.374 Y61.746 E12.7842
G1 X126.329 Y60.729 E12.8513
G1 X60.911 Y78.258 E16.10868
G1 X60.827 Y78.571 E16.12427
G1 X60.169 Y78.767 E16.15729
G1 X60.125 Y78.933 E16.16555
G1 X60.658 Y79.203 E16.19429
G1 X59.886 Y82.083 E16.3377
G1 X59.399 Y82.423 E16.36627
G1 X59.691 Y82.811 E16.38963
G1 X59.584 Y83.212 E16.40959
G1 X63.569 Y87.197 E16.68065
G1 X60.879 Y87.029 E16.81028
G1 X60.835 Y86.594 E16.83131
G1 X61.716 Y86.358 E16.87518
G1 X61.684 Y86.035 E16.89079
G1 X116.3 Y71.401 E19.61029
G1 X114.806 Y72.992 E19.71526
G1 X92.265 Y50.451 E21.24847
G1 X91.273 Y54.154 E21.43285
G1 X96.505 Y52.752 E21.69337
G1 X94.889 Y51.096 E21.80466
G1 E19.80466 F2400
G92 E0
G1 X85.423 Y49.769 F7800
G1 E2 F2400
G1 F1200
G1 X84.67 Y48.997 E2.05187
G1 X84.493 Y49.66 E2.08487
G1 X84.005 Y49.407 E2.11131
G1 X64.922 Y120.624 E5.65744
G1 X65.297 Y120.999 E5.68295
G1 X65.263 Y121.612 E5.71248
G1 X67.249 Y123.597 E5.84753
G1 X66.157 Y124.759 E5.92422
G1 X64.237 Y125.274 E6.01983
G1 X63.979 Y125.674 E6.04272
G1 X63.537 Y125.793 E6.06474
G1 X62.88 Y128.246 E6.18688
G1 X62.278 Y128.887 E6.22917
G1 X59.842 Y126.451 E6.39486
G1 X60.826 Y126.188 E6.44385
G1 X62.659 Y126.302 E6.53218
G1 X62.676 Y126.023 E6.54562
G1 X62.867 Y125.972 E6.55513
G1 E4.55513 F2400
G92 E0
G1 X64.17 Y119.871 F7800
G1 E2 F2400
G1 F1200
G1 X63.023 Y118.724 E2.07802
G1 X62.333 Y118.681 E2.11127
G1 X61.986 Y118.335 E2.13484
G1 X61.975 Y118.227 E2.14006
G1 X62.409 Y118.111 E2.16167
G1 X62.147 Y117.849 E2.17949
G1 X76.185 Y114.088 E2.87848
G1 X77.817 Y112.352 E2.99308
G1 X63.576 Y98.111 E3.96174
G1 X63.546 Y97.434 E3.99433
G1 X63.235 Y97.123 E4.01548
G1 X64.21 Y93.485 E4.19663
G1 X63.78 Y93.458 E4.21735
G1 X60.184 Y94.422 E4.39641
G1 X60.19 Y94.077 E4.41301
G1 X59.29 Y93.178 E4.47419
G1 X59.986 Y93.221 E4.50773
G1 E2.50773 F2400
G92 E0
G1 X65.502 Y90.922 F7800
G1 E2 F2400
G1 F1200
G1 X64.903 Y93.157 E2.11129
G1 X106.272 Y82.073 E4.17118
G1 X107.556 Y80.706 E4.26138
G1 X115.386 Y51.486 E5.71635
G1 E3.71635 F2400
G92 E0
G1 X120.001 Y52.351 F7800
G1 E2 F2400
G1 F1200
G1 X121.617 Y54.008 E2.11132
G1 X63.216 Y69.656 E5.01929
G1 X62.636 Y70.143 E5.05572
G1 X62.468 Y70.188 E5.06409
G1 X61.548 Y73.622 E5.23508
G1 X61.795 Y73.869 E5.25188
G1 X61.937 Y74.427 E5.27957
G1 X61.889 Y74.609 E5.28862
G1 X88.385 Y101.106 E7.09088
G1 X93.669 Y95.483 E7.462
G1 X64.193 Y66.007 E9.46692
G1 X64.33 Y65.5 E9.49218
G1 X63.853 Y65.02 E9.52473
G1 X67.011 Y53.231 E10.11173
G1 X67.239 Y53.17 E10.12308
G1 X67.676 Y52.825 E10.14986
G1 X67.772 Y52.466 E10.16773
G1 X70.894 Y51.63 E10.32318
G1 X71.328 Y52.074 E10.35304
G1 X71.917 Y51.917 E10.38236
G1 X104.237 Y84.237 E12.58073
G1 X98.953 Y89.86 E12.95185
G1 X61.59 Y52.497 E15.49324
G1 X61.59 Y54.123 E15.57145
G1 X65.661 Y53.032 E15.77416
G1 X64.046 Y51.376 E15.88541
G1 E13.88541 F2400
G92 E0
G1 X61.42 Y48.085 F7800
G1 E2 F2400
;TYPE:Bridge infill
;WIDTH:0.40013
;HEIGHT:0.4
M106 S255
G1 F1500
G1 X66.223 Y53.01 E2.35964
G1 X66.722 Y52.876 E2.38665
G1 X61.623 Y47.648 E2.76844
G1 X61.623 Y47.003 E2.80216
G1 X67.171 Y52.692 E3.21759
G1 X67.308 Y52.583 E3.22674
G1 X67.391 Y52.273 E3.24352
G1 X61.623 Y46.355 E3.67555
G1 X62.248 Y46.355 E3.70822
G1 X67.527 Y51.767 E4.10346
G1 X67.662 Y51.261 E4.13084
G1 X62.877 Y46.355 E4.48911
G1 X63.506 Y46.355 E4.52199
G1 X67.798 Y50.756 E4.84337
G1 X67.933 Y50.25 E4.87075
G1 X64.134 Y46.355 E5.15519
G1 X64.763 Y46.355 E5.18807
G1 X68.069 Y49.744 E5.43558
G1 X68.204 Y49.238 E5.46296
G1 X65.392 Y46.355 E5.6735
G1 X66.021 Y46.355 E5.70638
G1 X68.34 Y48.733 E5.88003
G1 X68.407 Y48.481 E5.89366
G1 X71.456 Y51.607 E6.12195
G1 X71.707 Y51.54 E6.13553
G1 X66.649 Y46.355 E6.51421
G1 X67.278 Y46.355 E6.54709
G1 X72.206 Y51.407 E6.91605
G1 X72.704 Y51.273 E6.94301
G1 X67.907 Y46.355 E7.30217
G1 X68.536 Y46.355 E7.33505
G1 X73.203 Y51.139 E7.68445
G1 X73.701 Y51.006 E7.7114
G1 X69.165 Y46.355 E8.05104
G1 X69.793 Y46.355 E8.08387
G1 X74.2 Y50.872 E8.41379
G1 X74.698 Y50.739 E8.44074
G1 X70.422 Y46.355 E8.7609
G1 X71.051 Y46.355 E8.79378
G1 X75.197 Y50.605 E9.10418
G1 X75.551 Y50.51 E9.12334
G1 X75.681 Y50.457 E9.13068
G1 X71.68 Y46.355 E9.43024
G1 X72.309 Y46.355 E9.46312
G1 X75.959 Y50.097 E9.7364
G1 X76.094 Y49.591 E9.76378
G1 X72.937 Y46.355 E10.00013
G1 X73.566 Y46.355 E10.03301
G1 X76.23 Y49.086 E10.23246
G1 X76.341 Y48.67 E10.25497
G1 X76.633 Y48.855 E10.27304
G1 X74.195 Y46.355 E10.4556
G1 X74.824 Y46.355 E10.48848
G1 X78.188 Y49.804 E10.74035
G1 X78.686 Y49.67 E10.76731
G1 X75.453 Y46.355 E11.00939
G1 X76.081 Y46.355 E11.04222
G1 X79.185 Y49.537 E11.27461
G1 X79.683 Y49.403 E11.30157
G1 X76.71 Y46.355 E11.52416
G1 X77.339 Y46.355 E11.55704
G1 X80.182 Y49.269 E11.76987
G1 X80.68 Y49.136 E11.79682
G1 X77.968 Y46.355 E11.99989
G1 X78.597 Y46.355 E12.03277
G1 X81.179 Y49.002 E12.22608
G1 X81.677 Y48.869 E12.25303
G1 X79.225 Y46.355 E12.43662
G1 X79.854 Y46.355 E12.4695
G1 X82.176 Y48.735 E12.64333
G1 X82.674 Y48.602 E12.67028
G1 X80.483 Y46.355 E12.83435
G1 X81.112 Y46.355 E12.86723
G1 X83.247 Y48.544 E13.02709
G1 X84.224 Y49.05 E13.08461
G1 X84.255 Y48.933 E13.09094
G1 X81.741 Y46.355 E13.27919
G1 X82.369 Y46.355 E13.31202
G1 X84.391 Y48.427 E13.46337
G1 X84.457 Y48.18 E13.47674
G1 X90.609 Y54.487 E13.93734
G1 X90.747 Y54.3 E13.94949
G1 X82.998 Y46.355 E14.52969
G1 X83.627 Y46.355 E14.56257
G1 X90.925 Y53.838 E15.10902
G1 X91.061 Y53.332 E15.13641
G1 X84.256 Y46.355 E15.64593
G1 X84.884 Y46.355 E15.67876
G1 X91.196 Y52.826 E16.15134
G1 X91.332 Y52.32 E16.17873
G1 X85.513 Y46.355 E16.61438
G1 X86.142 Y46.355 E16.64726
G1 X91.467 Y51.815 E17.04598
G1 X91.603 Y51.309 E17.07337
G1 X86.771 Y46.355 E17.43515
G1 X87.4 Y46.355 E17.46803
G1 X91.738 Y50.803 E17.79285
G1 X91.874 Y50.297 E17.82024
G1 X88.028 Y46.355 E18.10816
G1 X88.657 Y46.355 E18.14104
G1 X92.009 Y49.792 E18.39203
G1 X92.145 Y49.286 E18.41942
G1 X89.286 Y46.355 E18.63347
G1 X89.915 Y46.355 E18.66635
G1 X92.28 Y48.78 E18.84343
G1 X92.416 Y48.275 E18.87077
G1 X90.544 Y46.355 E19.01096
G1 X91.172 Y46.355 E19.04379
G1 X97.323 Y52.661 E19.50432
G1 X97.822 Y52.527 E19.53133
G1 X91.801 Y46.355 E19.9821
G1 X92.43 Y46.355 E20.01498
G1 X98.32 Y52.394 E20.45599
G1 X98.819 Y52.26 E20.483
G1 X93.059 Y46.355 E20.91425
G1 X93.688 Y46.355 E20.94713
G1 X99.27 Y52.078 E21.36507
G1 X99.409 Y51.976 E21.37408
G1 X99.493 Y51.662 E21.39107
G1 X94.316 Y46.355 E21.77866
G1 X94.945 Y46.355 E21.81154
G1 X99.628 Y51.156 E22.16216
G1 X99.764 Y50.651 E22.1895
G1 X95.574 Y46.355 E22.50322
G1 X96.203 Y46.355 E22.5361
G1 X99.899 Y50.145 E22.81285
G1 X100.035 Y49.639 E22.84024
G1 X96.832 Y46.355 E23.08006
G1 X97.46 Y46.355 E23.11289
G1 X100.17 Y49.133 E23.31578
G1 X100.306 Y48.628 E23.34312
G1 X98.089 Y46.355 E23.50911
G1 X98.718 Y46.355 E23.54199
G1 X103.305 Y51.058 E23.88544
G1 X103.804 Y50.924 E23.91245
G1 X99.347 Y46.355 E24.24614
G1 X99.976 Y46.355 E24.27902
G1 X104.302 Y50.791 E24.60295
G1 X104.801 Y50.657 E24.62996
G1 X100.604 Y46.355 E24.94416
G1 X101.233 Y46.355 E24.97704
G1 X105.299 Y50.524 E25.28148
G1 X105.798 Y50.39 E25.30849
G1 X101.862 Y46.355 E25.60317
G1 X102.491 Y46.355 E25.63605
G1 X106.296 Y50.257 E25.92098
G1 X106.795 Y50.123 E25.94799
G1 X103.12 Y46.355 E26.22315
G1 X103.748 Y46.355 E26.25598
G1 X107.293 Y49.989 E26.52138
G1 X107.78 Y49.844 E26.54794
G1 X104.377 Y46.355 E26.80273
G1 X105.006 Y46.355 E26.83561
G1 X108.06 Y49.486 E27.06427
G1 X108.196 Y48.981 E27.09161
G1 X105.635 Y46.355 E27.28337
G1 X106.263 Y46.355 E27.3162
G1 X108.606 Y48.757 E27.49162
G1 X109.731 Y49.336 E27.55777
G1 X109.786 Y49.322 E27.56074
G1 X106.892 Y46.355 E27.77742
G1 X107.521 Y46.355 E27.8103
G1 X110.284 Y49.188 E28.01718
G1 X110.783 Y49.054 E28.04419
G1 X108.15 Y46.355 E28.24131
G1 X108.779 Y46.355 E28.27419
G1 X111.281 Y48.921 E28.46155
G1 X111.78 Y48.787 E28.48856
G1 X109.407 Y46.355 E28.6662
G1 X110.036 Y46.355 E28.69908
G1 X112.278 Y48.654 E28.86696
G1 X112.777 Y48.52 E28.89397
G1 X110.665 Y46.355 E29.05209
G1 X111.294 Y46.355 E29.08497
G1 X115.679 Y50.851 E29.4133
G1 X115.814 Y50.345 E29.44068
G1 X111.923 Y46.355 E29.73204
G1 X112.551 Y46.355 E29.76487
G1 X115.95 Y49.839 E30.01933
G1 X116.085 Y49.334 E30.04666
G1 X113.18 Y46.355 E30.26419
G1 X113.809 Y46.355 E30.29707
G1 X116.221 Y48.828 E30.47767
G1 X116.357 Y48.322 E30.50506
G1 X114.438 Y46.355 E30.64872
G1 X115.067 Y46.355 E30.6816
G1 X122.441 Y53.915 E31.2337
G1 X122.727 Y53.838 E31.24918
G1 X122.847 Y53.687 E31.25926
G1 X115.695 Y46.355 E31.79473
G1 X116.324 Y46.355 E31.82761
G1 X123.027 Y53.227 E32.32947
G1 X123.162 Y52.721 E32.35685
G1 X116.953 Y46.355 E32.82174
G1 X117.582 Y46.355 E32.85462
G1 X123.298 Y52.215 E33.28258
G1 X123.433 Y51.71 E33.30991
G1 X118.211 Y46.355 E33.70094
G1 X118.839 Y46.355 E33.73377
G1 X123.569 Y51.204 E34.0879
G1 X123.704 Y50.698 E34.11528
G1 X119.468 Y46.355 E34.43244
G1 X120.097 Y46.355 E34.46532
G1 X123.84 Y50.192 E34.74555
G1 X123.975 Y49.687 E34.77288
G1 X120.726 Y46.355 E35.01618
G1 X121.355 Y46.355 E35.04906
G1 X124.111 Y49.181 E35.25542
G1 X124.246 Y48.675 E35.2828
G1 X121.983 Y46.355 E35.45223
G1 X122.612 Y46.355 E35.48511
G1 X128.423 Y52.312 E35.92017
G1 X128.921 Y52.179 E35.94712
G1 X123.241 Y46.355 E36.37242
G1 X123.87 Y46.355 E36.4053
G1 X129.42 Y52.045 E36.82084
G1 X129.918 Y51.911 E36.8478
G1 X124.498 Y46.355 E37.25358
G1 X125.127 Y46.355 E37.28646
G1 X130.417 Y51.778 E37.68252
G1 X130.915 Y51.644 E37.70948
G1 X125.756 Y46.355 E38.09574
G1 X126.385 Y46.355 E38.12862
G1 X131.369 Y51.465 E38.50179
G1 X131.509 Y51.369 E38.51066
G1 X131.594 Y51.051 E38.52787
G1 X127.014 Y46.355 E38.8708
G1 X127.642 Y46.355 E38.90363
G1 X131.73 Y50.545 E39.20966
G1 X131.865 Y50.04 E39.23699
G1 X128.271 Y46.355 E39.50609
G1 X128.9 Y46.355 E39.53897
G1 X132.001 Y49.534 E39.77114
G1 X132.136 Y49.028 E39.79852
G1 X129.529 Y46.355 E39.99372
G1 X130.158 Y46.355 E40.0266
G1 X132.272 Y48.522 E40.18487
G1 X132.335 Y48.286 E40.19764
G1 X134.638 Y50.647 E40.37007
G1 X134.903 Y50.576 E40.38441
G1 X130.786 Y46.355 E40.69266
G1 X131.415 Y46.355 E40.72554
G1 X135.402 Y50.442 E41.02403
G1 X135.804 Y50.334 E41.04579
G1 X135.95 Y50.36 E41.05354
G1 X132.044 Y46.355 E41.34601
G1 X132.673 Y46.355 E41.37889
G1 X136.299 Y50.073 E41.65039
G1 X136.608 Y49.745 E41.67395
G1 X133.302 Y46.355 E41.9215
G1 X133.93 Y46.355 E41.95433
G1 X136.916 Y49.416 E42.17789
G1 X137.225 Y49.088 E42.20145
G1 X134.559 Y46.355 E42.40105
G1 X135.188 Y46.355 E42.43393
G1 X137.533 Y48.76 E42.60954
G1 X137.842 Y48.431 E42.63314
G1 X135.817 Y46.355 E42.78475
G1 X136.446 Y46.355 E42.81763
G1 X138.15 Y48.103 E42.94525
G1 X138.459 Y47.775 E42.96881
G1 X137.074 Y46.355 E43.07251
G1 X137.703 Y46.355 E43.10539
G1 X138.768 Y47.446 E43.1851
G1 X139.076 Y47.118 E43.20862
G1 X138.332 Y46.355 E43.26433
G1 X138.961 Y46.355 E43.29721
G1 X139.385 Y46.79 E43.32897
G1 X139.693 Y46.461 E43.35253
G1 X139.392 Y46.153 E43.37504
M107
G1 E41.37504 F2400
G92 E0
G1 X135.305 Y51.178 F7800
G1 E2 F2400
;TYPE:Internal infill
;WIDTH:0.45
;HEIGHT:0.3
G1 F1200
G1 X135.653 Y50.807 E2.02447
G1 X134.509 Y51.114 E2.08144
G1 X134.076 Y50.669 E2.1113
G1 X131.979 Y51.231 E2.21572
G1 X131.873 Y51.625 E2.23534
G1 X131.411 Y51.944 E2.26234
G1 X131.218 Y51.996 E2.27195
G1 X129.894 Y56.935 E2.51789
G1 X130.658 Y56.123 E2.57151
G1 X124.369 Y49.834 E2.99928
G1 X124.524 Y49.254 E3.02815
G1 X127.597 Y52.405 E3.23984
G1 X123.376 Y53.536 E3.45002
G1 X123.314 Y53.768 E3.46157
G1 X122.969 Y54.206 E3.48839
G1 X122.616 Y54.301 E3.50597
G1 X118.725 Y68.82 E4.22893
G1 X120.09 Y67.369 E4.32475
G1 X104.02 Y51.299 E5.41781
G1 X102.919 Y51.594 E5.47263
G1 X102.485 Y51.149 E5.50253
G1 X99.875 Y51.849 E5.6325
G1 X99.774 Y52.225 E5.65123
G1 X99.325 Y52.557 E5.67809
G1 X99.115 Y52.613 E5.68854
G1 X85.218 Y104.476 E8.27097
G1 X86.214 Y103.416 E8.34093
G1 X60.293 Y110.361 E9.63161
G1 X60.248 Y110.532 E9.64011
G1 X59.571 Y110.831 E9.67571
G1 X60.068 Y111.204 E9.7056
G1 X59.866 Y111.955 E9.743
G1 E7.743 F2400
G92 E0
G1 X81.516 Y108.415 F7800
G1 E2 F2400
G1 F1200
G1 X83.101 Y106.729 E2.1113
G1 X65.881 Y89.509 E3.28258
G1 X66.002 Y89.058 E3.30504
G1 X65.539 Y88.523 E3.33907
G1 X75.613 Y50.926 E5.21115
G1 X76.234 Y50.683 E5.24322
G1 X76.374 Y50.161 E5.26921
G1 X77.46 Y49.871 E5.32327
G1 X78.083 Y50.264 E5.3587
G1 X80.519 Y49.612 E5.47999
G1 X109.521 Y78.614 E7.45267
G1 X111.106 Y76.928 E7.56397
G1 E5.56397 F2400
G92 E0
G1 X56.17 Y135.013 F7800
G1 E2 F2400
;TYPE:Bridge infill
;WIDTH:0.402446
;HEIGHT:0.4
M106 S255
G1 F1500
G1 X56.46 Y135.031 E2.01537
G1 X56.862 Y134.603 E2.04642
G1 X56.373 Y134.572 E2.07233
G1 X56.373 Y134.119 E2.09629
G1 X57.264 Y134.175 E2.1435
G1 X57.667 Y133.746 E2.17463
G1 X56.373 Y133.666 E2.24319
G1 X56.373 Y133.212 E2.2672
G1 X58.069 Y133.318 E2.35707
G1 X58.472 Y132.89 E2.38816
G1 X56.373 Y132.759 E2.49938
G1 X56.373 Y132.306 E2.52334
G1 X58.874 Y132.462 E2.65586
G1 X59.277 Y132.034 E2.68695
G1 X56.373 Y131.852 E2.84083
G1 X56.373 Y131.399 E2.86479
G1 X59.679 Y131.605 E3.03997
G1 X60.081 Y131.177 E3.07102
G1 X56.373 Y130.946 E3.2675
G1 X56.373 Y130.492 E3.29151
G1 X60.484 Y130.749 E3.50935
G1 X60.886 Y130.321 E3.5404
G1 X56.373 Y130.039 E3.77954
G1 X56.373 Y129.586 E3.8035
G1 X61.289 Y129.893 E4.06399
G1 X61.691 Y129.464 E4.09508
G1 X56.373 Y129.132 E4.37687
G1 X56.373 Y128.679 E4.40083
G1 X61.819 Y129.019 E4.68941
G1 X61.336 Y128.535 E4.72557
G1 X56.373 Y128.226 E4.98855
G1 X56.373 Y127.772 E5.01256
G1 X60.852 Y128.052 E5.2499
G1 X60.369 Y127.568 E5.28606
G1 X56.373 Y127.319 E5.4978
G1 X56.373 Y126.866 E5.52176
G1 X59.885 Y127.085 E5.70786
G1 X59.402 Y126.601 E5.74402
G1 X56.373 Y126.412 E5.90452
G1 X56.373 Y125.959 E5.92848
G1 X58.918 Y126.118 E6.06334
G1 X58.435 Y125.634 E6.0995
G1 X56.373 Y125.506 E6.20876
G1 X56.373 Y125.052 E6.23277
G1 X63.115 Y125.473 E6.59002
G1 X63.715 Y125.312 E6.62287
G1 X63.873 Y125.067 E6.63829
G1 X56.373 Y124.599 E7.03571
G1 X56.373 Y124.146 E7.05967
G1 X64.024 Y124.623 E7.46508
G1 X64.143 Y124.177 E7.48949
G1 X56.373 Y123.692 E7.90121
G1 X56.373 Y123.239 E7.92517
G1 X64.263 Y123.732 E8.34325
G1 X64.382 Y123.286 E8.36766
G1 X56.373 Y122.786 E8.79205
G1 X56.373 Y122.332 E8.81606
G1 X64.502 Y122.84 E9.24681
G1 X64.621 Y122.394 E9.27122
G1 X56.373 Y121.879 E9.70827
G1 X56.373 Y121.426 E9.73223
G1 X64.741 Y121.948 E10.17564
G1 X64.86 Y121.502 E10.20005
G1 X56.373 Y120.972 E10.64977
G1 X56.373 Y120.519 E10.67373
G1 X64.749 Y121.042 E11.11756
G1 X64.266 Y120.558 E11.15372
G1 X56.373 Y120.066 E11.57196
G1 X56.373 Y119.613 E11.59592
G1 X63.782 Y120.075 E11.98851
G1 X63.299 Y119.591 E12.02467
G1 X56.373 Y119.159 E12.39167
G1 X56.373 Y118.706 E12.41563
G1 X61.636 Y119.034 E12.69451
G1 X61.59 Y118.578 E12.71875
G1 X56.373 Y118.253 E12.99519
G1 X56.373 Y117.799 E13.0192
G1 X61.545 Y118.122 E13.29326
G1 X61.524 Y117.915 E13.30426
G1 X61.602 Y117.894 E13.30853
G1 X61.365 Y117.657 E13.32626
G1 X56.373 Y117.346 E13.59078
G1 X56.373 Y116.893 E13.61474
G1 X60.881 Y117.174 E13.85361
G1 X60.398 Y116.69 E13.88977
G1 X56.373 Y116.439 E14.10305
G1 X56.373 Y115.986 E14.12701
G1 X59.914 Y116.207 E14.31464
G1 X59.431 Y115.723 E14.3508
G1 X56.373 Y115.533 E14.51284
G1 X56.373 Y115.079 E14.53685
G1 X58.947 Y115.24 E14.67324
G1 X58.589 Y114.881 E14.70005
G1 X58.632 Y114.767 E14.70649
G1 X56.373 Y114.626 E14.82619
G1 X56.373 Y114.173 E14.85015
G1 X58.798 Y114.324 E14.97865
G1 X58.918 Y113.878 E15.00308
G1 X56.373 Y113.719 E15.13794
G1 X56.373 Y113.266 E15.1619
G1 X59.038 Y113.432 E15.30311
G1 X59.157 Y112.986 E15.32752
G1 X56.373 Y112.813 E15.47504
G1 X56.373 Y112.359 E15.49905
G1 X59.277 Y112.541 E15.65293
G1 X59.396 Y112.095 E15.67734
G1 X56.373 Y111.906 E15.83753
G1 X56.373 Y111.453 E15.86149
G1 X59.516 Y111.649 E16.02803
G1 X59.591 Y111.369 E16.04336
G1 X59.346 Y111.185 E16.05956
G1 X56.373 Y110.999 E16.2171
G1 X56.373 Y110.546 E16.24106
G1 X58.837 Y110.7 E16.37162
G1 X59.734 Y110.302 E16.42352
G1 X56.373 Y110.093 E16.60161
G1 X56.373 Y109.639 E16.62562
G1 X59.994 Y109.865 E16.81749
G1 X60.113 Y109.419 E16.8419
G1 X56.373 Y109.186 E17.04008
G1 X56.373 Y108.733 E17.06404
G1 X60.233 Y108.974 E17.26858
G1 X60.352 Y108.528 E17.29299
G1 X56.373 Y108.279 E17.50383
G1 X56.373 Y107.826 E17.52779
G1 X60.472 Y108.082 E17.74499
G1 X60.591 Y107.636 E17.7694
G1 X56.373 Y107.373 E17.99291
G1 X56.373 Y106.919 E18.01692
G1 X60.711 Y107.19 E18.24679
G1 X60.83 Y106.744 E18.2712
G1 X56.373 Y106.466 E18.50737
G1 X56.373 Y106.013 E18.53133
G1 X60.822 Y106.29 E18.76707
G1 X60.688 Y106.073 E18.78056
G1 X60.427 Y105.812 E18.80008
G1 X56.373 Y105.559 E19.0149
G1 X56.373 Y105.106 E19.03886
G1 X59.943 Y105.329 E19.22803
G1 X59.46 Y104.845 E19.26419
G1 X56.373 Y104.653 E19.42776
G1 X56.373 Y104.199 E19.45177
G1 X58.976 Y104.362 E19.5897
G1 X58.493 Y103.878 E19.62586
G1 X56.373 Y103.746 E19.7382
G1 X56.373 Y103.293 E19.76216
G1 X60.926 Y103.577 E20.00342
G1 X60.973 Y103.276 E20.01953
G1 X60.713 Y103.21 E20.03372
G1 X60.712 Y103.11 E20.03901
G1 X56.373 Y102.839 E20.26893
G1 X56.373 Y102.386 E20.29289
G1 X60.708 Y102.657 E20.5226
G1 X60.704 Y102.203 E20.54661
G1 X56.373 Y101.933 E20.7761
G1 X56.373 Y101.479 E20.80011
G1 X61.964 Y101.828 E21.09637
G1 X62.143 Y101.78 E21.10617
G1 X62.264 Y101.394 E21.12756
G1 X56.373 Y101.026 E21.43972
G1 X56.373 Y100.573 E21.46368
G1 X62.383 Y100.948 E21.78214
G1 X62.503 Y100.502 E21.80657
G1 X56.373 Y100.119 E22.13139
G1 X56.373 Y99.666 E22.15535
G1 X62.622 Y100.056 E22.48648
G1 X62.742 Y99.61 E22.51091
G1 X56.373 Y99.213 E22.84839
G1 X56.373 Y98.759 E22.8724
G1 X62.861 Y99.164 E23.21619
G1 X62.98 Y98.719 E23.24055
G1 X56.373 Y98.306 E23.59065
G1 X56.373 Y97.853 E23.61461
G1 X63.1 Y98.273 E23.97107
G1 X63.184 Y97.959 E23.98826
G1 X63.169 Y97.824 E23.99544
G1 X56.373 Y97.4 E24.35555
G1 X56.373 Y96.946 E24.37956
G1 X62.873 Y97.352 E24.72399
G1 X62.39 Y96.868 E24.76015
G1 X56.373 Y96.493 E25.07898
G1 X56.373 Y96.04 E25.10294
G1 X61.906 Y96.385 E25.39613
G1 X61.423 Y95.901 E25.43229
G1 X56.373 Y95.586 E25.69988
G1 X56.373 Y95.133 E25.72384
G1 X60.939 Y95.418 E25.96579
G1 X60.822 Y95.301 E25.97454
G1 X60.083 Y94.911 E26.01873
G1 X56.373 Y94.68 E26.21532
G1 X56.373 Y94.226 E26.23933
G1 X59.766 Y94.438 E26.41912
G1 X59.769 Y94.247 E26.42922
G1 X59.489 Y93.967 E26.45016
G1 X56.373 Y93.773 E26.61527
G1 X56.373 Y93.32 E26.63923
G1 X59.005 Y93.484 E26.7787
G1 X58.522 Y93 E26.81486
G1 X56.373 Y92.866 E26.92873
G1 X56.373 Y92.413 E26.95269
G1 X64.534 Y92.922 E27.38513
G1 X64.653 Y92.476 E27.40954
G1 X56.373 Y91.96 E27.84828
G1 X56.373 Y91.506 E27.87229
G1 X64.773 Y92.031 E28.3174
G1 X64.892 Y91.585 E28.34181
G1 X56.373 Y91.053 E28.79322
G1 X56.373 Y90.6 E28.81718
G1 X65.011 Y91.139 E29.2749
G1 X65.131 Y90.693 E29.29933
G1 X56.373 Y90.146 E29.76341
G1 X56.373 Y89.693 E29.78737
G1 X65.25 Y90.247 E30.25775
G1 X65.37 Y89.801 E30.28218
G1 X56.373 Y89.24 E30.75892
G1 X56.373 Y88.786 E30.78293
G1 X65.489 Y89.355 E31.26598
G1 X65.541 Y89.164 E31.27645
G1 X65.304 Y88.89 E31.29561
G1 X56.373 Y88.333 E31.76885
G1 X56.373 Y87.88 E31.79281
G1 X64.836 Y88.408 E32.24125
G1 X64.353 Y87.924 E32.27741
G1 X56.373 Y87.426 E32.70026
G1 X56.373 Y86.973 E32.72422
G1 X60.479 Y87.229 E32.94179
G1 X60.433 Y86.773 E32.96603
G1 X56.373 Y86.52 E33.18116
G1 X56.373 Y86.066 E33.20517
G1 X60.388 Y86.317 E33.41792
G1 X60.384 Y86.283 E33.41973
G1 X61.265 Y86.047 E33.46797
G1 X61.252 Y85.918 E33.47483
G1 X56.373 Y85.613 E33.73336
G1 X56.373 Y85.16 E33.75732
G1 X58.592 Y85.298 E33.8749
G1 X58.711 Y84.852 E33.89931
G1 X56.373 Y84.706 E34.0232
G1 X56.373 Y84.253 E34.04716
G1 X58.831 Y84.406 E34.1774
G1 X58.95 Y83.961 E34.20176
G1 X56.373 Y83.8 E34.33831
G1 X56.373 Y83.346 E34.36232
G1 X59.07 Y83.515 E34.50523
G1 X59.189 Y83.069 E34.52964
G1 X56.373 Y82.893 E34.67886
G1 X56.373 Y82.44 E34.70282
G1 X59.013 Y82.605 E34.84271
G1 X58.806 Y82.328 E34.861
G1 X59.055 Y82.154 E34.87707
G1 X56.373 Y81.986 E35.01919
G1 X56.373 Y81.533 E35.04315
G1 X59.548 Y81.731 E35.21139
G1 X59.667 Y81.285 E35.2358
G1 X56.373 Y81.08 E35.41034
G1 X56.373 Y80.626 E35.43435
G1 X59.787 Y80.84 E35.61526
G1 X59.906 Y80.394 E35.63967
G1 X56.373 Y80.173 E35.82688
G1 X56.373 Y79.72 E35.85084
G1 X60.026 Y79.948 E36.04441
G1 X60.145 Y79.502 E36.06882
G1 X56.373 Y79.266 E36.2687
G1 X56.373 Y78.813 E36.29266
G1 X59.33 Y78.998 E36.44935
G1 X58.813 Y78.736 E36.48
G1 X59.433 Y78.551 E36.51422
G1 X56.373 Y78.36 E36.67637
G1 X56.373 Y77.906 E36.70038
G1 X60.503 Y78.164 E36.91922
G1 X60.623 Y77.718 E36.94365
G1 X56.373 Y77.453 E37.16885
G1 X56.373 Y77 E37.19281
G1 X60.742 Y77.273 E37.42432
G1 X60.862 Y76.827 E37.44875
G1 X56.373 Y76.546 E37.68662
G1 X56.373 Y76.093 E37.71058
G1 X60.981 Y76.381 E37.95475
G1 X61.101 Y75.935 E37.97918
G1 X56.373 Y75.64 E38.22971
G1 X56.373 Y75.187 E38.25367
G1 X61.22 Y75.489 E38.5105
G1 X61.34 Y75.043 E38.53493
G1 X56.373 Y74.733 E38.79812
G1 X56.373 Y74.28 E38.82208
G1 X61.459 Y74.597 E39.09158
G1 X61.506 Y74.425 E39.10101
G1 X61.434 Y74.142 E39.11645
G1 X56.373 Y73.827 E39.38462
G1 X56.373 Y73.373 E39.40863
G1 X60.997 Y73.662 E39.65365
G1 X60.514 Y73.178 E39.68981
G1 X56.373 Y72.92 E39.90923
G1 X56.373 Y72.467 E39.93319
G1 X60.03 Y72.695 E40.12697
G1 X59.547 Y72.211 E40.16313
G1 X56.373 Y72.013 E40.33132
G1 X56.373 Y71.56 E40.35528
G1 X59.063 Y71.728 E40.49782
G1 X58.58 Y71.244 E40.53398
G1 X56.373 Y71.107 E40.65092
G1 X56.373 Y70.653 E40.67493
G1 X59.58 Y70.853 E40.84486
G1 X59.601 Y70.524 E40.86229
G1 X59.971 Y70.425 E40.88255
G1 X56.373 Y70.2 E41.0732
G1 X56.373 Y69.747 E41.09716
G1 X61.343 Y70.057 E41.36051
G1 X62.439 Y69.763 E41.42052
G1 X62.54 Y69.678 E41.4275
G1 X56.373 Y69.293 E41.75428
G1 X56.373 Y68.84 E41.77824
G1 X62.893 Y69.247 E42.12373
G1 X63.012 Y68.801 E42.14814
G1 X56.373 Y68.387 E42.49993
G1 X56.373 Y67.933 E42.52394
G1 X63.132 Y68.355 E42.88209
G1 X63.251 Y67.909 E42.9065
G1 X56.373 Y67.48 E43.27096
G1 X56.373 Y67.027 E43.29492
G1 X63.371 Y67.463 E43.66573
G1 X63.49 Y67.018 E43.69009
G1 X56.373 Y66.573 E44.06721
G1 X56.373 Y66.12 E44.09117
G1 X63.61 Y66.572 E44.47465
G1 X63.729 Y66.126 E44.49906
G1 X56.373 Y65.667 E44.88884
G1 X56.373 Y65.213 E44.91285
G1 X63.849 Y65.68 E45.30899
G1 X63.864 Y65.624 E45.31206
G1 X63.444 Y65.201 E45.34358
G1 X56.373 Y64.76 E45.71826
G1 X56.373 Y64.307 E45.74222
G1 X62.96 Y64.718 E46.09126
G1 X62.477 Y64.234 E46.12742
G1 X56.373 Y63.853 E46.45086
G1 X56.373 Y63.4 E46.47482
G1 X61.993 Y63.751 E46.77262
G1 X61.855 Y63.612 E46.78298
G1 X58.796 Y63.421 E46.94507
G1 X59.182 Y63.122 E46.97089
G1 X56.373 Y62.947 E47.11973
G1 X56.373 Y62.493 E47.14374
G1 X59.724 Y62.703 E47.32131
G1 X60.265 Y62.283 E47.35753
G1 X56.373 Y62.04 E47.56376
G1 X56.373 Y61.587 E47.58772
G1 X60.059 Y61.817 E47.78304
G1 X59.575 Y61.333 E47.81924
G1 X56.17 Y61.121 E47.99966
M107
G1 E45.99966 F2400
G92 E0
G1 X165.139 Y63.834 F7800
G1 E2 F2400
;TYPE:External perimeter
;WIDTH:0.493999
;HEIGHT:0.3
G1 F1200
G1 X166.589 Y63.916 E2.07782
;WIDTH:0.44919
G1 X168.039 Y63.998 E2.14752
G1 X167.64 Y63.976 F7800
G1 E.14752 F2400
G92 E0
G1 X145.191 Y63.085 F7800
G1 E2 F2400
;TYPE:Perimeter
;WIDTH:0.45
G1 F1200
G1 X145.191 Y58.077 E2.24087
G1 X153.88 Y58.077 E2.65878
G1 X156.431 Y60.495 E2.82783
G1 X160.42 Y62.957 E3.05329
G1 X160.718 Y63.085 E3.06889
G1 X145.251 Y63.085 E3.8128
G1 X144.806 Y63.47 F7800
G1 F1500
G1 X144.806 Y57.692 E4.0907
G1 X154.034 Y57.692 E4.53453
G1 X156.668 Y60.188 E4.70906
G1 X160.676 Y62.662 E4.9356
G1 X162.985 Y63.47 E5.05326
G1 X144.866 Y63.47 E5.92472
G1 X144.42 Y63.856 F7800
;TYPE:External perimeter
G1 F1500
G1 X144.42 Y57.401 E6.23518
;TYPE:Overhang perimeter
;WIDTH:0.4
;HEIGHT:0.4
M106 S255
G1 X144.42 Y57.306 E6.24014
G1 X154.187 Y57.306 E6.75042
G1 X154.287 Y57.401 E6.75763
M107
;TYPE:External perimeter
;WIDTH:0.45
;HEIGHT:0.3
G1 X156.904 Y59.88 E6.93101
G1 X160.843 Y62.311 E7.15364
;WIDTH:0.488623
G1 X165.138 Y63.836 E7.39481
G1 X160.601 Y63.856 E7.63488
;WIDTH:0.45
G1 X144.48 Y63.856 E8.41024
G1 X144.421 Y63.46 F7800
G1 X145.512 Y62.691
;TYPE:Solid infill
;WIDTH:0.543559
G1 F1200
G1 X145.469 Y62.733 E8.41383
G1 X145.485 Y62.791 E8.41743
G1 X145.543 Y62.807 E8.42103
G1 X145.585 Y62.764 E8.42462
G1 X145.57 Y62.706 E8.4282
;WIDTH:0.45
G1 X146.186 Y62.796 E8.45814
G1 X145.48 Y62.09 E8.50616
G1 X145.346 Y61.912 E8.51688
;WIDTH:0.404381
G1 X145.357 Y61.953 E8.51868
G1 X145.286 Y61.972 E8.5218
G1 X145.305 Y61.901 E8.52492
;WIDTH:0.45
G1 X145.48 Y61.545 E8.544
G1 X146.731 Y62.796 E8.62909
G1 X147.276 Y62.796 E8.6553
G1 X145.48 Y61 E8.77746
G1 X145.48 Y60.454 E8.80372
G1 X147.822 Y62.796 E8.96302
G1 X148.367 Y62.796 E8.98923
G1 X145.48 Y59.909 E9.1856
G1 X145.48 Y59.364 E9.21181
G1 X148.912 Y62.796 E9.44525
G1 X149.458 Y62.796 E9.47151
G1 X145.48 Y58.818 E9.74209
G1 X145.349 Y58.205 E9.77224
;WIDTH:0.404381
G1 X145.33 Y58.276 E9.77536
G1 X145.401 Y58.257 E9.77848
G1 X145.39 Y58.216 E9.78028
;WIDTH:0.45
G1 X145.574 Y58.366 E9.7917
G1 X150.003 Y62.796 E10.09299
G1 X150.548 Y62.796 E10.1192
G1 X146.119 Y58.366 E10.42049
G1 X146.665 Y58.366 E10.44675
G1 X151.094 Y62.796 E10.74804
G1 X151.639 Y62.796 E10.77425
G1 X147.21 Y58.366 E11.07554
G1 X147.755 Y58.366 E11.10175
G1 X152.184 Y62.796 E11.40304
G1 X152.73 Y62.796 E11.4293
G1 X148.301 Y58.366 E11.73059
G1 X148.846 Y58.366 E11.7568
G1 X153.275 Y62.796 E12.05809
G1 X153.82 Y62.796 E12.0843
G1 X149.391 Y58.366 E12.38559
G1 X149.937 Y58.366 E12.41185
G1 X154.366 Y62.796 E12.71314
G1 X154.911 Y62.796 E12.73935
G1 X150.482 Y58.366 E13.04064
G1 X151.027 Y58.366 E13.06685
G1 X155.456 Y62.796 E13.36814
G1 X156.002 Y62.796 E13.3944
G1 X151.573 Y58.366 E13.69569
G1 X152.118 Y58.366 E13.7219
G1 X156.547 Y62.796 E14.02319
G1 X157.092 Y62.796 E14.0494
G1 X152.663 Y58.366 E14.35069
G1 X153.209 Y58.366 E14.37695
G1 X157.638 Y62.796 E14.67824
G1 X158.183 Y62.796 E14.70445
G1 X153.754 Y58.366 E15.00574
G1 E13.00574 F2400
G92 E0
G1 X157.425 Y61.468 F7800
G1 E2 F2400
;WIDTH:0.484009
G1 F1200
G1 X159.54 Y62.776 E2.13015
G1 X158.622 Y62.779 E2.1782
G1 X158.604 Y62.647 E2.18517
G1 X157.561 Y61.604 E2.26237
G1 E.26237 F2400
G92 E0
G1 X174.014 Y63.833 F7800
G1 E2 F2400
;TYPE:External perimeter
;WIDTH:0.495871
G1 F1200
G1 X174.001 Y63.834 E2.0007
;WIDTH:0.493999
G1 X172.551 Y63.916 E2.07852
;WIDTH:0.44919
G1 X171.101 Y63.998 E2.14822
G1 X171.5 Y63.976 F7800
G1 E.14822 F2400
G92 E0
G1 X178.422 Y63.085 F7800
G1 E2 F2400
;TYPE:Perimeter
;WIDTH:0.45
G1 F1200
G1 X178.72 Y62.957 E2.0156
G1 X182.709 Y60.495 E2.24106
G1 X185.26 Y58.077 E2.41011
G1 X193.949 Y58.077 E2.82802
G1 X193.949 Y63.085 E3.06889
G1 X178.482 Y63.085 E3.8128
G1 E1.8128 F2400
G92 E0
G1 X176.155 Y63.47 F7800
G1 E2 F2400
G1 F1500
G1 X178.464 Y62.662 E2.11766
G1 X182.472 Y60.188 E2.3442
G1 X185.106 Y57.692 E2.51873
G1 X194.334 Y57.692 E2.96256
G1 X194.334 Y63.47 E3.24046
G1 X176.215 Y63.47 E4.11192
G1 E2.11192 F2400
G92 E0
G1 X174.024 Y63.829 F7800
G1 E2 F2400
;TYPE:External perimeter
;WIDTH:0.49176
G1 F1500
G1 X178.297 Y62.311 E2.24172
;WIDTH:0.45
G1 X182.236 Y59.88 E2.46435
G1 X184.853 Y57.401 E2.63773
;TYPE:Overhang perimeter
;WIDTH:0.4
;HEIGHT:0.4
M106 S255
G1 X184.953 Y57.306 E2.64494
G1 X194.72 Y57.306 E3.15522
G1 X194.72 Y57.401 E3.16018
M107
;TYPE:External perimeter
;WIDTH:0.45
;HEIGHT:0.3
G1 X194.72 Y63.856 E3.47064
G1 X178.539 Y63.856 E4.24889
;WIDTH:0.49176
G1 X174.051 Y63.835 E4.48813
G1 X174.422 Y63.687 F7800
G1 E2.48813 F2400
G92 E0
G1 X179.577 Y62.767 F7800
G1 E2 F2400
;TYPE:Solid infill
;WIDTH:0.45
G1 F1200
G1 X182.772 Y60.796 E2.18056
G1 X182.983 Y60.633 E2.19338
G1 X183.595 Y60.054 E2.2339
G1 X186.336 Y62.796 E2.42037
G1 X179.749 Y62.796 E2.73718
G1 X180.891 Y62.41 F7800
G1 F1200
G1 X183.106 Y61.042 E2.86239
G1 X183.587 Y60.592 E2.89407
G1 X185.405 Y62.41 E3.01773
G1 X181.084 Y62.41 E3.22556
G1 X182.25 Y62.024 F7800
G1 F1200
G1 X183.177 Y61.452 E3.27795
G1 X183.58 Y61.13 E3.30276
G1 X184.474 Y62.024 E3.36357
G1 X182.443 Y62.024 E3.46125
G1 E1.46125 F2400
G92 E0
G1 X183.875 Y59.789 F7800
G1 E2 F2400
G1 F1200
G1 X187.019 Y62.919 E2.21338
;WIDTH:0.404381
G1 X186.999 Y62.99 E2.21651
G1 X187.071 Y62.971 E2.21967
G1 X187.06 Y62.93 E2.22147
;WIDTH:0.45
G1 X187.427 Y62.796 E2.24026
G1 X184.155 Y59.523 E2.46285
G1 X184.435 Y59.258 E2.48139
G1 X187.972 Y62.796 E2.72201
G1 X188.518 Y62.796 E2.74827
G1 X184.715 Y58.993 E3.00695
G1 X184.995 Y58.727 E3.02553
G1 X189.063 Y62.796 E3.30226
G1 X189.608 Y62.796 E3.32847
G1 X185.275 Y58.462 E3.62323
G1 X185.724 Y58.366 E3.64531
G1 X190.154 Y62.796 E3.94663
G1 X190.699 Y62.796 E3.97284
G1 X186.27 Y58.366 E4.27413
G1 X186.815 Y58.366 E4.30034
G1 X191.244 Y62.796 E4.60163
G1 X191.79 Y62.796 E4.62789
G1 X187.361 Y58.366 E4.92918
G1 X187.906 Y58.366 E4.95539
G1 X192.335 Y62.796 E5.25668
G1 X192.88 Y62.796 E5.28289
G1 X188.451 Y58.366 E5.58418
G1 X188.997 Y58.366 E5.61044
G1 X193.426 Y62.796 E5.91173
G1 X193.731 Y62.836 E5.92653
;WIDTH:0.404381
G1 X193.711 Y62.908 E5.9297
G1 X193.783 Y62.888 E5.93287
G1 X193.772 Y62.847 E5.93467
;WIDTH:0.45
G1 X193.66 Y62.484 E5.95294
G1 X189.542 Y58.366 E6.23304
G1 X190.087 Y58.366 E6.25925
G1 X193.66 Y61.939 E6.50228
G1 X193.66 Y61.393 E6.52854
G1 X190.633 Y58.366 E6.73443
G1 X191.178 Y58.366 E6.76064
G1 X193.66 Y60.848 E6.92946
G1 X193.854 Y60.421 E6.95202
;WIDTH:0.404381
G1 X193.865 Y60.462 E6.95382
G1 X193.794 Y60.481 E6.95694
G1 X193.813 Y60.41 E6.96006
;WIDTH:0.45
G1 X193.66 Y60.303 E6.96904
G1 X191.723 Y58.366 E7.10079
G1 X193.66 Y58.366 E7.19395
G1 X193.66 Y59.757 E7.26085
G1 X192.405 Y58.503 E7.34618
G1 X193.238 Y58.722 F7800
;WIDTH:0.493533
G1 F1200
G1 X193.2 Y58.76 E7.34906
G1 X193.214 Y58.812 E7.35194
G1 X193.266 Y58.826 E7.35482
G1 X193.304 Y58.788 E7.3577
G1 X193.29 Y58.736 E7.36058
G1 E5.36058 F2400
G92 E0
G1 X170.264 Y154.602 F7800
G1 E2 F2400
;TYPE:Overhang perimeter
;WIDTH:0.4
;HEIGHT:0.4
M106 S255
G1 F1500
G1 X170.188 Y154.725 E2.00755
G1 X170.163 Y154.903 E2.01694
M107
;TYPE:Perimeter
;WIDTH:0.45
;HEIGHT:0.3
G1 X170.128 Y155.155 E2.02918
G1 X170.261 Y155.567 E2.05
G1 X170.435 Y155.857 E2.06627
G1 X168.705 Y155.857 E2.14948
G1 X168.879 Y155.567 E2.16575
G1 X169.006 Y155.207 E2.18411
G1 X168.972 Y154.903 E2.19882
;TYPE:Overhang perimeter
;WIDTH:0.4
;HEIGHT:0.4
M106 S255
G1 X168.952 Y154.725 E2.20818
G1 X168.765 Y154.421 E2.22683
G1 X168.458 Y154.196 E2.24672
G1 X168.045 Y154.107 E2.26879
M107
;TYPE:Perimeter
;WIDTH:0.45
;HEIGHT:0.3
G1 X145.191 Y154.107 E3.36799
G1 X145.191 Y152.599 E3.44052
G1 X168.045 Y152.599 E4.53972
;TYPE:Overhang perimeter
;WIDTH:0.4
;HEIGHT:0.4
M106 S255
G1 X171.095 Y152.599 E4.69907
M107
;TYPE:Perimeter
;WIDTH:0.45
;HEIGHT:0.3
G1 X193.949 Y152.599 E5.79827
G1 X193.949 Y154.107 E5.8708
G1 X171.095 Y154.107 E6.97
;TYPE:Overhang perimeter
;WIDTH:0.4
;HEIGHT:0.4
M106 S255
G1 X170.682 Y154.196 E6.99207
G1 X170.375 Y154.421 E7.01196
G1 X170.295 Y154.551 E7.01993
M107
G1 X170.594 Y154.789 F7800
M106 S255
G1 F1500
G1 X170.548 Y154.863 E7.02448
G1 X170.543 Y154.903 E7.02659
M107
;TYPE:Perimeter
;WIDTH:0.45
;HEIGHT:0.3
G1 X170.512 Y155.121 E7.03718
G1 X170.592 Y155.368 E7.04967
G1 X171.117 Y156.242 E7.09871
G1 X168.023 Y156.242 E7.24752
G1 X168.548 Y155.368 E7.29656
G1 X168.624 Y155.152 E7.30757
G1 X168.596 Y154.903 E7.31962
;TYPE:Overhang perimeter
;WIDTH:0.4
;HEIGHT:0.4
M106 S255
G1 X168.592 Y154.863 E7.32172
G1 X168.48 Y154.681 E7.33288
G1 X168.296 Y154.546 E7.3448
G1 X168.045 Y154.492 E7.35821
M107
;TYPE:Perimeter
;WIDTH:0.45
;HEIGHT:0.3
G1 X144.806 Y154.492 E8.47593
G1 X144.806 Y152.213 E8.58554
G1 X168.045 Y152.213 E9.70326
;TYPE:Overhang perimeter
;WIDTH:0.4
;HEIGHT:0.4
M106 S255
G1 X171.095 Y152.213 E9.86261
M107
;TYPE:Perimeter
;WIDTH:0.45
;HEIGHT:0.3
G1 X194.334 Y152.213 E10.98033
G1 X194.334 Y154.492 E11.08994
G1 X171.095 Y154.492 E12.20766
;TYPE:Overhang perimeter
;WIDTH:0.4
;HEIGHT:0.4
M106 S255
G1 X170.844 Y154.546 E12.22107
G1 X170.66 Y154.681 E12.23299
G1 X170.625 Y154.738 E12.23648
M107
G1 X170.932 Y154.976 F7800
;TYPE:External perimeter
;WIDTH:0.45
;HEIGHT:0.3
G1 F1500
G1 X170.908 Y155.001 E12.23815
G1 X170.923 Y155.17 E12.24631
G1 X171.798 Y156.628 E12.32809
G1 X167.342 Y156.628 E12.54241
G1 X168.249 Y155.117 E12.62717
G1 X168.194 Y154.941 E12.63604
G1 X168.108 Y154.903 E12.64056
;TYPE:Overhang perimeter
;WIDTH:0.4
;HEIGHT:0.4
M106 S255
G1 X168.045 Y154.878 E12.6441
M107
;TYPE:External perimeter
;WIDTH:0.45
;HEIGHT:0.3
G1 X144.42 Y154.878 E13.78038
G1 X144.42 Y151.828 E13.92707
G1 X168.045 Y151.828 E15.06335
;TYPE:Overhang perimeter
;WIDTH:0.4
;HEIGHT:0.4
M106 S255
G1 X171.095 Y151.828 E15.2227
M107
;TYPE:External perimeter
;WIDTH:0.45
;HEIGHT:0.3
G1 X194.72 Y151.828 E16.35898
G1 X194.72 Y154.878 E16.50567
G1 X171.095 Y154.878 E17.64195
;TYPE:Overhang perimeter
;WIDTH:0.4
;HEIGHT:0.4
M106 S255
G1 X171.024 Y154.878 E17.64566
G1 X171 Y154.903 E17.64747
M107
;TYPE:External perimeter
;WIDTH:0.45
;HEIGHT:0.3
G1 X170.973 Y154.932 E17.64938
G1 X171.023 Y155.329 F7800
G1 E15.64938 F2400
G92 E0
G1 X173.442 Y153.817 F7800
G1 E2 F2400
;TYPE:Solid infill
G1 F1200
G1 X173.442 Y152.888 E2.04468
G1 X193.66 Y152.888 E3.0171
G1 X193.66 Y153.817 E3.06178
G1 X173.635 Y153.817 E4.02491
G1 X173.907 Y153.353 E4.05078
;WIDTH:0.607881
G1 X193.195 Y153.353 E5.35828
G1 E3.35828 F2400
G92 E0
G1 X165.913 Y152.951 F7800
G1 E2 F2400
;TYPE:Bridge infill
;WIDTH:0.460784
;HEIGHT:0.4
M106 S255
G1 F1500
G1 X173.024 Y152.951 E2.493
G1 X173.024 Y153.462 E2.52843
G1 X166.116 Y153.462 E3.00736
G1 X166.116 Y153.785 E3.02975
G1 X168.066 Y153.785 E3.16494
G1 X168.593 Y153.902 E3.20237
G1 X168.69 Y153.972 E3.21066
G1 X170.45 Y153.972 E3.33268
G1 X170.136 Y154.203 E3.35971
G1 X169.964 Y154.483 E3.38249
G1 X169.176 Y154.483 E3.43712
G1 X169.255 Y154.611 E3.44755
G1 X169.309 Y154.994 E3.47437
G1 X169.831 Y154.994 E3.51056
G1 X169.804 Y155.183 E3.5238
G1 X169.909 Y155.505 E3.54728
G1 X169.018 Y155.505 E3.60905
M107
G1 E1.60905 F2400
G92 E0
G1 X145.48 Y153.081 F7800
G1 E2 F2400
;TYPE:Solid infill
;WIDTH:0.45
;HEIGHT:0.3
G1 F1200
G1 X145.48 Y153.817 E2.0354
G1 X165.698 Y153.817 E3.00782
G1 X165.698 Y152.888 E3.0525
G1 X145.48 Y152.888 E4.02492
G1 X145.945 Y153.353 E4.05655
;WIDTH:0.607882
G1 X165.233 Y153.353 E5.36406
G1 E3.36406 F2400
G92 E0
G1 X104.752 Y140.584 F7800
G1 E2 F2400
;TYPE:Perimeter
;WIDTH:0.45
G1 F1500
G1 X108.01 Y140.584 E2.1567
G1 X108.01 Y163.966 E3.28129
G1 X104.752 Y163.966 E3.43799
G1 X104.752 Y140.644 E4.5597
G1 X104.366 Y140.198 F7800
G1 F1500
G1 X108.395 Y140.198 E4.75348
G1 X108.395 Y164.352 E5.9152
G1 X104.366 Y164.352 E6.10898
G1 X104.366 Y140.258 E7.26782
G1 X103.981 Y139.813 F7800
;TYPE:External perimeter
G1 F1500
G1 X108.781 Y139.813 E7.49868
G1 X108.781 Y164.738 E8.69749
G1 X103.981 Y164.738 E8.92835
G1 X103.981 Y139.873 E10.12427
G1 X104.376 Y139.813 F7800
G1 E8.12427 F2400
G92 E0
G1 X107.891 Y163.394 F7800
G1 E2 F2400
;TYPE:Bridge infill
;WIDTH:0.407714
;HEIGHT:0.4
M106 S255
G1 F1500
G1 X105.073 Y163.197 E2.15333
G1 X105.073 Y162.739 E2.17819
G1 X107.688 Y162.921 E2.32047
G1 X107.688 Y162.463 E2.34533
G1 X105.073 Y162.28 E2.48762
G1 X105.073 Y161.821 E2.51253
G1 X107.688 Y162.004 E2.65482
G1 X107.688 Y161.545 E2.67973
G1 X105.073 Y161.362 E2.82202
G1 X105.073 Y160.903 E2.84693
G1 X107.688 Y161.086 E2.98922
G1 X107.688 Y160.627 E3.01413
G1 X105.073 Y160.444 E3.15642
G1 X105.073 Y159.986 E3.18128
G1 X107.688 Y160.168 E3.32356
G1 X107.688 Y159.71 E3.34842
G1 X105.073 Y159.527 E3.49071
G1 X105.073 Y159.068 E3.51562
G1 X107.688 Y159.251 E3.65791
G1 X107.688 Y158.792 E3.68282
G1 X105.073 Y158.609 E3.82511
G1 X105.073 Y158.15 E3.85002
G1 X107.688 Y158.333 E3.99231
G1 X107.688 Y157.874 E4.01722
G1 X105.073 Y157.691 E4.15951
G1 X105.073 Y157.233 E4.18437
G1 X107.688 Y157.415 E4.32665
G1 X107.688 Y156.957 E4.35151
G1 X105.073 Y156.774 E4.4938
G1 X105.073 Y156.315 E4.51871
G1 X107.688 Y156.498 E4.661
G1 X107.688 Y156.039 E4.68591
G1 X105.073 Y155.856 E4.8282
G1 X105.073 Y155.397 E4.85311
G1 X107.688 Y155.58 E4.9954
G1 X107.688 Y155.121 E5.02031
G1 X105.073 Y154.938 E5.1626
G1 X105.073 Y154.48 E5.18746
G1 X107.688 Y154.662 E5.32974
G1 X107.688 Y154.204 E5.3546
G1 X105.073 Y154.021 E5.49689
G1 X105.073 Y153.562 E5.5218
G1 X107.688 Y153.745 E5.66409
G1 X107.688 Y153.286 E5.689
G1 X105.073 Y153.103 E5.83129
G1 X105.073 Y152.644 E5.8562
G1 X107.688 Y152.827 E5.99849
G1 X107.688 Y152.368 E6.0234
G1 X105.073 Y152.185 E6.16569
G1 X105.073 Y151.727 E6.19055
G1 X107.688 Y151.909 E6.33283
G1 X107.688 Y151.451 E6.35769
G1 X105.073 Y151.268 E6.49998
G1 X105.073 Y150.809 E6.52489
G1 X107.688 Y150.992 E6.66718
G1 X107.688 Y150.533 E6.69209
G1 X105.073 Y150.35 E6.83438
G1 X105.073 Y149.891 E6.85929
G1 X107.688 Y150.074 E7.00158
G1 X107.688 Y149.615 E7.02649
G1 X105.073 Y149.432 E7.16878
G1 X105.073 Y148.974 E7.19364
G1 X107.688 Y149.156 E7.33592
G1 X107.688 Y148.698 E7.36078
G1 X105.073 Y148.515 E7.50307
G1 X105.073 Y148.056 E7.52798
G1 X107.688 Y148.239 E7.67027
G1 X107.688 Y147.78 E7.69518
G1 X105.073 Y147.597 E7.83747
G1 X105.073 Y147.138 E7.86238
G1 X107.688 Y147.321 E8.00467
G1 X107.688 Y146.862 E8.02958
G1 X105.073 Y146.679 E8.17187
G1 X105.073 Y146.221 E8.19673
G1 X107.688 Y146.403 E8.33901
G1 X107.688 Y145.992 E8.36132
G1 X107.623 Y145.94 E8.36584
G1 X105.073 Y145.762 E8.50459
G1 X105.073 Y145.303 E8.5295
G1 X107.617 Y145.481 E8.66792
G1 X107.688 Y145.435 E8.67251
G1 X107.688 Y145.027 E8.69466
G1 X105.073 Y144.844 E8.83695
G1 X105.073 Y144.385 E8.86186
G1 X107.688 Y144.568 E9.00415
G1 X107.688 Y144.109 E9.02906
G1 X105.073 Y143.926 E9.17135
G1 X105.073 Y143.468 E9.19621
G1 X107.688 Y143.65 E9.33849
G1 X107.688 Y143.192 E9.36335
G1 X105.073 Y143.009 E9.50564
G1 X105.073 Y142.55 E9.53055
G1 X107.688 Y142.733 E9.67284
G1 X107.688 Y142.274 E9.69775
G1 X105.073 Y142.091 E9.84004
G1 X105.073 Y141.632 E9.86495
G1 X107.441 Y141.798 E9.9938
G1 X107.347 Y141.731 E10.00007
G1 X107.452 Y141.34 E10.02205
G1 X104.871 Y141.159 E10.16249
M107
G1 E8.16249 F2400
G92 E0
G1 X59.309 Y140.584 F7800
G1 E2 F2400
;TYPE:Perimeter
;WIDTH:0.45
;HEIGHT:0.3
G1 F1500
G1 X59.309 Y163.966 E3.12459
G1 X56.051 Y163.966 E3.28129
G1 X56.051 Y140.584 E4.40588
G1 X59.249 Y140.584 E4.55969
G1 X59.694 Y140.198 F7800
G1 F1500
G1 X59.694 Y164.352 E5.72141
G1 X55.666 Y164.352 E5.91514
G1 X55.666 Y140.198 E7.07686
G1 X59.634 Y140.198 E7.26771
G1 X60.08 Y139.813 F7800
;TYPE:External perimeter
G1 F1500
G1 X60.08 Y164.738 E8.46652
G1 X55.28 Y164.738 E8.69738
G1 X55.28 Y139.813 E9.89619
G1 X60.02 Y139.813 E10.12417
G1 X60.079 Y140.208 F7800
G1 E8.12417 F2400
G92 E0
G1 X59.19 Y163.335 F7800
G1 E2 F2400
;TYPE:Bridge infill
;WIDTH:0.40713
;HEIGHT:0.4
M106 S255
G1 F1500
G1 X56.373 Y163.195 E2.15266
G1 X56.373 Y162.737 E2.17745
G1 X58.987 Y162.867 E2.31911
G1 X58.987 Y162.41 E2.34384
G1 X56.373 Y162.279 E2.4855
G1 X56.373 Y161.822 E2.51023
G1 X58.987 Y161.952 E2.65189
G1 X58.987 Y161.494 E2.67668
G1 X56.373 Y161.364 E2.81834
G1 X56.373 Y160.906 E2.84313
G1 X58.987 Y161.037 E2.98479
G1 X58.987 Y160.579 E3.00958
G1 X56.373 Y160.448 E3.15124
G1 X56.373 Y159.991 E3.17597
G1 X58.987 Y160.121 E3.31763
G1 X58.987 Y159.664 E3.34236
G1 X56.373 Y159.533 E3.48402
G1 X56.373 Y159.075 E3.50881
G1 X58.987 Y159.206 E3.65047
G1 X58.987 Y159.033 E3.65983
G1 X58.603 Y158.729 E3.68634
G1 X56.373 Y158.618 E3.80719
G1 X56.373 Y158.16 E3.83198
G1 X58.987 Y158.29 E3.97364
G1 X58.987 Y157.833 E3.99837
G1 X56.373 Y157.702 E4.14003
G1 X56.373 Y157.245 E4.16476
G1 X58.987 Y157.375 E4.30642
G1 X58.987 Y156.917 E4.33121
G1 X56.373 Y156.787 E4.47287
G1 X56.373 Y156.329 E4.49766
G1 X58.987 Y156.46 E4.63932
G1 X58.987 Y156.002 E4.66411
G1 X56.373 Y155.871 E4.80577
G1 X56.373 Y155.414 E4.8305
G1 X58.987 Y155.544 E4.97216
G1 X58.987 Y155.087 E4.99689
G1 X56.373 Y154.956 E5.13855
G1 X56.373 Y154.498 E5.16334
G1 X58.987 Y154.629 E5.305
G1 X58.987 Y154.171 E5.32979
G1 X56.373 Y154.041 E5.47145
G1 X56.373 Y153.583 E5.49624
G1 X58.987 Y153.713 E5.6379
G1 X58.987 Y153.256 E5.66263
G1 X56.373 Y153.125 E5.80429
G1 X56.373 Y152.668 E5.82902
G1 X58.987 Y152.798 E5.97068
G1 X58.987 Y152.34 E5.99547
G1 X56.373 Y152.21 E6.13713
G1 X56.373 Y151.752 E6.16192
G1 X58.987 Y151.883 E6.30358
G1 X58.987 Y151.425 E6.32837
G1 X56.373 Y151.294 E6.47003
G1 X56.373 Y150.837 E6.49476
G1 X58.987 Y150.967 E6.63642
G1 X58.987 Y150.51 E6.66115
G1 X56.373 Y150.379 E6.80281
G1 X56.373 Y149.921 E6.8276
G1 X58.987 Y150.052 E6.96926
G1 X58.987 Y149.594 E6.99405
G1 X56.373 Y149.464 E7.13571
G1 X56.373 Y149.006 E7.1605
G1 X58.987 Y149.136 E7.30216
G1 X58.987 Y148.679 E7.32689
G1 X56.373 Y148.548 E7.46855
G1 X56.373 Y148.091 E7.49328
G1 X58.987 Y148.221 E7.63494
G1 X58.987 Y147.763 E7.65973
G1 X56.373 Y147.633 E7.80139
G1 X56.373 Y147.175 E7.82618
G1 X58.987 Y147.306 E7.96784
G1 X58.987 Y146.848 E7.99263
G1 X56.373 Y146.717 E8.13429
G1 X56.373 Y146.26 E8.15902
G1 X58.987 Y146.39 E8.30068
G1 X58.987 Y145.933 E8.32541
G1 X56.373 Y145.802 E8.46707
G1 X56.373 Y145.344 E8.49186
G1 X58.987 Y145.475 E8.63352
G1 X58.987 Y145.125 E8.65246
G1 X58.807 Y145.008 E8.66408
G1 X56.373 Y144.887 E8.79598
G1 X56.373 Y144.429 E8.82077
G1 X58.685 Y144.544 E8.94606
G1 X58.806 Y144.093 E8.97133
G1 X56.373 Y143.971 E9.10318
G1 X56.373 Y143.514 E9.12791
G1 X58.987 Y143.644 E9.26957
G1 X58.987 Y143.186 E9.29436
G1 X56.373 Y143.056 E9.43602
G1 X56.373 Y142.598 E9.46081
G1 X58.987 Y142.729 E9.60247
G1 X58.987 Y142.271 E9.62726
G1 X56.373 Y142.14 E9.76892
G1 X56.373 Y141.683 E9.79365
G1 X58.987 Y141.813 E9.93531
G1 X58.987 Y141.356 E9.96004
G1 X56.17 Y141.215 E10.1127
M107
;LAYER_CHANGE
;Z:4.25
;HEIGHT:0.3
G1 E8.1127 F2400
G92 E0
G1 Z4.25 F7800
;AFTER_LAYER_CHANGE
;4.25
G1 X61.014 Y60.299
G1 E2 F2400
;TYPE:Perimeter
;WIDTH:0.45
G1 F1500
G1 X61.032 Y60.286 E2.00107
G1 X61.231 Y59.979 E2.01867
G1 X61.301 Y59.618 E2.03636
G1 X61.301 Y46.034 E2.6897
G1 X140.199 Y46.034 E6.48442
G1 X140.199 Y46.393 E6.50169
G1 X56.374 Y135.591 E12.38893
G1 X56.051 Y135.591 E12.40447
G1 X56.051 Y60.582 E16.01214
G1 X60.439 Y60.582 E16.22319
G1 X60.756 Y60.486 E16.23912
G1 X60.965 Y60.334 E16.25155
G1 X60.736 Y60.016 F7800
G1 F1500
G1 X60.843 Y59.899 E16.25918
G1 X60.916 Y59.618 E16.27314
G1 X60.916 Y45.648 E16.94505
G1 X140.584 Y45.648 E20.7768
G1 X140.584 Y46.545 E20.81994
G1 X56.541 Y135.977 E26.72256
G1 X55.666 Y135.977 E26.76464
G1 X55.666 Y60.196 E30.40944
G1 X60.402 Y60.196 E30.63723
G1 X60.662 Y60.096 E30.65063
G1 X60.695 Y60.06 E30.65298
G1 X60.472 Y59.745 F7800
;TYPE:External perimeter
G1 F1500
G1 X60.53 Y59.618 E30.6597
G1 X60.53 Y45.262 E31.35017
G1 X140.97 Y45.262 E35.21905
G1 X140.97 Y46.698 E35.28812
G1 X56.708 Y136.363 E41.20612
G1 X55.28 Y136.363 E41.2748
G1 X55.28 Y59.81 E44.95673
G1 X60.337 Y59.81 E45.19995
G1 X60.426 Y59.777 E45.20452
G1 X60.522 Y59.389 F7800
G1 E43.20452 F2400
G92 E0
G1 X61.59 Y48.154 F7800
G1 E2 F2400
;TYPE:Solid infill
;WIDTH:0.449981
G1 F1200
G1 X61.59 Y59.612 E2.55106
;WIDTH:0.456337
G1 X61.529 Y59.977 E2.56915
;WIDTH:0.466427
G1 X61.373 Y60.296 E2.58696
G1 X61.147 Y60.564 E2.60454
;WIDTH:0.451397
G1 X60.745 Y60.792 E2.62685
;WIDTH:0.439469
G1 X60.332 Y60.866 E2.64648
;WIDTH:0.445039
G1 X58.169 Y60.868 E2.74917
G1 E.74917 F2400
G92 E0
G1 X100.265 Y87.901 F7800
G1 E2 F2400
;TYPE:Internal infill
;WIDTH:0.45
G1 F1200
G1 X98.68 Y89.587 E2.1113
G1 X61.976 Y52.883 E4.60786
G1 X61.976 Y54.019 E4.6625
G1 X83.867 Y48.154 E5.75252
G1 X84.341 Y48.154 E5.77532
G1 X63.091 Y127.458 E9.72413
G1 X61.692 Y128.947 E9.8224
G1 X58.171 Y125.427 E10.06186
G1 X58.171 Y126.899 E10.13266
G1 X65.45 Y124.949 E10.4951
G1 X66.976 Y123.325 E10.60228
G1 X58.171 Y114.52 E11.20119
G1 X58.171 Y110.93 E11.37386
G1 X85.507 Y103.605 E12.73501
G1 X85.429 Y103.688 E12.74049
G1 X100.31 Y48.154 E15.50572
G1 X100.875 Y48.154 E15.53289
G1 X119.817 Y67.096 E16.8213
G1 X118.936 Y68.033 E16.88316
G1 X124.263 Y48.154 E17.87301
G1 X122.689 Y48.154 E17.94871
G1 X130.385 Y55.85 E18.47218
G1 X130.105 Y56.148 E18.49185
G1 X132.247 Y48.154 E18.8899
G1 X133.596 Y48.154 E18.95478
G1 X135.669 Y50.227 E19.09578
G1 X58.171 Y71.008 E22.95485
G1 X58.171 Y70.892 E22.96043
G1 X88.112 Y100.833 E24.99698
G1 X93.396 Y95.21 E25.3681
G1 X59.434 Y61.248 E27.67816
G1 X58.171 Y61.251 E27.73891
G1 X58.171 Y63.023 E27.82414
G1 X113.665 Y48.154 E30.58736
G1 X116.279 Y48.154 E30.71308
G1 X107.767 Y79.918 E32.29472
G1 X109.249 Y78.342 E32.39877
G1 X79.061 Y48.154 E34.45212
G1 X76.356 Y48.154 E34.58222
G1 X58.171 Y116.02 E37.96149
G1 X58.171 Y118.914 E38.10068
G1 X75.478 Y114.277 E38.96245
G1 X74.26 Y115.573 E39.04799
G1 X92.325 Y48.154 E42.405
G1 X89.968 Y48.154 E42.51836
G1 X114.533 Y72.719 E44.18924
G1 X115.593 Y71.591 E44.26369
G1 X58.171 Y86.977 E47.12292
G1 X58.171 Y86.222 E47.15923
G1 X68.372 Y48.154 E49.05477
G1 X68.154 Y48.154 E49.06526
G1 X103.965 Y83.965 E51.50108
G1 X105.564 Y82.262 E51.61343
G1 X58.171 Y94.961 E53.97328
G1 X58.171 Y92.706 E54.08174
G1 X77.544 Y112.079 E55.39947
G1 X82.828 Y106.456 E55.77059
G1 X58.171 Y81.799 E57.44773
G1 X58.171 Y78.992 E57.58274
G1 X125.622 Y60.919 E60.94134
G1 X125.101 Y61.473 E60.97792
G1 X111.782 Y48.154 E61.88386
G1 X108.294 Y48.154 E62.05162
G1 X96.598 Y91.803 E64.22505
G1 X95.536 Y92.934 E64.29967
G1 X58.171 Y102.946 E66.1602
G1 X58.171 Y103.613 E66.19228
G1 X72.26 Y117.702 E67.1506
G1 X70.675 Y119.388 E67.2619
G1 E65.2619 F2400
G92 E0
G1 X57.962 Y133.158 F7800
G1 E2 F2400
;TYPE:Top solid infill
;WIDTH:0.400062
G1 F900
G1 X56.315 Y134.805 E2.09752
G1 X56.315 Y134.33 E2.11741
G1 X57.811 Y132.835 E2.20596
G1 X57.811 Y132.36 E2.22585
G1 X56.315 Y133.855 E2.3144
G1 X56.315 Y133.381 E2.33425
G1 X57.811 Y131.885 E2.42283
G1 X57.811 Y131.411 E2.44268
G1 X56.315 Y132.906 E2.53123
G1 X56.315 Y132.431 E2.55112
G1 X57.811 Y130.936 E2.63967
G1 X57.811 Y130.461 E2.65956
G1 X56.315 Y131.957 E2.74814
G1 X56.315 Y131.482 E2.76803
G1 X57.811 Y129.986 E2.85661
G1 X57.811 Y129.512 E2.87646
G1 X56.315 Y131.007 E2.96501
G1 X56.315 Y130.532 E2.9849
G1 X57.811 Y129.037 E3.07345
G1 X57.811 Y128.562 E3.09334
G1 X56.315 Y130.058 E3.18192
G1 X56.315 Y129.583 E3.20181
G1 X57.811 Y128.087 E3.29039
G1 X57.811 Y127.613 E3.31024
G1 X56.315 Y129.108 E3.39879
G1 X56.315 Y128.633 E3.41868
G1 X57.811 Y127.138 E3.50723
G1 X57.811 Y126.663 E3.52712
G1 X56.315 Y128.159 E3.6157
G1 X56.315 Y127.684 E3.63559
G1 X57.811 Y126.189 E3.72414
G1 X57.811 Y125.714 E3.74403
G1 X56.315 Y127.209 E3.83258
G1 X56.315 Y126.735 E3.85243
G1 X57.811 Y125.239 E3.94101
G1 X57.811 Y124.764 E3.9609
G1 X56.315 Y126.26 E4.04948
G1 X56.315 Y125.785 E4.06937
G1 X57.811 Y124.29 E4.15792
G1 X57.811 Y123.815 E4.17781
G1 X56.315 Y125.31 E4.26636
G1 X56.315 Y124.836 E4.28621
G1 X57.811 Y123.34 E4.37479
G1 X57.811 Y122.866 E4.39464
G1 X56.315 Y124.361 E4.48319
G1 X56.315 Y123.886 E4.50308
G1 X57.811 Y122.391 E4.59163
G1 X57.811 Y121.916 E4.61152
G1 X56.315 Y123.411 E4.70007
G1 X56.315 Y122.937 E4.71992
G1 X57.811 Y121.441 E4.8085
G1 X57.811 Y120.967 E4.82835
G1 X56.315 Y122.462 E4.9169
G1 X56.315 Y121.987 E4.93679
G1 X57.811 Y120.492 E5.02534
G1 X57.811 Y120.017 E5.04523
G1 X56.315 Y121.513 E5.13381
G1 X56.315 Y121.038 E5.1537
G1 X57.811 Y119.542 E5.24228
G1 X57.811 Y119.068 E5.26213
G1 X56.315 Y120.563 E5.35068
G1 X56.315 Y120.088 E5.37057
G1 X57.811 Y118.593 E5.45912
G1 X57.811 Y118.118 E5.47901
G1 X56.315 Y119.614 E5.56759
G1 X56.315 Y119.139 E5.58748
G1 X57.811 Y117.644 E5.67603
G1 X57.811 Y117.169 E5.69592
G1 X56.315 Y118.664 E5.78447
G1 X56.315 Y118.189 E5.80436
G1 X57.811 Y116.694 E5.89291
G1 X57.811 Y116.219 E5.9128
G1 X56.315 Y117.715 E6.00138
G1 X56.315 Y117.24 E6.02127
G1 X57.811 Y115.745 E6.10982
G1 X57.811 Y115.27 E6.12971
G1 X56.315 Y116.765 E6.21826
G1 X56.315 Y116.291 E6.23811
G1 X57.811 Y114.795 E6.32669
G1 X57.811 Y114.32 E6.34658
G1 X56.315 Y115.816 E6.43516
G1 X56.315 Y115.341 E6.45505
G1 X57.811 Y113.846 E6.5436
G1 X57.811 Y113.371 E6.56349
G1 X56.315 Y114.866 E6.65204
G1 X56.315 Y114.392 E6.67189
G1 X57.811 Y112.896 E6.76047
G1 X57.811 Y112.422 E6.78032
G1 X56.315 Y113.917 E6.86887
G1 X56.315 Y113.442 E6.88876
G1 X57.811 Y111.947 E6.97731
G1 X57.811 Y111.472 E6.9972
G1 X56.315 Y112.968 E7.08578
G1 X56.315 Y112.493 E7.10567
G1 X57.811 Y110.997 E7.19425
G1 X57.811 Y110.523 E7.2141
G1 X56.315 Y112.018 E7.30265
G1 X56.315 Y111.543 E7.32254
G1 X57.811 Y110.048 E7.41109
G1 X57.811 Y109.573 E7.43098
G1 X56.315 Y111.069 E7.51956
G1 X56.315 Y110.594 E7.53945
G1 X57.811 Y109.098 E7.62803
G1 X57.811 Y108.624 E7.64788
G1 X56.315 Y110.119 E7.73643
G1 X56.315 Y109.644 E7.75632
G1 X57.811 Y108.149 E7.84487
G1 X57.811 Y107.674 E7.86476
G1 X56.315 Y109.17 E7.95334
G1 X56.315 Y108.695 E7.97323
G1 X57.811 Y107.2 E8.06178
G1 X57.811 Y106.725 E8.08167
G1 X56.315 Y108.22 E8.17022
G1 X56.315 Y107.746 E8.19007
G1 X57.811 Y106.25 E8.27865
G1 X57.811 Y105.775 E8.29854
G1 X56.315 Y107.271 E8.38712
G1 X56.315 Y106.796 E8.40701
G1 X57.811 Y105.301 E8.49556
G1 X57.811 Y104.826 E8.51545
G1 X56.315 Y106.321 E8.604
G1 X56.315 Y105.847 E8.62385
G1 X57.811 Y104.351 E8.71243
G1 X57.811 Y103.877 E8.73228
G1 X56.315 Y105.372 E8.82083
G1 X56.315 Y104.897 E8.84072
G1 X57.811 Y103.402 E8.92927
G1 X57.811 Y102.927 E8.94916
G1 X56.315 Y104.422 E9.03771
G1 X56.315 Y103.948 E9.05756
G1 X57.811 Y102.452 E9.14614
G1 X57.811 Y101.978 E9.16599
G1 X56.315 Y103.473 E9.25454
G1 X56.315 Y102.998 E9.27443
G1 X57.811 Y101.503 E9.36298
G1 X57.811 Y101.028 E9.38287
G1 X56.315 Y102.524 E9.47145
G1 X56.315 Y102.049 E9.49134
G1 X57.811 Y100.553 E9.57992
G1 X57.811 Y100.079 E9.59977
G1 X56.315 Y101.574 E9.68832
G1 X56.315 Y101.099 E9.70821
G1 X57.811 Y99.604 E9.79676
G1 X57.811 Y99.129 E9.81665
G1 X56.315 Y100.625 E9.90523
G1 X56.315 Y100.15 E9.92512
G1 X57.811 Y98.655 E10.01367
G1 X57.811 Y98.18 E10.03356
G1 X56.315 Y99.675 E10.12211
G1 X56.315 Y99.201 E10.14196
G1 X57.811 Y97.705 E10.23054
G1 X57.811 Y97.23 E10.25043
G1 X56.315 Y98.726 E10.33901
G1 X56.315 Y98.251 E10.3589
G1 X57.811 Y96.756 E10.44745
G1 X57.811 Y96.281 E10.46734
G1 X56.315 Y97.776 E10.55589
G1 X56.315 Y97.302 E10.57574
G1 X57.811 Y95.806 E10.66432
G1 X57.811 Y95.331 E10.68421
G1 X56.315 Y96.827 E10.77279
G1 X56.315 Y96.352 E10.79268
G1 X57.811 Y94.857 E10.88123
G1 X57.811 Y94.382 E10.90112
G1 X56.315 Y95.877 E10.98967
G1 X56.315 Y95.403 E11.00952
G1 X57.811 Y93.907 E11.0981
G1 X57.811 Y93.433 E11.11795
G1 X56.315 Y94.928 E11.2065
G1 X56.315 Y94.453 E11.22639
G1 X57.811 Y92.958 E11.31494
G1 X57.811 Y92.483 E11.33483
G1 X56.315 Y93.979 E11.42341
G1 X56.315 Y93.504 E11.4433
G1 X57.811 Y92.008 E11.53188
G1 X57.811 Y91.534 E11.55173
G1 X56.315 Y93.029 E11.64028
G1 X56.315 Y92.554 E11.66017
G1 X57.811 Y91.059 E11.74872
G1 X57.811 Y90.584 E11.76861
G1 X56.315 Y92.08 E11.85719
G1 X56.315 Y91.605 E11.87708
G1 X57.811 Y90.11 E11.96563
G1 X57.811 Y89.635 E11.98552
G1 X56.315 Y91.13 E12.07407
G1 X56.315 Y90.655 E12.09396
G1 X57.811 Y89.16 E12.18251
G1 X57.811 Y88.685 E12.2024
G1 X56.315 Y90.181 E12.29098
G1 X56.315 Y89.706 E12.31087
G1 X57.811 Y88.211 E12.39942
G1 X57.811 Y87.736 E12.41931
G1 X56.315 Y89.231 E12.50786
G1 X56.315 Y88.757 E12.52771
G1 X57.811 Y87.261 E12.61629
G1 X57.811 Y86.786 E12.63618
G1 X56.315 Y88.282 E12.72476
G1 X56.315 Y87.807 E12.74465
G1 X57.811 Y86.312 E12.8332
G1 X57.811 Y85.837 E12.85309
G1 X56.315 Y87.332 E12.94164
G1 X56.315 Y86.858 E12.96149
G1 X57.811 Y85.362 E13.05007
G1 X57.811 Y84.888 E13.06992
G1 X56.315 Y86.383 E13.15847
G1 X56.315 Y85.908 E13.17836
G1 X57.811 Y84.413 E13.26691
G1 X57.811 Y83.938 E13.2868
G1 X56.315 Y85.433 E13.37535
G1 X56.315 Y84.959 E13.3952
G1 X57.811 Y83.463 E13.48378
G1 X57.811 Y82.989 E13.50363
G1 X56.315 Y84.484 E13.59218
G1 X56.315 Y84.009 E13.61207
G1 X57.811 Y82.514 E13.70062
G1 X57.811 Y82.039 E13.72051
G1 X56.315 Y83.535 E13.80909
G1 X56.315 Y83.06 E13.82898
G1 X57.811 Y81.564 E13.91756
G1 X57.811 Y81.09 E13.93741
G1 X56.315 Y82.585 E14.02596
G1 X56.315 Y82.11 E14.04585
G1 X57.811 Y80.615 E14.1344
G1 X57.811 Y80.14 E14.15429
G1 X56.315 Y81.636 E14.24287
G1 X56.315 Y81.161 E14.26276
G1 X57.811 Y79.666 E14.35131
G1 X57.811 Y79.191 E14.3712
G1 X56.315 Y80.686 E14.45975
G1 X56.315 Y80.212 E14.4796
G1 X57.811 Y78.716 E14.56818
G1 X57.811 Y78.241 E14.58807
G1 X56.315 Y79.737 E14.67665
G1 X56.315 Y79.262 E14.69654
G1 X57.811 Y77.767 E14.78509
G1 X57.811 Y77.292 E14.80498
G1 X56.315 Y78.787 E14.89353
G1 X56.315 Y78.313 E14.91338
G1 X57.811 Y76.817 E15.00196
G1 X57.811 Y76.343 E15.02181
G1 X56.315 Y77.838 E15.11036
G1 X56.315 Y77.363 E15.13025
G1 X57.811 Y75.868 E15.2188
G1 X57.811 Y75.393 E15.23869
G1 X56.315 Y76.888 E15.32724
G1 X56.315 Y76.414 E15.34709
G1 X57.811 Y74.918 E15.43567
G1 X57.811 Y74.444 E15.45552
G1 X56.315 Y75.939 E15.54407
G1 X56.315 Y75.464 E15.56396
G1 X57.811 Y73.969 E15.65251
G1 X57.811 Y73.494 E15.6724
G1 X56.315 Y74.99 E15.76098
G1 X56.315 Y74.515 E15.78087
G1 X57.811 Y73.019 E15.86945
G1 X57.811 Y72.545 E15.8893
G1 X56.315 Y74.04 E15.97785
G1 X56.315 Y73.565 E15.99774
G1 X57.811 Y72.07 E16.08629
G1 X57.811 Y71.595 E16.10618
G1 X56.315 Y73.091 E16.19476
G1 X56.315 Y72.616 E16.21465
G1 X57.811 Y71.121 E16.3032
G1 X57.811 Y70.646 E16.32309
G1 X56.315 Y72.141 E16.41164
G1 X56.315 Y71.666 E16.43153
G1 X57.811 Y70.171 E16.52008
G1 X57.811 Y69.696 E16.53997
G1 X56.315 Y71.192 E16.62855
G1 X56.315 Y70.717 E16.64844
G1 X57.811 Y69.222 E16.73699
G1 X57.811 Y68.747 E16.75688
G1 X56.315 Y70.242 E16.84543
G1 X56.315 Y69.768 E16.86528
G1 X57.811 Y68.272 E16.95386
G1 X57.811 Y67.797 E16.97375
G1 X56.315 Y69.293 E17.06233
G1 X56.315 Y68.818 E17.08222
G1 X57.811 Y67.323 E17.17077
G1 X57.811 Y66.848 E17.19066
G1 X56.315 Y68.343 E17.27921
G1 X56.315 Y67.869 E17.29906
G1 X57.811 Y66.373 E17.38764
G1 X57.811 Y65.899 E17.40749
G1 X56.315 Y67.394 E17.49604
G1 X56.315 Y66.919 E17.51593
G1 X57.811 Y65.424 E17.60448
G1 X57.811 Y64.949 E17.62437
G1 X56.315 Y66.445 E17.71295
G1 X56.315 Y65.97 E17.73284
G1 X57.811 Y64.474 E17.82142
G1 X57.811 Y64 E17.84127
G1 X56.315 Y65.495 E17.92982
G1 X56.315 Y65.02 E17.94971
G1 X57.811 Y63.525 E18.03826
G1 X57.811 Y63.05 E18.05815
G1 X56.315 Y64.546 E18.14673
G1 X56.315 Y64.071 E18.16662
G1 X57.811 Y62.575 E18.2552
G1 X57.811 Y62.101 E18.27505
G1 X56.315 Y63.596 E18.3636
G1 X56.315 Y63.121 E18.38349
G1 X57.811 Y61.626 E18.47204
G1 X57.811 Y61.151 E18.49193
G1 X56.315 Y62.647 E18.58051
G1 X56.315 Y62.172 E18.6004
G1 X57.645 Y60.842 E18.67915
G1 X57.169 Y60.843 E18.69908
G1 X56.315 Y61.697 E18.74965
G1 X56.315 Y61.223 E18.7695
G1 X56.845 Y60.693 E18.80088
G1 E16.80088 F2400
G92 E0
G1 X138.147 Y48.154 F7800
G1 E2 F2400
;TYPE:Solid infill
;WIDTH:0.450007
G1 F1200
G1 X58.171 Y133.256 E7.61701
G1 E5.61701 F2400
G92 E0
G1 X139.693 Y46.147 F7800
G1 E2 F2400
;TYPE:Top solid infill
;WIDTH:0.401006
G1 F900
G1 X138.046 Y47.793 E2.09776
G1 X137.57 Y47.793 E2.11775
G1 X139.066 Y46.298 E2.20655
G1 X138.59 Y46.298 E2.22654
G1 X137.094 Y47.793 E2.31534
G1 X136.618 Y47.793 E2.33533
G1 X138.114 Y46.298 E2.42413
G1 X137.637 Y46.298 E2.44416
G1 X136.142 Y47.793 E2.53293
G1 X135.666 Y47.793 E2.55292
G1 X137.161 Y46.298 E2.64169
G1 X136.685 Y46.298 E2.66168
G1 X135.19 Y47.793 E2.75045
G1 X134.714 Y47.793 E2.77044
G1 X136.209 Y46.298 E2.85921
G1 X135.733 Y46.298 E2.8792
G1 X134.238 Y47.793 E2.96797
G1 X133.762 Y47.793 E2.98796
G1 X135.257 Y46.298 E3.07673
G1 X134.781 Y46.298 E3.09672
G1 X133.286 Y47.793 E3.18549
G1 X132.81 Y47.793 E3.20548
G1 X134.305 Y46.298 E3.29425
G1 X133.829 Y46.298 E3.31424
G1 X132.334 Y47.793 E3.40301
G1 X131.858 Y47.793 E3.423
G1 X133.353 Y46.298 E3.51177
G1 X132.877 Y46.298 E3.53176
G1 X131.382 Y47.793 E3.62053
G1 X130.905 Y47.793 E3.64056
G1 X132.401 Y46.298 E3.72936
G1 X131.925 Y46.298 E3.74935
G1 X130.429 Y47.793 E3.83815
G1 X129.953 Y47.793 E3.85814
G1 X131.449 Y46.298 E3.94694
G1 X130.973 Y46.298 E3.96693
G1 X129.477 Y47.793 E4.05573
G1 X129.001 Y47.793 E4.07572
G1 X130.497 Y46.298 E4.16452
G1 X130.021 Y46.298 E4.18451
G1 X128.525 Y47.793 E4.27331
G1 X128.049 Y47.793 E4.2933
G1 X129.544 Y46.298 E4.38207
G1 X129.068 Y46.298 E4.40206
G1 X127.573 Y47.793 E4.49083
G1 X127.097 Y47.793 E4.51082
G1 X128.592 Y46.298 E4.59959
G1 X128.116 Y46.298 E4.61958
G1 X126.621 Y47.793 E4.70835
G1 X126.145 Y47.793 E4.72834
G1 X127.64 Y46.298 E4.81711
G1 X127.164 Y46.298 E4.8371
G1 X125.669 Y47.793 E4.92587
G1 X125.193 Y47.793 E4.94586
G1 X126.688 Y46.298 E5.03463
G1 X126.212 Y46.298 E5.05462
G1 X124.717 Y47.793 E5.14339
G1 X124.241 Y47.793 E5.16338
G1 X125.736 Y46.298 E5.25215
G1 X125.26 Y46.298 E5.27214
G1 X123.765 Y47.793 E5.36091
G1 X123.288 Y47.793 E5.38094
G1 X124.784 Y46.298 E5.46974
G1 X124.308 Y46.298 E5.48973
G1 X122.812 Y47.793 E5.57853
G1 X122.336 Y47.793 E5.59852
G1 X123.832 Y46.298 E5.68732
G1 X123.356 Y46.298 E5.70731
G1 X121.86 Y47.793 E5.79611
G1 X121.384 Y47.793 E5.8161
G1 X122.88 Y46.298 E5.9049
G1 X122.404 Y46.298 E5.92489
G1 X120.908 Y47.793 E6.01369
G1 X120.432 Y47.793 E6.03368
G1 X121.928 Y46.298 E6.12248
G1 X121.451 Y46.298 E6.14251
G1 X119.956 Y47.793 E6.23128
G1 X119.48 Y47.793 E6.25127
G1 X120.975 Y46.298 E6.34004
G1 X120.499 Y46.298 E6.36003
G1 X119.004 Y47.793 E6.4488
G1 X118.528 Y47.793 E6.46879
G1 X120.023 Y46.298 E6.55756
G1 X119.547 Y46.298 E6.57755
G1 X118.052 Y47.793 E6.66632
G1 X117.576 Y47.793 E6.68631
G1 X119.071 Y46.298 E6.77508
G1 X118.595 Y46.298 E6.79507
G1 X117.1 Y47.793 E6.88384
G1 X116.624 Y47.793 E6.90383
G1 X118.119 Y46.298 E6.9926
G1 X117.643 Y46.298 E7.01259
G1 X116.148 Y47.793 E7.10136
G1 X115.672 Y47.793 E7.12135
G1 X117.167 Y46.298 E7.21012
G1 X116.691 Y46.298 E7.23011
G1 X115.195 Y47.793 E7.31891
G1 X114.719 Y47.793 E7.3389
G1 X116.215 Y46.298 E7.4277
G1 X115.739 Y46.298 E7.44769
G1 X114.243 Y47.793 E7.53649
G1 X113.767 Y47.793 E7.55648
G1 X115.263 Y46.298 E7.64528
G1 X114.787 Y46.298 E7.66527
G1 X113.291 Y47.793 E7.75407
G1 X112.815 Y47.793 E7.77406
G1 X114.311 Y46.298 E7.86286
G1 X113.835 Y46.298 E7.88285
G1 X112.339 Y47.793 E7.97165
G1 X111.863 Y47.793 E7.99164
G1 X113.358 Y46.298 E8.08041
G1 X112.882 Y46.298 E8.1004
G1 X111.387 Y47.793 E8.18917
G1 X110.911 Y47.793 E8.20916
G1 X112.406 Y46.298 E8.29793
G1 X111.93 Y46.298 E8.31792
G1 X110.435 Y47.793 E8.40669
G1 X109.959 Y47.793 E8.42668
G1 X111.454 Y46.298 E8.51545
G1 X110.978 Y46.298 E8.53544
G1 X109.483 Y47.793 E8.62421
G1 X109.007 Y47.793 E8.6442
G1 X110.502 Y46.298 E8.73297
G1 X110.026 Y46.298 E8.75296
G1 X108.531 Y47.793 E8.84173
G1 X108.055 Y47.793 E8.86172
G1 X109.55 Y46.298 E8.95049
G1 X109.074 Y46.298 E8.97048
G1 X107.579 Y47.793 E9.05925
G1 X107.102 Y47.793 E9.07928
G1 X108.598 Y46.298 E9.16808
G1 X108.122 Y46.298 E9.18807
G1 X106.626 Y47.793 E9.27687
G1 X106.15 Y47.793 E9.29686
G1 X107.646 Y46.298 E9.38566
G1 X107.17 Y46.298 E9.40565
G1 X105.674 Y47.793 E9.49445
G1 X105.198 Y47.793 E9.51444
G1 X106.694 Y46.298 E9.60324
G1 X106.218 Y46.298 E9.62323
G1 X104.722 Y47.793 E9.71203
G1 X104.246 Y47.793 E9.73202
G1 X105.741 Y46.298 E9.82079
G1 X105.265 Y46.298 E9.84078
G1 X103.77 Y47.793 E9.92955
G1 X103.294 Y47.793 E9.94954
G1 X104.789 Y46.298 E10.03831
G1 X104.313 Y46.298 E10.0583
G1 X102.818 Y47.793 E10.14707
G1 X102.342 Y47.793 E10.16706
G1 X103.837 Y46.298 E10.25583
G1 X103.361 Y46.298 E10.27582
G1 X101.866 Y47.793 E10.36459
G1 X101.39 Y47.793 E10.38458
G1 X102.885 Y46.298 E10.47335
G1 X102.409 Y46.298 E10.49334
G1 X100.914 Y47.793 E10.58211
G1 X100.438 Y47.793 E10.6021
G1 X101.933 Y46.298 E10.69087
G1 X101.457 Y46.298 E10.71086
G1 X99.962 Y47.793 E10.79963
G1 X99.485 Y47.793 E10.81966
G1 X100.981 Y46.298 E10.90846
G1 X100.505 Y46.298 E10.92845
G1 X99.009 Y47.793 E11.01725
G1 X98.533 Y47.793 E11.03724
G1 X100.029 Y46.298 E11.12604
G1 X99.553 Y46.298 E11.14603
G1 X98.057 Y47.793 E11.23483
G1 X97.581 Y47.793 E11.25482
G1 X99.077 Y46.298 E11.34362
G1 X98.601 Y46.298 E11.36361
G1 X97.105 Y47.793 E11.45241
G1 X96.629 Y47.793 E11.4724
G1 X98.125 Y46.298 E11.5612
G1 X97.648 Y46.298 E11.58123
G1 X96.153 Y47.793 E11.67
G1 X95.677 Y47.793 E11.68999
G1 X97.172 Y46.298 E11.77876
G1 X96.696 Y46.298 E11.79875
G1 X95.201 Y47.793 E11.88752
G1 X94.725 Y47.793 E11.90751
G1 X96.22 Y46.298 E11.99628
G1 X95.744 Y46.298 E12.01627
G1 X94.249 Y47.793 E12.10504
G1 X93.773 Y47.793 E12.12503
G1 X95.268 Y46.298 E12.2138
G1 X94.792 Y46.298 E12.23379
G1 X93.297 Y47.793 E12.32256
G1 X92.821 Y47.793 E12.34255
G1 X94.316 Y46.298 E12.43132
G1 X93.84 Y46.298 E12.45131
G1 X92.345 Y47.793 E12.54008
G1 X91.869 Y47.793 E12.56007
G1 X93.364 Y46.298 E12.64884
G1 X92.888 Y46.298 E12.66883
G1 X91.392 Y47.793 E12.75763
G1 X90.916 Y47.793 E12.77762
G1 X92.412 Y46.298 E12.86642
G1 X91.936 Y46.298 E12.88641
G1 X90.44 Y47.793 E12.97521
G1 X89.964 Y47.793 E12.9952
G1 X91.46 Y46.298 E13.084
G1 X90.984 Y46.298 E13.10399
G1 X89.488 Y47.793 E13.19279
G1 X89.012 Y47.793 E13.21278
G1 X90.508 Y46.298 E13.30158
G1 X90.032 Y46.298 E13.32157
G1 X88.536 Y47.793 E13.41037
G1 X88.06 Y47.793 E13.43036
G1 X89.555 Y46.298 E13.51913
G1 X89.079 Y46.298 E13.53912
G1 X87.584 Y47.793 E13.62789
G1 X87.108 Y47.793 E13.64788
G1 X88.603 Y46.298 E13.73665
G1 X88.127 Y46.298 E13.75664
G1 X86.632 Y47.793 E13.84541
G1 X86.156 Y47.793 E13.8654
G1 X87.651 Y46.298 E13.95417
G1 X87.175 Y46.298 E13.97416
G1 X85.68 Y47.793 E14.06293
G1 X85.204 Y47.793 E14.08292
G1 X86.699 Y46.298 E14.17169
G1 X86.223 Y46.298 E14.19168
G1 X84.728 Y47.793 E14.28045
G1 X84.252 Y47.793 E14.30044
G1 X85.747 Y46.298 E14.38921
G1 X85.271 Y46.298 E14.4092
G1 X83.776 Y47.793 E14.49797
G1 X83.299 Y47.793 E14.518
G1 X84.795 Y46.298 E14.6068
G1 X84.319 Y46.298 E14.62679
G1 X82.823 Y47.793 E14.71559
G1 X82.347 Y47.793 E14.73558
G1 X83.843 Y46.298 E14.82438
G1 X83.367 Y46.298 E14.84437
G1 X81.871 Y47.793 E14.93317
G1 X81.395 Y47.793 E14.95316
G1 X82.891 Y46.298 E15.04196
G1 X82.415 Y46.298 E15.06195
G1 X80.919 Y47.793 E15.15075
G1 X80.443 Y47.793 E15.17074
G1 X81.939 Y46.298 E15.25954
G1 X81.462 Y46.298 E15.27957
G1 X79.967 Y47.793 E15.36834
G1 X79.491 Y47.793 E15.38833
G1 X80.986 Y46.298 E15.4771
G1 X80.51 Y46.298 E15.49709
G1 X79.015 Y47.793 E15.58586
G1 X78.539 Y47.793 E15.60585
G1 X80.034 Y46.298 E15.69462
G1 X79.558 Y46.298 E15.71461
G1 X78.063 Y47.793 E15.80338
G1 X77.587 Y47.793 E15.82337
G1 X79.082 Y46.298 E15.91214
G1 X78.606 Y46.298 E15.93213
G1 X77.111 Y47.793 E16.0209
G1 X76.635 Y47.793 E16.04089
G1 X78.13 Y46.298 E16.12966
G1 X77.654 Y46.298 E16.14965
G1 X76.159 Y47.793 E16.23842
G1 X75.683 Y47.793 E16.25841
G1 X77.178 Y46.298 E16.34718
G1 X76.702 Y46.298 E16.36717
G1 X75.206 Y47.793 E16.45597
G1 X74.73 Y47.793 E16.47596
G1 X76.226 Y46.298 E16.56476
G1 X75.75 Y46.298 E16.58475
G1 X74.254 Y47.793 E16.67355
G1 X73.778 Y47.793 E16.69354
G1 X75.274 Y46.298 E16.78234
G1 X74.798 Y46.298 E16.80233
G1 X73.302 Y47.793 E16.89113
G1 X72.826 Y47.793 E16.91112
G1 X74.322 Y46.298 E16.99992
G1 X73.845 Y46.298 E17.01995
G1 X72.35 Y47.793 E17.10872
G1 X71.874 Y47.793 E17.12871
G1 X73.369 Y46.298 E17.21748
G1 X72.893 Y46.298 E17.23747
G1 X71.398 Y47.793 E17.32624
G1 X70.922 Y47.793 E17.34623
G1 X72.417 Y46.298 E17.435
G1 X71.941 Y46.298 E17.45499
G1 X70.446 Y47.793 E17.54376
G1 X69.97 Y47.793 E17.56375
G1 X71.465 Y46.298 E17.65252
G1 X70.989 Y46.298 E17.67251
G1 X69.494 Y47.793 E17.76128
G1 X69.018 Y47.793 E17.78127
G1 X70.513 Y46.298 E17.87004
G1 X70.037 Y46.298 E17.89003
G1 X68.542 Y47.793 E17.9788
G1 X68.066 Y47.793 E17.99879
G1 X69.561 Y46.298 E18.08756
G1 X69.085 Y46.298 E18.10755
G1 X67.589 Y47.793 E18.19635
G1 X67.113 Y47.793 E18.21634
G1 X68.609 Y46.298 E18.30514
G1 X68.133 Y46.298 E18.32513
G1 X66.637 Y47.793 E18.41393
G1 X66.161 Y47.793 E18.43392
G1 X67.657 Y46.298 E18.52272
G1 X67.181 Y46.298 E18.54271
G1 X65.685 Y47.793 E18.63151
G1 X65.209 Y47.793 E18.6515
G1 X66.705 Y46.298 E18.7403
G1 X66.229 Y46.298 E18.76029
G1 X64.733 Y47.793 E18.84909
G1 X64.257 Y47.793 E18.86908
G1 X65.752 Y46.298 E18.95785
G1 X65.276 Y46.298 E18.97784
G1 X63.781 Y47.793 E19.06661
G1 X63.305 Y47.793 E19.0866
G1 X64.8 Y46.298 E19.17537
G1 X64.324 Y46.298 E19.19536
G1 X62.829 Y47.793 E19.28413
G1 X62.353 Y47.793 E19.30412
G1 X63.848 Y46.298 E19.39289
G1 X63.372 Y46.298 E19.41288
G1 X61.877 Y47.793 E19.50165
G1 X61.565 Y47.793 E19.51475
G1 X61.565 Y47.629 E19.52164
G1 X62.896 Y46.298 E19.60067
G1 X62.42 Y46.298 E19.62066
G1 X61.565 Y47.152 E19.6714
G1 X61.565 Y46.676 E19.69139
G1 X62.095 Y46.147 E19.72283
G1 E17.72283 F2400
G92 E0
G1 X145.191 Y62.565 F7800
G1 E2 F2400
;TYPE:Perimeter
;WIDTH:0.45
G1 F1200
G1 X145.191 Y57.558 E2.24082
G1 X153.149 Y57.558 E2.62357
G1 X156.431 Y60.668 E2.84104
G1 X159.505 Y62.565 E3.01477
G1 X145.251 Y62.565 E3.70034
G1 X144.806 Y62.951 F7800
G1 F1200
G1 X144.806 Y57.172 E3.97829
G1 X153.303 Y57.172 E4.38697
G1 X156.668 Y60.361 E4.60995
G1 X160.623 Y62.802 E4.83349
G1 X161.007 Y62.951 E4.8533
G1 X144.866 Y62.951 E5.62963
G1 X144.42 Y63.336 F7800
;TYPE:External perimeter
G1 F1500
G1 X144.42 Y56.881 E5.94009
;TYPE:Overhang perimeter
;WIDTH:0.4
;HEIGHT:0.4
M106 S255
G1 X144.42 Y56.786 E5.94505
G1 X153.456 Y56.786 E6.41713
G1 X153.556 Y56.881 E6.42434
M107
;TYPE:External perimeter
;WIDTH:0.45
;HEIGHT:0.3
G1 X156.904 Y60.053 E6.64616
G1 X160.843 Y62.485 E6.86881
G1 X163.274 Y63.336 E6.99269
G1 X144.48 Y63.336 E7.89662
G1 X144.421 Y62.941 F7800
G1 E5.89662 F2400
G92 E0
G1 X145.585 Y57.878 F7800
G1 E2 F2400
;TYPE:Solid infill
;WIDTH:0.543559
G1 F1200
G1 X145.543 Y57.836 E2.00355
G1 X145.485 Y57.851 E2.00713
G1 X145.469 Y57.909 E2.01073
G1 X145.512 Y57.951 E2.01432
G1 X145.57 Y57.936 E2.0179
;WIDTH:0.45
G1 X146.186 Y57.847 E2.04784
G1 X145.357 Y58.689 E2.10467
;WIDTH:0.404381
G1 X145.286 Y58.67 E2.10779
G1 X145.305 Y58.741 E2.11091
G1 X145.346 Y58.73 E2.11271
;WIDTH:0.45
G1 X145.48 Y59.097 E2.1315
G1 X146.731 Y57.847 E2.21656
G1 X147.276 Y57.847 E2.24277
G1 X145.48 Y59.643 E2.36493
G1 X145.48 Y60.188 E2.39114
G1 X147.822 Y57.847 E2.55041
G1 X148.367 Y57.847 E2.57662
G1 X145.48 Y60.733 E2.77296
G1 X145.48 Y61.279 E2.79922
G1 X148.912 Y57.847 E3.03266
G1 X149.458 Y57.847 E3.05892
G1 X145.48 Y61.824 E3.32946
G1 X145.39 Y62.426 E3.35874
;WIDTH:0.404381
G1 X145.349 Y62.437 E3.36054
G1 X145.33 Y62.366 E3.36366
G1 X145.401 Y62.385 E3.36678
;WIDTH:0.45
G1 X145.574 Y62.276 E3.37661
G1 X150.003 Y57.847 E3.67787
G1 X150.548 Y57.847 E3.70408
G1 X146.119 Y62.276 E4.00534
G1 X146.665 Y62.276 E4.0316
G1 X151.094 Y57.847 E4.33286
G1 X151.639 Y57.847 E4.35907
G1 X147.21 Y62.276 E4.66033
G1 X147.755 Y62.276 E4.68654
G1 X152.184 Y57.847 E4.9878
G1 X152.73 Y57.847 E5.01406
G1 X148.301 Y62.276 E5.31532
G1 X148.846 Y62.276 E5.34153
G1 X153.158 Y57.964 E5.63483
G1 X153.12 Y57.737 E5.6459
;WIDTH:0.404381
G1 X153.078 Y57.748 E5.64774
G1 X153.059 Y57.677 E5.65086
G1 X153.131 Y57.696 E5.65402
;WIDTH:0.45
G1 X153.438 Y58.23 E5.68365
G1 X149.391 Y62.276 E5.95889
G1 X149.937 Y62.276 E5.98515
G1 X153.718 Y58.495 E6.24233
G1 X153.998 Y58.76 E6.26087
G1 X150.482 Y62.276 E6.50002
G1 X151.027 Y62.276 E6.52623
G1 X154.278 Y59.026 E6.74732
G1 X154.558 Y59.291 E6.76586
G1 X151.573 Y62.276 E6.9689
G1 X152.118 Y62.276 E6.99511
G1 X154.838 Y59.556 E7.18012
G1 X155.118 Y59.822 E7.1987
G1 X152.663 Y62.276 E7.36565
G1 E5.36565 F2400
G92 E0
G1 X155.261 Y60.223 F7800
G1 E2 F2400
G1 F1200
G1 X153.209 Y62.276 E2.13961
G1 X158.432 Y62.276 E2.39082
G1 X158.44 Y62.248 E2.39222
G1 X156.368 Y60.969 E2.50933
G1 X155.398 Y60.087 E2.57239
G1 X155.405 Y60.625 E2.59827
G1 X155.778 Y60.979 E2.623
G1 X156.166 Y61.297 E2.64713
G1 X157.127 Y61.89 E2.70144
G1 X154.14 Y61.89 E2.8451
G1 X155.269 Y60.761 E2.92189
G1 X155.412 Y61.128 E2.94083
;WIDTH:0.399734
G1 X155.872 Y61.53 E2.96638
G1 X155.01 Y61.53 E3.00243
G1 X155.275 Y61.264 E3.01813
G1 E1.01813 F2400
G92 E0
G1 X179.658 Y62.565 F7800
G1 E2 F2400
;TYPE:Perimeter
;WIDTH:0.45
G1 F1200
G1 X179.635 Y62.565 E2.00111
G1 X182.709 Y60.668 E2.17484
G1 X185.991 Y57.558 E2.39231
G1 X193.949 Y57.558 E2.77506
G1 X193.949 Y62.565 E3.01588
G1 X179.718 Y62.565 E3.70034
G1 X178.133 Y62.951 F7800
G1 F1200
G1 X178.517 Y62.802 E3.72015
G1 X182.472 Y60.361 E3.94369
G1 X185.837 Y57.172 E4.16667
G1 X194.334 Y57.172 E4.57535
G1 X194.334 Y62.951 E4.8533
G1 X178.193 Y62.951 E5.62963
G1 E3.62963 F2400
G92 E0
G1 X175.866 Y63.336 F7800
G1 E2 F2400
;TYPE:External perimeter
G1 F1500
G1 X178.297 Y62.485 E2.12388
G1 X182.236 Y60.053 E2.34653
G1 X185.584 Y56.881 E2.56835
;TYPE:Overhang perimeter
;WIDTH:0.4
;HEIGHT:0.4
M106 S255
G1 X185.684 Y56.786 E2.57556
G1 X194.72 Y56.786 E3.04764
G1 X194.72 Y56.881 E3.0526
M107
;TYPE:External perimeter
;WIDTH:0.45
;HEIGHT:0.3
G1 X194.72 Y63.336 E3.36306
G1 X175.926 Y63.336 E4.26699
G1 X176.295 Y63.183 F7800
G1 E2.26699 F2400
G92 E0
G1 X186.074 Y57.766 F7800
G1 E2 F2400
;TYPE:Solid infill
;WIDTH:0.404381
G1 F1200
G1 X183.004 Y60.754 E2.18167
;WIDTH:0.45
G1 X182.732 Y60.994 E2.19912
G1 X181.765 Y61.96 E2.26486
G1 X181.446 Y61.763 E2.28289
;WIDTH:0.409015
G1 X181.371 Y61.838 E2.28745
G1 X181.341 Y62.042 E2.29631
G1 X181.543 Y62.296 E2.31026
G1 X180.722 Y62.296 E2.34555
G1 X180.676 Y62.239 E2.3487
G1 X181.282 Y61.865 E2.37931
G1 X181.995 Y62.276 F7800
;WIDTH:0.45
G1 F1200
G1 X186.424 Y57.847 E2.68057
G1 X186.969 Y57.847 E2.70678
G1 X182.54 Y62.276 E3.00804
G1 X183.086 Y62.276 E3.0343
G1 X187.515 Y57.847 E3.33556
G1 X188.06 Y57.847 E3.36177
G1 X183.631 Y62.276 E3.66303
G1 X184.176 Y62.276 E3.68924
G1 X188.605 Y57.847 E3.9905
G1 X189.151 Y57.847 E4.01676
G1 X184.722 Y62.276 E4.31802
G1 X185.267 Y62.276 E4.34423
G1 X189.696 Y57.847 E4.64549
G1 X190.241 Y57.847 E4.6717
G1 X185.812 Y62.276 E4.97296
G1 X186.358 Y62.276 E4.99922
G1 X190.787 Y57.847 E5.30048
G1 X191.332 Y57.847 E5.32669
G1 X186.903 Y62.276 E5.62795
G1 X187.448 Y62.276 E5.65416
G1 X191.877 Y57.847 E5.95542
G1 X192.423 Y57.847 E5.98168
G1 X187.994 Y62.276 E6.28294
G1 X188.539 Y62.276 E6.30915
G1 X192.968 Y57.847 E6.61041
G1 X193.802 Y57.735 F7800
;WIDTH:0.404381
G1 F1200
G1 X193.731 Y57.716 E6.61353
G1 X193.75 Y57.787 E6.61665
G1 X193.791 Y57.776 E6.61845
;WIDTH:0.45
G1 X193.514 Y57.847 E6.6322
G1 X189.084 Y62.276 E6.93349
G1 X189.63 Y62.276 E6.95975
G1 X193.66 Y58.246 E7.23387
G1 X193.66 Y58.791 E7.26008
G1 X190.175 Y62.276 E7.49713
G1 X190.72 Y62.276 E7.52334
G1 X193.66 Y59.337 E7.72328
G1 X193.66 Y59.882 E7.74949
G1 X191.266 Y62.276 E7.91233
G1 X191.811 Y62.276 E7.93854
G1 X193.66 Y60.427 E8.06431
G1 X193.854 Y60.31 E8.07521
;WIDTH:0.404381
G1 X193.813 Y60.321 E8.07701
G1 X193.794 Y60.249 E8.08017
G1 X193.865 Y60.268 E8.08329
;WIDTH:0.45
G1 X193.66 Y60.973 E8.1186
G1 X193.66 Y62.276 E8.18127
G1 X192.357 Y62.276 E8.24394
G1 X193.523 Y61.109 E8.32328
G1 E6.32328 F2400
G92 E0
G1 X170.264 Y154.602 F7800
G1 E2 F2400
;TYPE:Perimeter
G1 F1500
G1 X170.188 Y154.725 E2.00695
G1 X170.128 Y155.155 E2.02783
G1 X170.261 Y155.567 E2.04865
G1 X170.435 Y155.857 E2.06492
G1 X168.705 Y155.857 E2.14813
G1 X168.879 Y155.567 E2.1644
G1 X169.006 Y155.207 E2.18276
G1 X168.952 Y154.725 E2.20609
G1 X168.765 Y154.421 E2.22326
G1 X168.458 Y154.196 E2.24157
G1 X168.052 Y154.107 E2.26156
G1 X145.191 Y154.107 E3.36109
G1 X145.191 Y152.599 E3.43362
G1 X193.949 Y152.599 E5.77871
G1 X193.949 Y154.107 E5.85124
G1 X171.088 Y154.107 E6.95077
G1 X170.682 Y154.196 E6.97076
G1 X170.375 Y154.421 E6.98907
G1 X170.295 Y154.551 E6.99641
G1 X170.594 Y154.789 F7800
G1 F1500
G1 X170.548 Y154.863 E7.0006
G1 X170.512 Y155.121 E7.01313
G1 X170.592 Y155.368 E7.02562
G1 X171.117 Y156.242 E7.07466
G1 X168.023 Y156.242 E7.22347
G1 X168.548 Y155.368 E7.27251
G1 X168.624 Y155.152 E7.28352
G1 X168.592 Y154.863 E7.2975
G1 X168.48 Y154.681 E7.30778
G1 X168.296 Y154.546 E7.31876
G1 X168.052 Y154.492 E7.33078
G1 X144.806 Y154.492 E8.44883
G1 X144.806 Y152.213 E8.55844
G1 X194.334 Y152.213 E10.94056
G1 X194.334 Y154.492 E11.05017
G1 X171.088 Y154.492 E12.16822
G1 X170.844 Y154.546 E12.18024
G1 X170.66 Y154.681 E12.19122
G1 X170.625 Y154.738 E12.19444
G1 X170.932 Y154.976 F7800
;TYPE:External perimeter
G1 F1500
G1 X170.908 Y155.001 E12.19611
G1 X170.923 Y155.17 E12.20427
G1 X171.798 Y156.628 E12.28605
G1 X167.342 Y156.628 E12.50037
G1 X168.249 Y155.117 E12.58513
G1 X168.194 Y154.941 E12.594
G1 X168.052 Y154.878 E12.60147
G1 X144.42 Y154.878 E13.73809
G1 X144.42 Y151.828 E13.88478
G1 X194.72 Y151.828 E16.30404
G1 X194.72 Y154.878 E16.45073
G1 X171.024 Y154.878 E17.59043
G1 X170.973 Y154.932 E17.594
G1 X171.023 Y155.329 F7800
G1 X171.092 Y153.817
;TYPE:Solid infill
G1 F1200
G1 X170.603 Y153.92 E17.61804
G1 X170.191 Y154.203 E17.64208
G1 X169.937 Y154.588 E17.66426
;WIDTH:0.491604
G1 X169.869 Y154.859 E17.67915
;WIDTH:0.533209
G1 X169.802 Y155.13 E17.69547
;WIDTH:0.543464
G1 X169.899 Y155.521 E17.71954
G1 X169.248 Y155.521 E17.75844
G1 X169.338 Y155.183 E17.77934
;WIDTH:0.530417
G1 X169.284 Y154.923 E17.79478
;WIDTH:0.490208
G1 X169.23 Y154.662 E17.80894
;WIDTH:0.45
G1 X168.978 Y154.228 E17.83308
G1 X168.54 Y153.923 E17.85875
G1 X168.041 Y153.817 E17.88329
G1 X145.48 Y153.817 E18.9684
G1 X145.48 Y152.888 E19.01308
G1 X193.66 Y152.888 E21.33037
G1 X193.66 Y153.817 E21.37505
G1 X171.285 Y153.817 E22.45121
G1 X169.624 Y153.675 F7800
;WIDTH:0.509649
G1 F1200
G1 X169.584 Y153.635 E22.45435
G1 X169.531 Y153.65 E22.45741
G1 X169.516 Y153.704 E22.46052
G1 X169.556 Y153.743 E22.46362
G1 X169.609 Y153.729 E22.46666
G1 X168.185 Y153.361 F7800
;WIDTH:0.623545
G1 F1200
G1 X168.041 Y153.353 E22.47672
;WIDTH:0.607881
G1 X145.945 Y153.353 E23.97457
G1 E21.97457 F2400
G92 E0
G1 X170.762 Y153.33 F7800
G1 E2 F2400
;WIDTH:0.548958
G1 F1200
G1 X170.627 Y153.302 E2.00833
;WIDTH:0.499479
G1 X170.491 Y153.274 E2.01587
;WIDTH:0.45
G1 X168.653 Y153.274 E2.10427
;WIDTH:0.493386
G1 X168.536 Y153.295 E2.11063
;WIDTH:0.536772
G1 X168.419 Y153.317 E2.11764
;WIDTH:0.580158
G1 X168.302 Y153.339 E2.1253
;WIDTH:0.623545
G1 X168.185 Y153.361 E2.1336
G1 X168.349 Y153.432 E2.14606
;WIDTH:0.580158
G1 X168.513 Y153.503 E2.15756
;WIDTH:0.536772
G1 X168.677 Y153.574 E2.16809
;WIDTH:0.493386
G1 X168.841 Y153.645 E2.17765
;WIDTH:0.45
G1 X169.263 Y153.969 E2.20324
G1 X169.531 Y154.386 E2.22708
G1 X169.57 Y154.492 E2.23251
G1 X169.813 Y154.055 E2.25656
G1 X169.963 Y153.892 E2.26721
G1 X170.302 Y153.642 E2.28747
;WIDTH:0.488956
G1 X170.465 Y153.574 E2.29682
;WIDTH:0.527912
G1 X170.627 Y153.506 E2.30698
;WIDTH:0.566868
G1 X170.789 Y153.437 E2.31802
;WIDTH:0.605824
G1 X170.951 Y153.369 E2.32988
;WIDTH:0.617845
G1 X171.092 Y153.353 E2.33968
;WIDTH:0.607879
G1 X193.195 Y153.353 E3.838
G1 E1.838 F2400
G92 E0
G1 X104.752 Y140.584 F7800
G1 E2 F2400
;TYPE:Perimeter
;WIDTH:0.45
G1 F1500
G1 X108.01 Y140.584 E2.1567
G1 X108.01 Y163.966 E3.28129
G1 X104.752 Y163.966 E3.43799
G1 X104.752 Y140.644 E4.5597
G1 X104.366 Y140.198 F7800
G1 F1500
G1 X108.395 Y140.198 E4.75348
G1 X108.395 Y164.352 E5.9152
G1 X104.366 Y164.352 E6.10898
G1 X104.366 Y140.258 E7.26782
G1 X103.981 Y139.813 F7800
;TYPE:External perimeter
G1 F1500
G1 X108.781 Y139.813 E7.49868
G1 X108.781 Y164.738 E8.69749
G1 X103.981 Y164.738 E8.92835
G1 X103.981 Y139.873 E10.12427
G1 X104.376 Y139.813 F7800
G1 E8.12427 F2400
G92 E0
G1 X107.687 Y140.907 F7800
G1 E2 F2400
;TYPE:Solid infill
;WIDTH:0.517505
G1 F1200
G1 X107.687 Y163.643 E3.28495
G1 X106.76 Y163.853 F7800
;TYPE:Top solid infill
;WIDTH:0.402239
G1 F900
G1 X107.292 Y163.321 E3.31665
G1 X107.292 Y162.843 E3.33679
G1 X106.433 Y163.702 E3.38798
G1 X105.955 Y163.702 E3.40812
G1 X107.292 Y162.365 E3.4878
G1 X107.292 Y161.888 E3.5079
G1 X105.478 Y163.702 E3.616
G1 X105.016 Y163.702 E3.63547
G1 X105.016 Y163.686 E3.63614
G1 X107.292 Y161.41 E3.77178
G1 X107.292 Y160.932 E3.79192
G1 X105.016 Y163.208 E3.92756
G1 X105.016 Y162.73 E3.9477
G1 X107.292 Y160.454 E4.08334
G1 X107.292 Y159.976 E4.10348
G1 X105.016 Y162.252 E4.23912
G1 X105.016 Y161.775 E4.25922
G1 X107.292 Y159.499 E4.39486
G1 X107.292 Y159.021 E4.415
G1 X105.016 Y161.297 E4.55064
G1 X105.016 Y160.819 E4.57078
G1 X107.292 Y158.543 E4.70642
G1 X107.292 Y158.065 E4.72656
G1 X105.016 Y160.341 E4.8622
G1 X105.016 Y159.863 E4.88234
G1 X107.292 Y157.587 E5.01798
G1 X107.292 Y157.11 E5.03808
G1 X105.016 Y159.386 E5.17372
G1 X105.016 Y158.908 E5.19386
G1 X107.292 Y156.632 E5.3295
G1 X107.292 Y156.154 E5.34964
G1 X105.016 Y158.43 E5.48528
G1 X105.016 Y157.952 E5.50542
G1 X107.292 Y155.676 E5.64106
G1 X107.292 Y155.198 E5.6612
G1 X105.016 Y157.474 E5.79684
G1 X105.016 Y156.997 E5.81694
G1 X107.292 Y154.721 E5.95258
G1 X107.292 Y154.243 E5.97272
G1 X105.016 Y156.519 E6.10836
G1 X105.016 Y156.041 E6.1285
G1 X107.292 Y153.765 E6.26414
G1 X107.292 Y153.287 E6.28428
G1 X105.016 Y155.563 E6.41992
G1 X105.016 Y155.085 E6.44006
G1 X107.292 Y152.809 E6.5757
G1 X107.292 Y152.332 E6.5958
G1 X105.016 Y154.608 E6.73144
G1 X105.016 Y154.13 E6.75158
G1 X107.292 Y151.854 E6.88722
G1 X107.292 Y151.376 E6.90736
G1 X105.016 Y153.652 E7.043
G1 X105.016 Y153.174 E7.06314
G1 X107.292 Y150.898 E7.19878
G1 X107.292 Y150.42 E7.21892
G1 X105.016 Y152.696 E7.35456
G1 X105.016 Y152.219 E7.37466
G1 X107.292 Y149.943 E7.5103
G1 X107.292 Y149.465 E7.53044
G1 X105.016 Y151.741 E7.66608
G1 X105.016 Y151.263 E7.68622
G1 X107.292 Y148.987 E7.82186
G1 X107.292 Y148.509 E7.842
G1 X105.016 Y150.785 E7.97764
G1 X105.016 Y150.307 E7.99778
G1 X107.292 Y148.031 E8.13342
G1 X107.292 Y147.554 E8.15352
G1 X105.016 Y149.83 E8.28916
G1 X105.016 Y149.352 E8.3093
G1 X107.292 Y147.076 E8.44494
G1 X107.292 Y146.598 E8.46508
G1 X105.016 Y148.874 E8.60072
G1 X105.016 Y148.396 E8.62086
G1 X107.292 Y146.12 E8.7565
G1 X107.292 Y145.642 E8.77664
G1 X105.016 Y147.918 E8.91228
G1 X105.016 Y147.441 E8.93238
G1 X107.292 Y145.165 E9.06802
G1 X107.292 Y144.687 E9.08816
G1 X105.016 Y146.963 E9.2238
G1 X105.016 Y146.485 E9.24394
G1 X107.292 Y144.209 E9.37958
G1 X107.292 Y143.731 E9.39972
G1 X105.016 Y146.007 E9.53536
G1 X105.016 Y145.529 E9.5555
G1 X107.292 Y143.253 E9.69114
G1 X107.292 Y142.775 E9.71128
G1 X105.016 Y145.051 E9.84692
G1 X105.016 Y144.574 E9.86702
G1 X107.292 Y142.298 E10.00266
G1 X107.292 Y141.82 E10.0228
G1 X105.016 Y144.096 E10.15844
G1 X105.016 Y143.618 E10.17858
G1 X107.292 Y141.342 E10.31422
G1 X107.292 Y140.864 E10.33436
G1 X105.016 Y143.14 E10.47
G1 X105.016 Y142.662 E10.49014
G1 X106.831 Y140.848 E10.59827
G1 X106.353 Y140.848 E10.61841
G1 X105.016 Y142.185 E10.69809
G1 X105.016 Y141.707 E10.71823
G1 X105.875 Y140.848 E10.76942
G1 X105.397 Y140.848 E10.78956
G1 X104.865 Y141.38 E10.82126
G1 E8.82126 F2400
G92 E0
G1 X59.309 Y140.584 F7800
G1 E2 F2400
;TYPE:Perimeter
;WIDTH:0.45
G1 F1500
G1 X59.309 Y163.966 E3.12459
G1 X56.051 Y163.966 E3.28129
G1 X56.051 Y140.584 E4.40588
G1 X59.249 Y140.584 E4.55969
G1 X59.694 Y140.198 F7800
G1 F1500
G1 X59.694 Y164.352 E5.72141
G1 X55.666 Y164.352 E5.91514
G1 X55.666 Y140.198 E7.07686
G1 X59.634 Y140.198 E7.26771
G1 X60.08 Y139.813 F7800
;TYPE:External perimeter
G1 F1500
G1 X60.08 Y164.738 E8.46652
G1 X55.28 Y164.738 E8.69738
G1 X55.28 Y139.813 E9.89619
G1 X60.02 Y139.813 E10.12417
G1 X60.079 Y140.208 F7800
G1 X58.986 Y140.907
;TYPE:Solid infill
;WIDTH:0.517501
G1 F1200
G1 X58.986 Y163.643 E11.40911
G1 X58.059 Y163.853 F7800
;TYPE:Top solid infill
;WIDTH:0.402239
G1 F900
G1 X58.591 Y163.321 E11.44081
G1 X58.591 Y162.843 E11.46095
G1 X57.732 Y163.702 E11.51214
G1 X57.255 Y163.702 E11.53224
G1 X58.591 Y162.365 E11.61189
G1 X58.591 Y161.888 E11.63199
G1 X56.777 Y163.702 E11.74009
G1 X56.315 Y163.702 E11.75956
G1 X56.315 Y163.686 E11.76023
G1 X58.591 Y161.41 E11.89587
G1 X58.591 Y160.932 E11.91601
G1 X56.315 Y163.208 E12.05165
G1 X56.315 Y162.73 E12.07179
G1 X58.591 Y160.454 E12.20743
G1 X58.591 Y159.976 E12.22757
G1 X56.315 Y162.252 E12.36321
G1 X56.315 Y161.775 E12.38331
G1 X58.591 Y159.499 E12.51895
G1 X58.591 Y159.021 E12.53909
G1 X56.315 Y161.297 E12.67473
G1 X56.315 Y160.819 E12.69487
G1 X58.591 Y158.543 E12.83051
G1 X58.591 Y158.065 E12.85065
G1 X56.315 Y160.341 E12.98629
G1 X56.315 Y159.863 E13.00643
G1 X58.591 Y157.587 E13.14207
G1 X58.591 Y157.11 E13.16217
G1 X56.315 Y159.386 E13.29781
G1 X56.315 Y158.908 E13.31795
G1 X58.591 Y156.632 E13.45359
G1 X58.591 Y156.154 E13.47373
G1 X56.315 Y158.43 E13.60937
G1 X56.315 Y157.952 E13.62951
G1 X58.591 Y155.676 E13.76515
G1 X58.591 Y155.198 E13.78529
G1 X56.315 Y157.474 E13.92093
G1 X56.315 Y156.997 E13.94103
G1 X58.591 Y154.721 E14.07667
G1 X58.591 Y154.243 E14.09681
G1 X56.315 Y156.519 E14.23245
G1 X56.315 Y156.041 E14.25259
G1 X58.591 Y153.765 E14.38823
G1 X58.591 Y153.287 E14.40837
G1 X56.315 Y155.563 E14.54401
G1 X56.315 Y155.085 E14.56415
G1 X58.591 Y152.809 E14.69979
G1 X58.591 Y152.332 E14.71989
G1 X56.315 Y154.608 E14.85553
G1 X56.315 Y154.13 E14.87567
G1 X58.591 Y151.854 E15.01131
G1 X58.591 Y151.376 E15.03145
G1 X56.315 Y153.652 E15.16709
G1 X56.315 Y153.174 E15.18723
G1 X58.591 Y150.898 E15.32287
G1 X58.591 Y150.42 E15.34301
G1 X56.315 Y152.696 E15.47865
G1 X56.315 Y152.219 E15.49875
G1 X58.591 Y149.943 E15.63439
G1 X58.591 Y149.465 E15.65453
G1 X56.315 Y151.741 E15.79017
G1 X56.315 Y151.263 E15.81031
G1 X58.591 Y148.987 E15.94595
G1 X58.591 Y148.509 E15.96609
G1 X56.315 Y150.785 E16.10173
G1 X56.315 Y150.307 E16.12187
G1 X58.591 Y148.031 E16.25751
G1 X58.591 Y147.554 E16.27761
G1 X56.315 Y149.83 E16.41325
G1 X56.315 Y149.352 E16.43339
G1 X58.591 Y147.076 E16.56903
G1 X58.591 Y146.598 E16.58917
G1 X56.315 Y148.874 E16.72481
G1 X56.315 Y148.396 E16.74495
G1 X58.591 Y146.12 E16.88059
G1 X58.591 Y145.642 E16.90073
G1 X56.315 Y147.918 E17.03637
G1 X56.315 Y147.441 E17.05647
G1 X58.591 Y145.165 E17.19211
G1 X58.591 Y144.687 E17.21225
G1 X56.315 Y146.963 E17.34789
G1 X56.315 Y146.485 E17.36803
G1 X58.591 Y144.209 E17.50367
G1 X58.591 Y143.731 E17.52381
G1 X56.315 Y146.007 E17.65945
G1 X56.315 Y145.529 E17.67959
G1 X58.591 Y143.253 E17.81523
G1 X58.591 Y142.775 E17.83537
G1 X56.315 Y145.052 E17.97104
G1 X56.315 Y144.574 E17.99118
G1 X58.591 Y142.298 E18.12682
G1 X58.591 Y141.82 E18.14696
G1 X56.315 Y144.096 E18.2826
G1 X56.315 Y143.618 E18.30274
G1 X58.591 Y141.342 E18.43838
G1 X58.591 Y140.864 E18.45852
G1 X56.315 Y143.14 E18.59416
G1 X56.315 Y142.662 E18.6143
G1 X58.13 Y140.848 E18.72243
G1 X57.652 Y140.848 E18.74257
G1 X56.315 Y142.185 E18.82225
G1 X56.315 Y141.707 E18.84239
G1 X57.174 Y140.848 E18.89358
G1 X56.696 Y140.848 E18.91372
G1 X56.164 Y141.38 E18.94542
;LAYER_CHANGE
;Z:4.55
;HEIGHT:0.3
G1 E16.94542 F2400
G92 E0
G1 Z4.55 F7800
;AFTER_LAYER_CHANGE
;4.55
G1 X55.763 Y135.879
G1 E2 F2400
;TYPE:Perimeter
;WIDTH:0.645427
G1 F1500
G1 X55.763 Y60.294 E7.47774
G1 X56.247 Y59.81 F7800
;TYPE:External perimeter
;WIDTH:0.45
G1 F1500
G1 X56.247 Y136.363 E11.15967
G1 X55.28 Y136.363 E11.20618
G1 X55.28 Y59.81 E14.88811
G1 X56.187 Y59.81 E14.93173
G1 X56.246 Y60.206 F7800
G1 E12.93173 F2400
G92 E0
G1 X55.763 Y164.254 F7800
G1 E2 F2400
;TYPE:Perimeter
;WIDTH:0.645429
G1 F1200
G1 X55.763 Y140.296 E3.73627
G1 X56.247 Y139.813 F7800
;TYPE:External perimeter
;WIDTH:0.45
G1 F1500
G1 X56.247 Y164.738 E4.93508
G1 X55.28 Y164.738 E4.98159
G1 X55.28 Y139.813 E6.1804
G1 X56.187 Y139.813 E6.22402
G1 X56.246 Y140.208 F7800
G1 E4.22402 F2400
G92 E0
G1 X59.309 Y140.584 F7800
G1 E2 F2400
;TYPE:Perimeter
G1 F1500
G1 X59.309 Y163.966 E3.12459
G1 X57.801 Y163.966 E3.19712
G1 X57.801 Y140.584 E4.32171
G1 X59.249 Y140.584 E4.39135
G1 X59.694 Y140.198 F7800
G1 F1500
G1 X59.694 Y164.352 E5.55307
G1 X57.416 Y164.352 E5.66263
G1 X57.416 Y140.198 E6.82435
G1 X59.634 Y140.198 E6.93103
G1 X60.08 Y139.813 F7800
;TYPE:External perimeter
G1 F1500
G1 X60.08 Y164.738 E8.12984
G1 X57.03 Y164.738 E8.27653
G1 X57.03 Y139.813 E9.47534
G1 X60.02 Y139.813 E9.61915
G1 X60.079 Y140.208 F7800
G1 E7.61915 F2400
G92 E0
G1 X58.09 Y141.066 F7800
G1 E2 F2400
;TYPE:Solid infill
G1 F1200
G1 X58.09 Y163.677 E3.08751
G1 X59.02 Y163.677 E3.13224
G1 X59.02 Y140.873 E4.22903
G1 X58.09 Y140.873 E4.27376
G1 X58.555 Y141.338 E4.30539
;WIDTH:0.607879
G1 X58.555 Y163.213 E5.78825
G1 E3.78825 F2400
G92 E0
G1 X104.464 Y164.254 F7800
G1 E2 F2400
;TYPE:Perimeter
;WIDTH:0.645427
G1 F1200
G1 X104.464 Y140.296 E3.73627
G1 X103.981 Y139.813 F7800
;TYPE:External perimeter
;WIDTH:0.45
G1 F1500
G1 X104.947 Y139.813 E3.78273
G1 X104.947 Y164.738 E4.98154
G1 X103.981 Y164.738 E5.028
G1 X103.981 Y139.873 E6.22392
G1 X104.376 Y139.813 F7800
G1 E4.22392 F2400
G92 E0
G1 X106.502 Y140.584 F7800
G1 E2 F2400
;TYPE:Perimeter
G1 F1500
G1 X108.01 Y140.584 E2.07253
G1 X108.01 Y163.966 E3.19712
G1 X106.502 Y163.966 E3.26965
G1 X106.502 Y140.644 E4.39136
G1 X106.116 Y140.198 F7800
G1 F1500
G1 X108.395 Y140.198 E4.50097
G1 X108.395 Y164.352 E5.66269
G1 X106.116 Y164.352 E5.7723
G1 X106.116 Y140.258 E6.93114
G1 X105.731 Y139.813 F7800
;TYPE:External perimeter
G1 F1500
G1 X108.781 Y139.813 E7.07783
G1 X108.781 Y164.738 E8.27664
G1 X105.731 Y164.738 E8.42333
G1 X105.731 Y139.873 E9.61925
G1 X106.126 Y139.813 F7800
G1 E7.61925 F2400
G92 E0
G1 X106.791 Y163.677 F7800
G1 E2 F2400
;TYPE:Solid infill
G1 F1200
G1 X106.791 Y140.873 E3.09679
G1 X107.72 Y140.873 E3.14147
G1 X107.72 Y163.677 E4.23826
G1 X106.984 Y163.677 E4.27366
G1 X107.256 Y163.213 E4.29953
;WIDTH:0.607882
G1 X107.256 Y141.338 E5.7824
G1 E3.7824 F2400
G92 E0
G1 X170.264 Y154.602 F7800
G1 E2 F2400
;TYPE:Perimeter
;WIDTH:0.45
G1 F1500
G1 X170.188 Y154.725 E2.00695
G1 X170.128 Y155.155 E2.02783
G1 X170.261 Y155.567 E2.04865
G1 X170.435 Y155.857 E2.06492
G1 X168.705 Y155.857 E2.14813
G1 X168.879 Y155.567 E2.1644
G1 X169.006 Y155.207 E2.18276
G1 X168.952 Y154.725 E2.20609
G1 X168.765 Y154.421 E2.22326
G1 X168.458 Y154.196 E2.24157
G1 X168.052 Y154.107 E2.26156
G1 X145.191 Y154.107 E3.36109
G1 X145.191 Y152.599 E3.43362
G1 X193.949 Y152.599 E5.77871
G1 X193.949 Y154.107 E5.85124
G1 X171.088 Y154.107 E6.95077
G1 X170.682 Y154.196 E6.97076
G1 X170.375 Y154.421 E6.98907
G1 X170.295 Y154.551 E6.99641
G1 X170.594 Y154.789 F7800
G1 F1500
G1 X170.548 Y154.863 E7.0006
G1 X170.512 Y155.121 E7.01313
G1 X170.592 Y155.368 E7.02562
G1 X171.117 Y156.242 E7.07466
G1 X168.023 Y156.242 E7.22347
G1 X168.548 Y155.368 E7.27251
G1 X168.624 Y155.152 E7.28352
G1 X168.592 Y154.863 E7.2975
G1 X168.48 Y154.681 E7.30778
G1 X168.296 Y154.546 E7.31876
G1 X168.052 Y154.492 E7.33078
G1 X144.806 Y154.492 E8.44883
G1 X144.806 Y152.213 E8.55844
G1 X194.334 Y152.213 E10.94056
G1 X194.334 Y154.492 E11.05017
G1 X171.088 Y154.492 E12.16822
G1 X170.844 Y154.546 E12.18024
G1 X170.66 Y154.681 E12.19122
G1 X170.625 Y154.738 E12.19444
G1 X170.932 Y154.976 F7800
;TYPE:External perimeter
G1 F1500
G1 X170.908 Y155.001 E12.19611
G1 X170.923 Y155.17 E12.20427
G1 X171.798 Y156.628 E12.28605
G1 X167.342 Y156.628 E12.50037
G1 X168.249 Y155.117 E12.58513
G1 X168.194 Y154.941 E12.594
G1 X168.052 Y154.878 E12.60147
G1 X144.42 Y154.878 E13.73809
G1 X144.42 Y151.828 E13.88478
G1 X194.72 Y151.828 E16.30404
G1 X194.72 Y154.878 E16.45073
G1 X171.024 Y154.878 E17.59043
G1 X170.973 Y154.932 E17.594
G1 X171.023 Y155.329 F7800
G1 E15.594 F2400
G92 E0
G1 X145.48 Y153.817 F7800
G1 E2 F2400
;TYPE:Solid infill
G1 F1200
G1 X145.48 Y152.888 E2.04468
G1 X193.66 Y152.888 E4.36197
G1 X193.66 Y153.817 E4.40665
G1 X171.092 Y153.817 E5.49209
G1 X170.603 Y153.92 E5.51613
G1 X170.191 Y154.203 E5.54017
G1 X169.937 Y154.588 E5.56235
;WIDTH:0.491604
G1 X169.869 Y154.859 E5.57724
;WIDTH:0.533209
G1 X169.802 Y155.13 E5.59356
;WIDTH:0.543464
G1 X169.899 Y155.521 E5.61763
G1 X169.248 Y155.521 E5.65653
G1 X169.338 Y155.183 E5.67743
;WIDTH:0.530417
G1 X169.284 Y154.923 E5.69287
;WIDTH:0.490208
G1 X169.23 Y154.662 E5.70703
;WIDTH:0.45
G1 X168.978 Y154.228 E5.73117
G1 X168.54 Y153.923 E5.75684
G1 X168.041 Y153.817 E5.78138
G1 X145.673 Y153.817 E6.8572
G1 X145.945 Y153.353 E6.88307
;WIDTH:0.607882
G1 X168.041 Y153.353 E8.38093
;WIDTH:0.623543
G1 X168.185 Y153.361 E8.39099
G1 X169.556 Y153.635 F7800
;WIDTH:0.509649
G1 F1200
G1 X169.516 Y153.675 E8.39413
G1 X169.531 Y153.729 E8.39724
G1 X169.584 Y153.743 E8.40028
G1 X169.624 Y153.704 E8.40338
G1 X169.609 Y153.65 E8.40649
G1 X170.762 Y153.33 F7800
;WIDTH:0.548958
G1 F1200
G1 X170.627 Y153.302 E8.41482
;WIDTH:0.499479
G1 X170.491 Y153.274 E8.42236
;WIDTH:0.45
G1 X168.653 Y153.274 E8.51076
;WIDTH:0.493385
G1 X168.536 Y153.295 E8.51712
;WIDTH:0.536771
G1 X168.419 Y153.317 E8.52413
;WIDTH:0.580157
G1 X168.302 Y153.339 E8.53179
;WIDTH:0.623543
G1 X168.185 Y153.361 E8.54009
G1 X168.349 Y153.432 E8.55255
;WIDTH:0.580157
G1 X168.513 Y153.503 E8.56405
;WIDTH:0.536771
G1 X168.677 Y153.574 E8.57458
;WIDTH:0.493385
G1 X168.841 Y153.645 E8.58414
;WIDTH:0.45
G1 X169.263 Y153.969 E8.60973
G1 X169.531 Y154.386 E8.63357
G1 X169.57 Y154.492 E8.639
G1 X169.813 Y154.055 E8.66305
G1 X169.963 Y153.892 E8.6737
G1 X170.302 Y153.642 E8.69396
;WIDTH:0.488956
G1 X170.465 Y153.574 E8.70331
;WIDTH:0.527912
G1 X170.627 Y153.506 E8.71347
;WIDTH:0.566868
G1 X170.789 Y153.437 E8.72451
;WIDTH:0.605824
G1 X170.951 Y153.369 E8.73637
;WIDTH:0.617845
G1 X171.092 Y153.353 E8.74617
;WIDTH:0.607879
G1 X193.195 Y153.353 E10.24449
G1 E8.24449 F2400
G92 E0
G1 X180.812 Y62.045 F7800
G1 E2 F2400
;TYPE:Perimeter
;WIDTH:0.45
G1 F1200
G1 X180.758 Y62.045 E2.0026
G1 X182.709 Y60.841 E2.11287
G1 X186.203 Y57.53 E2.34439
G1 X186.575 Y57.038 E2.37406
G1 X193.949 Y57.038 E2.72872
G1 X193.949 Y62.045 E2.96954
G1 X180.872 Y62.045 E3.5985
G1 X179.421 Y62.431 F7800
G1 F1200
G1 X179.399 Y62.431 E3.59956
G1 X182.472 Y60.534 E3.77325
G1 X185.978 Y57.211 E4.00558
G1 X186.376 Y56.652 E4.03858
G1 X194.334 Y56.652 E4.42133
G1 X194.334 Y62.431 E4.69928
G1 X179.481 Y62.431 E5.41366
G1 X177.843 Y62.817 F7800
;TYPE:External perimeter
G1 F1500
G1 X178.315 Y62.647 E5.43779
G1 X182.236 Y60.227 E5.6594
G1 X185.686 Y56.957 E5.88803
G1 X186.11 Y56.361 E5.92321
;TYPE:Overhang perimeter
;WIDTH:0.4
;HEIGHT:0.4
M106 S255
G1 X186.177 Y56.267 E5.92924
G1 X194.72 Y56.267 E6.37557
G1 X194.72 Y56.361 E6.38048
M107
;TYPE:External perimeter
;WIDTH:0.45
;HEIGHT:0.3
G1 X194.72 Y62.817 E6.69099
G1 X177.903 Y62.817 E7.49983
G1 X178.271 Y62.659 F7800
G1 E5.49983 F2400
G92 E0
G1 X181.83 Y61.756 F7800
G1 E2 F2400
;TYPE:Solid infill
G1 F1200
G1 X181.835 Y61.721 E2.0017
G1 X182.886 Y61.072 E2.06111
G1 X184.899 Y59.164 E2.19451
G1 X187.49 Y61.756 E2.37078
G1 X182.023 Y61.756 E2.63372
G1 X183.109 Y61.371 F7800
G1 F1200
G1 X183.249 Y61.259 E2.64234
G1 X184.891 Y59.703 E2.75114
G1 X186.56 Y61.371 E2.86463
G1 X183.302 Y61.371 E3.02133
G1 X184.247 Y60.926 F7800
;WIDTH:0.567933
G1 F1200
G1 X184.883 Y60.323 E3.07637
G1 X185.486 Y60.926 E3.12993
G1 X184.439 Y60.926 E3.19569
G1 E1.19569 F2400
G92 E0
G1 X185.179 Y58.899 F7800
G1 E2 F2400
;WIDTH:0.45
G1 F1200
G1 X188.173 Y61.88 E2.20321
;WIDTH:0.404381
G1 X188.154 Y61.951 E2.20633
G1 X188.225 Y61.932 E2.20945
G1 X188.214 Y61.891 E2.21125
;WIDTH:0.45
G1 X188.581 Y61.756 E2.23006
G1 X185.459 Y58.634 E2.44241
G1 X185.739 Y58.368 E2.46099
G1 X189.127 Y61.756 E2.69144
G1 X189.672 Y61.756 E2.71765
G1 X186.019 Y58.103 E2.96612
G1 X186.299 Y57.838 E2.98466
G1 X190.217 Y61.756 E3.25116
G1 X190.763 Y61.756 E3.27742
G1 X186.562 Y57.556 E3.56313
G1 X186.641 Y57.145 E3.58326
;WIDTH:0.404381
G1 X186.621 Y57.217 E3.58643
G1 X186.693 Y57.198 E3.58959
G1 X186.682 Y57.156 E3.59143
;WIDTH:0.45
G1 X186.879 Y57.327 E3.60398
G1 X191.308 Y61.756 E3.90524
G1 X191.853 Y61.756 E3.93145
G1 X187.424 Y57.327 E4.23271
G1 X187.97 Y57.327 E4.25897
G1 X192.399 Y61.756 E4.56023
G1 X192.944 Y61.756 E4.58644
G1 X188.515 Y57.327 E4.8877
G1 X189.06 Y57.327 E4.91391
G1 X193.489 Y61.756 E5.21517
G1 X193.784 Y61.82 E5.22969
;WIDTH:0.404381
G1 X193.795 Y61.861 E5.23149
G1 X193.723 Y61.88 E5.23465
G1 X193.742 Y61.809 E5.23777
;WIDTH:0.45
G1 X193.66 Y61.381 E5.25873
G1 X189.606 Y57.327 E5.53448
G1 X190.151 Y57.327 E5.56069
G1 X193.66 Y60.836 E5.79937
G1 X193.66 Y60.29 E5.82563
G1 X190.696 Y57.327 E6.0272
G1 X191.242 Y57.327 E6.05346
G1 X193.66 Y59.745 E6.21793
G1 X193.66 Y59.2 E6.24414
G1 X191.787 Y57.327 E6.37154
G1 X193.66 Y57.327 E6.46162
G1 X193.66 Y58.654 E6.52544
G1 X192.469 Y57.464 E6.60642
G1 X193.258 Y57.669 F7800
;WIDTH:0.456243
G1 F1200
G1 X193.236 Y57.751 E6.61057
G1 X193.318 Y57.729 E6.61472
G1 X193.305 Y57.681 E6.61715
G1 E4.61715 F2400
G92 E0
G1 X145.191 Y62.045 F7800
G1 E2 F2400
;TYPE:Perimeter
;WIDTH:0.45
G1 F1200
G1 X145.191 Y57.038 E2.24082
G1 X152.565 Y57.038 E2.59548
G1 X152.815 Y57.389 E2.61621
G1 X153.142 Y57.724 E2.63873
G1 X156.431 Y60.841 E2.85667
G1 X158.382 Y62.045 E2.96694
G1 X145.251 Y62.045 E3.5985
G1 X144.806 Y62.431 F7800
G1 F1200
G1 X144.806 Y56.652 E3.87645
G1 X152.764 Y56.652 E4.2592
G1 X153.129 Y57.165 E4.28948
G1 X153.407 Y57.444 E4.30842
G1 X156.668 Y60.534 E4.52449
G1 X159.741 Y62.431 E4.69818
G1 X144.866 Y62.431 E5.41362
G1 X144.42 Y62.817 F7800
;TYPE:External perimeter
G1 F1500
G1 X144.42 Y56.361 E5.72413
;TYPE:Overhang perimeter
;WIDTH:0.4
;HEIGHT:0.4
M106 S255
G1 X144.42 Y56.267 E5.72904
G1 X152.963 Y56.267 E6.17537
G1 X153.03 Y56.361 E6.1814
M107
;TYPE:External perimeter
;WIDTH:0.45
;HEIGHT:0.3
G1 X153.443 Y56.942 E6.21568
G1 X156.904 Y60.227 E6.44519
G1 X160.825 Y62.647 E6.6668
G1 X161.296 Y62.817 E6.69088
G1 X144.48 Y62.817 E7.49967
G1 X144.421 Y62.421 F7800
G1 X145.512 Y61.652
;TYPE:Solid infill
;WIDTH:0.543559
G1 F1200
G1 X145.469 Y61.694 E7.50326
G1 X145.485 Y61.752 E7.50686
G1 X145.543 Y61.767 E7.51044
G1 X145.585 Y61.725 E7.51399
G1 X145.57 Y61.667 E7.51757
G1 X146.382 Y61.873 F7800
;WIDTH:0.610299
G1 F1200
G1 X146.399 Y61.939 E7.52221
G1 X146.351 Y61.987 E7.52683
G1 X146.285 Y61.969 E7.53149
G1 X146.268 Y61.903 E7.53613
G1 X146.316 Y61.855 E7.54075
G1 X146.283 Y61.83 E7.54357
;WIDTH:0.570224
G1 X146.251 Y61.806 E7.54609
;WIDTH:0.530149
G1 X146.218 Y61.781 E7.5485
;WIDTH:0.490074
G1 X146.186 Y61.756 E7.55066
;WIDTH:0.45
G1 X145.48 Y61.051 E7.59865
G1 X145.346 Y60.873 E7.60937
;WIDTH:0.404381
G1 X145.357 Y60.914 E7.61117
G1 X145.286 Y60.933 E7.61429
G1 X145.305 Y60.862 E7.61741
;WIDTH:0.45
G1 X145.48 Y60.506 E7.63649
G1 X146.731 Y61.756 E7.72155
G1 X147.276 Y61.756 E7.74776
G1 X145.48 Y59.961 E7.86989
G1 X145.48 Y59.415 E7.89615
G1 X147.822 Y61.756 E8.05542
G1 X148.367 Y61.756 E8.08163
G1 X145.48 Y58.87 E8.27797
G1 X145.48 Y58.324 E8.30423
G1 X148.912 Y61.756 E8.53767
G1 X149.458 Y61.756 E8.56393
G1 X145.48 Y57.779 E8.83447
G1 X145.349 Y57.166 E8.86462
;WIDTH:0.404381
G1 X145.33 Y57.237 E8.86774
G1 X145.401 Y57.218 E8.87086
G1 X145.39 Y57.177 E8.87266
;WIDTH:0.45
G1 X145.574 Y57.327 E8.88408
G1 X150.003 Y61.756 E9.18534
G1 X150.548 Y61.756 E9.21155
G1 X146.119 Y57.327 E9.51281
G1 X146.665 Y57.327 E9.53907
G1 X151.094 Y61.756 E9.84033
G1 X151.639 Y61.756 E9.86654
G1 X147.21 Y57.327 E10.1678
G1 X147.755 Y57.327 E10.19401
G1 X152.184 Y61.756 E10.49527
G1 X152.73 Y61.756 E10.52153
G1 X148.301 Y57.327 E10.82279
G1 X148.846 Y57.327 E10.849
G1 X153.275 Y61.756 E11.15026
G1 X153.82 Y61.756 E11.17647
G1 X149.391 Y57.327 E11.47773
G1 X149.937 Y57.327 E11.50399
G1 X154.366 Y61.756 E11.80525
G1 X154.911 Y61.756 E11.83146
G1 X150.482 Y57.327 E12.13272
G1 X151.027 Y57.327 E12.15893
G1 X155.456 Y61.756 E12.46019
G1 X156.002 Y61.756 E12.48645
G1 X151.573 Y57.327 E12.78771
G1 X152.118 Y57.327 E12.81392
G1 X156.547 Y61.756 E13.11518
G1 X157.081 Y61.676 E13.14115
;WIDTH:0.610299
G1 X157.036 Y61.631 E13.14548
;WIDTH:0.579704
G1 X156.991 Y61.585 E13.14962
;WIDTH:0.549109
G1 X156.726 Y61.369 E13.17029
;WIDTH:0.500866
G1 X156.461 Y61.154 E13.18887
;WIDTH:0.452623
G1 X156.195 Y60.939 E13.20543
;WIDTH:0.404381
G1 X152.82 Y57.653 E13.40518
G1 X152.461 Y57.244 E13.42826
G1 E11.42826 F2400
G92 E0
G1 X140.487 Y45.746 F7800
G1 E2 F2400
;TYPE:Perimeter
;WIDTH:0.645429
G1 F1500
G1 X61.013 Y45.746 E7.7596
G1 E5.7596 F2400
G92 E0
G1 X140.97 Y46.229 F7800
G1 E2 F2400
;TYPE:External perimeter
;WIDTH:0.45
G1 F1500
G1 X60.53 Y46.229 E5.86888
G1 X60.53 Y45.262 E5.91539
G1 X140.97 Y45.262 E9.78427
G1 X140.97 Y46.169 E9.82789
G1 X140.574 Y46.228 F7800
G1 E7.82789 F2400
G92 E0
G1 X61.013 Y60.297 F7800
G1 E2 F2400
;TYPE:Perimeter
G1 F1500
G1 X61.046 Y60.271 E2.00202
G1 X61.231 Y59.978 E2.01869
G1 X61.301 Y59.618 E2.03633
G1 X61.301 Y47.784 E2.6055
G1 X138.892 Y47.784 E6.33736
G1 X57.801 Y134.073 E12.03259
G1 X57.801 Y60.582 E15.56725
G1 X60.475 Y60.582 E15.69586
G1 X60.792 Y60.468 E15.71206
G1 X60.965 Y60.333 E15.72261
G1 X60.735 Y60.015 F7800
G1 F1500
G1 X60.848 Y59.889 E15.73075
G1 X60.916 Y59.618 E15.74419
G1 X60.916 Y47.398 E16.33193
G1 X139.783 Y47.398 E20.12516
G1 X57.416 Y135.046 E25.91005
G1 X57.416 Y60.196 E29.51007
G1 X60.425 Y60.196 E29.65479
G1 X60.663 Y60.096 E29.66721
G1 X60.695 Y60.06 E29.66953
G1 X60.47 Y59.744 F7800
;TYPE:External perimeter
G1 F1500
G1 X60.53 Y59.618 E29.67624
G1 X60.53 Y47.012 E30.28254
G1 X140.675 Y47.012 E34.13724
G1 X57.03 Y136.02 E40.01189
G1 X57.03 Y59.81 E43.67733
G1 X60.337 Y59.81 E43.83639
G1 X60.426 Y59.779 E43.84092
G1 X60.522 Y59.39 F7800
G1 E41.84092 F2400
G92 E0
G1 X72.34 Y118.428 F7800
G1 E2 F2400
;TYPE:Bridge infill
;WIDTH:0.401942
;HEIGHT:0.4
M106 S255
G1 F1500
G1 X58.123 Y132.646 E3.06069
G1 X58.123 Y132.006 E3.09445
G1 X77.697 Y112.432 E4.55476
G1 X87.667 Y101.823 E5.32277
G1 X58.123 Y131.367 E7.52689
G1 X58.123 Y130.728 E7.5606
G1 X97.636 Y91.215 E10.50845
G1 X107.606 Y80.606 E11.27646
G1 X58.123 Y130.089 E14.96812
G1 X58.123 Y129.45 E15.00183
G1 X117.575 Y69.998 E19.43722
G1 X127.544 Y59.389 E20.2052
G1 X58.123 Y128.811 E25.38436
G1 X58.123 Y128.172 E25.41807
G1 X137.514 Y48.78 E31.34104
G1 X138.149 Y48.105 E31.38993
G1 X137.55 Y48.105 E31.42153
G1 X58.123 Y127.532 E37.34715
G1 X58.123 Y126.893 E37.38086
G1 X136.911 Y48.105 E43.25881
G1 X136.272 Y48.105 E43.29252
G1 X58.123 Y126.254 E49.1228
G1 X58.123 Y125.615 E49.15651
G1 X135.633 Y48.105 E54.93911
G1 X134.994 Y48.105 E54.97282
G1 X58.123 Y124.976 E60.70775
G1 X58.123 Y124.337 E60.74146
G1 X134.354 Y48.105 E66.42868
G1 X133.715 Y48.105 E66.46239
G1 X58.123 Y123.698 E72.10194
G1 X58.123 Y123.058 E72.1357
G1 X133.076 Y48.105 E77.72754
G1 X132.437 Y48.105 E77.76125
G1 X58.123 Y122.419 E83.30542
G1 X58.123 Y121.78 E83.33913
G1 X131.798 Y48.105 E88.83562
G1 X131.159 Y48.105 E88.86933
G1 X58.123 Y121.141 E94.31815
G1 X58.123 Y120.502 E94.35186
G1 X130.52 Y48.105 E99.75301
G1 X129.88 Y48.105 E99.78677
G1 X58.123 Y119.863 E105.14021
G1 X58.123 Y119.224 E105.17392
G1 X129.241 Y48.105 E110.47969
G1 X128.602 Y48.105 E110.5134
G1 X58.123 Y118.584 E115.77146
G1 X58.123 Y117.945 E115.80517
G1 X127.963 Y48.105 E121.01556
G1 X127.324 Y48.105 E121.04927
G1 X58.123 Y117.306 E126.21198
G1 X58.123 Y116.667 E126.24569
G1 X126.685 Y48.105 E131.36073
G1 X126.046 Y48.105 E131.39444
G1 X58.123 Y116.028 E136.46181
G1 X58.123 Y115.389 E136.49552
G1 X125.406 Y48.105 E141.51518
G1 X124.767 Y48.105 E141.54889
G1 X58.123 Y114.75 E146.52088
G1 X58.123 Y114.11 E146.55464
G1 X124.128 Y48.105 E151.47892
G1 X123.489 Y48.105 E151.51263
G1 X58.123 Y113.471 E156.38923
G1 X58.123 Y112.832 E156.42294
G1 X122.85 Y48.105 E161.25187
G1 X122.211 Y48.105 E161.28558
G1 X58.123 Y112.193 E166.06684
G1 X58.123 Y111.554 E166.10055
G1 X121.572 Y48.105 E170.83414
G1 X120.932 Y48.105 E170.8679
G1 X58.123 Y110.915 E175.55378
G1 X58.123 Y110.276 E175.58749
G1 X120.293 Y48.105 E180.2257
G1 X119.654 Y48.105 E180.25941
G1 X58.123 Y109.636 E184.84991
G1 X58.123 Y108.997 E184.88362
G1 X119.015 Y48.105 E189.42644
G1 X118.376 Y48.105 E189.46015
G1 X58.123 Y108.358 E193.9553
G1 X58.123 Y107.719 E193.98901
G1 X117.737 Y48.105 E198.43649
G1 X117.098 Y48.105 E198.4702
G1 X58.123 Y107.08 E202.87001
G1 X58.123 Y106.441 E202.90372
G1 X116.458 Y48.105 E207.25582
G1 X115.819 Y48.105 E207.28953
G1 X58.123 Y105.802 E211.59395
G1 X58.123 Y105.162 E211.62771
G1 X115.18 Y48.105 E215.88443
G1 X114.541 Y48.105 E215.91814
G1 X58.123 Y104.523 E220.12718
G1 X58.123 Y103.884 E220.16089
G1 X113.902 Y48.105 E224.32226
G1 X113.263 Y48.105 E224.35597
G1 X58.123 Y103.245 E228.46967
G1 X58.123 Y102.606 E228.50338
G1 X112.624 Y48.105 E232.56941
G1 X111.984 Y48.105 E232.60317
G1 X58.123 Y101.967 E236.62149
G1 X58.123 Y101.328 E236.6552
G1 X111.345 Y48.105 E240.62584
G1 X110.706 Y48.105 E240.65955
G1 X58.123 Y100.689 E244.58252
G1 X58.123 Y100.049 E244.61628
G1 X110.067 Y48.105 E248.49154
G1 X109.428 Y48.105 E248.52525
G1 X58.123 Y99.41 E252.35284
G1 X58.123 Y98.771 E252.38655
G1 X108.789 Y48.105 E256.16647
G1 X108.15 Y48.105 E256.20018
G1 X58.123 Y98.132 E259.93242
G1 X58.123 Y97.493 E259.96613
G1 X107.51 Y48.105 E263.65067
G1 X106.871 Y48.105 E263.68438
G1 X58.123 Y96.854 E267.32124
G1 X58.123 Y96.215 E267.35495
G1 X106.232 Y48.105 E270.94414
G1 X105.593 Y48.105 E270.97785
G1 X58.123 Y95.575 E274.51933
G1 X58.123 Y94.936 E274.55304
G1 X104.954 Y48.105 E278.04685
G1 X104.315 Y48.105 E278.08056
G1 X58.123 Y94.297 E281.5267
G1 X58.123 Y93.658 E281.56041
G1 X103.676 Y48.105 E284.95887
G1 X103.036 Y48.105 E284.99263
G1 X58.123 Y93.019 E288.34338
G1 X58.123 Y92.38 E288.37709
G1 X102.397 Y48.105 E291.68017
G1 X101.758 Y48.105 E291.71388
G1 X58.123 Y91.741 E294.96929
G1 X58.123 Y91.101 E295.00305
G1 X101.119 Y48.105 E298.21075
G1 X100.48 Y48.105 E298.24446
G1 X58.123 Y90.462 E301.40449
G1 X58.123 Y89.823 E301.4382
G1 X99.841 Y48.105 E304.55056
G1 X99.202 Y48.105 E304.58427
G1 X58.123 Y89.184 E307.64895
G1 X58.123 Y88.545 E307.68266
G1 X98.562 Y48.105 E310.69963
G1 X97.923 Y48.105 E310.73334
G1 X58.123 Y87.906 E313.70264
G1 X58.123 Y87.267 E313.73635
G1 X97.284 Y48.105 E316.65798
G1 X96.645 Y48.105 E316.69169
G1 X58.123 Y86.627 E319.56561
G1 X58.123 Y85.988 E319.59932
G1 X96.006 Y48.105 E322.42557
G1 X95.367 Y48.105 E322.45928
G1 X58.123 Y85.349 E325.23785
G1 X58.123 Y84.71 E325.27156
G1 X94.728 Y48.105 E328.00246
G1 X94.088 Y48.105 E328.03622
G1 X58.123 Y84.071 E330.71941
G1 X58.123 Y83.432 E330.75312
G1 X93.449 Y48.105 E333.38864
G1 X92.81 Y48.105 E333.42235
G1 X58.123 Y82.793 E336.0102
G1 X58.123 Y82.153 E336.04396
G1 X92.171 Y48.105 E338.5841
G1 X91.532 Y48.105 E338.61781
G1 X58.123 Y81.514 E341.11028
G1 X58.123 Y80.875 E341.14399
G1 X90.893 Y48.105 E343.58878
G1 X90.254 Y48.105 E343.62249
G1 X58.123 Y80.236 E346.01961
G1 X58.123 Y79.597 E346.05332
G1 X89.614 Y48.105 E348.40273
G1 X88.975 Y48.105 E348.43644
G1 X58.123 Y78.958 E350.73818
G1 X58.123 Y78.319 E350.77189
G1 X88.336 Y48.105 E353.02596
G1 X87.697 Y48.105 E353.05967
G1 X58.123 Y77.679 E355.26603
G1 X58.123 Y77.04 E355.29974
G1 X87.058 Y48.105 E357.45842
G1 X86.419 Y48.105 E357.49213
G1 X58.123 Y76.401 E359.60314
G1 X58.123 Y75.762 E359.63685
G1 X85.78 Y48.105 E361.70019
G1 X85.14 Y48.105 E361.73395
G1 X58.123 Y75.123 E363.74958
G1 X58.123 Y74.484 E363.78329
G1 X84.501 Y48.105 E365.75125
G1 X83.862 Y48.105 E365.78496
G1 X58.123 Y73.845 E367.70525
G1 X58.123 Y73.205 E367.73901
G1 X83.223 Y48.105 E369.61159
G1 X82.584 Y48.105 E369.6453
G1 X58.123 Y72.566 E371.4702
G1 X58.123 Y71.927 E371.50391
G1 X81.945 Y48.105 E373.28114
G1 X81.306 Y48.105 E373.31485
G1 X58.123 Y71.288 E375.04441
G1 X58.123 Y70.649 E375.07812
G1 X80.666 Y48.105 E376.75997
G1 X80.027 Y48.105 E376.79368
G1 X58.123 Y70.01 E378.42786
G1 X58.123 Y69.371 E378.46157
G1 X79.388 Y48.105 E380.04807
G1 X78.749 Y48.105 E380.08178
G1 X58.123 Y68.731 E381.62057
G1 X58.123 Y68.092 E381.65428
G1 X78.11 Y48.105 E383.1454
G1 X77.471 Y48.105 E383.17911
G1 X58.123 Y67.453 E384.62256
G1 X58.123 Y66.814 E384.65627
G1 X76.832 Y48.105 E386.05205
G1 X76.192 Y48.105 E386.08581
G1 X58.123 Y66.175 E387.43388
G1 X58.123 Y65.536 E387.46759
G1 X75.553 Y48.105 E388.76799
G1 X74.914 Y48.105 E388.8017
G1 X58.123 Y64.897 E390.05442
G1 X58.123 Y64.257 E390.08818
G1 X74.275 Y48.105 E391.29319
G1 X73.636 Y48.105 E391.3269
G1 X58.123 Y63.618 E392.48424
G1 X58.123 Y62.979 E392.51795
G1 X60.199 Y60.903 E392.67283
G1 X59.56 Y60.903 E392.70654
G1 X58.123 Y62.34 E392.81375
G1 X58.123 Y61.701 E392.84746
G1 X58.92 Y60.903 E392.90696
G1 X58.281 Y60.903 E392.94067
G1 X57.92 Y61.264 E392.9676
M107
G1 E390.9676 F2400
G92 E0
G1 X61.41 Y59.692 F7800
G1 E2 F2400
M106 S255
G1 F1500
G1 X72.997 Y48.105 E2.86444
G1 X72.358 Y48.105 E2.89815
G1 X61.623 Y58.84 E3.69903
G1 X61.623 Y58.201 E3.73274
G1 X71.718 Y48.105 E4.48591
G1 X71.079 Y48.105 E4.51962
G1 X61.623 Y57.562 E5.22512
G1 X61.623 Y56.923 E5.25883
G1 X70.44 Y48.105 E5.91666
G1 X69.801 Y48.105 E5.95037
G1 X61.623 Y56.283 E6.56049
G1 X61.623 Y55.644 E6.5942
G1 X69.162 Y48.105 E7.15664
G1 X68.523 Y48.105 E7.19035
G1 X61.623 Y55.005 E7.70512
G1 X61.623 Y54.366 E7.73883
G1 X67.884 Y48.105 E8.20593
G1 X67.244 Y48.105 E8.23969
G1 X61.623 Y53.727 E8.65908
G1 X61.623 Y53.088 E8.69279
G1 X66.605 Y48.105 E9.06451
G1 X65.966 Y48.105 E9.09822
G1 X61.623 Y52.449 E9.42227
G1 X61.623 Y51.809 E9.45603
G1 X65.327 Y48.105 E9.73237
G1 X64.688 Y48.105 E9.76608
G1 X61.623 Y51.17 E9.99474
G1 X61.623 Y50.531 E10.02845
G1 X64.049 Y48.105 E10.20944
G1 X63.41 Y48.105 E10.24315
G1 X61.623 Y49.892 E10.37647
G1 X61.623 Y49.253 E10.41018
G1 X62.77 Y48.105 E10.49579
G1 X62.131 Y48.105 E10.5295
G1 X61.42 Y48.816 E10.58254
M107
;LAYER_CHANGE
;Z:4.85
;HEIGHT:0.3
G1 E8.58254 F2400
G92 E0
G1 Z4.85 F7800
;AFTER_LAYER_CHANGE
;4.85
G1 X55.726 Y59.831
G1 E2 F2400
;TYPE:External perimeter
;WIDTH:0.490524
G1 F1500
G1 X55.726 Y136.342 E6.06663
G1 X55.3 Y136.342 E6.08927
G1 X55.3 Y59.831 E10.1559
G1 X55.666 Y59.831 E10.17535
G1 X55.726 Y60.226 F7800
G1 E8.17535 F2400
G92 E0
G1 X55.726 Y139.833 F7800
G1 E2 F2400
G1 F1500
G1 X55.726 Y164.717 E3.32261
G1 X55.3 Y164.717 E3.34525
G1 X55.3 Y139.833 E4.66786
G1 X55.666 Y139.833 E4.68731
G1 X55.726 Y140.228 F7800
G1 E2.68731 F2400
G92 E0
G1 X59.309 Y140.584 F7800
G1 E2 F2400
;TYPE:Perimeter
;WIDTH:0.45
G1 F1500
G1 X59.309 Y163.966 E3.12459
G1 X57.801 Y163.966 E3.19712
G1 X57.801 Y140.584 E4.32171
G1 X59.249 Y140.584 E4.39135
G1 X59.694 Y140.198 F7800
G1 F1500
G1 X59.694 Y164.352 E5.55307
G1 X57.416 Y164.352 E5.66263
G1 X57.416 Y140.198 E6.82435
G1 X59.634 Y140.198 E6.93103
G1 X60.08 Y139.813 F7800
;TYPE:External perimeter
G1 F1500
G1 X60.08 Y164.738 E8.12984
G1 X57.03 Y164.738 E8.27653
G1 X57.03 Y139.813 E9.47534
G1 X60.02 Y139.813 E9.61915
G1 X60.079 Y140.208 F7800
G1 E7.61915 F2400
G92 E0
G1 X58.09 Y140.873 F7800
G1 E2 F2400
;TYPE:Solid infill
G1 F1200
G1 X59.02 Y140.873 E2.04473
G1 X59.02 Y163.677 E3.14152
G1 X58.09 Y163.677 E3.18625
G1 X58.09 Y141.066 E4.27376
G1 X58.555 Y141.338 E4.29967
;WIDTH:0.607879
G1 X58.555 Y163.213 E5.78253
G1 E3.78253 F2400
G92 E0
G1 X104.001 Y139.833 F7800
G1 E2 F2400
;TYPE:External perimeter
;WIDTH:0.490524
G1 F1500
G1 X104.427 Y139.833 E2.02264
G1 X104.427 Y164.717 E3.34525
G1 X104.001 Y164.717 E3.36789
G1 X104.001 Y139.893 E4.68731
G1 X104.397 Y139.834 F7800
G1 E2.68731 F2400
G92 E0
G1 X106.502 Y140.584 F7800
G1 E2 F2400
;TYPE:Perimeter
;WIDTH:0.45
G1 F1500
G1 X108.01 Y140.584 E2.07253
G1 X108.01 Y163.966 E3.19712
G1 X106.502 Y163.966 E3.26965
G1 X106.502 Y140.644 E4.39136
G1 X106.116 Y140.198 F7800
G1 F1500
G1 X108.395 Y140.198 E4.50097
G1 X108.395 Y164.352 E5.66269
G1 X106.116 Y164.352 E5.7723
G1 X106.116 Y140.258 E6.93114
G1 X105.731 Y139.813 F7800
;TYPE:External perimeter
G1 F1500
G1 X108.781 Y139.813 E7.07783
G1 X108.781 Y164.738 E8.27664
G1 X105.731 Y164.738 E8.42333
G1 X105.731 Y139.873 E9.61925
G1 X106.126 Y139.813 F7800
G1 X106.791 Y140.873
;TYPE:Solid infill
G1 F1200
G1 X107.72 Y140.873 E9.66393
G1 X107.72 Y163.677 E10.76072
G1 X106.791 Y163.677 E10.8054
G1 X106.791 Y141.066 E11.89291
G1 X107.256 Y141.338 E11.91882
;WIDTH:0.607882
G1 X107.256 Y163.213 E13.40169
G1 E11.40169 F2400
G92 E0
G1 X170.264 Y154.602 F7800
G1 E2 F2400
;TYPE:Perimeter
;WIDTH:0.45
G1 F1500
G1 X170.188 Y154.725 E2.00695
G1 X170.128 Y155.155 E2.02783
G1 X170.261 Y155.567 E2.04865
G1 X170.435 Y155.857 E2.06492
G1 X168.705 Y155.857 E2.14813
G1 X168.879 Y155.567 E2.1644
G1 X169.006 Y155.207 E2.18276
G1 X168.952 Y154.725 E2.20609
G1 X168.765 Y154.421 E2.22326
G1 X168.458 Y154.196 E2.24157
G1 X168.052 Y154.107 E2.26156
G1 X145.191 Y154.107 E3.36109
G1 X145.191 Y152.599 E3.43362
G1 X193.949 Y152.599 E5.77871
G1 X193.949 Y154.107 E5.85124
G1 X171.088 Y154.107 E6.95077
G1 X170.682 Y154.196 E6.97076
G1 X170.375 Y154.421 E6.98907
G1 X170.295 Y154.551 E6.99641
G1 X170.594 Y154.789 F7800
G1 F1500
G1 X170.548 Y154.863 E7.0006
G1 X170.512 Y155.121 E7.01313
G1 X170.592 Y155.368 E7.02562
G1 X171.117 Y156.242 E7.07466
G1 X168.023 Y156.242 E7.22347
G1 X168.548 Y155.368 E7.27251
G1 X168.624 Y155.152 E7.28352
G1 X168.592 Y154.863 E7.2975
G1 X168.48 Y154.681 E7.30778
G1 X168.296 Y154.546 E7.31876
G1 X168.052 Y154.492 E7.33078
G1 X144.806 Y154.492 E8.44883
G1 X144.806 Y152.213 E8.55844
G1 X194.334 Y152.213 E10.94056
G1 X194.334 Y154.492 E11.05017
G1 X171.088 Y154.492 E12.16822
G1 X170.844 Y154.546 E12.18024
G1 X170.66 Y154.681 E12.19122
G1 X170.625 Y154.738 E12.19444
G1 X170.932 Y154.976 F7800
;TYPE:External perimeter
G1 F1500
G1 X170.908 Y155.001 E12.19611
G1 X170.923 Y155.17 E12.20427
G1 X171.798 Y156.628 E12.28605
G1 X167.342 Y156.628 E12.50037
G1 X168.249 Y155.117 E12.58513
G1 X168.194 Y154.941 E12.594
G1 X168.052 Y154.878 E12.60147
G1 X144.42 Y154.878 E13.73809
G1 X144.42 Y151.828 E13.88478
G1 X194.72 Y151.828 E16.30404
G1 X194.72 Y154.878 E16.45073
G1 X171.024 Y154.878 E17.59043
G1 X170.973 Y154.932 E17.594
G1 X171.023 Y155.329 F7800
G1 X171.092 Y153.817
;TYPE:Solid infill
G1 F1200
G1 X170.603 Y153.92 E17.61804
G1 X170.191 Y154.203 E17.64208
G1 X169.937 Y154.588 E17.66426
;WIDTH:0.491604
G1 X169.869 Y154.859 E17.67915
;WIDTH:0.533208
G1 X169.802 Y155.13 E17.69547
;WIDTH:0.543443
G1 X169.896 Y155.514 E17.71909
G1 X169.248 Y155.521 E17.75781
G1 X169.338 Y155.183 E17.77871
;WIDTH:0.530416
G1 X169.284 Y154.923 E17.79415
;WIDTH:0.490208
G1 X169.23 Y154.662 E17.80831
;WIDTH:0.45
G1 X168.978 Y154.228 E17.83245
G1 X168.54 Y153.923 E17.85812
G1 X168.041 Y153.817 E17.88266
G1 X145.48 Y153.817 E18.96777
G1 X145.48 Y152.888 E19.01245
G1 X193.66 Y152.888 E21.32974
G1 X193.66 Y153.817 E21.37442
G1 X171.285 Y153.817 E22.45058
G1 X169.624 Y153.675 F7800
;WIDTH:0.509649
G1 F1200
G1 X169.584 Y153.635 E22.45372
G1 X169.531 Y153.65 E22.45678
G1 X169.516 Y153.704 E22.45989
G1 X169.556 Y153.743 E22.46299
G1 X169.609 Y153.729 E22.46603
G1 X168.185 Y153.361 F7800
;WIDTH:0.623545
G1 F1200
G1 X168.041 Y153.353 E22.47609
;WIDTH:0.607882
G1 X145.945 Y153.353 E23.97395
G1 E21.97395 F2400
G92 E0
G1 X170.762 Y153.33 F7800
G1 E2 F2400
;WIDTH:0.548959
G1 F1200
G1 X170.627 Y153.302 E2.00833
;WIDTH:0.499479
G1 X170.491 Y153.274 E2.01587
;WIDTH:0.45
G1 X168.653 Y153.274 E2.10427
;WIDTH:0.493386
G1 X168.536 Y153.295 E2.11063
;WIDTH:0.536772
G1 X168.419 Y153.317 E2.11764
;WIDTH:0.580158
G1 X168.302 Y153.339 E2.1253
;WIDTH:0.623545
G1 X168.185 Y153.361 E2.1336
G1 X168.349 Y153.432 E2.14606
;WIDTH:0.580158
G1 X168.513 Y153.503 E2.15756
;WIDTH:0.536772
G1 X168.677 Y153.574 E2.16809
;WIDTH:0.493386
G1 X168.841 Y153.645 E2.17765
;WIDTH:0.45
G1 X169.263 Y153.969 E2.20324
G1 X169.531 Y154.386 E2.22708
G1 X169.57 Y154.492 E2.23251
G1 X169.813 Y154.055 E2.25656
G1 X169.963 Y153.892 E2.26721
G1 X170.302 Y153.642 E2.28747
;WIDTH:0.488956
G1 X170.465 Y153.574 E2.29682
;WIDTH:0.527913
G1 X170.627 Y153.506 E2.30698
;WIDTH:0.566869
G1 X170.789 Y153.437 E2.31802
;WIDTH:0.605826
G1 X170.951 Y153.369 E2.32988
;WIDTH:0.617847
G1 X171.092 Y153.353 E2.33968
;WIDTH:0.607881
G1 X193.195 Y153.353 E3.83801
G1 E1.83801 F2400
G92 E0
G1 X181.88 Y61.526 F7800
G1 E2 F2400
;TYPE:Perimeter
;WIDTH:0.45
G1 F1200
G1 X182.781 Y60.946 E2.05154
G1 X186.271 Y57.639 E2.28279
G1 X187.067 Y56.518 E2.34892
G1 X193.949 Y56.518 E2.67992
G1 X193.949 Y61.526 E2.92079
G1 X181.94 Y61.526 E3.49838
G1 X180.521 Y61.911 F7800
G1 F1200
G1 X182.472 Y60.707 E3.60865
G1 X185.978 Y57.385 E3.84095
G1 X186.868 Y56.133 E3.91483
G1 X194.334 Y56.133 E4.27392
G1 X194.334 Y61.911 E4.55182
G1 X180.581 Y61.911 E5.21329
G1 X179.162 Y62.297 F7800
;TYPE:External perimeter
G1 F1200
G1 X182.236 Y60.4 E5.38702
G1 X185.686 Y57.131 E5.61561
G1 X186.602 Y55.842 E5.69167
;TYPE:Overhang perimeter
;WIDTH:0.4
;HEIGHT:0.4
M106 S255
G1 X186.669 Y55.747 E5.69774
G1 X194.72 Y55.747 E6.11836
G1 X194.72 Y55.842 E6.12332
M107
;TYPE:External perimeter
;WIDTH:0.45
;HEIGHT:0.3
G1 X194.72 Y62.297 E6.43378
G1 X179.222 Y62.297 E7.17918
G1 X179.542 Y62.057 F7800
G1 E5.17918 F2400
G92 E0
G1 X185.679 Y58.599 F7800
G1 E2 F2400
;TYPE:Solid infill
G1 F1200
G1 X183.04 Y61.237 E2.17947
G1 X182.846 Y61.4 E2.19166
;WIDTH:0.404381
G1 X182.775 Y61.381 E2.19478
G1 X182.827 Y61.328 E2.19793
G1 X182.857 Y61.359 E2.19976
G1 X182.879 Y61.054 E2.21273
G1 X182.754 Y61.158 E2.21963
G1 E.21963 F2400
G92 E0
G1 X185.951 Y58.333 F7800
G1 E2 F2400
;WIDTH:0.439761
G1 F1200
G1 X186.34 Y57.955 E2.0254
;WIDTH:0.45
G1 X187.47 Y56.808 E2.10284
G1 X187.165 Y56.708 E2.11828
;WIDTH:0.404381
G1 X186.838 Y57.095 E2.13977
G1 X188.015 Y56.808 F7800
;WIDTH:0.45
G1 F1200
G1 X183.586 Y61.237 E2.44103
G1 X183.354 Y61.339 E2.45322
;WIDTH:0.404381
G1 X183.283 Y61.32 E2.45634
G1 X183.302 Y61.391 E2.45946
G1 X183.343 Y61.38 E2.46126
G1 X184.131 Y61.237 F7800
;WIDTH:0.45
G1 F1200
G1 X188.56 Y56.808 E2.76252
G1 X189.106 Y56.808 E2.78878
G1 X184.677 Y61.237 E3.09004
G1 X185.222 Y61.237 E3.11625
G1 X189.651 Y56.808 E3.41751
G1 X190.196 Y56.808 E3.44372
G1 X185.767 Y61.237 E3.74498
G1 X186.313 Y61.237 E3.77124
G1 X190.742 Y56.808 E4.0725
G1 X191.287 Y56.808 E4.09871
G1 X186.858 Y61.237 E4.39997
G1 X187.403 Y61.237 E4.42618
G1 X191.832 Y56.808 E4.72744
G1 X192.378 Y56.808 E4.7537
G1 X187.949 Y61.237 E5.05496
G1 X188.494 Y61.237 E5.08117
G1 X192.923 Y56.808 E5.38243
G1 X193.789 Y56.708 F7800
;WIDTH:0.404381
G1 F1200
G1 X193.718 Y56.689 E5.38555
G1 X193.737 Y56.76 E5.38867
G1 X193.778 Y56.749 E5.39047
;WIDTH:0.45
G1 X193.468 Y56.808 E5.40565
G1 X189.039 Y61.237 E5.70691
G1 X189.585 Y61.237 E5.73317
G1 X193.66 Y57.162 E6.01035
G1 X193.66 Y57.707 E6.03656
G1 X190.13 Y61.237 E6.27667
G1 X190.675 Y61.237 E6.30288
G1 X193.66 Y58.252 E6.50592
G1 X193.66 Y58.798 E6.53218
G1 X191.221 Y61.237 E6.69808
G1 X191.766 Y61.237 E6.72429
G1 X193.66 Y59.343 E6.85312
G1 X193.854 Y59.225 E6.86404
;WIDTH:0.404381
G1 X193.813 Y59.236 E6.86584
G1 X193.794 Y59.165 E6.86896
G1 X193.865 Y59.184 E6.87208
;WIDTH:0.45
G1 X193.66 Y59.888 E6.90735
G1 X193.66 Y61.237 E6.97223
G1 X192.311 Y61.237 E7.03711
G1 X193.523 Y60.025 E7.11955
G1 X193.313 Y60.829 F7800
;WIDTH:0.468503
G1 F1200
G1 X193.278 Y60.793 E7.12208
G1 X193.229 Y60.806 E7.12464
G1 X193.216 Y60.855 E7.1272
G1 X193.252 Y60.891 E7.12977
G1 X193.3 Y60.878 E7.13228
G1 E5.13228 F2400
G92 E0
G1 X145.191 Y61.526 F7800
G1 E2 F2400
;TYPE:Perimeter
;WIDTH:0.45
G1 F1200
G1 X145.191 Y56.518 E2.24087
G1 X152.073 Y56.518 E2.57187
G1 X152.869 Y57.639 E2.638
G1 X156.431 Y61.014 E2.87401
G1 X157.26 Y61.526 E2.92087
G1 X145.251 Y61.526 E3.49846
G1 X144.806 Y61.911 F7800
G1 F1200
G1 X144.806 Y56.133 E3.77636
G1 X152.272 Y56.133 E4.13545
G1 X153.162 Y57.385 E4.20933
G1 X156.668 Y60.707 E4.44163
G1 X158.619 Y61.911 E4.5519
G1 X144.866 Y61.911 E5.21337
G1 X144.42 Y62.297 F7800
;TYPE:External perimeter
G1 F1200
G1 X144.42 Y55.842 E5.52383
;TYPE:Overhang perimeter
;WIDTH:0.4
;HEIGHT:0.4
M106 S255
G1 X144.42 Y55.747 E5.52879
G1 X152.471 Y55.747 E5.94941
G1 X152.538 Y55.842 E5.95548
M107
;TYPE:External perimeter
;WIDTH:0.45
;HEIGHT:0.3
G1 X153.454 Y57.131 E6.03154
G1 X156.904 Y60.4 E6.26013
G1 X159.978 Y62.297 E6.43386
G1 X144.48 Y62.297 E7.17926
G1 X144.421 Y61.902 F7800
G1 E5.17926 F2400
G92 E0
G1 X145.585 Y56.839 F7800
G1 E2 F2400
;TYPE:Solid infill
;WIDTH:0.543559
G1 F1200
G1 X145.543 Y56.796 E2.00359
G1 X145.485 Y56.812 E2.00719
G1 X145.469 Y56.87 E2.01079
G1 X145.512 Y56.912 E2.01438
G1 X145.57 Y56.897 E2.01796
;WIDTH:0.45
G1 X146.186 Y56.808 E2.0479
G1 X145.357 Y57.65 E2.10473
;WIDTH:0.404381
G1 X145.286 Y57.631 E2.10785
G1 X145.305 Y57.702 E2.11097
G1 X145.346 Y57.691 E2.11277
;WIDTH:0.45
G1 X145.48 Y58.058 E2.13156
G1 X146.731 Y56.808 E2.21662
G1 X147.276 Y56.808 E2.24283
G1 X145.48 Y58.603 E2.36496
G1 X145.48 Y59.149 E2.39122
G1 X147.822 Y56.808 E2.55049
G1 X148.367 Y56.808 E2.5767
G1 X145.48 Y59.694 E2.77304
G1 X145.48 Y60.239 E2.79925
G1 X148.912 Y56.808 E3.03266
G1 X149.458 Y56.808 E3.05892
G1 X145.48 Y60.785 E3.32946
G1 X145.39 Y61.387 E3.35874
;WIDTH:0.404381
G1 X145.349 Y61.398 E3.36054
G1 X145.33 Y61.327 E3.36366
G1 X145.401 Y61.346 E3.36678
;WIDTH:0.45
G1 X145.574 Y61.237 E3.37661
G1 X150.003 Y56.808 E3.67787
G1 X150.548 Y56.808 E3.70408
G1 X146.119 Y61.237 E4.00534
G1 X146.665 Y61.237 E4.0316
G1 X151.094 Y56.808 E4.33286
G1 X151.639 Y56.808 E4.35907
G1 X147.21 Y61.237 E4.66033
G1 X147.755 Y61.237 E4.68654
G1 X152.032 Y56.96 E4.97746
G1 X152.015 Y56.711 E4.98946
;WIDTH:0.404381
G1 X151.974 Y56.722 E4.99126
G1 X151.955 Y56.651 E4.99438
G1 X152.026 Y56.67 E4.9975
;WIDTH:0.45
G1 X152.258 Y57.279 E5.02884
G1 X148.301 Y61.237 E5.29802
G1 X148.846 Y61.237 E5.32423
G1 X152.485 Y57.598 E5.57175
G1 X152.727 Y57.901 E5.5904
G1 X149.391 Y61.237 E5.81731
G1 X149.937 Y61.237 E5.84357
G1 X153.006 Y58.167 E6.05235
G1 X153.286 Y58.432 E6.07089
G1 X150.482 Y61.237 E6.26165
G1 X151.027 Y61.237 E6.28786
G1 X153.566 Y58.698 E6.46056
G1 X156.245 Y61.237 E6.63808
G1 X151.573 Y61.237 E6.86279
G1 X153.71 Y59.099 E7.00818
G1 X153.853 Y59.501 E7.0287
G1 X155.278 Y60.851 E7.12311
G1 X152.504 Y60.851 E7.25653
G1 X153.717 Y59.638 E7.33904
G1 X153.86 Y60.029 E7.35906
;WIDTH:0.435043
G1 X154.329 Y60.473 E7.38892
G1 X153.417 Y60.473 E7.43108
G1 X153.724 Y60.165 E7.45118
G1 E5.45118 F2400
G92 E0
G1 X140.95 Y45.709 F7800
G1 E2 F2400
;TYPE:External perimeter
;WIDTH:0.490524
G1 F1500
G1 X60.55 Y45.709 E6.27333
G1 X60.55 Y45.283 E6.29597
G1 X140.95 Y45.283 E10.5693
G1 X140.95 Y45.649 E10.58875
G1 X140.554 Y45.708 F7800
G1 E8.58875 F2400
G92 E0
G1 X61.013 Y60.297 F7800
G1 E2 F2400
;TYPE:Perimeter
;WIDTH:0.45
G1 F1500
G1 X61.046 Y60.271 E2.00202
G1 X61.231 Y59.978 E2.01869
G1 X61.301 Y59.618 E2.03633
G1 X61.301 Y47.784 E2.6055
G1 X138.892 Y47.784 E6.33736
G1 X57.801 Y134.073 E12.03259
G1 X57.801 Y60.582 E15.56725
G1 X60.475 Y60.582 E15.69586
G1 X60.792 Y60.468 E15.71206
G1 X60.965 Y60.333 E15.72261
G1 X60.735 Y60.015 F7800
G1 F1500
G1 X60.848 Y59.889 E15.73075
G1 X60.916 Y59.618 E15.74419
G1 X60.916 Y47.398 E16.33193
G1 X139.783 Y47.398 E20.12516
G1 X57.416 Y135.046 E25.91005
G1 X57.416 Y60.196 E29.51007
G1 X60.425 Y60.196 E29.65479
G1 X60.663 Y60.096 E29.66721
G1 X60.695 Y60.06 E29.66953
G1 X60.47 Y59.744 F7800
;TYPE:External perimeter
G1 F1500
G1 X60.53 Y59.618 E29.67624
G1 X60.53 Y47.012 E30.28254
G1 X140.675 Y47.012 E34.13724
G1 X57.03 Y136.02 E40.01189
G1 X57.03 Y59.81 E43.67733
G1 X60.337 Y59.81 E43.83639
G1 X60.426 Y59.779 E43.84092
G1 X60.522 Y59.39 F7800
G1 E41.84092 F2400
G92 E0
G1 X61.695 Y48.104 F7800
G1 E2 F2400
;TYPE:Solid infill
;WIDTH:0.543559
G1 F1200
G1 X61.653 Y48.062 E2.00355
G1 X61.595 Y48.077 E2.00713
G1 X61.579 Y48.135 E2.01073
G1 X61.622 Y48.177 E2.01432
G1 X61.68 Y48.162 E2.0179
;WIDTH:0.45
G1 X61.59 Y48.778 E2.04784
G1 X62.296 Y48.073 E2.09583
G1 X62.474 Y47.938 E2.10657
;WIDTH:0.404381
G1 X62.433 Y47.949 E2.10837
G1 X62.414 Y47.878 E2.11149
G1 X62.485 Y47.897 E2.11461
;WIDTH:0.45
G1 X62.841 Y48.073 E2.13371
G1 X61.59 Y49.323 E2.21877
G1 X61.59 Y49.869 E2.24503
G1 X63.386 Y48.073 E2.36719
G1 X63.932 Y48.073 E2.39345
G1 X61.59 Y50.414 E2.55272
G1 X61.59 Y50.959 E2.57893
G1 X64.477 Y48.073 E2.77527
G1 X65.022 Y48.073 E2.80148
G1 X61.59 Y51.505 E3.03492
G1 X61.59 Y52.05 E3.06113
G1 X65.568 Y48.073 E3.33167
G1 X66.113 Y48.073 E3.35788
G1 X61.59 Y52.595 E3.66549
G1 X61.59 Y53.141 E3.69175
G1 X66.658 Y48.073 E4.03647
G1 X67.204 Y48.073 E4.06273
G1 X61.59 Y53.686 E4.44455
G1 X61.59 Y54.231 E4.47076
G1 X67.749 Y48.073 E4.88965
G1 X68.294 Y48.073 E4.91586
G1 X61.59 Y54.777 E5.37186
G1 X61.59 Y55.322 E5.39807
G1 X68.84 Y48.073 E5.89117
G1 X69.385 Y48.073 E5.91738
G1 X61.59 Y55.867 E6.44755
G1 X61.59 Y56.413 E6.47381
G1 X69.93 Y48.073 E7.04109
G1 X70.476 Y48.073 E7.06735
G1 X61.59 Y56.958 E7.67173
G1 X61.59 Y57.503 E7.69794
G1 X71.021 Y48.073 E8.33939
G1 X71.566 Y48.073 E8.3656
G1 X61.59 Y58.049 E9.04416
G1 X61.59 Y58.594 E9.07037
G1 X72.112 Y48.073 E9.78603
G1 X72.657 Y48.073 E9.81224
G1 X61.59 Y59.139 E10.56497
G1 X61.29 Y60.186 F7800
;WIDTH:0.404381
G1 F1200
G1 X61.438 Y59.967 E10.57618
;WIDTH:0.45
G1 X61.581 Y59.694 E10.591
G1 X73.202 Y48.073 E11.38145
G1 E9.38145 F2400
G92 E0
G1 X58.185 Y60.895 F7800
G1 E2 F2400
;WIDTH:0.527689
G1 F1200
G1 X58.144 Y60.854 E2.00335
G1 X58.088 Y60.869 E2.0067
G1 X58.073 Y60.925 E2.01005
G1 X58.114 Y60.966 E2.0134
G1 X58.17 Y60.951 E2.01675
;WIDTH:0.45
G1 X58.09 Y61.549 E2.04577
G1 X58.768 Y60.871 E2.09189
G1 X59.314 Y60.871 E2.11815
G1 X58.09 Y62.094 E2.20137
G1 X58.09 Y62.639 E2.22758
G1 X59.859 Y60.871 E2.34787
G1 X60.87 Y60.598 F7800
;WIDTH:0.404381
G1 F1200
G1 X60.684 Y60.717 E2.35723
;WIDTH:0.45
G1 X60.411 Y60.864 E2.37214
G1 X58.09 Y63.185 E2.53001
G1 X58.019 Y63.447 E2.54307
;WIDTH:0.404381
G1 X57.947 Y63.427 E2.54624
G1 X57.966 Y63.499 E2.5494
G1 X58.008 Y63.488 E2.55124
;WIDTH:0.45
G1 X58.09 Y63.73 E2.56353
G1 X73.748 Y48.073 E3.62853
G1 X74.293 Y48.073 E3.65474
G1 X58.09 Y64.276 E4.75685
G1 X58.09 Y64.821 E4.78306
G1 X74.839 Y48.073 E5.92227
G1 X75.384 Y48.073 E5.94848
G1 X58.09 Y65.366 E7.12476
G1 X58.09 Y65.912 E7.15102
G1 X75.929 Y48.073 E8.36441
G1 X76.475 Y48.073 E8.39067
G1 X58.09 Y66.457 E9.64116
G1 X58.09 Y67.002 E9.66737
G1 X77.02 Y48.073 E10.95493
G1 X77.565 Y48.073 E10.98114
G1 X58.09 Y67.548 E12.30581
G1 X58.09 Y68.093 E12.33202
G1 X78.111 Y48.073 E13.69379
G1 X78.656 Y48.073 E13.72
G1 X58.09 Y68.638 E15.11884
G1 X58.09 Y69.184 E15.1451
G1 X79.201 Y48.073 E16.58104
G1 X79.747 Y48.073 E16.6073
G1 X58.09 Y69.729 E18.08035
G1 X58.09 Y70.274 E18.10656
G1 X80.292 Y48.073 E19.61668
G1 X80.837 Y48.073 E19.64289
G1 X58.09 Y70.82 E21.19011
G1 X58.09 Y71.365 E21.21632
G1 X81.383 Y48.073 E22.80065
G1 X81.928 Y48.073 E22.82686
G1 X58.09 Y71.91 E24.44826
G1 X58.09 Y72.456 E24.47452
G1 X82.473 Y48.073 E26.13302
G1 X83.019 Y48.073 E26.15928
G1 X58.09 Y73.001 E27.85489
G1 X58.09 Y73.546 E27.8811
G1 X83.564 Y48.073 E29.61378
G1 X84.109 Y48.073 E29.63999
G1 X58.09 Y74.092 E31.40977
G1 X58.09 Y74.637 E31.43598
G1 X84.655 Y48.073 E33.24286
G1 X85.2 Y48.073 E33.26907
G1 X58.09 Y75.182 E35.11302
G1 X58.09 Y75.728 E35.13928
G1 X85.745 Y48.073 E37.02034
G1 X86.291 Y48.073 E37.0466
G1 X58.09 Y76.273 E38.96476
G1 X58.09 Y76.819 E38.99102
G1 X86.836 Y48.073 E40.94629
G1 X87.382 Y48.073 E40.97255
G1 X58.09 Y77.364 E42.96492
G1 X58.09 Y77.909 E42.99113
G1 X87.927 Y48.073 E45.02057
G1 X88.472 Y48.073 E45.04678
G1 X58.09 Y78.455 E47.11333
G1 X58.09 Y79 E47.13954
G1 X89.018 Y48.073 E49.24319
G1 X89.563 Y48.073 E49.2694
G1 X58.09 Y79.545 E51.41012
G1 X58.09 Y80.091 E51.43638
G1 X90.108 Y48.073 E53.6142
G1 X90.654 Y48.073 E53.64046
G1 X58.09 Y80.636 E55.85539
G1 X58.09 Y81.181 E55.8816
G1 X91.199 Y48.073 E58.1336
G1 X91.744 Y48.073 E58.15981
G1 X58.09 Y81.727 E60.44891
G1 X58.09 Y82.272 E60.47512
G1 X92.29 Y48.073 E62.80133
G1 X92.835 Y48.073 E62.82754
G1 X58.09 Y82.817 E65.19082
G1 X58.09 Y83.363 E65.21708
G1 X93.38 Y48.073 E67.61746
G1 X93.926 Y48.073 E67.64372
G1 X58.09 Y83.908 E70.08121
G1 X58.09 Y84.453 E70.10742
G1 X94.471 Y48.073 E72.58198
G1 X95.016 Y48.073 E72.60819
G1 X58.09 Y84.999 E75.11985
G1 X58.09 Y85.544 E75.14606
G1 X95.562 Y48.073 E77.69482
G1 X96.107 Y48.073 E77.72103
G1 X58.09 Y86.089 E80.30687
G1 X58.09 Y86.635 E80.33313
G1 X96.652 Y48.073 E82.95607
G1 X97.198 Y48.073 E82.98233
G1 X58.09 Y87.18 E85.64237
G1 X58.09 Y87.725 E85.66858
G1 X97.743 Y48.073 E88.36569
G1 X98.288 Y48.073 E88.3919
G1 X58.09 Y88.271 E91.12612
G1 X58.09 Y88.816 E91.15233
G1 X98.834 Y48.073 E93.92365
G1 X99.379 Y48.073 E93.94986
G1 X58.09 Y89.362 E96.75829
G1 X58.09 Y89.907 E96.7845
G1 X99.925 Y48.073 E99.63003
G1 X100.47 Y48.073 E99.65624
G1 X58.09 Y90.452 E102.53884
G1 X58.09 Y90.998 E102.5651
G1 X101.015 Y48.073 E105.48481
G1 X101.561 Y48.073 E105.51107
G1 X58.09 Y91.543 E108.46788
G1 X58.09 Y92.088 E108.49409
G1 X102.106 Y48.073 E111.48797
G1 X102.651 Y48.073 E111.51418
G1 X58.09 Y92.634 E114.54516
G1 X58.09 Y93.179 E114.57137
G1 X103.197 Y48.073 E117.63946
G1 X103.742 Y48.073 E117.66567
G1 X58.09 Y93.724 E120.77083
G1 X58.09 Y94.27 E120.79709
G1 X104.287 Y48.073 E123.93935
G1 X104.833 Y48.073 E123.96561
G1 X58.09 Y94.815 E127.14498
G1 X58.09 Y95.36 E127.17119
G1 X105.378 Y48.073 E130.38763
G1 X105.923 Y48.073 E130.41384
G1 X58.09 Y95.906 E133.66738
G1 X58.09 Y96.451 E133.69359
G1 X106.469 Y48.073 E136.98424
G1 X107.014 Y48.073 E137.01045
G1 X58.09 Y96.996 E140.33817
G1 X58.09 Y97.542 E140.36443
G1 X107.559 Y48.073 E143.72925
G1 X108.105 Y48.073 E143.75551
G1 X58.09 Y98.087 E147.15743
G1 X58.09 Y98.632 E147.18364
G1 X108.65 Y48.073 E150.62263
G1 X109.195 Y48.073 E150.64884
G1 X58.09 Y99.178 E154.12494
G1 X58.09 Y99.723 E154.15115
G1 X109.741 Y48.073 E157.66435
G1 X110.286 Y48.073 E157.69056
G1 X58.09 Y100.268 E161.24083
G1 X58.09 Y100.814 E161.26709
G1 X110.831 Y48.073 E164.85447
G1 X111.377 Y48.073 E164.88073
G1 X58.09 Y101.359 E168.50521
G1 X58.09 Y101.905 E168.53147
G1 X111.922 Y48.073 E172.19306
G1 X112.468 Y48.073 E172.21932
G1 X58.09 Y102.45 E175.91801
G1 X58.09 Y102.995 E175.94422
G1 X113.013 Y48.073 E179.67998
G1 X113.558 Y48.073 E179.70619
G1 X58.09 Y103.541 E183.47905
G1 X58.09 Y104.086 E183.50526
G1 X114.104 Y48.073 E187.31523
G1 X114.649 Y48.073 E187.34144
G1 X58.09 Y104.631 E191.18848
G1 X58.09 Y105.177 E191.21474
G1 X115.194 Y48.073 E195.09888
G1 X115.74 Y48.073 E195.12514
G1 X58.09 Y105.722 E199.04639
G1 X58.09 Y106.267 E199.0726
G1 X116.285 Y48.073 E203.03092
G1 X116.83 Y48.073 E203.05713
G1 X58.09 Y106.813 E207.05255
G1 X58.09 Y107.358 E207.07876
G1 X117.376 Y48.073 E211.11129
G1 X117.921 Y48.073 E211.1375
G1 X58.09 Y107.903 E215.2071
G1 X58.09 Y108.449 E215.23336
G1 X118.466 Y48.073 E219.34006
G1 X119.012 Y48.073 E219.36632
G1 X58.09 Y108.994 E223.51012
G1 X58.09 Y109.539 E223.53633
G1 X119.557 Y48.073 E227.71721
G1 X120.102 Y48.073 E227.74342
G1 X58.09 Y110.085 E231.9614
G1 X58.09 Y110.63 E231.98761
G1 X120.648 Y48.073 E236.24269
G1 X121.193 Y48.073 E236.2689
G1 X58.09 Y111.175 E240.56105
G1 X58.09 Y111.721 E240.58731
G1 X121.738 Y48.073 E244.91657
G1 X122.284 Y48.073 E244.94283
G1 X58.09 Y112.266 E249.30919
G1 X58.09 Y112.811 E249.3354
G1 X122.829 Y48.073 E253.73883
G1 X123.374 Y48.073 E253.76504
G1 X58.09 Y113.357 E258.20558
G1 X58.09 Y113.902 E258.23179
G1 X123.92 Y48.073 E262.70943
G1 X124.465 Y48.073 E262.73564
G1 X58.09 Y114.448 E267.25039
G1 X58.09 Y114.993 E267.2766
G1 X125.011 Y48.073 E271.82845
G1 X125.556 Y48.073 E271.85466
G1 X58.09 Y115.538 E276.44358
G1 X58.09 Y116.084 E276.46984
G1 X126.101 Y48.073 E281.09586
G1 X126.647 Y48.073 E281.12212
G1 X58.09 Y116.629 E285.78525
G1 X58.09 Y117.174 E285.81146
G1 X127.192 Y48.073 E290.51166
G1 X127.737 Y48.073 E290.53787
G1 X58.09 Y117.72 E295.27517
G1 X58.09 Y118.265 E295.30138
G1 X128.283 Y48.073 E300.07579
G1 X128.828 Y48.073 E300.102
G1 X58.09 Y118.81 E304.91348
G1 X58.09 Y119.356 E304.93974
G1 X129.373 Y48.073 E309.78832
G1 X129.919 Y48.073 E309.81458
G1 X58.09 Y119.901 E314.70027
G1 X58.09 Y120.446 E314.72648
G1 X130.464 Y48.073 E319.64924
G1 X131.009 Y48.073 E319.67545
G1 X58.09 Y120.992 E324.63531
G1 X58.09 Y121.537 E324.66152
G1 X131.555 Y48.073 E329.65848
G1 X132.1 Y48.073 E329.68469
G1 X58.09 Y122.082 E334.71872
G1 X58.09 Y122.628 E334.74498
G1 X132.645 Y48.073 E339.81612
G1 X133.191 Y48.073 E339.84238
G1 X58.09 Y123.173 E344.95062
G1 X58.09 Y123.718 E344.97683
G1 X133.736 Y48.073 E350.12214
G1 X134.281 Y48.073 E350.14835
G1 X58.09 Y124.264 E355.33077
G1 X58.09 Y124.809 E355.35698
G1 X134.827 Y48.073 E360.5765
G1 X135.372 Y48.073 E360.60271
G1 X58.09 Y125.354 E365.8593
G1 X58.09 Y125.9 E365.88556
G1 X135.917 Y48.073 E371.17926
G1 X136.463 Y48.073 E371.20552
G1 X58.09 Y126.445 E376.53632
G1 X58.09 Y126.991 E376.56258
G1 X137.008 Y48.073 E381.93048
G1 X137.554 Y48.073 E381.95674
G1 X58.09 Y127.536 E387.36175
G1 X58.09 Y128.081 E387.38796
G1 X138.099 Y48.073 E392.83004
G1 E390.83004 F2400
G92 E0
G1 X131.654 Y55.063 F7800
G1 E2 F2400
G1 F1200
G1 X58.09 Y128.627 E7.00373
G1 X58.09 Y129.172 E7.02994
G1 X123.411 Y63.843 E11.47327
;WIDTH:0.438199
G1 X129.545 Y57.516 E11.88414
G1 E9.88414 F2400
G92 E0
G1 X121.038 Y66.568 F7800
G1 E2 F2400
G1 F1200
G1 X114.905 Y72.894 E2.41081
;WIDTH:0.45
G1 X58.09 Y129.717 E6.27557
G1 X58.09 Y130.263 E6.30183
G1 X106.399 Y81.946 E9.58802
;WIDTH:0.438199
G1 X112.532 Y75.619 E9.99886
G1 E7.99886 F2400
G92 E0
G1 X104.026 Y84.671 F7800
G1 E2 F2400
G1 F1200
G1 X97.892 Y90.998 E2.41087
;WIDTH:0.45
G1 X58.09 Y130.808 E5.11842
G1 X58.09 Y131.353 E5.14463
G1 X89.386 Y100.049 E7.27362
;WIDTH:0.438199
G1 X95.519 Y93.723 E7.68443
G1 E5.68443 F2400
G92 E0
G1 X87.013 Y102.774 F7800
G1 E2 F2400
G1 F1200
G1 X80.88 Y109.101 E2.41084
;WIDTH:0.45
G1 X58.09 Y131.899 E3.96126
G1 X58.09 Y132.444 E3.98747
G1 X72.373 Y118.153 E4.95925
;WIDTH:0.438199
G1 X78.506 Y111.826 E5.37009
G1 E3.37009 F2400
G92 E0
G1 X70 Y120.878 F7800
G1 E2 F2400
G1 F1200
G1 X63.867 Y127.205 E2.41084
;WIDTH:0.45
G1 X58.09 Y132.989 E2.80402
G1 X58.059 Y133.421 E2.82485
;WIDTH:0.404381
G1 X58.178 Y133.35 E2.83073
G1 X61.494 Y129.93 E3.03274
;LAYER_CHANGE
;Z:5.15
;HEIGHT:0.3
G1 E1.03274 F2400
G92 E0
G1 Z5.15 F7800
;AFTER_LAYER_CHANGE
;5.15
G1 X61.013 Y60.297
G1 E2 F2400
;TYPE:Perimeter
;WIDTH:0.45
G1 F1500
G1 X61.046 Y60.271 E2.00202
G1 X61.231 Y59.978 E2.01869
G1 X61.301 Y59.618 E2.03633
G1 X61.301 Y47.784 E2.6055
G1 X138.892 Y47.784 E6.33736
G1 X57.801 Y134.073 E12.03259
G1 X57.801 Y60.582 E15.56725
G1 X60.475 Y60.582 E15.69586
G1 X60.792 Y60.468 E15.71206
G1 X60.965 Y60.333 E15.72261
G1 X60.735 Y60.015 F7800
G1 F1500
G1 X60.848 Y59.889 E15.73075
G1 X60.916 Y59.618 E15.74419
G1 X60.916 Y47.398 E16.33193
G1 X139.783 Y47.398 E20.12516
G1 X57.416 Y135.046 E25.91005
G1 X57.416 Y60.196 E29.51007
G1 X60.425 Y60.196 E29.65479
G1 X60.663 Y60.096 E29.66721
G1 X60.695 Y60.06 E29.66953
G1 X60.47 Y59.744 F7800
;TYPE:External perimeter
G1 F1500
G1 X60.53 Y59.618 E29.67624
G1 X60.53 Y47.012 E30.28254
G1 X140.675 Y47.012 E34.13724
G1 X57.03 Y136.02 E40.01189
G1 X57.03 Y59.81 E43.67733
G1 X60.337 Y59.81 E43.83639
G1 X60.426 Y59.779 E43.84092
G1 X60.522 Y59.39 F7800
G1 E41.84092 F2400
G92 E0
G1 X138.312 Y48.235 F7800
G1 E2 F2400
;TYPE:Top solid infill
;WIDTH:0.400247
G1 F900
G1 X138.124 Y48.048 E2.01111
G1 X137.649 Y48.048 E2.03101
G1 X137.975 Y48.374 E2.05032
G1 X137.745 Y48.618 E2.06437
G1 X137.174 Y48.048 E2.09817
G1 X136.699 Y48.048 E2.11807
G1 X137.515 Y48.863 E2.16638
G1 X137.284 Y49.108 E2.18049
G1 X136.224 Y48.048 E2.24329
G1 X135.749 Y48.048 E2.26319
G1 X137.054 Y49.353 E2.3405
G1 X136.824 Y49.598 E2.35458
G1 X135.274 Y48.048 E2.44641
G1 X134.799 Y48.048 E2.46631
G1 X136.594 Y49.843 E2.57265
G1 X136.364 Y50.088 E2.58673
G1 X134.324 Y48.048 E2.70759
G1 X133.849 Y48.048 E2.72749
G1 X136.134 Y50.332 E2.86283
G1 X135.904 Y50.577 E2.87691
G1 X133.374 Y48.048 E3.02676
G1 X132.899 Y48.048 E3.04666
G1 X135.674 Y50.822 E3.21103
G1 X135.443 Y51.067 E3.22514
G1 X132.424 Y48.048 E3.40399
G1 X131.949 Y48.048 E3.42389
G1 X135.213 Y51.312 E3.61726
G1 X134.983 Y51.557 E3.63134
G1 X131.474 Y48.048 E3.83922
G1 X130.999 Y48.048 E3.85912
G1 X134.753 Y51.802 E4.08152
G1 X134.523 Y52.047 E4.0956
G1 X130.524 Y48.048 E4.33251
G1 X130.049 Y48.048 E4.35241
G1 X134.293 Y52.291 E4.60381
G1 X134.063 Y52.536 E4.61789
G1 X129.574 Y48.048 E4.8838
G1 X129.099 Y48.048 E4.9037
G1 X133.833 Y52.781 E5.18413
G1 X133.603 Y53.026 E5.19821
G1 X128.624 Y48.048 E5.49315
G1 X128.149 Y48.048 E5.51305
G1 X133.372 Y53.271 E5.82248
G1 X133.142 Y53.516 E5.83656
G1 X127.674 Y48.048 E6.1605
G1 X127.199 Y48.048 E6.1804
G1 X132.912 Y53.761 E6.51885
G1 X132.682 Y54.006 E6.53293
G1 X126.724 Y48.048 E6.8859
G1 X126.249 Y48.048 E6.9058
G1 X132.452 Y54.25 E7.27325
G1 X132.222 Y54.495 E7.28733
G1 X125.774 Y48.048 E7.6693
G1 X125.299 Y48.048 E7.6892
G1 X131.992 Y54.74 E8.08568
G1 X131.762 Y54.985 E8.09976
G1 X124.824 Y48.048 E8.51076
G1 X124.349 Y48.048 E8.53066
G1 X131.531 Y55.23 E8.95614
G1 X131.301 Y55.475 E8.97022
G1 X123.874 Y48.048 E9.41022
G1 X123.399 Y48.048 E9.43012
G1 X131.071 Y55.72 E9.88463
G1 X130.841 Y55.964 E9.89868
G1 X122.925 Y48.048 E10.36765
G1 X122.45 Y48.048 E10.38755
G1 X130.611 Y56.209 E10.87103
G1 X130.381 Y56.454 E10.88511
G1 X121.975 Y48.048 E11.38311
G1 X121.5 Y48.048 E11.40301
G1 X130.151 Y56.699 E11.91552
G1 X129.921 Y56.944 E11.9296
G1 X121.025 Y48.048 E12.45662
G1 X120.55 Y48.048 E12.47652
G1 X129.691 Y57.189 E13.01806
G1 X129.46 Y57.434 E13.03217
G1 X120.075 Y48.048 E13.58819
G1 X119.6 Y48.048 E13.60809
G1 X129.23 Y57.679 E14.17863
G1 X129 Y57.923 E14.19268
G1 X119.125 Y48.048 E14.7777
G1 X118.65 Y48.048 E14.7976
G1 X128.77 Y58.168 E15.39714
G1 X128.54 Y58.413 E15.41122
G1 X118.175 Y48.048 E16.02527
G1 X117.7 Y48.048 E16.04517
G1 X128.31 Y58.658 E16.67374
G1 X128.08 Y58.903 E16.68782
G1 X117.225 Y48.048 E17.3309
G1 X116.75 Y48.048 E17.3508
G1 X127.85 Y59.148 E18.0084
G1 X127.62 Y59.393 E18.02248
G1 X116.275 Y48.048 E18.69459
G1 X115.8 Y48.048 E18.71449
G1 X127.389 Y59.638 E19.40109
G1 X127.159 Y59.882 E19.41514
G1 X115.325 Y48.048 E20.11622
G1 X114.85 Y48.048 E20.13612
G1 X126.929 Y60.127 E20.85172
G1 X126.699 Y60.372 E20.8658
G1 X114.375 Y48.048 E21.59591
G1 X113.9 Y48.048 E21.61581
G1 X126.469 Y60.617 E22.36043
G1 X126.239 Y60.862 E22.37451
G1 X113.425 Y48.048 E23.13365
G1 X112.95 Y48.048 E23.15355
G1 X126.009 Y61.107 E23.9272
G1 X125.779 Y61.352 E23.94128
G1 X112.475 Y48.048 E24.72945
G1 X112 Y48.048 E24.74935
G1 X125.548 Y61.596 E25.55197
G1 X125.318 Y61.841 E25.56605
G1 X111.525 Y48.048 E26.38319
G1 X111.05 Y48.048 E26.40309
G1 X125.088 Y62.086 E27.23474
G1 X124.858 Y62.331 E27.24882
G1 X110.575 Y48.048 E28.09499
G1 X110.1 Y48.048 E28.11489
G1 X124.628 Y62.576 E28.97557
G1 X124.398 Y62.821 E28.98965
G1 X109.625 Y48.048 E29.86485
G1 X109.15 Y48.048 E29.88475
G1 X124.168 Y63.066 E30.77446
G1 X123.938 Y63.311 E30.78854
G1 X108.675 Y48.048 E31.69276
G1 X108.2 Y48.048 E31.71266
G1 X123.708 Y63.555 E32.63137
G1 X123.477 Y63.8 E32.64548
G1 X107.725 Y48.048 E33.57867
G1 X107.25 Y48.048 E33.59857
G1 X123.247 Y64.045 E34.54628
G1 X123.017 Y64.29 E34.56036
G1 X106.775 Y48.048 E35.52258
G1 X106.3 Y48.048 E35.54248
G1 X122.787 Y64.535 E36.51922
G1 X122.557 Y64.78 E36.5333
G1 X105.825 Y48.048 E37.52455
G1 X105.35 Y48.048 E37.54445
G1 X122.327 Y65.025 E38.55022
G1 X122.097 Y65.27 E38.5643
G1 X104.875 Y48.048 E39.58458
G1 X104.4 Y48.048 E39.60448
G1 X121.867 Y65.514 E40.63925
G1 X121.636 Y65.759 E40.65336
G1 X103.925 Y48.048 E41.70261
G1 X103.45 Y48.048 E41.72251
G1 X121.406 Y66.004 E42.78628
G1 X121.176 Y66.249 E42.80036
G1 X102.975 Y48.048 E43.87864
G1 X102.5 Y48.048 E43.89854
G1 X120.946 Y66.494 E44.99133
G1 X120.716 Y66.739 E45.00541
G1 X102.025 Y48.048 E46.11272
G1 X101.55 Y48.048 E46.13262
G1 X120.486 Y66.984 E47.25444
G1 X120.256 Y67.228 E47.26849
G1 X101.075 Y48.048 E48.4048
G1 X100.6 Y48.048 E48.4247
G1 X120.026 Y67.473 E49.57552
G1 X119.796 Y67.718 E49.5896
G1 X100.125 Y48.048 E50.75494
G1 X99.65 Y48.048 E50.77484
G1 X119.565 Y67.963 E51.95466
G1 X119.335 Y68.208 E51.96874
G1 X99.175 Y48.048 E53.16308
G1 X98.7 Y48.048 E53.18298
G1 X119.105 Y68.453 E54.39183
G1 X118.875 Y68.698 E54.40591
G1 X98.225 Y48.048 E55.62928
G1 X97.75 Y48.048 E55.64918
G1 X118.645 Y68.943 E56.88706
G1 X118.415 Y69.187 E56.90111
G1 X97.275 Y48.048 E58.15348
G1 X96.8 Y48.048 E58.17338
G1 X118.185 Y69.432 E59.44026
G1 X117.955 Y69.677 E59.45434
G1 X96.325 Y48.048 E60.73573
G1 X95.85 Y48.048 E60.75563
G1 X117.724 Y69.922 E62.05151
G1 X117.494 Y70.167 E62.06559
G1 X95.375 Y48.048 E63.37598
G1 X94.9 Y48.048 E63.39588
G1 X117.264 Y70.412 E64.72079
G1 X117.034 Y70.657 E64.73487
G1 X94.425 Y48.048 E66.07429
G1 X93.95 Y48.048 E66.09419
G1 X116.804 Y70.902 E67.44813
G1 X116.574 Y71.146 E67.46218
G1 X93.475 Y48.048 E68.8306
G1 X93 Y48.048 E68.8505
G1 X116.344 Y71.391 E70.23344
G1 X116.114 Y71.636 E70.24752
G1 X92.525 Y48.048 E71.64497
G1 X92.05 Y48.048 E71.66487
G1 X115.884 Y71.881 E73.07684
G1 X115.653 Y72.126 E73.09095
G1 X91.575 Y48.048 E74.5174
G1 X91.1 Y48.048 E74.5373
G1 X115.423 Y72.371 E75.97827
G1 X115.193 Y72.616 E75.99235
G1 X90.625 Y48.048 E77.44783
G1 X90.15 Y48.048 E77.46773
G1 X114.963 Y72.86 E78.93769
G1 X114.733 Y73.105 E78.95177
G1 X89.675 Y48.048 E80.43625
G1 X89.2 Y48.048 E80.45615
G1 X114.503 Y73.35 E81.95514
G1 X114.273 Y73.595 E81.96922
G1 X88.725 Y48.048 E83.48273
G1 X88.251 Y48.048 E83.50259
G1 X114.043 Y73.84 E85.03058
G1 X113.813 Y74.085 E85.04466
G1 X87.776 Y48.048 E86.58717
G1 X87.301 Y48.048 E86.60707
G1 X113.582 Y74.33 E88.16406
G1 X113.352 Y74.575 E88.17814
G1 X86.826 Y48.048 E89.74965
G1 X86.351 Y48.048 E89.76955
G1 X113.122 Y74.819 E91.35554
G1 X112.892 Y75.064 E91.36962
G1 X85.876 Y48.048 E92.97013
G1 X85.401 Y48.048 E92.99003
G1 X112.662 Y75.309 E94.60505
G1 X112.432 Y75.554 E94.61913
G1 X84.926 Y48.048 E96.24867
G1 X84.451 Y48.048 E96.26857
G1 X112.202 Y75.799 E97.91262
G1 X111.972 Y76.044 E97.9267
G1 X83.976 Y48.048 E99.58526
G1 X83.501 Y48.048 E99.60516
G1 X111.741 Y76.289 E101.27821
G1 X111.511 Y76.533 E101.29226
G1 X83.026 Y48.048 E102.97979
G1 X82.551 Y48.048 E102.99969
G1 X111.281 Y76.778 E104.70174
G1 X111.051 Y77.023 E104.71582
G1 X82.076 Y48.048 E106.43238
G1 X81.601 Y48.048 E106.45228
G1 X110.821 Y77.268 E108.18336
G1 X110.591 Y77.513 E108.19744
G1 X81.126 Y48.048 E109.94303
G1 X80.651 Y48.048 E109.96293
G1 X110.361 Y77.758 E111.72304
G1 X110.131 Y78.003 E111.73712
G1 X80.176 Y48.048 E113.51174
G1 X79.701 Y48.048 E113.53164
G1 X109.901 Y78.248 E115.32078
G1 X109.67 Y78.492 E115.33486
G1 X79.226 Y48.048 E117.13845
G1 X78.751 Y48.048 E117.15835
G1 X109.44 Y78.737 E118.97646
G1 X109.21 Y78.982 E118.99054
G1 X78.276 Y48.048 E120.82316
G1 X77.801 Y48.048 E120.84306
G1 X108.98 Y79.227 E122.69019
G1 X108.75 Y79.472 E122.70427
G1 X77.326 Y48.048 E124.56592
G1 X76.851 Y48.048 E124.58582
G1 X108.52 Y79.717 E126.46198
G1 X108.29 Y79.962 E126.47606
G1 X76.376 Y48.048 E128.36674
G1 X75.901 Y48.048 E128.38664
G1 X108.06 Y80.207 E130.29183
G1 X107.829 Y80.451 E130.30591
G1 X75.426 Y48.048 E132.22556
G1 X74.951 Y48.048 E132.24546
G1 X107.599 Y80.696 E134.17962
G1 X107.369 Y80.941 E134.1937
G1 X74.476 Y48.048 E136.14238
G1 X74.001 Y48.048 E136.16228
G1 X107.139 Y81.186 E138.12547
G1 X106.909 Y81.431 E138.13955
G1 X73.526 Y48.048 E140.11726
G1 X73.051 Y48.048 E140.13716
G1 X106.679 Y81.676 E142.12938
G1 X106.449 Y81.921 E142.14346
G1 X72.576 Y48.048 E144.15019
G1 X72.101 Y48.048 E144.17009
G1 X106.219 Y82.165 E146.19131
G1 X105.989 Y82.41 E146.20539
G1 X71.626 Y48.048 E148.24112
G1 X71.151 Y48.048 E148.26102
G1 X105.758 Y82.655 E150.31124
G1 X105.528 Y82.9 E150.32532
G1 X70.676 Y48.048 E152.39005
G1 X70.201 Y48.048 E152.40995
G1 X105.298 Y83.145 E154.4892
G1 X105.068 Y83.39 E154.50328
G1 X69.726 Y48.048 E156.59704
G1 X69.251 Y48.048 E156.61694
G1 X104.838 Y83.635 E158.72522
G1 X104.608 Y83.88 E158.7393
G1 X68.776 Y48.048 E160.86209
G1 X68.301 Y48.048 E160.88199
G1 X104.378 Y84.124 E163.01927
G1 X104.148 Y84.369 E163.03335
G1 X67.826 Y48.048 E165.18514
G1 X67.351 Y48.048 E165.20504
G1 X103.917 Y84.614 E167.37132
G1 X103.687 Y84.859 E167.3854
G1 X66.876 Y48.048 E169.56619
G1 X66.401 Y48.048 E169.58609
G1 X103.457 Y85.104 E171.7814
G1 X103.227 Y85.349 E171.79548
G1 X65.926 Y48.048 E174.0053
G1 X65.451 Y48.048 E174.0252
G1 X102.997 Y85.594 E176.24953
G1 X102.767 Y85.839 E176.26361
G1 X64.976 Y48.048 E178.50246
G1 X64.501 Y48.048 E178.52236
G1 X102.537 Y86.083 E180.77569
G1 X102.307 Y86.328 E180.78977
G1 X64.026 Y48.048 E183.05762
G1 X63.551 Y48.048 E183.07752
G1 X102.077 Y86.573 E185.35988
G1 X101.846 Y86.818 E185.37399
G1 X63.076 Y48.048 E187.67084
G1 X62.601 Y48.048 E187.69074
G1 X101.616 Y87.063 E190.0021
G1 X101.386 Y87.308 E190.01618
G1 X62.126 Y48.048 E192.34206
G1 X61.651 Y48.048 E192.36196
G1 X101.156 Y87.553 E194.70235
G1 X100.926 Y87.797 E194.7164
G1 X61.565 Y48.437 E197.04823
G1 X61.565 Y48.912 E197.06813
G1 X100.696 Y88.042 E199.38633
G1 X100.466 Y88.287 E199.40041
G1 X61.565 Y49.387 E201.70499
G1 X61.565 Y49.862 E201.72489
G1 X100.236 Y88.532 E204.01584
G1 X100.006 Y88.777 E204.02992
G1 X61.565 Y50.337 E206.30725
G1 X61.565 Y50.812 E206.32715
G1 X99.775 Y89.022 E208.59082
G1 X99.545 Y89.267 E208.6049
G1 X61.565 Y51.287 E210.85495
G1 X61.565 Y51.762 E210.87485
G1 X99.315 Y89.512 E213.11127
G1 X99.085 Y89.756 E213.12532
G1 X61.565 Y52.237 E215.34808
G1 X61.565 Y52.712 E215.36798
G1 X98.855 Y90.001 E217.57712
G1 X98.625 Y90.246 E217.5912
G1 X61.565 Y53.187 E219.78671
G1 X61.565 Y53.662 E219.80661
G1 X98.395 Y90.491 E221.9885
G1 X98.165 Y90.736 E222.00258
G1 X61.565 Y54.137 E224.17084
G1 X61.565 Y54.612 E224.19074
G1 X97.934 Y90.981 E226.34535
G1 X97.704 Y91.226 E226.35943
G1 X61.565 Y55.087 E228.50041
G1 X61.565 Y55.562 E228.52031
G1 X97.474 Y91.471 E230.64766
G1 X97.244 Y91.715 E230.66171
G1 X61.565 Y56.037 E232.77541
G1 X61.565 Y56.512 E232.79531
G1 X97.014 Y91.96 E234.89538
G1 X96.784 Y92.205 E234.90946
G1 X61.565 Y56.987 E236.99591
G1 X61.565 Y57.462 E237.01581
G1 X96.554 Y92.45 E239.08863
G1 X96.324 Y92.695 E239.10271
G1 X61.565 Y57.937 E241.1619
G1 X61.565 Y58.412 E241.1818
G1 X96.094 Y92.94 E243.22737
G1 X95.863 Y93.185 E243.24148
G1 X61.565 Y58.887 E245.27339
G1 X61.565 Y59.362 E245.29329
G1 X95.633 Y93.429 E247.31155
G1 X95.403 Y93.674 E247.32563
G1 X61.541 Y59.812 E249.33171
G1 X61.525 Y59.934 E249.33686
G1 X61.425 Y60.172 E249.34767
G1 X95.173 Y93.919 E251.34697
G1 X94.943 Y94.164 E251.36105
G1 X61.23 Y60.451 E253.35831
G1 X61.186 Y60.507 E253.36129
G1 X60.968 Y60.664 E253.37254
G1 X94.713 Y94.409 E255.37169
G1 X94.483 Y94.654 E255.38577
G1 X60.633 Y60.804 E257.39114
G1 X60.341 Y60.846 E257.4035
G1 X60.2 Y60.846 E257.40941
G1 X94.253 Y94.899 E259.42681
G1 X94.022 Y95.144 E259.44092
G1 X59.725 Y60.846 E261.4728
G1 X59.25 Y60.846 E261.4927
G1 X93.792 Y95.388 E263.53907
G1 X93.562 Y95.633 E263.55315
G1 X58.775 Y60.846 E265.61403
G1 X58.3 Y60.846 E265.63393
G1 X93.332 Y95.878 E267.70933
G1 X93.102 Y96.123 E267.72341
G1 X58.065 Y61.087 E269.79907
G1 X58.065 Y61.561 E269.81893
G1 X92.872 Y96.368 E271.881
G1 X92.642 Y96.613 E271.89508
G1 X58.065 Y62.036 E273.94352
G1 X58.065 Y62.511 E273.96342
G1 X92.412 Y96.858 E275.99824
G1 X92.182 Y97.103 E276.01232
G1 X58.065 Y62.986 E278.03351
G1 X58.065 Y63.461 E278.05341
G1 X91.951 Y97.347 E280.06092
G1 X91.721 Y97.592 E280.075
G1 X58.065 Y63.936 E282.06888
G1 X58.065 Y64.411 E282.08878
G1 X91.491 Y97.837 E284.06903
G1 X91.261 Y98.082 E284.08311
G1 X58.065 Y64.886 E286.04974
G1 X58.065 Y65.361 E286.06964
G1 X91.031 Y98.327 E288.02264
G1 X90.801 Y98.572 E288.03672
G1 X58.065 Y65.836 E289.9761
G1 X58.065 Y66.311 E289.996
G1 X90.571 Y98.817 E291.92175
G1 X90.341 Y99.061 E291.9358
G1 X58.065 Y66.786 E293.84789
G1 X58.065 Y67.261 E293.86779
G1 X90.11 Y99.306 E295.76623
G1 X89.88 Y99.551 E295.78031
G1 X58.065 Y67.736 E297.66512
G1 X58.065 Y68.211 E297.68502
G1 X89.65 Y99.796 E299.55621
G1 X89.42 Y100.041 E299.57029
G1 X58.065 Y68.686 E301.42785
G1 X58.065 Y69.161 E301.44775
G1 X89.19 Y100.286 E303.29169
G1 X88.96 Y100.531 E303.30577
G1 X58.065 Y69.636 E305.13608
G1 X58.065 Y70.111 E305.15598
G1 X88.73 Y100.776 E306.97266
G1 X88.5 Y101.02 E306.98671
G1 X58.065 Y70.586 E308.78974
G1 X58.065 Y71.061 E308.80964
G1 X88.27 Y101.265 E310.59904
G1 X88.039 Y101.51 E310.61315
G1 X58.065 Y71.536 E312.3889
G1 X58.065 Y72.011 E312.4088
G1 X87.809 Y101.755 E314.17092
G1 X87.579 Y102 E314.185
G1 X58.065 Y72.486 E315.9335
G1 X58.065 Y72.961 E315.9534
G1 X87.349 Y102.245 E317.68827
G1 X87.119 Y102.49 E317.70235
G1 X58.065 Y73.436 E319.42359
G1 X58.065 Y73.911 E319.44349
G1 X86.889 Y102.735 E321.15111
G1 X86.659 Y102.979 E321.16516
G1 X58.065 Y74.386 E322.85912
G1 X58.065 Y74.861 E322.87902
G1 X86.429 Y103.224 E324.55936
G1 X86.198 Y103.469 E324.57347
G1 X58.065 Y75.336 E326.24015
G1 X58.065 Y75.811 E326.26005
G1 X85.968 Y103.714 E327.9131
G1 X85.738 Y103.959 E327.92718
G1 X58.065 Y76.286 E329.56661
G1 X58.065 Y76.761 E329.58651
G1 X85.508 Y104.204 E331.21231
G1 X85.278 Y104.449 E331.22639
G1 X58.065 Y77.236 E332.83857
G1 X58.065 Y77.711 E332.85847
G1 X85.048 Y104.693 E334.45699
G1 X84.818 Y104.938 E334.47107
G1 X58.065 Y78.186 E336.05597
G1 X58.065 Y78.661 E336.07587
G1 X84.588 Y105.183 E337.64714
G1 X84.358 Y105.428 E337.66122
G1 X58.065 Y79.136 E339.21886
G1 X58.065 Y79.611 E339.23876
G1 X84.127 Y105.673 E340.78275
G1 X83.897 Y105.918 E340.79683
G1 X58.065 Y80.086 E342.32719
G1 X58.065 Y80.561 E342.34709
G1 X83.667 Y106.163 E343.86383
G1 X83.437 Y106.408 E343.87791
G1 X58.065 Y81.036 E345.38102
G1 X58.065 Y81.511 E345.40092
G1 X83.207 Y106.652 E346.89038
G1 X82.977 Y106.897 E346.90446
G1 X58.065 Y81.986 E348.38029
G1 X58.065 Y82.461 E348.40019
G1 X82.747 Y107.142 E349.86239
G1 X82.517 Y107.387 E349.87647
G1 X58.065 Y82.936 E351.32505
G1 X58.065 Y83.411 E351.34495
G1 X82.287 Y107.632 E352.7799
G1 X82.056 Y107.877 E352.79401
G1 X58.065 Y83.886 E354.21531
G1 X58.065 Y84.361 E354.23521
G1 X81.826 Y108.122 E355.64288
G1 X81.596 Y108.367 E355.65696
G1 X58.065 Y84.836 E357.051
G1 X58.065 Y85.311 E357.0709
G1 X81.366 Y108.611 E358.45129
G1 X81.136 Y108.856 E358.46537
G1 X58.065 Y85.786 E359.83213
G1 X58.065 Y86.261 E359.85203
G1 X80.906 Y109.101 E361.20517
G1 X80.676 Y109.346 E361.21925
G1 X58.065 Y86.736 E362.55876
G1 X58.065 Y87.211 E362.57866
G1 X80.446 Y109.591 E363.90455
G1 X80.215 Y109.836 E363.91866
G1 X58.065 Y87.686 E365.23089
G1 X58.065 Y88.161 E365.25079
G1 X79.985 Y110.081 E366.54939
G1 X79.755 Y110.325 E366.56344
G1 X58.065 Y88.636 E367.84839
G1 X58.065 Y89.111 E367.86829
G1 X79.525 Y110.57 E369.13961
G1 X79.295 Y110.815 E369.15369
G1 X58.065 Y89.586 E370.41139
G1 X58.065 Y90.061 E370.43129
G1 X79.065 Y111.06 E371.67536
G1 X78.835 Y111.305 E371.68944
G1 X58.065 Y90.536 E372.91989
G1 X58.065 Y91.011 E372.93979
G1 X78.605 Y111.55 E374.15661
G1 X78.375 Y111.795 E374.17069
G1 X58.065 Y91.486 E375.37388
G1 X58.065 Y91.961 E375.39378
G1 X78.144 Y112.04 E376.58332
G1 X77.914 Y112.284 E376.59737
G1 X58.065 Y92.436 E377.77325
G1 X58.065 Y92.911 E377.79315
G1 X77.684 Y112.529 E378.95541
G1 X77.454 Y112.774 E378.96949
G1 X58.065 Y93.386 E380.11812
G1 X58.065 Y93.861 E380.13802
G1 X77.224 Y113.019 E381.27303
G1 X76.994 Y113.264 E381.28711
G1 X58.065 Y94.336 E382.40849
G1 X58.065 Y94.811 E382.42839
G1 X76.764 Y113.509 E383.53614
G1 X76.534 Y113.754 E383.55022
G1 X58.065 Y95.286 E384.64435
G1 X58.065 Y95.76 E384.66421
G1 X76.303 Y113.999 E385.74471
G1 X76.073 Y114.243 E385.75876
G1 X58.065 Y96.235 E386.82561
G1 X58.065 Y96.71 E386.84551
G1 X75.843 Y114.488 E387.89873
G1 X75.613 Y114.733 E387.91281
G1 X58.065 Y97.185 E388.9524
G1 X58.065 Y97.66 E388.9723
G1 X75.383 Y114.978 E389.99827
G1 X75.153 Y115.223 E390.01235
G1 X58.065 Y98.135 E391.02469
G1 X58.065 Y98.61 E391.04459
G1 X74.923 Y115.468 E392.04331
G1 X74.693 Y115.713 E392.05739
G1 X58.065 Y99.085 E393.04248
G1 X58.065 Y99.56 E393.06238
G1 X74.463 Y115.957 E394.03382
G1 X74.232 Y116.202 E394.04793
G1 X58.065 Y100.035 E395.00571
G1 X58.065 Y100.51 E395.02561
G1 X74.002 Y116.447 E395.96976
G1 X73.772 Y116.692 E395.98384
G1 X58.065 Y100.985 E396.91437
G1 X58.065 Y101.46 E396.93427
G1 X73.542 Y116.937 E397.85117
G1 X73.312 Y117.182 E397.86525
G1 X58.065 Y101.935 E398.76853
G1 X58.065 Y102.41 E398.78843
G1 X73.082 Y117.427 E399.67808
G1 X72.852 Y117.672 E399.69216
G1 X58.065 Y102.885 E400.56818
G1 X58.065 Y103.36 E400.58808
G1 X72.622 Y117.916 E401.45045
G1 X72.391 Y118.161 E401.46456
G1 X58.065 Y103.835 E402.31327
G1 X58.065 Y104.31 E402.33317
G1 X72.161 Y118.406 E403.16826
G1 X71.931 Y118.651 E403.18234
G1 X58.065 Y104.785 E404.0038
G1 X58.065 Y105.26 E404.0237
G1 X71.701 Y118.896 E404.83154
G1 X71.471 Y119.141 E404.84562
G1 X58.065 Y105.735 E405.63983
G1 X58.065 Y106.21 E405.65973
G1 X71.241 Y119.386 E406.44031
G1 X71.011 Y119.631 E406.45439
G1 X58.065 Y106.685 E407.22135
G1 X58.065 Y107.16 E407.24125
G1 X70.781 Y119.875 E407.99455
G1 X70.551 Y120.12 E408.00863
G1 X58.065 Y107.635 E408.74831
G1 X58.065 Y108.11 E408.76821
G1 X70.32 Y120.365 E409.49423
G1 X70.09 Y120.61 E409.50831
G1 X58.065 Y108.585 E410.22071
G1 X58.065 Y109.06 E410.24061
G1 X69.86 Y120.855 E410.93938
G1 X69.63 Y121.1 E410.95346
G1 X58.065 Y109.535 E411.6386
G1 X58.065 Y110.01 E411.6585
G1 X69.4 Y121.345 E412.33002
G1 X69.17 Y121.589 E412.34407
G1 X58.065 Y110.485 E413.00193
G1 X58.065 Y110.96 E413.02183
G1 X68.94 Y121.834 E413.66607
G1 X68.71 Y122.079 E413.68015
G1 X58.065 Y111.435 E414.31076
G1 X58.065 Y111.91 E414.33066
G1 X68.48 Y122.324 E414.94765
G1 X68.249 Y122.569 E414.96176
G1 X58.065 Y112.385 E415.56509
G1 X58.065 Y112.86 E415.58499
G1 X68.019 Y122.814 E416.17469
G1 X67.789 Y123.059 E416.18877
G1 X58.065 Y113.335 E416.76485
G1 X58.065 Y113.81 E416.78475
G1 X67.559 Y123.304 E417.3472
G1 X67.329 Y123.548 E417.36125
G1 X58.065 Y114.285 E417.91005
G1 X58.065 Y114.76 E417.92995
G1 X67.099 Y123.793 E418.46512
G1 X66.869 Y124.038 E418.4792
G1 X58.065 Y115.235 E419.00074
G1 X58.065 Y115.71 E419.02064
G1 X66.639 Y124.283 E419.52856
G1 X66.408 Y124.528 E419.54267
G1 X58.065 Y116.185 E420.03693
G1 X58.065 Y116.66 E420.05683
G1 X66.178 Y124.773 E420.53747
G1 X65.948 Y125.018 E420.55155
G1 X58.065 Y117.135 E421.01856
G1 X58.065 Y117.61 E421.03846
G1 X65.718 Y125.263 E421.49185
G1 X65.488 Y125.507 E421.5059
G1 X58.065 Y118.085 E421.94563
G1 X58.065 Y118.56 E421.96553
G1 X65.258 Y125.752 E422.39163
G1 X65.028 Y125.997 E422.40571
G1 X58.065 Y119.035 E422.81819
G1 X58.065 Y119.51 E422.83809
G1 X64.798 Y126.242 E423.23694
G1 X64.568 Y126.487 E423.25102
G1 X58.065 Y119.985 E423.63625
G1 X58.065 Y120.46 E423.65615
G1 X64.337 Y126.732 E424.02772
G1 X64.107 Y126.977 E424.0418
G1 X58.065 Y120.935 E424.39975
G1 X58.065 Y121.41 E424.41965
G1 X63.877 Y127.221 E424.76394
G1 X63.647 Y127.466 E424.77802
G1 X58.065 Y121.885 E425.10868
G1 X58.065 Y122.36 E425.12858
G1 X63.417 Y127.711 E425.44562
G1 X63.187 Y127.956 E425.4597
G1 X58.065 Y122.835 E425.76311
G1 X58.065 Y123.31 E425.78301
G1 X62.957 Y128.201 E426.0728
G1 X62.727 Y128.446 E426.08688
G1 X58.065 Y123.785 E426.36304
G1 X58.065 Y124.26 E426.38294
G1 X62.496 Y128.691 E426.64545
G1 X62.266 Y128.936 E426.65953
G1 X58.065 Y124.735 E426.90841
G1 X58.065 Y125.21 E426.92831
G1 X62.036 Y129.18 E427.16353
G1 X61.806 Y129.425 E427.17761
G1 X58.065 Y125.685 E427.39921
G1 X58.065 Y126.16 E427.41911
G1 X61.576 Y129.67 E427.62708
G1 X61.346 Y129.915 E427.64116
G1 X58.065 Y126.635 E427.83551
G1 X58.065 Y127.11 E427.85541
G1 X61.116 Y130.16 E428.03613
G1 X60.886 Y130.405 E428.05021
G1 X58.065 Y127.585 E428.2173
G1 X58.065 Y128.06 E428.2372
G1 X60.656 Y130.65 E428.39067
G1 X60.425 Y130.895 E428.40478
G1 X58.065 Y128.535 E428.54459
G1 X58.065 Y129.01 E428.56449
G1 X60.195 Y131.139 E428.69065
G1 X59.965 Y131.384 E428.70473
G1 X58.065 Y129.485 E428.81726
G1 X58.065 Y129.96 E428.83716
G1 X59.735 Y131.629 E428.93607
G1 X59.505 Y131.874 E428.95015
G1 X58.065 Y130.434 E429.03546
G1 X58.065 Y130.909 E429.05536
G1 X59.275 Y132.119 E429.12704
G1 X59.045 Y132.364 E429.14112
G1 X58.065 Y131.384 E429.19918
G1 X58.065 Y131.859 E429.21908
G1 X58.815 Y132.609 E429.26351
G1 X58.584 Y132.853 E429.27759
G1 X58.065 Y132.334 E429.30834
G1 X58.065 Y132.809 E429.32824
G1 X58.354 Y133.098 E429.34536
G1 X58.124 Y133.343 E429.35944
G1 X57.914 Y133.133 E429.37188
G1 E427.37188 F2400
G92 E0
G1 X140.987 Y45.246 F7800
G1 E2 F2400
;TYPE:External perimeter
;WIDTH:0.416667
G1 F1500
G1 X60.513 Y45.246 E5.53595
G1 X60.913 Y45.246 F7800
G1 E3.53595 F2400
G92 E0
G1 X145.191 Y61.006 F7800
G1 E2 F2400
;TYPE:Perimeter
;WIDTH:0.45
G1 F1200
G1 X145.191 Y55.999 E2.24082
G1 X151.58 Y55.999 E2.54811
G1 X152.937 Y57.877 E2.65955
G1 X156.24 Y61.006 E2.87838
G1 X145.251 Y61.006 E3.40691
G1 X144.806 Y61.392 F7800
G1 F1200
G1 X144.806 Y55.613 E3.68486
G1 X151.779 Y55.613 E4.02024
G1 X153.202 Y57.597 E4.13767
G1 X156.668 Y60.88 E4.36728
G1 X157.496 Y61.392 E4.4141
G1 X144.866 Y61.392 E5.02156
G1 X144.42 Y61.777 F7800
;TYPE:External perimeter
G1 F1200
G1 X144.42 Y55.322 E5.33202
;TYPE:Overhang perimeter
;WIDTH:0.4
;HEIGHT:0.4
M106 S255
G1 X144.42 Y55.227 E5.33698
G1 X151.978 Y55.227 E5.73185
G1 X152.046 Y55.322 E5.73795
M107
;TYPE:External perimeter
;WIDTH:0.45
;HEIGHT:0.3
G1 X153.468 Y57.317 E5.85578
G1 X156.904 Y60.573 E6.08345
G1 X158.855 Y61.777 E6.19372
G1 X144.48 Y61.777 E6.88511
G1 X144.421 Y61.382 F7800
G1 X145.512 Y60.612
;TYPE:Solid infill
;WIDTH:0.543559
G1 F1200
G1 X145.469 Y60.655 E6.88874
G1 X145.485 Y60.713 E6.89234
G1 X145.543 Y60.728 E6.89592
G1 X145.585 Y60.686 E6.89947
G1 X145.57 Y60.628 E6.90305
G1 X146.375 Y60.84 F7800
;WIDTH:0.530417
G1 F1200
G1 X146.39 Y60.897 E6.90648
G1 X146.349 Y60.938 E6.90985
G1 X146.292 Y60.923 E6.91328
G1 X146.277 Y60.867 E6.91665
G1 X146.318 Y60.825 E6.92006
G1 X146.252 Y60.771 E6.92502
;WIDTH:0.490208
G1 X146.186 Y60.717 E6.92955
;WIDTH:0.45
G1 X145.48 Y60.012 E6.97754
G1 X145.346 Y59.834 E6.98826
;WIDTH:0.404381
G1 X145.357 Y59.875 E6.99006
G1 X145.286 Y59.894 E6.99318
G1 X145.305 Y59.823 E6.9963
;WIDTH:0.45
G1 X145.48 Y59.467 E7.01538
G1 X146.731 Y60.717 E7.10044
G1 X147.276 Y60.717 E7.12665
G1 X145.48 Y58.921 E7.24881
G1 X145.48 Y58.376 E7.27502
G1 X147.822 Y60.717 E7.43429
G1 X148.367 Y60.717 E7.4605
G1 X145.48 Y57.831 E7.65684
G1 X145.48 Y57.285 E7.6831
G1 X148.912 Y60.717 E7.91654
G1 X149.458 Y60.717 E7.9428
G1 X145.48 Y56.74 E8.21334
G1 X145.349 Y56.127 E8.24349
;WIDTH:0.404381
G1 X145.33 Y56.198 E8.24661
G1 X145.401 Y56.179 E8.24973
G1 X145.39 Y56.138 E8.25153
;WIDTH:0.45
G1 X145.574 Y56.288 E8.26295
G1 X150.003 Y60.717 E8.56421
G1 X150.548 Y60.717 E8.59042
G1 X146.119 Y56.288 E8.89168
G1 X146.665 Y56.288 E8.91794
G1 X151.094 Y60.717 E9.2192
G1 X151.639 Y60.717 E9.24541
G1 X147.21 Y56.288 E9.54667
G1 X147.755 Y56.288 E9.57288
G1 X152.184 Y60.717 E9.87414
G1 X152.73 Y60.717 E9.9004
G1 X148.301 Y56.288 E10.20166
G1 X148.846 Y56.288 E10.22787
G1 X153.275 Y60.717 E10.52913
G1 X153.82 Y60.717 E10.55534
G1 X149.391 Y56.288 E10.8566
G1 X149.937 Y56.288 E10.88286
G1 X154.366 Y60.717 E11.18412
G1 X154.911 Y60.717 E11.21033
G1 X150.482 Y56.288 E11.51159
G1 X150.364 Y56.093 E11.52255
;WIDTH:0.404381
G1 X150.375 Y56.134 E11.52435
G1 X150.304 Y56.153 E11.52747
G1 X150.323 Y56.082 E11.53059
G1 X151.54 Y56.385 F7800
;WIDTH:0.394951
G1 F1200
G1 X151.445 Y56.26 E11.53706
G1 X150.961 Y56.26 E11.55702
G1 X151.421 Y56.737 E11.58434
;WIDTH:0.421147
G1 X151.495 Y56.776 E11.58806
;WIDTH:0.469454
G1 X151.568 Y56.815 E11.59224
;WIDTH:0.517761
G1 X151.642 Y56.855 E11.597
;WIDTH:0.566068
G1 X151.715 Y56.894 E11.60218
;WIDTH:0.614375
G1 X151.789 Y56.933 E11.60792
G1 X151.762 Y56.854 E11.61365
;WIDTH:0.566068
G1 X151.736 Y56.775 E11.61885
;WIDTH:0.517761
G1 X151.709 Y56.696 E11.62357
;WIDTH:0.469454
G1 X151.683 Y56.617 E11.62777
;WIDTH:0.421147
G1 X151.656 Y56.538 E11.63148
;WIDTH:0.45
G1 X151.789 Y56.933 E11.65153
;WIDTH:0.614375
G1 X151.966 Y57.143 E11.67037
;WIDTH:0.57262
G1 X152.143 Y57.352 E11.68773
;WIDTH:0.530865
G1 X152.32 Y57.562 E11.70371
;WIDTH:0.48911
G1 X152.497 Y57.771 E11.71822
;WIDTH:0.447355
G1 X152.674 Y57.981 E11.73134
;WIDTH:0.445068
G1 X154.003 Y59.275 E11.81941
;WIDTH:0.484535
G1 X155.332 Y60.568 E11.91658
;WIDTH:0.530417
G1 X155.413 Y60.677 E11.92447
G1 E9.92447 F2400
G92 E0
G1 X182.908 Y61.006 F7800
G1 E2 F2400
;TYPE:Perimeter
;WIDTH:0.45
G1 F1200
G1 X182.9 Y61.006 E2.00038
G1 X186.271 Y57.812 E2.22373
G1 X187.56 Y55.999 E2.33072
G1 X193.949 Y55.999 E2.63801
G1 X193.949 Y61.006 E2.87883
G1 X182.968 Y61.006 E3.40698
G1 X181.644 Y61.392 F7800
G1 F1200
G1 X182.516 Y60.839 E3.45664
G1 X185.978 Y57.558 E3.68605
G1 X187.361 Y55.613 E3.80084
G1 X194.334 Y55.613 E4.13622
G1 X194.334 Y61.392 E4.41417
G1 X181.704 Y61.392 E5.02163
G1 X180.285 Y61.777 F7800
;TYPE:External perimeter
G1 F1200
G1 X182.236 Y60.573 E5.1319
G1 X185.686 Y57.304 E5.36049
G1 X187.094 Y55.322 E5.47742
;TYPE:Overhang perimeter
;WIDTH:0.4
;HEIGHT:0.4
M106 S255
G1 X187.162 Y55.227 E5.48352
G1 X194.72 Y55.227 E5.87839
G1 X194.72 Y55.322 E5.88335
M107
;TYPE:External perimeter
;WIDTH:0.45
;HEIGHT:0.3
G1 X194.72 Y61.777 E6.19381
G1 X180.345 Y61.777 E6.8852
G1 X180.665 Y61.538 F7800
G1 E4.8852 F2400
G92 E0
G1 X183.626 Y60.717 F7800
G1 E2 F2400
;TYPE:Solid infill
G1 F1200
G1 X186.414 Y58.075 E2.18474
G1 X186.458 Y58.073 E2.18686
G1 X189.102 Y60.717 E2.3667
G1 X183.819 Y60.717 E2.62079
G1 X184.593 Y60.331 F7800
G1 F1200
G1 X186.43 Y58.591 E2.74249
G1 X188.171 Y60.331 E2.86088
G1 X184.786 Y60.331 E3.02369
G1 X185.561 Y59.946 F7800
G1 F1200
G1 X186.423 Y59.129 E3.08081
G1 X187.24 Y59.946 E3.13638
G1 X185.754 Y59.946 E3.20785
G1 E1.20785 F2400
G92 E0
G1 X186.674 Y57.744 F7800
G1 E2 F2400
G1 F1200
G1 X189.784 Y60.841 E2.2111
;WIDTH:0.404381
G1 X189.765 Y60.912 E2.21422
G1 X189.836 Y60.893 E2.21734
G1 X189.825 Y60.852 E2.21914
;WIDTH:0.45
G1 X190.193 Y60.717 E2.23799
G1 X186.901 Y57.425 E2.46191
G1 X187.127 Y57.106 E2.48071
G1 X190.738 Y60.717 E2.72633
G1 X191.283 Y60.717 E2.75254
G1 X187.354 Y56.788 E3.01979
G1 X187.58 Y56.469 E3.03859
G1 X191.829 Y60.717 E3.32757
G1 X192.374 Y60.717 E3.35378
G1 X187.945 Y56.288 E3.65504
G1 X188.49 Y56.288 E3.68125
G1 X192.919 Y60.717 E3.98251
G1 X193.778 Y60.775 F7800
;WIDTH:0.404381
G1 F1200
G1 X193.789 Y60.816 E3.98431
G1 X193.718 Y60.835 E3.98743
G1 X193.737 Y60.764 E3.99055
;WIDTH:0.45
G1 X193.465 Y60.717 E4.00383
G1 X189.036 Y56.288 E4.30509
G1 X189.581 Y56.288 E4.3313
G1 X193.66 Y60.367 E4.60875
G1 X193.66 Y59.821 E4.63501
G1 X190.126 Y56.288 E4.87535
G1 X190.672 Y56.288 E4.90161
G1 X193.66 Y59.276 E5.10485
G1 X193.66 Y58.731 E5.13106
G1 X191.217 Y56.288 E5.29723
G1 X191.762 Y56.288 E5.32344
G1 X193.66 Y58.185 E5.45251
G1 X193.813 Y58.292 E5.46149
;WIDTH:0.404381
G1 X193.794 Y58.363 E5.46461
G1 X193.865 Y58.344 E5.46773
G1 X193.854 Y58.303 E5.46953
G1 E3.46953 F2400
G92 E0
G1 X192.444 Y56.424 F7800
G1 E2 F2400
;WIDTH:0.45
G1 F1200
G1 X193.66 Y57.64 E2.08271
G1 X193.66 Y56.288 E2.14774
G1 X192.308 Y56.288 E2.21277
G1 X193.25 Y56.635 F7800
;WIDTH:0.470713
G1 F1200
G1 X193.215 Y56.671 E2.21531
G1 X193.228 Y56.72 E2.21788
G1 X193.277 Y56.733 E2.22045
G1 X193.313 Y56.697 E2.22303
G1 X193.299 Y56.648 E2.22561
G1 E.22561 F2400
G92 E0
G1 X170.264 Y154.602 F7800
G1 E2 F2400
;TYPE:Perimeter
;WIDTH:0.45
G1 F1500
G1 X170.188 Y154.725 E2.00695
G1 X170.128 Y155.155 E2.02783
G1 X170.261 Y155.567 E2.04865
G1 X170.435 Y155.857 E2.06492
G1 X168.705 Y155.857 E2.14813
G1 X168.879 Y155.567 E2.1644
G1 X169.006 Y155.207 E2.18276
G1 X168.952 Y154.725 E2.20609
G1 X168.765 Y154.421 E2.22326
G1 X168.458 Y154.196 E2.24157
G1 X168.052 Y154.107 E2.26156
G1 X145.191 Y154.107 E3.36109
G1 X145.191 Y152.599 E3.43362
G1 X193.949 Y152.599 E5.77871
G1 X193.949 Y154.107 E5.85124
G1 X171.088 Y154.107 E6.95077
G1 X170.682 Y154.196 E6.97076
G1 X170.375 Y154.421 E6.98907
G1 X170.295 Y154.551 E6.99641
G1 X170.594 Y154.789 F7800
G1 F1500
G1 X170.548 Y154.863 E7.0006
G1 X170.512 Y155.121 E7.01313
G1 X170.592 Y155.368 E7.02562
G1 X171.117 Y156.242 E7.07466
G1 X168.023 Y156.242 E7.22347
G1 X168.548 Y155.368 E7.27251
G1 X168.624 Y155.152 E7.28352
G1 X168.592 Y154.863 E7.2975
G1 X168.48 Y154.681 E7.30778
G1 X168.296 Y154.546 E7.31876
G1 X168.052 Y154.492 E7.33078
G1 X144.806 Y154.492 E8.44883
G1 X144.806 Y152.213 E8.55844
G1 X194.334 Y152.213 E10.94056
G1 X194.334 Y154.492 E11.05017
G1 X171.088 Y154.492 E12.16822
G1 X170.844 Y154.546 E12.18024
G1 X170.66 Y154.681 E12.19122
G1 X170.625 Y154.738 E12.19444
G1 X170.932 Y154.976 F7800
;TYPE:External perimeter
G1 F1500
G1 X170.908 Y155.001 E12.19611
G1 X170.923 Y155.17 E12.20427
G1 X171.798 Y156.628 E12.28605
G1 X167.342 Y156.628 E12.50037
G1 X168.249 Y155.117 E12.58513
G1 X168.194 Y154.941 E12.594
G1 X168.052 Y154.878 E12.60147
G1 X144.42 Y154.878 E13.73809
G1 X144.42 Y151.828 E13.88478
G1 X194.72 Y151.828 E16.30404
G1 X194.72 Y154.878 E16.45073
G1 X171.024 Y154.878 E17.59043
G1 X170.973 Y154.932 E17.594
G1 X171.023 Y155.329 F7800
G1 E15.594 F2400
G92 E0
G1 X145.48 Y153.817 F7800
G1 E2 F2400
;TYPE:Solid infill
G1 F1200
G1 X145.48 Y152.888 E2.04468
G1 X193.66 Y152.888 E4.36197
G1 X193.66 Y153.817 E4.40665
G1 X171.092 Y153.817 E5.49209
G1 X170.603 Y153.92 E5.51613
G1 X170.191 Y154.203 E5.54017
G1 X169.937 Y154.588 E5.56235
;WIDTH:0.491599
G1 X169.869 Y154.859 E5.57724
;WIDTH:0.533199
G1 X169.802 Y155.13 E5.59356
;WIDTH:0.543453
G1 X169.898 Y155.521 E5.61762
G1 X169.248 Y155.521 E5.65646
G1 X169.338 Y155.183 E5.67736
;WIDTH:0.530406
G1 X169.284 Y154.923 E5.6928
;WIDTH:0.490203
G1 X169.23 Y154.662 E5.70696
;WIDTH:0.45
G1 X168.978 Y154.228 E5.7311
G1 X168.54 Y153.923 E5.75677
G1 X168.041 Y153.817 E5.78131
G1 X145.673 Y153.817 E6.85713
G1 X145.945 Y153.353 E6.883
;WIDTH:0.607863
G1 X168.041 Y153.353 E8.3808
;WIDTH:0.623523
G1 X168.185 Y153.361 E8.39086
G1 X169.556 Y153.635 F7800
;WIDTH:0.509629
G1 F1200
G1 X169.516 Y153.675 E8.394
G1 X169.531 Y153.729 E8.39711
G1 X169.584 Y153.743 E8.40015
G1 X169.624 Y153.704 E8.40325
G1 X169.609 Y153.65 E8.40636
G1 X170.762 Y153.33 F7800
;WIDTH:0.548946
G1 F1200
G1 X170.627 Y153.302 E8.41469
;WIDTH:0.499473
G1 X170.491 Y153.274 E8.42223
;WIDTH:0.45
G1 X168.653 Y153.274 E8.51063
;WIDTH:0.49338
G1 X168.536 Y153.296 E8.517
;WIDTH:0.536761
G1 X168.419 Y153.317 E8.524
;WIDTH:0.580142
G1 X168.302 Y153.339 E8.53166
;WIDTH:0.623523
G1 X168.185 Y153.361 E8.53996
G1 X168.349 Y153.432 E8.55242
;WIDTH:0.580142
G1 X168.513 Y153.503 E8.56392
;WIDTH:0.536761
G1 X168.677 Y153.574 E8.57445
;WIDTH:0.49338
G1 X168.841 Y153.645 E8.58401
;WIDTH:0.45
G1 X169.263 Y153.969 E8.6096
G1 X169.531 Y154.386 E8.63344
G1 X169.57 Y154.492 E8.63887
G1 X169.813 Y154.055 E8.66292
G1 X169.963 Y153.892 E8.67357
G1 X170.302 Y153.642 E8.69383
;WIDTH:0.488951
G1 X170.465 Y153.574 E8.70318
;WIDTH:0.527903
G1 X170.627 Y153.506 E8.71334
;WIDTH:0.566855
G1 X170.789 Y153.437 E8.72438
;WIDTH:0.605807
G1 X170.951 Y153.369 E8.73624
;WIDTH:0.617825
G1 X171.092 Y153.353 E8.74604
;WIDTH:0.607859
G1 X193.195 Y153.353 E10.2443
G1 E8.2443 F2400
G92 E0
G1 X106.502 Y140.584 F7800
G1 E2 F2400
;TYPE:Perimeter
;WIDTH:0.45
G1 F1500
G1 X108.01 Y140.584 E2.07253
G1 X108.01 Y163.966 E3.19712
G1 X106.502 Y163.966 E3.26965
G1 X106.502 Y140.644 E4.39136
G1 X106.116 Y140.198 F7800
G1 F1500
G1 X108.395 Y140.198 E4.50097
G1 X108.395 Y164.352 E5.66269
G1 X106.116 Y164.352 E5.7723
G1 X106.116 Y140.258 E6.93114
G1 X105.731 Y139.813 F7800
;TYPE:External perimeter
G1 F1500
G1 X108.781 Y139.813 E7.07783
G1 X108.781 Y164.738 E8.27664
G1 X105.731 Y164.738 E8.42333
G1 X105.731 Y139.873 E9.61925
G1 X106.126 Y139.813 F7800
G1 E7.61925 F2400
G92 E0
G1 X107.896 Y141.384 F7800
G1 E2 F2400
;TYPE:Top solid infill
;WIDTH:0.404131
G1 F900
G1 X107.36 Y140.848 E2.03212
G1 X106.88 Y140.848 E2.05246
G1 X107.745 Y141.714 E2.10433
G1 X107.745 Y142.194 E2.12467
G1 X106.766 Y141.215 E2.18334
G1 X106.766 Y141.696 E2.20372
G1 X107.745 Y142.675 E2.26239
G1 X107.745 Y143.155 E2.28273
G1 X106.766 Y142.176 E2.3414
G1 X106.766 Y142.657 E2.36178
G1 X107.745 Y143.636 E2.42045
G1 X107.745 Y144.116 E2.44079
G1 X106.766 Y143.137 E2.49946
G1 X106.766 Y143.617 E2.5198
G1 X107.745 Y144.597 E2.5785
G1 X107.745 Y145.077 E2.59884
G1 X106.766 Y144.098 E2.65751
G1 X106.766 Y144.578 E2.67785
G1 X107.745 Y145.558 E2.73655
G1 X107.745 Y146.038 E2.75689
G1 X106.766 Y145.059 E2.81556
G1 X106.766 Y145.539 E2.8359
G1 X107.745 Y146.519 E2.8946
G1 X107.745 Y146.999 E2.91494
G1 X106.766 Y146.02 E2.97361
G1 X106.766 Y146.5 E2.99395
G1 X107.745 Y147.479 E3.05262
G1 X107.745 Y147.96 E3.073
G1 X106.766 Y146.981 E3.13167
G1 X106.766 Y147.461 E3.15201
G1 X107.745 Y148.44 E3.21068
G1 X107.745 Y148.921 E3.23106
G1 X106.766 Y147.942 E3.28973
G1 X106.766 Y148.422 E3.31007
G1 X107.745 Y149.401 E3.36874
G1 X107.745 Y149.882 E3.38912
G1 X106.766 Y148.903 E3.44779
G1 X106.766 Y149.383 E3.46813
G1 X107.745 Y150.362 E3.5268
G1 X107.745 Y150.843 E3.54718
G1 X106.766 Y149.864 E3.60585
G1 X106.766 Y150.344 E3.62619
G1 X107.745 Y151.323 E3.68486
G1 X107.745 Y151.804 E3.70524
G1 X106.766 Y150.825 E3.76391
G1 X106.766 Y151.305 E3.78425
G1 X107.745 Y152.284 E3.84292
G1 X107.745 Y152.765 E3.8633
G1 X106.766 Y151.786 E3.92197
G1 X106.766 Y152.266 E3.94231
G1 X107.745 Y153.245 E4.00098
G1 X107.745 Y153.726 E4.02136
G1 X106.766 Y152.747 E4.08003
G1 X106.766 Y153.227 E4.10037
G1 X107.745 Y154.206 E4.15904
G1 X107.745 Y154.687 E4.17942
G1 X106.766 Y153.708 E4.23809
G1 X106.766 Y154.188 E4.25843
G1 X107.745 Y155.167 E4.3171
G1 X107.745 Y155.648 E4.33748
G1 X106.766 Y154.668 E4.39618
G1 X106.766 Y155.149 E4.41656
G1 X107.745 Y156.128 E4.47523
G1 X107.745 Y156.609 E4.49561
G1 X106.766 Y155.629 E4.55431
G1 X106.766 Y156.11 E4.57469
G1 X107.745 Y157.089 E4.63336
G1 X107.745 Y157.57 E4.65374
G1 X106.766 Y156.59 E4.71244
G1 X106.766 Y157.071 E4.73282
G1 X107.745 Y158.05 E4.79149
G1 X107.745 Y158.53 E4.81183
G1 X106.766 Y157.551 E4.8705
G1 X106.766 Y158.032 E4.89088
G1 X107.745 Y159.011 E4.94955
G1 X107.745 Y159.491 E4.96989
G1 X106.766 Y158.512 E5.02856
G1 X106.766 Y158.993 E5.04894
G1 X107.745 Y159.972 E5.10761
G1 X107.745 Y160.452 E5.12795
G1 X106.766 Y159.473 E5.18662
G1 X106.766 Y159.954 E5.207
G1 X107.745 Y160.933 E5.26567
G1 X107.745 Y161.413 E5.28601
G1 X106.766 Y160.434 E5.34468
G1 X106.766 Y160.915 E5.36506
G1 X107.745 Y161.894 E5.42373
G1 X107.745 Y162.374 E5.44407
G1 X106.766 Y161.395 E5.50274
G1 X106.766 Y161.876 E5.52312
G1 X107.745 Y162.855 E5.58179
G1 X107.745 Y163.335 E5.60213
G1 X106.766 Y162.356 E5.6608
G1 X106.766 Y162.837 E5.68118
G1 X107.632 Y163.702 E5.73305
G1 X107.151 Y163.702 E5.75343
G1 X106.615 Y163.166 E5.78555
G1 E3.78555 F2400
G92 E0
G1 X103.964 Y164.754 F7800
G1 E2 F2400
;TYPE:External perimeter
;WIDTH:0.416665
G1 F1200
G1 X103.964 Y139.796 E3.09662
G1 X103.964 Y140.196 F7800
G1 E1.09662 F2400
G92 E0
G1 X59.309 Y140.584 F7800
G1 E2 F2400
;TYPE:Perimeter
;WIDTH:0.45
G1 F1500
G1 X59.309 Y163.966 E3.12459
G1 X57.801 Y163.966 E3.19712
G1 X57.801 Y140.584 E4.32171
G1 X59.249 Y140.584 E4.39135
G1 X59.694 Y140.198 F7800
G1 F1500
G1 X59.694 Y164.352 E5.55307
G1 X57.416 Y164.352 E5.66263
G1 X57.416 Y140.198 E6.82435
G1 X59.634 Y140.198 E6.93103
G1 X60.08 Y139.813 F7800
;TYPE:External perimeter
G1 F1500
G1 X60.08 Y164.738 E8.12984
G1 X57.03 Y164.738 E8.27653
G1 X57.03 Y139.813 E9.47534
G1 X60.02 Y139.813 E9.61915
G1 X60.079 Y140.208 F7800
G1 X59.196 Y141.384
;TYPE:Top solid infill
;WIDTH:0.404131
G1 F900
G1 X58.659 Y140.848 E9.6513
G1 X58.179 Y140.848 E9.67164
G1 X59.045 Y141.714 E9.72354
G1 X59.045 Y142.194 E9.74388
G1 X58.065 Y141.215 E9.80258
G1 X58.065 Y141.696 E9.82296
G1 X59.045 Y142.675 E9.88166
G1 X59.045 Y143.155 E9.902
G1 X58.065 Y142.176 E9.9607
G1 X58.065 Y142.657 E9.98108
G1 X59.045 Y143.636 E10.03978
G1 X59.045 Y144.116 E10.06012
G1 X58.065 Y143.137 E10.11882
G1 X58.065 Y143.617 E10.13916
G1 X59.045 Y144.597 E10.19789
G1 X59.045 Y145.077 E10.21823
G1 X58.065 Y144.098 E10.27693
G1 X58.065 Y144.578 E10.29727
G1 X59.045 Y145.558 E10.356
G1 X59.045 Y146.038 E10.37634
G1 X58.065 Y145.059 E10.43504
G1 X58.065 Y145.539 E10.45538
G1 X59.045 Y146.519 E10.51411
G1 X59.045 Y146.999 E10.53445
G1 X58.065 Y146.02 E10.59315
G1 X58.065 Y146.5 E10.61349
G1 X59.045 Y147.479 E10.67219
G1 X59.045 Y147.96 E10.69257
G1 X58.065 Y146.981 E10.75127
G1 X58.065 Y147.461 E10.77161
G1 X59.045 Y148.44 E10.83031
G1 X59.045 Y148.921 E10.85069
G1 X58.065 Y147.942 E10.90939
G1 X58.065 Y148.422 E10.92973
G1 X59.045 Y149.401 E10.98843
G1 X59.045 Y149.882 E11.00881
G1 X58.065 Y148.903 E11.06751
G1 X58.065 Y149.383 E11.08785
G1 X59.045 Y150.362 E11.14655
G1 X59.045 Y150.843 E11.16693
G1 X58.065 Y149.864 E11.22563
G1 X58.065 Y150.344 E11.24597
G1 X59.045 Y151.323 E11.30467
G1 X59.045 Y151.804 E11.32505
G1 X58.065 Y150.825 E11.38375
G1 X58.065 Y151.305 E11.40409
G1 X59.045 Y152.284 E11.46279
G1 X59.045 Y152.765 E11.48317
G1 X58.065 Y151.786 E11.54187
G1 X58.065 Y152.266 E11.56221
G1 X59.045 Y153.245 E11.62091
G1 X59.045 Y153.726 E11.64129
G1 X58.065 Y152.747 E11.69999
G1 X58.065 Y153.227 E11.72033
G1 X59.045 Y154.206 E11.77903
G1 X59.045 Y154.687 E11.79941
G1 X58.065 Y153.708 E11.85811
G1 X58.065 Y154.188 E11.87845
G1 X59.045 Y155.167 E11.93715
G1 X59.045 Y155.648 E11.95753
G1 X58.065 Y154.668 E12.01626
G1 X58.065 Y155.149 E12.03664
G1 X59.045 Y156.128 E12.09534
G1 X59.045 Y156.609 E12.11572
G1 X58.065 Y155.629 E12.17445
G1 X58.065 Y156.11 E12.19483
G1 X59.045 Y157.089 E12.25353
G1 X59.045 Y157.57 E12.27391
G1 X58.065 Y156.59 E12.33264
G1 X58.065 Y157.071 E12.35302
G1 X59.045 Y158.05 E12.41172
G1 X59.045 Y158.53 E12.43206
G1 X58.065 Y157.551 E12.49076
G1 X58.065 Y158.032 E12.51114
G1 X59.045 Y159.011 E12.56984
G1 X59.045 Y159.491 E12.59018
G1 X58.065 Y158.512 E12.64888
G1 X58.065 Y158.993 E12.66926
G1 X59.045 Y159.972 E12.72796
G1 X59.045 Y160.452 E12.7483
G1 X58.065 Y159.473 E12.807
G1 X58.065 Y159.954 E12.82738
G1 X59.045 Y160.933 E12.88608
G1 X59.045 Y161.413 E12.90642
G1 X58.065 Y160.434 E12.96512
G1 X58.065 Y160.915 E12.9855
G1 X59.045 Y161.894 E13.0442
G1 X59.045 Y162.374 E13.06454
G1 X58.065 Y161.395 E13.12324
G1 X58.065 Y161.876 E13.14362
G1 X59.045 Y162.855 E13.20232
G1 X59.045 Y163.335 E13.22266
G1 X58.065 Y162.356 E13.28136
G1 X58.065 Y162.837 E13.30174
G1 X58.931 Y163.702 E13.35361
G1 X58.451 Y163.702 E13.37395
G1 X57.914 Y163.166 E13.4061
G1 E11.4061 F2400
G92 E0
G1 X55.263 Y164.754 F7800
G1 E2 F2400
;TYPE:External perimeter
;WIDTH:0.416665
G1 F1200
G1 X55.263 Y139.796 E3.09662
G1 X55.263 Y140.196 F7800
G1 E1.09662 F2400
G92 E0
G1 X55.263 Y136.379 F7800
G1 E2 F2400
;WIDTH:0.416667
G1 F1500
G1 X55.263 Y59.794 E5.36507
G1 X55.263 Y60.194 F7800
M106 S140.25
;LAYER_CHANGE
;Z:5.45
;HEIGHT:0.3
G1 E3.36507 F2400
G92 E0
G1 Z5.45 F7800
;AFTER_LAYER_CHANGE
;5.45
G1 X170.264 Y154.602
G1 E2 F2400
;TYPE:Perimeter
;WIDTH:0.45
G1 F1500
G1 X170.188 Y154.725 E2.00695
G1 X170.128 Y155.155 E2.02783
G1 X170.261 Y155.567 E2.04865
G1 X170.435 Y155.857 E2.06492
G1 X168.705 Y155.857 E2.14813
G1 X168.879 Y155.567 E2.1644
G1 X169.006 Y155.207 E2.18276
G1 X168.952 Y154.725 E2.20609
G1 X168.765 Y154.421 E2.22326
G1 X168.458 Y154.196 E2.24157
G1 X168.052 Y154.107 E2.26156
G1 X145.191 Y154.107 E3.36109
G1 X145.191 Y152.599 E3.43362
G1 X193.949 Y152.599 E5.77871
G1 X193.949 Y154.107 E5.85124
G1 X171.088 Y154.107 E6.95077
G1 X170.682 Y154.196 E6.97076
G1 X170.375 Y154.421 E6.98907
G1 X170.295 Y154.551 E6.99641
G1 X170.594 Y154.789 F7800
G1 F1500
G1 X170.548 Y154.863 E7.0006
G1 X170.512 Y155.121 E7.01313
G1 X170.592 Y155.368 E7.02562
G1 X171.117 Y156.242 E7.07466
G1 X168.023 Y156.242 E7.22347
G1 X168.548 Y155.368 E7.27251
G1 X168.624 Y155.152 E7.28352
G1 X168.592 Y154.863 E7.2975
G1 X168.48 Y154.681 E7.30778
G1 X168.296 Y154.546 E7.31876
G1 X168.052 Y154.492 E7.33078
G1 X144.806 Y154.492 E8.44883
G1 X144.806 Y152.213 E8.55844
G1 X194.334 Y152.213 E10.94056
G1 X194.334 Y154.492 E11.05017
G1 X171.088 Y154.492 E12.16822
G1 X170.844 Y154.546 E12.18024
G1 X170.66 Y154.681 E12.19122
G1 X170.625 Y154.738 E12.19444
G1 X170.932 Y154.976 F7800
;TYPE:External perimeter
G1 F1500
G1 X170.908 Y155.001 E12.19611
G1 X170.923 Y155.17 E12.20427
G1 X171.798 Y156.628 E12.28605
G1 X167.342 Y156.628 E12.50037
G1 X168.249 Y155.117 E12.58513
G1 X168.194 Y154.941 E12.594
G1 X168.052 Y154.878 E12.60147
G1 X144.42 Y154.878 E13.73809
G1 X144.42 Y151.828 E13.88478
G1 X194.72 Y151.828 E16.30404
G1 X194.72 Y154.878 E16.45073
G1 X171.024 Y154.878 E17.59043
G1 X170.973 Y154.932 E17.594
G1 X171.023 Y155.329 F7800
G1 X171.092 Y153.817
;TYPE:Solid infill
G1 F1200
G1 X170.603 Y153.92 E17.61804
G1 X170.191 Y154.203 E17.64208
G1 X169.937 Y154.588 E17.66426
;WIDTH:0.491604
G1 X169.869 Y154.859 E17.67915
;WIDTH:0.533209
G1 X169.802 Y155.13 E17.69547
;WIDTH:0.543463
G1 X169.899 Y155.521 E17.71954
G1 X169.248 Y155.521 E17.75844
G1 X169.338 Y155.183 E17.77934
;WIDTH:0.530416
G1 X169.284 Y154.923 E17.79478
;WIDTH:0.490208
G1 X169.23 Y154.662 E17.80894
;WIDTH:0.45
G1 X168.978 Y154.228 E17.83308
G1 X168.54 Y153.923 E17.85875
G1 X168.041 Y153.817 E17.88329
G1 X145.48 Y153.817 E18.9684
G1 X145.48 Y152.888 E19.01308
G1 X193.66 Y152.888 E21.33037
G1 X193.66 Y153.817 E21.37505
G1 X171.285 Y153.817 E22.45121
G1 X169.624 Y153.675 F7800
;WIDTH:0.509649
G1 F1200
G1 X169.584 Y153.635 E22.45435
G1 X169.531 Y153.65 E22.45741
G1 X169.516 Y153.704 E22.46052
G1 X169.556 Y153.743 E22.46362
G1 X169.609 Y153.729 E22.46666
G1 X168.185 Y153.361 F7800
;WIDTH:0.623545
G1 F1200
G1 X168.041 Y153.353 E22.47672
;WIDTH:0.607882
G1 X145.945 Y153.353 E23.97458
G1 E21.97458 F2400
G92 E0
G1 X170.762 Y153.33 F7800
G1 E2 F2400
;WIDTH:0.548959
G1 F1200
G1 X170.627 Y153.302 E2.00833
;WIDTH:0.499479
G1 X170.491 Y153.274 E2.01587
;WIDTH:0.45
G1 X168.653 Y153.274 E2.10427
;WIDTH:0.493386
G1 X168.536 Y153.295 E2.11063
;WIDTH:0.536772
G1 X168.419 Y153.317 E2.11764
;WIDTH:0.580158
G1 X168.302 Y153.339 E2.1253
;WIDTH:0.623545
G1 X168.185 Y153.361 E2.1336
G1 X168.349 Y153.432 E2.14606
;WIDTH:0.580158
G1 X168.513 Y153.503 E2.15756
;WIDTH:0.536772
G1 X168.677 Y153.574 E2.16809
;WIDTH:0.493386
G1 X168.841 Y153.645 E2.17765
;WIDTH:0.45
G1 X169.263 Y153.969 E2.20324
G1 X169.531 Y154.386 E2.22708
G1 X169.57 Y154.492 E2.23251
G1 X169.813 Y154.055 E2.25656
G1 X169.963 Y153.892 E2.26721
G1 X170.302 Y153.642 E2.28747
;WIDTH:0.488956
G1 X170.465 Y153.574 E2.29682
;WIDTH:0.527913
G1 X170.627 Y153.506 E2.30698
;WIDTH:0.566869
G1 X170.789 Y153.437 E2.31802
;WIDTH:0.605826
G1 X170.951 Y153.369 E2.32988
;WIDTH:0.617847
G1 X171.092 Y153.353 E2.33968
;WIDTH:0.607881
G1 X193.195 Y153.353 E3.83801
G1 E1.83801 F2400
G92 E0
G1 X183.671 Y60.487 F7800
G1 E2 F2400
;TYPE:Perimeter
;WIDTH:0.45
G1 F1200
G1 X183.631 Y60.487 E2.00192
G1 X186.271 Y57.985 E2.17686
G1 X188.052 Y55.479 E2.32473
G1 X193.949 Y55.479 E2.60836
G1 X193.949 Y60.487 E2.84923
G1 X183.731 Y60.487 E3.34068
G1 X182.672 Y60.872 F7800
G1 F1200
G1 X182.664 Y60.872 E3.34106
G1 X185.978 Y57.731 E3.56067
G1 X187.853 Y55.093 E3.71633
G1 X194.334 Y55.093 E4.02804
G1 X194.334 Y60.872 E4.30599
G1 X182.732 Y60.872 E4.86401
G1 X181.407 Y61.258 F7800
;TYPE:External perimeter
G1 F1200
G1 X182.25 Y60.733 E4.91178
G1 X185.686 Y57.477 E5.13945
G1 X187.587 Y54.802 E5.29729
;TYPE:Overhang perimeter
;WIDTH:0.4
;HEIGHT:0.4
M106 S255
G1 X187.654 Y54.708 E5.30332
G1 X194.72 Y54.708 E5.67248
G1 X194.72 Y54.802 E5.67739
M106 S140.25
;TYPE:External perimeter
;WIDTH:0.45
;HEIGHT:0.3
G1 X194.72 Y61.258 E5.9879
G1 X181.467 Y61.258 E6.62532
G1 X181.786 Y61.017 F7800
G1 E4.62532 F2400
G92 E0
G1 X187.823 Y56.056 F7800
G1 E2 F2400
;TYPE:Solid infill
;WIDTH:0.404381
G1 F1200
G1 X188.15 Y55.669 E2.02149
;WIDTH:0.45
G1 X188.454 Y55.768 E2.03687
G1 X187.58 Y56.643 E2.09635
G1 X189 Y55.768 F7800
G1 F1200
G1 X184.571 Y60.197 E2.39761
G1 X184.244 Y60.144 E2.41354
;WIDTH:0.404381
G1 X184.19 Y60.264 E2.41912
G1 X185.116 Y60.197 F7800
;WIDTH:0.45
G1 F1200
G1 X189.545 Y55.768 E2.72038
G1 X190.09 Y55.768 E2.74659
G1 X185.661 Y60.197 E3.04785
G1 X186.207 Y60.197 E3.07411
G1 X190.636 Y55.768 E3.37537
G1 X191.181 Y55.768 E3.40158
G1 X186.752 Y60.197 E3.70284
G1 X187.297 Y60.197 E3.72905
G1 X191.726 Y55.768 E4.03031
G1 X192.272 Y55.768 E4.05657
G1 X187.843 Y60.197 E4.35783
G1 X188.388 Y60.197 E4.38404
G1 X192.817 Y55.768 E4.6853
G1 X193.363 Y55.768 E4.71156
G1 X188.933 Y60.197 E5.01285
G1 X189.479 Y60.197 E5.03911
G1 X193.66 Y56.017 E5.32346
G1 X193.77 Y55.718 E5.33878
;WIDTH:0.404381
G1 X193.729 Y55.729 E5.34058
G1 X193.71 Y55.658 E5.3437
G1 X193.781 Y55.677 E5.34682
G1 X193.66 Y56.562 F7800
;WIDTH:0.45
G1 F1200
G1 X190.024 Y60.197 E5.5941
G1 X190.569 Y60.197 E5.62031
G1 X193.66 Y57.107 E5.83052
G1 X193.66 Y57.653 E5.85678
G1 X191.115 Y60.197 E6.02985
G1 X191.66 Y60.197 E6.05606
G1 X193.66 Y58.198 E6.19206
G1 X193.854 Y58.08 E6.20298
;WIDTH:0.404381
G1 X193.813 Y58.091 E6.20478
G1 X193.794 Y58.02 E6.2079
G1 X193.865 Y58.039 E6.21102
;WIDTH:0.45
G1 X193.66 Y58.743 E6.24629
G1 X193.66 Y60.197 E6.31622
G1 X192.205 Y60.197 E6.3862
G1 X193.523 Y58.88 E6.47581
G1 X193.29 Y59.756 F7800
;WIDTH:0.530531
G1 F1200
G1 X193.249 Y59.715 E6.47918
G1 X193.192 Y59.73 E6.48261
G1 X193.177 Y59.787 E6.48604
G1 X193.219 Y59.828 E6.48945
G1 X193.275 Y59.813 E6.49282
G1 E4.49282 F2400
G92 E0
G1 X145.191 Y60.487 F7800
G1 E2 F2400
;TYPE:Perimeter
;WIDTH:0.45
G1 F1200
G1 X145.191 Y55.479 E2.24087
G1 X151.088 Y55.479 E2.5245
G1 X152.869 Y57.985 E2.67237
G1 X155.509 Y60.487 E2.84731
G1 X145.251 Y60.487 E3.34068
G1 X144.806 Y60.872 F7800
G1 F1200
G1 X144.806 Y55.093 E3.61863
G1 X151.287 Y55.093 E3.93034
G1 X153.162 Y57.731 E4.086
G1 X156.476 Y60.872 E4.30561
G1 X144.866 Y60.872 E4.86401
G1 X144.42 Y61.258 F7800
;TYPE:External perimeter
G1 F1200
G1 X144.42 Y54.802 E5.17452
;TYPE:Overhang perimeter
;WIDTH:0.4
;HEIGHT:0.4
M106 S255
G1 X144.42 Y54.708 E5.17943
G1 X151.486 Y54.708 E5.54859
G1 X151.553 Y54.802 E5.55462
M106 S140.25
;TYPE:External perimeter
;WIDTH:0.45
;HEIGHT:0.3
G1 X153.454 Y57.477 E5.71246
G1 X156.904 Y60.746 E5.94105
G1 X157.733 Y61.258 E5.98791
G1 X144.48 Y61.258 E6.62533
G1 X144.421 Y60.862 F7800
G1 E4.62533 F2400
G92 E0
G1 X145.585 Y55.8 F7800
G1 E2 F2400
;TYPE:Solid infill
;WIDTH:0.543559
G1 F1200
G1 X145.543 Y55.757 E2.00359
G1 X145.485 Y55.773 E2.00719
G1 X145.469 Y55.831 E2.01079
G1 X145.512 Y55.873 E2.01438
G1 X145.57 Y55.857 E2.01798
;WIDTH:0.45
G1 X146.186 Y55.768 E2.04792
G1 X145.357 Y56.61 E2.10475
;WIDTH:0.404381
G1 X145.286 Y56.591 E2.10787
G1 X145.305 Y56.662 E2.11099
G1 X145.346 Y56.651 E2.11279
;WIDTH:0.45
G1 X145.48 Y57.019 E2.13163
G1 X146.731 Y55.768 E2.21672
G1 X147.276 Y55.768 E2.24293
G1 X145.48 Y57.564 E2.36509
G1 X145.48 Y58.109 E2.3913
G1 X147.822 Y55.768 E2.55057
G1 X148.367 Y55.768 E2.57678
G1 X145.48 Y58.655 E2.77315
G1 X145.48 Y59.2 E2.79936
G1 X148.912 Y55.768 E3.0328
G1 X149.458 Y55.768 E3.05906
G1 X145.48 Y59.745 E3.3296
G1 X145.39 Y60.348 E3.35892
;WIDTH:0.404381
G1 X145.349 Y60.359 E3.36072
G1 X145.33 Y60.288 E3.36384
G1 X145.401 Y60.307 E3.36696
;WIDTH:0.45
G1 X145.574 Y60.197 E3.37682
G1 X150.003 Y55.768 E3.67808
G1 X150.548 Y55.768 E3.70429
G1 X146.119 Y60.197 E4.00555
G1 X146.665 Y60.197 E4.03181
G1 X151.003 Y55.859 E4.32688
G1 X151.037 Y55.665 E4.33635
;WIDTH:0.404381
G1 X150.996 Y55.676 E4.33815
G1 X150.977 Y55.605 E4.34127
G1 X151.048 Y55.624 E4.34439
;WIDTH:0.45
G1 X151.23 Y56.178 E4.37244
G1 X147.21 Y60.197 E4.64584
G1 X147.755 Y60.197 E4.67205
G1 X151.456 Y56.496 E4.92379
G1 X151.683 Y56.815 E4.94262
G1 X148.301 Y60.197 E5.17266
G1 X148.846 Y60.197 E5.19887
G1 X151.909 Y57.134 E5.40721
G1 X152.136 Y57.453 E5.42604
G1 X149.391 Y60.197 E5.61272
G1 X149.937 Y60.197 E5.63898
G1 X152.362 Y57.772 E5.80393
G1 X152.742 Y58.263 E5.83379
G1 X154.783 Y60.197 E5.96903
G1 X150.482 Y60.197 E6.17589
G1 X152.461 Y58.219 E6.31047
G1 X152.582 Y58.643 E6.33168
G1 X153.816 Y59.812 E6.41343
G1 X151.413 Y59.812 E6.52901
G1 X152.446 Y58.779 E6.59927
G1 X152.517 Y58.948 E6.60809
;WIDTH:0.40479
G1 X152.588 Y59.118 E6.61591
;WIDTH:0.359581
G1 X152.961 Y59.471 E6.63482
G1 X152.235 Y59.471 E6.66155
G1 X152.452 Y59.254 E6.67285
M106 S142.8
;LAYER_CHANGE
;Z:5.75
;HEIGHT:0.3
G1 E4.67285 F2400
G92 E0
G1 Z5.75 F7800
;AFTER_LAYER_CHANGE
;5.75
G1 X170.264 Y154.602
G1 E2 F2400
;TYPE:Perimeter
;WIDTH:0.45
G1 F1500
G1 X170.188 Y154.725 E2.00695
G1 X170.128 Y155.155 E2.02783
G1 X170.261 Y155.567 E2.04865
G1 X170.435 Y155.857 E2.06492
G1 X168.705 Y155.857 E2.14813
G1 X168.879 Y155.567 E2.1644
G1 X169.006 Y155.207 E2.18276
G1 X168.952 Y154.725 E2.20609
G1 X168.765 Y154.421 E2.22326
G1 X168.458 Y154.196 E2.24157
G1 X168.052 Y154.107 E2.26156
G1 X145.191 Y154.107 E3.36109
G1 X145.191 Y152.599 E3.43362
G1 X193.949 Y152.599 E5.77871
G1 X193.949 Y154.107 E5.85124
G1 X171.088 Y154.107 E6.95077
G1 X170.682 Y154.196 E6.97076
G1 X170.375 Y154.421 E6.98907
G1 X170.295 Y154.551 E6.99641
G1 X170.594 Y154.789 F7800
G1 F1500
G1 X170.548 Y154.863 E7.0006
G1 X170.512 Y155.121 E7.01313
G1 X170.592 Y155.368 E7.02562
G1 X171.117 Y156.242 E7.07466
G1 X168.023 Y156.242 E7.22347
G1 X168.548 Y155.368 E7.27251
G1 X168.624 Y155.152 E7.28352
G1 X168.592 Y154.863 E7.2975
G1 X168.48 Y154.681 E7.30778
G1 X168.296 Y154.546 E7.31876
G1 X168.052 Y154.492 E7.33078
G1 X144.806 Y154.492 E8.44883
G1 X144.806 Y152.213 E8.55844
G1 X194.334 Y152.213 E10.94056
G1 X194.334 Y154.492 E11.05017
G1 X171.088 Y154.492 E12.16822
G1 X170.844 Y154.546 E12.18024
G1 X170.66 Y154.681 E12.19122
G1 X170.625 Y154.738 E12.19444
G1 X170.932 Y154.976 F7800
;TYPE:External perimeter
G1 F1500
G1 X170.908 Y155.001 E12.19611
G1 X170.923 Y155.17 E12.20427
G1 X171.798 Y156.628 E12.28605
G1 X167.342 Y156.628 E12.50037
G1 X168.249 Y155.117 E12.58513
G1 X168.194 Y154.941 E12.594
G1 X168.052 Y154.878 E12.60147
G1 X144.42 Y154.878 E13.73809
G1 X144.42 Y151.828 E13.88478
G1 X194.72 Y151.828 E16.30404
G1 X194.72 Y154.878 E16.45073
G1 X171.024 Y154.878 E17.59043
G1 X170.973 Y154.932 E17.594
G1 X171.023 Y155.329 F7800
G1 E15.594 F2400
G92 E0
G1 X145.48 Y153.817 F7800
G1 E2 F2400
;TYPE:Solid infill
G1 F1200
G1 X145.48 Y152.888 E2.04468
G1 X193.66 Y152.888 E4.36197
G1 X193.66 Y153.817 E4.40665
G1 X171.092 Y153.817 E5.49209
G1 X170.603 Y153.92 E5.51613
G1 X170.191 Y154.203 E5.54017
G1 X169.937 Y154.588 E5.56235
;WIDTH:0.491604
G1 X169.869 Y154.859 E5.57724
;WIDTH:0.533208
G1 X169.802 Y155.13 E5.59356
;WIDTH:0.543464
G1 X169.899 Y155.521 E5.61763
G1 X169.248 Y155.521 E5.65653
G1 X169.338 Y155.183 E5.67743
;WIDTH:0.530416
G1 X169.284 Y154.923 E5.69287
;WIDTH:0.490208
G1 X169.23 Y154.662 E5.70703
;WIDTH:0.45
G1 X168.978 Y154.228 E5.73117
G1 X168.54 Y153.923 E5.75684
G1 X168.041 Y153.817 E5.78138
G1 X145.673 Y153.817 E6.8572
G1 X145.945 Y153.353 E6.88307
;WIDTH:0.607882
G1 X168.041 Y153.353 E8.38093
;WIDTH:0.623545
G1 X168.185 Y153.361 E8.39099
G1 X169.556 Y153.635 F7800
;WIDTH:0.509649
G1 F1200
G1 X169.516 Y153.675 E8.39413
G1 X169.531 Y153.729 E8.39724
G1 X169.584 Y153.743 E8.40028
G1 X169.624 Y153.704 E8.40338
G1 X169.609 Y153.65 E8.40649
G1 X170.762 Y153.33 F7800
;WIDTH:0.548958
G1 F1200
G1 X170.627 Y153.302 E8.41482
;WIDTH:0.499479
G1 X170.491 Y153.274 E8.42236
;WIDTH:0.45
G1 X168.653 Y153.274 E8.51076
;WIDTH:0.493386
G1 X168.536 Y153.295 E8.51712
;WIDTH:0.536772
G1 X168.419 Y153.317 E8.52413
;WIDTH:0.580158
G1 X168.302 Y153.339 E8.53179
;WIDTH:0.623545
G1 X168.185 Y153.361 E8.54009
G1 X168.349 Y153.432 E8.55255
;WIDTH:0.580158
G1 X168.513 Y153.503 E8.56405
;WIDTH:0.536772
G1 X168.677 Y153.574 E8.57458
;WIDTH:0.493386
G1 X168.841 Y153.645 E8.58414
;WIDTH:0.45
G1 X169.263 Y153.969 E8.60973
G1 X169.531 Y154.386 E8.63357
G1 X169.57 Y154.492 E8.639
G1 X169.813 Y154.055 E8.66305
G1 X169.963 Y153.892 E8.6737
G1 X170.302 Y153.642 E8.69396
;WIDTH:0.488956
G1 X170.465 Y153.574 E8.70331
;WIDTH:0.527912
G1 X170.627 Y153.506 E8.71347
;WIDTH:0.566868
G1 X170.789 Y153.437 E8.72451
;WIDTH:0.605824
G1 X170.951 Y153.369 E8.73637
;WIDTH:0.617845
G1 X171.092 Y153.353 E8.74617
;WIDTH:0.607879
G1 X193.195 Y153.353 E10.24449
G1 E8.24449 F2400
G92 E0
G1 X184.438 Y59.967 F7800
G1 E2 F2400
;TYPE:Perimeter
;WIDTH:0.45
G1 F1200
G1 X184.362 Y59.967 E2.00366
G1 X186.271 Y58.158 E2.13015
G1 X188.545 Y54.959 E2.31892
G1 X193.949 Y54.96 E2.57883
G1 X193.949 Y59.967 E2.81965
G1 X184.498 Y59.967 E3.27421
G1 X183.437 Y60.353 F7800
G1 F1200
G1 X183.395 Y60.353 E3.27623
G1 X185.978 Y57.904 E3.44743
G1 X188.345 Y54.574 E3.64393
G1 X194.334 Y54.574 E3.93198
G1 X194.334 Y60.353 E4.20993
G1 X183.497 Y60.353 E4.73115
G1 X182.435 Y60.738 F7800
;TYPE:External perimeter
G1 F1200
G1 X182.427 Y60.738 E4.73153
G1 X185.686 Y57.65 E4.94747
G1 X188.079 Y54.283 E5.14614
;TYPE:Overhang perimeter
;WIDTH:0.4
;HEIGHT:0.4
M106 S255
G1 X188.146 Y54.188 E5.15221
G1 X194.72 Y54.188 E5.49567
G1 X194.72 Y54.283 E5.50063
M106 S142.8
;TYPE:External perimeter
;WIDTH:0.45
;HEIGHT:0.3
G1 X194.72 Y60.738 E5.81109
G1 X182.495 Y60.738 E6.39907
G1 X182.746 Y60.426 F7800
G1 E4.39907 F2400
G92 E0
G1 X185.088 Y59.678 F7800
G1 E2 F2400
;TYPE:Solid infill
G1 F1200
G1 X186.49 Y58.349 E2.09291
G1 X187.404 Y57.063 E2.16879
G1 X190.019 Y59.678 E2.34666
G1 X185.281 Y59.678 E2.57454
G1 X186.056 Y59.292 F7800
G1 F1200
G1 X186.878 Y58.469 E2.63049
G1 X187.454 Y57.659 E2.67829
G1 X189.088 Y59.292 E2.7894
G1 X186.248 Y59.292 E2.92599
G1 X187.082 Y58.875 F7800
;WIDTH:0.513758
G1 F1200
G1 X187.508 Y58.303 E2.96596
G1 X188.08 Y58.875 E3.0113
G1 X187.275 Y58.875 E3.05642
G1 E1.05642 F2400
G92 E0
G1 X187.631 Y56.744 F7800
G1 E2 F2400
;WIDTH:0.45
G1 F1200
G1 X190.564 Y59.678 E2.19953
G1 X191.109 Y59.678 E2.22574
G1 X187.857 Y56.426 E2.44694
G1 X188.084 Y56.107 E2.46577
G1 X191.655 Y59.678 E2.70866
G1 X192.2 Y59.678 E2.73487
G1 X188.31 Y55.788 E2.99946
G1 X188.537 Y55.469 E3.01829
G1 X192.745 Y59.678 E3.30455
G1 X193.291 Y59.678 E3.33081
G1 X188.862 Y55.249 E3.63207
G1 X188.652 Y55.08 E3.64503
;WIDTH:0.404381
G1 X188.663 Y55.121 E3.64683
G1 X188.592 Y55.14 E3.64995
G1 X188.611 Y55.069 E3.65307
G1 X189.407 Y55.249 F7800
;WIDTH:0.45
G1 F1200
G1 X193.66 Y59.501 E3.94232
G1 X193.741 Y59.729 E3.95396
;WIDTH:0.404381
G1 X193.722 Y59.8 E3.95708
G1 X193.793 Y59.781 E3.9602
G1 X193.782 Y59.74 E3.962
G1 X193.66 Y58.956 F7800
;WIDTH:0.45
G1 F1200
G1 X189.952 Y55.249 E4.21418
G1 X190.498 Y55.249 E4.24044
G1 X193.66 Y58.411 E4.45552
G1 X193.66 Y57.865 E4.48178
G1 X191.043 Y55.249 E4.65975
G1 X191.588 Y55.249 E4.68596
G1 X193.66 Y57.32 E4.82686
G1 X193.813 Y57.427 E4.83584
;WIDTH:0.404381
G1 X193.794 Y57.498 E4.83896
G1 X193.865 Y57.479 E4.84208
G1 X193.854 Y57.438 E4.84388
G1 E2.84388 F2400
G92 E0
G1 X192.27 Y55.385 F7800
G1 E2 F2400
;WIDTH:0.45
G1 F1200
G1 X193.66 Y56.775 E2.09455
G1 X193.66 Y55.249 E2.16795
G1 X192.134 Y55.249 E2.24135
G1 X193.196 Y55.634 F7800
;WIDTH:0.572561
G1 F1200
G1 X193.151 Y55.679 E2.24538
G1 X193.168 Y55.741 E2.24945
G1 X193.229 Y55.757 E2.25345
G1 X193.274 Y55.712 E2.25748
G1 X193.258 Y55.651 E2.26148
G1 E.26148 F2400
G92 E0
G1 X145.191 Y59.967 F7800
G1 E2 F2400
;TYPE:Perimeter
;WIDTH:0.45
G1 F1200
G1 X145.191 Y54.96 E2.24082
G1 X150.595 Y54.959 E2.50073
G1 X152.869 Y58.158 E2.6895
G1 X154.778 Y59.967 E2.81599
G1 X145.251 Y59.967 E3.27421
G1 X144.806 Y60.353 F7800
G1 F1200
G1 X144.806 Y54.574 E3.55216
G1 X150.795 Y54.574 E3.84021
G1 X153.162 Y57.904 E4.03671
G1 X155.745 Y60.353 E4.20791
G1 X144.866 Y60.353 E4.73115
G1 X144.42 Y60.738 F7800
;TYPE:External perimeter
G1 F1200
G1 X144.42 Y54.283 E5.04161
;TYPE:Overhang perimeter
;WIDTH:0.4
;HEIGHT:0.4
M106 S255
G1 X144.42 Y54.188 E5.04657
G1 X150.994 Y54.188 E5.39003
G1 X151.061 Y54.283 E5.3961
M106 S142.8
;TYPE:External perimeter
;WIDTH:0.45
;HEIGHT:0.3
G1 X153.454 Y57.65 E5.59477
G1 X156.713 Y60.738 E5.81071
G1 X144.48 Y60.738 E6.39907
G1 X144.421 Y60.343 F7800
G1 X145.512 Y59.573
;TYPE:Solid infill
;WIDTH:0.543559
G1 F1200
G1 X145.469 Y59.616 E6.4027
G1 X145.485 Y59.673 E6.40624
G1 X145.543 Y59.689 E6.40984
G1 X145.585 Y59.647 E6.41339
G1 X145.57 Y59.589 E6.41697
;WIDTH:0.45
G1 X146.186 Y59.678 E6.44691
G1 X145.48 Y58.973 E6.4949
G1 X145.346 Y58.795 E6.50562
;WIDTH:0.404381
G1 X145.357 Y58.836 E6.50742
G1 X145.286 Y58.855 E6.51054
G1 X145.305 Y58.784 E6.51366
;WIDTH:0.45
G1 X145.48 Y58.427 E6.53278
G1 X146.731 Y59.678 E6.61787
G1 X147.276 Y59.678 E6.64408
G1 X145.48 Y57.882 E6.76624
G1 X145.48 Y57.337 E6.79245
G1 X147.822 Y59.678 E6.95172
G1 X148.367 Y59.678 E6.97793
G1 X145.48 Y56.791 E7.1743
G1 X145.48 Y56.246 E7.20051
G1 X148.912 Y59.678 E7.43395
G1 X149.458 Y59.678 E7.46021
G1 X145.48 Y55.701 E7.73075
G1 X145.349 Y55.087 E7.76095
;WIDTH:0.404381
G1 X145.33 Y55.158 E7.76407
G1 X145.401 Y55.139 E7.76719
G1 X145.39 Y55.098 E7.76899
;WIDTH:0.45
G1 X145.574 Y55.249 E7.78044
G1 X150.003 Y59.678 E8.0817
G1 X150.548 Y59.678 E8.10791
G1 X146.119 Y55.249 E8.40917
G1 X146.665 Y55.249 E8.43543
G1 X151.094 Y59.678 E8.73669
G1 X151.639 Y59.678 E8.7629
G1 X147.21 Y55.249 E9.06416
G1 X147.755 Y55.249 E9.09037
G1 X152.184 Y59.678 E9.39163
G1 X152.73 Y59.678 E9.41789
G1 X148.301 Y55.249 E9.71915
G1 X148.846 Y55.249 E9.74536
G1 X153.275 Y59.678 E10.04662
G1 X153.82 Y59.678 E10.07283
G1 X149.391 Y55.249 E10.37409
G1 X151.064 Y56.26 F7800
;WIDTH:0.614373
G1 F1200
G1 X151.402 Y56.66 E10.41001
;WIDTH:0.572374
G1 X151.74 Y57.059 E10.44314
;WIDTH:0.530376
G1 X152.078 Y57.459 E10.47358
;WIDTH:0.488377
G1 X152.415 Y57.859 E10.50124
;WIDTH:0.446379
G1 X152.753 Y58.259 E10.52619
;WIDTH:0.404381
G1 X154.151 Y59.62 E10.60893
G1 X154.208 Y59.74 E10.61456
G1 E8.61456 F2400
G92 E0
G1 X150.047 Y55.379 F7800
G1 E2 F2400
;WIDTH:0.421215
G1 F1200
G1 X150.697 Y56.064 E2.04203
G1 X150.77 Y56.103 E2.04571
;WIDTH:0.469452
G1 X150.844 Y56.142 E2.04994
;WIDTH:0.517759
G1 X150.917 Y56.181 E2.05462
;WIDTH:0.566066
G1 X150.991 Y56.221 E2.05988
;WIDTH:0.614373
G1 X151.064 Y56.26 E2.06556
G1 X151.038 Y56.181 E2.07127
;WIDTH:0.566066
G1 X151.011 Y56.102 E2.07649
;WIDTH:0.517759
G1 X150.985 Y56.023 E2.08119
;WIDTH:0.469452
G1 X150.958 Y55.944 E2.08541
;WIDTH:0.421145
G1 X150.932 Y55.865 E2.08911
;WIDTH:0.401967
G1 X150.719 Y55.591 E2.10372
;WIDTH:0.431095
G1 X150.451 Y55.239 E2.12396
G1 X149.914 Y55.239 E2.14852
M106 S147.9
;LAYER_CHANGE
;Z:6.05
;HEIGHT:0.3
G1 E.14852 F2400
G92 E0
G1 Z6.05 F7800
;AFTER_LAYER_CHANGE
;6.05
G1 X170.264 Y154.602
G1 E2 F2400
;TYPE:Perimeter
;WIDTH:0.45
G1 F1500
G1 X170.188 Y154.725 E2.00695
G1 X170.128 Y155.155 E2.02783
G1 X170.261 Y155.567 E2.04865
G1 X170.435 Y155.857 E2.06492
G1 X168.705 Y155.857 E2.14813
G1 X168.879 Y155.567 E2.1644
G1 X169.006 Y155.207 E2.18276
G1 X168.952 Y154.725 E2.20609
G1 X168.765 Y154.421 E2.22326
G1 X168.458 Y154.196 E2.24157
G1 X168.052 Y154.107 E2.26156
G1 X145.191 Y154.107 E3.36109
G1 X145.191 Y152.599 E3.43362
G1 X193.949 Y152.599 E5.77871
G1 X193.949 Y154.107 E5.85124
G1 X171.088 Y154.107 E6.95077
G1 X170.682 Y154.196 E6.97076
G1 X170.375 Y154.421 E6.98907
G1 X170.295 Y154.551 E6.99641
G1 X170.594 Y154.789 F7800
G1 F1500
G1 X170.548 Y154.863 E7.0006
G1 X170.512 Y155.121 E7.01313
G1 X170.592 Y155.368 E7.02562
G1 X171.117 Y156.242 E7.07466
G1 X168.023 Y156.242 E7.22347
G1 X168.548 Y155.368 E7.27251
G1 X168.624 Y155.152 E7.28352
G1 X168.592 Y154.863 E7.2975
G1 X168.48 Y154.681 E7.30778
G1 X168.296 Y154.546 E7.31876
G1 X168.052 Y154.492 E7.33078
G1 X144.806 Y154.492 E8.44883
G1 X144.806 Y152.213 E8.55844
G1 X194.334 Y152.213 E10.94056
G1 X194.334 Y154.492 E11.05017
G1 X171.088 Y154.492 E12.16822
G1 X170.844 Y154.546 E12.18024
G1 X170.66 Y154.681 E12.19122
G1 X170.625 Y154.738 E12.19444
G1 X170.932 Y154.976 F7800
;TYPE:External perimeter
G1 F1500
G1 X170.908 Y155.001 E12.19611
G1 X170.923 Y155.17 E12.20427
G1 X171.798 Y156.628 E12.28605
G1 X167.342 Y156.628 E12.50037
G1 X168.249 Y155.117 E12.58513
G1 X168.194 Y154.941 E12.594
G1 X168.052 Y154.878 E12.60147
G1 X144.42 Y154.878 E13.73809
G1 X144.42 Y151.828 E13.88478
G1 X194.72 Y151.828 E16.30404
G1 X194.72 Y154.878 E16.45073
G1 X171.024 Y154.878 E17.59043
G1 X170.973 Y154.932 E17.594
G1 X171.023 Y155.329 F7800
G1 X171.092 Y153.817
;TYPE:Solid infill
G1 F1200
G1 X170.603 Y153.92 E17.61804
G1 X170.191 Y154.203 E17.64208
G1 X169.937 Y154.588 E17.66426
;WIDTH:0.491604
G1 X169.869 Y154.859 E17.67915
;WIDTH:0.533209
G1 X169.802 Y155.13 E17.69547
;WIDTH:0.543463
G1 X169.899 Y155.521 E17.71954
G1 X169.248 Y155.521 E17.75844
G1 X169.338 Y155.183 E17.77934
;WIDTH:0.530416
G1 X169.284 Y154.923 E17.79478
;WIDTH:0.490208
G1 X169.23 Y154.662 E17.80894
;WIDTH:0.45
G1 X168.978 Y154.228 E17.83308
G1 X168.54 Y153.923 E17.85875
G1 X168.041 Y153.817 E17.88329
G1 X145.48 Y153.817 E18.9684
G1 X145.48 Y152.888 E19.01308
G1 X193.66 Y152.888 E21.33037
G1 X193.66 Y153.817 E21.37505
G1 X171.285 Y153.817 E22.45121
G1 X169.624 Y153.675 F7800
;WIDTH:0.509649
G1 F1200
G1 X169.584 Y153.635 E22.45435
G1 X169.531 Y153.65 E22.45741
G1 X169.516 Y153.704 E22.46052
G1 X169.556 Y153.743 E22.46362
G1 X169.609 Y153.729 E22.46666
G1 X168.185 Y153.361 F7800
;WIDTH:0.623543
G1 F1200
G1 X168.041 Y153.353 E22.47672
;WIDTH:0.607879
G1 X145.945 Y153.353 E23.97456
G1 E21.97456 F2400
G92 E0
G1 X170.762 Y153.33 F7800
G1 E2 F2400
;WIDTH:0.548958
G1 F1200
G1 X170.627 Y153.302 E2.00833
;WIDTH:0.499479
G1 X170.491 Y153.274 E2.01587
;WIDTH:0.45
G1 X168.653 Y153.274 E2.10427
;WIDTH:0.493385
G1 X168.536 Y153.295 E2.11063
;WIDTH:0.536771
G1 X168.419 Y153.317 E2.11764
;WIDTH:0.580157
G1 X168.302 Y153.339 E2.1253
;WIDTH:0.623543
G1 X168.185 Y153.361 E2.1336
G1 X168.349 Y153.432 E2.14606
;WIDTH:0.580157
G1 X168.513 Y153.503 E2.15756
;WIDTH:0.536771
G1 X168.677 Y153.574 E2.16809
;WIDTH:0.493385
G1 X168.841 Y153.645 E2.17765
;WIDTH:0.45
G1 X169.263 Y153.969 E2.20324
G1 X169.531 Y154.386 E2.22708
G1 X169.57 Y154.492 E2.23251
G1 X169.813 Y154.055 E2.25656
G1 X169.963 Y153.892 E2.26721
G1 X170.302 Y153.642 E2.28747
;WIDTH:0.488956
G1 X170.465 Y153.574 E2.29682
;WIDTH:0.527912
G1 X170.627 Y153.506 E2.30698
;WIDTH:0.566868
G1 X170.789 Y153.437 E2.31802
;WIDTH:0.605824
G1 X170.951 Y153.369 E2.32988
;WIDTH:0.617845
G1 X171.092 Y153.353 E2.33968
;WIDTH:0.607879
G1 X193.195 Y153.353 E3.838
G1 E1.838 F2400
G92 E0
G1 X185.093 Y59.447 F7800
G1 E2 F2400
;TYPE:Perimeter
;WIDTH:0.45
G1 F1200
G1 X186.271 Y58.332 E2.07801
G1 X189.037 Y54.44 E2.30766
G1 X193.949 Y54.44 E2.54391
G1 X193.949 Y59.447 E2.78473
G1 X185.153 Y59.447 E3.20779
G1 X184.126 Y59.833 F7800
G1 F1200
G1 X185.978 Y58.077 E3.33054
G1 X188.838 Y54.054 E3.56794
G1 X194.334 Y54.054 E3.83228
G1 X194.334 Y59.833 E4.11023
G1 X184.186 Y59.833 E4.59831
G1 X183.158 Y60.219 F7800
;TYPE:External perimeter
G1 F1200
G1 X185.686 Y57.823 E4.76583
G1 X188.505 Y53.857 E4.99986
G1 X188.55 Y53.763 E5.00487
;TYPE:Overhang perimeter
;WIDTH:0.4
;HEIGHT:0.4
M106 S255
G1 X188.596 Y53.669 E5.01034
G1 X194.72 Y53.669 E5.33029
G1 X194.72 Y53.763 E5.3352
M106 S147.9
;TYPE:External perimeter
;WIDTH:0.45
;HEIGHT:0.3
G1 X194.72 Y60.219 E5.64571
G1 X183.218 Y60.219 E6.19892
G1 X183.475 Y59.912 F7800
G1 E4.19892 F2400
G92 E0
G1 X188.807 Y55.017 F7800
G1 E2 F2400
;TYPE:Solid infill
;WIDTH:0.404381
G1 F1200
G1 X189.135 Y54.629 E2.02155
;WIDTH:0.45
G1 X189.439 Y54.729 E2.03694
G1 X188.564 Y55.604 E2.09646
G1 X188.334 Y55.876 E2.11359
;WIDTH:0.404381
G1 X187.468 Y56.902 E2.17053
;WIDTH:0.45
G1 X187.225 Y57.489 E2.20109
G1 X189.985 Y54.729 E2.38882
G1 E.38882 F2400
G92 E0
G1 X186.992 Y57.762 F7800
G1 E2 F2400
;WIDTH:0.404381
G1 F1200
G1 X186.338 Y58.522 E2.04252
G1 X185.758 Y59.088 E2.07689
G1 X185.694 Y59.208 E2.08266
;WIDTH:0.45
G1 X186.101 Y59.158 E2.10238
G1 X190.53 Y54.729 E2.40364
G1 X191.075 Y54.729 E2.42985
G1 X186.646 Y59.158 E2.73111
G1 X187.191 Y59.158 E2.75732
G1 X191.621 Y54.729 E3.05861
G1 X192.166 Y54.729 E3.08482
G1 X187.737 Y59.158 E3.38608
G1 X188.282 Y59.158 E3.41229
G1 X192.711 Y54.729 E3.71355
G1 X193.257 Y54.729 E3.73981
G1 X188.828 Y59.158 E4.04107
G1 X189.373 Y59.158 E4.06728
G1 X193.66 Y54.872 E4.35884
G1 X193.792 Y54.657 E4.37097
;WIDTH:0.404381
G1 X193.751 Y54.668 E4.37277
G1 X193.732 Y54.597 E4.37589
G1 X193.803 Y54.616 E4.37901
G1 X193.66 Y55.417 F7800
;WIDTH:0.45
G1 F1200
G1 X189.918 Y59.158 E4.6335
G1 X190.464 Y59.158 E4.65976
G1 X193.66 Y55.962 E4.87715
G1 X193.66 Y56.508 E4.90341
G1 X191.009 Y59.158 E5.08369
G1 X191.554 Y59.158 E5.1099
G1 X193.66 Y57.053 E5.25311
G1 X193.854 Y56.935 E5.26403
;WIDTH:0.404381
G1 X193.813 Y56.946 E5.26583
G1 X193.794 Y56.875 E5.26895
G1 X193.865 Y56.894 E5.27207
;WIDTH:0.45
G1 X193.66 Y57.598 E5.30734
G1 X193.66 Y59.158 E5.38237
G1 X192.1 Y59.158 E5.4574
G1 X193.523 Y57.735 E5.55419
G1 X193.266 Y58.684 F7800
;WIDTH:0.592555
G1 F1200
G1 X193.22 Y58.638 E5.55848
G1 X193.156 Y58.655 E5.56284
G1 X193.139 Y58.718 E5.56714
G1 X193.186 Y58.765 E5.57152
G1 X193.249 Y58.748 E5.57582
G1 E3.57582 F2400
G92 E0
G1 X145.191 Y59.447 F7800
G1 E2 F2400
;TYPE:Perimeter
;WIDTH:0.45
G1 F1200
G1 X145.191 Y54.44 E2.24082
G1 X150.103 Y54.44 E2.47707
G1 X152.869 Y58.332 E2.70672
G1 X154.047 Y59.447 E2.78473
G1 X145.251 Y59.447 E3.20779
G1 X144.806 Y59.833 F7800
G1 F1200
G1 X144.806 Y54.054 E3.48574
G1 X150.27 Y54.054 E3.74854
G1 X150.321 Y54.081 E3.75132
G1 X153.162 Y58.077 E3.98714
G1 X155.014 Y59.833 E4.10989
G1 X144.866 Y59.833 E4.59797
G1 X144.42 Y60.219 F7800
;TYPE:External perimeter
G1 F1200
G1 X144.42 Y53.763 E4.90848
;TYPE:Overhang perimeter
;WIDTH:0.4
;HEIGHT:0.4
M106 S255
G1 X144.42 Y53.669 E4.91339
G1 X150.544 Y53.669 E5.23334
G1 X150.59 Y53.763 E5.23881
M106 S147.9
;TYPE:External perimeter
;WIDTH:0.45
;HEIGHT:0.3
G1 X150.635 Y53.857 E5.24382
G1 X153.454 Y57.823 E5.47785
G1 X155.982 Y60.219 E5.64537
G1 X144.48 Y60.219 E6.19858
G1 X144.421 Y59.823 F7800
G1 E4.19858 F2400
G92 E0
G1 X145.585 Y54.76 F7800
G1 E2 F2400
;TYPE:Solid infill
;WIDTH:0.543559
G1 F1200
G1 X145.543 Y54.718 E2.00355
G1 X145.485 Y54.734 E2.00715
G1 X145.469 Y54.791 E2.01069
G1 X145.512 Y54.834 E2.01432
G1 X145.57 Y54.818 E2.01792
;WIDTH:0.45
G1 X146.186 Y54.729 E2.04786
G1 X145.357 Y55.571 E2.10469
;WIDTH:0.404381
G1 X145.286 Y55.552 E2.10781
G1 X145.305 Y55.623 E2.11093
G1 X145.346 Y55.612 E2.11273
;WIDTH:0.45
G1 X145.48 Y55.98 E2.13157
G1 X146.731 Y54.729 E2.21666
G1 X147.276 Y54.729 E2.24287
G1 X145.48 Y56.525 E2.36503
G1 X145.48 Y57.07 E2.39124
G1 X147.822 Y54.729 E2.55051
G1 X148.367 Y54.729 E2.57672
G1 X145.48 Y57.616 E2.77309
G1 X145.48 Y58.161 E2.7993
G1 X148.912 Y54.729 E3.03274
G1 X149.458 Y54.729 E3.059
G1 X145.48 Y58.706 E3.32954
G1 X145.39 Y59.309 E3.35886
;WIDTH:0.404381
G1 X145.349 Y59.32 E3.36066
G1 X145.33 Y59.248 E3.36382
G1 X145.401 Y59.268 E3.36695
;WIDTH:0.45
G1 X145.574 Y59.158 E3.37681
G1 X149.974 Y54.758 E3.67609
G1 X150.201 Y55.077 E3.69492
G1 X146.119 Y59.158 E3.97254
G1 X146.665 Y59.158 E3.9988
G1 X150.427 Y55.395 E4.25472
G1 X150.654 Y55.714 E4.27355
G1 X147.21 Y59.158 E4.50781
G1 X147.755 Y59.158 E4.53402
G1 X150.88 Y56.033 E4.74658
G1 X151.107 Y56.352 E4.76541
G1 X148.301 Y59.158 E4.95627
G1 X148.846 Y59.158 E4.98248
G1 X151.334 Y56.67 E5.15171
G1 X152.145 Y57.812 E5.21908
G1 X152.742 Y58.609 E5.26697
G1 X153.321 Y59.158 E5.30535
G1 X149.391 Y59.158 E5.49437
G1 X151.424 Y57.126 E5.63262
G1 X151.51 Y57.585 E5.65508
G1 X152.372 Y58.773 E5.72568
G1 X150.322 Y58.773 E5.82428
G1 X151.374 Y57.721 E5.89584
G1 X151.516 Y58.288 E5.92395
;WIDTH:0.612775
G1 X151.467 Y58.239 E5.92869
G1 X151.401 Y58.257 E5.93337
G1 X151.383 Y58.323 E5.93805
G1 X151.432 Y58.372 E5.94279
G1 X151.498 Y58.354 E5.94747
M106 S150.45
;LAYER_CHANGE
;Z:6.35
;HEIGHT:0.3
G1 E3.94747 F2400
G92 E0
G1 Z6.35 F7800
;AFTER_LAYER_CHANGE
;6.35
G1 X170.264 Y154.602
G1 E2 F2400
;TYPE:Perimeter
;WIDTH:0.45
G1 F1500
G1 X170.188 Y154.725 E2.00695
G1 X170.128 Y155.155 E2.02783
G1 X170.261 Y155.567 E2.04865
G1 X170.435 Y155.857 E2.06492
G1 X168.705 Y155.857 E2.14813
G1 X168.879 Y155.567 E2.1644
G1 X169.006 Y155.207 E2.18276
G1 X168.952 Y154.725 E2.20609
G1 X168.765 Y154.421 E2.22326
G1 X168.458 Y154.196 E2.24157
G1 X168.052 Y154.107 E2.26156
G1 X145.191 Y154.107 E3.36109
G1 X145.191 Y152.599 E3.43362
G1 X193.949 Y152.599 E5.77871
G1 X193.949 Y154.107 E5.85124
G1 X171.088 Y154.107 E6.95077
G1 X170.682 Y154.196 E6.97076
G1 X170.375 Y154.421 E6.98907
G1 X170.295 Y154.551 E6.99641
G1 X170.594 Y154.789 F7800
G1 F1500
G1 X170.548 Y154.863 E7.0006
G1 X170.512 Y155.121 E7.01313
G1 X170.592 Y155.368 E7.02562
G1 X171.117 Y156.242 E7.07466
G1 X168.023 Y156.242 E7.22347
G1 X168.548 Y155.368 E7.27251
G1 X168.624 Y155.152 E7.28352
G1 X168.592 Y154.863 E7.2975
G1 X168.48 Y154.681 E7.30778
G1 X168.296 Y154.546 E7.31876
G1 X168.052 Y154.492 E7.33078
G1 X144.806 Y154.492 E8.44883
G1 X144.806 Y152.213 E8.55844
G1 X194.334 Y152.213 E10.94056
G1 X194.334 Y154.492 E11.05017
G1 X171.088 Y154.492 E12.16822
G1 X170.844 Y154.546 E12.18024
G1 X170.66 Y154.681 E12.19122
G1 X170.625 Y154.738 E12.19444
G1 X170.932 Y154.976 F7800
;TYPE:External perimeter
G1 F1500
G1 X170.908 Y155.001 E12.19611
G1 X170.923 Y155.17 E12.20427
G1 X171.798 Y156.628 E12.28605
G1 X167.342 Y156.628 E12.50037
G1 X168.249 Y155.117 E12.58513
G1 X168.194 Y154.941 E12.594
G1 X168.052 Y154.878 E12.60147
G1 X144.42 Y154.878 E13.73809
G1 X144.42 Y151.828 E13.88478
G1 X194.72 Y151.828 E16.30404
G1 X194.72 Y154.878 E16.45073
G1 X171.024 Y154.878 E17.59043
G1 X170.973 Y154.932 E17.594
G1 X171.023 Y155.329 F7800
G1 E15.594 F2400
G92 E0
G1 X145.48 Y153.817 F7800
G1 E2 F2400
;TYPE:Solid infill
G1 F1200
G1 X145.48 Y152.888 E2.04468
G1 X193.66 Y152.888 E4.36197
G1 X193.66 Y153.817 E4.40665
G1 X171.092 Y153.817 E5.49209
G1 X170.603 Y153.92 E5.51613
G1 X170.191 Y154.203 E5.54017
G1 X169.937 Y154.588 E5.56235
;WIDTH:0.491604
G1 X169.869 Y154.859 E5.57724
;WIDTH:0.533208
G1 X169.802 Y155.13 E5.59356
;WIDTH:0.543464
G1 X169.899 Y155.521 E5.61763
G1 X169.248 Y155.521 E5.65653
G1 X169.338 Y155.183 E5.67743
;WIDTH:0.530416
G1 X169.284 Y154.923 E5.69287
;WIDTH:0.490208
G1 X169.23 Y154.662 E5.70703
;WIDTH:0.45
G1 X168.978 Y154.228 E5.73117
G1 X168.54 Y153.923 E5.75684
G1 X168.041 Y153.817 E5.78138
G1 X145.673 Y153.817 E6.8572
G1 X145.945 Y153.353 E6.88307
;WIDTH:0.607882
G1 X168.041 Y153.353 E8.38093
;WIDTH:0.623545
G1 X168.185 Y153.361 E8.39099
G1 X169.556 Y153.635 F7800
;WIDTH:0.509649
G1 F1200
G1 X169.516 Y153.675 E8.39413
G1 X169.531 Y153.729 E8.39724
G1 X169.584 Y153.743 E8.40028
G1 X169.624 Y153.704 E8.40338
G1 X169.609 Y153.65 E8.40649
G1 X170.762 Y153.33 F7800
;WIDTH:0.548958
G1 F1200
G1 X170.627 Y153.302 E8.41482
;WIDTH:0.499479
G1 X170.491 Y153.274 E8.42236
;WIDTH:0.45
G1 X168.653 Y153.274 E8.51076
;WIDTH:0.493386
G1 X168.536 Y153.295 E8.51712
;WIDTH:0.536772
G1 X168.419 Y153.317 E8.52413
;WIDTH:0.580158
G1 X168.302 Y153.339 E8.53179
;WIDTH:0.623545
G1 X168.185 Y153.361 E8.54009
G1 X168.349 Y153.432 E8.55255
;WIDTH:0.580158
G1 X168.513 Y153.503 E8.56405
;WIDTH:0.536772
G1 X168.677 Y153.574 E8.57458
;WIDTH:0.493386
G1 X168.841 Y153.645 E8.58414
;WIDTH:0.45
G1 X169.263 Y153.969 E8.60973
G1 X169.531 Y154.386 E8.63357
G1 X169.57 Y154.492 E8.639
G1 X169.813 Y154.055 E8.66305
G1 X169.963 Y153.892 E8.6737
G1 X170.302 Y153.642 E8.69396
;WIDTH:0.488956
G1 X170.465 Y153.574 E8.70331
;WIDTH:0.527912
G1 X170.627 Y153.506 E8.71347
;WIDTH:0.566868
G1 X170.789 Y153.437 E8.72451
;WIDTH:0.605824
G1 X170.951 Y153.369 E8.73637
;WIDTH:0.617845
G1 X171.092 Y153.353 E8.74617
;WIDTH:0.607879
G1 X193.195 Y153.353 E10.24449
G1 E8.24449 F2400
G92 E0
G1 X185.825 Y58.928 F7800
G1 E2 F2400
;TYPE:Perimeter
;WIDTH:0.45
G1 F1200
G1 X186.325 Y58.428 E2.03401
G1 X189.133 Y54.477 E2.26714
G1 X189.409 Y53.92 E2.29704
G1 X193.949 Y53.92 E2.5154
G1 X193.949 Y58.928 E2.75627
G1 X185.885 Y58.928 E3.14412
G1 X184.857 Y59.313 F7800
G1 F1200
G1 X185.978 Y58.251 E3.21839
G1 X188.873 Y54.162 E3.45936
G1 X189.163 Y53.535 E3.49259
G1 X194.334 Y53.535 E3.7413
G1 X194.334 Y59.313 E4.0192
G1 X184.917 Y59.313 E4.47212
G1 X183.889 Y59.699 F7800
;TYPE:External perimeter
G1 F1200
G1 X185.686 Y57.997 E4.59116
G1 X188.523 Y54 E4.8269
G1 X188.873 Y53.244 E4.86697
;TYPE:Overhang perimeter
;WIDTH:0.4
;HEIGHT:0.4
M106 S255
G1 X188.916 Y53.149 E4.87242
G1 X194.72 Y53.149 E5.17565
G1 X194.72 Y53.244 E5.18061
M106 S150.45
;TYPE:External perimeter
;WIDTH:0.45
;HEIGHT:0.3
G1 X194.72 Y59.699 E5.49107
G1 X183.949 Y59.699 E6.00912
G1 X184.206 Y59.392 F7800
G1 E4.00912 F2400
G92 E0
G1 X186.524 Y58.639 F7800
G1 E2 F2400
;TYPE:Solid infill
G1 F1200
G1 X188.358 Y56.068 E2.15189
G1 X190.928 Y58.639 E2.32673
G1 X186.716 Y58.639 E2.52931
G1 X187.278 Y58.253 E2.5621
G1 X188.408 Y56.663 E2.65592
G1 X189.997 Y58.253 E2.76404
G1 X187.471 Y58.253 E2.88553
G1 X188.07 Y57.844 E2.92042
;WIDTH:0.496469
G1 X188.461 Y57.295 E2.95674
G1 X189.01 Y57.844 E2.99858
G1 X188.263 Y57.844 E3.03884
G1 E1.03884 F2400
G92 E0
G1 X188.584 Y55.749 F7800
G1 E2 F2400
;WIDTH:0.45
G1 F1200
G1 X191.474 Y58.639 E2.19657
G1 X192.019 Y58.639 E2.22278
G1 X188.811 Y55.43 E2.44102
G1 X189.037 Y55.112 E2.45978
G1 X192.564 Y58.639 E2.69968
G1 X193.11 Y58.639 E2.72594
G1 X189.264 Y54.793 E2.98754
G1 X189.468 Y54.452 E3.00665
G1 X193.655 Y58.639 E3.29144
G1 X193.66 Y58.098 E3.31746
G1 X189.771 Y54.209 E3.58198
G1 X189.543 Y54.051 E3.59532
;WIDTH:0.404381
G1 X189.554 Y54.092 E3.59712
G1 X189.483 Y54.111 E3.60024
G1 X189.502 Y54.04 E3.60336
G1 X190.317 Y54.209 F7800
;WIDTH:0.45
G1 F1200
G1 X193.66 Y57.552 E3.83075
G1 X193.66 Y57.007 E3.85696
G1 X190.862 Y54.209 E4.04728
G1 X191.407 Y54.209 E4.07349
G1 X193.66 Y56.462 E4.22674
G1 E2.22674 F2400
G92 E0
G1 X192.089 Y54.346 F7800
G1 E2 F2400
G1 F1200
G1 X193.66 Y55.916 E2.10682
G1 X193.66 Y54.209 E2.18892
G1 X191.953 Y54.209 E2.27102
G1 X192.789 Y54.556 F7800
;WIDTH:0.371521
G1 F1200
G1 X193.313 Y54.556 E2.29109
G1 X193.313 Y55.08 E2.31116
G1 X192.925 Y54.692 E2.33218
G1 E.33218 F2400
G92 E0
G1 X145.191 Y58.928 F7800
G1 E2 F2400
;TYPE:Perimeter
;WIDTH:0.45
G1 F1200
G1 X145.191 Y53.92 E2.24087
G1 X149.731 Y53.92 E2.45923
G1 X150.007 Y54.477 E2.48913
G1 X152.869 Y58.505 E2.72679
G1 X153.315 Y58.928 E2.75635
G1 X145.251 Y58.928 E3.1442
G1 X144.806 Y59.313 F7800
G1 F1200
G1 X144.806 Y53.535 E3.4221
G1 X149.977 Y53.535 E3.67081
G1 X150.321 Y54.254 E3.70915
G1 X153.162 Y58.251 E3.94501
G1 X154.283 Y59.313 E4.01928
G1 X144.866 Y59.313 E4.4722
G1 X144.42 Y59.699 F7800
;TYPE:External perimeter
G1 F1200
G1 X144.42 Y53.244 E4.78266
;TYPE:Overhang perimeter
;WIDTH:0.4
;HEIGHT:0.4
M106 S255
G1 X144.42 Y53.149 E4.78762
G1 X150.224 Y53.149 E5.09085
G1 X150.268 Y53.244 E5.09632
M106 S150.45
;TYPE:External perimeter
;WIDTH:0.45
;HEIGHT:0.3
G1 X150.635 Y54.031 E5.13809
G1 X153.454 Y57.997 E5.37212
G1 X155.251 Y59.699 E5.49116
G1 X144.48 Y59.699 E6.00921
G1 X144.421 Y59.303 F7800
G1 X145.512 Y58.534
;TYPE:Solid infill
;WIDTH:0.543559
G1 F1200
G1 X145.469 Y58.576 E6.0128
G1 X145.485 Y58.634 E6.0164
G1 X145.543 Y58.65 E6.02
G1 X145.585 Y58.607 E6.02359
G1 X145.57 Y58.549 E6.02717
G1 X146.371 Y58.765 F7800
;WIDTH:0.491229
G1 F1200
G1 X146.385 Y58.817 E6.03004
G1 X146.347 Y58.855 E6.0329
G1 X146.296 Y58.841 E6.03572
G1 X146.282 Y58.789 E6.03859
G1 X146.32 Y58.752 E6.04141
G1 X146.186 Y58.639 E6.05074
;WIDTH:0.45
G1 X145.48 Y57.934 E6.09873
G1 X145.346 Y57.755 E6.10948
;WIDTH:0.404381
G1 X145.357 Y57.796 E6.11128
G1 X145.286 Y57.816 E6.11441
G1 X145.305 Y57.744 E6.11757
;WIDTH:0.45
G1 X145.48 Y57.388 E6.13665
G1 X146.731 Y58.639 E6.22174
G1 X147.276 Y58.639 E6.24795
G1 X145.48 Y56.843 E6.37011
G1 X145.48 Y56.297 E6.39637
G1 X147.822 Y58.639 E6.55567
G1 X148.367 Y58.639 E6.58188
G1 X145.48 Y55.752 E6.77825
G1 X145.48 Y55.207 E6.80446
G1 X148.912 Y58.639 E7.0379
G1 X149.458 Y58.639 E7.06416
G1 X145.48 Y54.661 E7.33474
G1 X145.349 Y54.048 E7.36489
;WIDTH:0.404381
G1 X145.33 Y54.119 E7.36801
G1 X145.401 Y54.1 E7.37113
G1 X145.39 Y54.059 E7.37293
;WIDTH:0.45
G1 X145.574 Y54.209 E7.38435
G1 X150.003 Y58.639 E7.68564
G1 X150.548 Y58.639 E7.71185
G1 X146.119 Y54.209 E8.01314
G1 X146.665 Y54.209 E8.0394
G1 X151.094 Y58.639 E8.34069
G1 X151.639 Y58.639 E8.3669
G1 X147.21 Y54.209 E8.66819
G1 X147.755 Y54.209 E8.6944
G1 X152.184 Y58.639 E8.99569
G1 X152.579 Y58.566 E9.01501
;WIDTH:0.491229
G1 X152.541 Y58.604 E9.01787
G1 X152.555 Y58.656 E9.02074
G1 X152.607 Y58.67 E9.02361
G1 X152.644 Y58.632 E9.02643
G1 X152.631 Y58.58 E9.02928
;WIDTH:0.45
G1 X152.314 Y58.222 E9.05228
G1 X148.301 Y54.209 E9.32524
G1 X148.846 Y54.209 E9.35145
G1 X150.974 Y56.337 E9.49619
G1 X151.204 Y56.61 E9.51336
;WIDTH:0.404381
G1 X152.071 Y57.635 E9.57029
G1 E7.57029 F2400
G92 E0
G1 X150.731 Y55.75 F7800
G1 E2 F2400
G1 F1200
G1 X149.914 Y54.784 E2.05365
G1 X149.869 Y54.581 E2.06247
G1 X149.573 Y54.172 E2.08388
;WIDTH:0.45
G1 X149.391 Y54.209 E2.09281
G1 X149.693 Y54.511 E2.11335
M106 S153
;LAYER_CHANGE
;Z:6.65
;HEIGHT:0.3
G1 E.11335 F2400
G92 E0
G1 Z6.65 F7800
;AFTER_LAYER_CHANGE
;6.65
G1 X170.264 Y154.602
G1 E2 F2400
;TYPE:Perimeter
G1 F1500
G1 X170.188 Y154.725 E2.00695
G1 X170.128 Y155.155 E2.02783
G1 X170.261 Y155.567 E2.04865
G1 X170.435 Y155.857 E2.06492
G1 X168.705 Y155.857 E2.14813
G1 X168.879 Y155.567 E2.1644
G1 X169.006 Y155.207 E2.18276
G1 X168.952 Y154.725 E2.20609
G1 X168.765 Y154.421 E2.22326
G1 X168.458 Y154.196 E2.24157
G1 X168.052 Y154.107 E2.26156
G1 X145.191 Y154.107 E3.36109
G1 X145.191 Y152.599 E3.43362
G1 X193.949 Y152.599 E5.77871
G1 X193.949 Y154.107 E5.85124
G1 X171.088 Y154.107 E6.95077
G1 X170.682 Y154.196 E6.97076
G1 X170.375 Y154.421 E6.98907
G1 X170.295 Y154.551 E6.99641
G1 X170.594 Y154.789 F7800
G1 F1500
G1 X170.548 Y154.863 E7.0006
G1 X170.512 Y155.121 E7.01313
G1 X170.592 Y155.368 E7.02562
G1 X171.117 Y156.242 E7.07466
G1 X168.023 Y156.242 E7.22347
G1 X168.548 Y155.368 E7.27251
G1 X168.624 Y155.152 E7.28352
G1 X168.592 Y154.863 E7.2975
G1 X168.48 Y154.681 E7.30778
G1 X168.296 Y154.546 E7.31876
G1 X168.052 Y154.492 E7.33078
G1 X144.806 Y154.492 E8.44883
G1 X144.806 Y152.213 E8.55844
G1 X194.334 Y152.213 E10.94056
G1 X194.334 Y154.492 E11.05017
G1 X171.088 Y154.492 E12.16822
G1 X170.844 Y154.546 E12.18024
G1 X170.66 Y154.681 E12.19122
G1 X170.625 Y154.738 E12.19444
G1 X170.932 Y154.976 F7800
;TYPE:External perimeter
G1 F1500
G1 X170.908 Y155.001 E12.19611
G1 X170.923 Y155.17 E12.20427
G1 X171.798 Y156.628 E12.28605
G1 X167.342 Y156.628 E12.50037
G1 X168.249 Y155.117 E12.58513
G1 X168.194 Y154.941 E12.594
G1 X168.052 Y154.878 E12.60147
G1 X144.42 Y154.878 E13.73809
G1 X144.42 Y151.828 E13.88478
G1 X194.72 Y151.828 E16.30404
G1 X194.72 Y154.878 E16.45073
G1 X171.024 Y154.878 E17.59043
G1 X170.973 Y154.932 E17.594
G1 X171.023 Y155.329 F7800
G1 X171.092 Y153.817
;TYPE:Solid infill
G1 F1200
G1 X170.603 Y153.92 E17.61804
G1 X170.191 Y154.203 E17.64208
G1 X169.937 Y154.588 E17.66426
;WIDTH:0.491604
G1 X169.869 Y154.859 E17.67915
;WIDTH:0.533209
G1 X169.802 Y155.13 E17.69547
;WIDTH:0.543463
G1 X169.899 Y155.521 E17.71954
G1 X169.248 Y155.521 E17.75844
G1 X169.338 Y155.183 E17.77934
;WIDTH:0.530416
G1 X169.284 Y154.923 E17.79478
;WIDTH:0.490208
G1 X169.23 Y154.662 E17.80894
;WIDTH:0.45
G1 X168.978 Y154.228 E17.83308
G1 X168.54 Y153.923 E17.85875
G1 X168.041 Y153.817 E17.88329
G1 X145.48 Y153.817 E18.9684
G1 X145.48 Y152.888 E19.01308
G1 X193.66 Y152.888 E21.33037
G1 X193.66 Y153.817 E21.37505
G1 X171.285 Y153.817 E22.45121
G1 X169.624 Y153.675 F7800
;WIDTH:0.509649
G1 F1200
G1 X169.584 Y153.635 E22.45435
G1 X169.531 Y153.65 E22.45741
G1 X169.516 Y153.704 E22.46052
G1 X169.556 Y153.743 E22.46362
G1 X169.609 Y153.729 E22.46666
G1 X168.185 Y153.361 F7800
;WIDTH:0.623543
G1 F1200
G1 X168.041 Y153.353 E22.47672
;WIDTH:0.607879
G1 X145.945 Y153.353 E23.97456
G1 E21.97456 F2400
G92 E0
G1 X170.762 Y153.33 F7800
G1 E2 F2400
;WIDTH:0.548958
G1 F1200
G1 X170.627 Y153.302 E2.00833
;WIDTH:0.499479
G1 X170.491 Y153.274 E2.01587
;WIDTH:0.45
G1 X168.653 Y153.274 E2.10427
;WIDTH:0.493385
G1 X168.536 Y153.295 E2.11063
;WIDTH:0.536771
G1 X168.419 Y153.317 E2.11764
;WIDTH:0.580157
G1 X168.302 Y153.339 E2.1253
;WIDTH:0.623543
G1 X168.185 Y153.361 E2.1336
G1 X168.349 Y153.432 E2.14606
;WIDTH:0.580157
G1 X168.513 Y153.503 E2.15756
;WIDTH:0.536771
G1 X168.677 Y153.574 E2.16809
;WIDTH:0.493385
G1 X168.841 Y153.645 E2.17765
;WIDTH:0.45
G1 X169.263 Y153.969 E2.20324
G1 X169.531 Y154.386 E2.22708
G1 X169.57 Y154.492 E2.23251
G1 X169.813 Y154.055 E2.25656
G1 X169.963 Y153.892 E2.26721
G1 X170.302 Y153.642 E2.28747
;WIDTH:0.488956
G1 X170.465 Y153.574 E2.29682
;WIDTH:0.527912
G1 X170.627 Y153.506 E2.30698
;WIDTH:0.566868
G1 X170.789 Y153.437 E2.31802
;WIDTH:0.605824
G1 X170.951 Y153.369 E2.32988
;WIDTH:0.617845
G1 X171.092 Y153.353 E2.33968
;WIDTH:0.607879
G1 X193.195 Y153.353 E3.838
G1 E1.838 F2400
G92 E0
G1 X186.476 Y58.408 F7800
G1 E2 F2400
;TYPE:Perimeter
;WIDTH:0.45
G1 F1200
G1 X186.463 Y58.408 E2.00063
G1 X189.185 Y54.578 E2.22662
G1 X189.73 Y53.401 E2.289
G1 X193.949 Y53.401 E2.49192
G1 X193.949 Y58.408 E2.73274
G1 X186.536 Y58.408 E3.08928
G1 X185.588 Y58.794 F7800
G1 F1200
G1 X186.011 Y58.378 E3.11781
G1 X188.85 Y54.384 E3.35349
G1 X189.484 Y53.015 E3.42605
G1 X194.334 Y53.015 E3.65932
G1 X194.334 Y58.794 E3.93727
G1 X185.648 Y58.794 E4.35504
G1 X184.621 Y59.179 F7800
;TYPE:External perimeter
G1 F1200
G1 X185.686 Y58.17 E4.4256
G1 X188.515 Y54.189 E4.66049
G1 X189.193 Y52.724 E4.73813
;TYPE:Overhang perimeter
;WIDTH:0.4
;HEIGHT:0.4
M106 S255
G1 X189.237 Y52.629 E4.7436
G1 X194.72 Y52.629 E5.03006
G1 X194.72 Y52.724 E5.03502
M106 S153
;TYPE:External perimeter
;WIDTH:0.45
;HEIGHT:0.3
G1 X194.72 Y59.179 E5.34548
G1 X184.681 Y59.179 E5.82832
G1 X184.937 Y58.873 F7800
G1 E3.82832 F2400
G92 E0
G1 X189.892 Y53.575 F7800
G1 E2 F2400
;TYPE:Solid infill
;WIDTH:0.404381
G1 F1200
G1 X189.821 Y53.556 E2.00312
G1 X189.84 Y53.627 E2.00624
G1 X189.881 Y53.616 E2.00804
;WIDTH:0.45
G1 X190.145 Y53.69 E2.02123
G1 X189.71 Y54.125 E2.05082
G1 X190.69 Y53.69 F7800
G1 F1200
G1 X188.887 Y55.493 E2.17346
G1 X188.657 Y55.765 E2.19059
;WIDTH:0.404381
G1 X187.795 Y56.786 E2.24725
;WIDTH:0.45
G1 X187.553 Y57.372 E2.27774
G1 X191.235 Y53.69 E2.52819
G1 E.52819 F2400
G92 E0
G1 X187.323 Y57.644 F7800
G1 E2 F2400
;WIDTH:0.404381
G1 F1200
G1 X186.994 Y58.034 E2.02164
G1 X186.937 Y58.163 E2.02762
;WIDTH:0.45
G1 X187.351 Y58.119 E2.04764
G1 X191.781 Y53.69 E2.34893
G1 X192.326 Y53.69 E2.37514
G1 X187.897 Y58.119 E2.6764
G1 X188.442 Y58.119 E2.70261
G1 X192.871 Y53.69 E3.00387
G1 X193.782 Y53.598 F7800
;WIDTH:0.404381
G1 F1200
G1 X193.711 Y53.579 E3.00699
G1 X193.73 Y53.65 E3.01011
G1 X193.771 Y53.639 E3.01191
;WIDTH:0.45
G1 X193.417 Y53.69 E3.02911
G1 X188.988 Y58.119 E3.33037
G1 X189.533 Y58.119 E3.35658
G1 X193.66 Y53.992 E3.63729
G1 X193.66 Y54.538 E3.66355
G1 X190.078 Y58.119 E3.90716
G1 X190.624 Y58.119 E3.93342
G1 X193.66 Y55.083 E4.13992
G1 X193.66 Y55.628 E4.16613
G1 X191.169 Y58.119 E4.33556
G1 X191.714 Y58.119 E4.36177
G1 X193.66 Y56.174 E4.4941
G1 X193.66 Y58.119 E4.58765
G1 X192.26 Y58.119 E4.65499
G1 X193.523 Y56.855 E4.74093
G1 X193.302 Y57.695 F7800
;WIDTH:0.498831
G1 F1200
G1 X193.264 Y57.656 E4.74388
G1 X193.211 Y57.671 E4.74686
G1 X193.197 Y57.723 E4.74978
G1 X193.235 Y57.761 E4.75269
G1 X193.288 Y57.747 E4.75566
G1 E2.75566 F2400
G92 E0
G1 X145.191 Y58.408 F7800
G1 E2 F2400
;TYPE:Perimeter
;WIDTH:0.45
G1 F1200
G1 X145.191 Y53.401 E2.24082
G1 X149.41 Y53.401 E2.44374
G1 X149.955 Y54.578 E2.50612
G1 X152.677 Y58.408 E2.73211
G1 X145.251 Y58.408 E3.08927
G1 X144.806 Y58.794 F7800
G1 F1200
G1 X144.806 Y53.015 E3.36722
G1 X149.656 Y53.015 E3.60049
G1 X150.29 Y54.384 E3.67305
G1 X153.129 Y58.378 E3.90873
G1 X153.552 Y58.794 E3.93726
G1 X144.866 Y58.794 E4.35503
G1 X144.42 Y59.179 F7800
;TYPE:External perimeter
G1 F1200
G1 X144.42 Y52.724 E4.66549
;TYPE:Overhang perimeter
;WIDTH:0.4
;HEIGHT:0.4
M106 S255
G1 X144.42 Y52.629 E4.67045
G1 X149.903 Y52.629 E4.95691
G1 X149.947 Y52.724 E4.96238
M106 S153
;TYPE:External perimeter
;WIDTH:0.45
;HEIGHT:0.3
G1 X150.625 Y54.189 E5.04002
G1 X153.454 Y58.17 E5.27491
G1 X154.519 Y59.179 E5.34547
G1 X144.48 Y59.179 E5.82831
G1 X144.421 Y58.784 F7800
G1 E3.82831 F2400
G92 E0
G1 X145.585 Y53.721 F7800
G1 E2 F2400
;TYPE:Solid infill
;WIDTH:0.543559
G1 F1200
G1 X145.543 Y53.679 E2.00355
G1 X145.485 Y53.694 E2.00713
G1 X145.469 Y53.752 E2.01073
G1 X145.512 Y53.794 E2.01432
G1 X145.57 Y53.779 E2.0179
;WIDTH:0.45
G1 X146.186 Y53.69 E2.04784
G1 X145.48 Y54.395 E2.09583
G1 X145.48 Y54.94 E2.12204
G1 X146.731 Y53.69 E2.2071
G1 X147.276 Y53.69 E2.23331
G1 X145.48 Y55.486 E2.35547
G1 X145.48 Y56.031 E2.38168
G1 X147.822 Y53.69 E2.54095
G1 X148.367 Y53.69 E2.56716
G1 X145.48 Y56.576 E2.7635
G1 X145.48 Y57.122 E2.78976
G1 X148.912 Y53.69 E3.0232
G1 X149.34 Y53.563 E3.04467
;WIDTH:0.404381
G1 X149.269 Y53.544 E3.04779
G1 X149.288 Y53.615 E3.05091
G1 X149.329 Y53.604 E3.05271
;WIDTH:0.45
G1 X149.299 Y53.849 E3.06458
G1 X145.48 Y57.667 E3.32431
G1 X145.39 Y58.269 E3.35359
;WIDTH:0.404381
G1 X145.349 Y58.28 E3.35539
G1 X145.33 Y58.209 E3.35851
G1 X145.401 Y58.228 E3.36163
;WIDTH:0.45
G1 X145.574 Y58.119 E3.37146
G1 X149.471 Y54.221 E3.63656
G1 X149.644 Y54.594 E3.65634
G1 X146.119 Y58.119 E3.89611
G1 X146.665 Y58.119 E3.92237
G1 X149.852 Y54.932 E4.13915
G1 X150.078 Y55.251 E4.15795
G1 X147.21 Y58.119 E4.35303
G1 X147.755 Y58.119 E4.37924
G1 X150.305 Y55.569 E4.55269
G1 X150.531 Y55.888 E4.57149
G1 X148.301 Y58.119 E4.72321
G1 E2.72321 F2400
G92 E0
G1 X150.622 Y56.343 F7800
G1 E2 F2400
G1 F1200
G1 X148.846 Y58.119 E2.1208
G1 X152.117 Y58.119 E2.27812
G1 X150.758 Y56.207 E2.39094
G1 X150.708 Y56.802 E2.41966
G1 X151.37 Y57.733 E2.4746
G1 X149.777 Y57.733 E2.55122
G1 X150.572 Y56.939 E2.60526
M106 S155.55
;LAYER_CHANGE
;Z:6.95
;HEIGHT:0.3
G1 E.60526 F2400
G92 E0
G1 Z6.95 F7800
;AFTER_LAYER_CHANGE
;6.95
G1 X170.264 Y154.602
G1 E2 F2400
;TYPE:Perimeter
G1 F1500
G1 X170.188 Y154.725 E2.00695
G1 X170.128 Y155.155 E2.02783
G1 X170.261 Y155.567 E2.04865
G1 X170.435 Y155.857 E2.06492
G1 X168.705 Y155.857 E2.14813
G1 X168.879 Y155.567 E2.1644
G1 X169.006 Y155.207 E2.18276
G1 X168.952 Y154.725 E2.20609
G1 X168.765 Y154.421 E2.22326
G1 X168.458 Y154.196 E2.24157
G1 X168.052 Y154.107 E2.26156
G1 X145.191 Y154.107 E3.36109
G1 X145.191 Y152.599 E3.43362
G1 X193.949 Y152.599 E5.77871
G1 X193.949 Y154.107 E5.85124
G1 X171.088 Y154.107 E6.95077
G1 X170.682 Y154.196 E6.97076
G1 X170.375 Y154.421 E6.98907
G1 X170.295 Y154.551 E6.99641
G1 X170.594 Y154.789 F7800
G1 F1500
G1 X170.548 Y154.863 E7.0006
G1 X170.512 Y155.121 E7.01313
G1 X170.592 Y155.368 E7.02562
G1 X171.117 Y156.242 E7.07466
G1 X168.023 Y156.242 E7.22347
G1 X168.548 Y155.368 E7.27251
G1 X168.624 Y155.152 E7.28352
G1 X168.592 Y154.863 E7.2975
G1 X168.48 Y154.681 E7.30778
G1 X168.296 Y154.546 E7.31876
G1 X168.052 Y154.492 E7.33078
G1 X144.806 Y154.492 E8.44883
G1 X144.806 Y152.213 E8.55844
G1 X194.334 Y152.213 E10.94056
G1 X194.334 Y154.492 E11.05017
G1 X171.088 Y154.492 E12.16822
G1 X170.844 Y154.546 E12.18024
G1 X170.66 Y154.681 E12.19122
G1 X170.625 Y154.738 E12.19444
G1 X170.932 Y154.976 F7800
;TYPE:External perimeter
G1 F1500
G1 X170.908 Y155.001 E12.19611
G1 X170.923 Y155.17 E12.20427
G1 X171.798 Y156.628 E12.28605
G1 X167.342 Y156.628 E12.50037
G1 X168.249 Y155.117 E12.58513
G1 X168.194 Y154.941 E12.594
G1 X168.052 Y154.878 E12.60147
G1 X144.42 Y154.878 E13.73809
G1 X144.42 Y151.828 E13.88478
G1 X194.72 Y151.828 E16.30404
G1 X194.72 Y154.878 E16.45073
G1 X171.024 Y154.878 E17.59043
G1 X170.973 Y154.932 E17.594
G1 X171.023 Y155.329 F7800
G1 E15.594 F2400
G92 E0
G1 X145.48 Y153.817 F7800
G1 E2 F2400
;TYPE:Solid infill
G1 F1200
G1 X145.48 Y152.888 E2.04468
G1 X193.66 Y152.888 E4.36197
G1 X193.66 Y153.817 E4.40665
G1 X171.092 Y153.817 E5.49209
G1 X170.603 Y153.92 E5.51613
G1 X170.191 Y154.203 E5.54017
G1 X169.937 Y154.588 E5.56235
;WIDTH:0.491604
G1 X169.869 Y154.859 E5.57724
;WIDTH:0.533208
G1 X169.802 Y155.13 E5.59356
;WIDTH:0.543464
G1 X169.899 Y155.521 E5.61763
G1 X169.248 Y155.521 E5.65653
G1 X169.338 Y155.183 E5.67743
;WIDTH:0.530416
G1 X169.284 Y154.923 E5.69287
;WIDTH:0.490208
G1 X169.23 Y154.662 E5.70703
;WIDTH:0.45
G1 X168.978 Y154.228 E5.73117
G1 X168.54 Y153.923 E5.75684
G1 X168.041 Y153.817 E5.78138
G1 X145.673 Y153.817 E6.8572
G1 X145.945 Y153.353 E6.88307
;WIDTH:0.607882
G1 X168.041 Y153.353 E8.38093
;WIDTH:0.623545
G1 X168.185 Y153.361 E8.39099
G1 X169.556 Y153.635 F7800
;WIDTH:0.509649
G1 F1200
G1 X169.516 Y153.675 E8.39413
G1 X169.531 Y153.729 E8.39724
G1 X169.584 Y153.743 E8.40028
G1 X169.624 Y153.704 E8.40338
G1 X169.609 Y153.65 E8.40649
G1 X170.762 Y153.33 F7800
;WIDTH:0.548958
G1 F1200
G1 X170.627 Y153.302 E8.41482
;WIDTH:0.499479
G1 X170.491 Y153.274 E8.42236
;WIDTH:0.45
G1 X168.653 Y153.274 E8.51076
;WIDTH:0.493386
G1 X168.536 Y153.295 E8.51712
;WIDTH:0.536772
G1 X168.419 Y153.317 E8.52413
;WIDTH:0.580158
G1 X168.302 Y153.339 E8.53179
;WIDTH:0.623545
G1 X168.185 Y153.361 E8.54009
G1 X168.349 Y153.432 E8.55255
;WIDTH:0.580158
G1 X168.513 Y153.503 E8.56405
;WIDTH:0.536772
G1 X168.677 Y153.574 E8.57458
;WIDTH:0.493386
G1 X168.841 Y153.645 E8.58414
;WIDTH:0.45
G1 X169.263 Y153.969 E8.60973
G1 X169.531 Y154.386 E8.63357
G1 X169.57 Y154.492 E8.639
G1 X169.813 Y154.055 E8.66305
G1 X169.963 Y153.892 E8.6737
G1 X170.302 Y153.642 E8.69396
;WIDTH:0.488956
G1 X170.465 Y153.574 E8.70331
;WIDTH:0.527912
G1 X170.627 Y153.506 E8.71347
;WIDTH:0.566868
G1 X170.789 Y153.437 E8.72451
;WIDTH:0.605824
G1 X170.951 Y153.369 E8.73637
;WIDTH:0.617845
G1 X171.092 Y153.353 E8.74617
;WIDTH:0.607879
G1 X193.195 Y153.353 E10.24449
G1 E8.24449 F2400
G92 E0
G1 X187.004 Y57.889 F7800
G1 E2 F2400
;TYPE:Perimeter
;WIDTH:0.45
G1 F1200
G1 X186.955 Y57.889 E2.00236
G1 X189.185 Y54.751 E2.18752
G1 X190.051 Y52.881 E2.28664
G1 X193.949 Y52.881 E2.47412
G1 X193.949 Y57.889 E2.71499
G1 X187.064 Y57.889 E3.04613
G1 X186.224 Y58.274 F7800
G1 F1200
G1 X186.208 Y58.274 E3.0469
G1 X188.85 Y54.557 E3.26623
G1 X189.804 Y52.495 E3.37551
G1 X194.334 Y52.495 E3.59339
G1 X194.334 Y58.274 E3.87134
G1 X186.284 Y58.274 E4.25852
G1 X185.352 Y58.66 F7800
;TYPE:External perimeter
G1 F1200
G1 X185.697 Y58.328 E4.28155
G1 X188.515 Y54.362 E4.51555
G1 X189.514 Y52.204 E4.62992
;TYPE:Overhang perimeter
;WIDTH:0.4
;HEIGHT:0.4
M106 S255
G1 X189.558 Y52.11 E4.63534
G1 X194.72 Y52.11 E4.90503
G1 X194.72 Y52.204 E4.90994
M106 S155.55
;TYPE:External perimeter
;WIDTH:0.45
;HEIGHT:0.3
G1 X194.72 Y58.66 E5.22045
G1 X185.412 Y58.66 E5.66813
G1 X185.666 Y58.351 F7800
G1 X187.515 Y57.599
;TYPE:Solid infill
G1 F1200
G1 X189.354 Y55.013 E5.82075
G1 X191.941 Y57.599 E5.99668
G1 X187.708 Y57.599 E6.20027
G1 X188.263 Y57.214 E6.23276
G1 X189.404 Y55.608 E6.32751
G1 X191.01 Y57.214 E6.43675
G1 X188.455 Y57.214 E6.55964
G1 X189.061 Y56.802 E6.59488
;WIDTH:0.502866
G1 X189.457 Y56.244 E6.6323
G1 X190.015 Y56.802 E6.67546
G1 X189.254 Y56.802 E6.71708
G1 E4.71708 F2400
G92 E0
G1 X189.546 Y54.659 F7800
G1 E2 F2400
;WIDTH:0.45
G1 F1200
G1 X192.623 Y57.723 E2.20885
;WIDTH:0.404381
G1 X192.604 Y57.794 E2.21197
G1 X192.675 Y57.775 E2.21509
G1 X192.664 Y57.734 E2.21689
;WIDTH:0.45
G1 X193.032 Y57.599 E2.23574
G1 X189.719 Y54.287 E2.46105
G1 X189.891 Y53.914 E2.48081
G1 X193.577 Y57.599 E2.73149
G1 X193.814 Y57.694 E2.74377
;WIDTH:0.404381
G1 X193.825 Y57.735 E2.74557
G1 X193.754 Y57.754 E2.74869
G1 X193.773 Y57.683 E2.75181
;WIDTH:0.45
G1 X193.66 Y57.137 E2.77863
G1 X190.064 Y53.541 E3.02323
G1 X190.239 Y53.17 E3.04296
G1 X193.66 Y56.591 E3.27565
G1 X193.66 Y56.046 E3.30186
G1 X190.784 Y53.17 E3.49748
G1 X191.329 Y53.17 E3.52369
G1 X193.66 Y55.501 E3.68224
G1 X193.854 Y55.073 E3.70484
;WIDTH:0.404381
G1 X193.865 Y55.114 E3.70664
G1 X193.794 Y55.133 E3.70976
G1 X193.813 Y55.062 E3.71288
;WIDTH:0.45
G1 X193.66 Y54.955 E3.72186
G1 X191.875 Y53.17 E3.84327
G1 X193.66 Y53.17 E3.92912
G1 X193.66 Y54.41 E3.98876
G1 X192.556 Y53.307 E4.06382
G1 E2.06382 F2400
G92 E0
G1 X145.191 Y57.889 F7800
G1 E2 F2400
;TYPE:Perimeter
G1 F1200
G1 X145.191 Y52.881 E2.24087
G1 X149.089 Y52.881 E2.42835
G1 X150.007 Y54.824 E2.53171
G1 X152.185 Y57.889 E2.71255
G1 X145.251 Y57.889 E3.04605
G1 X144.806 Y58.274 F7800
G1 F1200
G1 X144.806 Y52.495 E3.324
G1 X149.336 Y52.495 E3.54188
G1 X150.321 Y54.6 E3.65366
G1 X152.932 Y58.274 E3.87044
G1 X144.866 Y58.274 E4.25839
G1 X144.42 Y58.66 F7800
;TYPE:External perimeter
G1 F1200
G1 X144.42 Y52.204 E4.5689
;TYPE:Overhang perimeter
;WIDTH:0.4
;HEIGHT:0.4
M106 S255
G1 X144.42 Y52.11 E4.57381
G1 X149.582 Y52.11 E4.8435
G1 X149.626 Y52.204 E4.84892
M106 S155.55
;TYPE:External perimeter
;WIDTH:0.45
;HEIGHT:0.3
G1 X150.625 Y54.362 E4.96329
G1 X153.443 Y58.328 E5.19729
G1 X153.788 Y58.66 E5.22032
G1 X144.48 Y58.66 E5.668
G1 X144.421 Y58.264 F7800
G1 X145.512 Y57.495
;TYPE:Solid infill
;WIDTH:0.543559
G1 F1200
G1 X145.469 Y57.537 E5.67159
G1 X145.485 Y57.595 E5.67519
G1 X145.543 Y57.61 E5.67877
G1 X145.585 Y57.568 E5.68232
G1 X145.57 Y57.51 E5.6859
;WIDTH:0.45
G1 X146.186 Y57.599 E5.71584
G1 X145.48 Y56.894 E5.76383
G1 X145.346 Y56.716 E5.77455
;WIDTH:0.404381
G1 X145.357 Y56.757 E5.77635
G1 X145.286 Y56.776 E5.77947
G1 X145.305 Y56.705 E5.78259
;WIDTH:0.45
G1 X145.48 Y56.349 E5.80167
G1 X146.731 Y57.599 E5.88673
G1 X147.276 Y57.599 E5.91294
G1 X145.48 Y55.804 E6.03507
G1 X145.48 Y55.258 E6.06133
G1 X147.822 Y57.599 E6.2206
G1 X148.367 Y57.599 E6.24681
G1 X145.48 Y54.713 E6.44315
G1 X145.48 Y54.168 E6.46936
G1 X148.912 Y57.599 E6.70277
G1 X149.458 Y57.599 E6.72903
G1 X145.48 Y53.622 E6.99957
G1 X145.349 Y53.009 E7.02972
;WIDTH:0.404381
G1 X145.33 Y53.08 E7.03284
G1 X145.401 Y53.061 E7.03596
G1 X145.39 Y53.02 E7.03776
;WIDTH:0.45
G1 X145.574 Y53.17 E7.04918
G1 X150.003 Y57.599 E7.35044
G1 X150.548 Y57.599 E7.37665
G1 X146.119 Y53.17 E7.67791
G1 X146.665 Y53.17 E7.70417
G1 X151.094 Y57.599 E8.00543
G1 X151.829 Y57.705 E8.04115
;WIDTH:0.404381
G1 X151.67 Y57.742 E8.04807
;WIDTH:0.45
G1 X151.589 Y57.549 E8.05814
G1 X147.21 Y53.17 E8.35599
G1 X147.755 Y53.17 E8.3822
G1 X150.249 Y55.664 E8.55184
G1 X150.479 Y55.937 E8.56901
;WIDTH:0.404381
G1 X151.346 Y56.962 E8.62594
G1 E6.62594 F2400
G92 E0
G1 X150.006 Y55.077 F7800
G1 E2 F2400
G1 F1200
G1 X149.619 Y54.567 E2.02715
;WIDTH:0.45
G1 X149.425 Y54.295 E2.04322
G1 X148.301 Y53.17 E2.11971
G1 X148.879 Y53.138 E2.14755
;WIDTH:0.488365
G1 X148.841 Y53.176 E2.15039
G1 X148.855 Y53.227 E2.15319
G1 X148.906 Y53.241 E2.15599
G1 X148.943 Y53.203 E2.15879
G1 X148.93 Y53.152 E2.16157
M106 S158.1
;LAYER_CHANGE
;Z:7.25
;HEIGHT:0.3
G1 E.16157 F2400
G92 E0
G1 Z7.25 F7800
;AFTER_LAYER_CHANGE
;7.25
G1 X170.264 Y154.602
G1 E2 F2400
;TYPE:Perimeter
;WIDTH:0.45
G1 F1500
G1 X170.188 Y154.725 E2.00695
G1 X170.128 Y155.155 E2.02783
G1 X170.261 Y155.567 E2.04865
G1 X170.435 Y155.857 E2.06492
G1 X168.705 Y155.857 E2.14813
G1 X168.879 Y155.567 E2.1644
G1 X169.006 Y155.207 E2.18276
G1 X168.952 Y154.725 E2.20609
G1 X168.765 Y154.421 E2.22326
G1 X168.458 Y154.196 E2.24157
G1 X168.052 Y154.107 E2.26156
G1 X145.191 Y154.107 E3.36109
G1 X145.191 Y152.599 E3.43362
G1 X193.949 Y152.599 E5.77871
G1 X193.949 Y154.107 E5.85124
G1 X171.088 Y154.107 E6.95077
G1 X170.682 Y154.196 E6.97076
G1 X170.375 Y154.421 E6.98907
G1 X170.295 Y154.551 E6.99641
G1 X170.594 Y154.789 F7800
G1 F1500
G1 X170.548 Y154.863 E7.0006
G1 X170.512 Y155.121 E7.01313
G1 X170.592 Y155.368 E7.02562
G1 X171.117 Y156.242 E7.07466
G1 X168.023 Y156.242 E7.22347
G1 X168.548 Y155.368 E7.27251
G1 X168.624 Y155.152 E7.28352
G1 X168.592 Y154.863 E7.2975
G1 X168.48 Y154.681 E7.30778
G1 X168.296 Y154.546 E7.31876
G1 X168.052 Y154.492 E7.33078
G1 X144.806 Y154.492 E8.44883
G1 X144.806 Y152.213 E8.55844
G1 X194.334 Y152.213 E10.94056
G1 X194.334 Y154.492 E11.05017
G1 X171.088 Y154.492 E12.16822
G1 X170.844 Y154.546 E12.18024
G1 X170.66 Y154.681 E12.19122
G1 X170.625 Y154.738 E12.19444
G1 X170.932 Y154.976 F7800
;TYPE:External perimeter
G1 F1500
G1 X170.908 Y155.001 E12.19611
G1 X170.923 Y155.17 E12.20427
G1 X171.798 Y156.628 E12.28605
G1 X167.342 Y156.628 E12.50037
G1 X168.249 Y155.117 E12.58513
G1 X168.194 Y154.941 E12.594
G1 X168.052 Y154.878 E12.60147
G1 X144.42 Y154.878 E13.73809
G1 X144.42 Y151.828 E13.88478
G1 X194.72 Y151.828 E16.30404
G1 X194.72 Y154.878 E16.45073
G1 X171.024 Y154.878 E17.59043
G1 X170.973 Y154.932 E17.594
G1 X171.023 Y155.329 F7800
G1 X171.092 Y153.817
;TYPE:Solid infill
G1 F1200
G1 X170.603 Y153.92 E17.61804
G1 X170.191 Y154.203 E17.64208
G1 X169.937 Y154.588 E17.66426
;WIDTH:0.491604
G1 X169.869 Y154.859 E17.67915
;WIDTH:0.533209
G1 X169.802 Y155.13 E17.69547
;WIDTH:0.543463
G1 X169.899 Y155.521 E17.71954
G1 X169.248 Y155.521 E17.75844
G1 X169.338 Y155.183 E17.77934
;WIDTH:0.530416
G1 X169.284 Y154.923 E17.79478
;WIDTH:0.490208
G1 X169.23 Y154.662 E17.80894
;WIDTH:0.45
G1 X168.978 Y154.228 E17.83308
G1 X168.54 Y153.923 E17.85875
G1 X168.041 Y153.817 E17.88329
G1 X145.48 Y153.817 E18.9684
G1 X145.48 Y152.888 E19.01308
G1 X193.66 Y152.888 E21.33037
G1 X193.66 Y153.817 E21.37505
G1 X171.285 Y153.817 E22.45121
G1 X169.624 Y153.675 F7800
;WIDTH:0.509649
G1 F1200
G1 X169.584 Y153.635 E22.45435
G1 X169.531 Y153.65 E22.45741
G1 X169.516 Y153.704 E22.46052
G1 X169.556 Y153.743 E22.46362
G1 X169.609 Y153.729 E22.46666
G1 X168.185 Y153.361 F7800
;WIDTH:0.623543
G1 F1200
G1 X168.041 Y153.353 E22.47672
;WIDTH:0.607879
G1 X145.945 Y153.353 E23.97456
G1 E21.97456 F2400
G92 E0
G1 X170.762 Y153.33 F7800
G1 E2 F2400
;WIDTH:0.548958
G1 F1200
G1 X170.627 Y153.302 E2.00833
;WIDTH:0.499479
G1 X170.491 Y153.274 E2.01587
;WIDTH:0.45
G1 X168.653 Y153.274 E2.10427
;WIDTH:0.493385
G1 X168.536 Y153.295 E2.11063
;WIDTH:0.536771
G1 X168.419 Y153.317 E2.11764
;WIDTH:0.580157
G1 X168.302 Y153.339 E2.1253
;WIDTH:0.623543
G1 X168.185 Y153.361 E2.1336
G1 X168.349 Y153.432 E2.14606
;WIDTH:0.580157
G1 X168.513 Y153.503 E2.15756
;WIDTH:0.536771
G1 X168.677 Y153.574 E2.16809
;WIDTH:0.493385
G1 X168.841 Y153.645 E2.17765
;WIDTH:0.45
G1 X169.263 Y153.969 E2.20324
G1 X169.531 Y154.386 E2.22708
G1 X169.57 Y154.492 E2.23251
G1 X169.813 Y154.055 E2.25656
G1 X169.963 Y153.892 E2.26721
G1 X170.302 Y153.642 E2.28747
;WIDTH:0.488956
G1 X170.465 Y153.574 E2.29682
;WIDTH:0.527912
G1 X170.627 Y153.506 E2.30698
;WIDTH:0.566868
G1 X170.789 Y153.437 E2.31802
;WIDTH:0.605824
G1 X170.951 Y153.369 E2.32988
;WIDTH:0.617845
G1 X171.092 Y153.353 E2.33968
;WIDTH:0.607879
G1 X193.195 Y153.353 E3.838
G1 E1.838 F2400
G92 E0
G1 X187.448 Y57.369 F7800
G1 E2 F2400
;TYPE:Perimeter
;WIDTH:0.45
G1 F1200
G1 X189.185 Y54.924 E2.14425
G1 X190.371 Y52.361 E2.28008
G1 X193.949 Y52.361 E2.45217
G1 X193.949 Y57.369 E2.69304
G1 X187.508 Y57.369 E3.00283
G1 X186.7 Y57.755 F7800
G1 F1200
G1 X188.85 Y54.73 E3.18133
G1 X190.125 Y51.976 E3.32729
G1 X194.334 Y51.976 E3.52973
G1 X194.334 Y57.755 E3.80768
G1 X186.76 Y57.755 E4.17196
G1 X185.953 Y58.14 F7800
;TYPE:External perimeter
G1 F1200
G1 X188.515 Y54.536 E4.38464
G1 X189.835 Y51.685 E4.53575
;TYPE:Overhang perimeter
;WIDTH:0.4
;HEIGHT:0.4
M106 S255
G1 X189.879 Y51.59 E4.54122
G1 X194.72 Y51.59 E4.79414
G1 X194.72 Y51.685 E4.7991
M106 S158.1
;TYPE:External perimeter
;WIDTH:0.45
;HEIGHT:0.3
G1 X194.72 Y58.14 E5.10956
G1 X186.013 Y58.14 E5.52834
G1 X186.2 Y57.786 F7800
G1 E3.52834 F2400
G92 E0
G1 X190.533 Y52.535 F7800
G1 E2 F2400
;TYPE:Solid infill
;WIDTH:0.404381
G1 F1200
G1 X190.462 Y52.516 E2.00312
G1 X190.481 Y52.587 E2.00624
G1 X190.522 Y52.576 E2.00804
;WIDTH:0.45
G1 X190.786 Y52.651 E2.02124
G1 X190.359 Y53.078 E2.05028
G1 X191.331 Y52.651 F7800
G1 F1200
G1 X189.889 Y54.093 E2.14836
G1 X189.741 Y54.355 E2.16283
;WIDTH:0.404381
G1 X189.67 Y54.336 E2.16595
G1 X189.689 Y54.407 E2.16907
G1 X189.73 Y54.396 E2.17087
G1 E.17087 F2400
G92 E0
G1 X188.289 Y56.439 F7800
G1 E2 F2400
G1 F1200
G1 X189.15 Y55.42 E2.05657
;WIDTH:0.45
G1 X189.38 Y55.147 E2.07374
G1 X191.876 Y52.651 E2.24351
G1 X192.422 Y52.651 E2.26977
G1 X188.046 Y57.026 E2.56739
G1 X187.806 Y57.184 E2.58121
;WIDTH:0.404381
G1 X187.99 Y57.222 E2.58918
;WIDTH:0.45
G1 X188.538 Y57.08 E2.61641
G1 X192.967 Y52.651 E2.91767
G1 X193.801 Y52.539 F7800
;WIDTH:0.404381
G1 F1200
G1 X193.73 Y52.52 E2.92079
G1 X193.749 Y52.591 E2.92391
G1 X193.79 Y52.58 E2.92571
;WIDTH:0.45
G1 X193.512 Y52.651 E2.93951
G1 X189.083 Y57.08 E3.24077
G1 X189.628 Y57.08 E3.26698
G1 X193.66 Y53.049 E3.5412
G1 X193.66 Y53.594 E3.56741
G1 X190.174 Y57.08 E3.80452
G1 X190.719 Y57.08 E3.83073
G1 X193.66 Y54.139 E4.03077
G1 X193.66 Y54.685 E4.05703
G1 X191.265 Y57.08 E4.21993
G1 X191.81 Y57.08 E4.24614
G1 X193.66 Y55.23 E4.37197
G1 X193.854 Y55.112 E4.38289
;WIDTH:0.404381
G1 X193.813 Y55.123 E4.38469
G1 X193.794 Y55.052 E4.38781
G1 X193.865 Y55.071 E4.39093
;WIDTH:0.45
G1 X193.66 Y55.775 E4.4262
G1 X193.66 Y57.08 E4.48897
G1 X192.355 Y57.08 E4.55174
G1 X193.523 Y55.912 E4.63119
G1 E2.63119 F2400
G92 E0
G1 X145.191 Y57.369 F7800
G1 E2 F2400
;TYPE:Perimeter
G1 F1200
G1 X145.191 Y52.361 E2.24087
G1 X148.769 Y52.361 E2.41296
G1 X150.007 Y54.997 E2.55303
G1 X151.692 Y57.369 E2.69297
G1 X145.251 Y57.369 E3.00276
G1 X144.806 Y57.755 F7800
G1 F1200
G1 X144.806 Y51.976 E3.28071
G1 X149.015 Y51.976 E3.48315
G1 X150.321 Y54.774 E3.63166
G1 X152.44 Y57.755 E3.80757
G1 X144.866 Y57.755 E4.17185
G1 X144.42 Y58.14 F7800
;TYPE:External perimeter
G1 F1200
G1 X144.42 Y51.685 E4.48231
;TYPE:Overhang perimeter
;WIDTH:0.4
;HEIGHT:0.4
M106 S255
G1 X144.42 Y51.59 E4.48727
G1 X149.261 Y51.59 E4.74019
G1 X149.305 Y51.685 E4.74566
M106 S158.1
;TYPE:External perimeter
;WIDTH:0.45
;HEIGHT:0.3
G1 X150.635 Y54.55 E4.89758
G1 X153.187 Y58.14 E5.10943
G1 X144.48 Y58.14 E5.52821
G1 X144.421 Y57.745 F7800
G1 E3.52821 F2400
G92 E0
G1 X145.585 Y52.682 F7800
G1 E2 F2400
;TYPE:Solid infill
;WIDTH:0.543559
G1 F1200
G1 X145.543 Y52.64 E2.00355
G1 X145.485 Y52.655 E2.00713
G1 X145.469 Y52.713 E2.01073
G1 X145.512 Y52.755 E2.01432
G1 X145.57 Y52.74 E2.0179
;WIDTH:0.45
G1 X146.186 Y52.651 E2.04784
G1 X145.48 Y53.356 E2.09583
G1 X145.48 Y53.901 E2.12204
G1 X146.731 Y52.651 E2.2071
G1 X147.276 Y52.651 E2.23331
G1 X145.48 Y54.446 E2.35544
G1 X145.48 Y54.992 E2.3817
G1 X147.822 Y52.651 E2.54097
G1 X148.698 Y52.521 F7800
;WIDTH:0.404381
G1 F1200
G1 X148.626 Y52.502 E2.54413
G1 X148.646 Y52.573 E2.54726
G1 X148.687 Y52.562 E2.54906
;WIDTH:0.45
G1 X148.367 Y52.651 E2.56504
G1 X145.48 Y55.537 E2.76138
G1 X145.48 Y56.082 E2.78759
G1 X148.688 Y52.875 E3.00576
G1 X148.86 Y53.248 E3.02552
G1 X145.48 Y56.628 E3.25542
G1 X145.39 Y57.23 E3.2847
;WIDTH:0.404381
G1 X145.349 Y57.241 E3.2865
G1 X145.33 Y57.17 E3.28962
G1 X145.401 Y57.189 E3.29274
;WIDTH:0.45
G1 X145.574 Y57.08 E3.30257
G1 X149.033 Y53.621 E3.53785
G1 X149.205 Y53.994 E3.55761
G1 X146.119 Y57.08 E3.76752
G1 X146.665 Y57.08 E3.79378
G1 X149.378 Y54.366 E3.97835
G1 X149.551 Y54.739 E3.99813
G1 X147.21 Y57.08 E4.15736
G1 E2.15736 F2400
G92 E0
G1 X149.599 Y55.236 F7800
G1 E2 F2400
G1 F1200
G1 X147.755 Y57.08 E2.12543
G1 X151.132 Y57.08 E2.28785
G1 X149.735 Y55.1 E2.4044
G1 X149.679 Y55.701 E2.43343
G1 X150.385 Y56.694 E2.49203
G1 X148.686 Y56.694 E2.57375
G1 X149.543 Y55.837 E2.63204
G1 X149.676 Y56.291 E2.65479
;WIDTH:0.459463
G1 X149.594 Y56.269 E2.65897
G1 X149.616 Y56.351 E2.66315
G1 X149.664 Y56.339 E2.66559
M106 S160.65
;LAYER_CHANGE
;Z:7.55
;HEIGHT:0.3
G1 E.66559 F2400
G92 E0
G1 Z7.55 F7800
;AFTER_LAYER_CHANGE
;7.55
G1 X170.264 Y154.602
G1 E2 F2400
;TYPE:Perimeter
;WIDTH:0.45
G1 F1500
G1 X170.188 Y154.725 E2.00695
G1 X170.128 Y155.155 E2.02783
G1 X170.261 Y155.567 E2.04865
G1 X170.435 Y155.857 E2.06492
G1 X168.705 Y155.857 E2.14813
G1 X168.879 Y155.567 E2.1644
G1 X169.006 Y155.207 E2.18276
G1 X168.952 Y154.725 E2.20609
G1 X168.765 Y154.421 E2.22326
G1 X168.458 Y154.196 E2.24157
G1 X168.052 Y154.107 E2.26156
G1 X145.191 Y154.107 E3.36109
G1 X145.191 Y152.599 E3.43362
G1 X193.949 Y152.599 E5.77871
G1 X193.949 Y154.107 E5.85124
G1 X171.088 Y154.107 E6.95077
G1 X170.682 Y154.196 E6.97076
G1 X170.375 Y154.421 E6.98907
G1 X170.295 Y154.551 E6.99641
G1 X170.594 Y154.789 F7800
G1 F1500
G1 X170.548 Y154.863 E7.0006
G1 X170.512 Y155.121 E7.01313
G1 X170.592 Y155.368 E7.02562
G1 X171.117 Y156.242 E7.07466
G1 X168.023 Y156.242 E7.22347
G1 X168.548 Y155.368 E7.27251
G1 X168.624 Y155.152 E7.28352
G1 X168.592 Y154.863 E7.2975
G1 X168.48 Y154.681 E7.30778
G1 X168.296 Y154.546 E7.31876
G1 X168.052 Y154.492 E7.33078
G1 X144.806 Y154.492 E8.44883
G1 X144.806 Y152.213 E8.55844
G1 X194.334 Y152.213 E10.94056
G1 X194.334 Y154.492 E11.05017
G1 X171.088 Y154.492 E12.16822
G1 X170.844 Y154.546 E12.18024
G1 X170.66 Y154.681 E12.19122
G1 X170.625 Y154.738 E12.19444
G1 X170.932 Y154.976 F7800
;TYPE:External perimeter
G1 F1500
G1 X170.908 Y155.001 E12.19611
G1 X170.923 Y155.17 E12.20427
G1 X171.798 Y156.628 E12.28605
G1 X167.342 Y156.628 E12.50037
G1 X168.249 Y155.117 E12.58513
G1 X168.194 Y154.941 E12.594
G1 X168.052 Y154.878 E12.60147
G1 X144.42 Y154.878 E13.73809
G1 X144.42 Y151.828 E13.88478
G1 X194.72 Y151.828 E16.30404
G1 X194.72 Y154.878 E16.45073
G1 X171.024 Y154.878 E17.59043
G1 X170.973 Y154.932 E17.594
G1 X171.023 Y155.329 F7800
G1 E15.594 F2400
G92 E0
G1 X145.48 Y153.817 F7800
G1 E2 F2400
;TYPE:Solid infill
G1 F1200
G1 X145.48 Y152.888 E2.04468
G1 X193.66 Y152.888 E4.36197
G1 X193.66 Y153.817 E4.40665
G1 X171.092 Y153.817 E5.49209
G1 X170.603 Y153.92 E5.51613
G1 X170.191 Y154.203 E5.54017
G1 X169.937 Y154.588 E5.56235
;WIDTH:0.491604
G1 X169.869 Y154.859 E5.57724
;WIDTH:0.533208
G1 X169.802 Y155.13 E5.59356
;WIDTH:0.543464
G1 X169.899 Y155.521 E5.61763
G1 X169.248 Y155.521 E5.65653
G1 X169.338 Y155.183 E5.67743
;WIDTH:0.530416
G1 X169.284 Y154.923 E5.69287
;WIDTH:0.490208
G1 X169.23 Y154.662 E5.70703
;WIDTH:0.45
G1 X168.978 Y154.228 E5.73117
G1 X168.54 Y153.923 E5.75684
G1 X168.041 Y153.817 E5.78138
G1 X145.673 Y153.817 E6.8572
G1 X145.945 Y153.353 E6.88307
;WIDTH:0.607882
G1 X168.041 Y153.353 E8.38093
;WIDTH:0.623545
G1 X168.185 Y153.361 E8.39099
G1 X169.556 Y153.635 F7800
;WIDTH:0.509649
G1 F1200
G1 X169.516 Y153.675 E8.39413
G1 X169.531 Y153.729 E8.39724
G1 X169.584 Y153.743 E8.40028
G1 X169.624 Y153.704 E8.40338
G1 X169.609 Y153.65 E8.40649
G1 X170.762 Y153.33 F7800
;WIDTH:0.548958
G1 F1200
G1 X170.627 Y153.302 E8.41482
;WIDTH:0.499479
G1 X170.491 Y153.274 E8.42236
;WIDTH:0.45
G1 X168.653 Y153.274 E8.51076
;WIDTH:0.493386
G1 X168.536 Y153.295 E8.51712
;WIDTH:0.536772
G1 X168.419 Y153.317 E8.52413
;WIDTH:0.580158
G1 X168.302 Y153.339 E8.53179
;WIDTH:0.623545
G1 X168.185 Y153.361 E8.54009
G1 X168.349 Y153.432 E8.55255
;WIDTH:0.580158
G1 X168.513 Y153.503 E8.56405
;WIDTH:0.536772
G1 X168.677 Y153.574 E8.57458
;WIDTH:0.493386
G1 X168.841 Y153.645 E8.58414
;WIDTH:0.45
G1 X169.263 Y153.969 E8.60973
G1 X169.531 Y154.386 E8.63357
G1 X169.57 Y154.492 E8.639
G1 X169.813 Y154.055 E8.66305
G1 X169.963 Y153.892 E8.6737
G1 X170.302 Y153.642 E8.69396
;WIDTH:0.488956
G1 X170.465 Y153.574 E8.70331
;WIDTH:0.527912
G1 X170.627 Y153.506 E8.71347
;WIDTH:0.566868
G1 X170.789 Y153.437 E8.72451
;WIDTH:0.605824
G1 X170.951 Y153.369 E8.73637
;WIDTH:0.617845
G1 X171.092 Y153.353 E8.74617
;WIDTH:0.607879
G1 X193.195 Y153.353 E10.24449
G1 E8.24449 F2400
G92 E0
G1 X187.94 Y56.849 F7800
G1 E2 F2400
;TYPE:Perimeter
;WIDTH:0.45
G1 F1200
G1 X189.185 Y55.098 E2.10334
G1 X190.692 Y51.842 E2.2759
G1 X193.949 Y51.842 E2.43255
G1 X193.949 Y56.849 E2.67337
G1 X188 Y56.849 E2.9595
G1 X187.193 Y57.235 F7800
G1 F1200
G1 X188.85 Y54.903 E3.09709
G1 X190.446 Y51.456 E3.27979
G1 X194.334 Y51.456 E3.46679
G1 X194.334 Y57.235 E3.74474
G1 X187.253 Y57.235 E4.08531
G1 X186.446 Y57.621 F7800
;TYPE:External perimeter
G1 F1200
G1 X188.515 Y54.709 E4.25712
G1 X190.155 Y51.165 E4.44494
;TYPE:Overhang perimeter
;WIDTH:0.4
;HEIGHT:0.4
M106 S255
G1 X190.199 Y51.071 E4.45036
G1 X194.72 Y51.071 E4.68656
G1 X194.72 Y51.165 E4.69147
M106 S160.65
;TYPE:External perimeter
;WIDTH:0.45
;HEIGHT:0.3
G1 X194.72 Y57.621 E5.00198
G1 X186.506 Y57.621 E5.39704
G1 X186.692 Y57.267 F7800
G1 X188.5 Y56.56
;TYPE:Solid infill
G1 F1200
G1 X189.436 Y55.243 E5.47475
G1 X190.124 Y53.758 E5.55347
G1 X192.926 Y56.56 E5.74406
G1 X188.693 Y56.56 E5.94765
G1 X189.247 Y56.175 E5.9801
G1 X189.837 Y55.296 E6.03102
G1 X190.242 Y54.421 E6.07739
G1 X191.995 Y56.175 E6.19666
G1 X189.44 Y56.175 E6.31955
G1 X190.055 Y55.756 E6.35534
;WIDTH:0.516104
G1 X190.37 Y55.141 E6.39427
G1 X190.984 Y55.756 E6.44323
G1 X190.248 Y55.756 E6.4847
G1 E4.4847 F2400
G92 E0
G1 X190.296 Y53.385 F7800
G1 E2 F2400
;WIDTH:0.45
G1 F1200
G1 X193.471 Y56.56 E2.21596
G1 X193.732 Y56.602 E2.22867
;WIDTH:0.404381
G1 X193.713 Y56.674 E2.23183
G1 X193.784 Y56.655 E2.23495
G1 X193.773 Y56.613 E2.23679
;WIDTH:0.45
G1 X193.66 Y56.203 E2.25724
G1 X190.469 Y53.013 E2.47425
G1 X190.641 Y52.64 E2.49401
G1 X193.66 Y55.658 E2.69932
G1 X193.66 Y55.113 E2.72553
G1 X190.814 Y52.267 E2.91911
G1 X190.831 Y51.982 E2.93284
;WIDTH:0.404381
G1 X190.842 Y52.023 E2.93464
G1 X190.771 Y52.042 E2.93776
G1 X190.79 Y51.971 E2.94088
;WIDTH:0.45
G1 X191.223 Y52.131 E2.96308
G1 X193.66 Y54.567 E3.12881
G1 X193.854 Y54.14 E3.15137
;WIDTH:0.404381
G1 X193.865 Y54.181 E3.15317
G1 X193.794 Y54.2 E3.15629
G1 X193.813 Y54.129 E3.15941
;WIDTH:0.45
G1 X193.66 Y54.022 E3.16839
G1 X191.769 Y52.131 E3.29701
G1 X193.66 Y52.131 E3.38796
G1 X193.66 Y53.477 E3.4527
G1 X192.45 Y52.267 E3.535
G1 X193.252 Y52.477 F7800
;WIDTH:0.466947
G1 F1200
G1 X193.217 Y52.512 E3.53749
G1 X193.23 Y52.561 E3.54004
G1 X193.278 Y52.574 E3.54254
G1 X193.314 Y52.538 E3.5451
G1 X193.301 Y52.49 E3.5476
G1 E1.5476 F2400
G92 E0
G1 X145.191 Y56.849 F7800
G1 E2 F2400
;TYPE:Perimeter
;WIDTH:0.45
G1 F1200
G1 X145.191 Y51.842 E2.24082
G1 X148.448 Y51.842 E2.39747
G1 X149.955 Y55.098 E2.57003
G1 X151.2 Y56.849 E2.67337
G1 X145.251 Y56.849 E2.9595
G1 X144.806 Y57.235 F7800
G1 F1200
G1 X144.806 Y51.456 E3.23745
G1 X148.694 Y51.456 E3.42445
G1 X150.29 Y54.903 E3.60715
G1 X151.947 Y57.235 E3.74474
G1 X144.866 Y57.235 E4.08531
G1 X144.42 Y57.621 F7800
;TYPE:External perimeter
G1 F1200
G1 X144.42 Y51.165 E4.39582
;TYPE:Overhang perimeter
;WIDTH:0.4
;HEIGHT:0.4
M106 S255
G1 X144.42 Y51.071 E4.40073
G1 X148.941 Y51.071 E4.63693
G1 X148.985 Y51.165 E4.64235
M106 S160.65
;TYPE:External perimeter
;WIDTH:0.45
;HEIGHT:0.3
G1 X150.625 Y54.709 E4.83017
G1 X152.694 Y57.621 E5.00198
G1 X144.48 Y57.621 E5.39704
G1 X144.421 Y57.225 F7800
G1 X145.512 Y56.455
;TYPE:Solid infill
;WIDTH:0.543559
G1 F1200
G1 X145.469 Y56.498 E5.40067
G1 X145.485 Y56.556 E5.40427
G1 X145.543 Y56.571 E5.40785
G1 X145.585 Y56.529 E5.4114
G1 X145.57 Y56.471 E5.41498
G1 X146.323 Y56.684 F7800
;WIDTH:0.404381
G1 F1200
G1 X146.303 Y56.755 E5.41811
G1 X146.375 Y56.736 E5.42127
G1 X146.364 Y56.695 E5.42307
;WIDTH:0.45
G1 X146.186 Y56.56 E5.43381
G1 X145.48 Y55.855 E5.4818
G1 X145.346 Y55.677 E5.49252
;WIDTH:0.404381
G1 X145.357 Y55.718 E5.49432
G1 X145.286 Y55.737 E5.49744
G1 X145.305 Y55.666 E5.50056
;WIDTH:0.45
G1 X145.48 Y55.31 E5.51964
G1 X146.731 Y56.56 E5.6047
G1 X147.276 Y56.56 E5.63091
G1 X145.48 Y54.764 E5.75307
G1 X145.48 Y54.219 E5.77928
G1 X147.822 Y56.56 E5.93855
G1 X148.367 Y56.56 E5.96476
G1 X145.48 Y53.674 E6.1611
G1 X145.48 Y53.128 E6.18736
G1 X148.912 Y56.56 E6.4208
G1 X149.458 Y56.56 E6.44706
G1 X145.48 Y52.583 E6.7176
G1 X145.349 Y51.97 E6.74775
;WIDTH:0.404381
G1 X145.33 Y52.041 E6.75087
G1 X145.401 Y52.022 E6.75399
G1 X145.39 Y51.981 E6.75579
;WIDTH:0.45
G1 X145.574 Y52.131 E6.76721
G1 X150.003 Y56.56 E7.06847
G1 X150.548 Y56.56 E7.09468
G1 X146.119 Y52.131 E7.39594
G1 X146.665 Y52.131 E7.4222
G1 X149.641 Y55.107 E7.62462
G1 X149.392 Y54.332 F7800
;WIDTH:0.404381
G1 F1200
G1 X149.403 Y54.373 E7.62642
G1 X149.332 Y54.392 E7.62954
G1 X149.351 Y54.321 E7.63266
;WIDTH:0.45
G1 X149.171 Y54.092 E7.64667
G1 X147.21 Y52.131 E7.78005
G1 X147.755 Y52.131 E7.80626
G1 X148.701 Y53.077 E7.87061
G1 X148.881 Y53.306 E7.88462
;WIDTH:0.404381
G1 X148.862 Y53.377 E7.88774
G1 X148.933 Y53.358 E7.89086
G1 X148.922 Y53.317 E7.89266
M106 S163.2
;LAYER_CHANGE
;Z:7.85
;HEIGHT:0.3
G1 E5.89266 F2400
G92 E0
G1 Z7.85 F7800
;AFTER_LAYER_CHANGE
;7.85
G1 X170.264 Y154.602
G1 E2 F2400
;TYPE:Perimeter
;WIDTH:0.45
G1 F1500
G1 X170.188 Y154.725 E2.00695
G1 X170.128 Y155.155 E2.02783
G1 X170.261 Y155.567 E2.04865
G1 X170.435 Y155.857 E2.06492
G1 X168.705 Y155.857 E2.14813
G1 X168.879 Y155.567 E2.1644
G1 X169.006 Y155.207 E2.18276
G1 X168.952 Y154.725 E2.20609
G1 X168.765 Y154.421 E2.22326
G1 X168.458 Y154.196 E2.24157
G1 X168.052 Y154.107 E2.26156
G1 X145.191 Y154.107 E3.36109
G1 X145.191 Y152.599 E3.43362
G1 X193.949 Y152.599 E5.77871
G1 X193.949 Y154.107 E5.85124
G1 X171.088 Y154.107 E6.95077
G1 X170.682 Y154.196 E6.97076
G1 X170.375 Y154.421 E6.98907
G1 X170.295 Y154.551 E6.99641
G1 X170.594 Y154.789 F7800
G1 F1500
G1 X170.548 Y154.863 E7.0006
G1 X170.512 Y155.121 E7.01313
G1 X170.592 Y155.368 E7.02562
G1 X171.117 Y156.242 E7.07466
G1 X168.023 Y156.242 E7.22347
G1 X168.548 Y155.368 E7.27251
G1 X168.624 Y155.152 E7.28352
G1 X168.592 Y154.863 E7.2975
G1 X168.48 Y154.681 E7.30778
G1 X168.296 Y154.546 E7.31876
G1 X168.052 Y154.492 E7.33078
G1 X144.806 Y154.492 E8.44883
G1 X144.806 Y152.213 E8.55844
G1 X194.334 Y152.213 E10.94056
G1 X194.334 Y154.492 E11.05017
G1 X171.088 Y154.492 E12.16822
G1 X170.844 Y154.546 E12.18024
G1 X170.66 Y154.681 E12.19122
G1 X170.625 Y154.738 E12.19444
G1 X170.932 Y154.976 F7800
;TYPE:External perimeter
G1 F1500
G1 X170.908 Y155.001 E12.19611
G1 X170.923 Y155.17 E12.20427
G1 X171.798 Y156.628 E12.28605
G1 X167.342 Y156.628 E12.50037
G1 X168.249 Y155.117 E12.58513
G1 X168.194 Y154.941 E12.594
G1 X168.052 Y154.878 E12.60147
G1 X144.42 Y154.878 E13.73809
G1 X144.42 Y151.828 E13.88478
G1 X194.72 Y151.828 E16.30404
G1 X194.72 Y154.878 E16.45073
G1 X171.024 Y154.878 E17.59043
G1 X170.973 Y154.932 E17.594
G1 X171.023 Y155.329 F7800
G1 X171.092 Y153.817
;TYPE:Solid infill
G1 F1200
G1 X170.603 Y153.92 E17.61804
G1 X170.191 Y154.203 E17.64208
G1 X169.937 Y154.588 E17.66426
;WIDTH:0.491604
G1 X169.869 Y154.859 E17.67915
;WIDTH:0.533209
G1 X169.802 Y155.13 E17.69547
;WIDTH:0.543463
G1 X169.899 Y155.521 E17.71954
G1 X169.248 Y155.521 E17.75844
G1 X169.338 Y155.183 E17.77934
;WIDTH:0.530416
G1 X169.284 Y154.923 E17.79478
;WIDTH:0.490208
G1 X169.23 Y154.662 E17.80894
;WIDTH:0.45
G1 X168.978 Y154.228 E17.83308
G1 X168.54 Y153.923 E17.85875
G1 X168.041 Y153.817 E17.88329
G1 X145.48 Y153.817 E18.9684
G1 X145.48 Y152.888 E19.01308
G1 X193.66 Y152.888 E21.33037
G1 X193.66 Y153.817 E21.37505
G1 X171.285 Y153.817 E22.45121
G1 X169.624 Y153.675 F7800
;WIDTH:0.509649
G1 F1200
G1 X169.584 Y153.635 E22.45435
G1 X169.531 Y153.65 E22.45741
G1 X169.516 Y153.704 E22.46052
G1 X169.556 Y153.743 E22.46362
G1 X169.609 Y153.729 E22.46666
G1 X168.185 Y153.361 F7800
;WIDTH:0.623543
G1 F1200
G1 X168.041 Y153.353 E22.47672
;WIDTH:0.607879
G1 X145.945 Y153.353 E23.97456
G1 E21.97456 F2400
G92 E0
G1 X170.762 Y153.33 F7800
G1 E2 F2400
;WIDTH:0.548958
G1 F1200
G1 X170.627 Y153.302 E2.00833
;WIDTH:0.499479
G1 X170.491 Y153.274 E2.01587
;WIDTH:0.45
G1 X168.653 Y153.274 E2.10427
;WIDTH:0.493385
G1 X168.536 Y153.295 E2.11063
;WIDTH:0.536771
G1 X168.419 Y153.317 E2.11764
;WIDTH:0.580157
G1 X168.302 Y153.339 E2.1253
;WIDTH:0.623543
G1 X168.185 Y153.361 E2.1336
G1 X168.349 Y153.432 E2.14606
;WIDTH:0.580157
G1 X168.513 Y153.503 E2.15756
;WIDTH:0.536771
G1 X168.677 Y153.574 E2.16809
;WIDTH:0.493385
G1 X168.841 Y153.645 E2.17765
;WIDTH:0.45
G1 X169.263 Y153.969 E2.20324
G1 X169.531 Y154.386 E2.22708
G1 X169.57 Y154.492 E2.23251
G1 X169.813 Y154.055 E2.25656
G1 X169.963 Y153.892 E2.26721
G1 X170.302 Y153.642 E2.28747
;WIDTH:0.488956
G1 X170.465 Y153.574 E2.29682
;WIDTH:0.527912
G1 X170.627 Y153.506 E2.30698
;WIDTH:0.566868
G1 X170.789 Y153.437 E2.31802
;WIDTH:0.605824
G1 X170.951 Y153.369 E2.32988
;WIDTH:0.617845
G1 X171.092 Y153.353 E2.33968
;WIDTH:0.607879
G1 X193.195 Y153.353 E3.838
G1 E1.838 F2400
G92 E0
G1 X188.432 Y56.33 F7800
G1 E2 F2400
;TYPE:Perimeter
;WIDTH:0.45
G1 F1200
G1 X189.185 Y55.271 E2.0625
G1 X191.013 Y51.322 E2.2718
G1 X193.949 Y51.322 E2.41301
G1 X193.949 Y56.33 E2.65388
G1 X188.492 Y56.33 E2.91634
G1 X187.685 Y56.715 F7800
G1 F1200
G1 X188.85 Y55.076 E3.01306
G1 X190.766 Y50.937 E3.23243
G1 X194.334 Y50.937 E3.40404
G1 X194.334 Y56.715 E3.68194
G1 X187.745 Y56.715 E3.99885
G1 X186.938 Y57.101 F7800
;TYPE:External perimeter
G1 F1200
G1 X188.515 Y54.882 E4.12978
G1 X190.476 Y50.646 E4.35429
;TYPE:Overhang perimeter
;WIDTH:0.4
;HEIGHT:0.4
M106 S255
G1 X190.52 Y50.551 E4.35976
G1 X194.72 Y50.551 E4.57919
G1 X194.72 Y50.646 E4.58415
M106 S163.2
;TYPE:External perimeter
;WIDTH:0.45
;HEIGHT:0.3
G1 X194.72 Y57.101 E4.89461
G1 X186.998 Y57.101 E5.26601
G1 X187.184 Y56.747 F7800
G1 E3.26601 F2400
G92 E0
G1 X191.175 Y51.496 F7800
G1 E2 F2400
;TYPE:Solid infill
;WIDTH:0.404381
G1 F1200
G1 X191.103 Y51.477 E2.00316
G1 X191.123 Y51.548 E2.00629
G1 X191.164 Y51.537 E2.00809
;WIDTH:0.45
G1 X191.427 Y51.611 E2.02123
G1 X191 Y52.038 E2.05027
G1 X191.972 Y51.611 F7800
G1 F1200
G1 X190.53 Y53.054 E2.14839
G1 X190.372 Y53.356 E2.16478
;WIDTH:0.404381
G1 X190.331 Y53.367 E2.16658
G1 X190.312 Y53.296 E2.1697
G1 X190.383 Y53.315 E2.17282
G1 X189.902 Y54.372 F7800
G1 F1200
G1 X189.861 Y54.383 E2.17462
G1 X189.842 Y54.312 E2.17774
G1 X189.913 Y54.331 E2.18086
;WIDTH:0.45
G1 X190.06 Y54.069 E2.19531
G1 X192.518 Y51.611 E2.3625
G1 X193.063 Y51.611 E2.38871
G1 X189.59 Y55.084 E2.62494
G1 X189.392 Y55.357 E2.64116
;WIDTH:0.404381
G1 X188.863 Y55.997 E2.67637
G1 X188.833 Y56.123 E2.68186
;WIDTH:0.45
G1 X189.179 Y56.041 E2.69896
G1 X193.608 Y51.611 E3.00025
G1 X193.66 Y52.106 E3.02419
G1 X189.725 Y56.041 E3.29184
G1 X190.27 Y56.041 E3.31805
G1 X193.66 Y52.651 E3.54863
G1 X193.66 Y53.196 E3.57484
G1 X190.815 Y56.041 E3.76835
G1 X191.361 Y56.041 E3.79461
G1 X193.66 Y53.742 E3.95099
G1 X193.66 Y54.287 E3.9772
G1 X191.906 Y56.041 E4.0965
G1 X193.523 Y54.969 F7800
G1 F1200
G1 X192.451 Y56.041 E4.16942
G1 X193.66 Y56.041 E4.22757
G1 X193.66 Y54.832 E4.28572
G1 E2.28572 F2400
G92 E0
G1 X145.191 Y56.33 F7800
G1 E2 F2400
;TYPE:Perimeter
G1 F1200
G1 X145.191 Y51.322 E2.24087
G1 X148.127 Y51.322 E2.38208
G1 X149.955 Y55.271 E2.59138
G1 X150.708 Y56.33 E2.65388
G1 X145.251 Y56.33 E2.91634
G1 X144.806 Y56.715 F7800
G1 F1200
G1 X144.806 Y50.937 E3.19424
G1 X148.374 Y50.937 E3.36585
G1 X150.29 Y55.076 E3.58522
G1 X151.455 Y56.715 E3.68194
G1 X144.866 Y56.715 E3.99885
G1 X144.42 Y57.101 F7800
;TYPE:External perimeter
G1 F1200
G1 X144.42 Y50.646 E4.30931
;TYPE:Overhang perimeter
;WIDTH:0.4
;HEIGHT:0.4
M106 S255
G1 X144.42 Y50.551 E4.31427
G1 X148.62 Y50.551 E4.5337
G1 X148.664 Y50.646 E4.53917
M106 S163.2
;TYPE:External perimeter
;WIDTH:0.45
;HEIGHT:0.3
G1 X150.625 Y54.882 E4.76368
G1 X152.202 Y57.101 E4.89461
G1 X144.48 Y57.101 E5.26601
G1 X144.421 Y56.705 F7800
G1 E3.26601 F2400
G92 E0
G1 X145.48 Y51.611 F7800
G1 E2 F2400
;TYPE:Solid infill
G1 F1200
G1 X147.942 Y51.611 E2.11841
G1 X148.249 Y52.274 E2.15355
G1 X145.48 Y55.043 E2.34189
G1 X145.48 Y51.804 E2.49767
G1 X145.866 Y51.997 E2.51843
G1 X147.696 Y51.997 E2.60645
G1 X147.786 Y52.192 E2.61678
G1 X145.866 Y54.112 E2.74738
G1 X145.866 Y52.19 E2.83982
G1 X146.808 Y52.403 F7800
;WIDTH:0.491104
G1 F1200
G1 X146.272 Y52.403 E2.86835
G1 X146.272 Y53.132 E2.90715
G1 X147.001 Y52.403 E2.96202
G1 X148.422 Y52.647 F7800
;WIDTH:0.45
G1 F1200
G1 X145.48 Y55.589 E3.16213
G1 X145.39 Y56.191 E3.19141
;WIDTH:0.404381
G1 X145.349 Y56.202 E3.19321
G1 X145.33 Y56.131 E3.19633
G1 X145.401 Y56.15 E3.19945
;WIDTH:0.45
G1 X145.574 Y56.041 E3.20928
G1 X148.594 Y53.02 E3.41473
G1 X149.669 Y55.335 E3.53749
G1 X150.153 Y56.041 E3.57866
G1 X146.119 Y56.041 E3.77268
G1 X148.631 Y53.529 E3.94354
G1 X148.649 Y54.056 E3.9689
G1 X149.003 Y54.82 E4.0094
G1 X149.421 Y55.655 E4.05431
G1 X147.05 Y55.655 E4.16835
G1 X148.513 Y54.192 E4.26786
G1 X148.53 Y54.727 E4.2936
;WIDTH:0.459407
G1 X148.778 Y55.265 E4.32279
G1 X147.992 Y55.265 E4.36152
G1 X148.393 Y54.864 E4.38946
M106 S165.75
;LAYER_CHANGE
;Z:8.15
;HEIGHT:0.3
G1 E2.38946 F2400
G92 E0
G1 Z8.15 F7800
;AFTER_LAYER_CHANGE
;8.15
G1 X170.264 Y154.602
G1 E2 F2400
;TYPE:Perimeter
;WIDTH:0.45
G1 F1500
G1 X170.188 Y154.725 E2.00695
G1 X170.128 Y155.155 E2.02783
G1 X170.261 Y155.567 E2.04865
G1 X170.435 Y155.857 E2.06492
G1 X168.705 Y155.857 E2.14813
G1 X168.879 Y155.567 E2.1644
G1 X169.006 Y155.207 E2.18276
G1 X168.952 Y154.725 E2.20609
G1 X168.765 Y154.421 E2.22326
G1 X168.458 Y154.196 E2.24157
G1 X168.052 Y154.107 E2.26156
G1 X145.191 Y154.107 E3.36109
G1 X145.191 Y152.599 E3.43362
G1 X193.949 Y152.599 E5.77871
G1 X193.949 Y154.107 E5.85124
G1 X171.088 Y154.107 E6.95077
G1 X170.682 Y154.196 E6.97076
G1 X170.375 Y154.421 E6.98907
G1 X170.295 Y154.551 E6.99641
G1 X170.594 Y154.789 F7800
G1 F1500
G1 X170.548 Y154.863 E7.0006
G1 X170.512 Y155.121 E7.01313
G1 X170.592 Y155.368 E7.02562
G1 X171.117 Y156.242 E7.07466
G1 X168.023 Y156.242 E7.22347
G1 X168.548 Y155.368 E7.27251
G1 X168.624 Y155.152 E7.28352
G1 X168.592 Y154.863 E7.2975
G1 X168.48 Y154.681 E7.30778
G1 X168.296 Y154.546 E7.31876
G1 X168.052 Y154.492 E7.33078
G1 X144.806 Y154.492 E8.44883
G1 X144.806 Y152.213 E8.55844
G1 X194.334 Y152.213 E10.94056
G1 X194.334 Y154.492 E11.05017
G1 X171.088 Y154.492 E12.16822
G1 X170.844 Y154.546 E12.18024
G1 X170.66 Y154.681 E12.19122
G1 X170.625 Y154.738 E12.19444
G1 X170.932 Y154.976 F7800
;TYPE:External perimeter
G1 F1500
G1 X170.908 Y155.001 E12.19611
G1 X170.923 Y155.17 E12.20427
G1 X171.798 Y156.628 E12.28605
G1 X167.342 Y156.628 E12.50037
G1 X168.249 Y155.117 E12.58513
G1 X168.194 Y154.941 E12.594
G1 X168.052 Y154.878 E12.60147
G1 X144.42 Y154.878 E13.73809
G1 X144.42 Y151.828 E13.88478
G1 X194.72 Y151.828 E16.30404
G1 X194.72 Y154.878 E16.45073
G1 X171.024 Y154.878 E17.59043
G1 X170.973 Y154.932 E17.594
G1 X171.023 Y155.329 F7800
G1 E15.594 F2400
G92 E0
G1 X145.48 Y153.817 F7800
G1 E2 F2400
;TYPE:Solid infill
G1 F1200
G1 X145.48 Y152.888 E2.04468
G1 X193.66 Y152.888 E4.36197
G1 X193.66 Y153.817 E4.40665
G1 X171.092 Y153.817 E5.49209
G1 X170.603 Y153.92 E5.51613
G1 X170.191 Y154.203 E5.54017
G1 X169.937 Y154.588 E5.56235
;WIDTH:0.491604
G1 X169.869 Y154.859 E5.57724
;WIDTH:0.533208
G1 X169.802 Y155.13 E5.59356
;WIDTH:0.543464
G1 X169.899 Y155.521 E5.61763
G1 X169.248 Y155.521 E5.65653
G1 X169.338 Y155.183 E5.67743
;WIDTH:0.530416
G1 X169.284 Y154.923 E5.69287
;WIDTH:0.490208
G1 X169.23 Y154.662 E5.70703
;WIDTH:0.45
G1 X168.978 Y154.228 E5.73117
G1 X168.54 Y153.923 E5.75684
G1 X168.041 Y153.817 E5.78138
G1 X145.673 Y153.817 E6.8572
G1 X145.945 Y153.353 E6.88307
;WIDTH:0.607882
G1 X168.041 Y153.353 E8.38093
;WIDTH:0.623545
G1 X168.185 Y153.361 E8.39099
G1 X169.556 Y153.635 F7800
;WIDTH:0.509649
G1 F1200
G1 X169.516 Y153.675 E8.39413
G1 X169.531 Y153.729 E8.39724
G1 X169.584 Y153.743 E8.40028
G1 X169.624 Y153.704 E8.40338
G1 X169.609 Y153.65 E8.40649
G1 X170.762 Y153.33 F7800
;WIDTH:0.548958
G1 F1200
G1 X170.627 Y153.302 E8.41482
;WIDTH:0.499479
G1 X170.491 Y153.274 E8.42236
;WIDTH:0.45
G1 X168.653 Y153.274 E8.51076
;WIDTH:0.493386
G1 X168.536 Y153.295 E8.51712
;WIDTH:0.536772
G1 X168.419 Y153.317 E8.52413
;WIDTH:0.580158
G1 X168.302 Y153.339 E8.53179
;WIDTH:0.623545
G1 X168.185 Y153.361 E8.54009
G1 X168.349 Y153.432 E8.55255
;WIDTH:0.580158
G1 X168.513 Y153.503 E8.56405
;WIDTH:0.536772
G1 X168.677 Y153.574 E8.57458
;WIDTH:0.493386
G1 X168.841 Y153.645 E8.58414
;WIDTH:0.45
G1 X169.263 Y153.969 E8.60973
G1 X169.531 Y154.386 E8.63357
G1 X169.57 Y154.492 E8.639
G1 X169.813 Y154.055 E8.66305
G1 X169.963 Y153.892 E8.6737
G1 X170.302 Y153.642 E8.69396
;WIDTH:0.488956
G1 X170.465 Y153.574 E8.70331
;WIDTH:0.527912
G1 X170.627 Y153.506 E8.71347
;WIDTH:0.566868
G1 X170.789 Y153.437 E8.72451
;WIDTH:0.605824
G1 X170.951 Y153.369 E8.73637
;WIDTH:0.617845
G1 X171.092 Y153.353 E8.74617
;WIDTH:0.607879
G1 X193.195 Y153.353 E10.24449
G1 E8.24449 F2400
G92 E0
G1 X188.925 Y55.81 F7800
G1 E2 F2400
;TYPE:Perimeter
;WIDTH:0.45
G1 F1200
G1 X189.222 Y55.363 E2.02581
G1 X191.328 Y50.803 E2.26739
G1 X193.949 Y50.803 E2.39345
G1 X193.949 Y55.81 E2.63427
G1 X188.985 Y55.81 E2.87302
G1 X188.178 Y56.196 F7800
G1 F1200
G1 X188.85 Y55.25 E2.92883
G1 X190.959 Y50.694 E3.1703
G1 X191.041 Y50.417 E3.18419
G1 X194.334 Y50.417 E3.34257
G1 X194.334 Y56.196 E3.62052
G1 X188.238 Y56.196 E3.91372
G1 X187.43 Y56.581 F7800
;TYPE:External perimeter
G1 F1200
G1 X188.515 Y55.055 E4.00378
G1 X190.609 Y50.532 E4.2435
G1 X190.718 Y50.126 E4.26372
;TYPE:Overhang perimeter
;WIDTH:0.4
;HEIGHT:0.4
M106 S255
G1 X190.744 Y50.031 E4.26887
G1 X194.72 Y50.031 E4.4766
G1 X194.72 Y50.126 E4.48156
M106 S165.75
;TYPE:External perimeter
;WIDTH:0.45
;HEIGHT:0.3
G1 X194.72 Y56.581 E4.79202
G1 X187.49 Y56.581 E5.13976
G1 X187.677 Y56.227 F7800
G1 X189.487 Y55.481
;TYPE:Solid infill
G1 F1200
G1 X191.518 Y51.092 E5.37236
G1 X193.66 Y51.092 E5.47538
G1 X193.66 Y55.521 E5.6884
G1 X189.611 Y55.521 E5.88314
G1 X190.072 Y55.135 E5.91206
G1 X191.765 Y51.477 E6.10593
G1 X193.274 Y51.477 E6.17851
G1 X193.274 Y55.135 E6.35445
G1 X190.264 Y55.135 E6.49922
G1 X190.675 Y54.75 E6.52631
G1 X192.011 Y51.863 E6.67931
G1 X192.888 Y51.863 E6.72149
G1 X192.888 Y54.75 E6.86034
G1 X190.868 Y54.75 E6.95749
G1 X191.278 Y54.364 E6.98457
G1 X192.258 Y52.249 E7.09668
G1 X192.503 Y52.249 E7.10846
G1 X192.503 Y54.364 E7.21018
G1 X191.471 Y54.364 E7.25982
G1 X192.007 Y53.818 E7.29662
;WIDTH:0.633457
G1 X191.957 Y53.868 E7.30164
G1 X191.975 Y53.937 E7.3067
G1 X192.044 Y53.955 E7.31176
G1 X192.094 Y53.905 E7.31678
G1 X192.076 Y53.836 E7.32184
G1 E5.32184 F2400
G92 E0
G1 X145.191 Y55.81 F7800
G1 E2 F2400
;TYPE:Perimeter
;WIDTH:0.45
G1 F1200
G1 X145.191 Y50.803 E2.24082
G1 X147.812 Y50.803 E2.36688
G1 X149.918 Y55.363 E2.60846
G1 X150.215 Y55.81 E2.63427
G1 X145.251 Y55.81 E2.87302
G1 X144.806 Y56.196 F7800
G1 F1200
G1 X144.806 Y50.417 E3.15097
G1 X148.099 Y50.417 E3.30935
G1 X148.181 Y50.694 E3.32324
G1 X150.29 Y55.25 E3.56471
G1 X150.962 Y56.196 E3.62052
G1 X144.866 Y56.196 E3.91372
G1 X144.42 Y56.581 F7800
;TYPE:External perimeter
G1 F1200
G1 X144.42 Y50.126 E4.22418
;TYPE:Overhang perimeter
;WIDTH:0.4
;HEIGHT:0.4
M106 S255
G1 X144.42 Y50.031 E4.22914
G1 X148.396 Y50.031 E4.43687
G1 X148.422 Y50.126 E4.44202
M106 S165.75
;TYPE:External perimeter
;WIDTH:0.45
;HEIGHT:0.3
G1 X148.531 Y50.532 E4.46224
G1 X150.625 Y55.055 E4.70196
G1 X151.71 Y56.581 E4.79202
G1 X144.48 Y56.581 E5.13976
G1 X144.421 Y56.186 F7800
G1 X145.512 Y55.416
;TYPE:Solid infill
;WIDTH:0.543559
G1 F1200
G1 X145.469 Y55.459 E5.14339
G1 X145.485 Y55.516 E5.14693
G1 X145.543 Y55.532 E5.15053
G1 X145.585 Y55.49 E5.15408
G1 X145.57 Y55.432 E5.15766
;WIDTH:0.45
G1 X146.186 Y55.521 E5.1876
G1 X145.48 Y54.816 E5.23559
G1 X145.346 Y54.638 E5.24631
;WIDTH:0.404381
G1 X145.357 Y54.679 E5.24811
G1 X145.286 Y54.698 E5.25123
G1 X145.305 Y54.627 E5.25435
;WIDTH:0.45
G1 X145.48 Y54.27 E5.27347
G1 X146.731 Y55.521 E5.35856
G1 X147.276 Y55.521 E5.38477
G1 X145.48 Y53.725 E5.50693
G1 X145.48 Y53.18 E5.53314
G1 X147.822 Y55.521 E5.69241
G1 X148.367 Y55.521 E5.71862
G1 X145.48 Y52.634 E5.91499
G1 X145.48 Y52.089 E5.9412
G1 X148.912 Y55.521 E6.17464
G1 X149.77 Y55.528 F7800
;WIDTH:0.404381
G1 F1200
G1 X149.781 Y55.569 E6.17644
G1 X149.709 Y55.588 E6.1796
G1 X149.729 Y55.517 E6.18273
;WIDTH:0.45
G1 X149.458 Y55.521 E6.19577
G1 X145.48 Y51.544 E6.46631
G1 X145.349 Y50.93 E6.49651
;WIDTH:0.404381
G1 X145.33 Y51.002 E6.49967
G1 X145.401 Y50.982 E6.5028
G1 X145.39 Y50.941 E6.5046
;WIDTH:0.45
G1 X145.574 Y51.092 E6.51605
G1 X149.387 Y54.905 E6.77541
G1 X149.137 Y54.129 F7800
;WIDTH:0.404381
G1 F1200
G1 X149.148 Y54.171 E6.77725
G1 X149.077 Y54.19 E6.78037
G1 X149.096 Y54.118 E6.78353
;WIDTH:0.45
G1 X148.917 Y53.889 E6.79751
G1 X146.119 Y51.092 E6.98779
G1 X146.665 Y51.092 E7.01405
G1 X148.447 Y52.874 E7.13526
G1 X148.626 Y53.103 E7.14924
;WIDTH:0.404381
G1 X148.607 Y53.174 E7.15236
G1 X148.678 Y53.155 E7.15548
G1 X148.667 Y53.114 E7.15728
G1 E5.15728 F2400
G92 E0
G1 X147.276 Y51.199 F7800
G1 E2 F2400
;WIDTH:0.392057
G1 F1200
G1 X148.071 Y51.994 E2.04595
G1 X147.64 Y51.063 E2.08788
G1 X147.14 Y51.063 E2.10831
;LAYER_CHANGE
;Z:8.45
;HEIGHT:0.3
G1 E.10831 F2400
G92 E0
G1 Z8.45 F7800
;AFTER_LAYER_CHANGE
;8.45
G1 X170.264 Y154.602
G1 E2 F2400
;TYPE:Perimeter
;WIDTH:0.45
G1 F1500
G1 X170.188 Y154.725 E2.00695
G1 X170.128 Y155.155 E2.02783
G1 X170.261 Y155.567 E2.04865
G1 X170.435 Y155.857 E2.06492
G1 X168.705 Y155.857 E2.14813
G1 X168.879 Y155.567 E2.1644
G1 X169.006 Y155.207 E2.18276
G1 X168.952 Y154.725 E2.20609
G1 X168.765 Y154.421 E2.22326
G1 X168.458 Y154.196 E2.24157
G1 X168.052 Y154.107 E2.26156
G1 X145.191 Y154.107 E3.36109
G1 X145.191 Y152.599 E3.43362
G1 X193.949 Y152.599 E5.77871
G1 X193.949 Y154.107 E5.85124
G1 X171.088 Y154.107 E6.95077
G1 X170.682 Y154.196 E6.97076
G1 X170.375 Y154.421 E6.98907
G1 X170.295 Y154.551 E6.99641
G1 X170.594 Y154.789 F7800
G1 F1500
G1 X170.548 Y154.863 E7.0006
G1 X170.512 Y155.121 E7.01313
G1 X170.592 Y155.368 E7.02562
G1 X171.117 Y156.242 E7.07466
G1 X168.023 Y156.242 E7.22347
G1 X168.548 Y155.368 E7.27251
G1 X168.624 Y155.152 E7.28352
G1 X168.592 Y154.863 E7.2975
G1 X168.48 Y154.681 E7.30778
G1 X168.296 Y154.546 E7.31876
G1 X168.052 Y154.492 E7.33078
G1 X144.806 Y154.492 E8.44883
G1 X144.806 Y152.213 E8.55844
G1 X194.334 Y152.213 E10.94056
G1 X194.334 Y154.492 E11.05017
G1 X171.088 Y154.492 E12.16822
G1 X170.844 Y154.546 E12.18024
G1 X170.66 Y154.681 E12.19122
G1 X170.625 Y154.738 E12.19444
G1 X170.932 Y154.976 F7800
;TYPE:External perimeter
G1 F1500
G1 X170.908 Y155.001 E12.19611
G1 X170.923 Y155.17 E12.20427
G1 X171.798 Y156.628 E12.28605
G1 X167.342 Y156.628 E12.50037
G1 X168.249 Y155.117 E12.58513
G1 X168.194 Y154.941 E12.594
G1 X168.052 Y154.878 E12.60147
G1 X144.42 Y154.878 E13.73809
G1 X144.42 Y151.828 E13.88478
G1 X194.72 Y151.828 E16.30404
G1 X194.72 Y154.878 E16.45073
G1 X171.024 Y154.878 E17.59043
G1 X170.973 Y154.932 E17.594
G1 X171.023 Y155.329 F7800
G1 X171.092 Y153.817
;TYPE:Solid infill
G1 F1200
G1 X170.603 Y153.92 E17.61804
G1 X170.191 Y154.203 E17.64208
G1 X169.937 Y154.588 E17.66426
;WIDTH:0.491604
G1 X169.869 Y154.859 E17.67915
;WIDTH:0.533209
G1 X169.802 Y155.13 E17.69547
;WIDTH:0.543463
G1 X169.899 Y155.521 E17.71954
G1 X169.248 Y155.521 E17.75844
G1 X169.338 Y155.183 E17.77934
;WIDTH:0.530416
G1 X169.284 Y154.923 E17.79478
;WIDTH:0.490208
G1 X169.23 Y154.662 E17.80894
;WIDTH:0.45
G1 X168.978 Y154.228 E17.83308
G1 X168.54 Y153.923 E17.85875
G1 X168.041 Y153.817 E17.88329
G1 X145.48 Y153.817 E18.9684
G1 X145.48 Y152.888 E19.01308
G1 X193.66 Y152.888 E21.33037
G1 X193.66 Y153.817 E21.37505
G1 X171.285 Y153.817 E22.45121
G1 X169.624 Y153.675 F7800
;WIDTH:0.509649
G1 F1200
G1 X169.584 Y153.635 E22.45435
G1 X169.531 Y153.65 E22.45741
G1 X169.516 Y153.704 E22.46052
G1 X169.556 Y153.743 E22.46362
G1 X169.609 Y153.729 E22.46666
G1 X168.185 Y153.361 F7800
;WIDTH:0.623543
G1 F1200
G1 X168.041 Y153.353 E22.47672
;WIDTH:0.607879
G1 X145.945 Y153.353 E23.97456
G1 E21.97456 F2400
G92 E0
G1 X170.762 Y153.33 F7800
G1 E2 F2400
;WIDTH:0.548958
G1 F1200
G1 X170.627 Y153.302 E2.00833
;WIDTH:0.499479
G1 X170.491 Y153.274 E2.01587
;WIDTH:0.45
G1 X168.653 Y153.274 E2.10427
;WIDTH:0.493385
G1 X168.536 Y153.295 E2.11063
;WIDTH:0.536771
G1 X168.419 Y153.317 E2.11764
;WIDTH:0.580157
G1 X168.302 Y153.339 E2.1253
;WIDTH:0.623543
G1 X168.185 Y153.361 E2.1336
G1 X168.349 Y153.432 E2.14606
;WIDTH:0.580157
G1 X168.513 Y153.503 E2.15756
;WIDTH:0.536771
G1 X168.677 Y153.574 E2.16809
;WIDTH:0.493385
G1 X168.841 Y153.645 E2.17765
;WIDTH:0.45
G1 X169.263 Y153.969 E2.20324
G1 X169.531 Y154.386 E2.22708
G1 X169.57 Y154.492 E2.23251
G1 X169.813 Y154.055 E2.25656
G1 X169.963 Y153.892 E2.26721
G1 X170.302 Y153.642 E2.28747
;WIDTH:0.488956
G1 X170.465 Y153.574 E2.29682
;WIDTH:0.527912
G1 X170.627 Y153.506 E2.30698
;WIDTH:0.566868
G1 X170.789 Y153.437 E2.31802
;WIDTH:0.605824
G1 X170.951 Y153.369 E2.32988
;WIDTH:0.617845
G1 X171.092 Y153.353 E2.33968
;WIDTH:0.607879
G1 X193.195 Y153.353 E3.838
G1 E1.838 F2400
G92 E0
G1 X189.354 Y55.29 F7800
G1 E2 F2400
;TYPE:Perimeter
;WIDTH:0.45
G1 F1200
G1 X189.336 Y55.29 E2.00087
G1 X191.345 Y50.952 E2.2308
G1 X191.52 Y50.283 E2.26406
G1 X193.949 Y50.283 E2.38089
G1 X193.949 Y55.29 E2.62171
G1 X189.414 Y55.29 E2.83983
G1 X188.67 Y55.676 F7800
G1 F1200
G1 X188.873 Y55.374 E2.85733
G1 X190.98 Y50.821 E3.09863
G1 X191.223 Y49.897 E3.14458
G1 X194.334 Y49.897 E3.29421
G1 X194.334 Y55.676 E3.57216
G1 X188.73 Y55.676 E3.84169
G1 X187.923 Y56.062 F7800
;TYPE:External perimeter
G1 F1200
G1 X188.515 Y55.228 E3.89088
G1 X190.616 Y50.69 E4.1314
G1 X190.901 Y49.606 E4.18531
;TYPE:Overhang perimeter
;WIDTH:0.4
;HEIGHT:0.4
M106 S255
G1 X190.926 Y49.512 E4.19039
G1 X194.72 Y49.512 E4.38861
G1 X194.72 Y49.606 E4.39352
M106 S165.75
;TYPE:External perimeter
;WIDTH:0.45
;HEIGHT:0.3
G1 X194.72 Y56.062 E4.70403
G1 X187.983 Y56.062 E5.02806
G1 X188.169 Y55.708 F7800
G1 E3.02806 F2400
G92 E0
G1 X192.138 Y50.397 F7800
G1 E2 F2400
;TYPE:Solid infill
;WIDTH:0.404381
G1 F1200
G1 X192.067 Y50.378 E2.00312
G1 X192.086 Y50.449 E2.00624
G1 X192.127 Y50.438 E2.00804
;WIDTH:0.45
G1 X191.949 Y50.572 E2.01876
G1 X191.655 Y50.866 E2.03876
G1 X191.694 Y50.494 E2.05675
;WIDTH:0.404381
G1 X191.653 Y50.505 E2.05855
G1 X191.634 Y50.434 E2.06167
G1 X191.705 Y50.453 E2.06479
G1 X192.495 Y50.572 F7800
;WIDTH:0.45
G1 F1200
G1 X191.274 Y51.793 E2.14784
G1 X191.116 Y52.096 E2.16428
;WIDTH:0.404381
G1 X191.075 Y52.107 E2.16608
G1 X191.056 Y52.035 E2.16924
G1 X191.127 Y52.054 E2.17236
G1 X190.646 Y53.111 F7800
G1 F1200
G1 X190.605 Y53.122 E2.17416
G1 X190.586 Y53.051 E2.17728
G1 X190.657 Y53.07 E2.1804
;WIDTH:0.45
G1 X190.804 Y52.808 E2.19485
G1 X193.04 Y50.572 E2.34694
G1 X193.585 Y50.572 E2.37315
G1 X190.334 Y53.823 E2.59428
G1 X190.176 Y54.126 E2.61072
;WIDTH:0.404381
G1 X190.135 Y54.137 E2.61252
G1 X190.116 Y54.066 E2.61564
G1 X190.187 Y54.085 E2.61876
G1 X189.7 Y55.107 F7800
G1 F1200
G1 X189.659 Y55.118 E2.62056
G1 X189.64 Y55.047 E2.62368
G1 X189.711 Y55.066 E2.6268
;WIDTH:0.45
G1 X189.864 Y54.839 E2.63997
G1 X193.66 Y51.043 E2.89817
G1 X193.66 Y51.589 E2.92443
G1 X190.247 Y55.001 E3.15654
G1 X190.792 Y55.001 E3.18275
G1 X193.66 Y52.134 E3.37779
G1 X193.66 Y52.679 E3.404
G1 X191.338 Y55.001 E3.56194
G1 X191.883 Y55.001 E3.58815
G1 X193.66 Y53.225 E3.70899
G1 X193.66 Y55.001 E3.79441
G1 X192.428 Y55.001 E3.85366
G1 X193.523 Y53.906 E3.92814
G1 E1.92814 F2400
G92 E0
G1 X145.191 Y55.29 F7800
G1 E2 F2400
;TYPE:Perimeter
G1 F1200
G1 X145.191 Y50.283 E2.24082
G1 X147.62 Y50.283 E2.35765
G1 X147.831 Y51.029 E2.39494
G1 X149.804 Y55.29 E2.62078
G1 X145.251 Y55.29 E2.83976
G1 X144.806 Y55.676 F7800
G1 F1200
G1 X144.806 Y49.897 E3.11771
G1 X147.917 Y49.897 E3.26734
G1 X148.181 Y50.867 E3.31569
G1 X150.267 Y55.374 E3.55455
G1 X150.47 Y55.676 E3.57205
G1 X144.866 Y55.676 E3.84158
G1 X144.42 Y56.062 F7800
;TYPE:External perimeter
G1 F1200
G1 X144.42 Y49.606 E4.15209
;TYPE:Overhang perimeter
;WIDTH:0.4
;HEIGHT:0.4
M106 S255
G1 X144.42 Y49.512 E4.157
G1 X148.214 Y49.512 E4.35522
G1 X148.239 Y49.606 E4.3603
M106 S165.75
;TYPE:External perimeter
;WIDTH:0.45
;HEIGHT:0.3
G1 X148.524 Y50.69 E4.41421
G1 X150.625 Y55.228 E4.65473
G1 X151.217 Y56.062 E4.70392
G1 X144.48 Y56.062 E5.02795
G1 X144.421 Y55.666 F7800
G1 E3.02795 F2400
G92 E0
G1 X145.48 Y50.572 F7800
G1 E2 F2400
;TYPE:Solid infill
G1 F1200
G1 X147.397 Y50.572 E2.0922
G1 X147.571 Y51.155 E2.12146
G1 X149.351 Y55.001 E2.32529
G1 X145.48 Y55.001 E2.51147
G1 X145.48 Y50.765 E2.71521
G1 X145.866 Y50.958 E2.73597
G1 X147.099 Y50.958 E2.79527
G1 X147.221 Y51.317 E2.81351
G1 X148.748 Y54.616 E2.98835
G1 X145.866 Y54.616 E3.12696
G1 X145.866 Y51.151 E3.29361
G1 X146.252 Y51.343 E3.31435
G1 X146.818 Y51.343 E3.34157
G1 X148.144 Y54.23 E3.49437
G1 X146.252 Y54.23 E3.58537
G1 X146.252 Y51.536 E3.71494
G1 X146.637 Y51.892 E3.74016
G1 X147.541 Y53.844 E3.84362
G1 X146.637 Y53.844 E3.8871
G1 X146.637 Y52.085 E3.9717
M106 S168.3
;LAYER_CHANGE
;Z:8.75
;HEIGHT:0.3
G1 E1.9717 F2400
G92 E0
G1 Z8.75 F7800
;AFTER_LAYER_CHANGE
;8.75
G1 X170.264 Y154.602
G1 E2 F2400
;TYPE:Perimeter
G1 F1500
G1 X170.188 Y154.725 E2.00695
G1 X170.128 Y155.155 E2.02783
G1 X170.261 Y155.567 E2.04865
G1 X170.435 Y155.857 E2.06492
G1 X168.705 Y155.857 E2.14813
G1 X168.879 Y155.567 E2.1644
G1 X169.006 Y155.207 E2.18276
G1 X168.952 Y154.725 E2.20609
G1 X168.765 Y154.421 E2.22326
G1 X168.458 Y154.196 E2.24157
G1 X168.052 Y154.107 E2.26156
G1 X145.191 Y154.107 E3.36109
G1 X145.191 Y152.599 E3.43362
G1 X193.949 Y152.599 E5.77871
G1 X193.949 Y154.107 E5.85124
G1 X171.088 Y154.107 E6.95077
G1 X170.682 Y154.196 E6.97076
G1 X170.375 Y154.421 E6.98907
G1 X170.295 Y154.551 E6.99641
G1 X170.594 Y154.789 F7800
G1 F1500
G1 X170.548 Y154.863 E7.0006
G1 X170.512 Y155.121 E7.01313
G1 X170.592 Y155.368 E7.02562
G1 X171.117 Y156.242 E7.07466
G1 X168.023 Y156.242 E7.22347
G1 X168.548 Y155.368 E7.27251
G1 X168.624 Y155.152 E7.28352
G1 X168.592 Y154.863 E7.2975
G1 X168.48 Y154.681 E7.30778
G1 X168.296 Y154.546 E7.31876
G1 X168.052 Y154.492 E7.33078
G1 X144.806 Y154.492 E8.44883
G1 X144.806 Y152.213 E8.55844
G1 X194.334 Y152.213 E10.94056
G1 X194.334 Y154.492 E11.05017
G1 X171.088 Y154.492 E12.16822
G1 X170.844 Y154.546 E12.18024
G1 X170.66 Y154.681 E12.19122
G1 X170.625 Y154.738 E12.19444
G1 X170.932 Y154.976 F7800
;TYPE:External perimeter
G1 F1500
G1 X170.908 Y155.001 E12.19611
G1 X170.923 Y155.17 E12.20427
G1 X171.798 Y156.628 E12.28605
G1 X167.342 Y156.628 E12.50037
G1 X168.249 Y155.117 E12.58513
G1 X168.194 Y154.941 E12.594
G1 X168.052 Y154.878 E12.60147
G1 X144.42 Y154.878 E13.73809
G1 X144.42 Y151.828 E13.88478
G1 X194.72 Y151.828 E16.30404
G1 X194.72 Y154.878 E16.45073
G1 X171.024 Y154.878 E17.59043
G1 X170.973 Y154.932 E17.594
G1 X171.023 Y155.329 F7800
G1 E15.594 F2400
G92 E0
G1 X145.48 Y153.817 F7800
G1 E2 F2400
;TYPE:Solid infill
G1 F1200
G1 X145.48 Y152.888 E2.04468
G1 X193.66 Y152.888 E4.36197
G1 X193.66 Y153.817 E4.40665
G1 X171.092 Y153.817 E5.49209
G1 X170.603 Y153.92 E5.51613
G1 X170.191 Y154.203 E5.54017
G1 X169.937 Y154.588 E5.56235
;WIDTH:0.491604
G1 X169.869 Y154.859 E5.57724
;WIDTH:0.533208
G1 X169.802 Y155.13 E5.59356
;WIDTH:0.543464
G1 X169.899 Y155.521 E5.61763
G1 X169.248 Y155.521 E5.65653
G1 X169.338 Y155.183 E5.67743
;WIDTH:0.530416
G1 X169.284 Y154.923 E5.69287
;WIDTH:0.490208
G1 X169.23 Y154.662 E5.70703
;WIDTH:0.45
G1 X168.978 Y154.228 E5.73117
G1 X168.54 Y153.923 E5.75684
G1 X168.041 Y153.817 E5.78138
G1 X145.673 Y153.817 E6.8572
G1 X145.945 Y153.353 E6.88307
;WIDTH:0.607882
G1 X168.041 Y153.353 E8.38093
;WIDTH:0.623545
G1 X168.185 Y153.361 E8.39099
G1 X169.556 Y153.635 F7800
;WIDTH:0.509649
G1 F1200
G1 X169.516 Y153.675 E8.39413
G1 X169.531 Y153.729 E8.39724
G1 X169.584 Y153.743 E8.40028
G1 X169.624 Y153.704 E8.40338
G1 X169.609 Y153.65 E8.40649
G1 X170.762 Y153.33 F7800
;WIDTH:0.548958
G1 F1200
G1 X170.627 Y153.302 E8.41482
;WIDTH:0.499479
G1 X170.491 Y153.274 E8.42236
;WIDTH:0.45
G1 X168.653 Y153.274 E8.51076
;WIDTH:0.493386
G1 X168.536 Y153.295 E8.51712
;WIDTH:0.536772
G1 X168.419 Y153.317 E8.52413
;WIDTH:0.580158
G1 X168.302 Y153.339 E8.53179
;WIDTH:0.623545
G1 X168.185 Y153.361 E8.54009
G1 X168.349 Y153.432 E8.55255
;WIDTH:0.580158
G1 X168.513 Y153.503 E8.56405
;WIDTH:0.536772
G1 X168.677 Y153.574 E8.57458
;WIDTH:0.493386
G1 X168.841 Y153.645 E8.58414
;WIDTH:0.45
G1 X169.263 Y153.969 E8.60973
G1 X169.531 Y154.386 E8.63357
G1 X169.57 Y154.492 E8.639
G1 X169.813 Y154.055 E8.66305
G1 X169.963 Y153.892 E8.6737
G1 X170.302 Y153.642 E8.69396
;WIDTH:0.488956
G1 X170.465 Y153.574 E8.70331
;WIDTH:0.527912
G1 X170.627 Y153.506 E8.71347
;WIDTH:0.566868
G1 X170.789 Y153.437 E8.72451
;WIDTH:0.605824
G1 X170.951 Y153.369 E8.73637
;WIDTH:0.617845
G1 X171.092 Y153.353 E8.74617
;WIDTH:0.607879
G1 X193.195 Y153.353 E10.24449
G1 E8.24449 F2400
G92 E0
G1 X189.713 Y54.771 F7800
G1 E2 F2400
;TYPE:Perimeter
;WIDTH:0.45
G1 F1200
G1 X189.657 Y54.771 E2.00269
G1 X191.345 Y51.125 E2.19593
G1 X191.702 Y49.763 E2.26365
G1 X193.949 Y49.763 E2.37172
G1 X193.949 Y54.771 E2.61259
G1 X189.773 Y54.771 E2.81344
G1 X189.077 Y55.156 F7800
G1 F1200
G1 X189.053 Y55.156 E2.81459
G1 X190.98 Y50.994 E3.03518
G1 X191.405 Y49.378 E3.11555
G1 X194.334 Y49.378 E3.25642
G1 X194.334 Y55.156 E3.53432
G1 X189.137 Y55.156 E3.78428
G1 X188.415 Y55.542 F7800
;TYPE:External perimeter
G1 F1200
G1 X188.523 Y55.385 E3.79345
G1 X190.616 Y50.863 E4.03311
G1 X191.083 Y49.087 E4.12143
;TYPE:Overhang perimeter
;WIDTH:0.4
;HEIGHT:0.4
M106 S255
G1 X191.108 Y48.992 E4.12656
G1 X194.72 Y48.992 E4.31527
G1 X194.72 Y49.087 E4.32023
M106 S168.3
;TYPE:External perimeter
;WIDTH:0.45
;HEIGHT:0.3
G1 X194.72 Y55.542 E4.63069
G1 X188.475 Y55.542 E4.93105
G1 X188.621 Y55.169 F7800
G1 X190.109 Y54.482
;TYPE:Solid infill
G1 F1200
G1 X191.618 Y51.223 E5.10378
G1 X191.925 Y50.053 E5.16196
G1 X193.66 Y50.053 E5.24541
G1 X193.66 Y54.482 E5.45843
G1 X190.302 Y54.482 E5.61994
G1 X190.713 Y54.096 E5.64706
G1 X191.982 Y51.354 E5.79238
G1 X192.223 Y50.438 E5.83794
G1 X193.274 Y50.438 E5.88849
G1 X193.274 Y54.096 E6.06443
G1 X190.906 Y54.096 E6.17832
G1 X191.316 Y53.71 E6.2054
G1 X192.269 Y51.652 E6.31448
G1 X192.393 Y51.308 E6.33207
G1 X192.52 Y50.824 E6.35614
G1 X192.888 Y50.824 E6.37384
G1 X192.888 Y53.71 E6.51265
G1 X191.509 Y53.71 E6.57898
G1 X191.947 Y53.308 E6.60757
;WIDTH:0.484458
G1 X192.485 Y52.144 E6.67476
G1 X192.485 Y53.308 E6.73575
G1 X192.14 Y53.308 E6.75383
G1 E4.75383 F2400
G92 E0
G1 X145.191 Y54.771 F7800
G1 E2 F2400
;TYPE:Perimeter
;WIDTH:0.45
G1 F1200
G1 X145.191 Y49.763 E2.24087
G1 X147.438 Y49.763 E2.34894
G1 X147.831 Y51.202 E2.42069
G1 X149.483 Y54.771 E2.60984
G1 X145.251 Y54.771 E2.81338
G1 X144.806 Y55.156 F7800
G1 F1200
G1 X144.806 Y49.378 E3.09128
G1 X147.735 Y49.378 E3.23215
G1 X148.16 Y50.994 E3.31252
G1 X150.086 Y55.156 E3.53309
G1 X144.866 Y55.156 E3.78415
G1 X144.42 Y55.542 F7800
;TYPE:External perimeter
G1 F1200
G1 X144.42 Y49.087 E4.09461
;TYPE:Overhang perimeter
;WIDTH:0.4
;HEIGHT:0.4
M106 S255
G1 X144.42 Y48.992 E4.09957
G1 X148.032 Y48.992 E4.28828
G1 X148.057 Y49.087 E4.29341
M106 S168.3
;TYPE:External perimeter
;WIDTH:0.45
;HEIGHT:0.3
G1 X148.524 Y50.863 E4.38173
G1 X150.617 Y55.385 E4.62139
G1 X150.725 Y55.542 E4.63056
G1 X144.48 Y55.542 E4.93092
G1 X144.421 Y55.147 F7800
G1 X145.512 Y54.377
;TYPE:Solid infill
;WIDTH:0.543559
G1 F1200
G1 X145.469 Y54.419 E4.93451
G1 X145.485 Y54.477 E4.93811
G1 X145.543 Y54.493 E4.94171
G1 X145.585 Y54.45 E4.9453
G1 X145.57 Y54.393 E4.94882
;WIDTH:0.45
G1 X146.186 Y54.482 E4.97876
G1 X145.48 Y53.777 E5.02675
G1 X145.346 Y53.599 E5.03747
;WIDTH:0.404381
G1 X145.357 Y53.64 E5.03927
G1 X145.286 Y53.659 E5.04239
G1 X145.305 Y53.588 E5.04551
;WIDTH:0.45
G1 X145.48 Y53.231 E5.06463
G1 X146.731 Y54.482 E5.14972
G1 X147.276 Y54.482 E5.17593
G1 X145.48 Y52.686 E5.29809
G1 X145.48 Y52.141 E5.3243
G1 X147.822 Y54.482 E5.48357
G1 X148.367 Y54.482 E5.50978
G1 X145.48 Y51.595 E5.70615
G1 X145.48 Y51.05 E5.73236
G1 X148.912 Y54.482 E5.9658
G1 X149.187 Y54.548 E5.9794
;WIDTH:0.404381
G1 X149.168 Y54.619 E5.98252
G1 X149.24 Y54.6 E5.98568
G1 X149.229 Y54.559 E5.98748
;WIDTH:0.45
G1 X148.883 Y53.929 E6.02205
;WIDTH:0.404381
G1 X148.894 Y53.97 E6.02385
G1 X148.823 Y53.989 E6.02697
G1 X148.842 Y53.918 E6.03009
;WIDTH:0.45
G1 X148.662 Y53.686 E6.04421
G1 X145.48 Y50.505 E6.26061
G1 X145.349 Y49.891 E6.29081
;WIDTH:0.404381
G1 X145.33 Y49.962 E6.29393
G1 X145.401 Y49.943 E6.29705
G1 X145.39 Y49.902 E6.29885
;WIDTH:0.45
G1 X145.574 Y50.053 E6.3103
G1 X148.192 Y52.671 E6.48837
G1 X148.413 Y52.911 E6.50406
;WIDTH:0.404381
G1 X148.424 Y52.952 E6.50586
G1 X148.353 Y52.971 E6.50898
G1 X148.372 Y52.9 E6.5121
G1 X147.943 Y51.896 F7800
G1 F1200
G1 X147.954 Y51.937 E6.5139
G1 X147.883 Y51.956 E6.51702
G1 X147.902 Y51.885 E6.52014
;WIDTH:0.45
G1 X147.722 Y51.656 E6.53415
G1 X146.119 Y50.053 E6.64318
G1 X146.64 Y50.042 E6.66824
;WIDTH:0.429878
G1 X147.222 Y50.042 E6.69477
G1 X147.432 Y50.835 E6.73217
G1 X146.777 Y50.179 E6.77443
M106 S170.85
;LAYER_CHANGE
;Z:9.05
;HEIGHT:0.3
G1 E4.77443 F2400
G92 E0
G1 Z9.05 F7800
;AFTER_LAYER_CHANGE
;9.05
G1 X170.264 Y154.602
G1 E2 F2400
;TYPE:Perimeter
;WIDTH:0.45
G1 F1500
G1 X170.188 Y154.725 E2.00695
G1 X170.128 Y155.155 E2.02783
G1 X170.261 Y155.567 E2.04865
G1 X170.435 Y155.857 E2.06492
G1 X168.705 Y155.857 E2.14813
G1 X168.879 Y155.567 E2.1644
G1 X169.006 Y155.207 E2.18276
G1 X168.952 Y154.725 E2.20609
G1 X168.765 Y154.421 E2.22326
G1 X168.458 Y154.196 E2.24157
G1 X168.052 Y154.107 E2.26156
G1 X145.191 Y154.107 E3.36109
G1 X145.191 Y152.599 E3.43362
G1 X193.949 Y152.599 E5.77871
G1 X193.949 Y154.107 E5.85124
G1 X171.088 Y154.107 E6.95077
G1 X170.682 Y154.196 E6.97076
G1 X170.375 Y154.421 E6.98907
G1 X170.295 Y154.551 E6.99641
G1 X170.594 Y154.789 F7800
G1 F1500
G1 X170.548 Y154.863 E7.0006
G1 X170.512 Y155.121 E7.01313
G1 X170.592 Y155.368 E7.02562
G1 X171.117 Y156.242 E7.07466
G1 X168.023 Y156.242 E7.22347
G1 X168.548 Y155.368 E7.27251
G1 X168.624 Y155.152 E7.28352
G1 X168.592 Y154.863 E7.2975
G1 X168.48 Y154.681 E7.30778
G1 X168.296 Y154.546 E7.31876
G1 X168.052 Y154.492 E7.33078
G1 X144.806 Y154.492 E8.44883
G1 X144.806 Y152.213 E8.55844
G1 X194.334 Y152.213 E10.94056
G1 X194.334 Y154.492 E11.05017
G1 X171.088 Y154.492 E12.16822
G1 X170.844 Y154.546 E12.18024
G1 X170.66 Y154.681 E12.19122
G1 X170.625 Y154.738 E12.19444
G1 X170.932 Y154.976 F7800
;TYPE:External perimeter
G1 F1500
G1 X170.908 Y155.001 E12.19611
G1 X170.923 Y155.17 E12.20427
G1 X171.798 Y156.628 E12.28605
G1 X167.342 Y156.628 E12.50037
G1 X168.249 Y155.117 E12.58513
G1 X168.194 Y154.941 E12.594
G1 X168.052 Y154.878 E12.60147
G1 X144.42 Y154.878 E13.73809
G1 X144.42 Y151.828 E13.88478
G1 X194.72 Y151.828 E16.30404
G1 X194.72 Y154.878 E16.45073
G1 X171.024 Y154.878 E17.59043
G1 X170.973 Y154.932 E17.594
G1 X171.023 Y155.329 F7800
G1 X171.092 Y153.817
;TYPE:Solid infill
G1 F1200
G1 X170.603 Y153.92 E17.61804
G1 X170.191 Y154.203 E17.64208
G1 X169.937 Y154.588 E17.66426
;WIDTH:0.491604
G1 X169.869 Y154.859 E17.67915
;WIDTH:0.533209
G1 X169.802 Y155.13 E17.69547
;WIDTH:0.543463
G1 X169.899 Y155.521 E17.71954
G1 X169.248 Y155.521 E17.75844
G1 X169.338 Y155.183 E17.77934
;WIDTH:0.530416
G1 X169.284 Y154.923 E17.79478
;WIDTH:0.490208
G1 X169.23 Y154.662 E17.80894
;WIDTH:0.45
G1 X168.978 Y154.228 E17.83308
G1 X168.54 Y153.923 E17.85875
G1 X168.041 Y153.817 E17.88329
G1 X145.48 Y153.817 E18.9684
G1 X145.48 Y152.888 E19.01308
G1 X193.66 Y152.888 E21.33037
G1 X193.66 Y153.817 E21.37505
G1 X171.285 Y153.817 E22.45121
G1 X169.624 Y153.675 F7800
;WIDTH:0.509649
G1 F1200
G1 X169.584 Y153.635 E22.45435
G1 X169.531 Y153.65 E22.45741
G1 X169.516 Y153.704 E22.46052
G1 X169.556 Y153.743 E22.46362
G1 X169.609 Y153.729 E22.46666
G1 X168.185 Y153.361 F7800
;WIDTH:0.623543
G1 F1200
G1 X168.041 Y153.353 E22.47672
;WIDTH:0.607879
G1 X145.945 Y153.353 E23.97456
G1 E21.97456 F2400
G92 E0
G1 X170.762 Y153.33 F7800
G1 E2 F2400
;WIDTH:0.548958
G1 F1200
G1 X170.627 Y153.302 E2.00833
;WIDTH:0.499479
G1 X170.491 Y153.274 E2.01587
;WIDTH:0.45
G1 X168.653 Y153.274 E2.10427
;WIDTH:0.493385
G1 X168.536 Y153.295 E2.11063
;WIDTH:0.536771
G1 X168.419 Y153.317 E2.11764
;WIDTH:0.580157
G1 X168.302 Y153.339 E2.1253
;WIDTH:0.623543
G1 X168.185 Y153.361 E2.1336
G1 X168.349 Y153.432 E2.14606
;WIDTH:0.580157
G1 X168.513 Y153.503 E2.15756
;WIDTH:0.536771
G1 X168.677 Y153.574 E2.16809
;WIDTH:0.493385
G1 X168.841 Y153.645 E2.17765
;WIDTH:0.45
G1 X169.263 Y153.969 E2.20324
G1 X169.531 Y154.386 E2.22708
G1 X169.57 Y154.492 E2.23251
G1 X169.813 Y154.055 E2.25656
G1 X169.963 Y153.892 E2.26721
G1 X170.302 Y153.642 E2.28747
;WIDTH:0.488956
G1 X170.465 Y153.574 E2.29682
;WIDTH:0.527912
G1 X170.627 Y153.506 E2.30698
;WIDTH:0.566868
G1 X170.789 Y153.437 E2.31802
;WIDTH:0.605824
G1 X170.951 Y153.369 E2.32988
;WIDTH:0.617845
G1 X171.092 Y153.353 E2.33968
;WIDTH:0.607879
G1 X193.195 Y153.353 E3.838
G1 E1.838 F2400
G92 E0
G1 X189.978 Y54.251 F7800
G1 E2 F2400
;TYPE:Perimeter
;WIDTH:0.45
G1 F1200
G1 X191.366 Y51.216 E2.16051
G1 X191.884 Y49.244 E2.25857
G1 X193.949 Y49.244 E2.35789
G1 X193.949 Y54.251 E2.59871
G1 X190.038 Y54.251 E2.78682
G1 X189.374 Y54.637 F7800
G1 F1200
G1 X190.993 Y51.118 E2.97313
G1 X191.587 Y48.858 E3.08552
G1 X194.334 Y48.858 E3.21764
G1 X194.334 Y54.637 E3.49559
G1 X189.434 Y54.637 E3.73126
G1 X188.771 Y55.022 F7800
;TYPE:External perimeter
G1 F1200
G1 X190.62 Y51.02 E3.94329
G1 X191.265 Y48.567 E4.06528
;TYPE:Overhang perimeter
;WIDTH:0.4
;HEIGHT:0.4
M106 S255
G1 X191.29 Y48.472 E4.07041
G1 X194.72 Y48.472 E4.24961
G1 X194.72 Y48.567 E4.25457
M106 S170.85
;TYPE:External perimeter
;WIDTH:0.45
;HEIGHT:0.3
G1 X194.72 Y55.022 E4.56503
G1 X188.831 Y55.022 E4.84827
G1 X188.945 Y54.639 F7800
G1 E2.84827 F2400
G92 E0
G1 X192.063 Y49.411 F7800
G1 E2 F2400
;TYPE:Solid infill
;WIDTH:0.404381
G1 F1200
G1 X191.992 Y49.392 E2.00312
G1 X192.011 Y49.463 E2.00624
G1 X192.052 Y49.452 E2.00804
;WIDTH:0.45
G1 X192.311 Y49.533 E2.02109
G1 X192.035 Y49.809 E2.03986
G1 X191.84 Y50.549 E2.07667
G1 X192.857 Y49.533 E2.14581
G1 X193.781 Y49.442 F7800
;WIDTH:0.404381
G1 F1200
G1 X193.71 Y49.423 E2.14893
G1 X193.729 Y49.494 E2.15205
G1 X193.77 Y49.483 E2.15385
;WIDTH:0.45
G1 X193.402 Y49.533 E2.17171
G1 X191.646 Y51.289 E2.29115
G1 X191.489 Y51.305 E2.29874
;WIDTH:0.404381
G1 X191.454 Y51.481 E2.30635
G1 X191.47 Y51.561 E2.30981
G1 X191.07 Y52.526 F7800
G1 F1200
G1 X190.999 Y52.507 E2.31293
G1 X191.018 Y52.578 E2.31605
G1 X191.059 Y52.567 E2.31785
;WIDTH:0.45
G1 X191.216 Y52.264 E2.33426
G1 X193.66 Y49.821 E2.50046
G1 X193.66 Y50.366 E2.52667
G1 X190.746 Y53.279 E2.72484
G1 X190.377 Y54.045 F7800
;WIDTH:0.404381
G1 F1200
G1 X190.336 Y54.056 E2.72664
G1 X190.317 Y53.985 E2.72976
G1 X190.388 Y54.004 E2.73288
;WIDTH:0.45
G1 X190.609 Y53.962 E2.7437
G1 X193.66 Y50.911 E2.95123
G1 X193.854 Y50.793 E2.96215
;WIDTH:0.404381
G1 X193.813 Y50.804 E2.96395
G1 X193.794 Y50.733 E2.96707
G1 X193.865 Y50.752 E2.97019
;WIDTH:0.45
G1 X193.66 Y51.457 E3.0055
G1 X193.66 Y53.962 E3.12598
G1 X191.154 Y53.962 E3.24651
G1 X193.523 Y51.593 E3.40765
G1 X193.274 Y52.388 F7800
G1 F1200
G1 X193.274 Y53.576 E3.46479
G1 X192.085 Y53.576 E3.52198
G1 X193.138 Y52.524 E3.59357
G1 E1.59357 F2400
G92 E0
G1 X145.191 Y54.251 F7800
G1 E2 F2400
;TYPE:Perimeter
G1 F1200
G1 X145.191 Y49.244 E2.24082
G1 X147.256 Y49.244 E2.34014
G1 X147.795 Y51.298 E2.44228
G1 X149.162 Y54.251 E2.59879
G1 X145.251 Y54.251 E2.7869
G1 X144.806 Y54.637 F7800
G1 F1200
G1 X144.806 Y48.858 E3.06485
G1 X147.553 Y48.858 E3.19697
G1 X148.16 Y51.167 E3.3118
G1 X149.766 Y54.637 E3.4957
G1 X144.866 Y54.637 E3.73137
G1 X144.42 Y55.022 F7800
;TYPE:External perimeter
G1 F1200
G1 X144.42 Y48.567 E4.04183
;TYPE:Overhang perimeter
;WIDTH:0.4
;HEIGHT:0.4
M106 S255
G1 X144.42 Y48.472 E4.04679
G1 X147.85 Y48.472 E4.22599
G1 X147.875 Y48.567 E4.23112
M106 S170.85
;TYPE:External perimeter
;WIDTH:0.45
;HEIGHT:0.3
G1 X148.524 Y51.036 E4.3539
G1 X150.369 Y55.022 E4.56515
G1 X144.48 Y55.022 E4.84839
G1 X144.421 Y54.627 F7800
G1 E2.84839 F2400
G92 E0
G1 X145.48 Y49.533 F7800
G1 E2 F2400
;TYPE:Solid infill
G1 F1200
G1 X147.033 Y49.533 E2.07469
G1 X147.522 Y51.396 E2.16733
G1 X148.71 Y53.962 E2.30333
G1 X145.48 Y53.962 E2.45868
G1 X145.48 Y49.726 E2.66242
G1 X145.866 Y49.919 E2.68318
G1 X146.735 Y49.919 E2.72498
G1 X147.158 Y51.527 E2.80495
G1 X148.106 Y53.576 E2.91354
G1 X145.866 Y53.576 E3.02128
G1 X145.866 Y50.111 E3.18793
G1 X146.252 Y50.304 E3.20869
G1 X146.438 Y50.304 E3.21764
G1 X146.747 Y51.481 E3.27617
G1 X146.871 Y51.825 E3.29376
G1 X147.503 Y53.191 E3.36615
G1 X146.252 Y53.191 E3.42632
G1 X146.252 Y50.497 E3.55589
G1 X146.592 Y52.033 F7800
;WIDTH:0.359419
G1 F1200
G1 X146.97 Y52.85 E3.58902
G1 X146.592 Y52.85 E3.60293
G1 X146.592 Y52.226 E3.62589
M106 S173.4
;LAYER_CHANGE
;Z:9.35
;HEIGHT:0.3
G1 E1.62589 F2400
G92 E0
G1 Z9.35 F7800
;AFTER_LAYER_CHANGE
;9.35
G1 X170.264 Y154.602
G1 E2 F2400
;TYPE:Perimeter
;WIDTH:0.45
G1 F1500
G1 X170.188 Y154.725 E2.00695
G1 X170.128 Y155.155 E2.02783
G1 X170.261 Y155.567 E2.04865
G1 X170.435 Y155.857 E2.06492
G1 X168.705 Y155.857 E2.14813
G1 X168.879 Y155.567 E2.1644
G1 X169.006 Y155.207 E2.18276
G1 X168.952 Y154.725 E2.20609
G1 X168.765 Y154.421 E2.22326
G1 X168.458 Y154.196 E2.24157
G1 X168.052 Y154.107 E2.26156
G1 X145.191 Y154.107 E3.36109
G1 X145.191 Y152.599 E3.43362
G1 X193.949 Y152.599 E5.77871
G1 X193.949 Y154.107 E5.85124
G1 X171.088 Y154.107 E6.95077
G1 X170.682 Y154.196 E6.97076
G1 X170.375 Y154.421 E6.98907
G1 X170.295 Y154.551 E6.99641
G1 X170.594 Y154.789 F7800
G1 F1500
G1 X170.548 Y154.863 E7.0006
G1 X170.512 Y155.121 E7.01313
G1 X170.592 Y155.368 E7.02562
G1 X171.117 Y156.242 E7.07466
G1 X168.023 Y156.242 E7.22347
G1 X168.548 Y155.368 E7.27251
G1 X168.624 Y155.152 E7.28352
G1 X168.592 Y154.863 E7.2975
G1 X168.48 Y154.681 E7.30778
G1 X168.296 Y154.546 E7.31876
G1 X168.052 Y154.492 E7.33078
G1 X144.806 Y154.492 E8.44883
G1 X144.806 Y152.213 E8.55844
G1 X194.334 Y152.213 E10.94056
G1 X194.334 Y154.492 E11.05017
G1 X171.088 Y154.492 E12.16822
G1 X170.844 Y154.546 E12.18024
G1 X170.66 Y154.681 E12.19122
G1 X170.625 Y154.738 E12.19444
G1 X170.932 Y154.976 F7800
;TYPE:External perimeter
G1 F1500
G1 X170.908 Y155.001 E12.19611
G1 X170.923 Y155.17 E12.20427
G1 X171.798 Y156.628 E12.28605
G1 X167.342 Y156.628 E12.50037
G1 X168.249 Y155.117 E12.58513
G1 X168.194 Y154.941 E12.594
G1 X168.052 Y154.878 E12.60147
G1 X144.42 Y154.878 E13.73809
G1 X144.42 Y151.828 E13.88478
G1 X194.72 Y151.828 E16.30404
G1 X194.72 Y154.878 E16.45073
G1 X171.024 Y154.878 E17.59043
G1 X170.973 Y154.932 E17.594
G1 X171.023 Y155.329 F7800
G1 E15.594 F2400
G92 E0
G1 X145.48 Y153.817 F7800
G1 E2 F2400
;TYPE:Solid infill
G1 F1200
G1 X145.48 Y152.888 E2.04468
G1 X193.66 Y152.888 E4.36197
G1 X193.66 Y153.817 E4.40665
G1 X171.092 Y153.817 E5.49209
G1 X170.603 Y153.92 E5.51613
G1 X170.191 Y154.203 E5.54017
G1 X169.937 Y154.588 E5.56235
;WIDTH:0.491604
G1 X169.869 Y154.859 E5.57724
;WIDTH:0.533208
G1 X169.802 Y155.13 E5.59356
;WIDTH:0.543464
G1 X169.899 Y155.521 E5.61763
G1 X169.248 Y155.521 E5.65653
G1 X169.338 Y155.183 E5.67743
;WIDTH:0.530416
G1 X169.284 Y154.923 E5.69287
;WIDTH:0.490208
G1 X169.23 Y154.662 E5.70703
;WIDTH:0.45
G1 X168.978 Y154.228 E5.73117
G1 X168.54 Y153.923 E5.75684
G1 X168.041 Y153.817 E5.78138
G1 X145.673 Y153.817 E6.8572
G1 X145.945 Y153.353 E6.88307
;WIDTH:0.607882
G1 X168.041 Y153.353 E8.38093
;WIDTH:0.623545
G1 X168.185 Y153.361 E8.39099
G1 X169.556 Y153.635 F7800
;WIDTH:0.509649
G1 F1200
G1 X169.516 Y153.675 E8.39413
G1 X169.531 Y153.729 E8.39724
G1 X169.584 Y153.743 E8.40028
G1 X169.624 Y153.704 E8.40338
G1 X169.609 Y153.65 E8.40649
G1 X170.762 Y153.33 F7800
;WIDTH:0.548958
G1 F1200
G1 X170.627 Y153.302 E8.41482
;WIDTH:0.499479
G1 X170.491 Y153.274 E8.42236
;WIDTH:0.45
G1 X168.653 Y153.274 E8.51076
;WIDTH:0.493386
G1 X168.536 Y153.295 E8.51712
;WIDTH:0.536772
G1 X168.419 Y153.317 E8.52413
;WIDTH:0.580158
G1 X168.302 Y153.339 E8.53179
;WIDTH:0.623545
G1 X168.185 Y153.361 E8.54009
G1 X168.349 Y153.432 E8.55255
;WIDTH:0.580158
G1 X168.513 Y153.503 E8.56405
;WIDTH:0.536772
G1 X168.677 Y153.574 E8.57458
;WIDTH:0.493386
G1 X168.841 Y153.645 E8.58414
;WIDTH:0.45
G1 X169.263 Y153.969 E8.60973
G1 X169.531 Y154.386 E8.63357
G1 X169.57 Y154.492 E8.639
G1 X169.813 Y154.055 E8.66305
G1 X169.963 Y153.892 E8.6737
G1 X170.302 Y153.642 E8.69396
;WIDTH:0.488956
G1 X170.465 Y153.574 E8.70331
;WIDTH:0.527912
G1 X170.627 Y153.506 E8.71347
;WIDTH:0.566868
G1 X170.789 Y153.437 E8.72451
;WIDTH:0.605824
G1 X170.951 Y153.369 E8.73637
;WIDTH:0.617845
G1 X171.092 Y153.353 E8.74617
;WIDTH:0.607879
G1 X193.195 Y153.353 E10.24449
G1 E8.24449 F2400
G92 E0
G1 X190.298 Y53.732 F7800
G1 E2 F2400
;TYPE:Perimeter
;WIDTH:0.45
G1 F1200
G1 X191.345 Y51.471 E2.11984
G1 X192.066 Y48.724 E2.25644
G1 X193.949 Y48.724 E2.34701
G1 X193.949 Y53.732 E2.58788
G1 X190.358 Y53.732 E2.76059
G1 X189.695 Y54.117 F7800
G1 F1200
G1 X190.98 Y51.34 E2.90776
G1 X191.769 Y48.338 E3.05705
G1 X194.334 Y48.338 E3.18042
G1 X194.334 Y54.117 E3.45837
G1 X189.755 Y54.117 E3.6786
G1 X189.091 Y54.503 F7800
;TYPE:External perimeter
G1 F1200
G1 X190.616 Y51.209 E3.85318
G1 X191.447 Y48.047 E4.01043
;TYPE:Overhang perimeter
;WIDTH:0.4
;HEIGHT:0.4
M106 S255
G1 X191.472 Y47.953 E4.01551
G1 X194.72 Y47.953 E4.1852
G1 X194.72 Y48.047 E4.19011
M106 S173.4
;TYPE:External perimeter
;WIDTH:0.45
;HEIGHT:0.3
G1 X194.72 Y54.503 E4.50062
G1 X189.151 Y54.503 E4.76847
G1 X189.266 Y54.119 F7800
G1 X190.751 Y53.442
;TYPE:Solid infill
G1 F1200
G1 X191.618 Y51.57 E4.86769
G1 X192.289 Y49.013 E4.99484
G1 X193.66 Y49.013 E5.06078
G1 X193.66 Y53.442 E5.2738
G1 X190.944 Y53.442 E5.40443
G1 X191.354 Y53.057 E5.43148
G1 X191.982 Y51.701 E5.50335
G1 X192.587 Y49.399 E5.61783
G1 X193.274 Y49.399 E5.65087
G1 X193.274 Y53.057 E5.82681
G1 X191.547 Y53.057 E5.90987
G1 X191.958 Y52.671 E5.93699
G1 X192.196 Y52.156 E5.96428
G1 X192.393 Y51.654 E5.99022
G1 X192.886 Y49.787 E6.08309
G1 X192.888 Y52.671 E6.2218
G1 X192.151 Y52.671 E6.25725
G1 E4.25725 F2400
G92 E0
G1 X145.191 Y53.732 F7800
G1 E2 F2400
;TYPE:Perimeter
G1 F1200
G1 X145.191 Y48.724 E2.24087
G1 X147.074 Y48.724 E2.33144
G1 X147.774 Y51.389 E2.46397
G1 X147.906 Y51.711 E2.48071
G1 X148.842 Y53.732 E2.58783
G1 X145.251 Y53.732 E2.76054
G1 X144.806 Y54.117 F7800
G1 F1200
G1 X144.806 Y48.339 E3.03844
G1 X147.371 Y48.338 E3.16181
G1 X148.147 Y51.291 E3.30866
G1 X148.256 Y51.549 E3.32213
G1 X149.445 Y54.117 E3.45824
G1 X144.866 Y54.117 E3.67847
G1 X144.42 Y54.503 F7800
;TYPE:External perimeter
G1 F1200
G1 X144.42 Y48.047 E3.98898
;TYPE:Overhang perimeter
;WIDTH:0.4
;HEIGHT:0.4
M106 S255
G1 X144.42 Y47.953 E3.99389
G1 X147.668 Y47.953 E4.16358
G1 X147.693 Y48.047 E4.16866
M106 S173.4
;TYPE:External perimeter
;WIDTH:0.45
;HEIGHT:0.3
G1 X148.52 Y51.193 E4.32511
G1 X148.606 Y51.387 E4.33532
G1 X150.049 Y54.503 E4.50048
G1 X144.48 Y54.503 E4.76833
G1 X144.421 Y54.107 F7800
G1 X145.512 Y53.338
;TYPE:Solid infill
;WIDTH:0.543559
G1 F1200
G1 X145.469 Y53.38 E4.77192
G1 X145.485 Y53.438 E4.77552
G1 X145.543 Y53.454 E4.77912
G1 X145.585 Y53.411 E4.78271
G1 X145.57 Y53.353 E4.78629
;WIDTH:0.45
G1 X146.186 Y53.442 E4.81623
G1 X145.48 Y52.737 E4.86422
G1 X145.413 Y52.649 E4.86954
;WIDTH:0.421973
G1 X145.345 Y52.56 E4.87454
;WIDTH:0.393947
G1 X145.356 Y52.6 E4.87625
G1 X145.287 Y52.618 E4.87918
G1 X145.305 Y52.55 E4.88207
;WIDTH:0.45
G1 X145.48 Y52.192 E4.90124
G1 X146.731 Y53.442 E4.9863
G1 X147.276 Y53.442 E5.01251
G1 X145.48 Y51.647 E5.13464
G1 X145.48 Y51.101 E5.1609
G1 X147.822 Y53.442 E5.32017
G1 X148.625 Y53.544 F7800
;WIDTH:0.404381
G1 F1200
G1 X148.636 Y53.585 E5.32197
G1 X148.565 Y53.604 E5.32509
G1 X148.584 Y53.533 E5.32821
;WIDTH:0.45
G1 X148.367 Y53.442 E5.33953
G1 X145.48 Y50.556 E5.53587
G1 X145.657 Y50.187 E5.55555
G1 X147.938 Y52.468 E5.7107
G1 X147.522 Y51.57 E5.7583
G1 X146.851 Y49.013 E5.88545
G1 X145.48 Y49.013 E5.95139
G1 X145.48 Y50.147 E6.00593
G1 X145.889 Y49.874 E6.02958
G1 X145.866 Y49.399 E6.05245
G1 X146.553 Y49.399 E6.08549
G1 X146.959 Y50.944 E6.16232
G1 X146.026 Y50.011 E6.22578
G1 X146.146 Y49.864 E6.23491
;WIDTH:0.421973
G1 X146.267 Y49.717 E6.2434
;WIDTH:0.393947
G1 X146.248 Y49.786 E6.24634
G1 X146.317 Y49.767 E6.24928
G1 X146.307 Y49.727 E6.25097
;LAYER_CHANGE
;Z:9.65
;HEIGHT:0.299999
G1 E4.25097 F2400
G92 E0
G1 Z9.65 F7800
;AFTER_LAYER_CHANGE
;9.65
G1 X170.264 Y154.602
G1 E2 F2400
;TYPE:Perimeter
;WIDTH:0.45
G1 F1500
G1 X170.188 Y154.725 E2.00695
G1 X170.128 Y155.155 E2.02783
G1 X170.261 Y155.567 E2.04865
G1 X170.435 Y155.857 E2.06492
G1 X168.705 Y155.857 E2.14813
G1 X168.879 Y155.567 E2.1644
G1 X169.006 Y155.207 E2.18276
G1 X168.952 Y154.725 E2.20609
G1 X168.765 Y154.421 E2.22326
G1 X168.458 Y154.196 E2.24157
G1 X168.052 Y154.107 E2.26156
G1 X145.191 Y154.107 E3.36109
G1 X145.191 Y152.599 E3.43362
G1 X193.949 Y152.599 E5.77871
G1 X193.949 Y154.107 E5.85124
G1 X171.088 Y154.107 E6.95077
G1 X170.682 Y154.196 E6.97076
G1 X170.375 Y154.421 E6.98907
G1 X170.295 Y154.551 E6.99641
G1 X170.594 Y154.789 F7800
G1 F1500
G1 X170.548 Y154.863 E7.0006
G1 X170.512 Y155.121 E7.01313
G1 X170.592 Y155.368 E7.02562
G1 X171.117 Y156.242 E7.07466
G1 X168.023 Y156.242 E7.22347
G1 X168.548 Y155.368 E7.27251
G1 X168.624 Y155.152 E7.28352
G1 X168.592 Y154.863 E7.2975
G1 X168.48 Y154.681 E7.30778
G1 X168.296 Y154.546 E7.31876
G1 X168.052 Y154.492 E7.33078
G1 X144.806 Y154.492 E8.44883
G1 X144.806 Y152.213 E8.55844
G1 X194.334 Y152.213 E10.94056
G1 X194.334 Y154.492 E11.05017
G1 X171.088 Y154.492 E12.16822
G1 X170.844 Y154.546 E12.18024
G1 X170.66 Y154.681 E12.19122
G1 X170.625 Y154.738 E12.19444
G1 X170.932 Y154.976 F7800
;TYPE:External perimeter
G1 F1500
G1 X170.908 Y155.001 E12.19611
G1 X170.923 Y155.17 E12.20427
G1 X171.798 Y156.628 E12.28605
G1 X167.342 Y156.628 E12.50037
G1 X168.249 Y155.117 E12.58513
G1 X168.194 Y154.941 E12.594
G1 X168.052 Y154.878 E12.60147
G1 X144.42 Y154.878 E13.73809
G1 X144.42 Y151.828 E13.88478
G1 X194.72 Y151.828 E16.30404
G1 X194.72 Y154.878 E16.45073
G1 X171.024 Y154.878 E17.59043
G1 X170.973 Y154.932 E17.594
G1 X171.023 Y155.329 F7800
G1 X171.092 Y153.817
;TYPE:Solid infill
G1 F1200
G1 X170.603 Y153.92 E17.61804
G1 X170.191 Y154.203 E17.64208
G1 X169.937 Y154.588 E17.66426
;WIDTH:0.491604
G1 X169.869 Y154.859 E17.67915
;WIDTH:0.533209
G1 X169.802 Y155.13 E17.69547
;WIDTH:0.543463
G1 X169.899 Y155.521 E17.71954
G1 X169.248 Y155.521 E17.75844
G1 X169.338 Y155.183 E17.77934
;WIDTH:0.530416
G1 X169.284 Y154.923 E17.79478
;WIDTH:0.490208
G1 X169.23 Y154.662 E17.80894
;WIDTH:0.45
G1 X168.978 Y154.228 E17.83308
G1 X168.54 Y153.923 E17.85875
G1 X168.041 Y153.817 E17.88329
G1 X145.48 Y153.817 E18.9684
G1 X145.48 Y152.888 E19.01308
G1 X193.66 Y152.888 E21.33037
G1 X193.66 Y153.817 E21.37505
G1 X171.285 Y153.817 E22.45121
G1 X169.624 Y153.675 F7800
;WIDTH:0.509649
G1 F1200
G1 X169.584 Y153.635 E22.45435
G1 X169.531 Y153.65 E22.45741
G1 X169.516 Y153.704 E22.46052
G1 X169.556 Y153.743 E22.46362
G1 X169.609 Y153.729 E22.46666
G1 X168.185 Y153.361 F7800
;WIDTH:0.623543
G1 F1200
G1 X168.041 Y153.353 E22.47672
;WIDTH:0.607879
G1 X145.945 Y153.353 E23.97456
G1 E21.97456 F2400
G92 E0
G1 X170.762 Y153.33 F7800
G1 E2 F2400
;WIDTH:0.548958
G1 F1200
G1 X170.627 Y153.302 E2.00833
;WIDTH:0.499479
G1 X170.491 Y153.274 E2.01587
;WIDTH:0.45
G1 X168.653 Y153.274 E2.10427
;WIDTH:0.493385
G1 X168.536 Y153.295 E2.11063
;WIDTH:0.536771
G1 X168.419 Y153.317 E2.11764
;WIDTH:0.580157
G1 X168.302 Y153.339 E2.1253
;WIDTH:0.623543
G1 X168.185 Y153.361 E2.1336
G1 X168.349 Y153.432 E2.14606
;WIDTH:0.580157
G1 X168.513 Y153.503 E2.15756
;WIDTH:0.536771
G1 X168.677 Y153.574 E2.16809
;WIDTH:0.493385
G1 X168.841 Y153.645 E2.17765
;WIDTH:0.45
G1 X169.263 Y153.969 E2.20324
G1 X169.531 Y154.386 E2.22708
G1 X169.57 Y154.492 E2.23251
G1 X169.813 Y154.055 E2.25656
G1 X169.963 Y153.892 E2.26721
G1 X170.302 Y153.642 E2.28747
;WIDTH:0.488956
G1 X170.465 Y153.574 E2.29682
;WIDTH:0.527912
G1 X170.627 Y153.506 E2.30698
;WIDTH:0.566868
G1 X170.789 Y153.437 E2.31802
;WIDTH:0.605824
G1 X170.951 Y153.369 E2.32988
;WIDTH:0.617845
G1 X171.092 Y153.353 E2.33968
;WIDTH:0.607879
G1 X193.195 Y153.353 E3.838
G1 E1.838 F2400
G92 E0
G1 X190.619 Y53.212 F7800
G1 E2 F2400
;TYPE:Perimeter
;WIDTH:0.45
G1 F1200
G1 X191.345 Y51.645 E2.08306
G1 X192.248 Y48.205 E2.25412
G1 X193.949 Y48.205 E2.33593
G1 X193.949 Y53.212 E2.57675
G1 X190.679 Y53.212 E2.73403
G1 X190.016 Y53.598 F7800
G1 F1200
G1 X190.98 Y51.514 E2.84447
G1 X191.951 Y47.819 E3.02822
G1 X194.334 Y47.819 E3.14283
G1 X194.334 Y53.598 E3.42078
G1 X190.076 Y53.598 E3.62558
G1 X189.412 Y53.983 F7800
;TYPE:External perimeter
G1 F1200
G1 X190.616 Y51.383 E3.76339
G1 X191.629 Y47.528 E3.9551
;TYPE:Overhang perimeter
;WIDTH:0.4
;HEIGHT:0.4
M106 S255
G1 X191.654 Y47.433 E3.96023
G1 X194.72 Y47.433 E4.12041
G1 X194.72 Y47.528 E4.12537
M106 S173.4
;TYPE:External perimeter
;WIDTH:0.45
;HEIGHT:0.3
G1 X194.72 Y53.983 E4.43583
G1 X189.472 Y53.983 E4.68824
G1 X189.586 Y53.6 F7800
G1 E2.68824 F2400
G92 E0
G1 X193.467 Y48.494 F7800
G1 E2 F2400
;TYPE:Solid infill
G1 F1200
G1 X192.471 Y48.494 E2.0479
G1 X191.618 Y51.743 E2.20946
G1 X191.072 Y52.923 E2.272
G1 X193.66 Y52.923 E2.39647
G1 X193.66 Y48.494 E2.60949
G1 X193.274 Y48.879 E2.63571
G1 X193.274 Y52.537 E2.81165
G1 X191.675 Y52.537 E2.88856
G1 X192.019 Y51.734 E2.93058
G1 X192.769 Y48.879 E3.07255
G1 X193.081 Y48.879 E3.08756
G1 X192.858 Y50.174 F7800
;WIDTH:0.509945
G1 F1200
G1 X192.858 Y52.122 E3.19582
G1 X192.342 Y52.122 E3.2245
G1 X192.809 Y50.361 E3.32575
G1 E1.32575 F2400
G92 E0
G1 X145.191 Y53.212 F7800
G1 E2 F2400
;TYPE:Perimeter
;WIDTH:0.45
G1 F1200
G1 X145.191 Y48.205 E2.24082
G1 X146.892 Y48.205 E2.32263
G1 X147.795 Y51.645 E2.49369
G1 X148.521 Y53.212 E2.57675
G1 X145.251 Y53.212 E2.73403
G1 X144.806 Y53.598 F7800
G1 F1200
G1 X144.806 Y47.819 E3.01198
G1 X147.189 Y47.819 E3.12659
G1 X148.16 Y51.514 E3.31034
G1 X149.124 Y53.598 E3.42078
G1 X144.866 Y53.598 E3.62558
G1 X144.42 Y53.983 F7800
;TYPE:External perimeter
G1 F1200
G1 X144.42 Y47.528 E3.93604
;TYPE:Overhang perimeter
;WIDTH:0.4
;HEIGHT:0.4
M106 S255
G1 X144.42 Y47.433 E3.941
G1 X147.486 Y47.433 E4.10118
G1 X147.511 Y47.528 E4.10631
M106 S173.4
;TYPE:External perimeter
;WIDTH:0.45
;HEIGHT:0.3
G1 X148.524 Y51.383 E4.29802
G1 X149.728 Y53.983 E4.43583
G1 X144.48 Y53.983 E4.68824
G1 X144.421 Y53.588 F7800
G1 E2.68824 F2400
G92 E0
G1 X145.48 Y48.494 F7800
G1 E2 F2400
;TYPE:Solid infill
G1 F1200
G1 X146.669 Y48.494 E2.05719
G1 X147.522 Y51.743 E2.21875
G1 X148.068 Y52.923 E2.28129
G1 X145.48 Y52.923 E2.40576
G1 X145.48 Y48.687 E2.6095
G1 X145.866 Y48.879 E2.63024
G1 X146.371 Y48.879 E2.65453
G1 X147.158 Y51.874 E2.80347
G1 X147.465 Y52.537 E2.83861
G1 X145.866 Y52.537 E2.91552
G1 X145.866 Y49.072 E3.08217
G1 X146.282 Y50.174 F7800
;WIDTH:0.509945
G1 F1200
G1 X146.793 Y52.122 E3.19409
G1 X146.282 Y52.122 E3.22249
G1 X146.282 Y50.367 E3.32002
M106 S175.95
;LAYER_CHANGE
;Z:9.95
;HEIGHT:0.3
G1 E1.32002 F2400
G92 E0
G1 Z9.95 F7800
;AFTER_LAYER_CHANGE
;9.95
G1 X170.264 Y154.602
G1 E2 F2400
;TYPE:Perimeter
;WIDTH:0.45
G1 F1500
G1 X170.188 Y154.725 E2.00695
G1 X170.128 Y155.155 E2.02783
G1 X170.261 Y155.567 E2.04865
G1 X170.435 Y155.857 E2.06492
G1 X168.705 Y155.857 E2.14813
G1 X168.879 Y155.567 E2.1644
G1 X169.006 Y155.207 E2.18276
G1 X168.952 Y154.725 E2.20609
G1 X168.765 Y154.421 E2.22326
G1 X168.458 Y154.196 E2.24157
G1 X168.052 Y154.107 E2.26156
G1 X145.191 Y154.107 E3.36109
G1 X145.191 Y152.599 E3.43362
G1 X193.949 Y152.599 E5.77871
G1 X193.949 Y154.107 E5.85124
G1 X171.088 Y154.107 E6.95077
G1 X170.682 Y154.196 E6.97076
G1 X170.375 Y154.421 E6.98907
G1 X170.295 Y154.551 E6.99641
G1 X170.594 Y154.789 F7800
G1 F1500
G1 X170.548 Y154.863 E7.0006
G1 X170.512 Y155.121 E7.01313
G1 X170.592 Y155.368 E7.02562
G1 X171.117 Y156.242 E7.07466
G1 X168.023 Y156.242 E7.22347
G1 X168.548 Y155.368 E7.27251
G1 X168.624 Y155.152 E7.28352
G1 X168.592 Y154.863 E7.2975
G1 X168.48 Y154.681 E7.30778
G1 X168.296 Y154.546 E7.31876
G1 X168.052 Y154.492 E7.33078
G1 X144.806 Y154.492 E8.44883
G1 X144.806 Y152.213 E8.55844
G1 X194.334 Y152.213 E10.94056
G1 X194.334 Y154.492 E11.05017
G1 X171.088 Y154.492 E12.16822
G1 X170.844 Y154.546 E12.18024
G1 X170.66 Y154.681 E12.19122
G1 X170.625 Y154.738 E12.19444
G1 X170.932 Y154.976 F7800
;TYPE:External perimeter
G1 F1500
G1 X170.908 Y155.001 E12.19611
G1 X170.923 Y155.17 E12.20427
G1 X171.798 Y156.628 E12.28605
G1 X167.342 Y156.628 E12.50037
G1 X168.249 Y155.117 E12.58513
G1 X168.194 Y154.941 E12.594
G1 X168.052 Y154.878 E12.60147
G1 X144.42 Y154.878 E13.73809
G1 X144.42 Y151.828 E13.88478
G1 X194.72 Y151.828 E16.30404
G1 X194.72 Y154.878 E16.45073
G1 X171.024 Y154.878 E17.59043
G1 X170.973 Y154.932 E17.594
G1 X171.023 Y155.329 F7800
G1 E15.594 F2400
G92 E0
G1 X145.48 Y153.817 F7800
G1 E2 F2400
;TYPE:Solid infill
G1 F1200
G1 X145.48 Y152.888 E2.04468
G1 X193.66 Y152.888 E4.36197
G1 X193.66 Y153.817 E4.40665
G1 X171.092 Y153.817 E5.49209
G1 X170.603 Y153.92 E5.51613
G1 X170.191 Y154.203 E5.54017
G1 X169.937 Y154.588 E5.56235
;WIDTH:0.491604
G1 X169.869 Y154.859 E5.57724
;WIDTH:0.533208
G1 X169.802 Y155.13 E5.59356
;WIDTH:0.543464
G1 X169.899 Y155.521 E5.61763
G1 X169.248 Y155.521 E5.65653
G1 X169.338 Y155.183 E5.67743
;WIDTH:0.530416
G1 X169.284 Y154.923 E5.69287
;WIDTH:0.490208
G1 X169.23 Y154.662 E5.70703
;WIDTH:0.45
G1 X168.978 Y154.228 E5.73117
G1 X168.54 Y153.923 E5.75684
G1 X168.041 Y153.817 E5.78138
G1 X145.673 Y153.817 E6.8572
G1 X145.945 Y153.353 E6.88307
;WIDTH:0.607882
G1 X168.041 Y153.353 E8.38093
;WIDTH:0.623545
G1 X168.185 Y153.361 E8.39099
G1 X169.556 Y153.635 F7800
;WIDTH:0.509649
G1 F1200
G1 X169.516 Y153.675 E8.39413
G1 X169.531 Y153.729 E8.39724
G1 X169.584 Y153.743 E8.40028
G1 X169.624 Y153.704 E8.40338
G1 X169.609 Y153.65 E8.40649
G1 X170.762 Y153.33 F7800
;WIDTH:0.548958
G1 F1200
G1 X170.627 Y153.302 E8.41482
;WIDTH:0.499479
G1 X170.491 Y153.274 E8.42236
;WIDTH:0.45
G1 X168.653 Y153.274 E8.51076
;WIDTH:0.493386
G1 X168.536 Y153.295 E8.51712
;WIDTH:0.536772
G1 X168.419 Y153.317 E8.52413
;WIDTH:0.580158
G1 X168.302 Y153.339 E8.53179
;WIDTH:0.623545
G1 X168.185 Y153.361 E8.54009
G1 X168.349 Y153.432 E8.55255
;WIDTH:0.580158
G1 X168.513 Y153.503 E8.56405
;WIDTH:0.536772
G1 X168.677 Y153.574 E8.57458
;WIDTH:0.493386
G1 X168.841 Y153.645 E8.58414
;WIDTH:0.45
G1 X169.263 Y153.969 E8.60973
G1 X169.531 Y154.386 E8.63357
G1 X169.57 Y154.492 E8.639
G1 X169.813 Y154.055 E8.66305
G1 X169.963 Y153.892 E8.6737
G1 X170.302 Y153.642 E8.69396
;WIDTH:0.488956
G1 X170.465 Y153.574 E8.70331
;WIDTH:0.527912
G1 X170.627 Y153.506 E8.71347
;WIDTH:0.566868
G1 X170.789 Y153.437 E8.72451
;WIDTH:0.605824
G1 X170.951 Y153.369 E8.73637
;WIDTH:0.617845
G1 X171.092 Y153.353 E8.74617
;WIDTH:0.607879
G1 X193.195 Y153.353 E10.24449
G1 E8.24449 F2400
G92 E0
G1 X190.94 Y52.692 F7800
G1 E2 F2400
;TYPE:Perimeter
;WIDTH:0.45
G1 F1200
G1 X191.366 Y51.735 E2.05038
G1 X192.396 Y47.817 E2.24523
G1 X193.949 Y47.817 E2.31992
G1 X193.949 Y52.692 E2.55439
G1 X191 Y52.692 E2.69623
G1 X190.336 Y53.078 F7800
G1 F1200
G1 X190.98 Y51.687 E2.76995
G1 X192.098 Y47.431 E2.98159
G1 X194.334 Y47.431 E3.08913
G1 X194.334 Y53.078 E3.36073
G1 X190.396 Y53.078 E3.55013
G1 X189.733 Y53.464 F7800
;TYPE:External perimeter
G1 F1200
G1 X190.616 Y51.556 E3.65125
G1 X191.801 Y47.045 E3.87557
G1 X194.72 Y47.045 E4.01596
G1 X194.72 Y53.464 E4.32469
G1 X189.793 Y53.464 E4.56166
G1 X189.907 Y53.08 F7800
G1 E2.56166 F2400
G92 E0
G1 X191.647 Y51.805 F7800
G1 E2 F2400
;TYPE:Solid infill
G1 F1200
G1 X192.619 Y48.106 E2.18395
G1 X193.66 Y48.106 E2.23402
G1 X193.66 Y52.403 E2.44069
G1 X191.392 Y52.403 E2.54977
G1 X191.572 Y51.982 E2.57179
G1 X192.02 Y51.903 E2.59367
G1 X192.916 Y48.491 E2.76334
G1 X193.274 Y48.491 E2.78056
G1 X193.274 Y52.018 E2.9502
G1 X192.052 Y52.018 E3.00897
G1 X192.477 Y51.642 E3.03626
;WIDTH:0.430686
G1 X192.898 Y50.04 E3.11194
G1 X192.898 Y51.642 E3.18513
G1 X192.67 Y51.642 E3.19555
G1 E1.19555 F2400
G92 E0
G1 X145.191 Y52.692 F7800
G1 E2 F2400
;TYPE:Perimeter
;WIDTH:0.45
G1 F1200
G1 X145.191 Y47.817 E2.23447
G1 X146.744 Y47.817 E2.30916
G1 X147.831 Y51.895 E2.51215
G1 X148.2 Y52.692 E2.55439
G1 X145.251 Y52.692 E2.69623
G1 X144.806 Y53.078 F7800
G1 F1200
G1 X144.806 Y47.431 E2.96783
G1 X147.042 Y47.431 E3.07537
G1 X148.181 Y51.733 E3.28941
G1 X148.804 Y53.078 E3.3607
G1 X144.866 Y53.078 E3.5501
G1 X144.42 Y53.464 F7800
;TYPE:External perimeter
G1 F1200
G1 X144.42 Y47.045 E3.85883
G1 X147.339 Y47.045 E3.99922
G1 X148.531 Y51.571 E4.22433
G1 X149.407 Y53.464 E4.32465
G1 X144.48 Y53.464 E4.56162
G1 X144.421 Y53.068 F7800
G1 X145.48 Y52.403
;TYPE:Solid infill
G1 F1200
G1 X145.48 Y48.106 E4.76829
G1 X146.521 Y48.106 E4.81836
G1 X147.503 Y51.833 E5.00373
G1 X147.753 Y52.403 E5.03367
G1 X145.673 Y52.403 E5.13371
G1 X145.866 Y52.018 E5.15442
G1 X145.866 Y48.491 E5.32406
G1 X146.224 Y48.491 E5.34128
G1 X147.163 Y52.018 E5.51683
G1 X146.059 Y52.018 E5.56993
G1 X146.242 Y50.233 F7800
;WIDTH:0.430687
G1 F1200
G1 X146.242 Y51.642 E5.6343
G1 X146.663 Y51.642 E5.65353
G1 X146.242 Y50.04 E5.72921
M106 S178.5
;LAYER_CHANGE
;Z:10.25
;HEIGHT:0.3
G1 E3.72921 F2400
G92 E0
G1 Z10.25 F7800
;AFTER_LAYER_CHANGE
;10.25
G1 X170.264 Y154.602
G1 E2 F2400
;TYPE:Perimeter
;WIDTH:0.45
G1 F1500
G1 X170.188 Y154.725 E2.00695
G1 X170.128 Y155.155 E2.02783
G1 X170.261 Y155.567 E2.04865
G1 X170.435 Y155.857 E2.06492
G1 X168.705 Y155.857 E2.14813
G1 X168.879 Y155.567 E2.1644
G1 X169.006 Y155.207 E2.18276
G1 X168.952 Y154.725 E2.20609
G1 X168.765 Y154.421 E2.22326
G1 X168.458 Y154.196 E2.24157
G1 X168.052 Y154.107 E2.26156
G1 X145.191 Y154.107 E3.36109
G1 X145.191 Y152.599 E3.43362
G1 X193.949 Y152.599 E5.77871
G1 X193.949 Y154.107 E5.85124
G1 X171.088 Y154.107 E6.95077
G1 X170.682 Y154.196 E6.97076
G1 X170.375 Y154.421 E6.98907
G1 X170.295 Y154.551 E6.99641
G1 X170.594 Y154.789 F7800
G1 F1500
G1 X170.548 Y154.863 E7.0006
G1 X170.512 Y155.121 E7.01313
G1 X170.592 Y155.368 E7.02562
G1 X171.117 Y156.242 E7.07466
G1 X168.023 Y156.242 E7.22347
G1 X168.548 Y155.368 E7.27251
G1 X168.624 Y155.152 E7.28352
G1 X168.592 Y154.863 E7.2975
G1 X168.48 Y154.681 E7.30778
G1 X168.296 Y154.546 E7.31876
G1 X168.052 Y154.492 E7.33078
G1 X144.806 Y154.492 E8.44883
G1 X144.806 Y152.213 E8.55844
G1 X194.334 Y152.213 E10.94056
G1 X194.334 Y154.492 E11.05017
G1 X171.088 Y154.492 E12.16822
G1 X170.844 Y154.546 E12.18024
G1 X170.66 Y154.681 E12.19122
G1 X170.625 Y154.738 E12.19444
G1 X170.932 Y154.976 F7800
;TYPE:External perimeter
G1 F1500
G1 X170.908 Y155.001 E12.19611
G1 X170.923 Y155.17 E12.20427
G1 X171.798 Y156.628 E12.28605
G1 X167.342 Y156.628 E12.50037
G1 X168.249 Y155.117 E12.58513
G1 X168.194 Y154.941 E12.594
G1 X168.052 Y154.878 E12.60147
G1 X144.42 Y154.878 E13.73809
G1 X144.42 Y151.828 E13.88478
G1 X194.72 Y151.828 E16.30404
G1 X194.72 Y154.878 E16.45073
G1 X171.024 Y154.878 E17.59043
G1 X170.973 Y154.932 E17.594
G1 X171.023 Y155.329 F7800
G1 X171.092 Y153.817
;TYPE:Solid infill
G1 F1200
G1 X170.603 Y153.92 E17.61804
G1 X170.191 Y154.203 E17.64208
G1 X169.937 Y154.588 E17.66426
;WIDTH:0.491604
G1 X169.869 Y154.859 E17.67915
;WIDTH:0.533209
G1 X169.802 Y155.13 E17.69547
;WIDTH:0.543463
G1 X169.899 Y155.521 E17.71954
G1 X169.248 Y155.521 E17.75844
G1 X169.338 Y155.183 E17.77934
;WIDTH:0.530416
G1 X169.284 Y154.923 E17.79478
;WIDTH:0.490208
G1 X169.23 Y154.662 E17.80894
;WIDTH:0.45
G1 X168.978 Y154.228 E17.83308
G1 X168.54 Y153.923 E17.85875
G1 X168.041 Y153.817 E17.88329
G1 X145.48 Y153.817 E18.9684
G1 X145.48 Y152.888 E19.01308
G1 X193.66 Y152.888 E21.33037
G1 X193.66 Y153.817 E21.37505
G1 X171.285 Y153.817 E22.45121
G1 X169.624 Y153.675 F7800
;WIDTH:0.509649
G1 F1200
G1 X169.584 Y153.635 E22.45435
G1 X169.531 Y153.65 E22.45741
G1 X169.516 Y153.704 E22.46052
G1 X169.556 Y153.743 E22.46362
G1 X169.609 Y153.729 E22.46666
G1 X168.185 Y153.361 F7800
;WIDTH:0.623543
G1 F1200
G1 X168.041 Y153.353 E22.47672
;WIDTH:0.607879
G1 X145.945 Y153.353 E23.97456
G1 E21.97456 F2400
G92 E0
G1 X170.762 Y153.33 F7800
G1 E2 F2400
;WIDTH:0.548958
G1 F1200
G1 X170.627 Y153.302 E2.00833
;WIDTH:0.499479
G1 X170.491 Y153.274 E2.01587
;WIDTH:0.45
G1 X168.653 Y153.274 E2.10427
;WIDTH:0.493385
G1 X168.536 Y153.295 E2.11063
;WIDTH:0.536771
G1 X168.419 Y153.317 E2.11764
;WIDTH:0.580157
G1 X168.302 Y153.339 E2.1253
;WIDTH:0.623543
G1 X168.185 Y153.361 E2.1336
G1 X168.349 Y153.432 E2.14606
;WIDTH:0.580157
G1 X168.513 Y153.503 E2.15756
;WIDTH:0.536771
G1 X168.677 Y153.574 E2.16809
;WIDTH:0.493385
G1 X168.841 Y153.645 E2.17765
;WIDTH:0.45
G1 X169.263 Y153.969 E2.20324
G1 X169.531 Y154.386 E2.22708
G1 X169.57 Y154.492 E2.23251
G1 X169.813 Y154.055 E2.25656
G1 X169.963 Y153.892 E2.26721
G1 X170.302 Y153.642 E2.28747
;WIDTH:0.488956
G1 X170.465 Y153.574 E2.29682
;WIDTH:0.527912
G1 X170.627 Y153.506 E2.30698
;WIDTH:0.566868
G1 X170.789 Y153.437 E2.31802
;WIDTH:0.605824
G1 X170.951 Y153.369 E2.32988
;WIDTH:0.617845
G1 X171.092 Y153.353 E2.33968
;WIDTH:0.607879
G1 X193.195 Y153.353 E3.838
G1 E1.838 F2400
G92 E0
G1 X191.26 Y52.173 F7800
G1 E2 F2400
;TYPE:Perimeter
;WIDTH:0.45
G1 F1200
G1 X191.366 Y51.908 E2.01373
G1 X192.396 Y47.99 E2.20858
G1 X193.949 Y47.99 E2.28327
G1 X193.949 Y52.173 E2.48446
G1 X191.32 Y52.173 E2.61091
G1 X190.657 Y52.558 F7800
G1 F1200
G1 X190.993 Y51.81 E2.65035
G1 X192.098 Y47.604 E2.85951
G1 X194.334 Y47.604 E2.96705
G1 X194.334 Y52.558 E3.20532
G1 X190.717 Y52.558 E3.37929
G1 X190.054 Y52.944 F7800
;TYPE:External perimeter
G1 F1200
G1 X190.616 Y51.729 E3.44368
G1 X191.801 Y47.218 E3.668
G1 X194.72 Y47.218 E3.80839
G1 X194.72 Y52.944 E4.08379
G1 X190.114 Y52.944 E4.30532
G1 X190.228 Y52.561 F7800
G1 E2.30532 F2400
G92 E0
G1 X193.467 Y48.279 F7800
G1 E2 F2400
;TYPE:Solid infill
G1 F1200
G1 X192.619 Y48.279 E2.04079
G1 X191.67 Y51.884 E2.22009
G1 X193.66 Y51.884 E2.3158
G1 X193.66 Y48.279 E2.48919
G1 X193.274 Y48.665 E2.51545
G1 X193.274 Y51.498 E2.65171
G1 X192.17 Y51.498 E2.70481
G1 X192.916 Y48.665 E2.84571
G1 X193.081 Y48.665 E2.85365
G1 E.85365 F2400
G92 E0
G1 X192.863 Y50.999 F7800
G1 E2 F2400
;WIDTH:0.639789
G1 F1200
G1 X192.812 Y50.948 E2.00518
G1 X192.743 Y50.967 E2.01032
G1 X192.724 Y51.036 E2.01546
G1 X192.775 Y51.087 E2.02064
G1 X192.844 Y51.068 E2.02578
G1 E.02578 F2400
G92 E0
G1 X145.191 Y52.173 F7800
G1 E2 F2400
;TYPE:Perimeter
;WIDTH:0.45
G1 F1200
G1 X145.191 Y47.99 E2.20119
G1 X146.744 Y47.99 E2.27588
G1 X147.774 Y51.908 E2.47073
G1 X147.88 Y52.173 E2.48446
G1 X145.251 Y52.173 E2.61091
G1 X144.806 Y52.558 F7800
G1 F1200
G1 X144.806 Y47.604 E2.84918
G1 X147.042 Y47.604 E2.95672
G1 X148.16 Y51.86 E3.16836
G1 X148.483 Y52.558 E3.20535
G1 X144.866 Y52.558 E3.37932
G1 X144.42 Y52.944 F7800
;TYPE:External perimeter
G1 F1200
G1 X144.42 Y47.218 E3.65472
G1 X147.339 Y47.218 E3.79511
G1 X148.524 Y51.729 E4.01943
G1 X149.086 Y52.944 E4.08382
G1 X144.48 Y52.944 E4.30535
G1 X144.421 Y52.548 F7800
G1 E2.30535 F2400
G92 E0
G1 X145.48 Y48.279 F7800
G1 E2 F2400
;TYPE:Solid infill
G1 F1200
G1 X146.521 Y48.279 E2.05007
G1 X147.47 Y51.884 E2.22937
G1 X145.48 Y51.884 E2.32508
G1 X145.48 Y48.472 E2.48919
G1 X145.866 Y48.665 E2.50995
G1 X146.224 Y48.665 E2.52717
G1 X146.97 Y51.498 E2.66807
G1 X145.866 Y51.498 E2.72117
G1 X145.866 Y48.857 E2.84819
G1 E.84819 F2400
G92 E0
G1 X146.416 Y50.999 F7800
G1 E2 F2400
;WIDTH:0.639807
G1 F1200
G1 X146.365 Y50.948 E2.00518
G1 X146.296 Y50.967 E2.01032
G1 X146.277 Y51.036 E2.01546
G1 X146.328 Y51.087 E2.02064
G1 X146.397 Y51.068 E2.02578
M106 S181.05
;LAYER_CHANGE
;Z:10.55
;HEIGHT:0.3
G1 E.02578 F2400
G92 E0
G1 Z10.55 F7800
;AFTER_LAYER_CHANGE
;10.55
G1 X170.264 Y154.602
G1 E2 F2400
;TYPE:Perimeter
;WIDTH:0.45
G1 F1500
G1 X170.188 Y154.725 E2.00695
G1 X170.128 Y155.155 E2.02783
G1 X170.261 Y155.567 E2.04865
G1 X170.435 Y155.857 E2.06492
G1 X168.705 Y155.857 E2.14813
G1 X168.879 Y155.567 E2.1644
G1 X169.006 Y155.207 E2.18276
G1 X168.952 Y154.725 E2.20609
G1 X168.765 Y154.421 E2.22326
G1 X168.458 Y154.196 E2.24157
G1 X168.052 Y154.107 E2.26156
G1 X145.191 Y154.107 E3.36109
G1 X145.191 Y152.599 E3.43362
G1 X193.949 Y152.599 E5.77871
G1 X193.949 Y154.107 E5.85124
G1 X171.088 Y154.107 E6.95077
G1 X170.682 Y154.196 E6.97076
G1 X170.375 Y154.421 E6.98907
G1 X170.295 Y154.551 E6.99641
G1 X170.594 Y154.789 F7800
G1 F1500
G1 X170.548 Y154.863 E7.0006
G1 X170.512 Y155.121 E7.01313
G1 X170.592 Y155.368 E7.02562
G1 X171.117 Y156.242 E7.07466
G1 X168.023 Y156.242 E7.22347
G1 X168.548 Y155.368 E7.27251
G1 X168.624 Y155.152 E7.28352
G1 X168.592 Y154.863 E7.2975
G1 X168.48 Y154.681 E7.30778
G1 X168.296 Y154.546 E7.31876
G1 X168.052 Y154.492 E7.33078
G1 X144.806 Y154.492 E8.44883
G1 X144.806 Y152.213 E8.55844
G1 X194.334 Y152.213 E10.94056
G1 X194.334 Y154.492 E11.05017
G1 X171.088 Y154.492 E12.16822
G1 X170.844 Y154.546 E12.18024
G1 X170.66 Y154.681 E12.19122
G1 X170.625 Y154.738 E12.19444
G1 X170.932 Y154.976 F7800
;TYPE:External perimeter
G1 F1500
G1 X170.908 Y155.001 E12.19611
G1 X170.923 Y155.17 E12.20427
G1 X171.798 Y156.628 E12.28605
G1 X167.342 Y156.628 E12.50037
G1 X168.249 Y155.117 E12.58513
G1 X168.194 Y154.941 E12.594
G1 X168.052 Y154.878 E12.60147
G1 X144.42 Y154.878 E13.73809
G1 X144.42 Y151.828 E13.88478
G1 X194.72 Y151.828 E16.30404
G1 X194.72 Y154.878 E16.45073
G1 X171.024 Y154.878 E17.59043
G1 X170.973 Y154.932 E17.594
G1 X171.023 Y155.329 F7800
G1 E15.594 F2400
G92 E0
G1 X145.48 Y153.817 F7800
G1 E2 F2400
;TYPE:Solid infill
G1 F1200
G1 X145.48 Y152.888 E2.04468
G1 X193.66 Y152.888 E4.36197
G1 X193.66 Y153.817 E4.40665
G1 X171.092 Y153.817 E5.49209
G1 X170.603 Y153.92 E5.51613
G1 X170.191 Y154.203 E5.54017
G1 X169.937 Y154.588 E5.56235
;WIDTH:0.491604
G1 X169.869 Y154.859 E5.57724
;WIDTH:0.533208
G1 X169.802 Y155.13 E5.59356
;WIDTH:0.543464
G1 X169.899 Y155.521 E5.61763
G1 X169.248 Y155.521 E5.65653
G1 X169.338 Y155.183 E5.67743
;WIDTH:0.530416
G1 X169.284 Y154.923 E5.69287
;WIDTH:0.490208
G1 X169.23 Y154.662 E5.70703
;WIDTH:0.45
G1 X168.978 Y154.228 E5.73117
G1 X168.54 Y153.923 E5.75684
G1 X168.041 Y153.817 E5.78138
G1 X145.673 Y153.817 E6.8572
G1 X145.945 Y153.353 E6.88307
;WIDTH:0.607882
G1 X168.041 Y153.353 E8.38093
;WIDTH:0.623545
G1 X168.185 Y153.361 E8.39099
G1 X169.556 Y153.635 F7800
;WIDTH:0.509649
G1 F1200
G1 X169.516 Y153.675 E8.39413
G1 X169.531 Y153.729 E8.39724
G1 X169.584 Y153.743 E8.40028
G1 X169.624 Y153.704 E8.40338
G1 X169.609 Y153.65 E8.40649
G1 X170.762 Y153.33 F7800
;WIDTH:0.548958
G1 F1200
G1 X170.627 Y153.302 E8.41482
;WIDTH:0.499479
G1 X170.491 Y153.274 E8.42236
;WIDTH:0.45
G1 X168.653 Y153.274 E8.51076
;WIDTH:0.493386
G1 X168.536 Y153.295 E8.51712
;WIDTH:0.536772
G1 X168.419 Y153.317 E8.52413
;WIDTH:0.580158
G1 X168.302 Y153.339 E8.53179
;WIDTH:0.623545
G1 X168.185 Y153.361 E8.54009
G1 X168.349 Y153.432 E8.55255
;WIDTH:0.580158
G1 X168.513 Y153.503 E8.56405
;WIDTH:0.536772
G1 X168.677 Y153.574 E8.57458
;WIDTH:0.493386
G1 X168.841 Y153.645 E8.58414
;WIDTH:0.45
G1 X169.263 Y153.969 E8.60973
G1 X169.531 Y154.386 E8.63357
G1 X169.57 Y154.492 E8.639
G1 X169.813 Y154.055 E8.66305
G1 X169.963 Y153.892 E8.6737
G1 X170.302 Y153.642 E8.69396
;WIDTH:0.488956
G1 X170.465 Y153.574 E8.70331
;WIDTH:0.527912
G1 X170.627 Y153.506 E8.71347
;WIDTH:0.566868
G1 X170.789 Y153.437 E8.72451
;WIDTH:0.605824
G1 X170.951 Y153.369 E8.73637
;WIDTH:0.617845
G1 X171.092 Y153.353 E8.74617
;WIDTH:0.607879
G1 X193.195 Y153.353 E10.24449
G1 E8.24449 F2400
G92 E0
G1 X191.509 Y51.653 F7800
G1 E2 F2400
;TYPE:Perimeter
;WIDTH:0.45
G1 F1200
G1 X191.479 Y51.653 E2.00144
G1 X192.396 Y48.163 E2.17499
G1 X193.949 Y48.163 E2.24968
G1 X193.949 Y51.653 E2.41754
G1 X191.569 Y51.653 E2.53201
G1 X190.974 Y52.039 F7800
G1 F1200
G1 X192.098 Y47.777 E2.74401
G1 X194.334 Y47.777 E2.85155
G1 X194.334 Y52.039 E3.05654
G1 X191.034 Y52.039 E3.21526
G1 X190.374 Y52.424 F7800
;TYPE:External perimeter
G1 F1200
G1 X190.62 Y51.886 E3.24371
G1 X191.801 Y47.392 E3.46719
G1 X194.72 Y47.392 E3.60758
G1 X194.72 Y52.424 E3.8496
G1 X190.434 Y52.424 E4.05574
G1 X190.546 Y52.04 F7800
G1 X191.854 Y51.364
;TYPE:Solid infill
G1 F1200
G1 X192.619 Y48.452 E4.20055
G1 X193.66 Y48.452 E4.25062
G1 X193.66 Y51.364 E4.39068
G1 X192.047 Y51.364 E4.46826
G1 X192.354 Y50.978 E4.49198
G1 X192.916 Y48.838 E4.5984
G1 X193.274 Y48.838 E4.61562
G1 X193.274 Y50.978 E4.71855
G1 X192.547 Y50.978 E4.75352
G1 X192.86 Y50.528 E4.77988
;WIDTH:0.479993
G1 X192.823 Y50.564 E4.78256
G1 X192.837 Y50.614 E4.78525
G1 X192.887 Y50.628 E4.78794
G1 X192.924 Y50.591 E4.79065
G1 X192.91 Y50.541 E4.79334
G1 E2.79334 F2400
G92 E0
G1 X145.191 Y51.653 F7800
G1 E2 F2400
;TYPE:Perimeter
;WIDTH:0.45
G1 F1200
G1 X145.191 Y48.163 E2.16786
G1 X146.744 Y48.163 E2.24255
G1 X147.661 Y51.653 E2.4161
G1 X145.251 Y51.653 E2.53201
G1 X144.806 Y52.039 F7800
G1 F1200
G1 X144.806 Y47.777 E2.737
G1 X147.042 Y47.777 E2.84454
G1 X148.161 Y52.039 E3.05647
G1 X144.866 Y52.039 E3.21495
G1 X144.42 Y52.424 F7800
;TYPE:External perimeter
G1 F1200
G1 X144.42 Y47.392 E3.45697
G1 X147.339 Y47.392 E3.59736
G1 X148.524 Y51.902 E3.82164
G1 X148.766 Y52.424 E3.84931
G1 X144.48 Y52.424 E4.05545
G1 X144.421 Y52.029 F7800
G1 X145.48 Y51.364
;TYPE:Solid infill
G1 F1200
G1 X145.48 Y48.452 E4.19551
G1 X146.521 Y48.452 E4.24558
G1 X147.286 Y51.364 E4.39039
G1 X145.673 Y51.364 E4.46797
G1 X145.866 Y50.978 E4.48873
G1 X145.866 Y48.838 E4.59166
G1 X146.224 Y48.838 E4.60888
G1 X146.786 Y50.978 E4.7153
G1 X146.059 Y50.978 E4.75027
G1 X146.253 Y50.528 E4.77384
;WIDTH:0.479991
G1 X146.216 Y50.564 E4.77652
G1 X146.23 Y50.614 E4.77921
G1 X146.28 Y50.628 E4.7819
G1 X146.317 Y50.591 E4.78461
G1 X146.303 Y50.541 E4.7873
M106 S183.6
;LAYER_CHANGE
;Z:10.85
;HEIGHT:0.3
G1 E2.7873 F2400
G92 E0
G1 Z10.85 F7800
;AFTER_LAYER_CHANGE
;10.85
G1 X170.264 Y154.602
G1 E2 F2400
;TYPE:Perimeter
;WIDTH:0.45
G1 F1500
G1 X170.188 Y154.725 E2.00695
G1 X170.128 Y155.155 E2.02783
G1 X170.261 Y155.567 E2.04865
G1 X170.435 Y155.857 E2.06492
G1 X168.705 Y155.857 E2.14813
G1 X168.879 Y155.567 E2.1644
G1 X169.006 Y155.207 E2.18276
G1 X168.952 Y154.725 E2.20609
G1 X168.765 Y154.421 E2.22326
G1 X168.458 Y154.196 E2.24157
G1 X168.052 Y154.107 E2.26156
G1 X145.191 Y154.107 E3.36109
G1 X145.191 Y152.599 E3.43362
G1 X193.949 Y152.599 E5.77871
G1 X193.949 Y154.107 E5.85124
G1 X171.088 Y154.107 E6.95077
G1 X170.682 Y154.196 E6.97076
G1 X170.375 Y154.421 E6.98907
G1 X170.295 Y154.551 E6.99641
G1 X170.594 Y154.789 F7800
G1 F1500
G1 X170.548 Y154.863 E7.0006
G1 X170.512 Y155.121 E7.01313
G1 X170.592 Y155.368 E7.02562
G1 X171.117 Y156.242 E7.07466
G1 X168.023 Y156.242 E7.22347
G1 X168.548 Y155.368 E7.27251
G1 X168.624 Y155.152 E7.28352
G1 X168.592 Y154.863 E7.2975
G1 X168.48 Y154.681 E7.30778
G1 X168.296 Y154.546 E7.31876
G1 X168.052 Y154.492 E7.33078
G1 X144.806 Y154.492 E8.44883
G1 X144.806 Y152.213 E8.55844
G1 X194.334 Y152.213 E10.94056
G1 X194.334 Y154.492 E11.05017
G1 X171.088 Y154.492 E12.16822
G1 X170.844 Y154.546 E12.18024
G1 X170.66 Y154.681 E12.19122
G1 X170.625 Y154.738 E12.19444
G1 X170.932 Y154.976 F7800
;TYPE:External perimeter
G1 F1500
G1 X170.908 Y155.001 E12.19611
G1 X170.923 Y155.17 E12.20427
G1 X171.798 Y156.628 E12.28605
G1 X167.342 Y156.628 E12.50037
G1 X168.249 Y155.117 E12.58513
G1 X168.194 Y154.941 E12.594
G1 X168.052 Y154.878 E12.60147
G1 X144.42 Y154.878 E13.73809
G1 X144.42 Y151.828 E13.88478
G1 X194.72 Y151.828 E16.30404
G1 X194.72 Y154.878 E16.45073
G1 X171.024 Y154.878 E17.59043
G1 X170.973 Y154.932 E17.594
G1 X171.023 Y155.329 F7800
G1 X171.092 Y153.817
;TYPE:Solid infill
G1 F1200
G1 X170.603 Y153.92 E17.61804
G1 X170.191 Y154.203 E17.64208
G1 X169.937 Y154.588 E17.66426
;WIDTH:0.491604
G1 X169.869 Y154.859 E17.67915
;WIDTH:0.533209
G1 X169.802 Y155.13 E17.69547
;WIDTH:0.543463
G1 X169.899 Y155.521 E17.71954
G1 X169.248 Y155.521 E17.75844
G1 X169.338 Y155.183 E17.77934
;WIDTH:0.530416
G1 X169.284 Y154.923 E17.79478
;WIDTH:0.490208
G1 X169.23 Y154.662 E17.80894
;WIDTH:0.45
G1 X168.978 Y154.228 E17.83308
G1 X168.54 Y153.923 E17.85875
G1 X168.041 Y153.817 E17.88329
G1 X145.48 Y153.817 E18.9684
G1 X145.48 Y152.888 E19.01308
G1 X193.66 Y152.888 E21.33037
G1 X193.66 Y153.817 E21.37505
G1 X171.285 Y153.817 E22.45121
G1 X169.624 Y153.675 F7800
;WIDTH:0.509649
G1 F1200
G1 X169.584 Y153.635 E22.45435
G1 X169.531 Y153.65 E22.45741
G1 X169.516 Y153.704 E22.46052
G1 X169.556 Y153.743 E22.46362
G1 X169.609 Y153.729 E22.46666
G1 X168.185 Y153.361 F7800
;WIDTH:0.623543
G1 F1200
G1 X168.041 Y153.353 E22.47672
;WIDTH:0.607879
G1 X145.945 Y153.353 E23.97456
G1 E21.97456 F2400
G92 E0
G1 X170.762 Y153.33 F7800
G1 E2 F2400
;WIDTH:0.548958
G1 F1200
G1 X170.627 Y153.302 E2.00833
;WIDTH:0.499479
G1 X170.491 Y153.274 E2.01587
;WIDTH:0.45
G1 X168.653 Y153.274 E2.10427
;WIDTH:0.493385
G1 X168.536 Y153.295 E2.11063
;WIDTH:0.536771
G1 X168.419 Y153.317 E2.11764
;WIDTH:0.580157
G1 X168.302 Y153.339 E2.1253
;WIDTH:0.623543
G1 X168.185 Y153.361 E2.1336
G1 X168.349 Y153.432 E2.14606
;WIDTH:0.580157
G1 X168.513 Y153.503 E2.15756
;WIDTH:0.536771
G1 X168.677 Y153.574 E2.16809
;WIDTH:0.493385
G1 X168.841 Y153.645 E2.17765
;WIDTH:0.45
G1 X169.263 Y153.969 E2.20324
G1 X169.531 Y154.386 E2.22708
G1 X169.57 Y154.492 E2.23251
G1 X169.813 Y154.055 E2.25656
G1 X169.963 Y153.892 E2.26721
G1 X170.302 Y153.642 E2.28747
;WIDTH:0.488956
G1 X170.465 Y153.574 E2.29682
;WIDTH:0.527912
G1 X170.627 Y153.506 E2.30698
;WIDTH:0.566868
G1 X170.789 Y153.437 E2.31802
;WIDTH:0.605824
G1 X170.951 Y153.369 E2.32988
;WIDTH:0.617845
G1 X171.092 Y153.353 E2.33968
;WIDTH:0.607879
G1 X193.195 Y153.353 E3.838
G1 E1.838 F2400
G92 E0
G1 X191.735 Y51.134 F7800
G1 E2 F2400
;TYPE:Perimeter
;WIDTH:0.45
G1 F1200
G1 X191.661 Y51.134 E2.00356
G1 X192.396 Y48.336 E2.1427
G1 X193.949 Y48.336 E2.21739
G1 X193.949 Y51.134 E2.35196
G1 X191.795 Y51.134 E2.45556
G1 X191.203 Y51.519 F7800
G1 F1200
G1 X191.161 Y51.519 E2.45758
G1 X192.098 Y47.951 E2.63501
G1 X194.334 Y47.951 E2.74255
G1 X194.334 Y51.519 E2.91416
G1 X191.263 Y51.519 E3.06186
G1 X190.671 Y51.905 F7800
;TYPE:External perimeter
G1 F1200
G1 X190.661 Y51.905 E3.06234
G1 X191.801 Y47.565 E3.27816
G1 X194.72 Y47.565 E3.41855
G1 X194.72 Y51.905 E3.62729
G1 X190.731 Y51.905 E3.81915
G1 X190.762 Y51.506 F7800
G1 E1.81915 F2400
G92 E0
G1 X193.467 Y48.625 F7800
G1 E2 F2400
;TYPE:Solid infill
G1 F1200
G1 X192.619 Y48.625 E2.04079
G1 X192.036 Y50.844 E2.15114
G1 X193.66 Y50.844 E2.22925
G1 X193.66 Y48.625 E2.33598
G1 X193.21 Y49.075 E2.36659
;WIDTH:0.578556
G1 X193.21 Y50.394 E2.45118
G1 X192.619 Y50.394 E2.48908
G1 X192.966 Y49.075 E2.57655
G1 X193.017 Y49.075 E2.57982
G1 E.57982 F2400
G92 E0
G1 X145.191 Y51.134 F7800
G1 E2 F2400
;TYPE:Perimeter
;WIDTH:0.45
G1 F1200
G1 X145.191 Y48.336 E2.13457
G1 X146.744 Y48.336 E2.20926
G1 X147.479 Y51.134 E2.3484
G1 X145.251 Y51.134 E2.45556
G1 X144.806 Y51.519 F7800
G1 F1200
G1 X144.806 Y47.951 E2.62717
G1 X147.042 Y47.951 E2.73471
G1 X147.979 Y51.519 E2.91214
G1 X144.866 Y51.519 E3.06186
G1 X144.42 Y51.905 F7800
;TYPE:External perimeter
G1 F1200
G1 X144.42 Y47.565 E3.2706
G1 X147.339 Y47.565 E3.41099
G1 X148.479 Y51.905 E3.62681
G1 X144.48 Y51.905 E3.81915
G1 X144.421 Y51.509 F7800
G1 E1.81915 F2400
G92 E0
G1 X145.48 Y48.625 F7800
G1 E2 F2400
;TYPE:Solid infill
G1 F1200
G1 X146.521 Y48.625 E2.05007
G1 X147.104 Y50.844 E2.16042
G1 X145.48 Y50.844 E2.23853
G1 X145.48 Y48.818 E2.33597
G1 X145.93 Y49.075 E2.36089
;WIDTH:0.578556
G1 X146.174 Y49.075 E2.37654
G1 X146.521 Y50.394 E2.46401
G1 X145.93 Y50.394 E2.50191
G1 X145.93 Y49.268 E2.57412
M106 S186.15
;LAYER_CHANGE
;Z:11.15
;HEIGHT:0.299999
G1 E.57412 F2400
G92 E0
G1 Z11.15 F7800
;AFTER_LAYER_CHANGE
;11.15
G1 X170.264 Y154.602
G1 E2 F2400
;TYPE:Perimeter
;WIDTH:0.45
G1 F1500
G1 X170.188 Y154.725 E2.00695
G1 X170.128 Y155.155 E2.02783
G1 X170.261 Y155.567 E2.04865
G1 X170.435 Y155.857 E2.06492
G1 X168.705 Y155.857 E2.14813
G1 X168.879 Y155.567 E2.1644
G1 X169.006 Y155.207 E2.18276
G1 X168.952 Y154.725 E2.20609
G1 X168.765 Y154.421 E2.22326
G1 X168.458 Y154.196 E2.24157
G1 X168.052 Y154.107 E2.26156
G1 X145.191 Y154.107 E3.36109
G1 X145.191 Y152.599 E3.43362
G1 X193.949 Y152.599 E5.77871
G1 X193.949 Y154.107 E5.85124
G1 X171.088 Y154.107 E6.95077
G1 X170.682 Y154.196 E6.97076
G1 X170.375 Y154.421 E6.98907
G1 X170.295 Y154.551 E6.99641
G1 X170.594 Y154.789 F7800
G1 F1500
G1 X170.548 Y154.863 E7.0006
G1 X170.512 Y155.121 E7.01313
G1 X170.592 Y155.368 E7.02562
G1 X171.117 Y156.242 E7.07466
G1 X168.023 Y156.242 E7.22347
G1 X168.548 Y155.368 E7.27251
G1 X168.624 Y155.152 E7.28352
G1 X168.592 Y154.863 E7.2975
G1 X168.48 Y154.681 E7.30778
G1 X168.296 Y154.546 E7.31876
G1 X168.052 Y154.492 E7.33078
G1 X144.806 Y154.492 E8.44883
G1 X144.806 Y152.213 E8.55844
G1 X194.334 Y152.213 E10.94056
G1 X194.334 Y154.492 E11.05017
G1 X171.088 Y154.492 E12.16822
G1 X170.844 Y154.546 E12.18024
G1 X170.66 Y154.681 E12.19122
G1 X170.625 Y154.738 E12.19444
G1 X170.932 Y154.976 F7800
;TYPE:External perimeter
G1 F1500
G1 X170.908 Y155.001 E12.19611
G1 X170.923 Y155.17 E12.20427
G1 X171.798 Y156.628 E12.28605
G1 X167.342 Y156.628 E12.50037
G1 X168.249 Y155.117 E12.58513
G1 X168.194 Y154.941 E12.594
G1 X168.052 Y154.878 E12.60147
G1 X144.42 Y154.878 E13.73809
G1 X144.42 Y151.828 E13.88478
G1 X194.72 Y151.828 E16.30404
G1 X194.72 Y154.878 E16.45073
G1 X171.024 Y154.878 E17.59043
G1 X170.973 Y154.932 E17.594
G1 X171.023 Y155.329 F7800
G1 E15.594 F2400
G92 E0
G1 X145.48 Y153.817 F7800
G1 E2 F2400
;TYPE:Solid infill
G1 F1200
G1 X145.48 Y152.888 E2.04468
G1 X193.66 Y152.888 E4.36197
G1 X193.66 Y153.817 E4.40665
G1 X171.092 Y153.817 E5.49209
G1 X170.603 Y153.92 E5.51613
G1 X170.191 Y154.203 E5.54017
G1 X169.937 Y154.588 E5.56235
;WIDTH:0.491604
G1 X169.869 Y154.859 E5.57724
;WIDTH:0.533208
G1 X169.802 Y155.13 E5.59356
;WIDTH:0.543464
G1 X169.899 Y155.521 E5.61763
G1 X169.248 Y155.521 E5.65653
G1 X169.338 Y155.183 E5.67743
;WIDTH:0.530416
G1 X169.284 Y154.923 E5.69287
;WIDTH:0.490208
G1 X169.23 Y154.662 E5.70703
;WIDTH:0.45
G1 X168.978 Y154.228 E5.73117
G1 X168.54 Y153.923 E5.75684
G1 X168.041 Y153.817 E5.78138
G1 X145.673 Y153.817 E6.8572
G1 X145.945 Y153.353 E6.88307
;WIDTH:0.607882
G1 X168.041 Y153.353 E8.38093
;WIDTH:0.623545
G1 X168.185 Y153.361 E8.39099
G1 X169.556 Y153.635 F7800
;WIDTH:0.509649
G1 F1200
G1 X169.516 Y153.675 E8.39413
G1 X169.531 Y153.729 E8.39724
G1 X169.584 Y153.743 E8.40028
G1 X169.624 Y153.704 E8.40338
G1 X169.609 Y153.65 E8.40649
G1 X170.762 Y153.33 F7800
;WIDTH:0.548958
G1 F1200
G1 X170.627 Y153.302 E8.41482
;WIDTH:0.499479
G1 X170.491 Y153.274 E8.42236
;WIDTH:0.45
G1 X168.653 Y153.274 E8.51076
;WIDTH:0.493386
G1 X168.536 Y153.295 E8.51712
;WIDTH:0.536772
G1 X168.419 Y153.317 E8.52413
;WIDTH:0.580158
G1 X168.302 Y153.339 E8.53179
;WIDTH:0.623545
G1 X168.185 Y153.361 E8.54009
G1 X168.349 Y153.432 E8.55255
;WIDTH:0.580158
G1 X168.513 Y153.503 E8.56405
;WIDTH:0.536772
G1 X168.677 Y153.574 E8.57458
;WIDTH:0.493386
G1 X168.841 Y153.645 E8.58414
;WIDTH:0.45
G1 X169.263 Y153.969 E8.60973
G1 X169.531 Y154.386 E8.63357
G1 X169.57 Y154.492 E8.639
G1 X169.813 Y154.055 E8.66305
G1 X169.963 Y153.892 E8.6737
G1 X170.302 Y153.642 E8.69396
;WIDTH:0.488956
G1 X170.465 Y153.574 E8.70331
;WIDTH:0.527912
G1 X170.627 Y153.506 E8.71347
;WIDTH:0.566868
G1 X170.789 Y153.437 E8.72451
;WIDTH:0.605824
G1 X170.951 Y153.369 E8.73637
;WIDTH:0.617845
G1 X171.092 Y153.353 E8.74617
;WIDTH:0.607879
G1 X193.195 Y153.353 E10.24449
G1 E8.24449 F2400
G92 E0
G1 X191.843 Y50.614 F7800
G1 E2 F2400
;TYPE:Perimeter
;WIDTH:0.45
G1 F1200
G1 X192.396 Y48.509 E2.10468
G1 X193.949 Y48.509 E2.17937
G1 X193.949 Y50.614 E2.28061
G1 X191.903 Y50.614 E2.37902
G1 X191.343 Y51 F7800
G1 F1200
G1 X192.098 Y48.124 E2.52203
G1 X194.334 Y48.124 E2.62957
G1 X194.334 Y51 E2.7679
G1 X191.403 Y51 E2.90887
G1 X190.843 Y51.385 F7800
;TYPE:External perimeter
G1 F1200
G1 X191.801 Y47.738 E3.09023
G1 X194.72 Y47.738 E3.23062
G1 X194.72 Y51.385 E3.40603
G1 X190.903 Y51.385 E3.58961
G1 X190.946 Y50.987 F7800
G1 X192.218 Y50.325
;TYPE:Solid infill
G1 F1200
G1 X192.619 Y48.799 E3.6655
G1 X193.66 Y48.799 E3.71557
G1 X193.66 Y50.325 E3.78897
G1 X192.411 Y50.325 E3.84904
G1 X192.75 Y49.914 E3.87466
;WIDTH:0.499305
G1 X192.935 Y49.209 E3.9142
G1 X193.249 Y49.209 E3.93123
G1 X193.249 Y49.914 E3.96947
G1 X192.943 Y49.914 E3.98607
G1 E1.98607 F2400
G92 E0
G1 X145.191 Y50.614 F7800
G1 E2 F2400
;TYPE:Perimeter
;WIDTH:0.45
G1 F1200
G1 X145.191 Y48.509 E2.10124
G1 X146.744 Y48.509 E2.17593
G1 X147.297 Y50.614 E2.28061
G1 X145.251 Y50.614 E2.37902
G1 X144.806 Y51 F7800
G1 F1200
G1 X144.806 Y48.124 E2.51735
G1 X147.042 Y48.124 E2.62489
G1 X147.797 Y51 E2.7679
G1 X144.866 Y51 E2.90887
G1 X144.42 Y51.385 F7800
;TYPE:External perimeter
G1 F1200
G1 X144.42 Y47.738 E3.08428
G1 X147.339 Y47.738 E3.22467
G1 X148.297 Y51.385 E3.40603
G1 X144.48 Y51.385 E3.58961
G1 X144.421 Y50.99 F7800
G1 E1.58961 F2400
G92 E0
G1 X145.48 Y48.991 F7800
G1 E2 F2400
;TYPE:Solid infill
G1 F1200
G1 X145.48 Y50.325 E2.06416
G1 X146.922 Y50.325 E2.13352
G1 X146.521 Y48.799 E2.20941
G1 X145.48 Y48.799 E2.25948
G1 X145.891 Y49.209 E2.2874
;WIDTH:0.499305
G1 X146.205 Y49.209 E2.30443
G1 X146.39 Y49.914 E2.34397
G1 X145.891 Y49.914 E2.37104
G1 X145.891 Y49.402 E2.39881
M106 S188.7
;LAYER_CHANGE
;Z:11.45
;HEIGHT:0.3
G1 E.39881 F2400
G92 E0
G1 Z11.45 F7800
;AFTER_LAYER_CHANGE
;11.45
G1 X170.264 Y154.602
G1 E2 F2400
;TYPE:Perimeter
;WIDTH:0.45
G1 F1500
G1 X170.188 Y154.725 E2.00695
G1 X170.128 Y155.155 E2.02783
G1 X170.261 Y155.567 E2.04865
G1 X170.435 Y155.857 E2.06492
G1 X168.705 Y155.857 E2.14813
G1 X168.879 Y155.567 E2.1644
G1 X169.006 Y155.207 E2.18276
G1 X168.952 Y154.725 E2.20609
G1 X168.765 Y154.421 E2.22326
G1 X168.458 Y154.196 E2.24157
G1 X168.052 Y154.107 E2.26156
G1 X145.191 Y154.107 E3.36109
G1 X145.191 Y152.599 E3.43362
G1 X193.949 Y152.599 E5.77871
G1 X193.949 Y154.107 E5.85124
G1 X171.088 Y154.107 E6.95077
G1 X170.682 Y154.196 E6.97076
G1 X170.375 Y154.421 E6.98907
G1 X170.295 Y154.551 E6.99641
G1 X170.594 Y154.789 F7800
G1 F1500
G1 X170.548 Y154.863 E7.0006
G1 X170.512 Y155.121 E7.01313
G1 X170.592 Y155.368 E7.02562
G1 X171.117 Y156.242 E7.07466
G1 X168.023 Y156.242 E7.22347
G1 X168.548 Y155.368 E7.27251
G1 X168.624 Y155.152 E7.28352
G1 X168.592 Y154.863 E7.2975
G1 X168.48 Y154.681 E7.30778
G1 X168.296 Y154.546 E7.31876
G1 X168.052 Y154.492 E7.33078
G1 X144.806 Y154.492 E8.44883
G1 X144.806 Y152.213 E8.55844
G1 X194.334 Y152.213 E10.94056
G1 X194.334 Y154.492 E11.05017
G1 X171.088 Y154.492 E12.16822
G1 X170.844 Y154.546 E12.18024
G1 X170.66 Y154.681 E12.19122
G1 X170.625 Y154.738 E12.19444
G1 X170.932 Y154.976 F7800
;TYPE:External perimeter
G1 F1500
G1 X170.908 Y155.001 E12.19611
G1 X170.923 Y155.17 E12.20427
G1 X171.798 Y156.628 E12.28605
G1 X167.342 Y156.628 E12.50037
G1 X168.249 Y155.117 E12.58513
G1 X168.194 Y154.941 E12.594
G1 X168.052 Y154.878 E12.60147
G1 X144.42 Y154.878 E13.73809
G1 X144.42 Y151.828 E13.88478
G1 X194.72 Y151.828 E16.30404
G1 X194.72 Y154.878 E16.45073
G1 X171.024 Y154.878 E17.59043
G1 X170.973 Y154.932 E17.594
G1 X171.023 Y155.329 F7800
G1 X171.092 Y153.817
;TYPE:Solid infill
G1 F1200
G1 X170.603 Y153.92 E17.61804
G1 X170.191 Y154.203 E17.64208
G1 X169.937 Y154.588 E17.66426
;WIDTH:0.491604
G1 X169.869 Y154.859 E17.67915
;WIDTH:0.533209
G1 X169.802 Y155.13 E17.69547
;WIDTH:0.543463
G1 X169.899 Y155.521 E17.71954
G1 X169.248 Y155.521 E17.75844
G1 X169.338 Y155.183 E17.77934
;WIDTH:0.530416
G1 X169.284 Y154.923 E17.79478
;WIDTH:0.490208
G1 X169.23 Y154.662 E17.80894
;WIDTH:0.45
G1 X168.978 Y154.228 E17.83308
G1 X168.54 Y153.923 E17.85875
G1 X168.041 Y153.817 E17.88329
G1 X145.48 Y153.817 E18.9684
G1 X145.48 Y152.888 E19.01308
G1 X193.66 Y152.888 E21.33037
G1 X193.66 Y153.817 E21.37505
G1 X171.285 Y153.817 E22.45121
G1 X169.624 Y153.675 F7800
;WIDTH:0.509649
G1 F1200
G1 X169.584 Y153.635 E22.45435
G1 X169.531 Y153.65 E22.45741
G1 X169.516 Y153.704 E22.46052
G1 X169.556 Y153.743 E22.46362
G1 X169.609 Y153.729 E22.46666
G1 X168.185 Y153.361 F7800
;WIDTH:0.623543
G1 F1200
G1 X168.041 Y153.353 E22.47672
;WIDTH:0.607879
G1 X145.945 Y153.353 E23.97456
G1 E21.97456 F2400
G92 E0
G1 X170.762 Y153.33 F7800
G1 E2 F2400
;WIDTH:0.548958
G1 F1200
G1 X170.627 Y153.302 E2.00833
;WIDTH:0.499479
G1 X170.491 Y153.274 E2.01587
;WIDTH:0.45
G1 X168.653 Y153.274 E2.10427
;WIDTH:0.493385
G1 X168.536 Y153.295 E2.11063
;WIDTH:0.536771
G1 X168.419 Y153.317 E2.11764
;WIDTH:0.580157
G1 X168.302 Y153.339 E2.1253
;WIDTH:0.623543
G1 X168.185 Y153.361 E2.1336
G1 X168.349 Y153.432 E2.14606
;WIDTH:0.580157
G1 X168.513 Y153.503 E2.15756
;WIDTH:0.536771
G1 X168.677 Y153.574 E2.16809
;WIDTH:0.493385
G1 X168.841 Y153.645 E2.17765
;WIDTH:0.45
G1 X169.263 Y153.969 E2.20324
G1 X169.531 Y154.386 E2.22708
G1 X169.57 Y154.492 E2.23251
G1 X169.813 Y154.055 E2.25656
G1 X169.963 Y153.892 E2.26721
G1 X170.302 Y153.642 E2.28747
;WIDTH:0.488956
G1 X170.465 Y153.574 E2.29682
;WIDTH:0.527912
G1 X170.627 Y153.506 E2.30698
;WIDTH:0.566868
G1 X170.789 Y153.437 E2.31802
;WIDTH:0.605824
G1 X170.951 Y153.369 E2.32988
;WIDTH:0.617845
G1 X171.092 Y153.353 E2.33968
;WIDTH:0.607879
G1 X193.195 Y153.353 E3.838
G1 E1.838 F2400
G92 E0
G1 X192.025 Y50.094 F7800
G1 E2 F2400
;TYPE:Perimeter
;WIDTH:0.45
G1 F1200
G1 X192.396 Y48.683 E2.07017
G1 X193.949 Y48.683 E2.14486
G1 X193.949 Y50.094 E2.21272
G1 X192.085 Y50.094 E2.30237
G1 X191.525 Y50.48 F7800
G1 F1200
G1 X192.098 Y48.297 E2.41092
G1 X194.334 Y48.297 E2.51846
G1 X194.334 Y50.48 E2.62345
G1 X191.585 Y50.48 E2.75567
G1 X191.025 Y50.866 F7800
;TYPE:External perimeter
G1 F1200
G1 X191.801 Y47.911 E2.90261
G1 X194.72 Y47.911 E3.043
G1 X194.72 Y50.866 E3.18513
G1 X191.085 Y50.866 E3.35996
G1 X191.128 Y50.468 F7800
G1 E1.35996 F2400
G92 E0
G1 X193.467 Y48.972 F7800
G1 E2 F2400
;TYPE:Solid infill
G1 F1200
G1 X192.619 Y48.972 E2.04079
G1 X192.4 Y49.805 E2.08222
G1 X193.66 Y49.805 E2.14282
G1 X193.66 Y48.972 E2.18288
G1 X193.243 Y49.388 E2.21121
;WIDTH:0.512141
G1 X192.94 Y49.388 E2.22813
G1 E.22813 F2400
G92 E0
G1 X145.191 Y50.094 F7800
G1 E2 F2400
;TYPE:Perimeter
;WIDTH:0.45
G1 F1200
G1 X145.191 Y48.683 E2.06786
G1 X146.744 Y48.683 E2.14255
G1 X147.115 Y50.094 E2.21272
G1 X145.251 Y50.094 E2.30237
G1 X144.806 Y50.48 F7800
G1 F1200
G1 X144.806 Y48.297 E2.40736
G1 X147.042 Y48.297 E2.5149
G1 X147.615 Y50.48 E2.62345
G1 X144.866 Y50.48 E2.75567
G1 X144.42 Y50.866 F7800
;TYPE:External perimeter
G1 F1200
G1 X144.42 Y47.911 E2.8978
G1 X147.339 Y47.911 E3.03819
G1 X148.115 Y50.866 E3.18513
G1 X144.48 Y50.866 E3.35996
G1 X144.421 Y50.47 F7800
G1 X145.48 Y48.972
;TYPE:Solid infill
G1 F1200
G1 X146.521 Y48.972 E3.41003
G1 X146.74 Y49.805 E3.45146
G1 X145.48 Y49.805 E3.51206
G1 X145.48 Y49.165 E3.54284
G1 X145.897 Y49.388 E3.56558
;WIDTH:0.512141
G1 X146.2 Y49.388 E3.5825
M106 S191.25
;LAYER_CHANGE
;Z:11.75
;HEIGHT:0.3
G1 E1.5825 F2400
G92 E0
G1 Z11.75 F7800
;AFTER_LAYER_CHANGE
;11.75
G1 X170.264 Y154.602
G1 E2 F2400
;TYPE:Perimeter
;WIDTH:0.45
G1 F1500
G1 X170.188 Y154.725 E2.00695
G1 X170.128 Y155.155 E2.02783
G1 X170.261 Y155.567 E2.04865
G1 X170.435 Y155.857 E2.06492
G1 X168.705 Y155.857 E2.14813
G1 X168.879 Y155.567 E2.1644
G1 X169.006 Y155.207 E2.18276
G1 X168.952 Y154.725 E2.20609
G1 X168.765 Y154.421 E2.22326
G1 X168.458 Y154.196 E2.24157
G1 X168.052 Y154.107 E2.26156
G1 X145.191 Y154.107 E3.36109
G1 X145.191 Y152.599 E3.43362
G1 X193.949 Y152.599 E5.77871
G1 X193.949 Y154.107 E5.85124
G1 X171.088 Y154.107 E6.95077
G1 X170.682 Y154.196 E6.97076
G1 X170.375 Y154.421 E6.98907
G1 X170.295 Y154.551 E6.99641
G1 X170.594 Y154.789 F7800
G1 F1500
G1 X170.548 Y154.863 E7.0006
G1 X170.512 Y155.121 E7.01313
G1 X170.592 Y155.368 E7.02562
G1 X171.117 Y156.242 E7.07466
G1 X168.023 Y156.242 E7.22347
G1 X168.548 Y155.368 E7.27251
G1 X168.624 Y155.152 E7.28352
G1 X168.592 Y154.863 E7.2975
G1 X168.48 Y154.681 E7.30778
G1 X168.296 Y154.546 E7.31876
G1 X168.052 Y154.492 E7.33078
G1 X144.806 Y154.492 E8.44883
G1 X144.806 Y152.213 E8.55844
G1 X194.334 Y152.213 E10.94056
G1 X194.334 Y154.492 E11.05017
G1 X171.088 Y154.492 E12.16822
G1 X170.844 Y154.546 E12.18024
G1 X170.66 Y154.681 E12.19122
G1 X170.625 Y154.738 E12.19444
G1 X170.932 Y154.976 F7800
;TYPE:External perimeter
G1 F1500
G1 X170.908 Y155.001 E12.19611
G1 X170.923 Y155.17 E12.20427
G1 X171.798 Y156.628 E12.28605
G1 X167.342 Y156.628 E12.50037
G1 X168.249 Y155.117 E12.58513
G1 X168.194 Y154.941 E12.594
G1 X168.052 Y154.878 E12.60147
G1 X144.42 Y154.878 E13.73809
G1 X144.42 Y151.828 E13.88478
G1 X194.72 Y151.828 E16.30404
G1 X194.72 Y154.878 E16.45073
G1 X171.024 Y154.878 E17.59043
G1 X170.973 Y154.932 E17.594
G1 X171.023 Y155.329 F7800
G1 E15.594 F2400
G92 E0
G1 X145.48 Y153.817 F7800
G1 E2 F2400
;TYPE:Solid infill
G1 F1200
G1 X145.48 Y152.888 E2.04468
G1 X193.66 Y152.888 E4.36197
G1 X193.66 Y153.817 E4.40665
G1 X171.092 Y153.817 E5.49209
G1 X170.603 Y153.92 E5.51613
G1 X170.191 Y154.203 E5.54017
G1 X169.937 Y154.588 E5.56235
;WIDTH:0.491599
G1 X169.869 Y154.859 E5.57724
;WIDTH:0.533199
G1 X169.802 Y155.13 E5.59356
;WIDTH:0.543453
G1 X169.898 Y155.521 E5.61762
G1 X169.241 Y155.521 E5.65688
G1 X169.338 Y155.183 E5.67789
;WIDTH:0.530406
G1 X169.284 Y154.923 E5.69333
;WIDTH:0.490203
G1 X169.23 Y154.662 E5.70749
;WIDTH:0.45
G1 X168.978 Y154.228 E5.73163
G1 X168.54 Y153.923 E5.7573
G1 X168.041 Y153.817 E5.78184
G1 X145.673 Y153.817 E6.85766
G1 X145.945 Y153.353 E6.88353
;WIDTH:0.607863
G1 X168.041 Y153.353 E8.38133
;WIDTH:0.623523
G1 X168.185 Y153.361 E8.39139
G1 X169.556 Y153.635 F7800
;WIDTH:0.509629
G1 F1200
G1 X169.516 Y153.675 E8.39453
G1 X169.531 Y153.729 E8.39764
G1 X169.584 Y153.743 E8.40068
G1 X169.624 Y153.704 E8.40378
G1 X169.609 Y153.65 E8.40689
G1 X170.762 Y153.33 F7800
;WIDTH:0.548946
G1 F1200
G1 X170.627 Y153.302 E8.41522
;WIDTH:0.499473
G1 X170.491 Y153.274 E8.42276
;WIDTH:0.45
G1 X168.653 Y153.274 E8.51116
;WIDTH:0.49338
G1 X168.536 Y153.296 E8.51753
;WIDTH:0.536761
G1 X168.419 Y153.317 E8.52453
;WIDTH:0.580142
G1 X168.302 Y153.339 E8.53219
;WIDTH:0.623523
G1 X168.185 Y153.361 E8.54049
G1 X168.349 Y153.432 E8.55295
;WIDTH:0.580142
G1 X168.513 Y153.503 E8.56445
;WIDTH:0.536761
G1 X168.677 Y153.574 E8.57498
;WIDTH:0.49338
G1 X168.841 Y153.645 E8.58454
;WIDTH:0.45
G1 X169.263 Y153.969 E8.61013
G1 X169.531 Y154.386 E8.63397
G1 X169.57 Y154.492 E8.6394
G1 X169.813 Y154.055 E8.66345
G1 X169.963 Y153.892 E8.6741
G1 X170.302 Y153.642 E8.69436
;WIDTH:0.488951
G1 X170.465 Y153.574 E8.70371
;WIDTH:0.527903
G1 X170.627 Y153.506 E8.71387
;WIDTH:0.566855
G1 X170.789 Y153.437 E8.72491
;WIDTH:0.605807
G1 X170.951 Y153.369 E8.73677
;WIDTH:0.617825
G1 X171.092 Y153.353 E8.74657
;WIDTH:0.607859
G1 X193.195 Y153.353 E10.24483
G1 E8.24483 F2400
G92 E0
G1 X192.315 Y49.491 F7800
G1 E2 F2400
;TYPE:Perimeter
;WIDTH:0.616673
G1 F1200
G1 X192.46 Y48.939 E2.03931
G1 X193.865 Y48.939 E2.13609
G1 X193.865 Y49.491 E2.17411
G1 X192.375 Y49.491 E2.27675
G1 X191.707 Y49.96 F7800
;WIDTH:0.45
G1 F1200
G1 X192.098 Y48.47 E2.35084
G1 X194.334 Y48.47 E2.45838
G1 X194.334 Y49.96 E2.53004
G1 X191.767 Y49.96 E2.6535
G1 X191.207 Y50.346 F7800
;TYPE:External perimeter
G1 F1200
G1 X191.801 Y48.085 E2.76594
G1 X194.72 Y48.085 E2.90633
G1 X194.72 Y50.346 E3.01508
G1 X191.267 Y50.346 E3.18116
G1 X191.31 Y49.948 F7800
G1 E1.18116 F2400
G92 E0
G1 X145.275 Y49.491 F7800
G1 E2 F2400
;TYPE:Perimeter
;WIDTH:0.616673
G1 F1200
G1 X145.275 Y48.939 E2.03802
G1 X146.68 Y48.939 E2.1348
G1 X146.825 Y49.491 E2.17411
G1 X145.335 Y49.491 E2.27675
G1 X144.806 Y49.96 F7800
;WIDTH:0.45
G1 F1200
G1 X144.806 Y48.47 E2.34841
G1 X147.042 Y48.47 E2.45595
G1 X147.433 Y49.96 E2.53004
G1 X144.866 Y49.96 E2.6535
G1 X144.42 Y50.346 F7800
;TYPE:External perimeter
G1 F1200
G1 X144.42 Y48.085 E2.76225
G1 X147.339 Y48.085 E2.90264
G1 X147.933 Y50.346 E3.01508
G1 X144.48 Y50.346 E3.18116
G1 X144.421 Y49.95 F7800
M106 S193.8
;LAYER_CHANGE
;Z:12.05
;HEIGHT:0.3
G1 E1.18116 F2400
G92 E0
G1 Z12.05 F7800
;AFTER_LAYER_CHANGE
;12.05
G1 X170.264 Y154.602
G1 E2 F2400
;TYPE:Perimeter
G1 F1500
G1 X170.188 Y154.725 E2.00695
G1 X170.128 Y155.155 E2.02783
G1 X170.261 Y155.567 E2.04865
G1 X170.435 Y155.857 E2.06492
G1 X168.705 Y155.857 E2.14813
G1 X168.879 Y155.567 E2.1644
G1 X169.006 Y155.207 E2.18276
G1 X168.952 Y154.725 E2.20609
G1 X168.765 Y154.421 E2.22326
G1 X168.458 Y154.196 E2.24157
G1 X168.052 Y154.107 E2.26156
G1 X145.191 Y154.107 E3.36109
G1 X145.191 Y152.599 E3.43362
G1 X193.949 Y152.599 E5.77871
G1 X193.949 Y154.107 E5.85124
G1 X171.088 Y154.107 E6.95077
G1 X170.682 Y154.196 E6.97076
G1 X170.375 Y154.421 E6.98907
G1 X170.295 Y154.551 E6.99641
G1 X170.594 Y154.789 F7800
G1 F1500
G1 X170.548 Y154.863 E7.0006
G1 X170.512 Y155.121 E7.01313
G1 X170.592 Y155.368 E7.02562
G1 X171.117 Y156.242 E7.07466
G1 X168.023 Y156.242 E7.22347
G1 X168.548 Y155.368 E7.27251
G1 X168.624 Y155.152 E7.28352
G1 X168.592 Y154.863 E7.2975
G1 X168.48 Y154.681 E7.30778
G1 X168.296 Y154.546 E7.31876
G1 X168.052 Y154.492 E7.33078
G1 X144.806 Y154.492 E8.44883
G1 X144.806 Y152.213 E8.55844
G1 X194.334 Y152.213 E10.94056
G1 X194.334 Y154.492 E11.05017
G1 X171.088 Y154.492 E12.16822
G1 X170.844 Y154.546 E12.18024
G1 X170.66 Y154.681 E12.19122
G1 X170.625 Y154.738 E12.19444
G1 X170.932 Y154.976 F7800
;TYPE:External perimeter
G1 F1500
G1 X170.908 Y155.001 E12.19611
G1 X170.923 Y155.17 E12.20427
G1 X171.798 Y156.628 E12.28605
G1 X167.342 Y156.628 E12.50037
G1 X168.249 Y155.117 E12.58513
G1 X168.194 Y154.941 E12.594
G1 X168.052 Y154.878 E12.60147
G1 X144.42 Y154.878 E13.73809
G1 X144.42 Y151.828 E13.88478
G1 X194.72 Y151.828 E16.30404
G1 X194.72 Y154.878 E16.45073
G1 X171.024 Y154.878 E17.59043
G1 X170.973 Y154.932 E17.594
G1 X171.023 Y155.329 F7800
G1 X171.092 Y153.817
;TYPE:Solid infill
G1 F1200
G1 X170.603 Y153.92 E17.61804
G1 X170.191 Y154.203 E17.64208
G1 X169.937 Y154.588 E17.66426
;WIDTH:0.491599
G1 X169.869 Y154.859 E17.67915
;WIDTH:0.533199
G1 X169.802 Y155.13 E17.69547
;WIDTH:0.543453
G1 X169.898 Y155.521 E17.71953
G1 X169.241 Y155.521 E17.75879
G1 X169.338 Y155.183 E17.7798
;WIDTH:0.530406
G1 X169.284 Y154.923 E17.79524
;WIDTH:0.490203
G1 X169.23 Y154.662 E17.8094
;WIDTH:0.45
G1 X168.978 Y154.228 E17.83354
G1 X168.54 Y153.923 E17.85921
G1 X168.041 Y153.817 E17.88375
G1 X145.48 Y153.817 E18.96886
G1 X145.48 Y152.888 E19.01354
G1 X193.66 Y152.888 E21.33083
G1 X193.66 Y153.817 E21.37551
G1 X171.285 Y153.817 E22.45167
G1 X169.624 Y153.675 F7800
;WIDTH:0.509629
G1 F1200
G1 X169.584 Y153.635 E22.45481
G1 X169.531 Y153.65 E22.45787
G1 X169.516 Y153.704 E22.46098
G1 X169.556 Y153.743 E22.46408
G1 X169.609 Y153.729 E22.46712
G1 X168.185 Y153.361 F7800
;WIDTH:0.623525
G1 F1200
G1 X168.041 Y153.353 E22.47718
;WIDTH:0.607861
G1 X145.945 Y153.353 E23.97498
G1 E21.97498 F2400
G92 E0
G1 X170.762 Y153.33 F7800
G1 E2 F2400
;WIDTH:0.548946
G1 F1200
G1 X170.627 Y153.302 E2.00833
;WIDTH:0.499473
G1 X170.491 Y153.274 E2.01587
;WIDTH:0.45
G1 X168.653 Y153.274 E2.10427
;WIDTH:0.493381
G1 X168.536 Y153.296 E2.11064
;WIDTH:0.536762
G1 X168.419 Y153.317 E2.11764
;WIDTH:0.580143
G1 X168.302 Y153.339 E2.1253
;WIDTH:0.623525
G1 X168.185 Y153.361 E2.1336
G1 X168.349 Y153.432 E2.14606
;WIDTH:0.580143
G1 X168.513 Y153.503 E2.15756
;WIDTH:0.536762
G1 X168.677 Y153.574 E2.16809
;WIDTH:0.493381
G1 X168.841 Y153.645 E2.17765
;WIDTH:0.45
G1 X169.263 Y153.969 E2.20324
G1 X169.531 Y154.386 E2.22708
G1 X169.57 Y154.492 E2.23251
G1 X169.813 Y154.055 E2.25656
G1 X169.963 Y153.892 E2.26721
G1 X170.302 Y153.642 E2.28747
;WIDTH:0.488951
G1 X170.465 Y153.574 E2.29682
;WIDTH:0.527903
G1 X170.627 Y153.506 E2.30698
;WIDTH:0.566855
G1 X170.789 Y153.437 E2.31802
;WIDTH:0.605807
G1 X170.951 Y153.369 E2.32988
;WIDTH:0.617825
G1 X171.092 Y153.353 E2.33968
;WIDTH:0.607859
G1 X193.195 Y153.353 E3.83794
G1 E1.83794 F2400
G92 E0
G1 X193.936 Y49.042 F7800
G1 E2 F2400
;TYPE:Perimeter
;WIDTH:0.476147
G1 F1200
G1 X192.406 Y49.042 E2.07858
G1 X191.889 Y49.441 F7800
;WIDTH:0.45
G1 F1200
G1 X192.098 Y48.643 E2.11826
G1 X194.334 Y48.643 E2.2258
G1 X194.334 Y49.441 E2.26418
G1 X191.949 Y49.441 E2.37889
G1 X191.389 Y49.826 F7800
;TYPE:External perimeter
G1 F1200
G1 X191.801 Y48.258 E2.45687
G1 X194.72 Y48.258 E2.59726
G1 X194.72 Y49.826 E2.67268
G1 X191.449 Y49.826 E2.83
G1 X191.492 Y49.429 F7800
G1 E.83 F2400
G92 E0
G1 X146.734 Y49.042 F7800
G1 E2 F2400
;TYPE:Perimeter
;WIDTH:0.476147
G1 F1200
G1 X145.204 Y49.042 E2.07858
G1 X144.806 Y49.441 F7800
;WIDTH:0.45
G1 F1200
G1 X144.806 Y48.643 E2.11696
G1 X147.042 Y48.643 E2.2245
G1 X147.251 Y49.441 E2.26418
G1 X144.866 Y49.441 E2.37889
G1 X144.42 Y49.826 F7800
;TYPE:External perimeter
G1 F1200
G1 X144.42 Y48.258 E2.45431
G1 X147.339 Y48.258 E2.5947
G1 X147.751 Y49.826 E2.67268
G1 X144.48 Y49.826 E2.83
G1 X144.421 Y49.431 F7800
M106 S196.35
;LAYER_CHANGE
;Z:12.35
;HEIGHT:0.3
G1 E.83 F2400
G92 E0
G1 Z12.35 F7800
;AFTER_LAYER_CHANGE
;12.35
G1 X170.264 Y154.602
G1 E2 F2400
;TYPE:Perimeter
G1 F1500
G1 X170.188 Y154.725 E2.00695
G1 X170.128 Y155.155 E2.02783
G1 X170.261 Y155.567 E2.04865
G1 X170.435 Y155.857 E2.06492
G1 X168.705 Y155.857 E2.14813
G1 X168.879 Y155.567 E2.1644
G1 X169.006 Y155.207 E2.18276
G1 X168.952 Y154.725 E2.20609
G1 X168.765 Y154.421 E2.22326
G1 X168.458 Y154.196 E2.24157
G1 X168.052 Y154.107 E2.26156
G1 X145.191 Y154.107 E3.36109
G1 X145.191 Y152.599 E3.43362
G1 X193.949 Y152.599 E5.77871
G1 X193.949 Y154.107 E5.85124
G1 X171.088 Y154.107 E6.95077
G1 X170.682 Y154.196 E6.97076
G1 X170.375 Y154.421 E6.98907
G1 X170.295 Y154.551 E6.99641
G1 X170.594 Y154.789 F7800
G1 F1500
G1 X170.548 Y154.863 E7.0006
G1 X170.512 Y155.121 E7.01313
G1 X170.592 Y155.368 E7.02562
G1 X171.117 Y156.242 E7.07466
G1 X168.023 Y156.242 E7.22347
G1 X168.548 Y155.368 E7.27251
G1 X168.624 Y155.152 E7.28352
G1 X168.592 Y154.863 E7.2975
G1 X168.48 Y154.681 E7.30778
G1 X168.296 Y154.546 E7.31876
G1 X168.052 Y154.492 E7.33078
G1 X144.806 Y154.492 E8.44883
G1 X144.806 Y152.213 E8.55844
G1 X194.334 Y152.213 E10.94056
G1 X194.334 Y154.492 E11.05017
G1 X171.088 Y154.492 E12.16822
G1 X170.844 Y154.546 E12.18024
G1 X170.66 Y154.681 E12.19122
G1 X170.625 Y154.738 E12.19444
G1 X170.932 Y154.976 F7800
;TYPE:External perimeter
G1 F1500
G1 X170.908 Y155.001 E12.19611
G1 X170.923 Y155.17 E12.20427
G1 X171.798 Y156.628 E12.28605
G1 X167.342 Y156.628 E12.50037
G1 X168.249 Y155.117 E12.58513
G1 X168.194 Y154.941 E12.594
G1 X168.052 Y154.878 E12.60147
G1 X144.42 Y154.878 E13.73809
G1 X144.42 Y151.828 E13.88478
G1 X194.72 Y151.828 E16.30404
G1 X194.72 Y154.878 E16.45073
G1 X171.024 Y154.878 E17.59043
G1 X170.973 Y154.932 E17.594
G1 X171.023 Y155.329 F7800
G1 E15.594 F2400
G92 E0
G1 X145.48 Y153.817 F7800
G1 E2 F2400
;TYPE:Solid infill
G1 F1200
G1 X145.48 Y152.888 E2.04468
G1 X193.66 Y152.888 E4.36197
G1 X193.66 Y153.817 E4.40665
G1 X171.092 Y153.817 E5.49209
G1 X170.603 Y153.92 E5.51613
G1 X170.191 Y154.203 E5.54017
G1 X169.937 Y154.588 E5.56235
;WIDTH:0.491599
G1 X169.869 Y154.859 E5.57724
;WIDTH:0.533199
G1 X169.802 Y155.13 E5.59356
;WIDTH:0.543453
G1 X169.898 Y155.521 E5.61762
G1 X169.241 Y155.521 E5.65688
G1 X169.338 Y155.183 E5.67789
;WIDTH:0.530406
G1 X169.284 Y154.923 E5.69333
;WIDTH:0.490203
G1 X169.23 Y154.662 E5.70749
;WIDTH:0.45
G1 X168.978 Y154.228 E5.73163
G1 X168.54 Y153.923 E5.7573
G1 X168.041 Y153.817 E5.78184
G1 X145.673 Y153.817 E6.85766
G1 X145.945 Y153.353 E6.88353
;WIDTH:0.607863
G1 X168.041 Y153.353 E8.38133
;WIDTH:0.623523
G1 X168.185 Y153.361 E8.39139
G1 X169.556 Y153.635 F7800
;WIDTH:0.509629
G1 F1200
G1 X169.516 Y153.675 E8.39453
G1 X169.531 Y153.729 E8.39764
G1 X169.584 Y153.743 E8.40068
G1 X169.624 Y153.704 E8.40378
G1 X169.609 Y153.65 E8.40689
G1 X170.762 Y153.33 F7800
;WIDTH:0.548946
G1 F1200
G1 X170.627 Y153.302 E8.41522
;WIDTH:0.499473
G1 X170.491 Y153.274 E8.42276
;WIDTH:0.45
G1 X168.653 Y153.274 E8.51116
;WIDTH:0.49338
G1 X168.536 Y153.296 E8.51753
;WIDTH:0.536761
G1 X168.419 Y153.317 E8.52453
;WIDTH:0.580142
G1 X168.302 Y153.339 E8.53219
;WIDTH:0.623523
G1 X168.185 Y153.361 E8.54049
G1 X168.349 Y153.432 E8.55295
;WIDTH:0.580142
G1 X168.513 Y153.503 E8.56445
;WIDTH:0.536761
G1 X168.677 Y153.574 E8.57498
;WIDTH:0.49338
G1 X168.841 Y153.645 E8.58454
;WIDTH:0.45
G1 X169.263 Y153.969 E8.61013
G1 X169.531 Y154.386 E8.63397
G1 X169.57 Y154.492 E8.6394
G1 X169.813 Y154.055 E8.66345
G1 X169.963 Y153.892 E8.6741
G1 X170.302 Y153.642 E8.69436
;WIDTH:0.488951
G1 X170.465 Y153.574 E8.70371
;WIDTH:0.527903
G1 X170.627 Y153.506 E8.71387
;WIDTH:0.566855
G1 X170.789 Y153.437 E8.72491
;WIDTH:0.605807
G1 X170.951 Y153.369 E8.73677
;WIDTH:0.617825
G1 X171.092 Y153.353 E8.74657
;WIDTH:0.607859
G1 X193.195 Y153.353 E10.24483
G1 E8.24483 F2400
G92 E0
G1 X194.282 Y48.869 F7800
G1 E2 F2400
;TYPE:Perimeter
;WIDTH:0.554563
G1 F1200
G1 X192.139 Y48.869 E2.13102
G1 X191.571 Y49.307 F7800
;TYPE:External perimeter
;WIDTH:0.45
G1 F1200
G1 X191.801 Y48.431 E2.17458
G1 X194.72 Y48.431 E2.31497
G1 X194.72 Y49.307 E2.3571
G1 X191.631 Y49.307 E2.50567
G1 X191.674 Y48.909 F7800
G1 E.50567 F2400
G92 E0
G1 X147.001 Y48.869 F7800
G1 E2 F2400
;TYPE:Perimeter
;WIDTH:0.554565
G1 F1200
G1 X144.858 Y48.869 E2.13102
G1 X144.42 Y49.307 F7800
;TYPE:External perimeter
;WIDTH:0.45
G1 F1200
G1 X144.42 Y48.431 E2.17315
G1 X147.339 Y48.431 E2.31354
G1 X147.569 Y49.307 E2.3571
G1 X144.48 Y49.307 E2.50567
G1 X144.421 Y48.911 F7800
M106 S198.9
;LAYER_CHANGE
;Z:12.65
;HEIGHT:0.299999
G1 E.50567 F2400
G92 E0
G1 Z12.65 F7800
;AFTER_LAYER_CHANGE
;12.65
G1 X170.264 Y154.602
G1 E2 F2400
;TYPE:Perimeter
G1 F1500
G1 X170.188 Y154.725 E2.00695
G1 X170.128 Y155.155 E2.02783
G1 X170.261 Y155.567 E2.04865
G1 X170.435 Y155.857 E2.06492
G1 X168.705 Y155.857 E2.14813
G1 X168.879 Y155.567 E2.1644
G1 X169.006 Y155.207 E2.18276
G1 X168.952 Y154.725 E2.20609
G1 X168.765 Y154.421 E2.22326
G1 X168.458 Y154.196 E2.24157
G1 X168.052 Y154.107 E2.26156
G1 X145.191 Y154.107 E3.36109
G1 X145.191 Y152.599 E3.43362
G1 X193.949 Y152.599 E5.77871
G1 X193.949 Y154.107 E5.85124
G1 X171.088 Y154.107 E6.95077
G1 X170.682 Y154.196 E6.97076
G1 X170.375 Y154.421 E6.98907
G1 X170.295 Y154.551 E6.99641
G1 X170.594 Y154.789 F7800
G1 F1500
G1 X170.548 Y154.863 E7.0006
G1 X170.512 Y155.121 E7.01313
G1 X170.592 Y155.368 E7.02562
G1 X171.117 Y156.242 E7.07466
G1 X168.023 Y156.242 E7.22347
G1 X168.548 Y155.368 E7.27251
G1 X168.624 Y155.152 E7.28352
G1 X168.592 Y154.863 E7.2975
G1 X168.48 Y154.681 E7.30778
G1 X168.296 Y154.546 E7.31876
G1 X168.052 Y154.492 E7.33078
G1 X144.806 Y154.492 E8.44883
G1 X144.806 Y152.213 E8.55844
G1 X194.334 Y152.213 E10.94056
G1 X194.334 Y154.492 E11.05017
G1 X171.088 Y154.492 E12.16822
G1 X170.844 Y154.546 E12.18024
G1 X170.66 Y154.681 E12.19122
G1 X170.625 Y154.738 E12.19444
G1 X170.932 Y154.976 F7800
;TYPE:External perimeter
G1 F1500
G1 X170.908 Y155.001 E12.19611
G1 X170.923 Y155.17 E12.20427
G1 X171.798 Y156.628 E12.28605
G1 X167.342 Y156.628 E12.50037
G1 X168.249 Y155.117 E12.58513
G1 X168.194 Y154.941 E12.594
G1 X168.052 Y154.878 E12.60147
G1 X144.42 Y154.878 E13.73809
G1 X144.42 Y151.828 E13.88478
G1 X194.72 Y151.828 E16.30404
G1 X194.72 Y154.878 E16.45073
G1 X171.024 Y154.878 E17.59043
G1 X170.973 Y154.932 E17.594
G1 X171.023 Y155.329 F7800
G1 X171.092 Y153.817
;TYPE:Solid infill
G1 F1200
G1 X170.603 Y153.92 E17.61804
G1 X170.191 Y154.203 E17.64208
G1 X169.937 Y154.588 E17.66426
;WIDTH:0.491599
G1 X169.869 Y154.859 E17.67915
;WIDTH:0.533199
G1 X169.802 Y155.13 E17.69547
;WIDTH:0.543454
G1 X169.898 Y155.521 E17.71953
G1 X169.248 Y155.521 E17.75837
G1 X169.338 Y155.183 E17.77927
;WIDTH:0.530406
G1 X169.284 Y154.923 E17.79471
;WIDTH:0.490203
G1 X169.23 Y154.662 E17.80887
;WIDTH:0.45
G1 X168.978 Y154.228 E17.83301
G1 X168.54 Y153.923 E17.85868
G1 X168.041 Y153.817 E17.88322
G1 X145.48 Y153.817 E18.96833
G1 X145.48 Y152.888 E19.01301
G1 X193.66 Y152.888 E21.3303
G1 X193.66 Y153.817 E21.37498
G1 X171.285 Y153.817 E22.45114
G1 X169.624 Y153.675 F7800
;WIDTH:0.509629
G1 F1200
G1 X169.584 Y153.635 E22.45428
G1 X169.531 Y153.65 E22.45734
G1 X169.516 Y153.704 E22.46045
G1 X169.556 Y153.743 E22.46355
G1 X169.609 Y153.729 E22.46659
G1 X168.185 Y153.361 F7800
;WIDTH:0.623525
G1 F1200
G1 X168.041 Y153.353 E22.47665
;WIDTH:0.607861
G1 X145.945 Y153.353 E23.97445
G1 E21.97445 F2400
G92 E0
G1 X170.762 Y153.33 F7800
G1 E2 F2400
;WIDTH:0.548946
G1 F1200
G1 X170.627 Y153.302 E2.00833
;WIDTH:0.499473
G1 X170.491 Y153.274 E2.01587
;WIDTH:0.45
G1 X168.653 Y153.274 E2.10427
;WIDTH:0.493381
G1 X168.536 Y153.296 E2.11064
;WIDTH:0.536762
G1 X168.419 Y153.317 E2.11764
;WIDTH:0.580143
G1 X168.302 Y153.339 E2.1253
;WIDTH:0.623525
G1 X168.185 Y153.361 E2.1336
G1 X168.349 Y153.432 E2.14606
;WIDTH:0.580143
G1 X168.513 Y153.503 E2.15756
;WIDTH:0.536762
G1 X168.677 Y153.574 E2.16809
;WIDTH:0.493381
G1 X168.841 Y153.645 E2.17765
;WIDTH:0.45
G1 X169.263 Y153.969 E2.20324
G1 X169.531 Y154.386 E2.22708
G1 X169.57 Y154.492 E2.23251
G1 X169.813 Y154.055 E2.25656
G1 X169.963 Y153.892 E2.26721
G1 X170.302 Y153.642 E2.28747
;WIDTH:0.488951
G1 X170.465 Y153.574 E2.29682
;WIDTH:0.527903
G1 X170.627 Y153.506 E2.30698
;WIDTH:0.566855
G1 X170.789 Y153.437 E2.31802
;WIDTH:0.605807
G1 X170.951 Y153.369 E2.32988
;WIDTH:0.617825
G1 X171.092 Y153.353 E2.33968
;WIDTH:0.607859
G1 X193.195 Y153.353 E3.83794
G1 E1.83794 F2400
G92 E0
G1 X194.629 Y48.696 F7800
G1 E2 F2400
;TYPE:External perimeter
;WIDTH:0.632981
G1 F1200
G1 X191.872 Y48.696 E2.19552
G1 X192.272 Y48.696 F7800
G1 E.19552 F2400
G92 E0
G1 X147.268 Y48.696 F7800
G1 E2 F2400
G1 F1200
G1 X144.511 Y48.696 E2.19552
G1 X144.911 Y48.696 F7800
M106 S204
;LAYER_CHANGE
;Z:12.95
;HEIGHT:0.3
G1 E.19552 F2400
G92 E0
G1 Z12.95 F7800
;AFTER_LAYER_CHANGE
;12.95
G1 X170.264 Y154.602
G1 E2 F2400
;TYPE:Perimeter
;WIDTH:0.45
G1 F1500
G1 X170.188 Y154.725 E2.00695
G1 X170.128 Y155.155 E2.02783
G1 X170.261 Y155.567 E2.04865
G1 X170.435 Y155.857 E2.06492
G1 X168.705 Y155.857 E2.14813
G1 X168.879 Y155.567 E2.1644
G1 X169.006 Y155.207 E2.18276
G1 X168.952 Y154.725 E2.20609
G1 X168.765 Y154.421 E2.22326
G1 X168.458 Y154.196 E2.24157
G1 X168.052 Y154.107 E2.26156
G1 X145.191 Y154.107 E3.36109
G1 X145.191 Y152.599 E3.43362
G1 X193.949 Y152.599 E5.77871
G1 X193.949 Y154.107 E5.85124
G1 X171.088 Y154.107 E6.95077
G1 X170.682 Y154.196 E6.97076
G1 X170.375 Y154.421 E6.98907
G1 X170.295 Y154.551 E6.99641
G1 X170.594 Y154.789 F7800
G1 F1500
G1 X170.548 Y154.863 E7.0006
G1 X170.512 Y155.121 E7.01313
G1 X170.592 Y155.368 E7.02562
G1 X171.117 Y156.242 E7.07466
G1 X168.023 Y156.242 E7.22347
G1 X168.548 Y155.368 E7.27251
G1 X168.624 Y155.152 E7.28352
G1 X168.592 Y154.863 E7.2975
G1 X168.48 Y154.681 E7.30778
G1 X168.296 Y154.546 E7.31876
G1 X168.052 Y154.492 E7.33078
G1 X144.806 Y154.492 E8.44883
G1 X144.806 Y152.213 E8.55844
G1 X194.334 Y152.213 E10.94056
G1 X194.334 Y154.492 E11.05017
G1 X171.088 Y154.492 E12.16822
G1 X170.844 Y154.546 E12.18024
G1 X170.66 Y154.681 E12.19122
G1 X170.625 Y154.738 E12.19444
G1 X170.932 Y154.976 F7800
;TYPE:External perimeter
G1 F1500
G1 X170.908 Y155.001 E12.19611
G1 X170.923 Y155.17 E12.20427
G1 X171.798 Y156.628 E12.28605
G1 X167.342 Y156.628 E12.50037
G1 X168.249 Y155.117 E12.58513
G1 X168.194 Y154.941 E12.594
G1 X168.052 Y154.878 E12.60147
G1 X144.42 Y154.878 E13.73809
G1 X144.42 Y151.828 E13.88478
G1 X194.72 Y151.828 E16.30404
G1 X194.72 Y154.878 E16.45073
G1 X171.024 Y154.878 E17.59043
G1 X170.973 Y154.932 E17.594
G1 X171.023 Y155.329 F7800
G1 E15.594 F2400
G92 E0
G1 X145.48 Y153.817 F7800
G1 E2 F2400
;TYPE:Solid infill
G1 F1200
G1 X145.48 Y152.888 E2.04468
G1 X193.66 Y152.888 E4.36197
G1 X193.66 Y153.817 E4.40665
G1 X171.092 Y153.817 E5.49209
G1 X170.603 Y153.92 E5.51613
G1 X170.191 Y154.203 E5.54017
G1 X169.937 Y154.588 E5.56235
;WIDTH:0.491599
G1 X169.869 Y154.859 E5.57724
;WIDTH:0.533199
G1 X169.802 Y155.13 E5.59356
;WIDTH:0.543453
G1 X169.898 Y155.521 E5.61762
G1 X169.248 Y155.521 E5.65646
G1 X169.338 Y155.183 E5.67736
;WIDTH:0.530406
G1 X169.284 Y154.923 E5.6928
;WIDTH:0.490203
G1 X169.23 Y154.662 E5.70696
;WIDTH:0.45
G1 X168.978 Y154.228 E5.7311
G1 X168.54 Y153.923 E5.75677
G1 X168.041 Y153.817 E5.78131
G1 X145.673 Y153.817 E6.85713
G1 X145.945 Y153.353 E6.883
;WIDTH:0.607863
G1 X168.041 Y153.353 E8.3808
;WIDTH:0.623523
G1 X168.185 Y153.361 E8.39086
G1 X169.556 Y153.635 F7800
;WIDTH:0.509629
G1 F1200
G1 X169.516 Y153.675 E8.394
G1 X169.531 Y153.729 E8.39711
G1 X169.584 Y153.743 E8.40015
G1 X169.624 Y153.704 E8.40325
G1 X169.609 Y153.65 E8.40636
G1 X170.762 Y153.33 F7800
;WIDTH:0.548946
G1 F1200
G1 X170.627 Y153.302 E8.41469
;WIDTH:0.499473
G1 X170.491 Y153.274 E8.42223
;WIDTH:0.45
G1 X168.653 Y153.274 E8.51063
;WIDTH:0.49338
G1 X168.536 Y153.296 E8.517
;WIDTH:0.536761
G1 X168.419 Y153.317 E8.524
;WIDTH:0.580142
G1 X168.302 Y153.339 E8.53166
;WIDTH:0.623523
G1 X168.185 Y153.361 E8.53996
G1 X168.349 Y153.432 E8.55242
;WIDTH:0.580142
G1 X168.513 Y153.503 E8.56392
;WIDTH:0.536761
G1 X168.677 Y153.574 E8.57445
;WIDTH:0.49338
G1 X168.841 Y153.645 E8.58401
;WIDTH:0.45
G1 X169.263 Y153.969 E8.6096
G1 X169.531 Y154.386 E8.63344
G1 X169.57 Y154.492 E8.63887
G1 X169.813 Y154.055 E8.66292
G1 X169.963 Y153.892 E8.67357
G1 X170.302 Y153.642 E8.69383
;WIDTH:0.488951
G1 X170.465 Y153.574 E8.70318
;WIDTH:0.527903
G1 X170.627 Y153.506 E8.71334
;WIDTH:0.566855
G1 X170.789 Y153.437 E8.72438
;WIDTH:0.605807
G1 X170.951 Y153.369 E8.73624
;WIDTH:0.617825
G1 X171.092 Y153.353 E8.74604
;WIDTH:0.607859
G1 X193.195 Y153.353 E10.2443
;LAYER_CHANGE
;Z:13.25
;HEIGHT:0.3
G1 E8.2443 F2400
G92 E0
G1 Z13.25 F7800
;AFTER_LAYER_CHANGE
;13.25
G1 X170.264 Y154.602
G1 E2 F2400
;TYPE:Perimeter
;WIDTH:0.45
G1 F1500
G1 X170.188 Y154.725 E2.00695
G1 X170.128 Y155.155 E2.02783
G1 X170.261 Y155.567 E2.04865
G1 X170.435 Y155.857 E2.06492
G1 X168.705 Y155.857 E2.14813
G1 X168.879 Y155.567 E2.1644
G1 X169.006 Y155.207 E2.18276
G1 X168.952 Y154.725 E2.20609
G1 X168.765 Y154.421 E2.22326
G1 X168.458 Y154.196 E2.24157
G1 X168.052 Y154.107 E2.26156
G1 X145.191 Y154.107 E3.36109
G1 X145.191 Y152.599 E3.43362
G1 X193.949 Y152.599 E5.77871
G1 X193.949 Y154.107 E5.85124
G1 X171.088 Y154.107 E6.95077
G1 X170.682 Y154.196 E6.97076
G1 X170.375 Y154.421 E6.98907
G1 X170.295 Y154.551 E6.99641
G1 X170.594 Y154.789 F7800
G1 F1500
G1 X170.548 Y154.863 E7.0006
G1 X170.512 Y155.121 E7.01313
G1 X170.592 Y155.368 E7.02562
G1 X171.117 Y156.242 E7.07466
G1 X168.023 Y156.242 E7.22347
G1 X168.548 Y155.368 E7.27251
G1 X168.624 Y155.152 E7.28352
G1 X168.592 Y154.863 E7.2975
G1 X168.48 Y154.681 E7.30778
G1 X168.296 Y154.546 E7.31876
G1 X168.052 Y154.492 E7.33078
G1 X144.806 Y154.492 E8.44883
G1 X144.806 Y152.213 E8.55844
G1 X194.334 Y152.213 E10.94056
G1 X194.334 Y154.492 E11.05017
G1 X171.088 Y154.492 E12.16822
G1 X170.844 Y154.546 E12.18024
G1 X170.66 Y154.681 E12.19122
G1 X170.625 Y154.738 E12.19444
G1 X170.932 Y154.976 F7800
;TYPE:External perimeter
G1 F1500
G1 X170.908 Y155.001 E12.19611
G1 X170.923 Y155.17 E12.20427
G1 X171.798 Y156.628 E12.28605
G1 X167.342 Y156.628 E12.50037
G1 X168.249 Y155.117 E12.58513
G1 X168.194 Y154.941 E12.594
G1 X168.052 Y154.878 E12.60147
G1 X144.42 Y154.878 E13.73809
G1 X144.42 Y151.828 E13.88478
G1 X194.72 Y151.828 E16.30404
G1 X194.72 Y154.878 E16.45073
G1 X171.024 Y154.878 E17.59043
G1 X170.973 Y154.932 E17.594
G1 X171.023 Y155.329 F7800
G1 X171.092 Y153.817
;TYPE:Solid infill
G1 F1200
G1 X170.603 Y153.92 E17.61804
G1 X170.191 Y154.203 E17.64208
G1 X169.937 Y154.588 E17.66426
;WIDTH:0.491599
G1 X169.869 Y154.859 E17.67915
;WIDTH:0.533198
G1 X169.802 Y155.13 E17.69547
;WIDTH:0.543453
G1 X169.898 Y155.521 E17.71953
G1 X169.248 Y155.521 E17.75837
G1 X169.338 Y155.183 E17.77927
;WIDTH:0.530405
G1 X169.284 Y154.923 E17.79471
;WIDTH:0.490202
G1 X169.23 Y154.662 E17.80887
;WIDTH:0.45
G1 X168.978 Y154.228 E17.83301
G1 X168.54 Y153.923 E17.85868
G1 X168.041 Y153.817 E17.88322
G1 X145.48 Y153.817 E18.96833
G1 X145.48 Y152.888 E19.01301
G1 X193.66 Y152.888 E21.3303
G1 X193.66 Y153.817 E21.37498
G1 X171.285 Y153.817 E22.45114
G1 X169.624 Y153.675 F7800
;WIDTH:0.509627
G1 F1200
G1 X169.584 Y153.635 E22.45428
G1 X169.531 Y153.65 E22.45734
G1 X169.516 Y153.704 E22.46045
G1 X169.556 Y153.743 E22.46355
G1 X169.609 Y153.729 E22.46659
G1 X168.185 Y153.361 F7800
;WIDTH:0.623523
G1 F1200
G1 X168.041 Y153.353 E22.47665
;WIDTH:0.607859
G1 X145.945 Y153.353 E23.97444
G1 E21.97444 F2400
G92 E0
G1 X170.762 Y153.33 F7800
G1 E2 F2400
;WIDTH:0.548947
G1 F1200
G1 X170.627 Y153.302 E2.00833
;WIDTH:0.499473
G1 X170.491 Y153.274 E2.01587
;WIDTH:0.45
G1 X168.653 Y153.274 E2.10427
;WIDTH:0.49338
G1 X168.536 Y153.296 E2.11064
;WIDTH:0.536761
G1 X168.419 Y153.317 E2.11764
;WIDTH:0.580142
G1 X168.302 Y153.339 E2.1253
;WIDTH:0.623523
G1 X168.185 Y153.361 E2.1336
G1 X168.349 Y153.432 E2.14606
;WIDTH:0.580142
G1 X168.513 Y153.503 E2.15756
;WIDTH:0.536761
G1 X168.677 Y153.574 E2.16809
;WIDTH:0.49338
G1 X168.841 Y153.645 E2.17765
;WIDTH:0.45
G1 X169.263 Y153.969 E2.20324
G1 X169.531 Y154.386 E2.22708
G1 X169.57 Y154.492 E2.23251
G1 X169.813 Y154.055 E2.25656
G1 X169.963 Y153.892 E2.26721
G1 X170.302 Y153.642 E2.28747
;WIDTH:0.488951
G1 X170.465 Y153.574 E2.29682
;WIDTH:0.527903
G1 X170.627 Y153.506 E2.30698
;WIDTH:0.566854
G1 X170.789 Y153.437 E2.31802
;WIDTH:0.605806
G1 X170.951 Y153.369 E2.32988
;WIDTH:0.617823
G1 X171.092 Y153.353 E2.33968
;WIDTH:0.607859
G1 X193.195 Y153.353 E3.83794
;LAYER_CHANGE
;Z:13.55
;HEIGHT:0.3
G1 E1.83794 F2400
G92 E0
G1 Z13.55 F7800
;AFTER_LAYER_CHANGE
;13.55
G1 X170.264 Y154.602
G1 E2 F2400
;TYPE:Perimeter
;WIDTH:0.45
G1 F1500
G1 X170.188 Y154.725 E2.00695
G1 X170.128 Y155.155 E2.02783
G1 X170.261 Y155.567 E2.04865
G1 X170.435 Y155.857 E2.06492
G1 X168.705 Y155.857 E2.14813
G1 X168.879 Y155.567 E2.1644
G1 X169.006 Y155.207 E2.18276
G1 X168.952 Y154.725 E2.20609
G1 X168.765 Y154.421 E2.22326
G1 X168.458 Y154.196 E2.24157
G1 X168.052 Y154.107 E2.26156
G1 X145.191 Y154.107 E3.36109
G1 X145.191 Y152.599 E3.43362
G1 X193.949 Y152.599 E5.77871
G1 X193.949 Y154.107 E5.85124
G1 X171.088 Y154.107 E6.95077
G1 X170.682 Y154.196 E6.97076
G1 X170.375 Y154.421 E6.98907
G1 X170.295 Y154.551 E6.99641
G1 X170.594 Y154.789 F7800
G1 F1500
G1 X170.548 Y154.863 E7.0006
G1 X170.512 Y155.121 E7.01313
G1 X170.592 Y155.368 E7.02562
G1 X171.117 Y156.242 E7.07466
G1 X168.023 Y156.242 E7.22347
G1 X168.548 Y155.368 E7.27251
G1 X168.624 Y155.152 E7.28352
G1 X168.592 Y154.863 E7.2975
G1 X168.48 Y154.681 E7.30778
G1 X168.296 Y154.546 E7.31876
G1 X168.052 Y154.492 E7.33078
G1 X144.806 Y154.492 E8.44883
G1 X144.806 Y152.213 E8.55844
G1 X194.334 Y152.213 E10.94056
G1 X194.334 Y154.492 E11.05017
G1 X171.088 Y154.492 E12.16822
G1 X170.844 Y154.546 E12.18024
G1 X170.66 Y154.681 E12.19122
G1 X170.625 Y154.738 E12.19444
G1 X170.932 Y154.976 F7800
;TYPE:External perimeter
G1 F1500
G1 X170.908 Y155.001 E12.19611
G1 X170.923 Y155.17 E12.20427
G1 X171.798 Y156.628 E12.28605
G1 X167.342 Y156.628 E12.50037
G1 X168.249 Y155.117 E12.58513
G1 X168.194 Y154.941 E12.594
G1 X168.052 Y154.878 E12.60147
G1 X144.42 Y154.878 E13.73809
G1 X144.42 Y151.828 E13.88478
G1 X194.72 Y151.828 E16.30404
G1 X194.72 Y154.878 E16.45073
G1 X171.024 Y154.878 E17.59043
G1 X170.973 Y154.932 E17.594
G1 X171.023 Y155.329 F7800
G1 E15.594 F2400
G92 E0
G1 X145.48 Y153.817 F7800
G1 E2 F2400
;TYPE:Solid infill
G1 F1200
G1 X145.48 Y152.888 E2.04468
G1 X193.66 Y152.888 E4.36197
G1 X193.66 Y153.817 E4.40665
G1 X171.092 Y153.817 E5.49209
G1 X170.603 Y153.92 E5.51613
G1 X170.191 Y154.203 E5.54017
G1 X169.937 Y154.588 E5.56235
;WIDTH:0.491599
G1 X169.869 Y154.859 E5.57724
;WIDTH:0.533199
G1 X169.802 Y155.13 E5.59356
;WIDTH:0.543453
G1 X169.898 Y155.521 E5.61762
G1 X169.248 Y155.521 E5.65646
G1 X169.338 Y155.183 E5.67736
;WIDTH:0.530406
G1 X169.284 Y154.923 E5.6928
;WIDTH:0.490203
G1 X169.23 Y154.662 E5.70696
;WIDTH:0.45
G1 X168.978 Y154.228 E5.7311
G1 X168.54 Y153.923 E5.75677
G1 X168.041 Y153.817 E5.78131
G1 X145.673 Y153.817 E6.85713
G1 X145.945 Y153.353 E6.883
;WIDTH:0.607863
G1 X168.041 Y153.353 E8.3808
;WIDTH:0.623523
G1 X168.185 Y153.361 E8.39086
G1 X169.556 Y153.635 F7800
;WIDTH:0.509629
G1 F1200
G1 X169.516 Y153.675 E8.394
G1 X169.531 Y153.729 E8.39711
G1 X169.584 Y153.743 E8.40015
G1 X169.624 Y153.704 E8.40325
G1 X169.609 Y153.65 E8.40636
G1 X170.762 Y153.33 F7800
;WIDTH:0.548946
G1 F1200
G1 X170.627 Y153.302 E8.41469
;WIDTH:0.499473
G1 X170.491 Y153.274 E8.42223
;WIDTH:0.45
G1 X168.653 Y153.274 E8.51063
;WIDTH:0.49338
G1 X168.536 Y153.296 E8.517
;WIDTH:0.536761
G1 X168.419 Y153.317 E8.524
;WIDTH:0.580142
G1 X168.302 Y153.339 E8.53166
;WIDTH:0.623523
G1 X168.185 Y153.361 E8.53996
G1 X168.349 Y153.432 E8.55242
;WIDTH:0.580142
G1 X168.513 Y153.503 E8.56392
;WIDTH:0.536761
G1 X168.677 Y153.574 E8.57445
;WIDTH:0.49338
G1 X168.841 Y153.645 E8.58401
;WIDTH:0.45
G1 X169.263 Y153.969 E8.6096
G1 X169.531 Y154.386 E8.63344
G1 X169.57 Y154.492 E8.63887
G1 X169.813 Y154.055 E8.66292
G1 X169.963 Y153.892 E8.67357
G1 X170.302 Y153.642 E8.69383
;WIDTH:0.488951
G1 X170.465 Y153.574 E8.70318
;WIDTH:0.527903
G1 X170.627 Y153.506 E8.71334
;WIDTH:0.566855
G1 X170.789 Y153.437 E8.72438
;WIDTH:0.605807
G1 X170.951 Y153.369 E8.73624
;WIDTH:0.617825
G1 X171.092 Y153.353 E8.74604
;WIDTH:0.607859
G1 X193.195 Y153.353 E10.2443
;LAYER_CHANGE
;Z:13.85
;HEIGHT:0.3
G1 E8.2443 F2400
G92 E0
G1 Z13.85 F7800
;AFTER_LAYER_CHANGE
;13.85
G1 X170.264 Y154.602
G1 E2 F2400
;TYPE:Perimeter
;WIDTH:0.45
G1 F1500
G1 X170.188 Y154.725 E2.00695
G1 X170.128 Y155.155 E2.02783
G1 X170.261 Y155.567 E2.04865
G1 X170.435 Y155.857 E2.06492
G1 X168.705 Y155.857 E2.14813
G1 X168.879 Y155.567 E2.1644
G1 X169.006 Y155.207 E2.18276
G1 X168.952 Y154.725 E2.20609
G1 X168.765 Y154.421 E2.22326
G1 X168.458 Y154.196 E2.24157
G1 X168.052 Y154.107 E2.26156
G1 X145.191 Y154.107 E3.36109
G1 X145.191 Y152.599 E3.43362
G1 X193.949 Y152.599 E5.77871
G1 X193.949 Y154.107 E5.85124
G1 X171.088 Y154.107 E6.95077
G1 X170.682 Y154.196 E6.97076
G1 X170.375 Y154.421 E6.98907
G1 X170.295 Y154.551 E6.99641
G1 X170.594 Y154.789 F7800
G1 F1500
G1 X170.548 Y154.863 E7.0006
G1 X170.512 Y155.121 E7.01313
G1 X170.592 Y155.368 E7.02562
G1 X171.117 Y156.242 E7.07466
G1 X168.023 Y156.242 E7.22347
G1 X168.548 Y155.368 E7.27251
G1 X168.624 Y155.152 E7.28352
G1 X168.592 Y154.863 E7.2975
G1 X168.48 Y154.681 E7.30778
G1 X168.296 Y154.546 E7.31876
G1 X168.052 Y154.492 E7.33078
G1 X144.806 Y154.492 E8.44883
G1 X144.806 Y152.213 E8.55844
G1 X194.334 Y152.213 E10.94056
G1 X194.334 Y154.492 E11.05017
G1 X171.088 Y154.492 E12.16822
G1 X170.844 Y154.546 E12.18024
G1 X170.66 Y154.681 E12.19122
G1 X170.625 Y154.738 E12.19444
G1 X170.932 Y154.976 F7800
;TYPE:External perimeter
G1 F1500
G1 X170.908 Y155.001 E12.19611
G1 X170.923 Y155.17 E12.20427
G1 X171.798 Y156.628 E12.28605
G1 X167.342 Y156.628 E12.50037
G1 X168.249 Y155.117 E12.58513
G1 X168.194 Y154.941 E12.594
G1 X168.052 Y154.878 E12.60147
G1 X144.42 Y154.878 E13.73809
G1 X144.42 Y151.828 E13.88478
G1 X194.72 Y151.828 E16.30404
G1 X194.72 Y154.878 E16.45073
G1 X171.024 Y154.878 E17.59043
G1 X170.973 Y154.932 E17.594
G1 X171.023 Y155.329 F7800
G1 X171.092 Y153.817
;TYPE:Solid infill
G1 F1200
G1 X170.603 Y153.92 E17.61804
G1 X170.191 Y154.203 E17.64208
G1 X169.937 Y154.588 E17.66426
;WIDTH:0.491599
G1 X169.869 Y154.859 E17.67915
;WIDTH:0.533199
G1 X169.802 Y155.13 E17.69547
;WIDTH:0.543454
G1 X169.898 Y155.521 E17.71953
G1 X169.248 Y155.521 E17.75837
G1 X169.338 Y155.183 E17.77927
;WIDTH:0.530406
G1 X169.284 Y154.923 E17.79471
;WIDTH:0.490203
G1 X169.23 Y154.662 E17.80887
;WIDTH:0.45
G1 X168.978 Y154.228 E17.83301
G1 X168.54 Y153.923 E17.85868
G1 X168.041 Y153.817 E17.88322
G1 X145.48 Y153.817 E18.96833
G1 X145.48 Y152.888 E19.01301
G1 X193.66 Y152.888 E21.3303
G1 X193.66 Y153.817 E21.37498
G1 X171.285 Y153.817 E22.45114
G1 X169.624 Y153.675 F7800
;WIDTH:0.509629
G1 F1200
G1 X169.584 Y153.635 E22.45428
G1 X169.531 Y153.65 E22.45734
G1 X169.516 Y153.704 E22.46045
G1 X169.556 Y153.743 E22.46355
G1 X169.609 Y153.729 E22.46659
G1 X168.185 Y153.361 F7800
;WIDTH:0.623525
G1 F1200
G1 X168.041 Y153.353 E22.47665
;WIDTH:0.607861
G1 X145.945 Y153.353 E23.97445
G1 E21.97445 F2400
G92 E0
G1 X170.762 Y153.33 F7800
G1 E2 F2400
;WIDTH:0.548946
G1 F1200
G1 X170.627 Y153.302 E2.00833
;WIDTH:0.499473
G1 X170.491 Y153.274 E2.01587
;WIDTH:0.45
G1 X168.653 Y153.274 E2.10427
;WIDTH:0.493381
G1 X168.536 Y153.296 E2.11064
;WIDTH:0.536762
G1 X168.419 Y153.317 E2.11764
;WIDTH:0.580143
G1 X168.302 Y153.339 E2.1253
;WIDTH:0.623525
G1 X168.185 Y153.361 E2.1336
G1 X168.349 Y153.432 E2.14606
;WIDTH:0.580143
G1 X168.513 Y153.503 E2.15756
;WIDTH:0.536762
G1 X168.677 Y153.574 E2.16809
;WIDTH:0.493381
G1 X168.841 Y153.645 E2.17765
;WIDTH:0.45
G1 X169.263 Y153.969 E2.20324
G1 X169.531 Y154.386 E2.22708
G1 X169.57 Y154.492 E2.23251
G1 X169.813 Y154.055 E2.25656
G1 X169.963 Y153.892 E2.26721
G1 X170.302 Y153.642 E2.28747
;WIDTH:0.488951
G1 X170.465 Y153.574 E2.29682
;WIDTH:0.527903
G1 X170.627 Y153.506 E2.30698
;WIDTH:0.566855
G1 X170.789 Y153.437 E2.31802
;WIDTH:0.605807
G1 X170.951 Y153.369 E2.32988
;WIDTH:0.617825
G1 X171.092 Y153.353 E2.33968
;WIDTH:0.607859
G1 X193.195 Y153.353 E3.83794
;LAYER_CHANGE
;Z:14.15
;HEIGHT:0.299999
G1 E1.83794 F2400
G92 E0
G1 Z14.15 F7800
;AFTER_LAYER_CHANGE
;14.15
G1 X170.264 Y154.602
G1 E2 F2400
;TYPE:Perimeter
;WIDTH:0.45
G1 F1500
G1 X170.188 Y154.725 E2.00695
G1 X170.128 Y155.155 E2.02783
G1 X170.261 Y155.567 E2.04865
G1 X170.435 Y155.857 E2.06492
G1 X168.705 Y155.857 E2.14813
G1 X168.879 Y155.567 E2.1644
G1 X169.006 Y155.207 E2.18276
G1 X168.952 Y154.725 E2.20609
G1 X168.765 Y154.421 E2.22326
G1 X168.458 Y154.196 E2.24157
G1 X168.052 Y154.107 E2.26156
G1 X145.191 Y154.107 E3.36109
G1 X145.191 Y152.599 E3.43362
G1 X193.949 Y152.599 E5.77871
G1 X193.949 Y154.107 E5.85124
G1 X171.088 Y154.107 E6.95077
G1 X170.682 Y154.196 E6.97076
G1 X170.375 Y154.421 E6.98907
G1 X170.295 Y154.551 E6.99641
G1 X170.594 Y154.789 F7800
G1 F1500
G1 X170.548 Y154.863 E7.0006
G1 X170.512 Y155.121 E7.01313
G1 X170.592 Y155.368 E7.02562
G1 X171.117 Y156.242 E7.07466
G1 X168.023 Y156.242 E7.22347
G1 X168.548 Y155.368 E7.27251
G1 X168.624 Y155.152 E7.28352
G1 X168.592 Y154.863 E7.2975
G1 X168.48 Y154.681 E7.30778
G1 X168.296 Y154.546 E7.31876
G1 X168.052 Y154.492 E7.33078
G1 X144.806 Y154.492 E8.44883
G1 X144.806 Y152.213 E8.55844
G1 X194.334 Y152.213 E10.94056
G1 X194.334 Y154.492 E11.05017
G1 X171.088 Y154.492 E12.16822
G1 X170.844 Y154.546 E12.18024
G1 X170.66 Y154.681 E12.19122
G1 X170.625 Y154.738 E12.19444
G1 X170.932 Y154.976 F7800
;TYPE:External perimeter
G1 F1500
G1 X170.908 Y155.001 E12.19611
G1 X170.923 Y155.17 E12.20427
G1 X171.798 Y156.628 E12.28605
G1 X167.342 Y156.628 E12.50037
G1 X168.249 Y155.117 E12.58513
G1 X168.194 Y154.941 E12.594
G1 X168.052 Y154.878 E12.60147
G1 X144.42 Y154.878 E13.73809
G1 X144.42 Y151.828 E13.88478
G1 X194.72 Y151.828 E16.30404
G1 X194.72 Y154.878 E16.45073
G1 X171.024 Y154.878 E17.59043
G1 X170.973 Y154.932 E17.594
G1 X171.023 Y155.329 F7800
G1 E15.594 F2400
G92 E0
G1 X145.48 Y153.817 F7800
G1 E2 F2400
;TYPE:Solid infill
G1 F1200
G1 X145.48 Y152.888 E2.04468
G1 X193.66 Y152.888 E4.36197
G1 X193.66 Y153.817 E4.40665
G1 X171.092 Y153.817 E5.49209
G1 X170.603 Y153.92 E5.51613
G1 X170.191 Y154.203 E5.54017
G1 X169.937 Y154.588 E5.56235
;WIDTH:0.491598
G1 X169.869 Y154.859 E5.57724
;WIDTH:0.533197
G1 X169.802 Y155.13 E5.59356
;WIDTH:0.543452
G1 X169.898 Y155.521 E5.61762
G1 X169.248 Y155.521 E5.65646
G1 X169.338 Y155.183 E5.67736
;WIDTH:0.530405
G1 X169.284 Y154.923 E5.6928
;WIDTH:0.490202
G1 X169.23 Y154.662 E5.70696
;WIDTH:0.45
G1 X168.978 Y154.228 E5.7311
G1 X168.54 Y153.923 E5.75677
G1 X168.041 Y153.817 E5.78131
G1 X145.673 Y153.817 E6.85713
G1 X145.945 Y153.353 E6.883
;WIDTH:0.607863
G1 X168.041 Y153.353 E8.3808
;WIDTH:0.623523
G1 X168.185 Y153.361 E8.39086
G1 X169.556 Y153.635 F7800
;WIDTH:0.509629
G1 F1200
G1 X169.516 Y153.675 E8.394
G1 X169.531 Y153.729 E8.39711
G1 X169.584 Y153.743 E8.40015
G1 X169.624 Y153.704 E8.40325
G1 X169.609 Y153.65 E8.40636
G1 X170.762 Y153.33 F7800
;WIDTH:0.548946
G1 F1200
G1 X170.627 Y153.302 E8.41469
;WIDTH:0.499473
G1 X170.491 Y153.274 E8.42223
;WIDTH:0.45
G1 X168.653 Y153.274 E8.51063
;WIDTH:0.49338
G1 X168.536 Y153.296 E8.517
;WIDTH:0.536761
G1 X168.419 Y153.317 E8.524
;WIDTH:0.580142
G1 X168.302 Y153.339 E8.53166
;WIDTH:0.623523
G1 X168.185 Y153.361 E8.53996
G1 X168.349 Y153.432 E8.55242
;WIDTH:0.580142
G1 X168.513 Y153.503 E8.56392
;WIDTH:0.536761
G1 X168.677 Y153.574 E8.57445
;WIDTH:0.49338
G1 X168.841 Y153.645 E8.58401
;WIDTH:0.45
G1 X169.263 Y153.969 E8.6096
G1 X169.531 Y154.386 E8.63344
G1 X169.57 Y154.492 E8.63887
G1 X169.813 Y154.055 E8.66292
G1 X169.963 Y153.892 E8.67357
G1 X170.302 Y153.642 E8.69383
;WIDTH:0.488951
G1 X170.465 Y153.574 E8.70318
;WIDTH:0.527903
G1 X170.627 Y153.506 E8.71334
;WIDTH:0.566855
G1 X170.789 Y153.437 E8.72438
;WIDTH:0.605807
G1 X170.951 Y153.369 E8.73624
;WIDTH:0.617825
G1 X171.092 Y153.353 E8.74604
;WIDTH:0.607859
G1 X193.195 Y153.353 E10.2443
;LAYER_CHANGE
;Z:14.45
;HEIGHT:0.3
G1 E8.2443 F2400
G92 E0
G1 Z14.45 F7800
;AFTER_LAYER_CHANGE
;14.45
G1 X170.264 Y154.602
G1 E2 F2400
;TYPE:Perimeter
;WIDTH:0.45
G1 F1500
G1 X170.188 Y154.725 E2.00695
G1 X170.128 Y155.155 E2.02783
G1 X170.261 Y155.567 E2.04865
G1 X170.435 Y155.857 E2.06492
G1 X168.705 Y155.857 E2.14813
G1 X168.879 Y155.567 E2.1644
G1 X169.006 Y155.207 E2.18276
G1 X168.952 Y154.725 E2.20609
G1 X168.765 Y154.421 E2.22326
G1 X168.458 Y154.196 E2.24157
G1 X168.052 Y154.107 E2.26156
G1 X145.191 Y154.107 E3.36109
G1 X145.191 Y152.599 E3.43362
G1 X193.949 Y152.599 E5.77871
G1 X193.949 Y154.107 E5.85124
G1 X171.088 Y154.107 E6.95077
G1 X170.682 Y154.196 E6.97076
G1 X170.375 Y154.421 E6.98907
G1 X170.295 Y154.551 E6.99641
G1 X170.594 Y154.789 F7800
G1 F1500
G1 X170.548 Y154.863 E7.0006
G1 X170.512 Y155.121 E7.01313
G1 X170.592 Y155.368 E7.02562
G1 X171.117 Y156.242 E7.07466
G1 X168.023 Y156.242 E7.22347
G1 X168.548 Y155.368 E7.27251
G1 X168.624 Y155.152 E7.28352
G1 X168.592 Y154.863 E7.2975
G1 X168.48 Y154.681 E7.30778
G1 X168.296 Y154.546 E7.31876
G1 X168.052 Y154.492 E7.33078
G1 X144.806 Y154.492 E8.44883
G1 X144.806 Y152.213 E8.55844
G1 X194.334 Y152.213 E10.94056
G1 X194.334 Y154.492 E11.05017
G1 X171.088 Y154.492 E12.16822
G1 X170.844 Y154.546 E12.18024
G1 X170.66 Y154.681 E12.19122
G1 X170.625 Y154.738 E12.19444
G1 X170.932 Y154.976 F7800
;TYPE:External perimeter
G1 F1500
G1 X170.908 Y155.001 E12.19611
G1 X170.923 Y155.17 E12.20427
G1 X171.798 Y156.628 E12.28605
G1 X167.342 Y156.628 E12.50037
G1 X168.249 Y155.117 E12.58513
G1 X168.194 Y154.941 E12.594
G1 X168.052 Y154.878 E12.60147
G1 X144.42 Y154.878 E13.73809
G1 X144.42 Y151.828 E13.88478
G1 X194.72 Y151.828 E16.30404
G1 X194.72 Y154.878 E16.45073
G1 X171.024 Y154.878 E17.59043
G1 X170.973 Y154.932 E17.594
G1 X171.023 Y155.329 F7800
G1 X171.092 Y153.817
;TYPE:Solid infill
G1 F1200
G1 X170.603 Y153.92 E17.61804
G1 X170.191 Y154.203 E17.64208
G1 X169.937 Y154.588 E17.66426
;WIDTH:0.491599
G1 X169.869 Y154.859 E17.67915
;WIDTH:0.533199
G1 X169.802 Y155.13 E17.69547
;WIDTH:0.543454
G1 X169.898 Y155.521 E17.71953
G1 X169.248 Y155.521 E17.75837
G1 X169.338 Y155.183 E17.77927
;WIDTH:0.530406
G1 X169.284 Y154.923 E17.79471
;WIDTH:0.490203
G1 X169.23 Y154.662 E17.80887
;WIDTH:0.45
G1 X168.978 Y154.228 E17.83301
G1 X168.54 Y153.923 E17.85868
G1 X168.041 Y153.817 E17.88322
G1 X145.48 Y153.817 E18.96833
G1 X145.48 Y152.888 E19.01301
G1 X193.66 Y152.888 E21.3303
G1 X193.66 Y153.817 E21.37498
G1 X171.285 Y153.817 E22.45114
G1 X169.624 Y153.675 F7800
;WIDTH:0.509629
G1 F1200
G1 X169.584 Y153.635 E22.45428
G1 X169.531 Y153.65 E22.45734
G1 X169.516 Y153.704 E22.46045
G1 X169.556 Y153.743 E22.46355
G1 X169.609 Y153.729 E22.46659
G1 X168.185 Y153.361 F7800
;WIDTH:0.623525
G1 F1200
G1 X168.041 Y153.353 E22.47665
;WIDTH:0.607861
G1 X145.945 Y153.353 E23.97445
G1 E21.97445 F2400
G92 E0
G1 X170.762 Y153.33 F7800
G1 E2 F2400
;WIDTH:0.548946
G1 F1200
G1 X170.627 Y153.302 E2.00833
;WIDTH:0.499473
G1 X170.491 Y153.274 E2.01587
;WIDTH:0.45
G1 X168.653 Y153.274 E2.10427
;WIDTH:0.493381
G1 X168.536 Y153.296 E2.11064
;WIDTH:0.536762
G1 X168.419 Y153.317 E2.11764
;WIDTH:0.580143
G1 X168.302 Y153.339 E2.1253
;WIDTH:0.623525
G1 X168.185 Y153.361 E2.1336
G1 X168.349 Y153.432 E2.14606
;WIDTH:0.580143
G1 X168.513 Y153.503 E2.15756
;WIDTH:0.536762
G1 X168.677 Y153.574 E2.16809
;WIDTH:0.493381
G1 X168.841 Y153.645 E2.17765
;WIDTH:0.45
G1 X169.263 Y153.969 E2.20324
G1 X169.531 Y154.386 E2.22708
G1 X169.57 Y154.492 E2.23251
G1 X169.813 Y154.055 E2.25656
G1 X169.963 Y153.892 E2.26721
G1 X170.302 Y153.642 E2.28747
;WIDTH:0.488951
G1 X170.465 Y153.574 E2.29682
;WIDTH:0.527903
G1 X170.627 Y153.506 E2.30698
;WIDTH:0.566855
G1 X170.789 Y153.437 E2.31802
;WIDTH:0.605807
G1 X170.951 Y153.369 E2.32988
;WIDTH:0.617825
G1 X171.092 Y153.353 E2.33968
;WIDTH:0.607859
G1 X193.195 Y153.353 E3.83794
;LAYER_CHANGE
;Z:14.75
;HEIGHT:0.3
G1 E1.83794 F2400
G92 E0
G1 Z14.75 F7800
;AFTER_LAYER_CHANGE
;14.75
G1 X170.264 Y154.602
G1 E2 F2400
;TYPE:Perimeter
;WIDTH:0.45
G1 F1500
G1 X170.188 Y154.725 E2.00695
G1 X170.128 Y155.155 E2.02783
G1 X170.261 Y155.567 E2.04865
G1 X170.435 Y155.857 E2.06492
G1 X168.705 Y155.857 E2.14813
G1 X168.879 Y155.567 E2.1644
G1 X169.006 Y155.207 E2.18276
G1 X168.952 Y154.725 E2.20609
G1 X168.765 Y154.421 E2.22326
G1 X168.458 Y154.196 E2.24157
G1 X168.052 Y154.107 E2.26156
G1 X145.191 Y154.107 E3.36109
G1 X145.191 Y152.599 E3.43362
G1 X193.949 Y152.599 E5.77871
G1 X193.949 Y154.107 E5.85124
G1 X171.088 Y154.107 E6.95077
G1 X170.682 Y154.196 E6.97076
G1 X170.375 Y154.421 E6.98907
G1 X170.295 Y154.551 E6.99641
G1 X170.594 Y154.789 F7800
G1 F1500
G1 X170.548 Y154.863 E7.0006
G1 X170.512 Y155.121 E7.01313
G1 X170.592 Y155.368 E7.02562
G1 X171.117 Y156.242 E7.07466
G1 X168.023 Y156.242 E7.22347
G1 X168.548 Y155.368 E7.27251
G1 X168.624 Y155.152 E7.28352
G1 X168.592 Y154.863 E7.2975
G1 X168.48 Y154.681 E7.30778
G1 X168.296 Y154.546 E7.31876
G1 X168.052 Y154.492 E7.33078
G1 X144.806 Y154.492 E8.44883
G1 X144.806 Y152.213 E8.55844
G1 X194.334 Y152.213 E10.94056
G1 X194.334 Y154.492 E11.05017
G1 X171.088 Y154.492 E12.16822
G1 X170.844 Y154.546 E12.18024
G1 X170.66 Y154.681 E12.19122
G1 X170.625 Y154.738 E12.19444
G1 X170.932 Y154.976 F7800
;TYPE:External perimeter
G1 F1500
G1 X170.908 Y155.001 E12.19611
G1 X170.923 Y155.17 E12.20427
G1 X171.798 Y156.628 E12.28605
G1 X167.342 Y156.628 E12.50037
G1 X168.249 Y155.117 E12.58513
G1 X168.194 Y154.941 E12.594
G1 X168.052 Y154.878 E12.60147
G1 X144.42 Y154.878 E13.73809
G1 X144.42 Y151.828 E13.88478
G1 X194.72 Y151.828 E16.30404
G1 X194.72 Y154.878 E16.45073
G1 X171.024 Y154.878 E17.59043
G1 X170.973 Y154.932 E17.594
G1 X171.023 Y155.329 F7800
G1 E15.594 F2400
G92 E0
G1 X145.48 Y153.817 F7800
G1 E2 F2400
;TYPE:Solid infill
G1 F1200
G1 X145.48 Y152.888 E2.04468
G1 X193.66 Y152.888 E4.36197
G1 X193.66 Y153.817 E4.40665
G1 X171.092 Y153.817 E5.49209
G1 X170.603 Y153.92 E5.51613
G1 X170.191 Y154.203 E5.54017
G1 X169.937 Y154.588 E5.56235
;WIDTH:0.491599
G1 X169.869 Y154.859 E5.57724
;WIDTH:0.533199
G1 X169.802 Y155.13 E5.59356
;WIDTH:0.543453
G1 X169.898 Y155.521 E5.61762
G1 X169.248 Y155.521 E5.65646
G1 X169.338 Y155.183 E5.67736
;WIDTH:0.530406
G1 X169.284 Y154.923 E5.6928
;WIDTH:0.490203
G1 X169.23 Y154.662 E5.70696
;WIDTH:0.45
G1 X168.978 Y154.228 E5.7311
G1 X168.54 Y153.923 E5.75677
G1 X168.041 Y153.817 E5.78131
G1 X145.673 Y153.817 E6.85713
G1 X145.945 Y153.353 E6.883
;WIDTH:0.607863
G1 X168.041 Y153.353 E8.3808
;WIDTH:0.623523
G1 X168.185 Y153.361 E8.39086
G1 X169.556 Y153.635 F7800
;WIDTH:0.509629
G1 F1200
G1 X169.516 Y153.675 E8.394
G1 X169.531 Y153.729 E8.39711
G1 X169.584 Y153.743 E8.40015
G1 X169.624 Y153.704 E8.40325
G1 X169.609 Y153.65 E8.40636
G1 X170.762 Y153.33 F7800
;WIDTH:0.548946
G1 F1200
G1 X170.627 Y153.302 E8.41469
;WIDTH:0.499473
G1 X170.491 Y153.274 E8.42223
;WIDTH:0.45
G1 X168.653 Y153.274 E8.51063
;WIDTH:0.49338
G1 X168.536 Y153.296 E8.517
;WIDTH:0.536761
G1 X168.419 Y153.317 E8.524
;WIDTH:0.580142
G1 X168.302 Y153.339 E8.53166
;WIDTH:0.623523
G1 X168.185 Y153.361 E8.53996
G1 X168.349 Y153.432 E8.55242
;WIDTH:0.580142
G1 X168.513 Y153.503 E8.56392
;WIDTH:0.536761
G1 X168.677 Y153.574 E8.57445
;WIDTH:0.49338
G1 X168.841 Y153.645 E8.58401
;WIDTH:0.45
G1 X169.263 Y153.969 E8.6096
G1 X169.531 Y154.386 E8.63344
G1 X169.57 Y154.492 E8.63887
G1 X169.813 Y154.055 E8.66292
G1 X169.963 Y153.892 E8.67357
G1 X170.302 Y153.642 E8.69383
;WIDTH:0.488951
G1 X170.465 Y153.574 E8.70318
;WIDTH:0.527903
G1 X170.627 Y153.506 E8.71334
;WIDTH:0.566855
G1 X170.789 Y153.437 E8.72438
;WIDTH:0.605807
G1 X170.951 Y153.369 E8.73624
;WIDTH:0.617825
G1 X171.092 Y153.353 E8.74604
;WIDTH:0.607859
G1 X193.195 Y153.353 E10.2443
;LAYER_CHANGE
;Z:15.05
;HEIGHT:0.3
G1 E8.2443 F2400
G92 E0
G1 Z15.05 F7800
;AFTER_LAYER_CHANGE
;15.05
G1 X170.264 Y154.602
G1 E2 F2400
;TYPE:Perimeter
;WIDTH:0.45
G1 F1500
G1 X170.188 Y154.725 E2.00695
G1 X170.128 Y155.155 E2.02783
G1 X170.261 Y155.567 E2.04865
G1 X170.435 Y155.857 E2.06492
G1 X168.705 Y155.857 E2.14813
G1 X168.879 Y155.567 E2.1644
G1 X169.006 Y155.207 E2.18276
G1 X168.952 Y154.725 E2.20609
G1 X168.765 Y154.421 E2.22326
G1 X168.458 Y154.196 E2.24157
G1 X168.052 Y154.107 E2.26156
G1 X145.191 Y154.107 E3.36109
G1 X145.191 Y152.599 E3.43362
G1 X193.949 Y152.599 E5.77871
G1 X193.949 Y154.107 E5.85124
G1 X171.088 Y154.107 E6.95077
G1 X170.682 Y154.196 E6.97076
G1 X170.375 Y154.421 E6.98907
G1 X170.295 Y154.551 E6.99641
G1 X170.594 Y154.789 F7800
G1 F1500
G1 X170.548 Y154.863 E7.0006
G1 X170.512 Y155.121 E7.01313
G1 X170.592 Y155.368 E7.02562
G1 X171.117 Y156.242 E7.07466
G1 X168.023 Y156.242 E7.22347
G1 X168.548 Y155.368 E7.27251
G1 X168.624 Y155.152 E7.28352
G1 X168.592 Y154.863 E7.2975
G1 X168.48 Y154.681 E7.30778
G1 X168.296 Y154.546 E7.31876
G1 X168.052 Y154.492 E7.33078
G1 X144.806 Y154.492 E8.44883
G1 X144.806 Y152.213 E8.55844
G1 X194.334 Y152.213 E10.94056
G1 X194.334 Y154.492 E11.05017
G1 X171.088 Y154.492 E12.16822
G1 X170.844 Y154.546 E12.18024
G1 X170.66 Y154.681 E12.19122
G1 X170.625 Y154.738 E12.19444
G1 X170.932 Y154.976 F7800
;TYPE:External perimeter
G1 F1500
G1 X170.908 Y155.001 E12.19611
G1 X170.923 Y155.17 E12.20427
G1 X171.798 Y156.628 E12.28605
G1 X167.342 Y156.628 E12.50037
G1 X168.249 Y155.117 E12.58513
G1 X168.194 Y154.941 E12.594
G1 X168.052 Y154.878 E12.60147
G1 X144.42 Y154.878 E13.73809
G1 X144.42 Y151.828 E13.88478
G1 X194.72 Y151.828 E16.30404
G1 X194.72 Y154.878 E16.45073
G1 X171.024 Y154.878 E17.59043
G1 X170.973 Y154.932 E17.594
G1 X171.023 Y155.329 F7800
G1 X171.092 Y153.817
;TYPE:Solid infill
G1 F1200
G1 X170.603 Y153.92 E17.61804
G1 X170.191 Y154.203 E17.64208
G1 X169.937 Y154.588 E17.66426
;WIDTH:0.491599
G1 X169.869 Y154.859 E17.67915
;WIDTH:0.533199
G1 X169.802 Y155.13 E17.69547
;WIDTH:0.543453
G1 X169.898 Y155.521 E17.71953
G1 X169.241 Y155.521 E17.75879
G1 X169.338 Y155.183 E17.7798
;WIDTH:0.530406
G1 X169.284 Y154.923 E17.79524
;WIDTH:0.490203
G1 X169.23 Y154.662 E17.8094
;WIDTH:0.45
G1 X168.978 Y154.228 E17.83354
G1 X168.54 Y153.923 E17.85921
G1 X168.041 Y153.817 E17.88375
G1 X145.48 Y153.817 E18.96886
G1 X145.48 Y152.888 E19.01354
G1 X193.66 Y152.888 E21.33083
G1 X193.66 Y153.817 E21.37551
G1 X171.285 Y153.817 E22.45167
G1 X169.624 Y153.675 F7800
;WIDTH:0.509629
G1 F1200
G1 X169.584 Y153.635 E22.45481
G1 X169.531 Y153.65 E22.45787
G1 X169.516 Y153.704 E22.46098
G1 X169.556 Y153.743 E22.46408
G1 X169.609 Y153.729 E22.46712
G1 X168.185 Y153.361 F7800
;WIDTH:0.623525
G1 F1200
G1 X168.041 Y153.353 E22.47718
;WIDTH:0.607861
G1 X145.945 Y153.353 E23.97498
G1 E21.97498 F2400
G92 E0
G1 X170.762 Y153.33 F7800
G1 E2 F2400
;WIDTH:0.548946
G1 F1200
G1 X170.627 Y153.302 E2.00833
;WIDTH:0.499473
G1 X170.491 Y153.274 E2.01587
;WIDTH:0.45
G1 X168.653 Y153.274 E2.10427
;WIDTH:0.493381
G1 X168.536 Y153.296 E2.11064
;WIDTH:0.536762
G1 X168.419 Y153.317 E2.11764
;WIDTH:0.580143
G1 X168.302 Y153.339 E2.1253
;WIDTH:0.623525
G1 X168.185 Y153.361 E2.1336
G1 X168.349 Y153.432 E2.14606
;WIDTH:0.580143
G1 X168.513 Y153.503 E2.15756
;WIDTH:0.536762
G1 X168.677 Y153.574 E2.16809
;WIDTH:0.493381
G1 X168.841 Y153.645 E2.17765
;WIDTH:0.45
G1 X169.263 Y153.969 E2.20324
G1 X169.531 Y154.386 E2.22708
G1 X169.57 Y154.492 E2.23251
G1 X169.813 Y154.055 E2.25656
G1 X169.963 Y153.892 E2.26721
G1 X170.302 Y153.642 E2.28747
;WIDTH:0.488951
G1 X170.465 Y153.574 E2.29682
;WIDTH:0.527903
G1 X170.627 Y153.506 E2.30698
;WIDTH:0.566855
G1 X170.789 Y153.437 E2.31802
;WIDTH:0.605807
G1 X170.951 Y153.369 E2.32988
;WIDTH:0.617825
G1 X171.092 Y153.353 E2.33968
;WIDTH:0.607859
G1 X193.195 Y153.353 E3.83794
;LAYER_CHANGE
;Z:15.35
;HEIGHT:0.3
G1 E1.83794 F2400
G92 E0
G1 Z15.35 F7800
;AFTER_LAYER_CHANGE
;15.35
G1 X170.264 Y154.602
G1 E2 F2400
;TYPE:Perimeter
;WIDTH:0.45
G1 F1500
G1 X170.188 Y154.725 E2.00695
G1 X170.128 Y155.155 E2.02783
G1 X170.261 Y155.567 E2.04865
G1 X170.435 Y155.857 E2.06492
G1 X168.705 Y155.857 E2.14813
G1 X168.879 Y155.567 E2.1644
G1 X169.006 Y155.207 E2.18276
G1 X168.952 Y154.725 E2.20609
G1 X168.765 Y154.421 E2.22326
G1 X168.458 Y154.196 E2.24157
G1 X168.052 Y154.107 E2.26156
G1 X145.191 Y154.107 E3.36109
G1 X145.191 Y152.599 E3.43362
G1 X193.949 Y152.599 E5.77871
G1 X193.949 Y154.107 E5.85124
G1 X171.088 Y154.107 E6.95077
G1 X170.682 Y154.196 E6.97076
G1 X170.375 Y154.421 E6.98907
G1 X170.295 Y154.551 E6.99641
G1 X170.594 Y154.789 F7800
G1 F1500
G1 X170.548 Y154.863 E7.0006
G1 X170.512 Y155.121 E7.01313
G1 X170.592 Y155.368 E7.02562
G1 X171.117 Y156.242 E7.07466
G1 X168.023 Y156.242 E7.22347
G1 X168.548 Y155.368 E7.27251
G1 X168.624 Y155.152 E7.28352
G1 X168.592 Y154.863 E7.2975
G1 X168.48 Y154.681 E7.30778
G1 X168.296 Y154.546 E7.31876
G1 X168.052 Y154.492 E7.33078
G1 X144.806 Y154.492 E8.44883
G1 X144.806 Y152.213 E8.55844
G1 X194.334 Y152.213 E10.94056
G1 X194.334 Y154.492 E11.05017
G1 X171.088 Y154.492 E12.16822
G1 X170.844 Y154.546 E12.18024
G1 X170.66 Y154.681 E12.19122
G1 X170.625 Y154.738 E12.19444
G1 X170.932 Y154.976 F7800
;TYPE:External perimeter
G1 F1500
G1 X170.908 Y155.001 E12.19611
G1 X170.923 Y155.17 E12.20427
G1 X171.798 Y156.628 E12.28605
G1 X167.342 Y156.628 E12.50037
G1 X168.249 Y155.117 E12.58513
G1 X168.194 Y154.941 E12.594
G1 X168.052 Y154.878 E12.60147
G1 X144.42 Y154.878 E13.73809
G1 X144.42 Y151.828 E13.88478
G1 X194.72 Y151.828 E16.30404
G1 X194.72 Y154.878 E16.45073
G1 X171.024 Y154.878 E17.59043
G1 X170.973 Y154.932 E17.594
G1 X171.023 Y155.329 F7800
G1 E15.594 F2400
G92 E0
G1 X145.48 Y153.817 F7800
G1 E2 F2400
;TYPE:Solid infill
G1 F1200
G1 X145.48 Y152.888 E2.04468
G1 X193.66 Y152.888 E4.36197
G1 X193.66 Y153.817 E4.40665
G1 X171.092 Y153.817 E5.49209
G1 X170.603 Y153.92 E5.51613
G1 X170.191 Y154.203 E5.54017
G1 X169.937 Y154.588 E5.56235
;WIDTH:0.491599
G1 X169.869 Y154.859 E5.57724
;WIDTH:0.533199
G1 X169.802 Y155.13 E5.59356
;WIDTH:0.543453
G1 X169.898 Y155.521 E5.61762
G1 X169.248 Y155.521 E5.65646
G1 X169.338 Y155.183 E5.67736
;WIDTH:0.530406
G1 X169.284 Y154.923 E5.6928
;WIDTH:0.490203
G1 X169.23 Y154.662 E5.70696
;WIDTH:0.45
G1 X168.978 Y154.228 E5.7311
G1 X168.54 Y153.923 E5.75677
G1 X168.041 Y153.817 E5.78131
G1 X145.673 Y153.817 E6.85713
G1 X145.945 Y153.353 E6.883
;WIDTH:0.607863
G1 X168.041 Y153.353 E8.3808
;WIDTH:0.623523
G1 X168.185 Y153.361 E8.39086
G1 X169.556 Y153.635 F7800
;WIDTH:0.509629
G1 F1200
G1 X169.516 Y153.675 E8.394
G1 X169.531 Y153.729 E8.39711
G1 X169.584 Y153.743 E8.40015
G1 X169.624 Y153.704 E8.40325
G1 X169.609 Y153.65 E8.40636
G1 X170.762 Y153.33 F7800
;WIDTH:0.548946
G1 F1200
G1 X170.627 Y153.302 E8.41469
;WIDTH:0.499473
G1 X170.491 Y153.274 E8.42223
;WIDTH:0.45
G1 X168.653 Y153.274 E8.51063
;WIDTH:0.49338
G1 X168.536 Y153.296 E8.517
;WIDTH:0.536761
G1 X168.419 Y153.317 E8.524
;WIDTH:0.580142
G1 X168.302 Y153.339 E8.53166
;WIDTH:0.623523
G1 X168.185 Y153.361 E8.53996
G1 X168.349 Y153.432 E8.55242
;WIDTH:0.580142
G1 X168.513 Y153.503 E8.56392
;WIDTH:0.536761
G1 X168.677 Y153.574 E8.57445
;WIDTH:0.49338
G1 X168.841 Y153.645 E8.58401
;WIDTH:0.45
G1 X169.263 Y153.969 E8.6096
G1 X169.531 Y154.386 E8.63344
G1 X169.57 Y154.492 E8.63887
G1 X169.813 Y154.055 E8.66292
G1 X169.963 Y153.892 E8.67357
G1 X170.302 Y153.642 E8.69383
;WIDTH:0.488951
G1 X170.465 Y153.574 E8.70318
;WIDTH:0.527903
G1 X170.627 Y153.506 E8.71334
;WIDTH:0.566855
G1 X170.789 Y153.437 E8.72438
;WIDTH:0.605807
G1 X170.951 Y153.369 E8.73624
;WIDTH:0.617825
G1 X171.092 Y153.353 E8.74604
;WIDTH:0.607859
G1 X193.195 Y153.353 E10.2443
;LAYER_CHANGE
;Z:15.65
;HEIGHT:0.299999
G1 E8.2443 F2400
G92 E0
G1 Z15.65 F7800
;AFTER_LAYER_CHANGE
;15.65
G1 X170.264 Y154.602
G1 E2 F2400
;TYPE:Perimeter
;WIDTH:0.45
G1 F1500
G1 X170.188 Y154.725 E2.00695
G1 X170.128 Y155.155 E2.02783
G1 X170.261 Y155.567 E2.04865
G1 X170.435 Y155.857 E2.06492
G1 X168.705 Y155.857 E2.14813
G1 X168.879 Y155.567 E2.1644
G1 X169.006 Y155.207 E2.18276
G1 X168.952 Y154.725 E2.20609
G1 X168.765 Y154.421 E2.22326
G1 X168.458 Y154.196 E2.24157
G1 X168.052 Y154.107 E2.26156
G1 X145.191 Y154.107 E3.36109
G1 X145.191 Y152.599 E3.43362
G1 X193.949 Y152.599 E5.77871
G1 X193.949 Y154.107 E5.85124
G1 X171.088 Y154.107 E6.95077
G1 X170.682 Y154.196 E6.97076
G1 X170.375 Y154.421 E6.98907
G1 X170.295 Y154.551 E6.99641
G1 X170.594 Y154.789 F7800
G1 F1500
G1 X170.548 Y154.863 E7.0006
G1 X170.512 Y155.121 E7.01313
G1 X170.592 Y155.368 E7.02562
G1 X171.117 Y156.242 E7.07466
G1 X168.023 Y156.242 E7.22347
G1 X168.548 Y155.368 E7.27251
G1 X168.624 Y155.152 E7.28352
G1 X168.592 Y154.863 E7.2975
G1 X168.48 Y154.681 E7.30778
G1 X168.296 Y154.546 E7.31876
G1 X168.052 Y154.492 E7.33078
G1 X144.806 Y154.492 E8.44883
G1 X144.806 Y152.213 E8.55844
G1 X194.334 Y152.213 E10.94056
G1 X194.334 Y154.492 E11.05017
G1 X171.088 Y154.492 E12.16822
G1 X170.844 Y154.546 E12.18024
G1 X170.66 Y154.681 E12.19122
G1 X170.625 Y154.738 E12.19444
G1 X170.932 Y154.976 F7800
;TYPE:External perimeter
G1 F1500
G1 X170.908 Y155.001 E12.19611
G1 X170.923 Y155.17 E12.20427
G1 X171.798 Y156.628 E12.28605
G1 X167.342 Y156.628 E12.50037
G1 X168.249 Y155.117 E12.58513
G1 X168.194 Y154.941 E12.594
G1 X168.052 Y154.878 E12.60147
G1 X144.42 Y154.878 E13.73809
G1 X144.42 Y151.828 E13.88478
G1 X194.72 Y151.828 E16.30404
G1 X194.72 Y154.878 E16.45073
G1 X171.024 Y154.878 E17.59043
G1 X170.973 Y154.932 E17.594
G1 X171.023 Y155.329 F7800
G1 X171.092 Y153.817
;TYPE:Solid infill
G1 F1200
G1 X170.603 Y153.92 E17.61804
G1 X170.191 Y154.203 E17.64208
G1 X169.937 Y154.588 E17.66426
;WIDTH:0.491599
G1 X169.869 Y154.859 E17.67915
;WIDTH:0.533199
G1 X169.802 Y155.13 E17.69547
;WIDTH:0.543453
G1 X169.898 Y155.521 E17.71953
G1 X169.248 Y155.521 E17.75837
G1 X169.338 Y155.183 E17.77927
;WIDTH:0.530406
G1 X169.284 Y154.923 E17.79471
;WIDTH:0.490203
G1 X169.23 Y154.662 E17.80887
;WIDTH:0.45
G1 X168.978 Y154.228 E17.83301
G1 X168.54 Y153.923 E17.85868
G1 X168.041 Y153.817 E17.88322
G1 X145.48 Y153.817 E18.96833
G1 X145.48 Y152.888 E19.01301
G1 X193.66 Y152.888 E21.3303
G1 X193.66 Y153.817 E21.37498
G1 X171.285 Y153.817 E22.45114
G1 X169.624 Y153.675 F7800
;WIDTH:0.509629
G1 F1200
G1 X169.584 Y153.635 E22.45428
G1 X169.531 Y153.65 E22.45734
G1 X169.516 Y153.704 E22.46045
G1 X169.556 Y153.743 E22.46355
G1 X169.609 Y153.729 E22.46659
G1 X168.185 Y153.361 F7800
;WIDTH:0.623525
G1 F1200
G1 X168.041 Y153.353 E22.47665
;WIDTH:0.607861
G1 X145.945 Y153.353 E23.97445
G1 E21.97445 F2400
G92 E0
G1 X170.762 Y153.33 F7800
G1 E2 F2400
;WIDTH:0.548946
G1 F1200
G1 X170.627 Y153.302 E2.00833
;WIDTH:0.499473
G1 X170.491 Y153.274 E2.01587
;WIDTH:0.45
G1 X168.653 Y153.274 E2.10427
;WIDTH:0.493381
G1 X168.536 Y153.296 E2.11064
;WIDTH:0.536762
G1 X168.419 Y153.317 E2.11764
;WIDTH:0.580143
G1 X168.302 Y153.339 E2.1253
;WIDTH:0.623525
G1 X168.185 Y153.361 E2.1336
G1 X168.349 Y153.432 E2.14606
;WIDTH:0.580143
G1 X168.513 Y153.503 E2.15756
;WIDTH:0.536762
G1 X168.677 Y153.574 E2.16809
;WIDTH:0.493381
G1 X168.841 Y153.645 E2.17765
;WIDTH:0.45
G1 X169.263 Y153.969 E2.20324
G1 X169.531 Y154.386 E2.22708
G1 X169.57 Y154.492 E2.23251
G1 X169.813 Y154.055 E2.25656
G1 X169.963 Y153.892 E2.26721
G1 X170.302 Y153.642 E2.28747
;WIDTH:0.488951
G1 X170.465 Y153.574 E2.29682
;WIDTH:0.527903
G1 X170.627 Y153.506 E2.30698
;WIDTH:0.566855
G1 X170.789 Y153.437 E2.31802
;WIDTH:0.605807
G1 X170.951 Y153.369 E2.32988
;WIDTH:0.617825
G1 X171.092 Y153.353 E2.33968
;WIDTH:0.607859
G1 X193.195 Y153.353 E3.83794
;LAYER_CHANGE
;Z:15.95
;HEIGHT:0.3
G1 E1.83794 F2400
G92 E0
G1 Z15.95 F7800
;AFTER_LAYER_CHANGE
;15.95
G1 X170.264 Y154.602
G1 E2 F2400
;TYPE:Perimeter
;WIDTH:0.45
G1 F1500
G1 X170.188 Y154.725 E2.00695
G1 X170.128 Y155.155 E2.02783
G1 X170.261 Y155.567 E2.04865
G1 X170.435 Y155.857 E2.06492
G1 X168.705 Y155.857 E2.14813
G1 X168.879 Y155.567 E2.1644
G1 X169.006 Y155.207 E2.18276
G1 X168.952 Y154.725 E2.20609
G1 X168.765 Y154.421 E2.22326
G1 X168.458 Y154.196 E2.24157
G1 X168.052 Y154.107 E2.26156
G1 X145.191 Y154.107 E3.36109
G1 X145.191 Y152.599 E3.43362
G1 X193.949 Y152.599 E5.77871
G1 X193.949 Y154.107 E5.85124
G1 X171.088 Y154.107 E6.95077
G1 X170.682 Y154.196 E6.97076
G1 X170.375 Y154.421 E6.98907
G1 X170.295 Y154.551 E6.99641
G1 X170.594 Y154.789 F7800
G1 F1500
G1 X170.548 Y154.863 E7.0006
G1 X170.512 Y155.121 E7.01313
G1 X170.592 Y155.368 E7.02562
G1 X171.117 Y156.242 E7.07466
G1 X168.023 Y156.242 E7.22347
G1 X168.548 Y155.368 E7.27251
G1 X168.624 Y155.152 E7.28352
G1 X168.592 Y154.863 E7.2975
G1 X168.48 Y154.681 E7.30778
G1 X168.296 Y154.546 E7.31876
G1 X168.052 Y154.492 E7.33078
G1 X144.806 Y154.492 E8.44883
G1 X144.806 Y152.213 E8.55844
G1 X194.334 Y152.213 E10.94056
G1 X194.334 Y154.492 E11.05017
G1 X171.088 Y154.492 E12.16822
G1 X170.844 Y154.546 E12.18024
G1 X170.66 Y154.681 E12.19122
G1 X170.625 Y154.738 E12.19444
G1 X170.932 Y154.976 F7800
;TYPE:External perimeter
G1 F1500
G1 X170.908 Y155.001 E12.19611
G1 X170.923 Y155.17 E12.20427
G1 X171.798 Y156.628 E12.28605
G1 X167.342 Y156.628 E12.50037
G1 X168.249 Y155.117 E12.58513
G1 X168.194 Y154.941 E12.594
G1 X168.052 Y154.878 E12.60147
G1 X144.42 Y154.878 E13.73809
G1 X144.42 Y151.828 E13.88478
G1 X194.72 Y151.828 E16.30404
G1 X194.72 Y154.878 E16.45073
G1 X171.024 Y154.878 E17.59043
G1 X170.973 Y154.932 E17.594
G1 X171.023 Y155.329 F7800
G1 E15.594 F2400
G92 E0
G1 X145.48 Y153.817 F7800
G1 E2 F2400
;TYPE:Solid infill
G1 F1200
G1 X145.48 Y152.888 E2.04468
G1 X193.66 Y152.888 E4.36197
G1 X193.66 Y153.817 E4.40665
G1 X171.092 Y153.817 E5.49209
G1 X170.603 Y153.92 E5.51613
G1 X170.191 Y154.203 E5.54017
G1 X169.937 Y154.588 E5.56235
;WIDTH:0.491599
G1 X169.869 Y154.859 E5.57724
;WIDTH:0.533199
G1 X169.802 Y155.13 E5.59356
;WIDTH:0.543454
G1 X169.898 Y155.521 E5.61762
G1 X169.248 Y155.521 E5.65646
G1 X169.338 Y155.183 E5.67736
;WIDTH:0.530406
G1 X169.284 Y154.923 E5.6928
;WIDTH:0.490203
G1 X169.23 Y154.662 E5.70696
;WIDTH:0.45
G1 X168.978 Y154.228 E5.7311
G1 X168.54 Y153.923 E5.75677
G1 X168.041 Y153.817 E5.78131
G1 X145.673 Y153.817 E6.85713
G1 X145.945 Y153.353 E6.883
;WIDTH:0.607863
G1 X168.041 Y153.353 E8.3808
;WIDTH:0.623523
G1 X168.185 Y153.361 E8.39086
G1 X169.556 Y153.635 F7800
;WIDTH:0.509629
G1 F1200
G1 X169.516 Y153.675 E8.394
G1 X169.531 Y153.729 E8.39711
G1 X169.584 Y153.743 E8.40015
G1 X169.624 Y153.704 E8.40325
G1 X169.609 Y153.65 E8.40636
G1 X170.762 Y153.33 F7800
;WIDTH:0.548946
G1 F1200
G1 X170.627 Y153.302 E8.41469
;WIDTH:0.499473
G1 X170.491 Y153.274 E8.42223
;WIDTH:0.45
G1 X168.653 Y153.274 E8.51063
;WIDTH:0.49338
G1 X168.536 Y153.296 E8.517
;WIDTH:0.536761
G1 X168.419 Y153.317 E8.524
;WIDTH:0.580142
G1 X168.302 Y153.339 E8.53166
;WIDTH:0.623523
G1 X168.185 Y153.361 E8.53996
G1 X168.349 Y153.432 E8.55242
;WIDTH:0.580142
G1 X168.513 Y153.503 E8.56392
;WIDTH:0.536761
G1 X168.677 Y153.574 E8.57445
;WIDTH:0.49338
G1 X168.841 Y153.645 E8.58401
;WIDTH:0.45
G1 X169.263 Y153.969 E8.6096
G1 X169.531 Y154.386 E8.63344
G1 X169.57 Y154.492 E8.63887
G1 X169.813 Y154.055 E8.66292
G1 X169.963 Y153.892 E8.67357
G1 X170.302 Y153.642 E8.69383
;WIDTH:0.488951
G1 X170.465 Y153.574 E8.70318
;WIDTH:0.527903
G1 X170.627 Y153.506 E8.71334
;WIDTH:0.566855
G1 X170.789 Y153.437 E8.72438
;WIDTH:0.605807
G1 X170.951 Y153.369 E8.73624
;WIDTH:0.617825
G1 X171.092 Y153.353 E8.74604
;WIDTH:0.607859
G1 X193.195 Y153.353 E10.2443
M106 S188.7
;LAYER_CHANGE
;Z:16.25
;HEIGHT:0.3
G1 E8.2443 F2400
G92 E0
G1 Z16.25 F7800
;AFTER_LAYER_CHANGE
;16.25
G1 X170.264 Y154.602
G1 E2 F2400
;TYPE:Perimeter
;WIDTH:0.45
G1 F1500
G1 X170.188 Y154.725 E2.00695
G1 X170.128 Y155.155 E2.02783
G1 X170.261 Y155.567 E2.04865
G1 X170.435 Y155.857 E2.06492
G1 X168.705 Y155.857 E2.14813
G1 X168.879 Y155.567 E2.1644
G1 X169.006 Y155.207 E2.18276
G1 X168.952 Y154.725 E2.20609
G1 X168.765 Y154.421 E2.22326
G1 X168.458 Y154.196 E2.24157
G1 X168.052 Y154.107 E2.26156
G1 X145.191 Y154.107 E3.36109
G1 X145.191 Y152.599 E3.43362
G1 X193.949 Y152.599 E5.77871
G1 X193.949 Y154.107 E5.85124
G1 X171.088 Y154.107 E6.95077
G1 X170.682 Y154.196 E6.97076
G1 X170.375 Y154.421 E6.98907
G1 X170.295 Y154.551 E6.99641
G1 X170.594 Y154.789 F7800
G1 F1500
G1 X170.548 Y154.863 E7.0006
G1 X170.512 Y155.121 E7.01313
G1 X170.592 Y155.368 E7.02562
G1 X171.117 Y156.242 E7.07466
G1 X168.023 Y156.242 E7.22347
G1 X168.548 Y155.368 E7.27251
G1 X168.624 Y155.152 E7.28352
G1 X168.592 Y154.863 E7.2975
G1 X168.48 Y154.681 E7.30778
G1 X168.296 Y154.546 E7.31876
G1 X168.052 Y154.492 E7.33078
G1 X144.806 Y154.492 E8.44883
G1 X144.806 Y152.213 E8.55844
G1 X194.334 Y152.213 E10.94056
G1 X194.334 Y154.492 E11.05017
G1 X171.088 Y154.492 E12.16822
G1 X170.844 Y154.546 E12.18024
G1 X170.66 Y154.681 E12.19122
G1 X170.625 Y154.738 E12.19444
G1 X170.932 Y154.976 F7800
;TYPE:External perimeter
G1 F1500
G1 X170.908 Y155.001 E12.19611
G1 X170.923 Y155.17 E12.20427
G1 X171.798 Y156.628 E12.28605
G1 X167.342 Y156.628 E12.50037
G1 X168.249 Y155.117 E12.58513
G1 X168.194 Y154.941 E12.594
G1 X168.052 Y154.878 E12.60147
G1 X144.42 Y154.878 E13.73809
G1 X144.42 Y151.828 E13.88478
G1 X194.72 Y151.828 E16.30404
G1 X194.72 Y154.878 E16.45073
G1 X171.024 Y154.878 E17.59043
G1 X170.973 Y154.932 E17.594
G1 X171.023 Y155.329 F7800
G1 E15.594 F2400
G92 E0
G1 X193.836 Y153.314 F7800
G1 E2 F2400
;TYPE:Top solid infill
;WIDTH:0.400286
G1 F900
G1 X193.308 Y153.842 E2.03128
G1 X192.832 Y153.842 E2.05122
G1 X193.685 Y152.99 E2.10173
G1 X193.685 Y152.863 E2.10705
G1 X193.337 Y152.863 E2.12163
G1 X192.357 Y153.842 E2.17967
G1 X191.882 Y153.842 E2.19957
G1 X192.862 Y152.863 E2.25761
G1 X192.386 Y152.863 E2.27755
G1 X191.407 Y153.842 E2.33556
G1 X190.932 Y153.842 E2.35546
G1 X191.911 Y152.863 E2.41347
G1 X191.436 Y152.863 E2.43337
G1 X190.457 Y153.842 E2.49138
G1 X189.982 Y153.842 E2.51128
G1 X190.961 Y152.863 E2.56929
G1 X190.486 Y152.863 E2.58919
G1 X189.507 Y153.842 E2.6472
G1 X189.032 Y153.842 E2.6671
G1 X190.011 Y152.863 E2.72511
G1 X189.536 Y152.863 E2.74501
G1 X188.557 Y153.842 E2.80302
G1 X188.082 Y153.842 E2.82292
G1 X189.061 Y152.863 E2.88093
G1 X188.586 Y152.863 E2.90083
G1 X187.607 Y153.842 E2.95884
G1 X187.132 Y153.842 E2.97874
G1 X188.111 Y152.863 E3.03675
G1 X187.636 Y152.863 E3.05665
G1 X186.657 Y153.842 E3.11466
G1 X186.182 Y153.842 E3.13456
G1 X187.161 Y152.863 E3.19257
G1 X186.686 Y152.863 E3.21247
G1 X185.707 Y153.842 E3.27048
G1 X185.232 Y153.842 E3.29038
G1 X186.211 Y152.863 E3.34839
G1 X185.736 Y152.863 E3.36829
G1 X184.757 Y153.842 E3.4263
G1 X184.282 Y153.842 E3.4462
G1 X185.261 Y152.863 E3.50421
G1 X184.786 Y152.863 E3.52411
G1 X183.807 Y153.842 E3.58212
G1 X183.332 Y153.842 E3.60202
G1 X184.311 Y152.863 E3.66003
G1 X183.836 Y152.863 E3.67993
G1 X182.857 Y153.842 E3.73794
G1 X182.382 Y153.842 E3.75784
G1 X183.361 Y152.863 E3.81585
G1 X182.886 Y152.863 E3.83575
G1 X181.907 Y153.842 E3.89376
G1 X181.431 Y153.842 E3.9137
G1 X182.411 Y152.863 E3.97174
G1 X181.936 Y152.863 E3.99164
G1 X180.956 Y153.842 E4.04968
G1 X180.481 Y153.842 E4.06958
G1 X181.461 Y152.863 E4.12762
G1 X180.985 Y152.863 E4.14756
G1 X180.006 Y153.842 E4.20557
G1 X179.531 Y153.842 E4.22547
G1 X180.51 Y152.863 E4.28348
G1 X180.035 Y152.863 E4.30338
G1 X179.056 Y153.842 E4.36139
G1 X178.581 Y153.842 E4.38129
G1 X179.56 Y152.863 E4.4393
G1 X179.085 Y152.863 E4.4592
G1 X178.106 Y153.842 E4.51721
G1 X177.631 Y153.842 E4.53711
G1 X178.61 Y152.863 E4.59512
G1 X178.135 Y152.863 E4.61502
G1 X177.156 Y153.842 E4.67303
G1 X176.681 Y153.842 E4.69293
G1 X177.66 Y152.863 E4.75094
G1 X177.185 Y152.863 E4.77084
G1 X176.206 Y153.842 E4.82885
G1 X175.731 Y153.842 E4.84875
G1 X176.71 Y152.863 E4.90676
G1 X176.235 Y152.863 E4.92666
G1 X175.256 Y153.842 E4.98467
G1 X174.781 Y153.842 E5.00457
G1 X175.76 Y152.863 E5.06258
G1 X175.285 Y152.863 E5.08248
G1 X174.306 Y153.842 E5.14049
G1 X173.831 Y153.842 E5.16039
G1 X174.81 Y152.863 E5.2184
G1 X174.335 Y152.863 E5.2383
G1 X173.356 Y153.842 E5.29631
G1 X172.881 Y153.842 E5.31621
G1 X173.86 Y152.863 E5.37422
G1 X173.385 Y152.863 E5.39412
G1 X172.406 Y153.842 E5.45213
G1 X171.931 Y153.842 E5.47203
G1 X172.91 Y152.863 E5.53004
G1 X172.435 Y152.863 E5.54994
G1 X171.305 Y153.993 E5.61689
G1 X170.046 Y155.252 F7800
G1 F900
G1 X169.706 Y155.592 E5.63703
G1 X169.231 Y155.592 E5.65693
G1 X169.898 Y154.925 E5.69645
G1 X169.94 Y154.631 E5.70889
G1 X170.179 Y154.242 E5.72802
G1 X170.568 Y153.957 E5.74822
G1 X170.874 Y153.861 E5.76166
G1 X170.971 Y153.852 E5.76574
G1 X171.96 Y152.863 E5.82434
G1 X171.485 Y152.863 E5.84424
G1 X169.264 Y155.084 E5.97583
G1 X169.206 Y154.667 E5.99347
G1 X171.01 Y152.863 E6.10036
G1 X170.535 Y152.863 E6.12026
G1 X169.035 Y154.363 E6.20913
G1 X168.961 Y154.242 E6.21507
G1 X168.799 Y154.124 E6.22347
G1 X170.06 Y152.863 E6.29818
G1 X169.584 Y152.863 E6.31812
G1 X168.507 Y153.941 E6.38196
G1 X168.118 Y153.855 E6.39865
G1 X169.109 Y152.863 E6.4574
G1 X168.634 Y152.863 E6.4773
G1 X167.655 Y153.842 E6.53531
G1 X167.18 Y153.842 E6.55521
G1 X168.159 Y152.863 E6.61322
G1 X167.684 Y152.863 E6.63312
G1 X166.705 Y153.842 E6.69113
G1 X166.23 Y153.842 E6.71103
G1 X167.209 Y152.863 E6.76904
G1 X166.734 Y152.863 E6.78894
G1 X165.755 Y153.842 E6.84695
G1 X165.28 Y153.842 E6.86685
G1 X166.259 Y152.863 E6.92486
G1 X165.784 Y152.863 E6.94476
G1 X164.805 Y153.842 E7.00277
G1 X164.33 Y153.842 E7.02267
G1 X165.309 Y152.863 E7.08068
G1 X164.834 Y152.863 E7.10058
G1 X163.855 Y153.842 E7.15859
G1 X163.38 Y153.842 E7.17849
G1 X164.359 Y152.863 E7.2365
G1 X163.884 Y152.863 E7.2564
G1 X162.905 Y153.842 E7.31441
G1 X162.43 Y153.842 E7.33431
G1 X163.409 Y152.863 E7.39232
G1 X162.934 Y152.863 E7.41222
G1 X161.955 Y153.842 E7.47023
G1 X161.48 Y153.842 E7.49013
G1 X162.459 Y152.863 E7.54814
G1 X161.984 Y152.863 E7.56804
G1 X161.005 Y153.842 E7.62605
G1 X160.53 Y153.842 E7.64595
G1 X161.509 Y152.863 E7.70396
G1 X161.034 Y152.863 E7.72386
G1 X160.055 Y153.842 E7.78187
G1 X159.58 Y153.842 E7.80177
G1 X160.559 Y152.863 E7.85978
G1 X160.084 Y152.863 E7.87968
G1 X159.105 Y153.842 E7.93769
G1 X158.63 Y153.842 E7.95759
G1 X159.609 Y152.863 E8.0156
G1 X159.134 Y152.863 E8.0355
G1 X158.154 Y153.842 E8.09354
G1 X157.679 Y153.842 E8.11344
G1 X158.659 Y152.863 E8.17148
G1 X158.183 Y152.863 E8.19142
G1 X157.204 Y153.842 E8.24943
G1 X156.729 Y153.842 E8.26933
G1 X157.708 Y152.863 E8.32734
G1 X157.233 Y152.863 E8.34724
G1 X156.254 Y153.842 E8.40525
G1 X155.779 Y153.842 E8.42515
G1 X156.758 Y152.863 E8.48316
G1 X156.283 Y152.863 E8.50306
G1 X155.304 Y153.842 E8.56107
G1 X154.829 Y153.842 E8.58097
G1 X155.808 Y152.863 E8.63898
G1 X155.333 Y152.863 E8.65888
G1 X154.354 Y153.842 E8.71689
G1 X153.879 Y153.842 E8.73679
G1 X154.858 Y152.863 E8.7948
G1 X154.383 Y152.863 E8.8147
G1 X153.404 Y153.842 E8.87271
G1 X152.929 Y153.842 E8.89261
G1 X153.908 Y152.863 E8.95062
G1 X153.433 Y152.863 E8.97052
G1 X152.454 Y153.842 E9.02853
G1 X151.979 Y153.842 E9.04843
G1 X152.958 Y152.863 E9.10644
G1 X152.483 Y152.863 E9.12634
G1 X151.504 Y153.842 E9.18435
G1 X151.029 Y153.842 E9.20425
G1 X152.008 Y152.863 E9.26226
G1 X151.533 Y152.863 E9.28216
G1 X150.554 Y153.842 E9.34017
G1 X150.079 Y153.842 E9.36007
G1 X151.058 Y152.863 E9.41808
G1 X150.583 Y152.863 E9.43798
G1 X149.604 Y153.842 E9.49599
G1 X149.129 Y153.842 E9.51589
G1 X150.108 Y152.863 E9.5739
G1 X149.633 Y152.863 E9.5938
G1 X148.654 Y153.842 E9.65181
G1 X148.179 Y153.842 E9.67171
G1 X149.158 Y152.863 E9.72972
G1 X148.683 Y152.863 E9.74962
G1 X147.704 Y153.842 E9.80763
G1 X147.229 Y153.842 E9.82753
G1 X148.208 Y152.863 E9.88554
G1 X147.733 Y152.863 E9.90544
G1 X146.753 Y153.842 E9.96348
G1 X146.278 Y153.842 E9.98338
G1 X147.258 Y152.863 E10.04142
G1 X146.782 Y152.863 E10.06136
G1 X145.803 Y153.842 E10.11937
G1 X145.455 Y153.842 E10.13395
G1 X145.455 Y153.715 E10.13927
G1 X146.307 Y152.863 E10.18975
G1 X145.832 Y152.863 E10.20965
G1 X145.304 Y153.391 E10.24093
G1 E8.24093 F2400
G92 E0
M107
;TYPE:Custom
; Filament-specific end gcode 
;END gcode for filament
G1 Z17.25 F720 ; Move print head up
G1 X0 Y200 F3600 ; park
G1 Z65.25 F720 ; Move print head further up
G4 ; wait
M104 S0 ; turn off temperature
M140 S0 ; turn off heatbed
M107 ; turn off fan
M900 K0 ; reset LA
M84 ; disable motors
; objects_info = {"objects":[]}
; filament used [mm] = 11671.48
; filament used [cm3] = 28.07
; total filament used [g] = 0.00
; total filament cost = 0.00
; total filament used for wipe tower [g] = 0.00
; estimated printing time (normal mode) = 3h 7m 59s
; estimated first layer printing time (normal mode) = 9m 0s

; prusaslicer_config = begin
; arc_fitting = disabled
; autoemit_temperature_commands = 1
; automatic_extrusion_widths = 0
; automatic_infill_combination = 0
; automatic_infill_combination_max_layer_height = 100%
; avoid_crossing_curled_overhangs = 0
; avoid_crossing_perimeters = 0
; avoid_crossing_perimeters_max_detour = 0
; bed_shape = 0x0,250x0,250x210,0x210
; bed_temperature = 55
; bed_temperature_extruder = 0
; before_layer_gcode = 
; between_objects_gcode = 
; binary_gcode = 0
; bottom_fill_pattern = monotonic
; bottom_solid_layers = 3
; bottom_solid_min_thickness = 0
; bridge_acceleration = 0
; bridge_angle = 0
; bridge_fan_speed = 100
; bridge_flow_ratio = 1
; bridge_speed = 25
; brim_separation = 0
; brim_type = no_brim
; brim_width = 0
; chamber_minimal_temperature = 0
; chamber_temperature = 0
; color_change_gcode = M600
; colorprint_heights = 
; complete_objects = 0
; cooling = 1
; cooling_perimeter_transition_distance = 0
; cooling_slowdown_logic = uniform_cooling
; cooling_tube_length = 5
; cooling_tube_retraction = 91.5
; custom_parameters_filament = ""
; custom_parameters_print = 
; custom_parameters_printer = 
; default_acceleration = 0
; deretract_speed = 0
; disable_fan_first_layers = 3
; dont_support_bridges = 1
; draft_shield = disabled
; duplicate_distance = 6
; elefant_foot_compensation = 0
; enable_dynamic_fan_speeds = 0
; enable_dynamic_overhang_speeds = 0
; end_filament_gcode = "; Filament-specific end gcode \n;END gcode for filament\n"
; end_gcode = {if layer_z < max_print_height}G1 Z{z_offset+min(max_layer_z+1, max_print_height)} F720 ; Move print head up{endif}\nG1 X0 Y200 F3600 ; park\n{if layer_z < max_print_height}G1 Z{z_offset+min(max_layer_z+49, max_print_height)} F720 ; Move print head further up{endif}\nG4 ; wait\nM104 S0 ; turn off temperature\nM140 S0 ; turn off heatbed\nM107 ; turn off fan\nM900 K0 ; reset LA\nM84 ; disable motors
; ensure_vertical_shell_thickness = enabled
; external_perimeter_acceleration = 0
; external_perimeter_extrusion_width = 0
; external_perimeter_speed = 25
; external_perimeters_first = 0
; extra_loading_move = -2
; extra_perimeters = 1
; extra_perimeters_on_overhangs = 0
; extruder_clearance_height = 20
; extruder_clearance_radius = 20
; extruder_colour = ""
; extruder_offset = 0x0
; extrusion_axis = E
; extrusion_multiplier = 1
; extrusion_width = 0
; fan_always_on = 0
; fan_below_layer_time = 60
; filament_abrasive = 0
; filament_colour = #29B2B2
; filament_cooling_final_speed = 3.4
; filament_cooling_initial_speed = 2.2
; filament_cooling_moves = 4
; filament_cost = 0
; filament_density = 0
; filament_diameter = 1.75
; filament_infill_max_crossing_speed = 0
; filament_infill_max_speed = 0
; filament_load_time = 0
; filament_loading_speed = 28
; filament_loading_speed_start = 3
; filament_max_volumetric_speed = 0
; filament_minimal_purge_on_wipe_tower = 15
; filament_multitool_ramming = 0
; filament_multitool_ramming_flow = 10
; filament_multitool_ramming_volume = 10
; filament_notes = ""
; filament_purge_multiplier = 100%
; filament_ramming_parameters = "120 100 6.6 6.8 7.2 7.6 7.9 8.2 8.7 9.4 9.9 10.0| 0.05 6.6 0.45 6.8 0.95 7.8 1.45 8.3 1.95 9.7 2.45 10 2.95 7.6 3.45 7.6 3.95 7.6 4.45 7.6 4.95 7.6"
; filament_seam_gap_distance = 15%
; filament_settings_id = ""
; filament_shrinkage_compensation_xy = 0%
; filament_shrinkage_compensation_z = 0%
; filament_soluble = 0
; filament_spool_weight = 0
; filament_stamping_distance = 0
; filament_stamping_loading_speed = 20
; filament_toolchange_delay = 0
; filament_type = PLA
; filament_unload_time = 0
; filament_unloading_speed = 90
; filament_unloading_speed_start = 100
; fill_angle = 45
; fill_density = 15%
; fill_pattern = stars
; first_layer_acceleration = 0
; first_layer_acceleration_over_raft = 0
; first_layer_bed_temperature = 55
; first_layer_extrusion_width = 200%
; first_layer_height = 0.35
; first_layer_infill_speed = 0
; first_layer_speed = 30
; first_layer_speed_over_raft = 30
; first_layer_temperature = 215
; full_fan_speed_layer = 0
; fuzzy_skin = none
; fuzzy_skin_point_dist = 0.8
; fuzzy_skin_thickness = 0.3
; gap_fill_enabled = 1
; gap_fill_speed = 20
; gcode_comments = 0
; gcode_flavor = reprap
; gcode_label_objects = disabled
; gcode_resolution = 0.0125
; gcode_substitutions = 
; high_current_on_filament_swap = 0
; idle_temperature = nil
; infill_acceleration = 0
; infill_anchor = 600%
; infill_anchor_max = 50
; infill_every_layers = 1
; infill_extruder = 1
; infill_extrusion_width = 0
; infill_first = 0
; infill_overlap = 25%
; infill_speed = 20
; interface_shells = 0
; interlocking_beam = 0
; interlocking_beam_layer_count = 2
; interlocking_beam_width = 0.8
; interlocking_boundary_avoidance = 2
; interlocking_depth = 2
; interlocking_orientation = 22.5
; ironing = 0
; ironing_flowrate = 15%
; ironing_spacing = 0.1
; ironing_speed = 15
; ironing_type = top
; layer_gcode = ;AFTER_LAYER_CHANGE\n;[layer_z]
; layer_height = 0.3
; machine_limits_usage = time_estimate_only
; machine_max_acceleration_e = 10000
; machine_max_acceleration_extruding = 2000
; machine_max_acceleration_retracting = 1500
; machine_max_acceleration_travel = 1500,1250
; machine_max_acceleration_x = 9000
; machine_max_acceleration_y = 9000
; machine_max_acceleration_z = 500
; machine_max_feedrate_e = 120
; machine_max_feedrate_x = 500
; machine_max_feedrate_y = 500
; machine_max_feedrate_z = 12
; machine_max_jerk_e = 2.5
; machine_max_jerk_x = 10
; machine_max_jerk_y = 10
; machine_max_jerk_z = 0.2
; machine_max_junction_deviation = 0,0
; machine_min_extruding_rate = 0
; machine_min_travel_rate = 0
; max_fan_speed = 100
; max_layer_height = 0
; max_print_height = 200
; max_print_speed = 80
; max_volumetric_extrusion_rate_slope_negative = 0
; max_volumetric_extrusion_rate_slope_positive = 0
; max_volumetric_speed = 0
; min_bead_width = 85%
; min_fan_speed = 35
; min_feature_size = 25%
; min_layer_height = 0.07
; min_print_speed = 10
; min_skirt_length = 0
; mmu_segmented_region_interlocking_depth = 0
; mmu_segmented_region_max_width = 0
; multimaterial_purging = 140
; notes = 
; nozzle_diameter = 0.4
; nozzle_high_flow = 0
; only_one_perimeter_first_layer = 0
; only_retract_when_crossing_perimeters = 0
; ooze_prevention = 0
; output_filename_format = [input_filename_base].gcode
; over_bridge_speed = 0
; overhang_fan_speed_0 = 0
; overhang_fan_speed_1 = 0
; overhang_fan_speed_2 = 0
; overhang_fan_speed_3 = 0
; overhang_speed_0 = 15
; overhang_speed_1 = 15
; overhang_speed_2 = 20
; overhang_speed_3 = 25
; overhangs = 1
; parking_pos_retraction = 92
; pause_print_gcode = M601
; perimeter_acceleration = 0
; perimeter_extruder = 1
; perimeter_extrusion_width = 0
; perimeter_generator = arachne
; perimeter_speed = 25
; perimeters = 3
; physical_printer_settings_id = 
; post_process = 
; prefer_clockwise_movements = 0
; print_settings_id = 
; printer_model = MK2S
; printer_notes = 
; printer_settings_id = 
; printer_technology = FFF
; printer_variant = 0.4
; raft_contact_distance = 0.1
; raft_expansion = 1.5
; raft_first_layer_density = 90%
; raft_first_layer_expansion = 3
; raft_layers = 0
; remaining_times = 0
; resolution = 0
; retract_before_travel = 2
; retract_before_wipe = 0%
; retract_layer_change = 0
; retract_length = 2
; retract_length_toolchange = 10
; retract_lift = 0
; retract_lift_above = 0
; retract_lift_below = 0
; retract_restart_extra = 0
; retract_restart_extra_toolchange = 0
; retract_speed = 40
; scarf_seam_entire_loop = 0
; scarf_seam_length = 20
; scarf_seam_max_segment_length = 1
; scarf_seam_on_inner_perimeters = 0
; scarf_seam_only_on_smooth = 1
; scarf_seam_placement = nowhere
; scarf_seam_start_height = 0%
; seam_gap_distance = 15%
; seam_position = aligned
; silent_mode = 1
; single_extruder_multi_material = 0
; single_extruder_multi_material_priming = 1
; skirt_distance = 6
; skirt_height = 1
; skirts = 0
; slice_closing_radius = 0.049
; slicing_mode = regular
; slowdown_below_layer_time = 5
; small_perimeter_speed = 20
; solid_infill_acceleration = 0
; solid_infill_below_area = 70
; solid_infill_every_layers = 0
; solid_infill_extruder = 1
; solid_infill_extrusion_width = 0
; solid_infill_speed = 20
; spiral_vase = 0
; staggered_inner_seams = 0
; standby_temperature_delta = -5
; start_filament_gcode = "; Filament gcode\n"
; start_gcode = M862.3 P "[printer_model]" ; printer model check\nM862.1 P[nozzle_diameter] ; nozzle diameter check\nM115 U3.2.3 ; tell printer latest fw version\nG90 ; use absolute coordinates\nM83 ; extruder relative mode\nM204 S[machine_max_acceleration_extruding] T[machine_max_acceleration_retracting] ; MK2 firmware only supports the old M204 format\nM104 S[first_layer_temperature] ; set extruder temp\nM140 S[first_layer_bed_temperature] ; set bed temp\nM190 S[first_layer_bed_temperature] ; wait for bed temp\nM109 S[first_layer_temperature] ; wait for extruder temp\nG28 W ; home all without mesh bed level\nG80 ; mesh bed leveling\nG1 Z0.2 F720\nG1 Y-2 F1000 ; go outside print area\nG92 E0\nG1 X60 E9 F1000 ; intro line\nG1 X100 E12.5 F1000 ; intro line\nG92 E0
; support_material = 0
; support_material_angle = 0
; support_material_auto = 1
; support_material_bottom_contact_distance = 0
; support_material_bottom_interface_layers = -1
; support_material_buildplate_only = 0
; support_material_closing_radius = 2
; support_material_contact_distance = 0.2
; support_material_enforce_layers = 0
; support_material_extruder = 1
; support_material_extrusion_width = 0
; support_material_interface_contact_loops = 0
; support_material_interface_extruder = 1
; support_material_interface_layers = 3
; support_material_interface_pattern = rectilinear
; support_material_interface_spacing = 0
; support_material_interface_speed = 100%
; support_material_pattern = rectilinear
; support_material_spacing = 2.5
; support_material_speed = 60
; support_material_style = grid
; support_material_synchronize_layers = 0
; support_material_threshold = 0
; support_material_with_sheath = 1
; support_material_xy_spacing = 50%
; support_tree_angle = 40
; support_tree_angle_slow = 25
; support_tree_branch_diameter = 2
; support_tree_branch_diameter_angle = 5
; support_tree_branch_diameter_double_wall = 3
; support_tree_branch_distance = 1
; support_tree_tip_diameter = 0.8
; support_tree_top_rate = 15%
; temperature = 215
; template_custom_gcode = 
; thick_bridges = 1
; thin_walls = 1
; thumbnails = 
; thumbnails_format = PNG
; toolchange_gcode = 
; top_fill_pattern = monotonic
; top_infill_extrusion_width = 0
; top_one_perimeter_type = none
; top_solid_infill_acceleration = 0
; top_solid_infill_speed = 15
; top_solid_layers = 3
; top_solid_min_thickness = 0
; travel_acceleration = 0
; travel_lift_before_obstacle = 0
; travel_max_lift = 0
; travel_ramping_lift = 0
; travel_short_distance_acceleration = 0
; travel_slope = 0
; travel_speed = 130
; travel_speed_z = 0
; use_firmware_retraction = 0
; use_relative_e_distances = 0
; use_volumetric_e = 0
; variable_layer_height = 1
; wall_distribution_count = 1
; wall_transition_angle = 10
; wall_transition_filter_deviation = 25%
; wall_transition_length = 100%
; wipe = 0
; wipe_into_infill = 0
; wipe_into_objects = 0
; wipe_tower = 0
; wipe_tower_acceleration = 0
; wipe_tower_bridging = 10
; wipe_tower_brim_width = 2
; wipe_tower_cone_angle = 0
; wipe_tower_extra_flow = 100%
; wipe_tower_extra_spacing = 100%
; wipe_tower_extruder = 0
; wipe_tower_no_sparse_layers = 0
; wipe_tower_width = 60
; wiping_volumes_matrix = 0,140,140,140,140,140,0,140,140,140,140,140,0,140,140,140,140,140,0,140,140,140,140,140,0
; wiping_volumes_use_custom_matrix = 0
; xy_size_compensation = 0
; z_offset = 0
; prusaslicer_config = end
M84 ; disable motors
